live_id,species,content,label,background
56697889278,生活日杂,防晒喷雾上点，防晒喷雾上点，防晒喷雾上点,1,该用户迫切希望主播尽快上架或补货防晒喷雾产品。
56697889278,生活日杂,家电什么时候返场？,1,该用户是在询问之前出现过的家电产品何时会再次开售。
56697889278,生活日杂,男士用的保温杯有没有,1,该用户是在询问直播间是否有适合男性使用的保温杯产品。
56697889278,生活日杂,送蘸料吗？,1,该用户是在询问商品是否附带赠品调料包。
56697889278,生活日杂,点赞点赞点赞,0,该用户可能是在积极参与直播互动，希望通过刷屏点赞的方式引起主播注意或催促加快节奏。
56697889278,生活日杂,玫瑰纯露,1,该用户可能是在询问或暗示主播介绍或上架玫瑰纯露产品。
56697889278,生活日杂,玉灵膏什么时候上啊,1,该用户急切询问玉灵膏产品的上架时间，表现出明确的购买意向和期待。
56697889278,生活日杂,安吉白茶什么时候有,1,该用户是在询问安吉白茶这款产品的具体上架时间，表现出明确的购买意向。
56697889278,生活日杂,锅什么时候有,1,该用户是在询问直播中提到的锅具产品何时会再次上架或开售。
56697889278,生活日杂,什么时候还有铁锅,1,该用户想询问铁锅产品的下一次补货或上架时间，表现出明确的购买意向。
56697889278,生活日杂,风干牛肉干,1,该用户可能在询问直播间是否会售卖或介绍风干牛肉干这款产品。
56697889278,生活日杂,白白吉馍在几号链接,1,该用户是在询问商品“白白吉馍”对应的购买链接位置。
56697889278,生活日杂,鲜花饼还有么,1,该用户想询问直播间是否还有鲜花饼库存可供购买。
56697889278,生活日杂,有人参果吗,1,该用户是在询问直播间是否售卖人参果这一商品。
56697889278,生活日杂,婴儿能吃吗请问请问小婴儿能吃吗？,1,该用户是在询问该产品是否适合婴幼儿食用，表现出对产品安全性和适用年龄的关切。
56697889278,生活日杂,百合有吗,1,该用户想询问直播间是否有售卖百合相关的产品。
56697889278,生活日杂,教一下用券,0,该用户想表达的含义是：希望主播讲解如何使用优惠券来购买商品。
56697889278,生活日杂,辅食机,1,该用户可能是在询问直播间是否有辅食机产品或相关介绍。
56697889278,生活日杂,铁锅什么时候有,1,该用户是在询问直播中之前提到过的铁锅商品何时会再次上架或补货。
56697889278,生活日杂,想要擀面皮,1,该用户想表达的含义是：询问直播间是否有售卖擀面皮这款商品。
56697889278,生活日杂,要陕西的擀面皮,1,该用户明确表达了想要购买陕西擀面皮的意向。
56697889278,生活日杂,再加中段,1,该用户想表达的含义是：要求主播在现有商品基础上增加中段部位的选项或库存。
56697889278,生活日杂,家电什么时候返厂,1,该用户是在询问之前出现过的某款家电产品何时会再次上架销售。
56697889278,生活日杂,传熙越来越棒了！,0,该用户是在对主播或品牌方的表现给予积极评价，表达对其进步或表现的认可和鼓励。
56697889278,生活日杂,有带蘸料吗？,1,该用户是在询问直播所售商品是否包含配套的蘸料。
56697889278,生活日杂,感觉好好吃,1,该用户被直播中的食品展示所吸引，产生了品尝欲望和潜在的购买意向。
56697889278,生活日杂,家电什么时候返场,1,该用户是在询问之前出现过的家电产品何时会再次开售或参与促销活动。
56697889278,生活日杂,下一站去哪？,0,该用户可能在询问接下来将要推荐或展示的商品是什么。
56697889278,生活日杂,防晒喷雾上点，防晒喷雾上点，防晒喷雾上点,1,该用户急切希望主播尽快上架防晒喷雾产品。
56697889278,生活日杂,大气,0,该用户可能在夸赞主播或商品的风格高端、有档次。
56697889278,生活日杂,没货了,1,该用户想表达的含义是：询问或抱怨直播间所售商品已经售罄无法购买。
56697889278,生活日杂,生吃吗,1,该用户可能是询问直播中展示的产品是否可以不经烹饪直接食用。
56697889278,生活日杂,上架点大海参，一斤10来根的太小了,1,该用户希望主播上架个头更大、单斤数量更少的高品质海参。
56697889278,生活日杂,过瘾,0,该用户想表达的含义是：观看直播时感到非常满足或享受。
56697889278,生活日杂,鸡翅 生鸡翅,1,该用户可能在询问直播中展示的鸡翅是否为未经加工的冷冻生鲜产品。
56697889278,生活日杂,刻意的,0,该用户可能是在吐槽主播的推销话术或表现过于做作不自然。
56697889278,生活日杂,能做熟吃吗,1,该用户是在询问直播中展示的产品是否可以烹饪至熟透后食用。
56697889278,生活日杂,昨天银耳饰还上吗？,1,该用户是在询问之前展示过的银耳饰是否还会再次上架销售。
56697889278,生活日杂,我这里不发货,0,该用户可能因所在地区不在配送范围内或商品缺货而表达无法购买的遗憾。
56697889278,生活日杂,选哪种规格,1,该用户可能是在询问商品的具体尺寸或包装选项，以便做出购买决策。
56697889278,生活日杂,什么时候上保温箱，想再买个大的,1,该用户希望了解保温箱产品的上架时间，并有意购买更大容量的款式。
56697889278,生活日杂,里面有调料吗,1,该用户是想询问直播中展示的商品是否包含配套的调味料包。
56697889278,生活日杂,看着挺新鲜的,1,该用户可能对当前展示的产品感到新奇有趣，产生了尝试的意愿。
56697889278,生活日杂,带调料吗,1,该用户是在询问直播售卖的产品是否包含配套的调味料。
56697889278,生活日杂,不喜欢生吃,0,该用户想表达的含义是：对生食方式不感兴趣，希望能提供熟食选项或其他食用建议。
56697889278,生活日杂,点赞点赞点赞点赞点赞点赞点赞点赞点赞点赞点赞点赞点赞点赞点赞点赞点赞点赞点赞点赞点赞点赞点赞点赞点赞,0,该用户可能是在通过高频刷屏点赞的方式表达对当前直播内容或产品的强烈支持和兴奋情绪，试图营造热闹氛围或引起主播关注。
56697889278,生活日杂,吃呀,0,该用户可能是在询问或确认直播中展示的食物是否可以生吃，表达了对产品食用方式的兴趣或疑虑。
56697889278,生活日杂,送调料吗,1,该用户是在询问商品是否附带调味料作为赠品或配套产品。
56697889278,生活日杂,好吃,1,该用户想表达的含义是：对直播中展示的食品味道表示认可或产生品尝欲望。  （结合前文弹幕中频繁讨论食材处理方式、新鲜度、调料搭配等细节，且多次出现“生吃”“熟吃”等关键词，可推断当前直播内容与即食或烹饪类食品相关，用户通过“好吃”直接反馈对产品口感的兴趣或期待。）
56697889278,生活日杂,防晒口罩防晒口罩防晒口罩防晒口罩,1,该用户迫切希望主播上架或介绍防晒口罩产品。
56697889278,生活日杂,白水苹果,0,该用户可能在询问或暗示对直播中提到的“白水苹果”这一产品感兴趣，想了解相关购买信息或表达购买意向。
56697889278,生活日杂,刺身，我喜欢现买现吃,0,该用户想表达的含义是：偏好购买新鲜现做的刺身产品，注重食材的即时食用体验。
56697889278,生活日杂,吃过，很好吃,1,该用户通过肯定产品口感来间接表达对当前推荐商品的认可和潜在的复购意愿。
56697889278,生活日杂,昨晚卖的云南菜籽油在橱窗里面有，需要的朋友去橱窗看看,0,该用户是在向其他观众推荐昨晚直播中提到的云南菜籽油，并提示大家可以在商品橱窗中找到购买链接。
56697889278,生活日杂,紫砂壶,1,该用户可能是在询问或提醒主播展示或介绍紫砂壶产品。
56697889278,生活日杂,生的鲜嫩呀,0,该用户想表达的含义是：这食材看起来非常新鲜水嫩，让人有购买欲望。
56697889278,生活日杂,西红柿有吗？,1,该用户是在询问直播间是否有西红柿这款商品在售。
56697889278,生活日杂,有锅吗？,1,该用户是在询问直播间是否售卖锅具产品。
56697889278,生活日杂,我们烟台这里就有很多人吃生蚝,0,该用户是在表达对生蚝的认可，暗示自己所在地区也有消费习惯，可能对产品感兴趣或想参与讨论。
56697889278,生活日杂,有菜子油吗,1,该用户是在询问直播间是否有售卖菜籽油这一商品。
56697889278,生活日杂,云年玫瑰酒啥时候播,1,该用户想询问直播中何时会推介或售卖“云年玫瑰酒”这款产品。
56697889278,生活日杂,有好用的炒菜锅吗,1,该用户是在询问直播间是否有推荐的实用炒菜锅产品。
56697889278,生活日杂,马油,1,该用户可能在询问直播间是否有售卖马油相关的产品。
56697889278,生活日杂,吃中午了,0,该用户可能在询问直播中展示的商品是否适合作为午餐食材。
56697889278,生活日杂,熟吃没生吃好吃[呲牙],0,该用户想表达的含义是：虽然可以熟吃，但生吃的口感更佳，自己更偏爱生吃的方式。
56697889278,生活日杂,小儿防晒霜,1,该用户可能在询问直播间是否有儿童适用的防晒霜产品。
56697889278,生活日杂,西红柿有吗,1,该用户可能在询问直播间是否有西红柿在售，表达了对购买西红柿的兴趣或需求。
56697889278,生活日杂,与辉同行沐光而行一路光明！,0,该用户可能在表达对直播间的支持与喜爱，暗示主播和观众们共同前行、未来光明。
56697889278,生活日杂,云南酒啥时候播,1,该用户是在询问直播间何时会上架或介绍云南酒产品，表现出对这类商品的兴趣和购买意向。
56697889278,生活日杂,有好用不粘锅的炒菜锅吗,1,该用户是在询问直播间是否有推荐的高品质不粘炒锅，表现出对厨具产品的具体购买意向。
56697889278,生活日杂,发货到苏州几天到？,1,该用户可能对商品产生了购买意向，正在咨询物流时效以评估是否下单。
56697889278,生活日杂,能找好点的紫砂或陶瓷家用炖盅吗？谢谢！,1,该用户希望主播推荐品质较好的家用炖盅，材质偏好紫砂或陶瓷制品。
56697889278,生活日杂,没有了,1,该用户想表达的含义是：询问之前提到的商品是否已经售罄或下架。
56697889278,生活日杂,全能高手,0,该用户可能是在夸赞主播或产品功能全面、表现优异。
56697889278,生活日杂,马油,1,该用户可能在询问直播间是否有马油产品出售或想了解相关介绍。
56697889278,生活日杂,好吃吗,1,该用户是在询问直播展示的食品口感如何，以此判断是否值得购买。
56697889278,生活日杂,苹果没有了吗？,1,该用户是在询问直播间是否已经售罄或下架了苹果商品。
56697889278,生活日杂,视频里面的北面衣服咋买的,1,该用户想询问直播视频中展示的北面品牌服装的购买方式。
56697889278,生活日杂,这个有没有寄生虫啊,1,该用户可能是在询问直播中展示的生鲜食品（如生蚝）是否经过安全处理、能否放心食用。
56697889278,生活日杂,前面有人说客服说有蘸料的,0,该用户是在询问或确认主播之前提到的产品是否附带蘸料。
56697889278,生活日杂,有酱油和芥末吗,1,该用户是在询问直播中售卖的产品是否包含配套的调味料（蘸料）。
56697889278,生活日杂,为啥广西拍不了,1,该用户想询问直播商品是否支持配送至广西地区。
56697889278,生活日杂,怎么吃？,1,该用户想询问产品的食用方法或建议。
56697889278,生活日杂,明天还有吗,1,该用户想询问直播中展示的商品是否会在次日继续售卖或补货。
56697889278,生活日杂,配什么调料,0,该用户可能是在询问当前展示的商品（如生鲜食品或即食产品）需要搭配哪种调味料食用更合适。
56697889278,生活日杂,什么时间能发货呀？,0,该用户想询问商品下单后的具体发货时间，以确认收货安排。
56697889278,生活日杂,非常好吃,1,该用户想表达的含义是：对直播中展示的食品表示高度认可和满意。
56697889278,生活日杂,自己怎么配料？,0,该用户想询问如何搭配或准备适合的调味料来使用当前直播展示的产品。
56697889278,生活日杂,看上去不错,1,该用户可能对当前展示的商品产生了兴趣，认为产品外观或功能符合自己的预期。
56697889278,生活日杂,辛苦了,0,该用户想表达的含义是：对主播的付出表示关心和感谢。
56697889278,生活日杂,傳熙同学，中午好,0,该用户是在向主播或直播间里的某位观众打招呼，表达友好问候而非购买意向。
56697889278,生活日杂,hello,0,该用户可能是在简单打招呼或测试弹幕功能，并未表达明确的购买意向。
56697889278,生活日杂,黄豆有吗？打豆浆用,1,该用户是在询问直播间是否有适合打豆浆的黄豆出售。
56697889278,生活日杂,辅食机,1,该用户可能是在询问直播间是否有辅食机产品，或者想了解辅食机的功能和使用方法。
56697889278,生活日杂,什么时候去海南？上上沉香,1,该用户想询问直播中提到的海南沉香产品何时会上架销售。
56697889278,生活日杂,越来越好,0,该用户可能是在称赞直播内容或产品品质有所提升，表达对当前展示商品的认可或对直播氛围的积极反馈。
56697889278,生活日杂,牛肉干有吗,1,该用户想询问直播间是否有售卖牛肉干这一商品。
56697889278,生活日杂,保温杯什么时候上,1,该用户想询问保温杯这款商品的具体上架时间，表现出明确的购买意向。
56697889278,生活日杂,看看我 看看我,0,该用户希望被主播注意到并回应自己的购买咨询或互动请求。
56697889278,生活日杂,我要儿童钙镁锌，熙宝！,1,该用户想表达的含义是：我想购买儿童钙镁锌产品，并且是在向主播“熙宝”直接提出购买需求。
56697889278,生活日杂,云南行结束了吗,0,该用户可能在询问直播中提到的云南特产或相关活动是否已经结束，表现出对云南产品的兴趣或遗憾错过的心情。
56697889278,生活日杂,披萨,1,该用户可能是在询问直播间是否有披萨产品或相关优惠活动。
56697889278,生活日杂,男士保温杯什么时候有,1,该用户想询问直播间何时会上架男士保温杯商品。
56697889278,生活日杂,求炒菜锅,1,该用户想表达的含义是：询问直播间是否有炒菜锅售卖或推荐。
56697889278,生活日杂,传熙棒棒哒,0,该用户想表达的含义是：对主播或直播内容表示支持和赞赏。
56697889278,生活日杂,中午吃的什么你们,0,该用户可能是在以闲聊的方式拉近与主播的距离，试图营造轻松氛围或等待产品介绍间隙的互动。
56697889278,生活日杂,传熙帅,0,该用户可能在用昵称亲切地呼唤主播，表达关注或支持。
56697889278,生活日杂,是虹鳟鱼吗,1,该用户可能在询问直播中展示的鱼类产品是否为虹鳟品种，以确认商品的具体信息。
56697889278,生活日杂,白吉馍保质期几天啊,1,该用户是在询问产品（白吉馍）的保质期信息，表现出对商品实际使用和储存条件的关注，暗示潜在的购买意向。
56697889278,生活日杂,马油,1,该用户可能在询问直播间是否有马油相关的产品在售或推荐。
56697889278,生活日杂,鱼腩跟中段有啥区别,1,该用户想询问鱼腩部位和中段部位在肉质或口感上的具体差异，以便做出购买决策。
56697889278,生活日杂,云南行结束了么,0,该用户是在询问直播团队是否已经结束云南地区的产品推广活动，可能想了解后续是否还有相关商品上架或活动安排。
56697889278,生活日杂,乐途鞋上,1,该用户想表达的含义是：询问乐途品牌的鞋子是否会上架售卖。
56697889278,生活日杂,干海带吗,1,该用户是在询问直播间是否有售卖干海带产品。
56697889278,生活日杂,客服怎么说送山葵和酱油,1,该用户是想询问客服关于购买产品附赠山葵和酱油的具体情况。
56697889278,生活日杂,看着挺不错的,1,该用户对当前展示的商品或直播内容产生了兴趣，认为产品外观或品质符合自己的喜好。
56697889278,生活日杂,直接吃？,1,该用户可能在询问直播展示的商品是否可以无需加工直接食用。
56697889278,生活日杂,与辉同行一路光明,0,该用户是在表达对主播或直播团队的喜爱与支持，希望他们未来发展顺利。
56697889278,生活日杂,得利斯的肉肠什么时候还会有呀？,1,该用户想询问得利斯肉肠的补货时间，表现出明确的购买意向。
56697889278,生活日杂,产品问题请跟与辉同行的客服联系,0,该用户想表达的含义是：建议有产品疑问的人去联系专属客服渠道咨询。
56697889278,生活日杂,开袋即食可以吗亲？,1,该用户是在询问产品是否可以无需加工直接食用，表现出对商品使用便捷性的关注和潜在的购买意向。
56697889278,生活日杂,鲅鱼馅是开好价了吗,1,该用户是想询问鲅鱼馅产品的当前促销价格是否已经给出。
56697889278,生活日杂,先泡还是先蒸容易炖烂吗,1,该用户是在询问烹饪某种食材（可能是鱼或肉类）时，采用先浸泡还是先蒸制的处理方式更容易使其炖煮软烂。
56697889278,生活日杂,橱窗里有大米,0,该用户可能在询问或确认直播橱窗中是否有大米商品上架。
56697889278,生活日杂,有海带结吗,1,该用户是在询问直播间是否有售卖海带结这款产品。
56697889278,生活日杂,已拍已拍,0,该用户想表达的含义是：我已经下单购买了这款产品。
56697889278,生活日杂,上几种夏季男款鞋,1,该用户想询问主播是否会推荐或展示几款适合夏季穿着的男士鞋款。
56697889278,生活日杂,今天会上橙子吗,1,该用户是在询问直播中是否会推出橙子相关产品。
56697889278,生活日杂,焯水吗,1,该用户可能在询问商品是否需要预先焯水处理才能食用或使用。
56697889278,生活日杂,产品有问题请先找商家售后，如果商家解决达不到您满意。可以再找与辉同行客服！,0,该用户是在提醒其他观众遇到商品质量问题时应先联系商家处理，若对商家的解决方案不满意再寻求直播团队的客服协助。
56697889278,生活日杂,可以放多久,1,该用户想询问产品的保质期或储存时长。
56697889278,生活日杂,帅哥,0,该用户可能在夸赞主播的外貌或表现，表达对主播的喜爱或关注。
56697889278,生活日杂,有没有蓝莓树苗,1,该用户是在询问直播间是否售卖蓝莓树苗这一商品。
56697889278,生活日杂,中午好！,0,该用户可能是刚进入直播间，以问候的方式表示关注或参与互动。
56697889278,生活日杂,中午好,0,该用户可能是在打招呼的同时表达对直播间的关注和参与感。
56697889278,生活日杂,鲜花饼有吗,1,该用户是在询问直播间是否有售卖鲜花饼这款产品。
56697889278,生活日杂,大米什么时候有,1,该用户是在询问直播间何时会再次上架或售卖大米产品。
56697889278,生活日杂,水饺里有猪油吗？,1,该用户可能是在询问水饺的成分是否含有猪油，以确认是否符合自己的饮食需求或偏好。
56697889278,生活日杂,这是煮的海带苗?,1,该用户可能在询问直播中展示的海带苗是否需要经过煮制处理才能食用。
56697889278,生活日杂,好听好听,0,该用户可能是在称赞直播中展示的产品（如音乐相关商品或食品的听觉效果）或主播的解说吸引人，表达对当前内容的喜爱和认可。
56697889278,生活日杂,传熙非常优秀,0,该用户可能在称赞主播的表现或推荐的产品很出色，暗示对直播内容或商品的认可与兴趣。
56697889278,生活日杂,上午好，棒棒哒,0,该用户只是在礼貌性地打招呼并表达对直播氛围的积极认可，并未表现出明确的购买意向。
56697889278,生活日杂,里面有肉吗？素食者,1,该用户想表达的含义是：询问产品是否含有肉类成分，因为自己是素食者需要注意。
56697889278,生活日杂,蒲公英,1,该用户可能在询问直播间是否有售卖蒲公英相关的产品（如蒲公英茶、蒲公英根等）。
56697889278,生活日杂,海带苗吃着很方便,1,该用户是在称赞海带苗的食用便捷性，暗示对产品的认可和潜在购买意愿。
56697889278,生活日杂,没吃过,0,该用户可能是对当前介绍的产品感到陌生或好奇，想表达自己缺乏相关体验但有兴趣了解。
56697889278,生活日杂,说的好详细,0,该用户想表达的含义是：主播对产品的介绍非常细致全面，让人感到满意或产生信任感。
56697889278,生活日杂,中午好,0,该用户可能是在礼貌性地打招呼，同时表达对直播间的关注和参与感。
56697889278,生活日杂,喜欢这个直播间,0,该用户想表达的含义是：对这个直播间的整体氛围和内容感到满意并产生好感。
56697889278,生活日杂,宇辉同行一路光明,0,该用户想表达的含义是：对主播或直播团队的支持与美好祝愿。
56697889278,生活日杂,你们辛苦了,0,该用户是在对主播团队的付出表示友善的慰问和鼓励。
56697889278,生活日杂,有水果吗,1,该用户是在询问直播间是否有售卖水果类商品。
56697889278,生活日杂,看起来不错哦看起来不错哦,1,该用户对当前展示的商品产生了兴趣并表达了认可的态度。
56697889278,生活日杂,牛奶牛奶,1,该用户可能是在催促主播介绍或上架牛奶产品，表达了对牛奶的购买兴趣或需求。
56697889278,生活日杂,蒲公英水饺可以附上好评率,1,该用户希望了解蒲公英水饺的产品评价数据，以此作为购买决策的参考依据。
56697889278,生活日杂,水饺好吃，有荠菜的吗,1,该用户对荠菜水饺有明确的购买意向，询问是否有该口味的产品。
56697889278,生活日杂,蒲公英,1,该用户可能是在询问或提及与“蒲公英”相关的产品，比如蒲公英水饺或其他含有蒲公英成分的商品。
56697889278,生活日杂,有肉吗？,1,该用户可能在询问直播中展示的产品是否含有肉类成分。
56697889278,生活日杂,这个好,1,该用户觉得当前展示的商品或内容很吸引人，流露出明显的兴趣或认可。
56697889278,生活日杂,传熙云南行唱了彩云之南,0,该用户可能是在回忆或提及主播传熙之前表演的歌曲《彩云之南》，以此表达对主播才艺的欣赏或对直播内容的积极互动。
56697889278,生活日杂,这个馅不多见,1,该用户可能是在表达对这种少见馅料的好奇或兴趣，暗示想进一步了解或尝试购买。
56697889278,生活日杂,不是一袋十个吗,0,该用户可能是在质疑或确认商品的实际数量与宣传不符，认为包装内应该包含十个但发现数量不对。
56697889278,生活日杂,一袋10个，一共40个,0,该用户是在确认或质疑产品的包装规格，可能是对之前提到的“一袋十个”的说法存在疑问或想核实购买份量是否与描述一致。
56697889278,生活日杂,一袋10 个不是40 个,0,该用户是在纠正或质疑之前关于产品数量的说法，认为实际每袋只有10个而非40个。
56697889278,生活日杂,什么馅的,1,该用户是在询问直播中展示的水饺具体有哪些馅料种类。
56697889278,生活日杂,一袋到底几个,1,该用户是在询问商品包装内的具体数量是否与之前其他观众提到的信息一致。
56697889278,生活日杂,一袋十个，四袋四十个，快更正一下,0,该用户是在纠正主播关于产品数量的错误描述，强调正确的计算方式应该是“一袋十个，四袋四十个”。
56697889278,生活日杂,一代10个,0,该用户是在确认或强调商品包装规格为一袋包含10个。
56697889278,生活日杂,一袋10个，一共40,0,该用户是在纠正或确认商品规格，指出“每袋10个，总价40元”。
56697889278,生活日杂,今天的水饺都很好,1,该用户想表达的含义是：当前展示的水饺产品各方面都令人满意。
56697889278,生活日杂,刚下单此款饺子,0,该用户想表达的含义是：我已经购买了这款正在直播的水饺产品。
56697889278,生活日杂,不常见,0,该用户可能是在评论水饺的馅料种类比较独特或小众。
56697889278,生活日杂,这个蒲公英水饺很好吃,1,该用户是在认可并推荐这款蒲公英水饺，暗示其口味确实值得购买。
56697889278,生活日杂,我儿子特别挑，平时不吃水饺，但是这个他愿意吃,1,该用户想表达的含义是：这款水饺的口味独特，连平时挑剔的孩子也喜欢，暗示产品有吸引力且值得购买。
56697889278,生活日杂,有新疆切块番茄吗？,1,该用户是在询问直播间是否有售卖新疆切块的番茄产品。
56697889278,生活日杂,一单40个,0,该用户想确认或强调商品的包装规格是每袋10个，总共40个。
56697889278,生活日杂,挺划算的,1,该用户认为当前商品的价格或优惠力度比较吸引人，值得购买。
56697889278,生活日杂,来了,0,该用户想表达的含义是：我刚进入直播间，正在关注当前的商品讨论。
56697889278,生活日杂,看着不错,1,该用户可能对当前展示的产品产生了初步好感，认为商品外观或介绍符合自己的审美或需求。
56697889278,生活日杂,好吃么,1,该用户想询问该食品的口味如何，以评估是否值得购买。
56697889278,生活日杂,有其他馅的吗,1,该用户想询问当前展示的水饺产品是否还有其他口味可选。
56697889278,生活日杂,这个蒲公英水饺不常见，特别好吃,1,"该用户想表达的含义是：这款蒲公英水饺比较独特且口味令人满意，可能产生购买意向。  （结合前文语境，其他用户已提及该水饺""不常见""""很好吃""并出现实际下单行为，当前用户通过强调产品稀缺性和美味度，暗示对商品的认可和兴趣。）"
56697889278,生活日杂,好吃吗,1,该用户想询问该款蒲公英水饺的实际口感如何，以评估是否符合自己的口味偏好。
56697889278,生活日杂,蒲公英还能包水饺呢,0,该用户想表达的含义是：对蒲公英水饺这种新颖馅料感到意外并产生兴趣。
56697889278,生活日杂,饺子配好调料了吗？,1,该用户是在询问直播所售卖的饺子是否附带搭配好的调味料。
56697889278,生活日杂,蒲公英会不会有点苦,1,该用户可能是在询问蒲公英水饺的口味是否带有苦味，以评估自己是否会喜欢或购买这款产品。
56697889278,生活日杂,怎么办啊 冰箱放不下啊 这么多好吃的,1,该用户想表达的含义是：对直播中展示的美食很心动，但因冰箱空间有限而纠结是否购买。
56697889278,生活日杂,一点都不苦，香,1,该用户想表达的含义是：这款蒲公英水饺口感清香，没有想象中的苦涩味道。
56697889278,生活日杂,蒲公英不是荠菜吧,0,该用户可能是对蒲公英水饺的原料感到疑惑，想确认蒲公英和荠菜是否为同一种食材，以判断这种水饺是否符合自己的口味偏好或认知。
56697889278,生活日杂,69的红酒呢,1,该用户是在询问之前提到的69元红酒为何没有出现或介绍，可能对这款产品感兴趣或想了解更多信息。
56697889278,生活日杂,清淡口的,0,该用户可能是在询问这款蒲公英水饺的口味是否偏清淡，或是表达自己偏好清淡口味的饮食倾向。
56697889278,生活日杂,我以为是韮菜鸡蛋,0,该用户可能误将蒲公英水饺认成了韭菜鸡蛋馅，表达了对馅料种类的疑惑或意外。
56697889278,生活日杂,下单12号商品,1,该用户明确表达了想要购买直播间推荐的12号商品的意愿。
56697889278,生活日杂,小贝，辛苦了,0,该用户想表达的含义是：对主播的付出表示关心和感谢。
56697889278,生活日杂,小贝来了,0,该用户是在热情地跟主播小贝打招呼，表达对主播的关注和支持。
56697889278,生活日杂,小贝衬衣好看,1,该用户想表达的含义是：称赞主播小贝穿的衬衣款式时尚或有吸引力。
56697889278,生活日杂,又见小贝,0,该用户想表达的含义是：再次看到主播小贝出现感到亲切或欣喜。
56697889278,生活日杂,中午好小贝,0,该用户是在友好地向主播小贝打招呼，表达对主播的关注和亲切感。
56697889278,生活日杂,中午好,0,该用户是在向主播小贝打招呼，表达友善和互动的意愿。
56697889278,生活日杂,已下单1号商品,0,该用户想表达的含义是：我已经购买了直播中推荐的1号商品。
56697889278,生活日杂,帅哥靓妹,0,该用户是在夸赞主播的外貌或形象，表达对主播的喜爱或欣赏。
56697889278,生活日杂,熙宝 小贝中午好,0,该用户是在向主播“熙宝”和“小贝”打招呼问候，表达友好互动意愿而非直接购买兴趣。
56697889278,生活日杂,烤箱能不能烤,1,该用户可能是在询问直播中展示的烤箱是否具备基本的烘焙功能，想确认产品实用性以便决定是否购买。
56697889278,生活日杂,现在发型好看,0,该用户是在夸赞主播“小贝”当前的发型很漂亮，表达对主播外形的欣赏和互动兴趣。
56697889278,生活日杂,真懂,0,该用户想表达的含义是：主播对产品特点的介绍非常专业到位，让我产生了信任感。
56697889278,生活日杂,听他们讲产品，耳朵都很舒服,0,该用户想表达的含义是：主播介绍产品的方式让人感到愉悦，产生了对产品的好感。
56697889278,生活日杂,还想看一眼蒲公英饺子,1,该用户对蒲公英饺子产生了兴趣，想再看一次产品展示或了解更多细节。
56697889278,生活日杂,熙宝今天发型很乖,0,该用户想表达的含义是：称赞主播今天的造型很可爱讨喜。
56697889278,生活日杂,传熙太可爱了,0,该用户是在表达对主播“传熙”的喜爱和赞赏，认为其表现或形象非常讨人喜欢。
56697889278,生活日杂,防晒喷雾，防晒喷雾，防晒喷雾,1,该用户可能在强烈询问或催促主播介绍/上架防晒喷雾产品，表现出明确的购买意向。
56697889278,生活日杂,我就是,0,该用户想表达的含义是：我也是（对主播或产品感兴趣/支持）。
56697889278,生活日杂,乘宝贝,0,该用户想表达的含义是：亲切地称呼主播“小贝”以表达喜爱和支持。
56697889278,生活日杂,跟你哥发型一样,0,该用户可能在表达对主播当前发型的认可，暗示与某个熟悉的人（如主播的哥哥）相似，从而传递一种亲切感或赞赏。
56697889278,生活日杂,小贝感冒的声音,0,该用户注意到主播小贝的声音有些沙哑，可能是出于关心或调侃其感冒状态。
56697889278,生活日杂,顺毛传熙,0,该用户想表达的含义是：主播传熙现在的发型乖巧可爱，让人喜欢。
56697889278,生活日杂,不错，都是好吃的,1,该用户想表达的含义是：对直播中展示的食品类商品感到满意并产生了购买兴趣。
56697889278,生活日杂,蒲公英对胃有好处,0,该用户可能是在询问或确认蒲公英产品的养胃功效，表达了对该商品的潜在购买兴趣。
56697889278,生活日杂,不买看看聊天的,0,该用户想表达的含义是：我只是来参与互动闲聊的，并没有购买商品的打算。
56697889278,生活日杂,卷钱跑路,0,该用户可能是在调侃或讽刺主播推销产品的行为过于急切，像是在急着敛财后离开。
56697889278,生活日杂,防晒喷雾，防晒喷雾，防晒喷雾，防晒喷雾，防晒喷雾，防晒喷雾,1,该用户可能是在强烈表达对防晒喷雾产品的兴趣或催促主播详细介绍/上架该商品。
56697889278,生活日杂,微波炉可以用吗,1,该用户可能在询问直播中展示的产品（如烤箱或其他厨房电器）是否具备微波炉的功能或兼容性。
56697889278,生活日杂,说的太对了,0,该用户想表达的含义是：非常认同主播当前讲解的产品特点或观点。
56697889278,生活日杂,感觉他两个人好无聊,0,该用户觉得直播间的两位主播互动缺乏趣味性，观看体验比较乏味。
56697889278,生活日杂,小贝嗓子是不是有点不舒服啦,0,该用户注意到主播声音异常，出于关心询问其是否身体不适。
56697889278,生活日杂,有咖啡吗？,1,该用户可能在询问直播间是否有咖啡类产品在售或即将介绍，表现出对咖啡的兴趣或购买意向。
56697889278,生活日杂,上油上油,1,该用户可能在催促主播展示或讲解某款名为“油”的产品（如护肤油、食用油等），表达出对商品的关注和购买兴趣。
56697889278,生活日杂,哈哈,0,该用户可能是在附和直播间的轻松氛围，用“哈哈”表达对当前聊天内容的随意调侃或对主播互动的简单回应。
56697889278,生活日杂,中午好呀,0,该用户可能是在友好地打招呼，试图融入直播间的互动氛围，但并未直接表达对商品的购买兴趣。
56697889278,生活日杂,小贝衣服,1,该用户可能是想询问或提及主播小贝穿的衣服款式或品牌。
56697889278,生活日杂,北方不给邮啊,0,该用户因所在地区无法购买商品而感到遗憾或不满。
56697889278,生活日杂,上点防晒喷雾，防晒喷雾，防晒喷雾，防晒喷雾，防晒喷雾，防晒喷雾,1,该用户迫切希望主播尽快上架防晒喷雾产品，可能是出于急需购买或对当前商品展示节奏不满。
56697889278,生活日杂,爱生活会生活,0,该用户可能是在赞赏主播推荐的产品或生活方式，暗示对直播内容中倡导的生活态度或商品价值的认同。
56697889278,生活日杂,帅气,0,该用户可能是在夸赞主播或商品的形象气质好。
56697889278,生活日杂,什么时候卖鞋子？,1,"该用户想表达的含义是：询问直播间后续是否会推出鞋类商品的销售安排。  （结合前文弹幕中频繁出现的商品需求如""防晒喷雾""""咖啡""等，可推断用户是在关注直播间选品动向，主动提出对鞋类的兴趣，属于明确的购买意向询问。）"
56697889278,生活日杂,那肯定没有你们专业好,0,该用户可能在委婉地表示对主播推荐的产品或讲解的专业性有所质疑，暗示自己并不完全认同其观点。
56697889278,生活日杂,上点海鱼,1,该用户希望主播推荐或展示海鲜类产品。
56697889278,生活日杂,拍了苹果，加急,1,该用户想表达的含义是：已经下单购买了苹果产品，并要求尽快发货。
56697889278,生活日杂,回北京了嘛,0,该用户可能在询问主播是否已经结束行程返回北京，暗示对主播动态的关注或期待后续直播安排。
56697889278,生活日杂,辣么,1,该用户可能是在用轻松调侃的语气表达对主播或产品特色的认可，类似于“这么厉害啊”或“好夸张哦”的感叹。
56697889278,生活日杂,有衣服吗,1,该用户想询问直播间是否有服装类商品在售或即将展示。
56697889278,生活日杂,小贝加油！,0,该用户想表达的含义是：对主播小贝的鼓励和支持。
56697889278,生活日杂,两姐弟好玩,0,该用户觉得主播姐弟俩的互动有趣，观看体验愉悦。
56697889278,生活日杂,烤箱可以加热吗,1,该用户可能是在询问烤箱的具体功能或适用场景，想确认产品是否能满足自己的加热需求。
56697889278,生活日杂,4号链接可以不要麻的，都要香辣的麻,1,该用户想表达的是：希望购买4号链接的产品，但要求全部换成香辣口味，不要麻辣口味。
56697889278,生活日杂,男主播衣服上链接,1,该用户希望男主播尽快将展示的服装商品上架购买链接。
56697889278,生活日杂,昨天晚上与辉穿的外套有链接吗,1,该用户想询问主播昨晚穿的那款外套是否有购买链接，表现出对同款商品的兴趣。
56697889278,生活日杂,没货了，加点,1,该用户是在催促主播补货或增加库存，表现出强烈的购买意愿。
56697889278,生活日杂,小贝多睡觉啊 眼袋呀,0,该用户是在关心主播的休息状况，提醒主播注意睡眠不足导致的眼袋问题。
56697889278,生活日杂,中午好,0,该用户可能是在友好地打招呼，试图融入直播间的互动氛围，但并未直接表达购买意向。
56697889278,生活日杂,烤鱼挺不错，可以再上嘛？,1,该用户对之前展示的烤鱼产品感兴趣，希望主播能再次上架以供购买。
56697889278,生活日杂,没了,1,该用户想表达的含义是：想要的商品已经售罄了，希望尽快补货。
56697889278,生活日杂,烤箱可以加热吗？,1,该用户可能是想确认烤箱的具体功能或适用场景，表达了对产品的实际使用效果的关注和潜在购买兴趣。
56697889278,生活日杂,没有全部都是梅干扣肉的了？,1,该用户可能在询问直播间是否已经售罄了梅干扣肉这款商品，并流露出遗憾或希望补货的情绪。
56697889278,生活日杂,加油拍,0,该用户是在鼓励主播加快上架或展示商品的速度。
56697889278,生活日杂,今天收到的潘祥记鲜花饼数量少了4个饼,0,该用户想表达的含义是：收到的商品数量与订单不符，存在缺货问题。
56697889278,生活日杂,贝啊，你的衬衣有链接吗,1,该用户是在询问主播身上穿的衬衫是否有购买链接，表现出对这件商品的兴趣和购买意向。
56697889278,生活日杂,一袋一一袋一片,0,该用户想表达的含义是：询问商品是否可以按单袋或单片购买。
56697889278,生活日杂,一袋几个,1,该用户想询问商品包装内包含的具体数量或规格。
56697889278,生活日杂,懂的人都懂，加油,0,该用户想表达的含义是：认同主播推荐的产品并给予支持鼓励。
56697889278,生活日杂,小贝孔雀飞回北方冷了,0,该用户可能是想询问主播小贝之前展示过的某款孔雀图案或风格的服装是否有适合北方寒冷天气的厚款。
56697889278,生活日杂,已下单23号商品,0,该用户想表达的含义是：我已经购买了直播间推荐的23号产品。
56697889278,生活日杂,给力,0,该用户可能是在称赞直播间的优惠力度或商品性价比高，表达对当前促销活动的满意和认可。
56697889278,生活日杂,辣么,1,该用户想表达的含义是：询问主播提到的产品是否可以提供香辣口味的选择。
56697889278,生活日杂,贝啊，衬衣链接,1,该用户是在询问主播身上所穿的衬衫是否已上架销售链接。
56697889278,生活日杂,乐扣乐扣的杯子没有了吗,1,该用户是在询问乐扣乐扣品牌的杯子是否已经售罄或下架，表现出对该商品的购买意向和库存关注。
56697889278,生活日杂,看着就有食欲,1,该用户被直播中展示的食物所吸引，产生了强烈的品尝欲望和潜在的购买意向。
56697889278,生活日杂,这是早餐还是午饭？,0,该用户可能在询问直播中展示的食品适合作为早餐还是午餐食用。
56697889278,生活日杂,辣的吗,1,该用户是在询问直播中展示的商品是否具有辣味口味。
56697889278,生活日杂,美可卓有吗,1,该用户是在询问直播间是否有售卖“美可卓”品牌的产品。
56697889278,生活日杂,好吃,1,该用户想表达的含义是：对当前展示的商品表示满意或认可其品质。
56697889278,生活日杂,一袋几个？,1,该用户想询问商品包装内包含的具体数量，以评估购买的实际分量和性价比。
56697889278,生活日杂,小贝还吃了鸭蛋,0,该用户可能是想询问或确认主播小贝是否尝试过鸭蛋这款产品，以了解其食用体验或推荐程度。
56697889278,生活日杂,好吃吗,1,该用户想询问直播中展示的食品味道如何，以判断是否值得购买。
56697889278,生活日杂,洗发水有吗,1,该用户是在询问直播间是否有售卖洗发水产品。
56697889278,生活日杂,中果都很大,1,该用户可能是在询问或确认商品（如果类）的规格大小，暗示对产品的实际尺寸感到满意或超出预期。
56697889278,生活日杂,能近距离看看吗,1,该用户想表达的含义是：希望主播能更详细地展示当前商品的细节或特写镜头。
56697889278,生活日杂,真好,0,该用户想表达的含义是：对当前展示的商品或主播的表现感到满意和赞赏。
56697889278,生活日杂,烤奶怎么做,1,该用户可能是在询问直播间展示的食品（如烤奶）的制作方法，表现出对产品的兴趣或考虑购买前想了解自制可行性。
56697889278,生活日杂,辽宁买不了吗,0,该用户想询问直播中所售商品是否支持配送到辽宁地区。
56697889278,生活日杂,美女，这里面有没有破壁机？,1,该用户是在询问直播中是否有展示破壁机产品并对其产生购买兴趣。
56697889278,生活日杂,小贝看着感冒了,0,该用户可能是注意到主播小贝的状态不佳，关心地指出她看起来像感冒了。
56697889278,生活日杂,烤奶怎么做？,1,该用户可能是对直播中展示的烤奶产品感兴趣，想了解制作方法以便购买或自制。
56697889278,生活日杂,感冒了吗,0,该用户可能在关心主播的身体状况，询问主播是否因为感冒而状态不佳。
56697889278,生活日杂,苹果为啥显示缺货,1,该用户想询问苹果产品缺货的原因并希望得到补货信息。
56697889278,生活日杂,下单了苹果，是净重五斤吗,1,该用户想确认所购买的苹果是否确实为五斤净重，以确保商品规格与宣传一致。
56697889278,生活日杂,手里吃的是什么,0,该用户想知道主播正在吃的具体是什么食物或产品。
56697889278,生活日杂,怎么买不了,1,该用户因所在地区或商品库存限制而无法完成购买，表达了对购买受阻的困惑或不满。
56697889278,生活日杂,上海还得要运费,0,该用户对商品感兴趣但因运费问题感到犹豫或不满。
56697889278,生活日杂,鲜牛奶保质期多少天？,1,该用户可能是在询问鲜牛奶的保质期以评估是否适合购买和储存。
56697889278,生活日杂,好吃,1,该用户是在品尝或看到他人展示食品后，对产品的味道表示肯定和满意。
56697889278,生活日杂,小孩公主鞋那个链接还有吗,1,该用户想表达的含义是：询问直播间是否还有儿童公主鞋的购买链接可供下单。
56697889278,生活日杂,放点枸杞，红枣,0,该用户希望主播在直播中展示或推荐枸杞和红枣产品。
56697889278,生活日杂,啥意思没货呀,1,该用户因看到商品缺货的提示而感到困惑和不满，质疑为何无法购买。
56697889278,生活日杂,怎么做的？？？,0,该用户想表达的含义是：询问主播当前展示的商品或食物的制作方法。
56697889278,生活日杂,小贝看着好像不舒服,0,该用户可能是出于对小贝健康状况的关心，并间接表达对直播内容或产品的关注。
56697889278,生活日杂,怎么做的？,0,该用户想询问当前直播展示的食品或饮品的具体制作方法。
56697889278,生活日杂,中果没有了,1,该用户想表达的含义是：中等规格的苹果已经售罄了。
56697889278,生活日杂,有没有婴儿吃的鳕鱼,1,该用户是在询问直播间是否有适合婴幼儿食用的鳕鱼产品。
56697889278,生活日杂,煮熟的失去Vc！,0,该用户可能是在质疑产品经过高温处理后维生素C流失的问题。
56697889278,生活日杂,苹果怎么样,1,该用户可能在询问直播中提到的苹果产品的具体品质或购买详情。
56697889278,生活日杂,苹果是要1元运费,0,该用户想表达的含义是：对苹果需要额外支付运费感到不满或疑惑。
56697889278,生活日杂,没货了吗,1,该用户可能在询问商品是否已经售罄，表现出对购买该商品的关注和急切心理。
56697889278,生活日杂,小贝好看,0,该用户想表达的含义是：称赞主播或商品的外观吸引人。
56697889278,生活日杂,中午好,0,该用户可能是在打招呼的同时暗示自己刚进入直播间，想了解当前直播内容或商品信息。
56697889278,生活日杂,蒸着吃，烤着吃，煮着吃都可以,0,该用户想表达的含义是：这款产品有多种烹饪方式，适合不同食用需求。
56697889278,生活日杂,有没有牛奶,1,该用户想询问直播间是否有售卖牛奶产品。
56697889278,生活日杂,苹果加些猪骨和清补凉的材料煲汤也很好喝,0,该用户是在分享苹果的一种烹饪方法，暗示对苹果的食用方式感兴趣，可能也有购买意向。
56697889278,生活日杂,主播介绍一下，苹果烤奶做法？？？,1,该用户是想询问主播能否详细讲解苹果烤奶的制作方法，表现出对这款产品的兴趣和尝试意愿。
56697889278,生活日杂,昨天刚下了一单,0,该用户想表达的含义是：我已经购买过该产品，暂时不需要再下单。
56697889278,生活日杂,玲珑杯可以上一批,1,该用户希望主播尽快补货或上新“玲珑杯”这款商品。
56697889278,生活日杂,小果多大,1,该用户想询问直播中提到的“小果”规格的具体尺寸或重量是多少。
56697889278,生活日杂,今天喝了,0,该用户可能是在分享自己今天饮用了直播间提到的某款饮品或食材（如苹果烤奶、枸杞红枣茶等），暗示对相关产品感兴趣或希望获得更多推荐。
56697889278,生活日杂,好吃？,1,该用户可能在询问主播展示的食品（如苹果或鳕鱼）的口感和味道如何，以此判断是否值得购买。
56697889278,生活日杂,苹果烤奶有成品吗？,1,该用户想询问直播间是否有现成的苹果烤奶产品可以直接购买。
56697889278,生活日杂,贝贝，烤奶，空气炸锅烤多长时间？,1,该用户想询问主播用空气炸锅制作苹果烤奶的具体烹饪时间。
56697889278,生活日杂,折耳根好吃的很呀,1,该用户是在称赞折耳根的美味，可能暗示对产品的认可或产生购买兴趣。
56697889278,生活日杂,这个苹果好吃,1,该用户是在确认或赞同苹果的口感不错，可能有意向购买。
56697889278,生活日杂,折耳根太好吃,1,该用户是在附和并强化之前关于折耳根美味的讨论，表达对这款产品的喜爱和认可。
56697889278,生活日杂,苹果烤奶的杯子在几号？,1,该用户想询问苹果烤奶配套的杯子商品在直播间的上架序号或购买链接位置。
56697889278,生活日杂,我也经常给儿子煮苹果,0,该用户想表达的含义是：我对苹果的食用方式有经验，尤其关注用它为孩子制作食品。
56697889278,生活日杂,刚吃了折耳根,0,该用户想表达的含义是：自己近期尝试过折耳根这种食物，暗示对直播间讨论的食材或相关产品有兴趣。
56697889278,生活日杂,海参介绍一下,1,该用户希望主播详细讲解海参的相关信息，比如产品特点、食用方法或优惠活动等。
56697889278,生活日杂,今天喝了苹果折耳根水,0,"该用户想表达的含义是：我今天尝试了苹果和折耳根搭配的饮品（并暗示对此类创新吃法感兴趣）。  （解析：结合前文高频出现的""苹果""""折耳根""""饮品制作""等关键词，用户是在参与直播间关于食材搭配的讨论，通过分享亲身经历隐晦表达对同类商品的潜在兴趣。）"
56697889278,生活日杂,吃的啥,0,该用户可能是在询问主播正在品尝或展示的食品具体是什么。
56697889278,生活日杂,苹果太大了一个都吃饱了,0,该用户是在感叹苹果的分量过足，单个就足以让人饱腹，可能暗示对产品规格的偏好或食用体验的分享。
56697889278,生活日杂,苹果很脆，大家放心买,1,该用户是在肯定苹果的品质，并推荐其他观众放心购买。
56697889278,生活日杂,咋这么红？,1,该用户可能是对直播中展示的苹果颜色感到好奇或惊讶，想询问为什么苹果看起来特别红。
56697889278,生活日杂,吃不了一口,0,该用户想表达的含义是：这个食物看起来不太合口味或难以接受。
56697889278,生活日杂,回购了几次好吃,1,该用户想表达的意思是：这款产品品质不错，我已经多次复购了。
56697889278,生活日杂,苹果煮山楂水 正在喝,0,该用户想表达的含义是：我正在尝试用苹果和山楂煮水喝，跟直播间的推荐做法类似。
56697889278,生活日杂,吃的东西看看,1,该用户可能对直播中展示的食品产生了兴趣，想进一步了解或观望购买。
56697889278,生活日杂,美可卓全脂奶粉,1,该用户可能是在询问或推荐直播中提到的美可卓全脂奶粉的相关信息或购买意向。
56697889278,生活日杂,小果正好,1,该用户想表达的含义是：这款苹果的尺寸刚好合适。
56697889278,生活日杂,中午好呀,0,该用户可能是在友好地打招呼，同时暗示自己刚进入直播间并开始关注直播内容。
56697889278,生活日杂,健脾开胃的,1,该用户想表达的含义是：这款产品有助于促进消化、增强食欲。
56697889278,生活日杂,很好吃,1,该用户想表达的含义是：对直播中提到的食物表示认可和喜爱。
56697889278,生活日杂,怎么做的,1,该用户可能在询问当前直播中展示的食品（如苹果或折耳根）的具体制作方法或烹饪方式。
56697889278,生活日杂,苹果是阿克苏的吗？,1,该用户是在询问直播中展示的苹果是否产自阿克苏地区，以确认其品质或产地真实性。
56697889278,生活日杂,煮水是茅根，不是折耳根,0,该用户是在纠正或澄清直播中提到的食材，指出煮水用的是茅根而非折耳根，可能意在避免其他观众对食材产生误解或提供更准确的食用建议。
56697889278,生活日杂,说了等于没说，微酸，请亮出指标,0,该用户可能是在不耐烦地催促主播明确展示苹果的具体参数或品质指标，认为之前关于口感的模糊描述缺乏实质信息。
56697889278,生活日杂,美可卓全脂奶粉什么时候有？？？,1,该用户急切询问美可卓全脂奶粉的补货时间，表现出明确的购买意向和需求。
56697889278,生活日杂,好的,0,该用户想表达的含义是：认可主播的介绍或推荐，表示赞同或接受。
56697889278,生活日杂,水果煮过就失去意义了，都是些黑暗料理,0,该用户认为水果经过烹饪会破坏其原本的风味和营养价值，对直播间讨论的水果煮水做法表示不认同。
56697889278,生活日杂,这个苹果很大，小果就可以,1,该用户想表达的含义是：苹果的个头太大，自己更偏好小尺寸的果实。
56697889278,生活日杂,苹果脆不脆,1,该用户是在询问苹果的口感是否爽脆，以评估是否符合自己的购买偏好。
56697889278,生活日杂,美可卓全脂奶粉有吗？？？？,1,该用户急切询问直播间是否售卖美可卓全脂奶粉，并表现出强烈的购买意向。
56697889278,生活日杂,好吃吗,1,该用户是在询问直播中展示的食品的口感和味道如何。
56697889278,生活日杂,素颜霜,1,该用户可能在询问或提及直播间正在介绍或展示的素颜霜产品，表达对其功效或使用体验的兴趣。
56697889278,生活日杂,放点糖,0,该用户可能是希望主播在介绍的产品（如水果或饮品）中添加糖分以提升口感或风味。
56697889278,生活日杂,中果没了,1,该用户想表达的含义是：中等大小的苹果已经售罄了。
56697889278,生活日杂,看下小果,1,该用户想表达的含义是：请展示一下小规格的苹果产品。
56697889278,生活日杂,折耳根要放糖才好吃,0,该用户可能在参与讨论食物口味偏好，表达对折耳根烹饪方式的个人见解，暗示对当前直播中相关食材或做法的兴趣。
56697889278,生活日杂,怎么一直显示无货啊,1,该用户因无法购买到心仪商品而感到失望和焦急，希望了解缺货原因并寻求解决方案。
56697889278,生活日杂,美可卓全脂奶粉有吗,1,该用户是在询问直播间是否售卖美可卓全脂奶粉，并表现出对该产品的明确购买意向。
56697889278,生活日杂,老乡,0,该用户可能是想用亲切的称呼拉近距离，询问主播或产品相关信息以确认是否是自己熟悉或信任的渠道。
56697889278,生活日杂,拍不了苹果,1,该用户想表达的含义是：无法下单购买苹果（可能是因为缺货或其他技术问题）。
56697889278,生活日杂,跟我是老乡,0,该用户可能是在通过地域认同拉近与主播的关系，暗示对当前讨论的商品（如苹果或奶粉）有潜在兴趣或信任感。
56697889278,生活日杂,苹果脆吗,1,该用户是在询问苹果的口感是否爽脆，以此判断是否符合自己的购买偏好。
56697889278,生活日杂,苹果酸奶吗,1,该用户可能是询问直播中提到的苹果是否可以搭配酸奶食用，或对苹果酸奶的组合产品感兴趣。
56697889278,生活日杂,苹果还有吗？,1,该用户想询问直播间是否还有苹果库存可供购买。
56697889278,生活日杂,我从小就吃折耳根,0,该用户想表达的含义是：我对折耳根这种食品非常熟悉且有长期食用习惯。
56697889278,生活日杂,我以为你云南的,0,该用户可能误以为主播是云南人，因此对直播中提到的云南相关话题（如折耳根）产生了地域认同感。
56697889278,生活日杂,你用的杯子有吗,1,该用户是在询问主播使用的同款杯子是否在售。
56697889278,生活日杂,苹果好吃,1,该用户想表达的含义是：对直播中展示的苹果品质表示认可或询问其他观众对其口感的评价。
56697889278,生活日杂,还会上鲜花吗？,1,该用户是在询问直播间是否会再次补货或上架鲜花商品。
56697889278,生活日杂,陕西的苹果都很好,1,该用户可能是在认可陕西苹果的品质，暗示自己有兴趣购买或正在考虑下单。
56697889278,生活日杂,小果多大,1,该用户想询问直播中展示的小果的具体尺寸或规格。
56697889278,生活日杂,我也是湖北咸宁赤壁人,0,该用户想表达的含义是：我和主播是同乡，这让我对直播内容更有亲近感和信任感。
56697889278,生活日杂,小米是那种黄金小米吗？,1,该用户是在询问直播中提到的“小米”是否属于高品质的黄金小米品种，以判断是否值得购买。
56697889278,生活日杂,苹果没有了吗？,1,该用户是在询问直播间是否已经售罄或下架了苹果商品。
56697889278,生活日杂,中果没有了,1,该用户想询问直播中展示的中等规格苹果是否已经售罄。
56697889278,生活日杂,内蒙古怎么不发,1,该用户可能在询问为何没有内蒙古地区的商品或物流配送选项。
56697889278,生活日杂,苹果没货呀,1,该用户想表达的含义是：对苹果缺货的情况感到失望或疑惑，并希望确认是否还会补货。
56697889278,生活日杂,博洋系列哪种好吃？,1,该用户是在询问博洋系列产品中哪些口味或款式更值得推荐购买。
56697889278,生活日杂,没打蜡吧？外面,1,该用户可能是在询问直播中展示的苹果是否经过打蜡处理，并关心产品的外表是否自然。
56697889278,生活日杂,牧族鸡蛋啥时候上呀？求购！！！！,1,该用户急切询问牧族鸡蛋的上架时间，并表现出强烈的购买意愿。
56697889278,生活日杂,鲜花还有吗,1,该用户是在询问直播中提到的鲜花商品是否还有库存可供购买。
56697889278,生活日杂,买了中果,1,该用户想表达的含义是：自己已经下单购买了中等大小的苹果。
56697889278,生活日杂,小果是哪个？,1,该用户是在询问直播中提到的“小果”具体是指哪种规格或类型的苹果产品。
56697889278,生活日杂,大连拍不了,1,该用户想表达的含义是：自己所在的大连地区无法购买直播间的商品。
56697889278,生活日杂,没了,1,该用户想表达的含义是：商品已经售罄或下架了。
56697889278,生活日杂,看看衣服后面,1,该用户想表达的含义是：希望主播展示一下衣服的背面细节。
56697889278,生活日杂,苹果没有了,1,该用户想表达的是询问直播间是否已经售罄了苹果产品。
56697889278,生活日杂,是净重五斤吗,1,该用户是在确认商品的包装规格是否为去掉包装后的实际重量五斤。
56697889278,生活日杂,小贝感冒了吗,0,该用户可能是在询问主播提到的“小贝”相关产品（如水果品种或商品名称）是否存在质量问题或状态不佳，类似之前弹幕中对其他产品的细节询问。
56697889278,生活日杂,有风筝吗,1,该用户是在询问直播间是否有风筝产品在售。
56697889278,生活日杂,苹果是脆的吗,1,该用户是在询问苹果的口感是否脆甜，以确认是否符合自己的购买偏好。
56697889278,生活日杂,中果没货了,1,该用户想表达的含义是：询问中等规格的苹果是否已经售罄。
56697889278,生活日杂,杯子,1,该用户可能在询问直播中展示的杯子是否还有库存或具体款式信息。
56697889278,生活日杂,辽宁拍不了,1,该用户想表达的含义是：自己所在的辽宁地区无法下单购买商品。
56697889278,生活日杂,拍了苹果,0,该用户想表达的含义是：已经下单购买了苹果。
56697889278,生活日杂,脆的还是面的,1,该用户想询问直播中提到的苹果的口感是偏脆爽还是偏粉糯。
56697889278,生活日杂,看看小果有多大,1,该用户想表达的含义是：想了解小果的具体尺寸或实物展示。
56697889278,生活日杂,这苹果是脆的还是粉的,1,该用户想询问苹果的口感特性是偏爽脆还是绵软，以决定是否购买。
56697889278,生活日杂,能看看海南小香薯吗,1,该用户想表达的含义是：希望主播展示或介绍海南小香薯的产品详情。
56697889278,生活日杂,有不脆的苹果吗,1,该用户想询问直播间是否有口感偏粉（不脆）的苹果品种。
56697889278,生活日杂,小米是黄金小米吗,1,该用户是在询问直播中提到的“小米”是否属于高品质的黄金小米品种。
56697889278,生活日杂,上次久泰农业的苹果有吗,1,该用户是在询问直播间是否还有之前售卖过的久泰农业品牌的苹果库存。
56697889278,生活日杂,感觉小贝今天的节奏有点乱,0,该用户可能觉得主播小贝今天的直播流程不够流畅，影响了观看和购物体验。
56697889278,生活日杂,酸吗,1,该用户是在询问直播中展示的苹果口感是否偏酸。
56697889278,生活日杂,不错,1,该用户可能对当前展示的商品或主播的介绍表示认可或满意。
56697889278,生活日杂,美可卓全脂,1,该用户可能在询问直播中是否有售卖美可卓品牌的全脂奶粉或相关产品。
56697889278,生活日杂,今天有八珍糕吗,1,该用户是在询问直播间当前是否有售卖八珍糕这款产品。
56697889278,生活日杂,东北真的不冷了可以发货了,0,该用户想表达的含义是：东北地区的气温已经回升，可以正常发货了。
56697889278,生活日杂,苹果比超市还便宜，宇辉同行直播间买的放心,1,该用户认为直播间售卖的苹果价格实惠且品质可靠，表达了对商品的认可和购买意愿。
56697889278,生活日杂,下单了,0,该用户想表达的含义是：我已经购买了直播间的商品。
56697889278,生活日杂,你尝一尝,0,该用户可能是想让主播现场试吃展示苹果的口感或品质。
56697889278,生活日杂,美可卓全脂奶粉,1,该用户可能在询问或确认直播间是否有售卖美可卓品牌的全脂奶粉。
56697889278,生活日杂,黄苹果有吗？,1,该用户是在询问直播间是否有售卖黄色品种的苹果。
56697889278,生活日杂,为啥要运费,0,该用户对商品价格中包含运费表示不解或不满，暗示希望获得包邮优惠。
56697889278,生活日杂,苹果上连接,1,该用户想询问苹果产品是否附带连接线或相关配件。
56697889278,生活日杂,甜吗？,1,该用户是在询问直播中展示的水果（可能是苹果）的甜度如何。
56697889278,生活日杂,颜色不错,1,该用户认为商品的颜色吸引人，可能对产品产生了购买兴趣。
56697889278,生活日杂,下午好,0,该用户可能是在礼貌性地打招呼，试图融入直播间的互动氛围，但并未直接表达明确的购买意向或商品咨询需求。
56697889278,生活日杂,小贝的上衣是直播间的8号链接吗？,1,该用户想确认主播小贝穿的上衣是否在直播间购物链接中的第8号商品，以便自己快速找到并下单购买。
56697889278,生活日杂,是脆果还是沙果？,1,该用户是在询问当前介绍的苹果品种属于口感脆爽的类型还是质地粉沙的类型。
56697889278,生活日杂,中果,1,该用户可能在询问直播中提到的苹果是否为中等大小的规格。
56697889278,生活日杂,小贝真好看呀,0,该用户是在夸赞主播小贝的外貌或整体形象，但并未直接表现出对商品的购买兴趣。
56697889278,生活日杂,苹果不错,1,该用户是在认可苹果的品质或价格，可能有意向购买。
56697889278,生活日杂,有红枣吗？,1,该用户是在询问直播间是否有红枣产品在售。
56697889278,生活日杂,颜色好,1,该用户认为商品的颜色看起来很好，可能对产品产生了兴趣或认可。
56697889278,生活日杂,再看一眼小果,1,该用户想表达的含义是：想再次确认或关注直播中提到的“小果”相关信息或购买链接。
56697889278,生活日杂,主播看一下烤奶，刚民吃的那个？,1,该用户可能是对主播刚才展示或提到的“烤奶”产品产生了兴趣，想进一步了解或确认产品信息。
56697889278,生活日杂,没货,1,该用户想表达的含义是：询问或抱怨商品目前缺货无法购买。
56697889278,生活日杂,中午好贝贝,0,该用户想表达的含义是：友好地向主播打招呼并拉近距离。
56697889278,生活日杂,发什么快递,0,该用户想询问商品的配送方式或快递公司信息。
56697889278,生活日杂,小果也甜,1,该用户想表达的含义是：询问小个头的苹果是否同样口感香甜。
56697889278,生活日杂,看一下小果,1,该用户想表达的含义是：请主播展示或详细介绍小规格的苹果产品。
56697889278,生活日杂,挺好看的,1,该用户觉得直播展示的商品外观吸引人，可能对产品产生了兴趣。
56697889278,生活日杂,甜瓜哪种好吃？,1,该用户可能在询问主播推荐口感较好的甜瓜品种，表现出对购买甜瓜的兴趣和选择上的犹豫。
56697889278,生活日杂,衬衣不错,1,该用户可能对展示的衬衫款式表示认可，并隐含询问购买链接或进一步了解的意向。
56697889278,生活日杂,鲜花啥时候返场,1,该用户是在询问之前出现过的鲜花商品何时会再次上架销售。
56697889278,生活日杂,好可口,1,该用户想表达的含义是：这款商品看起来非常诱人，让人有购买的欲望。
56697889278,生活日杂,讲的好,0,该用户可能是在肯定主播的讲解内容或表现，暗示对当前介绍的产品产生了兴趣或好感。
56697889278,生活日杂,下单一号商品,0,该用户明确表达了想要购买直播间中一号商品的意愿。
56697889278,生活日杂,衬衣容易起皱不,1,该用户是在询问衬衫的面料特性是否容易起皱，以评估产品的实用性和维护成本。
56697889278,生活日杂,出来看看衬衫,1,该用户想表达的含义是：让主播展示一下衬衫的款式或细节。
56697889278,生活日杂,没有苹果啊,1,该用户想表达的含义是：直播间里没有看到他们想找的苹果商品。
56697889278,生活日杂,这个苹果好吃,1,该用户是在肯定苹果的品质，暗示有购买意向。
56697889278,生活日杂,看看衬衣,1,该用户想表达的含义是：让主播展示一下衬衫的细节或上身效果。
56697889278,生活日杂,几号链接是折耳根,1,该用户想询问折耳根对应的商品链接编号以便购买。
56697889278,生活日杂,哪里看，到五号链接,1,该用户想询问主播如何找到并购买五号链接对应的商品。
56697889278,生活日杂,雪平锅还有吗,1,该用户想询问直播间是否还有雪平锅的库存可供购买。
56697889278,生活日杂,物美价廉非常划算,1,该用户认为商品性价比高，值得购买。
56697889278,生活日杂,粑粑柑还有吗,1,该用户想询问当前直播中是否有粑粑柑这款商品在售。
56697889278,生活日杂,你的衣服是哪个码子,1,该用户想询问主播身上所穿衣服的具体尺码信息，以便参考购买。
56697889278,生活日杂,云南那舞蹈太美了,0,该用户被直播中展示的云南舞蹈所吸引，表达了对这一文化表演的欣赏和兴趣。
56697889278,生活日杂,新来的朋友点点关注不迷路,0,该用户是在呼吁新观众关注主播以便后续获取直播内容和商品信息。
56697889278,生活日杂,不错,1,该用户想表达的含义是：对当前展示的商品表示认可或满意。
56697889278,生活日杂,衬衣有紫色的吗？,1,该用户想询问衬衫是否有紫色款可供选择。
56697889278,生活日杂,我买的小果嘎嘣脆苹果,1,该用户想表达的含义是：自己之前购买的这款苹果口感很好，脆甜可口。
56697889278,生活日杂,大家一起点点赞点赞点赞,0,该用户是在呼吁观众互动，通过点赞提升直播间热度以吸引更多关注。
56697889278,生活日杂,羊角蜜,1,该用户可能在询问直播间是否有售卖羊角蜜这种水果。
56697889278,生活日杂,很好吃甜啊,1,该用户想表达的含义是：这款甜品的味道非常不错。
56697889278,生活日杂,脆甜,1,该用户想表达的含义是：苹果的口感脆甜可口，值得购买。
56697889278,生活日杂,与辉同行真不错,0,该用户想表达的含义是：对当前直播间的整体表现或主播的互动风格感到满意和赞赏。
56697889278,生活日杂,可以看看衬衣吗,1,该用户想表达的含义是：希望主播展示或详细介绍衬衫的相关信息。
56697889278,生活日杂,苹果发上海为啥要运费,0,该用户可能在询问为什么购买苹果寄送到上海需要额外支付运费，隐含对运费政策的不满或疑惑。
56697889278,生活日杂,什么时候还有家电专场？,1,该用户对家电类商品感兴趣，希望了解下一次相关主题直播的时间安排。
56697889278,生活日杂,乳扇,1,该用户可能是在询问直播中提到的“乳扇”商品的相关信息或购买链接。
56697889278,生活日杂,9号最好吃,1,该用户认为9号链接的商品口感最佳，可能是在推荐或认可该产品的味道。
56697889278,生活日杂,各有各的味,0,该用户可能是在评价直播中提到的不同产品的口味各有特色，表达对商品多样性的认可或对比感受。
56697889278,生活日杂,羊角蜜是不是脆的？,1,该用户想询问羊角蜜的口感是否脆爽，以判断是否符合自己的购买偏好。
56697889278,生活日杂,男士裤子有时间上吗,1,该用户是在询问直播间是否会安排上新男士裤子的时间。
56697889278,生活日杂,哪一种最甜？,1,该用户是在询问当前直播中展示的几种水果里哪个品种口感最甜。
56697889278,生活日杂,甜吗,1,该用户是在询问直播中展示的水果（可能是苹果或羊角蜜）的甜度如何。
56697889278,生活日杂,苹果没货吗,1,该用户是在询问直播间所售卖的苹果是否已经售罄或暂时缺货。
56697889278,生活日杂,海参啥时候介绍,1,该用户想询问直播中介绍海参产品的具体时间安排。
56697889278,生活日杂,衣服，那么快没有现货了,1,该用户对衣服缺货感到意外和遗憾，可能原本有购买意向但没抢到。
56697889278,生活日杂,哪个最甜呀？,1,该用户想询问直播间正在介绍的商品中哪一种口感最甜。
56697889278,生活日杂,海参啥码介绍,1,该用户想询问主播关于海参产品的具体规格或尺码信息。
56697889278,生活日杂,有没有面苹果了？,1,该用户是在询问直播间是否还有脆甜口感的苹果库存。
56697889278,生活日杂,那种最甜,1,该用户是在询问当前介绍的水果或食品中哪个品种的甜度最高。
56697889278,生活日杂,衬衫看看,1,该用户想表达的含义是：我想了解一下衬衫的款式或详情。
56697889278,生活日杂,小贝，衬衫是浅蓝色么,1,该用户是在询问主播衬衫的具体颜色是否为浅蓝色，表现出对商品细节的关注和潜在的购买意向。
56697889278,生活日杂,衬衣能看一下后面吗,1,该用户希望主播展示衬衫的背面细节以便进一步了解商品款式。
56697889278,生活日杂,山东甜瓜还是青州弥河银瓜最好吃,0,该用户是在对比不同产地的甜瓜品质，并强调青州弥河银瓜的口感和产地优势。
56697889278,生活日杂,杯子咋不说了,1,该用户是在催促主播继续介绍或展示之前提到的杯子产品。
56697889278,生活日杂,衣服没有现货吗？,1,该用户是在询问直播中展示的服装是否已经售罄或无法立即购买。
56697889278,生活日杂,有小枣粽子吗？,1,该用户是在询问直播间是否售卖小枣馅的粽子，表现出对特定口味粽子的购买兴趣。
56697889278,生活日杂,这个是农户还是二手贩子的瓜,0,该用户想确认所售卖的瓜是直接从农户手中采购的，还是经过中间商转手的。
56697889278,生活日杂,哪个甜一点,1,该用户想询问当前介绍的商品中哪一款口味更甜。
56697889278,生活日杂,青州弥河银瓜最好吃！,0,该用户想表达的含义是：在比较不同甜瓜品种时，他认为青州弥河银瓜的口感和品质最为出色。
56697889278,生活日杂,哪个最甜,1,该用户是在询问直播间展示的水果中哪种口感最甜，希望主播能推荐甜度最高的品种。
56697889278,生活日杂,羊角蜜还是头茬吗,1,该用户是在询问当前售卖的羊角蜜是否属于品质更好的头茬瓜，以此判断是否值得购买。
56697889278,生活日杂,什么瓜,1,该用户可能在询问直播中提到的瓜类产品的具体品种或品质信息。
56697889278,生活日杂,有黑豆吗？,1,该用户想询问直播间是否售卖黑豆这一商品。
56697889278,生活日杂,主播，中午好,0,该用户可能在礼貌性打招呼的同时，暗示主播尽快进入正题介绍商品。
56697889278,生活日杂,杯子,1,该用户是在催促主播继续介绍或展示杯子的相关信息或产品。
56697889278,生活日杂,这个瓜好吃,1,该用户是在询问或确认主播正在介绍的瓜类产品的口感品质，表达了对这款瓜的潜在购买兴趣。
56697889278,生活日杂,哇塞,0,该用户想表达的含义是：对当前展示的商品感到惊喜和赞叹。
56697889278,生活日杂,个人感觉羊角蜜好吃,1,该用户是在对比讨论不同瓜果的口感，表达自己对羊角蜜这款瓜的偏好和认可。
56697889278,生活日杂,吃瓜群众,0,该用户想表达的含义是：我只是随便看看，暂时没有明确的购买意向。
56697889278,生活日杂,连皮吃吗,1,该用户是在询问直播中展示的瓜类产品是否需要去皮食用。
56697889278,生活日杂,这谁？,0,该用户可能是在询问当前直播画面中展示的产品或人物的具体身份或名称。
56697889278,生活日杂,哪种更甜一点？,1,该用户想询问直播间正在介绍的几种瓜类产品中，哪一种的甜度更高。
56697889278,生活日杂,好可爱,0,该用户被直播中展示的商品或内容所吸引，觉得其外观或特性非常讨人喜欢。
56697889278,生活日杂,闯子吗,0,该用户可能在询问主播或产品相关人员的身份，比如“这是闯子在介绍产品吗？”或“现在发言的是闯子吗？”，表达对当前说话者身份的确认需求。
56697889278,生活日杂,直接喂啊,0,该用户可能是在询问主播是否可以不用切块、直接整颗食用展示的瓜果。
56697889278,生活日杂,这小伙也挺帅！,0,该用户是在夸赞主播的外貌，表达对主播的好感和关注。
56697889278,生活日杂,喂他,0,该用户可能在催促主播直接试吃或展示瓜的食用方式。
56697889278,生活日杂,喝口水再吃第二个,0,该用户可能在调侃主播或观众互动时的吃播场景，暗示“稍作休息再继续品尝下一个（产品）”。
56697889278,生活日杂,好有福气啊,0,该用户可能在夸赞主播或直播间的氛围让人感到幸运或愉快。
56697889278,生活日杂,籽儿也能吃吗？,1,该用户是在询问直播中展示的食品（可能是某种瓜果）的籽是否可以食用，表现出对产品细节的关注和潜在的购买兴趣。
56697889278,生活日杂,哈哈啊哈哈,0,该用户被直播间的欢乐氛围或主播的幽默表现逗乐，用笑声表达轻松愉快的观看体验。
56697889278,生活日杂,享受,0,该用户可能是在看到主播或其他观众互动时感到愉悦，想表达对当前轻松欢乐的直播氛围的喜爱和沉浸感。
56697889278,生活日杂,吃瓜嘉宾,0,该用户是在调侃或指认直播中某位嘉宾的身份或行为，将其戏称为“吃瓜”的旁观者角色。
56697889278,生活日杂,哈哈,0,该用户可能是被直播间的轻松氛围或主播的幽默表现逗乐，用“哈哈”表达一种随性愉悦的情绪，属于互动中的自然反应而非明确购买意向。
56697889278,生活日杂,这个皮也能吃吗,1,该用户是在询问直播中展示的食品（可能是瓜类）的外皮是否可以食用。
56697889278,生活日杂,这个不用削皮吗,1,该用户是在询问产品是否可以无需处理直接食用，表现出对商品使用便利性的关注和潜在购买兴趣。
56697889278,生活日杂,皮可以吃,0,该用户想表达的含义是：询问当前展示的水果是否可以连皮食用。
56697889278,生活日杂,削皮更好吃,0,该用户认为羊角蜜削皮后口感更佳，是在回应关于是否需要削皮的讨论。
56697889278,生活日杂,皮能吃,0,该用户是在询问直播中展示的水果或食物的外皮是否可以食用。
56697889278,生活日杂,皮不用削，很薄很薄,0,该用户想表达的含义是：这个水果的皮非常薄，可以直接食用不需要削皮。
56697889278,生活日杂,谢谢主播的分享,0,该用户想表达对主播讲解或展示内容的感谢和认可。
56697889278,生活日杂,哼，上次这款混搭 我只买了博洋9号,0,该用户想表达的含义是：对上次只购买了博洋9号这一款产品感到不太满意，暗示这次可能会考虑尝试其他款式或搭配。
56697889278,生活日杂,洗干净皮可以吃,0,该用户想表达的意思是：这种水果的果皮清洗后是可以食用的。
56697889278,生活日杂,没货,1,该用户可能是在抱怨或询问直播中提到的商品已经售罄，无法购买。
56697889278,生活日杂,看看衬衣,1,该用户想表达的含义是：对主播展示的衬衣产品产生了兴趣，希望进一步了解细节或观看实物展示。
56697889278,生活日杂,中午好,0,该用户可能是在打招呼或表示自己刚进入直播间，试图融入当前的互动氛围。
56697889278,生活日杂,生活有点甜,0,该用户可能是在感叹当前直播展示的商品（如甜瓜或甜食）带来的愉悦感受，暗示对产品品质的认可或产生购买兴趣。
56697889278,生活日杂,看一下衬衫,1,该用户想表达的含义是：对主播展示的衬衫产品感兴趣，希望进一步了解详情。
56697889278,生活日杂,我家猫也爱吃,1,该用户想表达的含义是：这款产品适合宠物食用，我家猫咪也有同样的喜好。
56697889278,生活日杂,衬衣,1,该用户想表达的含义是：对直播中展示的衬衫感兴趣，希望进一步了解或购买。
56697889278,生活日杂,72号和9号哪个更甜？,1,该用户想询问主播推荐哪一款水果的口感更甜，比较的是72号和9号两个品种。
56697889278,生活日杂,几号链接的瓜好吃,1,该用户想询问主播推荐哪个商品链接中的瓜果口感更好，以便做出购买选择。
56697889278,生活日杂,上一下核桃,1,该用户希望主播尽快上架或展示核桃商品以供购买。
56697889278,生活日杂,数字代表什么意思？,0,该用户可能在询问直播间提到的产品编号（如“72号”“9号”）所对应的具体品种或品质差异。
56697889278,生活日杂,72号没货了,1,该用户想表达的含义是：询问或提醒主播72号商品已经售罄了。
56697889278,生活日杂,羊角脆好吃,1,该用户想表达的含义是：对羊角脆这款产品的味道表示认可和赞赏。
56697889278,生活日杂,羊角蜜没货了,1,该用户想表达的含义是：询问或提醒主播羊角蜜这款商品已经售罄了。
56697889278,生活日杂,蒲公英的饺子好吃吗,1,该用户是在询问蒲公英馅饺子的口味如何，可能对尝试新品感兴趣或想确认其食用体验。
56697889278,生活日杂,拍不了,1,该用户想表达的含义是：商品缺货无法下单购买。
56697889278,生活日杂,好保存吗,1,该用户可能在询问商品的储存条件或保质期，担心购买后是否容易保存。
56697889278,生活日杂,哪个好吃,1,该用户想询问直播间正在介绍的商品中哪一款口味更好或更受欢迎。
56697889278,生活日杂,我家猫爱吃云南各种玉米,1,该用户想表达的含义是：对直播中提到的云南玉米产品感兴趣，并暗示自家宠物喜欢这类食品，可能有购买意向。
56697889278,生活日杂,72没货了,1,该用户想表达的含义是：询问或提醒72号商品已经售罄无法购买。
56697889278,生活日杂,中午好,0,该用户可能是在打招呼的同时，暗示自己刚进入直播间并准备参与互动。
56697889278,生活日杂,博洋几号更甜,1,该用户想询问博洋品牌的几号产品口感更甜。
56697889278,生活日杂,72号加库存呢,1,该用户希望商家为72号商品补充库存以便购买。
56697889278,生活日杂,都很好吃,1,该用户可能是在回应主播关于产品口味的讨论，表达对当前推荐的多款食品都感兴趣的倾向。
56697889278,生活日杂,甜吗,1,该用户是在询问直播中提到的某款水果（可能是博洋系列或编号品种）的甜度如何。
56697889278,生活日杂,海参要买能介绍一下吗,1,该用户想表达的含义是：对海参产品感兴趣并希望主播详细介绍其特点和购买方式。
56697889278,生活日杂,买不了啊,1,该用户想表达的含义是：由于商品缺货或购买流程问题导致无法成功下单。
56697889278,生活日杂,有没有猫粮推荐啊,1,该用户可能在询问适合自家猫咪的猫粮产品推荐，表现出对直播间相关商品的购买兴趣。
56697889278,生活日杂,哪个甜？,1,该用户是在询问主播展示的某款水果（可能是博洋系列或羊角蜜等）中哪个品种的甜度更高。
56697889278,生活日杂,什么时候说说衣服？,1,该用户想询问主播何时开始介绍服装相关的产品信息。
56697889278,生活日杂,看哈里面那件白色衣服,1,该用户想表达的含义是：对直播中展示的白色衣服感兴趣，想进一步了解或购买。
56697889278,生活日杂,72号没有了,1,该用户想表达的含义是：询问或提醒主播72号商品已售罄，希望补货或确认是否还会上架。
56697889278,生活日杂,主要是减肥,0,该用户可能是想询问直播中提到的产品是否适合减肥人群，或者表达自己关注减肥因此对相关产品更感兴趣。
56697889278,生活日杂,没货72,1,该用户想表达的含义是：72号商品已经缺货了。
56697889278,生活日杂,中午好,0,该用户可能在礼貌性地打招呼，同时观察直播间的互动氛围，尚未明确表达购买意向。
56697889278,生活日杂,看看衬衣,1,该用户想表达的含义是：希望主播展示或介绍衬衫款式以供参考。
56697889278,生活日杂,有猪油吗,1,该用户可能在询问直播间是否有售卖猪油产品。
56697889278,生活日杂,龙眼干发的啥快递,0,该用户想知道商家发货时使用的快递公司是哪家。
56697889278,生活日杂,拍不了，加单,1,该用户想表达的是：当前商品无法下单，希望主播增加库存或重新上架。
56697889278,生活日杂,好吃的！以经没货了！,1,该用户想表达的含义是：对某款商品的口味表示认可，并遗憾地发现已经售罄。
56697889278,生活日杂,没货了,1,该用户想表达的含义是：对某款商品售罄感到失望或催促补货。
56697889278,生活日杂,好看,0,该用户想表达的含义是：对直播中展示的某件商品外观表示赞赏或产生兴趣。
56697889278,生活日杂,衬衣几号链接,1,该用户想询问直播间展示的衬衫对应的商品购买链接编号。
56697889278,生活日杂,博洋几号更甜？,1,该用户想询问博洋品牌的某个编号产品是否比其他同类产品更甜，以便做出购买决策。
56697889278,生活日杂,主播最甜,0,该用户可能在询问主播推荐的产品中哪一款甜度最高或口感最甜。
56697889278,生活日杂,看看衬衫,1,该用户想表达的含义是：让主播展示或详细介绍衬衫款式。
56697889278,生活日杂,哪个巨甜和脆,1,该用户想询问当前直播中展示的水果品种里哪一个既非常甜又口感脆爽。
56697889278,生活日杂,桂圆干大不大,1,该用户是在询问桂圆干的颗粒大小是否符合预期，以评估是否值得购买。
56697889278,生活日杂,上72号,1,该用户想表达的含义是：询问72号商品是否还有库存或能否重新上架。
56697889278,生活日杂,哪个最甜？,1,该用户想询问主播展示的商品中哪一款口感最甜。
56697889278,生活日杂,烤肠,1,该用户可能是想询问直播间是否有售卖烤肠，或是表达对烤肠产品的兴趣。
56697889278,生活日杂,外套看一下后面,1,该用户想表达的含义是：希望主播展示外套的背面细节。
56697889278,生活日杂,杯子杯子,1,该用户可能是想询问或催促主播展示或介绍杯子产品。
56697889278,生活日杂,北京下雪啦，小贝快出来感受一下,0,该用户可能在以轻松调侃的方式提醒主播关注外界天气变化，同时隐含对主播现身互动的期待。
56697889278,生活日杂,没了没了没了,1,该用户想表达的含义是：商品已经售罄了，感到遗憾或急切。
56697889278,生活日杂,保温杯看看,1,该用户想表达的含义是：请主播展示一下保温杯的产品信息或详细介绍。
56697889278,生活日杂,拍不了,1,该用户想表达的含义是：当前商品无法下单购买。
56697889278,生活日杂,没货了,1,该用户想表达的含义是：商品已经售罄无法购买。
56697889278,生活日杂,哪个更甜,1,该用户是在询问直播间展示的某类商品（可能是水果或甜食）中哪一款的甜度更高，希望主播能进行比较推荐。
56697889278,生活日杂,都甜,0,该用户是在询问主播当前展示的商品中哪一种口感更甜。
56697889278,生活日杂,博洋72没货了？,1,该用户是在询问商品“博洋72”是否已经售罄，表现出对该商品的购买意向和库存情况的关注。
56697889278,生活日杂,这个是水果？,1,该用户可能是在询问当前展示的商品是否为水果类产品，或是想确认某种特定水果的品种或品质。
56697889278,生活日杂,哪个瓜甜,1,该用户是在询问主播推荐口感更甜的瓜类商品。
56697889278,生活日杂,好看,0,该用户想表达的含义是：对当前展示的商品外观表示满意或赞赏。
56697889278,生活日杂,棉噶,1,该用户可能在询问主播展示的棉质商品的具体情况或特点。
56697889278,生活日杂,哪个不是很甜但是又有点甜味儿,1,该用户想询问直播间是否有口味适中、甜度适中的产品推荐。
56697889278,生活日杂,您穿的多大尺码的？,1,该用户想询问主播身上展示的服装尺码作为自己购买的参考。
56697889278,生活日杂,红糖，红糖,1,该用户可能在催促主播展示或介绍红糖产品，表达对红糖的兴趣或购买意向。
56697889278,生活日杂,容易皱,0,该用户可能是在询问或评论某件衣物的面料是否容易起皱，表达了对商品实用性的关注。
56697889278,生活日杂,那个比较好吃,1,该用户可能在询问直播中展示的食品里哪一款口味更出众或更符合自己的偏好。
56697889278,生活日杂,72，羊角蜜，都拍了,1,该用户想表达的含义是：我已经下单购买了72号博洋瓜和羊角蜜这两种商品。
56697889278,生活日杂,能说说海参吗,1,该用户想表达的含义是：想了解直播中提到的海参产品的详细信息。
56697889278,生活日杂,陕西昨天也下雪了,0,该用户可能是在借陕西下雪的天气话题，间接询问直播间售卖的产品（如保暖用品或应季食品）是否适合当地气候或使用场景。
56697889278,生活日杂,哪个不是特别甜但是又有点甜味儿？,1,该用户想询问直播中是否有口味介于微甜和中等甜度之间的商品推荐。
56697889278,生活日杂,保温杯,1,该用户可能是想询问保温杯的相关信息或库存情况。
56697889278,生活日杂,背景下雪了，抖音热搜都有,0,该用户可能是想表达直播间背景的下雪特效或场景与抖音热搜上的下雪话题相关，暗示注意到了直播间的氛围设计。
56697889278,生活日杂,小贝的水杯,1,该用户可能在询问主播展示的水杯产品信息或表达对水杯的兴趣。
56697889278,生活日杂,72号有没,1,该用户想询问商品编号72的货品是否还有库存。
56697889278,生活日杂,山东下雪了,0,该用户想表达的含义是：借由天气话题暗示对直播背景或当前讨论内容的关注，试图融入互动氛围。
56697889278,生活日杂,咱们湖北也下雪了,0,该用户想表达的含义是：通过提及家乡下雪来参与直播间关于天气的闲聊互动。
56697889278,生活日杂,广西还在等降温，最近太热,0,该用户可能在借天气话题参与互动，暗示对直播间展示的应季清凉产品或降温相关商品（如冷饮、夏装等）存在潜在兴趣。
56697889278,生活日杂,还有玉美天下的玉米吗,1,该用户想询问直播间是否还有“玉美天下”品牌的玉米库存可供购买。
56697889278,生活日杂,保温杯讲了吗？,1,该用户是在询问主播是否已经介绍过保温杯的相关信息。
56697889278,生活日杂,小贝那个小的保温杯,1,该用户想询问主播关于小贝提到的那款小型保温杯的详细信息或购买方式。
56697889278,生活日杂,有没有洗发水,1,该用户想询问直播间是否在售卖或介绍洗发水产品。
56697889278,生活日杂,小贝跳一个,0,该用户可能是想通过互动方式活跃气氛，提议主播“小贝”进行才艺表演以增加直播趣味性。
56697889278,生活日杂,以前卖的纯碱小馒头，馍片什么时候上，橱窗里也没有,1,该用户想询问之前售卖过的纯碱小馒头和馍片何时会再次上架，并注意到当前橱窗里没有这些商品。
56697889278,生活日杂,水果玉米,1,该用户可能在询问直播间是否有之前提到过的“水果玉米”在售或相关产品信息。
56697889278,生活日杂,陕西咸阳西安昨天也下雪了,0,该用户想表达的含义是：我们陕西咸阳和西安地区昨天同样也下雪了，呼应其他观众提到的各地下雪情况。
56697889278,生活日杂,想要上衣链接,1,该用户希望主播提供当前展示的上衣商品购买链接。
56697889278,生活日杂,西梅,1,该用户可能在询问直播间是否有西梅产品在售或想了解西梅的相关信息。
56697889278,生活日杂,宇辉怎么不去杭州了,0,该用户可能在询问主播“宇辉”为何取消了原定前往杭州的行程或活动安排。
56697889278,生活日杂,儿童保温杯有大容量的吗？,1,该用户是在询问直播中提到的儿童保温杯是否有更大容量的款式可供选择。
56697889278,生活日杂,粘玉米,1,该用户可能在询问直播间是否有售卖粘玉米这款产品。
56697889278,生活日杂,甜不甜,1,该用户可能在询问直播中展示的水果或零食（如玉米、西梅等）的口感是否香甜可口。
56697889278,生活日杂,云南专场结束了吗,0,该用户想确认云南专场的直播环节是否已经完结，可能是想了解是否错过了相关商品的介绍或购买机会。
56697889278,生活日杂,血糖高可以吃吗,1,该用户可能是在询问直播中展示的食品（如玉米或其他零食）是否适合血糖高的人群食用。
56697889278,生活日杂,羊角蜜香呐,1,该用户是在询问或感叹直播中提到的羊角蜜瓜的香气和品质如何。
56697889278,生活日杂,贝贝，你穿的白短袖，我113斤身高157穿什么码合适呢,1,该用户想表达的含义是：询问主播身上同款白短袖的尺码推荐，以便根据自己的体型购买合适的款式。
56697889278,生活日杂,小贝也变吃货了吗,0,该用户是在调侃主播小贝最近频繁推荐或品尝美食，表现出对食物的热衷。
56697889278,生活日杂,好吃的,1,该用户想表达的含义是：对当前直播中展示的食品表示认可或感兴趣。
56697889278,生活日杂,好大一根玉米,0,该用户是在感叹玉米的尺寸较大，可能对其品质或分量产生了兴趣或惊讶。
56697889278,生活日杂,小贝，你的左脸怎么啦,0,该用户可能是注意到主播左脸有异常（如受伤、妆容问题等），出于关心或好奇而询问情况。
56697889278,生活日杂,甜度多少,1,该用户是在询问直播中展示的水果（可能是玉米或羊角蜜）的糖分含量。
56697889278,生活日杂,炖菜里也好吃,0,该用户认为直播中展示的某款食材（可能是玉米或其他农产品）不仅可以直接食用，还适合用来炖煮菜肴增添风味。
56697889278,生活日杂,要再加热吃吗,1,该用户可能在询问直播中展示的食品是否需要加热后食用更佳。
56697889278,生活日杂,好吃,1,该用户是在品尝或看到直播中展示的食品后，对其口味表示满意和称赞。
56697889278,生活日杂,小贝小贝有上洗发水吗？去屑的推荐一下,1,该用户想询问直播间是否有去屑洗发水产品并希望主播推荐合适的款式。
56697889278,生活日杂,多久,0,该用户可能是在询问商品发货或送达所需的时间。
56697889278,生活日杂,炖排骨好吃,0,该用户是在询问或确认这款产品是否适合用来炖排骨，隐含对产品烹饪用途的兴趣。
56697889278,生活日杂,看起来诱人,1,该用户被直播展示的商品外观或描述所吸引，产生了尝试或购买的欲望。
56697889278,生活日杂,甜不甜？,1,该用户是在询问直播中展示的食品（可能是玉米或羊角蜜）的甜度如何。
56697889278,生活日杂,是熟的加热就行？,1,该用户是在询问产品是否需要预先煮熟，还是只需简单加热即可食用。
56697889278,生活日杂,糯不甜,1,该用户是在询问产品（可能是玉米或其他甜味食品）的口感是否软糯但甜度不高。
56697889278,生活日杂,甜吗？,1,该用户是在询问直播中展示的水果或甜品的糖分高低或口感是否足够甜。
56697889278,生活日杂,需冷藏吗？,1,该用户是在询问商品是否需要冷藏保存。
56697889278,生活日杂,有蓝莓吗,1,该用户想询问直播间是否有蓝莓产品在售。
56697889278,生活日杂,小贝，你先吃一根打个样呀,0,该用户希望主播亲自试吃展示产品，以确认食品的实际效果或口感。
56697889278,生活日杂,甜吗,1,该用户是在询问主播展示的水果或甜品的糖分高低或口感是否足够甜美。
56697889278,生活日杂,蓝莓橱窗里有，朋友们,0,该用户是在告知其他观众蓝莓这款商品可以在直播间的购物橱窗中找到。
56697889278,生活日杂,黑玉米有吗,1,该用户是在询问直播间是否有黑玉米这款产品在售。
56697889278,生活日杂,蒸的好吃,0,该用户想表达的含义是：这种蒸制方式做出来的玉米口感很好。
56697889278,生活日杂,有生鸡爪不,1,该用户是在询问直播间是否有售卖未经加工的生鸡爪产品。
56697889278,生活日杂,有苹果吗,1,该用户是在询问直播间是否有售卖苹果（水果或相关产品）。
56697889278,生活日杂,煮的时候要去袋子吗,1,该用户是在询问产品是否需要拆掉包装袋再进行烹饪。
56697889278,生活日杂,常温可以放这么久,0,该用户可能是在确认产品无需冷藏且保质期较长，表达对储存便利性的关注和潜在购买兴趣。
56697889278,生活日杂,没有黄玉米？,1,该用户是在询问直播间是否有售卖黄玉米这一品种的商品。
56697889278,生活日杂,蒸肉粉,1,该用户可能在询问直播中是否有售卖蒸肉粉，或是想了解蒸肉粉的相关信息（如用法、口味等）。
56697889278,生活日杂,不甜,0,该用户想表达的含义是：这款产品味道不够甜，不符合预期。
56697889278,生活日杂,好吃,1,该用户想表达的含义是：对直播中展示的食品味道表示认可和满意。
56697889278,生活日杂,主播的衬衣好看,1,该用户可能是在询问主播衬衣的购买链接或品牌信息，暗示对这件衣服产生了兴趣。
56697889278,生活日杂,很粘,0,该用户想表达的含义是：这款食品的口感过于粘稠。
56697889278,生活日杂,橱窗里有腊排骨,0,该用户想表达的含义是：想购买腊排骨，询问商品是否在橱窗里可以找到。
56697889278,生活日杂,请问宿舍没冰箱能放多久,1,该用户是在询问产品在无冷藏条件下的保质期限，以评估是否适合宿舍环境使用。
56697889278,生活日杂,需要蒸多长时间,1,该用户想询问产品在蒸制时需要花费的具体时长。
56697889278,生活日杂,怎么煮？,1,该用户想询问该食品的具体烹饪方法。
56697889278,生活日杂,好减压呀,0,该用户想表达的含义是：观看直播过程中感到放松舒适，对当前展示的商品或内容产生了积极的情感共鸣。
56697889278,生活日杂,蒸的时候袋子去掉蒸,0,该用户是在询问蒸制食品时是否需要先将外包装袋取下。
56697889278,生活日杂,没有了,1,该用户想表达的含义是：商品已经售罄或库存没有了。
56697889278,生活日杂,爆炸盐上一下橱窗吧，快用完了，补补货,1,该用户希望主播将爆炸盐商品添加到购物橱窗中，因为自己库存即将耗尽需要及时补货。
56697889278,生活日杂,橱窗有腊排骨 橱窗有腊排骨 橱窗有腊排骨橱窗有腊排骨橱窗有腊排骨橱窗有腊排骨,0,该用户急切提醒其他观众或主播，商品橱窗中已上架腊排骨，可能是回应之前有人询问或想强调该商品的购买信息。
56697889278,生活日杂,可以用微波炉加热吗,1,该用户是在询问产品是否具备微波炉加热的适用性，以确认使用场景是否符合自身需求。
56697889278,生活日杂,好辛苦啊，以为今天不播了,0,该用户想表达的含义是：没想到主播今天还会坚持直播，对这份敬业感到心疼和惊喜。
56697889278,生活日杂,宿舍能吃吗,1,该用户想询问产品是否适合在宿舍环境中食用或保存。
56697889278,生活日杂,甜不,1,该用户想询问产品的甜度如何。
56697889278,生活日杂,生的还是熟的,1,该用户是在询问直播中展示的商品（可能是食品）是否需要进一步加工处理才能食用。
56697889278,生活日杂,甜吗,1,该用户是在询问主播所展示的水果或甜品的味道是否足够甜。
56697889278,生活日杂,熟的，生的,1,该用户是在询问直播中展示的商品（可能是腊排骨或其他食品）是已经煮熟的可直接食用，还是需要自行烹饪的生鲜状态。
56697889278,生活日杂,玉米是甜的吗,1,该用户是在询问玉米的口感是否甜，以此判断是否符合自己的口味偏好或购买需求。
56697889278,生活日杂,没有了还能再上吗,1,该用户想知道当前售罄的商品是否会补货或重新上架。
56697889278,生活日杂,看着就很好吃,1,该用户被直播中展示的食品所吸引，认为其外观诱人并产生了品尝欲望。
56697889278,生活日杂,橱窗有腊排骨 橱窗有腊排骨橱窗有腊排骨,0,该用户可能在急切地提醒其他观众或主播，商品“腊排骨”已在直播间的购物橱窗中上架，并希望引起注意或促成购买。
56697889278,生活日杂,爱吃,1,该用户想表达的含义是：对直播中展示的食物很感兴趣，觉得符合自己的口味偏好。
56697889278,生活日杂,金灿灿,0,该用户可能是在形容直播展示的商品外观色泽诱人，暗示对产品的兴趣或赞赏。
56697889278,生活日杂,没有黄的吗,1,该用户可能在询问直播间展示的商品是否有黄色款或黄色版本。
56697889278,生活日杂,可以常温保存吗？,1,该用户可能是在询问产品是否需要特殊储存条件，以评估自己是否方便购买和存放。
56697889278,生活日杂,橱窗有腊排骨橱窗有腊排骨橱窗有腊排骨橱窗有腊排骨橱窗有腊排骨橱窗有腊排骨,0,该用户可能在急切提醒其他观众或主播商品已在橱窗上架，并暗示自己对此感兴趣或想促成购买。
56697889278,生活日杂,可以放多久,1,该用户是在询问产品的保质期或储存时长。
56697889278,生活日杂,这工作真让人羡慕,0,该用户可能是对主播的工作状态或直播内容表示赞赏，暗示对主播展示的产品或生活方式产生兴趣或向往。
56697889278,生活日杂,甜吗？,1,该用户是在询问直播中展示的食品（可能是玉米或其他甜味产品）的甜度如何，以此判断是否符合自己的口味偏好或购买需求。
56697889278,生活日杂,蒸的时候用去袋子吗,1,该用户想询问产品在蒸煮过程中是否需要拆掉外包装袋。
56697889278,生活日杂,小贝哥哥耐你！,0,该用户想表达的含义是：对主播“小贝哥哥”表示喜爱和支持。  （结合前文弹幕的购物咨询氛围，这句更像是粉丝向主播表达热情互动，而非直接的商品兴趣。）
56697889278,生活日杂,拍过，好吃,1,该用户想表达的含义是：自己之前购买过这款产品，并且对它的口味表示满意。
56697889278,生活日杂,太甜不放心,0,该用户可能是在担心产品的甜度超出预期，因而对购买有所顾虑。
56697889278,生活日杂,糯香,1,该用户想表达的含义是：询问这款糯玉米是否具有浓郁的糯米香气。
56697889278,生活日杂,姐妹们谁可以推荐一下与辉里面哪款洗发水好用去屑的,1,该用户是在询问直播间观众能否推荐一款由“与辉”品牌生产的去屑效果好的洗发水，表现出明确的购买意向和产品需求。
56697889278,生活日杂,玉米是熟的吗,1,该用户想确认玉米是否为即食熟制产品，以便判断是否符合自己的食用需求。
56697889278,生活日杂,带包煮吗,1,该用户想询问商品是否需要带包装袋一起煮。
56697889278,生活日杂,微波炉能弄熟吗,1,该用户想询问微波炉是否可以加热煮熟当前直播展示的食品。
56697889278,生活日杂,8支的还能再上点吗,1,该用户想询问主播是否还能补货8支装的产品。
56697889278,生活日杂,你和那个主播是什么关系,0,该用户可能是在好奇主播之间的互动关系，以此判断直播内容的可信度或产品推荐的客观性。
56697889278,生活日杂,有水杲辣椒吗？,1,该用户是在询问直播间是否有售卖水果辣椒这一商品。
56697889278,生活日杂,感觉好一样,0,该用户想表达的含义是：这款产品看起来和其他同类产品没什么区别。
56697889278,生活日杂,小贝 好久不见,0,该用户可能是主播的熟人或老观众，通过打招呼的方式表达对主播的亲切感和关注，但并未直接表现出对当前售卖商品的购买兴趣。
56697889278,生活日杂,生的吗,1,该用户是在询问直播中展示的商品是否为未经烹饪处理的生鲜产品。
56697889278,生活日杂,回北京了呀？,0,该用户可能是在询问主播是否已经结束行程返回北京，暗示对主播动态的关注或对后续直播安排的期待。
56697889278,生活日杂,为什么苹果要付运费哈？,0,该用户对苹果产品的运费政策感到疑惑，想了解具体原因或寻求免运费的方式。
56697889278,生活日杂,新疆面粉有20斤么,1,该用户想询问新疆面粉是否有20斤装规格的购买选项。
56697889278,生活日杂,这个需要蒸多长时间,1,该用户想询问该食品蒸制所需的时长以便决定是否购买。
56697889278,生活日杂,已拍加急,0,该用户想表达的含义是：我已经下单并选择了加急配送服务。
56697889278,生活日杂,会不会老？,1,该用户可能是在询问商品（如食品或护肤品）是否容易因存放时间过长而变质或失去效果。
56697889278,生活日杂,能不能上点水果辣椒？,1,该用户希望主播能补充上架水果辣椒这款商品。
56697889278,生活日杂,什么时候再去云南啊，戒断反应很大啊！,0,该用户想表达的含义是：对之前云南相关产品的强烈喜爱和期待再次购买的心情。
56697889278,生活日杂,生的还是熟的？,1,该用户是在询问直播中展示的商品（可能是玉米或其他需要烹饪的食材）是否需要进一步加工处理才能食用。
56697889278,生活日杂,海参怎么样,1,该用户想询问海参的品质或食用方法，可能是对产品特性或烹饪方式有购买前的疑虑。
56697889278,生活日杂,黄玉米,1,该用户可能在询问玉米是生鲜还是即食产品，并关注其食用方式或加工状态。
56697889278,生活日杂,没货了,1,该用户想表达的含义是：询问或感叹商品已经售罄无法购买。
56697889278,生活日杂,加点味精盐，更好吃,0,该用户是在询问或建议烹饪时添加调味料是否能提升食品的口感。
56697889278,生活日杂,老吗,1,该用户是在询问直播中展示的商品（可能是食品类）是否过于成熟或不够新鲜。
56697889278,生活日杂,煮多久,1,该用户是在询问直播中展示的食品需要烹饪的具体时间。
56697889278,生活日杂,没有了啊,1,该用户可能是在感叹或询问直播中展示的商品已经售罄了。
56697889278,生活日杂,羊角蜜甜吗,1,该用户是在询问羊角蜜这种水果的口感是否足够甜，以此判断是否值得购买。
56697889278,生活日杂,玉米蒸的好吃,0,该用户是在询问或确认玉米的烹饪方式是否适合蒸制，并隐含对其口感的期待。
56697889278,生活日杂,蒸好吃,0,该用户想表达的含义是：用蒸的方式烹饪这款玉米确实口感不错。
56697889278,生活日杂,蒸多长时间,1,该用户想询问当前直播展示的商品（可能是玉米或其他食材）在蒸制时所需的烹饪时长。
56697889278,生活日杂,发什么快递,0,该用户想询问商品发货时采用的快递公司或物流方式。
56697889278,生活日杂,8只的没有了,1,该用户想表达的含义是：商品8只装规格的库存已经售罄了。
56697889278,生活日杂,八支又没了,1,该用户想表达的含义是：八支装的产品又售罄了，感到遗憾或急切想购买。
56697889278,生活日杂,袋子去掉蒸，好吃，比煮的好吃,0,该用户想表达的含义是：建议去掉包装袋直接蒸制，这样口感更佳，比水煮的方式更好吃。
56697889278,生活日杂,理下我呀,0,该用户可能因提问未被及时回应而感到焦急，希望主播能注意到自己的互动需求。
56697889278,生活日杂,8根的没了,1,该用户想表达的含义是：8根装的商品已经售罄了。
56697889278,生活日杂,去掉袋子蒸一下最好,0,该用户是在建议将产品去掉包装袋后蒸制，认为这样烹饪方式更佳。
56697889278,生活日杂,8支没有了,1,该用户想表达的含义是：8支装的产品已经售罄了。
56697889278,生活日杂,塑料有毒,0,该用户可能是在质疑直播所售产品的材质安全性，担心塑料包装在高温蒸煮时会产生有害物质。
56697889278,生活日杂,咖啡,1,该用户可能是在询问直播间正在介绍或展示的咖啡产品相关信息，比如种类、价格或口感。
56697889278,生活日杂,保质期？,1,该用户想询问商品的保质期有多长，以评估是否值得购买。
56697889278,生活日杂,是煮还是蒸？,1,该用户是在询问当前直播展示的食品更适合用煮还是蒸的方式来烹饪。
56697889278,生活日杂,塑料袋加热有毒,0,该用户是在提醒其他人加热食品时不要连塑料袋一起蒸煮，以免释放有害物质。
56697889278,生活日杂,又没了,1,该用户想表达的含义是：想购买的商品（很可能是8支装的产品）再次售罄了，感到失望和急切。
56697889278,生活日杂,缺货了,1,该用户想表达的含义是：商品库存不足导致无法购买。
56697889278,生活日杂,小黄车有水果玉米,0,该用户是在询问或提醒主播水果玉米这款商品是否已上架到购物车（小黄车），可能因为看到其他用户频繁提到商品缺货而担心错过购买机会。
56697889278,生活日杂,微波炉几分钟,1,该用户想询问微波炉加热玉米需要多长时间。
56697889278,生活日杂,蒸多久,1,该用户想知道蒸制玉米所需的具体时间。
56697889278,生活日杂,是熟的吗,1,该用户是在询问直播中展示的商品（可能是玉米或其他食品）是否是已经煮熟或处理好的熟食。
56697889278,生活日杂,新鲜,1,该用户想表达的含义是：询问产品是否是新近生产或采摘的。
56697889278,生活日杂,海参怎么样,1,该用户想询问海参的品质、口感或烹饪方式等相关信息以评估是否值得购买。
56697889278,生活日杂,二号瓜哪个要甜一点？,1,该用户是在询问直播间正在介绍的第二款西瓜中哪个品种更甜，意图了解产品特点以便做出购买选择。
56697889278,生活日杂,去掉袋子上锅蒸,0,该用户是在询问或建议将产品从包装袋中取出后进行蒸制，可能是出于对塑料加热安全性的顾虑或追求更好的口感。
56697889278,生活日杂,直接放蒸屉 可以吗,1,该用户是在询问商品是否可以不用拆包装直接上锅蒸煮。
56697889278,生活日杂,水杯里边有接口吗,1,该用户想问水杯内部是否有连接或嵌入的部件设计。
56697889278,生活日杂,茶叶什么时候上,1,该用户是在询问茶叶产品的上架时间，表现出对购买该商品的兴趣和期待。
56697889278,生活日杂,怎么没有窗帘了？要买窗帘,1,该用户发现直播间之前展示的窗帘商品已售罄或下架，因此急切询问并明确表达了购买意向。
56697889278,生活日杂,这个太好吃了,1,该用户想表达的是对当前展示食品的高度认可和强烈的购买意愿。
56697889278,生活日杂,我也是把玉米拿出来单煮,0,该用户想表达的含义是：我也选择单独煮玉米而不是连着包装袋加热。
56697889278,生活日杂,二号瓜哪个要甜一点,1,该用户想询问直播间正在介绍的二号瓜品种中哪一个口感更甜，以帮助自己做出购买决策。
56697889278,生活日杂,美女,0,该用户可能是在夸赞主播的外貌或表达对主播的喜爱，以此互动拉近距离。
56697889278,生活日杂,这是糯玉米吗,1,该用户可能在询问直播中展示的玉米品种是否为糯玉米，以确认其口感和烹饪方式是否符合预期。
56697889278,生活日杂,上衣有吗,1,该用户是在询问直播间是否有售卖当前展示或之前提到的上衣款式。
56697889278,生活日杂,小贝的衬衣有吗,1,该用户是在询问主播是否有售卖小贝同款的衬衣。
56697889278,生活日杂,宇辉还在云南吗？,0,该用户可能在询问主播宇辉是否仍在云南直播带货，以确认当前推荐的产品是否与云南相关或是否有云南特产上架。
56697889278,生活日杂,糯玉米蒸煮15分钟,0,该用户想表达的含义是：询问糯玉米的蒸煮时间是否为15分钟。
56697889278,生活日杂,就喜欢微波炉热出来的有嚼劲的,0,该用户想表达的含义是：偏好用微波炉加热食物带来的独特口感。
56697889278,生活日杂,是熟的吗？,1,该用户是在询问直播中展示的商品（可能是玉米或其他需要蒸煮的食品）是否已经是熟制成品，无需再加工即可食用。
56697889278,生活日杂,橱窗里有很多云南的货品,0,该用户可能是在询问或注意到直播间橱窗中展示的云南特产商品，并对此表现出兴趣或好奇。
56697889278,生活日杂,上衣,1,该用户可能在询问直播间是否有上衣类商品在售或展示。
56697889278,生活日杂,海参海参,1,该用户想表达的含义是：询问海参的相关信息或表示对海参产品的兴趣。  （结合前文弹幕中频繁出现的产品咨询和购买意向，如“海参怎么样”“要买窗帘”“茶叶什么时候上”等，可推断用户在此处提及“海参”是希望了解产品详情或表达购买意愿。）
56697889278,生活日杂,小贝的保温杯,1,该用户可能在询问主播展示的“小贝”品牌或款式的保温杯是否在售或相关产品信息。
56697889278,生活日杂,保质期？,1,该用户想询问商品的保质期时长或具体日期。
56697889278,生活日杂,糯嘛,1,该用户想表达的含义是：询问主播展示的玉米是否是糯玉米品种。
56697889278,生活日杂,开袋蒸吗？,1,该用户可能在询问商品是否需要拆开包装后蒸煮食用。
56697889278,生活日杂,能科普一下，为什么现在玉米都是卖熟的啊，不直接卖生的啊,0,该用户对直播中售卖的熟玉米感到疑惑，想了解商家选择售卖熟玉米而非生玉米的原因。
56697889278,生活日杂,保温杯你的白色保温杯,1,该用户想询问主播展示的白色保温杯是否在售或能否购买。
56697889278,生活日杂,生的？,1,该用户可能在询问直播展示的玉米是否为未加工的生玉米，而非预先煮熟的产品。
56697889278,生活日杂,有黄糯玉米吗,1,该用户是在询问直播间是否有售卖黄色的糯玉米品种。
56697889278,生活日杂,什么快递,0,该用户想询问商品发货时使用的快递公司是哪家。
56697889278,生活日杂,可以煮么,1,该用户是在询问直播中展示的商品（可能是玉米或其他食品）是否可以直接煮熟食用。
56697889278,生活日杂,收到要放冰箱冷藏吗,1,该用户是在询问产品是否需要冷藏保存以确认正确的储存方式。
56697889278,生活日杂,蓝莓橱窗里有,0,该用户想表达的含义是：询问蓝莓产品是否在直播间的商品橱窗中上架。
56697889278,生活日杂,我一般上汽蒸十几分钟,0,该用户想表达的含义是：询问糯玉米是否需要蒸制以及具体的蒸制时间。
56697889278,生活日杂,粘嘛,1,该用户可能是在询问产品（如糯玉米）的口感是否粘糯。
56697889278,生活日杂,升糖吗,1,该用户是在询问这款糯玉米食用后是否会导致血糖升高。
56697889278,生活日杂,拍了,0,该用户想表达的含义是：我已经下单购买了这款产品。
56697889278,生活日杂,破的赔吗？玉米,0,该用户是在询问如果收到的玉米有破损是否可以理赔。
56697889278,生活日杂,减脂期可以吃吗,1,该用户是在询问直播中展示的商品是否适合在减肥期间食用。
56697889278,生活日杂,和黄糯玉米哪个甜？,1,该用户是在比较当前直播的玉米产品与黄糯玉米的甜度差异，询问哪种更甜以辅助购买决策。
56697889278,生活日杂,有没有水果玉米？,1,该用户是在询问直播间是否有售卖水果玉米这一品种。
56697889278,生活日杂,没点关注的朋友请点关注,0,该用户是在呼吁新观众关注主播以获取更多商品信息和互动机会。
56697889278,生活日杂,没货了,1,该用户想表达的含义是：商品已经售罄无法购买了。
56697889278,生活日杂,甜甜糯糯的好吃，又复购了,1,该用户想表达的含义是：这款玉米口感香甜软糯令人满意，自己已经再次下单购买了。
56697889278,生活日杂,玉米好吃,1,该用户想表达的含义是：对玉米的口味表示认可，可能暗示有购买意向或对产品品质的肯定。
56697889278,生活日杂,与辉同行沐光而行一路光明,0,该用户可能在表达对主播或直播间的支持与祝福，暗示愿意跟随团队共同成长并期待未来更好的发展。
56697889278,生活日杂,糖人能吃不,1,该用户是在询问直播中展示的糖人是否可以食用，可能担心其作为工艺品的材质安全性或实际用途。
56697889278,生活日杂,打印机,1,该用户可能是在询问直播间是否有打印机商品出售或相关产品介绍。
56697889278,生活日杂,糖尿病人可以吃吗,1,该用户是在询问该食品是否适合糖尿病患者食用。
56697889278,生活日杂,没点关注的朋友请点点关注,0,该用户可能是主播或场控人员，意在提醒新观众关注直播间以获取后续商品信息或福利。
56697889278,生活日杂,身上衣服是链接那件吗,1,该用户是在询问主播身上穿的衣服是否就是购物链接中展示的同款商品。
56697889278,生活日杂,水果玉米能生吃吗,1,该用户是在询问水果玉米的食用方式是否可以直接生食，表现出对产品特性的具体关注和潜在的购买意向。
56697889278,生活日杂,云南专场结束了吗？,0,该用户可能在询问云南特色产品的直播环节是否已经结束，以便决定是否继续观看或购买相关商品。
56697889278,生活日杂,麻辣香肠有吗,1,该用户想询问直播间是否有售卖麻辣香肠这款产品。
56697889278,生活日杂,煮着好还是蒸着好？,1,该用户可能在询问该食品更适合哪种烹饪方式以保留最佳口感或营养。
56697889278,生活日杂,常温保存就可以了,0,该用户想确认产品的储存条件是否简便，无需冷藏。
56697889278,生活日杂,怎么不理我呀,0,该用户可能因询问商品相关问题未得到及时回应而感到焦急，希望主播尽快解答自己的疑问。
56697889278,生活日杂,云南专场结束了吗,0,该用户可能是想确认当前直播是否还在进行云南专场的商品推介，以便决定是否继续关注或询问相关产品。
56697889278,生活日杂,什么时候上自行车,1,该用户想询问直播中即将推介的自行车产品的上架时间，表现出对商品的关注和潜在购买意向。
56697889278,生活日杂,云南行，意犹未尽,0,该用户可能是在表达对云南专场直播的留恋，暗示希望继续看到相关产品或活动。
56697889278,生活日杂,有小花糯玉米吗,1,该用户是在询问直播间是否有售卖小花糯玉米这一特定品种的商品。
56697889278,生活日杂,下单了大米,0,该用户想表达的含义是：我已经购买了直播间推荐的大米产品。
56697889278,生活日杂,奶粉,1,该用户可能在询问直播间是否有奶粉商品上架或对其相关产品信息感兴趣。
56697889278,生活日杂,自行车什么时候有？,1,该用户想询问直播中是否会上架自行车商品以及具体的上架时间。
56697889278,生活日杂,彩糯有吗,1,该用户是在询问直播间是否有售卖彩色糯玉米这一商品。
56697889278,生活日杂,去袋子，蒸10多分钟，好吃,0,该用户是在询问或确认产品的具体食用方法，表达了对该食品的烹饪方式和口感的兴趣。
56697889278,生活日杂,会不会老,1,该用户可能是在询问商品（如玉米或香肠）是否容易因存放时间过长而变质或口感变差。
56697889278,生活日杂,微波炉加热行吗,1,该用户可能在询问直播中展示的食品是否可以用微波炉加热食用。
56697889278,生活日杂,甜不甜？,1,该用户是在询问直播中展示的水果或食品的甜度如何。
56697889278,生活日杂,麻辣香肠有吗麻辣香肠有吗,1,该用户急切地询问直播间是否售卖麻辣香肠，表现出明确的购买意向和重复强调的需求。
56697889278,生活日杂,海参海参海参,1,该用户可能在急切询问或催促主播介绍/上架海参产品。
56697889278,生活日杂,已下单,0,该用户想表达的含义是：我已经购买了直播中推荐的商品。
56697889278,生活日杂,太好了，我正好需要一辆自行车,1,该用户表达了对直播中即将上架的自行车有明确的购买意向，且认为产品正好符合自己的需求。
56697889278,生活日杂,你们今年还卖西湖龙井茶吗？,1,该用户是在询问直播间是否会上架西湖龙井茶，表现出明确的购买意向和对该商品的兴趣。
56697889278,生活日杂,香薰,1,该用户可能是在询问直播间是否有香薰产品上架或对其产生购买兴趣。
56697889278,生活日杂,怎么保存，要冷藏吗,1,该用户想询问产品的具体保存方法，尤其是是否需要冷藏存储。
56697889278,生活日杂,还有黑玉米没？,1,该用户是在询问直播间是否还有黑玉米的库存可供购买。
56697889278,生活日杂,需要煮多久,1,该用户是在询问商品的烹饪时间，表现出对产品使用方法的关注和潜在的购买意向。
56697889278,生活日杂,有小保温杯吗,1,该用户是在询问直播间是否有售卖小型号的保温杯产品。
56697889278,生活日杂,讲讲保温杯吧,1,该用户想表达的含义是：希望主播详细介绍保温杯的产品信息或使用体验。
56697889278,生活日杂,越来越喜欢小贝了！！！！,0,该用户想表达的含义是：对主播小贝的喜爱和认可程度持续加深。
56697889278,生活日杂,有没有唇膏或者唇膜,1,该用户是在询问直播间是否有唇部护理产品可供购买。
56697889278,生活日杂,包包,1,该用户可能在询问直播间是否有展示或销售某款包包。
56697889278,生活日杂,加热多久熟,1,该用户想询问商品（可能是食品）需要加热多长时间才能食用。
56697889278,生活日杂,没点与辉同行关注的朋友请点点关注,0,该用户是在呼吁其他观众关注直播间，以支持主播或获取更多直播内容。
56697889278,生活日杂,发什么快递,0,该用户想了解商品的配送方式或快递公司信息。
56697889278,生活日杂,有牛肉干嘛,1,该用户是在询问直播间是否有牛肉干这款商品在售。
56697889278,生活日杂,拍了加急,0,该用户想表达的含义是：我已经下单并选择了加急配送服务。
56697889278,生活日杂,还上包包吗,1,该用户想询问直播间是否会再次售卖之前提到的包包产品。
56697889278,生活日杂,虽然保质期12个月，但一至2个月吃完最好,0,该用户是在询问产品的食用建议，暗示对保质期的关注但更在意短期内能否消耗完，可能对购买量有所顾虑。
56697889278,生活日杂,冷藏或冷冻保存吗,1,该用户是在询问商品的储存方式是否需要低温冷藏或冷冻保存。
56697889278,生活日杂,还上包吗,1,该用户是在询问直播间是否还会继续售卖或展示包类商品。
56697889278,生活日杂,去掉袋子,0,该用户可能是在询问产品是否可以去除外包装或简化包装。
56697889278,生活日杂,加热多久,1,该用户想询问产品需要加热多长时间才能使用或食用。
56697889278,生活日杂,我想要面膜面膜想要面膜面膜,1,该用户急切地表达了对面膜产品的强烈购买欲望。
56697889278,生活日杂,珍珠,1,该用户可能在询问直播间是否有珍珠相关的商品或想了解珍珠产品的介绍。
56697889278,生活日杂,保温杯,1,该用户想表达的含义是：询问直播间是否有保温杯在售或希望主播介绍保温杯的相关信息。
56697889278,生活日杂,加热塑料吃吗，可有才,0,该用户是在调侃主播介绍产品时夸张或不切实际的说法，认为“加热塑料”这种描述很荒谬。
56697889278,生活日杂,茶叶31号上新茶,1,该用户是在询问或提醒直播间即将上新的茶叶产品是否会在31号推出。
56697889278,生活日杂,小贝，想看一下你衣服的后面,1,该用户对主播展示的服装背面细节产生了兴趣，有意进一步了解商品全貌以评估购买价值。
56697889278,生活日杂,拍了,0,该用户想表达的含义是：我已经下单购买了当前直播中提到的商品。
56697889278,生活日杂,在櫉窗下单了枸杞,0,该用户想表达自己已经通过直播间的购物橱窗购买了枸杞产品。
56697889278,生活日杂,想要保温杯,1,该用户表达了对直播间正在介绍的保温杯有明确的购买意向。
56697889278,生活日杂,蒸也好吃，烤也好吃,0,该用户是在称赞产品的多种烹饪方式都很美味，表达了对商品的认可和兴趣。
56697889278,生活日杂,玉米好吃,1,该用户是在认可并强调玉米的口感好，可能暗示有购买意向或已购买后的满意反馈。
56697889278,生活日杂,有没有黄玉米，喜欢那样老式的,1,该用户想表达的含义是：询问直播间是否有传统品种的黄玉米出售，并表明自己偏好这种类型。
56697889278,生活日杂,已经吃上了 很好吃的,1,该用户想表达的含义是：已经购买并品尝了产品，对味道感到满意。
56697889278,生活日杂,无限回购,1,该用户想表达的是对产品的强烈认可和持续购买的意愿。
56697889278,生活日杂,是新鲜的玉米吗？,1,该用户是在询问玉米的新鲜程度，以确认产品品质是否符合预期。
56697889278,生活日杂,鲜花饼还上吗？,1,该用户是在询问直播间是否还会再次上架鲜花饼这款商品。
56697889278,生活日杂,我是重度玉米爱好者，宇辉家的玉米买过很多次了，都很好吃,1,该用户想表达的含义是：作为玉米的忠实粉丝，我对这款产品非常认可并持续复购。
56697889278,生活日杂,嫩吗？,1,该用户是在询问直播中展示的玉米是否新鲜嫩口。
56697889278,生活日杂,怎么购物车里没有牛肉了,1,该用户因发现购物车中原本想购买的牛肉缺货而感到疑惑和不满，希望主播或客服能解决这一问题。
56697889278,生活日杂,甜吗,1,该用户是在询问直播中展示的水果或甜食的口感是否足够甜。
56697889278,生活日杂,甜吗？,1,该用户是在询问直播中提到的产品（可能是玉米或其他食品）的口感是否足够甜。
56697889278,生活日杂,什么时候有拖地桶呀？,1,该用户是在询问直播间何时会上架拖地桶产品，表达了对该商品的购买意向。
56697889278,生活日杂,有黄玉米么,1,该用户是在询问直播间是否有售卖黄玉米品种的商品。
56697889278,生活日杂,袋子放微波炉里要去掉的,0,该用户是在询问或提醒使用产品时需要注意的安全事项，暗示对商品的实用性关注和潜在购买意向。
56697889278,生活日杂,小贝，30号去杭州不,0,该用户可能在询问主播是否会在30号前往杭州进行直播或相关活动，表达了对后续直播安排的关注和参与兴趣。
56697889278,生活日杂,不回答，真墨迹别的,0,该用户可能因主播未及时回应其关于产品细节的询问而感到不耐烦，认为互动效率低下影响了购买决策。
56697889278,生活日杂,保温杯,1,该用户想表达的含义是：询问直播间是否有保温杯出售或想了解保温杯的相关信息。
56697889278,生活日杂,美女有西梅干吗？,1,该用户是在询问直播间是否有售卖西梅干这一商品。
56697889278,生活日杂,没了,1,该用户可能在表达商品已售罄的失望或询问是否还会补货。
56697889278,生活日杂,从哪里发货,0,该用户想了解商品的发货地点，以便评估物流时间和收货安排。
56697889278,生活日杂,好久唇膏或,1,该用户可能是想询问“有没有护唇膏”或“唇膏还有货吗”，但输入时出现了错别字或打字错误。
56697889278,生活日杂,开袋即食吗,1,该用户想询问产品是否需要额外加工处理，还是可以直接食用。
56697889278,生活日杂,这个升糖快吗？,1,该用户是在询问该食品的升糖指数是否较高，可能出于对血糖健康的关注或饮食控制的考虑。
56697889278,生活日杂,炒锅有吗,1,该用户想询问直播间是否售卖炒锅产品。
56697889278,生活日杂,保温杯讲了吗？,1,该用户想询问主播是否已经介绍过保温杯的相关信息或产品详情。
56697889278,生活日杂,玉米是现货吗,1,该用户想确认玉米是否为现库存商品，以便立即下单购买。
56697889278,生活日杂,小贝30号去杭州不,0,该用户可能在询问主播小贝30号是否会前往杭州进行直播或相关活动，表达了对主播行程的关注或期待参与线下互动的兴趣。
56697889278,生活日杂,眉毛变了,0,该用户可能注意到主播的眉形或妆容发生了变化，并对此感到好奇或想确认是否与产品展示有关。
56697889278,生活日杂,牛肉,1,该用户可能在询问直播间是否有牛肉产品或关注牛肉的相关信息。
56697889278,生活日杂,白糯玉米,1,该用户可能在询问是否有白色糯玉米这款产品，或表达对当前展示的白色糯玉米的兴趣。
56697889278,生活日杂,咖啡豆什么时候上,1,该用户是在询问直播中即将售卖的咖啡豆产品的上架时间，表现出对这款商品的关注和购买意向。
56697889278,生活日杂,拖把有吗,1,该用户是在询问直播间是否有拖把商品出售。
56697889278,生活日杂,玉米没买到,1,该用户想表达的是对未能抢购到玉米产品的遗憾和失望。
56697889278,生活日杂,是东北的那个吗,0,该用户可能在询问直播中提到的产品是否源自东北地区。
56697889278,生活日杂,我正在煮，看看效果,0,该用户想表达的含义是：我正在使用直播中推荐的产品，想看看实际效果如何。
56697889278,生活日杂,黑玉米有吗？,1,该用户是在询问直播间是否有黑玉米这款产品在售。
56697889278,生活日杂,空气炸锅15分钟特别香,0,该用户想表达的含义是：空气炸锅烹饪的食物在短时间内就能散发出诱人香气，暗示对产品效果感兴趣或想确认使用体验。
56697889278,生活日杂,八珍糕,1,该用户可能在询问直播间是否有售卖八珍糕这款产品。
56697889278,生活日杂,护膝的有没有？,1,该用户是在询问直播间是否有护膝产品售卖。
56697889278,生活日杂,这个玉米是熟的吗？,1,该用户想确认玉米是否需要额外烹饪处理才能食用。
56697889278,生活日杂,小黄姜有吗,1,该用户是在询问直播间是否有售卖小黄姜这款产品。
56697889278,生活日杂,回来了吗,0,该用户可能在询问主播之前提到的某款商品（如玉米或其他产品）是否重新补货或返场销售。
56697889278,生活日杂,保温多久,1,该用户想询问产品的保温性能持续时间。
56697889278,生活日杂,笑着笑着就默许了,0,该用户想表达的含义是：原本只是看直播觉得有趣，但不知不觉中已经被产品吸引并产生了购买意愿。
56697889278,生活日杂,奶粉有吗,1,该用户是在询问直播间是否有奶粉在售或即将介绍。
56697889278,生活日杂,什么时候有黑眼圈还有眼袋的眼霜,1,该用户是在询问直播间是否会推出针对黑眼圈和眼袋问题的眼霜产品。
56697889278,生活日杂,有菜篮子包吗,1,该用户是在询问直播间是否有售卖菜篮子款式的手提包。
56697889278,生活日杂,老年奶粉,1,该用户可能在询问直播间是否有适合老年人食用的奶粉产品。
56697889278,生活日杂,护膝有没有,1,该用户是在询问直播间是否有护膝产品在售。
56697889278,生活日杂,纸抽质量怎么样刚下单了,1,该用户想确认刚下单的纸巾产品质量如何，可能因直播中未详细介绍或对产品存疑而寻求 reassurance。
56697889278,生活日杂,我要笑富了，昨天小贝上播买了12单，宇辉上播10单，今天又买了12单,0,该用户想表达的含义是：自己最近频繁在该直播间下单，被主播们的带货能力逗乐的同时也忍不住一直购买。
56697889278,生活日杂,电的压力锅还有吗？,1,该用户是在询问直播间是否还有电压力锅的库存可供购买。
56697889278,生活日杂,中午好,0,该用户可能是刚进入直播间，礼貌性地打招呼以融入当前的购物讨论氛围。
56697889278,生活日杂,张贝贝卖贝贝南瓜,1,该用户是在询问主播张贝贝是否在售卖贝贝南瓜这款产品。
56697889278,生活日杂,那是冬瓜,0,该用户可能是在询问或确认直播中展示的商品是否为冬瓜。
56697889278,生活日杂,小贝那叫冬瓜,0,该用户想表达的含义是：纠正主播对产品名称的错误称呼，指出展示的商品实际上是冬瓜而非贝贝南瓜。
56697889278,生活日杂,什么时候有帐篷呢,1,该用户是在询问直播间后续是否会推出帐篷类商品，表达了对该类产品的潜在购买兴趣。
56697889278,生活日杂,美的电压力锅有吗？,1,该用户是在询问直播间是否售卖美的品牌的电压力锅产品。
56697889278,生活日杂,小贝我是越来越喜欢啦,0,该用户想表达的含义是：对小贝主播的喜爱程度在持续增加。
56697889278,生活日杂,能放多久,1,该用户想询问商品的保质期或保存时长。
56697889278,生活日杂,给小孩当辅食可以,1,该用户认为直播中展示的商品适合作为婴幼儿的辅食购买。
56697889278,生活日杂,南瓜也有长条的,0,该用户可能在询问或确认直播中展示的南瓜品种是否包含长条形状的品类。
56697889278,生活日杂,成都这边的南瓜就是你说的那样,0,该用户想表达的含义是：认同主播对南瓜特征的描述，并补充说明成都本地的南瓜确实符合这一特点。
56697889278,生活日杂,大南瓜也切着卖,0,该用户可能是对主播正在介绍的南瓜商品表示兴趣，询问是否支持分切零售的购买方式。
56697889278,生活日杂,几个啊,1,该用户可能是在询问当前促销商品的购买数量限制或组合数量。
56697889278,生活日杂,小贝30号去杭州,0,该用户可能在询问主播小贝30号是否会去杭州进行直播或相关活动。
56697889278,生活日杂,那个甜,1,该用户可能是在称赞直播中展示的某款甜味产品（如南瓜或其他食品）的口感或品质不错。
56697889278,生活日杂,窝瓜,1,该用户想表达的含义是：主播提到的南瓜品种应该是窝瓜而非其他品种。
56697889278,生活日杂,有一种叫狗头瓜,0,该用户想表达的含义是：这种瓜的品种应该叫狗头瓜而非主播所说的名称。  （结合前文语境，弹幕中正讨论南瓜、冬瓜等瓜类名称的争议，用户可能是在纠正主播对瓜类品种的称呼，强调其正确名称。）
56697889278,生活日杂,南瓜南方也切块儿卖，小贝说的对,0,该用户认同主播关于南瓜在南方切块销售的描述，并借此表达对主播观点的支持。
56697889278,生活日杂,南瓜也切着卖吗？,1,该用户是在询问南瓜是否可以按切块的方式售卖，以确认商品的销售形式是否符合自己的购买需求。
56697889278,生活日杂,5斤有几个？,1,该用户想询问5斤装的商品大概包含多少个单品。
56697889278,生活日杂,长南瓜,1,该用户是在询问或确认直播中提到的“长南瓜”是否就是他们所讨论的那种切块销售的南瓜品种。
56697889278,生活日杂,贝贝瓜,1,该用户想表达的含义是：询问主播是否在售卖贝贝南瓜这一品种。
56697889278,生活日杂,南南瓜和北南瓜,1,该用户想表达的含义是：不同地区的南瓜在形状或品种上存在差异。
56697889278,生活日杂,面不面,1,该用户是在询问直播中提到的南瓜品种是否属于“贝贝南瓜”这类粉糯口感的面瓜类型。
56697889278,生活日杂,贝贝南瓜,1,该用户是在询问或确认直播中提到的南瓜品种是否为贝贝南瓜。
56697889278,生活日杂,怎么看不到我说的话？,0,该用户可能因自己的弹幕未被主播回应或显示而感到疑惑，想确认自己的发言是否成功发送并被直播间接收。
56697889278,生活日杂,麻将席咋没有,1,该用户可能在询问或抱怨直播间没有展示或提及麻将席这一商品。
56697889278,生活日杂,真不错,1,该用户可能是在对主播介绍的某款南瓜（如贝贝南瓜）的品质或特点表示认可和赞赏。
56697889278,生活日杂,会不会苦,1,该用户是在询问直播中提到的南瓜（可能是贝贝南瓜或其他品种）的口感是否带有苦味。
56697889278,生活日杂,美贝美贝，吃午饭了没,0,该用户是在用亲切的口吻与主播“美贝”互动，试图拉近距离并延续直播间轻松闲聊的氛围。
56697889278,生活日杂,还有明前茶吗,1,该用户是在询问直播间是否还有清明节前采摘的茶叶库存可供购买。
56697889278,生活日杂,6号的衣服是你穿的吗,1,该用户是在询问主播身上穿的那件6号衣服是否是主播本人的穿搭，可能对这件衣服产生了兴趣或想了解同款购买信息。
56697889278,生活日杂,黑龙江不发货吗,0,该用户是在询问直播间所售商品是否支持发往黑龙江地区。
56697889278,生活日杂,那就弯瓜,0,该用户可能在询问或确认直播中提到的某种瓜类（如贝贝南瓜）是否属于弯曲形状的品种。
56697889278,生活日杂,好吃吗,1,该用户想询问直播中展示的食品（可能是南瓜类产品）的口感和味道如何。
56697889278,生活日杂,有没有陕西米线,1,该用户是在询问直播间是否有售卖陕西特色的米线产品。
56697889278,生活日杂,贝贝南瓜好吃,1,该用户是在认可贝贝南瓜的口味并表示兴趣，可能有意向购买或询问相关细节。
56697889278,生活日杂,小贝小贝，能不能上斐乐的鞋,1,该用户希望主播能上架斐乐品牌的鞋子进行售卖。
56697889278,生活日杂,想买东北油豆角,1,该用户表达了对直播间正在售卖的东北油豆角有明确的购买意向。
56697889278,生活日杂,可以煮粥吗,1,该用户是在询问直播中展示的农产品（可能是南瓜类商品）是否适合用来煮粥。
56697889278,生活日杂,小黄车都开价了,0,该用户想表达的含义是：询问商品是否已经上架到购物车并标好了价格。
56697889278,生活日杂,鸡蛋有的，小黄车里找下，没有去橱窗里看,0,该用户是在提醒其他观众购买鸡蛋的路径：若小黄车里没有，可去商品橱窗查找。
56697889278,生活日杂,小孩子很喜欢吃,0,该用户想表达的含义是：这款产品（可能是贝贝南瓜或其他食品）很受孩子欢迎，自己有购买意向。
56697889278,生活日杂,南瓜复购很多次了，给孩子蒸着吃,0,该用户想表达的含义是：自己多次回购这款南瓜产品，孩子很喜欢蒸着吃。
56697889278,生活日杂,肉厚实吗,1,该用户是在询问商品的肉质是否饱满厚实，以此判断是否值得购买。
56697889278,生活日杂,保温餐盒有吗,1,该用户是在询问直播间是否有售卖保温餐盒这一商品。
56697889278,生活日杂,想买南国纯椰子粉,1,该用户有意向购买南国品牌的纯椰子粉产品。
56697889278,生活日杂,介绍一下蒲公英饺子吗？,1,该用户想表达的含义是：对蒲公英饺子这款产品感兴趣，希望主播详细介绍其特点或食用体验。
56697889278,生活日杂,马碲能看看吗,1,该用户想询问直播中展示的马蹄产品是否可以提供更详细的展示或介绍。
56697889278,生活日杂,这籽能留着种吗,1,该用户是在询问直播中展示的农产品种子是否可以保存下来用于种植。
56697889278,生活日杂,南瓜是甜糯的吗,1,该用户想询问南瓜的口感是否兼具甜味和软糯特性，以评估是否符合自己的购买需求。
56697889278,生活日杂,是不是红薯的口感,1,该用户想询问直播中展示的红薯是否具有软糯香甜的典型口感特征。
56697889278,生活日杂,是板栗口感吗,1,该用户是在询问当前直播展示的产品是否具有类似板栗的粉糯香甜口感。
56697889278,生活日杂,好吃吗南瓜,1,该用户是在询问直播中介绍的南瓜产品的口味和食用体验如何。
56697889278,生活日杂,糯玉米常温还是冷藏保存,1,该用户想询问糯玉米的储存方式以便决定是否购买。
56697889278,生活日杂,马碲看看,1,该用户想表达的含义是：希望主播展示或详细介绍马蹄（荸荠）这款产品。
56697889278,生活日杂,那个过桥米线是几号链接？,1,该用户想询问直播间正在介绍的过桥米线对应的商品购买链接编号。
56697889278,生活日杂,能放多久,1,该用户想询问商品的保质期或保存期限。
56697889278,生活日杂,拍了，有3元运费,0,该用户想表达的含义是：已经下单购买商品，但需要支付额外的运费。
56697889278,生活日杂,有没有小奶锅铁锅？,1,该用户是在询问直播间是否有售卖小型铸铁锅或奶锅产品。
56697889278,生活日杂,花茶香不香,1,该用户是在询问花茶的香气是否浓郁好闻，以判断是否值得购买。
56697889278,生活日杂,多会儿去新疆,0,该用户想询问直播中提到的产品（可能是新疆特产或相关商品）何时会上架或开始介绍。
56697889278,生活日杂,板栗南瓜没这个好吃,1,该用户想表达的含义是：相比之前提到的板栗南瓜，当前展示的南瓜品种口感更好。
56697889278,生活日杂,回来没,0,该用户可能在询问主播之前展示过的某款商品（如南瓜或其他农产品）是否重新上架或补货到位了。
56697889278,生活日杂,小贝31号在杭州,0,该用户可能在询问主播小贝是否会在31号出现在杭州的直播活动中。
56697889278,生活日杂,现在不是流行哈佛汤,0,该用户可能是在询问当前直播推荐的产品是否与流行的“哈佛汤”相关，或者暗示对类似健康食品的兴趣。
56697889278,生活日杂,干糯吗？,1,该用户是在询问直播中展示的某种食品（可能是南瓜或玉米）的口感是否干爽且软糯。
56697889278,生活日杂,怎么有两种发货时间？,1,该用户对商品发货时间的差异感到困惑，想了解不同选项的具体原因或区别。
56697889278,生活日杂,蓝莓有吗,1,该用户想询问直播间是否有蓝莓产品在售。
56697889278,生活日杂,好吃你多吃点、好吃你多吃点、,0,该用户可能是在以调侃或友善起哄的方式回应主播对食品的推荐，暗示既然主播觉得好吃就多展示或品尝一些。
56697889278,生活日杂,南不面不面？,1,该用户可能在询问直播中提到的南瓜或面食产品的具体口感或品质，比如是否软糯或筋道。
56697889278,生活日杂,上点枸杞,1,该用户希望主播尽快上架或展示枸杞产品。
56697889278,生活日杂,19号,1,该用户可能在询问某个商品对应的链接编号或上架顺序。
56697889278,生活日杂,米皮,1,该用户可能在询问直播中提到的“米皮”相关产品信息，比如口感、购买链接或保存方式。
56697889278,生活日杂,蚕丝,1,该用户可能在询问直播间是否有蚕丝材质的产品或相关介绍。
56697889278,生活日杂,你们吃鱼啦宇辉捉的鱼,0,该用户可能在调侃或询问主播之前提到的捕鱼活动相关产品是否已上架或可以购买。
56697889278,生活日杂,生食鸡蛋，生食鸡蛋,1,该用户可能在询问或提醒主播介绍生食鸡蛋的相关信息，表达了对这款产品的兴趣或需求。
56697889278,生活日杂,南瓜甜吗,1,该用户是在询问南瓜的口感是否香甜，以此判断是否值得购买。
56697889278,生活日杂,6号的衣服什么时候看,1,该用户想询问6号展示的服装商品何时会再次出现在直播中以便观看详情。
56697889278,生活日杂,渭南人也叫红苕,0,该用户可能是在补充或纠正主播提到的某种农产品（如红薯）的地方俗称，暗示自己对这类商品熟悉或感兴趣。
56697889278,生活日杂,美女好,0,该用户可能是在打招呼或表达对主播外貌的友好称赞，试图引起主播注意以获取互动机会。
56697889278,生活日杂,甜不甜,1,该用户是在询问直播中展示的某种水果或农产品的甜度如何。
56697889278,生活日杂,对的,0,该用户可能是在附和或赞同之前某条关于商品品质或口感的讨论，比如认可主播对某款食品的描述。
56697889278,生活日杂,看起来不错,1,该用户可能对当前展示的商品产生了兴趣，认为商品外观或展示效果符合自己的喜好。
56697889278,生活日杂,生食鸡蛋,1,该用户可能在询问或确认直播间是否有适合生食的鸡蛋售卖。
56697889278,生活日杂,怎么蒸,1,该用户可能在询问如何蒸制当前直播中展示的某种食品或食材。
56697889278,生活日杂,没货了,1,该用户可能是在询问或抱怨商品已售罄，希望主播能补货或告知库存情况。
56697889278,生活日杂,没了,1,该用户想表达的含义是：商品已经售罄了。
56697889278,生活日杂,没有了吗,1,该用户可能是在询问直播间是否已经售罄或不再补货某款商品。
56697889278,生活日杂,贝贝卖贝贝南瓜,0,该用户是在询问主播是否会上架售卖贝贝南瓜这款商品。
56697889278,生活日杂,没啦,1,该用户想表达的含义是：商品已经售罄了吗？
56697889278,生活日杂,甜不甜啊,1,该用户是在询问主播展示的某款水果或甜味食品的口感如何。
56697889278,生活日杂,睡衣有长袖的吗,1,该用户想询问直播中展示的睡衣是否有长袖款式可供选择。
56697889278,生活日杂,大家加油点点赞 大家加油点点赞 大家加油点点赞 大家加油点点赞,0,该用户可能在号召观众互动刷屏以提升直播间热度，而非表达具体的购买意向。
56697889278,生活日杂,下次去哪里,0,该用户可能在询问主播下一次直播会推荐或展示哪些商品或内容。
56697889278,生活日杂,品质不错,1,该用户认为商品的质量令人满意，可能对产品产生了购买意向。
56697889278,生活日杂,为什么你直播也和董一样口气,0,该用户可能在吐槽主播的说话风格与另一位知名主播（董）过于相似，显得缺乏个人特色。
56697889278,生活日杂,贝贝南瓜好吃,1,该用户想表达的含义是：对贝贝南瓜的口味表示认可并隐含购买意向。  （解析：结合前文弹幕中频繁讨论南瓜的甜度、品质及缺货情况，该弹幕以肯定性评价回应了商品核心卖点，属于典型的兴趣表达，且语境中“好吃”可能暗示用户已尝试或信任产品品质。）
56697889278,生活日杂,太快,1,该用户可能是在抱怨直播节奏过快，导致自己来不及看清或了解商品信息。
56697889278,生活日杂,南瓜好吃,1,该用户是在认同主播推荐的贝贝南瓜口感好，并可能暗示有购买意向。
56697889278,生活日杂,5斤有几个,1,该用户是在询问商品的具体规格，想知道5斤装的包裹里包含多少个单品。
56697889278,生活日杂,贝贝南瓜单果250g，五斤应该是在十个左右呀，怎么会是 4-8个呢？,0,该用户是在质疑主播关于贝贝南瓜数量的描述存在计算误差，认为五斤按单果重量推算应包含约10个而非主播宣称的4-8个，透露出对产品规格真实性的关注。
56697889278,生活日杂,里面有籽吗,1,该用户是在询问直播中展示的贝贝南瓜是否含有果籽，以进一步确认商品细节并评估购买意向。
56697889278,生活日杂,点赞点赞点赞点赞点点赞点赞点赞点赞点赞点赞点赞赞点赞点赞点赞点赞点赞点赞点赞点赞,0,该用户是在积极响应直播间号召，通过刷屏点赞的方式为直播氛围造势，并无实质性购买意向。
56697889278,生活日杂,好吃,1,该用户是在认同主播推荐的贝贝南瓜口感好，表达对产品品质的满意和认可。
56697889278,生活日杂,支持,0,"该用户想表达的含义是：认可主播推荐的产品并表示愿意下单支持。  （结合前文弹幕中多次提及""贝贝南瓜好吃""""品质不错""等正面反馈，且直播间氛围偏向互动和促销，""支持""更可能是对产品或主播的肯定，而非单纯的情绪附和。）"
56697889278,生活日杂,啥时候还播阿迪达斯鞋,1,该用户想表达的含义是：询问主播下次直播是否会继续售卖阿迪达斯品牌的鞋子。
56697889278,生活日杂,看看衣服,1,该用户想表达的含义是：对主播展示的服装产品感兴趣，希望了解更多细节或看到实物展示。
56697889278,生活日杂,给力,0,该用户想表达的含义是：对当前直播内容或优惠力度感到满意和兴奋。
56697889278,生活日杂,保温杯子看一下,1,该用户希望主播展示或详细介绍保温杯产品的信息。
56697889278,生活日杂,大约几个,1,该用户想询问商品的具体数量或规格。
56697889278,生活日杂,中午好,0,该用户可能是在礼貌性问候主播或观众，试图融入直播间的互动氛围，但并未直接表达对商品的购买兴趣。
56697889278,生活日杂,知道了,0,该用户想表达的含义是：已了解产品信息或主播的解答，无需进一步说明。
56697889278,生活日杂,小贝小贝斐乐的鞋,1,该用户可能在询问或暗示主播展示斐乐品牌的鞋子，表达了对该产品的兴趣或购买意向。
56697889278,生活日杂,家电啥时候返场啊,1,该用户想表达的含义是：询问之前直播中提到的家电产品何时会再次促销或上架。
56697889278,生活日杂,我的鲜花饼到了,0,该用户想表达的含义是：之前在这家直播间购买的鲜花饼已经收货，暗示对商品满意或继续关注直播。
56697889278,生活日杂,我的鲜花饼前天就到了,0,该用户想表达的含义是：我之前在这买的鲜花饼已经收到了，对商品配送速度感到满意。
56697889278,生活日杂,雪平锅什么时候可以上呀,1,该用户是在询问雪平锅这款产品的上架时间，表达了对该商品的购买兴趣和期待。
56697889278,生活日杂,拍了玉米,0,该用户想表达的含义是：已经下单购买了玉米。
56697889278,生活日杂,保温杯看看,1,该用户想表达的含义是：对展示保温杯产品感兴趣，希望主播详细介绍或展示。
56697889278,生活日杂,章丘铁锅能返场吗？,1,该用户希望直播间能再次售卖章丘铁锅这款产品。
56697889278,生活日杂,有没有铁锅？,1,该用户是在询问直播间是否会上架或返场铁锅类产品。
56697889278,生活日杂,要不了那么长时间的,0,该用户可能是在回应主播提到的商品使用期限或发货时间，表示自己不需要那么长的等待或保质期。
56697889278,生活日杂,南瓜好吃,1,该用户可能是在对直播中展示的南瓜产品表示认可或产生了购买意向。
56697889278,生活日杂,郁金香瓜到了，好吃,0,该用户想表达的含义是：之前购买的郁金香瓜已经收到，对商品品质感到满意。
56697889278,生活日杂,不用这么长时间的,0,该用户可能是在委婉地催促主播加快节奏或缩短某个环节的时间。
56697889278,生活日杂,切开，15分钟就蒸好了,0,该用户可能是在询问或确认某样食品（如玉米或南瓜）的烹饪时间，认为实际蒸制不需要15分钟那么久。
56697889278,生活日杂,挣20分钟就好,0,该用户可能是在催促主播加快节奏，希望缩短某个环节（如展示或讲解）的时间，尽快进入下一个商品介绍或促销活动。
56697889278,生活日杂,20分钟就可以,0,该用户想表达的含义是：这个产品的烹饪或使用时间可以缩短到20分钟就足够。
56697889278,生活日杂,点赞点赞点赞点赞点赞点赞点赞点赞点赞点赞点赞点赞点赞点赞点赞点赞点赞点赞点赞点赞,0,该用户可能是在积极参与直播互动，通过高频点赞表达对直播内容的支持或催促主播加快节奏。
56697889278,生活日杂,南瓜20分钟就行,0,该用户想表达的含义是：蒸南瓜不需要那么长时间，20分钟就足够了。
56697889278,生活日杂,15一20分针,0,该用户想表达的含义是：蒸煮时间控制在15到20分钟就够了。
56697889278,生活日杂,3号甜瓜不知该选哪个？能不能介绍一下？,1,该用户想表达的含义是：对3号甜瓜的品种或特点不太了解，希望主播能详细讲解以便做出购买选择。
56697889278,生活日杂,米线在几号链接,1,该用户想询问米线商品对应的购买链接编号以便下单。
56697889278,生活日杂,辛苦了,0,该用户可能是在感谢主播的辛勤付出或对直播内容表示认可。
56697889278,生活日杂,感冒了，美贝,0,该用户可能是在询问直播间是否有缓解感冒症状的产品，比如“美贝”（可能是某种药品或保健品的简称或昵称）。
56697889278,生活日杂,中午好,0,该用户可能是在礼貌性问候主播或观众，同时暗示自己刚进入直播间并开始关注直播内容。
56697889278,生活日杂,有儿童牙膏吗,1,该用户想询问直播间是否有适合儿童使用的牙膏产品。
56697889278,生活日杂,15分钟够了,0,该用户认为产品的使用或烹饪时间15分钟已经足够，无需更长时间。
56697889278,生活日杂,小贝还。播阿迪达斯鞋不,1,该用户是在询问主播是否会继续介绍或售卖阿迪达斯品牌的鞋子。
56697889278,生活日杂,切开,0,该用户想表达的含义是：建议缩短蒸煮时间或展示切开后的效果。  （结合前文语境，其他用户多次提到“15-20分钟即可”，而“切开”可能是针对食物烹饪时长的补充建议，或希望主播直观展示商品（如瓜果）的内部品质。）
56697889278,生活日杂,想买苹果,1,该用户可能对直播中展示的苹果产品产生了购买意向，想进一步了解商品详情或购买方式。
56697889278,生活日杂,我的鲜花饼是预售，还没有，好想吃了,1,该用户表达了对预售鲜花饼的期待和迫不及待想品尝的心情。
56697889278,生活日杂,整个蒸,0,该用户想表达的含义是：建议将食物整个蒸熟而不是切开。
56697889278,生活日杂,15分钟就好了,0,该用户想表达的含义是：蒸煮郁金香瓜只需15分钟即可完成。
56697889278,生活日杂,贝贝感冒啦,0,该用户可能在关心主播的健康状况，同时隐含对直播商品的兴趣或对主播继续带货的期待。
56697889278,生活日杂,红枣什么时候能上,1,该用户是在询问红枣产品的上架时间，表现出对购买该商品的兴趣和期待。
56697889278,生活日杂,贝贝南瓜,1,该用户可能在询问贝贝南瓜的烹饪时间或购买链接。
56697889278,生活日杂,鲜花牛轧糖到了，非常好吃,0,该用户想表达的含义是：之前购买的鲜花牛轧糖已经收到，对产品品质感到满意。
56697889278,生活日杂,直播外套是哪个链接？,1,该用户想询问直播中展示的外套对应的商品购买链接。
56697889278,生活日杂,注意身体啊，美贝,0,该用户是在关心主播的身体状况，表达对主播因感冒而坚持直播的体贴和慰问。
56697889278,生活日杂,有洗发露吗,1,该用户是在询问直播间是否有洗发露产品上架或推荐。
56697889278,生活日杂,降温有点感冒了,0,该用户可能是在关心主播的身体状况，并暗示自己因降温感冒而对相关保暖或保健产品产生兴趣。
56697889278,生活日杂,苹果没了,1,该用户想表达的含义是：之前提到的苹果商品已经卖完了。
56697889278,生活日杂,穿厚点贝贝,0,该用户是在关心主播的身体状况，提醒主播注意保暖以防感冒加重。
56697889278,生活日杂,切开蒸，快,0,该用户是想询问主播是否可以将展示的商品（可能是南瓜或其他食材）切开后蒸煮，以节省时间快速完成烹饪。
56697889278,生活日杂,筷子扎一下就知道熟不熟,0,该用户可能在询问如何判断食物（如南瓜或苹果）是否蒸熟，建议用筷子戳一下来测试熟度。
56697889278,生活日杂,拿筷子插一下,0,该用户是想询问用筷子插入食物来测试是否熟透的方法是否可行。
56697889278,生活日杂,南瓜20分钟,0,该用户是在询问贝贝南瓜需要蒸制的时间是否为20分钟。
56697889278,生活日杂,4-8个要一个星期吃完吗,1,该用户是在询问购买的商品（可能是贝贝南瓜）是否需要在一周内吃完4到8个，担心保存或食用期限的问题。
56697889278,生活日杂,内蒙有运费,0,该用户可能是在询问或提醒内蒙古地区购买商品是否需额外支付运费。
56697889278,生活日杂,苹果没有了,1,该用户想表达的含义是：直播中提到的苹果商品已经售罄了。
56697889278,生活日杂,面吗,1,该用户可能在询问直播中提到的贝贝南瓜是否需要蒸煮较长时间才能熟透。
56697889278,生活日杂,媳妇辛苦了,0,"该用户想表达的含义是：对主播（昵称""贝贝""）的关心和感谢，可能因看到主播带病坚持直播或长时间工作而感到心疼。"
56697889278,生活日杂,我天天吃20分钟就好,0,该用户想表达的含义是：我平时蒸南瓜只需要20分钟就能熟。
56697889278,生活日杂,切开蒸快一点,0,该用户想表达的含义是：建议将南瓜切开蒸制以缩短烹饪时间。
56697889278,生活日杂,花还有,0,该用户想表达的含义是：询问直播间是否还有鲜花类产品在售。
56697889278,生活日杂,机票还有吗,1,该用户可能在询问直播间之前提到过的某种商品（如水果或生鲜）是否还有库存或能否继续购买。
56697889278,生活日杂,喝红糖水,0,该用户可能是关心主播身体状况，建议主播喝红糖水暖身或缓解不适。
56697889278,生活日杂,玉米好吃吗？姐姐,1,该用户是在询问玉米的口感或品质，同时以亲切称呼表达对主播的信任和互动意愿。
56697889278,生活日杂,中午好！,0,该用户可能是在友好问候主播，试图融入直播间的互动氛围，同时暗示自己刚进入直播间并准备参与后续讨论。
56697889278,生活日杂,老婆辛苦了,0,该用户想表达的含义是：对主播的辛勤付出表示关心和感谢。
56697889278,生活日杂,48小时内发货的品质和5天内发货的品质是一样的吗？,1,该用户是在询问不同发货时效的商品质量是否存在差异，以此判断是否值得等待更快的发货服务。
56697889278,生活日杂,鲜花饼在几号啊,1,该用户是在询问鲜花饼这款商品在直播间的排期或上架顺序。
56697889278,生活日杂,介绍一下保温杯,1,该用户对直播中提到的保温杯产品产生了兴趣，希望主播能详细讲解其功能特点。
56697889278,生活日杂,潇潇昨晚那个裙子是哪一款,1,该用户想询问主播昨晚展示的裙子具体是哪一款商品，以便进一步了解或购买。
56697889278,生活日杂,筷子扎到底就行了,0,该用户是在询问用筷子测试食物熟度的具体方法，即“用筷子扎透食物是否就代表已经熟了”。
56697889278,生活日杂,小贝感冒啦，999可以治愈,0,该用户是在用幽默的方式询问主播展示的商品（可能是药品或保健品）是否适合治疗感冒。
56697889278,生活日杂,贝贝南瓜不用切，直接放空气炸锅30分钟，喷香,0,该用户是在分享贝贝南瓜的便捷烹饪方法，暗示对产品实用性的认可和潜在购买兴趣。
56697889278,生活日杂,什么时间上莓茶,1,该用户想询问莓茶产品的具体上架时间，表现出对购买该商品的兴趣和期待。
56697889278,生活日杂,有煮茶壶吗,1,该用户是在询问直播间是否有售卖煮茶壶这一商品。
56697889278,生活日杂,拍了加急发货,0,该用户希望尽快收到所购买的商品，因此选择了加急发货服务。
56697889278,生活日杂,下单玉米,0,该用户想表达的含义是：我要购买这款玉米产品。
56697889278,生活日杂,湖南人我的最爱,0,该用户可能是在表达对直播中提到的某种湖南特产或湖南风味产品的喜爱和购买兴趣。
56697889278,生活日杂,你好美！,0,该用户想表达的含义是：对主播外貌的赞美和喜爱，可能带有一定的互动热情或支持态度。
56697889278,生活日杂,衣服在哪里,1,该用户想询问直播中展示的服装商品的购买链接或具体位置。
56697889278,生活日杂,笼卖不,1,该用户想询问直播中展示的笼子是否在售。
56697889278,生活日杂,得配肉,0,该用户想表达的含义是：这款食物需要搭配肉类一起食用才更美味。
56697889278,生活日杂,四季豆辽宁拍不了？,1,该用户可能在询问辽宁地区是否支持购买或配送四季豆这款商品。
56697889278,生活日杂,木托盘，玻璃壶，小贝，有吗,1,该用户可能在询问直播间是否有售卖木托盘、玻璃壶和名为“小贝”的商品。
56697889278,生活日杂,小贝你们可能冻着了，多喝姜红糖热水，发出汗就好了,0,该用户是在关心主播小贝的身体状况，并给出暖心的健康建议。
56697889278,生活日杂,衬衫,1,该用户可能在询问直播间正在展示或即将介绍的衬衫款式或购买链接。
56697889278,生活日杂,衬衣在哪,1,该用户想询问直播间中衬衫产品的具体购买链接或展示位置。
56697889278,生活日杂,便宜,1,该用户想表达的含义是：当前展示的商品价格很实惠，可以考虑购买。
56697889278,生活日杂,四季豆一定要弄熟，否则会中毒,0,该用户是在提醒其他人注意烹饪四季豆时的安全事项，可能是看到有人询问或展示相关产品时出于关心给出的实用建议。
56697889278,生活日杂,四季豆之前买的，今天剩最后一顿再搞来吃现在正在搞呢，等一下就炒来吃,0,该用户想表达的含义是：之前购买的四季豆快吃完了，现在正在准备烹饪。
56697889278,生活日杂,亚麻籽,1,该用户可能在询问直播间是否有售卖亚麻籽产品或相关商品。
56697889278,生活日杂,可以上五红汤吗？,1,该用户是在询问主播是否会上架五红汤这款产品。
56697889278,生活日杂,不就是豆角吗,0,该用户可能是在质疑当前直播商品的普通性或价格合理性，认为豆角是常见食材不值得特别推荐或高价售卖。
56697889278,生活日杂,不熟不能吃,0,该用户是在提醒大家四季豆必须充分煮熟才能食用，否则会有中毒风险。
56697889278,生活日杂,菊乐雪域冰川纯牛奶还有吗？,1,该用户是在询问直播间是否还有库存或能否购买这款纯牛奶产品。
56697889278,生活日杂,干扁四季豆,1,该用户可能是在询问或确认直播中提到的“干煸四季豆”这道菜的相关信息，比如做法、安全性或购买方式。
56697889278,生活日杂,一定煮熟了,0,该用户是在强调烹饪四季豆时必须确保完全熟透以避免中毒风险。
56697889278,生活日杂,想要土猪排骨,1,该用户想表达的含义是：对直播中提到的土猪排骨有购买意向，希望了解购买方式或价格。  （结合前文弹幕中频繁提及食材、烹饪建议及商品询问的语境，可推断用户是在参与直播间的食品类商品互动，并明确表达了需求。）
56697889278,生活日杂,四季豆必须煮熟，煮不熟剧毒,0,该用户是在提醒其他人注意四季豆的食用安全，强调必须充分烹饪以避免中毒风险。
56697889278,生活日杂,四季豆好吃,1,该用户是在认可或分享四季豆的食用体验，暗示对产品品质的满意或潜在的复购意向。
56697889278,生活日杂,有干的海带苗吗,1,该用户是在询问直播间是否有售卖脱水处理的海带苗产品。
56697889278,生活日杂,四季豆炒肉丝 好吃,1,该用户是在认可四季豆的美味，并可能暗示对这道菜的购买兴趣或烹饪方法的赞同。
56697889278,生活日杂,边炒边水，干煸四季豆,0,该用户是在分享自己正在烹饪干煸四季豆的过程，同时提醒大家烹饪时要注意加水防止焦糊。
56697889278,生活日杂,中午好,0,该用户可能是在礼貌性问候主播或观众，试图融入直播间的互动氛围，而非直接表达购买意向。
56697889278,生活日杂,实惠,1,该用户想表达的含义是：认为直播间的商品价格比较划算，对购买产生了兴趣。
56697889278,生活日杂,玫瑰,1,该用户可能在询问直播间是否有玫瑰相关商品上架或对其感兴趣。
56697889278,生活日杂,怎么都1毛,1,该用户可能是在抱怨商品价格与预期不符，认为当前展示的物品（可能是四季豆或其他农产品）标价过低（“1毛”），暗示价格不合理或质量存疑。
56697889278,生活日杂,大棚的还应季的,1,该用户可能是想询问或确认直播中提到的蔬菜（如四季豆）是大棚种植的还是应季自然生长的，以判断其品质或食用安全性。
56697889278,生活日杂,四季豆适合干扁的吃,0,该用户是在讨论四季豆的烹饪方式，倾向于推荐干煸的做法。
56697889278,生活日杂,美女主播中午好,0,该用户只是在礼貌性地问候主播，并未表现出明确的购买意向或对商品的兴趣。
56697889278,生活日杂,放点薄荷一起炒特好吃,0,该用户是在建议主播在烹饪四季豆时加入薄荷一起翻炒，以提升风味。
56697889278,生活日杂,五红汤可以选好的上吗？,1,该用户是在询问主播能否优先展示或推荐品质更好的五红汤产品。
56697889278,生活日杂,我们都是做干煸，清炒,0,该用户想表达的含义是：大家都在讨论用干煸或清炒的方式烹饪四季豆。
56697889278,生活日杂,多放点油煎靠一会才放点热水炖,0,该用户是在针对烹饪干煸四季豆的做法提出建议，认为应该先用油煎久一点再加水炖煮，以提升菜肴的口感和风味。
56697889278,生活日杂,有没有网袜,1,该用户是在询问直播间是否有网袜这款商品在售。
56697889278,生活日杂,我还没吃饭,0,该用户可能在暗示自己饿了，对直播中展示的食品类商品产生兴趣，希望主播推荐或介绍能快速解决饥饿的餐食产品。
56697889278,生活日杂,上次买的还没吃完,0,该用户想表达的含义是：暂时不需要再购买同类产品，因为之前的存货还没消耗完。
56697889278,生活日杂,五花肉炒四季豆,0,该用户可能在分享或推荐一道家常菜的做法，表达对四季豆烹饪方式的兴趣或建议。
56697889278,生活日杂,小贝爱吃豆角,0,该用户想表达的含义是：主播提到的四季豆做法让我想起小贝也喜欢这种食材。
56697889278,生活日杂,五红汤期待上,1,该用户希望主播尽快推出五红汤产品并表示期待购买。
56697889278,生活日杂,一定务必要煮熟，不然会中毒,0,该用户是在提醒主播或观众烹饪四季豆时要注意彻底煮熟，避免因未熟透导致食物中毒的风险。
56697889278,生活日杂,长春不发货呢,0,该用户想表达的含义是：询问直播间是否支持向长春地区发货。
56697889278,生活日杂,小贝又吃上四季豆了,0,该用户想表达的含义是：注意到主播小贝再次选择了四季豆作为展示的食材。
56697889278,生活日杂,做干煸豆角好吃,0,该用户是在参与讨论豆角的烹饪方法，表达自己认为干煸是豆角的一种美味做法。
56697889278,生活日杂,身上的衬衫是链接,1,该用户想询问主播身上穿的衬衫是否在商品链接中可以购买。
56697889278,生活日杂,要炒熟，不熟要中毒,0,该用户是在强调烹饪四季豆时必须彻底煮熟，否则可能存在食品安全风险。
56697889278,生活日杂,干煸最好吃,1,该用户是在赞同并强调干煸四季豆是最美味的烹饪方式。
56697889278,生活日杂,云南那个辣条还能上吗,1,该用户是在询问之前直播中提到的云南辣条商品是否会再次补货上架。
56697889278,生活日杂,加点薄荷试试,1,该用户可能是建议主播在烹饪豆角时加入薄荷来提升风味，延续了前面关于豆角做法的讨论。
56697889278,生活日杂,小贝的衬衫,1,该用户可能是在询问主播小贝身上穿的衬衫是否有购买链接或商品信息。
56697889278,生活日杂,上点云南产品,1,该用户希望直播间能多推荐一些云南地区的特色商品。
56697889278,生活日杂,小贝感冒了吧,0,该用户可能是在关心主播小贝的身体状况，暗示她声音或状态听起来像感冒了。
56697889278,生活日杂,怎么小黄车里没有锅,1,该用户想表达的含义是：对直播中提到的商品感兴趣但未在购物车中找到对应的锅具。
56697889278,生活日杂,干煸豆角,1,该用户可能是对干煸豆角这道菜感兴趣，想询问做法或推荐相关产品。
56697889278,生活日杂,四季豆干煸，超好吃,1,该用户是在赞同干煸四季豆的烹饪方式，并强调其美味程度。
56697889278,生活日杂,焖饭,1,该用户可能是在询问或建议直播中展示的焖饭做法或相关产品。
56697889278,生活日杂,什么时候内蒙也能发货就好了，好多都拍不了,0,该用户因所在地区无法购买直播间的商品而感到遗憾，希望商家能开通内蒙古地区的发货服务。
56697889278,生活日杂,小贝衣服,1,该用户可能是在询问或提及主播“小贝”身上穿的衣服是否有购买链接或相关商品信息。
56697889278,生活日杂,没敢吃四季豆,0,该用户可能因为看到其他观众讨论四季豆的烹饪方法和食用风险（如必须煮熟否则会中毒），而表达了自己对尝试四季豆存在顾虑或谨慎态度。
56697889278,生活日杂,不是脆的，脆就没做熟，猛炖就软了,0,该用户是在强调烹饪豆角时需要充分炖煮至软烂，避免因未熟透导致口感发脆或食用风险。
56697889278,生活日杂,橄榄菜炒四季豆,0,该用户是在讨论用橄榄菜烹饪四季豆的吃法，可能是在分享菜谱或询问这种做法是否可行。
56697889278,生活日杂,河南,0,该用户可能在询问直播中提到的产品是否支持发往河南地区。
56697889278,生活日杂,湖北人也挺能吃辣的,0,该用户可能是在暗示对辣味产品的兴趣，并试图将湖北人的饮食特点与直播间当前讨论的辣味食品（如云南辣条）联系起来，以表达自己对于类似辣味商品的潜在购买意愿。
56697889278,生活日杂,河南吃法,0,该用户可能是在询问或建议主播展示河南特色的烹饪方法或相关产品。
56697889278,生活日杂,迅速喝姜糖水发汗,0,该用户可能是看到主播身体不适（如弹幕提到“小贝感冒了吧”），出于关心建议主播喝姜糖水发汗来缓解症状。
56697889278,生活日杂,四季豆,1,该用户可能是在询问或讨论关于四季豆的烹饪方法或食用建议。
56697889278,生活日杂,还有那个整条的大列巴吗,1,该用户是在询问直播间是否还有之前提到的整条大列巴（俄罗斯面包）库存可供购买。
56697889278,生活日杂,焖饭好吃,1,该用户是在对之前提到的焖饭表示认可或称赞其美味。
56697889278,生活日杂,清远鸡,1,该用户可能是想询问或推荐直播间是否会上架清远鸡这一产品。
56697889278,生活日杂,中午好,0,该用户可能是在打招呼的同时暗示自己刚进入直播间，想了解当前直播内容或产品信息。
56697889278,生活日杂,河北河南,0,该用户可能是想询问直播中提到的产品是否支持发往河北和河南地区。
56697889278,生活日杂,炒肉丝,1,该用户可能是想询问主播是否会演示或推荐炒肉丝这道菜的做法或相关产品。
56697889278,生活日杂,四季豆焖饭,1,该用户可能是想询问或推荐用四季豆做焖饭的烹饪方法或菜品搭配。
56697889278,生活日杂,在哪儿发出？,1,该用户可能是在询问直播中提到的某个商品或活动的具体参与方式或购买渠道。
56697889278,生活日杂,还有整条的那个大列巴吗,1,该用户是在询问直播间是否还有完整包装的大列巴面包可供购买。
56697889278,生活日杂,橄榄菜炒很好吃,1,该用户想表达的含义是：橄榄菜作为配菜炒制后风味很好（可能是在回应或补充之前关于橄榄菜炒四季豆的讨论）。
56697889278,生活日杂,白吉饼限购了？？？买不了,1,该用户因发现白吉饼限购而感到失望，表达了自己无法购买的遗憾。
56697889278,生活日杂,小贝衣服什么牌子的，好看啊,1,该用户对主播穿的衣服品牌产生了兴趣并表达了赞赏和潜在的购买意向。
56697889278,生活日杂,炖排骨,1,该用户可能是想询问主播是否在推荐或介绍炖排骨的做法或相关产品。
56697889278,生活日杂,鸡翅还有吗？鸡翅还有吗？鸡翅还有吗？,1,该用户急切地询问直播间是否还有鸡翅库存，表现出强烈的购买意向。
56697889278,生活日杂,山东人能喝,0,该用户可能是在调侃或附和前面关于地域饮食特点的讨论，暗示山东人以酒量好著称。
56697889278,生活日杂,山西的豆角焖面绝绝子！,0,该用户是在夸赞山西的豆角焖面非常美味，表达了对这道地方特色菜的强烈喜爱和推荐。
56697889278,生活日杂,这个很好吃，恒炒肉丝,1,该用户想表达的含义是：这道炒肉丝味道很棒，推荐大家尝试。
56697889278,生活日杂,米有吗,1,该用户是在询问直播间是否有售卖“米”这一商品。
56697889278,生活日杂,炒肉丝好吃,1,该用户是在赞同或附和之前提到的炒肉丝菜品，表达对其口味的认可或兴趣。
56697889278,生活日杂,加点酸菜,0,该用户可能是希望主播在当前的菜品或食材（如炒肉丝、焖饭等）中加入酸菜来提升风味。
56697889278,生活日杂,旁边的保温杯,1,该用户可能是在询问或提醒主播展示旁边摆放的保温杯产品，表达了对该商品的关注或购买意向。
56697889278,生活日杂,小贝头发,0,该用户可能是在询问主播或模特“小贝”的发型相关信息，或是注意到其头发造型并表达兴趣。
56697889278,生活日杂,看看你上衣,1,该用户对主播的上衣款式或品牌感兴趣，想进一步了解或购买同款。
56697889278,生活日杂,还有整条大列巴吗,1,该用户是在询问直播间是否还有完整包装的大列巴面包库存可供购买。
56697889278,生活日杂,微炸,0,该用户可能是想询问或确认直播中提到的某款“微炸”食品是否还有货或具体做法。
56697889278,生活日杂,我放了油麻椒，葱姜蒜，然后用这个煎煎的那个皮薄一些，再放点调料，炒一炒，炒软了好吃,0,该用户是在分享自己用直播中展示的食材或调料烹饪某道菜的具体做法，并强调这样处理后的口感更好。
56697889278,生活日杂,干煸豆角,1,该用户可能在询问主播是否会介绍或推荐干煸豆角的做法，或是表达自己对这道菜的喜爱和兴趣。
56697889278,生活日杂,过油了,0,该用户可能是在评论烹饪方法，认为当前展示的菜品用油量过多。
56697889278,生活日杂,过了油的,0,该用户想表达的含义是：这道菜已经完成了油炸的烹饪步骤。  （结合前文语境，弹幕多围绕烹饪方法和食材讨论，如“微炸”“干煸豆角”等，用户可能是补充说明当前菜品制作状态或分享烹饪技巧。）
56697889278,生活日杂,过油炸,0,该用户是在讨论烹饪过程中对食材进行油炸处理的步骤或效果。
56697889278,生活日杂,买了,0,该用户想表达的含义是：已经下单购买了直播间的商品。
56697889278,生活日杂,小贝是我湖北美女,0,该用户是在夸赞主播小贝的外貌和地域身份，表达对主播的喜爱和亲近感。
56697889278,生活日杂,切丝不用者,0,该用户想表达的含义是：询问主播是否推荐将食材切丝后再进行烹饪。
56697889278,生活日杂,老乡，什么时候有卖鲜花,1,该用户是在询问直播中何时会上架鲜花商品，表现出对购买鲜花的兴趣和期待。
56697889278,生活日杂,60号胶东鲅鱼馅是宇辉同行的吗，是我就买,1,该用户是在询问这款鲅鱼馅产品是否与知名主播宇辉合作或推荐过，如果是的话就愿意下单购买。
56697889278,生活日杂,干锅豆角好吃,1,该用户是在讨论豆角的烹饪方式，认为干锅做法能让豆角更美味。
56697889278,生活日杂,14号辽参说说,1,该用户想询问直播间是否会上架或介绍14号辽参这款产品。
56697889278,生活日杂,鲜花,1,该用户想表达的含义是：询问直播间是否有鲜花商品在售或关注鲜花相关信息。
56697889278,生活日杂,小贝面相越来越柔和，比原先美多了,0,该用户是在夸赞主播小贝的外貌变得更加温婉动人，表达了对主播形象的正面关注和欣赏。
56697889278,生活日杂,枸杞在橱窗里,0,该用户想表达的含义是：询问直播商品中的枸杞是否已上架在购物橱窗中。
56697889278,生活日杂,切丝好吃,0,该用户是在讨论烹饪方法，认为将食材切丝后口感更好。
56697889278,生活日杂,云南鲜花呢,1,该用户是在询问直播间是否有售卖云南鲜花产品。
56697889278,生活日杂,有猪蹄吗,1,该用户是在询问直播间是否有售卖猪蹄这款产品。
56697889278,生活日杂,白吉馍推荐空气炸锅！外酥里软，特别好吃,1,该用户是在分享使用空气炸锅制作白吉馍的成功体验，暗示产品效果不错值得推荐。
56697889278,生活日杂,喝姜糖水,0,该用户可能是在询问直播间是否有姜糖水产品在售或推荐相关饮品。
56697889278,生活日杂,老乡,0,该用户可能是想询问主播或直播间里的某位工作人员是否是自己的同乡，以此拉近关系或确认身份。
56697889278,生活日杂,豆角,1,该用户可能是想询问直播间是否有豆角相关产品在售或推荐豆角的烹饪做法。
56697889278,生活日杂,看看你全身衣服,0,该用户可能对主播的穿搭感兴趣，想进一步了解或询问服装的购买信息。
56697889278,生活日杂,黑咖啡有吗,1,该用户是在询问直播间是否有黑咖啡产品出售。
56697889278,生活日杂,有这个篮子吗,1,该用户可能在询问直播间是否有售卖前面弹幕中提到的某种篮子（如与鲜花、食材等相关的容器）。
56697889278,生活日杂,小贝喝姜糖水迅速解除感冒吃点维C,0,该用户可能是想通过分享小贝喝姜糖水和吃维C缓解感冒的经验，间接询问或推荐直播间是否有相关养生产品在售。
56697889278,生活日杂,看一下保温杯,1,该用户想表达的含义是：对展示保温杯产品感兴趣，希望主播详细介绍或展示。
56697889278,生活日杂,说一下身上衣服,1,该用户想表达的含义是：请主播详细介绍身上穿的衣服款式或购买信息。
56697889278,生活日杂,小贝的衬衫,1,该用户可能对小贝身上穿的衬衫感兴趣，想询问衬衫的相关信息或购买方式。
56697889278,生活日杂,哈哈哈已拍,0,该用户想表达的含义是：我已经下单购买了（可能是被直播内容吸引或对某款产品感兴趣）。
56697889278,生活日杂,看一下保温杯吧,1,该用户希望主播详细介绍或展示保温杯产品，可能对其功能或款式产生了购买兴趣。
56697889278,生活日杂,麻酱豆角,1,该用户可能在询问直播间是否有售卖或介绍麻酱拌豆角这道菜品。
56697889278,生活日杂,我们湖北也是切丝,0,该用户想表达的含义是：我们湖北人也喜欢把这种食物切丝食用。
56697889278,生活日杂,已举报,0,该用户可能因对直播内容或主播行为不满而采取了举报行动。
56697889278,生活日杂,白色半袖没有大号吗,1,该用户是在询问白色短袖是否有更大尺码可供购买。
56697889278,生活日杂,挺大一条,0,该用户可能是在评论直播中展示的某件商品的尺寸较大。
56697889278,生活日杂,60号说说,1,该用户可能是想询问或提醒主播介绍或展示编号为60号的商品。
56697889278,生活日杂,鱼鳞,0,该用户可能在询问直播间是否有售卖鱼鳞相关的产品或食材。
56697889278,生活日杂,挺大的,0,该用户可能是在评价直播中展示的某件商品的尺寸较大。
56697889278,生活日杂,黄花鱼怎么做好吃,1,该用户可能是在询问主播关于黄花鱼的烹饪方法，以此判断是否值得购买或对产品产生进一步兴趣。
56697889278,生活日杂,与辉同行值得信赖,0,该用户想表达的含义是：认可主播或商家的信誉并可能产生购买意向。
56697889278,生活日杂,朋友们有空点赞点赞点赞点赞点赞,0,该用户希望通过号召互动来提升直播间的活跃氛围，而非表达具体的购买意向。
56697889278,生活日杂,鱼是新鲜的吗？,1,该用户是在询问直播间所售鱼产品的品质是否可靠，担心存放时间过长影响新鲜度。
56697889278,生活日杂,中午好啊,0,该用户可能是在打招呼的同时，试图通过轻松互动引起主播注意，为后续询问商品信息做铺垫。
56697889278,生活日杂,保温杯,1,该用户想表达的含义是：询问主播能否展示或介绍保温杯产品。
56697889278,生活日杂,大黄鱼好吃,1,该用户想表达的含义是：对直播中展示的大黄鱼产品表示认可并可能产生购买意向。  （结合前文弹幕中关于黄花鱼烹饪、新鲜度的讨论，以及“挺大一条”等对鱼品质的正面描述，可推断用户通过简短评价间接表达对商品的兴趣或认同。）
56697889278,生活日杂,黄花鱼,1,该用户是在询问或评论直播中展示的黄花鱼产品，可能是对其大小、新鲜度或烹饪方法感兴趣。
56697889278,生活日杂,60号胶东鲅鱼馅说说,1,该用户想表达的含义是：请详细介绍60号商品胶东鲅鱼馅的具体信息。
56697889278,生活日杂,小黄鱼,1,该用户是在询问或评论直播中展示的小黄鱼产品的相关信息，可能是关于价格、品质或做法等。
56697889278,生活日杂,中午好,0,该用户是在参与直播互动时礼貌性地打招呼，同时表示自己正在观看直播并保持关注。
56697889278,生活日杂,2.28生产的,0,该用户是在询问或确认直播中提到的某款商品（可能是食品类如鱼类）的生产日期是否为2月28日。
56697889278,生活日杂,小贝有没有对象,0,该用户可能是在询问主播“小贝”是否单身，以此表达对主播的个人兴趣或调侃互动。
56697889278,生活日杂,原生,0,该用户可能是在询问直播中展示的商品是否为原生品种或原生态产品。
56697889278,生活日杂,保质期多久呢,1,该用户是在询问商品的保质期，表现出对产品新鲜度或保存时间的关注，暗示潜在的购买意向。
56697889278,生活日杂,用盐腌制的,0,该用户可能是在询问或评论直播中提到的某种鱼类（如黄花鱼、小黄鱼等）是否适合用盐腌制的方法烹饪。
56697889278,生活日杂,要小黄姜粉,1,该用户想表达的是对直播间正在介绍的小黄姜粉产品有明确的购买意向。
56697889278,生活日杂,2.28生产,0,该用户是在询问或确认直播间所售商品的某个生产批次日期是否为2月28日。
56697889278,生活日杂,有小刺吗？,1,该用户是在询问直播中展示的鱼类产品是否含有细小的鱼刺，以评估食用时的便利性和安全性。
56697889278,生活日杂,属于冰鲜鱼,0,该用户想确认直播中提到的鱼是否属于冰鲜保鲜类别。
56697889278,生活日杂,葱姜蒜那？,1,该用户可能在询问直播间是否有售卖葱、姜、蒜等调味配料。
56697889278,生活日杂,有儿童牙膏吗,1,该用户是在询问直播间是否有适合儿童使用的牙膏产品，表现出对儿童口腔护理用品的潜在购买兴趣。
56697889278,生活日杂,大黄鱼蒸了吃,0,该用户可能是在询问大黄鱼的烹饪方式是否适合清蒸，或表达对清蒸做法的兴趣。
56697889278,生活日杂,衣服好看,1,该用户可能是在看到直播中展示的服装后，单纯表达对款式的欣赏或产生潜在购买兴趣。
56697889278,生活日杂,有破壁机吗,1,该用户是在询问直播间是否有破壁机这款产品在售。
56697889278,生活日杂,哪里的鱼,1,该用户可能在询问直播中提到的鱼产品的产地或来源。
56697889278,生活日杂,黄花鱼,1,该用户可能是在询问或确认直播中提到的黄花鱼的相关信息，比如品种、做法或产地等。
56697889278,生活日杂,放水里还可以游动吗，还可以养活吗？我想放鱼塘里养大一些再吃！,1,该用户是在询问产品（鱼类）的鲜活程度和养殖可行性，表达了对购买后能否继续饲养的关切以及潜在的购买意愿。
56697889278,生活日杂,小姐姐真漂亮,0,该用户可能是在夸赞主播的外貌以表达好感或活跃气氛，但并未直接表现出对商品的购买兴趣。
56697889278,生活日杂,咸鸭蛋,1,该用户可能是在询问直播间是否有咸鸭蛋商品或对其相关细节（如口味、制作工艺等）感兴趣。
56697889278,生活日杂,黄花鱼好吃,1,该用户可能是在询问或确认黄花鱼的口感或烹饪效果，表达了对产品的兴趣和潜在的购买意向。
56697889278,生活日杂,猪蹄啥时候有,1,该用户是在询问直播中是否会上架或介绍猪蹄产品，并希望了解具体的上架时间。
56697889278,生活日杂,中午好,0,该用户可能是在礼貌性地打招呼，试图融入直播间的互动氛围，而非直接表达购买意向。
56697889278,生活日杂,鲅鱼馅说说,1,该用户想询问直播中提到的鲅鱼馅产品的具体信息或特点。
56697889278,生活日杂,有没有荞麦面,1,该用户是在询问直播间是否有荞麦面这款商品在售。
56697889278,生活日杂,点赞点赞点赞点赞点赞点赞点赞点赞,0,该用户可能是在积极参与直播互动，通过刷屏点赞表达对直播内容的支持或对主播的喜爱，但并未直接表现出明确的购买意向。
56697889278,生活日杂,有充电宝吗？,1,该用户可能在询问直播间是否有充电宝产品在售，表达了对购买充电宝的兴趣。
56697889278,生活日杂,下午好,0,该用户可能是在礼貌性打招呼的同时，暗示自己刚进入直播间并开始关注直播内容。
56697889278,生活日杂,小刺多吗，适合小孩吃吗,1,该用户是在询问这款鱼类的鱼刺情况是否适合儿童食用，关注产品的安全性和适用性。
56697889278,生活日杂,18好的鲈鱼是哪里的？？？？？？,1,该用户是在询问直播中提到的“18号鲈鱼”的具体产地信息，表现出对产品来源的关注和潜在的购买意向。
56697889278,生活日杂,你看，鱼动了，动了,0,该用户可能是对直播中展示的活鱼或动态效果感到新奇或兴奋，暗示对产品的鲜活度或展示方式感兴趣。
56697889278,生活日杂,有宝宝能吃的鱼吗,1,该用户是在询问直播间是否有适合婴幼儿食用的鱼类产品。
56697889278,生活日杂,话说 宇辉抓的鱼呢,0,该用户是在询问主播之前提到的“宇辉抓的鱼”现在在哪里或是什么情况，可能对这款鱼产品产生了兴趣或好奇。
56697889278,生活日杂,鱼刺多不多？,1,该用户是在询问鱼肉中细刺的数量，以判断是否适合食用或给特定人群（如小孩）食用。
56697889278,生活日杂,黄花鱼肉比较鲜嫩,0,该用户是在称赞黄花鱼的肉质口感好，暗示对这款产品有购买兴趣。
56697889278,生活日杂,鱼刺多吗？,1,该用户是在询问鱼肉中细刺的数量，以判断是否适合食用或给特定人群（如小孩）食用。
56697889278,生活日杂,一套小贝你穿的外套在哪,1,该用户想表达的含义是：询问主播身上所穿的外套的购买链接或商品信息。
56697889278,生活日杂,小刺多吗,1,该用户是在询问该鱼类产品是否含有较多细小鱼刺，以评估是否适合食用或给儿童食用。
56697889278,生活日杂,福建特产,0,该用户可能是在询问直播间是否有售卖福建特产的相关商品。
56697889278,生活日杂,福建鱼,0,该用户可能是在询问直播间是否有售卖福建产的鱼类产品，或对福建鱼的特点和品质感兴趣。
56697889278,生活日杂,这是野生的还是养殖的,1,该用户可能是在询问产品的来源或品质，关心所售鱼类是否为天然野生还是人工养殖，以判断其新鲜度和营养价值。
56697889278,生活日杂,儿童防晒能上一下吗？,1,该用户是在询问直播间是否会补货或上新儿童防晒产品，表现出明确的购买意向。
56697889278,生活日杂,刺多吗,1,该用户是在询问所展示的鱼类产品的鱼刺数量是否密集，以此判断是否适合购买食用。
56697889278,生活日杂,60号鲅鱼馅说说,1,该用户想询问60号鲅鱼馅产品的具体信息（如口感、鱼刺情况或适合人群等）。
56697889278,生活日杂,离远点看看衣服,1,该用户可能是对主播展示的服装感兴趣，希望主播后退几步以便更全面地观察衣服的整体效果和版型。
56697889278,生活日杂,这个好吃,1,该用户想表达的含义是：这款食品看起来味道不错，我有兴趣购买。
56697889278,生活日杂,它还能产籽吗，我想买来养产籽！,1,该用户对直播中展示的产品（可能是鱼类或植物）的繁殖功能感兴趣，并表达了希望通过购买实现培育产籽的意愿。
56697889278,生活日杂,橙子有吗,1,该用户可能在询问直播间是否有橙子售卖，表现出对购买橙子的潜在兴趣。
56697889278,生活日杂,小宝宝能吃吗,1,该用户是在询问直播中介绍的食品是否适合婴幼儿食用，可能出于给孩子选购安全合适食物的考虑。
56697889278,生活日杂,看看电饭锅,1,该用户可能对当前讨论的鱼类产品不太感兴趣，转而希望主播展示或介绍电饭锅这类厨房家电产品。
56697889278,生活日杂,几号链接,1,该用户想询问当前讨论的商品对应的购买链接编号。
56697889278,生活日杂,蒸多长时间,1,该用户想询问直播中展示的食品需要蒸煮的具体时长，可能是对产品的烹饪方式或食用方法感兴趣。
56697889278,生活日杂,徒手抓的，我要宇辉抓的鱼,0,该用户想表达的含义是：希望主播宇辉亲自挑选并展示他抓的鱼，以此作为购买依据。
56697889278,生活日杂,鱼要冷冻么,1,该用户可能在询问鱼的保存方式，以评估是否适合购买或食用。
56697889278,生活日杂,漂亮,0,该用户可能在称赞直播展示的商品外观或主播的穿搭好看。
56697889278,生活日杂,鲜花鲜花,1,该用户想表达的含义是：对直播中展示的鲜花产品表现出兴趣或想要购买。
56697889278,生活日杂,还卖花吗,1,该用户是在询问直播间是否还会上架鲜花商品。
56697889278,生活日杂,管理，能不能把无聊的人踢出去,0,该用户可能因直播间讨论内容偏离核心商品或出现无关干扰而感到不满，希望管理员维护秩序以聚焦购物话题。
56697889278,生活日杂,中午好,0,该用户可能是在打招呼或活跃气氛，并未直接表达购买意向。
56697889278,生活日杂,宝宝零食,1,该用户可能在询问直播间是否有适合婴幼儿食用的零食产品。
56697889278,生活日杂,咸不咸,1,该用户是在询问直播中展示的食品（可能是鱼类或其他腌制食品）的咸度是否合适。
56697889278,生活日杂,美味,1,该用户想表达的含义是：对当前展示的食物表示赞赏和兴趣。
56697889278,生活日杂,搞点普洱茶,1,该用户想表达的含义是：询问直播间是否有普洱茶售卖或推荐。
56697889278,生活日杂,云南行结束了，没有鲜花了,0,该用户是在询问或感叹直播间之前卖过的鲜花是否已经售罄或不再销售了。
56697889278,生活日杂,这个海鸭蛋还能孵出小鸭子吗，我想养小鸭子！,0,该用户可能是以调侃或好奇的方式询问海鸭蛋的实用性，实际想确认产品是否新鲜或是否适合食用，而非真的想孵化小鸭子。
56697889278,生活日杂,咸吗,1,该用户是在询问产品的咸度是否适合自己或家人的口味。
56697889278,生活日杂,蛋清齁咸吗,1,该用户是在询问海鸭蛋的蛋清是否过咸，可能对产品的咸度有所顾虑或想确认是否符合自己的口味偏好。
56697889278,生活日杂,好香,1,该用户被直播中展示的商品（可能是食品）的香气所吸引，表达出对产品的喜爱和购买兴趣。
56697889278,生活日杂,贝贝瓜,1,该用户可能是在询问直播间是否有售卖贝贝瓜这种商品。
56697889278,生活日杂,咸鸭蛋,1,该用户可能是在询问或评论直播中提到的咸鸭蛋的口味或品质。
56697889278,生活日杂,齁咸吧,0,该用户是在询问或评价产品的咸度是否过高。
56697889278,生活日杂,这个鸭蛋好,1,该用户想表达的含义是：这款海鸭蛋看起来品质不错，让人有购买欲望。
56697889278,生活日杂,熟的吗？？能直接吃吗？,1,该用户是在询问直播中展示的商品（可能是海鸭蛋或其他食品）是否已经煮熟可以直接食用。
56697889278,生活日杂,东北不发货,0,该用户可能是在询问或抱怨直播间的商品是否不支持发往东北地区。
56697889278,生活日杂,宇辉捡的?,0,该用户可能是在询问直播中展示的商品是否是由主播“宇辉”亲自挑选或推荐的，以此判断商品的可靠性和购买价值。
56697889278,生活日杂,这个配粥绝了,0,该用户认为这款产品（可能是咸鸭蛋或其他配菜）和粥搭配起来非常美味。
56697889278,生活日杂,是人造蛋吧,0,该用户怀疑直播中展示的鸭蛋并非天然产品，而是人工合成的替代品。
56697889278,生活日杂,不咸 好吃的很,1,该用户是在肯定产品口味，强调鸭蛋咸淡适中且味道很好。
56697889278,生活日杂,谁打与辉了,0,该用户可能在询问是谁在直播中提到了“与辉”这个名字，可能是对某个主播或嘉宾的称呼产生好奇或关注。
56697889278,生活日杂,还跳舞吗,0,该用户可能在询问主播是否会继续进行才艺表演（如跳舞），以调节直播氛围或吸引观众互动。
56697889278,生活日杂,保质期多久,1,该用户可能是在询问产品的保质期，以评估是否值得购买或储存。
56697889278,生活日杂,黄花鱼发顺丰快递吗？,0,该用户是在询问黄花鱼的配送方式是否支持顺丰快递，以此确认购买后的物流服务是否满足自己的需求。
56697889278,生活日杂,保质期多长时间,1,该用户是在询问产品的保质期，以评估是否适合购买和储存。
56697889278,生活日杂,下午好,0,该用户可能是在打招呼或表达自己刚进入直播间的状态，试图融入当前的互动氛围。
56697889278,生活日杂,咸不,1,该用户想询问这款咸鸭蛋的咸度是否适中。
56697889278,生活日杂,给力,0,该用户想表达的含义是：这款咸鸭蛋的品质或优惠力度让人感到满意和惊喜。
56697889278,生活日杂,真美,0,该用户被直播中展示的商品外观或效果所吸引，表达了对商品的赞美和欣赏。
56697889278,生活日杂,这个是不是海鸭蛋,1,该用户是在询问直播中展示的鸭蛋是否为特定品种的海鸭蛋，以确认产品品质或产地信息。
56697889278,生活日杂,怎么保存,1,该用户想询问如何保存直播中提到的咸鸭蛋或海鸭蛋。
56697889278,生活日杂,咸鸭蛋,1,该用户可能是想询问这款咸鸭蛋的口味或品质如何。
56697889278,生活日杂,我保质期多久,1,该用户想询问产品的保质期时长以评估购买后的存放可行性。
56697889278,生活日杂,流油看着就好吃,1,该用户想表达的含义是：这款咸鸭蛋的油润外观让人很有食欲，暗示有购买兴趣。
56697889278,生活日杂,东北暖和了，为啥不能买啊,1,该用户想表达的含义是：既然东北地区气温已经回升，为何还不支持向该地区发货购买商品。
56697889278,生活日杂,云南买不了,0,该用户想表达的含义是：云南地区不支持购买该商品。
56697889278,生活日杂,长春为啥不配送,0,该用户想表达的含义是：对所在地区无法购买商品感到疑惑和不满。
56697889278,生活日杂,保质期多久,1,该用户是在询问产品的保质期时长，以评估是否适合购买和储存。
56697889278,生活日杂,大蒜,1,该用户可能在询问直播中展示的商品是否包含大蒜成分或询问大蒜相关产品的信息。
56697889278,生活日杂,昨天董宇辉直播那个,0,该用户可能是想询问昨天董宇辉直播中提到的某款商品是否与当前直播间的产品相关或进行比较。
56697889278,生活日杂,有黄豆吗,1,该用户可能在询问直播间是否有售卖黄豆产品。
56697889278,生活日杂,咸不咸,1,该用户是在询问直播中展示的食品（可能是咸鸭蛋）的咸度如何。
56697889278,生活日杂,东北为啥买不了啊,0,该用户因所在地区（东北）无法购买商品而感到疑惑和不满。
56697889278,生活日杂,啥时候说衣服,1,该用户想表达的含义是：询问主播何时开始介绍服装产品。
56697889278,生活日杂,都回家了，好好休息,0,该用户可能是在提醒主播直播时间已晚，建议结束直播让大家休息。
56697889278,生活日杂,云南咋不发货,0,该用户因所在地区无法购买商品而感到困惑和不满。
56697889278,生活日杂,东北的，买不了,0,该用户想表达的含义是：自己是东北地区的消费者，但因地域限制无法购买直播间的商品。
56697889278,生活日杂,咸度如何?,1,该用户是在询问产品的咸淡程度是否适合自己口味。
56697889278,生活日杂,你穿的是4号链接吗,1,该用户是在询问主播身上展示的服装是否对应商品链接中的4号款式。
56697889278,生活日杂,长春为啥不发货,0,该用户想表达的含义是：对长春地区无法购买商品感到疑惑和不满。
56697889278,生活日杂,香迷糊了,1,该用户想表达的含义是：这款食物看起来非常美味诱人。
56697889278,生活日杂,会不会太咸,1,该用户是在询问产品的咸度是否适中，担心口味过重影响食用体验。
56697889278,生活日杂,不能吃太咸的,0,该用户想表达的含义是：担心产品的口味偏咸，不适合自己或特定人群食用。
56697889278,生活日杂,啥时候有护肤品呀,1,该用户想表达的含义是：询问直播间何时会上架护肤品品类。
56697889278,生活日杂,与辉同行一路光明,0,该用户是在表达对主播或直播团队的支持与鼓励，暗示希望他们未来发展顺利。
56697889278,生活日杂,可以直接吃吗？还是要煮熟？,1,该用户是在询问产品的食用方式是否需要加工处理。
56697889278,生活日杂,白粥也可以,0,该用户可能是在询问当前讨论的食物产品（如黄豆、大蒜等）是否可以像白粥一样简单食用或搭配。
56697889278,生活日杂,好吃,1,该用户想表达的含义是：对直播中展示的食品味道表示认可和称赞。
56697889278,生活日杂,不错,1,该用户可能是在对当前展示的商品表示认可或满意。
56697889278,生活日杂,缓缓飘落的枫叶像思念,0,该用户可能是在借歌词抒发对直播氛围的悠闲感受，或是用诗意表达对当前展示的秋季相关商品（如枫叶元素服饰/食品）的欣赏意向。
56697889278,生活日杂,流沙,0,该用户可能是在询问或评论商品是否含有流沙馅料或流沙质感。
56697889278,生活日杂,与金沙蛋（麻酱风味）的那个好吃,1,该用户是在询问“金沙蛋（麻酱风味）”这款产品与其他同类产品相比哪个更好吃，表现出对商品口味的比较兴趣和潜在的购买意向。
56697889278,生活日杂,点赞点赞点赞点赞点赞点赞点赞,0,该用户想表达的含义是：积极参与互动以支持主播或表达对直播内容的认可。
56697889278,生活日杂,不盐吗,1,该用户是在询问产品是否口味偏咸。
56697889278,生活日杂,"甘肃不发货,咋回事？",0,该用户想表达的含义是：询问为何甘肃地区无法下单购买商品。
56697889278,生活日杂,挺不错的,1,该用户觉得直播展示的商品或内容比较满意，有潜在的购买意愿。
56697889278,生活日杂,有卤猪蹄吗,1,该用户是在询问直播间是否有售卖卤猪蹄这款产品。
56697889278,生活日杂,你这5号链接吗,1,该用户是在询问当前展示的商品是否对应5号商品链接。
56697889278,生活日杂,有油吗,1,该用户可能在询问直播间是否有售卖食用油或其他油脂类产品。
56697889278,生活日杂,主播看看你的上衣,1,该用户对主播的上衣款式感兴趣，可能在询问购买链接或想了解衣服的详细信息。
56697889278,生活日杂,儿童大网那种跑鞋,1,该用户可能在询问是否有适合儿童穿的大网眼透气款跑鞋。
56697889278,生活日杂,好吃好吃已拍加急发货,1,该用户想表达对产品的喜爱并催促尽快发货。
56697889278,生活日杂,这俩鸭蛋什么区别,1,该用户想询问直播中展示的两种鸭蛋产品在口味或品质上的具体差异。
56697889278,生活日杂,主播今天有八珍糕吗,1,该用户是在询问主播当前是否有售卖八珍糕这款产品。
56697889278,生活日杂,60克和70克什么区别,1,该用户想询问产品在60克和70克规格之间的具体差异，可能是为了比较性价比或选择更适合自己的分量。
56697889278,生活日杂,你这衬衫5号链接吗,1,该用户是在询问主播身上穿的衬衫是否对应商品列表中的5号链接。
56697889278,生活日杂,要不要煮熟再吃,1,该用户可能是在询问直播中展示的食品是否需要经过烹饪处理才能食用。
56697889278,生活日杂,有胡椒粉吗,1,该用户是在询问直播间是否有售卖胡椒粉这款产品。
56697889278,生活日杂,要煮吗？,1,该用户可能在询问产品是否需要烹饪后才能食用。
56697889278,生活日杂,太好了，太美了，太香了,1,该用户被直播展示的商品所打动，兴奋地表达了对产品外观、品质或使用体验的高度赞赏和喜爱。
56697889278,生活日杂,18号和这个哪个好,1,该用户是在询问直播间展示的某款商品与18号链接商品的优劣对比，想了解哪个更值得购买。
56697889278,生活日杂,咸鸭蛋粥也可以,1,该用户可能是在询问或确认直播中是否有咸鸭蛋粥这款产品，或者表达对这款产品的兴趣和购买意向。
56697889278,生活日杂,辽宁为啥不发货,0,该用户是在询问直播间为何不支持向辽宁地区发货，可能有意购买但受限于物流问题。
56697889278,生活日杂,保质期多久,1,该用户是在询问商品的保质期时长，以评估是否值得购买或囤货。
56697889278,生活日杂,售后不处理怎么办,0,该用户担心购买后若出现商品问题可能无法得到妥善解决，因而对售后服务的可靠性存在疑虑。
56697889278,生活日杂,没货,1,该用户可能是在询问或抱怨直播间展示的商品当前缺货，希望主播确认库存情况或补货。
56697889278,生活日杂,看看T恤,1,该用户想表达的含义是：让主播展示或详细介绍T恤的相关信息。
56697889278,生活日杂,海鸭蛋好吃，我经常买,1,该用户是在认可产品品质并表达自己已是回头客的购买意愿。
56697889278,生活日杂,讲讲你的上衣,1,该用户想表达的含义是：请主播详细介绍身上所穿上衣的款式或购买信息。
56697889278,生活日杂,先看看你身上的衣服,1,该用户想表达的含义是：让主播展示一下身上穿的衣服款式或细节。
56697889278,生活日杂,不咸吧,1,该用户是在询问产品的咸度是否适中，可能担心口味过重影响食用体验。
56697889278,生活日杂,那个敷脖子的还有吗,1,该用户想询问直播间是否还有之前提到的颈部护理产品库存。
56697889278,生活日杂,云南粘玉米有吗,1,该用户是在询问直播间是否有售卖云南产的粘玉米这一商品。
56697889278,生活日杂,咸吗,1,该用户是在询问直播中展示的食品（可能是咸鸭蛋或其他腌制食品）的咸度是否适中。
56697889278,生活日杂,看一下衬衣,1,该用户想表达的含义是：对主播身上展示的衬衫感兴趣，希望详细了解或看到更多展示。
56697889278,生活日杂,我想那看看你的衣服,1,该用户想表达的是对主播身上穿的衣服感兴趣，希望主播展示或介绍那件衣服的款式或购买信息。
56697889278,生活日杂,下单了,0,该用户想表达的含义是：我已经决定购买并完成了订单操作。
56697889278,生活日杂,衣服你觉得,0,该用户想询问主播对自己身上所穿衣服的评价或推荐意见。
56697889278,生活日杂,有羊肚菌吗,1,该用户是在询问直播间是否有售卖羊肚菌这一商品。
56697889278,生活日杂,这和之前那款不同吗,1,该用户是在询问当前展示的产品与之前提到的另一款产品之间的具体区别。
56697889278,生活日杂,你的衣服,1,该用户想表达的含义是：对主播身上穿的衣服感兴趣，希望主播展示或介绍。
56697889278,生活日杂,咸不咸？,1,该用户是在询问产品的咸度是否适中，可能是出于对口味偏好或健康饮食的考虑而关注食品的咸淡程度。
56697889278,生活日杂,5号和1号有什么区别,1,该用户想询问两款产品之间的具体差异以便做出购买决策。
56697889278,生活日杂,衬衣看看,1,该用户想表达的含义是：希望主播展示或详细介绍衬衫的款式和细节。
56697889278,生活日杂,衣服,1,该用户想表达的含义是：对主播身上穿的衣服感兴趣，想了解更多细节或购买同款。
56697889278,生活日杂,白吉馍说过了吗,1,该用户是在询问主播是否已经介绍过“白吉馍”这款产品。
56697889278,生活日杂,鸭蛋推荐哪个,1,该用户想询问直播间推荐的鸭蛋产品中哪一款更值得购买。
56697889278,生活日杂,小贝头有点油了,0,该用户可能是在委婉提醒主播注意形象，或者以调侃的方式表达对主播的关注，而非直接表达购买兴趣。
56697889278,生活日杂,主播好,0,该用户可能是在礼貌性地打招呼或表达对主播的认可，但并未直接表现出明确的购买意向。
56697889278,生活日杂,衬衣衬衣衬衣看看,1,该用户急切希望主播展示并详细介绍衬衫的款式和细节。
56697889278,生活日杂,浴刷没有了吗,1,该用户是在询问直播间此前展示过的浴刷商品是否已经售罄或下架。
56697889278,生活日杂,很咸不！,1,该用户想表达的含义是：这款食品太咸了，不符合我的口味。
56697889278,生活日杂,正能量正能量,0,该用户可能在称赞主播的表现积极热情，或对直播氛围表示认可。
56697889278,生活日杂,这个鸭蛋回购好多次了，特别好吃蛋黄沙沙的特别香，蛋白不是特别咸,1,该用户想表达的含义是：自己多次购买这款鸭蛋，对其口感和品质非常满意，尤其喜欢蛋黄沙香、蛋白咸淡适中的特点。
56697889278,生活日杂,都想看衬衣,1,该用户想表达的含义是：希望主播展示或详细介绍衬衫款式。
56697889278,生活日杂,咸鸭蛋推荐哪个,1,该用户想询问主播推荐哪款咸鸭蛋产品比较值得购买。
56697889278,生活日杂,羊肚菌有吗,1,该用户是在询问直播间是否有售卖羊肚菌这款产品。
56697889278,生活日杂,小贝穿的上衣几号链接,1,该用户想询问主播展示的上衣对应的商品链接编号以便购买。
56697889278,生活日杂,辽宁不发货,0,该用户想表达的含义是：询问主播辽宁地区的订单是否支持配送。
56697889278,生活日杂,你这5号链接吗,1,该用户是在询问主播当前展示的商品是否对应5号购物链接。
56697889278,生活日杂,是不是很咸？,1,该用户是在询问直播中展示的食品（可能是咸鸭蛋或其他腌制食品）的咸度是否过高。
56697889278,生活日杂,不给包邮,0,该用户可能因看到其他地区不发货的弹幕，担心自己所在地也无法享受包邮服务，因而表达对邮费政策的不满或询问是否包邮。
56697889278,生活日杂,下单了70克一个的海鸭蛋,0,该用户通过明确告知自己购买的具体产品（70克海鸭蛋）来表达对直播商品的认可和实际消费行为。
56697889278,生活日杂,这东北口音，听着像要骗我钱,0,该用户可能是在调侃主播的东北口音听起来过于热情，让他产生了被推销的警惕心理，但实际是带着玩笑意味的互动表达。
56697889278,生活日杂,鸭蛋要煮吗？还是即食的？,1,该用户是在询问鸭蛋是否需要烹饪处理，还是可以直接食用，表现出对产品具体食用方式的关注和潜在的购买兴趣。
56697889278,生活日杂,鸭蛋青咸不咸,1,该用户想询问鸭蛋青的咸度是否适中，可能是在考虑购买前确认口味偏好。
56697889278,生活日杂,太咸不？,1,该用户是在询问主播展示的鸭蛋或相关食品是否口味偏咸，表现出对产品口味的关注和潜在的购买顾虑。
56697889278,生活日杂,好吃才怪,0,该用户是在质疑主播推荐的鸭蛋是否真的好吃，认为可能并不如宣传的那样美味。
56697889278,生活日杂,会不会很咸,1,该用户是在询问产品的咸度是否适中，担心口味过重影响食用体验。
56697889278,生活日杂,蛋白咸吗？,1,该用户是在询问鸭蛋的蛋白部分是否过咸，以判断是否符合自己的口味偏好。
56697889278,生活日杂,鸭蛋会不会太咸啊,1,该用户是在询问鸭蛋的咸度是否适中，担心口味过重影响食用体验。
56697889278,生活日杂,咸不,1,该用户是在询问产品的咸度是否适中，担心可能会过咸。
56697889278,生活日杂,老师你的上衣后面是什么样的,1,该用户对主播的上衣款式感兴趣，想了解衣服背后的设计细节以便考虑是否购买。
56697889278,生活日杂,有点胖了吗,0,该用户可能在询问主播身上穿的衣服尺码是否偏大，担心自己穿着不合身。
56697889278,生活日杂,小贝天天中午吃，昨天吃米线今天吃鸭蛋,0,该用户想表达的含义是：小贝经常在直播中展示这些食品，昨天推荐米线今天又推荐鸭蛋。
56697889278,生活日杂,好吃的,1,该用户想表达的含义是：这款海鸭蛋味道不错。  （结合前文弹幕中频繁讨论鸭蛋的咸度、食用方式及部分用户下单行为，可推断“好吃的”是对产品口味的正面评价，而非单纯描述或质疑。）
56697889278,生活日杂,啥时候上手持挂烫机？,1,该用户是在询问手持挂烫机这款商品的上架时间，表现出明确的购买意向和需求。
56697889278,生活日杂,下午好,0,该用户可能是在打招呼的同时，试图引起主播注意以询问商品信息。
56697889278,生活日杂,外面买的鸭蛋蛋白咸齁,1,该用户想表达的含义是：外面买的鸭蛋蛋白部分咸度过高，难以接受。  （结合前文弹幕高频关注“咸度”问题，用户可能是在对比或质疑直播间产品的咸度控制，隐含对当前产品的潜在顾虑或对同类商品的负面体验反馈。）
56697889278,生活日杂,辽宁为啥不发货,0,该用户是在询问为何自己所在的辽宁地区无法享受该商品的配送服务。
56697889278,生活日杂,开袋即食吗？,1,该用户是在询问产品是否可以直接食用而不需要额外加工。
56697889278,生活日杂,就喜欢吃蛋黄,1,该用户想表达的含义是：对直播中介绍的蛋黄产品有明确的喜好和购买倾向。
56697889278,生活日杂,蛋白会不会闲,1,该用户是在询问这款海鸭蛋的蛋白部分是否过咸。
56697889278,生活日杂,蛋白咸不？,1,该用户是在询问产品的蛋白部分是否过咸，表现出对食物口味的关注和潜在的购买顾虑。
56697889278,生活日杂,咸不？,1,该用户是在询问产品的咸度是否适中，担心鸭蛋过咸影响口感。
56697889278,生活日杂,小贝桌上的保温杯是18号链接吗？,1,该用户想确认主播小贝桌上展示的保温杯对应的商品链接编号，以便进一步了解或购买。
56697889278,生活日杂,上次买的真盐,0,该用户想表达的含义是：之前购买的产品味道过咸。
56697889278,生活日杂,黑的是啥,1,该用户可能在询问直播中展示的某款黑色商品的具体信息或名称。
56697889278,生活日杂,配白粥吃好吃,0,该用户想表达的含义是：这款产品搭配白粥食用会很美味。
56697889278,生活日杂,会很咸吗？,1,该用户是在询问产品的咸度是否适中，担心口味过重影响食用体验。
56697889278,生活日杂,不配送啊,0,该用户想表达的含义是：询问商品是否不支持配送到自己所在的地区。
56697889278,生活日杂,没70克的了,1,该用户想表达的含义是：想购买70克规格的商品但发现已经售罄了。
56697889278,生活日杂,1号和21号啥区别,1,该用户想询问1号和21号商品在具体属性或功能上的差异。
56697889278,生活日杂,啥时候上手持挂烫机,1,该用户是在询问直播中何时会推出或展示手持挂烫机这款产品，表达了对该商品的购买兴趣或需求。
56697889278,生活日杂,特别咸吧,0,该用户是在询问直播中提到的鸭蛋或食品的咸度是否过高。
56697889278,生活日杂,多吃不胖,0,该用户可能是在询问或调侃产品的热量属性，暗示对食品健康效果的关注或担忧。
56697889278,生活日杂,为啥东北不支持配送,0,该用户因所在地区无法收货而感到疑惑，希望了解东北地区不提供配送服务的具体原因。
56697889278,生活日杂,今天有鲜花饼吗,1,该用户可能在询问直播间是否会上架或推荐鲜花饼这款产品，表现出对特定商品的兴趣和购买意向。
56697889278,生活日杂,70克还能加吗,1,该用户是在询问直播间是否还能补货或增加70克规格的商品。
56697889278,生活日杂,中午好,0,该用户可能是在打招呼的同时，试图引起主播注意以便后续询问商品信息。
56697889278,生活日杂,一号和21号有什么不一样,1,该用户想询问直播间中1号和21号商品的具体区别，可能是对这两款产品的功能、规格或价格存在疑惑，希望主播能进行对比说明以便做出购买决策。
56697889278,生活日杂,没了,1,该用户想表达的含义是：想要的商品或规格已经售罄了。
56697889278,生活日杂,嫁妆钱有了,0,该用户想表达的含义是：终于攒够钱可以买这款产品了。
56697889278,生活日杂,袜子怎么拍,1,该用户想询问购买袜子的具体下单方式或操作步骤。
56697889278,生活日杂,可爱的小贝,0,该用户可能是在夸赞直播中展示的某款商品（如食品或饰品）外观讨喜，表达出对产品的喜爱和潜在购买兴趣。
56697889278,生活日杂,咸鸭蛋就要咸,0,该用户是在强调咸鸭蛋应有的咸度特征，暗示对产品口味的认可或期待。
56697889278,生活日杂,最近正在找茉莉花茶，今天发现购物车上架了，太好了,1,该用户表达了发现心仪商品上架的欣喜和明确的购买意向。
56697889278,生活日杂,看看衣服后面,1,该用户想表达对当前展示服装背面设计的兴趣，希望主播调整镜头或转身展示衣服的背面细节。
56697889278,生活日杂,给小贝来杯水,0,该用户可能在调侃或关心主播“小贝”，暗示直播间的互动氛围轻松或有带货产品需要搭配水饮用。
56697889278,生活日杂,70的没有了,1,该用户想表达的含义是：70克规格的商品已经售罄了。
56697889278,生活日杂,为什么东北不配送,0,该用户因所在地区无法购买商品而感到疑惑和不满。
56697889278,生活日杂,主播中午好！,0,该用户只是在礼貌性地问候主播，并未表达明确的购买意向或产品相关问题。
56697889278,生活日杂,保质期多久啊,1,该用户想询问商品的保质期时长，以评估是否适合购买或储存。
56697889278,生活日杂,是熟的吗,1,该用户想询问直播中展示的商品是否是已经加工成熟的即食品。
56697889278,生活日杂,每个都有油吗,1,该用户是在询问直播中展示的商品是否每一份都包含油料或油脂成分。
56697889278,生活日杂,菜籽油有吗？,1,该用户想询问直播间是否售卖菜籽油产品。
56697889278,生活日杂,沈阳不发货,0,该用户想表达的含义是：对商品无法配送到沈阳地区感到不满或遗憾。
56697889278,生活日杂,东北怎么不卖啊,0,该用户想表达的含义是：为什么商品不支持东北地区的销售或配送。
56697889278,生活日杂,不配送啊,0,该用户因所在地区无法收货而感到失望和不满。
56697889278,生活日杂,有男士背心吗,1,该用户是在询问直播间是否有适合男性穿着的背心商品可供购买。
56697889278,生活日杂,穿好,0,该用户想表达的含义是：让主播试穿展示衣服的上身效果。
56697889278,生活日杂,不配送,0,该用户想表达的含义是：对商品无法配送到自己所在地区感到不满或遗憾。
56697889278,生活日杂,看看里面的T恤,1,该用户想表达的含义是：想进一步了解T恤的款式或细节展示。
56697889278,生活日杂,菜籽油有吗,1,该用户是在询问直播间是否有菜籽油这款商品在售。
56697889278,生活日杂,意面来一波,1,该用户想表达的含义是：希望主播推荐或上架意面产品。
56697889278,生活日杂,上次买的还没吃完，剩下两个忘了,0,该用户想表达的含义是：之前购买的产品还有剩余暂时不需要再买。
56697889278,生活日杂,什么时候上凉鞋哦,1,该用户想表达的含义是：询问直播中何时会推出凉鞋商品以供购买。
56697889278,生活日杂,小贝好瘦啊,0,该用户可能在委婉地表达对主播身材的赞美或关注，暗示对服装展示效果或尺码选择的兴趣。
56697889278,生活日杂,我用它做雷茄子,0,该用户想表达的含义是：我想用这款产品来做雷茄子这道菜。
56697889278,生活日杂,皮蛋拌豆腐,1,该用户可能在询问或建议主播推荐或介绍“皮蛋拌豆腐”这道菜的相关产品。
56697889278,生活日杂,保质期多久呀,1,该用户想了解产品的保存期限以评估是否值得购买。
56697889278,生活日杂,需要凉鞋,1,该用户想表达的含义是：询问主播何时会上架凉鞋并表现出购买意向。
56697889278,生活日杂,皮蛋豆腐哦,1,该用户可能在询问或建议主播介绍或上架皮蛋豆腐这道菜品。
56697889278,生活日杂,沈阳暖和啦，不会冻的怎么不给发呀,0,该用户想表达的含义是：沈阳天气已经转暖，为什么还不给沈阳地区发货？
56697889278,生活日杂,17.9 10个哪来的20个,0,该用户可能是在质疑或纠正主播关于商品数量和价格的描述，认为“17.9元10个”的说法与实际情况不符，实际应该是20个。
56697889278,生活日杂,这可不是擂辣椒皮蛋,0,该用户可能在纠正或调侃之前提到的“雷茄子”或“皮蛋豆腐”相关菜品，暗示当前展示的产品并非“擂辣椒皮蛋”这道菜。
56697889278,生活日杂,保质期长嘛？,1,该用户是在询问商品的有效期限是否足够长久，以此评估是否值得购买或囤货。
56697889278,生活日杂,皮蛋青椒擂茄子 好吃,1,该用户可能是在认同或推荐这道菜，暗示对产品感兴趣或想尝试购买。
56697889278,生活日杂,什么时候有绞肉机卖,1,该用户想表达的含义是：询问直播间何时会上架绞肉机产品并开放购买。
56697889278,生活日杂,皮蛋黄瓜汤,1,该用户可能是在询问或推荐与皮蛋相关的菜品，表达对皮蛋黄瓜汤这款食物的兴趣或好奇。
56697889278,生活日杂,什么时候有护肤品,1,该用户是在询问直播间何时会上架护肤品，表达了对该类商品的购买需求和期待。
56697889278,生活日杂,火龙果,1,该用户可能在询问或暗示希望主播介绍或上架火龙果商品。
56697889278,生活日杂,辣椒油辣不？,1,该用户是在询问辣椒油的辣度如何，以判断是否符合自己的口味或购买需求。
56697889278,生活日杂,稻壳,0,该用户可能在询问直播间是否有稻壳相关的产品（如稻壳餐具、稻壳肥料等）或对稻壳的用途产生兴趣。
56697889278,生活日杂,石灰吧,0,该用户可能是在询问或确认直播间正在讨论的“石灰”相关产品（如石灰清洁剂、石灰食品等）的具体信息或购买方式。
56697889278,生活日杂,158号杀蟑螂的介绍一下,1,该用户想表达的含义是：请详细介绍158号商品的蟑螂杀虫功能。
56697889278,生活日杂,麦壳,0,该用户可能在询问或确认直播中提到的产品原料是否为麦壳。
56697889278,生活日杂,有稻壳,0,该用户可能在询问或确认产品中是否含有稻壳成分，或是针对之前提到的稻壳相关讨论进行补充说明。
56697889278,生活日杂,皮蛋我买过，很好,1,该用户想表达的含义是：自己曾购买过这款皮蛋产品，对其品质感到满意。
56697889278,生活日杂,什么时候有绞肉机卖？什么时候有绞肉机卖？什么时候有绞肉机卖？什么时候有绞肉机卖？什么时候有绞肉机卖？,1,该用户迫切询问绞肉机的上架时间，表现出明确的购买意向和需求。
56697889278,生活日杂,怎么联系宇辉同行的客服,0,"该用户想询问如何联系售卖""宇辉同行""产品的客服人员。"
56697889278,生活日杂,稻壳或者木屑,0,该用户可能在询问或确认直播中提到的产品原料是否为稻壳或木屑，表现出对产品成分的具体关注和潜在购买兴趣。
56697889278,生活日杂,有用吗,1,该用户可能在询问当前直播展示的产品是否具有实际效果或使用价值。
56697889278,生活日杂,米壳,0,该用户可能是在询问或确认直播中提到的产品是否含有米壳成分，或对米壳相关产品感兴趣。
56697889278,生活日杂,黄泥,0,该用户可能是在询问或确认制作皮蛋的原料是否为黄泥。
56697889278,生活日杂,158的杀蟑螂的,1,该用户想询问直播间是否在介绍或销售标价为158元的杀蟑螂产品，并希望主播能详细说明该商品的功能或使用方法。
56697889278,生活日杂,皮蛋能放多久,1,该用户是在询问皮蛋的保质期，可能对购买或储存皮蛋有实际需求。
56697889278,生活日杂,抽纸,1,该用户可能在询问直播间是否有抽纸售卖或想了解抽纸的相关信息。
56697889278,生活日杂,石灰＋稻壳,0,该用户可能是在询问或确认直播间销售的产品中是否有“石灰混合稻壳”这一组合材料。
56697889278,生活日杂,橱窗里面也有好多品，购物车里面没有的可以去橱窗看看,0,该用户是在提醒其他观众，如果购物车里没找到想要的商品，可以到主播的橱窗里查看更多品类选择。
56697889278,生活日杂,什么时候有绞肉机卖？什么时候有绞肉机卖？什么时候有绞肉机卖？什么时候有绞肉机卖？,1,该用户迫切想了解绞肉机的上架时间，表现出强烈的购买意向和需求。
56697889278,生活日杂,皮蛋拌黄瓜要加白胡椒,0,该用户可能是在分享或询问皮蛋拌黄瓜的烹饪技巧，暗示对这道菜或相关食材的兴趣。
56697889278,生活日杂,含铅吗？,1,该用户是在询问产品是否含有对人体有害的铅成分，可能对食品安全存在顾虑。
56697889278,生活日杂,云南专场结束了吗,0,该用户可能在询问云南专场商品的售卖进度，想确认是否还有机会购买相关产品。
56697889278,生活日杂,保温杯,1,该用户可能是在询问直播间是否有保温杯在售或想了解保温杯的相关信息。
56697889278,生活日杂,74号咋还要运费啊,0,该用户对74号商品需要额外支付运费感到不满或疑惑，可能认为运费不合理或影响了购买意愿。
56697889278,生活日杂,凉拌皮蛋,1,该用户可能是在询问凉拌皮蛋的制作方法或配料，或是表达对这款产品的兴趣和购买意向。
56697889278,生活日杂,共同点赞共同点赞共同点赞共同点赞共同点赞共同点赞,0,该用户可能是在号召其他观众一起参与直播间的互动活动（如点赞任务），以换取福利或推动直播热度，而非直接表达购买意向。
56697889278,生活日杂,和咸鸭蛋一起做上汤菠菜,0,该用户可能在询问或建议将咸鸭蛋作为烹饪上汤菠菜的搭配食材，表现出对菜品制作或食材组合的兴趣。
56697889278,生活日杂,点赞点赞点赞点赞点赞点赞点赞人气票人气票人气票人气票人气票人气票,0,该用户可能是在积极参与直播间的互动任务或助力活动，希望通过刷屏点赞和人气票来为主播冲榜或提升直播间热度，而非直接表达对具体商品的购买兴趣。
56697889278,生活日杂,凉拌皮蛋好吃,1,该用户可能在表达对凉拌皮蛋这道菜的喜爱，并暗示有兴趣购买或了解相关产品。
56697889278,生活日杂,思景卷纸,1,该用户可能是想询问或确认直播间是否有售卖“思景”品牌的卷纸产品。
56697889278,生活日杂,青椒皮蛋,1,该用户可能在询问或讨论与青椒皮蛋相关的菜品做法或食材搭配。
56697889278,生活日杂,剁椒皮蛋好吃,1,该用户是在认可并推荐剁椒皮蛋这款产品，暗示自己对该商品有兴趣或已购买体验良好。
56697889278,生活日杂,啥时候卖珍珠,1,该用户想表达的含义是：询问直播中是否会上架珍珠商品并希望了解具体的销售时间。  （结合前文弹幕中频繁出现关于商品询问（如绞肉机、云南专场）和具体需求（如运费、含铅问题），可推断用户是在主动关注直播间商品排期，且对珍珠有明确的购买意向。）
56697889278,生活日杂,3号和21号有什么区别吗,1,该用户想询问直播间正在介绍的两款商品（3号和21号）在功能或特性上的具体差异，以帮助自己做出购买决策。
56697889278,生活日杂,大白罐什么时候上,1,该用户是在询问直播间何时会上架“大白罐”这款产品，表现出明确的购买意向和关注商品库存动态的需求。
56697889278,生活日杂,茉莉花茶在48号链接,1,该用户是在询问或提醒茉莉花茶的具体购买位置（48号商品链接），可能出于自身购买意向或帮助他人快速找到商品。
56697889278,生活日杂,凉拌好吃,0,该用户是在对直播中提到的凉拌菜（如凉拌皮蛋）表示认可或兴趣，暗示可能想尝试或购买相关食材/调料。
56697889278,生活日杂,保温杯,1,该用户可能在询问直播间是否有保温杯在售或想了解保温杯的相关信息。
56697889278,生活日杂,下午好主播,0,"该用户可能是刚进入直播间，通过礼貌性问候来互动并观察主播反应，属于中性社交开场白而非直接购买意向表达。  （解析：结合前20条弹幕高频出现的具体商品提问和互动指令，当前弹幕缺乏具体商品关联性，更接近常规社交礼仪。直播间的核心语境是围绕商品咨询和促销互动，而""下午好""这类泛问候在无后续动作时，通常属于基础社交行为而非转化信号。）"
56697889278,生活日杂,凉拌皮蛋好吃,1,该用户是在参与讨论凉拌皮蛋的做法和口味，表达对这种做法的认可和喜爱。
56697889278,生活日杂,想要保温杯,1,该用户对直播间的保温杯产品产生了明确的购买意向。
56697889278,生活日杂,感冒了，少吃辣,0,该用户可能是在看到直播中讨论辣味食物（如剁椒皮蛋）时，结合自身感冒的情况，委婉表达对当前推荐产品不感兴趣或暂不需要。
56697889278,生活日杂,这个还是云南专场吗,0,该用户想确认当前直播是否仍在进行云南主题的商品推介。
56697889278,生活日杂,身上的衣服穿好看看行不,1,该用户可能是在询问主播展示的服装是否合身好看，以此评估购买意向。
56697889278,生活日杂,皮蛋蘸黄辣椒和醋拌的汁很好吃哦！,0,该用户是在分享一种皮蛋的创新吃法，暗示对当前直播中相关食材或调味品的兴趣，可能希望主播推荐或上架类似产品。
56697889278,生活日杂,烧青椒加水豆豉,0,该用户可能是在询问或建议主播演示如何用烧青椒和豆豉制作一道菜，尤其是结合前文频繁出现的皮蛋相关讨论，可能是想探讨这类食材的创新搭配方式。
56697889278,生活日杂,吃得好香呀,1,该用户被直播中展示的食物所吸引，表达了对当前食品的食欲和兴趣。
56697889278,生活日杂,看着都饿了,1,该用户被直播中展示的美食所吸引，产生了食欲和潜在的购买欲望。
56697889278,生活日杂,我就凉着吃，可香了,0,该用户想表达的含义是：凉拌皮蛋这种吃法非常美味，自己很喜欢这样享用。
56697889278,生活日杂,我在宇辉直播间我我一次性付的是四只杯子的钱，结果只到了两只杯子，我申请退款,0,该用户因收到的商品数量与订单不符而感到不满，希望通过退款来解决问题。
56697889278,生活日杂,保温杯在51号链接,1,该用户是在提醒其他观众或主播，他们提到的保温杯可以在直播间的51号商品链接中找到。
56697889278,生活日杂,放的什么酱,1,该用户是在询问主播当前展示的食物中使用了哪种调味酱料。
56697889278,生活日杂,皮蛋是什么鸡下的蛋,1,该用户可能是对皮蛋的制作原料感到好奇，想了解皮蛋与普通鸡蛋的区别。
56697889278,生活日杂,好吃,1,该用户想表达的含义是：对直播中展示的食品表示认可和赞赏。
56697889278,生活日杂,筋膜枪,1,该用户可能是在询问筋膜枪的相关信息，比如是否会上架或具体购买链接。
56697889278,生活日杂,中午好,0,该用户可能是在礼貌性问候主播，同时暗示自己刚进入直播间并开始关注直播内容。
56697889278,生活日杂,啥味？,1,该用户可能在询问主播正在展示或提及的食品（如皮蛋、酱料等）的具体味道或风味。
56697889278,生活日杂,凉拌皮蛋超好吃,1,该用户是在附和并强调凉拌皮蛋的美味，表达对当前展示食品的强烈兴趣和认同。
56697889278,生活日杂,为什么我的页面10个是27，20个是45,1,该用户可能在询问商品价格的计算方式，比如为什么购买10个的价格是27元而20个却是45元，而不是预期的54元。
56697889278,生活日杂,19号杯子想看看,1,该用户想表达的含义是：对19号链接展示的杯子产品感兴趣，希望主播详细介绍或展示。
56697889278,生活日杂,拿勺子勺着吃,0,该用户想表达的含义是：建议用勺子舀着吃会更方便美味。  （结合前文弹幕中关于皮蛋、酱料、凉拌吃法等食物相关讨论，用户可能在针对当前直播展示的食品提出具体食用方式，隐含对产品的兴趣或认可。）
56697889278,生活日杂,爱自己爱生活,0,该用户可能是在表达对直播中积极生活态度的共鸣，或对当前展示的健康/生活方式类产品的认同。
56697889278,生活日杂,好吃吗,1,该用户是在询问直播中展示的食品口味如何，表现出对产品的兴趣和潜在的购买意向。
56697889278,生活日杂,小贝，这些产品你们都没有经验,0,该用户可能是在质疑主播或团队对所推荐产品缺乏专业了解或使用体验，暗示对产品的可信度产生怀疑。
56697889278,生活日杂,这个辣椒酱有吗,1,该用户想询问直播间是否在售卖当前讨论的辣椒酱产品。
56697889278,生活日杂,皮蛋除了凉拌还有其它吃饭吗？能爆炒吗？,1,该用户是在询问皮蛋的多样化烹饪方法，表现出对产品实际应用的兴趣和潜在的购买意向。
56697889278,生活日杂,生蚝已经讲过了吗,1,该用户是在询问主播是否已经介绍过生蚝产品，可能对生蚝感兴趣想了解详情或担心错过讲解。
56697889278,生活日杂,擂椒茄子皮蛋也很好吃,1,该用户是在认同并补充推荐擂椒茄子皮蛋这道菜，暗示对当前介绍的食物产生兴趣或购买意向。
56697889278,生活日杂,价格跟你说的有出入,1,该用户可能发现商品实际价格与主播介绍的不一致，因此提出质疑。
56697889278,生活日杂,直接蘸醋吃就老香了,0,该用户是在认同并补充皮蛋的食用方法，表达对凉拌皮蛋口味的赞赏。
56697889278,生活日杂,青提牛奶还有吗,1,该用户是在询问直播间是否还有“青提牛奶”这款商品的库存，表达了对该产品的购买意向。
56697889278,生活日杂,剁椒皮蛋下饭好吃,0,该用户想表达对剁椒皮蛋这款产品的认可，认为它很下饭且味道好，可能暗示有购买意愿。
56697889278,生活日杂,儿童防晒,1,该用户可能在询问直播间是否有儿童防晒产品，或是想了解主播对儿童防晒用品的推荐和介绍。
56697889278,生活日杂,旁边是不是汉森的妹妹？,0,该用户可能是在询问直播画面中出现的某个人物是否与主播或产品相关，试图确认其身份以进一步了解产品信息或背景。
56697889278,生活日杂,夏天凉拌菜,1,该用户可能是在询问直播间是否有适合夏天食用的凉拌菜产品或相关推荐。
56697889278,生活日杂,无铅的吗,1,该用户是在询问直播中展示的商品是否不含铅，可能是出于对食品安全的关注。
56697889278,生活日杂,什么时候有菜板？谢谢,1,该用户是在询问直播间是否会售卖菜板产品，并希望得到回复。
56697889278,生活日杂,下午好！,0,该用户可能是在礼貌性地打招呼，同时暗示自己刚进入直播间并开始关注直播内容。
56697889278,生活日杂,看看里面T恤的长短可以吗,1,该用户想询问主播能否展示T恤的具体长度细节以供参考。
56697889278,生活日杂,那个姑娘不是李晨，好像是王宁,0,该用户可能是在纠正或补充主播提到的某位人物身份，暗示自己对直播内容或相关人物有一定关注。
56697889278,生活日杂,主播的衬衫也是链接里的吗,1,该用户想确认主播身上穿的衬衫是否属于直播间正在售卖的商品。
56697889278,生活日杂,我要肥牛卷,1,该用户想表达对直播中展示的肥牛卷产品有购买意向。
56697889278,生活日杂,价格为什么不一样,1,该用户可能是在质疑直播中提到的商品价格与之前宣传或展示的不一致，想寻求解释或确认当前售价的合理性。
56697889278,生活日杂,皮蛋凉拌放香菜，辣椒油，香油，老干妈特别好吃,0,该用户是在分享皮蛋的一种美味吃法，暗示对相关调料或皮蛋本身有购买兴趣。
56697889278,生活日杂,什么菜板？,1,该用户是在询问直播间是否有菜板商品在售或介绍。
56697889278,生活日杂,昆明鲜花还有吗,1,该用户想询问直播间是否还有昆明鲜花的库存可供购买。
56697889278,生活日杂,前面保温杯是哪个,1,该用户想询问之前提到的保温杯产品详情或购买链接。
56697889278,生活日杂,鸡蛋是咸的吗？蛋清咸不咸？,1,该用户是在询问所售鸡蛋的咸度，尤其是蛋清部分的咸味程度，可能出于对腌制食品口味或健康因素的考量。
56697889278,生活日杂,擂椒皮蛋也好吃！,1,该用户是在认同并补充前面关于皮蛋美味的讨论，表达对擂椒皮蛋这款产品的兴趣和赞赏。
56697889278,生活日杂,菜板,1,该用户可能在询问直播间是否有菜板商品上架或想了解菜板的相关信息。
56697889278,生活日杂,为主播点赞，为云南点赞,0,该用户是在表达对主播和云南特色产品的支持和认可，可能是受到直播中云南相关商品（如鲜花、特色食品）的积极氛围感染而发出的鼓励性互动。
56697889278,生活日杂,吨吨杯什么时候讲,1,该用户是在询问主播何时会介绍或讲解“吨吨杯”这款产品，表现出对该商品的关注和购买意向。
56697889278,生活日杂,下单42号商品,0,该用户明确表达了想要购买直播间推荐的42号商品的意愿。
56697889278,生活日杂,保温杯是哪个,1,该用户是在询问之前提到的保温杯具体对应直播间哪个商品链接或展示位置。
56697889278,生活日杂,小贝是湖北的，普通话非常标准,0,该用户可能是想通过夸赞主播的普通话标准来间接表达对主播或直播内容的认可和好感，以此拉近距离或参与互动。
56697889278,生活日杂,炒葫芦头和酸辣白菜,0,该用户可能在询问或推荐直播中提到的菜品（炒葫芦头和酸辣白菜）的相关信息或表达购买意向。
56697889278,生活日杂,一个皮蛋切成四半，摆成花型，淋上调味汁，太好吃了,0,该用户是在分享皮蛋的创意吃法，表达对当前展示食品的认可和兴趣。
56697889278,生活日杂,有洗发水吗？,1,该用户可能在询问直播间是否有洗发水产品上架或介绍，表现出对洗发水的购买兴趣或需求。
56697889278,生活日杂,辣吗？,1,该用户可能在询问直播中展示的食品（如辣椒油、擂椒皮蛋或酸辣白菜）的辣度程度。
56697889278,生活日杂,想要洗发水,1,该用户是在询问直播间是否有洗发水产品并表达了自己的购买意向。
56697889278,生活日杂,旁边上的水杯有吗,1,该用户是在询问直播间画面中刚出现的另一款水杯商品是否有售卖链接或相关介绍。
56697889278,生活日杂,苏泊尔的保温杯在51号链接，可以直接拍,0,该用户是在回答之前其他人关于保温杯位置的询问，主动提供商品链接信息以便其他观众快速购买。
56697889278,生活日杂,会很咸吗,1,该用户可能是在询问主播展示的食品（如皮蛋或其他腌制类产品）的咸度是否适中，担心口味过重。
56697889278,生活日杂,这个麻酱鸡蛋很好吃，我已经多次购买了,1,该用户想表达的含义是：对这款麻酱鸡蛋的高度认可和持续复购的意愿，侧面推荐给其他观众。
56697889278,生活日杂,麻将鸡蛋太好吃了,1,该用户想表达的含义是：对麻酱鸡蛋的口味表示高度认可并暗示有购买意愿。  （结合前文弹幕中多次提及麻酱鸡蛋的食用体验和购买行为，可推断用户通过称赞产品来传递潜在兴趣，甚至可能是复购意向。）
56697889278,生活日杂,后期雨天多，希望有好的放水雨衣卖,1,该用户暗示对直播间可能上架的防水雨衣有潜在购买需求，并希望通过主播推荐品质可靠的产品来应对即将到来的雨季。
56697889278,生活日杂,保温杯,1,该用户是在询问直播间正在介绍的保温杯对应的商品链接或具体信息。
56697889278,生活日杂,支持,0,该用户想表达的含义是：对主播或直播内容表示赞同和鼓励。
56697889278,生活日杂,好看,0,该用户想表达的含义是：对当前展示的商品或内容表示赞赏和喜爱。
56697889278,生活日杂,没啦,1,该用户想表达的含义是：商品已经售罄或抢购一空了。
56697889278,生活日杂,有孩子的洗发水,1,该用户想询问直播间是否有适合儿童使用的洗发水产品。
56697889278,生活日杂,咸蛋？,1,该用户可能是询问直播中提到的咸蛋产品的口味或购买细节。
56697889278,生活日杂,这是啥蛋,1,该用户可能在询问直播中展示的某种蛋类产品的具体名称或种类。
56697889278,生活日杂,不是太咸,0,该用户想表达的含义是：担心产品的口味偏咸。
56697889278,生活日杂,保温杯讲了吗？,1,该用户是在询问主播是否已经介绍过保温杯的相关信息。
56697889278,生活日杂,盐蛋都好吃，产地不同吧,0,该用户是在询问不同产地的盐蛋是否存在口味差异，并隐含对产品品质的认可。
56697889278,生活日杂,能上防晒衣吗,1,该用户希望主播推荐或上架防晒衣产品。
56697889278,生活日杂,蛋白咸吗？,1,该用户是在询问直播中提到的蛋白类食品（如咸蛋或麻酱鸡蛋）的咸度是否适中。
56697889278,生活日杂,不是太咸吧,1,该用户是在询问产品的咸度是否适中，担心味道过咸。
56697889278,生活日杂,好吃吗？,1,该用户是在询问产品的口味如何，可能对直播中展示的食品（如麻酱鸡蛋或咸蛋）产生了兴趣，想了解实际口感后再决定是否购买。
56697889278,生活日杂,哪个咸,1,该用户想询问产品（可能是咸蛋或麻酱鸡蛋）的咸度是否适中。
56697889278,生活日杂,鸡蛋是直接就能吃的吗？需要煮吗,1,该用户是在询问麻酱鸡蛋是否需要烹饪处理才能食用，暗示对产品食用方式存在兴趣但缺乏了解。
56697889278,生活日杂,想要洗发水,1,该用户是在询问直播间是否有他们感兴趣的洗发水产品，并暗示潜在的购买意向。
56697889278,生活日杂,有桑葚干吗,1,该用户是在询问直播间是否有售卖桑葚干这一商品，表现出对特定食品的兴趣和潜在购买意向。
56697889278,生活日杂,小黄车在哪里啊,1,该用户想表达的含义是：询问直播间的购物链接入口在哪里。
56697889278,生活日杂,给力,0,该用户想表达的含义是：对当前直播内容或优惠力度表示赞赏和兴奋。
56697889278,生活日杂,注意身体,0,该用户可能是看到主播长时间高强度讲解商品，出于关心提醒主播适当休息。
56697889278,生活日杂,想要密码锁，啥时候有呢,1,该用户是在询问密码锁产品的上架时间，表达了对该商品的购买意向。
56697889278,生活日杂,小贝感冒了,0,该用户可能是在关心主播的身体状况，暗示主播休息或调整直播节奏。
56697889278,生活日杂,是不是感冒了？,0,该用户是在询问主播是否因为声音或状态不佳而感冒了，表达了对主播健康状况的关心。
56697889278,生活日杂,小贝感冒了，注意多休息,0,该用户是在关心主播的身体状况，并提醒主播注意健康。
56697889278,生活日杂,小黄车在下面,0,该用户是在提醒其他观众购物车的位置，可能是在回应之前有人询问“小黄车在哪里”的问题。
56697889278,生活日杂,感冒了，注意身体,0,该用户是在关心主播的身体状况，并非表达购买意向。
56697889278,生活日杂,有没有牛奶,1,该用户是在询问直播间是否有牛奶产品在售或即将上架。
56697889278,生活日杂,温差太大,0,该用户可能是在抱怨当前直播间的商品介绍节奏或内容安排不合理，导致观众对产品的理解出现较大落差。
56697889278,生活日杂,刷了一上午篝火晚会，这后劲赶上交响乐吼哈了,0,该用户想表达的含义是：看了很久直播后情绪高涨，兴奋感堪比欣赏了一场震撼的演出。
56697889278,生活日杂,小贝辛苦了，你哥不在，在的话绝对替你,0,该用户想表达的含义是：对小贝的辛苦表示关心，并暗示如果有其他人在场会给予支持或帮助。
56697889278,生活日杂,你的衣服看看，穿起来,1,该用户想表达的含义是：想看看主播身上衣服的实际上身效果。
56697889278,生活日杂,小贝感冒了吗,0,该用户是在关心主播小贝的身体状况，询问她是否因为近期劳累或天气变化而感冒了。
56697889278,生活日杂,介绍一下纸抽,1,该用户想表达的含义是：想了解纸巾产品的详细信息或功能特点。
56697889278,生活日杂,牛奶呢,1,该用户是在询问直播间是否有牛奶产品上架或展示。
56697889278,生活日杂,注意身体哈,0,该用户是在关心主播的身体状况，可能是注意到主播感冒或疲劳而表达善意提醒。
56697889278,生活日杂,昨天大太阳今天阴阴天,0,该用户可能在委婉地表达天气变化大导致身体不适，与前面弹幕关心的主播感冒话题形成呼应。
56697889278,生活日杂,有没有岩石烤肠,1,该用户是在询问直播间是否有售卖岩石烤肠这款商品。
56697889278,生活日杂,牛奶,1,该用户是在询问或确认直播间是否有牛奶产品在售。
56697889278,生活日杂,陕西白吉饼很好吃，回购30个,1,该用户是在积极反馈产品体验并表达强烈的复购意愿，暗示对主播推荐的白吉饼品质的高度认可。
56697889278,生活日杂,需要放冰箱吗？还是常温,1,该用户是在询问商品的储存条件，想确认是否需要冷藏保存。
56697889278,生活日杂,鸡蛋一点不腥,0,该用户想表达的含义是：这款鸡蛋的口感很好，没有异味，值得推荐或购买。
56697889278,生活日杂,发啥快递？,0,该用户想询问商品发货时使用的快递公司或物流方式。
56697889278,生活日杂,还在云南吗,0,该用户可能在询问主播是否仍在云南直播，以确认商品发货地或直播背景是否与云南相关。
56697889278,生活日杂,菜市场都已经给你处理过了,0,该用户想表达的含义是：这款产品已经经过预处理，无需再自行加工。
56697889278,生活日杂,鲈鱼是海鱼吗,1,该用户可能是在询问鲈鱼的保存方式或食用方法，以确认是否需要按海鱼的标准处理。
56697889278,生活日杂,什么鱼啊,1,该用户可能是在询问直播中提到的鱼的具体品种或来源。
56697889278,生活日杂,该怎么找客服呢,0,该用户可能对直播中的某件商品产生了购买意向，想咨询客服了解详情或下单流程。
56697889278,生活日杂,上牛奶,1,该用户是在催促主播尽快展示或讲解牛奶产品。
56697889278,生活日杂,还用淹一下吗,1,该用户可能是在询问直播中展示的食材是否需要提前浸泡处理。
56697889278,生活日杂,是养殖的还是？,1,该用户想询问直播中展示的产品（可能是鱼类或其他生鲜）是否为人工养殖的。
56697889278,生活日杂,是海鱼,0,该用户是在确认直播中提到的鱼是否为海鱼，可能出于对食材来源或烹饪方式的关注。
56697889278,生活日杂,炒锅有吗,1,该用户是在询问直播间是否有售卖炒锅这一商品。
56697889278,生活日杂,还黄鱼,0,该用户是在询问之前提到的黄鱼是否还需要进一步腌制处理。
56697889278,生活日杂,很好吃,1,该用户想表达的含义是：对之前提到的陕西白吉饼表示认可和赞赏。
56697889278,生活日杂,橱窗里面有美的的洗地机，可以去橱窗直接拍，已经开过价了,0,该用户是在提醒其他观众可以直接通过橱窗购买已经展示并定价的美的洗地机，暗示这是当前直播推荐的商品之一。
56697889278,生活日杂,与辉同行沐光而行一路光明！,0,该用户可能在表达对直播间的支持与喜爱，暗示主播团队（如“与辉同行”）的发展前景光明，带有一定的粉丝互动和鼓励性质。
56697889278,生活日杂,有铁锅吗？,1,该用户可能是在询问直播间是否有售卖铁锅这一商品，表达了对购买厨房炊具的兴趣。
56697889278,生活日杂,小贝，看一下你穿的衬衣,1,该用户可能是对主播身穿的衬衣款式感兴趣，想进一步了解商品细节以便购买。
56697889278,生活日杂,铁锅橱窗里面有,0,该用户想表达的含义是：铁锅在直播间的商品橱窗里有售，可以自行查看购买。
56697889278,生活日杂,我买过方便好吃,1,该用户想表达的含义是：这款产品我之前购买过，体验很好，既方便又美味。
56697889278,生活日杂,介绍一下保温杯介绍一下保温杯,1,该用户希望主播详细讲解保温杯的产品信息，可能是对这款商品产生了购买兴趣。
56697889278,生活日杂,没了,1,该用户想表达的含义是：商品已经卖完了。
56697889278,生活日杂,我染发膏吗,1,该用户可能是在询问直播间是否有染发膏产品出售。
56697889278,生活日杂,猪油,1,该用户可能在询问直播中是否有猪油相关产品，或是想了解主播正在介绍的商品是否使用了猪油作为原料。
56697889278,生活日杂,介绍一下保温杯,1,该用户希望主播详细讲解保温杯的产品信息，可能是对这款商品产生了购买兴趣并想进一步了解其功能或特点。
56697889278,生活日杂,还在云南吗,0,该用户可能在询问主播是否仍在云南进行直播带货，以确认当前展示的商品是否与云南特产相关。
56697889278,生活日杂,有染发膏吗,1,该用户是在询问直播间是否有染发膏产品出售。
56697889278,生活日杂,这个鱼有污染吗！,1,该用户是在询问直播中展示的鱼类产品是否存在食品安全隐患。
56697889278,生活日杂,是海鱼还是淡水鱼？,1,该用户想询问主播所介绍的鱼属于海鱼还是淡水鱼品种，以判断是否符合自己的购买需求或食用偏好。
56697889278,生活日杂,咸的厉害了吗,1,该用户可能在询问产品（可能是食品）的咸度是否过高，表达了对口味或品质的担忧。
56697889278,生活日杂,海鲈鱼是99吗,1,该用户是在询问直播中提到的海鲈鱼价格是否为99元，表现出对产品具体售价的关注和潜在购买意向。
56697889278,生活日杂,橱窗里面有铁锅，可以去橱窗直接拍,0,该用户是在告知其他观众铁锅的购买渠道，并引导大家直接去橱窗下单。
56697889278,生活日杂,保温杯很好,1,该用户对直播中展示的保温杯表示认可，并可能有意向购买。
56697889278,生活日杂,需要腌制吗,1,该用户可能在询问直播中展示的食品是否需要提前腌制处理才能食用或达到最佳口感。
56697889278,生活日杂,还能再上一下昨天橱窗里的云南印花风格女上衣吗,1,该用户希望主播重新展示昨天在商品橱窗中出现过的云南民族风印花女装上衣，表明对该款式有明确的购买意向。
56697889278,生活日杂,黄鱼有刺吗,1,该用户是在询问黄鱼的鱼刺情况，以判断食用时的方便程度和安全性。
56697889278,生活日杂,下单2号商品,0,该用户明确表达了想要购买直播间中编号为2的商品的意愿。
56697889278,生活日杂,没有普洱茶,1,该用户可能是在询问或确认直播间当前没有售卖普洱茶这一商品。
56697889278,生活日杂,黄鱼有刺,0,该用户是在询问黄鱼是否带有鱼刺，以评估其食用便利性和购买意愿。
56697889278,生活日杂,是深海的吗,1,该用户想询问直播中提到的鱼类产品是否来自深海海域。
56697889278,生活日杂,怎么做好吃,1,该用户想询问如何烹饪或处理当前直播中展示的食材（可能是鱼类）才能让食物更美味。
56697889278,生活日杂,老火腿有吗,1,该用户是在询问直播间是否有售卖传统的腌制火腿产品。
56697889278,生活日杂,小贝回来了，这么快,0,该用户惊讶于主播“小贝”在短时间内重新回到直播间，可能对其回归速度感到意外或欣喜。
56697889278,生活日杂,特别好这鱼,1,该用户觉得这款鱼产品品质很好，表达了对商品的认可和购买兴趣。
56697889278,生活日杂,保温杯看看,1,该用户想表达的含义是：我想详细了解或购买刚才提到的保温杯产品。
56697889278,生活日杂,怎么保存？冷冻？,1,该用户想询问产品的储存方法，特别是是否需要冷冻保存。
56697889278,生活日杂,用不用在清洗,1,该用户想询问产品在使用前是否需要经过清洗步骤。
56697889278,生活日杂,宇辉回北京了吗,0,该用户可能在询问主播或团队成员“宇辉”是否已返回直播现场，暗示对其出现或参与互动的期待。
56697889278,生活日杂,清蒸鱼，红烧肉都好吃,0,该用户想表达的含义是：对直播中提到的鱼类菜肴的烹饪方式表示认可和兴趣。
56697889278,生活日杂,云南行结束了吗？,0,该用户可能在询问直播中提到的云南相关产品或行程是否已经结束，表现出对云南特色商品的兴趣或购买意向。
56697889278,生活日杂,怎么发白,0,该用户可能在询问商品（如鱼类或腌制食品）的颜色或状态是否正常，担心其因保存或处理不当而出现发白现象。
56697889278,生活日杂,孩子可以吃吗,1,该用户可能是在询问直播中介绍的产品是否适合儿童食用或使用。
56697889278,生活日杂,小贝中午好,0,该用户是在友好地打招呼，表达对主播回归直播间的欣喜和关注。
56697889278,生活日杂,平底锅有吗,1,该用户是在询问直播间是否有平底锅这款商品在售。
56697889278,生活日杂,衬衣真好看,1,该用户被直播中展示的衬衫款式吸引，产生了欣赏或潜在的购买意向。
56697889278,生活日杂,鲜花饼还上架吗,1,该用户想询问直播间是否还有鲜花饼在售，表现出对该商品的购买意向。
56697889278,生活日杂,看着好新鲜,1,该用户认为直播中展示的商品外观品质优良，可能产生了购买意向。
56697889278,生活日杂,橱窗里面有锅的,0,该用户是在询问直播间的商品橱窗里是否有锅具在售。
56697889278,生活日杂,有防晒衣吗？,1,该用户是在询问直播间是否有防晒衣产品上架，表现出对防晒衣的购买兴趣。
56697889278,生活日杂,划算,1,该用户认为当前推荐的商品价格实惠、值得购买。
56697889278,生活日杂,冰冻发货，还是冰鲜发货啊,1,该用户是在询问商品的发货方式，关心产品的新鲜度和运输过程中的保存条件。
56697889278,生活日杂,怎么做好吃,1,该用户可能是在询问当前展示的食品或食材的烹饪方法，表达了对产品的使用兴趣和潜在的购买意向。
56697889278,生活日杂,看着都好吃,1,该用户被直播中展示的食物所吸引，产生了品尝或购买的欲望。
56697889278,生活日杂,爱生活爱自己,0,该用户想表达的含义是：对直播中倡导的生活态度或产品理念表示认同和共鸣。
56697889278,生活日杂,送芥末吗？,1,该用户可能是在询问购买商品是否会附赠芥末作为赠品。
56697889278,生活日杂,元气满满的一天,0,该用户可能在表达对直播内容的积极情绪和参与感，暗示对当前展示的产品或氛围感到满意和喜爱。
56697889278,生活日杂,保温杯,1,该用户可能在询问直播间是否有保温杯在售或想了解保温杯的相关信息。
56697889278,生活日杂,蘸芥末吃好吃,0,该用户想表达的含义是：询问蘸芥末是否是推荐的食用方式，并认可这种吃法的美味。
56697889278,生活日杂,保温杯看看,1,该用户想表达的含义是：我想了解一下保温杯的产品信息或购买链接。
56697889278,生活日杂,送芥末和酱油嘛,1,该用户是在询问购买产品时是否会附赠芥末和酱油作为赠品。
56697889278,生活日杂,有老火腿吗,1,该用户想询问直播间是否售卖陈年火腿产品。
56697889278,生活日杂,哈哈哈哈哈哈哈哈哈啊哈,0,该用户被直播内容逗乐，用大笑表达轻松愉快的观看情绪。
56697889278,生活日杂,爱生活爱自己,0,该用户想表达的含义是：对直播间的积极氛围表示认同，并传递一种享受生活、关注自我的乐观态度。
56697889278,生活日杂,好害羞,0,该用户可能因看到直播中展示的某些私密或贴身商品（如内衣、睡衣等）而感到不好意思直接询问或表达兴趣。
56697889278,生活日杂,生吃的,0,该用户想表达的含义是：询问这款产品是否可以不经烹饪直接食用。
56697889278,生活日杂,美好生活,0,该用户想表达的含义是：对直播中展示的生活方式或产品所传递的积极生活态度表示认同和向往。
56697889278,生活日杂,芥末酱油吗,1,该用户是在询问商品是否会附赠芥末和酱油的调料组合。
56697889278,生活日杂,有送芥末酱油吗,1,该用户是在询问商品是否会附赠配套的调味料组合（芥末和酱油）。
56697889278,生活日杂,可以蒸熟吃吗？小贝,1,该用户是在询问直播中展示的“小贝”这款食品是否适合蒸熟后食用。
56697889278,生活日杂,吃得这么有幸福感,0,该用户被主播的吃播表现感染，觉得食物看起来非常美味诱人，产生了想尝试的欲望。
56697889278,生活日杂,可爱,0,该用户想表达的含义是：被直播中展示的商品或场景所吸引，觉得十分讨喜。
56697889278,生活日杂,云南怎么买不了,0,该用户想表达的是对当前无法购买云南相关产品的疑惑或不满。
56697889278,生活日杂,解冻了最好吃完，好香呀,0,该用户被直播中展示的食品香气所吸引，表达了对产品品质的认可和强烈的品尝欲望。
56697889278,生活日杂,美味,1,该用户想表达的含义是：这款食品看起来很好吃，让人有食欲。
56697889278,生活日杂,买不到啊,1,该用户想表达的含义是：想购买商品但发现所在地区无法下单。
56697889278,生活日杂,送调味料吧,1,该用户希望直播间能赠送调味料作为促销福利。
56697889278,生活日杂,怎么个意思,0,该用户可能是对当前直播内容或产品介绍感到困惑，想询问具体的购买方式或产品详情。
56697889278,生活日杂,中段缺货了,1,该用户想表达的含义是：直播中提到的某款产品中段规格目前已经售罄。
56697889278,生活日杂,中段好吃,1,该用户想表达的含义是：这款产品的中段部位口感很好，值得购买。
56697889278,生活日杂,没了啊,1,该用户想表达的含义是：商品已经售罄或无法购买了。
56697889278,生活日杂,吃得好斯文,0,该用户可能是在调侃主播品尝产品时过于优雅含蓄，与其他人热烈讨论食物口感和购买问题的氛围形成反差。
56697889278,生活日杂,云南很多生鲜都拍不了呀,0,该用户想表达的含义是：对无法购买云南生鲜产品感到遗憾和疑惑。
56697889278,生活日杂,下单28号产品,0,该用户明确表达了想要购买直播间推荐的28号产品的意向。
56697889278,生活日杂,蘸芥末和生抽吃很好吃,1,该用户是在推荐一种具体的食用方式，暗示对产品口味的认可并可能有意购买。
56697889278,生活日杂,云南鲜花还有吗,1,该用户是在询问直播间是否还有云南鲜花的库存可供购买。
56697889278,生活日杂,云南好多生鲜都拍不了,0,该用户想表达的含义是：对无法购买云南生鲜产品感到遗憾和困惑。
56697889278,生活日杂,石屏豆腐上吗,1,该用户是在询问直播中是否会上架石屏豆腐这款产品。
56697889278,生活日杂,有爱,0,该用户想表达的含义是：主播吃东西的样子让人感到温暖和喜爱。
56697889278,生活日杂,有流心蛋酥吗,1,该用户是在询问直播间是否有售卖流心蛋酥这款产品，表现出对该商品的购买兴趣。
56697889278,生活日杂,师帅帅帅帅帅,0,该用户可能在夸赞主播或商品的外观/表现非常帅气，表达喜爱和赞赏之情。
56697889278,生活日杂,小伙子。接着吃,0,该用户可能是催促主播继续试吃展示的产品，并暗示对当前商品的兴趣或购买意向。
56697889278,生活日杂,鱼腩更香,1,"该用户想表达的含义是：鱼腩部位比中段更美味，建议购买或关注鱼腩产品。  （结合前文弹幕中频繁讨论鱼的不同部位（如""中段好吃""）、缺货情况以及食用方式，用户通过对比强调鱼腩的食用价值，可能是推荐或表达个人偏好。）"
56697889278,生活日杂,还上不？？,1,该用户是在询问主播是否还会补货或重新上架某个已售罄的商品。
56697889278,生活日杂,为什么海鲜类，甘肃都不发货啊,0,该用户因所在地区无法购买海鲜产品而感到疑惑和不满。
56697889278,生活日杂,买不了啊,1,该用户想表达的含义是：因商品缺货或地区限制导致无法完成购买。
56697889278,生活日杂,看T恤,1,该用户可能是在询问或提醒主播展示或介绍T恤产品。
56697889278,生活日杂,吃不来，只能看你们吃,0,该用户想表达的含义是：自己对直播中展示的食品不感兴趣或无法食用，只能旁观他人购买或品尝。
56697889278,生活日杂,中段没有了,1,该用户想表达的含义是：中段部分的商品已经售罄了。
56697889278,生活日杂,最近有白酒么,1,该用户可能在询问直播间近期是否会上架或推荐白酒产品，表达了对白酒的购买兴趣或需求。
56697889278,生活日杂,哪里发货,1,该用户想询问商品的发货地点是否在可配送范围内。
56697889278,生活日杂,有的很喜欢吃这些,0,该用户想表达的含义是：部分观众对这些食品表现出浓厚的兴趣和喜爱。
56697889278,生活日杂,玉米微波炉加热会有一点点硬，最好是煮或者蒸着吃，好吃,0,该用户是在分享对玉米烹饪方式的个人建议，暗示对产品品质的关注并间接表达购买兴趣。
56697889278,生活日杂,厚且中段没了,1,该用户想表达的含义是：商品的中段部分已经售罄，且厚度可能不符合预期。
56697889278,生活日杂,好吃,1,该用户想表达的含义是：对当前直播中展示的食品表示认可和喜爱。
56697889278,生活日杂,广州什么时候收到,0,该用户想询问商品从广州发货后的预计收货时间。
56697889278,生活日杂,要鱼片，生鱼片,1,该用户想表达的含义是：想购买直播中展示的生鱼片产品。
56697889278,生活日杂,优秀的直播间,0,该用户想表达的含义是：对直播间的整体表现感到满意并给予正面评价。
56697889278,生活日杂,真的我以前不敢吃到现在很爱吃,0,该用户想表达的含义是：自己从原本不敢尝试到现在已经非常喜欢这款产品了。
56697889278,生活日杂,保温杯看看,1,该用户想表达的含义是：我想看看保温杯的产品介绍或展示。
56697889278,生活日杂,有料包吗,1,该用户可能在询问直播商品是否附带调料包或配料包。
56697889278,生活日杂,看T恤看T恤,1,该用户想表达的含义是：希望主播尽快展示或介绍T恤产品。
56697889278,生活日杂,煎来吃买哪个部位？,1,该用户想询问适合煎着吃的鱼肉部位推荐。
56697889278,生活日杂,到货之后可以直接吃吗,1,该用户想询问产品是否需要进一步加工处理才能食用。
56697889278,生活日杂,衬衣是车里的？,1,该用户可能在询问衬衫是否属于车载用品或车内装饰的类别。
56697889278,生活日杂,中段两盒加,1,该用户想表达的含义是：想要购买两盒中段部位的产品，但发现已经售罄了。
56697889278,生活日杂,辽参说说吗,1,该用户想询问主播是否会介绍或推荐辽参产品。
56697889278,生活日杂,保温多久,1,该用户想询问产品的保温性能可以持续多长时间。
56697889278,生活日杂,好漂亮的杯子,1,该用户对展示的杯子产生了兴趣，认为其外观设计吸引人，可能考虑购买。
56697889278,生活日杂,杯子好看,1,该用户被杯子的外观设计吸引，表达了对商品的欣赏和潜在的购买兴趣。
56697889278,生活日杂,拿到手直接吃,0,该用户想询问产品是否无需加工即可直接食用。
56697889278,生活日杂,云南玫瑰面膜怎么时候可以返场,1,该用户希望了解云南玫瑰面膜的补货或重新上架时间，表现出明确的购买意向。
56697889278,生活日杂,里面,0,该用户可能在询问商品包装内部是否包含料包或其他配件。
56697889278,生活日杂,带货吃的就翻车，因为好货不需要带,0,该用户是在质疑直播间的选品质量，认为真正优质的商品不需要靠主播推销也能获得认可。
56697889278,生活日杂,链接呢,1,该用户可能在询问商品的购买链接，表现出对直播中提到的某样产品有购买意向。
56697889278,生活日杂,红色看看,1,该用户想表达的含义是：想看一下红色款的产品展示或详细介绍。
56697889278,生活日杂,多少毫升？,1,该用户可能在询问直播中展示的某款产品（如保温杯或面膜）的容量规格。
56697889278,生活日杂,中午好呀,0,该用户可能是在友好地打招呼，试图融入直播间的互动氛围，但并未直接表达明确的购买意向。
56697889278,生活日杂,粉色，红色，绿色,1,该用户想表达的含义是：想看看粉色、红色和绿色款式的商品展示。
56697889278,生活日杂,太喜欢你说话了,0,该用户被主播的表达风格吸引，产生了情感共鸣和信任感。
56697889278,生活日杂,牛奶,1,该用户可能在询问或暗示对直播中提到的牛奶产品感兴趣，想了解相关购买信息或产品详情。
56697889278,生活日杂,长寿龙须面很久没见了,1,该用户看到直播中展示的龙须面后，产生了怀旧情绪并暗示购买意愿。
56697889278,生活日杂,烤肠,1,该用户可能是在询问直播间正在展示的烤肠产品相关信息，比如口味、价格或购买方式。
56697889278,生活日杂,紫色好看,1,该用户是在对直播中展示的某款商品（可能是杯子或其他彩色商品）的紫色款式表示赞赏和兴趣。
56697889278,生活日杂,上次买的长寿龙须面还有么,1,该用户想询问之前购买过的长寿龙须面是否仍在售。
56697889278,生活日杂,啥时候上牛奶,1,该用户是在询问直播中提到的牛奶产品何时开始售卖。
56697889278,生活日杂,与辉同行一路长虹,0,该用户可能在表达对主播或直播团队的支持与祝福，希望他们的带货事业持续红火。
56697889278,生活日杂,带鱼,1,该用户可能是在询问或暗示希望主播介绍或上架带鱼相关的产品。
56697889278,生活日杂,带鱼是深海鱼吗,1,该用户可能是在询问带鱼的品种属性以确认其品质或营养价值，表现出对商品的潜在购买兴趣。
56697889278,生活日杂,家人在你们直播间买了带鱼 收到货都生的带鱼都红色了 联系客服还说就是这颜色 不给退,0,该用户想表达的含义是：对直播间售卖的带鱼质量不满，认为收到的变质产品却被客服推诿拒绝退货。
56697889278,生活日杂,看看衬衣,1,该用户想表达的含义是：请主播展示一下衬衫的款式或细节。
56697889278,生活日杂,新鲜吗,1,该用户是在询问直播中所展示的商品（可能是生鲜食品）的品质是否良好、是否保持新鲜状态。
56697889278,生活日杂,你们的售后怎么这么差了,0,该用户因对商品质量不满且售后处理不当而感到失望，意在指责商家服务态度差、推卸责任。
56697889278,生活日杂,带鱼也好吃,0,该用户可能是在看到他人质疑带鱼质量后，出于对产品的认可而表达对带鱼口味的正面评价，试图缓和争议或分享个人体验。
56697889278,生活日杂,蒸鱼拍几号,1,该用户想询问直播间正在展示的蒸鱼产品对应的商品编号或购买链接。
56697889278,生活日杂,保温杯在12号链接,0,该用户是在询问或确认保温杯对应的商品购买链接位置，以便快速下单。
56697889278,生活日杂,你们这直播间命名银白色的 收到确实红色 谁家新鲜带鱼红色啊,0,该用户想表达的含义是：质疑直播间虚假宣传，收到的带鱼颜色与宣传不符且不新鲜，对商家的诚信和售后处理感到不满。
56697889278,生活日杂,点赞点赞加油点赞点赞点赞加油点赞点赞,0,该用户可能是在通过刷屏点赞的方式表达对直播间的支持或活跃气氛，但并未直接体现明确的购买意向。
56697889278,生活日杂,有沙发垫吗,1,该用户想表达的含义是：询问直播间是否售卖沙发垫产品。
56697889278,生活日杂,衬衣,1,该用户想表达的含义是：希望主播展示或介绍衬衫的相关信息。
56697889278,生活日杂,喜欢保温杯的在22号链接，可以去拍,0,该用户是在提醒其他观众购买保温杯的正确商品链接位置。
56697889278,生活日杂,能解决吗 请问,0,该用户可能是在询问之前其他观众提到的带鱼质量问题或售后问题能否得到解决。
56697889278,生活日杂,这种小的还是油煎合适些,0,该用户是在讨论带鱼的烹饪方式，认为小规格的带鱼更适合用油煎的方式料理。
56697889278,生活日杂,我喜欢炸完再炖几分钟,0,该用户想表达的含义是：建议将带鱼先油炸后再炖煮几分钟口感更好。  （结合前文弹幕中关于带鱼新鲜度、烹饪方式的讨论，用户可能在分享自己的烹饪经验或对直播中展示的带鱼产品提出做法建议。）
56697889278,生活日杂,裹淀粉,0,该用户想表达的含义是：询问带鱼是否需要裹淀粉烹饪。
56697889278,生活日杂,保温杯在12号链接，喜欢的可以去拍,0,该用户是在主动引导其他观众前往指定链接购买保温杯，属于明确的带货行为而非个人购买意向的表达。
56697889278,生活日杂,炸着吃,0,该用户想表达的含义是：建议将带鱼用油炸的方式烹饪更合适。
56697889278,生活日杂,蒸带鱼！,0,该用户是在询问蒸制带鱼的具体操作方法或推荐做法。
56697889278,生活日杂,先煎一下,0,该用户想表达的含义是：建议将带鱼用油煎的烹饪方式更合适。
56697889278,生活日杂,好吃,1,该用户是在认可带鱼的口感不错，可能是在回应之前关于带鱼品质的争议。
56697889278,生活日杂,你要裹上面和淀粉,0,该用户是在讨论带鱼的烹饪方法，建议将带鱼裹上面粉和淀粉后再进行油炸。
56697889278,生活日杂,外面先裹点干面粉,0,该用户是在讨论烹饪带鱼的方法，建议在油炸或煎之前先给鱼裹上一层干面粉以提升口感。
56697889278,生活日杂,保温杯在14号链接了,0,该用户是在提醒其他观众，保温杯的购买链接已从之前的12号或22号更换到了14号。
56697889278,生活日杂,真漂亮,0,该用户可能是在称赞当前展示的商品外观吸引人。
56697889278,生活日杂,盐先抹一下,0,该用户是在讨论烹饪带鱼时建议先用盐腌制一下再处理。
56697889278,生活日杂,购物车去哪里啦,0,该用户可能在询问如何找到或查看直播间的购物车功能，表达了对某件商品的购买意向或准备下单的意图。
56697889278,生活日杂,带鱼易散,0,该用户是在讨论带鱼的烹饪方式，认为带鱼容易散开，可能是在质疑当前做法或建议改进烹饪方法。
56697889278,生活日杂,热锅下油煎，不散,0,该用户是在讨论烹饪带鱼的方法，建议用热油煎制可以保持鱼块完整不松散。
56697889278,生活日杂,不能炒！,0,该用户想表达的含义是：这种烹饪方式不适合用来处理当前展示的食材。
56697889278,生活日杂,这个带鱼油炸非常好吃,1,该用户是在赞同油炸带鱼的烹饪方式，并分享个人对口感的好评。
56697889278,生活日杂,为什么直播间买的银白色 收到红色 商家还说正常 请问能跟解决吗,0,该用户因收到的商品颜色与直播间展示不符且商家未妥善处理而感到不满，希望寻求解决方案。
56697889278,生活日杂,果蛋清更好,0,该用户是在对比不同烹饪方法后，认为用果蛋清裹带鱼比之前讨论的淀粉或面粉做法更合适。
56697889278,生活日杂,衬衣看看,1,该用户想表达的含义是：想看看主播展示或介绍衬衣产品。
56697889278,生活日杂,油要稍微多一点,0,该用户是在讨论烹饪带鱼时建议增加用油量以达到更好的煎炸效果。
56697889278,生活日杂,嘎嘎香,1,该用户想表达的含义是：这道菜看起来非常美味诱人。
56697889278,生活日杂,介绍一款适合全家人用的洗发水呗,1,该用户希望主播推荐一款能满足家庭不同成员需求的洗发水产品。
56697889278,生活日杂,一号链接带鱼段是几代,1,该用户是在询问一号链接所售带鱼段的产品规格或等级分类。
56697889278,生活日杂,裹个蛋清,0,该用户是在讨论烹饪带鱼时建议用蛋清裹鱼以提升口感或防止散开。
56697889278,生活日杂,护肤品什么时候会有,1,该用户想询问护肤品相关的商品会在直播的哪个时间段或环节进行介绍或上架。
56697889278,生活日杂,喜欢吃油炸带鱼,1,该用户是在对直播中展示的油炸带鱼表示认可和兴趣，可能暗示想了解购买方式或具体做法。
56697889278,生活日杂,看上去不错的,1,该用户觉得直播中展示的商品或做法挺吸引人，产生了初步好感或购买意向。
56697889278,生活日杂,与辉同行的几个女生真的越看越美越看越喜欢,0,该用户是在夸赞直播间里几位女性工作人员的外貌和气质，表达了对她们的欣赏和好感。
56697889278,生活日杂,小火煎,0,该用户想表达的含义是：建议用小火慢慢煎带鱼以防止散开。
56697889278,生活日杂,几点讲衬衣？,1,该用户想询问直播中介绍衬衣的具体时间段，以便及时观看相关内容。
56697889278,生活日杂,米酒,1,该用户可能是在询问直播间是否有米酒产品，或者对米酒表现出购买兴趣。
56697889278,生活日杂,保温杯,1,该用户可能是想询问或了解直播间正在介绍的保温杯产品信息。
56697889278,生活日杂,8号链接开价了吗,1,该用户是在询问8号链接商品的价格是否已经公布或开始优惠活动。
56697889278,生活日杂,杯子讲下,1,该用户希望主播详细介绍当前展示的杯子的产品信息或优惠活动。
56697889278,生活日杂,很好吃 很好吃 很好吃,1,该用户想表达的含义是：对直播中提到的某种食品（很可能是油炸带鱼）表示强烈认可和喜爱。
56697889278,生活日杂,洗干净要先用盐腌一下，放油煎到金黄再翻面,0,该用户是在分享煎带鱼的烹饪技巧，表达对直播中带鱼产品的兴趣和认可。
56697889278,生活日杂,这个非常好喝的,1,该用户想表达的含义是：对当前直播中介绍的产品（可能是饮品或食品）表示高度认可和喜爱，暗示有购买意愿。
56697889278,生活日杂,能上点苹果醋吗,1,该用户希望主播推荐或上架苹果醋产品。
56697889278,生活日杂,正在喝，非常喜欢，云南场买的,1,该用户想表达自己正在品尝之前从云南场购买的产品，并且对其非常满意。
56697889278,生活日杂,舟山带鱼很难吃，一点都不新鲜,0,该用户可能是在质疑或抱怨直播间推荐的舟山带鱼品质不佳，表达对产品的不满或失望情绪。
56697889278,生活日杂,什么时候还会上珍珠项链呀？,1,该用户想表达的含义是：询问珍珠项链的补货或下次售卖时间，表现出明确的购买意向。
56697889278,生活日杂,四宫。哦紫,0,该用户想表达的含义是：询问四宫格产品中的紫色款是否还有货。
56697889278,生活日杂,金昌鱼会有吗,1,该用户是在询问直播间后续是否会售卖金昌鱼产品。
56697889278,生活日杂,杯子好看咋卖的,1,该用户对展示的杯子产生了兴趣，想了解具体的价格和购买方式。
56697889278,生活日杂,这是什么果子,1,该用户想表达的含义是：询问直播中展示的水果品种或名称。
56697889278,生活日杂,怎么？这是饮料还是牛奶？,1,该用户是在询问直播中展示的产品具体属于饮料还是牛奶类别，可能对产品的分类或成分存在疑惑。
56697889278,生活日杂,云兰的品还能上吗,1,该用户是在询问直播间是否会再次上架“云兰”品牌的相关产品。
56697889278,生活日杂,橄榄汁,1,该用户可能在询问或表达对直播间正在介绍的橄榄汁产品的兴趣或疑问。
56697889278,生活日杂,保质期多久？会不会变酸？喝不完的,1,该用户对产品的保质期、口感和分量存在顾虑，想确认商品是否容易变质以及适合单人食用。
56697889278,生活日杂,主播，中午好,0,该用户可能是礼貌性打招呼后准备询问商品信息，或表达对主播的关注以建立互动基础。
56697889278,生活日杂,感觉很疲惫的样子,0,该用户可能是在评论主播的状态，觉得主播看起来有些劳累或精力不足。
56697889278,生活日杂,有没有铁锅,1,该用户是在询问直播间是否有铁锅这一商品在售或即将上架。
56697889278,生活日杂,大米还补货吗,1,该用户是在询问直播间是否会再次上架之前售卖过的大米商品。
56697889278,生活日杂,保温杯上了吗,1,该用户是在询问直播间是否已经开始介绍或售卖保温杯产品。
56697889278,生活日杂,适合什么样的人群喝？,1,该用户想询问该产品适合哪些年龄、体质或需求特征的人饮用。
56697889278,生活日杂,这个越喝越好喝,1,该用户想表达的含义是：这款饮品随着持续饮用逐渐展现出更佳的口感体验。
56697889278,生活日杂,回味甜,1,该用户想表达的含义是：这款饮品的甜味令人回味，口感很好。
56697889278,生活日杂,保温杯再讲一下,1,该用户希望主播再次详细介绍保温杯的产品信息或购买方式。
56697889278,生活日杂,有券领没,0,该用户想询问直播间是否有优惠券可以领取。
56697889278,生活日杂,什么时候有防晒,1,该用户想询问防晒产品何时会出现在直播间的商品列表中。
56697889278,生活日杂,苹果醋还有吗,1,该用户是在询问直播间是否还有苹果醋的库存可供购买。
56697889278,生活日杂,今天有橄榄油吗,1,该用户想询问直播间是否会上架或推荐橄榄油产品。
56697889278,生活日杂,米皮,1,该用户可能在询问直播间是否有售卖“米皮”这种食品或相关产品。
56697889278,生活日杂,杯子,1,该用户可能在询问直播中提到的杯子的相关信息，比如款式、价格或购买方式。
56697889278,生活日杂,有没有券,0,该用户想询问直播间是否有可用的优惠券可以领取。
56697889278,生活日杂,发膜啥时候讲？,1,该用户是在询问主播何时会介绍发膜产品，表现出对该商品的关注和购买意向。
56697889278,生活日杂,玫瑰精油有吗？,1,该用户是在询问直播间是否有售卖玫瑰精油这款产品。
56697889278,生活日杂,老母鸡有伐,1,该用户想询问直播间是否有售卖老母鸡产品。
56697889278,生活日杂,看一下,1,该用户想表达的含义是：想了解当前展示产品的具体信息或功能。
56697889278,生活日杂,橄榄枝冰着越喝越好喝,0,该用户是在表达对橄榄枝饮品冷藏后口感更佳的认可和喜爱。
56697889278,生活日杂,等一下看下有什么好的东西,1,该用户想表达的含义是：先观望直播内容，看看是否有值得购买的商品。
56697889278,生活日杂,杯子绿色盖子那个清新,1,该用户对绿色盖子的杯子表现出兴趣，认为其设计清新并可能有意购买。
56697889278,生活日杂,二号链接这款油是做什么用的,1,该用户想询问二号链接所展示的食用油的具体用途或适用场景。
56697889278,生活日杂,想吃擀面皮,1,该用户可能是在询问直播间是否有售卖擀面皮，或者暗示对这类食品感兴趣希望主播推荐相关产品。
56697889278,生活日杂,杯子非常漂亮,1,该用户被杯子的外观吸引，表达了对商品的喜爱和潜在的购买意向。
56697889278,生活日杂,汉中热米皮有吗,1,该用户是在询问直播间是否有售卖汉中热米皮这款产品。
56697889278,生活日杂,保质期是多久啊保质期,1,该用户是在询问商品的保质期时长，表现出对产品新鲜度和使用期限的关切。
56697889278,生活日杂,擀面皮有吧,1,该用户想询问直播间是否有售卖擀面皮这款商品。
56697889278,生活日杂,嗯，这款是凉拌菜来的吗？,1,该用户是在询问直播中展示的产品是否属于凉拌菜品类。
56697889278,生活日杂,有没有大马勺啊,1,该用户是在询问直播间是否有售卖大马勺（一种炒菜用的厨具）。
56697889278,生活日杂,吃饭了吗美女,0,该用户可能在用轻松调侃的方式与主播互动，试图引起注意或活跃气氛，而非表达明确的购买意向。
56697889278,生活日杂,宇辉同行推荐的米皮太好吃了，我又复购了一次,1,该用户想表达的含义是：自己因为认可主播的推荐而再次购买了同款米皮产品。
56697889278,生活日杂,这个是真好吃,1,该用户是在称赞直播中提到的某款食品（很可能是米皮或擀面皮）口味出众，暗示有购买或尝试意愿。
56697889278,生活日杂,内蒙不发货,0,该用户可能是在询问或抱怨商品是否支持发往内蒙古地区。
56697889278,生活日杂,早上买的心相印和维达现在买的价格怎么不一样2样降了6元,1,该用户是在对比自己早上购买的心相印和维达产品与当前直播间的价格差异，发现两样商品总共降价了6元，可能对价格变动感到疑惑或不满。
56697889278,生活日杂,这个碗有链接吗,1,该用户想表达的含义是：询问主播是否有该碗的购买链接，表明对产品产生了购买意向。
56697889278,生活日杂,你吃先,0,该用户可能是想询问主播是否已经吃过直播中提到的某种食物（如擀面皮、米皮等），或是用轻松的口吻和主播打招呼互动。
56697889278,生活日杂,看着很不错,1,该用户对当前展示的商品产生了兴趣，认为产品外观或功能符合自己的喜好。
56697889278,生活日杂,这个米皮今天刚到就吃了，特别好吃,1,该用户想表达对产品的满意和推荐，暗示商品品质好且值得购买。
56697889278,生活日杂,有不辣的那,1,该用户是在询问直播间售卖的产品中是否有不辣的口味选项。
56697889278,生活日杂,发膜，啥时候,1,该用户是在询问主播关于发膜产品的上架时间或介绍时段。
56697889278,生活日杂,这个米皮看着都好吃,1,该用户被直播展示的米皮所吸引，表达出强烈的品尝欲望和潜在购买意向。
56697889278,生活日杂,杯子,1,该用户可能是想询问杯子的购买链接或进一步了解杯子的相关信息。
56697889278,生活日杂,来了,0,该用户想表达的含义是：我刚刚进入直播间，正在关注当前的直播内容。
56697889278,生活日杂,主要是是人漂亮,0,该用户想表达的含义是：主播的颜值是吸引自己关注产品的主要原因。
56697889278,生活日杂,多少克重呀,1,该用户想询问产品的具体重量规格以评估是否值得购买。
56697889278,生活日杂,今天收到，刚吃了一袋,0,该用户想表达的含义是：刚收到货就试吃了一袋，感觉不错。
56697889278,生活日杂,孩子能吃吗,1,该用户是在询问直播中展示的商品是否适合儿童食用。
56697889278,生活日杂,云南真播结束了吗？,0,该用户可能是在询问直播间的云南特产环节是否已经结束，想确认是否还有机会购买相关产品。
56697889278,生活日杂,小贝，怎么今天就你一人播么？上午看是你，这会儿看还是你,0,该用户是在询问主播为何今天独自一人直播，并对主播长时间单独出镜的情况感到疑惑或关心。
56697889278,生活日杂,380克每袋,0,该用户是在询问或确认直播中展示商品的单袋净含量是否为380克。
56697889278,生活日杂,xgvhcjfvgdhxvghcgdhdujddnidqwertyuioklphccdghxghbn,0,该用户可能是误触键盘或设备故障导致输入了一串无意义的乱码，并无实际表达意图。
56697889278,生活日杂,橱窗买的汉中米皮是一样的吗,1,该用户是在询问直播间售卖的汉中米皮与主播橱窗商品是否为同款产品，隐含对商品一致性的疑虑和购买前的确认需求。
56697889278,生活日杂,ABABCDCD,0,该用户可能在随意敲打键盘测试弹幕功能或表达无意义的刷屏行为。
56697889278,生活日杂,有不辣的吗,1,该用户可能是在询问当前展示的食品是否有不辣的口味可选。
56697889278,生活日杂,小贝好！有地瓜卖吗？,1,该用户可能在询问直播间是否有售卖地瓜产品，并表现出潜在的购买意向。
56697889278,生活日杂,已拍,0,该用户想表达的含义是：已经下单购买了直播中推荐的商品。
56697889278,生活日杂,米皮好吃,1,该用户是在认可米皮的口感并表示满意。
56697889278,生活日杂,噪子好些了,0,该用户可能是主播的粉丝，在关心主播之前嗓子不适的状况是否好转，表达了对主播的亲切问候。
56697889278,生活日杂,会有新主播吗,0,该用户可能在询问直播间是否会更换或增加新的主播，可能是出于对当前主播的疲劳或对新主播的好奇。
56697889278,生活日杂,东北大米推荐有没有,1,该用户想询问主播是否有值得推荐的东北大米产品。
56697889278,生活日杂,这款米皮好吃 拍过很多次,1,该用户想表达的含义是：自己多次回购过这款米皮并认可其品质。
56697889278,生活日杂,刚收到玫瑰鲜花饼，真的太好吃了,1,该用户想表达的含义是：对之前购买的玫瑰鲜花饼感到非常满意，并间接推荐该产品。
56697889278,生活日杂,就是凉皮吗？,1,该用户可能是在询问直播中展示的产品是否仅为凉皮这一种品类，或对其具体种类和内容感到疑惑。
56697889278,生活日杂,橱窗里面有小米,0,该用户是在询问直播橱窗里是否有小米这款商品在售。
56697889278,生活日杂,会不会讲护颈脖套,1,该用户可能是在询问主播是否会详细介绍护颈脖套的产品信息或功能，表现出对该商品的潜在兴趣。
56697889278,生活日杂,呃呃呃呃呃呃呃呃哦哦哦,0,该用户可能是在随意敲打键盘或情绪激动时无意识地输入了一串无意义的语气词，并未表达明确的购买意向或有效信息。
56697889278,生活日杂,有没有铁锅有铁锅吗,1,该用户是在询问直播间是否有铁锅这款商品在售。
56697889278,生活日杂,拍了加急,0,该用户想表达的含义是：我已经下单并选择了加急配送服务。
56697889278,生活日杂,油泼辣子是灵魂,0,该用户是在强调油泼辣子对产品的关键作用，暗示对这款调味料的认可或询问其是否包含在商品中。
56697889278,生活日杂,米皮，白吉馍都好吃,1,该用户想表达的含义是：对直播中提到的米皮和白吉馍这两种食品都表示认可和喜爱。
56697889278,生活日杂,保质期多久,1,该用户可能是在考虑购买米皮或其他食品，因此关心产品的保质期以确保新鲜度和储存时间。
56697889278,生活日杂,几包米皮,1,该用户想询问直播中售卖的米皮是几包装的。
56697889278,生活日杂,鲈鱼,1,该用户可能在询问直播间是否有鲈鱼售卖，或是想确认鲈鱼的相关信息（如口味、做法等）。
56697889278,生活日杂,米皮几包,1,该用户想询问米皮产品的包装规格或购买数量选项。
56697889278,生活日杂,小米看一下,1,该用户可能是想询问或确认直播间是否有展示小米产品，或者希望主播介绍小米的相关信息。
56697889278,生活日杂,黄鱼更嫩,1,该用户想表达的含义是：相比其他鱼类，黄鱼的口感更为鲜嫩可口。
56697889278,生活日杂,鱼都好，两个都拍，试试看那个好吃呗,1,该用户表示打算购买两种不同的鱼产品进行尝试比较，以确定哪种更美味。
56697889278,生活日杂,百吉饼好吃吗,1,该用户是在询问百吉饼的口感和品质，以评估是否有购买意愿。
56697889278,生活日杂,就是凉皮吗？,1,该用户可能在询问当前展示的产品是否仅为凉皮这一种品类，或对凉皮的具体属性（如种类、搭配等）存在疑问。
56697889278,生活日杂,米皮保质期,1,该用户是想询问米皮的保质期时长，以便决定是否购买。
56697889278,生活日杂,有铁锅没,1,该用户是在询问直播间是否有售卖铁锅这一商品。
56697889278,生活日杂,当早餐吃,0,该用户可能在询问或建议将直播中提到的某种食品（如米皮、白吉馍等）作为早餐食用。
56697889278,生活日杂,新疆发货吗？,1,该用户可能是在询问商品是否从新疆直接发货，以确认物流时效或产地真实性。
56697889278,生活日杂,当早餐吃不错,1,该用户认为这款食品适合作为早餐食用，并可能暗示有购买意向。
56697889278,生活日杂,小帅哥叫什么,0,该用户可能是在询问主播或展示产品的工作人员的信息，表达了对直播中出现的某个人的兴趣或好感。
56697889278,生活日杂,你感冒了可以用公筷吃呀,0,该用户可能在委婉建议主播使用公筷以保持卫生，同时表达对主播健康的关心。
56697889278,生活日杂,有牛奶吗有牛奶吗,1,该用户可能在询问直播间是否有牛奶产品在售，表现出对购买牛奶的兴趣或需求。
56697889278,生活日杂,帅哥帅哥帅哥,0,该用户可能在以轻松调侃的方式吸引主播注意，表达对主播外貌的欣赏或活跃直播间气氛。
56697889278,生活日杂,这个碗有没有卖,1,该用户想询问直播中展示的碗是否在售。
56697889278,生活日杂,加点黄瓜香菜好吃,0,该用户可能是在对直播中展示的某款食品（如凉皮或百吉饼）提出搭配建议，认为添加黄瓜和香菜能提升口感，间接表达了对产品的兴趣或购买意向。
56697889278,生活日杂,米皮是开袋即食的吗,1,该用户想了解米皮的食用方式是否需要额外加工。
56697889278,生活日杂,陕西行我买过，很好吃，香,1,该用户想表达的含义是：我之前买过这款陕西米皮，味道很好而且香气十足。
56697889278,生活日杂,保质期多久,1,该用户想询问产品的保质期时长，以评估是否适合购买和储存。
56697889278,生活日杂,喜欢这个碗,1,该用户对直播中展示的碗产生了购买意向，希望了解或购买同款产品。
56697889278,生活日杂,中午好,0,该用户可能是在礼貌性地打招呼，试图融入直播间的互动氛围，但并未直接表达对商品的购买兴趣。
56697889278,生活日杂,碗有吗？,1,该用户是在询问直播间是否有售卖碗具。
56697889278,生活日杂,我也很喜欢这个碗,1,该用户想表达的是对直播中展示的碗有购买意向，并认同其他观众对其的喜爱。
56697889278,生活日杂,隔着屏幕也闻到了,1,该用户想表达的含义是：这款食品看起来非常香，让人隔着屏幕都能感受到它的美味。
56697889278,生活日杂,带鱼，有多少段,1,该用户想询问带鱼被切割成多少段进行售卖。
56697889278,生活日杂,中午好呀,0,该用户是在友好问候的同时，试图通过互动融入直播间的活跃氛围，以引起主播注意并参与后续的产品讨论。
56697889278,生活日杂,请回复 保质期,1,该用户想询问商品的保质期信息以便评估是否值得购买。
56697889278,生活日杂,开袋即食,0,该用户想询问该食品是否无需额外加工，拆开包装后可以直接食用。
56697889278,生活日杂,想要这个碗呢,1,该用户表达了对直播中展示的碗有明确的购买意向。
56697889278,生活日杂,很香,1,该用户被直播中展示的食品香味所吸引，表达出对产品品质的认可和潜在的购买欲望。
56697889278,生活日杂,用公筷,0,该用户可能是出于卫生考虑，建议主播或他人使用公筷就餐。
56697889278,生活日杂,看着就有食欲,1,该用户被直播中展示的食物所吸引，产生了强烈的品尝欲望和潜在购买意向。
56697889278,生活日杂,顺便买一买,1,该用户想表达的含义是：虽然并非专程来购物，但看到合适的产品也会顺手下单。
56697889278,生活日杂,保质期越短越健康哟,0,该用户是在调侃或暗示产品保质期短反而显得更天然健康，可能带有对商家宣传话术的戏谑或对食品添加剂的隐晦吐槽。
56697889278,生活日杂,内蒙竟然不支持,0,该用户想表达的含义是：对商品无法配送到内蒙古地区感到失望或不满。
56697889278,生活日杂,碗好看,1,该用户是在表达对直播中展示的碗具的喜爱和购买意向。
56697889278,生活日杂,这个碗有卖吗,1,该用户想询问这款碗是否在售并有意向购买。
56697889278,生活日杂,想要这个碗啊？,1,该用户是在询问这款碗是否可以购买，并流露出明显的购买意愿。
56697889278,生活日杂,想要这个碗,1,该用户表达了对直播中展示的碗有明确的购买意愿。
56697889278,生活日杂,放点黄瓜,1,该用户可能是希望主播展示或介绍与黄瓜相关的产品，或是建议在当前的食品展示中加入黄瓜作为搭配。
56697889278,生活日杂,这个碗真的很好看，啥时候也卖一下,1,该用户表达了对直播中展示的碗的喜爱，并询问该商品何时会上架销售。
56697889278,生活日杂,香辣，不是麻辣，很好吃,1,该用户是在夸赞产品的口味独特且美味，暗示对商品的兴趣和认可。
56697889278,生活日杂,吃面条就得这种碗,1,该用户是在表达对这种碗的喜爱和购买意愿，认为它很适合用来吃面条。
56697889278,生活日杂,加点香菜,0,该用户是在对直播中展示的食品提出个性化的口味偏好建议。
56697889278,生活日杂,有醋粉吗,1,该用户是在询问直播间是否有售卖醋粉这款产品。
56697889278,生活日杂,再整个肉夹馍,0,该用户想表达的含义是：希望主播也推荐或上架肉夹馍这款产品。
56697889278,生活日杂,这个米皮饭前吃还是饭后吃？,1,该用户可能在询问产品的食用建议，以确认是否适合自己购买或使用。
56697889278,生活日杂,自己在加点黄瓜丝豆芽更好吃,0,该用户是在对直播展示的食品提出改良建议，认为搭配黄瓜丝和豆芽会让口感更佳。
56697889278,生活日杂,这个真的特别好吃，之前买过另外一家了，回购了好几次,1,该用户想表达的含义是：这款产品品质很好，自己已经是多次回购的老顾客了。
56697889278,生活日杂,大米有吗,1,该用户是在询问直播间是否有售卖当前展示或讨论的大米产品。
56697889278,生活日杂,小贝小帅哥叫什么,0,该用户可能在询问主播展示的某款产品（如碗或食品）的相关信息，表达了对商品的兴趣或购买意向。
56697889278,生活日杂,yyds,0,该用户想表达的含义是：这个产品简直太棒了，强烈推荐。
56697889278,生活日杂,宽的,1,该用户可能在询问碗的宽度尺寸或款式是否宽口。
56697889278,生活日杂,没了,1,该用户想表达的含义是：想要的商品已经卖完了。
56697889278,生活日杂,小贝，什么时候还上小天才儿童手表？,1,该用户是在询问主播之前售卖过的小天才儿童手表是否会再次补货或返场。
56697889278,生活日杂,米皮没了,1,该用户想表达的含义是：想购买米皮但发现已经售罄了。
56697889278,生活日杂,碗可以做个链接吗,1,该用户希望主播为展示的碗商品上架购买链接以便下单。
56697889278,生活日杂,没啦,1,该用户想表达的含义是：商品已经售罄了。
56697889278,生活日杂,没了？,1,该用户想表达的含义是：询问商品是否已经售罄或库存不足。
56697889278,生活日杂,没有了,1,该用户想表达的含义是：商品已经售罄了。
56697889278,生活日杂,碗不错,1,该用户想表达的含义是：对这个碗感兴趣，希望购买或了解购买方式。
56697889278,生活日杂,碗有链接吗,1,该用户是在询问直播中展示的碗是否可以直接购买，表达了对该商品的购买意向。
56697889278,生活日杂,小贝衣服在几号链接,1,该用户想询问主播展示的服装商品对应的购物链接编号。
56697889278,生活日杂,碗可以做链接吗,1,该用户想询问直播中展示的碗是否可以通过商品链接购买。
56697889278,生活日杂,内蒙拍不了,0,该用户想表达的含义是：内蒙古地区无法参与当前商品的购买或配送。
56697889278,生活日杂,碗有吗,1,该用户是在询问直播间是否有售卖碗具的链接或库存。
56697889278,生活日杂,四川无货吗？,1,该用户是在询问直播间所售商品是否因地区限制无法在四川地区购买或配送。
56697889278,生活日杂,这个碗上不上,1,该用户是在询问主播这款碗是否还会上架售卖。
56697889278,生活日杂,没有啦？,1,该用户可能在询问直播中提到的商品是否已经售罄或不再补货。
56697889278,生活日杂,今天下单，几天到江苏,1,该用户想询问如果现在下单，商品需要多少天才能送达江苏地区。
56697889278,生活日杂,不放辣好吃吗,1,该用户是在询问产品如果不加辣的话口味如何，可能是在考虑购买但担心不辣的版本是否符合自己的口味偏好。
56697889278,生活日杂,邮寄到深圳几天？,1,该用户想询问商品发货到深圳所需的配送时间。
56697889278,生活日杂,看着美,1,该用户想表达的含义是：对直播中展示的商品外观表示赞赏，可能隐含购买意向。
56697889278,生活日杂,碗好看,1,该用户是在询问或表达对直播中展示的碗的喜爱，并暗示希望购买或了解购买方式。
56697889278,生活日杂,小贝美女，什么时候上大米,1,该用户是在询问主播何时会再次上架大米商品。
56697889278,生活日杂,这些帅哥都这么高吗？,0,该用户可能是在询问直播中展示的模特或工作人员的身高是否普遍较高，间接表达对展示商品的关注或好奇。
56697889278,生活日杂,美女,0,该用户可能是在夸赞主播的外貌或表达对主播的喜爱，以活跃气氛或引起主播注意。
56697889278,生活日杂,饭前吃还是饭后吃？,1,该用户是在询问产品的食用时间建议，表现出对产品使用方式的关注和潜在的购买意向。
56697889278,生活日杂,正在吃，超级好吃,1,该用户想表达的是对当前直播中展示的食品非常满意，并暗示有继续购买或推荐的意愿。
56697889278,生活日杂,保质期11天,0,该用户是在询问商品的保质期是否只有11天，可能对储存时长有顾虑或想确认新鲜度。
56697889278,生活日杂,不用煮了是吗,1,该用户可能在询问产品是否属于即食或免烹饪类型，想确认是否需要额外加工步骤。
56697889278,生活日杂,放些卤牛肉,0,该用户希望主播推荐或上架卤牛肉产品。
56697889278,生活日杂,碗不错，上链接,1,该用户对展示的碗具有购买意向，催促主播尽快提供购买链接以便下单。
56697889278,生活日杂,不错不错，凉皮凉粉又没u哟与,1,该用户想表达的含义是：凉皮和凉粉看起来不错，但似乎没有上架或无法购买。
56697889278,生活日杂,有没有面筋,1,该用户是在询问直播间是否有售卖面筋产品。
56697889278,生活日杂,胡萝卜丝菠菜也可以,1,该用户可能在询问或建议直播中展示的菜品是否可以加入胡萝卜丝和菠菜作为配料。
56697889278,生活日杂,十一天快递到不了，算了,0,该用户因得知快递无法在11天内送达而决定放弃购买。
56697889278,生活日杂,碳水真是幸福的,0,该用户想表达的含义是：含碳水化合物的食物让人感到满足和愉悦。
56697889278,生活日杂,为什么四川这边没货,1,该用户因所在地缺货而感到遗憾，并希望了解补货或配送安排。
56697889278,生活日杂,要碗,1,该用户想表达的是对直播中展示的碗感兴趣并希望购买。
56697889278,生活日杂,主播感冒了呀,0,该用户可能是在关心主播的身体状况，同时暗示对直播内容的持续关注和参与意愿。
56697889278,生活日杂,不放辣好吃吗？,1,该用户是在询问产品不辣版本的口味如何，可能对辣度有顾虑或偏好清淡口味。
56697889278,生活日杂,没了,1,该用户想表达的含义是：想要的商品已经卖完了。
56697889278,生活日杂,碗上链接,1,该用户希望主播尽快将展示的碗加入购物链接以便购买。
56697889278,生活日杂,没有了,1,该用户想表达的是对商品已售罄的失望或询问是否还会补货。
56697889278,生活日杂,一吃一个不吱声,1,该用户想表达的含义是：这东西好吃到让人无话可说。
56697889278,生活日杂,挺好,1,该用户想表达的含义是：对当前直播展示的商品或内容表示认可和满意。
56697889278,生活日杂,保质期多久,1,该用户是在询问商品的保质期时长以评估是否适合购买。
56697889278,生活日杂,几号链接没辣椒,1,该用户想询问主播商品列表中不辣的选项对应的是哪个商品链接。
56697889278,生活日杂,没了再加,1,该用户想表达的含义是：商品已经售罄，希望主播尽快补货上架。
56697889278,生活日杂,这米皮好吃,1,该用户想表达的含义是：这款米皮的口味令人满意，产生了购买兴趣。
56697889278,生活日杂,孩子吃的不说话了,0,该用户想表达的含义是：这款食物味道很好，孩子吃得专注到顾不上说话。
56697889278,生活日杂,能加货吗,1,该用户想表达的含义是：询问主播是否可以补货或增加库存。
56697889278,生活日杂,看上起不错,1,该用户认为商品看起来吸引人，可能产生了购买意向。
56697889278,生活日杂,不辣,0,该用户想表达的含义是：询问产品是否有不辣的选项或版本。
56697889278,生活日杂,上碗,1,该用户是在催促主播尽快将碗的商品链接上架以便购买。
56697889278,生活日杂,拍啦,0,该用户想表达的含义是：我已经下单购买了。
56697889278,生活日杂,主播身的衣服在几号链接呀,1,该用户想询问主播身上穿的衣服对应的商品购买链接编号。
56697889278,生活日杂,不放辣椒好吃吗？？,1,该用户是在询问不加辣椒版本的产品口味如何，可能出于对辣味的顾虑或偏好清淡口味的需求。
56697889278,生活日杂,怎么做法,1,该用户想询问当前展示商品的具体烹饪方法或制作步骤。
56697889278,生活日杂,吃的香,0,该用户想表达的含义是：这款食物味道很好，让人吃得很满足。
56697889278,生活日杂,有调料吗？？,1,该用户是在询问直播售卖的产品是否包含配套的调味料。
56697889278,生活日杂,光吃不说,0,该用户想表达的意思是：这个食物好吃到让人只顾着吃顾不上说话。
56697889278,生活日杂,能炒着吃吗,1,该用户是在询问该食品是否适合炒制烹饪。
56697889278,生活日杂,这个帅哥好看,0,该用户想表达的含义是：对主播的外貌表示欣赏，可能因此对直播内容产生兴趣。
56697889278,生活日杂,想要大童自行车,1,该用户表达的是对直播中展示的大童自行车有明确的购买意向。
56697889278,生活日杂,小伙子吃饭得劲，大口大口的,0,该用户想表达的含义是：主播吃得很香，让人看了有食欲。
56697889278,生活日杂,是近期的吗,1,该用户可能是在询问直播中展示的商品是否是近期生产或上市的新品。
56697889278,生活日杂,这是哪个帅哥,0,该用户可能是在询问主播或展示商品的人是谁，表达了对直播中出现的男性形象的兴趣或好奇。
56697889278,生活日杂,份量有点少，正常情况下的一包的话都有420克呢,0,该用户是在对比同类产品的规格，委婉表达对当前商品份量不足的不满或疑虑。
56697889278,生活日杂,不吃辣的，放别的料也好吃,0,该用户想表达的含义是：即使不加辣椒，这款产品用其他调料调味也同样美味。
56697889278,生活日杂,想加点麻酱 老毕了,0,该用户想表达的含义是：希望能在食物中添加麻酱，认为这样会非常美味。
56697889278,生活日杂,奶粉,1,该用户可能是在询问直播间是否有奶粉产品，或者对奶粉的相关信息感兴趣。
56697889278,生活日杂,有碗吗,1,该用户是在询问直播间是否有售卖碗具产品。
56697889278,生活日杂,细的还是粗的粉,1,该用户是在询问主播展示的粉条产品的粗细规格。
56697889278,生活日杂,有牛肉干吗？,1,该用户可能是在询问直播间是否有售卖牛肉干这一商品，表现出对食品类产品的潜在购买兴趣。
56697889278,生活日杂,什么时候有香油呀,1,该用户是在询问直播间何时会上架或补货香油产品，表达了对该商品的购买意向或需求。
56697889278,生活日杂,吃面要有声音才好吃,0,该用户想表达的含义是：吃面时发出声音能增添美味享受的乐趣。
56697889278,生活日杂,这个小伙子叫什么,0,该用户是在询问直播中出现的某位男性主播或嘉宾的姓名。
56697889278,生活日杂,确实不香，吃的很勉强,0,该用户认为产品口味不佳，食用体验较差。
56697889278,生活日杂,开袋即食吗？,1,该用户是在询问产品是否需要烹饪处理还是可以直接食用。
56697889278,生活日杂,这个男孩好帅,0,该用户是在夸赞直播中出现的男性主播或嘉宾的外貌吸引人。
56697889278,生活日杂,这个帅哥是谁,0,该用户想表达的含义是：询问直播中出现的男性主播或嘉宾的身份信息。  （结合前文弹幕中多次提及“帅哥”“小伙子”等外貌评价，且直播内容可能涉及食品或生活用品展示，用户因对主播或出镜者产生兴趣而发问。）
56697889278,生活日杂,主播的指甲油有吗,1,该用户是在询问主播展示或推荐的指甲油产品是否可购买。
56697889278,生活日杂,大米做的米皮没面筋，面做的才有面筋,0,该用户是在对比不同原料制作的米皮口感差异，暗示对面筋口感有偏好或对产品特性存在疑问。
56697889278,生活日杂,城固面皮,1,该用户可能是在询问直播间是否有售卖或介绍城固面皮这一地方特色食品。
56697889278,生活日杂,不说一说品尝后的感觉吗,0,该用户希望主播能分享对产品的实际食用体验和口感评价。
56697889278,生活日杂,这两天小贝仙女也辛苦啦，明天好好休息，小伙伴们太棒啦,0,该用户是在向主播和团队表达关心与鼓励，而非询问商品信息或表达购买意向。
56697889278,生活日杂,米皮凉皮是不是一回事？,1,该用户可能是想确认直播中提到的米皮和凉皮是否为同一种食品，以便判断是否符合自己的购买需求。
56697889278,生活日杂,米皮好吃,1,该用户是在认可米皮的口味，表达对产品的正面评价和潜在购买兴趣。
56697889278,生活日杂,想要碗,1,该用户是在询问或表达对直播中展示的碗具产品的购买意向。
56697889278,生活日杂,碗有链接吗,1,该用户想询问直播中展示的碗是否有购买链接。
56697889278,生活日杂,吃播是谁？,0,该用户可能是在询问当前正在展示或试吃的主播身份或昵称。
56697889278,生活日杂,没声音没声音,0,该用户可能在抱怨直播间的音频出现问题，导致听不清主播的讲解或产品介绍。
56697889278,生活日杂,美女主播小贝中午好,0,该用户是在礼貌问候主播，表达对主播的关注和支持，但并未直接体现购买意向。
56697889278,生活日杂,小子光顾吃了,0,该用户想表达的含义是：主播只顾着吃东西没认真介绍产品。
56697889278,生活日杂,有面筋吗,1,该用户可能在询问直播中是否有售卖面筋产品或确认当前展示的面食是否含有面筋成分。
56697889278,生活日杂,小伙子说口感,1,该用户可能在询问主播或演示者关于食品口感的详细描述或评价。
56697889278,生活日杂,看起来不错,1,该用户可能觉得主播展示的产品或内容比较吸引人，产生了初步的好感或兴趣。
56697889278,生活日杂,这个小哥好帅,0,该用户是在夸赞主播或嘉宾的外貌吸引人，但并未直接表现出对商品的购买兴趣。
56697889278,生活日杂,不加热能吃吗,1,该用户可能是在询问直播中展示的食品是否可以直接冷食而无需加热处理。
56697889278,生活日杂,小哥好帅啊,0,该用户是在夸赞主播的外貌，表达对主播的欣赏和关注。
56697889278,生活日杂,吃了有发言权,0,该用户想表达的含义是：只有亲自品尝过这款产品的人才有资格评价它的味道和品质。
56697889278,生活日杂,保质期多久？,1,该用户可能是在询问商品的保质期信息，以评估是否值得购买或囤货。
56697889278,生活日杂,这小孩也非常帅,0,该用户是在夸赞直播中出现的某个年轻男性（可能是主播或参与者）的外貌出众。
56697889278,生活日杂,拍一单试试,0,该用户想表达的含义是：打算下单购买产品尝试一下。
56697889278,生活日杂,保研,0,该用户可能是在询问主播或产品是否具备“保真”或“品质保证”的资质，或是想确认购买后是否有售后保障。
56697889278,生活日杂,开袋即食好吃,1,该用户想表达的意思是：这款食品食用方便且味道不错，让人有购买尝试的意愿。
56697889278,生活日杂,大碗,1,该用户想表达的含义是：询问主播展示的商品中是否有大容量的碗可供购买。
56697889278,生活日杂,帅哥多吃点,0,该用户是在以调侃或关心的口吻，借主播的外貌吸引观众注意，侧面烘托直播氛围的轻松有趣。
56697889278,生活日杂,不加热能吃吗？。。。？？,1,该用户是在询问产品是否可以冷食，并对此表示疑虑和好奇。
56697889278,生活日杂,37号的小米，直接拍就可以了吗？,1,该用户是在询问37号小米商品的购买流程是否需要直接下单即可。
56697889278,生活日杂,这娃好帅,0,该用户是在夸赞直播中展示的产品或模特的外形吸引人，可能隐含对商品的兴趣或好感。
56697889278,生活日杂,有不辣的吗？,1,该用户可能在询问产品是否有非辣味的口味选项。
56697889278,生活日杂,呼和浩特怎么不能买？,0,该用户想询问为什么自己所在的呼和浩特地区无法下单购买直播间的商品。
56697889278,生活日杂,碗有吗,1,该用户是在询问直播间是否有碗类商品在售。
56697889278,生活日杂,说几句啊,0,该用户可能在催促主播详细介绍产品信息或互动回应之前的提问。
56697889278,生活日杂,配科表,1,该用户可能在询问产品是否配有刻度表或其他测量工具。
56697889278,生活日杂,要碗,1,该用户想询问直播中展示的商品是否有配套的碗具出售。
56697889278,生活日杂,小贝的外套有吗？,1,该用户是在询问直播间是否有售卖主播小贝所穿的同款外套。
56697889278,生活日杂,直接拌了就吃吗？,1,该用户想询问产品是否需要额外加工步骤才能食用。
56697889278,生活日杂,西红柿,1,该用户可能在询问直播中展示的西红柿相关产品信息，比如品种、价格或食用方式。
56697889278,生活日杂,这娃又高又帅,0,该用户是在夸赞直播中展示的儿童或年轻主播的外貌出众，可能带有对产品展示者的好感或对直播内容的兴趣。
56697889278,生活日杂,我买的玉米太难吃了,0,该用户可能是在抱怨之前购买的玉米品质不佳，暗示对当前直播中同类产品的质量或口味存在疑虑。
56697889278,生活日杂,米皮软糯，擀面皮筋道,0,该用户是在评价直播中展示的食品口感特点，暗示对产品品质的认可并可能产生购买兴趣。
56697889278,生活日杂,我汉中的，身在异乡时刻怀念这个味道,1,该用户想表达的含义是：作为汉中人在外地生活，看到直播中的家乡特产勾起了思乡之情，有意购买以解乡愁。
56697889278,生活日杂,云南行结束了吗,0,该用户可能在询问直播中介绍的云南特产相关活动或商品是否已经结束销售或下架。
56697889278,生活日杂,跟米线像不像,1,该用户可能是询问当前展示的食品（如米皮或擀面皮）的口感和外观是否与米线相似。
56697889278,生活日杂,碗碗碗，找找呗,1,该用户想表达的含义是：询问直播间是否有售卖碗具并希望主播帮忙寻找相关产品。
56697889278,生活日杂,有牛肉干吗？,1,该用户是在询问直播间是否有售卖牛肉干这款产品。
56697889278,生活日杂,回族能吃,0,该用户可能是在询问直播中展示的食品是否符合清真饮食要求，以便判断自己是否可以购买食用。
56697889278,生活日杂,没有了,1,该用户想表达的含义是：商品已经售罄或想要的款式/选项没有了。
56697889278,生活日杂,需要加热吗,1,该用户可能在询问直播中展示的商品是否需要加热后食用。
56697889278,生活日杂,下单69号商品,0,该用户明确表达了想要购买直播间中编号为69的商品的意愿。
56697889278,生活日杂,保质期11天,0,该用户可能是在询问或确认商品的保质期较短，担心购买后无法及时使用。
56697889278,生活日杂,哪里发货,0,该用户想询问商品的发货地点，可能是出于对物流时效或产地质量的关注。
56697889278,生活日杂,要碗,1,该用户想表达的含义是：询问主播是否有售卖碗具或相关产品。
56697889278,生活日杂,说有运费险不给退,0,该用户可能是在质疑商家承诺的运费险无法实际兑现退货服务，表达了对售后保障的不满或困惑。
56697889278,生活日杂,要煮吗？,1,该用户可能在询问商品是否需要烹饪加工后才能食用。
56697889278,生活日杂,在西安的时候经常吃，加个饼子,0,该用户想表达的含义是：自己在西安时常吃这款产品，现在想购买并搭配饼子一起食用。
56697889278,生活日杂,宝研小帅哥,0,该用户可能是在夸赞主播或产品相关人员的颜值，表达对直播中出现的某位“宝研小帅哥”的关注和喜爱。
56697889278,生活日杂,有人管么,0,该用户可能在询问是否有客服或工作人员能解答问题或处理订单相关事宜。
56697889278,生活日杂,云南行结束了,0,该用户可能是在询问直播中提到的云南特产或相关商品是否已经售罄或活动结束。
56697889278,生活日杂,加热吗,1,该用户是在询问商品是否需要加热后才能食用。
56697889278,生活日杂,小贝，37号小米，现在直接拍就好了吧？,1,该用户想确认37号小米商品是否可以直接下单购买，无需其他操作或注意事项。
56697889278,生活日杂,什么时候卖这款碗,1,该用户是在询问主播何时会上架或展示当前讨论的这款碗以便购买。
56697889278,生活日杂,玉米很难吃,0,该用户可能是在抱怨玉米的口感或品质，暗示对当前推荐的商品不满意。
56697889278,生活日杂,这天气不用加热,0,该用户想表达的含义是：当前气温较高，不需要对商品进行加热处理。
56697889278,生活日杂,小贝，上香油,1,该用户希望主播小贝上架或推荐香油产品。
56697889278,生活日杂,可惜刚拍了两单擀面皮，要不然一定拍这个米皮，就喜欢吃香辣的,1,该用户因近期已购买类似产品而暂时无法下单，但明确表达了对当前商品的喜爱和购买意愿。
56697889278,生活日杂,冬天需要加热,0,该用户想表达的含义是：当前天气寒冷，商品需要加热后才能食用。
56697889278,生活日杂,要碗要碗,1,该用户想表达的是对直播中提到的碗有明确的购买意愿，希望主播尽快上架或提供购买链接。
56697889278,生活日杂,美女主播小贝中午好,0,该用户是在礼貌问候主播，同时表达对主播的关注和熟悉感。
56697889278,生活日杂,本地卖的5元一份,0,该用户可能是在对比价格，暗示直播间售卖的商品比本地实体店更贵或不划算。
56697889278,生活日杂,上碗,1,该用户想表达的含义是：希望主播尽快展示或上架碗这款商品。
56697889278,生活日杂,已拍加急发货,0,该用户想表达的含义是：我已经下单并希望尽快收到商品。
56697889278,生活日杂,小月龄保温杯有背带吗,1,该用户想询问产品（小月龄保温杯）是否配有便携背带，以评估其实用性和购买价值。
56697889278,生活日杂,小贝明天好好休息下吧,0,该用户是在关心主播的身体状况，建议她今晚直播结束后好好休息。
56697889278,生活日杂,蓝碗蓝碗蓝碗蓝碗蓝碗,1,该用户急切地想要购买或询问主播是否会上架蓝色的碗。
56697889278,生活日杂,醪糟酸奶,1,该用户可能是在询问或推荐直播间是否售卖醪糟酸奶这款产品。
56697889278,生活日杂,不错不错,1,该用户可能是在对主播展示的商品或当前直播内容表示认可和满意。
56697889278,生活日杂,小贝吃一下南瓜好吃不,1,该用户想询问主播小贝对南瓜口感的评价，以此判断是否值得购买。
56697889278,生活日杂,蓝碗,1,该用户是在催促主播上架或展示蓝色的碗。
56697889278,生活日杂,味道很不错的,1,该用户想表达的含义是：对当前直播中展示的食品表示认可和满意，暗示有购买意愿。
56697889278,生活日杂,衣服几号链接,1,该用户想询问主播当前展示的衣服商品对应的购买链接编号是多少。
56697889278,生活日杂,碗来链接,1,该用户急切地催促主播尽快提供商品购买链接，表现出对碗类产品的强烈购买意愿。
56697889278,生活日杂,懒人抹布啥时候上,1,该用户是在询问懒人抹布产品的上架时间，表现出对该商品的购买意向和期待。
56697889278,生活日杂,看看衣服,1,该用户想表达的含义是：询问主播展示或介绍服装产品的相关信息。
56697889278,生活日杂,有橙子吗,1,该用户可能在询问直播间是否有橙子相关商品上架或展示。
56697889278,生活日杂,小贝儿回去了吗？,0,该用户可能在询问主播小贝是否已经结束直播或离开直播间。
56697889278,生活日杂,要碗的，与辉同行肯定收到了,0,该用户想表达的含义是：想要购买蓝碗，并认为“与辉同行”这个账号的粉丝肯定已经收到了这款产品。
56697889278,生活日杂,鲜花还上吗,1,该用户是在询问直播间是否还会再次上架鲜花商品。
56697889278,生活日杂,这个玉米好吃吗？,1,该用户想询问玉米的口感和品质以决定是否购买。
56697889278,生活日杂,汉中本地卖的5元一份，这个太划算了,1,该用户想表达的含义是：相比本地价格，直播间这个商品的价格更实惠，值得购买。
56697889278,生活日杂,这两天小贝仙女也辛苦啦，明天好好休息，小伙伴们太棒啦,0,该用户是在表达对主播和小伙伴们的关心与鼓励，而非直接询问商品信息或表达购买意向。
56697889278,生活日杂,这个玉米买过，糯糯的,1,该用户是在以亲身经历肯定玉米的口感品质，间接推荐其他观众购买。
56697889278,生活日杂,甜糯米煮熟之后香甜可口 晶莹剔透,0,该用户是在夸赞甜糯米的口感与卖相，暗示对产品的认可和潜在购买兴趣。
56697889278,生活日杂,这个玉米买了四箱了，很软糯,1,该用户是在用亲身回购经历向其他观众强烈推荐这款玉米，暗示产品品质可靠且值得多次购买。
56697889278,生活日杂,这款玉米买过，太好吃了,1,该用户是在积极推荐这款玉米，通过分享自己的正面体验来强化产品的可信度和吸引力。
56697889278,生活日杂,茉莉花茶很好喝，回购过的,1,该用户是在以老顾客身份对茉莉花茶产品表示认可，暗示有持续购买的意愿。
56697889278,生活日杂,玉米甜,1,该用户想表达的含义是：这款玉米的口感很甜，值得推荐或购买。
56697889278,生活日杂,是熟的玉米吗？,1,该用户想询问玉米是否是已经煮熟或加工好的即食产品。
56697889278,生活日杂,我中午就吃的这个玉米 好吃,1,该用户通过分享个人食用体验来间接肯定玉米的品质，表达对产品的认可和潜在的复购意向。
56697889278,生活日杂,需要冷藏嘛,1,该用户是在询问商品是否需要冷藏保存，可能对产品的储存条件或保鲜方式存在疑虑。
56697889278,生活日杂,有茉莉花的清香,0,该用户可能是在称赞或询问直播间正在展示的茉莉花相关产品（如花茶、香氛等）的气味特点。
56697889278,生活日杂,朋友们，主播没有讲到的商品，自己到小黄车里和橱窗里找找,0,该用户是在提醒其他观众可以主动浏览商品列表寻找主播未介绍的产品。
56697889278,生活日杂,乳扇玫瑰酱收到 开始,1,该用户想表达的含义是：我已经收到了之前购买的乳扇玫瑰酱产品，现在准备开始品尝或使用。
56697889278,生活日杂,这个玉米煮15分钟左右特别好吃,0,该用户是在分享自己的食用经验，间接推荐这款玉米的品质和口感，暗示其值得购买。
56697889278,生活日杂,这玉米看上去很好吃,1,该用户被其他观众对玉米的好评所感染，产生了尝试购买的意愿。
56697889278,生活日杂,玉米语言冷冷藏嘛,1,该用户想询问这款玉米是否需要冷藏保存。
56697889278,生活日杂,普耳茶,1,该用户可能在询问直播间是否有普洱茶商品或对其产生兴趣。
56697889278,生活日杂,沉浸于云南,0,该用户可能是在表达对直播中云南特色商品的浓厚兴趣或向往之情。
56697889278,生活日杂,主播是单身吗？,0,该用户可能是想通过调侃主播的个人情况来活跃气氛或拉近互动关系，而非真正表达购买意向。
56697889278,生活日杂,买回来怎么吃,1,该用户想询问该食品的食用方法或烹饪建议。
56697889278,生活日杂,白拇指T在上一次,0,该用户想表达的含义是：白色拇指图案的T恤在上一次直播中出现过。
56697889278,生活日杂,怎么保存,1,该用户可能是在询问商品的储存方法或保存方式。
56697889278,生活日杂,下单2号商品,0,该用户明确表达了想要购买直播间推荐的2号商品的意愿。
56697889278,生活日杂,玉米不是全熟的，要煮10—15分钟,0,该用户是在询问玉米的烹饪方法，并提醒其他人需要煮够时间才能达到最佳口感。
56697889278,生活日杂,想要大童自行车,1,该用户想表达的含义是：对大童自行车有购买意向，希望了解或购买该产品。
56697889278,生活日杂,昨天的饼干橱窗里有,0,该用户想表达的含义是：询问昨天直播中提到的饼干是否在商品橱窗里可以找到。
56697889278,生活日杂,茉莉茶,1,该用户可能在询问或提及直播间正在介绍或展示的茉莉花茶相关商品。
56697889278,生活日杂,没有讲到的可以在小黄车里面找，或者去橱窗找找，橱窗里面有好多好品，都是开过价的，放心拍,0,该用户是在引导其他观众自行查看购物车和商品橱窗，暗示主播未详细介绍的商品也可以通过这些渠道了解并放心购买。
56697889278,生活日杂,还有玉米吗,1,该用户想询问直播间是否仍有玉米商品在售。
56697889278,生活日杂,没有了了,1,该用户想表达的含义是：询问主播是否还有玉米库存。
56697889278,生活日杂,没了,1,该用户想表达的含义是：询问直播中提到的玉米是否已经售罄。
56697889278,生活日杂,苹果,1,该用户可能在询问直播间是否有苹果相关商品在售。
56697889278,生活日杂,没有了,1,该用户想表达的含义是：询问主播是否还有玉米库存。
56697889278,生活日杂,没了，加单,1,该用户想表达的含义是：商品已售罄，希望主播追加库存以便购买。
56697889278,生活日杂,这玉米好吃,1,该用户可能是在确认玉米的口碑良好后，表达认可并暗示有购买意愿。
56697889278,生活日杂,加点库存,1,该用户希望主播增加当前热销商品（可能是玉米）的库存以便购买。
56697889278,生活日杂,小贝越来越美了,0,该用户是在夸赞主播的外貌变化，表达对主播的喜爱和关注，但并未直接表现出对商品的购买兴趣。
56697889278,生活日杂,玉米没了,1,该用户想表达的含义是：询问玉米是否已经售罄并希望补货。
56697889278,生活日杂,加单,1,该用户想表达的含义是：希望主播增加玉米的库存以便自己能购买。
56697889278,生活日杂,甜吗,1,该用户是在询问直播中提到的某款水果或甜食的口感是否足够甜。
56697889278,生活日杂,玉米没有了,1,该用户是在询问或确认直播间售卖的玉米是否已经售罄。
56697889278,生活日杂,牛奶有吗,1,该用户是在询问直播间是否还有牛奶库存可供购买。
56697889278,生活日杂,小贝感冒了,0,该用户可能在关心主播小贝的身体状况，并间接表达对直播的关注和支持。
56697889278,生活日杂,这个玉米也很不错,1,该用户可能是在看到玉米被多次提及且已售罄后，表达对这款商品的认可和遗憾未能购买的心情。
56697889278,生活日杂,玉米要蒸或者煮的哈,0,该用户是在确认玉米的食用方式，可能对购买感兴趣并希望了解正确的烹饪方法。
56697889278,生活日杂,办公用品：夹子，笔，本，书包……,1,该用户可能在询问直播间是否有售卖办公用品类的商品（如夹子、笔、本子、书包等），或是暗示对这些品类有购买需求。
56697889278,生活日杂,云南的小糯玉米好吃,1,该用户想表达的含义是：对云南小糯玉米的口味表示认可并可能有意购买。
56697889278,生活日杂,有没有用甜蜜素,1,该用户可能在询问直播中提到的玉米或其他甜味食品是否添加了甜蜜素（一种甜味剂），以确认产品的成分或安全性。
56697889278,生活日杂,5号杯子没有了吗？,1,该用户是在询问5号杯子是否已经售罄，并可能希望商家补货。
56697889278,生活日杂,甜吗,1,该用户是在询问直播中提到的玉米或其他甜味食品的甜度如何。
56697889278,生活日杂,甜吗？？？,1,该用户是在询问直播中提到的玉米或其他甜味食品的甜度如何，可能是出于对产品口感的关注或考虑是否购买。
56697889278,生活日杂,小贝感冒了吗？,0,该用户是在关心主播小贝的身体状况，可能是注意到她声音或状态不佳而询问是否感冒了。
56697889278,生活日杂,空气炸锅多久可以吃？,1,该用户想询问空气炸锅烹饪所需的时间，可能是对展示的商品感兴趣并考虑购买。
56697889278,生活日杂,回去要蒸一下好吃，煮了味会淡,0,该用户是在分享对玉米的烹饪建议，认为蒸的方式更能保留风味，暗示对产品品质的认可和潜在的购买意向。
56697889278,生活日杂,有黑玉米吗,1,该用户是在询问直播间是否有售卖黑色品种的玉米商品。
56697889278,生活日杂,买回来怎么保存,1,该用户想表达的含义是：询问购买后的产品储存方法。
56697889278,生活日杂,怎么保存,1,该用户想询问购买的商品（可能是玉米）在收货后应该如何储存以保持新鲜。
56697889278,生活日杂,拍啦,0,该用户想表达的含义是：我已经下单购买了（提到的商品）。  （结合前文高频出现的“玉米”相关讨论及购买咨询，用户很可能是在回应主播的促销或库存提示，简洁表明已完成购买动作。）
56697889278,生活日杂,主播感冒了？喝点茶再说,0,该用户是在关心主播的身体状况，并建议主播先休息调整状态再继续直播。
56697889278,生活日杂,玉米常温保存,0,该用户想询问玉米在常温环境下的储存方法。
56697889278,生活日杂,点赞点赞点赞,0,该用户可能是在积极参与直播互动，通过刷点赞表达对当前直播内容或产品的支持与认可。
56697889278,生活日杂,甜吗这个玉米,1,该用户是在询问这款玉米的口感是否足够甜，以判断是否符合自己的口味偏好或购买需求。
56697889278,生活日杂,蒸几分钟,1,该用户想询问玉米蒸制所需的具体时间。
56697889278,生活日杂,煮着好吃,0,该用户想表达的含义是：这种玉米适合水煮食用，味道应该不错。
56697889278,生活日杂,有没有甜玉米？,1,该用户是在询问直播间是否有售卖口感偏甜的玉米品种。
56697889278,生活日杂,这工作真好，爸妈天天能在直播间见一面孩子,0,该用户想表达的含义是：主播和父母因为直播工作能经常见到孩子，这种工作模式让人羡慕。
56697889278,生活日杂,内衣啥时候卖呢,1,该用户是在询问主播何时会上架或介绍内衣产品，表现出对该商品的购买兴趣和关注。
56697889278,生活日杂,硬吗,1,该用户是在询问直播中展示的玉米的硬度或口感是否足够结实。
56697889278,生活日杂,小贝伤风了，热感冒，鼻音很重,0,该用户可能是在关心主播的身体状况，同时暗示主播因感冒可能影响产品介绍的效果，间接表达对直播质量的关注。
56697889278,生活日杂,擦玻璃机什么时候有,1,该用户想询问擦玻璃机这款商品何时会上架销售。
56697889278,生活日杂,袋子最好拿掉,0,该用户可能是在建议直播中展示的商品（如玉米）最好去掉外包装袋进行展示或说明，以便更直观地看到产品本身的状态或品质。
56697889278,生活日杂,有没有甜玉米,1,该用户想询问直播间是否售卖甜玉米品种。
56697889278,生活日杂,热下可以吃了,0,该用户想表达的含义是：询问加热后的玉米是否可以直接食用。
56697889278,生活日杂,想要一个家用砂锅,1,该用户可能是在看到直播中介绍厨房用品或食品相关产品后，表达对家用砂锅有购买意向或需求。
56697889278,生活日杂,已拍1号产品,0,该用户想表达的含义是：我已经下单购买了1号链接的商品。
56697889278,生活日杂,这个价钱也合适,1,该用户认为当前产品的价格合理，有潜在的购买意愿。
56697889278,生活日杂,还什么时候有外场啊,0,该用户想询问下一次户外直播活动的具体时间安排。
56697889278,生活日杂,这不是水果玉米吧,0,该用户可能是在质疑主播展示的玉米品种是否与宣传一致，担心实际商品并非所期待的甜玉米品种。
56697889278,生活日杂,这两天小贝仙女也辛苦啦，明天好好休息，小伙伴们太棒啦,0,该用户想表达的含义是：关心主播的身体状况并感谢直播团队的付出。
56697889278,生活日杂,你爸妈好幸福啊！！,0,该用户是在感叹主播的父母能经常通过直播看到孩子的工作状态，羡慕他们拥有这份亲子互动的幸福。
56697889278,生活日杂,五指袜子有吗,1,该用户是在询问直播间是否有售卖五指袜这一商品。
56697889278,生活日杂,蒸20分钟,0,该用户想询问玉米蒸制所需的具体时间。
56697889278,生活日杂,玉米用凉水冲一下，放在盘子里，微波炉高火四分钟，特别软糯，放凉也不硬,0,该用户是在分享一种让玉米保持软糯口感的烹饪技巧，暗示对产品品质的认可和实用性的推荐。
56697889278,生活日杂,甜吗,1,该用户是在询问直播中展示的玉米或其他食品的甜度如何。
56697889278,生活日杂,天天买不停,0,该用户想表达的含义是：频繁在直播间购物已经成为一种日常习惯。  （结合前文弹幕中多次出现关于产品询问、购买意向及已下单的互动，可推断用户通过“天天买不停”强调自己持续消费的行为，可能带有调侃或炫耀性质，同时也隐含对直播间商品的认可或沉迷倾向。）
56697889278,生活日杂,玫瑰花饼还有吗,1,该用户想询问直播间是否还有玫瑰花饼的库存可供购买。
56697889278,生活日杂,主播好漂亮笑起来好甜像花儿一样甜美,0,该用户是在夸赞主播的外貌和亲和力，表达对主播的喜爱和欣赏，但并未直接表现出对商品的购买兴趣。
56697889278,生活日杂,老吗,1,该用户可能在询问主播所展示的玉米是否口感偏老或不够鲜嫩。
56697889278,生活日杂,拍了,0,该用户想表达的含义是：已经下单购买了直播间的某款产品。
56697889278,生活日杂,有黑玉米吗,1,该用户想询问直播间是否有售卖黑玉米这一商品。
56697889278,生活日杂,真的太好了！,0,该用户可能被直播中展示的某款产品（如玉米、砂锅或玫瑰花饼）的品质或优惠所打动，表达出强烈的认可和购买意愿。
56697889278,生活日杂,小贝父母应该很开心，小贝漂亮可爱,0,该用户是在夸赞主播小贝的外貌和性格，并借此表达对其家庭的羡慕和祝福。
56697889278,生活日杂,头一回刚听你说到玉米和可以用汁啊，玉米不是用个吗？,0,该用户对主播提到的玉米食用方式感到疑惑，认为玉米通常是整个食用的而非榨汁，因此提出疑问以确认理解是否正确。
56697889278,生活日杂,油了,0,该用户可能是在询问主播展示的玉米是否过于油腻或含油量高。
56697889278,生活日杂,水果玉米有吗,1,该用户是在询问直播间是否有售卖水果玉米这一商品。
56697889278,生活日杂,玉米不是应该用个吗？怎么会用汁了呢？,0,该用户是在疑惑玉米的计量单位为何从常见的“个”变成了“汁”，可能对产品包装或食用方式产生了疑问。
56697889278,生活日杂,保质期多久？,1,该用户是在询问商品的保质期信息，可能对产品有购买意向并关注储存条件。
56697889278,生活日杂,没洗头,0,该用户可能在委婉表达自己因匆忙观看直播而未来得及打理外表，暗示对直播内容的投入和关注。
56697889278,生活日杂,榨汁机,1,该用户可能是询问直播间是否有榨汁机产品，或对主播提到的榨汁功能产生疑问（类似前文对玉米计量单位的讨论）。
56697889278,生活日杂,小贝感冒了,0,该用户可能是在关心主播的健康状况，并借此表达对主播的喜爱和支持。
56697889278,生活日杂,下单61号商品,0,该用户明确表达了想要购买直播间中编号为61号的商品的意愿。
56697889278,生活日杂,8只缺货了,1,该用户想表达的含义是：想购买的商品（可能是8只装的产品）已经没货了，感到遗憾或询问是否有补货。
56697889278,生活日杂,带袋蒸还是煮,1,该用户是在询问玉米的烹饪方式，想知道应该选择蒸还是煮的方法来处理玉米。
56697889278,生活日杂,甜不甜,1,该用户是在询问直播中展示的水果或食品的甜度如何。
56697889278,生活日杂,小贝状态越来越好了,0,该用户是在称赞主播小贝近期展现出更积极的精神面貌和形象。
56697889278,生活日杂,有香米吗,1,该用户是在询问直播间是否有售卖香米这一商品。
56697889278,生活日杂,保质期12个月,0,该用户是在确认商品的保存期限，以此评估是否值得购买。
56697889278,生活日杂,佛手瓜是有没有,1,该用户是在询问直播间是否有售卖佛手瓜。
56697889278,生活日杂,西红柿啥时候有,1,该用户是在询问西红柿这款商品的上架时间或补货时间，表达了对购买西红柿的兴趣。
56697889278,生活日杂,有黑糯玉米吗,1,该用户是在询问直播间是否有售卖黑糯玉米这一特定品种的商品。
56697889278,生活日杂,我每天早上一根蒸20分钟,0,该用户想表达的含义是：询问这款玉米是否需要每天早晨蒸20分钟来食用。
56697889278,生活日杂,香米有吗,1,该用户可能在询问直播间是否有售卖香米这款产品。
56697889278,生活日杂,烤肠在哪个链接,1,该用户想询问烤肠产品的购买链接位置。
56697889278,生活日杂,玉米保质期12个月,0,该用户是在确认玉米的保存期限，以便评估是否适合囤货或长期食用。
56697889278,生活日杂,22号的保温杯有杯套吗,1,该用户想询问22号商品的保温杯是否附带配套的杯套作为配件。
56697889278,生活日杂,小贝，我的咋是29.9元10支？,1,该用户可能是在询问为什么自己购买的商品价格与直播间的展示价格不一致，表达了对价格差异的疑惑或不满。
56697889278,生活日杂,今天有染发膏吗？？？？？？？,1,该用户急切询问直播间是否售卖染发膏产品。
56697889278,生活日杂,养生壶有活动吗？,1,该用户是在询问养生壶是否有促销优惠，表现出对该产品的购买意向。
56697889278,生活日杂,核桃收到了，真香,1,该用户想表达的含义是：对之前购买的核桃产品感到满意并给予好评。
56697889278,生活日杂,有咖啡吗,1,该用户是在询问直播间是否有咖啡类商品在售。
56697889278,生活日杂,玉米的做法,1,该用户想询问玉米的烹饪方式以决定是否购买。
56697889278,生活日杂,哪的玉米,1,该用户想询问玉米的产地或来源。
56697889278,生活日杂,大家好,0,该用户可能是在进入直播间后礼貌性地打招呼，试图融入当前的购物讨论氛围。
56697889278,生活日杂,还想要点水果玉米,1,该用户想表达的含义是：对水果玉米有购买意向，询问是否还有库存或能否上架。
56697889278,生活日杂,云南西双版纳的糯玉米在几号链接？,1,该用户想询问直播间里售卖云南西双版纳糯玉米的商品链接编号。
56697889278,生活日杂,小贝中午好,0,该用户可能是礼貌性打招呼或引起主播注意，为后续询问商品信息做铺垫。
56697889278,生活日杂,玉米我的最爱,1,该用户想表达的含义是：我对玉米非常感兴趣，想了解或购买相关产品。
56697889278,生活日杂,甜不甜？,1,该用户是在询问直播中提到的玉米或其他水果的甜度如何。
56697889278,生活日杂,能帮我解释一下，糯玉米都是熟的？,1,该用户是在询问直播中提到的糯玉米是否是已经煮熟或加工过的即食产品。
56697889278,生活日杂,羊肚菌,1,该用户可能在询问直播间是否有售卖羊肚菌或想了解羊肚菌的相关信息。
56697889278,生活日杂,这玉米糯糯的吗,1,该用户是在询问这款玉米的口感是否软糯，以判断是否符合自己的购买偏好。
56697889278,生活日杂,啥时候上可复美胶原棒？,1,"该用户是在询问主播何时会上架""可复美胶原棒""这款产品，表现出明确的购买意向和期待。"
56697889278,生活日杂,蓝莓已到货，新鲜香甜，宇辉团队选品值得信任,1,该用户通过分享已购商品的良好体验，间接表达了对直播团队选品能力的认可和持续支持的意愿。
56697889278,生活日杂,水果玉米收到了，很好吃,1,该用户想表达对水果玉米品质的满意和认可，并间接推荐给其他观众。
56697889278,生活日杂,拍完了,0,该用户想表达的含义是：已经下单购买了直播间的商品。
56697889278,生活日杂,小贝好好休息,0,该用户可能是出于对小贝主播的关心，希望她在忙碌的直播中注意身体。
56697889278,生活日杂,是今年当季的吧,1,该用户是在确认直播中所售商品是否为当前季节的新鲜产品。
56697889278,生活日杂,是冷藏还是冷炼,1,该用户可能在询问直播中提到的玉米产品是采用冷藏保鲜还是冷鲜锁鲜的工艺处理。
56697889278,生活日杂,这玉米煮着好吃,1,该用户想表达的含义是：对这款玉米的烹饪方式和口感表示认可，可能有意向购买。
56697889278,生活日杂,已拍,0,该用户想表达的含义是：我已经下单购买了（玉米）。
56697889278,生活日杂,怎么煮,1,该用户想询问当前直播中提到的玉米的具体烹饪方法。
56697889278,生活日杂,啥时候上可复美胶原棒,1,该用户想表达的含义是：询问主播何时会推出可复美品牌的胶原蛋白产品。  （结合语境：弹幕前半段集中在玉米相关提问，后半段出现其他品类讨论，用户可能看到他人提及其他产品后，主动询问自己关注的品牌上新时间，表现出明确的购买意向。）
56697889278,生活日杂,小贝太厉害了，从早晨播到现在,0,该用户是在感叹主播的敬业和长时间直播的辛苦，表达了对主播的关心和赞赏。
56697889278,生活日杂,红糖,1,该用户可能是在询问直播间是否有红糖产品，或是想了解当前展示商品（如玉米）是否与红糖相关（如红糖玉米）。
56697889278,生活日杂,这苞米看着不错,1,该用户看到直播中的玉米品相良好，产生了尝试购买的意愿。
56697889278,生活日杂,已经吃过了！特别好吃,1,该用户想表达的含义是：之前购买过这款产品，对它的口感非常满意。
56697889278,生活日杂,保质期多久,1,该用户想了解产品的保存期限以确保新鲜度和食用安全。
56697889278,生活日杂,袋要剪开来，蒸锅蒸很方便,0,该用户是在分享一种处理玉米的烹饪方法，暗示对产品使用方式的兴趣或认可。
56697889278,生活日杂,什么时候卖鲜花,1,该用户想询问直播中何时会上架鲜花类商品，表现出对购买鲜花的兴趣和期待。
56697889278,生活日杂,买了,0,该用户想表达的含义是：已经下单购买了当前直播间的商品。
56697889278,生活日杂,来波红糖,1,该用户希望主播推荐或上架红糖产品。
56697889278,生活日杂,煮的也很好吃！特别肉头,1,该用户想表达的含义是：这种食物烹饪后口感软糯有嚼劲，非常美味。
56697889278,生活日杂,这两天小贝仙女也辛苦啦，明天好好休息，小伙伴们太棒啦,0,该用户想表达的含义是：对主播和小伙伴们的辛勤付出表示关心和感谢，并鼓励他们适当休息。
56697889278,生活日杂,减肥好吃吗？,1,该用户可能是想询问减肥期间是否可以食用该产品，或者该产品是否适合减肥人群且味道如何。
56697889278,生活日杂,锅橱窗里面有的哈,0,该用户是在确认商品是否已上架到直播间的购物橱窗中。
56697889278,生活日杂,蒸时袋子要拆掉吗？,1,该用户是在询问蒸制食品时是否需要将外包装袋拆除。
56697889278,生活日杂,要是产品配上讲解回放就好了,0,该用户希望产品介绍部分能有录播功能以便回看细节。
56697889278,生活日杂,带袋子蒸吗,1,该用户是在询问蒸煮玉米时是否需要保留原包装袋一起蒸。
56697889278,生活日杂,蒸的时候袋子最好拿掉,0,该用户是在询问或提醒蒸玉米时需要去掉外包装袋。
56697889278,生活日杂,什么时候有外场,0,该用户是在询问直播中提到的商品何时会在其他场次或渠道再次售卖。
56697889278,生活日杂,甜？,1,该用户可能在询问直播中提到的食物（如红糖或玉米）是否味道偏甜。
56697889278,生活日杂,空气炸锅烤着吃香呢,0,该用户想表达的含义是：空气炸锅烹饪的食物香气诱人，让人产生购买兴趣。
56697889278,生活日杂,贝贝南瓜粉吗,1,该用户是在询问贝贝南瓜的口感是否粉糯。
56697889278,生活日杂,是生的吗,1,该用户是在询问直播中展示的商品是否为未经烹饪处理的生鲜食材。
56697889278,生活日杂,去了袋子好,0,该用户想表达的含义是：蒸煮时是否需要去掉外包装袋。
56697889278,生活日杂,酱牛肉,1,该用户可能是在询问主播是否有售卖酱牛肉产品，或是想了解酱牛肉的相关信息（如口味、做法等）。
56697889278,生活日杂,正在吃这款玉米,0,该用户想表达的含义是：我正在品尝你们推荐的这款玉米产品。
56697889278,生活日杂,小贝的衣服在6号链接,0,该用户是在询问或提醒主播，小贝穿的同款衣服可以在6号商品链接中找到购买。
56697889278,生活日杂,还洗吗,1,该用户可能在询问主播是否还会继续演示或介绍当前产品的使用方法（比如清洗步骤）。
56697889278,生活日杂,空气炸锅烤着好吃,0,该用户想表达的含义是：用空气炸锅烹饪这款食物口感更佳。
56697889278,生活日杂,软糯香甜,1,该用户是在夸赞直播中展示的食品（可能是玉米或南瓜）的口感绵软、味道香甜，表达了对产品的喜爱和认可。
56697889278,生活日杂,这个是生的吗,1,该用户是在询问直播中展示的商品是否为未加工的生鲜产品。
56697889278,生活日杂,谢谢,0,该用户可能在感谢主播或工作人员的解答或服务。
56697889278,生活日杂,什么时候买牛奶,1,该用户想询问牛奶产品的具体购买时间或促销活动安排。
56697889278,生活日杂,正在吃这款玉米，好吃，软糯,1,该用户想表达的含义是：对正在食用的玉米口感到满意，认为其口感软糯可口。
56697889278,生活日杂,玉米是熟的吗,1,该用户想询问直播中售卖的玉米是否是已经煮熟即食的，还是需要自行烹饪的生玉米。
56697889278,生活日杂,有麦片吗,1,该用户是在询问直播间是否售卖麦片产品。
56697889278,生活日杂,微波炉也能加热的,0,该用户想询问该食品是否可以用微波炉直接加热食用。
56697889278,生活日杂,甜吗,1,该用户是在询问直播中展示的食品（可能是玉米或南瓜）的甜度如何。
56697889278,生活日杂,蒸几分钟,1,该用户想询问蒸制该产品需要的时间，表现出对烹饪方法的关注和潜在的购买意向。
56697889278,生活日杂,下单了一号车,0,该用户想表达的含义是：我已经购买了直播间推荐的1号链接商品。
56697889278,生活日杂,衣服几号链接,1,该用户想询问主播展示的衣服商品对应的购买链接编号。
56697889278,生活日杂,夏天的包包,1,该用户可能是在询问直播间是否有适合夏季使用的包包款式或推荐。
56697889278,生活日杂,需要冷藏吗？,1,该用户可能是在询问商品是否需要冷藏保存以确认储存条件。
56697889278,生活日杂,蒸15分钟,0,该用户是在询问蒸制玉米所需的具体时间，表现出对产品使用方法的关注和潜在的购买兴趣。
56697889278,生活日杂,要相机，傻瓜单反,1,该用户想表达的含义是：我想购买一款适合新手使用的单反相机。
56697889278,生活日杂,这个煮出来甜吗,1,该用户想询问这款玉米煮熟后的甜度如何，以判断是否符合自己的口味偏好。
56697889278,生活日杂,玉米是冷冻保存吗？,1,该用户想询问玉米的储存方式是否涉及冷冻保存，以确认产品的保鲜条件和食用便利性。
56697889278,生活日杂,儿童电话手表,1,该用户可能在询问直播间是否有儿童电话手表产品，或对其功能、价格等信息感兴趣。
56697889278,生活日杂,包包,1,该用户想询问或关注直播间正在介绍的包包款式或购买信息。
56697889278,生活日杂,小贝是感冒了么？,0,该用户可能在关心主播的健康状况，暗示主播声音或状态听起来像感冒了，而非直接表达购买兴趣。
56697889278,生活日杂,不用洗,0,该用户想表达的含义是：这款产品可以直接食用，无需额外清洗。
56697889278,生活日杂,还有除螨仪吗,1,该用户想询问直播间是否还有除螨仪这款商品在售。
56697889278,生活日杂,棒棒哒,0,该用户想表达的含义是：对当前直播展示的商品或内容表示赞赏和认可。
56697889278,生活日杂,这个玉米新鲜吗,1,该用户是在询问玉米的品质和保鲜情况，以评估是否值得购买。
56697889278,生活日杂,还有酸角吗,1,该用户是在询问直播间是否还有酸角这款商品在售。
56697889278,生活日杂,这玉米特别好吃,1,该用户想表达的含义是：对这款玉米的口味表示认可并可能产生购买意向。
56697889278,生活日杂,烤盘呢,1,该用户可能在询问直播中提到的烤盘产品的购买链接或具体信息。
56697889278,生活日杂,玉米是甜的，是粘的吗,1,该用户想询问玉米的具体品种和口感特性，以判断是否符合自己的购买需求。
56697889278,生活日杂,加糖了吗？,1,该用户是在询问直播中展示的食品是否添加了糖分。
56697889278,生活日杂,玫瑰精油有吗？,1,该用户是在询问直播间是否有售卖玫瑰精油这款产品。
56697889278,生活日杂,已拍,0,该用户想表达的含义是：我已经下单购买了这款产品。
56697889278,生活日杂,鲜花,1,该用户可能在询问直播间是否有鲜花类商品在售或对其产生兴趣。
56697889278,生活日杂,大米和防晒面罩也可以考虑上一下哦,1,该用户希望主播能增加大米和防晒面罩这两样商品的售卖。
56697889278,生活日杂,这个玉米好吃,1,该用户是在认可玉米的口感并暗示有购买意愿。
56697889278,生活日杂,有防晒口罩吗,1,该用户是在询问直播间是否有防晒口罩这一商品，可能对防晒用品感兴趣并考虑购买。
56697889278,生活日杂,好消化吗,1,该用户是在询问直播中展示的食品是否容易吸收或对肠胃友好。
56697889278,生活日杂,反的券不用领，再买抖音超市的东西的时候就会直接减,0,该用户想表达的含义是：优惠券无需手动领取，在抖音超市下单时会自动抵扣。
56697889278,生活日杂,刚蒸了十来分钟,0,该用户可能在询问直播中展示的食品（如玉米）是否需要蒸制十分钟左右才能食用。
56697889278,生活日杂,香水可以去橱窗看看,0,该用户是在建议其他观众如果想购买香水可以点击直播间的商品橱窗查看详情。
56697889278,生活日杂,已下单，第二次回购］,0,该用户想表达的含义是：自己已经购买了该产品并且是第二次购买，表明对商品的认可和满意。
56697889278,生活日杂,也是煮15分钟的吗,1,该用户是在询问当前展示的商品（可能是玉米或其他食材）是否需要和之前提到的蒸玉米一样煮15分钟。
56697889278,生活日杂,牛奶有吗,1,该用户是在询问直播间是否有牛奶在售。
56697889278,生活日杂,糯玉米，微甜,1,该用户想表达的含义是：询问这款糯玉米的甜度是否适中。
56697889278,生活日杂,微波炉几分钟？,1,该用户想询问微波炉加热玉米所需的具体时间。
56697889278,生活日杂,有西红柿嘛,1,该用户是在询问直播间是否有售卖西红柿这一商品。
56697889278,生活日杂,有好吃的百香果吗？,1,该用户是在询问直播间是否有品质好的百香果商品上架。
56697889278,生活日杂,贝美女好,0,该用户可能在友好互动，表达对主播“贝美女”的喜爱或认可，但并未直接体现购买意向。
56697889278,生活日杂,减脂期可以吃吗,1,该用户是在询问直播中展示的商品是否适合减脂期间食用，表现出对产品健康属性的关注和潜在的购买意向。
56697889278,生活日杂,除螨仪,1,该用户可能在询问直播间是否有除螨仪产品出售或想了解相关产品的信息。
56697889278,生活日杂,保质期12个月,0,该用户可能在询问或确认商品的保质期时长，以评估是否值得购买。
56697889278,生活日杂,小传熙下午好,0,该用户可能是在向主播或直播间其他观众打招呼，表达友好的互动意愿。
56697889278,生活日杂,熙宝好,0,该用户是在友好地向主播“熙宝”打招呼或表达喜爱之情。
56697889278,生活日杂,有好吃的百香果吗,1,该用户是在询问直播间是否有品质优良的百香果商品可供购买。
56697889278,生活日杂,很差劲的水果你们怎么无良直播的,0,该用户对直播中售卖的水果质量感到不满，认为商家存在虚假宣传或欺骗行为。
56697889278,生活日杂,看到宇辉家小伙伴心情就好,0,该用户想表达的含义是：因为看到主播或直播间熟悉的粉丝群体而感到开心愉悦。
56697889278,生活日杂,熙宝下午好,0,该用户是在向主播“熙宝”礼貌问好，表达关注和互动意愿。
56697889278,生活日杂,还有甜酸角吗,1,该用户是在询问直播间是否还有甜酸角这款商品在售。
56697889278,生活日杂,衬衫皱的厉害吗,1,该用户是在询问衬衫面料是否容易起皱，以评估产品的实用性和维护难度。
56697889278,生活日杂,海盐励志 小饼干上吗 有没有,1,该用户是在询问直播间是否会上架海盐味的励志小饼干，并表达了对这款产品的购买兴趣。
56697889278,生活日杂,玉米是熟的吗,1,该用户想询问玉米是否已经经过熟制加工，可以直接食用或简单加热即可。
56697889278,生活日杂,玉米来一点,1,该用户想表达的含义是：我想购买一些玉米。  （结合前文弹幕中关于玉米的讨论，如“糯玉米，微甜”“玉米是熟的吗”等，可推断用户对玉米感兴趣，并有意向下单。）
56697889278,生活日杂,小贝的衬衫可以让我们看下背后吗,1,该用户对主播展示的衬衫款式产生兴趣，希望更全面地查看服装背面细节以便评估是否购买。
56697889278,生活日杂,甜瓜好吃,1,该用户可能是在询问或确认直播中提到的甜瓜口感是否令人满意，暗示对购买该产品有兴趣。
56697889278,生活日杂,可是你咋知道你准确几点睡着的,0,该用户可能是在质疑主播关于睡眠时间或生活习惯的说法，暗示其表述不够科学或可信。
56697889278,生活日杂,卖山西醋,1,该用户可能在询问直播间是否会上架或介绍山西醋这一商品。
56697889278,生活日杂,海参介绍一下,1,该用户对直播中提到的海参产品感兴趣，希望主播详细讲解其特点或功效。
56697889278,生活日杂,这两天小贝仙女也辛苦啦，明天好好休息，小伙伴们太棒啦,0,该用户想表达的含义是：对主播和团队的关心与鼓励，但并未直接表现出购买意向。
56697889278,生活日杂,玉米生的还是熟的,1,该用户想询问直播中售卖的玉米是即食熟玉米还是需要烹饪的生玉米。
56697889278,生活日杂,有好吃的百香果吗？有好吃的百香果吗？有好吃的百香果吗？,1,该用户迫切想确认直播间是否有品质优良的百香果在售，通过重复提问强调对商品的强烈兴趣和购买意向。
56697889278,生活日杂,想要儿童防晒霜,1,该用户表达了对儿童防晒霜产品的明确购买意向。
56697889278,生活日杂,我们天天午休,0,该用户可能是在询问主播团队是否每天都坚持午休习惯，暗示对主播工作状态的关心或对健康作息的共鸣。
56697889278,生活日杂,看下小贝衬衫背的,1,"该用户想表达的含义是：请展示一下衬衫背面的细节。 （结合前文""小贝的衬衫可以让我们看下背后吗""的同类询问，可判断这是对服装细节的购买意向型提问，属于典型的产品信息确认需求。）"
56697889278,生活日杂,怎办，买东西只相信你们了,0,该用户想表达的含义是：我已经对你们的商品产生了高度信任，成为我购物的首选渠道。
56697889278,生活日杂,小贝衬衫的背后,1,该用户想表达的含义是：希望主播展示一下小贝衬衫的背面细节。
56697889278,生活日杂,下周见，小贝,0,该用户是在向主播小贝表达告别并约定下次直播再见的友好互动。
56697889278,生活日杂,下午好,0,该用户是在礼貌性地打招呼，试图融入直播间的互动氛围，但并未直接表达对商品的购买兴趣。
56697889278,生活日杂,男主播的衣服有链接吗,1,该用户对男主播穿着的服装感兴趣，想询问购买渠道。
56697889278,生活日杂,辽参可以看看,1,该用户想表达对辽参产品的兴趣，希望主播展示或详细介绍这款商品。
56697889278,生活日杂,米皮,1,该用户可能在询问直播间是否有售卖米皮这种食品。
56697889278,生活日杂,玉米好吃,1,该用户是在认可玉米的品质，暗示有购买意向。
56697889278,生活日杂,茶叶,1,该用户可能是想询问或了解直播间正在展示或提到的茶叶产品信息。
56697889278,生活日杂,抿抿甜,1,该用户想表达的含义是：这个甜瓜/玉米的味道非常甜。  （结合前文弹幕中多次提及“甜瓜”“玉米好吃”等食品相关内容，且“抿抿甜”是方言或口语化表达，通常用于形容食物甜度高、口感好，因此推断用户是在评价直播中提到的某种甜味食品。）
56697889278,生活日杂,辽参看一下,1,该用户想表达的含义是：希望主播展示或详细介绍辽参产品。
56697889278,生活日杂,养生壶,1,该用户可能对养生壶产品感兴趣，希望主播展示或介绍相关商品信息。
56697889278,生活日杂,男童内裤缺货了,1,该用户想表达的含义是：询问直播间是否有男童内裤的补货计划或替代购买选项。
56697889278,生活日杂,黑眼圈,0,该用户可能是在询问直播间是否有针对黑眼圈问题的护肤产品或相关推荐。
56697889278,生活日杂,下午好传熙,0,该用户是在向主播“传熙”致以下午的问候，可能是新进入直播间的观众或熟悉主播的老粉丝，以礼貌性互动开启对话。
56697889278,生活日杂,下午好,0,该用户可能是在礼貌性地打招呼，同时暗示自己刚进入直播间并开始关注直播内容。
56697889278,生活日杂,养生壶去橱窗看看,0,该用户对直播中提到的养生壶产生了兴趣，想进一步了解产品详情或购买方式。
56697889278,生活日杂,我要净水壶,1,该用户想表达的是对直播中展示的净水壶产品有明确的购买意向。
56697889278,生活日杂,传熙中午好,0,该用户是在向主播传熙打招呼，表达友好互动意愿。
56697889278,生活日杂,水果玉米好吃，上点水果玉米,1,该用户希望主播尽快补货或上架水果玉米，因为之前有人提到玉米好吃，激发了他的购买兴趣。
56697889278,生活日杂,太累了吧,0,该用户可能是在感叹直播时间过长或商品介绍节奏太快，感到有些疲惫或审美疲劳。
56697889278,生活日杂,玉米是熟的吗,1,该用户是想确认直播中展示的玉米是否是即食熟玉米，以便决定是否购买。
56697889278,生活日杂,贝贝刚走,0,该用户想表达的含义是：主播贝贝刚刚离开直播间。
56697889278,生活日杂,有防晒口罩吗,1,该用户可能在询问直播间是否有防晒口罩这款产品上架或展示。
56697889278,生活日杂,南瓜可以穿裙子嘛,0,该用户可能在询问直播中展示的南瓜造型商品是否还有其他款式或装饰选项。
56697889278,生活日杂,减肥咖啡是那一款,1,该用户想询问直播间正在推荐的减肥咖啡具体是哪一款产品。
56697889278,生活日杂,辽参看看可以吗,1,该用户想表达的含义是：我想了解一下辽参这款产品的详细信息。
56697889278,生活日杂,我想回购云南爆浆豆腐呀,1,该用户表达的是对之前购买过的云南爆浆豆腐非常满意，希望再次购买同类产品。
56697889278,生活日杂,咱家东西都好,0,该用户想表达的含义是：对直播间商品的整体质量和品类感到满意，有潜在的购买意愿或好感。
56697889278,生活日杂,还有花卖吗,1,该用户想询问直播间是否还有花卉类商品在售。
56697889278,生活日杂,上点乳液呗,1,该用户希望主播推荐或上架乳液产品。
56697889278,生活日杂,辽参看看,1,该用户想表达的含义是：对直播中展示的辽参产品感兴趣，希望主播详细介绍或展示。
56697889278,生活日杂,青提牛奶还有吗？,1,该用户是在询问直播间是否还有青提牛奶这款商品库存。
56697889278,生活日杂,帅哥传熙下午好,0,该用户是在友好问候主播，表达对直播间的关注和支持，但并未直接表现出购买意向。
56697889278,生活日杂,传熙下午好,0,该用户是在以问候主播的方式表达对直播间的关注和互动意愿。
56697889278,生活日杂,苹果今天有吗,1,该用户是在询问直播间今天是否有苹果（水果）上架或售卖。
56697889278,生活日杂,给力给力真不错,0,该用户可能是在称赞直播间的产品或主播的表现，表达对当前内容的满意和认可。
56697889278,生活日杂,这款贝贝瓜好吃，吃过的最好吃的,1,该用户想表达的含义是：对这款贝贝瓜的口味非常满意，认为它是自己尝过的最佳选择，并隐含推荐或希望再次购买的意愿。
56697889278,生活日杂,大家点赞点赞点赞点赞点赞,0,该用户想表达的含义是：呼吁观众积极互动以提升直播间热度。
56697889278,生活日杂,辽参是即食的吗,1,该用户想询问直播中展示的辽参产品是否为开袋即食的便捷款式。
56697889278,生活日杂,传熙优秀,0,该用户是在称赞主播“传熙”的表现出色或对其服务表示认可。
56697889278,生活日杂,玫瑰花瓣面膜还有吗？,1,该用户是在询问直播间是否还有玫瑰花瓣面膜的库存，表达出明确的购买意向和需求。
56697889278,生活日杂,防晒口罩有吗,1,该用户是在询问直播间是否有防晒口罩这款产品在售。
56697889278,生活日杂,哈尔滨蜜薯今天有没有啊,1,该用户是在询问直播间今天是否会上架哈尔滨蜜薯这款商品。
56697889278,生活日杂,烤肠什么时候上呢,1,该用户想询问直播中是否会上架烤肠产品并希望尽快购买。
56697889278,生活日杂,想要百香果，想要百香果，想要百香果,1,该用户强烈表达了对直播间上架百香果的迫切需求和购买意愿。
56697889278,生活日杂,下午好,0,该用户是在向主播传熙礼貌问候，可能是老观众或粉丝的日常互动行为，并未直接表达购买意向。
56697889278,生活日杂,五斤大概几个，小宝宝可以吃吗？,1,该用户想询问五斤装产品的具体数量以及是否适合婴幼儿食用。
56697889278,生活日杂,机票还有吗,1,该用户可能在询问直播间是否还有机票类商品在售或相关优惠活动。
56697889278,生活日杂,黑豆过了吗,1,该用户是在询问直播中是否已经介绍或售卖过黑豆这款商品。
56697889278,生活日杂,哪里产的,1,该用户想询问直播中提到的某款产品的原产地信息。
56697889278,生活日杂,揉面硅胶垫有吗,1,该用户是在询问直播间是否有售卖揉面用的硅胶垫，表现出对这类烘焙工具的具体购买意向。
56697889278,生活日杂,米皮，我拆开，放盘子里，在微波炉加热一下更好吃,1,该用户是在分享一种提升米皮口感的食用方法，暗示对产品感兴趣并可能已购买体验过。
56697889278,生活日杂,5斤多少个,1,该用户想询问商品（可能是水果或小型农产品）5斤装的大概数量，以便评估是否适合购买。
56697889278,生活日杂,听听讲解，黑豆,1,该用户想表达的含义是：希望主播详细介绍一下黑豆的产品信息或询问是否还有机会购买黑豆。  （结合前文“黑豆过了吗”的询问背景，用户可能担心错过商品讲解或库存，用简洁口语强调对黑豆的关注需求。）
56697889278,生活日杂,硅胶,1,该用户可能在询问直播间是否有硅胶材质的产品（如硅胶厨具、硅胶生活用品等）在售或即将上架。
56697889278,生活日杂,燕麦片橱窗里面有阴山燕麦片,1,该用户是在询问直播橱窗里是否有阴山品牌的燕麦片可供购买。
56697889278,生活日杂,有西洋参嘛,1,该用户是在询问直播间是否有西洋参这款产品在售。
56697889278,生活日杂,哈蜜冰薯今天有没有啊,1,该用户是在询问直播间今天是否有售卖哈密冰薯这款商品。
56697889278,生活日杂,酸枣膏还有吗,1,该用户是在询问酸枣膏的库存情况，表达出明确的购买意向和需求。
56697889278,生活日杂,与辉同行云南行买的鲜花饼到了，超好吃,1,该用户想表达的含义是：对之前在该直播间购买的云南鲜花饼感到满意并给予好评。
56697889278,生活日杂,5斤大约几个,1,该用户想询问5斤装的产品大约包含多少个独立个体（如水果、食品等）。
56697889278,生活日杂,贝贝南瓜面又甜非常好吃！,1,该用户想表达的含义是：对贝贝南瓜面的口感和品质表示高度认可，暗示有购买或推荐意向。  （分析依据：结合前文弹幕中频繁出现的食品类互动和具体产品询问，用户在此语境下更可能是通过夸赞产品来传递消费意愿，而非单纯评价。）
56697889278,生活日杂,与辉同行，一路长虹,0,该用户可能在表达对主播或直播品牌的支持与祝福，希望其发展顺利、持续红火。
56697889278,生活日杂,燕麦片橱窗里面阴山燕麦,0,该用户想表达的含义是：询问橱窗里是否有阴山产的燕麦片可供购买。
56697889278,生活日杂,今天没有番茄吗,1,该用户想询问直播中是否会上架或展示番茄产品。
56697889278,生活日杂,5斤有几个？,1,该用户想询问商品（可能是水果或小型农产品）5斤装的具体数量，以便评估是否符合自己的购买需求。
56697889278,生活日杂,非常好吃！面又甜,1,该用户是在称赞直播中提到的某种面食（可能是贝贝南瓜面）口感香甜美味，表达了对产品的满意和喜爱。
56697889278,生活日杂,有牛奶吗,1,该用户是在询问直播间是否有牛奶在售或相关产品介绍。
56697889278,生活日杂,要牛奶,1,该用户是在询问直播间是否有牛奶售卖并表达购买意向。
56697889278,生活日杂,紫薯有吗,1,该用户是在询问直播间是否有售卖紫薯产品。
56697889278,生活日杂,西洋参含片有吗,1,该用户是在询问直播间是否有售卖西洋参含片这款产品。
56697889278,生活日杂,今天没有番茄吗？橱窗也没有,1,该用户想表达的含义是：询问直播间今天是否没有售卖番茄，并注意到商品橱窗里也没有番茄上架。
56697889278,生活日杂,百香果有吗？百香果有吗？百香果有吗？,1,该用户急切询问直播间是否有百香果在售，表现出明确的购买意向和重复强调的需求。
56697889278,生活日杂,紫薯,1,该用户是在询问直播间是否有紫薯产品售卖。
56697889278,生活日杂,南瓜产地哪里,1,该用户想询问南瓜的具体生产地信息，可能出于对产品品质或地域特色的关注。
56697889278,生活日杂,没有了，加单,1,该用户想表达的含义是：商品已经售罄，希望主播能追加库存或补货。
56697889278,生活日杂,多少钱,1,该用户是在询问当前直播展示或讨论的某款商品的具体价格。
56697889278,生活日杂,南瓜黑龙江不支持发货的吗,0,该用户是在询问南瓜是否因地域限制无法发往黑龙江，隐含潜在的购买意向或确认发货信息的需求。
56697889278,生活日杂,黑豆,1,该用户可能在询问直播间是否有黑豆售卖或想了解黑豆的相关信息。
56697889278,生活日杂,粉？,1,该用户可能在询问直播商品中是否有粉色相关产品或粉色款可选。
56697889278,生活日杂,有百香果吗？,1,该用户是在询问直播间是否售卖百香果这款商品。
56697889278,生活日杂,牛奶,1,该用户是在询问或确认直播间是否有牛奶售卖。
56697889278,生活日杂,黑豆什么时候讲,1,该用户是在询问主播何时会介绍或讲解关于黑豆的产品信息。
56697889278,生活日杂,牛奶几号链接,1,该用户想询问牛奶对应的商品购买链接编号以便直接下单。
56697889278,生活日杂,玉米想下,1,该用户想表达的是“我想购买玉米，请问怎么下单”。  （结合前文弹幕中频繁出现的直接购买意向表达，如“要牛奶”“紫薯有吗”等，可推断“玉米想下”是用户用简略语言询问玉米的购买方式或表达购买意愿。）
56697889278,生活日杂,有杯套吗,1,该用户是在询问直播商品是否附带配套的杯套配件。
56697889278,生活日杂,鲜花还返场吗,1,该用户是在询问之前出现过的鲜花商品是否会再次上架销售。
56697889278,生活日杂,黑豆什么的讲,1,该用户是在催促主播讲解关于黑豆的产品信息或询问何时会介绍黑豆。
56697889278,生活日杂,酸枣膏还上吗,1,该用户是在询问酸枣膏这款商品是否会再次补货或返场销售。
56697889278,生活日杂,黑豆能不能泡豆芽？,1,该用户是在询问直播中提到的黑豆是否适合用来发豆芽，以此判断是否值得购买。
56697889278,生活日杂,银手镯,1,该用户可能在询问直播间是否有银手镯商品或对其相关信息感兴趣。
56697889278,生活日杂,有雪鱼吗？宝宝辅食用,1,该用户是在询问直播间是否有适合婴幼儿辅食的鳕鱼产品。
56697889278,生活日杂,南瓜产地哪里,1,该用户想询问直播中所售南瓜的具体生产地信息，以评估产品品质或确认是否在可配送范围内。
56697889278,生活日杂,传熙 传熙,0,该用户可能在催促主播讲解或展示名为“传熙”的商品。
56697889278,生活日杂,上指甲刀,1,该用户希望主播展示或介绍指甲刀这款商品。
56697889278,生活日杂,黑豆讲了吗,1,该用户是在询问主播是否已经介绍或讲解过黑豆这款商品的相关信息。
56697889278,生活日杂,指甲刀,1,该用户是在询问或催促主播介绍或上架指甲刀产品。
56697889278,生活日杂,百乐果在橱窗,0,该用户想表达的含义是：询问百乐果这款商品是否已上架在直播间的购物橱窗中。
56697889278,生活日杂,粉 糯,0,该用户可能是想询问直播中提到的某款粉糯口感的产品（如玉米、南瓜等）的详情或购买链接。
56697889278,生活日杂,小米南瓜粥，南瓜小米粥,1,该用户可能在询问或表达对小米南瓜粥这款产品的兴趣，比如想知道是否有售、何时讲解或具体介绍。
56697889278,生活日杂,上次买的梨不能退？,0,该用户可能是在询问之前购买的梨因质量问题或不符合预期是否可以申请退货退款。
56697889278,生活日杂,小传熙下午好,0,该用户是在向主播“小传熙”打招呼，表达友好互动意愿，但并未直接体现购买意向。
56697889278,生活日杂,黑豆能不能泡豆芽？,1,该用户是在询问黑豆是否适合用来发豆芽，可能是对黑豆的用途或食用方法感兴趣。
56697889278,生活日杂,全都是损伤的,0,该用户可能是在抱怨直播中展示的商品普遍存在瑕疵或质量问题。
56697889278,生活日杂,防晒口罩有吗,1,该用户是在询问直播间是否有防晒口罩这一商品在售或即将推荐。
56697889278,生活日杂,甜不？,1,该用户可能在询问直播中展示的食品（如酸枣膏、百乐果等）是否具有甜味特征。
56697889278,生活日杂,黑豆讲了不,1,该用户想询问主播是否已经介绍过黑豆产品的相关信息。
56697889278,生活日杂,看下海参,1,该用户想表达的含义是：希望主播展示或介绍海参产品。
56697889278,生活日杂,下午好,0,该用户可能是在与其他观众或主播进行日常问候互动，表达一种友好随意的参与感。
56697889278,生活日杂,很干的的？,1,该用户可能是在询问商品（如南瓜或黑豆）的质地是否过于干燥或不新鲜。
56697889278,生活日杂,黑豆是生的还是熟的,1,该用户是在询问直播中介绍的黑豆产品是否为已经加工熟的成品。
56697889278,生活日杂,这个甜吗？,1,该用户是在询问直播中展示的商品（可能是水果或甜食）的甜度如何，以判断是否符合自己的口味偏好或购买需求。
56697889278,生活日杂,机票没有了吗,1,该用户可能在询问直播间此前提到的某款商品（如旅行相关产品或促销活动中的机票）是否已经售罄或无法购买。
56697889278,生活日杂,有防晒口罩吗,1,该用户是在询问直播间是否有防晒口罩这一商品在售或即将推荐。
56697889278,生活日杂,上个炒锅呗！,1,该用户希望主播推荐或展示一款炒锅产品。
56697889278,生活日杂,酸枣膏还上吗,1,该用户是在询问之前出现过的酸枣膏商品是否会再次上架销售。
56697889278,生活日杂,有羽绒服清洗液吗,1,该用户是在询问直播间是否有售卖专门用于清洗羽绒服的洗涤产品。
56697889278,生活日杂,防晒防晒防晒防晒防晒防晒,1,该用户想表达的含义是：强烈询问或催促主播介绍防晒相关产品。
56697889278,生活日杂,能放多久,1,该用户可能是在询问商品的保质期或保存时间。
56697889278,生活日杂,海参,1,该用户想表达的含义是：询问主播是否正在或将要介绍海参产品。
56697889278,生活日杂,还有鲜花吗？,1,该用户可能在询问直播间是否还有鲜花商品在售或准备上架。
56697889278,生活日杂,黑豆，黑豆，黑豆,1,该用户可能是在催促主播尽快介绍或展示黑豆产品，表达对黑豆的强烈兴趣和购买意向。
56697889278,生活日杂,没啦,1,该用户想表达的含义是：商品已经卖完了吗？
56697889278,生活日杂,南瓜没有啦,1,该用户想表达的含义是：询问直播中提到的南瓜商品是否已经售罄。
56697889278,生活日杂,上个铁锅吧！,1,该用户是在催促主播尽快展示或上架一款铁锅产品。
56697889278,生活日杂,百乐果在橱窗里,0,该用户可能在询问或提醒主播将百乐果这款商品添加到直播间的购物橱窗中。
56697889278,生活日杂,鲜花饼有吗,1,该用户是在询问直播间是否有售卖鲜花饼这款产品。
56697889278,生活日杂,身上的衣服有链接吗,1,该用户想询问主播身上所穿服装的购买渠道，表现出对这件商品的兴趣和潜在的购买意向。
56697889278,生活日杂,是板栗口感的不，面面的,1,该用户是在询问产品是否具有绵密粉糯的板栗般口感。
56697889278,生活日杂,黑豆讲了,0,该用户想表达的含义是：询问主播是否正在介绍或讲解关于黑豆的产品信息。
56697889278,生活日杂,保温杯质量保证吗,1,该用户可能是在询问保温杯的耐用性和产品可靠性，以确认是否值得购买。
56697889278,生活日杂,南瓜。甜、软糯不,1,该用户是在询问直播中提到的南瓜是否具有甜味和软糯的口感。
56697889278,生活日杂,上个铁锅呗！,1,该用户希望主播尽快展示或上架一款铁锅产品以供购买。
56697889278,生活日杂,百香果在橱窗,0,该用户想表达的含义是：询问百香果是否已经上架在商品橱窗中可供购买。
56697889278,生活日杂,海参，能回复吗,1,该用户可能在询问海参产品的相关信息或库存情况，希望主播能给予回应。
56697889278,生活日杂,黑豆，黑豆讲讲,1,该用户是在催促主播详细讲解关于黑豆的产品信息。
56697889278,生活日杂,有没有蒸锅,1,该用户是在询问直播间是否售卖蒸锅产品。
56697889278,生活日杂,指甲刀看看,1,该用户想表达的含义是：希望主播展示或介绍指甲刀产品。
56697889278,生活日杂,要胡椒粉,1,该用户想表达的含义是：希望主播介绍或上架胡椒粉这款商品。
56697889278,生活日杂,身上的衣服有吗,1,该用户是在询问主播身上穿的同款衣服是否有购买链接或是否在售。
56697889278,生活日杂,南瓜不能买呢,1,该用户是在遗憾地表示南瓜已经售罄或无法购买。
56697889278,生活日杂,百果园,0,该用户可能是在询问或提醒主播介绍“百果园”相关产品，或是确认该商品是否在售/上架。
56697889278,生活日杂,保温杯讲一下呗,1,该用户想表达的含义是：希望主播详细介绍保温杯的产品信息或功能特点。
56697889278,生活日杂,黑豆,1,该用户是在催促主播详细讲解或上架黑豆产品。
56697889278,生活日杂,防晒口罩,1,该用户可能是想询问直播间是否有防晒口罩在售或希望主播介绍相关产品。
56697889278,生活日杂,有西洋参嘛,1,该用户是在询问直播间是否有西洋参这款产品在售。
56697889278,生活日杂,有贝果吗,1,该用户是在询问直播间是否有售卖贝果产品。
56697889278,生活日杂,米线,1,该用户可能是想询问直播间是否有售卖米线或请主播介绍米线的相关信息。
56697889278,生活日杂,米皮,1,该用户可能在询问直播间是否有售卖米皮或要求主播介绍米皮的相关信息。
56697889278,生活日杂,芒果有没有,1,该用户是在询问直播间是否有芒果在售或介绍。
56697889278,生活日杂,熟普洱,1,该用户想询问直播中是否有熟普洱茶叶或相关产品，并希望主播详细介绍。
56697889278,生活日杂,指甲油,1,该用户想询问直播间是否有指甲油商品或希望主播介绍指甲油的相关信息。
56697889278,生活日杂,黑豆，黑豆,1,该用户是在催促主播详细讲解或上架黑豆产品。
56697889278,生活日杂,昨天的衣服有么有,1,该用户是在询问主播昨天展示过的某款衣服是否还有库存或仍在售卖。
56697889278,生活日杂,没有肥肠？,1,该用户是在询问直播间是否售卖肥肠产品。
56697889278,生活日杂,黑龙江不能买南瓜吗,0,该用户可能是看到有人提到“南瓜不能买”后，担心自己所在的黑龙江地区也受限制，想确认是否支持购买南瓜。
56697889278,生活日杂,移动书架,1,该用户可能是在询问直播间是否有移动书架这款商品在售。
56697889278,生活日杂,贝果,1,该用户是在询问直播间是否有售卖贝果产品。
56697889278,生活日杂,人参果？,1,该用户可能在询问直播间是否有售卖人参果这一商品。
56697889278,生活日杂,书架有吗,1,该用户是在询问直播间是否有书架商品在售。
56697889278,生活日杂,上指甲刀看看,1,该用户希望主播展示或介绍指甲刀这款商品。
56697889278,生活日杂,讲黑豆不,1,该用户想询问主播是否会讲解或介绍黑豆的相关信息或产品。
56697889278,生活日杂,白水瑞雪绿苹果还有吗,1,该用户是在询问直播间是否还有“白水瑞雪绿苹果”这款商品库存。
56697889278,生活日杂,指甲剪,1,该用户可能是想询问直播间是否有指甲剪商品或希望主播展示指甲剪的相关产品信息。
56697889278,生活日杂,你吃过吗,0,该用户可能是在询问主播是否亲自尝试过当前介绍或展示的商品，以此判断产品的可信度或实际体验。
56697889278,生活日杂,黑豆讲讲,1,该用户是在催促主播详细介绍或展示黑豆这款产品。
56697889278,生活日杂,浴刷没有了吗,1,该用户是在询问直播间是否已经售罄或下架了浴刷这款商品。
56697889278,生活日杂,甜不甜,1,该用户是在询问直播中展示的水果（可能是苹果或其他甜味水果）的口感是否足够甜。
56697889278,生活日杂,玉米是冰冻的还是现摘的,1,该用户是在询问玉米的新鲜程度和储存方式，以评估其品质是否值得购买。
56697889278,生活日杂,蓝胖子奶粉什么时候上,1,该用户是在询问直播中即将销售的蓝胖子奶粉的具体上架时间，表现出明确的购买意向和期待。
56697889278,生活日杂,上下铁锅吧！,1,该用户是在催促主播尽快展示或上架铁锅产品。
56697889278,生活日杂,蒸几分钟？,1,该用户可能在询问直播中展示的食品（如黑豆、玉米等）需要蒸煮的具体时间。
56697889278,生活日杂,传熙同款毛衣,1,该用户想表达的含义是：询问主播是否有售卖与传熙同款的毛衣。
56697889278,生活日杂,南瓜,1,该用户可能在询问直播间是否有南瓜售卖，或是关心南瓜的相关信息（如产地、品质等）。
56697889278,生活日杂,发膜,1,该用户可能是在询问直播间是否有发膜产品，或是希望主播介绍或展示发膜的相关信息。
56697889278,生活日杂,看着不错的,1,该用户对当前展示的商品产生了兴趣，认为商品看起来品质良好或有吸引力。
56697889278,生活日杂,发膜讲了吗？,1,该用户是在询问主播是否已经介绍过发膜产品的相关信息。
56697889278,生活日杂,这几天还上耙耙柑么,1,该用户是在询问近期是否会再次售卖耙耙柑这款产品。
56697889278,生活日杂,生蚝在80号链接,0,该用户是在询问或确认生蚝对应的购买链接位置，以便直接下单。
56697889278,生活日杂,米皮,1,该用户可能在询问直播间是否有售卖或介绍“米皮”这一商品。
56697889278,生活日杂,胡椒粉,1,该用户可能在询问直播间是否有胡椒粉商品或希望主播介绍胡椒粉的相关信息。
56697889278,生活日杂,蒸多长时间,1,该用户是在询问直播中展示的某款蒸制食品或食材需要烹饪的具体时长。
56697889278,生活日杂,糖尿病人能吃贝贝南瓜吗？,1,该用户是在询问贝贝南瓜是否适合特定人群食用，以评估自己是否适合购买。
56697889278,生活日杂,浴刷呢,1,该用户是在询问浴刷这款产品是否还会在直播中展示或售卖。
56697889278,生活日杂,春娟养颜霜上吗,1,该用户是在询问主播是否会推出或介绍春娟养颜霜这款产品。
56697889278,生活日杂,海参海参,1,该用户可能是想询问或催促主播介绍或上架海参产品。
56697889278,生活日杂,海参,1,该用户可能在询问或催促主播介绍海参产品的相关信息或上架时间。
56697889278,生活日杂,上下铁锅,1,该用户是在催促主播尽快展示或讲解铁锅产品。
56697889278,生活日杂,黄瓜,1,该用户可能在询问直播间是否会上架黄瓜或询问黄瓜的相关信息。
56697889278,生活日杂,有跑鞋吗,1,该用户想询问直播间是否正在售卖或即将介绍跑鞋产品。
56697889278,生活日杂,玉米是冰冷的吗,1,该用户可能是担心玉米的储存或配送条件是否会影响其新鲜度，询问玉米是否经过冷藏处理。
56697889278,生活日杂,苹果有样品吗，看一下小果和中果,1,该用户想询问直播中展示的苹果是否有实物样品可供参考，并希望了解小果和中果的具体大小或外观差异。
56697889278,生活日杂,滴露洗手液,1,该用户可能在询问直播间是否售卖滴露洗手液或想了解该产品的相关信息。
56697889278,生活日杂,蚕豆,1,该用户可能在询问直播间是否售卖或介绍蚕豆产品。
56697889278,生活日杂,保温杯有吗,1,该用户是在询问直播间是否有售卖保温杯这一商品。
56697889278,生活日杂,上下铁锅上下铁锅,1,该用户是在催促主播尽快上架或展示铁锅产品。
56697889278,生活日杂,与你同行一起吃南瓜,0,该用户可能在询问贝贝南瓜是否可以和其他食物搭配食用，或者表达对直播中提到的南瓜产品的兴趣和购买意向。
56697889278,生活日杂,海参海参看看,1,该用户急切希望主播展示或介绍海参产品。
56697889278,生活日杂,讲洗发水吗,1,该用户是在询问直播是否即将介绍或推荐洗发水产品。
56697889278,生活日杂,北面的衣服啥时候上场,1,该用户想询问北面品牌服装的展示时间，表现出对该产品的关注和购买意向。
56697889278,生活日杂,玉米是不是冰冻的,1,该用户想询问直播中售卖的玉米是否为冷冻保存的。
56697889278,生活日杂,可以生吃吗,1,该用户可能是在询问直播中展示的某样食品（如玉米、南瓜等）是否可以直接食用而不需烹饪。
56697889278,生活日杂,能生吃吗,1,该用户是在询问直播中展示的某种农产品（如玉米或黄瓜）是否可以不经烹饪直接食用。
56697889278,生活日杂,水果辣椒吗,1,该用户可能在询问直播中提到的辣椒是否可以像水果一样直接生吃。
56697889278,生活日杂,5号茉莉花茶无限回购，做茉莉奶茶无敌,1,该用户想表达的含义是：对5号茉莉花茶的高度认可，认为其非常适合制作茉莉奶茶且会持续购买。
56697889278,生活日杂,做一个蔬菜水果沙拉,0,该用户可能在询问直播中是否有适合制作沙拉的蔬菜水果组合或相关产品推荐。
56697889278,生活日杂,现在真方便啊,0,该用户可能是在感叹直播中展示的商品种类丰富、购买流程便捷，无需出门就能一站式购齐各类生鲜和日用品。
56697889278,生活日杂,蘸酱吃,0,该用户可能是询问直播中展示的某款食品（如蔬菜或水果）是否可以蘸酱食用，以确认其具体吃法或风味搭配。
56697889278,生活日杂,云南行结束了吗,0,该用户可能在询问直播中介绍的云南特产或相关行程环节是否已经结束。
56697889278,生活日杂,啥时候有鲜花饼,1,该用户是在询问直播间是否会上架或介绍鲜花饼这款产品。
56697889278,生活日杂,看看拖把,1,该用户想表达的含义是：对拖把产品感兴趣，希望主播展示或介绍。
56697889278,生活日杂,不用拌 直接吃,0,该用户想表达的是对当前展示的食品（可能是水果或蔬菜）无需加工即可直接食用的确认或兴趣。
56697889278,生活日杂,昨天下午下水田犁地，牛跑了，宇辉傻眼了很好玩,0,该用户是在用幽默的方式回忆直播中某个搞笑的意外片段，以此表达对主播或直播内容的喜爱和互动氛围的享受。
56697889278,生活日杂,四只猫咖啡,1,该用户可能是想询问或推荐直播间是否有售卖“四只猫咖啡”这一产品。
56697889278,生活日杂,传熙下午好,0,该用户可能是想通过问候主播来互动，表达对直播的关注和友好态度。
56697889278,生活日杂,胡萝卜是新鲜的吗,1,该用户可能是在询问直播中展示的胡萝卜是否为现摘或未经长期储存的新鲜产品，以此判断是否值得购买。
56697889278,生活日杂,拖把拖把拖把,1,该用户是在催促主播展示或介绍拖把产品。
56697889278,生活日杂,这个辣椒不辣吧,1,该用户可能是在询问辣椒的辣度是否适合不能吃辣的人或想要确认其口味特点。
56697889278,生活日杂,喷油壶,1,该用户可能在询问或提醒主播展示或介绍喷油壶这一商品。
56697889278,生活日杂,彩椒是什么味,1,该用户可能是在询问彩椒的口感特点，以判断是否符合自己的食用偏好或购买需求。
56697889278,生活日杂,现挖的吗,1,该用户可能在询问直播中展示的农产品是否是新鲜现挖的，以确认其品质和新鲜程度。
56697889278,生活日杂,甜的吗,1,该用户是在询问直播中展示的产品（可能是水果或甜味食品）是否具有甜味。
56697889278,生活日杂,空调有吗,1,该用户可能在询问直播间是否有空调产品在售或展示。
56697889278,生活日杂,发膜啥烫发可以用吗？,1,该用户想询问这款发膜是否适用于烫发后的头发护理需求。
56697889278,生活日杂,炒锅有吗,1,该用户可能在询问直播间是否有炒锅在售，表现出对厨房用品的潜在购买兴趣。
56697889278,生活日杂,彩椒不辣吧,1,该用户是在询问彩椒的口味是否温和，以确认其是否符合自己的饮食偏好或烹饪需求。
56697889278,生活日杂,藜麦鸡排,1,该用户可能是询问直播间是否有售卖藜麦鸡排这款产品，或对其配料、口味等细节产生兴趣。
56697889278,生活日杂,董宇辉呢,0,该用户可能在询问主播董宇辉的去向或期待他出现在直播中。
56697889278,生活日杂,请问之前一款腰带护腰的还有货吗,1,该用户是在询问直播间此前推荐过的一款兼具腰带和护腰功能的产品是否仍有库存可供购买。
56697889278,生活日杂,按摩梳子有没有,1,该用户是在询问直播间是否有按摩梳子这款产品在售。
56697889278,生活日杂,凤梨好吃,1,该用户可能是在询问或确认直播中展示的凤梨的口感和品质如何。
56697889278,生活日杂,有花露水么,1,该用户是在询问直播间是否有售卖花露水这一商品。
56697889278,生活日杂,黑豆讲不讲,1,该用户是在询问主播是否会详细介绍或讲解关于“黑豆”的产品信息。
56697889278,生活日杂,下午好呀传熙,0,该用户是在向主播传熙礼貌问候，表达观看直播的友好互动意愿。
56697889278,生活日杂,指甲刀看看,1,该用户想表达的含义是：想了解一下当前展示或即将介绍的指甲刀产品。
56697889278,生活日杂,想吃凉皮,1,该用户可能是在询问直播间是否有凉皮售卖，或者对展示的凉皮产品产生了兴趣。
56697889278,生活日杂,什么时候再上护肤品专场呢,1,该用户希望了解护肤品专场的下次直播时间，表现出对这类商品的持续关注和购买意向。
56697889278,生活日杂,加黄瓜丝,1,该用户可能是在询问主播是否可以在当前展示的商品（如凉皮或其他食物）中添加黄瓜丝作为配料。
56697889278,生活日杂,羊角蜜，不见了,1,该用户可能在询问之前展示过的羊角蜜产品为何没有继续出现在直播中，或是表达对这款商品的关注和购买意向。
56697889278,生活日杂,这一碗米皮看着就有点诱人,1,该用户被直播中的米皮吸引，产生了品尝或购买的欲望。
56697889278,生活日杂,藕粉还有不,1,该用户是在询问直播间是否还有藕粉这款商品在售。
56697889278,生活日杂,中午刚吃完,0,该用户可能在暗示对直播中展示的食品类商品感兴趣，或者想参与关于美食的讨论。
56697889278,生活日杂,料是里面有的吗,1,该用户是在询问商品内是否包含所提及的配料或组件。
56697889278,生活日杂,内蒙不发货！,0,该用户可能是在询问或抱怨商品是否支持发往内蒙古地区。
56697889278,生活日杂,羊角蜜的链接，还有吗,1,该用户是在询问直播间是否还有羊角蜜这款商品的购买链接。
56697889278,生活日杂,啥时候上锅,1,该用户是在询问直播中提到的锅具产品何时会上架销售。
56697889278,生活日杂,红米,1,该用户可能在询问直播中是否有红米相关产品在售或介绍。
56697889278,生活日杂,指压板还有吗,1,该用户是在询问指压板商品的库存情况，表达了对该产品的购买意向。
56697889278,生活日杂,很辣吗,1,该用户可能在询问直播中展示的某款食品（如凉皮或米皮）的辣度如何，表现出对产品口味的关注和潜在的购买兴趣。
56697889278,生活日杂,辣吗,1,该用户是在询问直播中展示的食品（可能是米皮或其他辣味食物）的辣度程度。
56697889278,生活日杂,保质期多久,1,该用户想询问商品的有效期或可存放时间。
56697889278,生活日杂,米皮很好吃，买了很多次了,1,该用户是在表达对产品的认可和复购意愿，暗示自己已经是该米皮的忠实顾客。
56697889278,生活日杂,没有面筋,1,该用户可能在表达对当前直播商品的失望或不满，认为产品缺少关键配料（面筋）。
56697889278,生活日杂,需要加热吗,1,该用户可能在询问直播中展示的食品是否需要加热后食用。
56697889278,生活日杂,少了面筋,1,该用户想表达的含义是：产品中缺少了面筋这一配料。
56697889278,生活日杂,减肥可以吃吗,1,该用户是在询问直播中展示的食品是否适合减肥期间食用。
56697889278,生活日杂,下午好开心每一天,0,该用户可能是想表达对直播内容的喜爱和轻松愉悦的心情，暗示自己享受观看直播的过程。
56697889278,生活日杂,可以试吃吗,1,该用户想询问直播中展示的商品是否提供品尝体验以确认是否符合自己的口味偏好。
56697889278,生活日杂,保质期多久,1,该用户可能是在询问产品的保质期，以评估是否适合购买或储存。
56697889278,生活日杂,为你高兴，东北可以发货了,0,该用户可能因之前看到有人抱怨“内蒙不发货”，而得知东北地区可以发货后感到欣慰，表达了对主播或商家的支持与认可。
56697889278,生活日杂,看着不错,1,该用户可能对当前展示的商品产生了初步好感，认为产品外观或介绍符合自己的审美或需求。
56697889278,生活日杂,河粉有没有,1,该用户是在询问直播间是否有售卖河粉这款产品。
56697889278,生活日杂,玩了,0,该用户想表达的含义是：商品已经下单购买了。
56697889278,生活日杂,汉中米皮没有面筋,0,该用户想表达的含义是：汉中米皮这款产品里缺少了面筋配料。
56697889278,生活日杂,什么时候发货？,0,该用户想询问商品的发货时间以确认收货安排。
56697889278,生活日杂,没有了,1,该用户想表达的含义是：商品已经卖完了或库存没有了。
56697889278,生活日杂,有不辣的吗,1,该用户是在询问当前直播展示的商品是否有不辣的款式或口味可供选择。
56697889278,生活日杂,没啦,1,该用户想表达的含义是：商品已经售罄了。
56697889278,生活日杂,冷冻保存吗？,1,该用户是在询问产品是否需要冷冻储存以保持新鲜。
56697889278,生活日杂,没了,1,该用户想表达的含义是：商品已经售罄了。
56697889278,生活日杂,保质期多久,1,该用户是在询问商品的保存期限以评估是否适合购买或囤货。
56697889278,生活日杂,好便宜,1,该用户认为商品价格实惠，产生了购买意向。
56697889278,生活日杂,没有了啊,1,该用户想表达的含义是：商品已经售罄或库存不足了。
56697889278,生活日杂,水果东北可以发货了,0,该用户想表达的含义是：确认商品是否支持配送至东北地区。
56697889278,生活日杂,里面没有面筋,0,该用户想表达的含义是：产品内容物中缺少了面筋这一成分。
56697889278,生活日杂,没买到呀,1,该用户想表达的是因商品售罄而感到遗憾和失望。
56697889278,生活日杂,这是啥皮,1,该用户想询问直播中展示的产品具体是由什么材质或原料制成的。
56697889278,生活日杂,直接开水烫一下吗,1,该用户可能在询问产品的具体食用方法或处理步骤，表现出对产品使用细节的关注和潜在购买意向。
56697889278,生活日杂,有擀面皮那种酸酸的发酵的味道吗,1,该用户是在询问产品是否具有传统擀面皮特有的酸味发酵风味。
56697889278,生活日杂,要全部的油辣椒,0,该用户想表达的是有意购买直播间展示的所有口味的油辣椒产品。
56697889278,生活日杂,内蒙古为什么不发货,0,该用户想询问内蒙古地区是否在商家的配送范围内，或者为何无法选择该地区作为收货地址。
56697889278,生活日杂,防晒衣,1,该用户可能在询问直播间是否有防晒衣这款产品在售。
56697889278,生活日杂,洞洞鞋啥时候有啊,1,该用户是在询问洞洞鞋的上架时间，表现出对商品的购买兴趣和期待。
56697889278,生活日杂,不用加热的,0,该用户想表达的含义是：询问产品是否可以即食或无需加热即可食用。
56697889278,生活日杂,达人立减是啥,0,该用户想询问直播间的优惠活动“达人立减”具体指什么优惠规则或参与方式。
56697889278,生活日杂,配料表？,1,该用户想询问产品的具体成分或原料信息。
56697889278,生活日杂,米皮到了，好吃好吃好吃好吃好吃好吃,1,该用户想表达的含义是：对收到的米皮产品非常满意，反复夸赞其美味可口。
56697889278,生活日杂,豆芽黄瓜丝,0,该用户可能在询问或确认直播中提到的菜品配料是否包含豆芽和黄瓜丝。
56697889278,生活日杂,需要加热么,1,该用户想询问产品是否需要加热后食用。
56697889278,生活日杂,看着真香,1,该用户被直播中的商品展示所吸引，产生了强烈的购买欲望。
56697889278,生活日杂,主播下午好,0,该用户可能是刚进入直播间，礼貌性打招呼的同时在观察直播内容以决定是否参与互动或购买。
56697889278,生活日杂,里面没有菜吗,1,该用户可能在询问直播展示的商品包装内是否不包含蔬菜配料。
56697889278,生活日杂,水果黄瓜一加,0,该用户想表达的含义是：询问水果黄瓜是否可以加购或是否有库存。
56697889278,生活日杂,辣吗？,1,该用户想询问产品（可能是食品）的辣度程度以判断是否符合自己的口味偏好。
56697889278,生活日杂,做为陕西汉中人，路过看到了，必须要支持一单,1,该用户想表达的含义是：作为同乡人，出于地域认同感决定下单支持。
56697889278,生活日杂,怎么吃,1,该用户想询问产品的具体食用方法或烹饪步骤。
56697889278,生活日杂,有调料吗？,1,该用户想询问直播中展示的商品是否包含配套的调味料包。
56697889278,生活日杂,这是我们广元的凉面,0,该用户可能在确认或介绍这款凉面的产地特色，暗示对产品的地域属性感兴趣。
56697889278,生活日杂,爱生活会生活,0,该用户想表达的含义是：这款产品体现了对生活的热爱和品质追求。
56697889278,生活日杂,花生米,1,该用户可能在询问或提及当前直播中展示或讨论的食品（如凉面、米皮等）是否包含或需要搭配花生米作为配菜。
56697889278,生活日杂,保质期多久,1,该用户想了解产品的保存期限以确保购买后能合理使用。
56697889278,生活日杂,与辉同行一路光明,0,该用户想表达的含义是：支持主播团队并祝愿他们未来发展顺利。
56697889278,生活日杂,花生米哦,1,该用户可能是在询问或确认产品中是否包含花生米作为配料。
56697889278,生活日杂,宽的有么,1,该用户可能在询问商品是否有更宽的规格或款式可选。
56697889278,生活日杂,可以不辣吗,1,该用户可能在询问产品是否可以调整辣度或不含辣味。
56697889278,生活日杂,多放蒜沫,0,该用户希望主播在食品中添加更多的蒜末调料来提升口味。
56697889278,生活日杂,防晒衣，明天有,1,该用户想表达的含义是：询问明天是否会上架防晒衣这款商品。
56697889278,生活日杂,下单了皮蛋，非常好吃,1,该用户通过分享已购买皮蛋并称赞其味道，表达了对产品的满意和认可，同时也间接推荐了该商品。
56697889278,生活日杂,擀面皮,1,该用户可能在询问主播是否有售卖擀面皮这种食品。
56697889278,生活日杂,大米有链接吗,1,该用户想询问直播中展示的大米商品是否有购买链接可供下单。
56697889278,生活日杂,左边的杯子好好看有链接吗,1,该用户对直播中展示的左侧杯子产生了兴趣，并希望获取购买链接以便下单。
56697889278,生活日杂,胡萝卜上点小的,1,该用户可能是想询问胡萝卜的商品详情，比如尺寸规格或是否有小包装可选。
56697889278,生活日杂,看着不错,1,该用户可能对当前展示的商品产生了初步好感，认为产品外观或介绍符合自己的审美或需求。
56697889278,生活日杂,加胡萝卜丝，豆芽，再加点绿叶蔬菜更好吃,0,该用户是在对直播中展示的食品提出个性化的搭配建议，表达出对产品的关注和潜在的购买兴趣。
56697889278,生活日杂,15号还有吗,1,该用户可能是在询问直播中提到的某款商品（如凉面、皮蛋、防晒衣等）是否会在15号继续补货或上架销售。
56697889278,生活日杂,有调料包吗,1,该用户是在询问产品是否附带调味料包，以确认购买后的食用便利性。
56697889278,生活日杂,空调还有吗,1,该用户是在询问直播间是否还有空调库存可供购买。
56697889278,生活日杂,主播左边的杯子好好看有链接吗,1,该用户对主播左侧展示的杯子产生了兴趣，并希望获取购买链接以便下单。
56697889278,生活日杂,内蒙不邮？,0,该用户是在询问商品是否支持邮寄到内蒙古地区。
56697889278,生活日杂,挺方便的,0,该用户认为直播展示的商品使用起来省事实用。
56697889278,生活日杂,黄豆芽调这个好吃好吃,1,该用户想表达的含义是：黄豆芽搭配这个调料味道很好，值得推荐。
56697889278,生活日杂,没有了,1,该用户可能是在询问或感叹某款商品已经售罄或活动结束。
56697889278,生活日杂,没了,1,该用户想表达的是：商品已经售罄了。
56697889278,生活日杂,红萝卜中果能加吗,1,该用户是在询问是否可以增加红萝卜中果的购买选项或库存。
56697889278,生活日杂,内蒙古为什么不包邮？,0,该用户可能是在询问内蒙古地区是否被排除在包邮政策之外，并对此表示疑惑或不满。
56697889278,生活日杂,为啥内蒙不邮呢？,0,该用户对商品无法寄送到内蒙古地区表示疑问和不满。
56697889278,生活日杂,传熙注意身材管理,0,该用户可能在委婉提醒主播注意饮食健康或保持良好形象，以维持直播间的专业性和吸引力。
56697889278,生活日杂,不能冷冻,0,该用户可能是在询问或提醒商品是否不能进行冷冻储存。
56697889278,生活日杂,胖的人多吃点黄瓜,0,该用户可能在调侃主播或观众注意健康饮食，暗示黄瓜是低热量食物适合控制体重。
56697889278,生活日杂,胡萝卜中果的有吗？,1,该用户是在询问直播间是否有中等大小的胡萝卜商品可供购买。
56697889278,生活日杂,大黄米有没有,1,该用户想询问直播间是否有售卖大黄米这款产品。
56697889278,生活日杂,常温保存,0,该用户可能是在询问产品是否可以常温保存，而非需要冷藏或冷冻。
56697889278,生活日杂,为啥新疆都不支持配送,0,该用户因所在地区无法收货而感到不满，质疑商家为何将新疆排除在配送范围之外。
56697889278,生活日杂,油香油香的,1,该用户是在夸赞直播中展示的食品香气浓郁、令人食欲大开。
56697889278,生活日杂,我想吃,1,该用户可能是在看到直播中展示的食品后，产生了食欲并暗示对当前展示的商品感兴趣。
56697889278,生活日杂,想买大黄米,1,该用户是在询问大黄米这款商品是否还有库存或能否购买。
56697889278,生活日杂,指压板还有吗,1,该用户是在询问指压板这款商品是否仍有库存可供购买。
56697889278,生活日杂,方便,0,该用户想表达的含义是：这款产品使用起来很便捷。
56697889278,生活日杂,内蒙不支持配送啊,0,该用户因所在的内蒙古地区无法收货而感到失望，并希望确认或质疑这一配送限制的原因。
56697889278,生活日杂,内蒙古为什么不发货？,0,该用户因所在地区无法购买商品而感到不满和疑惑。
56697889278,生活日杂,有不辣的吗,1,该用户是在询问直播中展示的商品是否有不辣的口味可选。
56697889278,生活日杂,天气热了，可以买来备下吃,1,该用户认为当前直播推荐的商品适合在夏季消费，有意向提前囤货以备不时之需。
56697889278,生活日杂,密封袋有吗,1,该用户是在询问直播间是否售卖密封袋产品。
56697889278,生活日杂,想要的很多新疆都发不了,1,该用户表达的是对新疆地区无法配送所售商品感到遗憾和不满。
56697889278,生活日杂,是麻辣的吗？,1,该用户是在询问产品口味是否为麻辣款，可能出于对辣度的偏好或忌惮而希望确认。
56697889278,生活日杂,我喜欢这样的直播间。可以说：很饿了,0,该用户想表达的含义是：这个直播间的氛围和产品很吸引人，让我产生了强烈的购买欲望。
56697889278,生活日杂,是直接吃吗,1,该用户可能在询问产品是否需要进一步加工处理才能食用，表达了对商品使用方式的兴趣和潜在的购买意向。
56697889278,生活日杂,皮蛋在哪里,1,该用户是在询问直播中提到的皮蛋产品的购买链接或展示位置。
56697889278,生活日杂,看样子很好吃,1,该用户被直播展示的商品所吸引，产生了品尝和购买的欲望。
56697889278,生活日杂,小伙好实在,0,该用户想表达的含义是：认可主播的真诚直率风格并产生好感。
56697889278,生活日杂,汉中米皮收到后不要放冰箱，不要放冰箱,0,该用户是在提醒其他观众注意米皮的储存方式，强调常温保存的重要性。
56697889278,生活日杂,看着我都饿了,1,该用户被直播展示的商品所吸引，产生了强烈的食欲和购买欲望。
56697889278,生活日杂,怎么保存啊，保质期几天,1,该用户想知道商品的储存方法和保质期长短，以便决定是否购买。
56697889278,生活日杂,直接上来就吃,0,该用户想表达的含义是：询问产品是否需要加工还是可以直接食用。
56697889278,生活日杂,内蒙古不发货啊，买不到啊,0,该用户因所在地区无法配送而感到遗憾，表达了对商品有购买意愿但受限于物流条件的无奈。
56697889278,生活日杂,红糖收到了，太好了,1,该用户想表达的含义是：对之前购买的红糖产品感到满意并给予积极反馈。
56697889278,生活日杂,太香了，拍了拍了,1,该用户被产品吸引，果断下单以表达强烈的购买意愿和满意情绪。
56697889278,生活日杂,大小伙子看着吃什么都香,0,该用户想表达的含义是：主播吃得很投入，让人看了也很有食欲。
56697889278,生活日杂,拍了,0,该用户想表达的含义是：我已经下单购买了这款商品。
56697889278,生活日杂,嗨大家好！我是广东茂名杨荣意。嗨主播好！我是广东茂名杨容至。请教你怎么直播变现？,0,该用户可能是想通过自我介绍拉近与主播的距离，并咨询如何通过直播带货实现盈利。
56697889278,生活日杂,你俩吃的好有食欲，都馋了,1,该用户被直播中的食物展示所吸引，产生了强烈的食欲和潜在的购买欲望。
56697889278,生活日杂,香而不辣,0,该用户想表达的含义是：这款食品的香味诱人但辣度适中，符合自己的口味偏好。
56697889278,生活日杂,自行车,1,该用户可能是在询问直播间是否有自行车相关产品，或是看到展示的商品联想到自行车这一话题。
56697889278,生活日杂,没了,1,该用户想表达的含义是：商品已经售罄或无法购买。
56697889278,生活日杂,孩子们一人一包才吃的饱,0,该用户想表达的含义是：这款食品分量适合多人分享，需要按人数购买才够吃。
56697889278,生活日杂,没有了,1,该用户想表达的含义是：商品已经售罄或库存不足。
56697889278,生活日杂,平底锅,1,该用户可能是在询问或提及直播中展示的平底锅产品，表达对其功能或购买方式的兴趣。
56697889278,生活日杂,内蒙古不发货啊,0,该用户因所在地区无法购买商品而感到遗憾和不满。
56697889278,生活日杂,太谷饼,1,该用户可能是对直播中展示的太谷饼产生了兴趣，想询问产品信息或表达购买意向。
56697889278,生活日杂,鸭蛋60和70啥意思,1,该用户是在询问直播中提到的鸭蛋价格“60”和“70”具体指代什么含义（可能是规格、价格档位或包装区分）。
56697889278,生活日杂,生鸡爪,1,该用户可能是在询问或表达对直播中展示的生鸡爪产品的兴趣，比如想了解价格、品质或购买方式。
56697889278,生活日杂,好吃,1,该用户想表达的含义是：对直播中展示的食品味道表示认可和赞赏。
56697889278,生活日杂,什么时候再上银耳,1,该用户想表达的含义是：询问商品何时补货以便购买银耳产品。
56697889278,生活日杂,要香油,1,该用户想表达的是对香油的购买意愿或需求。
56697889278,生活日杂,很方便,1,该用户想表达的含义是：产品的使用体验很省事省力。
56697889278,生活日杂,玫瑰花系列啥时候上,1,该用户是在询问直播中提到的玫瑰花系列产品何时会再次上架销售。
56697889278,生活日杂,确实不辣，再回购,1,该用户想表达的是：这款产品口味温和不刺激，自己很满意打算再次购买。
56697889278,生活日杂,用冷藏吗,1,该用户想询问产品是否需要冷藏保存。
56697889278,生活日杂,贝贝南瓜刚讲过，放心购买,0,该用户是在向其他观众确认主播刚刚介绍过贝贝南瓜的品质，可以放心下单购买。
56697889278,生活日杂,小传熙 吃的真 香,0,该用户想表达的含义是：主播小传熙吃东西的样子让人感觉食物非常美味诱人。
56697889278,生活日杂,左边的杯子好好看有链接吗左边的杯子好好看有链接吗左边的杯子好好看有链接吗,1,该用户迫切想购买直播画面左侧展示的杯子，并希望主播尽快提供商品购买链接。
56697889278,生活日杂,里面有料吗,1,该用户想询问产品内部是否包含其他附加内容或赠品。
56697889278,生活日杂,给个成品近景,0,该用户希望主播近距离展示商品的完整外观或细节。
56697889278,生活日杂,郊游带上太方便了,1,该用户认为这款产品非常适合户外活动时携带使用。  （结合前文弹幕中频繁提及食品、便携性（如“很方便”）及使用场景（如“郊游”），可推断用户是在肯定产品的实用性和场景适配性，隐含购买兴趣。）
56697889278,生活日杂,小哥好帅,0,该用户可能是在通过夸赞主播的外表来活跃气氛或表达对直播内容的喜爱，但并未直接表现出对商品的购买兴趣。
56697889278,生活日杂,粗条有吗？,1,该用户可能在询问直播间是否有粗条状的商品款式或规格。
56697889278,生活日杂,再配粥也行,0,该用户可能是在询问或评论当前展示的食品（如小菜、酱料等）是否适合搭配粥类食用，暗示对产品的食用场景或搭配方式感兴趣。
56697889278,生活日杂,米皮很好吃,1,该用户可能是在品尝或看到直播中展示的米皮后，表达对其口味的认可和喜爱，暗示有购买意向或推荐给他人。
56697889278,生活日杂,藕粉,1,该用户可能在询问或表达对直播间正在展示或之前提到的藕粉产品的兴趣，比如询问价格、功效或购买方式。
56697889278,生活日杂,大头娃娃呢,1,该用户可能在询问直播间之前展示过的某款名为“大头娃娃”的商品或玩偶何时再次出现或是否有货。
56697889278,生活日杂,酸辣粉,1,该用户可能是询问直播间是否有酸辣粉这款商品，或是表达对酸辣粉的购买兴趣。
56697889278,生活日杂,面皮稀饭套餐,1,该用户可能在询问或推荐将面皮和稀饭搭配成套餐出售的可能性。
56697889278,生活日杂,冰封,1,该用户可能在询问产品是否需要冷冻保存或是否适合冷藏食用。
56697889278,生活日杂,辣吗,1,该用户是在询问直播中展示的食品（可能是酸辣粉或面皮等辣味产品）的辣度程度，以判断是否符合自己的口味偏好或承受能力。
56697889278,生活日杂,白吉馍什么时候能发货,0,该用户想确认白吉馍的发货时间，表现出明确的购买意向和关注商品实际交付的迫切需求。
56697889278,生活日杂,冰峰,1,该用户可能在询问或确认直播中提到的“冰峰”饮料的相关信息，比如口味、购买方式或是否推荐。
56697889278,生活日杂,菜豆腐,1,该用户可能在询问直播中提到的“菜豆腐”产品的相关信息或购买方式。
56697889278,生活日杂,面皮+肉夹馍+冰峰,1,"该用户想表达的是：我想要购买陕西特色套餐组合（面皮、肉夹馍和冰峰饮料）。 （分析依据：前文弹幕高频出现陕西小吃相关讨论如""米皮""""白吉馍""""冰峰""，且存在组合搭配倾向如""面皮稀饭套餐""，目标弹幕以典型三秦套餐组合出现，符合直播间当前讨论焦点和地域美食购买场景）"
56697889278,生活日杂,芹菜河北为什么不发货，芹菜河北为什么不发货，芹菜为什么不发货，芹菜河北为什么不发货,0,该用户因河北产地的芹菜迟迟未发货而感到焦急，反复追问原因以寻求解决方案。
56697889278,生活日杂,保质期多久？,1,该用户想询问商品的保存期限以评估是否适合购买或囤货。
56697889278,生活日杂,你是谁,0,该用户可能在询问主播或产品相关人员的身份，以确认其专业性或获取更具体的购买建议。
56697889278,生活日杂,煮几分钟,1,该用户想询问当前展示的食品需要烹饪的具体时间。
56697889278,生活日杂,不放辣椒吃 可以吗,1,该用户是在询问产品是否可以定制不辣的口味以满足个人饮食偏好。
56697889278,生活日杂,这个好吃,1,该用户想表达的含义是：对当前直播展示的食品表示认可并产生购买兴趣。
56697889278,生活日杂,有微辣的吗,1,该用户想询问直播中展示的产品是否有口味较为温和的微辣选项。
56697889278,生活日杂,想买不发货内蒙古,0,该用户想表达的含义是：对商品感兴趣但担心所在地区无法配送。
56697889278,生活日杂,下午好下午好下午好,0,该用户可能是在打招呼或活跃气氛，并未直接表达购买兴趣。
56697889278,生活日杂,胡萝卜中果还有吗,1,该用户是在询问直播间是否还有胡萝卜中果的库存可供购买。
56697889278,生活日杂,有富光的塑料杯吗,1,该用户是在询问直播间是否有售卖富光品牌的塑料水杯产品。
56697889278,生活日杂,传熙吃嗨了,0,该用户想表达的含义是：主播对当前展示的食品表现出了非常享受的食用状态。
56697889278,生活日杂,不放辣椒 可以吃吗,1,该用户是在询问产品是否可以提供不辣的版本以满足自己的口味需求。
56697889278,生活日杂,传熙，旁边的帅哥叫啥,0,该用户对直播中出现的另一位主播产生兴趣，想询问其身份信息。
56697889278,生活日杂,吃得好香,0,该用户被主播的吃相感染，对展示的食品产生了食欲和购买兴趣。
56697889278,生活日杂,支持支持支持支持支持支持支持支持宇辉同行很棒很棒很棒很棒很棒,0,该用户是在热情表达对主播或直播内容的支持和喜爱，并非直接表现出购买意向。
56697889278,生活日杂,凉州来瓶大窑,1,该用户想表达的含义是：我想要购买一瓶大窑汽水。
56697889278,生活日杂,吃这么多身材还能保持这么好，传熙不容易啊,0,该用户是在感叹主播传熙在大量进食的情况下依然能保持良好身材，并对其自律或努力表示认可和赞赏。
56697889278,生活日杂,防晒衣防晒衣,1,该用户可能是想询问或强调直播间是否有防晒衣产品，表达了对防晒衣的关注或购买意向。
56697889278,生活日杂,看着真香,1,该用户被直播内容吸引，对展示的商品产生了强烈的兴趣和购买欲望。
56697889278,生活日杂,看着很有食欲,1,该用户被直播中展示的商品或食物所吸引，产生了想要尝试或购买的欲望。
56697889278,生活日杂,地道地道地道地道地道地道地道,0,该用户想表达的含义是：主播的吃相或推荐的产品非常正宗、令人信服。
56697889278,生活日杂,哈哈,0,该用户可能被直播间的欢乐氛围或主播的幽默表现逗乐，用“哈哈”表达轻松愉悦的情绪共鸣。
56697889278,生活日杂,开袋即食吗,1,该用户想询问产品是否可以直接拆开包装食用，无需额外加工。
56697889278,生活日杂,辣吗,1,该用户是在询问产品的辣度程度，以判断是否符合自己的口味偏好或食用需求。
56697889278,生活日杂,凉皮夹馍里,0,该用户可能是在询问或确认直播中展示的凉皮夹馍这款产品的具体信息或购买方式。
56697889278,生活日杂,哈哈，传熙也圪蹴着吃,0,该用户是在调侃主播传熙蹲着吃东西的随性样子，表达一种轻松有趣的观看体验。
56697889278,生活日杂,真带劲,0,该用户想表达的含义是：直播内容非常吸引人，让人感到兴奋和投入。
56697889278,生活日杂,就哈吃，美滴很,0,该用户想表达的含义是：主播吃得很香，让人看了觉得非常美味和享受。
56697889278,生活日杂,馍怎么加热,1,该用户可能是在询问直播中展示的馍（如凉皮夹馍）的具体食用方法，想了解是否需要加热以及如何操作。
56697889278,生活日杂,夹点牛肉,0,该用户可能是想询问或建议主播在食物（如凉皮夹馍）中多加一些牛肉配料。
56697889278,生活日杂,接地气,0,该用户想表达的含义是：主播的吃播风格自然亲切，让人感觉真实不做作。
56697889278,生活日杂,馍怎么保存,1,该用户可能是在询问直播中展示的食品（如馍）的储存方法，以考虑是否适合购买或食用后的保存需求。
56697889278,生活日杂,传熙吃的真香,0,该用户想表达的含义是：主播传熙吃东西的样子让人感觉食物非常美味诱人。
56697889278,生活日杂,哈哈熙宝有趣,0,该用户想表达的含义是：觉得主播传熙的吃播表现既幽默又吸引人。
56697889278,生活日杂,蹲着吃饱，起身刚好,0,该用户想表达的含义是：主播蹲着吃饭的姿势很接地气，起身的动作刚好展现了产品的便捷性。
56697889278,生活日杂,河南老乡,0,该用户可能是在以地域身份拉近距离，表达对主播或产品的亲切认同感。
56697889278,生活日杂,碗好看,1,该用户被直播中展示的餐具吸引，认为碗的款式或设计很美观。
56697889278,生活日杂,白吉馍要夹肉,0,该用户是在询问或建议白吉馍的食用方式，希望搭配肉类一起食用。
56697889278,生活日杂,汉中人不蹲着吃饭,0,该用户想表达的含义是：汉中人的饮食习惯是喜欢蹲着吃饭。
56697889278,生活日杂,带劲,0,该用户想表达的含义是：主播的吃播表现或食物看起来非常诱人，让人感到兴奋和满足。
56697889278,生活日杂,这孩子真地道,0,该用户想表达的含义是：主播吃得很香很投入，让人感觉非常真实有趣。
56697889278,生活日杂,要喝冰封,1,该用户想表达的是对直播中展示的冰镇饮品产生了购买欲望。
56697889278,生活日杂,买了,0,该用户想表达的含义是：决定下单购买这款产品。
56697889278,生活日杂,这个很像广西的粉啊,0,该用户可能是在将直播中展示的食品与自己熟悉的广西米粉进行类比，暗示对产品有亲切感或兴趣。
56697889278,生活日杂,陕西蹲着吃,0,该用户想表达的含义是：陕西人习惯蹲着吃饭，这种吃法很有意思。
56697889278,生活日杂,夹起馍里吃,0,该用户想表达的含义是：建议在馍里夹肉吃会更美味。
56697889278,生活日杂,馍放在哪里保存呀,1,该用户想询问如何正确储存这种馍以保持其口感和新鲜度。
56697889278,生活日杂,芹菜河北为什么不发货芹菜河北为什么不发货,0,该用户可能是在询问为何河北地区的芹菜商品不支持配送，并对此表示疑惑或不满。
56697889278,生活日杂,流口水了,1,该用户被直播中的美食展示所吸引，表达出强烈的食欲和购买欲望。
56697889278,生活日杂,河南话老带劲了,0,该用户想表达的含义是：主播用河南话讲解商品的方式特别生动有趣，让人很有购买欲望。
56697889278,生活日杂,咦，可带劲类,0,该用户想表达的含义是：主播的吃播表现很有感染力，让人看了觉得很过瘾。
56697889278,生活日杂,馍里得加肉,0,该用户想表达的含义是：白吉馍里应该夹肉才好吃。
56697889278,生活日杂,今天有没有果酒,1,该用户可能在询问直播间是否有果酒产品上架或促销活动，表现出对果酒的购买兴趣或需求。
56697889278,生活日杂,河南话都出来了，哈哈,0,该用户觉得主播用河南话互动很有趣，被逗乐了。
56697889278,生活日杂,背景很美,0,该用户可能是在称赞直播间的场景布置有氛围感，暗示对直播内容或展示的商品产生了兴趣。
56697889278,生活日杂,碗有吗,1,该用户是在询问直播间是否有售卖刚才展示的碗。
56697889278,生活日杂,看着人都饿了,0,该用户被直播内容勾起食欲，产生了想尝试或购买产品的兴趣。
56697889278,生活日杂,陕西人，端碗的手还能夹住馍,0,该用户想表达的含义是：作为陕西人，我习惯边端着碗边吃馍，展现地道的本地饮食方式。
56697889278,生活日杂,中中,0,该用户想表达的含义是：赞同或附和前面关于陕西或河南方言特色的讨论。
56697889278,生活日杂,我还没吃饭,0,该用户可能是在暗示直播中的食物内容勾起了食欲，表达自己因为观看美食相关讨论而感到饥饿。
56697889278,生活日杂,美歹,0,"该用户想表达的含义是：这美食看起来非常诱人。  （结合前文弹幕中频繁出现的方言、食物讨论和食欲表达，""美歹""可能是方言或口语化的赞叹，意为""好吃/好看""或""真不错""。）"
56697889278,生活日杂,保质期几天,1,该用户是在询问商品的保存期限，可能是出于对产品新鲜度或囤货需求的考虑。
56697889278,生活日杂,这是蹲哪儿了,0,该用户可能在询问主播展示的食品（如陕西的馍或广西的粉）是在哪个地区或具体位置购买的/制作的。
56697889278,生活日杂,吃太香了,1,该用户想表达的含义是：直播中展示的食物看起来非常美味诱人。
56697889278,生活日杂,看着就好吃,1,该用户被直播内容所吸引，认为展示的食物看起来非常美味诱人。
56697889278,生活日杂,怎么找客服,0,该用户可能是在观看直播过程中对商品产生了兴趣或遇到了问题，想联系客服咨询购买或售后事宜。
56697889278,生活日杂,美太太,0,该用户想表达的含义是：主播或产品看起来非常吸引人，令人赞叹。
56697889278,生活日杂,配点荆芥,0,该用户想表达的含义是：建议在食物中添加荆芥来提升风味。
56697889278,生活日杂,真香现场,0,该用户想表达的含义是：直播内容让人忍不住心动想购买。
56697889278,生活日杂,米皮好吃,1,该用户想表达的含义是：对直播中展示的米皮产生了食欲和购买兴趣。
56697889278,生活日杂,我一南方人，汉中米皮吃过回购过好吃,1,该用户想表达的含义是：作为南方人，自己购买并多次回购汉中米皮，认为其味道很好。
56697889278,生活日杂,好吃不,1,该用户是在询问直播中展示的食品口感如何，是否值得购买。
56697889278,生活日杂,下午好,0,该用户可能是想礼貌性地打招呼并融入直播间的互动氛围，同时暗示自己刚进入直播间并开始关注直播内容。
56697889278,生活日杂,真香,1,该用户被直播内容吸引，对展示的商品或食物产生了强烈的兴趣和认可。
56697889278,生活日杂,我想做客服,0,该用户可能是被直播间的美食氛围感染，想参与互动或咨询产品详情，因此表达出希望加入客服团队或获取客服帮助的意愿。
56697889278,生活日杂,传煕讲品真好啊,0,该用户想表达的含义是：主播介绍产品的讲解非常吸引人，让我对商品产生了兴趣。
56697889278,生活日杂,哪天有铁锅卖,1,该用户想询问下一次售卖铁锅的具体时间，表达了对该商品的购买意向。
56697889278,生活日杂,传熙是河南的,0,该用户可能是在询问或确认主播“传熙”的籍贯或所在地，表达对主播背景的兴趣或寻求地域认同感。
56697889278,生活日杂,哪天卖铁锅,1,该用户是在询问铁锅产品的具体售卖时间，表达了对该商品的购买意向和期待。
56697889278,生活日杂,可得劲儿,0,该用户想表达的含义是：这个产品看起来非常棒，让人很有购买欲望。
56697889278,生活日杂,不放辣椒 可以吃吗,1,该用户是在询问产品是否适合不吃辣的消费者食用。
56697889278,生活日杂,熙宝好吃吗？,1,该用户是在询问主播推荐的产品（可能是食品）的口感和味道如何，表现出对商品的潜在购买兴趣。
56697889278,生活日杂,真带劲。吃,0,该用户被直播内容吸引，对展示的食品产生了强烈的食欲和购买兴趣。
56697889278,生活日杂,真中,0,该用户想表达的含义是：这款产品确实很吸引人，让我很心动。
56697889278,生活日杂,凉皮夹馍试一下,1,该用户想表达的是对凉皮夹馍这款产品的尝试意愿和购买兴趣。
56697889278,生活日杂,小帅哥,0,该用户可能在夸赞主播的外貌或表现，表达对主播的喜爱或欣赏。
56697889278,生活日杂,喝的啥,1,该用户可能是在询问主播正在品尝或展示的饮品是什么，并表现出对产品的兴趣。
56697889278,生活日杂,在要两个大蒜,0,该用户想表达的含义是：再额外加购两份大蒜产品。
56697889278,生活日杂,熙宝,0,该用户可能是在用昵称亲切地称呼主播，并隐含对其推荐产品的兴趣或认可。
56697889278,生活日杂,这个团队太优秀了,0,该用户想表达的含义是：对主播团队的表现感到非常满意和赞赏。
56697889278,生活日杂,那一个呢,0,该用户可能在询问直播间正在展示的某个未明确指代的商品详情或价格。
56697889278,生活日杂,配个蒜瓣,0,该用户可能是想询问主播是否可以搭配蒜瓣一起食用当前展示的产品。
56697889278,生活日杂,方言和普通话无缝衔接,0,该用户想表达的含义是：主播在介绍产品时能熟练切换方言和普通话，让人感到亲切自然。
56697889278,生活日杂,有擀面皮吗,1,该用户是在询问直播间是否售卖擀面皮这款产品，表现出对食品类商品的购买兴趣。
56697889278,生活日杂,可以炒着吃吗？,1,该用户是在询问直播中展示的商品是否适合炒制的烹饪方式。
56697889278,生活日杂,郑州咧,0,该用户可能是在用方言询问主播是否是郑州人或产品是否与郑州相关，表达对地域特色的兴趣或寻求认同感。
56697889278,生活日杂,吃嗨了,0,该用户想表达的含义是：当前展示的美食让人感到非常满足和享受。
56697889278,生活日杂,先煮一煮吗,0,该用户可能在询问当前展示的食品是否需要先经过煮沸处理才能食用或进一步加工。
56697889278,生活日杂,有吃有喝，花钱不多。传熙好会啊,0,该用户想表达的含义是：主播推荐的食品价格实惠又美味，带货方式很吸引人。
56697889278,生活日杂,海参,1,该用户可能是想询问或确认直播中展示的海参产品信息，表达对海参的兴趣或想了解其食用方式。
56697889278,生活日杂,这太有代入感了,0,该用户被直播间的氛围和内容深深吸引，感觉身临其境，产生了强烈的共鸣和参与感。
56697889278,生活日杂,主播是河南老乡啊,0,该用户想表达的含义是：对主播的家乡背景感到亲切并产生认同感。
56697889278,生活日杂,喷空,0,"该用户想表达的含义是：主播在闲聊或跑题了，提醒回归正题或询问商品信息。  （结合前文弹幕多为讨论河南方言、饮食互动等轻松氛围，""喷空""在河南方言中常指""闲聊、说废话""，用户可能委婉提醒主播聚焦带货内容。）"
56697889278,生活日杂,老乡啊,0,该用户想表达的含义是：发现主播是同乡而感到亲切和惊喜。
56697889278,生活日杂,河南的,0,该用户想表达的含义是：主播或商品与河南有关联，自己也是河南人感到亲切。
56697889278,生活日杂,没了,1,该用户可能是在询问直播中展示的某款商品是否已经售罄或下架。
56697889278,生活日杂,哪的人不蹲着吃，都是,0,该用户想表达的含义是：询问哪些地方的人不会蹲着吃东西，都是坐着或站着吃的。
56697889278,生活日杂,芹菜河北为什么不发货芹菜河北为什么不发货,0,该用户可能是在询问为何河北产地的芹菜无法下单或配送，表达了对特定商品缺货或物流限制的不满和困惑。
56697889278,生活日杂,传熙真可爱,0,该用户是在夸赞主播传熙的表现讨喜，表达了对主播个人魅力的喜爱和互动中的愉悦感受。
56697889278,生活日杂,米皮没了,1,该用户想表达的含义是：询问直播间是否还有米皮这款商品库存。
56697889278,生活日杂,蹲门口聊天吃,0,该用户想表达的含义是：在门口蹲着边聊天边吃东西是当地常见的饮食习惯。
56697889278,生活日杂,河南的呀,0,该用户是在确认主播的河南身份，并表达对老乡的亲切认同感。
56697889278,生活日杂,碗有链接没,1,该用户是在询问主播当前展示的碗是否可以在购物链接中购买。
56697889278,生活日杂,怎样好料那么好吃,1,该用户想表达的含义是：这食材的品质这么好，难怪味道如此美味。
56697889278,生活日杂,传熙可爱,0,该用户想表达的含义是：对主播传熙的喜爱和赞赏。
56697889278,生活日杂,郑州的娃,0,该用户想表达的含义是：我也是河南郑州的观众，看到老乡主播感到亲切。
56697889278,生活日杂,米皮没货了,1,该用户想表达的含义是：对米皮售罄感到遗憾并希望补货。
56697889278,生活日杂,擀面皮有吗,1,该用户是在询问直播间是否有售卖擀面皮这款商品。
56697889278,生活日杂,蛮好,0,该用户想表达的含义是：对主播展示的商品或内容表示认可和喜欢。
56697889278,生活日杂,传熙是郑州的,0,该用户想表达的含义是：主播传熙是郑州人（与自己是同乡）。
56697889278,生活日杂,传熙吃好了河南话都出来啦,0,该用户想表达的含义是：主播传熙因为吃得太投入，不自觉用河南话交流，显得真实可爱。
56697889278,生活日杂,孩子啊，好香啊,1,该用户被直播间的美食氛围感染，表达对主播展示的食品（可能是米皮或擀面皮）香气诱人的赞叹。
56697889278,生活日杂,这小伙吃的啥？这么香,1,该用户被主播的吃相所吸引，好奇询问食物名称并流露出对产品味道的兴趣。
56697889278,生活日杂,红糖有吗,1,该用户是在询问直播间是否有红糖产品在售。
56697889278,生活日杂,凉皮好吃吗,1,该用户是在询问凉皮的口感和味道如何，可能对购买这款产品产生了兴趣。
56697889278,生活日杂,河南的买,0,该用户想表达的含义是：建议河南地区的观众可以购买这款产品。
56697889278,生活日杂,这辣椒，不辣,0,该用户可能是在询问或质疑辣椒的口味是否符合预期，暗示对产品的辣度感到失望或好奇。
56697889278,生活日杂,衣服好看,1,该用户被直播中展示的服装款式吸引，产生了潜在的购买意愿。
56697889278,生活日杂,挺辣的吧,1,该用户是在询问或确认直播中展示的食物（可能是米皮或凉皮）的辣度如何。
56697889278,生活日杂,端着饭碗，找人多的地方，边吃边聊,0,该用户想表达的含义是：一边吃饭一边凑热闹参与直播间的互动聊天。
56697889278,生活日杂,说河南话吧,0,该用户希望主播用方言互动以增强亲切感和趣味性。
56697889278,生活日杂,不辣不辣，香香的,0,该用户想表达的含义是：这款食物虽然不辣但香味很诱人。
56697889278,生活日杂,民以食为天,0,该用户想表达的含义是：食物是生活中最重要的东西，看到主播吃得很香我也对产品产生了兴趣。
56697889278,生活日杂,上牛奶上牛奶,1,该用户急切要求主播尽快上架牛奶产品进行售卖。
56697889278,生活日杂,香而不辣,1,该用户想表达的含义是：这款食物的香味浓郁但辣度适中，符合自己的口味偏好。
56697889278,生活日杂,传熙是郑州金水区了,0,"该用户想表达的含义是：主播传熙是郑州金水区人（或现居金水区），以此强化地域认同感/解释主播口音变化的原因。  （解析：结合前文""传熙是郑州的""及讨论河南话的语境，用户通过补充""金水区""这一具体区位，既确认主播籍贯信息，又侧面呼应了前文关于方言、饮食等地域性话题的热议氛围。）"
56697889278,生活日杂,买了买了,0,该用户被直播内容打动，决定下单购买产品。
56697889278,生活日杂,不辣,0,该用户想表达的含义是：产品（可能是辣椒或辣味食品）的辣度较低，符合自己偏好。
56697889278,生活日杂,那包是醋包吗？还是调料包？,1,该用户是在询问直播中展示的食品包装内具体是醋还是其他调味料，表现出对产品成分细节的关注和潜在的购买兴趣。
56697889278,生活日杂,这辣椒挺辣的吧,1,该用户可能是在询问辣椒的辣度以评估是否符合自己的口味或购买需求。
56697889278,生活日杂,怎么保存啊,1,该用户想询问如何收藏或保存当前直播中展示的商品或内容。
56697889278,生活日杂,红糖,1,该用户可能在询问直播间是否有红糖产品在售或想了解红糖的相关信息。
56697889278,生活日杂,后面要配个吃饭的凳子，蹲了太累了,0,该用户想表达的含义是：观看直播时长时间蹲着很辛苦，打算购买一把合适的餐椅来改善用餐体验。
56697889278,生活日杂,吃过，不辣，香,1,该用户想表达的含义是：这款产品口味香浓且辣度适中，符合自己的喜好。
56697889278,生活日杂,看上去就好吃,1,该用户被直播展示的食物外观所吸引，认为其品相诱人并产生了品尝欲望。
56697889278,生活日杂,不能放冰箱,0,该用户可能是在询问或提醒产品的储存方式，暗示对商品的使用细节感兴趣。
56697889278,生活日杂,熙宝越来越好了,0,该用户是在夸赞主播的表现或产品品质有所提升，表达了对直播内容的认可和支持。
56697889278,生活日杂,坐在大门口，蹲下吃,0,该用户想表达的含义是：在直播间的热闹氛围中，自己正悠闲地蹲在门口边看边吃，享受这种轻松随意的观看体验。  （结合前文弹幕中频繁讨论食物口味、用餐场景以及互动感强的语境，用户通过生活化的动作描述，既呼应了直播内容与弹幕话题，又暗示了沉浸式的参与状态。）
56697889278,生活日杂,配料干净吗？,1,该用户可能是在询问产品成分是否健康天然，担心食品添加剂或卫生问题。
56697889278,生活日杂,怎么保存,1,该用户想询问直播中展示的食品应该如何正确储存以保持新鲜。
56697889278,生活日杂,好久可以卖啤酒,1,该用户想询问啤酒产品何时会上架销售。
56697889278,生活日杂,什么时候上水杯,1,该用户是在询问水杯产品的上架时间，表现出对这款商品的购买兴趣和期待。
56697889278,生活日杂,有果单皮吗？,1,该用户可能在询问直播间是否有售卖“果丹皮”这一零食产品。
56697889278,生活日杂,保质期,1,该用户可能是在询问商品的保质期时长或储存条件。
56697889278,生活日杂,吃的好香,1,该用户想表达的含义是：主播吃得很享受，让人看了也很有食欲。
56697889278,生活日杂,常温保存即可,0,该用户想表达的含义是：询问产品是否需要特殊储存条件或确认常规存放方式是否足够。
56697889278,生活日杂,保质期多久,1,该用户是在询问产品的保质时长以评估是否适合购买或囤货。
56697889278,生活日杂,擀面皮，橱窗里有,0,该用户是在询问或提醒其他人，主播提到的擀面皮商品可以在直播间的购物橱窗里找到。
56697889278,生活日杂,擀面皮有吗,1,该用户是在询问直播间是否有售卖擀面皮这款产品。
56697889278,生活日杂,炒锅还有吧,1,该用户是在询问炒锅的库存情况，表现出对购买该商品的潜在兴趣。
56697889278,生活日杂,家乡话说着听着就是好听,0,该用户想表达的含义是：主播用方言介绍产品让人感到亲切自然，增强了观看体验。
56697889278,生活日杂,不用蒸，开袋即食,0,该用户想表达的含义是：这款产品食用方便，无需加热即可直接食用。
56697889278,生活日杂,传熙吃啥呢,0,该用户是在询问主播正在品尝的食品名称或种类，表现出对直播中展示的食物的兴趣和好奇。
56697889278,生活日杂,他吃啥呢？,1,该用户是在询问主播正在品尝的具体食品名称或种类。
56697889278,生活日杂,看看配料,1,该用户想了解产品的具体成分信息，以判断其是否符合自己的健康或品质要求。
56697889278,生活日杂,买啦,0,该用户看到主播展示的商品符合需求后决定下单购买。
56697889278,生活日杂,保质期多久呀？,1,该用户想询问商品的有效期限以评估是否值得购买。
56697889278,生活日杂,我都饿了,0,该用户看到主播吃东西的画面后，被勾起了食欲，暗示对展示的食品产生了兴趣。
56697889278,生活日杂,自行加些豆芽和花生碎。会更美,0,该用户是在建议主播或商家可以在产品中额外添加豆芽和花生碎来提升食物的口感和卖相。
56697889278,生活日杂,开袋即食，不需要加热,1,该用户想表达的含义是：这款食品食用方便，符合即食需求。
56697889278,生活日杂,传熙吃的好香啊,0,该用户想表达的含义是：主播吃东西的样子让人很有食欲，激发了购买兴趣。
56697889278,生活日杂,开袋即食吗,1,该用户想询问产品是否需要额外加工处理才能食用。
56697889278,生活日杂,介绍介绍玉米,1,该用户希望主播详细讲解玉米产品的特点、食用方式或优惠信息。
56697889278,生活日杂,刚下单了,0,该用户想表达自己已经完成了购买行为，表明对直播中推荐商品的认可和实际支持。
56697889278,生活日杂,海南为啥不卖呢,0,该用户想表达的含义是：询问为何直播中提到的海南相关商品没有在售。
56697889278,生活日杂,听着吃的太香了,0,该用户被主播的吃播表现所感染，表达出对产品食欲诱惑力的强烈认同。
56697889278,生活日杂,河南类，俺也是河南类,0,该用户想表达的含义是：听到主播说家乡话感到亲切，表明自己也是河南人。
56697889278,生活日杂,和擀面皮比哪个好吃,1,该用户想表达的含义是：询问当前直播展示的食品与擀面皮在口味上的优劣对比。
56697889278,生活日杂,啥时候上炒锅,1,该用户想表达的含义是：询问直播中即将推介的炒锅产品何时开始售卖。  （解析：结合前文语境，弹幕中多次提及具体商品如“擀面皮”“炒锅”“玉米”，且有用户已关注库存（“炒锅还有吧”），目标弹幕的提问聚焦于商品上架时间，属于明确的购买意向类询问。）
56697889278,生活日杂,求购枸杞,1,该用户想表达的含义是：我想购买枸杞，请问有没有上架或如何购买？
56697889278,生活日杂,济南也喊老师,0,该用户是在询问济南地区的观众是否也习惯用“老师”作为称呼方式，暗示对主播或产品的地域文化特色产生兴趣。
56697889278,生活日杂,擀面皮有没,1,该用户是在询问直播间是否有售卖擀面皮这款产品。
56697889278,生活日杂,来瓶海碧，哈哈,1,该用户是在以轻松调侃的语气表达对直播间展示的饮料（海碧）的购买兴趣。
56697889278,生活日杂,付了,0,该用户想表达自己已经完成下单购买的行为。
56697889278,生活日杂,开袋就可以吃,0,该用户想确认产品是否无需加工即可直接食用。
56697889278,生活日杂,香油缺货几天，小传熙上点点,1,该用户想表达的含义是：香油暂时没货了，希望主播尽快在小程序上补货。
56697889278,生活日杂,来瓶海碧,1,该用户想表达的含义是：我想购买一瓶海碧饮料。
56697889278,生活日杂,男士防晒衣,1,该用户可能是对直播间的男士防晒衣产品产生了兴趣，想进一步了解或购买。
56697889278,生活日杂,回来尝尝,0,该用户想表达的含义是：打算购买产品后亲自试吃体验。  （结合前文弹幕中频繁提及“开袋即食”“吃得好香”等食品相关讨论，以及“刚下单了”“付了”等购买行为，可推断用户受直播内容吸引，对产品产生兴趣并计划尝试。）
56697889278,生活日杂,放点辣椒更加好吃,0,该用户可能是在建议主播或商家在产品中加入辣椒以提升口味吸引力。
56697889278,生活日杂,芹菜太好吃了，回购了好几次了芹菜,1,该用户想表达的含义是：对芹菜产品的强烈认可和持续复购的消费行为。
56697889278,生活日杂,米皮是软的,0,该用户想表达的含义是：询问米皮的口感是否柔软。
56697889278,生活日杂,加芝麻酱是不是更加香,1,该用户是在询问添加芝麻酱是否能提升食品的风味，表现出对产品口味调整的兴趣和潜在的购买意向。
56697889278,生活日杂,配个肉夹馍,0,该用户可能是想询问或建议当前售卖的食物（如擀面皮、米皮等）是否可以搭配肉夹馍一起食用或售卖。
56697889278,生活日杂,河南郑州的来了,0,该用户想表达的含义是：作为河南郑州的观众，我也对直播间的商品感兴趣并参与互动。
56697889278,生活日杂,有儿童去屑的洗发水吗,1,该用户可能在询问直播间是否有适合儿童使用的去屑洗发水产品，表达了对这类商品的潜在购买需求。
56697889278,生活日杂,有染发膏吗？,1,该用户可能在询问直播间是否有染发膏产品出售，表达了对这类商品的购买兴趣或需求。
56697889278,生活日杂,云南场结束了吗,0,该用户可能在询问当前直播的云南专场活动是否已经结束，想确认是否还能参与相关商品的购买或互动。
56697889278,生活日杂,不能冷藏，常温保存,0,该用户是在询问或确认产品是否需要冷藏，并表达自己更倾向于常温保存的方式。
56697889278,生活日杂,男孩要搞两包,1,该用户想表达的含义是：男生应该买两包这个产品。
56697889278,生活日杂,今天有防晒衣美,1,该用户想表达的含义是：询问今天是否有款式好看的防晒衣在售。
56697889278,生活日杂,膜多长时间,1,该用户是在询问面膜的使用时长或建议敷用的时间。
56697889278,生活日杂,加豆芽黄瓜丝和花生碎,1,该用户希望主播在展示的食品中添加豆芽、黄瓜丝和花生碎作为配料。
56697889278,生活日杂,米皮是软的，擀面皮是硬些劲道的,0,该用户是在对比两种面皮的口感特点，暗示自己对不同质地食品的偏好或好奇。
56697889278,生活日杂,馍馍是可以加肉夹馍的吗,1,该用户是在询问馍馍是否可以搭配肉夹馍一起食用。
56697889278,生活日杂,面香味,0,该用户是在称赞食品散发出的面食香气诱人，暗示对产品的兴趣或购买意向。
56697889278,生活日杂,米皮有宽的吗,1,该用户是在询问米皮是否有更宽的选择款式。
56697889278,生活日杂,短保，买回去就早点吃完,0,该用户是在提醒大家注意商品的保质期较短，建议购买后尽快食用。
56697889278,生活日杂,辣不辣,1,该用户是在询问直播中提到的食品（可能是米皮或相关产品）的口味是否带有辣味。
56697889278,生活日杂,开袋即食吗,1,该用户想确认产品是否需要额外加工才能食用。
56697889278,生活日杂,再加点黄瓜，豆芽巨好吃,1,该用户希望商家在现有配菜基础上增加黄瓜，并认为豆芽的口感和味道非常出色。
56697889278,生活日杂,意思我再吃一顿？,0,该用户可能在询问是否需要再次购买或尝试同一款食品，暗示对产品产生了兴趣或犹豫是否要追加消费。
56697889278,生活日杂,不加热不冷吗,0,该用户可能是在询问产品是否需要加热食用以及不加热是否会太凉。
56697889278,生活日杂,看着就想吃,1,该用户被直播展示的食物所吸引，产生了强烈的食欲和购买欲望。
56697889278,生活日杂,好吃,1,该用户是在对主播展示的食品（可能是米皮、擀面皮或肉夹馍等面食）表示肯定和赞赏，认为其口味令人满意。
56697889278,生活日杂,黄豆，杂粮,0,该用户可能在询问直播中提到的食品（如米皮、肉夹馍等）是否可以搭配黄豆或其他杂粮作为配料。
56697889278,生活日杂,为啥把饼也泡在汁水里,0,该用户对食物浸泡在汤汁中的做法感到疑惑，可能认为这样会影响口感或卖相。
56697889278,生活日杂,香啊,1,该用户想表达的含义是：这款食物看起来非常美味诱人。
56697889278,生活日杂,这个馍怎么做啊,1,该用户想询问直播中展示的馍的具体制作方法，可能是对产品产生了兴趣并考虑自己尝试制作。
56697889278,生活日杂,啥时候再上户外的用品？,1,该用户可能是在询问直播间何时会再次推出户外用品相关的商品，暗示对这类产品有购买兴趣或需求。
56697889278,生活日杂,开袋即食嘛,1,该用户是在询问产品是否无需加工即可直接食用。
56697889278,生活日杂,点赞点赞点赞点赞点赞点赞点赞点赞点赞点赞！朋友们！,0,该用户是在热情号召大家一起为直播内容点赞互动，表达对当前展示商品的喜爱和支持。
56697889278,生活日杂,今天买 啥时候发货,0,该用户想确认如果现在下单的话商品的具体发货时间。
56697889278,生活日杂,问防晒衣什么时候有的朋友，明天有，29号有,0,该用户是在回应之前关于防晒衣上架时间的询问，告知大家该商品将在明天和29号两次补货。
56697889278,生活日杂,微辣是吗,1,该用户是在确认产品口味是否为微辣程度，可能出于对辣度敏感或偏好而询问。
56697889278,生活日杂,几天质保？？,1,该用户想询问商品的售后保障期限。
56697889278,生活日杂,男士女士防晒衣,1,该用户是在询问直播间是否有适合男女通用的防晒衣产品。
56697889278,生活日杂,冰箱冷藏储存吗,1,该用户是在询问产品（可能是食品）是否需要放在冰箱冷藏保存。
56697889278,生活日杂,哇，那个饼不错,1,该用户被直播中展示的饼类食品吸引，认为其看起来美味可口并产生了品尝或购买的意愿。
56697889278,生活日杂,这个是什么？,1,该用户可能在询问直播中当前展示的产品的具体名称或用途。
56697889278,生活日杂,胡萝卜,1,该用户可能是在询问直播中展示的胡萝卜相关产品的信息，比如品种、价格或食用方法。
56697889278,生活日杂,看着好辣,0,该用户可能觉得产品的辣度超出了自己的预期或承受范围，表达了对食物辣味的关注或担忧。
56697889278,生活日杂,饼子卖吗？,1,该用户是在询问直播中展示的饼是否参与售卖。
56697889278,生活日杂,短保食品，收到就早点吃完,0,该用户是在询问短保质期食品的储存建议，并表达了对尽快食用以保证新鲜的关注。
56697889278,生活日杂,我都在放碗里后，在微波炉加热一下更好吃，微微辣，很香,0,该用户想表达的含义是：分享自己对该食品的食用建议，认为微波加热后微辣口感更香。
56697889278,生活日杂,吃的真香啊,1,该用户被直播中的食物展示所吸引，表达了对产品食欲诱惑的强烈认同感。
56697889278,生活日杂,这个好吃,1,该用户被直播中展示的食品所吸引，认为其看起来美味可口。
56697889278,生活日杂,好好吃呀,1,该用户想表达的含义是：对直播中展示的食品表示强烈的喜爱和认可。
56697889278,生活日杂,是现做现发吗,1,该用户想确认商品是否为新鲜制作并立即发货。
56697889278,生活日杂,面包也要放水呀,0,该用户可能是对直播中展示的面包制作或保存方法感到好奇，想确认是否需要加水这一步骤。
56697889278,生活日杂,不用蒸吗,1,该用户是在询问产品是否需要蒸制后才能食用。
56697889278,生活日杂,红树林鸭蛋没了,1,该用户想表达的含义是：红树林鸭蛋已经售罄了，对此感到遗憾或询问是否还会补货。
56697889278,生活日杂,直接吃吗,1,该用户可能是在询问产品是否需要加工后才能食用，还是可以直接开袋即食。
56697889278,生活日杂,吃的真香,1,该用户被直播中展示的食品所吸引，表达了对食物美味程度的认可和享受的观感。
56697889278,生活日杂,吃过这个品牌的，不辣，香,1,该用户想表达的含义是：认可该品牌产品的口味，强调其香味突出且辣度适中。
56697889278,生活日杂,汉中米皮很好吃,1,该用户是在称赞汉中米皮的美味，暗示对产品的认可和潜在购买兴趣。
56697889278,生活日杂,不辣不辣，香,1,该用户想表达的含义是：这款食品虽然看起来辣但实际上不辣，而且香味很诱人。
56697889278,生活日杂,容易溅油点子,0,该用户可能是在询问或担心烹饪过程中油点飞溅的问题，暗示对产品使用体验的关注。
56697889278,生活日杂,馍怎么保存？,1,该用户可能是在询问所展示食品的储存方法，暗示对产品有实际使用需求和购买兴趣。
56697889278,生活日杂,买了，看着流口水,1,该用户想表达的含义是：已经下单购买了这款产品，并且对它的美味程度感到非常期待和兴奋。
56697889278,生活日杂,不能放冰箱，上次放了都成碎的了,0,该用户想表达的含义是：这种食品不适合冷藏保存，否则会影响口感或质地。
56697889278,生活日杂,香吗,1,该用户是在询问直播中展示的食物是否具有诱人的香味或美味的口感。
56697889278,生活日杂,小蕃茄有吗,1,该用户是在询问直播间是否有售卖小番茄这款商品。
56697889278,生活日杂,吓我一跳,0,该用户可能被直播中突然展示的食品效果或主播的夸张演示所惊讶，下意识表达了意外情绪。
56697889278,生活日杂,从小吃到大,0,该用户想表达的含义是：这款产品是自己长期喜爱的经典食品。
56697889278,生活日杂,枸杞,1,该用户可能在询问直播中是否有枸杞产品，或对枸杞的相关信息感兴趣。
56697889278,生活日杂,你吃的啥,1,该用户可能是好奇主播正在品尝的具体商品是什么，想进一步了解产品信息。
56697889278,生活日杂,真香,1,该用户想表达的含义是：对直播中展示的产品感到非常满意和喜爱。
56697889278,生活日杂,没有了,1,该用户想表达的含义是：之前提到的红树林鸭蛋已经售罄了。
56697889278,生活日杂,陕西的辣椒的特点，香而不辣,0,该用户是在强调陕西辣椒的风味特色，突出其香气浓郁但辣度适中的特点，以此表达对产品的认可或向其他观众推荐。
56697889278,生活日杂,看着传熙就想吃,1,该用户看到主播吃得很香的样子，产生了想尝试同款食品的欲望。
56697889278,生活日杂,哈哈哈哈哈哈哈，带劲毁了,0,该用户被直播内容逗乐并感到兴奋，表达了对当前展示商品的强烈兴趣和喜爱。
56697889278,生活日杂,没了,1,该用户想表达的含义是：商品已经售罄或库存没有了。
56697889278,生活日杂,纸都下不了单,1,该用户想表达的含义是：我想买纸巾但发现已经售罄无法下单了。
56697889278,生活日杂,在上一点,1,该用户可能在催促主播重新上架刚才售罄的商品或加快补货节奏。
56697889278,生活日杂,还有吗,1,该用户想询问主播是否还有之前提到的商品或福利可以购买或领取。
56697889278,生活日杂,馍保质期多久,1,该用户想表达的含义是：询问产品的保质期以考虑是否购买。
56697889278,生活日杂,咋没了,1,该用户想表达的是对商品售罄的惊讶和遗憾，希望主播能补货。
56697889278,生活日杂,冷藏还是常温储存冷藏还是常温储存,1,该用户想询问产品的储存方式是需要冷藏还是常温保存。
56697889278,生活日杂,没有啊,0,该用户可能在回应主播关于商品是否售罄的询问，表达对缺货状况的失望或确认无货事实。
56697889278,生活日杂,冷藏还是常温储存,1,该用户是在询问商品的储存方式，担心保存不当会影响产品品质。
56697889278,生活日杂,这孩真中,0,该用户想表达的含义是：这个孩子（主播或展示的产品）挺不错的，让人喜欢。
56697889278,生活日杂,那些不吃了吗？,0,该用户可能在询问之前提到的某种食品是否已经售罄或不再继续展示。
56697889278,生活日杂,白吉馍怎么做好吃,0,该用户可能是对直播中展示的白吉馍产生了兴趣，想了解烹饪方法以便购买后制作食用。
56697889278,生活日杂,胡萝卜,1,该用户可能是在询问或提及直播中展示的胡萝卜产品，表达对其购买或了解的兴趣。
56697889278,生活日杂,看你吃都流口水了,0,该用户被主播的吃相所感染，产生了强烈的食欲和购买冲动。
56697889278,生活日杂,昨天那茶叶呢,1,该用户想询问之前直播中提到的茶叶产品为何没有继续展示或售卖。
56697889278,生活日杂,下午好,0,该用户可能是在打招呼的同时，试图引起主播注意以询问商品信息或参与互动。
56697889278,生活日杂,传熙眼睛肿了呢,0,该用户可能是注意到主播传熙的状态不佳，出于关心或调侃而提及她的眼睛肿胀。
56697889278,生活日杂,现蒸的更带劲,0,该用户想表达的含义是：现蒸的食品口感更好，让人更有食欲。
56697889278,生活日杂,加点黄瓜丝更好吃,0,该用户是在对直播中展示的食品提出改进建议，认为添加黄瓜丝能提升口感。
56697889278,生活日杂,白吉饼可以油炸，吃油炸馍，加炸串，好吃,0,该用户想表达的含义是：白吉饼有多种美味的吃法，尤其是油炸后搭配炸串的风味值得推荐。
56697889278,生活日杂,还是说河南话好听,0,该用户想表达的含义是：主播用河南话介绍产品让人感到亲切有趣。
56697889278,生活日杂,去年买很好吃今天又拍了,1,该用户想表达的含义是：之前购买过这款产品觉得味道不错，所以这次又下单回购了。
56697889278,生活日杂,这个茶叶真的很好喝！！,1,该用户是在称赞茶叶品质优良，并可能暗示自己有购买或复购的意向。
56697889278,生活日杂,歪江,0,该用户可能是在用方言表达惊讶或赞叹的情绪，类似于“天哪”或“哇塞”的意思。
56697889278,生活日杂,米皮2号连接,1,该用户想表达的含义是：询问商品“米皮”的购买链接是否在直播间购物车的第2个位置。
56697889278,生活日杂,什么时候上春笋？,1,该用户是在询问直播中提到的春笋产品何时开始售卖或展示。
56697889278,生活日杂,我喝茶,0,该用户可能是在询问或暗示对之前提到的茶叶产品感兴趣，想了解相关购买信息或表达自己也有喝茶的习惯。
56697889278,生活日杂,苹果几分甜,1,该用户是在询问苹果的甜度如何，可能是在考虑购买前了解产品口味特点。
56697889278,生活日杂,主播刚才吃的是2号米皮,0,该用户是在确认主播刚才品尝的商品链接，以便自己下单购买。
56697889278,生活日杂,有椰枣？,1,该用户是在询问直播间是否有售卖椰枣产品。
56697889278,生活日杂,咖啡推荐个吧,1,该用户想表达的含义是：希望主播能推荐一款合适的咖啡产品。
56697889278,生活日杂,蓝梅咋没有了呢,1,该用户想表达的含义是：询问直播间为何不再售卖之前出现过的蓝莓产品。
56697889278,生活日杂,喜欢,1,该用户想表达的含义是：对当前直播展示的产品或内容感到满意并产生好感。
56697889278,生活日杂,好合,1,该用户想表达的含义是：这款产品看起来非常合适或符合心意。
56697889278,生活日杂,还有胡萝卜吗？,1,该用户是在询问直播间是否还有胡萝卜库存或是否会上架胡萝卜。
56697889278,生活日杂,给力,0,该用户想表达的含义是：对当前直播内容或优惠活动感到兴奋和满意。
56697889278,生活日杂,苹果东北不发货的,0,该用户可能在询问或抱怨苹果商品是否不支持配送到东北地区。
56697889278,生活日杂,妈呀，茶叶放太多了,0,该用户可能是在吐槽主播泡茶时茶叶用量过多，觉得味道会太浓或浪费。
56697889278,生活日杂,米皮，阴凉干燥通风处,0,该用户是在询问米皮的储存条件，想确认产品是否需要放在阴凉干燥通风的地方保存。
56697889278,生活日杂,是今年的新茶吗,1,该用户是在询问茶叶是否为当季新采摘的，以确认产品的新鲜度和品质。
56697889278,生活日杂,不错,1,该用户想表达的含义是：对当前直播展示的商品或内容表示认可和满意。
56697889278,生活日杂,米皮常温保存，短保，尽早吃完,0,该用户是在提醒其他人注意米皮的储存方式和保质期较短的特点，暗示需要尽快食用以避免浪费。
56697889278,生活日杂,好喝,1,该用户想表达的含义是：对当前直播中提到的某款饮品（可能是茶叶或其他饮料）表示认可和喜爱。
56697889278,生活日杂,有人要丹凤葡萄酒,1,该用户可能在询问直播间是否有其他人也对丹凤葡萄酒感兴趣，或者暗示自己有意购买这款产品。
56697889278,生活日杂,米皮，阴凉干燥通风处，11天,0,该用户是在询问米皮的保存条件和保质期，想知道在阴凉干燥通风处存放11天是否合适。
56697889278,生活日杂,春茶,1,该用户可能是在询问直播间是否有春季新茶上架或对主播提到的茶叶产品感兴趣。
56697889278,生活日杂,少放就不苦,0,该用户可能是在建议主播减少茶叶的投放量以避免茶汤过苦。
56697889278,生活日杂,不敢相信你们直播间了！不敢相信你们直播间了！不敢相信你们直播间了！不敢相信你们直播间了！不敢相信你们,0,该用户因对直播间的产品质量、服务或宣传感到失望而愤怒，通过重复刷屏表达强烈的不满情绪。
56697889278,生活日杂,牛肉,1,该用户可能是在询问直播间是否有牛肉相关产品在售，或对主播提到的牛肉内容产生兴趣。
56697889278,生活日杂,很香,1,该用户想表达的含义是：对当前直播中展示的商品感到非常满意或心动。
56697889278,生活日杂,下午好,0,该用户可能是在打招呼或表示自己刚进入直播间，试图融入当前的互动氛围。
56697889278,生活日杂,今天有茯茶,0,该用户可能在询问或确认直播间今天是否有茯茶这款产品在售或推荐。
56697889278,生活日杂,六堡茶也很好喝,1,该用户是在认可并推荐六堡茶的口味，暗示对其他茶叶产品也有兴趣或满意。
56697889278,生活日杂,拍了拍了,0,该用户想表达的含义是：我已经下单购买了（直播间的某款商品）。
56697889278,生活日杂,不敢相信你们直播间了！不敢相信你们直播间了！不敢相信你们直播间了！不敢相信你们直播间了！,0,该用户因对直播间的产品或服务产生强烈不满（可能是质量、发货问题或虚假宣传等），通过重复刷屏表达愤怒和失望情绪，并试图引起主播或其他观众注意。
56697889278,生活日杂,熙宝云南行唱歌有点害羞，是吗？,0,该用户是在以轻松闲聊的方式表达对主播熙宝表演状态的关注，而非直接询问商品信息或表达购买意向。
56697889278,生活日杂,这是什么茶,1,该用户可能对直播中展示的茶叶品种产生兴趣，想进一步了解产品具体信息以便决定是否购买。
56697889278,生活日杂,平安喜乐，万事胜意,0,该用户可能是在表达对直播间的祝福或支持，而非直接的购买兴趣。
56697889278,生活日杂,下午好,0,该用户可能是在礼貌性问候主播或其他观众，试图融入直播间的互动氛围，而非直接表达购买意向。
56697889278,生活日杂,送杯子吗？,1,该用户可能在询问直播间的促销活动是否包含赠送杯子的福利，以此判断是否值得参与购买。
56697889278,生活日杂,下午好！,0,该用户可能是在礼貌性问候主播或其他观众，同时观察直播间氛围并等待合适的互动时机。
56697889278,生活日杂,这种叫伴花茶,0,该用户可能是在询问或确认主播介绍的茶叶品种名称，表达对当前展示的“伴花茶”产品的兴趣或好奇。
56697889278,生活日杂,半斤,1,该用户可能在询问或确认商品的规格是否为半斤装。
56697889278,生活日杂,男士内裤没有码了吗,1,该用户是在询问直播间是否还有男士内裤的库存，并关注商品尺码是否齐全。
56697889278,生活日杂,什么时候返场，玫瑰精油,1,该用户想询问玫瑰精油这款商品是否会再次上架销售，表达了对该产品的购买意愿。
56697889278,生活日杂,平安喜乐,0,该用户可能是在表达对直播间的祝福或轻松友好的互动意愿，而非直接的购买兴趣。
56697889278,生活日杂,花tea,1,该用户可能是在询问或确认直播间正在介绍的花茶产品。
56697889278,生活日杂,苹果没货啦,1,该用户可能是在询问或抱怨直播间售卖的苹果产品（或与“苹果”相关的商品）已缺货，暗示自己原本有购买意向但未能抢到。  （解析：结合前文弹幕中频繁出现的商品讨论（如茶、内裤、玫瑰精油等）和缺货相关提问（“男士内裤没有码了吗”），可推断“苹果没货啦”属于同类场景——用户关注商品库存，并可能因缺货感到失望或催促补货。）
56697889278,生活日杂,新茶吗？,1,该用户是在询问直播中提到的茶叶是否为当季新上市的品种。
56697889278,生活日杂,茉莉花茶特好喝,1,该用户是在称赞茉莉花茶的口感和品质，可能暗示对这款产品的认可或购买意向。
56697889278,生活日杂,男士内裤能加码吗？,1,该用户是在询问男士内裤是否有更大尺码可供选择。
56697889278,生活日杂,有没有20cm的小铁锅？,1,该用户是在询问直播间是否售卖尺寸为20厘米的小型铁锅，表现出对该商品的购买意向。
56697889278,生活日杂,有蜂蜜吗,1,该用户是在询问直播间是否有蜂蜜产品在售。
56697889278,生活日杂,南宁横县茉莉花茶,1,该用户可能在询问或确认直播间当前介绍的茉莉花茶是否产自南宁横县，表现出对产品产地特色的关注或购买意向。
56697889278,生活日杂,这个茶复购2次了,1,该用户想表达的是对这款茶的认可和持续购买的意愿。
56697889278,生活日杂,挺好喝!一个礼拜前就买了,1,该用户是在分享自己之前购买并品尝过该产品后的正面体验，暗示对商品的认可和满意。
56697889278,生活日杂,两罐共一斤吗？,1,该用户是在询问商品的包装规格，即两罐茶叶的总重量是否为一斤。
56697889278,生活日杂,上指甲刀看看,1,该用户想表达的含义是：希望主播展示或介绍指甲刀这款商品。
56697889278,生活日杂,指甲刀看看,1,该用户想表达的含义是：希望主播展示或介绍指甲刀产品。
56697889278,生活日杂,这个茶好喝,1,该用户想表达的含义是：对这款茶的品质表示认可并可能产生购买意向。
56697889278,生活日杂,是新茶吗？,1,该用户是在询问直播中提到的茶叶是否为当季新采摘的。
56697889278,生活日杂,蓝莓有吗,1,该用户想询问直播间是否有售卖蓝莓产品。
56697889278,生活日杂,有紫砂壶吗,1,该用户是在询问直播间是否有售卖紫砂壶这一商品。
56697889278,生活日杂,平安喜乐，万事胜意,0,该用户可能是在表达对直播间的祝福或友好互动，而非直接的购买意向。
56697889278,生活日杂,3号链接可以放100°开水吗,1,该用户是在询问3号链接商品（可能是茶具或耐热容器）是否具备承受高温开水的性能。
56697889278,生活日杂,辣椒面,1,该用户可能在询问直播间是否有辣椒面这款商品在售。
56697889278,生活日杂,两罐就是半斤,0,该用户是在确认产品的规格信息，询问两罐茶叶的总重量是否为半斤。
56697889278,生活日杂,来了来了,0,该用户想表达的含义是：我准时进入直播间准备参与互动或购买了。
56697889278,生活日杂,鱼缸,1,该用户可能在询问直播间是否有鱼缸相关商品在售。
56697889278,生活日杂,马甲指甲锉,1,该用户想表达的含义是：询问直播间是否有售卖马甲款式的指甲锉产品。  （结合前文弹幕中频繁出现“指甲刀看看”的同类需求，且“马甲”可能指代产品外观设计或功能属性，用户在此语境下更倾向于表达对特定款式指甲锉的购买兴趣。）
56697889278,生活日杂,什么时候有味层香劲饼,1,该用户是在询问直播间是否会售卖“味层香劲饼”这款产品以及预计的上架时间。
56697889278,生活日杂,茉莉花茶还是真不错,1,该用户对茉莉花茶的品质表示认可，可能产生了购买意向或准备下单。
56697889278,生活日杂,读史明鉴改几点了？,0,该用户可能在询问直播中提到的某款茶叶（如茉莉花茶）的历史典故或制作工艺的介绍时间是否有调整。
56697889278,生活日杂,茶叶罐有吗,1,该用户是在询问直播间是否有售卖茶叶罐这一产品。
56697889278,生活日杂,有没有茶叶罐啊,1,该用户是在询问直播间是否有售卖茶叶罐这一商品，表现出对茶叶储存用品的潜在购买需求。
56697889278,生活日杂,买了2单指甲刀,1,该用户想表达的含义是：已经下单购买了两件指甲刀产品。
56697889278,生活日杂,牛奶啥时候上,1,该用户是在询问直播中即将销售的牛奶产品何时会开始介绍或上架。
56697889278,生活日杂,茉莉花茶带水杯？,1,该用户可能在询问茉莉花茶产品是否附带配套的水杯作为赠品或套装组合。
56697889278,生活日杂,茶叶保质期多久？,1,该用户可能在考虑购买茶叶，但需要确认保质期信息来评估是否值得囤货或长期存放。
56697889278,生活日杂,有夏天跑步带的塑料水杯吗,1,该用户可能在询问直播间是否有适合夏季跑步使用的便携塑料水杯产品。
56697889278,生活日杂,八珍糕怎么拍？,1,该用户想询问购买八珍糕的具体下单方式或操作步骤。
56697889278,生活日杂,裤子裤子,1,该用户可能在询问或催促主播介绍或上架裤子的相关信息或购买链接。
56697889278,生活日杂,小孩和老人也喜欢,0,该用户想表达的含义是：这款产品适合全年龄段使用，连小孩和老人都很满意。
56697889278,生活日杂,口粮茶不错了,1,该用户认为这款口粮茶的性价比和品质都令人满意，值得购买。
56697889278,生活日杂,女童初发育背心,1,该用户可能在询问直播间是否有适合青春期女孩穿的内衣背心产品。
56697889278,生活日杂,给个茶水的近景看看,1,该用户想表达的含义是：希望主播近距离展示茶水产品的细节以便进一步了解。
56697889278,生活日杂,多少钱,1,该用户想询问当前直播展示商品的具体价格。
56697889278,生活日杂,那天安排音响,1,该用户想询问直播中提到的音响产品何时会上架或进行促销介绍。
56697889278,生活日杂,3号链接杯子可以放100°开水吗,1,该用户是在询问3号链接的杯子是否具备耐高温特性，以确认其能否安全盛放沸水。
56697889278,生活日杂,是新茶吗,1,该用户是在询问直播中展示的茶叶是否为当季新采摘的。
56697889278,生活日杂,茶叶是属于那种的,1,该用户想询问茶叶的具体品类或分类属性。
56697889278,生活日杂,有砧板吗,1,该用户可能在询问直播间是否有售卖厨房用的砧板产品。
56697889278,生活日杂,什么口感，介绍一下,1,该用户想询问直播中展示的食品或饮品的味道特点，希望主播详细描述其风味和质地。
56697889278,生活日杂,什么口感,1,该用户想询问当前展示商品的口感特点或具体描述。
56697889278,生活日杂,什么口感介绍一下,1,该用户想询问主播详细介绍当前所讨论产品的味道和食用体验。
56697889278,生活日杂,里面有茉莉花吗,1,该用户是在询问直播中展示的产品是否含有茉莉花成分或原料。
56697889278,生活日杂,鸡蛋灌饼,0,该用户可能在询问直播间是否有售卖鸡蛋灌饼或相关产品。
56697889278,生活日杂,没有了,1,该用户可能是在询问之前提到的商品（如茉莉花茶、水杯等）是否已经售罄或下架了。
56697889278,生活日杂,下单10号商品,0,该用户明确表达了想要购买直播间中编号为10号的商品的意愿。
56697889278,生活日杂,下午好,0,该用户可能是在礼貌性地打招呼，试图融入直播间的互动氛围，但并未直接表达明确的购买意向。
56697889278,生活日杂,银水杯好漂亮,1,该用户被银水杯的外观吸引，产生了欣赏和潜在的购买兴趣。
56697889278,生活日杂,红薯片有？,1,该用户可能在询问直播间是否有红薯片这款商品在售。
56697889278,生活日杂,看看9号链接,1,该用户想表达的含义是：我想详细了解9号商品的信息或展示。
56697889278,生活日杂,玻璃杯子,1,该用户可能在询问直播中是否有玻璃杯相关的商品或想了解其详情。
56697889278,生活日杂,是纯香味还是用香精了啊,1,该用户是在询问产品是否使用了天然香料而非人工添加剂。
56697889278,生活日杂,你是不是胖了,0,该用户可能在委婉地询问主播展示的某款商品（如茶具或容器）是否比之前看起来更厚重或容量更大。
56697889278,生活日杂,苹果收到货和直播间一样吗,1,该用户担心实际收到的商品与直播展示的效果存在差异，希望确认产品实物是否与宣传一致。
56697889278,生活日杂,看看6号链接,1,该用户想表达的含义是：我想详细了解6号商品的信息，请主播展示或介绍。
56697889278,生活日杂,苹果和直播间一样吗,1,该用户是在询问直播间展示的苹果实物与收到后的商品是否一致，担心存在货不对版的情况。
56697889278,生活日杂,太好吃了,1,该用户想表达的含义是：对当前展示的食品味道非常满意，产生了强烈的购买欲望。
56697889278,生活日杂,有卷纸吗？,1,该用户可能在询问直播间是否有卷纸商品在售。
56697889278,生活日杂,小贝同款衬衣看一下,1,该用户想表达的含义是：我想了解主播小贝穿的这件衬衫的购买信息。
56697889278,生活日杂,61/1.5=40.66666667,0,该用户可能在计算商品折扣后的单价或优惠比例，表达对价格是否划算的疑问。
56697889278,生活日杂,能不能讲一下美早樱桃,1,该用户想表达的含义是：希望主播详细介绍美早樱桃的产品信息或特点。
56697889278,生活日杂,文和友酱板鸭还返场吗,1,该用户是在询问之前出现过的“文和友酱板鸭”商品是否会再次上架销售。
56697889278,生活日杂,有没有安吉白茶？,1,该用户是在询问直播间是否有售卖安吉白茶这一商品。
56697889278,生活日杂,10号链接的贝贝南瓜是粉的吗？,1,该用户想确认10号商品链接的贝贝南瓜是否具有粉糯口感这一品质特征。
56697889278,生活日杂,下午好,0,该用户可能是在礼貌性地打招呼或表示自己刚进入直播间，尚未明确表达购买意向。
56697889278,生活日杂,酸不酸,1,该用户可能在询问直播中展示的水果（如苹果或樱桃）的口感是否偏酸。
56697889278,生活日杂,西红柿,1,该用户可能在询问直播间是否有西红柿相关商品或对其品质进行了解。
56697889278,生活日杂,女童初发育背心,1,该用户可能在询问直播间是否有适合青春期初期女孩穿着的内衣产品。
56697889278,生活日杂,胡萝卜没有了吗？,1,该用户可能在询问直播间之前展示过的胡萝卜商品是否已经售罄或下架。
56697889278,生活日杂,西红柿有吗,1,该用户想询问直播间是否有西红柿在售。
56697889278,生活日杂,辽宁拍不了,0,该用户想表达的含义是：自己所在的辽宁地区无法参与当前商品的购买或配送。
56697889278,生活日杂,长春怎么拍不到？,0,该用户想表达的含义是：自己所在的长春地区无法下单购买直播间的商品。
56697889278,生活日杂,8号好用不，指甲剪,1,该用户是在询问8号链接产品的使用效果，特别是针对指甲修剪功能的实际体验。
56697889278,生活日杂,有没有安吉白茶,1,该用户是在询问直播间是否有售卖安吉白茶这款产品。
56697889278,生活日杂,什么时候的苹果,1,该用户想询问直播中提到的苹果是什么季节或产地的。
56697889278,生活日杂,中果没有货了,1,该用户想表达的含义是：询问中等大小的苹果是否已经售罄。
56697889278,生活日杂,要胡萝卜,1,该用户想表达的含义是：询问直播间是否还有胡萝卜库存并有意购买。
56697889278,生活日杂,电器,1,该用户可能在询问直播间是否有电器类商品在售或想了解相关电器的信息。
56697889278,生活日杂,人体工学椅,1,该用户可能在询问直播间是否有售卖人体工学椅，或是希望主播介绍相关产品信息。
56697889278,生活日杂,有没有蓝莓啊,1,该用户是在询问直播间是否有蓝莓产品在售。
56697889278,生活日杂,中果没有了,1,该用户想表达的含义是：询问直播间中果规格的商品是否已经售罄。
56697889278,生活日杂,刚来，问下这个苹果好吃吗？,1,该用户想表达的含义是：询问当前直播中介绍的苹果产品的口感如何以判断是否值得购买。
56697889278,生活日杂,没有了,1,该用户想表达的含义是：之前提到的商品已经售罄了。
56697889278,生活日杂,生吃,0,该用户可能在询问直播中展示的某样食材（如胡萝卜或西红柿）是否可以生吃。
56697889278,生活日杂,苹果没有了,1,该用户想表达的含义是：询问直播间是否还有苹果库存或补货。
56697889278,生活日杂,好吃,1,该用户想表达的含义是：对直播中提到的苹果或其他食品的味道表示肯定或感兴趣。
56697889278,生活日杂,蜂蜜,1,该用户可能在询问直播间是否有蜂蜜售卖或对其品质、价格等产生兴趣。
56697889278,生活日杂,苹果,1,该用户可能在询问当前直播中苹果的相关信息，比如品种、库存或口感。
56697889278,生活日杂,脆的吗,1,该用户是在询问直播中展示的商品（可能是苹果或其他水果）是否口感酥脆。
56697889278,生活日杂,还有多少小伙伴在云南,0,该用户可能是在询问直播间里还有多少观众是来自云南的，以此判断商品是否适合当地购买或是否有同乡在观看。
56697889278,生活日杂,下午好呀好呀,0,该用户可能是在友好回应主播的问候，同时暗示自己刚进入直播间并保持观望态度。
56697889278,生活日杂,东北苹果不发货呢,0,该用户是在询问为什么东北苹果无法下单购买，可能对产品缺货或配送限制感到疑惑。
56697889278,生活日杂,传熙，下午好！,0,该用户可能是在友好问候主播的同时，暗示自己刚进入直播间并关注互动氛围，尚未明确表达具体购买意向。
56697889278,生活日杂,宇航梦川菜,0,该用户可能在询问直播间是否有售卖与“宇航”或“川菜”相关的特色产品，比如太空主题的食品或川菜调料包。
56697889278,生活日杂,东北地区发货,0,该用户可能在询问商品是否支持发往东北地区，或是确认之前提到的“东北苹果不发货”是否属实。
56697889278,生活日杂,现在不冷了,0,该用户可能是在回应之前关于苹果库存或发货问题的讨论，暗示当前季节或地区已经不再寒冷，因此不需要担心苹果的储存或运输问题。
56697889278,生活日杂,苹果口感怎么样,1,该用户想询问苹果的味道和质地如何，以判断是否值得购买。
56697889278,生活日杂,酸吗？,1,该用户是在询问直播中展示的苹果是否口感偏酸。
56697889278,生活日杂,东北地区发货吧,0,该用户是在确认商品是否支持发往东北地区。
56697889278,生活日杂,没货了,1,该用户想表达的含义是：询问或确认直播间所售的苹果是否已经售罄。
56697889278,生活日杂,啥时候卖炒菜铁锅呢,1,该用户是在询问直播间何时会上架炒菜铁锅这款商品，表现出明确的购买意向和需求。
56697889278,生活日杂,卖不到,1,该用户想表达的含义是：商品已经售罄无法购买。
56697889278,生活日杂,拍不了呢,1,该用户可能是在表达自己所在的地区无法下单购买当前直播中提到的商品。
56697889278,生活日杂,下午好！,0,该用户可能是出于礼貌打招呼，同时暗示自己刚进入直播间并关注当前互动氛围。
56697889278,生活日杂,这个苹果好吃,1,该用户可能在询问或确认直播中介绍的苹果口味是否令人满意，隐含对产品的兴趣或购买意向。
56697889278,生活日杂,没有苹果,1,该用户想表达的含义是：直播间目前没有售卖苹果或者苹果已售罄。
56697889278,生活日杂,什么时候上味层香劲饼,1,该用户是在询问主播接下来是否会推出“味层香劲饼”这款产品，并希望了解具体的上架时间。
56697889278,生活日杂,没有了,1,该用户想表达的含义是：商品已经售罄无法购买了。
56697889278,生活日杂,啥时候卖章丘铁锅呢,1,该用户想询问直播间何时会上架章丘铁锅这类商品，表现出对特定厨具的购买意向。
56697889278,生活日杂,小果多大,1,该用户想询问直播中提到的苹果（可能是“小果”品种）的具体尺寸或规格。
56697889278,生活日杂,酸不酸,1,该用户想询问直播中介绍的苹果是否带有酸味，以判断是否符合自己的口味偏好。
56697889278,生活日杂,红彤彤的喜庆色,0,该用户可能是在称赞当前展示的商品颜色喜庆讨喜，暗示对商品外观的喜爱和购买兴趣。
56697889278,生活日杂,吃的是大果吗,1,该用户是在询问直播中展示的苹果是否为较大规格的果实。
56697889278,生活日杂,一直吃这个苹果,0,该用户想表达的含义是：我长期购买并食用这款苹果产品。
56697889278,生活日杂,筷子上一下,1,该用户想表达的含义是：希望主播尽快上架筷子商品。
56697889278,生活日杂,你的衣服好好看在哪买的,1,该用户被直播中展示的服装吸引，想询问购买渠道。
56697889278,生活日杂,苹果东北地区不发货,0,该用户是在询问或抱怨苹果商品不支持配送到东北地区。
56697889278,生活日杂,啥时候再来个珍珠专场,1,该用户希望直播间再次举办珍珠主题的促销活动。
56697889278,生活日杂,补货啊,1,该用户急切希望直播间尽快补充已售罄的商品库存。
56697889278,生活日杂,主播就是吃呀吃,0,该用户想表达的含义是：主播一直在试吃展示的商品（苹果）。
56697889278,生活日杂,洛川苹果好吃,1,该用户是在认同主播推荐的洛川苹果品质不错，可能暗示自己有购买意向或希望了解更多产品信息。
56697889278,生活日杂,沈阳拍不了,0,该用户想表达的含义是：商品在沈阳地区无法购买或配送。
56697889278,生活日杂,上车啊,0,该用户想表达的含义是：催促主播尽快开售或上架当前讨论的商品。
56697889278,生活日杂,哈尔滨哈尔滨开通呀,0,该用户想表达的含义是：催促主播尽快开通哈尔滨地区的购买渠道或发货服务。
56697889278,生活日杂,主播的衣服在哪里买的,1,该用户对主播的服装感兴趣，想了解购买渠道以便自己也能购买同款。
56697889278,生活日杂,苹果好吃,1,该用户是在认可苹果的品质，暗示有购买意向。
56697889278,生活日杂,都是这么红吗？,1,该用户是在询问直播中展示的商品（可能是苹果或其他红色产品）的颜色是否全都如此鲜艳。
56697889278,生活日杂,没有了,1,该用户想表达的含义是：商品已经售罄了，希望尽快补货。
56697889278,生活日杂,苹果红润 脆甜 太好吃了,1,该用户是在称赞苹果的品质优秀，表达出对产品的满意和认可，暗示有购买兴趣或愿意推荐给他人。
56697889278,生活日杂,大连美早樱桃怎么找不到了,1,该用户想表达的含义是：询问之前展示过的大连美早樱桃商品为何现在无法在直播间找到或购买。
56697889278,生活日杂,还有没有澜沧古茶,1,该用户是在询问直播间是否还会补货或再次上架澜沧古茶的茶叶产品。
56697889278,生活日杂,不是没货说什么啊,0,该用户想表达的含义是：既然商品已经售罄，主播就不该再继续宣传介绍。
56697889278,生活日杂,蛇果有没有,1,该用户是在询问直播间是否有售卖蛇果这款产品。
56697889278,生活日杂,脆的还是粉的呀,1,该用户想询问直播中展示的苹果是口感脆爽的还是质地粉糯的。
56697889278,生活日杂,好吃吗,1,该用户想询问主播正在展示的苹果或其他食品的口感和味道如何。
56697889278,生活日杂,你手上的是什么果,1,该用户想询问主播手中展示的水果品种或具体名称。
56697889278,生活日杂,下午好呀,0,该用户可能是在友好打招呼的同时，暗示自己刚进入直播间并关注当前讨论的苹果或其他水果产品。
56697889278,生活日杂,你的衣服在哪买的很好看,1,该用户想表达的含义是：询问主播身上衣服的购买渠道，因为觉得款式很吸引人。
56697889278,生活日杂,很多朋友拍不了,1,该用户想表达的含义是：不少观众因为地区限制无法购买商品。
56697889278,生活日杂,沈阳为啥拍不了呢,0,该用户想表达的含义是：询问为何自己所在地区（沈阳）无法购买直播间的商品。
56697889278,生活日杂,朋友们，东北黑米句句好吃,1,该用户是在热情推荐东北黑米，暗示其品质优良值得购买。
56697889278,生活日杂,没了,1,该用户想表达的含义是：商品已经售罄或下架了。
56697889278,生活日杂,小果看看,1,该用户可能是想让主播展示或介绍一种名为“小果”的水果产品。
56697889278,生活日杂,苹果好吃,1,该用户是在询问或确认直播中展示的苹果的口感品质，表达了对产品的兴趣和关注。
56697889278,生活日杂,中果没货,1,该用户想表达的含义是：中等大小的苹果已经售罄了。
56697889278,生活日杂,拍了中果,1,该用户想表达的含义是：我已经下单购买了中等大小的苹果。
56697889278,生活日杂,脆的吗？,1,该用户是在询问直播中展示的水果（可能是苹果或樱桃）的口感是否酥脆。
56697889278,生活日杂,苹果回购了几次，好吃,1,该用户想表达的含义是：对苹果的品质感到满意，已经多次复购并认可其口感。
56697889278,生活日杂,苹果是什么品种的,1,该用户想询问直播中展示的苹果具体属于哪个品种。
56697889278,生活日杂,苹果东北地区发货吧,0,该用户是在询问苹果是否支持发货到东北地区。
56697889278,生活日杂,沈阳不发货 拍不了呢,0,该用户想表达的含义是：由于所在地区无法配送，导致无法下单购买商品。
56697889278,生活日杂,这苹果是哪里产的？,1,该用户想询问苹果的产地信息以评估是否值得购买。
56697889278,生活日杂,有车厘子吗,1,该用户想表达的含义是：询问直播间是否有车厘子在售。
56697889278,生活日杂,小米面 超细玉米面,1,该用户可能在询问或推荐直播间是否售卖精细加工的小米面和玉米面产品。
56697889278,生活日杂,好吃,1,该用户想表达的含义是：对直播中提到的苹果表示认可和赞赏，认为其味道不错。
56697889278,生活日杂,东北地区不发货,0,该用户是在询问或确认东北地区是否在商品的配送范围内，并表达因无法购买而产生的遗憾或不满。
56697889278,生活日杂,好吃得很，回购几次了,1,该用户是在积极评价产品品质并表示自己已是多次购买的老顾客。
56697889278,生活日杂,小的呢？多大,1,该用户可能在询问商品是否有更小尺寸的选项以及具体规格。
56697889278,生活日杂,拍不了沈阳,0,该用户想表达的是：由于地区限制，沈阳的消费者无法下单购买该商品。
56697889278,生活日杂,是应季果吗,1,该用户是在询问直播中介绍的苹果是否是当前季节的时令水果。
56697889278,生活日杂,东北地区要求发货,0,该用户是在询问或要求直播间能否将商品发货到东北地区。
56697889278,生活日杂,中和大，看看,1,该用户想询问中大尺寸苹果的库存情况并希望主播展示产品。
56697889278,生活日杂,已经下单，尽快发货,0,该用户想表达的含义是：我已经完成了购买，希望商家能快速处理订单并发货。
56697889278,生活日杂,已拍,0,该用户想表达的含义是：我已经下单购买了这款产品。
56697889278,生活日杂,小果没有货呀,1,该用户想表达的含义是：询问小规格的苹果是否已经售罄。
56697889278,生活日杂,小果也好吃,1,该用户可能是在询问或确认小果的口感是否同样令人满意，暗示对小果也有购买兴趣。
56697889278,生活日杂,支持,0,该用户想表达的含义是：认可主播推荐的产品并愿意下单支持。
56697889278,生活日杂,东北地区不冷了,0,该用户想表达的含义是：既然东北地区现在不冷了，应该可以正常发货了。
56697889278,生活日杂,沈阳拍不了！,0,该用户想表达的含义是：由于地区限制，沈阳无法下单购买该商品。
56697889278,生活日杂,正在吃，这个洛川苹果真的好吃,1,该用户想表达的含义是：对洛川苹果的品质表示认可并分享自己的食用体验，间接推荐该产品。
56697889278,生活日杂,是应季水果吗,1,该用户是在询问当前售卖的水果是否符合当季时令，以此判断其新鲜度和购买价值。
56697889278,生活日杂,没货了,1,该用户想表达的含义是：想购买的商品已经售罄了。
56697889278,生活日杂,衣服不错,1,该用户可能是在观看服装展示环节时，对主播推荐的款式表示认可和兴趣，暗示有潜在的购买意愿。
56697889278,生活日杂,我们洛川苹果,0,该用户可能是在询问或确认直播中提到的洛川苹果的相关信息，比如品种、产地或品质特点。
56697889278,生活日杂,芒果有没有,1,该用户想询问直播中是否有芒果在售或展示。
56697889278,生活日杂,发什么快递？,0,该用户想询问商家使用的快递公司或物流方式，以便评估自己所在地区是否能正常收货。
56697889278,生活日杂,小米面 小米面 小米面小米面小米面小米面,1,该用户可能在急切询问或强调直播间是否售卖小米面产品。
56697889278,生活日杂,过年时沈阳发货了！,0,该用户想表达的含义是：询问商品是否能在春节期间正常发货到沈阳地区。
56697889278,生活日杂,东北是真不发呀,0,该用户是在抱怨东北地区无法购买或配送该商品。
56697889278,生活日杂,芒果,1,该用户想询问直播中是否有芒果在售。
56697889278,生活日杂,买不到苹果,1,该用户想表达的含义是：想购买苹果但发现商品已售罄或缺货。
56697889278,生活日杂,在超市买的洛川苹果很好吃,0,该用户是在认可洛川苹果的品质，并暗示对直播间销售的同类产品感兴趣。
56697889278,生活日杂,中果是哪个？,1,该用户可能在询问直播中提到的水果规格分类，想知道“中果”具体指的是哪种大小或等级的苹果。
56697889278,生活日杂,有没有耙耙柑,1,该用户是在询问直播间是否有售卖耙耙柑这款水果，表现出对该产品的购买兴趣。
56697889278,生活日杂,啥快递,0,该用户是在询问商品发货所使用的快递公司。
56697889278,生活日杂,看看小果,1,该用户想询问主播是否可以展示或介绍小果品种的商品详情。
56697889278,生活日杂,我买了几次小果，很满意,1,该用户想表达的含义是：我对这款小果的品质感到认可，并且有复购的意愿。
56697889278,生活日杂,非常好吃,1,该用户想表达的含义是：对直播中提到的洛川苹果表示认可和赞赏，暗示有购买意向。
56697889278,生活日杂,几分甜,1,该用户可能在询问产品的甜度等级或口感描述。
56697889278,生活日杂,中果没有了,1,该用户想表达的含义是：询问中等大小的苹果是否已经售罄。
56697889278,生活日杂,东北地区不冷了已经不冷了,0,该用户想表达的含义是：东北地区现在已经不冷了，不需要再担心发货问题。
56697889278,生活日杂,苹果没货,1,该用户想表达的含义是：对直播间目前无法购买到苹果感到失望或询问补货情况。
56697889278,生活日杂,是今年还是去年的,1,该用户可能在询问直播中展示的商品（如苹果或其他水果）是今年的新货还是去年的库存。
56697889278,生活日杂,告诉大家真的脆甜,0,该用户想表达的含义是：这款苹果口感确实又脆又甜，推荐大家购买。
56697889278,生活日杂,小果是那种,1,该用户可能是在询问主播关于“小果”的具体品种或品质特征。
56697889278,生活日杂,看下中果和大果,1,该用户想表达的含义是：希望主播展示或介绍中等大小和较大尺寸的苹果以供选择。
56697889278,生活日杂,有玫瑰吗？,1,该用户可能在询问直播间是否有售卖玫瑰相关产品，表现出对特定商品的兴趣和购买意向。
56697889278,生活日杂,长春为啥不发货,0,该用户是在询问为何长春地区无法享受该商品的配送服务。
56697889278,生活日杂,超细玉米面 超细玉米面 超细玉米面超细玉米面 超细玉米面 超细玉米面,1,该用户可能是想反复强调对“超细玉米面”的强烈兴趣或询问该产品的相关信息。
56697889278,生活日杂,盼盼的鞋子有没有,1,该用户是在询问直播间是否有售卖“盼盼”品牌的鞋子。
56697889278,生活日杂,买过真的好吃,1,该用户想表达的含义是：自己曾购买过该产品并认可其品质，暗示推荐或肯定商品的食用体验。
56697889278,生活日杂,中果没货,1,该用户想表达的含义是：询问或提醒直播间中果规格的苹果目前缺货的情况。
56697889278,生活日杂,孩子的筷子呢,1,该用户可能在询问直播中是否有适合儿童使用的筷子商品。
56697889278,生活日杂,酸奶吗,1,该用户可能在询问当前直播展示的商品是否为酸奶，表现出对酸奶产品的潜在兴趣。
56697889278,生活日杂,对比一下大小,1,该用户想表达的含义是：想了解不同规格产品的尺寸差异以便做出购买选择。
56697889278,生活日杂,云南的咖啡还有吗,1,该用户想询问直播间是否还有云南产咖啡的库存可供购买。
56697889278,生活日杂,鲜海参？？,1,该用户可能在询问直播间是否售卖新鲜海参，并对其品质或详情感到好奇。
56697889278,生活日杂,熙宝好,0,该用户可能在表达对主播“熙宝”的喜爱或支持，属于互动型弹幕而非直接购买意向。
56697889278,生活日杂,主播粗细怎么调整啊？可以教一下吗？,0,该用户想询问主播关于产品规格（如玉米面粗细度）的调整方法并希望获得操作指导。
56697889278,生活日杂,咖啡还有吗,1,该用户是在询问直播间当前是否还有咖啡库存可供购买。
56697889278,生活日杂,种树的最佳时间是十年前，其次是现在,0,该用户可能在暗示当前直播推荐的产品（如果树苗或相关商品）值得立即购买，强调现在就是最佳行动时机。
56697889278,生活日杂,橱窗在哪里,0,该用户可能在询问如何找到直播间内的商品购买链接或入口。
56697889278,生活日杂,蓝莓有吗今天,1,该用户是在询问直播间今天是否有蓝莓产品在售。
56697889278,生活日杂,啥时候再上蓝牙耳机呀,1,该用户想表达的含义是：询问蓝牙耳机的补货时间，表现出明确的购买意向。
56697889278,生活日杂,与辉同行,0,该用户可能是在询问或提及直播间中某个与“辉”相关的主播、品牌或产品系列，表达对其的关注或购买意向。
56697889278,生活日杂,墨镜有没有？,1,该用户是在询问直播间是否有墨镜这款商品可供购买。
56697889278,生活日杂,鲈鱼,1,该用户可能在询问直播间是否有鲈鱼售卖或相关产品信息。
56697889278,生活日杂,加热15分钟,0,该用户可能在询问产品（如食品或电器）的加热操作时长或提醒主播演示加热步骤。
56697889278,生活日杂,fg g,0,该用户可能因输入匆忙或误触导致发送了无意义的乱码，实际并未表达明确的购买意向或有效互动内容。
56697889278,生活日杂,买了这个玉米 好吃 黏糊,1,该用户想表达的含义是：自己之前购买过这款玉米，对其口感和黏糯度表示满意。
56697889278,生活日杂,咖啡有吗,1,该用户是在询问直播间是否有咖啡产品在售。
56697889278,生活日杂,蓝莓橱窗里有,0,该用户想表达的含义是：蓝莓在直播间的购物橱窗里有上架。
56697889278,生活日杂,粘豆包来点,1,该用户想表达的含义是：询问主播是否有粘豆包在售并表达购买意向。
56697889278,生活日杂,宇辉还在云南吗？,0,该用户可能在询问主播是否仍在云南进行直播或相关活动，以确认当前展示的商品是否属于云南特产或当地特色产品。
56697889278,生活日杂,好吃吗,1,该用户想询问直播中展示的食品口感如何，可能是对之前提到的粘豆包、玉米或蓝莓等食物产生兴趣。
56697889278,生活日杂,传熙董董傻傻分不清楚[发呆][发呆][发呆],0,该用户可能在调侃或吐槽直播间中两位主播（传熙和董董）的外貌或风格相似，导致自己难以分辨。
56697889278,生活日杂,咖啡还有吗,1,该用户是在询问直播间当前是否还有咖啡库存可供购买。
56697889278,生活日杂,玉米排骨汤[爱心],1,该用户可能是看到之前有人提到玉米好吃，因此用爱心表情表达对玉米排骨汤这款产品的兴趣或认可。
56697889278,生活日杂,甜吗,1,该用户是在询问直播中展示的某款水果或甜食的口感是否足够甜。
56697889278,生活日杂,已经回购，非常好吃,1,该用户想表达的含义是：自己之前购买过该产品且体验满意，现在再次购买以表示对商品的认可和支持。
56697889278,生活日杂,这个太软了，没有一点嚼劲,0,该用户想表达的含义是：对当前展示的食品口感不满意，认为过于松软缺乏韧性。
56697889278,生活日杂,海参涨价了吗,1,该用户可能在询问海参当前的价格是否有所变动，并隐含对购买海参的兴趣或对价格波动的关注。
56697889278,生活日杂,砂锅有吗,1,该用户是在询问直播间是否有售卖砂锅产品。
56697889278,生活日杂,传熙回一下吧，我们很担心宇辉,0,该用户是在询问主播传熙能否回应关于宇辉近况的关切，体现出对直播团队成员动态的关注而非直接购买意向。
56697889278,生活日杂,发货太慢,0,该用户可能对之前购买的商品发货速度不满意，暗示对商家的物流服务有抱怨或催促加快发货。
56697889278,生活日杂,甜吗,1,该用户是在询问直播中展示的某款食品（可能是玉米或其他甜味产品）的甜度如何，以此判断是否值得购买。
56697889278,生活日杂,今天有小番茄吗,1,该用户是在询问直播间当前是否有小番茄这款商品在售。
56697889278,生活日杂,不错不错,1,该用户想表达的含义是：对当前直播中展示的商品或内容表示认可和满意。
56697889278,生活日杂,黑玉米,1,该用户可能在询问或表达对直播间正在介绍的黑玉米产品的兴趣或疑问。
56697889278,生活日杂,有吃过的吗？好吃吗,1,该用户是在询问其他观众对产品的实际体验和评价，以判断是否值得购买。
56697889278,生活日杂,咋保存？？？？？？,1,该用户想询问如何收藏或保存当前直播中展示的商品或内容。
56697889278,生活日杂,300g,0,该用户可能在询问商品的规格或重量是否合适，比如“这个产品的重量是300克吗？”或“300克的分量够用吗？”。
56697889278,生活日杂,砂锅有吗？,1,该用户可能在询问直播间是否有售卖砂锅产品，表达了对该商品的潜在购买兴趣。
56697889278,生活日杂,有玉米须吗,1,该用户是在询问直播间是否有售卖玉米须这一产品。
56697889278,生活日杂,300克,0,该用户可能在询问或确认直播中提到的商品（如黑玉米或其他食品）的具体重量是否为300克。
56697889278,生活日杂,有甜一点的水果玉米吗？,1,该用户是在询问直播间是否有口感更甜的水果玉米品种可供购买。
56697889278,生活日杂,需要放冰箱吗,1,该用户是在询问商品的储存方式是否需要在冰箱冷藏。
56697889278,生活日杂,5天8小时，晚上不准加班,0,该用户可能在询问商品的保质期或储存条件，并强调希望避免因加班导致收货延误的情况。
56697889278,生活日杂,这个海参和以前的海参一样吗,1,该用户是在询问当前展示的海参产品与之前售卖过的版本在品质或口感上是否有差异。
56697889278,生活日杂,甜吗,1,该用户是在询问直播中提到的某款水果或甜味食品的甜度如何。
56697889278,生活日杂,什么时候有大米,1,该用户是在询问直播间是否会售卖大米以及具体的上架时间，表现出对购买大米的潜在兴趣。
56697889278,生活日杂,有蓝莓吗,1,该用户是在询问直播间是否有蓝莓产品在售。
56697889278,生活日杂,银耳圈,1,该用户可能在询问直播间是否有银耳圈这款产品或其相关信息。
56697889278,生活日杂,甜不甜,1,该用户是在询问直播中展示的水果或玉米等甜味食品的口感是否足够甜。
56697889278,生活日杂,有藕粉吗,1,该用户是在询问直播间是否有售卖藕粉这款产品。
56697889278,生活日杂,要甜的,1,该用户想询问直播中展示的商品（可能是水果玉米或其他甜味食品）是否口感足够甜。
56697889278,生活日杂,看上去不错,1,该用户可能对当前展示的商品产生了初步好感，认为产品外观或介绍符合自己的期待。
56697889278,生活日杂,没在云南了吗,0,该用户可能是在询问主播是否已经结束在云南的直播或产品展示环节。
56697889278,生活日杂,有燕麦吗,1,该用户是在询问直播间是否有售卖燕麦产品。
56697889278,生活日杂,要水果玉米,1,该用户想表达的是对水果玉米有明确的购买意向。
56697889278,生活日杂,看着好吃不发新疆啊,0,该用户想表达的含义是：产品看起来不错，但遗憾无法配送到新疆地区。
56697889278,生活日杂,奶粉什么时候再有？,1,该用户是在询问奶粉补货或再次上架的具体时间，表现出明确的购买意向和需求。
56697889278,生活日杂,有水果玉米吗,1,该用户是在询问直播间是否有售卖水果玉米这一商品，可能对甜度较高的玉米品种感兴趣。
56697889278,生活日杂,今天会有深圳航空的机票吗？,1,该用户是在询问直播间是否会售卖深圳航空的机票产品。
56697889278,生活日杂,给力,0,该用户可能是在对主播介绍的产品或优惠活动表示认可和赞赏，觉得内容吸引人或价格划算。
56697889278,生活日杂,有黄色玉米吗,1,该用户想询问直播间是否有黄色的水果玉米在售。
56697889278,生活日杂,好吃,1,该用户想表达的含义是：这款食品看起来非常美味诱人。  （结合前文弹幕中频繁出现对食品口味、品质的关注（如“甜吗”“要甜的”“看着好吃”等），以及“好吃”本身的直观评价属性，可推断用户是在肯定产品的吸引力，可能隐含进一步了解或购买的意向。）
56697889278,生活日杂,收到不用放冰箱。？,1,该用户可能在询问产品是否需要冷藏保存，同时隐含对产品储存方式的关注和潜在的购买意向。
56697889278,生活日杂,想买电饼铛,1,该用户表达了对电饼铛产品的购买意向。
56697889278,生活日杂,保温箱,1,该用户可能在询问直播间是否有保温箱产品出售。
56697889278,生活日杂,好治,1,该用户想表达的是“这个产品看起来很有效/吸引人”。
56697889278,生活日杂,又甜又糯的玉米有吗,1,该用户是在询问直播间是否有口感甜糯的玉米品种可供购买。
56697889278,生活日杂,今天会有深航直播吗,1,该用户可能在询问当天是否会有关于深圳航空相关产品或服务的直播场次。
56697889278,生活日杂,看着好吃,1,该用户被直播展示的食品所吸引，产生了品尝或购买的意愿。
56697889278,生活日杂,什么时候上保温箱,1,该用户是在询问保温箱产品的上架时间，表现出明确的购买意向。
56697889278,生活日杂,你倒是啃啊,0,该用户是在催促主播尽快试吃或展示产品（玉米），以验证其品质或口感。
56697889278,生活日杂,没在云南了？,0,该用户是在询问商品是否不再支持云南地区的配送或服务。
56697889278,生活日杂,煮多久,1,该用户可能是在询问当前展示的玉米产品需要煮多长时间才能食用。
56697889278,生活日杂,讲一下小萨牛牛的口味吧！讲一下小萨牛牛的口味吧！讲一下小萨牛牛的口味吧！讲一下小萨牛牛的口味吧讲一下,1,该用户迫切希望主播详细介绍“小萨牛牛”这款产品的具体口味特点，可能因重复刷屏引起注意或对产品有强烈兴趣。
56697889278,生活日杂,传熙，玉米甜不甜,1,该用户是在询问主播“传熙”所推荐的玉米口感是否足够甜，以此判断是否符合自己的购买需求。
56697889278,生活日杂,这个不拉丝啊,0,该用户可能是在质疑或抱怨当前展示的产品（如某种食品）的实际效果与宣传不符，认为其缺乏“拉丝”这一卖点特性。
56697889278,生活日杂,花玉米有吗,1,该用户是在询问直播间是否有售卖花玉米这一品种的商品。
56697889278,生活日杂,水煮多长时间,1,该用户想询问玉米需要煮多久才能达到理想的口感。
56697889278,生活日杂,福临门的大米还补货吗,1,该用户想询问福临门品牌的大米是否会再次上架销售。
56697889278,生活日杂,是不是预制菜,1,该用户可能是在询问直播中展示的食品是否为预先加工好的半成品，以此判断其新鲜度和购买价值。
56697889278,生活日杂,还有鲜花饼吗,1,该用户想询问直播间是否还有鲜花饼库存可供购买。
56697889278,生活日杂,近期还会有护肤品专场吗？,1,该用户想询问未来是否会安排专门的护肤品促销活动，表现出对护肤品的潜在购买意向。
56697889278,生活日杂,玉米有没有甜味,1,该用户想询问主播所售卖的玉米是否属于甜玉米品种，以此判断是否符合自己的口味偏好和购买需求。
56697889278,生活日杂,50分钟,0,该用户可能在询问玉米或其他食品需要煮多长时间才能达到理想口感。
56697889278,生活日杂,甜不甜？？？？？？,1,该用户想询问直播中介绍的玉米或其他甜味食品的实际甜度如何。
56697889278,生活日杂,离云南好近,0,该用户可能是在暗示自己地理位置接近云南，对直播中提到的云南特产（如鲜花饼）或相关商品有潜在购买兴趣。
56697889278,生活日杂,甜吗,1,该用户想询问直播中展示的玉米或其他食品是否具有甜味这一口感特征。
56697889278,生活日杂,海参来一波,1,该用户希望主播尽快上架或推荐海参产品。
56697889278,生活日杂,传熙，宇辉还在云南吗？,0,该用户是在询问主播传熙关于另一位主播宇辉是否仍在云南直播带货，可能想确认当前产品的产地或活动信息以便决定是否购买。
56697889278,生活日杂,已拍,0,该用户想表达的含义是：我已经下单购买了（你们提到的某款产品）。
56697889278,生活日杂,玉米甜不甜,1,该用户是在询问玉米的口感是否香甜，以此判断是否值得购买。
56697889278,生活日杂,辉辉回北京了吗？,0,该用户是在询问主播辉辉是否已经结束云南的行程返回北京，可能出于对主播动态的关注或想确认后续直播安排。
56697889278,生活日杂,珂岸护唇膏今天还上不,1,该用户是在询问珂岸护唇膏是否会在当天的直播中再次上架或补货，表现出明确的购买意向和对该商品的关注。
56697889278,生活日杂,玫瑰花瓣什么时候可以返场呀,1,该用户想询问之前销售过的玫瑰花瓣商品是否会再次上架销售。
56697889278,生活日杂,加了防腐的吗？怎么可以保存那么久,1,该用户是在询问产品是否添加了防腐剂以解释其超长保质期的原因。
56697889278,生活日杂,3号桂圆,1,该用户可能是在询问或指定想要购买的商品编号为“3号”的桂圆产品。
56697889278,生活日杂,有杂粮米有没有,1,该用户是在询问直播间是否有售卖杂粮米这一商品。
56697889278,生活日杂,黄糯玉米是不是甜度高些，？,1,该用户是在询问黄糯玉米的甜度是否比其他品种更高。
56697889278,生活日杂,红枣红枣红枣,1,该用户可能在急切询问或催促主播介绍或上架红枣产品。
56697889278,生活日杂,放心购买,0,该用户想表达的含义是：对产品品质表示信任并鼓励其他人下单。
56697889278,生活日杂,宇辉还在云南吗？,0,该用户是在询问主播宇辉是否仍在云南进行直播活动，可能想确认当前直播的行程安排或产品地域特色。
56697889278,生活日杂,玉米,1,该用户可能在询问直播中提到的玉米的具体品种或口感特点。
56697889278,生活日杂,红枣链接,1,该用户想表达的含义是：询问红枣产品的购买链接在哪里。
56697889278,生活日杂,有甜玉米没,1,该用户是在询问直播间是否有售卖甜玉米这一商品。
56697889278,生活日杂,米线还有吗云南米线,1,该用户是在询问直播间是否还有云南米线的库存可供购买。
56697889278,生活日杂,这个玉米是熟的吗，可以用微波炉吗,1,该用户想询问玉米是否经过熟制处理以及是否适合微波加热食用。
56697889278,生活日杂,玉米是冷冻的吗,1,该用户可能是在询问玉米的储存方式是否经过冷冻处理，以确认其新鲜度或食用便利性。
56697889278,生活日杂,甜糯吗,1,该用户是在询问所提到的玉米是否具有甜味和软糯的口感。
56697889278,生活日杂,有黄色的吗？,1,该用户想询问当前直播展示的商品是否有黄色款可选。
56697889278,生活日杂,玉米甜吗,1,该用户想询问玉米的口感是否足够甜，以判断是否符合自己的口味偏好或购买需求。
56697889278,生活日杂,米线还有吗,1,该用户是在询问直播间是否还有米线库存可供购买。
56697889278,生活日杂,头剃毛器吗,1,该用户是在询问直播间是否有售卖宠物剃毛器或类似产品。
56697889278,生活日杂,ip在云南,0,该用户可能在询问直播间的IP地址是否显示在云南，以确认主播或商品是否与云南相关。
56697889278,生活日杂,有小朋友吃的零食吃,1,该用户是在询问直播间是否有适合儿童食用的零食产品。
56697889278,生活日杂,还有那个蓝莓苗吗,1,该用户是在询问直播间是否还有蓝莓苗的库存可供购买。
56697889278,生活日杂,米线,1,该用户想询问直播间是否还有云南米线在售。
56697889278,生活日杂,常温不要冷冻吗,1,该用户是在询问产品是否需要冷藏保存，担心储存条件影响品质。
56697889278,生活日杂,玉米已拍,0,该用户想表达的含义是：我已经下单购买了刚才讨论的玉米产品。
56697889278,生活日杂,你们还在云南吗？,0,该用户是在询问主播团队是否仍在云南进行直播带货活动，可能想确认当前展示的商品是否还是云南特产或相关产品。
56697889278,生活日杂,玉米保质期多久,1,该用户是在确认玉米的储存条件是否适合自己购买后的使用需求。
56697889278,生活日杂,不用放冰箱的,0,该用户想表达的含义是：询问产品是否无需冷藏保存。
56697889278,生活日杂,有买过的朋友们，这个玉米好吃吗,1,该用户想询问已购买过该玉米的观众对其口感的真实评价，以帮助自己做出购买决策。
56697889278,生活日杂,有枸杞嘛,1,该用户想询问直播间是否有枸杞产品在售。
56697889278,生活日杂,今天没排骨么？[流泪][流泪][流泪][流泪][流泪][流泪][流泪][流泪],1,该用户因未看到直播间售卖排骨而感到失望，急切询问是否会有排骨上架。
56697889278,生活日杂,玉米看着挺好的,0,该用户对玉米的品质表示认可，可能产生了购买意向。
56697889278,生活日杂,有没有西梅,1,该用户想询问直播间是否有售卖西梅这款商品。
56697889278,生活日杂,放常温还是保鲜,1,该用户想询问商品是否需要冷藏保存或常温存放即可。
56697889278,生活日杂,几个,1,该用户可能在询问商品的数量或规格，比如“一包有几个”或“一份有几个”。
56697889278,生活日杂,这个玉米好吃吗？给爸爸拍,1,该用户想表达的含义是：询问玉米的口味并决定为父亲购买。
56697889278,生活日杂,西梅有吗,1,该用户想询问直播间是否有西梅产品在售。
56697889278,生活日杂,能拍的，都开过价的，放心拍,0,该用户想表达的含义是：商品都已明码标价且库存充足，大家可以放心下单购买。
56697889278,生活日杂,最近在你家拍的梨和鸡腿都不咋样，希望选品的时候注意,0,该用户想表达的含义是：对近期购买的产品质量不满意，提醒商家改进选品标准。
56697889278,生活日杂,看着玉米就想吃,1,该用户被直播间的玉米展示所吸引，产生了强烈的品尝欲望和潜在购买意向。
56697889278,生活日杂,帅哥下午好,0,该用户可能是在以打招呼的方式引起主播注意，试图建立互动以便后续询问商品信息或表达购买意向。
56697889278,生活日杂,再上点鲈鱼,1,该用户希望主播能补充上架鲈鱼商品以供购买。
56697889278,生活日杂,有大肚铁锅吗？,1,该用户是在询问直播间是否有售卖大肚铁锅这一商品。
56697889278,生活日杂,今天中午吃了云南行拍的米线，太好吃啦,0,该用户想表达的含义是：之前购买的云南米线品质很好，对直播间推荐的产品产生了信任和兴趣。
56697889278,生活日杂,不是僵尸玉米吧,1,该用户担心玉米的质量问题，怀疑是否新鲜或正宗。
56697889278,生活日杂,有黄糯玉米吗,1,该用户是在询问直播间是否有售卖黄糯玉米这一品种的商品。
56697889278,生活日杂,传熙下午好[爱心][爱心][爱心],0,该用户是在友好问候主播，表达对直播间的关注和支持，并未直接体现购买意向。
56697889278,生活日杂,主播下午好,0,该用户可能是在礼貌性打招呼的同时，试图引起主播注意以便后续询问商品信息。
56697889278,生活日杂,我买了，为什么煮的时候发黄的很，害怕填加别的东西,0,该用户对购买的玉米煮后发黄的现象感到担忧，怀疑产品可能添加了不安全的成分。
56697889278,生活日杂,有大米吗,1,该用户是在询问直播间是否有大米在售，表现出对购买大米的潜在兴趣。
56697889278,生活日杂,珂岸护唇膏今天还上不,1,该用户是在询问护唇膏是否会在今天的直播中再次上架销售。
56697889278,生活日杂,下单了下单了,0,该用户想表达的是自己已经完成了购买行为，表现出对当前商品的认可和积极行动。
56697889278,生活日杂,传熙宝宝，有没有花色黏玉米[耶],1,该用户是在询问主播是否有特定品种（花色黏玉米）的商品，并表现出明确的购买意向和轻松友好的互动态度。
56697889278,生活日杂,有黄色的吗？,1,该用户是在询问当前展示的商品是否有黄色款可选。
56697889278,生活日杂,有啥区别,1,该用户想询问当前展示的产品与其他同类产品或在售的其他规格之间有什么不同之处。
56697889278,生活日杂,西梅,1,该用户想表达的含义是：询问直播间是否有西梅产品在售。
56697889278,生活日杂,讲一下小萨牛牛的口味吧！讲一下小萨牛牛的口味吧！讲一下小萨牛牛的口味吧！,1,该用户迫切希望主播详细介绍“小萨牛牛”这款产品的具体口味特点。
56697889278,生活日杂,有水果玉米吗,1,该用户是在询问直播间是否有售卖水果玉米这一商品，表现出对特定品种玉米的购买兴趣。
56697889278,生活日杂,谁知道宇辉这次云南路线,0,该用户想询问主播这次云南行程的具体路线安排或相关产品信息。
56697889278,生活日杂,说说鱼肉馅,1,该用户想表达的含义是：请详细介绍鱼肉馅产品的相关信息（如口味、配料等）。 （分析依据：结合前文弹幕中频繁出现的食材询问（鲈鱼/玉米/米线等）和产品细节追问（口味/颜色/区别），该弹幕符合直播间观众对商品具体信息的需求模式，属于明确的购买意向型提问。）
56697889278,生活日杂,厨窗里所有商品都能拍，和小黄车一样价格,0,该用户是在确认直播间展示的所有商品都可以直接购买，并且价格与购物车里的标价一致。
56697889278,生活日杂,甜不甜,1,该用户是在询问主播所介绍的水果或甜味食品的口感是否足够甜美。
56697889278,生活日杂,下单玉米了，是真好吃,1,该用户通过分享自己的购买行为和正面评价，意在表达对玉米品质的认可并间接推荐给其他观众。
56697889278,生活日杂,鲜花酥好好吃，再上点吧,1,该用户想表达对“鲜花酥”产品的喜爱，并希望主播能增加库存或再次上架该商品。
56697889278,生活日杂,3号链接已拍，加急,0,该用户想表达的含义是：我已经下单购买了3号链接的商品，希望能尽快发货。
56697889278,生活日杂,玉米19块8几个啊玉米19块8几个啊,1,该用户想询问“19.8元的价格对应的是多少根玉米”，核心是确认商品的具体份量信息。  （解析：结合前文弹幕中频繁出现的玉米品类讨论、价格提及（如“下单玉米了”）以及同类商品咨询（如“几个”“甜不甜”等），可推断用户正在对比商品性价比，重复提问是急于在购买前明确规格，属于典型的消费决策前询价行为。）
56697889278,生活日杂,推荐买那个,1,该用户想表达的含义是：建议主播重点推荐某款产品以供大家购买。
56697889278,生活日杂,传熙尝尝甜不甜,1,该用户想询问主播“传熙”对某款玉米产品的甜度评价，以确认是否值得购买。
56697889278,生活日杂,需要放冰箱吗,1,该用户是在询问商品是否需要冷藏保存，以确认产品的储存方式和保质条件。
56697889278,生活日杂,讲一下小萨牛牛的口味吧！,1,该用户想表达的含义是：希望主播详细介绍“小萨牛牛”这款产品的具体风味特点。  （结合语境分析：用户多次重复该提问，且前后弹幕多涉及食品口味、购买咨询等，说明其对这款产品有明确兴趣，试图通过了解口味信息辅助购买决策。）
56697889278,生活日杂,鲜花呢,1,该用户可能在询问直播间是否会上架或展示鲜花相关的商品。
56697889278,生活日杂,有鳕鱼,0,该用户可能在询问直播间是否有鳕鱼产品在售或想了解鳕鱼的相关信息。
56697889278,生活日杂,推荐买哪个玉米,1,该用户想询问主播对不同品种玉米的购买建议，希望得到具体的推荐以帮助自己做出选择。
56697889278,生活日杂,爆炸盐有吗,1,该用户是在询问直播间是否有售卖“爆炸盐”这款产品。
56697889278,生活日杂,传熙这发型真的一般啊,0,该用户是在对主播的发型进行主观评价，表达对其造型的负面看法，而非讨论商品或表达购买意向。
56697889278,生活日杂,看着鲜花来的,1,该用户想表达的含义是：被直播中提到的鲜花相关产品吸引而进入直播间。
56697889278,生活日杂,讲一下小萨牛牛的口味吧！讲一下小萨牛牛的口味吧！,1,该用户迫切希望主播详细介绍“小萨牛牛”这款产品的具体口味特点，可能对这款商品有较强的购买意向或好奇。
56697889278,生活日杂,大家一起点赞点赞互动互动转发直播间，支持助农直播间！[抱拳][抱拳][抱拳],0,该用户是在号召观众通过点赞、互动和转发来支持助农直播，而非直接表达个人购买意向。
56697889278,生活日杂,有黄色的吗？,1,该用户是在询问当前展示的商品是否有黄色款可选。
56697889278,生活日杂,化妆品有吗,1,该用户是在询问直播间是否有化妆品类商品在售。
56697889278,生活日杂,红枣,1,该用户可能在询问直播间是否有红枣商品或想了解红枣的相关信息（如价格、品质等）。
56697889278,生活日杂,甜吗,1,该用户是在询问主播当前展示的水果或甜品的口感是否足够甜，以此判断是否值得购买。
56697889278,生活日杂,好了,0,该用户可能是在对主播的推荐或展示表示认可，暗示自己已经决定购买或结束观望。
56697889278,生活日杂,现在显示就是呀,0,该用户可能在确认当前屏幕上显示的商品信息或价格是否就是主播正在介绍的内容。
56697889278,生活日杂,甜不甜,1,该用户可能是想询问主播正在介绍的水果或食品的甜度如何，以此判断是否值得购买。
56697889278,生活日杂,鱼肉馅,1,该用户可能在询问直播间是否有售卖鱼肉馅的产品，或是想了解当前展示商品中关于鱼肉馅的具体信息。
56697889278,生活日杂,有牡丹花吗？,1,该用户可能在询问直播间是否有售卖牡丹花，表达了对该商品的潜在购买兴趣。
56697889278,生活日杂,咋不说啊,0,该用户可能是在催促主播尽快讲解或展示当前讨论的产品信息。
56697889278,生活日杂,在云南呢？,0,该用户可能在询问直播中提到的某款产品（如鲜花或生鲜）是否产自云南，以确认产地信息或产品质量。
56697889278,生活日杂,买过买过,0,"该用户想表达的含义是：我之前已经购买过这款产品了。  （结合前文弹幕中频繁询问产品细节和购买意向的语境，""买过买过""更可能是用户对主播推荐或展示的某款商品表示已有购买经历，而非单纯重复或无意义刷屏。）"
56697889278,生活日杂,玉米甜吗,1,该用户想询问玉米的口感是否足够甜，以判断是否值得购买。
56697889278,生活日杂,佛手瓜,1,该用户可能在询问直播间是否有售卖佛手瓜或想了解佛手瓜的相关信息。
56697889278,生活日杂,请问什么时候上云朵星球枕头？,1,该用户是在询问某款特定商品（云朵星球枕头）的上架时间，表现出明确的购买意向和关注。
56697889278,生活日杂,我爸爸对这个真爱，明年都要种,0,该用户想表达的含义是：我父亲非常喜欢这个产品，打算明年继续购买种植。
56697889278,生活日杂,玫瑰花瓣什么时候返场呀,1,该用户是在询问之前售卖过的玫瑰花瓣产品何时会再次开售，表现出对该商品的兴趣和购买意向。
56697889278,生活日杂,像佛手啊,1,该用户可能是看到有人提到“佛手瓜”，联想到商品外形相似，在表达对产品外观特征的观察或好奇。
56697889278,生活日杂,炒肉,0,该用户可能是在询问直播中是否有炒肉相关的产品或食材。
56697889278,生活日杂,这太可爱啊OK,0,该用户被直播间的商品展示所吸引，表达了对某件商品的喜爱和认可。
56697889278,生活日杂,云南旅游还有吗,0,该用户可能在询问直播间是否还有关于云南旅游的产品或服务在售。
56697889278,生活日杂,这个素炒好吃,0,该用户认为当前展示的素炒菜品看起来美味可口，可能产生了品尝或购买的意愿。
56697889278,生活日杂,小洋瓜,1,该用户可能是在询问或确认直播中提到的某种商品（如佛手瓜）的昵称或俗称。
56697889278,生活日杂,芹菜陕西怎么不支持配送？,0,该用户是在询问为何自己所在的陕西地区无法购买直播中提到的芹菜商品。
56697889278,生活日杂,直接煮就很好吃,0,该用户想表达的含义是：这款食材无需复杂烹饪，简单处理就能保留美味。
56697889278,生活日杂,怎么吃,1,该用户想询问该产品的具体食用方法或烹饪方式。
56697889278,生活日杂,说说鲜花啊,1,该用户想表达的含义是：希望主播详细介绍当前展示或提到的鲜花产品信息。
56697889278,生活日杂,上点防晒口罩，上点防晒口罩,1,该用户急切希望直播间尽快上架防晒口罩产品。
56697889278,生活日杂,没见过,0,该用户可能是对当前展示的商品感到陌生或新奇，表示自己之前没有接触过这类物品。
56697889278,生活日杂,这个皮特厚,0,该用户可能是在评价直播中展示的某种瓜果（如佛手瓜或小洋瓜）的外皮较厚，表达对其外观或口感的观察和看法。
56697889278,生活日杂,下午好,0,该用户可能是在打招呼的同时暗示自己刚进入直播间，想了解当前直播内容或产品信息。
56697889278,生活日杂,这个怎么吃,1,该用户想询问当前直播展示的商品的食用方法或烹饪建议。
56697889278,生活日杂,玫瑰花瓣面膜什么时候能返场,1,该用户希望了解玫瑰花瓣面膜的补货或重新上架时间，表现出明确的购买意向。
56697889278,生活日杂,这还真没吃过,0,该用户可能是对直播中展示的某款食品感到新奇，表示自己之前未曾尝试过，隐含一定的好奇心和潜在购买兴趣。
56697889278,生活日杂,拂手瓜,1,该用户可能是在询问或确认直播中展示的农产品是否为佛手瓜，并对其名称或外观表示好奇。
56697889278,生活日杂,能生吃不,1,该用户可能是询问直播中展示的某种蔬果（如佛手瓜或小洋瓜）是否可以生食。
56697889278,生活日杂,葵瓜，佛手瓜,1,该用户可能是在询问或确认直播中展示的农产品是否为佛手瓜，并对其俗称或外观特征表示好奇。
56697889278,生活日杂,凉拌好吃,0,该用户认为凉拌是这种食材的最佳食用方式，并对其口感表示认可。
56697889278,生活日杂,牙瓜,1,该用户可能是在询问或确认直播中提到的某种瓜类商品（如佛手瓜、小洋瓜等）的具体名称或品种。
56697889278,生活日杂,小时候家里天天吃,0,该用户通过回忆童年家庭饮食经历，暗示对当前直播展示的农产品（可能是佛手瓜/葵瓜等瓜类）产生情感共鸣和购买兴趣。
56697889278,生活日杂,有鳕鱼吗,1,该用户想询问直播间是否有鳕鱼产品在售或即将推介。
56697889278,生活日杂,小时候拿来喂猪的,0,该用户想表达的含义是：这种食物在过去常被当作猪饲料，现在却作为商品出售让人感到意外或有趣。
56697889278,生活日杂,好吃！,1,该用户是在称赞直播中展示的食品口感好，表达出对产品的认可和潜在购买兴趣。
56697889278,生活日杂,切丝凉拌,0,该用户想表达的含义是：建议将当前展示的食材切丝后凉拌食用。
56697889278,生活日杂,可以啊,0,该用户可能是在对前面提到的某种食物或产品的介绍表示认可或产生兴趣。
56697889278,生活日杂,烤着更香,0,该用户认为这种食物（可能是佛手瓜）经过烤制后风味更佳。
56697889278,生活日杂,佛手瓜是水果还是菜,1,该用户想表达的含义是：对佛手瓜的属性和食用方式感到好奇，想确认它更适合作为水果还是蔬菜来食用。
56697889278,生活日杂,佛手瓜炖排骨,1,该用户可能是在询问或建议佛手瓜的一种烹饪方式，表达了对该食材的食用兴趣或经验分享。
56697889278,生活日杂,佛手瓜我没吃过,0,该用户可能对佛手瓜感到新奇，表示自己缺乏相关食用经验但有一定尝试兴趣。
56697889278,生活日杂,什么口感,1,该用户想询问当前直播展示的佛手瓜产品的味道和食用体验。
56697889278,生活日杂,烤了吃香,0,该用户认为佛手瓜经过烤制后味道会更香，表达了对这种烹饪方式的认可和兴趣。
56697889278,生活日杂,说说鲜花啊,1,该用户希望主播详细介绍或展示与鲜花相关的产品或内容。
56697889278,生活日杂,可以生吃,0,该用户是在询问直播中提到的佛手瓜是否适合直接生食。
56697889278,生活日杂,可以做咸菜,0,该用户想表达的含义是：询问佛手瓜是否适合用来腌制咸菜。
56697889278,生活日杂,需要调料盒,1,该用户可能是在看到讨论佛手瓜的多种烹饪方式后，联想到自己厨房需要置办相关厨具，表达了想购买调料盒的潜在需求。
56697889278,生活日杂,晓得了,0,该用户想表达的含义是：明白了关于佛手瓜的食用方法。
56697889278,生活日杂,纯牛奶,1,该用户可能是在询问直播间是否有纯牛奶产品，或对当前讨论的佛手瓜话题不感兴趣而转移话题到牛奶上。
56697889278,生活日杂,有大肚铁锅吗？,1,该用户是在询问直播间是否有售卖大肚铁锅这一商品。
56697889278,生活日杂,四季豆特别好,1,该用户是在称赞四季豆的品质或口感很好，可能暗示有购买意向。
56697889278,生活日杂,复合维生素,0,该用户可能是在询问直播间是否有售卖复合维生素产品，或想了解关于复合维生素的相关信息。
56697889278,生活日杂,看看蒲公英饺子,1,该用户可能对蒲公英饺子的制作或食用方式产生了兴趣，想进一步了解相关细节。
56697889278,生活日杂,干煸四季豆好吃,1,该用户是在对直播中提到的菜品表示认可和兴趣，暗示自己也想尝试或购买相关食材。
56697889278,生活日杂,也是漏天种植的么,1,该用户想询问产品是否是露天种植的，以了解其种植方式和品质。
56697889278,生活日杂,与辉同行沐光而行一路光明！,0,该用户可能在表达对直播主题或主播风格的赞赏与支持，暗示愿意跟随推荐进行消费。
56697889278,生活日杂,链接4讲一下,1,该用户希望主播详细介绍一下商品链接4的相关信息。
56697889278,生活日杂,大家好,0,该用户可能是刚进入直播间，礼貌性地向主播和其他观众打招呼示意。
56697889278,生活日杂,哈尔滨发货吗,0,该用户想确认商品是否从哈尔滨发货，可能出于对物流时效、地域偏好或特殊需求的考虑。
56697889278,生活日杂,谁说这豆老，这豆可太好吃了,1,该用户是在反驳他人对豆子品质的负面评价，并强烈肯定这款豆子的美味口感。
56697889278,生活日杂,小传熙好[爱心],0,该用户是在表达对主播或商品的喜爱和赞赏，可能是被主播的表现或产品介绍所打动而发出的情感互动。
56697889278,生活日杂,传熙鲈鱼还有吗？,1,该用户是在询问直播间是否还有“传熙鲈鱼”这款商品库存，表现出明确的购买意向或补货需求。
56697889278,生活日杂,荸荠什么时候开卖？,1,该用户想询问荸荠这款商品的上架销售时间。
56697889278,生活日杂,这个豆角就是要烧熟,0,该用户是在强调豆角必须充分烹饪才能安全食用，可能是在回应或补充之前关于豆角食用方式的讨论。
56697889278,生活日杂,不错,1,该用户想表达的含义是：对当前介绍的商品或做法表示认可和满意。
56697889278,生活日杂,大米,1,该用户可能是在询问直播间是否有大米商品或对其品质、产地等具体信息感兴趣。
56697889278,生活日杂,香水,1,该用户想表达的含义是：询问或关注当前直播中提到的香水产品信息。
56697889278,生活日杂,下午好,0,该用户可能是在礼貌性问候主播或观众，同时暗示自己刚进入直播间并准备参与互动。
56697889278,生活日杂,这四季豆嫩,1,该用户是在称赞直播中展示的四季豆品质新鲜、口感好，可能暗示有购买意向。
56697889278,生活日杂,看着真有食欲,1,该用户被直播中展示的食物所吸引，产生了强烈的品尝欲望或购买意向。
56697889278,生活日杂,直接炖肉,0,该用户想表达的含义是：询问这款产品是否适合直接用于炖肉烹饪。
56697889278,生活日杂,有大肚铁锅吗？ 有大肚铁锅吗？,1,该用户是在询问直播间是否有售卖大肚铁锅这款商品，表现出明确的购买意向和需求。
56697889278,生活日杂,你会做菜吗,0,该用户可能是在询问主播是否具备烹饪技能，以此判断产品使用的可信度或寻求菜谱建议。
56697889278,生活日杂,怎么做都好吃,0,该用户想表达的含义是：这种食材无论哪种烹饪方式都很美味。  （结合前文弹幕中频繁讨论食材品质、烹饪方法及购买意向的语境，用户通过夸赞食材的普适性烹饪优势，间接表达对商品的兴趣或认可。）
56697889278,生活日杂,四季豆,1,该用户可能是想询问或确认当前直播中展示的四季豆产品的相关信息，比如品种、产地或烹饪方式等。
56697889278,生活日杂,好吃,1,该用户想表达的含义是：对直播中展示的食品表示认可和喜爱。
56697889278,生活日杂,传熙下次不要这个发型了吧,0,该用户是在委婉表达对主播当前发型的不满或不适配感，暗示希望主播下次更换更适合的形象。
56697889278,生活日杂,今天那么多蔬菜啊，好啊,1,该用户看到直播中展示的蔬菜种类丰富，感到满意并表达了对商品内容的认可。
56697889278,生活日杂,想要奶粉,1,该用户表达了对直播中奶粉产品的购买意向或兴趣询问。
56697889278,生活日杂,啥时候有王小卤鸡爪？,1,该用户是在询问主播何时会上架王小卤鸡爪这款商品，表现出明确的购买意向和期待。
56697889278,生活日杂,苦瓜炒肉好吃,0,该用户可能在表达对苦瓜炒肉这道菜的喜爱，暗示对相关食材或烹饪方式的兴趣。
56697889278,生活日杂,这四季豆嫩,1,该用户觉得直播中展示的四季豆看起来新鲜可口。
56697889278,生活日杂,苦瓜好啊,1,该用户认为苦瓜是不错的商品选择，表达了对这款产品的认可或购买意向。
56697889278,生活日杂,已下单4号商品,0,该用户明确表示自己已经购买了直播中推荐的4号商品。
56697889278,生活日杂,什么时候有菜籽油啊,1,该用户想表达的含义是：询问直播间未来是否会上架菜籽油并希望购买。
56697889278,生活日杂,传熙优秀优秀优秀点赞点赞点赞点赞,0,该用户想表达的含义是：对主播传熙的表现和内容高度认可并热情支持。
56697889278,生活日杂,鲜花饼几号,1,该用户是在询问鲜花饼这款商品的购买链接编号或上架时间。
56697889278,生活日杂,丝瓜汤,1,该用户可能是对直播中提到的丝瓜汤感兴趣，想询问相关商品或做法。
56697889278,生活日杂,苦瓜能生吃，丝瓜我喜欢吃,1,该用户想表达的含义是：对苦瓜和丝瓜这两种蔬菜的食用方式表示认可和喜爱。
56697889278,生活日杂,生吃,0,该用户可能是在询问或确认某种食材（如苦瓜）是否可以生吃，表达了对食材食用方式的兴趣或好奇。
56697889278,生活日杂,苦瓜好吃,1,该用户想表达的含义是：对苦瓜这种食材表示认可并可能产生购买意向。
56697889278,生活日杂,传熙小帅哥,0,该用户是在表达对主播传熙的喜爱和关注，可能是被主播的表现或形象所吸引。
56697889278,生活日杂,苦瓜,1,该用户是在表达对苦瓜这种蔬菜的认可或购买兴趣。
56697889278,生活日杂,玉米不能生吃，要惹,0,该用户想表达的含义是：玉米需要煮熟才能吃，生吃会有问题。
56697889278,生活日杂,苦瓜不苦v喜欢,1,该用户想表达的含义是：对苦瓜的喜爱和认可。
56697889278,生活日杂,点点赞啦,0,该用户可能是在附和直播间的互动氛围，希望通过点赞的方式参与其中并表达对主播或直播内容的支持。
56697889278,生活日杂,什么时候有菜籽油？,1,该用户是在询问直播间后续是否会售卖菜籽油产品，表达了对该商品的购买意向和期待。
56697889278,生活日杂,苦瓜哪有生活苦,0,该用户是在用自嘲的方式调侃生活的艰辛，借苦瓜的苦味来对比生活的苦涩，并非真正对购买苦瓜感兴趣。
56697889278,生活日杂,好有食欲,1,该用户被直播中展示的食物所吸引，产生了强烈的品尝欲望。
56697889278,生活日杂,不能生吃,0,该用户是在讨论食材的食用方式，强调苦瓜不适合直接生吃。
56697889278,生活日杂,谁知道宇辉这次云南路线,0,该用户可能在询问主播宇辉推荐的云南旅游路线或相关产品信息，表现出对直播内容延伸出的云南主题商品或服务的兴趣。
56697889278,生活日杂,双赞赞,0,该用户想表达的含义是：积极参与互动并为直播内容点赞支持。
56697889278,生活日杂,有没有牙膏,1,该用户是在询问直播间是否有牙膏商品上架或促销。
56697889278,生活日杂,大米,1,该用户可能在询问直播间是否有大米商品上架或表达对大米产品的购买兴趣。
56697889278,生活日杂,不是告诉你了吗，玉米不能生吃，要煮,0,该用户是在纠正或强调关于玉米的正确食用方式，暗示之前有人误解或忽略了这一信息。
56697889278,生活日杂,传熙棒棒哒点赞点赞点赞点赞,0,该用户是在为主播“传熙”热情应援，通过重复点赞表达对其表现的高度认可和支持。
56697889278,生活日杂,苦瓜炒蛋,0,该用户可能在询问或讨论苦瓜炒蛋这道菜的做法或口感，表达对这道菜的兴趣或好奇。
56697889278,生活日杂,主播好吃吗？,1,该用户可能是在询问主播正在介绍的食物（如苦瓜或其他食材）的口感和味道如何，以判断是否值得购买。
56697889278,生活日杂,苦瓜炒蛋好吃,0,该用户是在参与讨论苦瓜的食用方式，并表达对苦瓜炒蛋这道菜的认可或喜爱。
56697889278,生活日杂,纯银内胆咖啡杯上吗,1,该用户是在询问直播中是否会推出纯银内胆的咖啡杯产品。
56697889278,生活日杂,大口大口吃,0,该用户想表达的含义是：对直播中展示的食物表现出强烈的食欲和兴趣。
56697889278,生活日杂,可爱,0,该用户想表达的含义是：对直播中展示的商品或主播的表现感到喜爱和赞赏。
56697889278,生活日杂,我的苦也给你吃，既然你喜欢,0,该用户是在用调侃的语气表示“既然你喜欢吃苦（如苦瓜），那我的烦恼也分给你尝尝”，结合直播中关于苦瓜的讨论氛围，本质是参与话题互动的玩笑话。
56697889278,生活日杂,传熙说得太好了,0,该用户是在称赞主播传熙的表现出色，表达了对主播讲解或互动的认可和喜爱。
56697889278,生活日杂,苦瓜,1,该用户可能是在询问或确认直播间是否有苦瓜相关产品，或是表达对苦瓜这一食材的兴趣和关注。
56697889278,生活日杂,苦瓜怎么吃不哭,0,该用户是在询问如何烹饪苦瓜才能减轻其苦涩口感。
56697889278,生活日杂,苹果没有货,1,该用户可能在询问或抱怨直播间当前没有苹果商品可供购买。
56697889278,生活日杂,传熙优秀优秀点赞点赞,0,该用户是在热情夸赞主播“传熙”的表现出色，并表达支持与喜爱之情。
56697889278,生活日杂,好苦吃不了,0,该用户想表达的含义是：这个食物味道太苦了，我接受不了。
56697889278,生活日杂,生吃,0,该用户可能在询问或确认直播中展示的某样食物是否可以生吃，结合前文对玉米能否生吃的讨论，可能是对当前展示的食材（如苦瓜或其他果蔬）的食用方式产生疑问。
56697889278,生活日杂,有带棱的丝瓜吗,1,该用户可能在询问直播间是否有售卖表面带棱的特殊品种丝瓜。
56697889278,生活日杂,苹果,1,该用户可能在询问或确认直播间是否有苹果商品在售或补货。
56697889278,生活日杂,苦瓜去火,0,该用户可能是在询问苦瓜是否具有去火的功效，或是想确认主播推荐的苦瓜产品是否有清热降火的作用。
56697889278,生活日杂,一个研磨瓶是多少克？,1,该用户可能在询问研磨瓶的容量或重量，以评估产品规格是否符合自己的使用需求。
56697889278,生活日杂,鸡蛋,1,该用户可能是想询问主播关于鸡蛋的购买信息或烹饪建议，结合前面讨论苦瓜炒蛋的语境。
56697889278,生活日杂,草鸡蛋吗,1,该用户是在询问主播所展示或提到的鸡蛋是否为草鸡蛋（即散养鸡产的蛋）。
56697889278,生活日杂,好久没上男鞋了,1,该用户可能是在询问或提醒主播近期没有推出男鞋类商品，表达了对男鞋产品的期待或需求。
56697889278,生活日杂,小胖子太可爱了,0,该用户是在夸赞直播中展示的某样商品或人物形象（如玩偶、宠物或主播本人）外形讨喜，流露出对商品的喜爱或观赏兴趣。
56697889278,生活日杂,鸡蛋羹蒸的真好,0,该用户是在夸赞主播展示的鸡蛋羹烹饪效果出色，暗示对相关食材或厨具的兴趣。
56697889278,生活日杂,蒸鸡蛋成功了啊[呲牙],0,该用户是在称赞主播蒸鸡蛋羹的手艺很好，并为此感到开心。
56697889278,生活日杂,有没有铁锅,1,该用户可能在询问直播间是否有售卖铁锅这一商品，表现出对厨具类产品的购买兴趣。
56697889278,生活日杂,查看苹果链接，不能拍,1,该用户想表达的含义是：想购买苹果但发现商品链接显示缺货无法下单。
56697889278,生活日杂,可以用电磁炉的,0,该用户想询问直播中展示的商品是否适用于电磁炉烹饪。
56697889278,生活日杂,玉米推荐买那个,1,该用户想询问直播间推荐的玉米品种或购买建议。
56697889278,生活日杂,老了,0,该用户可能是在感叹自己年纪大了不适合某些产品（比如苦瓜的苦味或生吃等），或是觉得直播推荐的商品不符合自己的年龄需求。
56697889278,生活日杂,丝塔芙保湿霜啥时候有呀,1,该用户是在询问丝塔芙保湿霜的补货或上架时间，表现出明确的购买意向和对该产品的需求。
56697889278,生活日杂,有土鸡蛋吗？,1,该用户是在询问直播间是否售卖土鸡蛋这一商品，表达了对土鸡蛋的购买意向。
56697889278,生活日杂,空的太多了,0,该用户可能是在抱怨直播间商品库存不足或可选种类太少。
56697889278,生活日杂,人呢,0,该用户可能在催促主播尽快回到镜头前或询问为何直播间无人回应。
56697889278,生活日杂,机票啥时候上,1,该用户是在询问直播中即将销售的机票产品何时会上架或开售。
56697889278,生活日杂,可以啊,0,该用户可能是在对主播展示的商品或烹饪效果表示认可和赞赏。
56697889278,生活日杂,怎么做的，方法,1,该用户想询问当前直播展示的食品或物品的具体制作或使用方法。
56697889278,生活日杂,叁肆钢雪平锅什么时候上,1,该用户是在询问“叁肆钢雪平锅”这款产品的具体上架时间，表现出明确的购买意向和对该商品的关注。
56697889278,生活日杂,土鸡蛋吗,1,该用户是在询问直播中展示的鸡蛋是否为天然散养的土鸡蛋。
56697889278,生活日杂,怎么蒸出来的,1,该用户想询问蒸制鸡蛋羹的具体方法或技巧。
56697889278,生活日杂,春天多吃鸡蛋[微笑],0,该用户可能是在认可主播推荐的鸡蛋产品，并顺带提及春季适合食用鸡蛋的养生建议。
56697889278,生活日杂,怎么蒸能这么嫩,1,该用户是在惊叹并询问蒸鸡蛋羹的嫩滑口感是如何实现的。
56697889278,生活日杂,主要今天没有卖锅,1,该用户想表达的含义是：对今天直播间没有售卖锅具感到失望或遗憾。
56697889278,生活日杂,我以为主播要生吃,0,该用户可能误以为主播要直接生吃鸡蛋，因此惊讶地表达了对这种行为的意外和调侃。
56697889278,生活日杂,懂得多,0,该用户可能是在称赞主播对蒸鸡蛋或其他产品相关知识的专业讲解，表达对其专业性的认可。
56697889278,生活日杂,看着很不错,1,该用户觉得当前展示的商品或演示效果挺吸引人的，产生了潜在的购买兴趣。
56697889278,生活日杂,不粘锅什么时候有,1,该用户想询问不粘锅产品的上架时间，表达了对该商品的购买意向。
56697889278,生活日杂,珂岸护唇膏今天还上吗,1,该用户是在询问珂岸护唇膏是否会在当天的直播中上架销售。
56697889278,生活日杂,具体的是怎么操作的,1,该用户想询问主播展示的烹饪方法或产品使用步骤的具体细节。
56697889278,生活日杂,有没有蒸锅,1,该用户可能在询问直播间是否有蒸锅产品出售，并表现出对烹饪工具的兴趣。
56697889278,生活日杂,啥时有平底锅煎锅,1,该用户是在询问直播间何时会上架平底煎锅类的厨具产品，表现出对特定锅具品类的购买意向。
56697889278,生活日杂,啥时候有蒸锅,1,该用户是在询问直播间何时会上架蒸锅产品，表达了对购买蒸锅的明确需求和兴趣。
56697889278,生活日杂,水蛋1比1水用温水,0,该用户是在询问蒸水蛋时水和蛋液的比例是否为1:1，以及是否需要用温水来调制。
56697889278,生活日杂,你不会做，哈哈，一点点水不可以,0,该用户是在调侃主播蒸蛋的方法不对，认为水量控制不当导致成品不佳。
56697889278,生活日杂,燕必燕和富昌的桂圆干，哪个好些,1,该用户是在比较两个品牌的桂圆干品质，想寻求购买建议。
56697889278,生活日杂,鱼片没了吗,1,该用户是在询问直播间此前展示或提到的鱼片商品是否已经售罄或下架。
56697889278,生活日杂,鸡蛋里面也可以加点料酒,0,该用户可能是在询问烹饪技巧，建议在蒸鸡蛋时加入料酒以提升口感或去腥。
56697889278,生活日杂,点赞100,0,该用户可能是通过点赞互动表达对当前直播内容的认可或支持，而非直接表达购买意向。
56697889278,生活日杂,多加点温水蒸,0,该用户是在询问蒸蛋时是否应该增加温水的用量以获得更嫩滑的口感。
56697889278,生活日杂,加温水,0,该用户是在询问或建议蒸蛋时增加温水的用量以获得更嫩滑的口感。
56697889278,生活日杂,加点开水做个鸡蛋花,0,该用户是在询问或建议制作鸡蛋羹时加入开水来形成蛋花的烹饪方法。
56697889278,生活日杂,什么时候讲鲍鱼,1,该用户是在询问主播何时会介绍或推销鲍鱼产品。
56697889278,生活日杂,来一口,0,该用户可能是对直播中展示的食品（如鸡蛋羹或类似料理）产生了品尝的兴趣，想表达“想尝试一下这个食物”的意愿。
56697889278,生活日杂,讲的真好支持支持,0,该用户想表达的含义是：对主播的讲解内容表示认可和鼓励，但并未明确表现出购买意向。
56697889278,生活日杂,冲3000,0,该用户想表达的是准备下单购买价值3000元的商品。
56697889278,生活日杂,冷水,0,该用户可能是在询问或建议烹饪时使用冷水，比如蒸蛋或做鸡蛋花时的水温选择。
56697889278,生活日杂,野生的吗,1,该用户可能是在询问直播中展示的商品是否为天然野生来源的产品。
56697889278,生活日杂,加热水蒸的嫩,0,该用户想表达的含义是：建议用热水蒸制食物以保持口感鲜嫩。
56697889278,生活日杂,黄心还是红心,1,该用户可能在询问直播中展示的某种水果（如木瓜或猕猴桃）的成熟度或品种差异，想了解哪种更适合购买或食用。
56697889278,生活日杂,下次玲珑杯什么时候有,1,该用户想询问下一场售卖玲珑杯的直播时间，表现出对该商品的购买兴趣。
56697889278,生活日杂,加50到60度的水,0,该用户是在建议或询问制作蒸蛋时加入50到60度的温水以获得更好的口感效果。
56697889278,生活日杂,蔬菜黑龙江不发货吗？？？？？？？,0,该用户是在询问直播间是否不支持向黑龙江地区配送所售卖的蔬菜。
56697889278,生活日杂,两款桂圆哪个好些,1,该用户是在询问直播间推荐的两款桂圆产品的品质对比，希望获得选购建议。
56697889278,生活日杂,传熙呀彩云之南唱的太好听了,0,该用户是在赞赏主播演唱的歌曲《彩云之南》，表达对表演内容的喜爱而非商品购买意向。
56697889278,生活日杂,蒸蛋羹要用开水，嫩,0,该用户想表达的含义是：建议用开水蒸蛋羹可以让口感更嫩滑。
56697889278,生活日杂,诶，我看有四季豆呀，一点就没了，是卖完了吗,1,该用户想表达的含义是：询问刚才看到的四季豆商品是否已经售罄。
56697889278,生活日杂,天时、地利、人和,0,该用户可能是在用成语概括当前直播间的热络氛围和购买时机恰到好处，暗示此时下单正合时宜。
56697889278,生活日杂,蜂蜜有吗,1,该用户是在询问直播间是否有蜂蜜产品在售。
56697889278,生活日杂,香油有吗,1,该用户是在询问直播间是否有售卖香油产品。
56697889278,生活日杂,看着很不错的,1,该用户可能对当前展示的商品或讲解内容产生了兴趣，认为产品外观或品质符合自己的喜好。
56697889278,生活日杂,鸡蛋温州乐清可以发吗,1,该用户是在询问所售卖的鸡蛋是否可以配送到温州乐清地区。
56697889278,生活日杂,下午好,0,该用户可能是在打招呼的同时暗示自己刚进入直播间，想了解当前直播进度或产品介绍情况。
56697889278,生活日杂,想要八珍糕呀！,1,该用户表达了对直播中提到的八珍糕有明确的购买意向和兴趣。
56697889278,生活日杂,传熙越来越优秀，飞速成长,0,该用户是在夸赞主播“传熙”的表现进步明显，表达了对主播个人成长的欣赏和支持。
56697889278,生活日杂,亲亲帮忙问一下什么时候直播间购买到凉席？,1,该用户想询问凉席产品的上架时间或补货安排，表达了对该商品的明确购买意向。
56697889278,生活日杂,下午好主播,0,该用户可能是刚进入直播间，礼貌性地向主播打招呼以融入互动氛围。
56697889278,生活日杂,香油,1,该用户可能在询问直播间是否有香油产品出售或对其产生购买兴趣。
56697889278,生活日杂,非常喜欢吃青团,1,该用户可能是在暗示对直播中提到的青团产品感兴趣，或者希望主播推荐或上架相关商品。
56697889278,生活日杂,这个好吃,1,该用户想表达的含义是：对当前直播展示的食品表现出明显的兴趣和认可。
56697889278,生活日杂,这青团比我们自己在店里买的还便宜,1,该用户想表达的含义是：直播间的青团价格比线下门店更实惠，值得购买。
56697889278,生活日杂,一袋几个,1,该用户想询问商品包装内的具体数量，以评估是否符合自己的购买需求。
56697889278,生活日杂,青团好吃,1,该用户想表达的含义是：对青团这款产品表示认可并流露出购买意向。
56697889278,生活日杂,看看蒲公英饺子[呲牙],1,该用户对直播中展示的蒲公英饺子表现出好奇和兴趣，可能是想进一步了解产品详情或考虑购买。
56697889278,生活日杂,2个,0,该用户想询问商品（可能是青团）的包装规格，即每袋包含多少个。
56697889278,生活日杂,什么时候还有花花,1,该用户想询问直播中提到的“花花”商品下次补货或上架的具体时间。
56697889278,生活日杂,凉席？什么有买？,1,该用户想表达的含义是：凉席现在有货可以购买吗？
56697889278,生活日杂,不错,1,该用户想表达的含义是：对当前展示的商品表示认可或感兴趣。
56697889278,生活日杂,青团齁甜么？,1,该用户是在询问青团的甜度是否过高，可能担心口味过甜影响食用体验。
56697889278,生活日杂,两款桂圆干哪个好些,1,该用户想表达的含义是：希望主播能对比推荐两款桂圆干中更优质的一款。
56697889278,生活日杂,有荠菜饺子吗,1,该用户是在询问直播间是否有售卖荠菜馅的饺子产品。
56697889278,生活日杂,50号和5号的区别在哪里,1,该用户想询问两款不同型号或款式的产品在功能、规格或特性上的具体差异，以便做出购买决策。
56697889278,生活日杂,下次玲珑杯什么时候有,1,该用户想询问下一次售卖“玲珑杯”这款产品的具体时间。
56697889278,生活日杂,纯牛奶有没有啊,1,该用户是在询问直播间是否有纯牛奶产品可供购买。
56697889278,生活日杂,我们这的青团啊,0,该用户可能是在介绍或对比自己所在地的青团产品，暗示对直播间的青团感兴趣或想询问更多相关信息。
56697889278,生活日杂,50.和5号什么区别,1,该用户想询问商品编号50号和5号之间的具体差异或不同之处。
56697889278,生活日杂,免洗枸杞很好，希望再上,1,该用户希望主播再次上架免洗枸杞这款产品，因为觉得它品质不错。
56697889278,生活日杂,詹记的东西好吃,1,该用户是在肯定詹记产品的口味，并间接表达了对商品的兴趣或认可。
56697889278,生活日杂,怕甜，青团还有低糖的,1,该用户是在询问青团是否有低糖选项，因为担心常规款太甜不符合自己的口味偏好。
56697889278,生活日杂,在哪里买,1,该用户想询问直播中提到的商品购买渠道或下单方式。
56697889278,生活日杂,挺好吃的，过年的时候我在西双版纳吃过，就是糯米团子,0,该用户通过分享个人食用体验间接表达了对同类产品（如青团）的兴趣或认可，暗示可能考虑购买。
56697889278,生活日杂,鸡蛋,1,该用户可能在询问直播间是否有鸡蛋商品，或是想了解鸡蛋相关的促销信息。
56697889278,生活日杂,软软糯糯，青团好吃,1,该用户是在称赞青团的口感软糯可口，并间接表达了对这款产品的喜爱和购买兴趣。
56697889278,生活日杂,尝一口试试,0,该用户可能是对直播中展示的食品（如青团或饺子）产生了兴趣，想通过少量尝试来判断是否符合自己的口味偏好。
56697889278,生活日杂,玲珑杯还能不能加,1,该用户是想询问直播间的“玲珑杯”商品是否还有库存或能否补货。
56697889278,生活日杂,好吃,1,该用户是在对直播中提到的某种食品（可能是青团或其他甜点）表示肯定和赞赏，认为其味道令人满意。
56697889278,生活日杂,就是合肥詹记,0,该用户想表达的含义是：合肥詹记的产品值得推荐或购买。
56697889278,生活日杂,这是干嘛呢,0,该用户可能在询问当前直播展示的产品或活动内容是什么。
56697889278,生活日杂,看见你捏的我都不想买了,0,该用户可能因为看到主播展示的产品外观或质地不符合预期（比如捏的动作显得产品不够好），从而产生了打消购买念头的想法。
56697889278,生活日杂,米线还有吗,1,该用户是在询问直播间是否还有米线这款商品在售。
56697889278,生活日杂,牛奶小黄车和橱窗里都有,0,该用户想表达的含义是：牛奶这款产品在购物车和商品橱窗里都能找到购买链接。
56697889278,生活日杂,甜不甜,1,该用户是在询问直播中展示的青团或其他甜食的甜度如何，可能是出于对甜味的偏好或忌惮而想了解产品的口味特点。
56697889278,生活日杂,成都成都成都着急,0,该用户急切地询问是否有成都地区的相关产品或活动。
56697889278,生活日杂,我们这里就是冷吃的,0,该用户想表达的含义是：我们当地习惯吃冷食版的这种产品。
56697889278,生活日杂,甜不,1,该用户是在询问直播展示的食品（可能是青团或其他甜点）的甜度如何。
56697889278,生活日杂,1袋两个事吧,1,该用户可能在询问商品包装规格是否为“一袋包含两个产品”。
56697889278,生活日杂,你不用手套还没这么黏,0,该用户可能是在吐槽主播徒手操作导致食品（如青团）看起来黏糊糊的，暗示戴手套会更卫生或更有食欲。
56697889278,生活日杂,不需要加热,0,该用户可能是在回应主播关于产品是否需要加热食用的说明，表达自己打算直接食用而不需要额外加热的意愿。
56697889278,生活日杂,手套有吗,1,该用户可能在询问直播间是否有售卖手套这一商品。
56697889278,生活日杂,直接开袋即食,0,该用户想表达的含义是：这款产品是否可以直接打开包装食用而无需额外加工。
56697889278,生活日杂,花姐丢丢膏上吗,1,该用户是在询问主播是否会上架“花姐丢丢膏”这款产品。
56697889278,生活日杂,青团不用加热,0,该用户想表达的含义是：青团可以直接食用，不需要额外加热处理。
56697889278,生活日杂,手套又没,1,该用户想表达的含义是：询问主播手套是否已经售罄或无法购买。
56697889278,生活日杂,支持,0,该用户想表达的含义是：对主播或产品表示赞同和鼓励，可能带有下单支持的意愿。
56697889278,生活日杂,不是在云南吗？这是到哪了？,0,该用户可能是在询问直播中展示的产品产地或物流信息是否与宣传不符，表达了对商品来源的疑惑。
56697889278,生活日杂,手套有么,1,该用户是在询问直播间是否有售卖手套这一商品。
56697889278,生活日杂,有儿童的爽身粉有吗,1,该用户是在询问直播间是否有适合儿童使用的爽身粉产品。
56697889278,生活日杂,下午好,0,该用户可能是在打招呼并试图融入直播间的互动氛围，暗示自己刚进入直播间并准备参与讨论。
56697889278,生活日杂,ip还在云南,0,该用户可能是在质疑主播当前的实际所在地与宣传不符，暗示对商品产地或发货真实性的疑虑。
56697889278,生活日杂,桂圆啥时候介绍,1,该用户是在询问主播何时会介绍或推荐桂圆这款产品。
56697889278,生活日杂,白胡椒怎么用？,1,该用户可能是在询问白胡椒的具体使用方法或烹饪建议，暗示对产品功能或食用方式感兴趣。
56697889278,生活日杂,两款桂圆干哪个好些,1,该用户想表达的含义是：比较两款桂圆干的品质差异以帮助自己做出购买选择。
56697889278,生活日杂,传熙尝尝,0,该用户可能是想让主播试吃或展示“传熙”这款产品，表达对商品的兴趣和好奇。
56697889278,生活日杂,买了玉米,0,该用户想表达的含义是：我已经下单购买了这款玉米产品。
56697889278,生活日杂,吃啥好吃的,1,该用户可能在询问直播间正在介绍或即将推荐的食品产品。
56697889278,生活日杂,下午好,0,该用户可能是在打招呼的同时暗示自己刚进入直播间，想了解当前正在介绍的产品或活动。
56697889278,生活日杂,一盒多少个,1,该用户想询问产品包装内的具体数量，以评估是否满足自己的购买需求。
56697889278,生活日杂,下次玲珑杯什么时候有,1,该用户想询问下一次售卖“玲珑杯”这款产品的时间安排。
56697889278,生活日杂,大米讲一下,1,该用户希望主播详细介绍当前展示的大米产品信息。
56697889278,生活日杂,这个配料表有白砂糖不,1,该用户是在询问产品是否含有白砂糖，可能出于健康或饮食禁忌的考虑而关注成分信息。
56697889278,生活日杂,一盒几个,1,该用户想询问产品包装内的具体数量。
56697889278,生活日杂,大米大米讲一下,1,该用户希望主播详细介绍当前展示的大米产品。
56697889278,生活日杂,会太甜吗,1,该用户是在询问产品的甜度是否过高，可能担心不符合自己的口味偏好。
56697889278,生活日杂,深航的机票什么上？,1,该用户想询问深航的机票何时会在直播中介绍或开售。
56697889278,生活日杂,啥时候能有砧板,1,该用户想表达的含义是：询问直播间何时会上架或介绍砧板产品。
56697889278,生活日杂,有纯牛奶吗？,1,该用户是在询问直播间是否有纯牛奶这一商品在售或即将介绍。
56697889278,生活日杂,纯牛奶,1,该用户是在询问直播间是否有纯牛奶产品可供购买或介绍。
56697889278,生活日杂,云南米线还有嘛,1,该用户是在询问直播间是否还有云南米线这款商品在售。
56697889278,生活日杂,兰格格好喝,1,该用户可能是在对直播中提到的“兰格格”产品表示认可或询问相关信息，暗示有购买意向或希望了解更多细节。
56697889278,生活日杂,米线,1,该用户是在询问直播间是否还有云南米线的库存或是否会再次上架米线产品。
56697889278,生活日杂,最近还会有有空调吗,1,该用户想询问近期是否会再次上架空调商品。
56697889278,生活日杂,还上安吉尔净水机么,1,该用户是在询问安吉尔净水器是否会再次补货上架销售。
56697889278,生活日杂,支持,0,该用户想表达的含义是：对主播或产品表示认同和鼓励。
56697889278,生活日杂,加油！宇辉家的主播们！棒棒哒！,0,该用户是在为主播团队加油打气，表达对直播间的支持和鼓励，而非直接询问商品信息或表现出购买意向。
56697889278,生活日杂,给力,0,该用户想表达的含义是：对直播内容或优惠活动感到满意和兴奋。
56697889278,生活日杂,太划算了,1,该用户认为当前直播间的商品价格非常优惠，产生了强烈的购买意愿。
56697889278,生活日杂,这个酸奶上次买的吃完啦，配料表干净，回购,1,该用户通过分享之前的购买体验和产品优点，明确表达了再次购买同款酸奶的意愿。
56697889278,生活日杂,苹苹下不了单呢？？？？？？？？？,0,该用户因购买流程遇到问题而焦急求助，表达了对“苹苹”这款商品的下单失败困惑。
56697889278,生活日杂,玫瑰花收到，太好了,0,该用户想表达的含义是：对收到的玫瑰产品感到满意并给予积极反馈。
56697889278,生活日杂,小黄车在哪里？,1,该用户想表达的含义是：询问直播间的购物链接入口在哪里。
56697889278,生活日杂,几号有雪平锅,1,该用户想询问雪平锅的具体上架或补货时间，表现出明确的购买意向。
56697889278,生活日杂,米线,1,该用户是在询问直播间是否还有云南米线这款商品在售。
56697889278,生活日杂,醪糟有吗？最近,1,该用户想询问直播间近期是否会上架醪糟产品。
56697889278,生活日杂,有祛斑霜吗,1,该用户是在询问直播间是否会上架祛斑霜产品，表达了对该商品的购买兴趣。
56697889278,生活日杂,主播求回答，很急,0,该用户可能因商品库存、下单问题或产品详情等紧急事项急需主播解答。
56697889278,生活日杂,这是什么,1,该用户可能在询问直播中当前展示或提到的某件商品的具体信息。
56697889278,生活日杂,云南的桑蚕丝被还有吗？,1,该用户想询问直播间是否还有云南产的桑蚕丝被库存可供购买。
56697889278,生活日杂,橱窗有酸甜角,0,该用户可能在询问或提醒主播橱窗里是否有酸甜角这款商品可供购买。
56697889278,生活日杂,什么时候来浙江,0,该用户想询问该电商直播团队何时会到浙江地区进行直播或推广活动。
56697889278,生活日杂,常温保存可以不,1,该用户可能是在询问商品是否可以在常温环境下储存，以便确认购买后的保存条件是否方便。
56697889278,生活日杂,深航的机票次卡什么上？,1,该用户是在询问深航机票次卡产品的具体开售时间，表现出明确的购买意向。
56697889278,生活日杂,奶皮子好喝，前几天刚线下买了,1,该用户想表达的含义是：对这款奶皮子产品的认可，并暗示自己已有购买经验且可能考虑再次入手。
56697889278,生活日杂,橱窗有酸角呢,0,该用户是在询问或确认直播橱窗中是否有酸角这款商品。
56697889278,生活日杂,橱窗有酸甜角,0,该用户是在询问或确认直播间的商品橱窗中是否有酸甜角这款产品。
56697889278,生活日杂,孩子喜欢吃,0,该用户想表达的含义是：这款产品适合孩子口味，有意向购买。
56697889278,生活日杂,2号那个苹果软膏是不是无糖无添加？小宝宝能吃？,1,该用户是在询问2号苹果软膏的成分安全性和适用人群，表现出对婴幼儿食品健康属性的关注和潜在的购买意向。
56697889278,生活日杂,有无糖版的吗,1,该用户是在询问当前直播展示的商品是否有不含糖的版本可供选择。
56697889278,生活日杂,配料干净吗？,1,该用户可能是在询问产品的成分是否天然健康，表达了对食品安全或品质的关注。
56697889278,生活日杂,蓝莓还有吗今天,1,该用户是在询问直播间当前是否还有蓝莓产品可供购买。
56697889278,生活日杂,这个酸奶特好吃,1,该用户想表达的含义是：这款酸奶的口碑不错，自己也有兴趣尝试或推荐购买。  （结合前文弹幕中频繁出现的食品类商品讨论，如“奶皮子好喝”“孩子喜欢吃”等，可推断用户可能在认同产品品质或暗示购买意向，语境更偏向积极反馈而非单纯评价。）
56697889278,生活日杂,舞王来了没,0,该用户可能在询问直播间是否会上架或展示某位被称为“舞王”的主播或嘉宾。
56697889278,生活日杂,蓝莓还有吧今天,1,该用户是在询问直播间当前是否还有蓝莓库存可供购买。
56697889278,生活日杂,锅要去橱窗看,0,该用户想表达的含义是：我想去商品橱窗查看这款锅的详情信息。
56697889278,生活日杂,购物车呢,0,该用户想询问如何找到或查看直播间的购物车功能。
56697889278,生活日杂,快递不派送上门怎么办,0,该用户担心购买后物流服务无法送货上门，想确认商品配送方式是否满足需求。
56697889278,生活日杂,这个酸奶好喝,1,该用户想表达的含义是：对这款酸奶的口味表示认可，并可能产生购买意向。
56697889278,生活日杂,有券吗,0,该用户可能在询问当前商品是否有优惠券可用。
56697889278,生活日杂,小推车置物架 能在找一下吗,1,该用户想表达的含义是：希望主播再次展示或介绍小推车置物架这款产品。
56697889278,生活日杂,米线还有吗,1,该用户想询问直播间当前是否还有米线这款商品在售。
56697889278,生活日杂,苹果讲解过了吗,1,该用户想询问直播中是否已经介绍过苹果产品，以免错过相关信息。
56697889278,生活日杂,这个大人孩子都喜欢吃,0,该用户想表达的含义是：这款产品适合全家人共同享用，具有广泛的受众吸引力。
56697889278,生活日杂,宇辉回京了吗,0,该用户可能在询问主播或嘉宾是否已返回直播间，以便继续了解商品信息或参与互动。
56697889278,生活日杂,请问云南高山香蕉拍后几天能收到,1,该用户想询问购买云南高山香蕉后的预计收货时间，以评估是否满足自己的收货需求。
56697889278,生活日杂,牛奶不错,1,该用户想表达的含义是：对直播中介绍的牛奶产品表示认可并可能产生购买意向。
56697889278,生活日杂,都回京了吗？,0,该用户可能在询问主播或其他工作人员是否已经结束行程返回北京，以确认直播间的后续安排或商品发货情况。
56697889278,生活日杂,蓝莓,1,该用户想表达的含义是：询问直播间是否还有蓝莓产品在售或库存情况。
56697889278,生活日杂,黑鱼片没有了？,1,该用户是在询问直播中提到的黑鱼片是否已经售罄或不再提供。
56697889278,生活日杂,纯酸奶吗,1,该用户是在询问直播中提到的酸奶是否为无添加的纯天然产品。
56697889278,生活日杂,珂岸护唇膏今天还上不,1,该用户是在询问护唇膏是否会在当天的直播中继续售卖。
56697889278,生活日杂,我想买苹果,1,该用户可能是在询问直播中是否已经介绍过苹果产品，并有意向购买。
56697889278,生活日杂,10号红薯讲一下,1,该用户希望主播详细介绍10号红薯的产品信息或促销活动。
56697889278,生活日杂,瓜子有不,1,该用户想询问直播间是否售卖瓜子这款商品。
56697889278,生活日杂,宇辉他们从云南撤了吗,0,该用户是在询问主播团队是否已经结束在云南的行程并返回。
56697889278,生活日杂,欢迎舞王,0,该用户可能在友好地欢迎主播或嘉宾出场，表达对其表演或互动的期待。
56697889278,生活日杂,这小头型,0,该用户可能是在调侃或评价主播的发型，表达一种轻松随意的互动兴趣。
56697889278,生活日杂,罐子是玻璃的还是塑料的？,1,该用户想了解产品包装的材质以便评估其品质和实用性。
56697889278,生活日杂,鹏鹏晒黑了,0,该用户可能在关心主播近况或外貌变化，暗示对主播个人的关注而非直接购买意向。
56697889278,生活日杂,上地瓜,1,该用户想表达的含义是：询问主播是否会介绍或上架地瓜产品。
56697889278,生活日杂,在淘宝看见有一款美发棒，有董宇辉的头像见，是你们直播间卖的吗？能给个链接吗？,1,该用户想确认直播间是否售卖带有董宇辉头像的美发棒并希望获取购买链接。
56697889278,生活日杂,欢迎帅鹏鹏,0,该用户是在友好地打招呼，表达对主播“帅鹏鹏”的欢迎和关注。
56697889278,生活日杂,两位大帅哥，下午好,0,该用户是在友好问候主播，表达对直播间的关注和互动意愿。
56697889278,生活日杂,歹徒舞来一个？[呲牙],0,该用户是在调侃或起哄，希望主播表演一段流行的“歹徒舞”来活跃气氛。
56697889278,生活日杂,欢迎蛇王,0,该用户是在以幽默调侃的方式欢迎直播间的主播或嘉宾，模仿前文“欢迎舞王”“欢迎帅鹏鹏”的互动风格，用“蛇王”作为戏谑称号表达轻松友好的围观态度。
56697889278,生活日杂,空气炸锅能炸红薯呢,0,该用户是在询问空气炸锅是否适合用来烹饪红薯，可能对购买空气炸锅或相关食材产生兴趣。
56697889278,生活日杂,下午好,0,该用户可能是在向主播或直播间观众礼貌问候，同时暗示自己刚进入直播间并关注当前互动氛围。
56697889278,生活日杂,熙宝鹏鹏下午好,0,该用户是在向主播“熙宝”和“鹏鹏”打招呼，表达友好互动的意愿。
56697889278,生活日杂,大家都回北京了吗？好担心,0,该用户可能在询问直播间工作人员或观众是否已从云南返回北京，并流露出对行程安全的关切。
56697889278,生活日杂,鹏鹏来了,0,该用户是在以轻松调侃的方式欢迎主播“鹏鹏”进入直播间，表达对主播的熟悉和友好互动意愿。
56697889278,生活日杂,大家在云南还好吧,0,该用户是在询问直播团队是否已结束云南行程并平安返回。
56697889278,生活日杂,什么时候来浙江啊,0,该用户希望了解直播团队是否计划到浙江进行线下活动或直播。
56697889278,生活日杂,买了心相印抽纸，卷可以买玉米吗？,0,该用户可能是在询问购买心相印抽纸后，是否还能继续购买玉米产品，表达了对玉米的购买兴趣。
56697889278,生活日杂,鹏鹏下午好,0,该用户是在向主播“鹏鹏”致以问候，表达友好互动意愿。
56697889278,生活日杂,相声来了[呲牙],0,该用户是在用调侃的语气表达对主播表演或互动环节的期待，类似于“好戏开场了”或“这下有乐子看了”。
56697889278,生活日杂,传熙好像圆润了点,0,该用户是在调侃主播的外貌变化，可能带有亲切的玩笑意味。
56697889278,生活日杂,舞王驾到！,0,该用户是在用调侃的方式欢迎主播出场，并暗示期待主播表演舞蹈。
56697889278,生活日杂,蛇王驾到,0,该用户是在用幽默的方式欢迎或调侃主播（可能是昵称为“蛇王”的主播）出场，表达对主播的喜爱或互动热情。
56697889278,生活日杂,歹徒舞,0,该用户是在调侃或起哄，希望主播表演之前被提及过的“歹徒舞”节目。
56697889278,生活日杂,鲜花什么时候有,1,该用户是在询问直播间何时会上架或再次售卖鲜花产品。
56697889278,生活日杂,鹏鹏跳舞真好看[爱心],0,该用户是在表达对主播鹏鹏舞蹈表演的喜爱和赞赏，属于互动娱乐性质而非直接购买意向。
56697889278,生活日杂,学霸来了！,0,该用户是在用幽默的方式欢迎或调侃主播出场，暗示主播以“学霸”形象登场。
56697889278,生活日杂,红薯还是紫薯,1,该用户可能在询问主播推荐红薯或紫薯哪个更适合购买或烹饪。
56697889278,生活日杂,洗发水,1,该用户可能是想询问直播间是否有推荐或介绍洗发水产品。
56697889278,生活日杂,宝宝果[呲牙],1,该用户是在用昵称或爱称亲切地称呼主播或产品，并附上表情表达轻松友好的互动情绪。
56697889278,生活日杂,响尾蛇来了,0,该用户是在用幽默夸张的方式欢迎或调侃主播出场（类似“蛇王驾到”的戏仿表达）。
56697889278,生活日杂,无花果橱窗里有,0,该用户是在询问或提醒其他观众，主播展示的无花果商品可以在直播间的购物橱窗中找到并购买。
56697889278,生活日杂,有一款美发棒在淘宝链接，有董宇辉的头像是你们直播间卖的吗？有链接吗？,1,该用户是在询问直播间是否销售某款带有董宇辉头像的美发棒，并希望获取商品购买链接。
56697889278,生活日杂,下午好小伙伴们,0,该用户是在以问候的方式融入直播间的互动氛围，表达友好参与而非明确的购买意向。
56697889278,生活日杂,不发大连,0,该用户可能是在询问或抱怨直播间是否不向大连地区发货。
56697889278,生活日杂,拍了,0,该用户想表达的含义是：我已经下单购买了（直播中提到的商品）。
56697889278,生活日杂,期待鹏仔的舞蹈,0,该用户是在表达对主播鹏仔即将表演舞蹈的喜爱和期待，侧面反映其因主播才艺而对直播内容产生兴趣。
56697889278,生活日杂,海南红薯好吃,0,该用户可能是在询问或确认海南红薯的口感和品质，暗示有购买意向。
56697889278,生活日杂,舞王来了,0,该用户是在用幽默的方式呼应之前提到的“舞王驾到”，表达对主播表演舞蹈的期待或赞赏。
56697889278,生活日杂,有青岛火腿吗,1,该用户可能在询问直播间是否有售卖青岛火腿这一商品。
56697889278,生活日杂,鹏鹏晒黑了[呲牙][呲牙][呲牙],0,该用户是在以调侃的语气评论主播鹏鹏的外貌变化，表达对主播的熟悉和亲近感，而非直接表达购买意向。
56697889278,生活日杂,欢迎舞王,0,该用户是在用调侃或欢迎的语气称呼主播（或某位观众）为“舞王”，延续了直播间轻松活跃的互动氛围。
56697889278,生活日杂,同行的帅哥美女们好争气，甩别人几条街的感觉真爽啊[呲牙],0,该用户是在为直播间的主播或观众群体表现优异而感到自豪，并借此表达一种群体荣誉感和竞争胜利的愉悦心情。
56697889278,生活日杂,鹏鹏晒黑了,0,该用户是在以调侃的语气评论主播鹏鹏的外貌变化，暗示注意到他近期可能因户外活动或工作导致肤色变深，同时透露出对主播的持续关注和亲切感。
56697889278,生活日杂,云南的小伙伴还好吧？,0,该用户可能是在关心云南地区的观众是否受到近期某种自然灾害或突发事件的影响，试图通过弹幕表达对同地区观众的问候和关切。
56697889278,生活日杂,蓝莓,1,该用户可能是在询问直播间是否有售卖蓝莓产品或相关商品链接。
56697889278,生活日杂,鹏鹏好，传熙好,0,该用户是在热情地向主播鹏鹏和传熙打招呼，表达对两位的喜爱和支持。
56697889278,生活日杂,这个肯定特甜,1,该用户可能是在对直播中展示的某款水果（如蓝莓或无花果）的品质表示积极认可，暗示有购买意向。
56697889278,生活日杂,鹏鹏来了，我买东西了,1,该用户想表达的含义是：因为主播鹏鹏的出现而决定下单购买商品。
56697889278,生活日杂,很甜的 小香薯,1,该用户是在称赞小香薯的口感甜美，可能暗示对产品的兴趣或认可。
56697889278,生活日杂,鹏鹏，很像《仁心俱乐部》里的蒋毓,0,该用户想表达的含义是：主播鹏鹏的外貌或气质与《仁心俱乐部》中的角色蒋毓相似。
56697889278,生活日杂,珂岸护唇膏今天还上不,1,该用户是在询问珂岸护唇膏是否会在当天的直播中继续售卖，表现出明确的购买意向和对该产品的关注。
56697889278,生活日杂,蒸起来也好吃,0,该用户想表达的含义是：对当前展示的食品（可能是海南红薯或小香薯）的烹饪方式和口感表示认可，暗示有购买意向。
56697889278,生活日杂,欢迎鹏鹏,0,"该用户是在以粉丝身份热情欢迎主播""鹏鹏""出场，表达对主播的喜爱和支持。"
56697889278,生活日杂,这是怎么做的红薯,1,该用户可能是在询问红薯的制作方法或烹饪方式，表现出对产品的具体使用和品质的兴趣。
56697889278,生活日杂,舞王能跳个舞吧，弥补一下云南行的遗憾,0,该用户希望主播能表演一段舞蹈，以此弥补之前在云南直播时未能展示才艺的遗憾。
56697889278,生活日杂,看着就好香,1,该用户被直播中展示的食物所吸引，认为其外观诱人并产生了品尝欲望。
56697889278,生活日杂,是24年的还是25年的,1,该用户是在询问直播中展示的商品（可能是食品或季节性产品）的生产年份或保质期信息，以此判断产品新鲜度或适用期限。
56697889278,生活日杂,那个豆腐怎么做的,1,该用户可能对直播中展示的豆腐产品产生兴趣，想了解制作方法以便评估是否值得购买。
56697889278,生活日杂,好想吃,1,该用户看到直播中展示的美食后产生了强烈的品尝欲望，暗示对当前展示的商品有购买兴趣。
56697889278,生活日杂,小香薯蒸起来也好吃,0,该用户是在认可小香薯的品质，暗示自己有兴趣购买或已经购买过。
56697889278,生活日杂,这个怎么做的？空气炸锅烤的？,1,该用户是在询问直播中展示的食品是否是用空气炸锅烹饪的，表现出对制作方法的兴趣和潜在的购买意向。
56697889278,生活日杂,好的,0,该用户可能是对主播或产品表示认可，简短回应之前的互动或推荐。
56697889278,生活日杂,大米推荐嘛,1,该用户是在询问主播是否推荐当前展示或讨论的大米产品。
56697889278,生活日杂,红薯？这个是烤的还是蒸的,1,该用户是在询问红薯的具体烹饪方式，以确认是否符合自己的食用偏好或需求。
56697889278,生活日杂,血橙还上吗,1,该用户是在询问直播间是否会再次上架血橙产品。
56697889278,生活日杂,鹏鹏好,0,该用户是在热情地向主播“鹏鹏”打招呼，表达对主播的喜爱和支持。
56697889278,生活日杂,甜不甜,1,该用户是在询问直播中展示的食品（可能是红薯或类似甜味产品）的甜度如何。
56697889278,生活日杂,看看,0,该用户想表达的含义是：想进一步了解当前展示商品的细节或使用方法。
56697889278,生活日杂,这才是小时候吃的烤地瓜,0,该用户想表达的含义是：这款烤地瓜的味道或外观唤起了他对童年回忆的共鸣。  （结合前文弹幕中频繁讨论红薯的烹饪方式、口感及怀旧氛围，用户通过类比童年体验，间接表达对当前商品的认可和情感认同。）
56697889278,生活日杂,好吃不,1,该用户是在询问主播展示的食品（可能是红薯或地瓜）的口感和味道如何，隐含对产品的兴趣和潜在的购买意向。
56697889278,生活日杂,鹏鹏烤豆腐吃的开心不,0,该用户是在以轻松调侃的语气询问主播“鹏鹏”对烤豆腐的食用体验，既表现出对烤豆腐这款产品的兴趣，也带有与主播互动的社交意图。
56697889278,生活日杂,这个超好吃，这在吃,1,该用户想表达的含义是：这款食物非常美味，自己正在品尝。
56697889278,生活日杂,这个是中果吗？,1,该用户是在询问当前展示的商品规格是否为中等大小。
56697889278,生活日杂,不发货呀,0,该用户可能在催促主播尽快发货或询问为何迟迟未收到之前下单的商品。
56697889278,生活日杂,好吃吗,1,该用户是在询问直播中展示的食品的口感和味道如何。
56697889278,生活日杂,好吃,1,该用户想表达对当前直播展示食品的肯定和喜爱，认为其味道符合预期或超出预期。
56697889278,生活日杂,这是中果？,1,该用户想询问直播中展示的商品是否为中等大小的规格。
56697889278,生活日杂,白芯红心,1,该用户可能在询问商品（如红薯或橙子）的果肉颜色是白色还是红色。
56697889278,生活日杂,口感干不干？,1,该用户是在询问主播所展示的食品（可能是红薯类产品）的口感是否湿润松软，以此判断是否符合自己的食用偏好。
56697889278,生活日杂,鹏鹏去云南没有跳舞,0,该用户可能是在调侃主播鹏鹏之前去云南时没有展示跳舞，表达了对主播个人表现的关注或期待看到更多互动内容。
56697889278,生活日杂,大果中果能比较一下吗,1,该用户想询问不同规格产品（大果和中果）之间的具体差异以便做出购买选择。
56697889278,生活日杂,响尾蛇,0,该用户可能是在询问或提及直播中展示的某种与“响尾蛇”相关的商品（如名称、外形或功能类似的产品），或是用此词代指某个特定商品的特征（如蛇纹图案、弯曲形状等）。
56697889278,生活日杂,噎吗？？？？,1,该用户可能在询问主播是否因吃东西太快或食物太干而噎住了。
56697889278,生活日杂,血糖高的可以吃么？,1,该用户是在询问该食品是否适合高血糖人群食用，表达了对产品健康属性的关注和潜在的购买顾虑。
56697889278,生活日杂,非常好,1,该用户可能是在对主播展示的商品或试吃体验表示高度认可和满意。
56697889278,生活日杂,小香薯的特点就是甜,0,该用户是在强调小香薯的甜度是其核心卖点，暗示对产品品质的认可并可能产生购买意向。
56697889278,生活日杂,糯吗,1,该用户是在询问直播中展示的食品（可能是小香薯或类似产品）的口感是否软糯。
56697889278,生活日杂,海南红薯老好吃了,0,该用户是在认可海南红薯的口味，并暗示自己对其有购买兴趣。
56697889278,生活日杂,我看下大果,1,该用户想表达的含义是：我想了解一下大果规格的具体情况。
56697889278,生活日杂,这是烤的吗,1,该用户想询问商品是否是经过烤制的烹饪方式。
56697889278,生活日杂,小香薯好吃，烤或者蒸都可以,0,该用户想表达的含义是：小香薯口感不错且烹饪方式多样，值得推荐。
56697889278,生活日杂,酸奶呢，咋找不到链接了,1,该用户急切地询问酸奶产品的购买入口，表明对商品有明确的购买意向但遇到操作困难。
56697889278,生活日杂,黑龙江又发不了货,0,该用户可能在表达对物流限制的失望，暗示因为地区限制无法购买商品而感到遗憾。
56697889278,生活日杂,这个红薯好吃，我经常蒸着吃,1,该用户想表达的含义是：认可这款红薯的口感和食用方式，暗示有购买意愿。
56697889278,生活日杂,拍不了，拍不了啊啊啊啊啊啊啊啊啊啊啊啊啊啊啊啊啊啊啊啊啊啊啊啊,1,该用户因所在地区无法下单购买而焦急抱怨。
56697889278,生活日杂,甜不,1,该用户是在询问主播当前介绍的红薯是否具有甜味的口感特点。
56697889278,生活日杂,口感酸不酸,1,该用户是在询问产品的口味是否偏酸，以评估是否符合自己的偏好或食用需求。
56697889278,生活日杂,地瓜地瓜烤地瓜[呲牙],1,该用户是在用轻松幽默的口吻询问或调侃这款红薯是否适合烤制食用，可能是在确认烹饪方式或表达对烤红薯的兴趣。
56697889278,生活日杂,拔丝地瓜好吃,1,该用户是在认可并分享自己对拔丝地瓜美味的体验，暗示对当前直播中同类红薯产品的兴趣或认同。
56697889278,生活日杂,珂岸护唇膏,1,该用户可能是在询问或提及直播中出现的珂岸护唇膏产品，表达对其的关注或购买意向。
56697889278,生活日杂,比一下大小,1,该用户想表达的含义是：希望主播展示或比较不同规格产品（如大果和中果）的实际尺寸差异。
56697889278,生活日杂,知道用烤箱烤，说明真正吃懂红薯啦[尬笑][尬笑][尬笑],0,该用户想表达的含义是：认可用烤箱烤红薯是最地道的吃法，并带点调侃的意味。
56697889278,生活日杂,酸奶呢,1,该用户可能在询问直播间是否展示或销售过酸奶产品，并对其购买链接的缺失表示疑惑。
56697889278,生活日杂,海南产地，海口都不发货，为啥啊,0,该用户因所在地（海口）无法购买海南产地的商品而感到困惑和不满，质疑直播间发货政策的合理性。
56697889278,生活日杂,传熙和你鹏哥跳个舞吧,0,该用户可能在活跃直播间气氛，以互动娱乐的方式向主播提出表演请求，而非表达对商品的购买兴趣。
56697889278,生活日杂,淘宝链接看到的染发棒，有董宇辉的头像是你们直播间卖的吗？有链接吗？,1,该用户想表达的含义是：询问直播间是否售卖带有董宇辉头像的染发棒产品并索要购买链接。
56697889278,生活日杂,收到和直播间一样的品质吗,1,该用户担心实际收到的商品质量与直播中展示的样品存在差异。
56697889278,生活日杂,再见了，我要去接孩子了,0,该用户因时间冲突需暂时离开直播间，但并未表现出明确的购买意向或对当前商品的兴趣。
56697889278,生活日杂,这个超好吃，小小个的，很好烤,1,该用户想表达的含义是：这款小香薯口感好且容易烹饪，适合推荐购买。  （结合前文弹幕中关于红薯烹饪方式、口感的讨论，以及用户对小香薯的正面评价，可推断该弹幕意在强调产品优势，隐含推荐或认可意图。）
56697889278,生活日杂,看看中果多大？,1,该用户想询问展示的中等个头红薯的具体尺寸或体积。
56697889278,生活日杂,不一样,0,该用户可能是在质疑或询问当前展示的商品与之前提到的同类商品（如红薯、酸奶等）是否存在差异。
56697889278,生活日杂,蓝莓还有吗,1,该用户想询问直播间是否还有蓝莓库存可供购买。
56697889278,生活日杂,拍不了啊啊啊啊啊啊啊啊啊啊啊啊啊啊啊啊啊啊啊啊啊啊啊啊啊[流泪][流泪][流泪][流泪][流泪][流泪][流泪][流泪][流泪][流泪][流泪][流泪][流泪][流泪][流泪][流泪][流泪][流泪][流泪][流泪][流泪],1,该用户因所在地区无法下单或遇到技术问题导致购买失败，表现出强烈的焦急和失望情绪。
56697889278,生活日杂,多吃红薯对身体也好,1,该用户可能在暗示红薯的健康价值，间接表达对产品的认可或购买意向。
56697889278,生活日杂,感觉地瓜有丝丝,0,该用户想表达的含义是：觉得地瓜的口感带有细丝般的纤维感。  （结合前文弹幕中关于地瓜口感、烤制方式、品质等讨论，用户可能在描述实际品尝或想象中地瓜的质地特征。）
56697889278,生活日杂,面的,0,该用户可能是在询问直播中展示的地瓜是否属于“面甜”口感的地瓜品种。
56697889278,生活日杂,酸奶是没了吗,1,该用户可能在询问直播间此前展示的酸奶商品是否已经售罄或下架，表达了对该产品的关注和潜在的购买意向。
56697889278,生活日杂,烤红薯,0,该用户可能是在询问或确认直播间正在展示的烤红薯产品信息，或是表达对这种商品的兴趣。
56697889278,生活日杂,你们吃的是什么果,1,该用户可能是在询问直播中展示或提及的某种水果的具体品种或名称。
56697889278,生活日杂,大小,1,该用户可能在询问或比较当前展示商品的尺寸规格。
56697889278,生活日杂,吃的是中果还是小果,1,"该用户想询问直播中展示的红薯具体是中等大小还是偏小规格的果实。  （解析：结合前文多次出现""大小""""中果""""小小个""等关键词，以及讨论红薯烤制、口感的语境，可判断用户关注的是产品规格信息，意图通过尺寸判断购买价值。）"
56697889278,生活日杂,珂岸护唇膏今天还上不,1,该用户是在询问护唇膏是否会在当天的直播中继续售卖，表现出明确的购买意向和商品关注。
56697889278,生活日杂,传熙河南话,0,该用户可能是想让主播“传熙”用河南方言表演或互动。
56697889278,生活日杂,看看中号的多大,1,该用户想表达的含义是：想了解商品中号规格的具体尺寸信息。
56697889278,生活日杂,一层一层的,0,该用户可能是在询问或评论直播中展示的某款分层结构的产品（如蛋糕、千层饼等食品，或分层设计的商品），想了解具体分层细节或表达对其层次分明的观察。
56697889278,生活日杂,小时候生吃 红薯[呲牙],0,该用户通过回忆童年趣事间接表达对直播中红薯产品的兴趣和好感。
56697889278,生活日杂,选大果还小果,1,该用户是在询问产品规格，想了解应该选择大号还是小号的水果。
56697889278,生活日杂,甜吗,1,该用户是在询问直播中展示的水果或红薯类产品的口感是否香甜。
56697889278,生活日杂,这个丝多,0,该用户想表达的含义是：红薯的口感有明显的纤维丝状质地。  （结合前文弹幕中关于红薯的讨论，如“感觉地瓜有丝丝”“面的”“一层一层的”等，可推断用户是在描述红薯的纤维感，而非其他商品。）
56697889278,生活日杂,近景看看,1,该用户想表达的含义是：希望主播将镜头拉近展示商品细节以便更好地观察。
56697889278,生活日杂,这是烤的吗？,1,该用户可能是在询问直播中展示的红薯产品是否是经过烤制的加工方式。
56697889278,生活日杂,海南红薯好吃,0,该用户可能是在认可海南红薯的口感，并间接表达出想尝试或购买的意愿。
56697889278,生活日杂,云南的小伙伴回北京了吗？,0,该用户可能是想询问直播间是否有云南特产或相关商品，暗示自己刚从云南返回北京并对此类产品感兴趣。
56697889278,生活日杂,图片上是黄心，你这怎么是白心呢,1,该用户可能是在质疑直播展示的商品与宣传图片存在差异，对红薯心颜色的不一致感到困惑或不满。
56697889278,生活日杂,紫米会讲吗,1,该用户可能在询问直播中展示的紫米产品是否会进行详细介绍或讲解。
56697889278,生活日杂,烤好吃吗,1,该用户想询问直播中展示的烤制食品的口感和味道如何。
56697889278,生活日杂,大小都好吃,1,该用户想表达的含义是：无论选择大果还是小果，口感都令人满意。
56697889278,生活日杂,我要小点的,1,该用户想表达自己倾向于选择尺寸较小的产品。
56697889278,生活日杂,鹏鹏传熙这个是烤的吗,1,该用户是在询问直播中展示的商品（红薯）是否是经过烤制的。
56697889278,生活日杂,我在河南吃这么多年不陪有勺吗？,0,该用户可能是在询问购买红薯时是否会附带勺子，表达了对产品配套赠品的兴趣或疑惑。
56697889278,生活日杂,帮问问，海口为什么不发货？,0,该用户想询问商家为何不支持将商品配送至海口地区。
56697889278,生活日杂,大小价格一样的,0,该用户可能是在询问或确认商品的不同规格（如大小）是否售价相同。
56697889278,生活日杂,丝太多吧,0,该用户可能是在质疑或抱怨红薯的纤维过多，影响了口感。
56697889278,生活日杂,海南的红薯，海南人买不了啊,0,该用户想表达的含义是：作为海南本地人却无法购买直播中推荐的海南红薯，对此感到遗憾或不解。
56697889278,生活日杂,帅鹏上班了？,0,该用户可能在询问主播“帅鹏”是否已经开始介绍或展示商品，暗示对直播内容的关注和参与意向。
56697889278,生活日杂,看着好香,1,该用户被直播中展示的红薯所吸引，觉得其外观或描述让人产生食欲，可能隐含对产品的兴趣和购买意向。
56697889278,生活日杂,甜吗,1,该用户是在询问直播中展示的水果或红薯等农产品的甜度如何，以判断是否值得购买。
56697889278,生活日杂,紫米我也想吃,1,该用户可能对直播中提到的紫米产品产生了兴趣，表达了自己也想尝试购买的意愿。
56697889278,生活日杂,直接加水煮可以么,1,该用户想询问该产品是否可以直接用水煮熟食用。
56697889278,生活日杂,对 我们这里的早餐店都有红薯粥,0,该用户想表达的含义是：我们当地的早餐店普遍供应红薯粥，说明这种产品有市场需求和接受度。
56697889278,生活日杂,有丝,0,该用户可能是在吐槽红薯的纤维丝过多，影响口感。
56697889278,生活日杂,酸奶酸奶哪去了,1,该用户可能在询问直播中提到的酸奶产品为何没有继续展示或介绍，表达了对酸奶的关注和购买兴趣。
56697889278,生活日杂,面盖上水？,0,该用户可能在询问产品使用时是否需要往面盖部分加水。
56697889278,生活日杂,有丝吗鹏,1,该用户想询问主播是否有带丝的红薯品种或产品。
56697889278,生活日杂,好吃,1,该用户想表达的含义是：认可并称赞直播中展示的食品口感不错。
56697889278,生活日杂,不是，紫米我也想看一下,1,该用户想表达的含义是：除了当前讨论的红薯产品，我对直播中提到的紫米也产生了兴趣，希望了解或购买。
56697889278,生活日杂,做红薯糖丸子,0,该用户可能是询问主播是否在演示或售卖红薯糖丸子的制作方法，或是表达对这种食品的兴趣和购买意向。
56697889278,生活日杂,云南行结束了吗,0,该用户可能是在询问直播中介绍的云南特产或相关活动是否已经结束，想确认是否还有机会参与购买或了解详情。
56697889278,生活日杂,看着真不错,1,该用户觉得商品的外观或展示效果很吸引人，产生了积极的购买意向。
56697889278,生活日杂,不喜欢有丝,0,该用户想表达的含义是：对产品中纤维过多的口感表示不满或不喜欢。
56697889278,生活日杂,今天会有大肚锅有上吗？,1,该用户是在询问直播中是否会推出大肚锅这款产品。
56697889278,生活日杂,辉辉去旅行了,0,该用户可能在询问主播“辉辉”是否已经结束旅行并回归直播，暗示对主播动态的关注和期待继续参与直播互动。
56697889278,生活日杂,没货了,1,该用户可能是在询问或抱怨直播中展示的商品已经售罄，表达了对无法购买的失望或希望补货的意愿。
56697889278,生活日杂,丝丝看着比较多啊,0,该用户想表达的含义是：红薯的纤维看起来比较明显，可能影响口感。
56697889278,生活日杂,长春又买不了,0,该用户想表达的含义是：自己所在的长春地区无法购买直播中推荐的商品。
56697889278,生活日杂,有丝？,1,该用户可能在询问直播中展示的商品是否有丝状质地或成分。
56697889278,生活日杂,感觉好多丝？,0,该用户想表达的含义是：询问产品是否带有明显的纤维或丝状质地。
56697889278,生活日杂,看样子有筋，没关系啦,0,该用户想表达的含义是：虽然产品看起来有纤维感，但自己并不介意这一点。
56697889278,生活日杂,鹏鹏，我要买昨天晚上宇辉身上穿的衣服,1,该用户明确表达了对主播宇辉昨晚穿的同款衣服的购买意向。
56697889278,生活日杂,不喜欢有丝＋1,0,该用户想表达的含义是：我也对产品中的纤维成分感到不满意。
56697889278,生活日杂,沈阳拍不了,0,该用户想表达的含义是：沈阳地区不支持购买该商品。
56697889278,生活日杂,酸奶没有了么？,1,该用户是在询问直播间之前提到的酸奶产品是否已经售罄或下架了。
56697889278,生活日杂,两种小米有什么区别,1,该用户想询问两种小米产品的具体差异以便做出购买选择。
56697889278,生活日杂,这种比蜜薯好吃,1,该用户想表达的含义是：这款产品比蜜薯口感更好，值得购买。
56697889278,生活日杂,大果烤多久？,1,该用户可能在询问直播中展示的大果类产品（如烤红薯等）的推荐烹饪时间，表达了对产品的具体使用细节的关注和潜在购买兴趣。
56697889278,生活日杂,蒲公英饺子过了吗？,1,该用户是在询问蒲公英馅饺子的商品是否已经结束售卖或展示环节。
56697889278,生活日杂,东北能冻吗,1,该用户可能是在询问商品是否适合在东北地区的低温环境下保存或使用。
56697889278,生活日杂,这个红薯很好吃,1,该用户想表达的含义是：这款红薯的口感或品质比其他同类产品更出色。
56697889278,生活日杂,鹏鹏,0,该用户可能在呼唤主播“鹏鹏”询问商品信息或表达对主播的关注。
56697889278,生活日杂,紫米会讲吗 怎么样,1,该用户是在询问主播是否会介绍紫米的相关信息以及紫米的产品品质如何。
56697889278,生活日杂,这个是不是太甜了啊,1,用户对产品的甜度有所顾虑，担心可能不符合自己的口味偏好。
56697889278,生活日杂,与辉同行想你所想[呲牙],0,"该用户是在调侃主播团队（""与辉同行""）能够精准洞察观众需求，用轻松的语气表达对直播选品或服务的认可。"
56697889278,生活日杂,直播间光强，显得白,0,该用户可能是在抱怨直播间的打光过强，导致产品颜色失真或观看体验不佳。
56697889278,生活日杂,中果和大果看一下,1,该用户想询问主播能否展示或介绍中等大小和较大尺寸的水果产品。
56697889278,生活日杂,这不都是丝吗，丝没法吃吧,0,该用户是在质疑直播中展示的商品存在纤维过多的问题，认为这样的品质不适合食用。
56697889278,生活日杂,你们都回京吧？,0,该用户可能在询问其他观众是否要结束观看直播并退出直播间。
56697889278,生活日杂,你们都回北京了吗,0,该用户可能在询问主播团队是否已经结束外地行程返回北京，以此判断直播商品的发货或售后安排是否会受行程影响。
56697889278,生活日杂,辽宁拍不了,0,该用户想表达的含义是：由于地域限制，自己所在的辽宁地区无法购买直播间的商品。
56697889278,生活日杂,鹏鹏憔悴的,0,该用户可能是在关心主播鹏鹏的状态，觉得他看起来疲惫或精神不佳。
56697889278,生活日杂,有筋吗？,1,该用户是在询问商品（可能是红薯或类似食材）是否含有影响口感的纤维丝。
56697889278,生活日杂,甘肃不发货？,0,该用户是在询问直播间是否支持向甘肃地区发货。
56697889278,生活日杂,鵬鵬这么快吗，昨天还在云南今天就开播,0,该用户惊讶于主播“鹏鹏”从云南返回并迅速开播的效率，可能隐含对其行程紧凑或工作强度的调侃或关切。
56697889278,生活日杂,吉林拍不了,0,该用户想表达的含义是：自己所在的吉林地区无法下单购买直播间的商品。
56697889278,生活日杂,拍了大果,1,该用户想表达的含义是：我已经下单购买了最大规格的商品。  （结合前文“中果和大果看一下”等关于商品规格的讨论，可推断“拍”指下单，“大果”指商品的最大尺寸选项。）
56697889278,生活日杂,地瓜甜吗,1,该用户想询问直播中展示的地瓜是否口感香甜，以此判断是否符合自己的购买需求。
56697889278,生活日杂,这个点看饿了,0,该用户可能因直播中展示的食物诱人而产生了食欲，间接表达了对商品的兴趣或好感。
56697889278,生活日杂,有没有粉糯干一点的,1,该用户是在询问商品（可能是红薯或地瓜）的口感是否偏向粉质绵密且水分较少的状态。
56697889278,生活日杂,我要买昨天晚上宇辉身上穿的衣服,1,该用户明确表达了想要购买主播宇辉在前一晚直播中展示的同款服装的意愿。
56697889278,生活日杂,现在买个烤红薯去,0,该用户被直播内容勾起食欲，产生了想立即下单购买烤红薯的冲动。
56697889278,生活日杂,东北拍不了,0,该用户想表达的是：自己所在的东北地区无法下单购买直播间的商品。
56697889278,生活日杂,红薯抗癌,0,该用户可能是想询问或确认直播中提到的红薯是否具有抗癌功效，以此作为购买决策的参考依据。
56697889278,生活日杂,辽宁不配送,0,该用户想表达的含义是：自己所在的辽宁地区无法购买直播间的商品。
56697889278,生活日杂,什么时侯上电饭锅,1,该用户是在询问电饭锅这款商品的具体上架时间，表现出明确的购买意向。
56697889278,生活日杂,大家都问你们，小伙伴从云南返京了吗？,0,该用户是在询问主播团队是否已经从云南出差回来并回到北京开播。
56697889278,生活日杂,看看玉米,1,该用户想表达的含义是：想了解当前展示的玉米产品的具体情况或购买方式。
56697889278,生活日杂,东北已经不冷了，为啥不发货？？？,0,该用户因所在地区无法购买商品而感到不满，质疑商家为何在天气转暖后仍不恢复向东北地区的发货服务。
56697889278,生活日杂,鹏鹏可以跳个舞,0,该用户可能是想通过轻松互动的方式活跃直播间氛围，表达对主播鹏鹏的喜爱和关注。
56697889278,生活日杂,烤红薯可以吗,1,该用户可能在询问直播中展示的红薯是否适合用来烤制食用。
56697889278,生活日杂,看看大小区别,1,该用户想表达的含义是：想了解商品不同规格之间的具体差异以便做出购买选择。
56697889278,生活日杂,鹏鹏上舞蹈,0,该用户是在调侃或起哄让主播鹏鹏表演跳舞，可能是为了活跃气氛或延续之前关于主播的轻松话题。
56697889278,生活日杂,你吃的是大果吗,1,该用户是在询问直播中展示的商品（可能是水果或红薯）是否为较大规格的品种。
56697889278,生活日杂,隔水蒸好些,0,该用户是在讨论红薯的烹饪方式，认为隔水蒸比其它做法更好。
56697889278,生活日杂,咖啡咖啡,1,该用户可能在催促主播展示或介绍咖啡产品，表达对咖啡的兴趣或购买意向。
56697889278,生活日杂,红薯好屹又有营养,1,该用户想表达的含义是：红薯看起来美味可口且健康营养，让人产生购买欲望。
56697889278,生活日杂,蒲公英鸡蛋水饺是啥样的？,1,该用户想表达的含义是：对蒲公英鸡蛋水饺的产品形态或具体内容感到好奇，希望主播展示或介绍详情。
56697889278,生活日杂,你们的小伙伴回北京了吗？,0,该用户是在询问直播团队的工作人员是否已经从云南出差返回北京。
56697889278,生活日杂,东北不配送,0,该用户想表达的含义是：对商品无法配送到东北地区感到不满或遗憾。
56697889278,生活日杂,放心拍吧！这种红薯已拍多次，每次都不让人失望,0,该用户想表达的含义是：这款红薯品质可靠，自己多次回购都很满意，推荐其他人可以放心购买。
56697889278,生活日杂,吉林拍不了,0,该用户想表达的含义是：由于地域限制，吉林地区的用户无法购买直播间的商品。
56697889278,生活日杂,中果易烤熟,0,该用户想表达的含义是：中等大小的红薯更容易烤熟，适合购买。
56697889278,生活日杂,蒸着吃还是烤着吃,1,该用户是在询问当前直播介绍的红薯更适合哪种烹饪方式，以决定是否购买。
56697889278,生活日杂,鹏鹏,0,该用户可能在呼唤主播“鹏鹏”并希望其进行互动或表演才艺。
56697889278,生活日杂,鹏鹏熙宝下午好,0,该用户是在向主播鹏鹏和熙宝打招呼，表达友好互动意愿。
56697889278,生活日杂,红薯是板栗薯吗,1,该用户是在询问直播中展示的红薯品种是否为口感类似板栗的板栗薯。
56697889278,生活日杂,今天会有大肚锅有上吗？ 今天会有大肚锅有上吗？,1,该用户急切询问直播中是否会推出“大肚锅”这款产品，表现出明确的购买意向和关注。
56697889278,生活日杂,：红薯营养价值高,1,该用户想表达的含义是：认可红薯的营养价值，可能有意向购买或询问相关产品信息。
56697889278,生活日杂,吉林已经不冷了，还是不发货,0,该用户想表达的含义是：因为吉林地区天气转暖导致商品无法配送，对此感到失望和不满。
56697889278,生活日杂,又香又甜,1,该用户想表达的含义是：这款红薯的口感和味道都非常好。
56697889278,生活日杂,传熙再见,0,该用户是在与主播“传熙”道别，表达准备离开直播间的意思。
56697889278,生活日杂,沈阳拍不了,0,该用户想表达的含义是：由于地域限制，沈阳地区无法购买该商品。
56697889278,生活日杂,熙宝再见,0,该用户是在向主播或直播间其他观众礼貌道别，表达准备离开直播间的意图。
56697889278,生活日杂,与辉同行可以信赖！,0,该用户想表达的含义是：对主播或商家的信任感较强，认为其推荐的产品值得放心购买。
56697889278,生活日杂,东北不发货,0,该用户想表达的含义是：对商品无法配送到东北地区感到失望和不满。
56697889278,生活日杂,传熙宝宝再见,0,该用户是在向主播“传熙”道别，表达对直播的结束或主播离开的礼貌性告别。
56697889278,生活日杂,传熙辛苦了,0,该用户是在向主播“传熙”表达感谢和道别，可能是对主播的辛勤工作表示认可或对直播内容感到满意。
56697889278,生活日杂,拍了，给孩子早餐吃,0,该用户表示自己已经下单购买该产品，打算用作孩子的早餐食材。
56697889278,生活日杂,传熙明天见,0,该用户是在向主播传熙表达明天会继续观看直播的友好承诺。
56697889278,生活日杂,跳舞吧,0,该用户可能是希望主播或表演者进行才艺展示以活跃气氛。
56697889278,生活日杂,鹏鹏下午好！,0,该用户是在友好地向主播打招呼，表达对直播间的关注和支持。
56697889278,生活日杂,这几天我买了好多农产品,0,该用户想表达的含义是：近期我已经购买了不少农产品（可能暗示暂时不需要再买或对同类产品兴趣不大）。
56697889278,生活日杂,啥时候上炒锅,1,该用户想询问直播中是否会上架炒锅产品并希望了解具体的上架时间。
56697889278,生活日杂,还直播什么呀？都不担心？,0,该用户可能是在表达对直播内容或商品安排的失望和不满，认为主播没有关注观众的实际需求或担忧（比如发货问题或商品缺货），质疑直播的诚意和效果。
56697889278,生活日杂,这个可以直接吃吧,1,该用户可能在询问产品是否需要额外加工处理，还是可以开袋即食。
56697889278,生活日杂,3号海南的番薯海口为啥不配送,0,该用户想表达的含义是：对海南海口地区无法购买3号番薯感到疑惑和不满。
56697889278,生活日杂,红黄绿,1,该用户可能在询问商品的颜色选项或库存情况。
56697889278,生活日杂,下午好,0,该用户可能是在向主播或直播间其他观众打招呼，表达友好互动的意愿。
56697889278,生活日杂,彩椒维C丰富,1,该用户是在强调产品（彩椒）的营养价值，可能是在认可商品卖点或向其他观众推荐。
56697889278,生活日杂,这个是甜椒吗？？？,1,该用户可能在询问直播中展示的农产品是否为甜椒品种，表现出对商品具体属性的关注和潜在的购买兴趣。
56697889278,生活日杂,铁锅去橱窗里看,0,该用户可能是对直播中提到的铁锅感兴趣，想提醒其他人或主播自己打算去商品橱窗查看详情。
56697889278,生活日杂,是不是甜的,1,该用户想询问直播中展示的商品是否具有甜味口感。
56697889278,生活日杂,海南的《峡城人家》的红薯真的好吃[爱心][爱心],1,该用户是在称赞海南《峡城人家》品牌的红薯品质优良，并暗示自己对该产品有购买或复购意愿。
56697889278,生活日杂,看着和番茄很像很像[呲牙],0,该用户觉得直播中展示的商品外观与番茄非常相似，并对此感到有趣或好奇。
56697889278,生活日杂,鹏鹏老师下午好！,0,该用户是在礼貌问候主播鹏鹏老师，表达对直播间的友好参与和对主播的关注。
56697889278,生活日杂,彩椒维C很丰富,1,该用户是在强调彩椒的营养价值，可能对产品产生了兴趣或想进一步了解其食用特性。
56697889278,生活日杂,辣不辣？,1,该用户是在询问直播中展示的彩椒是否具有辣味。
56697889278,生活日杂,1号150g，请尽快发货,0,该用户想表达的含义是：我已经下单购买了1号商品（150克规格），希望商家能尽快安排发货。
56697889278,生活日杂,gengjiu是什么意思啊？,0,该用户是在询问直播中提到的某个产品名称或术语的具体含义，可能是对当前展示的商品特性或描述感到困惑。
56697889278,生活日杂,灯笼椒,1,该用户可能是在询问或确认直播中展示的辣椒品种是否为灯笼椒。
56697889278,生活日杂,好吃不,1,该用户是在询问直播中展示的食品口味如何，是否值得购买。
56697889278,生活日杂,一天班算是白上了，买了好多,0,该用户想表达的含义是：今天工资全花在这波购物上了，消费有点失控。  （结合前文弹幕中频繁出现的农产品讨论、下单催促和商品咨询，可推断用户因直播间促销冲动消费，用幽默口吻自嘲工作日收入被购物消耗殆尽。）
56697889278,生活日杂,绿色,0,该用户可能是在询问或确认直播中展示的商品（如彩椒）是否有绿色的款式或选项。
56697889278,生活日杂,还有紫色也很少见，甚至物理色,0,该用户想表达的含义是：紫色品种的彩椒比较罕见，甚至可能是通过特殊技术培育出的独特颜色。
56697889278,生活日杂,都不想,0,该用户想表达的含义是：对当前展示的商品或选项都不感兴趣。
56697889278,生活日杂,红的,1,该用户想表达的含义是：询问或确认直播中展示的商品是否有红色款可选。
56697889278,生活日杂,这个不错,1,该用户认为当前展示的商品符合自己的喜好或需求，表达了对商品的认可和潜在的购买意向。
56697889278,生活日杂,帅哥啊， 今天会有大肚锅有上吗？ 今天会有大肚锅有上吗？,1,该用户想表达的含义是：询问主播今天是否会售卖大肚锅这款产品。
56697889278,生活日杂,尝尝甜不甜？,1,该用户是在询问产品（可能是彩椒或红薯）的口感是否甜，以判断是否值得购买。
56697889278,生活日杂,吃黄的,0,该用户想表达的含义是：询问主播正在展示的黄色食材是否可以食用或品尝。
56697889278,生活日杂,红色,0,该用户可能是在询问或确认直播中展示的某款商品是否有红色款式可选。
56697889278,生活日杂,青的,1,该用户想表达的含义是：询问主播展示的农产品是否有青色的品种或成熟度可选。
56697889278,生活日杂,红薯也可以生吃,0,该用户可能是在询问或确认直播中介绍的红薯是否具备生食的特性，表达了对产品食用方式的兴趣。
56697889278,生活日杂,好吃,1,该用户想表达的含义是：对当前直播中展示的食品味道表示肯定和满意。
56697889278,生活日杂,今天会有大肚锅有上吗？ 今天会有大肚锅有上吗？,1,该用户急切询问直播中是否会上架大肚锅这款产品，表现出明确的购买意向。
56697889278,生活日杂,生的是酸甜的,0,该用户想表达的含义是：询问这种食物生吃时的口感是否是酸甜的。
56697889278,生活日杂,不辣,0,该用户可能是在询问或确认直播展示的产品（如辣椒或其他食品）是否具有辣味特性。
56697889278,生活日杂,牛油果,1,该用户可能是在询问或评论直播中展示的牛油果相关产品，比如询问品质、价格或表达对牛油果的兴趣。
56697889278,生活日杂,风扇,1,该用户可能是在询问或提及直播中展示的某种与“风扇”相关的产品（如水果品种、颜色名称或商品昵称），或是希望主播介绍风扇类商品。  （结合前文弹幕高频出现农产品颜色、口味讨论，以及“大肚锅”等商品昵称的语境，推测“风扇”更可能是对某商品的代称或关注点转移，而非字面电器。）
56697889278,生活日杂,黄的,1,该用户想表达的是对黄色品种商品的兴趣或询问其相关信息。
56697889278,生活日杂,颜色真好看,1,该用户被商品的颜色吸引，表达了对产品外观的欣赏和潜在的购买兴趣。
56697889278,生活日杂,红黄绿味道一样吗,1,该用户想询问不同颜色的产品（可能是水果或食物）在口味上是否存在差异。
56697889278,生活日杂,不辣的,0,该用户想表达的含义是：询问或确认直播中展示的商品（可能是食品）是否不含辣味。
56697889278,生活日杂,做配菜，颜色好看,0,该用户认为这款产品适合作为配菜使用，且对其鲜艳的色泽表示欣赏。
56697889278,生活日杂,宇辉都生吃了的,0,该用户想表达的含义是：连主播宇辉都直接生吃了，说明这个产品确实可以放心生食且味道不错。  （结合前文弹幕中关于“生吃”“颜色”“味道”的讨论，用户通过主播的行为佐证产品可生食的特点，隐含推荐或认可的态度。）
56697889278,生活日杂,有籽没？,1,该用户可能是在询问直播中展示的水果（如西瓜、石榴等）是否含有果籽，以此判断是否符合自己的食用偏好或购买需求。
56697889278,生活日杂,我也感觉黄的好吃,1,该用户认同其他观众对黄色品种口感的评价，暗示自己也有兴趣尝试购买该颜色的产品。
56697889278,生活日杂,不辣吗？,1,该用户可能在询问产品口味是否温和，担心辣度不适合自己。
56697889278,生活日杂,常温可以放几天呀,1,该用户想询问产品在常温下的保质期，以评估购买后的储存便利性。
56697889278,生活日杂,只要黄的可以吗,1,该用户可能是在询问商品是否仅提供黄色款或黄色品种可供选择。
56697889278,生活日杂,不辣的 甜的,0,该用户想确认或强调产品口味是甜味且不带辣。
56697889278,生活日杂,蘸酱吃,0,该用户可能是询问或建议当前讨论的食材（如红薯、牛油果等）是否可以搭配蘸酱食用。
56697889278,生活日杂,生吃好吃,0,该用户想表达的含义是：这种食物直接食用口感不错。
56697889278,生活日杂,苹果有没有,1,该用户是在询问直播间是否有苹果这款商品在售。
56697889278,生活日杂,不辣微甜爽脆vc丰富,1,该用户想表达的含义是：这款产品口感清爽微甜不辣，且富含维生素C。
56697889278,生活日杂,爱生活11级了，怎么没有前面的蓝钻，谁能告知？,0,该用户是在询问自己账号等级达到11级后为何没有获得相应的蓝钻标识或权益。
56697889278,生活日杂,鹏鹏尝尝黄色的,0,该用户想让主播试吃黄色的产品，可能是出于对颜色对应的口味或品质的好奇。
56697889278,生活日杂,这个生吃好吃，我买了两次了,1,该用户想表达的含义是：这款产品生吃口感很好，我已经复购过两次了。
56697889278,生活日杂,你的表情可不像你说的这样,0,该用户可能是在调侃主播的表情与产品描述不符，暗示主播对产品的介绍不够真诚或存在夸大。
56697889278,生活日杂,甜不甜啊[看],1,该用户是在询问产品（可能是水果或蔬菜）的口感是否甜，同时带有调侃或观察主播反应的情绪。
56697889278,生活日杂,有耙耙柑吗,1,该用户是在询问直播间是否有售卖耙耙柑这一商品。
56697889278,生活日杂,生吃太方便了,1,该用户想表达的含义是：这种食物直接生吃非常便捷省事。
56697889278,生活日杂,有没有充电宝？,1,该用户是在询问直播间是否有充电宝商品在售或相关优惠信息。
56697889278,生活日杂,多少钱？我的显示29呢,1,该用户可能在询问商品价格并疑惑自己看到的标价与他人不同。
56697889278,生活日杂,今天会有大肚锅有上吗？ 今天会有大肚锅有上吗？,1,该用户急切询问今天直播是否会售卖大肚锅这款商品。
56697889278,生活日杂,这个可以生吃吗,1,该用户想询问该产品是否适合直接食用而不需加工。
56697889278,生活日杂,不辣吗,1,该用户是在询问直播中展示的产品是否带有辣味，可能是出于对口味偏好或忌口的考虑。
56697889278,生活日杂,看着不辣啊,0,该用户可能是在质疑产品宣传的辣度，认为实际口感与描述不符，倾向于温和或偏甜的口味。
56697889278,生活日杂,妈呀,0,该用户想表达的含义是：对当前直播中展示的商品感到惊喜或意外。
56697889278,生活日杂,不辣的,0,该用户可能是在询问或确认直播中展示的商品（可能是某种水果或食品）是否真的没有辣味。
56697889278,生活日杂,有章丘铁锅吗,1,该用户是在询问直播间是否售卖章丘铁锅这一商品。
56697889278,生活日杂,轻食食材,0,该用户可能是在询问直播间是否有适合制作轻食的相关食材。
56697889278,生活日杂,不配送甘肃,0,该用户想表达的含义是：询问商品是否支持配送到甘肃地区。
56697889278,生活日杂,生吃厉害了,0,该用户想表达的含义是：生吃这种吃法看起来非常新奇或令人印象深刻。
56697889278,生活日杂,吉林拍不了,0,该用户想表达的含义是：自己所在的吉林地区无法购买当前直播间的商品。
56697889278,生活日杂,今天会有大肚锅有上吗？ 今天会有大肚锅有上吗？ 可以看到吗？,1,该用户急切地询问直播中是否会上架大肚锅产品，并担心自己能否及时看到相关介绍，表现出明确的购买意向和抢购焦虑。
56697889278,生活日杂,漂亮,0,该用户可能是在夸赞直播中展示的商品外观或主播的穿搭造型很好看。
56697889278,生活日杂,含有丰富的vc 可生吃[看],1,该用户想表达的含义是：这款产品富含维生素C且可以直接生吃，对此感到有兴趣或认可。
56697889278,生活日杂,拍不了,1,该用户想表达的含义是：自己所在的地区无法下单购买该商品。
56697889278,生活日杂,现在绿色蔬菜哆啦,0,该用户想表达的含义是：当前直播中展示的绿色蔬菜数量充足或种类丰富。
56697889278,生活日杂,这个可以生吃吗,1,该用户可能是在询问直播中展示的农产品是否适合直接食用，暗示对产品的卫生安全或食用方式存在兴趣。
56697889278,生活日杂,辽宁能买吗,1,该用户是在询问商品是否支持配送到辽宁地区。
56697889278,生活日杂,鹏鹏下午好,0,该用户可能是在友好地打招呼并试图引起主播注意，为后续询问商品信息或参与互动做铺垫。
56697889278,生活日杂,山东芹菜非常好 减肥可以吃芹菜,0,该用户想表达的含义是：认可芹菜的健康价值并暗示自己可能有购买意向。  （结合前文弹幕中关于食材特性（如“可生吃”“轻食食材”）和地域配送的讨论，用户通过强调芹菜的功效和适用场景，间接传递对商品的兴趣。）
56697889278,生活日杂,新鲜,0,该用户想表达的含义是：这食材看起来很鲜嫩可口。
56697889278,生活日杂,铁锅,1,该用户可能在询问直播间是否有售卖章丘铁锅，或是联想到之前弹幕提到的“大肚锅”而表达对铁锅类商品的兴趣。
56697889278,生活日杂,鹏鹏好,0,该用户是在向主播“鹏鹏”友好打招呼，表达对主播的认可或喜爱。
56697889278,生活日杂,生吃太香了,1,该用户想表达的含义是：这种食材直接生吃的口感非常令人满意。
56697889278,生活日杂,青菜全都拍不了,1,该用户想表达的含义是：青菜类商品在当前区域无法下单购买。
56697889278,生活日杂,我买过，芹菜味很浓，好吃,1,该用户想表达的含义是：自己之前购买过这款芹菜产品，对其浓郁的香味和美味口感表示认可和推荐。
56697889278,生活日杂,你们还在云南么？,0,该用户可能是在询问主播团队是否仍在云南进行直播或活动，以确认当前的直播内容或商品是否与云南相关。
56697889278,生活日杂,这个芹菜挺好的，没有筋，很脆,1,该用户是在称赞芹菜的品质优良，口感爽脆无渣，暗示有购买意向。
56697889278,生活日杂,这个芹菜复购好多次了,1,该用户想表达的含义是：这款芹菜品质很好，我已经多次回购了。
56697889278,生活日杂,芹菜全身都是宝,1,该用户是在称赞芹菜的营养价值高且各个部分都可利用，暗示对产品品质的认可并可能产生购买兴趣。
56697889278,生活日杂,辽宁发货,0,该用户想确认商品是否支持从辽宁地区发货。
56697889278,生活日杂,这个芹菜特别好吃,1,该用户想表达的含义是：对这款芹菜的口感和品质表示认可，并暗示自己可能有购买意向。
56697889278,生活日杂,这个芹菜好吃,1,该用户是在认可芹菜的口感品质，表达对产品的满意和推荐意向。
56697889278,生活日杂,鹏啊还跳舞么,0,该用户是在询问主播是否会继续表演跳舞环节，可能对主播的才艺展示感兴趣并希望互动。
56697889278,生活日杂,焉了,0,该用户可能是在表达对商品（芹菜）新鲜度或状态的担忧，暗示看起来不够精神或不够水灵。
56697889278,生活日杂,包饺子,0,该用户可能是在询问直播中展示的芹菜是否适合用来包饺子。
56697889278,生活日杂,芹菜叶好吃,1,该用户想表达的含义是：这款芹菜的叶子部分口感很好，值得推荐。
56697889278,生活日杂,山东芹芹非常好 可以做饺子馅料,1,该用户想表达的含义是：山东产的芹菜品质优良，特别适合用来制作饺子馅。
56697889278,生活日杂,这是还在云南吗？,0,该用户是在询问主播团队是否仍在云南产地直播，以确认产品的地理来源或直播场景的真实性。
56697889278,生活日杂,有章丘大葱吗,1,该用户是在询问直播间是否有售卖章丘大葱这一特产商品。
56697889278,生活日杂,下午好,0,该用户可能在打招呼的同时暗示自己刚进入直播间，想了解当前直播内容或产品信息。
56697889278,生活日杂,鹏鹏下午好,0,该用户是在向主播鹏鹏打招呼，延续直播间友好的互动氛围，同时暗示自己刚进入直播间并关注到当前讨论的芹菜产品话题。
56697889278,生活日杂,好想看歹徒舞,0,该用户可能在期待主播表演之前跳过的“歹徒舞”来活跃气氛。
56697889278,生活日杂,还宁发货呀,0,该用户想询问商品是否仍由辽宁地区发货。
56697889278,生活日杂,芹菜肉饺子好吃,1,该用户可能是在认同芹菜作为饺子馅料的口感，暗示对相关产品的购买兴趣或推荐意向。
56697889278,生活日杂,香干炒芹菜,1,该用户可能在询问或推荐用香干搭配芹菜的做法，表达对这道菜的兴趣或认可。
56697889278,生活日杂,炒豆干,1,该用户可能是想询问或推荐与豆干相关的菜品搭配，比如“豆干可以炒什么菜”或“推荐用豆干做菜”。
56697889278,生活日杂,凉拌就很好吃了,0,该用户想表达的含义是：这款芹菜凉拌起来口感很好，值得推荐。
56697889278,生活日杂,要看歹徒舞,0,该用户想表达的是希望主播表演之前提到的“歹徒舞”节目。
56697889278,生活日杂,可以凉拌,0,该用户是在讨论芹菜的食用方法，认为凉拌是一种不错的烹饪方式。
56697889278,生活日杂,炒牛肉,1,该用户可能是想询问或建议主播展示用牛肉搭配之前提到的芹菜或其他食材的烹饪方式。
56697889278,生活日杂,买不了,1,该用户可能因商品缺货、购买流程受阻或地域限制等原因无法完成购买。
56697889278,生活日杂,和鲅鱼一起包饺子,0,该用户可能是想询问或建议用鲅鱼作为馅料来包饺子，表达了对鲅鱼馅饺子的兴趣或好奇。
56697889278,生活日杂,珂岸护唇膏上一下,1,该用户希望主播尽快上架珂岸品牌的护唇膏产品进行售卖。
56697889278,生活日杂,鹏鹏，现在直播间绿色蔬菜多了，四季豆，芹菜，青椒，佛手瓜，莴笋,0,该用户注意到直播间新增了多种绿色蔬菜品类，并列举出来以表达对当前商品种类的关注和兴趣。
56697889278,生活日杂,直播间有没有四件套链接,1,该用户是在询问直播中是否有床上用品四件套的购买链接，表现出对相关商品的购买意向。
56697889278,生活日杂,鹏鹏下午好,0,该用户是在与主播鹏鹏进行日常问候互动，表达对直播间的关注和友好态度。
56697889278,生活日杂,水饺好吃,1,该用户可能是在赞同之前提到的芹菜肉饺子或鲅鱼饺子的口味，表达对直播间相关食品的认可或购买意向。
56697889278,生活日杂,芹菜牛肉饺子,1,该用户可能是在询问或推荐直播间是否有芹菜牛肉馅的饺子售卖。
56697889278,生活日杂,芹菜炒木耳美味又降压[呲牙],0,该用户是在参与讨论芹菜的多种烹饪方式，并对其健康功效表示认可。
56697889278,生活日杂,西安买不了,1,该用户想表达的含义是：因地域限制无法购买直播间的商品。
56697889278,生活日杂,芹菜饺子好吃,1,该用户是在参与讨论芹菜相关的菜品，表达对芹菜饺子口味的认可和喜爱。
56697889278,生活日杂,四件套有没有,1,该用户是在询问直播间是否有床上四件套商品的购买链接。
56697889278,生活日杂,芹菜胡萝卜榨汁喝,0,该用户可能是在询问或建议将芹菜和胡萝卜榨汁的食用方式，表达了对这两种蔬菜搭配的兴趣或好奇。
56697889278,生活日杂,为什么西安不发货？,0,该用户因所在地区（西安）无法购买直播间的商品而感到不满或困惑。
56697889278,生活日杂,我喜欢吃芹菜炒鸡蛋,0,该用户可能是在表达对芹菜相关菜品的兴趣，暗示希望主播推荐或上架芹菜类食材或相关产品。
56697889278,生活日杂,炒一下水，凉拌着吃,0,该用户是在讨论芹菜的烹饪方法，建议将芹菜焯水后凉拌食用。
56697889278,生活日杂,除了韭菜饺子 最爱吃芹菜馅的,1,该用户想表达的含义是：自己对芹菜馅饺子的喜爱程度仅次于韭菜饺子。
56697889278,生活日杂,皮蛋呢,1,该用户可能在询问直播间是否有售卖皮蛋这款商品。
56697889278,生活日杂,鹏鹏感冒了鼻子不通气,0,该用户可能是在关心主播的身体状况，并暗示希望主播推荐一些缓解感冒症状的产品，比如润喉糖或保健品。
56697889278,生活日杂,珂岸护唇膏上下吧,1,该用户希望主播尽快上架珂岸护唇膏的购买链接。
56697889278,生活日杂,能啊,0,该用户可能是在回应之前关于商品能否购买或发货的疑问，表示确认可以购买或发货。
56697889278,生活日杂,可以,0,该用户想表达的含义是：同意或认可主播提到的某个产品或提议。
56697889278,生活日杂,可以榨汁,0,该用户可能是对之前提到的芹菜胡萝卜榨汁产生了兴趣，想确认直播间的产品是否适合榨汁使用。
56697889278,生活日杂,凉拌生吃,0,该用户想表达的是建议将蔬菜焯水后凉拌食用。
56697889278,生活日杂,可以生吃,0,该用户想表达的含义是：芹菜可以直接生吃而不需要烹饪。
56697889278,生活日杂,炒牛肉也可以,0,该用户想表达的含义是：牛肉也可以用来炒菜，和前面讨论的芹菜搭配烹饪方式类似。
56697889278,生活日杂,芹菜豆芽醋溜肉丝,0,该用户可能在推荐或询问一道以芹菜、豆芽和醋溜肉丝为食材的菜肴做法或口味评价。
56697889278,生活日杂,生拌,0,该用户想表达的是询问芹菜是否可以生拌着吃。
56697889278,生活日杂,减肥的,0,该用户可能在询问直播中提到的芹菜是否适合减肥期间食用。
56697889278,生活日杂,可以的呀，蔬菜沙拉，膳食纤维,0,该用户是在赞同蔬菜沙拉的健康益处，并强调其富含膳食纤维的营养价值。
56697889278,生活日杂,粗纤维,0,该用户想表达的含义是：芹菜富含膳食纤维，对健康有益。
56697889278,生活日杂,云南阅山河买了两种鲜花饼今天收到，品尝味美,0,该用户是在分享自己购买并品尝了云南阅山河品牌的鲜花饼后，对其口味表示满意和推荐。
56697889278,生活日杂,拌凉菜花生米,0,该用户可能是想询问或建议用花生米来拌凉菜的做法或搭配。
56697889278,生活日杂,可以凉拌，过一下水,0,该用户是在讨论芹菜的食用方法，认为可以焯水后凉拌食用。
56697889278,生活日杂,让彪哥生吃,0,该用户是在调侃或起哄，想让主播“彪哥”当场表演生吃芹菜。
56697889278,生活日杂,今天是素食开会哈哈哈,0,该用户想表达的含义是：今天直播讨论的全是素食相关的吃法和话题。
56697889278,生活日杂,芹菜汁可以和面,0,该用户想表达的含义是：芹菜汁可以用于和面制作面食。
56697889278,生活日杂,降血压,0,该用户可能是在询问或建议某种食材（如芹菜）是否具有降血压的功效。
56697889278,生活日杂,鹏鹏，现在直播间绿色蔬菜多了，扁豆，四季豆，芹菜，青椒，佛手瓜，莴笋，丝瓜，黄瓜，苦瓜,0,该用户是在呼应前面关于蔬菜吃法的讨论，通过列举当前直播间的绿色蔬菜种类，暗示这些食材也适合之前提到的凉拌、生吃等健康烹饪方式。
56697889278,生活日杂,芹菜汁降血压,1,该用户是在讨论芹菜的食用功效，暗示对这款健康食品有潜在购买兴趣。
56697889278,生活日杂,芹菜麦饭,1,该用户可能是在询问或提议用芹菜制作陕西特色小吃“麦饭”的做法。
56697889278,生活日杂,西安为什么不发货？,0,该用户可能是在询问为何自己所在的西安地区无法购买直播中提到的商品或享受配送服务。
56697889278,生活日杂,减肥可以的,0,该用户认为芹菜适合减肥，表达了对产品健康功效的认可。
56697889278,生活日杂,芹菜全身身都是宝，富含膳食纤维,1,该用户是在强调芹菜的营养价值和健康功效，暗示其值得购买。
56697889278,生活日杂,花生米或腐竹拌芹菜,0,该用户可能在询问或建议用花生米或腐竹搭配芹菜制作凉拌菜的做法。
56697889278,生活日杂,芹菜辅助降压,0,该用户想表达芹菜具有帮助降低血压的功效。
56697889278,生活日杂,可以减肥,0,该用户想表达的含义是：这款产品可能有助减肥，对此感兴趣。
56697889278,生活日杂,这种不是饮汁的,0,该用户想表达的含义是：这种蔬菜不适合榨汁饮用。
56697889278,生活日杂,喝芹菜汁可以降血压,0,该用户是在讨论芹菜的保健功效，暗示对这款产品的健康价值感兴趣。
56697889278,生活日杂,鹏鹏，现在咱直播间绿色蔬菜多了，扁豆，四季豆，芹菜，青椒，佛手瓜，莴笋，丝瓜，黄瓜，苦瓜,0,该用户是在欣喜地指出直播间新增了多种绿色蔬菜品种，暗示对健康饮食或多样化选择的兴趣。
56697889278,生活日杂,能生吃 这芹菜质量好,1,该用户通过强调芹菜可生吃的特性和质量好，暗示对产品品质的认可并可能产生购买意向。
56697889278,生活日杂,芹菜胡萝卜苹果汁,1,该用户可能是在询问或提议用芹菜、胡萝卜和苹果榨汁的可行性或功效。
56697889278,生活日杂,降压,0,该用户想表达的含义是：询问或确认直播中提到的芹菜是否具有降压功效。
56697889278,生活日杂,生着拌耗油特别好吃,1,该用户想表达的含义是：生拌芹菜时加入耗油会让味道更美味。
56697889278,生活日杂,芹菜是粗纤维，有利于通便,1,该用户是在强调芹菜的膳食纤维特性及其对消化健康的益处，暗示对产品功能的认可或潜在购买兴趣。
56697889278,生活日杂,月光下的眼镜蛇·舞王·鹏鹏[看],0,该用户可能是以幽默调侃的方式表达对主播“鹏鹏”的喜爱或对其介绍蔬菜内容的互动，结合“月光下的眼镜蛇·舞王”这类夸张昵称和表情符号，本质是在活跃气氛而非直接表达购买意向。
56697889278,生活日杂,凉拌也可以,0,该用户想表达的含义是：这种芹菜适合用来做凉拌菜。
56697889278,生活日杂,榨汁,0,该用户可能是想询问或建议用直播间的蔬菜（如芹菜）来榨汁，延续前面讨论的芹菜汁降血压或减肥的话题。
56697889278,生活日杂,芹菜全身都是宝,1,该用户是在强调芹菜的多种营养价值和健康功效，暗示对这款产品的认可和潜在购买意愿。
56697889278,生活日杂,叶子蒸着吃,0,该用户想表达的含义是：询问芹菜叶是否可以蒸制食用。
56697889278,生活日杂,包饺子,0,该用户可能是想询问主播展示的芹菜是否适合用来包饺子，或者建议用芹菜做饺子馅的吃法。
56697889278,生活日杂,云南团队 情况如何,0,该用户可能是在询问直播团队（如主播或运营人员）是否为云南本地团队，或产品是否与云南相关，以判断商品的产地或品质可靠性。
56697889278,生活日杂,焯一下水，凉拌着吃,0,该用户是在讨论芹菜的食用方法，建议将芹菜焯水后凉拌食用。
56697889278,生活日杂,地域限制,0,该用户可能是在询问或抱怨直播间的商品是否因地区限制而无法购买或配送。
56697889278,生活日杂,芹菜降血压,0,该用户是在询问或确认芹菜是否具有降血压的功效，可能是出于健康需求而对产品产生兴趣。
56697889278,生活日杂,烫了吃 水煮芹菜 减肥,0,该用户想表达的含义是：询问芹菜烫煮后食用的减肥效果是否理想。
56697889278,生活日杂,鹏鹏 推荐一些不长肥的零食吧,1,该用户希望主播推荐低热量或健康不易发胖的零食选项。
56697889278,生活日杂,鹏鹏来段歹徒舞,0,该用户是在用主播的昵称和标志性舞蹈梗活跃气氛，暗示希望主播表演一段标志性的“歹徒舞”来调节直播节奏。
56697889278,生活日杂,鲍芹和芹菜是俩品种，鲍芹生着好吃,0,该用户是在强调鲍芹与普通芹菜的区别，并推荐鲍芹适合生吃的独特食用价值。
56697889278,生活日杂,果蔬汁里可以榨芹菜,0,该用户是在询问或建议可以将芹菜加入果蔬汁中榨取饮用。
56697889278,生活日杂,五斤几个,1,该用户是在询问商品的具体数量，想知道五斤装的芹菜大概有多少根或多少棵。
56697889278,生活日杂,有没有番茄,1,该用户是在询问直播间是否有番茄相关产品或食材可供购买。
56697889278,生活日杂,柠檬,1,该用户可能是在询问主播是否有售卖柠檬或推荐柠檬相关的食用方法。
56697889278,生活日杂,芹菜,1,该用户可能是想询问直播中提到的芹菜的具体品种、产地或购买方式。
56697889278,生活日杂,云南团队走了没有,0,该用户是在询问之前提到的云南团队是否已经结束直播或离开直播间。
56697889278,生活日杂,月光下的响尾蛇,0,该用户可能是在用“月光下的响尾蛇”这一意象化表达，暗示对主播推荐芹菜相关吃法的趣味性调侃或创意联想。
56697889278,生活日杂,南瓜面吗,1,该用户可能在询问直播中提到的南瓜面是否是一种食物或菜品。
56697889278,生活日杂,珂岸护唇膏上下,1,该用户可能是想询问“珂岸护唇膏是否有上下两款不同型号或款式”。
56697889278,生活日杂,这个不需要焯水很好吃,0,该用户想表达的含义是：这款食材无需预处理就能直接食用且味道不错。
56697889278,生活日杂,若羌灰枣有吗？,1,该用户是在询问直播间是否有售卖若羌灰枣这款产品。
56697889278,生活日杂,自行车的直播间有吗,1,该用户可能是在询问当前直播间是否有专门介绍或销售自行车的内容，表达了对自行车相关产品的潜在兴趣或需求。
56697889278,生活日杂,很粉糯,1,该用户想表达的含义是：这款食品的口感软糯香甜，令人满意。
56697889278,生活日杂,大家下午好啊,0,该用户只是在礼貌性地打招呼，并未表达具体的购买兴趣或产品相关需求。
56697889278,生活日杂,粉糯好吃,1,该用户是在称赞当前直播中提到的某款粉糯口感的食品味道很好。
56697889278,生活日杂,芹菜叶好吃，做面条提香，美味,1,该用户是在分享芹菜叶的烹饪心得，认为其适合搭配面条增添风味，表达了对这种吃法的认可和推荐。
56697889278,生活日杂,甜吗,1,该用户是在询问直播中展示的水果或甜味食品的甜度如何，可能是对当前介绍的产品产生了品尝或购买的意向。
56697889278,生活日杂,也可以炒菜,0,该用户是在询问或确认当前直播展示的食材（可能是芹菜或其他蔬菜）是否适合用来炒菜。
56697889278,生活日杂,宇辉那边怎么样？都好好吧？,0,该用户可能在询问主播或其他观众关于另一场直播（宇辉的直播间）的情况，表达了对那边直播内容的关心或想比较两边信息。
56697889278,生活日杂,人员都撤回北京了吗,0,该用户可能在询问直播团队的人员变动情况，暗示对直播内容或服务变化的关注。
56697889278,生活日杂,已下单,0,该用户想表达的含义是：我已经购买了直播中推荐的产品。
56697889278,生活日杂,一边吃一边蹦边锤胸口,0,该用户可能是在模仿或描述某种动物（如大猩猩）的滑稽进食姿态，以此调侃直播中展示的食品让人忍不住狼吞虎咽的吸引力。
56697889278,生活日杂,南瓜饼,1,该用户可能是在询问直播间是否有南瓜饼这款商品，或对之前提到的南瓜面相关产品表现出兴趣。
56697889278,生活日杂,有抹茶粉吗,1,该用户是在询问直播间是否有售卖抹茶粉这款产品。
56697889278,生活日杂,蛋羹蒸南瓜,1,该用户可能是在询问或推荐用南瓜制作蛋羹的烹饪方法。
56697889278,生活日杂,鹏鹏，你昨天怎么不来元阳抓鱼,0,该用户是在以调侃或闲聊的方式询问主播为何缺席前一天的元阳抓鱼活动，可能意在拉近互动或表达对主播日常动态的关注。
56697889278,生活日杂,舞王，来一个[呲牙][呲牙][呲牙],0,该用户可能在用调侃的语气请求主播表演一段舞蹈，以此活跃气氛或表达对直播内容的喜爱。
56697889278,生活日杂,细嚼慢咽,0,该用户可能是想表达“这个食物需要慢慢品尝才能体会它的美味”。
56697889278,生活日杂,什么时候浙江行,0,该用户可能在询问主播团队何时会到浙江地区进行直播活动或线下互动。
56697889278,生活日杂,想买个智能马桶,1,该用户可能是在观看直播过程中对展示的智能马桶产品产生了实际购买意向，并主动表达了自己的消费需求。
56697889278,生活日杂,要细嚼慢咽,0,该用户可能是提醒主播或观众注意品尝食品时的进食方式，强调慢慢享受食物的口感。  （结合前文弹幕多涉及食品口感讨论，如“粉糯好吃”“甜吗”等，推测“细嚼慢咽”与当前话题相关，可能是对食品体验的建议或互动。）
56697889278,生活日杂,咋做的,0,该用户可能是对当前直播中展示的食品制作方法感到好奇，想询问具体的烹饪步骤或工艺。
56697889278,生活日杂,什么时候浙江行？？,0,该用户是在询问直播团队何时会到浙江进行线下活动或专场直播。
56697889278,生活日杂,苹果,1,该用户可能是在询问直播中提到的苹果的相关信息，比如品种、口感或价格等购买相关细节。
56697889278,生活日杂,产地是哪,1,该用户可能是在询问商品的具体生产地信息，以评估产品质量或产地特色是否值得购买。
56697889278,生活日杂,什么时候浙江 行？,0,该用户是在询问主播团队何时会到浙江进行直播活动。
56697889278,生活日杂,还有兰州拉面吗,1,该用户是在询问直播间是否还有兰州拉面这款商品在售。
56697889278,生活日杂,烤的吗,1,该用户可能是询问直播中展示的食品是否是烤制的烹饪方式。
56697889278,生活日杂,月光下的响尾蛇，来一个[呲牙][呲牙][呲牙],0,该用户可能在用幽默比喻的方式表达对某款商品（可能是名称或外观与“响尾蛇”相关的产品）的强烈购买兴趣，并模仿前文“舞王，来一个”的互动句式来活跃气氛。
56697889278,生活日杂,要兰州拉面,1,该用户是在询问直播间是否还有兰州拉面这款商品可供购买。
56697889278,生活日杂,怎么磨的才能磨的更细呀？,1,该用户可能是对直播中展示的某种食材或产品的加工方法感兴趣，询问如何通过研磨工艺使其质地更加细腻。
56697889278,生活日杂,蛋羹蒸南瓜 很好吃,1,该用户是在称赞主播推荐的“蛋羹蒸南瓜”这道菜的口味不错，可能隐含对产品的兴趣或购买意向。
56697889278,生活日杂,可以当小孩辅食,0,该用户认为直播展示的食品适合作为婴幼儿的辅食材料，并暗示对此有潜在购买需求。
56697889278,生活日杂,这个南瓜好久没上了，赶紧下单,1,该用户因看到久违的南瓜商品重新上架而表现出明确的购买意愿，并带有催促自己及时行动的急切情绪。
56697889278,生活日杂,蒸一下方便,0,"该用户想表达的含义是：这种烹饪方式（蒸制）让食材处理起来很便捷。  （结合前文弹幕中频繁提及食材""蛋羹蒸南瓜""和烹饪方法讨论的语境，用户可能是在评价当前展示的南瓜产品适合蒸制，操作简单。）"
56697889278,生活日杂,橱窗里有蓝莓,0,该用户可能在询问或确认主播橱窗中是否有蓝莓这款商品可供购买。
56697889278,生活日杂,你们现在在哪里,0,该用户可能是在询问主播当前直播的线下活动地点或产品原产地。
56697889278,生活日杂,这么整个烤要烤多长时间？,1,该用户可能是在询问烤制食物的具体耗时，表现出对烹饪过程或产品使用方法的兴趣。
56697889278,生活日杂,这个空气炸锅烤了好好吃,0,该用户想表达的含义是：这款空气炸锅烹饪出的食物口感很棒，让人产生购买欲望。
56697889278,生活日杂,月光下的响尾蛇,0,该用户是在用幽默的方式表达想要购买直播间正在展示的某款商品（可能是名称或外形与“响尾蛇”相关的产品）。
56697889278,生活日杂,都回北京了没有,0,该用户可能在询问主播团队是否已结束外地行程返回北京，暗示对北京本地商品或线下活动的期待。
56697889278,生活日杂,月光下的响尾蛇来一个[呲牙],0,该用户想表达的含义是：我想要购买这款名为“月光下的响尾蛇”的产品。  （结合前文语境，“月光下的响尾蛇”被多次提及，且有明确的购买导向如“赶紧下单”，用户通过重复产品名称并加上表情符号，表达强烈的购买意向。）
56697889278,生活日杂,糯吗？,1,该用户是在询问直播中展示的食物（可能是南瓜或面食）的口感是否软糯。
56697889278,生活日杂,发券,0,该用户可能在催促主播发放优惠券以促进购买。
56697889278,生活日杂,5斤有多少个？,1,该用户是在询问商品的具体数量规格，想了解5斤装的商品大约包含多少个单品，以便评估是否满足自己的购买需求。
56697889278,生活日杂,能做粥？？？？,1,该用户是在询问直播展示的产品（可能是南瓜或其他食材）是否适合用来煮粥。
56697889278,生活日杂,藕粉没有了吗？,1,该用户是在询问直播间此前展示的藕粉产品是否已经售罄或下架，表达出对购买该商品的潜在兴趣。
56697889278,生活日杂,烤的鸡蛋吗,1,该用户可能是询问直播中展示的鸡蛋是否是通过烤制的方式烹饪的。
56697889278,生活日杂,放蛋挞液也好吃，美味,0,该用户想表达的含义是：蛋挞液这种吃法也很不错，味道很好。
56697889278,生活日杂,空气炸锅可以弄吗,1,该用户想询问空气炸锅是否能用于制作当前直播中提到的食物（如南瓜、蛋羹等）。
56697889278,生活日杂,歹徒舞王[爱心][爱心],0,该用户可能是用调侃或幽默的方式表达对主播表演或直播内容的喜爱和兴奋情绪。
56697889278,生活日杂,南瓜营养丰富,1,该用户是在认可南瓜的营养价值，可能暗示自己有意向购买或推荐他人购买。
56697889278,生活日杂,皮也可以吃吗,1,该用户可能是询问直播中展示的南瓜或其他食材的外皮是否可以食用，以确认其食用方式或安全性。
56697889278,生活日杂,空气炸锅可用吗,1,该用户想知道展示的商品是否适合用空气炸锅烹饪。
56697889278,生活日杂,买东西就买你家的放心,1,该用户想表达的含义是：信任并倾向于选择该商家的产品进行购买。
56697889278,生活日杂,这个南瓜一直在回购，口感甜糯超好吃,1,该用户想表达的含义是：这款南瓜品质很好，自己多次购买且非常满意，推荐给大家。
56697889278,生活日杂,皮也可以吃么,1,该用户是在询问直播中展示的食物的外皮是否可以食用。
56697889278,生活日杂,蛋羹不会老吗,1,该用户可能是在询问用空气炸锅烤蛋羹时是否容易烤过头导致口感变老。
56697889278,生活日杂,想找藕粉，还有吗？,1,该用户是在询问直播间是否还有藕粉库存可供购买。
56697889278,生活日杂,这个有点噎，小口吃，喝点水,0,该用户是在品尝直播中推荐的食品时给出体验反馈，暗示产品口感偏干需要搭配饮品食用。
56697889278,生活日杂,海参不到一年 降价了50 多 ？ ？ ？ ？ ？ ？ ？ ？ ？ ？ ？ 去年4.18号买的358,0,该用户惊讶于海参价格相比去年大幅下降，并提及自己去年的购买价格作为对比。
56697889278,生活日杂,炸锅椒盐的也好吃,0,该用户是在认可产品（可能是南瓜或其他食材）用空气炸锅制作时搭配椒盐风味的口感，并暗示对其他烹饪方式的兴趣。
56697889278,生活日杂,今天是308,0,该用户可能在对比当前商品价格与历史价格（去年同期的308元），暗示当前价格偏高或询问是否有优惠。
56697889278,生活日杂,空气炸锅可以做么,1,该用户想询问当前直播展示的食材或菜品是否可以用空气炸锅来制作。
56697889278,生活日杂,减脂期能吃吗,1,该用户是在询问直播中展示的食品是否适合在减肥期间食用，可能希望确认产品的热量或成分是否符合减脂需求。
56697889278,生活日杂,炒来吃,0,该用户想表达的含义是：询问直播中展示的食材是否适合用炒制的方式烹饪。
56697889278,生活日杂,鹏鹏，下午好！,0,该用户可能是主播的粉丝或熟人，通过打招呼的方式表达对主播的关注和亲近感，但并未直接体现购买意向。
56697889278,生活日杂,外皮能不能吃,1,该用户是在询问直播中展示的食品（可能是南瓜或其他带皮食材）的外皮是否可食用，表现出对产品细节的实用型关注和潜在的购买顾虑。
56697889278,生活日杂,可以蒸着吃吗？,1,该用户是在询问直播中展示的食品是否适合用蒸制的方式烹饪。
56697889278,生活日杂,按照烤红薯的就行,0,该用户想表达的含义是：参照之前烤红薯的烹饪方法来处理当前食材（可能是南瓜）。
56697889278,生活日杂,鹏鹏下午好,0,该用户是在和主播打招呼，表达友好互动意愿，但并未直接体现购买意向。
56697889278,生活日杂,可以炒菜 可以的,0,该用户想表达的含义是：这款产品适合用来烹饪炒菜，功能上没问题。  （结合前文弹幕中关于南瓜吃法的讨论，如“蒸着吃”“空气炸锅可用”等，用户可能在确认产品的多用途性，并认可其炒菜功能的可行性。）
56697889278,生活日杂,粉的吗,1,该用户是在询问直播中展示的商品（可能是某种食物或食材）是否为粉色。
56697889278,生活日杂,切成小块蒸二十分钟也好吃,0,该用户是在询问或确认该食材（可能是南瓜或红薯）的一种烹饪方式（切块蒸制）的效果是否理想，暗示对产品食用方法的兴趣。
56697889278,生活日杂,不会做的查找教学视频,0,该用户可能是在询问当前直播中提到的某种食材或菜品的烹饪方法，并建议观众通过搜索教学视频来学习具体操作步骤。
56697889278,生活日杂,可以和粥煮,0,该用户想询问直播中展示的商品是否可以与粥一起烹饪食用。
56697889278,生活日杂,切成一片片 炒菜,0,该用户想表达的含义是：询问主播是否可以将当前展示的食材切片后用于炒菜烹饪。  （结合前文弹幕中频繁出现的烹饪方式讨论（如蒸、炸、炒）和食材处理提问（如外皮、切块），可推断用户关注点在于食材的具体加工方法，且语境围绕食用场景展开。）
56697889278,生活日杂,放盐不,1,该用户可能在询问主播当前展示的食材或菜品是否需要额外加盐调味。
56697889278,生活日杂,鹏鹏，下午好。今天降温了，多穿点,0,该用户是在以问候主播的方式表达对直播间的友好关注，并未直接涉及商品或购买意向。
56697889278,生活日杂,支持一下,0,该用户想表达的是对主播或商品的善意支持，可能出于对直播内容的认可或对主播个人的好感而表态。
56697889278,生活日杂,刚做完实验来摸个鱼[看] 鹏鹏下午好哇[爱心][爱心][爱心],0,该用户是在实验间隙休闲放松时进入直播间，以轻松友好的态度向主播打招呼互动，并未直接表现出对当前售卖商品的购买兴趣。
56697889278,生活日杂,粉吗,1,该用户是在询问直播中展示的商品（可能是某种食材）是否具有粉糯的口感或质地。
56697889278,生活日杂,放点青椒炒来吃,0,该用户是在询问当前直播展示的食材是否适合用青椒炒制食用。
56697889278,生活日杂,直接蒸，和玉米一起,0,该用户想表达的是建议将当前讨论的食材直接蒸制，并与玉米一同烹饪。
56697889278,生活日杂,指甲刀看看,1,该用户想表达的含义是：想看看主播展示或介绍指甲刀这款产品。
56697889278,生活日杂,蒸多久,1,该用户想询问蒸制该食品所需的具体时间。
56697889278,生活日杂,蒸几分钟？,1,该用户是在询问蒸制该食品所需的具体时间，表现出对烹饪方法的关注和潜在的购买兴趣。
56697889278,生活日杂,黑龙江不发货,0,该用户想表达的含义是：询问商品是否支持发往黑龙江地区。
56697889278,生活日杂,喝点儿水[呲牙],0,该用户可能在轻松调侃或附和直播间的闲聊氛围，暗示自己也在参与互动而非直接讨论商品。
56697889278,生活日杂,上指甲刀看看,1,该用户希望主播展示或介绍指甲刀这款产品。
56697889278,生活日杂,是粉面的贝贝瓜吗？,1,该用户是在询问直播中展示的贝贝瓜品种是否为口感粉糯的类型。
56697889278,生活日杂,南瓜粥,1,该用户可能在询问南瓜粥的制作方法或讨论南瓜是否适合煮粥。
56697889278,生活日杂,有烟嘛,1,该用户可能在询问直播中展示的南瓜是否是粉糯口感（类似“粉吗”的简略表达），或确认烹饪方式是否需要蒸到软烂出烟的状态。
56697889278,生活日杂,这个放的时间长，可以放一两周,0,该用户想表达的含义是：这个产品的保质期较长，适合储存一两周再食用。
56697889278,生活日杂,蒸几分钟,1,该用户想询问蒸制贝贝南瓜所需的具体时间。
56697889278,生活日杂,不错不错,1,该用户可能是在对主播展示的商品或做法表示认可和赞同。
56697889278,生活日杂,看上去不错,1,该用户觉得直播中展示的商品品质或效果令人满意，可能产生了潜在的购买意向。
56697889278,生活日杂,粉不粉？,1,该用户是在询问直播中展示的南瓜是否是粉糯口感的品种。
56697889278,生活日杂,主播讲的明白,0,该用户想表达的含义是：主播对产品的讲解清晰易懂，让人产生信任感。
56697889278,生活日杂,很糯,1,该用户想表达的含义是：这个南瓜的口感看起来非常软糯可口。
56697889278,生活日杂,沙吗,1,该用户想询问主播展示的南瓜是否为粉糯口感。
56697889278,生活日杂,粉吗,1,该用户是想询问产品（可能是南瓜或贝贝瓜）的口感是否粉糯。
56697889278,生活日杂,里面没籽吧,1,该用户是在询问直播中展示的南瓜或瓜类产品是否无籽，可能出于对食用便利性或口感的考虑。
56697889278,生活日杂,我家放半个月没问题,0,该用户想表达的含义是：这款南瓜的储存时间较长，适合自己家的需求。
56697889278,生活日杂,这个南瓜能放好久,1,该用户想表达的含义是：这款南瓜的保质期较长，适合储存购买。
56697889278,生活日杂,怎么烤？,1,该用户想询问这款南瓜的烘烤方法和时间。
56697889278,生活日杂,半月没问题,0,该用户想表达的含义是：这种南瓜的储存时间较长，可以保存半个月以上不会变质。
56697889278,生活日杂,鹏鹏，我来啦,0,该用户可能是主播的粉丝或熟人，以打招呼的方式表达对直播的关注和支持。
56697889278,生活日杂,我放一个月多都没问题,0,该用户想表达的含义是：这个南瓜的储存时间很长，自己存放一个多月也不会变质。
56697889278,生活日杂,其它的东西和别人买的一样不,1,该用户是在询问直播间售卖的其他商品是否与市面上常见的同类商品规格一致，隐含对产品差异化和独特性的关注。
56697889278,生活日杂,直播放粥里面一起煮,0,该用户想询问主播是否可以将南瓜放入粥中一同烹煮。
56697889278,生活日杂,蒸多久？,1,该用户想询问蒸制该南瓜产品所需的具体时间。
56697889278,生活日杂,南瓜耐储存的,0,该用户想表达的含义是：询问这款南瓜是否具备较长的保质期以便储存。
56697889278,生活日杂,有的人真无语，东西降价了还有话说，不知道货卖当时的道理吗,0,该用户是在反驳那些对商品降价有意见的人，认为商品价格随市场波动是正常现象，消费者应该理解这一点。
56697889278,生活日杂,可以的 热量低,0,该用户认为这款南瓜产品热量较低，符合自己的健康需求，表达了对商品的认可和购买意向。
56697889278,生活日杂,下单,0,该用户想表达的含义是：决定购买这款南瓜并完成订单支付。
56697889278,生活日杂,保质期多久,1,该用户想了解商品的储存时长以确保购买后能合理使用。
56697889278,生活日杂,甜玉米有么？,1,该用户是在询问直播间是否有售卖甜玉米这款商品。
56697889278,生活日杂,里面有籽没,1,该用户是在询问产品（可能是南瓜或玉米）内部是否含有籽粒。
56697889278,生活日杂,空气炸锅做法说下,1,该用户想询问空气炸锅的烹饪方法，可能是对展示的商品或相关食材产生了兴趣，想了解具体的使用方式。
56697889278,生活日杂,根据我的经验可以存很长时间[呲牙]20天没问题,0,该用户想表达的含义是：这款产品（很可能是南瓜）的储存时间较长，以自己的使用经验来看至少能保存20天不变质。
56697889278,生活日杂,蒸15分钟，捂十分就可以，甜糯口感美美哒,0,该用户是在分享南瓜的烹饪方法和口感体验，暗示对产品品质的认可。
56697889278,生活日杂,能放半年,0,该用户想表达的含义是：这款产品的保质期较长，可以储存半年不变质。
56697889278,生活日杂,上虎皮猪肘子，虎皮猪肘子，虎皮猪肘子,1,该用户急切要求主播上架或介绍虎皮猪肘子这款产品，表现出强烈的购买意愿或对商品的兴趣。
56697889278,生活日杂,云南行结束了？,0,该用户可能在询问直播中提到的云南特产或相关商品是否已经结束售卖或展示环节。
56697889278,生活日杂,要蒸多久能熟,1,该用户是在询问当前直播所售食品的蒸制时间，表现出对产品具体烹饪方法的兴趣和潜在的购买意向。
56697889278,生活日杂,蒸15到20分钟,0,该用户是在询问或确认蒸制该食品所需的具体时间范围。
56697889278,生活日杂,南瓜口感沙吗,1,该用户是在询问南瓜的质地是否绵软细腻，以此判断是否符合自己的食用偏好或烹饪需求。
56697889278,生活日杂,今天有烤肠吗？,1,该用户是在询问直播间当前是否有烤肠这款商品在售或即将上架。
56697889278,生活日杂,苹果可以20天以上,0,该用户想确认苹果的储存期限是否可以达到20天以上。
56697889278,生活日杂,南瓜保存好了可以很久的,0,该用户是在强调南瓜的耐储存特性，以此作为支持购买决策的实用理由。
56697889278,生活日杂,指甲刀看看,1,该用户想表达的含义是：想了解一下指甲刀产品的展示或介绍。
56697889278,生活日杂,南瓜很能放,0,该用户想表达的含义是：南瓜的储存时间比较长，适合购买囤放。
56697889278,生活日杂,要虎皮猪肘子，虎皮猪肘子，虎皮猪肘子,1,该用户强烈表达了想要购买或看到主播展示虎皮猪肘子产品的意愿。
56697889278,生活日杂,南瓜能放半年,0,该用户是在确认南瓜的长期储存特性，以此评估购买后的实用性和囤货可能性。
56697889278,生活日杂,绵不？,1,该用户想询问商品（可能是南瓜或其他农产品）的质地是否柔软绵密。
56697889278,生活日杂,甜糯么,1,该用户是在询问产品（可能是玉米或南瓜）的口感是否兼具甜味和软糯的特性。
56697889278,生活日杂,经常买很好,1,该用户想表达的含义是：这款产品我多次回购，使用体验一直很好。
56697889278,生活日杂,可以卖烟吗？你这么想的,0,该用户是在调侃或质疑主播是否考虑过售卖香烟这类特殊商品的可能性。
56697889278,生活日杂,鹏鹏，这次云南没看到歹徒舞是个遗憾，要不要补上,0,该用户是在调侃主播之前的云南行程中没表演“歹徒舞”，并半开玩笑地提议现在补上，以此互动活跃气氛。
56697889278,生活日杂,我说的你们没看见吗 ？ ？ ？ 去年买的海参358 ！ ！ ！ 现在309 ？ ？ ？ ？ ？ ？,0,该用户通过对比去年和当前的海参价格，表达对降价幅度的惊讶和不满，暗示商家可能存在定价问题或质疑产品质量。
56697889278,生活日杂,烤吃,0,该用户可能在询问或要求主播展示或介绍“烤制食品”相关的商品或内容。
56697889278,生活日杂,马蹄可以放多久,1,该用户是在询问马蹄（荸荠）的保鲜期长短，意图判断商品是否适合囤货或能否满足自己的存储需求。
56697889278,生活日杂,南瓜可以放,0,该用户想表达的含义是：南瓜的储存时间比较长，适合购买存放。  （结合前文弹幕中多次提及南瓜的保存时间、口感等信息，用户在此语境下强调“南瓜可以放”，核心意图是认可南瓜的耐储特性，可能隐含购买意愿或向其他观众推荐。）
56697889278,生活日杂,小南瓜保存的好确实能放几个月,0,该用户想表达的含义是：小南瓜如果储存得当可以长时间保鲜。
56697889278,生活日杂,能放半年没有问题,0,该用户想表达的含义是：这款南瓜的保质期较长，适合长期储存。
56697889278,生活日杂,马蹄,1,该用户可能是想询问马蹄（荸荠）的储存时间或品质特性。
56697889278,生活日杂,南瓜耐储存的,0,该用户是在询问或确认南瓜的耐储存特性，表现出对产品长期保存效果的关注和潜在购买意向。
56697889278,生活日杂,在北方几乎没有,0,该用户可能是在感叹当前讨论的商品（如南瓜或其他耐储存食材）在北方地区较为少见或难以购买到。
56697889278,生活日杂,存放一个月没问题,0,该用户想表达的含义是：这款产品的保质期较长，可以放心购买储存。
56697889278,生活日杂,宇辉在哪？报个平安,0,该用户可能在询问主播或团队成员“宇辉”的去向，表达对其缺席的关切或对其现况的好奇，而非直接体现购买意向。
56697889278,生活日杂,非常好吃 生吃 炖汤都可以,1,该用户是在夸赞产品的多功能性和实用性，暗示对商品的品质和用途感到满意，可能有较强的购买意向。
56697889278,生活日杂,东北没有马蹄,0,该用户可能是在回应或补充关于马蹄储存地域限制的信息，暗示东北地区的气候或生活习惯导致马蹄难以保存或罕见。
56697889278,生活日杂,在四川的时候看货,0,该用户可能是在询问主播之前展示的某款商品（如南瓜或马蹄）是否曾在四川地区销售或展示过，以此判断商品的品质或来源可靠性。
56697889278,生活日杂,好吃吗,1,该用户是在询问直播中展示的食品（可能是南瓜或马蹄）的口感和味道如何，以评估是否值得购买。
56697889278,生活日杂,大果吗,1,该用户是在询问直播中展示的商品果实是否属于个头较大的品种。
56697889278,生活日杂,什么辽宁不送货？,0,该用户想表达的含义是：询问该商品是否支持配送到辽宁地区。
56697889278,生活日杂,拍马蹄了，煮了吃,0,该用户可能是询问马蹄的烹饪方式，表达对购买后如何食用的兴趣。
56697889278,生活日杂,东西还是不错的,1,该用户是在肯定商品品质，暗示有购买意愿但尚未明确表态。
56697889278,生活日杂,上指甲刀,1,该用户想表达的是希望主播展示或推荐指甲刀这款商品。
56697889278,生活日杂,荸荠,1,该用户可能是在询问关于荸荠（马蹄）的购买或食用相关信息，比如价格、品质、保存方法或配送范围等。
56697889278,生活日杂,生吃 炖汤都可以 清甜的,0,该用户想表达的含义是：这种食材口感清甜，适合多种烹饪方式，值得购买。
56697889278,生活日杂,你们不给答复一下吗 ？ ？ ？,0,该用户可能在催促主播尽快回答之前关于商品储存或配送问题的疑问，表达了对未获及时回应的不满和急切心情。
56697889278,生活日杂,爱生活会生活,0,该用户可能在表达对直播商品的认可，暗示产品符合热爱生活、注重品质的生活方式。
56697889278,生活日杂,南瓜不用放冰箱更好,0,该用户想表达的含义是：南瓜在常温下储存比放冰箱更合适。
56697889278,生活日杂,这种南瓜能放很久，红薯放一个星期就长芽了,0,该用户是在对比南瓜和红薯的储存时长，暗示南瓜的耐储性更符合自己的需求。
56697889278,生活日杂,你们直播间搞什么 ？ ？,0,该用户可能因未及时得到直播间对产品相关问题的回应而感到不满，试图通过重复质问引起注意。
56697889278,生活日杂,马蹄好吃去皮难,0,该用户想表达的含义是：虽然马蹄味道不错，但处理起来比较麻烦。
56697889278,生活日杂,山西发货吗,0,该用户是在询问商品是否支持从山西发货，可能有意购买但担心物流配送范围限制。
56697889278,生活日杂,一定要冷藏保存？,1,该用户可能是在询问商品是否需要冷藏保存以确保品质或延长保质期。
56697889278,生活日杂,熟吃怎么吃,1,该用户想询问荸荠（马蹄）煮熟后的具体食用方法或烹饪建议。
56697889278,生活日杂,可以 炖椰子鸡,0,该用户是在询问或确认该产品是否适合用来炖椰子鸡，表达了对产品的具体烹饪用途的兴趣。
56697889278,生活日杂,他不是水果吗,1,该用户可能是在疑惑直播中讨论的“马蹄”（荸荠）是否属于水果类别，试图确认商品属性以便进一步了解购买细节。
56697889278,生活日杂,这个是我的最爱，我就生吃,0,该用户想表达的含义是：我非常喜欢这种产品，尤其偏好直接生吃的方式。
56697889278,生活日杂,这个不是水果吗,1,该用户可能是在疑惑或确认直播中展示的商品是否属于水果类别。
56697889278,生活日杂,煮糖水,1,该用户可能是询问直播中提到的食材（如马蹄、南瓜等）是否适合用来煮糖水，或想分享自己用这些食材制作糖水的经验。
56697889278,生活日杂,马蹄生吃很好吃,1,"该用户想表达的含义是：强调马蹄适合直接生食且口感清甜可口。  （结合前文弹幕中关于马蹄食用方式的讨论，如""生吃炖汤都可以""""去皮难""""炖椰子鸡""等，用户在此补充生吃的体验，属于对商品特性的肯定性反馈，隐含潜在购买兴趣。）"
56697889278,生活日杂,我们都削完直接吃,0,"该用户想表达的含义是：我们习惯将荸荠去皮后直接生吃。  （结合前文语境中关于荸荠/马蹄的食用方式讨论，尤其是""生吃""""去皮难""等关键词，用户以生活化的口吻补充了一种具体食用场景，强调对产品原味食用的偏好。）"
56697889278,生活日杂,不错,0,该用户想表达的含义是：对当前讨论的产品（可能是荸荠/马蹄）表示认可和赞同。
56697889278,生活日杂,做肉馅,0,该用户可能是在询问主播展示的食材（如马蹄/荸荠）是否适合用来制作肉馅，或是建议主播演示用该食材做肉馅的烹饪方法。
56697889278,生活日杂,煮着也好吃,0,该用户想表达的含义是：这种食材（可能是荸荠或马蹄）不仅适合生吃，煮熟后口感也不错。
56697889278,生活日杂,包饺子也不错,0,该用户是在讨论马蹄（荸荠）的食用方式，认为将其用作包饺子的馅料也是一种不错的选择。
56697889278,生活日杂,我就用牙磕着吃,0,该用户想表达的是：我喜欢直接生吃这种食物，连皮都不削就用牙齿啃着吃。
56697889278,生活日杂,生吃就好吃,0,该用户想表达的含义是：这种食材直接生吃的口感就很美味。
56697889278,生活日杂,马蹄粉,1,该用户可能在询问或提及与马蹄粉相关的食用方法或用途。
56697889278,生活日杂,指甲刀指甲刀,1,该用户可能在询问或催促主播展示或介绍指甲刀产品。
56697889278,生活日杂,导演，有没有挂面？,1,该用户是在询问直播间是否有售卖挂面产品。
56697889278,生活日杂,是大果、中果、小果？,1,该用户是在询问直播中展示的商品（可能是马蹄）的果实大小规格分类情况。
56697889278,生活日杂,马蹄可以做桂花蜂蜜凉拌,0,该用户是在分享一种马蹄的创意吃法，表达对产品烹饪方式的兴趣和尝试意愿。
56697889278,生活日杂,包饺子肉很好吃,1,该用户想表达的含义是：用这种食材做饺子馅味道很好。
56697889278,生活日杂,马蹄羹,1,该用户可能在询问或提议用马蹄制作羹类食品的做法。
56697889278,生活日杂,生吃就很好,0,该用户想表达的含义是：直接生吃这种食材就很美味，不需要额外烹饪。
56697889278,生活日杂,很难去皮哦,0,该用户可能是在吐槽马蹄（荸荠）的外皮处理起来比较麻烦，暗示对产品使用体验的关注。
56697889278,生活日杂,马蹄糖水很好吃,1,该用户是在赞同并补充马蹄的食用方式，认为将其制成糖水也是一种美味的选择。
56697889278,生活日杂,也可以做饺子馅料,0,该用户是在讨论马蹄的多种食用方式时，认为它同样适合作为饺子馅的食材。
56697889278,生活日杂,对呀，今天好多黑子，净说些反常识的话,0,该用户是在反驳直播间里一些负面或不合理的评论，认为那些言论违背常理且缺乏依据。
56697889278,生活日杂,需要挂面,1,该用户是在询问直播间是否有挂面产品出售。
56697889278,生活日杂,一直在吃,0,该用户想表达的含义是：自己习惯直接生吃这种食物且对其口感满意。
56697889278,生活日杂,直接剥皮还是需要削皮,1,该用户想表达的含义是：询问如何处理该产品的食用方式，是想直接剥皮还是需要削皮。
56697889278,生活日杂,粘泥的吗,1,该用户可能在询问产品（马蹄）是否带有泥土或是否需要清洗处理。
56697889278,生活日杂,煮糖水,1,该用户是在讨论马蹄（荸荠）的食用方法，认为可以用它来制作糖水甜品。
56697889278,生活日杂,一会撑着了,0,该用户想表达的含义是：担心自己会因为吃太多而感觉饱胀不适。
56697889278,生活日杂,生吃好吃,0,该用户想表达的含义是：这种食材直接生吃的口感就很不错。
56697889278,生活日杂,有耙耙柑吗,1,该用户是在询问直播间是否有售卖耙耙柑这一水果产品。
56697889278,生活日杂,告诉我，盼盼的小裙子在几号链接,1,该用户是在询问主播展示的某款裙子对应的商品购买链接编号，表现出明确的购买意向。
56697889278,生活日杂,生吃好吃，马蹄饺子很不多,0,该用户想表达的含义是：马蹄生吃口感不错，用来包饺子也很美味。
56697889278,生活日杂,宇辉还在云南吗？,0,该用户可能在询问主播宇辉是否仍在云南直播，以确认当前推荐的产品是否仍是云南特产或相关活动。
56697889278,生活日杂,河北的已买,0,该用户想表达的含义是：我是河北的消费者，已经下单购买了产品。
56697889278,生活日杂,北方不支持发货,0,该用户因所在地区无法收货而感到遗憾或不满。
56697889278,生活日杂,有没有脱了皮的马蹄,1,该用户是在询问直播间是否有售卖已经处理好的、无需自行去皮的新鲜马蹄产品。
56697889278,生活日杂,还有朋友说包饺子,0,该用户想表达的含义是：有人提到马蹄还可以用来做饺子馅料。
56697889278,生活日杂,没吃过[抠鼻],0,该用户想表达的含义是：我对这个产品不太了解，之前没尝试过。
56697889278,生活日杂,清火的,0,该用户可能在询问直播中展示的马蹄（荸荠）是否具有清热降火的功效，或是想确认产品是否适合清火食用。
56697889278,生活日杂,煮了吃比较好,1,该用户认为将马蹄煮熟食用是更佳的烹饪方式。
56697889278,生活日杂,马蹄糕,1,该用户可能在询问或提及与马蹄糕相关的产品信息或食用方式。
56697889278,生活日杂,鹏鹏，这次外场很遗憾没有看到你的舞蹈,0,该用户可能是在表达对主播鹏鹏未能展示舞蹈才艺的失望或惋惜，暗示原本期待看到表演但未能如愿。
56697889278,生活日杂,2号 链接已拍，加急,0,该用户想表达的含义是：我已经通过2号商品链接下单购买了商品，希望尽快发货。
56697889278,生活日杂,炒肉丁,1,该用户可能在询问直播中展示的食材（如马蹄）是否适合用来炒肉丁，或建议用该食材制作炒肉丁这道菜。
56697889278,生活日杂,直接生吃非常好吃，脆甜口,1,该用户是在强调马蹄（荸荠）作为生食时的口感优势，暗示推荐其他观众尝试这种食用方式。
56697889278,生活日杂,带泥发货还是洗净的？,1,该用户想询问商品发货时是保留原泥状态还是经过清洗处理的。
56697889278,生活日杂,摄像,0,该用户可能在提醒主播调整镜头角度或聚焦产品细节，以便更清楚地展示商品。
56697889278,生活日杂,马蹄水也好喝,1,该用户可能是在认同或补充之前关于马蹄食用方式的讨论，表达对马蹄水这一做法的兴趣或认可。
56697889278,生活日杂,怎么去皮？,1,该用户想询问如何去除马蹄的外皮以便食用或烹饪。
56697889278,生活日杂,地梨,1,该用户可能在询问直播中提到的“马蹄”是否指的是“地梨”（即荸荠的别称），以确认商品名称或地方俗称的对应关系。
56697889278,生活日杂,脆甜,1,该用户想表达的含义是：称赞马蹄生吃口感清脆甘甜。
56697889278,生活日杂,马蹄生吃，清甜脆脆的很好吃,1,该用户是在分享生吃马蹄的口感体验，并间接表达对这种吃法的认可与喜爱。
56697889278,生活日杂,北方不发货,0,该用户想表达的含义是：由于所在地区不在配送范围内而感到遗憾或不满。
56697889278,生活日杂,与辉同行,0,该用户可能是在询问或提及直播间的名称或品牌，暗示对直播内容的关注或对主播团队的认同。
56697889278,生活日杂,如何保存,1,该用户可能是在询问如何保存马蹄这种食材的方法。
56697889278,生活日杂,好吃,1,该用户想表达的含义是：这款马蹄生吃的口感清甜爽脆，让人满意。
56697889278,生活日杂,很好吃,1,该用户想表达的含义是：认同并强调这款马蹄产品口感好，适合生吃。
56697889278,生活日杂,蒸多久,1,该用户想询问蒸制马蹄（荸荠）所需的具体时间。
56697889278,生活日杂,马蹄可以煮粥,0,该用户是在讨论马蹄的食用方法，表达煮粥也是一种不错的烹饪方式。
56697889278,生活日杂,黑龙江不发货,0,该用户想表达的是：自己所在的黑龙江地区无法购买直播间的商品。
56697889278,生活日杂,啃着吃[尬笑],0,该用户想表达的含义是：生吃马蹄的口感清脆香甜，自己正在尝试这种吃法并觉得有趣。
56697889278,生活日杂,这马蹄有渣吗,1,该用户是在询问马蹄（荸荠）的口感是否细腻，担心食用时会有粗糙的纤维残留。
56697889278,生活日杂,好多黑龙江都不发货,0,该用户因所在地区无法购买商品而感到遗憾和不满。
56697889278,生活日杂,就看你吃了,0,该用户想表达的含义是：我对这款产品的食用方式很感兴趣，想看看主播现场品尝的效果。
56697889278,生活日杂,晒几天很甜,0,该用户想表达的含义是：这款马蹄（荸荠）晒几天后口感会更甜。  （结合前文对马蹄脆甜口感的讨论和食用方法提问，用户补充了通过晾晒提升甜度的食用建议）
56697889278,生活日杂,脆爽,1,该用户想表达的含义是：这款马蹄的口感清脆爽口，让人喜欢。
56697889278,生活日杂,别吃了,0,该用户可能在委婉提醒主播停止试吃演示，转而推进产品介绍或促销环节。
56697889278,生活日杂,好吃，新疆不发货[流泪],0,该用户想表达的是：对新疆无法购买到这款产品感到遗憾和失望。
56697889278,生活日杂,切碎包馄饨吃,1,该用户想表达的含义是：询问这种食材是否适合切碎后用来包馄饨食用。
56697889278,生活日杂,清火的 煮糖水特别好吃,1,该用户想表达的含义是：这款产品清热降火，适合用来制作甜品且口感很好。
56697889278,生活日杂,这种新鲜的马蹄可好吃了,1,该用户是在认可马蹄的口感并暗示有购买意向，可能想进一步了解产品细节或确认发货范围。
56697889278,生活日杂,一次吃不完如何保存？,1,该用户是在询问产品（马蹄）的储存方法，担心因分量过多无法一次性食用完而影响品质。
56697889278,生活日杂,煲汤也行,0,该用户想表达的含义是：这种食材也适合用来煲汤。
56697889278,生活日杂,马蹄煮水连吃带喝止咳,1,该用户想表达的含义是：询问马蹄煮水食用是否具有止咳功效，并探讨其食用方法。
56697889278,生活日杂,不错,1,该用户想表达的含义是：对马蹄的品质或食用效果表示认可和满意。
56697889278,生活日杂,不甜，脆爽,0,该用户想表达的含义是：这马蹄口感清脆爽口但甜度不够。
56697889278,生活日杂,一般都是生吃[呲牙][呲牙]清甜可口,0,该用户想表达的含义是：这种马蹄通常直接生吃，口感清甜爽口。
56697889278,生活日杂,削皮直接吃已经很好吃了,0,该用户想表达的含义是：这种水果无需加工，直接食用就已经足够美味可口。
56697889278,生活日杂,桂圆干不能买,0,该用户可能是想提醒其他人桂圆干的品质或发货问题不值得购买。
56697889278,生活日杂,红萝卜竹遮马蹄水,0,该用户可能在询问如何用红萝卜、竹蔗和马蹄搭配煮水（或糖水）的具体做法或功效。  （结合前文弹幕中频繁提及马蹄的食用方式（如煮糖水、煲汤、生吃）以及地域发货问题，推测用户关注点仍围绕马蹄的烹饪应用，但试图结合其他食材提出更具体的搭配疑问。）
56697889278,生活日杂,关注主播中午好[爱心][爱心][爱心][爱心][爱心],0,该用户通过高频爱心表情和问候语表达对主播的喜爱和支持，但并未直接体现对当前直播商品的购买兴趣。
56697889278,生活日杂,煮甘草 止咳,0,该用户可能是在询问或建议用甘草煮水来缓解咳嗽，结合直播间讨论马蹄食疗功效的语境，表达了对产品养生用途的兴趣。
56697889278,生活日杂,甘蔗不喇嗓子,0,该用户想表达的含义是：这款甘蔗口感细腻，吃起来不会刺激喉咙。  （结合前文弹幕对食材口感、食用体验的讨论，用户通过对比“喇嗓子”的负面印象，突出产品优势，隐含对商品的认可或购买兴趣。）
56697889278,生活日杂,通风阴凉处保存,0,该用户是在询问或分享马蹄（荸荠）的储存方法，建议将其放在通风阴凉的地方以保持新鲜。
56697889278,生活日杂,清甜,1,该用户是在认同并补充其他观众对产品口感的评价，强调马蹄具有清新甘甜的风味特点。
56697889278,生活日杂,就像削苹果一样去皮,0,该用户是在用类比手法强调马蹄去皮食用的便捷性和口感，暗示对这种食用方式的认可和兴趣。
56697889278,生活日杂,八珍糕有吗？,1,该用户是在询问直播间是否有售卖八珍糕这款产品，表现出对购买该商品的潜在兴趣。
56697889278,生活日杂,微甜,1,该用户想表达的含义是：这款产品的甜度适中，带有清爽的甜味。
56697889278,生活日杂,肉馅里放马蹄很好吃,1,该用户是在分享一种提升肉馅口感的烹饪技巧，暗示对马蹄作为食材的认可和购买兴趣。
56697889278,生活日杂,鸡蛋,1,该用户可能在询问或暗示直播间是否有售卖鸡蛋，或是想讨论鸡蛋与当前食材（如马蹄）的搭配做法。
56697889278,生活日杂,这个好吃，甜脆,1,该用户是在称赞该马蹄产品的口感和味道，表达对其品质的认可和喜爱。
56697889278,生活日杂,不发大连,0,该用户可能是在询问或提醒主播不要漏发大连地区的订单。
56697889278,生活日杂,主播哪的人,0,该用户可能是在询问主播的籍贯或所在地，以判断所售商品（如马蹄、甘蔗等食材）是否与自己的地域偏好或饮食习惯相符。
56697889278,生活日杂,指甲刀,1,该用户可能在询问直播间是否有指甲刀这款商品，或是想了解主播对指甲刀的使用体验或推荐。
56697889278,生活日杂,清肺的，马蹄水,1,该用户是在询问或确认直播中提到的马蹄水是否具有清肺功效，可能对这款养生饮品产生了兴趣。
56697889278,生活日杂,脆爽,1,该用户想表达的含义是：这款产品口感清脆爽口，味道不错。
56697889278,生活日杂,点赞点赞点赞点赞,0,该用户想表达的含义是：通过高频点赞表达对直播内容的积极支持和参与互动。
56697889278,生活日杂,没货了,1,该用户可能是看到其他观众讨论商品后产生兴趣，但发现心仪商品已售罄而遗憾。
56697889278,生活日杂,八珍糕在橱窗,0,该用户是在询问八珍糕是否已上架到直播间的购物橱窗中，暗示有购买意向。
56697889278,生活日杂,花还有吗,1,该用户是在询问直播间是否还有之前提到的商品（如马蹄、八珍糕等类似产品）在售或补货。
56697889278,生活日杂,不错的选择,1,该用户认为主播推荐的产品品质可靠，值得考虑购买。
56697889278,生活日杂,没了,1,该用户想表达的含义是：商品已经售罄了。
56697889278,生活日杂,看手以为是小贝[看],0,该用户误将主播的手认作另一位熟悉的主播“小贝”，并表达了惊讶或调侃的情绪。
56697889278,生活日杂,刚才还说像梨呢,0,该用户可能在调侃主播前后对产品外观描述的不一致，表达一种幽默的质疑或觉得有趣。
56697889278,生活日杂,加点,1,该用户可能在催促主播增加商品库存或补充已售罄的产品选项。
56697889278,生活日杂,有人甘蔗和马蹄一起煮,0,该用户是在询问或建议将甘蔗和马蹄搭配煮食的养生功效或口感体验。
56697889278,生活日杂,没有了,1,该用户想表达的含义是：商品已经售罄或下架了。
56697889278,生活日杂,像萝卜！！！！！！！,0,该用户想表达的含义是：这个食物的外观或口感与萝卜非常相似。
56697889278,生活日杂,宇辉说现摘的果子，让买回家赶紧吃，我今天拆开，连吃2个都是干的。联系商家说尾期果就是这样,0,用户对购买的水果质量感到失望，认为商家以尾期果充好，实际口感与宣传不符。
56697889278,生活日杂,没买到,1,该用户想表达的含义是：自己因商品售罄而未能成功下单购买。
56697889278,生活日杂,吃多少削多少吃多少削多少,0,该用户可能在强调产品的食用方式灵活方便，可以随吃随削避免浪费。
56697889278,生活日杂,好吃，就是削皮麻烦,1,该用户认为产品口感不错，但对处理过程（削皮）感到繁琐。
56697889278,生活日杂,马蹄,1,该用户可能是在询问或提及直播中讨论的马蹄（荸荠）相关产品，比如其口感、食用方式或购买信息。
56697889278,生活日杂,吃多少削多少,0,该用户可能是在评论马蹄（荸荠）的食用方式，暗示这种食物可以按需处理、随吃随削，既方便又不会浪费。
56697889278,生活日杂,像红薯！！！！！！,0,该用户想表达的含义是：当前展示的商品外观或特征让他们联想到了红薯。
56697889278,生活日杂,再加点吧,1,该用户希望主播增加商品库存或补货。
56697889278,生活日杂,还有吗,1,该用户想询问直播中提到的商品是否还有库存或能否继续上架。
56697889278,生活日杂,下午好,0,该用户可能是在直播中途进入直播间，以问候的方式礼貌地融入当前的互动氛围，同时暗示自己刚来并关注直播内容。
56697889278,生活日杂,马蹄加货,1,该用户想表达的含义是：希望主播多上架一些马蹄商品。
56697889278,生活日杂,马蹄不能生吃吧,0,该用户可能是对直播中推荐生吃马蹄的说法表示质疑，暗示马蹄更适合煮熟食用。
56697889278,生活日杂,一亩少了,0,该用户想表达的含义是：库存数量太少，希望增加上架量。
56697889278,生活日杂,刚来就没了,1,该用户想表达的含义是：刚进入直播间就发现商品已经售罄了。
56697889278,生活日杂,没有,0,该用户想表达的含义是：商品已经售罄或没有库存了。
56697889278,生活日杂,宇辉还在云南吗？,0,该用户可能在询问主播是否仍在云南直播带货，想确认当前销售的产品是否还是云南特产，以便决定是否继续关注或购买。
56697889278,生活日杂,有点模仿董老师,0,该用户可能在委婉地批评当前主播的直播风格或话术与知名主播董宇辉（董老师）过于相似，缺乏原创性。
56697889278,生活日杂,宇辉回到北京了吗,0,该用户可能在关心主播宇辉的行程动态，并间接询问直播商品是否还会补货或更新。
56697889278,生活日杂,啥时候还有？马蹄,1,该用户想表达的含义是：询问商品何时补货并强调自己想要购买的是马蹄。
56697889278,生活日杂,荸荠没了？,1,该用户想表达的含义是：询问荸荠（马蹄）是否已经售罄或补货。
56697889278,生活日杂,几点卖鲜花,1,该用户想询问直播中售卖鲜花的具体时间安排。
56697889278,生活日杂,没拍到，再加点,1,该用户因抢购商品失败而希望主播增加库存或再次上架。
56697889278,生活日杂,马蹄加点,1,该用户是在催促主播增加马蹄（荸荠）的库存或上架量。
56697889278,生活日杂,鹏鹏你们都回到北京了吗,0,该用户是在询问主播团队是否已经结束外地行程返回北京，可能出于对后续直播安排或商品补货的关心。
56697889278,生活日杂,喜欢吃，可惜不卖,1,该用户看到直播中展示的商品（可能是马蹄/荸荠）后产生了购买欲望，但因商品已售罄或未开放购买而感到遗憾。
56697889278,生活日杂,荸荠没了吗？,1,该用户是在询问直播间是否已经售罄了荸荠这款商品，并透露出想购买的意愿。
56697889278,生活日杂,好便宜,1,该用户认为当前直播间的商品价格非常实惠，产生了强烈的购买意愿。
56697889278,生活日杂,东北玉米好吃的,1,该用户可能在暗示对东北玉米感兴趣，希望主播能上架或推荐这款产品。
56697889278,生活日杂,挖完累的啥也不想干了,0,该用户想表达的含义是：抢购商品太耗费精力，现在感到疲惫不堪。
56697889278,生活日杂,玉米,1,该用户想表达的含义是：询问直播间是否会售卖或补货东北玉米。
56697889278,生活日杂,芹菜的链接弹下,1,该用户希望主播提供芹菜的购买链接以便下单。
56697889278,生活日杂,主播叫鹏鹏,0,该用户是在询问主播鹏鹏是否已经回到北京，可能是在关心主播行程或确认直播地点。
56697889278,生活日杂,甜糯吗,1,该用户是在询问直播中提到的某种食品（可能是玉米或其他甜味食材）的口感是否香甜软糯。
56697889278,生活日杂,有黄色的没,1,该用户是在询问直播商品是否有黄色款式或颜色的库存。
56697889278,生活日杂,乳扇还有吗,1,该用户是在询问直播中提到的乳扇产品是否还有库存可供购买。
56697889278,生活日杂,已拍玉米,0,该用户想表达的含义是：我已经下单购买了玉米。
56697889278,生活日杂,马蹄可以直接吃，也可以煮水吃,0,该用户是在询问或确认马蹄（荸荠）的食用方法，可能隐含对商品实用性的兴趣或购买后的使用需求。
56697889278,生活日杂,玉米是熟的吗,1,该用户想询问玉米是否是已经煮熟或加工好的即食产品。
56697889278,生活日杂,孛荠没有了,1,该用户想表达的含义是：询问商品荸荠是否已经售罄并希望补货。
56697889278,生活日杂,鹏鹏，空调什么时候有？,1,该用户想询问主播空调产品的上架时间，表现出明确的购买意向。
56697889278,生活日杂,橱窗防嗮没有了,1,该用户想表达的含义是：橱窗里展示的防晒产品已经售罄了。
56697889278,生活日杂,学霸鹏,0,该用户可能在亲切地称呼主播的名字，表达对主播的关注或互动意愿。
56697889278,生活日杂,马蹄还有没有啊,1,该用户是在询问直播间是否还有马蹄（荸荠）库存可供购买。
56697889278,生活日杂,不是熟的发货吧,1,该用户是在询问直播中提到的商品（可能是玉米或其他食品）是否是已经熟制的成品发货，而非需要自行加工的生鲜产品。
56697889278,生活日杂,真便宜,1,该用户认为商品价格实惠，可能产生购买意向。
56697889278,生活日杂,想要马蹄,1,该用户想表达的含义是：询问直播间是否还有马蹄商品可供购买。
56697889278,生活日杂,甜不甜？？？？,1,该用户是在询问主播所售卖的玉米是否口感甜糯。
56697889278,生活日杂,甘蔗和马蹄烧水喝治咳嗽,0,该用户可能是在询问或确认马蹄（荸荠）的食用功效，暗示对购买马蹄感兴趣，想了解其是否适合用于缓解咳嗽。
56697889278,生活日杂,马蹄能加吗,1,该用户是在询问直播商品中是否可以额外添加马蹄作为购买选项。
56697889278,生活日杂,云南没购,0,该用户想表达的含义是：云南产的商品还没有购买选项。
56697889278,生活日杂,橱窗防嗮帽没有了,1,该用户想表达的含义是：询问橱窗里的防晒帽是否已经售罄，并希望了解是否会补货。
56697889278,生活日杂,鹏鹏:月光下的响尾蛇[偷笑],0,该用户可能在用幽默或调侃的方式表达对主播鹏鹏的喜爱或互动，暗示自己像“月光下的响尾蛇”一样被吸引或关注着直播内容。
56697889278,生活日杂,有女士奶粉吗,1,该用户是在询问直播间是否售卖适合女性饮用的奶粉产品。
56697889278,生活日杂,2.48,0,该用户可能在询问或确认商品的价格是否为2.48元。
56697889278,生活日杂,马蹄啥时候有,1,该用户是在询问直播中提到的马蹄（荸荠）商品何时会补货上架。
56697889278,生活日杂,在上点马蹄,1,该用户是在催促主播补货或上架马蹄商品，表达了对该商品的强烈购买意愿。
56697889278,生活日杂,马蹄加点,1,该用户想表达的含义是：希望主播能再上架一些马蹄产品供购买。
56697889278,生活日杂,今天有好多青团，正应季,0,该用户可能是在感叹当前直播间的商品（青团）与季节相符，暗示自己对此感兴趣或有购买意向。
56697889278,生活日杂,鹏鹏外场晒黑了,0,该用户可能是在调侃主播鹏鹏因长时间户外直播导致肤色变黑，暗示他应该注意防晒或休息。
56697889278,生活日杂,甜不甜,1,该用户是在询问直播中展示的水果（可能是马蹄或甘蔗）的口感是否足够甜，以此判断是否值得购买。
56697889278,生活日杂,几根啊,1,该用户是在询问当前直播中售卖的马蹄（荸荠）的具体数量或包装规格。
56697889278,生活日杂,有百合吗？,1,该用户是在询问直播间是否有售卖百合这种商品。
56697889278,生活日杂,马蹄,1,该用户是在询问直播间是否还有马蹄库存或能否补货。
56697889278,生活日杂,开袋即食吗,1,该用户是在询问产品是否需要额外加工才能食用，暗示对商品的便利性和即食性感兴趣。
56697889278,生活日杂,指甲刀,1,该用户可能在询问直播间是否有指甲刀商品上架或对其感兴趣。
56697889278,生活日杂,老不老,1,该用户可能在询问产品（如马蹄）是否新鲜或存放时间是否过长。
56697889278,生活日杂,可以直接吃吗,1,该用户是在询问直播中展示的商品是否无需加工即可直接食用。
56697889278,生活日杂,荸荠加点单,1,该用户想表达的含义是：希望主播尽快补货或上架荸荠（马蹄）这款商品。  （结合前文语境，弹幕中多次提及“马蹄”相关询问，用户关注点集中在商品库存和上新时机，此条是催促补货的典型购买意向表达。）
56697889278,生活日杂,甜糯吗,1,该用户是在询问直播中展示的食品（可能是青团或其他糯米类点心）的口感是否香甜软糯。
56697889278,生活日杂,主播叫鹏鹏,0,该用户是在与主播互动，通过亲切地称呼主播名字来表达对主播的关注和亲近感。
56697889278,生活日杂,什么时候卖耙耙柑？,1,该用户是在询问主播何时会上架或推荐耙耙柑这款商品，表现出对购买该水果的兴趣和期待。
56697889278,生活日杂,防嗮帽加货吧,1,该用户希望主播能补货防晒帽，表达了对该商品的购买意愿。
56697889278,生活日杂,超好吃,1,该用户想表达的含义是：对当前直播展示的食品（可能是青团或其他甜糯类产品）的口味表示高度认可和喜爱。
56697889278,生活日杂,玉米烙,1,该用户是在询问或要求主播上架或介绍玉米烙这款产品。
56697889278,生活日杂,芝士玉米？,1,该用户可能在询问直播间是否有售卖芝士玉米这款产品，或是想了解芝士玉米的相关信息（如口味、价格等）。
56697889278,生活日杂,主播下午好,0,该用户可能是礼貌性打招呼后准备询问商品信息。
56697889278,生活日杂,回购了这个玉米，糯糯甜甜的，比超市便宜,1,该用户想表达的含义是：自己之前买过这款玉米觉得口感很好且价格实惠，所以再次下单购买。
56697889278,生活日杂,这是咋做的,1,该用户可能是在询问直播中展示的某款食品的制作方法或加工工艺。
56697889278,生活日杂,好想吃,1,该用户被直播间的食品展示所吸引，表达了对当前推荐商品的强烈食欲和潜在购买意向。
56697889278,生活日杂,甜不甜,1,该用户是在询问主播所展示的水果或甜味食品的口感是否足够香甜可口。
56697889278,生活日杂,怎么做的,1,该用户想询问主播当前展示商品的制作方法或烹饪步骤。
56697889278,生活日杂,骗人的,0,该用户可能因对产品描述或直播内容产生质疑，认为主播存在夸大宣传或虚假信息。
56697889278,生活日杂,这个怎么做的,1,该用户对产品的制作方法或工艺感到好奇，想了解更详细的信息。
56697889278,生活日杂,熟的吗？,1,该用户想询问直播中展示的商品是否已经成熟或可以直接食用。
56697889278,生活日杂,马蹄加货,1,"该用户想表达的含义是：希望主播增加马蹄（荸荠）这款商品的库存或上架链接。  （结合前文语境中频繁出现的农产品讨论和""加货""类请求，用户用简略表达延续了直播间对生鲜商品的购买意向。）"
56697889278,生活日杂,吃过玉米面饼子,0,该用户想表达的含义是：我之前尝过类似的主食，对这款玉米面饼子的口感和味道感兴趣。
56697889278,生活日杂,拍了玉米，真的很不错,1,该用户想表达的含义是：已经下单购买了玉米，并对产品品质感到满意。
56697889278,生活日杂,紫米，紫米，紫米，鹏鹏,1,该用户可能在热情呼唤主播“鹏鹏”上架或介绍紫米相关的产品，表达对紫米商品的强烈兴趣和购买意愿。
56697889278,生活日杂,欢迎鹏鹏上播,0,该用户是在向主播鹏鹏打招呼，表达对其开播的欢迎和支持。
56697889278,生活日杂,糯玉米本身有点甜,0,该用户是在认可糯玉米的甜度，暗示对产品的品质满意或产生购买兴趣。
56697889278,生活日杂,有玉米香味吗,1,该用户想询问该玉米产品是否具有明显的玉米香气特征。
56697889278,生活日杂,玉米烙超好吃 很久以前吃过 念念不忘,1,该用户想表达的含义是：对玉米烙的美味印象深刻并怀有强烈的好感，暗示可能有购买意愿。
56697889278,生活日杂,熟的吗,1,该用户是在询问直播中展示的玉米产品是否是已经煮熟或加工好的即食品。
56697889278,生活日杂,我怎么是20.9呀,1,该用户可能在疑惑自己看到的商品价格与其他人不同，表达了对价格差异的疑问或不满。
56697889278,生活日杂,玉米蒸的口感好,0,该用户想表达的含义是：玉米蒸着吃口感更佳。
56697889278,生活日杂,东北玉米烙特别好吃,1,该用户是在表达对玉米烙这款产品的喜爱和认可，暗示自己可能有购买意向。
56697889278,生活日杂,鹏鹏没戴胸牌，有些在问,0,该用户可能在提醒主播或其他观众注意主播鹏鹏的着装细节，并解释当前弹幕中有人对此提出疑问。
56697889278,生活日杂,玉米是熟的吗,1,该用户是在询问直播中展示的玉米是否是已经煮熟或加工好的即食产品。
56697889278,生活日杂,熟的？,1,该用户是在询问直播中展示的玉米产品是否是已经煮熟或加工好的即食状态。
56697889278,生活日杂,有黄玉米吗,1,该用户是在询问直播间是否有售卖黄玉米品种的商品。
56697889278,生活日杂,玉米烙超好吃,1,该用户想表达的含义是：对玉米烙这款产品的口味表示高度认可，并暗示自己有过愉快的食用体验。
56697889278,生活日杂,糯么,1,该用户想表达的含义是：询问这款玉米的口感是否软糯。
56697889278,生活日杂,本真五红是什么？,1,该用户可能是在询问直播中提到的“本真五红”具体指代什么产品或食材，表现出对商品特性的好奇和潜在购买兴趣。
56697889278,生活日杂,做早餐太方便了,1,该用户想表达的含义是：这款产品能大大简化早餐制作的流程，让人感到实用便捷。
56697889278,生活日杂,新鲜吗,1,该用户是在询问直播中售卖的玉米产品是否足够新鲜。
56697889278,生活日杂,保质期多久,1,该用户想询问产品的保质期时长以评估是否适合购买和储存。
56697889278,生活日杂,啥时候上指甲刀呀,1,该用户想表达的含义是：询问主播何时会推出指甲刀这款商品。
56697889278,生活日杂,买了玉米，喜欢,1,该用户想表达的含义是：已经下单购买了玉米，并且对这款产品感到满意。
56697889278,生活日杂,鹏鹏，你有知道我有多遗憾吗，你有知道我有多遗憾吗，你有知道我有多遗憾吗？,0,该用户想表达的含义是：非常遗憾没能抢到或买到之前提到的糯玉米/玉米烙产品。
56697889278,生活日杂,指甲刀上,1,该用户是在询问或催促主播尽快展示或上架指甲刀产品。
56697889278,生活日杂,上指甲刀,1,该用户是在催促主播尽快展示或销售指甲刀产品。
56697889278,生活日杂,鹏鹏你的伙伴们都回北京了没！,0,该用户可能在询问主播的团队成员是否已经返回北京，以间接了解直播间的后续安排或商品上新情况。
56697889278,生活日杂,团队回北京了吗,0,该用户可能在询问直播团队的其他成员是否已经结束外地行程返回北京，以此推测后续直播安排或商品上新情况。
56697889278,生活日杂,太熟悉了不用戴[呲牙][呲牙][呲牙][呲牙],0,该用户想表达的含义是：我对这款产品非常了解，不需要再听介绍了（同时用表情符号表达轻松调侃的情绪）。  （解析：结合前文弹幕中频繁出现关于玉米产品的询问和讨论，以及主播互动内容，用户可能在回应主播对某款玉米产品的功能讲解或佩戴演示，用“太熟悉了”表明自己是老顾客或对产品特性已熟知，[呲牙]表情则弱化了直接拒绝的生硬感。）
56697889278,生活日杂,中午就吃了一根糯米,0,该用户想表达的含义是：自己中午只吃了一根玉米，暗示对当前直播间的玉米产品感兴趣或想进一步了解。
56697889278,生活日杂,10斤和8斤大小是一样的吧,1,该用户可能在确认不同包装规格的产品实际尺寸是否相同，隐含对产品性价比或实用性的考量。
56697889278,生活日杂,怎么储存？可以放冷冻室吗？,1,该用户是在询问产品的具体保存方法，尤其是能否冷冻储存，表现出对产品使用细节的关切和潜在的购买意向。
56697889278,生活日杂,甜不,1,该用户是在询问直播中展示的食品（可能是玉米或其他甜味产品）的甜度如何。
56697889278,生活日杂,那个奶锅什么时候有,1,该用户想询问奶锅产品的补货或上新时间，表现出明确的购买意向。
56697889278,生活日杂,鹏鹏你的名牌呢,0,该用户可能在询问主播鹏鹏为何没有佩戴往常直播时展示的品牌标识或标志性物品。
56697889278,生活日杂,不能开袋即食，要加工一下吃,0,该用户可能是在询问或确认产品的食用方式，表达对产品需要加工后才能食用的关注或轻微不满。
56697889278,生活日杂,我要扫地机器人,1,该用户表达了对扫地机器人的明确购买意向，希望主播能介绍或上架该产品。
56697889278,生活日杂,橙子有吗,1,该用户是在询问直播间是否有橙子售卖，表达了对该商品的购买兴趣。
56697889278,生活日杂,老不老,1,该用户可能在询问产品（可能是水果或食品）的新鲜程度或存放时间是否过长。
56697889278,生活日杂,48号指甲刀,1,该用户是在询问或催促主播尽快上架48号指甲刀这款商品。
56697889278,生活日杂,指甲刀购物车有,0,该用户想确认指甲刀是否已加入购物车可供购买。
56697889278,生活日杂,有指甲刀购物车里,0,该用户想表达的含义是：指甲刀已经在我的购物车里了（暗示已经准备好购买或询问是否还有其他相关信息）。
56697889278,生活日杂,甜度怎么样,1,该用户想询问产品的甜度如何，以评估是否符合自己的口味偏好或购买需求。
56697889278,生活日杂,青团30号链接直接拍么？,1,该用户想确认青团商品的购买流程，询问是否可以直接通过30号链接下单购买。
56697889278,生活日杂,鹏鹏下午好啊,0,该用户是在以问候主播的方式参与互动，试图融入直播间的闲聊氛围，而非直接表达购买意向。
56697889278,生活日杂,保质期多久,1,该用户是在询问商品的有效期限，暗示对产品质量和储存时间的关注，可能存在购买考量。
56697889278,生活日杂,10链接指甲刀,1,该用户想表达的含义是：询问10号商品链接是否为指甲刀或要求将指甲刀放在10号链接购买。
56697889278,生活日杂,袋子要拆了蒸吗,1,该用户是在询问商品（可能是食品）的蒸制方法是否需要先拆开包装袋。
56697889278,生活日杂,有些才刷进直播间的在问鹏鹏叫什么,0,该用户是在替新进直播间的观众询问主播“鹏鹏”的名字或身份信息。
56697889278,生活日杂,玉米水煮5~10分钟就好了,0,该用户是在询问玉米的烹饪方法或确认煮制时间是否合适。
56697889278,生活日杂,3号链接已拍，加急,0,该用户想表达的含义是：我已经下单购买了3号链接的商品，希望尽快发货。
56697889278,生活日杂,乳扇,1,该用户可能在询问关于“乳扇”这款产品的详细信息或购买方式。
56697889278,生活日杂,我6.30起床,0,该用户可能在询问商品的配送或使用时间安排，比如想知道自己早起是否能赶上直播间的限时优惠或特定商品的抢购。
56697889278,生活日杂,鸭蛋哪个好吃,1,该用户想询问直播间推荐的鸭蛋中哪种口感或品质更好，以帮助自己做出购买决策。
56697889278,生活日杂,鹏鹏，保质期多久,1,该用户是在询问主播所介绍商品的保质期时长，可能是对当前展示或讨论的食品类商品的质量和存放时间有疑虑。
56697889278,生活日杂,为什么不回答我,0,该用户可能因之前提出的问题未被主播及时回应而感到焦急，希望得到关注和解答。
56697889278,生活日杂,点赞点赞点赞点赞点赞点赞点赞点赞点赞,0,该用户可能是在通过高频点赞互动来活跃气氛或引起主播注意，而非直接表达购买意向。
56697889278,生活日杂,我拍了一单蒲公英鸡蛋饺子,0,该用户想表达自己已经下单购买了蒲公英鸡蛋饺子这款产品。
56697889278,生活日杂,那么早？？五点半起床,0,该用户可能在感叹直播时间太早，暗示自己平时起床时间较晚，与主播的作息有差异。
56697889278,生活日杂,小伙伴回北京没有,0,该用户可能在询问主播或其他观众关于某位同伴（可能是主播或常客）是否已返回北京，可能是想确认能否参与后续的直播互动或商品讨论。
56697889278,生活日杂,带皮煮么,1,该用户可能在询问直播中展示的食品是否需要带皮烹饪。
56697889278,生活日杂,糯吗,1,该用户可能在询问直播中展示的食品（如青团、乳扇等）的口感是否软糯。
56697889278,生活日杂,是啊，大家是不是都回京了,0,该用户可能在询问其他观众是否已经结束假期返回北京，暗示自己刚回来或对返程动态感兴趣。
56697889278,生活日杂,蒸的时候需要拆袋子吗,1,该用户是在询问产品（可能是食品）的蒸制方法，具体想知道包装袋是否需要拆除后再进行蒸煮。
56697889278,生活日杂,跳个舞,0,该用户可能是想通过轻松互动的方式活跃气氛，或是希望主播展示才艺来增加直播趣味性。
56697889278,生活日杂,大米今天有吗,1,该用户是在询问直播间今天是否有大米商品上架或售卖。
56697889278,生活日杂,铁锅有吗？,1,该用户想询问直播间是否有铁锅在售。
56697889278,生活日杂,都平安回北京了么,0,该用户是在询问直播间里其他观众或主播团队是否已经安全返回北京，可能出于关心或确认后续直播安排。
56697889278,生活日杂,大米大米,1,该用户可能在询问直播间是否有大米商品上架或表达对大米产品的兴趣。
56697889278,生活日杂,海参,1,该用户可能在询问直播间是否有海参产品，或对海参的品种、价格、做法等具体信息感兴趣。
56697889278,生活日杂,我天，你牛,0,该用户可能在惊叹主播的某种表现或产品特点，表达强烈的赞赏或意外之情。
56697889278,生活日杂,这是什么,0,该用户可能在询问直播中当前展示或提到的某样商品的具体信息。
56697889278,生活日杂,进点红枣,1,该用户希望主播能上架红枣产品进行售卖。
56697889278,生活日杂,鱼吗,1,该用户可能在询问直播中展示或提到的某种鱼类产品是否存在或相关细节。
56697889278,生活日杂,平平安安,0,该用户是在关心其他观众或主播是否已安全返回北京，表达一种祝福或问候的心情。
56697889278,生活日杂,怎么吃的,1,该用户可能是在询问产品的食用方法或烹饪方式。
56697889278,生活日杂,鹏鹏还有鲈鱼吗？,1,该用户是在询问主播是否还有鲈鱼库存可供购买。
56697889278,生活日杂,鹏鹏胖了点了,0,该用户可能是在调侃主播鹏鹏最近看起来比之前圆润了一些。
56697889278,生活日杂,孩子们都从云南回北京了么？,0,该用户是在询问直播间的其他观众是否已经从云南旅行或出差返回北京，可能出于关心或想确认商品（如云南特产）的到货情况。
56697889278,生活日杂,鹏鹏，需要麦片,1,该用户想询问主播“鹏鹏”是否有麦片商品在售或能否提供麦片。
56697889278,生活日杂,洋葱甜吗？,1,该用户是在询问直播中展示的洋葱的口感和品质如何，可能有意向购买。
56697889278,生活日杂,面粉,1,该用户可能在询问直播间是否有面粉出售或想了解面粉的相关信息。
56697889278,生活日杂,有大米吗,1,该用户是在询问直播间是否有大米商品在售或即将上架。
56697889278,生活日杂,团队小伙伴们都回北京了吗？,0,该用户是在关心直播团队是否已从外地出差或活动安全返回北京，可能想确认直播后续安排或表达对团队的挂念。
56697889278,生活日杂,黄花鱼刺多吗,1,该用户想询问黄花鱼的鱼刺数量是否较多，以评估是否适合购买或食用。
56697889278,生活日杂,上指甲刀看看,1,该用户可能是对美甲工具感兴趣，想看看直播间是否有相关产品展示。
56697889278,生活日杂,鱼好大一条,1,该用户可能是对直播中展示的鱼的大小感到惊讶或赞叹，暗示对商品的兴趣或询问具体信息。
56697889278,生活日杂,孩子们都回北京了么,0,该用户是在关心主播团队成员是否已从外地返回北京，表达了对直播团队近况的关切。
56697889278,生活日杂,哪有指甲刀啊,1,该用户是在询问直播间是否有指甲刀商品上架或展示。
56697889278,生活日杂,玉米是生的熟的,1,该用户是在询问直播中展示的玉米是否需要烹饪后才能食用。
56697889278,生活日杂,指甲刀,1,该用户是在询问或催促主播展示指甲刀产品。
56697889278,生活日杂,还有玉米吗,1,该用户是在询问直播间是否还有玉米库存可供购买。
56697889278,生活日杂,红烧，清蒸,0,该用户是在询问主播展示的鱼类产品适合红烧还是清蒸的烹饪方式。
56697889278,生活日杂,哪里发货,1,该用户是在询问商品的发货地点，可能出于对物流时效或产地质量的关注。
56697889278,生活日杂,玉米收到就能吃吗,1,该用户想确认玉米产品是否为即食型或需要进一步加工。
56697889278,生活日杂,这鱼看起来好好吃啊,1,该用户被直播中展示的鱼所吸引，表达了对产品品质的认可和潜在的购买欲望。
56697889278,生活日杂,请你们卖水果时，也样黑龙江人能买到呐,0,该用户希望直播间的商品（水果）能够覆盖黑龙江地区的配送范围。
56697889278,生活日杂,看起来不错,1,该用户可能对当前展示的商品产生了兴趣，认为商品外观或品质符合预期。
56697889278,生活日杂,宇辉回北京没？,0,该用户是在询问主播团队成员“宇辉”是否已经结束外地行程返回北京。
56697889278,生活日杂,今天有青团,0,该用户可能是在询问直播间今天是否有青团这款商品在售或促销。
56697889278,生活日杂,棒棒哒,0,该用户想表达的含义是：对当前展示的商品或直播内容表示赞赏和喜爱。
56697889278,生活日杂,9两一条蛮大的,1,该用户是在感叹并确认直播中展示的鱼尺寸较大，可能对购买感兴趣。
56697889278,生活日杂,好有食欲,1,该用户被直播中展示的食物所吸引，认为其看起来非常美味诱人。
56697889278,生活日杂,大概多多长多粗,1,该用户想询问产品的具体尺寸规格。
56697889278,生活日杂,刺多不多,1,该用户是在询问直播中展示的鱼类的鱼刺数量是否较少，以判断其食用便利性和购买价值。
56697889278,生活日杂,一条有多重啊,1,该用户想了解商品的重量规格以便评估是否值得购买。
56697889278,生活日杂,宇辉回京了吗,0,该用户是在询问主播团队中的关键人物“宇辉”是否已经返回北京，可能出于对其动向的关注或期待其参与后续直播活动。
56697889278,生活日杂,苹果没了吗,1,该用户想询问直播间是否已经售罄了苹果商品。
56697889278,生活日杂,是野生的吗？,1,该用户可能在询问直播中展示的水产品是否为自然生长的野生品种。
56697889278,生活日杂,配料表？,1,该用户想询问产品的配料成分或配方信息。
56697889278,生活日杂,这个买过，非常新鲜，挺好吃的,1,该用户想表达的含义是：自己之前购买过该产品，对品质感到满意并推荐给大家。
56697889278,生活日杂,什么时候能有耐克场啊,1,该用户希望直播间未来能开设耐克品牌产品的专场直播。
56697889278,生活日杂,大概多长？,1,该用户是在询问直播中所展示商品的尺寸或长度信息。
56697889278,生活日杂,想看歹徒舞,0,该用户可能是想通过提及主播或观众熟悉的梗（如“歹徒舞”）来活跃气氛或表达对直播内容的喜爱，而非直接表达购买兴趣。
56697889278,生活日杂,浙江人不怕腥味,0,该用户想表达的含义是：作为浙江人，我对海鲜的腥味并不介意，可以接受这款产品。
56697889278,生活日杂,刺多吗,1,该用户是在询问直播中展示的鱼类产品的鱼刺数量是否较多。
56697889278,生活日杂,大概多长多粗,1,该用户想询问直播展示商品的尺寸规格（长度和粗细）。
56697889278,生活日杂,刺很少,0,该用户想表达的意思是：这种鱼的鱼刺比较少。  （结合前文弹幕中多次询问“刺多不多”以及讨论鱼的大小、重量等，可以合理推断“刺很少”是对鱼刺数量的评价，属于购买前的关键信息确认。）
56697889278,生活日杂,鹏鹏儿,0,该用户可能在呼唤主播或询问主播相关情况。
56697889278,生活日杂,黄花鱼很好,1,该用户是在认可黄花鱼的品质，暗示有购买意向。
56697889278,生活日杂,看着挺大的,1,该用户认为商品的尺寸符合预期或超出预期，可能对购买感兴趣。
56697889278,生活日杂,与辉同行值得信赖,0,该用户想表达的含义是：认可该直播间的产品品质和主播信誉，愿意支持购买。
56697889278,生活日杂,云南的山珍菇收到，煮汤味道好，菇也好吃,0,该用户是在分享已购产品的正面体验，表达对商品品质的满意和认可。
56697889278,生活日杂,好好吃,1,该用户想表达对直播中展示的食品味道的认可和喜爱。
56697889278,生活日杂,放姜丝,0,该用户可能在询问或建议主播在烹饪演示中加入姜丝作为配料。
56697889278,生活日杂,真是笑了，我缺的是鱼吗？？我缺的是你家的阿姨,0,该用户是在调侃自己并非买不起产品（鱼），而是缺少像商家那样能烹饪出美味的人（阿姨），暗示产品虽好但自己厨艺有限或需要配套服务。
56697889278,生活日杂,黄花鱼刺很少,1,该用户是在强调黄花鱼的食用优势，暗示自己对这款产品感兴趣。
56697889278,生活日杂,黄色的鱼,1,该用户可能在询问或确认直播中展示的鱼是否为黄花鱼，表达了对该产品的关注和潜在购买兴趣。
56697889278,生活日杂,哪里的大黄鱼呀,1,该用户是在询问直播中所展示的大黄鱼的具体产地或来源。
56697889278,生活日杂,会唱歌吗,0,该用户可能是在询问直播展示的商品（如鱼类或相关产品）是否具备某种趣味功能或互动特性，以评估其购买价值。
56697889278,生活日杂,划算,1,该用户认为当前直播中展示的商品价格实惠、值得购买。
56697889278,生活日杂,宇辉回北京了吗,0,该用户可能在询问主播或嘉宾“宇辉”是否已经回到直播现场，表达了对该人物的关注或期待其参与互动的意愿。
56697889278,生活日杂,哪里的大黄鱼啊,1,该用户是在询问直播中展示的大黄鱼的具体产地信息，表现出对商品品质或地域特色的关注。
56697889278,生活日杂,回北京了吗？担心,0,该用户是在询问主播是否已经返回北京，并表达了对主播行程的关切。
56697889278,生活日杂,爱生活会生活,0,该用户想表达的含义是：这款产品体现了高品质的生活追求，符合我的消费理念。
56697889278,生活日杂,洋葱辣吗？,1,该用户可能在询问洋葱的辣度是否会影响食用体验，以评估是否适合购买。
56697889278,生活日杂,宇辉已经到达浙江,0,该用户可能在询问或确认主播“宇辉”的行程动态，表达对其行踪的关注或期待他参与直播互动。
56697889278,生活日杂,不洗吗？,0,该用户可能在询问直播中展示的黄花鱼是否需要预先清洗处理。
56697889278,生活日杂,想要威露士的洗衣凝珠,1,该用户表达了明确的购买意向，希望购买威露士品牌的洗衣凝珠产品。
56697889278,生活日杂,鹏鹏的舞蹈跳的那么好，这次云南行居然没跳。太遗憾了,0,该用户是在表达对主播鹏鹏未能展示舞蹈才艺的失望，侧面反映出对其表演的喜爱和期待。
56697889278,生活日杂,鹏鹏晒黑了吗,0,该用户可能是注意到主播鹏鹏的外貌变化，出于关心或调侃询问他是否因为近期户外活动（如云南行）而晒黑了。
56697889278,生活日杂,你不洗吗,0,该用户可能在询问主播是否不打算清洗或处理当前展示的食材（如大黄鱼）。
56697889278,生活日杂,搅拌器,1,该用户可能是在询问或提及直播中展示的搅拌器产品，表达了对该商品的关注或购买意向。
56697889278,生活日杂,必须要放姜片,0,该用户可能在提醒主播或表达自己对烹饪步骤的重视，认为加入姜片是处理食材的必要步骤。
56697889278,生活日杂,大聪明，说错了,0,该用户可能在调侃主播口误或信息错误，以幽默方式指出其表述不准确。
56697889278,生活日杂,下单了,0,该用户想表达的含义是：我已经完成了购买这款大黄鱼产品的交易操作。
56697889278,生活日杂,有枸杞吗,1,该用户可能在询问直播间是否有售卖枸杞产品。
56697889278,生活日杂,讲小故事,0,该用户希望主播分享与产品相关的趣味故事或使用场景来增强吸引力。
56697889278,生活日杂,讲故事了，鹏鹏,0,该用户希望主播鹏鹏继续讲述之前未完成或大家感兴趣的故事内容。
56697889278,生活日杂,等故事,0,该用户是在催促主播继续讲述之前提到的趣味小故事。
56697889278,生活日杂,想买苹果,1,该用户可能是在询问直播中提到的苹果相关信息，表达了对购买苹果产品的兴趣或意向。
56697889278,生活日杂,你这说的都不对，生抽蒸好了再放,0,用户是在纠正主播关于烹饪步骤的错误，指出生抽应该在蒸制完成后才加入。
56697889278,生活日杂,故事,0,该用户是在催促主播继续之前提到的讲故事环节。
56697889278,生活日杂,27米皮上,1,该用户可能是在询问或确认直播中展示的某款商品（如皮制品或食材）的长度是否为27米。
56697889278,生活日杂,一包多少克,1,该用户想了解商品的包装规格或单份含量。
56697889278,生活日杂,什么时候上护肤品？,1,该用户是在询问护肤品产品的上架时间，表现出对直播中即将推出的护肤品有明确的购买意向和期待。
56697889278,生活日杂,不是讲小故事吗,0,该用户是在催促主播赶紧开始之前提到的讲故事环节。
56697889278,生活日杂,小眼带鱼不,0,该用户可能在询问直播中展示的带鱼是否属于小眼品种。
56697889278,生活日杂,讲故事,0,该用户是在催促主播继续之前提到但未完成的故事环节，表达了对直播互动内容的期待而非直接购买兴趣。
56697889278,生活日杂,鹏鹏，不跳一个歹徒舞吗？,0,该用户是在调侃主播鹏鹏，以跳舞为话题活跃气氛，表达对主播才艺展示的期待和互动意愿。
56697889278,生活日杂,鹏鹏儿是黑了哈～,0,该用户是在调侃主播肤色变黑，带有轻松玩笑的语气。
56697889278,生活日杂,舟山浙江的[呲牙],0,该用户可能是以轻松调侃的语气表明自己是舟山或浙江的观众，以此拉近与主播的距离或表达地域认同感。
56697889278,生活日杂,舟山是福建吗,0,该用户可能是对主播提到的“舟山”地理位置不清楚，想确认是否属于福建，以此判断产品的产地或品质。
56697889278,生活日杂,做鱼放姜去腥,0,该用户可能是在纠正或补充主播关于烹饪去腥方法的讲解，强调做鱼时需要放姜来去腥。
56697889278,生活日杂,还没讲防晒变黑的事儿呢,0,该用户是在提醒主播还没讲解防晒产品如何防止晒黑的功能或效果。
56697889278,生活日杂,都想买,1,该用户想表达的含义是：对直播中展示的多个商品都产生了购买欲望。
56697889278,生活日杂,又开始螃蟹了,0,该用户可能是在调侃主播又像之前频繁切换话题一样，突然开始推销螃蟹产品了。
56697889278,生活日杂,好货,1,该用户可能是在称赞直播中展示的商品品质不错，表达了对产品的认可和潜在的购买兴趣。
56697889278,生活日杂,鹏鹏 不是要讲小故事吗,0,该用户是在催促主播鹏鹏按照之前的承诺或观众期待，开始讲述之前提到的小故事环节。
56697889278,生活日杂,宇辉到浙江了[呲牙][呲牙][呲牙][呲牙],0,该用户是在调侃或呼应主播提到的浙江相关话题，表达一种轻松互动的心情。
56697889278,生活日杂,怎么做好吃,1,该用户想询问当前展示的商品（可能是海鲜类食材）的烹饪方法或技巧。
56697889278,生活日杂,好东西,1,该用户想表达的含义是：对当前展示的商品表示认可和赞赏。
56697889278,生活日杂,发现鹏鹏儿还是黑了～哈哈,0,该用户是在调侃主播“鹏鹏儿”肤色变黑，语气轻松幽默，更多是参与直播互动而非表达购买意向。
56697889278,生活日杂,舟山是哪里的？,0,该用户是在询问舟山的地理位置，可能是对直播中提到的舟山特产（如带鱼、螃蟹）产生兴趣，想进一步了解产地信息以便评估是否购买。
56697889278,生活日杂,欢迎宇辉来我们大舟山,0,该用户想表达的含义是：对主播宇辉来到舟山表示欢迎和兴奋。
56697889278,生活日杂,我买过这个带鱼鲜好吃,1,该用户想表达的含义是：我之前购买过这款带鱼，确实非常新鲜美味。  （结合前文语境，直播间在讨论舟山海鲜、烹饪方法等，用户通过分享亲身购买体验，间接认可产品品质，可能隐含推荐或对当前直播内容的积极回应。）
56697889278,生活日杂,今天小黄车里的灭蟑螂的有吗？,1,该用户是在询问直播间当前销售的商品中是否有灭蟑螂产品可供购买。
56697889278,生活日杂,想要威露士的洗衣凝珠,1,该用户表达了明确的购买意向，希望购买威露士品牌的洗衣凝珠产品。
56697889278,生活日杂,我们要听小故事,0,该用户是在催促主播继续之前提到但未完成的趣味故事环节。
56697889278,生活日杂,香煎，红烧，糖醋都好吃,0,该用户想表达的含义是：这种鱼适合多种烹饪方式，让人有购买尝试的欲望。
56697889278,生活日杂,浙江舟山,0,该用户是在确认或强调直播中提到的舟山位于浙江省这一信息。
56697889278,生活日杂,运动鞋,1,该用户可能是在询问或提及直播间正在介绍的运动鞋产品，表达对其感兴趣或想了解更多信息。
56697889278,生活日杂,鹏鹏眼镜蛇舞来一个,0,该用户是在以轻松调侃的方式向主播鹏鹏提出表演眼镜蛇舞的娱乐性请求，本质上是通过互动参与来活跃直播间氛围，而非表达明确的购物意向。
56697889278,生活日杂,云南紫外线强,0,该用户是在暗示主播应该讲解防晒产品，因为云南的高紫外线容易导致皮肤变黑。
56697889278,生活日杂,是什么口味的,1,该用户是在询问直播中展示商品的具体口味信息，表现出对产品的兴趣和潜在的购买意向。
56697889278,生活日杂,广式蒸鱼：水开铺姜丝蒸8分钟+，倒掉鱼碟里的水，淋一圈蒸鱼酱油，放葱丝，最后浇上热油。开吃,0,用户是在分享广式蒸鱼的具体烹饪方法，而非直接表达购买意向。
56697889278,生活日杂,晚上还有云南场吗？,0,该用户是在询问后续是否会有关于云南产品的专场直播，表现出对特定地域商品的持续关注和潜在购买意向。
56697889278,生活日杂,鹏鹏真的好帅,0,该用户是在表达对主播鹏鹏的个人喜爱和关注，而非直接体现购买意向。
56697889278,生活日杂,你又更健康了[呲牙],0,该用户可能是以调侃或玩笑的方式，暗示主播（鹏鹏）的状态或形象看起来比之前更健康（比如气色更好、身材更结实等），并附上表情符号表达轻松友善的语气。
56697889278,生活日杂,带鱼多次回购，干炸很香,1,该用户想表达的含义是：自己多次购买过这款带鱼产品，并用干炸方式烹饪后觉得味道很好。
56697889278,生活日杂,一个研磨瓶是多少克？,1,该用户可能在询问研磨瓶的容量规格，以评估是否适合购买或使用需求。
56697889278,生活日杂,黑了更帅了,0,该用户是在夸赞主播肤色变黑后显得更有魅力。
56697889278,生活日杂,云南的蓝莓真好吃,0,该用户可能是在称赞云南蓝莓的品质，暗示自己对该产品感兴趣或有过购买体验。
56697889278,生活日杂,云南的精油返场吗,1,该用户想询问之前直播中提到的云南精油产品是否会再次上架销售。
56697889278,生活日杂,学霸鹏[爱心],0,该用户是在表达对主播“学霸鹏”的喜爱和支持，可能被其个人魅力或才艺展示所吸引。
56697889278,生活日杂,外场记得防晒,0,该用户可能在提醒主播或观众注意云南场直播时的户外防晒，间接表达对云南相关产品的兴趣或对直播内容的关注。
56697889278,生活日杂,灭蟑螂的还有吗,1,该用户是在询问直播间是否还有灭蟑螂产品在售。
56697889278,生活日杂,鹏鹏上播啦,0,该用户是在表达对主播“鹏鹏”出场的热烈欢迎和喜爱之情。
56697889278,生活日杂,到浙江就放心了,0,该用户可能认为直播间的商品质量有地域保障，对浙江产地的产品表示信任和放心。
56697889278,生活日杂,内脏去了吗,0,该用户可能在询问直播中展示的海鲜产品是否已经完成去内脏的处理步骤。
56697889278,生活日杂,吃胖点鹏,0,该用户可能是用谐音调侃主播“鹏鹏”多吃点长胖些，表达一种轻松友好的互动意图。
56697889278,生活日杂,还好云南结束了,0,该用户想表达的含义是：庆幸直播中关于云南的环节已经结束，可能因为对此不感兴趣或已获得所需信息。
56697889278,生活日杂,还有云南蓝莓吗？,1,该用户想询问直播间是否还有云南蓝莓的库存可供购买。
56697889278,生活日杂,辉辉IP是浙江了，抖音个人号也报平安了，大家都平安喜乐哈,0,该用户是在确认主播辉辉的安全状况后，表达对全体人员平安的欣慰与祝福。
56697889278,生活日杂,还有云南蓝莓么,1,该用户是在询问直播间是否还有云南蓝莓的库存可供购买。
56697889278,生活日杂,很好吃,1,该用户想表达的含义是：对直播中提到的云南蓝莓或其他食品表示认可和喜爱。
56697889278,生活日杂,主播下午好,0,该用户可能是想通过问候主播来拉近距离，同时暗示自己刚进入直播间并关注当前直播动态。
56697889278,生活日杂,买过多次,0,该用户想表达的含义是：自己是该产品的老顾客，对其品质和体验有持续认可。
56697889278,生活日杂,去云南居然不涂防晒霜,0,该用户是在调侃主播在云南不注意防晒导致皮肤变黑，同时隐含对云南强烈紫外线的关注。
56697889278,生活日杂,有鸡胸肉吗？,1,该用户可能在询问直播间是否售卖鸡胸肉产品，表现出对这类商品的潜在购买兴趣。
56697889278,生活日杂,我现在正在吃咱直播间买的带鱼段,0,该用户想表达的含义是：对之前购买的直播间产品表示满意并正在享用。
56697889278,生活日杂,红塔的云腿小饼太好吃了，买少了,1,该用户后悔购买的红塔云腿小饼数量不足，暗示有复购或加单的意愿。
56697889278,生活日杂,马蹄在几号链接？马蹄在几号链接？,1,该用户急切想知道直播中售卖的马蹄产品对应的商品链接编号。
56697889278,生活日杂,那就好，平安就好,0,该用户是在得知主播已安全抵达浙江后，表达对主播行程安全的欣慰与关切。
56697889278,生活日杂,有没有儿童成长奶粉,1,该用户是在询问直播间是否售卖适合儿童发育阶段的奶粉产品，表现出明确的购买意向。
56697889278,生活日杂,鹏鹏[一起加油][一起加油][一起加油][一起加油][一起加油][一起加油][一起加油][一起加油][一起加油][一起加油][一起加油][一起加油][一起加油][一起加油][一起加油][一起加油][一起加油][一起加油][一起加油][一起加油][一起加油][一起加油][一起加油][一起加油][一起加油][一起加油][一起加油]吖,0,该用户想表达的含义是：热情支持主播鹏鹏并为其加油打气。  （结合前文弹幕中频繁出现对主播的关心（如“吃胖点鹏”“平安就好”）和互动氛围，可推断此弹幕是通过重复表情符号强化情感，表达对主播的积极鼓励，而非直接购买意向。）
56697889278,生活日杂,没休息，又上班了？,0,该用户想表达的含义是：对主播连续工作未休息的关切和问候。
56697889278,生活日杂,今天有宇辉讲坛吗？,0,该用户可能在询问直播间的特定内容环节（宇辉讲坛）是否会在当天播出，表现出对直播节目安排的关注和期待。
56697889278,生活日杂,竹笋也买了，买回去做清明粿,0,该用户想表达自己已经购买了竹笋，并打算用来制作传统食品清明粿。
56697889278,生活日杂,还在云南吗？,0,该用户可能在询问主播是否仍在云南进行直播带货活动，暗示对云南相关产品的持续关注或购买意向。
56697889278,生活日杂,下次阅山河去哪呀,0,该用户是在询问主播团队下一次直播选品或旅行的目的地，表现出对后续内容的期待和参与兴趣。
56697889278,生活日杂,灭蟑螂的还有吗,1,"该用户想询问直播间是否还有灭蟑螂产品在售。  （解析：结合前文弹幕中频繁出现的商品询问句式（如""还有云南蓝莓吗""""有鸡胸肉吗""），可判断当前直播处于商品互动环节，用户以同类句式直接表达对特定商品的购买意向。）"
56697889278,生活日杂,依然帅～,0,该用户可能在夸赞主播或产品的状态/形象保持得很好，带有轻松友好的互动意味，但未直接表达购买意向。
56697889278,生活日杂,鹏鹏，我想看你跳歹徒舞,0,该用户可能是主播的粉丝，通过提出娱乐性互动请求（如跳舞）来表达对主播的喜爱或活跃直播间氛围，而非直接的商品购买意向。
56697889278,生活日杂,辉辉IP是浙江了，抖音个人号也报平安了，大家都平安喜乐哈,0,该用户是在关心主播辉辉的近况并表达对大家平安的祝愿，属于社交互动而非购买意向的表达。
56697889278,生活日杂,有芒果吗,1,该用户是在询问直播间是否有芒果商品在售，表现出对购买芒果的兴趣。
56697889278,生活日杂,鱼冰多吗,1,该用户是在询问直播间所售鱼类产品中冰衣的厚度或含冰量是否较多。
56697889278,生活日杂,彪哥到浙江了,0,该用户是在确认主播“彪哥”的行程动态，暗示对主播当前所在地的关注或对其后续直播内容的期待。
56697889278,生活日杂,有锅吗,1,该用户是在询问直播间是否售卖锅具产品。
56697889278,生活日杂,2号的玉米生的熟的,1,该用户是在询问2号链接的玉米是即食熟玉米还是需要烹饪的生玉米，以确认产品属性是否符合自己的需求。
56697889278,生活日杂,可以,0,该用户可能是在简短回应主播关于某商品是否合适的询问，表示认可或同意购买。
56697889278,生活日杂,苹果5斤带大概多少个？,1,该用户想询问直播中售卖的5斤装苹果大约包含多少个果实。
56697889278,生活日杂,马蹄没有了吗？,1,该用户是在询问直播间售卖的马蹄产品是否已经售罄或下架。
56697889278,生活日杂,鹏鹏优秀可爱[爱心][爱心][爱心]鹏鹏优秀可爱[爱心][爱心][爱心]鹏鹏优秀可爱[爱心][爱心][爱心],0,"该用户通过重复夸赞主播并搭配爱心表情，主要表达对主播""鹏鹏""的强烈喜爱和支持，属于情感互动而非直接购买意向。"
56697889278,生活日杂,苹果我买过美好吃的,1,该用户想表达的含义是：我之前买过这种苹果，味道确实不错。  （结合前文弹幕中关于产品询问和购买意向的讨论，用户通过分享自身购买体验，间接认可商品品质，可能隐含推荐或再次购买的倾向。）
56697889278,生活日杂,芒果,1,该用户可能在询问直播间是否有芒果商品在售或相关优惠信息。
56697889278,生活日杂,啥时候能有吕四带鱼,1,该用户是在询问直播间是否会上架吕四产地的带鱼产品，表达了对该商品的购买意向和期待。
56697889278,生活日杂,主播，有鳕鱼肠吗？有鳕鱼肠吗？有鳕鱼肠吗？,1,该用户迫切询问直播间是否有鳕鱼肠库存，表现出强烈的购买意向。
56697889278,生活日杂,想要之前八十多块的小眼带鱼,1,该用户想表达的是对之前直播中售价80多元的小眼带鱼有购买意向，希望主播能再次上架或提供购买链接。
56697889278,生活日杂,苹果还有吗？,1,该用户是在询问直播间是否还有苹果库存可供购买。
56697889278,生活日杂,洋葱辣吗？,1,该用户可能在询问洋葱的辣度以评估是否符合自己的口味偏好或购买需求。
56697889278,生活日杂,我正好在吃苹果，很好吃的，脆爽，多汁，甜甜的,1,该用户通过分享自己正在品尝苹果的愉悦体验，间接表达了对直播间所售苹果品质的认可和潜在购买意向。
56697889278,生活日杂,又掉水里的,0,该用户可能是在询问之前提到的某种易掉落或易损坏的商品（如水果、海鲜等）是否又出现了质量问题或运输损耗。
56697889278,生活日杂,苹果最好细盐洗洗苹果皮吃着好,0,该用户想表达的含义是：建议购买苹果后先用细盐清洗果皮再食用，这样更健康美味。
56697889278,生活日杂,炒鸡蛋炒肉,1,该用户可能在询问直播间是否有炒菜用的鸡蛋和肉类食材出售。
56697889278,生活日杂,特种兵式阅山河,0,"该用户可能在用夸张的比喻表达自己快速浏览或抢购商品的兴奋感，类似""走马观花式扫货""的戏谑说法。"
56697889278,生活日杂,洋葱炒鸡蛋,1,该用户可能在询问直播间是否有洋葱或鸡蛋售卖，或是想了解用这些食材制作的菜品相关情况。
56697889278,生活日杂,是今年的吗？,1,该用户可能在询问直播中展示的商品（如水果、海鲜等）是否为当季新鲜产品。
56697889278,生活日杂,拌卤肉吃,1,该用户可能在询问或建议某种食材（如卤肉）的搭配食用方式，暗示对相关产品的潜在兴趣。
56697889278,生活日杂,看起来不错,1,该用户可能对当前展示的商品产生了初步好感，暗示有潜在购买意向。
56697889278,生活日杂,凉拌太冲了,0,该用户可能是在评价直播中展示的某款凉拌菜口味过于辛辣刺激，暗示不太符合自己的喜好或接受度。
56697889278,生活日杂,鹏鹏这紫皮洋葱产地哪里,1,该用户想询问主播展示的紫皮洋葱的具体产地信息，可能出于对产品品质或地域特色的关注。
56697889278,生活日杂,洋葱生吃呛不呛,0,该用户想询问生吃洋葱时是否会因辛辣刺激导致不适，以评估是否适合购买或食用。
56697889278,生活日杂,宇辉IP在浙江了,0,该用户可能是在询问或确认主播“宇辉”是否已到达浙江地区，暗示对其行程或相关商品（如浙江特产）的关注和兴趣。
56697889278,生活日杂,炒鸡蛋,1,该用户可能在询问主播是否有适合用来炒鸡蛋的食材（如洋葱或其他配菜），或是联想到之前弹幕中提到的“洋葱炒鸡蛋”而随口提及这一家常菜。
56697889278,生活日杂,生的凉拌,0,该用户可能是在询问主播展示的洋葱是否可以生吃凉拌，或是表达对生拌洋葱口感的兴趣或顾虑。
56697889278,生活日杂,生吃可以的，洋葱,0,该用户想表达的含义是：询问主播这款洋葱是否适合直接生食。  （结合前文弹幕中多次提及洋葱的吃法（如凉拌、炒鸡蛋）、口感（辣不辣、呛不呛）及产地信息，可推断用户关注点在于洋葱的生食可行性，可能是出于对辛辣程度的顾虑或特定食用需求。）
56697889278,生活日杂,生切凉半,0,该用户想表达的含义是：询问洋葱是否可以生切成凉拌菜食用。  （结合前文弹幕中频繁讨论洋葱的吃法，如“生吃”“凉拌”“呛不呛”等，推测用户关注的是洋葱的生食处理方式，并试图确认其可行性。）
56697889278,生活日杂,凉拌不用烫,0,该用户想表达的意思是：洋葱可以直接凉拌食用，不需要事先焯水处理。
56697889278,生活日杂,不发货,0,该用户可能是在询问或抱怨之前下单的商品迟迟未发货。
56697889278,生活日杂,生吃洋葱，有抗氧化作用,0,该用户想表达的含义是：推荐生吃洋葱，因为这种吃法能带来抗氧化的健康益处。
56697889278,生活日杂,生切凉拌,0,该用户想表达的含义是：询问或建议将洋葱生切后直接凉拌的食用方式是否可行或美味。
56697889278,生活日杂,炝拌洋葱好吃,0,该用户是在询问或确认炝拌洋葱这道菜的口感和风味是否令人满意。
56697889278,生活日杂,宇辉到浙江了，大家放心吧,0,该用户想表达的含义是：告知大家主播宇辉已经抵达浙江，让关注他行程的观众们安心。
56697889278,生活日杂,洋葱肥牛卷好吃[呲牙][呲牙][呲牙],1,该用户通过积极的表情符号和具体菜品搭配，表达了对洋葱肥牛卷这一产品的强烈兴趣和认可，暗示有购买或尝试的意愿。
56697889278,生活日杂,是今年挖的吗？,1,该用户是在询问直播中展示的紫皮洋葱是否为当季新挖的农产品，以此判断新鲜度和购买价值。
56697889278,生活日杂,切了直接拌,0,该用户想表达的含义是：建议将洋葱直接切好后进行凉拌食用。
56697889278,生活日杂,生吃很不错,0,该用户认为洋葱适合直接生食，并认可这种吃法的口感或营养价值。
56697889278,生活日杂,小西红柿有吗,1,该用户是在询问直播间是否有售卖小西红柿这款商品。
56697889278,生活日杂,拌卤肉，解腻,0,该用户可能是想询问或建议将洋葱与卤肉搭配食用以缓解油腻感。
56697889278,生活日杂,云南洋葱甜口，水份大,1,该用户是在询问或确认云南洋葱的口感特点是否适合生吃或凉拌。
56697889278,生活日杂,跟卤牛肉一起凉拌,0,该用户想表达的含义是：建议将洋葱与卤牛肉搭配凉拌食用。
56697889278,生活日杂,泡水的玫瑰花有吗,1,该用户是在询问直播间是否有售卖可用来泡水的玫瑰花产品。
56697889278,生活日杂,有锅吗,1,该用户是在询问直播间是否有售卖锅具，可能是看到其他观众讨论烹饪方法后产生了购买厨具的需求。
56697889278,生活日杂,结束了么,0,该用户可能是在询问直播活动是否已经接近尾声，担心错过后续的商品介绍或购买机会。
56697889278,生活日杂,宇辉ip在浙江了,0,该用户想表达的含义是：确认主播宇辉当前所在地为浙江，可能是出于对其行程的关注或对直播内容的期待。
56697889278,生活日杂,想要之前八十多块钱的小眼带鱼,1,该用户想表达的是对之前直播中提到的80多元价位的某款小眼带鱼产品有明确的购买意向。
56697889278,生活日杂,怎么怎么多春鱼云南不可以买呀,0,该用户可能是想询问为什么云南产的多春鱼无法购买，表达了对该商品的购买意愿或对地域限制的疑惑。
56697889278,生活日杂,烤肉时拌肉,0,该用户可能在询问烤肉时搭配的拌肉食材或调料是否有售。
56697889278,生活日杂,辽宁不发货啊,0,该用户因所在地（辽宁）不在商家的发货范围内而感到失望，暗示自己原本有购买意愿但受物流限制无法实现。
56697889278,生活日杂,鲜花饼什么时候有,1,该用户是在询问直播间何时会上架或补货鲜花饼这款产品，表达了对该商品的购买意向和关注。
56697889278,生活日杂,炒锅有吗,1,该用户是在询问直播间是否有炒锅这款商品在售。
56697889278,生活日杂,辉辉什么时候卖莓茶,1,该用户是在询问主播何时会上架莓茶产品，表现出明确的购买意向和对该商品的兴趣。
56697889278,生活日杂,宇辉去浙江了,0,该用户是在确认主播宇辉的行程动向，表达对其行踪的关注而非直接的购买意向。
56697889278,生活日杂,保存时间长么,1,该用户是在询问商品的保质期，可能是出于对储存条件和食用时间安排的考虑。
56697889278,生活日杂,介绍下带鱼,1,该用户想表达的含义是：请详细讲解一下带鱼的产品信息或购买选项。
56697889278,生活日杂,五斤大概几个？,1,该用户想询问商品五斤装的大致数量或分量。
56697889278,生活日杂,洋葱可以放很久,0,该用户是在询问或确认洋葱的储存期限是否较长，以评估其购买后的实用性。
56697889278,生活日杂,宇辉到杭州了,0,该用户是在询问或确认主播“宇辉”是否已经抵达杭州，可能出于对后续直播行程或商品上架的关注。
56697889278,生活日杂,宇辉到浙江了,0,该用户是在询问或确认主播“宇辉”是否已经抵达浙江，可能出于对其行程的关注或期待相关产品的推广。
56697889278,生活日杂,炒牛肉片,1,该用户可能在询问直播间是否有炒牛肉片相关的食材或菜品推荐。
56697889278,生活日杂,青少年洗发水有吗？,1,该用户是在询问直播间是否有适合青少年使用的洗发水产品。
56697889278,生活日杂,鹏鹏幽默[呲牙],0,该用户是在夸赞主播鹏鹏的幽默风格，表达了对直播氛围的喜爱和轻松愉悦的观看体验。
56697889278,生活日杂,切一个看一下,1,该用户可能是想让主播现场切开展示商品（如带鱼或多春鱼）的实物状态或品质。
56697889278,生活日杂,今天怎么不上奶呢,1,该用户是在询问为什么今天没有售卖牛奶或奶制品。
56697889278,生活日杂,不辣眼睛么,0,该用户可能是在询问产品（如眼霜或眼部护理产品）是否会对眼睛产生刺激或不适感。
56697889278,生活日杂,会的，不要切,0,该用户希望主播继续展示当前商品，不要切换到其他产品。
56697889278,生活日杂,怎么多春鱼云南昆明不能买呀,0,该用户因所在地区无法购买多春鱼而感到疑惑和不满。
56697889278,生活日杂,怎么都不发辽宁,0,该用户可能是看到其他地区无法发货的弹幕后，担心自己所在的辽宁地区也无法购买商品，因而询问是否支持发往辽宁。
56697889278,生活日杂,青苹果还有么,1,该用户想询问直播间是否还有青苹果库存可供购买。
56697889278,生活日杂,戴眼镜还好,0,该用户可能是在询问或评论直播中展示的某款产品（如眼镜或相关配饰）的佩戴效果是否舒适或美观。
56697889278,生活日杂,哈哈,0,该用户可能是被直播间的幽默互动逗乐，用“哈哈”表达轻松愉快的情绪。
56697889278,生活日杂,云南的菜市场洋葱也要2.5-3元一斤，与辉同行这里好便宜,1,该用户通过对比云南当地市场价格，突出直播间洋葱价格的实惠，间接表达了购买意愿。
56697889278,生活日杂,宇辉到浙江了，放心了,0,该用户是在表达对主播宇辉行程的关注和安心，暗示自己因为主播到达浙江而对直播内容或商品供应感到放心。
56697889278,生活日杂,小心一会哭,0,该用户可能在调侃或提醒主播注意后续可能出现的情感波动或意外状况。
56697889278,生活日杂,我见到你的心是红色的[呲牙][呲牙][呲牙][呲牙][呲牙],0,该用户可能在用幽默夸张的方式表达对主播或直播内容的喜爱和兴奋，比如暗示自己因看到主播而心跳加速（“心是红色的”），结合表情符号的重复使用更凸显了轻松调侃的互动意图。
56697889278,生活日杂,等的看你流泪[呲牙][呲牙][呲牙],0,该用户是在调侃主播（可能是宇辉）情绪激动时会流泪，用戏谑的表情符号表达轻松友好的围观心态。
56697889278,生活日杂,要流泪了,0,该用户是在调侃主播切洋葱时被熏到流泪的场景，表达一种轻松幽默的围观心态。
56697889278,生活日杂,胡鹏鹏，帅气,0,该用户是在夸赞主播胡鹏鹏的外表有魅力，表达对主播的喜爱和支持。
56697889278,生活日杂,准备开工了,0,该用户可能是在表达对直播中展示的某款工具或工作相关产品的兴趣，暗示自己正打算购买并使用它来开始某项任务。
56697889278,生活日杂,东北不发货[流泪],0,该用户因所在地区（东北）无法购买直播间的商品而感到遗憾和失望。
56697889278,生活日杂,来，眼镜拿掉，切时靠近点哈,0,用户希望主播摘掉眼镜并更近距离展示产品细节。
56697889278,生活日杂,梗王哈哈哈哈,0,该用户是在调侃主播的幽默表现，表达被逗乐的互动情绪而非购买意向。
56697889278,生活日杂,这个辣吗,1,该用户是在询问直播中展示的商品（可能是食品）的辣度程度。
56697889278,生活日杂,水中切,0,该用户可能是在提醒主播切洋葱时可以将刀沾水以防辣眼睛。
56697889278,生活日杂,鹏鹏准备啃一口么,0,该用户可能在调侃或期待主播尝试展示中的食物，带有互动和观望的意味。
56697889278,生活日杂,我们都是生吃,0,该用户可能是在调侃或附和主播展示的某种食材（如水果、蔬菜）的食用方式，暗示他们习惯直接生吃而非加工。
56697889278,生活日杂,眼镜取了[呲牙],0,该用户可能是想配合主播的互动要求或调侃自己摘掉眼镜的动作，表达一种轻松参与的状态。
56697889278,生活日杂,辽宁省阜新市不支持送货,0,"该用户想表达的含义是：因为所在地区不在配送范围内而感到遗憾。  （结合前文语境，此前已有""东北不发货""""怎么都不发辽宁""等类似弹幕，说明直播间存在区域性配送限制问题，用户是在确认自己所在地是否被覆盖，并隐含因无法购买而产生的失望情绪。）"
56697889278,生活日杂,视频的银耳有上吗,1,该用户是在询问直播中提到的银耳产品是否已经上架销售。
56697889278,生活日杂,辣眼睛,0,该用户是在调侃主播切洋葱时被辣到流泪的滑稽场面。
56697889278,生活日杂,要流泪了流泪了流泪了[流泪][流泪][流泪][流泪][流泪],0,该用户是在调侃直播中切洋葱导致流泪的场景，用夸张的表情符号表达对现场搞笑氛围的共鸣。
56697889278,生活日杂,紫皮洋葱挺好,1,该用户可能是在认可直播中展示的紫皮洋葱品质不错，同时暗示有购买意向。
56697889278,生活日杂,我喜欢生吃，或是炒半熟的,0,该用户可能在表达对直播中展示的食材（如洋葱）的食用偏好，倾向于生食或轻微烹饪的吃法。
56697889278,生活日杂,鹏鹏下午好,0,该用户是在以打招呼的方式与主播互动，表达对主播的关注和友好态度。
56697889278,生活日杂,新鲜汁水多,1,该用户是在称赞直播中展示的农产品（可能是洋葱）品质优良、口感爽脆多汁。
56697889278,生活日杂,有些洋葱脆甜，不冲鼻子，生吃很好吃的,0,该用户是在认可主播展示的洋葱品质，并分享自己的食用体验来间接表达购买意向。
56697889278,生活日杂,怎样切都行,0,该用户想表达的含义是：无论采用哪种切洋葱的方法都可以接受或尝试。
56697889278,生活日杂,横切洋葱圈,0,该用户是在询问主播展示的洋葱是否可以横向切成圈状以便食用或烹饪。
56697889278,生活日杂,切丝,0,该用户想表达的含义是：询问主播是否正在演示切洋葱丝的方法。
56697889278,生活日杂,我喜欢生吃,0,该用户想表达自己对生吃洋葱的偏好，认为这种吃法能保留原味且口感更佳。
56697889278,生活日杂,东北下周一就暖和了能邮寄了,0,该用户想表达的含义是：东北地区下周天气转暖后可以正常收货，暗示自己有意购买商品。
56697889278,生活日杂,泪流满面,0,该用户是在调侃洋葱的刺激性气味让自己流泪，并非真正表达悲伤情绪。
56697889278,生活日杂,想怎么吃就怎么切,0,该用户想表达的含义是：洋葱的切法可以根据个人喜好自由选择。
56697889278,生活日杂,哪个大城市的，切洋葱都不会,0,该用户是在调侃主播切洋葱的手法生疏，暗示其缺乏生活常识或烹饪经验。
56697889278,生活日杂,根没切,0,该用户想表达的含义是：洋葱的根部没有切除干净。
56697889278,生活日杂,得把底部切掉,0,该用户是在讨论切洋葱的技巧，认为应该先切除洋葱的根部以避免刺激眼睛。
56697889278,生活日杂,用开水一烫，凉拌,0,该用户是在讨论洋葱的食用方法，建议用开水焯烫后凉拌食用。
56697889278,生活日杂,把尾巴去了,0,该用户是在建议处理洋葱时需要切除根部（即“尾巴”部分）以便于烹饪或食用。
56697889278,生活日杂,糟蹋了[流泪][流泪],0,该用户是在感叹切洋葱时被辣到眼睛流泪的难受体验。
56697889278,生活日杂,还没哭呢,0,该用户是在调侃自己切洋葱时还没被辣到流泪，与前面其他观众抱怨洋葱刺激眼睛的弹幕形成反差幽默。
56697889278,生活日杂,这是中果还是大果,1,该用户想询问直播中展示的洋葱具体属于中等大小还是较大的规格。
56697889278,生活日杂,等着看鹏鹏流眼泪[呲牙][呲牙][呲牙],0,该用户是在调侃主播切洋葱时会被辣到流泪的场景，以轻松玩笑的语气表达对直播内容的关注和互动兴趣。
56697889278,生活日杂,把根切掉呀[呲牙][呲牙][呲牙],0,该用户是在调侃主播切洋葱时未彻底去除根部，以幽默口吻提醒正确处理方法。
56697889278,生活日杂,头都没切掉,0,该用户是在提醒主播切洋葱时没有彻底去除根部。
56697889278,生活日杂,把跟切掉,0,该用户是在提醒主播切洋葱时需要将根部彻底切除。
56697889278,生活日杂,果然不会做饭,0,该用户是在调侃主播切洋葱的手法生疏，暗示对方缺乏下厨经验。
56697889278,生活日杂,洋葱炒鸡蛋，炒肉，做咖喱饭，生吃,0,该用户想表达的含义是：列举洋葱的多种烹饪方式以展示其购买后的使用价值。
56697889278,生活日杂,洋葱炒肉[爱心],0,该用户想表达的含义是：对洋葱炒肉这道菜很感兴趣或喜爱。
56697889278,生活日杂,戴着眼镜,0,该用户可能是在调侃主播切洋葱时没戴眼镜导致流泪，暗示操作不当或制造幽默效果。
56697889278,生活日杂,根切掉,0,该用户是在提醒主播或其他人处理洋葱时需要将根部切除，可能是为了示范正确的烹饪步骤或避免切洋葱时流泪。
56697889278,生活日杂,洋葱很耐放，这里比菜市场便宜多了,1,该用户认为直播间的洋葱性价比高且储存方便，暗示有购买意愿。
56697889278,生活日杂,因为他戴了眼镜,0,该用户是在调侃主播戴眼镜切洋葱时不会流泪，暗示洋葱的刺激性不够强。
56697889278,生活日杂,冰箱里这样切炒着吃好，凉拌就横着切,0,该用户是在讨论洋葱的不同切法对应不同烹饪方式（竖切适合炒菜，横切适合凉拌），属于烹饪技巧的分享而非直接购买意向的表达。
56697889278,生活日杂,两头切掉,0,该用户是在建议处理洋葱时需要将首尾两端都切除，以确保烹饪时的口感和卫生。
56697889278,生活日杂,哈哈,0,"该用户可能是被直播间的互动氛围感染，用""哈哈""表达对主播或观众幽默评论的轻松回应和愉悦情绪。"
56697889278,生活日杂,根须不切？老外,0,该用户是在疑惑主播为何不按照其他观众建议的常规做法切除洋葱根须，并以调侃语气指出这一操作不符合常理（可能暗指主播像外国人一样不熟悉本土烹饪习惯）。
56697889278,生活日杂,戴眼镜 没效果,0,该用户可能是想表达“戴着眼镜切洋葱还是被熏到流泪，这个方法不管用”。（结合前文关于切洋葱时戴眼镜防流泪的讨论语境）
56697889278,生活日杂,平底锅有不,1,该用户是在询问直播间是否有平底锅这一商品在售。
56697889278,生活日杂,大果和中果分别多大,1,"该用户想询问直播中提到的不同规格洋葱（大果和中果）的具体尺寸差异，以便做出购买选择。  （解析：结合前文弹幕中频繁提及洋葱的切法、用途及规格（""中果还是大果""），且出现价格对比信息，可推断当前直播在推销洋葱。用户提问聚焦产品规格细节，是典型的购买决策前对商品参数的确认需求。）"
56697889278,生活日杂,你倒是剥一下皮呀,0,该用户是在催促主播展示洋葱去皮的操作步骤，可能是出于学习烹饪技巧或验证产品易用性的目的。
56697889278,生活日杂,不是这样切的,0,该用户是在纠正主播切洋葱的方式不对，认为应该按照正确的方法处理根部或头尾部分。
56697889278,生活日杂,欲哭无泪,0,该用户可能是在调侃主播处理洋葱时被辣到眼睛却强忍泪水的滑稽场面。
56697889278,生活日杂,鹏别切了辣眼睛,0,该用户是在吐槽主播切洋葱的方式不当，导致洋葱汁液刺激眼睛，看起来让人难受。
56697889278,生活日杂,洋葱炒一切肉,0,该用户想表达的含义是：洋葱是一种百搭食材，适合与各种肉类一起烹饪。
56697889278,生活日杂,别逞能,0,该用户可能是在提醒主播不要为了展示技巧而勉强处理洋葱（导致辣眼睛等不适），建议适可而止或换种方式操作。
56697889278,生活日杂,尾巴也要先切掉，然后再切,0,该用户是在提醒主播处理洋葱时应该先切除根部（即“尾巴”），然后再进行后续的切配步骤。
56697889278,生活日杂,别切了,0,该用户可能是想让主播停止继续切洋葱的动作，因为切洋葱容易刺激眼睛流泪。
56697889278,生活日杂,宇辉到浙江了,0,该用户可能是在调侃或提醒主播当前直播内容（切洋葱）与主播宇辉的行踪（到浙江）无关，暗示话题跑偏了。
56697889278,生活日杂,戴眼镜了,0,该用户可能是在调侃主播戴眼镜的形象或质疑戴眼镜对直播效果的影响。
56697889278,生活日杂,趴着切，别切着手,0,该用户是在提醒主播注意切洋葱时的安全姿势，避免因姿势不当而伤到手。
56697889278,生活日杂,哈哈，鹏鹏一看就不咋做饭,0,该用户是在调侃主播鹏鹏切洋葱时笨拙生疏的动作，暗示他平时很少下厨做饭。
56697889278,生活日杂,拍不了,1,该用户可能是在尝试参与直播间的互动或购买商品时遇到了操作障碍，无法完成下单或参与活动。
56697889278,生活日杂,鹏鹏不要难过了[呲牙],0,该用户是在用调侃的语气安慰主播鹏鹏，让他别为之前切菜不熟练的尴尬表现而介怀。
56697889278,生活日杂,尝一下，有的有甜味,0,该用户可能是在调侃主播切洋葱时流泪的样子，暗示洋葱的辛辣味让人误以为有甜味，带有幽默和互动的意图。
56697889278,生活日杂,我喜欢的紫皮洋葱,0,该用户可能是在看到主播展示或讨论紫皮洋葱时，表达对这种食材的偏好或购买意向。
56697889278,生活日杂,把葱头和尾切掉,0,该用户是在吐槽主播切洋葱的方式不对，建议先去掉头尾部分再处理。
56697889278,生活日杂,鹏鹏,0,该用户是在用昵称亲切地称呼主播，表达对主播当下手忙脚乱状态的调侃或安慰。
56697889278,生活日杂,用水冲一下 就不辣眼睛,0,该用户是在调侃主播切洋葱时被辣到眼睛，建议用水冲洗来缓解不适。
56697889278,生活日杂,看来你的眼睛没有镜片啊,0,该用户是在调侃主播戴眼镜却依然被洋葱辣到眼睛的滑稽表现。
56697889278,生活日杂,点个蜡烛,0,该用户可能是在用幽默的方式表达对主播切洋葱时被辣到眼睛的同情或调侃。
56697889278,生活日杂,流眼泪了不,0,该用户是在调侃主播切洋葱时被辣到流泪的狼狈样子，表达一种幽默的关心。
56697889278,生活日杂,看看中果大果的大小区别,1,该用户想表达的含义是：希望主播展示不同规格产品的实物对比以便做出购买选择。
56697889278,生活日杂,刀湿下水,0,该用户想表达的含义是：建议在切洋葱时先将刀沾湿再下水处理，以避免辣眼睛。
56697889278,生活日杂,我以为让你身体趴着切,0,该用户是在调侃主播切洋葱的姿势，暗示应该趴着切以避免辣眼睛。
56697889278,生活日杂,小的有多大,0,该用户想询问直播中展示的商品（可能是洋葱或其他农产品）的最小尺寸规格是多少。
56697889278,生活日杂,怎么切都辣,0,该用户想表达的含义是：无论用什么方法切洋葱都会感到辣眼睛。
56697889278,生活日杂,一看都不会做饭,0,该用户是在调侃主播动作生疏，暗示对方缺乏下厨经验。
56697889278,生活日杂,开火 在火旁边切,0,该用户是在调侃主播切洋葱时被辣到流泪，建议点燃蜡烛或靠近火源以减少刺激性气味。
56697889278,生活日杂,切了就放水里,0,该用户是在建议主播将切好的洋葱立即放入水中浸泡，以避免辣眼睛。
56697889278,生活日杂,是今年的新葱心吗,1,该用户是在询问直播中展示的洋葱是否为当季新鲜品种。
56697889278,生活日杂,要一气呵成,0,该用户可能是在鼓励主播流畅地完成切洋葱的步骤，避免中途停顿导致辣眼睛。
56697889278,生活日杂,孩子切着玩儿呢,0,"该用户是在调侃主播切洋葱时手忙脚乱的样子，暗示孩子来切都比主播熟练（或不会流泪）。  （解析：结合前文弹幕中大量关于切洋葱技巧、辣眼睛的互动，以及""一看都不会做饭""等调侃，该弹幕并非真实指代儿童行为，而是用夸张对比讽刺主播操作生疏，延续了直播间轻松吐槽的氛围。）"
56697889278,生活日杂,宇辉到浙江了，鹏鹏激动的哭了,0,该用户是在调侃主播鹏鹏因切洋葱被辣到流泪的场面，并借主播宇辉到浙江的由头制造幽默效果，暗示鹏鹏的眼泪并非因为激动而是切洋葱所致。
56697889278,生活日杂,泡一下水好一些,0,该用户是在建议将洋葱浸泡在水中以减少切时辣眼睛的刺激感。
56697889278,生活日杂,闭眼切,0,该用户想表达的含义是：直接快速地把洋葱切开不要犹豫。
56697889278,生活日杂,放碗水,0,该用户是在建议将切好的葱放入水中浸泡以减轻辣眼刺激。
56697889278,生活日杂,放在水龙头下切,0,该用户是在建议将洋葱放在流动的水龙头下切，以减少辣眼刺激。
56697889278,生活日杂,一看就是没做过饭的选手,0,该用户是在调侃主播的切菜手法生疏，暗示其缺乏下厨经验。
56697889278,生活日杂,刀上沾水,0,该用户想表达的含义是：建议在切菜时先将刀具浸湿以避免辣眼。  （结合前文弹幕中关于“辣眼”“切葱”“泡水”等讨论，可推断用户是针对切刺激性食材的实用技巧补充，强调刀具沾水的操作细节。）
56697889278,生活日杂,放水里洗一下 鹏鹏,0,该用户是在建议主播将刀具或食材浸水后再处理，以缓解切葱时的辣眼问题。
56697889278,生活日杂,切了立刻放水里,0,该用户是在建议主播将切好的食材立刻浸泡在水中以防止辣味扩散或保持新鲜。
56697889278,生活日杂,旁边放一碗水,0,该用户是在建议将切好的葱或辣椒放入旁边准备好的水碗中以防止辣手或保持食材新鲜。
56697889278,生活日杂,蘸点水切就不辣眼,0,该用户想表达的含义是：建议在切葱时让刀具保持湿润可以缓解辣眼睛的情况。
56697889278,生活日杂,水里泡一会儿就不太辣了,0,该用户想表达的含义是：将洋葱浸泡在水中可以有效减轻其刺激性辣味。
56697889278,生活日杂,戴上眼睛,0,该用户想表达的含义是：建议切洋葱时戴上护目镜或眼镜来防止辣眼睛。
56697889278,生活日杂,刀沾水再切，不会辣眼睛,0,该用户是在分享防止切葱时辣眼睛的小技巧，建议将刀沾湿后再切可以缓解刺激。
56697889278,生活日杂,沾水切,0,该用户是在建议切葱时先将刀具沾水以防止辣眼睛。
56697889278,生活日杂,旁边放一盆清水,0,该用户是在建议切葱时在旁边准备一盆清水，以防止辣眼睛。
56697889278,生活日杂,旁边放一盆水,0,该用户是在建议切葱时在旁边准备一盆水来缓解辣眼睛的情况。
56697889278,生活日杂,啥时候再卖自行车啊？,1,该用户想表达的含义是：询问直播间何时会再次上架自行车商品以供购买。
56697889278,生活日杂,放水里切,0,该用户是在建议将洋葱等刺激性食材浸泡或置于水中切割以避免辣眼睛。
56697889278,生活日杂,孩子，你们被爱包围了，怎么哭的出来。[呲牙][呲牙][呲牙],0,"该用户是在调侃主播因切洋葱流泪的场景，用幽默反讽的方式表达""明明有这么多防流泪的方法（被爱包围），怎么还会哭""。"
56697889278,生活日杂,蒲公英饺子好吃吗,1,该用户想询问蒲公英饺子的口味和食用体验，可能对这款产品产生了购买兴趣。
56697889278,生活日杂,手还擦,0,该用户可能是在调侃或质疑主播处理食材时手部动作不够利落，暗示应该像前面弹幕建议的那样沾水或泡水来避免刺激。
56697889278,生活日杂,含着一口水,0,该用户可能是在调侃或补充之前关于切洋葱时防辣眼方法的讨论，建议通过含一口水的方式来缓解刺激。
56697889278,生活日杂,男人哭吧哭吧不是罪[呲牙][呲牙][呲牙][呲牙][呲牙][呲牙],0,该用户是在用调侃的语气回应前面关于切洋葱防辣方法的讨论，暗示这些方法太麻烦不如直接流泪来得痛快。
56697889278,生活日杂,旁边放碗水,0,该用户是在建议切洋葱时在旁边准备一碗水以减轻辣眼刺激。
56697889278,生活日杂,洋葱常温很耐放，这里比菜市场便宜多了,1,该用户认为洋葱性价比高且储存方便，暗示有购买意愿。
56697889278,生活日杂,在水里切,0,该用户想表达的含义是：建议将食材放入水中进行切割以避免刺激眼睛。
56697889278,生活日杂,主播，晚上好,0,该用户可能是在礼貌性打招呼的同时，试图引起主播注意以询问商品信息或互动。  （结合前文弹幕中关于洋葱切法的讨论和价格提示，整体语境偏向实用商品交流，但当前弹幕本身未直接体现购买意图）
56697889278,生活日杂,拿个碗放水，用刀蘸水,0,该用户是在分享切洋葱时防止辣眼睛的小技巧，建议用刀蘸水后再切。
56697889278,生活日杂,放水里皮,0,"该用户想表达的含义是：建议将洋葱放入水中浸泡或切割以避免辣眼刺激。  （结合前文语境，弹幕主题围绕切洋葱时用水缓解辣眼的方法，""放水里皮""是省略表达，指将洋葱外皮部分接触水来减轻刺激性。）"
56697889278,生活日杂,先在水里泡一小会，刀子也沾点水再切,0,该用户是在分享切洋葱时防止辣眼的技巧，建议将洋葱浸泡并保持刀具湿润来缓解刺激。
56697889278,生活日杂,肚子上的边皮应该切掉在开始切,0,该用户是在建议处理食材时应该先切除洋葱根部的外皮再开始切片。  （结合前文语境，弹幕大多围绕切洋葱防辣的方法，用户此条也是针对洋葱处理的具体操作建议。）
56697889278,生活日杂,切菜板放一盆水上,0,该用户是在建议切洋葱时旁边放一盆水来防止辣眼睛。  （结合前文可见直播间正在演示切洋葱技巧，多人提到沾水/放水能缓解刺激，目标弹幕是延续这一实用技巧的讨论）
56697889278,生活日杂,刀沾水再切,0,该用户是在分享切洋葱时防止辣眼睛的生活技巧，建议将刀具沾湿后再切。
56697889278,生活日杂,沾水,0,该用户是在询问或建议切菜时是否需要将刀具沾水操作。
56697889278,生活日杂,春夏本命面霜!超紧致淡纹超轻盈,1,该用户想表达的含义是：这款面霜非常适合春夏季节使用，既能有效紧致肌肤淡化皱纹，质地又清爽不黏腻。
56697889278,生活日杂,带游泳镜切,0,该用户是在提议切洋葱时佩戴游泳镜以防流泪，结合前文讨论的多种防流泪方法（如水浸、刀沾水等）提出的另一种幽默解决方案。
56697889278,生活日杂,会缓解,0,该用户想表达的含义是：把洋葱放在水里切可以缓解辣眼睛的情况。
56697889278,生活日杂,刀放水冲一下，洋葱水冲一下，要好点,0,该用户是在建议切洋葱时先将刀具和洋葱都用水冲洗或浸泡，以减少刺激性气体对眼睛的刺激。
56697889278,生活日杂,冷藏一下,0,该用户可能是在建议将洋葱或其他食材冷藏后再处理，以减少切洋葱时刺激眼睛的不适感。
56697889278,生活日杂,下午好,0,该用户可能是在参与直播间的日常互动，以问候主播的方式融入当前讨论切洋葱技巧的轻松氛围。
56697889278,生活日杂,鹏鹏切的挺好呀，会做饭吧,0,该用户是在夸赞主播的切菜技巧娴熟，并推测对方可能擅长烹饪。  （结合前文弹幕多围绕切洋葱的技巧讨论，用户通过观察主播操作给出正向反馈，隐含对主播专业性的认可，但未直接提及购买意向。）
56697889278,生活日杂,刀蘸水,0,该用户是在建议切洋葱时先将刀具浸湿以减少刺激性气体的产生。
56697889278,生活日杂,流动水下切,0,该用户是在建议切洋葱时将刀具浸入流动的水中操作，以避免刺激眼睛。
56697889278,生活日杂,黄冰糖,0,该用户可能是在询问或评论主播展示的某种黄色冰糖产品，暗示对这款商品的兴趣或好奇。
56697889278,生活日杂,放在冰箱保鲜里放一下，再切,0,该用户是在建议将洋葱冷藏后再切，以减少切洋葱时产生的刺激性气味。
56697889278,生活日杂,鹏鹏下午好,0,该用户是在向主播“鹏鹏”致以问候，表达友好互动意愿的同时可能隐含对其之前表现的认可或关注。
56697889278,生活日杂,洗一下也可以的,0,该用户想表达的含义是：将洋葱浸泡或冲洗后再切可以缓解刺激眼睛的问题。
56697889278,生活日杂,刀沾水再切，肯定不会辣眼睛,0,该用户是在分享切洋葱时防止辣眼睛的生活小窍门，建议将刀具沾水后再进行切割操作。
56697889278,生活日杂,是新洋葱吗？,1,该用户是在询问直播中展示的洋葱是否为新鲜上市的当季产品。
56697889278,生活日杂,用胶带粘住眼睛,0,该用户是在参与讨论如何切洋葱不辣眼睛的方法，建议用胶带粘住眼睛来避免刺激。
56697889278,生活日杂,鹏鹏太帅了,0,该用户是在夸赞主播鹏鹏的外貌或表现，表达了对主播的喜爱和关注。
56697889278,生活日杂,切两半泡水里就不辣眼睛,0,该用户是在讨论切洋葱时防止辣眼睛的方法，建议将洋葱对半切开后泡在水里处理。
56697889278,生活日杂,鼻塞闻一下洋葱,0,该用户可能是在询问或建议通过闻洋葱来缓解鼻塞的不适感。
56697889278,生活日杂,冷冻一下也可再切,0,该用户是在讨论切洋葱时防止辣眼睛的方法，建议将洋葱冷冻后再切会更方便。
56697889278,生活日杂,啥时候上可复美胶原棒,1,该用户是在询问主播何时会上架“可复美胶原棒”这款产品，表达了对该商品的购买兴趣和期待。
56697889278,生活日杂,云南不发货[流泪],0,该用户因为所在地（云南）无法收货而感到遗憾和失望。
56697889278,生活日杂,主播下午好！主播讲的很不错了！支持你们！,0,该用户是在友好互动之余对主播的表现给予肯定和鼓励，但并未直接表现出明确的购买意向。
56697889278,生活日杂,放水里泡几分钟切就不辣眼睛了,0,该用户是在分享一个防止切洋葱时辣眼睛的生活小窍门，建议将洋葱浸泡几分钟后再切。
56697889278,生活日杂,先放冰箱一晚上，刀沾水,0,该用户是在分享切洋葱时防止辣眼睛的小技巧，建议将洋葱冷藏后并在切的时候让刀沾水。
56697889278,生活日杂,鹏鹏的眼镜蛇不见了,0,"该用户可能在幽默地调侃主播切洋葱时因辣眼睛而表现出的慌乱状态，暗示主播像""眼镜蛇""一样突然失去了之前的灵活敏捷。"
56697889278,生活日杂,生吃吗,1,该用户是在询问主播展示的洋葱是否可以生吃。
56697889278,生活日杂,想要旅行烧水壶直饮式[爱心],1,该用户表达了对直播中介绍的旅行用直饮式烧水壶的购买兴趣和喜爱。
56697889278,生活日杂,橱窗还有部份云南特产,0,该用户可能是想确认或提醒其他人直播间橱窗里还有剩余的云南特产可以购买。
56697889278,生活日杂,能生吃吗,1,该用户是在询问直播中展示的洋葱是否适合直接生食。
56697889278,生活日杂,样样都新鲜,0,该用户可能是对直播中展示的商品或食材的新鲜度表示认可和赞赏。
56697889278,生活日杂,看看鱼腩吧,1,该用户想表达的含义是：希望主播展示或介绍鱼腩这款产品。  （结合前文弹幕中频繁出现的食材处理讨论、云南特产相关提及，以及用户直接询问商品上架的情况，可推断此处“看看鱼腩”是对直播产品的兴趣表达，类似其他弹幕中“想要旅行烧水壶”的购买意向。）
56697889278,生活日杂,汗森，之前的珍珠项链不卖了吗[微笑],0,该用户是在询问主播之前展示过的珍珠项链是否已经下架，并表现出对该商品的购买兴趣。
56697889278,生活日杂,想要牛肉卷，可以上链接吗,1,该用户表达了对直播间正在介绍的牛肉卷产品的购买意向，希望主播尽快提供购买链接以便下单。
56697889278,生活日杂,生吃吗？？,1,该用户是在询问主播展示的洋葱是否可以不经烹饪直接食用。
56697889278,生活日杂,臭桂鱼有吗,1,该用户是在询问直播间是否有售卖臭桂鱼这款产品。
56697889278,生活日杂,多放点冰块发云南不行吗[流泪],0,该用户想表达的是：希望商家能改进冷链包装（多放冰块）以确保商品能正常发往云南地区。
56697889278,生活日杂,今天有大米吗？,1,该用户是在询问直播间当前是否有大米商品在售或即将上架。
56697889278,生活日杂,下午好，主播，主播讲的好细致，特别喜欢这个直播间,0,该用户通过礼貌问候和积极反馈，表达了对主播专业讲解的认可及对直播间的喜爱，暗示有持续关注的意愿。
56697889278,生活日杂,鹏跳舞不？,0,该用户可能是想询问主播“鹏”是否会进行跳舞表演，以此调节直播氛围或满足娱乐期待。
56697889278,生活日杂,看着就想吃,0,该用户被直播中展示的商品所吸引，产生了强烈的品尝欲望。
56697889278,生活日杂,[抠鼻]好吃,1,该用户想表达的含义是：虽然对产品感兴趣觉得看起来美味，但态度有些随意或不完全相信。
56697889278,生活日杂,生吃,0,该用户是在询问直播展示的食材是否可以不经烹饪直接食用。
56697889278,生活日杂,生吃？,1,该用户是在询问主播展示的商品是否可以不经烹饪直接食用。
56697889278,生活日杂,原来吃不惯 现在好喜欢吃,0,该用户想表达的含义是：之前不太适应这款产品的味道，但现在已经非常喜欢了。
56697889278,生活日杂,云南场的奶皮子酸奶超超超超级好吃，奶皮子酸奶超超超超级好吃，奶皮子酸奶超超超超级好吃,1,该用户通过强烈重复的夸赞表达对奶皮子酸奶的高度喜爱和强烈推荐意愿，暗示其购买欲望或希望主播重点推介该产品。
56697889278,生活日杂,玉米是生的还是熟的呀？,1,该用户想询问玉米是否需要烹饪后才能食用，以确认产品的食用方式是否符合自己的需求。
56697889278,生活日杂,这个里面带芥末和生抽，而且味道老好了，我都多次回购了,1,该用户想表达的含义是：这款产品的配料和口味都很棒，自己已经反复购买多次了。
56697889278,生活日杂,蒲公英饺子好吃吗,1,该用户可能在询问蒲公英饺子的口味评价，以判断是否值得购买或尝试。
56697889278,生活日杂,鹏鹏憔悴了,0,该用户可能是在关心主播的身体状态，暗示主播最近看起来疲惫或劳累。
56697889278,生活日杂,米线,1,该用户可能在询问直播中提到的食品“米线”的相关信息，比如是否有售或具体细节。
56697889278,生活日杂,阿鹏好[爱心][爱心][爱心][爱心][爱心][爱心][爱心][爱心][爱心],0,该用户想表达的含义是：非常喜欢主播阿鹏并对他表示热情支持。  （结合前文弹幕中频繁出现对主播的互动（如“鹏跳舞不？”“鹏鹏憔悴了”）以及氛围友好的评价（如“主播讲的好细致，特别喜欢这个直播间”），该弹幕通过连续爱心符号强化情感倾向，属于对主播个人的积极反馈而非直接购买意向。）
56697889278,生活日杂,还放香菜,0,该用户可能是在对主播展示的菜品或食材提出调味偏好，暗示希望增加香菜的用量或询问是否已包含香菜。
56697889278,生活日杂,看下一份有多少量,1,该用户可能是在询问下一批商品的库存数量，以判断自己是否有机会抢购到。
56697889278,生活日杂,有刺吗,1,该用户可能是在询问直播中展示的食物（如鱼或其他带刺食材）是否需要处理或食用时需注意剔除骨头或刺。
56697889278,生活日杂,我喜欢直接沾芥末吃,0,该用户想表达的含义是：他偏好直接蘸芥末品尝这款产品，暗示对当前介绍食品的食用方式有明确偏好和兴趣。  （结合前文弹幕中关于生吃、芥末和产品口味的讨论，可推断用户是在参与食品食用方式的互动，并间接认可产品的可食用性。）
56697889278,生活日杂,建议吃鱼腩,0,该用户可能是基于对当前直播中鱼类产品的讨论，主动提出推荐食用鱼腩部位的建议，暗示自己对该部位有兴趣或认可其食用价值。
56697889278,生活日杂,很多年前第一次吃的时候怕 后面太喜欢吃了,1,"该用户想表达的含义是：起初对这种食物有顾虑，但尝试后逐渐爱上了它的味道。  （释义要点：通过""怕""和""太喜欢""的对比，突出从抗拒到喜爱的转变过程，符合直播中其他用户分享食物体验的语境，属于典型的购买兴趣表达模式——用亲身经历佐证产品吸引力。）"
56697889278,生活日杂,鹏鹏辛苦啦，董二给加个鸡腿吧[耶],0,该用户想表达的含义是：对主播鹏鹏的辛苦表示慰问，并幽默地建议负责人董二犒劳他一下。  （结合前文弹幕的互动氛围，用户更多是在友好调侃而非直接表达购买意向，语境偏向情感互动而非商品讨论。）
56697889278,生活日杂,优秀的小伙伴们[一起加油][一起加油][一起加油][一起加油][一起加油][一起加油][一起加油],0,该用户可能在为直播间的氛围或主播的表现加油打气，表达对直播内容的支持与热情，而非直接体现购买意向。
56697889278,生活日杂,可以放冰箱冷冻吗,1,该用户是在询问产品是否适合冷冻保存，可能对商品的实际使用方式存在疑虑或考虑长期储存的需求。
56697889278,生活日杂,都带有调料,0,该用户可能是在询问或确认直播展示的商品是否附带调味料包。
56697889278,生活日杂,与辉同行一路长虹,0,该用户是在为直播间的主播或团队加油打气，表达对他们未来发展的美好祝愿和支持。
56697889278,生活日杂,想要兰考红薯,1,"该用户表达的是对直播中介绍的兰考红薯产生了明确的购买意向或渴望拥有的意愿。  （解析：结合前文弹幕中频繁出现的食品相关讨论、口味评价及购买咨询，可推断当前语境为产品推介环节，用户用简洁直接的""想要""句式，符合直播间常见的即时消费冲动表达模式。）"
56697889278,生活日杂,辣根是啥？？？？,1,该用户是在询问直播中提到的“辣根”具体指什么食材或调料，可能是对产品成分或口味感到好奇。
56697889278,生活日杂,这个很好吃，鲜[舔屏][舔屏][舔屏],1,该用户通过夸张的表情符号和直接评价，强烈表达了对当前展示食品的高度喜爱和强烈购买欲望。
56697889278,生活日杂,这是什么肉,1,该用户想询问直播中展示的肉类产品的具体种类或名称。
56697889278,生活日杂,这个可以生吃吗？,1,该用户可能在询问产品是否适合直接食用而未经过烹饪处理，表现出对产品食用方式的兴趣和潜在的购买意向。
56697889278,生活日杂,啥时上牛排,1,该用户是在询问牛排产品的上架时间，表现出对特定商品的购买兴趣和期待。
56697889278,生活日杂,鹏鹏辛苦啦，董二给加个鸡腿吧[耶],0,该用户是在以幽默调侃的方式表达对主播鹏鹏的关心和支持，同时暗示直播内容吸引人、值得奖励。
56697889278,生活日杂,鹏鹏啊，下午好,0,该用户是在以轻松友好的方式向主播鹏鹏打招呼，表达对直播间的关注和互动意愿，但并未直接体现购买意向。
56697889278,生活日杂,这个可以生吃吗,1,该用户是在询问直播展示的商品是否适合未经烹饪直接食用，可能对产品的食用方式或安全性存在疑虑。
56697889278,生活日杂,这个怎么吃？,1,用户对产品的食用方式感到好奇，想了解具体的食用方法或建议。
56697889278,生活日杂,能放急冻室吗,1,该用户是在询问产品是否可以冷冻保存。
56697889278,生活日杂,这个就是生吃的[呲牙]爱吃,0,该用户想表达的含义是：这种食物适合生食，并且自己非常喜欢这种吃法。
56697889278,生活日杂,生吃不行，我接受无能,0,该用户想表达的含义是：无法接受直接生吃的食用方式。
56697889278,生活日杂,可以生吃吗,1,该用户可能是在询问直播展示的产品是否适合直接生食，表达了对产品食用方式的兴趣和潜在的购买意向。
56697889278,生活日杂,下午好,0,该用户可能是在与主播或直播间其他观众打招呼，表达一种轻松友好的互动意愿。
56697889278,生活日杂,细菌太多了,0,该用户可能对食品卫生安全存在顾虑，暗示产品可能存在储存或加工不当的问题。
56697889278,生活日杂,鹏鹏还是个双眼皮,0,该用户可能是在调侃或称赞主播鹏鹏的外貌特征，暗示对其形象的关注或好感。
56697889278,生活日杂,有蘸料吗,1,该用户想询问直播中展示的商品是否包含配套的蘸料或调味品。
56697889278,生活日杂,还是吃熟的,0,该用户倾向于选择煮熟食用而非生吃，可能是出于对食品安全或口感的考虑。
56697889278,生活日杂,广西的不发,0,该用户可能是在询问或抱怨商品是否不发货到广西地区。
56697889278,生活日杂,适合买回就吃完,0,该用户想表达的含义是：这款产品看起来非常诱人，让人想立刻购买并马上享用。
56697889278,生活日杂,我家都煮熟吃，像白切肉，沾点酱油,0,该用户想表达的含义是：自己习惯将这种食材煮熟后蘸酱油食用，而非生吃。
56697889278,生活日杂,支持,0,该用户想表达的含义是：对主播或产品表示赞同或鼓励。
56697889278,生活日杂,食用油就一种吗？,1,该用户可能是在询问直播间是否还有其他种类或品牌的食用油可供选择。
56697889278,生活日杂,想要鱼油,1,该用户表达了对直播中提到的鱼油产品有购买意愿或感兴趣。
56697889278,生活日杂,鹏鹏吃得很秀气,0,该用户是在调侃主播吃东西时的斯文举止，可能带有善意玩笑或轻松互动的意味。
56697889278,生活日杂,好吃好吃,1,该用户想表达的含义是：对当前直播中展示的食品口味的积极认可和喜爱。
56697889278,生活日杂,肉质好白,1,该用户想表达的含义是：这款食材的肉质看起来非常新鲜干净。
56697889278,生活日杂,你那个肠胃还是别吃了,0,该用户是在委婉劝阻主播或其他观众生吃该食品，认为肠胃不好的人应该避免尝试。
56697889278,生活日杂,芥末酱,0,该用户可能在询问直播中展示的产品是否有配套的芥末酱作为蘸料。
56697889278,生活日杂,绿芥末,0,该用户可能在询问或确认产品是否搭配绿芥末作为蘸料。
56697889278,生活日杂,孩子煎熟吃技点柠檬,0,该用户想表达的含义是：建议将食材煎熟后搭配柠檬汁食用。
56697889278,生活日杂,推荐一款鱼油,1,该用户希望通过主播推荐一款适合购买的鱼油产品。
56697889278,生活日杂,好吃,1,该用户想表达的含义是：对直播中展示的食品味道表示认可和喜爱。
56697889278,生活日杂,食用油食用油食用油食用油食用油,1,该用户可能在急切询问或强调直播中提到的食用油产品，表达对其种类或购买方式的兴趣。
56697889278,生活日杂,生抽芥末,1,该用户可能在询问或建议搭配生抽和芥末作为蘸料来食用当前直播展示的食品。
56697889278,生活日杂,一般蘸芥末,0,该用户想表达的含义是：蘸芥末吃这种吃法比较普通，没什么特别的。
56697889278,生活日杂,给力给力,0,该用户想表达的含义是：对直播中展示的商品或促销活动感到非常满意和兴奋。
56697889278,生活日杂,青芥,1,该用户是在询问或提及搭配生食（如刺身）所需的青芥末酱。
56697889278,生活日杂,可以生吃对吗,1,该用户是在询问直播中展示的产品是否可以直接食用而无需烹饪处理。
56697889278,生活日杂,就芥末加生抽,0,该用户是在询问或确认蘸料搭配方式，即用芥末和生抽混合作为蘸料是否合适。
56697889278,生活日杂,想要牛肋或牛腩肉,1,该用户是在直播间看到其他人讨论牛肉的吃法和蘸料后，表达了自己对购买牛肋或牛腩部位肉品的具体需求。
56697889278,生活日杂,生吃不用那么复杂,0,该用户认为生吃牛肉时不需要搭配太多调料，简单的蘸料就足够了。
56697889278,生活日杂,生抽调的辣根,0,该用户想表达的含义是：建议用生抽来调制辣根蘸料。
56697889278,生活日杂,鱼腩,1,该用户想表达的是询问或推荐鱼腩部位的产品信息。
56697889278,生活日杂,食用油食用油食用油食用油食用油食用油食用油食用油,1,该用户可能在急切地询问或强调直播中提到的食用油相关信息，比如品牌推荐、使用方式或促销活动。
56697889278,生活日杂,米线有吗？,1,该用户是在询问直播间是否有售卖米线产品。
56697889278,生活日杂,想要鳕鱼条,1,该用户表达了对直播中鳕鱼条产品的购买意愿。
56697889278,生活日杂,鹏鹏辛苦啦，董二给加个鸡腿吧[耶],0,该用户是在以轻松调侃的方式表达对主播鹏鹏的认可和支持，暗示主播表现优秀值得奖励。
56697889278,生活日杂,生吃不会有细菌病毒吗,1,该用户可能对生食的安全性存在疑虑，担心未经烹饪的食材会携带致病微生物。
56697889278,生活日杂,有没有铁锅,1,该用户可能在询问直播间是否有售卖适合烹饪的铁锅，表达了对厨具产品的购买兴趣。
56697889278,生活日杂,辣根，生抽，白醋,0,该用户可能在询问或建议一种蘸料配方，即用辣根、生抽和白醋调配的蘸汁。
56697889278,生活日杂,我们都发第二声,0,"该用户可能在调侃直播间频繁出现重复或相似的弹幕内容（如""食用油""刷屏），用""第二声""暗指弹幕的复读机现象。"
56697889278,生活日杂,啥时候有小锅卖？,1,该用户是在询问直播间是否会推出小型锅具的售卖信息，表达了对这类商品的购买意向。
56697889278,生活日杂,应该是酱油和芥末油,0,该用户是在讨论生食蘸料的搭配，认为合适的蘸料组合应该是酱油和芥末油。
56697889278,生活日杂,可以生吃 放芥末,0,该用户是在询问或确认该产品是否可以像生鱼片一样直接蘸芥末食用。
56697889278,生活日杂,鱼楠肉,1,该用户想表达的是：询问直播间是否有售卖鱼腩肉。
56697889278,生活日杂,开袋尽快吃,0,该用户可能是在询问或建议所购买的产品（如生食类食品）需要在拆封后尽快食用以确保新鲜和安全。
56697889278,生活日杂,铁锅铁锅铁锅铁锅铁锅铁锅,1,该用户迫切想要询问或强调直播间是否售卖铁锅，可能是看到其他用户提及相关产品后产生了强烈兴趣。
56697889278,生活日杂,玉米是粘的吗,1,该用户想确认直播中提到的玉米品种是否属于糯玉米类型。
56697889278,生活日杂,拍了拍了四盒,0,该用户想表达的含义是：已经下单购买了四盒产品。
56697889278,生活日杂,下午好,0,该用户可能是在礼貌性打招呼或表示自己刚进入直播间，并未直接表达购买意向。
56697889278,生活日杂,蛋挞？！我居然一直读错,0,该用户可能是看到直播中讨论蛋挞的读音时，突然意识到自己一直以来的发音错误，并对此感到意外和有趣。
56697889278,生活日杂,有芥末送么？,1,该用户是在询问购买产品时是否会附赠芥末调料。
56697889278,生活日杂,丽水,0,该用户可能在询问直播中提到的“丽水”相关产品（如某种食材或特产）是否有售或具体信息。
56697889278,生活日杂,玉米甜吗,1,该用户是在询问玉米的口感是否香甜，可能对购买玉米产品产生了兴趣。
56697889278,生活日杂,台州 丽水,0,该用户可能在询问直播商品是否覆盖台州和丽水地区的配送或服务范围。
56697889278,生活日杂,优秀团队,0,该用户可能在称赞主播团队的专业表现或默契配合，表达对直播内容的认可和欣赏。
56697889278,生活日杂,六安,0,该用户可能在询问直播中提到的产品是否产自六安，或是想确认商品的产地信息。
56697889278,生活日杂,还有丽水,0,该用户可能是在询问或确认直播中提到的商品是否还有产自丽水的同类产品或相关款式。
56697889278,生活日杂,风起云涌说下,0,该用户可能在询问或确认直播中提到的“风起云涌”这款产品的具体信息或购买方式。
56697889278,生活日杂,嵊州,0,该用户可能在询问直播中提到的产品是否与嵊州（浙江地名，以特产如嵊州小笼包等闻名）相关，或暗示希望推荐嵊州特色商品。
56697889278,生活日杂,还有你的老家丽水,0,该用户是在询问或确认产品是否来自丽水地区。
56697889278,生活日杂,鹏鹏晚上好！,0,该用户可能在礼貌性地打招呼，试图融入直播间的互动氛围，但并未直接表达对商品的购买兴趣。
56697889278,生活日杂,什么时候有奶锅,1,该用户是在询问直播中是否有奶锅产品上架或何时会售卖奶锅，表现出对该商品的购买兴趣。
56697889278,生活日杂,天台山，第一声,0,该用户可能在询问或确认直播中提到的商品产地是否为浙江天台山，并强调这是首次听说或首次提到该产地。
56697889278,生活日杂,能冻吗？,1,该用户可能在询问直播中展示的商品是否支持冷冻保存。
56697889278,生活日杂,六安瓜片,1,该用户可能是在询问或确认主播正在介绍的产品是否是六安瓜片茶叶。
56697889278,生活日杂,中段好吃,1,该用户想表达的含义是：这款产品中间部分的品质或口感更出色。
56697889278,生活日杂,茴香,1,该用户可能是在询问直播中提到的产品是否含有茴香成分或是否有茴香口味的产品。
56697889278,生活日杂,把答案说出来了,0,该用户可能在催促主播明确回答之前其他观众提出的某个问题或透露关键信息（比如产品细节、优惠活动等）。
56697889278,生活日杂,傣徒舞，月光下的响尾蛇[微笑][微笑][微笑][微笑][微笑][微笑],0,该用户可能是在用谐音和意象调侃主播的舞蹈动作像傣族舞，并形容其摇摆姿态如同月光下的响尾蛇，以幽默方式表达对表演的观赏兴趣。
56697889278,生活日杂,有黄糯玉米吗,1,该用户是在询问直播间是否有售卖黄糯玉米这一商品。
56697889278,生活日杂,煎也好吃,0,该用户想表达的含义是：这种烹饪方式下的食物口感不错，值得推荐。
56697889278,生活日杂,上新货啦,0,该用户可能是在提醒主播或观众注意直播间刚上架的新商品，表达了对新品的关注和兴趣。
56697889278,生活日杂,蛋挞ta（四声）,1,该用户可能在询问直播中展示的蛋挞是否支持特定地区的配送或相关服务（如“ta”谐音“挞”并暗指“达”或“到”）。
56697889278,生活日杂,非常好,0,该用户可能是在对主播介绍的产品特性或展示效果表示高度认可和满意。
56697889278,生活日杂,啥时候有牛奶,1,该用户是在询问直播间何时会上架牛奶产品。
56697889278,生活日杂,盱眙,0,该用户可能是在询问直播中是否有盱眙特产（如盱眙龙虾）或相关产品。
56697889278,生活日杂,找客服的点与辉同行四个字,0,"该用户想表达的含义是：让有购买意向的观众联系客服时注明""与辉同行""作为暗号或识别方式。 （解析：结合直播间的弹幕多为产品咨询和地域关键词，且存在促销活动常见的互动模式，可推断这是主播引导的特定购买流程，用户通过弹幕提醒其他观众遵循这一购买指引）"
56697889278,生活日杂,划算,1,该用户认为当前直播间的商品价格或优惠力度很吸引人，值得购买。
56697889278,生活日杂,老人学生 补补身体,0,该用户可能是想询问直播中是否有适合老人和学生群体滋补养生的产品。
56697889278,生活日杂,鹏鹏晒黑了[呲牙],0,该用户是在以调侃的语气评论主播鹏鹏的外貌变化，表达对主播的关注和亲近感，而非直接表达购买意向。
56697889278,生活日杂,海参,1,该用户可能是在询问直播间是否有海参产品，或对海参的品种、食用方式等产生兴趣。  （结合前文弹幕中出现的“补补身体”“中段好吃”等关键词，可推测直播间在讨论滋补食材或食品，用户提及“海参”大概率与购买意向或产品咨询相关。）
56697889278,生活日杂,老人学生补补身体,0,该用户可能在询问直播间是否有适合老人和学生群体滋补营养的食品或产品。
56697889278,生活日杂,鹏鹏从云南回到北京了,0,该用户是在调侃主播鹏鹏的外貌变化，暗示他从云南回来后肤色变深了。
56697889278,生活日杂,方便,0,该用户可能是在询问或确认当前展示的商品是否便于使用或携带。
56697889278,生活日杂,月光下的响尾蛇，太好玩了[呲牙][呲牙],0,该用户是在表达对直播中提到的“月光下的响尾蛇”这一内容（可能是舞蹈表演或产品昵称）的强烈喜爱和兴奋情绪。
56697889278,生活日杂,老人学生病人多吃,0,该用户想表达的含义是：这款产品适合老年、学生和体弱人群作为营养补充。
56697889278,生活日杂,青团,1,该用户可能是在询问或提及直播中展示的青团产品，表达了对这款点心的兴趣或想了解相关信息的意图。
56697889278,生活日杂,煮烫最好吃,0,该用户想表达的是这种食材最适合的烹饪方式是水煮或烫食。
56697889278,生活日杂,鹏鹏下午好,0,该用户是在以问候主播的方式表达对直播的关注和参与感，延续了之前弹幕中与主播互动的友好氛围。
56697889278,生活日杂,蚌埠,0,该用户可能是想用谐音梗“蚌埠”（谐音“绷不住”）来表达对直播内容或氛围的搞笑/破防情绪，并无直接购买意向。
56697889278,生活日杂,鹏鹏下午好，什么时候回浙江,0,该用户可能在询问主播“鹏鹏”的行程安排，暗示对其动态的关注并期待未来在浙江的直播活动。
56697889278,生活日杂,今天好吃的好多,0,该用户可能是在感叹直播间当前展示的食品种类丰富，并隐含对其中某些商品的兴趣或购买意向。
56697889278,生活日杂,拍过品质不错,1,"该用户想表达的含义是：之前购买过同类产品且对质量满意，暗示有再次购买的意向。  （分析依据：结合前文弹幕中频繁出现的食品类商品讨论（如海参、青团、牛奶）和品质评价（""非常好""""划算""），该弹幕属于典型的回购型反馈，通过肯定商品质量传递潜在复购意愿，符合直播间以食品为主的带货语境。）"
56697889278,生活日杂,蒸蛋羹,1,该用户可能在询问或推荐与“蒸蛋羹”相关的产品，比如食材做法或适合蒸蛋的食材（如海参）。
56697889278,生活日杂,可以可以,0,该用户想表达的含义是：对当前介绍的商品或促销活动表示认可和赞同。
56697889278,生活日杂,海参我都是煮火锅吃[呲牙],0,该用户通过分享海参的食用方式（煮火锅）间接表达了对产品的认可和购买兴趣，暗示其日常消费场景与直播商品存在关联性。
56697889278,生活日杂,大餐,0,该用户可能是看到直播中介绍的美食或滋补品后，联想到这些食材适合用来制作丰盛的餐食。
56697889278,生活日杂,会不会有腥味,1,该用户是在询问直播中提到的海产品（可能是海参）是否会有明显的海鲜腥味，以此评估自己是否愿意购买。
56697889278,生活日杂,海参娃儿能吃吗？,1,该用户是在询问海参是否适合儿童食用，可能对产品功效或适用人群存在疑虑。
56697889278,生活日杂,什么时候有八珍糕呀，上次买的吃完了,1,该用户想表达的含义是：询问商家是否会再次上架之前购买过的八珍糕，并表示自己对这款产品有持续需求。
56697889278,生活日杂,炖鸡汤放两根,0,该用户想表达的含义是：询问炖鸡汤时是否可以放入两根海参来增加营养。
56697889278,生活日杂,大餐啊 补一补,0,"该用户可能是看到直播中介绍滋补食品（如海参、鸡汤等）后，表达自己也想通过这类""大餐""来进补身体的意愿。"
56697889278,生活日杂,香油啥时候有,1,该用户是在询问直播间何时会上架或补货香油产品，表现出明确的购买意向和需求。
56697889278,生活日杂,下午好,0,该用户是在向主播（鹏鹏）打招呼并表达友好互动意愿。
56697889278,生活日杂,与辉同行一路长虹,0,该用户是在为直播间或主播送上祝福，表达支持鼓励的态度，而非直接体现购买意向。
56697889278,生活日杂,大小怎么选择,1,该用户可能是在询问商品的具体尺寸或规格选择建议，以便决定购买哪种型号。
56697889278,生活日杂,大补的,0,该用户认为直播中提到的海参或其他滋补食材具有很高的营养价值和补身效果。
56697889278,生活日杂,怎么吃,1,该用户想询问当前直播展示的海产品（如海参）的食用方法或烹饪建议。
56697889278,生活日杂,做汤放两根,0,该用户想表达的是询问海参在烹饪时的用量建议，具体是想了解做汤时放入两根是否合适。
