live_id,species,content,label,background
Jing1000086,服饰鞋履,搭16号的可以搭不,1,该用户可能在询问某款商品是否适合与16号尺码的款式搭配使用或组合购买。
Jing1000086,服饰鞋履,美背美背美背美背美背美背,1,该用户可能在强烈表达对直播中展示的“美背”款式商品的喜爱或购买意愿。
Jing1000086,服饰鞋履,裙子几层?,1,该用户想询问裙子的层数设计是否适合搭配特定款式或场合。
Jing1000086,服饰鞋履,黄黑皮适合什么颜色,1,该用户可能在询问适合自己肤色（黄黑皮）的服装或化妆品颜色推荐。
Jing1000086,服饰鞋履,不是上美背吗,0,该用户是在询问为什么还没有上架之前提到的美背款式产品。
Jing1000086,服饰鞋履,美背还有多久上,0,该用户急切询问主播何时开始展示或售卖美背款式的产品。
Jing1000086,服饰鞋履,上衣没有了,0,该用户想表达的含义是：询问主播之前展示的上衣款式是否已经售罄。
Jing1000086,服饰鞋履,刚才牛仔裤,1,该用户想询问之前展示过的牛仔裤何时会再次介绍或上架。
Jing1000086,服饰鞋履,上衣穿的什么长度,1,该用户想询问主播身上所穿上衣的具体衣长尺寸或版型长短。
Jing1000086,服饰鞋履,短皮衣,1,该用户可能在询问主播展示的短款皮衣的相关信息或表达对这款商品的兴趣。
Jing1000086,服饰鞋履,防晒霜今晚上不,1,该用户是在询问今晚是否会售卖防晒霜产品。
Jing1000086,服饰鞋履,刚才不破洞牛仔裤,0,该用户是在询问或确认之前展示过的那款不破洞牛仔裤的相关信息。
Jing1000086,服饰鞋履,"先上美背,要洗澡了[捂脸]",1,该用户是在催促主播尽快上架美背产品，并表示自己因为要洗澡准备离开直播间，所以有些着急。
Jing1000086,服饰鞋履,上衣没有小个小版吗,1,该用户是在询问上衣是否有适合小个子的尺码版本。
Jing1000086,服饰鞋履,短皮衣短皮衣短皮衣,1,该用户急切希望主播尽快展示或介绍短款皮衣这款商品。
Jing1000086,服饰鞋履,防晒衣,1,该用户可能在询问直播间是否会售卖或展示防晒衣产品。
Jing1000086,服饰鞋履,白色裙子还能上吗,1,该用户是在询问白色款裙子是否会再次补货或重新上架销售。
Jing1000086,服饰鞋履,今晚上防晒霜不,1,该用户是在询问今晚的直播是否会售卖防晒霜产品。
Jing1000086,服饰鞋履,上衣小个子的没有买到,1,该用户想表达的含义是：小个子尺码的上衣已经售罄，自己没能抢到。
Jing1000086,服饰鞋履,"多上点裙子吧,欣姐",1,该用户希望主播能增加裙子的款式或库存，以满足自己的购买需求。
Jing1000086,服饰鞋履,短皮衣短皮衣短皮衣短皮衣,1,该用户急切希望主播尽快展示或上架短款皮衣，可能是因之前有人提到但未及时推出而产生催促心理。
Jing1000086,服饰鞋履,上衣加点,1,该用户是在催促主播尽快上架或补充更多款式的上衣商品。
Jing1000086,服饰鞋履,美背发福利[比心][比心],0,该用户是在催促主播尽快展示或上架美背款式产品，并表达期待和喜爱之情。
Jing1000086,服饰鞋履,有没有短裤,1,该用户是在询问直播间是否有短裤类商品正在或即将展示售卖。
Jing1000086,服饰鞋履,身上的牛仔裤有弹力吗,1,该用户是在询问主播展示的牛仔裤是否具备弹性材质，以判断其穿着舒适度和实用性。
Jing1000086,服饰鞋履,矮个子上衣加一点,1,该用户希望主播为小个子体型多提供一些上衣款式或增加库存。
Jing1000086,服饰鞋履,好好看裤子,1,该用户想表达的含义是：对直播中展示的裤子款式表示赞赏并流露出购买意向。
Jing1000086,服饰鞋履,上衣没有,1,该用户想表达的含义是：当前展示的上衣款式或尺码不符合自己的需求，希望主播能补充其他选择。
Jing1000086,服饰鞋履,短皮衣短皮衣,1,该用户急切希望主播展示或推荐短款皮衣这款商品。
Jing1000086,服饰鞋履,想裤子,1,该用户想表达的是对直播中展示的裤子款式产生了购买兴趣，希望主播详细介绍或上架相关商品。
Jing1000086,服饰鞋履,呢种修身的防晒衣会不会上,1,该用户是在询问直播间是否会推出修身款式的防晒衣。
Jing1000086,服饰鞋履,裤子是微喇还是直筒?,1,该用户想确认当前展示的裤子具体是微喇裤型还是直筒裤型，以便根据个人偏好决定是否购买。
Jing1000086,服饰鞋履,"欣姐,给我们上款马甲呗",1,该用户希望主播推荐或上新一款马甲服饰。
Jing1000086,服饰鞋履,有白色腰带吗,1,该用户是在询问直播间是否售卖与当前展示商品配套的白色腰带款式。
Jing1000086,服饰鞋履,想要短裤,1,该用户是在询问直播间是否会售卖短裤款式，并表达了自己对这类商品的购买意愿。
Jing1000086,服饰鞋履,好美好美,0,该用户想表达的含义是：对主播当前展示的服装款式或穿搭效果表示强烈的欣赏和喜爱。  （结合前文弹幕多为对具体商品的询问和需求，此处的“好美好美”更可能是针对主播实时展示的某件商品或整体搭配发出的赞叹，隐含潜在购买兴趣。）
Jing1000086,服饰鞋履,是直筒吗,1,该用户是在询问当前展示的裤子款式是否为直筒裤。
Jing1000086,服饰鞋履,对喜欢这个,1,该用户想表达的是对当前直播展示的某款商品产生了明确的兴趣和喜爱。
Jing1000086,服饰鞋履,腿粗的有吗,1,该用户是在询问直播间是否有适合腿粗人群的服装款式。
Jing1000086,服饰鞋履,有没有弹力,1,该用户可能在询问当前展示的服装是否具有弹性面料特性。
Jing1000086,服饰鞋履,有弹力吗,1,该用户是在询问商品（可能是裤子或上衣）的面料是否具备伸缩性，以便判断穿着的舒适度和合身程度。
Jing1000086,服饰鞋履,碎花连衣裙有吗,1,该用户是在询问直播间是否售卖碎花连衣裙这一款式。
Jing1000086,服饰鞋履,裤子是高腰吗,1,该用户想询问裤子的版型是否属于高腰设计，以判断是否符合自己的穿着需求或偏好。
Jing1000086,服饰鞋履,有没有小个子穿的裤子?????,1,该用户想询问是否有适合身高较矮人群的裤装款式。
Jing1000086,服饰鞋履,能搭配黄色短袖不,1,该用户是在询问当前展示的商品是否能与黄色短袖进行搭配。
Jing1000086,服饰鞋履,破洞的还上吗?,1,该用户是在询问之前展示过的破洞款式商品是否会再次补货或上架。
Jing1000086,服饰鞋履,裤子什么时候上?,1,该用户是在询问主播何时会推出或展示裤子的商品链接。
Jing1000086,服饰鞋履,胖纸能穿吗,1,该用户是在询问当前展示的服装款式是否适合体型偏胖的人穿着。
Jing1000086,服饰鞋履,上衣没有了,1,该用户想表达的含义是：询问主播是否还有同款上衣的库存或是否会补货。
Jing1000086,服饰鞋履,弹力有吗,1,该用户是在询问商品是否具备弹性材质或伸缩性能。
Jing1000086,服饰鞋履,有白色腰带,0,该用户是在询问当前展示的商品是否有白色款式的腰带配件。
Jing1000086,服饰鞋履,"我买了,很好穿",0,该用户想表达的含义是：自己已经购买了直播间的某款产品，并且对实际穿着效果感到满意。  （结合前文弹幕高频关注裤子版型、弹力、尺码等细节，可推测用户购买的可能是裤子类商品，且实际体验符合甚至超出预期，从而主动分享正面反馈以强化直播间信任氛围。）
Jing1000086,服饰鞋履,胖子能穿这裤子吗,1,该用户是在询问这条裤子是否适合体型偏胖的人穿着，表达了对产品的潜在购买兴趣但担心尺码或版型不合适。
Jing1000086,服饰鞋履,身高1米5的能穿吗?,1,该用户是在询问商品是否适合小个子身材穿着。
Jing1000086,服饰鞋履,夏款吗,1,该用户是在询问当前展示的商品是否为夏季款式。
Jing1000086,服饰鞋履,内搭吊带,1,该用户可能在询问当前展示的服装是否有配套的内搭吊带款式。
Jing1000086,服饰鞋履,"上衣没有,怎么下单",1,该用户想表达的含义是：想购买这件上衣但发现已经缺货了，询问如何解决购买问题。
Jing1000086,服饰鞋履,短皮衣短皮衣短皮衣短皮衣短皮衣短皮衣,1,该用户可能是在强烈询问或催促主播展示/介绍短皮衣款式，表达对该单品的高度兴趣或购买意向。
Jing1000086,服饰鞋履,胖子能穿吗,1,该用户是在询问直播展示的服装款式是否适合体型偏胖的人群穿着。
Jing1000086,服饰鞋履,有没有直筒白色裤子,1,该用户想询问直播间是否售卖适合自己需求的白色直筒裤款式。
Jing1000086,服饰鞋履,揍你[捂脸][捂脸][捂脸][捂脸][捂脸]喜欢,0,"该用户想表达的含义是：虽然用玩笑语气吐槽主播，但实际对当前展示的商品很感兴趣并表示喜爱。  （解析：结合前文弹幕多为具体商品咨询和购买意向，且语境轻松，用户通过夸张表情符号和""揍你""这种亲昵调侃反向表达对商品的认可，""喜欢""为直接表态，整体符合直播间的互动氛围。）"
Jing1000086,服饰鞋履,发美背了,0,该用户想询问直播中展示的“美背”款式服装是否已经开放购买或上架。
Jing1000086,服饰鞋履,欣姐要放大招了,0,该用户可能在期待主播即将展示或推出令人惊喜的新品或优惠活动。
Jing1000086,服饰鞋履,口红口红“,1,"该用户想表达的含义是：急切询问主播什么时候介绍或上架口红产品。  （结合前文弹幕多为对具体商品的催促和询问，且语境偏购物导向，""口红口红""的重复呼喊更可能是表达对产品的强烈兴趣或催促，而非单纯讨论。）"
Jing1000086,服饰鞋履,主要我腿肥,0,该用户是在委婉询问这条裤子是否适合腿粗的人穿。
Jing1000086,服饰鞋履,白色裙子还能上吗白色裙子还能上吗,1,该用户急切询问白色裙子是否会再次补货或上架销售。
Jing1000086,服饰鞋履,衣服小个子,1,该用户想询问这件衣服是否适合身材娇小的人穿着。
Jing1000086,服饰鞋履,跟破洞裤一样的款吗?,1,该用户是在询问当前展示的商品是否与之前提到的破洞裤属于同款或相似款式。
Jing1000086,服饰鞋履,抖音转了一圈还是回来你家了,0,该用户想表达的含义是：对比了其他渠道后，最终认为这个直播间最值得信赖或商品最符合需求。
Jing1000086,服饰鞋履,高腰还是低腰,1,该用户可能在询问裤子的腰线设计选项，想确认产品是否有不同款式可供选择。
Jing1000086,服饰鞋履,"矮个子的上衣,再加点",1,该用户想表达的含义是：询问是否有适合小个子穿的上衣款式，并希望主播多推荐一些类似的选择。
Jing1000086,服饰鞋履,短皮衣短皮衣短皮衣短皮衣短皮衣短皮衣短皮衣短皮衣短皮衣短皮衣短皮衣,1,该用户想表达的含义是：强烈要求主播展示或介绍短皮衣款式。  （高频重复关键词“短皮衣”体现急切需求，可能是对之前未回应的追问，或希望主播优先讲解该单品。）
Jing1000086,服饰鞋履,小个子卡码怎么拍?,1,该用户是在询问适合小个子身材的服装尺码选择建议。
Jing1000086,服饰鞋履,关键每一次买了很久都不发货.又退退了又买,0,该用户想表达的含义是：对商家长期拖延发货又反复退货的购物体验感到不满和无奈。
Jing1000086,服饰鞋履,破洞裤子[比心][比心][比心][比心],1,该用户想表达的含义是：对破洞裤款式非常喜爱并可能有意购买。  （结合前文语境，直播间正在讨论裤子款式、尺码等问题，且用户用多个[比心]表情强化情感，暗示强烈兴趣或购买倾向。）
Jing1000086,服饰鞋履,卡码怎么拍,1,该用户是在询问小个子尺码的商品该如何选择购买。
Jing1000086,服饰鞋履,真牛逼,0,该用户可能是在赞叹主播展示的商品效果或直播内容精彩，表达强烈的认可或兴奋情绪。
Jing1000086,服饰鞋履,太给力,0,该用户想表达的含义是：对主播展示的商品或促销活动感到非常满意和兴奋。
Jing1000086,服饰鞋履,你家的衣服真的很好看,0,该用户想表达的含义是：对商家的服装款式表示认可并隐含购买意向。  （结合前文弹幕中频繁出现的尺码咨询、款式追问等购物相关互动，该弹幕属于正向反馈，语境更偏向于潜在消费动机的表达，而非单纯审美评价。）
Jing1000086,服饰鞋履,防晒霜什么时候出,1,该用户想询问防晒霜产品的上架时间，表现出对商品的关注和潜在购买意向。
Jing1000086,服饰鞋履,"腰带,白色腰带",1,该用户可能在询问或表达对白色腰带这款商品的兴趣，希望主播展示或介绍相关信息。
Jing1000086,服饰鞋履,卡码怎么了,0,该用户想询问商品尺码选择的具体方法或建议。
Jing1000086,服饰鞋履,安全裤有吗,1,该用户可能在询问直播间是否有售卖安全裤这类商品，表达了对特定款式的购买兴趣或需求。
Jing1000086,服饰鞋履,短皮衣短皮衣短皮衣,1,该用户急切想确认直播间是否会推出或展示短款皮衣款式。
Jing1000086,服饰鞋履,送皮带不,1,该用户可能在询问直播间的促销活动是否包含赠送腰带的福利。
Jing1000086,服饰鞋履,黄色短袖能不能再上一波,1,该用户希望直播间能再次补货上架那款黄色短袖。
Jing1000086,服饰鞋履,矮个子的太长,0,该用户想表达的含义是：这件衣服对于身高较矮的人来说衣长过长了。
Jing1000086,服饰鞋履,短皮衣短皮衣短皮衣短皮衣,1,该用户想表达的含义是：强烈要求主播展示或上架短款皮衣款式。  （通过重复关键词“短皮衣”体现急切需求，结合前文其他用户对尺码、款式的提问，可推断该用户可能在催促主播回应或希望优先介绍该单品。）
Jing1000086,服饰鞋履,上衣穿的什么长度,1,该用户可能在询问主播展示的上衣是适合常规身高还是特意为小个子设计的短款款式。
Jing1000086,服饰鞋履,小个子衣服没有了,1,该用户想表达的含义是：适合矮个子的服装款式已经售罄了。
Jing1000086,服饰鞋履,没有了,0,该用户想表达的含义是：小个子款式的衣服已经售罄了。
Jing1000086,服饰鞋履,腿粗能穿吗,1,该用户是在询问主播展示的服装款式是否适合腿粗的身材穿着，隐含对产品适配性的顾虑和潜在的购买意向。
Jing1000086,服饰鞋履,黄色鞋子,1,该用户可能是在询问或表达对直播中展示的黄色鞋子的兴趣，想确认是否有货或希望主播详细介绍这款产品。
Jing1000086,服饰鞋履,收到了挺好看的,0,该用户想表达的含义是：对已收到的商品表示满意，认为外观符合预期。  （结合前文弹幕中频繁出现的商品讨论和购买意向，此回复可能是对之前购买商品的正面反馈，隐含继续关注或复购的潜在兴趣。）
Jing1000086,服饰鞋履,短皮衣,1,该用户想表达的含义是：对主播展示的短款皮衣感兴趣，希望进一步了解或购买。  （结合前文高频出现的“短皮衣”弹幕及询问商品细节的语境，可推断用户是在主动询问或强调该单品，表达明确的购买意向。）
Jing1000086,服饰鞋履,断码了,0,该用户想表达的含义是：想买的商品尺码已经售罄了。
Jing1000086,服饰鞋履,你身上的美背,1,该用户可能是对主播身上穿的美背款式感兴趣，询问是否有同款或类似产品。
Jing1000086,服饰鞋履,小码没了,0,该用户想表达的含义是：商品的小尺码已经售罄了。
Jing1000086,服饰鞋履,有没有烟管裤,1,该用户是在询问直播间是否有售卖烟管裤这一单品，表现出对该款裤装的购买兴趣和需求。
Jing1000086,服饰鞋履,裤子卡吗怎么拍,1,该用户是在询问裤子的尺码是否偏小以及如何下单购买。
Jing1000086,服饰鞋履,衣长多少,1,该用户是在询问衣服的具体长度信息，以判断是否适合自己的身材或穿着需求。
Jing1000086,服饰鞋履,白色腰带,1,该用户可能在询问直播间展示的白色腰带是否有货或能否购买。
Jing1000086,服饰鞋履,裤子看看,1,该用户想表达的含义是：希望主播展示或详细介绍当前提到的裤子款式。
Jing1000086,服饰鞋履,没码了,0,该用户想表达的是商品尺码已经售罄无法购买。
Jing1000086,服饰鞋履,三宅裙还能上吗,1,该用户是在询问直播间是否还会补货或重新上架三宅一生的裙子款式。
Jing1000086,服饰鞋履,欣姐上衣穿的什么长度,1,该用户是在询问主播身上所穿上衣的具体衣长尺寸，可能是出于对款式是否适合自己的考虑。
Jing1000086,服饰鞋履,卡码怎么拍[比心],1,该用户是在询问商品尺码选择及购买方式，同时表达了对该商品的兴趣和好感。
Jing1000086,服饰鞋履,没有码数了,0,该用户想表达的含义是：想购买的商品已经没有合适的尺码了。
Jing1000086,服饰鞋履,没有啦!s码裤子,0,该用户想表达的含义是：询问主播S码的裤子是否已经售罄。
Jing1000086,服饰鞋履,要私服,1,该用户想表达的含义是：询问主播身上穿的私服款式是否可以购买。
Jing1000086,服饰鞋履,没抢到裤子,0,该用户因商品库存不足未能成功购买心仪的裤子而感到遗憾。
Jing1000086,服饰鞋履,直筒裤有没???,1,该用户是在询问直播间是否有直筒裤这款商品。
Jing1000086,服饰鞋履,上衣变形不变形?,1,该用户是在询问上衣的版型是否容易走样或失去原有形状。
Jing1000086,服饰鞋履,没拍到,0,该用户想表达的含义是：没抢到想要的商品。
Jing1000086,服饰鞋履,没码小个子,0,该用户想表达的含义是：小尺码的服装已经售罄了。
Jing1000086,服饰鞋履,xs没有了,0,该用户想表达的含义是：商品的最小尺码已经售罄了。
Jing1000086,服饰鞋履,白色私服还有多久啊,1,该用户是在询问直播中即将展示的白色私服款式的上架时间，表现出对这款商品的期待和购买意向。
Jing1000086,服饰鞋履,衣服纠结颜色,1,该用户对衣服的颜色选择感到犹豫，希望主播能提供建议或展示更多颜色选项。
Jing1000086,服饰鞋履,买了二十多天了还没有发货啊,0,该用户想表达的含义是：对迟迟未发货的订单感到不满和焦急，希望催促商家尽快处理。
Jing1000086,服饰鞋履,面膜开价了吗,0,该用户是在询问面膜的价格是否已经公布或开始促销。
Jing1000086,服饰鞋履,小马没了,0,该用户想表达的含义是：小码的货品已经售罄了。
Jing1000086,服饰鞋履,裤子还有吗,0,该用户是在询问直播间所售裤子的库存情况，表达出对商品的购买意向和担心缺货的焦虑。
Jing1000086,服饰鞋履,XXS没了,0,该用户想表达的是：最小码的商品已经售罄了。
Jing1000086,服饰鞋履,裤子没有了,0,该用户想表达的是对裤子已售罄的遗憾或询问是否还会补货。
Jing1000086,服饰鞋履,主推什么颜色,1,该用户想询问主播推荐的商品中哪种颜色最受欢迎或最值得购买。
Jing1000086,服饰鞋履,"裤子没了,卡了就没了",0,该用户想表达的含义是：裤子库存已经售罄，因为网络卡顿导致自己没能抢到。
Jing1000086,服饰鞋履,卡吗怎么拍,1,该用户是在询问商品是否因网络卡顿导致无法顺利下单，并想了解具体的购买方式。
Jing1000086,服饰鞋履,有防晒霜吗,1,该用户想询问直播间是否正在售卖防晒霜产品。
Jing1000086,服饰鞋履,想要烫钻小微喇叭裤,1,该用户想表达的含义是：对主播展示的烫钻小微喇叭裤有购买意向，询问是否还有货或如何购买。
Jing1000086,服饰鞋履,裤子没有码了,0,该用户想表达的含义是：询问直播中提到的裤子是否已经售罄或断码。
Jing1000086,服饰鞋履,放大招了,0,该用户可能在催促主播尽快展示或推出热门商品，暗示当前抢购氛围激烈、需要加快节奏。
Jing1000086,服饰鞋履,没有抢到,0,该用户想表达的含义是：因商品抢购激烈或库存不足而未能成功购买到心仪的产品。
Jing1000086,服饰鞋履,没码啦,0,该用户想表达的含义是：商品已经没有合适的尺码可供购买了。
Jing1000086,服饰鞋履,发货慢,0,该用户对商品迟迟未送达感到不满，暗示对商家的物流效率有所抱怨。
Jing1000086,服饰鞋履,没买到,0,该用户想表达的含义是：因为商品缺货或手速慢而未能成功下单。
Jing1000086,服饰鞋履,没抢上[捂脸],0,该用户因商品售罄未能成功购买而感到遗憾和无奈。
Jing1000086,服饰鞋履,裤子没码了,0,该用户想表达的含义是：对裤子缺货感到失望，暗示自己原本有购买意向但未能成功抢到。
Jing1000086,服饰鞋履,裤子没了,0,该用户想表达的是对裤子缺货的失望和遗憾。
Jing1000086,服饰鞋履,裤子再上点,0,该用户希望主播能补货或重新上架之前售罄的裤子款式。
Jing1000086,服饰鞋履,牛仔裤上点,0,该用户是在催促主播补货牛仔裤，希望尽快重新上架购买。
Jing1000086,服饰鞋履,裤子xs没有了,0,该用户想表达的含义是：想购买的XS码裤子已经售罄，感到遗憾或希望补货。
Jing1000086,服饰鞋履,牛仔裤拍不到,0,该用户想表达的含义是：牛仔裤的库存已经售罄，自己没能抢购到。
Jing1000086,服饰鞋履,裤子卡码怎么拍,1,该用户想询问当裤子尺码库存紧张时应该如何正确下单购买。
Jing1000086,服饰鞋履,没了裤子,0,该用户想表达的含义是：裤子已经卖完或没货了，感到遗憾或不满。
Jing1000086,服饰鞋履,抢不到,0,该用户想表达的含义是：对热门商品库存紧张导致未能成功购买的遗憾和焦急情绪。
Jing1000086,服饰鞋履,裤子没有,0,该用户想表达的含义是：裤子已经售罄或没有库存了。
Jing1000086,服饰鞋履,短皮衣短皮衣短皮衣短皮衣短皮衣短皮衣,1,该用户急切希望主播上架或展示短皮衣款式，可能是看到其他商品缺货后转而关注自己心仪的单品。
Jing1000086,服饰鞋履,牛仔裤没有了,0,该用户想表达的含义是：牛仔裤的库存已经售罄，希望商家能补货。
Jing1000086,服饰鞋履,裤子没啦,0,该用户想表达的含义是：裤子已经售罄或自己想要的尺码缺货了。
Jing1000086,服饰鞋履,没小码了,0,该用户想表达的含义是：对商品缺码感到遗憾，暗示自己因尺码售罄而无法购买。
Jing1000086,服饰鞋履,试试粉色,1,该用户想表达的是：建议主播展示或推荐粉色款式的商品试试看。  （结合前文弹幕中频繁提及缺货、抢不到裤子等商品信息，用户可能在互动中转向其他颜色或款式的提议，试图找到可购买的替代选项。）
Jing1000086,服饰鞋履,托地裤还是微喇,1,该用户可能在询问主播当前展示的裤型是拖地款还是微喇款，以便确认款式是否符合自己的购买需求。
Jing1000086,服饰鞋履,"那个是,119",0,该用户想表达的含义是：询问或确认某款商品（可能是牛仔裤或皮衣）的价格是否为119元。  （结合前文弹幕高频提及“裤子”“牛仔裤”“没码”“抢不到”等，用户可能看到商品但未明确价格，或对119元的价格感到意外/不确定，故简洁提问。）
Jing1000086,服饰鞋履,裤子加单,0,该用户想表达的含义是：希望主播能追加裤子的库存或再次上架这款裤子。
Jing1000086,服饰鞋履,欣姐好白,0,该用户可能是在夸赞主播肤色白皙，以此表达对主播外貌的欣赏或拉近距离的互动意图，但并未直接体现购买意向。
Jing1000086,服饰鞋履,啥时候会有唇膏,1,该用户是在询问主播何时会补货或上新唇膏产品，表达了对该商品的购买需求和期待。
Jing1000086,服饰鞋履,看一下背后,1,该用户想表达的含义是：想看看产品背面的细节展示。  （结合前文弹幕中频繁提及裤子、尺码、款式等商品信息，用户可能对当前展示的商品感兴趣，但需要更多视角或细节确认购买意向。）
Jing1000086,服饰鞋履,"裤子没了,没了没了",0,该用户想表达的含义是：心仪的裤子款式或尺码已售罄，感到遗憾和急切希望补货。
Jing1000086,服饰鞋履,裤子断码了,0,该用户想表达的含义是：对裤子缺货的失望和询问是否会补货。
Jing1000086,服饰鞋履,裤子断码的,0,该用户想表达的含义是：裤子的某些尺码已经售罄或库存不足了。
Jing1000086,服饰鞋履,牛仔裤没拍到,0,该用户想表达的含义是：想购买牛仔裤但没抢到库存。
Jing1000086,服饰鞋履,什么时候有九分裤,1,该用户是在询问直播间何时会上架九分裤款式，透露出对当前缺货情况的关注和潜在的购买意向。
Jing1000086,服饰鞋履,牛仔裤又没有抢到矮个子S码,0,该用户因多次未能抢到适合矮个子穿的小码牛仔裤而感到失望和 frustration。
Jing1000086,服饰鞋履,裤子呢,0,该用户是在急切询问或抱怨直播间里裤子的库存情况，可能因之前多次出现断货或抢购失败而表现出焦虑或不满情绪。
Jing1000086,服饰鞋履,裤子在上点,0,该用户希望主播尽快补货或重新上架裤子款式。
Jing1000086,服饰鞋履,裤子在上一波,0,该用户想表达的含义是：之前上架的裤子已经卖完了，希望主播能再次补货或重新上架。
Jing1000086,服饰鞋履,裤子没抢到[发呆],0,该用户因未能成功抢购到心仪的裤子而感到遗憾和失落。
Jing1000086,服饰鞋履,裤子也整个福利嘛[比心][比心][比心],0,该用户希望主播能为裤子类商品增加优惠活动或补货，以满足抢购需求。
Jing1000086,服饰鞋履,加裤子,0,该用户想表达的含义是：要求主播补货或增加裤子的库存选项。
Jing1000086,服饰鞋履,小个子没货,0,该用户想表达的含义是：小个子尺码的裤子已经售罄了。
Jing1000086,服饰鞋履,裤子小个子的没有了,0,该用户想表达的含义是：适合小个子身材的裤子已经售罄了。
Jing1000086,服饰鞋履,裤子上点,0,该用户是在催促主播尽快补货或上新裤子款式。
Jing1000086,服饰鞋履,白色可以拍白色裙子吗,1,该用户想询问直播中展示的白色裙子是否还有库存可供购买。
Jing1000086,服饰鞋履,小个子版的没有了,0,该用户想表达的含义是：适合矮个子的尺码已经售罄了。
Jing1000086,服饰鞋履,没拍到裤子,0,该用户想表达的含义是：因库存不足或手速慢而未能成功抢购到心仪的裤子款式。
Jing1000086,服饰鞋履,裤子小个子版没了,0,该用户想表达的含义是：自己想要的适合小个子身材的裤子款式已经售罄了，感到遗憾或希望补货。
Jing1000086,服饰鞋履,裤子没买到,0,该用户因直播间的裤子商品库存不足或抢购失败而感到遗憾，表达未能成功购买的失望情绪。
Jing1000086,服饰鞋履,小个子没码了,0,该用户想表达的含义是：小个子尺码的裤子已经售罄，自己因缺货未能购买到合适尺寸。
Jing1000086,服饰鞋履,"裤子没有抢到,矮个子版的没有了",0,该用户因小个子尺码的裤子缺货而感到遗憾，表达了对该款商品的强烈购买意愿和未能抢到的心急情绪。
Jing1000086,服饰鞋履,裤子没拍到,0,该用户想表达的是因库存不足或手速慢而未能成功购买到心仪的裤子。
Jing1000086,服饰鞋履,屁股大的能穿不!,1,该用户是在询问这款裤子是否适合臀部较丰满的身材穿着。
Jing1000086,服饰鞋履,小个子没有了,0,该用户想表达的含义是：直播中适合矮个子身材的裤子款式已经售罄了。
Jing1000086,服饰鞋履,看看身上这裤子,1,该用户想表达的含义是：让主播展示或介绍当前穿着的裤子款式。
Jing1000086,服饰鞋履,裤子矮个子在上点,0,该用户想表达的含义是：希望主播为矮个子身材的顾客再补货上架这款裤子。  （结合前文语境，直播间多次提及“小个子/矮个子版裤子缺货”，用户用不规范的表达强调需求，核心诉求是催促补货并针对特定体型群体。）
Jing1000086,服饰鞋履,裤子小个子没有拍到,0,该用户想表达的含义是：小个子尺码的裤子已经售罄，自己没能成功抢购到。
Jing1000086,服饰鞋履,白色皮带,1,"该用户可能是在询问或暗示主播展示/上架白色款式的皮带商品。  （结合前文高频出现的""裤子缺货/求补货""语境，用户将关注点从裤子转移到配饰皮带，且明确指向白色这一具体属性，表达潜在购买意向或对当前商品扩展的需求。）"
Jing1000086,服饰鞋履,裤子裤子裤子,1,该用户急切催促主播补货或上新裤子款式，尤其可能关注小个子尺码的库存情况。
Jing1000086,服饰鞋履,裤子没抢到,0,该用户想表达的是因商品库存不足或抢购速度慢而未能成功购买到心仪的裤子款式。
Jing1000086,服饰鞋履,上衣没有了,0,该用户想表达的含义是：上衣的库存也已经售罄了。
Jing1000086,服饰鞋履,小码没有了,0,该用户想表达的含义是：裤子的小码款式已经售罄了。
Jing1000086,服饰鞋履,短皮衣短皮衣,1,该用户是在急切呼吁主播上架或展示短款皮衣，可能是看到其他款式缺货后转而关注这款商品。
Jing1000086,服饰鞋履,往后面跑看不到裤子,1,该用户是在抱怨直播画面没有展示裤子的全貌或细节，导致自己无法看清商品款式。
Jing1000086,服饰鞋履,裤子再加[捂脸]卡了没拍到,0,该用户因网络卡顿错过了裤子的抢购机会，感到遗憾和无奈。
Jing1000086,服饰鞋履,你本人不适合太保守的,0,该用户可能在委婉建议主播尝试更时尚或大胆的穿搭风格，暗示当前展示的服装款式过于保守。
Jing1000086,服饰鞋履,矮个子的上衣没有了,1,该用户想表达的含义是：适合矮个子身材的上衣款式已经售罄了。
Jing1000086,服饰鞋履,黄黑皮穿那个色,1,该用户可能在询问适合黄黑肤色的服装颜色推荐，暗示对某款商品有购买意向但担心颜色是否适合自己。
Jing1000086,服饰鞋履,欣姐穿的长款还是短款,1,该用户是在询问主播身上穿的裤子款式（长款或短款），以判断是否适合自己的身材或穿搭需求。
Jing1000086,服饰鞋履,103斤买s还是m,1,该用户是在询问自己103斤的体重应该选择S码还是M码的服装。
Jing1000086,服饰鞋履,卡码怎么拍,1,该用户想询问如何选择或购买适合自己的尺码商品。
Jing1000086,服饰鞋履,短皮衣短皮衣短皮衣短皮衣短皮衣短皮衣短皮衣,1,该用户急切地询问或催促主播展示/讲解短款皮衣产品，可能是担心错过购买机会或希望确认库存情况。
Jing1000086,服饰鞋履,褲子沒了,0,该用户想表达的含义是：想购买的裤子款式已经售罄或抢不到了。  （结合前文语境中频繁出现的“没抢到”“没有了”“卡码”等缺货焦虑，以及针对裤子的密集讨论，可推断用户是在遗憾特定商品库存不足）
Jing1000086,服饰鞋履,身上美背,1,该用户可能在询问主播身上穿的美背款式是否还有货或适合自己购买。
Jing1000086,服饰鞋履,裤子小码,1,该用户想表达的含义是：询问这条裤子是否有小尺码的库存。  （结合前文语境，直播间频繁提及裤子和小码缺货问题，用户可能担心小码售罄，因此直接询问尺码情况。）
Jing1000086,服饰鞋履,主播裤子穿的什么码,1,该用户想询问主播所穿裤子的尺码信息，以便参考购买合适的尺寸。
Jing1000086,服饰鞋履,白色裙子,1,该用户可能在询问或表达对直播中展示的白色裙子的兴趣，想了解详情或确认是否有货。
Jing1000086,服饰鞋履,有九分裤吗,1,该用户是在询问直播间是否有九分裤款式的商品可供购买。
Jing1000086,服饰鞋履,裤子上,1,该用户想表达的含义是：询问当前展示或讨论的裤子相关细节或购买信息。
Jing1000086,服饰鞋履,推荐啥色,1,该用户想询问主播推荐适合自己肤色的服装颜色。
Jing1000086,服饰鞋履,"今天第7天了,还没有发货[捂脸]",0,该用户是在催促商家尽快处理自己的订单发货问题，同时略带无奈地表达了对物流延迟的不满情绪。
Jing1000086,服饰鞋履,聚一聚哈单,0,该用户可能在催促主播集中介绍或上架某款名为“聚一聚哈单”的商品，或是希望主播对已展示的该商品进行详细讲解。
Jing1000086,服饰鞋履,裤子没友,0,该用户想表达的含义是：裤子已经卖完了。
Jing1000086,服饰鞋履,美背美背美背美背美背美背,1,该用户想表达的含义是：强烈要求主播展示或推荐美背款式的服装。  （结合前文弹幕高频出现对具体款式的呼唤（如“短皮衣”“裤子”）以及尺码、颜色的咨询，可推断用户是在跟风聚焦某一单品，并希望主播回应需求。）
Jing1000086,服饰鞋履,裤子小个子没有了,0,该用户想表达的含义是：小码的裤子已经售罄了，自己没能买到。
Jing1000086,服饰鞋履,你穿的是小个子还是高个子衣服,1,该用户是在询问主播身上展示的服装款式更适合哪种身高体型的人穿着。
Jing1000086,服饰鞋履,裤子裤子,1,该用户想表达的含义是：询问或强调当前直播中展示的裤子款式或购买信息。  （结合前文弹幕高频提及“裤子”相关需求（如尺码、缺货、款式），用户可能在急切关注裤子的具体细节或库存情况。）
Jing1000086,服饰鞋履,没裤子,0,该用户想表达的含义是：裤子已经卖完了或没有合适的裤子可选。
Jing1000086,服饰鞋履,裤子上点没抢到,0,该用户想表达的含义是：想买裤子但没抢到合适的尺码或款式。
Jing1000086,服饰鞋履,衣服没有了,0,该用户想表达的含义是：看中的服装款式已经售罄了。
Jing1000086,服饰鞋履,裤子在上一下,0,该用户希望主播重新上架或补货刚才售罄的裤子款式。
Jing1000086,服饰鞋履,衣服变形不变,1,该用户是在询问衣服的版型是否会因穿着或洗涤而走样变形，隐含对商品质量的担忧和购买前的顾虑。
Jing1000086,服饰鞋履,看看你的鞋子呢[呲牙],1,用户对主播当前展示的鞋子感兴趣，想进一步了解细节或看到更多展示。
Jing1000086,服饰鞋履,短皮衣,1,该用户可能在询问主播是否有短款皮衣这款商品，或是想了解短皮衣的相关信息。
Jing1000086,服饰鞋履,身上腰带,1,该用户可能在询问主播身上所佩戴的腰带是否有售卖或相关搭配建议。
Jing1000086,服饰鞋履,裤子上一下,0,该用户是在催促主播重新上架或补货裤子款式。
Jing1000086,服饰鞋履,裤子没啦,0,该用户想表达的含义是：裤子商品已经售罄或下架了，希望主播能补货或重新上架。
Jing1000086,服饰鞋履,裤子还有没,0,该用户是在询问直播间是否还有裤子库存可供购买。
Jing1000086,服饰鞋履,裤子裤子没了,0,该用户想表达的含义是：裤子已经卖完了，自己没抢到。
Jing1000086,服饰鞋履,衣服卡码拍什么,1,该用户是在询问衣服尺码不合适时该如何选择或调整购买方案。
Jing1000086,服饰鞋履,矮个女没XXS啦,0,该用户想表达的含义是：小个子女生穿的XXS尺码已经卖完了。
Jing1000086,服饰鞋履,在上点裤子,0,该用户是在催促主播尽快补货或重新上架裤子款式，表现出强烈的购买意愿和急切需求。
Jing1000086,服饰鞋履,卡码怎么拍?,1,该用户想询问如果衣服尺码不合适该如何下单购买。
Jing1000086,服饰鞋履,"没完了,等不到美背",0,该用户想表达的含义是：等待主播展示美背款式的产品等得太久，已经不耐烦了。
Jing1000086,服饰鞋履,可以回复一下搭百褶裙好看吗,1,该用户想询问主播推荐的穿搭建议，看某件衣服是否适合搭配百褶裙来提升整体效果。
Jing1000086,服饰鞋履,裤子开一下,0,该用户希望主播重新上架或展示裤子款式以供购买。
Jing1000086,服饰鞋履,你这个打底有么,1,该用户想询问主播当前是否有货或会补货这款打底衣物。
Jing1000086,服饰鞋履,裤子看一下,1,该用户想表达的含义是：希望主播展示或介绍裤子的款式和详情。
Jing1000086,服饰鞋履,蕾丝背心[比心],1,该用户想表达对蕾丝背心这款商品的喜爱和购买意向。
Jing1000086,服饰鞋履,白色私服,1,该用户想表达的含义是：询问主播是否还有白色款的私服可供购买。
Jing1000086,服饰鞋履,这个打底,1,该用户想询问主播当前展示的打底衫是否有货或能否再次上架。
Jing1000086,服饰鞋履,身上的皮带有吗,1,该用户是在询问主播身上穿戴的皮带是否有货或能否购买。
Jing1000086,服饰鞋履,越来越好看了,0,该用户想表达的含义是：对直播中展示的商品款式或搭配效果感到越来越满意和喜爱。
Jing1000086,服饰鞋履,上裤子,0,该用户希望主播尽快展示或上架裤子商品以供购买。
Jing1000086,服饰鞋履,身上牛仔裤,1,该用户想询问主播身上穿的牛仔裤是否有货或能否展示详情。
Jing1000086,服饰鞋履,要你的项链,1,该用户想表达的含义是：我想要购买主播现在佩戴的同款项链。
Jing1000086,服饰鞋履,裤子裤子裤子裤子裤子裤子,1,该用户急切催促主播重新上架或展示裤子款式，表达强烈的购买意愿。
Jing1000086,服饰鞋履,没有新款吗,1,该用户可能在询问直播间是否会上架更多新款式商品，表现出对现有款式不够满意或期待更多选择的购买兴趣。
Jing1000086,服饰鞋履,短皮衣短皮衣短皮衣短皮衣短皮衣短皮衣短皮衣短皮衣,1,该用户想表达的含义是：强烈要求主播展示或上架短款皮衣款式。  （通过重复高频刷屏“短皮衣”可见其急切需求，结合前文弹幕中频繁出现的催上架、问款式等行为，可推断用户是在用刷屏方式强调对特定商品的兴趣和购买意向。）
Jing1000086,服饰鞋履,这个裤子可跟那个破洞的一样,1,该用户想询问这条裤子是否和之前展示的破洞款是同一款或相似款式。
Jing1000086,服饰鞋履,衣服变形不,1,该用户是在询问衣服是否容易变形，担心质量问题影响购买决策。
Jing1000086,服饰鞋履,回复一下搭百褶裙好看吗,1,该用户是想询问主播身上展示的服装是否适合搭配百褶裙，希望得到穿搭建议以判断是否值得购买。
Jing1000086,服饰鞋履,"身上的皮带,身上的皮带",1,该用户想表达的含义是：询问主播身上所佩戴的皮带是否有售或能否展示详情。
Jing1000086,服饰鞋履,裤子有弹性吗,1,该用户想询问裤子的材质是否具备伸缩性以确认穿着舒适度。
Jing1000086,服饰鞋履,裤子没拉,0,该用户想表达的含义是：要求主播展示或介绍当前穿着的裤子款式。
Jing1000086,服饰鞋履,没有抢到裤子啊,0,该用户因未能成功购买到心仪的裤子而感到遗憾和失望。
Jing1000086,服饰鞋履,"欣姐,你的手怎样了?还好吗?[比心]",0,该用户是在关心主播的身体状况，而非表达对商品的购买兴趣。
Jing1000086,服饰鞋履,背心有链接吗,1,该用户是在询问直播中展示的背心商品是否有购买链接，表达了对该款背心的潜在购买意向。
Jing1000086,服饰鞋履,裤子加,0,该用户想表达的含义是：催促主播尽快上架或展示裤子的相关信息。
Jing1000086,服饰鞋履,裤子还有吗,0,该用户想询问直播中提到的裤子是否仍有库存可供购买。
Jing1000086,服饰鞋履,"小个子裤子都没了,小个子裤子上一下小个子的裤子",0,该用户急切希望主播补货或推荐适合小个子身材的裤子款式。
Jing1000086,服饰鞋履,有新款连衣裙吗,1,该用户可能是在询问直播间是否会上架最新款式的连衣裙，表现出对特定商品的购买兴趣和需求。
Jing1000086,服饰鞋履,有夏天的连衣裙吗,1,该用户是在询问直播间是否有适合夏季穿着的连衣裙款式可供选购。
Jing1000086,服饰鞋履,衣服黄色显白吗?,1,该用户是在询问黄色款衣服的显白效果，以此判断是否值得购买。
Jing1000086,服饰鞋履,上你视频的套裙,1,该用户想表达的含义是：询问主播身上穿的套裙是否有售卖链接或能否上架购买。
Jing1000086,服饰鞋履,"你身上穿那个裤子,还有没?",0,该用户是在询问主播身上展示的同款裤子是否还有库存可供购买。
Jing1000086,服饰鞋履,"这件白色蕾丝背心买了到货了,质量不错[比心]",0,该用户想表达的含义是：对已购买的白色蕾丝背心表示满意并给予正面反馈。
Jing1000086,服饰鞋履,小个子裤子,1,该用户想表达的含义是：询问是否有适合小个子身材的裤子款式或库存。
Jing1000086,服饰鞋履,裤子小个子没买到,0,该用户想表达的含义是：小个子尺码的裤子已经售罄，自己没能成功购买到。
Jing1000086,服饰鞋履,没有了,0,该用户想表达的含义是：询问之前讨论的某款商品（很可能是裤子）是否已经售罄。
Jing1000086,服饰鞋履,短皮衣短皮衣短皮衣短皮衣短皮衣还,1,该用户急切地催促主播上架或重新展示短款皮衣，可能是因之前未抢到或担心库存不足而重复强调需求。
Jing1000086,服饰鞋履,小个子裤子加单,0,该用户想表达的含义是：希望商家为小个子尺寸的裤子增加库存或再次上架以便购买。
Jing1000086,服饰鞋履,昨天的私服,1,该用户想询问主播昨天直播时穿的那套私服是否有货或购买链接。
Jing1000086,服饰鞋履,吊带有胸垫吗,1,该用户是在询问吊带内衣是否带有内置胸垫的设计功能。
Jing1000086,服饰鞋履,你穿的衣服是最小码吗,0,该用户可能是在询问主播身上穿的衣服尺码是否适合身材娇小的消费者，以此判断自己是否适合购买同款。
Jing1000086,服饰鞋履,身高155体重110选小个子还是矮个子的裤子?,1,该用户是在询问适合自己身高体重的裤子尺码选择建议。
Jing1000086,服饰鞋履,裤子裤子裤子裤子裤子裤子裤子裤子,1,该用户想表达的含义是：强烈要求主播上架或补货裤子款式。  （结合前文高频出现的“裤子”需求和小个子尺码缺货的讨论，可推断用户通过重复刷屏强调对裤子的迫切购买意愿，可能是催促补货或询问库存。）
Jing1000086,服饰鞋履,上衣夸码怎么拍,1,该用户想询问上衣尺码偏大时应该如何选择购买选项。
Jing1000086,服饰鞋履,身材好穿什么都好看[爱心][爱心][爱心],0,该用户想表达的含义是：对主播身材的赞美暗示对展示服装款式的兴趣。
Jing1000086,服饰鞋履,裤子加下,0,该用户想表达的含义是：请求主播增加小个子裤子的库存或补货。
Jing1000086,服饰鞋履,小个子裤子没有了,0,该用户想表达的含义是：小个子尺码的裤子已经售罄，希望商家能补货或上新。
Jing1000086,服饰鞋履,快递太慢了,0,该用户可能因急于收到已购商品而对物流时效表达不满，暗示希望商家能优化配送服务。
Jing1000086,服饰鞋履,防晒衣吗?,1,该用户可能在询问主播身上展示或提到的防晒衣是否还有货或具体款式信息。
Jing1000086,服饰鞋履,破产了姐妹,0,该用户想表达的含义是：买太多东西导致钱包透支了。  （结合上下文，直播间讨论的多是服装购买相关话题，且频繁出现加单、缺货等消费行为，因此“破产”更可能是调侃因疯狂购物而花费过多。）
Jing1000086,服饰鞋履,白色皮带有吗?白色皮带有吗?白色皮带有吗?白色皮带有吗?白色皮带有吗?白色皮带有吗?白色皮带有吗?,1,该用户急切询问直播间是否有白色皮带库存，可能因重复刷屏试图引起主播注意或担心错过购买机会。
Jing1000086,服饰鞋履,背心有吗,1,该用户是在询问直播间是否有售卖主播同款或类似款式的背心，表达了对该商品的购买兴趣。
Jing1000086,服饰鞋履,裤子裤子,1,"该用户急切地询问或催促主播展示/上架裤子款式，可能是对之前弹幕中频繁提到的""小个子裤子""感兴趣或想确认库存情况。"
Jing1000086,服饰鞋履,裤子裤子没抢到,0,该用户想表达的是对没抢到心仪裤子的遗憾和急切想要购买的心情。
Jing1000086,服饰鞋履,个子裤子上一下小个子裤子小个子的裤子没了,1,该用户想表达的含义是：希望主播补货小个子尺码的裤子，因为自己没抢到。  （分析依据：结合前文多次出现“小个子裤子没买到/加单/没了”等类似诉求，且目标弹幕重复强调“小个子裤子”并提到“没了”，可推断用户核心意图是催促补货或表达购买需求。）
Jing1000086,服饰鞋履,要背心,1,该用户想表达的含义是：询问直播间是否有背心这款商品并表现出购买意向。  （结合前文弹幕中频繁出现的商品询问和抢购氛围，用户大概率是在跟风追问当前售卖或预告的服饰单品。）
Jing1000086,服饰鞋履,有胸垫吗,1,该用户是在询问当前展示的服装是否附带内置胸垫的设计。
Jing1000086,服饰鞋履,裤子没码了,0,该用户想表达的含义是：想购买这条裤子但发现自己的尺码已经售罄了。
Jing1000086,服饰鞋履,"欣姐,牛仔外套",1,该用户可能在询问主播“欣姐”身上穿的牛仔外套是否有货或相关购买信息。
Jing1000086,服饰鞋履,短皮衣短皮衣短皮衣,1,该用户急切地想要主播展示或上架短款皮衣商品。
Jing1000086,服饰鞋履,太好看了,0,"该用户想表达的含义是：对主播展示的商品款式或穿搭效果表示高度赞赏，可能隐含购买意向。  （结合前文弹幕中频繁出现的具体商品询问和尺码讨论，用户在此语境下的""好看""更倾向于针对商品本身而非单纯夸赞主播，且与其他用户急切求购的情绪一致，属于兴趣表达。）"
Jing1000086,服饰鞋履,裤子再上,0,该用户希望主播重新上架或补货之前售罄的裤子款式。
Jing1000086,服饰鞋履,裤子加点,0,该用户想表达的是希望主播再增加一些裤子的库存或款式选择。
Jing1000086,服饰鞋履,怎么那么卡,0,"该用户可能因直播画面卡顿影响观看体验而表达不满或催促优化。  （释义逻辑：结合弹幕高频出现的商品咨询和抢购内容，可推断用户处于购物决策场景，此时抱怨""卡""更可能是对直播流畅度的反馈，而非购买兴趣的表达。）"
Jing1000086,服饰鞋履,背心有胸垫吗,1,该用户是在询问直播中展示的背心是否带有内置胸垫的设计细节，以确认产品功能是否符合自身需求。
Jing1000086,服饰鞋履,白色皮带有吗?白色皮带有吗?白色皮带有吗?白色皮带有吗?,1,该用户急切询问直播间是否有白色皮带库存，表现出强烈的购买意向和重复强调的需求。
Jing1000086,服饰鞋履,好好看,1,该用户想表达的含义是：对直播中展示的商品款式或效果表示强烈的喜爱和认可。  （结合前文弹幕高频出现的求购关键词如“裤子”“背心”“皮带”等，以及类似夸赞弹幕“太好看了”，可推断“好好看”是用户被商品吸引后的直接情绪反馈，潜在动机可能是表达购买意向或催促上架。）
Jing1000086,服饰鞋履,艾米生日那天穿的那套有吗,1,该用户是在询问主播之前展示过的某套穿搭（艾米生日时穿的款式）是否有货或能否购买。
Jing1000086,服饰鞋履,内搭有没有,1,该用户可能在询问主播当前展示或提到的服装是否有配套的内搭款式可供购买。
Jing1000086,服饰鞋履,包包好看,1,该用户想表达的含义是：对展示的包包款式感到喜爱，可能产生购买意向。  （结合前文弹幕高频出现的具体商品询问和“太好看了”“好好看”等评价，可推断用户在此语境下并非单纯夸赞，而是隐含对商品的兴趣，属于潜在购买信号的表达。）
Jing1000086,服饰鞋履,裤子没有拍到,0,该用户想表达的含义是：刚才直播中展示的裤子没来得及下单或没抢到。  （结合上下文，直播间频繁提及“裤子”相关需求且多次出现缺货/抢购情况，用户是在遗憾错过购买机会。）
Jing1000086,服饰鞋履,裤子能不能上,1,该用户想表达的含义是：希望直播间能重新上架裤子的库存或补货。
Jing1000086,服饰鞋履,昨天穿的衣服好久开,0,该用户想询问主播昨天穿的那件衣服什么时候会上架售卖。
Jing1000086,服饰鞋履,配裙子短袖推荐什么色,1,该用户想询问适合搭配裙子的短袖颜色推荐。
Jing1000086,服饰鞋履,裤子断码了,0,该用户想表达的含义是：询问主播是否还能补货或调整库存，因为想要的裤子尺码已经售罄。
Jing1000086,服饰鞋履,想要裤子,1,该用户想表达的含义是：对直播中展示的裤子有购买意向，希望主播介绍或上架该商品。
Jing1000086,服饰鞋履,裤子上,0,该用户是在催促主播重新上架或展示裤子款式。
Jing1000086,服饰鞋履,包包也好看[捂脸][捂脸][捂脸][捂脸],0,该用户想表达的含义是：对直播中展示的包包款式非常喜爱，并用表情符号强化了兴奋或惊喜的情绪。
Jing1000086,服饰鞋履,裤子小个子上点,0,该用户想表达的含义是：建议主播为身材娇小的顾客多上架一些适合的裤子款式。
Jing1000086,服饰鞋履,要包包,1,该用户想表达的是对直播中展示的包包有明确的购买意愿。
Jing1000086,服饰鞋履,我也想要,1,该用户看到直播中展示的商品后产生了强烈的购买欲望，表达自己也希望拥有同款产品的意愿。
Jing1000086,服饰鞋履,裤子裤子没有抢到,0,该用户因未能成功购买到心仪的裤子而感到遗憾和急切，希望直播间能尽快补货或再次上架该商品。
Jing1000086,服饰鞋履,裤子不卖了吗?[捂脸][捂脸][捂脸][捂脸],0,该用户因担心错过购买机会而急切询问裤子是否已停售，并流露出遗憾和焦虑的情绪。
Jing1000086,服饰鞋履,要外套也要里面的[捂脸]背心,1,该用户想表达的是：外套和配套的背心我都想买，但背心的款式让我有些犹豫或觉得好笑。
Jing1000086,服饰鞋履,腿上穿的是哪个长度,1,该用户是在询问主播展示的裤装或袜子的具体尺寸规格（如七分/九分/全长），以判断是否适合自己的穿搭需求。
Jing1000086,服饰鞋履,背心有没有黑色,1,该用户是在询问主播展示的背心是否有黑色款可供购买。
Jing1000086,服饰鞋履,裤子还有吗,0,该用户是在询问直播间是否还有库存或补货的裤子可供购买。
Jing1000086,服饰鞋履,想要里边的背心,1,该用户表达的是对直播中展示的某款背心产生了明确的购买意向。
Jing1000086,服饰鞋履,短皮衣短皮衣短皮衣短皮衣短皮衣短皮衣短皮衣短皮衣短皮衣短皮衣短皮衣短皮衣短皮衣短皮衣短皮衣短皮衣短皮,1,该用户急切地表达对短款皮衣的强烈购买意愿或求购需求。
Jing1000086,服饰鞋履,上衣好看,1,该用户想表达的含义是：对直播中展示的上衣款式产生了兴趣并希望了解更多或购买。
Jing1000086,服饰鞋履,打底衣服,1,该用户想表达的含义是：询问直播间是否有适合内搭的打底衣物出售。
Jing1000086,服饰鞋履,小个子裤子,1,该用户想表达的含义是：询问直播间是否有适合矮个子身高的裤子款式或尺码。
Jing1000086,服饰鞋履,破洞牛仔裤在上一波破洞牛仔裤在上一波,1,"该用户想表达的含义是：之前那款破洞牛仔裤什么时候能再补货上架。  （结合前文弹幕中频繁出现的""裤子""相关求购诉求，以及""没抢到""""断码""等缺货反馈，可推断用户重复提及""上一波""是在追问商品返场时间，且句式重复可能是因输入急切或直播弹幕延迟导致的误发重输。）"
Jing1000086,服饰鞋履,注意安全,0,该用户可能是提醒主播或工作人员在忙碌中注意操作安全（如试穿、展示商品时），或是看到直播中有潜在危险动作时的善意提醒。
Jing1000086,服饰鞋履,艾米给力,0,该用户可能在鼓励主播或表达对当前推荐商品的认可，暗示继续展示更多吸引人的产品。  （结合前文弹幕中频繁出现的具体商品需求如“裤子”“背心”“包包”，以及“给力”这一网络用语常用来称赞表现积极，可推测用户希望主播保持节奏或对已展示的商品表示满意，但未明确指向某件单品。）
Jing1000086,服饰鞋履,今天有衬衫上吗,1,该用户是在询问直播间今天是否会售卖衬衫类商品，表现出对衬衫的购买兴趣和需求。
Jing1000086,服饰鞋履,裤子没有,0,该用户想表达的是对裤子缺货或未能购买到的遗憾和询问。
Jing1000086,服饰鞋履,怎么摔的,0,该用户可能在询问主播展示商品时意外掉落或测试产品抗摔性能的具体情况，暗示对商品质量或使用场景存在兴趣。
Jing1000086,服饰鞋履,沐浴露今天开了么?,0,该用户是在询问直播间是否已经开始售卖或展示沐浴露产品。
Jing1000086,服饰鞋履,老公揍的?,0,该用户可能在询问直播中展示的某件商品（可能是衣服或配饰）是否因被丈夫/伴侣使用或损坏而出现异常状态（如褶皱、破损等），以此间接表达对商品质量的关注或购买意向。
Jing1000086,服饰鞋履,裤子加一下,0,该用户想表达的含义是：希望主播将裤子重新上架或补货以供购买。  （结合前文弹幕中频繁提及“裤子缺货”“没抢到”等诉求，可推断用户是在催促主播增加库存或恢复销售渠道。）
Jing1000086,服饰鞋履,项链好看,1,该用户被直播中展示的项链款式吸引，产生了明显的购买兴趣或赞赏情绪。
Jing1000086,服饰鞋履,"看的见,青的",0,"该用户想表达的是：能看清主播身上穿的青色衣服（并对此感兴趣）。  （结合前文弹幕多围绕服装款式、颜色提问的语境，""青的""可能指衣物颜色，而""看的见""暗示用户关注主播展示的实物效果。）"
Jing1000086,服饰鞋履,我也摔跤了,0,该用户可能是在调侃或附和主播提到的摔跤话题，表达自己也有类似经历以参与互动。
Jing1000086,服饰鞋履,摔得蛮厉害,0,该用户想表达的含义是：对直播中展示的商品（可能是皮衣或裤子）的耐摔性或质量表示担忧或调侃。
Jing1000086,服饰鞋履,好多了,0,该用户可能是在回应之前关于某件商品（如裤子或背心）缺货或不满意的讨论，表示现在的情况（如补货或款式改进）比之前好多了。
Jing1000086,服饰鞋履,短皮衣短皮衣短皮衣短皮衣短皮衣短皮衣短皮衣短皮衣短皮衣短皮衣短皮衣短皮衣短皮衣短皮衣短款皮衣,1,该用户强烈要求主播展示或上架短款皮衣，可能是对这款商品有强烈购买意向或希望主播重点介绍。
Jing1000086,服饰鞋履,青了好大一块,0,该用户想表达的含义是：皮肤上有一大片淤青。  （结合前文弹幕中关于“摔跤”“怎么摔的”“老公揍的”等讨论，可推断用户可能在描述受伤后的淤青情况，而非与商品相关的内容。）
Jing1000086,服饰鞋履,"欣姐,给我们上款马甲呗",1,"该用户是在向主播""欣姐""主动提议上架一款马甲服饰，表现出明确的购买需求和产品偏好。  （解析：结合前文弹幕中频繁出现的服饰类产品讨论（皮衣/裤子/衬衫等）以及用户直接使用""上款""这个带货术语，可判定这是典型的购物导向型互动，而非单纯闲聊。用户通过指定品类和称呼主播名字的方式，既表达了对马甲品类的兴趣，也暗示了信任主播选品的倾向。）"
Jing1000086,服饰鞋履,要上衣,1,该用户想表达的含义是：希望主播推荐或上架当前直播中提到的上衣款式。
Jing1000086,服饰鞋履,裤子夏天穿凉快吗,1,该用户是在询问裤子的透气性和舒适度是否适合夏季穿着，以此判断是否值得购买。
Jing1000086,服饰鞋履,私服什么时候上,1,该用户是在询问主播什么时候会上架新款私服（日常服装）。
Jing1000086,服饰鞋履,看着就疼死了...[流泪],0,该用户是在感叹直播中展示的某件商品（可能是破洞牛仔裤或皮衣）的破损效果过于逼真，以至于让人看了觉得心疼。
Jing1000086,服饰鞋履,破洞牛仔裤在上一波,0,该用户想表达的含义是：希望主播再次上架之前出现过的破洞牛仔裤款式。  （结合前文弹幕中频繁提及裤子、上衣等服饰需求，以及“裤子加一下”“短皮衣”等催促上架商品的语境，可推断用户是在呼吁补货或返场某款商品。）
Jing1000086,服饰鞋履,可怜的孩子,0,该用户可能是看到直播中展示的某件商品（如破洞牛仔裤或短款皮衣）时，联想到孩子穿着这类衣物显得单薄或可怜，从而表达对商品设计风格的感叹或心疼情绪。
Jing1000086,服饰鞋履,裤子卡码怎么拍?,1,该用户想询问裤子的尺码选择建议，担心尺码偏小不确定该选哪个码数。
Jing1000086,服饰鞋履,破洞牛仔裤上车,1,该用户想表达的含义是：希望主播再次上架破洞牛仔裤以便购买。  （结合前文语境，直播间正在讨论服装款式，尤其有用户提到“裤子”相关需求，且此前已有“破洞牛仔裤在上一波”的弹幕，说明该商品可能已售罄或下架。目标用户用“上车”这一直播购物常用黑话，明确表达了抢购意向。）
Jing1000086,服饰鞋履,卡码怎么拍,1,该用户想询问如何选择尺码并下单购买当前展示的裤子款式。
Jing1000086,服饰鞋履,裤子是夏天穿的吗,1,该用户想询问这条裤子是否适合夏季穿着，以评估其购买实用性。
Jing1000086,服饰鞋履,裤子离远一点看看,1,该用户希望主播将裤子展示得更全面些，以便看清整体版型和上身效果。
Jing1000086,服饰鞋履,外套会不会容易勾,1,该用户是在询问外套的面料是否容易被钩破或起球，担心其耐用性和质量。
Jing1000086,服饰鞋履,远点看下,1,该用户希望主播将展示的服装（可能是裤子或外套）拉远镜头以便看清整体效果。
Jing1000086,服饰鞋履,衣服上了吗,0,该用户是在询问直播间是否已经开始售卖之前提到的服装款式（如短皮衣、马甲等），表达了对特定商品的购买兴趣和急于下单的心理。
Jing1000086,服饰鞋履,要内搭背心,1,该用户想表达的是希望主播推荐或上架一款适合内搭的背心款式。  （结合前文语境，直播间正在讨论各类服装款式，用户的需求集中在具体单品上，如马甲、上衣、破洞牛仔裤等，因此这条弹幕是明确指向购买意向的服装品类需求。）
Jing1000086,服饰鞋履,白色直筒裤,1,该用户想表达的含义是：询问主播是否可以展示或上架白色直筒裤款式。  （结合前文弹幕中频繁出现的服饰类具体款式需求（如短皮衣/破洞牛仔裤/马甲）和产品细节提问（卡码/季节适配/展示角度），该弹幕符合直播间观众主动求购特定商品的典型互动模式。）
Jing1000086,服饰鞋履,欣做点夏天防晒的衣服穿撒,1,该用户想表达的含义是：希望主播推荐适合夏季穿着的防晒服装款式。  （结合前文弹幕中频繁提及夏季服饰需求（如“裤子夏天穿凉快吗”“白色直筒裤”）以及对具体款式的询问（如“马甲”“破洞牛仔裤”），可推断用户关注点集中在夏季服装的实用性和搭配上，目标弹幕进一步聚焦“防晒”这一功能需求，属于明确的购买意向表达。）
Jing1000086,服饰鞋履,有没有远费险,0,该用户可能是在询问商品是否支持运费险服务，以降低退货时的物流成本风险。
Jing1000086,服饰鞋履,腰带是衣服上的?,1,该用户可能在询问腰带是否作为衣服的搭配配件一同出售。
Jing1000086,服饰鞋履,"精不精致,给不给力,是一句名言吗?欣姐[捂脸][捂脸][捂脸][捂脸][捂脸][捂脸][捂脸][捂脸]",0,该用户可能是以调侃的语气询问主播展示的某件商品是否足够精致实用，并借此与主播互动，同时用表情符号强化轻松逗趣的氛围。
Jing1000086,服饰鞋履,裤子是微辣裤吗,1,该用户是在询问裤子的版型是否属于略微修身的款式。
Jing1000086,服饰鞋履,鞋子有吗,1,该用户想询问直播间是否有售卖鞋类商品。
Jing1000086,服饰鞋履,主播身上的背心在几号链接,1,该用户想询问主播同款背心的商品购买链接位置。
Jing1000086,服饰鞋履,防晒衣有吗?,1,该用户是在询问直播间是否有防晒衣这款产品，表现出对防晒衣的具体购买兴趣。
Jing1000086,服饰鞋履,破洞的我收到了,0,该用户想表达的含义是：之前购买的破洞牛仔裤已经收到货了。
Jing1000086,服饰鞋履,白色私服,1,该用户想表达的含义是：询问主播身上穿的白色休闲服是否有售或能否展示详情。  （结合前文弹幕高频出现的服装细节询问、购买意向及主播同款链接需求，可推断用户关注的是主播的穿搭单品，且“白色私服”指向具体款式而非单纯评论。）
Jing1000086,服饰鞋履,腰带一起的吗,1,该用户想询问当前展示的商品是否包含配套的腰带配件。
Jing1000086,服饰鞋履,裤子有没有弹性啊,1,该用户想询问裤子的材质特性是否具备伸缩性，以此判断穿着的舒适度和实用性。
Jing1000086,服饰鞋履,蕾丝腰带有吗,1,该用户是在询问直播间是否有售卖蕾丝材质的腰带产品。
Jing1000086,服饰鞋履,裤子有弹力吗,1,该用户想询问裤子的材质是否具备弹性功能以便判断穿着的舒适度和适用性。
Jing1000086,服饰鞋履,"欣姐,美容店可以嫁接你们家产品吗",0,该用户是在询问是否可以将直播推广的美容产品引入自己的美容店进行销售合作。
Jing1000086,服饰鞋履,好好看,0,该用户想表达的含义是：对主播展示的某件商品款式或搭配效果表示赞赏和喜爱。
Jing1000086,服饰鞋履,衣长多少,1,该用户想询问服装的具体尺寸信息以评估是否适合购买。
Jing1000086,服饰鞋履,裤子什么时候能发货,0,该用户想确认这条裤子的发货时间以便决定是否下单购买。
Jing1000086,服饰鞋履,没抢到,0,该用户想表达的是对没买到心仪商品的遗憾和失望。
Jing1000086,服饰鞋履,身上吊带,1,该用户可能在询问主播身上穿的吊带衫是否在售或能否提供购买链接。
Jing1000086,服饰鞋履,可以当防晒吗[爱心][爱心][爱心][爱心][爱心],1,该用户是在询问主播展示的商品是否具备防晒功能，并表现出强烈的购买兴趣和好感。
Jing1000086,服饰鞋履,裤子看看,1,该用户想表达的含义是：希望主播展示或详细介绍裤子的款式和细节。
Jing1000086,服饰鞋履,这外套好看,1,该用户被主播展示的外套款式吸引，产生了潜在的购买意向。
Jing1000086,服饰鞋履,裤子陪一下小白鞋,1,该用户想表达的含义是：询问主播能否展示裤子搭配小白鞋的整体效果。
Jing1000086,服饰鞋履,防晒衣有吗,1,该用户是在询问直播间是否有防晒衣这款商品在售。
Jing1000086,服饰鞋履,白色腰带,1,该用户想表达的含义是：询问主播展示的白色腰带是否有售或能否搭配购买。
Jing1000086,服饰鞋履,裤子卡码怎么拍,1,该用户是在询问裤子尺码偏小的情况下该如何选择合适的尺码购买。
Jing1000086,服饰鞋履,是防晒衣吗?,1,该用户是在询问当前展示的商品是否具备防晒功能。
Jing1000086,服饰鞋履,买了条裤子挺喜欢的就是短了,0,该用户想表达的含义是：虽然对购买的裤子款式满意，但觉得长度不太合适。
Jing1000086,服饰鞋履,已经买了四件了[捂脸],0,该用户想表达的含义是：我已经下单了四件商品，感觉买得有点多所以略带调侃。
Jing1000086,服饰鞋履,看看后面,1,该用户想表达的含义是：希望主播展示接下来要介绍的商品或款式。
Jing1000086,服饰鞋履,不扎人吧?,1,该用户是在询问直播展示的衣物（可能是蕾丝或带装饰的款式）的材质是否舒适，担心穿着时会有刺痒感。
Jing1000086,服饰鞋履,私服什么时候上????[捂脸][捂脸][捂脸][捂脸][捂脸],1,该用户急切询问主播私服款式何时上架，并用表情符号表达因等待而产生的焦急与期待情绪。
Jing1000086,服饰鞋履,会抽丝吗,1,该用户是在询问商品（可能是衣物或面料）是否容易出现抽丝的质量问题。
Jing1000086,服饰鞋履,是防晒吗,1,该用户是在询问当前展示的产品是否具备防晒功能。
Jing1000086,服饰鞋履,"主播长的漂亮,穿啥都好看[666][666][666][666][666]",0,该用户主要是在夸赞主播的外貌魅力，并间接表达对主播穿搭风格的认可，但并未直接表现出明确的购买意向或产品咨询需求。
Jing1000086,服饰鞋履,卡码买什么码,1,该用户是在询问尺码选择建议，担心尺码不准导致购买不合适。
Jing1000086,服饰鞋履,身上美背,1,该用户可能是在询问主播身上穿的美背款式是否在售，或对其细节感兴趣。
Jing1000086,服饰鞋履,生日快乐,0,该用户可能在以祝福主播生日的方式表达对直播间的友好互动，而非直接体现购买兴趣。
Jing1000086,服饰鞋履,艾米生日快乐,0,该用户可能是在借主播生日祝福的时机表达对直播间的友好互动，而非直接体现购买兴趣。
Jing1000086,服饰鞋履,"艾米,生日快乐",0,该用户是在以祝福主播生日的方式表达对直播间的友好互动和关注，而非直接体现购买意向。
Jing1000086,服饰鞋履,爱米生日快乐,0,该用户是在直播间参与集体祝福主播或相关人物（如“艾米”）生日快乐的互动，属于社交氛围型发言而非商品相关讨论。
Jing1000086,服饰鞋履,破洞怎么拍啊,1,该用户可能在询问商品（如裤子）的破洞款式该如何选择尺码或下单方式。
Jing1000086,服饰鞋履,生日快乐艾米,0,该用户是在为主播艾米送上生日祝福，表达对主播的喜爱和支持。
Jing1000086,服饰鞋履,防晒么,1,该用户是在询问直播展示的产品是否具备防晒功能。
Jing1000086,服饰鞋履,卡吗姐妹们,0,该用户可能在询问直播画面是否流畅，或是担心因网络卡顿影响观看体验。  （结合前文弹幕中频繁出现的产品细节提问（如尺码、材质）和生日祝福的互动氛围，可推测用户并非直接表达购买兴趣，而是更关注直播实时体验，可能是为了确保能清晰接收商品信息。）
Jing1000086,服饰鞋履,艾米生日快乐[比心][比心][比心],0,该用户是在向主播艾米表达生日祝福，属于互动社交行为而非购买意向的表达。
Jing1000086,服饰鞋履,艾米生日快乐[比心],0,该用户是在参与主播生日祝福的互动，表达对主播的友好支持而非购物意向。
Jing1000086,服饰鞋履,"艾米,生日快乐[比心]",0,该用户是在主播生日时送上祝福，表达对主播的喜爱和支持，而非询问商品信息或表达购买意向。
Jing1000086,服饰鞋履,艾米生日快乐!,0,该用户是在主播生日祝福的互动氛围中表达对主播的喜爱和支持，属于情感互动而非购物意向的表达。
Jing1000086,服饰鞋履,"裤子已拍,加急",0,该用户想表达的含义是：我已经下单购买了这条裤子，希望尽快发货。  （结合前文语境，直播间氛围以互动祝福和产品咨询为主，而该用户直接表明已完成购买行为，并强调加急需求，显示出明确的消费行动力和对商品的急切需求。）
Jing1000086,服饰鞋履,生日快乐艾米[比心],0,该用户是在向主播艾米表达生日祝福，属于互动型弹幕而非购买意向表达。
Jing1000086,服饰鞋履,艾米小公主[比心]生日快乐,0,该用户是在向主播“艾米”表达生日祝福，并附上友好互动的情感支持。
Jing1000086,服饰鞋履,艾米生日快乐l,0,该用户是在参与直播间为名为“艾米”的主播或相关人物庆祝生日的集体互动，表达祝福而非购物意向。
Jing1000086,服饰鞋履,上美背,0,该用户可能是在询问或催促主播展示或介绍“美背”款式的服装产品。
Jing1000086,服饰鞋履,卡吗怎么拍,1,该用户可能是在询问直播画面是否卡顿以及如何下单购买商品。
Jing1000086,服饰鞋履,"怎么切片啊,我是一个宝妈,也想挣点零花钱",0,"该用户想表达的含义是：作为家庭主妇想学习商品加工方法以兼职创收。  （解析：结合""宝妈""""挣零花钱""的自我身份说明及""怎么切片""的操作询问，可推断其核心诉求是掌握直播商品（可能是食材/手工材料）的加工技能来实现副业增收，而非单纯了解商品信息。前序弹幕中""破洞怎么拍""""卡码""等操作类提问也强化了直播间教学属性语境。）"
Jing1000086,服饰鞋履,艾米生日快乐[鼓掌][鼓掌][鼓掌],0,该用户是在主播（艾米）生日场景下发送的祝福弹幕，主要表达对主播的友好互动而非商品购买意向。
Jing1000086,服饰鞋履,我咋觉得好卡吗,0,该用户可能是在询问直播画面是否出现卡顿现象，以确认是自己的网络问题还是直播本身的技术故障。
Jing1000086,服饰鞋履,"艾米,生日快乐哦",0,该用户是在主播生日祝福的氛围中表达对主播的亲切问候，属于社交互动行为而非购物意向表达。
Jing1000086,服饰鞋履,短款皮衣,1,该用户可能在询问或暗示对直播中展示的短款皮衣感兴趣，想了解详情或表达购买意向。
Jing1000086,服饰鞋履,艾米生日快乐[玫瑰][玫瑰][玫瑰][玫瑰],0,该用户是在主播生日祝福氛围中表达对主播的喜爱和支持，属于社交互动行为而非购物意向表达。
Jing1000086,服饰鞋履,上内搭,0,该用户是在催促主播展示或介绍直播间内的搭配上衣单品。
Jing1000086,服饰鞋履,短皮衣,1,该用户可能是在询问或暗示对直播间展示的短款皮衣产品感兴趣，希望主播详细介绍或上架链接。
Jing1000086,服饰鞋履,求你出一个修身防晒衣吧,1,该用户希望品牌能推出修身的防晒衣款式，表达了对现有产品线的改进需求。
Jing1000086,服饰鞋履,艾米宝贝生日快乐,0,该用户是在为主播艾米送上生日祝福，表达对主播的喜爱和支持。
Jing1000086,服饰鞋履,艾米生日快乐[玫瑰][玫瑰][玫瑰],0,该用户是在主播艾米生日之际表达祝福和友好互动，并未直接体现购买意向。
Jing1000086,服饰鞋履,哎米生日快乐,0,该用户是在为主播艾米送上生日祝福，表达对主播的喜爱和支持。
Jing1000086,服饰鞋履,短皮衣短款皮衣,1,该用户可能是在询问或表达对直播中展示的短款皮衣产品的兴趣，希望了解更多细节或购买方式。
Jing1000086,服饰鞋履,防晒吗,1,该用户想询问当前展示的商品是否具备防晒功能。
Jing1000086,服饰鞋履,小艾咪,0,"该用户是在用昵称亲切地向主播""艾米""表达生日祝福。"
Jing1000086,服饰鞋履,"艾米,生日快乐[爱心]",0,该用户是在主播生日祝福的氛围中，以亲昵的称呼和爱心符号表达对主播的喜爱与祝福，属于互动型情感表达而非购物意向。
Jing1000086,服饰鞋履,艾米生日快乐[气球][气球][气球],0,该用户是在为主播艾米送上生日祝福，表达对主播的喜爱和支持，而非直接体现购买意向。
Jing1000086,服饰鞋履,艾米生日快乐![比心],0,该用户是在主播艾米生日之际，与其他观众一起发送祝福弹幕表达友好互动意愿，并未直接体现商品购买意向。
Jing1000086,服饰鞋履,艾米生日快乐[鼓掌],0,该用户是在主播艾米生日之际，通过发送祝福表情弹幕参与直播间庆生互动，表达对主播的喜爱和支持，而非针对商品提出购买咨询。
Jing1000086,服饰鞋履,艾米生日快乐[互粉],0,该用户是在主播生日祝福氛围下，通过发送生日祝福并附带社交互动请求（互粉）来参与直播间互动，而非表达商品购买意向。
Jing1000086,服饰鞋履,里面有内衬吗,1,该用户是在询问直播展示的服装是否有内置里衬的设计细节。
Jing1000086,服饰鞋履,破洞怎么拍,1,该用户想询问直播中展示的破洞款式服装的具体购买方式或搭配建议。
Jing1000086,服饰鞋履,美背什么时候开,1,该用户想询问主播何时开始展示或售卖美背款式的服装。
Jing1000086,服饰鞋履,防晒衣,1,该用户可能是想询问主播展示的防晒衣的具体功能或款式细节，或是表达对防晒衣产品的兴趣和关注。
Jing1000086,服饰鞋履,上点V领T,1,该用户希望主播推荐或展示V领款式的T恤。  （结合前文弹幕中频繁出现对具体款式（如短款皮衣、修身防晒衣）和细节（如内衬、破洞）的需求，可推断用户是在明确表达对某一服装款式的兴趣，而非单纯闲聊或互动。）
Jing1000086,服饰鞋履,厚不厚呀,1,该用户是在询问商品（可能是皮衣或防晒衣）的厚度是否适合当前需求。
Jing1000086,服饰鞋履,裤子送丝带吗,1,该用户是在询问购买裤子时是否会附赠配套的丝带配件。
Jing1000086,服饰鞋履,腰带有尺寸不,1,该用户想询问商品（腰带）是否有不同尺码可选。
Jing1000086,服饰鞋履,"破产了咋办,什么都喜欢[捂脸]",0,该用户想表达的含义是：看到直播间这么多喜欢的商品，忍不住想买但又担心花太多钱。
Jing1000086,服饰鞋履,"可以也给我带切片吗,宝妈想赚点钱",0,该用户希望主播能提供商品的分销或代理机会，以便作为家庭主妇通过销售商品赚取额外收入。
Jing1000086,服饰鞋履,还可以当防晒服,0,该用户可能是想确认或强调当前展示的服装具备防晒功能，适合作为防晒服使用。
Jing1000086,服饰鞋履,短皮衣我等一个月了,0,该用户想表达的含义是：自己一直期待这件短皮衣上架，等待了很久终于看到它出现在直播中。
Jing1000086,服饰鞋履,88.9牛仔短裤不上了吗?,0,该用户是在询问直播间是否还会继续售卖价格为88.9元的牛仔短裤款式。
Jing1000086,服饰鞋履,"想买你那个腰带,蕾丝腰带",1,该用户对直播中展示的蕾丝腰带款式产生了明确的购买意向，并希望进一步了解或确认商品信息。
Jing1000086,服饰鞋履,裤子是几号?带蕾丝腰带吗?,1,该用户想询问裤子的具体尺码以及是否配有蕾丝边的腰带配件。
Jing1000086,服饰鞋履,上点V领T防晒吗,1,该用户是在询问主播是否会推出带有V领设计的防晒功能T恤。
Jing1000086,服饰鞋履,生日快乐!,0,该用户是在主播生日祝福的氛围中跟风表达对主播的生日祝贺。
Jing1000086,服饰鞋履,欣姐艾米生日快乐,0,该用户是在主播生日祝福的互动氛围中，跟随其他观众一起向主播表达生日祝贺。
Jing1000086,服饰鞋履,艾米生日快乐[爱心],0,该用户是在参与直播间的生日祝福互动，表达对主播艾米的生日祝贺，而非询问商品信息或表达购买意向。
Jing1000086,服饰鞋履,艾咪生日快乐,0,该用户是在直播间主播生日时送上祝福，表达对主播的喜爱和支持。
Jing1000086,服饰鞋履,是外套还是皮肤衣,1,该用户是在询问当前展示的商品属于外套类别还是更轻薄的防晒皮肤衣类别，想确认产品的具体属性和功能。
Jing1000086,服饰鞋履,防晒衣吗,1,该用户是在询问当前展示的商品是否为防晒衣，表现出对防晒衣产品的关注和潜在的购买兴趣。
Jing1000086,服饰鞋履,艾米生日快乐[比心][比心][比心][比心],0,该用户是在直播间主播生日祝福氛围下，表达对主播（艾米）的友好祝福和情感支持，属于社交互动行为而非商品咨询。
Jing1000086,服饰鞋履,小熊美背,1,该用户可能在询问或表达对一款名为“小熊美背”的内衣或塑身衣产品的兴趣。
Jing1000086,服饰鞋履,卡吗?,0,该用户可能是在询问直播画面是否出现卡顿现象，暗示对当前展示的商品信息或讲解内容感兴趣但因技术问题无法顺畅观看。
Jing1000086,服饰鞋履,裤子卡码怎么拍,1,该用户是在询问裤子的尺码是否偏小以及该如何选择合适的尺码购买。
Jing1000086,服饰鞋履,你穿的是什么码?,1,该用户是在询问主播身上展示的服装尺码，以便作为自己购买的参考。
Jing1000086,服饰鞋履,89.9牛仔黑色短裤不上了吗?,1,该用户是在询问直播间是否会再次上架售价89.9元的黑色牛仔短裤商品。
Jing1000086,服饰鞋履,"好喜欢,都想买",1,该用户被直播展示的多款商品强烈吸引，产生了强烈的购买冲动，但又因选择困难而表现出甜蜜的纠结。
Jing1000086,服饰鞋履,没有了,0,该用户可能是在询问某款商品是否已经售罄或不再补货。
Jing1000086,服饰鞋履,短皮衣短皮衣,1,该用户急切地催促主播上架或展示短款皮衣商品，表达强烈的购买意向。
Jing1000086,服饰鞋履,艾半生日快乐[礼物],0,该用户是在参与直播间为主播（艾半/艾米）庆生的互动，而非表达商品购买意向。
Jing1000086,服饰鞋履,欣姐美背,0,该用户是在夸赞主播“欣姐”身穿的美背款式服饰好看，可能隐含对同款商品的兴趣或询问购买信息。
Jing1000086,服饰鞋履,艾米生日快乐[蛋糕][礼物],0,该用户是在参与直播间的生日祝福互动，表达对主播艾米的生日祝贺而非购买意向。
Jing1000086,服饰鞋履,卡码买什么码,1,该用户想询问主播身上穿的尺码是否偏小，以便参考选择合适的尺码购买。
Jing1000086,服饰鞋履,配别的裤子呢,1,该用户想询问当前展示的服装款式是否能搭配其他类型的裤子，以评估其穿搭实用性或购买价值。  （解析：结合前文弹幕中频繁出现的尺码咨询、单品追问（如牛仔短裤、皮衣）以及搭配类提问（如“小熊美背”可能涉及内搭），可推断用户正关注商品的实际搭配效果。目标弹幕跳出生日祝福等干扰信息，聚焦于主播展示的某件上衣/外套与其他裤装的兼容性，属于典型的购买决策前询盘行为。）
Jing1000086,服饰鞋履,远看裤子,1,该用户可能是对直播中展示的裤子款式或整体效果产生兴趣，想确认远观时的视觉呈现是否符合预期。
Jing1000086,服饰鞋履,背心亲,0,该用户可能在询问主播身上穿的背心款式或品牌，表达对这款商品的兴趣和购买意向。
Jing1000086,服饰鞋履,没抢到,0,该用户想表达的是对某款已售罄商品的遗憾和未能成功购买的失落。
Jing1000086,服饰鞋履,有没有白色裤子,1,该用户可能在询问直播间是否有白色款式的裤子可供购买，表达了对该商品的兴趣和购买意向。
Jing1000086,服饰鞋履,断码了,0,该用户想表达的含义是：商品缺货或没有合适的尺码可选。
Jing1000086,服饰鞋履,白色腰带,1,该用户可能在询问或表达对直播间展示的白色腰带的购买意向或搭配建议。
Jing1000086,服饰鞋履,高个子没开,0,该用户想表达的含义是：高个子尺码的款式已经售罄了。
Jing1000086,服饰鞋履,上一下,0,该用户是在催促主播尽快上架当前讨论的商品或款式。
Jing1000086,服饰鞋履,包包好看,1,该用户被直播中展示的包包款式吸引，表达了对商品的欣赏和潜在的购买意向。
Jing1000086,服饰鞋履,牛仔外套,1,该用户可能在询问或暗示主播展示或推荐直播间里的牛仔外套款式。
Jing1000086,服饰鞋履,没货了,0,该用户想表达的是对当前直播商品已售罄的遗憾和不满。
Jing1000086,服饰鞋履,卡码怎么拍,1,该用户想询问如何根据尺码表选择合适的商品尺寸进行购买。
Jing1000086,服饰鞋履,没码了,0,该用户想表达的含义是：商品已售罄或断码导致无法购买。
Jing1000086,服饰鞋履,三阳的口音,0,该用户可能是在询问主播关于“三阳”品牌商品的口音问题，或是调侃主播的口音特点。
Jing1000086,服饰鞋履,背心看着好看,1,该用户觉得直播中展示的背心款式吸引人，可能产生了购买意向。
Jing1000086,服饰鞋履,没拍到[比心],0,该用户想表达的是因手速或库存原因未能成功购买到心仪商品而感到遗憾。
Jing1000086,服饰鞋履,抢光了,0,该用户想表达的含义是：商品已经售罄，自己没能成功购买。
Jing1000086,服饰鞋履,没拍到,0,该用户想表达的是因商品售罄或手速慢而未能成功下单的遗憾。
Jing1000086,服饰鞋履,没有码,0,该用户想表达的含义是：商品已经没有合适的尺码了。
Jing1000086,服饰鞋履,"沒了,没抢到",0,该用户因商品售罄而感到遗憾，表达了自己未能成功购买的失望情绪。
Jing1000086,服饰鞋履,缺货了,0,"该用户想表达的含义是：对商品售罄感到失望并希望补货。  （结合前文高频出现的""没货/断码/抢光""等关键词，可推断直播间商品紧俏，用户是在跟进抢购失败后的遗憾情绪，并可能隐含催促商家补货的诉求。）"
Jing1000086,服饰鞋履,加没抢到,0,该用户想表达的是对没抢到心仪商品的遗憾和急切希望补货的心情。
Jing1000086,服饰鞋履,没码数了[捂脸],0,该用户想表达的含义是：想购买的商品已经没有合适的尺码了，感到遗憾和无奈。
Jing1000086,服饰鞋履,没有抢到,0,该用户因商品库存不足未能成功下单而感到遗憾。
Jing1000086,服饰鞋履,拍一下,0,该用户想表达的含义是：希望主播重新上架或补货以便自己能购买到商品。
Jing1000086,服饰鞋履,私服有没有,1,该用户是在询问主播身上穿的同款私服是否会上架售卖。
Jing1000086,服饰鞋履,是宽松的吗,1,该用户是在询问当前展示的商品款式是否属于宽松版型。
Jing1000086,服饰鞋履,上衣可以搭配白牛阔腿裤吗?,1,该用户想表达的含义是：询问这件上衣是否适合与白色牛仔阔腿裤搭配穿着。
Jing1000086,服饰鞋履,没枪到,0,该用户想表达的是因商品售罄或手速慢而未能成功购买到心仪产品的遗憾心情。
Jing1000086,服饰鞋履,裤子也开福利呗[比心][比心][比心][比心],0,该用户希望主播也能针对裤子推出优惠活动，表达了对裤子的购买兴趣和期待福利的迫切心情。
Jing1000086,服饰鞋履,高个子呢,1,该用户可能在询问主播是否有适合高个子身材的服装款式或尺码。
Jing1000086,服饰鞋履,蕾丝美背有吗,1,该用户是在询问直播间是否有售卖带有蕾丝设计的露背款式服装。
Jing1000086,服饰鞋履,还没有拍,0,该用户想表达的是自己尚未成功下单购买商品。
Jing1000086,服饰鞋履,再上点,0,该用户希望主播补货或增加库存以便自己能购买到商品。
Jing1000086,服饰鞋履,160的没货了,0,该用户想表达的含义是：自己想要的160尺码商品已经售罄了，感到遗憾或希望补货。
Jing1000086,服饰鞋履,高个子没开价,0,该用户想表达的含义是：高个子款式的商品为什么还没有开始促销或公布价格。
Jing1000086,服饰鞋履,裤子卡码咋拍,1,该用户想表达的含义是：裤子的尺码选择有疑问，不知道该选哪个尺码合适。
Jing1000086,服饰鞋履,没排上,0,该用户想表达的含义是：自己没能在商品开售时成功抢购到心仪的产品。
Jing1000086,服饰鞋履,Xs没有抢到啊,0,该用户想表达的含义是：自己因商品库存不足而未能成功购买到心仪的XS码产品，感到遗憾和失望。
Jing1000086,服饰鞋履,再来一个,0,该用户希望主播再次补货或增加同类商品的投放数量。
Jing1000086,服饰鞋履,15588斤穿多大,1,该用户想询问身高155厘米、体重88斤的人适合穿什么尺码的衣服。
Jing1000086,服饰鞋履,汲抢到,0,该用户想表达的是：刚才没抢到商品，感到遗憾。
Jing1000086,服饰鞋履,小个子没有,1,该用户想表达的含义是：小个子尺码的商品已经售罄或未上架。
Jing1000086,服饰鞋履,高个子来点,1,该用户想表达的含义是：希望主播为高个子人群推荐或提供适合的服装款式或尺码。
Jing1000086,服饰鞋履,抢不到,0,该用户想表达的是因商品抢购激烈而未能成功下单的遗憾和急切心情。
Jing1000086,服饰鞋履,缺货显示,0,该用户想表达的含义是：询问当前商品是否显示缺货状态。
Jing1000086,服饰鞋履,"加单,没买到啊",0,该用户想表达的是：自己因库存不足或手速慢而未能成功购买商品，希望主播能追加库存或重新上架以便再次抢购。
Jing1000086,服饰鞋履,里面的背心,1,该用户可能是在询问或暗示对直播中展示的某款背心产品感兴趣，希望了解详情或催促上架/补货。
Jing1000086,服饰鞋履,矮个子加单,0,该用户想表达的含义是：小个子尺码的货品没抢到，希望主播能追加库存或重新上架。
Jing1000086,服饰鞋履,"你的码数我都可以穿,买过好多东西",0,"该用户想表达的含义是：我对你们的产品尺码很满意且是忠实顾客，愿意继续购买。  （释义逻辑：结合前文弹幕中频繁出现的尺码讨论和缺货抱怨，该用户通过强调""码数合适""和""多次购买""释放明确的复购信号，暗示对当前商品的兴趣或对主播的信任。）"
Jing1000086,服饰鞋履,没抢到[比心],0,该用户想表达的是因手速或库存不足未能成功购买心仪商品的遗憾心情。
Jing1000086,服饰鞋履,裤子看看,1,该用户想表达的含义是：希望主播展示或详细介绍裤子的款式和细节。
Jing1000086,服饰鞋履,"卡起了,没买到",0,该用户因网络卡顿或系统延迟导致未能成功下单购买商品。
Jing1000086,服饰鞋履,"小香风还有吗,欣姐",1,该用户是在询问主播“欣姐”某款小香风风格的商品是否还有库存可供购买。
Jing1000086,服饰鞋履,开一下,0,该用户可能在催促主播开启某个未上架或已售罄的商品链接，希望尽快参与购买。
Jing1000086,服饰鞋履,超好看,1,该用户可能是在称赞直播展示的商品款式或整体搭配效果，暗示对当前展示的服饰产生了购买兴趣。
Jing1000086,服饰鞋履,高个人版没改价,0,该用户想表达的含义是：高个子版本的商品价格没有调整，希望商家能优惠。
Jing1000086,服饰鞋履,里面的背心是配的吗?,1,该用户是在询问直播展示的套装中是否包含内搭的背心。
Jing1000086,服饰鞋履,高个子599,0,该用户是在询问或建议直播间为高个子款式的商品提供599元的优惠价格。
Jing1000086,服饰鞋履,总共只有5个人买就没有了吗,0,该用户可能在质疑商品的库存数量太少，认为只有5个人买到就售罄了不太合理，透露出对商品供不应求的失望和购买意愿落空的 frustration。
Jing1000086,服饰鞋履,腰带是一起吗,1,该用户是在询问直播中展示的腰带是否包含在当前售卖的商品套装内，或是需要单独购买。
Jing1000086,服饰鞋履,没抢到[捂脸],0,该用户因商品抢购失败而感到遗憾和无奈。
Jing1000086,服饰鞋履,短皮衣还有没有了?,1,该用户是在询问直播间是否还有短款皮衣的库存可供购买。
Jing1000086,服饰鞋履,没抢上,0,该用户想表达的是因商品抢购速度太快而未能成功下单的遗憾心情。
Jing1000086,服饰鞋履,艾米生日快乐[比心][比心][比心][比心],0,该用户可能是在主播或工作人员艾米生日时发送祝福弹幕，试图通过友好互动引起注意或表达对直播间的支持，而非直接表达购买意向。
Jing1000086,服饰鞋履,腰带有吗,1,该用户是在询问直播间是否还有腰带商品在售或能否购买。
Jing1000086,服饰鞋履,买了一个星期了还没发货,0,该用户想表达的含义是：对订单发货延迟感到不满并希望催促尽快处理。
Jing1000086,服饰鞋履,@时***我想买一条你身上穿那个裤子,0,该用户明确表达了想要购买主播同款裤子的强烈意愿，并希望通过@主播的方式优先获得商品购买链接或尺码信息。
Jing1000086,服饰鞋履,美背上,1,该用户想表达的含义是：询问主播展示的服装中是否包含或单独出售背部设计精美的款式。
Jing1000086,服饰鞋履,链接都没,0,该用户想表达的含义是：商品购买链接还未上架或未及时放出，导致无法下单。
Jing1000086,服饰鞋履,私私服,0,该用户想表达的含义是：询问主播是否可以私信提供服装的购买链接或详情。
Jing1000086,服饰鞋履,Xs多上点喽,0,该用户希望主播增加某款商品的库存或上架频率。
Jing1000086,服饰鞋履,短皮衣有没有,1,该用户是在询问直播间是否还有短款皮衣的库存可供购买。
Jing1000086,服饰鞋履,是不是没有?,0,该用户可能在询问直播间展示的某款商品是否已经售罄或不再补货。
Jing1000086,服饰鞋履,卡码了,1,该用户想表达的含义是：商品尺码信息显示不全或无法选择。
Jing1000086,服饰鞋履,短皮衣还,0,该用户想询问短款皮衣是否还有库存或能否继续购买。
Jing1000086,服饰鞋履,怎么拍,1,该用户想询问商品的购买流程或下单方式。
Jing1000086,服饰鞋履,白色拖地裤,1,该用户可能在询问或表达对直播中展示的白色拖地裤款的购买意向，比如询问是否还有库存、如何购买，或是单纯被该款式吸引而提及。
Jing1000086,服饰鞋履,美背美背美背美背美背美背美背美背,1,该用户想表达的含义是：强烈催促主播上架或展示美背款式的产品。
Jing1000086,服饰鞋履,美背美背美背美背美背美背美背,1,该用户是在强烈催促主播上架或展示“美背”款式产品，可能因之前多次提及却未得到回应或库存不足而重复刷屏表达急切需求。
Jing1000086,服饰鞋履,防晒衣上吗,1,该用户是在询问直播间是否会上架防晒衣这款商品。
Jing1000086,服饰鞋履,牛仔裤弹力吗?,1,该用户想询问牛仔裤的弹性性能以评估是否适合购买。
Jing1000086,服饰鞋履,内搭有吗,1,该用户想询问直播间是否售卖与当前展示商品搭配的内搭服饰。
Jing1000086,服饰鞋履,穿的平顶鞋吗,0,该用户是在询问主播是否穿着平底鞋，可能出于对同款鞋子的购买兴趣或搭配参考的意图。
Jing1000086,服饰鞋履,每个款都好看,1,该用户想表达的含义是：对直播展示的多款商品都产生了强烈的购买欲望和认可。
Jing1000086,服饰鞋履,身上的裤子,1,该用户想询问主播身上穿的裤子是否有售卖链接。
Jing1000086,服饰鞋履,又没有了,0,该用户可能是在抱怨直播间展示的某款商品（如短皮衣、白色拖地裤等）再次售罄或未及时补货，表达遗憾或催促上新的意愿。
Jing1000086,服饰鞋履,短皮衣短皮衣短皮衣短皮衣短皮衣短皮衣还,1,该用户急切地询问主播是否会再次补货或上架短皮衣款式。
Jing1000086,服饰鞋履,还是没买到,0,该用户想表达的含义是：自己因商品抢购太快或库存不足而再次未能成功下单，流露出遗憾和不甘心的情绪。
Jing1000086,服饰鞋履,宽松的吗,1,该用户想询问当前展示的服装款式是否属于宽松版型。
Jing1000086,服饰鞋履,欣姐美背,1,该用户是在夸赞主播展示的“美背”款式服装好看，可能暗示对这款产品有兴趣或希望主播多展示相关细节。
Jing1000086,服饰鞋履,背心背心背心,1,"该用户想表达的含义是：强烈要求主播展示或上架背心款式。  （分析依据：结合前文高频重复关键词如""美背""""短皮衣""的刷屏模式，可推断用户通过重复""背心""表达急切需求，可能是对主播未及时回应同类产品的催促，或看到他人成功刷屏后模仿该形式表达购买意向。）"
Jing1000086,服饰鞋履,带不带那个白腰带,1,该用户是在询问直播展示的商品是否包含白色腰带配件。
Jing1000086,服饰鞋履,美背美背美背美背美背,1,该用户想表达的含义是：强烈要求主播展示或推荐美背款式的服装。  （结合前文弹幕中反复出现的“美背”“背心”等关键词，以及类似句式如“短皮衣短皮衣”的催促模式，可推断用户是在密集刷屏表达对某款商品的急切兴趣或需求。）
Jing1000086,服饰鞋履,停不下来了,0,该用户想表达的含义是：对当前展示的商品非常心动，已经忍不住想持续购买或参与互动了。
Jing1000086,服饰鞋履,没有码数了,0,该用户想表达的含义是：自己看中的商品已经没有合适的尺码可供购买了。
Jing1000086,服饰鞋履,小个子,0,该用户可能在询问直播展示的服装是否适合身高较矮的人穿着。
Jing1000086,服饰鞋履,没有码数,0,该用户想表达的含义是：商品缺货导致自己需要的尺码已经售罄。  （结合前文语境，“没有码数”是对其他用户类似抱怨（如“又没有了”“没有码数了”）的呼应，暗示直播间热门商品因抢购或库存不足而断码，用户因无法购买到合适尺码感到失望。）
Jing1000086,服饰鞋履,断码了,0,该用户想表达的含义是：自己想要的商品尺码已经售罄了。
Jing1000086,服饰鞋履,没有码,0,该用户想表达的是对商品缺货的失望，暗示自己因为尺码售罄而无法购买心仪的产品。
Jing1000086,服饰鞋履,有没有小西装外套,1,该用户是在询问直播间是否会上架或展示小西装外套这一单品，表达了对该类商品的潜在购买兴趣。
Jing1000086,服饰鞋履,里面的背心有吗,1,该用户是在询问直播间展示的服装搭配中是否包含同款或类似款式的背心可供购买。
Jing1000086,服饰鞋履,短皮衣还有,1,该用户想表达的含义是：询问短皮衣是否还有库存或能否继续购买。
Jing1000086,服饰鞋履,这衣服防晒吗,1,该用户想询问这件衣服是否具备防晒功能，以此判断是否值得购买。
Jing1000086,服饰鞋履,衣服没有码了,0,该用户想表达的含义是：对某件衣服因缺码无法购买感到遗憾或不满。
Jing1000086,服饰鞋履,欣姐穿小个子吗,1,该用户想询问主播“欣姐”穿的衣服款式是否适合身材娇小的人。
Jing1000086,服饰鞋履,没码了,0,该用户想表达的含义是：商品已经售罄或自己需要的尺码缺货了。
Jing1000086,服饰鞋履,卡码拍大吗,1,该用户可能在询问商品尺码是否偏大，担心实际尺寸与标注不符而影响购买决策。
Jing1000086,服饰鞋履,没货了,0,该用户想表达的含义是：想购买的商品已经售罄了。
Jing1000086,服饰鞋履,裤子是高腰还是中腰,1,该用户想询问裤子的腰线设计是否适合自己，以判断是否值得购买。
Jing1000086,服饰鞋履,没有啦,0,该用户想表达的含义是：商品已经售罄或断码了。
Jing1000086,服饰鞋履,有没有牛仔半身裙,1,该用户是在询问直播间是否有牛仔半身裙这款商品可供购买。
Jing1000086,服饰鞋履,矮个子,0,该用户可能在询问主播展示的服装是否适合身高较矮的人穿着。
Jing1000086,服饰鞋履,只能穿到120斤吗,1,该用户是在询问商品的最大尺码是否适合体重120斤以上的人穿着，隐含对尺码不足的担忧。
Jing1000086,服饰鞋履,"153,90斤咋拍?",1,该用户是在询问身高153cm、体重90斤的人应该选择什么尺码的衣服。
Jing1000086,服饰鞋履,美背美背美背美背美背美背,1,该用户可能在急切询问或强调直播中展示的“美背”款式服装的相关信息，比如是否有货、尺码适配或具体款式细节。
Jing1000086,服饰鞋履,私服有吗,1,该用户想询问主播展示的服装是否有适合日常穿着的款式或同类型产品。
Jing1000086,服饰鞋履,没有了号了,0,该用户想表达的含义是：商品已经售罄没有库存了。
Jing1000086,服饰鞋履,牛仔裤有弹力不,1,该用户想询问牛仔裤的面料弹性如何，以判断是否适合自己的穿着需求。
Jing1000086,服饰鞋履,下面的松紧紧吗?,1,该用户是在询问接下来展示的服装（如裤子或裙子）的松紧带弹性如何，是否舒适或适合不同体型。
Jing1000086,服饰鞋履,欣儿穿啥都好看,0,该用户想表达的含义是：主播的穿搭效果很好，让人对展示的服装产生好感。
Jing1000086,服饰鞋履,可以防晒吗,1,该用户是在询问当前展示的商品是否具备防晒功能。
Jing1000086,服饰鞋履,矮个子没了,0,该用户想表达的含义是：适合矮个子的款式已经售罄了。
Jing1000086,服饰鞋履,卡吗怎么拍,1,该用户可能是在询问直播画面是否卡顿，并想知道如何下单购买商品。
Jing1000086,服饰鞋履,没有尺码了?,0,该用户可能在询问商品是否已售罄或特定尺码缺货，表现出对购买该商品的潜在兴趣和尺寸信息的关注。
Jing1000086,服饰鞋履,s码没了,0,该用户想表达的含义是：商品的小码已经售罄了。
Jing1000086,服饰鞋履,买不到,0,该用户想表达的含义是：想要的商品或尺码已经售罄无法购买。
Jing1000086,服饰鞋履,高个子100斤拍什么码,1,该用户想询问身高较高但体重较轻的人应该选择什么尺码的服装。
Jing1000086,服饰鞋履,私服什么时候上,0,该用户是在询问主播的日常穿搭服饰何时会上架售卖。
Jing1000086,服饰鞋履,没码呀,0,该用户想表达的含义是：想要的尺码已经售罄了。
Jing1000086,服饰鞋履,小个子m码没有了,0,该用户想表达的含义是：自己身材娇小，但直播间里适合小个子的M码商品已经售罄了。
Jing1000086,服饰鞋履,私服呢,1,该用户是在询问主播身上穿的同款私服是否会上架售卖。
Jing1000086,服饰鞋履,卡码要拍大不,1,该用户是在询问衣服尺码偏大还是偏小，以便选择合适的尺寸购买。
Jing1000086,服饰鞋履,宽松版吗,1,该用户想询问商品是否是宽松版型的设计。
Jing1000086,服饰鞋履,闷气不,1,该用户可能在询问商品是否透气或担心穿着时会闷热。
Jing1000086,服饰鞋履,段码啦,0,该用户想表达的含义是：询问主播商品是否已经断码缺货了。
Jing1000086,服饰鞋履,短皮衣短皮衣短皮衣短皮衣短皮衣短皮衣短皮衣短皮衣短皮衣短皮衣短皮衣短皮衣短皮衣短皮衣短皮衣短皮衣短皮,1,该用户急切地询问或强调直播间是否还有短皮衣这款商品，可能因库存紧张或多次错过购买机会而表现出强烈的需求。
Jing1000086,服饰鞋履,现货吗,1,该用户想询问商品是否为现成库存、能否立即发货。
Jing1000086,服饰鞋履,欣姐现在有夏天穿的西裤吗,1,该用户想询问主播当前是否有适合夏季穿着的西裤款式在售。
Jing1000086,服饰鞋履,小个子没有,0,该用户想表达的含义是：小个子能穿的尺码已经售罄了。
Jing1000086,服饰鞋履,开美颜了吗,0,该用户可能在质疑主播或产品的真实效果，担心直播画面存在美化误导，暗示对商品实际品质的顾虑。
Jing1000086,服饰鞋履,身上美背,1,该用户想询问直播中展示的服装是否包含美背款式或设计。
Jing1000086,服饰鞋履,防晒?,1,该用户可能是在询问当前展示的防晒产品是否适合自己或想了解防晒性能等细节。
Jing1000086,服饰鞋履,裤子破洞和不破洞颜色一样不,1,该用户想询问破洞款和常规款的裤子在颜色上是否存在差异，以便做出购买选择。
Jing1000086,服饰鞋履,没抢到断码啦[捂脸],0,该用户因商品断码缺货而感到遗憾，表达了自己未能成功购买的失落情绪。
Jing1000086,服饰鞋履,13-14号那款更补水一点呢,1,该用户想询问13-14号展示的两款产品中哪款的保湿效果更好，表现出对具体产品功能的比较需求。
Jing1000086,服饰鞋履,再上点,0,该用户希望主播补货或增加库存，以便自己能购买到心仪的商品。
Jing1000086,服饰鞋履,什么时候能发货,0,该用户想确认商品的发货时效以评估是否值得立即下单。
Jing1000086,服饰鞋履,"停电了,好卡[流泪]",0,该用户想表达的含义是：因网络信号不佳导致直播画面卡顿，影响了观看体验而感到沮丧。  （结合前文弹幕多为商品咨询和抢购互动，可推断用户因直播卡顿可能错过关键信息或抢购机会，情绪焦急。）
Jing1000086,服饰鞋履,里面的有吗,1,该用户可能在询问直播间展示的商品内部是否还有库存或特定款式（如内搭、内衬等）。
Jing1000086,服饰鞋履,没有码了,0,该用户想表达的含义是：想要的尺码已经售罄了。
Jing1000086,服饰鞋履,腰带是衣服自带吗,1,该用户想确认当前展示的服装是否包含配套的腰带配件。
Jing1000086,服饰鞋履,背心有吗,1,该用户是在询问直播间是否有售卖背心这款商品。
Jing1000086,服饰鞋履,有沐浴露嘛?,1,该用户是在询问直播间是否有沐浴露产品在售，表现出对这类商品的购买兴趣或需求。
Jing1000086,服饰鞋履,125斤能穿吗,1,该用户是在询问主播展示的服装款式是否适合体重125斤的人穿着。
Jing1000086,服饰鞋履,又没抢到,0,该用户因商品抢购失败而感到遗憾和失落。
Jing1000086,服饰鞋履,"刚刚说下一款私服了,一直等到现在",0,该用户想表达的含义是：主播之前预告要介绍新款私服，但迟迟未开始，自己已经等待了很久。
Jing1000086,服饰鞋履,裤子看看,1,该用户想表达的含义是：想看看主播展示或详细介绍裤子的款式和细节。
Jing1000086,服饰鞋履,怎么Xs老是缺货啊,0,该用户是在抱怨某款商品（可能是Xs型号或系列）频繁缺货，表达了对无法及时购买到心仪产品的失望和不满。
Jing1000086,服饰鞋履,卡码怎么拍?,1,该用户想询问如何选择适合自己的尺码进行购买。
Jing1000086,服饰鞋履,蕾丝的背心,1,该用户可能在询问直播间是否有蕾丝材质的背心款式在售。
Jing1000086,服饰鞋履,裤子的腰带上下,0,该用户可能在询问裤子的腰带是否可以上下调节或是否有可拆卸的设计。
Jing1000086,服饰鞋履,主播穿什么码,1,该用户想询问主播身上所穿衣服的具体尺码，以便判断自己是否适合购买同款。
Jing1000086,服饰鞋履,防晒衣吗是,1,该用户想确认当前展示的商品是否为防晒衣。
Jing1000086,服饰鞋履,没买到,0,该用户想表达的含义是：对未能成功购买到心仪商品感到遗憾和失望。
Jing1000086,服饰鞋履,"没码数了,可以加吗",0,该用户想表达的含义是：询问主播能否补货或增加自己所需尺码的库存。
Jing1000086,服饰鞋履,能当防晒穿吗,1,该用户是在询问当前展示的服装是否具备防晒功能，以便判断是否符合自己的购买需求。
Jing1000086,服饰鞋履,吊带有吗,1,该用户想询问直播间是否有售卖吊带上衣这款商品。
Jing1000086,服饰鞋履,矮个子加,0,该用户想表达的含义是：询问是否有适合矮个子身材的尺码或款式。
Jing1000086,服饰鞋履,喜欢你后面的冬款,1,该用户对主播身后展示的冬季款式服装产生了兴趣，暗示想了解或购买该商品。
Jing1000086,服饰鞋履,腰带呢,1,该用户可能在询问当前展示的商品是否包含腰带配件，或是想确认腰带产品的上架情况。
Jing1000086,服饰鞋履,"我买了,好看",0,该用户想表达的含义是：已经下单购买了商品，并且对产品的外观或效果感到满意。
Jing1000086,服饰鞋履,没了没了没了,0,该用户想表达的含义是：想要的商品已经售罄了。
Jing1000086,服饰鞋履,私服还上不上,0,该用户是在催促主播尽快展示之前预告过的私服款式，表现出对这款商品的强烈兴趣和购买意愿。
Jing1000086,服饰鞋履,把你后面的冬款,1,该用户想表达的含义是：对主播身后展示的冬季款式服装感兴趣，询问是否可以购买或了解更多信息。
Jing1000086,服饰鞋履,好穿好穿,1,该用户想表达的含义是：这款产品穿着体验很好，表示满意并可能有意向推荐或复购。
Jing1000086,服饰鞋履,里边内搭,1,该用户可能在询问当前展示的服装（如外套或连衣裙）里面搭配的内衣或打底衫款式。
Jing1000086,服饰鞋履,昨天收到蓝色的好看[比心][比心][比心],0,该用户想表达的含义是：对之前购买的蓝色商品表示满意并给予积极反馈。
Jing1000086,服饰鞋履,那件蓝色外套还有吗,1,该用户是在询问某款蓝色外套的库存情况，表达出明确的购买意向和担心缺货的潜在焦虑。
Jing1000086,服饰鞋履,有防晒衣吗,1,该用户是在询问直播间是否有防晒衣这款商品可供购买。
Jing1000086,服饰鞋履,内搭上,0,该用户想询问主播身上穿的内搭是否会上架售卖。
Jing1000086,服饰鞋履,"我买了一套你家其他的,200多,希望不失望哦",0,该用户想表达的含义是：已经购买了同品牌的其他产品，对这次购物体验抱有期待但略有顾虑。
Jing1000086,服饰鞋履,喜欢你后面的冬款.[比心][比心],1,该用户想表达的含义是：对主播身后展示的冬季款式服装感兴趣并表达喜爱之情。
Jing1000086,服饰鞋履,想要那个99的的黄色包,1,该用户明确表达了对直播间中售价99元的黄色包包的购买意向。
Jing1000086,服饰鞋履,要内搭背心,1,该用户是在询问或催促主播上架直播间里提到的内搭背心款式。
Jing1000086,服饰鞋履,上一下蓝色这个,0,该用户希望主播尽快展示或上架蓝色款商品。
Jing1000086,服饰鞋履,欣姐穿的么码子,1,该用户想询问主播“欣姐”身上所穿衣服的具体尺码信息，暗示自己可能有购买意向。
Jing1000086,服饰鞋履,没号了,0,该用户想表达的含义是：想要的商品已经售罄了。
Jing1000086,服饰鞋履,小个子没了,0,该用户想表达的含义是：适合小个子身材的款式已经售罄了。
Jing1000086,服饰鞋履,今天收到了蓝色外套,0,该用户想表达的含义是：自己已经购买了直播中提到的蓝色外套，并暗示对商品满意或想分享购物体验。
Jing1000086,服饰鞋履,裤子是啥颜色,1,该用户可能是在询问直播中展示的裤子的具体颜色细节，以便进一步确认是否符合自己的购买偏好。
Jing1000086,服饰鞋履,上点小个子的,0,该用户希望主播推荐或补货适合小个子身材的服装款式。  （结合前文语境，直播间在讨论尺码、款式和补货需求，且出现过“小个子没了”的弹幕，可推断用户是在针对特定体型群体提出商品需求。）
Jing1000086,服饰鞋履,欣姐穿哪个版,1,该用户是在询问主播身上所穿服装的具体款式或尺码信息，意图确认是否适合自己购买。
Jing1000086,服饰鞋履,欣姐美背美背美背美背美背美背美背美背美背美背美背美背美背美背美背美背美背美背美背美背美背美背美背美背,1,该用户通过重复强调“美背”表达对主播展示的服装款式（可能是露背设计）的强烈喜爱和购买意向。
Jing1000086,服饰鞋履,背心有没有,1,该用户想询问直播间是否有背心款式在售。
Jing1000086,服饰鞋履,牛仔裤,1,该用户可能在询问当前展示的牛仔裤的具体款式或颜色，或是希望主播推荐/上架牛仔裤。
Jing1000086,服饰鞋履,白色腰带,1,该用户想表达的含义是：询问主播是否有白色款式的腰带在售或展示。
Jing1000086,服饰鞋履,多上点裙子吧,1,该用户希望直播间增加更多裙装款式的展示和售卖。
Jing1000086,服饰鞋履,裤子上的腰带,1,该用户可能在询问或关注裤子所搭配的腰带款式或颜色。
Jing1000086,服饰鞋履,外套卡码怎么拍,1,该用户想询问主播身上那件外套的尺码选择建议，以便确定自己该拍哪个码数。
Jing1000086,服饰鞋履,你穿的吊带有吗,1,该用户是在询问主播身上穿的吊带背心是否在售，表达了对同款的购买意向。
Jing1000086,服饰鞋履,短皮衣短皮衣短皮衣短皮衣短皮衣短皮衣短皮衣,1,该用户可能在强烈催促主播上架或展示短款皮衣，表达对该商品的迫切需求和兴趣。
Jing1000086,服饰鞋履,里面的背心上个链接,1,该用户希望主播将直播间内展示的背心商品上架购买链接。
Jing1000086,服饰鞋履,这是防晒衣吗,1,该用户可能在询问主播展示的服装是否为防晒衣，并暗示对该产品功能的兴趣或购买意向。
Jing1000086,服饰鞋履,袖子撸下来看看,1,该用户想表达的含义是：希望主播展示衣服袖子的实际穿着效果。
Jing1000086,服饰鞋履,裤子在几号,1,该用户想询问主播当前展示的裤子对应的商品货号或尺码编号。
Jing1000086,服饰鞋履,刚才那件蓝色外套还有吗,1,该用户想询问蓝色外套的库存情况，表达了对该商品的购买意向。
Jing1000086,服饰鞋履,欣姐穿的矮个子吗,1,该用户想询问主播身上穿的衣服是否适合矮个子身材。
Jing1000086,服饰鞋履,想要腰带和背心,1,该用户想表达的是对直播中展示的腰带和背心这两款商品有明确的购买意向。
Jing1000086,服饰鞋履,刚才手上拿的蓝色外套,1,该用户想询问主播刚才展示的蓝色外套是否还有库存或能否再次介绍详情。
Jing1000086,服饰鞋履,上美背,1,该用户可能在催促主播展示或上架一款名为“美背”的服饰（如内衣/背心款式），或特指主播“欣姐”穿过的同款设计。  （解析依据：前文高频出现“美背”与主播关联词、同类产品“背心”被多次提及，且弹幕整体呈现对服装款式的即时需求倾向。）
Jing1000086,服饰鞋履,套装套装,1,该用户想表达的含义是：催促主播尽快展示或上架当前提到的服装套装。  （结合前文弹幕高频出现的具体单品需求（如背心、腰带、外套）和重复性催促（如“短皮衣×7”），可推断“套装套装”是用户急切希望主播聚焦某一完整搭配的诉求，可能认为单品信息已饱和，或对组合搭配更感兴趣。）
Jing1000086,服饰鞋履,"欣姐,给我们上款马甲呗",1,该用户希望主播推荐或上架一款马甲服饰。
Jing1000086,服饰鞋履,要背心,1,该用户想表达的含义是：询问主播是否有背心商品并希望购买。  （结合前文多次提及“背心”“腰带”等单品，且其他弹幕明确出现“想要腰带和背心”“里面的背心上个链接”，可推断用户是在跟进直播间的商品讨论，直接表达对背心的需求。）
Jing1000086,服饰鞋履,项链好看,1,该用户可能是在称赞项链的设计并暗示有购买意向，希望主播能介绍或上架同款。
Jing1000086,服饰鞋履,裤子在几号链接,1,该用户想询问当前展示的裤子商品对应的购买链接编号以便下单。
Jing1000086,服饰鞋履,一米五八买高还低,1,该用户想询问自己身高158cm应该选择高腰还是低腰款式的服装。
Jing1000086,服饰鞋履,上衣卡码怎么拍,1,该用户想询问上衣尺码选择有疑问时该如何下单购买。
Jing1000086,服饰鞋履,背心好看,1,该用户是在表达对直播中展示的背心款式的喜爱，并暗示希望购买或了解相关产品信息。
Jing1000086,服饰鞋履,上这个,1,该用户是在催促主播上架当前展示或讨论中的某款商品。
Jing1000086,服饰鞋履,蕾丝带是裤子一起的吗,1,该用户想询问直播中展示的蕾丝带是否是裤子的配套配件或需要单独购买。
Jing1000086,服饰鞋履,短皮衣短皮衣短皮衣短皮衣,1,该用户急切要求主播展示或上架短款皮衣，可能是对当前展示的款式特别感兴趣或希望主播尽快推出相关购买链接。
Jing1000086,服饰鞋履,项链好漂亮,0,该用户被展示的项链款式吸引，暗示有潜在购买意向或希望主播进一步介绍产品细节。
Jing1000086,服饰鞋履,背心有黑的吗,1,该用户是在询问主播展示的背心是否有黑色款可供购买。
Jing1000086,服饰鞋履,套装还有吗?上次没拍到,1,该用户急切询问套装库存情况，并暗示自己曾因缺货错过购买机会，希望这次能成功抢购。
Jing1000086,服饰鞋履,这个巨好穿,0,该用户想表达的含义是：对当前展示的某件商品非常满意，认为穿着体验极佳。
Jing1000086,服饰鞋履,"欣姐,给我们出点马甲呗",1,该用户希望主播推荐或上新一款马甲款式。  （结合前文语境，弹幕中多次出现对背心、外套等单品的需求，且“马甲”已被提及过，说明用户并非偶然提议，而是跟随直播选品节奏提出的明确购买意向。）
Jing1000086,服饰鞋履,好好看,1,该用户想表达的含义是：对当前展示的某件商品款式或搭配表示赞赏和喜爱。
Jing1000086,服饰鞋履,蓝色外套,1,该用户想表达的含义是：询问或提醒主播展示之前提到的那件蓝色外套。
Jing1000086,服饰鞋履,喜欢这个唇部精华[666][666][666][666][666][666],1,该用户想表达的含义是：对当前展示的唇部精华产品非常感兴趣并有意购买。
Jing1000086,服饰鞋履,刚刚那件蓝色外套还有吗,1,该用户是在询问之前展示过的蓝色外套是否仍有库存可供购买。
Jing1000086,服饰鞋履,身上美背,1,该用户想表达的含义是：询问主播身上穿的美背款式是否有售或能否推荐类似产品。
Jing1000086,服饰鞋履,"如果美背是自己没货,请告诉我,我好离开[捂脸][捂脸][捂脸]",0,该用户是在询问主播身上穿的“美背”款式是否有库存，若无货就明确告知以便决定是否继续观看直播。
Jing1000086,服饰鞋履,美背美背美背,1,该用户可能在强烈表达对主播展示的“美背”款式的喜爱或催促上架该商品。
Jing1000086,服饰鞋履,"哇哦,你双眼皮割得好宽[捂脸][捂脸][捂脸]",0,该用户是在调侃主播的双眼皮手术效果夸张，并非表达购买意向。
Jing1000086,服饰鞋履,裤子裤子在几号,1,该用户是在询问当前直播中展示的裤子商品对应的货号或购买链接。
Jing1000086,服饰鞋履,刚才在穿一下哈,0,该用户想表达的含义是：让主播重新试穿一下刚才展示的款式以便进一步确认效果。
Jing1000086,服饰鞋履,背心要,1,该用户想表达的是对直播中展示的背心款式有购买意向，希望主播详细介绍或上架该商品。
Jing1000086,服饰鞋履,这个背心质量超好,1,该用户是在积极认可商品品质，并隐含推荐或催促上架的意思。
Jing1000086,服饰鞋履,身上背心收到了质量超好,0,该用户想表达的是对收到的背心非常满意，认为其质量超出预期。
Jing1000086,服饰鞋履,美背上一下,1,该用户想表达的含义是：希望主播展示或介绍身上穿的美背款式。
Jing1000086,服饰鞋履,短皮衣短皮衣短皮衣短皮衣短皮衣短皮衣短皮衣短皮衣短皮衣短皮衣短皮衣,1,该用户急切希望主播展示或上架短皮衣款式，可能是对之前提到的其他单品（如背心、美背等）的延伸需求或对新款式的强烈兴趣。
Jing1000086,服饰鞋履,"私服啥样的,才来",1,该用户想询问主播身上穿的同款私服（私人穿搭）是什么款式或品牌。
Jing1000086,服饰鞋履,"153,90斤穿多大码衣服",1,该用户是在询问自己身高153cm、体重90斤的情况下适合穿什么尺码的衣服。
Jing1000086,服饰鞋履,美背美背美背美背美背美背,1,该用户急切希望主播上架或展示“美背”款式服装，可能是重复催促以引起注意或表达强烈兴趣。
Jing1000086,服饰鞋履,送腰带,1,该用户可能在暗示主播赠送或展示腰带产品，表达对腰带的潜在购买兴趣或需求。
Jing1000086,服饰鞋履,我在穿,0,该用户想表达的含义是：我正在试穿刚才提到的某件衣服（可能是蓝色外套、背心或美背等款式）。
Jing1000086,服饰鞋履,欣姐拍了外套什么时候发货呀,0,该用户是在询问自己已购买的外套商品的具体发货时间，表达了对尽快收到商品的期待和关注。
Jing1000086,服饰鞋履,内搭有胸垫吗,1,该用户是在询问直播展示的内搭衣物是否带有内置胸垫的设计功能。  （释义依据：结合前文高频出现的服饰类产品提问（如美背、背心、外套尺码等），该弹幕属于典型的商品功能细节咨询，反映出用户对产品实用属性的关注，符合直播间内其他潜在买家对服装类商品的常规提问模式。）
Jing1000086,服饰鞋履,短皮衣,1,该用户可能是在询问或催促主播展示或介绍短款皮衣这款商品。
Jing1000086,服饰鞋履,"好看,我正穿着呢[捂脸]",0,该用户想表达的含义是：对当前展示的商品表示认可，并暗示自己已经购买且正在使用该产品。
Jing1000086,服饰鞋履,全部都想要,1,该用户被直播间的多款商品吸引，表达出强烈的全品类购买欲望。
Jing1000086,服饰鞋履,还有睡衣不,1,该用户是在询问直播间是否还有睡衣库存可供购买。
Jing1000086,服饰鞋履,私服什么时候上,1,该用户是在询问主播的日常私服款式何时会上架售卖。
Jing1000086,服饰鞋履,裤子卡码拍大还是拍小?,1,该用户是在询问裤子的尺码选择建议，不确定自己该选偏大还是偏小的尺码。
Jing1000086,服饰鞋履,短皮衣短皮衣短皮衣,1,该用户急切地希望主播展示或介绍短皮衣这款商品。
Jing1000086,服饰鞋履,16号,0,该用户可能在询问或确认16号（如商品编号、尺码、日期等）相关的购买信息。
Jing1000086,服饰鞋履,有没有睡衣[捂脸],1,该用户想询问直播间是否售卖睡衣款式，并用表情符号表达了对睡衣类产品的兴趣或期待。
Jing1000086,服饰鞋履,看上你的水杯了[捂脸][捂脸],1,该用户想表达的含义是：对展示的水杯产生了强烈的购买兴趣，并用表情符号掩饰兴奋或不好意思的情绪。
Jing1000086,服饰鞋履,腰带有吗,1,该用户是在询问直播间是否有腰带商品在售或作为赠品。
Jing1000086,服饰鞋履,美背美背美背美背美背美背美背,1,"该用户想表达的含义是：强烈要求主播展示或推荐美背款式的服装。  （结合前文弹幕可见，""美背""是直播间讨论的热门单品，用户通过重复刷屏强调需求，可能是催促主播讲解、上链接，或单纯表达对这款商品的喜爱和购买意向。）"
Jing1000086,服饰鞋履,要美背,1,该用户想表达的是对直播间展示的美背款式服饰有强烈购买意向，希望主播优先介绍或上架该商品。
Jing1000086,服饰鞋履,美背美背,1,该用户想表达的含义是：对直播中展示的美背款式服装表现出强烈的兴趣和购买欲望。
Jing1000086,服饰鞋履,唇膏啥时候上啊!,1,该用户急切询问唇膏产品的上架时间，表现出明确的购买意向和对该商品的关注。
Jing1000086,服饰鞋履,私服上不,1,该用户是在询问主播展示的私服款式是否已经上架可供购买。
Jing1000086,服饰鞋履,短皮衣短皮衣我要,1,该用户急切地想购买或确认直播间正在展示的短皮衣款式。
Jing1000086,服饰鞋履,有没有睡衣?,1,该用户是在询问直播间是否售卖睡衣款式，并表现出潜在的购买意向。
Jing1000086,服饰鞋履,背心质量很好,1,该用户是在认可主播展示的背心品质优良，暗示自己对该商品有购买意向。
Jing1000086,服饰鞋履,欣姐真好看,0,该用户想表达的含义是：被主播的外貌或魅力吸引，但并未直接表现出对商品的购买意向。
Jing1000086,服饰鞋履,项链推荐一下,1,该用户希望主播能针对项链品类进行具体推荐，表现出明确的购买意向。
Jing1000086,服饰鞋履,短风衣外套有吗?,1,该用户是在询问直播间是否有短款风衣外套这款商品，表现出对这类服饰的兴趣和潜在的购买意向。
Jing1000086,服饰鞋履,看一件喜欢一样[捂脸],1,该用户想表达的含义是：每次看到展示的商品都觉得特别喜欢，忍不住想买。
Jing1000086,服饰鞋履,美背上下,1,该用户是在催促主播展示或上架美背款式的服装。
Jing1000086,服饰鞋履,白色私服呢,1,该用户是在询问主播什么时候会上架白色的私服款式。
Jing1000086,服饰鞋履,夏天的睡衣,1,该用户是在询问直播间是否有适合夏季穿着的睡衣款式。
Jing1000086,服饰鞋履,@你***[捂脸]你管的太宽了,0,该用户可能在委婉地表达对主播频繁干预或过度推销的不满，暗示对方不必对观众需求管得过多。
Jing1000086,服饰鞋履,要腰带,1,该用户是在询问直播间是否有腰带商品并表达购买意向。
Jing1000086,服饰鞋履,美背上,1,该用户想表达的是对直播中展示的“美背”款式商品的强烈兴趣和购买意愿。
Jing1000086,服饰鞋履,唇釉上,1,该用户想表达的含义是：询问主播什么时候会上架或展示唇釉产品。
Jing1000086,服饰鞋履,口红啥时候上,1,该用户是在询问口红产品的上架时间，表现出对这款商品的关注和购买意向。
Jing1000086,服饰鞋履,美背美背美背美背美背美背美背美背美背美背美背美背美背美背美背,1,该用户想表达的含义是：强烈要求主播展示或推荐美背款式的服装。
Jing1000086,服饰鞋履,今天有沐浴露吗,1,该用户想询问直播间是否会上架沐浴露产品。
Jing1000086,服饰鞋履,"这个收到货了,质量很好[赞]",0,该用户想表达的含义是：对已购买商品的质量表示满意并给予正面评价。
Jing1000086,服饰鞋履,短皮衣短皮衣短皮衣短皮衣短皮衣短皮衣短皮衣短皮衣短皮衣,1,该用户迫切希望主播展示或上架短款皮衣，可能是在催促补货或强调自己的强烈购买意愿。
Jing1000086,服饰鞋履,美背上不上了,1,该用户想表达的含义是：询问主播是否还能继续购买之前提到的美背款式商品。
Jing1000086,服饰鞋履,"女人就是穿戴穿戴,都想到你两公婆[捂脸]",0,该用户可能是在调侃直播间的商品大多针对女性服饰需求，联想到主播夫妇推荐这些商品时的场景，带有无奈或幽默的情绪。
Jing1000086,服饰鞋履,外套看下,1,该用户想表达的含义是：想看看外套的款式或细节展示。
Jing1000086,服饰鞋履,搞点内裤[比心][比心][比心],1,该用户是在主动提议或催促主播推荐/上架内衣类商品，并透露出较强的购买意愿和积极互动态度。
Jing1000086,服饰鞋履,"有没有睡衣,只想穿欣姐的睡衣",1,该用户想表达的是：想购买主播同款睡衣，对其他商品不感兴趣。  （释义依据：结合前文多次出现具体商品询问（如“美背”“短风衣”“睡衣”等），以及“只想穿”强调排他性偏好，反映出用户被主播穿搭吸引而产生的明确购买意向。）
Jing1000086,服饰鞋履,上美背,1,该用户是在催促主播尽快展示或上架“美背”款式商品，可能因之前多次看到同类弹幕而产生急切购买意愿。
Jing1000086,服饰鞋履,手表漂亮,1,该用户可能被直播中展示的手表外观吸引，暗示对产品有审美认可或潜在购买意向。
Jing1000086,服饰鞋履,上点艾米袜子,0,该用户希望主播尽快上架艾米品牌的袜子进行售卖。  （分析依据：结合前文弹幕中频繁出现的“上美背”“要腰带”“搞点内裤”等直接求购句式，以及“口红啥时候上”等催促上架的表达，可推断“上点XX”是直播间观众对特定商品的明确购买需求，语境中用户动机偏向主动消费而非单纯讨论。）
Jing1000086,服饰鞋履,"质量很好,好穿",1,该用户想表达的含义是：对收到的商品质量感到满意，认为穿着体验不错。  （结合前文弹幕中类似“质量很好[赞]”的反馈，可推断用户是在分享实际使用后的正面评价，强调商品的实际体验符合预期。）
Jing1000086,服饰鞋履,刚才那件蓝色外套,1,该用户可能是在询问或暗示对之前展示的蓝色外套感兴趣，希望主播重新介绍或上架该商品。
Jing1000086,服饰鞋履,"这个背心超级好,一定入手姐妹们[比心]",1,该用户想表达的含义是：强烈推荐这款背心并号召其他观众购买。  （分析依据：结合前文弹幕中频繁出现的“美背”关键词和其他用户对产品的积极反馈（如“质量很好”），目标弹幕通过直接赞美产品（“超级好”）和情感号召（“姐妹们[比心]”）传递明确的购买意向，符合直播间内对同类商品的讨论氛围。）
Jing1000086,服饰鞋履,"这个质量超好,已经收到",0,该用户想表达的含义是：对已购买商品的质量表示满意并推荐给其他观众。  （结合前文语境，直播间弹幕多为询问商品、催促上架或分享购物体验，目标用户通过正面评价强化商品可信度，属于典型的购买兴趣确认和口碑传播行为。）
Jing1000086,服饰鞋履,质量很好,1,"该用户想表达的含义是：对已购买产品的品质表示满意并间接推荐给其他观众。  （结合前文语境，直播间频繁出现关于商品质量的正面反馈（如""质量很好,好穿""""这个质量超好""），且目标弹幕与之前确认收货的积极评价句式高度相似，可推断用户是在分享真实使用体验，通过肯定商品质量来强化直播间信任氛围，可能激发他人购买欲。）"
Jing1000086,服饰鞋履,"刚才三号没看到,能再穿下吗[比心][比心][比心]",1,该用户希望主播重新展示刚才错过的三号商品，表现出明确的购买意向。
Jing1000086,服饰鞋履,欣姐睡衣有得没呀,1,该用户想询问主播“欣姐”是否有睡衣在售，并表现出对该款睡衣的购买意向。
Jing1000086,服饰鞋履,白色私服今天大有吗,1,该用户是在询问今天是否有白色的休闲款服饰上架销售。
Jing1000086,服饰鞋履,要私服,1,该用户想表达的含义是：询问主播是否会上架或展示私服款式的服装。  （结合前文语境，直播间正在讨论各类服饰商品，且其他用户频繁要求上架特定款式，如“美背”“睡衣”“外套”等，因此“要私服”是类似的需求表达，指向主播或品牌相关的私服类产品。）
Jing1000086,服饰鞋履,"她的水杯可不便宜,三百多块钱",0,该用户可能在暗示对水杯的价格感到惊讶或犹豫，但同时也透露出对产品品质的认可或潜在购买意向。
Jing1000086,服饰鞋履,欣姐上款小个子套运动套装,1,该用户希望主播“欣姐”推荐适合小个子身材的运动套装款式。
Jing1000086,服饰鞋履,欣姐睡衣还有的没?,1,该用户是在询问主播“欣姐”同款睡衣是否还有库存可供购买，表达出明确的购买意向和产品偏好。
Jing1000086,服饰鞋履,带胸垫吗,1,该用户想询问当前展示的衣物是否内置胸垫设计。
Jing1000086,服饰鞋履,背心收到质量太好了[比心],0,该用户想表达对已购背心产品质量的高度满意和欣喜之情。
Jing1000086,服饰鞋履,美背美背美背美背美背美背美背美背美背美背美背美背美背美背美背美背美背美背美背美背美背美背美背美背美背,1,该用户是在强烈催促主播展示或上架“美背”款式的服装，表达对该产品的急切期待和购买意愿。
Jing1000086,服饰鞋履,背心很好,1,该用户想表达的含义是：对展示的背心款式或质量表示认可，可能有购买意向。
Jing1000086,服饰鞋履,短皮衣有吗,1,该用户是在询问直播间是否有短款皮衣商品上架或展示。
Jing1000086,服饰鞋履,欣姐还有睡衣没得?,1,该用户是在询问主播“欣姐”是否还有睡衣库存可供购买。  （解析：结合前文多次出现对“欣姐睡衣”的询问（如“欣姐睡衣有得没呀”“欣姐睡衣还有的没?”），可见该商品是直播间的热点需求，用户动机明确指向购买意向，且语境中其他弹幕也多与商品库存、质量反馈相关，进一步强化了这一询问的消费意图。）
Jing1000086,服饰鞋履,卡码怎么拍,1,该用户是在询问商品的具体购买方式或下单流程。
Jing1000086,服饰鞋履,"欣姐,给我们出点马甲呗",1,该用户希望主播推荐或上架马甲款式商品。
Jing1000086,服饰鞋履,身上美背,1,该用户想表达的含义是：询问主播身上穿的美背内衣是否有售或推荐购买。  （结合前文高频出现的“美背”“背心”等关键词及对质量的积极评价，可推断用户关注点聚焦在同类产品上，且语境中隐含对主播同款的兴趣。）
Jing1000086,服饰鞋履,背心卡玛怎么拍,1,该用户想询问背心商品的尺码选择方式和购买流程。
Jing1000086,服饰鞋履,没有黑色啊,1,该用户想表达的含义是：对当前展示的商品颜色不满意，希望主播能提供黑色款。
Jing1000086,服饰鞋履,这件我买了,0,该用户想表达的含义是：我已经决定购买当前展示的这款商品。  （结合前文弹幕语境，直播间讨论集中在商品质量、款式和购买细节，且多次出现积极反馈，用户在此背景下直接表态购买行为，动机明确，无需进一步询问或犹豫。）
Jing1000086,服饰鞋履,白色外套再试试,1,该用户希望主播再次展示白色外套的试穿效果以便进一步确认是否购买。
Jing1000086,服饰鞋履,白色腰带来一个,1,该用户想表达的含义是：我想要购买一条白色的腰带。
Jing1000086,服饰鞋履,我在穿了质量超级好,0,该用户想表达的含义是：自己已经购买了直播间的产品且对质量非常满意。
Jing1000086,服饰鞋履,欣姐后期有睡衣没得?,1,该用户是在询问主播后续是否会上架睡衣款式，表现出明确的购买意向。
Jing1000086,服饰鞋履,发货太难了,0,该用户可能是在抱怨之前购买的商品发货速度太慢，暗示对商家的物流效率不满。
Jing1000086,服饰鞋履,美背美背美背美背美背美背美背,1,该用户通过重复关键词“美背”强烈表达对主播展示的背心款式的喜爱和购买欲望。
Jing1000086,服饰鞋履,有垫子吗,1,该用户想询问直播间是否售卖瑜伽垫或类似功能的垫子产品。
Jing1000086,服饰鞋履,没有买到你家衬衣啊[捂脸],1,该用户因错过购买衬衣而感到遗憾和惋惜。
Jing1000086,服饰鞋履,"收到了,质量超好[比心][比心][比心]",0,该用户想表达的含义是：对已收到的商品质量非常满意并给予积极反馈。
Jing1000086,服饰鞋履,防晒衣,1,该用户可能在询问直播间是否有防晒衣售卖，或对防晒衣的相关信息（如款式、颜色、价格等）感兴趣。
Jing1000086,服饰鞋履,后面会不会漏内衣带子,1,该用户是在询问后续展示的服装款式是否会设计成露背或露出内衣肩带的风格。
Jing1000086,服饰鞋履,美背美背美背美背美背美背美背美背美背美背美背美背美背美背美背,1,该用户可能在强烈表达对主播展示的“美背”款式产品的喜爱或需求，希望主播重点介绍或上架该商品。
Jing1000086,服饰鞋履,喜欢你脖子上的项链[捂脸],1,该用户想表达的含义是：对主播佩戴的项链款式感兴趣并询问购买信息。
Jing1000086,服饰鞋履,欣姐后期有没得睡衣?,0,该用户是在询问主播后续是否会推出睡衣款式，表现出明确的购买意向和对该类商品的兴趣。
Jing1000086,服饰鞋履,背心有胸垫吗,1,该用户是在询问直播展示的背心是否内置胸垫，以确认产品细节是否符合自身需求。
Jing1000086,服饰鞋履,长款防晒有吗,1,该用户是在询问直播间是否有长款防晒衣在售，表现出对防晒类产品的具体需求和购买意向。
Jing1000086,服饰鞋履,还有裤子没没????,1,该用户想询问直播间是否还有裤子库存可供购买。
Jing1000086,服饰鞋履,34号裤子能不能再上一点,1,该用户希望主播重新上架或补货34号裤子的库存。
Jing1000086,服饰鞋履,我从来不晒图[捂脸],0,该用户可能是在委婉表达对当前商品的犹豫或顾虑，暗示自己因不习惯展示实物（如晒图）而影响购买决策。
Jing1000086,服饰鞋履,套装呢?,1,该用户可能在询问主播是否还有套装商品在售或是否会推出套装款式。
Jing1000086,服饰鞋履,防晒衣收到了绝绝子,0,该用户想表达的含义是：对收到的防晒衣非常满意，认为产品超出预期。
Jing1000086,服饰鞋履,欣姐多做点薄款开衫呢,1,该用户希望主播后续能增加薄款开衫的款式或库存。  （结合前文语境，其他用户也在询问或期待特定商品，如睡衣、美背、防晒衣等，可见直播间观众有明确的品类需求倾向，且常与主播互动提出建议。目标弹幕延续了这一模式，属于指向明确的购买意愿表达。）
Jing1000086,服饰鞋履,蓝色外套,1,该用户可能是在询问主播是否有蓝色款的外套，或者对展示的蓝色外套表示兴趣和关注。
Jing1000086,服饰鞋履,马上晒[捂脸],0,该用户想表达自己刚刚购买了商品并准备立即分享使用体验或晒单。
Jing1000086,服饰鞋履,可以穿下三号,1,该用户想表达的含义是：想看看主播试穿3号尺码的效果。  （结合前文语境，弹幕多围绕尺码、款式、试穿效果等购物相关问题，推测用户是在询问主播能否展示3号尺码的实际上身情况，以便判断是否适合购买。）
Jing1000086,服饰鞋履,带胸垫的,0,该用户是在询问当前展示的背心或内衣类产品是否带有内置胸垫设计。
Jing1000086,服饰鞋履,卡码拍大还是,1,该用户是在询问衣服尺码是否偏大，以便决定购买时是否需要选择更大一码。
Jing1000086,服饰鞋履,确实懒[捂脸],0,该用户可能是在自嘲或附和主播提到的某种懒人穿搭或便利设计，表达自己确实因为懒而对该产品产生兴趣或认同。
Jing1000086,服饰鞋履,短皮衣短皮衣短皮衣短皮衣短皮衣,1,该用户可能在强烈表达对短款皮衣产品的兴趣或需求，希望主播展示或上架该款式。
Jing1000086,服饰鞋履,非常好,0,该用户想表达的含义是：对主播展示的某件商品（可能是防晒衣、美背内衣或项链）表示高度满意或称赞。
Jing1000086,服饰鞋履,"我都是不评价[捂脸][捂脸],有点懒",0,该用户想表达的含义是：自己平时很少主动评价商品，主要是出于个人习惯比较懒散。
Jing1000086,服饰鞋履,"好看,昨天我穿了[耶][耶]",0,该用户想表达的含义是：对展示的服装款式表示认可，并分享自己已经购买且实际穿着体验良好的反馈。
Jing1000086,服饰鞋履,上美背,1,该用户想表达的含义是：希望主播展示或推荐美背款式的服装。
Jing1000086,服饰鞋履,我拍视频全是你们的衣服[爱心][爱心],0,该用户想表达的含义是：自己经常在视频中穿着该品牌的服装，以此表达对产品的喜爱和支持。
Jing1000086,服饰鞋履,"买了无数衣服,都不评价",0,该用户想表达的含义是：自己经常购买但懒得写评价。
Jing1000086,服饰鞋履,懒得拍[捂脸][捂脸][捂脸][捂脸],0,该用户想表达的含义是：因为嫌麻烦而不想参与晒单或评价。
Jing1000086,服饰鞋履,美背美背美背美背美背美背美背美背,1,该用户可能在强烈呼吁主播展示或上架“美背”款式的服装，表达对该产品的急切需求和喜爱。
Jing1000086,服饰鞋履,我也是评个很好,0,"该用户想表达的含义是：我也觉得这件商品质量很好（但平时懒得写评价）。  （结合前文""不晒图/不评价""的普遍吐槽语境，用户用""评个很好""既肯定商品，又隐含对自己懒于评价的自嘲。）"
Jing1000086,服饰鞋履,"这个背心我收到了,确实好穿,质量也很好",0,该用户通过分享已购商品的正面体验，间接向直播间观众推荐这款背心，暗示其值得购买。
Jing1000086,服饰鞋履,不喜欢自拍了,0,该用户想表达的含义是：对展示自拍内容不感兴趣，更关注产品本身的实用信息或穿搭效果。
Jing1000086,服饰鞋履,"哈哈哈,懒",0,该用户想表达的含义是：自己也和前面提到的其他买家一样，因为懒得拍照或写评价而没有反馈购买体验。
Jing1000086,服饰鞋履,美背美背美背美背美背美背美背美背美背美背,1,该用户可能在强烈呼吁主播上架或展示“美背”款式的服装，表达对该产品的急切需求和喜爱。
Jing1000086,服饰鞋履,私服说上一直不上,0,该用户想表达的含义是：询问主播之前承诺要上架的私服款式为什么迟迟没有推出。
Jing1000086,服饰鞋履,"不会怕,所以只有评论",0,该用户想表达的含义是：因为不担心商品质量问题，所以只留言评论而没有进行其他互动（如晒单或详细评价）。  （结合前文语境，其他用户多次提到“懒得评价”“不晒图”等类似行为，且整体氛围偏向对商品的认可，因此该弹幕隐含的意思是用户对产品足够信任，无需额外反馈，仅以简单评论表示支持。）
Jing1000086,服饰鞋履,想要打底,1,该用户想表达的是对直播中展示的打底服饰有购买意向。
Jing1000086,服饰鞋履,几年了,0,该用户可能是在感叹产品（如背心或打底衣）已经推出多年却仍受欢迎，或暗示自己关注该商品已久。
Jing1000086,服饰鞋履,我们只喜欢买不喜欢拍[捂脸],0,该用户想表达的含义是：我们更享受购物过程本身，但懒得拍照分享或写评价。
Jing1000086,服饰鞋履,"162,96斤上半身瘦怎么选尺码",1,该用户是在询问自己身高162cm、体重96斤但上半身偏瘦的情况下应该如何选择合适的服装尺码。
Jing1000086,服饰鞋履,背心看下后面,1,该用户想表达的含义是：想看看背心背面的款式细节。
Jing1000086,服饰鞋履,卡码拍大还是拍小,1,该用户是在询问衣服尺码的选择建议，不确定自己应该选偏大还是偏小的尺码。
Jing1000086,服饰鞋履,晒了晒了,0,该用户想表达的含义是：我已经下单购买了这款商品。  （结合前文弹幕中频繁提及“美背”“背心”等关键词，以及用户讨论购买、尺码、评价等行为，可推断“晒了晒了”是表示已购买并可能准备展示或评价，符合直播间的互动语境。）
Jing1000086,服饰鞋履,白色皮带,1,该用户想表达的含义是：询问或表示对直播中展示的白色款式皮带的购买兴趣。
Jing1000086,服饰鞋履,我买了从来没晒过图[捂脸][捂脸],0,该用户想表达的含义是：虽然购买了产品但一直懒得拍照分享使用体验。
Jing1000086,服饰鞋履,美背美背美背美背美背美背,1,该用户可能在强烈表达对主播展示的“美背”款式商品的喜爱或迫切想要购买/了解该产品的意愿。
Jing1000086,服饰鞋履,我喜欢买不喜欢[捂脸][捂脸][捂脸],0,该用户想表达的含义是：自己更享受购物过程而非后续的晒单评价环节。
Jing1000086,服饰鞋履,自己美[呲牙],0,该用户想表达的含义是：对自己的外貌或穿搭感到满意并带有轻松调侃的意味。  （结合前文弹幕中频繁出现的“美背”“懒”“不喜欢拍”等关键词，可推断直播间在讨论服饰或穿搭主题，且用户普遍倾向于低调消费而非晒图。目标弹幕“自己美[呲牙]”符合这种语境，既隐含对产品的认可，又以幽默方式回避了“晒图”压力。）
Jing1000086,服饰鞋履,我拍了好多,0,该用户想表达的含义是：我已经下单购买了多件商品。
Jing1000086,服饰鞋履,有没有衬衣啊,1,该用户是在询问直播间是否有衬衫类商品上架或展示。
Jing1000086,服饰鞋履,白色腰带,1,该用户可能是在询问或暗示对直播中展示的白色腰带商品感兴趣，想了解详情或表达购买意向。
Jing1000086,服饰鞋履,看看你身上牛仔裤,1,该用户想表达的含义是：对主播身上穿的牛仔裤感兴趣，希望主播展示或介绍这款裤子。
Jing1000086,服饰鞋履,打底打底打底,1,该用户想表达的含义是：强烈要求主播展示或上架打底衫产品。
Jing1000086,服饰鞋履,你穿的什么码,0,该用户是在询问主播展示商品的尺码信息，以便参考选择适合自己的尺寸。
Jing1000086,服饰鞋履,"品质好,闭眼入",0,该用户想表达的含义是：这款产品的质量值得信赖，可以毫不犹豫地下单购买。
Jing1000086,服饰鞋履,我也是懒[捂脸]买了很多都不拍,0,该用户想表达的含义是：自己因为嫌麻烦而购买了不少商品但从不拍照分享。
Jing1000086,服饰鞋履,"另外一个号,白色的衣服",1,该用户想表达的含义是：询问主播是否还有白色款式的同款服装可供选择。
Jing1000086,服饰鞋履,买了无数衣服都没评价,0,该用户想表达的含义是：虽然经常购买但懒得给商品写评价。
Jing1000086,服饰鞋履,背心好看质量好,0,该用户想表达的含义是：这款背心的款式和品质都令人满意，值得购买。
Jing1000086,服饰鞋履,项链有链接吗,1,该用户对直播中展示的项链产生了购买意向，希望获取商品购买链接以便下单。
Jing1000086,服饰鞋履,美背美背美背美背美背美背美背美背美背,1,该用户想表达的含义是：对展示的背部设计款式非常喜爱并强烈希望主播重点介绍或展示。  （解析：结合前文弹幕中频繁出现“背心”“打底”等服装类关键词，以及“美背”的重复刷屏模式，可推断用户被产品背部设计吸引，通过密集重复表达催促主播展示细节或释放购买信息。）
Jing1000086,服饰鞋履,"质量超好,欣儿家衣服",0,该用户想表达的含义是：主播欣儿家的衣服质量非常不错，值得推荐或购买。  （结合前文弹幕中频繁提及“质量好”“闭眼入”等正向评价，以及用户对服装细节的关注，可推断该弹幕意在强调对商品品质的认可，并可能隐含安利或认同主播选品的意图。）
Jing1000086,服饰鞋履,"每次能默默下单,然后就不管了",0,"该用户想表达的含义是：自己习惯低调购物且不参与后续的晒单互动。  （结合前文语境中频繁出现的""买了不晒/不评价""等同类表达，可推断用户是在附和这种消费态度，强调自己属于默默下单、不热衷分享的务实型消费者。）"
Jing1000086,服饰鞋履,太可爱了[捂脸][捂脸][捂脸][捂脸],0,该用户被直播展示的商品萌到，用表情符号强化了喜爱之情，隐含潜在的购买冲动。
Jing1000086,服饰鞋履,想要腰带和背心,1,该用户表达了对直播中展示的腰带和背心两款商品有明确的购买意向。
Jing1000086,服饰鞋履,"带不带胸垫,刚来",1,该用户是在询问主播展示的服装是否内置胸垫，并说明自己是刚进入直播间的新观众。
Jing1000086,服饰鞋履,不喜欢拍照[捂脸][捂脸][捂脸],0,该用户想表达的含义是：对购买后需要拍照展示的环节感到抗拒或缺乏兴趣。  （结合前文语境，直播间讨论较多关于购买、穿搭、拍照等话题，部分用户提到“买了很多都不拍”“懒[捂脸]”等类似态度，目标弹幕延续了这种对拍照行为的消极情绪，隐含对商品使用场景的顾虑，但未直接否定购买意愿。）
Jing1000086,服饰鞋履,她家的衣服好穿,0,该用户想表达的含义是：这家店铺的服装穿着体验很好，值得推荐或购买。  （结合前文弹幕中频繁出现的“质量好”“闭眼入”等正面评价，以及用户对具体款式的询问，可推断当前弹幕是在认可产品实际使用效果，可能隐含推荐或强化购买意愿的意图。）
Jing1000086,服饰鞋履,有没有中低腰的,1,该用户是在询问主播展示的裤装款式是否有中低腰设计的选项。
Jing1000086,服饰鞋履,我还没评价,0,"该用户想表达的含义是：我之前购买过商品但还没来得及给好评。  （结合前文""买了无数衣服都没评价""""每次能默默下单,然后就不管了""等类似弹幕，可推断用户是在说明自己属于习惯性不评价的消费者，当前可能是对商品满意但未及时反馈。）"
Jing1000086,服饰鞋履,18号卡吗怎么拍,1,该用户是在询问18号商品是否容易抢购以及具体的购买方式。
Jing1000086,服饰鞋履,打底打底打底打底打底打底打底打底打底打底打底打底打底打底打底打底打底打底打底打底打底打底打底打底打底,1,该用户可能在强烈催促主播展示或讲解某款打底衫，或是重复刷屏以强调自己对打底类产品的迫切购买需求。
Jing1000086,服饰鞋履,这种背心能不能出个V领黑色的,0,该用户希望商家能推出V领黑色款的背心，表达了对现有款式的不满或个性化需求。
Jing1000086,服饰鞋履,白色私服怎么还没上啊[流泪],1,该用户急切期待直播间尽快上架白色私服款式，并因迟迟未见到货而表现出失望情绪。
Jing1000086,服饰鞋履,"可以,你直接挂我们也会买[捂脸]",0,该用户想表达的含义是：即使不主动推销，我们也会毫不犹豫地下单购买。  （释义：用户通过调侃的语气表明对主播或商品的强烈信任，暗示无需额外引导，自己已形成稳定的购买习惯或忠诚度。）
Jing1000086,服饰鞋履,私服开过了吗,1,该用户是在询问主播之前展示过的私服款式是否已经开放购买链接。
Jing1000086,服饰鞋履,买了一套,0,该用户想表达的含义是：自己已经下单购买了直播间推荐的某套商品。
Jing1000086,服饰鞋履,"我就是评,很好,很喜欢[笑哭][笑哭][笑哭]",0,"该用户想表达的含义是：对产品非常满意，虽然懒得写详细评价但用简短好评和表情包表达强烈喜爱。  （解析：结合前文""买了无数衣服都没评价""等懒评价现象，以及""质量超好""等正面反馈，用户用[笑哭]表情和碎片化语言传递了""东西很好但不想长篇大论""的调侃式认可，符合直播间常见的轻松互动氛围。）"
Jing1000086,服饰鞋履,"手表好好看,多少钱啊[赞]",0,该用户被展示的手表吸引，产生了明确的购买意向并希望了解价格信息。
Jing1000086,服饰鞋履,无色唇膏,1,该用户可能在询问直播间是否售卖无色唇膏或对其产品细节感兴趣。
Jing1000086,服饰鞋履,要你的美呗,1,该用户想表达的是对主播推荐的美背款式产品的强烈兴趣和购买意愿。
Jing1000086,服饰鞋履,要睡衣,1,"该用户想表达的含义是：对直播中展示的睡衣产品产生了明确的购买意向。  （分析依据：结合前文弹幕中频繁出现的直接购买需求表达（如""想要腰带和背心""""买了一套""）以及产品属性询问（如""带不带胸垫""），当前弹幕符合直播间内常见的即时消费动机表达模式，且""要""字在此语境中具有强烈的行动指向性。）"
Jing1000086,服饰鞋履,裤子的蕾丝腰带上一下,1,该用户希望主播展示或介绍裤子搭配的蕾丝腰带款式。
Jing1000086,服饰鞋履,美背美背,1,该用户是在表达对直播中展示的某款露背款式服装的强烈兴趣，希望主播重点介绍或上架该产品。
Jing1000086,服饰鞋履,私服私服,1,该用户想表达的含义是：询问主播是否已经介绍或上架了私服款式。
Jing1000086,服饰鞋履,咱俩质量真好,0,该用户想表达的含义是：这款产品的品质非常不错。  （结合前文弹幕中频繁提及服装、配饰等商品，以及“好穿”“很喜欢”等正面反馈，可推测用户是在对当前展示的某款商品质量表示肯定。）
Jing1000086,服饰鞋履,破洞不破洞颜色一样不,1,该用户是在询问商品（可能是裤子）的破洞设计是否会影响整体颜色的一致性。
Jing1000086,服饰鞋履,"这裤子是直筒的还是喇叭的,我都看不出来",1,该用户想询问裤子的具体版型细节以判断是否符合自己的购买偏好。
Jing1000086,服饰鞋履,"我买了欣姐家很多衣服,各位姐妹放心买.她家的货真的性价比很高啊",0,该用户想表达的含义是：以老顾客身份推荐主播的服装品质可靠，鼓励其他观众放心购买。
Jing1000086,服饰鞋履,"只想看你,懒得拍照[捂脸]",0,该用户想表达的含义是：比起参与互动更享受观看主播的直播内容。  （结合前文弹幕多为购物咨询、商品反馈等实用信息，该用户通过调侃式语气弱化购买意图，强调对主播个人的关注，符合直播间既有“轻松互动”和“粉丝偏好”的语境。）
Jing1000086,服饰鞋履,我是的防晒衣.有盒子装还有衣架防尘袋,1,该用户想表达的含义是：这件防晒衣的包装和配件很齐全（有盒子、衣架和防尘袋）。  （结合前文弹幕中频繁出现的对服装细节、质量和购买体验的关注，用户在此可能是强调产品的附加价值或品质感，以佐证购买意愿或推荐理由。）
Jing1000086,服饰鞋履,裤子卡码拍大还是拍小?,1,该用户是在询问裤子的尺码选择建议，纠结于该选偏大还是偏小的尺码更合适。
Jing1000086,服饰鞋履,我要短款皮衣,1,该用户想表达的含义是：希望主播推荐或上架短款皮衣款式。
Jing1000086,服饰鞋履,私服上了上美背吗,1,该用户是在询问主播是否会上架与之前展示过的“私服”同系列的露背款式服装。
Jing1000086,服饰鞋履,"刚有事去,怕错过",0,该用户担心因临时离开而错过直播中的商品购买机会。
Jing1000086,服饰鞋履,"除了美背,通通不喜欢,不洋气[捂脸][捂脸][捂脸]",0,该用户想表达的含义是：只对美背款式感兴趣，觉得其他款式不够时尚好看。
Jing1000086,服饰鞋履,我要短皮衣,1,该用户明确表达了对直播中展示的短款皮衣有购买意向。
Jing1000086,服饰鞋履,裤子看一下后面,1,该用户想表达的含义是：希望主播展示一下裤子的背面细节。
Jing1000086,服饰鞋履,喜欢买不喜欢晒[捂脸][捂脸][捂脸],0,该用户想表达的含义是：虽然对产品有兴趣但不太愿意公开分享购物体验。
Jing1000086,服饰鞋履,外套看看,1,该用户想表达的含义是：请主播展示一下外套的款式和细节。
Jing1000086,服饰鞋履,美背美背美背美背美背去,1,该用户急切要求主播展示或上架美背款式的服装。
Jing1000086,服饰鞋履,裤子卡码拍多大,1,该用户是在询问裤子的尺码选择建议，担心尺码偏差想确认该选大一号还是正常码。
Jing1000086,服饰鞋履,白色私服套装,1,该用户想表达的含义是：询问主播是否会上架那套白色的私服套装。
Jing1000086,服饰鞋履,"品质好,闭眼入[捂脸]",0,该用户想表达的含义是：这产品质量可靠，可以放心购买。
Jing1000086,服饰鞋履,沐浴露了,0,该用户可能在询问或提醒主播展示/介绍沐浴露产品。
Jing1000086,服饰鞋履,质量好就行,1,该用户想表达的含义是：只要商品品质有保障，我就愿意购买。
Jing1000086,服饰鞋履,把你这个黑安全裤上一下,1,该用户希望主播尽快展示或上架那条黑色的安全裤以供购买。
Jing1000086,服饰鞋履,肯定能,0,该用户想表达的含义是：对主播推荐的商品质量或购买建议表示充分信任和认可。
Jing1000086,服饰鞋履,我的短皮衣短皮衣,1,"该用户急切地想要主播展示或上架短款皮衣商品。  （分析依据：前文多次出现""短皮衣""相关需求，且语境中充满对具体商品的直接索求，用户重复呼喊意在强调购买意向并引起主播注意）"
Jing1000086,服饰鞋履,十几能接受,1,该用户认为商品价格在十几元的范围内是可以考虑购买的。
Jing1000086,服饰鞋履,"我评价了,也上图了[比心]",0,该用户想表达自己已经完成了对商品的评价并上传了图片，可能是为了参与直播间的互动活动或展示购买后的满意度。
Jing1000086,服饰鞋履,"我等了一个小时,美背",1,"该用户急切地表示自己已经等待了很久，强烈要求主播尽快展示或上架""美背""这款产品。"
Jing1000086,服饰鞋履,美背美背美背美背美背美背美背美背,1,该用户急切希望主播展示或上架“美背”款式商品，可能是之前多次提及但未被满足的需求，通过重复刷屏强调购买意愿。
Jing1000086,服饰鞋履,质量好,0,该用户想表达的含义是：对当前展示商品的品质表示认可并产生购买意向。
Jing1000086,服饰鞋履,1号牛仔裤.几天能发货,0,该用户是在询问1号牛仔裤的具体发货时效，表现出明确的购买意向和希望尽快收到商品的心理。
Jing1000086,服饰鞋履,能接受,1,该用户可能是在回应主播关于价格或条件的询问，表示对当前提到的商品价格或购买条款感到满意并愿意接受。
Jing1000086,服饰鞋履,身上背心,1,该用户可能是想询问或让主播展示身上穿的背心款式。
Jing1000086,服饰鞋履,项链有吗,1,该用户是在询问直播间是否有项链商品可供选购。
Jing1000086,服饰鞋履,有没有防晒衣,1,该用户是在询问直播间是否有防晒衣产品上架，表现出对防晒衣的具体购买需求。
Jing1000086,服饰鞋履,白色一套,1,该用户想表达的含义是：我想要购买那套白色的服装套装。  （结合前文“白色私服套装”等弹幕，用户可能是在确认或强调对特定颜色款式的购买意向。）
Jing1000086,服饰鞋履,"我也是买了很多喜欢都留着,但不喜欢拍照[捂脸]",0,该用户想表达的含义是：虽然经常购买喜欢的商品但不太习惯晒单分享。
Jing1000086,服饰鞋履,短皮衣,1,该用户可能是在询问或强调直播间是否有短款皮衣这款商品。
Jing1000086,服饰鞋履,买的蛋糕裙超级喜欢,0,该用户想表达自己之前购买的蛋糕裙非常满意，借此展现对商品的认可和喜爱。
Jing1000086,服饰鞋履,要身上背心,1,该用户想表达的是对直播中展示的背心产品有购买意向，希望主播介绍或上架这款商品。
Jing1000086,服饰鞋履,身上美背,1,该用户想表达的含义是：我想要购买刚才直播中展示的那款美背内衣。
Jing1000086,服饰鞋履,美背什么时候上,1,该用户急切询问主播何时会上架直播中展示的美背款式服装。
Jing1000086,服饰鞋履,CK36-1会上吗?很喜欢,1,该用户是在询问直播间是否会售卖CK36-1这款商品，并明确表达了对该商品的喜爱和购买意向。
Jing1000086,服饰鞋履,终于等到了,0,该用户想表达的含义是：期待已久的商品或环节终于开始展示了。
Jing1000086,服饰鞋履,你家质量杠杠的,0,该用户是在对商品质量表示高度认可和赞赏。
Jing1000086,服饰鞋履,短皮衣有没有?,1,该用户是在询问直播间是否售卖短款皮衣这一商品。
Jing1000086,服饰鞋履,有小肚子可以吗,1,该用户可能是在询问直播展示的服装款式是否适合有小肚子的身材，担心显胖或不合身。
Jing1000086,服饰鞋履,这套好看,1,该用户对直播展示的某套服饰款式表示认可和喜爱，暗示有潜在购买意向。
Jing1000086,服饰鞋履,美背上下,1,该用户想表达的含义是：询问主播身上穿的这款美背内衣是否会作为商品上架销售。
Jing1000086,服饰鞋履,短皮衣有没有回复一下?,1,该用户是在询问直播间是否有短款皮衣这款商品，并希望主播能尽快给予答复。
Jing1000086,服饰鞋履,终于来了,0,该用户想表达的含义是：期待已久的商品或环节终于出现了。
Jing1000086,服饰鞋履,你穿这套好看,1,该用户是在称赞主播展示的服装搭配效果不错，暗示自己也有兴趣购买同款。
Jing1000086,服饰鞋履,艾米生日穿的,0,该用户想询问主播身上穿的那件背心是否是之前艾米生日时穿过的同款。
Jing1000086,服饰鞋履,美背美背美贝,1,该用户急切询问或催促主播展示或上架“美背”款式服饰，可能因前文多次提及该单品而产生强烈兴趣。
Jing1000086,服饰鞋履,别下我,0,该用户想表达的含义是：不要跳过或忽略我的购买请求。
Jing1000086,服饰鞋履,项链有没有,1,该用户是在询问直播中展示的项链商品是否有货或是否会售卖。
Jing1000086,服饰鞋履,什么白,0,该用户可能在询问主播提到的某件白色商品的具体信息或款式。
Jing1000086,服饰鞋履,短皮衣还有没有,1,该用户急切地询问主播是否还有短皮衣的库存可供购买。
Jing1000086,服饰鞋履,领子能低点么,0,该用户可能是在询问主播展示的服装款式是否可以调整领口设计，使其更低一些以满足个人喜好或穿着需求。
Jing1000086,服饰鞋履,无袖的我胖穿不了[捂脸],0,该用户委婉表达了自己对无袖款式的兴趣但因体型顾虑而无法购买的遗憾。
Jing1000086,服饰鞋履,有肚腩的可以穿吗?,1,该用户是在询问这款服装是否适合腹部有赘肉的身材穿着。
Jing1000086,服饰鞋履,送项链吗?,1,该用户是在询问直播间的促销活动是否会赠送项链作为福利。
Jing1000086,服饰鞋履,只要质量好,1,该用户想表达的含义是：如果产品质量有保障，自己会考虑购买。
Jing1000086,服饰鞋履,这是裙子吗?,1,该用户可能在确认当前展示的商品是否为裙子，并隐含对款式或穿着效果的潜在兴趣。
Jing1000086,服饰鞋履,"好看,但是穿不了",0,该用户认为商品款式吸引人，但担心自身身材或尺码不合适无法穿着。
Jing1000086,服饰鞋履,直接胖穿不了无袖的啊,0,该用户想表达的含义是：自己身材偏胖，担心无法驾驭无袖款式的服装。
Jing1000086,服饰鞋履,真好看,1,该用户想表达的含义是：对直播中展示的商品款式或穿搭效果表示赞赏和喜爱。
Jing1000086,服饰鞋履,好好看[比心][比心],1,该用户想表达的含义是：对当前展示的服装款式表示强烈的喜爱和赞赏。
Jing1000086,服饰鞋履,沐浴露啥时候,1,该用户想询问沐浴露产品的上架或促销时间。
Jing1000086,服饰鞋履,手臂粗可以穿不?,1,该用户是在询问自己手臂较粗是否适合穿直播展示的服装款式。
Jing1000086,服饰鞋履,好羡慕没有肚子的姐妹,0,该用户可能是在委婉表达自己因身材限制无法穿着展示的服装款式，同时流露出对苗条身材的羡慕和购买犹豫心理。
Jing1000086,服饰鞋履,欣姐手表好漂亮,0,该用户想表达的含义是：主播佩戴的手表款式很吸引人，自己产生了兴趣或赞赏。
Jing1000086,服饰鞋履,亲有防嗮衣没,1,该用户是在询问直播间是否有防晒衣这款商品。
Jing1000086,服饰鞋履,"无袖的穿不了,手臂有点粗[捂脸]",0,该用户想表达的含义是：由于自己手臂较粗，对展示的无袖款式服装没有购买意愿。
Jing1000086,服饰鞋履,裙子吗这是?,1,该用户可能在询问当前展示的商品是否为裙子，表现出对产品款式的关注和潜在的购买兴趣。
Jing1000086,服饰鞋履,喜欢这套,1,该用户被当前展示的服装款式所吸引，表达出强烈的购买意愿和审美认同。
Jing1000086,服饰鞋履,给个福利,0,该用户希望主播能提供一些优惠或赠品来促进购买。
Jing1000086,服饰鞋履,拍了一个背心怎么那么久不发货的??,0,该用户想表达的含义是：对已下单商品迟迟未发货感到不满和催促。
Jing1000086,服饰鞋履,手表好看,0,该用户是在称赞主播佩戴的手表款式吸引人，可能对同款商品产生了兴趣或询问购买意向。
Jing1000086,服饰鞋履,"没有袖子可以了,我穿不了",0,该用户想表达的含义是：这件无袖款式不适合自己身材，无法穿着。
Jing1000086,服饰鞋履,"不是裙子,是裤裙",1,该用户是在纠正之前关于服装款式的误解，强调当前展示的商品并非裙子而是裤裙。
Jing1000086,服饰鞋履,上衣会不会厚不厚,1,该用户是在询问上衣的厚度是否适合当前季节或自身穿着需求。
Jing1000086,服饰鞋履,质量真的好,1,该用户想表达的含义是：对商品的实际品质感到满意并给予肯定。
Jing1000086,服饰鞋履,防嗮衣有吗,1,该用户是在询问直播间是否有防晒衣出售，表现出明确的购买意向。
Jing1000086,服饰鞋履,身上裙子[赞][赞][赞][赞][赞][赞][赞][赞][赞][赞][赞][赞],1,该用户想表达的含义是：非常喜欢主播身上的裙子，并强烈推荐或赞赏其款式或设计。
Jing1000086,服饰鞋履,这样洋气[赞][赞],1,该用户想表达的含义是：对当前展示的服装款式表示高度赞赏和喜爱。
Jing1000086,服饰鞋履,短款皮衣短款皮衣短款皮衣短款皮衣,1,该用户迫切想了解或购买直播中展示的短款皮衣，通过重复强调商品名称表达强烈兴趣和需求。
Jing1000086,服饰鞋履,上美背,1,该用户想表达的含义是：询问主播是否会上架展示背部设计的服装款式。
Jing1000086,服饰鞋履,黄黑皮能穿这个白色吗,1,该用户是在询问白色服装是否适合肤色偏黄黑的消费者穿着。
Jing1000086,服饰鞋履,短款风衣有吗?,1,该用户是在询问直播间是否有短款风衣这款商品，表现出对特定款式服装的购买兴趣。
Jing1000086,服饰鞋履,富乳的怎么办[捂脸][捂脸][捂脸][捂脸][捂脸][捂脸][捂脸][捂脸][捂脸],0,该用户想表达的含义是：胸围较大的女生穿这款衣服可能会不合适或尴尬。
Jing1000086,服饰鞋履,厚不厚,1,该用户是在询问主播展示的上衣材质是否过于厚重（可能担心季节适配性或穿着舒适度）。
Jing1000086,服饰鞋履,这样洋气,1,该用户想表达的含义是：这款穿搭风格时尚有品位，很符合自己的审美。  （结合前文弹幕中频繁出现的服饰款式讨论、质量评价和风格偏好，用户通过“洋气”一词传递对当前展示商品的正面认可，隐含潜在购买倾向。）
Jing1000086,服饰鞋履,"这个婆娘咋做的都这么好看,一进直播间就买买买",1,该用户想表达的含义是：主播展示的商品都很吸引人，让人忍不住想下单购买。
Jing1000086,服饰鞋履,可不可以单开裤子,1,"该用户想询问主播能否单独购买当前展示套装中的裤子部分（而非必须整套购买）。  （解析依据：结合前文弹幕中频繁出现对具体单品（如上衣、防晒衣、皮衣）的针对性提问，以及""不是裙子是裤裙""等产品细节讨论，可推断用户对拆分购买有需求；同时语境显示观众对服装搭配的实用性关注较高，如""厚不厚""""黄黑皮能穿吗""等，进一步佐证其希望灵活选择单品的动机。）"
Jing1000086,服饰鞋履,就要这一套好看,1,该用户明确表达了想要购买主播当前展示的这套服装的强烈意愿，认为其款式符合自己的审美偏好。
Jing1000086,服饰鞋履,有单件上衣吗,1,该用户是在询问直播中展示的服装是否支持单独购买上衣而非套装。
Jing1000086,服饰鞋履,身上的美背,1,该用户想表达的含义是：询问主播身上穿的内搭背心是否有单卖或购买链接。  （结合前文弹幕中频繁出现对服装细节、单件购买和主播同款的讨论，用户很可能在关注主播的穿搭单品并希望购买同款。）
Jing1000086,服饰鞋履,有内里吗,1,该用户想询问商品是否有内衬或里层材质。
Jing1000086,服饰鞋履,这套矮个子适合不,1,该用户是在询问直播展示的服装款式是否适合身材娇小的人穿着。
Jing1000086,服饰鞋履,美背为什么那么久不发货,0,该用户因对主播展示的“美背”款式感兴趣却迟迟未等到发货通知，感到焦急并催促商家尽快处理订单。
Jing1000086,服饰鞋履,可以搭什么外套[比心],1,该用户想询问当前展示的服装款式适合搭配哪种风格的外套，同时表达对产品的兴趣和好感。
Jing1000086,服饰鞋履,高到什么程度?[捂脸],0,该用户可能是对主播提到的某件商品价格或某项指标（如销量、热度等）感到惊讶或调侃，用幽默口吻询问具体数值。
Jing1000086,服饰鞋履,身上美背,1,"该用户想询问或评论主播身上穿的美背内衣的相关信息（如款式、购买链接等）。  （结合前文语境，""身上美背""与之前弹幕中""身上裙子""""身上的美背""等表述逻辑一致，均指向对主播展示衣物的关注，且直播间讨论焦点集中在服装细节和购买咨询上。）"
Jing1000086,服饰鞋履,项链有吗,1,该用户是在询问直播间是否售卖项链产品，并可能对款式或细节有进一步了解的兴趣。
Jing1000086,服饰鞋履,有没有运费险?,0,该用户可能是在确认购买后的退换货保障，表现出对商品的实际购买顾虑和潜在下单意愿。
Jing1000086,服饰鞋履,做黑色吗,1,该用户是在询问主播展示的商品是否有黑色款式可供选择。
Jing1000086,服饰鞋履,有富乳怎么办[爱心][爱心][爱心][爱心][爱心][爱心][爱心][爱心][爱心][爱心][爱心][爱心][爱心][爱心][爱心][爱心][爱心],0,"该用户想表达的含义是：担心自己胸部丰满是否适合穿这款衣服，并期待主播给出穿搭建议。  （解析：结合前文多次出现""富乳""相关提问及服饰咨询的语境，用户通过重复爱心emoji强调关注度，核心诉求是确认商品对丰满身材的适配性。）"
Jing1000086,服饰鞋履,项链上吗,1,该用户是在询问直播中是否会推出项链商品以供购买。
Jing1000086,服饰鞋履,高个子裙长多少,1,该用户可能在询问裙子的长度是否适合高个子身材，想确认商品是否满足自己的身高需求。
Jing1000086,服饰鞋履,远点看看,1,该用户可能是想调整镜头距离或展示角度，希望主播将商品拉远展示整体效果。
Jing1000086,服饰鞋履,自己的手臂粗啊,0,该用户可能在担心衣服的袖口设计是否适合自己较粗的手臂，暗示对尺码或版型的顾虑。
Jing1000086,服饰鞋履,可以接受,1,该用户可能认为商品的设计或价格符合自己的预期，表示认可并有意向购买。
Jing1000086,服饰鞋履,看看裙子,1,该用户想表达的含义是：希望主播展示裙子的款式或细节以便进一步了解商品。  （结合前文弹幕中频繁出现的对服装款式、尺寸、搭配等具体询问，可推断用户处于选购决策阶段，需通过更直观的展示确认是否符合需求。）
Jing1000086,服饰鞋履,美女针织衫为啥发货那么晚,0,该用户对主播展示的针织衫感兴趣，但因发货周期较长而表达不满和急切购买的矛盾心理。
Jing1000086,服饰鞋履,面料厚不,1,该用户想询问服装面料的厚度是否适合当前季节或穿着需求。
Jing1000086,服饰鞋履,底下配什么高,1,该用户想询问主播当前展示的服装单品适合搭配什么款式的下装。  （结合前文语境，直播间讨论焦点集中在服装搭配、尺码、款式等细节，且有多条类似询问搭配的弹幕，如“可以搭什么外套”，因此“底下配什么高”应是对搭配建议的简化表达，其中“高”可能是“高跟鞋”或“高腰下装”的省略，需主播进一步澄清。）
Jing1000086,服饰鞋履,短皮衣短皮衣短皮衣短皮衣,1,该用户想表达的含义是：反复强调对短皮衣这款商品的强烈兴趣和购买欲望。
Jing1000086,服饰鞋履,我胳膊太粗了,0,该用户可能在委婉询问直播展示的服装款式是否适合手臂较粗的身材，或暗示希望主播推荐能修饰手臂的穿搭方案。
Jing1000086,服饰鞋履,上美背,1,该用户想表达的含义是：询问主播是否会上架美背款式的服装。
Jing1000086,服饰鞋履,能接受,1,该用户想表达的含义是：对主播展示的某件商品或价格表示认可并愿意购买。
Jing1000086,服饰鞋履,两百我都买,1,该用户想表达的是：即使价格涨到两百元我也愿意购买。  （结合前文弹幕中关于产品细节、搭配、尺码等具体需求的讨论，可推测用户对当前商品有强烈兴趣，且价格敏感度较低，愿意为心仪商品支付较高费用。）
Jing1000086,服饰鞋履,便宜便宜便宜,1,该用户想表达的含义是：价格很实惠，让人有强烈的购买欲望。
Jing1000086,服饰鞋履,是一套不,1,该用户可能在询问直播展示的商品是否是成套出售的。
Jing1000086,服饰鞋履,整体看一下,1,该用户想表达的含义是：希望主播将镜头拉远或展示商品的全貌以便整体观察款式效果。
Jing1000086,服饰鞋履,短皮衣,1,该用户想表达的含义是：询问主播是否会上架短款皮衣这款商品。
Jing1000086,服饰鞋履,裙子还是裤子?[比心][比心][比心],1,该用户可能在纠结穿搭选择，想询问主播对于裙子或裤子的搭配建议，同时表达对产品的兴趣和好感。
Jing1000086,服饰鞋履,西装面料吗,1,该用户是在询问当前展示的服装是否采用西装面料制作。
Jing1000086,服饰鞋履,欣姐能站远点看看吗,1,该用户希望主播调整站位以展示服装的整体上身效果。
Jing1000086,服饰鞋履,129很便宜了,1,该用户认为129元的价格非常划算，表达了对商品价格的认可和潜在的购买意愿。
Jing1000086,服饰鞋履,可以搭裤子吗欣姐,1,该用户是在询问主播展示的上衣款式是否能与裤子搭配穿着。
Jing1000086,服饰鞋履,黄皮可以穿不,1,该用户想询问这件衣服是否适合肤色偏黄的人穿着。
Jing1000086,服饰鞋履,高个子裙长多少[比心][比心][比心],1,该用户想询问这条裙子对高个子穿着时的实际长度是否合适，并透露出对款式的兴趣和好感。
Jing1000086,服饰鞋履,裙子是之前的百褶裙吗,1,该用户是在询问当前展示的裙子款式是否与之前直播中介绍过的百褶裙为同一款。
Jing1000086,服饰鞋履,要身上的美背身上的美背身上的美背[比心],1,该用户急切希望主播展示或上架身上穿的同款美背内衣，并暗示强烈的购买意愿。
Jing1000086,服饰鞋履,物超所值,1,该用户认为商品的价格非常合理，品质远超预期，产生了强烈的购买意愿。
Jing1000086,服饰鞋履,后站看一下,1,该用户希望主播往后站一点，以便更全面地观察服装的整体效果或搭配。
Jing1000086,服饰鞋履,上套装吧,1,"该用户希望主播推荐或展示当前服装的套装搭配款式。  （结合前文语境，观众频繁讨论单品搭配问题，如""可以搭裤子吗""""是一套不""，且多次提及具体服装部件如""短皮衣""""美背""，说明对整体搭配有较强兴趣。""上套装吧""是延续这一需求，希望看到完整搭配方案而非单件展示。）"
Jing1000086,服饰鞋履,这种要瘦的人穿好看,0,该用户可能是在委婉表达自己因体型原因不适合这件衣服，暗示对产品兴趣不大或希望主播推荐更适合微胖人群的款式。
Jing1000086,服饰鞋履,短款皮衣,1,该用户可能是对主播展示的短款皮衣感兴趣，想进一步了解或希望主播详细介绍这款商品。
Jing1000086,服饰鞋履,"你家衣服都好看,就是不适合我这种又胖,又矮的[捂脸]",0,该用户其实是在委婉表达对商品款式的喜爱，但因自身身材限制而无法购买的遗憾。
Jing1000086,服饰鞋履,可以配短裤吗[捂脸],1,该用户想询问主播展示的服装款式是否适合搭配短裤穿着，同时用表情符号委婉表达对自己身材或搭配效果的担忧。
Jing1000086,服饰鞋履,戴腰带吗[比心],1,该用户想询问主播展示的服装是否需要搭配腰带，同时表达对商品的兴趣和友好态度。
Jing1000086,服饰鞋履,白色外套私服今天上吗,1,该用户是在询问主播今天是否会展示或售卖那件白色外套的日常穿搭款式。
Jing1000086,服饰鞋履,要包包,1,该用户想表达的是对直播中展示的某款包包的强烈购买意愿。
Jing1000086,服饰鞋履,包包有吗?????,1,该用户急切询问直播间是否有售卖包包，并表现出强烈的购买意向。
Jing1000086,服饰鞋履,有袖子就好,1,该用户可能是在对主播展示的某款无袖服装表示兴趣，暗示希望该款式能推出带袖子的版本以满足自己的穿着需求。
Jing1000086,服饰鞋履,裙子没了,1,该用户想表达的含义是：裙子已经卖完了，自己没抢到。
Jing1000086,服饰鞋履,我以为裙子[捂脸],0,该用户可能想表达对裙子款式或效果的失望或意外，认为实物与预期不符而无奈调侃。
Jing1000086,服饰鞋履,上衣卡码怎么拍,1,该用户想询问上衣尺码选择有疑问时该如何下单购买。
Jing1000086,服饰鞋履,我1.50小个子能不能穿,1,该用户想询问自己身高较矮（1.5米）是否适合穿着当前展示的服装款式。
Jing1000086,服饰鞋履,上衣含腰带吗?,1,该用户是在询问商品（上衣）是否附带腰带配件，以确认产品细节是否符合自己的购买需求。
Jing1000086,服饰鞋履,要手上包包,1,该用户想表达的是对直播中展示的手提包有明确的购买意向。
Jing1000086,服饰鞋履,戴腰带吗,1,该用户是在询问当前展示的服装是否配有腰带或是否需要搭配腰带。
Jing1000086,服饰鞋履,这个好,1,该用户想表达的含义是：对当前展示的商品款式或功能表示认可和喜爱。
Jing1000086,服饰鞋履,手臂粗穿不了,0,该用户想表达的含义是：这件衣服对身材要求较高，我的体型可能不适合穿。
Jing1000086,服饰鞋履,卡叉大开,0,该用户可能在询问上衣的尺码是否偏大或宽松。
Jing1000086,服饰鞋履,我有这个银色包包能搭不,1,该用户是在询问自己已有的银色包包是否能搭配直播间展示的服装款式。
Jing1000086,服饰鞋履,要这一套,1,该用户想表达的是对直播中展示的某套服饰有明确的购买意向。
Jing1000086,服饰鞋履,可以不用腰带吗,1,该用户可能是在询问当前展示的服装是否可以去掉腰带穿着，或者想确认该款式是否提供无腰带的版本。
Jing1000086,服饰鞋履,我以为裙子呢[捂脸],0,该用户想表达的是：原本误以为展示的是裙子，结果发现不是而感到有些尴尬或好笑。
Jing1000086,服饰鞋履,行礼箱有吗,1,该用户想询问直播间是否有行李箱商品在售。
Jing1000086,服饰鞋履,包包还有吗,1,该用户想询问直播中展示的包包是否仍有库存可供购买。
Jing1000086,服饰鞋履,有黑色就好了,1,该用户希望当前展示的商品能提供黑色款以供选择。
Jing1000086,服饰鞋履,还以为是裙子呢,1,该用户想表达的含义是：对当前展示的商品不是裙子感到意外或失望。
Jing1000086,服饰鞋履,有点点袖子就好了,0,该用户希望当前展示的服装款式能带有袖子的设计。
Jing1000086,服饰鞋履,"好看,就是穿不了",0,该用户觉得商品款式不错，但担心自己身材不合适无法穿着。
Jing1000086,服饰鞋履,我也以为是裙子,0,该用户和其他观众一样误以为展示的商品是裙子而非其他款式。
Jing1000086,服饰鞋履,怀孕能穿吗,1,该用户可能是在询问当前展示的服装是否适合孕妇穿着，以判断自己是否有购买意向。
Jing1000086,服饰鞋履,真好看啊啊欣姐穿这个,0,该用户想表达的含义是：主播穿这件衣服非常漂亮，让我产生了强烈的购买欲望。
Jing1000086,服饰鞋履,高个子裙长多少,1,该用户想询问这条裙子对于高个子来说长度是否合适，担心裙长可能不够。
Jing1000086,服饰鞋履,要整套,1,该用户想表达的是对主播展示的整套穿搭有强烈的购买意愿，希望直接购买当前展示的完整搭配组合。
Jing1000086,服饰鞋履,胳膊粗能不能,1,该用户是在询问“胳膊粗的人能否穿这件衣服”。
Jing1000086,服饰鞋履,想要包包,1,该用户想表达的是对直播中展示的包包有明确的购买意向。
Jing1000086,服饰鞋履,有其他颜色吗,1,该用户对当前展示的商品颜色不太满意，想询问是否有更多配色可选。
Jing1000086,服饰鞋履,可以搭平底鞋吗,1,该用户是在询问当前展示的服装款式是否适合搭配平底鞋穿着。
Jing1000086,服饰鞋履,我们都以为是裙子,0,该用户想表达的含义是：他们最初误以为展示的商品是裙子而非其他款式。
Jing1000086,服饰鞋履,有其他颜色没有,1,该用户是在询问当前展示的商品是否有其他可选配色。
Jing1000086,服饰鞋履,吼不住,0,该用户想表达的含义是：这件衣服的款式或风格让人难以驾驭。
Jing1000086,服饰鞋履,主播现在有多少斤?,0,该用户是在询问主播身上展示的服装款式的重量或尺码信息，可能是出于对穿着舒适度或合身性的考虑。
Jing1000086,服饰鞋履,项链有没有,1,该用户想询问直播中展示的项链是否还有库存或是否在售。
Jing1000086,服饰鞋履,胳膊大了穿不了,0,该用户想表达的意思是：这件衣服的袖口设计可能偏小，担心自己手臂较粗穿不下。
Jing1000086,服饰鞋履,好漂亮,1,该用户被直播展示的商品外观所吸引，表达了对商品款式的赞美和喜爱之情。
Jing1000086,服饰鞋履,这身绝了[比心],1,该用户想表达的含义是：主播的这身穿搭非常惊艳，让人特别喜欢。
Jing1000086,服饰鞋履,无袖不能穿年龄大了,0,该用户想表达的含义是：自己年纪大了不适合穿无袖款式的衣服。
Jing1000086,服饰鞋履,包包也要,1,该用户想表达的含义是：我也想要刚才提到的同款包包。
Jing1000086,服饰鞋履,"好看,肩膀宽适不适合穿",1,该用户是在询问主播这件衣服的版型是否适合肩膀较宽的人穿着，同时隐含对款式设计的认可。
Jing1000086,服饰鞋履,做黑色吗,1,该用户是在询问商品是否有黑色款式可供选择。
Jing1000086,服饰鞋履,胳膊粗穿是不是不合适,0,该用户是在询问自己手臂较粗是否适合穿这件衣服。
Jing1000086,服饰鞋履,可以配牛仔裤吗,1,该用户想询问这件衣服是否适合搭配牛仔裤穿着。
Jing1000086,服饰鞋履,高个子裤子长多少,1,该用户想询问裤子的长度是否适合高个子身材的人穿着。
Jing1000086,服饰鞋履,上厕所咋整,0,该用户可能是在询问直播展示的服装是否方便穿脱或适合长时间穿着时的实际需求。
Jing1000086,服饰鞋履,我手臂粗穿不了[捂脸],0,该用户想表达的含义是：由于自己手臂较粗，担心无法驾驭这件无袖款式的衣服。
Jing1000086,服饰鞋履,150cm可以穿吗,1,该用户是在询问自己150cm的身高是否适合穿这件衣服。
Jing1000086,服饰鞋履,无袖穿不了,0,该用户想表达的含义是：由于自身身材限制（如手臂较粗或对无袖款式不适应），认为这件衣服不适合自己穿着。
Jing1000086,服饰鞋履,有没有微胖点人穿的裙子啊,1,该用户想表达的含义是：询问直播间是否有适合体型偏丰满人群穿着的裙装款式。  （释义思路：结合前文弹幕中频繁出现的体型相关顾虑，如“胳膊粗”“肩膀宽”“150cm”等，可推断用户关注服装对身材的包容性；目标弹幕中的“微胖”直接指向特定体型需求，核心动机是筛选符合自身条件的商品信息。）
Jing1000086,服饰鞋履,好看上,1,该用户想表达的含义是：这件衣服的款式很吸引人，我想购买。
Jing1000086,服饰鞋履,"好看,可惜我没腰,还那么粗的腰[捂脸][捂脸][捂脸][捂脸]",0,该用户想表达的含义是：虽然觉得衣服款式漂亮，但因为自己腰粗担心穿不下而感到遗憾。
Jing1000086,服饰鞋履,"我的手臂就是粗,不敢拍",0,该用户想表达的含义是：担心自己手臂粗壮，不适合穿直播展示的无袖或修身款服装。
Jing1000086,服饰鞋履,这套有点挑人,0,这套衣服对身材要求比较高，可能不太适合大多数人。
Jing1000086,服饰鞋履,面料厚不厚,1,该用户想了解衣服面料的厚度是否适合自己穿着或符合需求。
Jing1000086,服饰鞋履,夏天会不会很热,1,该用户可能在询问当前展示的夏季服装是否透气舒适，担心面料在高温天气下的穿着体验。
Jing1000086,服饰鞋履,穿不了只能看真可惜[捂脸],0,该用户想表达的含义是：这件衣服的款式我很喜欢，但因为身材限制无法穿着，感到遗憾和无奈。
Jing1000086,服饰鞋履,你穿的最小码吗??,1,该用户是在询问主播展示的服装是否是其本人穿着的最小尺码，以此判断自己是否适合购买。
Jing1000086,服饰鞋履,黑色黑色黑色黑色,1,该用户急切地询问或强调商品是否有黑色款式可供选择。
Jing1000086,服饰鞋履,这个能搭之前那个黑色的鱼尾裙吗,1,该用户是在询问当前展示的商品能否与自己之前购买的黑色鱼尾裙搭配穿着，表现出对商品实用性的关注和潜在的组合购买意向。
Jing1000086,服饰鞋履,项链有码,1,该用户是在询问项链是否有尺码或型号可选，类似于服装尺码的挑选需求。
Jing1000086,服饰鞋履,你穿的啥码,1,该用户是在询问主播展示商品的具体尺码信息，以评估自己是否适合购买。
Jing1000086,服饰鞋履,胖子可以穿吗,1,该用户是在询问该服装款式是否适合体型偏胖的人群穿着。
Jing1000086,服饰鞋履,等这套,1,该用户想表达的含义是：先观望当前展示的这套服装，暂时不下单但保持关注。
Jing1000086,服饰鞋履,不要腰带也可以,1,该用户可能是在询问或确认商品是否可以单独购买而不包含腰带配件。
Jing1000086,服饰鞋履,欣姐能穿的我都能穿,1,该用户想表达的含义是：自己和主播身材相似，对展示的服装有购买意向。
Jing1000086,服饰鞋履,手臂粗的只能看看,0,该用户想表达的含义是：因为自己手臂较粗无法穿这类衣服，只能遗憾地观望而无法购买。
Jing1000086,服饰鞋履,@静***不是连体的啊,0,该用户可能是在询问或确认直播展示的服装是否为分体式设计（而非连体款），暗示对款式细节的关注和潜在的购买考量。
Jing1000086,服饰鞋履,我也扣不住,0,该用户想表达的含义是：这件衣服的版型或设计不适合我的身材，我驾驭不了。
Jing1000086,服饰鞋履,裙裤有150小子穿,1,该用户想询问裙裤是否有适合身高150cm小孩穿的尺码。
Jing1000086,服饰鞋履,下面可以配其他裤子不,1,该用户是在询问当前展示的服装款式能否与其他裤子搭配穿着。
Jing1000086,服饰鞋履,你穿的啥码?,1,该用户是在询问主播所展示服装的具体尺码，以此判断自己是否适合购买或参考主播的穿着效果。
Jing1000086,服饰鞋履,项链有吗,1,该用户想询问直播间是否售卖项链产品。
Jing1000086,服饰鞋履,欣姐配短裤好看吗,1,该用户是在询问主播展示的短裤搭配效果如何，隐含对这款商品的兴趣和潜在的购买意向。
Jing1000086,服饰鞋履,这是什么白,1,该用户可能在询问直播中展示的服装或配件的白色款式的具体细节或是否存在白色选项。
Jing1000086,服饰鞋履,就白色好看,1,该用户认为当前展示的商品中只有白色的款式比较好看，暗示对其他颜色的款式不太满意或兴趣较低。
Jing1000086,服饰鞋履,不要黑色,0,该用户想表达的含义是：不喜欢黑色款式，希望主播推荐其他颜色。
Jing1000086,服饰鞋履,腰带什么材质?,1,该用户可能在询问腰带的材质信息以评估其品质或搭配效果，表现出对产品细节的关注和潜在的购买意向。
Jing1000086,服饰鞋履,配裤子好看不??欣儿,1,该用户是在询问主播“欣儿”展示的服装搭配裤子是否好看，可能是在考虑购买或搭配建议。
Jing1000086,服饰鞋履,欣儿穿的什么码?[比心][比心][比心][比心][比心][比心][比心],1,该用户想询问主播欣儿所穿服装的具体尺码，以便参考自己是否适合购买同款。
Jing1000086,服饰鞋履,配上次的百褶裙可以吗,1,该用户是在询问当前展示的服装能否与自己已有的百褶裙搭配穿着。
Jing1000086,服饰鞋履,110能不能穿,1,该用户是在询问自己体重110斤的情况下能否穿得下主播展示的服装款式。
Jing1000086,服饰鞋履,主播穿的什么码?,1,该用户是在询问主播所穿服装的具体尺码，以此判断自己是否适合购买同款。
Jing1000086,服饰鞋履,我肩宽合适穿吗,1,该用户是在询问主播展示的服装款式是否适合自己肩宽的身材特点，隐含对商品的购买意向和尺码适配性的关注。
Jing1000086,服饰鞋履,白色好看,1,该用户倾向于选择白色款商品，并认为白色比其他颜色（如黑色）更符合审美偏好。
Jing1000086,服饰鞋履,死气沉沉,0,该用户可能认为直播间氛围不够活跃或主播表现缺乏激情，暗示希望增加互动或调整直播风格以提升吸引力。
Jing1000086,服饰鞋履,我也不喜欢黑色了[捂脸][捂脸][捂脸],0,该用户想表达的含义是：我也觉得黑色不太适合，更倾向于其他颜色。
Jing1000086,服饰鞋履,加个袖子,0,该用户希望主播展示的服装款式能增加袖子的设计。
Jing1000086,服饰鞋履,裤子还可以搭什么上衣,1,该用户想表达的含义是：询问这条裤子的搭配建议，想了解适合配什么款式的上衣。
Jing1000086,服饰鞋履,想要你手上的包包,1,该用户表达了对主播展示的包包的强烈兴趣和购买意愿。
Jing1000086,服饰鞋履,110斤能不能穿,1,该用户是在询问自己110斤的体重是否适合穿主播展示的服装款式。
Jing1000086,服饰鞋履,珍珠项链有吗,1,该用户是在询问直播间是否有珍珠项链这款商品，表现出对特定饰品的购买兴趣。
Jing1000086,服饰鞋履,你穿啥码?,1,该用户想询问主播所穿服装的具体尺码作为自身购买的参考。
Jing1000086,服饰鞋履,出点真丝啊,1,该用户希望主播能推出真丝材质的服装款式。
Jing1000086,服饰鞋履,"天气热,白色好看",1,该用户认为白色款式的商品更适合炎热天气，并间接表达了对白色款的偏好和购买倾向。
Jing1000086,服饰鞋履,腰带和衣服面料一样吗?,1,该用户可能在询问腰带材质是否与衣服面料一致，以评估整套搭配的协调性或质量。
Jing1000086,服饰鞋履,我也是米白色多,0,该用户想表达的含义是：自己和主播一样更喜欢米白色这款衣服。
Jing1000086,服饰鞋履,会不会压个子,1,该用户是在担心衣服的版型或长度可能会显得穿着者身材矮小。
Jing1000086,服饰鞋履,这个白压肤色不,1,"该用户是在询问这件白色衣服是否显肤色暗沉或挑肤色。  （释义依据：结合前文弹幕中频繁出现的尺码、搭配、颜色偏好等具体商品咨询，以及“白色好看”“天气热,白色好看”等对颜色的讨论，可推断用户关注白色款式的实际穿着效果，尤其针对肤色适配性提出疑问。“压肤色”是常见服饰评价术语，指颜色对肤色的衬托效果。）"
Jing1000086,服饰鞋履,120斤能穿吗,1,该用户是在询问自己120斤的体重是否适合穿主播展示的服装款式。
Jing1000086,服饰鞋履,衣服是奶白色吗,1,该用户是在确认衣服颜色的具体色调是否为偏暖的奶白色，可能出于对颜色搭配或显白效果的考虑。
Jing1000086,服饰鞋履,"你的手表是什么的,很漂亮",1,该用户对主播佩戴的手表款式感兴趣，并暗示有购买意向。
Jing1000086,服饰鞋履,白色对胖的不友好,0,该用户想表达的含义是：白色款式的衣服可能不适合体型偏胖的人穿着。
Jing1000086,服饰鞋履,112斤能穿吗,1,该用户是在询问自己112斤的体重是否适合穿直播展示的服装款式。
Jing1000086,服饰鞋履,会不会热,1,该用户可能在询问衣服的材质或款式是否适合炎热天气穿着。
Jing1000086,服饰鞋履,能搭黑裤子看看吗,1,该用户想询问主播展示这件衣服搭配黑色裤子的上身效果，以评估其穿搭适配性。
Jing1000086,服饰鞋履,无袖穿不了,0,该用户可能是在委婉表达对当前展示的无袖款式不太满意，暗示希望主播推荐有袖的类似款式。
Jing1000086,服饰鞋履,什么白,1,该用户想询问直播中展示的白色服饰具体是哪种白色（如奶白、米白等），以及是否适合自己肤色或身材。
Jing1000086,服饰鞋履,穿不了[捂脸][捂脸][捂脸],0,该用户想表达的含义是：这件衣服的尺码或款式不适合自己穿着。
Jing1000086,服饰鞋履,白色外套私服今天上吗,1,该用户是在询问今天是否会售卖直播中展示的白色外套同款私服。
Jing1000086,服饰鞋履,"自从认识你,我的衣服裤子都是白色的[比心]",0,该用户想表达的含义是：因为关注了主播，自己现在日常穿搭都以白色系为主，表示对主播推荐风格的喜爱和追随。
Jing1000086,服饰鞋履,热吗?,1,该用户是在询问主播展示的服装材质是否适合炎热天气穿着。
Jing1000086,服饰鞋履,你穿的最小码吗????,1,该用户是在询问主播身上展示的服装是否是最小尺码，可能出于对尺码合适性的关注或自身需要购买小码的需求。
Jing1000086,服饰鞋履,气质款[赞][赞],0,该用户想表达的含义是：这款衣服的设计风格很有气质，我非常喜欢。
Jing1000086,服饰鞋履,"120斤都穿上,适合很熟的人",1,该用户想表达的含义是：这款衣服的尺码和款式适合体重120斤的人穿着，但设计比较贴身或暴露，只适合在关系亲密的人面前穿。
Jing1000086,服饰鞋履,出点真丝面料的,1,该用户希望主播能推出采用真丝材质制作的服装款式。  （结合前文弹幕中频繁讨论服装颜色、面料、尺码等细节，可推断用户对当前展示的款式有明确需求偏好，且关注面料舒适性，真丝提议可能针对透气性或质感提升的诉求。）
Jing1000086,服饰鞋履,马上结婚了可不可以出套红色的,1,该用户想表达的含义是：希望商家能推出适合婚礼场合的红色款式服装。
Jing1000086,服饰鞋履,牛仔裤价格开了吗?,1,该用户是在询问牛仔裤的价格是否已经公布或开始促销，表现出对购买该商品的潜在兴趣。
Jing1000086,服饰鞋履,卡码怎么拍,1,该用户想询问如何选择或购买适合自己尺码的商品。
Jing1000086,服饰鞋履,主播多重,0,该用户是在询问主播的体重以判断服装尺码是否适合自己。
Jing1000086,服饰鞋履,没有我们穿的码[捂脸][捂脸],0,该用户想表达的含义是：这款衣服的尺码范围不符合自己和类似身材消费者的需求，感到遗憾和无奈。  （解析：结合前文弹幕中频繁出现的尺码、体重、体型相关讨论（如“112斤能穿吗”“120斤都穿上”“卡码怎么拍”），以及类似表情符号的使用（如“[捂脸]”），可推断用户因商品尺码限制无法购买而失望，并通过调侃表情缓解尴尬。语境上，直播间正在讨论服装适配性问题，用户意图并非否定产品，而是指出实际购买障碍。）
Jing1000086,服饰鞋履,120斤都穿不上,0,该用户想表达的含义是：这款衣服的尺码偏小，连120斤的人都无法穿着。
Jing1000086,服饰鞋履,"唉,我们胖子不能穿啊",0,该用户是在委婉表达对商品尺码或款式不适合自己体型（偏胖）的遗憾和无奈。
Jing1000086,服饰鞋履,我很喜欢,1,该用户想表达的含义是：对当前展示的商品款式或风格表示强烈的欣赏和认同。
Jing1000086,服饰鞋履,发型好看,0,该用户可能是在夸赞主播的发型时尚有品位，间接表达对主播整体形象或推荐商品的认可。
Jing1000086,服饰鞋履,这个搭甩裤好看吗,1,该用户想表达的含义是：询问主播展示的搭配甩裤是否适合自己或是否美观。
Jing1000086,服饰鞋履,"身高158,体重96斤,穿啥号",1,该用户想表达的含义是：询问主播根据自己158cm身高和96斤体重应该选择什么尺码的衣服。
Jing1000086,服饰鞋履,气质款,0,该用户想表达的含义是：这款衣服的风格优雅大方，很适合有品味的穿搭。
Jing1000086,服饰鞋履,没袖不敢穿,0,该用户想表达的含义是：这件衣服没有袖子，自己不太敢尝试这样的款式。
Jing1000086,服饰鞋履,加点大码,1,该用户希望主播增加更大尺码的服装选项。
Jing1000086,服饰鞋履,醋酸裙子也可以,1,该用户想表达的含义是：醋酸面料的裙子也可以考虑推出，我对这类款式有兴趣。
Jing1000086,服饰鞋履,裙裤有吗,1,该用户是在询问直播间是否有裙裤这类商品在售。
Jing1000086,服饰鞋履,这个包包有没有,1,该用户想询问直播中展示的包包是否有货或是否在售。
Jing1000086,服饰鞋履,胸大能穿吗,1,该用户可能在询问该服装款式是否适合胸部丰满的身材，隐含对尺码或版型的顾虑和购买意向。
Jing1000086,服饰鞋履,要是带袖子就更好了,0,该用户希望当前展示的服装款式能增加袖子的设计。
Jing1000086,服饰鞋履,我选这套衣服,1,该用户想表达的含义是：我决定购买这套衣服。
Jing1000086,服饰鞋履,侧面有拉链吗,1,该用户是在询问商品的设计细节，以确认是否符合自己的穿着需求或审美偏好。
Jing1000086,服饰鞋履,现货吗,1,该用户想确认商品是否有现成的库存可以立即发货。
Jing1000086,服饰鞋履,要包包,1,该用户想表达的是对直播中展示的包包有明确的购买意向。
Jing1000086,服饰鞋履,有袖的有吗,1,该用户是在询问当前展示的服装是否有带袖子的款式可供选择。
Jing1000086,服饰鞋履,可惜有手臂,0,该用户想表达的含义是：这款衣服没有袖子设计让人感到遗憾，如果有袖子会更想购买。
Jing1000086,服饰鞋履,要大码,1,该用户希望主播提供更大尺码的服装选项。
Jing1000086,服饰鞋履,胸大可以穿吗,1,该用户是在询问这款衣服是否适合胸部丰满的体型穿着。
Jing1000086,服饰鞋履,平时不能穿吗[捂脸],0,该用户是在询问主播展示的服装是否适合日常穿着，而非特定场合。
Jing1000086,服饰鞋履,"160,90斤怎么拍?",1,该用户是在询问自己的身高160厘米、体重90斤应该选择什么尺码的衣服。
Jing1000086,服饰鞋履,"一套卖,价格低点",1,该用户希望商家能以套装形式优惠出售商品。
Jing1000086,服饰鞋履,"@叶***听到欣姐说,香奈儿的[捂脸]",0,该用户想表达的含义是：听到主播提到香奈儿产品时感到惊喜又有点不好意思。
Jing1000086,服饰鞋履,好好看可惜不适合我,0,该用户觉得商品款式很吸引人，但考虑到自身条件或使用场景后认为无法购买。
Jing1000086,服饰鞋履,穿不了[捂脸],0,该用户想表达的含义是：这件衣服的款式或尺码不适合自己，感到有些遗憾。
Jing1000086,服饰鞋履,美背美背美背美背美背美背美背,1,该用户可能是在强烈表达对直播中展示的某款露背设计的服装的喜爱或购买意愿。
Jing1000086,服饰鞋履,做个半袖,0,该用户希望主播展示或推荐有袖子的上衣款式。
Jing1000086,服饰鞋履,有副乳会露?,1,该用户是在询问服装款式是否会导致副乳外露的穿着效果问题。
Jing1000086,服饰鞋履,胖子穿不了啊,0,该用户想表达的含义是：这件衣服的尺码或版型可能不适合体型偏胖的人穿着。
Jing1000086,服饰鞋履,夏天穿不了,0,该用户想表达的含义是：这件衣服的设计或材质不适合夏季穿着。
Jing1000086,服饰鞋履,上衣还可以怎么搭?,1,该用户想表达的含义是：询问这件上衣还有哪些搭配方式可供参考。
Jing1000086,服饰鞋履,欣姐穿的矮个子孩子小个子,1,该用户想表达的含义是：主播欣姐穿的衣服适合矮个子或小个子身材的人。
Jing1000086,服饰鞋履,没码了,1,该用户想表达的含义是：商品尺码已经售罄，自己无法购买到合适的尺寸。
Jing1000086,服饰鞋履,码数太小了,0,该用户想表达的含义是：这件商品的尺码偏小，可能不适合自己或需要更大尺码。
Jing1000086,服饰鞋履,裙子还可以怎么搭,1,该用户想表达的含义是：询问这条裙子除了当前展示的搭配方式外还有哪些其他搭配建议。
Jing1000086,服饰鞋履,没有了,1,该用户想表达的含义是：想要的商品已经售罄或没有合适的尺码了。
Jing1000086,服饰鞋履,没有大吗?,1,该用户是在询问商品是否有更大尺码的选项。
Jing1000086,服饰鞋履,没抢到,0,该用户想表达的含义是：商品太抢手导致自己没能成功下单购买。
Jing1000086,服饰鞋履,下面是裤子还是裙子,1,该用户可能在询问接下来展示的商品类型，以判断是否符合自己的购买需求。
Jing1000086,服饰鞋履,没有大码,0,该用户想表达的含义是：商品尺码不全，缺少适合体型较大顾客的选项。
Jing1000086,服饰鞋履,短皮衣,1,该用户可能是在询问主播是否有短款皮衣这款商品，或者对短款皮衣的款式、尺码等信息感兴趣。
Jing1000086,服饰鞋履,没码子,0,该用户想表达的含义是：商品尺码已经售罄或没有适合自己的尺寸。
Jing1000086,服饰鞋履,手臂粗可惜[捂脸],0,该用户想表达的含义是：觉得这件衣服的设计很好看，但因为自己手臂较粗可能穿不下或效果不佳，感到遗憾和无奈。
Jing1000086,服饰鞋履,没有xxs,0,该用户想表达的含义是：商品没有提供小尺码的选项。
Jing1000086,服饰鞋履,没抢到[捂脸][捂脸][捂脸],0,该用户想表达的是因商品售罄或手速慢未能成功购买而感到遗憾和懊恼。
Jing1000086,服饰鞋履,118斤穿不了吗[捂脸],1,该用户是在询问自己118斤的体重是否能穿得下当前展示的服装，并流露出因担心尺码不合适而产生的无奈情绪。
Jing1000086,服饰鞋履,没抢到[捂脸],0,该用户想表达的是因商品抢购失败而感到遗憾和失望。
Jing1000086,服饰鞋履,"153,88斤几码合适",1,该用户想表达的含义是：询问身高153厘米、体重88斤的人适合穿什么尺码的衣服。
Jing1000086,服饰鞋履,没码了?,1,该用户想表达的含义是：询问商品是否已经断码缺货。
Jing1000086,服饰鞋履,还没买到[捂脸][捂脸][捂脸][捂脸][捂脸],1,该用户想表达的含义是：因商品缺货或抢购失败而感到遗憾和焦急。
Jing1000086,服饰鞋履,没了,1,该用户想表达的是对商品已售罄或断码的遗憾和失望。
Jing1000086,服饰鞋履,主播现在有多少斤?,0,该用户是在询问主播的体重以判断自己是否适合购买当前展示的服装款式。
Jing1000086,服饰鞋履,没有码了,1,该用户想表达的含义是：商品库存中已没有适合自己的尺码可供购买。
Jing1000086,服饰鞋履,没买到,1,该用户想表达的含义是：因商品缺货或手速慢而未能成功购买到心仪的商品。
Jing1000086,服饰鞋履,断码了,1,该用户想表达的含义是：询问商品是否已经售罄或没有合适的尺码可供选择。
Jing1000086,服饰鞋履,没了?,1,该用户想表达的含义是：询问商品是否已经售罄或没有库存了。
Jing1000086,服饰鞋履,没有啦,1,该用户想表达的含义是：商品已经售罄或没有自己需要的尺码了。
Jing1000086,服饰鞋履,胳膊粗的穿不了哦,0,该用户想表达的含义是：这件衣服对身材要求较高，手臂较粗的人可能无法穿着。
Jing1000086,服饰鞋履,卡码怎么拍,1,该用户想询问如何选择适合自己的尺码进行购买。
Jing1000086,服饰鞋履,手臂粗可以穿吗,1,该用户是在询问衣服款式是否适合手臂较粗的体型，隐含对尺码和版型的担忧以及潜在的购买意向。
Jing1000086,服饰鞋履,没有xs没拍到,1,该用户想表达的含义是：因为商品缺少XS码导致自己没能成功抢购到心仪的款式。
Jing1000086,服饰鞋履,没拍到,1,该用户想表达的含义是：因商品缺货或手速慢而未能成功购买到心仪的款式或尺码。
Jing1000086,服饰鞋履,这个就是要挺,1,该用户想表达的含义是：这件商品值得支持或购买。  （结合前文弹幕中频繁出现的断码、抢购失败等语境，用户可能是在强调商品抢手或品质好，暗示自己认可其价值。）
Jing1000086,服饰鞋履,小个子来了,0,该用户想表达的含义是：询问主播是否有适合矮小身材的尺码或款式。
Jing1000086,服饰鞋履,短皮衣还,1,该用户可能在询问短款皮衣是否还有库存或适合的尺码。
Jing1000086,服饰鞋履,我要拍一套,1,该用户想表达的是决定下单购买一套商品。  （结合前文弹幕中频繁出现的缺货、断码、抢购失败等焦虑信息，以及针对尺码和身材的咨询，可推断当前弹幕是用户在确认合适后明确表达购买意向，语气果断直接。）
Jing1000086,服饰鞋履,18号可以看看嘛,1,该用户可能是在询问主播能否在18号展示或讲解某款商品，以便自己进一步了解或购买。
Jing1000086,服饰鞋履,矮个子没了,1,该用户想表达的含义是：小尺码的款式已经售罄了。
Jing1000086,服饰鞋履,没有呢,0,"该用户想表达的含义是：自己也没能成功抢购到商品。  （结合前文语境，弹幕普遍围绕商品缺货、断码、抢购失败展开，""没有呢""是对同类问题的附和或回应，隐含遗憾或无奈情绪。）"
Jing1000086,服饰鞋履,套装为什么分开呢,1,该用户可能是在询问为什么套装中的单品没有一起售卖或展示，表达了对套装组合方式的疑惑或不满。
Jing1000086,服饰鞋履,太快了吧,0,该用户可能是在抱怨商品抢购速度太快，自己还没来得及下单就售罄了。
Jing1000086,服饰鞋履,这衣服配裤子好看吗,1,该用户是在询问服装搭配效果，暗示对购买衣服或搭配裤子的兴趣。
Jing1000086,服饰鞋履,夏天穿不知道会不会热,1,该用户是在担心这件夏装的透气性和舒适度，犹豫是否适合在炎热季节穿着。
Jing1000086,服饰鞋履,"裤裙可以配,针织上衣吗?",1,该用户是在询问裤裙与针织上衣的搭配效果，表现出对组合购买的潜在兴趣。
Jing1000086,服饰鞋履,小个子没抢到,0,该用户想表达的含义是：由于商品尺码紧缺，自己作为小个子没能成功购买到心仪的商品。
Jing1000086,服饰鞋履,很有气质,0,该用户认为主播展示的服装款式优雅大方，适合有品味的穿搭风格。
Jing1000086,服饰鞋履,多久发货?,0,该用户想确认商品下单后的配送时效，表现出对购买流程的实用关切。
Jing1000086,服饰鞋履,短款皮衣,1,该用户可能在询问或关注短款皮衣的相关信息，比如款式细节、搭配建议或是否有货。
Jing1000086,服饰鞋履,18号外套,1,该用户想询问18号展示的外套是否有货或能否详细介绍款式信息。
Jing1000086,服饰鞋履,长个子没上,1,该用户想表达的含义是：个子高的款式已经卖完了。
Jing1000086,服饰鞋履,上衣还能搭配其他款吗,1,该用户想询问上衣是否有更多样的搭配方案，以评估其购买后的实用性和搭配可能性。
Jing1000086,服饰鞋履,项链一起搭配,1,该用户想询问项链是否可以与其他展示的商品进行搭配组合购买。
Jing1000086,服饰鞋履,@清***半袖没气质[捂脸],0,该用户认为主播展示的半袖款式显得不够时尚或不符合预期，用调侃的语气表达失望。
Jing1000086,服饰鞋履,没有L码吗[流泪][流泪],0,该用户因找不到合适的尺码而感到失望，暗示对商品有购买意愿但受限于库存问题。
Jing1000086,服饰鞋履,懂的都懂[捂脸][捂脸][捂脸][捂脸][捂脸][捂脸],0,该用户想表达的含义是：这产品的优缺点老观众都心知肚明（所以不用多解释）。  结合前文弹幕中频繁出现的尺码缺货、搭配疑问、发货时效等具体问题，以及多次出现的[捂脸]表情，可以推断用户是在用调侃语气暗示直播间的老粉对商品特性（如缺码、搭配限制等）早已熟悉，带有无奈和默契的意味。
Jing1000086,服饰鞋履,没没没没没没没没了,0,该用户想表达的含义是：想要的尺码或款式已经售罄了。
Jing1000086,服饰鞋履,衣服配其他裤子好看不,1,该用户是在询问这件衣服与其他裤子的搭配效果如何，想了解是否适合多种穿搭风格。
Jing1000086,服饰鞋履,没码子了,1,该用户想表达的含义是：想要的尺码已经售罄了。
Jing1000086,服饰鞋履,没有抢到,0,该用户想表达的含义是：对未能成功购买到心仪商品的遗憾和失望。
Jing1000086,服饰鞋履,除了搭这个裙子还可以怎么搭,1,该用户想询问这件裙子除了当前展示的搭配方式外，还有哪些其他实用的搭配建议。
Jing1000086,服饰鞋履,姐妹们你们咋那么瘦呀[捂脸][捂脸][捂脸],0,该用户可能是看到其他观众讨论穿搭效果时，通过调侃他人身材的方式间接表达对直播商品的兴趣，暗示自己也想通过购买同款达到类似的显瘦效果。
Jing1000086,服饰鞋履,"160,90怎么拍?",1,该用户想询问适合身高160cm、体重90斤的尺码该如何选择购买。
Jing1000086,服饰鞋履,小个子没上,1,该用户想表达的含义是：身材娇小的顾客没能买到适合自己尺码的商品。
Jing1000086,服饰鞋履,懂得都懂[爱心][爱心][爱心][爱心][爱心][爱心][爱心],0,该用户想表达的含义是：这款产品确实非常好，老粉丝都明白它的价值。  （结合前文弹幕中多次出现的“懂的都懂”及抢购氛围，用户用爱心emoji强化认同感，暗示产品抢手且值得购买。）
Jing1000086,服饰鞋履,"裙子,衣服都没买到",1,该用户想表达的含义是：对未能成功购买到心仪的裙子和衣服感到遗憾和失望。
Jing1000086,服饰鞋履,配裤子看看,1,该用户想表达的含义是：希望主播展示这件衣服搭配裤子的整体效果。
Jing1000086,服饰鞋履,懂的都懂[爱心][爱心][爱心][爱心][爱心],0,该用户想表达的含义是：这款产品确实很好，老粉都知道它的优势。  （结合前文多次出现的“懂的都懂”及爱心符号，可推断用户是认可产品价值的忠实观众，通过简洁的互动强调商品的优质性，并可能暗示推荐或催促他人下单。）
Jing1000086,服饰鞋履,没大码吗,1,该用户是在询问直播间售卖的商品是否提供更大尺码的选项，暗示对产品有兴趣但因体型问题担心无法购买。
Jing1000086,服饰鞋履,还可以搭什么裤子,1,该用户是在询问当前展示的上衣款式还能与哪些其他类型的裤子搭配，希望主播提供更多穿搭建议。
Jing1000086,服饰鞋履,配什么鞋子啊,1,该用户是在询问当前展示的服装款式适合搭配哪种类型的鞋子，表现出对商品搭配效果的关注和潜在的购买意向。
Jing1000086,服饰鞋履,小格子没有了,1,该用户想表达的含义是：直播中提到的带有小格子设计的商品已经售罄了。
Jing1000086,服饰鞋履,1818181818号外套,1,该用户想表达的含义是：询问或确认编号为1818181818的外套是否还有库存或能否购买。
Jing1000086,服饰鞋履,小个子没有,1,该用户想表达的含义是：小个子尺码的款式已经售罄了。
Jing1000086,服饰鞋履,为什么不一套卖,1,该用户是在询问商家为何不将搭配好的整套服饰作为组合商品出售，可能是希望以更便捷的方式购买到协调的穿搭方案。
Jing1000086,服饰鞋履,98斤不知道拍一百斤的合不合适,1,该用户是在询问自己体重98斤的情况下是否应该选择100斤对应的尺码，隐含对商品尺码选择的犹豫和购买意向。
Jing1000086,服饰鞋履,懂得都懂[爱心][爱心][爱心][爱心][爱心],0,"该用户想表达的含义是：这款产品的优点不言而喻，我非常认可并强烈推荐。  （结合前文语境，""懂得都懂""高频出现且搭配爱心符号，暗示用户群体对产品有共识性好评，可能是对款式、质量或性价比的肯定，情感倾向强烈。）"
Jing1000086,服饰鞋履,小个子没有上吗,1,该用户想询问直播中是否还有适合矮个子身材的服装款式或尺码尚未展示或售罄。
Jing1000086,服饰鞋履,"欣,多上些私服",1,"该用户希望主播增加更多日常休闲风格的服装款式上架。  （结合前文弹幕高频出现的缺货、尺码问题和搭配需求，可推断用户观察到当前款式不足或风格单一，通过""私服""这一具体品类表达对主播选品的补充建议，隐含潜在购买意向。）"
Jing1000086,服饰鞋履,没有矮个子,1,该用户想表达的含义是：直播间的商品没有适合矮个子身材的款式。
Jing1000086,服饰鞋履,美背美背美背美背美背美背美背美背美背,1,该用户是在强烈表达对直播中展示的“美背”款式服装的喜爱和购买欲望。
Jing1000086,服饰鞋履,不懂的说在多没用[捂脸][捂脸][捂脸][捂脸][捂脸][捂脸],0,"该用户想表达的含义是：不理解产品特点的人再怎么解释也听不进去。  （结合前文语境，直播间多次出现""懂的都懂""这类圈层化表达，目标用户通过反向吐槽方式暗示自己属于""懂行""群体，同时流露出对部分观众不理解产品特性的无奈情绪。）"
Jing1000086,服饰鞋履,有里衬吗,1,该用户是在询问商品是否有内衬设计，可能出于对穿着舒适度或实用性的考虑。
Jing1000086,服饰鞋履,胖子在你家都买不到衣服穿,0,该用户是在抱怨直播间售卖的衣服尺码不全，无法满足体型偏胖人群的购买需求。
Jing1000086,服饰鞋履,1米48…85斤可以穿吗,1,该用户是在询问自己的身高体重是否适合穿直播展示的服装，隐含对商品尺码适配性的担忧和购买意向。
Jing1000086,服饰鞋履,裙子有吗,1,该用户是在询问直播间是否有裙子款式可供购买，可能对之前展示的服装搭配感兴趣或想确认库存情况。
Jing1000086,服饰鞋履,美背美背美背美背美背美背美背美背美背美背,1,该用户想表达的含义是：强烈要求主播展示或推荐美背款式的服装。
Jing1000086,服饰鞋履,有运费险就好了[捂脸],0,该用户可能因担心退换货成本而犹豫购买，暗示若有运费险保障会更愿意下单。
Jing1000086,服饰鞋履,懂得都懂,0,该用户想表达的含义是：这款商品的优点和适合人群已经很明显，无需过多解释。
Jing1000086,服饰鞋履,会透吗,1,该用户可能在询问服装面料的透明度或是否容易走光。
Jing1000086,服饰鞋履,1.53.105斤拍多大,1,该用户是在询问身高1米53、体重105斤应该选择什么尺码的衣服。
Jing1000086,服饰鞋履,穿不了,0,该用户想表达的含义是：这件商品的尺码或款式不适合自己的身材。
Jing1000086,服饰鞋履,这个我也好喜欢,1,该用户想表达的含义是：我对当前展示的这款商品也产生了强烈的购买欲望。
Jing1000086,服饰鞋履,太漂亮了,0,该用户想表达的含义是：对直播展示的商品外观感到非常喜爱和赞赏。
Jing1000086,服饰鞋履,胳膊粗能穿吗,1,该用户是在询问衣服款式是否适合自己偏粗的手臂身材，隐含对商品尺码或版型的顾虑和购买意向。
Jing1000086,服饰鞋履,为啥不做大码,0,该用户是在询问商家为何不提供适合体型偏胖顾客的服装尺码选项。
Jing1000086,服饰鞋履,看看23号,1,该用户想表达的含义是：想了解23号商品的具体信息或展示效果。
Jing1000086,服饰鞋履,已拍加急,0,该用户想表达的含义是：我已经下单并选择了加急配送服务。
Jing1000086,服饰鞋履,裙子快点,1,该用户想催促主播尽快展示或上架裙子款式。
Jing1000086,服饰鞋履,"160,90拍哪个?",1,该用户是在询问自己的身高160cm、体重90斤的情况下应该选择哪个尺码的服装。
Jing1000086,服饰鞋履,卡码往大吗,1,该用户是在询问服装尺码是否偏大，以便选择合适的尺寸购买。
Jing1000086,服饰鞋履,上裤子,1,该用户想表达的含义是：询问主播是否会上架裤子类商品进行展示或销售。
Jing1000086,服饰鞋履,116斤能穿吗[捂脸],1,该用户是在询问自己116斤的体重是否适合穿直播展示的服装，并透露出对尺码合适性的担忧和不确定。
Jing1000086,服饰鞋履,卡码怎么拍?,1,该用户想询问商品尺码选择的具体建议（例如是否需要选偏大或偏小的尺码）。
Jing1000086,服饰鞋履,90斤拍多大欣姐,1,该用户想询问自己体重90斤应该选择什么尺码的衣服。
Jing1000086,服饰鞋履,有没有弹力,1,该用户是在询问商品（可能是服装类）的面料或版型是否具有弹性伸缩的特性。
Jing1000086,服饰鞋履,高个子大码,1,该用户可能在询问主播是否有适合高个子且体型偏大的人群的服装尺码选项。
Jing1000086,服饰鞋履,我穿不上码子小了[捂脸],0,该用户想表达的含义是：这件商品的尺码偏小，不适合自己的身材。
Jing1000086,服饰鞋履,卡码怎么拍卡码怎么拍,1,该用户想询问在尺码偏小的情况下应该如何选择合适的商品尺寸。
Jing1000086,服饰鞋履,手机包,1,该用户可能是在询问直播中展示的“手机包”这款产品的相关信息，比如尺寸、款式或适用性等购买相关细节。
Jing1000086,服饰鞋履,什么时候发货,0,该用户想表达的含义是：询问商品的具体发货时间以确认购买后的收货安排。
Jing1000086,服饰鞋履,可以配上次那款百褶裙嘛?,1,该用户是在询问当前展示的商品能否与之前直播中推荐过的百褶裙搭配穿着。
Jing1000086,服饰鞋履,要包包,1,该用户想表达的是对直播中展示的包款有购买意向，希望主播详细介绍或上架链接。
Jing1000086,服饰鞋履,搭配一下其他的,1,该用户希望主播展示与当前商品相配的其他款式或单品来参考搭配效果。
Jing1000086,服饰鞋履,120的不能穿吗[捂脸]没有码,1,该用户想表达的含义是：询问身高120cm的人是否无法穿着该商品，因为找不到合适的尺码。
Jing1000086,服饰鞋履,推荐一套西裤,1,该用户希望主播能针对当前讨论的服装款式推荐一套完整的西裤搭配方案。
Jing1000086,服饰鞋履,没上小个子啊,1,该用户想表达的含义是：直播中展示的商品没有适合小个子身材的款式或尺码。
Jing1000086,服饰鞋履,买一套[比心][比心],0,该用户想表达的是对直播商品的强烈购买意愿，表示要下单购买一套产品。
Jing1000086,服饰鞋履,裙子上一波,1,该用户是在催促主播尽快重新上架之前展示过的裙子款式。
Jing1000086,服饰鞋履,主播现在有多少斤?,0,该用户是在询问主播展示的服装适合多少体重的人穿着，以判断自己是否合适购买。
Jing1000086,服饰鞋履,加个大码,1,该用户想表达的含义是：希望主播提供更大尺码的服装选项。
Jing1000086,服饰鞋履,"你这个人出怎么衣服都这么好看,喜欢",1,该用户想表达的含义是：主播展示的服装款式都很吸引人，自己对其中的某件或某类衣服产生了明确的购买意愿。
Jing1000086,服饰鞋履,可以做到120斤的,1,该用户是在询问商品是否有适合体重120斤人群的尺码或款式。
Jing1000086,服饰鞋履,要脱胳肢窝毛[捂脸][捂脸][捂脸][捂脸][捂脸][捂脸],0,该用户可能在幽默调侃或委婉表达对当前展示商品（如无袖衣物或需露腋下款式）的不适合，暗示自己存在脱毛需求或对腋下美观的顾虑。
Jing1000086,服饰鞋履,瘦人穿好看,0,该用户想表达的含义是：这款衣服更适合身材苗条的人穿着效果更佳。
Jing1000086,服饰鞋履,可以配其他裤子吗,1,该用户想询问当前展示的商品是否能与其他款式的裤子搭配穿着。
Jing1000086,服饰鞋履,"太喜欢了,手太粗不敢穿",1,该用户虽然非常喜欢这件商品，但因为担心自己手部较粗可能穿不下而犹豫是否购买。
Jing1000086,服饰鞋履,没有大码,1,该用户想表达的含义是：商品缺少适合体型偏胖人群的尺码选项。
Jing1000086,服饰鞋履,这个好看,1,该用户是在表达对当前展示商品的喜爱和潜在购买意愿。
Jing1000086,服饰鞋履,卡码怎么办,1,该用户想表达的含义是：询问商品是否有适合自己身材的尺码或如何解决尺码不合适的问题。
Jing1000086,服饰鞋履,裤子呢,1,该用户可能在询问主播何时展示或介绍裤子款式，表达了对裤装产品的关注和购买意向。
Jing1000086,服饰鞋履,里面有里衬吗,1,该用户想询问商品内部是否带有内衬设计，以确认服装的具体细节是否符合自己的穿着需求。
Jing1000086,服饰鞋履,贼啦啦[赞][赞],0,该用户想表达的含义是：非常喜欢并强烈称赞当前展示的商品。
Jing1000086,服饰鞋履,都喜欢怎么办,1,该用户想表达的含义是：对多款商品都感兴趣但难以抉择。
Jing1000086,服饰鞋履,"不要腰带,可以吗?",1,该用户可能在询问当前展示的商品是否可以单独购买而不包含腰带配件。
Jing1000086,服饰鞋履,裙子在哪里拍,1,该用户想询问购买链接或下单方式，表达了对裙子有购买意向但不知道如何操作。
Jing1000086,服饰鞋履,包包上下,1,该用户可能在询问主播是否会上架或展示包包的更多款式或细节。
Jing1000086,服饰鞋履,搭裤子好看吗,1,该用户想询问主播展示的服装搭配中裤子的上身效果是否美观。
Jing1000086,服饰鞋履,包也上上,1,该用户想表达的含义是：催促主播尽快展示或上架包包商品。
Jing1000086,服饰鞋履,下边还能配什么,1,该用户可能在询问当前展示的服装单品可以搭配哪些其他服饰或配饰。
Jing1000086,服饰鞋履,高个子大码没有,1,该用户想表达的含义是：询问直播间是否没有适合高个子的大码服装款式。
Jing1000086,服饰鞋履,可以搭配其他的吗,1,该用户想询问当前展示的商品是否能与其他款式或配饰进行搭配组合。
Jing1000086,服饰鞋履,现在不能穿无袖了,0,该用户可能是在委婉表达对当前季节不适合穿无袖衣物的遗憾，暗示对直播中展示的无袖款式感兴趣但受限于气候条件。
Jing1000086,服饰鞋履,"能不能再做,真的很喜欢",1,该用户希望主播重新展示或补货某款商品，因为对其有强烈的购买意愿。
Jing1000086,服饰鞋履,115斤的没有,1,该用户想表达的含义是：商品缺少适合115斤体重的尺码。
Jing1000086,服饰鞋履,卡码?,1,该用户可能在询问商品是否存在尺码偏小或穿着不适的问题。
Jing1000086,服饰鞋履,没大码吗,1,该用户是在询问直播商品是否提供适合体型较大消费者的尺码选项。
Jing1000086,服饰鞋履,短皮衣,1,该用户可能在询问主播是否有短款皮衣这款商品，或者对短皮衣的款式细节表示关注。
Jing1000086,服饰鞋履,"差不多身高,比你重20多斤",0,该用户可能在询问与自己体型相近但体重更大的情况下，商品是否合适穿着。
Jing1000086,服饰鞋履,没抢到,0,该用户想表达的含义是：对某款商品因抢购失败而感到遗憾。
Jing1000086,服饰鞋履,"160,90斤怎么拍?",1,该用户想表达的含义是：身高160厘米、体重90斤的人应该选择什么尺码或款式？
Jing1000086,服饰鞋履,"刚进来,裙子在哪里拍",1,该用户想表达的含义是：我刚进入直播间，请问裙子的购买链接在哪里可以找到？
Jing1000086,服饰鞋履,卡吗怎么拍,1,该用户可能在询问直播画面是否卡顿，并想知道如何下单购买商品。
Jing1000086,服饰鞋履,可以配牛仔裤吗,1,该用户想询问当前展示的商品是否适合与牛仔裤搭配穿着。
Jing1000086,服饰鞋履,卡码卡码,1,该用户想表达的含义是：询问商品尺码是否偏小或需要特别注意尺码选择。
Jing1000086,服饰鞋履,搭什么外套裙子还可以搭什么,1,该用户想询问当前展示的裙子除了已提到的搭配方式外，还能与哪些其他类型的外套或下装进行搭配。
Jing1000086,服饰鞋履,又没有了,1,该用户想表达的含义是：想要的商品或尺码再次售罄了，感到遗憾或不满。
Jing1000086,服饰鞋履,大码没有啊,1,该用户是在询问或抱怨直播间提供的商品缺少适合大码身材的款式或尺码。
Jing1000086,服饰鞋履,没大码,1,该用户想表达的含义是：商品缺少适合较大体型的尺码选择。
Jing1000086,服饰鞋履,裤裙上一下,1,该用户想表达的含义是：希望主播尽快展示或上架裤裙这款商品。
Jing1000086,服饰鞋履,套装一套开,1,该用户想表达的含义是：询问主播是否可以将套装作为一套单独开售或展示搭配效果。
Jing1000086,服饰鞋履,配其他裤子看看,1,该用户想表达的含义是：希望主播展示当前商品与其他裤子的搭配效果。
Jing1000086,服饰鞋履,群子没买过,0,该用户想表达的含义是：之前没有购买过这条裙子。
Jing1000086,服饰鞋履,卡码怎么拍,1,该用户是在询问商品尺码选择的具体方法，尤其是针对可能存在尺码偏小或断码情况的购买建议。
Jing1000086,服饰鞋履,短款皮衣短款皮衣短款皮衣短款皮衣,1,该用户可能是在强烈表达对短款皮衣的兴趣或需求，并希望主播重点介绍或上架该商品。
Jing1000086,服饰鞋履,"我胳膊也粗,但是拍了,好喜欢",0,该用户想表达的含义是：虽然自己手臂较粗，但依然下单购买了这件衣服，因为非常喜欢它的款式或设计。  （结合前文语境，直播间讨论主要集中在尺码、搭配和缺货问题上，用户可能是在回应他人对身材或尺码的顾虑，强调个人喜好战胜了体型担忧。）
Jing1000086,服饰鞋履,想要穿不了,0,该用户想表达的含义是：对商品感兴趣但因尺码不合适而无法购买。
Jing1000086,服饰鞋履,要脱胳肢窝毛[捂脸][捂脸][捂脸][捂脸],0,该用户可能在调侃或吐槽直播中展示的某款服装（如无袖/短款上衣）会暴露腋下部位，用幽默方式表达对款式设计的顾虑或自身穿着效果的不自信。
Jing1000086,服饰鞋履,裤子没有吗,1,该用户可能在询问直播间是否还有裤子款式的库存或商品展示。
Jing1000086,服饰鞋履,还能搭什么裤子,1,该用户想询问当前展示的服装款式还能搭配哪些类型的裤子，以获取更多穿搭建议。
Jing1000086,服饰鞋履,就是无袖[捂脸],0,该用户可能在委婉表达对无袖款式的顾虑或不满，暗示因身材限制（如手臂较粗）或穿着舒适度问题而犹豫是否购买。
Jing1000086,服饰鞋履,116斤的就只能看吗,0,该用户可能在表达对商品尺码不足的遗憾，暗示自己因体重116斤而无法购买合适尺寸的商品。
Jing1000086,服饰鞋履,换个搭配看看,1,该用户希望主播展示当前商品与其他单品的不同搭配效果。
Jing1000086,服饰鞋履,120斤可以穿吗?,1,该用户是在询问自己120斤的体型是否适合穿直播展示的服装，隐含对尺码合适性和上身效果的担忧。
Jing1000086,服饰鞋履,120斤可以穿吗?120斤可以穿吗?,1,该用户是在询问自己120斤的体型是否适合穿直播展示的服装，表达了对商品尺码适配性的担忧和潜在的购买意向。
Jing1000086,服饰鞋履,裤子再开一下,1,该用户希望主播再次展示或讲解裤子的款式和搭配方式。
Jing1000086,服饰鞋履,怎么没有120斤穿的?,1,该用户是在询问直播间是否有适合体重120斤人群的服装尺码，暗示对当前展示的商品尺码不全感到不满，并希望主播补充大码选项。
Jing1000086,服饰鞋履,小个子没拍到,1,该用户想表达的含义是：商品尺码偏小导致自己无法成功购买。
Jing1000086,服饰鞋履,"皮肤干,皮肤暗黄卖哪款面膜更好?",1,该用户想表达的含义是：我的皮肤存在干燥和暗黄问题，想咨询直播间推荐适合的面膜产品。
Jing1000086,服饰鞋履,"多上点小个子吗,抢不到",0,该用户想表达的含义是：希望直播间增加适合小个子身材的款式，因为之前没抢到合适的商品。
Jing1000086,服饰鞋履,卡码拍大还是拍小,1,该用户想表达的含义是：不确定衣服尺码选择，询问应该按偏大还是偏小的标准来选购。
Jing1000086,服饰鞋履,短款皮衣短款皮衣,1,该用户迫切希望主播展示或讲解短款皮衣的相关信息，可能是对这件商品有强烈购买意向或需要确认款式细节。
Jing1000086,服饰鞋履,115斤能穿吗,1,该用户是在询问自己115斤的体重是否适合穿直播中展示的服装款式。
Jing1000086,服饰鞋履,裙子几号,1,该用户是在询问裙子的具体尺码信息，以判断自己是否适合购买。
Jing1000086,服饰鞋履,身上是什么码?,1,该用户是在询问主播展示的服装尺码是否适合自己的身材（可能是询问具体尺码或适合的体重范围）。  （结合前文语境：直播间正在讨论服装尺码、体重适配性和搭配问题，用户关注点集中在身材与尺码匹配度上。）
Jing1000086,服饰鞋履,群子没买到,1,该用户想表达的是因手速或库存不足未能抢购到心仪的裙子而感到遗憾。
Jing1000086,服饰鞋履,上美背吗,1,该用户是在询问直播间是否会展示或售卖美背款式的服装。
Jing1000086,服饰鞋履,"别说了,开裤裙",1,该用户急切地催促主播尽快上架或展示裤裙产品。
Jing1000086,服饰鞋履,后来的没买到包包啊,1,该用户因错过商品库存而感到遗憾，表达了对未能购买到心仪包包的失望情绪。
Jing1000086,服饰鞋履,为什么不做大码[比心][流泪][流泪][流泪][流泪][流泪],0,该用户想表达的含义是：希望商家能提供大码款式以满足体型偏胖消费者的需求。
Jing1000086,服饰鞋履,有短袖款吗?,1,该用户是在询问主播当前展示的服装是否有短袖版本可供选择。
Jing1000086,服饰鞋履,衣服再开,1,该用户希望主播重新展示或上架刚才出现过的服装款式。
Jing1000086,服饰鞋履,我手臂粗也买了,0,该用户想表达的含义是：虽然自己手臂较粗，但还是决定购买这件衣服。
Jing1000086,服饰鞋履,有腰带拍吗,1,该用户是在询问直播间是否会上架或补货腰带商品，表达了对该配件的购买意向。
Jing1000086,服饰鞋履,卖脱毛膏姐妹[比心][比心][比心][比心],0,该用户想表达的含义是：希望主播推荐或再次上架脱毛膏产品，并表现出强烈的购买意愿和好感。
Jing1000086,服饰鞋履,可以搭配上次的百褶裙吗,1,该用户想询问当前展示的商品是否能与自己之前购买的百褶裙进行搭配组合。
Jing1000086,服饰鞋履,"白色好看,就是不耐脏[捂脸]",0,该用户对白色款式表示喜爱，但对其易脏的实用性有所顾虑。
Jing1000086,服饰鞋履,项链好看,1,该用户可能是在询问项链的款式是否适合自己或表达对项链款式的喜爱，暗示有购买意向。
Jing1000086,服饰鞋履,衣服开一下,1,该用户希望主播重新上架或展示刚才提到的某款服装以供购买。
Jing1000086,服饰鞋履,"刚来,裙子没拍到",1,该用户想表达的含义是：自己来晚了没抢到刚才展示的裙子。
Jing1000086,服饰鞋履,主播穿的小个子还是矮个子,1,该用户是在询问主播身上穿的衣服款式是否适合身材娇小或身高较矮的人群。
Jing1000086,服饰鞋履,拍了衣服,0,该用户想表达的含义是：我已经下单购买了刚才提到的衣服。  （结合前文弹幕中频繁提及服装款式、尺码、补货需求等，该用户很可能是响应主播的提示或看到其他弹幕讨论后完成购买，用简洁的“拍了”表明行动已落实。）
Jing1000086,服饰鞋履,"还有没有其他私服,多介绍几款",1,该用户希望主播推荐更多同类型的私服款式以供选择。
Jing1000086,服饰鞋履,以后多上点私服,1,该用户希望直播间今后能增加更多日常休闲服饰的款式和上新频率。
Jing1000086,服饰鞋履,下边还可以搭配什么,1,该用户想询问主播当前展示的服装款式有哪些推荐的搭配方案。
Jing1000086,服饰鞋履,上大码,1,该用户希望主播提供更大尺码的服装款式。
Jing1000086,服饰鞋履,好喜欢就是穿不了,0,该用户想表达对商品的强烈喜爱但因尺码不合适而无法购买的遗憾心情。
Jing1000086,服饰鞋履,今天有身上的美背吗,1,该用户想询问主播今天是否会上架同款或类似款式的美背内衣。  （结合前文弹幕高频出现的“开款”“补货”“搭配”等需求，可推断用户关注商品库存和上新，且语境偏向服饰类购物咨询。）
Jing1000086,服饰鞋履,23号链接看下,1,该用户想表达的含义是：让主播展示或讲解23号链接对应的商品详情。
Jing1000086,服饰鞋履,欣姐上裙子,1,该用户希望主播展示或重新上架之前提到的裙子款式。
Jing1000086,服饰鞋履,在做个有袖子的[比心][比心][比心][比心][比心],0,该用户希望主播展示或推荐带袖款式的服装，并用比心表情表达强烈兴趣和喜爱。
Jing1000086,服饰鞋履,"欣姐,防晒的什么时候出",1,该用户是在询问主播即将推出的防晒产品具体发布时间，表现出对防晒类商品的关注和购买意向。
Jing1000086,服饰鞋履,看一下后面,1,该用户可能希望主播展示更多后续商品或当前产品的其他细节部分。
Jing1000086,服饰鞋履,裤子开一个,1,该用户想表达的含义是：希望主播开启当前展示的裤子的购买链接或详细介绍。
Jing1000086,服饰鞋履,腰带自己买的吗,1,该用户可能在询问主播身上佩戴的腰带是否为直播间售卖的商品，暗示对腰带的购买兴趣。
Jing1000086,服饰鞋履,可以搭配其他的看一下嘛,1,该用户希望主播展示当前商品与其他单品的搭配效果。
Jing1000086,服饰鞋履,上衣换个搭配看下,1,该用户希望主播展示上衣与其他单品的不同搭配效果，以更全面地了解穿搭可能性。
Jing1000086,服饰鞋履,美背美背美背美背美背美背美背美背美背,1,该用户想表达的含义是：强烈要求主播展示或详细介绍当前身穿的美背款式服装。
Jing1000086,服饰鞋履,有没有运费,1,该用户想确认购买商品时是否需要额外支付邮费。
Jing1000086,服饰鞋履,亚麻我喜欢,1,该用户想表达的含义是：对亚麻材质的服装款式表现出明显的偏好和购买意向。
Jing1000086,服饰鞋履,好有气质,0,该用户想表达的含义是：对主播展示的服装或整体穿搭风格表示欣赏和喜爱。
Jing1000086,服饰鞋履,卡码怎么买,1,该用户想询问如何购买适合自己尺码的服装。
Jing1000086,服饰鞋履,125斤怎么买,1,该用户想询问适合125斤体重的尺码或款式该如何选择。
Jing1000086,服饰鞋履,做个短一点的,0,该用户希望主播展示或推荐款式更简洁、长度更短的服装单品。
Jing1000086,服饰鞋履,加大码[比心][比心],1,该用户想表达的含义是：希望主播推荐或展示更大尺码的服装款式。  （结合前文弹幕中频繁出现的尺码相关诉求，如“上大码”“125斤怎么买”等，可推断用户关注点集中在尺码问题上，并用“[比心]”表达友好催促或支持。）
Jing1000086,服饰鞋履,套装多会上,1,该用户想表达的含义是：询问主播是否会推出更多款式的套装供选择。
Jing1000086,服饰鞋履,想买包包,1,该用户表达了对直播中展示的包包有明确的购买意向。
Jing1000086,服饰鞋履,要大码,1,该用户希望主播推荐或展示适合大尺码身材的服装款式。
Jing1000086,服饰鞋履,有短袖款的吗,1,该用户是在询问主播当前展示的商品是否有短袖款式可供选择。
Jing1000086,服饰鞋履,美背美背美背美背美背美背美背美背美背美背,1,该用户想表达的含义是：强烈要求主播展示或推荐美背款式的服装。  （结合前文弹幕中频繁出现的具体款式需求（如“裙子”“防晒”“短袖款”）和搭配建议，可推断用户通过重复关键词“美背”表达对这类产品的兴趣或催促主播讲解相关商品。）
Jing1000086,服饰鞋履,有运费险吗?,0,该用户是在询问商品的退换货保障政策，以此评估购买风险并决定是否下单。
Jing1000086,服饰鞋履,裙子再上一波呗,1,该用户希望主播再次展示或补货裙子的款式，表达出明确的购买意向。
Jing1000086,服饰鞋履,配你家短款蛋糕裙阔以吗,1,该用户是在询问当前展示的商品是否适合搭配短款蛋糕裙，以此评估购买的可能性。
Jing1000086,服饰鞋履,裙子好好看,1,该用户被裙子的款式或设计吸引，产生了明确的购买意向或赞美之情。
Jing1000086,服饰鞋履,胸围多少,1,该用户想询问商品的尺码信息以判断是否适合自己购买。
Jing1000086,服饰鞋履,鞋子有没有,1,该用户想询问直播中展示的鞋子是否有库存或是否会上架售卖。
Jing1000086,服饰鞋履,两件啊,0,该用户想表达的是询问是否可以一次性购买两件商品或对两件套装的购买意向。
Jing1000086,服饰鞋履,米白色吗?,1,该用户是在询问商品是否有米白色这个颜色选项。
Jing1000086,服饰鞋履,欣姐可以搭别的裤子吗,1,该用户想询问主播展示的服装是否可以搭配其他款式的裤子来展示效果。
Jing1000086,服饰鞋履,裙裤还开不开了,1,该用户是在询问直播中提到的裙裤款式是否会再次上架或补货。
Jing1000086,服饰鞋履,有一套吗,1,该用户想询问当前展示的商品是否有配套的套装组合可供购买。
Jing1000086,服饰鞋履,真的很喜欢,1,该用户想表达的含义是：对当前展示的商品或搭配风格有强烈的偏好和购买意愿。
Jing1000086,服饰鞋履,要多上些高档款[捂脸],1,该用户希望直播间能多推出一些高端款式产品，并用表情符号表达了略带无奈或调侃的情绪（可能因当前款式不够满意）。
Jing1000086,服饰鞋履,125斤好想要,1,该用户想表达的含义是：自己体重125斤，对当前展示的商品很心动且符合自己的尺码需求。
Jing1000086,服饰鞋履,23号链接,1,该用户想表达的含义是：询问或指向23号商品链接的具体信息或购买方式。  （结合前文弹幕中频繁出现的商品咨询、搭配需求和购买意向，可推测用户通过简洁的“23号链接”主动聚焦某一商品，可能是对款式感兴趣或希望主播进一步介绍。）
Jing1000086,服饰鞋履,裤子有荷包吗,1,该用户想询问裤子的设计细节（是否有口袋）以评估其实用性和购买价值。
Jing1000086,服饰鞋履,小个子能穿吗,1,该用户是在询问直播展示的服装款式是否适合身高较矮的人穿着。
Jing1000086,服饰鞋履,"上衣买了,裤子裤子再上一次",1,该用户想表达的含义是：已经下单购买了上衣，现在希望主播再次上架裤子以便购买。
Jing1000086,服饰鞋履,短皮衣短款皮衣,1,该用户可能在询问或表达对短款皮衣这款商品的兴趣，希望主播展示或介绍相关产品信息。
Jing1000086,服饰鞋履,别介绍了直接上吧,0,"该用户想表达的含义是：已经对产品产生兴趣，希望尽快进入购买环节无需继续讲解。  （结合前文高频出现的具体商品询问、搭配需求和购买催促，可推断观众已处于明确的消费决策阶段，此时""别介绍""的实质是催促转化而非否定内容价值。）"
Jing1000086,服饰鞋履,没有大码[比心][比心],0,该用户想表达的含义是：商品缺少大尺码选项让人感到遗憾，但仍对产品表示喜爱和支持。
Jing1000086,服饰鞋履,干嘛不做裙子,0,该用户可能在表达对主播未展示或推出更多裙装款式的不满和期待。
Jing1000086,服饰鞋履,141h,0,该用户可能在询问商品的具体身高适配范围，例如“141cm身高能穿吗？”
Jing1000086,服饰鞋履,是不是配腰带的,1,该用户可能在询问当前展示的服装是否附带腰带配件。
Jing1000086,服饰鞋履,150可以穿吗,1,该用户是在询问商品是否适合身高150厘米的人穿着。
Jing1000086,服饰鞋履,"要大码,大码大码大码大码大码大码大码大码大码大码",1,该用户急切地表达对商品大码款式的强烈需求，可能是看到之前有人提到“没有大码”后产生的焦虑性催促。
Jing1000086,服饰鞋履,高158、98斤买S码可以吗,1,该用户是在询问自己的身高体重是否适合购买S码的服装，希望得到尺码建议以确认是否下单。
Jing1000086,服饰鞋履,我好喜欢这种版型,1,该用户表达的是对当前展示服装款式的强烈好感，暗示有潜在购买意愿。
Jing1000086,服饰鞋履,搭配什么外套好看,1,该用户想表达的含义是：询问当前展示的服装适合配哪种款式的外套，隐含对产品的兴趣并希望获得穿搭建议。
Jing1000086,服饰鞋履,有其他色么?,1,该用户想询问当前展示的商品是否有其他颜色可选。
Jing1000086,服饰鞋履,欣姐穿什么长度的,1,该用户想询问主播展示的服装适合哪种身高或身材的穿着效果。
Jing1000086,服饰鞋履,裤子有没有口袋,1,该用户想询问裤子的实用功能（是否有口袋设计）以评估购买价值。  （解析：结合直播间的购物咨询语境，该弹幕属于典型的商品细节询问，反映出用户对产品功能的关注，这种务实提问通常指向潜在购买意向，与前后弹幕中关于尺码、搭配、款式等实际购买考量形成连贯逻辑。）
Jing1000086,服饰鞋履,我错过裤裙了吗,1,该用户担心自己错过了之前提到的裤裙产品的购买机会，想确认是否还能购买。
Jing1000086,服饰鞋履,裤子裤子,1,该用户急切希望主播再次上架或重点推荐裤子款式，可能是对之前提到的裤子感兴趣或想催促购买。
Jing1000086,服饰鞋履,短款皮衣短款皮衣短款皮衣短款皮衣短皮衣还,1,该用户急切希望主播重点介绍或重新上架短款皮衣，并可能对款式细节（如长度）有明确偏好。
Jing1000086,服饰鞋履,"要包包,排单我可以等",1,该用户想表达的含义是：强烈想要购买这款包，即使需要等待发货也愿意。
Jing1000086,服饰鞋履,一套好看,1,该用户想表达的含义是：这套服装的款式和设计很吸引人，我有购买意向。
Jing1000086,服饰鞋履,裙裤开一下,1,该用户希望主播重新展示或上架之前出现过的裙裤商品以供购买。
Jing1000086,服饰鞋履,上衣卡吗怎么拍,1,该用户想询问上衣是否会卡顿（直播画面延迟）以及具体的购买操作流程。
Jing1000086,服饰鞋履,欣姐防晒的什么时候出欣姐防晒的什么时候出欣姐防晒的什么时候出欣姐防晒的什么时候出欣姐防晒的什么时候出,0,该用户急切询问主播推荐的防晒产品何时上架销售，表现出强烈的购买意向和期待。
Jing1000086,服饰鞋履,卡码拍大?,1,该用户想询问商品是否有更大的尺码可供选择，并确认如何下单购买。
Jing1000086,服饰鞋履,裤裙裤裙,1,该用户急切询问主播是否还有裤裙这款商品库存或是否会再次展示介绍。
Jing1000086,服饰鞋履,裤子没了,0,该用户想表达的含义是：询问直播中展示的裤子是否已经售罄或没有库存了。
Jing1000086,服饰鞋履,做小个子能穿,1,该用户想询问直播展示的服装是否有适合矮个子身材的尺码或款式。
Jing1000086,服饰鞋履,这个造型给我截个屏[捂脸][捂脸][捂脸],0,该用户想表达的含义是：觉得主播的造型很有趣或很喜欢，想保存下来分享或留念。
Jing1000086,服饰鞋履,裤子没拍到,1,该用户想表达的含义是：自己没抢到刚才直播中展示的裤子商品。  （结合前文语境，直播间正在热烈讨论裤子相关话题，且有类似“裤子没了”的弹幕，说明该商品可能已售罄或下架，用户因手速或库存问题未能成功购买，流露出遗憾情绪。）
Jing1000086,服饰鞋履,双肩背包,1,该用户可能在询问或暗示主播展示或推荐双肩背包款式。
Jing1000086,服饰鞋履,裤子上,1,该用户想表达的含义是：询问主播当前展示的裤子是否还有库存或能否购买。  （结合前文弹幕中频繁提及“裤子”“裤裙”及“没了/没拍到”等关键词，语境聚焦在裤子相关商品的购买咨询上，用户可能因看到他人提及缺货而急切确认信息。）
Jing1000086,服饰鞋履,衣服116可以穿吗,1,该用户是在询问自己身高116cm的孩子是否能穿这件衣服，关注的是尺码是否合适。
Jing1000086,服饰鞋履,腰带一起的吗,1,该用户是在询问当前展示的服装搭配是否包含同款腰带配件。
Jing1000086,服饰鞋履,148可以穿吗,1,该用户是在询问自己身高148cm是否能穿当前展示的服装款式。
Jing1000086,服饰鞋履,我155,0,该用户想表达的含义是：询问自己的身高155cm是否适合穿当前展示的服装款式。
Jing1000086,服饰鞋履,好美啊,1,该用户被直播中展示的商品外观所吸引，表达了对产品视觉效果的赞赏和喜爱。
Jing1000086,服饰鞋履,"162,110斤能穿吗,上衣",1,该用户是在询问自己的身高体重（162cm/110斤）是否适合穿直播中展示的上衣款式。
Jing1000086,服饰鞋履,为什么,0,该用户可能是在询问主播之前提到的某个商品或活动的具体原因或细节，比如为什么某个款式缺货、为什么这样搭配、为什么选择某个颜色等。
Jing1000086,服饰鞋履,裙子是松紧的还是拉链的,1,该用户想询问裙子的闭合方式（松紧带或拉链）以判断是否适合自己的穿着需求。
Jing1000086,服饰鞋履,腰带能拆下来吗,1,该用户想询问腰带是否与当前展示的服装是分离设计，以便了解其可拆卸性和搭配灵活性。
Jing1000086,服饰鞋履,要大码大码大码大码大码大码大码大码,1,该用户急切地强调自己需要更大尺码的服装，可能是担心库存不足或主播未注意到尺码需求。
Jing1000086,服饰鞋履,短款皮衣,1,该用户可能在询问主播展示的短款皮衣是否还有库存或适合自己身材的尺码。
Jing1000086,服饰鞋履,美背美背,1,该用户可能在询问或夸赞直播中展示的服装的美背设计，表达对这款式感兴趣或希望了解更多细节。
Jing1000086,服饰鞋履,你穿的是151-160的吗,1,该用户是在询问主播身上展示的服装尺码是否属于151-160的号段，以判断自己是否适合购买。
Jing1000086,服饰鞋履,153可以吗,1,该用户可能在询问自己身高153厘米是否适合穿直播展示的服装。
Jing1000086,服饰鞋履,下面还能搭什么,1,该用户想表达的含义是：询问当前展示的服装款式还有哪些搭配建议或推荐。
Jing1000086,服饰鞋履,"上衣买了,155裤子裤子再上一次",1,该用户想表达的含义是：已经购买了上衣，希望主播重新上架155尺码的裤子以便购买。
Jing1000086,服饰鞋履,要矮个子,1,该用户想表达的是询问商品是否有适合小个子的尺码或款式。
Jing1000086,服饰鞋履,[捂脸][捂脸][捂脸]153怎么办,0,该用户想表达的含义是：询问身高153cm的人适合穿哪款衣服或如何搭配。
Jing1000086,服饰鞋履,穿点跟鞋,0,该用户想表达的含义是：建议主播搭配一双低跟鞋来展示服装效果。  （结合前文弹幕多为询问尺码、搭配和身材适配问题，用户可能认为当前穿搭需要低跟鞋来优化整体视觉效果，或针对矮个子用户提供更实用的搭配建议。）
Jing1000086,服饰鞋履,欣姐双肩包,1,该用户可能是想询问主播展示的双肩包相关信息或表达购买意向。
Jing1000086,服饰鞋履,158穿什么,1,该用户想询问身高158cm的人适合穿什么款式的服装。
Jing1000086,服饰鞋履,退后看看衣服,1,该用户想表达的含义是：让主播调整镜头距离或展示角度以便更清楚地观察服装款式。
Jing1000086,服饰鞋履,150cm可以穿不,1,该用户是在询问自己150cm的身高是否适合穿直播展示的服装款式。
Jing1000086,服饰鞋履,上美背吗,1,该用户是在询问主播是否会再次展示或售卖之前提到过的美背款式服装。
Jing1000086,服饰鞋履,有运费险吗,0,该用户想确认商品是否支持退换货时免运费，以此降低购买决策风险。
Jing1000086,服饰鞋履,皮肤黑,1,该用户可能是在询问产品是否适合肤色较深的人穿着或使用。
Jing1000086,服饰鞋履,有没有L,1,该用户可能在询问商品是否有适合小个子（如150-160cm身高）的尺码（L码）。
Jing1000086,服饰鞋履,152呢,1,该用户是在询问主播自己身高152cm是否适合穿当前展示的服装款式。
Jing1000086,服饰鞋履,多上些高货,1,该用户希望主播增加更多高端或高品质商品的展示和售卖选项。
Jing1000086,服饰鞋履,衣服没大码,0,该用户想表达的含义是：这款衣服的尺码范围不符合自己的需求，希望商家能提供更大尺码的选项。  （结合前文弹幕中频繁出现的“要大码”“矮个子”“153/158cm”等关键词，可见直播间观众普遍在讨论尺码适配问题，尤其关注小个子和大码需求，因此这句弹幕实质是呼吁增加尺码覆盖范围以满足体型偏大的消费者。）
Jing1000086,服饰鞋履,150个子,1,该用户想询问身高150厘米的消费者是否适合购买直播中展示的服装款式。
Jing1000086,服饰鞋履,欣姐美背美背美背美背美背美背美背美背美背,1,该用户想表达的含义是：强烈希望主播展示或推荐“美背”款式的服装（可能是因之前弹幕多次提及该款式或主播身材特点引发的兴趣）。  （解析依据：结合前文高频出现的“美背”“150-160尺码咨询”“搭配请求”等弹幕，可推断直播间在讨论特定款式服装，用户通过重复刷屏强调对“美背”款式的关注或催促主播讲解，可能存在购买意向或互动引导意图。）
Jing1000086,服饰鞋履,150米能穿吗,1,该用户是在询问自己150cm的身高是否适合穿直播展示的服装款式。
Jing1000086,服饰鞋履,做大码,1,"该用户想表达的含义是：希望商家提供更大尺码的服装选项。  （结合前文弹幕中频繁出现的矮个子身高数据（150-158cm）和对尺码的询问（""有没有L""""衣服没大码""），可推断当前直播间讨论集中在尺码适配问题上，""做大码""是直接呼吁增加大码款式，满足体型偏胖或需要宽松版型的消费者需求。）"
Jing1000086,服饰鞋履,开裙子,1,该用户想表达的含义是：询问主播是否会上架裙子这款商品。
Jing1000086,服饰鞋履,卡码怎么拍卡码怎么拍,1,该用户是在询问如何根据自身身高选择合适的尺码购买商品。
Jing1000086,服饰鞋履,153穿的了吗,1,该用户是在询问自己的身高（153cm）是否适合穿着直播展示的服装款式。
Jing1000086,服饰鞋履,"我想要,我只有150",1,该用户想表达的含义是：我只有150cm的身高，想知道这件衣服是否适合我穿。
Jing1000086,服饰鞋履,鞋子鞋子鞋子,1,该用户想表达的含义是：强烈催促主播展示或介绍鞋款，表现出明确的购买意向。  （结合前文弹幕中频繁出现的尺码询问、款式催促等购物导向内容，用户通过重复关键词“鞋子”传递急切需求，可能是对当前讨论主题的聚焦或对未展示商品的催促。）
Jing1000086,服饰鞋履,卡码怎么拍?,1,该用户想询问如何选择适合自己身材尺码的商品（因身高较矮或体型特殊而担心尺码不合适）。
Jing1000086,服饰鞋履,152穿不了[捂脸][捂脸],0,该用户想表达的含义是：自己身高152厘米，担心衣服尺码不合适无法穿着。
Jing1000086,服饰鞋履,裤子在上点好吗,1,该用户希望主播尽快补货或增加裤子的款式选择。
Jing1000086,服饰鞋履,后来的想要包包,1,该用户想表达的含义是：后续上架的包包款式自己有意向购买。  （结合前文弹幕多为询问尺码、款式、催促上新的语境，推测用户通过“后来的”暗示关注后续商品，并明确对“包包”品类的兴趣。）
Jing1000086,服饰鞋履,上衣还可以怎么搭吖,1,该用户想表达的含义是：询问这件上衣还有哪些搭配方式可供参考。
Jing1000086,服饰鞋履,150穿的,1,该用户想询问商品是否适合身高150cm的人穿着。
Jing1000086,服饰鞋履,裤子上一下,1,该用户希望主播尽快展示或上架裤子的款式供购买选择。
Jing1000086,服饰鞋履,116斤大码能穿吗[捂脸],1,该用户是在询问自己116斤的体型是否能穿直播间的衣服，并透露出对大码款式的需求和因身材顾虑产生的犹豫情绪。
Jing1000086,服饰鞋履,我要152,1,该用户想表达的是自己身高152厘米，询问是否有适合自己尺码的服装。
Jing1000086,服饰鞋履,衣服没有大点码美女,1,该用户想表达的含义是：主播展示的服装没有提供更大尺码的选择。
Jing1000086,服饰鞋履,欣姐美背美背美背美背美背美背美背美背美背美背,1,该用户想表达的含义是：反复夸赞主播的身材（背部）以表达喜爱或互动热情，但并未直接体现购买意向。  （结合上下文可见，直播间讨论焦点集中在尺码、搭配等实用信息，而该弹幕属于粉丝向的赞美互动，与商品需求无关。）
Jing1000086,服饰鞋履,"皮肤黑,穿着好看吗",1,该用户可能是在询问自己的肤色较深是否适合穿直播展示的服装，隐含对产品适配性的顾虑和潜在的购买兴趣。
Jing1000086,服饰鞋履,衣服拍了我要拍裙子,1,该用户想表达的是：我已经下单买了衣服，现在还想再买一条裙子。  （结合前文弹幕中频繁出现的尺码咨询、款式催促等购买意向，用户在此明确表达了连续购买的意愿，属于典型的消费行为动机。）
Jing1000086,服饰鞋履,"162,110斤能穿吗,衣服",1,该用户是在询问自己的身高体重（162cm/110斤）是否适合穿这件衣服，隐含对尺码合适性的担忧和潜在的购买意向。
Jing1000086,服饰鞋履,那高个子的裤子咋拍,1,该用户想询问高个子适合的裤子尺码选择或购买方式。  （解析：结合前文弹幕中频繁出现的尺码咨询（如“153穿的了吗”“116斤大码能穿吗”）和商品类型讨论（如“裤子在上点好吗”），可推断用户关注点聚焦在服装尺码适配性上。“高个子”对应前文对身高体重的具体提问，动机是确认商品是否满足自身体型需求。）
Jing1000086,服饰鞋履,158穿小个子还是普通,1,该用户想询问身高158cm的人适合选择小个子尺码还是常规尺码的服装。
Jing1000086,服饰鞋履,"美背收到了,太好穿了,质量绝了,机洗都不变形",0,该用户是在分享已购商品的满意体验，通过强调产品质量好、耐穿且不易变形，间接向直播间观众推荐这款“美背”产品。
Jing1000086,服饰鞋履,项链有吗亲亲,1,"该用户想表达的含义是：询问直播间是否有项链商品并表现出购买意向。  （结合前文弹幕多为询问商品信息、尺码或直接表达购买需求，语境偏向实用型购物互动，""亲亲""等亲昵用语符合社交电商的沟通风格，整体动机明确指向消费行为。）"
Jing1000086,服饰鞋履,以后多上点私服,1,该用户希望直播间今后能多推荐一些日常休闲风格的服装款式。
Jing1000086,服饰鞋履,矮个子,1,该用户可能在询问商品是否适合身高较矮的人穿着或使用。
Jing1000086,服饰鞋履,加个大码,1,该用户想表达的含义是：希望商家提供更大尺码的服装选项。  （结合前文弹幕中频繁出现的尺码讨论，如“152穿不了”“116斤大码能穿吗”等，可推断用户因身材需求主动呼吁增加大码库存，属于明确的购买意向表达。）
Jing1000086,服饰鞋履,"150,94斤拍多大[比心]",1,"该用户是在询问自己的身高体重（150cm/94斤）适合购买什么尺码的服装，并附上友好表情表达购买意向。  （解析：结合前文弹幕中频繁出现的尺码咨询、身高体重适配问题，以及""比心""表情的互动性，可推断用户核心诉求是确认商品尺码选择，同时隐含对商品的兴趣。）"
Jing1000086,服饰鞋履,上衣115斤穿小了吗,1,该用户是在询问115斤的体型穿上衣是否会显小，隐含对尺码合适性的购买顾虑。
Jing1000086,服饰鞋履,裤子148身高,1,该用户想询问这条裤子是否适合身高148厘米的人穿着。
Jing1000086,服饰鞋履,上衣做点大码啊,1,该用户希望商家能提供更大尺码的上衣款式以满足体型需求。
Jing1000086,服饰鞋履,短款皮衣短款皮衣短款皮衣,1,该用户可能在强烈表达对短款皮衣的兴趣或需求，希望主播重点介绍或上架该款式。
Jing1000086,服饰鞋履,"裤子上吧,不用介绍了[捂脸]",1,该用户想表达的含义是：催促主播直接上架裤子，表示已经决定购买无需再听产品介绍。
Jing1000086,服饰鞋履,欣姐穿什么码,1,该用户是在询问主播“欣姐”所穿服装的尺码，以便参考购买同款。
Jing1000086,服饰鞋履,欣姐：我身高才1米5裤子能穿吗?,1,该用户是在询问自己150cm的身高是否适合穿直播展示的裤子款式，本质上表达了对商品的购买意向和尺码适配的顾虑。
Jing1000086,服饰鞋履,配其他裤子看看,1,该用户想表达的含义是：希望主播展示这件衣服搭配不同裤子的上身效果以便参考是否购买。
Jing1000086,服饰鞋履,裤子还可以搭什么上衣,1,该用户想表达的含义是：询问这条裤子与其他上衣的搭配建议，以评估其购买后的实用性。  （结合前文语境，直播间讨论集中在尺码、款式适配性和搭配问题上，用户提问动机可能是确认裤子的百搭性，从而决定是否下单。）
Jing1000086,服饰鞋履,矮个子怎么办[捂脸],0,该用户想表达的含义是：询问直播间的服装款式是否适合身高较矮的消费者穿着。
Jing1000086,服饰鞋履,主播衣服穿的哪个版,1,该用户想询问主播身上衣服的具体尺码或款式信息，以便参考购买。
Jing1000086,服饰鞋履,裤子卡码拍小个子还是矮个子版?,1,该用户是在询问自己身高较矮的情况下应该选择小个子版型还是普通版型的裤子。
Jing1000086,服饰鞋履,有大码吗,1,该用户是在询问直播展示的商品是否有加大尺码的款式可供选择。
Jing1000086,服饰鞋履,腰带自己买的嘛,1,该用户可能是想确认主播身上展示的腰带是否是直播间正在售卖的商品，暗示自己对其有购买兴趣。
Jing1000086,服饰鞋履,包包可以等,1,该用户想表达的含义是：对这款包有兴趣但暂时不急着购买，可以等待后续上架或优惠。
Jing1000086,服饰鞋履,你家快递太慢了,0,该用户可能因等待心仪商品到货时间过长而感到不满，暗示对产品本身有兴趣但物流体验影响了购买满意度。
Jing1000086,服饰鞋履,衣服卡码要拍大吗,1,该用户是在询问衣服尺码偏小的情况下是否应该选择大一号的尺寸。
Jing1000086,服饰鞋履,上美背,1,该用户希望主播展示或推荐适合搭配的背心类上衣款式。
Jing1000086,服饰鞋履,"刚才拍错高个子了,现在重新拍了小个子版",0,该用户想表达的含义是：自己之前因尺码选择有误购买了高个子版本的商品，现已更正并重新下单了适合自己身材的小个子款式。
Jing1000086,服饰鞋履,手臂太粗了还可以打别的什么上衣吗?,1,该用户是在询问主播是否有其他适合手臂较粗的人穿的上衣款式推荐。
Jing1000086,服饰鞋履,"这衣服好看,但裤子难搭",0,该用户觉得衣服款式不错，但对裤子的搭配效果不太满意，可能希望看到更多搭配建议或考虑是否值得购买。
Jing1000086,服饰鞋履,148可以穿xs,0,该用户想表达的含义是：身高148厘米的人可以穿XS码的裤子。
Jing1000086,服饰鞋履,三宅裙加点,1,该用户想表达的含义是：希望主播推荐或展示能搭配三宅风格裙子的上衣或其他单品。
Jing1000086,服饰鞋履,上次买的白色半身裙可以搭嘛,1,该用户是在询问之前购买的白色半身裙能否与当前直播展示的服饰进行搭配，表现出对单品组合效果的关注和潜在的购买意向。
Jing1000086,服饰鞋履,"155个子,110斤会瘦吗",1,该用户是在询问自己身高155厘米、体重110斤的身材穿这条裤子是否会显得显瘦。
Jing1000086,服饰鞋履,这个衣服还能怎么搭,1,该用户想询问这件衣服的更多搭配方案，以评估其日常实用性和购买价值。
Jing1000086,服饰鞋履,没大码,0,该用户想表达的含义是：询问商品是否有更大尺码可供选择。
Jing1000086,服饰鞋履,@佳***没错过,0,该用户想表达的含义是：幸好赶上了直播没有错过购买机会。
Jing1000086,服饰鞋履,115斤不能穿吗[捂脸],1,该用户是在询问自己115斤的体重是否适合穿直播展示的服装，并流露出对尺码合适与否的担忧和不确定。
Jing1000086,服饰鞋履,150可以不,1,该用户可能是在询问商品价格能否优惠到150元。
Jing1000086,服饰鞋履,裤子还能搭别的什么衣服,1,该用户想表达的含义是：询问这条裤子还能搭配哪些其他款式的上衣或配饰。
Jing1000086,服饰鞋履,"欣姐,你穿得长度多少",1,该用户想询问主播身上所穿服装的具体长度尺寸，以判断是否适合自己的身高或穿搭需求。
Jing1000086,服饰鞋履,项链有吗,1,该用户是在询问直播间是否售卖项链产品。
Jing1000086,服饰鞋履,要大码,1,该用户想表达的含义是：询问是否有更大尺码的服装可供选择。
Jing1000086,服饰鞋履,大码上衣,1,该用户可能在询问或暗示对直播间展示的大码上衣款式感兴趣，希望了解是否有适合自己体型的尺码或搭配建议。
Jing1000086,服饰鞋履,153能穿不,1,该用户是在询问身高153厘米的人是否适合穿当前展示的服装款式。
Jing1000086,服饰鞋履,153怎么办,1,该用户是在询问身高153cm的人适合穿这件衣服的尺码或款式。
Jing1000086,服饰鞋履,配你家短款蛋糕裙可以吗,1,该用户想询问当前展示的服装是否可以与自己已有的短款蛋糕裙搭配穿着。
Jing1000086,服饰鞋履,没大码[流泪][流泪][流泪],0,该用户因找不到适合自己的大码尺寸而感到失望和遗憾。
Jing1000086,服饰鞋履,衣服码子有点小,0,该用户可能是在表达对衣服尺码偏小的担忧，暗示自己或他人需要更大尺码的选择。
Jing1000086,服饰鞋履,"148,82斤Xs可以穿吗",1,该用户是在询问自己身高148厘米、体重82斤的身材是否适合穿XS码的服装。
Jing1000086,服饰鞋履,短款皮衣短款皮衣短款皮衣短款皮衣短款皮衣短款皮衣短款皮衣,1,该用户想表达的含义是：强烈关注并希望主播详细介绍或展示短款皮衣这款商品。  （分析依据：重复高频关键词体现迫切需求，结合前文弹幕中频繁出现的尺码咨询、搭配提问等购物意向行为，可推断用户通过刷屏方式吸引主播注意，核心诉求是获取该商品的购买相关信息。）
Jing1000086,服饰鞋履,可以配裙子不,1,该用户是在询问当前展示的商品是否能与裙子搭配穿着。
Jing1000086,服饰鞋履,衣服卡码怎么买,1,该用户想表达的含义是：不清楚衣服的尺码标准，担心自己选错码数。
Jing1000086,服饰鞋履,裤子没有买到,0,该用户想表达的含义是：对没抢到心仪裤子的遗憾和失望。  （结合前文弹幕中频繁出现的尺码咨询、搭配提问等，可推测直播间正在销售服饰类商品，且用户因库存、尺码或手速问题未能成功购买，情绪偏向惋惜。）
Jing1000086,服饰鞋履,"身高160,下半身短选矮个子版可以吗",1,该用户是在询问自己身高160且比例偏短的情况下是否适合选择直播中推荐的矮个子版型服装。
Jing1000086,服饰鞋履,上衣还可以搭啥,1,该用户想询问这件上衣还能搭配哪些其他款式的下装或配饰。
Jing1000086,服饰鞋履,美背美背美背美背,1,该用户是在强烈表达对直播中展示的某款美背款式服装的兴趣或渴望购买。
Jing1000086,服饰鞋履,买一条裤子现在没有寄,0,该用户想表达的含义是：之前想购买这条裤子但发现已经缺货无法下单了。
Jing1000086,服饰鞋履,148想要,1,该用户想表达的含义是：自己身高148厘米，询问主播这款衣服是否适合自己穿。
Jing1000086,服饰鞋履,裙子开,1,该用户想询问裙子是否有开售或上架。
Jing1000086,服饰鞋履,身高153拍小个子还是矮个子,1,"该用户是在询问自己身高153cm应该选择商品中标注的""小个子""还是""矮个子""尺码版本。"
Jing1000086,服饰鞋履,裤裙没抢到,0,该用户因错过购买裤裙而感到遗憾和失望。
Jing1000086,服饰鞋履,152高能穿吗,1,该用户是在询问身高152cm的人是否能合身穿戴直播展示的服装款式。
Jing1000086,服饰鞋履,欣姐上裤裙,1,该用户想表达的含义是：希望主播推荐或展示适合搭配的裤裙款式。  （结合前文弹幕中频繁出现的尺码咨询、搭配需求以及“裤裙没抢到”等关键词，可推断用户关注点集中在服饰适配性和补货上，此处“上裤裙”可能是催促主播上新或展示相关商品。）
Jing1000086,服饰鞋履,可以搭其他的不,1,该用户想询问这件衣服是否能与其他服饰搭配出不同的穿搭效果。
Jing1000086,服饰鞋履,身高148裤子可以穿吗,1,该用户是在询问自己148cm的身高是否适合穿直播展示的裤子款式，隐含对尺码适配性的担忧和购买意向。
Jing1000086,服饰鞋履,55元和69元腰带有啥区别?,1,该用户想询问两款不同价位腰带的具体差异以便做出购买决策。
Jing1000086,服饰鞋履,这衣服还能搭其他裤子嘛,1,该用户想询问这件衣服是否具备与其他款式裤子的搭配灵活性，以评估其购买后的实用性和穿搭价值。
Jing1000086,服饰鞋履,夏款有吗,1,该用户想询问直播间是否正在售卖夏季款式的服装。
Jing1000086,服饰鞋履,150能穿吗,1,该用户是在询问自己的身高150cm是否能穿直播展示的服装款式。
Jing1000086,服饰鞋履,身上美背,1,该用户想表达的含义是：询问主播身上穿的美背款式是否在售或能否展示更多细节。  （结合前文弹幕高频出现的产品名称、搭配提问和尺码咨询，可推断用户聚焦于当前展示的“美背”单品，意图可能是确认购买信息或寻求产品推荐。）
Jing1000086,服饰鞋履,153不能穿吗裤裙,1,该用户是在询问身高153cm的人是否可以穿着这款裤裙。
Jing1000086,服饰鞋履,要大码衣,1,该用户想表达的含义是：希望主播提供适合身材较丰满顾客的服装款式。
Jing1000086,服饰鞋履,裙子能上吗,1,该用户是在询问主播是否会上架裙子这款商品。
Jing1000086,服饰鞋履,版本怎么买[比心][比心][比心][比心][比心],1,该用户想表达的含义是：询问商品的具体购买选项或版本选择，并表现出强烈的购买意愿和喜爱情绪。
Jing1000086,服饰鞋履,碎花连衣裙今天上吗,1,该用户是在询问碎花连衣裙是否会在当天的直播中上架售卖。
Jing1000086,服饰鞋履,搭一下其他的,1,该用户想询问当前展示的服装是否可以搭配其他款式的单品。
Jing1000086,服饰鞋履,裤长有点长,0,该用户可能是在询问裤子的长度是否适合自己身高，担心裤子过长而犹豫是否购买。
Jing1000086,服饰鞋履,152能穿吗,1,该用户是在询问自己的身高152厘米是否适合穿着当前直播展示的服装款式。
Jing1000086,服饰鞋履,短款皮衣短皮衣,1,该用户可能在询问或提醒主播展示/上架短款皮衣款式，表达了对这类商品的兴趣或需求。
Jing1000086,服饰鞋履,裤子还能搭什么衣服,1,该用户想询问这条裤子的搭配可能性，希望了解它能与哪些上衣或其他服饰进行组合穿搭。
Jing1000086,服饰鞋履,配黑色裤子可以不[互粉],1,该用户是在询问当前展示的服装款式是否能与黑色裤子搭配，同时附带社交互动诉求。
Jing1000086,服饰鞋履,衣服码子小了,0,该用户可能是在询问或抱怨服装尺码偏小，暗示自己需要更大尺码或关注尺码适配问题。
Jing1000086,服饰鞋履,加大码,1,该用户想表达的含义是：希望主播推荐或展示更大尺码的服装款式。
Jing1000086,服饰鞋履,"155个子,110斤穿瘦吗",1,该用户想询问自己身高155厘米、体重110斤的体型穿这件衣服是否会显得修身或合身。
Jing1000086,服饰鞋履,155买哪个裤子,1,该用户想表达的含义是：身高155厘米的人适合购买哪款裤子。
Jing1000086,服饰鞋履,什么时候有美背,1,该用户想询问直播中展示的“美背”款式服装何时会再次上架或补货。
Jing1000086,服饰鞋履,项链有不,1,该用户想询问直播中是否有项链商品在售。
Jing1000086,服饰鞋履,153裤裙不能穿吗,1,该用户是在询问身高153的人是否可以穿着裤裙款式，担心尺码或版型不合适。
Jing1000086,服饰鞋履,"92斤,拍的S",0,该用户想表达的含义是：自己体重92斤，打算购买S码的衣服。
Jing1000086,服饰鞋履,做点大码,0,该用户希望商家提供更大尺码的服装选项。
Jing1000086,服饰鞋履,短款皮衣短款皮衣,1,该用户想表达的含义是：迫切询问或强调想要购买直播中展示的短款皮衣款式。  （结合前文弹幕中频繁出现的尺码咨询、款式催促等购买意向语境，用户重复关键词“短款皮衣”大概率是主动表达明确需求，可能是催促主播讲解/上架，或确认该商品是否可购。）
Jing1000086,服饰鞋履,江西宜春人么,0,该用户可能在询问主播或直播间观众中是否有江西宜春的同乡，试图通过地域认同建立亲近感或了解商品是否适合当地人的需求。
Jing1000086,服饰鞋履,等了一个小时了,0,该用户可能因等待心仪商品上架或主播回应而显得不耐烦，暗示对某个未出现的产品有持续关注和购买意向。
Jing1000086,服饰鞋履,要裤子155,1,该用户想表达的是询问身高155cm的人适合购买哪款裤子。
Jing1000086,服饰鞋履,裤子矮个子也要,1,该用户想表达的含义是：这条裤子是否适合身材较矮的人穿着。
Jing1000086,服饰鞋履,"包包,排单我可以等的",1,该用户想表达的含义是：虽然这款包需要排队等待发货，但我愿意接受延迟收货。
Jing1000086,服饰鞋履,衣服拍了可以搭配其他裙子吗?,1,该用户是在询问购买的衣服能否与其他款式的裙子进行搭配，以确认其穿搭的多样性和实用性。
Jing1000086,服饰鞋履,上衣卡码怎么拍,1,该用户想询问上衣尺码选择不明确时应该如何下单购买。
Jing1000086,服饰鞋履,欣姐上点艾米袜子,1,该用户希望主播推荐或上架适合自己需求的艾米品牌袜子。
Jing1000086,服饰鞋履,158高120斤能穿吗衣服?,1,该用户是在询问自己的身高体重（158cm/120斤）是否适合穿直播间的衣服，主要关注尺码和上身效果。
Jing1000086,服饰鞋履,今天收到了蓝色针织很好第一次买你家,0,该用户想表达的含义是：之前购买的蓝色针织衫体验不错，这是首次在该店铺消费。
Jing1000086,服饰鞋履,153不能穿吗,1,该用户是在询问身高153cm的人是否能穿直播间的某款服装。
Jing1000086,服饰鞋履,美背上一下,1,该用户想表达的含义是：希望主播推荐或展示适合背部设计的服装款式。
Jing1000086,服饰鞋履,裤子和衣服一套搭配吧,1,该用户想询问主播是否可以将展示的裤子和上衣作为套装一起购买搭配。
Jing1000086,服饰鞋履,148怎么办,1,该用户可能在询问身高148cm的人适合购买哪款服装或如何选择尺码。
Jing1000086,服饰鞋履,欣姐：我身高才1米5裤子我能穿不?,1,该用户是在询问自己身高150cm是否能穿直播中展示的裤子款式。
Jing1000086,服饰鞋履,这个背心厚吗?,1,该用户可能在询问背心的厚度是否适合当前季节或自己的穿着需求，以判断是否值得购买。
Jing1000086,服饰鞋履,身上美背上一下呗,1,该用户想表达的含义是：请主播展示一下美背款式的上身效果。
Jing1000086,服饰鞋履,衣服115斤不能穿,0,该用户是在询问自己115斤的体重是否能穿这件衣服，暗示对商品感兴趣但担心尺码不合适。
Jing1000086,服饰鞋履,上衣卡码,1,该用户想表达的含义是：这件上衣的尺码标准不合适，不知道该怎么选择。
Jing1000086,服饰鞋履,不是裙子吗[捂脸],0,该用户可能因期待看到裙子相关的展示或购买选项，却发现直播内容与预期不符而感到困惑或失望。
Jing1000086,服饰鞋履,欣姐你穿的什么码,1,该用户是在询问主播身上所穿服装的尺码，以便参考自己是否适合购买同款。
Jing1000086,服饰鞋履,大码加,1,该用户想表达的含义是：询问主播是否有加大码的服装款式可供选择。
Jing1000086,服饰鞋履,三宅裙,1,该用户可能在询问或表达对直播中提到的“三宅裙”这款商品的兴趣，比如想了解款式细节、尺码信息或购买方式。
Jing1000086,服饰鞋履,腰围有弹力吗,1,该用户是在询问裤子的腰部设计是否具有弹性伸缩功能，以确认是否适合自身穿着需求。
Jing1000086,服饰鞋履,项链有吗亲亲,1,该用户是在询问直播间是否有项链商品并表达购买意向。
Jing1000086,服饰鞋履,什么布料,1,该用户想询问当前展示的服装所用面料的材质或特性。
Jing1000086,服饰鞋履,"162,110斤,衣服能穿吗",1,该用户是在询问自己身高162cm、体重110斤的体型是否能穿直播中展示的服装。
Jing1000086,服饰鞋履,153可以穿吗,1,该用户是在询问自己153cm的身高是否能穿直播展示的服装款式。
Jing1000086,服饰鞋履,好喜欢[比心][比心][比心][比心]可惜可惜我穿不了120[捂脸][捂脸][捂脸],0,该用户想表达的含义是：虽然非常喜欢这件商品，但因为尺码不合适（自己穿不了120码）而感到遗憾。
Jing1000086,服饰鞋履,上衣卡码怎拍,1,该用户想询问“如果上衣尺码不合适该怎么选择或购买”。  （结合前文语境，直播间讨论集中在尺码适配问题，尤其是小个子或特殊体型用户的穿着疑虑，目标弹幕的“卡码”隐含对尺码选择的困惑，需进一步引导解释或调整购买方案。）
Jing1000086,服饰鞋履,153.5怎么拍,1,该用户想询问身高153.5厘米的人该如何选择商品尺码或购买流程。
Jing1000086,服饰鞋履,胸大了上衣好穿吗,1,该用户可能在询问上衣的版型是否适合胸部较丰满的穿着者，隐含对尺码适配性的顾虑。
Jing1000086,服饰鞋履,我以为裙子[捂脸][捂脸],0,该用户想表达的含义是：原来这不是裙子（对产品款式产生了误解并感到意外）。  （结合前文“不是裙子吗[捂脸]”和其他关于尺码、款式的讨论，可推断用户因直播展示或描述不清而误判产品类型，用表情符号强化了哭笑不得的情绪。）
Jing1000086,服饰鞋履,这一出[捂脸],0,该用户可能是对商品款式或描述与预期不符感到无奈或哭笑不得。
Jing1000086,服饰鞋履,148可以穿不,1,该用户是在询问自己身高148cm是否能穿直播展示的服装款式。
Jing1000086,服饰鞋履,为啥不是裙子,0,该用户可能因直播展示的服装款式与预期不符（以为是裙子但实际不是），略带失望地表达对裙装产品的期待或询问为何不推裙子。
Jing1000086,服饰鞋履,还可以搭什么鞋子,1,该用户想询问当前展示的服装款式适合搭配哪种类型的鞋子。
Jing1000086,服饰鞋履,后面会不会显胖,1,该用户是在询问这件衣服的版型设计是否会在视觉上显得身材臃肿，尤其关注对身材的修饰效果。
Jing1000086,服饰鞋履,好突然[捂脸][捂脸][捂脸],0,该用户想表达的含义是：对直播内容与预期不符感到意外和无奈。  （结合前文语境，其他弹幕多次提到对商品款式（如“不是裙子吗”“我以为裙子”）或尺码的困惑，用户可能因直播展示的商品突然切换或信息不明确而产生错愕情绪。）
Jing1000086,服饰鞋履,"要,要,要",1,该用户想表达的是对当前展示商品的强烈购买意愿和迫切需求。  （结合前文语境，直播间正在讨论服饰尺码、款式等问题，用户用重复的“要”字表达急切想购买的情绪，可能是针对主播刚展示的某件商品或优惠活动。）
Jing1000086,服饰鞋履,这个还能配啥衣服,1,该用户想询问当前展示的服饰单品与其他服装款式的搭配可能性，以评估其购买后的实用性。
Jing1000086,服饰鞋履,沐浴露上了吗?,1,该用户是在询问直播中是否已经开始售卖或展示沐浴露产品，表现出对该商品的关注和潜在购买意向。
Jing1000086,服饰鞋履,腰围有弹性吗,1,该用户是在询问服装腰部设计的伸缩性，以判断是否适合自己的身材或穿着舒适度。
Jing1000086,服饰鞋履,还可以搭哪个上衣,1,该用户是在询问当前展示的服装款式可以搭配什么样的其他上衣，表现出对服饰搭配的实用需求和购买意向。
Jing1000086,服饰鞋履,透不透,1,该用户可能在询问衣服面料的透明度或透气性。
Jing1000086,服饰鞋履,之前百褶裙可以搭配吗,1,该用户想询问之前展示的百褶裙是否能与当前直播商品进行搭配。
Jing1000086,服饰鞋履,裙子开一下,1,该用户想表达的含义是：希望主播展示或介绍裙子的款式和上身效果。  （结合前文语境，弹幕中多次提及裙子相关讨论，如“为啥不是裙子”“我以为裙子”，可见用户对裙子类商品有较强兴趣；而“开一下”是直播常用语，通常指“展示/试穿一下”。）
Jing1000086,服饰鞋履,"这一套很美,要",1,该用户想表达的是对当前展示的服装套装非常喜爱并明确表示想要购买。
Jing1000086,服饰鞋履,1米46可以穿吗,1,该用户是在询问商品尺寸是否适合身高1米46的人穿着，表现出对产品规格的关注和潜在的购买意向。
Jing1000086,服饰鞋履,还能搭什么衣服,1,该用户想询问当前展示的服装款式可以搭配哪些其他服饰来提升整体穿搭效果。
Jing1000086,服饰鞋履,屁股小能穿吗?,1,该用户是在询问商品的尺码是否适合臀部较小的身材。
Jing1000086,服饰鞋履,还可以搭什么上衣,1,该用户想询问当前展示的服装款式可以搭配哪些其他款式的上衣。
Jing1000086,服饰鞋履,卡码怎么拍,1,该用户想询问如何选择商品的尺码进行购买。
Jing1000086,服饰鞋履,我就是腿粗上身偏瘦,1,该用户可能在询问这条裤子是否适合自己梨形身材的特点，并隐含对版型是否能修饰腿型的关注。
Jing1000086,服饰鞋履,下面能搭什么裤子,1,该用户想询问当前展示的服装款式适合搭配哪种类型的下装。
Jing1000086,服饰鞋履,153-155买哪个?,1,该用户可能在询问身高153-155厘米的人适合选择哪一款商品。
Jing1000086,服饰鞋履,有肚子可以穿吗,1,该用户是在询问这件衣服是否适合腹部有赘肉的身材穿着。
Jing1000086,服饰鞋履,裤子可以搭其他衣服吗,1,该用户想表达的含义是：询问这条裤子是否能与不同款式的上衣灵活搭配。
Jing1000086,服饰鞋履,"162,110斤衣服能穿吗",1,该用户是在询问身高162cm、体重110斤的人是否能穿直播展示的服装款式。
Jing1000086,服饰鞋履,美背上一下,1,该用户想表达的含义是：想看看商品背面的展示效果。
Jing1000086,服饰鞋履,还能配什么,1,该用户想询问当前展示的商品可以搭配哪些其他服饰或配饰。
Jing1000086,服饰鞋履,短皮衣还上不上,1,该用户是在询问直播中之前展示过的短款皮衣是否会再次上架或补货。
Jing1000086,服饰鞋履,155拍什么,1,该用户想询问身高155厘米的人适合选择哪个尺码或款式的商品。
Jing1000086,服饰鞋履,上衣大码,1,该用户想询问直播中展示的上衣是否有适合身材偏胖人群的加大尺码可选。
Jing1000086,服饰鞋履,发福利,0,该用户可能在催促主播发放优惠或赠品以促进购买。
Jing1000086,服饰鞋履,@珍***ka卡码拍大,0,该用户想表达的含义是：询问尺码选择问题并催促主播展示商品详情。
Jing1000086,服饰鞋履,"刚拿到白色牛仔裤,质量怎么这么好",0,该用户想表达的含义是：对收到的白色牛仔裤质量感到惊喜和满意，并隐含推荐或认可产品的意味。
Jing1000086,服饰鞋履,穿不上[捂脸]俺125斤,0,该用户想表达的含义是：担心自己的体重导致无法穿上直播推荐的服装款式。
Jing1000086,服饰鞋履,1米7能穿吗,1,该用户是在询问自己的身高（1米7）是否适合穿着直播展示的服装款式。
Jing1000086,服饰鞋履,还可以搭哪个衣服,1,该用户想询问当前展示的服装款式可以搭配哪些其他服饰单品。
Jing1000086,服饰鞋履,松紧的吗,1,该用户想询问商品的腰部设计是否为弹性松紧带款式。
Jing1000086,服饰鞋履,短款皮衣,1,该用户可能在询问主播是否还会上架短款皮衣这款商品，或者想了解关于短款皮衣的更多搭配和购买信息。
Jing1000086,服饰鞋履,1.53米怎么拍,1,该用户是在询问自己身高1.53米应该选择什么尺码或款式的服装。
Jing1000086,服饰鞋履,松紧腰吗,1,该用户是在询问裤子的腰部设计是否为弹性松紧带款式，以便判断是否适合自己的身材或穿着舒适度。
Jing1000086,服饰鞋履,美背上一下美背上一下美背上一下美背上一下美背上一下美背上一下美背上一下,1,该用户急切希望主播再次展示或介绍“美背”这款产品。
Jing1000086,服饰鞋履,裤子透不透,1,该用户是在询问裤子的面料是否透明，担心穿着时可能走光或不够实穿。
Jing1000086,服饰鞋履,裤子卡码咋拍,1,该用户想询问裤子的尺码选择建议，担心尺码不合适该如何购买。
Jing1000086,服饰鞋履,建议拍大还是拍小,1,该用户是在询问自己应该选择商品的哪个尺码更合适。
Jing1000086,服饰鞋履,八号洗发水有头皮屑能不能洗,1,该用户是在询问八号洗发水是否适合有头皮屑问题的人使用。
Jing1000086,服饰鞋履,可以配其他裤子吗,1,该用户想询问当前展示的服装款式是否能与其他类型的裤子搭配穿着。
Jing1000086,服饰鞋履,一套吗,1,该用户是在询问当前展示的商品是否为一整套搭配出售的。
Jing1000086,服饰鞋履,出个修身防晒吧,1,该用户希望商家推出一款适合修身版型的防晒服饰。
Jing1000086,服饰鞋履,还有其他款式配吗,1,该用户想询问当前展示的商品是否有其他搭配款式可供选择。
Jing1000086,服饰鞋履,短款皮衣短款皮衣短款皮衣短款皮衣还,1,该用户想表达的含义是：强烈要求主播详细介绍或展示短款皮衣的款式和搭配方式。
Jing1000086,服饰鞋履,美背美背美背美背美背美背,1,该用户想表达的含义是：强烈要求主播展示或推荐“美背”款式的服装。
Jing1000086,服饰鞋履,"买了衣服,没有裤子搭配",1,该用户想表达自己已经购买了衣服，但缺乏合适的裤子来搭配，暗示对直播间推荐的裤子款式或搭配建议有潜在购买兴趣。
Jing1000086,服饰鞋履,卡吗怎么拍,1,该用户可能是在询问商品尺码是否偏小以及具体的购买方式。
Jing1000086,服饰鞋履,没拍到,0,"该用户想表达的含义是：刚才没抢到想买的商品。  （结合前文弹幕多为询问尺码、搭配、补货等购买相关需求，且直播间氛围紧张，""没拍到""更可能是因商品抢购速度快或库存不足导致的遗憾表达。）"
Jing1000086,服饰鞋履,没有了,0,该用户想表达的含义是：想要的商品已经售罄或没抢到。
Jing1000086,服饰鞋履,裤子腰围有弹力吗,1,该用户是在询问裤子的腰部设计是否具备弹性伸缩功能，以确认尺码适配性和穿着舒适度。
Jing1000086,服饰鞋履,美背美背美背美背美背美背美背美背美背美背美背美背,1,该用户强烈要求主播展示或介绍“美背”款式产品，可能是重复刷屏以引起注意或表达迫切购买意向。
Jing1000086,服饰鞋履,看看后面,1,该用户想表达的含义是：希望主播继续展示后续的商品款式或介绍其他产品。
Jing1000086,服饰鞋履,裤子卡码可以穿吗,1,该用户是在询问裤子的尺码是否偏小以及该如何选择合适的尺码。
Jing1000086,服饰鞋履,上衣还可以搭什么,1,该用户想询问这件上衣有哪些搭配建议或推荐的其他服饰单品。
Jing1000086,服饰鞋履,裙子还可以问哦搭,1,该用户想表达的含义是：这条裙子搭配什么上衣比较合适？
Jing1000086,服饰鞋履,遮副乳不,1,该用户是在询问这件衣服是否能有效遮挡副乳部位。
Jing1000086,服饰鞋履,没抢到,0,该用户想表达的是对未能成功购买到心仪商品的遗憾和失望。
Jing1000086,服饰鞋履,110能穿吗,1,该用户是在询问自己身高110cm的人能否穿得下这件衣服（或裤子）。
Jing1000086,服饰鞋履,卡码拍大还是拍小,1,该用户是在询问商品尺码选择建议，不确定自己应该选偏大还是偏小的尺码。
Jing1000086,服饰鞋履,没有抢到,0,该用户想表达的是因手速或库存不足未能成功购买心仪商品而感到遗憾。
Jing1000086,服饰鞋履,没码了,0,该用户想表达的含义是：想要的尺码已经售罄无法购买。  （结合前文弹幕中频繁出现的抢购失败、缺货、尺码咨询等语境，用户大概率在抱怨商品库存不足，尤其是特定尺码被抢光。）
Jing1000086,服饰鞋履,没码了[捂脸],0,该用户想表达的含义是：想要的尺码已经售罄，感到遗憾和无奈。
Jing1000086,服饰鞋履,没买到,0,该用户想表达的是因商品售罄或手速慢而未能成功购买的遗憾心情。
Jing1000086,服饰鞋履,美背美背美背美背美背美背美背美背美背美背美背美背美背美背美背美背,1,该用户想表达的含义是：强烈催促主播展示或讲解“美背”款式服装，可能是对这款产品有浓厚兴趣或急于了解详情。
Jing1000086,服饰鞋履,可以搭裤子吗,1,该用户想询问当前展示的上衣款式是否能与裤子进行搭配。
Jing1000086,服饰鞋履,一米五可以穿吗,1,该用户想询问该服装款式是否适合身高一米五的人穿着。
Jing1000086,服饰鞋履,没抢到[捂脸],0,该用户想表达的含义是：因商品售罄或手速慢未能成功购买而感到遗憾。
Jing1000086,服饰鞋履,还拍没了,0,该用户想表达的含义是：商品已经被抢购一空，自己没能成功下单。  （结合前文弹幕中频繁出现的“没抢到”“没码了”等类似表达，可以推断当前语境是商品库存紧张，用户因缺货或手速慢而未能购买，情绪可能带有遗憾或焦急。）
Jing1000086,服饰鞋履,小码没有了,0,该用户想表达的含义是：自己想要的尺码已经售罄，感到遗憾或失望。  （结合前文弹幕中频繁出现的“没抢到”“没码了”等类似表达，可推断直播间商品库存紧张，用户因缺货或手速慢未能购买到目标商品，属于常见的购买意向受挫场景。）
Jing1000086,服饰鞋履,没有买到,1,"该用户想表达的含义是：因商品售罄或库存不足而未能成功购买。  （结合前文高频出现的""没抢到""""没码了""等类似表达，可推断直播间存在抢购激烈或断码情况，用户是在遗憾地反馈购买失败的结果。）"
Jing1000086,服饰鞋履,这个衣服可以搭裤子吗?,1,该用户是在询问服装的搭配可能性，意图确认主播展示的上衣是否适合与裤子组合穿着，以此评估产品的实用性和购买价值。
Jing1000086,服饰鞋履,没有拍到,1,"该用户想表达的含义是：因库存不足或手速慢而未能成功购买商品。  （结合前文高频出现的""没抢到/没码了""等同类抱怨，可推断直播间存在抢购激烈或断码现象，用户是在遗憾错过购买机会。）"
Jing1000086,服饰鞋履,鞋子可上,1,该用户想表达的含义是：询问这款鞋子是否还有库存可以购买。  （结合前文大量关于缺货、抢购失败的弹幕，用户可能担心鞋子也面临售罄，用简短的“可上”询问库存状态，类似“还能拍吗/还能买吗”的急切心理。）
Jing1000086,服饰鞋履,没货了,1,该用户想表达的含义是：自己因商品售罄而未能成功购买，流露出遗憾或不满的情绪。
Jing1000086,服饰鞋履,白色连衣裙,1,该用户可能是在询问白色款式的连衣裙是否有货或适合自己穿着。
Jing1000086,服饰鞋履,153裤子拍那个版,1,该用户想询问身高153cm的人应该选择哪个尺码的裤子。
Jing1000086,服饰鞋履,下面还能怎么搭,1,该用户想询问当前展示的服装款式还有哪些其他搭配方式或组合建议。
Jing1000086,服饰鞋履,三宅裙加点,1,该用户可能在询问“三宅一生品牌的裙子是否有更多款式或颜色可供选择”。  （结合前文弹幕中频繁出现的缺码、抢购失败、搭配咨询等语境，用户更关注商品的可购性和多样性，而非单纯提及品牌名称。）
Jing1000086,服饰鞋履,看是好看我在想什么天气穿呢,1,该用户认为商品款式不错，但正在犹豫实际穿着场景是否合适（主要考虑天气因素）。
Jing1000086,服饰鞋履,没没没没没没了,1,该用户想表达的含义是：商品已经售罄或抢购失败了。  （结合前文高频出现的“没码了”“没抢到”等类似表达，可推断用户是在抱怨或遗憾未能成功购买商品，语气可能带有急切或失望情绪。）
Jing1000086,服饰鞋履,卡玛怎么拍,1,该用户想询问商品“卡玛”的具体购买方式或下单流程，可能是因看到其他弹幕提到缺货或抢购情况而产生的急切心理。
Jing1000086,服饰鞋履,身高158体重98裤子拍多大,1,该用户想询问自己身高158厘米、体重98斤的情况下应该选择什么尺码的裤子。
Jing1000086,服饰鞋履,太长了,0,该用户可能认为直播中展示的某件服装（如裙子或裤子）的尺码或长度不适合自己。
Jing1000086,服饰鞋履,出鞋子,1,该用户希望主播推荐或上架与当前服饰搭配的鞋款。
Jing1000086,服饰鞋履,怎么没有S码,1,该用户想表达的含义是：询问商品是否有适合小个子穿的尺码。
Jing1000086,服饰鞋履,"162,110斤衣服穿几码",1,该用户是在询问身高162厘米、体重110斤的人适合穿这件衣服的哪个尺码。
Jing1000086,服饰鞋履,衣服还可以配什么裤子,1,该用户想询问这件衣服的搭配建议，以考虑是否值得购买。
Jing1000086,服饰鞋履,在上点吧,1,该用户是在催促主播继续补货或上新更多商品款式。
Jing1000086,服饰鞋履,小个子版再上一波,1,该用户希望主播再次补货小个子尺码的服装。
Jing1000086,服饰鞋履,卡码怎么拍裤子,1,该用户想询问如何选择合适的尺码来购买裤子。
Jing1000086,服饰鞋履,有别的颜色吗?宝妈真的不敢买白色[看]不耐脏,1,该用户实际想询问商品是否有其他颜色可选，并委婉暗示因家庭生活需求更倾向于选择耐脏的深色款式。
Jing1000086,服饰鞋履,上衣可以配其他裤子吗,1,该用户想询问这件上衣是否能搭配其他款式的裤子，以了解其搭配多样性。
Jing1000086,服饰鞋履,再上点,1,该用户希望主播继续补货或增加库存，尤其是针对之前被抢购一空的商品款式。
Jing1000086,服饰鞋履,155拍那个款,1,该用户想表达的含义是：身高155厘米的顾客询问应该选择哪个尺码或款式来购买。
Jing1000086,服饰鞋履,本来很喜欢价格算了[捂脸],0,该用户觉得商品款式不错但价格超出预期，因此放弃了购买意愿。
Jing1000086,服饰鞋履,八号洗发水有头皮屑洗了会不会好些,1,该用户是在询问八号洗发水对改善头皮屑问题的效果如何，表现出对该产品的潜在购买兴趣。
Jing1000086,服饰鞋履,夏天可以穿吗裤子,1,该用户想询问这条裤子是否适合夏季穿着，关注的是面料的透气性或款式的季节性适配度。
Jing1000086,服饰鞋履,手臂粗[捂脸],0,该用户可能是在自嘲手臂粗壮，担心衣服款式不适合自己身材。
Jing1000086,服饰鞋履,还可以搭什么衣服?,1,该用户想询问当前展示的服装款式还有哪些搭配建议或推荐。
Jing1000086,服饰鞋履,很热吗,0,该用户可能在询问直播中展示的衣物是否适合在炎热天气穿着。
Jing1000086,服饰鞋履,想要但是穿不了[捂脸],0,该用户想表达的是：虽然对商品很心动，但因为尺码或体型不合适而无法购买，感到遗憾和无奈。
Jing1000086,服饰鞋履,上美背,1,该用户希望主播继续上架或补货美背款式的服装。
Jing1000086,服饰鞋履,还能配啥上衣,1,该用户想询问当前展示的服装款式可以搭配哪些其他款式的上衣。
Jing1000086,服饰鞋履,这裤子上厕所要注意[捂脸],0,该用户是在调侃裤子的设计或材质可能不太方便如厕，间接表达了对产品的兴趣但存在实用性顾虑。
Jing1000086,服饰鞋履,送项链不[捂脸],1,该用户是在调侃或委婉表达对项链产品的兴趣，暗示希望主播能赠送或推出相关福利。
Jing1000086,服饰鞋履,已拍加急,0,该用户想表达的含义是：我已经下单并选择了加急配送服务。
Jing1000086,服饰鞋履,身高158体重98裤子拍多大吗,1,该用户是在询问自己身高158厘米、体重98斤的情况下应该选择哪个尺码的裤子。
Jing1000086,服饰鞋履,欣姐搭配一下其它衣服吧,1,该用户希望主播展示更多不同款式的服装搭配方案，以获取穿搭灵感或参考。
Jing1000086,服饰鞋履,衣服还能怎么搭,1,该用户想询问这件衣服是否有更多搭配方案，以评估其购买后的实用性和穿搭可能性。
Jing1000086,服饰鞋履,能搭别的上衣吗,1,该用户想询问当前展示的服装是否可以与其他款式的上衣搭配穿着。
Jing1000086,服饰鞋履,拍了加急,0,该用户想表达的含义是：我已经下单并选择了加急配送服务。
Jing1000086,服饰鞋履,小白鞋可以配吗,1,该用户想询问主播展示的小白鞋是否能与当前推荐的服装款式搭配。
Jing1000086,服饰鞋履,还可以搭配什么上衣,1,该用户是在询问当前展示的服装单品可以搭配哪些其他款式的上衣，以寻求穿搭建议或参考。
Jing1000086,服饰鞋履,手里包买吗,1,该用户是在询问直播中展示的手提包是否可供购买。
Jing1000086,服饰鞋履,卡码怎么拍?,1,该用户是在询问商品尺码对应的具体购买选项该如何选择。
Jing1000086,服饰鞋履,还上美背吗?不上我就走了,1,该用户急切询问主播是否会再次展示美背款式的商品，否则将失去耐心离开直播间。
Jing1000086,服饰鞋履,小白鞋,1,该用户是在询问当前展示的服装是否可以搭配小白鞋穿着。
Jing1000086,服饰鞋履,做点138能穿的吧欣姐,0,该用户是在委婉表达对当前商品尺码不合适的不满，希望主播能推出更适合自己体型（身高138cm左右）的服装款式。
Jing1000086,服饰鞋履,拉近看下面料,1,该用户想进一步了解服装的面料细节以便评估是否值得购买。
Jing1000086,服饰鞋履,裤子卡码能穿吗,1,该用户是在询问裤子的尺码是否偏小，担心自己穿着不合身。
Jing1000086,服饰鞋履,出黑色,0,该用户希望主播展示或上架该商品的黑色款式。
Jing1000086,服饰鞋履,裤子还可以搭配什么衣服,1,该用户想表达的含义是：询问这条裤子与其他上衣款式的搭配建议，以了解更多的穿搭可能性。
Jing1000086,服饰鞋履,衣服没有大码,1,该用户想表达的含义是：希望商家能提供更大尺码的服装选择。
Jing1000086,服饰鞋履,卡码怎么拍???,1,该用户是在询问商品尺码选择的具体方法，可能是担心自己身材特殊无法确定合适尺码。
Jing1000086,服饰鞋履,还可以配什么上衣,1,该用户想询问当前展示的服装单品可以搭配哪些其他款式的上衣来丰富整体穿搭效果。
Jing1000086,服饰鞋履,疼妹妹,0,该用户可能是在询问主播展示的服装是否适合自己的妹妹，或是希望主播推荐适合妹妹的款式。
Jing1000086,服饰鞋履,拍了裤子等其它上衣搭配[比心][比心],1,该用户想表达自己已经下单购买了裤子，并期待主播推荐能与之搭配的上衣，同时通过表情符号传递了积极友好的互动态度。
Jing1000086,服饰鞋履,真好看[鼓掌],1,该用户是在称赞当前展示的商品款式或搭配效果令人满意，并透露出积极的购买倾向。
Jing1000086,服饰鞋履,包包很好看[比心],1,该用户被直播中的包包吸引，表达了对商品的喜爱和潜在的购买意愿。
Jing1000086,服饰鞋履,153穿什么码96斤,1,该用户想询问自己身高153厘米、体重96斤的情况下应该选择什么尺码的服装。
Jing1000086,服饰鞋履,可以配小白鞋吗,1,该用户想询问当前展示的商品是否能与白色鞋子搭配穿着。
Jing1000086,服饰鞋履,要包包,1,该用户想表达的是对直播中展示的包包有购买意向或希望主播详细介绍这款产品。
Jing1000086,服饰鞋履,没有了,1,该用户想表达的含义是：想要的商品已经售罄了。
Jing1000086,服饰鞋履,有没有其他衣服配,1,该用户想询问当前展示的服装是否有其他配套的搭配推荐。
Jing1000086,服饰鞋履,尺码没有了,1,该用户想表达的含义是：自己想要的尺码已经售罄了，感到遗憾或询问是否会补货。
Jing1000086,服饰鞋履,还有几套私服,1,该用户想询问主播是否还有更多未展示的日常私服款式可供选择。
Jing1000086,服饰鞋履,短款皮衣,1,该用户可能是在询问或建议主播展示短款皮衣的款式及搭配方式。
Jing1000086,服饰鞋履,项链有吗亲亲,1,该用户是在询问直播间是否有项链商品出售，表达了对饰品类产品的购买兴趣。
Jing1000086,服饰鞋履,梦中情裤,1,该用户想表达的含义是：这条裤子完全符合我理想中的款式和风格，非常喜欢。
Jing1000086,服饰鞋履,上衣搭什么好看,1,该用户想询问主播推荐与上衣搭配的服饰或配饰，以获取穿搭建议。
Jing1000086,服饰鞋履,这套真好看,1,该用户被直播展示的某套穿搭所吸引，认为其整体搭配效果非常出色。
Jing1000086,服饰鞋履,小号没有啦,1,该用户想表达的含义是：商品的小尺码已经售罄了。
Jing1000086,服饰鞋履,153拍哪个码,1,该用户想询问身高153厘米的人适合选择哪个尺码的服装。
Jing1000086,服饰鞋履,你出门代表他的名片,0,该用户想表达的含义是：这件衣服的穿搭效果能很好地展现个人品味和形象。
Jing1000086,服饰鞋履,爱面子[捂脸],0,该用户可能是在调侃或自嘲自己因为在意他人眼光而冲动消费的心理，暗示对展示的服饰产生了兴趣但又觉得有些奢侈。
Jing1000086,服饰鞋履,你是她的脸面,0,该用户可能在暗示主播的穿搭或推荐产品能体现他人的品味或身份，类似于“你的穿着代表了他的面子”。
Jing1000086,服饰鞋履,欣姐粗话[捂脸],0,该用户可能是在调侃主播的直率性格或幽默表达方式，用“粗话”配合捂脸表情表达一种又好笑又无奈的亲昵互动情绪。
Jing1000086,服饰鞋履,卡吗裤子咋拍,1,该用户想询问直播中展示的裤子是否卡裆以及如何下单购买。
Jing1000086,服饰鞋履,很符合他的性格,0,该用户认为直播展示的商品风格与某个特定人物的个性特质非常匹配。
Jing1000086,服饰鞋履,你是他的排面,0,"该用户想表达的含义是：主播的穿搭风格能代表某个人的品味和形象。 （结合前文""你出门代表他的名片""""爱面子""""你是她的脸面""等弹幕，可见直播间正在讨论穿搭对外在形象的影响，目标弹幕延续了""穿搭即门面""的语境，用""排面""这一网络流行词强调服饰对他人形象的展示作用。）"
Jing1000086,服饰鞋履,短款皮衣短款皮衣,1,该用户想表达的含义是：强烈要求主播展示或推荐短款皮衣款式。
Jing1000086,服饰鞋履,你性格还听他的人,0,该用户可能在调侃主播的穿搭风格或言行举止与某个特定人物（可能是主播提到的亲友或公众人物）的性格特质相似。
Jing1000086,服饰鞋履,买了[鼓掌]买了,1,该用户想表达的含义是：已经下单购买了商品，并感到满意和兴奋。
Jing1000086,服饰鞋履,你的一切代表他的形象[呲牙],0,该用户想表达的含义是：你的穿着打扮会反映出你伴侣的品味和形象。
Jing1000086,服饰鞋履,大哥爱面子,0,该用户想表达的含义是：主播的穿搭风格彰显了身边人的品味和身份。
Jing1000086,服饰鞋履,153拍那个,1,该用户是想询问身高153cm应该选择哪个尺码的商品。
Jing1000086,服饰鞋履,大男子,0,该用户可能在调侃或附和直播间的氛围，暗指男性观众注重外在形象或面子消费的心理。
Jing1000086,服饰鞋履,卡吗咋拍,1,该用户是在询问直播画面是否卡顿以及如何购买当前展示的裤子。
Jing1000086,服饰鞋履,这套好看气质,1,该用户认为当前展示的服装款式既美观又显气质，表达了对商品的正面评价和潜在购买兴趣。
Jing1000086,服饰鞋履,大哥眼光好,0,该用户是在称赞主播（或直播间中的“大哥”）的选品眼光好，暗示对其推荐商品的认可和潜在购买意向。
Jing1000086,服饰鞋履,刚刚那个鞋,1,该用户想表达的含义是：对刚才展示的那款鞋子感兴趣，想进一步了解或购买。
Jing1000086,服饰鞋履,衣服和裤子卡码拍大还是什么,1,该用户是在询问衣服和裤子的尺码选择建议，不确定自己应该拍大一号还是正常尺码。
Jing1000086,服饰鞋履,"项链有吗,欣",1,"该用户是在询问直播间是否有项链商品，并亲切地称呼主播""欣姐""。"
Jing1000086,服饰鞋履,他眼光还不错,0,该用户是在认可主播或直播间推荐商品的品味，暗示自己也认同这些选品值得考虑购买。
Jing1000086,服饰鞋履,上衣陪别的裤子可以不,1,该用户是在询问上衣是否可以搭配其他款式的裤子来穿。
Jing1000086,服饰鞋履,真美啊欣姐,0,该用户是在夸赞主播“欣姐”的外貌或穿搭很有魅力。
Jing1000086,服饰鞋履,有松紧吗,1,该用户想询问商品（可能是裤子或衣服）是否带有松紧设计。
Jing1000086,服饰鞋履,没抢到裤子,0,该用户因抢购失败而感到遗憾，表达了对直播中某款裤子的强烈购买意愿。
Jing1000086,服饰鞋履,包包上,1,该用户可能在询问直播中展示的包包是否还有库存或如何购买。
Jing1000086,服饰鞋履,大哥眼光好[比心][比心][比心],0,该用户是在附和直播间其他观众对主播（或“大哥”）选品品味的认可，表达对主播推荐商品的信任和赞赏。
Jing1000086,服饰鞋履,能搭别的裤子吗,1,该用户是在询问当前展示的上衣款式是否能与其他裤子搭配穿着。
Jing1000086,服饰鞋履,卡吗怎么拍,1,该用户可能是在询问商品是否容易卡码以及具体的购买方式。
Jing1000086,服饰鞋履,152拍哪个,1,该用户是在询问商品编号为152的产品应该选择哪个款式或尺码进行购买。
Jing1000086,服饰鞋履,看下后面,1,该用户想表达的含义是：希望主播展示接下来要介绍的商品或款式。
Jing1000086,服饰鞋履,这种裤型还能搭什么上衣,1,该用户想询问这条裤子可以搭配哪些款式的上衣来展现更好的穿搭效果。
Jing1000086,服饰鞋履,终于等到了买到了心心念念好几天[捂脸],0,该用户想表达的含义是：经过多日的期待终于成功抢购到了心仪的商品，感到非常开心和满足。
Jing1000086,服饰鞋履,"包包很好看,有吗[呲牙][呲牙]",1,该用户想表达的含义是：对展示的包包很感兴趣，询问是否有货并想购买。
Jing1000086,服饰鞋履,153拍哪个,1,该用户想询问自己身高153厘米应该选择哪个尺码的商品。
Jing1000086,服饰鞋履,美背美背美背美背美背美背美背美背美背美背美背美背美背美背美背美背美背美背美背美背美背美背美背美背美背,1,该用户可能在强烈表达对主播展示的某款露背款式服饰（如上衣、裙子等）的喜爱或求购意愿，暗示希望主播详细介绍或重新展示该商品。
Jing1000086,服饰鞋履,不会穿高跟鞋怎么办,0,该用户可能是在询问主播关于高跟鞋的穿搭建议或替代方案，隐含对展示商品的兴趣但存在使用顾虑。
Jing1000086,服饰鞋履,衣服做点大码,1,该用户希望商家能提供更大尺码的服装选项。
Jing1000086,服饰鞋履,衣服几号?,1,该用户是在询问服装的具体尺码选择建议，隐含对商品的购买意向和尺寸确认需求。
Jing1000086,服饰鞋履,衣服还可以配什么,1,该用户想询问这件衣服可以搭配哪些其他服饰或配饰来提升整体穿搭效果。
Jing1000086,服饰鞋履,上衣有没有有袖子的,1,该用户想询问主播展示的上衣是否包含带袖子的款式可供选择。
Jing1000086,服饰鞋履,现在还有袜子买吗,1,该用户想询问直播间当前是否仍在售卖袜子，并有意向购买。
Jing1000086,服饰鞋履,美背美背美背美背美背美背美背美背美背,1,该用户想表达的含义是：强烈要求主播展示或介绍当前提到的“美背”款式产品。
Jing1000086,服饰鞋履,小个子怎么拍,1,该用户想询问身高较矮的人适合选择哪个尺码或款式的商品。
Jing1000086,服饰鞋履,证明大哥眼光好,0,"该用户想通过附和他人对""大哥""的夸赞，间接表达对当前展示商品的认可和购买意向。"
Jing1000086,服饰鞋履,这个裙裤可以配其他衣服吗,1,该用户想了解这款裙裤的搭配多样性，以评估其购买后的实用性和穿搭可能性。
Jing1000086,服饰鞋履,"透明鞋子,今晚上吗?",1,该用户是在询问直播中是否会推出透明鞋款并确认上架时间，表现出明确的购买意向和期待。
Jing1000086,服饰鞋履,小个子怎么没有了,1,该用户想表达的含义是：询问直播间是否还有适合小个子身材的商品款式或尺码。
Jing1000086,服饰鞋履,大哥眼光真好,0,该用户是在附和或赞同主播（或其他观众）对某件商品的推荐或选择，暗示自己也认可其品味或决策。
Jing1000086,服饰鞋履,项链有吗,1,该用户想询问直播间是否正在售卖或展示项链产品，并可能对购买项链有兴趣。
Jing1000086,服饰鞋履,你的鞋子,1,该用户可能是想询问主播展示的鞋子是否有其他款式或颜色可选，或是想了解鞋子的搭配建议。
Jing1000086,服饰鞋履,美背美背美背美背美背美背美背美背美背美背美背美背,1,该用户通过重复刷屏“美背”表达对直播中某款露背款式服装的强烈兴趣或求购意愿，可能是希望主播重点展示/讲解该商品或催促上架链接。
Jing1000086,服饰鞋履,看下尺码表,1,该用户想表达的含义是：想了解产品的具体尺寸信息以便决定是否购买。
Jing1000086,服饰鞋履,上衣还可以搭其它的吗?,1,该用户想询问这件上衣是否有更多样的搭配方案，以评估其购买后的实用性和穿搭可能性。
Jing1000086,服饰鞋履,我不穿无袖的衣服,0,该用户想表达的含义是：希望主播推荐有袖款式的上衣。
Jing1000086,服饰鞋履,看看你选的,0,该用户可能想表达对主播选品的好奇或期待，暗示希望主播展示更多搭配或款式选择。
Jing1000086,服饰鞋履,欣姐裤子做点138小个子吧[捂脸],1,该用户希望主播能为身高138cm的小个子消费者推出同款裤子的合适尺码。
Jing1000086,服饰鞋履,适合搭配厚底小白鞋吗[捂脸]高跟穿不了,1,该用户想询问当前展示的服装是否适合搭配休闲鞋款，并委婉表示自己因无法穿高跟鞋而需要平底鞋的搭配建议。
Jing1000086,服饰鞋履,确实不错很气质,1,该用户想表达的含义是：这件衣服的款式和风格看起来很有品位，符合自己的审美。  （结合前文弹幕中频繁出现的搭配、尺码等购买相关讨论，该弹幕更倾向于表达对商品的认可和潜在购买兴趣，而非单纯夸奖。）
Jing1000086,服饰鞋履,不合适可以退换吗,0,该用户可能对当前展示的商品有购买意向，但希望通过确认退换政策来降低决策风险。
Jing1000086,服饰鞋履,看看后面,1,该用户想表达的含义是：希望主播继续展示后面的商品款式或内容。
Jing1000086,服饰鞋履,胳膊粗不敢穿,0,该用户可能在委婉表达对当前展示的无袖或修身款式服装的顾虑，暗示希望主播推荐能修饰手臂线条的款式或提供穿搭建议。
Jing1000086,服饰鞋履,腰部有松紧吗,1,该用户是在询问服装腰部的设计细节，以确认是否适合自己穿着或满足舒适度需求。
Jing1000086,服饰鞋履,33码的鞋子有吗[比心],1,该用户想表达的含义是：询问是否有特定尺码的鞋子并表现出购买意向。
Jing1000086,服饰鞋履,会硌脚吗,1,该用户可能在询问鞋子的舒适度，担心鞋底设计是否会导致穿着时脚部不适。
Jing1000086,服饰鞋履,脖子项链,1,"该用户可能在询问主播展示的项链款式是否有适合佩戴在颈部的设计。  （结合前文语境，直播间正在讨论服饰搭配和配饰，""项链有吗""已出现一次，用户可能进一步细化需求，关注项链的佩戴位置或款式特点。）"
Jing1000086,服饰鞋履,"都是小个子,压根没有矮个子高度的",0,该用户想表达的含义是：直播展示的服装尺码范围不够全面，缺少适合更矮小身材的选项。
Jing1000086,服饰鞋履,卡吗咋么拍,1,"该用户可能因直播画面卡顿而询问购买流程如何操作。  （释义逻辑：结合前文高频出现的尺码、搭配等购物咨询语境，""卡吗""更可能指直播卡顿而非产品卡顿，""咋么拍""是方言化表达""怎么拍下商品""，整体反映用户在观看受阻时仍保持购买意向）"
Jing1000086,服饰鞋履,后面看看,1,该用户想表达的含义是：想继续观看后续展示的商品再做决定。
Jing1000086,服饰鞋履,我家里刚好有这款透明的鞋子,0,"该用户可能想表达自己已拥有同类商品（透明鞋子），暗示对当前推荐款式兴趣不大或想分享穿搭经验。  （解析：结合前文弹幕多围绕尺码、搭配等具体购买咨询，该弹幕通过""刚好有""传递已有类似物品的现状，属于非直接购买意向的表达，更倾向于信息陈述或间接比较。）"
Jing1000086,服饰鞋履,手臂粗,0,该用户可能是在表达对自己身材的顾虑，暗示担心衣服款式会暴露手臂线条或显胖。
Jing1000086,服饰鞋履,"欣,项链有吗",1,该用户是在询问主播是否有项链商品可供购买。
Jing1000086,服饰鞋履,衣服还可以搭配什么下装,1,该用户想表达的含义是：询问这件上衣有哪些合适的下装搭配建议。
Jing1000086,服饰鞋履,上衣可以配其他裤子吗,1,该用户想询问这件上衣是否具备百搭特性，以便灵活搭配不同款式的裤子。
Jing1000086,服饰鞋履,好看158身高拍了一套[赞][赞][赞][赞][赞][赞][赞],1,该用户想表达的含义是：自己身高158cm，试穿了直播展示的服装后觉得效果很好，非常满意并给予高度赞赏。
Jing1000086,服饰鞋履,"这是比较有气质,成熟点[呲牙]",1,该用户认为当前展示的商品设计风格优雅大方，适合轻熟龄人群，并用表情符号表达了对产品的认可和兴趣。
Jing1000086,服饰鞋履,小白鞋是不是不搭,1,该用户可能是在询问小白鞋与当前展示的服装是否风格协调，隐含对搭配效果的顾虑或购买犹豫。
Jing1000086,服饰鞋履,裙子卡吗怎么拍,1,该用户是在询问裙子是否会卡尺码以及具体的购买方式。
Jing1000086,服饰鞋履,裤子卡码呢,1,该用户是在询问裤子的尺码是否偏小或穿着是否紧身。
Jing1000086,服饰鞋履,1.53米怎么拍,1,该用户想询问身高1.53米的顾客应该如何选择合适尺码的商品。
Jing1000086,服饰鞋履,"好喜欢,可以手臂粗[捂脸]",0,该用户想表达的含义是：虽然很喜欢这件衣服，但担心自己手臂粗穿上不好看。
Jing1000086,服饰鞋履,手臂大大,0,该用户想表达的含义是：担心自己手臂粗壮，对展示的服装款式有所顾虑。
Jing1000086,服饰鞋履,153净身高裤裙买什么个子的,1,该用户想询问自己身高153cm适合购买什么尺码的裤裙。
Jing1000086,服饰鞋履,裤子搭个别的衣服看看,1,该用户想表达的含义是：希望主播展示这条裤子与其他上衣的搭配效果，以参考整体穿搭风格。
Jing1000086,服饰鞋履,裤子卡码怎么拍,1,该用户是在询问裤子的尺码选择建议，担心尺码不合适该如何选购。
Jing1000086,服饰鞋履,美背美背美背,1,该用户想表达的含义是：对展示的背部设计或效果非常喜爱，可能想询问相关款式或表示购买意向。
Jing1000086,服饰鞋履,裤子卡码拍大还是拍小,1,该用户是在询问裤子的尺码选择建议，担心尺码偏差想知道应该选大一号还是小一号更合适。
Jing1000086,服饰鞋履,我喜欢你的项链配饰,1,该用户对主播佩戴的项链款式感兴趣，暗示想了解商品详情或购买方式。
Jing1000086,服饰鞋履,"皮肤黑,可以穿吗",1,该用户是在询问自己的肤色较深是否适合穿直播展示的服装款式。
Jing1000086,服饰鞋履,我就喜欢这类型[捂脸],0,该用户想表达的含义是：虽然对这类风格很感兴趣，但可能因自身条件（如手臂较粗）有些顾虑和无奈。
Jing1000086,服饰鞋履,好喜欢你的手表[捂脸],1,该用户想表达的含义是：虽然很喜欢主播的手表，但可能因为自身条件（如手臂较粗）或价格因素而有些犹豫和无奈。
Jing1000086,服饰鞋履,手臂粗[捂脸],1,该用户想表达的是：虽然很喜欢这件衣服，但担心自己手臂粗穿上不好看。
Jing1000086,服饰鞋履,还可以搭什么其他的衣服,1,该用户想询问当前展示的服装款式还能与哪些其他风格的服饰进行搭配组合。
Jing1000086,服饰鞋履,项链有吗?,1,该用户想询问直播间是否有项链商品在售。
Jing1000086,服饰鞋履,腰围多少?,1,该用户是在询问服装的具体尺码信息，以便判断是否适合自己购买。
Jing1000086,服饰鞋履,裙子卡码拍大还是拍小,1,该用户是在询问裙子尺码偏大或偏小，以便根据自身情况选择合适的尺寸购买。
Jing1000086,服饰鞋履,裤子能搭别的吗,1,该用户想询问这条裤子是否能与其他款式的服装搭配出不同的穿搭效果。
Jing1000086,服饰鞋履,152高拍哪个码,1,该用户想询问自己身高152厘米应该选择什么尺码的服装。
Jing1000086,服饰鞋履,裤子有口袋吗,1,该用户想询问裤子的实用设计细节以评估是否符合自己的购买需求。
Jing1000086,服饰鞋履,成熟女性气质款[比心][比心],1,该用户想表达的含义是：这款服饰很适合优雅大方的成熟女性，我非常喜欢。
Jing1000086,服饰鞋履,刚刚来,0,该用户想表达的含义是：我刚进入直播间，对当前展示的商品还不了解。
Jing1000086,服饰鞋履,裙裤也要拍大码吗,1,该用户是在询问裙裤这款商品是否需要选择比自己平时尺码更大的号型，可能出于对版型或自身体型特点的考虑。
Jing1000086,服饰鞋履,衣服做点大码,0,该用户希望商家能提供更大尺码的服装选择。
Jing1000086,服饰鞋履,还有其它衣服配吗,1,该用户是在询问当前展示的服装款式是否有更多样的搭配方案可供参考。
Jing1000086,服饰鞋履,开好价了吗,1,该用户是在询问商品的价格是否已经调整到合适或优惠的档位，暗示对购买有潜在兴趣。
Jing1000086,服饰鞋履,裙子有别的上衣可以搭吗,1,该用户想询问这条裙子是否有更多样化的上衣搭配方案，以评估其购买后的实用性和搭配可能性。
Jing1000086,服饰鞋履,美背美背美背美背美背美背美背美背美背美背美背美背美背美背美背美背美背美背美背美背美背美背美背,1,该用户可能是被直播中展示的某款露背装或背部设计吸引，通过重复关键词强烈表达对产品背部设计的喜爱或求购意愿。
Jing1000086,服饰鞋履,沐浴露上过了吗,1,该用户是在询问直播间是否已经介绍或上架过沐浴露产品，可能对这款商品有购买意向或想确认是否错过相关信息。
Jing1000086,服饰鞋履,这套衣服看着就上档次,1,该用户认为这套衣服的质感和设计显得高级，流露出明显的欣赏和潜在购买意向。
Jing1000086,服饰鞋履,适合搭配厚底小白鞋吗高跟鞋穿不了[捂脸],1,该用户想询问当前展示的服装是否适合搭配平底鞋，并暗示自己因无法穿高跟鞋而需要替代搭配建议。
Jing1000086,服饰鞋履,手臂太粗了,0,该用户可能是在委婉询问主播推荐的服装款式是否适合自己较粗的手臂，或暗示希望看到更多适合大码身材的穿搭建议。
Jing1000086,服饰鞋履,脖子上项链有吗,1,该用户想询问直播中展示的项链是否有现货或能否购买。
Jing1000086,服饰鞋履,"买好了衣服和裙裤,缺包包呀",1,该用户想表达的含义是：已经下单购买了服装类商品，但还需要搭配的包包来完成整体造型。
Jing1000086,服饰鞋履,153怎么拍,1,该用户是在询问身高153厘米的情况下应该选择哪个尺码的商品。
Jing1000086,服饰鞋履,主播身高看上去不向156?真好,0,该用户可能是在质疑主播身高数据的真实性，并隐含对主播身材比例的欣赏或对商品展示效果的认可。
Jing1000086,服饰鞋履,要包包,1,该用户想表达的含义是：希望主播推荐或展示能搭配已购衣物的包包款式。
Jing1000086,服饰鞋履,"正好110斤,上衣能穿吗",1,该用户想表达的含义是：询问主播以自己110斤的体重是否适合穿展示的上衣款式。
Jing1000086,服饰鞋履,很喜欢就是码子穿不了[捂脸][捂脸][捂脸],0,该用户想表达的是：虽然对这件商品很心动，但担心尺码不合适自己而无法购买。  （释义：用户通过“很喜欢”明确表达了购买意愿，但“码子穿不了”和捂脸表情暗示因尺码问题产生的遗憾和纠结，属于典型的兴趣+顾虑型弹幕。）
Jing1000086,服饰鞋履,153拍哪个,1,该用户想询问身高153厘米的人适合购买直播间的哪款商品。
Jing1000086,服饰鞋履,衣服1.58-110丰满有点小肚子能穿吗?,1,该用户想询问自己身高1.58米、体重110斤且有小肚子的身材是否适合穿这款衣服。
Jing1000086,服饰鞋履,喜欢你的手表,1,该用户对主播展示的手表产生了明确的购买意向或欣赏态度。
Jing1000086,服饰鞋履,手臂粗了,0,该用户可能是在担心衣服的袖口尺寸是否适合自己较粗的手臂。
Jing1000086,服饰鞋履,美背美背美背美背美背,1,该用户想表达的含义是：强烈要求主播展示或介绍当前提到的美背款式服装。  （结合前文弹幕高频出现的产品细节询问和搭配需求，可推断用户通过重复关键词“美背”表达对特定款式的急切兴趣或催促主播重点讲解。）
Jing1000086,服饰鞋履,上衣还能怎么搭,1,该用户想表达的含义是：询问这件上衣还有哪些搭配方案可供参考。
Jing1000086,服饰鞋履,裤子卡码可以拍小吗?,1,该用户是在询问裤子的尺码是否偏大，以及是否可以选小一码以确保合身。
Jing1000086,服饰鞋履,上衣在几号,1,该用户是在询问主播展示的上衣商品对应的货号或商品编号，以便进一步了解或购买。
Jing1000086,服饰鞋履,欣姐这套穿什么码子?,1,该用户是在询问主播身上所穿服装的尺码信息，以便判断自己是否适合购买。
Jing1000086,服饰鞋履,闭眼入[捂脸],0,该用户想表达的含义是：毫不犹豫直接购买（虽然对产品有些小无奈或自嘲）。
Jing1000086,服饰鞋履,项链链接,1,该用户想表达的含义是：询问主播脖子上佩戴的项链是否有购买链接。
Jing1000086,服饰鞋履,上衣可以搭配裤子吗,1,该用户想询问上衣与其他单品的搭配效果，以评估是否值得购买。
Jing1000086,服饰鞋履,包包上,1,该用户想表达的含义是：询问主播展示的包包是否有上架或购买链接。
Jing1000086,服饰鞋履,裙裤怎么选尺码,1,该用户想表达的含义是：询问主播关于裙裤的具体尺码选择建议，以便自己能够准确下单购买。
Jing1000086,服饰鞋履,还可以搭什么上衣?,1,该用户想询问当前展示的服装款式还有哪些其他上衣搭配建议。
Jing1000086,服饰鞋履,腰带有嘛,1,该用户是在询问直播间是否有腰带产品可供购买。
Jing1000086,服饰鞋履,上衣没了,1,该用户想表达的含义是：询问主播刚才展示的上衣款式是否已经售罄或没有库存了。
Jing1000086,服饰鞋履,有袖子没这个感觉了,1,该用户可能在询问或吐槽当前展示的服装款式是否有无袖版本，认为带袖子的设计影响了整体风格效果。
Jing1000086,服饰鞋履,皮衣短款还有没有了?,1,该用户是在询问短款皮衣的库存情况，表达了对这款商品的购买意向。
Jing1000086,服饰鞋履,裙裤卡码怎么拍,1,该用户想询问裙裤尺码选择有疑问时该如何下单购买。
Jing1000086,服饰鞋履,可以搭配其他下半身嘛,1,该用户想询问当前展示的上衣是否能与不同款式的下装（如裤子、裙子等）进行搭配，以了解其穿搭多样性。
Jing1000086,服饰鞋履,欣姐想卖你家的衣服怎么受权,0,该用户想询问如何获得授权成为该品牌服装的分销商或代理商。
Jing1000086,服饰鞋履,不敢买,0,该用户可能因对商品质量、尺码或搭配效果存在顾虑而犹豫是否下单。
Jing1000086,服饰鞋履,穿不了只能看真可惜[捂脸],0,该用户想表达的含义是：虽然很喜欢这件衣服但因为尺码或身材原因无法购买，感到遗憾。
Jing1000086,服饰鞋履,153穿哪个,1,该用户想询问自己身高153厘米适合选择哪个尺码或款式的服装。
Jing1000086,服饰鞋履,裤子能搭别的吗?这个衣服穿不下,1,该用户是在询问裤子的搭配可能性，并委婉表达因尺码不合适而无法购买当前展示的服装。
Jing1000086,服饰鞋履,"好喜欢,可惜我只爱穿小白鞋[捂脸]",0,该用户表达的是虽然对展示的商品很心动，但因个人穿搭习惯只穿白色鞋子而无法购买，流露出遗憾又无奈的情绪。
Jing1000086,服饰鞋履,裤子还可以搭什么衣服[比心][比心][比心],1,该用户想表达的含义是：询问这条裤子还有哪些搭配方案，希望获得更多穿衣建议以激发购买兴趣。
Jing1000086,服饰鞋履,上衣有其他颜色吗,1,该用户想表达的含义是：对展示的上衣款式感兴趣，希望了解是否有更多颜色可选以便购买。
Jing1000086,服饰鞋履,身上衣服加点,1,该用户想表达的含义是：询问主播身上穿的衣服是否有其他搭配单品推荐或购买链接。
Jing1000086,服饰鞋履,裤子配个别上衣,1,该用户想询问这条裤子能否搭配其他款式的上衣来拓展穿搭可能性。
Jing1000086,服饰鞋履,带腰带吗,1,该用户是在询问当前展示的商品是否包含腰带配件或能否单独购买腰带。
Jing1000086,服饰鞋履,手臂大能穿嘛,1,该用户是在询问衣服的尺码是否适合手臂较粗的人穿着。
Jing1000086,服饰鞋履,上衣小个子款没有了,1,该用户想表达的含义是：自己看中的那款适合小个子的上衣已经售罄了，感到遗憾或询问是否还会补货。
Jing1000086,服饰鞋履,胳膊粗,0,该用户可能在担心自己的手臂较粗，不确定这件衣服是否适合自己穿。
Jing1000086,服饰鞋履,上衣和裙子有其他颜色吗,1,该用户想询问展示的服装款式是否有更多颜色可选，以评估是否符合自己的购买偏好。
Jing1000086,服饰鞋履,配一下别的上衣,1,该用户希望主播展示当前商品能搭配的其他款式上衣。
Jing1000086,服饰鞋履,换一个别的上衣搭下看看,1,该用户希望主播展示当前上衣与其他款式的搭配效果，以更全面地评估其搭配可能性和购买价值。
Jing1000086,服饰鞋履,没码了,1,该用户想表达的含义是：想要的商品尺码已经售罄了。
Jing1000086,服饰鞋履,能不能给我们不能穿无袖另外配一件上衣,1,该用户希望主播能为无法穿无袖款式的顾客提供配套的上衣搭配方案。
Jing1000086,服饰鞋履,价格开好了的吗,0,该用户是在询问商品的价格是否已经确定或公开。
Jing1000086,服饰鞋履,上衣可以配网纱褶皱半裙吗,1,该用户是在询问上衣与网纱褶皱半裙的搭配效果，表现出对具体穿搭方案的兴趣和潜在的购买意向。
Jing1000086,服饰鞋履,上衣没码了,1,该用户想表达的含义是：对直播中展示的上衣很感兴趣但发现没有适合自己的尺码了。
Jing1000086,服饰鞋履,卡码怎么拍,1,该用户想询问商品的具体尺码选择以及对应的购买方式。
Jing1000086,服饰鞋履,蕾丝腰带开了吗?,1,该用户是在询问直播中展示的服装是否配有蕾丝材质的腰带配件。
Jing1000086,服饰鞋履,断货了,1,该用户想表达的含义是：对当前商品的缺货情况感到遗憾或失望。
Jing1000086,服饰鞋履,164拍哪个码,1,"该用户是在询问身高164cm的人应该选择哪个尺码购买。  （结合前文弹幕中频繁出现的尺码、搭配、断货等关键词，可推测当前直播间正在讨论服饰类商品，且用户对具体尺码选择存在疑问。""拍哪个码""是电商直播中常见的购买咨询句式，而""164""通常指向身高数据，用于服装尺码参考。）"
Jing1000086,服饰鞋履,换一个上衣看看,1,该用户希望主播更换展示另一款上衣款式以便参考搭配效果。
Jing1000086,服饰鞋履,这种衣服穿上显高级,1,该用户认为这款衣服的穿着效果能提升个人气质，展现出高档感。
Jing1000086,服饰鞋履,想要包包,1,该用户想表达的含义是：对直播中展示的某款包包产生了明确的购买意向。
Jing1000086,服饰鞋履,看一下,1,该用户想表达的含义是：希望主播展示一下当前商品的具体搭配效果或细节。
Jing1000086,服饰鞋履,换一个上衣,1,该用户希望主播更换展示的上衣款式来搭配当前展示的服装。
Jing1000086,服饰鞋履,"不搭高跟鞋的话,还能搭什么鞋子比较合适",1,该用户是在询问当前展示的服装款式除了搭配高跟鞋之外，还有哪些其他鞋类单品能与之协调搭配。
Jing1000086,服饰鞋履,别的上衣,1,该用户想表达的含义是：希望主播展示或推荐其他款式的上衣来搭配当前展示的服装。
Jing1000086,服饰鞋履,这一套好看,1,该用户认为当前展示的整套搭配很吸引人，可能产生了购买意向。
Jing1000086,服饰鞋履,xi西裤在来一波,1,该用户希望主播再次上架或补货之前展示过的西裤款式。
Jing1000086,服饰鞋履,裙裤还可以搭什么,1,该用户想询问裙裤可以搭配的其他服饰或配饰，以获取更多穿搭建议。
Jing1000086,服饰鞋履,"153,,拍高个子还是矮个子",1,该用户是在询问身高153cm应该选择适合高个子还是矮个子的尺码。
Jing1000086,服饰鞋履,透明鞋子什么时候上,1,该用户想询问直播中提到的透明款式鞋子的具体开售时间，表现出明确的购买意向和对该商品的兴趣。
Jing1000086,服饰鞋履,"有小肚子能穿吗,衣服",1,该用户是在询问这件衣服是否适合有小肚子的身材穿着，担心衣服的版型或设计会暴露腹部赘肉。
Jing1000086,服饰鞋履,裤子还可以搭什么,1,该用户想询问这条裤子还有哪些其他搭配方案或建议。
Jing1000086,服饰鞋履,我买了裤子,0,该用户想表达的含义是：我已经下单购买了这条裤子。
Jing1000086,服饰鞋履,想知道这个裤子还能搭配什么上衣,1,该用户想表达的含义是：希望了解这条裤子的更多搭配方案以便考虑是否购买。
Jing1000086,服饰鞋履,衣服没了,1,该用户想表达的含义是：这件衣服已经售罄了。
Jing1000086,服饰鞋履,西裤可以在上吗,1,该用户想询问西裤是否可以重新上架或再次展示。
Jing1000086,服饰鞋履,裤子搭下别的衣服[捂脸][捂脸][捂脸],1,该用户想表达的含义是：希望主播展示这条裤子与其他上衣的搭配效果。
Jing1000086,服饰鞋履,"手臂好粗啊,穿不了无袖的[捂脸]",0,该用户可能在委婉表达对当前展示的无袖款式不适合自己身材的遗憾，同时暗示希望主播推荐其他能修饰手臂的款式。
Jing1000086,服饰鞋履,衣服加,1,该用户想表达的含义是：询问是否有更多款式的衣服可供选择或展示。
Jing1000086,服饰鞋履,"153,100斤怎么拍",1,该用户想询问自己身高153厘米、体重100斤应该如何选择尺码或搭配服装。
Jing1000086,服饰鞋履,裙子开价了吗,1,该用户想询问裙子的价格是否已经公布或开始讨论。
Jing1000086,服饰鞋履,丫头你好甜,0,该用户可能是被主播的亲切态度或甜美风格所吸引，表达对主播个人魅力的赞赏而非直接的商品购买意向。
Jing1000086,服饰鞋履,鞋子能穿小白鞋吗,1,该用户想询问直播展示的鞋子是否适合搭配白色运动鞋穿着。
Jing1000086,服饰鞋履,上小个子衣服,1,该用户希望主播推荐适合矮小身材的服装款式。
Jing1000086,服饰鞋履,牛仔裤的长度能再看一下吗,1,该用户想进一步确认牛仔裤的具体尺寸细节以便评估是否适合自己购买。
Jing1000086,服饰鞋履,上衣小个子的没了,1,该用户想表达的含义是：小个子尺码的上衣已经售罄了。
Jing1000086,服饰鞋履,有没有防晒衣欣姐,1,该用户是在询问主播是否有防晒衣这款商品，并表现出明确的购买意向。
Jing1000086,服饰鞋履,162能穿吗,1,该用户是在询问自己的身高（162厘米）是否适合穿直播中展示的服装款式。
Jing1000086,服饰鞋履,裤裙要拍大还是拍小[鼓掌][鼓掌][鼓掌][鼓掌][鼓掌],1,该用户是在询问裤裙的尺码选择建议，并表现出较强的购买意向和兴奋情绪。
Jing1000086,服饰鞋履,西裤上一波[玫瑰][玫瑰][玫瑰],1,该用户急切催促主播再次上架西裤款式，并用玫瑰表情表达强烈购买意愿。
Jing1000086,服饰鞋履,这个好看,1,该用户可能是在对当前展示的商品款式表示赞赏，暗示有潜在的购买意愿。
Jing1000086,服饰鞋履,裤子长可以裁边呢,0,该用户是在询问或确认裤子的长度是否可以通过裁剪调整，表现出对产品细节的关注和潜在的购买考虑。
Jing1000086,服饰鞋履,都好看,1,该用户想表达的含义是：对当前展示的多款商品都感到满意，难以抉择。
Jing1000086,服饰鞋履,空空空空空空空卡卡爸爸爸爸爸爸哈哈哈哈去去去去去途,0,该用户可能因网络卡顿或误触导致输入乱码，实际并无有效购买意向表达。
Jing1000086,服饰鞋履,鞋子能搭配小白鞋吗,1,该用户想询问这双鞋子是否适合与小白鞋进行搭配，以评估其购买后的穿搭效果。
Jing1000086,服饰鞋履,西裤可西裤在上一波,1,该用户是在催促主播再次上架之前展示过的西裤款式。
Jing1000086,服饰鞋履,可以搭黑色西裤吗,1,该用户想询问当前展示的服装款式是否适合与黑色西裤搭配穿着。
Jing1000086,服饰鞋履,前面好看,1,该用户想表达的含义是：之前展示的某件商品款式或设计比较吸引人。
Jing1000086,服饰鞋履,多久发货,0,该用户想询问商品下单后的预计发货时间，以评估是否满足自己的收货需求。
Jing1000086,服饰鞋履,裤裙子好看,1,该用户想表达的含义是：这条裤裙的款式很吸引人，我有购买意向。
Jing1000086,服饰鞋履,裙子好看些,1,该用户是在对比讨论中表达对裙子的偏好，认为裙子比其他展示的商品更吸引人。
Jing1000086,服饰鞋履,裙裤更有味,1,该用户认为裤裙比裙子更有特色或更吸引人。
Jing1000086,服饰鞋履,那个好看,0,该用户想表达的含义是：对直播中展示的某件商品表示赞赏并可能产生购买意向。
Jing1000086,服饰鞋履,裙子好看,1,该用户是在对直播展示的裙子款式表示赞赏和兴趣，暗示有潜在的购买意向。
Jing1000086,服饰鞋履,裤子好看,1,该用户被直播展示的裤子款式吸引，认为其设计或风格符合自己的审美偏好。
Jing1000086,服饰鞋履,还可以,0,该用户可能觉得当前展示的商品还算不错，但并未表现出强烈的购买意愿或明确偏好。
Jing1000086,服饰鞋履,百褶好看,1,该用户想表达的含义是：这条百褶裙的设计很吸引人，符合自己的审美喜好。
Jing1000086,服饰鞋履,刚才那个好看,1,该用户是在对比讨论中表达对某款已展示商品的偏好，认为之前展示的某件单品比当前展示的更具吸引力。
Jing1000086,服饰鞋履,美背美背美背美背美背,1,该用户想表达的含义是：强烈推荐或称赞直播中展示的某款美背款式服装。
Jing1000086,服饰鞋履,衣服小个子没了,1,该用户想表达的含义是：小个子尺码的衣服已经卖完了。
Jing1000086,服饰鞋履,要鞋子,1,该用户想表达的含义是：我想购买刚才直播中展示的那款鞋子。
Jing1000086,服饰鞋履,百褶上档次,1,该用户认为百褶款式的服装显得高档有品位。
Jing1000086,服饰鞋履,都好看[鼓掌][鼓掌],1,该用户想表达的含义是：对当前展示的商品款式都感到满意和喜爱。
Jing1000086,服饰鞋履,手表看看,1,该用户想表达的含义是：想看看手表的具体款式或细节展示。
Jing1000086,服饰鞋履,这个也好看,0,该用户是在对当前展示的商品表示认可和喜爱，认为其外观设计符合自己的审美偏好。
Jing1000086,服饰鞋履,裙裤好看,1,该用户是在对比讨论中表达对裙裤款式的偏好，认为其设计出众或有吸引力。
Jing1000086,服饰鞋履,都好看[比心],1,该用户想表达的含义是：对当前展示的所有商品款式都感到满意并给予赞赏。
Jing1000086,服饰鞋履,裤子丶,1,该用户想表达的含义是：裤子看起来不错。
Jing1000086,服饰鞋履,刚刚那,0,该用户想表达的是：刚才展示的那件商品挺不错的。
Jing1000086,服饰鞋履,喜欢这款,1,该用户想表达对当前展示商品的喜爱和购买意向。
Jing1000086,服饰鞋履,衣服上点,1,该用户可能是在催促主播展示或讲解衣服上的装饰细节或某个特定设计点。
Jing1000086,服饰鞋履,看着是139的,0,该用户可能在表达对当前展示商品价格的认可或比较，认为139元的价格看起来合适或符合预期。
Jing1000086,服饰鞋履,都好看[比心][比心],1,该用户想表达的是对直播中展示的多款商品都感到满意和喜爱，认为它们各有亮点难以抉择。
Jing1000086,服饰鞋履,裤裙好看,1,该用户认为直播中展示的裤裙款式很吸引人，表达了对这款商品的正面评价和潜在购买意向。
Jing1000086,服饰鞋履,"裤子强势点,裙裤温柔点",0,该用户想表达的含义是：裤装款式显得更干练利落，而裙裤款式则显得更柔和优雅。
Jing1000086,服饰鞋履,一套怎么拍,1,该用户想询问购买套装的具体方式或流程。
Jing1000086,服饰鞋履,搭裙子好看,1,该用户想表达的含义是：这件上衣搭配裙子效果不错，让人有购买意向。
Jing1000086,服饰鞋履,感觉还是裙子更大气,1,该用户认为相比其他款式，裙子显得更有气质和高级感。
Jing1000086,服饰鞋履,西裤更好看,1,该用户是在对比不同款式的服装后，认为西裤比其他提到的裙裤、百褶等款式更具吸引力。
Jing1000086,服饰鞋履,裤子好看[比心],1,该用户是在表达对直播中展示的裤子款式的喜爱和购买意向。
Jing1000086,服饰鞋履,搭裤裙好看,1,该用户认为裤裙的搭配效果很吸引人，表达了对这款商品的欣赏和潜在的购买兴趣。
Jing1000086,服饰鞋履,都挺好看的,1,该用户想表达的含义是：对直播展示的多款商品都感到满意，整体认可其外观设计。
Jing1000086,服饰鞋履,没有,0,该用户想表达的含义是：对当前展示的商品款式或搭配没有兴趣或不喜欢。
Jing1000086,服饰鞋履,群裤好看,1,该用户是在对直播中展示的裙裤款式表示赞赏和兴趣，认为其设计或搭配效果令人满意。
Jing1000086,服饰鞋履,裤裙更好看,1,该用户是在对比讨论中表达对裤裙款式的偏好，认为裤裙比其他提到的款式（如裙子、西裤等）更具吸引力。
Jing1000086,服饰鞋履,质感不一样,0,该用户想表达的含义是：这款衣物的材质看起来与其他款式有明显区别。
Jing1000086,服饰鞋履,矮个子可以穿吗,1,该用户是在询问该款服装是否适合身材较矮的人穿着，表现出对产品适用性的关注和潜在的购买意向。
Jing1000086,服饰鞋履,各有各的味道,0,该用户想表达的含义是：不同款式各有特色，都挺不错的。
Jing1000086,服饰鞋履,什么料,1,该用户可能在询问当前展示商品的材质或面料信息。
Jing1000086,服饰鞋履,味道不一样,0,该用户想表达的是对产品不同款式或风格之间的差异感受，认为它们在口味或特色上有所区别。
Jing1000086,服饰鞋履,搭裤子好看,1,该用户想表达的含义是：搭配裤子的效果比裙子更符合自己的审美偏好。
Jing1000086,服饰鞋履,裙子裙子裙子好看,1,该用户想表达的含义是：这条裙子非常漂亮，我很喜欢。
Jing1000086,服饰鞋履,你干嘛?,0,该用户可能是在询问主播为何对某件商品（如裤裙或裙子）的推荐或展示方式感到疑惑，希望对方解释选择理由或展示细节。
Jing1000086,服饰鞋履,短款皮衣短款皮衣短款皮衣,1,该用户想表达的含义是：强烈关注短款皮衣这款产品，可能是想询问详情或催促主播展示讲解。
Jing1000086,服饰鞋履,"这个比较正式,那个比较仙",1,该用户是在对比两种不同风格的服装，认为其中一款偏向正式端庄，另一款则更显飘逸柔美。
Jing1000086,服饰鞋履,手表喜欢,1,该用户想表达的含义是：对展示的手表款式产生了兴趣和好感。  （结合前文弹幕中频繁讨论服饰搭配和单品偏好（如“裙子好看”“短款皮衣”等），可推断当前直播正在展示多类商品，而用户通过简洁的“手表喜欢”直接表达了对某一手表的购买意向，风格符合前文观众快速点评商品的互动模式。）
Jing1000086,服饰鞋履,衣服什么面料,1,该用户想询问服装的材质成分以进一步评估是否值得购买。
Jing1000086,服饰鞋履,裤裙子好看点,1,该用户认为裤裙款式比其他选项（如纯裤子或纯裙子）更时尚有吸引力。
Jing1000086,服饰鞋履,都好看.但是裤裙更好看一点,1,该用户倾向于认为裤裙比另一款商品更符合自己的审美偏好。
Jing1000086,服饰鞋履,西裤有吗,1,该用户是在询问直播间是否有售卖西裤款式。
Jing1000086,服饰鞋履,百褶更好看,1,该用户倾向于认为百褶款式的服装比其他提到的款式（如裤裙、搭裤裙等）更具吸引力。
Jing1000086,服饰鞋履,你是什么意思?,0,该用户可能因主播未及时回应款式对比的讨论而感到困惑，想追问主播对产品差异的具体解释。
Jing1000086,服饰鞋履,上衣服,1,"该用户想表达的含义是：询问主播是否会上架刚才讨论的那款衣服。  （结合前文弹幕中频繁提及服装款式、面料和偏好，且对话围绕服饰展开，""上衣服""可能是催促或询问上新，语境中隐含对特定款式的兴趣。）"
Jing1000086,服饰鞋履,裙子更显淑女,1,该用户认为裙装款式更能凸显优雅气质，是在对比裤装后表达对裙装的偏好。
Jing1000086,服饰鞋履,裙子开价了吗?透不透,1,该用户想询问裙子的价格信息并关心面料是否透明。
Jing1000086,服饰鞋履,衣服太小了码数,0,该用户可能是在询问衣服的尺码是否偏小，或者抱怨收到的商品尺码与预期不符。
Jing1000086,服饰鞋履,包包有吗,1,该用户是在询问直播间是否有售卖包包的意向。
Jing1000086,服饰鞋履,"上衣可以配那款网纱褶皱半裙吗,88的",1,该用户想询问上衣是否能搭配直播间之前提到的那款88元的网纱褶皱半裙，以确认整体穿搭效果。
Jing1000086,服饰鞋履,"裤子干练,裙子温柔,都很显气质",1,该用户认为裤装款式简洁利落，裙装风格柔美优雅，两种风格都能衬托出穿着者的气质魅力。
Jing1000086,服饰鞋履,衣服如果不露肩我就买这一套,1,该用户表达的是对这套衣服的购买意愿取决于其设计是否保守（不露肩），暗示若符合其审美偏好就会下单。
Jing1000086,服饰鞋履,能搭别的上衣看下吗,1,该用户想表达的含义是：希望主播展示这件衣服与其他上装的搭配效果。
Jing1000086,服饰鞋履,裙子上过了吗,1,该用户是在询问直播中是否已经展示或介绍过裙子这款商品。
Jing1000086,服饰鞋履,搭裙裤好看,1,该用户认为搭配裙裤的款式很吸引人，可能暗示对这款单品有兴趣或想了解更多搭配建议。
Jing1000086,服饰鞋履,裙裤可以配鞋子吗?我夏天没穿凉鞋[尬笑],1,该用户想表达的含义是：询问裙裤的搭配建议并透露自己因缺少凉鞋而对夏季穿搭感到困扰。
Jing1000086,服饰鞋履,小个子版的上衣,1,该用户想表达的含义是：询问是否有适合矮个子穿的款式版本的上衣。
Jing1000086,服饰鞋履,西裤好看,1,该用户是在表达对直播中展示的西裤款式感兴趣，认为其设计或风格符合自己的审美喜好。
Jing1000086,服饰鞋履,我听不懂你的我听不懂你在说什么?我是日本人,0,该用户想表达的含义是：由于语言障碍无法理解直播内容，并表明自己的日本身份以寻求帮助或解释。
Jing1000086,服饰鞋履,"搭裤子好干练,搭裙子就淑女",1,该用户想表达的含义是：这款服装搭配裤子显得利落大方，搭配裙子则显得优雅温柔。
Jing1000086,服饰鞋履,短皮皮衣还有没?,1,该用户是在询问直播间是否还有短款皮衣的库存可供购买。
Jing1000086,服饰鞋履,西裤颜色跟上衣颜色很配[赞][赞][赞],1,该用户认为主播展示的西裤与上衣的配色搭配协调，并对此表示高度赞赏。
Jing1000086,服饰鞋履,153拍什么裤长?,1,该用户是在询问商品编号为153的裤子的具体长度尺寸信息。
Jing1000086,服饰鞋履,"这个职业一点,裙裤仙气一点",1,该用户希望主播展示更职业风格的裙裤款式，同时希望款式设计能带有仙气飘逸的感觉。
Jing1000086,服饰鞋履,裤子长可以裁边么,1,该用户是在询问裤子的长度是否支持修改裁剪以满足个人需求。
Jing1000086,服饰鞋履,感觉还是裤裙更好看,1,该用户更倾向于选择裤裙的款式，认为其比裙子更具美感或更适合自己。
Jing1000086,服饰鞋履,这套更好看,1,该用户认为当前展示的服装搭配比之前讨论的其他款式更符合审美偏好。
Jing1000086,服饰鞋履,这位主播你吃过北京烤日本,0,该用户可能是想询问主播是否尝试过将北京烤鸭和日本料理结合的创新菜品。
Jing1000086,服饰鞋履,终于等到你[比心],0,该用户想表达的含义是：期待已久的产品终于上架了，感到非常高兴和满足。
Jing1000086,服饰鞋履,150、90斤穿什么码,1,该用户是在询问身高150厘米、体重90斤的人适合穿什么尺码的衣服。
Jing1000086,服饰鞋履,"为什么不做点米白,这个太白了,黑黄皮不适合",0,该用户认为当前展示的商品颜色（太白）不适合黑黄肤色，建议推出米白色款式以满足更多肤色需求。
Jing1000086,服饰鞋履,裤子长可以裁边么裤子长可以裁边么,1,该用户是在询问主播这条裤子如果长度不合适是否支持提供裁边修改的服务。
Jing1000086,服饰鞋履,卡码怎么柏,1,该用户可能在询问服装的尺码选择建议，比如“这款的尺码该怎么选”或“尺码偏大还是偏小”。
Jing1000086,服饰鞋履,手臂太粗了驾驭不住[捂脸],0,该用户是在委婉表达对当前展示的服装款式不适合自己身材的顾虑，暗含希望主播推荐更修饰体型款式的需求。
Jing1000086,服饰鞋履,你吃过南京烤日本吗?你吃不起,0,该用户可能在用谐音梗调侃主播，将“北京烤鸭”故意说成“烤日本”，以此讽刺或戏谑前文出现的“我是日本人”弹幕，并暗示对方经济实力不足。
Jing1000086,服饰鞋履,裤子卡码拍大拍小,1,该用户是在询问裤子的尺码选择问题，不确定该选大一号还是小一号。
Jing1000086,服饰鞋履,搭裙裤更好看,1,该用户认为搭配裙裤比当前展示的其他穿搭方式更时尚或更适合。
Jing1000086,服饰鞋履,这个鞋子有吗,1,该用户想询问直播中展示的鞋子是否有货或是否在售。
Jing1000086,服饰鞋履,短款皮衣,1,该用户可能在询问主播短款皮衣的库存情况或款式细节。
Jing1000086,服饰鞋履,那个裙裤还可以搭那个上衣好看,1,该用户想表达的含义是：询问裙裤搭配哪款上衣效果更佳。
Jing1000086,服饰鞋履,"欣儿,153拍什么裤长欣儿,153拍什么裤长",1,该用户是在询问身高153厘米的人适合选择什么裤长的裤子。
Jing1000086,服饰鞋履,看看群主,0,该用户可能是想询问群主（主播或管理员）关于商品的具体信息或寻求购买建议。
Jing1000086,服饰鞋履,这个也很搭,1,该用户认为当前展示的商品与之前提到的某件单品搭配起来效果不错。
Jing1000086,服饰鞋履,这个偏职业,1,这条弹幕想表达的是“这款衣服的风格偏向职场通勤”。
Jing1000086,服饰鞋履,裙裤更女人一点,1,该用户认为搭配裙裤会比普通裤子更能展现女性气质和美感。
Jing1000086,服饰鞋履,你不配当主播,0,该用户可能是在表达对主播的选品或推荐风格不满，认为其品味或专业度不符合观众期待。
Jing1000086,服饰鞋履,萝卜青菜各有所爱[赞],0,该用户想表达的含义是：每个人对商品的喜好和选择标准各不相同，表示理解并尊重他人的偏好。
Jing1000086,服饰鞋履,看看裙子,1,该用户想表达的含义是：对主播展示的裙子款式感兴趣，希望进一步了解详情或看到更多展示。
Jing1000086,服饰鞋履,裤子是直筒吗,1,该用户想确认裤子的版型是否为直筒款式，以便判断是否适合自己的穿搭需求。
Jing1000086,服饰鞋履,这个裤子能搭别的衣服看看嘛,1,该用户希望主播展示这条裤子与其他服装的搭配效果，以评估其日常穿搭的实用性。
Jing1000086,服饰鞋履,防晒衣防晒衣,1,该用户想表达的含义是：对直播中展示的防晒衣产品很感兴趣，希望主播详细介绍或展示。
Jing1000086,服饰鞋履,发货时间多久?,0,该用户想询问商品的具体物流时效，以评估是否满足自己的收货需求。
Jing1000086,服饰鞋履,裤子卡码怎么拍,1,该用户想询问裤子的尺码选择建议，不确定应该选大一号还是小一号。
Jing1000086,服饰鞋履,有没有运费险,1,该用户想确认商品是否附带运费险，以降低退换货时的经济风险。
Jing1000086,服饰鞋履,搭牛仔裤行吗,1,该用户想询问主播展示的服装款式是否适合搭配牛仔裤穿着。
Jing1000086,服饰鞋履,看一下鞋子,1,该用户想表达的含义是：对直播中展示的鞋子感兴趣，希望主播详细介绍或展示鞋子的款式和细节。
Jing1000086,服饰鞋履,"欣,群里可以配鞋子吗",1,该用户是在询问主播“欣”是否能在粉丝群里提供鞋子搭配的建议或购买选项。
Jing1000086,服饰鞋履,套裙有吗,1,该用户是在询问直播间是否有套装裙款式的商品可供购买。
Jing1000086,服饰鞋履,把小日子叉出去烤了,0,该用户可能是在以夸张的玩笑方式表达对当前直播内容或主播的不满或调侃，并非真正有购买意向的发言。
Jing1000086,服饰鞋履,这个白色还能配什么,1,该用户想询问白色单品与其他服饰的搭配建议。
Jing1000086,服饰鞋履,有黑色嘛,1,该用户想询问直播展示的商品是否有黑色款式可供选择。
Jing1000086,服饰鞋履,防晒衣有吗,1,该用户是在询问直播间是否有防晒衣这款产品，表达了对防晒衣的购买兴趣或需求。
Jing1000086,服饰鞋履,再穿一下裙子[比心],1,该用户希望主播再次展示裙子的上身效果以便进一步考虑购买。
Jing1000086,服饰鞋履,"有本事你把我踢出去呀,你把我怎么滴?",0,该用户可能是在挑衅或发泄不满情绪，并非真正表达购买意向。
Jing1000086,服饰鞋履,搭蓝色牛仔裤应该也可以,1,该用户是在询问当前展示的服装款式是否适合搭配蓝色牛仔裤，以评估其日常穿搭的实用性。
Jing1000086,服饰鞋履,主播小个子班的么,1,该用户可能在询问主播是否属于专门展示小个子穿搭的直播专场。
Jing1000086,服饰鞋履,上衣113斤可以穿吗,1,该用户想询问主播自己体重113斤是否适合穿那件上衣，以确认尺码是否合适。
Jing1000086,服饰鞋履,会显胖吗,1,该用户是在询问商品的版型是否会在视觉上显得穿着者身材臃肿。
Jing1000086,服饰鞋履,150、90斤多大码,1,该用户想询问适合身高150厘米、体重90斤的人应该选择什么尺码的服装。
Jing1000086,服饰鞋履,"换款,还有什么款",1,该用户想表达的含义是：询问主播是否还有其他款式可供选择或展示。
Jing1000086,服饰鞋履,看你怎么踢的胡言乱语,0,该用户可能是在调侃或挑衅主播，表达对直播内容或互动方式的不满，带有“你踢人也没用/我就爱捣乱”的戏谑意味。
Jing1000086,服饰鞋履,里面吊带,1,该用户想询问直播展示的服装款式是否包含吊带内搭。
Jing1000086,服饰鞋履,裙子是价格开好了的吗,1,该用户是在询问裙子的价格是否已经确定或公开。
Jing1000086,服饰鞋履,我搭上次的白色百褶裙[比心][比心][比心][比心][比心],0,该用户想表达的是对白色百褶裙的强烈喜爱，并暗示自己已经购买过同款且想了解搭配建议。
Jing1000086,服饰鞋履,裙子上下,1,该用户可能在询问裙子的上下装搭配效果或是否有配套的上衣。
Jing1000086,服饰鞋履,短皮衣,1,该用户可能在询问主播是否有短款皮衣这款商品，或是想了解短皮衣的搭配及尺码信息。
Jing1000086,服饰鞋履,裤子没有了,1,该用户想表达的含义是：询问主播这款裤子是否已经售罄或断货。
Jing1000086,服饰鞋履,牛叉叉有没有,0,该用户想询问主播当前展示的商品是否有“牛叉叉”这个款式或颜色。
Jing1000086,服饰鞋履,要私服,1,该用户想表达的含义是：询问主播是否可以私下提供服装的购买链接或单独展示商品详情。
Jing1000086,服饰鞋履,想要私服,1,该用户想表达的是对主播展示的私服款式有购买意向，希望了解或获取同类型服装。  （结合前文弹幕中频繁出现的穿搭咨询、尺码询问、搭配建议等购物相关互动，可推断“私服”指主播的日常穿搭风格或特定服装品类，用户在此语境下明确表达了兴趣和需求。）
Jing1000086,服饰鞋履,"裙子,裤子",1,该用户可能在询问或提醒主播展示裙子和裤子的款式或库存情况。
Jing1000086,服饰鞋履,卡码怎么拍,1,该用户想询问如何根据自身尺码选择合适的商品并完成购买流程。
Jing1000086,服饰鞋履,裙子还可以怎么搭配,1,该用户想询问这条裙子除了当前展示的搭配方式外，还有哪些其他时尚搭配建议，表现出对单品实用性和穿搭可能性的兴趣。
Jing1000086,服饰鞋履,"想,那天那个白色裙子",1,该用户想表达的是对之前直播中出现过的白色裙子有购买意向，希望主播再次展示或介绍那款商品。
Jing1000086,服饰鞋履,裤子能不能搭一个不露肩的上衣,1,该用户是在询问裤子的搭配建议，希望推荐一款能遮住肩膀的上衣来搭配这条裤子。
Jing1000086,服饰鞋履,刚刚的裙子开价了吗,1,该用户是在询问之前展示的那条裙子是否已经公布了售价。
Jing1000086,服饰鞋履,蕾丝腰带,1,该用户可能在询问或暗示对直播中提到的蕾丝腰带产品感兴趣，想了解详情或希望主播展示搭配效果。
Jing1000086,服饰鞋履,我要短款皮衣,1,该用户明确表达了想要购买一件短款皮衣的意愿。
Jing1000086,服饰鞋履,上私服,1,该用户想表达的是“希望主播展示或推荐私服款式的服装”。  （结合前文语境，“私服”被多次提及，其他用户也有类似需求，且整体弹幕围绕服装款式、搭配、价格展开，因此该弹幕属于明确的购买兴趣表达，核心诉求是获取更多私服相关的商品信息。）
Jing1000086,服饰鞋履,"背心154,101买什么码",1,该用户是在询问背心尺码的选择建议，具体想了解身高154cm、体重101斤的情况下应该购买什么尺寸。
Jing1000086,服饰鞋履,一直在等新中式白色裤子,1,该用户表达的是对新中式风格的白色裤子有明确的购买意向，期待主播展示或上架这款商品。
Jing1000086,服饰鞋履,私服全部上,1,"该用户希望主播将所有私服款式尽快上架展示或开售。  （解析：结合前文多次出现""要私服""""上私服""等催促性表达，且当前弹幕用""全部""强调范围，""上""为直播场景高频动作指令，整体语境显示用户对私服品类有明确购买意向并急切等待上新）"
Jing1000086,服饰鞋履,上想要,1,该用户想表达的含义是：希望主播尽快展示或上架刚才提到的私服款式。
Jing1000086,服饰鞋履,裤子599,0,该用户可能在询问或确认这条裤子的价格是否为599元，同时隐含对价格的关注或考虑购买的意向。
Jing1000086,服饰鞋履,想要短袖套装裙,1,该用户希望购买一套包含短袖上衣和配套裙子的夏季服装套装。
Jing1000086,服饰鞋履,美背欣姐[比心][比心],1,该用户是在表达对主播展示的某款露背款式服装（可能是“美背欣姐”所指的商品）的喜爱和支持，并暗示有购买意向。
Jing1000086,服饰鞋履,"能不能搞大码的,我胖穿不了",0,该用户希望商家提供更大尺码的服装选项，因为现有尺码范围无法满足其体型需求。
Jing1000086,服饰鞋履,裤子没有抢到,0,该用户因未能成功购买到心仪的裤子而感到遗憾，表达了对商品的强烈兴趣和购买意愿。
Jing1000086,服饰鞋履,短款皮衣短款皮衣,1,该用户急切希望主播展示或上架短款皮衣这款商品。
Jing1000086,服饰鞋履,"你家的衣服只要款式喜欢,闭眼买,质量没说的[比心]",1,该用户想表达的含义是：对品牌质量的充分信任，认为只要款式合心意就可以放心购买。
Jing1000086,服饰鞋履,长胖了,0,该用户可能是在委婉表达自己体型变化导致对服装尺码的顾虑，暗示需要大码款式或穿搭建议。
Jing1000086,服饰鞋履,西裤夏天可以穿吗,1,该用户是在询问这款西裤是否适合夏季穿着，以判断其实用性和购买价值。
Jing1000086,服饰鞋履,美背欣姐[比心][比心][比心],1,该用户是在热情赞美主播展示的“美背”款式服装，并表达对主播的喜爱和支持。
Jing1000086,服饰鞋履,没有矮个子版,1,该用户想表达的是希望商家提供适合矮个子身材的服装款式。
Jing1000086,服饰鞋履,我搭上一期的白色百褶裙[比心][比心][比心][比心][比心],0,该用户想表达自己已经购买了上一期直播推荐的白色百褶裙，并通过多个[比心]表情展示对商品的满意和喜爱。
Jing1000086,服饰鞋履,"买不完,跟本买不完[捂脸]",0,该用户想表达的含义是：直播间商品种类太丰富让人挑花眼，根本买不过来。
Jing1000086,服饰鞋履,搭黑色醋酸那个裙子好看吗,1,该用户是在询问直播间展示的某款裙子搭配黑色醋酸面料的实际效果是否美观，暗示对这款裙子有购买意向并希望获得穿搭建议。
Jing1000086,服饰鞋履,我现在都不敢去实体店买衣服了,0,该用户可能想表达对线上购物的偏好，暗示更愿意在直播间购买服装而非线下实体店。
Jing1000086,服饰鞋履,过快点,0,该用户可能在催促主播加快节奏或尽快展示/上架心仪的商品。
Jing1000086,服饰鞋履,黑色配着看一下,1,该用户想表达的含义是：希望主播展示黑色款与其他单品的搭配效果以供参考。
Jing1000086,服饰鞋履,这个上衣厚不厚,1,该用户想询问上衣的厚度是否适合当前季节或自身需求，以此判断是否值得购买。
Jing1000086,服饰鞋履,穿黑色看看,1,该用户希望主播展示黑色款式的服装效果以供参考。
Jing1000086,服饰鞋履,搭黑色裤子可以?,1,该用户是在询问当前展示的上衣款式是否适合搭配黑色裤子，以评估购买后的穿搭效果。
Jing1000086,服饰鞋履,私服全上,1,该用户想表达的含义是：希望主播把所有私服款式都展示出来供大家挑选。
Jing1000086,服饰鞋履,美背美背美背美背美背美背,1,该用户可能在强烈表达对主播展示的“美背”款式服装的喜爱或渴望购买。
Jing1000086,服饰鞋履,要私服,1,该用户想表达的含义是：希望主播展示或推荐更多适合日常穿着的私服款式。
Jing1000086,服饰鞋履,想要黑色的,1,该用户想表达的是对直播中展示的某款黑色商品的购买意向或搭配建议。
Jing1000086,服饰鞋履,没有黑色啊,0,该用户想表达的是对当前商品缺少黑色款式的遗憾或询问是否有黑色可选。
Jing1000086,服饰鞋履,美背美背美背美背美背美背美背,1,"该用户可能在强烈表达对某款""美背""款式服装的喜爱或急切希望主播展示/讲解该产品的意愿。"
Jing1000086,服饰鞋履,美背美背美背美背美背美背美背美背美背美背美背美背美背美背美背美背美背美背美背美背美背,1,该用户通过重复强调“美背”表达对主播展示的某款露背服装的强烈喜爱和购买意愿，可能是希望主播重点讲解或展示该款式。
Jing1000086,服饰鞋履,不然要睡觉了,0,该用户可能是在催促主播加快节奏或展示更多商品，暗示如果再不推出感兴趣的内容就要退出直播间去休息了。
Jing1000086,服饰鞋履,没有了,1,该用户可能是在询问或感叹当前展示的商品（如黑色款美背或其他款式）已经售罄或没有库存了。
Jing1000086,服饰鞋履,黑色的,1,该用户想表达的是对直播中展示的黑色款商品的兴趣或询问是否有黑色可选。
Jing1000086,服饰鞋履,有没有衬衣,1,该用户可能在询问直播间是否有衬衣款式可供购买或展示，表达了对衬衣类商品的潜在兴趣。
Jing1000086,服饰鞋履,裤子有没有弹力,1,该用户是在询问裤子的材质特性，以判断是否适合自己穿着需求或搭配效果。
Jing1000086,服饰鞋履,没有黑色,0,该用户想表达的含义是：对当前展示的商品缺乏黑色款式感到失望或提出需求。  （结合前文语境，黑色是频繁被提及的搭配需求，用户可能希望主播展示黑色款或确认库存情况。）
Jing1000086,服饰鞋履,私服继续,1,"该用户想表达的含义是：催促主播继续展示或介绍私服款式的服装。  （结合前文语境，""私服""被多次提及，尤其是""要私服""""私服全上""等弹幕，说明直播间正在讨论私服相关商品，用户可能是希望主播加快节奏或不要跳过私服环节。）"
Jing1000086,服饰鞋履,"欣姐,生日宴白色包包",1,该用户想表达的含义是：询问主播是否有适合生日宴场合的白色包包款式。
Jing1000086,服饰鞋履,上其它私服,1,该用户想表达的含义是：希望主播继续展示更多日常休闲风格的服装款式。  （结合前文多次出现“私服”“黑色”等关键词，可见用户对这类服饰有持续兴趣，且当前弹幕语境下观众正集中讨论服装搭配，因此“上其它私服”是催促主播增加同类商品展示的诉求。）
Jing1000086,服饰鞋履,美背美背美背美背美背美背美背美背美背美背美背美背,1,该用户想表达的含义是：强烈要求主播展示或推荐“美背”款式的服装。
Jing1000086,服饰鞋履,没有看到搭裙子呀,1,该用户可能在询问主播为何没有展示与当前服装搭配的裙子款式，暗示对裙子产品的兴趣或希望看到更多搭配建议。
Jing1000086,服饰鞋履,拍大还是拍小,1,该用户可能在询问商品尺码选择建议，不确定该选大号还是小号更合适。
Jing1000086,服饰鞋履,不还有私服嘛,1,该用户是在提醒主播或反驳其他观众，表示除了当前展示的商品外，还有未展示的私服款式可供选择。
Jing1000086,服饰鞋履,裙子试试,1,该用户希望主播试穿展示裙子款式或搭配效果。
Jing1000086,服饰鞋履,美背美背美背美背美背,1,该用户是在强烈要求主播展示或介绍“美背”款式的服装，可能是对这款产品有浓厚兴趣或希望看到更多细节展示。
Jing1000086,服饰鞋履,美背美背,1,该用户是在强烈呼吁主播展示或推荐“美背”款式的服装，可能是对这类设计有明确购买意向或希望看到更多搭配展示。
Jing1000086,服饰鞋履,"刚进来,这是什么面料",1,该用户可能是在询问当前展示商品的具体材质信息，以评估是否符合自己的购买需求。
Jing1000086,服饰鞋履,裤子黑色没有货了,0,该用户想表达的含义是：询问黑色款裤子是否已经售罄，并希望确认是否有补货可能。  （结合前文语境，黑色商品多次被提及缺货，用户可能在关注库存情况，同时隐含对黑色款的购买意向。）
Jing1000086,服饰鞋履,这个衣服做个白色短袖套装就好看,1,该用户希望主播能将当前展示的服装款式设计成白色短袖套装，认为这样的搭配会更吸引人。
Jing1000086,服饰鞋履,我要短款皮衣,1,该用户明确表达了想要购买一件短款皮衣的意向。
Jing1000086,服饰鞋履,"今天收到欣送的裤子,谢谢!永远支持你!",0,该用户想表达的含义是：对主播赠送的裤子表示感谢，并表达对主播的持续支持。
Jing1000086,服饰鞋履,美背美背美背美背美背美背美背美背,1,该用户想表达的含义是：强烈要求主播展示或介绍美背款式的服装。  （结合前文弹幕中反复出现的“美背”以及其他关于服装款式、颜色的讨论，可推断用户是在迫切呼吁主播关注这一单品，可能是希望看到展示、讲解或上新。）
Jing1000086,服饰鞋履,沐浴露上不上,1,该用户是在询问直播间是否会上架沐浴露产品，表现出对这款商品的购买兴趣。
Jing1000086,服饰鞋履,裤子黑色,1,该用户可能在询问或确认当前展示的裤子是否有黑色款可选。
Jing1000086,服饰鞋履,上美背,1,该用户想表达的含义是：催促主播尽快展示或上架美背款式的服装。
Jing1000086,服饰鞋履,打底裤,1,该用户可能是在询问或提醒主播展示/上架打底裤这款商品。
Jing1000086,服饰鞋履,美背美背美背美背美背美背美背美背美背,1,该用户想表达的含义是：强烈要求主播展示或上架这款名为“美背”的产品。
Jing1000086,服饰鞋履,裤子黑色上点,1,"该用户希望主播尽快补货或上架黑色款裤子。  （结合前文语境，""裤子黑色""此前被提及无货，用户通过重复关键词""黑色""并加上催促语气""上点""，表达对商品的强烈需求和购买意愿。）"
Jing1000086,服饰鞋履,把那个裤子搭下别的穿下,1,该用户希望主播展示那条裤子与其他款式的搭配效果。
Jing1000086,服饰鞋履,裤子怎么没有黑色,1,该用户想表达的含义是：询问为什么裤子的黑色款没有在售或展示。
Jing1000086,服饰鞋履,衣服1.58-110丰满有点小肚子能穿吗?,1,该用户是在询问身高1.58米、体重110斤且有小肚子的身材是否适合穿这件衣服，希望主播能针对这类体型给出穿着建议。
Jing1000086,服饰鞋履,下一套私服,1,该用户想表达的含义是：希望主播接下来展示或推荐另一套日常穿搭服装。
Jing1000086,服饰鞋履,美背美背美背美背美背美背美背美背美背美背美背,1,该用户是在强烈要求主播展示或上架“美背”款式的服装。
Jing1000086,服饰鞋履,高级配裤裙,1,该用户可能在询问主播能否展示当前服装搭配裤裙的效果，或是建议主播用裤裙来搭配其他单品以展示更多穿搭可能性。
Jing1000086,服饰鞋履,要大码啊,1,该用户是在呼吁主播提供更大尺码的服装选项。
Jing1000086,服饰鞋履,美背还上不上,1,该用户是在询问主播是否会继续售卖或展示“美背”款式的商品。
Jing1000086,服饰鞋履,衬衣裙,1,该用户可能在询问或暗示主播展示/推荐衬衣裙款式，或表达对该类商品的兴趣。
Jing1000086,服饰鞋履,你那边镜头好模糊,0,该用户可能因直播画面清晰度问题影响了观看体验，暗示希望主播调整设备以便更清楚地展示商品细节。
Jing1000086,服饰鞋履,大哥有眼光[比心],0,该用户想表达的含义是：赞同主播的选品眼光并给予热情支持。  （结合前文弹幕中频繁出现的产品催促（如“美背”“裤子黑色”）和互动氛围，该弹幕通过表情符号和称呼“大哥”传递对主播推荐或展示商品的认可，属于积极反馈而非直接购买意向表达。）
Jing1000086,服饰鞋履,西裤没有矮个子的吗,1,该用户是在询问是否有适合矮个子身高的西裤款式。
Jing1000086,服饰鞋履,有没有黑色,1,该用户是在询问直播间当前展示的商品是否有黑色款式可供选择。
Jing1000086,服饰鞋履,要调下,0,该用户可能在请求主播调整镜头角度或展示方式，以便更清楚地查看商品细节。
Jing1000086,服饰鞋履,看出来了,0,该用户想表达的含义是：通过之前的讨论和展示，我已经理解并认可了产品的特点或搭配方式。
Jing1000086,服饰鞋履,"衣服好看,就是手臂太粗不敢穿",0,该用户对衣服款式表示认可，但因自身身材顾虑（手臂较粗）而犹豫是否购买。
Jing1000086,服饰鞋履,看见了,0,该用户想表达的含义是：注意到主播正在展示的商品或搭配效果。  （结合前文高频出现的“美背”“裤子黑色”“搭配”等关键词，用户可能是对当前画面中的某件商品或穿搭方式产生了短暂关注，但尚未明确表达购买意向。）
Jing1000086,服饰鞋履,看到啦,0,该用户想表达的含义是：注意到主播展示的商品或回应了之前的互动内容。  （结合前文弹幕高频出现的产品关键词（如“美背”“裤子”“黑色”）和互动请求（如“上点”“搭下别的穿”），用户可能是在确认主播已接收到关于某款商品的反馈或展示动作，属于中性但带有潜在兴趣的回应。）
Jing1000086,服饰鞋履,"谁有白殿凤、银宵,我会看",0,该用户可能在询问直播间是否有“白殿凤”和“银宵”这两款商品，并表示自己有兴趣观看相关介绍或购买。
Jing1000086,服饰鞋履,有运费险吗?,1,该用户是在确认商品的售后保障政策，以此评估购买风险。
Jing1000086,服饰鞋履,有没有防晒衣欣姐,1,该用户是在询问主播是否售卖防晒衣这一产品，并表现出明确的购买意向。
Jing1000086,服饰鞋履,黑色没货嘛,1,该用户是在询问商品是否有黑色款式的库存。
Jing1000086,服饰鞋履,美背上吗,1,该用户是在急切询问主播是否会上架之前被频繁提及的“美背”款式服装。
Jing1000086,服饰鞋履,实体店这个价买不上,1,该用户想表达的含义是：这款商品在实体店的价格比直播间更贵，直播间的优惠力度很有吸引力。  （结合上下文，直播间正在讨论服装款式、尺码、价格等购买相关话题，用户通过对比实体店价格，暗示直播间的价格更划算，可能产生购买意愿。）
Jing1000086,服饰鞋履,看下5号的裙子吧,1,该用户希望主播展示或详细介绍编号为5的裙子款式。
Jing1000086,服饰鞋履,夏天穿热不,1,该用户是在询问主播这款衣服在夏季穿着时是否会感到闷热不透气。
Jing1000086,服饰鞋履,上衣带不带皮带啊,1,该用户是在询问直播展示的上衣是否包含配套的皮带作为穿搭配件。
Jing1000086,服饰鞋履,闭眼入,0,该用户想表达的含义是：毫不犹豫直接下单购买。
Jing1000086,服饰鞋履,@～***搭过了,0,该用户想表达的含义是：之前已经搭配过这件商品了。
Jing1000086,服饰鞋履,美背美背美背美背美背美背美背美背美背美背美背美背美背,1,该用户想表达的含义是：强烈催促主播尽快展示或上架美背款式的服装。  （解析：结合前文弹幕中关于商品颜色、尺码、款式等具体需求的讨论，尤其是“美背上吗”这一直接提问，可推断用户通过重复刷屏“美背”表达急切期待，可能是希望主播响应此前未被满足的询问，或强调对该款式的兴趣。）
Jing1000086,服饰鞋履,"你家衣服都不用介绍质量,直接展示,上车就行",0,该用户想表达的含义是：对产品品质足够信任，无需详细讲解，可以直接下单购买。
Jing1000086,服饰鞋履,大码为啥不做点,0,该用户是在询问商家为何不推出更多大码款式的服装。
Jing1000086,服饰鞋履,美背美背美背美背美背美背美背美背美背美背美背美背美背美背美背美背美背,1,该用户想表达的含义是：强烈要求主播展示或上架美背款式的服装。
Jing1000086,服饰鞋履,12o斤能穿吗,1,该用户是在询问自己120斤的体型是否能穿上直播展示的服装，隐含对尺码合适性的担忧和潜在的购买意向。
Jing1000086,服饰鞋履,美背什么时候上,1,该用户是在急切询问直播中提到的“美背”款式商品何时开售或上架，表现出明确的购买意向和期待。
Jing1000086,服饰鞋履,美背还上吗,1,该用户是在询问主播是否还会再次上架或展示“美背”款式的商品，表现出对该产品的强烈兴趣和购买意向。
Jing1000086,服饰鞋履,胸大可以穿么,1,该用户是在询问某件服装款式是否适合胸部丰满的体型穿着。
Jing1000086,服饰鞋履,裙裤是松紧腰的吗,1,该用户想确认裙裤的腰部设计是否为松紧带款式，以便判断是否适合自己穿着。
Jing1000086,服饰鞋履,半身裙开价了吗,0,该用户是在询问半身裙的价格是否已经公布或开始促销。
Jing1000086,服饰鞋履,黑裤子上点,1,该用户希望主播尽快上架或补货黑色裤子款式。  （分析依据：结合前文弹幕中频繁出现的催上架特定商品（如“美背”“5号裙子”）和询问库存（如“黑色没货嘛”），可推断“上点”是催促补货或上新的常见直播用语，且目标弹幕明确指向“黑裤子”这一具体商品需求。）
Jing1000086,服饰鞋履,衣服1.58-110丰满有点小肚子能穿吗?美女,1,"该用户是在询问身高1.58米、体重110斤且腹部略有赘肉的身材是否适合穿展示的服装，并希望主播（""美女""）给予穿搭建议。"
Jing1000086,服饰鞋履,裙裤价格开好了的吗,0,该用户是在询问裙裤的价格是否已经公布或确定。
Jing1000086,服饰鞋履,有没有黑色的,1,该用户想询问当前展示的商品是否有黑色款式可供选择。
Jing1000086,服饰鞋履,吊带有吗[比心][比心][比心][比心][比心][比心][比心][比心][比心][比心][比心][比心][比心],1,该用户想表达的含义是：询问直播间是否有吊带款式，并强烈表达对商品的喜爱和购买意愿。
Jing1000086,服饰鞋履,美背美背美背美背美背美背美背美背美背美背美背美背美背美背美背美背美背美背美背美背美背美背美背美背美背,1,"该用户急切地询问或催促主播展示/上架“美背”款式的服装，可能是对这款产品有强烈购买意向或期待补货。  （释义依据：结合前后弹幕中多次出现对""美背""的追问、其他用户明确询问上架时间，以及直播间常见重复刷屏催货的互动模式，可推断该弹幕是通过密集重复关键词施压主播响应需求。）"
Jing1000086,服饰鞋履,裤裙也不会皱皱吧,1,该用户是在询问裤裙的面料是否抗皱，隐含对产品实用性的关注和潜在的购买意向。
Jing1000086,服饰鞋履,美背美背美背美背美背美背美背美背美背美背美背美背美背美背美背美背美背美背美背美背美背美背美背,1,该用户通过重复刷屏“美背”强烈表达对相关产品的迫切需求和催促上架的意愿。
Jing1000086,服饰鞋履,想买但是没得我穿的码,0,该用户想表达的含义是：对商品很感兴趣但因尺码不合适而无法购买。
Jing1000086,服饰鞋履,美背美背美背,1,该用户通过重复关键词“美背”表达对直播中某款美背款式服装的强烈兴趣和迫切购买意愿，暗示希望主播尽快上架或讲解该产品。
Jing1000086,服饰鞋履,"你家衣服都不用介绍质量,直接展示,上车就行[比心][比心][比心][比心]",0,该用户想表达的含义是：你们家的衣服质量值得信赖，无需过多介绍，直接下单购买就行。
Jing1000086,服饰鞋履,裤子透吗,1,该用户是在询问裤子的面料是否透明，可能存在担心走光或材质质量的潜在购买顾虑。
Jing1000086,服饰鞋履,矮个子裤子没拍到,0,"该用户想表达的含义是：因为身高限制没抢到适合的裤子款式，感到遗憾。  （结合前文弹幕中频繁出现的尺码、体型相关询问，以及""想买但没得我穿的码""等类似表达，可推断用户是在抱怨商品未覆盖自身需求，语境聚焦于身材适配性问题。）"
Jing1000086,服饰鞋履,裤子没有黑色吗,1,该用户是在询问当前展示的裤子是否有黑色款可供选择，暗示对这款裤子有购买意向但希望确认颜色选项。
Jing1000086,服饰鞋履,"出点遮胳膊得,因为胳膊太粗",0,该用户希望商家推出能遮挡粗胳膊的款式，暗示对这类设计有购买需求。
Jing1000086,服饰鞋履,美背配裤子好看,1,该用户是在称赞“美背款上衣搭配裤子的整体效果不错”，暗示对这类搭配感兴趣或有购买意向。  （解析：结合前文高频出现的“美背”关键词和用户对款式、搭配的讨论，该弹幕属于对商品展示效果的积极反馈，属于潜在购买兴趣的表达。）
Jing1000086,服饰鞋履,西裤还有嘛,1,该用户是在询问直播间是否还有西裤的库存可供购买。
Jing1000086,服饰鞋履,上衣搭醋酸裙子好看不[比心]上衣搭醋酸裙子好看不[比心],1,该用户想表达的含义是：询问上衣搭配醋酸裙子的效果是否好看，并表现出对该搭配的兴趣和喜爱。
Jing1000086,服饰鞋履,都是分片裁剪,0,该用户可能是在询问或评论服装的剪裁工艺是否采用分片设计（即多块布料拼接裁剪）。
Jing1000086,服饰鞋履,看看裤子,1,该用户想表达的含义是：希望主播展示或介绍裤子的款式、细节或上身效果。  （结合前文弹幕中频繁提及裤子相关需求，如颜色、尺码、材质等，可推断用户对裤子有明确兴趣，可能是想进一步了解产品信息以便决策。）
Jing1000086,服饰鞋履,"欣姐,生日宴白色包包",1,该用户想表达的含义是：询问主播是否有适合生日宴会场合的白色包包款式。
Jing1000086,服饰鞋履,和去年一样的吗,0,该用户可能是在询问当前展示的商品是否与去年同款或款式相同，隐含对商品熟悉度及对比需求的购买兴趣。
Jing1000086,服饰鞋履,美背今天上不上,1,该用户是在询问直播中是否会展示或销售“美背”款式的服装。
Jing1000086,服饰鞋履,要黑色西装,1,该用户想表达的含义是：对黑色款西装有明确的购买意向。  （结合前文多次询问颜色、尺码等具体商品属性的互动氛围，可推断用户是在主动筛选符合自己需求的商品，属于直接且明确的购买兴趣表达。）
Jing1000086,服饰鞋履,"上衣可以配那款网纱褶皱半裙吗,88的上衣可以配那款网纱褶皱半裙吗,88的",1,该用户是在询问售价88元的上衣是否能搭配直播间展示的网纱褶皱半裙，希望确认两件商品的搭配效果是否合适。
Jing1000086,服饰鞋履,"你家衣服都不用介绍质量,直接展示,上车就行你家衣服都不用介绍质量,直接展示,上车就行[比心][比心][比心][比心]",0,该用户想表达的含义是：对商家服装品质的高度信任，认为无需过多介绍即可直接购买。  （结合前文弹幕中频繁出现的具体产品询问和购买意向，该用户通过重复强调“不用介绍质量”和“上车就行”，配合[比心]表情，传递出对品牌或主播选品的强烈认可，属于明确的购买兴趣表达。）
Jing1000086,服饰鞋履,美背大胸可以穿吗,1,该用户想表达的含义是：询问这款美背款式是否适合身材丰满的女性穿着。
Jing1000086,服饰鞋履,裤子1.48穿合适吗,1,该用户是在询问身高1.48米的人穿这条裤子是否合身，表现出对产品尺码适配性的具体关切和潜在购买意向。
Jing1000086,服饰鞋履,穿蕾丝裤可以穿吗,1,该用户想询问蕾丝材质的内裤是否适合日常穿着或搭配。
Jing1000086,服饰鞋履,90斤买什么码,1,该用户是在询问自己90斤的体重适合购买哪个尺码的服装。
Jing1000086,服饰鞋履,为什么不做一套黑色,0,该用户希望商家能推出黑色款式的同系列服装。
Jing1000086,服饰鞋履,裤子黑色,1,该用户想表达的含义是：询问或确认这款裤子是否有黑色款式可选。  （结合前文多次出现对颜色、款式的具体询问（如“裤子没有黑色吗”“要黑色西装”），且直播间正在讨论服装搭配和细节，用户可能是基于他人提问或主播展示后，直接聚焦到颜色需求上。）
Jing1000086,服饰鞋履,胸大可以穿吗,1,该用户是在询问某款服装（可能是美背或上衣）是否适合胸部丰满的人穿着。
Jing1000086,服饰鞋履,大胸能穿吗,1,该用户是在询问某款服装是否适合胸部丰满的体型穿着。
Jing1000086,服饰鞋履,刚刚到,0,该用户想表达的含义是：自己刚刚进入直播间，正在了解当前的直播内容。
Jing1000086,服饰鞋履,之前的还有吗,1,该用户可能在询问直播间之前展示过的某款商品是否还有库存或会再次上架。
Jing1000086,服饰鞋履,后站一点看看,1,该用户可能希望主播调整镜头或站位，以便更清楚地观察商品的全貌或搭配效果。
Jing1000086,服饰鞋履,裙子试试,1,该用户希望主播现场试穿展示裙子的上身效果以便判断是否购买。
Jing1000086,服饰鞋履,衣服可以加袖子不?,1,该用户是在询问衣服是否能够根据需求定制修改款式（如添加袖子）。
Jing1000086,服饰鞋履,生日快乐,0,该用户可能在祝贺主播生日的同时，暗示对直播间此前提到的生日宴相关商品（如白色包包）的兴趣或询问其购买信息。
Jing1000086,服饰鞋履,生日快乐宝宝,0,该用户可能在以祝福主播生日的方式表达对直播间的友好互动，但并未直接体现明确的购买意向。
Jing1000086,服饰鞋履,我有两件之前,0,该用户可能是想询问之前购买过的同款商品是否还有库存或是否会再次上架。
Jing1000086,服饰鞋履,艾米生日快乐,0,该用户可能在参与直播间的互动氛围，借主播或他人生日表达友好问候，而非直接传达购买意向。
Jing1000086,服饰鞋履,艾米生日快乐[比心][比心],0,该用户是在主播生日祝福的氛围下表达友好互动，而非直接传递购买意向。
Jing1000086,服饰鞋履,短才不会热,1,该用户可能是在评论某款服装的短款设计更凉快舒适，暗示对这款式有购买兴趣。
Jing1000086,服饰鞋履,艾米生日快乐[比心],0,该用户是在主播生日祝福的氛围中表达友好互动而非购买意向。
Jing1000086,服饰鞋履,艾米生日快乐呀,0,该用户是在参与直播间的生日祝福互动，表达对主播艾米的友好问候而非购物相关诉求。
Jing1000086,服饰鞋履,[比心]艾米生日快乐,0,该用户是在主播生日祝福的氛围中表达友好互动，而非询问商品信息或表达购买意向。
Jing1000086,服饰鞋履,艾米生日快乐[比心][比心][比心],0,该用户是在主播生日祝福的互动氛围中，表达对主播的友好问候与情感支持，而非针对商品本身的购买意向。
Jing1000086,服饰鞋履,艾米生日快乐[玫瑰],0,该用户是在主播生日祝福的氛围中跟风表达友好问候，并无实际购买意向。
Jing1000086,服饰鞋履,"你家衣服都不用介绍质量,直接展示,上车就行,[比心][比心][比心][比心]你家衣服都不用介绍质量,直接展示,上车就行",0,该用户想表达的含义是：对衣服品质的高度信任，认为无需过多介绍即可直接购买，并表现出强烈的下单意愿和喜爱之情。  （结合前文弹幕中频繁出现的生日祝福和少量产品询问，可推测当前直播间氛围较热烈，用户情绪被带动，目标弹幕通过重复和表情符号强化了积极态度，属于典型的冲动型消费表达。）
Jing1000086,服饰鞋履,艾米生日快乐[比心][比心][比心][比心],0,该用户是在主播生日祝福的氛围中表达友好互动，而非针对商品提出购买意向。
Jing1000086,服饰鞋履,大胸可以穿吗,1,该用户想询问这款服装是否适合胸部丰满的体型穿着。
Jing1000086,服饰鞋履,胸大能穿吗,1,该用户是在询问主播展示的服装款式是否适合胸部丰满的体型。
Jing1000086,服饰鞋履,我买过一次个短的,0,该用户想表达的含义是：我之前购买过同款的短款产品。
Jing1000086,服饰鞋履,晚上好,0,该用户可能是在礼貌性地打招呼，试图融入直播间的互动氛围，但并未直接表达对商品的购买兴趣。
Jing1000086,服饰鞋履,大胸可以吗,1,该用户可能在询问主播展示的服装款式是否适合胸部较大的身材穿着。
Jing1000086,服饰鞋履,艾米生日快乐生日快乐,0,该用户是在为主播艾米送上生日祝福，属于社交互动而非购买意向的表达。
Jing1000086,服饰鞋履,继续上私服,1,该用户希望主播继续展示或推出更多适合私人场合穿着的服饰款式。
Jing1000086,服饰鞋履,"艾米,生日快乐",0,该用户是在主播生日祝福的氛围中表达对主播的亲切问候，属于社交互动而非购物意向的表达。
Jing1000086,服饰鞋履,生日快乐艾米,0,该用户是在主播生日祝福的氛围中表达对主播的喜爱和支持，属于互动性社交行为而非购物意向表达。
Jing1000086,服饰鞋履,@巅***艾米生日快乐,0,该用户是在参与直播间集体为主播艾米庆生的互动，表达对主播的生日祝福而非购买意向。
Jing1000086,服饰鞋履,艾米生日快乐[爱心][爱心][爱心][爱心][爱心][爱心],0,该用户是在为主播艾米送上生日祝福，表达对主播的喜爱和支持，而非直接体现购买意向。
Jing1000086,服饰鞋履,唇膏啥时候有,1,该用户想询问唇膏产品的上架或促销时间，表现出明确的购买意向。  （分析依据：前20条弹幕以生日祝福和服装咨询为主，突然出现的“唇膏”属于新品类提问，且“啥时候有”隐含对商品可得性的急切关注，符合电商直播中典型的需求表达句式。）
Jing1000086,服饰鞋履,艾米宝宝生日快乐,0,该用户是在主播艾米生日之际发送祝福语，表达对主播的喜爱和支持，属于互动型弹幕而非购物意向表达。
Jing1000086,服饰鞋履,裤子黑色没有了,0,该用户想表达的含义是：询问主播黑色款式的裤子是否已经售罄，并暗示自己对该商品有购买意向。
Jing1000086,服饰鞋履,有没有长点护腰的美背,1,"该用户想询问是否有腰部支撑设计更长的美背款式服装。  （释义：结合前文弹幕中关于服装款式、身材适配性（如""大胸可以穿吗""）和购买体验（如""我买过一次个短的""）的讨论，用户可能关注产品细节功能，希望找到更贴合腰部需求的款式。）"
Jing1000086,服饰鞋履,艾米生日快乐[鼓掌][鼓掌],0,该用户是在主播艾米生日之际表达祝福和互动热情，属于社交性弹幕而非购买意向表达。
Jing1000086,服饰鞋履,可以调节肩带吗,1,该用户可能在询问商品（可能是内衣或上衣）的肩带是否具备可调节功能，以确认是否符合自身需求或穿着舒适度。
Jing1000086,服饰鞋履,"艾来,生日快乐",0,该用户是在主播生日祝福的互动氛围中，跟随其他观众一起向主播表达生日祝贺。
Jing1000086,服饰鞋履,固定杯吧,1,该用户可能是在询问或建议主播将展示的杯子款式固定在某个特定样式上，而非频繁更换。
Jing1000086,服饰鞋履,艾米生日快乐!,0,该用户是在向主播艾米表达生日祝福，属于社交互动而非购物意向的表达。
Jing1000086,服饰鞋履,艾米生日快乐[爱心],0,该用户是在主播生日祝福的互动氛围中，向主播表达友好的生日祝愿。
Jing1000086,服饰鞋履,生日快乐[比心],0,该用户是在向主播艾米表达生日祝福，属于互动社交行为而非购买意向。
Jing1000086,服饰鞋履,薄杯的吗,1,该用户是在询问商品是否为薄款设计，可能是在考虑舒适度或穿搭效果。
Jing1000086,服饰鞋履,胸小穿哪款美背,1,该用户是在询问适合小胸体型的内衣款式推荐。
Jing1000086,服饰鞋履,艾米生日快乐[玫瑰][玫瑰],0,该用户是在主播艾米生日之际发送祝福弹幕，表达对主播的喜爱和支持，属于互动型社交行为而非购物意向表达。
Jing1000086,服饰鞋履,艾米生日快乐[鼓掌],0,该用户是在主播生日祝福的氛围中表达对主播的喜爱和支持，属于社交互动行为而非购物意向表达。
Jing1000086,服饰鞋履,一周岁生日吗,0,该用户可能是在询问直播间中提到的“艾米”是否正在庆祝一周岁生日，以确认当前的生日祝福主题。
Jing1000086,服饰鞋履,艾米生日快乐[玫瑰][玫瑰][玫瑰][玫瑰][玫瑰][玫瑰][玫瑰][玫瑰][玫瑰],0,"该用户是在主播生日祝福的氛围中，用重复的玫瑰表情符号表达对主播""艾米""的热烈生日祝贺，属于互动型情感表达而非购物意向。"
Jing1000086,服饰鞋履,10号面膜是不是抗皱效果比较好的呀,1,该用户是在询问10号面膜的抗皱功效是否显著，表现出对产品的具体功能需求和潜在购买意向。
Jing1000086,服饰鞋履,胸大可以穿不[捂脸],1,该用户想表达的含义是：询问自己胸部较大的身材是否适合穿直播中展示的内衣款式。  （结合前文弹幕中频繁出现关于内衣细节的提问，如“胸小穿哪款美背”“固定杯吧”等，可推断当前直播主题为内衣类产品，用户通过半调侃的语气提出具体身材适配性问题，隐含潜在购买意向。）
Jing1000086,服饰鞋履,艾米生日快乐艾米生日快乐,0,该用户是在为主播艾米送上生日祝福，表达对主播的喜爱和支持，而非询问商品信息或表达购买意向。
Jing1000086,服饰鞋履,艾米生日快乐!!!,0,该用户是在直播间主播（艾米）生日时发送的祝福弹幕，属于观众与主播的互动行为，并未表达对商品的购买意向。
Jing1000086,服饰鞋履,胸垫多少厘米?,1,该用户是在询问胸垫产品的厚度或高度规格，可能出于对舒适度或塑形效果的关注。
Jing1000086,服饰鞋履,卡码怎么拍,1,该用户想询问如何选择或调整商品的尺码进行购买。
Jing1000086,服饰鞋履,艾米生日快乐[比心][比心][比心][比心][比心][比心],0,该用户是在主播艾米生日之际，通过密集的比心表情符号表达热情祝福，属于观众互动行为而非商品咨询。
Jing1000086,服饰鞋履,没有了,0,该用户可能是在询问或感叹某款商品已经售罄或下架了。
Jing1000086,服饰鞋履,艾米生日快乐[蛋糕],0,"该用户是在参与直播间集体为""艾米""庆生的互动，表达祝福而非购物意向。"
Jing1000086,服饰鞋履,艾米快乐,0,"该用户是在主播（或直播主角）生日祝福氛围下，跟随其他观众一起表达对""艾米""的生日祝贺。"
Jing1000086,服饰鞋履,小胸可以穿不,1,该用户是在询问某款内衣是否适合胸围较小的身材穿着。
Jing1000086,服饰鞋履,肩带能调吗,1,该用户想询问产品肩带是否具备可调节功能，以确认是否符合自身穿戴需求。
Jing1000086,服饰鞋履,西装裤,1,该用户可能是在询问或关注直播间正在展示的西装裤款式或购买信息。
Jing1000086,服饰鞋履,就想把我说的话.让米看到,0,该用户可能是希望主播注意到自己的提问或需求，表达了一种迫切希望得到回应的购买咨询意图。
Jing1000086,服饰鞋履,能机洗吗,1,该用户是在询问产品是否支持洗衣机清洗的功能，以此评估购买的实用性。
Jing1000086,服饰鞋履,欣姐什么时候做瑜伽裤,0,该用户是在询问主播何时会上架或推荐瑜伽裤产品，表达了对该类商品的购买意向或需求。
Jing1000086,服饰鞋履,透气吗,1,该用户是在询问直播展示的服装或鞋类产品（如瑜伽裤、内衣等）的透气性能是否良好。
Jing1000086,服饰鞋履,哎米生日快乐,0,"该用户是在主播（或昵称“艾米/米”的直播相关人物）生日时发送祝福语，属于互动型社交行为，并未表达对商品的购买意向。  （分析依据：前序弹幕中连续出现11条生日祝福，且夹杂对产品的具体咨询，可判定此时直播间存在""生日庆祝""和""商品问答""两个平行语境，该弹幕明显属于前者，属于观众对主播的情感互动而非消费意图表达。）"
Jing1000086,服饰鞋履,要短点的美背,1,该用户想表达的是希望主播推荐或展示背部设计较短款式的内衣/上衣。  （分析依据：结合前文弹幕中频繁出现的关于内衣/服饰的提问（如胸垫、肩带、尺码等），可推断当前直播间在售卖女性服装类商品，用户此条弹幕是针对商品具体款式的需求表达。）
Jing1000086,服饰鞋履,2号车的S号没了吗,0,该用户是在询问直播中展示的2号车款商品（可能是服装或配饰）的S码是否已经售罄，表达了对该商品的购买意向和尺码需求。
Jing1000086,服饰鞋履,看看后面,1,该用户可能是对当前展示的产品不感兴趣，想催促主播尽快介绍后面的商品。
Jing1000086,服饰鞋履,"你家衣服都不用介绍质量,直接展示,上车就行",0,该用户想表达的含义是：对产品品质充分信任，无需详细讲解可直接下单。  （结合前文弹幕中频繁出现的尺码、材质等具体产品咨询，可推断该用户通过观察直播已建立对品牌的认可，认为商品质量可靠到无需进一步介绍，属于明确的高意向购买表态。）
Jing1000086,服饰鞋履,下垂能穿吗,1,该用户可能在询问这款内衣是否适合胸部下垂的体型穿着。
Jing1000086,服饰鞋履,胸垫多厚,1,该用户是在询问产品（可能是内衣或运动服饰）的胸垫厚度规格，以评估是否适合自己的穿着需求或舒适度。
Jing1000086,服饰鞋履,有运费险吗,0,该用户可能在确认退货保障政策，以此评估购买风险并决定是否下单。
Jing1000086,服饰鞋履,这个我拍了很好穿[鼓掌][鼓掌],0,该用户想表达的含义是：自己已经购买了这款产品，并且对穿着体验非常满意，通过积极反馈来推荐给其他观众。
Jing1000086,服饰鞋履,胸垫厚吗,1,该用户是在询问产品胸垫的厚度是否足够满足支撑或修饰需求。
Jing1000086,服饰鞋履,聚拢吗,1,该用户是在询问这款内衣是否具有聚拢效果的功能。
Jing1000086,服饰鞋履,工装裤,1,该用户可能是在询问或暗示主播展示或介绍工装裤这款产品。
Jing1000086,服饰鞋履,小个子裤子加XS码,0,该用户想询问是否有适合小个子穿的XS码裤子款式。
Jing1000086,服饰鞋履,艾米生日快乐[爱心][爱心][爱心],0,该用户是在向主播艾米表达生日祝福，属于互动社交行为而非购买意向。
Jing1000086,服饰鞋履,大胸能穿不?,1,该用户是在询问该款服装是否适合胸部较大的身材穿着。
Jing1000086,服饰鞋履,平胸能穿不[捂脸],1,该用户是在询问该款内衣是否适合平胸体型的人穿着。
Jing1000086,服饰鞋履,要短一点的,1,该用户希望主播推荐或展示长度更短的款式（可能是美背内衣或其他服饰）。
Jing1000086,服饰鞋履,生活快乐艾米,0,"该用户是在祝福主播""艾米""生日快乐，表达对主播的友好互动而非购买意向。"
Jing1000086,服饰鞋履,去年买了是不是更短些,0,该用户是在询问当前展示的商品款式是否比去年购买的版本长度更短一些。
Jing1000086,服饰鞋履,"你家衣服都不用介绍质量,直接展示,上车就行[比心][比心][比心][比心][比心][比心][比心][比心][比心][比心][比心][比心]",0,该用户想表达的含义是：对产品品质高度信任，无需详细解说，愿意直接下单支持。
Jing1000086,服饰鞋履,49.9吗,0,该用户是在询问当前展示的商品价格是否为49.9元，表现出对商品具体价格的关注和潜在的购买意向。
Jing1000086,服饰鞋履,有没有薄点的美背,1,该用户是在询问主播是否有更轻薄款式的美背内衣可供选择。
Jing1000086,服饰鞋履,薄杯?,1,该用户是在询问产品是否有较薄的杯垫款式。
Jing1000086,服饰鞋履,衣服1.58-110丰满有点小肚子能穿吗?,1,该用户是在询问身高1.58米、体重110斤且有小肚子的身材能否穿得下这件衣服。
Jing1000086,服饰鞋履,不是说49,0,该用户可能在质疑或确认商品价格与之前宣传的不一致，认为实际价格并非49元。
Jing1000086,服饰鞋履,交叉美背,1,该用户可能在询问主播展示的内衣是否有交叉背带设计的款式。
Jing1000086,服饰鞋履,要短点的,1,该用户希望主播推荐或展示长度更短的款式（可能是针对当前展示的服装或之前提到的工装裤/美背等单品）。
Jing1000086,服饰鞋履,跑杯不,1,该用户是在询问商品（可能是运动内衣或文胸）是否适合跑步时穿着，关注的是防震和稳固性能。
Jing1000086,服饰鞋履,D杯可以吗,1,该用户是在询问直播展示的内衣/泳衣类商品是否适合D罩杯的胸型穿着。
Jing1000086,服饰鞋履,胸大可以穿吗,1,该用户是在询问这款服装是否适合胸部较丰满的身材穿着。
Jing1000086,服饰鞋履,小胸可以吗,1,该用户是在询问直播展示的服装是否适合胸围较小的身材穿着。
Jing1000086,服饰鞋履,大胸能穿不,1,该用户是在询问该服装款式是否适合胸部丰满的体型穿着。
Jing1000086,服饰鞋履,衣服1.58-110丰满有点小肚子能穿吗?刚才那白色衣服,1,该用户是在询问自己身高1米58、体重110斤且有小肚子的丰满身材是否能穿刚才展示的白色衣服，主要关注服装的版型适配性。
Jing1000086,服饰鞋履,裤子没抢到,0,该用户因未能成功购买到心仪的裤子而感到遗憾和失落。
Jing1000086,服饰鞋履,裙裤价格开好了的吗,0,该用户是在询问裙裤的价格是否已经公布或调整到位，暗示有购买意向但需要确认价格信息。
Jing1000086,服饰鞋履,好穿好穿,0,该用户想表达的含义是：对之前购买或试穿过的商品表示满意和推荐。
Jing1000086,服饰鞋履,已拍,0,该用户想表达的含义是：我已经下单购买了这款产品。  （结合前文语境，直播间在讨论服装款式、尺码、价格等具体购买细节，且有其他用户提到“上车”（意指跟单购买），因此“已拍”是简洁确认已完成购买动作的反馈。）
Jing1000086,服饰鞋履,欣姐有没有黑色阔腿裤,1,该用户是在询问主播是否有黑色阔腿裤这款商品可供购买。
Jing1000086,服饰鞋履,没码啦,0,该用户想表达的含义是：想要的尺码已经售罄了。
Jing1000086,服饰鞋履,皱吗?,1,该用户是在询问衣服是否容易起皱。
Jing1000086,服饰鞋履,主播穿的小个子吗,1,该用户是在询问主播穿的衣服是否适合小个子身材的人。
Jing1000086,服饰鞋履,错过了裤裙,1,该用户因未能及时抢购到之前展示的裤裙产品而感到遗憾。
Jing1000086,服饰鞋履,美背大胸能不能穿,1,该用户是在询问这款内衣是否适合身材丰满（背部较宽、胸部较大）的女性穿着。
Jing1000086,服饰鞋履,白色皮带上点,1,该用户想表达的含义是：询问主播是否会上架之前提到的白色皮带款式。
Jing1000086,服饰鞋履,美背大胸能穿吗,1,该用户是在询问这款美背款式的内衣是否适合胸部较大的身材穿着。
Jing1000086,服饰鞋履,上次不是说要卖那个白色包包吗,0,该用户是在询问之前直播中预告过但还未上架的白色包包何时开卖，表现出对这款商品的持续关注和购买意向。
Jing1000086,服饰鞋履,可以搭小白鞋吗,1,该用户想询问直播展示的服饰是否能与小白鞋搭配穿着。
Jing1000086,服饰鞋履,坐了起来皱吗??,1,该用户是在询问衣服是否容易起皱，担心穿着效果和打理问题。
Jing1000086,服饰鞋履,啥时候卖包,1,该用户是在询问主播之前提到过的一款白色包包何时会上架售卖。
Jing1000086,服饰鞋履,今天沐浴露上不上?,1,该用户是在询问直播中是否会推出沐浴露产品进行售卖。
Jing1000086,服饰鞋履,会皱吗,1,该用户是在询问商品的材质是否容易起皱，以评估其穿着效果和实用性。
Jing1000086,服饰鞋履,"90斤,美背拍什么码呢",1,该用户是在询问自己90斤的体重适合选择什么尺码的美背款式服装。
Jing1000086,服饰鞋履,白裤子上点,1,该用户希望主播尽快上架或补货白色裤子。
Jing1000086,服饰鞋履,容易皱吗,1,该用户是在询问商品的材质是否容易起皱，以评估其日常穿着和打理的便利性。
Jing1000086,服饰鞋履,咖色腰带怎么拍?,1,该用户想询问购买咖色腰带的下单方式或商品链接。
Jing1000086,服饰鞋履,要你刚那个腰带,1,该用户想表达的含义是：想要购买主播刚才展示的那款腰带。
Jing1000086,服饰鞋履,"好看,要",1,该用户想表达的含义是：这件商品很吸引我，我想要购买。
Jing1000086,服饰鞋履,美杯胸大能穿吗?,1,该用户是在询问主播展示的“美背”款式内衣是否适合胸部较大的身材穿着。
Jing1000086,服饰鞋履,咖色腰带配吗?,1,该用户想询问咖色腰带是否与当前展示的商品搭配。
Jing1000086,服饰鞋履,可以配休闲鞋吗?,1,该用户是在询问直播展示的服饰或配饰是否能与休闲鞋搭配穿着。
Jing1000086,服饰鞋履,小个子可以穿吗,1,该用户是在询问主播展示的服装款式是否适合身材娇小的人穿着。
Jing1000086,服饰鞋履,美背C杯穿不了,0,该用户想表达的含义是：胸围较大的女性可能不适合穿这款美背内衣。
Jing1000086,服饰鞋履,还是刚才的腰带好看,1,该用户是在对比后表达对之前展示的腰带款式的偏好，暗示希望再次介绍或购买那条腰带。
Jing1000086,服饰鞋履,起皱吗,1,该用户是在询问商品（可能是衣物或配饰）是否容易产生褶皱。
Jing1000086,服饰鞋履,"半个赞还差一点哦,姐妹们",0,该用户是在催促其他观众积极点赞互动，暗示当前点赞数还未达到预期目标，希望大家再加把劲。
Jing1000086,服饰鞋履,容易皱吗?,1,该用户是在询问商品的材质是否容易起皱，以评估其日常穿着或使用的实用性。
Jing1000086,服饰鞋履,还是刚才那个要带好看,1,该用户想表达的是：我更喜欢之前展示的那款腰带，想购买它。
Jing1000086,服饰鞋履,主播穿的是哪个码,1,该用户想询问主播身上展示的服装具体尺码，以便参考购买。
Jing1000086,服饰鞋履,沐浴露沐浴露沐浴露沐浴露沐浴露,1,该用户想表达的含义是：强烈催促主播尽快介绍或上架沐浴露产品。
Jing1000086,服饰鞋履,矮个子穿一下,1,该用户想询问主播展示的服装是否适合身材娇小的人穿着。
Jing1000086,服饰鞋履,有运费险吗,0,该用户想确认商品是否支持退换货时免运费，以此作为购买决策的重要参考因素。
Jing1000086,服饰鞋履,可以配小白鞋吗,1,该用户想询问直播展示的服饰或配饰是否能与小白鞋搭配穿着。
Jing1000086,服饰鞋履,配什么鞋子,1,该用户想询问当前展示的服装或配饰适合搭配哪种类型的鞋子。
Jing1000086,服饰鞋履,看下袖子,1,该用户想表达的含义是：让主播展示或详细介绍一下衣服袖子的部分。
Jing1000086,服饰鞋履,@好***穿不了C杯就不能穿了,0,该用户想表达的含义是：C罩杯的顾客可能无法穿着这款内衣。
Jing1000086,服饰鞋履,这个腰带好看,1,该用户是在对比后表达对之前展示的某款腰带的明确喜爱和购买倾向。
Jing1000086,服饰鞋履,袖子放下来看看,1,该用户希望主播展示衣服袖子放下来的实际效果。
Jing1000086,服饰鞋履,可以搭休闲鞋吗,1,该用户是在询问当前展示的服装款式是否能与休闲风格的鞋子搭配。
Jing1000086,服饰鞋履,私服就是好看[比心][比心][比心][比心][比心]必买,1,该用户想表达的含义是：主播的私服穿搭非常吸引人，自己已经决定要购买同款。  （释义依据：前文弹幕多为针对服装细节、搭配和尺码的提问，而目标弹幕通过高频表情符号和“必买”的肯定语气，表现出强烈认同与购买意向，属于从询问转向决策的消费行为表态。）
Jing1000086,服饰鞋履,能机洗吗欣姐,1,该用户想询问主播展示的服装是否支持洗衣机洗涤功能。
Jing1000086,服饰鞋履,裙子皱吗?,1,该用户是在询问裙子的面料是否容易起皱，以评估其实用性和日常穿着体验。
Jing1000086,服饰鞋履,可以配这条腰带吗,1,该用户想询问当前展示的商品是否能与之前提到的腰带搭配使用。
Jing1000086,服饰鞋履,西装裤还有吗,1,该用户想询问当前直播中展示的西装裤是否仍有库存可供购买。
Jing1000086,服饰鞋履,这个腰带带吗,1,该用户想询问主播展示的腰带是否适合日常佩戴或搭配使用。
Jing1000086,服饰鞋履,私服好好看,1,该用户想表达的含义是：主播的日常穿搭风格非常吸引人，让人有购买欲望。
Jing1000086,服饰鞋履,腰带能不能上,1,该用户是在询问主播是否会上架当前展示的腰带商品。
Jing1000086,服饰鞋履,腰带有吗?,1,该用户是在询问直播间是否有腰带商品在售或可供展示。  （结合前文语境，腰带是当前讨论焦点，多次被提及搭配和展示需求，用户可能受此影响产生兴趣，想确认购买或查看详情。）
Jing1000086,服饰鞋履,都需要,1,该用户想表达的含义是：刚才提到的这些商品或配件我全都想要。
Jing1000086,服饰鞋履,没背会下漏吗,1,该用户可能是在询问“这款衣服的背部设计是否会有走光的风险”。  （结合前文弹幕中频繁出现的关于服装细节、搭配和实用性的提问，如“袖子”“腰带”“配鞋子”等，可推测用户关注的是产品本身的设计和穿着效果。目标弹幕中的“背”和“漏”更可能是对服装版型的担忧，而非字面背诵或遗漏含义。）
Jing1000086,服饰鞋履,这个腰带送不,1,该用户是在询问当前展示的商品是否包含赠送腰带这一配件或促销活动。
Jing1000086,服饰鞋履,身上腰带[爱心][爱心],1,该用户想表达的含义是：对直播中展示的腰带表示喜爱和购买意向。
Jing1000086,服饰鞋履,这个可以搭平底鞋吗,1,该用户想询问展示的商品是否能与平底鞋搭配，以评估其日常穿搭的实用性。
Jing1000086,服饰鞋履,卡码拍大还是小,1,该用户是在询问衣服尺码的选择建议，不确定应该选择偏大还是偏小的尺码。
Jing1000086,服饰鞋履,白裤子白裤子,1,该用户是在强烈表达对直播中展示的白色裤子的兴趣或购买意向。
Jing1000086,服饰鞋履,47号加库存,0,该用户希望商家增加47号商品的库存以便购买。
Jing1000086,服饰鞋履,这个做个衬衣,1,该用户想表达的含义是：询问主播这件衣服是否适合用来制作衬衫款式。
Jing1000086,服饰鞋履,这个腰带送吗,1,该用户是在询问当前展示的商品是否会附赠腰带作为赠品。
Jing1000086,服饰鞋履,碎花连衣裙今天上吗,1,该用户是在询问主播今天是否会展示或销售碎花连衣裙这款商品。
Jing1000086,服饰鞋履,私服好看,1,该用户想表达的含义是：对主播展示的私服款式表示赞赏并暗示有购买意向。
Jing1000086,服饰鞋履,你的亚麻黄色衬衣还上不,1,该用户是在询问主播身上穿的亚麻黄色衬衣是否会再次补货或上架销售。
Jing1000086,服饰鞋履,退后看看,1,该用户想表达的含义是：让主播把镜头拉远或调整角度，以便更全面地查看商品展示效果。
Jing1000086,服饰鞋履,透不透,1,该用户可能在询问直播中展示的服装面料是否透明或透气。
Jing1000086,服饰鞋履,感觉这个腰带好看,1,该用户对展示的腰带款式产生了兴趣，认为其设计符合自己的审美偏好。
Jing1000086,服饰鞋履,会皱吗?,1,该用户是在询问直播中展示的衣物材质是否容易起皱。
Jing1000086,服饰鞋履,透吗?,1,该用户是在询问直播中展示的服装或面料是否透明。
Jing1000086,服饰鞋履,卡码怎么拍,1,该用户想询问如何根据尺码选择合适的商品进行购买。
Jing1000086,服饰鞋履,白色腰带有没有,1,该用户是在询问直播间是否有白色款式的腰带可供购买。
Jing1000086,服饰鞋履,"今年设计团队不错,款式太好看了",0,该用户是在称赞直播商品的时尚设计和款式吸引力，暗示对产品的认可和潜在购买意向。
Jing1000086,服饰鞋履,"衣服又买了几套,就缺鞋子了[爱心][爱心][爱心][爱心][爱心]",0,该用户想表达的含义是：自己已经购买了不少衣服，现在正需要搭配的鞋子来完成整体造型。
Jing1000086,服饰鞋履,美背大胸能穿不,1,该用户是在询问这件衣服是否适合身材丰满、背部较宽的女性穿着。
Jing1000086,服饰鞋履,买不完你家衣服了[流泪][流泪][流泪][流泪][流泪],0,该用户想表达的含义是：你们家的衣服款式太吸引人，让我忍不住一直想购买，甚至有些无奈和感慨。
Jing1000086,服饰鞋履,有夏天穿的喇叭裤么?,1,该用户是在询问直播间是否有适合夏季穿着的喇叭裤款式可供购买。
Jing1000086,服饰鞋履,白色腰带,1,该用户是在询问或确认直播间是否有白色腰带的商品可供购买。
Jing1000086,服饰鞋履,腰带一起的吗亲亲,1,该用户想询问当前展示的商品是否包含配套的腰带。
Jing1000086,服饰鞋履,知道你[比心][比心][比心]我们喜欢就买,0,该用户想表达的含义是：因为对主播或产品有好感，所以愿意支持购买。  （结合前文弹幕中频繁出现的购买意向、对款式的赞美以及互动氛围，用户通过[比心]表情和直接表态“喜欢就买”，传递了情感驱动的消费动机，而非单纯的功能性提问。）
Jing1000086,服饰鞋履,做个天蓝色吧,0,该用户希望主播推出天蓝色款式的服装。
Jing1000086,服饰鞋履,他身上这个腰带一起上可以[比心],1,该用户想表达的含义是：询问主播身上展示的腰带是否会作为商品一同上架销售，并表达对这款腰带的喜爱和购买意向。
Jing1000086,服饰鞋履,一米五能穿吗?,1,该用户是在询问商品是否适合自己一米五的身高穿着。
Jing1000086,服饰鞋履,可以配休闲鞋子嘛,1,该用户想询问直播展示的服装是否能搭配休闲鞋穿着。
Jing1000086,服饰鞋履,有运费险嘛,0,该用户是在确认退货保障政策，以此评估是否要下单购买当前展示的商品。
Jing1000086,服饰鞋履,47号裙子加库存,0,该用户希望商家增加47号裙子的库存以便购买。
Jing1000086,服饰鞋履,3号还有吗,1,该用户是在询问直播间正在展示的3号商品是否仍有库存或能否继续购买。
Jing1000086,服饰鞋履,搭配这个腰带更好看,1,该用户认为当前展示的商品与腰带搭配能提升整体视觉效果，暗示对商品组合的购买兴趣或建议主播进行搭配展示。
Jing1000086,服饰鞋履,可以搭休闲鞋吗可以搭休闲鞋吗,1,该用户想确认当前展示的服装款式是否适合搭配休闲鞋，表现出对产品实用性和搭配效果的关注。
Jing1000086,服饰鞋履,脚上的鞋子有?,1,该用户是在询问主播脚上穿的鞋子是否有货或是否在售。
Jing1000086,服饰鞋履,欣姐穿多长,1,该用户想询问主播身上衣服的具体长度是否适合自己。
Jing1000086,服饰鞋履,美背大胸穿不了的,0,该用户想表达的含义是：这款衣服的版型可能不适合身材丰满的女性。
Jing1000086,服饰鞋履,我觉得那样也没意思,0,该用户可能是在委婉表达对当前推荐商品或搭配方式的不感兴趣，认为展示的款式或风格缺乏吸引力。
Jing1000086,服饰鞋履,大胸能穿吗,1,该用户是在询问某件服装款式是否适合胸部丰满的体型穿着。
Jing1000086,服饰鞋履,这个能当外套穿吗,1,该用户是在询问该服装是否具备外套的功能属性，以判断其是否符合自己的穿搭需求。
Jing1000086,服饰鞋履,有短袖吗?,1,该用户是在询问直播间是否有短袖款式可供购买。
Jing1000086,服饰鞋履,价格没改,0,该用户可能是在提醒主播商品页面或直播间的标价尚未更新为当前促销活动的价格，暗示自己有意购买但希望确认最终优惠。
Jing1000086,服饰鞋履,上点白色腰带,1,该用户希望主播尽快上架或展示白色款式的腰带商品。  （结合前文语境，用户对腰带类商品表现出兴趣，且多次提及颜色、搭配等具体需求，因此这条弹幕的核心诉求是催促主播提供白色腰带的购买选项或实物展示。）
Jing1000086,服饰鞋履,卡吗怎么拍,1,该用户可能因直播画面卡顿而询问是否影响购买流程，并想了解具体的下单方式。
Jing1000086,服饰鞋履,身上腰带更好看,1,该用户是在建议主播展示或上架与当前服装更搭配的腰带款式。
Jing1000086,服饰鞋履,"可以配小白鞋吗,穿不了高跟鞋",1,该用户想询问直播展示的服饰是否适合搭配平底鞋穿着，暗示自己对产品有实际穿搭需求但排斥高跟鞋款式。
Jing1000086,服饰鞋履,有运费险吗,0,该用户是在确认商品的售后保障，以此评估购买风险并决定是否下单。
Jing1000086,服饰鞋履,有短袖吗,1,该用户是在询问直播间是否售卖短袖款式的服装。
Jing1000086,服饰鞋履,白色包包,1,该用户想表达的含义是：询问主播是否会上架或展示白色的包包款式。
Jing1000086,服饰鞋履,有静电吗?[捂脸],1,该用户可能在询问服装材质是否容易产生静电，同时以调侃的语气表达对穿着体验的担忧。
Jing1000086,服饰鞋履,夏天穿的吗,1,该用户是在询问当前展示的服装是否适合夏季穿着。
Jing1000086,服饰鞋履,矮个子穿一下,1,该用户想询问主播这件衣服是否适合身高较矮的人穿着。
Jing1000086,服饰鞋履,有没有短袖,1,该用户是在询问直播间是否有短袖款式的商品可供购买。
Jing1000086,服饰鞋履,这个腰带好看[鼓掌],1,该用户想表达的含义是：对展示的腰带款式表示赞赏并流露出购买意向。
Jing1000086,服饰鞋履,146穿会长吗,1,该用户是在询问身高146cm的人穿上这件衣服是否会显得太长。
Jing1000086,服饰鞋履,有静电吗?,1,该用户是在询问这件衣服的面料是否容易产生静电问题。
Jing1000086,服饰鞋履,可以搭休闲鞋吗,1,该用户是在询问直播展示的服装款式是否能与休闲鞋搭配穿着。
Jing1000086,服饰鞋履,130斤的我可惜穿不了[捂脸],0,该用户因自身体重限制无法穿着展示的服装，感到遗憾并略带自嘲。
Jing1000086,服饰鞋履,现货吗,1,该用户想询问商品是否有库存可以立即发货。
Jing1000086,服饰鞋履,腰带可以买吗,1,该用户是在询问腰带是否值得购买或是否符合其需求。
Jing1000086,服饰鞋履,没货了,0,该用户想表达的含义是：自己看中的商品已经售罄了。
Jing1000086,服饰鞋履,主播穿的是哪个型号,1,该用户想询问主播身上所穿衣服的具体款式或货号信息，以便进一步了解或购买同款。
Jing1000086,服饰鞋履,透吗?透吗?,1,该用户可能在询问商品材质是否透明或透气。
Jing1000086,服饰鞋履,身上腰带有吗亲亲,1,该用户是在询问主播身上佩戴的腰带是否有现货可供购买。
Jing1000086,服饰鞋履,150.88什能穿吗,1,该用户是在询问身高150.88cm的人是否能穿这件衣服。
Jing1000086,服饰鞋履,鞋子好看,1,该用户被直播中展示的鞋子款式吸引，产生了审美认可和潜在的购买兴趣。
Jing1000086,服饰鞋履,太喜欢了[比心][比心],1,该用户被当前展示的商品深深打动，用热情的表情符号强烈表达了对商品的喜爱和潜在的购买意愿。
Jing1000086,服饰鞋履,没有高个子?,1,该用户可能是在询问直播中展示的服装或商品是否有适合高个子身材的款式或尺寸。
Jing1000086,服饰鞋履,小白鞋可以配吗,1,该用户想询问主播展示的小白鞋是否能搭配当前直播中展示的服装或商品。
Jing1000086,服饰鞋履,腰带有吗,1,该用户是在询问主播当前展示或提到的腰带商品是否有库存或可供购买。
Jing1000086,服饰鞋履,没有了,0,该用户想表达的含义是：询问商品是否已经售罄或没有库存了。
Jing1000086,服饰鞋履,卡玛怎么拍,1,该用户想询问主播展示的某款商品（可能是服装或配饰）的具体购买方式或下单流程。
Jing1000086,服饰鞋履,没抢到,0,该用户想表达的是对某款已售罄商品的遗憾和未能成功购买的失落感。
Jing1000086,服饰鞋履,没有高个子吗?,1,该用户可能在询问直播间展示的服装或商品是否有适合高个子人群的款式或尺寸。
Jing1000086,服饰鞋履,透明吗,1,该用户是在询问商品的材质是否透明或容易走光。
Jing1000086,服饰鞋履,抢不到,0,该用户想表达的含义是：对商品因抢购激烈或库存不足而未能成功购买感到遗憾和失望。
Jing1000086,服饰鞋履,.152拍什么码,1,该用户想询问身高152厘米应该选择什么尺码的商品。
Jing1000086,服饰鞋履,欣姐穿什么裙长,1,该用户想询问主播身上穿的裙子具体是什么款式或尺码，以便考虑自己是否适合购买。
Jing1000086,服饰鞋履,美背八十斤怎么拍,1,"该用户想询问“美背款式商品适合体重80斤的人该如何选择尺码或下单”。 （解析：结合前文高频出现的尺码咨询（如150.88/152身高选码）、商品细节追问（腰带/型号/透光度）等语境，""美背""指向具体商品类型，""八十斤""是典型体重参数，整句核心是消费者在确认身材适配性后的购买决策咨询，延续了直播间用户对商品适配性的高度关注特征。）"
Jing1000086,服饰鞋履,有没有运费险,1,该用户是在确认商品是否附带退货运费保障，以此评估购买风险并决定是否下单。
Jing1000086,服饰鞋履,"欣姐,裙长是多少?在报一下",1,该用户是在询问主播身上所穿裙子的具体长度信息，希望对方能再次详细说明尺寸数据以便判断是否适合自己购买。
Jing1000086,服饰鞋履,卡码咋拍,1,该用户想询问商品“卡玛”的具体购买方式或下单步骤。
Jing1000086,服饰鞋履,主播穿哪个裙长,0,该用户想询问主播身上穿的裙子长度是多少，以便参考选择合适的尺码。
Jing1000086,服饰鞋履,你这个腰带有买吗?[捂脸],1,该用户是在询问主播展示的腰带是否还有库存可以购买，同时用表情符号表达了因担心抢不到而产生的无奈或调侃情绪。
Jing1000086,服饰鞋履,身上这个皮带有吗,1,该用户是在询问主播身上佩戴的皮带是否在售。
Jing1000086,服饰鞋履,袖子放下来,1,该用户可能是在询问主播能否展示或说明衣服袖子的放下效果，以判断款式是否符合自己的穿着需求。
Jing1000086,服饰鞋履,卡大码还是小码,1,该用户是在询问主播商品尺码的选择建议，不确定自己应该购买偏大还是偏小的尺码。
Jing1000086,服饰鞋履,透吗?,1,该用户是在询问商品的材质是否透明或透光。
Jing1000086,服饰鞋履,50岁可以穿吗,1,该用户是在询问主播展示的服装款式是否适合50岁年龄段的穿着风格和身材特点。
Jing1000086,服饰鞋履,主播穿的是哪个裙长,1,该用户是想询问主播身上所穿裙子的具体长度尺寸信息。
Jing1000086,服饰鞋履,搭配小白鞋看看,1,该用户想表达的含义是：希望主播展示当前商品搭配小白鞋的效果。
Jing1000086,服饰鞋履,有没有短款,1,该用户是在询问主播展示的商品是否有更短的款式或尺寸可供选择。
Jing1000086,服饰鞋履,要鞋子,1,该用户想表达的含义是：询问主播身上展示的鞋子是否可购买或希望主播推荐搭配的鞋款。
Jing1000086,服饰鞋履,抗皱吗,1,该用户是在询问产品是否具备抗皱功能或材质是否不易起皱。
Jing1000086,服饰鞋履,西裤再加一点,0,该用户希望主播在展示西裤时增加更多细节或款式介绍。
Jing1000086,服饰鞋履,3号链接黑色,1,该用户想表达的含义是：我想购买3号链接的黑色款商品。
Jing1000086,服饰鞋履,卡码拍大还是小,1,该用户是在询问商品尺码选择建议，不确定自己应该购买偏大还是偏小的尺寸。
Jing1000086,服饰鞋履,身上这个要带好看,1,该用户想表达的含义是：询问主播身上佩戴的腰带是否单独售卖且款式是否好看。
Jing1000086,服饰鞋履,袖子是短的更好,1,该用户倾向于认为短袖款式比长袖更适合当前展示的商品。
Jing1000086,服饰鞋履,153怎么拍,1,该用户想询问商品编号153的具体购买方式或下单流程。
Jing1000086,服饰鞋履,"蓝色交叉无袖,有小个子版吗",1,该用户是在询问主播展示的蓝色交叉无袖款服装是否有适合矮小身材的尺码版本。
Jing1000086,服饰鞋履,卡码呢,1,该用户是在询问商品尺码对应的具体拍法（例如应该选择偏大还是偏小的尺码）。
Jing1000086,服饰鞋履,透吗透吗,1,该用户是在询问主播展示的衣物是否透明或容易走光。
Jing1000086,服饰鞋履,主播穿的长款吗,1,该用户是想询问主播所穿衣服的长度是否为长款款式。
Jing1000086,服饰鞋履,主播穿的多大的,0,该用户是在询问主播身上所穿服装的具体尺码信息。
Jing1000086,服饰鞋履,做这个腰带,1,该用户想表达的含义是：想要主播展示或推荐当前佩戴的那款腰带。
Jing1000086,服饰鞋履,配下白色腰带看看,1,该用户希望主播展示当前服装搭配白色腰带的效果。
Jing1000086,服饰鞋履,有腰带吗,1,该用户可能在询问当前展示的商品是否有配套的腰带，或是想确认之前主播提到的腰带是否包含在售商品中。
Jing1000086,服饰鞋履,几个腰带,1,该用户是在询问当前展示的商品是否有多种腰带款式或颜色可供选择。
Jing1000086,服饰鞋履,有其他颜色吗,1,该用户想询问当前展示的商品是否还有除已提及颜色以外的其他可选款式。
Jing1000086,服饰鞋履,主播穿的长度是多少的?,1,该用户是想询问主播所穿衣服的具体长度尺寸信息。
Jing1000086,服饰鞋履,主播穿得哪个长度,1,该用户想询问主播所穿衣服的具体长度尺寸。
Jing1000086,服饰鞋履,配这个腰带吧,1,该用户希望主播搭配展示当前提到的腰带款式。
Jing1000086,服饰鞋履,非常漂亮,1,该用户是在称赞主播展示的服装款式或搭配效果好看，可能隐含对商品的认可和购买意向。
Jing1000086,服饰鞋履,不要腰带可以吗,1,该用户是在询问商品是否可以不带腰带单独购买或使用。
Jing1000086,服饰鞋履,身高155可以拍矮个子吗,1,该用户是在询问自己身高155厘米是否适合购买直播间里针对矮个子设计的服装款式。
Jing1000086,服饰鞋履,配腰带吗,1,该用户是在询问商品是否附带腰带配件。
Jing1000086,服饰鞋履,96斤什么码,1,该用户是在询问自己体重96斤应该选择什么尺码的衣服。
Jing1000086,服饰鞋履,欣姐什么裙长,1,该用户是在询问主播所穿裙子的具体长度信息。
Jing1000086,服饰鞋履,袖子有多长,1,该用户想询问主播所展示服装的袖长尺寸信息。
Jing1000086,服饰鞋履,显修长,1,该用户想询问主播展示的服装款式是否具有修身显瘦、拉长身材比例的视觉效果。
Jing1000086,服饰鞋履,有短袖嘛,1,该用户想询问直播间是否有短袖款式的服装在售。
Jing1000086,服饰鞋履,私服好看,1,该用户是在称赞主播的穿搭风格并暗示对同款服装的兴趣。
Jing1000086,服饰鞋履,卡玛怎么拍,1,该用户想询问主播展示的服装款式“卡玛”应该如何选择尺码或下单购买。
Jing1000086,服饰鞋履,"154身高,90斤拍哪种长度",1,该用户想询问自己身高154厘米、体重90斤的情况下适合选择哪个裙长尺寸。
Jing1000086,服饰鞋履,147穿会长吗,1,该用户想询问自己身高147厘米穿上这款衣服是否会显得过长。
Jing1000086,服饰鞋履,西裤加点,1,该用户可能是想询问主播是否能在西裤上添加额外的设计或配件（如腰带等）。
Jing1000086,服饰鞋履,容易皱吗,1,该用户是在询问衣服面料是否容易起皱，以评估其实用性和日常穿着效果。
Jing1000086,服饰鞋履,欣姐穿多长,1,该用户想询问主播身上穿的裙子具体是什么长度。
Jing1000086,服饰鞋履,欣姐穿的哪个裙长,1,该用户想询问主播身上所穿裙子的具体长度款式。
Jing1000086,服饰鞋履,主播身上穿的什么码,1,该用户是想询问主播所穿衣服的尺码信息，以便参考购买。
Jing1000086,服饰鞋履,鞋子鞋子鞋子,1,该用户想表达的含义是：询问主播展示的鞋子款式或购买链接。
Jing1000086,服饰鞋履,有运费险吗,0,该用户可能是在确认退货保障政策，以降低购买决策风险。
Jing1000086,服饰鞋履,腰带有吗?,1,该用户是在询问直播间是否售卖或搭配与当前展示商品相关的腰带配件。
Jing1000086,服饰鞋履,卡号怎么拍,1,该用户是想询问商品的具体购买方式或下单步骤。
Jing1000086,服饰鞋履,卡码需要拍大吗,1,该用户是在询问衣服的尺码选择，担心自己身材偏大是否需要选大一号的尺寸。
Jing1000086,服饰鞋履,主播穿的哪个长度,1,该用户想询问主播身上所穿服装的具体长度尺寸。
Jing1000086,服饰鞋履,身上这个腰带,1,该用户是在询问主播身上所佩戴的腰带是否有售或相关购买信息。
Jing1000086,服饰鞋履,夏天会热嘛,1,该用户可能在询问直播中展示的夏季服装是否适合炎热天气穿着。
Jing1000086,服饰鞋履,可以搭休闲鞋吗可以搭休闲鞋吗,1,该用户想询问主播展示的服装是否适合搭配休闲鞋，以确认其日常穿搭的实用性。
Jing1000086,服饰鞋履,主播穿的是什么长度的,1,该用户是在询问主播身上所穿衣服的具体长度尺寸，以便参考选择合适的款式。
Jing1000086,服饰鞋履,在来个阔腿裤,1,该用户想表达的含义是：希望主播再推荐或展示一款阔腿裤款式。
Jing1000086,服饰鞋履,还有私服吗,1,该用户想询问直播间是否还有主播同款私服在售。
Jing1000086,服饰鞋履,主播穿哪个长度,1,该用户是在询问主播所穿衣服的具体裙长或裤长尺寸，以便参考购买。
Jing1000086,服饰鞋履,腰带卖吗,1,该用户想询问直播间是否有腰带在售并考虑购买。
Jing1000086,服饰鞋履,有光泽吗,1,该用户是在询问商品表面是否具有光泽感或反光效果。
Jing1000086,服饰鞋履,是现货现发吗?,0,该用户想确认商品是否为库存现售、能够立即发货的状态。
Jing1000086,服饰鞋履,腰带上一个,1,该用户想表达的是询问主播身上搭配的腰带是否有货可以购买。
Jing1000086,服饰鞋履,"超级好看,私服.都买了",1,该用户想表达的含义是：主播展示的私服款式非常吸引人，自己已经决定全部下单购买。
Jing1000086,服饰鞋履,"私服好看,多出点私服",1,该用户想表达的含义是：对主播的日常穿搭风格很感兴趣，希望直播间能多推荐类似的休闲服饰款式。
Jing1000086,服饰鞋履,不配腰带怎样,1,该用户想询问如果不搭配腰带的话，商品的效果或穿着体验会如何。
Jing1000086,服饰鞋履,抗皱不,1,该用户可能在询问产品是否具有抗皱功能。
Jing1000086,服饰鞋履,正肩的今年有些肩膀太宽了,1,该用户认为主播展示的服装版型中，正肩设计的肩宽尺寸偏大，不符合自己的穿着偏好。
Jing1000086,服饰鞋履,夏天穿吗,0,该用户想询问主播展示的服装是否适合在夏季穿着。
Jing1000086,服饰鞋履,短袖有吗,1,该用户是在询问直播间是否有短袖款式的服装可供购买。
Jing1000086,服饰鞋履,有运费险吗?,0,该用户是在询问商品是否支持退换货时免运费，以此评估购买风险。
Jing1000086,服饰鞋履,要带配上吧,1,该用户想表达的含义是：建议主播搭配腰带展示整体效果。
Jing1000086,服饰鞋履,"还有私服吗,今晚一起上了吧",1,该用户是在询问主播是否还会展示更多私服款式，并希望今晚能一次性看完所有新品上架。
Jing1000086,服饰鞋履,卡码怎么拍卡码怎么拍,1,该用户想询问如何选择商品尺码以及具体的购买操作步骤。
Jing1000086,服饰鞋履,主播穿的什么尺码,1,该用户想询问主播身上所穿衣服的具体尺码信息，以便参考选择适合自己的尺寸。
Jing1000086,服饰鞋履,这个还有什么颜色,1,该用户想询问商品是否有其他颜色可选。
Jing1000086,服饰鞋履,"喜欢这种类型,上点素花的",1,该用户希望主播能多上架素雅花纹款式的服装。
Jing1000086,服饰鞋履,西裤都没码数了呢,0,该用户可能是在询问或感叹西裤的尺码已经售罄，表达了对购买该商品的兴趣和遗憾。
Jing1000086,服饰鞋履,配的腰带是哪个,1,该用户想询问主播展示的商品所搭配的腰带是哪一款或是否单独售卖。
Jing1000086,服饰鞋履,卡码要拍大吗,1,该用户是在询问商品尺码是否偏小，是否需要选择比平时更大的尺码购买。
Jing1000086,服饰鞋履,腰带上下,1,该用户想表达的含义是：询问主播是否可以将腰带搭配在上下装一起展示或出售。
Jing1000086,服饰鞋履,多出点私服感觉的.都好看,1,该用户希望直播间能多推出一些适合日常穿着的休闲风格服饰，并对当前展示的私服款式表示认可和喜爱。
Jing1000086,服饰鞋履,要是搭配这个腰带更好看,1,该用户认为当前展示的商品如果配上腰带会提升整体搭配效果，暗示对商品有兴趣并希望了解搭配方案。
Jing1000086,服饰鞋履,可以搭休闲鞋吗可以搭休闲鞋吗可以搭休闲鞋吗,1,该用户想询问主播展示的服装是否适合搭配休闲鞋穿着，并表现出较强的搭配需求和重复强调的急切心理。
Jing1000086,服饰鞋履,夏天穿的吗,1,该用户想询问这件衣服是否适合夏季穿着，以判断其季节适用性和购买价值。
Jing1000086,服饰鞋履,试下黑色腰带,1,该用户想表达的含义是：对黑色腰带感兴趣并想尝试搭配看看效果。
Jing1000086,服饰鞋履,身高154.90斤怎么拍,1,该用户是在询问自己身高154厘米、体重90斤的情况下应该选择什么尺码的衣服。
Jing1000086,服饰鞋履,卡码怎么拍?,1,该用户想询问如何根据自身身材选择合适的服装尺码进行购买。
Jing1000086,服饰鞋履,裙长多少,1,该用户想询问这条裙子的具体长度信息以便判断是否适合自己穿着。
Jing1000086,服饰鞋履,矮个子穿一下,1,该用户想表达的含义是：询问主播这件衣服是否适合矮个子身材的人试穿或购买。
Jing1000086,服饰鞋履,袖子放下来吧,1,该用户希望主播将袖子的部分展示出来以便更清楚地查看服装款式或穿着效果。
Jing1000086,服饰鞋履,你身上腰带有吗,1,该用户想询问主播身上佩戴的腰带是否在售或可以购买。
Jing1000086,服饰鞋履,有没有运费险,0,该用户可能是在确认商品是否提供运费险服务，以此作为下单决策的重要参考因素。
Jing1000086,服饰鞋履,主播穿哪个长度的,1,该用户想询问主播身上展示的服装具体是哪个裙长或裤长尺寸。
Jing1000086,服饰鞋履,身高155能穿矮个子吗,1,该用户是在询问自己155cm的身高是否适合穿着直播间展示的服装款式。
Jing1000086,服饰鞋履,主播穿的什么码,1,该用户想询问主播所穿衣服的具体尺码作为自己的购买参考。
Jing1000086,服饰鞋履,主要是没有身材[捂脸],0,该用户因担心自身身材不适合展示的服装款式而表达了犹豫和自嘲的情绪。
Jing1000086,服饰鞋履,胸大穿好看吗,1,该用户想询问这件衣服是否适合胸部丰满的人穿着，以判断是否值得购买。
Jing1000086,服饰鞋履,欣姐穿多大的,1,该用户想询问主播身上所穿服装的具体尺码作为购买参考。
Jing1000086,服饰鞋履,夏天也可以穿吗?,1,该用户是在询问这款服装是否适合夏季穿着，关注的是产品的季节适用性和透气性。
Jing1000086,服饰鞋履,主播穿的什么什么长度,1,该用户想询问主播身上所穿服装的具体尺码或长度信息，以便参考购买。
Jing1000086,服饰鞋履,有没有你身上的腰带,1,该用户是在询问主播身上佩戴的腰带是否在售或能否提供同款链接。
Jing1000086,服饰鞋履,两个裙长差多少,1,该用户想询问主播展示的两款裙子在长度上的具体差异。
Jing1000086,服饰鞋履,美背小胸可以穿吗?,1,该用户是在询问这款衣服是否适合身材较瘦且胸部较小的女性穿着。
Jing1000086,服饰鞋履,有不是黑白灰的连衣裙吗?,1,该用户想表达的含义是：询问直播间是否有颜色更鲜艳或非基础色系的连衣裙款式可供选择。
Jing1000086,服饰鞋履,牛仔裤,1,该用户可能在询问主播关于牛仔裤的尺码、款式或穿搭建议。
Jing1000086,服饰鞋履,皮带开下,1,该用户想表达的含义是：希望主播展示一下皮带的款式或上身效果。
Jing1000086,服饰鞋履,还有什么颜色有没有啊?,1,该用户想询问当前展示的商品是否还有其他可选颜色。
Jing1000086,服饰鞋履,白色包包,1,该用户想询问直播中展示的包包是否有白色款可选。
Jing1000086,服饰鞋履,可以穿下短版吗,1,该用户想询问主播是否能试穿短款版本的服装进行展示。
Jing1000086,服饰鞋履,28号裙子多会发货,0,该用户想询问28号裙子的具体发货时间，表现出明确的购买意向和对商品的关注。
Jing1000086,服饰鞋履,16号黑色没有码了没货了吗,1,该用户是在询问16号黑色款式的商品是否已经断码或缺货。
Jing1000086,服饰鞋履,16号还有吗,1,该用户是在询问16号商品（可能是服装款式）后续是否会补货或重新上架。
Jing1000086,服饰鞋履,"多做一些气质款,好看",1,该用户希望主播能多推荐一些设计优雅、适合日常穿着的服装款式。
Jing1000086,服饰鞋履,"助理回复下,可以搭休闲鞋吗可以搭休闲鞋吗",1,该用户急切想确认展示的服装是否能与休闲鞋搭配，希望助理尽快解答其重复提问的搭配疑问。
Jing1000086,服饰鞋履,16号白色裤子加[比心][比心][比心][比心][比心],1,该用户想表达的含义是：强烈想要购买16号白色款裤子，并表达对商品的喜爱和期待。  （结合前文弹幕可见，直播间正在讨论16号商品的颜色、尺码和库存情况，用户用多个[比心]表情强调对该款的兴趣，可能是希望主播确认有货或优先推荐。）
Jing1000086,服饰鞋履,一米五五穿着到哪里??????,1,该用户想询问主播展示的服装（如连衣裙或裙子）的长度对于身高155cm的人会穿到身体的哪个位置（如膝盖、脚踝等）。
Jing1000086,服饰鞋履,怎么不开运费险呢?[比心],0,该用户是在询问运费险未开通的原因，同时暗示对商品有兴趣但希望降低购买风险。
Jing1000086,服饰鞋履,@好***冬天穿,0,该用户想询问主播展示的服装是否适合在冬季穿着。
Jing1000086,服饰鞋履,可以搭休闲鞋吗可以搭休闲鞋吗,1,该用户想确认当前展示的服装款式是否适合搭配休闲鞋穿着。
Jing1000086,服饰鞋履,腰带上,1,该用户可能在询问主播身上佩戴的腰带是否在售或想了解其款式细节。
Jing1000086,服饰鞋履,"你们家衣服质量货不对板,买了几次在也不敢买了",0,该用户想表达的含义是：对商品质量与宣传不符感到失望，并决定不再回购。
Jing1000086,服饰鞋履,你穿的什么码,1,该用户想询问主播身上所穿服装的具体尺码，可能是为了参考购买同款或类似款式。
Jing1000086,服饰鞋履,五号六号怎么选,1,该用户是在询问如何对比选择直播间展示的第五号和第六号商品。
Jing1000086,服饰鞋履,白色腰带好看,1,该用户想表达的含义是：对展示的白色腰带款式表示认可并可能产生购买意向。
Jing1000086,服饰鞋履,七分袖就好了,1,该用户希望当前展示的服装款式能推出七分袖的版本。
Jing1000086,服饰鞋履,白色西裤,1,该用户可能在询问白色西裤的款式详情或表达对这款商品的兴趣。
Jing1000086,服饰鞋履,大哥眼光[比心]必买,0,该用户想表达的含义是：非常认可主播的选品眼光并表示会下单支持。
Jing1000086,服饰鞋履,刚刚的腰带好看,1,该用户是在对直播中展示的某款白色腰带表示认可和喜爱，暗示自己有潜在的购买意向。
Jing1000086,服饰鞋履,刚才那个腰带不送吗,1,该用户是在询问之前展示的腰带是否为赠品，表达了对该商品的兴趣和获取意向。
Jing1000086,服饰鞋履,你那个套盒里面没有栽培的水吗?,0,该用户是在询问套盒产品中是否缺少了栽培所需的配套水剂。
Jing1000086,服饰鞋履,好看就行,1,该用户想表达的含义是：只要款式设计美观就会考虑购买。
Jing1000086,服饰鞋履,卡号怎么拍,1,该用户可能是在询问如何下单购买当前展示的商品（如带有编号的款式），需要了解具体的购买流程或操作步骤。
Jing1000086,服饰鞋履,适当做点高端的[比心],1,该用户希望商家能推出一些更高品质或设计更精致的款式产品。
Jing1000086,服饰鞋履,都很识货,0,该用户可能是在认同其他观众的选择眼光，暗示当前推荐的商品确实值得购买。
Jing1000086,服饰鞋履,刚刚那个腰带好看,1,该用户对之前展示的腰带款式表示欣赏，并可能暗示有购买意向。
Jing1000086,服饰鞋履,"只要物超所值,都能接受",1,该用户想表达的含义是：只要商品的实际价值超过价格，就愿意考虑购买。
Jing1000086,服饰鞋履,几天发货,0,该用户想询问商品下单后的预计发货时间，表现出对购买流程的实用信息需求。
Jing1000086,服饰鞋履,站远点,1,该用户可能是希望主播或展示者调整站位，以便更清楚地观看商品细节或整体搭配效果。
Jing1000086,服饰鞋履,要刚刚腰带,1,该用户想表达的是对之前展示过的那款腰带有购买意向。
Jing1000086,服饰鞋履,这啥材质的,1,该用户想询问当前展示商品的制作材料以评估其品质和适用性。
Jing1000086,服饰鞋履,裙长多少,1,该用户想询问裙子长度的具体尺寸信息，以评估是否适合自己购买。
Jing1000086,服饰鞋履,喜欢高品质的价格美丽的,1,该用户想表达的含义是：看重商品的优质性和性价比，愿意为物有所值的产品买单。
Jing1000086,服饰鞋履,主要是没有那身材[捂脸],0,该用户是在委婉表达对直播展示的服装或搭配的喜爱，但因自身身材条件限制而无法购买或驾驭。
Jing1000086,服饰鞋履,我贷款买的[捂脸][捂脸][捂脸][捂脸][捂脸],0,该用户是在用自嘲的语气表达自己非常喜欢这款产品，以至于不惜贷款也要购买，同时透露出对消费冲动的无奈和调侃。
Jing1000086,服饰鞋履,没毛病[比心][比心][比心],0,该用户想表达的含义是：对主播推荐的商品表示高度认可和喜爱。
Jing1000086,服饰鞋履,矮个子的试下,1,该用户可能是想询问某件服装或配饰是否适合矮个子身材的人尝试穿着。
Jing1000086,服饰鞋履,说的对,0,该用户想表达的含义是：认同主播刚才介绍的产品卖点或观点。
Jing1000086,服饰鞋履,可以搭休闲鞋吗,1,该用户是在询问当前展示的商品是否能与休闲鞋搭配穿着。
Jing1000086,服饰鞋履,裙子洗了会不会褶皱,1,该用户是在询问裙子的抗皱性能，表现出对产品实用性和保养便利性的关注，暗示潜在的购买意向。
Jing1000086,服饰鞋履,你穿什么码,1,该用户可能在询问主播所展示商品的尺码信息，以便判断是否适合自己购买。
Jing1000086,服饰鞋履,今天上鞋子吗欣姐,1,该用户是在询问主播今天是否会展示或销售鞋类商品，表现出对鞋子的潜在购买兴趣。
Jing1000086,服饰鞋履,美背卡马这么拍,1,该用户想询问主播展示的“美背卡马”款式商品的购买方式或拍摄角度是否合适。
Jing1000086,服饰鞋履,"不到110,买什么码",1,该用户想表达的含义是：价格低于110元的话，应该选择哪个尺码比较合适。
Jing1000086,服饰鞋履,总要一件好的好看的[捂脸],0,该用户想表达的是：虽然觉得这件商品不错且值得购买，但可能因价格或自身条件有些犹豫和调侃。
Jing1000086,服饰鞋履,高端的买回来随便都喜欢,1,该用户想表达的含义是：只要是高品质的商品，不管买哪款都会满意。
Jing1000086,服饰鞋履,比起实体店欣姐家的衣服性价比够可以了,1,该用户认为欣姐家的衣服在价格和质量上相比实体店更有优势，值得购买。
Jing1000086,服饰鞋履,主播说的真好,0,该用户可能是在认可主播的产品介绍或推荐话术，暗示对当前展示的商品产生了信任感。
Jing1000086,服饰鞋履,另外配的腰带上一下,1,该用户想表达的含义是：希望主播展示一下可以搭配当前商品的腰带款式。
Jing1000086,服饰鞋履,买了两件,0,该用户想表达自己已经下单购买了两件商品，表明其实际消费行为和对产品的认可。
Jing1000086,服饰鞋履,刚刚腰带上一个,1,该用户想表达的含义是：希望主播展示一下刚才提到的配套腰带。
Jing1000086,服饰鞋履,什么面料?,1,该用户想询问服装的材质细节以评估是否值得购买。
Jing1000086,服饰鞋履,夏天可以穿吗,1,该用户是在询问这款服装是否适合夏季穿着，暗示对产品的季节适用性存在购买考量。
Jing1000086,服饰鞋履,欣姐还是懂的,0,该用户想表达的含义是：认同主播的穿搭建议或商品推荐，觉得她专业有眼光。
Jing1000086,服饰鞋履,16号还有吗,1,该用户可能在询问商品库存情况，担心16号尺码或款式会售罄，表现出明确的购买意向和紧迫感。
Jing1000086,服饰鞋履,你穿的什么版本,1,该用户想询问主播身上展示的服装是哪个款式或型号。
Jing1000086,服饰鞋履,我贷款买,0,该用户想表达强烈的购买意愿，甚至愿意通过贷款来购买商品。
Jing1000086,服饰鞋履,有运费险就好了,0,该用户希望商品能提供退货运费保障，以便更放心地下单购买。
Jing1000086,服饰鞋履,咋不做其他颜色呢,1,该用户对当前商品的颜色选择有限感到不满，希望商家能提供更多样化的配色选项以满足不同消费者的审美需求。
Jing1000086,服饰鞋履,遮肚子不,1,该用户可能在询问衣服款式是否能有效遮挡腹部赘肉。
Jing1000086,服饰鞋履,多设计私服,1,该用户希望主播能推出更多日常休闲风格的服装款式。
Jing1000086,服饰鞋履,那个皮带好看,1,该用户对直播中展示的皮带款式产生了兴趣，认为其设计符合自己的审美偏好。
Jing1000086,服饰鞋履,刚刚的腰带,1,该用户想表达的含义是：询问之前展示过的那款腰带是否还有货或能否再次介绍。
Jing1000086,服饰鞋履,美背卡码怎么拍,1,该用户想询问主播如何根据尺码表选择适合自己身材的背心款式。
Jing1000086,服饰鞋履,袖子放下来看看,1,该用户想表达的含义是：希望主播展示衣服袖子放下来的实际效果以便判断是否适合购买。
Jing1000086,服饰鞋履,出个黑色,1,该用户希望主播展示或推出当前商品的黑颜色款式。
Jing1000086,服饰鞋履,晚上没有沐浴露?,1,该用户可能在询问直播间是否会上架或推荐适合晚上使用的沐浴露产品。
Jing1000086,服饰鞋履,145-153的裙长多少,1,该用户想询问裙子的具体长度范围是否适合身高在145到153厘米之间的人穿着。
Jing1000086,服饰鞋履,黄色腰带有配吗,1,该用户是在询问当前展示的商品是否有配套的黄色腰带可供搭配购买。
Jing1000086,服饰鞋履,花呗买,0,该用户想表达的含义是：打算用花呗分期购买当前展示的商品。
Jing1000086,服饰鞋履,白色腰带好看,1,该用户是在表达对白色腰带的喜爱，暗示有购买意向。
Jing1000086,服饰鞋履,袖子放下,1,该用户希望主播展示衣服袖子放下来的效果，以便更全面地了解服装款式。
Jing1000086,服饰鞋履,还能配什么,1,该用户想询问当前展示的商品（可能是带有配饰的服装）是否有其他可搭配的配件或款式可供选择。
Jing1000086,服饰鞋履,短款多长,1,该用户想询问短款服装的具体长度尺寸。
Jing1000086,服饰鞋履,黄色腰带,1,该用户是在询问直播中展示的黄色腰带是否有配套商品或能否单独购买。
Jing1000086,服饰鞋履,刚刚腰带,1,该用户可能是想询问或确认主播刚刚展示的那款腰带的相关信息或购买方式。
Jing1000086,服饰鞋履,你穿什么版本,1,该用户想询问主播身上穿的衣服是哪个款式或型号的版本。
Jing1000086,服饰鞋履,微胖穿好看吗,1,该用户是在询问这件衣服对微胖身材的穿着效果是否理想。
Jing1000086,服饰鞋履,袖子放下来,1,该用户希望主播展示衣服袖子放下来的效果，以便更全面地了解服装款式。
Jing1000086,服饰鞋履,"我一个月才4000[捂脸]老是买买买,给欣姐打工呢[捂脸]",0,"该用户是在调侃自己收入有限却忍不住频繁购买直播间商品，自嘲成了主播的""打工人""。"
Jing1000086,服饰鞋履,袖子看一下,1,该用户希望主播展示衣服袖子的具体款式或细节。
Jing1000086,服饰鞋履,"我家一个月4万,各种开销就要3万",0,该用户想表达的含义是：虽然收入较高但生活开销大，暗示自己消费能力有限或对购物持谨慎态度。
Jing1000086,服饰鞋履,碎花连衣裙,1,该用户可能在询问或表达对直播间展示的碎花连衣裙款式的兴趣，希望了解具体细节或求推荐类似单品。
Jing1000086,服饰鞋履,不如系腰带好看,1,该用户认为当前展示的款式没有之前提到的白色或黄色腰带设计好看，暗示更倾向选择有腰带搭配的款式。
Jing1000086,服饰鞋履,包包有吗,1,该用户想表达的含义是：询问直播间是否有某款包袋商品在售。
Jing1000086,服饰鞋履,@小***冬天穿,0,该用户想询问主播身上展示的服装是否适合在冬季穿着。
Jing1000086,服饰鞋履,黄色腰带配吗,1,该用户是在询问黄色腰带是否能搭配当前展示的服装款式。
Jing1000086,服饰鞋履,有小肚子能穿不?,1,该用户是在询问这件衣服是否适合有小肚子的身材穿着，担心显胖或不合身。
Jing1000086,服饰鞋履,"嗯,上了.一起买.私服",1,该用户想表达的含义是：我也看中了这款私服，准备和大家一起拼单购买。
Jing1000086,服饰鞋履,显胖不,1,该用户是在询问这件衣服是否会让穿着者显得身材臃肿。
Jing1000086,服饰鞋履,美背纠结买黑色还是白色,1,该用户正在犹豫选择黑色还是白色的美背款式，表现出明确的购买意向和选择困难。
Jing1000086,服饰鞋履,主播穿的什么码,1,该用户想询问主播身上衣服的尺码信息，以判断自己是否适合购买同款。
Jing1000086,服饰鞋履,有没有沐浴露,1,该用户可能在询问直播间是否有沐浴露产品上架或推荐，表现出对购买沐浴露的兴趣或需求。
Jing1000086,服饰鞋履,拍了加急,0,该用户想表达自己已经下单并选择了加急配送服务。
Jing1000086,服饰鞋履,什么年龄,0,该用户想询问主播展示的服装适合哪个年龄段的人穿着。
Jing1000086,服饰鞋履,鞋子有吗,1,该用户想询问直播间是否有鞋子在售，并可能对款式或库存情况感兴趣。
Jing1000086,服饰鞋履,穿什么鞋,1,该用户可能在询问主播当前展示或推荐的鞋款是否适合自己或想了解鞋子的具体款式和搭配建议。
Jing1000086,服饰鞋履,主播穿的是长裙吗,1,该用户是在询问主播身上展示的服装款式细节，以评估是否适合自己购买。
Jing1000086,服饰鞋履,"好看,就是太白了",0,该用户觉得产品款式不错，但颜色过于浅淡可能不太适合自己或担心不耐脏。
Jing1000086,服饰鞋履,刚刚的腰带截图,0,该用户希望主播提供刚才展示的腰带商品的截图以便进一步查看细节。
Jing1000086,服饰鞋履,刚才的腰带上一下,1,该用户想表达的含义是：希望主播再次展示刚才提到的那款腰带。
Jing1000086,服饰鞋履,"私服好看,多出点私服[比心]",1,该用户想表达的含义是：对主播的日常穿搭风格很欣赏，希望直播间能多推荐类似的休闲服饰。
Jing1000086,服饰鞋履,裙长多长,1,该用户想询问主播身上穿的裙子具体长度是多少，以判断是否适合自己穿着。
Jing1000086,服饰鞋履,主播身高,1,该用户可能是想询问主播的身高作为参考，以判断服装的上身效果或尺码选择。
Jing1000086,服饰鞋履,私服私服,1,该用户是在呼吁主播展示或推荐更多日常私服款式的服装。
Jing1000086,服饰鞋履,怎么这么好看[玫瑰][玫瑰][玫瑰],0,该用户想表达的含义是：对主播展示的服装款式表示强烈的喜爱和赞美。
Jing1000086,服饰鞋履,刚才的皮带[比心][比心][比心],1,该用户想表达对刚才展示的皮带的强烈喜爱和购买意向。
Jing1000086,服饰鞋履,袖子多长啊,1,该用户想询问主播展示的服装袖子的具体长度以判断是否适合自己穿着。
Jing1000086,服饰鞋履,你的唇膏什么时候有,1,该用户想询问主播推荐的唇膏产品何时会再次补货或上架销售。
Jing1000086,服饰鞋履,这款优带没有刚才那个好看,0,该用户认为当前展示的腰带款式不如之前介绍的那款吸引人。
Jing1000086,服饰鞋履,袖子放下看看,1,该用户想表达的含义是：希望主播展示衣服袖子的实际穿着效果。
Jing1000086,服饰鞋履,七分袖吗,1,该用户是在询问主播所穿衣服的袖长是否为七分袖款式。
Jing1000086,服饰鞋履,"对,终于转变了",0,该用户可能是在对主播更换展示的服装款式或风格表示认可和期待，认为之前的搭配不够理想而现在终于有了改进。
Jing1000086,服饰鞋履,裙长多少,1,该用户想询问裙子具体的长度尺寸信息以评估是否适合自己购买。
Jing1000086,服饰鞋履,什么码,1,该用户可能在询问主播展示的服装或商品的尺码信息。
Jing1000086,服饰鞋履,可以搭小白鞋吗,1,该用户想询问直播展示的服饰是否能与小白鞋搭配穿着。
Jing1000086,服饰鞋履,尺码放一下,1,该用户希望主播展示当前商品的尺码信息以供参考。
Jing1000086,服饰鞋履,感觉腰线有点低,0,该用户可能是在委婉表达对服装版型的不满或顾虑，暗示腰线设计不够理想。
Jing1000086,服饰鞋履,袖子放下来看看阿,1,该用户希望主播展示衣服袖子的全貌或实际穿着效果。
Jing1000086,服饰鞋履,一次全上了吧,0,该用户希望主播一次性展示或上架所有相关商品款式，避免分批介绍。
Jing1000086,服饰鞋履,你可以穿短款的看一下吗,1,该用户希望主播展示短款款式的上身效果。
Jing1000086,服饰鞋履,有短袖就好了,1,该用户希望主播能推荐或展示适合夏季穿着的短袖款式。
Jing1000086,服饰鞋履,什么料子,1,该用户想询问服装面料的材质或成分。
Jing1000086,服饰鞋履,有没有唇膏,1,该用户是在询问直播间是否有唇膏产品在售或展示。
Jing1000086,服饰鞋履,欣姐穿多长,0,该用户想询问主播“欣姐”身上穿的衣服的具体长度。
Jing1000086,服饰鞋履,后面看一下,1,该用户想表达的含义是：希望主播接下来展示或介绍其他款式的商品。
Jing1000086,服饰鞋履,知性美,1,该用户可能在称赞主播或展示商品的风格气质优雅大方，符合知性审美。
Jing1000086,服饰鞋履,上沐浴露吗?,1,该用户是在询问直播中是否会推出沐浴露产品，表现出对购买沐浴露的兴趣和期待。
Jing1000086,服饰鞋履,什么时候发货,0,该用户想表达的含义是：询问商品的发货时间以确认购买后的收货安排。
Jing1000086,服饰鞋履,夏天穿热吗,1,该用户是在询问这件衣服在夏季穿着时的透气性和舒适度，以此判断是否适合购买。
Jing1000086,服饰鞋履,私服一次性全上了吧,0,该用户希望主播一次性展示所有款式的私服商品，而不是分批介绍。
Jing1000086,服饰鞋履,要往大拍吗,1,该用户是在询问是否需要选择更大尺码的服装。
Jing1000086,服饰鞋履,154选哪个码,1,该用户想询问身高154厘米的人适合选择哪个尺码的服装。
Jing1000086,服饰鞋履,身高152体重96买多大号,1,该用户是在询问适合自己身高和体重的服装尺码建议。
Jing1000086,服饰鞋履,刚才那个腰带送吗?,1,该用户是在询问直播中展示的腰带是否作为赠品附送。
Jing1000086,服饰鞋履,适合高个子,1,该用户可能是在询问这款衣服是否适合高个子身材的人穿着。
Jing1000086,服饰鞋履,身高158体重115斤可以穿吗,1,该用户想询问自己这个身材尺寸是否适合穿直播展示的服装。
Jing1000086,服饰鞋履,"欣姐,穿的是什么码",1,该用户想询问主播身上所穿衣服的具体尺码作为自己的购买参考。
Jing1000086,服饰鞋履,我刚刚拍了短款的,0,该用户想表达的含义是：我已经下单购买了短款的那件商品。
Jing1000086,服饰鞋履,有没有现货,1,该用户想询问商品是否有库存可以立即发货。
Jing1000086,服饰鞋履,棕色腰带好看,1,该用户可能是在表达对棕色腰带的喜爱，暗示有购买意向或希望主播展示更多细节。
Jing1000086,服饰鞋履,不是受伤了吗,0,该用户可能是在质疑主播之前提到的某件商品（如衣服或配饰）是否适合受伤的情况使用，或是关心商品是否会对受伤部位造成影响。
Jing1000086,服饰鞋履,黄色有腰带卖吗?,1,该用户是在询问直播中展示的黄色款商品是否包含腰带配件。
Jing1000086,服饰鞋履,会起折吗?,1,该用户是在询问商品是否容易出现褶皱。
Jing1000086,服饰鞋履,配其他鞋子看看,1,该用户希望主播展示当前商品与其他鞋款的搭配效果。
Jing1000086,服饰鞋履,可以搭夹头高跟鞋吗,1,该用户想询问主播展示的服饰是否能搭配夹头高跟鞋穿着，以评估整体搭配效果。
Jing1000086,服饰鞋履,这个是现货吗?,1,该用户想询问商品是否有库存可以立即发货。
Jing1000086,服饰鞋履,可以当防晒衣穿吧,1,该用户是在询问这件衣服是否具备防晒功能，以确认其多场景实用性。
Jing1000086,服饰鞋履,"纯白色,还是?",1,该用户可能在询问商品是否有纯白色以外的其他颜色可选。
Jing1000086,服饰鞋履,"私服就是好看,多出点",1,该用户想表达的含义是：主播的日常穿搭风格很吸引人，希望品牌能多推出类似款式。
Jing1000086,服饰鞋履,那个腰带好看,1,该用户是在表达对腰带的喜爱并可能有意向购买。
Jing1000086,服饰鞋履,裙长是多少,1,该用户想询问裙子的具体长度信息以判断是否适合自己穿着。
Jing1000086,服饰鞋履,今晚都是白色的衣服[比心],1,该用户想表达的含义是：对直播中展示的白色服装系列表示喜爱和购买意向。
Jing1000086,服饰鞋履,有口袋吗,1,该用户想询问当前展示的服装是否有口袋设计。
Jing1000086,服饰鞋履,腰带上一下,1,该用户希望主播再次展示或上架之前提到的腰带商品。
Jing1000086,服饰鞋履,遮不遮肚子啊,1,该用户是在询问这件衣服的版型设计是否能有效遮挡腹部赘肉。
Jing1000086,服饰鞋履,还可以搭什么鞋子,1,该用户想询问当前展示的服装可以搭配哪些类型的鞋子来提升整体穿搭效果。
Jing1000086,服饰鞋履,太瘦了,0,该用户可能是在评论主播或模特的身材过于纤细，暗示衣服的尺码或版型可能不适合普通体型的人。
Jing1000086,服饰鞋履,腰线可以拉高一点吗,1,该用户可能是在询问服装的腰线设计是否可以调整得更显高，以优化穿着效果。
Jing1000086,服饰鞋履,腰线有点低,1,该用户可能是在委婉地表达对服装版型的不满，认为腰线设计不够理想，希望款式能更显身材比例。
Jing1000086,服饰鞋履,还有件无袖的裙子[比心][比心][比心][比心][比心],1,该用户想表达的含义是：询问直播间是否还有同款的无袖裙子，并表现出强烈的喜爱和购买意向。  （结合前文弹幕多为询问款式细节、搭配和库存，且用户使用多个[比心]表情，可推断其对该款式感兴趣并希望主播回应是否有货。）
Jing1000086,服饰鞋履,那个腰带在哪买,1,该用户想询问直播中展示的腰带的具体购买渠道或商品链接。
Jing1000086,服饰鞋履,项链有吗,1,该用户是在询问直播间是否有项链类商品在售，可能对当前展示的服饰搭配饰品产生了兴趣。
Jing1000086,服饰鞋履,在哪里买仿版的包[比心],0,该用户想表达的含义是：询问直播间是否有同款仿制包的购买渠道，并表现出对商品的兴趣。
Jing1000086,服饰鞋履,有其他颜色吗,1,该用户想询问当前展示的商品是否有更多颜色可选。
Jing1000086,服饰鞋履,遮肚子不,1,该用户是在询问直播展示的服装款式是否能有效遮挡腹部赘肉。
Jing1000086,服饰鞋履,"正在减肥,减肥成功就专买你的私服",0,"该用户想表达的含义是：虽然目前因减肥暂未购买，但对主播的私服风格非常认可，未来达成目标后会成为忠实顾客。  （结合语境分析：直播间讨论集中在服装款式、搭配等细节，且有多条弹幕直接夸赞私服设计，用户在此氛围下通过""减肥成功就专买""的假设句式，既表达对产品的强烈兴趣，又隐含对主播审美的认同，属于潜在购买意愿的委婉表态。）"
Jing1000086,服饰鞋履,鞋子有吗,1,该用户想询问直播中是否有展示或售卖鞋子款式。
Jing1000086,服饰鞋履,"超好看,我必须的入",1,该用户想表达的含义是：这件商品的设计非常吸引我，我已经决定要购买了。  （结合前文弹幕语境，直播间正在讨论服装款式、搭配细节等，用户被某件商品的视觉效果打动，表现出强烈的购买意愿。）
Jing1000086,服饰鞋履,刚刚腰带,1,该用户想表达的含义是：询问刚才展示的腰带是否还有库存或能否再次展示购买链接。
Jing1000086,服饰鞋履,身高158体重115斤穿@可以穿吗,0,该用户想询问自己身高158cm、体重115斤的身材是否适合穿直播中展示的某件服装。
Jing1000086,服饰鞋履,啥时候卖包,1,该用户想询问直播中是否会上架或介绍包类商品的具体时间。
Jing1000086,服饰鞋履,可以做七分袖,1,该用户希望商家能推出同款服装的七分袖版本。
Jing1000086,服饰鞋履,"喜欢,主要是工作原因不能穿白色,要是能做其他颜色就好了",0,该用户对产品有兴趣但希望有更多颜色选择以满足实际穿着需求。
Jing1000086,服饰鞋履,试一下短款,1,该用户可能是对当前展示的服装款式感兴趣，想建议主播试穿或展示短款版本以方便自己判断是否适合购买。
Jing1000086,服饰鞋履,腰带在哪里,1,该用户想询问直播中展示的腰带产品的购买链接或具体位置。
Jing1000086,服饰鞋履,5号看下,1,该用户想表达的含义是：请展示一下5号商品的具体细节或上身效果。
Jing1000086,服饰鞋履,碎花连衣裙今天上吗,1,该用户是在询问直播间是否会上架碎花连衣裙这款商品，表现出明确的购买意向和关注。
Jing1000086,服饰鞋履,穿下短款的嘛,1,该用户希望主播试穿或展示短款款式的服装。
Jing1000086,服饰鞋履,沐浴露上不上[比心][比心][比心][比心][比心],1,该用户急切询问沐浴露是否会上架销售，并用多个比心表情强调自己的强烈购买意愿。
Jing1000086,服饰鞋履,沐浴露什么时候上,1,该用户是在询问沐浴露产品的上架时间，表现出明确的购买意向和期待。
Jing1000086,服饰鞋履,刚才腰带,1,该用户想表达的含义是：询问刚才展示的腰带产品是否还有货或如何购买。
Jing1000086,服饰鞋履,购物车呢,0,该用户可能在询问如何找到或查看直播中提到的商品购买链接。
Jing1000086,服饰鞋履,欣姐穿的是小个子的还是矮个子的?,1,该用户是在询问主播穿的衣服款式适合身高偏矮还是更小个子的人群，以判断自己是否适合购买。
Jing1000086,服饰鞋履,什么面料,1,该用户想询问当前展示服装的具体材质或布料特性。
Jing1000086,服饰鞋履,适合多少度天气穿,1,该用户想询问这件衣服在不同气温条件下的适用性，以判断是否符合自己的穿着需求。
Jing1000086,服饰鞋履,黄色腰带截图一下,0,该用户希望主播展示黄色腰带的细节或商品页面以便进一步了解。
Jing1000086,服饰鞋履,短皮衣有没有?,1,该用户是在询问直播间是否有短款皮衣这款商品。
Jing1000086,服饰鞋履,"欣姐,播播间没有的配饰在哪里买[捂脸]",1,该用户想表达的含义是：询问主播直播间未展示的配饰商品的购买渠道。
Jing1000086,服饰鞋履,"蓝色衬衣,马甲",1,该用户可能是对直播中展示的蓝色衬衣和马甲搭配感兴趣，想询问具体款式或购买方式。
Jing1000086,服饰鞋履,终于等到她,0,该用户想表达的含义是：一直在等待某款心仪的商品或主播展示特定产品，现在终于出现了。
Jing1000086,服饰鞋履,那个皮带有吗,1,该用户想询问直播间是否有售卖刚才提到的皮带款式。
Jing1000086,服饰鞋履,有短款连衣裙吗,1,该用户可能在询问直播间是否提供短款连衣裙的款式或希望主播展示相关产品。
Jing1000086,服饰鞋履,怎么都是白色啊,0,该用户可能对商品颜色选择单一感到不满，希望主播能提供更多样化的颜色选项。
Jing1000086,服饰鞋履,咋没袖子,0,该用户可能是在询问或吐槽当前展示的服装款式为何是无袖设计。
Jing1000086,服饰鞋履,都是白的,0,该用户可能是在抱怨或疑惑直播展示的商品颜色过于单一，缺乏其他颜色的选择。
Jing1000086,服饰鞋履,根本卖不完[捂脸],0,该用户可能在调侃直播间商品种类单一或库存充足，暗示没有抢购压力或对当前选品感到乏味。
Jing1000086,服饰鞋履,那个皮带有吗?,1,该用户是在询问直播商品中是否有某款皮带库存或是否会上架该产品。
Jing1000086,服饰鞋履,怎么全部白色,0,该用户可能对商品颜色单一感到不满，希望看到更多样化的颜色选择。
Jing1000086,服饰鞋履,怎么全都是白色的,0,该用户可能对直播中展示的商品颜色单一感到不满或失望，希望看到更多样化的颜色选择。
Jing1000086,服饰鞋履,手表可以看下吗手表可以看下吗手表可以看下吗手表可以看下吗手表可以看下吗,1,该用户迫切希望主播展示或详细介绍手表产品，可能因多次询问未得到回应或对款式特别感兴趣。
Jing1000086,服饰鞋履,蓝色衬衣马甲都上一点,1,该用户希望主播尽快上架蓝色衬衫和马甲这两款商品。
Jing1000086,服饰鞋履,这个好好看,1,该用户被直播展示的商品外观所吸引，表达了对产品设计的喜爱和潜在的购买意向。
Jing1000086,服饰鞋履,全部都这个好看,1,该用户想表达的含义是：直播展示的所有商品款式都很吸引人。
Jing1000086,服饰鞋履,那个皮带有吗?那个皮带有吗?,1,该用户急切地询问直播间是否还有皮带库存，可能因之前看到相关展示或他人提及而产生购买意向，重复提问反映出对商品的强烈关注和怕错过的心态。
Jing1000086,服饰鞋履,气质款,1,该用户想表达的含义是：这件衣服的设计风格很符合自己的审美偏好，显得优雅有品位。
Jing1000086,服饰鞋履,好好看,1,该用户想表达的含义是：对当前展示的商品款式感到非常喜欢和赞赏。
Jing1000086,服饰鞋履,好看好看好看,1,该用户想表达的含义是：对当前展示的某款商品非常喜爱，认为其设计或款式特别吸引人。
Jing1000086,服饰鞋履,哇[比心]好好看[捂脸],1,该用户被直播间的某件商品所吸引，发自内心地赞叹其外观设计并流露出喜爱的情绪。
Jing1000086,服饰鞋履,欣姐穿白的都好看,0,该用户是在表达对主播穿搭风格的赞赏，暗示对白色系商品的认可和潜在购买意向。
Jing1000086,服饰鞋履,怎么都是白色的,0,该用户可能是在抱怨直播间展示的商品颜色过于单一，缺乏其他颜色的选择。
Jing1000086,服饰鞋履,有其他颜色吗,1,该用户想询问当前展示的商品是否还有除白色以外的其他颜色可选。
Jing1000086,服饰鞋履,很好看[比心][比心][比心],1,该用户通过重复表情符号和简洁赞美，表达对当前展示商品的强烈喜爱和潜在购买意愿。
Jing1000086,服饰鞋履,就等这个呢,1,该用户想表达的含义是：我一直在期待这款产品的出现。
Jing1000086,服饰鞋履,太好看了.[比心]根本买不完,1,该用户想表达的含义是：商品款式非常吸引人，但种类繁多让人难以抉择。
Jing1000086,服饰鞋履,皮带有吗,1,该用户是在询问直播间是否有皮带商品可供购买，表现出明确的购物意向。
Jing1000086,服饰鞋履,我看上了[捂脸][捂脸],1,该用户想表达的含义是：这款商品的设计或款式让我很心动，但可能因为库存有限或价格因素让我有些纠结和无奈。
Jing1000086,服饰鞋履,胳膊粗,0,该用户可能在委婉表达对当前展示服装款式（如袖口设计/版型）不适合自己体型的需求，隐含希望主播推荐修饰手臂线条的款式。
Jing1000086,服饰鞋履,这个好看,1,该用户被直播展示的某件商品的外观所吸引，表达了积极的审美认可和潜在的购买意向。
Jing1000086,服饰鞋履,短款皮衣,1,该用户可能在询问或暗示对短款皮衣这款商品的兴趣，希望主播展示或介绍相关信息。
Jing1000086,服饰鞋履,"欣姐,播播间没有的仿版配饰在哪里买[捂脸]",0,该用户想表达的含义是：询问主播能否提供直播间未展示的同款配饰购买渠道。  （解析：结合前文弹幕高频出现的“好看”“买”等关键词及对具体商品的询问，用户显然对直播商品有购买兴趣，但当前目标弹幕提到“仿版配饰”未在直播间出现，其核心诉求是希望主播补充或推荐类似商品，[捂脸]表情则可能隐含对缺货/未上架的调侃或急切心态。）
Jing1000086,服饰鞋履,好[鼓掌][鼓掌][鼓掌][鼓掌]好美,1,该用户想表达的含义是：对展示的商品或穿搭效果表示强烈的喜爱和赞赏。
Jing1000086,服饰鞋履,有别的颜色吗,1,该用户想表达的含义是：询问当前展示的商品是否还有其他颜色可选。
Jing1000086,服饰鞋履,这么漂亮的裙子出个短款吧!个子矮穿不了长款,0,该用户希望商家推出适合矮个子的短款裙子款式。  （释义：结合前文弹幕中频繁出现的款式讨论（如“短款皮衣”“有其他颜色吗”）和身材适配需求（如“胳膊粗”），该用户的核心诉求是产品改良以满足自身体型特点，而非单纯赞美或询问现有商品信息。）
Jing1000086,服饰鞋履,做点v领的裙子,0,该用户希望主播能推出V领设计的裙装款式。
Jing1000086,服饰鞋履,都是白色的,0,该用户可能是在委婉表达对商品颜色单一的不满，希望看到更多颜色的选择。
Jing1000086,服饰鞋履,好好看啊,1,该用户想表达的含义是：对直播中展示的商品款式或搭配表示强烈的审美认可和喜爱。  （结合前文语境，弹幕整体围绕服装颜色、款式展开讨论，且多次出现“好看”等正面评价，可推断目标弹幕是延续观众对商品外观的赞赏情绪，而非具体询问信息或表达购买意向。）
Jing1000086,服饰鞋履,"天呐,脖子短,可惜了[捂脸]",0,该用户可能是在委婉表达对当前展示商品的不满，认为服装款式不适合脖子短的人穿着。
Jing1000086,服饰鞋履,"好看,就不需要无袖的[捂脸]",1,该用户认为展示的服装款式整体不错，但因其个人偏好或身材顾虑（如手臂线条等）而不考虑无袖设计。
Jing1000086,服饰鞋履,都好漂亮,0,该用户被直播间的商品款式所吸引，表达了对整体商品设计的欣赏和喜爱。
Jing1000086,服饰鞋履,黑色就好了,0,该用户希望商品能提供黑色款式以供选择。
Jing1000086,服饰鞋履,怎么没有黑色这个[捂脸],0,该用户想表达的含义是：对商品缺少黑色款式的遗憾和失望。
Jing1000086,服饰鞋履,可以不做这根带子吗?,0,该用户可能是在询问产品是否可以去掉某个设计细节（带子），以满足自己的偏好或需求。
Jing1000086,服饰鞋履,可以拆掉吗这个带子,1,该用户是在询问产品上的带子是否能够拆卸，暗示对设计细节的关注并可能影响购买决策。
Jing1000086,服饰鞋履,这个喜欢,1,该用户被当前展示的商品款式或设计所吸引，表达了对商品的正面喜爱和潜在的购买意向。
Jing1000086,服饰鞋履,现货吗?,1,该用户是在询问商品是否有库存可以立即发货，表现出对产品的实际购买意向和迫切需求。
Jing1000086,服饰鞋履,"都好看,好有气质",1,该用户被展示的商品整体风格或款式打动，认为它们设计优雅且符合审美偏好。
Jing1000086,服饰鞋履,"喜欢白色的,可惜是无袖的[捂脸][捂脸][捂脸][捂脸]",0,该用户对白色款式有好感，但因无袖设计不符合个人需求而感到遗憾。
Jing1000086,服饰鞋履,怎么都是白色,0,该用户可能是在抱怨当前展示的商品颜色过于单一，希望看到更多样化的款式选择。
Jing1000086,服饰鞋履,想要这个包想要这个包,1,该用户强烈表达了对当前展示的包款的喜爱和购买欲望。
Jing1000086,服饰鞋履,第一个气质的在上一下,1,该用户想表达的含义是：请重新展示一下最开始那款有气质的商品。
Jing1000086,服饰鞋履,鞋子有吗,1,该用户是在询问直播间是否有鞋子类商品在售或展示，表现出对鞋子的潜在购买兴趣。
Jing1000086,服饰鞋履,什么时候发货,0,该用户想询问商品的具体发货时间以确认购买后的收货安排。
Jing1000086,服饰鞋履,整个长袖,0,该用户希望推出长袖款式的服装。
Jing1000086,服饰鞋履,仙气飘飘[捂脸][捂脸],1,该用户想表达的含义是：这条裙子的飘逸感很吸引人，但款式可能不太适合自己（用捂脸表情暗示无奈或遗憾）。
Jing1000086,服饰鞋履,46号在开一下欣姐,1,"该用户希望主播重新展示46号商品（可能是服装或配饰），并表示对""欣姐""（可能是模特或主播）的偏好。"
Jing1000086,服饰鞋履,手表可以看下吗手表可以看下吗手表可以看下吗,1,该用户急切地想了解更多关于手表的细节信息，表现出强烈的购买兴趣和关注。
Jing1000086,服饰鞋履,德训xie,1,该用户想表达的含义是：询问主播是否有展示或售卖德训鞋款。
Jing1000086,服饰鞋履,"好好看,可惜手臂太粗了穿不了",0,该用户表达了对商品款式的喜爱，但因自身身材限制（手臂较粗）无法驾驭无袖设计而感到遗憾。
Jing1000086,服饰鞋履,"这个能不能做点袖子的,我手臂粗呀[捂脸]",1,该用户想表达的是：希望这件衣服能推出有袖子的款式，因为自己手臂较粗不适合无袖设计。
Jing1000086,服饰鞋履,面料凉快吗,1,该用户是在询问服装面料的透气性和舒适度，以评估是否适合在炎热天气穿着。
Jing1000086,服饰鞋履,有多长,1,该用户可能是在询问某件商品的长度尺寸或使用时长。
Jing1000086,服饰鞋履,录播还是新号,0,该用户可能在询问当前直播内容是提前录制的回放还是主播新开账号的首次直播，以此判断商品信息的时效性和可信度。
Jing1000086,服饰鞋履,"好看,就是要有有袖子的",0,该用户想表达的含义是：这件衣服的设计很吸引人，但希望款式能加上袖子以满足自己的穿着需求。  （结合前文语境，其他用户也提到过类似对袖子的需求，说明直播间展示的多为无袖款式，而目标用户同样因个人偏好或身材考虑希望有袖款，同时肯定了商品的美观性。）
Jing1000086,服饰鞋履,有袖子的[捂脸],0,该用户想表达的含义是：希望这件衣服能出带袖子的款式，因为无袖款不适合自己。
Jing1000086,服饰鞋履,想要你手上的包包,1,该用户表达了对主播展示的包包的强烈购买意愿，希望获得同款商品。
Jing1000086,服饰鞋履,整个长袖吧,1,该用户希望主播能推出带有袖子的款式（可能是针对当前展示的无袖服装提出的建议）。
Jing1000086,服饰鞋履,不要带子还好看点,0,该用户认为去掉带子的设计会更美观，暗示对当前商品的设计细节有改进建议或偏好。
Jing1000086,服饰鞋履,黄色腰带截图一下,0,该用户希望主播展示黄色腰带的细节以便进一步考虑是否购买。
Jing1000086,服饰鞋履,都喜欢[捂脸],1,该用户想表达的含义是：对当前展示的商品款式都挺中意，但有些无奈或不好意思的情绪。
Jing1000086,服饰鞋履,胳膊太粗了可惜了[捂脸],0,该用户是在委婉表达对服装款式的遗憾，认为无袖设计不适合自己粗手臂的身材特点，暗示希望推出有袖版本。
Jing1000086,服饰鞋履,裙摆大吗,1,该用户可能在询问裙子的版型或设计细节，想确认裙子下摆的宽松程度是否符合自己的穿着偏好或需求。
Jing1000086,服饰鞋履,要短款裙子,1,该用户希望主播展示或推荐裙摆长度较短的裙子款式。  （结合前文语境，用户群体普遍关注服装细节如袖长、裙摆等，且多次提出具体修改需求，因此这条弹幕是明确指向产品属性的购买意向表达。）
Jing1000086,服饰鞋履,蓝色喜欢,1,该用户想表达的含义是：对直播中展示的蓝色款式商品有明显的偏好和购买意向。
Jing1000086,服饰鞋履,脖子上的带子可以卸吗,1,该用户可能是在询问产品（如衣服或饰品）的某个装饰部件是否可拆卸，以确认其灵活性和实用性。
Jing1000086,服饰鞋履,爱死你了[比心][比心][比心][比心],0,该用户想表达的含义是：对主播或展示的商品表现出强烈的喜爱和支持。
Jing1000086,服饰鞋履,今天收到裤子了太漂亮了,0,该用户想表达的含义是：对已购买的裤子非常满意并感到欣喜。  （结合前文弹幕多为对商品的询问或遗憾反馈，此条弹幕属于正向的购买后体验分享，隐含推荐意味。）
Jing1000086,服饰鞋履,要短款短,1,该用户想要表达的是希望商品有更短款的款式可选。
Jing1000086,服饰鞋履,有袖就好了,1,该用户希望这件衣服能推出带袖子的款式，以满足自己或类似身材消费者的需求。
Jing1000086,服饰鞋履,"哇,这个也好好看哦",1,该用户被展示的商品外观所吸引，表达出强烈的审美认同和潜在购买意向。
Jing1000086,服饰鞋履,好看手粗,1,该用户想表达的含义是：款式挺漂亮但担心自己手臂粗不适合穿。
Jing1000086,服饰鞋履,"对,都是特别有气质的高级",1,该用户是在认同并强调直播展示的服装具有优雅高档的特点。
Jing1000086,服饰鞋履,"这个脖子领会不会高呀,夏天穿热不",1,该用户是在询问衣服领口的高度和夏季穿着的透气性，以评估是否适合购买。
Jing1000086,服饰鞋履,想要带袖子不带那个长带子的[捂脸],1,该用户希望购买一件有袖子且没有长装饰带的款式。
Jing1000086,服饰鞋履,有粗手臂穿的吗,1,"该用户是在询问当前展示的服装款式是否有适合手臂较粗人群的宽松版型或设计。  （解析：结合前文多次出现""粗手臂""""有袖就好了""等关于身材适配性的讨论，以及""带子""""袖型""等细节询问，可判断用户关注点在于服装对身材的包容性，尤其针对手臂部位的穿着效果。）"
Jing1000086,服饰鞋履,有点肚子的可以穿吗,1,该用户是在询问衣服款式是否适合微胖体型，尤其关注腹部区域的穿着效果。
Jing1000086,服饰鞋履,好看的就是我手粗没勇气露出来,1,该用户想表达的含义是：虽然觉得商品款式不错，但因为自己手臂较粗而犹豫是否适合购买。
Jing1000086,服饰鞋履,想要带袖子不带那个长带子的,1,该用户希望购买一件有袖设计且不附带长飘带的服装款式。
Jing1000086,服饰鞋履,这套好看气质,1,该用户认为当前展示的服装款式既美观又符合优雅大方的风格特点。
Jing1000086,服饰鞋履,白色半身裙开好价了吗,1,该用户是在询问白色半身裙的价格是否已经调整到符合心理预期的优惠价位，暗示有购买意向但需要确认价格合适。
Jing1000086,服饰鞋履,一米五能穿吗,1,该用户可能在询问服装尺码是否适合身高一米五的人穿着，隐含对商品的实际购买考虑。
Jing1000086,服饰鞋履,衣服越来越好看了,1,该用户想表达的含义是：对当前展示的服装款式产生了明显的欣赏和购买意向。
Jing1000086,服饰鞋履,胖妹子能穿吗,1,该用户是在询问该服装款式是否适合体型偏胖的女生穿着。
Jing1000086,服饰鞋履,做点能遮副乳的不[捂脸],1,该用户希望推荐一款能够修饰副乳问题的服装款式。
Jing1000086,服饰鞋履,简单气质,1,该用户想表达的含义是：这款衣服设计简约大方，很符合我的审美风格。
Jing1000086,服饰鞋履,德训鞋又吗,1,该用户是在询问直播间是否有售卖德训鞋这款商品。
Jing1000086,服饰鞋履,购物车跑那了[捂脸],0,该用户想表达的含义是：找不到购物车按钮在哪里，有点着急和无奈。
Jing1000086,服饰鞋履,带子可以不要吗,1,该用户想表达的含义是：询问是否可以去掉衣服上的装饰带子。
Jing1000086,服饰鞋履,小个子能穿吗,1,该用户是在询问这件衣服是否适合身材娇小的人穿着。
Jing1000086,服饰鞋履,"欣老板,今晚上包包吗?",1,该用户是在询问主播今晚是否会售卖包包类商品，表现出对特定品类商品的购买兴趣和期待。
Jing1000086,服饰鞋履,"胳膊太粗了穿不了,这衣服多好看啊",1,该用户想表达的含义是：虽然很喜欢这件衣服的设计，但因为自己手臂较粗担心穿上效果不好而感到遗憾。
Jing1000086,服饰鞋履,手上包包有吗,1,该用户是在询问直播间是否有当前展示的手提包现货可供购买。
Jing1000086,服饰鞋履,短皮皮衣还有没??,1,该用户是在询问直播间是否还有短款皮衣的库存可供购买。
Jing1000086,服饰鞋履,安全裤有吗?,1,该用户是在询问直播间是否有售卖安全裤这一商品。
Jing1000086,服饰鞋履,要是有袖子的我也喜欢,1,该用户想表达的含义是：如果这件衣服有袖子的款式，我也会感兴趣购买。
Jing1000086,服饰鞋履,搭什么鞋,1,该用户想询问当前展示的服装适合搭配哪种鞋子。
Jing1000086,服饰鞋履,短皮衣还有没有,1,该用户是在询问主播短款皮衣是否仍有库存可供购买。
Jing1000086,服饰鞋履,袖子太短了一点,1,该用户是在委婉表达对服装袖长设计的顾虑，暗示希望有更合身的版型或考虑购买前需要确认尺寸问题。
Jing1000086,服饰鞋履,想要包包,1,该用户表达的是对直播中展示的包包有明确的购买意向。
Jing1000086,服饰鞋履,要短款连衣裙,1,该用户想表达的含义是：希望主播推荐或展示适合自己需求的短款连衣裙款式。
Jing1000086,服饰鞋履,带子可以去掉吗,1,该用户可能是在询问商品上的装饰带是否可以拆卸或取消，以确认是否符合自己的穿着需求或审美偏好。
Jing1000086,服饰鞋履,短款皮衣有没有?,1,该用户是在询问直播间是否有短款皮衣的现货或库存。
Jing1000086,服饰鞋履,好喜欢这个,1,该用户被当前展示的商品款式或设计所吸引，表达出强烈的审美认同和潜在购买意愿。
Jing1000086,服饰鞋履,钱包又要撑不住了衣服上一个爱一个[捂脸],1,该用户想表达的含义是：看到直播间展示的服装都很喜欢，忍不住想买但又担心开销太大。
Jing1000086,服饰鞋履,短款皮衣有没有,1,该用户是在询问直播间是否还有短款皮衣的库存可供购买。
Jing1000086,服饰鞋履,日常穿好看吗[比心][比心][比心],1,该用户想表达的含义是：询问这件商品是否适合日常穿着搭配，并表现出对款式的喜爱和购买意向。
Jing1000086,服饰鞋履,安全裤有吗,1,该用户是在询问直播间是否有售卖安全裤这一商品。
Jing1000086,服饰鞋履,开价吧,1,该用户想表达的含义是：询问商品的具体价格以便考虑是否购买。
Jing1000086,服饰鞋履,还有没有裙长短点的呢?,1,该用户想表达的含义是：询问是否有更短裙长的款式可供选择。
Jing1000086,服饰鞋履,"这么好的料子,欣儿出个短款拜托了",1,该用户希望主播能推出同款面料的短款服装款式。
Jing1000086,服饰鞋履,白色半身裙开好价没,1,该用户是在询问白色半身裙的价格是否已经公布或优惠活动是否开始，表现出明确的购买意向和价格敏感度。
Jing1000086,服饰鞋履,短款皮衣,1,该用户是在询问直播间是否有短款皮衣这款商品，并表现出明确的购买意向。
Jing1000086,服饰鞋履,要短款裙子,1,该用户希望主播推荐或展示裙摆较短的裙装款式。
Jing1000086,服饰鞋履,可以机洗吗,1,该用户是在询问产品是否具备机洗的便捷性，以评估其日常使用的实用性。
Jing1000086,服饰鞋履,黑黄皮要什么颜色,1,该用户可能是在询问适合黑黄肤色的服装颜色推荐，表达了对产品颜色的具体需求和购买考虑。
Jing1000086,服饰鞋履,工装裤加点,1,该用户可能在询问工装裤是否有搭配其他单品（如配饰或上衣）的推荐或促销组合。
Jing1000086,服饰鞋履,蓝色好看,1,该用户是在对商品颜色表示偏好，暗示对蓝色款式的购买意向。
Jing1000086,服饰鞋履,手臂粗[捂脸],1,该用户可能在委婉表达自己手臂较粗，担心直播展示的服装款式不适合自己的身材，暗示对某些修身或短袖设计有所顾虑。
Jing1000086,服饰鞋履,私服是开好价吗,1,该用户是在询问主播展示的私服是否已经给出了优惠价格。
Jing1000086,服饰鞋履,我要蓝色[呲牙][呲牙][呲牙],1,该用户想表达的是对蓝色款商品的明确购买意向，并带有兴奋期待的情绪。
Jing1000086,服饰鞋履,黄黑皮穿哪个颜色,1,该用户想询问适合黄黑肤色的服装颜色推荐，表现出对产品颜色选择的实际需求和购买考虑。
Jing1000086,服饰鞋履,有袖子的话感觉不高级了,1,该用户认为带袖子的设计会降低服装的档次感，暗示更倾向无袖或简约剪裁的款式。
Jing1000086,服饰鞋履,那个颜色显白,1,该用户想表达的含义是：询问主播推荐的颜色是否适合提亮肤色。
Jing1000086,服饰鞋履,1米五可以穿吗,1,该用户是在询问商品是否适合自己1米5的身高穿着。
Jing1000086,服饰鞋履,会不会显黑南色,1,"该用户是在询问某件商品的特定颜色（南色）是否会让肤色显得暗沉或不衬肤色。  （释义逻辑：结合前文多次出现的肤色相关提问（如""黑黄皮要什么颜色""""黄黑皮穿哪个颜色""""那个颜色显白""），可判断该弹幕核心是围绕颜色对肤色的影响，且""显黑""是常见的美妆服饰咨询痛点。""南色""可能是方言或输入误差，但整体仍属于颜色选择咨询范畴。）"
Jing1000086,服饰鞋履,这个好看颜色,1,该用户想表达的含义是：这款产品的颜色设计很吸引人，符合自己的审美偏好。
Jing1000086,服饰鞋履,有运费险吗,1,该用户是在询问商品是否提供退货运费保障，以此评估购买风险并决定是否下单。
Jing1000086,服饰鞋履,这条喜欢[比心],1,该用户想表达的含义是：对当前展示的某件商品款式或颜色表示满意并有意向购买。
Jing1000086,服饰鞋履,我也感觉蓝色好看,1,该用户认同并支持之前提到的蓝色款式更适合购买。
Jing1000086,服饰鞋履,显气质,1,该用户是在询问当前展示的服装款式或颜色是否能够衬托出穿着者的优雅或高级感。
Jing1000086,服饰鞋履,要短款裙子了,1,该用户是在催促主播上架或推荐短款裙子的款式，表现出明确的购买意向。
Jing1000086,服饰鞋履,2个色都要,1,该用户想表达的是对商品多个颜色的强烈购买意愿，希望同时拥有两种不同的配色款式。
Jing1000086,服饰鞋履,漂亮奈斯,1,该用户想表达的含义是：对当前展示的商品款式或颜色表示赞赏和喜爱。
Jing1000086,服饰鞋履,白色半身裙,1,该用户可能是在询问或表达对白色半身裙款式的兴趣或购买意向。
Jing1000086,服饰鞋履,手臂粗我不配[捂脸],1,该用户因担心自己手臂较粗不适合穿展示的服装款式，从而委婉表达放弃购买的倾向。
Jing1000086,服饰鞋履,蓝色美,1,该用户想表达的含义是：蓝色的款式很漂亮，符合自己的审美偏好。
Jing1000086,服饰鞋履,袋子不要更好看,1,该用户认为去掉包装袋后商品本身会更美观。
Jing1000086,服饰鞋履,这么好的料子出个短款吧,1,该用户希望商家能用当前展示的优质面料设计并推出短款款式。
Jing1000086,服饰鞋履,蓝色好洋气,1,该用户认为蓝色款式时尚有品位，暗示对该颜色的商品有购买倾向。
Jing1000086,服饰鞋履,上了吗,1,该用户是在询问当前展示的商品是否已经开售或上架购买链接。
Jing1000086,服饰鞋履,都好好看啊,1,该用户被直播展示的多款商品所吸引，表达了对整体款式或颜色的高度赞赏和选择困难。
Jing1000086,服饰鞋履,手臂粗拍哪个,1,该用户是在询问主播“手臂较粗的人适合选择哪款衣服”，希望得到穿搭建议来挑选显瘦的款式。
Jing1000086,服饰鞋履,腋下会走光吗?,1,该用户可能是在询问服装的隐私保护效果或穿着安全性。
Jing1000086,服饰鞋履,有牛仔裙吗?,1,该用户是在询问直播间是否有牛仔裙这一单品，表达了对这类商品的潜在购买兴趣。
Jing1000086,服饰鞋履,手臂出穿不了可惜了,1,该用户想表达的含义是：衣服的袖口设计不适合手臂较粗的人穿着，感到遗憾。
Jing1000086,服饰鞋履,黄黑皮要什么颜色呢,1,该用户可能在询问适合黄黑肤色的服装颜色推荐，隐含对产品颜色的兴趣和购买意向。
Jing1000086,服饰鞋履,不要飘带的做一点,1,该用户希望商家能推出不带飘带款式的同款产品。
Jing1000086,服饰鞋履,带子去掉还好看一点,1,该用户认为去掉装饰带子后商品的设计会更简洁美观。
Jing1000086,服饰鞋履,有牛仔长裙吗?,1,该用户是在询问直播间是否有牛仔长裙款式的商品可供购买。
Jing1000086,服饰鞋履,不要带子行不行,1,该用户希望商品能去掉装饰带的设计。
Jing1000086,服饰鞋履,美嘻嘻了,0,该用户想表达的含义是：这款衣服的设计和颜色让人感到非常满意和开心。
Jing1000086,服饰鞋履,"美背我买的70元,没在直播间买,在购物车买的",0,该用户想表达的含义是：自己已经以70元的价格购买了同款美背产品，但并非通过直播间下单而是从购物车直接购买。  （补充分析：结合前文弹幕对服装款式、颜色、价格的讨论语境，用户可能意在补充实际购买信息，暗示对商品的认可，或解释未参与直播间购买的缘由。）
Jing1000086,服饰鞋履,蓝色好温柔,1,该用户认为蓝色的款式给人一种柔和优雅的感觉，暗示对这款颜色的偏好和潜在购买意向。
Jing1000086,服饰鞋履,带子能剪掉不[看],1,该用户是在询问商品上的装饰带子是否可以拆卸或去除。
Jing1000086,服饰鞋履,带子可以去掉吗,1,该用户是在询问商品上的装饰带子是否可以拆卸或取消。
Jing1000086,服饰鞋履,这女人好可爱[比心],0,该用户被主播的可爱形象吸引，表达了对主播的喜爱和好感。
Jing1000086,服饰鞋履,好漂亮,1,该用户被直播展示的商品外观所吸引，表达了对产品设计或款式的赞赏与喜爱。
Jing1000086,服饰鞋履,欣姐出点V领连衣裙,1,该用户希望主播能推荐或上新V领款式的连衣裙。
Jing1000086,服饰鞋履,漂亮奈斯要要要,1,该用户想表达的含义是：这件衣服非常好看，我很想购买。
Jing1000086,服饰鞋履,"中毒了,拐咯[捂脸][捂脸][捂脸]",0,该用户想表达的含义是：这件衣服的设计太让人着迷了，完全被种草了。
Jing1000086,服饰鞋履,太太好看,1,该用户想表达的含义是：对主播展示的商品款式或穿搭效果表示高度赞赏和喜爱。
Jing1000086,服饰鞋履,"欣姐的鞋子有嘛,好漂亮",1,该用户想表达的含义是：询问主播身上穿的鞋子是否有售，并表示对鞋款设计的喜爱。
Jing1000086,服饰鞋履,好好看,1,该用户想表达的含义是：对当前展示的商品款式或主播穿搭表示高度赞赏和喜爱。
Jing1000086,服饰鞋履,小个子版没看到,1,该用户想表达的含义是：直播中展示的商品没有适合小个子身材的款式。
Jing1000086,服饰鞋履,美背卡码怎么拍,1,该用户想询问购买美背款式商品时应该如何选择尺码下单。
Jing1000086,服饰鞋履,袋子能去掉吗,1,该用户是在询问商品上的装饰带是否可以拆卸或去除。
Jing1000086,服饰鞋履,德训鞋,1,该用户可能是看到直播中展示的服饰搭配后，询问主播是否有同款德训鞋出售。
Jing1000086,服饰鞋履,"哇,全是喜欢的",1,该用户被直播间的商品风格或内容深深吸引，感到展示的款式或品类完全符合自己的审美偏好。
Jing1000086,服饰鞋履,都好看,1,该用户可能是在对主播展示的多款商品表示整体赞赏，认为所有款式都很吸引人，隐含难以抉择或全部喜欢的心理。
Jing1000086,服饰鞋履,咋不做带袖子的,1,该用户希望主播能推出有袖款式的服装。
Jing1000086,服饰鞋履,日常穿好看吗[比心],1,该用户是在询问这件衣服是否适合日常穿着，同时表达了对款式的喜爱和潜在的购买意向。
Jing1000086,服饰鞋履,不要飘带,1,该用户想表达的含义是：希望商品设计可以去掉飘带装饰。
Jing1000086,服饰鞋履,卡码怎么买,1,该用户想询问商品尺码偏小的情况下该如何选购。
Jing1000086,服饰鞋履,太好看了,1,该用户被直播展示的商品外观所吸引，表达出强烈的审美认同和潜在购买欲望。
Jing1000086,服饰鞋履,还可以搭什么鞋,1,该用户想询问主播展示的服装款式适合搭配哪种类型的鞋子。
Jing1000086,服饰鞋履,可以自己剪[捂脸][捂脸],0,该用户可能是在询问主播展示的服装是否可以自行裁剪修改款式，同时用表情符号表达了对现有设计不太满意的调侃态度。
Jing1000086,服饰鞋履,带子不想要[捂脸],1,该用户想表达的意思是：希望商品能去掉附带的其他配件（如赠品或装饰带）。
Jing1000086,服饰鞋履,不要带子,1,"该用户希望商品能去掉或取消附带的设计配件（如飘带、装饰带等）。  （结合前文多次出现对""带子""""飘带""的负面反馈，可判断用户群体对这类装饰有抵触倾向，属于明确的功能性需求表达。）"
Jing1000086,服饰鞋履,你们好瘦,0,该用户可能在委婉地询问主播或模特的身材数据，以此判断服装的上身效果是否适合自己。
Jing1000086,服饰鞋履,"不能看你直播,看到你直播啥都想买",0,该用户想表达的含义是：主播的带货能力太强，导致自己忍不住想购买直播中展示的所有商品。
Jing1000086,服饰鞋履,主推那个颜色,1,该用户是在询问主播推荐的产品中哪个颜色最值得购买。
Jing1000086,服饰鞋履,有没有矮个子连衣裙,1,该用户是在询问直播间是否有适合小个子女生穿的连衣裙款式。
Jing1000086,服饰鞋履,唇膏今天上吗?,1,该用户是在询问今天是否会售卖唇膏产品，表现出对特定商品的关注和购买意向。
Jing1000086,服饰鞋履,带子去掉,1,该用户希望商品能够去除装饰性的带子或飘带设计。
Jing1000086,服饰鞋履,"手臂粗,有带袖子款的吗",1,该用户是在询问当前展示的服装是否有适合手臂较粗人群的带袖款式。
Jing1000086,服饰鞋履,"好看,就是自己手臂好粗",0,该用户对商品款式表示认可，但担心自己的身材不适合无袖设计，希望了解是否有更适合的款式选择。
Jing1000086,服饰鞋履,没有尺子,0,该用户可能在询问商品是否提供尺码参考或担心自己无法准确测量尺寸。
Jing1000086,服饰鞋履,飘带可以没有吗,1,该用户想表达的含义是：询问商品是否可以去掉飘带设计。
Jing1000086,服饰鞋履,不知道腰多大,1,该用户可能在询问服装腰围的具体尺寸信息，以便判断是否适合自己购买。
Jing1000086,服饰鞋履,第一套私服上一下,1,该用户希望主播优先展示或推荐第一套休闲风格的服装款式。
Jing1000086,服饰鞋履,工装裤还有小码吗,1,该用户想询问工装裤是否提供适合身材娇小者的尺码。
Jing1000086,服饰鞋履,码字标准吗?,1,该用户是在询问商品的尺码是否按照常规标准制作，担心尺码偏差影响购买选择。
Jing1000086,服饰鞋履,飘带可以不带吗,1,该用户是在询问商品是否可以去除飘带设计或选择无飘带的款式。
Jing1000086,服饰鞋履,上面那个蓝色拉链衬衣马夹,1,该用户想表达的含义是：询问主播展示的那件蓝色拉链款衬衫式马甲的具体信息或购买方式。  （结合前文弹幕高频出现的服饰细节讨论、尺码咨询、搭配需求等语境，可推断用户是在明确指向某件商品并表达兴趣，意图可能是确认款式、颜色或进一步了解商品。）
Jing1000086,服饰鞋履,短皮衣还有没?,1,该用户是在询问直播间是否还有短款皮衣的库存可供购买。
Jing1000086,服饰鞋履,不想要带子[捂脸],1,该用户想表达对商品上装饰带子的不满，希望购买无此设计的款式。
Jing1000086,服饰鞋履,还得减8斤才能穿[捂脸],0,该用户想表达的含义是：自己目前的体型还无法驾驭这件衣服，需要再减肥才能穿得上。
Jing1000086,服饰鞋履,155-153,1,该用户可能在询问或确认服装尺码的具体数值范围，暗示对某件商品的尺寸是否适合自己存在兴趣或疑虑。
Jing1000086,服饰鞋履,领子会不会热,1,该用户可能担心衣服的领子设计在穿着时会不透气或闷热。
Jing1000086,服饰鞋履,不要飘带宝贝,1,该用户希望商品（可能是服装）的设计中去除飘带装饰。
Jing1000086,服饰鞋履,工装裤还有吗,1,该用户想询问工装裤的库存情况，可能是对之前提到的工装裤小码信息产生了兴趣，想确认是否有货可供购买。
Jing1000086,服饰鞋履,飘带可以不要嘛,1,该用户希望商品能够去掉飘带的设计。
Jing1000086,服饰鞋履,不要飘带可以吗,1,该用户希望商品能够去掉飘带的设计。
Jing1000086,服饰鞋履,喜欢这个穿不了,1,该用户想表达的含义是：对这件商品的设计或款式感兴趣，但担心自己的身材或尺码不合适无法穿着。
Jing1000086,服饰鞋履,有没有风衣,1,该用户想询问直播间是否有风衣款式可供选购。
Jing1000086,服饰鞋履,初秋款,1,该用户可能在询问或暗示对直播间展示的初秋季节新款服饰感兴趣，希望了解更多款式信息或购买选项。
Jing1000086,服饰鞋履,私服好看,1,该用户想表达的含义是：对主播展示的私服款式表示赞赏并可能有意购买。
Jing1000086,服饰鞋履,不要带子嘛,1,该用户希望商品能去掉装饰性的飘带设计。
Jing1000086,服饰鞋履,蓝色是浅蓝吗,1,该用户是在询问商品中提到的“蓝色”是否属于浅蓝色调，以确认颜色是否符合自己的偏好。
Jing1000086,服饰鞋履,没有尺子怎么办,1,该用户可能是在询问如何选择合适的尺码，因为担心没有测量工具而无法准确判断衣物是否合身。
Jing1000086,服饰鞋履,推荐颜色,1,该用户可能在询问主播推荐的商品颜色选项或希望获得关于颜色选择的建议。
Jing1000086,服饰鞋履,可以再穿下三号吗?,1,该用户希望主播再次展示3号款式的试穿效果以便进一步评估是否购买。
Jing1000086,服饰鞋履,纠结颜色,1,该用户对商品颜色选择有偏好但难以决定，希望主播能提供更多颜色建议或展示不同颜色的上身效果。
Jing1000086,服饰鞋履,这个真好看[捂脸],1,该用户可能是在表达对某件商品的喜爱但又因某些原因（如尺码不合适、设计细节不理想等）感到无奈或纠结。
Jing1000086,服饰鞋履,飘带不要可以去掉吗,1,该用户是在询问商品的可定制选项，希望确认能否去除衣服上的飘带设计。
Jing1000086,服饰鞋履,做到120斤内的,1,该用户可能是在询问或确认商品的适用体重范围，暗示自己或他人是否符合该尺码标准。
Jing1000086,服饰鞋履,@柳***海派甜心开一下嘛,0,该用户可能是希望主播展示或讲解“海派甜心”这款商品的具体细节或上身效果。
Jing1000086,服饰鞋履,要要,1,该用户想表达的是“我想要购买这件商品”。  结合前文弹幕中频繁出现的关于商品细节（如飘带、颜色、尺码）的讨论，以及类似“不要飘带”“工装裤还有吗”等明确购买意向的表述，可以推断“要要”是用户急切表达购买意愿的简化口语，可能是对主播提到的某款商品的直接响应。
Jing1000086,服饰鞋履,飘带不方便[捂脸][捂脸],0,该用户认为服装上的飘带设计不够实用，可能会影响穿着体验。
Jing1000086,服饰鞋履,有运费险吗,1,该用户可能在确认退换货保障，以降低购买决策风险。
Jing1000086,服饰鞋履,不要飘带,0,该用户希望商品能够去除装饰性的飘带设计。
Jing1000086,服饰鞋履,有没有袖子款的,1,该用户是在询问主播当前展示的服装是否有带袖子的款式可选。
Jing1000086,服饰鞋履,不要带子,1,该用户希望商品能提供无装饰飘带的款式。
Jing1000086,服饰鞋履,便宜点,1,该用户希望商家能够提供更优惠的价格或折扣。
Jing1000086,服饰鞋履,沐浴露开了吗,1,该用户是在询问主播是否开始介绍或展示沐浴露产品。
Jing1000086,服饰鞋履,碎花连衣裙今天上吗,1,该用户是在询问今天是否会售卖碎花连衣裙这款商品，表现出明确的购买意向和对该款式的关注。
Jing1000086,服饰鞋履,就是手臂太粗了我,0,该用户可能在担心衣服的袖口尺寸是否适合自己较粗的手臂。
Jing1000086,服饰鞋履,飘带不方便,0,该用户认为服装上的飘带设计会影响穿着时的实用性或舒适度，希望商家能提供无飘带的款式选择。
Jing1000086,服饰鞋履,透气吗,1,该用户是在询问商品面料的透气性能，以评估穿着舒适度。
Jing1000086,服饰鞋履,喜欢欣姐手上这个包包,1,该用户对主播展示的包包表现出明确的兴趣和好感，暗示有潜在的购买意向。
Jing1000086,服饰鞋履,感觉不要带子会更好看,1,该用户认为去掉飘带的设计会让商品看起来更美观。
Jing1000086,服饰鞋履,没袖子不敢穿,0,该用户想表达的含义是：对无袖设计有所顾虑，希望推出有袖子的款式。
Jing1000086,服饰鞋履,带子能不要嘛,1,该用户希望商品可以去掉装饰性的飘带设计。
Jing1000086,服饰鞋履,海派甜心开一下嘛,0,该用户是在催促主播展示或讲解名为“海派甜心”的商品款式。
Jing1000086,服饰鞋履,飘带可以没有吗,1,该用户想表达的含义是：询问商品是否可以去掉飘带设计。
Jing1000086,服饰鞋履,不想要这个长带子,1,该用户希望商品能去掉装饰性的长飘带设计。
Jing1000086,服饰鞋履,可以再穿下3号吗,1,该用户想表达的含义是：希望主播再次展示3号款式的服装以便进一步确认是否购买。
Jing1000086,服饰鞋履,买哪个颜色,1,该用户想表达的含义是：在多个可选颜色中犹豫不决，希望主播推荐最合适的款式颜色。
Jing1000086,服饰鞋履,120穿不了,1,该用户想表达的含义是：这件衣服的尺码120不适合自己穿。
Jing1000086,服饰鞋履,不要那个带,1,该用户想表达的含义是：希望商品不包含那条装饰用的带子。
Jing1000086,服饰鞋履,90斤买什么码,1,该用户是在询问自己90斤的体重应该选择什么尺码的服装。
Jing1000086,服饰鞋履,这个飘带可以没有嘛?,1,该用户想表达的含义是：希望产品能去掉飘带的设计。
Jing1000086,服饰鞋履,有没有黑色,1,该用户是在询问当前展示的商品是否有黑色款式可选。
Jing1000086,服饰鞋履,有带袖的裙子吗,1,该用户想表达的含义是：询问直播间是否有适合遮盖手臂的款式裙子。
Jing1000086,服饰鞋履,跨宽腰细能穿吧,1,该用户想询问这款衣服的版型是否适合腰细但胯宽的身材。
Jing1000086,服饰鞋履,带袖子的做个,1,该用户想表达的含义是：希望推荐一款带袖子的同款服装。
Jing1000086,服饰鞋履,飘带可以不要吗?,1,该用户想表达的含义是：询问商品是否可以去掉飘带的设计。
Jing1000086,服饰鞋履,上一个不露手臂的,1,该用户希望主播展示或推荐一款遮挡手臂的服装款式。
Jing1000086,服饰鞋履,这个飘带可以没有吗?不日常,1,该用户认为服装上的飘带设计不够实用，希望了解是否有无飘带的款式可选。
Jing1000086,服饰鞋履,弄个不带飘带的,1,该用户希望商品能去掉飘带的设计。
Jing1000086,服饰鞋履,这个带子太麻烦了,0,该用户认为产品上的装饰带子设计繁琐，希望商家能提供简化版本或取消该设计。
Jing1000086,服饰鞋履,不要做带子,0,该用户希望商品能去掉装饰性的带子设计。
Jing1000086,服饰鞋履,飘带可以取吗,1,该用户是在询问商品上的飘带是否可以拆卸或去除。
Jing1000086,服饰鞋履,胸大可以穿吗,1,该用户是在询问自己的身材特点（胸部丰满）是否适合穿着直播展示的服装款式。
Jing1000086,服饰鞋履,做到120斤的,1,该用户想询问主播商品是否有适合体重120斤的尺码或款式。
Jing1000086,服饰鞋履,不是每个人都有你这么好的手臂,0,该用户想表达的含义是：希望主播推荐一款能遮住手臂的款式。
Jing1000086,服饰鞋履,黑黄皮的拍什么颜色比较好,1,该用户想询问适合黑黄肤色的服装颜色推荐。
Jing1000086,服饰鞋履,带子可以不要吗?,1,该用户希望商品能去掉装饰带的设计。
Jing1000086,服饰鞋履,带子可以拿掉吗,1,该用户是在询问直播展示的商品是否可以去除装饰性的带子设计。
Jing1000086,服饰鞋履,没袖子的不敢穿,0,该用户想表达的含义是：希望商家能提供有袖子的款式，因为自己不适合穿无袖的衣服。
Jing1000086,服饰鞋履,带着可以剪吗,1,该用户是在询问直播展示的服装是否可以去掉或调整某些设计元素（如飘带、袖子等）以满足个人穿着需求。
Jing1000086,服饰鞋履,实物哪个颜色好看,1,该用户想询问商品实物中哪种颜色更适合购买或更美观。
Jing1000086,服饰鞋履,这么好的料子欣儿出个短款吧!,1,该用户希望主播能推出同款面料的短款设计以满足更多消费者的需求。
Jing1000086,服饰鞋履,带子可以取吗,1,该用户想询问商品上的装饰带是否可以拆卸或去除。
Jing1000086,服饰鞋履,第一套私服,1,该用户想表达的含义是：询问主播展示的第一套日常私服是否适合自己或能否满足特定需求。
Jing1000086,服饰鞋履,不要飘带可以吗?,1,该用户想表达的含义是：询问主播能否提供或定制没有飘带款式的服装。
Jing1000086,服饰鞋履,上包包?,1,该用户想表达的含义是：询问主播是否会上架不带飘带的包包款式。  （结合前文弹幕高频讨论“飘带/带子”的累赘问题，用户延续对产品设计的简化需求，将焦点从服装转移到配饰，隐含对包包的购买兴趣。）
Jing1000086,服饰鞋履,能做个带点袖子的吗?,1,该用户希望主播能推出一款有袖子的设计款式。
Jing1000086,服饰鞋履,现贺吗,0,该用户想问的是“这款衣服现在有现货吗？”
Jing1000086,服饰鞋履,买了2条,1,该用户想表达的含义是：已经下单购买了两件商品。
Jing1000086,服饰鞋履,带子可以取不,1,该用户想询问衣服上的装饰带子是否可以拆卸或去除。
Jing1000086,服饰鞋履,有运费险吗,1,该用户可能是在确认商品的售后保障情况，以评估购买风险并决定是否下单。
Jing1000086,服饰鞋履,没抢到,0,该用户想表达的含义是：对未能成功购买直播中推荐的商品感到遗憾。
Jing1000086,服饰鞋履,"亲,你穿的最小码吗",1,该用户是在询问主播所展示的服装最小尺码是否适合自己或特定体型的人穿着。
Jing1000086,服饰鞋履,是按腰围买吗?不按体重,1,该用户是在询问商品的尺码选择标准，想知道是否应该根据腰围而非体重来选购。
Jing1000086,服饰鞋履,"有点没钱了,但是也得买[捂脸]",0,该用户虽然手头拮据，但仍被商品吸引并产生强烈购买欲望，表现出一种无奈又心动的矛盾心理。
Jing1000086,服饰鞋履,"哎,没有大码",0,该用户想表达的含义是：对商品缺少适合自己尺码的款式感到失望。
Jing1000086,服饰鞋履,做个有袖子的,1,该用户希望主播能推出带有袖子的款式。
Jing1000086,服饰鞋履,胳膊粗穿不了,1,该用户是在委婉表达对商品款式的不满，暗示衣服的无袖设计不适合自己体型，可能因此放弃购买。
Jing1000086,服饰鞋履,"不要飘带,带孩子不方便",0,该用户是在委婉表达对服装设计的改进建议，认为飘带设计会影响带孩子的实用性，希望商家能考虑去除或改进这一装饰元素。
Jing1000086,服饰鞋履,一个色一条,1,该用户想表达的含义是：询问商品是否每个颜色都有一条库存可供选择。
Jing1000086,服饰鞋履,不要飘带[捂脸][捂脸][捂脸][捂脸],0,该用户是在表达对服装上装饰飘带的排斥，认为飘带设计不实用或影响穿着体验。
Jing1000086,服饰鞋履,带子可以剪掉不?,1,该用户是在询问直播展示的商品上附带的装饰带子是否能够自行剪除而不影响使用。
Jing1000086,服饰鞋履,三个款我拍了两套[捂脸],0,该用户想表达自己已经下单购买了其中两款商品各两件，略带调侃地表示自己买得有点多。
Jing1000086,服饰鞋履,有黑色就好了,1,该用户希望商品能提供黑色款式的选择。
Jing1000086,服饰鞋履,包包上吗?[比心][比心],1,该用户是在急切询问主播是否会推出包包产品，并用表情符号表达强烈的期待和喜爱之情。
Jing1000086,服饰鞋履,"姐妹,卡码",1,该用户是在询问主播或其他观众所展示的商品尺码是否标准或偏小，担心自己穿着不合适。
Jing1000086,服饰鞋履,做点120斤的,1,该用户是在建议商家推出适合体重120斤人群的尺码款式。
Jing1000086,服饰鞋履,有飘带日常不方便,1,该用户认为服装上的飘带设计会影响日常穿着时的便利性，暗示希望产品能取消或改进这一设计元素。
Jing1000086,服饰鞋履,带子能剪掉吗,1,该用户是在询问服装上的装饰带子是否可以拆卸或去除，以确认产品的实用性是否符合自身需求。
Jing1000086,服饰鞋履,我还以为看错了呢,0,该用户可能是在表达对商品某个出乎意料的细节（如价格、款式或功能）感到惊讶或意外。
Jing1000086,服饰鞋履,带袖的裙子有吗,1,该用户想询问直播间是否有带袖款式的裙子可供购买。
Jing1000086,服饰鞋履,没码了,1,该用户想表达的是商品缺货或断码，自己想要的尺码已经售罄了。
Jing1000086,服饰鞋履,"想要好一点,但是不想要飘带的",1,该用户希望购买款式优质的产品，但明确表示不需要带有飘带的设计，可能是出于实用性和日常便利性的考虑。
Jing1000086,服饰鞋履,不要带子可以不,1,该用户想询问商品是否可以提供无装饰带子的款式或选择。
Jing1000086,服饰鞋履,白色西裤加一点,1,该用户想表达的含义是：想要购买白色西裤并希望增加一些库存或款式选择。
Jing1000086,服饰鞋履,什么颜色好看,1,该用户可能在询问商品颜色的选择建议，以帮助自己做出购买决策。
Jing1000086,服饰鞋履,"不知道腰围,只知道体重",1,该用户可能是在询问服装尺码时因不清楚腰围数据，试图通过体重信息来推测合适的尺寸。
Jing1000086,服饰鞋履,"这种裙子能不能做有袖子的,手臂粗的人穿不了",0,该用户希望商家能推出带袖款的裙子以满足手臂较粗人群的穿着需求。
Jing1000086,服饰鞋履,胖点穿不了,0,该用户想表达的含义是：自己体型偏胖，担心衣服尺码不合适无法穿着。
Jing1000086,服饰鞋履,推荐哪个颜色,1,该用户可能在询问主播对于商品颜色的选择建议，以帮助自己做出购买决策。
Jing1000086,服饰鞋履,在上点,1,该用户可能在催促主播继续上架更多款式或颜色的商品。
Jing1000086,服饰鞋履,"姐妹,卡吗",1,该用户可能是在询问直播画面是否流畅，担心网络延迟影响观看体验。
Jing1000086,服饰鞋履,"不喜欢带子就不要嘛,剪了就好,问啥子",0,该用户想表达的含义是：既然不喜欢包上的带子，直接剪掉就行，没必要反复询问。
Jing1000086,服饰鞋履,腰围没写啊,0,该用户是在询问或抱怨商品详情中缺少腰围尺寸信息，暗示自己需要这项数据来判断是否合适购买。
Jing1000086,服饰鞋履,"想要好一点,但不想要飘带的",1,该用户希望购买一款品质较好且设计简洁、不带飘带的商品。
Jing1000086,服饰鞋履,你身上那个裙子是现货吗?,1,该用户可能是在询问主播展示的裙子是否有库存可以立即购买，同时隐含对裙子款式的兴趣和潜在的购买意向。
Jing1000086,服饰鞋履,麒麟臂穿不了,1,该用户想表达的含义是：这件衣服的袖子设计不适合手臂较粗的人穿着。
Jing1000086,服饰鞋履,"带孩子,不要飘带",1,该用户想表达的含义是：希望购买不带飘带设计的款式，因为带孩子时飘带会带来不便。
Jing1000086,服饰鞋履,"有没有袖子款的,手臂粗这穿不了",1,该用户是在询问是否有带袖的款式可供选择，因为自己手臂较粗不适合穿无袖款。
Jing1000086,服饰鞋履,这个要拍小吗,1,该用户是在询问商品是否需要选择小尺码购买。
Jing1000086,服饰鞋履,不要飘带行吗,1,该用户希望购买不带飘带款式的服装。
Jing1000086,服饰鞋履,要真丝的,1,该用户希望主播推荐或展示真丝材质的服装款式。
Jing1000086,服饰鞋履,小个子抢光了,0,该用户想表达的含义是：适合小个子身材的款式已经售罄了。
Jing1000086,服饰鞋履,真丝套装要,1,该用户想表达的是对真丝套装产品的明确购买意向。
Jing1000086,服饰鞋履,套装也好看呀,1,该用户对直播中展示的真丝套装款式表示认可和喜爱，暗示有购买意向。
Jing1000086,服饰鞋履,想要要,1,该用户想表达对当前展示商品的强烈购买意愿。
Jing1000086,服饰鞋履,这大嫂真漂亮,0,该用户可能是在夸赞主播或展示商品的模特气质出众，从而间接表达对商品的好感或兴趣。
Jing1000086,服饰鞋履,工装裤还有吗xs,1,该用户想询问工装裤是否有XS尺码的库存。
Jing1000086,服饰鞋履,没枪到,1,该用户想表达的含义是：没抢到想要的商品。
Jing1000086,服饰鞋履,要高端,1,该用户希望产品具备更高品质或更精致的属性。
Jing1000086,服饰鞋履,真丝是很好真丝的容易勾丝,0,该用户想表达的含义是：虽然真丝面料品质不错，但担心容易勾丝影响耐用性。
Jing1000086,服饰鞋履,为什么要飘带,0,该用户是在询问服装设计中飘带元素的必要性或实用性。
Jing1000086,服饰鞋履,做男装,0,该用户可能是在询问直播间是否有男装品类或推荐相关款式。
Jing1000086,服饰鞋履,可以不要飘带,0,该用户希望商品能够去掉飘带的设计。
Jing1000086,服饰鞋履,没有了,0,该用户想表达的含义是：想要的商品已经售罄了。
Jing1000086,服饰鞋履,不要飘带[捂脸],0,该用户希望商品能够去掉飘带的设计。
Jing1000086,服饰鞋履,39号开下嘛,1,该用户希望主播展示或讲解39号商品的具体信息或购买方式。
Jing1000086,服饰鞋履,蓝色的没了,1,该用户想表达的含义是：蓝色款式的商品已经售罄了。
Jing1000086,服饰鞋履,@?***你啥眼神[捂脸],0,该用户可能在调侃或反驳主播对某件商品的描述或推荐，认为对方的审美或判断有误，并带有玩笑性质的无奈感。
Jing1000086,服饰鞋履,没有大码,0,该用户想表达的含义是：商品没有提供适合大尺码的选项。
Jing1000086,服饰鞋履,有夏天穿的喇叭裤么,1,该用户是在询问直播间是否有适合夏季穿着的喇叭裤款式可供购买。
Jing1000086,服饰鞋履,断码啦,1,该用户是在询问或感叹商品库存不足，尤其是自己需要的尺码已经售罄。
Jing1000086,服饰鞋履,真丝的穿着贼舒服[比心][比心][比心][比心][比心],1,该用户通过强调真丝材质的舒适性并搭配积极表情符号，暗示对真丝产品的强烈好感与潜在购买意愿。
Jing1000086,服饰鞋履,@洪***不要就拿回家咔嚓,0,该用户是在以调侃或略带催促的语气提醒另一位观众（洪***）尽快决定是否购买商品，否则就放弃购买机会让给其他人。
Jing1000086,服饰鞋履,要这男土的,1,该用户想表达的是“我想要这件男装”。  （结合前文语境，直播间在讨论服装款式、尺码等问题，且有多条“要”“想要”等购买意向表达，用户用简洁口语化表达对当前展示的男装产品的兴趣。）
Jing1000086,服饰鞋履,欣儿给做个遮腐乳自带胸垫的美背吧[呲牙],1,"该用户希望主播推荐一款兼具遮肉、自带胸垫功能的美背内衣。 （解析要点：结合前文弹幕中频繁出现的服装功能需求、尺码询问等购物意向，以及表情符号[呲牙]的轻松语气，可判断这是对特定功能内衣的明确购买诉求。""遮腐乳""是""遮副乳""的谐音误写，指修饰腋下赘肉的设计需求，整句透露出用户希望获得兼具塑形与舒适性的内衣推荐。）"
Jing1000086,服饰鞋履,一要飘带的就剪了嘛,0,该用户是在询问或确认“如果选择带飘带的款式，是否可以把飘带剪掉”。
Jing1000086,服饰鞋履,"想要好一点,但不想要飘带,想要好一点的,不想要飘带",1,该用户希望购买一款高品质且不带飘带设计的商品，并再次强调对去除飘带元素的明确需求。
Jing1000086,服饰鞋履,"买过真丝裤子,500元[捂脸]",0,该用户是在感叹自己之前购买的真丝裤子价格较高（500元），并带有调侃或无奈的情绪，暗示当前直播间的同类商品可能更划算或值得关注。
Jing1000086,服饰鞋履,162要买高个子的吗,1,该用户可能在询问身高162cm的人是否需要选择高个子尺码的服装。
Jing1000086,服饰鞋履,看看腰围,1,该用户可能是想确认商品的腰围尺寸是否适合自己，表达了对产品具体细节的关注和潜在的购买意向。
Jing1000086,服饰鞋履,推荐哪个颜色,1,该用户是在询问主播对于商品颜色选择的建议，表现出对产品具体款式的兴趣和潜在的购买意向。
Jing1000086,服饰鞋履,手臂粗,0,该用户可能是在询问衣服的袖口尺寸是否适合手臂较粗的人穿着。
Jing1000086,服饰鞋履,在上一波,1,该用户可能在询问之前某轮促销中提到的商品是否还有库存或能否再次上架。
Jing1000086,服饰鞋履,带子稍短一点,1,该用户希望产品的绑带或装饰带长度能调整得更短一些。
Jing1000086,服饰鞋履,真丝裤子有就好了,1,该用户希望直播间能提供真丝裤子的购买选项，表达了对这类商品的兴趣和需求。
Jing1000086,服饰鞋履,来点高端的,1,该用户希望主播推荐或展示更高品质、更精致的产品款式。
Jing1000086,服饰鞋履,自己怎么剪[捂脸],0,该用户可能在困惑或调侃如何自行处理商品（如剪掉飘带等设计细节），结合前文对服装细节的讨论，表达了对产品个性化修改的无奈或需求。
Jing1000086,服饰鞋履,再上裙子,1,该用户希望主播再次上架之前展示过的裙子款式。
Jing1000086,服饰鞋履,沐浴露开了吗,1,该用户是在询问直播间是否已经开始介绍或售卖沐浴露产品。
Jing1000086,服饰鞋履,胳膊有点粗不敢穿[捂脸],1,该用户因担心自己手臂较粗而对展示的服装款式产生顾虑，委婉表达了因身材不自信导致的犹豫态度。
Jing1000086,服饰鞋履,短皮衣有没有?,1,该用户是在询问直播间是否有短款皮衣这款商品可供购买。
Jing1000086,服饰鞋履,"刚到,站远点看看",1,该用户可能是刚进入直播间，想先观望一下商品展示效果再决定是否购买。
Jing1000086,服饰鞋履,私服码数做大点,1,该用户希望服装的尺码能够设计得更宽松一些，以满足不同体型消费者的需求。
Jing1000086,服饰鞋履,"我纠结有没有拍小,又纠结有没有拍大[捂脸][捂脸][捂脸]",1,该用户因对商品尺码不确定而陷入选择困难，既担心选小了不合身又怕选大了不合适，表现出强烈的购买意向和纠结心态。
Jing1000086,服饰鞋履,拍了三单,1,该用户想表达的含义是：已经下单购买了三次。
Jing1000086,服饰鞋履,做一款带袖子的,1,该用户希望主播推荐或展示一款带有袖子的服装款式。
Jing1000086,服饰鞋履,肩宽穿会不会显壮,1,该用户是在询问衣服的版型是否适合自己身材，担心肩部设计会放大体型缺点。
Jing1000086,服饰鞋履,远点看看,1,该用户想表达的含义是：希望主播将镜头拉远以便更全面地查看商品效果。
Jing1000086,服饰鞋履,裁缝店剪[捂脸][捂脸],0,该用户想表达的含义是：担心自己动手修改衣服会剪坏，感到无奈和好笑。
Jing1000086,服饰鞋履,你穿的是什么码,1,该用户可能是在询问主播身上所穿商品的尺码信息，以便参考选择适合自己的尺寸。
Jing1000086,服饰鞋履,远点看下,1,该用户希望主播将展示的商品拉远镜头，以便更全面地观察整体上身效果或款式细节。
Jing1000086,服饰鞋履,飘带可以剪的吧,0,该用户是在询问直播展示的服装飘带是否允许自行裁剪修改，可能对款式细节有调整需求或顾虑穿着效果。
Jing1000086,服饰鞋履,还宝贝们了[捂脸][捂脸][捂脸],0,该用户想表达的含义是：对商品款式或尺码的纠结和无奈，类似其他观众提到的犹豫不决的购买心理。
Jing1000086,服饰鞋履,西装裤还有吗,1,该用户想询问直播间是否还有西装裤的库存可供购买。
Jing1000086,服饰鞋履,有没有运费险,1,该用户是在确认商品是否附带退货运费保障，以此作为购买决策的参考因素。
Jing1000086,服饰鞋履,远看一天,1,该用户想表达的含义是：希望主播将镜头拉远或调整拍摄距离，以便更全面地观察商品展示效果。
Jing1000086,服饰鞋履,太好看了,1,该用户想表达的含义是：对展示的商品款式或上身效果表示高度赞赏，可能产生购买意向。  （结合前文弹幕中频繁出现的尺码讨论、远看请求、具体款式询问等互动，可推断用户被商品外观吸引，潜在表达“想买”的倾向。）
Jing1000086,服饰鞋履,还上私服了吗,1,该用户是在询问主播是否还会再次上架私服款式的服装。
Jing1000086,服饰鞋履,后面看看,1,该用户想表达的含义是：先观望一下后续展示的商品再决定是否购买。
Jing1000086,服饰鞋履,我拍了7件加急发货,0,该用户想表达自己已经下单购买了7件商品，并希望商家优先处理自己的订单尽快发货。
Jing1000086,服饰鞋履,飘带会不会网前面跑,1,该用户是在询问衣服的飘带设计是否容易在活动时向前滑动移位，可能担心影响穿着效果或舒适度。
Jing1000086,服饰鞋履,我会量,0,该用户想表达的含义是：我需要确认衣服的尺寸是否合适自己。
Jing1000086,服饰鞋履,海派甜心开一下嘛,0,该用户希望主播展示或介绍名为“海派甜心”的商品款式。
Jing1000086,服饰鞋履,能怎么剪飘带,1,该用户想询问飘带的修剪方法和具体操作步骤。
Jing1000086,服饰鞋履,怎么卡,0,该用户可能是在询问直播画面卡顿的原因或如何解决观看时的卡顿问题。
Jing1000086,服饰鞋履,我腰围69,1,该用户想表达的含义是：询问自己适合的尺码或确认服装是否合身。
Jing1000086,服饰鞋履,修改裤脚的地方几块弄掉就行了,0,该用户想表达的是：希望主播说明裤脚修改的具体位置和修剪方式。
Jing1000086,服饰鞋履,喜欢.可惜手臂粗,1,该用户对商品款式感到心动，但因担心自己手臂较粗可能不适合穿着而犹豫不决。
Jing1000086,服饰鞋履,西装裤,1,该用户可能在询问直播间是否有西装裤这款商品在售，或对展示的西装裤感兴趣想进一步了解详情。
Jing1000086,服饰鞋履,小个子没,0,该用户可能在询问主播展示的服装是否适合身材娇小的人穿着。
Jing1000086,服饰鞋履,海派甜心,0,该用户是在请求主播展示或介绍名为“海派甜心”的服装款式。
Jing1000086,服饰鞋履,看下整体,1,该用户想表达的含义是：希望主播展示商品的整体效果或全貌。
Jing1000086,服饰鞋履,短皮衣,1,该用户可能是想询问主播是否会上架或展示短款皮衣这款单品。
Jing1000086,服饰鞋履,带子可以取不,1,该用户想询问直播展示的商品（可能是带有带子的服饰）的带子是否可以拆卸或调整。
Jing1000086,服饰鞋履,带袖子的,1,该用户可能是在询问当前展示的服装是否有带袖子的款式可选。
Jing1000086,服饰鞋履,白色那个套装,1,该用户想询问直播中展示的白色套装的具体信息或购买方式。
Jing1000086,服饰鞋履,那个袋子可以拆吗,1,该用户想询问直播展示的商品（可能是包袋或服装配饰）的某个部件是否可以拆卸。
Jing1000086,服饰鞋履,CK36-1会不会上嘛,1,该用户是在询问某款商品（可能是编号为CK36-1的款式）是否会在这场直播中上架销售。
Jing1000086,服饰鞋履,啊哈哈哈哈哈哈,0,该用户可能被直播中的某个幽默互动或搞笑场景逗乐，用大笑表达轻松愉悦的情绪并间接参与氛围互动。
Jing1000086,服饰鞋履,白色包包上两款呗,1,该用户想表达的含义是：希望主播展示一下白色包包的两种款式。
Jing1000086,服饰鞋履,短皮衣有没有?,1,该用户是在询问直播间是否有短款皮衣这款商品。
Jing1000086,服饰鞋履,"我90斤,腰围64,买什么码?",1,该用户想表达的含义是：询问根据自身身材数据应该选择什么尺码的服装。
Jing1000086,服饰鞋履,海派甜心价格开一下嘛,0,该用户是在询问主播能否展示或说明“海派甜心”这款商品的具体价格信息。
Jing1000086,服饰鞋履,海派甜心开一下,0,该用户是在催促主播展示或介绍“海派甜心”这款商品的具体信息或价格。
Jing1000086,服饰鞋履,穿下白色,1,该用户想表达的含义是：让主播试穿一下白色的那款衣服看看效果。
Jing1000086,服饰鞋履,CK36-1,0,"该用户是在询问商品编号为""CK36-1""的款式是否会在这场直播中上架销售。"
Jing1000086,服饰鞋履,看看后面,1,该用户想表达的含义是：希望主播展示后续要介绍的商品款式或内容。
Jing1000086,服饰鞋履,"这条很好看,我喜欢,可是我120斤呀穿不了[捂脸][捂脸][捂脸]",1,该用户表达的是虽然很喜欢这件衣服的款式，但因为自己的体重原因担心无法穿着合适，感到遗憾和无奈。
Jing1000086,服饰鞋履,这个包包好喜欢,1,该用户想表达的含义是：对展示的包包产生了强烈的购买欲望。
Jing1000086,服饰鞋履,有袖子的上点[捂脸],1,该用户希望主播多展示一些带袖子的服装款式。
Jing1000086,服饰鞋履,腰围79穿不了体重104[捂脸][捂脸],1,该用户想表达的含义是：虽然喜欢这件衣服，但自己的腰围和体重与商品尺码不匹配，感到遗憾和无奈。
Jing1000086,服饰鞋履,带子可以拆不,1,该用户是在询问商品上的带子是否可以拆卸。
Jing1000086,服饰鞋履,手臂粗的穿不了[捂脸],1,该用户想表达的含义是：这件衣服的版型可能不适合身材较壮的人穿着。
Jing1000086,服饰鞋履,刚好110斤[捂脸],1,该用户想表达的含义是：我的体重刚好符合这件衣服的尺码要求，有点小庆幸。
Jing1000086,服饰鞋履,S腰围多少?,1,该用户可能在询问某件商品的腰围尺寸以判断自己是否适合购买。
Jing1000086,服饰鞋履,看出来了,0,该用户想表达的含义是：通过之前的讨论和展示，我已经理解或确认了某个产品的特点或信息。
Jing1000086,服饰鞋履,白色裤子有????,1,该用户想询问白色裤子的具体款式或是否有货。
Jing1000086,服饰鞋履,看出来,0,该用户想表达的含义是：通过之前的展示或解说，我已经理解产品的特点或使用方法了。
Jing1000086,服饰鞋履,能看出来,0,该用户想表达的含义是：通过之前的展示已经能明显看出商品的特点或效果。
Jing1000086,服饰鞋履,确实哈,0,该用户可能是在附和主播或其他观众的观点，表示认同或赞同前面讨论的内容。
Jing1000086,服饰鞋履,可以看出来,0,该用户想表达的含义是：通过之前的展示已经能明显看出产品的特点或效果。
Jing1000086,服饰鞋履,看得出来,0,该用户想表达的含义是：通过观察确认了主播展示商品的某些特点或效果。
Jing1000086,服饰鞋履,很明显的,0,该用户想表达的含义是：从之前的讨论中已经能明显看出产品的特点或问题。
Jing1000086,服饰鞋履,很明显,0,该用户想表达的含义是：从直播展示的内容中可以清晰地看出产品的某个特点或效果。
Jing1000086,服饰鞋履,好好看,1,该用户想表达的含义是：对当前展示的商品款式或外观表示高度赞赏和喜爱。
Jing1000086,服饰鞋履,@雨***到橱窗里买[捂脸],0,该用户是在提醒或建议其他人去主播的电商橱窗购买商品，可能因为当前展示的商品很受欢迎或库存有限。
Jing1000086,服饰鞋履,看着都很low,0,该用户认为直播展示的商品整体品质不高或款式不够时尚。
Jing1000086,服饰鞋履,光泽度也不一样,0,该用户可能是在对比商品细节差异，暗示对产品品质或外观有所关注，但尚未明确表达购买意向。
Jing1000086,服饰鞋履,这个有光泽,1,该用户是在对比商品的光泽效果，暗示当前展示的这款比之前提到的更有质感或更符合期待。
Jing1000086,服饰鞋履,真丝要皱呀,0,该用户可能是在担忧真丝材质的衣物容易起皱，暗示对产品实用性存在顾虑或希望主播进一步说明保养方法。
Jing1000086,服饰鞋履,有光泽,1,该用户是在对比讨论商品的光泽效果，可能认为当前展示的这款比之前提到的更有质感。
Jing1000086,服饰鞋履,料子不一样,0,该用户想表达的含义是：这件衣服的材质与其他款式有明显区别。
Jing1000086,服饰鞋履,一眼就能看出[发呆][发呆],0,该用户想表达的含义是：这件衣服的材质或设计特点非常明显，一眼就能辨认出来。
Jing1000086,服饰鞋履,你做好看,1,该用户想表达的含义是：这件商品的款式或设计很吸引人。
Jing1000086,服饰鞋履,光泽都不一样,0,该用户是在对比商品材质差异，指出不同产品的表面光泽存在明显区别。
Jing1000086,服饰鞋履,上链接,1,该用户急切催促主播尽快开放商品购买通道。
Jing1000086,服饰鞋履,你做的好看,1,该用户是在称赞主播展示的商品款式或搭配效果出众，表达了对产品外观设计的认可和欣赏。
Jing1000086,服饰鞋履,真丝有光泽,1,该用户是在认可并强调主播展示的真丝面料具有优质的光泽特性。
Jing1000086,服饰鞋履,我夏季都是穿真丝衣服,1,该用户是在强调自己对真丝材质的偏好和熟悉度，暗示对当前直播展示的真丝产品有潜在购买兴趣。
Jing1000086,服饰鞋履,上面那个白色的没看到上身效果,1,该用户想表达的含义是：对白色款式的实际穿着效果感到好奇，希望主播能展示上身试穿。
Jing1000086,服饰鞋履,软软糯糯的,1,该用户想表达的含义是：这件衣物的质地看起来柔软舒适，让人有想触摸或购买的冲动。
Jing1000086,服饰鞋履,有卖吗,1,该用户想询问直播中展示的商品是否已经上架可供购买。
Jing1000086,服饰鞋履,能接受,1,该用户想表达的含义是：对当前展示的商品品质或价格表示认可，愿意考虑购买。
Jing1000086,服饰鞋履,出个大人版本这个的,1,该用户希望商家推出同款产品的成人尺寸版本。
Jing1000086,服饰鞋履,139西裤没m码了,1,该用户想表达的含义是：对139元的西裤感兴趣但发现缺货了M码。
Jing1000086,服饰鞋履,要真丝要真丝,1,该用户迫切希望主播推荐或上架真丝材质的商品。
Jing1000086,服饰鞋履,"欣姐39号链接还有吗,来晚了",1,该用户想表达的含义是：询问主播39号链接的商品是否还有库存，并表达了自己因迟到而担心错过购买的焦虑。
Jing1000086,服饰鞋履,太好看了,1,该用户被直播展示的商品外观或效果所吸引，表达了对产品视觉呈现的强烈赞赏和潜在的购买意向。
Jing1000086,服饰鞋履,看下裙子,1,该用户想表达的含义是：请展示一下裙子的款式或上身效果。
Jing1000086,服饰鞋履,做个大人穿的,1,该用户希望商家推出同款设计的成人尺码产品。
Jing1000086,服饰鞋履,做个大人的吧,1,该用户希望商家推出同款商品的成人尺码版本。
Jing1000086,服饰鞋履,可以跟小孩做么,0,该用户希望推出适合亲子共同参与的款式或产品。
Jing1000086,服饰鞋履,这个男孩子也能穿吧,1,该用户是在询问当前展示的服装款式是否也适合男性穿着。
Jing1000086,服饰鞋履,做大人的,1,该用户希望商家推出同款产品的成人尺寸版本。
Jing1000086,服饰鞋履,来个大人的,1,该用户希望主播推出同款商品的成人尺码版本。
Jing1000086,服饰鞋履,"终于开直播了,等了好几天了",0,该用户想表达的含义是：对主播的回归感到期待和欣喜，并暗示自己持续关注直播动态。
Jing1000086,服饰鞋履,我也想给女儿买,1,该用户被直播间的亲子款商品吸引，产生了为自己女儿购买的意愿。
Jing1000086,服饰鞋履,出款工装裙,1,该用户希望主播推出一款工装风格的裙子新品。
Jing1000086,服饰鞋履,这个裙子会皱吗,1,该用户可能担心裙子的面料容易起皱，想确认其日常穿着的实用性和保养难度。
Jing1000086,服饰鞋履,做大人穿的,1,该用户希望商家推出同款商品的成人尺码版本。
Jing1000086,服饰鞋履,桑蚕丝穿起来很舒服的,1,该用户是在认可桑蚕丝材质的舒适性，暗示对同类商品的购买兴趣或推荐意愿。
Jing1000086,服饰鞋履,做个真丝套装,1,该用户希望商家推出一款适合成人穿着的真丝材质服装套装。
Jing1000086,服饰鞋履,这种坐条大人的吧,0,该用户想表达的是：建议商家推出适合成人尺寸的这款产品。
Jing1000086,服饰鞋履,也做一点小孩子的吧[捂脸],0,该用户是在委婉建议商家推出同款儿童服饰，暗示对亲子装或缩小版产品的购买兴趣。
Jing1000086,服饰鞋履,有回音,0,该用户可能在询问是否有成人尺码的亲子同款商品（如真丝套装或工装裙），希望主播确认产品线是否覆盖大人尺寸。
Jing1000086,服饰鞋履,码数做大点,0,该用户希望商家能够提供更大尺码的成人款服装。
Jing1000086,服饰鞋履,艾米裤子上吗,1,该用户是在询问主播是否会上架“艾米裤子”这款商品。
Jing1000086,服饰鞋履,上一点小孩子的吗,1,该用户是在询问主播是否会推出适合儿童款式的同类商品。
Jing1000086,服饰鞋履,这个要大人的,0,该用户希望商家推出成人尺码的同款产品。
Jing1000086,服饰鞋履,白色好看还是白色呢,1,该用户可能在纠结商品颜色的选择，倾向于白色但不确定是否还有其他更好的白色款式或搭配建议。
Jing1000086,服饰鞋履,"你好,破洞的裤子做了一个不破洞的是哪个号?",1,该用户是在询问之前展示过的破洞裤子的常规无破洞版本对应的商品编号或款式代码。
Jing1000086,服饰鞋履,"做大人的工装裤,板等",1,该用户想表达的含义是：希望商家推出成人款的工装裤，并表示会耐心等待上架。
Jing1000086,服饰鞋履,艾米穿的衣服都好看[呲牙],1,该用户是在夸赞主播艾米的穿搭风格，并间接表达了对她展示的衣服款式的喜爱和购买意向。
Jing1000086,服饰鞋履,上点小孩子的吗,1,该用户是在询问直播间是否会上架儿童款式的商品。
Jing1000086,服饰鞋履,可以做童装,1,该用户希望商家能推出适合儿童穿着的服装款式。
Jing1000086,服饰鞋履,喜欢艾米裤子,1,该用户表达了对主播展示的“艾米裤子”款式的喜爱和购买意向。
Jing1000086,服饰鞋履,上这个面料,1,该用户希望主播推出当前展示的同款面料制作的服装。
Jing1000086,服饰鞋履,沐浴露,1,该用户可能是想询问或建议直播间上架沐浴露产品。
Jing1000086,服饰鞋履,30号链接大概多久能发,0,该用户想询问30号链接商品的发货时间，表明对该商品有购买意向并希望了解物流信息以便决策。
Jing1000086,服饰鞋履,这个来个大人的,0,该用户希望主播推出成人款的同款商品。
Jing1000086,服饰鞋履,来点大人的,0,该用户希望主播推荐或上架适合成人穿着的服装款式。
Jing1000086,服饰鞋履,这个来点大人的,0,该用户希望主播上架成人尺码的同款商品。
Jing1000086,服饰鞋履,皮带没有了,0,该用户想表达的含义是：希望主播补货或重新上架皮带款式。
Jing1000086,服饰鞋履,可以来个灰色的运动裤吗,1,该用户希望主播能上架一款灰色款式的运动裤以供购买。
Jing1000086,服饰鞋履,做点大人穿的白色工装裤[捂脸][比心][比心],0,该用户希望主播推出成人款的白色工装裤，并暗示这是对当前童装为主的商品线的补充需求。
Jing1000086,服饰鞋履,有欣姐真好,0,该用户想表达的含义是：对主播艾米的喜爱和认可，认为她的推荐或展示让人感到满意和贴心。
Jing1000086,服饰鞋履,简单一点的,1,该用户希望主播推荐款式或颜色较为简约的服装单品。
Jing1000086,服饰鞋履,俺120斤怎么穿我的美女?[抠鼻],1,该用户是在询问自己120斤的体型该如何选择合适的服装款式来穿出美感。
Jing1000086,服饰鞋履,什么时间上私服套装,1,该用户是在询问私服套装的具体上架时间，表现出明确的购买意向和对该商品的兴趣。
Jing1000086,服饰鞋履,手表好好看,1,该用户被直播中展示的手表款式吸引，认为其设计美观并产生了兴趣。
Jing1000086,服饰鞋履,@荷***2223号,0,该用户可能是想询问或确认某个特定编号的商品信息（如尺码、款式等），类似于之前弹幕中提到的“30号链接”这类指向性提问。
Jing1000086,服饰鞋履,后期来真丝的,1,该用户希望后续能推出真丝材质的服装产品。
Jing1000086,服饰鞋履,刚进来看下后面,1,该用户可能是刚进入直播间，想快速了解后续的商品展示安排或是否有自己感兴趣的内容。
Jing1000086,服饰鞋履,包好看,1,该用户想表达的含义是：这款包的设计很吸引人，让人有购买欲望。
Jing1000086,服饰鞋履,看下白色,1,该用户希望主播展示或介绍白色的商品款式。
Jing1000086,服饰鞋履,"黄色的裤子,你穿的是小个子还是高个子?",1,该用户想询问主播所穿的黄色裤子版型是否适合小个子或高个子身材的人穿着。
Jing1000086,服饰鞋履,裤子来个大人的,1,该用户希望主播推荐或展示适合成人穿着的裤子款式。
Jing1000086,服饰鞋履,包包有吗,1,该用户是在询问直播间是否有售卖包款商品。
Jing1000086,服饰鞋履,搭什么鞋子,1,该用户想询问主播身上或展示的服装搭配什么样的鞋子更合适。
Jing1000086,服饰鞋履,"不要这个款式,要做点大人的简单的",0,该用户希望主播推荐更适合成人穿着的简约风格服饰，而非当前展示的款式。
Jing1000086,服饰鞋履,手上包包包包包包手上包包包包包包,1,该用户想表达的含义是：反复询问主播手上展示的包包是否还有货或能否购买。
Jing1000086,服饰鞋履,今晚播短袖吗?,1,该用户是在询问直播是否会上架短袖款式，表现出对短袖类商品的潜在购买兴趣。
Jing1000086,服饰鞋履,等你好久了,0,该用户想表达的含义是：期待主播推荐或展示某款商品已久，迫切希望看到心仪的产品出现。
Jing1000086,服饰鞋履,你穿的美背在几号????,1,该用户是在询问主播身上穿的内搭背心的商品链接或货号，表现出明确的购买意向。
Jing1000086,服饰鞋履,白色穿一下,1,该用户希望主播试穿展示白色的服装款式以供参考。
Jing1000086,服饰鞋履,CK36-1,0,该用户可能在询问或指定某个商品型号或款式代码，例如“CK36-1”对应的具体服装单品。
Jing1000086,服饰鞋履,做到120斤的,0,该用户想表达的含义是：希望推出适合120斤体重人群穿着的服装款式。
Jing1000086,服饰鞋履,西装短裤上一下,1,该用户希望主播尽快展示或上架西装短裤这款商品。
Jing1000086,服饰鞋履,是的减了一年的肥了没减下来一斤还长了几斤?我的乖乖哟!,0,该用户可能是在自嘲减肥失败，同时以夸张幽默的口吻表达对直播间产品的兴趣，暗示自己需要适合胖身材的服装款式。
Jing1000086,服饰鞋履,做点大人的,0,该用户希望主播推荐或展示更成熟简约风格的服饰款式。
Jing1000086,服饰鞋履,长袖的自带防晒的款式,1,该用户想表达的是：询问主播是否有适合成人穿的长袖防晒款式服装。
Jing1000086,服饰鞋履,"17号看看,来晚了",1,该用户可能是想确认直播中提到的17号商品是否还有展示机会，同时表达自己因迟到而担心错过心仪产品的焦虑。
Jing1000086,服饰鞋履,就要有质感的[呲牙][呲牙][呲牙],1,该用户想表达的是对产品质感的高度认可和强烈购买意愿。
Jing1000086,服饰鞋履,要高端的,1,该用户希望推荐品质更高、档次更优的商品款式。
Jing1000086,服饰鞋履,安全裤,1,该用户可能是在询问直播间是否有安全裤这类商品，或是希望主播展示安全裤的款式和细节。
Jing1000086,服饰鞋履,安全裤有吗,1,该用户是在询问直播间是否有售卖安全裤这一商品。
Jing1000086,服饰鞋履,7.8百有品质也买,1,该用户想表达的含义是：如果七八百元的价格能保证品质，自己就会考虑购买。
Jing1000086,服饰鞋履,质量好点,1,该用户希望产品能够具备更高的品质和做工水准。
Jing1000086,服饰鞋履,蕾丝黄色套装今天上吗,1,"该用户是在询问今天是否会售卖那套黄色蕾丝面料的服装款式。  （释义思路：结合前文弹幕中频繁出现的对具体款式、颜色、上架时间的询问，以及用户对""大人感""""质感""等需求的强调，可推断目标弹幕的核心诉求是确认特定商品的上架安排。""蕾丝黄色套装""指向明确款式，""今天上吗""则聚焦时效性，整体符合直播间观众对商品信息的即时追问特征。）"
Jing1000086,服饰鞋履,这个也好看,1,该用户想表达的含义是：对当前展示的商品款式表示认可和喜爱。  （结合前文弹幕中频繁出现的款式、质感、颜色等讨论，用户可能在主播展示某件商品时，表达对其设计或风格的正面评价，隐含潜在的购买兴趣。）
Jing1000086,服饰鞋履,就是要高货,1,该用户想表达的是追求高品质商品的消费意愿。
Jing1000086,服饰鞋履,沐浴露什么时候,1,该用户想询问沐浴露这款商品会在直播的哪个时间段上架或介绍。
Jing1000086,服饰鞋履,海派甜心价格开一下,0,该用户想表达的含义是：询问主播能否展示或介绍“海派甜心”这款产品的价格信息。
Jing1000086,服饰鞋履,要有质感的,1,该用户希望主播推荐材质高级、做工精良的商品。
Jing1000086,服饰鞋履,睡衣有没有啊,1,该用户是在询问直播间是否有睡衣类商品在售或即将上架，表现出对睡衣品类的明确购买意向。
Jing1000086,服饰鞋履,"胳膊粗,夏款上点有袖子的[捂脸]",1,该用户想表达的含义是：希望商家推荐适合手臂较粗人群穿的夏季有袖款式服装。
Jing1000086,服饰鞋履,好减龄,1,该用户想表达的含义是：这件衣服的款式设计显得人年轻有活力。
Jing1000086,服饰鞋履,真好看,1,该用户是在称赞当前展示的商品款式或设计令人满意，表达出潜在的购买兴趣或认可态度。
Jing1000086,服饰鞋履,先做一点真丝想买的就买,0,该用户是在建议主播先少量上架真丝产品，让有意向的顾客能及时购买。
Jing1000086,服饰鞋履,这个美死我了,1,该用户被展示的商品外观深深吸引，产生了强烈的审美共鸣和购买欲望。
Jing1000086,服饰鞋履,来套工作服啊![捂脸],1,该用户是在半开玩笑地表示想要购买一套适合工作场合穿着的服装，同时用表情符号缓和语气显得不那么严肃。
Jing1000086,服饰鞋履,想要真丝做点,1,该用户想表达的是希望商家能推出一些真丝材质的商品供大家选购。
Jing1000086,服饰鞋履,这个夏天不能穿,0,该用户想表达的含义是：这件夏装的设计或款式不适合实际穿着需求。  （结合前文弹幕中频繁出现的对服装质感、实用性（如袖子设计）、品质的讨论，可推断用户并非单纯否定商品，而是从穿着场景或功能角度提出顾虑，隐含希望主播推荐更合适的夏季单品。）
Jing1000086,服饰鞋履,这件衣服好看[赞][赞],1,该用户通过称赞衣服好看并附上点赞表情，表达了对当前展示商品的强烈喜爱和潜在购买意愿。
Jing1000086,服饰鞋履,今天沐浴露上吗?,1,该用户是在询问直播间今天是否会售卖沐浴露产品。
Jing1000086,服饰鞋履,这个在思思家看到过,0,该用户想表达的含义是：我之前在另一个主播思思的直播间见过同款商品。
Jing1000086,服饰鞋履,海派甜心开一下,0,该用户是在询问主播能否展示或介绍名为“海派甜心”的商品的具体信息（如款式、价格等），可能是对这款产品产生了兴趣或想进一步了解细节。
Jing1000086,服饰鞋履,好美呀,1,该用户想表达的含义是：对当前展示的商品款式或外观表示强烈的喜爱和赞美。
Jing1000086,服饰鞋履,都好看,1,该用户想表达的含义是：对当前展示的多款商品都感到满意，难以抉择。
Jing1000086,服饰鞋履,一看就想买[捂脸][捂脸],1,该用户被直播间的商品展示强烈吸引，通过表情符号的调侃方式表达出难以抑制的购买冲动。
Jing1000086,服饰鞋履,也都出不去了,1,该用户想表达的含义是：这些商品都让人忍不住想买，根本控制不住自己的购买欲望。
Jing1000086,服饰鞋履,"现在上车,要忙了",1,该用户想表达的含义是：趁着现在有空赶紧下单购买，等会儿就没时间看了。
Jing1000086,服饰鞋履,买了你家袜子非常好,0,该用户想表达的含义是：对之前购买的袜子非常满意，并间接推荐或认可产品品质。
Jing1000086,服饰鞋履,一套吗,1,该用户是在询问当前展示的商品是否为成套出售的组合款。
Jing1000086,服饰鞋履,要质量好的,1,该用户是在强调对商品品质的重视，暗示希望主播推荐或展示质量有保障的产品。
Jing1000086,服饰鞋履,咋都好看啊,1,该用户想表达的含义是：这些款式全都非常吸引人，让人难以抉择。
Jing1000086,服饰鞋履,白色裙裤套装什么时间上,1,该用户是在询问白色裙裤套装的具体上架时间，表现出明确的购买意向和对该商品的兴趣。
Jing1000086,服饰鞋履,欣姐139的拖地裤没有矮个子牌的吗?,1,该用户是在询问主播是否有适合矮个子身材的139元拖地裤款式。
Jing1000086,服饰鞋履,吊带碎花裙,1,该用户可能是在询问或表示对直播间展示的吊带碎花裙款式感兴趣，暗示想了解详情或购买。
Jing1000086,服饰鞋履,有包包嘛,1,该用户是在询问直播间是否有售卖包类商品。
Jing1000086,服饰鞋履,做点大人的,1,该用户希望主播推荐或展示一些适合成熟风格（非童装或青少年款）的服装或商品。
Jing1000086,服饰鞋履,胸大会不会翘,1,该用户可能在询问某款内衣或上衣的支撑效果是否能让胸部显得挺拔。
Jing1000086,服饰鞋履,袜子还有?,1,该用户可能在询问直播间是否还有袜子库存可供购买。
Jing1000086,服饰鞋履,有其他颜色吗,1,该用户对当前展示的商品感兴趣，想询问是否有更多颜色可选以便进一步考虑购买。
Jing1000086,服饰鞋履,[捂脸]就是等发货就该穿夏款了啊,0,该用户担心现在购买的商品发货时间较晚，等收到货时季节已过，可能不太实用了。
Jing1000086,服饰鞋履,"这款要是买了等你发货来,宜春都变热了[捂脸]",0,该用户是在调侃发货速度太慢，担心等到收货时季节已过、商品不再适用。
Jing1000086,服饰鞋履,好看好看,1,该用户想表达的含义是：对当前展示的商品款式或外观表示高度赞赏和喜爱。
Jing1000086,服饰鞋履,都想要,1,该用户想表达的含义是：对直播中展示的多款商品都产生了强烈的购买欲望。
Jing1000086,服饰鞋履,我都出不去了今天裙子也买了衣服也买了这套我又想要,1,该用户想表达的含义是：今天在直播间已经买了很多东西，但看到这套又忍不住想继续下单。
Jing1000086,服饰鞋履,超好看,1,该用户想表达的含义是：对当前展示的商品款式非常心动，产生了强烈的购买欲望。
Jing1000086,服饰鞋履,没有包边吗[爱心][爱心][爱心],0,该用户可能在询问商品细节（如边缘处理工艺），同时用爱心表情表达对产品的兴趣和喜爱。
Jing1000086,服饰鞋履,有亮色吗,1,该用户是在询问当前展示的商品是否有更鲜艳或醒目的颜色款式可供选择。
Jing1000086,服饰鞋履,胸大能穿吗,1,该用户可能是在询问某件服装款式是否适合胸部较大的身材，担心上身效果或舒适度。
Jing1000086,服饰鞋履,透视吗,1,该用户可能在询问服装的透视程度或是否容易走光。
Jing1000086,服饰鞋履,还想买袜子,1,该用户表达了想再次购买袜子的意愿，暗示之前可能购买过或看到过相关商品展示。
Jing1000086,服饰鞋履,防晒衣可不可以带播,1,该用户是在询问主播能否现场展示并讲解防晒衣的款式和功能。
Jing1000086,服饰鞋履,好好看[捂脸][捂脸][捂脸][比心][比心][比心][比心],1,该用户想表达的含义是：这款商品的设计非常吸引我，既觉得有趣又真心喜欢。
Jing1000086,服饰鞋履,怎么搭配,1,该用户可能在询问当前展示的服装单品如何与其他服饰协调搭配，以获取穿搭建议或了解产品的实用性。
Jing1000086,服饰鞋履,美呆了,1,该用户被商品的外观或展示效果强烈吸引，表达出高度的赞美和潜在的购买欲望。
Jing1000086,服饰鞋履,要等很久吗,1,该用户可能在询问商品发货周期是否会影响使用时效，担心等待时间过长导致错过最佳穿着季节。
Jing1000086,服饰鞋履,蕾丝单卖就好了[比心],1,该用户希望直播中展示的蕾丝单品能够单独购买，而非作为套装的一部分。
Jing1000086,服饰鞋履,要有质感的,1,该用户希望产品具备高级的做工和材质，追求有档次感的品质。
Jing1000086,服饰鞋履,上次买的到现在还没发货……,0,该用户是在委婉抱怨发货速度过慢，暗示对商家的物流效率不满并担心再次购买会遭遇同样问题。
Jing1000086,服饰鞋履,现货吗,1,该用户是在询问商品是否有现成的库存可以立即发货。
Jing1000086,服饰鞋履,上了一节课错过了好多,0,该用户因中途离开直播间而遗憾错过了部分商品展示或优惠活动，暗示对直播内容有持续关注和潜在购买兴趣。
Jing1000086,服饰鞋履,出不去了,1,该用户想表达的含义是：被直播间的商品吸引到无法离开，产生了强烈的购买欲望。
Jing1000086,服饰鞋履,袜子祙子,1,该用户想表达的含义是：我也想买这款袜子。
Jing1000086,服饰鞋履,我自己要怎么配裤子啊,1,该用户想表达的含义是：询问这件上衣应该如何搭配裤子才合适。
Jing1000086,服饰鞋履,肚子大的可以穿嘛,1,该用户是在询问这件衣服是否适合体型偏胖、腹部较突出的人穿着。
Jing1000086,服饰鞋履,平胸可以穿吗,1,该用户是在询问商品是否适合平胸身材的穿着效果。
Jing1000086,服饰鞋履,@幸***已经上了,0,该用户想表达的含义是：提醒主播或其他人自己已经成功下单购买了商品。
Jing1000086,服饰鞋履,多少钱,1,该用户想询问当前展示商品的售价信息。
Jing1000086,服饰鞋履,这个好好看,1,该用户想表达的含义是：对直播展示的商品外观感到非常喜爱和心动。
Jing1000086,服饰鞋履,睡衣有没有,1,该用户想询问直播中是否有睡衣产品可供购买。
Jing1000086,服饰鞋履,项链有吗?,1,该用户是在询问直播间是否有项链商品在售。
Jing1000086,服饰鞋履,看啥都想买,1,该用户被直播间展示的商品所吸引，产生了强烈的购买欲望，觉得每样商品都很心动。
Jing1000086,服饰鞋履,衣服都喜欢,1,该用户想表达的是对直播中展示的所有服装款式都很心动，有强烈的购买意愿。
Jing1000086,服饰鞋履,拍下什么时候能发货,0,该用户想确认购买后商品的发货时效，表现出对下单的潜在意向和物流效率的关切。
Jing1000086,服饰鞋履,就是要等好久,0,该用户可能是在抱怨商品发货或等待时间过长，表达了对收货周期的不满或犹豫是否要下单。
Jing1000086,服饰鞋履,海派甜心价格开一下嘛,0,该用户想询问商品“海派甜心”的具体售价并希望主播尽快展示价格信息。
Jing1000086,服饰鞋履,能搭白色的裙子吗,1,该用户是在询问当前展示的商品是否能与白色裙子搭配穿着。
Jing1000086,服饰鞋履,14号开好价的吗,1,该用户是在询问14号商品的价格是否已经调整为优惠价。
Jing1000086,服饰鞋履,5.5[捂脸][捂脸][捂脸],0,该用户可能在吐槽价格偏高，用表情符号表达无奈或调侃的情绪。
Jing1000086,服饰鞋履,个头卡码拍大?,1,该用户是在询问商品的尺码是否偏小，建议选择大一号的尺寸购买。
Jing1000086,服饰鞋履,少打了个5,0,该用户可能是在抱怨商品价格比预期高，暗示原本以为会便宜5元（或50元等金额）。
Jing1000086,服饰鞋履,袜子还上吗,1,该用户是在询问之前展示过的袜子商品是否会再次补货或返场。
Jing1000086,服饰鞋履,可以问下咱家为啥都2个链接,1,该用户可能是在询问为什么同一款商品要分开发布两个不同的购买链接。
Jing1000086,服饰鞋履,推荐一款中国风的,1,该用户希望主播推荐具有中国传统风格的商品款式。
Jing1000086,服饰鞋履,嘎嘎喜欢[捂脸],1,该用户想表达的是对直播商品的强烈喜爱和兴奋情绪。
Jing1000086,服饰鞋履,是夏款吗?,1,该用户是在询问当前展示的商品是否为夏季款式。
Jing1000086,服饰鞋履,上下口红,1,该用户想询问主播是否会上架或展示口红的上下色号款式。
Jing1000086,服饰鞋履,沐浴露还没上?欣姐,1,该用户是在催促主播尽快上架沐浴露产品，并点名询问主播“欣姐”具体的上架时间或安排。
Jing1000086,服饰鞋履,咋没有人影,0,该用户可能在疑惑或抱怨直播画面中看不到主播或展示商品的人影。
Jing1000086,服饰鞋履,套装吗,1,该用户是在询问当前展示的商品是否为搭配好的整套出售。
Jing1000086,服饰鞋履,裙子还可以搭别的上衣吗?,1,该用户想表达的含义是：询问这条裙子是否能与其他款式的上衣搭配，以考虑更多的穿搭可能性。
Jing1000086,服饰鞋履,好看好看,1,该用户想表达的含义是：对当前展示的商品款式或搭配效果表示高度赞赏和喜爱。
Jing1000086,服饰鞋履,可以搭这款裙子的白色吗,1,该用户想询问主播展示的服装是否能与白色裙子搭配穿着。
Jing1000086,服饰鞋履,又看上了[捂脸][捂脸][捂脸],1,该用户想表达的含义是：对当前展示的商品产生了强烈的喜爱和购买欲望，但又因价格、库存等现实因素感到纠结或无奈。
Jing1000086,服饰鞋履,袜子袜子,1,该用户是在催促主播尽快展示或上架袜子商品。
Jing1000086,服饰鞋履,蕾丝会勾丝吗?,1,该用户担心蕾丝面料的耐用性，想确认产品是否容易破损。
Jing1000086,服饰鞋履,要等吗,0,该用户可能是在询问是否需要等待当前展示的商品补货或下一轮促销活动。
Jing1000086,服饰鞋履,"鞋鞋,,,,,,,鞋[爱心][爱心]",1,该用户想表达的含义是：非常喜欢这款鞋子，迫切想要购买。  （结合前文弹幕中频繁出现的购物咨询、产品询问和兴趣表达，该用户通过重复关键词“鞋”和爱心符号，表现出强烈的购买意向和兴奋情绪。）
Jing1000086,服饰鞋履,"@肖***一个高个子,一个矮个子你没看到啊[呲牙]",0,该用户可能在调侃或回应主播之前提到的产品尺寸问题，用幽默口吻指出不同身高的人对尺码选择的差异。
Jing1000086,服饰鞋履,是套装吗,1,该用户是在询问当前展示的商品是否为搭配好的组合产品。
Jing1000086,服饰鞋履,买不完[捂脸],1,该用户想表达的含义是：东西太多挑花眼了，根本买不过来。
Jing1000086,服饰鞋履,卡码怎么拍,1,该用户想询问如何选择商品尺码进行购买。
Jing1000086,服饰鞋履,"@肖***小个子和矮个子一个,高个子一个链接",0,该用户是在催促主播为不同身高体型的人分别提供对应的商品购买链接。
Jing1000086,服饰鞋履,我自己要怎么配什么裤子呢,1,该用户想询问如何搭配裤子来配合当前展示的服装单品。
Jing1000086,服饰鞋履,海派甜心,0,该用户可能在询问或评论当前展示的服装是否属于“海派甜心”风格，或是想确认某款商品的设计主题。
Jing1000086,服饰鞋履,@肖***有小个子矮个子版还有高个子,0,该用户是在询问主播关于同一款商品是否有针对不同身高人群的版本分类，并暗示自己可能属于小个子群体需要确认购买选项。
Jing1000086,服饰鞋履,今天好像有点模糊,0,该用户可能在抱怨直播画面不够清晰，影响了观看体验或对商品的细节判断。
Jing1000086,服饰鞋履,一套吗,1,该用户是在询问当前展示的商品是否为套装组合出售。
Jing1000086,服饰鞋履,@肖***分矮个子与高个子,0,该用户是在询问主播是否有针对不同身高（矮个子和高个子）的款式或尺码分类。
Jing1000086,服饰鞋履,@安***我也喜欢[捂脸][捂脸][捂脸],1,该用户想表达的含义是：对主播或其他人提到的某款商品表示认同和喜爱，并带有轻松调侃的情绪。
Jing1000086,服饰鞋履,"@肖***高个子一个链接,小个子和矮个子一个链接",0,该用户是在催促主播将商品按身高体型分类上架链接，以便不同身高的消费者能快速找到适合自己的款式。
Jing1000086,服饰鞋履,裙子哪个链接,1,该用户是在询问主播当前展示的裙子对应的不同身高版本的购买链接在哪里。
Jing1000086,服饰鞋履,配什么裤子,1,该用户是在询问当前展示的上衣或裙子适合搭配哪种款式的裤子。
Jing1000086,服饰鞋履,短袖有没有,1,该用户是在询问主播当前展示或提到的短袖商品是否有库存或购买链接。
Jing1000086,服饰鞋履,裤子呢,1,该用户可能在询问直播间当前展示或之前提到的裤子产品的相关信息或购买链接。
Jing1000086,服饰鞋履,白色工装裤有没有,1,该用户是在询问直播间是否有白色工装裤这款商品可供购买。
Jing1000086,服饰鞋履,欣姐皮带50没枪到,1,"该用户因抢购失败而感到遗憾，原本想购买主播“欣姐”推荐的定价50元的皮带但未能成功下单。  （解析：结合前文弹幕高频出现的商品咨询、尺码区分等购物相关互动，可推断直播间正处于促销带货场景。""没枪到""是""没抢到""的谐音误写，表达用户对限量/秒杀类商品的竞争焦虑，而""欣姐皮带50""直接指向具体商品及价格，凸显明确的购买意图和失落情绪。）"
Jing1000086,服饰鞋履,袜子还上吗,1,该用户是在询问直播中是否还会再次上架或展示袜子商品。
Jing1000086,服饰鞋履,春款黄色蕾丝套装上吗,1,该用户是在询问直播间是否会上架春季新款黄色蕾丝材质的套装服饰。
Jing1000086,服饰鞋履,光白色能外穿不,1,该用户是在询问白色款式的服装是否适合作为外搭单独穿着。
Jing1000086,服饰鞋履,要买大吗,1,该用户可能在询问商品尺码选择是否需要选大一号。
Jing1000086,服饰鞋履,没抢到,0,该用户想表达的含义是：对之前限量商品未能成功购买感到遗憾和失落。
Jing1000086,服饰鞋履,要带在几号链接,1,该用户想询问商品的具体购买链接编号以便下单。
Jing1000086,服饰鞋履,配裙子开一套嘛,1,该用户想表达的含义是：询问主播这套衣服是否可以搭配裙子一起购买。
Jing1000086,服饰鞋履,搭配牛仔裤好看吗,1,该用户是在询问当前展示的服装款式是否适合与牛仔裤搭配穿着，以此判断产品的实用性和购买价值。
Jing1000086,服饰鞋履,40岁的我合适穿吗,1,该用户是在询问直播展示的服装款式是否适合中年人的年龄气质和身材特点。
Jing1000086,服饰鞋履,"这套买了等发来,宜春要穿短袖了",0,该用户想表达的含义是：已经下单购买这套衣服，期待尽快收到货品，因为宜春当地即将升温需要穿短袖了。
Jing1000086,服饰鞋履,小朋友的工装裤有没有,1,该用户是在询问直播间是否有适合儿童穿的工装裤款式。
Jing1000086,服饰鞋履,短款皮衣,1,该用户可能在询问是否有短款皮衣这款商品，或是想了解短款皮衣的搭配建议。
Jing1000086,服饰鞋履,裙子在几号,1,该用户想询问直播中展示的裙子对应的商品链接编号。
Jing1000086,服饰鞋履,有运费险吗,1,该用户是在询问商品是否提供退货运费保障，以此评估购买风险并决定是否下单。
Jing1000086,服饰鞋履,裤子几号啊,1,该用户是在询问裤子的商品详情或购买链接编号。
Jing1000086,服饰鞋履,卡码怎么怕,1,该用户可能是想问“卡其色的尺码会不会偏大需要选小一码”。
Jing1000086,服饰鞋履,没买到,1,该用户想表达的含义是：对之前想购买的商品未能成功抢到感到遗憾。
Jing1000086,服饰鞋履,加小没有了[捂脸],1,该用户想表达的含义是：想购买的商品已经售罄，感到遗憾和无奈。
Jing1000086,服饰鞋履,"试一下3号连衣裙,谢谢",1,该用户想表达的含义是：请主播展示或讲解3号链接的连衣裙，我有购买意向。
Jing1000086,服饰鞋履,裤子夏天能穿吗,1,该用户是在询问这条裤子是否适合夏季穿着，考虑其透气性和季节适配性。
Jing1000086,服饰鞋履,没码了,0,该用户想表达的含义是：想要的尺码已经售罄了。
Jing1000086,服饰鞋履,上衣没码了,1,该用户想表达的含义是：对直播中展示的上衣因缺码无法购买感到遗憾。
Jing1000086,服饰鞋履,中色要带在几号链接,1,该用户想询问商品“中色款”应该点击哪个购买链接下单。
Jing1000086,服饰鞋履,搭白裤子看看呗,1,该用户想表达的含义是：想看看主播搭配白色裤子的效果以便决定是否购买。
Jing1000086,服饰鞋履,可以配牛仔裤吗,1,该用户是在询问当前展示的商品是否适合与牛仔裤搭配穿着。
Jing1000086,服饰鞋履,没有码了,0,该用户想表达的含义是：想要的商品尺码已经售罄了。
Jing1000086,服饰鞋履,小个子没有了,0,该用户想表达的含义是：小尺码的货品已经售罄了。
Jing1000086,服饰鞋履,上衣卡码怎么拍,1,该用户是在询问上衣尺码选择困难时该如何下单购买。
Jing1000086,服饰鞋履,要裙孑,1,该用户想表达的含义是：询问这款裙子是否有货或如何购买。
Jing1000086,服饰鞋履,xxs没有了,1,该用户想表达的含义是：商品的小码已经售罄了。
Jing1000086,服饰鞋履,没声音,0,该用户可能是在反馈直播间的音频出现问题，导致听不到主播的讲解或商品介绍。
Jing1000086,服饰鞋履,这套要等吗欣姐,1,该用户是在询问主播“欣姐”是否需要等待补货或重新上架当前展示的这套商品。
Jing1000086,服饰鞋履,"黑墨一片,什么也没有",0,该用户可能是在抱怨直播画面突然变黑或卡顿，导致无法看清商品展示。
Jing1000086,服饰鞋履,短款皮衣短款皮衣短款皮衣短款皮衣,1,该用户急切地想要确认或购买直播间展示的短款皮衣，可能因担心缺货或错过讲解而重复强调以引起主播注意。
Jing1000086,服饰鞋履,小个子没小号,0,该用户想表达的含义是：小个子尺码的服装已经售罄了。
Jing1000086,服饰鞋履,上衣卡码咋拍,1,该用户是在询问上衣尺码不合适时该如何选择或购买，暗示对商品有兴趣但遇到选码困惑。
Jing1000086,服饰鞋履,小个子没有了吗,0,该用户是在询问直播间此前展示的某款适合小个子身材的商品是否已经售罄或断码。
Jing1000086,服饰鞋履,裤子几号链接呢,1,该用户想询问直播中展示的裤子对应的商品购买链接编号。
Jing1000086,服饰鞋履,私服连衣裙可以再穿一下嘛?,1,该用户希望主播重新展示一下之前出现过的私服连衣裙款式，以便进一步确认是否适合购买。
Jing1000086,服饰鞋履,卡码怎么拍?,1,该用户是在询问商品尺码不合适时该如何下单购买。
Jing1000086,服饰鞋履,153100斤,1,该用户可能在询问身高153cm、体重100斤的体型适合穿什么尺码的衣服。
Jing1000086,服饰鞋履,蕾丝可以单穿出去吗,1,该用户想询问直播展示的蕾丝单品是否适合作为外穿服饰而不需要内搭。
Jing1000086,服饰鞋履,小主播变成大主播了,0,该用户想表达的含义是：主播的人气或影响力有明显提升，现在直播间比之前热闹多了。
Jing1000086,服饰鞋履,"你家每件衣服都是25天内发货,太慢了[捂脸]",0,该用户是在抱怨商家发货周期过长，担心等待时间影响购买体验。
Jing1000086,服饰鞋履,穿白色裹胸可能更搭,0,该用户是在建议主播搭配白色裹胸来提升整体穿搭效果，可能对当前展示的服装款式有改进意见或想看到更多搭配方案。
Jing1000086,服饰鞋履,这个内搭之前这个是不是搭了衬衣的,1,该用户可能在询问之前展示的内搭单品是否曾与衬衫搭配过，想确认搭配效果以便决定是否购买。
Jing1000086,服饰鞋履,睡衣有没有啊,1,该用户是在询问直播间是否有睡衣类商品在售或展示。
Jing1000086,服饰鞋履,春款灰色黄色那个套装,1,该用户想表达的含义是：询问主播关于春季新款灰色与黄色搭配的套装是否有货或能否展示详情。
Jing1000086,服饰鞋履,裙子在几号,1,该用户想询问裙子的商品链接编号或具体货号以便购买。
Jing1000086,服饰鞋履,"你家质量是放心,就是买来等你25天发货来,宜春都要穿短袖了[捂脸]",0,该用户既认可商品质量，又对超长发货周期表示无奈，认为等到收货时季节已过、衣服不再适用。
Jing1000086,服饰鞋履,整套的吗,1,该用户是在询问当前展示的商品是否为包含多件单品的套装款式。
Jing1000086,服饰鞋履,卡码咋拍,1,该用户想询问商品尺码选择的具体购买方式。
Jing1000086,服饰鞋履,卡码怎么拍[爱心][爱心][爱心][爱心][爱心],1,该用户想表达的含义是：询问商品尺码偏小的情况下该如何选择合适尺寸购买。  （结合前文多次出现“卡码”“小个子没小号”等类似提问，用户关注点集中在尺码适配问题，且通过重复爱心符号强调急切需求。）
Jing1000086,服饰鞋履,一直都是大主播的呀[比心][比心][比心],0,该用户想表达的含义是：认可主播的成长和人气提升，并带有支持鼓励的意味。
Jing1000086,服饰鞋履,人气好,0,该用户想表达的含义是：直播间观众数量很多，氛围很热闹。
Jing1000086,服饰鞋履,大概什么时候发货,0,该用户想确认商品的具体发货时间，以评估是否会影响自己的使用需求或季节适配性。
Jing1000086,服饰鞋履,那是人家有能力承认别人优秀有那么难吗,0,该用户是在反驳他人对主播能力的质疑，强调应当认可主播的优秀表现。
Jing1000086,服饰鞋履,裙子看看,1,该用户想表达的含义是：希望主播展示或详细介绍当前提到的裙子款式。
Jing1000086,服饰鞋履,[捂脸][捂脸][捂脸]因为你真诚啊,0,该用户是在用调侃的语气表达对主播真诚态度的认可，可能隐含了对主播解释发货慢等问题的理解或对产品质量的信任。
Jing1000086,服饰鞋履,白色裤子能配吗,1,该用户想询问白色裤子是否能与当前展示的服装搭配协调。
Jing1000086,服饰鞋履,他的意思是人少到人多,0,该用户可能是在调侃直播间人气变化，暗示主播从早期观众稀少发展到现在人气旺盛的状态。
Jing1000086,服饰鞋履,身上美背,1,该用户可能是询问主播展示的服装是否包含配套的美背内衣，或建议搭配美背款式来提升整体效果。
Jing1000086,服饰鞋履,小个子胖子可以穿吗,1,该用户是在询问直播展示的服装款式是否适合身材偏矮胖的消费者穿着。
Jing1000086,服饰鞋履,什么时候发货啊,1,该用户想表达的含义是：询问商品的具体发货时间以评估是否符合自己的购买需求。  （结合前文语境：直播间多次提及发货周期长的问题，用户可能在权衡等待时间与实际需求，属于潜在购买意向的确认性提问。）
Jing1000086,服饰鞋履,亲灰色和黄色那个蕾丝套装爆款,1,该用户想询问灰色和黄色的蕾丝套装中哪一款更受欢迎或销量更好。
Jing1000086,服饰鞋履,主播穿的什么码,1,该用户想询问主播身上衣服的具体尺码信息，可能是为了参考购买同款或类似款式。
Jing1000086,服饰鞋履,衣服卡码怎么拍,1,"该用户想询问当服装尺码不合适时应该如何选择或调整购买方案。  （解析：结合前文多次出现的""卡码""相关提问及尺码、搭配等讨论，可判断用户关注的是尺码选择问题，而非单纯询问购买流程。""怎么拍""在此语境中隐含对尺码适配的困惑，需主播提供解决方案如换码建议或穿搭调整。）"
Jing1000086,服饰鞋履,艾米生日快乐,0,该用户可能在以祝福主播生日的方式表达对直播间的友好互动，但未直接体现购买意向。
Jing1000086,服饰鞋履,这不是套装吗,1,该用户可能在询问主播展示的商品是否为搭配好的成套款式，暗示对套装组合的购买兴趣。
Jing1000086,服饰鞋履,裙子几号,1,该用户想询问主播身上展示的裙子对应的尺码编号或具体尺寸信息。
Jing1000086,服饰鞋履,生日快乐,0,该用户可能是想通过祝福主播生日来表达友好互动，但结合直播间的购物讨论语境，更可能是借生日话题暗示对主播身上展示的某款商品（如生日主题服饰或赠品）产生兴趣。
Jing1000086,服饰鞋履,"艾米,生日快乐!",0,该用户是在直播间向主播艾米表达生日祝福，属于互动性社交行为而非直接购买意向的表达。
Jing1000086,服饰鞋履,卡码拍大吗,1,该用户想询问商品的尺码是否偏大，以便选择合适的尺寸下单。
Jing1000086,服饰鞋履,上衣卡码怎么拍,1,该用户想询问主播关于上衣尺码选择的具体建议，尤其是当尺码存在偏差或不确定时该如何下单。
Jing1000086,服饰鞋履,往后面一点点嘛,1,该用户希望主播将展示的商品或画面往后调整一些，可能是想更清楚地查看某个细节或整体效果。
Jing1000086,服饰鞋履,衣服好美,1,该用户是在称赞服装款式吸引人，可能对产品产生了兴趣或认可。
Jing1000086,服饰鞋履,爱米生日快乐,0,该用户是在直播间里向主播或昵称为“艾米”的观众表达生日祝福，属于社交互动行为而非购物意向表达。
Jing1000086,服饰鞋履,生日快乐小小可爱,0,该用户是在为主播或直播间中的某位参与者（如“艾米”）送上生日祝福，表达友好互动而非购买意向。
Jing1000086,服饰鞋履,艾米森日快乐,0,该用户想表达的含义是：祝主播艾米生日快乐。  （结合前文可见“艾米”是主播昵称，且有多条类似祝福弹幕，用户动机是参与直播间互动祝福，而非商品相关提问。）
Jing1000086,服饰鞋履,看不见,0,该用户可能是在抱怨直播画面或产品展示不清晰，导致无法看清商品细节。
Jing1000086,服饰鞋履,艾你生日快乐,0,该用户是想在直播间为名叫“艾米”或发音类似的主播或相关人物送上生日祝福。
Jing1000086,服饰鞋履,我闺女也是今天生日,0,该用户可能是想通过分享自己女儿与主播或直播主题（如生日庆祝）的关联，来表达对直播内容的共鸣或好感，暗示潜在的情感认同或购买兴趣。
Jing1000086,服饰鞋履,裙子发福利,0,该用户可能在询问主播是否会针对裙子推出限时优惠或赠品活动。
Jing1000086,服饰鞋履,裙子怎么没上,1,该用户想表达的含义是：为什么还没有开始售卖或展示这条裙子。
Jing1000086,服饰鞋履,裤子夏天能穿吗,1,该用户是在询问裤子的季节性适用性，以确认是否适合当下购买。
Jing1000086,服饰鞋履,艾米生日快乐[比心][比心],0,该用户是在向主播艾米表达生日祝福，属于互动问候而非购买意向的发言。
Jing1000086,服饰鞋履,另外美背有么,1,该用户是在询问直播间是否有售卖“美背”款式的服装。
Jing1000086,服饰鞋履,爱米生日快啦,0,该用户想表达的含义是：祝福主播艾米生日快乐。
Jing1000086,服饰鞋履,艾米生日快乐福气满满平安喜樂,0,该用户是在主播生日祝福的氛围下，向主播表达生日祝愿而非购物意向。
Jing1000086,服饰鞋履,"艾米,生日快乐",0,该用户是在主播生日祝福的氛围中表达对主播的喜爱和祝福。
Jing1000086,服饰鞋履,"艾米,生日快乐[比心][比心][比心]",0,该用户是在主播生日祝福氛围下表达对主播的喜爱和支持，并非体现购买意向的消费相关提问。
Jing1000086,服饰鞋履,艾米生日快乐[爱心][爱心][爱心],0,该用户是在主播生日祝福的互动氛围中表达对主播的喜爱和支持，属于社交性问候而非购物意向表达。
Jing1000086,服饰鞋履,夏天能穿不,1,该用户是在询问主播展示的服装是否适合夏季穿着，以此判断是否值得购买。
Jing1000086,服饰鞋履,睡衣有没有,1,该用户是在询问直播中是否有睡衣产品在售或展示。
Jing1000086,服饰鞋履,小邓总生日快乐,0,该用户是在参与直播间对主播“小邓总”的集体生日祝福，表达对主播的喜爱和支持，而非直接表达购买意向。
Jing1000086,服饰鞋履,爱你生日快乐,0,该用户是在为主播或直播间相关人物（如“艾米”）送上生日祝福，而非表达对商品的购买兴趣。
Jing1000086,服饰鞋履,生日快乐!,0,该用户是在为主播或直播间相关人物送上生日祝福，属于互动行为而非购买意向的表达。
Jing1000086,服饰鞋履,艾米生日快乐!,0,该用户是在主播艾米生日之际送上祝福，表达对主播的喜爱和支持，但并未直接体现对商品的购买兴趣。
Jing1000086,服饰鞋履,生日快乐艾米,0,该用户是在向主播艾米表达生日祝福，属于互动社交行为而非购买意向。
Jing1000086,服饰鞋履,爱米!生日快乐[赞][赞],0,该用户是在向主播“艾米”表达生日祝福，并附上点赞表情以示支持和喜爱。
Jing1000086,服饰鞋履,我听懂了[捂脸],0,该用户想表达的含义是：听明白了主播对产品的介绍，但觉得有些好笑或无奈。
Jing1000086,服饰鞋履,"宝贝,生日快乐",0,该用户是在向主播（或直播间中的某位昵称为“艾米/爱米”的成员）表达生日祝福，属于社交互动行为而非购买意向的表达。
Jing1000086,服饰鞋履,哎米生日快乐,0,该用户是在主播生日祝福氛围中表达对主播的喜爱和庆贺，属于互动型情感表达而非商品咨询。
Jing1000086,服饰鞋履,艾米生日快乐[比心][比心][比心],0,该用户是在主播生日祝福氛围中，跟随其他观众一起向主播表达友好的生日祝愿，属于社交互动行为而非购物意向表达。
Jing1000086,服饰鞋履,站远看一下,1,该用户可能是对展示的商品（如服装）的实际效果感兴趣，希望主播调整距离以观察整体穿搭或细节呈现。
Jing1000086,服饰鞋履,艾米生日快乐[比心],0,该用户是在主播生日祝福的互动氛围中，跟随其他观众一起向主播表达生日祝贺和友好互动意愿。
Jing1000086,服饰鞋履,看腰围,1,该用户可能是对直播展示的服装或产品细节感兴趣，想确认腰围尺寸或实际穿着效果。
Jing1000086,服饰鞋履,"艾米,生日快乐[比心]",0,该用户是在向主播艾米表达生日祝福，以友好的互动方式参与直播间氛围，但并未直接表现出对商品的购买兴趣。
Jing1000086,服饰鞋履,没有买到,0,该用户想表达的含义是：对未能成功购买商品感到遗憾或失望。  （结合前文弹幕中关于产品询问的片段（如“夏天能穿不”“看腰围”），可推断用户此前可能关注商品但未抢购到，而非单纯祝福主播生日。）
Jing1000086,服饰鞋履,[比心]生日快乐,0,该用户是在主播生日祝福的氛围中，用比心表情配合生日问候表达友好互动，而非询问商品信息。
Jing1000086,服饰鞋履,艾米生日快乐[比心][比心][比心][比心][比心],0,"该用户是在主播生日祝福的氛围中，用重复表情符号强化对主播""艾米""的亲密祝福，属于情感互动而非购物意向表达。"
Jing1000086,服饰鞋履,试一下5号的裙子,1,该用户想表达对5号裙子的试穿或购买意向。
Jing1000086,服饰鞋履,有险险吗,1,该用户可能在询问商品是否有运费险或其他保障服务。
Jing1000086,服饰鞋履,好喜欢你[比心][比心],0,该用户是在向主播（艾米）表达喜爱和祝福，而非针对商品表现出购买兴趣。
Jing1000086,服饰鞋履,"艾米,生曰快乐",0,"该用户是在主播生日祝福的互动氛围中，向主播""艾米""表达生日祝贺和友好情感。"
Jing1000086,服饰鞋履,配个别的上衣,1,该用户可能对当前展示的服装搭配不太满意，希望主播能更换另一款上衣进行搭配展示。
Jing1000086,服饰鞋履,裤子厚不厚,1,该用户是在询问裤子的厚度以评估其是否适合当前季节或自身需求，表现出对商品实用性的关注和潜在的购买意向。
Jing1000086,服饰鞋履,"看中你的口红,欣姐",1,该用户想表达的含义是：对主播展示的口红产品产生了明确的购买意向，并直接向主播（欣姐）表达了兴趣。  （解析：结合前文弹幕多为生日祝福或对服装的询问，该弹幕突然聚焦具体商品“口红”，且用“看中”这一明确表态词，动机更偏向购物而非单纯互动；称呼“欣姐”表明指向主播，符合电商直播中直接沟通的常见场景。）
Jing1000086,服饰鞋履,"哎米,生日快乐",0,该用户是在主播生日祝福氛围下，跟随其他观众一起向主播表达生日祝贺，并未直接体现购买意向。
Jing1000086,服饰鞋履,托艾米的福,0,该用户想表达的含义是：感谢艾米（主播/嘉宾）的推荐或帮助促成了自己的购买决定。  （结合前文弹幕中频繁出现的生日祝福和购物相关互动（如“试裙子”“看口红”），可推测“托艾米的福”是用户在主播引导下完成购买后的感性致谢，隐含对商品或直播内容的认可。）
Jing1000086,服饰鞋履,艾米生日快乐[爱心],0,该用户是在主播（艾米）生日祝福氛围中表达对主播的喜爱和支持，属于社交互动行为而非商品购买意向。  （解析：连续出现的生日祝福弹幕构建了庆生语境，用户使用爱心emoji强化情感表达，符合直播中常见的粉丝向主播单向情感输出模式，与商品咨询类弹幕存在明显动机差异）
Jing1000086,服饰鞋履,艾米生日快乐艾米生日快乐艾米生日快乐艾米生日快乐,0,该用户是在直播间参与集体刷屏祝福主播生日，表达对主播的喜爱和支持，而非询问商品信息或表达购买意向。
Jing1000086,服饰鞋履,站远点看看,1,该用户可能是想从整体视角观察商品效果，或调整画面距离以查看服装版型/细节。
Jing1000086,服饰鞋履,"163拍小个子,还是高个子",1,该用户想询问商品尺码是否适合身高较矮或较高的人群。
Jing1000086,服饰鞋履,生日快樂,0,该用户是在为主播送上生日祝福，属于社交互动而非购物意向的表达。
Jing1000086,服饰鞋履,欣姐：听你说话像江西的我也是江西宜春的,0,该用户想表达的含义是：通过同乡身份拉近与主播的关系，可能隐含对主播推荐商品的信任或兴趣。
Jing1000086,服饰鞋履,背带裤[比心],1,该用户可能是在询问或称赞主播穿的背带裤款式，并附带友好互动。  （结合前文弹幕中频繁出现的生日祝福和具体商品讨论，语境偏向轻松互动，用户可能对服装类商品感兴趣，用表情符号表达积极情绪。）
Jing1000086,服饰鞋履,艾米生日快乐[蛋糕],0,该用户是在主播艾米生日之际发送祝福弹幕，表达对主播的喜爱和支持，属于互动型社交行为而非购物意向表达。
Jing1000086,服饰鞋履,艾米小公主生日快乐[比心],0,该用户是在主播艾米生日之际，通过发送祝福弹幕表达对其的喜爱和支持，属于互动型情感表达而非购物意向。
Jing1000086,服饰鞋履,不起79,0,该用户可能是在质疑或吐槽当前展示的商品价格偏高，认为不值得花79元购买。
Jing1000086,服饰鞋履,小公主生日快乐,0,该用户是在为主播（昵称“艾米”或“小公主”）送上生日祝福，表达对主播的喜爱和支持，但并未直接体现商品购买意向。
Jing1000086,服饰鞋履,艾米生日快乐!茁壮成长!,0,"该用户是在参与直播间为""艾米""庆生的集体祝福，表达对主播或相关人物的生日祝贺和美好祝愿，而非询问商品信息或表达购买意向。"
Jing1000086,服饰鞋履,不是79的吗[捂脸],0,该用户可能是在质疑或提醒主播当前展示的商品价格与之前宣传的79元不一致，表现出对价格变动的困惑或不满。
Jing1000086,服饰鞋履,不是说79嘛,0,该用户可能是在质疑或确认商品价格与之前宣传不符，认为当前售价高于承诺的79元。
Jing1000086,服饰鞋履,裤子欣姐穿多大,1,"该用户想询问主播""欣姐""所穿裤子的尺码信息，可能是出于对同款商品的购买意向或身材参考需求。"
Jing1000086,服饰鞋履,近点看看,1,该用户希望主播将镜头拉近或调整展示角度以便更清晰地查看商品细节。
Jing1000086,服饰鞋履,发货快吗,0,该用户可能是在确认商品的物流时效，以便决定是否下单购买。
Jing1000086,服饰鞋履,又抢光了,0,该用户想表达的含义是：商品再次售罄，自己没抢到感到遗憾。  （结合前文语境，直播间的互动主要集中在生日祝福和产品询问，而“又抢光了”暗示商品此前曾缺货或秒杀，用户可能关注某款热销品但未能及时下单，透露出失望和急切想购买的心情。）
Jing1000086,服饰鞋履,没抢到,0,"该用户想表达的是因手速或库存不足未能成功购买直播间促销商品而感到遗憾。  （结合前文""又抢光了""""不起79""等弹幕可见直播间存在限时折扣商品抢购场景，""没抢到""是对抢购失败的情绪反馈，隐含对商品的购买意愿）"
Jing1000086,服饰鞋履,没有了,0,该用户想表达的含义是：商品已经售罄或没货了。
Jing1000086,服饰鞋履,没货了,0,该用户想表达的含义是：商品已经售罄无法购买。  （结合前文语境，直播间正在讨论价格、尺码和抢购情况，且有多条类似“又抢光了”“没抢到”的弹幕，说明商品紧俏，用户因库存不足感到失望或提醒他人。）
Jing1000086,服饰鞋履,太快了,0,该用户想表达的含义是：商品上架或抢购的速度太快，导致自己来不及购买。
Jing1000086,服饰鞋履,没有货[捂脸],0,该用户想表达的含义是：对商品已售罄感到失望和无奈。
Jing1000086,服饰鞋履,卡码怎么拍,1,该用户想询问商品尺码对应的拍摄选项或购买方式。
Jing1000086,服饰鞋履,厚的还是薄的[捂脸][捂脸][捂脸][捂脸],1,该用户可能在询问产品（如裤子）的厚度规格，并因之前关于价格或库存的混乱讨论而表现出困惑或调侃的情绪。
Jing1000086,服饰鞋履,没有号码,1,该用户想表达的含义是：商品已经没有合适的尺码可供选择了。
Jing1000086,服饰鞋履,"抢不到,抢不到",0,该用户想表达的含义是：对商品秒杀失败感到遗憾和焦急。
Jing1000086,服饰鞋履,是不是西装面料,1,该用户想询问当前展示的商品是否采用西装常用的面料材质。
Jing1000086,服饰鞋履,上包包,1,"该用户想表达的含义是：要求主播展示或介绍包款商品。  （结合前文弹幕中频繁出现的抢购、缺货、商品细节询问等互动，可推断用户此时聚焦于具体商品，且语境偏向催促主播推进带货流程。""上包包""是典型电商直播中催促上架或讲解的简洁表达，隐含购买兴趣。）"
Jing1000086,服饰鞋履,还没买都没有了,0,该用户想表达的含义是：商品还没下单就已经售罄了。
Jing1000086,服饰鞋履,没码了,0,该用户想表达的含义是：商品库存已售罄，自己想要的尺码已经没有了。
Jing1000086,服饰鞋履,喜欢欣姐家的衣服,1,"该用户想表达对主播服装风格的认可并暗示潜在的购买意愿。  （解析：结合前文弹幕中频繁出现的缺货焦虑和商品细节询问，当前弹幕的""喜欢""既是对主播选品的肯定，也隐含了用户希望获取类似商品或参与抢购的心理，属于兴趣明确的互动表达。）"
Jing1000086,服饰鞋履,卡码什么拍,1,"该用户想询问商品尺码对应的具体购买选项该如何选择。 （结合前文高频出现的""没码了/卡码怎么拍""等同类问题，可判断直播间存在尺码咨询需求集中的情况，用户用简略表达急切想知道如何根据自身尺码完成购买操作）"
Jing1000086,服饰鞋履,再加一点哟,0,该用户可能在催促主播增加库存或补货，希望有机会购买到心仪的商品。
Jing1000086,服饰鞋履,什么面料,1,该用户想询问当前展示商品的具体材质或面料成分。
Jing1000086,服饰鞋履,卡码怎么,1,该用户想询问商品尺码选择的具体操作方法或注意事项。
Jing1000086,服饰鞋履,是窄版的吗?,1,该用户是在询问商品的版型是否为修身款式。
Jing1000086,服饰鞋履,是夏款吗,1,该用户是在询问当前展示的商品是否属于夏季款式，以判断是否符合自己的季节需求。
Jing1000086,服饰鞋履,衣服没了,0,该用户想表达的含义是：商品库存已被抢购一空，自己未能成功购买到心仪的衣服。
Jing1000086,服饰鞋履,裤子卡码怎么拍?,1,该用户想询问当商品尺码不标准或存在偏差时该如何选择合适的尺码下单。
Jing1000086,服饰鞋履,上你再开点,0,该用户希望主播加快或增加商品的补货上架速度。
Jing1000086,服饰鞋履,上衣补一下,0,该用户希望主播补货上架当前缺货的上衣款式。
Jing1000086,服饰鞋履,沐浴露呢,1,该用户是在询问主播何时会上架或介绍沐浴露产品。
Jing1000086,服饰鞋履,买过你们家几条裤子从来没失望过,0,该用户想表达的含义是：对品牌产品的持续满意和信任，暗示有再次购买的意愿。
Jing1000086,服饰鞋履,多久发货,0,该用户想确认商品下单后的配送时效，表现出对购买流程的实用关切。
Jing1000086,服饰鞋履,上衣厚吗,1,该用户是在询问上衣的厚度是否适合当前季节或穿着需求。
Jing1000086,服饰鞋履,裤子卡码怎么拍,1,该用户是想询问裤子尺码偏小的情况下应该如何选择合适的尺码下单。
Jing1000086,服饰鞋履,衣服没码了[捂脸],1,该用户因看中某款衣服但发现缺货而感到遗憾和无奈。
Jing1000086,服饰鞋履,卡吗怎么拍,1,该用户想询问商品尺码信息以及具体的购买流程。
Jing1000086,服饰鞋履,看看衣服,1,该用户想表达的含义是：想了解当前展示的服装款式或详情。
Jing1000086,服饰鞋履,衣服再上点,1,该用户希望主播补货或增加更多款式的服装。
Jing1000086,服饰鞋履,刚刚下面配的裙子,1,该用户想询问刚才直播画面中搭配展示的那条裙子的相关信息（如款式、价格或购买方式）。
Jing1000086,服饰鞋履,卡码咋拍?,1,该用户想询问商品尺码选择的具体购买方式或操作步骤。
Jing1000086,服饰鞋履,今天有多巴胺色的衣服吗,1,该用户想询问直播间是否有色彩明亮、能带来愉悦感的服装款式。
Jing1000086,服饰鞋履,很厚吗,1,该用户想询问商品的厚度是否适合当前季节穿着。
Jing1000086,服饰鞋履,春秋款吗,1,该用户想询问当前展示的商品是否适合春秋季节穿着。
Jing1000086,服饰鞋履,裙子呢,1,该用户想询问主播之前提到的裙子款式是否还有货或何时会上架。
Jing1000086,服饰鞋履,衣服没有了,1,该用户想表达的含义是：希望商家补货或重新上架已售罄的服装款式。
Jing1000086,服饰鞋履,要一套,1,该用户想表达的含义是：我想要购买刚才展示的那套搭配（衣服或套装）。
Jing1000086,服饰鞋履,哪个链接裤子,1,该用户想询问直播间正在展示的裤子对应的商品购买链接是哪一个。
Jing1000086,服饰鞋履,高腰的吗[爱心],1,该用户是在询问裤子的款式是否为高腰设计，并表达了对该款式的兴趣和喜爱。
Jing1000086,服饰鞋履,生日快乐艾米,0,该用户可能在向主播或品牌方表达祝福，同时暗示对直播内容或产品的关注和支持。
Jing1000086,服饰鞋履,进来出了不去了[捂脸],0,该用户想表达的含义是：被直播内容吸引到舍不得离开。
Jing1000086,服饰鞋履,刚刚来没抢到,0,该用户想表达的是：自己来晚了没赶上刚才的商品促销或秒杀活动。
Jing1000086,服饰鞋履,@开***高个子,0,该用户可能在询问主播“高个子适合穿这款衣服吗”或“有没有适合高个子的尺码”。
Jing1000086,服饰鞋履,为什么上面是百分百涤纶,0,该用户是在询问商品材质标注为“百分百涤纶”的原因，可能对面料成分有疑虑或想确认是否符合预期。
Jing1000086,服饰鞋履,有勃肯鞋吗,1,该用户是在询问直播间是否有售卖勃肯鞋这一商品。
Jing1000086,服饰鞋履,刚刚套装拍错了,0,该用户想表达自己误拍了当前展示的服装套装，可能需要取消或重新下单。
Jing1000086,服饰鞋履,裤子看看后面,1,该用户想表达的含义是：想看看裤子的背面细节展示。
Jing1000086,服饰鞋履,要鞋子,1,该用户想表达的含义是：询问直播间是否有鞋子售卖并表现出购买意向。
Jing1000086,服饰鞋履,夏天能穿吗,1,该用户是在询问当前展示的服装是否适合夏季穿着，关注的是产品的季节适用性。
Jing1000086,服饰鞋履,春款黄色蕾丝那个套装还上吗,1,该用户是在询问之前展示过的黄色蕾丝春款套装是否会再次补货上架。
Jing1000086,服饰鞋履,衣服衣服,1,该用户可能在急切地询问或催促主播展示更多服装款式。
Jing1000086,服饰鞋履,这个裤子搭别的衣服可以吗?,1,该用户想询问这条裤子是否具备百搭性，以便考虑与其他服饰搭配的可能性。
Jing1000086,服饰鞋履,裤子有口袋马,1,该用户想问这条裤子是否带有口袋设计。
Jing1000086,服饰鞋履,裤子厚吗?,1,该用户是在询问裤子的材质厚度是否适合当前季节穿着。
Jing1000086,服饰鞋履,上衣多少钱,1,该用户想询问直播中展示的上衣的具体价格，表达出对这件商品的购买兴趣。
Jing1000086,服饰鞋履,衣服卡码怎么拍,1,该用户可能在询问当服装尺码标准与常规不符时该如何选择合适的尺码下单。
Jing1000086,服饰鞋履,衣服背后看下,1,该用户想表达的含义是：想看看这件衣服背面的款式或细节展示。
Jing1000086,服饰鞋履,勃肯鞋勃肯鞋勃肯鞋勃肯鞋,1,"该用户急切地询问或催促主播展示/上架勃肯鞋款式。  （分析依据：前文已有""要鞋子""""有勃肯鞋吗""等明确需求，重复刷屏式表达体现强烈兴趣和购买意向，可能是看到其他弹幕提及后的跟风追问或担心错过商品的心理。）"
Jing1000086,服饰鞋履,有白色的吗,1,该用户想询问当前展示的商品是否有白色款式可选。
Jing1000086,服饰鞋履,"宝贝,生日快乐",0,该用户可能在用亲昵的称呼向主播或某个特定观众表达生日祝福，同时试图通过温馨互动引起关注或拉近关系。
Jing1000086,服饰鞋履,勃肯鞋,1,该用户可能在询问直播间是否有勃肯鞋款式的商品在售或展示。
Jing1000086,服饰鞋履,能不能拍一下,1,该用户希望主播展示商品的更多细节或不同角度。
Jing1000086,服饰鞋履,服了这些人,1,该用户可能是在表达对直播间频繁刷屏或重复提问行为的不耐烦，觉得其他观众过于吵闹或缺乏秩序。
Jing1000086,服饰鞋履,屁股后面有口袋吗,1,该用户想询问裤子的后侧是否设计有功能性口袋。
Jing1000086,服饰鞋履,你家的衣服太大了,1,该用户可能是在抱怨衣服尺码偏大，暗示需要更小尺码或调整版型。
Jing1000086,服饰鞋履,艾米生日快乐,0,该用户可能在向主播或品牌方表达生日祝福，同时暗示对直播间的关注和支持，而非直接表达购买意向。
Jing1000086,服饰鞋履,上衣卡码,1,该用户想表达的含义是：这件上衣的尺码选择有困难，不知道该如何挑选合适的尺寸。
Jing1000086,服饰鞋履,裤子厚不厚,1,该用户想询问裤子的材质是否适合当前季节穿着。
Jing1000086,服饰鞋履,裤子偏大吗,1,该用户是在询问裤子的尺码是否比常规尺寸偏大，以判断是否需要选择小一码购买。
Jing1000086,服饰鞋履,裤子有口袋吗,1,该用户是在询问裤子的实用设计细节，以评估是否符合自己的穿着需求。
Jing1000086,服饰鞋履,上衣厚吗?,1,该用户想询问上衣的厚度是否适合当前季节或穿着需求。
Jing1000086,服饰鞋履,勃肯鞋有吗,1,该用户是在询问直播间是否有勃肯鞋这款商品在售。
Jing1000086,服饰鞋履,远一点看看,1,该用户希望主播将镜头拉远或调整角度，以便更全面地查看商品的外观或细节。
Jing1000086,服饰鞋履,衣服上一下,1,该用户希望主播展示或介绍当前服装的正面款式或细节。
Jing1000086,服饰鞋履,衣服裤子有色差吗?,1,该用户是在询问服装产品的实际颜色与直播展示是否存在差异，表现出对商品真实性的关注和潜在的购买顾虑。
Jing1000086,服饰鞋履,衣服没码,0,该用户想表达的含义是：这件衣服的尺码不合适，没有适合自己的号。
Jing1000086,服饰鞋履,160高85应该拍哪个?[捂脸],1,该用户是在询问自己身高160厘米、体重85斤的情况下应该选择哪个尺码的服装。
Jing1000086,服饰鞋履,夏天的吗,1,该用户可能在询问当前展示的商品是否适合夏季穿着或使用。
Jing1000086,服饰鞋履,是西装裤吗,1,该用户想确认当前展示的裤子款式是否为西装裤风格。
Jing1000086,服饰鞋履,衬衫那个腰带有链接吗,1,该用户想询问直播中展示的衬衫所搭配的腰带是否有购买链接，表现出对配件的具体购买意向。
Jing1000086,服饰鞋履,上衣没有了,1,该用户想表达的含义是：询问主播是否还有同款上衣的库存或能否补货。
Jing1000086,服饰鞋履,"艾米,生日快乐[比心]",0,该用户是在向主播艾米表达生日祝福，而非询问商品信息或表达购买意向。
Jing1000086,服饰鞋履,西装还有吗?,1,该用户是在询问直播中展示的西装是否仍有库存可供购买。
Jing1000086,服饰鞋履,上衣没拍到,0,该用户想表达的含义是：想要购买的上衣已经售罄没抢到。
Jing1000086,服饰鞋履,卡码?,0,该用户可能在询问某件商品是否有适合自己的尺码或是否会出现尺码不合适的情况。
Jing1000086,服饰鞋履,上衣再上一波,0,该用户希望主播再次上架之前售罄或错过购买机会的上衣款式。
Jing1000086,服饰鞋履,上衣没了,0,该用户想表达的含义是：询问主播是否还会补货或重新上架刚才售罄的上衣款式。
Jing1000086,服饰鞋履,有没有包包,1,该用户想询问直播间是否有售卖包类商品。
Jing1000086,服饰鞋履,你穿的什么码,1,该用户想询问主播身上所穿衣服的具体尺码以供自己参考购买。
Jing1000086,服饰鞋履,穿的多少裤长的啊,1,该用户想询问主播所穿裤子的具体长度尺寸。
Jing1000086,服饰鞋履,有口袋吗,1,该用户是在询问当前展示的服装是否设计有口袋。
Jing1000086,服饰鞋履,裤子春款还是夏款,1,该用户想询问这条裤子是适合春季穿着还是夏季穿着的款式。
Jing1000086,服饰鞋履,我非常缺包包,0,该用户想表达的含义是：我对直播间的包包很感兴趣，想了解是否有货或推荐款式。
Jing1000086,服饰鞋履,夏天可以穿吗?,1,该用户是在询问当前展示的服装是否适合夏季穿着，以判断是否符合自己的季节需求。
Jing1000086,服饰鞋履,上衣呢,1,该用户是在询问直播中展示的上衣是否还有库存或能否再次上架。
Jing1000086,服饰鞋履,配什么衣服穿啊,1,该用户想询问当前展示的商品适合搭配哪种款式的服装。
Jing1000086,服饰鞋履,我喜欢你的水杯,1,该用户可能对主播展示的水杯产生了兴趣，暗示想了解产品详情或购买链接。
Jing1000086,服饰鞋履,是套装吗?,1,该用户想询问当前展示的商品是否为搭配好的整套出售款式。
Jing1000086,服饰鞋履,有口袋吗屁股后面,1,该用户是在询问裤子的后侧是否有设计口袋。
Jing1000086,服饰鞋履,碎花连衣裙今天上吗,1,该用户是在询问碎花连衣裙是否会在当天的直播中上架销售。
Jing1000086,服饰鞋履,"买了裤子,没买到上衣",1,该用户想表达的含义是：虽然成功下单了裤子，但对没能抢到配套的上衣感到遗憾。
Jing1000086,服饰鞋履,上衣服,0,该用户是在催促主播重新上架或补货刚才售罄的上衣款式。
Jing1000086,服饰鞋履,上衣高个子还有吗,0,该用户是在询问高个子尺码的上衣是否还有库存。
Jing1000086,服饰鞋履,上衣增加点,0,该用户希望主播再次补货或增加展示上衣的款式。
Jing1000086,服饰鞋履,衣服开,0,该用户想表达的含义是：询问主播是否会上架刚才提到的上衣款式。
Jing1000086,服饰鞋履,"穿了凉快不,有冰凉感吧",1,该用户是在询问衣服的材质是否透气凉爽，适合夏季穿着。
Jing1000086,服饰鞋履,你身上的衣服没有了,0,该用户想表达的含义是：主播身上穿的这件衣服已经售罄了。
Jing1000086,服饰鞋履,黄色蕾丝套装,1,该用户可能是在询问主播身上穿的黄色蕾丝套装是否单独售卖，或是想确认这款套装的具体款式信息。
Jing1000086,服饰鞋履,要一套,1,该用户想表达的是对直播中展示的某款套装或搭配有明确的购买意愿，希望下单购买完整的一套。
Jing1000086,服饰鞋履,显肚子吗,1,该用户是在询问衣服是否修身显身材，尤其是腹部线条是否明显。
Jing1000086,服饰鞋履,153的怎么拍,1,该用户想询问身高153厘米的顾客应该如何选择合适尺码的商品。
Jing1000086,服饰鞋履,上衣开一下,0,该用户想表达的含义是：希望主播展示或介绍上衣款式的详细信息。
Jing1000086,服饰鞋履,上衣厚吗,1,该用户想询问上衣的厚度是否适合当前季节或穿着需求。
Jing1000086,服饰鞋履,"身高155,拍多大",1,该用户想询问自己身高155厘米应该选择什么尺码的衣服。
Jing1000086,服饰鞋履,我拍怎么79.9,0,该用户想表达的含义是：询问自己应该选择哪个尺码或规格的商品，因为价格显示为79.9元。
Jing1000086,服饰鞋履,衣服再上一波,0,该用户希望主播再次上架之前展示过的服装款式。
Jing1000086,服饰鞋履,衣服没抢到,0,该用户因商品抢购速度太快而未能成功购买到心仪的服装，感到遗憾并希望再次补货。
Jing1000086,服饰鞋履,我买的76.9,0,该用户想表达的是自己以76.9元的价格成功购买了商品。
Jing1000086,服饰鞋履,三号没有了,0,该用户想表达的含义是：三号商品已经售罄了。
Jing1000086,服饰鞋履,没抢到,0,该用户想表达的含义是：对未能成功购买到心仪商品感到遗憾和失望。
Jing1000086,服饰鞋履,睡衣有没有,1,该用户是在询问直播中是否有睡衣这款商品在售。
Jing1000086,服饰鞋履,拍了裤子还要裙子[捂脸],1,该用户想表达自己已经下单购买了裤子，但看到裙子后也产生了强烈的购买欲望，忍不住想继续下单，同时带着一种既兴奋又无奈的自嘲情绪。
Jing1000086,服饰鞋履,买不完根本买不完[捂脸],0,该用户想表达的含义是：直播间的商品种类繁多且抢购热情高涨，让人感觉根本买不过来。
Jing1000086,服饰鞋履,搭配西装直筒裤可以吗,1,该用户想询问当前展示的服装是否适合与西装直筒裤进行搭配。
Jing1000086,服饰鞋履,上衣没抢到,0,该用户因未能成功购买到心仪的上衣而感到遗憾，并希望直播间能再次补货或提供购买机会。
Jing1000086,服饰鞋履,没怕到,0,该用户想表达的含义是：刚才没抢到商品。
Jing1000086,服饰鞋履,裤子近看一下,1,该用户想表达的含义是：希望主播近距离展示裤子的细节以便决定是否购买。
Jing1000086,服饰鞋履,客气搭配别的衣服吗,1,该用户想询问这件衣服是否能与其他服饰进行协调搭配。
Jing1000086,服饰鞋履,什么质量的,1,该用户想询问产品的做工和材质是否可靠。
Jing1000086,服饰鞋履,"52号,XS黄色还有货吗?",1,该用户是在询问52号XS码的黄色款商品是否仍有库存可供购买。
Jing1000086,服饰鞋履,夏天可以穿吗,1,该用户是在询问这款服装是否适合夏季穿着，以判断是否值得购买。
Jing1000086,服饰鞋履,裤子什么面料,1,该用户想询问裤子的材质细节以评估是否值得购买。
Jing1000086,服饰鞋履,43号链接还有吗,1,该用户是在询问43号商品是否仍有库存可供购买。
Jing1000086,服饰鞋履,才来上衣没拍到,1,该用户想表达的含义是：自己刚进入直播间就错过了购买上衣的机会。
Jing1000086,服饰鞋履,上衣在开一下,0,该用户想表达的含义是：希望主播再次展示或重新上架刚才没抢到的上衣款式。
Jing1000086,服饰鞋履,衣服搭配西装直筒裤可以吗,1,该用户是在询问衣服是否适合与西装直筒裤进行搭配，以确认产品的穿搭效果和实用性。
Jing1000086,服饰鞋履,美背在几号????,1,该用户急切询问展示的某款美背内衣对应的商品链接编号，想确认具体位置以便尽快下单。
Jing1000086,服饰鞋履,裤子卡码拍多大,1,该用户是在询问裤子的尺码选择建议，不确定自己该拍哪个尺寸合适。
Jing1000086,服饰鞋履,裤子做工简单,1,该用户可能是在委婉批评裤子的做工不够精细，暗示对商品质量有所顾虑。
Jing1000086,服饰鞋履,要这白色,1,该用户想表达的是对直播中展示的白色商品有明确的购买意向。
Jing1000086,服饰鞋履,裙子没有吗,1,该用户想表达的含义是：询问直播间是否还有裙子的库存或相关商品链接。
Jing1000086,服饰鞋履,15882穿哪个长度,1,该用户是在询问商品编号15882的款式（如裙子/裤子）有几种长度可选，想确认具体选择哪一款更合适。
Jing1000086,服饰鞋履,看看裤子,1,该用户想表达的含义是：希望主播展示裤子的细节或上身效果以便进一步了解商品。
Jing1000086,服饰鞋履,写的是100分百涤纶,0,该用户是在确认商品面料的成分是否为纯涤纶。
Jing1000086,服饰鞋履,有体恤吗你身上,1,该用户是在询问主播身上穿的同款T恤是否有售。
Jing1000086,服饰鞋履,项链好看,1,该用户可能是在称赞项链的设计吸引人，并暗示有购买意向或希望了解更多产品细节。
Jing1000086,服饰鞋履,白T也好看,1,该用户想表达的含义是：白色T恤的款式同样吸引人，可以考虑购买。
Jing1000086,服饰鞋履,裤子太长了,1,该用户可能是在询问裤子的长度是否适合自己，或者对裤子的实际长度与预期不符提出疑虑。
Jing1000086,服饰鞋履,衣服在上点,0,该用户希望主播再次上架或补货刚才提到的某款服装。
Jing1000086,服饰鞋履,卡码怎么拍?,1,该用户可能是在询问商品尺码选择建议，不确定自己的身材适合拍哪个尺码。
Jing1000086,服饰鞋履,裤子是窄版吗,1,该用户想询问裤子的版型是否为修身款式。
Jing1000086,服饰鞋履,那个蕾丝扎不扎欣姐,1,该用户是在询问主播蕾丝材质的衣服是否会有扎皮肤的不适感。
Jing1000086,服饰鞋履,裤子便宜衣服复杂,1,该用户认为裤子的价格实惠但衣服的设计或搭配过于繁琐。
Jing1000086,服饰鞋履,3号衣服还有没有,1,该用户是在询问3号款式的衣服是否还有库存可供购买。
Jing1000086,服饰鞋履,简单就好,1,该用户可能是在表达对简洁设计或轻松购物体验的偏好，暗示希望商品介绍或购买流程不要过于复杂。
Jing1000086,服饰鞋履,松紧跟紧不,1,该用户可能在询问服装的松紧度是否合适，担心穿着时是否会有过紧或过松的问题。
Jing1000086,服饰鞋履,裤子粘毛吗,1,该用户是在询问裤子的面料是否容易吸附毛屑，以此判断其实际穿着效果和打理难度。
Jing1000086,服饰鞋履,欣姐上衣服拍了洗澡去了,0,该用户想表达的意思是：让主播展示衣服的细节，自己先去忙其他事情稍后再回来看。
Jing1000086,服饰鞋履,看下裤子,1,该用户可能是对当前展示的裤子感兴趣，希望主播更详细地展示或介绍裤子的款式、材质或上身效果。
Jing1000086,服饰鞋履,上衣上一下,0,该用户想表达的含义是：希望主播尽快展示或讲解上衣款式。
Jing1000086,服饰鞋履,欣姐这件衣服上个链接,1,该用户希望主播将展示的服装商品上架到购物链接以便购买。
Jing1000086,服饰鞋履,视频里粉色西服有现货吗,1,该用户是在询问直播中展示的粉色西服是否有库存可以立即购买。
Jing1000086,服饰鞋履,小白T,1,该用户想表达的含义是：询问主播身上穿的白色T恤是否有货或能否上架购买。
Jing1000086,服饰鞋履,上衣没有抢到,0,该用户因未能成功购买到心仪的上衣而感到遗憾。
Jing1000086,服饰鞋履,两件套再开一下,1,该用户希望主播再次展示或上架之前提到的两件套商品链接。
Jing1000086,服饰鞋履,我是做服装的[比心],0,该用户可能是同行商家在友好互动，暗示对直播间的服装款式或销售模式感兴趣。
Jing1000086,服饰鞋履,欣姐大气[赞][赞],0,该用户是在称赞主播慷慨大方或提供了优惠福利。
Jing1000086,服饰鞋履,身上衣服,1,该用户可能是在询问主播身上穿的同款衣服是否有售或要求上架链接。
Jing1000086,服饰鞋履,"1.49米98,99斤拍什么码",1,该用户是在询问自己的身高1.49米、体重98-99斤应该选择什么尺码的衣服。
Jing1000086,服饰鞋履,拿近看看面料,1,该用户希望主播将服装面料细节展示得更清楚以便判断是否购买。
Jing1000086,服饰鞋履,153拍哪个型号[捂脸],1,该用户想表达的含义是：身高153厘米应该选择哪个款式的产品。
Jing1000086,服饰鞋履,有西装没有?有西装没有?,1,该用户急切询问直播间是否有西装款式可供购买。
Jing1000086,服饰鞋履,裤子是夏款的吗,1,该用户是在询问裤子的季节性属性是否适合夏季穿着，以判断是否符合自己的购买需求。
Jing1000086,服饰鞋履,上衣两件套,1,该用户想表达的含义是：询问主播是否可以重新上架或展示之前提到的两件套上衣款式。
Jing1000086,服饰鞋履,衣服再上点,0,该用户希望主播尽快重新上架或补货刚才提到的服装款式。
Jing1000086,服饰鞋履,身上的T,1,该用户想询问主播身上穿的T恤是否有售或能否介绍详情。
Jing1000086,服饰鞋履,163衣服拍高个子吗,1,该用户想询问身高较高的人是否适合穿163尺码的衣服。
Jing1000086,服饰鞋履,主播身高裤长多少,1,该用户想询问主播的身高和裤子的具体尺寸，以便参考选择合适的尺码。
Jing1000086,服饰鞋履,什么时候发货,0,该用户想确认商品下单后的配送时间，表现出对购买流程的实用关切。
Jing1000086,服饰鞋履,裤腿宽吗,1,该用户是在询问裤子的版型是否宽松。
Jing1000086,服饰鞋履,看看裤子后面,1,该用户想表达的含义是：让主播展示裤子的背面细节以便进一步了解款式。
Jing1000086,服饰鞋履,短袖上衣,1,该用户可能是在询问主播展示的短袖上衣的款式或购买信息。
Jing1000086,服饰鞋履,配的裙子呢,1,该用户可能在询问主播展示的服装搭配中是否有配套的裙子可供购买。
Jing1000086,服饰鞋履,看一下裤子料子,1,该用户想表达的含义是：希望主播近距离展示裤子的材质细节以便评估是否购买。
Jing1000086,服饰鞋履,衣服开一波,0,该用户希望主播再次上架或展示当前穿着的服装款式以供购买。
Jing1000086,服饰鞋履,26号能试试嘛,1,该用户想询问主播26号是否可以试穿或体验展示的服装款式。
Jing1000086,服饰鞋履,要烫砖牛仔裤,1,该用户想表达的含义是：想要购买主播展示的那条烫砖工艺的牛仔裤。
Jing1000086,服饰鞋履,要上衣,1,该用户想表达的是对直播中展示的上衣款式感兴趣，希望主播能详细介绍或上架购买链接。
Jing1000086,服饰鞋履,直播穿哪个长度的,1,该用户是在询问主播身上展示的服装应该选择什么长度尺码才合适。
Jing1000086,服饰鞋履,刚刚那个衣服没有了,0,该用户想表达的是对某件已售罄服装的遗憾和购买意愿。
Jing1000086,服饰鞋履,美背大胸能穿不,1,该用户是在询问主播展示的服装款式是否适合身材较为丰满、胸部较大的女性穿着。
Jing1000086,服饰鞋履,"1.49米,98,99斤拍什么码呢",1,该用户是在询问主播，根据自己身高1.49米、体重98-99斤的情况，应该选择什么尺码的衣服。
Jing1000086,服饰鞋履,裤子卡码拍多大,1,该用户想询问裤子的尺码是否偏小，以及根据自己的身材应该选择什么尺码。
Jing1000086,服饰鞋履,烫砖牛仔,1,该用户想表达的是：我想要那条烫砖工艺的牛仔裤。
Jing1000086,服饰鞋履,唇膏啥时候有,1,该用户想询问唇膏产品的上架或促销时间，表现出对购买该商品的兴趣。
Jing1000086,服饰鞋履,衣服开一下,0,该用户希望主播展示或介绍当前所提及的服装款式。
Jing1000086,服饰鞋履,主播什么长度的,1,该用户想询问主播展示的服装具体有哪几种长度可选。
Jing1000086,服饰鞋履,刚才的上衣,1,该用户想表达的含义是：询问主播能否再次展示或介绍刚才提到的那件上衣。
Jing1000086,服饰鞋履,"买了裤子,没买到蕾丝上衣",1,该用户想表达的含义是：虽然成功购买了裤子，但对没能抢到搭配的蕾丝上衣感到遗憾。
Jing1000086,服饰鞋履,夏天可以穿吗,1,该用户是在询问当前展示的服装是否适合夏季穿着，可能关注面料厚度或款式季节性。
Jing1000086,服饰鞋履,"3号不加了吗,才来",0,该用户是在询问主播是否还会再次上架或展示3号商品，因为自己刚刚进入直播间错过了之前的介绍。
Jing1000086,服饰鞋履,要蕾丝两件套,1,该用户想表达的是对蕾丝材质的两件套服装有明确的购买意愿。
Jing1000086,服饰鞋履,夏天能穿吗?,1,该用户是在询问当前展示的服装是否适合夏季穿着，关注的是产品的季节适用性。
Jing1000086,服饰鞋履,"71.9拍了,艾米小可爱生日快乐[玫瑰]",0,该用户想表达的含义是：已经下单购买了价格为71.9元的商品，并顺带祝福主播艾米生日快乐。
Jing1000086,服饰鞋履,有松紧吗,1,该用户想询问商品是否有弹性设计或可调节的功能。
Jing1000086,服饰鞋履,"欣姐,上衣有遮肚子的吗?",1,该用户是在询问主播那件上衣是否有遮肚子的设计效果。
Jing1000086,服饰鞋履,裤子腰是松紧的吗,1,该用户是在询问裤子的腰部是否有弹性设计，以确认是否适合自己穿着。
Jing1000086,服饰鞋履,"姐们,你们卡吗,我这一卡一卡的",0,该用户可能因直播画面卡顿影响了观看体验，想确认是否其他观众也遇到同样问题，而非表达购买意向。
Jing1000086,服饰鞋履,已下单,0,该用户想表达的含义是：我已经购买了刚才提到的商品。
Jing1000086,服饰鞋履,裙子上下,0,该用户可能在询问裙子的上下身搭配是否齐全或是否包含上衣和下装。
Jing1000086,服饰鞋履,出个Polo衫呗,1,该用户希望主播推荐或上新Polo衫款式。
Jing1000086,服饰鞋履,美背在几号,1,该用户是在询问展示的某款服装（可能是露背设计）的商品编号以便购买。
Jing1000086,服饰鞋履,蕾丝扎嘛欣姐,1,该用户想表达的含义是：询问主播蕾丝上衣是否还有货，并希望欣姐（主播）能帮忙推荐或展示。
Jing1000086,服饰鞋履,裤子拿近看一下,1,该用户希望主播将裤子的细节展示得更清楚以便进一步了解商品。
Jing1000086,服饰鞋履,欣姐蕾丝上衣上一下拍了洗澡去了,0,该用户想表达的含义是：希望主播尽快上架蕾丝上衣，自己准备下单购买后就去洗澡。
Jing1000086,服饰鞋履,下单1号,1,该用户想表达的含义是：确认自己已经购买了直播间推荐的1号商品。
Jing1000086,服饰鞋履,有短裤短裙吗?,1,该用户是在询问直播间是否有适合夏季穿着的短款下装商品。
Jing1000086,服饰鞋履,裤子卡码拍大吗,1,该用户是在询问裤子的尺码是否偏小，是否需要选择比平时更大的尺码购买。
Jing1000086,服饰鞋履,身上的美背带胸垫吗?,1,该用户是在询问主播展示的美背内衣是否自带胸垫设计。
Jing1000086,服饰鞋履,白色体恤有链接?,1,该用户是在询问主播身上穿的白色T恤是否有购买链接，表现出明确的购买意向。
Jing1000086,服饰鞋履,裤子卡吗怎么拍,0,该用户想询问裤子的尺码是否偏小以及应该如何选择合适的尺码下单。
Jing1000086,服饰鞋履,上衣有吗?刚进来,1,该用户是在询问直播间是否有上衣款式可供购买，并表明自己是刚进入直播的新观众。
Jing1000086,服饰鞋履,点蚊香啊,0,"该用户可能是询问主播展示的衣物是否适合搭配蚊香使用（如透气性、防蚊效果等），或暗示对防蚊功能衣物的潜在需求。  （解析思路：结合直播间的服装类商品主题和夏季高频提问语境，""点蚊香""更可能与衣物功能场景相关，而非字面驱蚊行为。前文密集出现的材质、穿着场景等问题进一步佐证了这种需求导向的解读。）"
Jing1000086,服饰鞋履,白色上衣,1,该用户想询问直播间是否有白色上衣的购买链接或相关商品信息。
Jing1000086,服饰鞋履,"上衣厨窗里有,自己找",0,该用户想表达的含义是：询问上衣的观众可以自行在商品橱窗中查找相关信息。
Jing1000086,服饰鞋履,单独的内搭蕾丝有吗?,1,该用户想询问直播间是否售卖可以单独搭配的蕾丝内搭单品。
Jing1000086,服饰鞋履,上衣厚吗?,1,该用户想询问直播中展示的上衣材质是否适合当前季节穿着，关注点在于衣服的保暖性和厚度是否满足需求。
Jing1000086,服饰鞋履,163衣服拍什么码,1,该用户想询问身高163厘米的人适合拍哪个尺码的衣服。
Jing1000086,服饰鞋履,不穿外面的好像也好看,1,该用户可能是在表达对主播展示的内搭款式（如蕾丝上衣或美背）的欣赏，认为即使不搭配外套单独穿也很时尚好看。
Jing1000086,服饰鞋履,"会飞,打不到的[捂脸][捂脸][捂脸][捂脸][捂脸]",0,"该用户可能在调侃主播展示的某件衣物（如蕾丝上衣或美背）过于轻薄飘逸，像会飞一样难以捕捉到细节，并用表情符号表达无奈或好笑的心情。  （解析依据：前文弹幕高频提及""蕾丝""""美背""等轻薄材质衣物，且多次要求展示细节，结合""打不到""的调侃语气和[捂脸]表情，推测用户是在戏谑衣物因材质飘逸导致看不清细节的直播效果。）"
Jing1000086,服饰鞋履,好看嘞,1,该用户想表达的含义是：对主播展示的某件服装款式表示赞赏和喜爱。
Jing1000086,服饰鞋履,身高155体重116拍哪个码,1,该用户想询问自己适合购买哪个尺码的服装。
Jing1000086,服饰鞋履,你不说我们都不知道[捂脸][捂脸],0,该用户想表达的含义是：主播之前没介绍清楚产品细节，现在才知道相关信息。  （结合前文弹幕多为询问商品细节，用户可能在调侃主播未主动说明某些信息，导致观众被动发现或反复提问。）
Jing1000086,服饰鞋履,要刚才的上衣,1,该用户想表达的含义是：对主播刚才展示的上衣有购买意向，希望获取购买链接或确认是否还有库存。
Jing1000086,服饰鞋履,不能带东西去直播间吃[捂脸][捂脸][捂脸],0,该用户是在调侃或抱怨直播间的互动氛围过于热烈（比如频繁催促上链接、询问商品细节等），导致自己无法轻松地边看直播边吃东西。  （解析：结合前文弹幕高频的购物咨询和主播互动内容，用户用反讽语气暗示“弹幕刷得太快/购物需求太密集”，甚至无暇做其他事，[捂脸]表情强化了无奈或玩笑的意味。）
Jing1000086,服饰鞋履,面料写的是涤纶,0,该用户可能在核实或质疑商品面料的真实性，暗示对材质细节的关注以评估购买价值。
Jing1000086,服饰鞋履,烫钻牛仔裤,1,该用户可能在询问主播身上展示的烫钻牛仔裤是否有购买链接或具体商品信息。
Jing1000086,服饰鞋履,"148,98斤什么码数",1,该用户想询问身高148厘米、体重98斤的人适合穿什么尺码的衣服。
Jing1000086,服饰鞋履,买个电蚊拍,0,该用户想表达的是对电蚊拍这款产品有明确的购买意向。
Jing1000086,服饰鞋履,主播穿什么长度的裤子??,1,该用户可能在询问主播的裤子款式细节，以便参考尺码或考虑是否购买同款。
Jing1000086,服饰鞋履,卡码怎么拍,1,该用户想询问主播关于服装尺码选择的问题，具体是想了解自己适合拍哪个码数的商品。
Jing1000086,服饰鞋履,她喜欢你[捂脸][捂脸],0,该用户可能在调侃主播或其他人互动时的暧昧氛围，用玩笑方式暗示某种情感倾向而非直接表达购买意向。
Jing1000086,服饰鞋履,笑屎我了,0,该用户被直播内容逗乐，用夸张语气表达强烈的搞笑情绪，但并未体现对商品的购买意向。
Jing1000086,服饰鞋履,上衣高个子卡码怎么拍?,1,该用户想询问高个子身材如何选择合适尺码的上衣。
Jing1000086,服饰鞋履,衣服看下后面,1,该用户想表达的含义是：让主播展示一下衣服背面的款式细节。
Jing1000086,服饰鞋履,上衣厚吗,1,该用户是在询问主播展示的上衣是否适合较暖季节穿着，关注点集中在服装的厚度和实用性上。
Jing1000086,服饰鞋履,刚刚拍错了尺码了,0,"该用户想表达的是自己因尺码选择失误而需要重新调整订单。  （结合前文语境，直播间讨论主要集中在尺码咨询和产品细节上，用户此时提及""拍错尺码""更可能是购物后的即时反馈，而非单纯吐槽，隐含希望主播指导修正或确认正确尺码的意图。）"
Jing1000086,服饰鞋履,我们这叫绿窦蝇,0,该用户可能在调侃直播间出现的飞虫或混乱场面，用谐音梗（绿窦蝇→绿豆蝇）表达幽默或无奈情绪。
Jing1000086,服饰鞋履,配白色裤子看下,1,该用户希望主播展示当前商品与白色裤子的搭配效果，以评估整体穿搭风格是否合适。
Jing1000086,服饰鞋履,卡码能不能拍小,1,该用户是在询问尺码偏小的商品该如何选择合适尺寸。
Jing1000086,服饰鞋履,"拍了上衣,要裙子",1,该用户想表达的含义是：已经下单购买了上衣，现在还想搭配购买同系列的裙子。
Jing1000086,服饰鞋履,能不能在再做一点白色包包,1,该用户希望主播能补货或增加白色包包的库存量。  （结合前文弹幕中频繁出现的尺码咨询、商品细节询问及购买意向表达，可推断该用户对白色包包有明确购买需求，可能是因库存不足或款式缺货而提出补货请求。）
Jing1000086,服饰鞋履,小Ti,0,该用户可能在询问主播或工作人员关于商品尺码或款式的具体信息，例如“小Ti”可能是“小T恤”的简写或昵称，表达想了解某款T恤的细节。
Jing1000086,服饰鞋履,刚刚的白色衣服怎么没有上,1,该用户对之前展示的白色衣服感兴趣，但发现该商品并未上架销售，因此询问主播为何没有开放购买链接。
Jing1000086,服饰鞋履,裤子152穿什么码,1,该用户是在询问自己身高152厘米应该选择什么尺码的裤子。
Jing1000086,服饰鞋履,卡码拍大吗,1,该用户是在询问商品尺码是否偏大，以便确定自己是否需要选择比平时小一码的尺寸。
Jing1000086,服饰鞋履,上衣卡码怎么拍,1,该用户想询问主播如果上衣尺码偏小该如何选择合适的尺码下单。
Jing1000086,服饰鞋履,上衣为什么没有别的颜色太喜欢这个款了,1,该用户对这款上衣的设计非常满意，但希望能有更多颜色可选以满足自己的偏好。
Jing1000086,服饰鞋履,"1.49米,98,99斤拍什么码呢",1,该用户是在询问自己身高1.49米、体重98-99斤的情况下应该选择什么尺码的衣服。
Jing1000086,服饰鞋履,好喜欢这套,1,该用户被主播展示的某套穿搭深深吸引，产生了强烈的购买意愿。
Jing1000086,服饰鞋履,衣服卡码怎么拍,1,该用户是在询问衣服尺码不合适时该如何选择合适尺寸进行购买。
Jing1000086,服饰鞋履,好喜欢这个两件套,1,该用户想表达的含义是：对展示的两件套服装款式非常心动，有明确的购买意向。
Jing1000086,服饰鞋履,"什么时候发货,已拍",0,该用户已经下单并关心商品的发货时间。
Jing1000086,服饰鞋履,春卷黄色套装,1,该用户想表达的是对直播中展示的黄色春卷图案套装的喜爱和购买意向。
Jing1000086,服饰鞋履,裤子卡吗怎么拍,1,该用户想询问这条裤子是否存在尺码偏小的问题以及应该如何选择合适尺码下单。
Jing1000086,服饰鞋履,上防晒,1,该用户希望主播展示或推荐防晒相关的产品。
Jing1000086,服饰鞋履,看看款式远一点看看啊[赞][赞],1,该用户想表达的含义是：希望主播将服装款式展示得更全面一些，比如拉远镜头看整体效果。
Jing1000086,服饰鞋履,尺码在看一下,1,该用户可能是对某件商品的尺码有疑问，希望主播再次展示或详细说明尺码信息以便确认是否适合自己购买。
Jing1000086,服饰鞋履,透肉吗,1,该用户是在询问商品的材质是否透明，担心穿着时会透出内搭衣物。
Jing1000086,服饰鞋履,春款黄色套装,1,该用户可能在询问或表达对直播中展示的春季黄色套装的兴趣或购买意向。
Jing1000086,服饰鞋履,裤子是春天穿的吗,1,该用户可能是在询问裤子的季节性适用性，以确认是否适合当前春季穿着，从而决定是否购买。
Jing1000086,服饰鞋履,想看看你的手表[捂脸],1,该用户对直播中展示的手表产生了兴趣，希望主播能提供更详细的产品展示或解说。
Jing1000086,服饰鞋履,154/98斤买什么码子,1,该用户是在询问自己身高154厘米、体重98斤的情况下应该选择什么尺码的服装。
Jing1000086,服饰鞋履,裤子多长,1,该用户想询问裤子的具体长度信息以判断是否适合自己购买。
Jing1000086,服饰鞋履,裤子还没看够,1,该用户想表达的含义是：希望主播继续展示裤子的细节或款式。
Jing1000086,服饰鞋履,所以会皱不,1,该用户是在询问衣服的面料是否容易起皱。
Jing1000086,服饰鞋履,裙子会皱不,1,该用户是在询问裙子的面料是否容易起皱，以此评估产品的实用性和穿着效果。
Jing1000086,服饰鞋履,热天能穿吗,1,该用户是在询问这件衣服是否适合在炎热天气穿着，关注的是产品的季节适用性和透气性。
Jing1000086,服饰鞋履,你身上穿的是多长的,1,该用户想询问主播身上所穿衣物的具体长度以便参考购买。
Jing1000086,服饰鞋履,怎么没有小黄车我的,0,该用户想表达的含义是：找不到直播间的购物链接入口。
Jing1000086,服饰鞋履,夏天穿的吗,1,该用户是在询问当前展示的服装是否适合夏季穿着。
Jing1000086,服饰鞋履,154/98斤衣服穿什么码子,1,该用户是在询问自己的身高体重（154厘米/98斤）适合穿什么尺码的衣服。
Jing1000086,服饰鞋履,喜欢就是长了,1,该用户想表达的含义是：对某件商品（可能是春款黄色套装或裤子）的喜爱程度已经持续很久，暗示有强烈的购买意愿。
Jing1000086,服饰鞋履,春款黄色套装再来一波吧,1,该用户希望主播再次展示或上架春季款的黄色套装以供购买。
Jing1000086,服饰鞋履,上衣看看,1,该用户希望主播展示或详细介绍当前直播中的上衣款式。
Jing1000086,服饰鞋履,上衣卡码,1,该用户想表达的含义是：询问主播身上展示的上衣尺码是否偏小或需要参考具体身材数据来选择合适的码数。
Jing1000086,服饰鞋履,主播是不是湖北人,1,该用户可能是在通过询问主播的籍贯来拉近距离或确认口音/风格是否合自己心意，以此间接判断商品的真实性和可信度。
Jing1000086,服饰鞋履,154/98斤衣服穿什么码,1,该用户是在询问以自己身高154厘米、体重98斤的体型应该选择什么尺码的衣服。
Jing1000086,服饰鞋履,上衣还挺有特色,1,该用户认为主播展示的上衣设计独特，可能产生购买意向。
Jing1000086,服饰鞋履,夏天可以穿吗?,1,该用户是在询问当前展示的服装是否适合夏季穿着，关注产品的季节适用性。
Jing1000086,服饰鞋履,没有现货,0,该用户想表达的含义是：对当前展示的商品缺货表示失望或询问何时能补货。
Jing1000086,服饰鞋履,我们厂里.布料做工都差[捂脸][捂脸],0,该用户想表达的含义是：对直播展示的产品质量表示不满和失望。
Jing1000086,服饰鞋履,裤子165能穿吗,1,该用户是在询问裤子的尺码是否适合身高165cm的人穿着。
Jing1000086,服饰鞋履,我的怎么买不了,0,该用户想表达的含义是：自己无法找到或成功点击购买链接，对购物流程存在操作困惑。  （结合前文语境，直播间讨论集中在商品细节和尺码问题，且前一条弹幕提到“怎么没有小黄车”，说明部分用户对购物入口可见性或功能存在疑问，目标弹幕进一步反映了购买路径受阻的急切心态。）
Jing1000086,服饰鞋履,往后站站,1,该用户可能在催促主播调整镜头或站位，以便更清楚地展示商品细节。
Jing1000086,服饰鞋履,粘毛不,1,该用户是在询问商品是否容易粘毛或起球。
Jing1000086,服饰鞋履,白半袖,1,该用户可能在询问主播身上穿的白色短袖上衣的购买信息或款式细节。
Jing1000086,服饰鞋履,是现货吗,1,该用户想确认商品是否有库存可以立即发货。
Jing1000086,服饰鞋履,裙子看看后面,1,该用户想表达的含义是：让主播展示一下裙子的背面细节。
Jing1000086,服饰鞋履,"朋友买过,质量好,好看",1,该用户想表达的含义是：因为朋友的实际使用体验良好，自己也对产品的外观和品质产生了购买意向。
Jing1000086,服饰鞋履,"矮个子裤长都95开头了,太长了矮个子裤长都95开头了,太长了",1,该用户是在抱怨裤子的长度对矮个子不友好，认为95厘米的裤长过长，暗示希望有更短的尺码可选。
Jing1000086,服饰鞋履,裤子1米五能穿吗,1,该用户是在询问裤子的尺码是否适合身高1米5的人穿着。
Jing1000086,服饰鞋履,蕾丝背心能不能单买,1,该用户想询问主播那款蕾丝背心是否支持单独购买而非必须搭配套装。
Jing1000086,服饰鞋履,"欣姐欣姐家衣服买了好几年了,现在连发型都与你同款,我应该是中毒了",0,该用户想表达的含义是：自己是主播的忠实粉丝，长期购买其服装并模仿其造型风格，展现出强烈的认同感和追随心理。
Jing1000086,服饰鞋履,"矮个子裤长都95开头了,太长了",0,该用户是在抱怨裤子的长度设计对矮个子不友好，暗示希望有更短的裤长选择。
Jing1000086,服饰鞋履,往后站下,1,该用户希望主播调整站位以便更清楚地展示商品细节。
Jing1000086,服饰鞋履,背带裤[比心],1,该用户可能是在询问或称赞主播穿的背带裤款式，并表达对这款商品的兴趣和好感。
Jing1000086,服饰鞋履,我的没有小黄车,0,该用户想表达的含义是：我的界面没有看到购物车的购买链接。
Jing1000086,服饰鞋履,两件套卡码怎么拍,1,该用户想询问如何根据尺码表选择合适的两件套商品并完成购买。
Jing1000086,服饰鞋履,上衣可以搭配裤子吗,1,该用户想表达的含义是：询问这件上衣是否能与裤子搭配成一套穿着效果。
Jing1000086,服饰鞋履,看的我也想买项链了[捂脸],1,该用户被直播内容或产品展示所吸引，产生了强烈的购买冲动，并以调侃语气表达了对项链的心动。
Jing1000086,服饰鞋履,裙子什么面料,1,该用户想询问裙子的材质细节以评估是否值得购买。
Jing1000086,服饰鞋履,"我买的衣服有时候袖子长了,拿去改,别人都说欣姐家的衣服质量很好",0,该用户想表达的含义是：虽然自己购买的衣服需要修改，但周围人对欣姐家服装质量的认可增强了她的信任感。
Jing1000086,服饰鞋履,刚带的珍珠项链上了吗,1,该用户是在询问主播刚才展示的珍珠项链是否已经上架可供购买。
Jing1000086,服饰鞋履,牛仔裤,1,该用户可能是想询问当前展示的牛仔裤的具体信息或购买方式。
Jing1000086,服饰鞋履,小白鞋放点福利,0,该用户希望主播能为小白鞋提供优惠活动或赠品福利。
Jing1000086,服饰鞋履,裙子皱不,1,该用户是在询问裙子的面料是否容易起皱，以评估其日常穿着的实用性和维护成本。
Jing1000086,服饰鞋履,想看看你的手表[捂脸],1,该用户对主播佩戴的手表产生了兴趣，希望主播展示细节以便进一步了解。
Jing1000086,服饰鞋履,春款黄色蕾丝套装还上吗,1,该用户是在询问主播之前展示过的春季黄色蕾丝套装是否会再次补货上架。
Jing1000086,服饰鞋履,黄色运动裤,1,该用户可能在询问黄色运动裤的相关信息，比如款式、尺码或购买方式。
Jing1000086,服饰鞋履,怎么换名字了吗,0,该用户可能是注意到主播或店铺名称有变动，出于好奇或确认目的而询问更改原因。
Jing1000086,服饰鞋履,上衣卡码拍小吗,1,该用户是在询问上衣的尺码是否偏小，以便确认自己是否需要选择比平时更大的尺码来购买。
Jing1000086,服饰鞋履,站远点看下,1,该用户想表达的含义是：希望主播后退几步展示服装的整体上身效果。
Jing1000086,服饰鞋履,为什么高个子衣长这么短?,1,该用户可能在质疑服装尺码设计不合理，认为高个子款式的衣长偏短不符合预期。
Jing1000086,服饰鞋履,上白色包包包包包,1,该用户急切希望主播展示或上架白色款式的包包。
Jing1000086,服饰鞋履,37号没有讲解,1,该用户是在询问或提醒主播尚未介绍37号商品的相关信息。
Jing1000086,服饰鞋履,好想有92裤长的,1,该用户希望购买一条裤长为92厘米的裤子。
Jing1000086,服饰鞋履,喜欢喜欢,1,该用户想表达对当前展示商品的强烈喜爱和购买意愿。
Jing1000086,服饰鞋履,卡码呢,1,该用户是在询问商品的尺码信息或具体尺码对应的参数。
Jing1000086,服饰鞋履,好漂亮,1,该用户被直播展示的商品外观所吸引，表达了对产品款式的赞赏和潜在的购买兴趣。
Jing1000086,服饰鞋履,后面看下,1,该用户希望主播往后展示更多商品细节或切换镜头视角以便看清产品。
Jing1000086,服饰鞋履,裙子没有了,0,该用户可能是在询问或遗憾地表示直播中展示的某款裙子已经售罄或下架了。
Jing1000086,服饰鞋履,跟去年那款一样吗,1,该用户想确认当前展示的商品与去年同款在款式或品质上是否有差异。
Jing1000086,服饰鞋履,"我的买不了,没有小车车",0,该用户想表达的含义是：自己无法完成购买操作，因为购物车功能未显示或不可用。
Jing1000086,服饰鞋履,还想要那个包,1,该用户表达的是对之前直播中展示的某款包包的持续兴趣和购买意愿。
Jing1000086,服饰鞋履,有别的颜色吗,1,该用户是在询问当前展示的商品是否有其他颜色可选。
Jing1000086,服饰鞋履,这个裙子能配白色无袖吗这个裙子能配白色无袖吗,1,该用户是在询问这条裙子是否能与白色无袖上衣搭配穿着，可能对搭配效果有疑虑或希望获得穿搭建议。
Jing1000086,服饰鞋履,刚才说75[捂脸],0,该用户可能在表达对刚才提到的价格（75元）感到惊讶或觉得划算，因而用“[捂脸]”来掩饰兴奋或调侃。
Jing1000086,服饰鞋履,是西装面料吗,1,该用户想确认当前展示的商品是否采用西装常用的面料材质。
Jing1000086,服饰鞋履,这个上衣还能配什么裤子,1,该用户想表达的含义是：询问这件上衣有哪些合适的下装搭配建议。
Jing1000086,服饰鞋履,这个裙子能配白色无袖吗,1,该用户可能在询问这条裙子与白色无袖上衣的搭配效果是否合适，表现出对产品实际搭配场景的关注和潜在的购买意向。
Jing1000086,服饰鞋履,衣服卡码怎么拍?,1,该用户想表达的含义是：不清楚衣服尺码偏大还是偏小，询问应该如何选择合适的尺码下单。
Jing1000086,服饰鞋履,包包也想要,1,该用户看到直播中展示的白色包包后产生了强烈的购买意愿，表达希望也能拥有同款包包的渴望。
Jing1000086,服饰鞋履,大圆头小白鞋上点福利吧,1,该用户希望主播为展示的大圆头小白鞋推出优惠活动或赠品福利。
Jing1000086,服饰鞋履,欣姐上点夏天穿的长裤,1,该用户希望主播推荐适合夏季穿着的长裤款式。
Jing1000086,服饰鞋履,上衣看看,1,该用户希望主播展示或详细介绍当前的上衣款式。
Jing1000086,服饰鞋履,开错了,0,该用户可能是想表达“刚才的操作或选择有误，需要重新调整”。
Jing1000086,服饰鞋履,不是75怎么开的79,0,该用户可能是在质疑或提醒主播价格变动，认为之前提到的商品价格是75元但现在却标成了79元。
Jing1000086,服饰鞋履,不是75?,0,该用户可能是在质疑或确认商品价格与之前提到的75元不一致，表达了对价格变动的困惑或不满。
Jing1000086,服饰鞋履,价格怎么是500多?[捂脸],0,该用户对商品价格与之前提到的优惠信息不符感到困惑和失望。
Jing1000086,服饰鞋履,不是75,0,该用户对商品价格与之前提到的75元不符表示质疑或不满。
Jing1000086,服饰鞋履,79.9,0,该用户可能在质疑或不满当前商品价格与之前提到的75元不一致。
Jing1000086,服饰鞋履,不是75么,0,该用户对商品价格存在疑问，认为当前显示的79元与之前提到的75元价格不符。
Jing1000086,服饰鞋履,衣服开了吗,0,该用户是在询问直播中提到的某件衣服是否已经开放购买链接或上架销售。
Jing1000086,服饰鞋履,碎花连衣裙今天上吗,0,该用户是在询问今天是否会上架碎花连衣裙这款商品，表现出明确的购买意向和对该款式的兴趣。
Jing1000086,服饰鞋履,价格上错了,0,该用户是在质疑直播间的商品标价与之前宣传的价格不符，认为主播或工作人员在价格设置上出现了错误。
Jing1000086,服饰鞋履,不是75吗,0,该用户是在质疑直播间的商品价格与之前宣传的75元不符，表达了对价格变动的困惑和不满。
Jing1000086,服饰鞋履,拍了黑色裤子还能配什么上衣,1,该用户想表达的含义是：询问黑色裤子的搭配建议，希望主播推荐合适的上衣款式。
Jing1000086,服饰鞋履,我的怎么买不了,0,该用户可能因价格或购买选项与预期不符而无法完成下单操作。
Jing1000086,服饰鞋履,怎么79[捂脸][捂脸],0,该用户想表达的是：之前宣传的价格明明是75元，为什么实际开价变成了79元？
Jing1000086,服饰鞋履,春款黄色蕾丝,1,"该用户可能是在询问或建议主播展示春季新款黄色蕾丝材质的服饰（如连衣裙/上衣），或对其表现出购买兴趣。  （解析思路：结合前文高频出现的服饰品类讨论、颜色/款式询问（碎花、黑色、白色）、价格争议及搭配需求，可推断该弹幕聚焦于商品属性而非闲聊，且""春款""""黄色""""蕾丝""均为典型选购关键词，符合直播间用户主动寻求商品信息的互动模式。）"
Jing1000086,服饰鞋履,不是75吗怎么79呢,0,该用户对商品标价与预期不符感到疑惑，认为实际售价79元与之前宣传的75元价格存在差异。
Jing1000086,服饰鞋履,没改75还是79.9[捂脸],0,该用户是在表达对商品价格与预期不符的困惑和失望，认为原本宣传的75元价格未被修改仍显示为79.9元。
Jing1000086,服饰鞋履,不是说75ma,0,该用户是在质疑直播间的商品价格与之前宣传的75元不符，表达了对价格差异的不满和困惑。
Jing1000086,服饰鞋履,西装裙吗[爱心][爱心][爱心][爱心][爱心][爱心],1,该用户想表达的含义是：对主播展示的西装裙款式表现出强烈的喜爱和购买兴趣。
Jing1000086,服饰鞋履,"不是75么,开的79.9",0,该用户对直播间的商品价格存在疑问，认为实际售价（79.9元）与之前宣传或承诺的价格（75元）不符，因而提出质疑。
Jing1000086,服饰鞋履,看一下后面,1,该用户可能是在催促主播展示后续的商品款式或颜色，想看看后面还有什么新品或搭配选择。
Jing1000086,服饰鞋履,小个子79吗,0,该用户是在疑惑并询问为什么商品价格标为79元而不是之前提到的75元。
Jing1000086,服饰鞋履,春款蕾丝套装,1,"该用户可能在询问或表达对直播间展示的春款蕾丝套装商品的兴趣，暗示想了解款式细节或购买信息。  （结合前文语境：弹幕主要集中在价格争议（75 vs 79.9）和单品询问（如碎花连衣裙、西装裙），说明用户群体正聚焦于具体商品的讨论。""春款蕾丝套装""的突兀出现，既可能是新观众补问商品，也可能是老观众在价格争议中转向关注新品款式。）"
Jing1000086,服饰鞋履,"说75呀,上的79",0,该用户是在质疑商品价格与之前宣传的75元不符，实际售价为79元，表达了对价格差异的不满和困惑。
Jing1000086,服饰鞋履,卡码怎么拍,1,该用户想询问购买商品时如何选择或修改尺码。
Jing1000086,服饰鞋履,小白鞋上点福利,0,该用户希望主播能给小白鞋提供优惠活动或折扣价格。
Jing1000086,服饰鞋履,没有码了,0,该用户想表达的含义是：自己想要的尺码已经售罄了。
Jing1000086,服饰鞋履,有运费险吗,0,该用户是在确认商品是否支持退换货时的运费保障，以降低购买决策风险。
Jing1000086,服饰鞋履,来晚了海派甜心价格再开一波嘛,0,该用户希望主播能再次以之前提到的优惠价格（如75元）重新上架“海派甜心”这款商品，暗示自己因迟到错过了之前的促销活动。
Jing1000086,服饰鞋履,没码了,0,该用户想表达的含义是：商品已经售罄，自己想要的尺码没有了。
Jing1000086,服饰鞋履,裙子有没有叉,1,该用户是在询问裙子的款式是否有开叉设计。
Jing1000086,服饰鞋履,没有小黄车,0,该用户想表达的含义是：直播界面没有显示购物车功能或商品链接。
Jing1000086,服饰鞋履,S码没有,0,该用户想表达的含义是：商品中S码已经售罄了。
Jing1000086,服饰鞋履,明天可以发货吗,0,该用户可能在确认商品的发货时效，以此评估是否值得立即下单购买。
Jing1000086,服饰鞋履,卡吗怎样拍,1,该用户可能是在询问当前直播画面是否卡顿，并想了解如何下单购买商品。
Jing1000086,服饰鞋履,没有了,0,该用户想表达的含义是：商品已经售罄或想要的尺码/款式没有了。
Jing1000086,服饰鞋履,没吗了,0,该用户想表达的含义是：商品已经售罄没有库存了。
Jing1000086,服饰鞋履,身上穿的啥衣服,1,该用户想询问主播身上展示的服装款式或商品链接信息。
Jing1000086,服饰鞋履,没抢到,0,该用户想表达的含义是：想要的商品或优惠已经售罄或错过购买时机。
Jing1000086,服饰鞋履,没有码,0,该用户想表达的含义是：商品缺货了，没有自己需要的尺码。
Jing1000086,服饰鞋履,看看搭裙子,1,该用户想表达的含义是：想了解主播展示的这件衣服如何搭配裙子穿。
Jing1000086,服饰鞋履,看着你那时候还没跟大哥在一起,0,"该用户可能在回忆主播早期的直播内容，并对比现在与当时的变化，暗示主播如今与""大哥""合作后风格或氛围有所不同。"
Jing1000086,服饰鞋履,粘毛吗,1,该用户是在询问商品是否容易沾上毛发或灰尘。
Jing1000086,服饰鞋履,"运动套装,上,买了睡觉",1,该用户急切地催促主播上架运动套装并表示自己已经准备好下单购买。
Jing1000086,服饰鞋履,主播穿的什么码,1,该用户是在询问主播身上所穿服装的具体尺码信息，意图判断自己是否适合购买同款。
Jing1000086,服饰鞋履,裙子没码了,0,该用户想表达的含义是：询问主播是否还有裙子的其他尺码可供购买。
Jing1000086,服饰鞋履,45号改个价,0,该用户希望主播将45号商品的售价进行调整（如降价或优惠）。
Jing1000086,服饰鞋履,"亲们,你们有没有人影,咋一片黑",0,该用户可能是因直播画面出现技术问题（如黑屏或卡顿）而询问其他观众是否也遇到同样情况，表达了对直播无法正常观看的困惑和不满。
Jing1000086,服饰鞋履,海派甜心开一下,0,该用户希望主播再次展示或讲解“海派甜心”这款产品（可能是之前已提及的服装款式），暗示购买意向或对商品信息的需求。
Jing1000086,服饰鞋履,碎花连衣裙,1,该用户可能在询问主播展示的碎花连衣裙是否有货或具体款式信息。
Jing1000086,服饰鞋履,是春天还是夏天的,1,该用户可能在询问主播展示的服装款式适合哪个季节穿着。
Jing1000086,服饰鞋履,衣服卡码拍大还是小?,1,该用户是在询问衣服尺码偏大还是偏小，以便选择合适的尺寸下单。
Jing1000086,服饰鞋履,都有现货吗?,0,该用户是在询问直播中展示的商品是否全部有库存可以立即购买。
Jing1000086,服饰鞋履,"裤子好看,还是配裙子好看",1,该用户可能在询问主播裤子和裙子的搭配效果，想了解哪种穿法更合适或更受欢迎。
Jing1000086,服饰鞋履,远看看一下,1,该用户想表达的含义是：希望主播将镜头拉远展示商品全貌以便观察整体效果。
Jing1000086,服饰鞋履,春款黄色蕾丝套装,1,该用户想表达的含义是：询问主播身上穿的黄色蕾丝春款套装是否还有货或能否展示细节。  （结合前文语境，直播间讨论焦点集中在服装款式、尺码、搭配和现货情况，用户大概率是看到主播展示的套装后，针对具体单品发起商品咨询。）
Jing1000086,服饰鞋履,夏天的吗,1,该用户是在询问主播展示的服装是否适合夏季穿着。
Jing1000086,服饰鞋履,啥面料,1,该用户想询问主播所展示服装的面料材质或特性。
Jing1000086,服饰鞋履,小白鞋上点福利吧欣姐,0,该用户希望主播能针对小白鞋推出优惠活动或福利价。
Jing1000086,服饰鞋履,白半袖,1,该用户想表达的含义是：询问主播身上穿的白色短袖是否有货或能否展示详情。
Jing1000086,服饰鞋履,后面还有没有福利价,0,该用户想询问后续直播中是否还会推出优惠价格的商品。
Jing1000086,服饰鞋履,你上衣穿的那个码,1,该用户想询问主播身上所穿上衣的具体尺码信息，以便参考购买。
Jing1000086,服饰鞋履,看衣服,1,该用户想表达的含义是：让主播展示一下衣服的款式或细节。
Jing1000086,服饰鞋履,啥都想买[捂脸],0,该用户被直播间的商品展示所吸引，对多款产品产生了强烈的购买欲望，但出于预算或选择困难而表现出既心动又纠结的情绪。
Jing1000086,服饰鞋履,包包有么,1,该用户是在询问直播间是否有售卖包类商品。
Jing1000086,服饰鞋履,试下裤子,1,该用户想表达的含义是：想看看裤子的上身效果或试穿展示。
Jing1000086,服饰鞋履,"那时候还没跟大哥在一起,现在宝贝两岁了[捂脸]",0,该用户是在借由产品使用场景（如亲子装或家庭装）间接表达对当前服饰类商品的潜在购买兴趣，同时通过分享个人生活阶段变化来寻求情感共鸣。
Jing1000086,服饰鞋履,身上的包包,1,该用户可能在询问主播身上展示的包包是否有售或相关购买信息。
Jing1000086,服饰鞋履,裙子什么面料,1,该用户想询问裙子的材质细节以评估是否值得购买。
Jing1000086,服饰鞋履,卡吗怎么拍,1,该用户可能是在询问直播画面是否卡顿以及如何下单购买商品。
Jing1000086,服饰鞋履,可不可以单买,1,该用户想询问商品是否支持单独购买而非捆绑销售。
Jing1000086,服饰鞋履,裙子腰是松紧的吗,1,该用户想询问裙子的腰部设计是否为弹性松紧带，以确认穿着舒适度和尺码适配性。
Jing1000086,服饰鞋履,卡码怎么拍,1,该用户想询问如何选择尺码并下单购买商品。
Jing1000086,服饰鞋履,配裤子看看,1,该用户想表达的含义是：希望主播展示这件上衣搭配裤子的整体效果。
Jing1000086,服饰鞋履,美背卡吗怎么啪,1,该用户是在询问“美背款式的衣服是否有尺码库存以及如何下单购买”。
Jing1000086,服饰鞋履,卡码拍大还是拍小,1,该用户是在询问商品尺码的选择建议，不确定自己应该选择偏大还是偏小的尺码。
Jing1000086,服饰鞋履,裙子卡码怎么拍,1,该用户想询问裙子尺码选择有疑问时该如何下单购买。
Jing1000086,服饰鞋履,没有小黄车我的,0,该用户想表达的含义是：直播间的购物车功能没有显示或无法找到自己想要购买的商品。
Jing1000086,服饰鞋履,衣服可以配牛仔裙吗,1,该用户是在询问主播展示的服装是否能与牛仔裙搭配穿着，以此判断是否适合自己购买。
Jing1000086,服饰鞋履,有没有西装料的这种裙子,1,该用户想询问主播展示的裙子是否有采用西装面料的款式可供选择。
Jing1000086,服饰鞋履,有点卡,0,该用户可能是在询问直播画面是否出现卡顿，或是想确认商品尺码选择的问题（因前文多次出现“卡码”相关提问）。
Jing1000086,服饰鞋履,包包有么还想要包包,1,该用户想表达的含义是：询问直播间是否还有之前提到的包包库存，并表现出强烈的购买意愿。
Jing1000086,服饰鞋履,衣服卡码怎么拍,1,该用户想询问当服装尺码存在偏差或不确定时该如何选择合适尺码下单。
Jing1000086,服饰鞋履,裙子还可以配啥,1,该用户想询问这条裙子还有哪些搭配方案或配饰推荐。
Jing1000086,服饰鞋履,尺码表看一下,1,该用户想询问商品的尺码参考信息以便确认是否适合自己购买。
Jing1000086,服饰鞋履,小白鞋,1,该用户可能是在询问直播间是否有白色鞋子，或者对当前展示的穿搭搭配中提到的白色鞋子感兴趣。
Jing1000086,服饰鞋履,这样穿更好看,1,该用户认为主播当前的穿搭搭配效果不错，暗示对展示的服装款式或搭配方式产生了兴趣。
Jing1000086,服饰鞋履,卡码拍大吗,1,该用户是在询问商品尺码是否偏大，以及购买时应选择常规尺码还是需要调整。
Jing1000086,服饰鞋履,春款蕾丝黄色套装,1,该用户可能是在询问直播间是否有春季款的黄色蕾丝套装商品，并对其购买细节（如尺码、搭配等）产生兴趣。
Jing1000086,服饰鞋履,从你谈恋爱追到现在,0,该用户想表达的含义是：我是你的老粉丝，从你恋爱时期就开始关注你的直播直到现在。
Jing1000086,服饰鞋履,小白鞋上点福利吧,0,该用户希望主播能为小白鞋提供优惠活动或赠品福利。
Jing1000086,服饰鞋履,美背有吗,1,该用户是在询问直播间是否有展示或售卖“美背”款式的服装（如内衣、上衣等），并可能隐含对尺码选择或搭配效果的关注。
Jing1000086,服饰鞋履,破产了,0,该用户想表达的含义是：这款商品太吸引人了，我已经忍不住买了很多，钱包都快空了。
Jing1000086,服饰鞋履,裙子搭别的,1,该用户想询问这条裙子与其他服饰的搭配效果或建议。
Jing1000086,服饰鞋履,[比心][比心][比心]海派甜心价格再开一波嘛,0,该用户希望主播能再次推出“海派甜心”款式的优惠价格，并通过比心表情强化了迫切和喜爱的情绪。  （解析：结合前文高频出现的“卡码”“福利”“搭配”等关键词，可见直播间观众主要关注商品价格、尺码和搭配建议。目标弹幕通过重复表情符号和“再开一波”的直播促销话术，明确指向对特定商品的降价需求，属于典型的购买意向表达。）
Jing1000086,服饰鞋履,两件套卡码怎么拍呀,1,该用户是在询问两件套服装的尺码选择建议以及具体的购买操作方式。
Jing1000086,服饰鞋履,碎花连衣裙今天上吗,0,该用户是在询问今天是否会售卖碎花连衣裙这款商品。
Jing1000086,服饰鞋履,配裙子好看还是裤子好看,1,该用户是在询问主播推荐的穿搭建议，想了解展示的服装更适合搭配裙子还是裤子来提升整体效果。
Jing1000086,服饰鞋履,裙子卡吗怎么拍,1,该用户是在询问裙子是否尺码偏小以及如何选择合适的尺码下单。
Jing1000086,服饰鞋履,主播xxS号么,1,该用户想询问主播所展示的服装是否有S尺码的库存。
Jing1000086,服饰鞋履,身上包包,1,该用户想表达的含义是：询问主播身上展示的包包是否有售或相关购买信息。
Jing1000086,服饰鞋履,有儿童袜子吗,1,该用户是在询问直播间是否有适合儿童的袜子商品，表现出明确的购买意向。
Jing1000086,服饰鞋履,刚才高跟鞋呢,1,该用户想表达的含义是：询问之前展示过的高跟鞋款式是否还有货或能否再次介绍。
Jing1000086,服饰鞋履,"我85斤,拍什么码",1,该用户想表达的含义是：询问自己的体重适合选择什么尺码的服装。
Jing1000086,服饰鞋履,什么面料?裙子,1,该用户想询问裙子的材质信息以进一步评估购买意向。
Jing1000086,服饰鞋履,一看就想买,0,该用户被直播展示的商品强烈吸引，产生了立即下单的冲动。
Jing1000086,服饰鞋履,看看裤子,1,该用户想表达的含义是：对主播展示的裤子感兴趣，希望了解更多细节或上身效果。
Jing1000086,服饰鞋履,裤子有弹力吗,1,该用户想询问裤子的材质是否具备弹性，以便判断穿着舒适度和选择合适的尺码。
Jing1000086,服饰鞋履,小白鞋上点福利,0,该用户希望主播能针对小白鞋推出优惠活动或赠品福利。
Jing1000086,服饰鞋履,130斤裙能穿吗,1,该用户是在询问自己130斤的体型能否穿得下直播间展示的裙子，隐含对尺码适配性的担忧和潜在的购买意向。
Jing1000086,服饰鞋履,85斤拍什么码,1,该用户是在询问自己85斤的体重适合购买哪个尺码的服装。
Jing1000086,服饰鞋履,[比心][比心][比心]来晚了海派甜心价格再开一波嘛,0,该用户希望主播能再次以优惠价格开放“海派甜心”商品的购买机会，并通过表情符号强化了急切和喜爱的情绪。
Jing1000086,服饰鞋履,有弹力吗,1,该用户是在询问某件服装（可能是裤子或裙子）的面料是否具备伸缩性，以便判断穿着舒适度和选择合适的尺码。
Jing1000086,服饰鞋履,外套好久了还不发货,0,该用户因等待购买的“外套”迟迟未发货而感到焦急，希望催促商家尽快处理订单。
Jing1000086,服饰鞋履,裙子什么料子,1,该用户想询问裙子的材质细节以便进一步评估是否值得购买。
Jing1000086,服饰鞋履,裙子是夏天穿的吗?,1,该用户是在询问这条裙子是否适合夏季穿着，以判断是否符合自己的季节需求。
Jing1000086,服饰鞋履,裙子卡码,1,该用户想询问裙子的尺码是否偏小或需要特别选择，以便确定自己该购买哪个尺码。
Jing1000086,服饰鞋履,裙子肚子有肉能穿吗,1,该用户是在询问这条裙子是否适合腹部有赘肉的身材穿着，担心显胖或舒适度问题。
Jing1000086,服饰鞋履,有没有项链,1,该用户是在询问直播间是否售卖项链产品，并希望主播展示或介绍相关款式信息。
Jing1000086,服饰鞋履,大圆头小白鞋上点福利,0,该用户是在催促主播为之前提到的小白鞋增加优惠活动或赠品福利。
Jing1000086,服饰鞋履,背心没有了,0,该用户想表达的含义是：背心已经卖完了，我想买但没货了。
Jing1000086,服饰鞋履,背心上一下,1,该用户希望主播重新上架或补货背心款式。
Jing1000086,服饰鞋履,裙子卡码拍大还是拍小,1,该用户是在询问裙子的尺码选择建议，纠结于偏大或偏小一码该如何选购。
Jing1000086,服饰鞋履,套装蕾丝上衣会缩水吗,1,该用户是在询问套装蕾丝上衣的面料特性是否会影响穿着体验，以此判断是否值得购买。
Jing1000086,服饰鞋履,裙子什么面料呢,1,该用户想询问裙子的材质细节以评估是否值得购买。
Jing1000086,服饰鞋履,裙子是夏天的吗,1,该用户想询问这条裙子是否适合夏季穿着，以判断是否符合自己的购买需求。
Jing1000086,服饰鞋履,是夏款吗,1,该用户想确认当前展示的服装是否适合夏季穿着。
Jing1000086,服饰鞋履,美背没有了,0,该用户想表达的含义是：对已售罄的“美背”款式商品表示遗憾并希望补货。
Jing1000086,服饰鞋履,通勤宝藏,0,该用户想表达的含义是：这件通勤单品非常实用，简直是日常穿搭的必备好物。
Jing1000086,服饰鞋履,裙子双层还是单层,1,该用户想询问裙子的具体设计结构是双层还是单层，以判断其厚度和穿着效果是否符合需求。
Jing1000086,服饰鞋履,透明拖鞋,1,该用户可能在询问直播中展示的透明拖鞋的材质、款式或购买相关信息。
Jing1000086,服饰鞋履,裙子卡码怎么拍,1,该用户想询问裙子尺码偏大或偏小，以确定自己应该选择哪个尺码购买。
Jing1000086,服饰鞋履,袜子啥时候上,0,该用户是在询问袜子的上架时间，表现出对这款商品的购买兴趣和期待。
Jing1000086,服饰鞋履,等宽松的,1,该用户想表达的含义是：希望等尺码宽松的款式上架或补货。
Jing1000086,服饰鞋履,是夏款吗裙子,1,该用户想确认这条裙子是否为夏季款式。
Jing1000086,服饰鞋履,白色通穿[捂脸],1,该用户想表达的含义是：白色款式的衣服适合日常通勤穿着，但看到尺码问题有些无奈。
Jing1000086,服饰鞋履,喜欢紧身,1,该用户想表达的含义是：对紧身款式的服装感兴趣并询问是否有相关产品。
Jing1000086,服饰鞋履,黄皮哪个好,1,该用户想询问适合黄皮肤色调的产品推荐。
Jing1000086,服饰鞋履,拍了3件[比心],0,该用户想表达的含义是：已经下单购买了3件商品，并对产品表示满意和喜爱。
Jing1000086,服饰鞋履,这个好看,1,该用户被直播间的某件商品吸引，认为其款式或设计符合自己的审美喜好。
Jing1000086,服饰鞋履,黄黑皮推荐哪个,1,该用户想询问主播针对黄黑肤色人群适合推荐哪款产品。
Jing1000086,服饰鞋履,这个我也买了三件[捂脸],0,该用户想表达的含义是：自己已经下单购买了同款商品，并且数量不少，可能带有一种分享购物行为的调侃或自嘲意味。
Jing1000086,服饰鞋履,"这个好,长短合适配外套",1,该用户认为这件商品的长度设计很实用，能够很好地搭配外套穿着。
Jing1000086,服饰鞋履,主推咖色吗,1,该用户是在询问直播间主推的产品颜色是否为咖色，可能是在考虑颜色是否适合自己的肤色或穿搭风格。
Jing1000086,服饰鞋履,娃子上,0,该用户想表达的含义是：询问主播什么时候开始展示或售卖儿童相关的商品。
Jing1000086,服饰鞋履,我买了四件白的,0,该用户想表达自己已经下单购买了四件白色款式的商品，显示出明确的购买行为和偏好选择。
Jing1000086,服饰鞋履,买了19号几时发货,0,该用户想确认自己19号下单的商品预计何时能发出。
Jing1000086,服饰鞋履,我买了两件[捂脸],0,该用户是在分享自己已经下单了两件商品，并用[捂脸]表情表达了一种既满意又略带调侃的复杂心情，可能是对购物冲动的小小自嘲。
Jing1000086,服饰鞋履,买了三件[捂脸],0,该用户想表达的含义是：虽然觉得购买数量有点多（或冲动消费），但依然对产品满意或感到划算。  （解析：结合前文类似弹幕“[捂脸]”多用于调侃或自嘲购买行为，且其他用户也频繁提及购买多件，语境中隐含对产品的认可，因此“捂脸”并非负面情绪，而是带调侃的积极态度。）
Jing1000086,服饰鞋履,我拍了4件,0,该用户想表达自己已经下单购买了4件商品。
Jing1000086,服饰鞋履,裙子有口袋吗?,1,该用户可能在询问裙子的实用性细节，以评估是否值得购买。
Jing1000086,服饰鞋履,这个我也买了三件,0,该用户想表达的含义是：我也跟风购买了同款商品，数量还不少。
Jing1000086,服饰鞋履,牛仔裤可以上,1,该用户想表达的含义是：询问牛仔裤是否即将上架售卖。
Jing1000086,服饰鞋履,我买了两件,0,该用户想表达自己已经下单购买了该商品，并可能带有对商品认可或跟风购买的意味。
Jing1000086,服饰鞋履,黄皮推荐什么颜色,1,该用户想询问适合黄皮肤人群使用的产品色号推荐。
Jing1000086,服饰鞋履,我买了咖,0,该用户想表达的含义是：自己已经下单购买了咖色款商品。
Jing1000086,服饰鞋履,这件我买了8件[捂脸],0,该用户想表达的含义是：自己已经多次购买同款商品，既展示了对产品的认可，又略带调侃地暗示自己可能买得有点多。
Jing1000086,服饰鞋履,遮肚子的有吗?,1,该用户是在询问直播间是否有能遮挡腹部赘肉的服饰款式。
Jing1000086,服饰鞋履,"我买了白色和咖色,好看",1,该用户是在分享自己已经购买了白色和咖色的商品，并认为这两种颜色都很不错。
Jing1000086,服饰鞋履,上衣有高个子版的吗,1,该用户是在询问上衣是否有适合高个身材的款式，表现出对商品的具体需求并有意购买。
Jing1000086,服饰鞋履,我都已经买2件了,0,该用户想表达的含义是：我已经下单购买了该商品，且数量不少。
Jing1000086,服饰鞋履,袜子上,1,该用户想表达的含义是：询问主播是否会上架袜子这款商品。
Jing1000086,服饰鞋履,老粉扣2[捂脸][捂脸],0,该用户可能是直播间的老观众，用互动口号“老粉扣2”配合表情符号来活跃气氛并表明自己的忠实粉丝身份，而非直接表达购买意向。
Jing1000086,服饰鞋履,这个短袖特别好柔软,1,该用户是在称赞短袖的质地舒适，并暗示自己有购买意向或已下单。
Jing1000086,服饰鞋履,这个我买了两件,0,该用户是在分享自己已下单购买了两件该商品，并可能带有对产品满意或跟风购买的意味。
Jing1000086,服饰鞋履,黄肤色穿什么色,1,该用户想咨询适合黄皮肤人群穿着的服装颜色推荐。
Jing1000086,服饰鞋履,这个衣长多少,1,该用户想询问衣服的具体尺寸信息以评估是否适合自己购买。
Jing1000086,服饰鞋履,买了2件,0,该用户想表达自己已经下单购买了两件商品。  （结合前文语境，直播间弹幕中频繁出现用户主动分享购买数量，整体氛围偏向于晒单互动，因此目标弹幕更可能是陈述实际购买行为，而非单纯表达兴趣。）
Jing1000086,服饰鞋履,要美背,1,该用户想表达的是对展示商品中能修饰背部线条的款式感兴趣或希望主播推荐相关产品。
Jing1000086,服饰鞋履,这件质量杠杠滴,0,该用户想表达的含义是：这件商品的质量非常好，值得购买。
Jing1000086,服饰鞋履,太多好看的了,0,该用户想表达的含义是：直播间的商品款式丰富且吸引人，让人有强烈的购买欲望。
Jing1000086,服饰鞋履,这个我买了四件[捂脸],0,该用户想表达的含义是：自己已经多次购买该产品，略带调侃地展示自己的强烈喜爱和消费行为。
Jing1000086,服饰鞋履,我买了三件,0,该用户想表达的含义是：自己已经下单购买了该商品的三件同款。
Jing1000086,服饰鞋履,咖色显白吗,1,该用户想询问咖色服装是否适合肤色较暗的消费者穿着。
Jing1000086,服饰鞋履,看看裙子,1,该用户可能对展示的裙子款式产生兴趣，希望主播将镜头聚焦或详细介绍裙子产品。
Jing1000086,服饰鞋履,我买了黑白,0,该用户想表达自己已经购买了该商品的黑色和白色款式。
Jing1000086,服饰鞋履,裙子现货吗,0,该用户想询问裙子是否有库存可以立即发货。
Jing1000086,服饰鞋履,美背加加,0,该用户想表达的含义是：询问是否有能修饰背部线条的款式或产品。
Jing1000086,服饰鞋履,看下黄色,1,该用户想表达的含义是：想看看黄色款式的商品展示。
Jing1000086,服饰鞋履,确实很好,0,该用户是在认同主播推荐的商品质量或款式，流露出较强的购买意向或满意感。
Jing1000086,服饰鞋履,"我买了,还没收到[捂脸]",0,该用户想表达的含义是：自己已经下单购买了商品，但还在等待收货的过程中，略带无奈或调侃地分享这一状态。
Jing1000086,服饰鞋履,码数怎么拍,1,该用户想询问如何选择商品的尺码进行购买。
Jing1000086,服饰鞋履,斜肩的也好看,1,该用户想表达的含义是：除了刚才讨论的款式，斜肩设计的衣服同样吸引人。
Jing1000086,服饰鞋履,等宽松版的,1,该用户希望看到或购买该款式的宽松版型。
Jing1000086,服饰鞋履,我的没有小黄车,0,该用户可能是在询问或抱怨自己的直播界面没有显示购物车（小黄车）功能，导致无法参与购买。
Jing1000086,服饰鞋履,"我也买了黄色的,特别舒服",0,该用户想表达的含义是：自己购买了同款黄色商品且对使用体验感到满意。
Jing1000086,服饰鞋履,买了三件,0,该用户想表达自己已经下单购买了该商品，并且数量为三件，以此展示对商品的认可和消费行为。
Jing1000086,服饰鞋履,紧身吗,1,该用户是在询问服装的版型是否贴身或修身。
Jing1000086,服饰鞋履,我买了8件,0,该用户想表达自己已经下单购买了多件商品，以此展示对产品的强烈兴趣和认可。
Jing1000086,服饰鞋履,黄黑皮适合什么色,1,该用户可能在询问适合黄黑肤色的服装颜色推荐，希望主播能提供显白或提气色的穿搭建议。
Jing1000086,服饰鞋履,美背卡码怎么拍,1,该用户想询问如何根据尺码选择合适的“美背”款式商品。
Jing1000086,服饰鞋履,已拍加急,0,该用户想表达的含义是：我已经下单并选择了加急配送服务。
Jing1000086,服饰鞋履,七分裤,1,该用户可能在询问或建议展示七分裤的款式或相关信息。
Jing1000086,服饰鞋履,美背后面勒不嘞,1,该用户是在询问这款美背内衣的背面设计是否会有紧绷不适感。
Jing1000086,服饰鞋履,这个美背夏天穿热不,1,该用户是在询问这款露背设计的衣服在夏季穿着时是否会闷热不透气。
Jing1000086,服饰鞋履,薄杯的吗,1,该用户是在询问商品是否为薄款设计。
Jing1000086,服饰鞋履,大胸能穿不,1,该用户可能在询问该服装款式是否适合胸部较大的身材穿着。
Jing1000086,服饰鞋履,"欣姐,美背卡码拍大还是小",1,该用户是在询问主播关于“美背”款式的尺码选择建议，不确定自己应该拍大一号还是小一号。
Jing1000086,服饰鞋履,没有了,0,该用户可能是在询问或感叹某款商品（如美背内衣）已经售罄，或者自己想要的尺码/颜色缺货了。
Jing1000086,服饰鞋履,安全裤有吗,1,该用户是在询问直播间是否有售卖安全裤这一商品。
Jing1000086,服饰鞋履,大胸能穿吗?,1,该用户是在询问该款服装是否适合胸部较大的身材穿着。
Jing1000086,服饰鞋履,美背薄杯还厚杯,1,该用户是在询问美背内衣是否有薄杯和厚杯两种款式可选。
Jing1000086,服饰鞋履,有之前儿童袜子吗,1,该用户是在询问直播间之前展示过的儿童袜子是否还有货或能否再次上架。
Jing1000086,服饰鞋履,裙子有弹性吗,1,该用户想询问裙子的材质是否具备伸缩性以确认穿着舒适度。
Jing1000086,服饰鞋履,菲林假日再上一次菲林假日再上一次,0,该用户希望主播再次上架之前出现过的“菲林假日”这款商品。
Jing1000086,服饰鞋履,"美背,大胸能穿吗",1,该用户是在询问这款美背内衣是否适合胸部丰满的体型穿着。
Jing1000086,服饰鞋履,大胸能穿吗,1,该用户想询问这款内衣是否适合胸部较大的身材穿着。
Jing1000086,服饰鞋履,下垂的能穿吗,1,该用户是在询问这款内衣是否适合胸部下垂的体型穿着。
Jing1000086,服饰鞋履,肚子有肉会卷边吗,1,该用户是在询问产品（可能是内衣或塑身衣）是否会因为腹部有赘肉而出现卷边的情况。
Jing1000086,服饰鞋履,白色上衣还有吗,1,该用户是在询问直播间正在展示的白色上衣是否仍有库存可供购买。
Jing1000086,服饰鞋履,胸大能穿,1,该用户是在询问这款美背内衣是否适合胸部较大的体型穿着。
Jing1000086,服饰鞋履,这衣服开不[捂脸],0,该用户想询问这件衣服的领口是否开得太低，担心穿着时不够得体或舒适。
Jing1000086,服饰鞋履,美背大胸能穿吗,1,该用户是在询问这款美背内衣是否适合胸部丰满的女性穿着。
Jing1000086,服饰鞋履,小白鞋,1,该用户可能是在询问直播间是否有白色鞋子或白色鞋款的相关信息。
Jing1000086,服饰鞋履,要这上衣,1,该用户想表达的含义是：我想要购买这件上衣。
Jing1000086,服饰鞋履,缕空短袖上点,0,该用户想表达的含义是：希望主播尽快上架那款镂空设计的短袖款式。
Jing1000086,服饰鞋履,我只买到绿色,0,该用户想表达的是：自己只成功抢购到了绿色款商品，其他颜色都没买到。  （结合前文弹幕高频出现的商品咨询和抢购需求，用户可能在抱怨热门颜色缺货或手速慢，隐含对商品颜色的遗憾或对其他款的期待。）
Jing1000086,服饰鞋履,T恤上,1,该用户可能在询问直播中展示的T恤是否还有库存或能否上架购买。
Jing1000086,服饰鞋履,美背胸贴有多厚?,1,该用户想询问美背胸贴的厚度是否适合穿着舒适或满足特定需求。
Jing1000086,服饰鞋履,要这件衣服,1,该用户明确表达了想要购买当前展示的这件衣服的意愿。
Jing1000086,服饰鞋履,身上的t上吗,0,该用户是在询问主播身上穿的T恤是否会作为商品上架售卖。
Jing1000086,服饰鞋履,49.9,0,该用户可能在询问或确认某件商品的价格是否为49.9元。
Jing1000086,服饰鞋履,美背卡码拍大还是小,1,该用户是在询问美背内衣的尺码选择建议，不确定自己应该拍大一号还是小一号。
Jing1000086,服饰鞋履,"@肖***会往上跑,最好是买短款的美背",0,该用户是在建议主播推荐更适合特定身材（如胸围较大）的短款美背款式，以避免衣服上滑的不适感。
Jing1000086,服饰鞋履,裙子要拍大,0,该用户想表达的含义是：建议购买这条裙子时选择比平时大一号的尺码。
Jing1000086,服饰鞋履,裙子粘毛不,1,该用户是在询问裙子的面料是否容易吸附毛发，以评估其实用性和购买价值。
Jing1000086,服饰鞋履,这个上衣上,1,该用户想表达的含义是：询问主播身上穿的这件上衣是否会作为商品上架售卖。
Jing1000086,服饰鞋履,要这件衣服等好久了,0,该用户想表达的含义是：自己一直很期待购买这件衣服，现在终于等到它上架了。
Jing1000086,服饰鞋履,49呀,0,该用户可能是在确认或感叹当前展示商品的价格为49元。
Jing1000086,服饰鞋履,身上衣服上下,0,该用户想询问主播身上穿的上衣和裤子是否会作为商品上架售卖。
Jing1000086,服饰鞋履,胸垫厚度多少啊,1,该用户是在询问产品（可能是美背或上衣）内置胸垫的具体厚度，以判断是否适合自己的穿着需求。
Jing1000086,服饰鞋履,我钱包要空了,0,该用户想表达的含义是：直播间里的商品太吸引人，自己忍不住想买很多，快控制不住消费了。
Jing1000086,服饰鞋履,"美背,胸大能穿不",1,该用户是在询问这款美背款式的内衣是否适合胸部较大的身材穿着。
Jing1000086,服饰鞋履,身上裙子看一下,1,该用户想表达的含义是：询问主播展示身上穿的裙子是否会上架售卖。
Jing1000086,服饰鞋履,"欣姐,想死你了",0,该用户是在热情地向主播表达喜爱和期待，希望通过亲切的打招呼方式引起主播注意，为后续可能的购物咨询或互动铺垫。
Jing1000086,服饰鞋履,你身上这款有吗,1,该用户是在询问主播身上穿的同款服装是否在售。
Jing1000086,服饰鞋履,试一下19号连衣裙,1,该用户想表达的含义是：询问19号连衣裙是否可以试穿或购买。
Jing1000086,服饰鞋履,还有什么套装吗,1,该用户想询问直播间是否还有其他未展示的服装搭配组合可供选择。
Jing1000086,服饰鞋履,"美背,胸大可以穿吗",1,该用户是在询问这款美背内衣是否适合胸部较大的身材穿着。
Jing1000086,服饰鞋履,裙子卡码怎么拍,1,该用户是在询问裙子尺码偏小的情况下应该如何选择合适的尺码下单。
Jing1000086,服饰鞋履,上衣服衣服,1,该用户急切地催促主播展示或上架当前身穿的同款上衣。
Jing1000086,服饰鞋履,上衣有吗?,1,该用户是在询问主播身上展示的上衣款式是否有库存或是否在售。
Jing1000086,服饰鞋履,身上t,1,该用户想表达的含义是：询问主播身上穿的T恤是否有售或相关信息。
Jing1000086,服饰鞋履,上衣再给上点吗,0,该用户是在询问主播是否还会补货或重新上架刚才提到的上衣款式。
Jing1000086,服饰鞋履,听到了,0,该用户想表达的含义是：听清楚或确认了主播关于某件商品的介绍。
Jing1000086,服饰鞋履,好消息开心[比心],0,该用户可能因听到主播宣布优惠信息或上新消息而感到兴奋，表达了对直播内容的积极情绪和潜在购买意愿。
Jing1000086,服饰鞋履,群里早知道了[捂脸],0,该用户想表达的含义是：群里早就讨论过这款产品了（所以对直播内容并不感到新鲜）。
Jing1000086,服饰鞋履,我刚收到,0,该用户想表达的含义是：我刚收到之前下单的直播商品。
Jing1000086,服饰鞋履,身上的t,1,该用户想询问主播身上穿的T恤是否有货或能否展示详情。
Jing1000086,服饰鞋履,什么时候,0,该用户想询问主播当前展示或提到的商品何时会上架或开售。
Jing1000086,服饰鞋履,之前买的199三盒[捂脸],0,该用户是在对比之前购买的价格与当前直播间的优惠力度，表达对之前买贵了的无奈和调侃。
Jing1000086,服饰鞋履,刚买了3盒[捂脸],0,该用户想表达的含义是：自己已经下单购买了同款产品，且数量较多，略带调侃地表示消费冲动。
Jing1000086,服饰鞋履,有儿童袜子吗?,1,该用户是在询问直播间是否有售卖适合儿童的袜子产品。
Jing1000086,服饰鞋履,多少号?,0,该用户想询问主播正在介绍或展示的商品的具体货号或款式编号。
Jing1000086,服饰鞋履,美背卡玛怎么拍,1,该用户是在询问主播展示的“美背卡玛”款式的具体购买方式或下单流程。
Jing1000086,服饰鞋履,啥时候?,0,该用户想询问当前展示的商品或活动具体何时开始或上架。
Jing1000086,服饰鞋履,199买的三盒,0,该用户想表达的含义是：之前以199元的价格购买了三盒产品，现在可能是在分享购买经历或询问相关优惠信息。
Jing1000086,服饰鞋履,裙子什么面料,1,该用户想询问裙子的材质细节以评估是否值得购买。
Jing1000086,服饰鞋履,哪天啊,0,该用户想询问直播中提到的某个活动或商品的具体日期。
Jing1000086,服饰鞋履,哪天拍,0,该用户想询问商品的具体开售或上架日期以便及时购买。
Jing1000086,服饰鞋履,哪天搞活动,0,该用户想询问商品促销活动的具体举办时间，表现出对优惠价格的关注和潜在的购买意向。
Jing1000086,服饰鞋履,23和24能穿下吗,1,该用户是在询问商品尺码为23和24号是否适合自己的身材或穿着需求。
Jing1000086,服饰鞋履,哪天的活动?,0,该用户是在询问促销活动的具体举办日期。
Jing1000086,服饰鞋履,30号,0,该用户想询问具体活动或商品上架的日期是30号吗。
Jing1000086,服饰鞋履,"刚收到的,还没拆",0,该用户想表达的含义是：自己已经下单购买了商品但还未拆封使用。
Jing1000086,服饰鞋履,哪天播,0,该用户想询问下一次直播活动的具体日期。
Jing1000086,服饰鞋履,[比心][OK][OK]又抢不到了,0,该用户想表达的是：虽然很想抢购商品，但又一次因为手速或库存不足而没能成功购买，感到遗憾和无奈。
Jing1000086,服饰鞋履,卡玛怎么拍,1,该用户想询问购买卡玛产品的具体下单方式或购买链接。
Jing1000086,服饰鞋履,要套装,1,该用户想表达的是对直播中提到的某款套装产品有明确的购买意向。
Jing1000086,服饰鞋履,身上的衣服有吗,1,该用户是在询问主播身上穿的同款服装是否在售。
Jing1000086,服饰鞋履,"几号,再说一次",0,该用户是在询问直播中提到的促销活动或商品上架的具体日期，希望主播能重复说明以便确认。
Jing1000086,服饰鞋履,30号[鼓掌][鼓掌][鼓掌][鼓掌][鼓掌],0,该用户想表达的含义是：确认并兴奋地期待30号的活动。
Jing1000086,服饰鞋履,我还以为今天就有呢,0,该用户因误以为当天能购买到商品而感到失望，表达了对活动时间安排的理解偏差。
Jing1000086,服饰鞋履,今晚上,0,该用户想询问直播中提到的促销活动具体是在当晚进行还是其他时间。
Jing1000086,服饰鞋履,沐浴露[比心],1,该用户可能是在询问或确认直播中提到的沐浴露产品信息，并表达对产品的兴趣或好感。
Jing1000086,服饰鞋履,几点开,0,该用户想询问直播活动的具体开始时间。
Jing1000086,服饰鞋履,几点开播,0,该用户想询问直播的具体开始时间以便准时观看参与。
Jing1000086,服饰鞋履,30号晚上?,0,该用户是在询问活动或商品是否会在30号晚上进行或上架。
Jing1000086,服饰鞋履,多少号,0,该用户想询问直播中提到的活动或商品的具体日期。
Jing1000086,服饰鞋履,30号?,0,该用户是在询问或确认商品活动或直播的具体日期是否为30号。
Jing1000086,服饰鞋履,几号????,0,该用户是在询问直播中提到的某个活动或商品的具体日期。
Jing1000086,服饰鞋履,什么时候有唇膏,1,该用户是在询问唇膏产品的具体上架或促销时间。
Jing1000086,服饰鞋履,几点播,0,该用户想询问直播的具体开始时间。
Jing1000086,服饰鞋履,大胸能穿吗,1,该用户是在询问某件服装款式是否适合胸部较大的身材穿着。
Jing1000086,服饰鞋履,"只是面膜,没有面霜吗",1,该用户可能是在询问直播间的产品种类，表达对当前展示的面膜不太感兴趣，更希望了解或购买面霜类产品。
Jing1000086,服饰鞋履,30号晚上播吗,0,该用户是在确认主播是否会在30号晚上进行直播。
Jing1000086,服饰鞋履,身上衣服要,1,该用户可能是在询问主播身上穿的同款衣服是否有货或如何购买。
Jing1000086,服饰鞋履,面膜搓泥是啥原因,0,该用户可能对面膜的使用效果产生疑问，想了解产品出现搓泥现象的具体原因，以此判断是否值得购买。
Jing1000086,服饰鞋履,身上的衣服,1,该用户想询问主播身上穿的衣服是否有售卖。
Jing1000086,服饰鞋履,199几盒?,0,该用户想询问商品的具体价格和数量组合，比如“199元可以买几盒产品”。
Jing1000086,服饰鞋履,"几点,????",0,该用户想询问直播的具体开始时间，表达了对直播内容的关注和急切想知道开播时间的心理。
Jing1000086,服饰鞋履,几点?,0,该用户是在询问直播的具体开始时间。
Jing1000086,服饰鞋履,今天就卖呗,0,该用户希望主播立即开始销售商品，而非等到原定的30号晚上。
Jing1000086,服饰鞋履,女装第一名,0,该用户可能是想询问或确认直播间展示的女装是否是当前销量榜首的商品。
Jing1000086,服饰鞋履,30号晚上,0,该用户想确认直播是否会在30号晚上进行。
Jing1000086,服饰鞋履,几点上,0,该用户想询问直播中某个特定商品或活动的具体开售时间。
Jing1000086,服饰鞋履,身上衣服有吗,1,该用户是在询问主播身上穿的同款服装是否有售。
Jing1000086,服饰鞋履,美背大胸会比较下垂,0,该用户可能在询问或担忧这款内衣对大胸身材的支撑效果是否足够，担心穿着后会出现胸部下垂的问题。
Jing1000086,服饰鞋履,几点啊?,0,该用户想询问直播中提到的商品或活动具体在几点开始或进行。
Jing1000086,服饰鞋履,唇膏什么时候有,1,该用户是在询问唇膏产品的具体上架或开售时间，表现出明确的购买意向和急切等待的心情。
Jing1000086,服饰鞋履,身上t身上t身上t身上t,1,该用户想表达的含义是：询问主播身上穿的T恤是否有售卖。
Jing1000086,服饰鞋履,身上的上衣,1,该用户想询问主播身上穿的上衣是否在售或能否购买。
Jing1000086,服饰鞋履,要几点,0,该用户想询问直播中某个商品或活动开始的具体时间。
Jing1000086,服饰鞋履,身上的衣服还有吗,1,该用户想询问主播身上穿的同款服装是否还有库存可供购买。
Jing1000086,服饰鞋履,变色润唇膏有吗,1,该用户是在询问直播间是否有变色润唇膏这款产品可供购买。
Jing1000086,服饰鞋履,有没有牛仔裤小脚的[呲牙],1,该用户是在询问直播间是否有售卖小脚款式的牛仔裤，并表现出对该款式的兴趣和购买意向。
Jing1000086,服饰鞋履,大胸能穿不,1,该用户是在询问直播展示的服装款式是否适合胸部丰满的体型。
Jing1000086,服饰鞋履,30号几点,0,该用户想询问30号当天商品开售的具体时间。
Jing1000086,服饰鞋履,8号链接讲解一下,1,该用户希望主播详细介绍8号链接商品的具体信息或功能。
Jing1000086,服饰鞋履,美背大胸能穿吗,1,该用户是在询问这款美背内衣是否适合胸部丰满的女性穿着，担心支撑性和舒适度的问题。
Jing1000086,服饰鞋履,卸妆油有活动吗?,1,该用户是在询问卸妆油是否有促销优惠或折扣活动。
Jing1000086,服饰鞋履,美背大胸能穿吗?,1,该用户想询问这款美背款式的内衣是否适合胸部丰满的女性穿着。
Jing1000086,服饰鞋履,上了没,0,该用户是在询问直播中提到的某款商品是否已经上架或开始售卖。
Jing1000086,服饰鞋履,衣服衣服,1,该用户可能在急切询问主播身上穿的同款衣服是否售卖或何时上架。
Jing1000086,服饰鞋履,唇膏什么时候有?,1,该用户想询问直播中提到的唇膏产品何时会开始售卖或介绍。
Jing1000086,服饰鞋履,安全裤有吗,1,该用户想询问直播间是否售卖安全裤这一商品。
Jing1000086,服饰鞋履,今晚上呗,0,该用户可能在催促主播尽快上架或展示某款商品。
Jing1000086,服饰鞋履,托爱你的福,0,该用户想表达的含义是：感谢主播的推荐或解答，自己因此对某件商品产生了兴趣或决定购买。
Jing1000086,服饰鞋履,上衣有吗,1,该用户想询问直播间是否售卖主播身上穿的同款上衣。
Jing1000086,服饰鞋履,"欣姐,17号裤子是什么面料",1,该用户想询问主播关于17号裤子材质的具体信息，以便判断是否符合自己的购买需求。
Jing1000086,服饰鞋履,身上衣服,1,该用户想询问主播身上穿的同款衣服是否还有库存或能否购买。
Jing1000086,服饰鞋履,晚上几点,0,该用户想询问直播中提到的某件商品或活动的具体开始时间。
Jing1000086,服饰鞋履,30号几点上,0,该用户是在询问30号商品的具体上架时间。
Jing1000086,服饰鞋履,烫砖牛仔,1,该用户可能在询问直播间是否有“烫砖工艺的牛仔裤”在售。
Jing1000086,服饰鞋履,美背是厚的吗,1,该用户想询问这款美背内衣的背部设计是否足够厚实或提供足够的支撑。
Jing1000086,服饰鞋履,生日会包包上一波欣欣子,0,该用户希望主播在生日会环节再次上架之前提到的“欣欣子”款式包包。
Jing1000086,服饰鞋履,几点哦,0,该用户想询问直播中某个商品或活动的具体开始时间。
Jing1000086,服饰鞋履,"胸大,美背可以穿吗",1,该用户想询问某款美背款式的内衣是否适合胸部较大的身材穿着。
Jing1000086,服饰鞋履,什么时候出小脚裤牛仔的,1,该用户是在询问直播间是否会上架小尺码的牛仔紧身裤款式。
Jing1000086,服饰鞋履,哈哈哈哈,0,该用户可能被直播间的互动氛围或主播的幽默表现逗乐，用笑声表达轻松愉悦的情绪，但并未直接表现出对商品的购买兴趣。
Jing1000086,服饰鞋履,身上的衣服开了没,0,该用户是在询问主播身上穿的同款服装是否已经上架售卖。
Jing1000086,服饰鞋履,有连体裙吗,1,该用户是在询问直播间是否会上架连体款式的裙装商品。
Jing1000086,服饰鞋履,现货吗面膜,1,该用户是在询问面膜是否为现成库存、能否立即发货。
Jing1000086,服饰鞋履,今天你身上穿的一身白的私服有吗,1,该用户是在询问主播身上穿的白色私服是否在直播间有售。
Jing1000086,服饰鞋履,什么时候上面膜?,1,该用户是在询问面膜产品的上架时间，表现出明确的购买意向和期待。
Jing1000086,服饰鞋履,刚穿的那件不上,0,该用户想表达的含义是：刚才展示的那件衣服为什么不拿出来售卖。
Jing1000086,服饰鞋履,碎花连衣裙今天上吗,0,该用户是在询问主播今天是否会售卖碎花连衣裙这款商品。
Jing1000086,服饰鞋履,刚才t,1,该用户可能是想询问主播刚才提到的某件商品或话题的更多信息，但输入未完成。
Jing1000086,服饰鞋履,什么搞活动,0,该用户想询问当前直播间是否有促销活动或优惠商品。
Jing1000086,服饰鞋履,"大胸不友好,我是C,36",0,该用户想表达的含义是：这款美背内衣可能不适合胸部较大的女性，因为自己是C罩杯36码的体型。
Jing1000086,服饰鞋履,好消息,0,该用户可能在表达对直播中刚宣布的促销活动或上新信息的积极反应，暗示自己感兴趣或准备参与购买。
Jing1000086,服饰鞋履,什么时候,0,该用户可能在询问某款商品的具体上架或开售时间。
Jing1000086,服饰鞋履,鞋子还上吗,0,该用户是在询问直播中提到的某款鞋子是否会再次上架或补货。
Jing1000086,服饰鞋履,美背大胸可以穿吗[玫瑰][玫瑰][玫瑰],1,该用户想询问这款美背款式的内衣是否适合胸部较大的身材穿着。
Jing1000086,服饰鞋履,特好消息[比心][比心][比心][比心][比心],0,该用户想表达的含义是：对主播宣布的促销活动或新品上架感到非常兴奋和期待。
Jing1000086,服饰鞋履,欣姐你用的什么洗发水啊,0,该用户想表达的含义是：询问主播使用的洗发水品牌或产品信息，可能有意向购买同款。
Jing1000086,服饰鞋履,刚穿的白t有吗???,1,该用户是在询问主播刚才展示的白色T恤是否有现货或是否会售卖。
Jing1000086,服饰鞋履,当然算,0,该用户可能是在肯定主播对某件商品是否适合特定人群（如大胸或美背）或是否参与活动的询问，表达认同或确认的态度。
Jing1000086,服饰鞋履,30号晚上八点吗,0,该用户可能在询问直播中提到的某个商品或活动的具体上架时间是否在30号晚上八点。
Jing1000086,服饰鞋履,"我知道了,30号坐等",0,该用户表示已经知晓商品将在30号发售，并表达了对该时间点的期待和购买意愿。
Jing1000086,服饰鞋履,说啥了?刚进来,0,该用户刚进入直播间，因错过前面讨论的内容而询问当前正在介绍的商品或活动信息。
Jing1000086,服饰鞋履,有连衣裙吗?,1,该用户是在询问直播间是否会上架或展示连衣裙款式，表达了对这类商品的潜在购买兴趣。
Jing1000086,服饰鞋履,欣姐提臀有吗,1,该用户是在询问主播“欣姐”身上穿的提臀款裤子是否有货或是否会售卖。  （解析：结合前文弹幕多为询问主播穿搭单品是否售卖，且“欣姐”是主播昵称，“提臀”可能指裤子或下装的款式功能，语境偏向商品咨询而非其他意图。）
Jing1000086,服饰鞋履,什么消息?,0,该用户可能是刚进入直播间，对主播提到的某个促销活动或产品信息感到困惑，想询问具体内容。
Jing1000086,服饰鞋履,上点夏款,1,该用户希望主播尽快展示或上新夏季款式的服装商品。
Jing1000086,服饰鞋履,刚买了三箱[捂脸][捂脸],0,该用户想表达的含义是：自己已经下单购买了直播间的推荐商品，并用表情符号表达了一种既兴奋又略带调侃的复杂心情。
Jing1000086,服饰鞋履,刚刚身上t身上t身上t身上t,1,该用户可能在急切询问主播身上穿的白色T恤是否还有库存或会上架售卖。
Jing1000086,服饰鞋履,大胸能穿吗,1,该用户是在询问某款服装是否适合胸部较大的身材穿着。
Jing1000086,服饰鞋履,安全裤,1,该用户可能在询问直播间是否有安全裤这款产品，或是关心安全裤的款式、适用性等相关信息。
Jing1000086,服饰鞋履,我前几天刚买三盒面膜[捂脸],0,该用户想表达的含义是：虽然对产品感兴趣但近期已购买同类商品，暂时不需要再买。
Jing1000086,服饰鞋履,想要小脚裤,1,该用户是在询问直播间是否有小脚裤款式并表达购买意向。
Jing1000086,服饰鞋履,"什么消息,才进来",0,该用户想表达的是：我刚进入直播间没听到前面的内容，现在在询问刚才公布了什么重要信息。
