live_id,species,content,label,background
achun1999,美容护肤,生日礼物,0,该用户可能在询问是否有适合作为生日礼物的商品推荐。
achun1999,美容护肤,还要控油乳和泥膜,1,该用户想表达自己除了之前提到的生日礼物外，还想购买控油乳和泥膜这两样商品。
achun1999,美容护肤,"此生Z大场,机制仅一次",0,用户想表达这次直播的优惠力度空前且限时，暗示自己有意抓住这次难得的机会购买。
achun1999,美容护肤,怎么用能不能说说,1,该用户想询问产品的具体使用方法或操作步骤。
achun1999,美容护肤,我要破产了,0,该用户想表达自己因直播间优惠力度大而忍不住想疯狂购物的冲动。
achun1999,美容护肤,泥膜啊,1,该用户是在询问或确认当前直播中提到的泥膜产品信息。
achun1999,美容护肤,怎么用啊,1,该用户想询问产品的具体使用方法。
achun1999,美容护肤,洗面奶,1,该用户可能是想询问或确认直播间是否有洗面奶产品，或表达对洗面奶的购买兴趣。
achun1999,美容护肤,敏感肌能用吗,1,该用户是在询问产品是否适合敏感肌肤使用，以确认是否满足自己的护肤需求。
achun1999,美容护肤,晚上使用后还涂抹霜之类的吗,1,该用户想询问晚间护肤步骤中是否需要在使用产品后额外涂抹面霜。
achun1999,美容护肤,什么时候上洗面奶?,1,该用户急切询问洗面奶产品的上架时间，表现出明确的购买意向和需求。
achun1999,美容护肤,在线等泥膜,1,该用户急切地询问泥膜产品何时上架或开售，表现出明确的购买意向。
achun1999,美容护肤,这是啥?,1,该用户可能在询问当前直播展示的产品名称或具体功能。
achun1999,美容护肤,讲讲防晒,1,该用户希望主播详细介绍防晒产品的功效、使用方法或适用场景。
achun1999,美容护肤,怎么用说说,1,该用户想询问产品的具体使用方法或操作步骤。
achun1999,美容护肤,送我手镯手镯.纯妈威武,1,该用户可能在以轻松调侃的方式表达对主播（“纯妈”）的喜爱和支持，同时暗示希望被抽中获赠手镯福利。
achun1999,美容护肤,上完用擦面霜吗,1,该用户想询问使用完当前推荐的产品后是否需要再涂抹面霜进行后续护肤。
achun1999,美容护肤,祛疤的有吗,1,该用户想询问直播间是否有祛疤类产品在售。
achun1999,美容护肤,怎么用?,1,该用户想询问产品的具体使用方法或操作步骤。
achun1999,美容护肤,洗发水,1,该用户可能在询问洗发水的相关信息或表达对洗发水产品的购买兴趣。
achun1999,美容护肤,已拍加急,0,该用户想表达的含义是：我已经下单并选择了加急配送服务。
achun1999,美容护肤,生日礼物,0,该用户可能在询问直播间是否有适合作为生日礼物的商品推荐。
achun1999,美容护肤,"下午好啊,我",0,该用户可能是在打招呼的同时暗示自己刚进入直播间，想了解当前正在讲解的产品或活动信息。
achun1999,美容护肤,用在哪一步,1,该用户是在询问主播介绍的产品具体使用在护肤流程中的哪个步骤。
achun1999,美容护肤,洗面奶开,1,该用户是在催促主播尽快介绍或上架洗面奶产品。
achun1999,美容护肤,用法呢,1,该用户想询问产品的具体使用方法或步骤。
achun1999,美容护肤,上面膜,1,该用户想表达的含义是：催促主播尽快展示或介绍面膜产品。
achun1999,美容护肤,没有了,1,该用户想表达的含义是：商品已经售罄或错过了购买机会。
achun1999,美容护肤,洗面奶,1,该用户可能是在询问直播间是否会上架或介绍洗面奶产品，或是想了解当前正在讲解的洗面奶相关信息。
achun1999,美容护肤,黑鼻头用哪个,1,该用户是在询问直播间推荐的产品中哪一款适合解决黑头问题。
achun1999,美容护肤,有熬夜用的东西吗,1,该用户可能在询问直播间是否有适合夜间使用或提神醒脑的产品。
achun1999,美容护肤,这个是以前的小蓝瓶对吧?,1,该用户是在确认直播中展示的产品是否为之前熟悉的某个被称为“小蓝瓶”的商品。
achun1999,美容护肤,蛋黄油面霜,1,该用户可能是在询问或确认直播间正在介绍的蛋黄油面霜产品的相关信息，表达了对这款面霜的兴趣或购买意向。
achun1999,美容护肤,开洗面奶,1,该用户是在催促主播尽快上架或详细介绍洗面奶这款产品。
achun1999,美容护肤,用在哪个步骤,1,该用户想询问当前介绍的产品在护肤或使用流程中的具体使用顺序或步骤。
achun1999,美容护肤,有男孩子么啊啊啊啊啊生日礼物,1,该用户可能在询问直播间是否有适合送给男生的生日礼物推荐。
achun1999,美容护肤,生日礼物,0,该用户可能在询问直播间是否有适合作为生日礼物的产品推荐。
achun1999,美容护肤,"全部产品都买了,使用顺序说一下呗",1,该用户想表达的是对产品的高度认可和购买意愿，同时希望了解详细的使用步骤以便正确体验全套产品。
achun1999,美容护肤,生日礼物生日礼物,0,该用户可能在询问或暗示主播推荐适合作为生日礼物的产品。
achun1999,美容护肤,生日礼物生日礼物生日礼物,0,该用户可能在急切地询问或提醒主播推荐适合作为生日礼物的产品。
achun1999,美容护肤,机制仅此一次,0,该用户想表达的含义是：这次促销的优惠机制是限时独有的，以后不会再有了。
achun1999,美容护肤,精油皂,1,该用户可能在询问直播间是否有精油皂产品，或是想了解关于精油皂的使用方法和功效。
achun1999,美容护肤,面膜面膜面膜面膜,1,该用户急切地询问或催促主播介绍面膜产品的相关信息或上架链接。
achun1999,美容护肤,抢到了,0,该用户想表达的含义是：成功下单购买了心仪的商品。
achun1999,美容护肤,有没有防脱或者治疗脱发的啊,1,该用户是在询问直播间是否有针对脱发问题的产品或解决方案，表现出对相关商品的潜在购买需求。
achun1999,美容护肤,下一个品,0,该用户是在催促主播尽快介绍或上架下一款产品。
achun1999,美容护肤,玫瑰次抛啥时候啊,1,该用户是在询问玫瑰次抛产品（可能是精华或护肤品）的上架或讲解时间，表现出对该产品的兴趣和购买意向。
achun1999,美容护肤,好用吗,1,该用户想询问当前直播展示的产品实际使用效果如何，以评估是否值得购买。
achun1999,美容护肤,这么好,0,该用户想表达的含义是：对当前直播推荐的产品感到非常满意或认可。
achun1999,美容护肤,洗面用的吗,1,该用户是在询问当前直播展示的产品是否属于洁面类护肤品。
achun1999,美容护肤,冰莲面膜,1,该用户可能是在询问或催促主播介绍或上架“冰莲面膜”这款产品。
achun1999,美容护肤,我要再中奖,0,该用户希望再次获得直播间的抽奖或福利机会。
achun1999,美容护肤,有这么好吗,0,该用户对产品效果的真实性存疑，想确认宣传的优越性是否属实。
achun1999,美容护肤,精华精华[色],1,该用户想表达的含义是：对精华产品表现出强烈的兴趣和喜爱。
achun1999,美容护肤,黑玫瑰精油今天有吗,1,该用户是在询问直播间是否会上架黑玫瑰精油产品，表现出对该商品的购买兴趣和需求。
achun1999,美容护肤,洗发水,1,该用户可能是在询问直播间是否有洗发水产品，或对当前展示的洗发水产品感兴趣。
achun1999,美容护肤,生日礼物生日礼物,0,该用户可能在询问或暗示主播推荐适合作为生日礼物的产品。
achun1999,美容护肤,胶原刀胶原刀胶原刀生日礼物,1,该用户想表达的含义是：想购买胶原刀作为生日礼物。
achun1999,美容护肤,主播积分有啥用,0,该用户是在询问主播提到的积分具体能兑换什么福利或商品。
achun1999,美容护肤,黑玫瑰,1,该用户是在询问或确认直播间是否正在介绍或即将推出黑玫瑰系列的产品。
achun1999,美容护肤,蛋黄霜,1,该用户可能在询问或催促主播介绍或上架名为“蛋黄霜”的产品。
achun1999,美容护肤,蛋黄油面霜,1,该用户是在询问或提及直播间正在讨论的“蛋黄油面霜”产品，可能对其功效或购买方式感兴趣。
achun1999,美容护肤,洗面奶洗面奶洗面奶洗面奶洗面奶洗面奶洗面奶洗面奶洗面奶洗面奶洗面奶洗面奶洗面奶洗面奶洗面奶洗面奶洗面,1,该用户可能是在急切询问或催促主播介绍洗面奶产品，或是通过刷屏表达对洗面奶的强烈兴趣和购买意愿。
achun1999,美容护肤,"@小虫子2西藏,部分偏远地区可以联系商家客服哦",0,该用户是在提醒其他观众，如果身处偏远地区（如西藏）想购买商品，可以主动联系客服确认是否支持配送。
achun1999,美容护肤,有试用吗,1,该用户想询问产品是否提供试用装或试用服务，以确认购买前的体验机会。
achun1999,美容护肤,心好痛,0,该用户可能因错过心仪商品或价格超出预期而感到遗憾和失落。
achun1999,美容护肤,今天有护发精油吗,1,该用户是在询问直播间是否会上架护发精油产品，表现出明确的购买意向或对商品的兴趣。
achun1999,美容护肤,清洁泥膜,1,该用户可能在询问直播间是否有清洁泥膜这款产品，或是想了解该产品的使用效果和特点。
achun1999,美容护肤,蛋黄油,1,该用户可能是想询问或确认直播间是否有蛋黄油相关的产品在售或推荐。
achun1999,美容护肤,玉清膏无敌,1,该用户想表达的含义是：这款玉清膏的效果非常出色，让人十分满意。
achun1999,美容护肤,洗发水,1,该用户可能是想询问或确认直播间是否有洗发水产品在售。
achun1999,美容护肤,洗发露是送的吗,1,该用户可能在询问洗发露是否为赠品或促销活动的一部分。
achun1999,美容护肤,生日礼物,0,该用户可能在询问直播间是否有适合作为生日礼物的推荐商品。
achun1999,美容护肤,面膜面膜面膜面膜面膜面膜面膜面膜面膜面膜面膜面膜面膜面膜面膜面膜面膜面膜面膜面膜面膜面膜面膜面膜面膜,1,该用户可能是在强烈表达对面膜产品的兴趣或需求，或是通过刷屏方式希望引起主播对面膜产品的注意和介绍。
achun1999,美容护肤,阿纯能不能和阿秀联合起来,0,该用户希望两位主播（阿纯和阿秀）能进行联动合作或共同推荐产品。
achun1999,美容护肤,真的太好用了,1,该用户想表达的是对当前直播中提到的某款产品（可能是蛋黄油面霜、玉清膏或洗发水等）使用效果的高度认可和强烈推荐。
achun1999,美容护肤,沐浴露,1,该用户可能在询问或关注直播间正在介绍的沐浴露产品，表达对这款商品的兴趣或希望了解其详情。
achun1999,美容护肤,"蛋黄霜上吧,要上班了[捂脸]",1,该用户是在催促主播尽快介绍或上架蛋黄霜产品，并幽默地表示自己因赶时间上班而焦急。
achun1999,美容护肤,果酸干啥用的,1,该用户想询问果酸产品的具体功效或用途。
achun1999,美容护肤,都是大人用的吗,1,该用户可能是在询问直播展示的产品是否全部针对成人群体，暗示自己或目标受众可能有儿童或青少年需求未被覆盖。
achun1999,美容护肤,可以用多久,1,该用户可能在询问产品的使用寿命或续航时间，隐含对产品耐用性的关注和潜在的购买考量。
achun1999,美容护肤,蛋黄霜蛋黄霜,1,该用户可能在催促主播尽快介绍或上架蛋黄霜产品，表达出较强的购买意愿或对该产品的急切需求。
achun1999,美容护肤,下午好,0,该用户可能是在打招呼的同时暗示自己刚进入直播间，想了解当前正在介绍或促销的产品信息。
achun1999,美容护肤,面膜面膜面膜面膜面膜面膜面膜面膜面膜面膜面膜面膜面膜面膜面膜面膜面膜面膜面膜面膜面膜,1,该用户想表达的含义是：强烈要求主播介绍或上架面膜产品。
achun1999,美容护肤,泥膜来了没,1,该用户是在询问直播间是否已经开始售卖或展示清洁泥膜产品。
achun1999,美容护肤,蛋黄霜,1,该用户可能在催促主播尽快介绍或上架“蛋黄霜”这款产品，表现出对该商品的购买兴趣和急切心情。
achun1999,美容护肤,好多好多人,0,该用户可能是在感叹直播间人气火爆，观众数量远超预期。
achun1999,美容护肤,"@小虫子2西藏,部分偏远地区可以联系商家客服哦",0,该用户是在提醒其他观众，如果身处偏远地区（如西藏）想购买商品，可以主动联系客服咨询配送事宜。
achun1999,美容护肤,生日快乐,0,该用户可能是在借生日祝福的由头暗示对直播间产品的兴趣，想了解是否有适合作为生日礼物的商品推荐。
achun1999,美容护肤,面膜面膜面膜面膜面膜面膜面膜面膜面膜面膜面膜面膜面膜面膜生日礼物,1,该用户想表达的含义是：强烈要求主播推荐或上架面膜产品作为生日礼物选项。
achun1999,美容护肤,生日礼物生日礼物生日礼物,0,该用户可能在强调自己正在寻找适合作为生日礼物的产品，并希望主播推荐相关商品或优惠信息。
achun1999,美容护肤,面霜呢,1,该用户是在询问主播何时介绍或上架面霜产品，表现出对面霜的关注和购买意向。
achun1999,美容护肤,路过看热闹,0,该用户想表达的含义是：我只是随便看看，并没有明确的购买意向。
achun1999,美容护肤,蛋黄油,1,该用户可能在询问或提及与“蛋黄霜”相关的另一款产品“蛋黄油”，表达对其功效或上架情况的兴趣。
achun1999,美容护肤,有没有纯霜链接,1,该用户是在询问主播是否有售卖纯霜这款产品的购买链接。
achun1999,美容护肤,还有啥,0,该用户想询问直播间是否还有其他未介绍的商品或促销活动。
achun1999,美容护肤,咱们可以把阿纯抢走[呲牙][呲牙][呲牙],0,该用户是在用玩笑的方式表达对主播阿纯的喜爱和支持，暗示希望主播能多与自己互动或留下来继续直播。
achun1999,美容护肤,洗面奶,1,该用户可能在询问直播间是否有洗面奶产品上架或想了解相关产品信息。
achun1999,美容护肤,双面霜,1,该用户想表达的含义是：询问主播是否会上架或介绍双面霜产品。  （结合前文语境，弹幕中频繁出现“面霜”“蛋黄霜”等护肤品类关键词，且有多条询问产品信息的弹幕，推测用户是在跟进直播节奏，主动提出对“双面霜”这一具体产品的兴趣或需求。）
achun1999,美容护肤,生日礼物生日礼物,0,该用户可能在询问或暗示主播推荐适合作为生日礼物的产品。
achun1999,美容护肤,防晒霜,1,该用户可能在询问或提醒主播介绍防晒霜产品，或是想确认直播间是否有防晒霜的促销信息。
achun1999,美容护肤,玫瑰精油,1,该用户可能在询问或暗示主播介绍玫瑰精油产品，表达对该商品的购买兴趣或需求。
achun1999,美容护肤,有没有纯面霜链接,1,该用户是在询问直播间是否提供了不含其他成分的基础款面霜的购买链接。
achun1999,美容护肤,洗发水是开了价的吗?,1,该用户可能在询问洗发水的价格是否已经公布或开始促销。
achun1999,美容护肤,主播你比西门庆还帅,0,该用户是在用夸张的调侃方式表达对主播外貌的赞赏，以此活跃气氛或引起主播注意，但并未直接表现出对商品的购买兴趣。
achun1999,美容护肤,有没有防脱或者治疗脱发的啊,1,该用户是在询问直播间是否有针对脱发问题的产品或解决方案，表现出对防脱或生发类商品的潜在购买需求。
achun1999,美容护肤,精华眼霜,1,该用户可能在询问或暗示对直播间推荐的精华眼霜产品感兴趣，希望主播介绍或提供购买链接。
achun1999,美容护肤,"8号链接,已拍,啥时候发货啊～",0,该用户想表达的含义是：已经下单购买了8号链接的商品，询问具体的发货时间。
achun1999,美容护肤,等这个等好久了,1,该用户想表达的含义是：对当前直播中出现的商品期待已久，表现出强烈的购买意愿。
achun1999,美容护肤,终于来了,0,该用户想表达的含义是：期待已久的产品终于上架了。
achun1999,美容护肤,主播太给力了!,0,该用户想表达的含义是：对主播的推荐或优惠力度感到非常满意和兴奋。
achun1999,美容护肤,见证奇迹啊,0,该用户可能是对主播展示的产品效果感到惊叹或期待产品带来显著变化。
achun1999,美容护肤,蛋黄霜,1,该用户可能是在询问或确认直播间是否有售卖“蛋黄霜”这款产品。
achun1999,美容护肤,泥膜呢,1,该用户是在询问直播间是否有售卖或介绍泥膜产品。
achun1999,美容护肤,想要水乳求讲解,1,该用户希望主播详细介绍某款水乳产品的功效或优惠信息，以便决定是否购买。
achun1999,美容护肤,护发精油护发精油,1,该用户急切询问或催促主播介绍护发精油产品的情况。
achun1999,美容护肤,我就是这样,0,该用户想表达的含义是：认同主播推荐的产品或使用方法，并表示自己也采用了同样的方式。
achun1999,美容护肤,冰莲面膜,1,该用户可能是在询问或表达对“冰莲面膜”这款产品的兴趣，希望主播介绍或提供购买链接。
achun1999,美容护肤,黄金手链,1,该用户可能是在询问或表达对直播间展示的黄金手链产品的兴趣，希望主播介绍或提供购买链接。
achun1999,美容护肤,生日快乐,0,该用户可能是在直播间氛围带动下，配合其他观众刷屏祝福主播生日快乐，或误以为当天是主播生日而跟风互动。
achun1999,美容护肤,今天有净肤哲学的面膜吗?,1,该用户是在询问直播间是否会上架或推荐某款特定面膜产品，表现出明确的购买意向和产品需求。
achun1999,美容护肤,皮肤状态,0,该用户可能在询问主播关于护肤品对改善皮肤状态的效果或推荐相关产品。
achun1999,美容护肤,蛋黄油面霜,1,该用户可能在询问或表达对蛋黄油面霜这款产品的兴趣，希望主播介绍或提供购买链接。
achun1999,美容护肤,中个奖吧生日礼物,0,该用户希望被抽中获得直播间奖品作为自己的生日礼物。
achun1999,美容护肤,1号链接,1,该用户可能在询问或表示对1号链接商品的兴趣，希望主播详细介绍或引导购买。
achun1999,美容护肤,我的天,0,该用户想表达的含义是：对当前直播中出现的产品或优惠感到惊喜和兴奋。
achun1999,美容护肤,就等这个了,0,该用户想表达的含义是：一直在等待这款产品上架，现在终于等到了。
achun1999,美容护肤,有面膜吗?,1,该用户是在询问直播间是否有面膜产品上架或介绍。
achun1999,美容护肤,生日礼物生日礼物,0,该用户可能是希望主播推荐适合作为生日礼物的产品，或是暗示自己想在直播间中奖获得生日礼物。
achun1999,美容护肤,支持主播,0,该用户想表达对主播的认可和鼓励，可能是出于对主播推荐的产品或直播内容的满意和支持。
achun1999,美容护肤,一万块没了,0,该用户想表达的含义是：自己因为直播间的优惠活动或冲动消费已经花掉了一万元。
achun1999,美容护肤,老板的助理吗?,0,该用户可能在询问主播身份或团队分工，暗示对直播内容或产品介绍的关注。
achun1999,美容护肤,生日礼物生日礼物生日礼物,0,该用户可能在暗示自己即将过生日，希望直播间能推荐或抽奖送出适合作为生日礼物的产品。
achun1999,美容护肤,男的能用吗,1,该用户可能在询问当前介绍的产品是否适合男性使用。
achun1999,美容护肤,@日富壹日护肤品不分男女哦,0,该用户想表达的含义是：护肤品的使用并不需要区分性别，男性也可以使用这款产品。
achun1999,美容护肤,羊胎素吗?,1,该用户可能在询问直播中是否在推荐或销售含有羊胎素成分的护肤品。
achun1999,美容护肤,生日快乐哦,0,该用户可能是在借生日祝福的名义暗示想要获得直播间提到的生日礼物或优惠活动。
achun1999,美容护肤,主播下午好,0,该用户可能是礼貌性问候主播，同时试探直播间互动氛围，为后续询问产品或参与活动做铺垫。
achun1999,美容护肤,中大奖了生日礼物,0,该用户想表达的含义是：希望能在直播间抽中奖品作为自己的生日礼物。
achun1999,美容护肤,生日快乐,0,该用户可能是在借生日祝福的名义暗示主播发放福利或抽奖，或是希望自己的生日能被关注以获得特殊优惠。
achun1999,美容护肤,孕妇可以用吗,1,该用户是在询问产品是否适合孕妇使用，以评估自身是否符合使用条件。
achun1999,美容护肤,你自己的脸我都没看到有多好,0,该用户可能是在质疑主播推荐产品的可信度，认为主播自身皮肤状态并不理想，因此对其推销的护肤品效果表示怀疑。
achun1999,美容护肤,生日礼物生日礼物,0,该用户可能是在直播间里看到有人提到“生日礼物”相关的内容后，产生了共鸣或需求，希望通过重复发送这条弹幕来强调自己也在寻找适合作为生日礼物的产品，或者希望主播能推荐相关商品。
achun1999,美容护肤,这么牛吗,0,该用户可能对主播介绍的产品效果感到惊讶或质疑，想进一步确认其真实性。
achun1999,美容护肤,生日快乐生日礼物,0,该用户可能是在询问或暗示主播推荐适合作为生日礼物的产品。
achun1999,美容护肤,男生可以用吗?,1,该用户是在询问产品是否适合男性使用，可能对商品有实际购买需求但不确定其适用性。
achun1999,美容护肤,生日礼物生日礼物生日礼物,0,该用户可能在强烈暗示主播推荐适合作为生日礼物的产品，或询问当前展示的商品是否适合当作生日礼物送出。
achun1999,美容护肤,@宇飞驿站护肤品不分男女哦,0,该用户是在回应之前关于护肤品适用性别的疑问，强调产品的通用性以打消潜在消费者的顾虑。
achun1999,美容护肤,老师讲的太好啦,0,该用户是在称赞主播的讲解专业且吸引人，可能对直播内容产生了较高的认可和兴趣。
achun1999,美容护肤,中大奖,0,该用户可能在参与直播间的抽奖或福利活动，并兴奋地表示自己成为了幸运获奖者。
achun1999,美容护肤,"你说这么多产品能一起用吗,多余不",0,该用户可能是在质疑产品组合使用的必要性，担心同时使用多款产品会显得冗余或效果冲突。
achun1999,美容护肤,直接开价,0,该用户想表达的含义是：别啰嗦了，直接告诉我价格吧。
achun1999,美容护肤,那么历害,0,该用户想表达的含义是：对主播介绍的产品功效感到惊讶和赞叹。
achun1999,美容护肤,蛋黄霜上上上,1,该用户是在催促主播尽快上架或介绍“蛋黄霜”这款产品，表现出明确的购买意向和急切心情。
achun1999,美容护肤,已经破产了吗,0,该用户可能是以调侃或夸张的语气询问商品是否因为抢购火爆而售罄。
achun1999,美容护肤,生日快乐,0,该用户是在参与直播间抽奖或促销活动，借由发送“生日快乐”来暗示或争取获得生日相关的赠品或优惠。
achun1999,美容护肤,质量管理先进,0,该用户可能是在询问或认可产品的质量管控水平是否达到了行业领先标准。
achun1999,美容护肤,老阿纯的皮肤是真回春了,0,该用户是在感叹主播使用的护肤品效果显著，让皮肤状态看起来年轻焕发。
achun1999,美容护肤,生日快乐啊,0,该用户是在直播间生日主题的互动氛围中，向主播或品牌方表达祝福并暗示对生日相关产品的兴趣。
achun1999,美容护肤,生日快了,0,该用户想表达的含义是：祝福主播生日快乐并暗示对生日相关产品的兴趣。
achun1999,美容护肤,生日快乐生日礼物,0,该用户可能是在直播间看到与生日相关的产品或促销活动，因此通过重复关键词“生日快乐”和“生日礼物”来表达自己对此类商品的兴趣或询问相关信息。
achun1999,美容护肤,"中一个吧,给媳妇送生日礼物",0,该用户希望通过参与直播间的抽奖活动获得产品，将其作为妻子的生日礼物。
achun1999,美容护肤,中奖绝缘体,0,该用户是在自嘲自己从未中过奖，暗示对抽奖活动感兴趣但缺乏信心。
achun1999,美容护肤,"面膜真的很好用,很有效果,谢谢分享",1,该用户想表达的含义是：对主播推荐的面膜效果表示认可和感谢。
achun1999,美容护肤,主播这款护肤品真这么好吗,1,该用户可能在质疑主播对护肤品的宣传效果，同时流露出对产品真实功效的好奇和潜在购买意向。
achun1999,美容护肤,刚好我化妆品用完了,0,该用户可能是在暗示自己需要购买新的化妆品，并借此机会关注直播中的相关产品推荐。
achun1999,美容护肤,生日礼物生日礼物生日礼物,0,该用户可能在直播间看到与生日礼物相关的产品或活动，因此通过重复弹幕来强调自己正在寻找合适的生日礼物，并可能希望主播推荐相关产品或参与抽奖。
achun1999,美容护肤,中一个,0,该用户希望自己被抽中获得直播间提供的奖品。
achun1999,美容护肤,"岁数大一点,用着正好",0,该用户认为这款产品适合年龄较大的消费者使用，恰好符合自己的需求。
achun1999,美容护肤,中个福袋回回血,0,该用户希望通过抽中福袋来弥补之前的消费支出或获得一些实惠。
achun1999,美容护肤,液态胶原刀呢,1,该用户可能在询问主播是否会上架或介绍“液态胶原刀”这款产品，表达了对该商品的兴趣或购买意向。
achun1999,美容护肤,上链接,1,该用户急切催促主播尽快上架商品以便抢购。
achun1999,美容护肤,下午好,0,该用户可能是出于礼貌打招呼或参与互动，但并未直接表达对商品的购买兴趣。
achun1999,美容护肤,生日礼物生日礼物生日礼物,0,该用户可能在强烈暗示主播上架或推荐适合作为生日礼物的产品，并表达了自己有购买意向。
achun1999,美容护肤,给力啊,0,该用户想表达的含义是：对主播推荐的产品或活动感到兴奋和认可。
achun1999,美容护肤,生日礼物生日礼物,0,该用户可能在暗示希望获得直播间推荐的某款产品作为生日礼物，或是期待主播推出与生日相关的优惠活动。
achun1999,美容护肤,下午好生日礼物,0,该用户可能在暗示主播推荐适合作为生日礼物的产品，或询问当前展示的商品是否适合当作生日礼物。
achun1999,美容护肤,清洁啥时候上生日礼物生日礼物生日礼物,1,该用户急切询问清洁产品何时上架，并多次强调想将其作为生日礼物购买。
achun1999,美容护肤,生日快乐,0,该用户可能是在参与直播间互动时借生日祝福的名义暗示对主播推荐的生日礼物类商品感兴趣，或希望借生日话题增加中奖概率。
achun1999,美容护肤,那么多,0,该用户可能是在感叹直播间里关于生日礼物的弹幕数量非常多。
achun1999,美容护肤,生日礼物生日礼物生日礼物,0,该用户可能在强烈暗示主播上架或抽奖生日礼物相关的商品，希望通过刷屏引起注意并增加中奖机会。
achun1999,美容护肤,"那男生可以用吗,30岁",1,该用户是在询问直播推荐的护肤品是否适合30岁男性使用，表现出对产品适用性的关注和潜在的购买意向。
achun1999,美容护肤,@欢影护肤品不分男女哦,0,该用户是在回应前文关于护肤品适用性的讨论，强调产品不分性别皆可使用，可能意在打消潜在消费者的顾虑或纠正性别刻板印象。
achun1999,美容护肤,孕妇能用吗,1,该用户是在询问产品是否适合孕妇使用，以确认其安全性和适用性。
achun1999,美容护肤,"哥,泥膜呢,啥时候上啊",1,该用户急切询问主播泥膜产品的上架时间，表现出明确的购买意向和期待。
achun1999,美容护肤,"超值划算,就值得购买",1,该用户认为直播间的商品性价比很高，产生了强烈的购买意愿。
achun1999,美容护肤,太给力了,0,该用户想表达的含义是：对直播间的优惠力度或产品效果感到非常满意和兴奋。
achun1999,美容护肤,下午好下午好,0,该用户可能是在打招呼的同时融入直播间的互动氛围，并无明确购买意向。
achun1999,美容护肤,生日快乐,0,该用户可能是想通过祝福主播生日来互动，同时暗示对直播间提到的“生日礼物”相关产品感兴趣。
achun1999,美容护肤,你191?,0,该用户可能在询问主播的身高是否为191厘米，可能是出于对主播个人特征的好奇或调侃。
achun1999,美容护肤,给我中,0,该用户可能是在参与直播间的抽奖或福利活动，希望自己能被选中成为幸运观众。
achun1999,美容护肤,中!!!!!!,0,该用户想表达的含义是：强烈希望自己被抽中作为幸运观众获得福利或奖品。
achun1999,美容护肤,货真价实经济实惠值得拥有生日礼物生日礼物生日礼物,1,该用户认为直播间的商品性价比高且适合作为生日礼物，表达出强烈的购买意愿和推荐意向。
achun1999,美容护肤,一天一支吗,0,该用户可能在询问产品的使用频率或推荐用量，比如“这款产品是建议每天使用一次吗”。
achun1999,美容护肤,谁中奖了,0,该用户可能在询问直播间抽奖活动的中奖结果，表现出对互动福利的关注和参与兴趣。
achun1999,美容护肤,生日礼物生日礼物,0,该用户可能在询问直播间是否有适合作为生日礼物的产品推荐或促销活动。
achun1999,美容护肤,太炸了,0,该用户想表达的含义是：直播间的活动或产品展示效果非常震撼吸引人。
achun1999,美容护肤,金子抽中我,0,该用户希望自己被选中获得直播间的抽奖福利。
achun1999,美容护肤,生日礼物生日礼物生日礼物,0,该用户可能在强烈暗示主播推荐适合作为生日礼物的产品，或是希望被抽中获取生日礼物。
achun1999,美容护肤,洗面奶上了没有,1,该用户是在询问直播间是否已经开始售卖洗面奶这款产品。
achun1999,美容护肤,中福袋,0,该用户希望自己能被抽中直播间发放的福袋福利。
achun1999,美容护肤,主播下午好,0,该用户只是在礼貌性地打招呼，并未表现出明确的购买意向。
achun1999,美容护肤,下午好生日礼物,0,该用户可能在询问主播是否有适合作为生日礼物的产品推荐，或是暗示自己需要购买生日礼物。
achun1999,美容护肤,主播优秀生日礼物,0,该用户可能是在称赞主播推荐的生日礼物很出色，并暗示自己对此感兴趣或有意购买。
achun1999,美容护肤,生日快乐,0,该用户可能是看到其他弹幕频繁提到“生日礼物”，于是跟风发送祝福以参与互动或暗示对相关产品的兴趣。
achun1999,美容护肤,这些都是阿纯的品牌吗?,1,该用户可能是在确认直播中展示的商品是否全部属于阿纯这个品牌，表现出对品牌真实性和产品来源的关注。
achun1999,美容护肤,有洗发水发膜吗,1,该用户想询问直播间是否会上架或介绍洗发水和发膜产品。
achun1999,美容护肤,有收缩毛孔的嘛,1,该用户是在询问直播间是否有能够收缩毛孔功效的产品。
achun1999,美容护肤,生日礼物生日礼物,0,该用户想表达的含义是：希望主播能推荐或展示适合作为生日礼物的商品。
achun1999,美容护肤,不宠一下小姐姐[捂脸],0,该用户想表达的含义是：虽然对主播有好感想支持，但暂时没有强烈的购买意愿，更多是出于互动和调侃的心态。
achun1999,美容护肤,啊啊啊啊啊啊啊啊吃土啦生日礼物生日礼物生日礼物,0,该用户想表达的含义是：虽然经济压力大（吃土），但仍强烈想购买直播间的商品作为生日礼物。
achun1999,美容护肤,花了好几千了[流泪][捂脸],0,该用户想表达的含义是：虽然已经消费了不少金额感到有些心疼，但对直播间的商品或活动仍然有持续参与的意愿。
achun1999,美容护肤,这个看着不错生日礼物,1,该用户可能是在直播中看到适合作为生日礼物的商品，表达出认可和潜在的购买意向。
achun1999,美容护肤,想要手链,1,该用户可能被直播间的“生日礼物”相关讨论所触动，表达出对展示商品中手链款式产生兴趣并考虑将其作为礼物购买的意向。
achun1999,美容护肤,啊啊啊啊啊啊啊受不了啦生日礼物生日礼物生日礼物,0,该用户想表达的含义是：情绪激动地强烈渴望获得直播间提到的生日礼物福利。
achun1999,美容护肤,"此生Z大场,机制仅一次",0,该用户想表达的含义是：这次直播的优惠力度空前绝后且限时独享，强烈暗示自己要抓住机会下单。
achun1999,美容护肤,福袋没显示呢,0,"该用户想表达的含义是：自己参与福袋抽奖后未在界面看到中奖结果，感到疑惑并希望得到确认。  （结合前文语境：直播间频繁提及""福袋""""抽奖""""生日礼物""等关键词，用户参与互动后因结果未即时显示而产生疑问，属于典型的活动参与反馈类诉求。）"
achun1999,美容护肤,想要洗发露,1,该用户是在询问或暗示对直播间正在介绍的洗发产品有购买意向。
achun1999,美容护肤,面霜呢,1,该用户是在询问主播何时介绍或上架面霜产品，表现出对面霜的关注和购买意向。
achun1999,美容护肤,这是医院卖的吗?,1,该用户可能在询问产品是否具有正规医疗背景或医院级别的品质保证。
achun1999,美容护肤,"在大秀家都买破产了[捂脸],没钱了",0,该用户是在调侃自己因频繁购买主播推荐的商品而花费过多，既表达了对主播带货能力的认可，又流露出无奈和自嘲的情绪。
achun1999,美容护肤,太卡了,0,该用户想表达的含义是：直播画面延迟或加载不流畅，影响了观看体验。
achun1999,美容护肤,蛋黄油,1,该用户可能在询问直播间是否有蛋黄油产品出售或对其功效感兴趣。
achun1999,美容护肤,生日礼物生日礼物,0,该用户想表达的含义是：希望主播推荐适合作为生日礼物的产品，或者暗示自己正在寻找生日礼物选项。
achun1999,美容护肤,金子抽中我,0,该用户希望自己被选中获得直播间发放的金子（可能是黄金饰品或金币等贵重奖品）。
achun1999,美容护肤,支持阿纯,0,该用户想表达的含义是：对主播阿纯表示认可和鼓励，可能暗示愿意支持其推荐的产品。
achun1999,美容护肤,主播生日快乐,0,该用户是在借生日祝福的名义暗示主播推出优惠活动或福利（如生日特惠、福袋等），以激发观众的购买欲望或参与互动。
achun1999,美容护肤,生日礼物生日礼物生日礼物,0,该用户可能是想通过重复强调“生日礼物”来暗示主播或观众自己希望收到或购买相关产品作为礼物，表达一种强烈的需求或期待情绪。
achun1999,美容护肤,"真浪费啊,看着都心疼",0,该用户可能在感叹商品价格昂贵或使用场景奢侈，从而产生惋惜情绪。
achun1999,美容护肤,非常好,0,该用户可能是在对主播展示的产品或直播内容表示高度认可和满意，暗示有较强的购买意愿。
achun1999,美容护肤,"想给老婆买,不知道怎么样",1,该用户表达的是对产品感兴趣但存在购买顾虑，想了解商品质量或使用效果是否适合作为礼物送给妻子。
achun1999,美容护肤,这是面膜?,1,该用户可能在询问主播展示的产品是否为面膜，并隐含对该产品的兴趣或确认需求。
achun1999,美容护肤,这个好神奇,0,该用户被直播展示的产品效果或功能所吸引，表现出强烈的好奇心和潜在的购买兴趣。
achun1999,美容护肤,这个东西感觉老爷们也能用呀,0,该用户可能认为产品适用性广泛，暗示自己或身边的男性群体也有潜在购买兴趣。
achun1999,美容护肤,有人用过的吗?真的有用吗,1,该用户想表达的含义是：询问产品实际效果以评估是否值得购买。
achun1999,美容护肤,"洗面奶,上",1,该用户是在催促主播尽快上架或介绍洗面奶这款产品。
achun1999,美容护肤,生日礼物生日礼物,0,该用户可能在暗示希望主播或直播间能提供适合作为生日礼物的商品推荐或优惠活动。
achun1999,美容护肤,下午好,0,该用户可能是在礼貌性打招呼的同时暗示自己刚进入直播间，尚未了解当前产品信息。
achun1999,美容护肤,洗面奶上,1,该用户是在催促主播尽快介绍或上架洗面奶产品。
achun1999,美容护肤,天泉旅游,0,该用户可能是在询问或提及直播中展示的某个与“天泉旅游”相关的产品或服务，表达了对该旅游项目的兴趣或好奇。
achun1999,美容护肤,太厉害了,0,该用户被直播中展示的产品效果或主播的演示所震撼，表达了对商品性能或使用效果的惊叹和认可。
achun1999,美容护肤,主播下午好,0,该用户可能是出于礼貌打招呼，同时暗示自己刚进入直播间并开始关注直播内容。
achun1999,美容护肤,便宜点,0,该用户希望主播能给出更优惠的价格，暗示对产品有兴趣但觉得当前价格不够划算。
achun1999,美容护肤,好神奇,0,该用户被直播中展示的产品效果所吸引，感到新奇有趣。
achun1999,美容护肤,天天用吗,0,该用户是在询问产品的使用频率，想了解是否适合日常长期使用。
achun1999,美容护肤,抢光了生日礼物生日礼物,1,该用户急切地表达想要抢购直播间推荐的生日礼物商品，但发现已经售罄的遗憾心情。
achun1999,美容护肤,好历害,0,该用户想表达的含义是：对主播展示的产品效果或表演表示惊叹和赞赏。
achun1999,美容护肤,买了这个还需要买胶原刀吗?,1,该用户可能在询问当前推荐的产品是否能替代胶原刀的功能，表达了对产品功效的对比需求和潜在的购买犹豫。
achun1999,美容护肤,敷这么长时间?,0,该用户可能是在询问产品使用时长的合理性，隐含对产品功效或使用体验的疑虑。
achun1999,美容护肤,冰箱保存吗?,1,该用户可能是在询问产品是否适合放在冰箱中保存或是否需要冷藏。
achun1999,美容护肤,生日快乐,0,该用户可能是在呼应前面关于生日礼物的讨论，暗示这款产品适合作为生日礼物购买。
achun1999,美容护肤,"哦哦,到现在都没上蛋黄油高保湿面霜?[酷拽][酷拽][酷拽][酷拽]",1,该用户想表达的含义是：对直播迟迟未推出蛋黄油高保湿面霜感到急切和不满，同时用表情符号强化了催促的情绪。
achun1999,美容护肤,我冰箱全拿来放这个生日礼物,0,该用户想表达的含义是：我打算把冰箱腾出来专门存放这款作为生日礼物的产品。  （结合前文“生日礼物”高频提及、“冰箱保存吗？”等弹幕，可推断用户对产品作为礼物的兴趣，并暗示其储存需求或产品特性需冷藏。）
achun1999,美容护肤,125片哈哈,0,该用户可能是在催促主播上架或补货125片装的产品，并带有轻松调侃的语气。
achun1999,美容护肤,有好几个品没看到机制,0,该用户想表达的含义是：有几个产品还没看到具体的优惠活动介绍。
achun1999,美容护肤,涂完用洗么,1,该用户想询问产品使用后是否需要清洗步骤。
achun1999,美容护肤,我专门买了个小冰箱[捂脸][捂脸][捂脸],0,该用户想表达的含义是：为了存放直播间推荐的产品，特意购置了专用的小冰箱。
achun1999,美容护肤,怎么保存?,1,该用户可能在询问直播中提到的产品（如护肤品或食品）应该如何正确储存（例如是否需要冷藏保存）。
achun1999,美容护肤,男的能用吗,1,该用户是在询问产品是否适合男性使用。
achun1999,美容护肤,生日快乐,0,该用户可能是看到其他观众提到生日礼物后，顺势向主播或某个特定观众表达生日祝福，并暗示对直播间内相关礼品或促销活动的兴趣。
achun1999,美容护肤,蛋黄霜,1,该用户可能在催促主播上架或介绍“蛋黄油高保湿面霜”这款产品，并暗示对此商品的关注和购买兴趣。
achun1999,美容护肤,怎么保存,1,该用户想询问产品的具体储存方法或保存条件。
achun1999,美容护肤,@恶魔波刚大人护肤品不分男女哦,0,该用户想表达的含义是：提醒其他人这款护肤品适合所有性别，无需因性别问题而犹豫购买。
achun1999,美容护肤,能不能分期付款,1,该用户对产品产生了购买意向，但希望了解是否支持分期支付的购买方式以减轻经济压力。
achun1999,美容护肤,这日子没法过了[捂脸][捂脸][捂脸][捂脸][捂脸],0,"该用户可能是在调侃或抱怨直播间商品过于抢手或价格超出预期，导致自己难以承受或抢购失败，用幽默自嘲的方式表达无奈情绪。  （结合前文语境：弹幕频繁提及""生日礼物""""抢光""""冰箱保存""等关键词，可见商品热销且需囤货，用户通过夸张表情符号强化""生活被商品支配""的戏剧效果。）"
achun1999,美容护肤,下午好,0,该用户可能是在直播中途进入时礼貌性打招呼，试图融入当前讨论护肤品使用和保存的互动氛围。
achun1999,美容护肤,再送一排吧,0,该用户希望主播能额外赠送一组产品作为促销福利。
achun1999,美容护肤,买回来怎么保存,1,该用户想了解产品的具体储存方法以确保购买后能妥善保管使用。
achun1999,美容护肤,能分期吗?,1,该用户是在询问商品是否支持分期付款的购买方式，表现出对价格敏感和潜在的购买意向。
achun1999,美容护肤,再来点,1,该用户可能是在催促主播继续展示或增加当前产品的优惠力度或赠品数量。
achun1999,美容护肤,爱你生日礼物,0,该用户想表达的是对主播推荐的产品感兴趣，并考虑将其作为生日礼物购买。
achun1999,美容护肤,"此生Z大场,机制仅一次",0,该用户想表达的含义是：这次直播的优惠力度是前所未有的，而且活动仅限这一次机会不容错过。
achun1999,美容护肤,后台回复一下今天会不会上蛋黄油?[酷拽][酷拽][酷拽][酷拽],1,该用户急切询问客服今天是否会补货蛋黄油产品，并透露出强烈的购买意向。
achun1999,美容护肤,炸!!,0,该用户可能是在惊叹或强烈赞同当前直播中展示的某个产品优惠力度或卖点。
achun1999,美容护肤,男生能用吗,1,该用户是在询问产品是否适合男性使用，可能对购买感兴趣但担心性别适配性。
achun1999,美容护肤,买一赠一桶吧,1,该用户希望商家能提供“买一件商品额外赠送一桶同类产品”的促销优惠。
achun1999,美容护肤,没有啊,0,"该用户可能是在否认或反驳前面弹幕中提到的某个产品特性或购买建议（例如针对""男生能用吗""的肯定回答），表达""并非如此""或""没有这个功能/优惠""的否定态度。"
achun1999,美容护肤,洗面奶来一波,1,"该用户希望主播能推出洗面奶的促销活动或上架相关产品。  （分析依据：结合前文弹幕中频繁出现的购买意向类提问（如""能不能分期""""买一赠一""）及产品咨询（如""男生能用吗""），当前弹幕的""来一波""是直播间常见的促销催促话术，用户通过简洁的品类名称+行动号召句式，明确表达了对洗面奶的购买需求。）"
achun1999,美容护肤,怎么用,1,该用户想询问产品的具体使用方法或操作步骤。
achun1999,美容护肤,生日礼物,0,该用户可能在询问是否有适合作为生日礼物的产品推荐或促销活动。
achun1999,美容护肤,分期买了生日礼物生日礼物虱子多了不怕痒,0,该用户想表达的含义是：虽然已经分期购买了不少生日礼物导致经济压力较大，但为了送礼还是决定再买一件。
achun1999,美容护肤,纯妈精华液啥机制,1,该用户是在询问“纯妈精华液”的具体促销规则或购买方式。
achun1999,美容护肤,面膜每次都要用?,1,该用户可能在询问面膜的使用频率是否每次护肤都需要使用，隐含对产品使用方法和性价比的考量。
achun1999,美容护肤,我们又要勒紧裤腰带了,0,该用户可能在调侃商品价格较高或促销力度不足，暗示购买后会面临经济压力。
achun1999,美容护肤,"过不下去了,工资赶不上",0,该用户可能在抱怨经济压力大，暗示当前商品价格超出自己的消费能力。
achun1999,美容护肤,十万人掉成二万,0,该用户可能是在感叹直播间观众数量从十万急剧下降到两万，暗示直播内容或促销力度未能留住观众兴趣。
achun1999,美容护肤,跟我一天生日,0,该用户可能是在暗示主播提供生日专属优惠或福利，借生日话题寻求互动或特殊待遇。
achun1999,美容护肤,保质期多久??,1,该用户是在询问产品保质期信息以评估是否值得购买。
achun1999,美容护肤,好久上面膜,1,该用户想表达的含义是：面膜产品怎么还没上架，等了好久了。
achun1999,美容护肤,我太穷了么,0,该用户可能在感叹商品价格超出自己的消费能力，同时带着自嘲和无奈的情绪暗示自己无法参与购买。
achun1999,美容护肤,怎么保存,1,该用户可能是在询问直播中展示的商品该如何存储或保养。
achun1999,美容护肤,破产了,0,该用户想表达的含义是：因为直播间商品优惠力度大导致自己忍不住消费过度，已经超出预算了。
achun1999,美容护肤,孕妇能用么,1,该用户是在询问直播中推荐的产品是否适合孕妇使用，以确认购买安全性。
achun1999,美容护肤,没链接了,1,该用户想表达的含义是：商品购买链接失效或售罄，无法下单。
achun1999,美容护肤,怎么用,1,该用户可能是在询问产品的具体使用方法或操作步骤。
achun1999,美容护肤,毛孔大,0,该用户可能在询问产品是否能改善毛孔粗大的问题，或对相关功效产生兴趣。
achun1999,美容护肤,男生难用吗,1,该用户是在询问产品是否适合男性使用或操作是否简便。
achun1999,美容护肤,大家你们先抢着我先去搬砖啦哈哈哈生日礼物生日礼物生日礼物,0,该用户想表达的含义是：虽然对直播间的商品感兴趣（尤其是作为生日礼物的选项），但暂时因现实经济压力无法参与抢购，只能无奈退出观看。
achun1999,美容护肤,没上链接吗,1,该用户可能是在询问商品购买链接是否已经开放，表达了对当前直播商品的购买兴趣或急于下单的意愿。
achun1999,美容护肤,"买了,面膜几天用一次",1,该用户想确认已购买的面膜的使用频率是否合适。
achun1999,美容护肤,"活动给力,都是好货",0,该用户认为直播间的促销活动很有吸引力，商品品质也值得信赖，表现出较强的购买意愿。
achun1999,美容护肤,太炸了,0,该用户想表达的含义是：直播间的优惠活动力度非常大，让人感到兴奋和冲动。
achun1999,美容护肤,能试用吗,1,该用户可能是在询问产品是否支持试用后再决定购买，表现出对产品效果的顾虑和谨慎的消费态度。
achun1999,美容护肤,"说实话,我现在在晓得付钱,不晓得怎么用,哈哈哈,买回来,在问,怎么用[捂脸]",0,该用户想表达的含义是：虽然现在正在付款购买商品，但还不清楚具体使用方法，打算等收到货后再咨询。
achun1999,美容护肤,生日快乐啊,0,该用户可能是在直播间氛围带动下，结合前面有人提到同天生日的弹幕，以祝福形式参与互动而非表达购买意向。
achun1999,美容护肤,生日礼物生日礼物生日礼物,0,该用户可能在暗示主播上架适合作为生日礼物的商品，或是希望获得生日相关的优惠活动。
achun1999,美容护肤,能搭配仪器一起用吗???,1,该用户想表达的含义是：询问产品是否可以配合其他设备使用。
achun1999,美容护肤,接好运啦,0,该用户可能是在凑热闹参与直播间互动，希望通过发送祝福类弹幕融入集体氛围，而非直接表达购买意向。
achun1999,美容护肤,有没有量小一点的,1,该用户可能是觉得商品规格太大，想询问是否有更小包装或更少份量的选项。
achun1999,美容护肤,没有啦,1,该用户可能在询问商品是否已经售罄或链接失效。
achun1999,美容护肤,下午好,0,该用户可能是刚进入直播间，礼貌性地打招呼以融入当前的互动氛围。
achun1999,美容护肤,给我老婆买完了,0,该用户想表达的含义是：已经为妻子下单购买了直播间的商品。
achun1999,美容护肤,卖什么好?擦脸油呢?,1,该用户可能在询问直播间当前推荐的产品类型，并具体对护肤品（如面霜类）表现出购买兴趣。
achun1999,美容护肤,记住了,0,该用户想表达的含义是：已经记下产品信息或购买方式，后续可能会考虑购买。
achun1999,美容护肤,"要冷藏,我没有冰箱[流泪][流泪]",0,该用户因产品需要冷藏但自己没有冰箱而感到遗憾和无奈，表达了对产品的兴趣但因储存条件限制而无法购买的矛盾心理。
achun1999,美容护肤,怎么用,1,该用户想询问产品的具体使用方法或操作步骤。
achun1999,美容护肤,冻起来?,1,该用户可能是在询问产品是否需要冷藏保存，并对自己没有冰箱的情况感到担忧。
achun1999,美容护肤,没有冰箱咋办,0,该用户因产品需要冷藏但自己没有冰箱，担心无法满足使用条件而犹豫是否购买。
achun1999,美容护肤,125只加5盒面膜对不,1,该用户是在确认当前促销活动是否为购买125片面膜额外赠送5盒面膜的优惠组合。
achun1999,美容护肤,面膜几片?,1,该用户想询问面膜的具体包装规格或购买数量选项。
achun1999,美容护肤,"我靠,我没有冷藏条件啊",0,该用户因产品需要冷藏而担心自己没有储存条件，表达了对购买可行性的顾虑。
achun1999,美容护肤,明白啦,0,该用户想表达的含义是：理解了产品需要冷藏的使用条件但自己无法满足。
achun1999,美容护肤,能搭配仪器一起用吗?,1,该用户想询问产品是否可以配合其他设备或工具一起使用，以确认其兼容性和使用场景。
achun1999,美容护肤,中福袋,0,该用户想参与直播间的福利抽奖活动。
achun1999,美容护肤,[比心]主播下午好,0,该用户可能是在友好问候主播的同时，暗示自己刚进入直播间并准备参与互动，但尚未明确表达具体的购买意向。
achun1999,美容护肤,生日礼物,0,该用户可能在询问直播间推荐的产品是否适合作为生日礼物，或是希望主播针对生日场景给出选购建议。
achun1999,美容护肤,支持国产,0,该用户想表达的含义是：对国产品牌表示认同并有意愿购买相关产品。
achun1999,美容护肤,什么皮肤都可以用吗,1,该用户可能在询问产品的适用范围，关心该产品是否适用于所有肤质类型。
achun1999,美容护肤,"南方的厕所都放不了,太热了夏天",0,该用户想表达的含义是：产品需要冷藏保存，但南方夏天温度太高，家中厕所也无法满足存放条件。
achun1999,美容护肤,一天一次还是两次,1,该用户可能是在询问产品的使用频率，比如询问面膜或护肤品一天需要使用几次。
achun1999,美容护肤,生日快乐,0,该用户可能是想询问主播推荐的产品是否适合作为生日礼物，或者暗示自己正在寻找生日礼物相关的购买建议。
achun1999,美容护肤,敏感肌能不能用啊,1,该用户是在询问产品是否适合敏感肌肤使用，以评估自己是否适合购买。
achun1999,美容护肤,洗面奶,1,该用户可能是在询问当前直播中是否有洗面奶产品，或对主播提到的洗面奶表现出兴趣。
achun1999,美容护肤,主播优秀,0,该用户想表达的含义是：对主播的表现感到认可和赞赏。
achun1999,美容护肤,支持主播大卖,0,该用户想表达的含义是：对主播的认可和鼓励，希望直播销售顺利。
achun1999,美容护肤,这是精华吗,1,该用户是在询问当前直播展示的产品是否为精华类护肤品。
achun1999,美容护肤,有没有全是水的套餐,1,该用户可能在询问是否有仅包含基础护肤水（如爽肤水或精华水）的简化产品组合。
achun1999,美容护肤,送冰箱吗,1,该用户是在询问直播间的促销活动是否会赠送冰箱作为福利。
achun1999,美容护肤,"精油皂,精油皂,精油皂,磨砂膏,磨砂膏,磨砂膏",1,该用户可能在急切询问或强调直播间是否售卖精油皂和磨砂膏这两款产品，并希望主播尽快回应。
achun1999,美容护肤,这算是精华吧?,1,该用户可能在确认当前介绍的产品是否属于精华类护肤品，并隐含对产品功效或使用方式的兴趣询问。
achun1999,美容护肤,主播太给力了,0,该用户想表达的含义是：对主播的推荐或促销力度感到非常满意和赞赏。
achun1999,美容护肤,中个大奖[呲牙],0,该用户是在参与直播间的抽奖互动，以轻松调侃的语气表达希望自己能被幸运抽中的愿望。
achun1999,美容护肤,生日礼物生日礼物生日礼物,0,该用户可能在暗示主播推荐适合作为生日礼物的产品，或询问当前展示的商品是否适合当作生日礼物送人。
achun1999,美容护肤,主播大气气,0,该用户想表达的含义是：称赞主播慷慨大方或福利给力。  （结合前文弹幕中频繁出现的福利相关词汇如“中福袋”“送冰箱”“中大奖”，以及类似夸赞主播的弹幕“主播太给力”，可推断“大气气”是对方言或口语化表达的模仿，核心意图是认可主播的福利发放或直播风格。）
achun1999,美容护肤,姐发糕,1,该用户可能在询问主播是否售卖或展示发糕类食品，或是用昵称调侃主播的亲切形象。
achun1999,美容护肤,洗面奶,1,该用户可能在询问主播当前介绍的产品是否是洗面奶，或是想了解关于洗面奶的具体信息。
achun1999,美容护肤,下午好,0,该用户可能是礼貌性地打招呼或表示自己刚进入直播间，试图融入当前的互动氛围。
achun1999,美容护肤,阿纯推荐的东西不错,1,该用户想表达的含义是：认可主播的推荐并对其推荐的商品有好感。
achun1999,美容护肤,保质期多久,1,该用户是在询问产品保质期，暗示对商品的实际使用期限和存放时间存在顾虑，可能正处于购买决策的考量阶段。
achun1999,美容护肤,生日礼物生日礼物生日礼物,0,该用户可能在暗示或询问直播间是否有适合作为生日礼物的产品推荐。
achun1999,美容护肤,素颜霜,1,该用户可能在询问主播展示的产品中是否有素颜霜，或对素颜霜的功能和效果产生兴趣。
achun1999,美容护肤,中奖一次吧,0,该用户希望通过参与直播间的抽奖活动获得奖品，表达了对中奖的期待和参与互动的意愿。
achun1999,美容护肤,这款不错,1,该用户认为主播当前推荐的产品品质良好，对其产生了购买兴趣。
achun1999,美容护肤,值得购买,1,该用户认为当前推荐的产品性价比高，产生了明确的购买意向。
achun1999,美容护肤,抢到了,0,该用户想表达的含义是：成功抢购到了心仪的商品。
achun1999,美容护肤,钱包有限了,0,该用户可能在委婉表达对当前商品的兴趣但因预算不足而犹豫不决。
achun1999,美容护肤,好东西呀呀,1,该用户被产品吸引，表达了对商品的认可和喜爱。
achun1999,美容护肤,好厉害,0,该用户可能是在称赞主播的演示效果或产品功能令人印象深刻。
achun1999,美容护肤,这个好吸收吗?,1,该用户是在询问产品（可能是护肤品或化妆品）的使用效果是否容易被皮肤吸收。
achun1999,美容护肤,开业大吉,0,该用户可能是在以祝福的方式表达对直播间的支持，同时暗示对新品或促销活动的期待。
achun1999,美容护肤,买破产了[捂脸],0,该用户想表达的含义是：已经购买了很多商品，花费超出了预算，感到既无奈又好笑。
achun1999,美容护肤,生日礼物生日礼物,0,该用户可能是在询问或暗示主播推荐适合作为生日礼物的商品。
achun1999,美容护肤,太炸了,0,该用户想表达的含义是：这款产品效果惊艳到让人兴奋。  （结合前文弹幕中频繁出现的“好东西”“值得购买”“好吸收”等正向反馈，以及“炸了”在直播语境中常形容产品效果或活动力度超预期，可推断用户因产品表现或优惠力度感到强烈惊喜。）
achun1999,美容护肤,不不不不不错,0,该用户想表达的含义是：这款产品确实挺好的。  （结合前文弹幕中频繁出现的正面评价和购买意向，如“不错”“值得购买”“好东西呀呀”等，可以推断用户是在附和或强调对商品的认可，语气可能带有兴奋或肯定的情绪。）
achun1999,美容护肤,天天用吗,1,该用户是在询问产品的使用频率，想了解该商品是否适合日常长期使用。
achun1999,美容护肤,你这里摆的是150个,0,该用户可能在询问或确认直播中展示的商品数量是否为150件。
achun1999,美容护肤,好东西,1,该用户是在认可直播产品的品质或价值，表达对商品的积极评价和潜在购买意向。
achun1999,美容护肤,中奖了吗,0,该用户是在询问自己是否被抽中直播间活动的奖品。
achun1999,美容护肤,便宜啊哈哈,1,该用户想表达的含义是：价格实惠让人感到惊喜和满意。
achun1999,美容护肤,主播良心,0,该用户想表达的含义是：主播推荐的产品性价比高且真诚可信。
achun1999,美容护肤,拍了4桶,0,该用户想表达的是已经下单购买了4件商品。
achun1999,美容护肤,洗发水,1,该用户可能是在询问或关注直播间正在介绍的洗发水产品信息。
achun1999,美容护肤,"你这里摆的是150个,你这里摆的是150个,你这里摆的是150个",0,该用户可能在反复确认或强调直播中展示的商品数量是否为150个，表达了对库存或促销力度的关注。
achun1999,美容护肤,保存是个大问题,0,该用户可能是在担心产品的储存条件或存放空间是否方便，暗示对商品有购买意向但存在使用顾虑。
achun1999,美容护肤,下午好,0,该用户可能是在礼貌性打招呼，同时暗示自己刚进入直播间并开始关注直播内容。
achun1999,美容护肤,洁面皂,1,该用户可能是在询问主播展示的洁面皂的具体信息或表达对这款产品的兴趣。
achun1999,美容护肤,玫瑰精油,1,该用户可能在询问或关注直播间正在介绍的玫瑰精油产品，表达了对这款商品的兴趣或想了解其详情。
achun1999,美容护肤,放冰箱太占地方了,0,用户可能是在顾虑产品体积较大，担心存放不便而犹豫是否购买。
achun1999,美容护肤,素颜霜生日礼物,1,该用户可能是想询问素颜霜是否适合作为生日礼物赠送，或暗示自己正在寻找生日礼物并看中了这款产品。
achun1999,美容护肤,买了买了,1,该用户想表达的含义是：已经决定下单购买产品了。
achun1999,美容护肤,生日礼物生日礼物生日礼物,0,该用户可能在强调自己正在寻找适合作为生日礼物的商品，并暗示对直播中提到的相关产品（如素颜霜、玫瑰精油等）有购买意向。
achun1999,美容护肤,泥膜和控油乳,1,该用户可能在询问或关注直播间正在介绍的泥膜和控油乳产品的具体信息或使用效果。
achun1999,美容护肤,控油乳有嘛,1,该用户是在询问直播间是否有售卖控油乳产品，并表现出对该商品的购买兴趣。
achun1999,美容护肤,下午好!,0,该用户可能是在友好打招呼的同时，暗示自己刚进入直播间并开始关注当前讨论的商品或促销活动。
achun1999,美容护肤,必须用面膜吗,1,该用户可能在询问面膜是否是必需品，或对产品使用频率存在疑虑，想确认是否值得购买。
achun1999,美容护肤,没有冰箱咋办,0,该用户担心产品需要冷藏保存但自己没有冰箱，犹豫是否能够购买。
achun1999,美容护肤,生日礼物生日礼物,0,该用户可能在询问或暗示主播推荐适合作为生日礼物的产品。
achun1999,美容护肤,是要放冰箱吗?,1,该用户是在询问产品是否需要冷藏保存，并隐含对储存条件的担忧。
achun1999,美容护肤,"哥,泥膜呢,啥时候上啊",1,该用户急切询问主播何时会上架泥膜产品，表现出明确的购买意向和期待。
achun1999,美容护肤,那个乳今天卖不,1,该用户想询问直播中提到的控油乳今天是否会参与售卖。
achun1999,美容护肤,直接涂的吗,1,该用户可能在询问产品是否需要额外步骤或工具才能使用，比如是否需要搭配其他物品涂抹。
achun1999,美容护肤,浮夸了[捂脸][捂脸],0,该用户可能认为主播对产品功效或使用场景的描述过于夸张，因而用表情符号表达哭笑不得的调侃态度。
achun1999,美容护肤,敷面膜的看一下效果吗???,1,该用户想询问主播是否能展示面膜使用后的实际效果，以评估是否值得购买。
achun1999,美容护肤,洗发水,1,该用户可能在询问直播间是否有洗发水产品上架或想了解洗发水的相关信息。
achun1999,美容护肤,黑玫瑰,1,该用户可能是在询问或提及直播间正在介绍的黑玫瑰系列护肤产品。
achun1999,美容护肤,一万多干没了,0,该用户可能是在感叹自己已经为直播间推荐的商品花费了一万多元，暗示自己购买力强或消费冲动较大。
achun1999,美容护肤,泥膜呢,1,该用户是在催促主播尽快介绍或上架泥膜产品，表现出明确的购买意向和急切心情。
achun1999,美容护肤,怎么用啊,1,该用户可能是在询问产品的具体使用方法或操作步骤。
achun1999,美容护肤,蛋黄油蛋黄油,1,该用户是想询问或催促主播介绍/上架“蛋黄油”这款产品。
achun1999,美容护肤,生日礼物生日礼物生日礼物,0,该用户可能在急切询问或暗示主播推荐适合作为生日礼物的产品。
achun1999,美容护肤,蛋黄面霜,1,该用户可能在询问或提及直播间正在讨论的“蛋黄面霜”产品信息，表达对该商品的兴趣或购买意向。
achun1999,美容护肤,下午好,0,该用户可能是在礼貌性问候主播或观众，同时暗示自己刚进入直播间并关注当前讨论的产品或活动。
achun1999,美容护肤,我想中奖,0,该用户可能是在参与直播间的抽奖活动，希望通过中奖获得免费或优惠的商品。
achun1999,美容护肤,面霜面霜上吗,1,该用户急切询问面霜产品是否即将上架销售。
achun1999,美容护肤,用完这个再用面膜吗?,1,该用户是在询问当前推荐的产品使用步骤是否需要搭配后续的面膜护理。
achun1999,美容护肤,洗面奶,1,该用户可能在询问主播是否会介绍或上架洗面奶产品。
achun1999,美容护肤,蛋黄油,1,该用户可能在询问或催促主播介绍/上架蛋黄油产品，或是表达对这款商品的兴趣和购买意向。
achun1999,美容护肤,洗面奶机制?????,1,该用户想询问洗面奶的促销活动或优惠机制是什么。
achun1999,美容护肤,面膜还有吗,1,该用户是在询问面膜的库存情况，表现出明确的购买意向。
achun1999,美容护肤,我要去上班了[捂脸][捂脸][捂脸],0,该用户想表达的含义是：因直播内容未能吸引自己或时间冲突，无奈选择退出直播间去处理其他事务。
achun1999,美容护肤,洗面奶吗,1,该用户是在询问当前直播中展示或讨论的产品是否为洗面奶，并可能隐含对洗面奶相关优惠或使用方式的兴趣。
achun1999,美容护肤,"@小“鱼”儿西藏,部分偏远地区可以联系商家客服哦",0,该用户是在回应其他观众关于偏远地区是否支持购买的问题，提示有需求的观众可以联系客服咨询配送事宜。
achun1999,美容护肤,控油面霜,1,该用户可能在询问或催促主播介绍/上架控油功效的面霜产品。
achun1999,美容护肤,水光乳,1,该用户可能在询问或表达对直播间提到的“水光乳”产品的兴趣，想了解其详情或购买方式。
achun1999,美容护肤,1号链接在讲解一下呗,1,该用户希望主播再次详细介绍1号链接商品的信息，可能是对产品功能或优惠机制感兴趣但之前没听清楚。
achun1999,美容护肤,"能不能让我中个手镯,好想要",0,该用户希望通过参与直播间的抽奖活动获得手镯，表达了对该商品的强烈渴望和期待中奖的迫切心情。
achun1999,美容护肤,是早上用还是晚上用?,1,该用户是在询问产品的具体使用时间段以判断是否适合自己需求。
achun1999,美容护肤,准备好了,0,该用户想表达的含义是：我已经准备好抢购或参与直播间的活动了。
achun1999,美容护肤,生日快乐,0,该用户可能是借主播生日之际互动，暗示对直播间的关注或希望获得生日相关的优惠福利。
achun1999,美容护肤,洗发水,1,该用户可能在询问或提醒主播介绍洗发水产品，或表达对洗发水的购买兴趣。
achun1999,美容护肤,想要泥膜,1,该用户表达了对直播中提到的泥膜产品有明确的购买意向或需求。
achun1999,美容护肤,你茉莉,0,该用户可能在询问或提及与“茉莉”相关的产品，比如茉莉香型的护肤品或洗护用品。
achun1999,美容护肤,1号链接,1,该用户想表达的含义是：询问或提醒主播当前正在讲解或应该切换到1号链接的商品。
achun1999,美容护肤,"确实不错,用过都说好",1,该用户是在认同产品的口碑和效果，暗示自己也有购买意向。
achun1999,美容护肤,蛋黄霜,1,该用户可能是在询问或提及直播间正在介绍的“蛋黄霜”产品，表达对其功效或购买方式的兴趣。
achun1999,美容护肤,有黑头,0,该用户可能是在询问直播间是否有针对黑头问题的护肤产品或解决方案。
achun1999,美容护肤,泥膜特别好,1,该用户是在表达对泥膜产品的认可和购买意向，可能是在回应主播介绍或他人提及的同类产品。
achun1999,美容护肤,"终于来了,阿纯",0,该用户想表达的含义是：期待已久的产品或主播终于出现了。
achun1999,美容护肤,让我锦鲤附体,0,该用户希望通过好运抽中直播间的奖品或福利。
achun1999,美容护肤,终于来了,0,该用户想表达的含义是：期待已久的商品或环节终于开始介绍了。
achun1999,美容护肤,生日礼物生日礼物,0,该用户可能在暗示主播推荐适合作为生日礼物的产品，或者希望主播注意到自己提及的“生日礼物”这一需求以便获得相关推荐。
achun1999,美容护肤,许愿中福袋,0,该用户希望通过参与福袋抽奖活动获得直播间的赠品或福利。
achun1999,美容护肤,生日礼物,1,该用户可能是在询问直播间是否有适合作为生日礼物的产品推荐，或是希望主播针对生日场景介绍相关商品。
achun1999,美容护肤,真的有,0,该用户想表达的含义是：认同主播介绍的产品确实具备所宣传的效果或优点。
achun1999,美容护肤,四号是干什么的,1,该用户可能在询问直播间正在介绍或展示的第四号商品的具体功能或用途。
achun1999,美容护肤,黑头贼难看,0,该用户可能是在抱怨黑头问题严重，暗示对直播间推荐的相关护肤产品有潜在需求。
achun1999,美容护肤,我就是油性皮肤,0,该用户是在暗示自己的肤质特点，以此询问主播推荐适合油性皮肤的产品。
achun1999,美容护肤,有黑头,0,该用户可能在表达自己存在黑头问题，暗示对直播间推荐的相关去黑头产品（如泥膜）感兴趣或希望获得解决方案。
achun1999,美容护肤,眼有纹,0,该用户可能是在询问产品是否能改善眼部细纹的问题。
achun1999,美容护肤,洗面奶,1,该用户可能是在询问或暗示对直播中提到的洗面奶产品感兴趣，想了解相关信息或购买链接。
achun1999,美容护肤,没抢到,0,该用户因错过心仪商品或促销活动而感到遗憾，表达出未能成功参与的失落情绪。
achun1999,美容护肤,生日礼物生日礼物生日礼物,0,该用户可能是在询问或暗示主播推荐适合作为生日礼物的产品。
achun1999,美容护肤,有面霜吗,1,该用户可能在询问直播间是否有售卖面霜产品，表现出对护肤品的潜在购买兴趣。
achun1999,美容护肤,"只卖,不现场上脸啊",0,该用户可能是在质疑主播为何不亲自试用产品进行演示，以增加可信度和购买吸引力。
achun1999,美容护肤,怎么一直都是这个姐姐举牌啊换个人吧,0,该用户对直播中反复出现的举牌人员感到单调乏味，希望更换展示方式以增加观看体验的新鲜感。
achun1999,美容护肤,怎么使用方法,1,该用户可能是在询问直播中提到的某款产品（如泥膜、面霜等）的具体使用步骤或注意事项。
achun1999,美容护肤,面膜有吗,1,该用户是在询问直播间是否有面膜产品出售，表现出对购买面膜的兴趣和需求。
achun1999,美容护肤,中个福袋[爱心],0,该用户希望自己能被抽中直播间发放的福利奖品。
achun1999,美容护肤,我买那么多不管让我中一个链子吗,0,该用户想表达的含义是：我已经购买了很多产品，希望这次能幸运抽中赠品链子作为回馈。
achun1999,美容护肤,中奖一次吧,0,该用户希望自己能在直播间的抽奖活动中幸运获奖。
achun1999,美容护肤,什么质地,1,该用户想询问直播中展示的商品的材质或面料详情。
achun1999,美容护肤,老板生日礼物,0,该用户可能在询问直播间是否有适合作为老板生日礼物的商品推荐。
achun1999,美容护肤,加加油,0,该用户可能是在鼓励主播或商家加大促销力度，希望推出更多优惠活动来吸引购买。
achun1999,美容护肤,生日礼物生日礼物,0,该用户可能在询问或暗示主播是否提供适合作为生日礼物的商品，或者希望主播推荐相关产品。
achun1999,美容护肤,有泪沟怎么办,0,该用户可能是在询问直播间是否有针对泪沟问题的护肤产品或解决方案，表达了对相关产品的潜在购买兴趣。
achun1999,美容护肤,主播下午好,0,该用户可能是在礼貌性地打招呼，试图引起主播注意以便后续询问产品或参与互动。
achun1999,美容护肤,泥膜嘛,1,该用户是在询问直播间是否有售卖泥膜产品。
achun1999,美容护肤,洗完脸会不会很僵硬,1,该用户是在询问使用产品后脸部是否会感到紧绷不适。
achun1999,美容护肤,中个福袋,0,该用户希望自己能被抽中直播间发放的福利奖品。
achun1999,美容护肤,"光洗干净没用呀,还得控油才行",0,该用户是在质疑当前推广的洁面产品功能单一，强调自己更看重产品的控油效果而非单纯清洁能力。
achun1999,美容护肤,干皮用行吗,1,该用户想询问这款产品是否适合干性皮肤使用。
achun1999,美容护肤,跟那个酸精华能一块用吗,1,该用户是在询问当前介绍的产品是否可以与另一款酸性精华产品同时使用，以确认搭配使用的兼容性。
achun1999,美容护肤,价钱已经开了吗?,1,该用户是在询问商品的价格是否已经公布或开始优惠活动。
achun1999,美容护肤,真的那么好用吗?,1,该用户对产品的实际效果心存疑虑，想确认宣传的功效是否属实。
achun1999,美容护肤,"平衡霜有吗,啊纯",1,该用户是在询问直播间是否有售卖“啊纯”品牌的平衡霜产品。
achun1999,美容护肤,好东西值得推荐!,0,该用户想表达的含义是：这款产品效果不错，我愿意向其他人安利。
achun1999,美容护肤,这个不错不错,0,该用户认为当前展示的产品很合心意，表达出明显的认可和潜在购买意向。
achun1999,美容护肤,这么神奇???,0,该用户对产品效果感到惊讶并产生了浓厚的兴趣。
achun1999,美容护肤,洗面奶开价了吗,1,该用户是在询问洗面奶的价格是否已经公布或开始优惠活动。
achun1999,美容护肤,"哥,这个不用讲了,上吧",1,该用户急切地表示已经对产品产生兴趣，催促主播跳过讲解直接开卖。
achun1999,美容护肤,生日礼物生日礼物,0,该用户可能在询问或暗示主播推荐适合作为生日礼物的产品。
achun1999,美容护肤,这个实惠呀,1,该用户认为当前直播中展示的商品价格划算，产生了购买意向。
achun1999,美容护肤,会不会太腻,1,该用户可能是在担心产品的使用体验过于厚重或油腻，不适合自己的肤质或偏好。
achun1999,美容护肤,买了好用,1,该用户想表达的含义是：产品效果不错，值得购买。
achun1999,美容护肤,要一个月才见效吗?,1,该用户是在询问产品见效周期是否真的需要一个月，可能对效果持续时间存在疑虑或期待更快的使用反馈。
achun1999,美容护肤,给力太给力了生日礼物,0,该用户想表达的含义是：这款产品非常适合作为生日礼物，效果令人惊喜。
achun1999,美容护肤,油痘肌,0,该用户可能是在询问产品是否适合油性且易长痘的肤质使用。
achun1999,美容护肤,一个月以后也,0,该用户想表达的含义是：想知道产品的效果是否要等一个月才能显现。
achun1999,美容护肤,让我中个奖吧,0,该用户希望通过参与直播间的抽奖活动获得赠品或优惠。
achun1999,美容护肤,感谢平台让我中个福袋,0,该用户希望通过参与直播互动获得平台福利，表达了对直播间抽奖活动的期待和参与热情。
achun1999,美容护肤,快上架吧,1,该用户急切催促主播尽快开放当前产品的购买链接。
achun1999,美容护肤,男士洗脸擦油一整套几号链接,1,该用户想询问男士护肤套装的具体购买链接编号，表现出明确的购买意向和行动需求。
achun1999,美容护肤,干皮能用吗,1,该用户想询问这款产品是否适合干性皮肤使用。
achun1999,美容护肤,好油腻的,0,该用户可能在质疑产品质地过于厚重或使用感不清爽。
achun1999,美容护肤,控油霜,1,该用户可能在询问直播间是否有适合油性皮肤的控油面霜产品。
achun1999,美容护肤,我也想中一次福袋,0,该用户希望自己也能像其他观众一样获得直播间的抽奖福利。
achun1999,美容护肤,看着不错,0,该用户可能对当前展示的产品产生了初步好感，暗示有潜在购买意向。
achun1999,美容护肤,有用过的呢,0,该用户想表达的含义是：询问是否有其他观众实际使用过该产品并分享体验。
achun1999,美容护肤,蛋黄面霜,1,该用户可能是在询问或提及一款名为“蛋黄面霜”的产品，表达对其功效或适用性的关注。
achun1999,美容护肤,让我中一次,0,该用户希望在此次直播抽奖活动中成为幸运儿以获得奖品。
achun1999,美容护肤,"感觉脸总是洗不干净,想要深层清洁的,有吗",1,该用户想表达自己因面部清洁效果不佳而希望购买一款具有深层清洁功能的洁面产品。
achun1999,美容护肤,中金子了,0,该用户想表达的含义是：希望自己能像其他观众一样幸运抽中奖品或福利。
achun1999,美容护肤,太神奇生日礼物,0,该用户认为这款产品非常适合作为生日礼物，并对其效果感到惊喜和认可。
achun1999,美容护肤,这个不错不错,0,该用户对当前展示的产品表示认可和赞赏，认为其符合自己的需求或喜好。
achun1999,美容护肤,中奖一次吧,0,该用户希望通过参与直播间的抽奖活动获得一次中奖机会。
achun1999,美容护肤,海盐洗头膏没有了吗,1,该用户是在询问直播间是否已经售罄了海盐洗头膏这款产品，并暗示自己对该商品有购买意向。
achun1999,美容护肤,这个实惠,1,该用户认为当前直播推荐的商品价格合理、性价比高，值得购买。
achun1999,美容护肤,明白了,0,该用户想表达的含义是：理解了主播介绍的产品信息或使用方式。
achun1999,美容护肤,这个给力,0,该用户想表达的含义是：这款产品看起来效果很好或价格很划算。
achun1999,美容护肤,小孩都可以?,1,该用户可能是在询问产品是否适合儿童使用或对儿童安全。
achun1999,美容护肤,感谢平台让我中个福袋,0,该用户想表达的含义是：希望自己能幸运地被抽中福袋奖品。
achun1999,美容护肤,多久用一次,1,该用户可能在询问产品的使用频率，想了解日常护理中需要多久使用一次该产品才能达到预期效果。
achun1999,美容护肤,毛孔精华液白天可以用吗?,1,该用户是在询问产品适用场景，表现出对毛孔精华液的具体使用需求，暗示潜在的购买意向。
achun1999,美容护肤,孕妇可以用吗,1,该用户是在询问产品是否适合孕妇使用，表现出对产品安全性的关注和潜在的购买意向。
achun1999,美容护肤,洗面奶来一波,1,该用户希望主播推荐或上架一款适合自己需求的洗面奶产品。
achun1999,美容护肤,花几千块了,0,该用户想表达的含义是：我已经在这个直播间消费了不少钱。
achun1999,美容护肤,看得我三十岁男人想买了,1,这名用户通过自嘲年龄的方式，表达了自己被产品效果打动而产生购买冲动的心理。
achun1999,美容护肤,感谢主播让我中个福袋,0,该用户希望通过表达感谢来增加自己中奖的几率，并暗示对直播活动的持续关注和参与意愿。
achun1999,美容护肤,太便宜了,1,该用户想表达的含义是：这款商品的价格非常划算，超出了预期。
achun1999,美容护肤,中一个吧,0,该用户希望自己能在直播间的抽奖或福利活动中被选中。
achun1999,美容护肤,生日礼物生日礼物生日礼物,0,该用户可能是看到直播间的产品或活动联想到了生日送礼场景，在强调当前商品适合作为生日礼物选购。
achun1999,美容护肤,黑屏了,0,该用户可能在提醒主播或工作人员直播画面出现故障，影响了观看体验。
achun1999,美容护肤,还有吗,1,该用户可能是在询问当前展示的商品是否还有库存或是否会继续补货。
achun1999,美容护肤,你们店在哪儿,0,该用户可能想询问实体店铺的位置以便线下购买或体验商品。
achun1999,美容护肤,"凭什么说我矮,大家不都一米多嘛",0,该用户可能在以幽默或调侃的方式反驳主播或他人对其身高的评价，试图化解尴尬或转移话题，同时暗示对当前讨论的产品缺乏直接兴趣。
achun1999,美容护肤,我想中福袋,0,该用户希望通过参与直播间的抽奖活动获得福袋奖品。
achun1999,美容护肤,真这么好用吗,1,该用户对产品效果的真实性存疑，想进一步确认产品的实际使用体验是否如宣传所说。
achun1999,美容护肤,"精油皂,精油皂",1,该用户可能是想催促主播展示或讲解精油皂产品，表达了对这款商品的兴趣和购买意向。
achun1999,美容护肤,"刚刚在忙,没买到",1,该用户因错过购买机会而感到遗憾，希望产品能再次上架或补货。
achun1999,美容护肤,有泪沟怎么办,1,该用户可能在询问直播间推荐的产品是否能有效改善泪沟问题，暗示对相关美容产品有潜在购买兴趣。
achun1999,美容护肤,19.92支,0,"该用户想表达的含义是：询问产品是否为19.9元二十支装。  （结合前文弹幕中频繁出现的价格讨论""太便宜了""、产品类目""精油皂/洗面奶""以及数量询问""还有吗""，可推断用户用数字简写形式急切询问商品规格和价格）"
achun1999,美容护肤,主播讲的什么产品,1,该用户可能是刚进入直播间，对当前正在介绍的产品感到好奇，想了解主播正在讲解的具体商品信息。
achun1999,美容护肤,生日礼物生日礼物,0,该用户可能在暗示主播推荐适合作为生日礼物的产品，或者询问当前展示的商品是否适合当作生日礼物赠送。
achun1999,美容护肤,可以上一下洗面奶吗?,1,该用户希望主播能尽快上架洗面奶这款产品进行售卖。
achun1999,美容护肤,"喜见你眉秀似山,眼拥星霜",0,该用户是在夸赞主播的外貌气质出众，表达对主播的欣赏和好感。
achun1999,美容护肤,怎么才能中奖?让我送个福袋吧,0,该用户希望参与直播间的抽奖活动，表达了对获得福袋奖品的强烈渴望。
achun1999,美容护肤,这个不错不错,0,该用户认为当前展示的商品很吸引人，表达了对产品的认可和潜在的购买意愿。
achun1999,美容护肤,这个给力,0,该用户想表达的含义是：这个产品看起来非常吸引人，让人有购买的冲动。
achun1999,美容护肤,下午好,0,该用户可能是在礼貌性地打招呼，试图融入直播间的互动氛围。
achun1999,美容护肤,"上善若水,水善利万物而不争",0,该用户可能是在用诗意的方式表达对主播或产品的赞美，暗示其品质温和滋养且不张扬。
achun1999,美容护肤,这个可以,0,该用户觉得当前展示的产品还不错，有潜在的购买意向。
achun1999,美容护肤,怎么用?,1,该用户想询问主播当前展示产品的具体使用方法或操作步骤。
achun1999,美容护肤,"天呐,你是天仙下凡吗?",0,该用户是在夸赞主播的外貌出众，表达对主播的喜爱和欣赏。
achun1999,美容护肤,太给力了感谢感谢,0,该用户想表达的含义是：对主播或产品提供的优惠或福利感到非常满意和感激。
achun1999,美容护肤,下午好!生日礼物,0,该用户可能在询问主播是否有适合作为生日礼物的产品推荐。
achun1999,美容护肤,感谢平台让我中个福袋,0,该用户想表达对抽中福袋的感激之情，并希望继续获得平台的福利机会。
achun1999,美容护肤,"今天的风啊,甚是温柔",0,该用户可能是在以诗意的方式表达对直播氛围或主播风格的喜爱，暗示自己享受当下的观看体验。
achun1999,美容护肤,感谢主播让我中个福袋,0,该用户想表达的含义是：希望主播能抽中自己获得福袋福利，并对此表示感谢和期待。
achun1999,美容护肤,生日快乐,0,该用户可能是想借生日祝福的由头暗示主播或观众关注与生日相关的产品（如生日礼物），或是单纯在参与直播间互动氛围时随性发送的友好问候。
achun1999,美容护肤,这个划算,1,该用户认为当前直播推荐的商品价格实惠、值得购买。
achun1999,美容护肤,"此生Z大场,机制仅一次.啧啧啧",0,该用户想表达的含义是：这次直播的优惠力度空前绝后，是难得一遇的抢购机会。
achun1999,美容护肤,没抢到,0,该用户想表达的含义是：对未能及时购买到心仪商品感到遗憾和失望。
achun1999,美容护肤,13岁能用吗,1,该用户可能是在询问产品是否适合青少年使用，暗示对商品功能或适用年龄的潜在购买顾虑。
achun1999,美容护肤,一周用几次这个,1,该用户想询问产品的使用频率是否适合自己日常需求。
achun1999,美容护肤,生日礼物生日礼物生日礼物,0,该用户可能在暗示主播或观众自己即将过生日，希望获得相关产品或福利作为礼物。
achun1999,美容护肤,一周用几次,1,该用户想询问产品的使用频率是否适合自己日常需求。
achun1999,美容护肤,和8号一起用可以吗,1,该用户可能在询问当前推荐的产品是否可以与直播间之前提到的8号产品搭配使用。
achun1999,美容护肤,太炸了,0,该用户想表达的含义是：这款产品效果惊艳到让人兴奋不已。
achun1999,美容护肤,14岁小朋友可以用吗,1,该用户是想询问产品是否适合青少年使用。
achun1999,美容护肤,中奖一次吧,0,该用户希望通过参与直播互动获得抽奖机会或福利。
achun1999,美容护肤,"越自律,越优秀",0,该用户可能在借励志口号间接表达对主播或产品的认可，暗示被直播内容激励而产生认同感。
achun1999,美容护肤,慕了慕了,0,该用户想表达的含义是：对直播间的产品或氛围感到羡慕和向往。
achun1999,美容护肤,纯纯好久不见啊,0,该用户可能在表达对主播的亲切问候，暗示自己是老观众或与主播有旧识，试图通过怀旧互动拉近关系。
achun1999,美容护肤,积雪草面膜孕妇可以用吗,1,该用户是在询问这款面膜的成分安全性，特别关注是否适合孕期使用，以此判断是否值得购买。
achun1999,美容护肤,生日礼物生日礼物生日礼物,0,该用户可能在强调自己需要挑选生日礼物，并希望主播推荐相关产品或优惠信息。
achun1999,美容护肤,"所谓擅长,就是日复一日",0,"该用户可能在暗示对主播或产品长期坚持的认可，通过哲理式表达传递""持续使用/关注会带来专业效果""的潜在购买动机。"
achun1999,美容护肤,一周几次,1,该用户想询问产品的使用频率建议。
achun1999,美容护肤,生日礼物生日礼物,0,该用户可能在暗示主播推荐适合作为生日礼物的产品，或者希望获得与生日相关的优惠福利。
achun1999,美容护肤,效果咋样,1,该用户是在询问产品的使用效果是否理想，表现出对产品功能的关注和潜在的购买意向。
achun1999,美容护肤,就等他了,0,该用户想表达的含义是：一直在等待当前介绍的产品/福利上线，迫不及待想要购买或参与。
achun1999,美容护肤,给力啊,0,该用户想表达的含义是：对直播间的优惠力度或产品效果感到兴奋和认可。
achun1999,美容护肤,"让助播闭嘴吧,价格说错容量说错[捂脸][捂脸][捂脸]",0,该用户对助播频繁出错感到不满，认为其不专业的介绍影响了购买决策的准确性。
achun1999,美容护肤,找一个连你素颜都很喜欢的人吧,0,该用户可能在暗示主播推荐的产品（如护肤品或化妆品）能帮助提升自信，吸引真正欣赏自然美的伴侣。
achun1999,美容护肤,用完干吗,1,该用户想询问产品的使用场景或后续用途。
achun1999,美容护肤,中奖一次吧,0,该用户希望能在直播间的抽奖活动中获得奖品，表达了一种期待和碰运气的心态。
achun1999,美容护肤,太给力了,0,该用户想表达的含义是：对直播间的优惠力度或产品效果感到非常满意和兴奋。
achun1999,美容护肤,好呀好呀好,0,该用户想表达的是对主播推荐的产品或优惠活动表示积极赞同和兴奋期待。
achun1999,美容护肤,复读机就是就是,0,该用户可能是在跟风刷屏凑热闹，并没有实质性的购买意向表达。
achun1999,美容护肤,用完这个后再用面膜吗?,1,该用户是在询问产品使用步骤，想知道是否需要在当前推荐的产品之后接着使用面膜。
achun1999,美容护肤,太棒了,0,该用户想表达的含义是：对当前直播中展示的产品或促销活动感到非常满意和兴奋。
achun1999,美容护肤,主播下午好生日礼物,0,该用户可能在询问主播是否有适合作为生日礼物的产品推荐。
achun1999,美容护肤,蛋黄油蛋黄油蛋黄油,1,该用户可能在强烈表达对蛋黄油产品的兴趣或需求，可能是想催促主播介绍/上架该商品，或是重复弹幕以参与互动争取福利。
achun1999,美容护肤,好用吗,1,该用户想询问产品的实际使用效果是否令人满意。
achun1999,美容护肤,福袋就没中过,0,该用户想表达的含义是：对直播间福袋抽奖活动屡次不中感到失望和无奈。
achun1999,美容护肤,刚才那个怎么没了,1,该用户可能是在询问之前展示的某款商品为何突然下架或停止讲解，表现出对该产品的持续关注和购买意向。
achun1999,美容护肤,真的假的啊?,0,该用户对直播中宣传的产品或优惠信息持怀疑态度，想确认其真实性。
achun1999,美容护肤,刚进来.能在说一下怎么使用吗,1,该用户想表达的含义是：刚进入直播间没听到产品使用说明，希望主播能再讲解一遍使用方法。
achun1999,美容护肤,怎么用,1,该用户想询问产品的具体使用方法或操作步骤。
achun1999,美容护肤,痘痘肌肤能用吗,1,该用户是在询问产品是否适合敏感痘痘肌使用，表达了对产品成分或功效的潜在顾虑和购买前的确认需求。
achun1999,美容护肤,生日礼物生日礼物生日礼物,0,该用户可能在暗示主播推荐适合作为生日礼物的产品，或者希望直播间能提供相关的生日优惠活动。
achun1999,美容护肤,这也太划算了,1,该用户想表达的含义是：当前商品的优惠力度超出了预期，让人感到非常心动。
achun1999,美容护肤,好用了我再来回购,0,该用户认为产品效果不错，打算体验后满意会再次购买。
achun1999,美容护肤,啥时候用一次,0,该用户可能在询问产品的使用频率或适用时机。
achun1999,美容护肤,为主播点赞了,0,该用户想表达的含义是：对主播的表现感到满意并给予支持。
achun1999,美容护肤,买了这么多一个奖也没中奖,0,该用户可能在抱怨自己虽然购买了不少商品，但始终没有获得直播间的抽奖或福利，感到有些失望或不公平。
achun1999,美容护肤,工资不够花啊[捂脸][捂脸],0,该用户可能在委婉表达当前商品价格超出自己的消费能力，暗示虽然对产品感兴趣但暂时无法购买。
achun1999,美容护肤,初中生能用吗,1,该用户是在询问产品是否适合初中生年龄段使用。
achun1999,美容护肤,眼霜什么机制,1,该用户想询问眼霜的具体使用方法和作用原理。
achun1999,美容护肤,白桶精华上一下链接,1,该用户希望主播尽快将白桶精华这款产品上架到购物链接中。
achun1999,美容护肤,囤的绿野芳踪还没用完,0,该用户想表达的含义是：之前购买的同类产品还有库存，暂时不需要再购买。  （结合语境分析：用户提到“囤的还没用完”，说明其消费态度偏理性或对当前产品需求不迫切，可能是在回应主播推销或他人购买建议，委婉表示暂无复购意向。）
achun1999,美容护肤,给带上,0,该用户可能是在催促主播将某款产品（可能是“白桶精华”或其他提到的商品）上架或添加到购物车中以便购买。
achun1999,美容护肤,蛋黄油蛋黄油,1,"该用户可能在强烈表达对""蛋黄油""产品的兴趣或催促主播详细介绍/上架该商品。"
achun1999,美容护肤,"胶原水,胶原面膜",1,该用户可能是在询问或要求主播介绍胶原水和胶原面膜的相关信息或上架链接。
achun1999,美容护肤,蛋黄油没有抢到[捂脸],1,该用户因未能成功购买到蛋黄油而感到遗憾和失落。
achun1999,美容护肤,"谢谢老师讲解大品牌,值得信赖[赞][赞][赞]",0,该用户想表达的含义是：对主播推荐的品牌表示认可和赞赏，认为其值得购买。
achun1999,美容护肤,"蛋黄油,卖不",1,该用户是在询问主播是否还会再次售卖之前提到的蛋黄油产品。
achun1999,美容护肤,洗面奶开了吗,1,该用户是在询问洗面奶产品是否已经开始介绍或上架销售。
achun1999,美容护肤,"忍不住,直接干掉了八千[流泪][流泪][流泪]",0,该用户想表达的含义是：一时冲动消费了八千元，现在有些后悔和心疼。
achun1999,美容护肤,卸妆油卸妆油,1,该用户可能在催促主播尽快上架或介绍卸妆油产品，表现出明确的购买意向或需求。
achun1999,美容护肤,面膜什么时候上,1,该用户是在询问面膜产品的上架时间，表现出明确的购买意向和急切想要下单的心理。
achun1999,美容护肤,买的是什么呀?,1,该用户想表达的含义是：询问当前正在介绍或展示的商品具体是什么。
achun1999,美容护肤,主播好帅生日礼物,0,该用户可能是在夸赞主播外貌的同时，暗示想购买主播推荐的产品作为生日礼物。
achun1999,美容护肤,下午好,0,该用户可能是在礼貌性地打招呼，试图融入直播间的互动氛围，但并未直接表达购买意向。
achun1999,美容护肤,这活动跟你家另一个直播间一样呀,0,该用户可能是在对比不同直播间的促销活动，暗示当前直播间的优惠力度或形式缺乏新意，没有激发额外的购买欲望。
achun1999,美容护肤,晚上还有吗,1,该用户是在询问直播中提到的商品或活动是否会在晚间时段再次进行销售或返场。
achun1999,美容护肤,没抢到啊,1,该用户因未能成功购买到心仪商品（可能是蛋黄油）而感到遗憾和焦急。
achun1999,美容护肤,洗面奶上了吗,1,该用户是在询问直播中提到的洗面奶产品是否已经开放购买链接或开始促销活动。
achun1999,美容护肤,蛋黄油,1,该用户是在询问或催促主播上架蛋黄油产品，表现出明确的购买意向。
achun1999,美容护肤,@青青青青,0,该用户可能在催促主播“青青青青”尽快上架或回复关于某个产品的信息，表现出急切想要购买或了解商品详情的心情。
achun1999,美容护肤,没抢到,1,该用户因商品抢购失败而感到遗憾和不甘心。
achun1999,美容护肤,你好生日礼物,0,该用户可能在询问主播是否有适合作为生日礼物的产品推荐。
achun1999,美容护肤,生日礼物生日礼物,0,该用户可能在询问或暗示主播推荐适合作为生日礼物的产品。
achun1999,美容护肤,一共四只?,1,该用户可能在询问当前促销商品的数量是否为四件一套。
achun1999,美容护肤,是正品嘛,1,该用户想确认直播间售卖的商品是否为官方正品，表现出对商品真伪的顾虑和潜在的购买意向。
achun1999,美容护肤,有没有美白的产品,1,该用户可能在询问直播间是否有推荐的美白类护肤品，表达了对这类产品的潜在购买兴趣。
achun1999,美容护肤,洗面奶,1,该用户是在询问直播间是否已经开始售卖洗面奶产品。
achun1999,美容护肤,主播好,0,该用户可能是在礼貌性打招呼的同时，试图引起主播注意以便询问商品信息或参与互动。
achun1999,美容护肤,洗面奶和这个一样么,1,该用户是在询问当前展示的产品与之前提到的洗面奶是否属于同类或功效相似的产品。
achun1999,美容护肤,买破产了,0,该用户想表达的含义是：已经购买了很多商品，花费超出了预期。
achun1999,美容护肤,洗面奶已买生日礼物,0,"该用户想表达的含义是：我已经购买了这款洗面奶作为生日礼物。  （结合前文语境，""生日礼物""在弹幕中多次出现，可能是直播间的促销主题或用户共同关注点；""洗面奶""是近期讨论焦点，用户通过弹幕同步自己的购买行为，既可能表达对产品的认可，也可能暗示主播无需再推荐该商品。）"
achun1999,美容护肤,什么时候上蛋黄油,1,该用户是在询问蛋黄油这款产品的上架时间，表现出明确的购买意向和急切想要下单的心理。
achun1999,美容护肤,我超爱用,0,该用户想表达的含义是：我对这款产品非常满意并且有强烈的回购意愿。
achun1999,美容护肤,老板大气,0,该用户可能在称赞主播或商家推出的优惠活动慷慨大方，表达对当前促销力度的满意和认可。
achun1999,美容护肤,痘敏肌能用吗,1,该用户是在询问产品是否适合痘痘肌和敏感肌肤使用。
achun1999,美容护肤,太棒了,0,该用户可能是在对主播推荐的产品或优惠活动表示强烈的赞赏和认同。
achun1999,美容护肤,"你是一年播一次,我这是一次还款还一年[捂脸]",0,该用户是在调侃自己经济压力大，看到主播难得开播却因为还款压力无法痛快购物，只能无奈自嘲。
achun1999,美容护肤,胶原刀还没上?,1,该用户是在询问主播胶原刀这款产品是否已经开售或何时会上架，表现出对商品的关注和购买意向。
achun1999,美容护肤,蛋黄油,1,该用户是在询问或催促主播尽快上架蛋黄油产品。
achun1999,美容护肤,这个可以不用洗面奶直接用吗,1,该用户想询问该产品是否可以单独使用而不需要搭配洗面奶进行清洁。
achun1999,美容护肤,洗面奶换包装了?,1,该用户可能是在询问产品包装更新情况，以此判断是否要购买或确认自己熟悉的商品版本。
achun1999,美容护肤,等下要上班了?可以上面膜了吗,1,该用户是在询问自己即将上班的情况下是否适合立即使用面膜产品，可能隐含对产品使用场景或时效性的关注。
achun1999,美容护肤,"妈妈,有沐浴露吗,别的都齐了",1,该用户是在询问直播间是否有沐浴露售卖，暗示自己已经购买了其他所需商品，只差这一样就凑齐了。
achun1999,美容护肤,拉几产品,0,该用户想表达的含义是：这个产品质量很差。
achun1999,美容护肤,每天都用吗,1,该用户可能是在询问产品是否需要每天使用才能达到预期效果。
achun1999,美容护肤,"平衡霜有吗,啊纯",1,该用户是在询问直播间是否有售卖“啊纯”品牌的平衡霜产品。
achun1999,美容护肤,下午好,0,该用户可能是在礼貌性问候主播，同时暗示自己刚进入直播间并开始关注直播内容。
achun1999,美容护肤,鼻子上还有,0,该用户可能是在询问主播展示的产品是否还能用于鼻子部位，或者指出主播遗漏了介绍鼻子相关的使用效果。
achun1999,美容护肤,适合什么人,1,该用户想询问产品适用的具体人群或肤质类型。
achun1999,美容护肤,有没有祛黑痘印的,1,该用户是在询问直播间是否有能够淡化黑色痘印的产品。
achun1999,美容护肤,玫瑰精油啥时候上,1,该用户是在询问玫瑰精油产品的上架时间，表现出明确的购买意向和对该商品的兴趣。
achun1999,美容护肤,多久一次,1,该用户想询问产品使用的频率或直播间的开播周期。
achun1999,美容护肤,进来真是时候,0,该用户想表达的含义是：刚好赶上直播正在介绍或上架自己感兴趣的产品。
achun1999,美容护肤,蛋黄霜,1,该用户可能在询问或提及直播间是否有“蛋黄霜”这款产品。
achun1999,美容护肤,没擦干净,0,该用户可能是在指出直播中展示的产品演示不够彻底或存在瑕疵，暗示对产品效果的怀疑或对展示细节的不满。
achun1999,美容护肤,蛋黄油上不,1,该用户是在询问蛋黄油这款产品是否已经上架或开始售卖。
achun1999,美容护肤,蛋黄保湿霜,1,该用户可能在询问或表达对“蛋黄保湿霜”这款产品的兴趣，想了解其详情或希望主播介绍/上架该产品。  （结合前文语境，直播间正在讨论护肤品，且“蛋黄油”“蛋黄霜”等类似产品被多次提及，用户可能是跟进话题询问同类商品。）
achun1999,美容护肤,大品牌值得信赖,0,该用户想表达的含义是：认可该品牌的产品质量并对其产生信任感。
achun1999,美容护肤,多久用一次,1,该用户想询问产品的使用频率是否适合自己当前的护肤需求。
achun1999,美容护肤,@浅沫聪明,0,该用户可能在夸赞主播或品牌方（“浅沫”）的产品使用效果很好，显得自己很聪明会挑选。  （解析：结合前文弹幕多为产品功能询问和正面反馈（如“大品牌值得信赖”），且“聪明”常被用于夸赞选择或决策，此处可能是用户以调侃或称赞的口吻表达对品牌/主播的认可。）
achun1999,美容护肤,面膜面膜面膜面膜面膜面膜面膜面膜面膜面膜面膜面膜面膜面膜面膜面膜生日礼物生日礼物生日礼物,1,该用户急切地询问面膜是否可以作为生日礼物购买，表现出强烈的购买意向和重复强调的需求。
achun1999,美容护肤,洗发水洗发水洗发水洗发水洗发水洗发水洗发水洗发水洗发水洗发水洗发水洗发水洗发水洗发水洗发水洗发水洗发,1,该用户可能在急切询问或催促主播介绍洗发水产品，或表达对洗发水的强烈兴趣和需求。
achun1999,美容护肤,鼻子上还有生日礼物,0,该用户可能在调侃或提醒主播鼻子上还沾着之前提到的“生日礼物”（可能是某种产品试用痕迹或装饰物），结合前文弹幕中反复出现的“生日礼物”关键词和产品讨论氛围。
achun1999,美容护肤,"赶紧下播吧,吃不消了",0,该用户可能因直播间频繁刷屏或产品信息过载感到烦躁，暗示主播节奏太快或内容重复令其产生疲惫感。
achun1999,美容护肤,洗面奶,1,该用户可能在询问直播间是否有洗面奶产品，或是想了解关于洗面奶的使用信息。
achun1999,美容护肤,老板真的很大气,0,该用户可能在称赞主播的慷慨促销或福利发放，暗示对商品或直播活动的认可和兴趣。
achun1999,美容护肤,控油乳,1,该用户可能在询问或表达对控油功效的乳液产品的兴趣或需求。
achun1999,美容护肤,姜黄面膜,1,该用户可能在询问或表达对姜黄面膜产品的兴趣，希望了解相关信息或示意主播介绍该产品。
achun1999,美容护肤,是真的吗,1,该用户可能对主播宣传的产品功效或优惠信息存疑，想确认其真实性。
achun1999,美容护肤,拍了拍了生日礼物,0,"该用户想表达的含义是：已经下单购买直播间推荐的产品作为生日礼物。  （结合前文语境，""生日礼物""在弹幕中多次出现，可能是直播间正在主推相关产品或促销活动，用户明确表示已下单，透露出购买行为与直播内容直接相关。）"
achun1999,美容护肤,买了这么多一个奖也没中,0,该用户可能在抱怨自己虽然购买了大量商品，但参与直播间的抽奖活动却始终没有中奖，流露出失望或不满的情绪。
achun1999,美容护肤,鼻子上没擦掉,0,"该用户可能是发现主播或演示者脸上有未擦净的护肤品残留（如蛋黄霜/油），以调侃方式提醒产品使用后的视觉效果。  （解析：结合前文高频出现的""蛋黄霜/油""产品名和""没擦干净""等弹幕，该评论属于对直播演示细节的观察，既包含对产品的关注，又带有轻度互动调侃性质。）"
achun1999,美容护肤,鼻子上怎么回事?,0,该用户可能是在询问主播或产品展示时鼻子部位出现的异常状况（如残留物或使用效果），暗示对产品实际效果的关注或质疑。
achun1999,美容护肤,买回来试试,0,该用户对产品产生兴趣并有意向下单体验效果。  （结合前文弹幕中频繁提及具体商品名称（如蛋黄霜、洗发水、面膜等）和购买相关行为（如“拍了拍了”“生日礼物”），可推断直播间正在密集推销某款产品，而目标用户受氛围感染决定尝试购买。）
achun1999,美容护肤,洗发水,1,该用户可能在询问或关注直播间正在介绍的洗发水产品，表达出对这款商品的兴趣或希望主播进一步讲解的意图。
achun1999,美容护肤,快点面膜,1,"该用户急切催促主播上架或介绍面膜产品，可能是受到前面关于姜黄面膜讨论的带动，或是看到其他用户反复刷屏""面膜""后产生的购买冲动。"
achun1999,美容护肤,洗面奶啥时候开始,1,该用户是在询问洗面奶产品的促销活动何时开始，表现出明确的购买意向和期待。
achun1999,美容护肤,防晒直接拍?,1,该用户是在询问是否需要直接下单购买防晒产品。
achun1999,美容护肤,鼻子没搽干净,0,该用户可能是在调侃主播妆容有瑕疵，暗示其推销产品时不够专业或状态不佳。
achun1999,美容护肤,洗面奶呢,1,该用户是在询问直播中何时会介绍或上架洗面奶产品，表现出对洗面奶的关注和购买意向。
achun1999,美容护肤,支持一下,0,该用户想表达的含义是：出于对主播或产品的认可而表示愿意下单支持。
achun1999,美容护肤,洗发水!,1,该用户可能在催促主播尽快介绍或上架洗发水产品，表现出明确的购买意向或对当前讨论商品的关注。
achun1999,美容护肤,胶原刀没有吗,1,该用户是在询问直播间是否没有售卖或展示胶原刀这款产品。
achun1999,美容护肤,洗发水呢,1,该用户是在催促主播尽快介绍或上架洗发水产品。
achun1999,美容护肤,"拍了,可是咋用啊?",1,该用户想表达的含义是：已经下单购买了产品，但对使用方法还存在疑问。
achun1999,美容护肤,三小时,0,该用户可能是在询问或感叹直播已经持续了三小时但还没看到自己关注的商品上架。
achun1999,美容护肤,you生日礼物you,0,该用户想表达的含义是：询问主播提到的产品是否适合作为生日礼物购买。
achun1999,美容护肤,面膜面膜,1,该用户急切地催促主播尽快介绍或上架面膜产品。
achun1999,美容护肤,水光乳是什么活动?,1,该用户是在询问当前直播中关于“水光乳”产品的促销活动或优惠信息。
achun1999,美容护肤,一直在,0,该用户想表达的含义是：已经持续关注直播内容很长时间了。
achun1999,美容护肤,我都看了一天了,0,该用户想表达的含义是：我已经持续关注这场直播很长时间了。
achun1999,美容护肤,我跟了三小时[泪奔],0,该用户想表达的是：我坚持观看了整场直播但还没看到想买的产品，有些焦急和无奈。
achun1999,美容护肤,开播看到现在,0,该用户想表达自己从直播开始就一直持续观看，暗示对直播内容有较高的关注度和潜在购买兴趣。
achun1999,美容护肤,全程在线,0,该用户想表达的是自己从直播开始一直持续观看没有离开。
achun1999,美容护肤,我跟了三年了,0,该用户想表达自己长期关注并支持该直播间，已有三年之久。
achun1999,美容护肤,鼻子上还有泥生日礼物,0,该用户可能是想调侃主播鼻子上有泥的同时询问生日礼物的相关信息。
achun1999,美容护肤,玫瑰精油了???,1,该用户是在急切询问玫瑰精油产品的上架时间或购买方式。
achun1999,美容护肤,蛋黄油呢,1,该用户是在询问直播间是否有售卖或介绍蛋黄油产品。
achun1999,美容护肤,补水面膜,1,该用户是在询问或催促主播介绍补水面膜的相关信息或促销活动。
achun1999,美容护肤,我咔咔咔,0,该用户想表达的含义是：我一直在直播间里热情参与互动。
achun1999,美容护肤,3小时一直在生日礼物,0,该用户想表达的含义是：自己已经全程观看了三小时直播，对其中提到的生日礼物商品很感兴趣。
achun1999,美容护肤,从头跟到尾,0,该用户想表达的是自己全程参与了直播，展现出对直播内容的持续关注和投入。
achun1999,美容护肤,我看了三个小时,0,该用户想表达的是：我已经全程观看了很久的直播。
achun1999,美容护肤,开播蹲到现在,0,该用户想表达自己从直播开始就一直持续观看，表现出较高的参与度和忠诚度。
achun1999,美容护肤,"虽然啊醇说话直,但是还是相信你",0,该用户想表达的是：尽管主播说话比较直接，但我依然信任并支持你。
achun1999,美容护肤,牙膏牙膏,1,该用户可能是想询问或催促主播介绍牙膏产品的相关信息或优惠活动。
achun1999,美容护肤,还有吗,1,该用户可能是在询问直播间是否还有更多库存或后续商品推荐，表现出对当前或下一轮促销活动的持续关注和购买意向。
achun1999,美容护肤,以为没抢到,0,该用户可能因担心错过限时优惠或热门商品而表达出抢购时的紧张和意外抢到的惊喜。
achun1999,美容护肤,洗面奶呢,1,该用户是在询问直播间是否会上架或介绍洗面奶产品。
achun1999,美容护肤,"有,我跟了3小时,还是上班偷摸着的,买了好多[捂脸][捂脸][捂脸][捂脸]",0,该用户想表达的含义是：自己为了追这场直播不惜上班摸鱼坚持看了很久，并且已经下单了不少商品，既感到兴奋又有点不好意思。
achun1999,美容护肤,我说怎么没抢到,0,该用户因未能成功抢购到商品而感到意外和遗憾。
achun1999,美容护肤,太激动了,0,该用户想表达的含义是：对直播间的产品或活动感到非常兴奋和期待。
achun1999,美容护肤,生日礼物生日礼物,0,该用户想表达的是对主播推荐的产品感兴趣，希望将其作为生日礼物购买。
achun1999,美容护肤,上了吧,1,该用户是在催促主播尽快上架当前讨论的商品或下一款产品。
achun1999,美容护肤,没抢到以为,0,该用户想表达的含义是：原本担心商品已被抢光，但后来发现还有库存。
achun1999,美容护肤,我咋说没抢到,0,该用户想表达的是：自己因为手速或网络问题错过了抢购商品的机会，感到有些懊恼和意外。
achun1999,美容护肤,我一直在说,0,该用户想表达的含义是：我已经持续关注直播很久并多次参与互动。
achun1999,美容护肤,以为瞬间没了啊,0,"该用户想表达的是：原本担心商品会秒空没抢到，结果发现还有库存的惊喜心情。  （结合前文高频出现的""没抢到""""生日礼物""""跟播3小时""等弹幕，可推断直播间商品抢购激烈，用户因紧张产生误判，实际并未售罄。）"
achun1999,美容护肤,确实没上,0,该用户想表达的是：之前误以为商品没上架，现在发现其实是已经上架了。
achun1999,美容护肤,现在上,0,该用户可能是在催促主播尽快上架当前正在讨论的商品，表达了一种急切期待购买的心情。
achun1999,美容护肤,以为抢光了[捂脸],1,该用户原本担心商品已被抢购一空，但发现仍有库存时感到意外和庆幸。
achun1999,美容护肤,以为没抢到呢,0,该用户想表达的是：原本担心商品已被抢购一空，但实际成功下单后的庆幸心理。
achun1999,美容护肤,面膜面膜面膜面膜面膜面膜面膜面膜面膜面膜面膜面膜面膜面膜面膜面膜面膜面膜生日礼物生日礼物生日礼物面膜,1,该用户急切地表达想要购买面膜作为生日礼物的强烈意愿，并希望通过重复刷屏引起主播注意。
achun1999,美容护肤,以为抢完了,0,该用户想表达的含义是：之前误以为商品已经被抢购一空，但实际可能还有库存。
achun1999,美容护肤,主播鼻子还没有干净,0,该用户可能在委婉提醒主播注意仪容细节，暗示对主播专业形象或产品展示效果的关注。
achun1999,美容护肤,哭死了,0,该用户想表达的含义是：因为没抢到心仪的商品而感到非常遗憾和难过。
achun1999,美容护肤,有唇膏吗?,1,该用户是在询问直播间是否会上架或还有库存唇膏产品。
achun1999,美容护肤,口袋空了,0,该用户想表达的含义是：自己已经买了很多东西，现在没钱再继续购买了。
achun1999,美容护肤,阿纯擦一下鼻子[调皮],0,该用户可能是在以轻松调侃的方式提醒主播注意形象细节，同时通过互动表达对直播内容的持续关注。
achun1999,美容护肤,"阿纯,右边鼻子尖黑了",0,该用户是在善意提醒主播妆容出现瑕疵（鼻尖有污渍），可能希望主播及时整理仪容以保持直播形象。
achun1999,美容护肤,劲霜在几号?,1,该用户是在询问主播商品“劲霜”会在直播间的哪个时间段上架销售。
achun1999,美容护肤,蛋黄油呢,1,该用户是在询问主播是否已经上架或展示蛋黄油产品，表现出对该商品的购买兴趣和急切关注。
achun1999,美容护肤,以为是手速慢,0,该用户误以为商品秒光是因为自己手速不够快没抢到，实际可能是商品还没上架或库存充足。
achun1999,美容护肤,我还以为我手慢了,0,该用户误以为商品已被抢光，实际是因自己操作延迟而没买到。
achun1999,美容护肤,抢其他的去了[捂脸],0,该用户想表达的含义是：自己因为去抢购其他商品而错过了当前正在讨论的这款产品。
achun1999,美容护肤,这个上过的,0,该用户想表达的含义是：这个产品之前已经展示或售卖过了。
achun1999,美容护肤,蛋黄油蛋黄油蛋黄油,1,该用户急切地询问或催促主播上架蛋黄油产品。
achun1999,美容护肤,说了好像你能看到一样,0,该用户是在嘲讽主播对观众互动需求的无视或回应不及时，暗示即便自己发了弹幕也不会被主播注意到。
achun1999,美容护肤,"开播跟到现在,来点香皂",1,该用户想表达的含义是：已经观看直播很久了，希望主播尽快上架香皂商品。
achun1999,美容护肤,14块吗,1,该用户是在确认当前展示商品的价格是否为14元。
achun1999,美容护肤,泥膜一个星期做几次啊,1,该用户是在询问泥膜的使用频率，表现出对产品实际使用效果的关注和潜在的购买意向。
achun1999,美容护肤,玫瑰精油,1,该用户可能在询问或提醒主播介绍玫瑰精油这款产品。
achun1999,美容护肤,西瓜霜还没上链接嘛,1,该用户急切询问西瓜霜产品何时开售，表现出明确的购买意向和等待中的不耐烦情绪。
achun1999,美容护肤,净肤哲学眼霜还没上呢,1,该用户是在催促主播尽快上架净肤哲学眼霜的购买链接，并表达了对该产品的关注和期待。
achun1999,美容护肤,3小时看了,0,该用户想表达的含义是：自己已经持续观看了直播三个小时，暗示对直播内容的关注和耐心等待。
achun1999,美容护肤,黄金皂黄金皂,1,该用户急切地询问或催促主播展示/上架黄金皂产品，表现出明确的购买意向和关注。
achun1999,美容护肤,生日礼物,0,该用户可能是在询问直播间是否有适合作为生日礼物的商品推荐。
achun1999,美容护肤,没有抢到啊,0,该用户因未能成功购买心仪商品而感到遗憾和失落。
achun1999,美容护肤,面膜面膜面膜,1,该用户急切地询问或催促主播介绍或上架面膜产品。
achun1999,美容护肤,玫瑰精油了?????,1,该用户急切询问玫瑰精油产品的上架情况或购买方式。
achun1999,美容护肤,洗发水不上吗,1,该用户是在询问直播间是否会上架洗发水产品，表现出对这款商品的期待和购买意向。
achun1999,美容护肤,从你开播看到现在,0,该用户想表达自己全程观看了直播，暗示对商品有兴趣并可能期待主播关注或福利。
achun1999,美容护肤,蛋黄霜还有吗,1,该用户是在询问直播间此前推荐过的蛋黄霜是否还有库存或是否会再次上架售卖。
achun1999,美容护肤,黄金皂,1,该用户是在催促主播尽快上架或介绍“黄金皂”这款产品，表现出明确的购买意向。
achun1999,美容护肤,蛋黄霜上吗,1,该用户是在询问直播间是否会上架蛋黄霜这款产品。
achun1999,美容护肤,蛋黄油保湿霜,1,该用户是在询问或催促主播上架蛋黄油保湿霜这款产品。
achun1999,美容护肤,帅气多了,0,该用户可能是在夸赞主播的造型或产品使用效果比之前更好看/更吸引人。
achun1999,美容护肤,玫瑰精油了????,1,该用户急切询问玫瑰精油产品是否已经上架或开售。
achun1999,美容护肤,以为没抢到呢,0,该用户可能因为之前抢购失败而焦虑，现在发现商品仍有库存时感到意外和庆幸。
achun1999,美容护肤,防晒霜48小时内的没货了么,1,该用户是在询问防晒霜的补货情况，暗示对购买该产品有兴趣但担心缺货。
achun1999,美容护肤,卸妆油,1,该用户可能在询问卸妆油的产品信息或购买链接。
achun1999,美容护肤,洗发水,1,该用户是在询问直播间是否会上架洗发水产品。
achun1999,美容护肤,补水精华,1,该用户可能在询问或催促主播介绍或上架补水精华产品。
achun1999,美容护肤,晚上好,0,该用户可能是在礼貌性打招呼，同时暗示自己刚进入直播间并关注后续商品介绍。
achun1999,美容护肤,好给力,0,该用户想表达的含义是：对当前推荐的产品或促销活动感到非常满意和兴奋。
achun1999,美容护肤,抢到了,0,该用户想表达的含义是：成功购买到了心仪的商品。
achun1999,美容护肤,生日庆典吗?,0,该用户可能在询问直播间当前的活动主题是否为生日庆典，以确认是否有相关优惠或商品推荐。
achun1999,美容护肤,生日礼物生日礼物生日礼物好用好用好用好用,0,该用户想表达的含义是：反复强调某款产品适合作为生日礼物且使用体验很好，暗示自己有意购买或推荐他人购买。
achun1999,美容护肤,哪个精华皂上了吗,1,该用户是在询问直播间是否已经开始售卖某款精华皂产品。
achun1999,美容护肤,洗发水洗发水洗发水洗发水洗发水洗发水洗发水洗发水洗发水洗发水洗发水洗发水洗发水洗发水洗发水洗发水洗发,1,该用户急切催促主播尽快上架或介绍洗发水产品，可能因之前有人提及洗发水但迟迟未看到相关推广而产生焦虑。
achun1999,美容护肤,活动力度大,0,该用户认为当前促销优惠的折扣幅度或福利政策非常有吸引力。
achun1999,美容护肤,好用好用好用好用好用,1,该用户想表达的含义是：对某款产品（可能是之前弹幕中提到的生日礼物或洗发水）的使用效果非常满意并强烈推荐。
achun1999,美容护肤,4个起,0,该用户可能是在询问或确认商品的起购数量是否为4件。
achun1999,美容护肤,面膜没了,1,该用户想表达的是“面膜库存卖完了，我想买但没货了”。  （结合前文弹幕高频提及护肤品（如精华、洗发水、防晒霜）和抢购行为（如“抢到了”“活动力度大”），可推断用户关注商品库存，且“没了”大概率指向缺货而非单纯陈述。）
achun1999,美容护肤,蛋黄油了?,1,该用户可能在询问蛋黄油保湿霜是否已经售罄或补货上架。
achun1999,美容护肤,洗发水洗发水洗发水洗发水洗发水洗发水洗发水洗发水,1,该用户可能是在强烈关注或催促主播介绍/上架洗发水产品，通过重复刷屏表达急切需求或参与互动的意愿。
achun1999,美容护肤,可以的还是非常不错的生日礼物,0,该用户认为直播间的某款产品非常适合作为生日礼物，并对此表示认可和推荐。
achun1999,美容护肤,好多人,0,该用户可能是想感叹直播间人气旺盛，暗示对当前热销商品或促销活动产生兴趣。
achun1999,美容护肤,身体精华液,1,该用户可能在询问或提及直播间正在推荐的身体精华液产品，表达对该商品的关注或购买意向。
achun1999,美容护肤,日期是新鲜的嘛,1,该用户是在询问商品的生产日期是否临近当前时间，以确保产品的新鲜度和保质期。
achun1999,美容护肤,洗发水洗发水洗发水洗发水洗发水洗发水洗发水洗发水洗发水洗发水洗发水,1,该用户可能在强烈催促主播上架或介绍洗发水产品，或表达对洗发水的迫切购买需求。
achun1999,美容护肤,买了8个,0,该用户想表达自己已经下单购买了8件商品，可能是对当前促销活动的积极响应或对某款产品的批量囤货。
achun1999,美容护肤,缺妆油,1,该用户可能在询问直播间是否缺少或遗漏了展示妆前油/卸妆油这类产品，或是暗示自己对这类商品有购买需求。
achun1999,美容护肤,蛋黄霜,1,该用户可能在询问或确认直播间是否正在推荐或销售名为“蛋黄霜”的产品。
achun1999,美容护肤,玫瑰精油了???,1,该用户可能在急切询问玫瑰精油产品是否已经上架或开售，表现出对该商品的强烈兴趣和购买意向。
achun1999,美容护肤,要控油乳,1,该用户可能在询问或表达对直播间推出的控油乳产品的购买意向，希望了解产品详情或参与优惠活动。
achun1999,美容护肤,人参面霜有没,1,该用户想询问直播间是否有人参面霜这款产品在售。
achun1999,美容护肤,阿秀出来点,0,该用户可能在催促主播“阿秀”尽快介绍或上架某款产品（可能是洗发水或精华皂等热门商品）。
achun1999,美容护肤,牙膏牙膏牙膏牙膏牙膏,1,该用户可能在急切询问或催促主播上架牙膏产品，或表达对牙膏的强烈购买意愿。
achun1999,美容护肤,姜黄面膜,1,该用户可能在询问或表达对直播间提到的姜黄面膜产品的兴趣或购买意向。
achun1999,美容护肤,太高兴了,0,该用户想表达的含义是：对直播间的促销活动或产品感到非常满意和兴奋。
achun1999,美容护肤,控油乳讲下,1,该用户希望主播详细介绍控油乳产品的功效或使用方法。
achun1999,美容护肤,洗面奶,1,该用户可能在询问直播间是否有洗面奶产品，或是希望主播介绍/推荐洗面奶的相关信息。
achun1999,美容护肤,修颜霜上吗?,1,该用户是在询问直播间是否会推出或讲解修颜霜这款产品，表现出对购买该商品的潜在兴趣。
achun1999,美容护肤,玫瑰抛光液,1,该用户可能在询问直播间是否会上架或介绍玫瑰抛光液这款产品。
achun1999,美容护肤,洗面奶、防晒霜,1,该用户可能在询问或暗示对洗面奶和防晒霜这两款产品的购买意向，希望主播详细介绍或上架相关商品。
achun1999,美容护肤,有面霜嘛,1,该用户是在询问直播间是否售卖面霜产品。
achun1999,美容护肤,今天会卖附近的猫的护发素吗,1,该用户是在询问直播间是否会上架宠物专用的护发素产品。
achun1999,美容护肤,蛋黄油蛋黄油蛋黄油,1,"该用户急切询问或要求主播介绍/上架蛋黄油产品。  （分析依据：前文弹幕多为密集重复产品名称的催促句式，且同类产品""蛋黄霜""已被提及，用户可能因未得到回应而强化表达；同时直播间语境显示观众正以重复关键词方式主动索要特定商品。）"
achun1999,美容护肤,23能上吗,1,该用户可能在询问当前展示的商品（如修颜霜或面霜）是否可以用23元的价格购买。
achun1999,美容护肤,生日礼物生日礼物面膜,1,该用户想表达的含义是：询问直播间是否会推出适合作为生日礼物的面膜产品。  （结合前文弹幕中频繁出现的护肤品需求和具体产品询问，用户可能是在主播未提及面膜品类时，主动提出需求并强调其作为礼物的属性，希望主播回应或上架相关商品。）
achun1999,美容护肤,我想要洗面奶,1,该用户是在询问或表达对直播间正在讨论的洗面奶产品的购买意向。
achun1999,美容护肤,要面膜,1,该用户想表达的含义是：询问直播间是否有面膜产品并表达购买意向。
achun1999,美容护肤,为啥不回答,0,该用户因多次提问或催促商品信息未得到主播回应而感到不满，质疑直播间的互动效率。
achun1999,美容护肤,"刚进来,洗面奶",1,该用户想表达的含义是：询问直播间是否有洗面奶产品并表现出购买意向。
achun1999,美容护肤,面膜上点,1,该用户想表达的含义是：催促主播尽快讲解或上架面膜产品。
achun1999,美容护肤,交朋友,0,该用户可能是以轻松调侃的方式表达对主播的亲近感，同时暗示对当前推荐商品的兴趣不足或希望主播推荐更吸引人的产品。
achun1999,美容护肤,好美啊,0,该用户被直播中展示的商品外观或效果所吸引，表达出对产品的欣赏和潜在的购买兴趣。
achun1999,美容护肤,面膜没了么,1,该用户是在询问直播间是否已经卖完或不再提供面膜产品。
achun1999,美容护肤,面膜有吗,1,该用户是在询问直播间是否会上架或补货面膜产品。
achun1999,美容护肤,面膜没了,1,该用户想表达的含义是：询问面膜是否已经售罄或补货。
achun1999,美容护肤,磨砂膏呢,1,该用户是在询问直播间是否会上架或介绍磨砂膏产品。
achun1999,美容护肤,胶原精华液上吗,1,该用户是在询问直播间是否会上架胶原精华液这款产品，表现出对该商品的购买兴趣。
achun1999,美容护肤,西瓜霜,1,该用户可能在询问直播间是否会售卖西瓜霜这款产品。
achun1999,美容护肤,洗发水洗发水洗发水洗发水洗发水洗发水洗发水洗发水洗发水洗发水洗发水洗发水洗发水洗发水,1,该用户通过重复刷屏“洗发水”强烈表达对洗发水产品的需求和购买意愿，可能是催促主播尽快上架或回应相关产品信息。
achun1999,美容护肤,"面霜,面霜,面霜",1,"该用户急切询问或催促主播介绍/上架面霜产品。  （分析依据：前文多次出现重复商品名的弹幕模式表达购买需求，如""洗发水×N""""蛋黄油×3""，且同类护肤品提问密集，用户可能因面膜/洗面奶等品类被频繁提及而强化对""面霜""的关注度，采用重复句式强调存在感或表达迫切需求。）"
achun1999,美容护肤,蓝面膜,1,该用户想表达的含义是：询问直播间是否有蓝色款面膜在售或要求上架该产品。  （结合前文高频出现的“面膜”需求及同类产品催促上架的语境，用户可能是在补充具体款式信息或强调对特定颜色面膜的兴趣。）
achun1999,美容护肤,蛋黄面霜,1,该用户想表达的含义是：询问或要求主播介绍或上架蛋黄面霜这款产品。  （结合前文语境，用户频繁提及具体产品名称如“面霜”“面膜”等，多与直接购物需求相关，且“蛋黄”此前已被其他用户提及，推测此处为明确的产品名称指向。）
achun1999,美容护肤,积雪草面膜,1,该用户可能在询问或暗示对积雪草面膜产品的购买意向，希望主播介绍或上架该商品。  （结合前文高频出现的“面膜”相关需求及催促上架的语境，用户大概率是在跟进当前面膜类产品的讨论，表达对该细分品类的兴趣。）
achun1999,美容护肤,没有了,0,该用户想表达的含义是：询问之前提到的面膜是否已经售罄或不再补货。
achun1999,美容护肤,洗发水洗发水洗发水洗发水洗发水洗发水洗发水洗发水洗发水洗发水洗发水洗发水洗发水,1,该用户急切催促主播上架或介绍洗发水产品，可能是对当前讨论的面膜类商品不感兴趣，或发现洗发水库存/优惠即将消失而重复刷屏提醒。
achun1999,美容护肤,这个是每天用吗?,1,该用户是在询问产品是否需要每日使用以确认其使用频率和适用性。
achun1999,美容护肤,蛋黄油面霜,1,该用户想表达的含义是：询问直播间是否有蛋黄油面霜这款产品在售或推荐。
achun1999,美容护肤,护发精油没抢到,1,该用户因错过护发精油的抢购而感到遗憾，并透露出对产品的强烈购买意愿。
achun1999,美容护肤,黑玫瑰还有么阿纯,1,该用户是在询问主播“黑玫瑰”这款产品是否还有库存可供购买。
achun1999,美容护肤,胶原刀,1,该用户可能在询问或催促主播介绍/上架名为“胶原刀”的美容仪器或相关产品。
achun1999,美容护肤,一周几次,1,该用户可能是在询问产品的使用频率，比如“这款产品建议一周使用几次？”
achun1999,美容护肤,多久用一次泥膜,1,该用户想询问泥膜的使用频率以评估是否适合自己购买。
achun1999,美容护肤,天天用吗?,1,该用户可能在询问主播推荐产品的使用频率，想了解该商品是否适合日常使用。
achun1999,美容护肤,洗发水洗发水洗发水洗发水洗发水洗发水洗发水洗发水,1,该用户通过重复刷屏“洗发水”强烈表达对产品的需求和催促主播尽快介绍或上架该商品的意愿。
achun1999,美容护肤,黑玫瑰还有么阿纯阿纯,1,该用户急切询问主播“黑玫瑰”产品是否还有库存，表现出明确的购买意向和抢购焦虑。
achun1999,美容护肤,能去黑头,0,该用户是在询问直播间推荐的产品是否具有去除黑头的功效。
achun1999,美容护肤,可以去痘吗,1,该用户可能是在询问当前直播推荐的产品是否具有祛痘功效。
achun1999,美容护肤,上人参面霜吗???????,1,该用户急切询问主播是否会推出人参面霜产品，表现出明确的购买意向和期待。
achun1999,美容护肤,一套够吗,1,该用户可能是在询问当前促销商品（如洗发水或面霜）的购买数量是否足够满足需求，暗示有批量购买意向。
achun1999,美容护肤,试过假的,0,该用户想表达的含义是：之前购买或使用过类似产品但发现是假货，对当前直播推荐的商品质量存疑。
achun1999,美容护肤,蛋黄霜,1,"该用户可能是在询问或确认直播间是否正在介绍或销售""蛋黄霜""这款产品。"
achun1999,美容护肤,洗面奶,1,该用户可能是在询问或要求主播介绍当前正在讨论的洗面奶产品信息。
achun1999,美容护肤,控油面霜,1,该用户可能是在询问直播间是否有控油功效的面霜产品，或对当前展示的面霜是否具备控油功能感兴趣。
achun1999,美容护肤,好牛逼呀生日礼物盒,0,"该用户可能是在称赞直播展示的生日礼物盒产品设计惊艳或功能出色，并隐含询问/确认该商品是否适合作为生日礼品。  （解析依据：前20条弹幕聚焦护肤品功效问答和库存咨询，突然出现""生日礼物盒""这一非护肤品类关键词，结合感叹词""好牛逼呀""可推断用户被新展示的礼品类商品吸引。其表达动机更倾向于对新产品特性的惊叹+潜在购买意向确认，而非单纯情绪宣泄）"
achun1999,美容护肤,一套这个够排吗,1,该用户是在询问购买一套产品是否足够满足日常使用需求或达到预期效果。
achun1999,美容护肤,护发精油没拍到,1,该用户想表达的是错过了抢购护发精油的机会，感到遗憾并希望再次购买。
achun1999,美容护肤,面膜面膜面膜面膜面膜面膜面膜面膜面膜生日礼物生日礼物生日礼物,1,该用户想表达的含义是：想购买面膜作为生日礼物，并希望主播推荐相关产品或提供优惠信息。
achun1999,美容护肤,下午好生日礼物,0,该用户可能在询问主播是否有适合作为生日礼物的产品推荐，并暗示对当前直播中提到的护肤品（如黑玫瑰、面霜等）感兴趣。
achun1999,美容护肤,洗发水洗发水洗发水洗发水洗发水洗发水洗发水洗发水洗发水洗发水洗发水洗发水,1,该用户可能是在强烈催促主播介绍或上架洗发水产品，表达迫切想要了解或购买的意愿。
achun1999,美容护肤,蛋黄油／,1,该用户可能在询问或确认直播间是否有售卖蛋黄油产品。
achun1999,美容护肤,护发精油,1,该用户可能在询问护发精油的购买链接或表达因手速慢未能抢到该产品的遗憾。
achun1999,美容护肤,大干皮能用吗,1,该用户是在询问当前推荐的产品是否适合干性皮肤使用。
achun1999,美容护肤,想要水乳,1,该用户想表达对直播间推荐的水乳产品有明确的购买意向。
achun1999,美容护肤,"你好,控油面霜",1,该用户可能在询问主播是否会推荐或介绍控油面霜产品，表达了对这款产品的兴趣或需求。
achun1999,美容护肤,生日礼物,0,该用户可能在询问直播间推荐的产品是否适合作为生日礼物，或暗示自己需要挑选生日礼物而关注当前商品。
achun1999,美容护肤,洗发水洗发水,1,"该用户急切询问或催促主播介绍/上架洗发水产品。  （结合前文高频重复""洗发水""的刷屏行为及""护发精油没拍到""等弹幕，可推断用户处于抢购场景，且对洗发水有强烈购买意向，可能因库存紧张或产品未及时展示而焦虑催促。）"
achun1999,美容护肤,蛋黄油是什么,1,该用户可能是在询问蛋黄油的具体功效或用途，表现出对产品的初步兴趣和求知欲。
achun1999,美容护肤,一周用几次,1,该用户可能在询问产品的使用频率或适用场景，以评估是否适合自身需求。
achun1999,美容护肤,"此生Z大场,机制仅一次",0,"该用户想表达的含义是：这是品牌年度最重磅的促销活动，优惠机制是限时独有的。  （结合前文高频出现的产品咨询和""生日礼物""等促销关键词，可推断用户正在强调本次直播的特殊性，暗示观众抓住稀缺性机会下单）"
achun1999,美容护肤,面霜面霜面霜面霜,1,该用户可能是在强烈表达对当前讨论的面霜产品的兴趣或需求，也可能是催促主播重点介绍或上架该商品。
achun1999,美容护肤,娜可露露,0,该用户可能是在询问或提及直播中展示的某款产品名称（如护肤品或化妆品），类似前面弹幕中频繁出现的“蛋黄油”“面霜”等商品关键词。
achun1999,美容护肤,面膜面膜面膜面膜面膜面膜面膜面膜面膜面膜面膜面膜面膜面膜面膜面膜面膜面膜面膜面膜面膜面膜面膜面膜面膜,1,该用户通过重复刷屏“面膜”强烈表达对当前直播产品的兴趣或需求，可能是催促主播讲解/上架面膜产品，或对已展示的面膜表示急切购买意愿。
achun1999,美容护肤,这个怎么用,1,该用户可能对产品使用方法存在疑问，想要了解具体操作步骤或适用场景。
achun1999,美容护肤,洁发膏洁发膏洁发膏洁发膏洁发膏洁发膏洁发膏洁发膏洁发膏洁发膏洁发膏洁发膏洁发膏洁发膏洁发膏洁发膏,1,该用户可能在强烈催促主播介绍或上架洁发膏产品，或是表达对该产品的急切需求和关注。
achun1999,美容护肤,面膜,1,该用户可能在急切询问或强烈要求主播介绍/上架面膜产品。
achun1999,美容护肤,面膜啥时候上,1,"该用户急切询问面膜产品的上架时间，表现出明确的购买意向和期待。  （解析：结合前文高频出现的""面膜""刷屏及""生日礼物""""机制仅一次""等弹幕，可见直播间正在预热面膜活动，用户受氛围感染主动追问上架节点，属于典型的高意向购物咨询。）"
achun1999,美容护肤,"眼霜,眼霜",1,该用户可能在催促主播介绍或上架眼霜产品，表现出明确的购买意向。
achun1999,美容护肤,卸妆油,1,该用户可能是想询问卸妆油的产品信息或表达对这款商品的兴趣。
achun1999,美容护肤,这个和那个精华哪个好用?,1,该用户是在对比两款精华产品的效果，想了解哪一款更适合自己的需求。
achun1999,美容护肤,干皮能用吗,1,该用户是在询问产品是否适合干性皮肤使用，隐含对产品的关注和潜在的购买意向。
achun1999,美容护肤,洗面奶,1,该用户想表达的含义是：询问直播间是否有洗面奶产品或者对其功效和用法感兴趣。
achun1999,美容护肤,没抢上精油[流泪][流泪][流泪][流泪],1,该用户因错过心仪的精油产品而感到遗憾和失落。
achun1999,美容护肤,胶原精华液,1,该用户可能在询问或表达对直播间正在介绍的胶原精华液产品的兴趣，想了解产品详情或购买方式。
achun1999,美容护肤,蛋黄油啥时候上啊,1,该用户是在急切询问蛋黄油产品的上架时间，表现出明确的购买意向和期待。
achun1999,美容护肤,蛋黄油不上吗?,1,该用户是在急切询问蛋黄油产品何时会上架销售。
achun1999,美容护肤,今天有面膜吗,1,该用户是在询问直播间是否会上架面膜产品，表现出对购买面膜的明确兴趣和需求。
achun1999,美容护肤,洗面奶一天用几次比较好,1,该用户可能对洗面奶的使用频率存在疑问，想了解科学的使用方法以便决定是否购买或正确使用产品。
achun1999,美容护肤,胶原刀,1,"该用户可能在询问或提及一款名为""胶原刀""的美容仪器或产品，表达对其功能、使用方式或上架时间的兴趣。"
achun1999,美容护肤,积雪草面膜还能上吗,1,该用户是在询问直播间是否会再次补货或上架积雪草面膜产品。
achun1999,美容护肤,牙膏牙膏,1,该用户可能在催促主播介绍或上架牙膏产品，表达对牙膏的关注和购买意向。
achun1999,美容护肤,这款怎么用啊,1,该用户可能是对产品使用方法感到好奇，想了解具体操作步骤以便判断是否适合自己需求。
achun1999,美容护肤,控油乳,1,该用户可能在询问直播间是否会推荐或讲解控油乳产品，或是表达自己对这类产品的购买兴趣。
achun1999,美容护肤,太嗨了生日礼物,0,该用户想表达的含义是：直播氛围很热闹，这款产品适合作为生日礼物购买。
achun1999,美容护肤,卸妆油卸妆油卸妆油卸妆油卸妆油卸妆油卸妆油卸妆油卸妆油卸妆油,1,该用户可能在强烈催促主播尽快介绍或上架卸妆油产品，表达迫切想要购买或了解相关信息的意愿。
achun1999,美容护肤,洁发膏洁发膏洁发膏洁发膏洁发膏洁发膏洁发膏洁发膏洁发膏洁发膏洁发膏洁发膏洁发膏洁发膏洁发膏洁发膏洁发,1,该用户想表达的含义是：强烈催促主播尽快上架或介绍洁发膏产品。  （结合前文弹幕高频重复特定产品名的模式（如“卸妆油”刷屏）及直播间购物导向的语境，可推断用户通过密集刷屏表达急切需求，可能是因产品未及时出现或希望引起主播注意。）
achun1999,美容护肤,双生双补上完了吗?,1,该用户是在询问直播间是否已经结束“双生双补”这款产品的促销或讲解环节。
achun1999,美容护肤,玫瑰精油,1,该用户可能是想询问玫瑰精油的相关信息或表达对这款产品的购买兴趣。
achun1999,美容护肤,黑玫瑰精油,1,该用户可能是在询问或确认直播间是否有黑玫瑰精油这款产品，或是表达对这款产品的兴趣和关注。
achun1999,美容护肤,尴尬了,0,该用户可能觉得直播间的产品介绍或互动环节有些生硬或不自然，导致观看体验不太舒适。
achun1999,美容护肤,"开播跟到现在,来点香皂吧[捂脸][捂脸][捂脸]",1,该用户想表达的含义是：已经全程观看直播但还没等到心仪产品，希望主播尽快推荐或上架香皂。
achun1999,美容护肤,莲花面膜,1,该用户可能在询问或提醒主播介绍/上架莲花面膜这款产品。
achun1999,美容护肤,面膜面膜面膜面膜,1,"该用户急切地询问或催促主播尽快介绍/上架面膜产品。  （分析依据：前文多次出现重复产品名的弹幕模式表达需求，且""莲花面膜""刚被提及，结合""今天有面膜吗""的询问背景，用户通过密集重复强调对面膜的关注度。）"
achun1999,美容护肤,面膜面膜面膜面膜面膜面膜面膜面膜面膜面膜面膜面膜面膜面膜,1,该用户想表达的含义是：强烈要求主播尽快介绍或上架面膜产品。
achun1999,美容护肤,沐浴露,1,该用户可能在询问或催促主播介绍/上架沐浴露产品，表达对该商品的购买兴趣或需求。
achun1999,美容护肤,多久用一次?,1,该用户可能是想询问产品的使用频率或适用周期，以评估是否符合自己的日常需求。
achun1999,美容护肤,丢啊丢啊丢手绢,0,该用户可能在用童谣歌词活跃气氛或调侃直播间的重复刷屏行为，并无实际购买意向。
achun1999,美容护肤,洗面奶[赞],1,该用户想表达的含义是：对洗面奶产品表示认可或感兴趣。  （结合前文弹幕中频繁提及护肤类产品（如面膜、卸妆油、控油乳等）以及具体使用疑问，可推断“洗面奶[赞]”是在直播讨论相关品类时的积极反馈，可能暗示用户有购买意向或认同产品效果。）
achun1999,美容护肤,蛋黄霜,1,该用户可能在询问或催促主播介绍/上架“蛋黄霜”这款产品。
achun1999,美容护肤,别学别学生日礼物生日礼物,0,该用户可能在催促主播别再闲聊，赶紧上架之前提到的生日礼物相关产品。
achun1999,美容护肤,面膜洗发水,1,该用户可能在询问或提及直播间正在介绍的面膜和洗发水产品，表达对这两类商品的关注或购买意向。
achun1999,美容护肤,没抢到,0,该用户想表达的含义是：对刚才直播中促销的商品没抢到手感到遗憾。  （结合前文高频出现的具体产品词（如卸妆油、面膜、洗发水等）和抢购氛围，用户很可能是在参与限时秒杀或热门商品上架时未能成功下单。）
achun1999,美容护肤,黑玫瑰精油[比心][比心][比心],1,该用户通过重复产品名称和爱心表情，强烈表达对黑玫瑰精油的喜爱和购买意愿。
achun1999,美容护肤,金星是吗,0,该用户可能在询问直播中提到的某个产品（如玫瑰精油）是否含有金星成分或与金星有关联。
achun1999,美容护肤,上面膜别巴巴了,1,该用户想表达的含义是：催促主播别再闲聊了，赶紧上架面膜产品。
achun1999,美容护肤,"胶原精华水,胶原面膜",1,该用户可能在催促主播上架或详细介绍胶原蛋白系列的护肤产品，表达对这类商品的强烈兴趣或购买意向。
achun1999,美容护肤,生日礼物,0,该用户可能是在询问主播是否有适合作为生日礼物的产品推荐，或是暗示自己需要挑选生日礼物而关注直播中的商品。
achun1999,美容护肤,面膜面膜面膜面膜面膜面膜面膜面膜面膜面膜面膜面膜面膜面膜面膜,1,该用户想表达的含义是：强烈要求主播尽快上架或详细介绍面膜产品。
achun1999,美容护肤,白玫瑰几号链接,1,该用户想询问白玫瑰产品的购买链接编号，表明对这款商品有明确的购买意向。
achun1999,美容护肤,蛋黄油蛋黄油蛋黄油,1,该用户可能在强烈催促主播上架或详细介绍蛋黄油产品，表现出明确的购买意向或对该商品的急切需求。
achun1999,美容护肤,面膜呢,1,该用户是在催促主播尽快介绍或上架面膜产品。
achun1999,美容护肤,熬夜霜,1,该用户可能在询问或提及直播间正在介绍的熬夜霜产品，表达对其功效或购买方式的兴趣。
achun1999,美容护肤,头发精油,1,该用户可能在询问或暗示对直播间提到的头发精油产品感兴趣，希望主播介绍或上架相关商品。
achun1999,美容护肤,黄金皂,1,该用户可能在询问或提及直播间正在介绍的某款含有黄金成分的洁面皂产品。
achun1999,美容护肤,怎么用啊这个泥膜,1,该用户想表达的含义是：询问这款泥膜的具体使用方法，表现出对产品的实际使用兴趣和潜在购买意向。
achun1999,美容护肤,洗面奶,1,该用户可能是对当前或之前提到的洗面奶产品产生了兴趣，想进一步了解或询问相关信息。
achun1999,美容护肤,蛋黄油面霜,1,该用户可能在询问或表达对“蛋黄油面霜”这款产品的兴趣，希望了解其详情或购买方式。
achun1999,美容护肤,黑玫瑰精油[比心][比心][比心]黑玫瑰精油[比心][比心][比心]黑玫瑰精油[比心][比心][比心],1,该用户想表达的含义是：对黑玫瑰精油产品表现出强烈的喜爱和购买意愿。  （结合前文弹幕中多次提及“黑玫瑰精油”且搭配[比心]表情，可推断用户高度关注该产品，并可能希望通过重复弹幕引起主播注意或强调需求。）
achun1999,美容护肤,"赚钱了赚钱了,今天又赚几个亿",0,该用户可能在用夸张的语气表达对直播商品的喜爱和购买冲动，暗示自己已经准备好“豪掷千金”抢购产品。  （结合前文弹幕高频出现的“黑玫瑰精油”“面膜”“蛋黄油”等商品名，以及“没抢到”“几号链接”等购买意向表达，可推断当前直播间氛围热烈，用户通过戏谑式炫富配合抢购情绪。）
achun1999,美容护肤,蛋黄油呢,1,该用户是在询问直播间是否有蛋黄油产品上架或何时讲解该商品。
achun1999,美容护肤,护发精油没抢到,1,该用户因错过购买护发精油而感到遗憾，表达了对该产品的强烈兴趣和希望再次上架的意愿。
achun1999,美容护肤,洁发膏,1,该用户可能在询问或催促主播介绍/上架洁发膏产品。
achun1999,美容护肤,"你好,控油面霜你好,控油面霜你好,控油面霜",1,该用户可能是在反复询问或强调对控油面霜的关注，表达想了解或购买该产品的意愿。
achun1999,美容护肤,生日礼物生日礼物生日礼物,0,该用户可能是在强调自己正在寻找适合作为生日礼物的产品，暗示对直播中提到的某些商品（如面膜、精油等）有购买意向。
achun1999,美容护肤,蛋黄保湿霜,1,该用户可能在询问或表达对“蛋黄保湿霜”这款产品的兴趣，希望主播介绍或上架该商品。
achun1999,美容护肤,在这里,0,该用户可能在询问当前讨论的产品或优惠活动对应的购买链接在哪里。
achun1999,美容护肤,我就是,0,"该用户想表达的含义是：确认自己就是刚才提到的某款产品的购买者或关注者（例如""生日礼物""或""蛋黄油""的询问者）。"
achun1999,美容护肤,卸妆油啥日期啊,1,该用户想询问卸妆油的生产日期或保质期信息，可能是出于对产品新鲜度或使用时效的考虑而提出的购买前确认需求。
achun1999,美容护肤,蛋黄有吗?,1,该用户可能在询问直播间是否有售卖蛋黄油或相关蛋黄系列产品。
achun1999,美容护肤,香皂今天还有吗,1,该用户是在询问直播间是否还有黄金皂库存可供购买。
achun1999,美容护肤,蛋黄霜,1,该用户可能在询问或表达对“蛋黄油面霜”或类似蛋黄成分护肤产品的兴趣或需求。
achun1999,美容护肤,"蛋黄油,蛋黄油,蛋黄油",1,该用户急切询问或催促主播介绍/上架蛋黄油产品，可能是对之前提到的“蛋黄油面霜”“蛋黄有吗”等同类产品的延续性兴趣表达。
achun1999,美容护肤,买得太快啊,0,该用户想表达的含义是：商品被抢购的速度太快，自己还没来得及下单。
achun1999,美容护肤,不送那个金手链吗,1,该用户可能在询问直播间是否会有赠送金手链的促销活动，暗示对该商品有兴趣并希望获得优惠。
achun1999,美容护肤,蛋黄油,1,该用户可能是在询问或确认直播间是否有售卖蛋黄油产品，并表现出对该产品的兴趣或购买意向。
achun1999,美容护肤,生日礼物生日礼物,0,该用户可能在询问或暗示主播推荐适合作为生日礼物的产品。
achun1999,美容护肤,控油的那个呢[发呆],1,该用户是在询问之前提到的控油产品（可能是控油面霜）为何没有继续展示或讲解，同时用表情符号流露出困惑或等待的情绪。
achun1999,美容护肤,护发精油没洗到,0,"该用户想表达的是：之前想买的护发精油因为手速慢没抢到货。  （结合前文语境，""没抢到""是高频抱怨，且直播间商品秒杀氛围浓厚，用户是在惋惜错失购买机会。）"
achun1999,美容护肤,桶装白细胞有吗,1,该用户可能是在询问直播间是否有售卖桶装包装的白细胞相关产品（如护肤品或保健品）。
achun1999,美容护肤,我我我我我我我我我我我哦我我我我我,0,该用户想表达的含义是：强烈表示自己想要购买或参与当前讨论的商品（很可能是“蛋黄油”或其他热门产品），通过重复字词来强调急切和抢购意愿。
achun1999,美容护肤,积雪草面膜上,1,该用户想询问直播间是否有积雪草面膜这款产品在售或关注其相关介绍。
achun1999,美容护肤,买的太快了,0,该用户可能是在感叹商品抢购速度太快，自己还没来得及下单就售罄了。
achun1999,美容护肤,蛋黄油今天有吗,1,该用户是在询问直播间今天是否会上架或售卖蛋黄油产品，表现出明确的购买意向和急切想要获取该商品的心情。
achun1999,美容护肤,蛋黄油保湿霜有吗,1,该用户是在询问直播间是否有售卖蛋黄油保湿霜这款产品。
achun1999,美容护肤,香皂有没有,1,该用户是在询问直播间是否有香皂这款商品在售。
achun1999,美容护肤,满满的胶原蛋白,0,该用户可能在称赞或询问直播间推荐的某款富含胶原蛋白的产品。
achun1999,美容护肤,我今天生日,0,该用户可能是在暗示希望获得直播间提供的生日礼物或优惠福利。
achun1999,美容护肤,"精油皂精油皂,磨砂膏,磨砂膏",1,该用户急切地询问或催促主播上架/介绍精油皂和磨砂膏产品。
achun1999,美容护肤,等一天啦,0,该用户想表达的含义是：期待已久终于等到产品上架的时刻了。
achun1999,美容护肤,主播下午好,0,该用户可能是在礼貌问候主播的同时，想引起注意以便后续询问商品信息或参与互动。
achun1999,美容护肤,一直在用,0,该用户想表达的含义是：自己长期使用该产品并对其效果表示认可。
achun1999,美容护肤,你真棒,0,该用户可能是在称赞主播的推荐或表现，表达对直播内容的认可和满意。
achun1999,美容护肤,洗发水,1,该用户可能在询问直播间是否有洗发水产品，或是针对之前提到的护发产品（如护发精油）进一步询问洗发水的相关信息。
achun1999,美容护肤,老板敞亮,0,该用户想表达的含义是：对主播给出的优惠或福利感到满意和赞赏。
achun1999,美容护肤,身体乳嘎嘎香那个还有吗,1,该用户是在询问直播间之前推荐过的一款香味浓郁的身体乳是否还有库存可供购买。
achun1999,美容护肤,好用好用好用好用好用,1,该用户想表达的含义是：对产品使用效果非常满意并强烈推荐。
achun1999,美容护肤,产品很好用嘛,1,该用户可能是在认可产品的使用效果，暗示自己有兴趣购买或已经对产品产生好感。
achun1999,美容护肤,"相信,信任,买买买生日礼物相信,信任,买买买",0,该用户想表达的含义是：出于对主播和产品的信任，决定下单购买作为生日礼物。
achun1999,美容护肤,买一次,0,该用户想表达的是对当前推荐的产品产生了购买意向，打算下单尝试一次。
achun1999,美容护肤,"不求千人买一次,但求一人买千回",0,该用户想表达的含义是：比起吸引大量顾客一次性购买，更希望能培养忠实客户长期复购。
achun1999,美容护肤,"此生Z大场,机制仅一次",0,该用户想表达的含义是：这次直播的优惠力度空前绝后，是唯一一次不容错过的购买机会。
achun1999,美容护肤,面膜没了吗,1,该用户是在询问面膜是否已经售罄，表达了对该产品的购买意向和抢购的急切心情。
achun1999,美容护肤,等到了,0,该用户想表达的含义是：终于等到心仪的产品上架了。
achun1999,美容护肤,"蛋黄油,蛋黄油,蛋黄油",1,该用户可能是在强烈表达对蛋黄油产品的兴趣或需求，希望通过重复强调引起主播注意并获取相关信息或购买链接。
achun1999,美容护肤,水乳霜,1,该用户可能在询问或提及直播间正在介绍的护肤品套装（水、乳、霜的组合）。
achun1999,美容护肤,好给力呀,0,该用户想表达的含义是：对当前直播间的优惠力度或产品效果感到非常满意和兴奋。
achun1999,美容护肤,面膜面膜面膜面膜面膜面膜面膜,1,该用户急切询问或催促主播重新上架面膜产品。
achun1999,美容护肤,200ml的吧听介绍过,0,该用户可能在确认产品容量是否为200ml，并表示之前听过主播介绍这款产品。
achun1999,美容护肤,化妆前补水可以吧,1,该用户可能在询问化妆前的补水步骤是否适用当前直播推荐的产品。
achun1999,美容护肤,面膜面膜面膜面膜面膜面膜面膜面膜面膜面膜面膜面膜面膜面膜面膜面膜,1,该用户急切地询问或催促主播再次上架面膜产品。
achun1999,美容护肤,那用人参水乳还是用这个精华水呀每个都买了[流泪],0,该用户表达的是在人参水乳和精华水之间难以抉择，最终选择全购买的纠结与兴奋心情。
achun1999,美容护肤,活动力度好大呀[鼓掌][鼓掌][鼓掌],0,该用户被直播间的优惠活动所吸引，表达了对促销力度的强烈认可和兴奋情绪。
achun1999,美容护肤,"执着黑玫瑰精油,太爱了[流泪]还有没",1,该用户想表达的含义是：非常喜欢黑玫瑰精油这款产品，迫切想知道是否还有库存可以购买。
achun1999,美容护肤,面膜呢?,1,该用户是在急切询问面膜产品的相关信息，可能是担心库存不足或想确认是否还有售卖。
achun1999,美容护肤,太给力了,0,该用户想表达的含义是：对当前直播间的促销活动或产品效果感到非常满意和兴奋。
achun1999,美容护肤,生日礼物,0,该用户可能在询问直播间推荐的产品是否适合作为生日礼物，或暗示自己需要挑选生日礼物而关注直播间的促销信息。
achun1999,美容护肤,说的是我,0,该用户想表达的含义是：主播刚才提到的产品特点或优惠信息正好符合我的需求或情况。
achun1999,美容护肤,面膜面膜面膜面膜面膜面膜面膜面膜面膜面膜面膜面膜面膜面膜面膜面膜面膜面膜面膜面膜面膜面膜面膜面膜面膜,1,该用户想表达的含义是：急切询问或催促主播介绍面膜产品，表现出强烈的购买兴趣和需求。
achun1999,美容护肤,说的就是我[捂脸][捂脸],0,该用户想表达主播描述的某类消费群体特征或使用场景与自己高度吻合，因而产生共鸣和认同感。
achun1999,美容护肤,人参水跟这个用哪个,1,该用户是在询问人参水乳和当前介绍的精华水哪个更适合自己使用，表现出对两款产品的比较和选择需求。
achun1999,美容护肤,蛋黄油不卖么,1,该用户是在询问直播间是否会上架或售卖蛋黄油产品。
achun1999,美容护肤,蛋黄油,1,该用户急切询问蛋黄油产品是否参与直播销售或为何迟迟不上架。
achun1999,美容护肤,主播真大气,0,该用户可能是在称赞主播的促销活动慷慨大方或产品介绍详细到位。
achun1999,美容护肤,"生日快乐,生日快乐,生日快乐!",0,该用户可能是在借直播间的热闹氛围为某人（可能是主播或粉丝）送上生日祝福，而非表达购买意向。
achun1999,美容护肤,生日礼物,0,该用户可能在询问直播间是否有适合作为生日礼物的产品推荐，或是暗示自己需要挑选生日礼物并希望主播提供相关建议。
achun1999,美容护肤,抢光了没拍到,0,该用户因抢购商品失败而感到遗憾，暗示对产品有强烈购买意愿但未能成功下单。
achun1999,美容护肤,生日快乐,0,该用户可能是借主播生日祝福的时机，暗示自己想要将直播间的产品作为生日礼物购买。
achun1999,美容护肤,面膜面膜面膜面膜面膜面膜面膜面膜面膜面膜面膜面膜面膜面膜面膜,1,该用户急切地询问或催促主播介绍/上架面膜产品，可能是被直播间的促销氛围感染而产生了强烈购买意向。
achun1999,美容护肤,面怎么了,0,该用户可能是想询问主播为什么没有详细介绍或展示面膜产品。
achun1999,美容护肤,"我用的都是几块的,实数用不起啊",0,该用户是在委婉表达当前直播商品的价格超出自己的消费能力，暗示产品虽好但自己经济条件有限无法购买。
achun1999,美容护肤,下午好,0,该用户可能是在直播中途进入时礼貌性打招呼，试图融入当前热烈的购物讨论氛围。
achun1999,美容护肤,蛋黄油,1,该用户可能是在询问或确认直播间是否有售卖蛋黄油这款产品。
achun1999,美容护肤,"蛋黄油,蛋黄油,蛋黄油",1,该用户急切询问或催促主播上架蛋黄油产品。
achun1999,美容护肤,这个是湿敷水吗,1,该用户可能在询问直播中展示的产品是否属于湿敷类化妆水，并隐含对产品功能的兴趣或购买意向。
achun1999,美容护肤,太给力了,0,该用户想表达的含义是：对主播的优惠力度或产品效果感到非常满意和兴奋。
achun1999,美容护肤,孕期都能用吗,1,该用户是在询问产品是否适合孕妇使用，以确认其安全性和适用性。
achun1999,美容护肤,你们卡不卡,0,该用户可能在询问直播画面是否流畅，以确认是否因网络问题影响观看和抢购体验。
achun1999,美容护肤,生日礼物,0,该用户可能在询问直播间是否有适合作为生日礼物的产品推荐。
achun1999,美容护肤,擦了你们的防晒了还能喷么,1,该用户可能是在询问使用防晒产品后是否还能叠加使用喷雾类产品，表现出对产品使用方法的关注和潜在的购买意向。
achun1999,美容护肤,孕期能用吗,1,该用户是在询问产品是否适合孕妇使用，以确认其安全性。
achun1999,美容护肤,洁发膏,1,该用户可能在询问或提及直播间正在介绍的洁发膏产品，表达了对该商品的关注或购买意向。
achun1999,美容护肤,生日礼物生日礼物,0,该用户可能在暗示主播推荐适合作为生日礼物的产品，或询问当前展示的商品是否适合当作生日礼物。
achun1999,美容护肤,喷完防晒要补吗?,1,该用户想表达的含义是：询问使用防晒喷雾后是否需要补涂防晒产品。
achun1999,美容护肤,蛋黄油,1,该用户可能是在询问或强调关于“蛋黄油”产品的信息，表达了对这款商品的兴趣或希望了解更多细节。
achun1999,美容护肤,下午好呀主播,0,该用户可能是在礼貌性地打招呼，试图与主播建立互动，同时观察直播间氛围或等待产品介绍。
achun1999,美容护肤,中奖福袋生日礼物,0,该用户可能是希望获得生日相关的福袋赠品作为幸运奖品。
achun1999,美容护肤,这个水儿我女儿11岁能用吗,1,该用户是在询问这款护肤水是否适合11岁女孩使用，关注产品的适用年龄和安全性。
achun1999,美容护肤,生日礼物下午好,0,该用户可能在直播间看到有人提到“生日礼物”后，联想到自己需要选购生日礼物，于是用简短的问候语“下午好”来引起主播注意，暗示想咨询适合作为生日礼物的产品推荐。
achun1999,美容护肤,用拉皮和他可以吗,1,该用户可能在询问产品是否可以与其他护肤品（如“拉皮”和“他”）搭配使用。
achun1999,美容护肤,这个水我女儿11岁能用吗,1,该用户是在询问这款护肤水是否适合11岁儿童使用，关注产品的适用年龄和安全性。
achun1999,美容护肤,面膜面膜面膜,1,该用户可能是在急切地询问或催促主播介绍面膜产品，表达出强烈的购买兴趣或需求。
achun1999,美容护肤,孕期哺乳期能用吗,1,该用户想确认该产品是否适合孕妇和哺乳期女性使用，以评估其安全性和适用性。
achun1999,美容护肤,帅生日礼物,0,该用户可能在询问主播推荐的产品是否适合作为男性生日礼物。
achun1999,美容护肤,太炸了,0,该用户想表达的含义是：这款产品的效果或直播间的氛围非常惊艳和吸引人。
achun1999,美容护肤,给力啊,0,该用户想表达的含义是：对直播内容或优惠活动感到非常满意和兴奋。
achun1999,美容护肤,那用人参水乳还是用这个精华水呀每个都买了,1,该用户想表达的含义是：在人参水乳和精华水之间犹豫不决，最终决定两款产品都下单购买。
achun1999,美容护肤,有试用装吗,1,该用户是在询问产品是否有小样可供尝试，以确认是否适合自己再决定是否购买。
achun1999,美容护肤,吱吱吱生日礼物,0,该用户可能是在询问或暗示主播能否将某款产品作为生日礼物推荐或赠送。
achun1999,美容护肤,大秀你不累啊,0,该用户可能是在调侃主播持续卖力表现的状态，暗示主播的活跃度很高甚至有些夸张。
achun1999,美容护肤,觉得就到家好多好多话,0,该用户可能是在感叹直播间的氛围热闹、信息量大，觉得弹幕刷得太快像是有说不完的话。
achun1999,美容护肤,人参水好还是这个好,1,该用户是在询问主播当前推荐的产品与人参水相比哪个效果更好或更值得购买。
achun1999,美容护肤,蛋黄油再上点,1,该用户希望主播尽快补货或增加蛋黄油的库存供购买。
achun1999,美容护肤,"@那一世时尚铺西藏,部分偏远地区可以联系商家客服哦",0,该用户是在提醒其他观众，如果身处偏远地区想购买商品，可以主动联系客服咨询配送事宜。
achun1999,美容护肤,洗面奶,1,该用户可能是在询问主播当前展示或提到的洗面奶产品的相关信息或使用体验。
achun1999,美容护肤,人参水好还是这个好???,1,该用户正在比较两款产品（人参水和当前展示的精华水）的效果，希望主播能给出购买建议以帮助决策。
achun1999,美容护肤,链接呢?,1,该用户可能在询问商品购买链接的位置，表现出对当前讨论的产品有购买意向或想进一步了解详情。
achun1999,美容护肤,西藏不发货吗,0,该用户是在询问商品是否支持配送到西藏地区，可能因看到其他偏远地区需联系客服的提示而产生疑虑。
achun1999,美容护肤,这个跟人生水那个好,1,该用户是在询问主播当前推荐的产品与之前提到过的“人参水”相比哪个效果更好，想获得购买建议。
achun1999,美容护肤,洗发水,1,该用户可能在询问洗发水的相关信息或表达对洗发水产品的兴趣。
achun1999,美容护肤,蛋黄油,1,该用户想表达的含义是：希望主播再增加一些蛋黄油产品的库存或购买机会。
achun1999,美容护肤,液态胶原刀上了吗,1,该用户是在询问直播中是否已经开始介绍或售卖“液态胶原刀”这款产品。
achun1999,美容护肤,喷防晒还能喷吗,1,该用户可能是在询问防晒喷雾产品是否还有库存或是否可以继续购买。
achun1999,美容护肤,生日快乐!,0,该用户可能在直播间看到他人提及生日礼物相关话题后，借主播生日或产品促销时机表达祝福以互动，同时隐含对生日主题商品的潜在兴趣。
achun1999,美容护肤,认真学习领会自己,0,该用户可能在调侃或自嘲地表示自己正在专注学习直播中的产品信息，试图理解并做出购买决策。
achun1999,美容护肤,"没了,加库存",1,该用户是在催促主播补充已售罄的商品库存，表现出明确的购买意愿和急迫需求。
achun1999,美容护肤,洁发膏洁发膏洁发膏洁发膏洁发膏洁发膏洁发膏洁发膏洁发膏洁发膏洁发膏洁发膏洁发膏洁发膏洁发膏洁发膏,1,该用户可能在强烈催促主播上架或重点介绍“洁发膏”产品，表达急切想了解或购买的意愿。
achun1999,美容护肤,生日礼物生日礼物,0,该用户可能在询问直播间是否有适合作为生日礼物的产品推荐或促销活动。
achun1999,美容护肤,没抢到,0,该用户想表达的是对某款已售罄商品的遗憾和未能成功购买的失落情绪。
achun1999,美容护肤,人参霜,1,该用户可能在询问或表达对直播间提到的“人参霜”产品的兴趣，想了解其功效或与其他人参类产品的比较。
achun1999,美容护肤,可以当爽肤水用吗,1,该用户是在询问当前直播展示的产品是否具备爽肤水的功效或能否替代爽肤水使用。
achun1999,美容护肤,面膜修复,1,该用户可能在询问直播间是否有修复功能的面膜产品，或是想了解当前展示的面膜是否具有修复功效。
achun1999,美容护肤,有没有面膜,1,该用户是在询问直播间是否会上架或推荐面膜产品，表现出对购买面膜的兴趣和需求。
achun1999,美容护肤,胶原刀胶原刀胶原刀,1,"该用户急切地询问或催促主播上架/介绍""胶原刀""产品，表现出强烈的购买意向或对该产品的重点关注。"
achun1999,美容护肤,蛋黄油,1,该用户可能在询问或提及直播中介绍的蛋黄油产品，表达对其功效或购买方式的兴趣。
achun1999,美容护肤,洗面奶什么机制,1,该用户可能是在询问洗面奶的具体功效或工作原理，想了解产品特点以判断是否适合自己。
achun1999,美容护肤,你喊啥,0,该用户可能是在催促主播尽快介绍或上架某个产品，表达了对直播节奏或内容安排的不耐烦。
achun1999,美容护肤,阿纯还有牙膏嘛,1,该用户是在询问主播是否还有牙膏库存可供购买。
achun1999,美容护肤,蛋黄油啥会儿上,1,该用户是在急切询问蛋黄油产品的上架时间，表现出明确的购买意向和期待。
achun1999,美容护肤,想要蛋黄油,1,该用户是在询问或催促主播尽快上架蛋黄油产品，表现出明确的购买意向。
achun1999,美容护肤,主播说的非常好,0,该用户可能是在认可主播对产品（如蛋黄油、胶原刀等热门商品）的讲解效果，暗示自己因主播的介绍而产生兴趣或信任感。
achun1999,美容护肤,啥牌子的呀,1,该用户是在询问当前直播中提到的某款产品的品牌信息，表现出对商品具体来源的关注和潜在的购买意向。
achun1999,美容护肤,洗面奶,1,该用户可能在询问当前直播中提到的洗面奶的具体产品信息或购买方式。
achun1999,美容护肤,带妆能喷吗,1,该用户想询问产品是否适合在化妆后直接使用。
achun1999,美容护肤,"去黑头的有了,收缩毛孔的用哪个呀,夏天到了毛孔更粗大了[流泪]",1,该用户正在询问直播间推荐的收缩毛孔产品，并表达了对夏季毛孔问题的焦虑和迫切需求。
achun1999,美容护肤,阿纯的洗面奶确实好用,1,该用户是在肯定主播推荐的洗面奶效果，暗示自己使用后认可产品品质，可能带有向其他观众安利的意图。
achun1999,美容护肤,能送试用装泥膜吗拍这个,1,该用户想询问购买产品时是否能附赠泥膜试用装。
achun1999,美容护肤,西藏不发货吗,0,该用户是在询问直播间所售商品是否支持发往西藏地区。
achun1999,美容护肤,这个水儿我女儿11岁能用吗?回答一下[爱心][爱心][爱心][爱心][爱心][爱心][比心],1,该用户是在询问这款护肤水是否适合11岁儿童使用，表现出明确的购买意向和产品适用性关切。
achun1999,美容护肤,红血丝用什么,1,该用户想询问针对红血丝问题的护肤产品推荐或解决方案。
achun1999,美容护肤,没抢到,0,该用户想表达的含义是：对当前促销商品未能及时下单感到遗憾，并暗示仍有购买意愿。  （结合前文弹幕中频繁提及蛋黄油等抢手商品，且直播间氛围以咨询和抢购为主，用户因手速或库存问题未能成功购买目标商品，但潜在希望主播补货或再次上架。）
achun1999,美容护肤,蛋黄油,1,该用户是在询问或表达对“蛋黄油”这款产品的兴趣或购买意向。
achun1999,美容护肤,"这个水儿,我女儿11岁,能用吗?回答一下,回答一下呀[爱心][爱心][爱心][爱心][爱心][爱心][爱心][爱心]",1,该用户急切想确认这款护肤水是否适合自己11岁的女儿使用，并强烈希望主播尽快回应她的问题。
achun1999,美容护肤,生日礼物生日礼物,0,该用户可能在询问或暗示主播推荐适合作为生日礼物的产品。
achun1999,美容护肤,@震耳欲聋的沉默护肤品不分男女哦,0,该用户想表达的含义是：护肤品适合所有性别，不必区分男女使用。  （结合前文弹幕中频繁提及的洗面奶、蛋黄油等具体护肤品，以及关于适用人群的提问（如“11岁能用吗”），用户可能是在回应直播间讨论的性别限制问题，强调产品的普适性，以打消潜在购买者的顾虑。）
achun1999,美容护肤,西藏发货吗,0,该用户是在询问商品是否支持发往西藏地区，可能有意向购买但担心物流限制。
achun1999,美容护肤,想要泥膜,1,该用户表达了对直播中介绍的泥膜产品有明确的购买意向或试用需求。
achun1999,美容护肤,"花了好多钱,让我中个奖吧",0,该用户想表达的含义是：虽然已经消费了不少，但希望能通过抽奖获得一些回馈或福利。
achun1999,美容护肤,真的假的啊,1,该用户可能对主播介绍的产品功效或优惠信息存疑，想确认真实性。
achun1999,美容护肤,蛋黄霜,1,该用户可能是在询问或表达对直播间提到的“蛋黄霜”产品的兴趣，想了解详情或表示购买意向。
achun1999,美容护肤,掏空了[看],0,该用户想表达的含义是：已经买了很多商品，钱包被清空了。  （结合前文弹幕中频繁出现的购买咨询、产品讨论以及“花了好多钱”等类似表达，可推断用户是在调侃自己因直播促销而大量消费，语气带点幽默和无奈。）
achun1999,美容护肤,这个水儿我女儿11岁能用能喷吗?回答一下[爱心][爱心][爱心][爱心][爱心][爱心][爱心],1,该用户急切想确认这款护肤水是否适合自己11岁的女儿使用，并通过重复提问和大量爱心符号强调其购买意愿和需求重要性。
achun1999,美容护肤,西藏发货嘛,0,该用户是在确认商品是否支持配送至西藏地区，表现出对产品的潜在购买意向。
achun1999,美容护肤,毛巾啥时候上,1,该用户是在询问毛巾产品的上架时间，表现出明确的购买意向和期待。
achun1999,美容护肤,泥膜再开一下,1,该用户希望主播再次展示或讲解泥膜产品，可能是出于购买意向或想进一步了解产品信息。
achun1999,美容护肤,我想要金手链,1,该用户明确表达了对直播间展示的金手链有强烈的购买意向。
achun1999,美容护肤,没抢到,0,该用户因未能成功购买到心仪商品而感到遗憾和失落。
achun1999,美容护肤,蛋黄油面霜,1,该用户可能是在询问或确认直播间是否在介绍含有蛋黄油成分的面霜产品。
achun1999,美容护肤,"去黑头,缩毛孔的组合装出一套呗",1,该用户希望主播能推出针对去黑头和收缩毛孔问题的护肤套装。
achun1999,美容护肤,"谢谢主播,主播真棒!",0,该用户想表达的含义是：对主播的讲解或服务表示满意和感谢，但并未直接表现出购买意向。
achun1999,美容护肤,液态胶原刀上了吗朋友们,1,该用户是在询问主播是否已经开始售卖或介绍“液态胶原刀”这款产品，并希望得到其他观众的确认或回应。
achun1999,美容护肤,哪个是管美白的,1,该用户想询问直播间推荐的哪款产品具有美白功效。
achun1999,美容护肤,下午好,0,该用户可能是在礼貌性打招呼，试图引起主播注意以便后续提问或互动。
achun1999,美容护肤,@阿纯的美容院,0,该用户可能是在询问或提醒主播关于“阿纯的美容院”相关产品或服务的信息，表达了对该品牌或店铺的关注和兴趣。
achun1999,美容护肤,平衡霜上吗?[哈欠][哈欠][哈欠][哈欠][哈欠][哈欠][哈欠][哈欠][哈欠][哈欠][哈欠][哈欠],1,该用户可能是熬夜观看直播的老粉，用重复的哈欠表情暗示自己困倦但仍坚持等待平衡霜上架，既表达购买意向又带点调侃催促的意味。
achun1999,美容护肤,补水涂抹面膜,1,该用户可能在询问或表达对补水功效的面膜产品的兴趣，希望主播介绍或推荐相关产品。
achun1999,美容护肤,主播讲解的非常好,0,该用户可能是在认可主播的专业讲解后，对产品产生了进一步信任或购买意向。
achun1999,美容护肤,蛋黄那个霜什么时候上,1,该用户是在急切询问主播蛋黄油面霜这款产品的上架时间，表现出明确的购买意向和迫切需求。
achun1999,美容护肤,胶原面膜没有吗,1,该用户是在询问直播间是否会上架或补货胶原面膜产品，表达了对该商品的购买意向或需求。
achun1999,美容护肤,"没了,别说了",0,用户因心仪商品售罄或未及时返场而感到失望，暗示主播无需继续推销该产品。
achun1999,美容护肤,"生日礼物,开业大吉,始于颜值忠于人品",0,该用户可能在用祝福语暗示对某款适合作为礼品的商品感兴趣，想了解产品细节或优惠信息。
achun1999,美容护肤,阿纯还有牙膏嘛,1,该用户是在询问主播是否还有牙膏库存可供购买。
achun1999,美容护肤,挺不错的主播,0,该用户想表达的含义是：对主播的表现感到满意并给予认可。
achun1999,美容护肤,让我中奖,0,该用户希望通过参与抽奖活动获得主播提供的福利或赠品。
achun1999,美容护肤,这么多人扣蛋黄油怎么不上呢,1,该用户是在催促主播尽快上架蛋黄油产品，并对其迟迟未上架表示疑惑和不满。
achun1999,美容护肤,胶原刀,1,该用户可能在询问主播关于“胶原刀”产品的上架情况或具体功能信息。
achun1999,美容护肤,上蛋黄油,1,该用户是在催促主播尽快上架蛋黄油产品，表现出明确的购买需求和急切心情。
achun1999,美容护肤,带妆可以喷吗,1,该用户是在询问当前直播推荐的产品是否适合在化妆后使用。
achun1999,美容护肤,蛋黄面霜,1,该用户是在询问或催促主播尽快介绍或上架“蛋黄面霜”这款产品。
achun1999,美容护肤,当擦脸水用好使不,1,该用户是在询问产品作为面部爽肤水使用的实际效果如何。
achun1999,美容护肤,卸妆油,1,该用户可能在询问主播是否会上架或介绍卸妆油产品，或是想了解当前展示的卸妆油相关使用信息。
achun1999,美容护肤,蛋黄霜蛋黄霜蛋黄霜蛋黄霜蛋黄霜蛋黄霜蛋黄霜蛋黄霜,1,该用户急切催促主播尽快上架或详细介绍“蛋黄霜”产品，可能是对这款商品有强烈购买意向或好奇。
achun1999,美容护肤,"每次大促都屯好多好多,一直在用[捂脸][捂脸][捂脸]",0,该用户想表达的含义是：自己是该产品的忠实消费者，每逢促销都会大量囤货且长期使用。  （结合前文弹幕中频繁提及“蛋黄霜”等产品，可推断用户提及的囤货对象是直播间主推商品，并通过表情符号[捂脸]强化对自身购买行为的调侃式认可。）
achun1999,美容护肤,我想买个美白的,1,该用户想表达的是对直播间美白产品的购买意向和需求询问。
achun1999,美容护肤,黄金皂,1,该用户可能在询问或催促主播上架或介绍“黄金皂”这款产品。
achun1999,美容护肤,洗面奶,1,该用户可能在询问直播间是否有洗面奶产品上架或推荐。
achun1999,美容护肤,有乳液吗,1,该用户是在询问直播间是否有售卖乳液产品。
achun1999,美容护肤,生日礼物生日礼物生日礼物,0,该用户可能在暗示希望主播推荐适合作为生日礼物的产品，或期待直播间推出相关的促销活动。
achun1999,美容护肤,"蛋黄油,蛋黄油,蛋黄油,蛋黄油,蛋黄油,蛋黄油",1,该用户急切催促主播上架或介绍蛋黄油产品，可能是看到其他观众也在刷类似内容而跟风强调需求。
achun1999,美容护肤,黑玫瑰精油有么?,1,该用户是在询问直播间是否有售卖黑玫瑰精油这款产品，表现出明确的购买意向。
achun1999,美容护肤,肥皂呢,1,该用户是在询问主播是否会上架或展示肥皂产品。
achun1999,美容护肤,面膜上,1,该用户是在催促主播上架面膜产品。
achun1999,美容护肤,"上一个拍一个,破产了",0,该用户想表达的含义是：产品太吸引人了，忍不住一直下单购买，都快花光积蓄了。
achun1999,美容护肤,积雪草面膜,1,该用户可能在询问或催促主播介绍或上架积雪草面膜这款产品。
achun1999,美容护肤,洗面奶洗了会不会干?,1,该用户是在询问这款洗面奶使用后是否会导致皮肤紧绷或干燥，表现出对产品保湿效果的关注和潜在的购买顾虑。
achun1999,美容护肤,精油皂有没有呀,1,该用户是在询问直播间是否有精油皂这款产品，表现出对购买该商品的兴趣。
achun1999,美容护肤,洗发水,1,该用户可能在询问直播间是否有洗发水产品，或对洗发水的功效、价格等具体信息感兴趣。
achun1999,美容护肤,洗发水看看行吗,1,该用户想询问主播是否可以展示或详细介绍洗发水产品，以评估其是否符合自己的购买需求。
achun1999,美容护肤,蛋黄面霜,1,"该用户可能是对""蛋黄面霜""产品产生兴趣，想询问相关信息或表达购买意向。"
achun1999,美容护肤,玫瑰精油了?????????,1,该用户急切地询问直播间是否有玫瑰精油产品，并可能对产品功效或价格有强烈兴趣。
achun1999,美容护肤,蛋黄油面霜,1,该用户想表达的含义是：询问直播间是否有蛋黄油面霜这款产品。
achun1999,美容护肤,蛋黄油蛋黄油蛋黄油蛋黄油蛋黄油蛋黄油蛋黄油蛋黄油蛋黄油蛋黄油,1,该用户可能是在强烈表达对蛋黄油产品的兴趣或需求，希望主播尽快介绍或上架该商品。
achun1999,美容护肤,洗面奶,1,该用户可能是在询问直播间是否有洗面奶产品，或是想了解洗面奶的相关信息。
achun1999,美容护肤,玫瑰精油?????????,1,该用户急切询问直播间是否有玫瑰精油产品，并表现出强烈的购买意愿。
achun1999,美容护肤,洗面奶有没,1,该用户想询问直播间是否有洗面奶这款产品在售。
achun1999,美容护肤,"看了阿纯几年直播我也没中过啊,没那运气能咋整",0,该用户是在抱怨自己长期观看直播却从未中过奖，对抽奖活动的公平性或自身运气感到无奈和失望。
achun1999,美容护肤,"上,人参面霜吗???????",1,该用户急切询问主播是否会上架人参面霜产品，并表现出强烈的购买意愿。
achun1999,美容护肤,上人参面霜吗???????,1,该用户急切询问主播是否会上架人参面霜产品，表现出强烈的购买意愿和期待感。
achun1999,美容护肤,面膜面膜面膜面膜面膜面膜面膜面膜面膜面膜面膜面膜,1,该用户急切催促主播上架或展示面膜产品，可能是对之前提到的积雪草面膜感兴趣或希望看到更多面膜品类。
achun1999,美容护肤,面膜呢,1,该用户是在催促主播尽快介绍或上架面膜产品，表现出明确的购买意向和急切心情。
achun1999,美容护肤,积雪草,1,该用户可能是在询问或提及与“积雪草”相关的产品，比如积雪草面膜或其他含有该成分的护肤品。
achun1999,美容护肤,玫瑰精油你,1,该用户可能在急切询问主播关于玫瑰精油产品的详细信息或催促上架该商品。
achun1999,美容护肤,控油面霜控油面霜,1,该用户急切希望主播介绍或上架控油面霜产品。
achun1999,美容护肤,蛋黄霜蛋黄霜蛋黄霜蛋黄霜蛋黄霜蛋黄霜蛋黄霜蛋黄霜,1,该用户急切希望主播介绍或上架蛋黄霜产品，可能是对之前提到的“蛋黄面霜”或“蛋黄油面霜”产生了强烈兴趣，通过重复刷屏的方式表达购买意愿和催促情绪。
achun1999,美容护肤,你还想鲨人[看],0,该用户可能是在用调侃的语气表达对主播频繁推销同一款产品（如蛋黄油面霜）的无奈或不满，暗示主播的推销攻势过于猛烈像要“鲨人”。
achun1999,美容护肤,玫瑰精油了??????,1,该用户急切询问主播是否会上架或介绍玫瑰精油产品。
achun1999,美容护肤,小哥哥下午好,0,该用户可能是在打招呼的同时试图引起主播注意，为后续询问产品或参与互动做铺垫。
achun1999,美容护肤,我蹲了4个小时,0,该用户想表达的是：我已经耐心等待了很长时间，对当前或即将上架的产品有较强的购买意愿。  （结合前文弹幕高频出现的产品关键词如“蛋黄油面霜”“玫瑰精油”等，用户“蹲”的行为暗示其持续关注直播进度，可能是为了抢购特定商品或参与活动，长时间的等待进一步强化了其购买意图。）
achun1999,美容护肤,积雪草面膜,1,该用户可能在询问或催促主播上架积雪草面膜这款产品。
achun1999,美容护肤,玫瑰精油了????,1,该用户急切询问玫瑰精油产品是否已经上架或开始售卖。
achun1999,美容护肤,"阿纯,素颜霜上了吗?",1,该用户是在询问主播阿纯是否已经上架了素颜霜产品，表现出对这款商品的关注和购买意向。
achun1999,美容护肤,玫瑰精油呢,1,该用户是在催促主播尽快介绍或上架玫瑰精油产品。
achun1999,美容护肤,眼霜眼霜医师,1,该用户可能在催促主播尽快介绍或上架眼霜产品，并询问是否有专业医师推荐或背书。
achun1999,美容护肤,生日礼物,0,该用户可能在询问直播间是否有适合作为生日礼物的产品推荐。
achun1999,美容护肤,控油面霜,1,该用户是在询问或催促主播介绍或上架控油面霜产品。
achun1999,美容护肤,"开播跟到现在,来点香皂吧[捂脸][捂脸][捂脸]",1,该用户想表达的含义是：我已经全程观看直播很久了，希望能尽快上架香皂产品。
achun1999,美容护肤,洗发水可以讲一下,1,该用户想表达的含义是：希望主播详细介绍洗发水的产品信息或功能特点。
achun1999,美容护肤,下午好,0,该用户可能是在礼貌性问候主播的同时，暗示自己已观看直播较长时间，希望获得互动或产品推荐。
achun1999,美容护肤,眼霜眼霜,1,该用户是在催促主播尽快介绍或上架眼霜产品，表现出明确的购买意向和急切心情。
achun1999,美容护肤,主播下午好,0,该用户可能是在礼貌性问候主播的同时，暗示自己已观看直播较长时间并等待产品介绍。
achun1999,美容护肤,面膜面膜面膜面膜面膜面膜面膜面膜面膜面膜面膜面膜面膜面膜面膜面膜面膜面膜面膜面膜面膜面膜面膜面膜面膜,1,"该用户通过重复刷屏""面膜""来表达强烈催促主播尽快讲解或上架面膜产品的急切心情。"
achun1999,美容护肤,"一直在用阿纯的产品,好多年了,今天又屯了好多,支持",0,该用户想表达的是：作为阿纯品牌的长期忠实顾客，自己再次大量回购了产品以示支持。
achun1999,美容护肤,面膜面膜面膜面膜面膜面膜面膜面膜面膜面膜面膜面膜面膜面膜面膜面膜,1,该用户急切地催促主播介绍或上架面膜产品。
achun1999,美容护肤,蛋黄霜,1,该用户是在强烈催促主播介绍或上架蛋黄霜产品。
achun1999,美容护肤,中奖绝缘体,0,该用户可能是在自嘲自己运气差、从未中过奖，以此暗示希望主播能多发放福利或增加抽奖机会。
achun1999,美容护肤,我要面膜,1,该用户急切地表达想要购买或了解直播间正在推荐的面膜产品。
achun1999,美容护肤,胶原刀胶原刀胶原刀,1,该用户急切地催促主播介绍或上架“胶原刀”产品，表现出强烈的购买意愿和关注。
achun1999,美容护肤,胶原蛋白,1,该用户可能是想询问或提醒主播介绍胶原蛋白相关产品。
achun1999,美容护肤,蛋黄啊,1,该用户可能在询问或催促主播介绍与“蛋黄”相关的产品（如蛋黄霜）。
achun1999,美容护肤,洗面奶,1,该用户是在询问或提醒主播介绍洗面奶产品。
achun1999,美容护肤,上面霜,1,该用户是在询问主播是否会上架或介绍面霜产品。
achun1999,美容护肤,快快快上面膜,1,该用户急切催促主播上架或介绍面膜产品。
achun1999,美容护肤,带妆可以喷吗,1,该用户是在询问当前推荐的产品是否适合在化妆后使用。
achun1999,美容护肤,面膜面膜面膜面膜面膜面膜面膜面膜面膜面膜面膜,1,该用户急切地催促主播介绍或上架面膜产品，表现出强烈的购买意愿。
achun1999,美容护肤,"肥皂,面霜",1,该用户可能在催促主播介绍或上架肥皂和面霜这两款产品，表达了对这些商品的购买兴趣。
achun1999,美容护肤,面膜生日礼物,1,该用户可能是想询问面膜是否适合作为生日礼物赠送，或是希望主播推荐适合当作生日礼物的面膜产品。
achun1999,美容护肤,蛋黄油![咒骂],1,该用户想表达的含义是：对蛋黄油产品表示不满或失望的情绪。
achun1999,美容护肤,等手镯的,1,该用户是在询问或催促主播什么时候开始介绍或售卖手镯产品。
achun1999,美容护肤,玫瑰精油,1,该用户可能在询问或暗示主播介绍或推荐玫瑰精油产品。
achun1999,美容护肤,好长时间没刷到阿纯了,0,该用户可能是想表达对主播阿纯的想念，并暗示自己近期较少关注或错过其直播内容。
achun1999,美容护肤,"搞快点,看了一下午",0,该用户急切催促主播加快节奏，表示自己已经耐心等待了整个下午。
achun1999,美容护肤,我进5级了,0,该用户想表达的含义是：我的账号等级升到5级了，说明我是直播间常客或忠实粉丝。
achun1999,美容护肤,胶原桶没有了吗,1,该用户是在询问直播间是否已经售罄或下架了名为“胶原桶”的产品。
achun1999,美容护肤,等了3个多小时了,0,该用户可能因等待直播中某个期待的商品或环节已久而感到不耐烦，暗示主播加快节奏或关注自己的需求。
achun1999,美容护肤,提亮面膜,1,该用户想表达的含义是：询问或催促主播介绍或上架具有提亮功效的面膜产品。
achun1999,美容护肤,生日礼物,0,该用户可能在询问是否有适合作为生日礼物的产品推荐。
achun1999,美容护肤,大油田买什么,1,该用户可能在询问适合油性肌肤使用的护肤产品推荐。
achun1999,美容护肤,控油乳再上点阿纯,1,该用户是在催促主播尽快补货或上架控油乳液产品。
achun1999,美容护肤,外油内干,1,该用户可能在询问适合外油内干肤质的护肤产品推荐。
achun1999,美容护肤,素颜霜素颜霜素颜霜,1,该用户急切地催促主播上架或详细介绍素颜霜产品。
achun1999,美容护肤,洗面奶呢,1,该用户是在催促主播尽快介绍或上架洗面奶产品，表现出明确的购买意向和急切需求。
achun1999,美容护肤,面膜面膜面膜面膜面膜面膜面膜面膜面膜面膜面膜面膜面膜面膜面膜面膜面膜面膜面膜面膜面膜面膜,1,该用户急切催促主播尽快上架或讲解面膜产品，表现出强烈的购买意愿和迫切需求。
achun1999,美容护肤,男士怎么搭配,1,该用户想询问适合男性的护肤或穿搭建议，可能是看到直播中讨论的美妆产品后想了解相关男性适用的搭配方案。
achun1999,美容护肤,积雪草面膜面膜面膜面膜面膜面膜面膜面膜面膜面膜面膜面膜面膜面膜面膜面膜面膜面膜面膜面膜面膜面膜面膜面,1,该用户想表达的含义是：强烈催促主播尽快介绍或上架积雪草面膜产品。
achun1999,美容护肤,防晒上了吗,1,该用户是在询问直播间是否已经开始售卖防晒产品，表现出对防晒品的关注和购买意向。
achun1999,美容护肤,黑玫瑰精油,1,该用户可能是对黑玫瑰精油产品感兴趣，想询问或确认是否有这款商品在售。
achun1999,美容护肤,"好产品,说的真好,爱你呦",0,该用户被主播的产品介绍打动，表达了对商品的认可和对主播的喜爱。
achun1999,美容护肤,面膜补货,1,该用户急切询问主播何时能重新上架面膜产品。
achun1999,美容护肤,眼霜还有么,1,该用户是在询问眼霜的库存情况，表现出明确的购买意向。
achun1999,美容护肤,蛋黄油面霜什么时候上啊?,1,该用户急切询问蛋黄油面霜的上架时间，表现出明确的购买意向和期待。
achun1999,美容护肤,小黄车直接拍吗,1,该用户想确认是否可以直接通过直播间的购物车链接下单购买当前展示的商品。
achun1999,美容护肤,下午好啊,0,该用户可能是在打招呼的同时，暗示自己刚进入直播间并开始关注直播内容。
achun1999,美容护肤,洗面奶,1,该用户可能在询问主播何时介绍或上架洗面奶产品，或是希望主播对洗面奶进行讲解推荐。
achun1999,美容护肤,生日礼物生日礼物,0,该用户可能在询问是否有适合作为生日礼物的产品推荐，或是暗示主播推荐当前展示的商品作为生日礼物选项。
achun1999,美容护肤,面膜面膜面膜面膜面膜面膜面膜面膜面膜面膜面膜面膜面膜面膜面膜面膜面膜面膜面膜面膜面膜面膜面膜面膜面膜,1,该用户急切地催促主播重点介绍或上架面膜产品，可能是对当前讨论的某款面膜有强烈兴趣或希望补货。
achun1999,美容护肤,冰莲面膜,1,该用户可能是想询问或强调直播间提到的“冰莲面膜”这款产品，表达对其功效或上架情况的关注。
achun1999,美容护肤,洗发水,1,该用户可能在询问直播间是否有洗发水产品上架或想了解相关推荐。
achun1999,美容护肤,怎么修呢,1,该用户可能是在询问某款产品的具体使用方法或修复功效。
achun1999,美容护肤,哇噻给力给力,0,该用户想表达的含义是：对当前直播中推荐的产品或优惠活动感到兴奋和认可。
achun1999,美容护肤,素颜霜,1,该用户可能是在询问或催促主播介绍或上架素颜霜产品。
achun1999,美容护肤,面膜什么时候上?,1,该用户急切询问面膜产品的上架时间，表现出强烈的购买意向和期待。
achun1999,美容护肤,要净肤哲学洗面奶,1,该用户想表达的含义是：对净肤哲学洗面奶有明确的购买意向，希望了解产品购买方式或催促上架。
achun1999,美容护肤,生日礼物,0,该用户可能在询问直播间是否有适合作为生日礼物的推荐商品。
achun1999,美容护肤,"哇!!純,你第一名了!!!",0,该用户是在为直播主播“純”取得排名第一的成绩而兴奋欢呼，表达了对主播的支持和祝贺。
achun1999,美容护肤,哦面霜没上吗,1,该用户想表达的含义是：询问面霜产品是否已经上架或何时开售。
achun1999,美容护肤,啊纯优秀啊[赞],0,该用户是在称赞主播表现出色，表达了对主播的欣赏和支持。
achun1999,美容护肤,蛋黄霜,1,该用户是在询问蛋黄油面霜这款产品是否已经上架或何时可以购买。
achun1999,美容护肤,q生日礼物,0,该用户可能在询问直播间是否有适合作为生日礼物的产品推荐或促销活动。
achun1999,美容护肤,蛋黄油蛋黄油蛋黄油蛋黄油蛋黄油蛋黄油蛋黄油蛋黄油蛋黄油蛋黄油蛋黄油蛋黄油蛋黄油蛋黄油蛋黄油,1,该用户通过重复刷屏“蛋黄油”强烈表达对这款产品的迫切需求和购买兴趣，可能是催促主播尽快上架或强调自己特别关注该商品。
achun1999,美容护肤,要蓝色的面膜,1,该用户明确表达了对蓝色款面膜的购买意向。
achun1999,美容护肤,积雪草,1,该用户可能在询问或提及直播间正在讨论的“积雪草”成分相关产品，表达对其功效或上架情况的兴趣。
achun1999,美容护肤,上链接吧,1,该用户急切催促主播尽快开放产品购买通道。
achun1999,美容护肤,下午好,0,该用户可能是刚进入直播间，用问候语打招呼以融入当前的互动氛围。
achun1999,美容护肤,没抢上,1,该用户想表达的含义是：错过了刚才上架的商品或优惠活动。
achun1999,美容护肤,积雪草面膜很好用[比心][比心][比心],1,该用户通过积极评价积雪草面膜的使用效果并附上表情符号，暗示对产品的强烈认可和潜在的复购或推荐意愿。
achun1999,美容护肤,面霜面霜面霜面霜面霜面霜面霜,1,该用户急切催促主播尽快上架或介绍面霜产品。
achun1999,美容护肤,"刚睡醒,没抢上",0,该用户因错过心仪商品的抢购机会而感到遗憾和懊恼。
achun1999,美容护肤,我乡下人这么高级的不会用啊,0,该用户可能是在委婉表达对产品功能或复杂度的顾虑，暗示自己需要更简单易懂的使用说明或更亲民的产品推荐。
achun1999,美容护肤,冰莲面膜,1,该用户可能在询问或表达对“冰莲面膜”这款产品的兴趣，希望主播介绍或上架该商品。
achun1999,美容护肤,家里面膜都是你家买的,0,该用户想表达的含义是：我是你们家的忠实顾客，一直在购买并使用你们的面膜产品。
achun1999,美容护肤,上链接,1,该用户急切催促主播尽快开放产品购买通道以便下单。
achun1999,美容护肤,蛋黄油,1,该用户迫切希望购买或了解直播间正在推荐的蛋黄油产品，可能是看到其他观众频繁提及后产生了强烈兴趣。
achun1999,美容护肤,净肤哲学洗面奶,1,该用户可能是在询问或暗示对“净肤哲学洗面奶”这款产品的购买兴趣，希望主播介绍或上架该商品。
achun1999,美容护肤,胶原刀胶原刀,1,该用户急切催促主播上架或介绍“胶原刀”产品，表现出强烈的购买意愿或对商品的兴趣。
achun1999,美容护肤,蓝色面膜蓝色面膜蓝色面膜蓝色面膜蓝色面膜蓝色面膜蓝色面膜蓝色面膜,1,该用户急切地想要购买蓝色面膜，通过重复刷屏的方式催促主播尽快上架该商品。
achun1999,美容护肤,控油霜,1,该用户可能在询问或暗示主播推荐或上架控油霜产品。
achun1999,美容护肤,你是那个阿纯?,0,"该用户可能在确认主播身份，怀疑当前主播与知名网红""阿纯""是同一人，表达对主播可信度或专业性的关注。"
achun1999,美容护肤,看看蛋黄油?????,1,该用户是在催促主播展示或详细介绍蛋黄油产品，表现出明确的购买意向和急迫感。
achun1999,美容护肤,控油霜阿纯,1,该用户可能在询问或确认直播间推荐的控油霜是否是主播“阿纯”之前提到或代言过的产品。
achun1999,美容护肤,蛋黄油,1,该用户想表达的含义是：对蛋黄油产品感兴趣并希望主播详细介绍或上架购买链接。
achun1999,美容护肤,生日礼物生日礼物,0,该用户可能在暗示主播推荐或上架适合作为生日礼物的产品。
achun1999,美容护肤,毯子怎么领,0,该用户想询问如何获取或购买直播中提到的毯子。
achun1999,美容护肤,机制真好,0,该用户想表达的含义是：直播间的优惠活动或产品设计非常吸引人，让人有购买欲望。
achun1999,美容护肤,胶原刀胶原刀胶原刀胶原刀,1,该用户急切催促主播上架或详细介绍“胶原刀”产品，可能是被之前其他用户提及的弹幕激发兴趣，或对这款产品有强烈购买意向。
achun1999,美容护肤,生日礼物生日礼物生日礼物,0,该用户可能在暗示主播推荐适合作为生日礼物的产品，或是询问当前展示的商品是否适合当作生日礼物送出。
achun1999,美容护肤,玫瑰痤疮有用吗?,1,该用户可能在询问直播间推荐的产品是否对治疗玫瑰痤疮有效，表现出对特定功效的潜在购买兴趣。
achun1999,美容护肤,敏感肌能用吗,1,该用户想询问产品是否适合敏感肌肤使用，以评估是否符合自身需求。
achun1999,美容护肤,我错过了?,0,该用户可能因错过之前讨论的某款产品（如蛋黄油、胶原刀或蓝色面膜）的优惠或介绍而感到遗憾，想确认是否还有机会购买。
achun1999,美容护肤,蛋黄油,1,该用户可能在询问或催促主播介绍/上架“蛋黄油”产品，表现出对该商品的兴趣或购买意向。
achun1999,美容护肤,冰莲面膜,1,该用户可能是对“冰莲面膜”这款产品产生了兴趣，想询问相关信息或催促主播上架。
achun1999,美容护肤,今天还有香皂吗?今天还有香皂吗?,1,该用户急切询问直播间是否还会上架香皂产品，表现出明确的购买意向和担心错过的心态。
achun1999,美容护肤,蓝色面膜的升级版吗,1,该用户是在询问当前介绍的蓝色面膜是否为之前产品的升级版本，表现出对产品功能改进的关注和潜在购买意向。
achun1999,美容护肤,柔肤精华水能代替精华用吗,1,该用户是在询问柔肤精华水是否可以替代传统精华产品来达到相似的护肤效果。
achun1999,美容护肤,蛋黄霜,1,该用户可能是在询问或表达对直播间提到的“蛋黄霜”产品的兴趣，想了解其功效或购买方式。
achun1999,美容护肤,中福袋,0,该用户想表达的含义是：询问如何参与或获得直播间的福袋抽奖活动。
achun1999,美容护肤,孕妇可以用吗,1,该用户是在询问直播中提到的某款产品是否适合孕妇使用，表达了对该产品的潜在购买兴趣和安全性顾虑。
achun1999,美容护肤,封闭式内循环补水,1,该用户可能是在询问产品是否具备锁水保湿的封闭式循环技术，或者想确认该技术对补水效果的实际作用。
achun1999,美容护肤,面膜有用吗,1,该用户想询问这款面膜的实际效果如何，是否值得购买。
achun1999,美容护肤,让我中一次吧,0,该用户希望自己这次能被抽中直播间福利或奖品。
achun1999,美容护肤,这个面膜看着好服帖,1,该用户可能认为这款面膜的贴合度不错，对其使用效果产生了兴趣和好感。
achun1999,美容护肤,30多岁还要补水么?应该要抗老吧,1,该用户可能是在质疑当前推荐产品的适用性，认为30+年龄段的护肤重点更应放在抗衰老而非基础补水，暗示对产品功效与自身需求的匹配度存疑。
achun1999,美容护肤,下午好,0,该用户可能是刚进入直播间，礼貌性地打招呼以融入当前的购物讨论氛围。
achun1999,美容护肤,298几盒,1,该用户想询问商品“298元的价格对应的是几盒产品”。
achun1999,美容护肤,中一次吧,0,该用户希望自己能在直播间的抽奖或福利活动中被幸运选中。
achun1999,美容护肤,生日礼物生日礼物,0,该用户可能是想询问直播中是否有适合作为生日礼物的产品推荐或优惠活动。
achun1999,美容护肤,孕妇可以用吗?!,1,该用户是在询问直播中推荐的产品是否适合孕妇使用，表达了对产品安全性的关切和潜在的购买意向。
achun1999,美容护肤,比之前蓝盒的面膜大,1,该用户是在对比当前展示的面膜与之前蓝盒版本的尺寸差异，暗示对产品升级或改进的关注。
achun1999,美容护肤,阿纯分享的都超好用,1,该用户想表达的含义是：认可主播推荐的产品效果很好，值得信赖。
achun1999,美容护肤,现在买能发货吗,0,该用户想确认当前下单的商品是否能及时安排配送。
achun1999,美容护肤,"哈啊哈还,阿纯太逗了",0,该用户被主播阿纯的幽默表现逗乐，表达了对直播氛围的喜爱而非直接购买意向。
achun1999,美容护肤,下午好生日礼物,1,该用户可能在询问主播是否有适合作为生日礼物的产品推荐，并顺带礼貌性地打招呼。
achun1999,美容护肤,没红包了,0,该用户可能是在抱怨直播间发放的红包活动已经结束，自己没能抢到或参与。
achun1999,美容护肤,看看蛋黄油?????,1,该用户可能是在询问或表达对蛋黄油产品的兴趣，想进一步了解其详情或功效。
achun1999,美容护肤,洗面奶还上么,1,该用户是在询问洗面奶是否还会再次上架或补货。
achun1999,美容护肤,换包装盒了嘛,1,该用户可能在询问产品包装是否有更新或变化，想确认当前展示的商品与之前版本的区别。
achun1999,美容护肤,主播下午好,0,该用户可能是在礼貌性问候主播的同时，暗示自己刚进入直播间并开始关注直播内容。
achun1999,美容护肤,怎么买,1,该用户想询问具体的购买流程或下单方式。
achun1999,美容护肤,我要中奖生日礼物,0,该用户希望被抽中获得主播赠送的生日礼物福利。
achun1999,美容护肤,"老师教的真好,正能量满满谢谢",0,该用户想表达的含义是：对主播的教学内容和积极氛围表示赞赏与感谢。
achun1999,美容护肤,快上直播看了快四个小时了,0,该用户想表达的含义是：观看直播时间较长但还未看到心仪的商品或促销活动。
achun1999,美容护肤,"福袋,福袋,福袋",0,该用户急切希望参与直播间发放的福利活动，期待获得福袋奖励。
achun1999,美容护肤,钱包都扁了[捂脸],0,该用户想表达的含义是：虽然已经花了不少钱，但还是忍不住想继续购买。
achun1999,美容护肤,[比心]生日礼物,0,该用户可能在暗示希望主播推荐适合作为生日礼物的产品，或询问当前是否有相关促销活动。
achun1999,美容护肤,洗面奶,1,该用户可能在询问主播是否还会上架或介绍洗面奶产品。
achun1999,美容护肤,这个帅哥好面熟生日礼物,0,该用户可能是在询问主播推荐的某款产品是否适合作为生日礼物，并顺便提到对主播的熟悉感。
achun1999,美容护肤,冰莲面膜,1,该用户可能是在询问或表达对“冰莲面膜”这款产品的兴趣，想了解其功效或购买方式。
achun1999,美容护肤,上车生日礼物,0,该用户想表达的含义是：询问当前展示的商品是否适合作为生日礼物购买。
achun1999,美容护肤,蓝的好还是绿的好,1,该用户可能在犹豫选择商品的颜色，希望得到主播或其他观众的建议来帮助自己做购买决策。
achun1999,美容护肤,生日礼物生日礼物,0,该用户可能在暗示主播推荐适合作为生日礼物的商品，或是希望获得与生日礼物相关的优惠信息。
achun1999,美容护肤,控油面霜呢啊纯,1,该用户是在询问主播关于控油面霜的产品信息或购买方式。
achun1999,美容护肤,上链接上链接,1,该用户急切催促主播尽快开放商品购买链接，表现出强烈的购买意愿。
achun1999,美容护肤,有没有沐浴露啊?,1,该用户是在询问直播间是否会上架沐浴露产品，表达了对该商品的购买意向。
achun1999,美容护肤,直接上,0,该用户想表达的含义是：催促主播尽快上架或展示当前正在介绍的商品链接。
achun1999,美容护肤,下午好,0,该用户可能是在礼貌性问候主播，同时暗示自己刚进入直播间并关注后续的购买活动。
achun1999,美容护肤,可以天天用吗,1,该用户可能在询问产品的使用频率是否适合日常长期使用，以评估其购买后的实用性。
achun1999,美容护肤,"啊啊啊啊,钱包在被掏空,啥都想要",0,该用户想表达的含义是：直播间的商品太吸引人，自己忍不住想买很多东西，虽然已经花了不少钱但还是控制不住消费冲动。
achun1999,美容护肤,蓝面膜好用,1,该用户想表达的含义是：对蓝色款面膜的效果表示认可并暗示有购买意向。
achun1999,美容护肤,中奖绝缘体,0,该用户是在自嘲自己运气差，暗示虽然积极参与直播间活动但从未中过奖。
achun1999,美容护肤,蓝色那个不卖了吗,1,该用户是在询问直播间此前展示过的蓝色款商品是否已经售罄或不再售卖。
achun1999,美容护肤,蛋黄油,1,该用户可能在询问或表达对直播间提到的“蛋黄油”产品的兴趣或购买意向。
achun1999,美容护肤,热感精华,1,该用户可能在询问或表达对直播间提到的“热感精华”这款产品的兴趣，暗示想了解详情或希望主播介绍/上架该商品。
achun1999,美容护肤,蛋黄油蛋黄油,1,该用户是在催促主播尽快上架或介绍蛋黄油产品，表现出明确的购买意向。
achun1999,美容护肤,补水保湿效果好,1,该用户可能是在询问或认可当前推荐产品的补水保湿功效，表达对这款护肤效果的关注或满意。
achun1999,美容护肤,买了一下午了一次也没中过生日礼物,0,该用户是在抱怨自己参与直播间的互动活动（如抽奖）多次但始终未能中奖，同时暗示自己已经持续消费了一下午。
achun1999,美容护肤,蓝色的也好用,1,该用户想表达的含义是：蓝色款产品同样效果不错，值得购买。
achun1999,美容护肤,之前的蓝面膜怎么办,1,该用户是在询问之前提到的蓝色面膜是否还会继续销售或使用，担心自己现有的蓝面膜与当前直播推荐的产品如何搭配或替代。
achun1999,美容护肤,黑玫瑰精油有没有,1,该用户是在询问直播间是否会上架黑玫瑰精油这款产品。
achun1999,美容护肤,生日礼物生日礼物生日礼物,0,该用户可能在急切地询问或提醒主播关于之前提到的“生日礼物”相关产品信息，表达出对该商品的强烈兴趣或期待。
achun1999,美容护肤,蓝面膜还有四五盒呢[捂脸],0,该用户想表达的含义是：自己已经囤了不少蓝面膜暂时不需要再买了。
achun1999,美容护肤,"现在面膜补水的噱头都是假的,不都科普了嘛",0,该用户是在质疑直播间推销的补水面膜功效，认为相关宣传存在虚假夸大成分，并试图引用科普知识来反驳产品卖点。
achun1999,美容护肤,蓝色还卖么,1,该用户是在询问直播中提到的蓝色款商品是否仍在售。
achun1999,美容护肤,黑玫瑰精粹嗨会上吗,1,该用户是在询问直播间是否会推出黑玫瑰精粹系列的产品。
achun1999,美容护肤,巧丽哇,0,该用户可能在急切询问某款蓝色面膜或蓝色产品的库存或购买信息。
achun1999,美容护肤,牙膏牙膏牙膏牙膏牙膏牙膏牙膏牙膏牙膏牙膏牙膏牙膏牙膏牙膏牙膏牙膏牙膏牙膏牙膏牙膏牙膏牙膏牙膏,1,该用户可能在强烈催促主播介绍或上架牙膏产品，表达急切想要购买或了解相关信息的意愿。
achun1999,美容护肤,"此生Z大场,机制仅一次",0,该用户想表达的含义是：这次直播的优惠力度是品牌史上最大的，而且活动机制是限时独有的。
achun1999,美容护肤,蛋黄油蛋黄油蛋黄油蛋黄油蛋黄油蛋黄油蛋黄油蛋黄油蛋黄油蛋黄油蛋黄油蛋黄油蛋黄油蛋黄油蛋黄油,1,该用户可能在强烈催促主播上架或详细介绍蛋黄油产品，表达急切想要购买或了解该商品的意愿。
achun1999,美容护肤,"我目前一直在使用咱家的洗面奶和胶原刀,还有没有其它适合男生抹脸的产品推荐一下?",1,该用户想表达的含义是：作为长期使用品牌产品的男性顾客，希望主播能针对男性肤质推荐更多护肤品。
achun1999,美容护肤,@90～宏伟蓝图护肤品不分男女哦,0,该用户想表达的含义是：提醒主播护肤品适合所有性别，可能是在回应之前关于男性适用产品的讨论。
achun1999,美容护肤,我要水晶胶原面膜!!!!,1,该用户强烈表达了对水晶胶原面膜的购买意愿和急切需求。
achun1999,美容护肤,蛋黄油蛋黄油,1,该用户想表达的含义是：强烈要求主播详细介绍或推荐蛋黄油产品。
achun1999,美容护肤,用过好用,1,"该用户想表达的含义是：自己曾使用过该产品且体验良好，暗示对产品有认可或复购意向。  （结合前文弹幕中频繁提及具体产品如""蓝面膜""""黑玫瑰精油""等，且存在其他用户分享使用体验的语境，可推断此弹幕是针对直播间讨论的某款产品表达正面评价。）"
achun1999,美容护肤,中一次吧!生日礼物生日礼物,0,该用户迫切希望能在直播抽奖中被选中，将产品作为自己的生日礼物。
achun1999,美容护肤,姐姐你走开哈哈你闭嘴哈哈,0,该用户是在以玩笑口吻打断或调侃主播/其他观众的发言，并未表达明确的购买意向。
achun1999,美容护肤,10盒,0,该用户想表达的是：我要购买10盒（当前直播推销的）产品。
achun1999,美容护肤,防晒孩子能用吗,1,该用户是在询问直播推荐的防晒产品是否适合儿童使用，表现出对产品适用性的具体关注和潜在的购买意向。
achun1999,美容护肤,不错生日礼物,0,该用户认为直播推荐的产品适合作为生日礼物赠送。
achun1999,美容护肤,抢完了[捂脸],0,该用户因心仪商品被抢购一空而感到遗憾和无奈。
achun1999,美容护肤,再送3盒,1,该用户希望主播能额外赠送3盒产品作为促销福利。
achun1999,美容护肤,蛋黄油,1,该用户可能在强烈要求或询问直播间是否会上架或促销蛋黄油产品。
achun1999,美容护肤,不够不够,1,该用户可能是在催促主播增加当前产品的库存或福利力度，认为现有的优惠数量或商品供应不足以满足需求。
achun1999,美容护肤,巨补水,1,该用户想表达的含义是：这款产品的补水效果非常显著。  （结合前文弹幕中频繁提及护肤品和抢购行为，可推测“巨补水”是对某款保湿产品的强烈肯定，可能是直播间正在推广的某款面膜或精华，用户用夸张语气强调其补水效果突出。）
achun1999,美容护肤,没抢到,1,"该用户想表达的是因手速或库存不足未能成功购买心仪商品而产生的遗憾情绪。  （解析：结合前文""抢完了[捂脸]""等抢购相关弹幕，以及高频出现的商品刷屏（如蛋黄油），可推断直播间正在限量促销热门商品，""没抢到""是对抢购失败场景的直接反馈，隐含希望补货或再次上架的心理预期。）"
achun1999,美容护肤,积雪草成分很好的,1,该用户可能是在认可当前推荐产品的成分功效，暗示对含有积雪草成分的商品感兴趣或有意购买。
achun1999,美容护肤,再加3盒,1,该用户希望主播在现有促销基础上额外增加购买数量，可能是对当前商品库存或优惠力度不满而提出的加购要求。
achun1999,美容护肤,我要绿的,1,该用户想表达的是自己希望购买绿色款或绿色包装的产品。
achun1999,美容护肤,为主播点赞,0,该用户通过点赞表达对主播的认可或支持，可能是对当前直播内容（如产品推荐、互动氛围）的积极反馈，而非直接购买意向。
achun1999,美容护肤,加多库存生日礼物,1,该用户希望商家增加“生日礼物”相关商品的库存以便抢购。
achun1999,美容护肤,"想要沐浴露,纯妈",1,该用户想表达的是：“我想要纯天然成分的沐浴露，妈妈用的那种”。
achun1999,美容护肤,都没了,0,该用户想表达的含义是：想要的商品已经卖完没货了。
achun1999,美容护肤,赶紧上吧,1,该用户急切催促主播尽快上架或补货当前热销商品。
achun1999,美容护肤,泥膜没有了,1,该用户想表达的含义是：泥膜已经卖完或缺货了，希望尽快补货。
achun1999,美容护肤,下午好,0,该用户可能是在直播中途进入直播间，以问候的方式礼貌互动，试图融入当前的购买讨论氛围。
achun1999,美容护肤,晚上几点直播,0,该用户想询问下一次直播的具体时间，以便能准时参与抢购或了解商品信息。
achun1999,美容护肤,生日礼物了,0,该用户想表达的是：这款产品很适合作为生日礼物来购买。
achun1999,美容护肤,生日礼物生日礼物生日礼物,0,该用户是在强烈暗示主播将当前推荐的产品作为生日礼物选项，并希望获得相关优惠或库存补充。
achun1999,美容护肤,再来2盒,1,该用户希望主播增加库存并表达了自己想再次购买两盒产品的意愿。
achun1999,美容护肤,十全十美,0,该用户希望主播能推出包含十件商品的优惠套装或福利活动。
achun1999,美容护肤,敏感肌能用吗,1,该用户是在询问产品是否适合敏感肌肤使用，表现出对产品成分安全性的关注和潜在的购买意向。
achun1999,美容护肤,还有送不,1,该用户是在询问直播间当前促销活动是否还有赠品或额外福利。
achun1999,美容护肤,抢不到啊,0,该用户想表达的含义是：商品太抢手导致自己没能成功下单。
achun1999,美容护肤,没抢到,0,该用户想表达的是对商品售罄的遗憾和再次购买的迫切愿望。
achun1999,美容护肤,没了?,0,该用户可能是在询问或抱怨商品是否已经售罄，表达了对抢购失败的失望或希望补货的急切心情。
achun1999,美容护肤,支持给力给力,0,该用户想表达的含义是：对主播或商品的积极支持态度，并希望获得更多优惠或库存。
achun1999,美容护肤,还有吗,0,该用户是在询问直播间是否还会补货或继续推出当前售罄的商品。
achun1999,美容护肤,10盒还有的加吗,1,该用户是在询问当前促销活动中10盒装的商品是否还能增加库存或参与购买。
achun1999,美容护肤,十盒十盒十盒,1,该用户急切地想要一次性购买十盒产品，可能是由于库存紧张或促销活动引发的抢购热情。
achun1999,美容护肤,12盒,1,该用户想表达的含义是：询问或要求增加12盒产品的库存以便购买。  （结合前文弹幕中频繁出现的“加库存”“抢不到”“再来X盒”等购买意向表达，可推断用户是在参与抢购或呼吁补货，数字“12盒”更可能是明确的需求数量而非单纯计数。）
achun1999,美容护肤,咋换成绿色面膜了,1,该用户是在询问为什么产品从之前的款式更换成了绿色面膜，可能对颜色或产品变动感到疑惑或关注。
achun1999,美容护肤,没有了,0,该用户想表达的含义是：商品已经售罄或库存不足。
achun1999,美容护肤,上链接,1,该用户迫切催促主播尽快开放商品购买通道。
achun1999,美容护肤,直接开,1,该用户想表达的含义是：催促主播尽快上架或开放购买链接。
achun1999,美容护肤,再送点,1,该用户希望主播能再增加一些赠品或优惠活动。
achun1999,美容护肤,生日礼物生日礼物生日礼物,0,该用户可能在急切催促主播上架或推荐适合作为生日礼物的商品，表达强烈的购买需求和参与意愿。
achun1999,美容护肤,12盒[流泪],1,该用户想表达的含义是：想要购买12盒产品但担心抢不到而感到遗憾。
achun1999,美容护肤,不便宜,0,该用户认为当前商品的价格偏高，不符合其心理预期或与其他渠道相比缺乏竞争力。
achun1999,美容护肤,孕妇可以用吗?,1,该用户是在询问产品是否适合孕妇使用，以确认自身或他人的适用性。
achun1999,美容护肤,孕妇可以用吗,1,该用户是在询问产品是否适合孕妇使用，以确认安全性是否符合自身需求。
achun1999,美容护肤,再加些,1,该用户希望主播增加库存或补货，以满足其购买需求。
achun1999,美容护肤,清洗不,1,该用户可能是在询问商品是否容易清洗或是否需要特殊清洗方式。
achun1999,美容护肤,洗面奶有吗,1,该用户是在询问直播间是否有洗面奶这款产品在售或即将上架。
achun1999,美容护肤,没库存,1,该用户想表达的含义是：商品已经售罄，询问是否还会补货。
achun1999,美容护肤,能不能150买五盒,1,该用户希望以每盒30元的优惠价批量购买五盒商品。
achun1999,美容护肤,生日礼物,0,该用户可能是想询问主播推荐适合作为生日礼物的产品，或是暗示自己购买的商品将用作生日礼物希望获得优惠或赠品。
achun1999,美容护肤,在来二盒,1,该用户想表达的含义是：希望再购买两盒产品。
achun1999,美容护肤,大敏皮能用不,1,该用户想询问这款产品是否适合敏感肌肤使用。
achun1999,美容护肤,没有莲花了吗,1,该用户是在询问直播间是否已经售罄了之前展示的莲花相关产品。
achun1999,美容护肤,可以吧,0,该用户可能是在对主播提出的某个优惠方案或产品选项表示勉强接受，态度比较随意但仍有购买意向。
achun1999,美容护肤,我要买绿的,1,该用户想表达的是对绿色款产品的明确购买意向。
achun1999,美容护肤,绿的都抢不到,1,该用户想表达的是对绿色款商品库存不足的失望和急切购买的心情。
achun1999,美容护肤,中学生能用不,1,该用户是在询问产品是否适合中学生年龄段使用。
achun1999,美容护肤,破产了,0,该用户想表达的含义是：因为抢购商品花费过多而感到经济压力很大。
achun1999,美容护肤,加库存,1,该用户希望商家增加当前商品的库存数量以便自己能成功购买。
achun1999,美容护肤,我拍这个,1,该用户想表达的是自己决定下单购买当前展示的商品。
achun1999,美容护肤,12盒,1,该用户想表达的是打算购买12盒产品。
achun1999,美容护肤,我要买绿的绿色好看啊,1,该用户明确表达了想要购买绿色款商品的强烈意愿，并强调了对该颜色的偏好。
achun1999,美容护肤,再加点,1,该用户希望主播增加当前商品的库存或优惠力度以便购买。
achun1999,美容护肤,谁说了???,0,该用户可能是在质疑或反驳前面有人提到过但未被明确记录的说法，比如对产品适用性、库存或价格的某个未被直接看到的评论表示困惑或不认同。
achun1999,美容护肤,真的好用生日礼物,0,该用户想表达的含义是：这款产品效果不错，打算买来作为生日礼物送人。
achun1999,美容护肤,快补货,1,该用户急切希望商家增加库存以便自己能成功购买商品。
achun1999,美容护肤,"12盒,12盒,12盒,12",1,该用户急切希望主播确认或补充12盒装的库存，并表达了自己强烈的购买意愿。
achun1999,美容护肤,速度上,1,该用户想表达的含义是：催促主播尽快补货或上架商品以便购买。
achun1999,美容护肤,绿的绿的,1,该用户想表达的含义是：自己也想购买绿色款商品，并希望商家尽快补货或满足需求。
achun1999,美容护肤,没有了,1,该用户想表达的含义是：想要的商品已经卖完了，感到遗憾或催促补货。
achun1999,美容护肤,下午好生日礼物,0,该用户可能在询问当前直播推荐的商品是否适合作为生日礼物，并暗示自己有购买意向。
achun1999,美容护肤,绿色的,1,该用户想表达的是对绿色款商品的强烈购买意愿或催促补货的急切心情。
achun1999,美容护肤,我的天,0,该用户可能是在感叹商品（尤其是绿色款）的热销速度或抢购难度，表达一种惊讶或遗憾的情绪。
achun1999,美容护肤,就要这个,1,该用户急切地表示自己想要立刻购买当前展示的绿色款商品。
achun1999,美容护肤,都要绿的,1,该用户想表达的含义是：我也想要绿色款的产品。
achun1999,美容护肤,要绿的,1,该用户想表达的是对绿色款商品的强烈购买意愿，希望主播优先提供绿色库存。
achun1999,美容护肤,加油生日礼物,0,该用户想表达的含义是：询问这款产品是否适合作为生日礼物送给中学生。
achun1999,美容护肤,要绿色的10盒,1,该用户明确表达了想要购买10盒绿色款商品的意愿。
achun1999,美容护肤,要绿的[捂脸][捂脸][捂脸],1,该用户急切地表示自己只想购买绿色款商品，并因库存紧张或他人争抢而感到焦急无奈。
achun1999,美容护肤,现在还放了一箱没用完,0,该用户想表达的含义是：目前家里还有一箱库存没用完，暂时不需要购买。
achun1999,美容护肤,胶原面膜什么时候上?,1,该用户是在急切询问胶原面膜的上架时间，表现出明确的购买意向和期待。
achun1999,美容护肤,再来两盒,1,该用户想表达的是希望主播追加购买两盒商品。
achun1999,美容护肤,12盒,1,该用户想表达的是希望购买12盒产品。
achun1999,美容护肤,拿回来,0,该用户想表达的是“我要下单购买这个商品”。  （结合前文语境，弹幕中频繁出现“12盒”“绿的”“补货”等关键词，可见观众在积极抢购特定商品，尤其是绿色款，且库存紧张。“拿回来”在此处是口语化表达，指将商品加入购物车或成功下单，带有急切抢购的意图。）
achun1999,美容护肤,要绿色的,1,该用户想表达的是对绿色款商品的明确购买意向。
achun1999,美容护肤,都要都要,1,该用户想表达的是对当前直播中展示的多种商品款式或颜色全盘接受的强烈购买意愿。
achun1999,美容护肤,要我绿色的,1,该用户想表达的是对绿色款商品的强烈购买意愿。
achun1999,美容护肤,再加2盒绿,1,该用户想表达的是希望主播再追加两盒绿色款商品。
achun1999,美容护肤,"不换,要绿的",1,该用户想表达的是坚持选择绿色款产品，不接受更换其他颜色或款式。
achun1999,美容护肤,在家两盒,1,该用户想表达的是：我要购买两盒绿色的同款产品放在家里使用。
achun1999,美容护肤,12和,0,该用户想表达的是“我要订购12盒绿色的产品”。  （结合前文高频出现的“绿色”“要绿的”“12盒”等关键词，可推断用户是在延续直播间讨论的购买意向，明确指定商品颜色和数量。）
achun1999,美容护肤,都要!!!,1,该用户想表达的是对绿色款产品的强烈购买意愿，表示想要全部选择绿色款式。
achun1999,美容护肤,绿的啊,0,该用户是在强调自己想要绿色款的产品。
achun1999,美容护肤,再加两盒绿的,1,该用户想表达的含义是：希望追加购买两盒绿色款产品。
achun1999,美容护肤,肯定12个,0,该用户想表达的是确认要购买12盒绿色款产品。
achun1999,美容护肤,10+2,1,该用户想表达的是“我要订购12盒绿色款”。  （结合前文高频出现的“绿的”“12盒”“加两盒”等关键词，可推断“10+2”是数量计算，且延续了用户群体对绿色款的明确偏好。）
achun1999,美容护肤,能不能150买五盒,1,该用户想表达的含义是：询问是否可以用优惠价150元购买五盒产品。
achun1999,美容护肤,必须绿色必须绿色必须绿色必须绿色必须绿色必须绿色必须绿色必须绿色必须绿色必须绿色必须绿色必须绿色,1,该用户强烈强调自己只要绿色款产品，可能是对颜色有明确偏好或担心发错货，通过重复表达来确保卖家注意到自己的需求。
achun1999,美容护肤,绿的好用,1,该用户想表达的含义是：明确要求购买绿色款产品并认可其使用效果。
achun1999,美容护肤,都要都要[捂脸],1,该用户想表达的是对绿色款产品的强烈购买意愿，希望把所有绿色商品都加入订单。
achun1999,美容护肤,小孩子才选择,0,该用户想表达的含义是：成年人不会做选择，而是全都要（暗示自己也想要购买全部商品）。
achun1999,美容护肤,要全绿的,1,该用户想表达的是坚持要求购买商品中全部是绿色款式/类型的产品。
achun1999,美容护肤,我都要,1,该用户想表达的是对绿色款产品的强烈购买意愿，且希望全数购入而非选择性购买。
achun1999,美容护肤,都要吧,1,该用户想表达的是对直播中展示的多种商品全数购买的强烈意愿，尤其强调对绿色款式的偏好。
achun1999,美容护肤,再来两盒,1,该用户想表达的含义是：希望追加购买两盒绿色款产品。  （结合前文高频出现的“绿色”“加盒”“都要”等关键词，可推断用户是在明确指定颜色和数量的基础上表达强烈的加购意愿，且语境中群体购买倾向高度一致，属于明确的下单指令而非单纯互动。）
achun1999,美容护肤,要不就弄两个链接,1,该用户希望主播为不同购买选项（如颜色或数量）分别设置独立的商品链接以便灵活选择。
achun1999,美容护肤,"蛋黄油,蛋黄油,蛋黄油",1,该用户强烈表达想要购买或关注「蛋黄油」这一产品的意愿，可能是重复强调以引起主播注意或确认该产品信息。
achun1999,美容护肤,继续加,1,该用户想表达的含义是：要求主播继续增加绿色款产品的库存或购买数量。
achun1999,美容护肤,在来二盒,1,该用户想表达的含义是：希望再追加购买两盒产品。  （结合前文弹幕高频出现的“加购”“两盒”“都要”等关键词，可推断用户是在积极参与抢购或补货讨论，语境中可能存在多规格选择或限时促销，用户意图明确且语气急切。）
achun1999,美容护肤,鼠标都按冒火星了,0,该用户想表达的含义是：自己抢购商品时点击鼠标的速度和频率极高，表现出强烈的购买意愿和急切心态。
achun1999,美容护肤,蛋黄油,1,该用户可能在强烈要求主播上架或重点介绍蛋黄油产品，表达明确的购买意向。
achun1999,美容护肤,生日礼物生日礼物生日礼物,0,该用户想表达的含义是：强调自己需要购买该商品作为生日礼物。  （结合前文弹幕语境，直播间讨论热烈，用户多在表达购买意愿、偏好或数量需求，因此“生日礼物”的重复出现更可能是明确购买动机，而非单纯感叹。）
achun1999,美容护肤,这也太给力了吧,0,该用户是在感叹直播间的优惠力度或产品吸引力非常大，表达出强烈的认可和兴奋情绪，可能隐含进一步参与购买的意愿。
achun1999,美容护肤,洗面奶,1,该用户可能是在询问或暗示对直播间正在讨论的洗面奶产品感兴趣，想进一步了解或表达购买意向。
achun1999,美容护肤,生日礼物,1,该用户可能在暗示主播推荐适合作为生日礼物的产品，或是询问当前商品是否适合当作生日礼物赠送。
achun1999,美容护肤,没抢到,1,该用户想表达的含义是：因商品抢购火爆导致自己未能成功下单，感到遗憾或不甘心。
achun1999,美容护肤,被我猜到了,0,该用户想表达的含义是：自己预判对了主播会推出或强调某个产品（可能是绿色款或蛋黄油）。
achun1999,美容护肤,抢到了,0,该用户想表达的含义是：成功抢购到了心仪的商品。  （结合前文弹幕高频出现的“都要”“加购”“抢购”等竞争性消费语境，以及“没抢到”等对比信息，可推断“抢到了”是对商品库存紧张场景下的胜利宣告，隐含兴奋或满足感。）
achun1999,美容护肤,刚打开就下了,0,该用户想表达自己刚进入直播间就迅速下单购买了商品。
achun1999,美容护肤,我从12点到现在就等蛋黄,0,该用户想表达的含义是：自己为了购买蛋黄油产品已经耐心等待了很久，表现出强烈的购买意愿和期待。
achun1999,美容护肤,防晒孕妇能用吗,1,该用户是在询问防晒产品是否适合孕妇使用，以评估自己是否要购买。
achun1999,美容护肤,再加点,1,该用户希望主播进一步增加商品库存或优惠力度以便购买。
achun1999,美容护肤,没买上,1,该用户想表达的含义是：因抢购速度不够快而未能成功下单。
achun1999,美容护肤,没看到,0,该用户可能因错过商品展示或购买环节而感到遗憾，暗示自己未能及时看到心仪产品的信息或抢购机会。
achun1999,美容护肤,没看见,0,该用户想表达的含义是：没注意到商品上架或活动信息。
achun1999,美容护肤,"拍不到,重开",1,该用户因抢购失败而急切要求重新上架商品。
achun1999,美容护肤,没有抢到,1,该用户想表达的是因手速或库存不足未能成功购买心仪商品而感到遗憾。
achun1999,美容护肤,"真炸,绿色太好用了",1,该用户想表达的含义是：这款绿色产品的效果非常出色，让人感到惊喜和满意。
achun1999,美容护肤,蛋黄油,1,该用户是在急切表达自己一直等待购买蛋黄油这款产品的强烈意愿。
achun1999,美容护肤,没拍到,1,该用户想表达的含义是：因手速或库存不足未能成功抢购到心仪商品。
achun1999,美容护肤,18号有活动吗,1,该用户可能在询问18号是否有促销活动，以便提前规划购买计划或参与优惠。
achun1999,美容护肤,怎么没了看都没看见,0,该用户想表达的含义是：商品太快售罄，自己还没来得及看清就错过了。
achun1999,美容护肤,啥啥啥再上呗,1,该用户希望主播重新上架刚才售罄的商品。
achun1999,美容护肤,没拍着,1,该用户想表达的含义是：没能成功抢购到心仪的商品。
achun1999,美容护肤,没有了,1,该用户想表达的含义是：商品已经售罄或下架了，自己没能买到。
achun1999,美容护肤,抢到了,0,该用户想表达的含义是：成功下单购买了心仪的商品。
achun1999,美容护肤,没买到,1,该用户因商品售罄或手速不够而未能成功下单，表达了遗憾和失望的情绪。
achun1999,美容护肤,面膜嘎嘎好用,1,该用户想表达的含义是：这款面膜效果非常好，值得推荐。
achun1999,美容护肤,就等这个,1,该用户想表达的是：自己一直在等待当前直播中推出的这款产品，现在终于等到了。
achun1999,美容护肤,蛋黄油没有了吗,1,该用户是在询问蛋黄油是否已经售罄，表达了对该商品的强烈购买意愿和因缺货产生的失望情绪。
achun1999,美容护肤,"真的服了,又没抢到",1,该用户因多次未能成功抢购商品而感到失望和 frustration。
achun1999,美容护肤,速度上,1,该用户想催促主播尽快重新上架或补货当前热销的商品。
achun1999,美容护肤,这个价格太实惠了吧,1,该用户想表达的含义是：这个商品的价格非常吸引人，让我有强烈的购买欲望。
achun1999,美容护肤,没拍到,1,该用户想表达的是因手速或库存不足而未能成功抢购到心仪商品。
achun1999,美容护肤,生日礼物,0,该用户可能在询问是否有适合作为生日礼物的商品推荐或库存情况。
achun1999,美容护肤,"阿纯哥,没抢到",1,该用户因抢购失败而感到遗憾，希望主播能注意到自己的需求并补货。
achun1999,美容护肤,黑精华,1,该用户想表达的含义是：询问或提醒主播关于“黑精华”产品是否还有货或何时补货。
achun1999,美容护肤,蛋黄油上啊,1,该用户是在催促主播尽快重新上架或补货蛋黄油产品。
achun1999,美容护肤,蛋黄油蛋黄油蛋黄油蛋黄油蛋黄油蛋黄油蛋黄油蛋黄油,1,该用户急切希望直播间重新上架蛋黄油并表达强烈的购买意愿。
achun1999,美容护肤,什么时候蛋黄油,1,该用户急切询问蛋黄油产品的补货或上新时间，表现出强烈的购买意愿和需求。
achun1999,美容护肤,保湿霜,1,该用户可能在询问或催促主播介绍或上架保湿霜产品，表达对其购买或了解的兴趣。
achun1999,美容护肤,蛋黄油保湿霜还有么,1,该用户是在急切询问蛋黄油保湿霜是否还有库存可供购买。
achun1999,美容护肤,搭配vc可以吗,1,该用户可能是在询问当前推荐的产品是否可以与维生素C产品一起使用，暗示对产品功效或使用方法的兴趣。
achun1999,美容护肤,蛋黄油最后一个,1,该用户想表达的含义是：询问蛋黄油是否已经售罄或仅剩最后一件库存。
achun1999,美容护肤,再加再加再加,1,该用户急切催促主播继续补货或增加商品库存。
achun1999,美容护肤,有运费险吗,0,该用户是在询问商品是否支持退换货的运费保障，以此评估购买风险并决定是否下单。
achun1999,美容护肤,破厂了今天,0,该用户想表达的含义是：今天的产品抢购太火爆导致系统崩溃了。  （结合前文高频出现的“没抢到”“再加”“速度上”等弹幕，可推断用户抱怨的是抢购环节混乱或库存不足，用“破厂”调侃平台或直播间运营故障。）
achun1999,美容护肤,控油乳,1,该用户可能在询问或催促主播介绍/上架控油乳产品，表现出对该产品的兴趣或需求。
achun1999,美容护肤,蛋黄霜,1,该用户是在催促主播尽快上架或介绍“蛋黄霜”这款产品，表达了对该商品的强烈需求和购买意愿。
achun1999,美容护肤,蛋黄油,1,该用户急切地催促主播尽快上架或补货“蛋黄油”产品。
achun1999,美容护肤,要防晒,1,该用户想表达的含义是：询问或催促主播尽快介绍或上架防晒产品。
achun1999,美容护肤,脸老是起皮脱皮用什么好一些,1,该用户想表达的含义是：询问直播间是否有适合解决脸部干燥脱皮问题的护肤产品推荐。
achun1999,美容护肤,热感vc,1,该用户可能在询问热感VC产品的相关信息或表达对这款产品的兴趣。
achun1999,美容护肤,洗发水,1,该用户可能在询问直播间是否有洗发水产品上架或想了解洗发水的相关信息。
achun1999,美容护肤,绿面膜能搭配发热vc用吗,1,该用户想询问绿色面膜是否可以与直播间提到的热感VC产品一起使用，以了解两者搭配的兼容性或效果。
achun1999,美容护肤,蛋黄油蛋黄油蛋黄油蛋黄油蛋黄油蛋黄油蛋黄油蛋黄油蛋黄油蛋黄油蛋黄油蛋黄油蛋黄油蛋黄油蛋黄油,1,该用户急切催促主播尽快上架或讲解蛋黄油产品，表现出强烈的购买意愿和紧迫感。
achun1999,美容护肤,洗面奶卖不卖?.????,1,该用户是在询问直播间是否有洗面奶这款产品在售。
achun1999,美容护肤,上眼霜,1,该用户是在催促主播尽快上架或介绍眼霜产品。
achun1999,美容护肤,福袋有礼物吗?,0,该用户可能是在询问直播间的福利活动（福袋）中是否包含赠品或优惠，以此判断是否值得参与互动或继续观看直播。  （释义思路：结合前文弹幕中频繁出现的产品询问、库存关注（如“还有么”“最后一个”）以及促销相关提问（如“运费险”），可推断用户对直播间的实际利益较为敏感，因此“福袋有礼物吗”更倾向于试探福利价值，而非单纯好奇。）
achun1999,美容护肤,"面霜,面霜",1,该用户可能在急切询问或催促主播介绍/上架面霜产品。
achun1999,美容护肤,蛋黄油什么时候上,1,该用户急切询问蛋黄油产品的补货或开售时间，表现出明确的购买意向和需求。
achun1999,美容护肤,蛋黄油保湿霜还有么?,1,该用户急切询问蛋黄油保湿霜的库存情况，表现出明确的购买意向和抢购焦虑。
achun1999,美容护肤,买到了,0,该用户想表达的含义是：成功抢购到了心仪的商品（很可能是之前弹幕中频繁提及的“蛋黄油”）。
achun1999,美容护肤,西瓜霜,1,该用户可能在询问直播间是否有售卖“西瓜霜”这款产品。
achun1999,美容护肤,还能和VC一起用吗?,1,该用户是想询问当前推荐的产品是否可以与热感VC产品同时使用。
achun1999,美容护肤,敏感肌能用吗?,1,该用户想询问产品是否适合敏感肌肤使用，以评估是否符合自身需求。
achun1999,美容护肤,没拍到,1,该用户想表达的含义是：错过了购买心仪商品的机会。
achun1999,美容护肤,没有抢到什么情况,1,该用户可能因手速或库存原因未能成功抢购到心仪商品（如蛋黄油），表达了一种遗憾和焦急的情绪。
achun1999,美容护肤,面膜没了,1,该用户想表达的含义是：之前购买的面膜已经用完，现在有补货或再次购买的需求。
achun1999,美容护肤,抢不上啊,1,该用户因商品抢购火爆而未能成功下单，表达了遗憾和急切想购买的心情。
achun1999,美容护肤,洗面奶,1,该用户是在询问直播间是否售卖洗面奶产品。
achun1999,美容护肤,准备1000万了,0,该用户想表达的含义是：已经准备好充足的资金要抢购商品了。  （结合前文高频出现的“蛋黄油”等商品名及“没拍到”“抢不上”等抢购氛围，用户以夸张的金额表达强烈的购买意愿和备战心态。）
achun1999,美容护肤,这款面膜真好用,1,该用户想表达的含义是：对这款面膜的使用效果表示满意并可能有意回购或推荐。
achun1999,美容护肤,纯妈家的是唯一一个能把囤货用完的,0,该用户想表达的含义是：纯妈家的产品效果特别好，是唯一一个让我愿意坚持用完囤货的品牌。
achun1999,美容护肤,生日礼物,1,该用户可能是在询问直播间是否有适合作为生日礼物的商品推荐或促销活动。
achun1999,美容护肤,点进去就没有了,1,该用户想表达的含义是：商品刚点进链接就显示售罄了。  （结合前文弹幕中频繁出现的抢购失败反馈，如“没拍到”“抢不上啊”“面膜没了”，以及针对特定商品（如蛋黄油）的询问，可推断用户因库存紧张或抢购激烈而未能成功购买，语气可能带有遗憾或抱怨。）
achun1999,美容护肤,有延迟,0,该用户可能因直播画面或购买操作存在卡顿延迟而抱怨体验不佳。
achun1999,美容护肤,没抢到啊,1,该用户因商品抢购失败而感到遗憾和失落。
achun1999,美容护肤,"要死,我还是抢不到",0,该用户因多次尝试抢购商品却始终未能成功而感到沮丧和无奈。
achun1999,美容护肤,到底蛋黄油卖不卖,1,该用户急切地询问蛋黄油产品是否会再次开售，透露出强烈的购买意愿和错过抢购的焦虑。
achun1999,美容护肤,玫瑰磨砂膏,1,该用户可能在询问或表示对直播中提到的玫瑰磨砂膏产品感兴趣，想了解详情或购买。
achun1999,美容护肤,"忙着忘时间了,防晒没抢到[捂脸]",1,该用户因错过抢购时机而感到遗憾，表达了对没买到防晒产品的失望和无奈。
achun1999,美容护肤,蛋黄油面霜,1,该用户是在询问或催促主播上架蛋黄油面霜这款产品。
achun1999,美容护肤,"我滴纯妈,抢不上",1,该用户因手速或库存原因未能成功抢购到心仪商品，表达出强烈的遗憾和焦急情绪。
achun1999,美容护肤,面膜之神,0,该用户想表达的含义是：这款面膜效果非常好，堪称同类产品中的顶级选择。
achun1999,美容护肤,面膜再加,1,该用户想表达的含义是：要求主播增加面膜的库存或补货。
achun1999,美容护肤,没有了,0,该用户想表达的含义是：商品已经售罄或没抢到想要的货品。
achun1999,美容护肤,人参面霜,1,该用户可能在询问或表达对直播间提到的“人参面霜”这款产品的购买兴趣或需求。
achun1999,美容护肤,他还是洗面奶之神,0,该用户是在高度认可主播推荐的洗面奶产品，将其奉为同类中的顶尖选择。
achun1999,美容护肤,没防晒,1,该用户想表达的含义是：没抢到防晒产品而感到遗憾。
achun1999,美容护肤,洗面奶在不在?不在去干活了,1,该用户是在急切询问洗面奶是否还有库存，如果没有就准备离开直播间去做其他事情。
achun1999,美容护肤,没防晒了,1,该用户想表达的是：直播间的防晒产品已经售罄，自己没能抢到感到遗憾。
achun1999,美容护肤,蛋黄油没有了吗,1,该用户是在询问蛋黄油是否已经售罄，表达了对该商品的购买兴趣和抢购未果的焦急。
achun1999,美容护肤,"阿纯,你不能这样,4.21都要吃土啦",0,该用户想表达的含义是：主播频繁推出优惠活动导致自己控制不住想买，已经预算超支到月底要拮据了。
achun1999,美容护肤,生日礼物生日礼物[比心][比心][比心][比心][比心][比心][比心][比心],0,该用户想表达的含义是：希望主播推荐或上架适合作为生日礼物的产品，并表现出强烈的期待和喜爱之情。  （结合前文弹幕中频繁出现的抢购失败、产品询问等语境，用户可能是在催促主播提供更多可供选择的礼品类商品，并通过表情符号强化情感表达。）
achun1999,美容护肤,"抢了N多,真够用1年了生日礼物",0,该用户想表达自己成功抢购了大量商品，足够作为一年的生日礼物储备，显得既兴奋又满足。
achun1999,美容护肤,蛋黄油,1,该用户是在询问或确认直播间是否还有蛋黄油这款产品在售。
achun1999,美容护肤,蛋黄油的霜,1,该用户想询问或确认直播间是否有售卖蛋黄油面霜这款产品。
achun1999,美容护肤,洗面奶搞不搞,1,该用户是在询问主播是否会推出洗面奶的促销活动或补货上架。
achun1999,美容护肤,主播加油,0,该用户是在鼓励主播继续带货，希望主播保持热情以便自己能顺利抢购商品。
achun1999,美容护肤,下午好,0,该用户可能是刚进入直播间，礼貌性地打招呼并试探当前直播间的互动氛围。
achun1999,美容护肤,抢到了,0,该用户想表达的含义是：成功购买到了心仪的商品。
achun1999,美容护肤,生日礼物生日礼物生日礼物,0,该用户可能在暗示主播提供生日礼物相关的促销活动或福利，希望通过刷屏引起注意并获取优惠。
achun1999,美容护肤,保湿霜还有嘛,1,该用户是在询问保湿霜的库存情况，暗示有购买意向。
achun1999,美容护肤,主播太给力,0,该用户想表达的含义是：对主播的促销力度或表现感到非常满意和兴奋。
achun1999,美容护肤,蛋黄油蛋黄油,1,该用户是在急切询问或强调直播间是否还有蛋黄油这款产品可供购买。
achun1999,美容护肤,生日礼物,0,该用户可能在暗示主播推荐适合作为生日礼物的产品，或询问当前展示的商品是否适合当作生日礼物购买。
achun1999,美容护肤,"要护发精油,可以再上护发精油吗?",1,该用户急切询问主播能否再次上架护发精油产品，表现出明确的购买意向和需求。
achun1999,美容护肤,我在吃土啦生日礼物,0,该用户想表达的含义是：因为要买生日礼物导致经济紧张，现在手头拮据。  （结合前文多次出现的“生日礼物”和“吃土”调侃，用户用幽默方式表达因购物消费而经济压力大，同时暗示对直播商品的兴趣或已参与抢购。）
achun1999,美容护肤,洗发水,1,该用户可能在询问直播间是否有洗发水产品上架或促销活动。
achun1999,美容护肤,买到了,0,该用户想表达的是自己成功抢购到了心仪的商品。
achun1999,美容护肤,生日礼物生日礼物生日礼物,0,该用户可能在暗示主播推荐适合作为生日礼物的商品，或是希望借生日为由获得优惠促销机会。
achun1999,美容护肤,卸妆油,1,该用户可能在询问或暗示主播是否会上架或推荐卸妆油产品。
achun1999,美容护肤,上点保湿霜,1,该用户希望主播尽快补货或推荐保湿霜产品，表达明确的购买意向。
achun1999,美容护肤,一片五块钱,0,"该用户可能在询问或感叹商品的单价是否划算（例如针对当前展示的保湿霜/蛋黄油等产品）。  （解析依据：前文高频出现""生日礼物""""蛋黄油""""保湿霜""等商品类关键词，且存在抢购成功反馈，结合""一片五块钱""的计量单位表述，用户更可能是在评估商品价格而非单纯描述无关信息）"
achun1999,美容护肤,一合几个,0,该用户可能在询问商品包装内的具体数量或组合规格。
achun1999,美容护肤,"别的不说,用了阿纯家的护肤品,朋友都说我皮肤变好了",0,该用户是在分享使用主播家护肤品的正面体验，暗示对产品的认可和潜在的复购意向。
achun1999,美容护肤,什么时候上精油皂[流泪],1,该用户急切询问精油皂的上架时间，并流露出因暂时无法购买而产生的遗憾或渴望情绪。
achun1999,美容护肤,黄金皂上不上了,1,该用户是在询问直播间是否会上架黄金皂这款产品。
achun1999,美容护肤,蛋黄油保湿霜,1,该用户是在询问或表达对蛋黄油保湿霜这款产品的兴趣，可能是想确认是否有货或希望主播介绍/上架该产品。
achun1999,美容护肤,4号还有吗,1,该用户是在询问4号商品是否还有库存或会否补货。
achun1999,美容护肤,大气大气大气大气,0,该用户想表达的含义是：称赞主播的慷慨大方或商品优惠力度很大。
achun1999,美容护肤,敏感肌可以用的吧,1,该用户是在询问产品是否适合敏感肌肤使用，表现出对产品安全性的关注和潜在的购买意向。
achun1999,美容护肤,破产了[泪奔][泪奔],0,该用户想表达的含义是：自己因为疯狂抢购直播间商品而花光了钱，既心疼又无奈。
achun1999,美容护肤,生日礼物生日礼物生日礼物,0,该用户可能在强烈暗示主播推荐或上架适合作为生日礼物的产品。
achun1999,美容护肤,"一盒5片,可每天敷么?",1,该用户可能在询问产品的使用频率是否适合日常护肤需求，并隐含对性价比或皮肤耐受性的考量。
achun1999,美容护肤,来了来了生日礼物,0,该用户可能是在直播间寻找适合作为生日礼物的商品，并表达了自己对此类产品的关注和购买意向。
achun1999,美容护肤,控油乳,1,该用户可能在询问或暗示主播推荐/上架控油功效的乳液产品。
achun1999,美容护肤,下午好,0,该用户可能是礼貌性打招呼或询问直播活动是否已开始，暗示对后续商品介绍的期待。
achun1999,美容护肤,真的很好用,1,"该用户想表达的含义是：对主播推荐的产品表示高度认可并隐含购买意愿。  （结合前文弹幕中频繁出现的护肤品讨论、价格询问、使用反馈等语境，""真的很好用""既可能是对已购产品的肯定，也可能是对直播中展示商品的兴趣暗示，整体倾向于积极的消费意图。）"
achun1999,美容护肤,"能不能上点人参乳,家里好多水,没有乳",1,"该用户想表达的含义是：希望直播间能补货人参乳产品，因为自己囤积了大量化妆水但缺少配套的乳液使用。  （解析：结合前文护肤品类讨论语境，""家里好多水""指囤积化妆水，""没有乳""需要配套乳液，整句核心诉求是要求上架人参乳产品）"
achun1999,美容护肤,保质期多久,1,该用户可能是在询问商品的保质期信息，以评估是否适合购买或囤货。
achun1999,美容护肤,身体磨砂膏,1,该用户可能在询问或暗示主播推荐/介绍身体磨砂膏产品，或是表达对该品类商品的购买兴趣。
achun1999,美容护肤,25加加加,1,该用户想表达的含义是：希望主播加快节奏上架25号商品。
achun1999,美容护肤,支持主播生日礼物,0,该用户可能在催促主播推出或推荐适合作为生日礼物的产品，或是表达自己希望购买相关商品作为赠礼的意愿。
achun1999,美容护肤,买到就是赚到,0,该用户认为当前直播间的商品性价比极高，购买非常划算。
achun1999,美容护肤,太牛了,0,该用户想表达的含义是：对主播推荐的产品或直播内容感到非常惊叹和赞赏。
achun1999,美容护肤,蛋黄油还上吗?,1,该用户是在询问直播中之前提到过的蛋黄油产品是否会再次上架销售。
achun1999,美容护肤,还能和VC一起用吗?,1,该用户是在询问当前推荐的产品是否可以与维生素C类护肤品同时使用。
achun1999,美容护肤,抢到了,0,该用户想表达的含义是：成功购买到了心仪的商品。
achun1999,美容护肤,"蛋黄霜,蛋黄霜",1,该用户急切地询问或要求主播再次上架或介绍“蛋黄霜”这款产品。
achun1999,美容护肤,确实吊打,0,该用户想表达的含义是：这款产品的效果远超同类竞品，非常值得购买。
achun1999,美容护肤,洗面奶,1,该用户可能在询问或暗示主播介绍或推荐洗面奶产品。
achun1999,美容护肤,绿面膜能搭配发热vc用吗绿面膜能搭配发热vc用吗绿面膜能搭配发热vc用吗,1,该用户急切想知道绿色面膜是否可以与发热VC产品同时使用，可能对组合使用效果存在疑虑或期待。
achun1999,美容护肤,洗发水,1,该用户可能是在询问直播间是否有洗发水产品，或对当前展示的洗发水产生兴趣想了解详情。
achun1999,美容护肤,蛋黄油,1,该用户是在询问或催促主播是否还会再次上架蛋黄油这款产品。
achun1999,美容护肤,防晒预算,1,该用户可能在询问直播间是否有适合特定预算范围的防晒产品推荐。
achun1999,美容护肤,控油霜,1,该用户可能在询问主播是否会推荐或讲解控油霜产品，或是表达自己对该产品的购买兴趣。
achun1999,美容护肤,蛋黄霜还有啊?,1,该用户是在询问蛋黄霜这款产品是否还有库存或是否会继续补货，表现出对该商品的购买兴趣和潜在购买意向。
achun1999,美容护肤,控油乳,1,该用户可能在询问是否有控油效果的乳液产品，或是表达对控油乳的兴趣和需求。
achun1999,美容护肤,控油面霜,1,该用户可能在询问或表达对控油面霜产品的兴趣，希望了解产品详情或催促主播上架。
achun1999,美容护肤,给力了,0,该用户想表达的含义是：对直播间的优惠力度或产品效果感到非常满意和兴奋。
achun1999,美容护肤,蛋黄油蛋黄油蛋黄油蛋黄油,1,该用户急切地询问或催促主播再次上架蛋黄油产品。
achun1999,美容护肤,蛋黄霜,1,该用户想表达的含义是：询问主播是否还有蛋黄霜这款产品在售或想进一步了解其相关信息。
achun1999,美容护肤,黑精华,1,该用户想询问或提及直播间正在讨论的“黑精华”产品是否参与活动或能否购买。
achun1999,美容护肤,哎呀生日礼物,1,该用户可能在询问直播间推荐的产品是否适合作为生日礼物，表达了对某款商品的购买意向。
achun1999,美容护肤,控油面霜控油面霜控油面霜控油面霜,1,该用户急切地询问或强调对控油面霜产品的强烈兴趣或购买意向。
achun1999,美容护肤,有低倍防晒吗,1,该用户想询问直播间是否有防晒系数较低的防晒产品可供购买。
achun1999,美容护肤,没抢到,1,该用户想表达的含义是：对未能成功购买到心仪商品感到遗憾。  （结合前文弹幕高频出现的“蛋黄霜”“控油霜”等商品名及“抢到了”等互动，可推断直播间正在促销热门产品，用户因手速或库存问题未能达成购买意图。）
achun1999,美容护肤,中个黄金,0,该用户可能是在参与直播间的抽奖活动，希望自己能幸运抽中黄金类奖品。
achun1999,美容护肤,生日礼物生日礼物生日礼物,0,该用户可能在暗示主播推荐适合作为生日礼物的产品，或是希望获得生日相关的促销福利。
achun1999,美容护肤,"哥,洗发水还有吗?",1,该用户是在询问主播洗发水是否还有库存可供购买。
achun1999,美容护肤,还没买呢,0,该用户可能在表达自己尚未下单但仍在观望或犹豫是否购买的状态。
achun1999,美容护肤,阿纯太给力了[捂脸][捂脸][捂脸]5000没挡住[捂脸][捂脸]阿纯永远的神[比心][比心][比心][比心][比心],0,该用户想表达的含义是：主播阿纯的促销力度太大，自己没忍住花了5000元购买产品，并对主播的表现表示高度赞赏和喜爱。
achun1999,美容护肤,下午好,0,该用户可能是在礼貌性打招呼的同时暗示自己刚进入直播间，想了解当前正在推荐的产品或活动进展。
achun1999,美容护肤,生日礼物,0,该用户可能在询问直播间是否有适合作为生日礼物的产品推荐或优惠活动。
achun1999,美容护肤,保湿霜,1,该用户可能在询问直播间是否有保湿霜产品，或对主播提到的保湿霜表现出兴趣和关注。
achun1999,美容护肤,上面霜,1,该用户是在询问或确认直播间当前正在介绍或展示的面霜产品信息。
achun1999,美容护肤,防嗮没了啊,1,该用户可能是在询问或感叹直播间推荐的防晒产品已经售罄或自己急需补货防晒用品。
achun1999,美容护肤,还能和VC一起用吗?还能和VC一起用吗?,1,该用户可能在询问当前推荐的产品是否可以与维生素C类护肤品搭配使用，表现出对产品组合效果的关注和购买意向。
achun1999,美容护肤,洗发水,1,该用户可能在询问洗发水的库存情况或产品信息，暗示对购买该产品有兴趣。
achun1999,美容护肤,"人参水乳,胶原精华水,两个哪更合适啊",1,该用户正在两款护肤品之间犹豫，希望主播能根据产品功效或适用性给出推荐建议。
achun1999,美容护肤,蛋黄面霜,1,该用户可能在询问或表达对蛋黄面霜这款产品的兴趣或需求。
achun1999,美容护肤,"哥,我想要洗发水",1,该用户是在主动询问主播是否有洗发水库存并表达明确的购买意向。
achun1999,美容护肤,平衡霜,1,该用户可能在询问或表达对“平衡霜”这款产品的兴趣，想了解其功效或购买方式。
achun1999,美容护肤,"蛋黄油,蛋黄油,蛋黄油",1,该用户急切地询问或强调对“蛋黄油”这款产品的兴趣，可能是想确认是否有货或希望主播详细介绍。
achun1999,美容护肤,洗面奶,1,该用户可能在询问直播间是否有洗面奶产品，或是表达对洗面奶的购买兴趣。
achun1999,美容护肤,面膜呢,1,该用户是在询问主播是否会上架或介绍面膜产品，表达了对面膜的关注和潜在购买意向。
achun1999,美容护肤,"香皂,蛋黄油,防晒",1,该用户可能是在快速列举自己感兴趣或想购买的产品，暗示对香皂、蛋黄油和防晒类商品有购买意向。
achun1999,美容护肤,蛋黄霜,1,该用户可能在询问或表达对“蛋黄霜”这款产品的兴趣或需求。
achun1999,美容护肤,水光乳,1,"该用户可能在询问或表达对""水光乳""这款产品的兴趣，想了解产品详情或考虑购买。"
achun1999,美容护肤,刚进来一下,0,该用户可能是刚进入直播间，想表示自己正在熟悉直播内容或观望产品信息。
achun1999,美容护肤,黑玫瑰精华油吧!,1,"该用户可能在询问或表达对""黑玫瑰精华油""这款产品的兴趣，暗示想了解详情或考虑购买。"
achun1999,美容护肤,应该是黑玫瑰精华,1,该用户可能在确认或猜测主播当前推荐的产品是黑玫瑰精华。
achun1999,美容护肤,"@yong西藏,部分偏远地区可以联系商家客服哦",0,该用户是在提醒其他观众，如果身处偏远地区（如西藏）想购买商品，可以联系客服咨询配送事宜。
achun1999,美容护肤,洗面奶洗面奶,1,该用户可能在催促主播介绍或上架洗面奶产品，或是看到他人提及后产生兴趣想进一步了解详情。
achun1999,美容护肤,上面霜,1,该用户想表达的含义是：询问主播是否会上架或介绍面霜产品。
achun1999,美容护肤,赶紧呗,0,该用户想表达的含义是：催促主播尽快上架或介绍他们想要的产品。
achun1999,美容护肤,黑玫瑰精华[呲牙],1,该用户想表达的含义是：对黑玫瑰精华这款产品感兴趣并想进一步了解或购买。
achun1999,美容护肤,面膜敷完要洗脸吗,1,该用户可能对面膜的使用方法存在疑问，想确认使用后是否需要清洁步骤。
achun1999,美容护肤,"快踢,我买",1,该用户急切地催促主播上架或介绍某款产品，并表示自己有意购买。
achun1999,美容护肤,把果酸身体凝露换了呗,1,该用户希望主播更换当前展示的产品，推荐果酸身体凝露进行介绍或上架。
achun1999,美容护肤,西藏不发货,0,该用户可能在询问或确认西藏地区是否支持商品配送，表达了对购买商品的兴趣但受限于物流限制的担忧。
achun1999,美容护肤,蛋黄霜蛋黄霜蛋黄霜蛋黄霜蛋黄霜蛋黄霜蛋黄霜蛋黄霜,1,该用户急切想购买或了解“蛋黄霜”产品，并通过重复刷屏强调自己的需求。
achun1999,美容护肤,黑玫瑰精华,1,该用户是在询问或确认直播间正在介绍或推荐的黑玫瑰精华产品信息。
achun1999,美容护肤,主播上点,1,该用户是在催促主播尽快上架当前直播间讨论热度高的产品（如黑玫瑰精华或蛋黄霜）。
achun1999,美容护肤,胶原刀啥时候开,1,"该用户是在询问主播什么时候开始介绍或上架""胶原刀""这款产品，表现出对该商品的购买兴趣和急切期待。"
achun1999,美容护肤,生日礼物生日礼物生日礼物,0,该用户可能在催促主播推荐或展示适合作为生日礼物的产品。
achun1999,美容护肤,大家好主播下午好啊啊,0,该用户是在礼貌性地向主播打招呼，表达初次进入直播间的友好互动意愿，并未直接表露对商品的购买兴趣。
achun1999,美容护肤,黑玫瑰,1,该用户是在询问或提及直播间正在讨论的黑玫瑰系列产品，可能是对黑玫瑰精华油或精华感兴趣的表现。
achun1999,美容护肤,不会闷痘对吧,1,该用户是在确认产品是否会导致皮肤毛孔堵塞，表现出对产品安全性的顾虑和潜在的购买意向。
achun1999,美容护肤,西瓜霜,1,该用户可能是在询问或要求主播介绍或上架“西瓜霜”相关产品。
achun1999,美容护肤,主播叫阿纯么,0,该用户可能在确认主播身份，以便后续询问产品信息或表达购买意向。
achun1999,美容护肤,蛋黄霜,1,该用户急切要求主播上架或介绍“蛋黄霜”这款产品。
achun1999,美容护肤,错过洗面奶怎么办,0,该用户因担心错过购买洗面奶的机会而感到焦虑，希望主播能再次提供购买渠道或补货。
achun1999,美容护肤,手链是黄金的吗,1,该用户是在询问手链的材质是否为黄金，以确认商品是否符合其购买需求或价值预期。
achun1999,美容护肤,锦鲤附体,0,该用户想表达的含义是：希望自己能有幸运中奖或获得优惠的机会。
achun1999,美容护肤,"防晒,一秒化水",0,该用户可能是在询问或评价某款防晒产品的质地特点，暗示对“清爽易吸收”的防晒产品感兴趣或表示认可。
achun1999,美容护肤,控油霜,1,该用户可能在询问或催促主播介绍/上架控油霜产品。
achun1999,美容护肤,孕妇能用吗,1,该用户想询问产品是否适合孕妇使用以评估购买安全性。
achun1999,美容护肤,给我中,0,该用户希望自己能在直播间的抽奖或福利活动中成为幸运者。
achun1999,美容护肤,痘痘肌能不能用防嗮?,1,该用户是在询问防晒产品是否适合容易长痘的肤质使用。
achun1999,美容护肤,蛋黄油蛋黄油蛋黄油蛋黄油蛋黄油蛋黄油蛋黄油蛋黄油,1,该用户可能在强烈催促主播上架或介绍“蛋黄油”产品，表达对该商品的急切需求和购买兴趣。
achun1999,美容护肤,洗发水,1,该用户可能在询问主播是否会上架或介绍洗发水产品，或是想了解当前展示的洗发水相关信息。
achun1999,美容护肤,生日礼物,0,该用户可能在询问主播是否有适合作为生日礼物的产品推荐。
achun1999,美容护肤,小红书看过你,0,该用户想表达的含义是：我之前在小红书平台关注过你（或看过你的内容），现在来直播间支持你。  （结合语境：用户提及其他社交平台，暗示对主播有一定了解，可能是因内容种草而来，带有潜在兴趣或信任感。）
achun1999,美容护肤,什么时候上胶原面膜?,1,该用户是在询问胶原面膜的具体上架时间，表现出明确的购买意向和对该产品的兴趣。
achun1999,美容护肤,那叫plan不见play,0,该用户可能在调侃主播的发音不标准或口误，将“plan”说成了“play”，带有轻松吐槽的意味。
achun1999,美容护肤,黄金皂,1,该用户可能是在询问或提及直播间正在介绍的某款含有黄金成分的洁面皂产品。
achun1999,美容护肤,黑玫瑰,1,该用户可能在询问或提及直播间正在展示的某款以“黑玫瑰”为关键词的美妆或护肤产品（如面膜、精华等），并对其功效或使用体验产生兴趣。
achun1999,美容护肤,蛋黄油保湿面霜,1,该用户想表达的含义是：询问或确认主播正在介绍的蛋黄油保湿面霜的具体信息或功效。
achun1999,美容护肤,洗面奶,1,该用户可能在询问或关注直播间正在或即将介绍的洗面奶产品信息。
achun1999,美容护肤,现在全部都开价了吗,1,该用户可能在询问当前直播间的商品是否已经全部开始报价或进入促销环节。
achun1999,美容护肤,面霜面霜面霜面霜面霜面霜,1,该用户想表达的含义是：强烈关注或急切询问当前正在介绍的面霜产品。
achun1999,美容护肤,防嗮能抹匀称了给看一下?,1,该用户想询问主播能否示范一下如何将防晒产品均匀涂抹在皮肤上。
achun1999,美容护肤,啥机制,1,该用户可能在询问当前直播间的促销活动规则或商品购买方式。
achun1999,美容护肤,磨砂膏再来吧,1,该用户希望主播再次推荐或补货磨砂膏产品。
achun1999,美容护肤,生日礼物黄金生日礼物,0,该用户可能在询问或暗示主播推荐适合作为生日礼物的黄金类产品。
achun1999,美容护肤,面膜抢到了,0,该用户想表达的含义是：成功下单购买了直播间推荐的面膜产品。
achun1999,美容护肤,生日礼物,0,该用户可能在询问直播间是否有适合作为生日礼物的产品推荐或优惠活动。
achun1999,美容护肤,儿童可以用吗?,1,该用户是在询问产品是否适合儿童使用，可能出于给孩子购买或确认安全性的考虑。
achun1999,美容护肤,蛋黄霜,1,该用户想表达的含义是：询问或强调直播间提到的蛋黄油保湿面霜相关产品信息。
achun1999,美容护肤,面霜面霜面霜面霜面霜,1,该用户可能在强烈催促主播介绍或上架面霜产品，或是表达对面霜的迫切需求和兴趣。
achun1999,美容护肤,15天吧[流泪]来晚了,0,该用户因错过心仪商品（可能是面霜或黄金皂等限量产品）的抢购时间而感到遗憾，暗示希望主播能尽快补货或延长活动期限。
achun1999,美容护肤,生日礼物生日礼物,0,该用户可能在询问或暗示主播推荐适合作为生日礼物的产品，并希望获得相关优惠或购买建议。
achun1999,美容护肤,黑玫瑰精油了?????,1,该用户可能在急切询问黑玫瑰精油产品的购买信息或优惠机制，并带有期待和催促的语气。
achun1999,美容护肤,纯妈洗面奶可以洗掉吗,1,"该用户可能是在询问直播间推荐的某款洗面奶是否能有效清洁皮肤（比如针对""纯妈""这类特定污渍或成分的清洁效果）。"
achun1999,美容护肤,怎么会这么多人呢?,0,该用户可能是对直播间突然涌入的大量观众感到惊讶，并隐含着对商品热销程度的疑问。
achun1999,美容护肤,西瓜霜,1,该用户可能在询问直播间是否有售卖西瓜霜产品或相关优惠活动。
achun1999,美容护肤,这个厉害了生日礼物,0,该用户想表达的含义是：这款产品作为生日礼物很吸引人，让我产生了购买兴趣。
achun1999,美容护肤,牙膏没上呢,1,该用户是在询问或提醒主播为何还未开始介绍或上架牙膏产品。
achun1999,美容护肤,",生日礼物",1,该用户可能在询问或暗示主播推荐适合作为生日礼物的产品。
achun1999,美容护肤,你男的女的?,0,该用户可能是对主播的性别感到好奇，想通过确认主播身份来评估产品推荐的可信度或适用性。
achun1999,美容护肤,蛋黄油蛋黄油蛋黄油蛋黄油,1,该用户急切地询问或催促主播介绍/上架蛋黄油产品，表现出强烈的购买意向或对商品的关注。
achun1999,美容护肤,孕妇能用吗,1,该用户是在询问直播中所推荐的产品是否适合孕妇使用，以判断自己或他人是否可以安全购买。
achun1999,美容护肤,活动到啥时候?,0,该用户想询问促销活动的截止时间，以便决定是否参与购买。
achun1999,美容护肤,儿童能用不,1,该用户是在询问直播中介绍的产品是否适合儿童使用。
achun1999,美容护肤,就不能多我一个人中奖吗,0,该用户是在抱怨自己没能成为中奖者，希望也能有机会获得直播间的福利或赠品。
achun1999,美容护肤,洗面奶现在可以拍吗,1,该用户是在询问当前是否可以立即下单购买洗面奶产品。
achun1999,美容护肤,儿童能用吗,1,该用户是在询问直播中介绍的产品是否适合儿童使用，表达了对产品适用人群的关注和潜在的购买意向。
achun1999,美容护肤,蛋黄油蛋黄油蛋黄油蛋黄油蛋黄油蛋黄油蛋黄油蛋黄油,1,该用户可能在强烈催促主播上架或详细介绍“蛋黄油”这款产品，表达急切想要购买或了解相关信息的意愿。
achun1999,美容护肤,防晒霜漂亮,1,该用户可能是在夸赞防晒霜的外观设计或包装精美，暗示对产品产生兴趣或好感。
achun1999,美容护肤,"超级强烈,超级亲民",0,该用户想表达的含义是：这款产品的效果非常显著且价格实惠亲民。  （结合前文弹幕中频繁提及具体产品如“面霜”“蛋黄油”“洗面奶”等，以及关注点集中在功效、适用人群和促销活动上，可推断用户是在评价某款被推荐的商品性价比极高。）
achun1999,美容护肤,太多了,0,该用户可能是在感叹直播间商品种类或优惠活动过于丰富，一时难以抉择。
achun1999,美容护肤,预售已经付全款了,0,该用户想表达自己已经完成了预售商品的付款，表明明确的购买行为和对产品的支持。
achun1999,美容护肤,蛋黄霜速度,1,该用户想表达的含义是：催促主播尽快介绍或上架蛋黄霜产品。
achun1999,美容护肤,蛋黄霜,1,该用户急切催促主播尽快介绍或上架“蛋黄霜”这款产品。
achun1999,美容护肤,中午好,0,该用户可能是在打招呼或表达自己刚进入直播间的状态，试图融入当前的互动氛围。
achun1999,美容护肤,蛋黄霜蛋黄霜蛋黄霜蛋黄霜蛋黄霜蛋黄霜蛋黄霜蛋黄霜,1,该用户急切催促主播尽快介绍或上架“蛋黄霜”产品，表现出强烈的购买意愿或对该商品的浓厚兴趣。
achun1999,美容护肤,下午好,0,该用户可能是在礼貌性地打招呼，试图融入直播间的互动氛围，但并未直接表达对商品的购买兴趣。
achun1999,美容护肤,下午好啊,0,该用户可能是在打招呼的同时暗示自己刚进入直播间，想了解当前正在介绍的产品或活动信息。
achun1999,美容护肤,防晒链接上了吗,1,该用户是在询问防晒产品的购买链接是否已经开放，表现出明确的购买意向和对该商品的关注。
achun1999,美容护肤,蛋黄蛋黄,1,该用户可能是在催促主播详细介绍或展示名为“蛋黄”的相关产品（如蛋黄油、蛋黄霜等），或是表达对该产品的兴趣和关注。
achun1999,美容护肤,蛋黄油生日礼物,1,该用户可能是想询问蛋黄油产品是否适合作为生日礼物赠送，或暗示自己有意购买蛋黄油作为生日礼物。
achun1999,美容护肤,会假白吗,1,该用户是在询问产品使用后是否会出现不自然的假白效果。
achun1999,美容护肤,涂多厚合适,1,该用户想询问产品使用时具体的涂抹厚度建议，表明对产品使用细节的关注和潜在的购买意向。
achun1999,美容护肤,"头上绑着防晒就行,这样姐姐别人好累的",0,该用户想表达的含义是：建议主播用防晒头巾替代频繁调整发型，以免影响直播展示效果。
achun1999,美容护肤,上面霜上面霜上面霜上面霜上面霜,1,该用户急切催促主播尽快上架或展示面霜产品。
achun1999,美容护肤,辣眼睛不?,1,该用户可能是在询问产品的刺激性或舒适度，担心使用后会让眼睛感到不适。
achun1999,美容护肤,蛋黄油霜,1,该用户想表达的含义是：询问或催促主播详细介绍或上架蛋黄油霜这款产品。  （结合前文高频出现的“蛋黄油”“蛋黄霜”以及类似产品催促的弹幕，可推断用户关注点集中在此类商品，可能是希望主播回应或加快展示流程。）
achun1999,美容护肤,控油洗面奶,1,"该用户可能是在询问或暗示对直播间推荐的控油洗面奶产品感兴趣，想了解相关功效或购买方式。  （解析思路：结合前文高频出现的护肤品类讨论（如""防晒霜""""蛋黄油""""面霜""）及具体功效提问（如""会假白吗""），可推断当前弹幕属于同类消费意图的表达，且""控油""作为常见护肤需求词，更倾向功能性询问而非闲聊。）"
achun1999,美容护肤,有没有精油呀,1,该用户是在询问直播间是否有精油产品上架或推荐。
achun1999,美容护肤,洗发膏,1,该用户可能在询问直播间是否有洗发膏这款产品，或对洗发膏的功能、价格等细节感兴趣。
achun1999,美容护肤,面膜什么政策?,1,该用户是在询问面膜产品的促销优惠或购买方式。
achun1999,美容护肤,洁发膏洁发膏洁发膏洁发膏洁发膏洁发膏洁发膏洁发膏洁发膏洁发膏洁发膏洁发膏洁发膏洁发膏洁发膏洁发膏洁发,1,该用户可能在急切催促主播上架或详细介绍洁发膏产品，或是表达对该产品的强烈兴趣和购买意愿。
achun1999,美容护肤,付不了定金,0,该用户想表达的含义是：在尝试支付商品定金时遇到了操作问题，需要帮助解决。  （结合前文弹幕高频提及“蛋黄霜”等商品名，以及询问产品细节、政策等互动，可推断用户已产生购买意向，但支付流程受阻。）
achun1999,美容护肤,付不了,0,该用户想表达的含义是：在尝试支付定金时遇到了系统问题无法完成操作。
achun1999,美容护肤,太快了,0,该用户可能是在抱怨商品上架或讲解节奏过快，导致自己来不及参与购买或理解产品信息。
achun1999,美容护肤,蛋黄霜纯纯,1,该用户想表达的含义是：催促主播尽快介绍或上架蛋黄霜产品。  （结合前文高频出现的“蛋黄霜”“上面霜”等弹幕，可推断用户是在跟风刷屏表达对这款产品的强烈兴趣或购买需求。）
achun1999,美容护肤,洗面奶现在拍吗,1,该用户是在询问当前是否可以直接下单购买洗面奶产品。
achun1999,美容护肤,都是水能拍进去不,1,该用户是在询问直播展示的某款防水产品（如防晒霜或洗面奶）是否真的具有防水效果，能否在水环境下正常使用或拍摄效果。
achun1999,美容护肤,蛋黄油再上吧,1,该用户希望主播再次上架蛋黄油产品以供购买。
achun1999,美容护肤,胶原面膜胶原面膜,1,该用户可能是急切询问关于胶原面膜的产品信息或优惠活动，表现出明确的购买意向。
achun1999,美容护肤,没抢到,0,该用户想表达的含义是：因手速或库存不足未能成功购买心仪商品而感到遗憾。
achun1999,美容护肤,眼霜讲下吧,1,该用户希望主播详细介绍眼霜产品的功效或使用方法。
achun1999,美容护肤,果酸精华,1,该用户可能在询问或表达对直播间提到的果酸精华产品的兴趣，比如想了解产品详情、使用效果或购买方式。
achun1999,美容护肤,"蛋黄油,蛋黄油,蛋黄油",1,该用户急切催促主播再次上架或详细介绍蛋黄油产品。
achun1999,美容护肤,我没抢到,0,该用户想表达的是对某款已售罄商品的遗憾和未能成功购买的失落情绪。
achun1999,美容护肤,小孩子可以总嘛,0,该用户想询问这款产品是否适合儿童使用。
achun1999,美容护肤,控油面霜今天没吗,1,该用户想询问今天直播间是否没有上架控油面霜这款产品。
achun1999,美容护肤,脸上毛孔粗大有哪些好的产品,1,该用户是在主动寻求针对毛孔粗大问题的护肤品推荐，表现出明确的购买意向和产品需求。
achun1999,美容护肤,如果不闷痘的话以后防嗮就你家了我大牌小牌都用过全部闷痘,0,"该用户想表达：如果这款防晒产品不引发痘痘问题，就会成为自己长期回购的首选品牌，因为之前尝试过各种价位的防晒产品都导致闷痘困扰。  （释义要点：  1. 核心动机：对""不闷痘""功效的强烈需求，隐含试用意愿  2. 语境补充：基于前20条弹幕中频繁出现的护肤品成分讨论（果酸/控油/毛孔）和抢购焦虑，反映出用户是高度关注成分问题的敏感肌消费者  3. 潜在行为：该表态已包含""承诺性购买""倾向，属于高转化价值弹幕）"
achun1999,美容护肤,"蛋黄油,水光乳",1,该用户想表达的含义是：希望主播尽快介绍或上架蛋黄油和水光乳这两款产品。  （结合前文语境，直播间多次提及“蛋黄油”且用户对产品功能有讨论，该弹幕属于明确催促或询问意向。）
achun1999,美容护肤,蛋黄霜,1,该用户可能是想询问蛋黄霜的产品信息或表达对这款产品的兴趣。
achun1999,美容护肤,会不会假白,1,该用户可能是在询问产品是否会出现虚假美白效果或宣传与实际不符的情况。
achun1999,美容护肤,洗面奶咋卖,1,该用户想询问洗面奶的购买方式和价格信息。
achun1999,美容护肤,蛋黄面霜上呀,1,该用户是在催促主播尽快上架或详细介绍“蛋黄面霜”这款产品，表现出明确的购买意向或对商品的急切关注。
achun1999,美容护肤,人参水乳,1,该用户可能是想询问或推荐直播间正在讨论的“人参水乳”产品的相关信息或购买方式。
achun1999,美容护肤,洗发水直接拍吗,1,该用户想询问是否可以直接下单购买洗发水而不需要等待进一步讲解或优惠信息。
achun1999,美容护肤,上链接,1,该用户急切催促主播尽快将当前讨论的产品（可能是蛋黄油或蛋黄面霜）上架销售链接。
achun1999,美容护肤,果酸精华呢,1,该用户是在询问主播何时介绍或上架果酸精华产品。
achun1999,美容护肤,洗发水洗发水洗发水,1,该用户急切催促主播上架或详细介绍洗发水产品。
achun1999,美容护肤,上面霜上面霜上面霜上面霜上面霜,1,该用户急切催促主播上架或详细介绍面霜产品。
achun1999,美容护肤,洁发膏洁发膏洁发膏洁发膏洁发膏洁发膏洁发膏洁发膏洁发膏洁发膏洁发膏洁发膏洁发膏洁发膏洁发膏洁发膏,1,"该用户急切催促主播上架或详细介绍洁发膏产品。  （分析依据：结合前文高频重复关键词（如""蛋黄油""""洗发水""""上面霜""）的弹幕模式，均体现用户对特定产品的强烈需求或催促行为，且直播间氛围偏向护肤/洗护品类讨论，因此目标弹幕属于典型的需求表达句式。）"
achun1999,美容护肤,蛋黄油蛋黄油蛋黄油蛋黄油,1,该用户急切催促主播上架或详细介绍蛋黄油产品。
achun1999,美容护肤,飞机高铁能带吗,1,该用户是在询问产品是否符合航空和高铁的携带规定，暗示对购买后实际使用场景的顾虑。
achun1999,美容护肤,洗面奶还有么,1,该用户是在询问洗面奶的库存情况，表现出明确的购买意向和紧迫感。
achun1999,美容护肤,中下午好,0,该用户可能是在打招呼的同时暗示自己刚进入直播间，想了解当前正在推荐的产品或活动。
achun1999,美容护肤,生日礼物生日礼物,0,该用户可能是在催促主播推荐或上架适合作为生日礼物的产品。
achun1999,美容护肤,"老男人有没有什么推荐的?秃头,油性皮肤,肤色暗...!!!",1,该用户想询问适合中年男性使用的护肤产品推荐，主要针对油性肌肤、脱发和肤色暗沉等问题。
achun1999,美容护肤,果酸精华,1,该用户可能在询问主播是否会推出或介绍果酸精华产品，并对其功效或购买方式感兴趣。
achun1999,美容护肤,有刚刚那个胶原蛋白面膜吗,1,该用户是在询问直播间是否会上架之前展示过的胶原蛋白面膜产品，表现出明确的购买意向。
achun1999,美容护肤,不看了再看还得买生日快乐,0,该用户想表达的含义是：担心继续观看直播会忍不住消费，所以决定退出直播间来克制购买冲动。
achun1999,美容护肤,给力!!,0,该用户想表达的含义是：对直播中推荐的产品或促销活动感到兴奋和认可。
achun1999,美容护肤,防晒用在哪一步,1,该用户想询问防晒产品的使用顺序是在护肤流程中的哪个步骤。
achun1999,美容护肤,防晒怎么没了,1,该用户想表达的含义是：询问直播间之前展示的防晒产品为何没有继续售卖或上架链接。
achun1999,美容护肤,冷凝胶,1,该用户可能在询问或催促主播上架冷凝胶产品。
achun1999,美容护肤,皮肤状态太好了,0,该用户可能是在称赞主播或产品使用后的肌肤效果，暗示对相关护肤产品产生兴趣或认可。
achun1999,美容护肤,焦原刀,1,该用户可能在询问或催促主播介绍/上架一款名为“焦原刀”的产品。
achun1999,美容护肤,蛋黄油蛋黄油蛋黄油蛋黄油蛋黄油蛋黄油蛋黄油蛋黄油蛋黄油蛋黄油蛋黄油蛋黄油蛋黄油蛋黄油蛋黄油,1,该用户急切催促主播上架或介绍蛋黄油产品，表现出强烈的购买意愿。
achun1999,美容护肤,蛋黄面霜,1,该用户可能在询问或催促主播介绍/上架蛋黄面霜产品。
achun1999,美容护肤,这个价格真的很到位哦,0,该用户认为当前商品的定价非常划算，透露出较强的购买意向。
achun1999,美容护肤,洗发水,1,该用户可能在询问或暗示对直播间正在介绍的洗发水产品感兴趣，想了解详情或要求主播展示。
achun1999,美容护肤,蛋黄油呢,1,该用户可能在询问直播间是否还有蛋黄油这款产品库存或何时会上架。
achun1999,美容护肤,果酸精华,1,该用户可能是在询问或表达对直播间提到的果酸精华产品的兴趣，比如想了解详情或考虑购买。
achun1999,美容护肤,洗面奶,1,该用户可能在询问直播间是否有洗面奶产品在售或想了解相关产品信息。
achun1999,美容护肤,蛋黄霜,1,该用户可能在询问或提及直播间之前讨论过的“蛋黄面霜”相关产品信息。
achun1999,美容护肤,洗面奶男的能用吗,1,该用户是在询问这款洗面奶是否适合男性使用，表现出对产品的具体适用性和购买可能性的关注。
achun1999,美容护肤,快看快看,0,该用户可能在催促其他观众注意主播即将展示或讲解的产品，表现出对当前直播内容的急切关注和兴趣。
achun1999,美容护肤,这么多刷蛋黄油的看不见,1,该用户是在抱怨直播间里大量刷屏的“蛋黄油”弹幕淹没了其他产品讨论，导致自己关心的内容被忽视。
achun1999,美容护肤,小孩子能用吗,1,该用户想询问产品是否适合儿童使用。
achun1999,美容护肤,有刚刚那个胶原蛋白面膜吗,1,该用户是在询问直播间是否还有之前展示过的某款胶原蛋白面膜产品，表现出明确的购买意向和兴趣。
achun1999,美容护肤,防晒再上一波吧,1,该用户希望主播再次上架防晒产品以供购买。
achun1999,美容护肤,牙膏啥时候啊,1,该用户是在询问牙膏产品的上架或讲解时间，表现出对购买该商品的兴趣。
achun1999,美容护肤,"西瓜霜啥时候上啊,钱包都空了",1,该用户急切询问西瓜霜产品的上架时间，并调侃自己已经准备好花钱购买，表现出强烈的购买意愿和期待。
achun1999,美容护肤,蛋黄油蛋黄油蛋黄油蛋黄油蛋黄油蛋黄油蛋黄油蛋黄油,1,该用户急切询问或催促主播上架或介绍“蛋黄油”产品，可能是因多人重复提及而强化了需求，或对产品有强烈兴趣但未得到及时回应。
achun1999,美容护肤,看着还挺不错的,1,该用户可能对当前展示的产品产生了初步好感，暗示有潜在购买意向但尚未完全下定决心。
achun1999,美容护肤,生日礼物,0,该用户可能在询问是否有适合作为生日礼物的推荐商品，或暗示主播为特定人群（如寿星）推荐相关产品。
achun1999,美容护肤,什么时候上蛋黄油啊,1,该用户急切询问蛋黄油产品的上架时间，表现出强烈的购买意愿和期待。
achun1999,美容护肤,再来一个,0,该用户希望主播再次上架或展示刚才提到的热门商品（如蛋黄油）。
achun1999,美容护肤,清洁泥膜,1,该用户可能在询问或提醒主播展示/讲解清洁泥膜这款产品，表达对该商品的兴趣或购买意向。
achun1999,美容护肤,"人参水乳,胶原精华水,两个哪更合适啊",1,该用户是在对比两款护肤品的效果或适用性，希望得到推荐建议以便做出购买决策。
achun1999,美容护肤,防晒霜真的好用吗,1,该用户想表达的含义是：对防晒霜的实际效果存在疑虑，希望主播或已购买者分享使用体验以辅助购买决策。  （结合前文语境：直播间正在密集讨论各类美妆个护产品，且多次出现针对产品适用性和功效的提问，如“洗面奶男的能用吗”“小孩子能用吗”，可见用户群体对产品细节较为关注。目标弹幕延续了这种务实倾向，聚焦防晒霜的功效验证而非单纯询问价格或上架时间。）
achun1999,美容护肤,控油霜有么,1,该用户是在询问直播间是否有售卖控油霜这款产品。
achun1999,美容护肤,磨砂膏呢,1,该用户可能在询问直播间是否会上架或展示磨砂膏产品。
achun1999,美容护肤,蛋黄油蛋黄油蛋黄油,1,该用户急切催促主播尽快上架或介绍蛋黄油产品，表现出强烈的购买意愿。
achun1999,美容护肤,生日快乐,0,该用户可能是在借主播生日祝福的时机，暗示自己希望收到或购买相关产品作为生日礼物。
achun1999,美容护肤,"不油,但是红",0,该用户想表达的含义是：这款产品虽然不油腻，但颜色偏红可能不太理想。
achun1999,美容护肤,黑玫瑰精油,1,该用户可能在询问或表达对黑玫瑰精油产品的兴趣，希望了解详情或催促主播介绍/上架该商品。
achun1999,美容护肤,泥膜怎么用,1,该用户可能是对直播中提到的清洁泥膜产品感兴趣，想了解具体的使用方法。
achun1999,美容护肤,玫瑰精油,1,该用户可能是对玫瑰精油产品感兴趣，询问相关情况或希望主播介绍/上架该商品。
achun1999,美容护肤,生日礼物生日礼物,0,该用户可能在催促主播推荐或展示适合作为生日礼物的产品。
achun1999,美容护肤,控油面霜,1,该用户可能在询问直播间是否有控油面霜产品，并对其表现出购买兴趣。
achun1999,美容护肤,啥时候上洗面奶,1,该用户是在询问直播间何时会上架洗面奶产品，表现出对该品类有明确的购买意向和期待。
achun1999,美容护肤,那我可太年轻了,0,该用户可能是在调侃自己因对产品表现出浓厚兴趣而显得不够成熟老练。
achun1999,美容护肤,蛋黄油蛋黄油蛋黄油蛋黄油蛋黄油蛋黄油,1,该用户急切地询问或催促主播尽快上架或介绍蛋黄油产品。
achun1999,美容护肤,卸妆油卸妆油卸妆油,1,该用户急切地催促主播上架或介绍卸妆油产品，可能是看到其他用户重复刷产品名称（如蛋黄油）得到了回应而模仿此行为。
achun1999,美容护肤,洗面奶直接拍就行呢,1,该用户想表达的含义是：询问是否可以直接下单购买洗面奶而不需要其他操作。  （结合前文弹幕中有人询问“啥时候上洗面奶”，说明洗面奶是直播间刚上架或正在讨论的产品，用户可能看到相关信息后，想确认购买方式是否简单直接。）
achun1999,美容护肤,蛋黄油面霜,1,"该用户想表达的含义是：询问或催促主播介绍/上架蛋黄油面霜产品。  （结合前文高频出现的""蛋黄油""关键词及类似产品询问句式，可推断用户是在跟进直播间产品信息，可能是追问此前未明确答复的蛋黄油相关商品，或对""面霜""这一具体品类提出需求。）"
achun1999,美容护肤,面霜面霜面霜面霜面霜,1,该用户急切想了解或购买面霜产品。
achun1999,美容护肤,以油养肤,1,该用户可能是在询问或推荐使用精油类产品进行护肤的方法或效果。
achun1999,美容护肤,咱俩居然同一天生日,0,该用户想表达的含义是：发现与主播或直播间其他观众有相同的生日日期，试图通过分享这一巧合来拉近距离或引起关注。
achun1999,美容护肤,蛋黄油蛋黄油蛋黄油蛋黄油,1,该用户迫切希望主播介绍或上架蛋黄油产品。
achun1999,美容护肤,"蛋黄油,蛋黄油,蛋黄油",1,该用户急切询问或强烈要求主播介绍/上架蛋黄油产品。
achun1999,美容护肤,牙膏牙膏牙膏牙膏牙膏牙膏牙膏牙膏牙膏牙膏牙膏牙膏牙膏牙膏牙膏牙膏牙膏牙膏牙膏牙膏牙膏牙膏牙膏牙膏牙膏,1,该用户可能在急切询问或强烈要求主播介绍或上架牙膏产品。
achun1999,美容护肤,抛光液,1,该用户可能是想询问或推荐与“抛光液”相关的产品，或是希望主播介绍这类商品的使用方法和效果。
achun1999,美容护肤,开防晒,1,该用户是在询问或催促主播上架或介绍防晒产品。
achun1999,美容护肤,对啊你说的太对了,0,该用户想表达的含义是：对主播介绍的某款产品功效或使用方法的强烈认同。  （结合前文高频出现的“以油养肤”“蛋黄油”“面霜”等关键词，用户可能是在回应主播关于精油/油类护肤品的讲解，认可其观点与自身需求契合。）
achun1999,美容护肤,蛋黄油蛋黄油蛋黄油蛋黄油蛋黄油蛋黄油蛋黄油蛋黄油蛋黄油蛋黄油蛋黄油蛋黄油蛋黄油蛋黄油蛋黄油蛋黄油蛋黄,1,该用户可能在强烈催促主播上架或详细介绍蛋黄油产品，表达对该商品的迫切需求和高度关注。
achun1999,美容护肤,卖什么,1,该用户可能是在询问当前直播间正在推销或展示的具体商品是什么。
achun1999,美容护肤,蛋黄油蛋黄油,1,该用户想表达的含义是：强烈要求主播介绍或上架蛋黄油产品。
achun1999,美容护肤,便宜的上一上,1,该用户希望主播尽快推出价格优惠的商品进行售卖。
achun1999,美容护肤,香皂呢,1,该用户是在询问直播间何时会上架或展示香皂产品。
achun1999,美容护肤,面霜面霜面霜面霜面霜面霜,1,该用户急切催促主播尽快介绍或上架面霜产品。
achun1999,美容护肤,防晒没了,1,该用户可能是在询问或催促主播上架防晒产品，暗示自己有购买需求。  （结合前文弹幕中频繁出现的产品名称如“蛋黄油”“面霜”以及“开防晒”“卖什么”等互动内容，可推断直播间正在讨论护肤品，且用户对“防晒”有明确兴趣，可能是发现当前没有相关商品或库存不足而主动提醒。）
achun1999,美容护肤,给力给力给力给力,0,该用户想表达的含义是：对当前直播中推荐的产品或促销活动感到非常兴奋和认可。  （结合前文弹幕高频出现的“蛋黄油”“面霜”等产品名称，以及“便宜的上一上”等催促上架的内容，可推断当前直播间正在积极推销某款商品，用户通过重复“给力”表达对价格或效果的强烈满意，可能是针对主播的优惠力度或产品功能的夸赞。）
achun1999,美容护肤,面霜呢?面霜呢?,1,该用户急切询问主播何时介绍或上架面霜产品，表现出对面霜的强烈兴趣和购买意向。
achun1999,美容护肤,"蛋黄霜,蛋黄霜",1,该用户是在强烈询问或催促主播上架或介绍蛋黄霜产品。
achun1999,美容护肤,那个毯子在哪儿领啊?,0,该用户想询问直播中提到的毯子的购买或领取方式，表现出对商品的兴趣和获取意向。
achun1999,美容护肤,蛋黄油呢,1,该用户可能在催促主播尽快介绍或上架蛋黄油产品，表现出对该商品的强烈兴趣和购买意愿。
achun1999,美容护肤,14.21,0,该用户可能是在询问或确认当前直播中展示的商品价格是否为14.21元。
achun1999,美容护肤,洗面奶,1,该用户可能在询问直播间是否有洗面奶产品上架或促销信息。
achun1999,美容护肤,玫瑰精油玫瑰精油玫瑰精油玫瑰精油玫瑰精油玫瑰精油玫瑰精油玫瑰精油,1,该用户可能在急切询问或强烈要求主播上架或详细介绍玫瑰精油产品。
achun1999,美容护肤,"啊纯,我要平衡霜,平衡霜有",1,该用户急切地表示想要购买主播提到的“平衡霜”产品。
achun1999,美容护肤,"我蹲得口袋都空了,啥都想屯",0,该用户想表达自己因直播间商品吸引力太强而忍不住想大量囤货，甚至已经花光了预算。
achun1999,美容护肤,面霜呢,1,该用户急切询问主播何时介绍或上架面霜产品，表现出明确的购买意向和需求。
achun1999,美容护肤,生日礼物,0,该用户可能在询问是否有适合作为生日礼物的商品推荐。
achun1999,美容护肤,看着不错,0,该用户可能对当前展示的商品产生了初步好感，暗示有进一步了解或购买的意愿。
achun1999,美容护肤,还能再上吗人参面霜???????,1,该用户急切询问主播是否会再次补货或重新上架人参面霜，表现出强烈的购买意愿和需求。
achun1999,美容护肤,人参霜,1,该用户是在询问或催促主播上架人参霜产品。
achun1999,美容护肤,控油霜的升级版吗,1,该用户可能是在询问当前介绍的控油霜是否为之前产品的改良版本，表现出对产品升级功能的关注和潜在购买兴趣。
achun1999,美容护肤,男的表示不想哑光,0,"该用户可能是在吐槽或反对当前推荐的产品（如哑光质地的面霜或化妆品），暗示自己作为男性消费者对这类产品不感兴趣。  （结合前文高频出现的""面霜""""控油霜""等护肤品类，以及男性用户可能对哑光妆效的抵触心理，推断其表达对特定产品特性的排斥。）"
achun1999,美容护肤,熬夜面膜还没上,1,该用户是在催促主播尽快上架熬夜面膜这款产品，表现出明确的购买意向和急切等待的心情。
achun1999,美容护肤,@怀安护肤品不分男女哦,0,该用户想表达的含义是：护肤品的使用并不需要区分性别，男性也可以使用当前讨论的产品。  （结合前文弹幕中“男的表示不想哑光”等涉及性别的讨论，该用户可能是针对性别相关的疑问或刻板印象进行澄清，强调产品适用性广泛。）
achun1999,美容护肤,蛋黄油啥时候上啊,1,该用户急切询问蛋黄油产品的上架时间，表现出明确的购买意向和期待。
achun1999,美容护肤,脸上都可以下泥了,0,该用户可能在调侃自己皮肤出油严重，暗示对直播间推荐的控油或清洁类护肤品有潜在需求。
achun1999,美容护肤,生日礼物/,0,该用户可能在询问直播间是否有适合作为生日礼物的产品推荐或促销活动。
achun1999,美容护肤,控油效果非常好,1,该用户是在称赞某款控油产品的使用效果出色，暗示自己对该产品感兴趣或已产生购买意愿。
achun1999,美容护肤,护发精油,1,该用户可能是在询问护发精油的购买链接或产品详情，表达了对这款商品的兴趣和购买意向。
achun1999,美容护肤,洗面奶,1,该用户可能在询问或提醒主播介绍或上架洗面奶产品。
achun1999,美容护肤,上黄金,1,该用户可能在催促主播上架或介绍某款名为“黄金”系列的护肤品（如黄金面膜、黄金精华等），或是希望主播展示与“黄金”相关的促销活动或产品福利。
achun1999,美容护肤,洗面奶开,1,该用户是在催促主播尽快上架或介绍洗面奶这款产品。
achun1999,美容护肤,"蛋黄面霜,蛋黄面霜.蛋黄面霜,蛋黄面霜.蛋黄面霜,蛋黄面霜.蛋黄面霜,蛋黄面霜.蛋黄面霜,蛋黄面霜",1,该用户急切地询问或催促主播尽快介绍或上架“蛋黄面霜”产品。
achun1999,美容护肤,生日礼物,0,该用户可能在询问直播间是否有适合作为生日礼物的产品推荐或优惠活动。
achun1999,美容护肤,抢黄金[比心][比心][比心][比心][比心],1,该用户想表达的是急切想参与抢购黄金产品的强烈意愿，并附上多个比心表情以增强情感表达。
achun1999,美容护肤,主播果酸精华呢,1,该用户是在催促主播尽快介绍或上架果酸精华产品，表现出明确的购买意向或对该产品的兴趣。
achun1999,美容护肤,下午好啊,0,该用户可能是在打招呼的同时暗示自己刚进入直播间，想了解当前正在介绍的产品或活动。
achun1999,美容护肤,上下人参面霜???,1,该用户可能在急切询问主播是否会再次上架人参面霜，并表现出较强的购买意愿。
achun1999,美容护肤,用过的说一下哦,0,该用户想询问其他已购买使用过产品的观众分享真实体验反馈。
achun1999,美容护肤,大秀大秀,0,该用户可能在兴奋地催促主播展示或介绍某款产品（例如黄金或面霜类商品），表达对当前直播内容的积极期待或赞赏。
achun1999,美容护肤,"看着不错,想买",1,该用户被直播展示的产品吸引，产生了明确的购买意向。
achun1999,美容护肤,好用不,1,该用户是在询问产品实际使用效果如何，隐含对产品的潜在购买兴趣。
achun1999,美容护肤,控油乳太好用了,1,该用户想表达对控油乳使用效果的积极认可，并隐含向他人推荐或肯定主播推荐产品的意图。
achun1999,美容护肤,宝宝有防晒吗,1,该用户是在询问直播间是否有售卖适合儿童使用的防晒产品。
achun1999,美容护肤,要全水套装,1,该用户想表达的是希望购买直播间正在推荐的全套补水护肤产品。
achun1999,美容护肤,支持支持支持支持支持,0,该用户想表达的含义是：对主播或当前推荐的产品表示强烈的认同和鼓励。
achun1999,美容护肤,"福袋还有没有,没有走啦",0,该用户是在询问直播间是否还有福袋福利，并表示如果没有就会离开直播间。
achun1999,美容护肤,这个什么品牌来的,0,该用户想询问当前展示产品的品牌信息，可能是对商品产生了兴趣但缺乏认知基础。
achun1999,美容护肤,"主播讲的特别好,支持支持[比心][比心]",0,该用户想表达的含义是：对主播的讲解表示高度认可并表达情感支持，但并未直接表现出明确的购买意向。
achun1999,美容护肤,果酸精华,1,该用户可能在催促主播介绍或上架果酸精华产品，表现出明确的购买意向或对这款产品的兴趣。
achun1999,美容护肤,下午好,0,该用户可能是在礼貌性问候主播或观众，试图融入直播间的互动氛围，而非直接表达购买意向。
achun1999,美容护肤,爱出大汗能用吗?,1,该用户是在询问当前直播中推荐的产品是否适合容易大量出汗的人群使用。
achun1999,美容护肤,洗的很干净,0,该用户想表达的含义是：对产品清洁效果的肯定和认可。
achun1999,美容护肤,生日礼物,0,该用户可能在询问直播间是否有适合作为生日礼物的推荐商品。
achun1999,美容护肤,洗发水,1,该用户可能在询问主播是否有推荐或介绍洗发水产品，或是想了解当前展示的洗发水相关信息。
achun1999,美容护肤,神仙水适合多大年纪用呢?,1,该用户是在询问“神仙水”这款产品的适用年龄范围，想了解自己或他人是否适合使用。
achun1999,美容护肤,还有蛋黄油么,1,该用户是在询问直播间是否还有蛋黄油这款商品库存，表现出明确的购买意向。
achun1999,美容护肤,这个确实超好用,1,该用户是在对主播推荐的产品表示强烈认可，暗示自己也有购买意愿或已体验过同类产品。
achun1999,美容护肤,"不错不错,价格好",1,该用户认为产品性价比高，流露出明显的购买意向。
achun1999,美容护肤,你好呀小姐姐,0,该用户可能是在礼貌性地打招呼，试图与主播建立互动以进一步了解产品或获取关注。
achun1999,美容护肤,"主播讲的特别详细,爱了爱了[爱心][爱心]",0,该用户被主播的详细讲解打动，表达了对主播的高度认可和喜爱之情。
achun1999,美容护肤,生日礼物[比心][比心][比心][比心],0,该用户可能是在询问主播推荐适合作为生日礼物的产品，并表达对当前讨论商品的兴趣或认可。
achun1999,美容护肤,蛋黄油蛋黄油等五个小时了蛋黄油蛋黄油等五个小时了,1,该用户急切地询问蛋黄油是否还有库存，并强调自己已经等待了很长时间，表现出强烈的购买意愿和焦虑情绪。
achun1999,美容护肤,还有货吗,1,该用户想表达的含义是：询问商品库存情况以确认是否还能购买。
achun1999,美容护肤,香皂香皂香皂,1,"该用户可能是急切询问或催促主播介绍/上架香皂产品，或表达对香皂的强烈兴趣。  （分析依据：结合前文高频出现的产品询问（蛋黄油/神仙水）、功能咨询（爱出大汗能用吗）及抢购催促（还有货吗）等语境，""香皂""的重复出现更倾向实际购买需求而非单纯刷屏，且三连重复形式与""蛋黄油""等用户焦急催促的句式高度相似）"
achun1999,美容护肤,爱出汗能用吗?,1,该用户是在询问产品是否适合易出汗体质使用，隐含对产品适用性的关注和潜在的购买意向。
achun1999,美容护肤,控油面霜,1,该用户可能是在询问主播是否有控油功效的面霜产品，或对该类产品表现出兴趣。
achun1999,美容护肤,蛋黄油蛋黄油等五个小时了,1,该用户急切想购买蛋黄油，因等待时间过长而表现出焦急和期待的情绪。
achun1999,美容护肤,好用就行,0,该用户想表达的含义是：只要产品效果确实好，自己就会考虑购买。
achun1999,美容护肤,这是啥,0,该用户可能是对当前直播中展示的产品感到好奇，想进一步了解其具体信息或功能。
achun1999,美容护肤,蛋黄油,1,该用户急切询问直播间是否还有蛋黄油产品库存，并表现出强烈的购买意愿。
achun1999,美容护肤,洗发水,1,该用户可能是想询问或确认当前直播中提到的洗发水产品的相关信息，例如功效、价格或库存情况。
achun1999,美容护肤,到广州,0,该用户可能在询问商品是否支持配送到广州地区。
achun1999,美容护肤,防晒霜,1,该用户可能在询问或提醒主播介绍防晒霜产品，或是表达对防晒霜的兴趣和购买意向。
achun1999,美容护肤,我一直想问有些面膜里白白的像素颜霜一样的是啥,1,该用户可能是对面膜成分感到好奇，想了解其中白色膏体的具体功效或名称，同时隐含对产品的潜在兴趣。
achun1999,美容护肤,干皮干皮怎么办,1,该用户可能在询问主播推荐适合干性皮肤的护肤产品或解决方案。
achun1999,美容护肤,怎么用,1,该用户想询问产品的具体使用方法或操作步骤。
achun1999,美容护肤,和之前的面霜一样的吗?,1,该用户想确认当前推荐的面霜是否与之前购买或了解过的某款产品配方或功效相同。
achun1999,美容护肤,生日礼物,0,该用户可能在询问主播是否有适合作为生日礼物的推荐商品，或是暗示自己正在寻找生日礼物并希望获得相关产品建议。
achun1999,美容护肤,男人可以用吗,1,该用户可能在询问当前推荐的产品是否适合男性使用，隐含对产品适用性的潜在购买兴趣。
achun1999,美容护肤,@小宇宙.护肤品不分男女哦,0,该用户是在强调护肤品的适用性不受性别限制，可能是回应或提醒其他观众关于男性使用护肤品的问题。
achun1999,美容护肤,生日礼物生日礼物,0,该用户可能在暗示主播推荐适合作为生日礼物的产品，或是询问当前展示的商品是否适合送人。
achun1999,美容护肤,黄金皂还有吗纯妈,1,该用户是在询问直播间是否还有“黄金皂”这款商品库存，并强调自己是“纯妈妈”身份，可能想确认产品是否适合母婴使用或寻求相关推荐。
achun1999,美容护肤,好用好用好用好用,1,该用户想表达的含义是：这款产品效果非常满意，强烈推荐。
achun1999,美容护肤,蛋黄油蛋黄油,1,该用户急切地催促主播介绍或上架蛋黄油产品，表现出强烈的购买意愿和等待的不耐烦。
achun1999,美容护肤,"沐浴露,牙膏什么时候能上啊?等了一下午了",1,该用户急切询问特定商品的上架时间，表现出明确的购买意向和等待的焦虑。
achun1999,美容护肤,挺好的,0,该用户可能是在对主播介绍的产品表示认可或满意，认为产品不错。
achun1999,美容护肤,防晒衣,1,该用户可能是在询问或暗示对直播中提到的防晒衣产品感兴趣，想了解详情或表达购买意向。
achun1999,美容护肤,平衡霜平衡霜,1,该用户可能是对主播提到的“平衡霜”产品产生了兴趣，想进一步了解或催促主播详细介绍这款产品。
achun1999,美容护肤,黄金皂,1,该用户可能在询问或确认直播间是否还有“黄金皂”这款产品在售。
achun1999,美容护肤,控油真的特别好,1,该用户想表达的含义是：这款产品的控油效果非常出色，值得推荐。
achun1999,美容护肤,还有货没,1,该用户是在询问直播间当前推荐的商品是否还有库存可供购买。
achun1999,美容护肤,"出汗出汗爱出汗,能用吗?",1,该用户可能在询问这款产品是否适合容易出汗的肤质或使用场景。
achun1999,美容护肤,性价比高,0,该用户认为当前推荐的产品价格合理且品质不错，值得购买。
achun1999,美容护肤,没有啊,0,该用户可能是在回应某个产品是否还有库存或某个功能是否存在的问题，表示自己并未看到相关信息或感到困惑。
achun1999,美容护肤,能不能回话,0,该用户可能因未得到主播及时回应而催促对方回复自己的提问或关注商品信息。
achun1999,美容护肤,洗发水,1,该用户可能是想询问洗发水的相关信息，比如功效、适用人群或购买方式。
achun1999,美容护肤,这是面霜吗,1,该用户可能是在确认当前展示的产品是否为面霜，表现出对这款产品的兴趣并希望获取更多信息。
achun1999,美容护肤,洗面奶买哪个,1,该用户想询问直播间推荐的洗面奶款式或品牌选择建议。
achun1999,美容护肤,能讲讲泥膜吗,1,该用户想表达的含义是：对泥膜产品感兴趣，希望主播详细介绍其功效或使用方法。
achun1999,美容护肤,蛋黄油蛋黄油蛋黄油蛋黄油蛋黄油蛋黄油蛋黄油蛋黄油蛋黄油,1,该用户想表达的含义是：强烈询问或催促主播介绍/上架蛋黄油产品。  （用户通过高频重复关键词，凸显急切需求，可能是看到其他弹幕提及后产生兴趣，或对已展示产品存在库存/功能等疑问）
achun1999,美容护肤,黄金皂黄金皂还有吗,1,该用户急切询问黄金皂的库存情况，表现出明确的购买意向和紧迫感。
achun1999,美容护肤,平衡霜[酷拽][酷拽][酷拽][酷拽][酷拽][酷拽][酷拽][酷拽][酷拽][酷拽][酷拽][酷拽][酷拽][酷拽][酷拽][酷拽][酷拽][酷拽][酷拽][酷拽][酷拽][酷拽][酷拽][酷拽][酷拽][酷拽][酷拽][酷拽][酷拽][酷拽][酷拽],1,该用户通过重复产品名称和大量表情符号，强烈表达对“平衡霜”的购买兴趣和迫切需求，同时可能暗示催促主播尽快讲解或上架该产品。
achun1999,美容护肤,生日礼物下午好,0,该用户可能在询问是否有适合作为生日礼物的产品推荐，并顺便打招呼。
achun1999,美容护肤,"买太多了,已经不知道该怎么使用顺序了",0,该用户想表达的含义是：因购买的产品数量过多，对使用顺序感到困惑需要指导。  （结合前文弹幕中高频出现的具体产品名称和咨询类内容，可推测用户已购买多款商品，但缺乏使用方法的系统说明，属于实际需求型提问。）
achun1999,美容护肤,给力给力给力给力,0,该用户想表达的含义是：对当前直播内容或产品效果感到非常兴奋和认可。
achun1999,美容护肤,卸妆油,1,该用户可能是想询问卸妆油的相关信息，比如功效、使用方法或是否有货。
achun1999,美容护肤,眼霜眼霜眼霜眼霜眼霜眼霜眼霜眼霜,1,该用户急切询问或强烈关注直播间推荐的眼霜产品，可能是想确认是否有货、了解产品详情或催促主播讲解。
achun1999,美容护肤,控油面霜,1,该用户可能是在询问或确认直播间正在介绍的产品是否为控油功效的面霜，并隐含对该产品的兴趣或购买意向。
achun1999,美容护肤,是乳液吗,1,该用户可能是在询问当前直播展示的产品是否属于乳液类护肤品，试图确认产品类型以便判断是否符合自己的需求或购买意向。
achun1999,美容护肤,平衡霜呢,1,该用户可能在急切询问主播关于“平衡霜”的产品信息或库存情况，暗示对该产品有较强的购买兴趣。
achun1999,美容护肤,"今天买太多了,使用顺序我已经凌乱了[捂脸]",0,该用户想表达自己因购买过多产品而对接下来的使用步骤感到困惑，既透露出消费后的满足感又带点幸福的烦恼。
achun1999,美容护肤,蛋黄油蛋黄油蛋黄油蛋黄油蛋黄油蛋黄油蛋黄油,1,该用户迫切希望主播介绍或上架“蛋黄油”这款产品，可能是重复刷屏以引起注意或表达强烈需求。
achun1999,美容护肤,这算是乳液吗,1,该用户可能是在询问当前展示的产品是否属于乳液类别，试图确认产品功能以便进一步了解或购买。
achun1999,美容护肤,有!!!,0,该用户想表达的含义是：对主播提到的某个产品或优惠活动表示强烈赞同或确认自己有购买意愿。  （结合前文弹幕高频出现的产品名称和购买相关讨论，用户可能在回应主播的提问或促销信息，用感叹号强调积极态度。）
achun1999,美容护肤,又刷到了,0,该用户想表达的含义是：再次偶然看到这个直播间的推送。  （结合前文弹幕高频出现的产品名称和重复刷屏行为，可推测用户可能是被动刷到直播而非主动搜索，语境中未体现明确购买意向，更多是陈述一种被动触达的状态。）
achun1999,美容护肤,真假的阿纯,0,该用户可能在质疑主播推荐产品的真实性或效果，带有半信半疑的试探态度。
achun1999,美容护肤,这个控油怎么用,1,该用户可能在询问产品的具体使用方法，表现出对控油产品的实际使用细节感兴趣。
achun1999,美容护肤,还有没有付尾款的产品纯,1,该用户可能在询问直播间是否还有未支付尾款的预售商品库存。
achun1999,美容护肤,果酸精华,1,该用户可能在询问或表达对果酸精华产品的兴趣，希望主播详细介绍或推荐相关产品。
achun1999,美容护肤,早晚用吗,1,该用户可能在询问产品是否适合早晚日常使用，表达了对产品使用场景的潜在购买兴趣。
achun1999,美容护肤,"不能看了,已经花完这个月工资了",0,该用户想表达的含义是：因近期购物过度导致经济拮据，不得不克制继续观看直播的冲动。
achun1999,美容护肤,主播果酸精华呢,1,该用户可能在催促主播介绍或展示果酸精华产品，表现出对该产品的关注或购买意向。
achun1999,美容护肤,蛋黄油蛋黄油蛋黄油,1,"该用户急切地询问或催促主播介绍/展示蛋黄油产品。  （分析依据：高频重复关键词是直播间常见的催促或强调方式，结合前文其他用户类似句式如""眼霜眼霜眼霜""对应产品咨询场景，且弹幕中存在大量护肤品类讨论，可推断为购买意向明确的主动追问）"
achun1999,美容护肤,洗发水,1,该用户可能在询问或提醒主播介绍洗发水产品，或是表达对洗发水的购买兴趣。
achun1999,美容护肤,为好产品加油,0,该用户想表达的含义是：对产品品质的认可和支持，暗示有购买意愿。
achun1999,美容护肤,怎么使用,1,该用户想询问产品的具体使用方法或步骤。
achun1999,美容护肤,蛋黄油蛋黄油蛋黄油蛋黄油蛋黄油蛋黄油蛋黄油蛋黄油蛋黄油蛋黄油蛋黄油蛋黄油蛋黄油蛋黄油蛋黄油蛋黄油,1,该用户可能在急切询问或强烈要求主播介绍/上架“蛋黄油”产品，表现出明确的购买意向或对该产品的重点关注。
achun1999,美容护肤,上车生日礼物,1,该用户可能是想询问当前推荐的产品是否适合作为生日礼物购买，并表达出潜在的购买意向。
achun1999,美容护肤,我还有三支呢[捂脸][捂脸][捂脸][捂脸],0,该用户想表达的含义是：自己已经拥有足够数量的该产品，暂时不需要再购买了。
achun1999,美容护肤,12岁能用么,1,该用户是在询问产品是否适合12岁的年龄段使用。
achun1999,美容护肤,黄金皂黄金皂黄金皂[流泪][流泪],1,该用户想表达的含义是：对黄金皂产品极度渴望且情绪激动，可能是被产品效果或优惠打动而迫切想购买。
achun1999,美容护肤,"环境很热的工作环境下,用一号链接还管用吗",1,该用户是在询问一号链接的产品是否适合在高温工作环境中保持效果。
achun1999,美容护肤,我还有三支呢[捂脸][捂脸],0,该用户想表达的含义是：自己已经拥有足够多的同类产品，暂时不需要再购买了。
achun1999,美容护肤,18岁能用吗,1,该用户是在询问产品是否适合自己年龄段的肤质使用。
achun1999,美容护肤,你卖过,0,该用户可能在询问主播之前是否售卖过当前展示的商品，以此判断产品的可靠性和口碑。
achun1999,美容护肤,"怎么用,用在水后还是?",1,该用户是在询问产品的具体使用步骤，特别是想知道该产品是在护肤流程中的“水后”步骤使用还是其他顺序。
achun1999,美容护肤,我还有一瓶平衡霜没有开封呢[捂脸],0,"该用户想表达的含义是：自己目前囤货充足暂时不需要再购买平衡霜。  （通过""还有一瓶未开封""配合捂脸表情，传递一种""库存过剩""的无奈感，结合前文类似弹幕""我还有三支呢""的语境，可判断这是对产品推销的婉拒或自嘲式回应）"
achun1999,美容护肤,下午好[赞][赞][赞],0,该用户可能是在友好问候主播的同时，通过点赞表情间接表达对当前直播内容或产品的认可与兴趣。
achun1999,美容护肤,平衡我还有三支的[捂脸],0,该用户想表达的含义是：自己目前还囤有三支该产品，暂时不需要购买。
achun1999,美容护肤,男生就是擦了这不用擦别的了,0,该用户想表达的含义是：这款产品对男性用户来说可以一步到位，无需再叠加其他护肤品。
achun1999,美容护肤,@坦荡的岁月护肤品不分男女哦,0,该用户想表达的含义是：护肤品适用人群广泛，男性也可以放心使用这款产品。  （结合前文弹幕中关于年龄、性别、使用场景的讨论，该用户可能是在回应或补充直播间关于产品适用性的疑问，强调产品的普适性。）
achun1999,美容护肤,"此生Z大场,机制仅一次",0,该用户想表达的含义是：这次直播的优惠力度是前所未有的，而且活动仅限这一次机会。
achun1999,美容护肤,牙膏呢,1,该用户可能在询问主播当前是否在介绍或销售牙膏产品，表达了对牙膏的关注或购买意向。
achun1999,美容护肤,生日礼物生日礼物,0,该用户可能在暗示主播推荐适合作为生日礼物的产品，或询问当前展示的商品是否适合当作生日礼物购买。
achun1999,美容护肤,蛋黄油,1,该用户可能是在重复强调对“蛋黄油”这款产品的强烈兴趣或急切询问相关信息。
achun1999,美容护肤,四个小时,0,该用户可能是在询问或感叹直播时长已经持续了四个小时。
achun1999,美容护肤,生日礼物,0,该用户可能在询问当前直播推荐的产品是否适合作为生日礼物，或是暗示主播提供针对生日场景的优惠方案。
achun1999,美容护肤,牛批牛批[赞][赞][赞][赞][赞][赞][赞][赞][赞][赞][赞],0,该用户想表达的含义是：对直播中提到的产品或促销活动感到非常兴奋和认可，并用夸张的赞美表达强烈支持。  （结合前文弹幕中频繁出现的产品讨论、生日礼物需求以及互动氛围，用户可能是被某个优惠机制或产品效果打动，通过重复赞美和表情符号传递高涨的情绪和购买意向。）
achun1999,美容护肤,人参面霜,1,该用户可能是对人参面霜产生了兴趣，想询问产品信息或表达购买意向。
achun1999,美容护肤,主播辛苦啦[比心],0,该用户是在向主播表达感谢和友好的互动，但并未直接表现出对商品的购买兴趣。
achun1999,美容护肤,"这个性价比特别高,太支持了",0,该用户认为产品物超所值并强烈认同主播的推荐。
achun1999,美容护肤,再上点,1,该用户可能在催促主播补充库存或上新商品，表现出对当前产品的购买兴趣或对更多商品选项的需求。
achun1999,美容护肤,这个乳什么时候用?,1,该用户想询问这款乳液的具体使用步骤或适用场景。
achun1999,美容护肤,擦了就可以不用擦爱的了吧,1,该用户想表达的含义是：使用这款产品后是否就不需要再涂抹其他护肤品了。  （结合前文语境，直播在讨论护肤品的使用方法和功效，且有类似“男生就是擦了这不用擦别的了”的弹幕，因此用户是在确认该产品的便捷性或替代性功能。）
achun1999,美容护肤,果酸精华,1,该用户可能是想询问主播关于果酸精华产品的具体信息或购买方式。
achun1999,美容护肤,值得购买,1,该用户认为当前推荐的商品性价比突出或符合自身需求，产生了明确的消费意愿。
achun1999,美容护肤,眼霜眼霜眼霜眼霜眼霜眼霜眼霜眼霜眼霜眼霜眼霜眼霜眼霜眼霜眼霜眼霜眼霜眼霜眼霜眼霜眼霜眼霜眼霜眼霜眼霜,1,该用户通过重复刷屏“眼霜”强烈表达对产品的兴趣和购买意愿，可能是催促主播讲解/上架该产品或表明自己急需购买。  （分析依据：结合前文弹幕中频繁出现的护肤品讨论、产品催促（如“牙膏呢”“再上点”）以及购物动机表达（如“生日礼物”“值得购买”），该弹幕符合直播间用户主动寻求特定商品的典型行为模式，重复关键词是观众在电商直播中强调需求的常见方式。）
achun1999,美容护肤,"高温工作环境,又出汗又出油的情况下,一号链接能管用不",1,该用户是在询问一号链接的产品是否适合在高温出汗出油的工作环境下使用，表现出对产品实际效果的关注和潜在的购买意向。
achun1999,美容护肤,"阿纯,蛋黄油,上.生日礼物",1,该用户想表达的含义是：主播阿纯，请尽快上架蛋黄油产品，我想买来作为生日礼物送人。  （结合前文“生日礼物”反复出现、用户直接点名产品“蛋黄油”以及催促主播“上”的急切语气，可推断其核心诉求是催促上架并表明购买意图。）
achun1999,美容护肤,男士的吗',1,该用户是在询问当前展示的商品是否专为男性设计或适合男性使用。
achun1999,美容护肤,抽奖是黄金的吗,0,该用户是在询问直播间抽奖活动的奖品是否为黄金材质，以此判断是否值得参与抽奖。
achun1999,美容护肤,主播讲的很清楚,0,该用户可能是在肯定主播的产品讲解专业清晰，暗示对直播内容产生信任或兴趣。
achun1999,美容护肤,是精华之后用吗?,1,该用户是在询问当前提到的护肤产品（可能是果酸精华或其他精华类产品）是否需要在使用其他精华液之后才使用。
achun1999,美容护肤,洗发水,1,该用户可能是在询问主播当前展示或推荐的洗发水产品信息，或暗示希望主播介绍/上架洗发水相关商品。
achun1999,美容护肤,人参水乳,1,该用户可能是对主播提到的“人参水乳”产品产生兴趣，想进一步了解或询问相关细节。
achun1999,美容护肤,"洗面奶开价格,阿纯",1,"该用户是在催促主播阿纯公布洗面奶的价格，表现出明确的购买意向。  （分析依据：结合前文频繁出现的产品询问、价格敏感型互动（如""再上点""""性价比高""）以及用户直呼主播名的典型催单句式，可判定该弹幕核心诉求是获取关键价格信息以促成购买决策。）"
achun1999,美容护肤,下午好,0,该用户可能是在礼貌性问候主播，同时暗示自己刚进入直播间并开始关注直播内容。
achun1999,美容护肤,效果完美,0,该用户想表达的含义是：对产品使用效果的强烈肯定和满意。  （结合前文弹幕中频繁提及具体产品名称、功效提问及购买意向，可推断“效果完美”是针对当前直播展示的某款产品的即时正面反馈，隐含潜在购买意愿。）
achun1999,美容护肤,怎么用的,1,该用户想询问主播当前介绍产品的具体使用方法或步骤。
achun1999,美容护肤,生日礼物,0,该用户可能在询问是否有适合作为生日礼物的产品推荐。
achun1999,美容护肤,"阿纯,洗面奶有卖假货的店",0,该用户可能在询问主播如何辨别洗面奶真伪或对店铺信誉表示担忧。
achun1999,美容护肤,夏天大油皮,0,该用户可能在询问主播是否有适合夏季油性肌肤使用的护肤产品。
achun1999,美容护肤,控油效果好吧,0,该用户想询问产品是否能有效抑制皮肤油脂分泌，并希望得到主播的肯定答复以确认是否值得购买。
achun1999,美容护肤,代替乳液吗,1,该用户是在询问当前介绍的产品是否可以替代日常使用的乳液功能。
achun1999,美容护肤,"黄金皂纯妈,需要需要",1,该用户想表达的是：“主播推荐的黄金皂正是我妈妈需要的，我们很感兴趣想购买。”  （结合前文弹幕中频繁出现的产品询问、功效讨论及“生日礼物”等关键词，可推断用户将“黄金皂”视为适合送母亲的实用礼品，且“需要需要”传递了明确的购买意向。）
achun1999,美容护肤,蛋黄油,1,该用户可能在询问或催促主播上架或介绍蛋黄油产品，或是将其作为生日礼物的备选选项。
achun1999,美容护肤,是男士专用的吗?,1,该用户可能在询问当前介绍的产品是否专为男性设计或适合男性使用。
achun1999,美容护肤,他和保湿先涂那个,1,该用户想询问使用产品时的顺序，即应该先涂“他”（可能指某种护肤品）还是先涂保湿产品。
achun1999,美容护肤,[玫瑰]主播辛苦啦,0,该用户是在礼貌性地表达对主播的感谢和支持，但并未直接表现出明确的购买意向。
achun1999,美容护肤,生日礼物祝福,0,该用户可能在询问主播推荐适合作为生日礼物的产品。
achun1999,美容护肤,化妆之前用吗,1,该用户是在询问当前介绍的产品是否需要在化妆前使用。
achun1999,美容护肤,白晚都能用吗?,1,该用户是在询问产品是否适合白天和晚上使用。
achun1999,美容护肤,我来买洗面奶,1,该用户明确表达了打算购买洗面奶的消费意向。
achun1999,美容护肤,蛋黄油蛋黄油蛋黄油蛋黄油蛋黄油蛋黄油蛋黄油蛋黄油蛋黄油蛋黄油蛋黄油蛋黄油蛋黄油蛋黄油蛋黄油蛋黄油生日礼物,1,该用户可能在强烈表达对蛋黄油产品的兴趣，并暗示希望将其作为生日礼物购买。
achun1999,美容护肤,怎么用?,1,该用户是在询问产品的具体使用方法或操作步骤。
achun1999,美容护肤,4个小时了,0,该用户可能是在抱怨直播时间过长或等待产品信息/优惠公布的时间太久。
achun1999,美容护肤,大家下午好呀,0,该用户想表达的含义是：礼貌性地打招呼以融入直播间的互动氛围。
achun1999,美容护肤,这个修复吗,1,该用户想询问产品是否具有修复功能。
achun1999,美容护肤,夏天大油皮可以用吗,1,该用户是在询问产品是否适合夏季油性皮肤使用，核心关注点是控油效果和肤质适配性。
achun1999,美容护肤,姜黄面膜,1,该用户可能是在询问主播是否有售卖姜黄面膜，或想了解该产品的功效和适用情况。
achun1999,美容护肤,洗发水,1,该用户可能是在询问直播间是否有洗发水产品，或对当前介绍的洗发水感兴趣。
achun1999,美容护肤,人参水乳,1,该用户可能在询问主播展示的人参成分水乳产品的具体功效或适用情况。
achun1999,美容护肤,面膜什么机制睡着了,1,该用户可能是想问“面膜敷着睡觉会不会有影响”或“面膜是否可以过夜使用”。
achun1999,美容护肤,今天熬夜面膜会上吗?,1,该用户是在询问直播中是否会推出熬夜面膜这款产品，表现出明确的购买意向和对特定商品的关注。
achun1999,美容护肤,蛋黄油蛋黄油蛋黄油蛋黄油蛋黄油蛋黄油蛋黄油蛋黄油蛋黄油蛋黄油蛋黄油蛋黄油蛋黄油蛋黄油蛋黄油,1,该用户可能是在强烈表达对“蛋黄油”产品的兴趣或需求，希望通过重复刷屏引起主播注意并优先介绍或上架该商品。
achun1999,美容护肤,洗面奶,1,该用户可能是在询问当前直播中提到的洗面奶产品信息，或是表达对洗面奶的兴趣想进一步了解其功效或适用性。
achun1999,美容护肤,人参霜,1,该用户可能是在询问或表达对“人参霜”这款产品的兴趣，比如想了解其功效、适用肤质或使用方式。
achun1999,美容护肤,不错很喜欢,0,该用户想表达对当前直播推荐产品的认可和积极购买意向。
achun1999,美容护肤,蛋黄油蛋黄油等五个小时了,1,该用户急切询问蛋黄油产品何时上架，并强调自己已等待很久，表现出强烈的购买意愿和期待感。
achun1999,美容护肤,冷凝胶,1,该用户可能在询问或提及“冷凝胶”这一产品的功效或适用场景，表达了对该产品的潜在购买兴趣或使用疑问。
achun1999,美容护肤,人参面霜,1,该用户可能是在询问或提及直播间正在介绍的人参面霜产品，表达对其功效或购买方式的兴趣。
achun1999,美容护肤,果酸身体乳,1,该用户可能是在询问或表达对果酸身体乳这款产品的兴趣，想了解其功效或购买方式。
achun1999,美容护肤,蛋黄油蛋黄油,1,该用户急切地询问或催促主播介绍/上架蛋黄油产品，表现出强烈的购买意向或对该产品的兴趣。
achun1999,美容护肤,西瓜霜,1,该用户可能是在询问直播间是否在推销或介绍“西瓜霜”这一产品，或是想了解其功效和适用情况。
achun1999,美容护肤,终于等到你了,0,该用户想表达的含义是：期待已久的产品终于出现了。
achun1999,美容护肤,防晒还有不,1,该用户想询问直播间是否还有防晒产品在售或即将上架。
achun1999,美容护肤,蛋黄油孕妇能不能用,1,该用户想询问蛋黄油产品是否适合孕妇使用，以评估其购买安全性。
achun1999,美容护肤,"啊哈哈,终于上了",1,该用户想表达的含义是：期待已久的商品终于开始上架销售了。
achun1999,美容护肤,阿春皮肤好好啊,0,该用户是在夸赞主播的皮肤状态好，可能暗示对主播使用的护肤品或保养方法感兴趣。
achun1999,美容护肤,洗发水,1,该用户可能在询问或关注直播间正在介绍的洗发水产品信息。
achun1999,美容护肤,玫瑰精油,1,该用户可能在询问或暗示对玫瑰精油产品的购买意向，希望主播介绍相关机制或上架该商品。
achun1999,美容护肤,我家孩子湿疹用蛋黄油好了,0,该用户想表达的含义是：分享蛋黄油对治疗孩子湿疹的有效性，暗示对该产品有认可和潜在购买意愿。
achun1999,美容护肤,就给我家孩子用蛋黄油,0,该用户想表达的是：我家孩子适合使用蛋黄油这款产品。  （结合前文语境，蛋黄油被频繁提及且涉及功效讨论，用户强调自家孩子的使用需求，隐含认可产品效果或表达购买意向。）
achun1999,美容护肤,主播果酸精华呢,1,该用户是在询问主播何时会介绍或上架果酸精华产品。
achun1999,美容护肤,终于到了,0,该用户想表达的含义是：等待已久的商品（很可能是蛋黄油）终于上架或开始讲解了。
achun1999,美容护肤,下午好啊主播,0,该用户可能是以打招呼的方式表达对直播的关注和参与感，试图与主播建立互动联系。
achun1999,美容护肤,美白吗?,1,该用户是在询问直播中提到的产品是否具有美白功效。
achun1999,美容护肤,新品皂还有吗,1,该用户是在询问直播间售卖的新款香皂是否仍有库存可供购买。
achun1999,美容护肤,有人用过好用吗,1,该用户想询问其他观众对产品的实际使用体验以评估是否值得购买。
achun1999,美容护肤,生日礼物生日礼物,0,该用户可能是在询问或暗示主播推荐适合作为生日礼物的产品。
achun1999,美容护肤,老婆能不能用,1,该用户想询问主播展示的产品是否适合其配偶使用。
achun1999,美容护肤,有水乳洗面奶啥的套装吗,1,该用户是在询问直播间是否有包含基础护肤产品的组合套装。
achun1999,美容护肤,终于来了,0,该用户想表达的含义是：期待已久的产品终于上架了。
achun1999,美容护肤,下午好啊,0,该用户是在友好问候主播的同时，暗示自己已进入直播间并准备参与互动。
achun1999,美容护肤,孕妇可以用吗,1,该用户是在询问产品是否适合孕妇使用，表现出对产品安全性和适用人群的关注。
achun1999,美容护肤,胶原刀,1,该用户可能是在询问或提及一款名为“胶原刀”的美容仪器产品，表达对其功能或购买的兴趣。
achun1999,美容护肤,我家狗能用么,1,该用户是在询问直播中介绍的产品是否适合宠物狗使用。
achun1999,美容护肤,就等这个蛋黄霜呐,1,该用户想表达的含义是：一直在等待这款蛋黄霜产品上架。
achun1999,美容护肤,我姑娘一直在用这个[比心][比心][比心][比心][比心][比心][比心][比心][比心][比心],1,该用户想表达的含义是：我女儿长期使用这款产品并且非常喜欢，所以我也很认可它。  （结合前文弹幕中频繁提及家庭使用场景（如“我家孩子”“老婆”“孕妇”）和产品功效讨论，用户通过强调“一直在用”和多个[比心]表情，既传递了实际使用经验，又强烈暗示对产品的信任和购买倾向。）
achun1999,美容护肤,"我家几个月的婴儿宝宝也天天用呢,非常好",1,该用户想表达的含义是：这款产品对婴幼儿使用效果很好，自己家宝宝长期使用后非常满意。
achun1999,美容护肤,生日礼物,0,该用户可能在询问是否有适合作为生日礼物的产品推荐。
achun1999,美容护肤,上车要,1,该用户想表达的含义是：我想要购买这个产品，请帮我加入购物车或确认购买方式。  （结合前文语境，“上车”是电商直播中常见的购买暗语，表示跟单或参与团购，而“要”直接表达了明确的购买意愿，目标用户很可能是在催促主播或客服处理自己的购买需求。）
achun1999,美容护肤,蛋黄油蛋黄油蛋黄油蛋黄油蛋黄油蛋黄油蛋黄油蛋黄油蛋黄油蛋黄油蛋黄油蛋黄油蛋黄油蛋黄油蛋黄油蛋黄油蛋黄,1,该用户想表达的含义是：强烈催促主播尽快上架或详细介绍蛋黄油产品。  （结合前文弹幕中多次提及“蛋黄油”的使用场景和期待，如“就等这个蛋黄霜呐”，可推断用户通过重复刷屏表达急切需求，可能是希望主播优先回应或推广该产品。）
achun1999,美容护肤,"我家几个月的婴儿宝宝也天天用呢,非常好,老大老二俩娃一起用",1,该用户通过分享自家婴儿和两个孩子长期使用的亲身体验，意在强调产品的安全性和实用性，以此间接表达对产品的强烈推荐和认可。
achun1999,美容护肤,一页有耶,0,该用户可能在询问当前展示的产品页面中是否包含“蛋黄油”这款商品，表达了对该产品的购买兴趣。
achun1999,美容护肤,厉害了,0,该用户想表达的含义是：对主播展示的产品效果或功能感到惊叹和认可。
achun1999,美容护肤,"不当人,你这个说的什么话",0,该用户可能在吐槽主播的表述方式或产品介绍内容，认为其夸张、不合理或缺乏诚意。
achun1999,美容护肤,修复屏障好用,1,该用户想表达的含义是：这款修复屏障产品的效果很好，值得推荐或购买。
achun1999,美容护肤,天气热用了有点油,0,该用户想表达的含义是：在炎热天气下使用该产品后感觉肤感偏油腻，可能暗示对产品适用性的疑虑或希望得到更适合夏季使用的推荐。
achun1999,美容护肤,和一页的宝宝霜一样,0,该用户想表达的含义是：这款产品与“一页”品牌的宝宝霜成分或效果相似。
achun1999,美容护肤,"对对对,油",1,该用户想表达的含义是：确实如前面有人提到的，这款产品使用后感觉有些油腻。
achun1999,美容护肤,油皮适合吗,1,该用户想询问这款产品是否适合油性皮肤使用。
achun1999,美容护肤,生日礼物,0,该用户可能在询问当前推荐的产品是否适合作为生日礼物赠送。
achun1999,美容护肤,西瓜霜还没上[捂脸][捂脸][捂脸],1,该用户急切期待西瓜霜产品上架，并用表情符号表达了对等待的无奈和调侃。
achun1999,美容护肤,今天上玫瑰皂了嘛?,1,该用户是在询问直播间是否已开始售卖玫瑰皂产品，表现出对该商品的关注和购买意向。
achun1999,美容护肤,素颜霜,1,该用户可能是询问或提醒主播介绍/上架素颜霜产品。
achun1999,美容护肤,生日礼物生日礼物,0,该用户可能在询问当前推荐的产品是否适合作为生日礼物选购，或是暗示主播推荐适合当作生日礼物的商品。
achun1999,美容护肤,香皂香皂香皂香皂香皂香皂香皂香皂香皂,1,该用户可能在急切询问或催促主播上架香皂产品，或表达对香皂的强烈兴趣和购买意愿。
achun1999,美容护肤,支持支持,0,该用户想表达的含义是：对主播或产品表示赞同和鼓励，但并未明确表现出购买意向。
achun1999,美容护肤,"蛋黄油等五个小时了,下午请假班都没去上",1,该用户想表达的含义是：为了抢购蛋黄油已经等了很久，甚至不惜请假专门蹲守直播。
achun1999,美容护肤,没了……,0,该用户可能因心仪商品（如蛋黄油）售罄而感到失望或焦急。
achun1999,美容护肤,没有了,0,该用户想表达的含义是：商品已经售罄或抢购结束了。  （结合前文弹幕中频繁提及的“蛋黄油”等商品关键词以及类似“没了……”的表述，可推断用户是在感叹或确认商品缺货状态。）
achun1999,美容护肤,等一下午了,0,该用户想表达的含义是：等待产品上架已经耗费了很长时间，表现出焦急和期待的情绪。
achun1999,美容护肤,生日礼物生日礼物生日礼物,0,该用户可能在强烈暗示主播推荐适合作为生日礼物的产品，或是催促主播尽快介绍之前提到的相关商品。
achun1999,美容护肤,"都是第一次做人,凭什么我是美女",0,该用户可能是在以幽默自嘲的方式表达对直播间产品的调侃或不满，暗示产品效果或宣传存在夸大（如“美女”相关功效），实际体验与承诺不符。
achun1999,美容护肤,洗面奶,1,该用户可能在询问或提醒主播介绍当前正在讨论的洗面奶产品，或是表达对洗面奶的兴趣和关注。
achun1999,美容护肤,儿童可以用吗,1,该用户是在询问直播中介绍的产品是否适合儿童使用，可能对产品安全性或适用年龄存在疑虑。
achun1999,美容护肤,上车上车,0,该用户想表达的含义是：催促主播尽快上架或开售当前热议的商品，并号召大家一起抢购。  （解析：结合前文弹幕中频繁提及的“香皂”“玫瑰皂”“蛋黄油”等商品名称，以及“等五个小时了”“下午请假”等焦急催促的语境，“上车上车”是电商直播中常见的购物狂欢用语，隐含“抓紧机会下单”的迫切心态。）
achun1999,美容护肤,儿童可用吗,1,该用户是在询问直播中提到的产品是否适合儿童使用，表现出对产品适用人群的潜在购买考量。
achun1999,美容护肤,主播加油,0,该用户想表达的含义是：鼓励主播继续努力带货，同时暗示自己也在关注直播并可能对产品感兴趣。
achun1999,美容护肤,洗脸巾,1,该用户可能在询问直播间是否有洗脸巾产品上架或对其使用效果感兴趣。
achun1999,美容护肤,都用了好几年了,0,该用户想表达的含义是：自己是该产品的长期忠实用户，对其效果和品质有持续认可。
achun1999,美容护肤,?你才揭发完你也卖?,0,该用户可能是在质疑主播刚刚批评完其他商家的同类产品，现在自己却也在售卖类似商品，显得言行不一。
achun1999,美容护肤,超好用,1,该用户想表达的含义是：对当前直播中提到的某款产品使用效果非常满意并给予积极推荐。
achun1999,美容护肤,都可以,0,该用户想表达的含义是：对当前推荐的产品没有特定偏好，愿意接受主播的任何选择或建议。
achun1999,美容护肤,油皮能用吗,1,该用户是在询问产品是否适合油性皮肤使用，表现出对产品适用性的关注和潜在的购买意向。
achun1999,美容护肤,男士洗面奶,1,该用户可能在询问主播是否有适合男性使用的洗面奶产品，或对当前介绍的洗面奶是否适合男士使用产生兴趣。
achun1999,美容护肤,蛋黄油超好用,1,该用户是在积极认可蛋黄油的产品效果，暗示自己有购买意向或已使用过并感到满意。
achun1999,美容护肤,你何时结婚啦[呲牙],0,该用户是在以调侃的语气询问主播何时开始推销结婚相关产品。
achun1999,美容护肤,阿纯结婚了吗,0,该用户可能是出于对主播个人生活的八卦兴趣，或是用轻松调侃的方式参与互动，而非表达购买意向。
achun1999,美容护肤,"我家孩子一岁,一直用的蛋黄油",0,该用户想表达的含义是：我家宝宝在使用这款蛋黄油产品，效果不错，所以持续回购使用。
achun1999,美容护肤,@玉米硫酸护肤品不分男女哦,0,该用户想表达的含义是：这款玉米硫酸护肤品适合所有性别的人使用。
achun1999,美容护肤,一个月工资看没了,0,该用户想表达的含义是：这场直播的商品太吸引人，我已经忍不住花光了这个月的薪水。
achun1999,美容护肤,大油脸能用吗,1,该用户是在询问这款产品是否适合油性肤质使用。
achun1999,美容护肤,我家孩子湿疹用蛋黄油好了,0,该用户想表达的含义是：推荐蛋黄油对治疗儿童湿疹效果很好。
achun1999,美容护肤,洗面奶,1,该用户可能是在询问当前直播中提到的洗面奶是否适合自己或特定肤质使用。
achun1999,美容护肤,乳怎么用?,1,该用户是在询问产品（可能是蛋黄油或洗面奶）的使用方法或适用场景。
achun1999,美容护肤,阿纯有孩子吗?,0,该用户可能是在询问产品是否适合儿童使用，或对主播的个人生活产生好奇以间接判断产品可靠性。
achun1999,美容护肤,人好多呀?,0,该用户可能是在感叹直播间人气旺盛，暗示对当前热销产品的关注或好奇。
achun1999,美容护肤,蛋黄油上车,1,该用户想表达的含义是：询问如何购买或参与购买蛋黄油这款产品。
achun1999,美容护肤,上吧!,0,该用户想表达的含义是：催促主播尽快上架当前讨论的热门商品（如蛋黄油）。
achun1999,美容护肤,敏感肌肤可以用吗,1,该用户是在询问产品是否适合敏感肌肤使用，表达了对产品的潜在购买兴趣和对自己肤质适配性的关注。
achun1999,美容护肤,超好用,1,该用户是在称赞直播中提到的某款产品（可能是蛋黄油或洗面奶）使用效果非常好。
achun1999,美容护肤,怎么样,0,该用户想询问当前讨论的产品（可能是蛋黄油或洗面奶）的使用效果或适用情况。
achun1999,美容护肤,我和孩子都用它,0,该用户想表达的含义是：我和家人都是这款产品的长期使用者，效果很好。
achun1999,美容护肤,生日礼物生日礼物,0,该用户可能在询问主播是否推荐将蛋黄油或其他产品作为生日礼物，暗示有购买意向。
achun1999,美容护肤,油皮夏天建议用吗,1,该用户是在询问这款产品是否适合油性皮肤在夏季使用，表现出对产品适用性的具体关注和潜在的购买意向。
achun1999,美容护肤,阿纯能用嘛[捂脸][捂脸][捂脸][捂脸],1,该用户想询问产品“阿纯”是否适合自己使用，并带有调侃或不确定的语气。
achun1999,美容护肤,夏天用会不会太油,1,该用户是在询问这款产品是否适合夏季油性肌肤使用，担心质地过于油腻影响使用体验。
achun1999,美容护肤,你孩子有屁眼吗,0,该用户可能是想用粗俗的玩笑或反讽方式询问主播是否有孩子，实际意图可能是想确认产品（如蛋黄油）是否适合儿童使用或主播的育儿经验是否可信。
achun1999,美容护肤,阿纯生日快乐!,0,该用户是在主播生日时通过祝福语间接表达对主播的喜爱和支持，同时可能暗示希望主播推荐生日相关的促销商品或福利。
achun1999,美容护肤,阿纯能用嘛[看],1,该用户是在询问主播阿纯是否适合使用当前直播推荐的产品。
achun1999,美容护肤,我平时都当零食吃,0,该用户想表达的含义是：这款产品（可能是蛋黄油或其他食品类商品）的食用频率较高，已经成为自己日常的零食选择。  （结合前文弹幕中频繁提及“蛋黄油”“孩子”“食用场景”等关键词，推测目标弹幕隐含对产品功能的认可和习惯性使用，且语境偏向食品或可入口的商品。）
achun1999,美容护肤,防晒啥时候上,1,该用户是在询问防晒产品何时开始售卖或展示，表现出对商品的关注和购买意向。
achun1999,美容护肤,换包装了,0,该用户可能是在询问或注意到产品包装是否有更新或变化。
achun1999,美容护肤,你自己用吗,0,该用户是在询问主播是否亲自使用过推荐的产品，以此判断产品的可信度和适用性。
achun1999,美容护肤,玫瑰皂玫瑰皂玫瑰皂玫瑰皂玫瑰皂玫瑰皂玫瑰皂玫瑰皂玫瑰皂玫瑰皂玫瑰皂玫瑰皂玫瑰皂玫瑰皂玫瑰皂玫瑰皂,1,该用户可能是在强烈催促主播尽快上架或详细介绍“玫瑰皂”这款产品，表达出急切想购买或了解的心情。
achun1999,美容护肤,"大秀啊,你咋跑着来了",0,该用户可能是对主播突然出现在这个直播间感到意外和惊喜，用调侃的语气表达“没想到你会来这里直播”。
achun1999,美容护肤,13岁痘痘脸可以吗,1,该用户是在询问主播所推荐的产品是否适合13岁青春期长痘的肤质使用。
achun1999,美容护肤,快点抢!没有了,0,该用户急切催促其他人抓紧时间购买，担心商品即将售罄。
achun1999,美容护肤,人参面霜,1,该用户可能在询问或表达对“人参面霜”这款产品的兴趣或使用疑问。
achun1999,美容护肤,今天熬夜面膜会上吗?,1,该用户是在询问直播中是否会推出熬夜面膜这款产品。
achun1999,美容护肤,没买到,0,"该用户想表达的是因手速或库存原因未能成功下单的遗憾情绪。  （解析：结合前文""快点抢!没有了""的催促弹幕及直播间的促销氛围，""没买到""明显指向抢购失败，反映了用户对商品的购买意愿与实际未达成之间的落差。）"
achun1999,美容护肤,没抢到,0,"该用户想表达的是因手速慢或库存不足而错失了心仪商品的遗憾心情。  （解析：结合前文""快点抢!没有了""和""没买到""等弹幕，可推断直播间正在促销热门商品，用户参与抢购但未能成功，语境中透露出抢购的紧张氛围和商品紧俏的状态。）"
achun1999,美容护肤,没拍到,0,该用户想表达的含义是：因手速或库存原因未能成功购买直播间的商品。
achun1999,美容护肤,没抢上,0,该用户想表达的是因手速或库存不足未能成功购买商品而感到遗憾。
achun1999,美容护肤,跑排不上,0,该用户想表达的含义是：手速太慢没抢到商品。  （结合前文“没买到”“没抢到”等类似抱怨弹幕，可推断“跑排不上”是用户因抢购失败而表达的遗憾或焦急情绪，可能是方言或口语化表达。）
achun1999,美容护肤,"好了我走了,快破产了",0,该用户想表达的含义是：因为买了太多东西已经超出预算，不得不离开直播间了。
achun1999,美容护肤,再发一次啊,0,该用户希望主播重新展示或讲解刚才提到的某款产品（可能是因抢购失败或未看清细节）。
achun1999,美容护肤,下午好主播,0,该用户可能是在礼貌性打招呼的同时暗示主播加快节奏或关注自己的需求。
achun1999,美容护肤,姜黄面膜,1,该用户可能在询问主播关于姜黄面膜的产品信息或购买方式，表现出对这款面膜的兴趣和购买意向。
achun1999,美容护肤,在上点,1,该用户想表达的含义是：催促主播尽快补货或上新商品。
achun1999,美容护肤,早都没有了,0,该用户想表达的含义是：商品已经售罄，自己没能抢到。
achun1999,美容护肤,会不会粘,1,该用户可能是在询问产品使用后是否会感觉黏腻，担心肤感不佳。
achun1999,美容护肤,没上吗,1,该用户想询问当前展示的商品是否已经售罄或还未开始上架销售。
achun1999,美容护肤,链接没用弄好,0,该用户想表达的含义是：商品购买链接尚未生效或无法正常打开。
achun1999,美容护肤,生日礼物生日礼物生日礼物,0,该用户可能在催促主播上架或补货生日礼物相关的商品，表达强烈的购买意向或对当前缺货状态的焦急情绪。
achun1999,美容护肤,"我就为了等这个,没拍到",1,该用户想表达的含义是：自己一直期待这款商品却因抢购失败而感到遗憾。
achun1999,美容护肤,shang生日礼物上,1,该用户想催促主播尽快上架生日礼物相关的商品。
achun1999,美容护肤,洗面奶洗面奶,1,该用户急切地催促主播上架或介绍洗面奶产品。
achun1999,美容护肤,再上一次,1,该用户希望主播重新上架刚才售罄的商品。
achun1999,美容护肤,熬夜面膜啥时候上,1,该用户急切询问熬夜面膜的补货时间，表现出强烈的购买意愿和错过之前抢购的遗憾。
achun1999,美容护肤,用了一年了.抢不到啊,1,该用户想表达的含义是：这款产品我已经使用了一年效果很好，但一直没能成功抢购到。
achun1999,美容护肤,净肤哲学洗面奶,1,该用户想表达的含义是：询问或催促主播上架净肤哲学洗面奶的购买链接。  （结合前文弹幕中频繁出现的“没抢到”“再上一次”“洗面奶洗面奶”等催促补货的语境，可推断用户是在参与抢购未果后，直接点名商品名称以表达急切购买需求。）
achun1999,美容护肤,抢不到,1,该用户想表达的是对商品抢购失败的不满和遗憾。
achun1999,美容护肤,没上链接[流泪][流泪][流泪][流泪][流泪][流泪][流泪][流泪][流泪][流泪][流泪][流泪],1,该用户急切地想要购买当前商品，但因链接未及时上架而感到极度失望和焦急。
achun1999,美容护肤,没抢到啊,1,"该用户想表达的含义是：因商品抢购失败而感到遗憾和失望。  （结合前文高频出现的""抢不到""""没上链接""等类似抱怨，可推断直播间存在商品库存或上架问题，用户情绪集中于因未能成功购买目标商品而产生的挫败感。）"
achun1999,美容护肤,一直在用的,0,该用户想表达的含义是：自己长期使用这款产品并对其效果满意。
achun1999,美容护肤,呢1抢到,0,该用户想表达的含义是：遗憾地表示自己没能成功抢购到心仪的商品。  （结合前文语境，直播间弹幕频繁出现“抢不到”“没上链接”等抱怨，且商品如洗面奶、面膜等被多次提及，说明用户正积极参与抢购但屡次失败，当前弹幕是这种情绪的延续。）
achun1999,美容护肤,卸妆油卸妆油卸妆油卸妆油,1,该用户急切催促主播上架卸妆油产品，可能是多次重复刷屏以强调自己的强烈购买意愿或对之前未抢到的不满。
achun1999,美容护肤,这过咯,0,该用户想表达的含义是：这个产品已经错过了（没抢到或没赶上）。
achun1999,美容护肤,夏天建议用吗,1,该用户是在询问当前推荐的产品是否适合夏季使用，隐含对产品功能的关注和潜在的购买意向。
achun1999,美容护肤,换包装了?,1,该用户可能是在询问产品是否更换了包装设计，暗示对产品本身的熟悉和持续关注，并想确认当前售卖的是否为新版本。
achun1999,美容护肤,这么快没了,0,该用户想表达的含义是：商品这么快就卖完了，自己没抢到感到遗憾。
achun1999,美容护肤,在上点,1,该用户想表达的含义是：催促主播尽快补货或上新商品。
achun1999,美容护肤,没拍到,1,该用户想表达的是因手速或网络问题未能成功抢购到心仪商品而感到遗憾。
achun1999,美容护肤,生日礼物,1,该用户可能是在询问或暗示主播推荐适合作为生日礼物的产品，或是希望当前展示的商品能作为生日礼物选项重新上架。
achun1999,美容护肤,为啥有人用那个洗面奶说很干呢,0,该用户对洗面奶的使用效果存在疑虑，想了解其他消费者反映干燥问题的具体原因。
achun1999,美容护肤,胶原刀,1,该用户可能在询问或催促主播介绍/上架“胶原刀”这款产品。
achun1999,美容护肤,我昨天买了一罐[捂脸][捂脸][捂脸][捂脸],0,该用户想表达的含义是：自己之前已经购买过该产品，现在看到直播间讨论时感到有些无奈或调侃。
achun1999,美容护肤,防晒霜怎么卖,1,该用户想表达的含义是：询问防晒霜的价格和购买方式，表现出明确的购买意向。
achun1999,美容护肤,13岁有痘痘可以用蛋黄油吗,1,该用户想询问蛋黄油是否适合青少年痘痘肌使用，表现出对产品的功效和适用性的关注。
achun1999,美容护肤,玫瑰皂玫瑰皂玫瑰皂玫瑰皂玫瑰皂玫瑰皂玫瑰皂玫瑰皂玫瑰皂玫瑰皂玫瑰皂玫瑰皂玫瑰皂玫瑰皂玫瑰皂玫瑰皂[流泪][流泪],1,该用户急切想购买玫瑰皂但抢不到，通过重复刷屏和流泪表情表达强烈的遗憾与渴望。
achun1999,美容护肤,秒没没赶上,1,该用户因商品抢购速度过快未能成功下单而感到遗憾和焦急。
achun1999,美容护肤,我儿子也在用,0,该用户想表达的含义是：这款产品在我家已经有实际使用体验，且效果值得信赖。
achun1999,美容护肤,一直在屯这个,0,该用户想表达的含义是：我长期在购买并囤积这款产品。  （结合前文弹幕中频繁出现的抢购、缺货、使用体验分享等语境，可推断用户强调自己对该产品的持续购买行为，隐含对其的认可或需求。）
achun1999,美容护肤,没有抢到生日礼物,0,该用户因错过直播间推荐的某款适合作为生日礼物的商品而感到遗憾。
achun1999,美容护肤,熬夜面膜,1,该用户可能是在询问直播间是否有售卖适合熬夜后使用的面膜产品。
achun1999,美容护肤,有隐藏机制吗?,0,该用户可能在询问产品是否存在未公开的促销活动或特殊购买方式（如隐藏优惠券、限时秒杀等）。
achun1999,美容护肤,痘痘肌能用吗,1,该用户是在询问产品是否适合痘痘肌人群使用，表达了对产品的潜在购买兴趣并希望确认其适用性。
achun1999,美容护肤,水光乳,1,该用户可能在询问或表达对“水光乳”这款产品的兴趣，想了解其功效或购买方式。
achun1999,美容护肤,太快了,0,该用户想表达的含义是：商品抢购速度太快，自己没来得及下单。
achun1999,美容护肤,又没抢到,1,该用户因手速或库存不足未能成功购买心仪商品，流露出遗憾和急切想再次抢购的情绪。
achun1999,美容护肤,我还想在买点,1,该用户想表达的是对当前商品仍有购买意愿，希望主播能补货或再次上架以便继续下单。
achun1999,美容护肤,1秒没了,0,该用户想表达的含义是：商品上架后瞬间售罄，自己没能抢到。
achun1999,美容护肤,抢不上,1,该用户想表达的含义是：商品太抢手导致自己没能成功下单。
achun1999,美容护肤,没有了,1,该用户想表达的含义是：商品已经售罄或抢购失败。
achun1999,美容护肤,抢不到了,1,该用户因商品秒杀速度过快而遗憾未能成功下单。
achun1999,美容护肤,没抢到[流泪][流泪][流泪],1,该用户因商品秒杀速度太快而未能成功购买，感到非常遗憾和失望。
achun1999,美容护肤,看都看不懂,0,该用户可能因直播节奏过快或信息混乱而感到困惑，无法理解当前的产品介绍或抢购规则。
achun1999,美容护肤,抢不到,1,该用户想表达的含义是：对商品抢购失败感到失望和无奈。
achun1999,美容护肤,这不亏了吗,0,该用户可能认为当前商品的价格或优惠力度超出预期，觉得购买非常划算甚至难以置信。
achun1999,美容护肤,洗面奶还上吗,1,该用户是在询问洗面奶这款商品是否会再次补货上架销售。
achun1999,美容护肤,洗发水,1,该用户可能是想询问洗发水产品的相关信息或表达对洗发水的购买意向。
achun1999,美容护肤,双生精华开价了吗,1,该用户是在询问双生精华产品的价格是否已经公布或开始优惠活动。
achun1999,美容护肤,你们自己会用吗,0,该用户是在质疑主播或商家对所推销产品的真实使用体验，以此评估产品的可信度和购买价值。
achun1999,美容护肤,抢不到啊,0,该用户想表达的含义是：对商品抢购失败感到失望和无奈。
achun1999,美容护肤,今天熬夜面膜会上吗?,1,该用户是在询问直播中是否会推出熬夜面膜这款产品，表现出明确的购买意向和期待。
achun1999,美容护肤,生日礼物生日礼物生日礼物,0,该用户可能在急切询问或暗示主播是否会上架适合作为生日礼物的产品，表达了自己的购买需求和兴趣。
achun1999,美容护肤,生日礼物,0,该用户可能在询问直播间是否有适合作为生日礼物的产品推荐或促销活动。
achun1999,美容护肤,拍不到,1,该用户想表达的含义是：商品抢购速度太快，自己没能成功下单。
achun1999,美容护肤,没抢上,1,该用户想表达的含义是：因商品抢购速度太快而未能成功下单，感到遗憾和失落。
achun1999,美容护肤,"50一罐,还有待考虑[看]",0,该用户觉得当前50元一罐的价格偏高，还在犹豫是否值得购买。
achun1999,美容护肤,我用润本就够了,0,该用户想表达的含义是：我对现有产品（润本）已经满意，不需要再购买直播间推荐的其他同类商品。
achun1999,美容护肤,玫瑰皂玫瑰皂玫瑰皂玫瑰皂玫瑰皂玫瑰皂玫瑰皂玫瑰皂玫瑰皂玫瑰皂玫瑰皂玫瑰皂玫瑰皂玫瑰皂玫瑰皂玫瑰皂,1,该用户通过重复刷屏“玫瑰皂”强烈表达对这款产品的急切需求和抢购意愿，可能是看到其他商品秒空后担心再次错过而采取的催促行为。
achun1999,美容护肤,抢到了,0,该用户想表达的含义是：成功购买到了心仪的商品。
achun1999,美容护肤,421我的生日,0,该用户可能是在暗示主播或观众关注自己的生日日期，希望获得生日相关的优惠或礼物。
achun1999,美容护肤,素颜霜素颜霜素颜霜,1,该用户可能在强烈催促主播尽快介绍或上架素颜霜产品，表现出明确的购买意愿和急切心情。
achun1999,美容护肤,那为啥隔壁是4月22?,0,该用户可能在质疑或对比不同渠道的促销活动时间安排，表达对当前直播间活动日期（如发货时间、优惠截止日等）与“隔壁”（其他平台/店铺）存在差异的不满或困惑。
achun1999,美容护肤,生日礼物生日礼物,0,该用户可能在暗示希望主播推荐适合作为生日礼物的产品，或是询问当前展示的商品是否适合当作生日礼物。
achun1999,美容护肤,"手机发烫,付款还要选择发货时间,没抢到",0,该用户因抢购失败感到不满，同时抱怨手机操作卡顿和付款流程繁琐。
achun1999,美容护肤,想中福袋呜呜呜,0,该用户希望通过参与直播间的抽奖活动获得免费赠品，表达了对福利活动的强烈期待和渴望。
achun1999,美容护肤,让我中福袋好嘛抖音,0,该用户希望通过参与直播间的福袋抽奖活动获得福利或奖品。
achun1999,美容护肤,生日礼物,0,该用户可能是在询问直播间是否有适合作为生日礼物的推荐商品，或者暗示自己需要挑选生日礼物。
achun1999,美容护肤,是小孩用的吗,1,该用户想询问当前介绍的产品是否适合儿童使用。
achun1999,美容护肤,眼霜眼霜眼霜眼霜眼霜眼霜眼霜眼霜眼霜眼霜眼霜眼霜眼霜眼霜眼霜眼霜眼霜眼霜眼霜眼霜眼霜眼霜眼霜眼霜眼霜,1,该用户想表达的含义是：强烈要求主播重点介绍或上架眼霜产品。  （分析依据：结合前文弹幕中重复关键词如“玫瑰皂”“生日礼物”的模式，此类密集重复通常表达用户对某一产品的急切需求或催促；且直播间存在抢购、产品提问等互动行为，用户可能通过刷屏引起主播注意。）
achun1999,美容护肤,洗发水,1,该用户可能在询问或暗示对直播间正在介绍的洗发水产品感兴趣，希望主播进一步讲解或上架该商品。
achun1999,美容护肤,精华水,1,该用户可能是在询问或强调直播间正在介绍的精华水产品，表达对其功效或购买细节的关注兴趣。
achun1999,美容护肤,酷毙了,0,该用户想表达的含义是：对当前展示的产品或效果感到非常惊艳和喜爱。  （结合前文弹幕中频繁提及的“生日礼物”“玫瑰皂”“眼霜”等商品，以及抢购、价格讨论等互动氛围，“酷毙了”更可能是对某款产品的强烈正面反馈，而非单纯的情绪抒发。）
achun1999,美容护肤,姜黄面膜,1,该用户可能是在询问或提及直播间正在介绍的姜黄面膜产品，表达了对这款商品的关注或购买意向。
achun1999,美容护肤,"我家几个月的婴儿宝宝也天天用蛋黄油呢,非常好,老大老二俩娃一起用",0,该用户通过分享自家婴儿使用蛋黄油的亲身经历，侧面肯定产品效果并暗示推荐购买，尤其强调适合多孩家庭场景使用。
achun1999,美容护肤,没抢到,1,该用户因手速或流程问题未能成功购买直播间促销商品，流露出遗憾和失落情绪。
achun1999,美容护肤,洗面奶,1,该用户可能在询问或暗示对直播中提到的洗面奶产品感兴趣，想了解其详情或价格。
achun1999,美容护肤,果酸身体乳,1,该用户可能是在询问或暗示对果酸身体乳产品的购买意向，希望主播介绍或推荐相关产品。
achun1999,美容护肤,"洗面奶,洗面奶",1,该用户可能在催促主播介绍或上架洗面奶产品，表现出明确的购买意向。
achun1999,美容护肤,又没抢到,1,该用户因抢购失败而感到遗憾和失落。
achun1999,美容护肤,"你们有毒啊,抢不到",1,该用户想表达的含义是：直播间的商品太抢手了，自己因为手速慢或流程繁琐没能成功下单，感到既懊恼又不甘心。
achun1999,美容护肤,抢不到,1,"该用户想表达的含义是：对热门商品抢购失败感到失望和 frustration。  （结合前文语境，""抢不到""高频出现，且与其他用户抱怨付款流程、发货时间等形成呼应，说明直播间商品可能存在库存紧张或抢购机制问题，用户情绪以急切和懊恼为主。）"
achun1999,美容护肤,洗面奶洗面奶,1,该用户可能在急切地询问或强调洗面奶的相关信息，表达对这款产品的强烈兴趣或购买意愿。
achun1999,美容护肤,牙膏牙膏牙膏牙膏牙膏牙膏牙膏牙膏牙膏牙膏牙膏牙膏牙膏牙膏牙膏牙膏牙膏牙膏牙膏牙膏牙膏,1,该用户可能是通过重复刷屏的方式强烈表达对牙膏产品的兴趣或需求，希望引起主播注意并优先介绍/上架该商品。
achun1999,美容护肤,洗面奶,1,"该用户想表达对洗面奶产品的强烈购买意向或催促主播介绍/上架该商品。  （分析依据：结合前后文多次重复""洗面奶""的刷屏现象，以及""没抢到""等抢购失败弹幕的语境，可推断当前直播间存在商品秒杀场景，用户通过重复关键词表达急切需求）"
achun1999,美容护肤,蛋黄油还有么,1,该用户是在询问商品“蛋黄油”的库存情况，表现出明确的购买意向。  （结合前文语境：弹幕中提到婴儿使用蛋黄油的效果很好，且多次出现抢购失败的抱怨，可推断用户因看到他人推荐或担心缺货而主动询问库存。）
achun1999,美容护肤,下午好主播,0,该用户可能是在礼貌性打招呼的同时，试图引起主播注意以询问产品信息或参与互动。
achun1999,美容护肤,磨砂膏[舔屏],1,该用户想表达的含义是：对磨砂膏产品表现出强烈的喜爱和购买欲望。  （结合前文弹幕中频繁出现的抢购、产品讨论及表情符号的兴奋语气，可推断用户被产品吸引并可能有意向购买。）
achun1999,美容护肤,刚开始没抢到,0,该用户想表达的含义是：之前尝试购买商品但未能成功抢到，现在感到遗憾或急切。
achun1999,美容护肤,蛋黄的没买到,1,该用户因未能成功购买蛋黄油产品而感到遗憾和失落。
achun1999,美容护肤,我就那个离谱了,0,该用户想表达的含义是：对抢购不到热门商品（如蛋黄油）感到惊讶和无奈。
achun1999,美容护肤,来了来了,0,该用户想表达的含义是：我准时进入直播间准备参与抢购了。
achun1999,美容护肤,霜没了,1,该用户想表达的是：之前想买的蛋黄油已经售罄了。
achun1999,美容护肤,没有了,1,该用户想表达的含义是：商品已经售罄了。
achun1999,美容护肤,磨砂膏,1,该用户可能是在询问或表达对直播间提到的磨砂膏产品的兴趣，暗示想购买或了解该产品。
achun1999,美容护肤,蛋黄油没抢到[流泪],1,该用户因未能成功购买到蛋黄油而感到遗憾和失落。
achun1999,美容护肤,主播优秀啊啊啊,0,该用户是在热情夸赞主播的带货能力或表现，暗示对主播推荐的产品产生兴趣或认同。
achun1999,美容护肤,静默已经上了,0,该用户想表达的含义是：之前缺货的静默产品现在已经重新上架可以购买了。
achun1999,美容护肤,蛋黄面霜,1,该用户是在询问或表达对“蛋黄面霜”这款产品的购买意向，可能是想确认是否有货或遗憾未能抢到。
achun1999,美容护肤,蛋黄油蛋黄油蛋黄油蛋黄油蛋黄油蛋黄油蛋黄油蛋黄油蛋黄油,1,该用户急切询问或强烈要求主播再次上架蛋黄油产品，可能是因之前未抢到而表现出迫切需求或不满情绪。
achun1999,美容护肤,抢不到,1,该用户想表达的含义是：对热门商品库存紧张导致自己未能成功购买的遗憾和焦急情绪。
achun1999,美容护肤,毯子怎么换,0,该用户可能是在询问如何更换已购买或抢购的毯子商品（如退换货流程或颜色款式更换方式）。
achun1999,美容护肤,要香皂香皂,1,该用户急切地表达想要购买香皂的强烈意愿，可能是看到其他商品被抢购一空后产生的紧迫感。
achun1999,美容护肤,几号啊,0,该用户可能在询问蛋黄油或磨砂膏等热门商品的补货上架时间。
achun1999,美容护肤,这个不错,0,该用户可能是在看到当前展示的商品后表示认可或产生购买意向。  结合前文弹幕，直播间讨论的热点集中在蛋黄油、磨砂膏等产品上，且不少用户提到抢购或售罄，说明商品较受欢迎。因此，这句“这个不错”更可能是对正在介绍的商品（可能是蛋黄油、磨砂膏或同类产品）表示兴趣或认可，暗示其有购买意愿或认为该商品值得推荐。
achun1999,美容护肤,精华水,1,该用户可能在询问或表达对直播间提到的“精华水”产品的兴趣或购买意向。
achun1999,美容护肤,这个我是真想要,1,该用户强烈表达了对当前直播商品的浓厚兴趣和迫切购买意愿。
achun1999,美容护肤,洗发水,1,该用户可能是想询问或表达对直播间正在介绍的洗发水产品的兴趣或购买意向。
achun1999,美容护肤,"脸黑,能涂吗",1,该用户可能是在询问主播展示的产品是否适合肤色较深的人使用。
achun1999,美容护肤,"上吧,我赶紧拍",1,该用户急切催促主播上架商品并表示自己要立即下单购买。
achun1999,美容护肤,抽中我,0,该用户希望自己被选中参与直播间抽奖或福利活动。
achun1999,美容护肤,买的停不下了,0,该用户想表达的含义是：对商品的购买热情高涨，已经连续下单多次无法自控。
achun1999,美容护肤,怎么用?沐浴露吗?,1,该用户可能在询问当前展示产品的具体用途，并猜测是否是沐浴露相关商品。
achun1999,美容护肤,I生日礼物,1,该用户可能在询问某款产品是否适合作为生日礼物，或暗示想购买直播间的商品当作生日礼物。
achun1999,美容护肤,用了3000块了,0,该用户想表达的含义是：已经在直播间累计消费了3000元。
achun1999,美容护肤,咋么用,1,该用户想询问产品的具体使用方法或适用场景。
achun1999,美容护肤,生日快乐呀呀呀,0,该用户可能在借生日祝福的名义暗示主播或品牌方提供优惠或福利，以促进购买。
achun1999,美容护肤,好给力,0,该用户想表达的含义是：对当前直播中展示的商品优惠力度或活动效果感到非常满意和兴奋。
achun1999,美容护肤,洗发水,1,该用户可能是对直播中提到的洗发水产品产生了兴趣，想进一步了解或表达购买意向。
achun1999,美容护肤,洗面奶,1,该用户可能在询问或暗示对当前/即将介绍的洗面奶产品感兴趣，希望主播详细讲解或上架该商品。
achun1999,美容护肤,蛋黄霜小朋友能用不,1,该用户是在询问蛋黄霜是否适合儿童使用。
achun1999,美容护肤,金手链手链手链手链手链手链手链手链手链手链,1,该用户急切地想要主播展示或介绍金手链产品，可能是被之前的购物氛围感染或对饰品产生了强烈兴趣。
achun1999,美容护肤,玫瑰皂呢,1,该用户是在询问直播间是否会上架或展示玫瑰香皂产品。
achun1999,美容护肤,生日礼物生日礼物生日礼物,0,该用户可能在暗示主播推荐适合作为生日礼物的产品，或表达自己正在寻找生日礼物的需求。
achun1999,美容护肤,蛋黄霜,1,该用户可能在询问产品“蛋黄霜”是否适合特定人群使用或对其功效感兴趣。
achun1999,美容护肤,抢不到,0,该用户想表达的含义是：对抢购热门商品失败的遗憾和急切心情。
achun1999,美容护肤,就不能上一瓶洗面奶炸一下吗,1,该用户是在催促主播尽快上架洗面奶并表示自己会立即抢购。
achun1999,美容护肤,这都什么手速啊,0,该用户可能在感叹商品抢购速度太快，自己或其他人难以成功下单。
achun1999,美容护肤,蛋黄油,1,该用户可能是在询问或提及与“蛋黄油”相关的产品信息或使用效果。
achun1999,美容护肤,怎么没了,1,该用户可能因商品售罄或下架而感到失望，急切询问为何无法继续购买。
achun1999,美容护肤,生日礼物生日礼物,0,该用户可能在直播间看到他人提及“生日礼物”相关商品后，产生共鸣并强调自己也在寻找适合作为生日礼物的产品。
achun1999,美容护肤,护发精油,1,该用户可能是在询问或关注直播间是否有护发精油产品，表达了对该商品的兴趣或需求。
achun1999,美容护肤,发一个买一个,0,该用户想表达的含义是：只要主播上架商品，自己就会立即下单购买。
achun1999,美容护肤,抢不到呀,1,该用户因商品抢购速度太快而表达出遗憾和急切想购买的心情。
achun1999,美容护肤,牙膏没买呢,1,该用户可能在暗示自己尚未购买直播中提到的牙膏产品，并透露出潜在的购买意向或对商品上架的期待。
achun1999,美容护肤,",,生日礼物",0,该用户可能在询问或暗示主播推荐适合作为生日礼物的商品。
achun1999,美容护肤,上牙膏吧,1,该用户希望主播尽快上架牙膏产品以便购买。
achun1999,美容护肤,太好了,0,该用户可能是在表达对主播刚宣布的优惠活动或商品补货消息感到惊喜和满意。
achun1999,美容护肤,再来点磨砂膏,1,该用户希望主播增加磨砂膏的库存或再次上架该产品。
achun1999,美容护肤,来面膜呗,1,该用户希望主播能上架面膜产品进行售卖。
achun1999,美容护肤,没抢上,1,该用户因商品抢购失败而感到遗憾或不满。
achun1999,美容护肤,磨砂膏在上点,1,该用户希望主播能尽快补货或增加磨砂膏的库存量。
achun1999,美容护肤,就牙膏没买到蹲了四个小时了,1,该用户因长时间等待却未能抢购到牙膏而感到焦急和失望。
achun1999,美容护肤,你是姐姐吗,0,该用户可能是想确认主播身份或套近乎以获取更多商品信息或购买机会。
achun1999,美容护肤,上链接,1,该用户急切催促主播尽快开放商品购买链接以便抢购。
achun1999,美容护肤,磨砂膏再来点,1,该用户希望直播间能增加磨砂膏的库存或再次上架该商品。
achun1999,美容护肤,洗面奶,1,该用户是在催促主播尽快上架洗面奶的链接。
achun1999,美容护肤,生日礼物生日礼物,0,该用户想表达的是希望主播推荐适合作为生日礼物的产品。
achun1999,美容护肤,磨砂膏没抢到,1,该用户因直播间磨砂膏库存售罄而感到遗憾，希望主播能补货或再次上架。
achun1999,美容护肤,我没中手链,0,该用户想表达的是：自己参与了直播间的抽奖或抢购活动，但遗憾没有获得想要的手链奖品。
achun1999,美容护肤,护发精油,1,该用户可能在催促主播上架或补货护发精油产品，表达了自己的购买意愿。
achun1999,美容护肤,磨砂膏,1,该用户希望主播补货或再次上架磨砂膏产品。
achun1999,美容护肤,下午好,0,该用户可能是在打招呼的同时，暗示自己已持续关注直播并等待商品上架，试图通过友好互动引起主播注意。
achun1999,美容护肤,"哥,能抽个金手链嘛[看]",0,该用户希望通过参与抽奖活动获得主播展示的金手链。
achun1999,美容护肤,洗面奶有没有,1,该用户是在询问直播间是否有洗面奶产品上架或补货，表现出明确的购买意向。
achun1999,美容护肤,牙膏再上点,1,该用户希望主播尽快补货或重新上架牙膏商品。
achun1999,美容护肤,牙膏来点吧纯子,1,该用户是在催促主播尽快补货牙膏，表达出强烈的购买意愿和急切心情。
achun1999,美容护肤,磨砂膏没拍到,1,该用户因未能成功抢购到磨砂膏而感到遗憾，希望主播能补货或再次上架该商品。
achun1999,美容护肤,洁发膏洁发膏洁发膏洁发膏洁发膏洁发膏洁发膏洁发膏洁发膏洁发膏洁发膏洁发膏洁发膏洁发膏洁发膏洁发膏,1,该用户急切要求主播上架或补货洁发膏，可能是因多次重复刷屏引起注意或表达强烈购买意愿。
achun1999,美容护肤,来只vc,1,该用户想表达的含义是：希望主播上架或补货维生素C产品。
achun1999,美容护肤,豆可用吗,1,该用户可能在询问直播中提到的某款产品（如磨砂膏或洁发膏）是否适合豆豆肌或敏感肌使用。
achun1999,美容护肤,油皮用什么洗面奶,1,该用户想表达的含义是：询问适合油性肤质的洗面奶产品推荐。  （结合前文弹幕中多次出现“洗面奶”“洁发膏”等护肤清洁类产品的讨论，且直播间正在密集上架相关商品，可推断用户是在直播促销氛围中主动寻求针对性产品建议，隐含潜在购买意向。）
achun1999,美容护肤,洁发膏洁发膏洁发膏洁发膏洁发膏洁发膏洁发膏洁发膏洁发膏洁发膏洁发膏洁发膏洁发膏洁发膏洁发膏洁发膏洁发,1,"该用户急切希望主播尽快上架或补货洁发膏产品。  （释义依据：结合前文高频出现的""磨砂膏/牙膏/洗面奶""等产品催促弹幕，以及""没抢到/再来点""等需求表达，可判定此为典型的产品催促行为，重复刷屏是为了引起主播注意。语境显示直播间存在抢购紧张氛围，用户通过密集重复强化诉求。）"
achun1999,美容护肤,牙膏牙膏,1,该用户想表达的含义是：催促主播尽快上架或补货牙膏产品。
achun1999,美容护肤,防嗮霜,1,该用户可能在询问或暗示希望主播介绍或上架防晒霜产品。
achun1999,美容护肤,"牙膏,洗发水",1,该用户希望主播能补充上架或推荐牙膏和洗发水这两款商品。
achun1999,美容护肤,洗手液有吗,1,该用户是在询问直播间是否有洗手液产品出售，表现出对购买该商品的潜在兴趣。
achun1999,美容护肤,水乳能上一套的吗[流泪][流泪],1,该用户急切希望主播能提供水乳套装产品，并用流泪表情强调自己的强烈购买意愿和需求未被满足的焦急心情。
achun1999,美容护肤,洗面奶上链接,1,"该用户急切催促主播尽快上架洗面奶产品以便购买。  （解析：结合前文""洗面奶有没有""""油皮用什么洗面奶""等弹幕可见洗护需求集中，且大量重复性产品催促弹幕显示观众处于抢购状态，用户用指令性短句表明强烈购买意向）"
achun1999,美容护肤,磨砂膏在哪,1,该用户想询问磨砂膏产品的购买链接或具体位置，表现出明确的购买意向。
achun1999,美容护肤,有运费,0,该用户可能是在确认或抱怨商品需要额外支付运费，暗示对购买成本的关注或犹豫。
achun1999,美容护肤,胶原面膜,1,该用户可能是在询问直播间是否有胶原面膜产品或希望主播介绍/上架相关商品。
achun1999,美容护肤,洗面奶,1,该用户是在询问或催促主播上架洗面奶产品链接，可能是对当前讨论的洗面奶品类产生了购买意向。
achun1999,美容护肤,抛光那个没抢到,0,该用户因未成功抢购到抛光产品而感到遗憾，并暗示希望再次补货或有机会购买。
achun1999,美容护肤,身体精油,1,该用户可能在询问主播是否会上架或推荐适合自己使用的身体精油产品。
achun1999,美容护肤,玫瑰精油,1,该用户可能在询问直播间是否有玫瑰精油产品上架或推荐。
achun1999,美容护肤,胶原刀,1,该用户可能在询问直播间是否有售卖胶原蛋白美容仪或相关产品。
achun1999,美容护肤,晚上几点,0,该用户可能在询问直播间的商品补货或下一轮促销的具体时间，表现出对购买某款产品的持续关注。
achun1999,美容护肤,今天熬夜面膜会上吗?,1,该用户是在询问直播中是否会推出熬夜面膜这款产品，表现出明确的购买意向和对特定商品的关注。
achun1999,美容护肤,洗面奶还有吗?,1,该用户是在询问洗面奶的库存情况，表现出明确的购买意向和紧迫感。
achun1999,美容护肤,素颜霜,1,该用户可能在询问直播间是否有素颜霜产品上架或想了解相关产品信息。
achun1999,美容护肤,洗面奶了?,1,该用户可能在询问直播间是否正在推荐或销售洗面奶产品，表现出对洗面奶的关注和潜在购买意向。
achun1999,美容护肤,四个半小时洁发膏啊,1,该用户可能是在惊讶或抱怨直播时长过长，同时表达对洁发膏产品的持续关注或期待。
achun1999,美容护肤,卸妆油,1,该用户可能在询问直播间是否有卸妆油产品上架或想了解相关产品信息。
achun1999,美容护肤,想要人参水,1,该用户想表达的含义是：对主播推荐的人参水产品产生了购买意向，希望了解或购买该商品。  （结合前文弹幕高频出现的护肤、洗护类产品需求，用户可能是在直播中听到或看到“人参水”这一商品的介绍后，直接表达了兴趣，属于典型的购物意向弹幕。）
achun1999,美容护肤,洗发水,1,该用户是在询问直播间是否有洗发水产品上架或促销。
achun1999,美容护肤,对对对洗发水,1,该用户急切赞同并催促主播尽快上架洗发水链接。
achun1999,美容护肤,结法膏,1,该用户想询问的是“洁发膏”产品的购买链接或相关信息。
achun1999,美容护肤,人参水乳,1,该用户想表达的含义是：询问或表达对人参水乳这款产品的兴趣或购买意向。
achun1999,美容护肤,VC热感还有吗VC热感还有吗VC热感还有吗VC热感还有吗VC热感还有吗VC热感还有吗,1,该用户急切地询问直播间是否还有“VC热感”这款产品库存，通过重复刷屏表达强烈的购买意愿和焦虑感。
achun1999,美容护肤,我晚上还来,0,该用户想表达对直播内容的持续关注，并暗示自己会在晚间时段再次参与互动或购买商品。
achun1999,美容护肤,黑玫瑰精油,1,该用户可能是在询问或表达对黑玫瑰精油这款产品的兴趣或购买意向。
achun1999,美容护肤,人参面霜,1,该用户可能在询问或表达对直播间提到的“人参面霜”这款产品的兴趣或购买意向。
achun1999,美容护肤,阿纯还有牙膏嘛,1,该用户是在询问主播是否还有牙膏库存可供购买。
achun1999,美容护肤,冷凝胶,1,该用户可能是在询问直播间是否售卖或介绍冷凝胶产品，或是表达对该产品的兴趣和购买意向。
achun1999,美容护肤,防晒防水吗,1,该用户想询问产品是否具备防晒和防水的功能特性。
achun1999,美容护肤,卸妆油卸妆油卸妆油,1,该用户急切地询问或强调对卸妆油产品的强烈兴趣或购买需求。
achun1999,美容护肤,"买一万了,牙膏牙膏来一次吧[流泪]",1,该用户急切地表示自己已经消费了上万元，强烈要求主播再次上架牙膏产品，并用流泪表情强调渴望情绪。
achun1999,美容护肤,"买一万了,牙膏牙膏来一次吧",1,该用户急切希望主播再次上架牙膏产品，并表示自己已经消费了较大金额（一万），以此证明购买诚意和需求强度。
achun1999,美容护肤,从12点到现在福袋就没抽中过[捂脸],0,该用户是在抱怨自己长时间参与直播间抽奖却一直没中奖，透露出对福袋活动的持续关注和些许失落情绪。
achun1999,美容护肤,发质好的更能用吧,1,该用户可能在询问产品是否更适合发质较好的人群使用。
achun1999,美容护肤,牙膏!!!!!,1,该用户急切地表达对牙膏产品的强烈需求和购买意愿。
achun1999,美容护肤,黑玫瑰精油呢,1,该用户是在询问直播间是否有黑玫瑰精油这款产品，并表现出对该商品的购买兴趣。
achun1999,美容护肤,泥膜讲了么,1,该用户是在询问直播中是否已经介绍或讲解过泥膜产品，表现出对这款商品的关注和潜在购买意向。
achun1999,美容护肤,生日礼物,0,该用户可能在询问是否有适合作为生日礼物的产品推荐或促销活动。
achun1999,美容护肤,太没抢到,1,该用户因未能成功抢购到心仪商品而感到遗憾和失落。
achun1999,美容护肤,没买上洗面奶,1,该用户因错过购买洗面奶而感到遗憾，暗示希望主播能再次上架或补货。
achun1999,美容护肤,太卡了,0,该用户想表达的含义是：直播画面延迟或网络不畅影响观看体验。  （结合前文弹幕高频出现商品咨询和抢购焦虑，可推断用户因直播卡顿而担忧错过购买机会或关键信息，属于对技术问题的抱怨而非购买兴趣表达。）
achun1999,美容护肤,牙膏牙膏牙膏牙膏牙膏牙膏牙膏牙膏牙膏牙膏牙膏牙膏牙膏牙膏牙膏牙膏牙膏牙膏牙膏牙膏牙膏牙膏牙膏牙膏牙膏,1,该用户是在强烈催促主播上架或再次介绍牙膏产品，表达了对该商品的急切购买意愿。
achun1999,美容护肤,牙膏!!!,1,该用户急切地询问或催促主播上架牙膏产品，表现出强烈的购买意愿和迫切需求。
achun1999,美容护肤,晚上几点,0,该用户想询问直播间的晚间开播时间以便继续参与购买活动。
achun1999,美容护肤,怎么会有运费3元???,0,该用户对运费金额感到意外和不满，认为3元运费不合理或超出预期。
achun1999,美容护肤,牙膏没见啊,1,该用户是在询问或抱怨直播中尚未介绍或上架牙膏产品。
achun1999,美容护肤,男士用的哪款,1,该用户是在询问直播间推荐的男士适用产品款式。
achun1999,美容护肤,有沐浴露吗,1,该用户是在询问直播间是否有售卖沐浴露产品，表现出对该商品的潜在购买兴趣。
achun1999,美容护肤,终于等到洗发水了,1,该用户想表达的含义是：自己一直在等待洗发水产品的介绍或上架，现在终于等到了。
achun1999,美容护肤,"此生Z大场,机制仅一次",0,该用户想表达的含义是：这次直播的优惠力度是前所未有的，而且活动机制仅限本次直播，错过就没有了。
achun1999,美容护肤,yes,0,该用户想表达的含义是：对主播提到的某个产品或促销活动表示积极赞同或确认购买意向。
achun1999,美容护肤,生日礼物牙膏牙膏牙膏牙膏牙膏牙膏牙膏牙膏牙膏牙膏牙膏牙膏牙膏牙膏牙膏牙膏牙膏牙膏牙膏牙膏牙膏牙膏牙膏牙膏,1,该用户想表达的含义是：希望主播能推荐一款适合作为生日礼物的牙膏产品。
achun1999,美容护肤,手机卡,0,该用户可能是在抱怨直播画面卡顿，影响了观看和参与购物体验。
achun1999,美容护肤,蛋黄霜小朋友能用不,1,该用户是在询问蛋黄霜这款产品是否适合儿童使用，表现出对产品适用人群的具体关注和潜在的购买意向。
achun1999,美容护肤,洗面奶呀来一波活动啊,1,该用户希望商家针对洗面奶推出促销活动，暗示自己有购买意向但期待更优惠的价格。
achun1999,美容护肤,水光乳,1,该用户可能在询问或催促主播介绍或上架“水光乳”这款产品，表现出对该商品的购买兴趣或需求。
achun1999,美容护肤,生日礼物,0,该用户可能在询问直播间是否有适合作为生日礼物的产品推荐或优惠活动。
achun1999,美容护肤,人参水乳还来吗,1,该用户是在询问之前出现过的人参水乳产品是否会再次返场销售。
achun1999,美容护肤,人参水乳来吗,1,该用户是在询问主播是否还会再次上架或介绍“人参水乳”这款产品，表现出对该商品的强烈兴趣和购买意向。
achun1999,美容护肤,晚上什么时候开,0,该用户想询问直播间的晚间场次具体开始时间，可能是想继续参与后续的购买活动或关注特定商品的返场。
achun1999,美容护肤,洗面奶,1,该用户是在询问或催促主播介绍或上架洗面奶产品。
achun1999,美容护肤,"黑瓶的很好用,分叉洗好了",1,该用户想表达的含义是：黑色瓶装的那款产品效果不错，使用后头发分叉问题得到了改善。
achun1999,美容护肤,生日礼物,0,该用户可能在询问直播间是否有适合作为生日礼物的产品推荐，或暗示主播针对生日场景推出优惠活动。
achun1999,美容护肤,磨砂膏在上一波,1,该用户是在询问之前提到的磨砂膏产品是否会再次上架销售。
achun1999,美容护肤,VC热感还有吗VC热感还有吗VC热感还有吗VC热感还有吗VC热感还有吗VC热感还有吗,1,该用户急切询问直播间是否还有“VC热感”这款产品库存，表现出强烈的购买意向和紧迫感。
achun1999,美容护肤,贴牌的吧,0,该用户可能是在质疑直播间售卖的商品是否为代工生产的贴牌产品，而非品牌自主研发的正品。
achun1999,美容护肤,生日快乐,0,该用户可能是想询问是否有适合作为生日礼物的产品，或借生日话题暗示对直播间商品的兴趣。
achun1999,美容护肤,就是容量有点小,0,该用户对产品本身感兴趣，但对其容量规格感到不太满意，认为无法满足使用需求。
achun1999,美容护肤,去屑嘛,1,该用户是在询问直播中提到的洗发水是否具备去屑功能。
achun1999,美容护肤,磨砂膏没抢到,1,该用户因错过此前直播中推出的磨砂膏商品而感到遗憾，并暗示希望再次补货或参与抢购。
achun1999,美容护肤,有没有沐浴露,1,该用户是在询问直播间是否会上架或推荐沐浴露产品，表现出对这类商品的购买兴趣。
achun1999,美容护肤,水光乳,1,该用户可能是在询问或表达对“水光乳”这款产品的兴趣，想了解其详情或希望主播推荐/上架该商品。
achun1999,美容护肤,去屑吗,1,该用户是在询问直播中提到的洗发产品是否具有去屑功效。
achun1999,美容护肤,去屑不,1,该用户是在询问直播中提到的去屑产品是否具备去屑功能或效果如何。
achun1999,美容护肤,孕妇能用吗,1,该用户是在询问直播中推荐的产品是否适合孕妇使用，以此判断自己是否有购买意向。
achun1999,美容护肤,油皮好用吗?,1,该用户想询问这款产品是否适合油性皮肤使用，以判断是否符合自己的需求。
achun1999,美容护肤,止痒去屑?,1,该用户是在询问直播中介绍的产品是否具有缓解瘙痒和去除头屑的功效。
achun1999,美容护肤,只适合干发用,0,该用户想表达的含义是：这款产品只能在头发干燥时使用，不适合湿发情况。  （结合前文弹幕中关于洗发、护发产品的讨论，用户可能是在询问或评价某款护发产品的使用场景限制。）
achun1999,美容护肤,生日礼物生日礼物,0,该用户可能在暗示主播推荐适合作为生日礼物的产品，或是询问当前展示的商品是否适合当作生日礼物送人。
achun1999,美容护肤,大气呀,0,该用户可能是在称赞主播或品牌方慷慨大方（比如推出优惠活动、赠品多等），表达对当前促销力度的认可和满意。
achun1999,美容护肤,护发精油护发精油护发精油,1,"该用户急切地询问或强调想要购买护发精油产品。  （分析依据：重复三次的句式符合直播间高频刷屏的购买意向表达模式，且与前文其他用户重复追问""VC热感""的消费动机一致，整体语境呈现观众对个护产品的强烈关注。）"
achun1999,美容护肤,洗面奶洗面奶洗面奶,1,该用户急切地询问或强调想要了解或购买洗面奶产品。
achun1999,美容护肤,中奖中奖中奖,0,该用户想表达的含义是：希望自己能成为直播间的幸运观众获得奖品。
achun1999,美容护肤,油头适合吗?,1,该用户是在询问直播中推荐的产品是否适合油性发质使用。
achun1999,美容护肤,磨砂膏没抢到,1,该用户因未能成功购买到直播间的磨砂膏产品而感到遗憾，暗示对商品存在明确购买意向。
achun1999,美容护肤,止痒去屑????,1,该用户是在询问产品是否具备缓解头皮瘙痒和去除头屑的功效。
achun1999,美容护肤,今天买了两千多了能不能让我中奖一次,0,该用户想表达的含义是：自己已经消费了不少金额，希望这次能幸运地被抽中获奖。
achun1999,美容护肤,让我中奖一次吧!中奖[比心][爱心],0,该用户希望通过参与直播互动获得抽奖机会，表达了对中奖的强烈渴望和期待。
achun1999,美容护肤,会不会很油,1,该用户可能是在询问产品的质地是否清爽，担心使用后会有油腻感。
achun1999,美容护肤,14.21,0,该用户可能在询问或确认当前直播中展示商品的价格是否为14.21元。
achun1999,美容护肤,真的好用吗,1,"该用户是在询问产品的实际使用效果是否如宣传所说值得信赖。  （释义依据：结合前文高频出现的功效类提问（如""去屑吗""""油皮好用吗""）和产品适用性疑问（如""油头适合吗""），该弹幕延续了消费者对产品真实性的核心关切，属于典型的功效验证型提问，反映用户正处于购买决策的评估阶段。）"
achun1999,美容护肤,油头适合吗?油头适合吗?,1,该用户是在询问产品是否适合油性发质使用，表现出对产品功效与自身需求匹配度的关注。
achun1999,美容护肤,Tyr,0,该用户可能是在询问产品名称或品牌简称，想确认当前讨论的商品是否是自己想找的那款。
achun1999,美容护肤,防晒霜有没有,1,该用户可能在询问主播当前推荐或展示的防晒霜产品是否适合自己使用，表达了对该商品的潜在购买兴趣。
achun1999,美容护肤,中了手链给妈妈当生日礼物,0,该用户希望抽中手链作为送给母亲的生日礼物。
achun1999,美容护肤,"细软塌用了之后,会不会很油很塌",1,该用户是在询问这款针对细软塌发质的产品使用后是否会导致头发油腻或更加扁塌，核心关注点是产品的控油效果和蓬松持久度。
achun1999,美容护肤,油头能用吗?,1,该用户是在询问这款产品是否适合油性发质使用。
achun1999,美容护肤,控油吗,1,该用户是在询问产品是否具有控制油脂分泌的效果。
achun1999,美容护肤,回点血快点中,0,该用户希望能在参与直播互动后尽快获得中奖机会，以此弥补之前的消费支出或获得心理补偿。
achun1999,美容护肤,好闻吗?,1,该用户是在询问直播中展示的产品的气味是否令人舒适或吸引人。
achun1999,美容护肤,不错大气,0,该用户想表达的含义是：这款产品的外观设计看起来很有档次，符合自己的审美。
achun1999,美容护肤,生日礼物,0,该用户可能在询问直播间是否有适合作为生日礼物的产品推荐。
achun1999,美容护肤,去屑吗??,1,该用户想询问该产品是否具备去屑功效。
achun1999,美容护肤,生日礼物生日礼物生日礼物,0,该用户可能在暗示自己需要购买生日礼物，并希望主播推荐相关产品或提供优惠信息。
achun1999,美容护肤,止痒去屑?,1,该用户是在询问直播中介绍的产品是否具有缓解头皮瘙痒和去除头屑的功效。
achun1999,美容护肤,平时148两瓶啊,0,该用户是在对比当前直播间的促销价格与商品平时的售价，暗示对现有优惠力度是否划算存疑或希望确认是否真的比日常价格更优惠。
achun1999,美容护肤,油头适合吗?油头适合吗?油头适合吗?油头适合吗?,1,该用户迫切想知道这款产品是否适合油性发质，通过重复提问强调自己的核心需求。
achun1999,美容护肤,棉柔巾,1,该用户可能在询问主播关于棉柔巾的产品特性或适用场景，比如想了解其材质、用途或是否适合自身需求。
achun1999,美容护肤,看成分表,1,该用户想表达的含义是：想了解产品的具体成分以判断是否适合自己的需求。
achun1999,美容护肤,不够不够,0,该用户可能是在催促主播提供更多产品信息或优惠力度，觉得当前展示的内容或福利还不够吸引人。
achun1999,美容护肤,@多肉护肤品不分男女哦,0,该用户想表达的含义是：这款护肤品适用于所有性别，不必区分男女。
achun1999,美容护肤,大家好,0,该用户可能是在礼貌性地打招呼，试图融入直播间的互动氛围，但并未直接表达明确的购买意向或产品咨询需求。
achun1999,美容护肤,控油吗,1,该用户是在询问产品是否具备抑制油脂分泌的效果。
achun1999,美容护肤,头痒呢,1,该用户可能在询问产品是否具有缓解头皮瘙痒的功效。
achun1999,美容护肤,子身体上了吗,1,该用户可能在询问产品是否已经上架或是否已经添加到购物车中。
achun1999,美容护肤,防脱吗,1,该用户是在询问产品是否具备防止脱发的功效。
achun1999,美容护肤,去油吗?,1,该用户是在询问产品是否具备去除头皮油脂的功能。
achun1999,美容护肤,能不能去油,1,该用户想询问产品是否具有去除油脂的效果。
achun1999,美容护肤,人参面霜,1,该用户可能在询问或关注直播间正在介绍的人参面霜产品，表达对该产品的兴趣或想了解其功效、成分等信息。
achun1999,美容护肤,止痒吗?,1,该用户是在询问产品是否具备缓解头皮瘙痒的功能。
achun1999,美容护肤,"从头跟到尾,也没中奖[捂脸]",0,该用户想表达的含义是：虽然全程参与了直播互动，但遗憾未能获得任何福利奖励。
achun1999,美容护肤,去油吗,1,该用户是在询问产品是否具有控油或清洁油脂的效果。
achun1999,美容护肤,油头适用吗,1,该用户想询问该产品是否适合油性发质使用。
achun1999,美容护肤,油头适合吗?油头适合吗?,1,该用户是在询问这款产品是否适合油性发质使用，表现出对产品功效的针对性关注和潜在购买意向。
achun1999,美容护肤,中一次吧,0,该用户希望自己能在直播间的抽奖或福利活动中被选中一次。
achun1999,美容护肤,"两种交替用,可以吧",1,该用户想表达的含义是：询问是否可以轮流使用两种产品来达到更好的效果。
achun1999,美容护肤,在多送点,0,该用户希望主播能增加赠品或优惠力度。
achun1999,美容护肤,头皮有红点的能用吗,1,该用户是在询问产品是否适合头皮有红点症状的人群使用。
achun1999,美容护肤,控油吗油头适合吗,1,该用户想询问产品是否具备控油功效以及是否适合油性发质使用。
achun1999,美容护肤,"洗面奶,水乳",1,该用户可能是在询问直播中提到的洗面奶和水乳产品是否适合自己，或想了解这两款产品的具体功效和搭配使用效果。
achun1999,美容护肤,今天主打陪伴了生日礼物,0,该用户想表达的含义是：今天主要是为了陪伴观看直播，顺便挑选生日礼物。
achun1999,美容护肤,怎么用,1,该用户想询问产品的具体使用方法或操作步骤。
achun1999,美容护肤,多送点,1,该用户希望直播间能增加赠品数量或提高福利力度。
achun1999,美容护肤,不够!!!!,0,该用户想表达的含义是：对当前促销力度或赠品数量感到不满，希望商家能提供更多优惠或赠品。
achun1999,美容护肤,"洗面奶,水乳,纯妈",1,该用户可能在询问主播是否有适合妈妈使用的洗面奶和水乳套装。
achun1999,美容护肤,送同款,1,该用户希望主播能额外赠送与当前展示商品相同的产品作为福利。
achun1999,美容护肤,我要中福袋中福袋,0,该用户急切希望自己被抽中直播间的福袋奖品，表现出强烈的参与和获奖意愿。
achun1999,美容护肤,生日快乐,0,该用户可能是在借直播间的生日主题氛围，以祝福的形式互动并暗示自己希望获得生日相关的赠品或福利。
achun1999,美容护肤,@思兮护肤品不分男女哦,0,该用户想表达的含义是：护肤品的使用并不需要区分性别，暗示产品适合所有人。
achun1999,美容护肤,素颜霜上不,1,该用户是在询问素颜霜是否适合上妆或使用效果如何。
achun1999,美容护肤,卷发用了会不会变直?,1,该用户是在询问卷发产品使用后是否会导致头发变直的效果。
achun1999,美容护肤,还有吗,1,该用户可能是在询问当前展示的商品是否还有库存或是否会继续补货。
achun1999,美容护肤,有去屑的吗,1,该用户是在询问直播中推荐的产品是否有针对去屑功能的款式。
achun1999,美容护肤,好小瓶,0,该用户可能是在抱怨产品容量太小，希望商家能提供更大规格的包装。
achun1999,美容护肤,值得看这个,0,该用户可能在表达对当前直播推荐的产品或内容产生了兴趣，认为值得继续观看或深入了解。
achun1999,美容护肤,细软塌用了之后会不会很贴头皮?,1,该用户是在询问这款产品是否适合细软发质，担心使用后会让头发过于服帖缺乏蓬松感。
achun1999,美容护肤,室内设计,0,该用户可能是在询问直播中展示的产品是否适合室内设计相关用途或场景。
achun1999,美容护肤,室内设计鸡尾酒,1,该用户可能是想询问直播中提到的产品是否适合在室内设计场景下使用，或是将产品与鸡尾酒进行某种创意联想。
achun1999,美容护肤,什么时候上洗面奶,1,该用户是在询问直播间何时会推出洗面奶产品，表现出对洗面奶的购买意向和关注。
achun1999,美容护肤,收拾完”,0,该用户可能是在表示自己已经完成了购买或参与活动后的整理工作。
achun1999,美容护肤,洗面奶洗面奶,1,该用户是在催促主播尽快上架或详细介绍洗面奶产品，表达出明确的购买意向和急切需求。
achun1999,美容护肤,没抢到,1,该用户想表达的是对错过抢购机会的遗憾和不甘心。
achun1999,美容护肤,熬夜面膜,1,该用户可能在询问或暗示主播推荐或介绍适合熬夜后使用的面膜产品。
achun1999,美容护肤,没有啦,1,该用户想表达的含义是：商品已经售罄了。
achun1999,美容护肤,洗面奶,1,该用户是在询问或催促主播尽快上架洗面奶产品。
achun1999,美容护肤,没有抢到,1,该用户因错过商品抢购而感到遗憾。
achun1999,美容护肤,生日礼物,0,该用户可能在询问直播间是否有适合作为生日礼物的产品推荐。
achun1999,美容护肤,手机我就问你,0,该用户可能在急切询问手机产品的具体信息或库存情况。
achun1999,美容护肤,终于等到了生日礼物生日礼物生日礼物,0,该用户想表达的含义是：期待已久的生日礼物产品终于上架了，感到非常兴奋和迫切想要购买。
achun1999,美容护肤,"没抢到,呜呜呜",1,该用户因未能成功购买到心仪的商品而感到遗憾和失落。
achun1999,美容护肤,"附近的猫的包装真的是太好看,全都长在我心巴上",1,该用户被产品包装设计强烈吸引，产生了浓厚的购买兴趣。
achun1999,美容护肤,没有了,1,该用户想表达的是对商品已售罄的遗憾或询问是否还会补货。
achun1999,美容护肤,没点进去就没了,1,该用户想表达的含义是：商品刚上架就被抢光，自己还没来得及点击购买就售罄了。
achun1999,美容护肤,司机叔叔,0,该用户可能在催促或询问主播关于某款商品（可能是“司机”相关的产品或昵称）的上架或购买信息。
achun1999,美容护肤,生日礼物生日礼物生日礼物,0,该用户想表达的含义是：迫切希望购买直播间推荐的某款适合作为生日礼物的商品。
achun1999,美容护肤,"我滴妈,我真不能再看了",0,该用户想表达的含义是：直播间的商品太吸引人，我忍不住想继续看下去但又担心自己控制不住购买冲动。
achun1999,美容护肤,生日礼物别的事,0,该用户想表达的含义是：询问生日礼物相关的商品是否已经售罄或无法购买。
achun1999,美容护肤,再来点,1,该用户想表达的含义是：希望主播继续展示或补货刚才提到的商品。
achun1999,美容护肤,换一瓶去屑的行不,1,该用户想表达的是询问是否可以更换成具有去屑功能的洗发水产品。
achun1999,美容护肤,这就没了啊,0,该用户想表达的是对商品迅速售罄的失望和遗憾。
achun1999,美容护肤,手慢无,0,该用户想表达的含义是：再不赶紧下单就抢不到了。  （结合前文弹幕中频繁出现的“没抢到”“没有了”“这就没了啊”等紧迫感表达，可推断“手慢无”是对商品即将售罄的焦虑提醒，强调抢购的时效性。）
achun1999,美容护肤,素颜霜素颜霜素颜霜有吗,1,该用户急切地询问直播间是否有素颜霜在售，表现出强烈的购买意愿。
achun1999,美容护肤,买不到呀,1,该用户想表达的含义是：商品太抢手导致自己没能成功下单。
achun1999,美容护肤,人参面霜,1,该用户可能在询问或表达对直播间提到的“人参面霜”这款产品的兴趣，希望了解是否有货或能否购买。
achun1999,美容护肤,早上不上班是吧试试不上班嗯睡吧睡吧,0,该用户可能是在调侃主播频繁推销商品导致自己熬夜观看，表达“你们这么卖力推销害得我早上起不来班都不想上了”的无奈和幽默。
achun1999,美容护肤,射手不会,0,该用户可能是在抱怨手速不够快，没能抢到心仪的商品。
achun1999,美容护肤,"没抢到,在上",1,该用户想表达的是：刚才没抢到商品，现在还在直播间等待补货或再次上架。
achun1999,美容护肤,额试试,0,该用户想表达的含义是：抱着尝试的心态参与购买或互动。
achun1999,美容护肤,卷发用了会不会变直?,1,该用户可能是在询问卷发产品使用后是否会导致头发变直，表达了对产品效果的疑虑或购买前的顾虑。
achun1999,美容护肤,"纯哥,我要控油的面霜",1,该用户是在向主播“纯哥”明确表达自己想要购买一款具有控油功能的面霜的需求。
achun1999,美容护肤,真不能再看了[捂脸],0,该用户想表达自己已经被商品吸引到难以自控，但又担心继续看下去会忍不住冲动消费的矛盾心理。
achun1999,美容护肤,就等洗发水了没抢到,1,该用户因未能抢购到心仪的洗发水而感到遗憾和急切，希望直播间能尽快补货或再次上架。
achun1999,美容护肤,生日礼物生日礼物,0,该用户可能在急切地询问或暗示主播推荐适合作为生日礼物的产品。
achun1999,美容护肤,洗面奶,1,该用户可能在询问或暗示对直播间正在介绍的洗面奶产品感兴趣，希望了解更多信息或参与购买。
achun1999,美容护肤,我还是上午,0,该用户可能想表达自己从上午开始就一直在观看直播但还没抢到心仪商品。
achun1999,美容护肤,控油么阿纯,1,"该用户是在询问主播""阿纯""某款产品是否具有控油功效，可能是针对之前有人提到的控油面霜或其他护肤产品的具体功能确认。"
achun1999,美容护肤,试试不上班,0,该用户可能在调侃主播工作时间不固定，暗示自己也想像主播一样自由安排作息，不用按时上班。
achun1999,美容护肤,"此生Z大场,机制仅此一次",0,该用户想表达的含义是：这次直播的优惠力度空前绝后，是绝对不能错过的抢购机会。
achun1999,美容护肤,没有沐浴露吗,1,该用户是在询问直播间是否有售卖沐浴露产品，表现出对该商品的购买兴趣或需求。
achun1999,美容护肤,"我选了下银行卡,没了",1,该用户想表达的含义是：自己已经选择了银行卡支付方式但商品却瞬间售罄了。
achun1999,美容护肤,这福袋到底就是中不了,0,该用户可能因多次参与福袋抽奖却未能中奖而感到失望和无奈，表达了对活动机制或自身运气的抱怨情绪。
achun1999,美容护肤,生日礼物生日礼物生日礼物,0,该用户可能在直播间看到适合作为生日礼物的商品，因此通过重复弹幕来询问或强调自己需要相关推荐。
achun1999,美容护肤,打电话好的好的,0,该用户可能是对主播提到的某个促销活动或产品信息表示认可并准备参与，比如同意通过电话下单或咨询。
achun1999,美容护肤,太给力了,0,该用户想表达的含义是：直播间的优惠力度或产品效果让人非常满意和兴奋。
achun1999,美容护肤,"大卡了,没买到",1,该用户因网络卡顿错过了心仪商品的抢购机会，感到遗憾和不甘。
achun1999,美容护肤,不能个样两个?,0,该用户可能在询问是否可以同时购买或使用两种不同的产品（或优惠）。
achun1999,美容护肤,网上说,0,该用户可能想引用网络上的评价或说法来求证产品的效果或口碑。
achun1999,美容护肤,没有了,1,该用户想表达的含义是：想要的商品已经售罄或没货了。
achun1999,美容护肤,没抢到,1,该用户想表达的是因手速或库存不足错过了心仪商品的遗憾情绪。
achun1999,美容护肤,生日礼物,0,该用户可能在询问或暗示主播推荐适合作为生日礼物的产品。
achun1999,美容护肤,洗面奶,1,该用户可能是在询问或关注直播间正在介绍的洗面奶产品，表达对这款商品的兴趣或想了解相关信息的意图。
achun1999,美容护肤,素颜霜,1,该用户可能在询问或关注直播中提到的素颜霜产品信息，暗示潜在的购买兴趣。
achun1999,美容护肤,怎么用怎么用,1,该用户想表达的含义是：询问产品的具体使用方法或操作步骤。
achun1999,美容护肤,@雨里护肤品不分男女哦,0,该用户可能是想提醒主播或观众，护肤品的适用性不受性别限制，暗示产品可以面向更广泛的受众推广。
achun1999,美容护肤,收拾收拾是是是,0,该用户可能是在匆忙中误发或跟风刷屏，实际并未表达明确的购买意向，更多是参与弹幕互动的随意行为。
achun1999,美容护肤,盛世炜虹文化,0,该用户可能是想询问或确认直播中提到的“盛世炜虹文化”相关产品或活动的具体信息。
achun1999,美容护肤,男的能用吗,1,该用户是在询问产品是否适合男性使用，可能对商品性别适用性存在疑虑。
achun1999,美容护肤,孩子能用吗,1,该用户是在询问产品是否适合儿童使用，可能对产品的适用年龄或安全性存在疑虑。
achun1999,美容护肤,素颜霜上不,1,该用户想询问素颜霜是否已经上架或开始售卖。
achun1999,美容护肤,深层清洁有链接吗?,1,该用户想询问直播中提到的深层清洁产品是否有购买链接，表现出对该产品的具体购买意向。
achun1999,美容护肤,卸妆油,1,该用户可能在询问卸妆油的产品信息或购买链接。
achun1999,美容护肤,上洗面奶吃饭去了,1,该用户想表达的含义是：催促主播尽快上架洗面奶链接，自己要去吃饭没时间继续等待了。
achun1999,美容护肤,个样两个多好,0,该用户想表达的含义是：希望商品能提供两个装的购买选项。
achun1999,美容护肤,身体精油,1,该用户可能是在询问或表达对直播间正在介绍的身体精油产品的兴趣，比如想了解详情、询问使用方式或是否有购买链接。
achun1999,美容护肤,还啥时候,0,该用户想询问商品后续的补货或上架时间。
achun1999,美容护肤,生日快乐,0,该用户可能是看到直播中讨论生日礼物相关产品（如护肤品），顺势发送弹幕表达祝福以参与互动。
achun1999,美容护肤,收拾收拾,0,该用户可能是在催促主播尽快上架或展示下一款产品，暗示自己准备下单购买。
achun1999,美容护肤,沐浴露呢,1,该用户可能在询问主播何时展示或讲解沐浴露产品，表达了对沐浴露的兴趣或购买意向。
achun1999,美容护肤,蓬松吗?,1,该用户是在询问直播中展示的产品（可能是洗发水、假发或蓬松类美妆品）的蓬松效果如何。
achun1999,美容护肤,人参面霜,1,该用户可能在询问直播间是否有售卖人参面霜产品或想了解该产品的相关信息。
achun1999,美容护肤,沈叔叔,0,该用户可能在询问主播“沈叔叔”是否适合使用当前讨论的护肤品（如素颜霜或洗面奶），或是想确认该产品是否由“沈叔叔”代言/推荐。  （解析：前文弹幕集中在护肤品功能、适用人群等实用问题，且多次提及性别/年龄适配性（如“男的能用吗”），结合“沈叔叔”这一对男性昵称的突兀出现，可推测用户试图将产品与特定人物关联以确认适用性或可信度。）
achun1999,美容护肤,有没有好用的控油面霜?,1,该用户是在询问直播间是否有适合油性皮肤的控油效果好的面霜产品。
achun1999,美容护肤,有面膜没,1,该用户是在询问直播间是否有面膜产品在售或即将上架。
achun1999,美容护肤,买了买了,0,该用户看到直播中介绍的产品后决定下单购买。
achun1999,美容护肤,水乳水乳,1,该用户是在询问或催促主播介绍或上架水乳产品。
achun1999,美容护肤,是啥时候,0,该用户想询问当前直播中提到的某个产品（可能是面霜、精油等）的具体上架或促销时间。
achun1999,美容护肤,有护发精油吗,1,该用户是在询问直播间是否售卖护发精油产品。
achun1999,美容护肤,这怎么用的,1,该用户想询问产品的具体使用方法或操作步骤。
achun1999,美容护肤,"洗面奶,水乳",1,该用户是在询问或催促主播上架洗面奶和水乳产品的链接。
achun1999,美容护肤,我在等玫瑰精油,1,该用户想表达的含义是：询问主播玫瑰精油产品何时上架或是否已有购买链接。
achun1999,美容护肤,深层清洁有链接吗,1,该用户想询问当前介绍的深层清洁产品是否有购买链接，表现出对产品的具体兴趣和购买意向。
achun1999,美容护肤,啥时间睡觉呢,0,该用户可能在询问直播中提到的某款产品（如精油或面霜）的使用时间或推荐使用时段。
achun1999,美容护肤,洗面奶啊,1,该用户是在询问或确认当前直播中是否有洗面奶产品的相关信息或推荐。
achun1999,美容护肤,又没了,1,该用户想表达的是对商品再次售罄的失望和急切想购买的心情。
achun1999,美容护肤,是森玩,0,该用户可能在询问当前展示的产品是否是“森玩”品牌或系列。
achun1999,美容护肤,防晒防晒,1,该用户想表达的含义是：询问直播间是否有防晒产品推荐或购买链接。
achun1999,美容护肤,紫熨斗有清洁力吗,1,该用户是在询问产品“紫熨斗”是否具备清洁功能，可能是对其具体功效或用途存在疑问。
achun1999,美容护肤,伸缩式文件夹,1,该用户可能在询问直播间是否有伸缩式文件夹这款产品，或是想了解其功能和特点。
achun1999,美容护肤,微乳酸平衡霜微乳酸平衡霜微乳酸平衡霜微乳酸平衡霜微乳酸平衡霜微乳酸平衡霜微乳酸平衡霜微乳酸平衡霜微乳,1,该用户可能是在反复强调产品名称以表达强烈兴趣或催促主播详细介绍/上架该款微乳酸平衡霜。
achun1999,美容护肤,净肤哲学洗面奶,1,"该用户可能在询问或表达对""净肤哲学洗面奶""这款产品的兴趣，想了解产品详情或购买方式。"
achun1999,美容护肤,纯啊洗面奶,1,"该用户想表达的含义是：询问主播当前介绍的洗面奶是否是纯氨基酸配方的洁面产品。  （结合前文高频出现的""洗面奶""相关讨论及护肤成分提问语境，用户用缩略语""纯啊""指代""纯氨基酸""，聚焦产品成分特性而非单纯提及品类）"
achun1999,美容护肤,沐浴油,1,该用户可能在询问直播间是否有沐浴油产品，或是想了解当前展示的沐浴油相关信息。
achun1999,美容护肤,"那要分开洗吗,一个洗头皮,一个洗头发",1,该用户可能在询问洗发产品的使用方法，想知道是否需要分别使用两种产品来清洁头皮和头发。
achun1999,美容护肤,主播我看好你,0,该用户想表达的含义是：对主播的信任和支持，可能暗示愿意购买其推荐的产品。
achun1999,美容护肤,"洗面奶,洗面奶",1,该用户急切地询问或催促主播介绍洗面奶产品，可能是对当前讨论的洗面奶品类有强烈兴趣或购买意向。
achun1999,美容护肤,能在加不,1,该用户想询问商品是否可以补货或增加库存。
achun1999,美容护肤,黑玫瑰精油,1,该用户可能在询问或暗示对黑玫瑰精油产品的购买意向，呼应前面关于玫瑰精油的讨论和直播间护肤品的主题。
achun1999,美容护肤,没买到,1,该用户想表达的是对某款已售罄商品的遗憾和购买意愿。
achun1999,美容护肤,老板敞亮,0,该用户可能在称赞主播给出的优惠或福利大方实在，表达对当前促销活动的满意和认可。
achun1999,美容护肤,卸妆油卸妆油卸妆油卸妆油卸妆油卸妆油卸妆油卸妆油卸妆油卸妆油卸妆油,1,该用户迫切希望主播上架或讲解卸妆油产品，可能是看到其他观众频繁刷洗面奶等清洁类产品后产生的强烈需求表达。
achun1999,美容护肤,平衡霜还上嘛,1,该用户想询问主播是否还会再次上架微乳酸平衡霜这款产品。
achun1999,美容护肤,生日礼物[流泪][捂脸],0,该用户可能是看到直播间的洗护产品或礼物类商品后，联想到适合作为生日礼物并表达感动情绪。
achun1999,美容护肤,是阿纯,0,该用户可能在询问或确认主播提到的产品是否是“阿纯”品牌的洗面奶（结合前文频繁出现的“洗面奶”及“纯啊洗面奶”等关联词）。
achun1999,美容护肤,一年哦,0,该用户可能在询问或确认产品的保质期是否为一年。
achun1999,美容护肤,烧水壶,1,该用户可能是在询问或暗示主播展示或推荐一款烧水壶产品。
achun1999,美容护肤,太给力了生日礼物生日礼物生日礼物,1,该用户想表达的含义是：这款产品非常适合作为生日礼物，让我非常心动想购买。
achun1999,美容护肤,人参面霜,1,该用户可能是在询问或表达对直播间提到的“人参面霜”产品的兴趣，想了解详情或希望主播介绍该产品。
achun1999,美容护肤,牙膏呢,1,该用户可能在询问主播当前或接下来是否会介绍或上架牙膏产品。
achun1999,美容护肤,把果酸身体凝露换成果酸精华呗[流泪][流泪][流泪][流泪],1,该用户希望主播能将当前推荐的产品从果酸身体凝露替换成果酸精华，并透露出对精华产品的强烈渴望和遗憾情绪。
achun1999,美容护肤,黑玫瑰,1,该用户可能是在询问或提及之前出现的“黑玫瑰精油”产品，表达对该商品的兴趣或想进一步了解相关信息。
achun1999,美容护肤,素颜霜,1,该用户可能在询问或暗示对直播间提到的素颜霜产品感兴趣，希望主播介绍或上架该商品。
achun1999,美容护肤,沐浴露,1,该用户可能在询问或暗示对直播间正在介绍的沐浴露产品感兴趣，希望主播详细介绍或上架该商品。
achun1999,美容护肤,上色哥哥,0,该用户可能在催促主播上架或介绍某款名为“色哥哥”的美妆或护肤产品（如口红、彩妆等）。
achun1999,美容护肤,"人参面霜,快点",1,该用户急切催促主播尽快上架或介绍人参面霜这款产品。
achun1999,美容护肤,啥时候上完,1,该用户可能在询问当前展示商品的轮换节奏，暗示对后续产品的期待或对当前环节的不耐烦。
achun1999,美容护肤,生日礼物,0,该用户可能是在询问或暗示主播是否有适合作为生日礼物的产品推荐，或是希望主播能提供相关商品的优惠信息。
achun1999,美容护肤,生日礼物生日礼物,0,该用户想表达的含义是：迫切希望主播推荐或上架适合作为生日礼物的产品。
achun1999,美容护肤,是啥姑姑,0,该用户可能是想询问主播提到的某个产品（如“人参面霜”或“素颜霜”）的具体信息或购买方式。
achun1999,美容护肤,额是是是,0,该用户可能是在敷衍附和主播的提问或催促，表现出一种心不在焉的随意态度。
achun1999,美容护肤,能控油么阿纯,1,该用户是在询问主播（阿纯）当前展示的产品是否具有控制油脂的功能。
achun1999,美容护肤,买买睡着了[捂脸]防晒上一下,1,该用户想表达的含义是：虽然自己因购物疲劳而犯困，但仍对防晒产品有强烈购买需求并催促商家尽快上架。
achun1999,美容护肤,必买必买必买必买必买必买必买必买必买必买必买必买必买必买必买必买必买必买必买,0,该用户通过重复强调“必买”表达强烈的购买意愿和兴奋情绪，可能是对当前直播中正在介绍或刚上架的产品产生了极高的兴趣和抢购冲动。
achun1999,美容护肤,收拾收拾,0,该用户可能是在催促主播加快节奏或准备上架商品，表达一种“赶紧的，别磨蹭”的急切心情。
achun1999,美容护肤,上洗发水,1,该用户是在催促主播尽快上架洗发水产品，表现出明确的购买意向和急切需求。
achun1999,美容护肤,净肤哲学氨基酸洗面奶今天有吗?,1,该用户是在询问直播间是否会上架或推荐这款洗面奶产品，表现出明确的购买意向和需求。
achun1999,美容护肤,上面霜上面霜上面霜上面霜上面霜,1,该用户急切催促主播尽快上架或详细介绍面霜产品。
achun1999,美容护肤,"牙膏牙刷,牙膏牙刷,牙膏牙刷,牙膏牙刷,牙膏牙刷,牙膏牙刷,牙膏",1,该用户急切催促主播尽快上架或介绍牙膏牙刷产品，可能是对当前反复提及的其他商品感到不耐烦，或担心错过自己需要的日用品促销。
achun1999,美容护肤,磨砂膏没抢到,1,该用户因未能成功购买到磨砂膏而感到遗憾，并透露出对该产品的强烈购买意愿。
achun1999,美容护肤,来一波洗面奶呗,1,"该用户希望主播尽快推荐或上架洗面奶产品。  （结合前文语境可见直播间正在密集讨论护肤品，用户多通过简短句式直接催促上架特定商品，""来一波""是典型直播带货场景中的催促话术，与""上面霜""""上洗发水""等同类弹幕表达动机一致，属于明确的购买意向表达。）"
achun1999,美容护肤,柔肤水,1,该用户可能在询问或催促主播介绍/上架柔肤水产品。
achun1999,美容护肤,儿童可以用吗,1,该用户是在询问直播中介绍的产品是否适合儿童使用，可能对当前展示的某款护肤品或洗护用品产生了兴趣并考虑为孩子购买。
achun1999,美容护肤,牙膏呢,1,该用户是在催促主播尽快上架或介绍牙膏产品。
achun1999,美容护肤,哇哈哈哈,0,该用户可能因直播间氛围热烈或看到有趣互动而发出兴奋的笑声，表达一种轻松愉悦的参与感。
achun1999,美容护肤,气垫有吗,1,该用户是在询问直播间是否有气垫类产品上架或售卖。
achun1999,美容护肤,"洗面奶,洗面奶",1,该用户急切地催促主播尽快上架或介绍洗面奶产品。
achun1999,美容护肤,"洗发水在加点,没抢到",1,该用户因错过之前的洗发水促销而感到遗憾，希望主播能尽快补货上架。
achun1999,美容护肤,睡觉睡觉睡觉,0,该用户想表达的含义是：对当前直播内容不感兴趣或感到无聊，打算退出观看去休息。
achun1999,美容护肤,黑玫瑰精油了,1,该用户可能在询问或催促主播介绍/上架黑玫瑰精油产品，表达对该商品的购买兴趣或需求。
achun1999,美容护肤,阿纯我想要之前那个摸身上的没抢到上点吧,1,"该用户想表达的是：希望主播重新上架之前错过的身体磨砂膏产品。  （结合前文""磨砂膏没抢到""和其他用户反复催促补货的语境，可推断目标弹幕中的""摸身上的""指身体护理类产品，且用户明确表达了因缺货未能购买到的遗憾和补货需求。）"
achun1999,美容护肤,洗面奶呢?,1,该用户是在询问直播间是否会上架或介绍洗面奶产品，表现出对洗面奶的购买兴趣和需求。
achun1999,美容护肤,冷凝胶,1,该用户可能在询问或催促主播上架“冷凝胶”产品，表达对该商品的购买兴趣或需求。
achun1999,美容护肤,男的可以用么????,1,该用户可能在询问当前介绍的产品是否适合男性使用，表现出对产品适用性的潜在购买兴趣。
achun1999,美容护肤,两三点才睡,0,该用户可能是在抱怨直播时间太晚导致自己熬夜，暗示希望主播加快节奏或早点结束。
achun1999,美容护肤,实际上就是,0,该用户可能是在质疑或补充说明前面提到的某款产品，暗示其实际功效或成分与宣传不符，或想指出产品本质较为普通。
achun1999,美容护肤,@KKK.护肤品不分男女哦,0,该用户想表达的含义是：护肤品的使用不受性别限制，男性也可以购买和使用这些产品。
achun1999,美容护肤,牙膏牙膏牙膏,1,该用户可能在催促主播上架或介绍牙膏产品，表现出明确的购买意向或对牙膏的关注。
achun1999,美容护肤,黑玫瑰精油????,1,该用户可能是对主播提到的“黑玫瑰精油”产品产生了兴趣，正急切询问相关详情或要求上架购买。
achun1999,美容护肤,撒啥叫,0,该用户可能是在询问主播提到的某款产品（如“黑玫瑰精油”）的具体名称或发音，表达了对该产品的兴趣但没听清或记不清名字。
achun1999,美容护肤,从开播买到现在生日礼物生日礼物生日礼物,1,该用户想表达的含义是：从直播开始就一直在购买商品，现在想为生日挑选礼物。
achun1999,美容护肤,睡午觉我就,0,该用户想表达的含义是：等睡完午觉再来参与直播购物。
achun1999,美容护肤,我三姐,0,该用户可能是想询问某款产品是否适合她的三姐使用，或替三姐表达购买意向。
achun1999,美容护肤,我三姐晚上,0,该用户可能是在询问主播关于“我三姐”这款产品（或相关商品）的晚间促销信息或使用效果。
achun1999,美容护肤,磨砂膏,1,该用户可能在询问或要求主播介绍或上架磨砂膏产品。
achun1999,美容护肤,VC热感还有吗VC热感还有吗VC热感还有吗VC热感还有吗VC热感还有吗VC热感还有吗,1,该用户急切询问直播间是否还有“VC热感”这款产品库存，表现出强烈的购买意愿和重复刷屏的迫切心态。
achun1999,美容护肤,呜呜呜我就是,0,该用户想表达的含义是：我也没抢到之前想要的产品，感到非常遗憾和着急。
achun1999,美容护肤,@阿纯（正在生日盛典院线开业黑玫瑰多会上,0,该用户可能在催促主播尽快上架黑玫瑰精油产品，并询问具体的开售时间。
achun1999,美容护肤,洗面奶是开价了的吗,1,"该用户是在询问洗面奶是否已经进入优惠促销环节（""开价""可能是""开售特价""的口语化表达）。"
achun1999,美容护肤,不买都可惜不买都可惜不买都可惜不买都可惜不买都可惜不买都可惜,0,该用户想表达的含义是：这款产品性价比极高，强烈推荐大家购买，错过会非常遗憾。
achun1999,美容护肤,苏苏午好,0,该用户是在向主播“苏苏”打招呼问候，表达友好互动意愿而非直接购买兴趣。
achun1999,美容护肤,生日礼物,0,该用户可能在询问直播间是否有适合作为生日礼物的推荐商品，或是暗示自己需要挑选生日礼物。
achun1999,美容护肤,每天熬夜,0,该用户可能在暗示自己因熬夜导致皮肤问题，从而对直播间推荐的护肤品产生潜在需求。
achun1999,美容护肤,收拾收拾,0,该用户可能是在表达准备下单购买的意思，暗示自己正在整理购物车或做好购买前的准备工作。
achun1999,美容护肤,主播幽默,0,该用户想表达的含义是：主播的搞笑风格增强了观看体验，可能间接提升了对直播内容的兴趣。
achun1999,美容护肤,四射手,0,该用户可能是在询问或调侃直播间的产品组合，比如“四个射手英雄”相关的游戏周边或某种以“四射手”为卖点的促销套装。
achun1999,美容护肤,洗面奶,1,该用户可能在询问当前提到的洗面奶是否属于促销商品或关注其价格优惠信息。
achun1999,美容护肤,读读书,0,该用户可能是在询问直播间是否有书籍类商品或相关推荐。
achun1999,美容护肤,额几点就睡觉,0,该用户可能是在询问直播结束时间或表达自己因熬夜想早点休息的意图，暗示对当前直播内容兴趣不高。
achun1999,美容护肤,额是是是,0,该用户可能是在敷衍回应主播的互动或对当前讨论话题兴趣不大，用随意附和的方式表达一种心不在焉的态度。
achun1999,美容护肤,五额呜呜,0,该用户可能是在表达对某个产品（如VC热感或洗面奶）的急切购买意愿或抢购焦虑，类似“这个我必须要抢到啊”的激动情绪。  （结合前文高频出现的“VC热感”“不买都可惜”等关键词，用户情绪多围绕商品稀缺性和消费冲动，且“呜呜”类拟声词常用来强化迫切感，故推断为对商品的强烈需求表达。）
achun1999,美容护肤,的社会,0,该用户可能是在快速输入时误触发送了未完成的句子，实际想表达的是“这个产品适合社交场合使用”。  （结合前文弹幕中频繁出现的具体产品名（如VC热感、洗面奶）和促销氛围（如“不买都可惜”），推测用户意图与产品功能或使用场景相关，但表达因输入中断而显得碎片化。）
achun1999,美容护肤,"@阿纯（正在生日盛典院线开业黑玫瑰精油还不上吗,四个多小时了等了",0,该用户是在催促主播尽快上架黑玫瑰精油产品，表达了对该商品的强烈期待和等待时间过久的不满情绪。
achun1999,美容护肤,跟了四个多小时了,0,该用户想表达的是：已经耐心等待直播中的商品上架很久了，但迟迟未等到，有些焦急和不耐烦。
achun1999,美容护肤,都觉得几点结束额呵呵呵,0,该用户可能是在不耐烦地询问直播结束时间，并略带调侃地表达自己已经等待了许久。
achun1999,美容护肤,额呵呵呵,0,"该用户想表达的含义是：对直播内容感到无聊或不耐烦，用敷衍的语气回应主播或互动节奏。  （结合前文语境，直播间讨论节奏较混乱，且有用户抱怨等待时间过长，目标弹幕以重复语气词""额呵呵呵""传递消极情绪，可能是对直播拖沓或话题无趣的吐槽。）"
achun1999,美容护肤,都觉得几点结束,0,该用户想询问直播预计的结束时间，可能是在考虑是否继续观看或参与后续活动。
achun1999,美容护肤,卸妆油,1,该用户可能在询问或催促主播介绍卸妆油产品，表现出对这款商品的兴趣或购买意向。
achun1999,美容护肤,生日礼物,0,该用户可能在询问或暗示主播推荐适合作为生日礼物的商品。
achun1999,美容护肤,牙膏上不上,1,该用户是在催促主播尽快上架牙膏商品进行售卖。
achun1999,美容护肤,牙膏在哪里老板,1,该用户急切询问主播何时上架或展示牙膏产品，表现出明确的购买意向。
achun1999,美容护肤,素颜霜,1,该用户可能是在询问或催促主播介绍或上架素颜霜产品。
achun1999,美容护肤,主播我看好你,0,该用户想表达对主播的支持和信任，暗示愿意继续关注或购买其推荐的产品。
achun1999,美容护肤,水乳霜三件套有吗?,1,该用户是在询问直播间是否有售卖水乳霜三件套护肤产品。
achun1999,美容护肤,盛世炜虹文化,0,该用户可能在询问或催促某个名为“盛世炜虹文化”的产品是否会上架或何时开卖。
achun1999,美容护肤,打到几点就到家,0,该用户想询问直播结束的具体时间，以便估算自己能否及时收到购买的商品。
achun1999,美容护肤,我还有机会吗,0,该用户可能在询问直播间的促销活动或商品是否还有机会购买，表现出对特定产品的兴趣和抢购的紧迫感。
achun1999,美容护肤,中奖中奖,0,该用户可能在积极参与直播间的互动活动，希望通过发送弹幕增加自己被抽中奖品的概率。
achun1999,美容护肤,多喝点喝是是是酒是是是,0,该用户可能是在催促主播尽快上架酒类产品，并表达了对当前直播节奏拖沓的不满情绪。
achun1999,美容护肤,多喝点喝是是是酒,0,该用户可能是想催促主播尽快上架酒类产品，并表达了对直播拖延时间的不满情绪。
achun1999,美容护肤,的姐姐,0,该用户可能是想询问主播或直播间提到的某位“姐姐”相关的人物或产品信息，比如是否会上架与她相关的商品，或是好奇她的身份背景。
achun1999,美容护肤,想要金子,1,该用户想表达的是对直播间正在展示或即将上架的黄金饰品的购买意向。
achun1999,美容护肤,自己研发的啊,0,该用户可能是对主播提到的某款产品表示好奇，询问是否是品牌自主研发的。
achun1999,美容护肤,毯子毯子毯子毯子,1,该用户急切地询问或催促主播展示或讲解毯子产品。
achun1999,美容护肤,牙膏什么时候上,1,该用户是在询问牙膏产品何时开始售卖或展示。
achun1999,美容护肤,相信你,0,该用户想表达的含义是：对主播的推荐或产品表示信任和支持。
achun1999,美容护肤,生日礼物生日礼物,0,该用户可能在询问或催促主播介绍适合作为生日礼物的商品。
achun1999,美容护肤,微乳酸平衡霜微乳酸平衡霜微乳酸平衡霜微乳酸平衡霜微乳酸平衡霜微乳酸平衡霜微乳酸平衡霜微乳酸平衡霜微乳,1,该用户可能是在急切询问或强调某款名为“微乳酸平衡霜”的产品是否会上架或何时开售，表达强烈的购买意愿或对产品的关注。
achun1999,美容护肤,花了4000多了,0,该用户想表达的含义是：我已经在这场直播中消费了相当多的金额，可能有些犹豫或感慨。
achun1999,美容护肤,创始人,0,该用户可能在询问或提及品牌创始人的相关信息，表达对产品背景或品牌故事的关注兴趣。
achun1999,美容护肤,阿纯好专业,0,该用户想表达的含义是：对主播的专业能力和表现表示认可和赞赏。
achun1999,美容护肤,大气大气,0,该用户可能在称赞主播的表现或产品展示很有格调、上档次。
achun1999,美容护肤,收拾收拾,0,该用户可能是在催促主播加快节奏或准备进入下一个商品介绍环节。
achun1999,美容护肤,"看你卖的东西,我家里都有好爽",0,该用户想表达的含义是：看到直播售卖的商品都是自己已经拥有的，感到满足和庆幸。
achun1999,美容护肤,中个奖[呲牙],0,该用户希望通过参与抽奖活动获得直播间的赠品或优惠。
achun1999,美容护肤,果酸润颜精华液有吗,1,该用户是在询问直播间是否售卖“果酸润颜精华液”这款产品，表现出明确的购买意向或对商品的兴趣。
achun1999,美容护肤,生日礼物生日礼物,0,该用户可能在暗示主播推荐适合作为生日礼物的商品，或询问当前展示的产品是否适合送人生日。
achun1999,美容护肤,好用神器,1,该用户认为直播中展示的产品非常实用且效果出色，表达了对商品的强烈认可和购买意向。
achun1999,美容护肤,中个奖吧,0,该用户希望通过参与直播间的抽奖活动获得免费产品或福利。
achun1999,美容护肤,福袋能中吗没中过[捂脸],0,该用户是在调侃自己从未中过福袋，同时流露出对参与抽奖活动的兴趣和期待。
achun1999,美容护肤,想中奖,0,该用户希望通过参与直播间的抽奖活动获得赠品或福利。
achun1999,美容护肤,我太需要了,1,该用户想表达的是对当前直播产品的强烈渴望和迫不及待想要拥有的心情。
achun1999,美容护肤,生日礼物,0,该用户可能在询问直播间是否有适合作为生日礼物的产品推荐。
achun1999,美容护肤,给我中,0,该用户希望自己能成为直播间的中奖幸运者。
achun1999,美容护肤,"哎,没钱的苦",0,该用户可能在感叹自己因经济限制无法参与直播间的促销活动或购买心仪商品。
achun1999,美容护肤,这个和泥膜怎么选,1,该用户可能在对比两款产品的功效或适用性，希望主播能给出选购建议。
achun1999,美容护肤,黑玫瑰精油,1,该用户可能是在询问或表达对直播间提到的“黑玫瑰精油”产品的兴趣或购买意向。
achun1999,美容护肤,香皂在哪里老板,1,该用户是在询问主播当前展示或提到的香皂产品的具体购买链接或位置，表现出明确的购买意向和急切想找到商品的心理。
achun1999,美容护肤,阿奇啊啊啊,0,该用户可能在兴奋地表达对主播或产品的强烈喜爱和追捧。
achun1999,美容护肤,让我中奖一次吧!中奖[比心][爱心],0,该用户主要是在表达强烈的抽奖参与意愿和渴望被选中的心情，同时用表情符号传递友好热情的态度。
achun1999,美容护肤,身体乳有吗,1,该用户是在询问直播间是否有售卖身体乳产品，表现出对这类商品的潜在购买兴趣。
achun1999,美容护肤,中中中福袋,0,该用户急切希望自己能抽中直播间的福袋奖品。
achun1999,美容护肤,生日快乐,0,该用户可能是借生日祝福的名义暗示主播发放福利或抽奖机会。
achun1999,美容护肤,"姜黄这个,我同事都夸我皮肤变白了,变亮了!!",0,该用户想表达的含义是：姜黄产品效果显著，使用后肤色明显改善，获得了周围人的认可。
achun1999,美容护肤,每个都想买,1,该用户被直播间的产品展示强烈吸引，产生了强烈的购买冲动和难以取舍的心理。
achun1999,美容护肤,"哈哈哈,从来不中",0,该用户想表达的含义是：虽然积极参与抽奖但从未被幸运眷顾的无奈自嘲。
achun1999,美容护肤,一点没错,0,该用户是在赞同主播之前介绍的某款产品的功效或推荐理由。
achun1999,美容护肤,生日礼物好人大气,1,该用户可能是在夸赞主播推荐的生日礼物很实用大方，暗示自己也有兴趣购买或觉得适合送人。
achun1999,美容护肤,来啦来啦到了,0,该用户想表达的含义是：自己已经准时到达直播间并参与互动。
achun1999,美容护肤,水光乳,1,该用户可能在询问或表达对直播间提到的“水光乳”产品的兴趣，想了解详情或考虑购买。
achun1999,美容护肤,微乳酸平衡霜微乳酸平衡霜微乳酸平衡霜微乳酸平衡霜微乳酸平衡霜微乳酸平衡霜微乳酸平衡霜微乳酸平衡霜微乳,1,该用户可能因产品功效或他人推荐产生强烈兴趣，通过重复产品名称强调购买意向或催促主播详细介绍。
achun1999,美容护肤,果酸身体乳[流泪][流泪],1,"该用户想表达的含义是：对果酸身体乳非常心动但可能因价格或库存问题感到遗憾和渴望。  （结合前文“我太需要了”“身体乳有吗”等需求表达，以及“哎,没钱的苦”“让我中奖一次吧”等经济压力或抢购焦虑的语境，推测用户通过流泪表情强化对产品的强烈兴趣和现实限制间的矛盾心理。）"
achun1999,美容护肤,阿弥陀佛中个福袋吧神兵斗者阵列皆在前行妈咪妈咪哄,0,该用户是在用夸张的祈福用语表达强烈希望抽中福袋的愿望，本质上是在参与直播间的互动抽奖活动。
achun1999,美容护肤,看一天了,0,该用户想表达的含义是：已经持续观看直播很久并对某些商品产生了购买兴趣。
achun1999,美容护肤,我也喜欢这个,0,该用户可能是在认同主播推荐的产品或赞同其他观众的评价，表达自己对该商品的兴趣和好感。
achun1999,美容护肤,生日礼物生日礼物,0,该用户可能在暗示希望主播推荐适合作为生日礼物的产品，或是表达自己正在为挑选生日礼物而关注直播间的商品。
achun1999,美容护肤,毯子咋送的???,0,该用户想询问毯子的配送方式或赠品规则。
achun1999,美容护肤,这个和人参水乳谁强,1,该用户想询问当前介绍的产品与人参水乳相比哪个效果更好或更值得购买。
achun1999,美容护肤,阿纯生日快乐,0,该用户是在直播间参与生日祝福互动，可能是对主播或品牌方的生日祝贺，也可能是借生日话题参与抽奖或福利活动。
achun1999,美容护肤,面霜敏敏肌可以用码,1,该用户是在询问面霜是否适合敏感肌肤使用，表现出对产品的具体需求和购买意向。
achun1999,美容护肤,钱包空了,0,该用户想表达的含义是：直播间的商品太吸引人，我已经忍不住买了很多东西，现在没钱了。
achun1999,美容护肤,孕妇可以用吗,1,该用户是在询问产品是否适合孕妇使用，表达了对产品安全性的关注和潜在的购买意向。
achun1999,美容护肤,我天天熬夜,0,该用户可能是在暗示自己因熬夜导致皮肤变差，从而对直播中提到的护肤品（如美白提亮类产品）产生了潜在购买兴趣。
achun1999,美容护肤,需要洗吗?,1,该用户可能是在询问直播中提到的某款护肤品是否需要先清洗再使用。
achun1999,美容护肤,控油面霜,1,该用户可能在询问这款控油面霜的具体功效或适用肤质，表现出对产品的潜在购买兴趣。
achun1999,美容护肤,西藏发货,0,该用户可能在询问或确认商品是否从西藏地区发货，隐含对物流时效或产地特色的关注。
achun1999,美容护肤,"@yong西藏,部分偏远地区可以联系商家客服哦",0,该用户是在回应关于西藏发货的疑问，暗示部分偏远地区的购买者可以通过联系客服确认是否支持配送。
achun1999,美容护肤,老好用了老好用了老好用了老好用了老好用了老好用了老好用了老好用了老好用了老好用了老好用了老好用了,1,该用户想表达的含义是：反复强调产品效果极佳，表现出强烈认可和推荐意愿。
achun1999,美容护肤,我要面膜,1,该用户想表达的是对直播中面膜产品的明确购买意向或需求。
achun1999,美容护肤,有素颜霜吗有素颜霜吗有素颜霜吗有素颜霜吗有素颜霜吗有素颜霜吗有素颜霜吗,1,该用户迫切想询问直播间是否售卖素颜霜产品，并通过重复刷屏的方式强调自己的需求，希望引起主播关注并得到回复。
achun1999,美容护肤,太炸了,0,该用户想表达的含义是：这款产品的效果或直播内容令人非常惊喜和兴奋。  （结合前文弹幕中频繁出现的产品名称、功效讨论以及“老好用了”等积极反馈，可推断“太炸了”是对产品效果或直播氛围的高度赞叹。）
achun1999,美容护肤,不熬夜可以天天用啥,1,该用户是在询问适合日常使用的非熬夜护肤产品，暗示对当前直播推荐的商品有潜在购买兴趣。
achun1999,美容护肤,男生可以用吗?,1,该用户是在询问直播中推荐的产品是否适合男性使用。
achun1999,美容护肤,@小忠忠护肤品不分男女哦,0,该用户是在回应或提醒他人护肤品适用性不受性别限制，可能针对之前关于“男生是否可用”的疑问进行补充说明。
achun1999,美容护肤,熬夜对身体不好,0,该用户可能是想询问主播推荐的产品是否适合熬夜人群使用，或暗示自己因熬夜需要相关产品。
achun1999,美容护肤,牙膏链接呢,1,该用户急切地询问牙膏产品的购买渠道，表现出明确的购买意向。
achun1999,美容护肤,金手链手链手链手链手链手链手链手链手链手链,1,该用户想表达的含义是：强烈表现出对金手链的浓厚兴趣和购买欲望。  （结合前文弹幕中频繁出现的重复句式（如“老好用了”“有素颜霜吗”）和直接需求表达（如“我要面膜”“牙膏链接呢”），可推断用户通过重复关键词“手链”来强调关注，可能是催促主播展示、询问详情或希望获取购买链接。）
achun1999,美容护肤,好久没中过福袋了[流泪],0,该用户可能是在感叹自己运气不佳，同时对直播间抽奖活动表现出参与兴趣，隐含希望下次能被抽中的期待。
achun1999,美容护肤,去黑头买哪个呀?,1,该用户是在询问直播间推荐哪款产品适合解决黑头问题，表达了对去黑头产品的购买意向和选择困惑。
achun1999,美容护肤,老好用了老好用了老好用了老好用了老好用了老好用了老好用了,1,该用户想表达的含义是：对产品效果非常满意并强烈推荐。
achun1999,美容护肤,"洗面奶,洗面奶",1,该用户可能是在急切询问或强调想了解洗面奶的相关信息，比如产品功效、适用人群或购买链接。
achun1999,美容护肤,这个能敷一晚上么,1,该用户可能在询问产品是否可以长时间使用或是否需要频繁更换，隐含对产品功效和耐用性的关注。
achun1999,美容护肤,果酸身体乳,1,该用户可能在询问直播间是否有果酸身体乳产品或想了解相关产品的功效和使用方式。
achun1999,美容护肤,吃土吃饱了都哈哈哈哈哈,0,该用户想表达的含义是：虽然很喜欢这些商品但已经买太多没钱了，用自嘲的方式调侃自己的消费行为。
achun1999,美容护肤,福袋呢,0,该用户可能在询问或催促主播发放直播间的福利赠品（福袋）。
achun1999,美容护肤,油皮能用吗,1,该用户是在询问产品是否适合油性皮肤使用，隐含对产品功效的关注和潜在的购买意向。
achun1999,美容护肤,没抢到,0,该用户想表达的含义是：对未能成功购买到心仪商品感到遗憾和失落。  （结合前文弹幕中频繁出现的商品询问、抢购氛围以及“福袋”“链接”等关键词，可推断直播间存在限时促销或热门商品抢购场景，“没抢到”反映了用户因手速或库存问题错失机会的挫败感。）
achun1999,美容护肤,在送一瓶,1,该用户可能是在询问或确认当前商品是否有“买一送一”的促销活动。
achun1999,美容护肤,生日礼物,0,该用户可能在询问直播间是否有适合作为生日礼物的商品推荐。
achun1999,美容护肤,果酸身体乳果酸身体乳果酸身体乳果酸身体乳果酸身体乳果酸身体乳果酸身体乳果酸身体乳果酸,1,该用户想表达的含义是：迫切询问或强烈关注果酸身体乳的相关信息或购买链接。
achun1999,美容护肤,"西藏不发货,中个福袋吧",0,该用户因所在地区无法购买商品，转而希望通过参与福袋抽奖获得福利。
achun1999,美容护肤,洗面奶,1,该用户可能在询问或关注直播间推荐的洗面奶产品信息。
achun1999,美容护肤,"@yong西藏,部分偏远地区可以联系商家客服哦",0,该用户是在提醒西藏等偏远地区的观众可以主动联系客服咨询是否支持发货。
achun1999,美容护肤,让我中奖一次吧!中奖[比心][爱心],0,该用户希望通过参与直播间的抽奖活动获得奖品，并流露出对中奖的渴望和期待情绪。
achun1999,美容护肤,因为卖的不好,0,该用户可能是在质疑商品销量不佳的原因，或是委婉表达对产品缺乏吸引力的不满。
achun1999,美容护肤,"为啥捆绑,不能卖一瓶试试",1,该用户对产品捆绑销售的方式感到不满，希望能提供单瓶购买的选项以便试用。
achun1999,美容护肤,@高冷护肤品不分男女哦,0,该用户想表达的含义是：护肤品的使用不应受性别限制，暗示对产品适用性的关注或认同。
achun1999,美容护肤,护肤不分男女,0,该用户想表达的含义是：护肤品的使用并不需要区分性别，男性也可以关注和购买这类产品。
achun1999,美容护肤,以后买不到,0,该用户可能担心产品即将断货或下架，表达出错过购买机会的焦虑和迫切想要入手的心情。
achun1999,美容护肤,发福袋啊老板,0,"该用户希望主播尽快发放促销福利以增加参与感或获得实惠。  （解析：结合前文多次出现的""福袋""诉求及互动氛围，用户动机偏向获取奖励而非直接购买意向，属于活跃直播间氛围的常见互动行为。）"
achun1999,美容护肤,"蹲了好久终于等到了,一直用皮肤很好,效果很好",1,该用户想表达的含义是：经过长时间等待终于抢到了心仪的产品，并且对之前使用效果非常满意。
achun1999,美容护肤,抹完用洗脸了吗抹完用洗脸了吗抹完用洗脸了吗抹完用洗脸了吗,1,该用户可能是在询问使用产品后是否需要洗脸，表现出对产品使用方法的关注和潜在的购买犹豫。
achun1999,美容护肤,赚钱谁会停产,0,该用户是在质疑产品停产的合理性，认为只要还能盈利就不应该停止生产。
achun1999,美容护肤,别介啊,0,该用户可能是在表达对主播或直播间某项安排（如停止优惠、结束活动等）的失望或劝阻情绪，希望对方不要这样做。
achun1999,美容护肤,牙膏呢,1,该用户可能在询问直播间是否会上架或展示牙膏产品，表达了对牙膏的关注或购买意向。
achun1999,美容护肤,洗发水讲了吗?,1,该用户是在询问直播中是否已经介绍过洗发水的相关信息，可能对这款产品感兴趣或想确认是否错过讲解环节。
achun1999,美容护肤,",啊哈哈哈哈哈",0,该用户可能被直播间的欢乐氛围或主播的幽默表现逗乐，用大笑表达放松愉悦的情绪，但并未直接体现购买意向。
achun1999,美容护肤,这么好还停产????,0,该用户对产品停产表示惊讶和遗憾，认为产品优质却停止销售是不合理的。
achun1999,美容护肤,@我有肚早干净了[捂脸],0,该用户可能是在调侃或自嘲自己已经提前清空了购物车（“肚”谐音“剁”，指剁手购物），表示已经没有购买需求了。
achun1999,美容护肤,牙膏牙膏牙膏牙膏牙膏牙膏牙膏,1,该用户可能在催促主播尽快介绍或上架牙膏产品，表现出对牙膏的强烈关注和购买意愿。
achun1999,美容护肤,油皮呢,1,该用户可能在询问直播间是否有适合油性皮肤的产品推荐或优惠活动。
achun1999,美容护肤,水乳哈,1,该用户可能在询问或确认当前直播中提到的“水乳”产品信息，表达了对这款护肤品的关注或购买意向。
achun1999,美容护肤,保质期呢,1,该用户是在询问产品的保质期信息，表现出对商品质量和存放时间的关注，暗示潜在的购买意向。
achun1999,美容护肤,油皮呢?,1,该用户是在询问直播推荐的产品是否适合油性皮肤使用。
achun1999,美容护肤,"西藏不发货,中个福袋吧西藏不发货,中个福袋吧",0,该用户因所在地西藏无法收货而感到遗憾，转而希望通过参与福袋抽奖来弥补无法购买的失落。
achun1999,美容护肤,这个超级好用的生日礼物,1,该用户认为直播中展示的产品非常适合作为生日礼物推荐给他人，并隐含了购买意向。
achun1999,美容护肤,亏死啦,0,"该用户可能是在调侃或抱怨商品价格太低，暗示主播这次促销力度太大要""亏本""了。"
achun1999,美容护肤,敏敏肌能用吗,1,该用户是在询问产品是否适合敏感肌肤使用。
achun1999,美容护肤,"此生Z大场,机制仅一次",0,该用户想表达的含义是：这次直播的优惠力度是品牌史上最大的，而且这种促销机制以后不会再有了。
achun1999,美容护肤,我要中福袋,0,该用户希望通过参与抽奖活动获得免费赠品。
achun1999,美容护肤,老好用了老好用了老好用了老好用了老好用了老好用了老好用了,1,该用户想表达的含义是：这款产品效果非常好，强烈推荐给大家。
achun1999,美容护肤,人参面霜,1,"该用户可能是在询问或提及直播间正在介绍的人参面霜产品，表达对该产品的兴趣或想了解其功效/适用性。  （结合前文弹幕中频繁出现对具体产品的提问（如""牙膏""""洗发水""""油皮呢""）以及使用体验的讨论（如""老好用了""），可推断当前语境是观众围绕主播推荐的产品进行互动，""人参面霜""更可能是主动关注而非无关刷屏。）"
achun1999,美容护肤,亏的我都去吃屎,0,该用户是在用夸张的语气表达对商品超低价格的震惊，认为商家简直是在亏本促销。
achun1999,美容护肤,"西藏不发货,中个福袋吧西藏不发货,中个福袋吧西藏不发货,中个福袋吧",0,该用户因所在地区（西藏）无法收货而感到失望，转而希望通过参与福袋抽奖获得补偿或替代性福利。
achun1999,美容护肤,孕妈能用吗,1,该用户是在询问当前直播推荐的产品是否适合孕妇使用，表现出对产品安全性的关注和潜在的购买意向。
achun1999,美容护肤,和去年一样,0,该用户可能是在确认当前推荐的产品与去年同款是否完全一致，暗示对这款产品有熟悉度和潜在购买意愿。
achun1999,美容护肤,"洗面奶,洗面奶",1,该用户可能在急切询问或强调想要了解/购买直播中提到的洗面奶产品。
achun1999,美容护肤,真有破产了,0,该用户想表达的含义是：这款产品性价比高到让人感觉商家在做亏本促销。
achun1999,美容护肤,优惠太大了,0,该用户被当前的折扣力度所吸引，认为促销优惠超出了预期。
achun1999,美容护肤,没抢到,1,该用户想表达的是对未能成功购买到心仪商品的遗憾和失落情绪。
achun1999,美容护肤,哺乳期能用吗,1,该用户是在询问产品是否适合哺乳期女性使用，表达了对产品安全性的关注和潜在的购买意向。
achun1999,美容护肤,玫瑰精油,1,该用户可能是在询问或表达对直播中提到的玫瑰精油产品的兴趣，想了解其功效或适用性。
achun1999,美容护肤,洗的被家里,0,该用户想表达的含义是：这款洗面奶是否适合家庭日常使用。
achun1999,美容护肤,没钱了,0,该用户可能在感叹商品优惠力度大导致自己冲动消费超出预算，或是因抢购失败而无奈表示资金不足。
achun1999,美容护肤,什么时候上洗面奶呢?,1,该用户想表达的含义是：询问洗面奶产品的上架时间，表现出明确的购买意向和期待。
achun1999,美容护肤,"西藏不发货,中个福袋吧西藏不发货,中个福袋吧求求了",0,该用户因所在地区无法收货而转向参与福袋抽奖，表达了一种无奈又渴望获得补偿性福利的心理。
achun1999,美容护肤,抢到了[赞],0,该用户想表达的含义是：成功抢购到商品后感到兴奋并点赞。
achun1999,美容护肤,钱包有限了,0,该用户想表达的含义是：自己因为之前的抢购或消费已经花了不少钱，现在手头比较紧。
achun1999,美容护肤,"纯妈,会不会亏穷啦",0,该用户想表达的含义是：主播给出的优惠力度太大，担心商家会因此亏本。
achun1999,美容护肤,太快了,0,该用户想表达的含义是：商品上架或抢购速度太快导致自己没来得及参与。
achun1999,美容护肤,"天天上一当,当当不一样",0,该用户是在用反讽的语气抱怨直播间商品套路多，每次促销都让人忍不住下单但实际体验却总不尽如人意。
achun1999,美容护肤,没买上,1,该用户想表达的是因手速或库存不足而未能成功购买商品，流露出遗憾和失落情绪。
achun1999,美容护肤,生日大礼,0,该用户可能是在感叹直播间的优惠力度很大，像收到生日礼物一样惊喜。
achun1999,美容护肤,身体精油,1,"该用户可能是在询问或关注直播间正在介绍的身体精油产品，表达了对该商品的兴趣或想了解其具体信息（如功效、价格、适用人群等）。  （结合前文弹幕中频繁出现的产品询问（如""洗面奶""""玫瑰精油""）、使用人群限制（""孕妈""""哺乳期""）以及促销反馈（""优惠""""抢到""）等语境，可推断用户是在直播商品介绍环节中主动提及关键词，意图参与互动或获取购买相关信息。）"
achun1999,美容护肤,"洗面奶,洗面奶,洗面奶,洗面奶,洗面奶",1,"该用户急切询问或催促主播尽快上架洗面奶产品。  （分析依据：前文有""什么时候上洗面奶呢""的明确询问，叠加重复刷屏行为体现强烈需求，且直播间正在密集讨论护肤品功效和抢购情况，符合电商直播中用户对热门单品表现出的典型催促心理）"
achun1999,美容护肤,洗面奶,1,该用户想表达的含义是：对洗面奶产品有强烈兴趣并希望主播尽快介绍或上架。
achun1999,美容护肤,生日礼物,1,该用户可能在询问主播是否有适合作为生日礼物的产品推荐，或是暗示自己正在寻找生日礼物相关的商品。
achun1999,美容护肤,太多用不了,0,该用户可能是在吐槽商品数量过多或优惠力度太大，导致自己已经买不动或不需要再买了。
achun1999,美容护肤,再来2瓶,1,该用户想表达的是对当前促销商品的强烈购买意愿，希望主播能追加库存或再次上架。
achun1999,美容护肤,人参面霜,1,该用户可能是在询问或表达对直播间正在介绍的人参面霜产品的兴趣，比如想了解详情或示意主播推荐这款商品。
achun1999,美容护肤,这个才像样儿[舔屏][舔屏][舔屏],0,该用户想表达的含义是：这款产品看起来非常不错，让我很心动想要购买。
achun1999,美容护肤,磨砂膏,1,该用户可能是在询问或暗示对直播中提到的磨砂膏产品感兴趣，希望了解更多信息或催促上架。
achun1999,美容护肤,好用再来2瓶,1,该用户想表达的是对产品效果满意并有意向复购。
achun1999,美容护肤,这就没了?,0,用户对商品迅速售罄感到意外和遗憾，暗示自己没来得及购买。
achun1999,美容护肤,熬夜可以明天使用吗,1,该用户是在询问产品是否适合熬夜后使用，同时隐含对产品功效的即时性需求。
achun1999,美容护肤,"西藏不发货,中个福袋吧",0,该用户因所在地区无法收货而放弃购买，转而希望通过参与福袋活动获得免费赠品。
achun1999,美容护肤,油皮呢,1,该用户可能在询问主播当前推荐的产品是否适合油性皮肤使用。
achun1999,美容护肤,没买到,0,该用户想表达的是因手速或库存不足而错失了购买机会的遗憾心情。
achun1999,美容护肤,这个超级好用!!!!?,1,该用户想表达的含义是：对当前推荐的产品表示强烈认可和高度赞扬。
achun1999,美容护肤,万事如事[玫瑰],0,该用户可能是在表达对当前推荐产品的满意和祝福，暗示认可商品品质并可能有购买意向。
achun1999,美容护肤,油皮能用吗?,1,该用户是在询问产品是否适合油性皮肤使用，表现出对产品功效与自身肤质匹配度的关注和潜在购买意向。
achun1999,美容护肤,"洗面奶都完事了,直接买就行了",0,该用户想表达的含义是：洗面奶已经介绍得很清楚了，不用再犹豫可以直接下单了。
achun1999,美容护肤,这个是真好,1,该用户想表达的含义是：对当前直播中展示的产品表示高度认可和满意。
achun1999,美容护肤,油皮能用吗,1,该用户是在询问产品是否适合油性肤质使用，表现出对产品功效与自身需求的匹配性关注，隐含潜在的购买意向。
achun1999,美容护肤,"因为卖不出去,好听点说啊,那啥停产了",0,该用户是在调侃或讽刺产品可能因销量不佳而停产，用委婉的说法掩饰实际滞销的情况。
achun1999,美容护肤,搞一瓶三十的来让我试试啊,1,该用户想表达的含义是：希望主播提供价格适中的试用装或小规格产品来体验效果。
achun1999,美容护肤,抢不到,1,该用户想表达的是对商品抢购失败的不甘或遗憾。
achun1999,美容护肤,一直买阿纯东西麻烦上牙膏预售链接没抢到,1,该用户想表达的含义是：经常购买阿纯的产品，但这次没抢到牙膏预售，希望尽快补货上架。
achun1999,美容护肤,我想要洗面奶,1,"该用户表达了对直播间当前或即将销售的洗面奶有明确的购买意向。  （解析依据：结合前文""洗面奶都完事了""的缺货提示、""油皮能用吗""等产品咨询，以及""没买到""""抢不到""等购买受阻弹幕，该用户属于主动提出具体需求的潜在消费者，动机直接指向完成购买行为而非单纯讨论产品。）"
achun1999,美容护肤,没有拍到,1,该用户想表达的含义是：自己没抢到刚才直播中推荐的商品。
achun1999,美容护肤,玫瑰精油,1,该用户可能在询问或表达对直播间正在介绍的玫瑰精油产品的兴趣，想了解产品详情或表示购买意向。
achun1999,美容护肤,生日礼物,1,该用户可能是在询问当前推荐的产品是否适合作为生日礼物，或者暗示主播推荐一些适合当作生日礼物的商品。
achun1999,美容护肤,钱包哆嗦空了,0,该用户想表达的含义是：已经忍不住买了很多东西，花光了钱。
achun1999,美容护肤,为啥不卖了,0,该用户因错过商品销售而感到不满和疑惑，质疑为何直播中突然停止售卖该产品。
achun1999,美容护肤,B/c,0,该用户可能是在询问产品是否适合某种特定肤质或使用场景，类似于前面弹幕中频繁出现的“油皮能用吗”这类简洁提问。
achun1999,美容护肤,纯妈纯妈,0,该用户可能在热情呼唤主播“阿纯”（昵称“纯妈”），表达对其推荐产品的信任或想进一步了解商品信息。
achun1999,美容护肤,超预算了,0,该用户想表达的含义是：商品价格超出了自己的消费承受范围。
achun1999,美容护肤,冷凝胶,1,该用户可能是在询问或提及直播中提到的某款冷凝胶产品，表达对其功效或适用性的兴趣。
achun1999,美容护肤,洗发水洗发水讲了吗,1,该用户急切询问主播是否已经介绍过洗发水产品，表现出明确的购买意向和关注。
achun1999,美容护肤,@阿纯（正在生日盛典院线开业一直买阿纯东西麻烦上牙膏预售链接没抢到,1,"该用户急切地希望主播阿纯在生日庆典直播中重新上架牙膏的预售链接，因为自己作为老顾客多次购买却未能抢到该商品。  （解析：结合""一直买阿纯东西""体现用户忠诚度，""麻烦上链接""是核心诉求，""没抢到""说明紧迫性，前文弹幕中反复出现的""抢不到""""没拍到""也佐证了直播间存在抢购困难的现象，而""生日盛典""语境强化了用户对促销活动的期待。）"
achun1999,美容护肤,为啥不产啊,0,该用户可能是在询问某款产品停产或不再销售的原因，表达了对该商品的购买意愿和遗憾。
achun1999,美容护肤,冷凝胶生日礼物,1,该用户可能在询问冷凝胶是否适合作为生日礼物购买，或是希望主播推荐冷凝胶作为生日礼物选项。
achun1999,美容护肤,卸妆油卸妆油卸妆油卸妆油卸妆油卸妆油卸妆油卸妆油卸妆油卸妆油卸妆油,1,该用户想表达的含义是：强烈要求主播上架或详细介绍卸妆油产品。  （分析依据：重复刷同一产品名称是直播间常见的催促行为，结合前文弹幕中类似高频提及商品（如“洗发水洗发水”）和抢购失败的语境，可推断用户通过刷屏表达急切购买需求或对产品的高度兴趣。）
achun1999,美容护肤,没钱了,0,该用户想表达的含义是：已经超出消费预算，暂时无法继续购买了。  （结合前文“钱包哆嗦空了”“超预算了”等类似弹幕，可推断用户因频繁购物或抢购导致经济压力，以调侃或无奈的语气表达当前无力消费的状态。）
achun1999,美容护肤,能不能让我中个福袋回回血,1,该用户希望通过抽中福袋获得优惠或赠品来缓解此前频繁购物导致的经济压力。
achun1999,美容护肤,这个刚出来我就等今天了,0,该用户想表达的含义是：我期待这款产品很久了，就等着今天开售来购买。
achun1999,美容护肤,播到几点,0,该用户可能想确认直播时长以决定是否继续蹲守购买心仪商品或参与后续促销活动。
achun1999,美容护肤,沐浴露洗发露,1,该用户可能是在询问或催促主播介绍或上架沐浴露和洗发露产品。
achun1999,美容护肤,为啥停产,0,该用户想表达的含义是：对产品下架感到不解并希望了解原因。
achun1999,美容护肤,牙膏牙膏牙膏牙膏牙膏牙膏牙膏,1,该用户急切催促主播上架或补货牙膏，可能是之前没抢到或产品已售罄。
achun1999,美容护肤,vc精华有吗,1,该用户是在询问直播间是否有售卖维生素C精华产品，可能对其功效感兴趣或想趁活动购买。
achun1999,美容护肤,哥哥眼霜眼霜眼霜眼霜眼霜眼霜眼霜眼霜,1,该用户急切催促主播详细介绍或上架眼霜产品，表现出强烈的购买意愿。
achun1999,美容护肤,玫瑰精油有吗??,1,该用户想询问直播间是否售卖玫瑰精油产品，并表现出对该商品的购买兴趣。
achun1999,美容护肤,冷凝胶冷凝胶冷凝胶冷凝胶冷凝胶冷凝胶冷凝胶冷凝胶冷凝胶冷凝胶冷凝胶冷凝胶冷凝胶冷凝胶冷凝胶冷凝胶冷凝,1,该用户想表达的含义是：强烈催促主播尽快上架或详细介绍冷凝胶产品。
achun1999,美容护肤,以后有啥替代的吗,0,该用户可能在询问主播当前产品停产后是否有类似功能或效果的替代品推荐。
achun1999,美容护肤,玫瑰精油,1,该用户可能在询问直播间是否有玫瑰精油产品上架或想了解相关产品信息。
achun1999,美容护肤,人参面霜,1,该用户可能在询问或提醒主播介绍或上架“人参面霜”这款产品，表达了对该商品的兴趣或需求。
achun1999,美容护肤,卡死了[捂脸],0,该用户因直播画面卡顿影响观看体验而无奈吐槽，并非表达购买意向。
achun1999,美容护肤,屯了好多了,0,该用户想表达的含义是：已经购买了不少同类产品，暂时不需要再囤货了。
achun1999,美容护肤,身体精油,1,该用户可能是在询问直播间是否有身体精油产品，或是表达对这类商品的购买兴趣。
achun1999,美容护肤,牙膏牙膏牙膏牙膏牙膏牙膏牙膏牙膏牙膏牙膏牙膏牙膏牙膏牙膏牙膏牙膏牙膏牙膏牙膏牙膏牙膏牙膏牙膏牙膏牙膏,1,该用户可能是在强烈催促主播介绍或上架牙膏产品，或是表达对牙膏的急切需求或兴趣。
achun1999,美容护肤,生日礼物生日礼物,0,该用户可能在询问或暗示主播推荐适合作为生日礼物的产品，或表达自己正在寻找相关礼品选项的需求。
achun1999,美容护肤,哥哥眼霜眼霜眼霜眼霜眼霜眼霜眼霜眼霜眼霜眼霜眼霜眼霜眼霜眼霜眼霜眼霜眼霜眼霜眼霜眼霜眼霜眼霜眼霜眼霜,1,该用户急切地催促主播重点介绍或上架眼霜产品，表现出强烈的购买意向和迫切需求。
achun1999,美容护肤,微乳酸平衡霜微乳酸平衡霜微乳酸平衡霜微乳酸平衡霜微乳酸平衡霜微乳酸平衡霜微乳酸平衡霜微乳酸平衡霜微乳,1,"该用户可能是在强烈表达对""微乳酸平衡霜""这款产品的兴趣或需求，通过重复刷屏的方式希望引起主播注意并询问产品信息或促销活动。"
achun1999,美容护肤,黑玫瑰,1,该用户可能在询问或表达对“黑玫瑰”相关产品（如黑玫瑰系列护肤品或精油）的兴趣或需求。
achun1999,美容护肤,牙膏牙膏牙膏,1,该用户急切地询问或催促主播介绍牙膏产品，表现出强烈的购买意向或对牙膏的关注。
achun1999,美容护肤,有什么用?,0,该用户可能在质疑当前展示产品的实际功能或使用价值。
achun1999,美容护肤,我们也拒绝没有啊[捂脸],0,该用户可能是在无奈地表示自己也想要购买某款产品（如牙膏、眼霜等热门商品），但发现已经缺货或无法抢到。
achun1999,美容护肤,素颜霜,1,该用户可能在询问直播间是否有素颜霜产品，或是想了解素颜霜的相关信息。
achun1999,美容护肤,补水面膜呢,1,该用户是在询问直播间是否有补水面膜产品上架或介绍。
achun1999,美容护肤,以后想买咋弄,1,该用户是在询问未来如何再次购买直播中提到的商品，表现出对产品后续购买的持续兴趣和潜在复购意向。
achun1999,美容护肤,"姜黄这个,我同事都夸我皮肤变白了,变亮了!!",0,该用户想表达的含义是：姜黄产品的美白效果显著，自己使用后获得了同事的认可和称赞。
achun1999,美容护肤,真良心,0,该用户可能是在称赞直播间的产品价格实惠或品质超出预期，表达对商家定价策略或产品性价比的认可。
achun1999,美容护肤,洗面奶太多了,0,该用户可能是在委婉表达对当前推荐洗面奶的抗拒或饱和感，暗示主播可以跳过该产品介绍或转向其他品类。  （结合前文高频出现的囤货、重复产品名等语境，用户更可能是对同类产品过度推销产生疲劳，而非单纯陈述事实）
achun1999,美容护肤,没有了,1,该用户可能是在表达对某款已售罄商品的遗憾或询问是否还会补货。
achun1999,美容护肤,什么时候上洗面奶呢?,1,该用户是在询问洗面奶产品的上架时间，表现出明确的购买意向和对该品类的关注。
achun1999,美容护肤,"补水面膜,补水面膜补水面膜补水面膜补水面膜补水面膜补水面膜补水面膜补水面膜补水面膜补水面膜补水面膜补",1,该用户急切询问或催促主播上架补水面膜，可能是对产品有强烈需求或希望立即购买。
achun1999,美容护肤,"西藏不发货,中个福袋吧",0,该用户因所在地区无法收货而放弃购买，转而希望通过参与福袋抽奖获得商品。
achun1999,美容护肤,"@yong西藏,部分偏远地区可以联系商家客服哦",0,该用户是在提醒其他观众，如果收货地址是西藏等偏远地区，可以主动联系商家客服确认是否能发货。
achun1999,美容护肤,生日礼物,1,该用户可能在询问或暗示主播是否有适合作为生日礼物的产品推荐。
achun1999,美容护肤,看了5小时了,0,该用户可能想暗示自己长时间观看直播后对产品产生了兴趣或犹豫，希望主播能给予更多购买理由或优惠促成下单。
achun1999,美容护肤,云绒毯,1,该用户可能在询问或暗示对直播中提到的“云绒毯”产品感兴趣，想了解详情或表达购买意向。
achun1999,美容护肤,卸妆油卸妆油卸妆油卸妆油卸妆油卸妆油卸妆油卸妆油卸妆油卸妆油卸妆油,1,该用户可能在强烈催促主播介绍或上架卸妆油产品，或是表达对卸妆油的急切购买需求。
achun1999,美容护肤,果酸精华,1,该用户可能是想询问或确认直播间是否会上架果酸精华产品，或对该产品的功效和购买方式感兴趣。
achun1999,美容护肤,熬夜面膜卖这么好要停产,0,该用户担心熬夜面膜因销量太好而停产，表达了对产品可能买不到的焦虑和购买意愿。
achun1999,美容护肤,洗面奶,1,该用户可能是在询问或提醒主播介绍/上架洗面奶产品，或是看到其他弹幕提到洗面奶后产生的跟风关注。
achun1999,美容护肤,玫瑰精油,1,该用户可能在询问或暗示对玫瑰精油产品的购买意向，比如询问产品功效、价格或是否会上架。
achun1999,美容护肤,海盐洗发膏,1,"该用户可能在询问或暗示对海盐洗发膏产品的购买意向，或是希望主播介绍/上架该商品。  （结合前文弹幕中频繁出现的具体产品名称如""洗面奶""""补水面膜""等，以及用户直接提问商品上架时间的语境，可推断此类简短产品名称弹幕多为主动需求表达。）"
achun1999,美容护肤,防晒霜,1,"该用户可能是想询问或提醒主播介绍/上架防晒霜产品。  （结合前文弹幕多为询问具体商品、使用反馈或催促上架的情况，""防晒霜""更可能是对产品的直接需求表达，而非单纯提及关键词。）"
achun1999,美容护肤,还没有,0,该用户可能是在回应主播关于某款产品库存或上架情况的询问，暗示自己还没买到或还没看到想要的产品。
achun1999,美容护肤,洗面奶真心喜欢,1,"该用户想表达的含义是：对这款洗面奶产品产生了明确的购买意愿和好感。  （结合前文语境中多次出现""洗面奶""相关讨论，包括询问上架时间、同类产品比较等，该弹幕属于在了解产品后的正面反馈，传递出已形成消费决策的心理状态。）"
achun1999,美容护肤,果酸身体乳[流泪][流泪],1,该用户想表达的含义是：对果酸身体乳非常心动且迫切想要购买，甚至因激动或喜爱而情绪波动。  （结合前文弹幕高频出现的护肤产品讨论、用户重复刷屏式需求表达，以及“[流泪]”表情的强烈情感倾向，可推断该弹幕属于兴奋型购买意向表达，类似“这款果酸身体乳我太想要了！”的夸张诉求。）
achun1999,美容护肤,美白的,1,该用户可能在询问或暗示对美白类产品的需求，比如想知道是否有美白功效的面膜、精华等商品即将上架或推荐。
achun1999,美容护肤,冷凝胶冷凝胶冷凝胶冷凝胶冷凝胶冷凝胶冷凝胶冷凝胶冷凝胶冷凝胶冷凝胶冷凝胶冷凝胶冷凝胶冷,1,该用户可能是在强烈催促主播上架或讲解冷凝胶产品，或是表达对这款商品的急切需求和重复关注。
achun1999,美容护肤,看到发货了,0,该用户想表达的含义是：确认自己购买的商品已进入物流阶段，对交易进展感到安心或满意。
achun1999,美容护肤,发货了已经,0,该用户想表达的含义是：注意到商品已经发出，可能是在确认自己的订单状态或提醒他人关注物流信息。
achun1999,美容护肤,"没买到,洗面奶",1,"该用户因错过购买洗面奶而感到遗憾，暗示希望有机会补货或再次上架。  （解析：结合前文有用户提及""洗面奶真心喜欢""的积极反馈，且当前弹幕用""没买到""的完成时态+逗号停顿，突出失落感，同时单独强调商品名称具有指向性，属于典型的需求未满足型表达。）"
achun1999,美容护肤,超级快,0,该用户可能是在感叹直播间的发货速度很快。
achun1999,美容护肤,发货了,0,该用户想表达的含义是：确认自己购买的商品是否已开始配送。
achun1999,美容护肤,果酸身体乳,1,该用户想表达的含义是：对果酸身体乳产品表现出强烈的兴趣和渴望购买的情绪。
achun1999,美容护肤,我用我老公钱囤了好多,0,该用户想表达的含义是：自己已经用家人的钱大量购买了直播间的产品。  （结合前文弹幕高频出现的产品名称和购买相关讨论，用户可能是在炫耀或调侃自己的囤货行为，暗示对直播间商品的强烈兴趣和实际消费行动。）
achun1999,美容护肤,素颜霜,1,该用户可能是在询问或暗示对素颜霜产品的兴趣，希望主播介绍或推荐相关产品。
achun1999,美容护肤,上波精油皂吧,1,该用户是在催促主播重新上架或补货之前提到的精油皂产品。
achun1999,美容护肤,冷凝胶冷凝胶冷凝胶冷凝胶冷凝胶冷凝胶冷凝胶冷凝胶冷凝胶冷凝胶冷凝胶冷凝胶冷凝胶冷凝胶冷凝胶冷凝胶冷,1,该用户可能是在急切催促主播上架或讲解冷凝胶产品，或是表达对该产品的强烈兴趣和重复购买意愿。
achun1999,美容护肤,胶原面膜,1,该用户可能是想询问或推荐直播间是否会上架胶原面膜这款产品。
achun1999,美容护肤,"三号洗发水,小孩能用吗",1,该用户是在询问三号洗发水是否适合儿童使用，表现出对产品适用性的关注和潜在的购买意向。
achun1999,美容护肤,姐姐们你们快抢我已经在吃土啦[看][看][看][看],0,该用户想表达的含义是：催促其他人赶紧下单购买，因为自己已经因为疯狂购物而经济拮据了。
achun1999,美容护肤,"此生Z大场,机制仅一次",0,该用户想表达的含义是：这次直播的优惠力度空前绝后且限时一次，暗示大家抓紧机会下单。  （结合前文弹幕中频繁出现的抢购、囤货、发货等关键词，可推断直播间正在促销稀缺商品或限时活动，用户通过强调“仅一次”和“Z大场”来突出紧迫感，激发购买冲动。）
achun1999,美容护肤,人参水乳套装,1,该用户可能在询问或暗示对直播间推荐的“人参水乳套装”产品感兴趣，希望主播介绍详情或上架该商品。
achun1999,美容护肤,人参霜,1,该用户可能在询问或呼吁主播上架“人参霜”这款产品，表达对该商品的购买兴趣或需求。
achun1999,美容护肤,生日礼物,0,该用户可能在询问或暗示主播推荐适合作为生日礼物的产品。
achun1999,美容护肤,西瓜霜是啥,1,该用户可能是对直播中提到的“西瓜霜”产品感到陌生，想询问它的具体功效或用途，表现出初步的好奇和潜在购买兴趣。
achun1999,美容护肤,洗面奶是已经破价了吗?,1,该用户是在询问洗面奶当前的价格是否已经是直播间的历史最低价，暗示对产品有购买意向并希望确认优惠力度。
achun1999,美容护肤,我刚到的95的面膜[流泪][流泪],0,该用户想表达的含义是：我刚收到之前买的95元的面膜，价格让我心疼到想哭。  （结合语境推测：直播间正在促销或讨论价格，用户用夸张表情强调对花费的肉痛感，可能是对比当前活动价觉得买贵了，或单纯调侃消费冲动。）
achun1999,美容护肤,"姜黄这个,我同事都夸我皮肤变白了,变亮了!!",0,该用户想表达的含义是：姜黄产品的效果很好，使用后肤色明显改善，获得了同事的称赞。
achun1999,美容护肤,精油皂,1,该用户可能在催促主播重新上架或推荐之前提到的精油皂产品，表达明确的购买意向。
achun1999,美容护肤,人参面霜,1,该用户可能在询问或表达对直播间提到的“人参面霜”这款产品的兴趣，暗示想了解详情或参与购买。
achun1999,美容护肤,牙膏牙膏牙膏牙膏牙膏牙膏牙膏牙膏牙膏牙膏牙膏牙膏牙膏牙膏牙膏牙膏牙膏牙膏牙膏牙膏牙膏牙膏牙膏牙膏牙膏,1,该用户可能是在急切催促主播上架或介绍牙膏产品，或是通过刷屏表达对牙膏的强烈兴趣和购买意愿。
achun1999,美容护肤,洗面奶呢,1,该用户可能在询问主播何时介绍或上架洗面奶产品，表现出对洗面奶的关注和购买意向。
achun1999,美容护肤,洗面奶,1,该用户是在催促主播尽快介绍或上架洗面奶产品。
achun1999,美容护肤,东西买了等中,0,该用户想表达的含义是：已经下单购买了商品，现在等待抽奖或活动中奖的结果。  （结合前文语境，直播间氛围热烈，用户频繁提及抢购、促销机制和商品使用体验，且“等中”可能指等待抽奖或活动开奖，而非单纯等待收货。）
achun1999,美容护肤,西瓜霜!,1,该用户可能在询问或催促主播介绍或上架“西瓜霜”这款产品。
achun1999,美容护肤,防晒防晒防晒防鸲,1,该用户可能在急切询问或催促主播上架防晒产品，并表现出强烈的购买意愿。
achun1999,美容护肤,洗面奶没抢到,1,该用户因未能成功购买直播间促销的洗面奶而感到遗憾，暗示对产品有强烈购买意愿且关注库存动态。
achun1999,美容护肤,下午好啊各位,0,该用户可能是刚进入直播间的观众，以问候方式融入讨论氛围，同时暗示自己开始关注直播内容。
achun1999,美容护肤,"眼霜眼霜,眼霜眼霜眼霜眼霜",1,该用户急切地催促主播尽快介绍或上架眼霜产品，表现出强烈的购买意向和关注。
achun1999,美容护肤,面膜面膜,1,该用户可能在急切询问或强调面膜产品的相关信息，暗示对购买面膜有强烈兴趣或催促主播尽快介绍该商品。
achun1999,美容护肤,小腿干皮,0,该用户可能在询问或吐槽自己小腿皮肤干燥的问题，暗示对直播间相关护肤产品的潜在需求。
achun1999,美容护肤,人参面霜,1,该用户可能是在询问或表达对人参面霜这款产品的兴趣，比如想了解详情、确认是否有货，或是单纯提及自己关注该商品。
achun1999,美容护肤,"终于有活动了,家里都用光了,又囤货了",0,该用户想表达的含义是：一直等待促销活动来补货日常消耗品，现在趁优惠赶紧下单囤货。
achun1999,美容护肤,西瓜霜今天有吗?,1,该用户是在询问直播间今天是否有西瓜霜这款产品上架或促销。
achun1999,美容护肤,生日快乐,0,该用户可能是误触或发送了与直播内容无关的祝福语，缺乏明确的购买意向表达。
achun1999,美容护肤,这个效果真好,1,该用户可能是在称赞当前展示产品的使用效果令人满意，暗示有购买意向。
achun1999,美容护肤,生日礼物,0,该用户可能在询问直播间是否有适合作为生日礼物的推荐商品。
achun1999,美容护肤,"洗面奶,洗面奶,洗面奶,洗面奶,洗面奶,洗面奶,洗面奶,洗面奶",1,该用户急切询问或催促主播介绍/上架洗面奶产品，可能是因之前有人提到没抢到而产生了紧迫感。
achun1999,美容护肤,护发精油,1,该用户可能是在询问或表达对护发精油产品的兴趣，希望了解其相关信息或参与购买。
achun1999,美容护肤,"对对说对了,上链接",1,该用户急切催促主播尽快上架当前讨论的产品链接。
achun1999,美容护肤,婴儿可以用吗,1,该用户是在询问当前直播推荐的产品是否适合婴儿使用，隐含对产品安全性和适用性的关注。
achun1999,美容护肤,牙膏牙膏牙膏牙膏,1,该用户想表达的含义是：强烈催促主播上架或介绍牙膏产品。  （结合前文弹幕中高频重复商品名的模式，如“洗面奶”“眼霜”“防晒”等，均属于用户急切要求提及或购买某产品的典型表达，因此“牙膏”的重复同样指向明确的购买意向或需求。）
achun1999,美容护肤,平衡霜平衡霜,1,该用户急切地催促主播上架或介绍平衡霜产品，表现出明确的购买意向。
achun1999,美容护肤,@可乐,0,该用户可能是在催促主播上架或介绍与“可乐”相关的商品，或是询问是否有可乐的促销活动。
achun1999,美容护肤,洗面奶可以直接买,0,"该用户想表达的是希望主播尽快上架或开放购买洗面奶的链接。  （结合前文语境：此前有用户提到""洗面奶没抢到""并多次刷屏""洗面奶""，说明该产品关注度高且可能存在库存紧张情况，当前弹幕用""直接买""强调立即购买的急迫性，可能是担心再次错过购买机会。）"
achun1999,美容护肤,生日礼物,1,该用户可能在询问直播间是否有适合作为生日礼物的产品推荐或促销活动。
achun1999,美容护肤,哪个能缩小毛孔男士的,1,该用户想询问直播间是否有适合男性使用的、具有收缩毛孔功效的护肤品。
achun1999,美容护肤,生日礼物生日礼物,0,该用户可能在询问或暗示主播推荐适合作为生日礼物的产品。
achun1999,美容护肤,让我中一次,0,该用户可能在参与直播间的抽奖或福利活动，希望自己能够成为幸运观众获得奖品。
achun1999,美容护肤,生日快乐,0,该用户可能是想借生日话题暗示对某款产品感兴趣，或是希望主播以生日优惠为由头推出促销活动。
achun1999,美容护肤,京都哲学冰莲面膜还有吗,1,该用户是在询问直播间是否还有“京都哲学冰莲面膜”的库存或现货，表现出明确的购买意向和产品需求。
achun1999,美容护肤,人参面霜,1,该用户可能在询问或催促主播介绍/上架人参面霜产品，或是表达对该产品的购买兴趣。
achun1999,美容护肤,主播加油,0,该用户想表达的含义是：对主播的支持和鼓励，希望直播顺利进行。
achun1999,美容护肤,西瓜霜,1,该用户可能在询问直播间是否有西瓜霜产品上架或促销信息。
achun1999,美容护肤,哎呦我,0,该用户可能是在看到密集的产品刷屏或生日祝福后，用感叹语气表达轻微的不耐烦或调侃情绪。
achun1999,美容护肤,果酸精华果酸精华果酸精华果酸精华果酸精华果酸精华,1,该用户通过重复刷屏产品名称的方式，强烈表达对果酸精华的购买意愿或催促主播上架该产品。
achun1999,美容护肤,大秀姐,0,该用户可能在用昵称或调侃语气呼唤主播，试图引起注意以询问产品信息或参与互动。
achun1999,美容护肤,哎呦喂哎呦我,0,该用户可能是在感叹或惊讶于当前直播间的产品介绍或活动，表达一种随性的兴奋或调侃情绪。
achun1999,美容护肤,大秀啊你都不累不休息的啊,0,该用户是在感叹主播持续高强度直播的敬业精神，暗示对主播体力和专业表现的惊讶与赞赏。
achun1999,美容护肤,生日礼物,1,该用户可能在询问直播间是否有适合作为生日礼物的产品推荐。
achun1999,美容护肤,"大秀,跳个舞呗!",0,该用户可能在以轻松调侃的方式与主播互动，试图活跃气氛或引起主播注意，而非直接表达对商品的购买兴趣。
achun1999,美容护肤,如果二选一拉皮精华和人参水乳选哪个我是油痘肌,1,该用户是在咨询针对油性痘痘肌的护肤品推荐，希望主播在“拉皮精华”和“人参水乳”两款产品中给出更适合自己肤质的选购建议。
achun1999,美容护肤,"洗面奶,洗面奶,洗面奶",1,该用户可能是急切询问或强调对洗面奶产品的购买意向，希望通过重复弹幕引起主播注意以便获取购买链接或产品介绍。
achun1999,美容护肤,生日礼物生日礼物,0,该用户可能在直播间看到适合作为生日礼物的商品，因此重复强调以询问主播推荐或获取相关产品信息。
achun1999,美容护肤,大秀也来助播了,0,"该用户是在惊喜地表示直播间有知名主播""大秀""加入助阵，暗示对直播内容的兴趣提升或对助播嘉宾的喜爱。"
achun1999,美容护肤,哎呦我太绝了,0,该用户想表达的含义是：对主播的表现或产品效果感到惊喜和赞叹。
achun1999,美容护肤,护发精油,1,该用户可能是在询问或表达对护发精油产品的兴趣，希望主播介绍相关信息或购买方式。
achun1999,美容护肤,嗡嗡嗡～,0,该用户可能是在模仿某种产品使用时的声音效果（比如电动美容仪或清洁仪器），以此表达对某款商品的兴趣或好奇。
achun1999,美容护肤,小朋友能用吗,1,该用户想询问产品是否适合儿童使用。
achun1999,美容护肤,大秀要生娃了,0,该用户可能在调侃或关心主播“大秀”的身体状况，暗示她看起来像是怀孕了需要休息。
achun1999,美容护肤,太划算了这次到手,0,该用户想表达的含义是：这次促销活动的优惠力度很大，买到就是赚到。
achun1999,美容护肤,VC有吗?,1,该用户是在询问直播间是否有售卖维生素C相关的产品。
achun1999,美容护肤,嗡嗡嗡～太香啦哈哈,0,该用户被直播间的产品效果或氛围感染，兴奋地表达对某款商品的强烈喜爱和购买欲望。
achun1999,美容护肤,可以喷脸上吗,1,该用户是在询问直播展示的产品是否适合直接喷涂在脸部使用。
achun1999,美容护肤,蛋黄霜在介绍下,1,该用户想表达的含义是：希望主播详细讲解一下蛋黄霜的产品功效或使用方法。
achun1999,美容护肤,宝宝可以用吗,1,该用户是在询问直播中介绍的产品是否适合婴幼儿使用。
achun1999,美容护肤,香皂呢,1,该用户是在询问直播间是否有介绍或售卖香皂产品。
achun1999,美容护肤,孕妈妈能用吗,1,该用户是在询问产品是否适合孕妇使用，表明其对产品安全性有顾虑并可能考虑购买。
achun1999,美容护肤,宝宝可以用吗?,1,该用户是在询问直播中介绍的产品是否适合婴幼儿使用。
achun1999,美容护肤,护肤好用,1,该用户想表达的含义是：对当前介绍的护肤品效果表示认可并产生购买兴趣。
achun1999,美容护肤,可以倒着喷吗,1,该用户是在询问产品是否支持反向喷射功能（可能针对喷雾类美妆产品）。
achun1999,美容护肤,哥哥眼霜眼霜哥哥眼霜哥哥眼霜哥哥眼霜眼霜眼霜眼霜哥哥眼霜眼霜眼霜眼霜哥哥眼霜眼霜哥哥眼霜眼霜眼霜哥哥,1,该用户急切地表达对主播正在介绍的眼霜产品的强烈兴趣和购买意愿。
achun1999,美容护肤,西瓜霜呢,1,该用户是在询问直播间是否有售卖或介绍西瓜霜产品。
achun1999,美容护肤,第一个是水的都是水,0,该用户可能在质疑或调侃当前介绍的产品成分过于单一或夸大宣传，暗示“全都是水（成分）没什么实际功效”。  （结合前文弹幕高频出现的“宝宝能用吗”“孕妈妈能用吗”等成分安全性提问，以及“VC有吗”“香皂呢”等具体产品追问，可推断用户对产品成分或功能较为关注。当前弹幕用重复强调“水”的表达，带有吐槽或寻求确认的意图。）
achun1999,美容护肤,可以喷脸吗,1,该用户是在询问产品是否可以直接用于面部皮肤。
achun1999,美容护肤,生日礼物,0,该用户可能在询问当前介绍的产品是否适合作为生日礼物赠送，或是暗示自己需要挑选生日礼物而关注直播中的商品推荐。
achun1999,美容护肤,给我中一次吧,0,该用户希望自己能在直播间的抽奖或福利活动中被幸运选中一次。
achun1999,美容护肤,99四瓶,0,该用户想表达的含义是：询问商品是否可以用99元的价格购买四瓶。
achun1999,美容护肤,二道贩子[比心][比心][比心][比心],0,该用户可能在用调侃的语气表达对主播或商家的戏谑态度，暗示其转手加价的行为，但结合直播间整体购物氛围和表情符号的使用，实际是带着亲昵情绪参与互动，并非真正的指责。
achun1999,美容护肤,又要一哆嗦了,0,该用户想表达的含义是：又要忍不住下单购买了。  （结合前文弹幕中频繁出现的产品询问、价格讨论和购买冲动类表达，如“太划算了”“99四瓶”等，可推断“一哆嗦”是网络用语中形容冲动消费的幽默说法。）
achun1999,美容护肤,人参面霜,1,该用户可能在询问或表达对直播间正在介绍的“人参面霜”产品的兴趣，想了解其详情或表示购买意向。
achun1999,美容护肤,"我用什么,不生产什么呢",0,该用户可能在询问主播推荐适合自己肤质或需求的产品，暗示自己不清楚该选择哪款商品。
achun1999,美容护肤,让我中一次,0,该用户希望成为直播间的幸运观众以获得赠品或抽奖机会。
achun1999,美容护肤,生日礼物生日礼物,0,该用户可能在询问或暗示主播推荐适合作为生日礼物的产品。
achun1999,美容护肤,柔肤水,1,该用户可能是在询问或关注直播间正在介绍的柔肤水产品信息，表达了对这款护肤品的潜在兴趣。
achun1999,美容护肤,让我赢一次好不好,0,该用户想表达的含义是：希望能在直播间的抽奖或促销活动中获得一次中奖机会。  （结合前文弹幕中频繁出现的“让我中一次”“给我中一次吧”等类似诉求，可推断直播间正在开展互动福利活动，用户通过弹幕表达参与意愿和渴望被选中的心理。）
achun1999,美容护肤,"我就不买了,我怕用上瘾再买不到怎么办",0,该用户其实对产品很感兴趣，但担心购买后因太喜欢而产生依赖，又怕未来缺货无法持续使用。
achun1999,美容护肤,微乳酸平衡霜微乳酸平衡霜微乳酸平衡霜微乳酸平衡霜微乳酸平衡霜微乳酸平衡霜微乳酸平衡霜微乳酸平衡霜微乳,1,该用户可能在反复强调产品名称以表达强烈的购买兴趣或询问该产品的详细信息。
achun1999,美容护肤,洗面奶,1,该用户可能是在询问或关注直播间正在介绍的洗面奶产品，表达对这款洁面用品的兴趣或希望主播详细讲解其功效。
achun1999,美容护肤,"洗面奶,洗面奶,洗面奶,洗面奶",1,该用户急切地想要主播介绍或推荐洗面奶产品，可能是对当前展示的商品不感兴趣或希望优先讲解自己关注的品类。
achun1999,美容护肤,孩子也能用吗,1,该用户是在询问产品是否适合儿童使用，可能出于为孩子选购的考虑或担心产品的适用年龄范围。
achun1999,美容护肤,太便宜了!!!,1,该用户想表达的含义是：这款产品的价格远低于预期，让人感到惊喜和超值。  （结合前文弹幕中频繁出现的产品名称、价格讨论（如“99四瓶”）以及促销氛围，用户很可能是在感叹当前商品的优惠力度，表达强烈的购买冲动。）
achun1999,美容护肤,孩子能用吗,1,该用户是在询问产品是否适合儿童使用，以判断是否值得购买。
achun1999,美容护肤,素颜霜,1,该用户可能是在询问或提及直播中介绍的素颜霜产品，表达对其功效或使用方式的兴趣。
achun1999,美容护肤,买破产,0,该用户想表达的含义是：这款产品太吸引人了，我忍不住想疯狂下单直到花光钱。
achun1999,美容护肤,这是什么,1,该用户可能是在询问直播中当前展示或提到的某款产品的具体名称或功能。
achun1999,美容护肤,日期是新的吗,1,该用户是在询问商品的生产日期是否新鲜，以此判断是否值得购买。
achun1999,美容护肤,"我就不买了,怕用上瘾但是再买不到了",0,该用户其实对产品很心动，但因担心产品效果太好导致日后买不到而产生纠结心理，本质上是一种反向表达的兴趣暗示。
achun1999,美容护肤,沐浴露,1,该用户可能是对直播中提到的沐浴露产品产生兴趣，想进一步了解或询问相关信息。
achun1999,美容护肤,握草的,0,该用户想表达的含义是：对当前直播中展示的商品价格或优惠力度感到震惊和兴奋。
achun1999,美容护肤,生日礼物,0,该用户可能在询问或暗示主播推荐适合作为生日礼物的产品。
achun1999,美容护肤,能擦脸吗,1,该用户是在询问产品是否适合用于面部护肤。
achun1999,美容护肤,人参霜,1,该用户可能是在询问或提及直播间正在介绍的人参霜产品，表达了对该商品的关注或购买兴趣。
achun1999,美容护肤,洗脸奶,1,该用户可能是在询问或确认直播间正在推荐的产品中是否有洗面奶，或者表达对洗面奶这一产品的兴趣和关注。
achun1999,美容护肤,做个精致的女人,0,该用户可能是在表达对直播间推荐的高品质女性护肤/美妆产品的认同，并暗示自己有意向通过购买这些产品来提升个人形象和生活品质。
achun1999,美容护肤,"守了一下午没钱了,还有东西没买[捂脸]",1,该用户想表达的含义是：虽然已经花费了很多时间和精力观看直播，但因为预算不足而感到遗憾，仍有心仪的商品未能购买。
achun1999,美容护肤,能喷脸吗,1,该用户可能是在询问产品是否可以当作喷雾直接用于面部。
achun1999,美容护肤,沐浴露沐浴露,1,该用户可能在催促主播介绍或上架沐浴露产品，表达对该商品的强烈兴趣或购买意愿。
achun1999,美容护肤,中福袋,0,该用户可能是想参与直播间的福利抽奖活动，表达了对获取免费或优惠商品的期待。
achun1999,美容护肤,我就是买,1,该用户想表达的是自己已经决定下单购买该产品。
achun1999,美容护肤,素颜霜,1,该用户可能是对素颜霜产品产生兴趣，想询问产品详情或表达购买意向。
achun1999,美容护肤,人参面霜,1,该用户可能是在询问或确认主播正在介绍的产品是否为人参成分的面霜，表达了对这款产品的关注或兴趣。
achun1999,美容护肤,刚刚到家,0,该用户可能想表达自己刚回家就赶上了直播，暗示对直播内容有兴趣或准备参与互动购买。
achun1999,美容护肤,就是买,1,该用户想表达的是坚定明确的购买意愿。
achun1999,美容护肤,果酸身体露[流泪][流泪],1,该用户想表达的含义是：对果酸身体露非常心动但可能因价格或库存问题感到遗憾。
achun1999,美容护肤,看不见吗?,0,该用户可能是在询问主播是否忽略了之前关于产品展示或功能解释的弹幕问题，暗示自己因看不清或未得到回应而感到疑惑。
achun1999,美容护肤,要防晒,1,该用户可能是在询问或暗示对直播中提到的防晒产品感兴趣，想了解详情或表达购买意向。
achun1999,美容护肤,防晒防晒,1,该用户想表达的含义是：强调对防晒产品的强烈需求或提醒主播重点介绍防晒产品。
achun1999,美容护肤,洗面奶来一波,1,该用户希望主播推荐或上架洗面奶产品。
achun1999,美容护肤,素颜霜素颜霜素颜霜素颜霜素颜霜素颜霜,1,该用户急切地想要主播介绍或上架素颜霜产品，表现出强烈的购买意愿。
achun1999,美容护肤,牙膏什么时候上,1,该用户是在询问牙膏产品的上架时间，表现出明确的购买意向。
achun1999,美容护肤,卸妆油卸妆油卸妆油卸妆油卸妆油卸妆油卸妆油卸妆油卸妆油卸妆油卸妆油,1,该用户通过高频重复关键词的方式，强烈表达对卸妆油产品的迫切需求或催促主播尽快上架该商品。
achun1999,美容护肤,磨砂膏上吗,1,该用户想询问直播间是否会上架磨砂膏产品，并表现出对该商品的购买兴趣。
achun1999,美容护肤,一直买阿纯东西麻烦上牙膏预售链接没抢到,1,该用户想表达的含义是：自己经常购买主播阿纯推荐的产品，但这次错过了牙膏的预售链接，希望尽快补货或重新上架。
achun1999,美容护肤,生日礼物生日礼物生日礼物,0,该用户可能是在催促主播推荐适合作为生日礼物的产品，或暗示自己需要购买生日礼物相关的商品。
achun1999,美容护肤,素颜霜素颜霜素颜霜,1,该用户通过重复刷产品名称强烈表达对素颜霜的购买意愿或催促主播尽快介绍/上架该商品。
achun1999,美容护肤,"洗面奶,洗面奶,洗面奶",1,"该用户急切催促主播上架或详细介绍洗面奶产品。  （解析：结合前文高频重复商品名的弹幕模式（如卸妆油、素颜霜等均表达购买需求），用户通过三连重复强调洗面奶，属于典型直播间""刷屏求货""行为，核心动机是引发主播对该产品的即时关注。）"
achun1999,美容护肤,生日礼物,0,该用户可能在询问或暗示主播推荐适合作为生日礼物的产品，或是希望主播针对生日礼物需求进行商品介绍或促销。
achun1999,美容护肤,果酸身体露,1,该用户急切询问或催促主播上架果酸身体露产品，并可能因之前未抢到类似商品而表现出强烈购买意愿和遗憾情绪。
achun1999,美容护肤,西瓜霜,1,该用户可能在询问或催促主播上架西瓜霜产品。
achun1999,美容护肤,有素颜霜吗?,1,该用户是在询问直播间是否会上架或介绍素颜霜产品，表现出明确的购买意向或需求。
achun1999,美容护肤,让我中个福袋吧,0,该用户希望通过参与直播间的抽奖活动获得免费福利。
achun1999,美容护肤,人参霜,1,该用户可能是在询问或催促主播上架“人参霜”这款产品，表达对该商品的购买兴趣或需求。
achun1999,美容护肤,素颜霜,1,该用户想表达的含义是：询问或催促主播介绍或上架素颜霜产品。
achun1999,美容护肤,把果酸身体凝露换成果酸精华呗[流泪][流泪][流泪][流泪],1,该用户希望主播将当前推荐的产品从果酸身体凝露更换成果酸精华，并透露出对精华产品的强烈渴望和遗憾情绪。
achun1999,美容护肤,水光乳,1,该用户可能在询问或催促主播介绍或上架“水光乳”这款产品。
achun1999,美容护肤,头发细,0,该用户可能是在询问或评论主播推荐的产品是否适合细软发质使用。
achun1999,美容护肤,磨砂膏,1,该用户想询问直播间是否会售卖磨砂膏产品。
achun1999,美容护肤,主播太给力了,0,该用户想表达的含义是：对主播的带货表现或产品推荐感到非常满意和兴奋。
achun1999,美容护肤,"不脱发,但是稀",0,该用户想表达的含义是：虽然自己没有脱发问题，但觉得头发比较稀疏，可能对相关护发产品感兴趣。
achun1999,美容护肤,附近的猫上架,0,该用户可能在询问直播中是否会上架一款名为“附近的猫”的商品，表达了对该产品的购买兴趣或好奇。
achun1999,美容护肤,掉发根呢,0,该用户可能在询问或吐槽产品使用后是否会导致脱发问题。
achun1999,美容护肤,"不愧是阿纯,这么大气[赞]",1,该用户是在夸赞主播阿纯为人慷慨大方，可能是在回应主播推出了优惠活动或赠送了福利。
achun1999,美容护肤,没有平衡酸和净肤哲学氨基酸洗面奶吗?没有平衡酸和净肤哲学氨基酸洗面奶吗?,1,该用户急切地询问直播间是否会上架特定款氨基酸洗面奶，暗示对该产品有明确的购买意向。
achun1999,美容护肤,生日礼物生日礼物生日礼物,0,该用户可能在暗示主播推荐适合作为生日礼物的产品，或是希望获得与生日礼物相关的优惠信息。
achun1999,美容护肤,"不能再看了,上一个买一个[捂脸]",1,该用户是在调侃自己忍不住一直下单，每次看到商品都想购买，表现出既无奈又高涨的消费冲动。
achun1999,美容护肤,黑玫瑰精油还不上架吗,1,该用户急切询问黑玫瑰精油何时能购买，表现出明确的购买意向和期待。
achun1999,美容护肤,精华液,1,该用户可能是在询问或提及直播间正在讨论的某款精华液产品，表达了对该产品的兴趣或希望了解更多信息。
achun1999,美容护肤,生日礼物,0,该用户可能在询问直播间是否有适合作为生日礼物的商品推荐。
achun1999,美容护肤,不错护肤超水嫩1,1,该用户认为主播推荐的护肤品使用效果很好，皮肤变得水润有光泽。
achun1999,美容护肤,这个小孩能用吗,1,该用户想询问当前介绍的产品是否适合儿童使用。
achun1999,美容护肤,人参面霜,1,该用户可能在询问或表达对直播间提到的“人参面霜”产品的兴趣或购买意向。
achun1999,美容护肤,卸妆油,1,该用户可能在询问或暗示主播介绍/上架卸妆油产品，或是表达自己对卸妆油有购买兴趣。
achun1999,美容护肤,大家都快乐,0,该用户可能是在附和直播间的热闹氛围，表达对当前促销活动或主播表现的满意和参与感。
achun1999,美容护肤,中福袋,0,该用户想表达的含义是：希望自己能抽中直播间发放的福利奖品。
achun1999,美容护肤,生日礼物,0,该用户可能在询问直播间是否有适合作为生日礼物的产品推荐或促销活动。
achun1999,美容护肤,生日礼物生日礼物,0,该用户可能在暗示希望主播推荐适合作为生日礼物的产品，或是催促主播上架之前提到的相关商品。
achun1999,美容护肤,上货上货,1,该用户是在催促主播尽快上架新商品，表现出强烈的购买意愿和期待。
achun1999,美容护肤,卸妆油没有嘛,1,该用户是在询问直播间是否已经售罄或尚未上架卸妆油产品，表现出对该商品的购买兴趣和需求。
achun1999,美容护肤,人参霜,1,该用户是在询问或表达对直播间提到的“人参霜”产品的兴趣或需求。
achun1999,美容护肤,支持支持支持支持支持支持支持,0,该用户想表达的含义是：对主播或商品的强烈认可与鼓励，可能是出于对当前直播内容的喜爱或对之前互动（如中奖、满意产品）的积极反馈。
achun1999,美容护肤,生日快乐,0,该用户可能在跟风起哄或参与直播间互动，借主播生日氛围表达祝福以融入群体，而非直接表达购买意向。
achun1999,美容护肤,生日礼物生日礼物生日礼物,0,该用户可能在暗示主播推荐适合作为生日礼物的产品，或者希望主播为生日主题的商品提供优惠。
achun1999,美容护肤,洗么?,0,该用户可能在询问直播中提到的某款洁面产品是否适合敏感肌使用，或是想确认产品的清洁效果是否温和。
achun1999,美容护肤,想要去皱纹的,1,该用户可能在询问直播间是否有抗皱功效的产品，表达了对去皱纹类护肤品的购买意向。
achun1999,美容护肤,阿纯问专家大秀知不知道[捂脸],0,该用户可能在调侃主播阿纯与专家互动时的搞笑场面，暗示他们对产品介绍不够专业或出现了有趣的小插曲。
achun1999,美容护肤,防晒防晒,1,该用户可能在催促主播尽快介绍或上架防晒产品，表达了对防晒用品的强烈兴趣和购买意愿。
achun1999,美容护肤,"哈哈哈哈,看到有人破产了",0,该用户可能在调侃直播间里有人因抢购或参与活动而“破产”（花了很多钱），以此表达对购物热潮的轻松调侃或对他人消费行为的幽默观察。
achun1999,美容护肤,生日快乐生日礼物,0,该用户可能在暗示主播推荐适合作为生日礼物的产品，或是希望直播间提供相关的优惠活动。
achun1999,美容护肤,黑皮肤能用吗,1,该用户想询问产品是否适合深色肤质的人群使用。
achun1999,美容护肤,素颜霜,1,该用户可能是在询问或表达对直播间正在介绍的素颜霜产品的兴趣，比如想了解详情或希望主播展示该产品。
achun1999,美容护肤,"1w人在线,中福袋太难了",0,该用户是在感叹直播间人气很高但自己运气不佳，没能抽中福袋福利。
achun1999,美容护肤,西瓜霜有没有活动西瓜霜有没有活动西瓜霜有没有活动西瓜霜有没有活动,1,该用户急切地询问西瓜霜这款产品是否有促销优惠，表现出明确的购买意向和重复强调的关注心态。
achun1999,美容护肤,敏感肌可以用吗,1,该用户想询问产品是否适合敏感肌肤使用，表现出对产品安全性的关注和潜在的购买意向。
achun1999,美容护肤,求好运连连鲤鱼附体!,0,该用户希望通过发送吉祥话表达对直播间的祝福，并暗示自己期待中奖或获得好运的心理。
achun1999,美容护肤,生日礼物生日礼物,0,该用户可能是在催促主播推荐或展示适合作为生日礼物的产品，表达明确的购买需求。
achun1999,美容护肤,有男式洗发水吗?油性头发,1,该用户是在询问直播间是否有适合油性发质的男士洗发水产品，表现出明确的购买需求和品类偏好。
achun1999,美容护肤,@纳选-强圣手机维修工作室护肤品不分男女哦,0,该用户是在提醒直播间观众或主播，护肤产品的适用性不受性别限制，暗示当前讨论的护肤品男性同样可以使用。
achun1999,美容护肤,生日礼物,0,该用户可能在询问直播间是否有适合作为生日礼物的产品推荐或促销活动。
achun1999,美容护肤,中福袋,0,该用户想表达的是希望自己能幸运抽中直播间发放的福袋奖品。
achun1999,美容护肤,@Ocean.Z（洋洋）,0,该用户可能是在向主播或某位观众打招呼或寻求互动，结合前文频繁出现的“生日礼物”关键词，不排除是在询问或暗示与生日相关的产品信息。
achun1999,美容护肤,破产了,0,该用户是在调侃自己因频繁参与直播间的抽奖或购物活动而导致“经济受损”，带有自嘲和玩笑的意味。
achun1999,美容护肤,支持阿纯,0,该用户想表达的含义是：对主播阿纯表示鼓励或认可。
achun1999,美容护肤,还有眼膜呢,1,该用户可能是注意到直播中提到的眼膜产品，表达了对该商品的关注或询问是否有相关介绍或优惠。
achun1999,美容护肤,控油有没,1,该用户是在询问产品是否具有控油功效。
achun1999,美容护肤,生日礼物生日礼物生日礼物,0,该用户可能在强调自己需要挑选生日礼物，并希望主播推荐相关产品或提供优惠信息。
achun1999,美容护肤,生日快乐,0,该用户可能是希望主播或品牌方在生日相关主题下推出优惠活动或赠送生日礼物。
achun1999,美容护肤,控油霜怎么没了,1,该用户可能在询问直播间之前提到的控油产品为何下架或售罄，表达了对该商品的购买意向和急切关注。
achun1999,美容护肤,谈一下窗,0,该用户想询问主播是否会谈及关于“窗”（可能是某款产品或活动名称）的相关信息或优惠。
achun1999,美容护肤,刚从大秀那出来又来阿纯这里钱包哗哗地流呀,0,该用户想表达的含义是：刚在另一个直播间消费完，又来这个直播间继续购物，感觉花钱如流水。
achun1999,美容护肤,生日礼物生日礼物,0,该用户可能是在询问或暗示主播推荐适合作为生日礼物的产品。
achun1999,美容护肤,防晒霜没现货链接了吗[流泪],1,该用户急切地询问防晒霜是否已经售罄，并流露出因可能错过购买机会而感到遗憾的情绪。
achun1999,美容护肤,这是什么,0,该用户可能是对当前直播展示的商品或活动内容感到疑惑，想询问具体信息以便进一步了解是否值得购买。
achun1999,美容护肤,生日礼物生日礼物生日礼物,0,该用户可能是在询问或暗示主播推荐适合作为生日礼物的产品。
achun1999,美容护肤,太划算了吧,1,该用户被直播间的促销活动吸引，认为商品价格非常优惠并产生了强烈的购买欲望。
achun1999,美容护肤,去黑头哪个呀?,1,该用户想询问直播间推荐的具体去黑头产品是什么。
achun1999,美容护肤,有没有沐浴露,1,该用户可能在询问直播间是否有沐浴露产品，并隐含对购买该产品的兴趣。
achun1999,美容护肤,"去年228两罐,太划算了",1,该用户是在对比当前价格与去年的优惠力度，暗示现在购买不如去年划算，可能希望主播能给出类似的折扣。
achun1999,美容护肤,生日快乐生日礼物,0,该用户可能是在询问直播间是否有适合作为生日礼物的产品推荐，或是希望主播介绍相关商品。
achun1999,美容护肤,人参霜,1,该用户可能在询问或表达对直播间提到的“人参霜”产品的兴趣，想了解相关功效或购买信息。
achun1999,美容护肤,生日快乐,0,该用户可能是在主播生日或促销活动的氛围下，通过祝福语暗示对生日主题商品（如生日礼物类产品）的关注或购买意向。
achun1999,美容护肤,人参霜没有嘛,1,该用户想表达的含义是：询问直播间是否已经没有人参霜这款产品在售。
achun1999,美容护肤,洗面奶,1,该用户可能在询问直播间是否有洗面奶产品，或是想了解当前正在介绍或展示的洗面奶相关信息。
achun1999,美容护肤,我228买过2瓶,0,该用户想表达的含义是：我之前以228元的价格购买过两瓶这个产品，觉得价格划算。
achun1999,美容护肤,怎么使用,1,该用户可能在询问直播中提到的某款产品的具体使用方法。
achun1999,美容护肤,玫瑰精油,1,该用户可能是在询问直播间是否有售卖玫瑰精油产品或想了解相关产品信息。
achun1999,美容护肤,生日礼物[捂脸],0,该用户可能在暗示主播推荐适合作为生日礼物的产品，并表达了自己因选择礼物而有些无奈或纠结的情绪。
achun1999,美容护肤,护发精油有嘛,1,该用户是在询问直播间是否有护发精油这款产品可供购买。
achun1999,美容护肤,没买上,1,该用户想表达的含义是：错过了刚才的商品抢购机会，感到遗憾。
achun1999,美容护肤,开生日礼物,0,该用户是在询问直播间是否有适合作为生日礼物的商品推荐或促销活动。
achun1999,美容护肤,厉害厉害厉害,0,该用户可能在感叹主播展示的产品效果或优惠力度非常出色，表达强烈的赞赏和兴趣。
achun1999,美容护肤,还有黄金皂吗,1,该用户是在询问直播间是否还有黄金皂这款商品在售。
achun1999,美容护肤,厉害厉害厉害421,0,该用户可能是被直播间的促销力度或产品效果所震撼，用重复的“厉害”表达强烈赞叹，并可能附带提及了某个产品型号或价格（如“421”）以确认或强调其吸引力。
achun1999,美容护肤,卸妆油卸妆油卸妆油卸妆油,1,该用户可能在强烈询问或催促主播介绍/上架卸妆油产品。
achun1999,美容护肤,抢光了,1,该用户想表达的含义是：商品已经被抢购一空，自己没能成功下单。
achun1999,美容护肤,"没拍到,生日礼物",1,该用户因错过抢购而感到遗憾，原本想将商品作为生日礼物送出。
achun1999,美容护肤,"我意思,这次合算,买",0,该用户认为当前促销活动价格划算，决定下单购买。
achun1999,美容护肤,"老是亏钱,一定要赚钱",0,该用户可能在抱怨自己之前购物时总是吃亏，现在下定决心要抓住这次直播的优惠机会买到划算的商品。
achun1999,美容护肤,给力支持,0,该用户想表达的含义是：对直播间的促销活动或产品价格表示赞赏和认可，愿意支持购买。
achun1999,美容护肤,素颜霜,1,该用户可能在询问主播是否有售卖或介绍素颜霜这款产品。
achun1999,美容护肤,磨砂膏,1,该用户可能在询问直播间是否有磨砂膏产品，或是表达对磨砂膏的兴趣和购买意向。
achun1999,美容护肤,西瓜霜,1,该用户可能在询问直播间是否有售卖西瓜霜这款产品。
achun1999,美容护肤,没了?,1,该用户可能是在询问直播间此前展示的某款商品是否已经售罄或下架，表达了对该商品的关注和购买意向。
achun1999,美容护肤,好运来生日礼物,0,该用户可能在询问直播间是否有适合作为生日礼物的“好运来”相关产品，或是希望主播推荐此类商品。
achun1999,美容护肤,洗发膏,1,该用户可能在询问直播间是否有洗发膏这款产品，或对其功效和价格产生兴趣。
achun1999,美容护肤,中福袋,0,该用户想表达的含义是：询问自己是否被抽中直播间发放的福利奖品。
achun1999,美容护肤,洗面奶,1,该用户可能在询问直播间是否有洗面奶产品上架或促销。
achun1999,美容护肤,沐浴露沐浴露,1,该用户可能在催促主播介绍或上架沐浴露产品，表现出明确的购买意向。
achun1999,美容护肤,黄黑皮,1,该用户可能是在询问主播推荐适合黄黑肤色使用的产品。
achun1999,美容护肤,控油霜怎么没有了,1,该用户是在询问直播间此前上架的控油霜为何下架或售罄，并可能隐含希望补货或再次购买的需求。
achun1999,美容护肤,生日礼物生日礼物,0,该用户可能是在询问或暗示主播推荐适合作为生日礼物的产品。
achun1999,美容护肤,有吗有没有沐浴露,1,该用户是在询问直播间是否还有沐浴露这款产品在售。
achun1999,美容护肤,面膜没货了,1,该用户想表达的含义是：询问或遗憾地指出面膜已经售罄，可能希望主播补货或确认是否还会上架。
achun1999,美容护肤,"洗面奶,洗面奶,洗面奶,洗面奶,洗面奶,洗面奶,洗面奶,洗面奶,洗面奶,洗面奶,洗面奶,洗面奶,洗面",1,该用户可能是在急切询问或强烈要求主播上架洗面奶，并通过重复刷屏的方式强调自己的需求。
achun1999,美容护肤,牙膏牙膏牙膏牙膏牙膏牙膏牙膏牙膏牙膏牙膏牙膏牙膏牙膏牙膏牙膏,1,该用户可能是在急切询问或催促主播上架牙膏，或是表达对牙膏商品的强烈兴趣和购买意愿。
achun1999,美容护肤,太沉了,0,该用户可能是在抱怨当前展示的商品（如沐浴露或洗面奶等大容量洗护产品）包装过大或重量超出预期，暗示携带或使用不便。
achun1999,美容护肤,控油霜上,1,该用户想表达的含义是：询问控油霜是否已经上架或何时补货。  （结合前文“控油霜怎么没有了”的弹幕背景，用户可能注意到产品缺货，此时“控油霜上”是催促或确认商品重新上架的急切表达。）
achun1999,美容护肤,牙膏牙膏牙膏,1,该用户急切地询问或催促主播上架牙膏产品。
achun1999,美容护肤,2号链接是开完价格的啊,0,该用户可能在询问或确认2号链接的商品是否已经标明了最终售价（即无需再议价或砍价）。  （结合前文弹幕高频出现的商品名和缺货焦虑，用户可能对价格敏感，且希望快速了解购买条件。）
achun1999,美容护肤,黑黄皮怎么办,1,该用户可能在询问主播是否有适合黑黄肤色人群使用的化妆品或护肤品推荐。
achun1999,美容护肤,一次要涂很多发膜吗,1,该用户是在询问使用发膜的具体用量，表现出对产品实际使用方法的关注和潜在的购买意向。
achun1999,美容护肤,控油霜,1,该用户是在询问或提醒主播关于控油霜的库存或上架情况。
achun1999,美容护肤,"亏本是不可能亏本的,最多保本清仓",0,"该用户是在调侃主播声称""亏本清仓""的促销话术，暗示商家不可能做赔本买卖，最多只是保本销售。"
achun1999,美容护肤,卸妆油卸妆油卸妆油,1,该用户迫切想了解或购买直播间的卸妆油产品。
achun1999,美容护肤,同款精油洗发水呢,1,该用户是在询问直播间是否有主播正在使用的同款精油洗发水，并表现出明确的购买意向。
achun1999,美容护肤,男士能用吗,1,该用户是在询问当前推荐的产品是否适合男性使用，隐含对产品适用性的潜在购买兴趣。
achun1999,美容护肤,@健身小白却很黑护肤品不分男女哦,0,该用户想表达的含义是：护肤品的使用不分性别，男性也可以使用这款产品。
achun1999,美容护肤,沐浴露,1,该用户可能在询问直播间是否有沐浴露产品上架或想了解相关产品信息。
achun1999,美容护肤,怎么用,1,该用户可能在询问某个产品的具体使用方法或操作步骤。
achun1999,美容护肤,这个发根用还是发丝用呀?,0,该用户是在询问产品（可能是护发产品）的具体使用部位，想确认是涂抹在发根还是发丝上。
achun1999,美容护肤,"此生Z大场,机制仅一次",0,该用户想表达的含义是：这次直播的优惠力度是前所未有的，且活动仅限本次机会不容错过。  （结合前文弹幕高频出现的产品追问和促销关键词（如“机制”“亏本清仓”），用户可能被直播间的限时促销话术感染，强调当前活动的稀缺性和紧迫性，以此激发购买冲动。）
achun1999,美容护肤,"洗面奶,洗面奶,洗面奶,洗面奶,洗面奶,洗面奶,洗面奶,洗面奶,洗面奶,洗面奶,洗面奶",1,"该用户强烈表达对洗面奶的急切需求或对当前洗面奶产品的重点关注，可能是催促主播介绍/上架该商品或询问库存情况。  （分析依据：高频重复关键词体现迫切性，结合前文同类弹幕模式如""牙膏牙膏牙膏""的求购倾向，且直播间存在缺货提醒""面膜没货了""，推测用户通过刷屏方式确保需求被主播捕捉。）"
achun1999,美容护肤,洗面奶,1,该用户可能是在询问或催促主播介绍洗面奶的相关信息或购买链接。
achun1999,美容护肤,牙膏呢,1,该用户是在询问直播间是否会上架或介绍牙膏产品，表现出对牙膏的关注和潜在购买意向。
achun1999,美容护肤,这怎么用,1,该用户可能想询问当前展示产品的具体使用方法或操作步骤。
achun1999,美容护肤,卸妆油,1,该用户可能在询问卸妆油的产品信息或表达对这款商品的兴趣。
achun1999,美容护肤,素颜霜,1,该用户可能在询问主播是否有推荐或介绍素颜霜产品，或是想了解素颜霜的使用效果和适用性。
achun1999,美容护肤,卸妆油卸妆油卸妆油卸妆油卸妆油卸妆油卸妆油卸妆油卸妆油卸妆油卸妆油,1,该用户可能是在强烈催促主播上架或详细介绍卸妆油产品，或是表达对卸妆油的急切需求和高度关注。
achun1999,美容护肤,一天直播卖货赚几钱万,0,该用户可能在质疑主播的盈利动机，暗示直播卖货收入过高或不合理。
achun1999,美容护肤,洗面奶洗面奶,1,该用户急切想了解或购买直播间正在推荐的洗面奶产品。
achun1999,美容护肤,素颜霜素颜霜,1,该用户急切想了解或购买直播间正在推荐的素颜霜产品。
achun1999,美容护肤,卸妆油呢,1,该用户是在急切询问主播何时讲解或上架卸妆油产品，表现出明确的购买意向和关注。
achun1999,美容护肤,人参面霜,1,该用户可能在询问或表达对直播间提到的“人参面霜”产品的兴趣或购买意向。
achun1999,美容护肤,买了好多了[比心][比心][比心],0,该用户想表达的含义是：我已经下单了不少产品，对这次直播的购物体验很满意。  （结合前文弹幕高频提及具体商品和购买咨询，该用户通过“买了好多了”表明实际消费行为，配合“[比心]”表情传递积极情绪，属于典型的购买兴趣确认和正向反馈。）
achun1999,美容护肤,能抹头皮吗,1,该用户是在询问产品是否可以直接涂抹在头皮上使用。
achun1999,美容护肤,过完了吗,0,该用户可能是在询问当前展示的产品介绍或促销环节是否已经结束，想确认是否还有后续内容或新品推荐。
achun1999,美容护肤,磨砂膏,1,该用户可能在询问或暗示对直播中提到的磨砂膏产品感兴趣，想了解其详情或表达购买意向。
achun1999,美容护肤,西瓜霜,1,该用户可能在询问直播间是否有售卖西瓜霜产品或相关使用信息。
achun1999,美容护肤,护发精油,1,该用户可能是在询问或表达对护发精油产品的兴趣，比如想了解其功效、使用方法或是否有优惠活动。
achun1999,美容护肤,"看五个小时了,好累,主播累不累",0,该用户想表达的含义是：长时间观看直播感到疲惫，同时关心主播的直播状态。
achun1999,美容护肤,沐浴露呢,1,该用户是在询问主播何时介绍或上架沐浴露产品，表现出对该商品的购买兴趣或需求。
achun1999,美容护肤,素颜霜素颜霜素颜霜素颜霜,1,该用户可能在强烈表达对素颜霜的兴趣或催促主播尽快介绍/上架该产品。
achun1999,美容护肤,支持加油加油,0,该用户可能是在为主播打气，表达对直播内容的认可和支持，但并未直接表现出明确的购买意向。
achun1999,美容护肤,"过完了吗,我看了5小时",0,该用户可能是在询问直播是否即将结束，同时略带疲惫地表达自己已经长时间观看但尚未看到心仪商品的信息。
achun1999,美容护肤,破产咯生日礼物,0,该用户想表达的含义是：为了买生日礼物已经花到快破产了。
achun1999,美容护肤,微乳酸平衡霜,1,该用户可能是在询问或提及直播中提到的某款平衡霜产品，表达对其功效或购买方式的兴趣。
achun1999,美容护肤,发膜儿童能用吗,1,该用户是在询问这款发膜是否适合儿童使用，可能对其安全性或适用性存在顾虑。
achun1999,美容护肤,胶原刀,1,该用户可能是在询问或提及直播间正在介绍或推荐的某款美容仪器产品。
achun1999,美容护肤,眼霜眼霜眼霜,1,该用户可能在急切地询问或催促主播介绍眼霜产品，表现出较强的购买意向。
achun1999,美容护肤,根叶海洋有点像,0,该用户可能是在将当前直播中提到的某款产品（如面霜或护肤品）与“根叶海洋”这一品牌或产品进行类比，暗示两者有相似之处，从而表达对该产品的兴趣或好奇。
achun1999,美容护肤,生日礼物生日礼物,0,该用户可能在催促主播介绍或推荐适合作为生日礼物的产品。
achun1999,美容护肤,上下素颜霜,1,该用户想表达的含义是：询问主播是否会上架或介绍素颜霜产品。
achun1999,美容护肤,柔肤水,1,该用户可能在询问或暗示主播介绍柔肤水产品，或是表达对柔肤水这类商品的购买兴趣。
achun1999,美容护肤,牙膏牙膏牙膏牙膏牙膏牙膏牙膏牙膏牙膏牙膏牙膏牙膏牙膏牙膏牙膏牙膏牙膏牙膏牙膏牙膏牙膏牙膏牙膏牙膏牙膏,1,该用户可能是在催促主播尽快介绍或上架牙膏产品，或是通过重复刷屏表达对牙膏的强烈兴趣和购买意愿。
achun1999,美容护肤,玫瑰精油,1,该用户可能是在询问或催促主播介绍玫瑰精油产品，表达了对这款商品的兴趣或购买意向。
achun1999,美容护肤,平衡霜,1,该用户想表达的含义是：询问主播是否已经介绍或即将介绍平衡霜这款产品。
achun1999,美容护肤,黑玫瑰精油还有么,1,该用户是在询问黑玫瑰精油的库存情况，表达了对该产品的购买意向和迫切需求。
achun1999,美容护肤,磨砂给我,1,该用户想要购买或询问是否有磨砂质地的产品。
achun1999,美容护肤,牙膏牙膏牙膏牙膏牙膏牙膏,1,该用户急切地询问或催促主播介绍牙膏产品。
achun1999,美容护肤,"此生Z大场,机制仅一次",0,该用户想表达的含义是：这是品牌年度最优惠的促销活动，错过这次就不会再有同样的优惠机制了。
achun1999,美容护肤,洗面奶,1,该用户可能在询问或催促主播介绍或上架洗面奶产品。
achun1999,美容护肤,毯子毯子,1,该用户可能在急切询问或强烈要求主播展示/介绍毯子产品，表达明确的购买意向。
achun1999,美容护肤,磨砂膏,1,该用户可能在询问或表达对直播间正在介绍的磨砂膏产品的兴趣，希望了解详情或示意主播展示该商品。
achun1999,美容护肤,毛毯呢,1,该用户可能在询问直播间是否还有毛毯商品在售或何时展示毛毯产品。
achun1999,美容护肤,生日礼物,0,该用户可能在询问直播间是否有适合作为生日礼物的产品推荐或优惠活动。
achun1999,美容护肤,牙膏牙膏,1,该用户急切地催促主播介绍或上架牙膏产品，可能是被之前频繁出现的“牙膏”弹幕带动，或对当前展示的牙膏促销活动表现出强烈兴趣。
achun1999,美容护肤,素颜霜呢,1,该用户可能在询问主播何时介绍或展示素颜霜产品，表达了对这款商品的关注和购买兴趣。
achun1999,美容护肤,"上下素颜霜,要带娃呢",1,该用户想表达的含义是：询问主播是否会上架素颜霜产品，并表示自己有带娃的需求因此对该产品感兴趣。
achun1999,美容护肤,"牙膏没看见牙膏,没看见牙膏没看见能不能上一下牙膏",1,该用户急切地询问主播何时能上架牙膏产品，并表现出强烈的购买意愿。
achun1999,美容护肤,没抢到,1,该用户想表达的是对没抢到心仪商品（很可能是牙膏）的遗憾和不满。
achun1999,美容护肤,陪五个小时就等着牙膏呢,1,该用户想表达的含义是：自己耐心等待了很长时间，就是冲着购买牙膏而来的。
achun1999,美容护肤,没有呀,0,该用户想表达的含义是：没有看到或找到想要的商品（可能是牙膏或其他被频繁提及的产品）。
achun1999,美容护肤,干啥呢,0,该用户可能在催促主播加快节奏或询问当前正在介绍的商品是什么。
achun1999,美容护肤,我居然看了五小时,0,该用户想表达的含义是：没想到自己为了抢购牙膏竟然坚持观看了这么久的直播。
achun1999,美容护肤,没抢到啊,1,该用户想表达的是对未能成功抢购到心仪商品的遗憾和失望。
achun1999,美容护肤,不能这样,0,该用户可能在抱怨直播间的商品上架或抢购机制不合理，导致自己没能买到想要的商品。
achun1999,美容护肤,牙膏什么时候上,1,该用户急切询问牙膏产品的上架时间，表现出强烈的购买意愿和等待已久的不耐烦情绪。
achun1999,美容护肤,你在干嘛?,0,该用户可能在催促主播加快节奏或表达对当前流程拖沓的不满，暗示“为什么还不推进商品上架/讲解”。
achun1999,美容护肤,洗发膏,1,该用户可能在询问或催促主播上架洗发膏产品，表达对该商品的购买兴趣或需求。
achun1999,美容护肤,香皂没抢到,1,该用户因未能成功购买到心仪商品而感到遗憾和不满。
achun1999,美容护肤,控油乳没了,1,该用户想表达的含义是：之前上架的控油乳已经售罄，希望主播能尽快补货或重新上架。
achun1999,美容护肤,胶原刀胶原刀,1,该用户急切催促主播上架或介绍“胶原刀”产品，可能是看到其他商品陆续被提及后担心错过自己想要的商品。
achun1999,美容护肤,素颜霜素颜霜,1,该用户急切催促主播尽快上架或介绍素颜霜产品，可能因之前多次询问未果或担心再次错过抢购机会。
achun1999,美容护肤,平衡霜,1,该用户可能在催促主播尽快上架或介绍“平衡霜”这款产品，表现出对该商品的购买兴趣和急切心情。
achun1999,美容护肤,还没来得及,0,该用户想表达的含义是：还没赶上直播间的商品上架或抢购。
achun1999,美容护肤,卸妆油卸妆油卸妆油卸妆油卸妆油卸妆油卸妆油卸妆油卸妆油卸妆油卸妆油卸妆油卸妆油卸妆油卸妆油卸妆油卸妆,1,该用户急切催促主播上架卸妆油，可能是因多次重复同类产品的弹幕未被回应而产生的焦虑情绪。
achun1999,美容护肤,牙膏牙膏牙膏,1,该用户急切催促主播尽快上架牙膏产品，表现出强烈的购买意愿和等待焦虑。
achun1999,美容护肤,素颜霜素颜霜素颜霜素颜霜,1,该用户急切催促主播尽快上架或介绍素颜霜产品，表现出强烈的购买意愿。
achun1999,美容护肤,不可以,0,该用户可能是在对主播未及时上架牙膏或其他商品表示不满或失望。
achun1999,美容护肤,是啊我也要眼霜,1,该用户看到其他观众频繁提及护肤品后，产生了明确的购买意向，表示自己也想要购买直播中提到的眼霜产品。
achun1999,美容护肤,我坐的腰疼,0,该用户可能是想委婉表达自己因长时间观看直播而感到疲惫，暗示主播加快节奏或直接进入自己感兴趣的产品环节。
achun1999,美容护肤,中个福袋啊,0,该用户想表达的含义是：希望能幸运获得直播间发放的福利奖品。  （结合前文弹幕中频繁出现的商品名称和抢购失败的抱怨，可推断用户处于积极参与互动但尚未如愿的状态，因此通过“福袋”表达对福利的迫切期待。）
achun1999,美容护肤,这个精油皂有啥用啊,1,该用户想表达的含义是：想了解这款精油皂的具体功效和用途是否值得购买。
achun1999,美容护肤,早就叫你坐了,0,该用户是在抱怨主播没有及时介绍或上架某款产品，导致自己错过购买机会或等待太久。
achun1999,美容护肤,人参爽,1,该用户想表达的含义是：想要购买或了解直播间正在推荐的人参类护肤品（可能是“人参爽肤水”或其他相关产品）。  （结合前文弹幕高频出现的护肤品类词汇如“素颜霜”“卸妆油”等，用户大概率在跟风询问或催促上架某款含人参成分的产品，且名称可能是缩略表达。）
achun1999,美容护肤,玫瑰抛光液,1,该用户可能是在询问或催促主播介绍/上架玫瑰抛光液这款产品，表达了对该商品的购买兴趣或需求。
achun1999,美容护肤,牙膏牙膏,1,该用户急切催促主播尽快上架或介绍牙膏产品，可能是担心再次错过购买机会（类似此前“香皂没抢到”的遗憾）。  （解析：结合前文“牙膏什么时候上”的询问和“卸妆油”“素颜霜”等重复刷屏的抢购式弹幕模式，可推断用户通过密集重复关键词表达强烈购买意向，属于直播间的典型抢购催促行为。）
achun1999,美容护肤,付了防晒的订金,0,该用户想表达的是已经为防晒产品预付了定金，表明有明确的购买意向并完成了初步下单动作。  （结合前文弹幕中频繁出现的产品名称和抢购氛围，可推断直播间正在促销美妆个护类商品，用户受商品讨论和抢购情绪感染，直接参与了防晒产品的预售环节。）
achun1999,美容护肤,洗面奶,1,该用户可能在询问或表达对直播间正在介绍的洗面奶产品的兴趣或需求。
achun1999,美容护肤,生日礼物,1,该用户可能在询问或暗示主播是否有适合作为生日礼物的推荐商品。
achun1999,美容护肤,我都躺着了[捂脸][捂脸][捂脸],0,该用户想表达的含义是：自己因为观看直播时间太久已经累得躺下了，略带无奈和调侃的语气。
achun1999,美容护肤,洗面奶介绍了吗,1,该用户是在询问主播是否已经讲解过洗面奶这款产品，表现出对洗面奶的具体关注和潜在购买意向。
achun1999,美容护肤,素颜霜素颜霜素颜霜素颜霜素颜霜素颜霜,1,该用户迫切希望主播详细介绍或展示素颜霜产品。
achun1999,美容护肤,面膜可以再上一下吗,1,该用户希望主播重新上架或补货面膜，表达了对该产品的购买意愿。
achun1999,美容护肤,颈膜颈膜,1,该用户想表达的含义是：希望主播再次介绍或上架颈膜产品。
achun1999,美容护肤,"太多心动的了,可惜囊中羞涩生日礼物",0,该用户想表达的含义是：直播间的商品很吸引人，但自己因预算有限只能选择购买生日礼物这类必需品。  （结合前文语境：弹幕中频繁出现具体商品名称如“卸妆油”“素颜霜”，且有“付了订金”“生日礼物”等消费相关表达，说明直播间购物氛围浓厚；用户通过“囊中羞涩”和“生日礼物”的对比，暗示在众多心动商品中因经济压力被迫理性消费。）
achun1999,美容护肤,防晒开价了吗?,1,该用户是在询问防晒产品是否已经开放了优惠价格或促销活动。
achun1999,美容护肤,早就喊你坐了,0,该用户是在调侃或附和之前有人抱怨久坐不适的弹幕，可能带有玩笑性质地表示“早就提醒过你该休息了”。
achun1999,美容护肤,啥时候进军穿搭行业,0,该用户是在询问直播间未来是否会拓展到服饰搭配类产品的销售领域。
achun1999,美容护肤,素颜霜素颜霜素颜霜,1,该用户迫切希望主播介绍或重新上架素颜霜产品。
achun1999,美容护肤,"我躺着看的,腰一点也不疼[呲牙][呲牙]",0,该用户是在以轻松调侃的方式回应前面关于“久坐腰疼”的讨论，暗示自己选择了更舒适的观看姿势（躺着）来避免不适，同时透露出对直播内容的持续关注和放松享受的状态。
achun1999,美容护肤,吃饭饭,0,该用户可能是在以轻松调侃的语气表达自己正在边吃饭边观看直播，暗示自己虽有兴趣但当前注意力不完全在商品上。
achun1999,美容护肤,净肤哲学洗面奶,1,该用户可能在询问或提醒主播介绍这款洗面奶的产品信息。
achun1999,美容护肤,护发精油,1,该用户可能在询问或提醒主播介绍护发精油产品，表达对该商品的兴趣或购买意向。
achun1999,美容护肤,素颜霜上不,1,该用户是在询问素颜霜是否还会再次上架或补货。
achun1999,美容护肤,休息休息休息休息休息休息休息休息休息休息休息休息休息休息休息休息休息休息,0,该用户可能是在用重复的“休息”表达对直播节奏过慢或内容重复的无聊感，暗示主播需要调整节奏或切换话题。
achun1999,美容护肤,坐下更帅了,0,该用户可能在调侃主播坐下后的状态更吸引人，暗示对主播表现或推荐的产品产生了兴趣。
achun1999,美容护肤,把阿纯上架,0,该用户是在呼吁主播将提到的“阿纯”这款产品上架销售。
achun1999,美容护肤,生日礼物生日礼物,0,该用户可能在暗示主播推荐适合作为生日礼物的产品，或是询问之前提到的某款商品是否适合送人。
achun1999,美容护肤,我都躺着啦,0,该用户想表达自己正在以放松的姿态观看直播，暗示自己处于舒适且持续关注的状态。
achun1999,美容护肤,休息会,0,"该用户可能是想建议主播暂停产品介绍稍作休息，或是看到其他观众频繁刷""休息""后跟风互动。"
achun1999,美容护肤,没福袋了,0,该用户可能在暗示直播间的福利活动（如福袋抽奖）已经结束，感到有些遗憾或催促主播补充福利。
achun1999,美容护肤,卸妆油,1,该用户可能是在询问或要求主播介绍/上架卸妆油产品。
achun1999,美容护肤,纯啊你累不,0,该用户可能在关心主播的状态，委婉提醒主播可以适当休息放松一下。
achun1999,美容护肤,磨砂膏,1,该用户可能在询问或催促主播介绍/上架磨砂膏产品，表达对该商品的购买兴趣或需求。
achun1999,美容护肤,地震了吗?,0,该用户可能是在调侃直播间的热烈氛围或频繁的互动节奏，暗示现场气氛像地震一样热闹。
achun1999,美容护肤,牙膏牙膏牙膏牙膏牙膏牙膏牙膏牙膏牙膏牙膏牙膏牙膏牙膏牙膏牙膏牙膏牙膏牙膏牙膏牙膏牙膏牙膏牙膏牙膏,1,该用户可能在用刷屏方式强烈催促主播介绍或上架牙膏产品，表达急切的购买意愿或对牙膏的高度关注。
achun1999,美容护肤,阿纯面膜,1,"该用户是在催促主播尽快上架或详细介绍""阿纯面膜""这款产品。"
achun1999,美容护肤,有没有不同的产品在一起的套装,1,该用户是在询问主播是否提供多款产品的组合优惠套装。
achun1999,美容护肤,黑玫瑰精油!!!!!!!!!!!!,1,该用户想表达对黑玫瑰精油的强烈兴趣或迫切购买欲望。
achun1999,美容护肤,生日礼物,1,该用户可能在询问直播间是否有适合作为生日礼物的推荐产品。
achun1999,美容护肤,卸妆油卸妆油卸妆油卸妆油卸妆油卸妆油卸妆油卸妆油卸妆油卸妆油卸妆油,1,该用户强烈要求主播上架或介绍卸妆油产品，可能是看到其他观众提到同类产品后产生了迫切需求。
achun1999,美容护肤,脸好干好干好干好干,1,该用户可能在表达自己脸部皮肤干燥的问题，并暗示对直播间相关护肤产品的兴趣或需求。
achun1999,美容护肤,五个小时了,0,该用户可能是在感叹直播时间过长，暗示主播或观众已经疲惫需要休息。
achun1999,美容护肤,面膜在上一下,1,该用户想表达的含义是：希望主播重新上架之前提到的面膜产品。  （结合前文弹幕中频繁提及具体产品名称（如“阿纯面膜”“卸妆油”）和催促上架的语境，可推断用户因错过或想再次购买面膜而主动要求补货。）
achun1999,美容护肤,胶原刀,1,该用户可能是想询问或提醒主播介绍/上架一款名为“胶原刀”的美容仪器或产品。  （分析依据：结合前文弹幕中频繁出现的护肤类产品名称（如卸妆油、面膜、精油）和美容需求（如“脸好干”），以及用户重复刷产品名的行为模式（如“牙膏”“卸妆油”），可推断“胶原刀”大概率是用户关注的商品名称，表达主动购买意向或催促主播讲解。）
achun1999,美容护肤,那个精致刀在哪里,1,该用户是在询问直播中提到的“精致刀”产品的具体购买链接或展示位置，表现出明确的购买意向。
achun1999,美容护肤,牙膏呢,1,该用户是在催促主播尽快展示或上架牙膏产品，表现出明确的购买意向和急切需求。
achun1999,美容护肤,这个香皂是洗脸的吗,1,该用户可能是在确认产品的具体用途，想了解这款香皂是否适合用于面部清洁，隐含对产品的潜在购买兴趣。
achun1999,美容护肤,抢到香皂啦[鼓掌],0,该用户想表达的含义是：成功下单购买了香皂并感到开心满足。  （结合前文弹幕中频繁提及具体商品如“牙膏”“卸妆油”“香皂”等，以及用户对“香皂”功能的询问，可推断直播间正在促销日化用品，而目标用户通过互动抢购到心仪商品后表达兴奋情绪。）
achun1999,美容护肤,素颜霜素颜霜素颜霜素颜霜素颜霜,1,该用户迫切希望主播展示或讲解素颜霜产品，可能是对之前提到的其他护肤品的延伸关注或出于个人需求强烈催促上架。
achun1999,美容护肤,小学生,0,该用户可能在调侃主播或观众表现得过于幼稚或单纯，类似“小学生水平”的戏谑表达。
achun1999,美容护肤,纯妈给个工作呢,0,该用户可能在询问主播能否提供某个产品的试用机会或优惠活动。
achun1999,美容护肤,人参水乳,1,该用户可能是在询问或表达对直播间提到的“人参水乳”这款护肤产品的兴趣或购买意向。
achun1999,美容护肤,洗发膏,1,该用户可能是想询问或确认直播间是否有洗发膏产品，表达了对该商品的兴趣或需求。
achun1999,美容护肤,"要过品了吗,那我也去搬砖了",0,该用户想表达的含义是：听说要换产品展示了，我先去忙其他事情了。
achun1999,美容护肤,黑玫瑰精油!!!!!!!!!!!,1,该用户想表达的含义是：对黑玫瑰精油这款产品表现出强烈的兴趣和渴望购买的情绪。
achun1999,美容护肤,毯子毯子,1,该用户可能是在催促主播展示或讲解毯子产品，表达对毯子的强烈兴趣或购买意向。
achun1999,美容护肤,积雪草面膜,1,该用户可能是对积雪草面膜感兴趣，希望主播介绍或上架该产品。
achun1999,美容护肤,毛毯生日礼物,1,该用户可能在询问或暗示想将毛毯作为生日礼物购买，结合直播间的产品讨论氛围，表达了对该商品的潜在购买意向。
achun1999,美容护肤,素颜霜,1,该用户可能是在询问或催促主播介绍/上架素颜霜产品，表达了对该商品的购买兴趣或需求。
achun1999,美容护肤,"此生Z大场,机制仅一次",0,该用户想表达的含义是：这次直播是品牌方难得的大促活动，优惠机制仅限本次，暗示大家抓紧机会下单。
achun1999,美容护肤,播一下午了累坏了吧.休息会,0,该用户是在关心主播的疲劳状态，建议主播适当休息调整。
achun1999,美容护肤,控油乳还有吗,1,该用户是在询问直播间是否还有控油乳这款产品的库存，表现出明确的购买意向。
achun1999,美容护肤,"陪了五个小时,能送手链吗",0,该用户想表达的含义是：观看直播时间很久了，希望主播能赠送手链作为回馈。
achun1999,美容护肤,毛巾不上吗,1,该用户是在询问毛巾产品是否会在直播中上架售卖。
achun1999,美容护肤,"休息会吧,熬一下午了",0,该用户是在关心主播的身体状况，建议主播适当休息，因为直播持续时间较长。
achun1999,美容护肤,牙膏牙膏牙膏牙膏牙膏牙膏牙膏牙膏牙膏牙膏牙膏牙膏牙膏牙膏牙膏牙膏牙膏牙膏牙膏牙膏牙膏牙膏牙膏牙膏牙膏,1,该用户急切催促主播尽快介绍或上架牙膏产品。
achun1999,美容护肤,素颜霜素颜霜素颜霜素颜霜,1,该用户急切希望主播尽快介绍或上架素颜霜产品。
achun1999,美容护肤,毛毯还没上,1,该用户是在催促主播尽快上架毛毯商品，表现出对毛毯的购买意向和急切心情。
achun1999,美容护肤,肥皂有啥用,1,该用户可能是在询问肥皂的具体功效或使用场景，想确认产品是否值得购买。
achun1999,美容护肤,能送手链吗,0,该用户希望通过互动获得赠品福利，暗示对直播商品的兴趣。
achun1999,美容护肤,平衡乳,1,该用户可能在询问或催促主播介绍/上架一款名为“平衡乳”的产品。
achun1999,美容护肤,防晒上了吗,1,该用户是在询问直播间是否已经开始介绍或售卖防晒产品。
achun1999,美容护肤,"还有啥新的,准备撤了",0,该用户想表达的含义是：对当前展示的商品不感兴趣，询问是否有更吸引人的新品，否则就打算离开直播间了。
achun1999,美容护肤,我想说.冷凝胶,1,该用户可能是想询问或提醒主播介绍/上架冷凝胶产品。
achun1999,美容护肤,"@yong西藏,部分偏远地区可以联系商家客服哦",0,该用户是在提醒其他观众，如果收货地址属于偏远地区（如西藏），可以主动联系客服确认是否支持配送。
achun1999,美容护肤,生日礼物,1,该用户可能在询问是否有适合作为生日礼物的商品推荐。
achun1999,美容护肤,水还上吗,1,该用户是在询问直播间是否还会再次上架或补货“水”相关的商品。
achun1999,美容护肤,胶原蛋白,1,该用户可能是在询问或催促主播介绍胶原蛋白产品，或是表达对胶原蛋白商品的兴趣和需求。
achun1999,美容护肤,"西藏不发货西藏不发货,中个福袋吧",0,该用户因所在地区无法收货而感到失望，转而希望通过参与福袋抽奖获得补偿机会。
achun1999,美容护肤,卸妆油卸妆油卸妆油卸妆油卸妆油卸妆油卸妆油卸妆油卸妆油卸妆油卸妆油,1,该用户通过重复刷屏强烈表达对卸妆油产品的急切需求或催促主播尽快讲解/上架该商品。
achun1999,美容护肤,"西藏不发货,中个福袋吧",0,该用户因所在地区无法收货而转向参与抽奖活动，表达了一种无奈妥协的心态。
achun1999,美容护肤,我已经买了好多了,0,该用户想表达的含义是：我已经购买了不少商品，暂时不需要再买了。
achun1999,美容护肤,控油霜上一下,1,该用户希望主播尽快上架控油霜产品进行售卖。
achun1999,美容护肤,积雪草面膜,1,该用户可能在询问或催促主播介绍/上架积雪草面膜这款产品。
achun1999,美容护肤,玫瑰精油不上了?,1,该用户是在询问玫瑰精油这款产品是否还会在本次直播中继续售卖。
achun1999,美容护肤,西瓜霜,1,该用户可能在询问或催促主播上架“西瓜霜”这款产品。
achun1999,美容护肤,人参霜人参霜人参霜人参霜人参霜人参霜人参霜人参霜人参霜人参霜人参霜人参霜人参霜人参霜人参霜人参霜人参,1,该用户急切催促主播上架或详细介绍“人参霜”产品，可能是对其有强烈购买意向或希望获得更多产品信息。
achun1999,美容护肤,双生面霜独立装有吗?,1,该用户是在询问直播间是否有独立包装的双生面霜产品可供购买。
achun1999,美容护肤,去黑头的是哪个?,1,该用户是在询问直播间正在推荐的哪款产品具有去黑头的功效，表现出对特定护肤功能的购买兴趣。
achun1999,美容护肤,等一下午素颜霜了,1,该用户想表达的含义是：已经等待素颜霜这款产品很久了，迫切希望主播尽快介绍或上架。
achun1999,美容护肤,洗面奶好闻吗,1,该用户可能对洗面奶的气味比较在意，想了解产品使用体验后再决定是否购买。
achun1999,美容护肤,面膜在上点,1,该用户希望主播尽快补货或增加面膜的库存上架。
achun1999,美容护肤,买了两千有毛毯吗,0,该用户想确认消费满两千元是否能获得直播间承诺的赠品毛毯。
achun1999,美容护肤,"终于上洗面奶了,等了仨小时",1,该用户想表达的含义是：期待已久的洗面奶终于开售了，自己已经耐心等待了很久。  （释义要点：结合前文弹幕中频繁出现的产品催促（如“卸妆油”“人参霜”）和用户对“洗面奶”的询问，可推断该用户一直在关注此商品的上架进度，“等了仨小时”既体现迫切感，也隐含对直播节奏的轻微抱怨，但核心仍是强烈的购买意向。）
achun1999,美容护肤,毛孔精华没得?,1,该用户是在询问直播间是否会售卖或补货毛孔精华产品。
achun1999,美容护肤,生日礼物,0,该用户可能在询问直播间是否有适合作为生日礼物的商品推荐或促销活动。
achun1999,美容护肤,刚进来看看,0,该用户想表达的含义是：初次进入直播间，暂时处于观望状态，尚未形成明确的购买意向。
achun1999,美容护肤,双生双补霜可以上吗双生双补霜可以上吗双生双补霜可以上吗双生双补霜可以上吗,1,该用户急切询问主播是否会上架“双生双补霜”这款产品，表现出强烈的购买意愿和迫切需求。
achun1999,美容护肤,卸妆油没讲呢,1,该用户是在催促主播尽快讲解或上架卸妆油产品，表明其对这款商品有明确的购买意向或关注需求。
achun1999,美容护肤,素颜霜素颜霜,1,"该用户急切催促主播尽快介绍或上架素颜霜产品。  （结合前文可见直播间频繁出现产品名称重复刷屏的催促模式，且""等一下午素颜霜了""等弹幕已铺垫了用户等待焦虑，当前弹幕采用典型的三连刷式表达，属于明确购买意向的主动性催促行为。）"
achun1999,美容护肤,人参面霜,1,该用户可能是在催促主播介绍或上架人参面霜产品，表达明确的购买意向或对该商品的兴趣。
achun1999,美容护肤,面膜没了,1,该用户可能在暗示主播补货面膜或询问面膜是否还会再次上架。
achun1999,美容护肤,素颜霜,1,"该用户急切催促主播尽快上架或详细介绍素颜霜产品。  （结合前文可见""素颜霜""被多次提及，且有""等一下午素颜霜了""的明确等待表达，当前弹幕属于群体性催促行为中的一环，表现出对该产品的强烈关注和购买意向）"
achun1999,美容护肤,牙膏没看见,1,该用户想表达的含义是：当前直播画面或讲解中没有展示或提及牙膏产品，对此表示疑惑或催促上架。
achun1999,美容护肤,中奖生日礼物,0,该用户可能在询问直播间是否有作为生日礼物的抽奖活动或赠品。
achun1999,美容护肤,洗发膏还有吗?,1,该用户是在询问直播间是否还有洗发膏的库存，并透露出潜在的购买意向。
achun1999,美容护肤,"接你的好运,让我中个奖[比心][比心][比心]",0,该用户希望通过参与直播互动沾沾喜气，表达了对直播间抽奖活动的强烈期待和参与意愿。
achun1999,美容护肤,面膜啊,1,该用户可能是在催促主播尽快讲解或补货面膜产品。
achun1999,美容护肤,没有沐浴露吗?,1,该用户是在询问直播间是否会上架或展示沐浴露产品，表现出对该商品的购买兴趣或需求。
achun1999,美容护肤,毛孔大的怎么办,0,该用户可能在询问直播间是否有针对收缩毛孔的护肤产品推荐或解决方案。
achun1999,美容护肤,毛毯毛毯毛毯毛毯毛毯毛毯毛毯毛毯毛毯毛毯毛毯毛毯毛毯毛毯毛毯毛毯毛毯毛毯毛毯毛毯毛毯毛毯毛毯毛毯毛毯,1,该用户可能是在急切询问或催促主播展示/补货毛毯，或是强调自己参与活动满足条件后应获得的赠品毛毯。
achun1999,美容护肤,没有沐浴露吗,1,该用户是在询问直播间是否会上架或展示沐浴露产品，暗示对该商品有潜在购买兴趣。
achun1999,美容护肤,毛毯毛毯毛毯毛毯毛毯毛毯毛毯毛毯毛毯毛毯毛毯毛毯毛毯毛毯毛毯毛毯毛毯毛毯毛毯毛毯,1,该用户可能是在强烈催促主播尽快介绍或上架毛毯产品，表达了对毛毯的高度关注和购买意愿。
achun1999,美容护肤,牙膏牙膏牙膏牙膏牙膏牙膏牙膏牙膏牙膏牙膏牙膏牙膏牙膏牙膏牙膏牙膏牙膏牙膏牙膏牙膏牙膏牙膏牙膏牙膏,1,该用户可能在强烈催促主播展示或讲解牙膏产品，或是表达对牙膏迟迟未出现的焦急情绪。
achun1999,美容护肤,控油霜上一下,1,该用户希望主播尽快上架或展示控油霜产品。
achun1999,美容护肤,买了2000多了,0,该用户想表达的含义是：自己已经在本场直播中累计消费了2000多元。  （补充说明：结合前文弹幕中频繁出现的产品催促和购买咨询，该用户可能是在强调自己的高消费行为，既可能是表达对直播商品的强烈兴趣，也可能是暗示主播给予更多福利或关注。）
achun1999,美容护肤,男生可用吗,1,该用户可能是在询问当前展示的产品是否适合男性使用，暗示对该产品有一定兴趣但需要确认适用性。
achun1999,美容护肤,一开始上洗面奶阿纯动情了感恩哭了都,0,该用户想表达的含义是：主播阿纯在介绍洗面奶时情绪激动甚至落泪，表现出对产品的真挚情感和感恩之心。
achun1999,美容护肤,人参霜人参霜人参霜人参霜人参霜人参霜人参霜人参霜人参霜人参霜人参霜人参霜人参霜人参霜人参霜人参霜人参,1,该用户急切催促主播介绍或上架人参霜产品，可能是对其功效感兴趣或想抢购。
achun1999,美容护肤,有没有沐浴露,1,该用户是在询问直播间是否会上架或展示沐浴露产品，表现出对该商品的购买兴趣或需求。
achun1999,美容护肤,下午好,0,该用户可能是刚进入直播间，以问候方式刷存在感或试探主播互动，但并未直接表达对商品的兴趣。
achun1999,美容护肤,头发白了?,0,该用户可能在询问直播间是否有针对白发问题的护发产品或解决方案。
achun1999,美容护肤,17是美白的?,1,该用户可能在询问产品编号“17”是否具有美白功效，表现出对特定商品功能的兴趣和购买意向。
achun1999,美容护肤,毛毯怎么领,0,该用户想询问如何获得或购买直播中提到的毛毯产品。
achun1999,美容护肤,积雪草面膜,1,该用户可能在询问或表达对积雪草面膜产品的兴趣，希望主播介绍或上架该商品。
achun1999,美容护肤,哪有毛毯,1,该用户是在急切询问毛毯的购买方式或获取途径。
achun1999,美容护肤,什么毛毯?,1,该用户是在询问直播中提到的毛毯的具体信息或购买方式。
achun1999,美容护肤,中个福袋吧中个福袋吧中个福袋吧,0,该用户想表达的含义是：迫切希望自己能幸运抽中直播间发放的福利奖品。
achun1999,美容护肤,防晒防晒防晒防晒,1,该用户想表达的含义是：强烈要求主播介绍或上架防晒产品。  （结合前文高频重复关键词的弹幕模式（如“毛毯”“人参霜”多为催促或需求表达），且直播间正在密集讨论护肤品/日化品，可推断用户通过重复刷屏强调对防晒品的购买兴趣或需求。）
achun1999,美容护肤,人参霜人参霜人参霜人参霜人参霜人参霜,1,该用户急切催促主播上架或详细介绍人参霜产品，表现出强烈的购买意向或对产品的浓厚兴趣。
achun1999,美容护肤,卸妆油,1,该用户可能在询问或暗示主播介绍或上架卸妆油产品。
achun1999,美容护肤,没有冰莲面膜吗,1,该用户是在询问直播间是否会上架或展示冰莲面膜这款产品。
achun1999,美容护肤,有木有沐浴露,1,该用户是在询问直播间是否有沐浴露产品上架或促销信息，表现出对该商品的潜在购买兴趣。
achun1999,美容护肤,脸上有豆豆也可以用吗,1,该用户是在询问产品是否适合痘痘肌使用，隐含对产品适用性的关注和潜在的购买意向。
achun1999,美容护肤,中福袋[送心][送心][送心],0,该用户想表达的含义是：希望能幸运抽中直播间的福利奖品。  （结合前文高频出现的“福袋”“毛毯怎么领”等弹幕，可推断直播间正在发放福利活动，用户通过重复表情符号强调迫切参与的心态，核心动机是获取免费赠品而非直接购买意向。）
achun1999,美容护肤,卸妆油卸妆油卸妆油卸妆油卸妆油卸妆油,1,该用户强烈表达对卸妆油产品的兴趣或催促主播尽快介绍/上架该商品。
achun1999,美容护肤,生日礼物生日礼物生日礼物,0,该用户可能在暗示主播推荐适合作为生日礼物的产品，或询问当前展示的商品是否适合当作生日礼物送出。
achun1999,美容护肤,五号开价了吗?,1,该用户是在询问直播间是否已公布五号商品的价格。
achun1999,美容护肤,防晒上了吗,1,该用户是在询问直播间是否已经开始售卖或介绍防晒产品。
achun1999,美容护肤,值得看这个,0,该用户可能是在询问当前展示的产品是否值得关注或购买。
achun1999,美容护肤,"想中一次福袋,阿纯最帅!生日礼物",0,该用户主要想通过参与福袋抽奖获得主播的生日礼物，同时表达对主播的喜爱和支持。
achun1999,美容护肤,西瓜霜,1,该用户可能是在询问直播间是否有售卖西瓜霜产品或相关商品。
achun1999,美容护肤,生日礼物,0,该用户可能在询问直播间是否有适合作为生日礼物的商品推荐，或是希望主播介绍当前展示的产品是否适合当作生日礼物送出。
achun1999,美容护肤,控油霜上一下,1,该用户是在催促主播尽快上架或展示控油霜产品，表达明确的购买意向和需求。
achun1999,美容护肤,晚上直播几点,0,该用户想询问当晚直播的具体开始时间以便准时参与观看。
achun1999,美容护肤,泥膜讲解下,1,该用户希望主播详细介绍当前展示的泥膜产品的功效、用法或特点。
achun1999,美容护肤,哪有毛毯?,1,该用户可能在询问直播间是否有毛毯商品上架或展示，表现出对购买毛毯的兴趣或需求。
achun1999,美容护肤,无限回购的一款洗面奶,0,该用户想表达的含义是：这款洗面奶效果很好，自己长期购买使用并会继续支持。
achun1999,美容护肤,248一瓶?,1,该用户可能在询问产品价格是否偏高或对定价表示惊讶，暗示对商品有兴趣但希望确认价格合理性。
achun1999,美容护肤,可以不用起泡网是不生日礼物,1,该用户可能在询问产品是否可以单独使用而不需要搭配起泡网，并暗示想将其作为生日礼物购买。
achun1999,美容护肤,生日礼物,1,该用户可能在询问直播间是否有适合作为生日礼物的商品推荐，或是希望主播介绍相关产品。
achun1999,美容护肤,"许愿中福袋哈哈,阿纯最帅",0,该用户主要是在参与直播间的互动抽奖活动，同时以轻松调侃的方式表达对主播的喜爱和支持。
achun1999,美容护肤,好用好用,1,该用户想表达的含义是：对当前直播推荐的产品表示高度认可和满意。
achun1999,美容护肤,素颜霜,1,该用户可能是想询问或提醒主播介绍或上架素颜霜产品。
achun1999,美容护肤,14号没了,0,该用户想表达的含义是：14号商品已经售罄了。
achun1999,美容护肤,"许愿中福袋,阿纯生日快乐!",0,该用户主要是在参与直播间的互动活动，表达对主播生日的祝福以及希望抽中福袋的愿望，并未直接表现出对商品的购买兴趣。
achun1999,美容护肤,生日礼物生日礼物,0,该用户可能是在催促主播推荐或展示适合作为生日礼物的商品。
achun1999,美容护肤,能中吗?能中吗?能中吗?,0,该用户急切地希望自己能够抽中直播间发放的福袋奖品。
achun1999,美容护肤,磨砂膏还有吗[呲牙][呲牙][呲牙][呲牙],1,该用户急切询问磨砂膏的库存情况，并透露出强烈的购买意愿和期待。
achun1999,美容护肤,生日礼物,0,该用户可能在询问主播是否有适合作为生日礼物的商品推荐，或是暗示自己需要挑选生日礼物而关注直播中的相关产品。
achun1999,美容护肤,一款全家老小都在用的洗面奶,0,该用户是在推荐一款适合全年龄段使用的洗面奶，暗示产品受众广泛且值得信赖。
achun1999,美容护肤,怎么没有那个补水面膜送了,0,该用户是在询问为什么直播间没有继续提供之前宣传过的补水面膜赠品活动。
achun1999,美容护肤,"许愿中福袋,嘿嘿[送心]",0,该用户希望通过参与福袋抽奖活动获得福利，并借此表达对主播的友好互动意愿。
achun1999,美容护肤,这个福袋好难中,0,该用户是在感叹自己参与直播间福袋抽奖的难度较大，同时隐含对中奖的渴望和些许无奈。
achun1999,美容护肤,沐浴露,1,该用户可能是在询问当前直播中是否有沐浴露产品的介绍或购买链接。
achun1999,美容护肤,中个福袋吧中个福袋吧中个福袋吧中个福袋吧中个福袋吧中个福袋吧求求了,0,该用户强烈渴望通过参与直播间的福袋抽奖活动获得福利，表现出对中奖机会的迫切期待和焦虑情绪。
achun1999,美容护肤,素颜霜,1,该用户可能是在询问或关注直播间正在介绍的素颜霜产品，表达了对这款商品的兴趣或想要了解更多信息。
achun1999,美容护肤,"买多了,一年用不完",0,该用户可能是在表达对产品囤货过多的顾虑，暗示当前促销力度或产品规格可能超出个人实际需求。
achun1999,美容护肤,生日快乐生日礼物,0,该用户可能是在询问或暗示主播能否推荐适合作为生日礼物的产品，或是希望借生日主题获得优惠或赠品。
achun1999,美容护肤,洗面奶,1,该用户可能是对直播中提到的洗面奶产品产生兴趣，想进一步了解或询问相关细节。
achun1999,美容护肤,"买买买,一个月工资买光了",0,该用户想表达的含义是：虽然花了不少钱，但出于对产品的喜爱还是忍不住继续购买。
achun1999,美容护肤,求抖爸爸让我中奖[感谢][感谢][感谢],0,该用户希望通过表达对平台的感谢和讨好来增加自己抽中福袋的概率，本质上是在参与直播间的互动抽奖活动而非直接表达购买意向。
achun1999,美容护肤,生日礼物生日礼物生日礼物,0,该用户可能在强烈暗示主播或直播间观众自己即将过生日，希望获得相关产品或福袋作为礼物。
achun1999,美容护肤,生日礼物,0,该用户可能在暗示主播推荐适合作为生日礼物的产品，或是希望获得生日相关的促销福利。
achun1999,美容护肤,生日礼物生日礼物,0,该用户可能在暗示主播或直播间提供生日礼物相关的促销活动或福利，表达自己对此类商品的兴趣或需求。
achun1999,美容护肤,良心主播,0,该用户想表达的含义是：主播的推荐和促销活动很实在，让人觉得值得信任和支持。
achun1999,美容护肤,黑玫瑰,1,该用户可能是询问或提及直播间正在介绍的黑玫瑰系列产品（如护肤品、香氛等），表达对其具体功效或购买方式的兴趣。
achun1999,美容护肤,素颜霜素颜霜素颜霜素颜霜素颜霜,1,该用户可能是想强烈表达对素颜霜的兴趣或催促主播介绍/上架该产品。
achun1999,美容护肤,中个福袋吧!!,0,该用户希望通过参与直播间抽奖活动获得免费福利产品。
achun1999,美容护肤,防晒孕妇能用吗,1,该用户是在询问防晒产品是否适合孕妇使用，表现出对产品安全性的关注和潜在的购买意向。
achun1999,美容护肤,"求福袋哈哈,许愿",0,该用户希望通过参与福袋抽奖活动获得赠品或优惠，表达了一种轻松凑热闹的参与心态。
achun1999,美容护肤,神秘药,0,该用户可能是在询问或暗示对直播间提到的某种未具体说明的“神秘药”类产品感兴趣或好奇。
achun1999,美容护肤,今年有没有面霜啊,1,该用户是在询问直播间是否会上架面霜产品，表现出对商品的关注和潜在的购买意向。
achun1999,美容护肤,蛋黄油敏感肌能用吗,1,该用户是在询问蛋黄油产品是否适合敏感肌肤使用，表现出对产品功效与自身需求的匹配度的关注，隐含潜在的购买意向。
achun1999,美容护肤,生日礼物生日礼物生日礼物,0,该用户可能在暗示主播推荐适合作为生日礼物的产品，或希望获得生日相关的促销福利。
achun1999,美容护肤,给力太给力[比心],0,该用户想表达的含义是：对主播的推荐或优惠活动感到非常满意和兴奋。
achun1999,美容护肤,真好啊,0,该用户可能是在对主播推荐的产品或优惠活动表示赞赏和心动，暗示有潜在的购买意愿。
achun1999,美容护肤,"洗面奶用了两年了,是真的好用,囤起来",0,该用户想表达的意思是：这款洗面奶经过长期使用验证效果出色，现在决定要趁活动多买一些备用。
achun1999,美容护肤,"许愿,中福袋!许愿,许愿许愿",0,该用户希望通过频繁许愿的方式提高自己抽中直播间福袋的概率，表达了一种积极参与互动并渴望获得免费福利的心态。
achun1999,美容护肤,下午好,0,该用户可能是在礼貌性打招呼的同时试探直播间互动氛围，为后续询问产品或参与活动做铺垫。
achun1999,美容护肤,怎么用???,1,该用户可能在询问某个刚被提到的产品（如素颜霜、防晒霜、蛋黄油等）的具体使用方法，表现出对产品功能的兴趣或购买前的疑虑。
achun1999,美容护肤,"这么多,超值",0,该用户认为直播间的商品数量充足且性价比很高，产生了强烈的购买欲望。
achun1999,美容护肤,生日礼物生日礼物,0,该用户可能在暗示主播推荐适合作为生日礼物的产品，或是希望直播间推出与生日相关的优惠活动。
achun1999,美容护肤,"许愿中福袋,阿纯最帅",0,该用户希望通过参与福袋抽奖活动获得福利，同时表达对主播阿纯的喜爱和支持。
achun1999,美容护肤,堂客怎么用,1,该用户可能是对产品功能或使用方法不清楚，想询问“堂客”（可能是某款产品的昵称或方言称呼）的具体使用方式。
achun1999,美容护肤,@锦绣绘山河护肤品不分男女哦,0,该用户想表达的含义是：护肤品的适用性不受性别限制，男女都可以使用。
achun1999,美容护肤,哪有毛毯?,1,该用户可能在询问直播间是否有毛毯商品在售或展示，表达了对毛毯产品的潜在购买兴趣或需求。
achun1999,美容护肤,防晒霜呢,1,该用户是在询问直播间是否有防晒霜产品上架或介绍，表现出对防晒霜的购买兴趣或需求。
achun1999,美容护肤,人参面霜,1,该用户可能在询问直播间是否有人参面霜这款产品，或是表达对人参面霜的兴趣和购买意向。
achun1999,美容护肤,卸妆油卸妆油卸妆油卸妆油卸妆油卸妆油,1,该用户强烈表达对卸妆油产品的兴趣或需求，可能是希望主播介绍/上架该商品或确认产品信息。
achun1999,美容护肤,控油霜上一下,1,该用户希望主播尽快上架控油霜产品以供购买。
achun1999,美容护肤,"太多了,什么时候能用完",0,该用户可能在感叹产品数量过多，担心自己用不完而犹豫是否要购买。
achun1999,美容护肤,好产品值得拥有,0,该用户认为直播展示的产品品质优秀，值得购买并长期使用。
achun1999,美容护肤,太喜欢了,0,该用户被直播间的产品展示或优惠活动深深打动，产生了强烈的购买欲望或情感共鸣。
achun1999,美容护肤,素颜霜,1,该用户可能在询问或暗示主播介绍/上架素颜霜产品。
achun1999,美容护肤,可以不用起泡网是不生日礼物,0,该用户想表达的含义是：这款产品能否直接使用而不需要搭配起泡网，适合作为生日礼物赠送。
achun1999,美容护肤,不用说直接拍,0,该用户想表达的是：无需过多介绍，我已经决定下单购买了。
achun1999,美容护肤,人参霜人参霜人参霜人参霜人参霜人参霜人参霜人参霜人参霜人参霜人参霜人参霜人参霜人参霜人参霜人参霜人参,1,该用户可能在强烈催促主播上架或详细介绍人参霜产品，表达急切想要购买或了解该商品的意愿。
achun1999,美容护肤,面巾纸,1,该用户可能是在询问或提醒主播介绍或上架面巾纸产品。
achun1999,美容护肤,没抢到,1,该用户因未能成功购买到心仪商品而感到遗憾。
achun1999,美容护肤,西瓜霜好用!,1,该用户想表达的含义是：对西瓜霜产品的效果表示认可并隐含购买意愿。
achun1999,美容护肤,没拍到,1,该用户想表达的含义是：刚才的商品抢购时没来得及下单。
achun1999,美容护肤,终于买到了,1,该用户想表达的含义是：成功抢购到了心仪的商品。  （结合前文弹幕中频繁出现的商品名称和“没抢到”“没拍到”等竞争性表达，可推断用户此前可能因商品紧俏或手速问题未能下单，最终如愿以偿。）
achun1999,美容护肤,还好我趁你讲的时候就拍了,1,该用户想表达的含义是：幸好我在主播介绍产品时就抢先下单了。
achun1999,美容护肤,我要买,1,该用户急切地表达了自己强烈的购买意愿，想要立即下单购买当前直播中展示的商品。
achun1999,美容护肤,可以试用吗,1,该用户是在询问产品是否支持先试用再购买的服务，表现出对产品实际效果的关注和谨慎的购买态度。
achun1999,美容护肤,@夕曛那个面霜是啥来着,1,该用户想询问之前提到的面霜的具体产品名称或信息。
achun1999,美容护肤,人参霜不讲解嘛,1,该用户是在催促主播尽快介绍人参霜的产品信息，表现出对该产品的购买兴趣和关注。
achun1999,美容护肤,蹲了五个小时想中福袋回回血,0,该用户想表达的含义是：看了这么久直播希望能抽中福袋弥补一下花费。
achun1999,美容护肤,还能来吗,0,该用户可能在询问商品是否会再次补货或返场购买机会。
achun1999,美容护肤,有试用吗?,1,该用户想询问产品是否提供试用装或试用服务。
achun1999,美容护肤,人参水乳机制,1,该用户想询问关于含人参成分的水乳产品的优惠活动或购买方式。
achun1999,美容护肤,有没有沐浴露,1,该用户想询问直播间是否正在售卖或介绍沐浴露产品。
achun1999,美容护肤,有沐浴乳嘛,1,该用户是在询问直播间是否有沐浴露产品上架或促销。
achun1999,美容护肤,素颜霜素颜霜素颜霜素颜霜素颜霜,1,该用户急切希望主播重点介绍或上架素颜霜产品。  （结合前文弹幕中反复刷屏的“人参霜”和其他用户对具体产品的询问，可推断该用户通过重复关键词的方式强调对素颜霜的关注，可能是催促讲解、询问机制或表达购买意愿。）
achun1999,美容护肤,人参面霜,1,该用户可能是对直播间提到的人参面霜产品产生兴趣，想进一步了解或催促主播讲解该产品。
achun1999,美容护肤,超级好用,1,"该用户想表达的含义是：对产品效果表示高度认可并暗示有购买意愿。  （结合前文高频出现的""人参霜""讨论及""西瓜霜好用""等同类评价，可推断用户是在肯定某款产品的使用体验，且语境中存在明显的促销氛围和产品讨论倾向。）"
achun1999,美容护肤,特别好用,1,该用户可能是对主播正在推荐的产品（如人参霜）表示高度认可，暗示自己使用过或有强烈购买意向。
achun1999,美容护肤,人参霜上啊,1,该用户急切催促主播尽快介绍或上架人参霜产品。
achun1999,美容护肤,一直用,0,该用户想表达的含义是：我一直都在使用这款产品（对其效果满意并持续回购）。
achun1999,美容护肤,没了吗,0,该用户可能是在询问直播间的优惠商品是否已经售罄或活动是否结束，表达了对某款产品的购买兴趣或担心错过机会。
achun1999,美容护肤,我等了很久了,0,该用户想表达的含义是：期待已久终于等到这款产品上架了。
achun1999,美容护肤,可以不用起泡网是不,1,该用户想询问产品是否可以跳过起泡网直接使用，表现出对产品使用方式的关注和潜在的购买意向。
achun1999,美容护肤,牙膏牙膏牙膏生日礼物,1,该用户可能是在催促主播讲解或上架牙膏产品，并暗示自己有意将其作为生日礼物购买。
achun1999,美容护肤,素颜霜素颜霜素颜霜素颜霜素颜霜素颜霜,1,该用户急切地催促主播讲解或上架素颜霜产品。
achun1999,美容护肤,用好几年了,0,该用户想表达的含义是：自己长期使用该产品并对其效果表示认可。
achun1999,美容护肤,上点沐浴露,1,该用户是在催促主播尽快上架或介绍沐浴露产品，表现出明确的购买意向。
achun1999,美容护肤,黑玫瑰精油!!!!!!!!!!!,1,该用户急切地表达对黑玫瑰精油产品的强烈兴趣和购买欲望。
achun1999,美容护肤,"泥膜,泥膜,泥膜～",1,该用户急切希望主播推荐或介绍泥膜产品。
achun1999,美容护肤,"赶紧的,用了3年了,刚好快没了",0,该用户急切催促主播上架其长期使用的产品，暗示自己即将用完且有意回购。
achun1999,美容护肤,"本人亲测,敏感肌可用",0,该用户想表达的含义是：这款产品经过自己实际使用验证，适合敏感肌肤人群放心购买。
achun1999,美容护肤,14岁男孩能用不,1,该用户是在询问产品是否适合青少年使用。
achun1999,美容护肤,这个洗面奶可以卸防晒吗,1,该用户是在询问这款洗面奶是否具备卸除防晒产品的功能，想确认其清洁效果能否满足自己的护肤需求。
achun1999,美容护肤,西瓜霜干嘛用的,1,该用户可能在询问西瓜霜的具体功效或适用场景，想确认是否值得购买。
achun1999,美容护肤,没声了,0,该用户可能是在催促主播继续讲解或上架产品，因为直播间的音频出现了问题导致无法听清内容。
achun1999,美容护肤,"家里还有,今天又囤货",0,该用户想表达的含义是：虽然目前还有存货，但出于对产品的信任和喜爱决定再次购买以备不时之需。
achun1999,美容护肤,能试用吗,1,该用户想询问产品是否支持先试用后购买的体验服务。
achun1999,美容护肤,小孩能用吗,1,该用户想询问该产品是否适合儿童使用。
achun1999,美容护肤,"其他直播间机制一样的,是啊纯授权的吗?可以买吗",1,该用户是在询问当前直播间销售的产品是否为官方正品授权，并与其他直播间进行对比以确认购买可信度。
achun1999,美容护肤,泥膜还有吗,1,该用户是在询问直播间是否还有泥膜库存可供购买。
achun1999,美容护肤,儿童能用吗,1,该用户是在询问直播中介绍的产品是否适合儿童使用。
achun1999,美容护肤,买过好用,1,该用户想表达的含义是：自己之前购买过该产品且使用体验良好。
achun1999,美容护肤,西瓜霜是什么,1,该用户想询问西瓜霜的具体用途或功效。
achun1999,美容护肤,有20个化学品,0,该用户可能在询问直播间是否有20个某种化学品类商品（如洗护用品）的套装或库存。
achun1999,美容护肤,我之前在这买的还没用完[捂脸][捂脸],0,该用户想表达的含义是：虽然对产品有兴趣，但因库存充足暂时不需要回购。  （结合前文弹幕中频繁出现的产品讨论和囤货意向，用户通过“还没用完”委婉表达当前无购买需求，同时用表情符号[捂脸]缓和语气，可能隐含对直播促销的无奈或调侃。）
achun1999,美容护肤,防晒付了订金什么时间能发货,0,该用户是在询问已经预付定金的防晒产品具体发货时间，表现出明确的购买意向和对收货时间的关注。
achun1999,美容护肤,素颜霜来一波吧,1,该用户希望主播推荐或上架素颜霜产品。
achun1999,美容护肤,@大刘护肤品不分男女哦,0,该用户想表达的含义是：提醒主播护肤品适用人群广泛，不必区分性别。
achun1999,美容护肤,兰蔻洗面奶行不,1,该用户是在询问兰蔻洗面奶是否适合自己使用或是否符合其需求。
achun1999,美容护肤,阿纯我就等牙膏了,1,该用户想表达的含义是：期待主播尽快上架或介绍牙膏产品，自己有明确的购买意向。
achun1999,美容护肤,人参面霜,1,该用户可能是想询问或推荐直播间正在介绍的人参面霜产品。
achun1999,美容护肤,生日礼物,0,该用户可能在询问该产品是否适合作为生日礼物赠送。
achun1999,美容护肤,我儿子超爱,0,该用户想表达的含义是：我的孩子非常喜欢这款产品，因此我有购买意向。
achun1999,美容护肤,破产啦,0,该用户想表达的含义是：买太多东西已经超出预算了。
achun1999,美容护肤,素颜霜素颜霜上下,1,该用户急切催促主播再次上架或重点介绍素颜霜产品。
achun1999,美容护肤,毛毯毛毯毛毯,1,该用户想表达的含义是：强烈要求主播介绍或上架毛毯商品。
achun1999,美容护肤,能卸妆吗,1,该用户想询问这款产品是否具备卸妆功能。
achun1999,美容护肤,"用过,特别好",1,该用户想表达的含义是：自己之前使用过该产品并对其效果非常满意。
achun1999,美容护肤,还有几瓶呢,0,该用户是在询问当前促销商品的剩余库存数量，表现出对购买的关注和潜在下单意向。
achun1999,美容护肤,牙膏牙膏牙膏牙膏,1,该用户想表达的含义是：强烈催促主播赶紧上架或介绍牙膏产品。
achun1999,美容护肤,"再发一次,没得了",0,该用户希望主播再次上架刚才提到的商品，因为自己没抢到。
achun1999,美容护肤,生日礼物生日礼物,0,该用户可能在暗示主播推荐适合作为生日礼物的产品，或是询问当前展示的商品是否适合当作生日礼物。
achun1999,美容护肤,素颜霜素颜霜,1,该用户是在催促主播尽快上架或介绍素颜霜产品，表现出强烈的购买意愿和急切心情。
achun1999,美容护肤,人参水乳,1,该用户可能在询问或表达对含有“人参”成分的水乳护肤产品的兴趣或需求。
achun1999,美容护肤,"许愿许愿,求福袋[送心]",0,该用户希望通过参与互动获得直播间的福利赠品。
achun1999,美容护肤,快上洗面奶,1,该用户急切催促主播尽快上架洗面奶产品进行销售。
achun1999,美容护肤,素颜霜素颜霜素颜霜素颜霜,1,该用户急切催促主播尽快上架或介绍素颜霜产品。
achun1999,美容护肤,中个福袋吧中个福袋吧中个福袋吧中个福袋吧中个福袋吧中个福袋吧求求了生日礼物,0,该用户希望通过抽中福袋获得直播间赠送的生日礼物，表现出对福利活动的强烈渴望和参与热情。
achun1999,美容护肤,"用了很多年了,还有一管了",0,该用户想表达的含义是：自己长期使用该产品且即将用完，暗示有回购需求。
achun1999,美容护肤,控油霜上一下,1,该用户希望主播尽快上架控油霜产品以供购买。
achun1999,美容护肤,上货煮波,0,该用户想表达的含义是：催促主播尽快上架或补货当前讨论的热门商品（如素颜霜、毛毯等）。
achun1999,美容护肤,去痘印的有没有,1,该用户是在询问直播间是否有售卖祛痘印功效的产品，并表现出对该类商品的潜在购买需求。
achun1999,美容护肤,又没了,1,该用户想表达的含义是：商品又被抢购一空，自己没来得及下单。
achun1999,美容护肤,人参水乳啥时候上,1,该用户是在急切询问主播何时会补货或上新“人参水乳”这款产品，表现出明确的购买意向和需求。
achun1999,美容护肤,买了一下午福袋一次没中[捂脸][捂脸][捂脸],0,该用户想表达的含义是：自己积极参与了直播间的福袋抽奖活动但一直没能中奖，感到既无奈又失落。
achun1999,美容护肤,阿纯洗面奶我洗头可好了![呲牙][呲牙][呲牙],0,该用户通过分享个人使用体验（将洗面奶用于洗头）来表达对产品的认可和喜爱，暗示其多功能性并带有积极推荐意味。
achun1999,美容护肤,21干啥的,1,该用户可能在询问直播中提到的“21”是指什么产品或活动，比如第21号商品、21元特价或21点促销环节。
achun1999,美容护肤,卸妆油是什么机制,1,该用户可能是在询问卸妆油的工作原理或使用效果，表现出对产品的具体功能和功效的好奇与兴趣。
achun1999,美容护肤,素颜霜,1,该用户可能是在询问或催促主播介绍/上架素颜霜产品，或是表达自己对这款商品的兴趣和需求。
achun1999,美容护肤,今天又是一大堆,0,该用户可能是在抱怨直播间的商品上架节奏太快或数量过多，导致自己难以跟上或感到应接不暇。
achun1999,美容护肤,西瓜霜好用,1,该用户是在表达对西瓜霜产品的认可，并暗示希望主播推荐或上架该商品。
achun1999,美容护肤,孕妈可以用吗,1,该用户是在询问直播中推荐的产品是否适合孕妇使用，以评估是否符合自身需求。
achun1999,美容护肤,中个福袋吧中个福袋吧中个福袋吧中个福袋吧中个福袋吧中个福袋吧求求了生日礼物生日礼物,0,该用户迫切希望通过抽中福袋获得免费商品作为生日礼物，表现出对福利活动的强烈渴望而非直接购买意向。
achun1999,美容护肤,人参霜不讲解嘛,1,该用户是在询问主播为什么没有详细介绍人参霜这款产品，表现出对该产品的具体信息和功能的兴趣。
achun1999,美容护肤,福袋中奖,0,该用户想表达的含义是：希望自己能在本次直播的福袋抽奖活动中幸运获奖。
achun1999,美容护肤,中福袋中福袋中福袋生日礼物,0,该用户迫切希望抽中福袋作为生日礼物，并可能因多次未中奖而表现出焦急和重复刷屏的行为。
achun1999,美容护肤,"咱实话实说,东西都挺好,但奈何经济实力不允许,但洗面奶入了,铁子你放心",0,该用户想表达的含义是：虽然认可产品品质且已购买洗面奶，但因经济限制无法继续消费其他商品。
achun1999,美容护肤,有纯西瓜霜的链接么,1,该用户是在询问直播间是否有售卖不含其他添加成分的西瓜霜产品链接，表现出明确的购买意向和对该商品的兴趣。
achun1999,美容护肤,中生日礼物,0,该用户可能是在直播间参与福袋抽奖活动时，希望以生日礼物为由获得中奖机会，表达了一种结合节日诉求的参与意愿。
achun1999,美容护肤,拍了一下午福袋一次没中[捂脸][捂脸][捂脸],0,该用户想表达的含义是：参与直播间的福袋抽奖活动多次却始终未能中奖，感到既无奈又失落。
achun1999,美容护肤,人参霜,1,该用户可能在询问或催促主播讲解或上架“人参霜”这款产品，表现出对该商品的兴趣或购买意向。
achun1999,美容护肤,沐浴露有没有,1,该用户是在询问直播间是否有售卖沐浴露产品，表达了对该商品的潜在购买兴趣。
achun1999,美容护肤,莲花面膜,1,该用户可能是在询问或提及“莲花面膜”这款产品，表达对其功效、价格或使用方式的兴趣，或是希望主播介绍相关信息。
achun1999,美容护肤,去年买过,0,该用户想表达的含义是：我之前购买过这个产品，对其有一定了解和体验。
achun1999,美容护肤,阿纯很给力生日礼物,0,该用户可能是在向主播阿纯表达认可和期待，希望对方能提供有吸引力的生日礼物促销或福利。
achun1999,美容护肤,孕妇能用吗,1,该用户是在询问直播中推荐的产品是否适合孕妇使用，表现出对产品安全性的关注和潜在的购买意向。
achun1999,美容护肤,没抢上,1,该用户想表达的含义是：对未能成功购买或参与活动感到遗憾和失落。
achun1999,美容护肤,水乳,1,该用户可能在询问或提及直播中提到的某款水乳产品，表达对其功效、价格或适用性的兴趣。
achun1999,美容护肤,终于买到了,0,该用户想表达的含义是：经过一番努力终于成功下单购买了心仪的商品。
achun1999,美容护肤,生日礼物生日礼物生日礼物,0,该用户可能在暗示主播推荐适合作为生日礼物的产品，或者希望被抽中领取生日礼物相关的福利。
achun1999,美容护肤,拍不了,0,"该用户想表达的含义是：因库存不足或系统问题导致无法成功下单购买商品。  （结合前文弹幕中频繁出现的抢购、福袋、生日礼物等关键词，可推测直播间存在抢购氛围，部分商品可能售罄或抢购失败，""拍不了""更可能是客观下单受阻而非主观无兴趣。）"
achun1999,美容护肤,生日礼物,0,该用户可能在暗示希望抽中福袋或获得商品作为生日礼物，表达了对直播商品的兴趣和参与活动的愿望。
achun1999,美容护肤,儿童能用吗儿童能用吗儿童能用吗儿童能用吗儿童能用吗儿童能用吗,1,该用户迫切想知道产品是否适合儿童使用，表现出明确的购买顾虑和需求意向。
achun1999,美容护肤,已抢!来个西瓜霜,1,该用户想表达的含义是：已经下单购买了产品，希望主播推荐或讲解西瓜霜相关的商品。
achun1999,美容护肤,没抢到,1,该用户想表达的含义是：对未能成功购买到心仪商品感到遗憾和失望。
achun1999,美容护肤,：蛋黄什么时候开抢?,1,该用户急切询问蛋黄类商品的抢购开始时间，表现出明确的购买意向和抢购意愿。
achun1999,美容护肤,直接给我立减140吧[捂脸],0,该用户希望商家能给出更大的折扣优惠，以促成自己的购买决定。
achun1999,美容护肤,许愿..中福袋,0,该用户希望通过参与福袋抽奖活动获得心仪的商品。
achun1999,美容护肤,泥膜再上点,1,该用户希望主播增加泥膜产品的库存或上架更多购买选项以便抢购。
achun1999,美容护肤,"家里还有洗面奶,又买这么多,一年用不完",0,该用户想表达的含义是：虽然手头还有存货，但看到优惠还是忍不住囤货，担心用不完。
achun1999,美容护肤,西瓜霜,1,该用户可能是想询问或抢购直播中提到的“西瓜霜”产品，表达出明确的购买意向或对商品上架的催促。
achun1999,美容护肤,"卧槽,还有这种操作[捂脸][捂脸]",0,该用户想表达的含义是：对直播中展示的促销手法或产品功能感到意外和惊叹。
achun1999,美容护肤,22号是一个什么机制,0,该用户是在询问22号产品的具体促销规则或购买方式。
achun1999,美容护肤,中个福袋吧中个福袋吧中个福袋吧中个福袋吧中个福袋吧中个福袋吧求求了生日礼物,0,该用户迫切希望通过抽中福袋获得免费商品作为生日礼物，表现出对直播福利的强烈渴望和需求。
achun1999,美容护肤,果酸有吗,1,该用户是在询问直播间是否有售卖含果酸成分的产品，表现出对特定功效护肤品的购买意向。
achun1999,美容护肤,抢到了,0,该用户想表达的含义是：成功下单购买了直播间的商品。
achun1999,美容护肤,卸妆油卸妆油卸妆油卸妆油卸妆油卸妆油,1,该用户急切地表达对卸妆油产品的强烈购买欲望或催促主播上架该商品。
achun1999,美容护肤,真的很炸,0,该用户想表达的含义是：这款产品的效果或直播间的优惠力度让人非常惊喜和兴奋。
achun1999,美容护肤,拍了一下午一次也没中[捂脸][捂脸][捂脸],0,该用户想表达的含义是：参与直播间的抽奖或抢购活动多次但始终未能成功，感到无奈和沮丧。
achun1999,美容护肤,"许愿,中福袋...[送心][送心][送心]",0,该用户希望通过发送弹幕增加自己抽中直播间福袋的概率，表达了对获得免费礼品的强烈期待和参与活动的热情。
achun1999,美容护肤,能给送毛毯吗,1,该用户可能是在询问直播间是否有赠送毛毯的福利活动，或是希望主播能提供毛毯作为赠品。
achun1999,美容护肤,多上点,1,该用户希望主播增加当前展示商品的库存或补货上架更多同类产品。
achun1999,美容护肤,买了感觉两年不用买了[捂脸],0,该用户想表达的含义是：这次购买量很大，足够使用很长时间。
achun1999,美容护肤,人参霜人参霜人参霜人参霜人参霜人参霜人参霜人参霜人参霜人参霜人参霜人参霜人参霜人参霜人参霜人参霜人参,1,该用户可能在强烈催促主播上架或补货人参霜产品，表现出急切想购买的需求。
achun1999,美容护肤,"混油,脸有点黄,适合用姜黄吗",1,该用户是在咨询自己的肤质（混合偏油且肤色暗沉）是否适合使用姜黄类护肤品，表现出对产品的具体功效和适用性的关注。
achun1999,美容护肤,面霜面霜,1,该用户是在催促主播尽快上架或详细介绍面霜产品。
achun1999,美容护肤,不卖自己用[呲牙],0,该用户想表达的含义是：自己留着用不打算转卖（带有调侃或炫耀的语气）。  （结合前文弹幕中频繁出现的囤货、长期使用等语境，用户可能暗示商品自用价值高，无需转售，同时用表情强化轻松调侃的意图。）
achun1999,美容护肤,素颜霜素颜霜素颜霜素颜霜素颜霜素颜霜,1,该用户可能在强烈要求主播上架或详细介绍素颜霜产品，表达出明确的购买意向或对这款商品的急切需求。
achun1999,美容护肤,保质期多久,1,该用户是在询问商品的有效期限，以此评估是否值得购买或囤货。
achun1999,美容护肤,控油霜上一下,1,该用户希望主播尽快上架控油霜产品以供购买。
achun1999,美容护肤,牙膏牙膏,1,该用户可能在催促主播介绍或上架牙膏产品，表达对牙膏的关注和购买意愿。
achun1999,美容护肤,我买过.现在还用呢,0,该用户想表达的含义是：自己曾经购买过该产品且目前仍在持续使用，暗示对产品的认可和满意。
achun1999,美容护肤,可以不用起泡网是不生日礼物,0,该用户可能想询问产品是否可以单独使用而不搭配起泡网，并暗示这是为生日礼物做准备。
achun1999,美容护肤,怎么今天在你这拍的链接商品所显示进去的是其他的直播间?,0,该用户可能在疑惑为什么点击当前直播间的商品链接后跳转到了其他主播的直播间，对链接的准确性或平台操作产生了疑问。
achun1999,美容护肤,胶原面膜,1,该用户可能在询问或要求主播介绍/上架胶原面膜产品。
achun1999,美容护肤,"许愿,中福袋..[送心][送心][送心]",0,该用户希望通过发送许愿表情互动来增加自己被抽中福袋奖品的概率，表达的是参与直播间抽奖活动的期待心理。
achun1999,美容护肤,泥膜还有吗,1,该用户可能在询问直播间是否还有泥膜库存并表达购买意向。
achun1999,美容护肤,一直在你直播间买洗面奶,0,该用户想表达的含义是：我是你直播间的老顾客，长期信赖并回购你的洗面奶产品。
achun1999,美容护肤,送的怎么用?,1,该用户可能是在询问直播中提到的赠品或福利的具体使用方式。
achun1999,美容护肤,液晶霜液晶霜,1,该用户可能在急切地询问或催促主播上架或介绍“液晶霜”这款产品，表现出明确的购买意向或对商品的强烈兴趣。
achun1999,美容护肤,想中福袋,0,该用户希望通过参与直播间的抽奖活动获得免费赠品。
achun1999,美容护肤,比去年双十一多个西瓜霜,0,"该用户想表达的含义是：希望这次活动比去年双十一多赠送一些西瓜霜赠品。  （结合前文弹幕中频繁出现的产品名称和用户对赠品/福利的关注，推测""多个西瓜霜""是指期待更多赠品或优惠，而非字面数量的比较。）"
achun1999,美容护肤,卸妆油,1,该用户可能在询问或要求主播介绍/推荐卸妆油产品。
achun1999,美容护肤,毯子怎么送的,0,该用户是在询问购买毯子后附赠的赠品或配送方式的具体细节。
achun1999,美容护肤,积雪草面膜和姜黄面膜怎么选,1,该用户是在询问两款不同功效面膜的适用性对比，希望主播能根据自身肤质或需求给出购买建议。
achun1999,美容护肤,西瓜霜上,1,该用户是在询问或催促主播上架“西瓜霜”这款产品。
achun1999,美容护肤,沐浴露有没有,1,该用户是在询问直播间是否有沐浴露产品在售，并可能对其产生购买兴趣。
achun1999,美容护肤,院线面膜,1,该用户可能是在询问或要求主播推荐/介绍当前正在讨论的“院线面膜”产品，或是表达对这种面膜的兴趣和购买意向。
achun1999,美容护肤,蛋黄油,1,该用户可能在询问或要求主播介绍/上架蛋黄油相关的产品。
achun1999,美容护肤,不错不错,0,该用户想表达的含义是：对当前推荐的产品感到满意并表示认可。
achun1999,美容护肤,还有其他面膜么,1,该用户想表达的含义是：询问直播间是否还有更多不同种类的面膜产品可供选择。
achun1999,美容护肤,中个福袋吧中个福袋吧中个福袋吧中个福袋吧中个福袋吧中个福袋吧求求了,0,该用户强烈渴望通过参与直播间的福袋抽奖活动获得福利或赠品。
achun1999,美容护肤,素颜霜素颜霜素颜霜素颜霜,1,该用户急切想了解或购买主播推荐的素颜霜产品。
achun1999,美容护肤,西瓜霜是什么,1,"该用户可能是看到其他弹幕提到""西瓜霜""后，对这款产品产生了好奇，想了解它的具体功效或用途。"
achun1999,美容护肤,人参水乳,1,该用户可能是在询问直播间是否有售卖或介绍人参成分的水乳护肤品。
achun1999,美容护肤,许愿许愿!!!中福袋,0,该用户希望通过参与福袋抽奖活动获得免费或优惠商品。
achun1999,美容护肤,中福袋,0,该用户希望通过参与直播间抽奖活动获得免费福利。
achun1999,美容护肤,人参霜,1,该用户可能是在询问或提及直播间正在介绍的人参霜产品，表达对其功效或购买方式的兴趣。
achun1999,美容护肤,卸妆油,1,该用户可能是对直播中提到的卸妆油产品产生了兴趣，想进一步了解或询问相关信息。
achun1999,美容护肤,洗发水,1,该用户可能在询问直播间是否有洗发水产品或想了解相关产品的信息。
achun1999,美容护肤,人参面霜,1,该用户可能是在询问或表达对人参面霜产品的兴趣，希望了解详情或购买。
achun1999,美容护肤,素颜霜会上吗,1,该用户是在询问直播中是否会推出素颜霜产品，表现出对该商品的关注和购买意向。
achun1999,美容护肤,西瓜霜和水乳一起用吗,1,该用户可能是在询问西瓜霜护肤品是否能与人参水乳产品搭配使用。
achun1999,美容护肤,闭口多用哪个,1,该用户想询问针对闭口粉刺问题推荐使用哪款产品效果更好。  （结合前文语境，直播间正在讨论护肤品（如面膜、面霜、水乳等），用户的问题聚焦于具体护肤需求，属于明确的购买咨询类弹幕。）
achun1999,美容护肤,买不了,0,该用户想表达的含义是：当前无法完成购买操作或遇到下单障碍。
achun1999,美容护肤,面霜没了,1,该用户想表达的含义是：我想购买这款面霜但发现已经售罄了。
achun1999,美容护肤,生日礼物,1,该用户可能在询问是否有适合作为生日礼物的产品推荐。
achun1999,美容护肤,果酸身体乳有吗,1,该用户想询问直播间是否售卖含有果酸成分的身体乳产品，并可能对其功效或使用方式感兴趣。
achun1999,美容护肤,这个洗面奶卸妆效果好吗?能代替卸妆油不???,1,该用户想确认这款洗面奶是否具备足够强的卸妆功能，能否作为卸妆油的替代品使用。
achun1999,美容护肤,中一次,0,该用户希望自己能被抽中一次福袋或奖品。
achun1999,美容护肤,御颜霜,1,该用户可能在询问或提及直播间正在介绍的某款面霜产品（御颜霜），表达对其功效或购买方式的兴趣。
achun1999,美容护肤,洗发水呀,1,该用户可能是想确认或询问主播是否正在介绍或即将推荐洗发水产品。
achun1999,美容护肤,胶原面膜呢,1,该用户可能在询问直播间是否会上架或介绍胶原面膜这款产品。
achun1999,美容护肤,牙膏香皂,1,该用户可能在询问或提及直播中出现的牙膏和香皂类商品，表达对这两样产品的兴趣或想了解相关信息。
achun1999,美容护肤,清洁泥膜,1,该用户可能在询问直播间是否有清洁泥膜这款产品，或是想了解关于清洁泥膜的使用效果和推荐。
achun1999,美容护肤,黑玫瑰精油,1,该用户可能在询问直播间是否有黑玫瑰精油这款产品，或对其功效和购买方式感兴趣。
achun1999,美容护肤,买了好几千,0,该用户想表达的含义是：自己已经在这家直播间消费了相当可观的金额。
achun1999,美容护肤,卸妆油卸妆油卸妆油卸妆油卸妆油卸妆油,1,该用户可能是在强烈催促主播介绍或上架卸妆油产品，表达出迫切想要购买或了解相关信息的意愿。
achun1999,美容护肤,控油面霜有吗今天,1,该用户想询问直播间今天是否有控油功效的面霜产品在售。
achun1999,美容护肤,"水乳,面膜",1,该用户可能在询问或关注直播间是否有水乳和面膜产品，或是表达对这两类商品的购买兴趣。
achun1999,美容护肤,中个福袋吧中个福袋吧中个福袋吧中个福袋吧中个福袋吧中个福袋吧求求了生日礼物生日礼物,0,该用户迫切希望通过抽中福袋获得心仪的生日礼物，表现出对直播间福利活动的强烈参与意愿和对特定产品的渴望。
achun1999,美容护肤,素颜霜,1,该用户可能是在询问或提醒主播介绍/上架素颜霜产品。
achun1999,美容护肤,生日礼物生日礼物已拍莫辜负,0,该用户想表达自己已经下单购买了主播推荐的生日礼物产品，并期待商品能符合预期。
achun1999,美容护肤,"我刚来煮波,能介绍一下一号链接吗",1,该用户可能是新进入直播间的观众，希望主播能详细介绍一号链接商品的信息以便了解是否值得购买。
achun1999,美容护肤,22号,1,该用户可能在询问或确认22号商品链接的相关信息（如库存、价格、功能等）。
achun1999,美容护肤,洗发水,1,该用户可能是想询问直播间是否有洗发水产品，或是希望主播介绍洗发水的相关信息。
achun1999,美容护肤,洁面巾有什么隐藏机制吗,1,该用户可能是在询问洁面巾是否有特殊的使用技巧或未被明确宣传的附加功能，表现出对产品细节的好奇和潜在的购买兴趣。
achun1999,美容护肤,棉柔巾,1,该用户可能在询问直播间是否有棉柔巾产品，或想了解其具体功能及优惠信息。
achun1999,美容护肤,牙膏牙膏牙膏牙膏牙膏牙膏牙膏牙膏牙膏牙膏牙膏牙膏牙膏牙膏牙膏牙膏牙膏牙膏牙膏牙膏牙膏牙膏牙膏牙膏,1,该用户可能是通过刷屏重复关键词的方式，强烈表达对牙膏产品的兴趣或催促主播介绍该商品。
achun1999,美容护肤,卸妆油卸妆油卸妆油卸妆油,1,该用户迫切希望主播重点介绍或上架卸妆油产品。
achun1999,美容护肤,沐浴露沐浴露有没有,1,该用户急切询问直播间是否有沐浴露产品上架或促销。
achun1999,美容护肤,胶原面膜,1,该用户可能在询问或表达对直播间正在介绍的胶原蛋白面膜产品的兴趣，希望主播详细介绍或展示该商品。
achun1999,美容护肤,素颜霜素颜霜素颜霜素颜霜素颜霜,1,"该用户迫切希望主播介绍或上架素颜霜产品。  （分析依据：连续重复关键词是直播间常见的催促行为，结合前文类似弹幕如""卸妆油""""牙膏""的刷屏模式，可推断用户通过高频重复表达对特定商品的强烈需求。）"
achun1999,美容护肤,收毛孔的,1,该用户可能在询问直播间是否有收缩毛孔功效的护肤产品。
achun1999,美容护肤,磨砂膏,1,该用户可能在询问或暗示对直播间正在介绍的磨砂膏产品感兴趣，希望主播进一步讲解或上架该商品。
achun1999,美容护肤,中个福袋吧中个福袋吧中个福袋吧中个福袋吧中个福袋吧中个福袋吧求求了,0,该用户迫切希望自己能幸运抽中直播间发放的福利奖品，通过重复刷屏的方式强烈表达对福袋的渴望和祈求。
achun1999,美容护肤,"阿纯,去年年底我在你直播买了一次洗面奶,但是洗完有些拔干怎么办[流泪]",0,该用户想表达的含义是：对之前购买的洗面奶使用效果不满意，希望主播能给出解决方案或推荐更适合的产品。
achun1999,美容护肤,蛋黄油干嘛的?,1,该用户是在询问蛋黄油的具体用途或功效，表现出对产品的初步兴趣和了解需求。
achun1999,美容护肤,人参水乳用完还能用保湿霜吗,1,该用户可能在询问使用完人参水乳后是否可以叠加保湿霜来增强护肤效果，表现出对产品搭配使用的兴趣。
