live_id,species,content,label,background
weixue0806,美容护肤,洗面奶开好的价格吗,1,该用户是在询问洗面奶的优惠价格是否已经确定。
weixue0806,美容护肤,"点击关注领取海蓝之谜,离开无效",0,该用户想通过提醒观众关注主播来获取福利，暗示对品牌赠品有领取意愿。
weixue0806,美容护肤,没抢到,1,该用户因未能成功参与限时促销或秒杀活动而感到遗憾。
weixue0806,美容护肤,有人告诉我了,0,该用户想表达的含义是：有人已经告知我关于产品价格或优惠的信息。
weixue0806,美容护肤,印第安纹管用吗,1,该用户想询问这款产品对改善印第安纹是否有效。
weixue0806,美容护肤,痘军可以吗,1,该用户是在询问直播中提到的“痘军”产品是否适合自己使用或效果如何。
weixue0806,美容护肤,12号价格开了吗?12号价格开了吗?,1,该用户急切询问12号商品的价格是否已经公布或开始促销。
weixue0806,美容护肤,下睫毛是刷的还是贴的呀雪姐姐,1,该用户是在询问主播展示的下睫毛是通过涂抹睫毛膏还是粘贴假睫毛的方式呈现的，表现出对妆容细节的关注和潜在的购买兴趣。
weixue0806,美容护肤,姐姐还有没有,1,该用户可能在询问主播是否还有之前提到的某款商品库存或优惠活动。
weixue0806,美容护肤,洗面奶为什么付不了款,1,该用户因购买流程受阻而感到困惑，急切想知道为何无法完成洗面奶的支付操作。
weixue0806,美容护肤,有没有眼油???????????,1,该用户急切询问直播间是否在售卖眼部护理精油产品。
weixue0806,美容护肤,我想听听6号怎么用,1,该用户对6号产品的使用方法和效果感兴趣，希望主播详细讲解。
weixue0806,美容护肤,"为什么最近到处都是仿雪姐的小号呀,差点就下单了",0,该用户想表达的含义是：对近期频繁出现的模仿主播的账号感到困惑，并因难以辨别真假而险些误购。
weixue0806,美容护肤,16岁可以用哪些东西,1,该用户可能在询问适合青少年使用的护肤或美妆产品。
weixue0806,美容护肤,为什么差评那么多呢?,0,该用户对产品的质量或口碑存在疑虑，担心差评反映的实际问题会影响购买决策。
weixue0806,美容护肤,你睡衣链接可以给吗?,1,该用户对主播展示的睡衣产品产生了购买意向，希望获取商品链接以便下单。
weixue0806,美容护肤,衣服能分享链接吗,1,该用户想表达的含义是：询问主播能否提供衣服商品的购买链接以便下单。
weixue0806,美容护肤,有祛痘的产品吗,1,该用户是在询问直播间是否有针对痘痘问题的护肤产品，表现出对特定功效商品的购买兴趣和需求。
weixue0806,美容护肤,"大师和胶原面膜,二选一拍哪个",1,该用户是在询问主播推荐两款产品中的哪一款更值得购买，表现出明确的选购意向和决策需求。
weixue0806,美容护肤,你的伞还在,0,该用户可能在询问主播之前展示过的雨伞商品是否还有库存或仍在促销。
weixue0806,美容护肤,讲一下4号,1,该用户想表达的含义是：希望主播详细介绍4号产品的功能或使用方式。
weixue0806,美容护肤,敷之前需要擦水乳吗,1,该用户想询问使用该产品前是否需要先进行基础护肤步骤。
weixue0806,美容护肤,"1和4号都拍了,怎么用?[比心][比心][比心][比心][比心]",1,该用户想表达的含义是：自己已经购买了1号和4号产品，询问具体使用方法并表达对主播的喜爱和支持。
weixue0806,美容护肤,泪沟呢,1,该用户可能在询问主播推荐的产品是否能改善泪沟问题。
weixue0806,美容护肤,四季精华油,1,该用户可能在询问直播间是否有售卖或介绍适用于四季的精华油产品。
weixue0806,美容护肤,"哈哈,这会正在敷这个,真的好好用",1,该用户正在使用直播推荐的产品并表达满意和认可，暗示对产品有实际购买体验和正面评价。
weixue0806,美容护肤,"雪,你的头发是怎么养的,可以教我吗[比心][比心][比心]",0,该用户想表达的含义是：对主播的护发方法产生兴趣并希望获得相关建议。
weixue0806,美容护肤,4号怎么用啊?[捂脸],1,该用户想询问4号产品的具体使用方法，并略带困惑或调侃的语气表达自己不太清楚如何操作。
weixue0806,美容护肤,一直都用错了,0,该用户可能是在感叹自己之前使用产品的方法不正确，现在才意识到正确用法。
weixue0806,美容护肤,这个面膜抖音好多不同价格,0,该用户可能是在对比不同平台的面膜价格差异，暗示对当前直播间的定价产生疑虑或寻求更优惠的购买渠道。
weixue0806,美容护肤,胶原蛋白面膜有吗,1,该用户是在询问直播间是否有售卖胶原蛋白面膜这款产品。
weixue0806,美容护肤,那我都敷错面了[捂脸],0,该用户可能是在自嘲或懊恼自己之前使用产品的方法不正确，现在才意识到错误。
weixue0806,美容护肤,"胶原蛋白面膜我用了为什么没效果啊[捂脸],哪里出了问题",0,该用户在使用胶原蛋白面膜后未达到预期效果，因此产生疑虑并希望主播能解答问题或给出使用建议。
weixue0806,美容护肤,没听懂,0,该用户可能是在对主播讲解的产品使用方法或功能感到困惑，希望对方能更详细地重新说明。
weixue0806,美容护肤,12号价格开了吗?12号价格开了12号价格开了吗?吗?,1,该用户急切询问12号商品的价格是否已经公布或开放购买。
weixue0806,美容护肤,你信吗,0,该用户可能是在对主播介绍的产品功效或承诺表示怀疑或调侃，暗示“你这话可信吗”。
weixue0806,美容护肤,买了好多了,0,该用户想表达的含义是：已经购买了不少商品，可能暂时不需要再买了。
weixue0806,美容护肤,有没有水光液之类的,1,该用户是在询问直播间是否有类似“水光液”这类护肤产品，表现出对特定美妆品类的购买兴趣和需求。
weixue0806,美容护肤,再说一遍,0,该用户可能是因未听清或错过关键产品信息（如用法、价格等），希望主播重复讲解某个细节。
weixue0806,美容护肤,油是哪个链接,1,该用户是在询问直播中提到的精华油产品对应的购买链接位置。
weixue0806,美容护肤,雪有晚霜吗?,1,该用户是在询问直播间是否有售卖“晚霜”这款产品。
weixue0806,美容护肤,睡衣有链接嘛,1,该用户想表达的是对直播中展示的睡衣产品产生了购买意向，希望获取商品购买链接以便下单。
weixue0806,美容护肤,上眼皮有纹,0,该用户可能在询问主播是否有针对上眼皮皱纹的产品推荐或护理建议。
weixue0806,美容护肤,我发现你又变美了,0,该用户可能是在夸赞主播的外貌变化，以此表达对主播的喜爱和关注，同时暗示对主播推荐的产品效果感兴趣。
weixue0806,美容护肤,请问馥郁满小紫瓶精油今天有吗?,1,该用户是在询问主播当前是否有售卖馥郁满小紫瓶精油这款产品，表现出明确的购买意向和产品需求。
weixue0806,美容护肤,再说一次,0,该用户希望主播重复讲解刚才提到的某个产品信息或使用方法。
weixue0806,美容护肤,我正在敷,0,该用户想表达的含义是：我正在使用刚才提到的面膜产品。  （结合前文语境，弹幕讨论集中在面膜使用方法和效果，用户可能是回应主播关于敷面膜的提问或分享实时使用体验。）
weixue0806,美容护肤,孕妇可不可以用,1,该用户是在询问直播中推荐的产品是否适合孕妇群体使用。
weixue0806,美容护肤,头发怎么保养的,0,该用户可能是对主播的发质或护发产品产生兴趣，想了解具体的护理方法或相关产品推荐。
weixue0806,美容护肤,胶原蛋白灌注面膜,1,该用户可能是在询问或确认直播间是否有售卖“胶原蛋白灌注面膜”这款产品。
weixue0806,美容护肤,"脸泛红,有红点点,干痒怎么办",0,该用户可能在咨询直播间推荐的产品是否能解决自己面部泛红、起红点和干痒的皮肤问题。
weixue0806,美容护肤,记不住,0,该用户可能因直播节奏较快或信息密集而未能记住刚才提到的产品名称或购买方式，希望主播能重复说明。
weixue0806,美容护肤,看看睡衣,1,该用户想表达的含义是：询问主播是否可以展示睡衣产品并提供购买链接。
weixue0806,美容护肤,孕妈妈可以用吗,1,该用户想询问产品是否适合孕妇使用，可能出于自身或亲友的孕期需求而关注产品的安全性。
weixue0806,美容护肤,都拍了,0,该用户想表达的含义是：我已经下单购买了（提到的商品）。
weixue0806,美容护肤,还没听懂[捂脸],0,该用户想表达的含义是：对产品介绍没完全理解，希望主播能再解释清楚一些。
weixue0806,美容护肤,在讲一边,0,该用户希望主播重新讲解刚才提到的产品信息或购买方式。
weixue0806,美容护肤,这个一片可以用两次吗,1,该用户想询问产品是否可以重复使用或分次使用。
weixue0806,美容护肤,再说一遍吧,0,该用户希望主播重复刚才提到的产品信息或使用说明。
weixue0806,美容护肤,不用洗脸后续继续护肤嘛,1,该用户可能在询问“如果不洗脸，是否可以直接进行后续护肤步骤”。
weixue0806,美容护肤,从新说一下吧,0,该用户希望主播重新讲解一遍刚才提到的产品信息或使用说明。
weixue0806,美容护肤,"没听懂[捂脸],雪再讲一遍",0,该用户因未能理解产品介绍的具体内容，希望主播能重新详细讲解一遍。
weixue0806,美容护肤,没听清,0,该用户想表达的含义是：希望主播重复刚才的介绍内容以便听清楚。
weixue0806,美容护肤,"买了好几种面膜,可以混着用吗?",1,该用户想表达的含义是：询问已购买的多种面膜是否可以搭配使用。
weixue0806,美容护肤,美容针有吗,1,该用户可能是在询问直播间是否售卖美容针产品，并对其购买意向表现出兴趣。
weixue0806,美容护肤,"上胶原蛋白灌注面膜,上胶原蛋白灌注面膜,上胶原蛋白灌注面膜,上胶原蛋白灌注面膜,上胶原蛋白灌注面膜",1,该用户强烈要求主播立即上架并详细介绍胶原蛋白灌注面膜产品。
weixue0806,美容护肤,胶原蛋白?,1,该用户可能在询问产品是否含有胶原蛋白成分或具体功效。
weixue0806,美容护肤,"没听懂姐姐,在讲一遍怎么用",1,该用户因没理解产品使用方法而希望主播再次详细讲解。
weixue0806,美容护肤,洗完脸直接敷吗,1,该用户是在询问面膜的使用步骤是否需要洁面后直接敷用，表现出对产品具体使用方法的关注和潜在购买意向。
weixue0806,美容护肤,"雪儿,玻玻和水光有什么区别呀",1,该用户想表达的含义是：询问主播产品“玻玻”和“水光”两款商品的具体功能区别，以帮助自己做出购买决策。
weixue0806,美容护肤,怎么用?,1,该用户想询问产品的具体使用方法或操作步骤。
weixue0806,美容护肤,赠品也好用,0,该用户想表达的含义是：对赠品质量的认可增强了购买意愿。  （结合前文语境，用户普遍关注产品使用细节和效果，而此弹幕跳脱出具体提问，转向对赠品的正面评价，暗示赠品成为促成交易的附加吸引力。）
weixue0806,美容护肤,什么粉底液好用,1,该用户可能是在询问直播间推荐的粉底液产品中哪款效果更出色，暗示对购买特定品牌的粉底液产生了兴趣。
weixue0806,美容护肤,再讲一遍,0,该用户希望主播重新详细讲解产品的使用方法或功能特点。
weixue0806,美容护肤,"1、4已拍,叠用?怎么用?",1,该用户想确认已购买的第1和第4号商品是否可以叠加使用，并询问具体操作方法。  （解析：结合上下文可知直播间在讲解多款护肤产品用法，用户表明已下单但对产品组合使用方式存在疑问，属于典型的购买后咨询类互动。）
weixue0806,美容护肤,淡斑补水面膜祛颈纹淡斑补水面膜祛颈纹淡斑补水面膜祛颈纹淡斑补水面膜祛颈纹淡斑补水面膜祛颈纹,1,该用户可能是急切地重复询问产品名称或功效，希望主播能注意到并详细介绍这款淡斑补水面膜及其祛颈纹的效果。
weixue0806,美容护肤,1号和四号胶原蛋白哪个好用?,1,该用户想询问1号和4号胶原蛋白产品的效果对比，以帮助自己做出购买决策。
weixue0806,美容护肤,好用吗,1,该用户想询问产品的实际使用效果是否令人满意。
weixue0806,美容护肤,再说一遍怎么用,1,"该用户希望主播重新详细讲解产品的使用方法。  （结合前文高频出现的""没听懂/没听清/再讲一遍""等同类诉求，以及大量围绕产品功效、使用步骤的提问，可推断用户因信息遗漏或理解困难而要求复述操作指引，属于明确的购买决策前需求。）"
weixue0806,美容护肤,到手多少,1,该用户想询问商品的实际到手价格或优惠后的最终价格。
weixue0806,美容护肤,"眼油膜怎么用,已拍",1,该用户想表达的含义是：询问眼油膜的使用方法并确认自己已经下单购买。
weixue0806,美容护肤,怎么用??,1,该用户想询问产品的具体使用方法或操作步骤。
weixue0806,美容护肤,敷完不需要洗脸吗,1,该用户可能是在确认产品的使用步骤，担心面膜敷完后是否需要额外清洁。
weixue0806,美容护肤,有眼油?,1,该用户想询问直播间是否有售卖眼部护理油产品。
weixue0806,美容护肤,哪面往脸上敷?,1,该用户是在询问面膜的正反面使用方法，想确认哪一面应该接触皮肤。
weixue0806,美容护肤,貔貅好看,1,该用户可能是在称赞直播中展示的貔貅饰品设计精美，暗示对产品有购买兴趣或希望了解更多相关信息。
weixue0806,美容护肤,放生皮面膜怎么用,1,该用户想询问“放生皮面膜”的具体使用方法，可能是对产品功能感兴趣或已购买但不确定操作步骤。
weixue0806,美容护肤,晕我敷了一盒原来都敷错了,0,该用户可能是在表达懊悔之前错误使用产品的方法，现在意识到正确用法后感到惊讶或遗憾。
weixue0806,美容护肤,怎么用,1,该用户想询问产品的具体使用步骤或方法。
weixue0806,美容护肤,"用完不洗脸,不需要再护肤了吧",1,该用户是在询问使用产品后是否可以省略后续护肤步骤，表达了对产品功效的期待和简化护肤流程的愿望。
weixue0806,美容护肤,12号价格开了吗?,1,该用户是在询问12号商品的价格是否已经公布或开始促销。
weixue0806,美容护肤,"怎么用啊,再说一次",1,该用户希望主播重新详细讲解产品的使用步骤或方法。
weixue0806,美容护肤,这个跟胶原蛋白面膜比有什么区别,1,该用户想表达的含义是：想了解当前产品与胶原蛋白面膜在功效或使用体验上的具体差异。
weixue0806,美容护肤,已拍加急加急加急加急,0,该用户想表达自己已经下单购买并迫切希望尽快发货的心情。
weixue0806,美容护肤,记不住啊.雪姐,0,该用户想表达的含义是：刚才讲解的使用方法没记住，希望主播“雪姐”再重复一遍。 （分析依据：前20条弹幕中有8条直接询问产品使用方法，且多次出现“再说一遍”的请求，可见直播间正在密集讲解操作细节；用户采用昵称“雪姐”称呼主播，符合直播间的互动氛围；结合“记不住”的表述，核心诉求是重复教学信息。）
weixue0806,美容护肤,讲一下21号,1,该用户想询问主播详细介绍21号产品的功能或使用方法。
weixue0806,美容护肤,"已拍,怎么用?",1,该用户想确认已购买产品的具体使用方法。
weixue0806,美容护肤,"好用,已经复购了",0,该用户想表达的含义是：对产品效果满意并已再次购买。
weixue0806,美容护肤,问半天了也不回,0,该用户因长时间未得到主播对产品使用方法的解答而感到不满，暗示客服响应速度慢。
weixue0806,美容护肤,法令纹效果大吗,1,该用户是在询问产品对淡化法令纹的实际效果如何。
weixue0806,美容护肤,在教一遍,0,该用户希望主播重新演示或详细讲解产品的使用方法。
weixue0806,美容护肤,是真好用,1,该用户想表达的含义是：对产品使用效果的肯定和满意。
weixue0806,美容护肤,和18号眼油膜有区别吗,1,该用户想询问当前产品与之前提到的18号眼油膜在功效或使用体验上是否存在差异。
weixue0806,美容护肤,哪个是正面,1,该用户可能在询问产品（如面膜或饰品）的正面是哪一面，以便正确使用或佩戴。
weixue0806,美容护肤,"那不是敷错了,都丢了",0,该用户想表达的含义是：自己之前因使用方法错误导致面膜浪费，感到懊恼。
weixue0806,美容护肤,已拍加急,1,该用户想表达的含义是：我已经下单并选择了加急配送服务。
weixue0806,美容护肤,已拍了,0,该用户想表达的含义是：自己已经下单购买了该产品。
weixue0806,美容护肤,水光面膜,1,该用户可能是想询问关于水光面膜的使用方法或功效，表达了对这款产品的兴趣和购买意向。
weixue0806,美容护肤,颈部精华讲讲,1,该用户希望主播详细介绍颈部精华产品的功效、使用方法或优惠信息。
weixue0806,美容护肤,赠送的面膜要洗吗?,1,该用户想确认赠送的面膜在使用后是否需要清洗，以了解正确的使用步骤。
weixue0806,美容护肤,眉毛纹的还是画的,0,该用户想询问主播的眉毛是纹绣的还是手绘的，可能是出于对妆容效果的欣赏或对产品效果的潜在兴趣。
weixue0806,美容护肤,几天用一次,1,该用户想询问产品的使用频率是否适合几天一次的节奏。
weixue0806,美容护肤,在讲一下用法,1,该用户希望主播再次详细讲解产品的使用方法。
weixue0806,美容护肤,雪没听懂,0,该用户想表达的是对产品使用方法或讲解内容没听明白，希望主播能再解释一遍。
weixue0806,美容护肤,再说一遍好吗?来迟了不知道怎么用,1,该用户希望主播重新讲解产品的使用方法，因为自己刚进直播间没听到之前的介绍。
weixue0806,美容护肤,面膜怎们用,1,该用户想表达的含义是：询问面膜的正确使用方法，可能是刚进入直播间错过了之前的讲解或对操作步骤仍有疑惑。
weixue0806,美容护肤,我买了好多哈哈[比心],0,该用户想表达的含义是：自己已经下单购买了不少产品，心情愉快并表示感谢。
weixue0806,美容护肤,"拍完了,用法",0,该用户想表达的含义是：我已经下单购买了产品，现在想了解具体的使用方法。
weixue0806,美容护肤,哪面往脸上敷,1,该用户想确认面膜的正确使用方法，询问应该将哪一面贴在脸上。
weixue0806,美容护肤,补水面膜,1,该用户可能是在询问主播是否有补水面膜这款产品，或者想了解当前介绍的补水面膜的详细信息。
weixue0806,美容护肤,油啊油,0,该用户可能在询问或确认直播中提到的护肤油产品的具体名称或用法。
weixue0806,美容护肤,是哪面贴脸上[捂脸],1,该用户是在询问面膜的正确使用方法，具体是想确认哪一面应该贴在脸上。
weixue0806,美容护肤,姐发缝大有什么好方法,0,该用户是在询问针对头发稀疏或发缝宽大的问题是否有推荐的护发产品或解决方案。
weixue0806,美容护肤,"没听懂,再讲一遍[比心]",0,该用户因对产品使用方法不清楚而希望主播再次详细讲解，同时以表情符号表达友好态度。
weixue0806,美容护肤,喜欢这个外套[流泪],1,该用户想表达的含义是：对这件外套非常心动，甚至感动到想立刻购买。
weixue0806,美容护肤,有没有合适的化妆水推荐,1,该用户希望主播能根据当前讨论的护肤产品推荐一款适合自己需求的化妆水。
weixue0806,美容护肤,讲下4号,1,该用户想表达的含义是：请详细介绍4号产品的相关信息。
weixue0806,美容护肤,需要每天敷吗,1,该用户是在询问这款面膜是否需要每日使用才能达到理想效果。
weixue0806,美容护肤,姐姐想要面霜,1,该用户可能是在询问主播推荐适合“姐姐”这个年龄段使用的面霜产品，或暗示自己对面霜有购买意向。
weixue0806,美容护肤,怎么敷,1,该用户想询问面膜的正确使用方法或敷面膜的具体步骤。
weixue0806,美容护肤,使用方法,1,该用户想询问产品的具体使用步骤或操作指南。
weixue0806,美容护肤,再讲一下,0,该用户希望主播重新详细讲解产品的使用方法。
weixue0806,美容护肤,再说下怎么用,1,该用户希望主播再次详细讲解产品的使用方法。
weixue0806,美容护肤,用法再讲一遍,1,该用户希望主播重新详细讲解产品的使用方法，可能是之前没听清或对操作步骤仍有疑惑。
weixue0806,美容护肤,水光可以打吗,1,该用户可能在询问直播中提到的“水光”产品或项目是否适合自己尝试或购买。
weixue0806,美容护肤,一共多少片,1,该用户是在询问面膜产品的包装规格，即一盒里面包含多少片面膜。
weixue0806,美容护肤,有眼膜么,1,该用户是在询问直播间是否有眼膜产品在售或推荐。
weixue0806,美容护肤,下单了,0,该用户想表达的含义是：已经完成了购买行为。
weixue0806,美容护肤,刚没听清楚～再讲一遍用法行吗?,1,该用户对产品的使用方法没完全理解，希望主播能重新详细讲解一遍操作步骤。
weixue0806,美容护肤,再讲一次,0,该用户希望主播重新详细讲解产品的使用方法或功能细节。
weixue0806,美容护肤,油霜啊油霜,1,该用户想表达的含义是：请再详细讲解一下面霜的使用方法和功效。
weixue0806,美容护肤,防晒怎么样,1,该用户想询问防晒产品的具体效果或使用体验。
weixue0806,美容护肤,淡斑讲讲,1,该用户希望主播详细讲解关于淡斑产品的功效或使用方法。
weixue0806,美容护肤,咋用?,1,该用户想询问产品的具体使用方法。
weixue0806,美容护肤,面霜面霜,1,该用户急切希望主播详细介绍或再次讲解关于面霜的信息。
weixue0806,美容护肤,精华油推荐一个,1,该用户希望主播能推荐一款适合自己需求的精华油产品。
weixue0806,美容护肤,再讲解一下,0,该用户希望主播重新详细讲解某个产品的使用方法或功能特点。
weixue0806,美容护肤,在说一下吧,0,该用户希望主播重新详细讲解一遍产品的使用方法或功能。
weixue0806,美容护肤,身体乳哪个味道好闻呀,1,该用户想询问身体乳的不同香味特点以帮助自己做出购买选择。
weixue0806,美容护肤,项链哪里买的,1,该用户想表达的含义是：询问项链的购买渠道或商品链接。
weixue0806,美容护肤,没看清楚,0,该用户希望主播重新展示或详细解说刚才提到的产品信息。
weixue0806,美容护肤,超声炮对苹果肌有用吗?姐姐说一下呗,1,该用户想询问超声炮美容项目对苹果肌的改善效果，希望主播能详细解答。
weixue0806,美容护肤,可不可以再说一次用法,1,该用户希望主播重新详细讲解产品的使用方法。
weixue0806,美容护肤,"姐姐,讲下3号链接不",1,该用户希望主播详细介绍一下3号链接的商品信息。
weixue0806,美容护肤,用完还用再护肤吗,1,该用户想确认当前使用的护肤产品是否需要搭配其他后续保养步骤。
weixue0806,美容护肤,我回购了,0,该用户想表达的含义是：我之前买过这个产品，现在再次下单购买了。
weixue0806,美容护肤,看看手链,1,该用户想表达的含义是：请展示或详细介绍手链这款商品。
weixue0806,美容护肤,油还上不上,1,该用户是在询问直播间是否会再次上架或补货某款油类产品。
weixue0806,美容护肤,敷错了????,0,该用户可能是对产品使用方法产生了疑惑，担心自己操作错误，想确认正确的使用步骤。
weixue0806,美容护肤,10号没货,1,该用户想表达的含义是：询问10号商品是否已经售罄或无法购买。
weixue0806,美容护肤,2个3有什么区别,1,该用户想询问直播间正在介绍的两款不同型号（2号和3号）产品之间的具体差异。
weixue0806,美容护肤,去颈纹的有吗,1,该用户是在询问直播间是否有针对颈部皱纹问题的产品推荐或相关讲解。
weixue0806,美容护肤,再说一遍呗,0,该用户希望主播重复讲解刚才提到的某个产品或信息。
weixue0806,美容护肤,吃的是啥,1,该用户想询问当前直播中展示或讨论的食品具体是什么品类或名称。
weixue0806,美容护肤,拍了试试,0,该用户想表达的含义是：已经下单购买想尝试一下这款产品。
weixue0806,美容护肤,姐姐2号链接洗面奶干皮可以用吗,1,该用户想询问主播2号链接的洗面奶是否适合干性皮肤使用。
weixue0806,美容护肤,甜椒好吃吗,1,该用户是在询问甜椒的口感或品质如何，可能对购买该产品产生了兴趣。
weixue0806,美容护肤,有淡斑的吗,1,该用户想询问直播间是否有能够淡化色斑的产品。
weixue0806,美容护肤,脖子上的貔恘多少钱啊,1,该用户想询问主播脖子上佩戴的貔貅饰品的价格，表达出对这件商品的购买兴趣。
weixue0806,美容护肤,一周用几次,1,该用户想询问产品的使用频率或建议每周的使用次数。
weixue0806,美容护肤,再讲一下用法,1,该用户希望主播再次详细介绍产品的使用方法。
weixue0806,美容护肤,用法在说一遍,1,该用户想表达的含义是：希望主播再次详细讲解产品的使用方法。
weixue0806,美容护肤,美白祛斑的有吗,1,该用户是在询问直播间是否有美白祛斑功效的产品。
weixue0806,美容护肤,油上不上,1,该用户是在询问直播中提到的某款护肤油产品是否会再次上架销售。
weixue0806,美容护肤,"已拍,怎么用",0,该用户想确认已购买产品的具体使用方法。
weixue0806,美容护肤,毛孔大怎么办,0,该用户可能在询问直播间是否有针对毛孔粗大问题的护肤产品或解决方案。
weixue0806,美容护肤,介绍一下14号,1,该用户想询问主播详细介绍直播间14号商品的信息。
weixue0806,美容护肤,胶原面膜还有没,1,该用户是在询问胶原面膜是否还有库存或是否会继续售卖。
weixue0806,美容护肤,"刚做了激光祛斑,有什么推荐护肤品?",1,"该用户想表达的含义是：自己近期做了祛斑项目，希望主播推荐适合术后修复或淡斑功效的护肤品。  （解析：结合前文弹幕中多次出现""淡斑""""美白祛斑""等护肤需求，以及用户主动提及""激光祛斑""这一具体场景，可推断其核心诉求是术后护肤品的针对性推荐，而非单纯咨询产品是否存在。）"
weixue0806,美容护肤,4号链接美白效果怎么样,1,该用户对4号链接的美白产品效果感兴趣，想了解其实际功效以便决定是否购买。
weixue0806,美容护肤,几天一次,1,该用户想询问产品的使用频率，比如护肤品建议每周使用几次。
weixue0806,美容护肤,这个面膜可以和油一起用吗,1,该用户是在询问面膜是否可以搭配护肤油使用，以确认产品的使用方法和兼容性。
weixue0806,美容护肤,我也用错了,0,该用户可能是在回应主播之前讲解的产品使用方法，表示自己之前错误地使用了该产品。
weixue0806,美容护肤,还有水光霜吗,1,该用户是在询问直播间是否还有水光霜的库存，表现出对该产品的购买意向。
weixue0806,美容护肤,你用吗?????,0,该用户可能在询问主播是否亲自使用过当前推荐的产品，以确认其效果和可信度。
weixue0806,美容护肤,我用错了[捂脸],0,该用户想表达的含义是：自己之前错误地使用了某款产品或采用了不正确的使用方法。
weixue0806,美容护肤,不卖水光面膜了吗不卖水光面膜了吗不卖水光面膜了吗不卖水光面膜了吗不卖水光面膜了吗不卖水光面膜了吗,1,该用户急切询问直播间是否已停售水光面膜，表现出强烈的购买意向或补货需求。
weixue0806,美容护肤,网面的,0,该用户可能在询问当前介绍的产品是否有网面材质的款式或版本。
weixue0806,美容护肤,"三万人啊,今天相信她这个面膜过段时间又推荐全网全平台全部断货,我在这个天生丽质的推荐下从来没有断过货",0,该用户想表达的含义是：主播推荐的这款面膜非常抢手，自己每次都跟风购买从未失手，暗示这次也会果断下单。  （释义重点：突出用户对主播带货能力的信任、产品热销的预期，以及自己跟买成功的经历，整体透露出强烈的购买意向。）
weixue0806,美容护肤,这个面膜太牛了[赞][赞][赞],1,该用户想表达的含义是：这款面膜的效果非常出色，自己对其非常认可和赞赏。
weixue0806,美容护肤,1号4号买哪个,1,该用户是在询问1号和4号产品之间的比较建议，表现出对两款产品的具体功能和效果存在选择困难。
weixue0806,美容护肤,脖子上的项链截下图,1,该用户希望主播展示或特写脖子上的项链款式以便进一步了解商品细节。
weixue0806,美容护肤,讲一下那个油,1,该用户想表达的含义是：让主播详细介绍刚才提到的护肤油的功效或使用方法。
weixue0806,美容护肤,敏肌推荐什么,1,该用户是在询问适合敏感肌使用的产品推荐，表现出对特定肤质护肤品的购买意向。
weixue0806,美容护肤,男的可以吗?????,1,该用户可能在询问当前推荐的产品是否适合男性使用。
weixue0806,美容护肤,胶原灌注面膜没有吗,1,该用户是在询问直播间是否已经售罄或未上架胶原灌注面膜这款产品，表达出对该产品的关注和潜在的购买意向。
weixue0806,美容护肤,这个女人怎么这么好看呢?[舔屏][舔屏][舔屏],0,该用户是在表达对主播外貌的强烈赞美和喜爱，但并未直接表现出对产品的购买兴趣。
weixue0806,美容护肤,敷了面膜不洗脸直接擦面霜吗,1,该用户可能是在询问面膜使用后的护肤步骤是否需要清洗，以确认当前推荐产品的正确使用方法。
weixue0806,美容护肤,几天敷一次啊啊啊啊啊啊啊啊啊啊啊啊啊啊啊啊,1,该用户想表达的含义是：询问这款面膜的建议使用频率。
weixue0806,美容护肤,买了油霜怎么用啊,1,该用户想表达的含义是：对已购买的油霜产品使用方法存在疑问，希望获得使用指导。
weixue0806,美容护肤,我用错了好几盒[捂脸],0,该用户想表达的含义是：我之前错误使用了好几盒这个产品，现在感到有些懊恼。
weixue0806,美容护肤,没任何效果..我们都打针了用不到这个[捂脸],0,该用户想表达的含义是：这款产品对他们没有实际用处，因为他们已经通过注射美容获得了更好的效果。
weixue0806,美容护肤,我也用错了[捂脸],0,该用户是在附和他人分享的使用失误经历，表达自己也犯了同样的错误并感到尴尬无奈。
weixue0806,美容护肤,拿开伞你知道里面有什么吗?,0,该用户可能在询问主播展示的产品（伞）内部包含的具体内容或赠品，表达对产品细节的好奇和潜在购买兴趣。
weixue0806,美容护肤,"新手下单,期待一下[捂脸]",0,该用户想表达的含义是：作为首次购买的消费者，对产品效果抱有好奇和期待，同时略带忐忑地调侃自己的购物行为。
weixue0806,美容护肤,"你推荐一些服饰,头饰好吗?",1,该用户希望主播能针对服饰和头饰品类进行推荐，表现出明确的购物需求和兴趣。
weixue0806,美容护肤,孕妇可用对吗,1,该用户是在确认产品是否适合孕妇使用，表现出对产品安全性的关切和潜在的购买意向。
weixue0806,美容护肤,怎么祛斑,1,该用户可能是在询问直播间推荐的产品中是否有针对祛斑功效的护肤品或方法。
weixue0806,美容护肤,外套可以看看吗?[流泪],1,该用户想表达的含义是：对展示的外套很感兴趣并希望主播详细介绍，同时用表情符号表达强烈的喜爱和期待之情。
weixue0806,美容护肤,"雪儿,你今天的妆,好好看[比心]",0,该用户是在通过夸赞主播妆容的方式表达对主播个人的喜爱和互动意愿，而非直接针对产品本身的购买兴趣。
weixue0806,美容护肤,23岁用什么面膜?,1,该用户是在询问适合自己年龄（23岁）的面膜产品推荐，表现出明确的购买意向和需求。
weixue0806,美容护肤,我都丟了[捂脸],0,该用户可能在表达自己因错误使用产品而不得不丢弃的无奈或自嘲情绪。
weixue0806,美容护肤,多久敷一次,1,该用户想询问面膜产品的建议使用频率。
weixue0806,美容护肤,第二遍把之前的取掉吗,1,该用户可能在询问是否需要先卸掉之前涂抹的产品再进行第二遍护理步骤。
weixue0806,美容护肤,"油霜,我油霜用完了[捂脸]",1,该用户想表达的含义是：自己正在使用的油霜产品已经用完，需要补货或寻求使用建议。  （结合前文语境，直播间在讨论护肤品使用问题，尤其油霜相关话题较多，用户可能因产品空瓶而焦虑，或暗示想购买新的油霜。）
weixue0806,美容护肤,有眼霜吗,1,该用户可能是在询问直播间是否有眼霜产品上架或推荐，表现出对护肤品的具体需求和购买意向。
weixue0806,美容护肤,敷在你脸上看看,1,该用户可能是对主播展示的面膜效果产生兴趣，想通过主播亲自试用（将面膜敷在脸上）来直观感受产品的使用效果。
weixue0806,美容护肤,"姐姐,脸上光长痘咋办呀",0,该用户想表达的含义是：咨询主播针对痘痘肌肤的护肤建议或产品推荐。
weixue0806,美容护肤,男的可以用吗???????,1,该用户是在询问产品是否适合男性使用，可能存在性别适配性的疑虑。
weixue0806,美容护肤,一周几次,1,该用户可能在询问产品（如面膜或护肤品）的建议使用频率。
weixue0806,美容护肤,淡斑补水面膜,1,该用户可能在询问或寻找具有淡斑和补水功效的面膜产品。
weixue0806,美容护肤,姐姐的睡衣是果壳的吗?,1,该用户可能在询问主播身上穿的睡衣品牌是否为果壳，以此评估该品牌产品的实际效果或考虑是否购买同款。
weixue0806,美容护肤,油皮不洗脸会闭口吗,1,该用户是在咨询油性皮肤若不及时清洁是否会导致毛孔堵塞的问题，隐含对产品清洁功效的关注和自身肤质护理的需求。
weixue0806,美容护肤,我也敷错了,0,该用户想表达的含义是：我之前也犯了同样的错误，把面膜敷错了方式。
weixue0806,美容护肤,面膜符错了,0,该用户想表达自己之前错误地使用了面膜（可能是贴反了或步骤不对），现在意识到了问题并想寻求正确使用方法。
weixue0806,美容护肤,眼油还有吗,1,该用户是在询问直播间是否还有眼油产品库存可供购买。
weixue0806,美容护肤,已经买了,0,该用户想表达的含义是：我已经下单购买了你们推荐的产品。
weixue0806,美容护肤,沐浴露推荐那个,1,该用户想表达的含义是：询问主播推荐哪款沐浴露产品。  （结合前文语境，弹幕多为护肤和个护产品的咨询，用户动机明确，属于典型的需求导向型提问，意图获取主播的专业推荐。）
weixue0806,美容护肤,孕妇能用吗,1,该用户是在询问直播中推荐的产品是否适合孕妇使用，以确认购买安全性。
weixue0806,美容护肤,咋记不住咋用啊,0,该用户可能是在询问产品的使用方法记不清楚，希望主播再次讲解或演示操作步骤。
weixue0806,美容护肤,晚上用吗,1,该用户可能在询问产品是否适合在夜间使用。
weixue0806,美容护肤,一周用几次?,1,该用户想询问产品的推荐使用频率以了解正确的护肤周期。
weixue0806,美容护肤,核桃洗面奶现在可以下单吗,1,该用户想表达的含义是：询问当前是否可以立即购买核桃洗面奶这款产品。
weixue0806,美容护肤,我之前全用错了,0,该用户想表达的含义是：我发现自己之前使用产品的方法不正确。
weixue0806,美容护肤,我读一遍就扔了,0,该用户可能是在吐槽产品使用说明过于简单或缺乏实用价值，暗示自己看完就懒得保留或不会重复使用。
weixue0806,美容护肤,几天敷一次?,1,该用户想询问该款面膜产品的建议使用频率。
weixue0806,美容护肤,昨晚还敷了,0,该用户想表达的含义是：我昨晚也使用了这款面膜产品。
weixue0806,美容护肤,洗了没效果吗,1,该用户可能在询问产品使用后是否会出现效果不明显的情况，表现出对产品功效的疑虑或对使用方法的困惑。
weixue0806,美容护肤,毛孔粗大用什么,1,该用户可能在询问针对毛孔粗大问题的护肤产品推荐或解决方案。
weixue0806,美容护肤,敷完面膜用再护肤吗,1,该用户想询问在使用面膜后是否还需要进行其他护肤步骤。
weixue0806,美容护肤,这次听懂了,0,该用户想表达的含义是：终于明白产品的正确使用方法了。
weixue0806,美容护肤,孕妇用的吗,1,该用户是在询问当前直播介绍的产品是否适合孕妇使用。
weixue0806,美容护肤,身体乳,1,该用户可能在询问直播间推荐的身体乳产品信息或适用情况。
weixue0806,美容护肤,睫毛膏,1,该用户可能是在询问当前推荐的睫毛膏产品信息或使用效果。
weixue0806,美容护肤,不洗脸还需要擦护肤品吗,1,该用户可能是在询问如果省略了洁面步骤是否还需要进行后续护肤流程。
weixue0806,美容护肤,"3号面膜收到了,方法说一下吧",0,该用户想表达的含义是：询问已购买的3号面膜的使用方法。
weixue0806,美容护肤,第二次敷多久?,1,"生成失败：Error code: 500 - {'error': {'message': 'Internal Server Error', 'type': 'internal_error', 'param': None, 'code': 'invalid_request_error'}}"
weixue0806,美容护肤,一周几次啊,1,该用户想询问产品的推荐使用频率。
weixue0806,美容护肤,我好像也用错了,0,该用户可能是在意识到自己之前的使用方法有误后，表达对产品正确用法的困惑或寻求确认。
weixue0806,美容护肤,还要涂其它产品吗?,1,该用户可能是在询问当前介绍的护肤步骤中是否需要叠加使用其他产品来完成整个流程。
weixue0806,美容护肤,面膜怎么用,1,该用户想询问面膜的具体使用方法或步骤。
weixue0806,美容护肤,多久用一次,1,该用户想询问产品的使用频率或周期。
weixue0806,美容护肤,不洗脸还要用护肤品吗,1,该用户想表达的含义是：在不清洁面部的情况下是否还需要使用护肤品。
weixue0806,美容护肤,貔貅跟主播的穿搭很配,0,该用户可能是在夸赞主播的穿搭风格与貔貅饰品的搭配相得益彰，暗示对这类饰品产生了兴趣或认同感。
weixue0806,美容护肤,"啊,都用错了",0,该用户可能在懊恼自己之前错误使用了产品，现在才意识到正确的使用方法。
weixue0806,美容护肤,每天用吗,1,该用户是在询问产品的使用频率是否适合日常连续使用。
weixue0806,美容护肤,还要用护肤品吗,1,该用户可能在询问“在不进行基础清洁的情况下是否仍需使用护肤品”，反映出对护肤步骤的必要性存在疑惑。
weixue0806,美容护肤,男的可以用吗????,1,该用户是在询问产品是否适合男性使用。
weixue0806,美容护肤,敷完后可以用油吗,1,该用户想询问使用面膜后是否可以搭配护肤油进行后续保养。
weixue0806,美容护肤,"我又买了那个油霜,真的很好用",1,该用户想表达的含义是：自己已经是该油霜产品的回头客，并且对它的使用效果非常满意。
weixue0806,美容护肤,不洗脸直接抹霜?,1,该用户是在询问不清洁面部的情况下直接使用面霜是否合适，可能对护肤步骤存在疑惑或想确认产品使用方法。
weixue0806,美容护肤,还用面霜吗,1,该用户想询问是否需要在使用其他护肤品后继续使用面霜。
weixue0806,美容护肤,怎么用哈,1,该用户想询问产品的具体使用方法或操作步骤。
weixue0806,美容护肤,大师和胶原哪个好用,1,该用户是在询问直播间推荐的“大师”和“胶原”两款产品中哪一款效果更好或更值得购买。
weixue0806,美容护肤,毛孔大用什么,1,该用户想表达的含义是：针对毛孔粗大的问题，应该使用什么产品或方法来解决。
weixue0806,美容护肤,卖点大众品牌,1,该用户可能在委婉地指出当前讨论的面膜品牌较为常见，缺乏独特卖点或高端定位。
weixue0806,美容护肤,还要擦脸吗,1,该用户可能是想询问在使用当前推荐的产品后是否还需要进行额外的面部护理步骤。
weixue0806,美容护肤,今天在叼馋姥姥直播间看到你小号了,0,该用户想表达的含义是：我注意到你的另一个账号也在观看这场直播。
weixue0806,美容护肤,用完还要用水乳那些吗,1,该用户是在询问使用完当前产品后是否需要继续使用水乳等基础护肤品。
weixue0806,美容护肤,我都有洗,0,该用户想表达的含义是：我已经有这款洗护产品了（不需要再购买）。  （结合前文弹幕中频繁讨论护肤品使用步骤和产品功能的语境，用户可能在回应主播推荐某款清洁类产品时，表明自己已拥有同类物品，隐含对当前推荐无兴趣的态度。）
weixue0806,美容护肤,我用错了啊,0,该用户想表达的含义是：自己之前使用产品的方法不正确。
weixue0806,美容护肤,变白的面膜买哪个呀,1,该用户想表达的含义是：询问哪款面膜具有美白效果，希望得到购买推荐。
weixue0806,美容护肤,伞你知道里面有什么吗,0,该用户可能在询问主播展示的伞产品内部是否包含其他配件或赠品。
weixue0806,美容护肤,都是20分钟吗,0,该用户可能在询问直播中提到的某个产品（如面膜或护肤品）的使用时长是否统一为20分钟。
weixue0806,美容护肤,油性皮肤可以用吗,1,该用户是在询问这款产品是否适合油性肤质的人使用。
weixue0806,美容护肤,黑眼圈,0,该用户可能在询问产品是否能改善黑眼圈问题。
weixue0806,美容护肤,现在就在敷大师面膜,0,该用户想表达的含义是：我正在使用你们推荐的大师面膜，想确认使用方法是否正确或了解后续护肤步骤。
weixue0806,美容护肤,一星期用几次呀,1,该用户是在询问产品的使用频率，即建议每周使用多少次。
weixue0806,美容护肤,一号每天都要用吗,1,该用户是在询问产品“一号”是否需要每日使用以确认使用频率和护肤习惯的适配性。
weixue0806,美容护肤,什么用法,1,该用户想询问产品的具体使用方法或步骤。
weixue0806,美容护肤,这个多久敷一片啊,1,该用户是在询问这款面膜的使用频率，即每次敷面膜的间隔时间是多久。
weixue0806,美容护肤,我也用错了[捂脸][捂脸][捂脸][捂脸][捂脸],0,该用户想表达的含义是：自己之前错误地使用了产品，现在才意识到正确用法。
weixue0806,美容护肤,胶原灌注是哪个,1,该用户是在询问直播间介绍的“胶原灌注”产品具体是指哪一款商品或产品系列。
weixue0806,美容护肤,刚说一半有八字纹打什么Y美提升,0,该用户想询问针对八字纹问题应该选择哪种医美项目来改善。
weixue0806,美容护肤,1号4号哪个好用?,1,该用户想询问1号和4号产品的实际使用效果对比，以决定购买哪个更合适。
weixue0806,美容护肤,哺乳期可以用吗?,1,该用户是在询问产品是否适合哺乳期女性使用，以确认安全性。
weixue0806,美容护肤,痘痘肌能用吗,1,该用户是在询问这款产品是否适合痘痘肌肤质使用，表达了对产品的潜在购买兴趣和适用性关注。
weixue0806,美容护肤,多少天用一次,1,该用户是在询问产品的使用频率或周期。
weixue0806,美容护肤,第二次敷的法令纹也是敷20分钟嘛?,1,该用户是在确认针对法令纹部位的面膜使用时长是否与其他部位相同。
weixue0806,美容护肤,可以不用洗脸过夜,0,该用户可能在询问这款面膜是否可以敷着过夜而无需清洗。
weixue0806,美容护肤,不洗脸需要抹霜么,1,"该用户想询问的是""在不清洁面部的情况下是否还需要使用面霜""。"
weixue0806,美容护肤,衣服看看看看,1,该用户想表达的含义是：想仔细看看衣服的款式或细节。
weixue0806,美容护肤,"宝宝,九号链接讲下用法呗[打call][打call][打call]",1,该用户想表达的含义是：对九号链接的产品使用方法感兴趣，希望主播详细讲解并表现出积极互动态度。
weixue0806,美容护肤,没听到,0,该用户可能因网络延迟或主播语速过快而没听清产品使用方法的讲解，希望主播重复或澄清刚才的内容。
weixue0806,美容护肤,16片啊,0,该用户惊讶或确认产品包含16片装，可能是在询问或感叹包装容量。
weixue0806,美容护肤,身体乳推荐哪个,1,该用户想表达的含义是：想了解直播间推荐的身体乳产品中哪款效果更好或更适合自己。
weixue0806,美容护肤,BE油适合哪种肤质,1,该用户是在询问BE油这款产品适合什么类型的皮肤使用，表现出对产品功效与自身需求的匹配度的关注。
weixue0806,美容护肤,刚刚进来,0,该用户想表达的含义是：我刚进入直播间，对当前讨论的产品或话题还不熟悉。
weixue0806,美容护肤,洗面奶为什么付不了款洗面奶为什么付不了款洗面奶为什么付不了款洗面奶为什么付不了款,1,该用户因购买流程受阻而急切寻求帮助，多次重复提问以强调自己的支付问题。
weixue0806,美容护肤,黑眼圈黑眼圈黑眼圈,1,该用户可能在急切询问主播关于产品是否能改善黑眼圈的问题。
weixue0806,美容护肤,姐妹这个耳钉有链接吗,1,该用户想表达的含义是：询问主播这款耳钉的购买链接，表现出明确的购买意向。
weixue0806,美容护肤,细纹用哪个这么多推荐一下,1,该用户想询问主播针对细纹问题应该选择哪款推荐产品。
weixue0806,美容护肤,敷完还用水乳精华吗?,1,该用户想询问使用该产品后是否需要继续后续的护肤步骤。
weixue0806,美容护肤,有换季推荐的面膜吗,1,该用户想表达的含义是：希望主播推荐适合换季时使用的面膜产品。
weixue0806,美容护肤,"[爱心]脸上痘印,疤痕体质还有救吗[爱心][比心][比心]",1,该用户想表达的含义是：询问主播针对痘印和疤痕体质的皮肤问题是否有有效的产品推荐。
weixue0806,美容护肤,孕妇可以用吗?,1,该用户是在询问产品是否适合孕妇群体使用，以确认其安全性。
weixue0806,美容护肤,敷多久,1,该用户想询问产品使用时需要敷在脸上的具体时长。
weixue0806,美容护肤,川字纹,0,该用户可能是在询问产品是否能改善川字纹问题，或是想了解针对川字纹的具体使用方法和推荐产品。
weixue0806,美容护肤,起痘痘怎么办?,0,该用户可能在询问直播间推荐的产品中是否有针对痘痘问题的解决方案。
weixue0806,美容护肤,"都快用完了,一直用错了",0,该用户想表达的含义是：自己长期错误使用某款产品导致快用完了，现在意识到用法不对。
weixue0806,美容护肤,"没有斑.只是皮肤暗黄,可以用美白淡斑面膜吗",1,该用户是在询问自己皮肤暗黄但无斑的情况是否适合使用美白淡斑面膜，想确认产品的适用性并寻求购买建议。
weixue0806,美容护肤,敷完还要擦水乳吗,1,该用户想询问使用当前产品后是否需要叠加其他护肤品来完成后续护肤步骤。
weixue0806,美容护肤,有眼膜吗?,1,该用户是在询问直播间是否售卖眼膜产品，并可能对眼部护理有潜在购买需求。
weixue0806,美容护肤,干皮用什么都卡粉怎么办吖,1,该用户是在询问针对干性皮肤易卡粉问题的护肤产品推荐或解决方案。
weixue0806,美容护肤,每天用还是几天用一次,1,该用户想询问产品的使用频率是适合每日使用还是间隔几天使用一次。
weixue0806,美容护肤,我是白天用的,0,该用户想表达的含义是：询问当前推荐的产品是否适合在白天使用。
weixue0806,美容护肤,眼睛怎么这么美,0,该用户可能是对直播中展示的某款眼部产品（如眼影、美瞳或眼霜）的效果感到惊艳，表达了对产品外观或使用效果的赞赏和兴趣。
weixue0806,美容护肤,"颈纹重,有没有推荐",1,该用户想表达的含义是：自己颈部皱纹明显，希望主播能推荐适合改善这一问题的产品。
weixue0806,美容护肤,一周几次尼,1,该用户想询问产品的使用频率，可能是想知道这款护肤品建议每周使用多少次以达到最佳效果。
weixue0806,美容护肤,天天用一周用几次,1,该用户是在询问产品的使用频率，想知道是否可以每天使用以及每周建议使用的次数。
weixue0806,美容护肤,精华油还有吗,1,该用户想询问直播间推荐的精华油产品是否仍有库存可供购买。
weixue0806,美容护肤,大师面膜是真的好用[赞][赞][赞][赞][赞][赞],1,该用户通过强烈点赞表达对产品效果的认可和满意，暗示已有使用经验并愿意推荐给他人。
weixue0806,美容护肤,"第一次买了,感觉很好用",1,该用户想表达的含义是：之前尝试购买了产品，使用体验不错，对产品表示认可和满意。
weixue0806,美容护肤,还有胶原蛋白灌注面膜嘛,1,该用户是在询问直播间是否还有胶原蛋白灌注面膜的库存，表现出明确的购买意向和需求。
weixue0806,美容护肤,喜欢你的耳环,1,该用户对主播佩戴的耳环产生了兴趣，暗示有购买意向。
weixue0806,美容护肤,反转贴了[捂脸],0,该用户可能是对产品使用方法或效果的意外发现感到哭笑不得，比如原本贴面膜的方式错误但效果却不错。
weixue0806,美容护肤,22岁可以用吗,1,该用户是在询问产品是否适合自己这个年龄段使用，隐含对产品适用性的关注和潜在的购买意向。
weixue0806,美容护肤,"用完油,推荐一下用什么面霜?",1,该用户想表达的含义是：询问在精华油之后适合搭配使用的面霜产品推荐。
weixue0806,美容护肤,衣服看看,1,该用户想表达的含义是：想看看主播展示或详细介绍衣服的款式和细节。
weixue0806,美容护肤,项链有卖吗,1,该用户是在询问直播间是否有项链产品在售，表达了对该项商品的潜在购买兴趣。
weixue0806,美容护肤,要敷多久,1,该用户想询问这款面膜的推荐使用时长。
weixue0806,美容护肤,就用第一遍就丢了,0,该用户想表达的含义是：这个产品是一次性使用后即可丢弃的。
weixue0806,美容护肤,你猜下,0,该用户可能在调侃或互动性地询问主播关于产品使用频率或效果的问题。
weixue0806,美容护肤,脱发和白发怎么办?,0,该用户可能在询问直播间是否有针对脱发和白发问题的产品或解决方案，表现出对相关护发产品的潜在购买兴趣。
weixue0806,美容护肤,项链上链接[捂脸],1,该用户急切地催促主播将展示的项链商品上架购买链接，并用表情符号表达了对产品喜爱的调侃情绪。
weixue0806,美容护肤,"那敷完不洗脸,后续还涂水乳吗",1,该用户是在询问使用该面膜产品后是否需要清洗以及后续护肤步骤如何衔接。
weixue0806,美容护肤,眼部精华油,1,该用户可能在询问直播间是否有眼部精华油产品，或对该产品的使用方法和效果感兴趣。
weixue0806,美容护肤,大师面膜一周用几次?,1,该用户想询问这款面膜的使用频率是否有限制或推荐次数。
weixue0806,美容护肤,会闷闭口吗,1,该用户是在询问产品使用后是否会导致毛孔堵塞或引发闭口粉刺的问题。
weixue0806,美容护肤,45岁的可以用那个,1,该用户是在询问直播中推荐的产品是否适合45岁年龄层使用。
weixue0806,美容护肤,39岁可以用吗,1,该用户是在询问产品是否适合自己这个年龄段的肤质或需求。
weixue0806,美容护肤,请问几天用一次,1,该用户是在询问产品的使用频率，具体想知道“大师面膜”建议的每周使用次数。
weixue0806,美容护肤,21岁用这款吗,1,该用户是在询问这款产品是否适合21岁的年龄群体使用。
weixue0806,美容护肤,"无语,都是借你打广告的.买了几次假广告了",0,该用户对直播间频繁的广告推广感到不满，并抱怨之前因类似宣传购买到假冒产品。
weixue0806,美容护肤,油皮油痘可以用吗,1,该用户是在询问这款产品是否适合油性皮肤且容易长痘的人群使用。
weixue0806,美容护肤,撕下来的那层第二便还是光滑那层,0,该用户可能在询问产品使用过程中揭下的面膜第二层是否仍然保持光滑质地。
weixue0806,美容护肤,能在说一下使用方法吗,1,该用户可能对产品使用方法存在疑惑，希望主播能再次详细讲解操作步骤或注意事项。
weixue0806,美容护肤,第二遍是单独敷法令纹那些小片么,1,该用户是在询问面膜的使用方法，具体想确认第二次使用时是否只需单独敷法令纹等局部区域的小片。
weixue0806,美容护肤,有医用面膜吗,1,该用户是在询问直播间是否售卖具有医疗功效的面膜产品。
weixue0806,美容护肤,"那我几盒都浪费了,直接敷完丢了",0,该用户可能是在质疑产品的使用效果或性价比，觉得购买多盒装会浪费，因为用一次就需要丢弃。
weixue0806,美容护肤,敷完要不要用水乳,1,该用户是在询问面膜使用后的护肤步骤是否需要搭配水乳产品。
weixue0806,美容护肤,美白面膜,1,该用户可能是在询问直播间推荐的美白面膜产品信息或表达对其功效的兴趣。
weixue0806,美容护肤,19可以用吗,1,该用户是在询问19岁的人是否适合使用当前直播中推荐的产品。
weixue0806,美容护肤,眼膜还有吗,1,该用户是在询问眼膜产品的库存情况，表现出明确的购买意向。
weixue0806,美容护肤,"可以重复说一下嘛,怎么正确使用",1,该用户希望主播再次详细讲解产品的具体使用步骤或注意事项。
weixue0806,美容护肤,"我买了眼油,瓶装面膜,但不是在你直播间买的,不知道是不是正品[捂脸]",0,该用户想表达的含义是：自己在其他渠道购买了同款产品，但对商品真伪存疑，想向主播确认是否为正品。
weixue0806,美容护肤,18号多少钱?????????,1,该用户想询问18号产品的具体价格，表现出明确的购买意向。
weixue0806,美容护肤,皮肤会变好吗,1,该用户是在询问产品使用后是否能改善肤质效果。
weixue0806,美容护肤,"敷完,还涂其它产品吗?[比心][比心][比心][比心]",1,该用户是在询问使用该面膜后是否需要叠加其他护肤品，同时表达了对产品的兴趣和好感。
weixue0806,美容护肤,用了后还需要涂别的吗?,1,该用户想询问使用该产品后是否需要叠加其他护肤品来完成护肤步骤。
weixue0806,美容护肤,用完不用洗吗,1,该用户是在询问产品使用后是否需要进行清洗步骤。
weixue0806,美容护肤,川字纹推荐产品,1,该用户想表达的含义是：询问针对川字纹问题是否有适合的推荐产品。
weixue0806,美容护肤,有没有水光霜,1,该用户是在询问直播间是否有售卖“水光霜”这款产品，表现出对该产品的潜在购买兴趣。
weixue0806,美容护肤,讲讲淡斑,1,该用户希望主播详细介绍具有淡化色斑功效的产品或相关护肤知识。
weixue0806,美容护肤,那要是没这些问题有预防效果吗,1,该用户是在询问如果产品没有之前提到的某些问题（如副作用或效果不佳），是否还能起到预防相关皮肤问题的作用。
weixue0806,美容护肤,再讲讲怎么敷吧,1,该用户希望主播更详细地示范或解释面膜的使用步骤和技巧。
weixue0806,美容护肤,眼膜有没有,1,该用户是在询问直播间是否有眼膜产品在售或库存。
weixue0806,美容护肤,"又向内又向外,听晕了",0,该用户可能是在表达对产品使用方法的困惑，觉得主播讲解的方向（内外护理步骤）过于复杂或矛盾，导致自己难以理解。
weixue0806,美容护肤,"孕妇能用不,1号链接",1,该用户是在询问产品1号链接的商品是否适合孕妇使用，并表现出明确的购买意向。
weixue0806,美容护肤,有补水面膜吗?,1,该用户是在询问直播间是否有售卖补水面膜这一产品，表现出对补水类护肤品的具体需求意向。
weixue0806,美容护肤,皮肤爱冒痘,0,该用户可能是在询问主播推荐适合痘痘肌使用的护肤产品或解决方案。
weixue0806,美容护肤,脸上长痘用哪个有用???,1,该用户想表达的含义是：询问针对痘痘肌肤的推荐产品是否有效。  （结合前文“皮肤爱冒痘”等护肤问题语境，用户关注点明确指向产品功效，且提问方式急切，隐含对解决方案的迫切需求。）
weixue0806,美容护肤,第二便哪面贴脸上啊,1,该用户想询问面膜的具体使用方法，即第二片面膜应该贴在脸上的哪个部位。
weixue0806,美容护肤,"48了,可以用吗?",1,该用户可能在询问产品是否适合48岁的年龄层使用。
weixue0806,美容护肤,敷面膜前要先涂精华打底吗,0,该用户想表达的含义是：询问面膜使用步骤中是否需要搭配精华液以增强护肤效果。  （结合前文弹幕中频繁出现的产品使用方法、功效疑问及搭配需求，可推断用户关注点在于护肤流程的细节优化，试图通过互动确认科学使用方式。）
weixue0806,美容护肤,10号没有了啊,1,该用户想表达的含义是：10号产品已经售罄，感到遗憾或询问是否有补货可能。  （结合前文弹幕多为产品咨询和购买意向，可推断用户关注的是商品库存状态，隐含潜在的购买需求。）
weixue0806,美容护肤,能撕下的那面贴脸上吗姐姐,1,该用户可能是在询问面膜的使用方法，具体是想确认产品是否有一面可以撕下并贴在脸上。
weixue0806,美容护肤,"主播衣服很好看,是什么牌子的",1,该用户对主播展示的服装品牌产生了兴趣，有意向进一步了解或购买同款。
weixue0806,美容护肤,去黑头用哪个?,1,该用户可能在询问直播间推荐哪款产品能有效解决黑头问题，表现出对具体功效产品的购买兴趣。
weixue0806,美容护肤,18号,1,该用户可能在询问18号链接对应的产品信息或库存情况。
weixue0806,美容护肤,真美呀,0,该用户可能是在称赞主播展示的产品效果或外观很好看，流露出对商品的欣赏和潜在购买兴趣。
weixue0806,美容护肤,有普通的补水保湿的,1,该用户想表达的含义是：询问是否有基础款的补水保湿产品推荐。
weixue0806,美容护肤,"重新讲一遍不,我才进来前面没听到",0,该用户希望主播重复之前讲解的内容，因为ta刚进入直播间错过了前面的介绍。
weixue0806,美容护肤,要不要擦脸,1,该用户可能是在询问主播推荐的产品是否需要涂抹在脸部皮肤上。
weixue0806,美容护肤,"皮肤怎么保养的,这么细腻",1,该用户是在询问主播的护肤方法，表达了对产品效果的认可和进一步了解的意愿。
weixue0806,美容护肤,"别人可能我不信,但是我信你",0,该用户想表达的含义是：出于对主播的信任，我愿意考虑购买你推荐的产品。
weixue0806,美容护肤,"2号洗面奶,可以天天用不",1,该用户是在询问2号洗面奶是否适合日常频繁使用，表现出对产品安全性和适用性的关切。
weixue0806,美容护肤,晚上敷吗,1,该用户可能在询问产品是否适合晚间使用或询问晚间使用时的注意事项。
weixue0806,美容护肤,贴法令纹和抬头纹分正反面吗,1,该用户是在询问产品使用时是否需要区分正反面来贴法令纹和抬头纹部位。
weixue0806,美容护肤,"我最喜欢你的面膜了,好好用",1,该用户是在积极认可产品的使用效果，并暗示有持续购买或复购的意愿。
weixue0806,美容护肤,防晒多久补涂?,1,该用户可能是在询问防晒产品的使用频率，想了解需要间隔多长时间重新涂抹一次以达到最佳防护效果。
weixue0806,美容护肤,你好美,0,该用户可能是在夸赞主播的外貌以表达好感或拉近距离，但并未直接表现出对产品的购买兴趣。
weixue0806,美容护肤,洗面奶,1,该用户可能在询问当前讨论的洗面奶产品信息或推荐相关款式。
weixue0806,美容护肤,今天不用回乡拜山吗?,0,该用户可能在委婉地提醒主播当前时间（如清明节等传统节日）与直播内容不太相符，或者好奇主播为何在特殊日子还能进行直播。
weixue0806,美容护肤,再重新说一下,0,该用户希望主播重复讲解之前提到的产品信息或使用方法，因为自己刚刚进入直播间错过了前面的内容。
weixue0806,美容护肤,吃的什么,0,该用户可能在询问主播正在展示或提及的食品类产品详情。
weixue0806,美容护肤,洗面奶为什么付不了款洗面奶为什么付不了款,1,该用户因购买流程受阻而急切询问无法完成支付的具体原因。
weixue0806,美容护肤,精华油怎么用呀?,1,该用户想表达的含义是：对精华油的使用方法感到好奇并希望获得详细指导。
weixue0806,美容护肤,衬衫有链接吗,1,该用户对直播中提到的衬衫产生了购买意向，希望获取商品链接以便下单。
weixue0806,美容护肤,睡衣尺码,1,该用户想询问主播关于睡衣的尺码选择或是否有具体尺码表可供参考。
weixue0806,美容护肤,敷完可以敷敷颈纹吗?,1,该用户是在询问面膜是否可以用于颈部护理，表现出对产品使用方法的兴趣和潜在的购买意向。
weixue0806,美容护肤,用完还要抹水乳嘛,1,该用户是在询问使用当前产品后是否需要再搭配水乳护肤步骤。
weixue0806,美容护肤,项链有吗,1,该用户想询问直播间是否有项链商品在售。
weixue0806,美容护肤,可以配油用吗,1,该用户想询问产品是否可以搭配精华油一起使用。
weixue0806,美容护肤,吃的啥啊!,0,该用户可能是在询问主播正在展示或提及的食品相关信息，表达了对直播中出现的食物的好奇或兴趣。
weixue0806,美容护肤,讲讲头发白怎么办呗,0,该用户想询问主播关于解决白发问题的产品或方法。
weixue0806,美容护肤,多少片啊!,1,该用户是在询问产品包装内的具体数量（如面膜片数）。
weixue0806,美容护肤,精华油,1,该用户可能是在询问关于精华油的产品信息或使用方法。
weixue0806,美容护肤,精华买那个,1,该用户想询问主播推荐哪款精华产品适合购买。
weixue0806,美容护肤,嘴周暗沉怎么办,0,该用户可能是在询问如何改善嘴周暗沉的护肤问题，表现出对相关产品的潜在兴趣。
weixue0806,美容护肤,油霜夏天可以用吗??[爱心][爱心],1,该用户想询问这款油霜产品是否适合在夏季使用，并表现出对产品的兴趣和好感。
weixue0806,美容护肤,亲朋友介绍直播间讲一下你的那个眼油谢谢,1,该用户想表达的含义是：朋友推荐了直播间介绍的眼部护理油，希望主播能详细讲解一下这款产品。
weixue0806,美容护肤,4号链接一周敷几次,1,该用户想询问产品4号链接的使用频率，以了解其具体护肤步骤和适用情况。
weixue0806,美容护肤,男人可以用吗????,1,该用户是在询问当前直播推荐的产品是否适合男性使用。
weixue0806,美容护肤,有个韦雪小号的.不露脸的那个是假的吗?经常刷到,0,该用户可能是对直播中提到的某个账号身份产生疑问，想确认其真实性。
weixue0806,美容护肤,需要水光面膜,1,该用户想表达的含义是：询问主播是否有水光面膜产品并希望了解购买方式。
weixue0806,美容护肤,后面还要进行护理吗,1,该用户可能是在询问产品使用后是否需要后续保养步骤，比如是否需要搭配其他护肤品来维持效果。
weixue0806,美容护肤,讲胶原蛋白面膜,1,该用户希望主播详细介绍胶原蛋白面膜的产品信息或使用效果。
weixue0806,美容护肤,油怎么用啊,1,该用户想询问这款精华油的具体使用方法和步骤。
weixue0806,美容护肤,油皮有痘可以用吗,1,该用户是在询问这款产品是否适合油性痘痘肌使用。
weixue0806,美容护肤,少女针和童颜针介绍呗,1,该用户希望主播详细介绍少女针和童颜针这两款产品的功效与区别。  （解析：结合前文弹幕中高频出现的护肤类产品咨询（如精华、面膜、眼油等）和具体使用疑问，可推断该用户同样关注医美类产品的功能性信息，且提问方式“介绍呗”带有明确求知意图，属于典型的购买意向试探行为。）
weixue0806,美容护肤,不用洗脸直接护肤吗,1,该用户可能在询问跳过洁面步骤直接使用护肤品是否会影响护肤效果或产品吸收。
weixue0806,美容护肤,我买的贴反了![捂脸],0,该用户想表达的含义是：自己购买的产品在使用时出现了操作失误，感到有些无奈和好笑。
weixue0806,美容护肤,怎么使用?刚进来,1,该用户可能是刚进入直播间的新观众，在询问当前展示产品的具体使用方法。
weixue0806,美容护肤,颈纹霜,1,该用户可能是想询问主播关于颈纹霜的产品功效或使用方法，表达了对这款产品的潜在购买兴趣。
weixue0806,美容护肤,"不洗脸直接护肤吗,还是什么都不用抹了",1,该用户是在询问护肤步骤的合理性，想知道是否可以跳过洁面直接进行后续护肤程序。
weixue0806,美容护肤,雪儿好美哦,0,该用户是在夸赞主播的外貌，表达对主播的喜爱和关注，但并未直接表现出对商品的购买兴趣。
weixue0806,美容护肤,那要是没这些问题提前用可以预防吗,1,该用户是在询问产品是否可以提前使用以避免之前弹幕中提到的皮肤问题。
weixue0806,美容护肤,"这彩椒难吃死了,你咋吃的下去",0,该用户是在吐槽彩椒的口感差，质疑主播的推荐或食用方式。
weixue0806,美容护肤,你怎么保持身材啊!这么瘦,0,该用户可能是对主播的身材管理方法产生兴趣，并隐含对相关瘦身产品或健康食品的潜在购买意向。
weixue0806,美容护肤,油霜还可以开团吗,1,该用户想询问油霜产品是否还能参与当前的团购活动。
weixue0806,美容护肤,男朋友呢?,0,该用户可能在询问直播中提到的某款产品是否适合男性使用，或暗示产品是否有针对男性伴侣的推荐。
weixue0806,美容护肤,是睡衣吗,1,该用户可能在询问当前展示或讨论的商品是否为睡衣款式。
weixue0806,美容护肤,精华精华精华买那个,1,该用户急切地想购买主播正在推荐的精华产品。
weixue0806,美容护肤,主播每次吃的时候是什么?,0,该用户可能是好奇主播在演示产品时的具体食用方式或感受，想了解产品使用的细节体验。
weixue0806,美容护肤,有眼膜吗,1,该用户是在询问直播间是否有眼膜产品出售或介绍。
weixue0806,美容护肤,"姐姐～买的面膜,油,眼霜都到了,用的顺序是啥…",1,该用户想表达的含义是：询问已购买产品的使用步骤和护肤流程建议。
weixue0806,美容护肤,咬肌可以打吗,1,该用户可能在询问主播推荐的医美项目是否适用于解决咬肌问题。
weixue0806,美容护肤,10号上吗,1,该用户可能在询问某款产品（如精华、眼膜等）是否会在10号重新上架或开售。
weixue0806,美容护肤,1号和4号推荐哪一种,1,该用户想询问主播在推荐的多个产品中，1号和4号哪一款更适合自己或更值得购买。
weixue0806,美容护肤,哺乳期能用吗,1,该用户是在询问产品是否适合哺乳期女性使用，以确认安全性。
weixue0806,美容护肤,颈纹怎么办?[捂脸],0,该用户可能在询问如何解决颈纹问题，并表现出对相关产品的兴趣或担忧。
weixue0806,美容护肤,油霜混油皮可以用吗?,1,该用户是在询问这款油霜产品是否适合混合偏油性肌肤使用。
weixue0806,美容护肤,怎么用再说一遍呗,1,用户希望主播重复讲解产品的使用方法。
weixue0806,美容护肤,女儿额头起了闭口粉刺,0,该用户可能在咨询直播间是否有适合治疗或预防闭口粉刺的护肤产品。
weixue0806,美容护肤,有没有颈膜,1,该用户是在询问直播间是否售卖颈部护理产品。
weixue0806,美容护肤,三号讲解下,1,该用户希望主播详细讲解一下三号产品的信息或特点。
weixue0806,美容护肤,你说的是什么面膜,1,该用户想询问主播正在介绍的面膜的具体名称或功效。
weixue0806,美容护肤,13香水好用吗,1,该用户想询问主播推荐的13号香水产品的使用效果和体验如何。
weixue0806,美容护肤,"我是新粉,不知道怎么用",1,该用户想表达的含义是：作为新观众，我不熟悉产品使用方法，希望得到指导。
weixue0806,美容护肤,12号链接讲一下,1,该用户希望主播详细介绍12号商品链接的具体信息或功能。
weixue0806,美容护肤,男人可以用吗???,1,该用户可能在询问当前推荐的产品是否适合男性使用，隐含对产品适用性的潜在购买兴趣。
weixue0806,美容护肤,"油霜,我的用完了",1,该用户想表达的含义是：我的油霜已经用完需要补货了。
weixue0806,美容护肤,皮肤角质层薄问你修复,1,该用户想咨询主播是否有适合敏感薄皮肌肤的修复类产品推荐。
weixue0806,美容护肤,用完了才知道用错了[捂脸],0,该用户想表达的含义是：自己之前错误地使用了产品，直到用完才发现用法不对。
weixue0806,美容护肤,饿了就啃彩椒吗?,0,该用户可能是在调侃或质疑直播中推荐的彩椒产品是否真的能作为充饥食品，暗示对产品实用性的怀疑或好奇。
weixue0806,美容护肤,还能讲一遍怎么用吗吗?,1,该用户想表达的含义是：希望主播重新讲解产品的使用方法。
weixue0806,美容护肤,衣服是睡衣还是,1,该用户想询问直播中展示的衣服是日常睡衣款式还是其他类型的服装。
weixue0806,美容护肤,有痘可以用吗,1,该用户是在询问该产品是否适合痘痘肌使用，以判断是否值得购买。
weixue0806,美容护肤,姐姐衬衫有链接吗!,1,该用户想表达的含义是：询问主播身上穿的衬衫是否有购买链接，表现出明确的购买意向。
weixue0806,美容护肤,干皮能用油霜吗,1,该用户是在询问干性皮肤是否适合使用主播推荐的油霜产品。
weixue0806,美容护肤,全脸敷完再单独敷法令纹,0,该用户想表达的含义是：询问这款面膜是否可以分区使用，先全脸涂抹后再重点加强法令纹部位。
weixue0806,美容护肤,脸非常干用哪个啊姐姐[流泪],1,该用户想表达的含义是：自己是干性皮肤，想询问主播推荐适合自己肤质的产品。
weixue0806,美容护肤,面膜用完了还要再涂精华与霜吗?′,1,该用户想了解面膜使用完毕后是否需要叠加精华和面霜的护肤步骤。
weixue0806,美容护肤,下颚线不清晰怎么办啊,0,该用户可能在询问直播间推荐的产品是否能改善面部轮廓模糊的问题。
weixue0806,美容护肤,推荐一下水光肌底妆,1,该用户想表达的含义是：希望主播介绍适合打造水润光泽感的底妆产品。
weixue0806,美容护肤,小金砖可以用在面膜前吗,1,该用户想询问小金砖产品是否适合在敷面膜前作为护肤步骤使用。
weixue0806,美容护肤,8号是啥可以说说吗??????????,1,该用户想表达的含义是：询问8号商品的具体信息或功能。
weixue0806,美容护肤,我买了油霜怎么用啊直接涂吗,1,该用户想表达的含义是：询问已购买的油霜产品的正确使用方法，担心直接涂抹是否合适。
weixue0806,美容护肤,吃的啥?[捂脸],0,该用户是在调侃主播展示的产品或食物内容，用玩笑语气表达好奇和互动意愿。
weixue0806,美容护肤,可以关掉滤镜看看吗,1,该用户可能对产品展示的真实效果存疑，希望看到无滤镜状态下的实际商品样貌以辅助购买决策。
weixue0806,美容护肤,胶原灌注那个还有吗,1,该用户是在询问直播间之前提到的“胶原灌注”产品是否仍有库存可供购买。
weixue0806,美容护肤,"敷完,还用涂水乳吗",1,该用户想询问使用面膜后是否需要继续涂抹水乳类护肤品以完成基础护肤步骤。
weixue0806,美容护肤,"19号,什么皮肤都可以吗??",1,该用户是在询问19号产品是否适用于任何肤质或皮肤问题。
weixue0806,美容护肤,你是每天几点直播,0,该用户想询问直播间的固定开播时间，可能是为了规划下次观看或购买的时间。
weixue0806,美容护肤,啥消肿面膜,1,该用户可能在询问直播间是否有推荐适合消肿功效的面膜产品。
weixue0806,美容护肤,18想白用什么呀?,1,该用户可能在询问产品适合18岁人群使用的美白护肤推荐。
weixue0806,美容护肤,和21号可以同时用不,1,该用户是想询问21号产品是否可以与其他产品搭配使用。
weixue0806,美容护肤,面膜我用了好久[捂脸]一直用错了,0,该用户想表达自己长期错误使用面膜后感到无奈，并暗示需要正确的使用指导。
weixue0806,美容护肤,能推荐下吗,1,该用户希望主播根据当前讨论的护肤或美妆产品，为其推荐适合自己需求的具体款式或使用方法。
weixue0806,美容护肤,瘦脸面膜是什么,1,该用户可能是对面部护理产品感兴趣，想了解瘦脸面膜的具体功效或适用情况。
weixue0806,美容护肤,瘦脸面膜想要,1,该用户想表达的是对瘦脸面膜产品产生了购买兴趣，希望主播进一步介绍或推荐相关商品。
weixue0806,美容护肤,颈纹怎么去[看],0,该用户想表达的含义是：询问如何改善颈部皱纹问题并希望获得产品推荐。
weixue0806,美容护肤,啥情况?,0,该用户可能是在询问直播中提到的某个产品编号或活动规则的具体解释。
weixue0806,美容护肤,我就是熬夜上班,0,该用户可能是在解释自己熬夜观看直播的原因（因为要上班），同时暗示对当前讨论的美容产品有兴趣但时间有限。
weixue0806,美容护肤,沐浴露,1,该用户可能是想询问直播间推荐的沐浴露产品或相关使用建议。
weixue0806,美容护肤,没听明白20分钟后第二次敷是什么意思,0,该用户对主播提到的“20分钟后第二次敷”这一使用步骤感到困惑，希望对方能进一步解释具体操作方法和时间安排。
weixue0806,美容护肤,眼睛很亮怎么保持的?,0,该用户可能是在询问主播使用的眼部护理产品或保养方法，希望了解如何维持明亮的眼部状态。
weixue0806,美容护肤,颈纹深涂什么,1,该用户想询问针对颈部皱纹较深的情况应该使用哪种护肤产品。
weixue0806,美容护肤,消水肿面膜是哪个,1,该用户想询问直播间推荐的消水肿面膜具体是哪一款产品。
weixue0806,美容护肤,贼牛贼牛肉面膜没有吗?,1,"该用户是在询问直播间是否售卖""贼牛贼牛肉面膜""这款产品。"
weixue0806,美容护肤,防晒油么,1,该用户是在询问直播间是否有防晒油产品，并表现出对该商品的潜在购买兴趣。
weixue0806,美容护肤,瘦脸面膜,1,该用户可能是在询问主播关于瘦脸面膜的具体功效或使用方法，或是表达对这款产品的兴趣和购买意向。
weixue0806,美容护肤,有试用装吗,1,该用户想询问产品是否提供小样或试用装以便体验效果。
weixue0806,美容护肤,还有胶原面膜ma,1,该用户是在询问直播间是否还有胶原面膜这款产品在售。
weixue0806,美容护肤,6号连接和10号连接哪个好用?,1,该用户是在询问6号和10号两款产品的实际效果对比，想了解哪一款更适合自己的需求。
weixue0806,美容护肤,睡衣有么,1,该用户是在询问直播间是否有睡衣这类商品在售。
weixue0806,美容护肤,人中长有什么好的办法,0,该用户可能在询问改善人中部位过长问题的美容产品或方法。
weixue0806,美容护肤,1跟4有什么区别呢?,1,该用户是在询问直播间正在介绍的两款产品（编号1和4）之间的具体差异，想了解它们的区别以便做出购买选择。
weixue0806,美容护肤,下颚线,0,该用户可能是在询问主播推荐的产品是否能改善下颚线轮廓或瘦脸效果。
weixue0806,美容护肤,衣服链接发一下呗,1,该用户对直播中展示的某件衣服产生了兴趣，希望获取商品链接以便进一步了解或购买。
weixue0806,美容护肤,祛斑的面膜有吗!!!,1,该用户是在询问直播间是否有祛斑功效的面膜产品，表现出明确的购买意向和需求。
weixue0806,美容护肤,"看来我都浪费了贴完就直接扔了,没有把把它撕下来从新敷",0,该用户可能是在抱怨自己之前使用面膜时操作不当（直接丢弃而未重复利用），现在意识到产品有二次敷用的功能，表达了对产品使用方法的重新关注和潜在的购买兴趣。
weixue0806,美容护肤,瘦脸面膜有吗,1,该用户是在询问直播间是否有售卖瘦脸功效的面膜产品。
weixue0806,美容护肤,面膜敷完涂什么,1,该用户想询问面膜使用后的后续护肤步骤或搭配产品。
weixue0806,美容护肤,用完还正常护肤么,1,该用户是在询问使用完当前讨论的面膜产品后，是否还需要进行常规的护肤步骤。
weixue0806,美容护肤,廋脸面膜在几号,1,该用户想询问瘦脸面膜对应的商品链接编号。
weixue0806,美容护肤,敷完还要护肤吗,1,该用户是在询问使用面膜后是否还需要进行后续的护肤步骤。
weixue0806,美容护肤,3号好用吗,1,该用户是在询问直播间推荐的3号产品是否效果良好或值得购买。
weixue0806,美容护肤,精华买那个精华买那个,1,该用户想询问直播间正在推荐的精华产品中哪一款更值得购买。
weixue0806,美容护肤,水光霜,1,该用户可能是在询问直播间是否有售卖或推荐水光霜这款产品。
weixue0806,美容护肤,把项链漏出来截下图,1,该用户希望主播将项链展示得更清楚以便截图参考，可能对产品产生了购买兴趣。
weixue0806,美容护肤,哪个是瘦脸面膜,1,该用户是在询问直播间推荐的瘦脸面膜具体对应哪个商品链接或产品名称。
weixue0806,美容护肤,"雪,面霜和颈霜讲讲啊",1,该用户希望主播详细介绍雪、面霜和颈霜这三款产品的功效或使用方法。
weixue0806,美容护肤,可以关掉滤镜吗,0,该用户可能是对直播间的滤镜效果感到不真实，希望看到产品的真实展示效果以便更准确地判断商品质量。
weixue0806,美容护肤,这个面膜不是瘦脸的吧,1,该用户想确认这款面膜是否具备瘦脸功能，可能是看到其他弹幕讨论瘦脸产品后产生的针对性疑问。
weixue0806,美容护肤,晚上敷完之后正常再用精华、眼霜、和面霜吗,1,该用户是在询问使用该面膜后是否还需要按照常规的晚间护肤步骤（精华、眼霜、面霜）进行后续护理。
weixue0806,美容护肤,防嗮霜太好用了[赞][赞][赞][赞]防嗮霜太好用了[比心][比心][比心]防嗮霜太好用了[比心][,1,该用户想表达的含义是：对防晒霜的高度认可和强烈推荐，并可能暗示希望主播详细介绍或促销该产品。
weixue0806,美容护肤,男的可以用吗???,1,该用户是在询问当前推荐的产品是否适合男性使用。
weixue0806,美容护肤,眼袋怎么办?,0,该用户可能在询问直播间是否有针对改善眼袋问题的护肤产品或解决方案。
weixue0806,美容护肤,发那么多遍不回答,0,该用户因多次提问未被主播回应而感到不满，认为自己的需求被忽视。
weixue0806,美容护肤,要面霜,1,该用户想表达的含义是：询问主播是否有推荐的面霜产品并希望详细介绍。
weixue0806,美容护肤,我等下就去撕伞,0,该用户想表达的含义是：稍后会去尝试撕下用过的面膜重新敷脸。  （结合前文语境，弹幕讨论集中在面膜使用方式、护肤步骤等，且提到“撕下来重新敷”类似行为，因此“撕伞”可能是对“撕面膜”的谐音或误打，表达用户计划模仿之前提到的操作。）
weixue0806,美容护肤,补水修复的有没有,1,该用户是在询问直播间是否有具备补水和修复功能的面膜或护肤品。
weixue0806,美容护肤,讲下三号,1,该用户想表达的含义是：请详细介绍下三号产品的功能和效果。  （结合前文弹幕高频出现的产品咨询（如“瘦脸面膜在几号”“3号好用吗”）及护肤相关问题，可推断“三号”指直播间正在讲解的某款编号产品，用户希望主播进一步说明其特点或使用方式。）
weixue0806,美容护肤,18号!18号,0,该用户是在询问或强调直播间正在介绍的第18号产品，可能是对其产生购买兴趣或希望主播详细讲解该商品。
weixue0806,美容护肤,你家面膜真好,0,该用户想表达的含义是：对这款面膜的效果表示认可并可能产生购买意向。  （结合前文弹幕中频繁询问面膜功能、型号及使用方式等背景，该弹幕属于正面反馈，隐含进一步了解或下单的潜在兴趣。）
weixue0806,美容护肤,吃啥呢,0,该用户可能在询问主播正在展示或推荐的食品类产品是什么。
weixue0806,美容护肤,在吃什么呀,0,该用户可能是对主播当前展示或提及的食品类产品产生兴趣，试图通过询问饮食内容来间接了解相关商品信息。
weixue0806,美容护肤,3号到手60件嘛,1,该用户想确认3号产品是否以60件的优惠套装形式出售。
weixue0806,美容护肤,人中长怎么办,0,该用户可能在咨询如何改善或修饰偏长的人中部位（上唇与鼻底之间的区域），可能出于对自身外貌的关注或对相关美容产品的需求。
weixue0806,美容护肤,有去颈纹的吗,1,该用户是在询问直播间是否有针对颈部皱纹问题的护肤产品。
weixue0806,美容护肤,想要补水面膜,1,该用户可能在表达对直播间推荐的补水面膜有明确的购买意向，希望主播能详细介绍或上架该产品。
weixue0806,美容护肤,呼和浩特要15的运费,0,该用户可能是在询问或抱怨商品运费较高，暗示对购买意愿产生犹豫或希望商家调整运费政策。
weixue0806,美容护肤,抗皱眼霜怎么用,1,该用户想表达的含义是：对这款抗皱眼霜的使用方法感兴趣，想了解具体操作步骤。
weixue0806,美容护肤,项链哪里买的姐姐,1,该用户想询问主播所佩戴项链的购买渠道，表达了对该商品的兴趣和购买意向。
weixue0806,美容护肤,衣服链接,1,该用户想表达的含义是：询问主播当前展示的服装商品购买链接在哪里。  （结合前文弹幕多为询问产品细节、求购或催促回复的语境，此弹幕属于直接表达购买意向的典型行为，动机明确且简洁。）
weixue0806,美容护肤,用完这个面膜后续正常护肤吗,1,该用户是在询问使用这款面膜后是否会影响后续的日常护肤步骤，体现出对产品使用流程的细致考量。
weixue0806,美容护肤,睫毛膏有推荐吗,1,该用户想表达的含义是：想了解主播推荐的睫毛膏产品。
weixue0806,美容护肤,瘦脸面膜是哪个,1,该用户想询问直播间正在介绍的瘦脸面膜的具体产品名称或购买链接。
weixue0806,美容护肤,颈纹怎么去,0,该用户想询问直播间是否有推荐去除颈纹的产品或方法。
weixue0806,美容护肤,开美颜了吗,0,该用户可能是在询问主播的外貌呈现效果是否经过美颜修饰，以此判断产品的真实效果或主播的推荐可信度。
weixue0806,美容护肤,到手几片,1,该用户想询问购买该商品后实际能收到多少片（面膜）。
weixue0806,美容护肤,七号链接怎么用,1,该用户想询问直播中第七号商品的具体使用方法或操作步骤。
weixue0806,美容护肤,已拍不洗脸,0,该用户想表达的含义是：我已经下单购买了这款产品（可能是不用洗脸的面膜或清洁产品）。
weixue0806,美容护肤,瘦脸面膜是那个,1,该用户是在询问直播间推荐的瘦脸面膜具体是哪一款产品。
weixue0806,美容护肤,奶皮面膜,1,该用户想询问或确认直播间正在介绍或展示的奶皮面膜产品信息。
weixue0806,美容护肤,18岁可以用吗?,1,该用户是在询问产品是否适合自己这个年龄段使用。
weixue0806,美容护肤,其它号是你吗,0,该用户可能在询问主播是否还有其他关联账号或分身账号，想确认当前直播间的身份真实性。
weixue0806,美容护肤,瘦脸面膜去水肿有吗,1,该用户是在询问直播间是否有能够瘦脸并消除水肿功效的面膜产品。
weixue0806,美容护肤,有没有适合光电后的面膜呀,1,该用户是在询问适合光电美容术后使用的修复或舒缓面膜产品。
weixue0806,美容护肤,3号4号面膜区别,1,该用户想询问3号和4号面膜在功效或使用上的具体差异以便做出购买选择。
weixue0806,美容护肤,19岁可以用吗,1,该用户是在询问产品是否适合自己这个年龄段使用，隐含对产品适用性的关注和潜在的购买意向。
weixue0806,美容护肤,胶原蛋白面膜还有卖吗,1,该用户是在询问胶原蛋白面膜是否仍在售，表现出明确的购买意向。
weixue0806,美容护肤,小姐姐,0,该用户可能是想询问主播身上穿戴的某样商品或妆容的购买信息。
weixue0806,美容护肤,消肿面膜,1,该用户想询问直播间是否有能够消除面部水肿功效的面膜产品。
weixue0806,美容护肤,美白面膜说一下,1,该用户想表达的含义是：希望主播详细介绍美白面膜的产品信息或使用效果。
weixue0806,美容护肤,吃的水果推一下,1,该用户想表达的含义是：询问主播推荐直播间正在介绍或相关的水果类产品。
weixue0806,美容护肤,脸上长痘用哪个?,1,该用户想询问直播间推荐哪款产品适合改善痘痘肌肤问题。
weixue0806,美容护肤,"雪姐,你和马小宇什么时候拍剧啊",0,该用户可能在询问主播未来的影视合作计划，而非表达对当前直播产品的购买兴趣。
weixue0806,美容护肤,防嗮霜太好用了[赞][赞][赞][赞]防嗮霜太好用了[比心][比心][比心]防嗮霜太好用了[比心][比心],1,该用户想表达的含义是：对防晒霜的高度认可和强烈推荐，并透露出明显的购买满意度和复购意愿。  （解析：结合前文弹幕多为产品功能咨询和购买互动，该用户通过重复赞美和表情符号的密集使用，既强调产品效果超出预期，也隐含向直播间其他观众“种草”的动机，属于典型的使用后积极反馈行为。）
weixue0806,美容护肤,大师现在拍是有16片吗,1,该用户是在确认当前下单的产品规格是否为16片装，表现出明确的购买意向和对商品细节的关注。
weixue0806,美容护肤,额头长痘怎么办,0,该用户想询问直播间是否有针对额头痘痘问题的护肤产品推荐。
weixue0806,美容护肤,10号链接油怎么用?,1,该用户想询问10号链接产品的具体使用方法，可能对该商品产生了使用兴趣或购买意向。
weixue0806,美容护肤,10号还能弄一点么[捂脸],1,该用户是在询问10号商品是否还能补货或再次上架购买。
weixue0806,美容护肤,水光肌面霜,1,该用户可能是想询问或推荐关于“水光肌面霜”的产品信息，表达对这款面霜的兴趣或需求。
weixue0806,美容护肤,4号也是美白的吗,1,该用户是在询问4号产品是否具有美白功效。
weixue0806,美容护肤,6号怎么用,1,该用户想询问直播中提到的“6号产品”的具体使用方法或适用场景。
weixue0806,美容护肤,瘦脸面膜在哪里啊,1,该用户是在询问直播间是否有售卖瘦脸面膜产品，并希望主播能告知具体购买位置或链接。
weixue0806,美容护肤,精华有吗,1,该用户是在询问直播间是否有售卖精华类产品。
weixue0806,美容护肤,大干皮有啥推荐吗,1,该用户是在询问适合干性皮肤的面膜或护肤产品推荐。
weixue0806,美容护肤,8号是啥,1,该用户可能是在询问直播间正在介绍或展示的8号产品具体是什么。
weixue0806,美容护肤,香水是正品吗,1,该用户可能是在确认产品的真伪可靠性，表现出对购买香水的潜在兴趣和决策前的顾虑。
weixue0806,美容护肤,灌注面膜上吗?,1,该用户是在询问直播间是否会上架或推荐“灌注面膜”这款产品。
weixue0806,美容护肤,吃的是水果甜椒?还是彩椒?,0,该用户可能在询问直播中展示的果蔬品种具体属于哪一类，想确认产品特性以便决定是否购买。
weixue0806,美容护肤,颈纹姐姐,0,该用户可能在询问主播是否有针对颈部皱纹的护肤产品推荐。
weixue0806,美容护肤,油霜还有吗,1,该用户是在询问直播间是否还有油霜这款产品的库存。
weixue0806,美容护肤,讲一下六号,1,该用户想询问主播详细介绍6号产品的功能或使用方法。
weixue0806,美容护肤,定妆粉有吗,1,该用户是在询问直播间是否有售卖定妆粉产品。
weixue0806,美容护肤,油霜也拍了,0,"该用户想表达的含义是：我已经下单购买了油霜产品。 （结合前文""油霜还有吗""的询问和直播间购物氛围，该弹幕使用""拍了""这一直播购物常用黑话，表示已完成拍下/购买动作，是对前序产品询问的闭环回应。）"
weixue0806,美容护肤,淡斑有吗,1,该用户是在询问直播间是否售卖淡斑功效的美容产品。
weixue0806,美容护肤,20岁有必要用吗[捂脸],0,该用户可能在询问产品是否适合20岁年龄段的肤质或需求，同时带有些许自嘲或不确定的态度。
weixue0806,美容护肤,"推荐的两款都买了,试试有效果没",0,该用户表示已下单主播推荐的两款产品，期待实际使用效果。
weixue0806,美容护肤,"睡衣看看呗,推荐一下",1,该用户希望主播展示并介绍睡衣产品的款式或功能，表现出明确的购买意向。
weixue0806,美容护肤,祛斑的来点[捂脸][捂脸],1,该用户想表达的含义是：询问直播间是否有祛斑产品推荐并表现出对该类产品的兴趣。  （结合前文弹幕中频繁出现的美白、淡斑、护肤品类讨论，以及类似表情符号[捂脸]的使用语境，可推断用户以轻松调侃的语气主动寻求祛斑相关商品信息。）
weixue0806,美容护肤,胶原蛋白面膜后可以用油吗?,1,该用户是在咨询使用胶原蛋白面膜后是否可以叠加护肤油产品，表现出对产品使用方法和搭配效果的明确兴趣。
weixue0806,美容护肤,9号的好用吗,1,该用户是在询问直播间推荐的9号产品是否效果理想，暗示对购买该产品有潜在兴趣。
weixue0806,美容护肤,介绍一下13号香水,1,该用户想表达的含义是：对13号香水的具体信息感兴趣，希望主播详细介绍其特点或使用体验。
weixue0806,美容护肤,眼睛上用什么,1,该用户可能在询问适合眼部使用的护肤或彩妆产品推荐。
weixue0806,美容护肤,头发怎么办,0,该用户可能在询问主播关于护发产品或解决头发问题的推荐。
weixue0806,美容护肤,面膜有紧致的效果吗?,1,该用户是在询问面膜是否具备提升皮肤弹性的功效，以评估其是否符合自身护肤需求。
weixue0806,美容护肤,广西的,0,该用户可能是在询问直播中提到的某款产品（如水果、农产品或其他地域特色商品）是否来自广西产地。
weixue0806,美容护肤,有没有补水水光面膜,1,该用户是在询问直播间是否售卖具有补水和水光功效的面膜产品。
weixue0806,美容护肤,你嘴上涂的什么?,0,该用户可能是在询问主播使用的口红或唇部产品的具体品牌或色号。
weixue0806,美容护肤,姐姐想要衬衫链接[流泪][流泪],1,该用户迫切想要购买主播身上穿的衬衫，并用流泪表情强调强烈的渴望心情。
weixue0806,美容护肤,"眼睛凹陷,眼睛下垂怎么办",0,该用户可能在询问针对眼部问题的护肤产品或解决方案，表现出对改善眼周肌肤状况的潜在购买兴趣。
weixue0806,美容护肤,防晒有推荐吗,1,该用户想表达的含义是：希望主播推荐适合自己需求的防晒产品。
weixue0806,美容护肤,淡斑补水面膜推荐一下,1,该用户希望主播能针对淡斑和补水功效推荐一款合适的面膜产品。
weixue0806,美容护肤,唇油?,1,该用户可能在询问主播嘴上涂抹的唇油产品信息或购买方式。
weixue0806,美容护肤,面膜能在讲一下么,1,该用户希望主播能更详细地重新介绍面膜产品的功效或使用方法。
weixue0806,美容护肤,胶原蛋白面膜呢,1,该用户想询问主播是否推荐或介绍胶原蛋白面膜这款产品。
weixue0806,美容护肤,睡衣有链接吗,1,该用户想表达的含义是：对直播中提到的睡衣产品感兴趣并询问购买方式。
weixue0806,美容护肤,祛斑的有没有,1,该用户是在询问直播间是否有祛斑相关的产品或推荐。
weixue0806,美容护肤,14号面膜好用吗,1,该用户想询问14号面膜的实际使用效果如何，以判断是否值得购买。
weixue0806,美容护肤,讲讲9号,1,该用户希望主播详细介绍9号产品的具体信息或使用体验。
weixue0806,美容护肤,你的口红颜色真好看,1,该用户可能是在询问主播口红色号或产品信息，表达了对这款口红产品的兴趣。
weixue0806,美容护肤,气垫讲下,1,该用户希望主播详细讲解一下气垫产品的功能或使用效果。
weixue0806,美容护肤,我带你一起去,0,该用户可能是想邀请主播或他人一同参与购买或体验某款产品。
weixue0806,美容护肤,美白面膜说说可以吗,1,该用户想询问主播是否能详细介绍美白面膜的功效或使用体验。
weixue0806,美容护肤,身体美白有什么方法吗?,1,该用户可能在询问直播间是否有推荐的美白产品或方法，表现出对改善肤色问题的潜在购买兴趣。
weixue0806,美容护肤,讲下4号怎么用,1,该用户希望主播详细介绍4号产品的使用方法和功效。
weixue0806,美容护肤,淡斑用哪个,1,该用户想询问直播间推荐哪款产品适合淡化色斑。
weixue0806,美容护肤,补水补水补水补水补水补水补水补水补水补水补水脸非常干补水用哪个啊姐姐[流泪],1,该用户急切地寻求针对脸部干燥的补水产品推荐，并带有明显的焦虑情绪。
weixue0806,美容护肤,"一号,麻烦再说一遍",1,该用户希望主播重新详细介绍之前提到的“一号”产品信息。
weixue0806,美容护肤,"这个已拍,胶原蛋白的讲一下吧",1,该用户已经购买了当前产品，但对直播中提到的胶原蛋白相关产品产生了兴趣，希望主播能详细介绍其功效或使用方法。
weixue0806,美容护肤,身体乳哪个味道更好,1,该用户想询问哪款身体乳的香味更受欢迎或更适合自己。
weixue0806,美容护肤,10号油什么时候有,1,该用户是在询问10号护肤产品的库存或上架时间，表现出明确的购买意向。
weixue0806,美容护肤,有没有减肥的hhh,0,该用户可能在询问直播间是否有推荐减肥相关的产品或方法，并带有轻松调侃的语气。
weixue0806,美容护肤,之前那个挤得面膜没了吗,1,该用户是在询问之前提到的某款挤压式面膜是否已经售罄或下架。
weixue0806,美容护肤,防晒讲一下,1,该用户希望主播详细介绍当前展示的防晒产品的功效或使用方法。
weixue0806,美容护肤,怎么用在讲一遍,1,该用户希望主播重新详细讲解某款产品的使用方法。
weixue0806,美容护肤,我就是那个买了很多她产品的人,0,该用户想表达的含义是：我是这位主播的老顾客，已经多次购买过她的产品。
weixue0806,美容护肤,雪姐胶原灌注面膜,1,该用户想表达的含义是：请详细介绍这款胶原蛋白面膜的产品信息和使用效果。
weixue0806,美容护肤,1号和4号有什么区别呢,1,该用户想表达的含义是：想了解1号和4号产品之间的具体差异以便做出购买选择。
weixue0806,美容护肤,1号用完还要护肤吗,1,该用户想询问使用完1号产品后是否还需要进行后续的护肤步骤。
weixue0806,美容护肤,Ready,0,该用户可能是在表示自己已经准备好购买或参与互动，催促主播开始介绍产品或进入下一个环节。
weixue0806,美容护肤,这个面膜收缩毛孔吗?,1,该用户是在询问面膜的具体功效，想确认产品是否能满足自己收缩毛孔的需求，表现出对产品的功能关注和潜在购买意向。
weixue0806,美容护肤,瘦脸面膜在哪里,1,该用户想询问直播间是否有售卖瘦脸面膜产品并希望主播介绍相关信息。
weixue0806,美容护肤,什么时候有新品,1,该用户想表达的含义是：询问新品上架的具体时间，表现出对品牌新产品的关注和购买意向。
weixue0806,美容护肤,"雪,脖子上的项链多少克",0,该用户想询问主播所佩戴项链的具体重量参数，可能对同款商品产生了购买兴趣。
weixue0806,美容护肤,姐姐可以讲一下防晒吗,1,该用户希望主播详细介绍防晒产品的功效或使用方法。
weixue0806,美容护肤,能说一下3号面膜吗,1,该用户想表达的含义是：希望主播详细介绍3号面膜的具体功效或使用方式。
weixue0806,美容护肤,项链好好看,1,该用户被主播佩戴的项链款式吸引，产生了欣赏和潜在的购买兴趣。
weixue0806,美容护肤,讲一下安敏优面膜,1,该用户希望主播详细介绍安敏优面膜的产品功效或使用方式。
weixue0806,美容护肤,6号霜早晚都可以用吗,1,该用户是在询问6号面霜的具体使用时间，想确认是否适合早晚护肤流程。
weixue0806,美容护肤,香水是正品吗?香水是正品吗?香水是正品吗?香水是正品吗,1,该用户迫切想确认香水的真伪，表现出对产品真实性的高度关注和潜在的购买意向。
weixue0806,美容护肤,苹果肌复位是不是也是用的线??,1,该用户想询问苹果肌复位手术是否也采用了与之前讨论的面部提拉类似的线雕技术。
weixue0806,美容护肤,油没有了吗,1,该用户想询问直播中提到的某款油类产品是否已经售罄或下架。
weixue0806,美容护肤,9号好用吗,1,该用户想询问9号产品的使用效果如何。
weixue0806,美容护肤,姐姐减肥总减不下来怎么办啊啊啊一直在焦虑,0,该用户可能是在借减肥话题委婉询问直播间是否有相关瘦身产品或解决方案，同时表达对身材管理的焦虑情绪。
weixue0806,美容护肤,10号讲一下怎么用呗?,1,该用户希望主播详细讲解10号产品的使用方法。
weixue0806,美容护肤,三明治大法是什么,0,该用户可能是对主播提到的某个产品（如面膜或护肤品）的使用方法或特殊技巧感到好奇，想进一步了解具体操作步骤或原理。
weixue0806,美容护肤,推荐下油霜吧推荐下油霜吧推荐下油霜吧推荐下油霜吧推荐下油霜吧推荐下油霜吧,1,该用户迫切希望主播详细介绍或推荐适合油性皮肤使用的面霜产品。
weixue0806,美容护肤,瘦脸针建议打吗?,1,该用户想表达的含义是：想了解主播对瘦脸针的推荐意见和效果评价。
weixue0806,美容护肤,大面膜不单吗,1,该用户可能是想问：“这款大包装的面膜能不能单独购买（而不是必须搭配其他产品）？”
weixue0806,美容护肤,泪沟有用吗,1,该用户想询问当前直播中提到的泪沟相关产品是否具有实际效果。
weixue0806,美容护肤,你穿的睡衣好好看,1,该用户可能对主播穿的睡衣产生了兴趣，暗示想了解睡衣的购买信息或类似款式。
weixue0806,美容护肤,防晒霜可以讲讲嘛,1,该用户想表达的含义是：希望主播详细介绍防晒霜的产品信息或使用体验。
weixue0806,美容护肤,10号的油,1,该用户想询问关于“10号油”产品的具体信息或购买方式。
weixue0806,美容护肤,福建也下明天,0,该用户可能是在询问主播展示的某款产品（如面膜或护肤品）是否适用于福建地区明天的天气情况。
weixue0806,美容护肤,回头霜,1,该用户想询问主播之前提到过的某款面霜是否可以回购或再次推荐。
weixue0806,美容护肤,瘦脸那个,1,该用户想询问直播中提到的瘦脸产品或方法的具体信息。
weixue0806,美容护肤,睫毛膏有推荐吗[爱心][爱心][爱心],1,该用户想表达的含义是：想了解主播推荐的睫毛膏产品并表现出浓厚的购买兴趣。
weixue0806,美容护肤,1号和4号面膜的区别是啥?,1,该用户想了解不同款面膜的具体功能差异，以便做出购买决策。
weixue0806,美容护肤,这是什么口味奶茶,0,该用户想询问直播中提到的奶茶的具体口味种类。
weixue0806,美容护肤,喝什么啊,0,该用户可能是在询问直播中提到的某款饮品或食品的具体口味或推荐选择。
weixue0806,美容护肤,讲解颈霜颈霜颈霜颈霜颈霜,1,该用户迫切希望主播详细讲解关于颈霜的产品信息或使用方法。
weixue0806,美容护肤,有没有去黑头的[捂脸],1,该用户想询问直播间是否有推荐去黑头的产品，并表达了对该问题的急切或困扰情绪。
weixue0806,美容护肤,仔细看看吧,0,该用户可能是对当前展示的产品产生了兴趣，想更详细地了解产品信息或功能。
weixue0806,美容护肤,广东也下,0,该用户想表达的含义是：询问产品是否在广东地区也有销售或适用。
weixue0806,美容护肤,请问第二次也是敷20分钟吗?,1,该用户是在询问产品使用细节，表现出对某款面膜具体操作方法的持续关注和潜在购买意向。
weixue0806,美容护肤,姐天天吃彩椒不腻吗,0,该用户可能是在调侃主播频繁推荐彩椒的行为，暗示对其单一饮食内容感到审美疲劳。
weixue0806,美容护肤,可以敷几个小时的面膜在几号啊,1,该用户想询问当前介绍的面膜产品可以持续敷用的时长以及对应的商品编号。
weixue0806,美容护肤,姐你买房子啦恭喜恭喜,0,该用户可能在调侃主播近期生活变化，并以此表达对主播的关注和亲近感。
weixue0806,美容护肤,睡衣[爱心][爱心][爱心][爱心][爱心][爱心][爱心][爱心][爱心][爱心][爱心]睡衣,1,该用户想表达的含义是：非常喜欢主播穿的睡衣，并强烈表达对这款睡衣的喜爱和关注。  （结合前文弹幕中已有对睡衣的夸赞，且目标弹幕通过重复关键词和大量爱心符号强化情感，可推断用户是在热情赞美睡衣并可能有意向购买。）
weixue0806,美容护肤,油真的很好用[赞][赞][赞][赞][赞][赞][赞][赞][赞][赞][赞][赞][赞][赞][赞][赞][赞][赞][赞][赞][赞][赞][赞][赞][赞],1,该用户想表达的含义是：对这款油的品质非常满意并强烈推荐。
weixue0806,美容护肤,提高情商的书有没有?,1,该用户想表达的含义是：询问直播间是否有关于提升情商类书籍的推荐或介绍。
weixue0806,美容护肤,是彩椒?还是甜椒?,0,该用户可能在询问主播展示的辣椒品种具体属于彩椒还是甜椒，试图确认产品属性以便评估是否符合自己的购买需求。
weixue0806,美容护肤,"外套好可爱,想看",1,该用户被展示的外套款式吸引，希望主播能更详细地展示或介绍这件商品。
weixue0806,美容护肤,口红?,1,该用户可能是想询问主播正在展示或提到的口红产品信息，表达对这款商品的兴趣或想了解更多细节。
weixue0806,美容护肤,黑眼圈有什么方法吗?,1,该用户可能在询问直播间是否有推荐改善黑眼圈的产品或方法，表现出对相关美容产品的潜在购买兴趣。
weixue0806,美容护肤,用完要擦水乳吗,1,该用户想询问使用产品后是否需要搭配水乳进行后续护肤步骤。
weixue0806,美容护肤,4号也买了,0,该用户想表达的含义是：我也跟风购买了主播推荐的4号产品。
weixue0806,美容护肤,8号讲一下,1,该用户希望主播详细讲解8号产品的功能或特点。
weixue0806,美容护肤,价格怎么不一样?,1,该用户可能是在对比不同平台或时段的商品价格差异，对当前售价产生疑惑并希望主播解释原因。
weixue0806,美容护肤,美白面膜敷多久,1,该用户想询问美白面膜的具体使用时长，可能是对产品效果产生兴趣或在使用方法上有疑问。
weixue0806,美容护肤,被晒得出现晒斑了怎么办,0,该用户可能在询问直播间是否有针对晒斑修复或美白功效的产品推荐。
weixue0806,美容护肤,胶原蛋白面膜,1,该用户可能是在询问直播间是否有胶原蛋白面膜产品，或是想了解这款面膜的具体功效和使用方法。
weixue0806,美容护肤,讲讲防晒霜呗,1,该用户希望主播详细介绍防晒霜的功能或使用方法。
weixue0806,美容护肤,"姐姐,讲讲眼油",1,该用户希望主播详细介绍眼部精华油产品的功效或使用方法。
weixue0806,美容护肤,10号油讲一下怎么用呗?,1,该用户想表达的含义是：希望主播详细讲解10号产品的使用方法。  （结合前文语境，直播中频繁出现询问产品使用方式、功效等购买相关问题的弹幕，且同类产品如“8号”“眼油”已被提及，说明用户对商品功能存在明确兴趣，属于潜在购买意向的表达。）
weixue0806,美容护肤,水光面膜水光面膜水光面膜水光面膜水光面膜水光面膜水光面膜水光面膜水光面膜水光面膜水光面膜水光面膜,1,该用户想表达的含义是：强烈要求主播详细介绍或推荐水光面膜产品。  （分析依据：结合前文弹幕中频繁出现的产品询问和重复关键词的刷屏行为，可推断用户通过密集重复产品名称的方式，急切表达对水光面膜的关注或购买意向，可能是催促主播讲解、强调需求或与其他观众互动造势。）
weixue0806,美容护肤,6怎么用,1,该用户想询问直播中提到的“6号产品”的具体使用方法。
weixue0806,美容护肤,美白面膜3号和4号哪一个效果更好,1,该用户是在对比两款美白面膜的功效，希望主播能给出具体推荐建议。
weixue0806,美容护肤,打代谢针可以去法令纹,0,该用户可能在询问通过注射代谢针改善法令纹的效果，表现出对医美或护肤产品的潜在购买兴趣。
weixue0806,美容护肤,泪沟有用吗?,1,该用户是在询问直播中提到的产品（可能是护肤品或美容类）对改善泪沟问题是否有效。
weixue0806,美容护肤,又来骗我钱啊啊啊啊,0,该用户是在调侃主播推荐的产品太有吸引力，自己忍不住又想花钱购买了。
weixue0806,美容护肤,你的鼻子做的,0,该用户可能在询问主播关于鼻子整形或美容产品的效果或方法。
weixue0806,美容护肤,灌注面膜上吗,1,该用户是在询问主播是否会上架或介绍“灌注面膜”这款产品。
weixue0806,美容护肤,脸上长痘用哪个?脸上长痘用哪个?,1,该用户想询问直播间推荐适合痘痘肌使用的产品。
weixue0806,美容护肤,有新的面霜吗,1,该用户可能在询问直播间是否推出了新款面霜产品，表现出对护肤品更新的关注和潜在的购买意向。
weixue0806,美容护肤,你好像杨幂啊,0,该用户可能在夸赞主播的外貌与明星相似，试图通过轻松调侃的方式拉近距离或活跃气氛，但并未直接表达对产品的购买兴趣。
weixue0806,美容护肤,项链是金的吗,1,该用户可能是在询问项链的材质是否为真金，以此判断产品的价值或真实性，隐含潜在的购买意向。
weixue0806,美容护肤,精华油还有么,1,该用户是在询问精华油产品的库存情况，暗示有购买意向。
weixue0806,美容护肤,4号链接能在讲一下吗,1,该用户希望主播重新详细介绍4号商品的功能或使用方法。
weixue0806,美容护肤,"这个已拍,胶原蛋白的讲一下",1,该用户想表达的含义是：我已经下单购买了产品，现在想了解关于胶原蛋白的详细介绍。
weixue0806,美容护肤,怎么减肥,0,该用户可能是想询问直播间推荐的产品中是否有适合减肥或辅助瘦身的相关商品。
weixue0806,美容护肤,眼膜介绍下啊,1,该用户希望主播详细介绍当前推荐的眼膜产品的功能或使用方法。
weixue0806,美容护肤,瘦脸面膜是在几号链接,1,该用户想询问瘦脸面膜对应的商品链接编号以便购买。
weixue0806,美容护肤,"项链好好看,是谁家哇",1,该用户对直播中展示的项链产生兴趣，想询问品牌或购买渠道。
weixue0806,美容护肤,大干皮用啥,1,该用户想询问适合干性皮肤使用的产品推荐。
weixue0806,美容护肤,什么时候卖唇油,1,该用户想表达的含义是：询问唇油产品的上架时间或直播讲解时段，表现出明确的购买意向和急切需求。  （结合前文弹幕高频出现具体产品咨询和购买催促的语境，可推断用户并非单纯提问，而是希望主播尽快推广该商品以便下单。）
weixue0806,美容护肤,送的精华水在几号链接,1,该用户想询问直播间赠送的精华水产品对应的商品链接编号以便下单。
weixue0806,美容护肤,用完直接用霜吗,1,该用户想询问使用完当前产品后是否可以立即涂抹面霜。
weixue0806,美容护肤,1、4怎么选,1,该用户可能在询问如何选择1号和4号产品链接中的商品，表现出对这两款产品的购买犹豫和需求比较。
weixue0806,美容护肤,1号链接的面膜怎么使用?,1,该用户想询问1号链接面膜的具体使用方法，可能是对产品感兴趣并考虑购买前想了解使用步骤。
weixue0806,美容护肤,颈纹霜哪个好用??????????,1,该用户是在询问直播间推荐的颈纹霜产品中哪一款效果更好，表现出明确的购买意向和产品咨询需求。
weixue0806,美容护肤,毛孔大用哪个面膜,1,该用户想询问适合改善毛孔粗大问题的面膜产品推荐。
weixue0806,美容护肤,价格怎么不一样呢,0,该用户可能是在对比不同渠道或不同链接的商品价格差异，对当前售价与预期不符感到疑惑。
weixue0806,美容护肤,那个白月光面膜好用吗,1,该用户是在询问某款面膜的实际使用效果，以判断是否值得购买。
weixue0806,美容护肤,油跟油霜怎么使用,1,该用户想询问精华油和面霜的使用顺序或搭配方法。
weixue0806,美容护肤,睫毛膏有推荐吗[比心][比心][比心][比心],1,该用户想表达的含义是：希望主播推荐一款适合自己的睫毛膏产品。
weixue0806,美容护肤,美白面膜189多少片呀,1,该用户是在询问美白面膜的价格规格，具体想了解189元对应的是多少片装，表现出对产品的购买意向和性价比的关注。
weixue0806,美容护肤,3号讲一下,1,该用户希望主播详细讲解3号链接的商品信息。
weixue0806,美容护肤,我为啥怎么贴面膜还是脸干,0,该用户想表达的含义是：对当前使用的面膜效果不满意，希望主播推荐更适合干性皮肤的产品或给出使用建议。
weixue0806,美容护肤,油今天还会有货吗,1,该用户是在询问直播中提到的某款油类产品是否会在当天补货或继续销售。
weixue0806,美容护肤,推荐款防晒霜吧,1,该用户希望主播针对防晒霜产品进行具体推荐，表现出明确的购买意向和需求。
weixue0806,美容护肤,你有烦恼吗[发呆],0,该用户可能是想询问主播是否有推荐解决烦恼情绪的产品或方法，暗示自己存在心理压力或情绪困扰。
weixue0806,美容护肤,口红是哪个?,1,该用户是在询问当前展示的口红产品对应的商品链接编号或品牌信息。
weixue0806,美容护肤,这个洗面奶怎么跟你小号的价格不一样,1,该用户发现同一款洗面奶在主播不同账号的售价存在差异，因此提出质疑并希望得到解释。
weixue0806,美容护肤,有抗皱面霜嘛,1,该用户可能在询问直播间是否有抗皱功效的面霜产品，并对其具体信息或购买方式感兴趣。
weixue0806,美容护肤,精华油买哪个,1,该用户想询问主播推荐适合自己需求的精华油产品。
weixue0806,美容护肤,说黑头,0,该用户可能在询问主播推荐针对黑头问题的护肤产品或解决方案。
weixue0806,美容护肤,几号链接干皮用1号链接嘛,1,该用户是在询问适合干性皮肤的产品是否对应1号商品链接。
weixue0806,美容护肤,油加点,1,该用户可能是想询问直播间推荐的精华油或护肤油产品是否可以叠加使用，或是询问具体的使用方法和搭配建议。
weixue0806,美容护肤,油霜开下吧,1,该用户希望主播重新上架或讲解油霜产品的购买链接。
weixue0806,美容护肤,水光面膜有吗,1,该用户是在询问直播间是否有售卖水光面膜这款产品，并可能对其功效或价格感兴趣。
weixue0806,美容护肤,你用什么粉底啊,1,该用户想询问主播正在使用的粉底产品，可能是出于对主播妆容效果的认可或对同类产品的购买兴趣。
weixue0806,美容护肤,又漂亮又有智慧的女人[赞][赞][赞],0,该用户是在夸赞主播或产品代言人的形象与专业能力，以此间接表达对直播内容或推荐商品的认可与好感。
weixue0806,美容护肤,泪沟有用吗?泪沟有用吗?泪沟有用吗?,1,该用户是在询问直播中提到的产品（可能是针对泪沟的护肤品）是否有效，表现出对产品的关注和潜在的购买意向。
weixue0806,美容护肤,喝的什么,0,该用户可能是在询问主播当前正在展示或饮用的产品名称或功效，暗示对同类饮品或相关商品的潜在兴趣。
weixue0806,美容护肤,眼膜介绍一下啊,1,该用户希望主播详细讲解眼膜产品的功效、使用方法或优惠信息。
weixue0806,美容护肤,那个油怎么用,1,该用户想询问主播推荐的精华油或护肤油的具体使用方法和步骤。
weixue0806,美容护肤,讲讲油霜,1,该用户希望主播详细介绍某款油霜产品的信息或功能。
weixue0806,美容护肤,粉底液,1,该用户想询问主播正在使用或推荐的粉底液产品。
weixue0806,美容护肤,姐姐有没有淡化黑眼圈的,1,该用户是在询问主播是否有能够改善黑眼圈问题的产品推荐。
weixue0806,美容护肤,眼油是哪个,1,该用户想询问直播间正在讨论的“眼部精华油”具体是指哪一款产品。
weixue0806,美容护肤,拍了面膜怎么用?,1,该用户想询问购买的面膜的具体使用方法，表现出对产品的使用细节感兴趣并可能已有购买意向。
weixue0806,美容护肤,30脸垮怎么办,0,该用户想询问针对30岁左右皮肤松弛问题的护肤产品或解决方案。
weixue0806,美容护肤,2号链接介绍一下,1,该用户想表达的含义是：希望主播详细讲解2号链接对应的产品信息。
weixue0806,美容护肤,香水是正品吗?香水是正品吗?香水是正品吗?香水是正品吗?香水是正品吗?香水是正品吗?香水是正品吗?香,1,该用户迫切想确认商品真伪，反复追问以强调对正品保障的强烈关注。
weixue0806,美容护肤,你皮肤好好,0,该用户可能是在夸赞主播的皮肤状态好，并隐含对主播使用的护肤产品或化妆技巧产生兴趣，希望获得相关推荐或教程。
weixue0806,美容护肤,"拍了,什么用",1,该用户想表达的含义是：已经下单购买了产品，但不确定具体的使用方法。
weixue0806,美容护肤,"你每天熬夜,90斤是怎么保持的",0,该用户想表达的含义是：询问主播如何能在长期熬夜的情况下依然保持90斤的苗条身材。  （结合前文弹幕中频繁出现护肤、美容产品相关的提问，以及类似“你皮肤好好”这类对主播个人状态的关注，可推断用户是在主播分享个人生活习惯或产品推荐时，对其身材管理方法产生兴趣，可能隐含对相关产品或生活方式的潜在购买需求。）
weixue0806,美容护肤,你是不是只发了呀?,0,该用户可能在询问主播是否已经上架了某款产品（如油霜或面膜），或者确认之前提到的商品链接是否已经开放购买。
weixue0806,美容护肤,油皮的话要洗吗,1,该用户想询问油性皮肤是否需要使用当前直播中提到的洁面或护肤产品。
weixue0806,美容护肤,第二遍敷多久,1,该用户是在询问面膜产品第二次使用时需要敷在脸上的时长。
weixue0806,美容护肤,然后接着护肤?,1,该用户想表达的含义是：询问主播接下来是否会继续讲解护肤相关的内容或步骤。
weixue0806,美容护肤,去水中的,1,该用户可能是在询问某款产品是否适合用于“去水中”（如防水、游泳等场景）或询问产品在水环境下的使用效果。
weixue0806,美容护肤,小金砖,1,该用户可能在询问直播间推荐的某款名为“小金砖”的美妆产品（如粉底液、面霜等）的具体信息或功效。  （解析：结合前文弹幕中高频出现的美妆产品提问（粉底液、油霜、眼膜等），“小金砖”更可能是某款产品的昵称而非字面物品，用户意图倾向于了解产品功能或购买细节。）
weixue0806,美容护肤,大油皮怎么办,1,该用户可能是在询问针对油性皮肤的护肤建议或产品推荐。
weixue0806,美容护肤,不洗脸会干嘛?,0,"该用户可能是想询问""如果不使用当前介绍的产品（如洁面产品）会有什么不良后果""，表达了对产品功效的关注和潜在的购买犹豫。"
weixue0806,美容护肤,后续可以直接护肤是嘛,1,该用户想确认产品使用步骤是否可以在护肤环节直接使用，无需额外准备步骤。
weixue0806,美容护肤,回复下我啊啊,0,该用户急切希望主播注意到自己的提问或互动需求，可能是之前的问题未被回应或想优先获得解答。
weixue0806,美容护肤,19号看看,1,该用户可能是对直播中提到的某个商品或活动（如19号上架的商品/促销）表示关注，暗示自己会在指定日期前来查看或购买。
weixue0806,美容护肤,美白面膜几天用一次?,1,该用户想询问美白面膜的使用频率，以了解产品具体用法并评估是否适合自己购买。
weixue0806,美容护肤,敷完不洗脸要涂水乳吗,1,该用户想确认使用面膜后若不冲洗是否需要进行后续基础护肤步骤。
weixue0806,美容护肤,连续敷完三天然后一周两次吗,1,该用户是在询问面膜的使用频率，具体想确认是否需要先连续使用三天再调整为每周两次的护肤步骤。
weixue0806,美容护肤,口红颜色,1,该用户可能是在询问主播展示的口红色号具体信息或适合的肤色搭配建议。
weixue0806,美容护肤,敷面膜前要涂油吗,1,该用户可能是在询问护肤步骤的细节，想确认使用面膜前是否需要先涂抹精油类产品以提升效果。  （释义思路：结合直播间的美妆护肤主题及前后弹幕中频繁出现的护肤步骤疑问，该问题属于典型的产品使用咨询，反映出用户对正确使用方法的关注，隐含尝试产品或优化现有护肤流程的潜在需求。）
weixue0806,美容护肤,可以再讲下面膜吗?刚进来没听到,1,该用户因错过面膜产品的详细介绍，希望主播重新讲解以便了解产品信息并评估是否购买。
weixue0806,美容护肤,颈霜可以直接拍不,1,该用户想询问颈霜是否可以不用试用直接下单购买。
weixue0806,美容护肤,"刚下单,再讲一下怎么用的吧",1,该用户想表达自己已经购买了产品，希望主播进一步讲解产品的使用方法以便正确使用。
weixue0806,美容护肤,瘦脸膜是那款?,1,该用户是在询问直播间提到的瘦脸膜具体是哪一款产品。
weixue0806,美容护肤,讲一下眼油颈纹霜呗,1,该用户希望主播详细介绍眼油和颈纹霜的产品功效或使用方法。
weixue0806,美容护肤,大师用法,0,该用户想表达的含义是：请教主播这款产品的具体使用方法。
weixue0806,美容护肤,怎么使用,1,该用户想询问产品的具体使用方法或步骤。
weixue0806,美容护肤,一号用法再说一下[捂脸],1,该用户想表达的含义是：请主播再详细讲解一下一号产品的使用方法。
weixue0806,美容护肤,敷两遍是什么意思,1,该用户是在询问产品使用步骤中“敷两遍”的具体操作方法和必要性。
weixue0806,美容护肤,用完要抹面霜吗?,1,该用户是在询问当前讨论的护肤品使用后是否需要额外涂抹面霜作为后续护理步骤。
weixue0806,美容护肤,三明治法怎么用,1,该用户想询问主播详细讲解“三明治护肤法”的具体操作步骤。
weixue0806,美容护肤,苹果肌怎么复位,1,该用户想询问如何通过护肤或按摩手法让苹果肌恢复饱满紧致的状态。
weixue0806,美容护肤,春秋比翼鼻尖容易起皮有好用的推荐吗,1,该用户是在询问针对春秋季节鼻尖容易起皮的情况是否有值得推荐的产品。
weixue0806,美容护肤,可以讲解一下如何用吗?刚下单了,1,该用户希望主播详细演示产品使用方法，以便自己正确操作刚购买的商品。
weixue0806,美容护肤,不洗脸还需要擦正常护肤品吗,1,该用户想询问在不清洁面部的情况下是否仍需使用常规护肤品进行保养。
weixue0806,美容护肤,卸妆膏,1,该用户可能是想询问关于卸妆膏的使用方法或推荐产品。
weixue0806,美容护肤,胶原蛋白的那个面膜链接里没有,1,该用户想表达的含义是：面膜产品详情页里找不到胶原蛋白成分的说明或相关选项。
weixue0806,美容护肤,需要擦其他东西不,1,该用户可能在询问当前推荐的产品是否还有其他用途或适用场景。
weixue0806,美容护肤,这个面膜推荐什么年龄,1,该用户想了解这款面膜适合哪个年龄段的人群使用。
weixue0806,美容护肤,不会用啊,0,该用户想表达的含义是：对产品使用方法存在困惑，希望主播进一步讲解操作步骤。
weixue0806,美容护肤,胶原蛋白肽推荐一下,1,该用户想表达的含义是：希望主播推荐一款含有胶原蛋白肽的产品并介绍其功效。
weixue0806,美容护肤,头发染过吗,0,该用户可能在询问主播的发色是否经过染色处理，以判断产品的实际使用效果或颜色真实性。
weixue0806,美容护肤,唇部精华讲讲,1,该用户希望主播详细介绍唇部精华产品的功能、使用方法或推荐理由。
weixue0806,美容护肤,泪沟纹可以使用什么啊,1,该用户想询问针对泪沟纹问题的推荐产品或解决方案。
weixue0806,美容护肤,6号霜是早晚都可以用吗,1,该用户是在询问6号面霜的具体使用时间安排，想确认产品是否适合早晚护肤流程。
weixue0806,美容护肤,仿生面膜有没有,1,该用户是在询问直播间是否有售卖仿生面膜这款产品。
weixue0806,美容护肤,10号,0,该用户是在询问关于“10号”产品的具体信息或使用方法。
weixue0806,美容护肤,直接上护肤品吗,1,该用户是在询问直播是否要跳过其他环节直接进入护肤品介绍的部分。
weixue0806,美容护肤,瘦脸面膜在哪个链接啊,1,该用户想询问瘦脸面膜的购买链接，表明对产品有明确的购买意向。
weixue0806,美容护肤,有眼纹用哪个,1,该用户想询问针对眼部皱纹问题应该选择哪款产品。
weixue0806,美容护肤,混油皮适不适合大师面膜?,1,该用户是在询问这款面膜是否适合混合性偏油肤质使用。
weixue0806,美容护肤,上面霜,1,该用户想表达的含义是：询问主播正在介绍的面霜产品详情或购买链接。
weixue0806,美容护肤,"讲下三号呗,姐姐",1,该用户想表达的含义是：希望主播详细介绍三号产品的相关信息或使用体验。
weixue0806,美容护肤,你90斤是怎么保持的,0,该用户可能是在询问主播保持90斤体重的具体方法或产品推荐，暗示对减肥或身材管理相关内容的兴趣。
weixue0806,美容护肤,和VC面膜有什么区别?,1,该用户想询问当前介绍的面膜与VC面膜在功效或成分上的具体差异。
weixue0806,美容护肤,用法说一下,1,该用户想了解产品的具体使用方法或操作步骤。
weixue0806,美容护肤,到手几片?,1,该用户想询问购买该产品后实际能获得多少片装。
weixue0806,美容护肤,zsi什么饮料呀,0,该用户想询问直播中提到的“zsi”是什么类型的饮料。
weixue0806,美容护肤,"姐姐,你为什么心态这么好",0,该用户可能是对主播的积极状态感到好奇或欣赏，想了解其保持良好心态的方法或秘诀。
weixue0806,美容护肤,护发素雪姐,1,该用户想询问主播使用的护发素品牌或推荐相关产品。
weixue0806,美容护肤,你喝啥呢,1,该用户可能是对主播正在饮用的饮品产生好奇，想了解其名称或功效以便考虑是否购买。
weixue0806,美容护肤,极光的还有吗?,1,该用户是在询问直播间是否还有名为“极光”的产品库存。
weixue0806,美容护肤,补水哪个,1,该用户想询问直播间推荐的补水产品具体是哪一款。
weixue0806,美容护肤,眼油看看,1,该用户想表达的含义是：想了解一下眼油产品的介绍或购买链接。
weixue0806,美容护肤,多久敷一次大师面膜,1,该用户想询问大师面膜的使用频率以评估是否适合自己购买。
weixue0806,美容护肤,瘦脸是哪个,1,该用户想询问直播间正在介绍的瘦脸产品具体是哪一个款式或链接。
weixue0806,美容护肤,14号,0,该用户想询问直播中提到的“14号”产品的具体信息或购买链接。
weixue0806,美容护肤,4号面膜用洗吗?,1,该用户是想询问4号面膜使用后是否需要清洗。
weixue0806,美容护肤,粉底液可以推荐吗,1,该用户想表达的含义是：希望主播推荐适合自己使用的粉底液产品。
weixue0806,美容护肤,油皮的话要洗一下吗,1,该用户是在询问油性肤质是否需要在使用产品后清洗。
weixue0806,美容护肤,"雪,卸妆膏讲一下可以吗",1,该用户希望主播详细介绍卸妆膏产品的相关信息。
weixue0806,美容护肤,有祛斑的面膜吗,1,该用户是在询问直播间是否有能解决祛斑问题的面膜产品，表现出对特定功效护肤品的购买兴趣。
weixue0806,美容护肤,三号链接怎么用,1,该用户想询问三号链接商品的具体使用方法。
weixue0806,美容护肤,姐姐减肥总减不下来怎么办啊啊啊啊一直在焦虑,0,该用户想表达的含义是：看到主播分享的瘦身经验后，联想到家人减肥受挫的困扰，希望获得相关产品或方法推荐。
weixue0806,美容护肤,防晒有隔离效果吗!,1,该用户想询问防晒产品是否兼具隔离功能，以确认其具体功效是否符合自身需求。
weixue0806,美容护肤,美白淡斑用什么,1,该用户想询问直播间推荐的美白淡斑产品。
weixue0806,美容护肤,七号油怎么用,1,该用户想询问产品“七号油”的具体使用方法。
weixue0806,美容护肤,七号链接讲解一下,1,该用户希望主播详细介绍七号链接对应的产品信息或使用方法。
weixue0806,美容护肤,面膜怎么使用,1,该用户想询问面膜的具体使用方法，可能是对产品功效或操作步骤存在疑问。
weixue0806,美容护肤,3号到手几片,1,该用户是在询问3号链接的产品具体包含多少片装。
weixue0806,美容护肤,淡斑的有吗,1,该用户想询问直播间是否有针对淡化色斑功效的产品。
weixue0806,美容护肤,问一下买面膜用在短信里签字吗,0,该用户想询问购买面膜后是否需要通过短信验证来确认订单。
weixue0806,美容护肤,瘦脸面膜在哪个链接,1,该用户是在询问瘦脸面膜对应的产品购买链接位置。
weixue0806,美容护肤,哪个油好用,1,该用户是在询问直播间推荐的护肤油产品中哪一款效果更好或更适合自己使用。
weixue0806,美容护肤,5号说一下,1,该用户想表达的含义是：请主播详细介绍一下5号产品的信息或使用方法。
weixue0806,美容护肤,种睫毛好不好,0,该用户可能是在询问种睫毛的效果或体验如何，是否有相关产品推荐。
weixue0806,美容护肤,睫毛膏是那个链接,1,该用户是在询问睫毛膏对应的商品购买链接。
weixue0806,美容护肤,你的口红是哪个,1,该用户想询问主播当前使用的口红品牌或色号信息，可能是出于对产品效果的认可而产生了购买兴趣。
weixue0806,美容护肤,4号链接,1,该用户想表达的含义是：希望主播详细介绍或展示4号链接对应的产品信息。
weixue0806,美容护肤,他说的福袋里的吧,0,该用户可能是在询问主播提到的福袋内容是否包含在某个商品或活动中。
weixue0806,美容护肤,睫毛太喜欢了,0,该用户被直播中展示的睫毛产品吸引，表达出强烈的喜爱和购买意向。
weixue0806,美容护肤,淡斑那个效果好,1,该用户想询问直播间推荐的淡斑产品中哪一款效果更显著。
weixue0806,美容护肤,眼袋用什么,1,该用户想询问直播间是否有推荐用于改善眼袋问题的产品。
weixue0806,美容护肤,不用洗脸的话那后续的护肤还用涂抹吗,1,该用户可能在询问如果省去洁面步骤，是否还需要进行后续的护肤程序，反映出对护肤步骤关联性的困惑或对简化流程的需求。
weixue0806,美容护肤,"大师面膜怎样用,在说一次",1,该用户想表达的含义是：希望主播再次详细介绍大师面膜的使用方法。
weixue0806,美容护肤,有推荐的精华嘛?,1,该用户可能在询问主播是否有值得推荐的精华产品，表现出对护肤品类商品的兴趣和购买意向。
weixue0806,美容护肤,夏娃诱惑香水有吗?夏娃诱惑香水有吗?,1,该用户急切询问直播间是否有售卖“夏娃诱惑”这款香水，表现出明确的购买意向和重复确认的需求。
weixue0806,美容护肤,大干皮用什么?,1,该用户想表达的含义是：询问适合干性皮肤的产品推荐。
weixue0806,美容护肤,护发素有没有雪姐,1,该用户是在询问直播间是否有主播“雪姐”推荐的护发素产品。
weixue0806,美容护肤,10号油看一下,1,该用户想表达的含义是：请主播详细介绍或展示一下10号产品的信息。
weixue0806,美容护肤,毛孔粗大打胶原行吗,1,该用户想询问针对毛孔粗大问题，补充胶原蛋白是否有效。
weixue0806,美容护肤,沐浴露哪个味道,1,该用户想询问直播间推荐的沐浴露香型选择建议。
weixue0806,美容护肤,10号油怎么用,1,该用户想询问10号护肤油的详细使用方法或适用场景。
weixue0806,美容护肤,"用完还需要护肤吗,用完还需要护肤吗",1,该用户可能在询问使用完当前推荐的产品后是否还需要进行额外的护肤步骤。
weixue0806,美容护肤,防晒好用,0,该用户可能是想询问防晒产品的使用效果或推荐购买链接。
weixue0806,美容护肤,用了以后皮肤特别干是咋个回事,0,该用户可能是在询问产品使用后皮肤干燥的原因，并希望得到解决方案或产品推荐。
weixue0806,美容护肤,"又喝可乐又喝奶茶.不会胖,好羡慕",0,该用户可能在感叹主播保持身材的能力，并间接表达对主播推荐产品的信任或对健康生活方式的向往。
weixue0806,美容护肤,眼影什么牌子的,1,该用户想询问直播中展示的眼影产品品牌信息，可能是对当前介绍的商品产生了兴趣或想进一步了解。
weixue0806,美容护肤,讲一下油,1,该用户希望主播详细介绍10号链接中护肤油产品的功效或使用方法。
weixue0806,美容护肤,怎么敷两遍啊,1,该用户可能是在询问主播提到的某款产品（如面膜或精华）是否需要重复使用两次才能达到最佳效果。
weixue0806,美容护肤,1号链接作用?,1,该用户想询问1号链接所售商品的具体功效或用途。
weixue0806,美容护肤,眼油在哪个链接啊,1,该用户是在询问眼部护理产品的购买链接，表明对商品有明确的购买意向。
weixue0806,美容护肤,说说4号面膜,1,该用户想表达的含义是：请详细介绍4号面膜的产品信息和使用方法。
weixue0806,美容护肤,上油霜,1,该用户可能在询问关于“上油霜”这款产品的具体信息或使用方式。
weixue0806,美容护肤,杨幂姐姐,0,该用户可能是想询问或提及与杨幂相关的产品或代言商品。
weixue0806,美容护肤,你头发黑色用的棕色眉笔不太搭,0,该用户可能是在委婉地指出主播的妆容搭配问题，暗示眉笔颜色选择不当，从而对产品适用性产生疑虑。
weixue0806,美容护肤,9号眼油好用吗,1,该用户想询问9号眼油的使用效果是否良好，以判断是否值得购买。
weixue0806,美容护肤,鼻翼鼻尖起皮怎么办,0,该用户可能在咨询直播间推荐的产品是否适用于解决鼻部干燥脱皮的问题。
weixue0806,美容护肤,眼袋是不是只能割啊,0,该用户可能是在询问去除眼袋是否只能通过手术方式解决，暗示对相关美容产品或护理方法有潜在需求。
weixue0806,美容护肤,"4号链接两下,谢谢",1,该用户想表达的含义是：请将4号商品链接的详情再展示讲解一下。
weixue0806,美容护肤,大师面膜用完要抹油吗,1,该用户是在询问使用完大师面膜后是否需要再涂抹护肤油来加强保湿或锁水效果。
weixue0806,美容护肤,你开播给了我动力撕伞,0,该用户想表达的含义是：看到主播开播后，自己受到鼓舞决定下单购买产品。
weixue0806,美容护肤,怎么用面膜,1,该用户想询问面膜的具体使用方法和步骤。
weixue0806,美容护肤,姐姐讲一下超声炮对苹果肌有用吗?,1,该用户想询问主播关于超声炮美容项目对改善苹果肌效果的具体信息，表现出对产品功能的兴趣和潜在的购买意向。
weixue0806,美容护肤,这么多种面膜到底买哪个啊!!!,1,该用户面对众多面膜选项感到选择困难，希望得到推荐或进一步的产品讲解来帮助决策。
weixue0806,美容护肤,有没有祛斑和美白的,1,该用户想询问直播间是否有具备祛斑和美白功效的产品推荐。
weixue0806,美容护肤,油可以每天早晚用吗,1,该用户是在询问主播推荐的精油产品是否可以早晚连续使用。
weixue0806,美容护肤,胶原蛋白灌注面膜有吗,1,该用户是在询问直播间是否有售卖胶原蛋白灌注面膜这款产品。
weixue0806,美容护肤,想要睡衣,1,该用户可能是在询问直播间是否有睡衣产品并表达购买意向。
weixue0806,美容护肤,瘦脸面膜是哪个?,1,该用户想询问瘦脸面膜对应的商品链接或具体产品名称。
weixue0806,美容护肤,额头几厘米姐姐我想植发,0,该用户可能是在询问植发相关产品或服务，并暗示对主播发际线或发型感兴趣。
weixue0806,美容护肤,眼油有吗,1,该用户想询问直播间是否有眼部护理精油产品在售。
weixue0806,美容护肤,为啥不卖灯泡油了?,1,该用户是在询问直播间为何不再售卖之前出现过的灯泡油产品。
weixue0806,美容护肤,脸很油用什么,1,该用户想询问适合油性皮肤使用的护肤产品或控油方法。
weixue0806,美容护肤,什么睫毛膏,1,该用户想询问主播正在介绍或推荐的睫毛膏产品具体是哪一款或有什么特点。
weixue0806,美容护肤,说一下油吧,1,该用户想表达的含义是：请详细介绍当前直播中提到的护肤油产品的功效和使用方法。
weixue0806,美容护肤,油霜说说[捂脸][捂脸][捂脸][捂脸][捂脸][捂脸],1,该用户可能是被直播间频繁讨论的“油”类产品搞晕了，用捂脸表情表达无奈或调侃的情绪，暗示“怎么全是关于油的提问啊”。
weixue0806,美容护肤,补水面膜推荐哪款,1,该用户想表达的含义是：希望主播针对自己的护肤需求推荐一款适合的补水面膜产品。
weixue0806,美容护肤,毛孔粗大怎么办?,0,该用户可能在寻求针对毛孔粗大问题的护肤产品推荐或解决方案。
weixue0806,美容护肤,防晒霜推荐,1,该用户想表达的含义是：希望主播推荐适合自己使用的防晒霜产品。
weixue0806,美容护肤,"宝贝,油霜讲解一下好吗",1,该用户希望主播详细介绍油霜产品的功效、用法或适用场景。
weixue0806,美容护肤,脸出油能用油吗,1,该用户是在询问面部出油的情况下是否适合使用护肤油产品。
weixue0806,美容护肤,衣服走链接吗,1,该用户是在询问直播中展示的服装是否可以通过商品链接直接购买。
weixue0806,美容护肤,妆前乳液有吗,1,该用户是在询问直播间是否有妆前乳这款产品，并可能对其功能或购买方式感兴趣。
weixue0806,美容护肤,这么多种面膜到底买哪个啊!!!!!,1,该用户面对众多面膜产品感到选择困难，急切希望主播能针对不同功效给出明确的购买建议。
weixue0806,美容护肤,3号和4好那个美白效果好,1,该用户是在询问直播间推荐的3号和4号产品中哪一款的美白效果更显著。
weixue0806,美容护肤,油霜是那个,1,该用户是在询问主播提到的“油霜”具体是指哪款产品。
weixue0806,美容护肤,我用那个油吸收不了,0,该用户想表达的含义是：自己使用某款油类产品时皮肤无法有效吸收。
weixue0806,美容护肤,用了油还是干,0,该用户想表达的含义是：使用护肤油后皮肤仍然感到干燥，对产品效果存在疑问。
weixue0806,美容护肤,七号链接讲解一下七号链接,1,该用户希望主播详细介绍七号链接对应的产品信息。
weixue0806,美容护肤,颈纹有没有推荐的,1,该用户是在询问有没有针对颈部皱纹的护肤产品推荐。
weixue0806,美容护肤,之前水光面霜不上了吗,1,该用户是在询问之前推荐过的水光面霜是否已经不再售卖或补货。
weixue0806,美容护肤,香水是正品吗?香水是正品吗?香水是正品吗?香水是正品吗?香水是正品吗?香水是正品吗?香水是,1,该用户迫切想确认商品真伪，反映出对香水的强烈购买意向但存在正品顾虑。
weixue0806,美容护肤,贴了假睫毛吗,0,该用户可能是在询问主播是否使用了假睫毛产品，并暗示对同类美妆产品的购买兴趣。
weixue0806,美容护肤,七号油怎么使用,1,该用户想询问七号护肤油的具体使用方法和步骤。
weixue0806,美容护肤,油霜夏天可以用吗?,1,该用户是在询问油霜产品是否适合夏季使用，表现出对产品适用场景的具体需求和潜在购买意向。
weixue0806,美容护肤,讲一下美白的面膜,1,该用户希望主播详细介绍具有美白功效的面膜产品信息，可能是对当前讨论的护肤品系列产生了兴趣并想进一步了解具体功能选项。
weixue0806,美容护肤,那款银色包装的面膜没有了吗,1,该用户是在询问某款特定银色包装的面膜是否已经售罄或下架，表现出明确的购买意向和产品关注。
weixue0806,美容护肤,瘦脸面膜瘦脸面膜瘦脸面膜瘦脸面膜瘦脸面膜瘦脸面膜,1,该用户急切地询问或催促主播详细介绍瘦脸面膜产品，可能是对这款商品有强烈购买意向或希望获得更多产品信息。
weixue0806,美容护肤,这么多种面膜到底买哪个啊,1,该用户因面对过多面膜选项感到选择困难，希望获得针对性的购买建议或产品对比指导。
weixue0806,美容护肤,毛口粗大用那个,1,该用户想询问针对毛孔粗大问题应该选择哪款产品。
weixue0806,美容护肤,痘痘肌用什么产品?,1,该用户想询问适合痘痘肌的护肤产品推荐。
weixue0806,美容护肤,说说那个霜,1,"该用户想表达的含义是：请详细介绍下刚才提到的面霜产品的具体信息。  （结合前文弹幕高频出现的护肤品提问语境，""霜""可能指代此前讨论过的""油霜""或""水光面霜""，用户意图明确指向产品咨询，属于典型购买兴趣信号。）"
weixue0806,美容护肤,眼霜推荐,1,该用户想表达的含义是：希望主播推荐适合自己使用的眼霜产品。
weixue0806,美容护肤,哪款面霜好用,1,该用户想询问直播间推荐的面霜产品，希望主播能针对不同肤质或需求给出具体的使用建议。
weixue0806,美容护肤,眼袋有好方法吗,0,该用户想询问直播间是否有针对改善眼袋问题的护肤产品或解决方案。
weixue0806,美容护肤,谢谢你开播,0,该用户可能是在表达对主播开播的期待和感谢，暗示自己持续关注直播并希望获得更多产品信息或互动机会。
weixue0806,美容护肤,"眼袋是不是只能割啊,找姐姐",0,该用户想咨询是否有非手术方式能改善眼袋问题，并希望主播或工作人员给予专业建议。
weixue0806,美容护肤,买了136,0,该用户想表达自己已经下单购买了编号为136的产品。
weixue0806,美容护肤,雪的眉毛纹了吗,0,该用户可能在询问主播是否做了某款与“雪”相关的眉毛纹绣项目或产品。
weixue0806,美容护肤,"我用了你推荐的几个产品都不错,大爱!",0,该用户想表达的含义是：对主播之前推荐的产品感到满意并表示感谢，同时透露出持续关注和信任的态度。
weixue0806,美容护肤,跟其它价格怎么不一样呢,0,该用户可能是在对比同类商品的价格差异，对当前产品的定价合理性产生疑问或寻求解释。
weixue0806,美容护肤,晚上护肤应该是什么步骤姐姐,0,该用户想咨询晚间护肤的具体流程，可能是对直播中推荐的相关产品产生了兴趣，想了解如何搭配使用。
weixue0806,美容护肤,姐姐可以说一下你的护肤步骤吗,0,该用户是想了解主播的日常护肤流程以作为自身护肤的参考。
weixue0806,美容护肤,这个油夏天能用吗,1,该用户想询问这款护肤油是否适合夏季的肤质使用。
weixue0806,美容护肤,油霜是哪个?什么功效?,1,该用户是在询问直播间提到的某款油霜产品的具体信息及其护肤功效，表现出对产品的兴趣和进一步了解的需求。
weixue0806,美容护肤,身体乳哪个味道好,1,该用户想表达的含义是：询问主播推荐哪款身体乳的香味更适合自己。
weixue0806,美容护肤,夏天也用油霜吗,1,该用户是在询问油霜是否适合夏季使用，表现出对产品适用性的关注和潜在的购买意向。
weixue0806,美容护肤,想听4号,1,该用户想表达的是对直播间正在介绍或展示的4号产品感兴趣，希望主播详细讲解或展示该产品。
weixue0806,美容护肤,油霜在几号,1,该用户是在询问主播提到的“油霜”商品在直播间的产品编号或上架顺序。
weixue0806,美容护肤,夏娃诱惑香水有吗?,1,该用户是在询问直播间是否有售卖“夏娃诱惑”这款香水产品。
weixue0806,美容护肤,讲一下美白的面膜讲一下美白的面膜,1,该用户希望主播详细介绍美白面膜的产品信息或使用效果。
weixue0806,美容护肤,3号链接到手是6盒面膜是吗?6盒30片吗,1,该用户是在确认3号链接商品的具体规格和数量，表现出明确的购买意向和细节关注。
weixue0806,美容护肤,脖子项链多少克,0,该用户想询问主播展示的项链的具体重量信息，以评估其价值和购买意向。
weixue0806,美容护肤,戴的什么?,1,该用户可能在询问主播佩戴的饰品或产品的具体名称或品牌。
weixue0806,美容护肤,颈纹怎么办???,0,该用户可能是在询问主播是否有针对颈部皱纹的护肤产品或护理方法。
weixue0806,美容护肤,"雪,痘印怎么办",0,该用户想咨询主播关于如何解决雪（可能指肤色暗沉或雪肌问题）和痘印的护肤方法或产品推荐。
weixue0806,美容护肤,唇膏哪里买?很好看,1,该用户对主播展示的唇膏产生兴趣，想询问购买渠道并表示认可产品外观。
weixue0806,美容护肤,姐姐讲一下超声炮对苹果肌有用吗?新手真的不懂[捂脸],1,该用户想表达的含义是：询问主播超声炮美容项目对改善苹果肌的效果，并表明自己是初次接触这类产品需要专业建议。
weixue0806,美容护肤,女人不为难女人,0,该用户可能在调侃或缓和气氛，暗示主播不必对产品介绍过于严苛，轻松分享即可。
weixue0806,美容护肤,"4号链接,讲解一下,谢谢",1,该用户希望主播详细介绍4号链接产品的具体信息或功能。
weixue0806,美容护肤,还买什么比较好,1,该用户想表达的含义是：想了解直播间推荐的其他值得购买的产品。
weixue0806,美容护肤,11号链接不是有送吗,0,该用户可能是在询问或确认11号链接的商品是否包含赠品。
weixue0806,美容护肤,2介绍一下,1,该用户想让主播详细讲解2号链接产品的具体信息。
weixue0806,美容护肤,口红涂的哪个,1,该用户想询问主播当前涂的口红色号或产品名称。
weixue0806,美容护肤,"新人,24号再上点",1,该用户是在催促主播为新人观众补货或上新24号产品链接。
weixue0806,美容护肤,"姐姐,有唇部脱毛膏吗?",1,该用户是在询问直播间是否有售卖用于唇部脱毛的产品，表现出对解决唇部毛发问题的具体需求。
weixue0806,美容护肤,油霜说说[捂脸][捂脸][捂脸][捂脸][捂脸],1,该用户可能是对油霜产品感到好奇或困惑，用表情符号表达了一种哭笑不得的情绪，想进一步了解油霜的适用情况或具体信息。
weixue0806,美容护肤,痘肌用什么?,1,该用户可能是痘肌人群，想询问直播间推荐适合痘痘肌肤使用的产品。
weixue0806,美容护肤,有卸妆的吗,1,该用户是在询问直播间是否有卸妆产品相关的商品推荐或介绍。
weixue0806,美容护肤,会不会容易闷痘,1,该用户是在询问产品是否可能导致毛孔堵塞引发痘痘，表现出对产品成分安全性的顾虑和潜在的购买犹豫。
weixue0806,美容护肤,用完不用洗脸然后还要用护肤品吗,1,该用户想询问产品使用后是否还需要进行常规护肤步骤。
weixue0806,美容护肤,哪款油霜,1,该用户想询问主播推荐适合自己使用的油霜产品款式。
weixue0806,美容护肤,鼻翼鼻尖起皮的油有推荐吗,1,该用户想表达的含义是：想咨询适合解决鼻部干燥起皮问题的护肤产品推荐。
weixue0806,美容护肤,减肥总是减不下来咋办,0,该用户可能在询问直播间是否有针对减肥困难的相关产品或解决方案，表达了对减肥话题的关注和潜在的购买意向。
weixue0806,美容护肤,没有油了吗,1,该用户可能在询问直播间推荐的产品中是否还有护肤油或精油类商品库存。
weixue0806,美容护肤,护肤步骤怎么样比较好?,0,该用户想表达的含义是：想了解正确的护肤流程和产品搭配建议。
weixue0806,美容护肤,油买哪个,1,该用户想询问直播间推荐的护肤油产品中哪一款更适合自己购买。
weixue0806,美容护肤,有适合屏障受损用的品吗,1,该用户是在询问直播间是否有适合皮肤屏障受损人群使用的护肤品。
weixue0806,美容护肤,下单了[比心][比心],0,该用户想表达的含义是：我已经购买了产品，并对直播内容表示满意和支持。
weixue0806,美容护肤,为啥我用油会起脂肪粒,0,该用户可能是在询问使用护肤油后出现脂肪粒的原因，并希望主播能推荐更适合自己肤质的产品或给出解决方案。
weixue0806,美容护肤,4号是要做完光子再用吗?,1,该用户是在询问产品使用顺序，想知道是否需要在完成光子美容步骤后使用4号产品。
weixue0806,美容护肤,讲讲油呗,1,该用户希望主播详细讲解关于护肤油产品的功效、适用肤质或使用方法等信息。
weixue0806,美容护肤,4号用完还洗吗,1,该用户是在询问4号产品使用后是否需要清洗。
weixue0806,美容护肤,去痘印的有吗,1,该用户是在询问直播间是否有针对淡化痘印功效的产品。
weixue0806,美容护肤,喜欢这件衣服,1,该用户对展示的服装款式产生了明确的购买意向。
weixue0806,美容护肤,雪啊已拍大师面膜不洗脸还用其它护肤品不,1,该用户想确认购买的面膜使用后是否需要洗脸以及能否搭配其他护肤品。
weixue0806,美容护肤,皮肤很干、用什么面膜了,1,该用户想表达的含义是：询问主播针对干燥肌肤的护肤建议，尤其是推荐适合的面膜产品。
weixue0806,美容护肤,有没有油皮痘肌可以用的?,1,该用户是在询问直播间是否有适合油性皮肤且容易长痘的肤质使用的护肤产品。
weixue0806,美容护肤,讲一下美白的面膜讲一下美白的面膜讲一下美白的面膜讲一下美白的面膜讲一下美白的面膜讲一下美白的面膜,1,该用户迫切希望主播详细介绍美白面膜的功能或使用效果，可能对该产品有强烈购买意向。
weixue0806,美容护肤,油霜适合油皮吗,1,该用户想询问这款油霜是否适合油性肌肤使用，可能是在考虑购买前确认产品的适用性。
weixue0806,美容护肤,这个貔貅卖吗?,1,该用户想表达的含义是：询问主播是否出售当前展示的貔貅商品。
weixue0806,美容护肤,有什么好用的粉底液嘛,1,该用户想表达的含义是：希望主播推荐一款效果好的粉底液产品。
weixue0806,美容护肤,听她真心实意的说吧,0,该用户可能是在催促主播真诚分享产品使用心得，希望获得更真实的推荐建议。
weixue0806,美容护肤,"在你这买的洗面奶,面膜,面霜.都超好用",1,该用户想表达的含义是：对之前购买的产品效果非常满意，并间接表达了对主播推荐商品的信任和认可。
weixue0806,美容护肤,"有没有办法让我生了娃,两年没用护肤的,快速拯救我的皮肤",0,该用户想表达的含义是：作为产后两年未护肤的妈妈，急需找到能快速改善肌肤问题的产品推荐。
weixue0806,美容护肤,痘印怎么办,1,该用户想表达的含义是：询问直播间是否有针对痘印问题的护肤产品或解决方案。
weixue0806,美容护肤,定妆喷雾怎么样,1,该用户想表达的含义是：询问定妆喷雾的效果或使用体验如何。
weixue0806,美容护肤,眼纹怎么去姐姐,0,该用户想表达的含义是：询问主播如何消除眼周皱纹并希望得到指导建议。
weixue0806,美容护肤,10号油,1,该用户想询问关于“10号油”产品的具体信息或使用效果。
weixue0806,美容护肤,你刚用的唇釉在几号链接,1,该用户想询问主播刚才演示的唇釉产品对应的商品购买链接编号。
weixue0806,美容护肤,"买了四季精华液是深圳寄过来的,深圳寄出不敢用不知道是不是真的",0,该用户对已购买的四季精华液的真伪产生疑虑，因发货地深圳可能引发其对商品渠道可靠性的担忧。
weixue0806,美容护肤,直播间歌声可以轻点儿[捂脸][捂脸][捂脸]你说话那么温柔我都听不清楚、因为宝宝在旁边睡觉不敢大声,0,该用户希望主播降低背景音乐音量以便听清讲解，同时因顾及孩子睡觉不便调高设备音量。
weixue0806,美容护肤,口红有上链接吗?,1,该用户是在询问主播是否已经将口红产品上架到购物链接，表现出明确的购买意向。
weixue0806,美容护肤,三号面膜怎么用,1,该用户可能对三号面膜的使用方法感兴趣，想了解具体操作步骤或注意事项。
weixue0806,美容护肤,"想加你的微信,需要什么条件",0,该用户可能希望通过私下联系进一步了解产品或获取专属购买优惠。
weixue0806,美容护肤,眼部精油怎么用?到货了不会用[捂脸],1,该用户想表达的含义是：已经购买了眼部精油但不知道使用方法，希望得到指导。
weixue0806,美容护肤,"精华油推荐哪一款呀,油皮",1,该用户想表达的含义是：想了解适合油性皮肤的精华油产品推荐。
weixue0806,美容护肤,防晒霜,1,该用户可能是想询问直播间是否有推荐或正在介绍的防晒霜产品。
weixue0806,美容护肤,颈纹颈纹用啥?,1,该用户想咨询消除颈纹的产品推荐或护理方法。
weixue0806,美容护肤,有适合痘痘肌护肤品吗?,1,该用户是在询问直播间是否有针对痘痘肌的护肤产品推荐，表达了对解决特定肌肤问题的潜在购买需求。
weixue0806,美容护肤,水光霜有吗,1,该用户是在询问直播间是否有售卖水光霜这款产品，表现出对护肤品的具体购买意向。
weixue0806,美容护肤,"有些韦雪的直播间有你卖的产品,比你平宜,是假的吗",0,该用户是在质疑其他直播间同款产品的低价真实性，暗示当前主播的产品价格较高但可能是正品保障。
weixue0806,美容护肤,有没有好用的防晒,1,该用户想表达的含义是：询问直播间是否有值得推荐的防晒产品。
weixue0806,美容护肤,防晒是最便宜的美白,0,该用户想表达的含义是：防晒是性价比最高的美白方式。
weixue0806,美容护肤,有回头霜吗,1,该用户是在询问直播间是否有销售“回头霜”这款产品。
weixue0806,美容护肤,"脸干,用水乳那些,擦防晒后脸油油的,是什么问题呀",0,该用户想表达的含义是：自己的皮肤在护肤后出现干燥和出油问题，想咨询产品使用方法和原因。  （结合前文语境，直播间讨论的多是护肤品使用、功效及购买相关问题，用户提问更偏向于寻求解决方案而非直接购买，但隐含对合适产品的潜在需求。）
weixue0806,美容护肤,14号链接没有活动吗,1,该用户是在询问14号商品是否参与促销活动，表现出对该产品的价格敏感和潜在购买意向。
weixue0806,美容护肤,有没有洗面奶,1,该用户是在询问直播间是否有洗面奶产品上架或推荐。
weixue0806,美容护肤,防嗮几号链接,1,该用户是在询问防晒产品的购买链接编号，表现出明确的购买意向。
weixue0806,美容护肤,4号链接是干麻的,1,该用户想询问4号链接所对应的商品具体是什么用途或功能。
weixue0806,美容护肤,防晒是几号,1,该用户想询问防晒产品对应的商品链接编号。
weixue0806,美容护肤,眼下面有斑了[捂脸],0,该用户可能在表达对自己眼下长斑的困扰，并暗示希望主播推荐相关护肤品或解决方案。
weixue0806,美容护肤,买了面膜想听下眼膜,1,该用户想表达的含义是：已经购买了面膜，现在想了解眼膜产品的相关信息以便考虑购买。
weixue0806,美容护肤,夏季身体乳有?,1,该用户是在询问直播间是否有适合夏季使用的身体乳产品。
weixue0806,美容护肤,有防晒霜吗,1,该用户是在询问直播间是否有防晒霜产品可供购买。
weixue0806,美容护肤,眼部精油怎么样呢,1,该用户可能是在询问眼部精油的产品效果或适用性，表现出对这款产品的潜在购买兴趣。
weixue0806,美容护肤,10号链接没货,1,该用户想表达的含义是：询问10号链接的商品是否已经售罄，并可能隐含对补货或替代品的需求。
weixue0806,美容护肤,1号链接讲一下,1,该用户希望主播详细介绍1号链接对应的产品信息。
weixue0806,美容护肤,你说的可对了[比心][比心][比心],0,该用户想表达的含义是：对主播当前介绍的产品或观点表示高度认同和赞赏。  （结合前文弹幕多为护肤品类咨询，推测主播可能在解答某产品功效或护肤建议时，用户通过表情符号强化了对主播专业性的肯定，隐含进一步互动或购买的倾向。）
weixue0806,美容护肤,"我脸啥也没搞,今年突然变成屏障受损",0,该用户想表达的是：自己的皮肤原本状态正常但今年突然出现屏障受损问题，想寻求相关护肤建议或产品推荐。
weixue0806,美容护肤,"别人发你的视频买的毒蛇眼膜你这里没有买的,他们买的真有效果吗?",0,该用户是在询问直播间是否有其他渠道推荐的毒蛇眼膜产品，并质疑其实际效果是否如宣传所说。
weixue0806,美容护肤,请问什么防晒好,1,该用户想表达的含义是：想了解直播间推荐的防晒产品中哪款效果更好。
weixue0806,美容护肤,LACUES胶原灌注多肽紧致面膜有么?,1,该用户是在询问直播间是否有售卖LACUES品牌的胶原蛋白紧致面膜产品。
weixue0806,美容护肤,被晒得出现晒斑了怎么办[捂脸],0,该用户可能在表达对防晒或淡斑产品的潜在需求，暗示希望主播推荐相关解决方案。
weixue0806,美容护肤,睡前涂什么呢?油霜说说,1,该用户是在询问适合睡前使用的护肤产品，并希望主播能详细介绍面油和面霜的推荐及使用建议。
weixue0806,美容护肤,涂防晒容易脱妆,0,该用户可能是在担心防晒产品会影响妆容的持久性，想寻求既能防晒又不易脱妆的解决方案。
weixue0806,美容护肤,用油会起脂肪粒么,1,该用户是在询问使用眼部精油是否会导致脂肪粒的产生，表现出对产品安全性和适用性的关注。
weixue0806,美容护肤,"雪,5号讲解一下",1,该用户希望主播优先讲解5号产品的详细信息。
weixue0806,美容护肤,卸妆油有吗,1,该用户是在询问直播间是否有卸妆油产品可供购买。
weixue0806,美容护肤,姐好久没见你了感觉又好看了,0,该用户是在通过亲切的寒暄拉近与主播的关系，为后续可能的护肤咨询或产品互动做铺垫。
weixue0806,美容护肤,美白用哪款面膜,1,该用户是在咨询直播间是否有适合美白功效的面膜产品，表现出明确的购买意向和需求。
weixue0806,美容护肤,"她所有产品我都买了,根本不是她说的这样的",0,该用户是在表达对主播推荐产品的实际效果与宣传不符的不满情绪，暗示自己作为忠实消费者感到被误导或欺骗。
weixue0806,美容护肤,脂肪粒怎么办,0,该用户可能是在询问直播间推荐的产品是否会导致或改善眼部脂肪粒的问题。
weixue0806,美容护肤,防晒都涂不了怎么办[捂脸],0,该用户可能因皮肤敏感或屏障受损而无法使用防晒产品，正在焦虑地寻求解决方案。
weixue0806,美容护肤,睡衣衣服有吗,1,该用户是在询问直播间是否有睡衣类商品在售。
weixue0806,美容护肤,貔貅在哪里能找到,1,该用户可能在询问直播间是否有售卖貔貅饰品或相关商品，并希望主播展示或讲解具体购买链接。
weixue0806,美容护肤,对我来说,0,该用户可能想表达“这个产品/建议是否适合我的情况或需求”。
weixue0806,美容护肤,祛斑做什么,0,该用户想询问直播间是否有针对祛斑问题的产品或解决方案。
weixue0806,美容护肤,有祛斑的产品推荐吗?,1,"该用户想表达的含义是：对祛斑类产品有明确购买需求，希望主播能推荐合适的产品。  （结合前文弹幕中频繁出现的护肤问题如""晒斑""""脂肪粒""""美白""等，可推断该用户关注皮肤问题解决方案，且语境中已有直接询问产品的内容，因此目标弹幕属于典型的消费意向表达。）"
weixue0806,美容护肤,4号用完还洗吗4号用完还洗吗4号用完还洗吗4号用完还洗吗4号用完还洗吗4号用完还洗吗4号用完还洗吗,1,该用户可能在急切询问产品（4号）使用后是否需要清洗，表现出对使用方法的明确关注和潜在购买意向。
weixue0806,美容护肤,"以前小不懂防晒,现在才注重防晒",0,该用户想表达的含义是：现在意识到防晒的重要性，开始关注相关产品。
weixue0806,美容护肤,夏天还要用油吗,1,该用户可能是在质疑夏季使用护肤油的必要性，担心天气炎热时使用油类产品会过于油腻或引发皮肤问题。
weixue0806,美容护肤,推荐一款胶原蛋白肽,1,该用户是在询问直播间是否有适合自己需求的胶原蛋白肽产品推荐，表现出对美容护肤类商品的潜在购买兴趣。
weixue0806,美容护肤,1和4哪个面膜比较好,1,该用户想表达的含义是：在1号和4号面膜之间犹豫不决，希望主播能对比推荐更适合自己的款式。
weixue0806,美容护肤,油霜讲一下好吗,1,该用户希望主播详细介绍油霜产品的功效或使用方法。
weixue0806,美容护肤,姐我要院线面膜,1,该用户想表达的是：主播我想要购买你们推荐的院线专用面膜。
weixue0806,美容护肤,姐姐三号链接讲讲,1,该用户希望主播详细讲解商品列表中第三个链接对应的产品信息。
weixue0806,美容护肤,有没有洗面奶有没有洗面奶,1,该用户急切地询问直播间是否售卖洗面奶产品，表现出明确的购买意向和需求。
weixue0806,美容护肤,身上的衣服有吗,1,该用户想询问主播身上穿的同款服装是否在直播间有售。
weixue0806,美容护肤,请问什么防晒产品好,1,该用户想表达的含义是：想了解直播间推荐的防晒产品中哪些效果比较好。
weixue0806,美容护肤,4号用完还洗吗4号用完还洗吗4号用完还洗吗4号用完还洗吗4号用完还洗吗4号用完还洗吗4号用完还洗吗4,1,该用户急切想确认产品（4号）使用后是否需要清洗，表现出对使用方法的强烈关注和潜在的购买意向。
weixue0806,美容护肤,推荐个油,1,该用户想表达的含义是：希望主播推荐一款适合自己使用的护肤油产品。  （结合前文弹幕中关于护肤品的讨论，如“夏天还要用油吗”“油霜讲一下好吗”等，可推断用户对“油”类产品有需求，并希望得到具体推荐。）
weixue0806,美容护肤,油皮推荐哪款精华呀,1,该用户想表达的含义是：想了解适合油性皮肤的精华产品推荐。
weixue0806,美容护肤,推个防晒,1,该用户想表达的含义是：希望主播推荐一款适合自己使用的防晒产品。  （结合前文语境，防晒相关讨论频繁出现，用户可能受到其他弹幕启发或本身有防晒需求，简洁直接地提出产品推荐诉求。）
weixue0806,美容护肤,油霜是什么,1,该用户想表达的含义是：询问主播详细介绍“油霜”产品的功效或使用方法。  （结合前文语境，直播间频繁出现关于护肤品（如油类、防晒、精华）的提问，且此前已有“油霜讲一下好吗”的类似需求，可推断用户是在跟进产品讨论并寻求具体信息。）
weixue0806,美容护肤,"可以讲一下3号次抛吗,美女姐姐[玫瑰][玫瑰][玫瑰][玫瑰][玫瑰][玫瑰][玫瑰][玫瑰][玫瑰][玫瑰][玫瑰][玫瑰][玫瑰][玫瑰][玫瑰][玫瑰][玫瑰][玫瑰][玫瑰][玫瑰][玫瑰][玫瑰][玫瑰][玫瑰][玫瑰][玫瑰][玫瑰][玫瑰][玫瑰][玫瑰][玫瑰][玫瑰][玫瑰][玫瑰][玫瑰]",1,该用户想表达的含义是：希望主播详细介绍3号次抛产品的信息，并带有强烈的期待和热情。
weixue0806,美容护肤,下睫毛怎么涂的这么长的?,0,该用户可能是对主播的睫毛妆效感到好奇，想询问睫毛产品的使用方法或推荐类似效果的睫毛膏。
weixue0806,美容护肤,有没有去颈纹霜推荐下,1,该用户希望主播能推荐一款针对颈部皱纹的护肤产品。  （释义依据：结合前文弹幕中高频出现的护肤品类咨询（如祛斑、防晒、精华等）和具体产品询问（如洗面奶、面膜、油霜等），可推断用户是在直播间的护肤主题讨论中提出针对性需求，且语气直接，属于明确的购买意向类提问。）
weixue0806,美容护肤,"涂完防晒脸上会起痘,我用过好多种防晒都不舒服",0,该用户想表达的含义是：自己皮肤敏感容易因防晒产品长痘，希望主播能推荐一款温和不刺激的防晒产品。  （结合前文弹幕中多次出现防晒相关提问及产品推荐需求，该用户虽未直接询问，但通过描述自身痛点隐晦表达了寻求解决方案的意图，符合直播间观众寻求护肤建议的普遍动机。）
weixue0806,美容护肤,姐姐韩国do脸有推荐的吗,1,该用户想询问主播是否有推荐的韩国医美整形机构或医生。
weixue0806,美容护肤,有没有祛斑的,1,该用户想表达的含义是：询问直播间是否推荐或介绍祛斑相关的产品。
weixue0806,美容护肤,"祛斑用几号,顽固的那种",1,该用户想询问针对顽固性色斑应该选择哪款产品型号。  （释义要点：结合前文“有没有祛斑的”可知直播间正在讨论祛斑产品，用户进一步明确需求类型“顽固的那种”，并聚焦于具体型号选择“几号”，属于明确的购买意向咨询。）
weixue0806,美容护肤,项链是什么,1,该用户可能是在询问直播中提到的项链的具体材质、款式或购买链接等信息，表现出对商品的潜在兴趣。
weixue0806,美容护肤,买了10号怎么用,1,该用户想表达的含义是：已经购买了10号产品但不清楚具体使用方法，希望主播能给予指导说明。
weixue0806,美容护肤,姐姐脸上有纹纹路路用水用几号?,1,该用户想询问主播针对面部皱纹问题推荐适合自己肤质的护肤品型号。
weixue0806,美容护肤,祛斑产品推荐,1,该用户想表达的含义是：希望主播能针对祛斑需求推荐适合的美容产品。  （结合前文语境，直播间讨论集中在护肤品功效和推荐，且已有其他用户提及祛斑需求，因此该弹幕属于明确寻求产品建议的购买意向表达。）
weixue0806,美容护肤,怎么变白怎么变白怎么变白怎么变白,0,该用户急切想了解美白产品或方法，可能对相关商品有强烈购买意向。
weixue0806,美容护肤,4号链接可以介绍一下吗,1,"该用户想表达的含义是：对4号链接的商品详情感兴趣，希望主播进一步讲解产品功能或使用方法。  （结合前文高频出现的""4号""相关提问和具体产品咨询的语境，可判断用户有明确的购买意向，属于深度商品咨询行为。）"
weixue0806,美容护肤,油霜说说[爱心][爱心][爱心][爱心][爱心][爱心][爱心][爱心]雪[捂脸][捂脸],1,该用户想表达的含义是：对主播提到的“油霜”产品表现出强烈兴趣和喜爱，同时以轻松调侃的语气提及“雪”相关的内容（可能是产品名或使用效果）。
weixue0806,美容护肤,选防晒,1,该用户希望主播推荐或详细介绍适合自己需求的防晒产品。
weixue0806,美容护肤,推荐那款防晒,1,该用户希望主播详细介绍某款防晒产品的功效或使用体验，以便判断是否适合自己购买。
weixue0806,美容护肤,"买了极光四季精华液是深圳寄过来的,深圳寄出不敢用不知道是不是真的",0,该用户因对商品发货地（深圳）存在疑虑，担心产品真伪而表达出购买后的不安和犹豫。
weixue0806,美容护肤,直接涂防晒啥也不用了?,1,该用户可能在询问是否可以单独使用防晒产品而无需搭配其他护肤品步骤。
weixue0806,美容护肤,推荐好用的面膜[比心][比心][比心][比心][比心][比心],1,该用户希望通过热情互动的方式，请求主播推荐效果好的面膜产品。
weixue0806,美容护肤,已经有晒斑怎么办,0,该用户想表达的含义是：询问直播间是否有针对晒斑问题的护肤产品或解决方案。  （结合前文弹幕中频繁出现的祛斑、防晒、护肤产品咨询等语境，可推断用户是在主动寻求相关功能产品的推荐，而非单纯抱怨皮肤问题。）
weixue0806,美容护肤,胶原面膜有吗?,1,该用户是在询问直播间是否有售卖胶原蛋白面膜产品，并可能对其功效或使用方法感兴趣。
weixue0806,美容护肤,有霜是什么,0,该用户可能是在询问直播间推荐的产品中提到的“霜”具体是指哪款护肤品或有什么功效。
weixue0806,美容护肤,法令纹怎么,0,该用户想询问直播间是否有针对法令纹问题的护肤产品或解决方案。
weixue0806,美容护肤,防晒5号是吗雪儿,1,该用户想询问主播“雪儿”提到的防晒产品是否对应5号链接，并确认产品名称或编号是否正确。
weixue0806,美容护肤,哪个防晒好,1,该用户想表达的含义是：询问直播间推荐的优质防晒产品是哪一款。  （结合前文语境，直播间的讨论集中在护肤和美妆产品推荐，尤其是防晒相关话题频繁出现，用户可能希望主播直接指明效果最好的防晒选项。）
weixue0806,美容护肤,我选和你面对面对质,0,该用户可能是对产品效果或主播推荐产生质疑，想要求证或辩论。
weixue0806,美容护肤,防晒要卸妆吗,1,该用户想询问防晒产品是否需要配合卸妆步骤使用，可能是对当前推荐的防晒产品产生了使用疑虑或购买兴趣。
weixue0806,美容护肤,眼袋有好方法吗^_^,0,该用户想询问是否有针对眼袋问题的有效产品或解决方案。
weixue0806,美容护肤,美白的在哪里?,1,该用户是在询问直播间是否有美白功效的产品推荐或相关介绍。
weixue0806,美容护肤,防晒霜那款推荐,1,该用户是在询问主播能否推荐一款适合自己使用的防晒霜产品。
weixue0806,美容护肤,防晒霜有推荐吗,1,"该用户想表达的含义是：希望主播能针对防晒霜产品给出具体的购买建议或推荐款型。  （结合前文高频出现的""防晒""相关提问及同类求推荐句式，可判定用户处于主动寻求防晒产品决策参考的消费意向阶段。）"
weixue0806,美容护肤,抗皱面膜推荐哪个,1,该用户想表达的含义是：询问直播间是否有针对抗皱功效的面膜产品推荐。
weixue0806,美容护肤,求推荐防晒霜,1,该用户希望主播能针对防晒霜品类给出具体的产品推荐或使用建议。
weixue0806,美容护肤,1号链接怎么用?,1,该用户可能在询问1号链接商品的具体使用方法，表现出对产品的实际使用细节的关注和潜在购买意向。
weixue0806,美容护肤,气垫气垫气垫气垫,1,该用户急切地询问或催促主播介绍/推荐气垫产品。
weixue0806,美容护肤,用什么防晒啊,1,该用户想询问直播间推荐的防晒产品具体是哪一款。
weixue0806,美容护肤,上防晒,1,该用户想表达的含义是：询问主播是否会上架防晒产品进行讲解或销售。  （结合前文高频出现的“防晒”相关提问，用户可能是在催促主播尽快介绍防晒品类，或确认当前是否进入防晒产品环节。）
weixue0806,美容护肤,医美推荐啥,1,该用户想询问直播间是否有推荐的医美产品或项目。
weixue0806,美容护肤,灌注面膜,1,该用户想表达的含义是：询问主播是否有推荐或详细介绍关于“灌注面膜”的产品信息。
weixue0806,美容护肤,嘴唇擦的啥,0,该用户想询问主播正在使用的口红色号或唇部产品名称。
weixue0806,美容护肤,"买了极光四季精华液是深圳寄过来的,深圳寄出不知道是不是真的",0,该用户对已购买的极光四季精华液的真伪产生疑虑，主要担心深圳发货渠道的可信度。
weixue0806,美容护肤,底妆用的什么看起来会这么清透?,1,该用户想询问主播使用的具体底妆产品名称或技巧，以模仿类似的清透妆效。
weixue0806,美容护肤,21号也是一个品牌吗,1,该用户可能是在询问直播中提到的“21号”是否指代某个防晒或护肤产品的品牌名称。
weixue0806,美容护肤,那长痘呢,0,该用户可能在询问主播推荐的产品是否会导致长痘或适合痘痘肌使用。
weixue0806,美容护肤,会长痘痘吗,1,该用户是在询问产品是否会导致皮肤长痘。
weixue0806,美容护肤,已经有斑了,0,该用户可能是在询问产品是否能改善已有的色斑问题。
weixue0806,美容护肤,Be油这次真的没有了?????,1,该用户可能是担心直播中提到的某款“Be油”产品已经售罄，急切地询问库存情况。
weixue0806,美容护肤,什么防晒好用,1,该用户是在询问直播间推荐的防晒产品中哪些效果较好值得购买。
weixue0806,美容护肤,防晒摇晃之前有黄色液体正常吗,1,该用户是在询问防晒产品在使用前出现黄色液体是否属于正常现象，可能对产品质量或使用方式存在疑虑。
weixue0806,美容护肤,我没有哦,0,该用户想表达的含义是：我目前还没有购买过这款产品。
weixue0806,美容护肤,卸妆膏卸妆膏卸妆膏卸妆膏卸妆膏卸妆膏卸妆膏卸妆膏卸妆膏卸妆膏卸妆膏卸妆膏卸妆膏卸妆膏卸妆膏卸妆膏,1,该用户想表达的含义是：强烈要求主播介绍或推荐卸妆膏产品。
weixue0806,美容护肤,24号加,1,该用户可能是在询问或确认24号商品是否还有库存或是否会补货。
weixue0806,美容护肤,能说下美瞳吗,1,该用户想表达的含义是：对直播中提到的美瞳产品感兴趣，希望主播详细介绍相关信息。
weixue0806,美容护肤,"问题用了防晒很干,皮肤",0,该用户想表达的含义是：使用防晒产品后皮肤感到干燥不适，想寻求解决方法或推荐更滋润的防晒产品。
weixue0806,美容护肤,面膜怎么用?讲清楚一下,1,该用户想表达的含义是：对主播介绍的面膜产品感兴趣，希望了解详细的使用方法以便决定是否购买。
weixue0806,美容护肤,请问什么防晒产品好.脸上,1,该用户想表达的含义是：想了解适合脸部使用的防晒产品推荐。
weixue0806,美容护肤,"脸干易长斑,现在需要水乳霜,推荐哪个",1,该用户想表达的含义是：自己因皮肤干燥易长斑而急需补水保湿产品，希望主播能针对这一需求推荐合适的水乳霜套装。  （解析：结合前文弹幕中高频出现的护肤问题（防晒、长痘、卸妆等）和用户对产品功效的直接诉求（“脸干易长斑”指向明确痛点，“需要”体现紧迫性），可判断用户处于主动寻求解决方案的购物决策阶段，且期待主播的专业推荐而非单纯咨询。）
weixue0806,美容护肤,那个面霜好用,1,该用户想表达的含义是：对主播推荐的面霜产品产生了兴趣并询问使用效果。
weixue0806,美容护肤,"雪姐,有散粉吗有散粉吗有散粉吗有散粉吗",1,该用户急切地询问主播是否售卖散粉产品，表现出明确的购买意向和重复强调的迫切需求。
weixue0806,美容护肤,"可以讲一下3号次抛吗,美女姐姐[玫瑰][玫瑰][玫瑰][玫瑰][玫瑰][玫瑰][玫瑰][玫瑰][玫瑰][玫瑰][玫瑰][玫瑰][玫瑰][玫瑰][玫瑰][玫瑰][玫瑰]",1,该用户想表达的含义是：希望主播详细介绍3号次抛产品的相关信息，并带有热情友好的互动态度。
weixue0806,美容护肤,不出门用涂吗,1,该用户可能是在询问“如果不出门是否需要涂抹防晒产品”。
weixue0806,美容护肤,我天天涂防晒,0,该用户想表达的含义是：我对防晒产品有长期使用习惯，想了解相关推荐或使用建议。
weixue0806,美容护肤,不出门要涂吗,1,该用户想询问的是：**“如果平时不外出，是否也需要使用防晒产品？”**  （结合前文其他用户对防晒产品的讨论，如“什么防晒好用”“用了防晒很干”等，可推断目标弹幕关注的是防晒的必要性，尤其在非外出场景下的使用建议。）
weixue0806,美容护肤,能讲一下眼膜吗?,1,该用户想表达的含义是：希望主播详细介绍眼膜产品的功效或使用方法。
weixue0806,美容护肤,面膜还有嘛,1,该用户想询问面膜是否仍有库存可供购买。
weixue0806,美容护肤,只有夏天涂,0,该用户想表达的含义是：这款产品是否只在夏季使用才合适？
weixue0806,美容护肤,精华推荐哪一款,1,该用户想表达的含义是：希望主播针对当前讨论的护肤产品，推荐一款适合自己需求的精华液。
weixue0806,美容护肤,在家也要涂吗,1,该用户想询问在室内不出门的情况下是否也需要涂抹防晒产品。
weixue0806,美容护肤,你用什么防晒啊姐姐,1,该用户想询问主播正在使用的防晒产品品牌或具体款型，可能出于对主播推荐或个人试用效果的信任而产生购买兴趣。
weixue0806,美容护肤,有面霜吗,1,该用户可能在询问直播间是否售卖或推荐面霜产品，表现出对护肤品的具体需求。
weixue0806,美容护肤,我没有,0,该用户想表达的含义是：自己没有使用或购买过当前讨论的产品（如防晒、面霜等）。
weixue0806,美容护肤,1号链接仿生皮面膜有没有单卖的,1,该用户想询问1号链接的面膜是否可以单独购买，而非搭配其他产品售卖。
weixue0806,美容护肤,从来不擦防晒[捂脸][捂脸][捂脸],0,该用户想表达的含义是：自己平时没有使用防晒产品的习惯，对此感到有些不好意思或无奈。  （结合前文弹幕中频繁讨论防晒的必要性、使用场景及产品推荐，该用户可能是在对比他人习惯后，意识到自己的疏漏，并以自嘲或调侃的语气表达这一差异。）
weixue0806,美容护肤,6号面霜怎么用?,1,该用户想表达的含义是：询问6号面霜的具体使用方法和步骤。  （结合前文语境，直播间正在讨论护肤品的使用和推荐，用户可能对这款面霜感兴趣，想了解如何正确使用以达到最佳效果。）
weixue0806,美容护肤,哪种油好用?,1,该用户想表达的含义是：希望主播推荐一款适合自己需求的优质护肤油产品。
weixue0806,美容护肤,再敷面膜了,0,该用户想表达的含义是：询问主播是否还有面膜库存或是否可以再次推荐面膜产品。
weixue0806,美容护肤,一年四季都不涂,0,该用户想表达的含义是：自己平时没有使用护肤品的习惯，无论什么季节都不涂抹。
weixue0806,美容护肤,先防晒在隔离吗,0,该用户想询问防晒和隔离产品的使用顺序，可能对当前介绍的护肤步骤存在疑惑或想确认正确的化妆流程。
weixue0806,美容护肤,"防晒涂过了,要上粉饼或者散粉",0,该用户是在咨询化妆步骤的衔接问题，想知道涂完防晒后是否需要使用定妆产品来完善底妆。
weixue0806,美容护肤,眼霜好用么,1,该用户想询问眼霜的实际使用效果是否令人满意，以评估是否值得购买。
weixue0806,美容护肤,雪没有睫毛膏吗,1,该用户是在询问直播间是否有售卖雪（品牌或产品名）的睫毛膏。
weixue0806,美容护肤,没有太懒了,0,该用户想表达的含义是：自己平时不太注重护肤或懒得使用防晒产品。
weixue0806,美容护肤,天天防晒,0,该用户想表达的含义是：每天都需要使用防晒产品。
weixue0806,美容护肤,天阴不涂,0,该用户想表达的含义是：阴天时不需要涂抹防晒产品。
weixue0806,美容护肤,有风雨无阻,0,该用户想表达的含义是：无论什么天气情况都会坚持使用防晒产品。
weixue0806,美容护肤,下雨也有紫外线呀,0,该用户想表达的含义是：原来阴雨天也需要做好防晒措施。
weixue0806,美容护肤,长好多斑怎么斑?去斑有用吗,1,该用户可能是在询问产品对于淡化色斑的效果和实用性，表现出对解决皮肤问题的潜在购买兴趣。
weixue0806,美容护肤,不出门用涂吗?,1,该用户是在询问“如果不出门是否需要涂抹防晒产品”。
weixue0806,美容护肤,买的10号怎么用,1,该用户是在询问之前购买的10号产品（可能是护肤品或化妆品）的使用方法。
weixue0806,美容护肤,"防嗮感觉很厚重,油腻为啥",0,该用户对防晒产品的质地和使用感受提出质疑，认为其过于厚重油腻。
weixue0806,美容护肤,但是我比你年轻,0,该用户可能是在调侃或反驳主播关于护肤年龄的建议，暗示自己因为年轻所以不需要像主播推荐的那么复杂的护肤步骤。
weixue0806,美容护肤,澳白和奥嘉娜防晒哪个好,1,该用户想表达的含义是：想了解两款防晒产品的优劣对比以便做出购买选择。
weixue0806,美容护肤,隔离和防晒一天不落,0,该用户想表达的含义是：自己每天都会坚持使用隔离和防晒产品，护肤习惯很严谨。
weixue0806,美容护肤,有祛颈纹的吗有祛颈纹的吗有祛颈纹的吗有祛颈纹的吗有祛颈纹的吗有祛颈纹的吗,1,该用户迫切想询问直播间是否有针对颈部皱纹的护肤产品，表现出强烈的购买需求和重复强调的急切心理。
weixue0806,美容护肤,油霜说说[爱心][爱心][爱心][爱心][爱心][爱心],1,该用户想表达的含义是：想详细了解这款油霜产品的使用感受和效果。  （结合前文弹幕中频繁讨论护肤品功效、防晒和护肤步骤的语境，用户通过爱心符号表达对产品的兴趣，并希望主播或其他人分享相关信息。）
weixue0806,美容护肤,皮肤屏障受损不喜欢涂防晒[流泪],0,该用户想表达的含义是：由于皮肤敏感不适，对使用防晒产品存在抵触情绪但又感到无奈。
weixue0806,美容护肤,每天都要涂防晒吗?,1,该用户可能是在询问防晒产品的日常使用必要性，并隐含对防晒习惯或产品选择的困惑或需求。
weixue0806,美容护肤,黑眼圈怎么办,0,该用户可能是在询问如何解决黑眼圈问题，暗示对相关护肤产品或解决方案感兴趣。
weixue0806,美容护肤,春夏秋才涂[捂脸],0,该用户想表达的含义是：自己只在春夏秋三季使用防晒产品，冬天则不用。
weixue0806,美容护肤,我没哟,0,该用户想表达的含义是：我没有购买或使用过这款产品。
weixue0806,美容护肤,面膜是几盒,1,该用户想询问面膜的具体包装规格或购买数量选项。
weixue0806,美容护肤,买哪款防晒,1,该用户想询问直播间推荐的防晒产品款式，表现出明确的选购意向并希望获得具体购买建议。
weixue0806,美容护肤,我能做到坚持不出门[捂脸][捂脸][捂脸],0,该用户是在调侃自己宅家不出门，暗示不需要使用防晒产品。
weixue0806,美容护肤,从来不涂[捂脸],0,该用户想表达的含义是：自己平时没有使用防晒产品的习惯。
weixue0806,美容护肤,什么时候上胶原灌注面膜,1,该用户是在询问直播间何时会推出或讲解某款胶原蛋白灌注面膜产品，表现出明确的购买意向和产品关注。
weixue0806,美容护肤,365天都涂,0,该用户想表达的含义是：坚持每天使用防晒产品是必要的护肤习惯。  （结合前文弹幕中关于防晒频率、必要性及护肤习惯的讨论，用户通过强调“365天”传递对防晒的重视，可能是回应他人对使用频率的疑问或表达自身长期坚持的态度。）
weixue0806,美容护肤,长痘痘图那个呀?,1,该用户可能在询问直播间展示的某款针对痘痘肌的护肤产品（如图片中的祛痘产品）的具体情况或效果。
weixue0806,美容护肤,懒得卸主要是,0,该用户想表达的含义是：因为觉得卸防晒霜太麻烦，所以不太想使用防晒产品。
weixue0806,美容护肤,有推荐吗防晒,1,该用户想询问主播是否有值得推荐的防晒产品。
weixue0806,美容护肤,防晒买5号吗?,1,"该用户可能在询问主播推荐的具体防晒产品型号是否适合购买，表现出对""5号""防晒产品的明确兴趣和决策倾向。"
weixue0806,美容护肤,眼角就有斑,0,该用户可能在表达自己存在眼角长斑的皮肤问题，暗示对相关祛斑产品或护肤建议有潜在需求。
weixue0806,美容护肤,油皮也能天天涂吗,1,该用户是在询问自己作为油性皮肤是否适合每天使用当前直播推荐的产品（可能是防晒或护肤类）。
weixue0806,美容护肤,"防晒涂过了,要上粉饼或者散粉吗?",1,该用户是在询问完成防晒步骤后是否需要使用定妆产品来完善妆容，表现出对后续化妆流程的具体需求和购买意向。
weixue0806,美容护肤,在家不出门需要用防晒霜吗,1,该用户想表达的含义是：在室内是否需要使用防晒产品，对此存在疑问并希望获得建议。
weixue0806,美容护肤,那个防晒比较好用,1,该用户想表达的含义是：询问直播间推荐的防晒产品中哪款效果更出色。
weixue0806,美容护肤,睡衣谁家的,1,该用户想询问直播中展示的睡衣是哪个品牌或商家的产品，表达了对睡衣的潜在购买兴趣。
weixue0806,美容护肤,眼霜那个好,1,该用户想询问直播间推荐哪款眼霜产品效果更好。
weixue0806,美容护肤,但是觉得自己还年轻就没在意涂防晒,0,该用户想表达的含义是：虽然意识到防晒的重要性，但因为自认为年轻而暂时忽略了日常防晒的习惯。
weixue0806,美容护肤,"戴帽子,戴口罩",0,该用户想表达的含义是：建议通过物理防护（戴帽子和口罩）来代替或辅助防晒产品的使用。
weixue0806,美容护肤,但有斑,0,该用户可能是在表达自己因防晒不足导致脸上长斑的困扰，并隐含对相关护肤产品的潜在需求。
weixue0806,美容护肤,治痘用那个啊[捂脸][看],1,该用户想询问直播中推荐的祛痘产品具体是哪一款。
weixue0806,美容护肤,雪雪推荐哪个面膜,1,该用户是在询问主播推荐的具体面膜款式，表现出对产品选择的明确需求和购买意向。
weixue0806,美容护肤,素颜霜里面有防晒功效还要额外涂防晒吗,1,该用户想确认素颜霜自带的防晒功能是否足够替代专门的防晒产品。
weixue0806,美容护肤,"有,我一年基本上天天涂防晒",0,该用户想表达的含义是：自己是长期坚持使用防晒产品的忠实用户。
weixue0806,美容护肤,讲一下19号怎么使用[比心],1,该用户想询问产品（可能是19号防晒霜）的具体使用方法，并附带友好互动情绪。
weixue0806,美容护肤,14号拍了是15片马,1,该用户想表达的含义是：询问14号商品拍下后是否包含15片装。
weixue0806,美容护肤,一般就夏天涂防晒,0,该用户想表达的含义是：自己平时只在夏季使用防晒产品，暗示对防晒习惯或产品适用季节有疑问或讨论兴趣。
weixue0806,美容护肤,啊我无知了四季都得涂[捂脸],0,该用户想表达的含义是：原来一年四季都需要涂抹防晒霜，自己之前不知道这个常识感到有些惭愧。
weixue0806,美容护肤,"没有下雨涂防晒,我一般会涂",0,该用户想表达的含义是：平时只在晴天使用防晒产品，但通过直播讨论意识到日常防晒的重要性。
weixue0806,美容护肤,我面霜都没涂.现在感觉好可怕,0,该用户可能是在听到主播强调防晒重要性后，因联想到自己日常疏于护肤（尤其未涂防晒面霜）而感到焦虑不安。
weixue0806,美容护肤,"宝贝,我怎么用了防晒脱皮呀",0,该用户想表达的含义是：对防晒产品使用后出现脱皮现象感到困惑并寻求解决方法。
weixue0806,美容护肤,4号是要做完光子再用吗?4号是要做完光子再用吗?4号是要做完光子再用吗?,1,该用户可能在询问产品使用顺序，即是否需要先完成“光子”步骤再使用4号产品。
weixue0806,美容护肤,油还有吗,1,该用户是在询问直播间是否还有之前提到的油类产品库存。
weixue0806,美容护肤,油皮推荐哪款精华,1,该用户是在询问适合油性皮肤的精华产品推荐，表现出对特定护肤品的购买意向。
weixue0806,美容护肤,懒得卸,0,该用户想表达的含义是：觉得卸妆步骤麻烦，不想使用需要卸妆的产品。
weixue0806,美容护肤,"除了不出门,天天涂防晒",0,该用户想表达的含义是：自己平时非常注重防晒护理，几乎每天都会使用防晒产品。
weixue0806,美容护肤,美容仪推荐吗,1,该用户想表达的含义是：询问主播是否有值得推荐的美容仪产品。
weixue0806,美容护肤,我物理防晒,0,该用户想表达的含义是：自己平时主要通过物理遮挡的方式（如戴帽子、口罩）来防晒，而非使用防晒霜。
weixue0806,美容护肤,化妆可以嘛,0,该用户可能是在询问直播中提到的某款化妆品是否适合自己使用，或者想确认化妆步骤是否正确。
weixue0806,美容护肤,雪不上睫毛膏吗,1,该用户是在询问主播是否没有使用睫毛膏，可能是注意到主播的睫毛看起来比较自然或者稀疏，想确认是否需要使用睫毛膏来增强效果。
weixue0806,美容护肤,脸上还是长斑了,0,该用户可能是在担忧自己的皮肤问题，并暗示对直播间推荐的美白或淡斑产品感兴趣。
weixue0806,美容护肤,有没有跟我一样涂防晒会卡粉,0,该用户可能是在寻求同类体验或解决方案，表达自己使用防晒产品时遇到卡粉问题的困扰，并希望了解其他人是否有类似情况或如何改善。
weixue0806,美容护肤,"我用那个油霜真好用,比1000多的都好",0,该用户想表达的含义是：这款油霜的使用体验非常出色，性价比远超高端产品。
weixue0806,美容护肤,我涂了感觉不管用呢,0,该用户可能是在表达对某款防晒产品的效果感到失望，认为使用后没有达到预期的防护效果。
weixue0806,美容护肤,涂隔离了,0,该用户想表达的含义是：自己在日常护肤中已经使用了隔离产品。
weixue0806,美容护肤,"可以讲一下3号次抛吗,美女姐姐[玫瑰][玫瑰][玫瑰][玫瑰][玫瑰][玫瑰][玫瑰][玫瑰][玫瑰][玫瑰][玫瑰]",1,该用户对3号次抛产品感兴趣，希望主播详细介绍其功效和使用方法，同时通过热情称呼和表情符号表达对主播的喜爱以获取更多互动关注。
weixue0806,美容护肤,我天生不白也不黑想白用什么,1,该用户想表达的含义是：我的肤色介于中间色调，想了解适合的美白产品推荐。
weixue0806,美容护肤,姐姐你化妆了嘛[打call][打call],0,该用户想表达的含义是：夸赞主播妆容精致并表达喜爱支持。  （结合前文语境，弹幕多为护肤美妆相关讨论，用户通过关注主播外貌变化并配合表情符号，传递对主播的积极互动情绪，但未直接涉及产品购买意向。）
weixue0806,美容护肤,先隔离再防晒吗,0,该用户是在询问护肤步骤的顺序，想知道是否需要先涂抹隔离产品再使用防晒霜。
weixue0806,美容护肤,防晒又吗,1,该用户可能在询问直播中提到的防晒产品是否还有库存或是否仍在促销。
weixue0806,美容护肤,你橱窗里的防晒会搓泥吗?,1,该用户是在询问防晒产品的使用体验，担心涂抹后可能出现搓泥现象。
weixue0806,美容护肤,太白了,0,该用户可能是在感叹或评价直播中展示的某款美白产品的效果显著。
weixue0806,美容护肤,一年四季都要涂吗,1,该用户可能是在询问防晒产品是否需要全年持续使用，以确认日常护肤的必要性。
weixue0806,美容护肤,太贵了[捂脸],0,该用户认为产品价格偏高，超出了自己的心理预期或承受范围，同时用表情符号表达了无奈或调侃的情绪。
weixue0806,美容护肤,"眼睛有纹,用什么",1,该用户想表达的含义是：眼部出现细纹，应该使用什么产品来改善？
weixue0806,美容护肤,以前真的不懂,0,该用户想表达的含义是：之前对防晒或护肤知识了解不够深入。
weixue0806,美容护肤,"对,我的防晒霜辣眼睛",0,该用户想表达的含义是：自己使用的防晒霜存在刺激眼睛的问题，可能是在抱怨产品体验不佳或寻求替代建议。  （结合前文弹幕中频繁讨论防晒产品的使用感受、卡粉搓泥等问题，可推断用户正参与防晒相关话题，并分享自身负面体验以互动或求助。）
weixue0806,美容护肤,身体乳[捂脸]推荐,1,该用户想表达的含义是：虽然有点不好意思开口，但还是想求主播推荐一款好用的身体乳产品。
weixue0806,美容护肤,防晒要涂有美白效果的吗,1,该用户想询问带有美白功能的防晒产品是否值得购买或使用。
weixue0806,美容护肤,刚刚还拍到面膜了[比心],0,该用户想表达的含义是：自己成功抢购了面膜并对产品感到满意。  （结合前文弹幕多为护肤美妆讨论，且用户使用表情符号[比心]，可推断其情绪积极，是在分享购买行为而非单纯陈述事实。）
weixue0806,美容护肤,卸妆麻烦,0,该用户可能是在表达对卸妆步骤繁琐的抱怨，暗示希望推荐更方便的卸妆产品或简化流程的护肤方法。
weixue0806,美容护肤,小白管yyds,0,该用户想表达的含义是：这款产品非常出色，强烈推荐。
weixue0806,美容护肤,"我只搽防晒,其他不搽",1,该用户想表达的含义是：我对护肤品的使用需求比较单一，目前只需要防晒产品，对其他类型的美妆或护肤步骤不感兴趣。
weixue0806,美容护肤,防晒有试用装吗,1,该用户想询问产品是否有小样可供试用，以确认防晒效果或肤感是否适合自己。
weixue0806,美容护肤,推荐一下防晒,1,该用户可能希望主播详细介绍适合自己需求的防晒产品，并寻求具体的购买建议。
weixue0806,美容护肤,"有没有涂了防晒可以不用卸妆油,直接洗脸就可以卸干净的防晒霜",1,该用户希望寻找一款易清洁的防晒产品，能够省去卸妆步骤直接用洗面奶洗净。
weixue0806,美容护肤,"不不不,是太懒了",0,该用户想表达的含义是：自己并非对产品不感兴趣，而是因为懒得护肤才没购买防晒产品。
weixue0806,美容护肤,防晒油,1,该用户可能是想询问直播间是否有防晒油产品推荐或想了解防晒油的相关信息。
weixue0806,美容护肤,涂防晒霜要卸妆吗?,1,该用户可能在询问防晒产品的使用后清洁步骤，担心是否需要额外卸妆程序才能彻底清洁防晒霜。
weixue0806,美容护肤,"姐,有没有祛痘和痘印推荐?",1,该用户想表达的含义是：希望主播推荐能解决痘痘和痘印问题的护肤产品。
weixue0806,美容护肤,没有找到适合我的防晒霜,1,该用户想表达的含义是：直播间推荐的防晒产品不符合自己的需求或偏好。
weixue0806,美容护肤,洁面直接都没有了[捂脸],1,该用户想表达的含义是：洁面产品已经卖完了，感到遗憾和无奈。
weixue0806,美容护肤,睁不开眼,0,该用户可能在抱怨防晒霜使用后刺激眼睛导致不适。
weixue0806,美容护肤,胶原蛋白灌肤面膜,1,该用户可能是在询问或推荐一款具有胶原蛋白成分的灌肤面膜产品。
weixue0806,美容护肤,你咋知道,0,"该用户可能是对主播突然提到某个恰好符合自己需求的产品感到惊讶，用调侃语气表达""你怎么这么懂我""的意外和认同感。"
weixue0806,美容护肤,光子嫩肤可以做吗,1,该用户可能是对美容护肤项目产生兴趣，想询问直播间是否提供光子嫩肤服务或相关产品推荐。
weixue0806,美容护肤,懒得涂,0,该用户想表达的含义是：觉得涂抹防晒霜或其他护肤品太麻烦，不想费这个功夫。
weixue0806,美容护肤,美容仪推荐用吗,1,该用户想询问主播是否建议购买或使用美容仪产品。
weixue0806,美容护肤,太油啦,0,"该用户想表达的含义是：这款防晒霜质地过于油腻，使用体验不佳。  （结合前文语境，弹幕讨论集中在防晒产品特性、卸妆问题及使用感受，""太油啦""是对当前产品缺点的直接吐槽，符合用户对防晒霜质地清爽度的关注。）"
weixue0806,美容护肤,种睫毛了吗,0,该用户可能在询问主播是否嫁接过睫毛，想了解相关美容效果或护理建议。
weixue0806,美容护肤,物理防晒呢,0,该用户可能在询问直播间是否有推荐不需要化学防晒成分、仅通过物理方式（如遮挡）实现的防晒产品。
weixue0806,美容护肤,灌注面膜有吗,1,该用户是在询问直播间是否有售卖胶原蛋白灌注面膜这款产品。
weixue0806,美容护肤,"对的,用了长痘痘,还会有点油",0,该用户想表达的含义是：认同主播提到的某款产品使用后容易引发痘痘和出油问题。
weixue0806,美容护肤,冬天用防嗮吗?,1,该用户可能在询问冬季是否也需要使用防晒产品，透露出对季节性护肤的困惑和潜在的购买意向。
weixue0806,美容护肤,Be油还有吗?,1,该用户是在询问直播间是否还有防晒油产品库存。
weixue0806,美容护肤,"大师面膜不洗,后面还要涂霜吗",1,该用户是在询问使用这款面膜后是否需要清洗，以及后续是否还需要涂抹面霜的护肤步骤。
weixue0806,美容护肤,有没有胶原蛋白面膜,1,该用户是在询问直播间是否有售卖胶原蛋白面膜这款产品，表现出明确的购买意向和对该类产品的兴趣。
weixue0806,美容护肤,上高中没时间,0,该用户想表达的含义是：因为学业繁忙无法长期坚持护肤流程。
weixue0806,美容护肤,防晒很干,0,该用户可能是在抱怨防晒产品使用后导致皮肤干燥不适。
weixue0806,美容护肤,"不是防晒霜的问题,是不涂脸的问题!!!!!!!!!",0,该用户想表达的含义是：皮肤问题并非防晒霜本身导致，而是因为自己平时疏于涂抹护肤品造成的。
weixue0806,美容护肤,胶原蛋白罐注面膜有没有,1,该用户是在询问直播间是否有售卖胶原蛋白灌注面膜这款产品。
weixue0806,美容护肤,上点胶原灌注面膜吧,1,该用户是在催促主播尽快上架胶原蛋白灌注面膜这款产品，表现出明确的购买意向和需求。
weixue0806,美容护肤,单纯懒[捂脸],0,该用户想表达的含义是：因为懒得护肤才来直播间寻找便捷的美容产品。
weixue0806,美容护肤,有没有扎扎,0,该用户可能在询问直播间是否有售卖“扎扎”（可能是某款美容产品或工具的昵称或简称）。
weixue0806,美容护肤,治痘的,1,该用户可能在询问直播间是否有治疗痘痘的产品或方法。
weixue0806,美容护肤,主要是觉得油,0,该用户认为产品使用后肤感过于油腻，可能不适合自己或影响使用体验。
weixue0806,美容护肤,精华油在护肤里面应该咋用姐姐,1,该用户想询问精华油在护肤步骤中的具体使用方法，并希望主播给予指导建议。
weixue0806,美容护肤,面膜几盒,1,该用户想询问面膜的购买规格或库存情况，表现出对产品的具体购买意向。
weixue0806,美容护肤,孕妇可以使用吗,1,该用户是在询问产品是否适合孕妇群体使用，可能对当前讨论的某款护肤品或面膜的安全性有顾虑。
weixue0806,美容护肤,用了很干,0,该用户想表达的含义是：这款产品使用后皮肤感觉过于干燥。
weixue0806,美容护肤,2号面膜美白面膜有试用的吗?,1,该用户是在询问2号美白面膜是否有试用装或小样可供尝试。
weixue0806,美容护肤,用啥防晒都闷痘,0,该用户想表达的含义是：自己尝试过多种防晒产品都会导致皮肤闷痘，因此对防晒产品的选择感到困扰和不满。
weixue0806,美容护肤,姐姐好漂亮啊啊啊啊,0,该用户是在通过夸赞主播外貌的方式表达对直播内容的喜爱和互动热情，而非直接表达购买意向。
weixue0806,美容护肤,防晒跟气垫各都50+能重叠使用吗,1,该用户想询问防晒霜和气垫产品是否可以同时叠加使用，以及两者搭配后是否会影响各自的功效或使用体验。
weixue0806,美容护肤,闷痘儿我,0,该用户想表达的含义是：使用防晒产品会导致自己长痘痘。
weixue0806,美容护肤,看看衣服,1,该用户可能是对当前讨论的护肤产品兴趣不大，想看看主播展示或推荐服装类商品。
weixue0806,美容护肤,夏天也用油霜,0,该用户可能是在询问或质疑夏天是否适合使用油霜类护肤品，暗示对产品季节性适用性的关注或自身对油腻感的担忧。
weixue0806,美容护肤,眼镜涩,0,该用户可能是在询问或抱怨眼镜佩戴后导致眼睛干涩不适的问题。
weixue0806,美容护肤,"辣眼睛,碰到眼睛流眼泪",0,该用户可能在抱怨产品使用后对眼睛产生刺激不适感。
weixue0806,美容护肤,哪个防晒,1,该用户想询问直播间推荐的防晒产品具体是哪一款。
weixue0806,美容护肤,嫌麻烦[捂脸],0,"该用户想表达的含义是：觉得护肤步骤繁琐懒得操作。  （结合前文语境，弹幕多围绕护肤产品使用体验和疑问展开，如""懒""""闷痘""""油""等关键词，用户可能因产品使用复杂或效果不佳而产生消极情绪，""嫌麻烦""是对这一心理的延续性吐槽。）"
weixue0806,美容护肤,防晒霜为什么会搓泥,0,该用户可能是在询问防晒霜使用后出现搓泥现象的原因，并隐含对产品使用体验的担忧或对解决方案的需求。
weixue0806,美容护肤,瘦脸面膜是哪个?瘦脸面膜是哪个?,1,该用户想表达的含义是：询问主播当前推荐的瘦脸面膜具体是哪一款产品。
weixue0806,美容护肤,去颈纹怎么去,0,该用户可能是在询问直播间推荐的产品中是否有针对颈部皱纹的护理方案，表现出对相关美容产品的潜在兴趣。
weixue0806,美容护肤,和汗黏糊一起很难受,0,该用户想表达的含义是：担心产品使用后出汗会导致皮肤黏腻不适。
weixue0806,美容护肤,就是懒,0,该用户想表达的含义是：因为怕麻烦所以对产品的使用步骤或效果有顾虑。
weixue0806,美容护肤,有没有减肥的方法,0,该用户可能是在询问直播间是否有推荐或销售的减肥相关产品或方法，表达了对减肥话题的关注和潜在购买意向。
weixue0806,美容护肤,推荐的都买了[捂脸],0,该用户想表达的含义是：主播推荐的产品我全都下单购买了，有点无奈又好笑。
weixue0806,美容护肤,工作在室内需要涂吗?,1,该用户是在询问防晒产品是否适用于室内工作场景。
weixue0806,美容护肤,怎么防晒下不了单,1,该用户想表达的含义是：想购买防晒产品但遇到下单操作问题。
weixue0806,美容护肤,上妆起皮拍几号链接[流泪][流泪][流泪][流泪][流泪][流泪][流泪][流泪][流泪][流泪][流泪][流泪][流泪][流泪][流泪][流泪][流泪][流泪][流泪][流泪][流泪],1,该用户因化妆品使用后出现起皮问题而急切询问产品购买链接，并通过大量流泪表情强调自己的困扰和购买需求。
weixue0806,美容护肤,面膜面膜面膜,1,该用户可能是急切询问或催促主播介绍面膜产品，或对之前提到的瘦脸面膜表现出强烈兴趣。
weixue0806,美容护肤,除了眼睛之外其它都不像真的[捂脸],0,该用户可能在吐槽直播中展示的某款产品（如美瞳或眼妆）效果虚假，只有眼睛部分看起来自然，其他部分显得很假。
weixue0806,美容护肤,"雪,水光霜呢",1,该用户可能在询问直播间是否推荐或售卖某款名为“雪”品牌的水光霜产品，并对其功效或使用方式感兴趣。
weixue0806,美容护肤,那个胶原蛋白浇灌面膜的几号链接,1,该用户想询问胶原蛋白浇灌面膜对应的商品购买链接编号，表现出明确的购买意向和下单需求。
weixue0806,美容护肤,祛斑用几号,1,该用户想询问直播间推荐的祛斑产品对应的商品编号或购买链接。
weixue0806,美容护肤,涂了防晒以后必须卸妆吗?,1,该用户可能是在询问防晒产品的使用步骤，担心不卸妆会对皮肤造成影响，同时隐含对产品便利性或护肤流程复杂度的顾虑。
weixue0806,美容护肤,你的上下睫毛是种的还是自己的,0,该用户可能是在询问主播的睫毛是否为嫁接或自然生长，以此评估相关美妆产品的效果真实性或考虑自身是否尝试类似美容项目。
weixue0806,美容护肤,推荐一下防晒霜,1,该用户希望通过主播的推荐获取适合自己需求的防晒霜产品信息，表现出明确的购买意向和决策依赖倾向。
weixue0806,美容护肤,第一次刷到你.我想要你两半的面膜,1,该用户想表达的是：刚进入直播间就被主播推荐的面膜吸引，想购买主播展示的那款分片式面膜。
weixue0806,美容护肤,"雪儿,11号唇蜜,你有推荐过别的品牌吗",1,该用户想询问主播之前是否推荐过其他品牌的11号唇蜜替代产品。
weixue0806,美容护肤,擦了要卸妆吗,1,该用户是在询问使用该产品后是否需要额外卸妆步骤，可能对产品的清洁需求或使用流程存在疑虑。
weixue0806,美容护肤,你抖音名字叫什么?,0,该用户可能希望关注主播的其他社交账号以获取更多产品信息或直播内容。
weixue0806,美容护肤,胶原面泡膜没有了吗,1,该用户是在询问直播间此前推荐的胶原蛋白泡泡面膜是否已经售罄或下架，表现出明确的购买意向和对该产品的关注。
weixue0806,美容护肤,那可以试试,0,该用户可能对主播推荐的某款产品产生了兴趣，表示愿意尝试购买或使用。
weixue0806,美容护肤,[捂脸]我是因为懒得洗脸,0,该用户想表达的含义是：自己因为太懒而选择购买这款免洗产品来简化护肤步骤。
weixue0806,美容护肤,姐妆容是不是变了,0,该用户可能在委婉询问主播是否更换了推荐的产品或妆容风格，以此间接判断是否需要调整自己的购买选择。
weixue0806,美容护肤,这是什么项链,1,该用户想表达的含义是：询问当前展示的项链产品详情以便考虑是否购买。  （结合前文弹幕多为产品咨询和购买意向，语境显示观众在主动寻求商品信息，因此该提问属于典型的购物兴趣导向的互动。）
weixue0806,美容护肤,买好多姐姐,0,该用户想表达的含义是：主播推荐的产品让我产生了强烈的购买欲望，已经下单了不少。
weixue0806,美容护肤,假白吗?,1,该用户可能在询问产品是否会出现不自然的假白效果，担心上脸后的妆效是否自然。
weixue0806,美容护肤,先防晒再隔离,0,该用户可能在询问或确认护肤步骤的正确顺序，暗示对防晒和隔离产品的使用方式或产品组合感兴趣。
weixue0806,美容护肤,24号加加,1,该用户可能在询问24号商品链接或产品信息，表达了对该商品的购买兴趣。
weixue0806,美容护肤,咋长这么好看[爱心][爱心][爱心],0,该用户是在夸赞主播的外貌出众，表达对主播的喜爱和欣赏之情。
weixue0806,美容护肤,没有这样的,0,该用户想表达的含义是：直播间推荐的产品中没有符合自己需求的款式。
weixue0806,美容护肤,借水光气垫遮瑕怎么样啊[比心],1,该用户是在询问“水光气垫遮瑕”产品的使用效果和性能，表现出对该产品的具体购买兴趣和进一步了解的需求。
weixue0806,美容护肤,防晒在护肤最后用吗?一直怀疑自己是不是用错顺序了,1,该用户是在询问防晒霜的正确使用步骤，担心自己之前的护肤顺序可能有误，希望得到专业指导。
weixue0806,美容护肤,"40+姐姐混油皮,早晚护肤推荐一下",1,该用户希望主播针对40岁以上混合偏油性肌肤的人群推荐适合早晚使用的护肤品。
weixue0806,美容护肤,雪有白头发了,0,该用户可能是在调侃主播的发色或妆容变化，暗示主播的头发看起来像染了白色或出现了白发效果。
weixue0806,美容护肤,眼纹怎么办,0,该用户可能在询问如何改善眼部皱纹问题，并希望主播推荐相关产品或护肤方法。
weixue0806,美容护肤,怎么那么卡,0,该用户可能因直播画面卡顿影响观看体验，急于了解产品信息或参与互动而表达不满。
weixue0806,美容护肤,上车防晒,1,该用户想表达的含义是：我要购买这款防晒产品。  （结合前文语境，直播中正在讨论防晒产品的使用顺序和效果，用户用简洁的“上车”表达跟单购买的意愿，是电商直播中常见的下单黑话。）
weixue0806,美容护肤,借水光气垫遮瑕怎么样啊,1,该用户想询问这款水光气垫产品的遮瑕效果如何，可能对产品功能产生兴趣并考虑购买。
weixue0806,美容护肤,滚针有效果吗,1,该用户是在询问滚针美容产品的实际使用效果如何，可能对购买该产品产生了兴趣并希望获得使用反馈。
weixue0806,美容护肤,洗面奶好用不?,1,该用户是在询问洗面奶的实际使用效果，以评估是否值得购买。
weixue0806,美容护肤,姐你这个项链是啥的,1,该用户想询问主播所佩戴项链的材质或款式细节，表现出对商品的潜在购买兴趣。
weixue0806,美容护肤,防晒白不白,1,该用户是在询问这款防晒产品使用后是否会明显提亮肤色或造成假白效果。
weixue0806,美容护肤,我一直在涂你推荐的防晒霜.又屁用还是你常年每次直播都断货的产品,0,该用户想表达的含义是：虽然长期使用主播推荐的防晒霜但效果不佳，同时抱怨这款产品因太受欢迎而经常缺货。
weixue0806,美容护肤,什么品牌的,1,该用户想询问主播正在介绍或展示的产品的具体品牌名称。
weixue0806,美容护肤,孕妇能用不,1,该用户是在询问直播推荐的产品是否适合孕妇群体使用。
weixue0806,美容护肤,是小银伞吗,1,"该用户是在确认直播中提到的防晒产品是否为特定型号""小银伞""。"
weixue0806,美容护肤,11唇部精油可以介绍一下吗?,1,该用户对主播推荐的唇部精油产品产生了兴趣，希望了解其具体功效和使用方法。
weixue0806,美容护肤,水k光面霜,1,该用户想询问水光面霜的产品效果或适用性。
weixue0806,美容护肤,孕妈妈可以用吗?,1,该用户是在询问产品是否适合孕妇使用，以评估自身是否能够购买。
weixue0806,美容护肤,你用哪个,1,该用户可能在询问主播当前正在展示或推荐的产品具体是哪一款。
weixue0806,美容护肤,一号链接已经下单了,1,该用户想表达的含义是：我已经通过直播间的商品链接完成了购买。
weixue0806,美容护肤,我用了买的真的非常好用,1,该用户想表达的含义是：之前购买的产品体验感很好，对商品效果表示满意和认可。
weixue0806,美容护肤,有没有xhazha,1,该用户可能在询问是否有某款名为“xhazha”的产品或商品。
weixue0806,美容护肤,为什么之前那个胶原蛋白那个灌注面膜没在购物车啦,1,该用户想表达的含义是：之前看中的胶原蛋白灌注面膜怎么从购物车里消失了，想重新找到或购买。
weixue0806,美容护肤,防晒要卸妆太麻烦,0,该用户可能是在抱怨防晒产品使用后的卸妆步骤繁琐，间接表达对现有防晒产品使用体验的不满，并隐含希望寻找更便捷的防晒替代品的需求。
weixue0806,美容护肤,10号链接能不能上点,1,该用户是在催促主播尽快补货或上架10号链接的商品。
weixue0806,美容护肤,玳拉用着怎么样?,1,该用户想询问产品“玳拉”的使用效果和体验如何。
weixue0806,美容护肤,水乳推荐一下,1,该用户想表达的含义是：希望主播推荐适合自己使用的水乳产品。
weixue0806,美容护肤,"去黑头的,有吗?",1,该用户是在询问直播间是否有去黑头相关的产品。
weixue0806,美容护肤,口红口红[比心],1,该用户想表达的含义是：对主播推荐的口红产品很感兴趣并表现出购买意向。
weixue0806,美容护肤,肌吕面膜能紧致皮肤吗,1,该用户是在询问面膜的紧致功效以评估是否值得购买。
weixue0806,美容护肤,只要直播就断货,0,该用户想表达的含义是：你每次直播推荐的热门产品都因为太抢手而很快售罄。
weixue0806,美容护肤,有没有精华水,1,该用户是在询问直播间是否有推荐或销售的精华水产品。
weixue0806,美容护肤,"有没有那种涂了防晒霜,可以不卸妆脸?",1,该用户想表达的含义是：询问是否存在无需卸妆的防晒产品，以简化护肤步骤。
weixue0806,美容护肤,姐水光气垫遮瑕怎么样啊?,1,该用户想询问主播关于水光气垫产品的遮瑕效果如何，表现出对该产品的具体功能感兴趣并有意向进一步了解。
weixue0806,美容护肤,我有这个,0,该用户想表达的含义是：我已经拥有这款产品了。
weixue0806,美容护肤,十号链接上点,1,该用户是在催促主播尽快补货或上架十号链接的商品。
weixue0806,美容护肤,这个防晒霜真的真的很好用,1,该用户是在积极肯定防晒霜的使用效果，暗示自己可能已购买或有意向购买同款产品。
weixue0806,美容护肤,胶原蛋白灌注面膜什么时候有,1,该用户是在询问之前出现过的胶原蛋白灌注面膜何时会再次补货或上架，表现出明确的购买意向。
weixue0806,美容护肤,耳环看看,1,该用户想表达的含义是：想看看耳环产品的详细介绍或展示。
weixue0806,美容护肤,"韦雪,涂了油还可以擦水乳霜吗?",1,该用户是在询问护肤品的使用顺序，担心涂完精油后是否还能正常叠加水乳霜等基础护肤品。
weixue0806,美容护肤,面膜那种好用?,1,该用户是在询问直播间推荐哪款面膜效果更好，有意向购买适合自己需求的产品。
weixue0806,美容护肤,有油吗,1,该用户可能在询问直播间是否有售卖护肤油类产品。
weixue0806,美容护肤,"雪儿,11号链接唇蜜,你推荐过别的品牌吗",1,该用户想询问主播雪儿是否在11号链接的唇蜜产品之外还推荐过其他品牌的同类产品。
weixue0806,美容护肤,贴贴霜来一个,1,该用户想表达的含义是：我想要购买贴贴霜这款产品。
weixue0806,美容护肤,发膜没有了吗,1,该用户是在询问直播间是否已经售罄了之前提到的发膜产品。
weixue0806,美容护肤,我天天太外面送外卖.能用吗,1,该用户想表达的含义是：自己经常在户外送外卖，询问产品是否适合在户外长时间使用。
weixue0806,美容护肤,祛斑吗,1,该用户想询问直播中推荐的产品是否具有祛斑功效。
weixue0806,美容护肤,油霜有活动吗,1,该用户是在询问直播间是否有关于油霜产品的促销优惠活动。
weixue0806,美容护肤,这么好,0,该用户想表达的含义是：对当前直播中展示的产品感到非常满意或赞赏。
weixue0806,美容护肤,真的能淡斑嘛[捂脸],1,该用户对产品的淡斑效果持怀疑态度，同时流露出期待和犹豫的复杂情绪。
weixue0806,美容护肤,眼油怎么样,1,该用户是在询问主播推荐的护眼精油产品的使用效果和体验如何。
weixue0806,美容护肤,晚上好,0,该用户可能是在礼貌性问候主播或观众，试图融入直播间的互动氛围，但并未直接表达明确的购买意向或产品咨询需求。
weixue0806,美容护肤,家里都是在你家买的东西,0,该用户想表达的含义是：我是你们家的老顾客，经常在直播间购买产品。
weixue0806,美容护肤,它是流动的乳吗,1,"该用户可能在询问某款护肤品（如水乳或乳液）的质地是否呈现流动的液态状，以确认产品特性是否符合自身使用偏好。  （解析依据：结合前文高频出现的护肤品讨论（水乳霜/面膜/油霜）、用户对产品质地（""油""）和功效（""遮瑕/淡斑""）的关注倾向，以及同类疑问句式（""有油吗/怎么样""），可推断其聚焦于产品物理状态而非字面歧义。）"
weixue0806,美容护肤,"是先防晒,还是先隔离素颜霜?",0,该用户是在询问护肤步骤的顺序，想确认防晒产品与隔离素颜霜的使用先后。
weixue0806,美容护肤,"除了这个防晒,还要不要化妆?",1,该用户可能在询问使用该防晒产品后是否需要叠加其他化妆品步骤，表现出对产品使用方法的困惑和进一步化妆流程的兴趣。
weixue0806,美容护肤,会辣眼吗,1,该用户是在询问产品是否会对眼睛产生刺激或不适感。
weixue0806,美容护肤,"我夏天是暴汗体质,汗像水一样从头上流下来,任何护肤品在脸上留不住3分钟,我适合用吗?",1,该用户是在询问直播推荐的产品是否适合自己这种因大量出汗导致护肤品难以持久的极端肤质情况。
weixue0806,美容护肤,卡粉吗,1,该用户是在询问这款化妆品是否容易出现浮粉或脱妆的问题。
weixue0806,美容护肤,购物车的全买了,0,该用户想表达的是已经决定购买购物车中的所有商品，表现出强烈的下单意愿。
weixue0806,美容护肤,在脸上能坚持多久?,1,该用户是在询问产品的持久性，担心使用后能否长时间保持在脸上不脱落或失效。
weixue0806,美容护肤,大家又要像我一样被骗了,0,该用户可能是在讽刺或提醒其他观众谨慎购买，暗示产品效果与宣传不符或存在虚假宣传。
weixue0806,美容护肤,会假白嘛,1,该用户是在询问产品使用后是否会出现不自然的苍白效果。
weixue0806,美容护肤,出汗会流白汤吗?,1,该用户是在询问产品在出汗时是否会因汗液冲刷导致白色残留或脱妆现象。
weixue0806,美容护肤,这个需要卸吗?,1,该用户可能在询问产品是否需要卸妆或专门的清洁步骤。
weixue0806,美容护肤,要卸妆吗,1,该用户是在询问产品使用后是否需要专门的卸妆步骤来清洁。
weixue0806,美容护肤,刚在你直播间买的油,0,该用户想表达的含义是：确认自己刚刚在直播间完成了购买油的订单。
weixue0806,美容护肤,我有它家全套精华护肤的产品,0,该用户想表达的含义是：我是这个品牌的忠实顾客，已经购买了该系列的精华护肤产品。
weixue0806,美容护肤,可以看看质地吗?,1,该用户想表达的含义是：希望主播展示或详细描述商品的材质细节以便评估是否符合需求。
weixue0806,美容护肤,哦美白,0,该用户可能是在询问或感叹产品的美白效果如何。
weixue0806,美容护肤,眼霜那个好用,1,该用户想询问直播中推荐的眼霜产品的使用效果和体验如何。
weixue0806,美容护肤,脸上斑一直好想祛,0,该用户想表达的含义是：自己长期受面部色斑困扰，对直播中提到的祛斑产品或方法产生了兴趣。
weixue0806,美容护肤,这个拍了,0,该用户想表达的含义是：我已经下单购买了这个产品。
weixue0806,美容护肤,5面膜有什么用,1,该用户想询问这款面膜的具体功效和使用效果。
weixue0806,美容护肤,推荐一个干皮用的面霜,1,该用户希望主播能针对干性皮肤推荐一款适合的面霜产品。
weixue0806,美容护肤,今天拿到的,0,该用户想表达的含义是：自己已经收到了之前在这家直播间购买的产品。
weixue0806,美容护肤,送一支防晒的试试吗,1,该用户想表达的含义是：希望商家能提供防晒产品的试用装或小样来体验效果。
weixue0806,美容护肤,防晒需要卸妆吗请问,1,该用户想询问这款防晒产品是否需要使用专门的卸妆步骤来清洁。
weixue0806,美容护肤,不出门也要涂防晒霜吗,1,该用户可能在质疑或寻求确认室内是否需要使用防晒霜，反映出对产品适用场景的潜在兴趣。
weixue0806,美容护肤,已下单,0,该用户想表达的含义是：我已经购买了直播中推荐的产品。
weixue0806,美容护肤,脸上用的么,1,该用户是在询问产品是否适用于面部护肤。
weixue0806,美容护肤,用特意用卸妆卸吗?,1,该用户是在询问该产品是否需要使用专门的卸妆产品来清洁。
weixue0806,美容护肤,雪儿姐姐没有去颈纹霜推荐一下,1,该用户希望主播能推荐一款针对颈纹问题的护肤产品。
weixue0806,美容护肤,"第一次就买了,很好用,好吸收,不假白",0,该用户想表达的含义是：我之前购买过这款产品，使用体验很好，效果满意所以再次推荐。
weixue0806,美容护肤,姐毛孔粗大怎么办,0,该用户想表达的含义是：询问主播针对毛孔粗大的皮肤问题是否有推荐的产品或解决方案。
weixue0806,美容护肤,怎么适应,0,该用户可能在询问产品（如防晒霜或护肤品）的使用方法或适应肤质的注意事项。
weixue0806,美容护肤,身体乳有吗,1,该用户想询问直播间是否有身体乳产品在售或展示。
weixue0806,美容护肤,先用防嗮还是先用粉底?,0,该用户想询问化妆步骤中防晒和粉底的使用顺序，表明其对产品使用方法的关注和潜在的购买意向。
weixue0806,美容护肤,补水面膜推荐哪个呢?,1,该用户是在询问主播有没有适合自己需求的补水面膜产品推荐。
weixue0806,美容护肤,刚拍的还有嘛,1,该用户想确认刚才提到的商品是否还有库存可供购买。
weixue0806,美容护肤,是乳状的还是有流动性的?,1,该用户是在询问产品的质地是偏浓稠的乳液状还是较稀薄的液体状。
weixue0806,美容护肤,干皮可以用吗,1,该用户是在询问这款产品是否适合干性皮肤使用。
weixue0806,美容护肤,要卸吗,1,该用户想询问当前讨论的防晒产品是否需要使用专门的卸妆产品来清洁。
weixue0806,美容护肤,有祛斑的嘛,1,该用户是在询问直播间是否有针对祛斑功效的产品。
weixue0806,美容护肤,这个防晒真的好用,1,该用户是在认可并推荐这款防晒产品，暗示其使用效果令人满意。
weixue0806,美容护肤,油皮能用吗,1,该用户是在询问这款产品是否适合油性肤质使用。
weixue0806,美容护肤,胶原蛋白灌注什么时候有呀?,1,该用户想表达的含义是：询问胶原蛋白灌注产品的上架或补货时间，表现出对该产品的购买兴趣。
weixue0806,美容护肤,有精华吗,1,该用户想询问直播间是否有精华液产品在售。
weixue0806,美容护肤,早上出门涂了这个防晒可以到晚上吗?,1,该用户是在询问这款防晒产品的持久度是否能满足全天防护需求。
weixue0806,美容护肤,10号链接上,1,该用户想表达的含义是：询问主播是否正在介绍或推荐10号链接对应的商品。
weixue0806,美容护肤,角质层薄适合吗,1,该用户是在询问这款产品是否适合敏感肌肤或角质层较薄的肤质使用。
weixue0806,美容护肤,还有运费,0,该用户可能是在询问商品是否包含运费或需要额外支付运费。
weixue0806,美容护肤,可以和水光霜一起用吗,1,该用户是在询问当前产品是否能与水光霜搭配使用，以确认产品的兼容性或使用顺序。
weixue0806,美容护肤,前两天说的精油是哪款?,1,该用户想询问之前直播中提到的某款精油产品的具体名称或购买链接。
weixue0806,美容护肤,我现在长痘能用吗?,1,该用户是在询问该产品是否适合痘痘肌使用。
weixue0806,美容护肤,是本人吗?,0,该用户可能在确认直播间的主播或展示产品的人是否为真实用户或官方代言人，以确保信息的可信度。
weixue0806,美容护肤,身体乳推荐什么味道?,1,该用户想表达的含义是：询问直播间推荐的身体乳有哪些香型可选。
weixue0806,美容护肤,白不白,1,该用户可能是在询问产品（如防晒霜或粉底）的显白效果或颜色是否自然白皙。
weixue0806,美容护肤,三个可以吗,0,该用户可能是在询问是否可以购买或组合购买三个产品。
weixue0806,美容护肤,水乳推荐,1,该用户想表达的含义是：询问主播有没有适合自己肤质的水乳产品推荐。
weixue0806,美容护肤,久了会不会显出来,1,该用户担心产品使用时间长了是否会暴露出原本的质地或效果（比如防晒霜是否会出现泛白或搓泥现象）。
weixue0806,美容护肤,太不友好了,0,该用户可能是在抱怨产品使用体验不佳或价格/购买条件不够合理。
weixue0806,美容护肤,这个好在哪里?,1,该用户想表达的含义是：询问当前推荐产品的具体优势或卖点。
weixue0806,美容护肤,这个防晒超好用[比心][比心],1,该用户想表达的含义是：对这款防晒产品的高度认可和推荐。
weixue0806,美容护肤,韦雪好漂亮,0,该用户可能是在夸赞主播的外貌或形象，借此表达对直播内容的关注和好感，但并未直接表现出对商品的购买兴趣。
weixue0806,美容护肤,会不会搓泥,1,该用户可能在询问产品使用后是否会出现搓泥现象，担心影响使用体验。
weixue0806,美容护肤,会白吗?,1,该用户是在询问产品使用后是否能达到美白效果。
weixue0806,美容护肤,先用防嗮还是粉底?,0,该用户想表达的含义是：咨询化妆步骤中防晒和粉底的使用顺序。
weixue0806,美容护肤,面膜推荐一款,1,该用户希望主播能根据当前讨论的护肤产品推荐一款适合自己需求的面膜。
weixue0806,美容护肤,怀孕可以用吗,1,该用户是在询问直播中推荐的产品是否适合孕妇使用，表达了对产品安全性的关切和潜在的购买意向。
weixue0806,美容护肤,卸妆油,1,该用户可能是想询问卸妆油的具体功效或适用情况。
weixue0806,美容护肤,"雪,你有推荐过素颜滴吗",1,该用户是在询问主播之前是否推荐过某款素颜护肤产品，并希望获得相关介绍或使用建议。
weixue0806,美容护肤,大师面膜,1,该用户可能在询问主播是否有推荐过或正在推荐一款名为“大师面膜”的产品。
weixue0806,美容护肤,肌侣面膜在几号链接,1,该用户想表达的含义是：询问肌侣面膜对应的商品购买链接编号以便下单。
weixue0806,美容护肤,孕妇可用吗,1,该用户是在询问直播中推荐的产品是否适合孕妇使用，以评估自身购买的可能性。
weixue0806,美容护肤,买了1236,0,该用户想表达的含义是：已经下单购买了商品编号为1236的产品。
weixue0806,美容护肤,有精华吗[捂脸],1,该用户是在询问直播间是否有精华液产品，并用表情符号表达了对产品效果的期待或担忧。
weixue0806,美容护肤,会油吗,1,该用户是在询问产品的使用感受是否会有油腻感。
weixue0806,美容护肤,姐姐好美啊,0,该用户是在夸赞主播的外貌，表达对主播个人魅力的欣赏而非直接询问产品信息。
weixue0806,美容护肤,可以接脖子用吗?,1,该用户是在询问产品是否适合用于颈部护理。
weixue0806,美容护肤,胶原灌注面膜,1,该用户可能在询问或推荐一款名为“胶原灌注面膜”的产品，表达对其功效或使用体验的兴趣。
weixue0806,美容护肤,定妆喷雾有没有试用装啊,1,该用户想询问定妆喷雾是否有小样可供尝试购买。
weixue0806,美容护肤,防晒顺序什么时候用.和底妆面膜,0,该用户想询问防晒霜的使用步骤以及它与其他底妆产品和面膜的搭配顺序。
weixue0806,美容护肤,是用脸上的么,1,该用户是在询问当前讨论的护肤品是否适用于面部肌肤。
weixue0806,美容护肤,眼膜介绍下,1,该用户希望主播详细介绍眼膜产品的功效、使用方法或购买链接等相关信息。
weixue0806,美容护肤,推荐一个干皮用的面霜?,1,该用户是在询问适合干性皮肤的面霜产品推荐，表现出对当前直播所售护肤品的具体需求和购买意向。
weixue0806,美容护肤,还应该买什么,1,该用户想表达的含义是：在已经选购了部分产品后，还想了解直播间里其他值得购买的商品推荐。
weixue0806,美容护肤,孕妇可以用吗,1,该用户是在询问直播中推荐的产品是否适合孕妇使用，表现出对产品安全性的关注和潜在的购买意向。
weixue0806,美容护肤,防晒第几步用,1,该用户想询问防晒产品在护肤或化妆步骤中的使用顺序。
weixue0806,美容护肤,水感防晒霜,1,该用户可能在询问关于“水感防晒霜”的具体信息，比如使用感受、适用肤质或购买链接。
weixue0806,美容护肤,防晒霜美修查不到成份,0,该用户可能是在表达对防晒霜成分安全性的疑虑，想确认产品是否经过专业平台认证。
weixue0806,美容护肤,屏障受损用什么,1,该用户想询问针对皮肤屏障受损问题应该使用什么护肤产品。
weixue0806,美容护肤,有什么香味[比心][比心][比心][比心],0,该用户想询问产品是否有特定香型或香味推荐，并表现出对香味的浓厚兴趣和好感。
weixue0806,美容护肤,姐姐你手咋了?,0,该用户可能是注意到主播的手部状态异常（如受伤、动作不自然等），出于关心或好奇而询问具体情况。
weixue0806,美容护肤,"日常水乳霜护肤推荐,姐姐!",1,该用户希望主播推荐适合日常基础护肤的水乳霜产品组合。
weixue0806,美容护肤,胶原灌注啥时候上,1,该用户是在询问产品“胶原灌注”的具体上架时间，表现出明确的购买意向和期待。
weixue0806,美容护肤,防晒需要补吗,1,该用户想询问防晒产品是否需要多次补涂才能维持效果。
weixue0806,美容护肤,"我买了,很好用",0,该用户想表达的含义是：自己已经购买了直播推荐的产品，并且对使用效果感到满意。  （结合前文弹幕的语境，直播间可能在讨论护肤品或美妆产品，用户通过这条弹幕反馈实际体验，既肯定了产品效果，也间接增强了其他观众的购买信心。）
weixue0806,美容护肤,脸上长痘能用吗?,1,该用户是在询问该产品是否适合痘痘肌使用，以评估其购买适用性。
weixue0806,美容护肤,手怎么青了,0,该用户可能是注意到主播的手部状态异常，出于关心或好奇而询问原因。
weixue0806,美容护肤,不会辣眼睛吧,0,该用户可能是在询问产品使用时是否会对眼部产生刺激或不适感。
weixue0806,美容护肤,"1,4搭配吗",1,该用户可能在询问直播中提到的两款产品（可能是护肤品或化妆品）是否适合搭配使用。
weixue0806,美容护肤,"防晒买了,真的好用",1,该用户想表达的含义是：自己已经购买了这款防晒产品并认可其使用效果。
weixue0806,美容护肤,雪姐水光气垫怎么样遮瑕么,1,该用户想询问主播推荐的气垫产品的遮瑕效果如何，表现出对产品的具体功能需求和潜在购买兴趣。
weixue0806,美容护肤,眼睛有皱纹用哪个?,1,该用户想询问直播间推荐哪款产品适合改善眼部皱纹问题。
weixue0806,美容护肤,快递费25[捂脸][捂脸][捂脸],0,该用户对商品价格中的高额快递费表示惊讶和不满，认为运费过高影响了购买意愿。
weixue0806,美容护肤,手怎么了,0,该用户注意到主播手部有异常（如受伤或淤青），出于关心或好奇而询问情况。
weixue0806,美容护肤,刚收到挺好用的呢不输我之前用的大牌哦[比心],0,"该用户想表达的含义是：对产品效果表示满意，认为其品质可媲美高端品牌并给予正面反馈。  （分析依据：结合前文弹幕中多次出现的购买反馈（如“我买了,很好用”“防晒买了,真的好用”）及产品功效讨论，该用户通过对比大牌强调实用性，属于典型的使用后认可型评价，动机在于强化产品口碑并间接推荐。）"
weixue0806,美容护肤,会不会太油,1,该用户可能在担心防晒霜的质地过于油腻，影响使用体验。
weixue0806,美容护肤,我精华吗[比心][比心][比心][比心],0,该用户想表达的含义是：询问主播自己是否适合使用这款精华产品，并附上热情友好的互动表情。
weixue0806,美容护肤,雪姐问你个知识,0,该用户可能是想向主播咨询某个与产品相关的专业知识或使用建议。
weixue0806,美容护肤,摸脸的吗,1,该用户可能是询问产品是否适合用于脸部肌肤或是否有护肤功效。
weixue0806,美容护肤,青少年可以涂吗,1,该用户可能是在询问产品是否适合青少年使用，隐含对产品安全性和适用年龄的潜在购买顾虑。
weixue0806,美容护肤,买完了,0,该用户想表达的含义是：自己已经下单购买了直播中推荐的产品。
weixue0806,美容护肤,干吗?,1,该用户可能是在询问主播当前展示的产品用途或功能，带有疑惑或寻求解释的语气。
weixue0806,美容护肤,这个牌子的东西好的.之前买过水乳,0,该用户想表达的含义是：对这个品牌的产品质量表示认可，并基于过往购买水乳的正面体验暗示有再次购买的意向。
weixue0806,美容护肤,手背青了[捂脸]怎么了[比心],0,该用户可能在调侃或关切地询问主播手部淤青的原因，同时用表情符号缓和语气，既表达关心又保持轻松互动氛围。
weixue0806,美容护肤,瘦脸面膜是哪款,1,该用户想询问直播中推荐的瘦脸面膜具体是哪一款产品，表现出对产品的兴趣和购买意向。
weixue0806,美容护肤,含酒精吗,1,该用户是在询问产品成分中是否含有酒精成分，可能是出于对皮肤敏感或使用安全的考虑。
weixue0806,美容护肤,直接涂吗?,1,该用户是在询问产品是否需要直接涂抹使用，可能对具体使用方法存在疑惑。
weixue0806,美容护肤,需要用卸妆油卸防晒吗,1,该用户可能在询问卸妆油是否适合作为防晒产品的清洁方式，隐含对当前使用的防晒是否需要专门卸妆产品的潜在需求。
weixue0806,美容护肤,有没有身体素颜霜,1,该用户可能在询问直播间是否有适合全身使用的素颜霜产品，并希望了解其使用效果或推荐款式。
weixue0806,美容护肤,皮肤干,0,该用户可能在询问主播推荐适合干性皮肤的护肤产品或解决方案。
weixue0806,美容护肤,12岁能用吗,1,该用户是在询问产品是否适合12岁年龄段使用，可能担心成分安全性或适用性。
weixue0806,美容护肤,修复皮肤屏障的面膜有吗,1,该用户想表达的含义是：询问直播间是否有针对修复皮肤屏障功能的面膜产品。
weixue0806,美容护肤,你开美颜了没有姐,0,该用户可能是在调侃或确认主播的外貌状态是否经过美颜修饰，以此间接评估产品真实效果的可信度。
weixue0806,美容护肤,能涂身体吗?,1,该用户是在询问产品是否可以用于全身涂抹。
weixue0806,美容护肤,"防晒霜很好用,我每天都在用",1,该用户是在认可产品效果并分享自己的使用习惯，以此间接表达对商品的满意和推荐意向。
weixue0806,美容护肤,可以擦手脚吗,1,该用户是在询问产品是否可以用于手脚部位的清洁或护理。
weixue0806,美容护肤,有睫毛膏吗,1,该用户是在询问直播间是否有睫毛膏产品出售，表现出对购买睫毛膏的潜在兴趣。
weixue0806,美容护肤,好漂亮,0,该用户被直播中展示的商品外观或效果所吸引，产生了积极的审美认同和潜在购买意向。
weixue0806,美容护肤,眼镜周围有黑眼圈跟斑用那个,1,该用户想询问直播间是否有适合改善眼镜周围黑眼圈和色斑问题的产品。
weixue0806,美容护肤,身体也可以吗,0,该用户是在询问产品是否可以用于身体部位。
weixue0806,美容护肤,会不会太油的感觉,1,该用户可能是在询问产品使用后是否会有油腻感，担心肤感不适合自己。
weixue0806,美容护肤,"一直在用这个,3年了",0,该用户想表达的含义是：自己是该产品的长期忠实用户，对其效果和品质有持续认可。
weixue0806,美容护肤,胶原面膜,1,该用户可能在询问直播间是否有胶原蛋白面膜产品或了解其相关功效。
weixue0806,美容护肤,可以当隔离用吗,1,该用户是在询问这款产品是否可以替代隔离霜使用。
weixue0806,美容护肤,防嗮指数多少,1,该用户想询问产品的防晒系数（SPF或PA值）以判断其防护效果是否满足自身需求。
weixue0806,美容护肤,5号面膜贴多久合适,1,该用户想询问5号面膜的建议使用时长，以了解其具体使用方法是否适合自己的需求。
weixue0806,美容护肤,清洗呢,0,该用户可能在询问产品使用后是否需要额外的清洗步骤。
weixue0806,美容护肤,摇晃以后有黄色液体正常吗,1,该用户可能是在询问产品使用过程中出现的黄色液体是否属于正常现象，暗示对产品质量或使用效果的疑虑。
weixue0806,美容护肤,使用前摇一摇吗?,1,该用户是在询问产品使用前是否需要摇晃以充分混合成分。
weixue0806,美容护肤,灌注那个胶原蛋白面膜有链接吗,1,该用户是在询问主播提到的胶原蛋白面膜是否已上架购物链接，表现出明确的购买意向。
weixue0806,美容护肤,面膜推荐骂个,1,该用户想表达的含义是：请推荐一款适合我的面膜并附上购买链接。
weixue0806,美容护肤,这是防晒吗.跟乳液一样好厉害,1,该用户惊讶于防晒产品的质地轻薄，认为其使用感如同乳液般舒适，并对此表示赞叹。
weixue0806,美容护肤,"我买了,好用",0,该用户想表达的含义是：自己已经购买了该产品并认可其使用效果。
weixue0806,美容护肤,有运费险吗,0,该用户是在询问商品是否支持退换货时免运费，以此评估购买风险。
weixue0806,美容护肤,隔离呢,1,该用户可能是在询问产品是否具备隔离功能或能否替代隔离霜使用。
weixue0806,美容护肤,我不化妆怎么使用,1,该用户想询问产品是否适合不化妆的人群使用，或者不化妆时该如何使用该产品。
weixue0806,美容护肤,孕妈可以用吗,1,该用户是在询问直播展示的产品是否适合孕妇群体使用。
weixue0806,美容护肤,里面有送试用吗?,1,该用户是在询问产品是否附赠小样或试用装以供体验。
weixue0806,美容护肤,水光水光水光,1,该用户想表达的含义是：反复强调对“水光”产品的强烈兴趣或询问其相关信息。
weixue0806,美容护肤,可以当素颜霜用吗,1,该用户是在询问这款产品是否可以不化妆直接涂抹，达到提亮肤色的效果。
weixue0806,美容护肤,"刚刚做了激光点痣,可以用吗?",1,该用户是在询问自己刚做完激光点痣的皮肤状况是否适合使用当前直播推荐的产品。
weixue0806,美容护肤,讲下气垫,1,该用户希望主播详细介绍气垫产品的功能或使用方法。
weixue0806,美容护肤,"你化妆怎么能画的那么清纯,我要把眼睛画大,我觉得我就画重了",0,该用户想表达的含义是：对主播的妆容效果感到羡慕，并希望学习如何画出自然清透的妆感，同时对自己化妆时容易下手过重感到困扰。
weixue0806,美容护肤,防晒前用啥,0,该用户想询问在涂抹防晒产品之前需要使用哪些基础护肤品或打底步骤。
weixue0806,美容护肤,睡前要不要用卸妆油卸,1,该用户可能在询问卸妆油是否适合作为睡前的清洁步骤使用。
weixue0806,美容护肤,有没有气垫,1,该用户是在询问直播间是否有气垫产品在售或介绍。
weixue0806,美容护肤,主播今天穿搭好好看,0,该用户可能是在夸赞主播的穿搭风格，并暗示对主播推荐的产品或搭配方式产生兴趣。
weixue0806,美容护肤,推荐一款干皮用的面霜,1,该用户希望主播针对干性肤质推荐合适的面霜产品。
weixue0806,美容护肤,涂防晒还要涂隔离么,1,该用户想询问防晒和隔离产品的使用步骤是否需要叠加，可能对化妆流程存在困惑或希望简化护肤步骤。
weixue0806,美容护肤,没有了,0,该用户想表达的含义是：商品已经售罄或库存没有了。
weixue0806,美容护肤,需要卸妆吗,1,该用户可能在询问当前介绍的产品是否需要使用卸妆步骤来清洁。
weixue0806,美容护肤,哪个产品能救我的法令纹,1,该用户想表达的含义是：询问直播间是否有针对改善法令纹问题的护肤产品推荐。
weixue0806,美容护肤,防晒怎么用啊,1,该用户想询问防晒产品的具体使用方法，可能是对产品功效或使用步骤存在疑惑。
weixue0806,美容护肤,洗面奶就能卸掉吗,1,该用户想表达的含义是：询问这款产品是否只需用洗面奶就能彻底清洁干净。
weixue0806,美容护肤,"妹,你四十了吗[发呆]",0,该用户可能在询问主播的年龄，以此判断产品是否适合自己年龄段使用，或是出于对主播状态的好奇而发出的闲聊式提问。
weixue0806,美容护肤,没抢到姐姐,1,该用户想表达的含义是：没抢到主播推荐的产品。
weixue0806,美容护肤,"看着和蓝胖子很像哦,但是更有性价比",1,该用户认为产品外观与某知名品牌（蓝胖子）相似，但价格更实惠、更值得购买。
weixue0806,美容护肤,脸上有纹纹路路用什么油,1,该用户想表达的含义是：询问主播针对面部皱纹问题推荐哪种护肤精油产品。
weixue0806,美容护肤,面霜用哪种,1,该用户想询问适合自己肤质或需求的面霜产品推荐。
weixue0806,美容护肤,面膜推荐,1,该用户想表达的含义是：希望主播推荐适合自己使用的面膜产品。
weixue0806,美容护肤,还要擦隔离么,1,该用户可能在询问使用防晒产品后是否还需要额外涂抹隔离霜，对护肤步骤存在疑惑。
weixue0806,美容护肤,睡衣卖吗,1,该用户是在询问直播间是否有睡衣在售，表现出对睡衣产品的潜在购买兴趣。
weixue0806,美容护肤,先用防晒还是先用隔离化妆前先用一下,0,该用户想询问化妆步骤中防晒和隔离的正确使用顺序。
weixue0806,美容护肤,哎!没了啊,1,该用户想表达的含义是：商品已经售罄，自己没能抢到。
weixue0806,美容护肤,摇晃以后使用的时候有黄色液体正常吗,1,该用户可能是在询问产品使用过程中出现的异常现象是否属于正常情况，暗示对产品质量或使用方法的疑虑。
weixue0806,美容护肤,支持姐姐,0,该用户想表达对主播的支持和喜爱，可能是对主播的推荐或表现表示认可。
weixue0806,美容护肤,为啥是广州产,0,该用户可能对产品的产地感到疑惑或好奇，想了解为何选择广州作为生产地而非其他地方。
weixue0806,美容护肤,想要外套外套外套外套,1,该用户迫切想要购买直播中展示的外套，通过重复强调表达强烈的购买意愿。
weixue0806,美容护肤,3号链接有啥活动没,1,该用户是在询问3号链接商品是否有促销优惠或特别福利。
weixue0806,美容护肤,再上一下,1,该用户希望主播再次上架之前售罄或展示过的商品。
weixue0806,美容护肤,有没有水乳,1,该用户想询问直播间是否有适合自己肤质的水乳套装产品。
weixue0806,美容护肤,眼睛周围有斑跟黑眼圈用那个,1,该用户想询问直播间是否有适合改善眼周色斑和黑眼圈问题的产品。
weixue0806,美容护肤,面膜好吃吗,0,该用户可能是以调侃或幽默的方式询问面膜的使用效果或成分安全性。
weixue0806,美容护肤,粘腻吗,1,该用户可能是询问产品使用后是否会有油腻不清爽的肤感。
weixue0806,美容护肤,想看衣服!,1,该用户想表达的含义是：对直播中展示的服装产品感兴趣并希望了解更多细节。
weixue0806,美容护肤,没货了,1,该用户想表达的含义是：想要的商品已经售罄了。
weixue0806,美容护肤,有同款面膜吗,1,该用户想询问直播间是否售卖与当前讨论的面膜类似的产品。
weixue0806,美容护肤,粉底液推荐一下,1,该用户希望主播能针对粉底液产品给出具体的推荐建议。
weixue0806,美容护肤,直接洗面奶可以洗干净吗,1,该用户是在询问洗面奶是否能彻底清洁面部，无需额外使用卸妆产品。
weixue0806,美容护肤,适合什么肤质,1,该用户想询问产品适用于哪种皮肤类型，可能是想确认是否适合自己的肤质。
weixue0806,美容护肤,脸上有纹露露用什么油?,1,该用户想询问针对面部皱纹问题应该使用哪种护肤精油产品。
weixue0806,美容护肤,涂这个防晒需不需要卸妆,1,该用户想表达的含义是：询问这款防晒产品是否需要专门的卸妆步骤来清洁。
weixue0806,美容护肤,推荐面膜,1,该用户想表达的含义是：询问主播是否有值得购买的面膜产品推荐。
weixue0806,美容护肤,"这个防晒涂过了,还要用散粉或者粉饼",0,该用户是在询问使用这款防晒产品后是否需要叠加散粉或粉饼进行定妆或修饰。
weixue0806,美容护肤,会流白汤吗,1,该用户可能在询问产品使用后是否会出现白色液体渗出的情况。
weixue0806,美容护肤,为啥还有运费,0,该用户对商品价格中包含运费感到不满或疑惑，认为包邮更合理。
weixue0806,美容护肤,怀孕或备孕可以用吗?,1,该用户想询问该产品是否适合孕妇或备孕人群使用。
weixue0806,美容护肤,防晒几个小时需要再补一次啊,1,该用户想了解这款防晒产品的持久性以及是否需要中途补涂。
weixue0806,美容护肤,身上用什么,1,该用户想询问主播当前推荐的产品适合用于身体哪个部位。
weixue0806,美容护肤,唇膏唇膏唇膏唇膏[捂脸][捂脸][捂脸][捂脸][捂脸][捂脸][捂脸],1,该用户可能是在急切询问或催促主播展示/介绍唇膏产品，并用重复文字和捂脸表情表达兴奋或迫切的心情。
weixue0806,美容护肤,防晒霜前用啥,1,该用户想询问在使用防晒霜之前需要搭配哪些基础护肤步骤或产品。
weixue0806,美容护肤,先隔离还是先防嗮??,1,该用户可能在询问使用防晒产品时的正确步骤，想知道隔离霜和防晒霜的涂抹顺序是否会影响效果。
weixue0806,美容护肤,"雪,四叶草手链是粉色还是白色?[比心][比心][比心][爱心][爱心][爱心]",1,该用户想询问四叶草手链的具体颜色选项，并透露出对商品的强烈兴趣和喜爱。
weixue0806,美容护肤,会不会闷痘,1,该用户是在担心这款护肤品可能导致毛孔堵塞或引发痘痘问题。
weixue0806,美容护肤,用这个还用擦隔离么,1,该用户是在询问使用该产品后是否还需要额外涂抹隔离霜，想了解产品的使用步骤和功效覆盖范围。
weixue0806,美容护肤,要想一款痘痘肌用的,1,该用户想表达的含义是：希望主播推荐一款适合痘痘肌使用的护肤品。
weixue0806,美容护肤,讲一下水光气垫吧,1,该用户想表达的含义是：希望主播详细介绍水光气垫产品的功效特点和使用方法。  （结合前文弹幕高频出现的产品咨询、肤质适配、使用步骤等需求，可推断用户是在主动寻求该产品的具体信息，属于明确的购买意向型提问。）
weixue0806,美容护肤,回答问题,0,该用户可能是在催促主播解答之前其他观众提出的产品相关问题。
weixue0806,美容护肤,口红什么色号,1,该用户想询问主播展示的口红具体有哪些颜色可选，以评估是否符合自己的喜好或需求。
weixue0806,美容护肤,先水光霜还是先防晒,1,该用户是在询问护肤品使用顺序，想确认水光霜和防晒霜哪个应该先涂抹，表现出对产品具体使用方法的关注和潜在的购买意向。
weixue0806,美容护肤,有面膜,1,该用户可能是在询问或暗示对直播中提到的面膜产品感兴趣，希望主播详细介绍或推荐相关款式。
weixue0806,美容护肤,防晒霜需要卸吗?,1,该用户可能是在询问防晒霜的使用后是否需要额外卸妆步骤，以确认产品的使用方法和护理流程。
weixue0806,美容护肤,唇膏唇膏唇膏唇膏[捂脸][捂脸][捂脸][捂脸][捂脸][捂脸][捂脸][捂脸][捂脸],1,该用户可能是在急切询问或催促主播介绍唇膏产品，同时用重复文字和捂脸表情表达兴奋或不好意思直接提问的纠结心态。
weixue0806,美容护肤,可以直接用洗面奶洗吗?,1,该用户可能是想询问这款防晒产品是否可以用普通洗面奶清洁卸除，而非需要专门卸妆产品。
weixue0806,美容护肤,油霜已下单,0,该用户想表达的含义是：自己已经购买了直播中推荐的油霜产品。
weixue0806,美容护肤,涂防晒要先涂隔离吗,1,该用户是在询问防晒和隔离产品的使用顺序，想了解正确的护肤步骤以便更好地使用产品。
weixue0806,美容护肤,那个眼油怎么样,1,该用户想询问主播关于眼油产品的使用效果和体验评价。
weixue0806,美容护肤,我夏天是连水乳都没办法留3分钟,0,该用户想表达自己夏季皮肤极度敏感，连基础护肤品都难以吸收，暗示需要寻找更轻薄易吸收的护肤产品。
weixue0806,美容护肤,象YY,0,该用户可能是想询问“象牙色（YY色号）的口红或化妆品”，但输入时因手误或简称导致表达不完整。
weixue0806,美容护肤,"雪姐,请问一下,有身体乳吗?",1,该用户是在询问主播是否售卖身体乳产品，表现出对这类商品的潜在购买兴趣。
weixue0806,美容护肤,想要面膜[鼓掌],1,该用户想表达的含义是：对直播中提到的面膜产品表现出明确的兴趣和购买意愿。
weixue0806,美容护肤,"10号的油能不能讲一下怎么用,买了不知道咋用",1,该用户想表达的含义是：对已购买的10号护肤油的用法存在困惑，希望主播能详细介绍使用方法。
weixue0806,美容护肤,晒后修复,1,该用户可能是在询问直播间是否有适合晒后修复功能的产品，或想了解相关产品的使用方法和效果。
weixue0806,美容护肤,脸干干痒痒的怎么办,1,该用户可能在询问直播间推荐的产品中是否有适合解决面部干燥瘙痒问题的护肤品。
weixue0806,美容护肤,"没货啦,再上点防晒",1,该用户急切希望主播补货防晒产品，表现出明确的购买意愿和需求。
weixue0806,美容护肤,脸上有纹纹路路用什么油?,1,该用户想询问适合改善面部细纹的护肤油产品。
weixue0806,美容护肤,"激光祛斑后,可以用这个防晒吗?",1,该用户是在询问做完激光祛斑这类医美项目后是否适合使用当前直播推荐的防晒产品，核心关注点在于产品成分与术后肌肤适配性。
weixue0806,美容护肤,需要卸妆吗?,1,该用户是在询问产品使用后是否需要专门的卸妆步骤来清洁。
weixue0806,美容护肤,买不了[捂脸],1,该用户想表达的含义是：想购买但遇到无法下单的情况，感到无奈。
weixue0806,美容护肤,要不要用隔离,1,该用户可能在询问使用隔离霜的必要性或正确步骤，表现出对护肤流程的潜在购买兴趣。
weixue0806,美容护肤,水乳再防晒霜吗,1,该用户可能是在询问使用顺序，即“涂抹防晒霜之前是否需要先使用水乳产品”。
weixue0806,美容护肤,想看衣服,1,该用户想表达的含义是：对主播展示或推荐的服装产品感兴趣，希望了解更多细节或看到实物展示。
weixue0806,美容护肤,粉底液推荐下,1,该用户希望主播能针对当前讨论的护肤美妆产品，推荐一款适合自己需求的粉底液。
weixue0806,美容护肤,已拍3和4,0,该用户想表达的含义是：我已经下单购买了商品编号为3和4的产品。
weixue0806,美容护肤,防晒去用啥,1,该用户是在询问适合自己肤质或使用场景的防晒产品推荐。
weixue0806,美容护肤,16号可以讲吗,1,该用户是在询问主播是否会在16号讲解某款产品或相关内容。
weixue0806,美容护肤,大干皮,1,该用户想表达的含义是：自己是干性皮肤，想咨询适合的护肤产品或建议。
weixue0806,美容护肤,需要几个小时补一次防晒?,1,该用户想询问防晒产品的补涂频率，可能是出于对防晒效果的关注或自身使用习惯的考虑。
weixue0806,美容护肤,18岁脸色黄怎么办,0,该用户可能在询问针对年轻肌肤暗沉问题的护肤产品推荐或解决方案。
weixue0806,美容护肤,防晒步骤怎么用,1,该用户想了解防晒产品的具体使用顺序和方法。
weixue0806,美容护肤,你家东西超好用,0,该用户是在认可产品效果的基础上，暗示有持续购买或尝试同品牌其他商品的意愿。
weixue0806,美容护肤,需不需要卸妆,1,该用户想询问当前讨论的防晒产品是否需要使用专门的卸妆步骤来清洁。
weixue0806,美容护肤,"脸上有纹,纹露露用什么油?",1,该用户是在询问针对面部皱纹问题应该使用哪种护肤油产品。
weixue0806,美容护肤,脸干痒用什么,1,该用户想询问针对脸部干燥发痒问题应该使用什么护肤产品。
weixue0806,美容护肤,上海物价真的高吗,0,该用户可能在质疑直播间推荐商品的价格合理性，暗示上海的高消费水平是否影响了产品定价。
weixue0806,美容护肤,有提亮效果嘛,1,该用户想询问产品是否具备让肤色更明亮、改善暗沉的效果。
weixue0806,美容护肤,护肤品,1,该用户可能是在询问直播间是否有推荐或介绍的护肤品，或是想了解当前讨论的防晒产品是否属于护肤品类别。
weixue0806,美容护肤,给孩子做双眼皮亲推荐下吧,1,该用户想表达的含义是：询问适合儿童使用的双眼皮产品推荐。
weixue0806,美容护肤,哪个是功效型面膜就是干了是透明的,1,该用户想询问直播间里哪款面膜是功效型产品，并且使用时干透后会呈现透明状态。
weixue0806,美容护肤,要卸妆么,1,该用户可能在询问当前讨论的护肤品或化妆品是否需要专门的卸妆步骤来清洁。
weixue0806,美容护肤,黑眼圈有什么方法吗,0,该用户可能在询问直播间推荐的产品或方法是否能有效改善黑眼圈问题。
weixue0806,美容护肤,油霜夏天可以用吗,1,该用户是在询问这款油霜产品是否适合夏季使用，担心质地或功效在炎热天气下可能不合适。
weixue0806,美容护肤,孕妈妈能用吗,1,该用户是在询问产品是否适合孕妇使用，关注的是产品的安全性和适用人群。
weixue0806,美容护肤,会油腻吗,1,该用户是在询问产品使用后是否会有油腻感，可能担心肤感不适或影响使用体验。
weixue0806,美容护肤,洗面奶可以直接卸掉吗?,1,该用户可能是在询问这款洗面奶是否具备卸妆功能，无需额外使用卸妆产品。
weixue0806,美容护肤,面霜那种,1,该用户可能是在询问主播正在介绍或展示的面霜产品的具体功效或适用情况。
weixue0806,美容护肤,用卸妆吗,1,该用户想询问直播中提到的产品是否需要配合卸妆步骤使用。
weixue0806,美容护肤,"每天都来蹲唇膏,一次没蹲到[捂脸][捂脸][捂脸][捂脸][捂脸][捂脸][捂脸][捂脸][捂脸]",0,该用户想表达的含义是：自己长期关注这款唇膏却一直没能抢到，感到既执着又无奈。
weixue0806,美容护肤,喜欢姐姐,0,该用户可能是在表达对主播的喜爱和支持，同时暗示对主播推荐的产品有兴趣或好感。
weixue0806,美容护肤,防晒步骤怎么用啊,1,该用户想询问防晒产品的具体使用方法，可能是对产品功效感兴趣并考虑购买。
weixue0806,美容护肤,讲一讲粉底,1,该用户想表达的含义是：希望主播详细介绍粉底产品的功效和使用方法。
weixue0806,美容护肤,16号可以讲一下吗,1,该用户想询问主播能否详细介绍16号产品（可能是护肤品或化妆品）的功能或使用方法。
weixue0806,美容护肤,玳拉好用嘛?,1,"该用户想询问产品""玳拉""的实际使用效果是否令人满意。"
weixue0806,美容护肤,"这个防晒用过了,还需要涂散粉或者粉饼吗?",1,该用户想询问防晒产品使用后是否需要叠加定妆步骤来优化使用效果。
weixue0806,美容护肤,"姐姐,头发怎么护理",0,该用户想询问主播关于头发护理的具体方法和产品推荐，表现出对护发话题的潜在购买兴趣。
weixue0806,美容护肤,红血丝怎么办,0,该用户可能在咨询直播间推荐的产品是否能改善面部红血丝问题。
weixue0806,美容护肤,"每天都来蹲唇膏,一次没蹲到[捂脸][捂脸][捂脸][捂脸][捂脸][捂脸]",0,该用户想表达的含义是：持续关注这款唇膏的促销活动但一直未能抢到，感到遗憾和无奈。
weixue0806,美容护肤,涂完防晒再涂水和乳液么?,1,该用户想询问防晒霜在护肤步骤中的正确使用顺序，是否需要在涂抹水乳之前或之后使用。
weixue0806,美容护肤,带的哪个美瞳呀,1,该用户想询问主播佩戴的美瞳款式或品牌信息，可能对同款产品产生了购买兴趣。
weixue0806,美容护肤,能不能推荐个去小胡子的方法雪姐[比心],1,该用户想表达的含义是：希望主播能推荐一款去除唇周汗毛的产品或方法。
weixue0806,美容护肤,需要卸妆吗?需要卸妆吗?需要卸妆吗?需要卸妆吗?需要卸妆吗?需要卸妆吗?,1,该用户可能是在急切询问产品是否需要配合卸妆步骤使用，表现出对使用方法的关注和潜在的购买顾虑。
weixue0806,美容护肤,玳拉好用吗?,1,"该用户是在询问产品""玳拉""的实际使用效果和体验如何。"
weixue0806,美容护肤,干皮能用吗,1,该用户是在询问产品是否适合干性皮肤使用，表现出对产品适用性的关注和潜在的购买意向。
weixue0806,美容护肤,大干皮可以用吗辣皮肤吗,1,该用户想询问这款产品是否适合干性皮肤使用，以及是否会对敏感肌肤造成刺激。
weixue0806,美容护肤,能不能推荐一下睫毛膏,1,该用户希望主播根据当前美妆主题推荐一款适合自己使用的睫毛膏产品。
weixue0806,美容护肤,先涂防晒还是水光霜?,1,该用户想咨询护肤品使用顺序，以确认正确的护肤步骤从而决定是否购买相关产品。
weixue0806,美容护肤,大干皮能用吗,1,该用户想询问该产品是否适合极度干燥的肤质使用。
weixue0806,美容护肤,身体乳身体乳身体乳身体乳身体乳身体乳身体乳身体乳身体乳身体乳身体乳身体乳身体乳,1,该用户想表达的含义是：强烈要求主播详细介绍或推荐身体乳产品。  （结合前文弹幕多为具体产品咨询或护肤问题，重复高频词“身体乳”可推断用户急切希望主播关注该品类，可能是自身需求或对当前直播内容的补充催促。）
weixue0806,美容护肤,有毛孔怎么办,1,该用户可能在咨询主播关于改善或遮盖毛孔问题的护肤或美妆产品推荐。
weixue0806,美容护肤,"新人,24号加加",1,该用户可能是新观众，想询问24号商品的具体信息或购买方式。
weixue0806,美容护肤,精油精油精油,1,该用户可能是想催促主播详细介绍或展示精油产品，表达对精油的强烈兴趣或购买意愿。
weixue0806,美容护肤,你的头发真的假的?,0,该用户可能是对主播的发型或发饰产生兴趣，想确认是否为可购买的假发产品或造型工具的效果。
weixue0806,美容护肤,需要卸妆油卸妆么,1,该用户想询问当前讨论的化妆品是否需要配合卸妆油使用来彻底清洁。
weixue0806,美容护肤,化妆用不会搓泥吧,1,该用户是在询问这款化妆品是否会在使用过程中与其他护肤品产生搓泥现象，以此判断产品的实用性和兼容性。
weixue0806,美容护肤,"大干皮,推荐一套化妆品,都用什么",1,该用户作为干性肤质者，希望主播能针对性地推荐一套完整的化妆品组合及使用步骤。
weixue0806,美容护肤,是水乳完成后在涂吗,1,该用户是在询问护肤步骤的顺序，想知道是否应该在完成水乳护肤步骤之后再涂抹当前直播推荐的产品。
weixue0806,美容护肤,眼膜哪款好,1,该用户想询问直播间推荐的眼膜产品，表达了对眼膜选购的具体需求和购买意向。
weixue0806,美容护肤,防晒去前用啥,1,该用户想询问的是“在使用防晒产品之前应该先涂抹什么护肤品”。
weixue0806,美容护肤,去颈纹的,1,该用户想询问直播间是否有能改善颈部皱纹的产品推荐。
weixue0806,美容护肤,需要卸妆吗?需要卸妆吗?需要卸妆吗?需要卸妆吗?需要卸妆吗?需要卸妆吗?需要卸妆吗?需要卸妆吗?需要,1,该用户迫切想知道产品使用前是否需要额外卸妆步骤，可能因产品性质特殊或自身皮肤敏感而反复追问以确认安全性。
weixue0806,美容护肤,干皮用哪款面霜?,1,该用户想表达的含义是：我是干性皮肤，想咨询适合我肤质的面霜产品推荐。
weixue0806,美容护肤,不在了,0,该用户可能是在询问之前提到的某款产品是否已经下架或售罄。
weixue0806,美容护肤,有孕妈妈能用的吗,1,该用户是在询问直播中推荐的产品是否适合孕妇使用，表现出对产品安全性和适用人群的关注。
weixue0806,美容护肤,孩子能用吗,1,该用户想询问该产品是否适合儿童使用。
weixue0806,美容护肤,12岁孩子可以用吗,1,该用户可能在询问产品是否适合12岁儿童使用，隐含对产品安全性和适用年龄的关切。
weixue0806,美容护肤,眼霜眼霜眼霜,1,该用户想表达的含义是：强烈询问或催促主播介绍眼霜产品。
weixue0806,美容护肤,胶原灌注面膜咋没了,1,该用户想表达的是对“胶原灌注面膜”缺货的急切询问，暗示自己原本想购买但发现商品已下架或售罄的失望情绪。
weixue0806,美容护肤,头发是黑色么,0,该用户可能在确认产品（如假发、染发剂或洗发水）的颜色是否符合预期，表现出对商品细节的关注和潜在的购买意向。
weixue0806,美容护肤,雪姐讲一下水光气垫吧不知道怎么样,1,该用户希望主播详细介绍水光气垫产品的功效特点，以评估是否适合自己购买使用。
weixue0806,美容护肤,痘痘肌可以用不,1,该用户是在询问产品是否适合敏感痘痘肌肤使用，表现出对产品适用性的关注和潜在的购买意向。
weixue0806,美容护肤,小号卖的是真的吗,0,该用户可能是在质疑直播间售卖的小号商品是否为正品或质量可靠。
weixue0806,美容护肤,洗面奶可以直接卸掉吗??,1,该用户可能在询问这款洗面奶是否具备卸妆功能，不需要额外使用卸妆产品。
weixue0806,美容护肤,草莓鼻怎么办,0,该用户可能在询问针对黑头粉刺（草莓鼻）问题的护肤产品或解决方案。
weixue0806,美容护肤,眼油真的能除皱吗?,1,该用户对眼油的实际功效存在疑虑，想确认其除皱效果是否属实。
weixue0806,美容护肤,水有吗,1,该用户是在询问直播间是否有售卖护肤品中的“化妆水”或“爽肤水”类产品。
weixue0806,美容护肤,OKOK,0,该用户可能是在快速回应主播的某个产品介绍或使用建议，表示认可或同意。
weixue0806,美容护肤,不用我撕了,0,该用户想表达的含义是：产品包装设计方便开启，不需要费力撕扯。  （结合前文高频出现的护肤美妆产品提问，推测用户可能在讨论某款产品的使用体验，强调其便捷性。）
weixue0806,美容护肤,防晒前用啥推荐一下,1,该用户想询问在涂抹防晒产品之前推荐使用哪种护肤步骤或产品。
weixue0806,美容护肤,有酒精吗,1,该用户可能在询问直播间是否有售卖酒精类产品（如消毒酒精或含酒精成分的护肤品）。
weixue0806,美容护肤,角质层薄能用吗?,1,该用户是在询问产品是否适合敏感肌肤或角质层受损的人群使用。
weixue0806,美容护肤,会不会假白,1,该用户可能是在询问产品是否会出现虚假美白效果或成分不真实的问题。
weixue0806,美容护肤,晒不黑吗,1,该用户是在询问产品的防晒效果是否持久可靠，担心使用后仍然会被晒黑。
weixue0806,美容护肤,防晒怎么使用顺序,1,该用户想咨询防晒产品的使用步骤和前后搭配方法。
weixue0806,美容护肤,有祛痘印产品吗,1,该用户是在询问直播间是否有针对痘印问题的护肤产品。
weixue0806,美容护肤,精油精油,1,该用户想表达的含义是：对直播中提到的精油产品感兴趣，希望主播详细介绍或推荐。
weixue0806,美容护肤,卸妆卸妆卸妆,1,该用户可能在询问产品是否具备卸妆功能或需要配套的卸妆步骤。
weixue0806,美容护肤,眼油哪个好,1,该用户想询问直播间推荐哪款眼油产品效果更好。
weixue0806,美容护肤,先用水乳再用防晒霜嘛?,1,该用户是在询问护肤步骤中水乳和防晒霜的正确使用顺序。
weixue0806,美容护肤,这个用了还需要用隔离吗???,1,该用户是在询问这款产品是否需要搭配隔离霜使用。
weixue0806,美容护肤,孕妇可以使用吗孕妇可以使用吗孕妇可以使用吗,1,该用户急切地询问产品是否适合孕妇使用，表现出对特定人群适用性的强烈关注。
weixue0806,美容护肤,想要胶原灌注面膜,1,该用户表达了对胶原灌注面膜的购买意向或兴趣询问。
weixue0806,美容护肤,会流白汤吗这个,1,该用户是在询问这款产品使用时是否会出现白色液体溢出的情况。
weixue0806,美容护肤,年前轻狂也能用[捂脸],0,该用户想表达的含义是：担心这款产品是否适合年轻肌肤使用，同时带点自嘲的调侃语气。
weixue0806,美容护肤,"到手了,不值这个价,几十块钱的品质",0,该用户认为商品的实际品质与价格不匹配，感到性价比低而产生不满。
weixue0806,美容护肤,防晒用在哪一个步骤,1,该用户想询问防晒产品在护肤流程中的具体使用顺序。
weixue0806,美容护肤,"每天都来蹲唇膏,一次没蹲到[捂脸][捂脸][捂脸][捂脸][捂脸]",0,该用户想表达的含义是：多次参与直播却一直未能抢到心仪的唇膏产品，感到无奈和遗憾。
weixue0806,美容护肤,胶原蛋白面膜还有吗,1,该用户想询问胶原蛋白面膜的库存情况，表达出明确的购买意向。
weixue0806,美容护肤,有酒精,0,该用户是在询问产品成分中是否含有酒精成分。
weixue0806,美容护肤,之前推过的一款防晒呢,1,该用户想询问之前直播中推荐过的某款防晒产品是否还有货或是否会再次推广。
weixue0806,美容护肤,"拍了,拍了",0,该用户想表达的含义是：已经下单购买了该产品。
weixue0806,美容护肤,今天有水光面膜吗,1,该用户是在询问直播间是否会上架或推荐水光面膜产品，表现出对该类商品的购买兴趣和需求。
weixue0806,美容护肤,隔离隔离隔离隔离隔离,1,该用户可能是在急切询问或强调某款隔离产品的使用效果或是否需要搭配其他产品。
weixue0806,美容护肤,"雪,有什么隔离好用吗",1,该用户是在向主播咨询适合自己使用的隔离霜产品推荐，表现出明确的购买意向和需求。
weixue0806,美容护肤,什么洗面奶能洗防晒霜,1,该用户可能在询问能够有效清洁防晒霜的洗面奶产品，表现出对防晒后清洁步骤的重视和潜在的购买需求。
weixue0806,美容护肤,霜可以直接拍吗,1,该用户是在询问防晒霜是否可以不用涂抹直接拍打上脸使用。
weixue0806,美容护肤,12岁孩子可以用吗防晒,1,该用户是在询问这款防晒产品是否适合12岁的儿童使用，表现出对产品适用年龄的关切和潜在的购买意向。
weixue0806,美容护肤,"涂身上,沐浴露可以洗掉吗",1,该用户是在询问产品使用时是否容易清洗干净，担心沐浴露能否有效去除涂抹在身上的产品残留。
weixue0806,美容护肤,化妆用会搓泥吗,1,该用户是在询问这款化妆品使用时是否会出现产品成分结块或起屑的问题，以此判断产品的使用体验和质地是否适合自己。
weixue0806,美容护肤,推荐保湿面膜,1,该用户可能是在询问主播是否有适合自己需求的保湿面膜推荐，表现出对产品的具体兴趣和购买意向。
weixue0806,美容护肤,"熬夜脸蜡黄,能讲讲美白面膜吗?",1,该用户因熬夜导致肤色暗沉，希望主播详细介绍美白面膜的功效和适用性以解决自己的皮肤问题。
weixue0806,美容护肤,回复下我仙女,0,该用户希望主播能优先回应自己的提问或需求，可能是关于之前询问的产品问题或购买意向。
weixue0806,美容护肤,带的哪个美瞳,1,该用户想询问主播佩戴的美瞳款式或品牌，可能对产品本身产生了兴趣并有意购买。
weixue0806,美容护肤,隔离隔离隔离隔离,1,该用户可能是在询问或催促主播介绍某款隔离霜产品。
weixue0806,美容护肤,防水吗,1,该用户是在询问直播中提到的某款产品是否具备防水功能。
weixue0806,美容护肤,想看衣服呀,1,"该用户可能是在询问或期待主播展示服装类商品，表达了对当前直播内容未涉及服饰的轻微不满或需求转移。  （释义逻辑：结合前20条弹幕全为护肤/美妆产品讨论，突然出现的""衣服""属于话题跳跃，暗示用户对当前品类兴趣不足，或认为直播进度与自身需求不匹配，需主播调整选品展示节奏。）"
weixue0806,美容护肤,涂了隔离还要涂防晒吗?,1,该用户可能是在询问隔离霜和防晒霜的使用顺序或必要性，想确认是否需要叠加使用这两款产品。
weixue0806,美容护肤,推荐一下油呀姐姐[比心],1,该用户是在向主播询问适合的护肤油产品推荐，并表现出积极的互动态度。
weixue0806,美容护肤,灌肤在哪?,1,该用户可能在询问直播间之前推荐过的“灌肤”护肤产品或相关步骤的具体购买链接或使用方法。
weixue0806,美容护肤,洗面奶怎么用啊姐,1,该用户是在询问主播关于洗面奶的具体使用方法，可能是对当前介绍的产品感兴趣或想确认是否适合自己的护肤流程。
weixue0806,美容护肤,19号,1,该用户可能是在询问或确认直播中提到的某个产品（如隔离霜、面膜等）的批次、色号或适用日期是否为“19号”。
weixue0806,美容护肤,小孩可以用吗,1,该用户是在询问直播中提到的产品是否适合儿童使用。
weixue0806,美容护肤,面膜有吗?,1,该用户是在询问直播间是否有售卖面膜产品。
weixue0806,美容护肤,防晒霜用了还要用隔离吗,1,该用户想表达的含义是：想知道防晒霜和隔离霜的使用顺序以及是否需要叠加使用。
weixue0806,美容护肤,混油可以用吗,1,该用户想询问这款产品是否适合混合性肤质使用。
weixue0806,美容护肤,长痘能用吗?长痘能用吗?,1,该用户是在询问该产品是否适合痘痘肌使用，表现出对产品适用性的关切和潜在的购买意向。
weixue0806,美容护肤,有什么适合毛孔粗大的嘛,1,该用户是在询问直播间是否有针对毛孔粗大问题的护肤产品推荐。
weixue0806,美容护肤,回复下我仙女吧,0,该用户是在催促主播回应自己之前关于产品咨询的问题，希望得到解答或互动。
weixue0806,美容护肤,头发染的黑色么,0,该用户可能在询问主播的发色是否为黑色，以此判断染发产品的效果或颜色真实性。
weixue0806,美容护肤,会不会流白汤,1,该用户是在询问产品使用后是否会出现液体渗出或脱妆的情况。
weixue0806,美容护肤,水光霜一起用吗,1,该用户想询问水光霜是否可以与其他护肤品同时使用。
weixue0806,美容护肤,现在好多号用你的声音直播卖货,0,该用户可能是在表达对主播声音被广泛模仿的惊讶或不满，暗示当前直播间的声音辨识度不高或存在盗用现象。
weixue0806,美容护肤,卸妆推荐,1,该用户可能在询问主播是否有适合卸妆的产品推荐，或是想了解当前直播中提到的卸妆相关商品信息。
weixue0806,美容护肤,男生能用吗,1,该用户是在询问直播推荐的产品是否适合男性使用。
weixue0806,美容护肤,3号链接里面有些什么,1,该用户想询问3号链接所展示商品的具体内容或包含哪些产品。
weixue0806,美容护肤,12号链接有活动吗?,1,该用户是在询问12号商品链接是否有促销优惠活动。
weixue0806,美容护肤,回头霜上吗,1,该用户是在询问主播是否会再次上架之前提到的某款面霜产品。
weixue0806,美容护肤,"新品油,明天有货吗",1,该用户是在询问新品护肤油的库存情况，表达了对该产品的购买意向和及时到货的需求。
weixue0806,美容护肤,你睫毛膏是用的什么样的,1,该用户想询问主播使用的睫毛膏品牌或款式，可能是出于对产品效果的认可或想参考同款购买。
weixue0806,美容护肤,2万多人看啥子呢?,0,该用户可能是在疑惑直播间的高人气是否源于产品本身的热度，或是对观众数量感到惊讶而发出调侃。
weixue0806,美容护肤,买啦[比心][比心]怎么用,1,该用户已经决定购买产品，但想进一步了解产品的具体使用方法。
weixue0806,美容护肤,我只有3的电,0,该用户可能是在暗示自己手机电量不足，担心无法继续观看直播或完成购买流程。
weixue0806,美容护肤,衣服谁家的,1,该用户是在询问直播中展示的衣服是哪家品牌或店铺的，表现出对商品来源的关注和潜在的购买意向。
weixue0806,美容护肤,有气垫吗,1,该用户可能在询问直播间是否有气垫类产品（如气垫粉底、气垫BB霜等）在售或展示。
weixue0806,美容护肤,口红用的那个,1,该用户想询问主播正在使用的口红品牌或色号。
weixue0806,美容护肤,后续上粉底会干吗,1,该用户是在询问接下来要展示的粉底产品是否会出现干燥卡粉的情况。
weixue0806,美容护肤,姐姐4号链接洗面奶干皮可以用吗,1,该用户是在询问主播推荐的4号链接洗面奶是否适合干性皮肤使用，表现出对产品的具体需求和购买意向。
weixue0806,美容护肤,几个小时涂一次?,1,该用户想询问产品（可能是口红或睫毛膏等需要补涂的化妆品）的使用频率或持久度。
weixue0806,美容护肤,染眉膏,1,该用户可能是在询问主播使用的染眉膏品牌或推荐产品。
weixue0806,美容护肤,隔离隔离,1,该用户可能在询问产品是否需要与其他护肤品分开使用，避免成分冲突。
weixue0806,美容护肤,"可以什么都不涂,直接涂防晒吗",1,该用户是在询问防晒产品是否可以单独使用而不需要搭配其他护肤品或底妆步骤。
weixue0806,美容护肤,胶原蛋白灌注面膜还有嘛,1,该用户是在询问直播间是否还有胶原蛋白灌注面膜的库存或补货。
weixue0806,美容护肤,哪个面膜补充胶原,1,该用户是在询问直播间是否有能补充胶原蛋白的面膜产品。
weixue0806,美容护肤,白白片有吗,1,该用户可能在询问直播间是否有售卖名为“白白片”的美白或护肤产品。
weixue0806,美容护肤,"劝也没有用流量她一直有,你们看看听听就好了,不要轻易相信一个三观有问题的人",0,该用户是在提醒其他观众保持理性，不要盲目追随主播的推荐，尤其质疑主播的价值观可信度。
weixue0806,美容护肤,胶原蛋白面膜还有吗???,1,该用户急切询问胶原蛋白面膜的库存情况，表现出明确的购买意向和抢购担忧。
weixue0806,美容护肤,能防晒几小时?,1,该用户是在询问防晒产品的有效防护时长，表现出对产品实际使用效果的关注和潜在的购买意向。
weixue0806,美容护肤,"皮肤干,用什么啊",1,该用户想表达的含义是：询问适合干性皮肤的护肤产品推荐。
weixue0806,美容护肤,隔离隔离隔离,1,该用户可能在询问主播使用的隔离霜品牌或产品推荐。
weixue0806,美容护肤,赫希喝了管用嘛,1,该用户是在询问产品“赫希”的实际使用效果是否有效。
weixue0806,美容护肤,你用哪个口红,1,该用户想询问主播正在使用的口红品牌或色号，以便参考购买。
weixue0806,美容护肤,脸上可以用是吗,1,该用户是在询问直播中提到的某款产品是否适合用于面部肌肤。
weixue0806,美容护肤,身体乳哪个更香,1,该用户想询问直播间推荐哪款身体乳的香味更浓郁好闻。
weixue0806,美容护肤,涂过面霜之后能不能涂防晒,1,该用户可能在询问护肤步骤的顺序，想确认面霜和防晒霜的使用先后是否会影响效果或肤感。
weixue0806,美容护肤,有祛痘膏吗,1,该用户可能在询问直播间是否有祛痘产品可供购买。
weixue0806,美容护肤,防晒几个小时,1,该用户想询问这款防晒产品的有效防护时长是多久。
weixue0806,美容护肤,头发上的东西能上点吗学姐,1,该用户是在询问主播能否展示或讲解头发相关的产品，可能是护发用品或发饰等。
weixue0806,美容护肤,眼霜眼霜眼霜眼霜眼霜眼霜眼霜眼霜眼霜眼霜眼霜眼霜眼霜眼霜眼霜眼霜眼霜眼霜,1,该用户想表达的含义是：强烈询问或催促主播介绍/推荐眼霜产品。  （用户通过重复关键词“眼霜”表现出急切需求，可能是对当前讨论的护肤品类补充提问，或对未提及产品的主动关注。）
weixue0806,美容护肤,涂完这个能直接画粉底液化妆吗?,1,该用户是在询问当前使用的产品是否可以替代妆前步骤直接作为底妆使用。
weixue0806,美容护肤,颈纹霜能不能说下,1,该用户想询问主播能否详细介绍颈纹霜的产品功效或使用方法。
weixue0806,美容护肤,补水面膜姐姐推荐哪个?,1,该用户是在询问主播推荐哪款补水面膜产品，表现出明确的购买意向和需求。
weixue0806,美容护肤,"雪,带的哪个美瞳",1,该用户是在询问主播佩戴的美瞳品牌或款式，表现出对美瞳产品的购买兴趣。
weixue0806,美容护肤,"每天都来蹲唇膏,一次没蹲到[捂脸][捂脸][捂脸][捂脸][捂脸][捂脸][捂脸]",0,该用户想表达的含义是：多次参与直播却始终未能抢到心仪的唇膏产品，感到既无奈又不甘心。
weixue0806,美容护肤,这个能涂眼周吗.我看评价说涂眼周很刺激,1,该用户是在询问产品是否适合用于眼周区域，并表达了对产品可能刺激眼周皮肤的担忧。
weixue0806,美容护肤,还需要用隔离吗,1,该用户可能是在询问当前护肤步骤中是否需要额外使用隔离产品，隐含对产品功能或使用顺序的困惑。
weixue0806,美容护肤,有点像杨幂,0,该用户可能是在评论主播的外貌或气质与明星杨幂相似，而非直接表达对产品的购买兴趣。
weixue0806,美容护肤,涂抹顺序讲一下,1,该用户想询问产品使用时的具体步骤和先后顺序。
weixue0806,美容护肤,先用隔离还是防晒[捂脸],0,该用户想表达的含义是：询问护肤品使用顺序中隔离和防晒的先后步骤，并带有对自身困惑的调侃。
weixue0806,美容护肤,隔离隔离隔离推荐,1,该用户可能在询问主播是否推荐使用隔离霜，或对隔离产品的使用顺序/必要性存在疑问。
weixue0806,美容护肤,超喜欢你推的品,0,该用户想表达的是对主播推荐的产品有强烈好感并可能产生购买意愿。
weixue0806,美容护肤,吃彩椒吗,0,该用户可能在询问主播是否推荐或试用当前展示的彩椒产品，隐含对商品功能的兴趣或购买意向。
weixue0806,美容护肤,会假白吗,1,该用户是在询问产品使用后是否会出现不自然的泛白效果。
weixue0806,美容护肤,"防晒、隔离,哪个先用?",1,该用户想询问护肤品使用顺序中防晒和隔离的正确步骤。
weixue0806,美容护肤,3号链接面膜作用,1,该用户想询问3号链接面膜的具体功效或使用效果。
weixue0806,美容护肤,防晒涂在第几层,1,该用户是在询问防晒产品在护肤步骤中的使用顺序，想明确它应该在哪一步骤之后或之前涂抹。
weixue0806,美容护肤,"只涂防晒的话,需要定妆吗?",1,该用户想询问如果仅使用防晒产品而不化妆，是否还需要进行定妆步骤。
weixue0806,美容护肤,面膜面膜面膜面膜面膜面膜,1,该用户想表达的含义是：强烈要求主播介绍或推荐面膜产品。
weixue0806,美容护肤,油霜说说[捂脸][捂脸][爱心][爱心][爱心][爱心],1,该用户想表达的含义是：对主播提到的油霜产品感兴趣并感到心动，同时用表情符号表达既有点不好意思又很喜爱的复杂情绪。
weixue0806,美容护肤,拍呢洗面奶加急,1,该用户急切催促主播尽快上架或讲解洗面奶产品，表现出明确的购买意向。
weixue0806,美容护肤,每天用脸可以用多久,1,该用户想询问产品的使用频率或单次使用时长的建议。
weixue0806,美容护肤,有美白祛斑的面膜吗?,1,该用户是在询问直播间是否有具备美白祛斑功效的面膜产品，表现出对特定功能护肤品的明确需求。
weixue0806,美容护肤,唇部精华,1,该用户可能是在询问或表达对直播间推荐的唇部精华产品的兴趣，想了解产品详情或希望主播介绍/推荐相关产品。
weixue0806,美容护肤,孕妇可以用么?,1,该用户是在询问产品是否适合孕妇群体使用，可能对产品的安全性存在顾虑或想确认是否符合自身需求。
weixue0806,美容护肤,看下你的耳钉,1,该用户可能对主播佩戴的耳钉产生了兴趣，想进一步查看款式细节或了解产品信息。
weixue0806,美容护肤,"姐姐,好漂亮",0,该用户可能是在夸赞主播的外貌或穿搭，表达对主播个人形象的欣赏而非直接的产品兴趣。
weixue0806,美容护肤,想问一下你90斤是怎么保持的,0,该用户可能是在询问主播保持身材的方法，暗示对主播推荐的健康或美容产品感兴趣。
weixue0806,美容护肤,洗面奶哪个好用,1,该用户想表达的含义是：希望主播推荐一款效果好的洗面奶产品。
weixue0806,美容护肤,3号链接作用?,1,该用户想询问3号链接商品的具体功效或用途。
weixue0806,美容护肤,头发上的东西能上点吗雪姐,1,该用户是在询问主播能否推荐或讲解头发相关的产品。
weixue0806,美容护肤,"有很多防嗮会紧绷,很不舒服",0,该用户可能是在询问或吐槽某些防晒产品使用后容易导致皮肤紧绷不适，想了解是否有更舒适的防晒推荐。
weixue0806,美容护肤,"买了,那个水光面膜不卖了吗?",1,该用户想确认之前购买过的水光面膜是否已经下架，并表达了对该产品的持续购买意愿。
weixue0806,美容护肤,辣眼不,1,该用户可能在询问产品（如防晒霜或面膜）使用后是否会导致眼部不适或刺激感。
weixue0806,美容护肤,想要精华油,1,该用户表达了对精华油产品的购买意向或兴趣询问。
weixue0806,美容护肤,"是不是要洗干净脸,再涂一点爽肤水,润肤霜,再来涂防晒?",0,该用户是在询问护肤步骤的正确顺序，尤其是确认使用防晒产品前是否需要完成基础的清洁和保湿流程。
weixue0806,美容护肤,防水吗?,1,该用户是在询问直播中展示的产品是否具备防水功能。
weixue0806,美容护肤,能防晒多久呀,1,该用户想询问这款防晒产品的持续防护时长，可能是出于对产品实际效果的关注或考虑补涂频率。
weixue0806,美容护肤,6号和10适合油痘肌不,1,该用户是在询问产品编号6和10是否适合油性痘痘肌肤使用。
weixue0806,美容护肤,身体乳有没有美白的,1,该用户是在询问直播间推荐的身体乳是否具备美白功效，表现出对产品功能的明确关注和潜在的购买意向。
weixue0806,美容护肤,有隔离吗?,1,该用户是在询问直播间是否有售卖隔离霜产品。
weixue0806,美容护肤,好喜欢你,0,该用户被主播的个人魅力或产品展示所吸引，表达了对主播的喜爱和信任感。
weixue0806,美容护肤,干皮用的面霜几号啊?,1,该用户想询问主播推荐适合干性皮肤的面霜产品编号。
weixue0806,美容护肤,姐姐后背有豆印怎么办,0,该用户可能在询问如何解决背部痘印问题，并暗示对相关护肤产品感兴趣。
weixue0806,美容护肤,防水防汗吗?,1,该用户想确认产品是否具备防水防汗的功能特性。
weixue0806,美容护肤,"买了,试用一次,果断留下[比心]",0,该用户表示已经下单购买产品，并决定在试用后确认保留，同时表达了对商品的满意和喜爱。
weixue0806,美容护肤,太厉害了,0,该用户想表达的含义是：对主播展示的产品效果或使用体验感到惊叹和赞赏。
weixue0806,美容护肤,"推荐一套,都没得用啦",0,该用户想表达的含义是：希望主播推荐一套护肤品，因为自己现有的产品已经用完了。
weixue0806,美容护肤,怎么这么年轻?,0,该用户可能是在惊讶主播或产品使用者的年轻状态，隐含对产品效果或主播专业度的好奇或质疑。
weixue0806,美容护肤,睫毛膏睫毛膏睫毛膏睫毛膏睫毛膏睫毛膏睫毛膏睫毛膏睫毛膏睫毛膏睫毛膏睫毛膏睫毛膏睫毛膏睫毛膏睫毛膏睫毛,1,该用户想表达的含义是：强烈关注或询问当前直播中提到的睫毛膏产品，可能是希望主播详细介绍或上架该商品。
weixue0806,美容护肤,几个小时图一次防晒?,1,该用户想询问这款防晒产品需要多久补涂一次才能维持效果。
weixue0806,美容护肤,看看你耳朵,0,该用户可能是对主播的配饰（如耳环）或耳朵特征产生兴趣，想进一步观察细节。
weixue0806,美容护肤,韦雪涂的是什么口红?,1,该用户可能是在询问主播使用的口红品牌或色号，表现出对同类美妆产品的兴趣和潜在购买意向。
weixue0806,美容护肤,"拍啦,我发现上瘾,买雪儿推荐的",0,该用户想表达的含义是：已经下单购买了雪儿推荐的产品，并且对这类推荐产生了持续购买的冲动。
weixue0806,美容护肤,美白身体乳,1,该用户是在询问直播间是否有具备美白功效的身体乳产品。
weixue0806,美容护肤,混油皮面霜,1,该用户可能在询问适合混合偏油肤质的面霜产品型号或推荐。
weixue0806,美容护肤,有没有去颈纹的?,1,该用户是在询问直播间是否有针对颈部皱纹问题的护肤产品。
weixue0806,美容护肤,双眼皮在韩国哪个机构割的,0,该用户可能是在询问主播推荐的韩国整形机构，以获取双眼皮手术的相关信息。
weixue0806,美容护肤,口红用哪个,1,该用户想询问主播推荐适合自己使用的口红色号或款式。
weixue0806,美容护肤,水乳防晒这个顺序,0,该用户可能在询问护肤品使用顺序是否正确，或想确认水乳和防晒的涂抹步骤是否合理。
weixue0806,美容护肤,你还生吗?,0,该用户可能在询问主播是否还有某款商品（如“生发产品”）的库存或是否会继续售卖。
weixue0806,美容护肤,面膜呢,1,该用户想表达的含义是：询问主播什么时候介绍或展示面膜产品。
weixue0806,美容护肤,脸也可以用吗,1,该用户想询问当前讨论的产品是否适用于面部肌肤。
weixue0806,美容护肤,辣眼么,1,该用户可能是在询问直播展示的产品（如眼影、眼线等）是否会有刺激眼睛或使用不适的情况。
weixue0806,美容护肤,Be是真没了吗?[捂脸],1,该用户想表达的含义是：询问某款产品是否已经售罄，并略带遗憾或调侃的语气。
weixue0806,美容护肤,油霜是哪个,1,该用户想询问直播中提到的“油霜”具体是指哪款产品。
weixue0806,美容护肤,防水吗姐,1,该用户是在询问产品是否具备防水功能。
weixue0806,美容护肤,青少年可用吗?,1,该用户是在询问产品是否适合青少年年龄段使用。
weixue0806,美容护肤,"嘴上涂的好水润,想买[捂脸][捂脸][捂脸][捂脸][捂脸]",1,该用户被主播唇妆的水润效果吸引，产生了强烈的购买欲望并用表情符号强化了心动情绪。
weixue0806,美容护肤,先抹防晒还是先抹贵妇霜,1,该用户是在询问护肤品的使用顺序，表现出对产品具体使用方法的兴趣和潜在的购买意向。
weixue0806,美容护肤,涂防晒不用隔离霜吧!,0,该用户可能在质疑防晒和隔离霜的使用顺序或必要性，暗示对产品搭配或护肤步骤存在疑问。
weixue0806,美容护肤,含酒精嘛,1,该用户是在询问产品成分中是否含有酒精成分，可能是出于对皮肤敏感或使用安全的顾虑。
weixue0806,美容护肤,夏天涂霜油腻么?,1,该用户是在询问这款面霜在夏季使用是否会有黏腻不适感，想了解产品的清爽度和肤感体验。
weixue0806,美容护肤,韦雪可以推个美瞳吗,1,该用户是在询问主播能否推荐一款适合自己的美瞳产品。
weixue0806,美容护肤,3号链接有些什么,1,该用户想了解3号链接所展示商品的具体品类或功能信息。
weixue0806,美容护肤,水乳防晒这个顺序?,1,该用户是在询问护肤品的使用顺序，即是否应该先涂水乳再涂防晒。
weixue0806,美容护肤,两个油有什么区别,1,该用户想询问直播中提到的两款护肤油的功效差异或适用场景区别。
weixue0806,美容护肤,油皮可以用吗,1,该用户是在询问这款产品是否适合油性肤质使用。
weixue0806,美容护肤,会不会卡粉啊,1,该用户是在询问产品使用时是否容易出现粉底结块或不服帖的问题，表现出对产品实际使用效果的关注和潜在的购买顾虑。
weixue0806,美容护肤,洗面奶有吗,1,该用户是在询问直播间是否有洗面奶产品可供购买。
weixue0806,美容护肤,带你去见下我朋友吧,0,该用户可能是想让主播展示或推荐某款产品给朋友看，暗示自己有意向购买并想分享给他人。
weixue0806,美容护肤,这个貔貅是哪家的呀,1,该用户是在询问直播中展示的貔貅饰品的品牌或商家信息，表现出对产品的兴趣和潜在的购买意向。
weixue0806,美容护肤,男生女生用的?[比心][比心][比心][比心][比心][比心][比心][比心],1,该用户是在询问产品是否区分性别适用群体，并附加以高频率的比心表情表达积极关注或潜在购买意向。
weixue0806,美容护肤,妆前那款,1,该用户是在询问直播中提到的某款妆前产品的具体信息或购买链接。
weixue0806,美容护肤,哪个油比较好,1,该用户想询问直播间推荐的几款油类产品中哪一款更适合自己或效果更优。
weixue0806,美容护肤,有隔离吗,1,该用户是在询问直播间是否有售卖隔离霜产品。
weixue0806,美容护肤,还生吗?,0,该用户可能在询问主播展示的产品是否还有库存或能否继续补货。
weixue0806,美容护肤,这个防晒霜真的很好用,1,该用户可能是在分享个人使用体验，暗示对产品效果满意并存在潜在购买意愿。
weixue0806,美容护肤,能讲一下眼油吗,1,该用户想询问主播详细介绍眼部精华油的功效或使用方法。
weixue0806,美容护肤,小雪你的皮肤好好,0,该用户可能是在夸赞主播的皮肤状态，并暗示对主播使用的护肤品或保养方法感兴趣。
weixue0806,美容护肤,我今天用了好用,0,该用户想表达的含义是：对直播中提到的某款产品（可能是防晒霜或其他护肤品）的使用效果表示满意和认可。
weixue0806,美容护肤,会有美白效果对吗?,1,该用户是在确认产品是否具备美白功效，表现出对产品功能的关注和潜在的购买意向。
weixue0806,美容护肤,孕妇能用么?,1,该用户是在询问直播中推荐的产品是否适合孕妇使用，以确认其安全性或适用性。
weixue0806,美容护肤,水光面霜,1,该用户可能是在询问主播能否推荐或详细介绍直播间提到的水光面霜产品。
weixue0806,美容护肤,哎呦美颜真好啊,0,该用户是在调侃或讽刺主播的美颜效果过于明显，可能暗示对产品真实效果的怀疑或对直播呈现方式的不信任。
weixue0806,美容护肤,有眼膜推荐吗,1,该用户想表达的含义是：询问直播间是否有适合自己使用的眼膜产品推荐。
weixue0806,美容护肤,怎么用拍完啦,1,该用户想表达的含义是：商品这么快就卖完了吗？
weixue0806,美容护肤,"姐,面膜",1,该用户可能是想询问主播关于面膜的具体信息或推荐适合的产品。
weixue0806,美容护肤,真的好用吗,1,"该用户想表达的含义是：对产品实际效果存在疑虑，希望主播或他人提供真实使用反馈以判断是否值得购买。  （结合前文弹幕中频繁出现的具体产品功能询问（如""卡粉""""美白效果""）和同类好评（如""防晒霜很好用""），可推断用户处于对比决策阶段，需进一步确认产品口碑。）"
weixue0806,美容护肤,油讲一下区别,1,该用户想询问主播详细讲解不同种类护肤油（如眼油、面油等）的功效或使用区别。
weixue0806,美容护肤,用了水光霜还用防晒吗?,1,该用户想询问使用水光霜后是否还需要叠加防晒产品，可能对护肤步骤的搭配存在疑惑。
weixue0806,美容护肤,儿子不能讲话吗,0,该用户可能在询问主播或直播中的某位参与者（如产品展示者）为何不主动介绍产品详情或互动答疑。
weixue0806,美容护肤,干皮脫皮的能用嗎,1,该用户想询问这款产品是否适合干燥脱皮肌肤使用。
weixue0806,美容护肤,涂上会白一点不雪,0,该用户是在询问这款产品涂抹后是否能达到明显的美白效果。
weixue0806,美容护肤,有好用的补水面膜吗,1,该用户是在询问直播间是否有值得推荐的补水功效的面膜产品，表现出对护肤品类目的明确需求和购买意向。
weixue0806,美容护肤,脸掉皮用什么,1,该用户可能在询问针对脸部脱皮问题的护肤产品推荐或解决方法。
weixue0806,美容护肤,姐姐后背有豆印怎么弄,0,该用户想询问主播如何改善背部痘印问题，可能对相关护肤产品有购买意向。
weixue0806,美容护肤,有眼油吗,1,该用户是在询问直播间是否有眼部护理精油产品。
weixue0806,美容护肤,小金砖油皮可以用吗,1,该用户想询问这款产品是否适合油性皮肤使用。
weixue0806,美容护肤,睡衣好看谁家的,1,该用户想表达的含义是：询问主播身上穿的睡衣品牌并表现出购买意向。
weixue0806,美容护肤,那个油,1,该用户想表达的含义是：询问主播刚才提到的护肤油产品的具体信息或使用体验。
weixue0806,美容护肤,孕妇可以用么,1,该用户是在询问直播中推荐的产品是否适合孕妇使用，以评估自己或他人购买后的适用性。
weixue0806,美容护肤,水乳有吗,1,该用户是在询问直播间是否有售卖水乳产品。
weixue0806,美容护肤,气垫用在防晒的后面吗,1,该用户是在询问气垫产品的使用顺序是否应该排在防晒步骤之后。
weixue0806,美容护肤,防晒霜是在最后一步用吗,1,该用户可能在询问防晒霜的正确使用步骤，担心与其他护肤品的顺序冲突。
weixue0806,美容护肤,讲讲眼油,1,该用户希望主播详细介绍眼部精油产品的功效或使用方法。
weixue0806,美容护肤,蜜雪冰城的什么,0,该用户可能在询问蜜雪冰城相关产品的具体推荐或功能特点。
weixue0806,美容护肤,香水都不留香的,0,该用户可能是在质疑或抱怨直播中推荐的香水产品持香时间不足，希望主播能解释或推荐留香更久的款式。
weixue0806,美容护肤,涂完防晒可以直接擦粉底吗,0,该用户是在询问防晒霜和粉底液的使用顺序是否可以直接衔接，担心两者叠加会产生搓泥或影响妆效的问题。
weixue0806,美容护肤,那个胶原灌注面膜还有没有啊[捂脸],1,该用户急切询问胶原灌注面膜是否仍有库存，并透露出对该产品的强烈购买意愿。
weixue0806,美容护肤,好美好美好美好美好美好美好美,0,该用户想表达的含义是：对直播中展示的某款产品外观或效果感到非常惊艳和喜爱。
weixue0806,美容护肤,想听14号怎么样,1,该用户想询问主播关于14号产品的具体介绍或使用效果。
weixue0806,美容护肤,"姐：推荐下减肥的,最近又胖了",1,该用户希望主播推荐适合减肥的产品或方法，暗示有明确的购买意向。
weixue0806,美容护肤,来看美女了,0,该用户主要是在轻松调侃主播的外貌，而非表达明确的购物意向。
weixue0806,美容护肤,润唇膏,1,该用户可能是在询问直播间是否有润唇膏产品推荐或想了解相关使用信息。
weixue0806,美容护肤,白瓷娃娃能用吗,1,该用户是在询问产品“白瓷娃娃”是否适合自己肤质或使用需求。
weixue0806,美容护肤,身体乳哪个味道好?,1,该用户想询问直播间推荐的身体乳香型偏好或热门款式的气味特点。
weixue0806,美容护肤,男生女生用的[比心][比心][比心][比心][比心][比心][比心],1,该用户可能是在询问某款产品是否同时适合男女使用，并用表情符号表达对产品的喜爱或期待推荐。
weixue0806,美容护肤,喝的蜜雪什么呀,0,该用户想询问蜜雪冰城具体售卖的是哪款饮品或产品。
weixue0806,美容护肤,今天喝的什么,0,该用户可能是想询问主播正在饮用的蜜雪冰城饮品具体是哪一款。
weixue0806,美容护肤,姐姐油皮油皮可以用不,1,该用户想询问主播推荐的产品是否适合油性皮肤使用。
weixue0806,美容护肤,12号链接有活动?,1,该用户想询问12号商品链接是否有促销优惠或特殊活动。
weixue0806,美容护肤,"雪,项链",1,该用户可能是在询问主播展示的某款雪（白色/银色）色系项链的详情或购买方式。
weixue0806,美容护肤,乳液推荐下呗,1,该用户想表达的含义是：希望主播能推荐一款适合自己使用的乳液产品。
weixue0806,美容护肤,油哪个好用,1,该用户想询问主播推荐一款适合自己需求的护肤油产品。
weixue0806,美容护肤,我也在边缘试探了,0,该用户想表达的含义是：我对某个产品有点心动但还在犹豫要不要下单。  （结合前文弹幕中频繁出现的产品咨询、使用反馈和购买意向，如“面膜还有没有”“12号链接有活动”等，可推断“边缘试探”是用户用调侃语气表达对某商品的潜在购买兴趣，但尚未完全下定决心。）
weixue0806,美容护肤,你喝的是雪顶咖啡吗,0,该用户可能是在询问主播正在饮用的产品是否为雪顶咖啡，以此间接表达对该饮品的兴趣或好奇。
weixue0806,美容护肤,哪个瘦脸面膜,1,该用户想询问主播推荐或介绍直播间提到的瘦脸面膜产品。
weixue0806,美容护肤,大爱,0,该用户想表达的含义是：对当前展示的产品或主播的表现非常喜爱和赞赏。
weixue0806,美容护肤,喝雪王,0,该用户可能在询问主播正在饮用的蜜雪冰城饮品具体是哪一款。  （结合前文“喝的蜜雪什么呀”“今天喝的什么”“你喝的是雪顶咖啡吗”等弹幕，直播间语境明显围绕饮品讨论，且“雪王”是蜜雪冰城的昵称，用户意图指向对主播饮用产品的兴趣或好奇。）
weixue0806,美容护肤,眼油可以去除黑眼圈吗,1,该用户是在询问眼油产品是否具有消除黑眼圈的功效，表现出对产品功能的关注和潜在的购买意向。
weixue0806,美容护肤,有助理吗,0,该用户可能在询问直播间是否有客服或工作人员可以协助解答产品相关问题。
weixue0806,美容护肤,妆前乳液推荐一个,1,该用户希望主播能针对妆前乳液的品类推荐一款适合自己使用的产品。
weixue0806,美容护肤,上面膜[比心][比心][比心],1,该用户想表达的含义是：询问主播正在展示的面膜产品信息或表示对这款面膜感兴趣。
weixue0806,美容护肤,两半的那个,0,该用户可能在询问主播展示的某款商品是否包含可分开使用的两部分设计（比如分装容器、双头产品等）。
weixue0806,美容护肤,胶原蛋白,1,该用户可能是在询问直播间推荐的胶原蛋白产品或咨询其适用性及功效。
weixue0806,美容护肤,有的东西清洁毛孔是真的可以吗,0,该用户可能是在询问直播中推荐的清洁毛孔产品是否真的有效，表现出对产品功能的兴趣和求证心态。
weixue0806,美容护肤,用了防晒还要涂隔离吗,1,该用户可能在询问防晒和隔离产品的使用步骤，想确认是否需要叠加使用这两种护肤品，表现出对美妆流程的实用需求。
weixue0806,美容护肤,雪姐好美,0,该用户是在夸赞主播的外貌，表达对主播的喜爱和关注，但并未直接表现出对商品的购买兴趣。
weixue0806,美容护肤,美白虽然他,0,该用户可能想询问美白产品是否适合特定肤质或使用场景，但表达不完整。
weixue0806,美容护肤,买了口红,0,该用户想表达自己已经下单购买了直播中推荐的口红产品。
weixue0806,美容护肤,可以讲一下护肤流程吗,0,该用户想了解主播推荐的护肤步骤和产品搭配建议。
weixue0806,美容护肤,四季精油和小金砖怎么选?,1,该用户想表达的含义是：在四季精油和小金砖两款产品之间犹豫不决，希望主播能给出选购建议。
weixue0806,美容护肤,我想看看你的衣服,1,该用户对主播的服装款式产生了兴趣，希望主播展示或详细介绍所穿的衣服。
weixue0806,美容护肤,灌肤的那个,1,该用户可能在询问直播间推荐的灌肤产品或相关护肤步骤。
weixue0806,美容护肤,微刺什么好用,1,该用户想询问直播间推荐的微针美容产品中哪款效果更好。
weixue0806,美容护肤,有祛痘印的产品吗,1,该用户是在询问直播间是否有能改善痘印问题的护肤产品，表现出对特定功效产品的明确需求。
weixue0806,美容护肤,喝的啥,0,该用户可能是对主播正在展示或饮用的产品产生兴趣，想询问具体饮品名称或成分以便进一步了解购买。
weixue0806,美容护肤,喝的什么?姐姐,0,该用户是在询问主播正在饮用的饮品名称或品牌，可能是出于对产品的兴趣或想参与互动。
weixue0806,美容护肤,大师面膜真不错熬夜垮脸急救,0,该用户想表达的含义是：对主播推荐的“大师面膜”产品表示认可，认为其针对熬夜导致的皮肤问题有显著改善效果。
weixue0806,美容护肤,"面霜,面霜面霜",1,该用户急切想了解或购买主播正在介绍的面霜产品。
weixue0806,美容护肤,"每天都来蹲唇膏,一次没蹲到[捂脸][捂脸][捂脸][捂脸]",0,该用户想表达的含义是：持续关注直播间却一直没能抢到心仪的唇膏产品，感到既遗憾又无奈。
weixue0806,美容护肤,干皮脫皮能用嗎,1,该用户是在询问这款产品是否适合干燥脱皮的肌肤使用。
weixue0806,美容护肤,淡斑面膜有吗,1,该用户想表达的含义是：询问直播间是否售卖具有淡斑功效的面膜产品。  （结合前文弹幕中频繁出现护肤类产品讨论（如美白、祛痘印、急救面膜等），可推断用户关注点聚焦在功能性护肤品，且语境中隐含对产品实际效果的明确需求。）
weixue0806,美容护肤,有水吗?,1,该用户可能在询问直播间是否有售卖或推荐补水相关的产品。
weixue0806,美容护肤,眼油真的能除皱吗,1,该用户是在询问眼部精华油的抗皱功效是否真实有效，表现出对产品功能的关注和潜在的购买意向。
weixue0806,美容护肤,功效型面膜,1,该用户可能是在询问或对直播间推荐的具有特定护肤功效（如美白、祛痘、保湿等）的面膜产品感兴趣。
weixue0806,美容护肤,有颈纹霜么,1,该用户是在询问直播间是否有针对颈部皱纹的护肤产品，表现出对相关商品的购买兴趣和需求。
weixue0806,美容护肤,上次买了眼油可以去除黑眼圈吗,1,该用户想确认之前购买的眼油产品是否具有消除黑眼圈的功效。
weixue0806,美容护肤,4号还有吗?,1,该用户是在询问直播间是否还有4号商品库存。
weixue0806,美容护肤,涂抹面膜,1,该用户可能是在询问主播是否有推荐或介绍涂抹式面膜产品。
weixue0806,美容护肤,10买了怎么用,1,该用户是在询问自己刚购买的某款产品（可能是10号商品）的具体使用方法。
weixue0806,美容护肤,之前的胶原灌注面膜还有没有[捂脸],1,该用户是在询问之前推荐过的胶原灌注面膜是否还有库存，并流露出因担心缺货而产生的急切和担忧情绪。
weixue0806,美容护肤,淡斑淡斑淡斑淡斑面膜,1,该用户急切地询问直播间是否有淡斑面膜产品，并表现出强烈的购买意愿。
weixue0806,美容护肤,"可以撕的那个面膜,给脸上涂的那个",1,该用户想询问的是“可剥离式涂抹面膜”这款产品的具体信息或购买方式。
weixue0806,美容护肤,胶原灌注,1,该用户可能在询问直播间是否有之前提过的胶原灌注面膜或相关产品。
weixue0806,美容护肤,男朋友是他的助理吗,0,该用户可能在询问主播与旁边人员的亲密关系，暗示对主播个人生活的好奇而非产品兴趣。
weixue0806,美容护肤,唇部精华要一直涂吗,1,该用户可能是在询问唇部精华是否需要长期持续使用才能维持效果。
weixue0806,美容护肤,"防晒,小孩可以用吗?",1,该用户想询问这款防晒产品是否适合儿童使用，表现出对产品适用性的具体关注和潜在的购买意向。
weixue0806,美容护肤,口红几号链接,1,该用户是在询问主播口红的购买链接编号，表明对产品有明确购买意向并希望快速下单。
weixue0806,美容护肤,耳钉有卖吗,1,该用户是在询问直播间是否有耳钉这款商品在售，表现出明确的购买意向。
weixue0806,美容护肤,那个胶原蛋白面膜,1,该用户想询问直播间是否有售卖胶原蛋白面膜这款产品。
weixue0806,美容护肤,身体乳什么闻到好?,1,该用户是在询问身体乳的香味类型是否好闻或适合自己。
weixue0806,美容护肤,好喜欢你哦[比心][比心][比心][比心][比心][比心][比心][比心][比心],0,该用户想表达的含义是：对主播或产品表示高度喜爱和热情支持，但并未直接体现明确的购买意向。
weixue0806,美容护肤,灌肤那个,1,该用户想询问直播间是否有介绍或销售“灌肤”相关的产品或护肤步骤。
weixue0806,美容护肤,想要洗衣液,1,该用户表达了对洗衣液产品的明确购买意向。
weixue0806,美容护肤,能讲一下沐浴露吗?,1,该用户想询问沐浴露的具体信息，可能是对其功效、成分或使用方式产生了购买兴趣。
weixue0806,美容护肤,补水面膜、我泛红,1,该用户可能在询问是否有适合敏感肌（泛红症状）使用的补水面膜产品。
weixue0806,美容护肤,嘴上擦的什么,1,该用户想询问主播正在使用的口红色号或唇部产品名称。
weixue0806,美容护肤,1919,0,该用户可能在询问商品编号为1919的产品信息或库存情况。
weixue0806,美容护肤,"是小视频的话,我就点赞了",0,该用户想表达的含义是：如果是短视频内容我会点赞支持，但对当前直播产品没有明确的购买兴趣。
weixue0806,美容护肤,唇部精华油,1,该用户可能是在询问主播当前展示或提到的唇部精华油产品的详情或购买链接。
weixue0806,美容护肤,已拍好几单,0,该用户想表达的含义是：我已经下单购买了多件商品。  （结合前文弹幕中频繁出现的产品询问和购买意向，该用户的行为符合直播间内其他观众对商品的关注和消费冲动，表明其已实际完成购买行为。）
weixue0806,美容护肤,这个口红有吗?,1,该用户想询问直播间是否售卖当前展示的口红产品。
weixue0806,美容护肤,美白祛斑面膜,1,该用户可能是在询问或表达对直播间提到的美白祛斑面膜产品的兴趣，想了解详情或购买链接。
weixue0806,美容护肤,夏天涂油霜可以吗?,1,该用户是在询问当前推荐的面霜产品是否适合夏季使用，隐含对产品功效或肤感的潜在购买顾虑。
weixue0806,美容护肤,什么眉笔,1,该用户可能在询问直播间推荐的眉笔产品具体信息或购买链接。
weixue0806,美容护肤,美瞳呢,1,该用户是在询问直播间是否有售卖美瞳产品。
weixue0806,美容护肤,刚刚口红,1,该用户想表达的含义是：询问主播刚才展示的口红色号或购买链接。  （结合前文高频出现的口红、唇部产品相关提问，以及“几号链接”“有吗”等购物导向句式，可推断用户意图为追询产品信息，动机明确指向购买需求。）
weixue0806,美容护肤,姐祛痘膏,1,该用户想询问主播是否有推荐或正在介绍的祛痘膏产品，并可能对购买感兴趣。
weixue0806,美容护肤,2号是一支一支的吗,1,该用户是在询问商品编号2的产品是否为独立包装的单支装形式。
weixue0806,美容护肤,"姐姐,喝的蜜雪什么?",0,该用户是在询问主播正在饮用的蜜雪冰城饮品的具体品类，可能出于好奇或潜在的购买兴趣。
weixue0806,美容护肤,有眼贴吗,1,该用户是在询问直播间是否有售卖眼部护理产品（眼贴）。
weixue0806,美容护肤,洗脸奶有吗,1,该用户是在询问直播间是否有洁面乳产品出售。
weixue0806,美容护肤,韩束美白面膜好用[666],1,该用户想表达的含义是：对韩束美白面膜的效果表示认可并可能产生购买意向。
weixue0806,美容护肤,淡斑淡斑淡斑淡斑淡斑淡斑,1,该用户迫切想了解或购买直播间提到的美白祛斑类产品。
weixue0806,美容护肤,"洗面奶,雪姐",1,该用户可能在询问主播关于某款洗面奶的详细信息或购买方式，并称呼主播为“雪姐”以示亲近或确认身份。
weixue0806,美容护肤,假睫毛自己贴吗,1,该用户想询问假睫毛是否需要自行粘贴，可能对产品使用方式存在兴趣或疑虑。
weixue0806,美容护肤,你知道好多仿版打着你的旗号吗?,0,该用户可能是在提醒主播注意市场上存在大量假冒产品，暗示对正品的关注和担忧。
weixue0806,美容护肤,防晒防水吗姐,1,该用户是在询问产品是否具备防晒和防水的功能。
weixue0806,美容护肤,妆前乳液有没有,1,该用户是在询问直播间是否有售卖妆前乳产品。
weixue0806,美容护肤,今天上嘛,0,该用户是在询问主播今天是否会推出或展示某款产品（可能是之前讨论过的品类如口红、面膜等）。
weixue0806,美容护肤,唇油几号,1,该用户是在询问主播当前展示或推荐的唇油产品具体对应哪个色号或型号。
weixue0806,美容护肤,口红是哪个,1,该用户是在询问主播正在介绍或展示的口红色号或产品名称。
weixue0806,美容护肤,洗衣液,1,该用户可能在询问直播间是否有洗衣液产品上架或推荐。
weixue0806,美容护肤,水肿眼袋怎么去,0,该用户可能在询问直播间是否有针对消除水肿眼袋的产品推荐或相关美容方法。
weixue0806,美容护肤,精华推荐一个,1,该用户是在询问主播能否推荐一款好用的精华产品。
weixue0806,美容护肤,我买了唇膏和油确实好用,1,该用户想表达的是：之前购买的唇膏和护肤油使用效果很好，对产品表示满意和认可。
weixue0806,美容护肤,口红推荐一下,1,该用户希望主播能针对口红产品给出具体的款式或色号推荐。
weixue0806,美容护肤,喝的蜜雪冰城啥,0,该用户想询问主播喝的蜜雪冰城具体是哪款产品。
weixue0806,美容护肤,收缩毛孔的,1,该用户想询问直播间是否有收缩毛孔功效的产品。
weixue0806,美容护肤,颈霜颈霜颈霜颈霜颈霜颈霜颈霜颈霜,1,该用户强烈表达对颈霜产品的关注和购买意向，可能是希望主播详细介绍或推荐相关产品。
weixue0806,美容护肤,喝的是什么??姐姐,0,该用户是在询问主播正在饮用的产品名称或品牌，可能是出于好奇或潜在的购买兴趣。
weixue0806,美容护肤,粉底有推荐吗,1,该用户是在询问主播是否有值得推荐的粉底产品，表现出对购买粉底液的潜在兴趣。
weixue0806,美容护肤,五号链接面膜几天用一次,1,该用户是在询问五号链接面膜的使用频率，表现出对产品具体使用方法的关注和潜在的购买意向。
weixue0806,美容护肤,有没有祛痘膏,1,该用户是在询问直播间是否有祛痘产品推荐或售卖。
weixue0806,美容护肤,紧致美白面膜,1,该用户可能是在询问或暗示对具有紧致和美白功效的面膜产品感兴趣。
weixue0806,美容护肤,美瞳美瞳美瞳美瞳美瞳美瞳美瞳美瞳美瞳美瞳美瞳美瞳美瞳美瞳美瞳美瞳美瞳美瞳美瞳美瞳美瞳美瞳美瞳美瞳美瞳,1,该用户想表达的含义是：强烈询问或催促主播介绍或上架美瞳产品。  （解析：用户通过高频重复“美瞳”表达急切需求，可能是对当前直播未提及该产品的焦急提醒，或对已展示美瞳的强烈兴趣，需主播优先回应。）
weixue0806,美容护肤,双眼皮是做的吗??,0,该用户可能是对主播的双眼皮效果产生兴趣，想确认是否为手术成果以便参考类似美容方式。
weixue0806,美容护肤,粉底推荐一下呗,1,该用户是在主动寻求主播针对粉底产品的具体推荐建议，表现出明确的购买意向和决策需求。
weixue0806,美容护肤,油皮可以用链接3吗,1,该用户是在询问产品链接3的商品是否适合油性皮肤使用，表现出对特定产品的购买意向和适配性关注。
weixue0806,美容护肤,要10要10要10要10要10要10,1,该用户急切地表示想要大量购买当前直播中正在介绍的商品（可能是通过重复数字强调数量）。
weixue0806,美容护肤,有洗面奶吗,1,该用户是在询问直播间是否有洗面奶产品可供购买或推荐。
weixue0806,美容护肤,油皮用的精华,1,该用户想询问适合油性皮肤使用的精华产品推荐。
weixue0806,美容护肤,有祛痘印的产品吗有祛痘印的产品吗有祛痘印的产品吗有祛痘印的产品吗有祛痘印的产品吗,1,该用户急切地询问直播间是否售卖针对痘印修复功能的护肤产品，表现出明确的购买需求和强烈关注。
weixue0806,美容护肤,拍了你用的唇膏,0,该用户想表达的含义是：我已经下单购买了主播推荐的这款唇膏。  （结合前文弹幕中“我买了唇膏和油确实好用”的正面反馈，以及直播间以美妆产品讨论为主的语境，“拍了”是电商常用下单黑话，表达明确的购买行为，且隐含对主播推荐的认可。）
weixue0806,美容护肤,讲一下精华液,1,该用户想表达的含义是：希望主播详细介绍精华液产品的功效或使用方法。  （结合前文弹幕中频繁出现的护肤品类提问（如“油皮用的精华”“收缩毛孔的”）以及直接的产品推荐需求，可推断用户对精华液有明确兴趣，可能是想了解适合自己肤质的具体推荐或使用建议。）
weixue0806,美容护肤,口红是什么品牌色号[比心],1,该用户想表达的含义是：询问主播展示的口红具体品牌和色号，并带有积极互动意愿。
weixue0806,美容护肤,喝的是蜜雪冰城的啥,0,该用户是在询问主播正在饮用的蜜雪冰城饮品的具体名称或品类。
weixue0806,美容护肤,喝的蜜雪冰城啥?,0,该用户是在询问主播正在饮用的蜜雪冰城饮品的具体名称或口味。
weixue0806,美容护肤,面霜推荐一款,1,该用户想表达的含义是：希望主播能针对面霜产品进行具体推荐或介绍。  （结合前文弹幕语境，直播间讨论集中在护肤美妆产品的咨询和推荐，用户提问风格直接且需求明确，因此该弹幕属于典型的购买兴趣表达，意图获取适合自己需求的面霜产品信息。）
weixue0806,美容护肤,面霜面霜面霜面霜面霜面霜面霜面霜面霜面霜面霜面霜面霜面霜面霜面霜,1,该用户急切希望主播推荐或详细介绍面霜产品，可能是对当前讨论的护肤品类有强烈兴趣或需求。
weixue0806,美容护肤,6号讲解,1,该用户希望主播详细讲解6号链接对应的产品信息或使用方式。
weixue0806,美容护肤,10号链接,1,该用户想表达的是“我想要购买10号链接的商品”。  （结合前文“要10要10要10”的重复刷屏式表达，以及直播间的购物导向语境，用户通过简洁的“10号链接”直接指向商品编号，明确传递购买意向。）
weixue0806,美容护肤,精油精油精油精油精油精油,1,该用户可能在强烈催促主播讲解或上架精油产品，表现出急切想了解或购买的意愿。
weixue0806,美容护肤,祛斑的有吗,1,该用户是在询问直播间是否有祛斑类产品出售，表现出对相关产品的潜在购买需求。
weixue0806,美容护肤,法令纹深了,0,该用户可能在询问是否有改善法令纹的护肤产品或相关解决方案。
weixue0806,美容护肤,鼻子黑头怎么弄,0,该用户可能是在询问直播间是否有去黑头产品或相关护肤方法的推荐。
weixue0806,美容护肤,推荐下面膜,1,该用户希望主播推荐当前正在介绍或即将介绍的面膜产品。
weixue0806,美容护肤,是真有用啊哈哈哈哈哈[捂脸],0,该用户想表达的含义是：对产品效果感到惊喜并认可，同时以轻松调侃的语气表达兴奋情绪。
weixue0806,美容护肤,能做姐的切片吗,0,该用户可能是希望主播将直播内容剪辑成短视频片段以便后续观看或分享。
weixue0806,美容护肤,有去眼袋的没有啊,1,该用户可能在询问直播间是否有针对改善眼袋问题的护肤产品，并表现出对该类产品的潜在购买兴趣。
weixue0806,美容护肤,补水的面膜,1,"该用户想表达的含义是：询问直播间是否有保湿功效的面膜产品推荐。  （结合前文弹幕高频出现的护肤品类提问（如精华、面霜、祛痘印等）以及直接提及""推荐下面膜""的语境，可推断用户关注点明确，且""补水""为具体功能需求，属于典型的购买意向类提问。）"
weixue0806,美容护肤,油精华面霜,1,该用户可能在询问或要求主播推荐适合油性皮肤使用的精华或面霜产品。
weixue0806,美容护肤,韩国很疼很疼的面膜可以用吗?,1,"该用户想询问这款韩国面膜是否适合自己使用，隐含对产品功效或适用性的疑虑。  （解析：结合前文弹幕中频繁出现的产品咨询和护肤需求，尤其是""推荐下面膜""""补水的面膜""等同类提问，可推断用户关注点集中在面膜功能上；""很疼很疼""可能指代用户听闻的刺激性反馈，需确认安全性或适用肤质。整体语境体现直播间的产品答疑氛围，用户动机是寻求针对性使用建议。）"
weixue0806,美容护肤,皮肤暗黄,0,该用户想表达的含义是：询问是否有针对肤色暗沉问题的护肤产品或解决方案。
weixue0806,美容护肤,10号有没付款的吗[捂脸],0,该用户可能是想询问是否有其他观众还未支付10号商品的订单，并对此表示无奈或调侃。
weixue0806,美容护肤,日常面膜,1,该用户是在询问直播间是否有适合日常使用的面膜推荐。
weixue0806,美容护肤,那个灌注面膜,1,该用户想询问主播正在介绍的灌注面膜的具体信息或购买方式。  （结合前文弹幕中频繁出现的护肤产品讨论，尤其是面膜相关提问（如“补水的面膜”“推荐下面膜”），可推断用户对当前讲解的面膜产生兴趣，试图通过简略表述快速获取产品链接或功能说明。）
weixue0806,美容护肤,"姐姐,推荐睫毛增长液不?",1,该用户是在询问主播是否有值得推荐的睫毛增长液产品，表现出对美妆类商品的潜在购买兴趣。
weixue0806,美容护肤,睡衣上链接,1,"该用户急切要求主播将展示的睡衣产品添加到购物链接以便购买。  （解析：结合前文弹幕高频出现具体产品需求（如面霜、面膜、精油）和直接催促上链接（如""10号链接""）的语境，可推断用户对当前讲解的睡衣产生兴趣，且习惯性用""上链接""这一直播购物常用表达催促购买。）"
weixue0806,美容护肤,那个胶原面膜有吗,1,该用户是在询问直播间是否有售卖胶原蛋白面膜产品，并可能对其功效或使用方法感兴趣。
weixue0806,美容护肤,"在快手上刷到韦雪切片买的油霜49.9是假的吧![捂脸][捂脸][捂脸]价格差这么多,还得在直播间买",0,该用户怀疑在快手看到的低价同款油霜是假货，认为直播间虽然价格更高但更可信。
weixue0806,美容护肤,"还送洗手液,一瓶可以兑10瓶",0,该用户想表达的含义是：这款产品附赠的洗手液性价比很高，稀释后能用很久。
weixue0806,美容护肤,回复下我咯,0,该用户可能是希望主播注意到自己的提问或需求，催促主播尽快回应自己之前的留言。
weixue0806,美容护肤,眼部怎么保养啊姐姐,0,该用户想表达的含义是：询问主播关于眼部护理产品的推荐或保养方法。
weixue0806,美容护肤,祛斑面膜,1,该用户可能在询问直播间是否有祛斑面膜产品，并对其功效或使用方法感兴趣。
weixue0806,美容护肤,美!!,0,该用户想表达的含义是：这款产品看起来效果很好，让人心动。
weixue0806,美容护肤,上美白面膜,1,该用户想表达的含义是：询问主播是否会上架美白功效的面膜产品。
weixue0806,美容护肤,泪沟怎么解决,0,该用户想表达的含义是：询问主播是否有针对泪沟问题的护肤产品或解决方案。
weixue0806,美容护肤,T区发黄暗沉怎么办,0,该用户想咨询改善面部T区肤色暗沉问题的护肤产品或解决方案。
weixue0806,美容护肤,祛眼袋有推荐吗,1,该用户是在询问主播是否有针对祛除眼袋问题的产品推荐，表现出对相关美容产品的具体需求和购买意向。
weixue0806,美容护肤,颈部霜说一下,1,该用户想表达的含义是：请主播详细介绍颈部护理霜的产品信息或使用效果。
weixue0806,美容护肤,黑眼圈[流泪],0,"该用户想表达的含义是：因黑眼圈问题感到困扰，希望主播推荐相关护肤产品或解决方案。  （结合前文弹幕中频繁出现的眼部护理需求（如""祛眼袋""""泪沟""""眼部保养""）及护肤品类讨论，可推断用户是在参与直播间护肤话题互动，通过表情符号强化诉求的迫切性。）"
weixue0806,美容护肤,气垫遮瑕,1,该用户可能在询问主播是否有推荐的气垫类遮瑕产品，或是想了解当前展示的气垫遮瑕产品的具体功效和适用性。
weixue0806,美容护肤,眼纹用什么,1,该用户想询问针对眼部皱纹的护肤产品或护理方法。
weixue0806,美容护肤,有没有祛痘的?,1,该用户是在询问直播间是否有推荐或售卖针对痘痘问题的护肤产品。
weixue0806,美容护肤,防晒顺序来一遍[比心][比心][比心],0,该用户希望主播详细讲解防晒产品的使用步骤，并表达了对该话题的积极关注。
weixue0806,美容护肤,防晒霜好用吗,1,该用户是在询问防晒霜的实际效果如何，隐含对产品功能的关注和潜在的购买意向。
weixue0806,美容护肤,上车啊,0,该用户想表达的含义是：催促主播尽快上架或开售当前讨论的产品。
weixue0806,美容护肤,法令纹,1,该用户想咨询改善法令纹的产品或护肤方法。
weixue0806,美容护肤,眼纹厉害用什么好,1,该用户想表达的含义是：询问针对明显眼部皱纹问题的产品推荐。  （结合前文弹幕多为护肤问题咨询的语境，用户聚焦于具体抗衰需求，且语气直接，隐含对解决方案的迫切性。）
weixue0806,美容护肤,祛斑的,1,该用户可能是在询问直播间是否有针对祛斑功效的产品推荐。
weixue0806,美容护肤,刚刚口红几号链接,1,该用户想询问刚才提到的口红对应的商品购买链接编号。
weixue0806,美容护肤,买了防晒,0,该用户想表达的含义是：已经下单购买了刚才提到的防晒产品。
weixue0806,美容护肤,身体美白有推荐吗,1,该用户是在询问是否有针对身体美白的产品推荐，表现出对相关护肤品的具体需求和购买意向。
weixue0806,美容护肤,你的口红用的哪一款,1,该用户想询问主播使用的口红品牌或色号以便自己购买同款。
weixue0806,美容护肤,淡斑面膜,1,该用户可能在询问直播间是否有淡斑面膜产品推荐或想了解相关功效信息。
weixue0806,美容护肤,抗皱补水,0,该用户可能在询问是否有针对抗皱和补水功效的护肤产品推荐。
weixue0806,美容护肤,不假白不搓泥的,0,该用户是在质疑某款产品的效果，担心其存在虚假宣传或使用后会出现搓泥的问题。
weixue0806,美容护肤,想要护肤品,1,"该用户是在询问直播间是否有适合自己需求的护肤品推荐。  （释义逻辑：结合前文弹幕多为具体护肤问题的咨询和产品询问，""想要""隐含对当前品类未明确覆盖的需求补充，属于主动寻求购买建议的意向表达。）"
weixue0806,美容护肤,胶原的,1,该用户想询问关于胶原蛋白产品的推荐或功效。
weixue0806,美容护肤,"美白,补水",1,该用户想表达的含义是：询问是否有同时具备美白和补水功效的护肤产品推荐。
weixue0806,美容护肤,精华油能讲吗,1,该用户想询问主播是否可以详细介绍精华油产品的功效或使用方式。
weixue0806,美容护肤,那个胶原灌注面膜有吗,1,该用户是在询问直播间是否有售卖胶原蛋白灌注面膜这款产品，表现出明确的购买意向和需求。
weixue0806,美容护肤,"祛痘,祛痘,祛痘",1,该用户急切想了解直播间推荐的祛痘产品信息，可能因多次提问未得到回应而重复强调需求。
weixue0806,美容护肤,大师面膜送的五片面膜什么功怎么用,1,该用户想询问赠送的五片面膜的具体功效和使用方法。
weixue0806,美容护肤,要10,1,该用户想表达的是“我要下单购买10件（产品）”。  （结合前文弹幕中频繁出现的护肤品类讨论和购买意向关键词如“买了防晒”“几号链接”，可推断“要10”是直接表达购买数量，可能是对主播提到的某款产品（如面膜、防晒等）的即时响应。）
weixue0806,美容护肤,说说精华吧,1,该用户想表达的含义是：希望主播详细讲解精华产品的功效和使用方法。
weixue0806,美容护肤,夏天的面霜,1,该用户想询问直播间是否有适合夏季使用的面霜产品推荐。
weixue0806,美容护肤,要10号要10号要10号要10号要10号要10号要10号要10号要10号,1,该用户急切地表达想要购买直播间正在推荐的10号产品（可能是口红或护肤品）。
weixue0806,美容护肤,11号,1,该用户想表达的含义是：询问或指定购买11号产品链接。
weixue0806,美容护肤,洗面奶推荐,1,该用户希望主播推荐适合自己使用的洗面奶产品。
weixue0806,美容护肤,灌注胶原蛋白面膜,1,该用户是在询问直播间是否有售卖胶原蛋白灌注面膜产品。
weixue0806,美容护肤,防晒防水吗姐防晒防水吗姐防晒防水吗姐,1,该用户急切想确认产品是否具备防晒和防水的功能特性。
weixue0806,美容护肤,雪雪的睫毛是真的吗,1,该用户是在询问主播“雪雪”的睫毛是否属于自然生长而非人工嫁接或假睫毛，可能对相关美妆产品产生兴趣。
weixue0806,美容护肤,本家姓诶,0,该用户可能是看到主播或产品相关的姓氏与自己相同，感到亲切并暗示对商品有兴趣。
weixue0806,美容护肤,能打瘦脸?,0,该用户想询问直播中介绍的产品是否具有瘦脸功效。
weixue0806,美容护肤,美白抗皱,0,该用户可能是在询问或表达对具有美白和抗皱功效的护肤产品的兴趣。
weixue0806,美容护肤,主播你得耳洞是几个呀,0,该用户可能是在对主播的外貌细节产生兴趣，试图通过询问耳洞数量来拉近距离或表达关注，而非直接体现购买意向。
weixue0806,美容护肤,姐姐有没有祛痘痘痘印的,1,该用户是在询问主播是否有针对痘痘和痘印问题的护肤产品推荐。
weixue0806,美容护肤,水光面膜怎么不上了,1,该用户是在询问为什么直播间不再推荐或展示之前提到的水光面膜产品。
weixue0806,美容护肤,今天的妆有用眼影吗,0,该用户可能是对主播的眼妆产品感兴趣，想询问使用的眼影品牌或色号以便购买。
weixue0806,美容护肤,功能性面膜,1,该用户可能是在询问主播是否有介绍或推荐具有特定功效（如补水、抗皱等）的面膜产品。
weixue0806,美容护肤,淡斑面膜[比心][比心][比心],1,该用户想表达的含义是：对这款淡斑面膜很感兴趣并表现出强烈的好感。
weixue0806,美容护肤,主播脖子上的貔貅好好看哦,1,该用户可能对主播佩戴的貔貅饰品产生了兴趣，暗示想了解或购买同款。
weixue0806,美容护肤,洗面奶?,1,该用户可能在询问主播是否有推荐或介绍洗面奶产品。
weixue0806,美容护肤,"练特别干,容易脱皮,用什么",1,该用户想表达的含义是：皮肤特别干燥容易起皮，询问应该使用什么产品来改善。
weixue0806,美容护肤,油面霜讲一下可以吗,1,"该用户想表达的含义是：希望主播详细介绍油性皮肤适用的面霜产品。  （结合前文弹幕中频繁提及护肤品类（如精华、面膜、洗面奶）及具体肤质需求（如“练特别干,容易脱皮”），可推断用户关注点在于产品功能适配性，且“油面霜”可能指向油皮专用或控油功效的面霜，语境中隐含明确的购买意向。）"
weixue0806,美容护肤,怎么祛痘印啊,0,该用户想表达的含义是：询问直播间是否有针对祛除痘印的产品推荐或相关护肤建议。
weixue0806,美容护肤,去斑面膜,1,该用户可能在询问主播是否有祛斑功效的面膜产品，并表达对该类产品的潜在购买兴趣。
weixue0806,美容护肤,很火的那个面膜,1,该用户想表达的含义是：询问直播间是否在售卖近期热门的那款面膜产品。
weixue0806,美容护肤,"16岁可以用什么,16岁可以用什么",1,该用户可能在询问适合16岁年龄段使用的护肤或化妆品推荐。
weixue0806,美容护肤,黑眼圈法令纹皮肤暗黄祛痘印,1,该用户想表达的含义是：询问是否有针对黑眼圈、法令纹、肤色暗沉和痘印问题的护肤产品推荐。
weixue0806,美容护肤,胶原蛋白灌注,1,该用户可能在询问主播是否有关于胶原蛋白补充或皮肤紧致提升功效的产品推荐。
weixue0806,美容护肤,防晒还要隔离吗,1,该用户想咨询防晒产品是否需要搭配隔离霜使用，可能对化妆步骤或产品功效存在疑惑。
weixue0806,美容护肤,遮瑕粉底液推荐一下,1,该用户希望主播能推荐一款适合遮盖瑕疵的粉底液产品。
weixue0806,美容护肤,需要卸装么,1,该用户想询问当前推荐的产品是否需要先卸妆再使用。
weixue0806,美容护肤,防晒霜好用,1,该用户是在认可并询问防晒霜的使用效果，可能有意向购买。
weixue0806,美容护肤,就差个粉底液了,1,该用户想表达的含义是：目前自己的化妆品只缺粉底液，正在考虑购买。
weixue0806,美容护肤,推荐一款适合夏天用的面霜,1,该用户希望主播根据夏季肤质特点推荐一款保湿清爽的面霜产品。
weixue0806,美容护肤,推荐口红…类同999的,1,该用户想表达的含义是：希望主播推荐一款颜色类似迪奥999的口红。  （解析：结合前文弹幕多为护肤美妆产品咨询，且目标弹幕提及具体色号“999”这一经典口红参照，可推断用户是在对比色号并寻求同类推荐。）
weixue0806,美容护肤,3号面膜怎么敷?,1,该用户可能是在询问3号面膜的具体使用方法或步骤，表现出对该产品的使用细节感兴趣。
weixue0806,美容护肤,"脸黄,松垮推荐面膜",1,该用户想表达的含义是：我的脸部肤色暗黄且皮肤松弛，能否推荐一款适合的面膜产品？
weixue0806,美容护肤,祛痘淡斑,1,该用户想表达的含义是：询问如何解决痘痘和色斑问题的护肤产品或方法。  （结合前文弹幕中高频出现的祛痘、淡斑、面膜等护肤需求，以及类似功能导向的提问风格，可推断用户的核心诉求是寻求针对性解决方案。）
weixue0806,美容护肤,有定妆粉饼嘛,1,该用户可能在询问直播间是否有特定美妆产品（定妆粉饼）可供购买或推荐。
weixue0806,美容护肤,12号讲讲,1,该用户想表达的含义是：希望主播详细介绍12号产品的功能或使用方式。
weixue0806,美容护肤,"姐,干皮还屏障受损用什么洗面奶啊",1,该用户想表达的含义是：询问针对干性敏感肌的洁面产品推荐。
weixue0806,美容护肤,"雪,能不能介绍下回头霜水光气垫?",1,该用户希望主播详细介绍一款名为“回头霜水光气垫”的彩妆产品的功能或使用效果。
weixue0806,美容护肤,4号洁面好用吗?,1,该用户是在询问4号洁面产品的实际使用效果，以判断是否值得购买。
weixue0806,美容护肤,介绍下油,1,该用户想询问主播详细介绍某款护肤油产品的功效或使用方法。
weixue0806,美容护肤,面膜美白,1,该用户可能是在询问或寻求推荐具有美白功效的面膜产品。
weixue0806,美容护肤,毛孔大用哪个?,1,该用户想询问针对毛孔粗大问题的护肤品推荐。
weixue0806,美容护肤,美瞳有没有,1,该用户想询问直播中是否有推荐或介绍美瞳产品的环节。
weixue0806,美容护肤,可以讲讲10号,1,该用户希望主播详细介绍直播间产品列表中编号为10号的那款商品。
weixue0806,美容护肤,用的什么口红这么润,1,该用户想询问主播口红的品牌或型号，因为对其滋润效果产生了兴趣。
weixue0806,美容护肤,wzj,0,"该用户可能在催促主播讲解或展示某个编号为""wzj""的产品。"
weixue0806,美容护肤,灌注面膜还有吗,1,该用户是在询问直播间是否还有“灌注面膜”这款产品的库存或现货。
weixue0806,美容护肤,有没有推荐的睫毛膏,1,该用户希望主播能针对睫毛膏产品给出具体的选购建议或推荐款式。
weixue0806,美容护肤,有淡化颈纹的吗?,1,该用户可能在询问直播间是否有能够改善颈部皱纹问题的产品推荐。
weixue0806,美容护肤,冰冰面膜,1,该用户可能是在询问或表达对名为“冰冰面膜”这款产品的兴趣，希望主播详细介绍或推荐。
weixue0806,美容护肤,那你只到韦梅林?,0,该用户可能在询问主播是否了解或推荐某个特定品牌或产品（如“韦梅林”），可能是打字错误或发音近似导致的名称偏差。
weixue0806,美容护肤,眼油一条能用几次,1,该用户想询问这款眼部精华油的单瓶使用次数，以评估其性价比和耐用性。
weixue0806,美容护肤,修复痘印面膜,1,该用户想询问直播间是否有能改善痘印问题的面膜产品。
weixue0806,美容护肤,20号,0,该用户想表达的含义是：希望主播详细介绍或展示20号产品。
weixue0806,美容护肤,今天咋这么漂亮[比心][比心],0,该用户是在夸赞主播今天的妆容或造型特别好看，表达了对主播外表的欣赏和喜爱。
weixue0806,美容护肤,洗面奶没有了,1,"该用户想表达的含义是：想了解当前直播推荐的洗面奶产品是否适合自己购买补充。  （结合前文高频出现的护肤品类提问和具体产品咨询的语境，可推断用户以""库存告急""为切入点，实质是询问产品功能或促销信息，属于隐性购买兴趣的表达）"
weixue0806,美容护肤,"请问毛孔粗大,用什么清洁比较好?",1,该用户想表达的含义是：针对毛孔粗大的皮肤问题，咨询直播间推荐哪种清洁产品更有效。
weixue0806,美容护肤,护肤流程,1,该用户想询问当前直播介绍的护肤品具体包含哪些步骤或流程。
weixue0806,美容护肤,10号怎么用,1,该用户是在询问直播间推荐的10号产品的具体使用方法。
weixue0806,美容护肤,胶原蛋白面膜!,1,该用户可能是想询问或确认直播间是否有胶原蛋白面膜这款产品，或对其功效和用法感兴趣。
weixue0806,美容护肤,"亲爱的,我防晒的涂上之后脸肿怎么回事?",0,该用户可能是在使用产品后出现过敏反应，想询问主播如何解决防晒霜导致的皮肤不适问题。
weixue0806,美容护肤,黑眼圈法令纹皮肤暗黄祛痘印有去这些的办法吗,1,该用户是在询问直播间是否有针对黑眼圈、法令纹、皮肤暗黄和痘印等肌肤问题的解决方案或推荐产品。
weixue0806,美容护肤,你怎么又变好看了,0,该用户是在夸赞主播的外貌变化，可能暗示对主播使用的产品或妆容风格产生了兴趣。
weixue0806,美容护肤,以前没觉得最近越来越喜欢你了买了好多产品,0,该用户想表达的含义是：近期对主播的推荐越来越认可，因此购买了不少产品。
weixue0806,美容护肤,10链接没有到了[捂脸],0,该用户想表达的含义是：10号产品的购买链接还没上架，感到有些无奈和着急。
weixue0806,美容护肤,讲一眼油,1,该用户想表达的含义是：请详细讲解一下这款眼油产品的功效和使用方法。
weixue0806,美容护肤,有美白的吗,1,该用户是在询问直播间是否有美白功效的产品。
weixue0806,美容护肤,灌注面膜还有?,1,该用户是在询问直播间是否还有“灌注面膜”这款产品在售。
weixue0806,美容护肤,"碳酸泡风很大,能做吗",1,"该用户可能是想询问""碳酸泡泡面膜是否适合自己肤质或当前护肤需求""。  （解析：结合前文高频出现的护肤产品咨询语境，""碳酸泡""应指近期流行的碳酸泡泡面膜，""风很大""暗示用户注意到该产品的营销热度，""能做吗""则是询问适用性，整体符合直播间观众主动寻求护肤建议的互动模式。）"
weixue0806,美容护肤,之前的油不卖了吗,1,该用户是在询问直播间之前推荐过的某款油类产品是否已经下架或不再销售。
weixue0806,美容护肤,有没有祛痘的?有没有祛痘的?有没有祛痘的?有没有祛痘的?有没有祛痘的?,1,该用户急切地询问直播间是否推荐祛痘产品，表现出明确的购买需求和重复强调的迫切心态。
weixue0806,美容护肤,两款油有啥区别呀?,1,该用户想表达的含义是：想了解两款护肤油的功效差异以便做出购买选择。
weixue0806,美容护肤,有没有推荐的眼线笔,1,该用户是在询问主播能否推荐一款适合自己使用的眼线笔产品，表现出对美妆产品的具体需求和购买意向。
weixue0806,美容护肤,买十号还是六号,1,该用户是在询问应该选择购买直播中提到的10号还是6号产品。
weixue0806,美容护肤,美白提亮,1,该用户可能在询问直播间是否有能够美白提亮肤色的产品推荐或相关功效介绍。
weixue0806,美容护肤,睫毛膏用的哪种?,1,该用户想询问主播正在使用的睫毛膏品牌或型号，可能有意向购买同款产品。
weixue0806,美容护肤,泪沟用什么,1,该用户想询问针对泪沟问题的护肤品推荐或解决方法。
weixue0806,美容护肤,美白面膜敷完洗掉吗,1,该用户想询问美白面膜的使用方法是否需要清洗，以确认产品使用步骤。
weixue0806,美容护肤,刷到胶原灌肤199真的假的?,1,该用户对直播间推荐的胶原灌肤产品价格和真实性产生疑问，想确认199元的优惠是否靠谱。
weixue0806,美容护肤,10号的作用讲一讲,1,该用户想表达的含义是：请详细介绍10号产品的功效和适用情况。
weixue0806,美容护肤,"刚加了个弟弟不会聊,雪姐教教我[看][比心]",0,该用户可能是在以轻松调侃的方式表达对主播的喜爱和互动意愿，试图通过幽默话题拉近距离，而非直接询问产品信息。
weixue0806,美容护肤,"推荐一下身体乳,腿上有鸡皮,还有黑眼圈很重",1,该用户想表达的含义是：希望主播针对自己皮肤干燥起鸡皮和黑眼圈问题推荐适用的身体护理产品。
weixue0806,美容护肤,变透明的那个变透明的那个变透明的那个变透明的那个变透明的那个变透明的那个,1,该用户急切询问主播之前提到的某款会变透明的产品（可能是护肤品或化妆品），可能是对产品效果感兴趣或想确认购买链接。
weixue0806,美容护肤,好多你的声音卖东西,0,该用户可能是在调侃或抱怨主播频繁用推销话术吸引观众购买商品。
weixue0806,美容护肤,1号有活动吗,1,该用户是在询问1号产品是否有促销优惠或特别活动。
weixue0806,美容护肤,眼油能讲一下吗?,1,该用户想询问主播是否能详细介绍关于眼部精华油的产品信息。
weixue0806,美容护肤,你有小号吗,0,该用户可能在询问主播是否有其他账号或分店可以关注购买同类产品。
weixue0806,美容护肤,修复痘印的面膜,1,"该用户想询问直播间是否有能够改善痘印问题的面膜产品。  （分析依据：前文弹幕中多次出现针对具体护肤需求的提问，如""祛痘""""美白""""泪沟""等，且句式多为直接询问产品功能或推荐，可见直播间观众倾向于获取针对性解决方案；当前弹幕延续了这一模式，聚焦""痘印修复""这一细分需求，属于明确的购买意向型提问。）"
weixue0806,美容护肤,11说说11,1,该用户可能是在催促主播详细讲解或展示编号为“11”的产品信息。
weixue0806,美容护肤,最牛面膜、三十多岁熬夜、用哪款,1,该用户想表达的含义是：自己三十多岁经常熬夜，询问主播推荐哪款面膜效果最好。
weixue0806,美容护肤,真的很信任你,0,该用户想表达对主播推荐产品的认可和信赖，暗示愿意根据主播的建议下单购买。
weixue0806,美容护肤,水光霜是哪个,1,该用户想询问直播中提到的“水光霜”具体是指哪一款产品，表现出对这款产品的兴趣和购买意向。
weixue0806,美容护肤,睫毛是嫁接的吗?还是贴的假睫毛呢?[比心],0,该用户是在询问主播使用的睫毛产品类型，表现出对睫毛美化方式的兴趣和潜在的购买意向。
weixue0806,美容护肤,鱼尾纹,1,该用户可能在询问主播推荐针对鱼尾纹的护肤产品或解决方案。
weixue0806,美容护肤,后背有痘印怎么去?,1,该用户想表达的含义是：询问如何解决后背痘印问题，可能是对相关护肤产品感兴趣或寻求推荐。
weixue0806,美容护肤,眉弓推荐做吗,1,该用户是在询问主播是否推荐进行眉弓整形或相关美容项目。
weixue0806,美容护肤,需要卸装不,1,该用户是在询问直播中提到的产品是否需要卸妆步骤。
weixue0806,美容护肤,祛斑猛的,1,该用户想表达的含义是：询问是否有强效祛斑的产品推荐。
weixue0806,美容护肤,有沐浴露吗,1,该用户是在询问直播间是否有售卖沐浴露产品，表达了对该类商品的潜在购买兴趣。
weixue0806,美容护肤,祛眼袋,1,该用户想询问主播是否有针对祛除眼袋的产品推荐或相关护肤建议。
weixue0806,美容护肤,海蓝之谜面霜有平替品吗?,1,该用户想表达的含义是：询问是否有性价比更高的替代产品可以替代海蓝之谜面霜。
weixue0806,美容护肤,遮瑕不脱妆粉底遮瑕不脱妆粉底遮瑕不脱妆粉底,1,该用户可能在急切询问或强调某款具有遮瑕且持妆效果的粉底产品，希望主播重点推荐或详细介绍。
weixue0806,美容护肤,打嘟嘟效果好吗?,1,该用户是在询问某款产品（可能是唇部或面部护理类）的实际使用效果如何。
weixue0806,美容护肤,脸上深层清洁用什么?推荐一下,1,该用户想表达的含义是：询问适合面部深层清洁的产品推荐，并表现出明确的购买意向。
weixue0806,美容护肤,洗面奶好多价格是不是你这里才是真的,0,该用户可能是在对比价格后，对直播间产品的真实性产生信任，认为这里的洗面奶价格更合理可信。
weixue0806,美容护肤,夏天适合用哪款面霜,1,该用户想询问主播推荐适合夏季使用的面霜产品。
weixue0806,美容护肤,总是冒痘痘怎么搞,0,该用户想表达的含义是：咨询改善频繁长痘问题的护肤产品或方法。  （结合前文弹幕中高频出现的护肤问题如“痘印”“深层清洁”“祛斑”等，可推断用户关注皮肤管理，且直播间主题偏向功能性护肤品推荐，因此该弹幕核心诉求是寻求解决方案而非单纯抱怨。）
weixue0806,美容护肤,美白面膜好用吗,1,该用户想询问这款美白面膜的实际使用效果是否理想，以评估是否值得购买。
weixue0806,美容护肤,10号还有吗,1,该用户是在询问直播间此前推荐过的某款商品（可能是10号链接或编号为10的产品）是否还有库存或会继续售卖。
weixue0806,美容护肤,冷白皮用的粉底有么,1,该用户是在询问直播间是否有适合冷白肤色使用的粉底产品。
weixue0806,美容护肤,沐浴露推荐哪个味道,1,该用户想表达的含义是：希望主播推荐一款适合自己喜好的沐浴露香型。
weixue0806,美容护肤,胶原灌注49真的假的,1,该用户对产品价格的真实性存疑，想确认直播间宣传的“胶原灌注49元”是否可信。
weixue0806,美容护肤,淡斑推荐什么?,1,该用户想询问直播间推荐哪些有效的淡斑产品或方法。
weixue0806,美容护肤,4号,1,该用户可能在询问直播间正在介绍或展示的4号产品（如护肤品、色号等）的相关信息或库存情况。
weixue0806,美容护肤,本家姓诶[比心][比心][比心][比心][比心][比心][比心][比心][比心][比心][比心][比心][比心][比心][比心][比心][比心][比心][比心][比心][比心][比心][比心][比心],0,该用户通过强调“本家姓”并附上大量比心表情，可能是想表达对主播或推荐产品的强烈认同与喜爱，暗示自己与主播有相同姓氏的亲近感，从而传递出较高的购买意愿或对商品的兴趣。
weixue0806,美容护肤,还是直播前拍,1,该用户想表达的是：我选择在直播开始前下单购买。
weixue0806,美容护肤,衣服好看,1,该用户可能是在观看直播时被展示的服装款式吸引，暗示对商品有审美认可或潜在的购买意向。
weixue0806,美容护肤,皮肤干敷什么面膜,1,该用户想咨询适合干燥肌肤使用的面膜产品推荐。
weixue0806,美容护肤,9号开过价了吗,1,该用户是在询问9号商品是否已经公布过价格，表现出对特定商品的购买意向和价格敏感度。
weixue0806,美容护肤,说一下6号,1,该用户想询问直播中提到的“6号”产品的具体信息或购买方式。  （结合前文语境，其他用户也在用编号询问产品，如“4号”“10号”“9号”，可见直播间正在按编号介绍商品，用户以简洁方式表达对特定商品的兴趣。）
weixue0806,美容护肤,祛痘的祛痘的,1,"该用户急切想了解直播间推荐的祛痘产品或解决方案。  （释义依据：结合前文弹幕中""总是冒痘痘怎么搞""的同类需求，以及该用户重复关键词的紧迫表达方式，可推断其核心诉求是寻求针对痘痘问题的产品推荐或解决方法。）"
weixue0806,美容护肤,6号6号6号6号6号6号6号6号6号6号6号6号6号6号6号6号6号6号6号6号6号6号6号6号6号,1,"该用户急切询问或强烈要求主播详细介绍/展示6号产品。  （释义依据：前文弹幕多为具体产品咨询，且存在""说一下6号""的直接铺垫，重复刷屏行为体现用户对6号产品的高度关注和购买意向）"
weixue0806,美容护肤,蒋欣用的那个面膜,1,该用户可能在询问主播展示的某款面膜产品信息，暗示对明星同款商品的购买兴趣。
weixue0806,美容护肤,12号,1,该用户想询问或确认直播中提到的12号产品是否有货或相关详情。
weixue0806,美容护肤,那个牌子直播的真的假的,0,该用户是在质疑直播间所售品牌的真实性，担心产品是否为正品或宣传是否可信。
weixue0806,美容护肤,颈霜有用吗,1,该用户可能在询问颈霜的实际效果以评估是否值得购买。
weixue0806,美容护肤,口红你用哪个,1,该用户想询问主播正在使用的口红色号或品牌，可能对购买同款产品感兴趣。
weixue0806,美容护肤,耳环有吗?,1,该用户是在询问直播间是否有耳环类商品在售或展示。
weixue0806,美容护肤,在你橱窗买的会不会有假,1,该用户是在质疑橱窗商品的真伪，担心购买到假货。
weixue0806,美容护肤,眼油说一下呗,1,该用户想表达的含义是：希望主播详细介绍关于眼油产品的信息。  （结合前文弹幕中频繁出现的产品询问和互动风格，用户显然是在主动寻求某一款产品的具体说明，表现出明确的购买兴趣或决策需求。）
weixue0806,美容护肤,14号面膜,1,该用户可能是在询问或指定购买直播间中编号为14号的面膜产品。
weixue0806,美容护肤,霜推荐一下,1,该用户想表达的含义是：希望主播推荐一款适合自己使用的面霜产品。  （结合前文弹幕中频繁出现的护肤品类提问（如面膜、颈霜、祛痘等）以及直接询问产品推荐（如“淡斑推荐什么”）的语境，可推断“霜”指代护肤品中的面霜，且用户动机是寻求购买建议。）
weixue0806,美容护肤,睡衣有吗,1,该用户是在询问直播间是否有睡衣类商品在售或展示。
weixue0806,美容护肤,气死姐了哈哈哈哈哈哈,0,该用户可能是在用夸张的语气表达对某件商品或直播内容的强烈兴趣或兴奋情绪，带有调侃式的喜爱意味。
weixue0806,美容护肤,"姐,你的项链真的换了又换",0,该用户可能是在调侃主播频繁更换项链搭配，暗示对主播的饰品更换频率感到有趣或好奇。
weixue0806,美容护肤,口红几号,1,该用户想询问主播正在展示或提到的口红具体色号是哪个。
weixue0806,美容护肤,以后我会替你喝,0,该用户可能是在以幽默或调侃的方式表达对主播推荐产品的信任和支持，暗示自己会代替主播尝试或使用某款产品（如饮料、护肤品等）。
weixue0806,美容护肤,胶纸很薄的脸适合用大师面膜吗,1,该用户是在询问面膜产品是否适合敏感薄皮肤质使用。
weixue0806,美容护肤,"姐姐,我这两天脸上起皮怎么办,从来没有过",0,该用户想表达的含义是：向主播咨询针对脸部起皮的护肤产品推荐或解决方法。  （结合前文弹幕中频繁出现的护肤类产品提问（如面膜、祛痘、颈霜等），用户可能因直播间的护肤主题而产生信任，试图通过描述自身皮肤问题来寻求针对性建议，隐含对相关产品的潜在购买兴趣。）
weixue0806,美容护肤,衣服有链接吗,1,该用户想询问直播中展示的服装商品是否有购买渠道或商品详情页链接。
weixue0806,美容护肤,有没有祛痘的?有没有祛痘的?有没有祛痘的?有没有祛痘的?有没有祛痘的?有没有祛痘的?有没有祛痘的?,1,该用户迫切想询问直播间是否有推荐或销售的祛痘产品，并因多次重复表达而显得需求强烈且急切。
weixue0806,美容护肤,"上次买了一个很猛的面膜,看见是你推荐的我就买了,上档了是假的[捂脸]",0,该用户想表达的含义是：之前因为信任主播推荐而购买的面膜实际是假货，感到失望和无奈。
weixue0806,美容护肤,洗面奶有么,1,该用户是在询问直播间是否有洗面奶产品可供购买。
weixue0806,美容护肤,你怎么一直舔嘴唇,0,该用户可能是在提醒主播注意仪态或表达对主播频繁舔嘴唇行为的不适感。
weixue0806,美容护肤,眼油一天能用几次,1,该用户想询问这款眼部护理产品的具体使用频率，表现出对产品功效和使用方法的关注。
weixue0806,美容护肤,口红好漂亮啊,1,该用户被口红的颜色或外观吸引，可能产生了试色或购买的意愿。
weixue0806,美容护肤,有去黑头的嘛,1,该用户是在询问直播间是否有推荐或售卖去黑头相关的护肤产品。
weixue0806,美容护肤,10号什么时候有,1,该用户想询问直播中提到的10号商品何时会再次上架或补货。
weixue0806,美容护肤,爽肤水?,1,该用户可能在询问直播间是否有推荐或介绍某款爽肤水产品。
weixue0806,美容护肤,胶原灌注面膜胶原灌注面膜,1,该用户可能是想询问或确认这款面膜的具体功效或使用方式，表达了对产品的关注和潜在购买意向。
weixue0806,美容护肤,什么口红这么润,1,该用户想表达的含义是：询问主播展示的口红色号或品牌，并对其滋润效果表示兴趣。
weixue0806,美容护肤,孕期水乳可以推荐吗,1,该用户是在询问适合孕妇使用的保湿护肤产品推荐，表现出明确的购买意向和对特定品类（孕期护肤品）的需求。
weixue0806,美容护肤,"姐,干皮还屏障受损用什么洗面奶啊.姐,干皮还屏障受损用什么洗面奶啊.姐,干皮还屏障受损用什么洗面奶啊",1,该用户急切寻求针对干性敏感肌的洗面奶产品推荐，通过重复提问强调自身皮肤问题的特殊性，表现出明确的购买咨询意向。
weixue0806,美容护肤,6号看下吧,1,该用户想表达的含义是：想了解6号产品的详细信息或试用效果。
weixue0806,美容护肤,收缩毛孔的水乳,1,该用户想表达的含义是：询问直播间是否有能改善毛孔问题的护肤水乳产品。
weixue0806,美容护肤,灌注的胶原蛋白面膜有没有?,1,该用户是在询问直播间是否有售卖含有灌注技术的胶原蛋白面膜产品。
weixue0806,美容护肤,总是冒痘痘,0,该用户可能在询问直播间是否有针对反复长痘问题的护肤产品推荐。
weixue0806,美容护肤,其他地方卖的面膜我真的不敢买,0,该用户想表达的含义是：相比其他渠道，我更信任你们直播间卖的面膜。
weixue0806,美容护肤,就护理剂,1,该用户想表达的含义是：询问直播间是否有售卖刚才提到的护理剂产品。
weixue0806,美容护肤,后背有痘怎么办[流泪],0,该用户想表达的含义是：询问直播间是否有针对背部痘痘的护肤产品或解决方案，并流露出对此问题的困扰和急切需求。
weixue0806,美容护肤,补铁有没有推荐,1,该用户是在询问主播能否推荐适合补铁的产品，表现出明确的购买需求和意向。
weixue0806,美容护肤,脖子里哪家的?,1,该用户是在询问主播推荐的颈部护理产品品牌或购买渠道。
weixue0806,美容护肤,"姐姐,推荐下油霜",1,该用户希望主播能针对油性皮肤推荐一款适合的面霜产品。
weixue0806,美容护肤,项链什么牌子,1,该用户是在询问直播中展示的项链品牌信息，表明对产品有进一步了解和潜在购买意向。
weixue0806,美容护肤,我今天也喝的这个,0,该用户想表达的含义是：我正在使用直播中推荐的这款饮品，对其表示认可或产生共鸣。
weixue0806,美容护肤,有没有唇釉,1,该用户是在询问直播间是否有唇釉产品可供购买或介绍。
weixue0806,美容护肤,10号链接还有吗,1,该用户是在询问10号商品链接的库存情况，表明对该产品有明确的购买意向。
weixue0806,美容护肤,你推荐的赫丝琴想,0,该用户想表达的含义是：询问主播推荐的赫丝琴品牌产品的具体信息或购买方式。
weixue0806,美容护肤,胶原胶原,1,该用户可能在询问或强调直播间提到的胶原蛋白相关产品（如面膜或其他护肤品），表达对其功效或购买方式的兴趣。
weixue0806,美容护肤,润唇膏[捂脸],1,"该用户可能是对当前展示的润唇膏产品感到心动或觉得效果惊艳，用[捂脸]表情表达了一种""被种草到无奈""的调侃式认可。"
weixue0806,美容护肤,想祛斑,1,该用户可能是在询问直播间是否有针对祛斑问题的护肤产品或解决方案，表现出对改善肌肤问题的具体需求。
weixue0806,美容护肤,额头黄,0,该用户可能在询问主播推荐的改善额头暗黄问题的护肤品或方法。
weixue0806,美容护肤,"胶原蛋白灌注面膜,胶原蛋白灌注面膜,胶原蛋白灌注面膜,胶原蛋白灌注面膜,胶原蛋白灌注面膜,胶原蛋白面",1,该用户可能是在急切询问或确认直播间是否有胶原蛋白灌注面膜这款产品，并表现出较强的购买意向。
weixue0806,美容护肤,替你喝,0,该用户可能是在调侃或附和主播推荐的产品（如饮品），表达自己愿意代替主播尝试或体验该商品的意思。
weixue0806,美容护肤,祛斑自由,0,该用户想表达的是对能够有效解决祛斑问题的产品或方法的强烈渴望。
weixue0806,美容护肤,"最近脸上特干,有点红了,用你家的什么",1,该用户想表达的含义是：因面部干燥泛红想咨询适合自己肤质的护肤品推荐。
weixue0806,美容护肤,两百边脸蛋干燥卡粉用什么?,1,该用户想询问适合脸部干燥、容易卡粉的护肤产品推荐。
weixue0806,美容护肤,角质很薄的脸有点脆弱皮肤适合用大师面膜吗,1,"该用户是在询问自己角质层较薄的敏感肌肤是否适合使用主播推荐的""大师面膜""产品。"
weixue0806,美容护肤,雪姐!6号有点油夏天可以用吗!,1,该用户是在询问主播推荐的6号产品是否适合夏季油性肌肤使用，表现出对产品适用性的具体顾虑和潜在购买意向。
weixue0806,美容护肤,新粉报到,0,该用户想表达的含义是：作为新观众初次进入直播间，想了解主播推荐的产品或获取相关购物建议。
weixue0806,美容护肤,瘦脸讲讲,1,该用户想表达的含义是：请详细介绍瘦脸产品的功效和使用方法。
weixue0806,美容护肤,有新粉,0,该用户想表达的含义是：自己是刚关注直播间的新观众。
weixue0806,美容护肤,两百边脸蛋干燥卡粉用什么,1,该用户想询问针对脸部干燥卡粉问题应该使用哪款护肤产品。
weixue0806,美容护肤,之前油不卖了吗,1,该用户可能在询问直播间之前推荐过的某款油类产品是否已经停售或不再上架。
weixue0806,美容护肤,胶原蛋白灌肤,1,该用户可能是对主播提到的胶原蛋白护肤产品产生兴趣，想进一步了解或询问相关产品的具体功效和使用方法。
weixue0806,美容护肤,有要身体乳,1,该用户可能在询问直播间是否有推荐的身体乳产品，表达了对身体护理用品的潜在购买兴趣。
weixue0806,美容护肤,防晒买了,0,该用户想表达的是已经下单购买了防晒产品。
weixue0806,美容护肤,10号什么时候有.10号什么时候有.10号什么时候有.10号什么时候有.10号什么时候有,1,该用户急切询问商品编号10的产品何时补货或上架。
weixue0806,美容护肤,遮瑕不脱妆粉底,1,该用户可能在询问或推荐一款具有持久遮瑕效果的粉底产品。
weixue0806,美容护肤,介绍一下眼部精华呗,1,该用户对眼部精华产品产生兴趣，希望主播详细讲解其功效或使用方法。
weixue0806,美容护肤,雪雪又美了,0,该用户想表达的含义是：夸赞主播外貌出众以拉近关系，可能为后续咨询产品做铺垫。  （结合前文语境，直播间讨论多为护肤美妆问题，用户通过赞美主播建立亲和感，潜在动机可能是获取产品推荐或建立互动基础。）
weixue0806,美容护肤,"涂抹面膜,涂抹面膜,涂抹面膜,涂抹面膜,涂抹面膜,涂抹面膜,涂抹面膜,涂抹面膜",1,该用户可能是在强烈表达对涂抹面膜的兴趣或需求，希望通过重复强调引起主播关注并优先介绍或推荐该产品。
weixue0806,美容护肤,"想,新粉",0,该用户作为新粉丝，表达了对直播间产品的兴趣和购买意向。
weixue0806,美容护肤,涂的口红沾杯吗,1,该用户是在询问口红是否容易脱色，以此评估产品的实用性和购买价值。
weixue0806,美容护肤,想祛斑自由,1,该用户想表达的是对直播间推荐的产品能否帮助自己实现祛斑效果的期待和询问。
weixue0806,美容护肤,"想,太想了",0,该用户想表达的含义是：对主播推荐的产品非常心动，有强烈的购买欲望。
weixue0806,美容护肤,淡化痘印面膜,1,该用户可能在询问是否有适合淡化痘印的面膜产品，表达了对这类功效产品的购买兴趣或需求。
weixue0806,美容护肤,11号11号11号,1,该用户急切询问或催促主播介绍/上架11号产品。
weixue0806,美容护肤,这个防晒有隔离的效果吗,1,该用户想询问这款防晒产品是否兼具隔离功能，以评估其是否满足自己的护肤需求。
weixue0806,美容护肤,防晒14岁孩子可以用嘛,1,该用户是在询问这款防晒产品是否适合14岁的青少年使用，表现出对产品适用性的关注和潜在的购买意向。
weixue0806,美容护肤,有孕妈能用的护肤品吗?,1,该用户是在询问直播间是否有适合孕妇使用的护肤品，表达了对特定人群适用产品的购买需求和兴趣。
weixue0806,美容护肤,耳饰漂亮,1,该用户被直播中展示的耳饰款式吸引，产生了明确的购买意向。
weixue0806,美容护肤,在你橱窗买的会不会假,1,该用户担心橱窗商品的真实性，在询问购买的产品是否为正品。
weixue0806,美容护肤,春敏能涂防晒吗,1,该用户可能是在询问春季敏感肌肤是否适合使用当前直播推荐的防晒产品。
weixue0806,美容护肤,想买口服的美白产品,1,该用户对直播间推荐的口服美白产品产生了明确的购买意向，并希望通过弹幕互动进一步了解产品详情或获取购买链接。
weixue0806,美容护肤,"想想想,想想,想想,想想",0,该用户想表达的含义是：非常想要购买当前直播中推荐的产品。
weixue0806,美容护肤,"这个貔貅没见过诶,是君佩家的吗",0,该用户对展示的貔貅饰品感到新奇，并询问是否属于某个特定品牌（君佩家），表现出潜在的购买兴趣和品牌关注。
weixue0806,美容护肤,防晒面膜洗面奶都买了,0,该用户想表达自己已经下单购买了主播推荐的防晒、面膜和洗面奶等产品，暗示对直播商品的认可和消费行动。
weixue0806,美容护肤,10号链接油还有吗,1,该用户想询问10号商品链接中的食用油是否仍有库存可供购买。
weixue0806,美容护肤,防晒已买想,0,该用户想表达的是“防晒产品我已经买了，现在想了解其他商品”。  （结合前文弹幕高频提及“防晒”及相关提问，用户可能是在回应主播或直播间讨论的防晒话题，同时暗示对其他产品的兴趣。）
weixue0806,美容护肤,衬衣好看,1,该用户对展示的衬衫款式产生了兴趣并表达了赞赏。
weixue0806,美容护肤,客服能不能看看口红,1,该用户可能在询问客服能否展示或详细介绍当前直播中提到的口红产品，表达了对该商品的潜在购买兴趣。
weixue0806,美容护肤,脸垮用哪个,1,该用户想咨询针对面部皮肤松弛问题的推荐产品。
weixue0806,美容护肤,推荐一下收缩毛孔的水乳,1,该用户希望主播能针对毛孔粗大的肌肤问题推荐一款合适的爽肤水和乳液产品。
weixue0806,美容护肤,嘴上涂的口红有吗,1,该用户是在询问主播当前展示的口红色号是否有货或是否在售。
weixue0806,美容护肤,一支一支的那个面膜,1,该用户可能是在询问直播间里某款单支包装的面膜产品信息或购买方式。
weixue0806,美容护肤,胶原的面膜做过项目能用么,1,该用户是在询问刚做完医美项目后是否可以使用胶原蛋白面膜，关注产品的适用性和安全性。
weixue0806,美容护肤,胶原灌注面膜胶原灌注面膜胶原灌注面膜胶原灌注面膜胶原灌注面膜胶原灌注面膜,1,该用户可能是在强烈询问或确认这款胶原灌注面膜的详细信息，或是表达对产品的浓厚兴趣和购买意向。
weixue0806,美容护肤,灌注胶原面膜用了脸刺刺刺的,0,该用户可能是在反馈使用胶原灌注面膜后脸部有刺痛感，表达对产品安全性的担忧或希望获得使用建议。
weixue0806,美容护肤,水光霜下链接了吗?,1,该用户是在询问主播是否已经上架了水光霜的购买链接，表现出明确的购买意向和急切想要下单的心理。
weixue0806,美容护肤,法令纹苹果肌,1,该用户可能是在询问针对法令纹和苹果肌问题的护肤产品或护理方法。
weixue0806,美容护肤,防晒已买怎么用来个顺序[比心][比心][比心][比心][比心][比心][比心][比心],1,该用户想表达的含义是：已经购买了防晒产品，但希望主播指导正确的使用步骤。
weixue0806,美容护肤,后背有痘印,0,该用户可能在询问是否有针对背部痘印的护肤产品或解决方案。
weixue0806,美容护肤,两边脸蛋干燥卡粉用什么,1,该用户可能在询问针对脸部干燥卡粉问题的护肤品推荐。
weixue0806,美容护肤,水光霜不见了,1,该用户可能在询问水光霜的购买链接是否已失效或未被展示，表达了对该产品的关注和潜在的购买意向。
weixue0806,美容护肤,项链有链接吗[比心],1,该用户想表达的含义是：对展示的项链产品感兴趣并询问购买渠道。
weixue0806,美容护肤,看看衬衣,1,该用户想表达的含义是：对展示的衬衣感兴趣，希望主播详细介绍一下款式或上身效果。
weixue0806,美容护肤,想要补水面膜!!,1,该用户迫切希望购买一款能解决肌肤干燥问题的面膜产品。
weixue0806,美容护肤,"姐姐,油霜",1,该用户想询问主播关于“油霜”产品的详情或购买链接。
weixue0806,美容护肤,面膜好用的,1,该用户是在肯定面膜产品的使用效果，暗示自己对该产品感兴趣或已有购买意向。
weixue0806,美容护肤,我是新来的粉丝.[比心],0,该用户想表达的含义是：作为新观众对直播间产生兴趣并希望获得关注或互动。  （结合语境分析：前20条弹幕多为产品咨询或购买意向，整体氛围偏向功能性互动；而该用户通过“新粉丝”身份强调和“比心”表情，更倾向于建立情感联结而非直接购物需求，可能为后续互动铺垫。）
weixue0806,美容护肤,"那个核桃洗面奶这里能便宜点嘛,别的地方卖的好便宜,差好多",0,该用户希望通过比价促使主播提供更优惠的价格，表达了对核桃洗面奶的购买意愿但存在价格顾虑。
weixue0806,美容护肤,"脸部蜡黄,用什么面膜",1,该用户想询问针对肤色暗沉问题的面膜推荐，暗示有购买意向。
weixue0806,美容护肤,喵的就是看不到口红,1,该用户想表达的含义是：直播画面或产品展示不清晰，导致无法看清口红的细节或效果。
weixue0806,美容护肤,直播小气泡洗面奶和你视频小气泡洗面奶不一样,0,该用户可能是在对比直播间推荐的洗面奶与视频中展示的版本存在差异，暗示对产品真实性或一致性的疑虑，或想确认两者是否为同一款产品。
weixue0806,美容护肤,变透明的那个变透明的那个变透明的那个面膜,1,"该用户急切询问主播关于某款具有透明效果的面膜产品信息，可能是被直播演示效果吸引或希望确认产品名称/购买方式。  （解析依据：结合前文高频出现的""面膜""类产品讨论、用户重复喊话的迫切语气，以及同类弹幕中""XX面膜""多指向产品询问的语境，可推断其核心诉求是获取该特色产品的详细信息或购买链接。）"
weixue0806,美容护肤,有么有颈纹霜,1,该用户是在询问直播间是否有售卖针对颈部皱纹的护肤产品。
weixue0806,美容护肤,"能不能讲讲,白天用什么,晚上怎么护肤?",1,该用户想表达的含义是：希望主播详细介绍适合白天和夜晚不同时段使用的护肤产品及步骤。
weixue0806,美容护肤,护肤品身体能美白就好了,1,该用户希望护肤品不仅能改善面部肤色，还能扩展到全身美白的效果。
weixue0806,美容护肤,想要胶原灌肤那个,1,该用户想表达的含义是：对直播中提到的胶原灌肤产品有明确的购买意向。  （结合前文语境，弹幕多为询问产品、求链接或直接表达需求，整体氛围偏向购物咨询，因此该弹幕属于典型的兴趣表达，且“想要”一词直接传递了消费动机。）
weixue0806,美容护肤,我是张飞,0,该用户可能是想通过幽默或突兀的自我介绍来吸引主播注意，暗示自己也是潜在消费者。
weixue0806,美容护肤,洗面奶还有了吗,1,该用户是在询问直播间是否还有洗面奶的库存可供购买。
weixue0806,美容护肤,痘印怎么去掉,1,该用户可能在询问直播间是否有推荐祛痘印的产品或方法，表达了对解决皮肤问题的潜在购买兴趣。
weixue0806,美容护肤,补水的有吗,1,该用户是在询问直播间是否有补水功效的护肤产品。
weixue0806,美容护肤,都是你自己的品牌专用的,0,该用户可能是在质疑或询问直播中所推荐的产品是否均为主播自创品牌或独家专供的款式。
weixue0806,美容护肤,搞一个防晒喷雾啊,1,该用户想表达的含义是：希望主播推荐或上架防晒喷雾产品。
weixue0806,美容护肤,补水面膜哪个,1,该用户想询问直播间是否有推荐的补水面膜产品。
weixue0806,美容护肤,你用的油是哪一种?,1,该用户想询问主播正在使用的护肤油的品牌或类型，可能是出于对产品效果的认可或自身购买需求。
weixue0806,美容护肤,胶原灌肤,1,该用户想表达的含义是：对直播间提到的“胶原灌肤”产品产生了兴趣并想进一步了解或购买。  （结合前文语境：弹幕中频繁出现护肤产品询问和购买意向，如“面膜好用的”“想要胶原灌肤那个”“补水的有吗”等，说明用户群体正积极讨论护肤品功能与需求。“胶原灌肤”作为具体产品名称，在此语境下属于明确的消费意向表达。）
weixue0806,美容护肤,"买了大师的灌肤的和白月光,又买了玳拉回头霜和柏瑞美定妆喷雾,都超级好用",1,该用户想表达的含义是：我已经购买了主播推荐的几款产品，并且对它们的使用效果非常满意。
weixue0806,美容护肤,不是没了吗?,0,该用户是在询问之前提到的某款产品（如洗面奶）是否已经售罄或下架了。
weixue0806,美容护肤,眼珠珠啥牌子,1,该用户是在询问直播中提到的某款美瞳产品的品牌信息。
weixue0806,美容护肤,口红口红口红口红口红口红口红口红口红口红口红,1,该用户迫切想了解或购买当前直播中提到的口红产品。
weixue0806,美容护肤,想美白买了防晒霜,1,该用户表达的是对美白产品的兴趣并已采取实际行动购买相关防晒产品。
weixue0806,美容护肤,雪雪说说内服吧,1,该用户可能是想询问主播关于某款内服美容产品的具体信息或使用体验。
weixue0806,美容护肤,打开看看,1,该用户可能对直播中提到的某个产品（如胶原灌肤或防晒喷雾）产生兴趣，想进一步查看产品详情或试用效果。
weixue0806,美容护肤,9号有没有活动,1,该用户是在询问9号产品是否有促销优惠或特别福利。
weixue0806,美容护肤,有祛痘印的产品吗有祛痘印的产品吗有祛痘印的产品吗有祛痘印的产品吗有祛痘印的产品吗有祛痘印的产品吗,1,该用户迫切想了解直播间是否有能解决痘印问题的产品，表现出强烈的购买需求和针对性关注。
weixue0806,美容护肤,"水光面膜,什么时候有,雪姐",1,该用户是在询问主播“雪姐”关于“水光面膜”的上架时间，表现出明确的购买意向和产品需求。
weixue0806,美容护肤,我要功效面膜,1,该用户想表达的含义是：我对功效型面膜感兴趣，想了解或购买这类产品。  （结合前文弹幕中频繁出现的护肤需求如“补水”“祛痘印”“美白”等，可推断用户关注具体功效，且语境偏向直接询问产品，动机明确。）
weixue0806,美容护肤,防晒好用吗?,1,该用户想询问防晒产品的实际使用效果是否令人满意，可能是在考虑是否购买。
weixue0806,美容护肤,"颈纹霜,颈纹霜颈纹霜颈纹霜颈纹霜颈纹霜",1,该用户急切地询问或强烈要求主播介绍/推荐颈纹霜产品。  （分析依据：重复高频关键词是直播间常见的催促或强调方式，结合前文弹幕中类似句式如口红、祛痘印产品的重复表达均指向明确购买意向，且语境中大量存在直接购物咨询和产品需求表达）
weixue0806,美容护肤,美瞳是哪一款啊,1,该用户是在询问主播当前展示或提到的美瞳产品的具体品牌或款式信息，表现出对商品的明确关注和潜在购买意向。
weixue0806,美容护肤,"宝,我想要补充胶原蛋白抗衰的",1,该用户想表达的含义是：询问主播是否有推荐用于抗衰老的胶原蛋白类产品。  （结合前文弹幕中频繁出现护肤、美白、内服等需求，且语境聚焦产品功效，用户意图明确指向“抗衰”这一具体诉求，并隐含购买兴趣。）
weixue0806,美容护肤,颈纹推荐,1,该用户想询问主播是否有针对颈部皱纹的护肤品推荐。
weixue0806,美容护肤,灌肤面膜,1,该用户可能是想询问或推荐与“灌肤面膜”相关的产品信息或使用体验。
weixue0806,美容护肤,美女给推荐一款好用的美白隔离防晒霜,1,该用户希望主播推荐一款兼具美白、隔离和防晒功能的护肤品，表现出明确的购买意向和产品需求。
weixue0806,美容护肤,毛孔怎么处理,1,该用户可能在询问针对毛孔问题的护肤产品或解决方案。
weixue0806,美容护肤,想美白,1,"该用户希望通过直播推荐或购买具有美白功效的护肤产品。  （结合前文高频出现""防晒霜""""灌肤面膜""""功效面膜""等护肤需求，以及同类提问句式""有祛痘印的产品吗/颈纹霜""等，可推断用户以简洁提问形式表达对美白类产品的明确兴趣，符合直播间观众主动寻求解决方案的典型消费动机）"
weixue0806,美容护肤,去黄紧致的用什么面膜,1,该用户是在询问直播间是否有能改善皮肤暗黄和松弛问题的面膜产品。
weixue0806,美容护肤,天天敷吗,1,该用户是在询问产品是否需要每天使用才能达到预期效果。
weixue0806,美容护肤,毛孔粗大[捂脸],1,该用户想表达自己存在毛孔粗大的皮肤问题，并暗示希望主播推荐相关护肤产品或解决方案。
weixue0806,美容护肤,昨天有个小号是假的吗,0,该用户可能在质疑直播间之前提到的某个产品账号或宣传信息的真实性。
weixue0806,美容护肤,有没有淡斑得产品,1,该用户是在询问直播间是否有能够淡化色斑的护肤产品，表现出对解决特定肌肤问题的明确需求。
weixue0806,美容护肤,眼油有吗?,1,该用户是在询问直播间是否有售卖眼部护理精油产品。
weixue0806,美容护肤,姐姐胶原灌注,1,该用户想表达的含义是：询问主播是否有能补充胶原蛋白的抗衰老护肤产品或护理项目。
weixue0806,美容护肤,买了5号[捂脸],0,该用户想表达的含义是：已经下单购买了5号产品（可能带有无奈或自嘲的情绪）。
weixue0806,美容护肤,有没有去黑头粉刺收缩毛孔的呀,1,该用户是在询问直播间是否有能同时解决黑头粉刺和收缩毛孔问题的护肤产品。
weixue0806,美容护肤,去颈纹,1,该用户可能在询问直播间是否有能改善颈部皱纹的产品或方法。
weixue0806,美容护肤,能每天用吗?,1,该用户是在询问产品的使用频率是否适合日常连续使用。
weixue0806,美容护肤,每天都要用吗,1,该用户是在询问产品是否需要连续每日使用才能达到预期效果。
weixue0806,美容护肤,能不能讲一下10号怎么用,1,该用户可能是在询问产品“10号”的具体使用方法，表现出对该产品的使用细节感兴趣并有意向进一步了解。
weixue0806,美容护肤,素颜是怎么样的,0,该用户可能是想询问主播展示的产品在素颜状态下的实际效果或适用性。
weixue0806,美容护肤,大红脸用什么,1,该用户想询问适合面部泛红肤质使用的护肤产品。
weixue0806,美容护肤,眼霜好还是眼油好,1,该用户想表达的含义是：想了解眼霜和眼油哪种产品更适合自己的眼部护理需求。
weixue0806,美容护肤,雪啊!你说的油霜是哪个?,1,该用户是在询问主播刚才提到的某款油霜产品的具体名称或购买链接。
weixue0806,美容护肤,说说沐浴露,1,该用户想表达的含义是：询问主播能否详细介绍沐浴露产品的功效或推荐款式。
weixue0806,美容护肤,洗面奶讲一下,1,该用户希望主播详细介绍洗面奶产品的功效或使用方法。
weixue0806,美容护肤,面膜哪里能每天用啊?!,1,该用户是在询问面膜是否可以每天使用，并对此表示惊讶或质疑。
weixue0806,美容护肤,没有斑斑点点可以用吗,1,该用户想询问产品是否适合没有明显斑点问题的肌肤使用。
weixue0806,美容护肤,怎么用呢,1,该用户想询问产品的具体使用方法或操作步骤。
weixue0806,美容护肤,胶原灌注还有吗,1,该用户是在询问直播间是否还有“胶原灌注”这款产品在售。
weixue0806,美容护肤,真有那么好的效果嘛[捂脸],1,该用户对产品宣传的效果持怀疑态度，同时带有调侃和观望的意味，想确认实际效果是否真如直播中所说的那么好。
weixue0806,美容护肤,说用法吧,1,该用户希望主播详细讲解当前展示产品的具体使用方法。
weixue0806,美容护肤,"那个胶原灌注面膜有吗,那个胶原灌注面膜有吗,那个胶原灌注面膜有吗,那个胶原灌注面膜有吗",1,该用户迫切想知道直播间是否还有胶原灌注面膜的库存，并希望通过重复提问引起主播注意以确保得到回复。
weixue0806,美容护肤,每天都要敷面膜吗,1,该用户想询问面膜的使用频率是否适合每日敷用，可能对产品功效或皮肤耐受性存在顾虑。
weixue0806,美容护肤,去颈纹的推荐一下,1,该用户想表达的含义是：希望主播推荐一款能有效改善颈部皱纹的产品。
weixue0806,美容护肤,自己会用吗,0,该用户是在询问主播推荐的产品是否适合自用，隐含对产品适用性的潜在兴趣。
weixue0806,美容护肤,9号链接开了没?,1,该用户是在询问直播间是否已经开始销售或讲解9号商品链接的相关信息。
weixue0806,美容护肤,正贴着呢,0,该用户想表达的含义是：正在使用直播中推荐的产品。
weixue0806,美容护肤,"韩束得我用过,不错",1,该用户是在用亲身使用体验来佐证产品效果，暗示对品牌认可并可能产生复购意向。
weixue0806,美容护肤,痘印管用吗,1,该用户想询问这款产品对祛痘是否有效果。
weixue0806,美容护肤,怎么用法,1,该用户想询问产品的具体使用方法或操作步骤。
weixue0806,美容护肤,脸干用什么面膜,1,该用户想表达的含义是：咨询适合干燥肤质的面膜产品推荐。
weixue0806,美容护肤,讲一下10号怎么用,1,该用户是想询问10号产品的具体使用方法。
weixue0806,美容护肤,有洗面奶吗?,1,该用户是在询问直播间是否有洗面奶产品可供购买或介绍。
weixue0806,美容护肤,敷多久?要洗掉吗?,1,该用户是在询问面膜的使用时长和是否需要后续清洗，表现出对产品具体使用方法的关注和潜在的购买意向。
weixue0806,美容护肤,大师面膜每天可以用吗?,1,该用户是在询问这款面膜是否适合频繁使用，担心过度使用可能对皮肤造成负担。
weixue0806,美容护肤,祛痘的有吗,1,该用户是在询问直播间是否有针对祛痘功效的产品。
weixue0806,美容护肤,3号链接怎么敷,1,该用户想询问3号链接产品的具体使用方法或操作步骤。
weixue0806,美容护肤,睡衣好看,1,该用户可能是在看到直播中展示的睡衣后，产生了兴趣并表达对款式的喜爱。
weixue0806,美容护肤,大干皮脸上红适合吗,1,该用户想询问这款产品是否适合脸部干燥且泛红的肤质使用。
weixue0806,美容护肤,你情商太低了[逞强落泪],0,该用户可能在表达对主播互动方式的不满，认为其回应不够体贴或专业，用调侃语气暗示希望主播改进沟通方式。
weixue0806,美容护肤,祛眼袋有推荐吗[比心][比心][比心][比心][比心][比心][比心][比心][比心][比心][比心][比心][比心][比心][比心][比心][比心][比心],1,该用户想表达的含义是：对祛眼袋产品有强烈兴趣并希望主播推荐相关商品。  （结合前文弹幕中频繁出现的产品咨询和护肤需求，以及该用户重复使用[比心]表情的积极情绪，可推断其核心诉求是寻求祛眼袋产品的具体推荐，且购买意向较高。）
weixue0806,美容护肤,精华会很黏吗,1,该用户可能是在询问精华液的使用肤感是否清爽，担心产品质地过于黏腻影响使用体验。
weixue0806,美容护肤,卸妆膏什么好用,1,该用户想表达的含义是：想了解直播间推荐的卸妆膏产品中哪些效果比较好。
weixue0806,美容护肤,已下单啦.[比心],0,该用户想表达的含义是：自己已经完成了购买行为，并对产品或直播表示满意和支持。
weixue0806,美容护肤,用法呢,1,该用户想询问产品的具体使用方法或操作步骤。
weixue0806,美容护肤,说说内服吧,1,该用户想询问主播详细介绍内服产品的功效或使用方法。
weixue0806,美容护肤,太好看了太喜欢了,1,该用户被产品的外观或效果强烈吸引，产生了明显的购买欲望和情感共鸣。
weixue0806,美容护肤,胶原灌注还有吗?,1,该用户想询问直播间是否还有胶原灌注产品的库存或现货。
weixue0806,美容护肤,想要水光面膜,1,该用户表达了对水光面膜的购买意向或需求询问。
weixue0806,美容护肤,这个好用吗,1,该用户想表达的含义是：询问产品的实际使用效果和体验如何。
weixue0806,美容护肤,痘印管用嘛,1,该用户想询问这款产品对祛痘是否有效果。
weixue0806,美容护肤,韩束的吗,1,该用户是在询问当前直播推荐的产品是否是韩束品牌的。
weixue0806,美容护肤,20岁可以用么[比心],1,该用户是在询问产品是否适合自己这个年龄段使用，并附带友好互动表情表达兴趣。
weixue0806,美容护肤,眼油眼油,1,该用户想表达的含义是：询问直播间是否有眼部精华油产品。
weixue0806,美容护肤,19号水光气垫遮瑕么讲一下雪姐19号水光气垫19号水光气垫,1,该用户急切询问主播能否详细介绍19号水光气垫的遮瑕效果，并表现出对该产品的强烈关注。
weixue0806,美容护肤,角质很薄的脸有点脆弱皮肤适合用大师面膜吗大大大美人!!,1,该用户想表达的含义是：询问面膜是否适合敏感薄皮使用，同时以热情称呼表达对主播的喜爱和互动意愿。  （解析：结合前文弹幕中频繁出现的护肤咨询和产品适配性提问，该用户的核心诉求是确认产品与自身肤质的匹配度，而“大大大美人”的称呼既符合直播间的活跃氛围，也暗示了对主播推荐的信赖感。）
weixue0806,美容护肤,"每天看你直播,每天都买[捂脸]",0,该用户想表达的含义是：虽然经常看直播忍不住下单，但对自己频繁购买的行为感到既无奈又好笑。
weixue0806,美容护肤,有没有遮瑕的,1,该用户想询问直播间是否有推荐适合遮盖瑕疵的化妆品或产品。
weixue0806,美容护肤,"我听说你家油霜,很好用,还有活动?",1,该用户想表达的含义是：对主播推荐的油霜产品效果感兴趣，并询问当前是否有促销优惠。
weixue0806,美容护肤,水光面膜怎么没有,1,该用户想表达的含义是：询问直播间为何没有展示或推荐水光面膜这款产品。
weixue0806,美容护肤,孕妈妈可用吗,1,该用户想询问产品是否适合孕妇使用，表达了对产品安全性的关注和潜在的购买意向。
weixue0806,美容护肤,25岁眼部用什么,1,该用户想询问适合25岁年龄段的眼部护理产品推荐。
weixue0806,美容护肤,脸干呢,1,该用户可能在询问当前推荐的产品是否适合脸部干燥的肤质使用。
weixue0806,美容护肤,天天用起痘,0,该用户想表达的含义是：这款产品长期使用会导致长痘，想确认是否属实或寻求改善建议。  （结合前文语境，直播间在讨论护肤品功效和适用性，用户通过负面反馈表达对产品安全性的担忧，可能希望主播解释成分或推荐替代方案。）
weixue0806,美容护肤,真的去斑吗?,1,该用户是在询问产品是否确实具有宣传中所说的祛斑效果。
weixue0806,美容护肤,面膜到底哪个好用,1,该用户想表达的含义是：在众多面膜产品中，希望主播能推荐一款效果好的具体产品。
weixue0806,美容护肤,面膜哪个好用,1,该用户是在询问直播间推荐的面膜产品中哪一款效果更出色、值得购买。
weixue0806,美容护肤,怎么用呀,1,该用户可能是对当前直播中提到的某款产品（如面膜或护肤品）的使用方法感到困惑，想进一步了解操作步骤或适用方式。
weixue0806,美容护肤,口红用几号,1,该用户想询问主播推荐的口红色号是否适合自己或具体使用效果。
weixue0806,美容护肤,都买了,0,该用户想表达的含义是：我已经下单购买了这款产品。
weixue0806,美容护肤,"我靠,一小会花了小一千",0,该用户想表达的含义是：没想到看直播这么一会儿就忍不住消费了近千元。
weixue0806,美容护肤,"那个胶原灌注面膜有吗,那个胶原灌注面膜有吗,那个胶原灌注面膜有吗,那个胶原灌注面膜有吗,那个胶原灌注",1,该用户急切询问直播间是否售卖胶原灌注面膜，并表现出强烈的购买意向。
weixue0806,美容护肤,哪个补水,1,该用户想询问直播间推荐的补水产品具体是哪一款。
weixue0806,美容护肤,"拍了,次抛什么时候用?",1,该用户已经下单购买产品，并询问“次抛”类产品的具体使用时机。
weixue0806,美容护肤,黑眼圈用什么,1,该用户想询问直播间是否有适合改善黑眼圈问题的产品推荐。
weixue0806,美容护肤,缩小毛孔的面膜有嘛,1,该用户是在询问直播间是否有能够改善毛孔粗大问题的面膜产品。
weixue0806,美容护肤,嘟嘟唇,1,该用户可能是在询问直播间是否有“嘟嘟唇”效果的口红或唇部产品。
weixue0806,美容护肤,玳拉好用吗,1,该用户想询问玳拉产品的实际使用效果是否良好，以评估是否值得购买。
weixue0806,美容护肤,敷多久?需要洗掉吗?,1,该用户想询问产品的使用方法和后续清洁步骤，表现出对产品具体使用细节的关注和潜在的购买意向。
weixue0806,美容护肤,推荐一下粉底呗,1,该用户想表达的含义是：希望主播能根据当前讨论的美妆护肤需求，为自己推荐适合的粉底产品。
weixue0806,美容护肤,有定妆粉么,1,该用户是在询问直播间是否有售卖定妆粉产品，表现出对这类美妆用品的具体购买意向。
weixue0806,美容护肤,衣服有吗,1,该用户想询问直播中是否有服装类商品在售。
weixue0806,美容护肤,沐浴露哪个味道好闻?,1,该用户想询问直播间推荐的沐浴露香型，表现出对产品具体使用体验的兴趣和潜在的购买意向。
weixue0806,美容护肤,我今天皮肤开始干,0,该用户想表达的含义是：询问直播间是否有适合解决皮肤干燥问题的产品推荐。
weixue0806,美容护肤,法令纹深的有吗,1,该用户是在询问直播间是否有针对法令纹问题的产品推荐或解决方案。
weixue0806,美容护肤,增加皮厚怎么解决,0,该用户可能是在询问如何改善皮肤角质层过厚的问题。
weixue0806,美容护肤,姐姐眼油,1,该用户想询问主播推荐适合姐姐使用的眼部护理精油产品。
weixue0806,美容护肤,有黑头怎么处理雪雪[流泪][流泪][流泪],0,该用户想表达的含义是：咨询主播针对黑头问题的护肤产品推荐或解决方法。
weixue0806,美容护肤,有泪沟纹用什么,1,该用户想询问针对泪沟纹问题的推荐产品或解决方案。
weixue0806,美容护肤,这个敷完要洗脸吗,1,该用户想确认该款面膜使用后是否需要清洁步骤，表现出对产品使用方法的关注和潜在的购买顾虑。
weixue0806,美容护肤,要每天都用吗?,1,该用户可能是在询问产品的使用频率是否需每日坚持才能见效。
weixue0806,美容护肤,眼油好用吗,1,该用户想询问主播推荐的护眼精油产品的实际使用效果如何。
weixue0806,美容护肤,淡斑的有没有,1,该用户想询问直播间是否有针对淡化色斑功效的产品。
weixue0806,美容护肤,1号40岁可以用不,1,该用户是在询问1号产品是否适合40岁年龄段的肌肤使用。
weixue0806,美容护肤,你家的东西确实好用,0,该用户想表达的含义是：对之前购买的产品效果感到满意，并间接认可品牌或商品质量。
weixue0806,美容护肤,己下单,0,该用户想表达的含义是：我已经购买了你们推荐的产品。
weixue0806,美容护肤,"大干皮脸上红了,能用吗",1,该用户是在询问产品是否适合敏感泛红的干性皮肤使用。
weixue0806,美容护肤,胶原蛋白灌注面膜什么时候有呀?,1,该用户想询问这款面膜的补货或上架时间，表现出明确的购买意向和需求。
weixue0806,美容护肤,胶原灌注面膜呢,1,该用户是在询问直播间是否有售卖胶原蛋白灌注面膜这款产品。
weixue0806,美容护肤,1号怎么用效果好呀,1,该用户是在询问产品“1号”的使用方法以达到最佳效果，表现出对这款产品的具体功效和适用方式有明确兴趣。
weixue0806,美容护肤,已经买了好多,0,该用户想表达自己已经多次下单购买过该直播间的产品，暗示对商品的认可或已形成消费习惯。
weixue0806,美容护肤,洗面奶还有吗,1,该用户想询问直播间是否还有洗面奶的库存可供购买。
weixue0806,美容护肤,颈霜真的可以吗[捂脸],1,该用户对颈霜的效果持怀疑态度，但同时也表现出一定的兴趣和购买意向。
weixue0806,美容护肤,你自用啥,0,该用户想询问主播自己平时使用哪款产品，以此作为购买参考。
weixue0806,美容护肤,这么多面膜都不知道选哪个,1,该用户面对丰富的面膜产品感到选择困难，希望获得更具体的推荐或购买建议。
weixue0806,美容护肤,有黑头怎么处理雪雪[流泪][流泪][流泪][比心],0,该用户急切地询问主播关于黑头问题的解决方法，并用表情符号混合表达了困扰（流泪）和对主播的信任/喜爱（比心）。
weixue0806,美容护肤,去颈纹推荐一下,1,该用户想表达的含义是：希望主播能推荐一款针对颈部皱纹问题的产品。
weixue0806,美容护肤,祛斑方法,1,该用户可能在询问直播间是否有针对祛斑问题的产品或解决方案。
weixue0806,美容护肤,眼油讲一讲,1,该用户希望主播详细介绍眼油产品的功效或使用方法。
weixue0806,美容护肤,只有5片呀?,1,该用户可能对产品数量感到不足，暗示希望有更多存货或更大容量的选择。
weixue0806,美容护肤,重组胶原蛋白哪个好?,1,该用户是在询问直播间推荐哪款重组胶原蛋白产品效果最好，表现出明确的购买意向和产品比较需求。
weixue0806,美容护肤,已下单[比心],0,该用户想表达的含义是：我已经购买了产品，并对这次购物感到满意和开心。
weixue0806,美容护肤,还有水光面膜吗,1,该用户是在询问直播间是否还有水光面膜的库存，表现出明确的购买意向。
weixue0806,美容护肤,能来身体美白,1,该用户可能是在询问是否有适合全身美白的产品推荐或使用方法。
weixue0806,美容护肤,淡法令纹的面膜有吗?,1,该用户是在询问直播间是否有能够淡化法令纹的面膜产品，表现出对特定功效护肤品的明确需求意向。
weixue0806,美容护肤,额没了,1,该用户想表达的含义是：想要的商品已经卖完了。
weixue0806,美容护肤,油教下怎么用的忘记了,1,该用户想表达的含义是：忘记之前讲解过的产品使用方法，希望主播能重新演示或说明。
weixue0806,美容护肤,拍了香水,0,该用户想表达的含义是：我已经下单购买了刚才提到的香水产品。
weixue0806,美容护肤,水光霜和防晒先用哪个?,1,该用户是在询问护肤品的使用顺序，希望得到关于水光霜和防晒霜正确涂抹步骤的指导。
weixue0806,美容护肤,脖子上项链哪有?!,1,该用户想询问直播中展示的项链在哪里可以购买。
weixue0806,美容护肤,可以讲讲14号链接么,1,该用户对14号链接的商品产生了兴趣，希望主播详细介绍其功能或特点以便决定是否购买。
weixue0806,美容护肤,毛孔粗大怎么办呢,0,该用户想表达的含义是：咨询改善毛孔粗大问题的护肤产品或方法。
weixue0806,美容护肤,有黑头怎么处理雪雪[流泪][流泪][比心],0,该用户想表达的含义是：急切询问主播关于黑头问题的解决方法，并流露出对产品效果的期待和信任。
weixue0806,美容护肤,这个和5号有什么区别,1,该用户想询问当前介绍的产品与之前提到的5号产品在功能或特性上有何不同，以便做出购买决策。
weixue0806,美容护肤,身体美白,1,该用户可能是在询问直播间是否有推荐的身体美白产品或方法。
weixue0806,美容护肤,我极度缺水用什么样的,1,该用户想表达的含义是：我的皮肤非常干燥，应该选择哪款补水产品？
weixue0806,美容护肤,抢光了[捂脸][捂脸][捂脸],1,该用户想表达的含义是：因商品迅速售罄而感到遗憾和无奈。
weixue0806,美容护肤,已拍怎么用,1,该用户想确认已购买产品的具体使用方法。
weixue0806,美容护肤,"脸干有点起皮,有用吗",1,该用户是在询问当前推荐的产品是否适合解决自己脸部干燥起皮的问题。
weixue0806,美容护肤,衣服衣服衣服衣服,1,该用户想表达的含义是：强烈催促主播展示或讲解服装类商品。
weixue0806,美容护肤,有没有收缩毛孔饿,1,该用户想询问直播间是否有能改善毛孔粗大问题的产品。
weixue0806,美容护肤,姐姐读书真的是唯一出路吗[流泪],0,该用户可能在观看直播过程中因主播提到的教育或人生选择话题触发了情感共鸣，借由询问读书意义来表达对当前生活困境的迷茫和焦虑，而非直接关注直播间销售的商品。
weixue0806,美容护肤,21链接怎么用,1,该用户想询问21号商品链接的具体使用方法或操作步骤。
weixue0806,美容护肤,5号也是美白的吧,1,该用户是在确认5号产品是否也具有美白功效，可能是在与其他美白产品或之前的讨论进行对比后产生的疑问。
weixue0806,美容护肤,"雪,用的这是什么口红啊",1,该用户是在询问主播当前使用的口红品牌或色号信息，表现出对化妆品的具体购买兴趣。
weixue0806,美容护肤,淡斑精华怎么用,1,该用户想了解淡斑精华的具体使用方法，可能是对产品功效感兴趣或已购买需要指导。
weixue0806,美容护肤,介绍一下颈纹可以吗,1,该用户想了解产品对颈部皱纹的改善效果或使用方法。
weixue0806,美容护肤,法令纹深有那种产品吗,1,该用户是在询问直播间是否有针对法令纹问题的护肤产品。
weixue0806,美容护肤,1和3,1,用户可能在询问直播中提到的1号和3号产品的区别或具体信息。
weixue0806,美容护肤,都好用,1,该用户可能是在对主播推荐的多款产品表示认可，认为这些产品效果都不错。
weixue0806,美容护肤,"木有了,木有买到啊",1,该用户想表达的含义是：没抢到心仪的商品，感到遗憾和失落。
weixue0806,美容护肤,你种睫毛了吗?,0,该用户可能在询问主播是否使用了直播间推荐的睫毛产品，以此间接评估产品的效果和可信度。
weixue0806,美容护肤,小气泡洁面和视频卖的怎么不一样,0,该用户发现直播中展示的小气泡洁面产品与之前视频宣传的内容存在差异，因此提出疑问以确认产品信息是否一致。
weixue0806,美容护肤,油霜说说[爱心][爱心][爱心][爱心][爱心][爱心][爱心][爱心][爱心],1,该用户想表达的含义是：对主播提到的“油霜”产品表现出强烈的兴趣和喜爱，并希望了解更多信息或催促详细介绍。  （解析：结合前文弹幕中频繁出现的美妆护肤类产品咨询（如“美白”“缺水”“淡斑精华”等），以及爱心符号的密集使用通常代表积极情绪，可推断用户被“油霜”吸引，可能是因干皮、保湿等需求产生购买意向，或对主播展示的效果感到心动。）
weixue0806,美容护肤,每天都要用嘛,1,该用户可能在询问产品是否需要长期坚持使用才能见效，或是确认产品的日常适用性。
weixue0806,美容护肤,送的那个次抛是面膜前用吗?,1,该用户想确认直播间赠送的次抛产品是否需要在敷面膜前使用，表现出对产品使用方法的明确兴趣和潜在的购买意向。
weixue0806,美容护肤,水光面霜上吗?,1,该用户是在询问主播是否会推出水光面霜这款产品，表现出明确的购买意向和产品需求。
weixue0806,美容护肤,哪什么美白面膜,1,该用户想询问直播间是否有推荐的美白面膜产品。
weixue0806,美容护肤,有眼袋用哪个[比心][比心][比心][比心][比心][比心][比心],1,该用户想表达的含义是：询问针对眼袋问题的推荐产品，并通过大量比心表情表达对主播的喜爱和信任。
weixue0806,美容护肤,怎么没有了,1,该用户可能是在询问之前讨论的某款产品为何突然售罄或下架了。
weixue0806,美容护肤,12讲讲,1,该用户可能是催促主播详细讲解第12号产品的功能或使用方式。
weixue0806,美容护肤,淡化唇纹的唇膜,1,该用户可能在询问是否有能改善唇部细纹的护理产品，并希望主播详细介绍或推荐相关唇膜。
weixue0806,美容护肤,角质层薄能用吗?有效吗?,1,该用户是在询问产品是否适合敏感肌肤并关心其实际效果。
weixue0806,美容护肤,主播真好看[爱心][比心],0,该用户主要是在夸赞主播的外貌并表达喜爱之情，而非针对产品提出具体购买咨询。
weixue0806,美容护肤,有没有美白身体乳啊,1,该用户是在询问直播间是否有推荐或售卖具有美白功效的身体乳产品。
weixue0806,美容护肤,角质很薄的脸有点脆弱皮肤适合用大师面膜吗大大大美姐姐,1,"该用户是在询问敏感薄皮是否适合使用主播推荐的""大师面膜""，并@主播寻求确认。"
weixue0806,美容护肤,再上点,1,该用户希望主播补货或增加当前推荐产品的库存量。
weixue0806,美容护肤,黑眼圈用什么?,1,该用户想询问直播间是否有针对改善黑眼圈问题的护肤产品推荐。
weixue0806,美容护肤,颈纹颈纹,1,该用户可能在询问直播间是否有针对颈部皱纹的产品，或是希望主播介绍相关产品的功效和使用方法。
weixue0806,美容护肤,19号水光气垫遮瑕么讲一下雪姐19号水光气垫19号水光气垫19号水光气垫讲一下讲一下讲一下,1,该用户急切想了解19号水光气垫的遮瑕效果，并催促主播详细讲解该产品。
weixue0806,美容护肤,没拍到,1,该用户想表达的含义是：因商品售罄或抢购失败而感到遗憾。  （结合前文弹幕中频繁出现的“木有了”“怎么没有了”等类似缺货/抢购失败的反馈，以及询问产品功能、催促补货的语境，可推断用户因未成功购买目标商品而表达失落情绪。）
weixue0806,美容护肤,是您吗,0,该用户可能是在确认主播身份或询问当前展示的产品是否与之前提到的某款商品相关。
weixue0806,美容护肤,毛孔大,0,该用户可能在询问针对毛孔粗大问题的护肤产品或解决方案。
weixue0806,美容护肤,美白面膜要天天用吗,1,该用户想表达的含义是：询问美白面膜的使用频率是否适合每日使用，可能对产品效果或安全性存在疑虑。
weixue0806,美容护肤,我缺水厉害有什么推荐的,1,"该用户想表达的含义是：我的皮肤急需补水，能否推荐适合的产品？  （结合前文弹幕中高频出现的护肤需求如""美白""""面膜""""角质层薄""等，可推断用户关注点在于解决具体肌肤问题，且语境偏向功能性产品推荐。）"
weixue0806,美容护肤,太卡了,0,该用户可能因直播画面卡顿影响观看体验而表达不满或提醒主播优化网络状况。
weixue0806,美容护肤,收缩毛孔用什么面膜,1,该用户想表达的含义是：希望主播推荐一款能改善毛孔粗大问题的面膜产品。  （结合前文语境，直播间正在讨论各类护肤问题，用户主动提出具体需求，表现出明确的购买意向和产品功能诉求。）
weixue0806,美容护肤,角质层薄的可以用吗,1,该用户想询问产品是否适合敏感脆弱的薄角质层肌肤使用。
weixue0806,美容护肤,你的口红好好看,1,该用户可能想询问主播口红色号或购买链接，表达对产品的兴趣和潜在购买意向。
weixue0806,美容护肤,1和3那个好用,1,该用户是在询问直播中提到的两款产品的使用效果对比，希望主播能推荐更适合自己的选项。
weixue0806,美容护肤,拍了这个真祛斑吗,1,该用户是在询问购买的产品是否真的能达到宣传中的祛斑效果，表现出对产品功效的疑虑和求证心理。
weixue0806,美容护肤,回复下我啊啊啊,0,该用户急切希望主播注意到自己的提问或需求并给予回应。
weixue0806,美容护肤,主播你带的那个是在哪里买的,1,该用户想表达的含义是：询问主播展示的某样商品的具体购买渠道。
weixue0806,美容护肤,口红小样,1,该用户可能是在询问主播是否有口红小样产品可供购买或试用。
weixue0806,美容护肤,小雪面霜哪个好?,1,该用户是在询问主播推荐哪款小雪面霜更适合自己使用。
weixue0806,美容护肤,姐姐你衬衫什么品牌,1,该用户想表达的含义是：询问主播身上穿的衬衫品牌信息，可能对同款商品有购买意向。
weixue0806,美容护肤,有定装粉么,1,该用户是在询问直播间是否有售卖定妆粉产品。
weixue0806,美容护肤,之前那个面膜没有了吗,1,该用户想确认直播间之前推荐过的某款面膜是否已经售罄或不再售卖。
weixue0806,美容护肤,"鼻子哪做的,美女",0,该用户可能是对主播的外貌或整容效果产生兴趣，想询问主播的鼻子整形信息。
weixue0806,美容护肤,肌吕面膜讲一下呗,1,该用户想表达的含义是：希望主播详细介绍肌吕面膜的功效或使用体验。
weixue0806,美容护肤,你屁事蛮多呢还没安全感[捂脸],0,该用户可能是在调侃主播回复弹幕较慢或对产品细节过于纠结，显得有些不耐烦。
weixue0806,美容护肤,次抛精华是什么时候用,1,该用户想询问次抛精华产品的具体使用时间或适用场景，表现出对产品的功能细节有进一步了解的兴趣。
weixue0806,美容护肤,面膜哪个好[捂脸],1,"该用户想表达的含义是：询问主播推荐效果好的面膜产品，同时以表情符号缓和提问语气显得更轻松随意。  （解析：结合直播间以美妆护肤咨询为主的互动氛围，用户用""[捂脸]""表情消解了直接提问的生硬感，核心诉求仍是寻求产品推荐。""哪个好""的开放式提问也符合前面弹幕中频繁出现的同类产品比较模式。）"
weixue0806,美容护肤,怎么这么便宜,0,该用户对当前商品的价格感到意外，并隐含对产品性价比的认可或对低价真实性的好奇。
weixue0806,美容护肤,有没有眼膜呀雪儿儿有没有眼膜呀雪儿儿,1,该用户急切询问主播是否有眼膜产品在售，并重复呼唤主播昵称以引起注意。
weixue0806,美容护肤,要洗掉吗?,1,该用户可能在询问主播展示的产品是否需要在使用后进行清洗步骤。
weixue0806,美容护肤,次抛什么时候用,1,该用户想询问次抛精华产品的具体使用时间或适用场景。
weixue0806,美容护肤,眼袋的有没有,1,该用户是在询问直播间是否有针对眼袋问题的产品。
weixue0806,美容护肤,1号好用还是5号好用,1,该用户是在询问1号和5号产品哪个效果更好，以便做出购买决策。
weixue0806,美容护肤,"脸色面黄,毛孔粗大.[捂脸]用哪款好一点.30多了[捂脸]",1,该用户想表达的含义是：自己因年龄增长出现皮肤暗沉和毛孔问题，想咨询主播推荐适合30多岁人群使用的护肤品。
weixue0806,美容护肤,怎么用法呀,1,该用户想询问产品的具体使用方法或操作步骤。
weixue0806,美容护肤,次抛怎么用,1,该用户想询问次抛类产品的具体使用方法或使用步骤。
weixue0806,美容护肤,这个怎么用,1,该用户是想询问主播正在介绍的产品具体使用方法或操作步骤。
weixue0806,美容护肤,毁灭吧[捂脸]就是看不到口红,0,该用户因长时间无法获取口红产品的相关信息而感到 frustration，用戏谑夸张的语气表达对直播内容安排的不满和急切想了解口红详情的心情。
weixue0806,美容护肤,颈纹怎么用,1,该用户是在询问直播中提到的某款颈部护理产品的具体使用方法。
weixue0806,美容护肤,卸妆膏说说吧,1,该用户想表达的含义是：希望主播详细介绍卸妆膏产品的功效或使用方法。
weixue0806,美容护肤,已拍.次抛怎么用,1,该用户想表达的含义是：我已经下单购买了次抛精华，想知道具体的使用方法。
weixue0806,美容护肤,这个貔貅配粉色衬衫好好看,1,该用户对貔貅饰品与粉色衬衫的搭配效果表示赞赏，并隐含着想了解或购买的意向。
weixue0806,美容护肤,精华油能用多久呀?,1,该用户想询问产品（精华油）的使用时长或耐用性，以评估是否值得购买。
weixue0806,美容护肤,鼻基底打啥呀,1,该用户想询问主播推荐适合填充鼻基底部位的美容产品或方法。
weixue0806,美容护肤,收缩毛孔面膜有嘛雪,1,该用户想表达的含义是：询问直播间是否有能收缩毛孔的面膜产品。
weixue0806,美容护肤,3号一共多少片,1,该用户是在询问直播中提到的“3号产品”的具体规格或数量（如面膜片数）。
weixue0806,美容护肤,有没有补水面膜,1,该用户是在询问直播间是否有适合保湿需求的面膜产品，表现出明确的购买意向和针对性需求。
weixue0806,美容护肤,6号讲解吗,1,该用户是在询问主播是否会讲解6号产品。
weixue0806,美容护肤,用完面膜以后再用次抛吗?,1,该用户是在询问护肤步骤的先后顺序，想知道面膜和次抛精华的使用顺序是否应该先敷面膜再用次抛产品。
weixue0806,美容护肤,面膜到手多少,1,该用户想询问当前介绍的面膜产品的实际到手价格是多少。
weixue0806,美容护肤,次抛怎么用的,1,该用户想询问次抛产品的具体使用方法。
weixue0806,美容护肤,这么便宜姐姐好用吗,1,该用户是在询问产品价格优惠的同时，担心低价是否会影响产品质量，希望主播能证实产品的实际使用效果是否可靠。
weixue0806,美容护肤,精华面膜后用吗,1,该用户想询问的是“使用精华后是否需要再敷面膜”。
weixue0806,美容护肤,有没有眼膜呀雪儿儿,1,该用户是在询问直播间是否售卖眼膜产品，表现出对特定护肤品的购买兴趣。
weixue0806,美容护肤,你自己用这款面膜吗?,1,该用户是在询问主播是否亲身使用过这款面膜，以此判断产品的真实效果和可信度。
weixue0806,美容护肤,防晒有吗,1,该用户是在询问直播间是否有防晒产品出售或介绍。
weixue0806,美容护肤,次抛和面膜一块用吗,1,该用户是在询问次抛精华和面膜是否可以同时搭配使用。
weixue0806,美容护肤,怎么用的,1,该用户想询问产品的具体使用方法或操作步骤。
weixue0806,美容护肤,189元5片?,1,该用户可能在询问产品价格与数量的对应关系，暗示对商品性价比的关注并考虑是否购买。
weixue0806,美容护肤,1号链接显示189是5片吗,1,该用户想确认1号商品链接中标注的189元价格是否对应的是5片装的产品规格。
weixue0806,美容护肤,黏腻不,1,该用户可能是在询问产品使用后是否会有黏腻感。
weixue0806,美容护肤,我缺水厉害用什么样的呀,1,该用户想表达的含义是：我的皮肤急需补水，应该选择哪款产品比较合适？
weixue0806,美容护肤,试用吗,1,该用户是在询问产品是否有试用装或支持试用服务。
weixue0806,美容护肤,只有5片吗,1,该用户是在确认或质疑产品的规格数量是否太少。
weixue0806,美容护肤,怎么用的美白面膜和送的东西,1,该用户想询问美白面膜的使用方法以及确认直播间是否会赠送相关赠品。
weixue0806,美容护肤,10号是啥,1,该用户是在询问直播中提到的“10号”商品的具体信息或用途。
weixue0806,美容护肤,颈纹霜怎么用,1,该用户想表达的含义是：询问颈纹霜的使用方法和步骤。
weixue0806,美容护肤,"姐姐,眼油",1,该用户想询问主播是否有推荐或正在介绍的眼部精华油产品。
weixue0806,美容护肤,到手多少片,1,该用户想询问购买该面膜产品时实际能获得的片数。
weixue0806,美容护肤,一周几次?,1,该用户想询问这款面膜建议的使用频率是多少。
weixue0806,美容护肤,韦雪是谁媳妇,0,该用户可能是想询问主播韦雪的身份背景或与直播间产品的关系，以此判断其推荐的可信度或产品适用性。
weixue0806,美容护肤,你的口红是哪个色号呀,1,该用户是在询问主播口红的色号信息，可能对产品产生兴趣并考虑购买。
weixue0806,美容护肤,怎么用次抛,1,该用户想询问次抛产品的具体使用方法或步骤。
weixue0806,美容护肤,孕妈妈能用美白面膜吗,1,该用户是在询问美白面膜是否适合孕妇使用，以评估该产品是否符合自身需求。
weixue0806,美容护肤,有斑买一号还是五号,1,该用户是在询问针对有斑的肌肤应该选择产品链接中的一号还是五号款式。
weixue0806,美容护肤,可以每天用吗,1,该用户想询问产品的使用频率是否适合日常连续使用。
weixue0806,美容护肤,黑头毛孔粗大用什么,1,该用户想询问直播间推荐的产品中哪一款适合解决黑头和毛孔粗大的皮肤问题。
weixue0806,美容护肤,"已拍,次抛怎么用",1,该用户想表达的含义是：我已经下单购买了产品，但想了解次抛产品的具体使用方法。
weixue0806,美容护肤,精华油大概能用多久呀?,1,该用户想询问精华油的使用时长以评估产品的耐用性和性价比。
weixue0806,美容护肤,干皮用什么水乳,1,该用户想咨询适合干性肌肤的水乳产品推荐。
weixue0806,美容护肤,已拍讲6号吧,1,该用户想表达的含义是：我已经下单购买了6号产品，请讲解一下它的使用方法或功效。
weixue0806,美容护肤,"别人都是淡某斑,淡某白的,[捂脸][捂脸]",0,该用户可能在调侃其他观众都在询问美白淡斑产品，而自己对此感到无奈或好笑。
weixue0806,美容护肤,这么多面膜选那种好用,1,该用户想表达的含义是：面对众多面膜选项，希望主播推荐效果好的款式。
weixue0806,美容护肤,跟五号什么区别,1,该用户是想询问当前介绍的产品与五号产品在功能或效果上的具体差异。
weixue0806,美容护肤,孕妇可以用不,1,该用户是在询问直播中推荐的产品是否适合孕妇使用，表达了对产品安全性的关切和潜在的购买意向。
weixue0806,美容护肤,嘴上用的是什么,1,该用户想询问主播正在使用的唇部产品具体是哪一款。
weixue0806,美容护肤,10和8怎么选,1,该用户是在询问直播间推荐的产品中编号10和8两款该如何选择更适合自己。
weixue0806,美容护肤,"这个项链小红书见过,姐姐戴的在哪买的啊",1,该用户想表达的含义是：看到主播佩戴的项链在小红书上有同款，询问购买渠道。
weixue0806,美容护肤,"怎么用呀,已拍",1,该用户想表达的含义是：我已经下单购买了产品，但想了解具体的使用方法。
weixue0806,美容护肤,好用的气垫有吗,1,该用户是在询问直播间是否有值得推荐的气垫产品。
weixue0806,美容护肤,皮肤松弛用那个,1,该用户想询问直播间推荐哪款产品适合改善皮肤松弛问题。
weixue0806,美容护肤,1号链接面膜是几片呀,1,该用户想表达的含义是：询问1号链接面膜的具体规格以评估是否值得购买。
weixue0806,美容护肤,防晒防晒,1,该用户可能是在询问或强调当前直播中提到的防晒产品信息。
weixue0806,美容护肤,香水讲下,1,该用户想表达的含义是：请详细介绍下这款香水的相关信息。
weixue0806,美容护肤,我缺水厉害用什么样,1,该用户想咨询适合严重缺水肤质使用的护肤品推荐。
weixue0806,美容护肤,面膜角质层薄的可以用吗,1,该用户是在询问这款面膜是否适合敏感肌肤使用。
weixue0806,美容护肤,这个貔貅是君佩的嘛,1,该用户是在询问直播中展示的貔貅饰品是否属于“君佩”这个品牌或系列。
weixue0806,美容护肤,"有没有护发用的呀,改善头发分叉发质不好",1,该用户想表达的含义是：询问直播间是否有针对修复分叉和改善发质问题的护发产品。
weixue0806,美容护肤,"已下单,次抛怎么用",1,该用户想表达的含义是：我已经购买了产品，但想了解次抛产品的具体使用方法。
weixue0806,美容护肤,次抛在面膜前还是后用?,1,该用户想确认次抛产品的使用顺序是在敷面膜之前还是之后。
weixue0806,美容护肤,抗皱用哪个面膜?,1,该用户想询问哪款面膜适合改善皱纹问题。
weixue0806,美容护肤,次抛用了还要用水乳吗,1,该用户想表达的含义是：询问使用次抛产品后是否还需要叠加基础的水乳护肤步骤。
weixue0806,美容护肤,"每天都来蹲唇膏,一次没蹲到[捂脸][捂脸][捂脸]",0,该用户想表达的含义是：多次参与直播却一直未能抢到心仪的唇膏产品，感到遗憾和无奈。
weixue0806,美容护肤,有个韦雪小店是你的店吗,0,该用户可能在询问主播是否与某个特定店铺（韦雪小店）有关联，想确认商品来源或主播的身份背景。
weixue0806,美容护肤,用完面膜之后用次抛吗,1,该用户想询问使用面膜后是否需要接着使用次抛精华。
weixue0806,美容护肤,主播的衣服跟吊坠好搭哦[舔屏][舔屏][舔屏],0,该用户想表达的含义是：对主播的服装和配饰搭配效果非常喜爱，并隐含着想了解或购买同款的意愿。
weixue0806,美容护肤,"拍了,但是上面只说发5片",1,"该用户想表达的是：虽然已经下单购买，但对商品详情页标注的发货数量（5片）存在疑问或不满。 （分析依据：结合前文弹幕高频出现的""已拍/已下单""等购买行为表达，以及""1号链接面膜是几片""等对商品规格的追问，可推断该用户正处于完成购买后核对商品信息的阶段，其动机在于确认或质疑实际发货数量与预期是否一致。）"
weixue0806,美容护肤,1895片吗,1,该用户是在询问产品规格或数量，可能是确认直播中提到的“1895片”是否指某款商品的单片包装数量或总库存量。
weixue0806,美容护肤,次抛需要跟面膜结合用吗?,1,该用户想询问次抛产品是否需要搭配面膜使用才能达到最佳效果。
weixue0806,美容护肤,3.5.18.21号产品哺乳期可以用吗,1,该用户是在询问编号为3、5、18、21的产品是否适合哺乳期女性使用，表达了对这些产品的潜在购买意向和安全性顾虑。
weixue0806,美容护肤,胶原灌注!!!!!,1,该用户可能是在急切询问或强调关于“胶原灌注”产品的使用效果或购买方式，表达对该产品的强烈兴趣或需求。
weixue0806,美容护肤,"拍了,收到有几片啊",1,该用户想确认自己下单的面膜实际收到的片数是否与宣传或预期一致。
weixue0806,美容护肤,有没有管痘痘痘印的[捂脸][捂脸]有没有管痘痘痘印的[捂脸][捂脸],1,该用户急切地询问直播间是否有能改善痘痘和痘印问题的产品，并通过重复提问和表情符号强调自己的迫切需求。
weixue0806,美容护肤,胶原蛋白面膜什么时候有,1,该用户是在询问胶原蛋白面膜的上架时间或补货时间，表现出明确的购买意向和需求。
weixue0806,美容护肤,脖子上的项链有吗,1,该用户想询问主播佩戴的项链是否在售。
weixue0806,美容护肤,香水好闻吗,1,该用户想询问香水的实际气味体验以评估是否值得购买。
weixue0806,美容护肤,次抛是和面膜一起用吗,1,该用户想询问次抛产品是否需要与面膜搭配使用以及具体的使用顺序。
weixue0806,美容护肤,夏天用那个精华,1,该用户想询问适合夏季使用的精华产品推荐。
weixue0806,美容护肤,有黑头怎么处理雪雪,0,该用户是在询问主播推荐哪款产品可以有效解决黑头问题。  （结合前文语境，直播间讨论的多是护肤产品用法与功效，用户提问方式符合寻求具体解决方案的典型购买意向表达。）
weixue0806,美容护肤,直播间拍的到手一共都有多少产品,0,该用户是想确认下单后实际能收到多少件商品。
weixue0806,美容护肤,你平时用泥膜吗,0,该用户可能是在询问主播对泥膜产品的使用体验或推荐建议，隐含对这类产品的潜在购买兴趣。
weixue0806,美容护肤,为什么吃彩椒?,0,该用户可能是在询问彩椒的食用价值或推荐理由，暗示对产品功效或特点感兴趣。
weixue0806,美容护肤,"眼膜已拍,敷一周几次",1,该用户想确认已购买的眼膜产品的使用频率是否合适，表现出对产品实际使用方法的关注和购买后的跟进需求。
weixue0806,美容护肤,拍了两单,0,该用户想表达的含义是：我已经下单购买了两件商品。
weixue0806,美容护肤,孕期可以用吗,1,该用户是在询问直播中推荐的产品是否适合孕妇使用，表现出对产品安全性的关注和潜在的购买意向。
weixue0806,美容护肤,想要美白身体乳,1,该用户是在询问直播间是否有美白功效的身体乳产品并表现出明确的购买意向。
weixue0806,美容护肤,定妆喷雾咋样,1,该用户想询问定妆喷雾的使用效果或产品品质如何，以评估是否值得购买。
weixue0806,美容护肤,油霜是做活动么?,1,该用户是在询问油霜这款产品是否参与当前的促销活动。
weixue0806,美容护肤,送的次抛怎么用?,1,该用户是在询问直播间赠送的次抛产品的具体使用方法，可能对产品功效感兴趣并考虑使用。
weixue0806,美容护肤,"买了,这个面膜一天一片嘛",1,该用户是在确认已下单购买后，进一步询问面膜的使用频率是否适合每日敷用。
weixue0806,美容护肤,川字纹怎么去,1,该用户是在询问直播间是否有针对消除川字纹（额头皱纹）的产品或解决方案。
weixue0806,美容护肤,五片189吗,1,该用户是在询问商品的价格和数量是否匹配，即确认189元对应的产品规格是否为五片装。
weixue0806,美容护肤,毛孔收缩面膜有嘛,1,"该用户是在询问直播间是否有售卖能够收缩毛孔功效的面膜产品。  （解析：结合前文弹幕高频出现针对具体护肤功效（如祛痘、美白）和产品类型（面膜、精华）的提问，可推断该用户同样以""功效+品类""的明确结构表达需求，属于典型的购买意向咨询，且语境中面膜类产品讨论度较高，提问自然融入商品筛选逻辑。）"
weixue0806,美容护肤,有黑头怎么处理雪雪[流泪][流泪][流泪][流泪][流泪],0,"该用户因黑头问题感到困扰，急切向主播""雪雪""寻求解决方法，并通过流泪表情强调问题的严重性和迫切需求。"
weixue0806,美容护肤,和5号链接的对比那个好用,1,该用户想询问5号链接的产品与另一款产品的使用效果对比，以判断哪款更适合自己。
weixue0806,美容护肤,没关注,0,该用户想表达的含义是：我还没关注这个直播间。
weixue0806,美容护肤,肌侣面膜好还是美白面膜好,1,该用户想表达的含义是：比较两款面膜的效果，以决定购买哪一款更适合自己。
weixue0806,美容护肤,可以看一下韩束面膜膜布嘛?,1,该用户想表达对韩束面膜的具体产品细节感兴趣，希望主播展示膜布材质以便进一步了解产品特性。
weixue0806,美容护肤,口红看看,1,该用户希望主播展示或详细介绍口红的颜色、质地或使用效果。
weixue0806,美容护肤,面膜之前的那种没有了吗?,1,该用户是在询问直播间之前售卖过的某款面膜是否已经下架或售罄。
weixue0806,美容护肤,和5号有什么区别?,1,该用户想询问当前商品与5号链接商品的具体差异或优劣对比。
weixue0806,美容护肤,"今天清明节,雪姐还加班啊",0,该用户可能是出于对主播在清明节加班的关心和惊讶，同时隐含对主播敬业态度的认可或调侃。
weixue0806,美容护肤,面膜还有吗,1,该用户是在询问直播间售卖的面膜是否仍有库存可供购买。
weixue0806,美容护肤,"姐姐,項鍊好好看",1,该用户被主播佩戴的项链所吸引，表达出对商品的审美认可和潜在购买意向。
weixue0806,美容护肤,感觉变了,0,该用户可能是在感叹产品特性或直播风格与以往不同，隐含对比或失望情绪。
weixue0806,美容护肤,c次抛咋用,1,该用户想询问直播间推荐的“C次抛”产品的具体使用方法。
weixue0806,美容护肤,只有五片吗,1,该用户可能是在询问产品容量或数量是否只有五片，并隐含对其性价比或使用时长是否合理的疑虑。
weixue0806,美容护肤,2号开价了吗?,1,该用户是在询问直播间2号商品的价格是否已经公布。
weixue0806,美容护肤,多少片,1,该用户想询问当前讨论的面膜产品一盒包含的具体片数。
weixue0806,美容护肤,爱在哪做的?,0,该用户想询问主播展示的产品是在哪里购买或制作的。
weixue0806,美容护肤,"这个是君佩新品吗,姐姐",1,该用户是在询问主播展示的产品是否属于君佩品牌的新款商品，并带有亲切称呼以拉近距离。
weixue0806,美容护肤,素颜精华,1,该用户想询问主播展示的产品中是否有素颜精华这款商品。
weixue0806,美容护肤,美容仪可以用吗,1,该用户想询问美容仪的实际使用效果或适用性。
weixue0806,美容护肤,189多少片,1,该用户是在询问商品“189元”对应的具体片数，意图了解产品的规格和性价比。
weixue0806,美容护肤,夏天怎么用那个精华,1,该用户想询问夏季使用这款精华产品的具体方法或注意事项。
weixue0806,美容护肤,一直看直播,0,该用户想表达的含义是：我已经持续观看直播一段时间了。
weixue0806,美容护肤,多少钱?鼻子,1,该用户想询问主播展示的产品（可能是与鼻子相关的护肤品或美容仪）的具体价格。
weixue0806,美容护肤,次抛怎么用?,1,该用户想询问次抛产品的具体使用方法，可能是对产品功效或操作步骤存在疑惑。
weixue0806,美容护肤,1号链接多少片面膜呀?,1,该用户想询问1号商品链接中面膜的具体数量，以评估是否满足自己的购买需求。
weixue0806,美容护肤,1号和5号有什么区别吗,1,该用户想询问1号产品和5号产品在功能或规格上的具体差异。
weixue0806,美容护肤,没有粉底液吗,1,该用户可能在询问直播间是否有粉底液产品上架或促销。
weixue0806,美容护肤,戴的貔貅都买不到,1,该用户想表达的含义是：主播佩戴的貔貅饰品很吸引人，但自己在购物渠道找不到同款购买。
weixue0806,美容护肤,孕妇可以用这个面膜吗,1,该用户是在询问这款面膜是否适合孕妇使用，以确认产品的安全性是否符合自身需求。
weixue0806,美容护肤,雪晚上都不吃饭吗??,0,该用户可能在询问主播是否因为工作忙碌而忽略了正常饮食，表达了对主播身体状况的关心。
weixue0806,美容护肤,眼油真的有用吗?我的眼纹好重,1,该用户是在询问眼油产品的实际效果，并透露自己因眼纹问题严重而对该产品产生了兴趣和购买意向。
weixue0806,美容护肤,有闭口怎么办,1,该用户可能在询问主播推荐针对闭口问题的护肤产品或解决方案。
weixue0806,美容护肤,吃的啥,0,该用户可能在询问主播正在展示或食用的产品相关细节，暗示对直播内容或食品类商品的好奇与关注。
weixue0806,美容护肤,美瞳贵吗,1,该用户想询问美瞳产品的价格是否在其可接受范围内，以判断是否值得购买。
weixue0806,美容护肤,怎么去闭口姐姐,0,该用户想询问主播如何解决闭口粉刺的问题。
weixue0806,美容护肤,推荐祛斑精华,1,该用户想表达的含义是：希望主播详细介绍一款能有效祛斑的精华产品。
weixue0806,美容护肤,鼻子下面有痘印怎么去,0,该用户想表达的含义是：咨询如何消除鼻子下方的痘印问题。
weixue0806,美容护肤,有水推荐吗,1,该用户可能在询问直播间是否有适合补水或保湿的产品推荐。
weixue0806,美容护肤,没有斑要用吗,1,该用户可能是在询问产品是否适合没有斑点的人使用，担心自己不需要相关功效。
weixue0806,美容护肤,有一个主播天天假冒你!!!!!!你知道么!???????????!?????????????????,0,该用户可能是在向主播投诉有人长期冒充其身份进行直播，并急切地询问主播是否知情。
weixue0806,美容护肤,卸妆膏有吗?,1,该用户是在询问直播间是否有卸妆膏产品出售。
weixue0806,美容护肤,可以讲一下11号链接吗!,1,该用户想表达的含义是：希望主播详细介绍11号链接产品的相关信息。
weixue0806,美容护肤,油怎么选,1,该用户想询问如何挑选适合自己需求的油类产品。
weixue0806,美容护肤,眼睛做的好看,0,"该用户可能是在称赞主播或产品展示中的眼部妆容/产品效果令人满意。  （结合前文多为美妆护肤咨询的语境，用户更倾向于表达对""眼部相关产品效果""的认可，而非单纯评价外貌。）"
weixue0806,美容护肤,颧骨高能磨骨吗,1,该用户可能在询问直播间是否有针对高颧骨的整形或美容服务，表达了对改善面部轮廓的潜在需求。
weixue0806,美容护肤,"有什么减肥产品推荐一下,相信你",1,该用户希望通过主播推荐有效的减肥产品，并表现出对主播的信任和认可。
weixue0806,美容护肤,面膜要洗吗,1,该用户想询问这款面膜使用后是否需要清洗，以确认正确的使用步骤。
weixue0806,美容护肤,脖子上的项链,1,该用户可能是在询问主播脖子上佩戴的项链的相关信息，比如款式、价格或购买链接。
weixue0806,美容护肤,身体乳好用吗,1,该用户想询问这款身体乳的实际使用效果是否令人满意。
weixue0806,美容护肤,韩国植发多少w,0,该用户想询问在韩国进行植发手术的大致费用。
weixue0806,美容护肤,雪你脸上整容的是怎么保养皮肤的?,0,该用户可能是想询问主播的皮肤保养方法，尤其是针对医美或整容后的护理建议。
weixue0806,美容护肤,"还吃了什么吗,皮肤这么好?",0,该用户想表达的含义是：询问主播使用了哪些美容产品或方法才拥有如此好的皮肤状态。
weixue0806,美容护肤,每天都可以用吗?,1,该用户可能是在询问产品是否可以日常频繁使用，担心使用频率或适用场景的限制。
weixue0806,美容护肤,你吃的什么[比心][比心],0,该用户想表达的含义是：好奇主播的饮食内容并借此询问护肤或保养建议。
weixue0806,美容护肤,有黑头怎么处理雪雪[流泪][流泪],0,该用户想表达的含义是：向主播咨询解决黑头问题的护肤产品或方法，并表现出急切困扰的情绪。
weixue0806,美容护肤,祛斑精华推荐,1,该用户想表达的含义是：希望主播能介绍一款针对祛斑功效的精华产品。
weixue0806,美容护肤,眼油真的有效果吗,1,该用户是在询问直播中提到的眼部护肤产品是否具有实际功效，以评估是否值得购买。
weixue0806,美容护肤,有没有去黑头水的?溶解那种,1,该用户是在询问直播间是否有能溶解黑头的去黑头产品，表现出明确的购买意向和对具体功效的需求。
weixue0806,美容护肤,推荐什么爽肤水,1,该用户想询问主播针对自己的肤质或需求推荐合适的爽肤水产品。
weixue0806,美容护肤,次抛和面膜一起用吗,1,该用户是在询问次抛精华是否可以与面膜叠加使用，想了解两种产品的搭配效果或使用方法。
weixue0806,美容护肤,脸部泛红干痒用什么啊,1,该用户想表达的含义是：希望主播推荐适合缓解脸部泛红干痒问题的护肤产品。
weixue0806,美容护肤,推荐个护理[比心][比心][比心][比心][比心][比心][比心],1,该用户想表达的含义是：希望主播能推荐一款护肤品并表示强烈期待和喜爱。  （结合前文弹幕多为护肤美容类提问，且用户使用多个[比心]表情，可推断其核心诉求是求推荐，同时通过表情传递热情和信任感。）
weixue0806,美容护肤,讲讲5号呗,1,该用户想询问主播详细介绍5号产品（可能是之前提到的某种护肤品或美容项目）的具体信息或使用体验。
weixue0806,美容护肤,孕妇适合那个面膜,1,该用户想询问主播是否有适合孕妇使用的面膜产品推荐。
weixue0806,美容护肤,姐你公司几点上班,0,该用户可能是在询问主播的公司工作时间，以便了解何时能联系客服或下单购买产品。
weixue0806,美容护肤,"有赞必回,互关",0,该用户想表达的含义是：希望通过互相点赞和关注来增加社交互动，而非对直播产品有实际购买兴趣。
weixue0806,美容护肤,讲讲14号,1,该用户想表达的含义是：希望主播详细介绍14号产品（可能是商品编号或款式）。
weixue0806,美容护肤,敷完像你这么水灵吗,1,该用户想询问使用该产品后是否能达到主播同款的保湿透亮效果。  （结合前文弹幕中频繁出现的护肤咨询和效果对比，用户通过类比主播的肌肤状态，隐含对产品功效的期待和潜在购买意向。）
weixue0806,美容护肤,推荐一下水,1,该用户想表达的含义是：希望主播能推荐一款适合自己使用的护肤水或爽肤水产品。
weixue0806,美容护肤,有黑头怎么处理雪雪[流泪][流泪][流泪][流泪][比心][比心][比心][比心][比心][比心][比心][比心][比心],0,该用户想表达的含义是：急切寻求解决黑头问题的方法，并希望通过主播的推荐获得有效产品。
weixue0806,美容护肤,没有斑用嘛,1,该用户想询问产品是否适用于没有斑点的肌肤。
weixue0806,美容护肤,这个可以每天用吗?,1,该用户想询问产品的日常使用频率是否适合长期坚持，暗示对产品功效和适用性的关注。
weixue0806,美容护肤,香水哪款好用?,1,该用户想询问直播间推荐的香水款式，表达了对某款或某类香水的潜在购买兴趣。
weixue0806,美容护肤,面膜几盒?,1,该用户想询问面膜的包装规格或购买数量选项。
weixue0806,美容护肤,丽芙欧的那个上吗,1,该用户是在询问直播中是否会介绍或上架“丽芙欧”品牌的某款产品（可能是前面提到的面膜或其他护肤品）。
weixue0806,美容护肤,"美白面膜和大师面膜都买了,两种每天都用吗",1,该用户想确认购买的两款面膜是否需要交替使用或可以同时每天使用。
weixue0806,美容护肤,"前段时间你不在找不到地方买,跑去其他地方囤面膜了,看到这个美白面膜又心动了",0,该用户想表达的含义是：之前因主播缺货而被迫在其他渠道购买面膜，现在看到直播间推荐的美白产品又产生了强烈的购买欲望。
weixue0806,美容护肤,怎么现在好多人都在吃这个辣椒?,0,该用户可能是在好奇近期流行的辣椒产品为何受到广泛关注，并隐含对产品功效或口碑的兴趣。
weixue0806,美容护肤,姐姐什么肤质呢,0,该用户想询问主播的肤质类型以判断产品是否适合自己的皮肤。
weixue0806,美容护肤,"你视频卖的洁面和你直播的一样吗,价格怎么不一样",0,该用户是在确认直播间销售的洁面产品与视频推广的是否同款，并质疑两者存在价格差异。
weixue0806,美容护肤,"买了,次抛咋用",1,该用户想表达的含义是：已经下单购买了次抛产品，但不确定具体使用方法需要主播指导。
weixue0806,美容护肤,有黑头怎么处理雪雪[流泪][流泪][比心][比心][比心][比心][比心][比心][流泪][流泪][流泪],0,该用户急切地寻求针对黑头问题的护肤产品推荐，并通过密集的[比心]和[流泪]表情混合传递焦虑情绪与对主播的信任依赖。
weixue0806,美容护肤,看下4号,1,该用户想表达的含义是：让主播展示或详细介绍4号产品。  （结合前文弹幕中频繁出现对具体产品编号的询问（如“讲讲5号呗”“讲讲14号”），可推断用户是在跟随直播节奏，主动提出对某一商品的兴趣，希望主播优先讲解或展示4号商品。）
weixue0806,美容护肤,"收到了,那个胶原面膜,咋用啊[捂脸]",1,该用户想表达的含义是：已经购买了胶原面膜但不太清楚使用方法，希望得到指导。
weixue0806,美容护肤,胶原蛋白好用还是美白的,1,该用户想询问胶原蛋白产品和美白产品哪个效果更好或更适合自己使用。
weixue0806,美容护肤,我朋友看你直播也去买彩椒了,0,该用户想表达的含义是：身边朋友的购买行为增强了自己对彩椒产品的信任和兴趣。  （结合前文弹幕中频繁出现的产品讨论、购买反馈和护肤咨询，可推断该用户通过社交关系间接认可商品价值，隐含潜在购买意愿。）
weixue0806,美容护肤,有黑眼圈怎么办,0,该用户可能是在询问直播间推荐的产品是否能解决黑眼圈问题，暗示对相关护肤品的购买兴趣。
weixue0806,美容护肤,有黑头怎么处理雪雪[流泪][流泪][流泪][流泪][流泪][比心][比心][流泪][流泪][流泪],0,该用户急切地询问主播如何解决黑头问题，并通过重复流泪和比心表情混合传递焦虑与信任感，暗示对相关产品的潜在购买需求。
weixue0806,美容护肤,主播的唇打波波了吗,0,该用户可能是在询问主播的唇部产品是否具有持久或显色的效果，暗示对主播使用的口红或唇彩产品感兴趣。
weixue0806,美容护肤,面膜角质层有点薄不能每天用的吧?,1,该用户是在询问面膜的使用频率是否适合角质层较薄的肤质，隐含对产品适用性的担忧和购买前的谨慎考量。
weixue0806,美容护肤,10号没有了吗,1,该用户是在询问直播间此前展示过的10号商品是否已经售罄或下架。
weixue0806,美容护肤,有去眼袋的没,1,该用户是在询问直播间是否有能改善眼袋问题的产品。
weixue0806,美容护肤,精华油还有嘛,1,该用户想询问精华油是否仍有库存可供购买。
weixue0806,美容护肤,一天用一片嘛,1,该用户可能在询问面膜的使用频率是否适合每天一片。
weixue0806,美容护肤,身体乳香吗,1,该用户是在询问身体乳的香味是否好闻，以评估是否值得购买。
weixue0806,美容护肤,眼油真的有用吗,1,该用户是在询问眼部护理产品的实际效果是否值得购买。
weixue0806,美容护肤,项链是哪家的呀?[爱心][爱心][爱心][爱心][爱心],1,该用户对主播展示的项链品牌产生了强烈兴趣，希望通过询问购买渠道表达明确的购买意向。
weixue0806,美容护肤,有黑头怎么处理雪雪[流泪][流泪][流泪][流泪][流泪][流泪][流泪][比心][流泪][流泪][流泪][比心],0,该用户急切地寻求主播推荐去黑头产品，通过重复流泪和比心表情强调问题的困扰及对主播的信任。
weixue0806,美容护肤,怎么用那个精华,1,该用户想询问主播推荐的精华产品的具体使用方法。
weixue0806,美容护肤,吃辣椒有什么好处吗?,0,该用户可能在询问产品功效，试图了解辣椒类商品（如彩椒或其他相关产品）的健康或美容价值，以评估是否值得购买。
weixue0806,美容护肤,1号和5号有什么区别吗?,1,该用户想询问产品1号和5号的具体功能或效果差异，以便做出购买决策。
weixue0806,美容护肤,有黑头怎么处理雪雪[流泪][流泪][流泪][比心][比心][比心][流泪],0,该用户急切想咨询主播关于去黑头的产品推荐或解决方法，并通过重复提问和混合使用流泪/比心表情强调问题的紧迫性和对主播的信任。
weixue0806,美容护肤,20岁能用吗,1,该用户想询问主播推荐的产品是否适合20岁年龄段的肤质或需求。
weixue0806,美容护肤,眼底有细纹买哪个眼油,1,该用户想表达的含义是：咨询针对改善眼部细纹问题的眼油产品推荐。  （结合前文弹幕可见，直播间讨论集中在护肤问题，尤其是眼部护理相关，如黑眼圈、眼袋等，用户提问符合当前语境，且明确指向具体需求——寻求产品解决方案。）
weixue0806,美容护肤,睡衣上架,1,该用户可能在询问主播是否会上架睡衣产品，并表达了对睡衣的兴趣或购买意向。
weixue0806,美容护肤,极光油跟次抛精华可以一起用吗,1,该用户是在询问两款护肤品（极光油和次抛精华）的搭配使用方法，表现出对产品组合使用的实际需求和购买前的使用顾虑。
weixue0806,美容护肤,你在吃啥,0,该用户可能是对主播正在展示或提到的食品类产品产生好奇，想确认是否在介绍可购买的零食或饮品。
weixue0806,美容护肤,衣服哪里买的,1,该用户想询问主播身上所穿服装的购买渠道或品牌信息。
weixue0806,美容护肤,有针对晒斑用的吗,1,该用户想询问直播推荐的产品是否有针对晒斑问题的功效或款式。
weixue0806,美容护肤,韩国哪个机构,0,该用户可能是在询问直播中提到的某个韩国美容机构或产品品牌的具体名称。
weixue0806,美容护肤,有什么补水面膜推荐吗?我刚刚出月子!那个脸干到裂开了[流泪][流泪][流泪],1,该用户因产后皮肤严重缺水而急切寻求适合的补水面膜推荐。
weixue0806,美容护肤,送helloKitty睡衣吗,1,该用户是在询问直播间是否会赠送展示中的HelloKitty主题睡衣作为促销福利。
weixue0806,美容护肤,有没有回头面霜,1,该用户是在询问直播间是否售卖某款具有回购价值的面霜产品。
weixue0806,美容护肤,有黑头怎么处理雪雪[流泪][流泪][比心][比心][流泪][流泪][流泪][比心][比心],0,该用户急切地询问主播关于黑头问题的解决方法，并通过反复使用流泪和比心表情强调自己的困扰与对主播的信任期待。
weixue0806,美容护肤,要怎样用,1,该用户想询问产品的具体使用方法或操作步骤。
weixue0806,美容护肤,眼油有用吗,1,该用户是在询问眼油产品的实际效果，以评估是否值得购买。
weixue0806,美容护肤,说一下面霜,1,该用户想表达的含义是：请详细介绍这款面霜的功效、适用人群或使用方法等信息。
weixue0806,美容护肤,天生黑咋办,0,该用户可能在询问如何改善天生肤色偏黑的问题，暗示对美白或肤色提亮类产品有潜在需求。
weixue0806,美容护肤,项链好漂亮,1,该用户可能被项链的外观吸引，产生了明显的兴趣或购买意向。
weixue0806,美容护肤,怎么使用?,1,该用户想询问产品的具体使用方法或操作步骤。
weixue0806,美容护肤,头发什么颜色,0,该用户可能在询问直播中展示的产品（如染发剂或假发）的具体颜色选项，想了解是否有适合自己的发色可供选择。
weixue0806,美容护肤,是每天都要敷嘛,1,该用户想表达的含义是：询问产品的使用频率是否需每日坚持以确认购买后的实际使用需求。  （结合语境：直播间主要讨论护肤产品功效及使用方法，用户提问聚焦于产品具体使用细节，隐含对产品长期适用性的考量，属于潜在购买意向的试探性咨询。）
weixue0806,美容护肤,有推荐的去眼袋的产品吗,1,该用户是在主动寻求针对眼袋问题的护肤品推荐，表现出明确的购买意向和产品需求。
weixue0806,美容护肤,吊坠是糊糊吗,1,该用户可能是想询问吊坠的材质或做工是否粗糙不清晰。
weixue0806,美容护肤,项链是哪家的[爱心][爱心][爱心][爱心][爱心],1,该用户想表达的含义是：对主播展示的项链品牌或购买渠道表现出强烈的兴趣和喜爱。
weixue0806,美容护肤,没有斑能用吗,1,该用户想询问产品是否适合没有色斑的肌肤使用。
weixue0806,美容护肤,眼油对上眼皮松弛有效果吗?,1,该用户想询问这款眼部护理产品是否能改善上眼皮松弛的问题，以评估其购买价值。
weixue0806,美容护肤,这个可以天天敷吗,1,该用户想询问产品是否可以长期频繁使用，担心过度使用可能带来副作用或效果打折。
weixue0806,美容护肤,可啦啦哪款?,1,该用户是在询问直播中推荐的“可啦啦”品牌具体哪款产品值得购买。
weixue0806,美容护肤,"大师面膜不洗,还要涂晚霜吗",1,该用户想询问使用大师面膜后是否还需要叠加晚霜的护肤步骤。
weixue0806,美容护肤,这个核桃洗面奶很好用么,1,该用户是在询问这款核桃洗面奶的实际使用效果，想了解它是否真的像宣传的那样好用。
weixue0806,美容护肤,雪水光面膜呢,1,"该用户是在询问直播间是否售卖或介绍""雪水光面膜""这款产品。"
weixue0806,美容护肤,1和5号有什么区别,1,该用户想询问直播中提到的1号和5号产品在功能或特性上的具体差异。
weixue0806,美容护肤,"姐姐,真漂亮",0,该用户可能是在夸赞主播的外貌以表达好感，但并未直接表现出对商品的购买兴趣。
weixue0806,美容护肤,什么油哪个油我要买要买,1,该用户急切地询问主播正在介绍的护肤油具体是哪款产品，并明确表达了强烈的购买意愿。
weixue0806,美容护肤,你的胶原蛋白面膜有吗?,1,该用户是在询问直播间是否有售卖胶原蛋白面膜这款产品，表现出明确的购买意向。
weixue0806,美容护肤,美瞳是什么花色,1,该用户想询问直播中展示的美瞳产品具体有哪些颜色或图案款式可选。
weixue0806,美容护肤,有黑头怎么处理雪雪[流泪][流泪][流泪][比心][流泪][流泪][流泪][比心][比心][比心][流泪][流泪][比心][比心][比心],0,该用户想表达的含义是：急切询问如何解决黑头问题，并流露出对主播的信任和喜爱。  （解析：结合前文弹幕多为护肤美妆类提问，且用户频繁使用[流泪]和[比心]表情，既体现对问题的焦虑，又通过表情符号强化情感联结，符合直播间常见的求助+互动表达模式。）
weixue0806,美容护肤,可啦啦什么色号,1,该用户是在询问直播中提到的“可啦啦”品牌美瞳的具体颜色款式。
weixue0806,美容护肤,18号链接开价了吗,1,该用户是想询问18号商品链接的价格是否已经公布或开始售卖。
weixue0806,美容护肤,helloKitty睡衣送给我们,0,该用户想表达的含义是：询问主播是否会将helloKitty睡衣作为赠品送给观众。  （结合前文弹幕多为询问产品细节、功效或购买相关的内容，且部分带有急切或互动语气，可推断此条弹幕是在直播间的促销或互动环节中，用户对赠品活动的兴趣表达。）
weixue0806,美容护肤,是可啦啦哪款呀,1,该用户想询问直播中提到的“可啦啦”品牌具体是哪一款产品。
weixue0806,美容护肤,"颈纹,颈纹",1,该用户可能在询问直播间是否有针对颈部皱纹的护理产品或相关推荐。
weixue0806,美容护肤,"需要填写真实姓名和身份证,安全吗",0,该用户对购买流程中涉及个人信息的安全性问题表示担忧，暗示在考虑下单前需要先确认交易安全性。
weixue0806,美容护肤,霜没上,1,该用户可能在询问主播为何没有展示或推荐某款晚霜产品。
weixue0806,美容护肤,有黑头怎么处理雪雪[流泪][流泪][流泪][比心][比心][比心][流泪][流泪][流泪],0,该用户急切地询问主播关于去黑头的方法，并通过重复的表情符号强烈表达了对该问题的困扰和寻求帮助的迫切心情，同时流露出对主播的信任与好感。
weixue0806,美容护肤,美白饮是你卖的吗,1,该用户可能在询问主播是否销售美白饮产品，并隐含对该产品的购买意向或进一步了解的需求。
weixue0806,美容护肤,要洗吗?,1,该用户可能在询问产品使用后是否需要清洗步骤。
weixue0806,美容护肤,美瞳有上链接吗,1,该用户是在询问直播中提到的美瞳产品是否已开放购买链接，表现出明确的购买意向和急迫感。
weixue0806,美容护肤,口红用的什么,1,该用户想询问主播当前展示的口红产品具体是哪一款或什么色号。  （结合前文弹幕多为询问具体产品细节、色号或功能的语境，用户提问动机明确指向产品信息获取，属于典型的购买兴趣表达。）
weixue0806,美容护肤,面膜一周用几次???,1,该用户想询问面膜产品的使用频率以评估是否适合自己购买。
weixue0806,美容护肤,刚来美女再介绍一下都有什么[比心],0,该用户想表达的含义是：刚进入直播间的新观众希望主播重新介绍当前展示的产品信息。
weixue0806,美容护肤,"有没有淡斑的,宝贝[捂脸]",1,该用户是在询问直播间是否有能够淡化色斑的产品，并表现出对该类产品的兴趣和需求。
weixue0806,美容护肤,防晒霜讲一下,1,该用户希望主播详细讲解当前展示的防晒霜产品的功效、使用方法或优惠信息。
weixue0806,美容护肤,有黑头怎么处理雪雪[流泪][流泪][流泪][流泪][比心],0,该用户急切想咨询主播关于去黑头的产品推荐或解决方法，并透露出对当前皮肤问题的焦虑和寻求帮助的强烈意愿。
weixue0806,美容护肤,18号怎么样,1,该用户是在询问18号链接商品的具体情况或购买信息。
weixue0806,美容护肤,项链是什么[赞],1,该用户想表达的含义是：询问主播展示的项链款式或材质，并附带点赞表示对商品的兴趣。
weixue0806,美容护肤,9号讲讲,1,该用户可能是催促主播讲解9号链接的产品信息或询问该产品的相关细节。
weixue0806,美容护肤,是日抛么,1,该用户是在询问直播中提到的产品是否为一次性使用的日抛型美瞳。
weixue0806,美容护肤,精华是面膜前打底吗,0,该用户是在询问精华液是否需要在敷面膜前作为打底步骤使用，表现出对产品使用方法的兴趣和购买前的细节确认需求。
weixue0806,美容护肤,"美女,是189五片么?",1,该用户可能在询问主播某款产品的具体价格和规格是否如所提到的“189元五片”。
weixue0806,美容护肤,沐浴露选哪个味道,1,该用户想询问主播推荐哪款沐浴露的香味更适合自己。
weixue0806,美容护肤,面膜下单了怎么用,1,该用户想确认购买的面膜产品的具体使用方法。
weixue0806,美容护肤,哪一款,1,该用户想询问主播正在介绍的产品中具体推荐哪一款更合适。
weixue0806,美容护肤,粉底有吗,1,该用户是在询问直播间是否有粉底产品上架或推荐。
weixue0806,美容护肤,胶原蛋白面膜在几号,1,该用户想询问胶原蛋白面膜在商品列表中的编号或上架顺序，以便了解何时可以购买或查看详情。
weixue0806,美容护肤,用的什么唇膏,1,该用户想询问主播正在使用的唇膏品牌或色号信息，以便考虑是否购买同款。
weixue0806,美容护肤,"眼膜已拍,一周几次",1,该用户想表达的含义是：我已经下单购买了眼膜，想咨询一下这款产品的建议使用频率。
weixue0806,美容护肤,"有没有淡斑的,宝贝",1,该用户是在询问直播间是否有能够淡化色斑的产品。
weixue0806,美容护肤,1号和5号的区别在哪,1,该用户想询问直播中展示的1号和5号产品在功能或特性上的具体差异。
weixue0806,美容护肤,白月光次抛怎么使用,1,该用户想询问“白月光次抛”这款产品的具体使用方法。
weixue0806,美容护肤,油要怎么用,1,该用户想询问直播中提到的某款油类产品的具体使用方法。
weixue0806,美容护肤,补水面膜有推荐吗,1,该用户是在询问主播是否有值得推荐的补水面膜产品，表现出对这类商品的潜在购买意向。
weixue0806,美容护肤,说黑头行吗,1,该用户想询问主播推荐的产品是否对改善黑头问题有效。
weixue0806,美容护肤,你的直播间为什么没有艾克拉迪丹修护舒缓保湿水光面霜,1,该用户是在询问直播间为何没有上架某款特定的修护面霜产品，可能对该产品有购买意向或想确认其 availability。
weixue0806,美容护肤,我也买的可拉拉[看],0,该用户想表达的含义是：我也购买了可拉拉这款产品，并对此感到满意或认同。
weixue0806,美容护肤,是六盒嘛?,1,该用户是在确认产品是否为六盒装规格。
weixue0806,美容护肤,胶原蛋白面膜撕拉,1,该用户可能在询问胶原蛋白面膜是否为撕拉式款式，或想了解其使用方式是否为撕拉操作。
weixue0806,美容护肤,20岁能用吗??[捂脸][比心][比心][比心],1,该用户是在询问某款产品是否适合20岁年龄层使用，同时以表情符号表达了对产品的兴趣和期待。
weixue0806,美容护肤,精华油18岁可以用吗,1,该用户是在询问这款精华油产品是否适合自己这个年龄段使用，隐含对产品功效与年龄匹配度的关注和潜在的购买意向。
weixue0806,美容护肤,精油呢,1,该用户是在询问直播间是否有精油产品或其相关信息。
weixue0806,美容护肤,项链???,1,该用户可能是在询问直播中提到的项链产品的具体信息或购买链接。
weixue0806,美容护肤,最近长痘痘推荐用哪个呀,1,该用户想询问直播间推荐适合痘痘肌使用的护肤产品。
weixue0806,美容护肤,美瞳是可啦啦什么的,1,该用户是在询问主播展示的美瞳品牌是否为“可啦啦”。
weixue0806,美容护肤,姐姐有没有卖白玉面膜,1,"该用户是在询问主播是否售卖一款名为""白玉面膜""的产品，表现出明确的购买意向和产品需求。"
weixue0806,美容护肤,油什么区别,1,该用户是在询问不同产品（可能是精华油或精油）之间的具体差异或功效区别。
weixue0806,美容护肤,皮肤干那个面膜好,1,该用户想询问适合干燥肌肤的面膜产品推荐。
weixue0806,美容护肤,我用的美瞳就是可拉拉,0,该用户想表达的含义是：我也在使用这个品牌的美瞳产品，对其表示认可或感兴趣。
weixue0806,美容护肤,上眼皮松弛用什么?,1,该用户想询问针对上眼皮松弛问题的护肤产品或解决方案。
weixue0806,美容护肤,卸妆膏多少钱?,1,该用户是在询问卸妆膏的价格信息，表现出对产品的购买意向和价格敏感度。
weixue0806,美容护肤,怎么用啊,1,该用户想询问产品的具体使用方法或操作步骤。
weixue0806,美容护肤,敷完面膜需要洗脸吗,1,该用户是在询问面膜使用后的具体护肤步骤，想确认是否需要额外清洁。
weixue0806,美容护肤,这个也是功效型的嘛?,1,该用户是在询问当前介绍的产品是否属于具有特定护肤功效的类型（如美白、抗皱等）。
weixue0806,美容护肤,我正在敷3号面膜,0,该用户想表达的含义是：我正在使用你们推荐过的3号面膜产品。
weixue0806,美容护肤,发光小伙呢雪姐,0,该用户可能在询问主播“发光小伙”这款产品或相关人物（如模特、嘉宾）为何没有出现在直播中。
weixue0806,美容护肤,18930片啊,1,该用户惊讶或感叹于商品的数量巨大（18930片）。
weixue0806,美容护肤,敷完需要洗吗,1,该用户想询问使用产品后是否需要额外的清洁步骤。
weixue0806,美容护肤,"快谈可啦啦,我常年用他家[捂脸]",1,该用户急切希望主播介绍可啦啦品牌的产品，并表示自己是该品牌的长期忠实用户。
weixue0806,美容护肤,回头霜是哪个,1,该用户可能在询问直播间正在介绍的某款护肤产品“回头霜”的具体信息或购买链接。
weixue0806,美容护肤,"姐姐,毛孔粗大怎么搞",0,该用户想咨询主播针对毛孔粗大问题的护肤产品或解决方案。
weixue0806,美容护肤,"雪,你用的可啦啦那个系列",1,该用户想询问主播使用的可啦啦美瞳具体是哪一款系列产品。
weixue0806,美容护肤,推荐爽肤水,1,该用户希望主播推荐适合自己肤质或需求的爽肤水产品。
weixue0806,美容护肤,这个睡衣我也想买,1,该用户看到直播中展示的睡衣后产生了明确的购买意向。
weixue0806,美容护肤,有链接吗,1,该用户想询问当前讨论的商品是否有购买渠道或商品页面链接。
weixue0806,美容护肤,精油不上了啊,1,该用户可能是在询问或遗憾直播间没有继续售卖之前提到的精油产品。
weixue0806,美容护肤,有黑头怎么处理雪雪[流泪][流泪][流泪][比心][比心][比心][比心][流泪][流泪][流泪][流泪][流泪][比心][比心],0,该用户急切地询问如何解决黑头问题，并通过对主播的亲密称呼和大量表情符号表达强烈的情感依赖和信任。
weixue0806,美容护肤,5号面膜,1,该用户可能是在询问或指定想要了解/购买的“5号面膜”相关信息或产品链接。
weixue0806,美容护肤,回头霜几号,1,该用户是在询问主播之前提到的“回头霜”商品的具体编号或款式信息。
weixue0806,美容护肤,要洗吗,1,该用户是在询问直播中提到的产品使用后是否需要清洗。
weixue0806,美容护肤,祛斑的有吗?,1,该用户是在询问直播间是否有祛斑相关的产品推荐或介绍。
weixue0806,美容护肤,"黑眼圈好重,涂抹哪个",1,该用户想询问主播推荐哪款产品可以改善黑眼圈问题。
weixue0806,美容护肤,14号链接可以讲一下吗,1,该用户想表达的含义是：对14号链接的商品详情感兴趣，希望主播进一步介绍。
weixue0806,美容护肤,卸妆的有吗?,1,该用户是在询问直播间是否有推荐或正在介绍的卸妆产品。
weixue0806,美容护肤,有没有那个胶原蛋白面膜,1,该用户是在询问直播间是否有售卖胶原蛋白面膜这款产品。
weixue0806,美容护肤,大师面膜完还要晚霜吗,1,该用户是在询问使用完大师面膜后是否还需要搭配晚霜进行后续护肤。
weixue0806,美容护肤,水乳用几号链接啊?,1,该用户是在询问主播提到的某款水乳产品对应的商品购买链接编号。
weixue0806,美容护肤,有黑头怎么处理雪雪[流泪][流泪][比心][比心][流泪][流泪][比心][流泪][比心][流泪],0,该用户急切想咨询主播关于黑头问题的解决方法，并通过频繁使用表情符号表达强烈的困扰和期待帮助的心情。
weixue0806,美容护肤,多少钱,1,该用户想询问当前直播中正在介绍或展示的商品的售价信息。
weixue0806,美容护肤,美瞳是日抛么,1,该用户是在询问美瞳是否为一次性使用的日抛款式，以确认产品属性是否符合自己的使用需求。
weixue0806,美容护肤,为啥每次进你直播间都要花点钱才出得去[捂脸],0,该用户想表达的含义是：主播的带货能力太强，自己每次观看直播都会忍不住下单消费。
weixue0806,美容护肤,有黑头怎么处理雪雪[流泪][流泪][流泪][比心][流泪][比心][比心][比心][流泪],0,该用户急切地询问主播如何解决黑头问题，并通过重复的流泪和比心表情混合传递出既困扰又信任的复杂情绪。
weixue0806,美容护肤,送姐姐嘛[比心],0,该用户可能是在询问主播某件商品是否适合作为送给姐姐的礼物，并暗示自己对此感兴趣。
weixue0806,美容护肤,耳环好看,1,该用户可能是在表达对展示的耳环款式产生兴趣，暗示希望了解产品详情或购买方式。
weixue0806,美容护肤,站起来我截个图,0,该用户可能是对主播展示的商品（如耳环或其他视觉类产品）感兴趣，想截图保存以便进一步了解或分享。
weixue0806,美容护肤,这美白面膜天天都要用吗?,1,该用户可能是在询问美白面膜的使用频率，以确认产品是否需要每日坚持使用才能达到预期效果，表现出对产品具体使用方法的关注和潜在的购买意向。
weixue0806,美容护肤,能不能讲一下防晒霜,1,该用户希望主播详细介绍防晒霜的产品信息或使用建议。
weixue0806,美容护肤,"防晒防晒防晒防晒,想听",1,该用户急切想了解防晒产品的详细介绍，可能是对当前推荐的产品产生了兴趣或需要更多信息来辅助购买决策。
weixue0806,美容护肤,有没有睡衣链接,1,该用户想询问主播是否提供了睡衣产品的购买链接，表明对睡衣有明确的购买意向。
weixue0806,美容护肤,看下油,1,"该用户想表达的含义是：想了解直播间正在展示的护肤油产品的详情或试用效果。 （结合前文美妆护肤主题的密集提问语境，""看下油""是典型的产品指向性催促，意图是让主播展示/讲解某款油类护肤品的使用方法或功效，属于明确的购买兴趣信号。）"
weixue0806,美容护肤,哺乳期可以用吗,1,该用户想询问产品是否适合孕期或哺乳期的特殊人群使用。
weixue0806,美容护肤,敷完面膜需要洗吗,1,该用户想询问面膜使用后的清洁步骤，隐含对产品使用方法的关注和潜在购买意向。
weixue0806,美容护肤,有黑头怎么处理雪雪[流泪][流泪][比心][比心][比心][比心][流泪][流泪][流泪][比心][比心],0,该用户急切地询问主播关于黑头问题的解决方法，并通过密集的流泪和比心表情强调自己的困扰和信任感，表现出强烈的求购意向和情感共鸣需求。
weixue0806,美容护肤,分享一下链接[捂脸][捂脸][捂脸][捂脸][捂脸],1,该用户可能是被直播间的产品吸引或朋友推荐，想通过分享链接让更多人参与购买或了解商品。
weixue0806,美容护肤,黄色精华油可以春夏用吗,1,该用户是在询问黄色精华油是否适合春夏季节使用，以评估其购买适用性。
weixue0806,美容护肤,有黑眼圈,0,该用户可能在询问直播间是否有针对黑眼圈问题的护肤产品或解决方案。
weixue0806,美容护肤,20岁能用吗[比心][比心][比心],1,该用户想表达的含义是：询问产品是否适合20岁年龄层使用，并附带友好互动情绪。
weixue0806,美容护肤,睡衣可以有链接吗,1,该用户是在询问主播能否提供睡衣的购买链接，表现出明确的购买意向。
weixue0806,美容护肤,"姐姐,之前用不同品牌的眼霜偶尔会长脂肪粒,这个眼油好吸收吗",1,该用户是在询问这款眼油的吸收效果是否适合自己易长脂肪粒的肤质，隐含对产品功效的担忧和潜在的购买意向。
weixue0806,美容护肤,你这衣服真好看有链接吗,1,该用户对展示的服装产生兴趣并希望获取购买途径。
weixue0806,美容护肤,素颜霜,1,该用户可能是在询问或暗示对直播中提到的素颜霜产品感兴趣，想了解详情或获取购买链接。
weixue0806,美容护肤,卸妆膏好用吗,1,该用户想表达的含义是：询问卸妆膏的使用效果以评估是否值得购买。  （结合前文弹幕高频出现的产品功能咨询、适用性提问及求链接行为，可推断用户动机是通过了解产品实际效果来辅助消费决策，属于典型的购买意向试探。）
weixue0806,美容护肤,这个貔貅看起来是不是比上次那个大啊?这个比例夏天配衣服好像更合适呢.[比心][比心],1,该用户通过对比尺寸和搭配效果，表达了对这款貔貅饰品的明显兴趣和购买倾向。
weixue0806,美容护肤,眼油有现货吗?,1,该用户是在询问眼部精华油的库存情况，暗示有购买意向。
weixue0806,美容护肤,面膜用后要洗脸吗,1,该用户是在询问面膜使用后的清洁步骤，表现出对产品具体使用方法的关注和潜在的购买顾虑。
weixue0806,美容护肤,"拍了洗面奶,怎么还要实名认证",0,该用户对购买流程中的实名认证环节感到困惑，认为在已经下单洗面奶的情况下额外要求认证有些多余。
weixue0806,美容护肤,有黑头怎么处理雪雪[流泪][流泪][流泪][流泪][比心][比心][流泪][流泪][比心][比心],0,该用户急切想了解解决黑头问题的产品推荐，并通过频繁使用表情符号强调自己的困扰和期待主播回应。
weixue0806,美容护肤,去黑眼圈的有嘛,1,该用户是在询问直播间是否有针对黑眼圈问题的产品推荐或相关介绍。
weixue0806,美容护肤,毛孔大买哪个能缩啊美女姐姐,1,该用户是在咨询哪款产品能有效收缩毛孔并寻求主播的推荐建议。
weixue0806,美容护肤,"姐,好美",0,该用户是在夸赞主播的妆容或外貌以表达好感，但并未直接表现出对商品的购买兴趣。
weixue0806,美容护肤,发膜还有吗[捂脸],1,该用户急切询问发膜是否仍有库存，并透露出担心售罄的焦虑情绪。
weixue0806,美容护肤,美白面膜天天都要用吗?,1,该用户可能是在询问美白面膜的使用频率是否适合每天敷，以确认产品是否适合自己的护肤需求或担心过度使用的影响。
weixue0806,美容护肤,介绍下10号的油,1,该用户想询问主播详细介绍10号精华油的产品功效或使用方式。
weixue0806,美容护肤,毛孔粗大,0,该用户可能在询问针对毛孔粗大问题的产品推荐或解决方案。
weixue0806,美容护肤,你mbti是啥呀,0,该用户可能是想通过询问主播的MBTI人格类型来拉近距离或判断其推荐产品的可信度，侧面反映对主播个人特质或专业度的兴趣。
weixue0806,美容护肤,我也一直在用可啦啦美瞳,0,该用户想表达的含义是：我对这款美瞳产品有使用经验且持续关注，可能对同类商品或相关推荐感兴趣。
weixue0806,美容护肤,精华液什么时候用,1,该用户想询问精华液的使用时机或适用场景，可能是在考虑购买前确认产品是否符合自己的护肤需求。
weixue0806,美容护肤,鱼尾纹很严重怎么办,0,该用户可能在询问直播间是否有针对鱼尾纹问题的护肤产品推荐或解决方案。
weixue0806,美容护肤,脖子带的那个是什么品牌的啊,1,该用户是在询问主播脖子上佩戴的饰品的品牌信息，表现出对产品的兴趣和购买意向。
weixue0806,美容护肤,卸妆的有吗???,1,该用户是在询问直播间是否有售卖卸妆产品。
weixue0806,美容护肤,用什么唇膏,1,该用户想询问主播推荐适合自己使用的唇膏产品。
weixue0806,美容护肤,睡衣有链接吗[比心][比心][比心][比心][比心][比心],1,该用户对睡衣产品表现出明确的购买意向，急切想获取商品购买链接以便下单。
weixue0806,美容护肤,有黑头怎么处理雪雪[比心][比心][流泪][流泪][流泪][比心][比心],0,该用户急切想咨询主播关于去黑头的护肤产品或方法，并希望通过频繁使用表情符号（如[比心]和[流泪]）来引起主播的注意和回应。
weixue0806,美容护肤,法令纹用啥,1,该用户想询问直播间推荐哪款产品能改善法令纹问题。
weixue0806,美容护肤,发膜什么时候上?,1,该用户是在询问发膜产品的上架时间，表现出明确的购买意向和对该商品的关注。
weixue0806,美容护肤,沐浴露讲解一下,1,该用户希望主播详细介绍沐浴露的产品功效或使用方式。
weixue0806,美容护肤,油怎么用的雪儿,1,该用户想询问主播推荐的护肤油的具体使用方法和步骤。
weixue0806,美容护肤,祛斑的产品有吗?,1,该用户是在询问直播间是否有针对祛斑问题的护肤产品可供购买。
weixue0806,美容护肤,刚拍了防晒,1,该用户想表达的含义是：我已经下单购买了刚才推荐的防晒产品。
weixue0806,美容护肤,"能不能给胶原蛋白面膜的搞个活动,我想试下",1,该用户希望主播能推出胶原蛋白面膜的优惠活动，以便自己可以尝试购买使用。
weixue0806,美容护肤,法令纹法令纹法令纹法令纹法令纹法令纹法令纹法令纹法令纹法令纹法令纹法令纹法令纹法令纹法令纹,0,该用户可能是在急切询问或强调关于改善法令纹的产品或方法，表现出较强的购买或咨询意向。
weixue0806,美容护肤,有黑头怎么处理雪雪[流泪][流泪][流泪][比心][比心][比心],0,该用户急切想咨询解决黑头问题的方法，并通过表情符号混合表达焦虑情绪（流泪）和对主播的信任/喜爱（比心）。
weixue0806,美容护肤,熊猫除皱有用吗,1,该用户是在询问熊猫品牌除皱产品的实际效果如何，表现出对解决皱纹问题的潜在购买兴趣。
weixue0806,美容护肤,眼底纹怎么处理,0,该用户想询问针对眼部皱纹的护肤产品或解决方案，表现出对相关商品的潜在购买兴趣。
weixue0806,美容护肤,紧致皮肤淡细纹有吗,1,该用户想询问直播间是否有能改善皮肤松弛和淡化皱纹功效的产品。
weixue0806,美容护肤,说下眼油,1,该用户想询问主播关于眼部护理油产品的具体介绍或使用建议。
weixue0806,美容护肤,胶元蛋白面膜有没,1,该用户是在询问直播间是否有胶原蛋白面膜产品，并可能隐含对购买或了解该产品的兴趣。
weixue0806,美容护肤,你头发怎么那么多,0,该用户可能是在询问主播使用的护发产品或生发方法，隐含对头发护理产品的购买兴趣。
weixue0806,美容护肤,黄褐斑怎么办,0,该用户想询问直播间是否有针对黄褐斑问题的护肤产品或解决方案。
weixue0806,美容护肤,遗传眼袋怎么办,0,该用户想询问直播间是否有针对遗传性眼袋问题的解决方案或推荐产品。
weixue0806,美容护肤,你宝宝吗,0,该用户可能是想询问主播使用的母婴产品或育儿经验，表达对相关商品的潜在兴趣。
weixue0806,美容护肤,眼袋呢,0,该用户可能在询问主播是否有针对眼袋问题的产品或解决方案。
weixue0806,美容护肤,次抛啥时候用?,1,该用户是在询问主播推荐的产品中“次抛型护肤品”适合在哪个护肤步骤或时间段使用。  （释义依据：结合前文弹幕高频出现的护肤问题（如细纹、眼袋）和具体产品咨询（如面膜、沐浴露），可推断用户关注点聚焦在护肤品使用细节上；“次抛”是护肤品小包装形式的常见表述，用户提问动机明确指向产品使用方法，属于典型的购买决策前信息确认行为。）
weixue0806,美容护肤,眼周细纹用什么呀,1,该用户想表达的含义是：询问直播间是否有针对眼部细纹的护肤产品推荐或解决方案。
weixue0806,美容护肤,"雪姐,你还缺钱吗?",0,该用户可能在调侃主播频繁推销商品，暗示她是否因缺钱而如此卖力带货。
weixue0806,美容护肤,黑眼圈黑眼圈用什么,1,该用户想表达的含义是：询问针对黑眼圈问题应该使用什么产品。
weixue0806,美容护肤,你刚说的童颜还是有啥,0,该用户可能是想询问主播刚才提到的“童颜”相关产品具体是什么，或者是否有其他类似功效的产品推荐。
weixue0806,美容护肤,有眼蛋怎么办?,0,该用户想询问针对眼部脂肪堆积（眼袋）问题的解决方案或产品推荐。
weixue0806,美容护肤,用完要洗脸吗?,1,该用户是在询问产品使用后是否需要清洁步骤，暗示对产品使用流程的关切和潜在的购买意向。
weixue0806,美容护肤,最近出来很多晒斑,0,该用户可能是在询问如何改善或淡化近期出现的晒斑问题。
weixue0806,美容护肤,换房子了?,0,该用户可能在询问主播是否更换了直播场地或背景环境。
weixue0806,美容护肤,一共多少盒,1,该用户想询问当前推销的产品套装包含的具体数量。
weixue0806,美容护肤,印第安纹咋办,0,该用户想表达的含义是：询问如何改善或消除印第安纹的问题。
weixue0806,美容护肤,眼纹呢,0,该用户想询问主播是否有针对眼部皱纹的产品推荐或相关护肤建议。
weixue0806,美容护肤,黄褐斑能祛吗,0,该用户是在询问直播间推荐的产品是否能有效改善黄褐斑问题。
weixue0806,美容护肤,姐姐粉底液推荐nagw,1,该用户想表达的含义是：询问主播推荐的适合姐姐使用的粉底液品牌或产品。
weixue0806,美容护肤,怎么改善黑眼圈啊[流泪],0,该用户想表达的含义是：询问解决黑眼圈问题的产品或方法。
weixue0806,美容护肤,"洗面奶,干嘛还要实名认证",0,该用户可能对购买洗面奶感兴趣，但对下单前需要实名认证的流程感到疑惑或不满。
weixue0806,美容护肤,口红有链接吗?,1,该用户是在询问主播提到的口红产品是否有购买链接，表达了对该商品的购买意向。
weixue0806,美容护肤,讲一下14号,1,该用户想询问主播详细介绍14号产品（可能是之前提到的某款护肤品或化妆品）。
weixue0806,美容护肤,你眼睛做得好看,0,该用户想表达的含义是：主播的眼部整形或妆容效果很自然漂亮，让人感兴趣。
weixue0806,美容护肤,有黑头怎么处理雪雪[流泪][流泪][流泪][流泪][流泪][比心][比心][比心][比心],0,该用户想表达的含义是：急切询问如何解决黑头问题，并表现出对主播的信任和喜爱。
weixue0806,美容护肤,黑头毛孔大,0,该用户想表达的含义是：询问主播是否有针对黑头和毛孔粗大问题的护肤产品推荐。
weixue0806,美容护肤,"想买给送妈妈的有什么面膜推荐呀,淡化细纹之类的",1,该用户是在询问适合母亲使用的、具有抗皱功效的面膜产品推荐，表现出明确的购买意向和针对性的需求。
weixue0806,美容护肤,有眼袋怎么办,0,该用户想咨询如何消除眼袋问题，可能对相关护肤产品有购买意向。
weixue0806,美容护肤,白玉面膜好用嘛,1,该用户想询问这款面膜的实际效果如何，以评估是否值得购买。
weixue0806,美容护肤,"脸不亮,怎样变亮,变白",0,该用户是在询问如何改善面部暗沉、提亮肤色的护肤方法。
weixue0806,美容护肤,有黑头怎么处理雪雪[流泪][流泪][流泪][流泪][比心][比心],1,该用户急切地询问主播关于黑头问题的解决方法，并通过表情符号流露出对问题的困扰和对主播的信任喜爱。
weixue0806,美容护肤,9号价格上了吗?,1,该用户是在询问9号商品的价格是否已经公布或调整，表现出对该产品的关注和潜在的购买意向。
weixue0806,美容护肤,那是不行299比面膜还贵,0,该用户认为299元的价格过高，甚至比面膜还贵，表示难以接受或觉得不值。
weixue0806,美容护肤,1号和3号有什么区别,1,该用户想了解产品编号1号和3号之间的具体差异，可能是为了比较两者功能或效果后做出购买决策。
weixue0806,美容护肤,10号油呢,1,该用户是在询问直播间是否已上架或介绍10号护肤油产品。
weixue0806,美容护肤,你应该说一下怎么用,1,该用户希望主播详细讲解产品的具体使用方法或操作步骤。
weixue0806,美容护肤,泪沟呢?打什么,1,该用户可能在询问主播使用的遮瑕产品或手法如何有效遮盖泪沟问题。
weixue0806,美容护肤,白月光医美以后能用吗,1,该用户是在询问这款名为“白月光”的医美产品是否具有长期使用效果或后续适用性。
weixue0806,美容护肤,20岁能用吗[比心][比心][比心]20岁能用吗[比心][比心][比心]20岁能用吗[比心][比心][比心]真的好奇呀[爱心][爱心][爱心][爱心],1,该用户是在询问产品是否适合自己这个年龄段使用，并表现出强烈的兴趣和期待。
weixue0806,美容护肤,精华赠多少?,1,该用户是在询问产品附赠的精华液分量或促销活动详情。
weixue0806,美容护肤,水光芯不卖了吗,1,该用户是在询问某款名为“水光芯”的产品是否已经停售，表现出对该产品的购买意向或关注。
weixue0806,美容护肤,脸上没有斑能用吗,1,该用户是在询问产品是否适合没有色斑的肌肤使用，隐含对产品功效或适用范围的潜在购买顾虑。
weixue0806,美容护肤,项链是什么图案,1,该用户想询问直播中展示的项链的具体设计细节或图案样式，以评估是否符合自己的审美或购买需求。
weixue0806,美容护肤,推荐下水,1,该用户想表达的含义是：询问主播是否推荐适合自己使用的化妆水或护肤水类产品。
weixue0806,美容护肤,油!!!!!,1,该用户可能在急切询问或感叹直播间提到的某款油类产品（如精华油或护肤油）的使用效果或价格信息。
weixue0806,美容护肤,男士洗面奶有吗,1,该用户是在询问直播间是否有适合男性使用的洁面产品，表现出对该类商品的具体购买意向。
weixue0806,美容护肤,有黑头怎么处理雪雪[流泪][流泪][比心][比心][流泪][流泪],0,该用户急切想寻求解决黑头问题的产品推荐，并通过重复表情符号强调自己的困扰和期待主播回复的迫切心情。
weixue0806,美容护肤,谢谢雪儿,0,该用户可能是在向主播表达感谢或友好互动，但并未直接体现明确的购买意向。
weixue0806,美容护肤,1号还有吗,1,该用户是在询问直播间正在推销的1号商品是否仍有库存可供购买。
weixue0806,美容护肤,童颜面膜,1,该用户可能是在询问主播关于“童颜面膜”的具体信息或功效，表达出对该产品的兴趣和购买意向。
weixue0806,美容护肤,有斑怎么办,0,该用户想咨询直播间推荐的产品是否能够解决面部色斑问题。
weixue0806,美容护肤,眼油上架了吗?,1,该用户是在询问直播间是否已开始售卖某款眼部护理油产品。
weixue0806,美容护肤,"你好,眼油多少钱",1,该用户是在询问直播间所售眼部护理产品的价格，表明对购买该商品有潜在兴趣。
weixue0806,美容护肤,睡衣?,1,该用户可能在询问主播展示的睡衣款式或相关购买信息。
weixue0806,美容护肤,25岁该用什么t区油脸颊起皮,1,该用户想询问适合25岁混合性肌肤（T区出油、脸颊干燥）的护肤产品推荐。
weixue0806,美容护肤,什么尺寸,1,该用户可能是在询问主播展示的商品（如护肤品、服饰或配饰）的具体规格或适用尺寸信息。
weixue0806,美容护肤,我特别特别喜欢你[赞],0,该用户想表达对主播或推荐产品的强烈好感，暗示潜在的购买意愿或对直播内容的积极认可。
weixue0806,美容护肤,有黄褐斑怎么办,0,该用户可能是在询问直播间是否有针对黄褐斑问题的产品或解决方案，表现出对相关美容产品的潜在购买兴趣。
weixue0806,美容护肤,"面膜已拍,怎么订单上只有一盒?",0,该用户想表达的含义是：自己已经下单购买了面膜，但对订单数量有疑问，想确认是否系统出错导致只收到一盒而非预期的多盒。  （结合前文弹幕中频繁出现的产品咨询和购买意向，用户可能是在直播促销中误以为拍下的是多盒套装，或对赠品数量存疑。）
weixue0806,美容护肤,姐姐白玉面膜好用嘛,1,该用户是在询问主播推荐的白玉面膜的使用效果，表现出对产品的兴趣和购买意向。
weixue0806,美容护肤,不买也截一个[捂脸],0,该用户想表达的含义是：虽然暂时没有购买意愿，但出于对商品展示效果的认可或兴趣，想截图保存作为参考或分享。
weixue0806,美容护肤,"拍了洗面奶,干嘛还要实名认证",0,该用户对购买洗面奶后还需实名认证的流程感到困惑或不耐烦，认为这一步骤多余或不合理。
weixue0806,美容护肤,眼纹打什么,1,该用户可能是在询问针对眼部皱纹应该使用什么产品或护肤方法。
weixue0806,美容护肤,刚刚睡衣是啥,1,该用户想询问之前提到的睡衣产品的具体信息（如款式、品牌或购买方式）。
weixue0806,美容护肤,美白面膜天天用吗?,1,该用户可能在询问美白面膜的使用频率是否适合每天敷，想确认产品是否足够温和或有效以支持高频使用。
weixue0806,美容护肤,美女穿啥都好看,0,该用户是在夸赞主播的穿搭有吸引力，间接表达了对展示商品的兴趣和好感。
weixue0806,美容护肤,眼珠子什么色,1,该用户是在询问直播中展示的美瞳或隐形眼镜的颜色款式。
weixue0806,美容护肤,再看一眼,1,该用户可能对之前提到的某个商品（如眼油、面膜或睡衣）产生了兴趣，想再次确认产品信息或犹豫是否购买。
weixue0806,美容护肤,有眼袋用那个好,1,该用户想询问针对眼袋问题应该选择直播间的哪款产品。
weixue0806,美容护肤,白色内搭,1,该用户可能在询问主播展示的白色内搭服装的具体信息或购买方式。
weixue0806,美容护肤,还有那个胶原面膜吗?,1,该用户是在询问直播间是否还有之前提到的胶原面膜库存，并透露出潜在的购买意向。
weixue0806,美容护肤,裤子什么尺寸啊,1,该用户是在询问裤子的具体尺码信息，以便判断是否适合自己购买。
weixue0806,美容护肤,"有黑头怎么处理雪雪,[流泪][流泪][流泪][流泪][流泪][流泪][流泪][比心][比心][比心][比心][比心]",0,该用户想表达的含义是：急切询问如何解决黑头问题，并带有强烈的情感诉求和对主播的信任。
weixue0806,美容护肤,"你眼睛好看,哪里做的?",0,该用户可能是对主播的容貌特征产生兴趣，并询问其医美或美妆相关信息。
weixue0806,美容护肤,上胶原蛋白,1,该用户可能在询问直播间是否还有胶原蛋白面膜或其他相关产品在售。
weixue0806,美容护肤,推荐水,1,该用户想表达的含义是：询问主播推荐哪款补水产品。
weixue0806,美容护肤,面膜有试用吗?,1,该用户想询问面膜产品是否提供试用装或试用服务，以确认产品效果后再决定购买。
weixue0806,美容护肤,三明治怎么用?[比心][比心][比心][比心],1,该用户可能是在询问直播中提到的“三明治”产品的使用方法，并附上表情符号表达对产品的兴趣或对主播的喜爱。
weixue0806,美容护肤,"在你这里买那么多面膜,可以天天用吗?",1,该用户是在询问长期频繁使用该款面膜是否安全或有效，隐含对产品使用频率的顾虑和潜在复购意向。
weixue0806,美容护肤,"5号链接收到了,小姐姐面膜怎么用?",1,该用户想表达的含义是：已经购买了5号链接的面膜，现在想咨询主播具体的使用方法。
weixue0806,美容护肤,康康你的手机壳,1,该用户想表达的含义是：想仔细看看主播展示的手机壳款式或细节。
weixue0806,美容护肤,眼膜是那个链接,1,该用户是在询问眼膜产品对应的购买链接，表明对商品有明确的购买意向。
weixue0806,美容护肤,红血丝用什么,0,该用户想询问直播间推荐哪款产品适合改善面部红血丝问题。
weixue0806,美容护肤,内沟要怎么办啦,0,该用户可能在询问主播关于“内沟”（可能指黑头或皮肤毛孔问题）的解决方法，表达了对相关产品的购买兴趣或需求。
weixue0806,美容护肤,泪勾泪勾泪勾,0,该用户可能是在用谐音和重复表达焦急或调侃的情绪，类似“内沟要怎么办啦”的延伸，暗示对产品使用细节（如面膜贴合鼻翼的“泪沟”部位）存在疑问或需要指导。
weixue0806,美容护肤,手链有吗,1,该用户想询问直播中是否有手链商品在售或展示。
weixue0806,美容护肤,大师面膜好用吗,1,该用户想询问这款面膜的实际使用效果是否值得购买。
weixue0806,美容护肤,黄颜色?,0,该用户可能在询问直播中展示的某件商品是否有黄色款式可选。
weixue0806,美容护肤,11那个唇的好用么,1,该用户是在询问直播间推荐的11号链接的口红产品是否效果不错，表现出对产品的具体购买兴趣。
weixue0806,美容护肤,水光霜下链接了吗,1,该用户是在询问主播是否已经上架了水光霜的购买链接，表现出明确的购买意向。
weixue0806,美容护肤,这个美白面膜咋用,1,该用户想询问美白面膜的具体使用方法，表现出对产品的实际使用细节的关注和潜在购买意向。
weixue0806,美容护肤,你怎么样都很美,0,该用户想表达的含义是：主播的外貌或气质非常吸引人，让人由衷赞美。  （结合前文弹幕多为产品咨询和互动，这条更偏向对主播个人的夸赞，可能因主播展示产品时的状态激发了观众的欣赏，但未直接关联购买意向。）
weixue0806,美容护肤,抗皱面霜用哪个?,1,该用户想询问主播推荐一款适合抗皱功效的面霜产品。
weixue0806,美容护肤,眼油上架吧,1,该用户希望主播尽快上架眼部精华油产品。
weixue0806,美容护肤,美白面膜孕妇能用不?,1,该用户是在询问这款美白面膜是否适合孕妇使用，以评估其安全性和适用性。
weixue0806,美容护肤,姐的睫毛膏是哪款啊,1,该用户想询问主播正在使用的睫毛膏产品名称或购买链接。
weixue0806,美容护肤,用纸擦,0,该用户可能在询问直播中提到的某款护肤品是否需要配合纸巾擦拭使用。
weixue0806,美容护肤,项链什么图案,1,该用户想询问项链的具体设计款式或图案样式。
weixue0806,美容护肤,黑头毛孔粗大可以用这个面膜吗,1,该用户是在询问这款面膜是否适合解决自己黑头和毛孔粗大的皮肤问题。
weixue0806,美容护肤,油好用吗?,1,该用户是在询问直播中提到的护肤油产品的使用效果如何。
weixue0806,美容护肤,姐姐你打肉毒吗,0,该用户可能在询问主播是否使用过肉毒杆菌美容产品，并对其效果感兴趣。
weixue0806,美容护肤,有黑头怎么处理雪雪[流泪][流泪][流泪][流泪][比心][比心][比心],0,该用户想表达的含义是：急切询问主播如何解决黑头问题，同时通过表情符号表达对主播的信任和喜爱。  （释义要点：结合前文弹幕多为护肤问题咨询和产品询问的语境，用户的核心诉求是解决黑头问题；[流泪]表情体现焦虑或迫切，[比心]则是对主播的友好互动，整体语气偏向求助而非单纯吐槽。）
weixue0806,美容护肤,20岁能用吗?[比心],1,该用户是在询问产品是否适合20岁的年轻肌肤使用，同时表达了对主播的友好态度。
weixue0806,美容护肤,成小黄人了,0,该用户想表达的含义是：皮肤被产品染黄了，担心效果或使用方式有问题。
weixue0806,美容护肤,"不黄,好看",1,该用户想表达的含义是：这个颜色并不显得发黄，反而很漂亮。
weixue0806,美容护肤,有刮板吗,1,该用户可能是在询问直播间是否售卖刮板这类商品。
weixue0806,美容护肤,我好想问一句你有没有小号?不知道这种问题能问吗?[捂脸],0,该用户可能是在委婉询问主播是否有备用库存或同款商品的其他规格，同时略带调侃地试探这类问题的边界。
weixue0806,美容护肤,9号眼油有活动没,1,该用户是在询问9号眼油是否有促销优惠活动。
weixue0806,美容护肤,法令纹打什么,1,该用户想询问针对法令纹问题应该使用哪种护肤产品或美容方法。
weixue0806,美容护肤,讲讲20号,1,该用户想询问主播关于20号产品（可能是护肤品或其他商品）的详细介绍或促销信息。
weixue0806,美容护肤,背景墙是可移动吗,0,该用户是在询问直播中展示的背景墙是否具备可移动的功能，可能出于对产品摆放灵活性或空间适配性的实际需求。
weixue0806,美容护肤,姐姐貔貅好好看,1,该用户想表达的含义是：主播佩戴的貔貅饰品非常吸引人，自己也很喜欢。
weixue0806,美容护肤,5号讲一下,1,该用户想表达的含义是：让主播详细介绍5号产品的信息或功能。
weixue0806,美容护肤,怎么今天滤镜这么黄啊,0,该用户可能是在委婉表达对直播画面色调的疑惑或不满，暗示滤镜效果影响了产品展示的真实性。
weixue0806,美容护肤,"4号开了吗,毛孔大",1,该用户可能在询问直播间正在介绍的第4号产品是否已经开始讲解，并想了解该产品对改善毛孔粗大问题的效果。
weixue0806,美容护肤,孕妇能用不?,1,该用户是在询问直播中推荐的产品是否适合孕妇使用，以判断自己或他人是否符合购买条件。
weixue0806,美容护肤,你依旧很美,0,该用户是在夸赞主播的外貌状态依旧很好，可能意在表达对主播的喜爱或支持，而非直接询问产品信息。
weixue0806,美容护肤,成黄脸婆了[捂脸][捂脸][捂脸],0,"该用户可能在调侃或抱怨直播间的滤镜效果或灯光让自己看起来肤色发黄，带有自嘲或轻微不满的情绪。  （结合前文弹幕中多次出现关于产品使用效果、皮肤问题以及""滤镜黄""的讨论，可推断用户并非真正表达购买意向，而是参与直播间氛围互动。）"
weixue0806,美容护肤,但是这样好看啊,0,该用户是在反驳他人对产品外观的负面评价，认为当前讨论的商品虽然存在颜色争议（如被说“发黄”），但实际上视觉效果是美观的。
weixue0806,美容护肤,拿一张白纸盖一下就好了,0,用户可能在建议用白纸遮挡或调整直播间偏黄的滤镜效果。
weixue0806,美容护肤,嘴唇?用的啥?,1,该用户是在询问主播使用的唇部产品具体品牌或色号，表现出对妆容细节的关注和潜在购买意向。
weixue0806,美容护肤,唇彩讲一下吧!,1,该用户希望主播详细介绍当前展示的唇彩产品的特性或使用效果。
weixue0806,美容护肤,眼周细纹打什么呀雪,1,该用户想询问主播推荐哪款产品能改善眼周细纹问题。
weixue0806,美容护肤,没事黄种人,0,该用户可能是在调侃或安慰主播当前的画面色调偏黄，暗示无需在意肤色显黄的问题。
weixue0806,美容护肤,又漂亮了,0,该用户是在夸赞主播的外貌状态比之前更好，可能想通过赞美拉近距离或表达对主播的持续关注。
weixue0806,美容护肤,淡斑淡斑淡斑淡斑淡斑淡斑的,1,该用户可能是急切想了解或购买直播间推荐的淡斑产品，通过重复关键词强调自己的需求和兴趣。
weixue0806,美容护肤,有黑头怎么处理雪雪[流泪][流泪][流泪][流泪][比心][比心][比心][比心][流泪][流泪][比心][比心],0,"该用户想表达的含义是：急切询问主播如何解决黑头问题，并混合了焦虑情绪和对主播的信任喜爱。  （释义要点：  1. 核心诉求是解决黑头问题，符合直播间护肤咨询的语境；  2. 重复表情符号体现情绪张力——[流泪]表焦虑，[比心]表对主播的依赖；  3. 昵称""雪雪""显示用户是直播间常客，与前述弹幕中""雪""的称呼呼应；  4. 未提具体产品但隐含购买意向，类似前文""法令纹打什么""的咨询模式。）"
weixue0806,美容护肤,胶原灌膜敷后还洗吗,1,该用户想询问使用胶原灌膜后是否需要清洗，可能对产品使用步骤存在疑惑或考虑购买后实际操作问题。
weixue0806,美容护肤,找张白纸对一下白平衡,0,该用户是在建议主播用白纸调整直播画面的色温，因为之前的弹幕提到画面偏黄影响观感。
weixue0806,美容护肤,再截图,0,该用户可能是要求主播再次展示产品细节或价格信息的截图，以便更清楚地了解商品情况。
weixue0806,美容护肤,"回复一下,孕妇能用不?",1,该用户是在询问产品是否适合孕妇使用，表达了对产品安全性的关切和潜在的购买意向。
weixue0806,美容护肤,"雪姐姐,想买给送妈妈的有什么面膜适用呀,淡化细纹之类的",1,该用户是在向主播咨询适合母亲使用的、具有抗皱功效的面膜产品，表现出明确的购买意向和需求导向。
weixue0806,美容护肤,10号10号10号,1,该用户急切想了解或购买直播中提到的10号产品。
weixue0806,美容护肤,项链链接[色],1,"该用户被展示的项链吸引，希望主播提供商品购买链接以便下单。  （解析：结合前文弹幕多为咨询产品信息、使用效果及购买意向的语境，""项链链接""是明确的购买指令，[色]表情强化了对商品的喜爱和急切获取链接的意图，与其他用户询问产品细节的动机一致。）"
weixue0806,美容护肤,翻转一下摄像头,0,该用户可能是想更清楚地查看产品细节或主播的妆容效果。
weixue0806,美容护肤,精华推荐啥,1,该用户想询问主播推荐的精华产品具体是哪一款或有哪些功效。
weixue0806,美容护肤,你这样依旧很美的,0,该用户是在对主播的外貌或妆容表示肯定和鼓励，暗示当前的状态或装扮已经足够好看，无需过度调整或修饰。
weixue0806,美容护肤,"刚来,想拍油霜",1,该用户表达的是对直播中提到的油霜产品产生了购买意向，希望了解如何下单或获取产品链接。
weixue0806,美容护肤,也好看,0,该用户是在对比或附和之前讨论的美妆效果，表达对当前展示产品外观的认可和兴趣。
weixue0806,美容护肤,怎么去黄脸,0,该用户可能在询问如何改善面部暗沉或肤色不均的问题。
weixue0806,美容护肤,能不能说一下油霜夏天可以用吗,1,该用户想询问油霜产品是否适合在夏季使用，以评估其购买适用性。
weixue0806,美容护肤,"小雪姐,请问下夏天到了,GEMOY的防晒霜和水光霜顺序怎么用啊,还是水光霜不用了,直接上防晒霜?[玫瑰]",1,该用户想咨询GEMOY品牌防晒霜和水光霜在夏季的正确使用顺序，并试探性询问是否可以省略水光霜步骤，表现出对产品实际使用效果的关注和潜在的购买意向。
weixue0806,美容护肤,"姐姐,推荐洗头发的",1,该用户希望主播能推荐一款适合自己使用的洗发产品。
weixue0806,美容护肤,淡斑用什么呀,1,"该用户想表达的含义是：询问直播间推荐哪些产品可以有效淡化色斑。  （结合前文语境，用户关注护肤问题，且弹幕中多次出现""淡斑""相关讨论，说明该用户有明确的购买需求，希望获得针对性的产品推荐。）"
weixue0806,美容护肤,这样也很好看,0,该用户可能是在对比主播展示的多个商品或造型后，表达对当前呈现的款式或效果的认可与欣赏。
weixue0806,美容护肤,美白面膜天天用吗,1,该用户可能在询问美白面膜的使用频率是否适合每日敷用，以确认产品适用性和效果持续性。
weixue0806,美容护肤,"你好,眼油怎么买",1,该用户是在询问眼部护理产品的购买方式，表现出明确的购买意向。
weixue0806,美容护肤,还是很漂亮呢,0,该用户是在夸赞主播或展示的产品外观好看，可能隐含对商品的欣赏和潜在的购买兴趣。
weixue0806,美容护肤,哈哈哈我也有同款睡衣,0,该用户想表达的含义是：我对主播展示的产品感兴趣，并且已经拥有同款睡衣，借此表达认同感和参与互动的意愿。
weixue0806,美容护肤,想要你的口红,1,该用户对主播展示的口红产品产生了明确的购买意向。
weixue0806,美容护肤,10号油可以加单吗,1,该用户想询问直播中提到的10号护肤油是否还能追加购买。
weixue0806,美容护肤,"雪,项链是哪家的?",1,该用户是在询问主播展示的项链的品牌或购买链接，表现出明确的购买意向。
weixue0806,美容护肤,有黑头怎么处理雪雪[流泪][流泪][流泪][比心][比心],1,该用户可能在询问主播如何解决黑头问题，同时表达了对主播的喜爱和信任。
weixue0806,美容护肤,三明治怎么用?[比心][比心][比心],1,该用户可能是对直播中提到的“三明治”护肤或化妆手法感到好奇，想询问具体的使用步骤或方法。
weixue0806,美容护肤,讲一下和5号的区别,1,该用户想了解当前展示的产品与5号产品在功能或特性上的具体差异。
weixue0806,美容护肤,这个面膜有推荐使用的年龄段吗?[比心],1,该用户可能是在询问面膜的适用年龄范围，以判断是否适合自己或他人使用，同时表达了对产品的兴趣和友好态度。
weixue0806,美容护肤,我们都是黄种人没关系,0,该用户可能是在回应主播或其他人关于肤色的讨论，表达“肤色差异并不影响使用产品效果”的轻松态度。
weixue0806,美容护肤,毛孔大买什么,1,该用户想询问针对毛孔粗大问题应该购买哪款护肤产品。
weixue0806,美容护肤,10号链接上吗,1,该用户是在询问10号商品链接是否即将上架或开放购买。
weixue0806,美容护肤,雪好可爱,0,该用户可能在表达对主播昵称“雪”的喜爱或对主播展示的某款商品外观的赞赏。
weixue0806,美容护肤,没有声音了,0,该用户可能是在提醒主播或技术人员直播间出现了音频故障，导致听不到产品介绍或互动内容。
weixue0806,美容护肤,漂亮的漂亮的,0,该用户想表达的含义是：对主播或展示的产品表示由衷的赞美和喜爱。
weixue0806,美容护肤,没有呻吟了,0,该用户想表达的含义是：直播间的音频出现了问题，听不到主播的声音了。
weixue0806,美容护肤,可以关了美颜吗,0,该用户可能对主播的真实样貌或产品效果产生好奇，希望看到无美颜状态下的真实展示以评估商品可信度。
weixue0806,美容护肤,好好看,0,该用户想表达的含义是：对直播中展示的商品或主播的造型表示由衷的赞赏和喜爱。
weixue0806,美容护肤,10号还有不?,1,该用户是在询问10号商品是否还会补货或再次上架。
weixue0806,美容护肤,"妈呀,终于开播了",0,该用户想表达的含义是：期待已久的主播终于上线了，感到非常兴奋和欣喜。
weixue0806,美容护肤,感觉怪怪的,0,该用户可能对直播间的某些展示效果或产品描述感到不自然或产生疑虑。
weixue0806,美容护肤,"绳子颜色好衬肤色呢,跟衣服也好搭哦[赞][赞][赞]",0,该用户通过称赞绳子颜色与肤色的协调性以及与服装的搭配效果，暗示对产品的认可和潜在的购买意愿。
weixue0806,美容护肤,"姐姐,养孩子好难,想做你的直播切片挣钱[流泪],好难涨粉丝",0,该用户想表达的含义是：羡慕主播的赚钱能力，希望通过制作直播切片内容来增加收入，但苦恼于粉丝增长困难。
weixue0806,美容护肤,睫毛接的吗,0,该用户可能是在询问主播的睫毛是否通过嫁接技术实现的，暗示对睫毛效果的关注或潜在的美妆产品兴趣。
weixue0806,美容护肤,要去黄抗皱的面油哪款好用,1,该用户正在主动寻求一款具有去黄气和抗皱功效的面部精油产品推荐，表现出明确的购买意向和功能性需求。
weixue0806,美容护肤,淡斑有没有好的推荐?,1,该用户想表达的含义是：询问直播间是否有值得推荐的淡斑产品。
weixue0806,美容护肤,10号什么时候有货,1,该用户是在询问10号商品何时能补货或重新上架。
weixue0806,美容护肤,最温柔的雪,0,该用户可能是被直播中展示的某款雪白色或柔和色调的产品所吸引，认为其外观温柔雅致。
weixue0806,美容护肤,有點糊姐姐,0,该用户可能是在委婉地指出直播画面清晰度不够，希望主播能调整设备或画质。
weixue0806,美容护肤,189多少片面膜呀,1,该用户是在询问产品详情，想知道189元的价格对应多少片面膜的规格。
weixue0806,美容护肤,彩椒好吃吗,0,该用户可能在询问彩椒的口感或品质，以评估是否值得购买。
weixue0806,美容护肤,一号怎么用,1,该用户想询问直播中提到的“一号”产品的具体使用方法。
weixue0806,美容护肤,哈哈你刚才衣服都变黄了,0,该用户可能是在调侃主播刚才的服装或画面出现了颜色偏差或变色的情况，带有轻松玩笑的意味。
weixue0806,美容护肤,有黑头怎么处理雪雪[流泪][流泪][流泪][流泪][流泪][比心],0,该用户因皮肤问题（黑头）感到困扰，急切向主播寻求解决方法，同时通过表情符号混合表达了焦虑情绪和对主播的信任喜爱。
weixue0806,美容护肤,粉色和黄金配还是蛮搭的,0,该用户是在认可直播中展示的粉色与黄金配色搭配效果不错，可能对相关商品产生了兴趣。
weixue0806,美容护肤,专心卖货姐姐,0,该用户可能在委婉提醒主播专注带货流程，减少闲聊或互动环节。
weixue0806,美容护肤,还是很白[捂脸],0,该用户可能在调侃主播的美颜效果过重，导致肤色显得不自然。
weixue0806,美容护肤,我就是黄,0,该用户可能是在调侃主播刚才衣服变黄的画面，暗示自己肤色或状态与主播类似。
weixue0806,美容护肤,没啥区别,0,该用户可能是在比较产品后觉得与预期或宣传效果差异不大，表达对产品特色或功效的失望或平淡评价。
weixue0806,美容护肤,"感觉最近脸变了,变漂亮了",0,该用户可能是在夸赞主播近期外貌变化明显，暗示主播的妆容或产品使用效果令人惊艳。
weixue0806,美容护肤,雪眼周细纹打什么呀,1,该用户想询问针对眼下细纹问题应该使用什么护肤品或美容方法。
weixue0806,美容护肤,有黑头怎么处理雪雪[流泪][流泪][比心][比心],0,该用户想表达的含义是：向主播咨询解决黑头问题的护肤方法，并流露出对主播的信任和喜爱。
weixue0806,美容护肤,你多少岁?,0,该用户可能是想通过询问主播年龄来间接了解产品适用性或主播的护肤经验可信度。
weixue0806,美容护肤,上衣有链接吗,1,该用户想表达的含义是：对直播中展示的上衣感兴趣并询问购买渠道。
weixue0806,美容护肤,确实很明显,0,该用户可能是在附和主播对某款产品效果的演示或对比，认为产品效果差异非常直观可见。
weixue0806,美容护肤,毛孔大怎么收,0,该用户想表达的含义是：询问主播是否有针对收缩毛孔问题的护肤产品推荐。  （结合前文语境，直播间讨论的多为护肤问题如淡斑、黑头、细纹等，用户延续这一话题，表达对解决毛孔粗大的需求，隐含购买意向。）
weixue0806,美容护肤,怎么变白,0,该用户可能是在询问主播推荐的美白产品或方法，表达了对改善肤色的兴趣或需求。
weixue0806,美容护肤,睡衣哪家,1,该用户想询问直播中展示的睡衣品牌或购买渠道。
weixue0806,美容护肤,你怎么样都好看,0,该用户是在夸赞主播的外貌或穿搭效果，表达对主播个人形象的欣赏和喜爱，而非直接询问商品信息或表达购买意向。
weixue0806,美容护肤,你口上涂什么,0,该用户可能是在询问主播口红色号或唇部产品的具体信息，暗示对美妆产品的购买兴趣。
weixue0806,美容护肤,你皮肤怎么可以那么好,0,该用户可能是在夸赞主播的皮肤状态好，并隐含对相关护肤产品或方法的兴趣询问。
weixue0806,美容护肤,项链哪家???,1,该用户想询问直播间推荐的项链品牌或购买渠道。
weixue0806,美容护肤,出一期化妆教程吧,0,该用户希望主播能分享化妆技巧的教学内容，可能是被直播中的妆容效果吸引或想解决相关美妆问题。
weixue0806,美容护肤,怎么样都是美丽姐妹,0,该用户想表达的含义是：无论怎样你都很漂亮，姐妹。
weixue0806,美容护肤,耳钉哪里买的,1,该用户想询问直播中展示的耳钉的购买渠道或商品链接。
weixue0806,美容护肤,美颜开的,0,该用户可能是在委婉指出主播的美颜效果过于明显，暗示画面失真不够自然。
weixue0806,美容护肤,但是还是美啊,0,该用户想表达的含义是：尽管存在某些不足或争议（如美颜效果等），但主播的外貌依然非常漂亮。
weixue0806,美容护肤,唇釉一支能用多久,1,该用户想了解这款唇釉的耐用性和使用周期，以此评估产品的性价比是否值得购买。
weixue0806,美容护肤,口红有吗,1,该用户是在询问直播间是否有口红产品在售或推荐。
weixue0806,美容护肤,眼周细纹,0,该用户想询问主播推荐针对眼周细纹问题的护肤产品或解决方案。
weixue0806,美容护肤,你耳环有吗?,1,该用户是在询问主播所佩戴的耳环是否有售卖链接或购买渠道。
weixue0806,美容护肤,皮肤偏黄不均匀建议用什么面膜,1,该用户希望通过推荐合适的面膜来改善肤色暗沉和不均匀的问题。
weixue0806,美容护肤,"哈哈哈,好细节啊",0,该用户可能是在称赞主播展示的产品细节精致或妆容服饰的用心之处，表达对商品品质的欣赏和潜在购买兴趣。
weixue0806,美容护肤,说话看见了吗,0,该用户可能在催促主播回应之前关于产品链接或使用方法的提问，希望得到更直接的互动和解答。
weixue0806,美容护肤,1号怎么用,1,该用户是在询问直播中提到的1号产品的具体使用方法。
weixue0806,美容护肤,衣服好好看,1,该用户被直播展示的服装款式吸引，产生了明显的购买意向或赞美之情。
weixue0806,美容护肤,外套有吗,1,该用户想询问直播间是否有外套在售或展示。
weixue0806,美容护肤,微针精华有木有,1,该用户是在询问直播间是否有售卖微针精华产品。
weixue0806,美容护肤,怎么美白宝宝,0,该用户想询问如何改善宝宝的肤色问题。
weixue0806,美容护肤,毛孔粗大怎么办[捂脸],0,"该用户想表达的含义是：询问改善毛孔粗大的护肤方法并略带自嘲情绪。  （结合前文语境：直播间主题明显围绕美妆护肤产品推荐，用户群体对皮肤问题有具体需求且倾向直接提问，类似""眼周细纹""""皮肤偏黄""等同类诉求已形成对话氛围，故该弹幕核心是寻求解决方案而非单纯吐槽。）"
weixue0806,美容护肤,有个德国的玻尿酸能拿到货吗,0,该用户想询问直播间是否能提供某款德国产玻尿酸产品的购买渠道。
weixue0806,美容护肤,身上这个衬衣有链接吗,1,该用户想询问主播身上所穿衬衫的购买渠道，表现出对这件商品的兴趣和潜在的购买意向。
weixue0806,美容护肤,想要拍油霜,1,该用户想表达的含义是：对直播中提到的油霜产品有购买意向。
weixue0806,美容护肤,有针对颈纹的的吗,1,该用户是在询问直播间是否有针对颈部皱纹问题的产品。
weixue0806,美容护肤,孕妇可以用吗?恢复一下,1,该用户是在询问直播中推荐的产品是否适合孕妇使用，并希望主播能回复确认。
weixue0806,美容护肤,"雪儿,我想买防晒,防晒和隔离的顺序是先用哪个",1,该用户想表达的含义是：对购买防晒产品感兴趣，但不确定使用顺序，希望主播解答以帮助决策。
weixue0806,美容护肤,颈纹怎么办,0,该用户可能是在询问直播间是否有针对颈部皱纹的护肤产品或解决方案。
weixue0806,美容护肤,四号链接孕妇可以用吗,1,该用户是在询问直播间推荐的四号链接产品是否适合孕妇使用，以评估自己是否要购买。
weixue0806,美容护肤,敷完要不要洗脸,1,该用户想表达的含义是：询问使用该面膜产品后的具体护肤步骤是否需要清洁面部。  （结合前文弹幕中频繁出现的护肤产品咨询（如面膜、精华、颈纹护理等），可推断用户关注的是产品使用细节，且语境围绕功能性护肤问题展开，因此“敷完要不要洗脸”更可能是针对当前直播中提到的某款面膜产品的后续操作疑问。）
weixue0806,美容护肤,48岁拍那个面膜?,1,该用户是在询问48岁的人是否适合使用直播中提到的面膜产品。
weixue0806,美容护肤,那个精华怎么用,1,该用户是在询问某款精华产品的具体使用方法，表现出对产品的兴趣和潜在的购买意向。
weixue0806,美容护肤,一号跟三号哪个好,1,该用户想表达的含义是：比较一号和三号产品的优劣以便做出购买选择。
weixue0806,美容护肤,1号和5号的区别,1,该用户想询问直播中推荐的1号和5号产品在功能或特性上的具体差异。
weixue0806,美容护肤,6号油霜讲讲吧,1,该用户希望主播详细介绍6号油霜的产品信息或使用效果。
weixue0806,美容护肤,"姐,晒斑用什么比较好?麻烦您回答一下",1,该用户是在询问主播推荐一款适合改善晒斑问题的产品，表现出明确的购买咨询意向。
weixue0806,美容护肤,你嘴生的口红有链接吗?,1,该用户是在询问主播当前使用的口红色号是否有对应的商品购买链接。
weixue0806,美容护肤,真的好美,0,该用户可能是在称赞主播展示的商品外观或效果，暗示对产品的喜爱和潜在的购买意愿。
weixue0806,美容护肤,毛孔粗大干皮用哪款面膜,1,该用户是在询问适合干性肌肤且能改善毛孔问题的面膜产品推荐。
weixue0806,美容护肤,"睫毛,想要睫毛",1,该用户想表达对直播中提到的睫毛产品的购买意向。
weixue0806,美容护肤,"雪姐风格很特别,越看越喜欢",0,该用户被主播的独特风格吸引，产生了进一步关注或了解产品的兴趣。
weixue0806,美容护肤,贻贝油霜白天可以用吗,1,该用户是在询问贻贝油霜是否适合在白天使用，表现出对产品具体使用场景的购买顾虑。
weixue0806,美容护肤,需要洗吗,0,该用户想询问直播中提到的某款产品在使用前是否需要清洗。
weixue0806,美容护肤,睡衣有吗[爱心][爱心][爱心][爱心][爱心][爱心][爱心][爱心][爱心][爱心][爱心][爱心][爱心][爱心][爱心][爱心][爱心][爱心][爱心][爱心],1,该用户强烈表达了想购买睡衣的意愿，并通过密集的爱心符号传递了高度兴趣和喜爱情绪。
weixue0806,美容护肤,截图没截对啊[捂脸],0,该用户可能因直播间的产品展示或优惠信息未及时截图成功而感到遗憾和着急。
weixue0806,美容护肤,好便宜[赞],1,该用户想表达的含义是：对当前商品的低价感到惊喜并产生了购买意愿。
weixue0806,美容护肤,关注了[比心][比心][比心][比心][比心][比心][比心][比心],0,该用户通过高频表情符号表达对主播的强烈好感，意在通过关注行为建立长期互动关系，隐含未来潜在的购买意向。
weixue0806,美容护肤,2号链接怎么用,1,该用户可能是在询问产品2号链接的具体使用方法或操作步骤，表现出对产品的实际使用兴趣和潜在购买意向。
weixue0806,美容护肤,对黄褐斑有用吗,1,该用户想询问当前推荐的产品是否对改善黄褐斑有效果。
weixue0806,美容护肤,胶原面膜有吗,1,该用户是在询问直播间是否售卖胶原蛋白面膜产品，表达了对该商品的购买兴趣或需求。
weixue0806,美容护肤,黑头难咯黑头毛孔,0,该用户可能在询问针对黑头和毛孔问题的护肤产品推荐。
weixue0806,美容护肤,天生黄皮怎么办,0,该用户可能在询问针对天生暗黄肤色的护肤产品或解决方案。
weixue0806,美容护肤,1号和5号的效果有什么差别,1,该用户想了解1号和5号产品的具体功效对比，以便做出购买决策。
weixue0806,美容护肤,真的会白嘛,1,该用户是在询问产品使用后是否真的能达到美白效果。
weixue0806,美容护肤,擦防晒脸刺痛什么原因啊,0,该用户可能在询问防晒产品使用后脸部不适的原因，潜在表达对当前推荐产品的疑虑或对适合敏感肌的防晒产品的需求。
weixue0806,美容护肤,有试用吗?,1,该用户可能是在询问产品是否提供试用装或试用服务，以此评估是否值得购买。
weixue0806,美容护肤,四号链接孕妇可以用吗姐姐,1,该用户是在询问产品四号链接是否适合孕妇使用，表现出对商品安全性的关注和潜在的购买意向。
weixue0806,美容护肤,3号怎么样,1,该用户是在询问直播间推荐的3号产品的具体效果或使用体验。
weixue0806,美容护肤,精华怎么用,1,该用户可能是在询问直播间推荐的精华产品的具体使用方法，表现出对产品的实际使用细节的关注和潜在购买意向。
weixue0806,美容护肤,"带着招财的批注貔貅,姐姐发个福袋幺",0,该用户希望通过发送带有吉祥寓意的互动弹幕（提及招财貔貅和福袋），以友好调侃的方式请求主播发放福利或优惠。
weixue0806,美容护肤,用的那个口红呀,1,该用户想询问主播正在使用的口红品牌或色号信息。
weixue0806,美容护肤,油讲讲,1,该用户可能是想询问主播详细讲解关于“油类产品”的使用方法或功效。
weixue0806,美容护肤,胶原蛋白今天上吗?[比心],1,该用户询问直播中是否会推出胶原蛋白产品，并表现出期待和好感。
weixue0806,美容护肤,这个能淡斑吗,1,该用户想询问产品是否具有淡化色斑的功效，并隐含对产品效果的潜在购买兴趣。
weixue0806,美容护肤,黑头毛孔粗大,0,该用户可能是在询问直播间推荐的产品是否能改善黑头和毛孔粗大的问题。
weixue0806,美容护肤,黑眼圈用什么姐姐,1,该用户想询问主播推荐哪款产品适合改善黑眼圈问题。
weixue0806,美容护肤,精华什么时候用,1,该用户想询问产品精华的使用时机或适用场景。
weixue0806,美容护肤,用完面膜正常护肤吗,1,该用户是在询问使用面膜后是否还需要进行常规的护肤步骤。
weixue0806,美容护肤,次抛一天几次?,1,该用户是在询问产品（可能是精华或护肤品）的每日建议使用频率。
weixue0806,美容护肤,油你用哪个?,1,该用户可能在询问主播当前推荐或使用的护肤油产品是哪一款。
weixue0806,美容护肤,擦防晒脸刺痛什么原因啊[捂脸][捂脸][捂脸][捂脸][捂脸],0,该用户可能因使用防晒产品时感到不适而困惑，希望通过弹幕询问原因并寻求解决方案，同时用表情符号表达自己的无奈和困扰情绪。
weixue0806,美容护肤,精华怎么用?,1,该用户想询问这款精华产品的具体使用方法和步骤。
weixue0806,美容护肤,真的能白?,1,该用户是在询问产品是否真的具有美白效果。
weixue0806,美容护肤,你脖子上的项链是哪个品牌的啊雪,1,该用户对主播佩戴的项链品牌产生了兴趣，可能有潜在的购买意向。
weixue0806,美容护肤,衣服没截到,0,该用户想表达的含义是：没来得及抢到刚才展示的那件衣服。  （结合语境：直播间正在快速切换商品或讲解节奏较快，用户因手速或网络延迟未能及时参与购买，透露出遗憾和潜在的购买意愿。）
weixue0806,美容护肤,胶原胶原胶原胶原胶原,1,该用户急切询问或强调直播中提到的胶原蛋白产品是否即将上架或重点推介。
weixue0806,美容护肤,毛孔粗咋办,0,该用户想表达的含义是：咨询主播针对毛孔粗大问题是否有推荐的产品或解决方案。
weixue0806,美容护肤,闭口咋整,0,该用户想表达的含义是：询问如何解决闭口粉刺的问题。
weixue0806,美容护肤,怎么去黄,0,该用户想询问如何解决皮肤暗沉或发黄的问题。
weixue0806,美容护肤,开始有颈纹了怎么办,0,该用户可能在寻求改善颈部皮肤问题的护肤产品或护理建议。
weixue0806,美容护肤,用洗掉吗,1,该用户想询问直播中提到的产品是否需要清洗或卸除。
weixue0806,美容护肤,黑头怎么去掉,0,该用户是在咨询直播间推荐的产品中是否有能有效去除黑头的护肤方案。
weixue0806,美容护肤,看到男朋友和其他男人聊哪个女人好看,0,该用户可能在表达对直播间讨论内容的不满或分心，暗示当前话题偏离了护肤美妆主题（如男女关系闲聊），希望主播回归产品相关讨论。
weixue0806,美容护肤,正敷着胶原灌注面膜,0,该用户想表达的含义是：我正在使用这款面膜并体验其效果。
weixue0806,美容护肤,眉毛不太好看有点像蜡笔小新,0,该用户可能在委婉地表达对当前展示的眉部产品或画眉效果的不满，暗示希望主播能推荐更适合的眉妆产品或技巧。
weixue0806,美容护肤,讲讲油,1,该用户想询问主播推荐或详细介绍适合自己使用的护肤油产品。
weixue0806,美容护肤,怎么没有你说的灌肤呢面膜,1,该用户想表达的含义是：主播之前提到的灌肤面膜为什么在直播中没看到或没介绍。
weixue0806,美容护肤,20岁可以用吗,1,该用户是在询问产品是否适合20岁年龄段的肤质使用。
weixue0806,美容护肤,有法令纹拍哪个,1,该用户想询问针对法令纹问题应该选择哪款产品。  （释义依据：结合前文弹幕高频出现的护肤问题（如去黄、黑头、颈纹等）和产品使用咨询（如精华、防晒、面膜等），可推断该用户是在直播的护肤品类推荐环节中，针对自身法令纹问题寻求具体产品建议，动机明确且符合直播间整体互动语境。）
weixue0806,美容护肤,六号看一下行吗?,1,该用户可能是对直播中提到的某个产品（编号为六号）产生兴趣，希望主播展示或详细介绍该商品。
weixue0806,美容护肤,胶原灌注面膜胶原灌注面膜胶原灌注面膜,1,"该用户想表达的含义是：反复强调产品名称以询问或确认这款胶原灌注面膜的具体功效或使用方式。  （解析：结合前文弹幕中频繁出现护肤问题及对""胶原""相关产品的讨论，用户可能通过重复产品名称来急切寻求解答，或表达对产品的强烈兴趣/质疑。）"
weixue0806,美容护肤,彩椒上链接,1,该用户急切要求主播将彩椒产品加入购物车以便购买。
weixue0806,美容护肤,衣服好好看[爱心][爱心],1,该用户被直播展示的服装款式吸引，表达了强烈的喜爱和潜在购买意愿。
weixue0806,美容护肤,为什么显示5片啊,0,该用户可能是在询问产品详情页或直播画面中显示的商品数量与实际描述不符的疑惑。
weixue0806,美容护肤,可拉啦,1,该用户可能在催促主播尽快上架或展示某款名为“可拉”的产品（可能是“胶原”相关产品的昵称或口误），表达急切的购买意愿。
weixue0806,美容护肤,胶原面膜.有吗,1,该用户是在询问直播间是否有售卖胶原面膜这款产品。
weixue0806,美容护肤,用油讲一下,1,该用户希望主播详细讲解护肤油的使用方法或功效。
weixue0806,美容护肤,可以讲五号吗,1,该用户想询问主播是否可以详细介绍或展示5号产品。
weixue0806,美容护肤,卸妆的有吗,1,该用户可能在询问直播间是否有销售卸妆产品。
weixue0806,美容护肤,多少个赞啊?,0,该用户可能在询问当前直播商品的点赞数量是否达到优惠活动的门槛或主播承诺的福利条件。
weixue0806,美容护肤,唇膏好用吗,1,该用户是在询问唇膏的实际使用效果如何，以评估是否值得购买。
weixue0806,美容护肤,有效果吗,1,该用户是在询问直播推荐的产品是否真的具有宣传中所说的功效。
weixue0806,美容护肤,衣服有吗讲讲口红,1,该用户想表达的含义是：询问主播是否还有服装类商品，并希望转而介绍口红产品。
weixue0806,美容护肤,沐浴露推荐一下,1,该用户希望主播推荐一款适合自己需求的沐浴露产品。
weixue0806,美容护肤,怎么样全身,0,该用户可能是在询问主播关于某款全身护理产品的使用效果或推荐建议。
weixue0806,美容护肤,泪沟还能拯救吗,0,该用户可能是在询问直播间推荐的产品是否能改善泪沟问题，表达了对相关美容产品的潜在购买兴趣。
weixue0806,美容护肤,唇釉是什么,1,该用户可能是对唇釉产品感到好奇，想了解它的具体功效或使用方法。
weixue0806,美容护肤,想要九号,1,该用户想表达的含义是：对直播间提到的某个编号为“九号”的产品感兴趣，希望进一步了解或购买。
weixue0806,美容护肤,我现在在敷五号面膜,0,该用户想表达的含义是：我正在使用五号面膜，想了解它的效果或使用方法。
weixue0806,美容护肤,这个面膜可以天天用吗,1,该用户想了解这款面膜的使用频率是否适合每日护肤需求，表现出对产品功效和适用性的具体关注。
weixue0806,美容护肤,主播doubulirenq可以加一单吗,1,该用户想表达的含义是：询问主播是否可以追加购买一件商品（可能是之前提到的面膜或其他产品）。
weixue0806,美容护肤,卸妆好用不,1,该用户是在询问直播中提到的卸妆产品是否效果良好、使用体验如何。
weixue0806,美容护肤,可拉拉,1,该用户可能是想询问或确认主播提到的某个产品名称（如“可拉拉”品牌的面膜或护肤品），或是因输入错误想表达“可拉啦”（可能指产品效果或使用感受）。
weixue0806,美容护肤,你在吃什么呀,0,该用户可能是在询问主播正在展示或使用的产品是什么，暗示对当前直播内容感兴趣并想进一步了解产品细节。
weixue0806,美容护肤,想要眼油,1,该用户想表达的含义是：对直播中提到的眼部护理油产品有购买意向。
weixue0806,美容护肤,"下了两个链接,还差10号,求求了1010101010101010",1,该用户想表达的含义是：我已经下单了两款产品，现在还想购买10号商品，希望主播尽快上架或讲解。
weixue0806,美容护肤,"姐姐,項鍊哪兒的,真好看",1,该用户是在询问主播所戴项链的购买渠道，并表达了对项链款式的喜爱和购买意向。
weixue0806,美容护肤,有几个耳洞啊,0,该用户可能是在询问主播佩戴的耳饰款式或数量，以此判断是否适合自己或表达对同类商品的兴趣。
weixue0806,美容护肤,黑头粉刺毛孔粗大,0,该用户可能在询问直播间是否有针对黑头、粉刺和毛孔粗大问题的护肤产品推荐。
weixue0806,美容护肤,可以讲4号商店吗,1,该用户想询问主播是否可以详细介绍4号商品的信息或使用体验。
weixue0806,美容护肤,毛孔粗大可以用吗,1,该用户是在询问当前直播推荐的产品是否适合解决毛孔粗大的皮肤问题。
weixue0806,美容护肤,防晒霜好用吗?介绍下,1,该用户想表达的含义是：对防晒霜产品的效果和使用方法感兴趣，希望主播详细介绍。
weixue0806,美容护肤,胶原灌注面膜有不,1,该用户是在询问直播间是否有售卖胶原灌注面膜这款产品。
weixue0806,美容护肤,眼膜眼膜,1,该用户想表达的含义是：询问主播是否有眼膜产品推荐或介绍。
weixue0806,美容护肤,美白效果好吗?,1,该用户是在询问产品是否能有效改善肤色暗沉问题，表现出对美白功效的关注和潜在的购买意向。
weixue0806,美容护肤,"今天没有新品,我走了",0,该用户因未看到期待的新品而感到失望，决定退出直播间。
weixue0806,美容护肤,20岁可以用1号链接吗,1,该用户是在询问自己20岁的年龄是否适合使用商品链接1号的产品。
weixue0806,美容护肤,吃辣椒?,0,该用户可能是好奇主播正在食用或展示的辣椒产品，并询问其相关信息或购买方式。
weixue0806,美容护肤,每天都来下一单不同的品,0,该用户想表达的含义是：我每天都来直播间购买不同的产品。
weixue0806,美容护肤,你脖子上的黄金项链是哪个品牌的啊雪,1,该用户对主播佩戴的黄金项链品牌产生了兴趣，并希望通过询问品牌信息来考虑购买。
weixue0806,美容护肤,10号有不,1,该用户想询问直播中提到的10号商品是否还有库存或是否会上架。
weixue0806,美容护肤,水光面霜上不上?,1,该用户是在询问主播是否会推出或展示水光面霜这款产品。
weixue0806,美容护肤,胶原蛋白是哪一款,1,该用户想询问直播间正在介绍的胶原蛋白产品具体对应哪个商品链接或款式。
weixue0806,美容护肤,胶原蛋白吗今天上吗,1,该用户是在询问今天是否会售卖胶原蛋白产品。
weixue0806,美容护肤,脸干怎么解决,0,该用户可能是在询问直播间推荐的产品中是否有适合解决脸部干燥问题的护肤品。
weixue0806,美容护肤,姐姐彩椒上链接呗,1,该用户希望主播尽快将彩椒产品添加到购物链接以便购买。
weixue0806,美容护肤,"别吃了,这个辣椒是转基因的,去看甲状腺结节,大夫是不让吃这个的",0,该用户想表达的含义是：提醒其他人不要购买这款辣椒产品，因为它含有转基因成分且对甲状腺结节患者有害。
weixue0806,美容护肤,精华先用还是后用,1,该用户是在询问护肤步骤中精华液的使用顺序，想确认应该在其他护肤品之前还是之后使用。
weixue0806,美容护肤,两个有什么不一样,1,该用户可能是在询问当前介绍的两款产品之间的具体区别，想了解它们的功能或适用性差异以便做出购买决策。
weixue0806,美容护肤,洗面奶孕妈妈能用吗,1,该用户想了解这款洗面奶是否适合孕妇使用，以判断自己或他人能否安全购买。
weixue0806,美容护肤,可啦啦啦,1,该用户可能是在随意跟风刷屏或测试弹幕功能，并未表达明确的购买意向或产品相关问题。
weixue0806,美容护肤,那个瓶装的,1,该用户想询问直播间正在介绍或展示的瓶装产品是什么或是否有相关购买链接。
weixue0806,美容护肤,水光霜不卖了吗?,1,该用户是在询问水光霜是否已经下架或不再销售，表现出对该产品的关注和购买意向。
weixue0806,美容护肤,精华直接涂吗,1,该用户想询问精华液的使用步骤是否需要直接涂抹，还是需要配合其他护肤步骤。
weixue0806,美容护肤,熬夜面膜,1,该用户可能在询问直播间是否会上架或推荐适合熬夜后使用的面膜产品。
weixue0806,美容护肤,你不在线我去橱窗买了油,0,该用户想表达的含义是：既然主播没及时回复，我就直接去商品页面下单了。
weixue0806,美容护肤,金砖的那个我买了,0,该用户想表达的含义是：我已经下单购买了刚才提到的金砖产品。
weixue0806,美容护肤,能天天敷吗,1,该用户是在询问直播中提到的某款护肤产品是否可以每天使用。
weixue0806,美容护肤,姐姐结构性黑眼圈怎么办[流泪],0,该用户想表达的含义是：询问主播如何解决结构性黑眼圈的问题，并流露出对该问题的困扰和迫切需求。
weixue0806,美容护肤,"已拍美白面膜,要每天用吗",1,该用户已经下单了美白面膜，想咨询产品的使用频率是否适合每天敷。
weixue0806,美容护肤,耳钉戴的真好看,0,该用户可能是在夸赞主播佩戴的耳钉款式吸引人，暗示自己也对同款商品感兴趣。
weixue0806,美容护肤,毛孔粗大买就洗面奶还要买哪款,1,该用户想表达的含义是：针对毛孔粗大的问题，除了洗面奶还需要搭配使用哪款产品？
weixue0806,美容护肤,这生辣椒不辣吗?,0,该用户可能是在询问辣椒的实际辣度，以判断是否符合自己的口味或食用需求。
weixue0806,美容护肤,"韦雪,祛黑头用哪个?",1,该用户想询问主播推荐一款针对黑头问题的产品。
weixue0806,美容护肤,想拍油霜,1,该用户想表达的含义是：有意向购买直播间提到的油霜产品。
weixue0806,美容护肤,怎么没有你说的灌肤面膜呢,1,该用户想表达的含义是：对主播提到的灌肤面膜未上架感到疑惑，希望了解购买渠道或补货安排。
weixue0806,美容护肤,你用的是11号口红吗?,1,该用户是在询问主播当前使用的口红色号，可能对该产品产生了购买兴趣。
weixue0806,美容护肤,精华有吗[捂脸][捂脸][捂脸][捂脸],1,该用户是在询问直播间是否有精华产品售卖，并用表情符号表达了对该产品的强烈兴趣和期待。
weixue0806,美容护肤,想要4号,1,该用户想表达的是对直播间正在展示的4号商品有明确的购买意向。
weixue0806,美容护肤,姐姐有没有推荐给高中生的补水面膜[流泪],1,该用户是在询问主播是否有适合高中生使用的补水面膜推荐，并透露出对产品功效的迫切需求。
weixue0806,美容护肤,那个胶原蛋白的有吗,1,该用户是在询问直播间是否有售卖胶原蛋白相关的产品。
weixue0806,美容护肤,"哪个明星同款面膜呢,求推荐",1,该用户想表达的含义是：询问主播正在推荐的面膜中是否有明星同款并希望得到具体产品推荐。
weixue0806,美容护肤,学生党可以用吗,1,该用户是在询问产品是否适合学生群体的消费能力和使用需求。
weixue0806,美容护肤,吃什么呀,0,该用户可能在询问直播中展示或推荐的食品类产品具体是什么。
weixue0806,美容护肤,眼周细纹打啥呀,1,该用户是在询问主播推荐针对眼周细纹问题的护肤产品。
weixue0806,美容护肤,想要涂眼睛的油,1,该用户想询问主播是否有推荐用于眼部护理的精华油产品。
weixue0806,美容护肤,法令纹严重,0,该用户想表达的含义是：询问针对法令纹问题的护肤产品推荐。
weixue0806,美容护肤,"妈呀,这么久了第一次读到我的信息,直播间买了多少啦",0,该用户想表达的是：看到自己的留言被主播回应后感到惊喜，并好奇询问当前直播间的销售情况。
weixue0806,美容护肤,嘴上用的是11号吗,1,该用户是在询问主播使用的口红色号是否为11号，表达了对该产品的兴趣和潜在的购买意向。
weixue0806,美容护肤,姐姐有没有推荐给高中生的补水面膜,1,该用户是在询问主播是否有适合高中生使用的补水面膜推荐，表现出明确的购买意向和需求。
weixue0806,美容护肤,怎么去黄?,0,该用户可能在询问直播间推荐的美白或去黄提亮产品的使用方法或具体推荐款。
weixue0806,美容护肤,白玉瓷娃娃,0,该用户可能在询问直播间是否有售卖或推荐名为“白玉瓷娃娃”的美容产品（如面膜、护肤品等），表达对该产品的兴趣或购买意向。
weixue0806,美容护肤,补水面膜有吗脸泛红,1,该用户想表达的含义是：询问直播间是否有适合敏感泛红肌肤使用的补水面膜产品。
weixue0806,美容护肤,大貔貅项链好萌,0,该用户被貔貅项链的可爱造型吸引，表达了对这款产品的喜爱和潜在购买意向。
weixue0806,美容护肤,脸特别干一用哪款,1,该用户想询问主播推荐适合脸部干燥状况使用的护肤品。
weixue0806,美容护肤,黑眼圈严重怎么办呀宝宝我才高中[流泪][流泪],0,该用户是在询问适合高中生使用的改善黑眼圈的产品推荐，并表达了对自身皮肤问题的焦虑情绪。
weixue0806,美容护肤,6号6号6号6号6号6号6号6号6号6号6号6号6号6号6号6号6号6号6号6号6号6号6号6号说说,1,该用户急切地询问主播详细介绍或展示6号产品（可能是口红、面膜等护肤品）。
weixue0806,美容护肤,去黄面膜,1,该用户想询问是否有能够改善肤色暗沉问题的面膜产品。
weixue0806,美容护肤,俩个油的区别,1,该用户可能是想询问直播间推荐的两种护肤油（如眼部护理油或面部精华油）在功效或适用性上的具体差异。
weixue0806,美容护肤,美白的面膜怎么用?,1,该用户想询问美白面膜的使用方法和注意事项，可能对产品效果或操作步骤存在兴趣或疑虑。
weixue0806,美容护肤,美白的有什么推荐的?,1,该用户想询问直播间是否有适合美白功效的产品推荐。
weixue0806,美容护肤,胶原灌注面膜[比心],1,"该用户可能是对""胶原灌注面膜""产品感兴趣，并希望通过发送弹幕询问或确认产品信息，同时用表情符号表达友好态度。"
weixue0806,美容护肤,讲一下精华油,1,该用户想表达的含义是：希望主播详细介绍精华油产品的功效或使用方法。
weixue0806,美容护肤,我女儿说这个小姐姐好漂亮[比心],0,该用户可能是想通过夸赞主播的外表来拉近距离，同时暗示对直播内容或产品的关注，但并未直接表达明确的购买意向。
weixue0806,美容护肤,一号链接次抛每天都要用么,1,该用户是在询问产品“一号链接的次抛精华是否需要每天使用”，表现出对产品使用频率的具体关注和潜在的购买意向。
weixue0806,美容护肤,雏菊油没有吗?还是晚香玉好?,1,该用户可能在询问直播间是否有雏菊油这款产品，并对比晚香玉油的功效或使用感受。
weixue0806,美容护肤,"祛痘印和美白用什么好,姐姐",1,该用户想表达的含义是：向主播咨询能同时改善痘印和美白效果的护肤产品推荐。
weixue0806,美容护肤,可以加一单吗,1,该用户想表达的是询问主播能否在已下单的基础上再追加购买同一款商品。
weixue0806,美容护肤,精华液,1,该用户可能在询问直播间推荐的精华液产品或希望主播详细介绍某款精华液的功能和用法。
weixue0806,美容护肤,医美以后能用的面膜是哪种,1,该用户是在询问适合医美后修复使用的面膜类型，表现出对产品功能与自身需求匹配度的明确关注。
weixue0806,美容护肤,10号还有不,1,该用户是在询问商品编号为10号的款式是否还有库存或是否会再次补货。
weixue0806,美容护肤,讲讲水,1,该用户可能是想询问主播详细讲解某款补水产品或护肤步骤的相关信息。
weixue0806,美容护肤,面膜可以天天用吗,1,该用户可能是在询问面膜的日常使用频率是否安全或适宜，隐含对产品功效或皮肤耐受性的潜在顾虑。  （释义逻辑：结合直播间以护肤问答为主的互动氛围，用户提问聚焦产品使用细节，属于典型的需求咨询类弹幕，反映出对产品实际应用的兴趣和决策考量。）
weixue0806,美容护肤,有斑怎么办啊,0,该用户可能在询问直播间推荐的产品中是否有针对淡化色斑的护肤方案或具体产品。
weixue0806,美容护肤,身上衣服有吗,1,该用户是在询问主播身上穿的同款衣服是否在售。
weixue0806,美容护肤,项链设计挺特别,0,该用户对项链的设计感到新颖独特，可能产生了进一步了解或购买的意向。
weixue0806,美容护肤,一号链接精华怎么涂,1,该用户想询问一号链接产品的精华液具体使用方法或涂抹技巧。
weixue0806,美容护肤,擦防晒脸刺痛什么原因啊[捂脸][捂脸],0,该用户可能在询问防晒产品使用后脸部不适的原因，并隐含对产品安全性或适用性的疑虑。
weixue0806,美容护肤,讲下6号,1,该用户想表达的含义是：请详细介绍6号产品的功能或使用方式。
weixue0806,美容护肤,睡衣什么样的,1,该用户想询问直播中展示的睡衣款式或材质等具体信息，以评估是否符合自己的购买需求。
weixue0806,美容护肤,吊坠配粉色蛮搭的,0,该用户认为吊坠与粉色服饰搭配效果不错，可能对产品产生了兴趣或想确认搭配建议。
weixue0806,美容护肤,睡衣喜欢,1,该用户想表达对直播中展示的睡衣款式感兴趣并有意购买。
weixue0806,美容护肤,可啦啦什么颜色,1,该用户可能在询问直播中展示的“可啦啦”产品（可能是美瞳或彩妆）有哪些可选颜色，希望主播详细介绍色号或推荐适合的款式。
weixue0806,美容护肤,可以加一单油吗,1,该用户想表达的含义是：询问主播能否在已下单的基础上再追加购买一份精华油产品。
weixue0806,美容护肤,讲讲眼部精华,1,该用户希望主播详细介绍眼部精华产品的功效或使用方法。
weixue0806,美容护肤,夏天能用油吗,1,该用户可能是在询问直播中提到的护肤油产品是否适合夏季使用，担心质地过于油腻或季节适用性问题。
weixue0806,美容护肤,画眼线,0,该用户可能是想询问主播关于眼线产品的推荐或使用技巧。
weixue0806,美容护肤,"美瞳,宝贝",1,该用户可能是在询问或表达对直播中提到的某款美瞳产品的兴趣，想进一步了解详情或表示喜爱。
weixue0806,美容护肤,回头霜哺乳期可以用吗?,1,该用户是在询问这款面霜是否适合孕期或哺乳期的女性使用。
weixue0806,美容护肤,睫毛是真的吗,1,该用户是在询问直播中展示的睫毛产品的材质是否为真毛，以此判断是否值得购买。
weixue0806,美容护肤,什么时候有油霜,1,该用户想询问油霜产品的上架时间或直播讲解安排。
weixue0806,美容护肤,10号没有了是吧?,1,该用户是在询问10号商品是否已经售罄或下架，暗示对这款商品有购买意向。
weixue0806,美容护肤,面膜难用,0,该用户想表达的含义是：对当前推荐的面膜产品使用效果不满意或体验不佳。  （结合前文弹幕多为护肤、美妆类提问，语境偏向产品功能讨论，用户可能是基于实际使用经验提出负面反馈，而非单纯抱怨。）
weixue0806,美容护肤,美白有什么推荐的?,1,该用户想询问直播间是否有值得推荐的美白护肤产品或方案。
weixue0806,美容护肤,带美瞳了吗,0,该用户可能在询问主播是否佩戴了直播中推荐的美瞳产品，以确认展示效果的真实性或考虑购买同款。
weixue0806,美容护肤,"怎么减肥呀,感觉自己一个月才瘦了2斤,好难呀",0,该用户可能是在观看美妆或护肤类产品直播时，联想到自身减肥困扰，试图通过弹幕寻求减肥建议或相关产品推荐。
weixue0806,美容护肤,擦防晒脸刺痛什么原因啊[比心][比心][比心],0,该用户可能是在询问防晒产品使用后脸部不适的原因，同时暗示对当前推荐的防晒产品存在顾虑或希望主播能解答疑虑并推荐更温和的选项。
weixue0806,美容护肤,油补了吗,1,该用户是在询问主播是否已经补充了之前提到的护肤油产品的库存或优惠信息。
weixue0806,美容护肤,备孕期可以用的面膜,1,该用户是在询问是否有适合备孕期间使用的面膜产品，表现出对特定人群适用性的关注和潜在的购买意向。
weixue0806,美容护肤,能推荐一套25岁用的护肤品吗?,1,该用户希望主播根据25岁年龄段的护肤需求推荐一套合适的护肤品组合。
weixue0806,美容护肤,"姐姐,要上次那个小紫瓶油",1,该用户想表达的含义是：希望主播再次推荐或上架之前提到过的紫色精华油产品。
weixue0806,美容护肤,是先用油再用精华液吗?,1,该用户是在询问护肤品的使用顺序，希望确认精华液是否应在护肤油之后使用。
weixue0806,美容护肤,油好用吗,1,该用户想询问这款护肤油的功效和使用体验如何，以评估是否值得购买。
weixue0806,美容护肤,毛孔大用啥,1,该用户想询问针对毛孔粗大问题的护肤产品推荐。
weixue0806,美容护肤,口红是哪个呀,1,该用户想询问直播中提到的口红具体是哪一款产品。
weixue0806,美容护肤,有遮瑕素颜霜吗,1,该用户是在询问直播间是否有售卖能够遮盖瑕疵的素颜霜产品。
weixue0806,美容护肤,肌侣面膜好用吗?,1,该用户是在询问这款面膜的实际使用效果如何，隐含潜在的购买意向。
weixue0806,美容护肤,胶原胶原胶原胶原胶原胶原胶原胶原胶原,1,该用户可能是急切询问或催促主播介绍胶原蛋白相关产品，表达对这类商品的强烈兴趣或需求。
weixue0806,美容护肤,有没有胶原面膜,1,该用户是在询问直播间是否售卖胶原蛋白面膜产品。
weixue0806,美容护肤,哈哈哈哈哈哈哈哈你有一群黑粉逗你开心,0,该用户是在用调侃的语气表达对主播的喜爱和支持，暗示主播的幽默表现和观众互动氛围很有趣。
weixue0806,美容护肤,口红什么颜色,1,该用户想询问主播展示的口红具体色号或颜色效果。
weixue0806,美容护肤,有没有聊点情感的,0,该用户可能觉得当前直播内容过于集中在护肤美妆产品上，希望主播能转换话题聊聊情感或生活相关的内容来调节气氛。
weixue0806,美容护肤,不是眼影,0,该用户想表达的含义是：当前讨论的产品或话题并不是眼影相关的内容。
weixue0806,美容护肤,想要这个睡衣,1,该用户表达了明确的购买意向，对直播中展示的睡衣产品产生了拥有的欲望。
weixue0806,美容护肤,"已买已买,怎么用",1,该用户想表达的含义是：已经购买了产品但不太清楚使用方法，希望主播能给予指导。
weixue0806,美容护肤,面膜好用吗,1,该用户想询问这款面膜的实际使用效果以判断是否值得购买。
weixue0806,美容护肤,怎么那么好看呀,0,该用户是在夸赞直播展示的某款产品外观吸引人，暗示对产品产生了兴趣或购买意向。
weixue0806,美容护肤,泪沟还有救吗,0,该用户是在询问直播间推荐的产品是否能改善泪沟问题，表现出对相关护肤品的潜在购买兴趣。
weixue0806,美容护肤,我就差没买这个了,0,该用户想表达自己已经对这款产品产生了强烈的购买意愿，只差最后下单这一步了。
weixue0806,美容护肤,祛斑水乳呢,1,该用户是在询问直播间是否有祛斑功效的水乳产品。
weixue0806,美容护肤,继续说油,1,该用户想表达的含义是：请继续详细介绍关于护肤油的产品信息。
weixue0806,美容护肤,雏菊油还是晚香玉油好?,1,该用户是在询问两种护肤油的功效对比，希望得到推荐建议以便做出购买选择。
weixue0806,美容护肤,"油,我也想要",1,该用户看到其他人讨论护肤油后产生了购买兴趣，表达自己也想要这款产品。
weixue0806,美容护肤,想要水光面膜[捂脸],1,该用户表达了对水光面膜的强烈兴趣和购买欲望，并带有因被产品吸引而无奈自嘲的情绪。
weixue0806,美容护肤,我要眼油,1,该用户想表达的是对直播中提到的某款眼部护理精油的购买意向。
weixue0806,美容护肤,[发呆][发呆]卖啥了,0,该用户可能因直播内容切换过快或走神而没跟上节奏，想确认当前在推销什么产品。
weixue0806,美容护肤,Cemoy洗面奶加下呗雪姐,1,该用户是在主动请求主播将Cemoy洗面奶加入当前销售清单，表现出明确的购买意向和产品偏好。
weixue0806,美容护肤,"雪,看到有个要满脸点点点,然后不停按点点的面膜,有点疼的,那个有效果吗?",0,该用户是在询问一款需要频繁按压点点的面膜是否有实际效果，并隐含对使用疼痛感的担忧。
weixue0806,美容护肤,"脸上如果容易长痘,用七号油和六号双可以吗?",1,该用户是在咨询针对易长痘肌肤是否适合使用直播间推荐的七号油和六号双产品，表现出对这两款护肤品的具体功效需求和购买意向。
weixue0806,美容护肤,抗衰那款面膜没有了吗,1,该用户是在询问直播间之前提到的某款抗衰老面膜是否已经售罄或下架。
weixue0806,美容护肤,胶原灌注有吗,1,该用户是在询问直播间是否有售卖胶原蛋白灌注类产品。
weixue0806,美容护肤,我抢到了[比心][比心],0,该用户想表达的含义是：成功抢购到心仪商品后的兴奋和满足。
weixue0806,美容护肤,一号链接怎么用,1,该用户想询问一号链接商品的具体使用方法或操作步骤。
weixue0806,美容护肤,"姐姐,什么时候卖衣服?你衣品很好!",1,该用户想表达的含义是：对主播的穿搭风格很认可，并询问服装类商品的上架时间，表现出明确的购买意向。
weixue0806,美容护肤,气垫气垫,1,该用户可能在询问或催促主播介绍/上架气垫产品，表达对气垫类商品的购买兴趣。
weixue0806,美容护肤,素颜滴,1,该用户可能在询问或表达对直播间提到的某款主打“素颜效果”的护肤产品（如素颜精华或素颜滴剂）的兴趣或购买意向。
weixue0806,美容护肤,"姐姐,讲讲精华油",1,该用户希望主播详细介绍精华油产品的功效或使用方法。
weixue0806,美容护肤,要反重力21天精华,1,"该用户想表达的是对""反重力21天精华""这款产品有明确的购买意向或需求。"
weixue0806,美容护肤,20岁想去黄提亮用什么,1,该用户是在询问适合20岁年龄段使用的提亮肤色、改善暗黄的护肤产品。
weixue0806,美容护肤,没有极光油了嘛,1,该用户是在询问直播间是否已经售罄了极光油这款产品。
weixue0806,美容护肤,香水是什么香型,1,该用户想了解当前介绍的香水属于哪种香调分类（如花香、果香等）。
weixue0806,美容护肤,啊啊啊啊啊啊啊啊啊啊啊身体乳,1,该用户想表达的含义是：非常急切地想要购买或了解直播间正在推荐的身体乳产品。
weixue0806,美容护肤,学生党能用吗,1,该用户是在询问产品是否适合学生群体的预算和使用需求。
weixue0806,美容护肤,"雪姐,让我买个唇膏行吗[尬笑][尬笑][尬笑][尬笑]",1,该用户以调侃的语气向主播请求购买唇膏的许可，透露出明确的购买意向并试图通过幽默互动促成交易。
weixue0806,美容护肤,1和5区别?谢谢,1,该用户想询问产品编号1和5之间的具体差异，以便做出购买决策。
weixue0806,美容护肤,身体乳推荐哪个味道,1,该用户想表达的含义是：对直播间推荐的身体乳产品感兴趣，希望主播能针对不同香型给出选购建议。
weixue0806,美容护肤,小黄车都可以拍呀,0,该用户想表达的含义是：询问直播间展示的所有商品是否都可以通过购物车链接下单购买。
weixue0806,美容护肤,干皮用哪个,1,该用户想询问适合干性皮肤使用的产品推荐。
weixue0806,美容护肤,我也是买很多[比心],0,该用户想表达自己已经多次购买过该直播间的产品，并对主播或商品表示支持和喜爱。
weixue0806,美容护肤,1号链接只有5片吗,1,该用户可能在确认1号链接商品的具体规格或库存数量，表现出对产品的关注和潜在的购买意向。
weixue0806,美容护肤,"一点都不照顾我,一次都没有读过我的",0,该用户因多次发言未被主播回应而感到失落，认为自己的互动需求没有得到重视。
weixue0806,美容护肤,一号链接次抛每天都用么?,1,该用户是在询问产品“一号链接”的使用频率，想了解是否需要每天使用这款次抛型产品。
weixue0806,美容护肤,眼油什么牌子好,1,该用户可能在询问主播推荐的护眼精油品牌，表现出对产品的具体需求和购买意向。
weixue0806,美容护肤,什么油好用,1,该用户想询问直播间推荐哪款护肤油产品适合自己使用。
weixue0806,美容护肤,姐姐姐姐黑眼圈怎么办,0,该用户是在询问主播推荐针对黑眼圈问题的护肤产品或解决方案。
weixue0806,美容护肤,擦你的防晒为什么觉得刺痛[捂脸][捂脸][捂脸][捂脸],0,该用户可能在询问防晒产品使用时的刺痛感原因，并隐含对产品安全性的担忧或希望主播给予解答。
weixue0806,美容护肤,看下成分表,1,该用户想了解产品的具体成分信息，可能是出于对安全性、适用性或功效的关注。
weixue0806,美容护肤,哪个精油好看,1,该用户是在询问直播间推荐的精油产品中哪一款的外包装设计更吸引人或更符合审美偏好。
weixue0806,美容护肤,10号可以加吗,1,该用户是在询问直播中提到的10号商品是否支持额外加购或补货。
weixue0806,美容护肤,什么油,1,该用户可能是在询问直播间正在介绍或展示的护肤油产品的具体名称或类型。
weixue0806,美容护肤,姐姐讲一下原声家庭,0,该用户可能是想询问主播关于产品原料来源或成分天然性的信息，以此评估产品的安全性和品质。
weixue0806,美容护肤,"我也买了,用其他号买的",0,该用户想表达的含义是：我已经通过另一个账号下单购买了同款产品。
weixue0806,美容护肤,想买香水,1,该用户表达了对直播中推荐的香水产品产生购买意向，希望进一步了解或获取购买链接。
weixue0806,美容护肤,沐浴露讲一下,1,该用户希望主播详细介绍当前展示的沐浴露产品的功能或特点。
weixue0806,美容护肤,"姐姐今天好漂亮,我买了油很好用,今天有啥优惠",1,该用户想表达对主播的赞美，并基于之前购买产品的良好体验，询问当前直播间的优惠活动信息。
weixue0806,美容护肤,洗面奶好用,1,该用户想表达的含义是：对这款洗面奶的使用效果表示认可并隐含推荐意向。  （结合前文弹幕中频繁出现的产品使用反馈、成分咨询及购买互动，可推断用户在此语境下并非单纯陈述，而是通过正面评价传递潜在种草意图，与直播间其他消费者形成共鸣。）
weixue0806,美容护肤,泪沟如何改善?,0,该用户是在咨询改善泪沟问题的护肤产品或方法，表现出对相关美容解决方案的潜在购买兴趣。
weixue0806,美容护肤,姐姐有没有推荐给高中生的补水面膜[流泪][流泪],1,该用户想表达的含义是：询问主播是否有适合高中生使用的补水面膜推荐，并透露出强烈的购买意愿和需求迫切感。
weixue0806,美容护肤,"姐姐!要小紫瓶油,预售也行[流泪][流泪][流泪]",1,该用户急切地表达想要购买紫色瓶装护肤油的强烈意愿，甚至愿意接受预售等待的方式，情绪激动地通过重复流泪表情强调需求迫切性。
weixue0806,美容护肤,六号讲一下吧!,1,该用户希望主播详细介绍6号产品的相关信息。
weixue0806,美容护肤,胶原那个款说下,1,该用户想询问主播详细介绍某款含有胶原蛋白的产品信息。
weixue0806,美容护肤,可以讲下彩椒吗,1,该用户想表达的含义是：希望主播详细介绍彩椒这款产品的相关信息。
weixue0806,美容护肤,发膜咋没啦,1,该用户想表达的含义是：询问之前提到的发膜产品为何突然下架或无法购买。
weixue0806,美容护肤,雪-颈纹,0,该用户可能是在询问主播关于淡化颈部皱纹的产品推荐或护理方法。
weixue0806,美容护肤,"姐姐,怎么去黑眼圈",0,该用户想询问主播是否有推荐改善黑眼圈的产品或方法。
weixue0806,美容护肤,"第一次来,买了三种面膜",0,该用户通过分享自己的购买行为，间接表达了对直播间产品的信任和认可，同时暗示自己可能会继续关注并参与后续的购买活动。
weixue0806,美容护肤,10号加不了吗?,1,该用户是在询问10号商品是否已经无法加入购物车或参与购买活动。
weixue0806,美容护肤,姐姐感觉你今天尤其美,0,该用户想表达的含义是：对主播的外貌表示赞赏，以此拉近距离或表达好感，但并未直接表现出明确的购买意向。
weixue0806,美容护肤,胶原蛋白面膜今天有吗,1,该用户是在询问直播间今天是否有胶原蛋白面膜这款产品上架或促销。
weixue0806,美容护肤,洗面奶好用吗,1,该用户是在询问洗面奶的实际使用效果以评估是否值得购买。
weixue0806,美容护肤,雏菊油还是晚香玉油好?40岁偏干,1,该用户是在询问主播针对40岁干性肌肤更适合雏菊精油还是晚香玉精油，希望获得专业的产品推荐建议。
weixue0806,美容护肤,哪个气垫干皮好用,1,该用户想询问适合干性皮肤的气垫产品推荐。
weixue0806,美容护肤,下眼皮那样子不好看,0,该用户可能是在对主播的眼部状态或妆容效果提出个人审美意见，暗示希望主播调整妆效或推荐相关改善产品。
weixue0806,美容护肤,"讲哈6号,亲",1,该用户希望主播详细介绍6号产品的相关信息。
weixue0806,美容护肤,哦666,0,该用户可能在用网络流行语“666”表达对主播推荐或展示商品的赞赏和兴奋情绪，暗示对当前直播内容的高度兴趣。
weixue0806,美容护肤,眼袋用什么好呢,1,该用户想表达的含义是：想咨询改善眼袋问题的产品推荐。
weixue0806,美容护肤,"姐姐,真好看,那項鍊～",0,该用户被主播佩戴的项链吸引，流露出对商品的欣赏和潜在的购买兴趣。
weixue0806,美容护肤,只能找你买面膜万年不踩雷,0,该用户想表达的含义是：长期信任主播推荐的面膜产品且从未失望过。
weixue0806,美容护肤,就是用了面膜再涂美白精华吗?,0,该用户想确认使用面膜后是否需要叠加美白精华的护肤步骤，表现出对产品使用方法的兴趣和潜在的购买意向。
weixue0806,美容护肤,Cemoy洗面奶加下呗雪姐我想试用,1,该用户希望主播能将Cemoy洗面奶加入购物车或试用环节，表达出明确的购买试用意向。
weixue0806,美容护肤,身体乳不黏吧,1,该用户是在询问身体乳的使用感受是否清爽不粘腻，以此判断是否值得购买。
weixue0806,美容护肤,"雪姐,让我买个唇膏行吗[尬笑][尬笑][尬笑][尬笑][尬笑]",1,该用户以调侃的语气向主播表达想要购买唇膏的意愿，同时通过重复表情符号缓解直接索要商品的尴尬感。
weixue0806,美容护肤,说下油吧,1,该用户想询问主播详细介绍某款精油产品的功效或使用方式。
weixue0806,美容护肤,雪姐声音真好听[比心][比心][比心],0,该用户想表达的含义是：通过夸赞主播的声音来拉近距离，暗示对主播推荐的产品有好感或潜在购买兴趣。  （结合前文弹幕语境，直播间氛围以产品咨询和夸赞主播为主，用户用“声音好听”的正面评价延续互动，情感倾向积极，可能为后续产品互动铺垫。）
weixue0806,美容护肤,好美[赞]韦雪,0,该用户想表达的含义是：对主播韦雪的外貌或装扮表示赞赏和喜爱。
weixue0806,美容护肤,耳钉可以推荐么,1,该用户想询问主播是否有适合推荐的耳钉款式，表现出对耳饰产品的具体购买意向。
weixue0806,美容护肤,怎么祛斑啊,0,该用户想表达的含义是：询问直播间是否有推荐祛斑产品或相关护肤方法。 （分析依据：结合前文弹幕高频出现的护肤品咨询、成分比较、使用方式提问等特征，该弹幕符合直播间观众主动寻求解决方案的典型消费意向表达模式，核心动机是希望通过主播推荐获得针对性产品信息。）
weixue0806,美容护肤,干皮气垫,1,该用户想询问适合干性皮肤使用的气垫产品推荐。
weixue0806,美容护肤,这个妆好漂亮呀,0,该用户可能是在夸赞主播的妆容效果，并间接表现出对相关化妆品的兴趣或购买意向。
weixue0806,美容护肤,身体乳会很油吗,1,该用户是在询问身体乳的质地是否清爽，担心使用后会有油腻感。
weixue0806,美容护肤,3号面膜有活动吗?,1,该用户是在询问3号面膜是否有促销优惠，表现出明确的购买意向和价格敏感度。
weixue0806,美容护肤,哈哈你不已经习惯了嘛,0,该用户可能是在调侃主播对频繁出现的购买咨询或互动弹幕已经习以为常，暗示当前直播间氛围轻松活跃，大家提问和下单已成常态。
weixue0806,美容护肤,看衣服,1,该用户可能对直播中展示的服装产生了兴趣，想进一步了解或希望主播详细介绍款式。
weixue0806,美容护肤,灌肤胶原面膜,1,该用户可能在询问或表达对直播中提到的“灌肤胶原面膜”产品的购买兴趣或使用疑问。
weixue0806,美容护肤,有没有长头发的,0,该用户可能在询问主播展示的产品中是否有适合长发使用的款式或类型。
weixue0806,美容护肤,痘痘多用啥,1,该用户想询问针对痘痘问题推荐适合使用的护肤产品或解决方案。
weixue0806,美容护肤,有没有清洁泥膜[比心],1,该用户是在询问直播间是否有清洁泥膜产品并表达购买意向。
weixue0806,美容护肤,衣服裤子什么码,1,该用户想询问主播展示的服装尺码信息以便考虑购买。
weixue0806,美容护肤,美白全身,1,该用户可能是在询问主播是否有能够实现全身美白效果的产品推荐。
weixue0806,美容护肤,一号链接几盒面膜,1,该用户是在询问一号商品链接中面膜的规格或购买数量选项，表现出明确的购买意向和决策需求。
weixue0806,美容护肤,护发精油,1,该用户可能是想询问护发精油的功效或购买方式。
weixue0806,美容护肤,姐姐!外套!能不能你站起来让我们看看好漂亮的衣服,1,"该用户希望主播起身展示外套的全貌以便更直观地评估商品效果。  （解析：结合前文弹幕中频繁出现的服饰、美妆类具体商品咨询，以及""看衣服""""衣服裤子什么码""等同类需求，可判断当前语境为消费者对商品细节的主动追问。用户通过感叹词和重复强调""外套""，配合""好漂亮""的明确赞美，表现出强烈的购买意向和决策前的视觉确认需求，属于典型的高意向购物咨询。）"
weixue0806,美容护肤,1号和5号有什么区别,1,该用户想询问1号和5号产品在功能或特性上的具体差异，以便做出购买决策。
weixue0806,美容护肤,能上油霜吗,1,该用户可能在询问直播间是否会上架或推荐适合油性皮肤使用的面霜产品。
weixue0806,美容护肤,为什么我的灌注面膜没有变透明,0,该用户可能在疑惑自己使用的灌注面膜没有达到预期的透明效果，想询问原因或使用方法是否正确。
weixue0806,美容护肤,此川字纹怎么办,0,该用户想询问如何改善或消除面部川字纹的问题。
weixue0806,美容护肤,单眼皮怎么整,0,该用户可能是在询问针对单眼皮的眼部美容建议或产品推荐。
weixue0806,美容护肤,之前那款眼膜还有吗?蒋欣也推荐的,1,该用户是在询问之前推荐过的某款眼膜是否仍有库存，并提及明星推荐以强调产品的可信度和自己的购买意向。
weixue0806,美容护肤,睫毛睫毛,1,该用户可能在询问或提醒主播介绍或展示与睫毛相关的产品，比如睫毛膏、睫毛增长液等。
weixue0806,美容护肤,两种美白面膜那个好用,1,该用户是在询问两款美白面膜的效果对比，希望得到推荐以便做出购买选择。
weixue0806,美容护肤,粉色外套有吗,1,该用户想询问直播间是否有粉色款的外套在售。
weixue0806,美容护肤,眼睛很漂亮,0,该用户可能是在夸赞主播或展示商品的眼睛部位（如美瞳、眼妆效果等），并隐含对相关产品的兴趣或询问意图。
weixue0806,美容护肤,1号用了要洗吗?,1,该用户是在询问1号产品使用后是否需要清洗。
weixue0806,美容护肤,今天不上珠宝链接吗?我觉得你身上的珠宝我都喜欢,1,该用户对主播佩戴的珠宝表现出强烈的兴趣，并询问是否会有相关商品上架购买。
weixue0806,美容护肤,太好看了,1,该用户被直播展示的商品外观或效果所吸引，产生了强烈的欣赏和购买意向。
weixue0806,美容护肤,沐浴露哪个好闻,1,该用户想询问直播间推荐的沐浴露中哪款香味更受欢迎或品质更好。
weixue0806,美容护肤,眉弓骨,0,该用户可能是在询问关于眉弓骨修饰或护理的产品或方法。
weixue0806,美容护肤,眼睛好看,0,该用户可能是对主播的眼睛或展示的眼部产品表示赞赏，暗示对相关美容产品或妆容技巧感兴趣。
weixue0806,美容护肤,你眼睛跟以前也不一样啊[捂脸],0,该用户可能是注意到主播眼睛的变化（如妆容、整形效果等），以调侃或惊讶的语气表达对其外貌差异的观察。
weixue0806,美容护肤,Be油,1,该用户可能在询问直播间是否有护发精油产品上架或相关介绍。
weixue0806,美容护肤,请问皮肤黄用哪一款面膜啊?,1,该用户是在询问适合自己肤色偏黄的面膜产品推荐。
weixue0806,美容护肤,泪沟打什么,0,该用户想询问针对泪沟问题应该使用哪种美容产品或护理方法。
weixue0806,美容护肤,身体乳推荐一下,1,该用户希望主播能针对身体护理需求推荐合适的产品。
weixue0806,美容护肤,20岁有必要用胶原灌注吗,1,该用户可能是在询问年轻肌肤是否适合使用抗衰老产品，隐含对自身护肤需求的困惑和寻求专业建议的意图。
weixue0806,美容护肤,介绍下身体乳,1,该用户想表达的含义是：希望主播详细讲解当前推荐的身体乳产品的功效和使用体验。
weixue0806,美容护肤,有没有推荐的面霜啊……姐姐,1,该用户想表达的含义是：希望主播能针对面霜产品给出具体的推荐建议。
weixue0806,美容护肤,眼睛好好看,0,该用户是在夸赞主播的眼睛漂亮，可能对主播的眼妆、眼部产品或整体形象产生了兴趣。
weixue0806,美容护肤,油霜你用吗,1,该用户是在询问主播是否使用或推荐某款油霜产品。
weixue0806,美容护肤,姐姐好美[比心],0,该用户是在夸赞主播的外貌并表达喜爱之情，而非询问商品信息或表达购买意向。
weixue0806,美容护肤,"雪,擦你的防晒为什么觉得刺痛",0,该用户可能是在询问主播使用的防晒产品为何会引起皮肤刺痛感，想了解原因或寻求替代推荐。
weixue0806,美容护肤,再介绍点面膜,1,该用户希望主播进一步详细介绍面膜产品的相关信息或推荐更多款式。
weixue0806,美容护肤,怎么去痘印,0,该用户想询问直播间是否有针对痘印问题的护肤产品或解决方案。
weixue0806,美容护肤,"雪儿姐,请问下,夏天到了水光霜和GEMOY防晒霜使用顺序怎么用啊?[玫瑰]",0,该用户想表达的含义是：想了解水光霜和防晒霜的正确使用步骤，以便在夏季正确护肤。
weixue0806,美容护肤,很漂亮,0,该用户是在夸赞主播的外貌或展示的商品很吸引人，可能隐含对相关产品的兴趣或购买意向。
weixue0806,美容护肤,咋去黑眼圈,0,该用户可能在询问直播间推荐的产品或护肤方法如何有效改善黑眼圈问题。
weixue0806,美容护肤,睡衣睡衣,1,该用户想表达的含义是：请主播推荐或介绍一下睡衣产品。
weixue0806,美容护肤,主打就是一个叛逆[捂脸],0,该用户是在用调侃的语气表达自己反常规的消费态度，可能是对直播间主推的某款产品或常规护肤流程提出幽默的异议。
weixue0806,美容护肤,鼻是什么材料,0,该用户可能在询问直播中提到的某款产品（如护肤品或化妆品）的鼻部材质或成分。
weixue0806,美容护肤,洗面奶好用吗洗面奶好用吗,1,该用户想表达的含义是：想确认这款洗面奶的实际使用效果是否值得购买。
weixue0806,美容护肤,睡衣,1,该用户想表达的含义是：询问主播身上穿的睡衣款式或品牌信息。
weixue0806,美容护肤,BE的油没有吗,1,"该用户是在询问直播间是否还有某款名为""BE""的护肤油产品在售。"
weixue0806,美容护肤,"雪儿,我黑眼圈比较严重,有什么好物推荐啊[比心][比心][比心][比心]",1,该用户是在向主播咨询针对黑眼圈问题的护肤产品推荐，并表现出较强的信任感和购买意向。
weixue0806,美容护肤,脸怎么一段时间就长很多粉刺,0,该用户可能在咨询护肤品推荐，想了解针对频繁长粉刺问题的解决方案或相关产品。
weixue0806,美容护肤,琥珀乌木身体乳没有了吗,1,该用户是在询问直播间是否已经售罄或下架了琥珀乌木身体乳这款产品，表现出明确的购买意向和急切确认库存的心理。
weixue0806,美容护肤,"那么多人盗用你的视频卖,买错了,来你直播间买正品",0,该用户想表达的含义是：因为市面上有很多假冒产品导致自己误购，所以特地来主播的正品直播间购买以确保 authenticity。
weixue0806,美容护肤,防晒孕妇可以用吗,1,该用户是在询问直播推荐的防晒产品是否适合孕妇群体使用，表现出对产品安全性和适用性的具体关切。
weixue0806,美容护肤,要洗头发的,1,该用户想表达的含义是：询问是否有适合洗发用的产品推荐。
weixue0806,美容护肤,怎么瘦脸,0,该用户可能是在询问主播是否有推荐瘦脸产品或方法，表达了对改善脸部轮廓的潜在购买需求。
weixue0806,美容护肤,姐姐太美啦,0,该用户是在对主播的外貌表示赞赏，但并未直接表达对产品的购买兴趣。
weixue0806,美容护肤,三明治怎么用?[比心][比心][比心][比心][比心][比心][比心][比心][比心][比心],1,该用户想表达的含义是：询问三明治产品的使用方法并表达对主播的喜爱和支持。
weixue0806,美容护肤,皮肤泛红起皮用什么好,1,该用户想表达的含义是：咨询针对皮肤泛红脱屑问题的护肤产品推荐。
weixue0806,美容护肤,有没有让头发长得快的,1,该用户可能在询问是否有能促进头发生长的产品或方法，表现出对解决头发问题的潜在购买需求。
weixue0806,美容护肤,今天有胶原蛋白灌注面膜吗,1,该用户是在询问直播间是否会上架或推荐某款特定的面膜产品，表现出明确的购买意向和需求。
weixue0806,美容护肤,有眼袋用什么产品,1,该用户想表达的含义是：询问针对眼袋问题的护肤产品推荐。  （结合前文语境：直播间讨论集中在护肤美妆问题，如黑眼圈、粉刺、泛红等，用户提问符合当前产品咨询的互动趋势，属于明确的购买意向类需求。）
weixue0806,美容护肤,五号链接会补水吗,1,该用户是在询问五号链接的商品是否具有保湿护肤的功能。
weixue0806,美容护肤,打字打的好累,0,该用户可能是在抱怨频繁提问或互动导致的疲惫感，暗示希望主播加快节奏或直接展示产品信息。
weixue0806,美容护肤,外套有吗?,1,该用户是在询问直播间是否售卖外套类商品，表达了对该品类产品的购买意向。
weixue0806,美容护肤,大师面膜怎么用,1,该用户可能是在询问产品的具体使用方法，表现出对“大师面膜”的实际使用效果和操作步骤的关注，暗示潜在的购买意向。
weixue0806,美容护肤,修护面膜,1,该用户可能在询问直播间是否有修护面膜产品或想了解相关产品的功效推荐。
weixue0806,美容护肤,卸妆油啊,1,该用户可能是在询问或确认直播间是否有卸妆油产品，并隐含一定的购买意向。
weixue0806,美容护肤,油霜你会用吗,1,该用户可能是在询问主播是否会亲自使用或演示“油霜”产品的使用方法，以评估其效果或学习正确用法。
weixue0806,美容护肤,讲一下颈纹讲一下颈纹讲一下颈纹讲一下颈纹讲一下颈纹讲一下颈纹讲一下颈纹讲一下颈纹,1,该用户急切希望主播详细介绍针对颈纹问题的产品或护理方法，表现出明确的购买意向和需求聚焦。
weixue0806,美容护肤,美白面膜是几片,1,该用户想询问美白面膜的包装规格（片数），以此判断是否值得购买。
weixue0806,美容护肤,面膜多少片?,1,该用户想询问面膜产品的包装规格或数量信息，以评估是否值得购买。
weixue0806,美容护肤,雪眼油好用,1,"该用户可能在询问或认可""雪眼油""的使用效果，暗示对该产品有购买兴趣或需要更多信息。"
weixue0806,美容护肤,护肤用什么,1,该用户想询问适合自己肤质的护肤产品推荐。
weixue0806,美容护肤,收缩毛孔的有吗,1,该用户是在询问直播间是否有能够改善毛孔粗大问题的护肤产品。
weixue0806,美容护肤,黑眼圈怎么办?,0,该用户可能在询问针对黑眼圈问题的护肤产品或解决方案。
weixue0806,美容护肤,你是怎么表白的?,0,"该用户可能是在询问主播推荐的产品如何用于表白场景（比如礼物或妆容建议），而非单纯的情感提问。  （结合前文美妆护肤类弹幕的语境，用户更可能将""表白""与产品使用场景关联，而非脱离购物需求的闲聊）"
weixue0806,美容护肤,大师面膜好用[赞],1,该用户想表达的含义是：对大师面膜的使用效果表示认可和称赞。  （结合前文弹幕中多次提到面膜相关产品，且用户提问“大师面膜怎么用”，可推断当前弹幕是实际使用后的正面反馈，而非单纯询问。）
weixue0806,美容护肤,黑眼圈大眼袋怎么整啊,0,该用户想表达的含义是：询问针对黑眼圈和眼袋问题的护肤产品或解决方案。
weixue0806,美容护肤,8号链接,1,该用户想询问或确认直播间中8号链接对应的商品信息或购买方式。
weixue0806,美容护肤,28岁.用什么面膜,1,该用户是在询问适合自己年龄（28岁）的面膜产品推荐，表现出对护肤品的具体需求和购买意向。
weixue0806,美容护肤,美瞳好看,1,该用户可能是在询问或称赞直播中展示的美瞳款式是否适合自己，并隐含对产品的兴趣或购买意向。
weixue0806,美容护肤,我买了,0,该用户想表达的含义是：我已经下单购买了（某款产品）。  （结合前文弹幕高频提及面膜、护肤等产品，且存在明确商品链接提问，用户很可能是在互动中决定购买某款推荐商品后主动反馈行为。）
weixue0806,美容护肤,雪姐不回家拜太公,0,该用户可能在调侃或催促主播“雪姐”加快节奏或切换产品，暗示当前内容与观众期待不符。
weixue0806,美容护肤,姐姐有没有用过睫毛增长液,1,该用户想询问主播是否亲身试用过睫毛增长液并期待获得使用效果的真实反馈。
weixue0806,美容护肤,去黑痘印呢,0,该用户想询问直播间是否有能改善黑色痘印问题的产品。
weixue0806,美容护肤,睫毛也是真的吗?,0,该用户是在询问直播中展示的睫毛是否为真睫毛，可能对产品真实性或效果存在兴趣或疑虑。
weixue0806,美容护肤,脸特别干用哪款,1,该用户想询问适合脸部干燥状况的护肤品推荐。
weixue0806,美容护肤,耳饰推荐可以吗?,1,该用户想询问主播是否可以推荐适合的耳饰款式或品牌。
weixue0806,美容护肤,眼睛是做的吗,0,该用户可能是在询问主播的眼睛是否经过整形或医美处理，隐含对主播外貌特征的关注或对相关美容效果的潜在兴趣。
weixue0806,美容护肤,真美啊,0,该用户可能是在称赞主播的妆容或产品效果，表达对当前展示物品的欣赏和潜在购买兴趣。
weixue0806,美容护肤,卡粉怎么办,0,该用户可能是在询问如何解决化妆品在皮肤上出现浮粉或不服帖的问题。
weixue0806,美容护肤,去黄用什么面膜,1,该用户想询问直播间是否有推荐的美白或提亮肤色的面膜产品。
weixue0806,美容护肤,开了眼角吧,0,该用户可能在质疑主播的眼睛是否经过整形手术，带有一定的八卦或好奇心理。
weixue0806,美容护肤,大干皮用什么面膜,1,该用户想表达的含义是：询问适合极度干燥肤质的面膜产品推荐。
weixue0806,美容护肤,发膜发膜发膜,1,该用户急切地询问或要求主播介绍/推荐发膜产品。
weixue0806,美容护肤,做什么项目提升法令纹[比心][比心][比心][比心][比心][比心][比心][比心][比心][比心],0,该用户想表达的含义是：询问直播间推荐哪些产品或项目能有效改善法令纹问题，并表现出强烈的兴趣和期待。  （释义依据：结合前文弹幕中高频的美容护肤类提问语境，用户以具体问题“法令纹”切入，配合密集的[比心]表情，隐含对解决方案的迫切需求和购买意向。）
weixue0806,美容护肤,三明治怎么用?[比心][比心][比心][比心][比心][比心][比心][比心][比心][比心][比心][比心][比心][比心][比心],1,该用户可能是在询问直播中提到的“三明治”产品的使用方法，同时通过大量[比心]表情表达对主播或产品的强烈好感或购买意向。  （释义逻辑：结合前20条弹幕多为美妆护肤类产品咨询及购买互动，且高频出现具体问题（如“怎么用”“哪款”）和情感符号（[比心]），可推断“三明治”为直播间推广的新品，用户以提问形式主动寻求产品信息，配合表情符号强化积极态度，隐含潜在购买需求。）
weixue0806,美容护肤,"35+,美白祛痘用什么",1,该用户是在询问适合35岁以上人群的美白祛痘产品推荐，表现出对解决特定肌肤问题的明确购买意向。
weixue0806,美容护肤,怎么去除脸两边的红润[流泪],0,该用户是在咨询如何解决面部泛红问题的护肤方法，表现出对相关产品的潜在购买需求。
weixue0806,美容护肤,油痘肌用什么补水面膜,1,该用户是在咨询适合油性痘痘肌肤的保湿面膜产品，表现出对解决自身皮肤问题的具体需求和潜在购买意向。
weixue0806,美容护肤,项链好看,1,该用户可能是在夸赞项链款式吸引人，暗示有购买意向或希望主播进一步介绍产品细节。
weixue0806,美容护肤,"身上的是家居服吗,哪里买的[比心]",1,该用户对主播身穿的家居服感兴趣，询问购买渠道并表达好感。
weixue0806,美容护肤,想要杨紫与你推荐的那个便宜眼膜,1,该用户想表达的是对杨紫推荐的那款高性价比眼膜有明确的购买意向。
weixue0806,美容护肤,睫毛是天生的还是睫毛膏,0,该用户是在询问主播的睫毛效果是自然生长的还是通过睫毛膏化妆实现的，可能隐含对同类美妆产品的购买兴趣或使用技巧的咨询。
weixue0806,美容护肤,项链搭今天的衣服很好看,0,该用户想表达的含义是：这条项链的款式和今天的穿搭风格很配，让人有购买欲望。
weixue0806,美容护肤,雪雪每天怎么护肤,0,该用户想表达的含义是：询问主播日常使用的护肤产品或护肤流程，可能有意向购买同类产品。
weixue0806,美容护肤,颈纹颈纹颈纹颈纹颈纹颈纹怎么弄呢,0,该用户想表达的含义是：咨询如何改善颈部皱纹问题。
weixue0806,美容护肤,"看这么久直播了,从来没有和我互动过,真的惨死了",0,该用户因长期未被主播回应而感到失落，希望通过抱怨引起关注或互动。
weixue0806,美容护肤,说去黑头可以吗[捂脸],0,该用户是在询问直播推荐的产品是否具有去黑头功效，同时用表情符号表达了对这一问题的半调侃或不好意思的态度。
weixue0806,美容护肤,美白面膜怎么用,1,该用户想表达的含义是：对美白面膜的使用方法感兴趣，可能有意向购买或正在考虑是否适合自己。
weixue0806,美容护肤,大师和美白哪个好用,1,该用户是在询问直播间推荐的两款不同功效产品（可能是护肤品或化妆品）中哪一款的实际效果更值得购买。
weixue0806,美容护肤,1号面膜怎么用,1,该用户想询问1号面膜的具体使用方法，可能对产品功效感兴趣并考虑购买。
weixue0806,美容护肤,黑眼圈用什么啊,1,该用户是在询问直播间推荐哪款产品能有效改善黑眼圈问题。
weixue0806,美容护肤,法令纹严重用什么面膜,1,"该用户想表达的含义是：针对法令纹问题寻求适合的面膜产品推荐。  （结合前文弹幕中高频出现的护肤问题（如干皮、油痘肌、颈纹、黑眼圈等）和具体产品询问（如""1号面膜""""美白面膜""），可推断用户是在直播间主动提出自身护肤需求，并期待主播或品牌方提供解决方案，属于明确的购买兴趣导向提问。）"
weixue0806,美容护肤,音乐小点声哇姐姐诶l,0,该用户希望主播能将背景音乐音量调低，以便更清晰地听取产品讲解或互动内容。
weixue0806,美容护肤,嘴角暗沉怎么处理,0,该用户可能是在询问针对嘴角暗沉问题的护肤产品或解决方案，表现出对相关美容产品的潜在购买兴趣。
weixue0806,美容护肤,眼睛确实像杨幂,0,该用户可能是在夸赞主播或产品（如眼妆效果）与明星杨幂相似，暗示对当前展示的商品或妆容效果感兴趣。  （解析：结合前文弹幕多为护肤美妆咨询及产品夸赞，该弹幕更偏向于通过明星类比表达对产品效果的认可，而非单纯讨论外貌。）
weixue0806,美容护肤,精华推荐一下,1,该用户想表达的含义是：希望主播能针对自己的护肤需求推荐一款合适的精华产品。
weixue0806,美容护肤,"姐姐,用凉水洗脸还是温水啊[比心][比心][比心][比心][比心][比心][比心]",0,该用户想表达的含义是：询问主播关于洗脸水温的建议，并表现出对主播的喜爱和信任。
weixue0806,美容护肤,耳环在哪买啊,1,该用户想表达的含义是：询问主播展示的耳环的购买渠道或商品链接。
weixue0806,美容护肤,姐这个衬衫有链接吗,1,该用户想表达的含义是：询问主播身上穿的衬衫是否有购买渠道，表现出明确的购买意向。
weixue0806,美容护肤,请问前两天精油有没上架,1,该用户是在询问之前直播中提到的精油产品是否已经开售过，可能有意向购买或想了解补货情况。
weixue0806,美容护肤,胶原灌注面膜有吗,1,该用户是在询问直播间是否有售卖胶原蛋白灌注面膜这款产品。
weixue0806,美容护肤,这个感觉是被干两拳的,0,该用户可能在调侃主播展示的产品效果过于夸张，像是被用力击打后产生的强烈反应。
weixue0806,美容护肤,鼻子歪了,0,该用户可能是在吐槽主播的妆容或直播效果，暗示主播的鼻子看起来不自然或整形痕迹明显。
weixue0806,美容护肤,雪雪姐姐,0,该用户可能是想通过亲切称呼主播来寻求互动或引起注意，以便咨询护肤相关问题。
weixue0806,美容护肤,跟着雪姐买的就没踩过雷,0,该用户想表达的含义是：信任主播的推荐并认可其过往选品的可靠性。
weixue0806,美容护肤,有没有带滚珠的眼油?,1,该用户是在询问直播间是否有售卖带按摩滚珠设计的眼部护理精油产品。
weixue0806,美容护肤,姐姐眉毛是纹的还是画的啊,0,该用户可能是在询问主播的眉毛妆容方式，以此评估相关美容产品的效果或考虑自身是否适合尝试类似手法。
weixue0806,美容护肤,32干皮推荐一下面膜,1,该用户想表达的含义是：我是干性皮肤，想请你推荐一款适合32岁年龄使用的面膜。
weixue0806,美容护肤,怀孕可以用哪款,1,该用户想询问适合孕妇使用的产品推荐。
weixue0806,美容护肤,"看看你的睡衣,姐姐",1,该用户想表达的含义是：想了解主播身上穿的睡衣是否有购买链接。
weixue0806,美容护肤,狼性妇女[捂脸],0,该用户可能是以调侃的语气形容主播（或某位活跃观众）性格直爽、行动力强，类似“女汉子”的幽默表达。
weixue0806,美容护肤,45哪款面霜,1,该用户想询问适合45岁年龄段使用的面霜产品推荐。
weixue0806,美容护肤,26可以用1号链接吗,1,该用户想询问年龄26岁的人是否适合购买1号链接对应的产品。
weixue0806,美容护肤,1和3号有什么区别啊,1,该用户想询问产品编号1和3之间的具体差异以便做出购买决策。
weixue0806,美容护肤,"是眉毛做了眉骨,所以眼睛更立体好看",0,该用户想表达的含义是：主播的眉毛是通过眉骨修饰让眼部轮廓更显立体，从而提升了整体美感。
weixue0806,美容护肤,比个耶,0,该用户可能在轻松互动中表达对主播的友好支持或参与直播间的活跃氛围。
weixue0806,美容护肤,小姐姐真漂亮,0,该用户想表达的含义是：对主播的外貌表示赞赏，但并未直接表现出对商品的购买兴趣。
weixue0806,美容护肤,有祛斑新品吗?,1,该用户是在询问直播间是否有新推出的祛斑类产品可供购买。
weixue0806,美容护肤,川字纹法令纹用哪个,1,该用户想询问主播针对川字纹和法令纹问题推荐使用哪款产品。
weixue0806,美容护肤,讲讲6号,1,该用户想表达的含义是：请详细介绍6号产品的信息或功能。
weixue0806,美容护肤,是不是也要经常去美容院做做清洁再来用面膜,0,该用户可能在询问是否需要定期去美容院做深层清洁后再使用面膜效果更好，表现出对产品使用方法的细致关注和潜在的购买意向。
weixue0806,美容护肤,买了甘多,0,该用户想表达的含义是：已经跟着主播购买了不少产品。
weixue0806,美容护肤,美白丸美白丸,1,该用户可能是在询问或表达对直播间提到的美白丸产品的兴趣，想了解详情或确认是否有货。
weixue0806,美容护肤,一号可以试用吗?,1,该用户是在询问一号链接的产品是否支持试用后再决定购买。
weixue0806,美容护肤,身上衣服,1,该用户想询问主播身上穿的衣服是什么款式或购买链接。
weixue0806,美容护肤,有减肥的不,0,该用户可能在询问直播间是否有适合减肥人群的产品或相关内容。
weixue0806,美容护肤,喜欢你的性格[比心],0,该用户是在表达对主播个人魅力的欣赏，暗示因好感而可能关注其推荐的产品。
weixue0806,美容护肤,脖子上的好漂亮,1,该用户是在称赞主播佩戴的颈部饰品（如项链、丝巾等）非常好看，可能隐含询问商品链接或购买方式的意图。
weixue0806,美容护肤,跟着雪姐买的就没踩过雷真服了,0,该用户想表达的含义是：非常信任主播的推荐，认为她选品靠谱且从未让自己失望。
weixue0806,美容护肤,面膜一共多少片?,1,该用户想询问面膜的包装规格或数量，可能是出于对产品性价比或使用周期的考虑。
weixue0806,美容护肤,毛孔大怎么弄,0,该用户可能在询问针对毛孔粗大问题的护肤产品或解决方案。
weixue0806,美容护肤,小雪戴的貔貅吊坠好看[赞][比心],1,该用户对主播佩戴的貔貅吊坠表现出明显的审美认同和潜在购买意向。
weixue0806,美容护肤,皮肤黄用哪个面膜?,1,该用户想询问适合暗黄肤色的面膜产品推荐。
weixue0806,美容护肤,姐姐睫毛可以推荐一下吗,1,该用户想询问主播使用的睫毛产品品牌或款式，并希望得到推荐。
weixue0806,美容护肤,有没有妆前啊,1,该用户是在询问直播间是否有妆前乳或妆前产品出售。
weixue0806,美容护肤,找不到工作怎么办,0,该用户可能是在询问直播间是否有适合求职面试相关的产品或服务，比如职业装、妆容建议等。
weixue0806,美容护肤,真的姐姐好温柔[比心],0,该用户是在表达对主播个人魅力的喜爱和赞赏，认为主播的温柔特质让人感到亲切舒适。
weixue0806,美容护肤,很美[爱心]女孩子的表率,0,该用户是在夸赞主播的外貌和气质，并表达对其个人形象的欣赏与认同。
weixue0806,美容护肤,快1000万了,0,该用户可能是在感叹直播间观看人数即将突破1000万，表达对直播热度的关注或参与感。
weixue0806,美容护肤,胶原胶原胶原胶原胶原胶原胶原胶原胶原胶原胶原胶原胶原胶原胶原胶原胶原胶原胶原胶原胶原胶原胶原胶原胶原,1,该用户可能是在强烈表达对胶原蛋白相关产品的兴趣或催促主播详细介绍该产品。
weixue0806,美容护肤,"刚我买的面膜要求实名认证才能发货,要填身份证号码,这是真的吗",0,该用户对购买流程中需要实名认证的真实性产生疑虑，担心个人信息安全问题。
weixue0806,美容护肤,祛斑用什么,1,该用户想询问直播间推荐的产品中哪些适合用于祛斑护肤。
weixue0806,美容护肤,身体乳介绍哈,1,该用户希望主播详细介绍身体乳产品的功效或使用方法。
weixue0806,美容护肤,雪你咋喜欢舔嘴存啊,0,该用户可能是想调侃或询问主播为什么总是习惯性地舔嘴唇这个动作。
weixue0806,美容护肤,有修复精华吗,1,该用户是在询问直播间是否有售卖修复类精华产品，表现出对护肤品的具体需求和购买意向。
weixue0806,美容护肤,跟着雪姐买的就没踩过雷服了,0,该用户想表达的含义是：信任主播的选品推荐，认为其推荐的商品从未让自己失望。
weixue0806,美容护肤,想看看雪的男朋友是长啥样子,0,该用户可能是对主播的伴侣感到好奇，想通过了解对方的形象来进一步建立对主播的信任感或亲近感。
weixue0806,美容护肤,长眼纹了怎么办?,0,该用户想表达的含义是：询问主播推荐针对眼部细纹的护肤产品或解决方法。
weixue0806,美容护肤,可以开个医美专场吗?,1,该用户希望主播能专门安排一场关于医美产品的直播专场。
weixue0806,美容护肤,开瘦脸啊,0,该用户可能是在提醒主播调整直播美颜滤镜的瘦脸效果。
weixue0806,美容护肤,睡衣哪买的?,1,该用户想询问直播中展示的睡衣的购买渠道或品牌信息。
weixue0806,美容护肤,1号补水吗,1,该用户是在询问直播中提到的1号产品是否具有补水的功效。
weixue0806,美容护肤,"仙女,口红分享一下嘛",1,该用户想表达的含义是：希望主播推荐口红色号或分享口红产品信息。
weixue0806,美容护肤,姐真的太美了,0,该用户是在夸赞主播的外貌魅力，表达对主播个人形象的欣赏和喜爱。
weixue0806,美容护肤,"极光,四季精华油还有吗",1,"该用户是在询问产品库存情况，表现出对""极光四季精华油""的购买意向和潜在下单意愿。"
weixue0806,美容护肤,5号35加好用吗,1,该用户是在询问直播间推荐的5号商品（35ml装）的实际使用效果如何。
weixue0806,美容护肤,"夏天到了,推荐个防晒啦",1,该用户希望主播能针对夏季需求推荐一款合适的防晒产品。
weixue0806,美容护肤,没有徐佳佳好看,0,该用户是在比较主播的外貌，认为另一位叫徐佳佳的人更漂亮。
weixue0806,美容护肤,那颈纹能上脸嘛?刚买了,1,该用户是在询问刚购买的产品（可能是颈部护理产品）是否可以用于面部护理，表现出对产品使用范围的关注和潜在的购买兴趣。
weixue0806,美容护肤,有没有吃什么补品啊铁啊虾青素啊什么的,0,该用户想询问主播是否推荐过或了解某些营养补充品，比如补铁剂和虾青素等产品。
weixue0806,美容护肤,毛孔粗大用啥?,1,该用户想询问针对毛孔粗大问题的护肤产品推荐。
weixue0806,美容护肤,哇!粉丝快1000万了!,0,该用户是在为主播的粉丝量突破千万感到惊喜和祝贺，表达了对主播人气增长的关注和支持。
weixue0806,美容护肤,"雪姐,让我买个唇膏行吗",1,该用户想表达的含义是：向主播询问是否可以购买当前展示的唇膏产品。
weixue0806,美容护肤,"我脸部做了提升,用哪种面膜比较好,脸特别干",1,该用户想表达的含义是：自己刚做完医美项目，皮肤状态敏感干燥，希望主播推荐适合术后修复的保湿面膜。
weixue0806,美容护肤,有睫毛膏吗?有睫毛膏吗?有睫毛膏吗?,1,该用户迫切想确认直播间是否有睫毛膏产品并表现出强烈的购买意向。
weixue0806,美容护肤,讲讲唇釉,1,该用户希望主播详细介绍当前展示的唇釉产品的特点或使用效果。
weixue0806,美容护肤,法令纹用什么,1,该用户想询问针对法令纹问题的护肤产品或解决方案。
weixue0806,美容护肤,"那混合皮呢,咋用[捂脸]",1,该用户是在询问混合性皮肤该如何使用当前直播中提到的产品，并附带调侃语气表达自己的困惑或不确定。
weixue0806,美容护肤,做什么项目提升法令纹[比心][比心][比心][比心][比心][比心][比心][比心][比心][比心][比心],0,该用户想表达的含义是：询问主播推荐能改善法令纹的护肤产品或医美项目，并表现出强烈的兴趣和期待。
weixue0806,美容护肤,"雪,40+用哪款面膜",1,该用户想表达的含义是：询问适合40岁以上年龄群体使用的面膜产品推荐。
weixue0806,美容护肤,直接可以擦油,0,该用户想表达的含义是：询问这款产品是否可以无需稀释直接涂抹使用。
weixue0806,美容护肤,韦雪好物推荐那个号是不是假的?,0,该用户可能是在质疑主播推荐的某个商品账号的真实性，担心存在假冒或虚假宣传的情况。
weixue0806,美容护肤,1号链接怎么使用?1号链接怎么使用?1号链接怎么使用,1,该用户迫切想了解1号链接产品的具体使用方法，可能因产品功能复杂或直播中未详细说明而产生重复提问的焦虑。
weixue0806,美容护肤,又挨喷了姐,0,该用户可能是在调侃主播因产品推荐或互动时遭到其他观众的质疑或批评，以轻松口吻表达对主播的支持或同情。
weixue0806,美容护肤,有皱纹,0,该用户可能是在询问针对皱纹问题的护肤产品或解决方案。
weixue0806,美容护肤,黑眼圈大,0,该用户可能是在询问针对黑眼圈问题的护肤产品或解决方案。
weixue0806,美容护肤,有细纹,0,该用户可能在询问主播是否有针对细纹问题的护肤产品或解决方案。
weixue0806,美容护肤,毛孔用什么,1,该用户想咨询改善毛孔问题的护肤产品推荐。
weixue0806,美容护肤,皮肤黄有斑,0,该用户可能在咨询适合肤色暗沉且有斑点问题的护肤产品推荐。
weixue0806,美容护肤,那颈霜能上脸嘛?,1,该用户是在询问颈霜是否可以用于面部护肤，表现出对产品使用范围的潜在购买顾虑或兴趣。
weixue0806,美容护肤,冒充美女[捂脸],0,该用户可能在调侃主播或直播间氛围不够真实，暗示对直播内容可信度的怀疑。
weixue0806,美容护肤,医美以后韩束那个能用吗,1,该用户想询问医美手术后是否适合使用韩束的产品来护理皮肤。
weixue0806,美容护肤,还有斑,0,该用户可能在询问针对色斑问题的护肤产品或解决方案。
weixue0806,美容护肤,你的口红很好看,1,该用户可能是在询问口红的具体色号或品牌，暗示自己也有购买意向。
weixue0806,美容护肤,混油皮,0,该用户想询问主播推荐的护肤品是否适合混合性偏油肤质使用。
weixue0806,美容护肤,脸特别干,0,该用户可能在咨询适合干燥肤质的护肤品或解决方案。
weixue0806,美容护肤,又干又油,0,该用户可能在吐槽自己的肤质问题，即脸部同时存在干燥和出油的矛盾状况。
weixue0806,美容护肤,水光水光,0,该用户可能在询问或感叹主播推荐的产品具有“水光”效果（如提亮保湿），暗示对这类护肤功效的兴趣或认可。
weixue0806,美容护肤,包有的,0,该用户想询问直播中展示的包包是否有库存或是否会上架售卖。
weixue0806,美容护肤,精华用什么?,1,该用户可能是在询问适合自己肤质或解决特定肌肤问题的精华液产品推荐。
weixue0806,美容护肤,T区油,1,该用户可能是在询问适合T区出油情况的护肤产品或解决方案。
weixue0806,美容护肤,次抛和面膜怎么用的,1,该用户想咨询次抛精华和面膜的具体使用方法和步骤。
weixue0806,美容护肤,"有,沙漠大干皮",0,"该用户想表达的含义是：自己是沙漠大干皮肤质，想咨询适合的产品或护肤建议。  （结合前文弹幕中频繁出现的肤质问题（如""混油皮""""脸特别干""）和具体护肤需求（如""精华用什么""""毛孔用什么""），可推断用户是在主动提供自身肤质信息以寻求针对性解答，直播间语境偏向护肤品类答疑。）"
weixue0806,美容护肤,"有,但是很油又很干",0,该用户想表达的含义是：自己的皮肤同时存在油脂分泌过多和缺水干燥的问题。
weixue0806,美容护肤,姐姐好好看,0,该用户是在夸赞主播的外貌，可能想通过友善互动拉近距离以获取护肤建议。
weixue0806,美容护肤,眼纹重,0,该用户可能在表达对自己眼部皱纹问题的关注，并希望主播推荐相关护肤产品或解决方案。
weixue0806,美容护肤,大干皮有纹,0,该用户想表达的含义是：自己是严重干燥的肤质并且出现了皱纹问题。
weixue0806,美容护肤,干皮用的面膜,1,该用户是在询问适合干性皮肤使用的面膜产品。
weixue0806,美容护肤,面膜讲一下,1,该用户希望主播详细介绍当前展示的面膜产品信息。
weixue0806,美容护肤,"14号14号讲一下,雪",1,该用户可能是想询问主播关于“14号产品”（可能是某款护肤品或化妆品）的具体信息，并提到“雪”可能指代产品的某个特性（如质地、成分或昵称）。
weixue0806,美容护肤,涂抹面膜在几号链接,1,该用户是在询问主播提到的涂抹面膜对应哪个商品购买链接，表明对这款产品有购买意向。
weixue0806,美容护肤,8号链接可以再讲讲吗[比心],1,该用户对8号链接的商品感兴趣，希望主播进一步详细介绍产品信息。
weixue0806,美容护肤,姐姐白头发怎么办,0,该用户想表达的含义是：询问主播针对白头发问题的产品或护理建议。
weixue0806,美容护肤,眼袋这么去除,0,该用户想询问如何有效消除眼袋问题，可能是在关注护肤产品或护理方法。
weixue0806,美容护肤,"其实你真的不是那种特好看的女人,但是有那个劲儿,挺好的,还有说话声音好听的很",0,该用户想表达的含义是：虽然主播的外貌不算惊艳，但整体气质和声音魅力很吸引人，让人产生好感。
weixue0806,美容护肤,用哪个产品可以淡斑呀,1,该用户想表达的含义是：询问直播间是否有能解决色斑问题的护肤产品推荐。
weixue0806,美容护肤,是妖娆眼神妆不是熊猫眼(ー_ー)!!,0,该用户是在调侃主播的眼妆效果，既强调妆容的妩媚感又自嘲可能画得有些夸张像熊猫眼，透露出对妆容效果的关注和轻松互动的态度。
weixue0806,美容护肤,"全网都给我推荐姐推荐的胶原蛋白灌注面膜,打开四十几,真的假的",0,该用户对主播推荐的面膜价格表示怀疑，同时透露出被频繁安利后产生的兴趣和犹豫心理。
weixue0806,美容护肤,姐姐回来拜太公了嘛[比心],0,"该用户可能是想询问主播之前推荐过的某款产品（如“拜太公”相关商品）是否重新上架或返场，同时表达对主播的亲切支持。  （解析：结合前文弹幕多为产品咨询和互动风格，""拜太公""可能是直播间曾讨论过的商品昵称，用户用轻松口吻询问库存或返场信息，[比心]则延续了弹幕中常见的情感表达模式。）"
weixue0806,美容护肤,貔貅项链好好看[比心][比心][比心][比心][比心][比心][比心],1,该用户被貔貅项链的设计吸引，表现出强烈的喜爱和潜在的购买意向。
weixue0806,美容护肤,脸上长斑怎么办,0,该用户想表达的含义是：咨询是否有针对祛斑问题的护肤产品或解决方案。
weixue0806,美容护肤,50岁用的面膜美白紧致,1,该用户是在询问适合中年肌肤使用的兼具美白和抗皱功效的面膜产品。
weixue0806,美容护肤,脸上长闭口粉刺用什么合适?,1,该用户想表达的含义是：咨询针对闭口粉刺问题的护肤产品推荐。  （结合前文弹幕语境，直播间主题偏向护肤问题解答和产品推荐，用户提问符合这一动机，且隐含对具体解决方案的需求。）
weixue0806,美容护肤,会太油吗,1,该用户是在询问产品使用后是否会出现油腻感，可能是针对之前提到的某款护肤品或面膜的质地提出疑虑。
weixue0806,美容护肤,有毛孔,0,该用户可能是在询问产品是否会导致毛孔堵塞或对毛孔有影响。
weixue0806,美容护肤,"好想跟你说一句,同为广西人,你真的好棒哦!",0,该用户主要是在表达对主播的亲切感和赞赏，但并未直接表现出对商品的购买兴趣。
weixue0806,美容护肤,有没有祛痘的,1,该用户是在询问直播间是否有针对痘痘问题的护肤产品推荐。
weixue0806,美容护肤,海蓝之谜,1,该用户可能是想询问直播间是否有推荐的海蓝之谜品牌产品或相关使用建议。
weixue0806,美容护肤,做什么项目提升法令纹[比心][比心][比心][比心][比心][比心][比心][比心][比心][比心][比心]做什么项目提升法令纹[比心][比心][比心][比心][比心][比心][比心][比心][比心][比心][比心]做什么项目提升法,0,该用户想表达的含义是：询问主播推荐哪些美容项目可以有效改善法令纹问题，并表现出强烈的兴趣和期待。  （结合前文弹幕中高频的美容护肤咨询和互动氛围，用户的核心诉求是获取针对性的解决方案，同时通过重复提问和大量[比心]表情传递迫切需求和好感。）
weixue0806,美容护肤,8讲讲,1,该用户想表达的含义是：希望主播详细讲解8号链接的产品信息。
weixue0806,美容护肤,推荐个防晒啦,1,该用户希望主播能针对防晒产品进行具体推荐，表现出对购买防晒用品的明确需求。
weixue0806,美容护肤,内干外油怎么办,0,该用户想表达的含义是：皮肤出现内干外油的状况该如何调理或选择护肤品。  （结合前文弹幕多为护肤问题咨询和产品询问的语境，用户的核心诉求是寻求解决方案，隐含对相关产品的潜在兴趣。）
weixue0806,美容护肤,擦唇膏可以舔吗?,1,该用户可能是担心唇膏成分的安全性，想确认产品是否可食用或对身体无害。
weixue0806,美容护肤,"1号美白面膜加次抛怎么使用,面膜需要洗后再用次抛吗",1,该用户想咨询1号美白面膜和次抛产品的使用顺序，特别是是否需要先洗净面膜再使用次抛精华。
weixue0806,美容护肤,滤镜重了,0,该用户可能是在委婉指出直播画面中的产品展示效果与实际存在差距，暗示对商品真实性的疑虑。
weixue0806,美容护肤,毛孔毛孔毛孔,0,该用户可能在询问主播推荐针对毛孔问题的产品或解决方案。
weixue0806,美容护肤,油皮呢,1,该用户可能是在询问主播推荐的产品是否适合油性皮肤使用。
weixue0806,美容护肤,局部油,0,该用户可能是在询问产品是否会导致面部某些区域出油过多。
weixue0806,美容护肤,夏天也已油养肤吗,0,该用户想询问夏季是否适合使用油性护肤品来保养皮肤。
weixue0806,美容护肤,这个油怎么用,1,该用户想询问这款护肤油的适用方法或使用场景，可能是担心产品质地是否适合自己的肤质或季节需求。
weixue0806,美容护肤,你好你好你好,0,该用户可能是想通过重复打招呼引起主播注意，但并未明确表达具体的购买意向或产品咨询需求。
weixue0806,美容护肤,混油皮可以用吗,1,该用户是在询问产品是否适合混合性偏油肌肤使用，隐含对产品适配性的关注和潜在的购买意向。
weixue0806,美容护肤,鱼尾纹呢?需要用哪种面膜?,1,该用户想询问针对鱼尾纹问题的面膜产品推荐，表现出对解决特定皮肤问题的购买兴趣。
weixue0806,美容护肤,小金砖怎么使用呢,1,该用户想询问直播中提到的“小金砖”产品的具体使用方法，可能对产品功效感兴趣并考虑购买。
weixue0806,美容护肤,油闷痘吗,1,该用户可能在询问这款产品是否会导致闷痘或加重油性皮肤的痘痘问题。
weixue0806,美容护肤,长痘呢,0,该用户可能在询问当前推荐的产品是否适合长痘肌肤使用，或希望主播针对痘痘问题给出护肤建议。
weixue0806,美容护肤,你的貔貅能眨眼吗,0,该用户可能是对主播展示的貔貅饰品产生了兴趣，想通过询问其动态功能（眨眼）来确认产品的工艺水平和趣味性，以此评估购买价值。
weixue0806,美容护肤,刚刚涂完油,0,该用户想表达的含义是：询问刚涂抹完护肤油后是否需要后续步骤或注意事项。  （结合前文语境中频繁出现关于“油皮”“油养肤”“闷痘”等护肤油相关讨论，可推断用户是在分享使用状态并寻求进一步指导。）
weixue0806,美容护肤,"眼角已经有皱纹了,眼皮开始下垂了[流泪]",0,该用户可能在表达对衰老迹象的焦虑，并暗示希望了解针对眼部皱纹和皮肤松弛的护肤产品或解决方案。
weixue0806,美容护肤,"涂抹面膜在几号链接,涂抹面膜在几号链接,涂抹面膜在几号链接",1,该用户迫切想知道涂抹面膜对应的商品链接位置，表现出明确的购买意向。
weixue0806,美容护肤,小金砖怎么用呢?,1,该用户想了解产品“小金砖”的具体使用方法，可能是对产品功能感兴趣或考虑购买前需要确认使用细节。
weixue0806,美容护肤,你在看吗,0,该用户可能在询问主播是否注意到自己之前关于产品使用方法的提问（如“小金砖怎么用”），希望得到直接回应或确认互动。
weixue0806,美容护肤,哺乳期,0,该用户可能在询问产品是否适合哺乳期女性使用或对哺乳期是否有影响。
weixue0806,美容护肤,1lIIl,0,该用户可能在快速输入时误触键盘或网络延迟导致乱码，实际想询问产品使用细节（如“油怎么用”或“面膜链接”），但受弹幕刷屏影响未能正确表达。  （结合前文高频出现的产品咨询和同类问题，推测其真实意图仍围绕护肤产品功能/用法，但表达被技术问题干扰）
weixue0806,美容护肤,我皮肤干,0,该用户可能在询问适合干性皮肤的护肤产品或使用方法。
weixue0806,美容护肤,雪～越来越漂亮了!![比心][比心][比心][比心],0,该用户是在夸赞主播的外貌并表达喜爱之情，属于互动型弹幕而非直接购买意向的表达。
weixue0806,美容护肤,夏天油性皮肤可以用吗,1,该用户是在询问这款产品是否适合油性皮肤在夏季使用，隐含对产品适用性和季节适配性的购买顾虑。
weixue0806,美容护肤,"防晒霜隔离有推荐的吗,哺乳期",1,该用户想表达的含义是：询问适合哺乳期使用的防晒霜或隔离产品推荐。
weixue0806,美容护肤,夏天可以用吗,1,该用户可能是在询问产品是否适合夏季使用或担心夏季使用效果。
weixue0806,美容护肤,抗痘吗?,1,该用户是在询问产品是否具有祛痘或预防痘痘的功效。
weixue0806,美容护肤,痘痘用啥,1,该用户想询问针对痘痘问题的护肤产品推荐或解决方案。
weixue0806,美容护肤,有祛斑的吗,1,该用户可能在询问直播间是否有针对祛斑问题的护肤产品或解决方案。
weixue0806,美容护肤,洗完臉直接用這個嗎,0,该用户想询问当前介绍的产品是否可以作为洁面后的单一护肤步骤直接使用。
weixue0806,美容护肤,油怎么用,1,该用户是在询问这款护肤油的正确使用方法和步骤。
weixue0806,美容护肤,6号链接讲一下吧姐姐坐等,1,该用户想表达的含义是：希望主播详细介绍6号链接的商品信息，并表示自己正在等待购买。
weixue0806,美容护肤,你的挂件是什么?,0,该用户可能在询问主播佩戴的饰品相关信息，暗示对同类商品的潜在兴趣。
weixue0806,美容护肤,讲一下9号眼油,1,该用户希望主播详细介绍9号链接的眼部护理油产品的功效或使用方法。
weixue0806,美容护肤,用油之前还用水吗?,0,该用户可能是在询问使用护肤油的步骤是否需要先涂抹水类产品作为基础护肤步骤。
weixue0806,美容护肤,"脸干,可以用吗",1,该用户想询问这款产品是否适合干燥肤质使用。
weixue0806,美容护肤,会很油,0,该用户可能是在询问或担心产品使用后是否会导致皮肤油腻。
weixue0806,美容护肤,"be什么时候有,be什么时候有",1,"该用户急切询问某款产品（可能是""be""系列或简称）的补货或上架时间，表现出明确的购买意向和需求。"
weixue0806,美容护肤,有没有好用的粉扑?,1,该用户可能在询问适合自己肤质或需求的化妆工具推荐，暗示对当前直播产品存在潜在购买兴趣。
weixue0806,美容护肤,[比心]洗完臉直接用這個嗎,0,该用户想询问产品是否可以作为洁面后的单一护肤步骤直接使用，暗示对产品使用方法的兴趣和潜在购买意向。
weixue0806,美容护肤,be什么时候有,1,"该用户是在询问直播中提到的某款产品（可能是""be""系列或品牌）何时会上架或补货。"
weixue0806,美容护肤,两个油的区别,1,该用户想询问直播间正在介绍的两种护肤油在功效或使用方法上的具体差异。
weixue0806,美容护肤,水光霜的链接呢,1,该用户想表达的含义是：对水光霜产品感兴趣并希望获取购买链接以便下单。
weixue0806,美容护肤,护肤睡觉用什么霜,1,该用户想询问适合晚间护肤使用的面霜产品。
weixue0806,美容护肤,这个油用得好块,0,该用户想表达的含义是：这款护肤油的使用速度很快（可能指消耗快或吸收快）。
weixue0806,美容护肤,孕晚期能用吗,1,该用户是在询问该产品是否适合孕妇在怀孕后期阶段使用。
weixue0806,美容护肤,怎么使用的说明下,1,该用户想询问产品的具体使用方法或操作步骤。
weixue0806,美容护肤,黑眼圈有推荐的吗,1,该用户想询问直播间是否有针对黑眼圈问题的产品推荐。
weixue0806,美容护肤,"脸黄,怎么去黄脸黄,怎么去黄",0,该用户想表达的含义是：自己的脸色暗黄，想咨询如何改善肤色暗沉的问题。
weixue0806,美容护肤,泪沟怎么办呀,0,该用户可能在询问针对泪沟问题的护肤产品或解决方案，表现出对相关美容产品的购买兴趣。
weixue0806,美容护肤,用完还需要用面霜吗,1,该用户想询问当前介绍的护肤品是否需要搭配面霜使用才能达到完整护肤效果。
weixue0806,美容护肤,以前的发膜还有吗,1,该用户是在询问直播间之前推荐过的某款发膜产品是否仍在售。
weixue0806,美容护肤,跟10号有啥区别,1,该用户想询问当前介绍的产品与之前提到的10号产品在功能或效果上有何不同。
weixue0806,美容护肤,为什么我用上由脸黑的不行,0,该用户想表达的含义是：为什么我使用这款产品后脸色看起来更暗沉了。
weixue0806,美容护肤,讲解下19号链接,1,该用户希望主播详细介绍19号商品链接的具体信息或功能。
weixue0806,美容护肤,洗完脸直接用油吗[捂脸],0,该用户想表达的含义是：不确定这款护肤油的使用步骤是否需要洁面后直接涂抹。
weixue0806,美容护肤,娇韵诗的油,1,该用户可能在询问娇韵诗护肤油的具体产品信息或使用方式。
weixue0806,美容护肤,脖子带的什么,0,该用户是在询问主播脖子上佩戴的饰品或产品的具体信息。
weixue0806,美容护肤,一次用多少,1,该用户想询问产品的单次使用剂量或用量建议。
weixue0806,美容护肤,woeru,0,该用户可能是在询问某个产品名称或成分的拼写是否正确，或是想确认主播提到的某个外文词汇的具体写法。
weixue0806,美容护肤,35加用5号有效果吗,1,该用户是在询问35岁以上人群使用5号产品是否能有护肤效果。
weixue0806,美容护肤,油皮会不会容易长闭口,1,该用户是在询问这款护肤油是否适合油性肌肤，担心使用后可能导致毛孔堵塞或闭口粉刺的问题。
weixue0806,美容护肤,"姐姐,能不能用胡子扎一下你",0,该用户可能是以调侃或开玩笑的方式表达对主播的亲近感，试图用轻松幽默的互动缓解直播间关于护肤产品的严肃讨论氛围。
weixue0806,美容护肤,薛总给你充了20000人气,0,该用户可能在通过打赏高额人气值的方式表达对主播的支持或喜爱，试图引起主播注意或互动。
weixue0806,美容护肤,内干外油用哪款?,1,该用户想咨询适合混合性肤质（内部干燥、外部出油）的护肤品推荐。
weixue0806,美容护肤,洗完脸直接用油吗,0,该用户是在询问护肤步骤，想知道使用这款护肤油时是否需要先进行其他基础护理步骤再涂抹。
weixue0806,美容护肤,毛孔大怎么办啊,0,该用户可能在询问针对毛孔粗大问题的护肤产品推荐或解决方案。
weixue0806,美容护肤,想要美白的,1,该用户想表达的含义是：对直播间推荐的美白产品感兴趣并希望获得相关建议。
weixue0806,美容护肤,两个油啥区别,1,该用户想询问直播间正在介绍的两款护肤油产品在功效或成分上有何不同。
weixue0806,美容护肤,一瓶用多久,1,该用户想了解产品的使用时长或单瓶的耐用程度。
weixue0806,美容护肤,为什么后面会有一股胶皮味呀雪雪,0,该用户可能是在询问产品使用后为何会出现胶皮气味，表达了对产品气味异常的疑惑或不满。
weixue0806,美容护肤,油敏肌可以吗,0,该用户是在询问产品是否适合油性敏感肌肤使用。
weixue0806,美容护肤,"面霜,干皮用几号?",1,该用户想询问适合干性皮肤的面霜型号选择。
weixue0806,美容护肤,[比心]洗完脸直接用油吗,0,该用户是在询问护肤步骤中洁面后是否可以直接使用护肤油产品。
weixue0806,美容护肤,多久能看见效果,1,该用户是在询问使用产品后需要多长时间才能产生明显的效果。
weixue0806,美容护肤,有没有祛斑吧,1,该用户想询问直播间是否有针对祛斑功效的产品推荐。
weixue0806,美容护肤,精华哪个好,1,该用户是在询问直播间推荐的精华产品中哪一款更适合自己的肤质或需求。
weixue0806,美容护肤,"进来我就不掏兜,哼",0,该用户是在用调侃的语气表示自己原本没打算购物，但被直播内容吸引后可能会忍不住下单。
weixue0806,美容护肤,护肤步骤,0,该用户可能在询问主播推荐的护肤流程或产品使用顺序。
weixue0806,美容护肤,"两个油都买了,好用",1,该用户想表达的含义是：我已经购买了两款护肤油产品，并且对它们的使用效果感到满意。
weixue0806,美容护肤,"雪,想接你的如愿搬回家好运[比心][比心]",0,该用户想表达对主播推荐的产品（可能是名为“如愿”或寓意好运的商品）的强烈喜爱和购买意愿，并希望通过互动表情传递友好情感。
weixue0806,美容护肤,面膜呢?,1,该用户是在询问直播间是否会上架或介绍面膜产品。
weixue0806,美容护肤,"姐姐姐姐暧昧对象长得帅和我暧昧,但是不想和我在一起还要继续嘛",0,该用户可能是在以调侃或闲聊的方式转移话题，借情感问题与主播互动，而非真正表达购买意向。
weixue0806,美容护肤,想买be,1,该用户想表达的是对直播中某款产品产生了购买意愿。
weixue0806,美容护肤,闷痘痘吗,1,该用户可能在询问产品是否适合缓解或改善闷痘问题。
weixue0806,美容护肤,油霜呢,1,该用户是在询问直播间是否有推荐或介绍油霜类产品。
weixue0806,美容护肤,[比心][比心][比心]洗完脸直接用油吗,0,该用户可能在询问护肤步骤，想确认洁面后是否可以跳过其他步骤直接使用护肤油。
weixue0806,美容护肤,长闭口怎么办,0,该用户是在询问产品对闭合性粉刺的改善效果，可能对护肤油或面霜类产品有潜在购买意向。
weixue0806,美容护肤,他家的水好用,1,该用户是在认可主播推荐的产品效果不错，暗示自己也有购买意向。
weixue0806,美容护肤,交朋友,0,该用户可能是在以轻松调侃的方式表达对主播的喜爱和信任，暗示愿意通过购买产品来支持主播、建立更亲密的关系。
weixue0806,美容护肤,和小号卖的一样吗?,0,该用户是在询问直播间售卖的商品是否与主播其他小号（或同品牌其他渠道）销售的产品完全相同。
weixue0806,美容护肤,推荐一下胶原灌注面膜,1,该用户是在询问主播能否详细介绍胶原灌注面膜的产品信息或使用建议，表现出明确的购买意向。
weixue0806,美容护肤,姐姐5号链接洗面奶干皮可以用吗,1,该用户是在询问主播5号链接的洗面奶是否适合干性皮肤使用，表现出对产品的具体需求和购买意向。
weixue0806,美容护肤,什么美瞳,1,该用户想询问直播中提到的美瞳产品的具体款式或购买信息。
weixue0806,美容护肤,35加用5号有用吗,1,该用户是在询问35岁以上人群使用5号链接产品是否有效果。
weixue0806,美容护肤,脸斑点多,0,该用户可能在咨询产品对改善面部斑点的效果，或表达自己对斑点的困扰并希望获得解决方案。
weixue0806,美容护肤,以前的发膜还有不,1,该用户是在询问直播间之前推荐过的发膜产品是否还有库存或仍在销售。
weixue0806,美容护肤,20岁推荐什么?,1,该用户是在询问适合20岁年龄段的护肤或美妆产品推荐。
weixue0806,美容护肤,那个什么时候有,1,该用户是在询问直播中提到的某款产品（可能是之前讨论过的油霜、面膜或发膜等）的具体补货或上新时间。
weixue0806,美容护肤,[比心][比心][比心][比心]洗完脸直接用油吗,1,该用户想询问护肤步骤，确认洁面后是否可以跳过其他步骤直接使用护肤油。
weixue0806,美容护肤,直接用吗,1,该用户想询问产品是否需要在使用前进行其他护肤步骤或是否需要搭配其他产品一起使用。
weixue0806,美容护肤,眼部细纹,0,该用户可能是在询问主播是否有针对改善眼部细纹的产品推荐或相关使用建议。
weixue0806,美容护肤,毛孔粗大用哪个,1,该用户想咨询直播间推荐的产品中哪一款适合改善毛孔粗大的皮肤问题。
weixue0806,美容护肤,有人会长闭口吗,0,该用户可能在询问产品是否会导致或改善闭口问题，隐含对皮肤护理效果的关注和潜在购买意向。
weixue0806,美容护肤,早晚用吗,1,该用户想询问产品是否适合早晚日常使用。
weixue0806,美容护肤,你用的哪个口红,1,该用户想询问主播当前使用的口红品牌或色号，可能对产品产生兴趣并考虑购买。
weixue0806,美容护肤,最近又漂亮了,0,该用户可能是在夸赞主播近期状态好，暗示对主播推荐的美妆产品或护肤效果感兴趣。
weixue0806,美容护肤,哪个适合沙漠大干皮,1,该用户想询问直播间推荐的产品中哪一款适合在沙漠气候下皮肤极度干燥的人使用。
weixue0806,美容护肤,[比心][比心][比心][比心][比心]洗完脸直接用油吗,1,该用户想确认洁面后是否可以跳过其他护肤步骤直接使用护肤油。
weixue0806,美容护肤,油皮几滴,1,该用户想询问主播油性皮肤使用时需要涂抹多少滴护肤油。
weixue0806,美容护肤,其实不同款,0,该用户想表达的含义是：主播展示的产品与之前提到的其他款式存在差异或对比。
weixue0806,美容护肤,推荐一下身体乳,1,该用户希望主播能针对身体乳产品给出具体的推荐或使用建议。
weixue0806,美容护肤,天天卖货还真多人看,0,该用户可能是在感叹直播间人气旺盛，同时略带调侃主播频繁带货的现象。
weixue0806,美容护肤,另一个油是什么,1,该用户可能是在询问直播间提到的另一款护肤油的名称或功效。
weixue0806,美容护肤,侧脸好美[比心][比心][比心],0,该用户是在夸赞主播的侧脸颜值，并附上表情符号表达喜爱和支持，但并未直接表现出对产品的购买兴趣。
weixue0806,美容护肤,耳环真好看,1,该用户被展示的耳环款式吸引，可能产生了购买意向或希望了解更多产品信息。
weixue0806,美容护肤,斑点用那种,1,该用户想询问针对斑点问题应该选择哪款产品。
weixue0806,美容护肤,眼部细纹用什么?,1,该用户想询问直播间推荐哪款产品适合改善眼部细纹问题。
weixue0806,美容护肤,油皮怎么用?,1,该用户想询问油性肤质该如何正确使用当前直播推荐的产品。
weixue0806,美容护肤,外油内干的皮肤可以用吗,1,该用户想询问产品是否适合混合性肤质（T区油两颊干）的人群使用。
weixue0806,美容护肤,"看都看你带过几个貔貅了,是不是都凑齐了呀?[灵机一动][灵机一动][灵机一动]",0,该用户是在调侃主播频繁展示貔貅饰品，并暗示对其收藏数量或款式搭配产生了兴趣。
weixue0806,美容护肤,19链接,1,该用户想询问商品链接编号19对应的产品详情或购买方式。
weixue0806,美容护肤,黑眼圈有什么产品啊宝宝[流泪][流泪][流泪],1,该用户想表达的是：询问直播间是否有针对黑眼圈问题的推荐产品，并表现出急切的需求情绪。
weixue0806,美容护肤,使用流程,1,该用户可能是在询问产品的具体使用方法或操作步骤。
weixue0806,美容护肤,"买这个,那油霜呢",1,该用户可能在询问购买当前推荐产品后是否还需要搭配使用之前提到的油霜产品。
weixue0806,美容护肤,和10号区别什么,1,该用户想询问当前展示的产品与之前提到的10号产品在功能或特性上有何不同。
weixue0806,美容护肤,身上的睡衣好看,1,该用户对主播身上穿的睡衣款式感兴趣，可能暗示想了解购买链接或产品信息。
weixue0806,美容护肤,"已拍,长痘呢",0,该用户想表达的含义是：已经下单购买了产品，但担心自己长痘的肤质是否适合使用。
weixue0806,美容护肤,干皮用的面霜推荐一下,1,该用户希望主播针对干性皮肤推荐适合的面霜产品。
weixue0806,美容护肤,我也想要be,1,"该用户想表达的是对主播展示的某款产品（可能是""be""品牌或简称）产生了购买意愿，希望也能拥有同款。"
weixue0806,美容护肤,可以回复下吗,0,该用户可能是在催促主播回应之前关于产品咨询或购买相关的问题，希望得到具体的答复或互动。
weixue0806,美容护肤,今晚就想买,0,该用户表达了明确的即时购买意向，可能是被直播中推荐的产品功效或优惠活动所吸引，想要当晚完成下单。
weixue0806,美容护肤,已拍雪姐,0,该用户想表达的含义是：我已经下单购买了主播推荐的产品。
weixue0806,美容护肤,补水美白拍那个,1,该用户想表达的是询问主播推荐哪款产品能达到补水和美白的效果，并暗示有购买意向。
weixue0806,美容护肤,怎么全身美白怎么全身美白,1,该用户迫切想了解能够实现全身美白的产品或方法，表达出明确的购买意向和需求。
weixue0806,美容护肤,"亲爱的雪,用眼油是不是就不用眼霜了?",0,该用户是在询问眼油是否可以替代眼霜的功能，想确认两者使用上的区别和必要性。
weixue0806,美容护肤,睡衣很好看,1,该用户是在称赞直播中展示的睡衣款式吸引人，可能对产品产生了兴趣或购买意向。
weixue0806,美容护肤,是纯油吗?,1,该用户可能在询问产品是否为纯油质地，以判断是否适合自己的肤质或使用需求。
weixue0806,美容护肤,毛孔粗大用啥啊?,1,"该用户想询问针对毛孔粗大问题的护肤产品推荐。  （释义逻辑：结合前文高频出现的护肤咨询类弹幕（如油皮/干皮产品、黑眼圈解决方案等）及购买意向关键词（""拍链接""""今晚就想买""），可判断该弹幕属于典型的需求导向型提问，动机是寻求针对性产品解决方案而非单纯讨论皮肤问题。）"
weixue0806,美容护肤,等你好几天了就想买油,1,该用户急切地表达了对主播长期等待后终于能购买心仪护肤油的强烈期待。
weixue0806,美容护肤,油皮使用方法,1,该用户想询问主播推荐的护肤品是否适合油性肤质以及具体的使用步骤或技巧。
weixue0806,美容护肤,睫毛好看,1,该用户可能是在夸赞主播的睫毛造型或产品效果，暗示对相关美妆产品产生兴趣或想了解同款。
weixue0806,美容护肤,3号防晒去海边抹防晒指数够吗姐姐,1,该用户是在询问3号防晒产品是否适合海边使用，希望主播确认其防晒效果是否足够。
weixue0806,美容护肤,2号面膜到手多少片[比心],1,该用户是在询问购买2号面膜的具体规格和数量，表现出明确的购买意向和产品细节关注。
weixue0806,美容护肤,姐姐黑眼圈有没有推荐的,1,该用户是在询问主播是否有针对黑眼圈问题的产品推荐。
weixue0806,美容护肤,部点呗,1,该用户想表达的含义是：我也想购买这款产品。
weixue0806,美容护肤,油皮怎么用?已拍,1,该用户想表达的含义是：作为油性皮肤想知道产品的使用方法，并且已经下单购买了。
weixue0806,美容护肤,宝宝好喜欢你,0,该用户表达了对主播的喜爱和亲近感，暗示可能因好感而产生购买意愿。
weixue0806,美容护肤,唇精华,1,该用户可能在询问或表达对直播间推荐的唇部精华产品的兴趣。
weixue0806,美容护肤,"已拍,但是雪雪这个油时间长了为什么有胶皮味",0,该用户想表达的含义是：虽然已经下单购买了这款油，但使用一段时间后发现产品有胶皮味，对此感到疑惑并希望得到解释。
weixue0806,美容护肤,"我买了你的面膜,今天还用了颈膜",0,该用户想表达的含义是：我已经购买并使用了你的面膜和颈膜产品。
weixue0806,美容护肤,"已经开始用,好用",0,该用户想表达的是已经购买并试用过产品，且对使用效果感到满意。
weixue0806,美容护肤,夏天油霜会不会闷,1,该用户是在询问夏天使用这款油霜产品是否会导致皮肤不透气或不适。
weixue0806,美容护肤,买了好几个链接,0,该用户想表达的含义是：我已经下单了多款产品。
weixue0806,美容护肤,姐姐洗面奶干皮可以用吗,1,该用户想询问主播推荐的洗面奶是否适合干性皮肤使用。
weixue0806,美容护肤,怎么祛痘印,0,该用户想表达的含义是：询问直播间推荐的产品中是否有针对痘印问题的解决方案。  （结合前文弹幕中频繁出现的护肤咨询和购买互动，用户是在延续直播间“护肤问题-产品推荐”的对话模式，隐含对祛痘印产品的潜在需求。）
weixue0806,美容护肤,和10号有什么区别,1,该用户想询问当前展示的产品与之前提到的10号产品在功能或特性上的具体差异。
weixue0806,美容护肤,胶原蛋白灌肤面膜面膜面膜面膜面膜面膜面膜面膜,1,该用户可能是在急切询问或强调关于胶原蛋白灌肤面膜的具体信息，比如产品规格、使用效果或库存情况。
weixue0806,美容护肤,脸黄咋办,0,该用户可能在询问针对肤色暗黄问题的护肤产品推荐或解决方案。
weixue0806,美容护肤,皮肤脱皮还油怎么办,0,该用户想咨询针对同时存在脱皮和出油问题的皮肤护理建议，可能对直播间推荐的控油或修复类产品感兴趣。
weixue0806,美容护肤,"什么美瞳,太好看了,分享",1,该用户被美瞳款式吸引，产生了强烈的购买欲望并希望推荐给他人。
weixue0806,美容护肤,be刚刚收到,0,该用户想表达的含义是：刚刚收到了之前购买的产品。
weixue0806,美容护肤,姐姐爱你呦[比心][比心][比心][比心],0,该用户是在通过亲昵的互动表达对主播的喜爱和支持，但并未直接表现出明确的购买意向或产品咨询需求。
weixue0806,美容护肤,2号那个面膜是189五片吗?,1,该用户可能在确认2号面膜的具体价格和数量信息，表现出对产品的购买意向和细节关注。
weixue0806,美容护肤,分享图文,0,该用户可能是想将自己观看直播时感兴趣的产品或内容通过图文形式分享给他人。
weixue0806,美容护肤,"颈膜,法令纹",1,该用户可能在询问或关注与颈部护理和改善法令纹相关的产品信息。
weixue0806,美容护肤,雪雪好可爱[爱心][爱心][爱心][爱心][爱心],0,"该用户是在表达对主播""雪雪""的喜爱和情感支持，而非直接表现出购买意向。"
weixue0806,美容护肤,想要精华,1,该用户想表达对直播中推荐的精华产品有明确的购买意向。
weixue0806,美容护肤,气垫有吗,1,该用户是在询问直播间是否有售卖气垫产品。
weixue0806,美容护肤,雪～这只貔貅怎么长大了??,0,该用户可能是注意到貔貅饰品（或相关产品）的尺寸变化，感到惊喜并委婉询问是否推出了新款或尺寸调整。
weixue0806,美容护肤,香水开了吗,1,该用户可能在询问直播中提到的香水产品是否已经开始售卖或展示。
weixue0806,美容护肤,搞点防晒来卖身体的,1,该用户希望主播推荐或上架适用于身体部位的防晒产品。
weixue0806,美容护肤,和10号区别,1,该用户想询问当前展示的产品与之前提到的10号产品在功能或特性上有何不同。
weixue0806,美容护肤,21天精华用了之后还要不要擦面霜,1,该用户想确认使用21天精华后的护肤步骤是否需要叠加面霜，表现出对产品使用方法的细致关注和潜在的购买意向。
weixue0806,美容护肤,我还蛮喜欢你的性格,0,该用户想表达的含义是：对主播的个人魅力表示欣赏，可能因此增加对直播内容的关注和信任。
weixue0806,美容护肤,睡衣是哪个平台买的,1,该用户想询问主播身上穿的睡衣购买渠道，表达了对该商品的兴趣和潜在的购买意向。
weixue0806,美容护肤,"每次我都掏兜,今天就忍住,哼",0,该用户想表达的含义是：虽然之前经常冲动购买，但这次决定克制自己的消费欲望。
weixue0806,美容护肤,"姐姐,口红分享一下",1,该用户想表达的含义是：询问主播能否推荐或详细介绍口红色号及购买方式。
weixue0806,美容护肤,姐姐讲讲鼻子,0,该用户希望主播详细介绍关于鼻子护理或修饰的产品或方法。
weixue0806,美容护肤,睡衣看一下,1,该用户想表达的含义是：请主播展示或介绍睡衣产品的详细信息。
weixue0806,美容护肤,天天卖货,0,该用户可能是在吐槽直播间频繁推销商品，缺乏其他互动内容。
weixue0806,美容护肤,"买了好多链接,就只10还想买",0,该用户想表达的含义是：虽然已经下单了不少商品，但对10号产品仍有强烈的购买欲望。
weixue0806,美容护肤,祛斑的祛斑的祛斑的有吗,1,该用户急切询问直播间是否有祛斑产品出售，表现出明确的购买意向。
weixue0806,美容护肤,希望跟这个一样好用,0,该用户希望自己购买的产品能像直播间推荐的这款一样效果令人满意。
weixue0806,美容护肤,13号直接拍就是到手6件吗,1,该用户是在确认购买13号商品时是否只需下单一次就能获得6件产品。
weixue0806,美容护肤,油性皮肤可以用这个油吗,1,该用户是在询问这款产品是否适合油性肤质使用，表达了对产品的潜在购买兴趣和适用性关注。
weixue0806,美容护肤,"[比心]姐姐,項鍊真好看",1,该用户想表达的含义是：对主播展示的项链款式表示喜爱并暗示有购买意向。
weixue0806,美容护肤,不怪你!怪我太穷,0,该用户是在以自嘲的方式表达对商品的喜爱但因经济能力有限无法购买的遗憾。
weixue0806,美容护肤,雪宝介绍23号,1,该用户希望主播详细介绍23号产品的功能或特点。
weixue0806,美容护肤,这个妆真好看[比心],0,该用户想表达的含义是：对主播的妆容表示赞赏和喜爱，可能隐含对相关化妆品的兴趣。
weixue0806,美容护肤,用完后呢,1,该用户是在询问主播推荐的产品使用后的效果或后续步骤。
weixue0806,美容护肤,和10号什么区别,1,该用户想询问当前展示的产品与之前提到的10号产品在功能或特性上有何不同。
weixue0806,美容护肤,混合皮肤,1,该用户可能在询问直播产品是否适合混合性肤质使用。
weixue0806,美容护肤,哺乳期可以用的面膜有吗,1,该用户是在询问直播间是否有适合哺乳期女性使用的面膜产品。
weixue0806,美容护肤,冼面奶可以早晚吗,1,该用户是在询问洗面奶是否适合早晚使用，表现出对产品具体使用方式的关注和潜在的购买意向。
weixue0806,美容护肤,"已拍,但是雪雪这个油时间长了为什么油里有胶皮味",0,该用户已经购买了产品，但对商品（雪雪牌油类产品）使用一段时间后出现的胶皮味表示疑惑和不满。
weixue0806,美容护肤,有身体养护的产品嘛?后背有痘印,1,该用户是在询问直播间是否有适合改善后背痘印问题的身体护理产品，表现出对特定功效产品的明确需求。
weixue0806,美容护肤,用完油用什么,1,该用户想询问当前推荐的护肤油使用后是否需要搭配其他产品进行后续护理。
weixue0806,美容护肤,那个啥汀家的慕斯防晒,1,该用户是在询问关于“汀家品牌的慕斯质地防晒产品”的详细信息或购买链接。
weixue0806,美容护肤,哈喽哈喽[比心]我第一次看到你直播哟姐姐,0,该用户想表达的含义是：友善地打招呼并表达对新主播的关注和好感。
weixue0806,美容护肤,美瞳美瞳,1,该用户可能在询问或催促主播介绍关于美瞳的产品信息。
weixue0806,美容护肤,21天精华怎么用呢,1,该用户可能是在询问产品“21天精华”的具体使用方法，表现出对产品的兴趣和潜在的购买意向。
weixue0806,美容护肤,买这个.那油霜呢,1,该用户想表达的含义是：打算购买当前介绍的产品，并询问之前提到的油霜是否也有优惠或需要一起下单。
weixue0806,美容护肤,村姑狼性[捂脸],0,该用户可能是用调侃的语气表达对主播形象或产品包装风格的幽默评价，认为其既带有乡土气息又展现出强烈的销售攻势。
weixue0806,美容护肤,讲一下9号和20号呗,1,该用户希望主播详细介绍9号和20号产品的具体信息或使用体验。
weixue0806,美容护肤,2个精油有什么区别?,1,该用户想询问两款精油产品的具体功能或成分差异，以帮助自己做出购买决策。
weixue0806,美容护肤,6号面膜是啥,1,该用户想询问6号面膜的具体产品信息或功效特点。
weixue0806,美容护肤,白天怎么护肤?,1,该用户想咨询适合白天使用的护肤步骤或产品推荐。
weixue0806,美容护肤,有眼油吗?,1,该用户是在询问直播间是否有售卖眼部护理精油产品。
weixue0806,美容护肤,有祛痘的吗,1,该用户是在询问直播间是否有针对祛痘功效的产品。
weixue0806,美容护肤,水光霜还有吗,1,该用户是在询问直播间是否还有水光霜的库存可供购买。
weixue0806,美容护肤,"虽然从来没有买过你的东西,因为俺是学生买不起,但是非常喜欢你[猪头][猪头][猪头]",0,该用户想表达的含义是：作为经济能力有限的学生群体，虽暂时无法消费但对该主播或产品有强烈的好感和支持意愿。
weixue0806,美容护肤,眼影什么牌子?,1,该用户想询问主播推荐的品牌，表现出对眼影产品的具体购买意向。
weixue0806,美容护肤,长痘痘可以用吗?,1,该用户是在询问当前介绍的产品是否适合痘痘肌使用。
weixue0806,美容护肤,闭口能用吗,1,该用户是在询问直播中提到的产品是否适合解决闭口粉刺的问题。
weixue0806,美容护肤,[爱心][爱心][爱心][爱心][爱心][爱心][爱心]姐姐讲讲鼻子,0,该用户想表达的含义是：对主播提到的鼻子相关产品或护肤方法很感兴趣，希望详细讲解。
weixue0806,美容护肤,村姑狼性,0,该用户可能是用调侃的语气评价主播或产品的风格反差（“村姑”质朴与“狼性”强势的对比）。
weixue0806,美容护肤,可以收缩毛孔吗,1,该用户是在询问产品是否具有收缩毛孔的功效，表现出对特定护肤功能的关注和潜在的购买意向。
weixue0806,美容护肤,用完用什么,1,该用户想表达的含义是：当前使用的产品快用完时应该选择哪款替代品。
weixue0806,美容护肤,副作用呢?,1,该用户可能是在询问当前讨论的产品是否存在不良反应或使用风险。
weixue0806,美容护肤,白天用吗,1,该用户可能在询问产品是否适合在白天使用。
weixue0806,美容护肤,有眼油链接没?,1,该用户是在询问直播间是否有眼油产品的购买链接。
weixue0806,美容护肤,"有什么可以一瓶搞定,不需要水乳霜的",1,该用户想表达的含义是：希望推荐一款多功能护肤品，能够简化护肤步骤，不需要额外搭配水乳霜使用。
weixue0806,美容护肤,会闷痘吗,1,该用户是在询问这款产品是否会导致毛孔堵塞引发痘痘，反映出对产品成分安全性和适用性的关切。
weixue0806,美容护肤,可以天天用吗?,1,该用户是在询问产品的使用频率是否适合日常长期使用。
weixue0806,美容护肤,眼油呢,1,该用户是在询问直播间是否有眼部精油产品上架或展示。
weixue0806,美容护肤,好用?,1,该用户可能是在询问产品的实际使用效果是否令人满意。
weixue0806,美容护肤,10号的油和这个油有什么区别,1,该用户是在询问直播间正在介绍的某款油类产品与10号油（可能是另一款同类产品或型号）在功效或成分上的具体差异，表现出对产品特性的比较需求和潜在的购买意向。
weixue0806,美容护肤,孕妇能用?,1,该用户是在询问直播中提到的产品是否适合孕妇使用，以评估自身购买的可能性。
weixue0806,美容护肤,睡衣谁家得呀,1,该用户是在询问直播中展示的睡衣品牌或购买渠道。
weixue0806,美容护肤,"上be把,把库存拿来[看]",1,"该用户急切催促主播上架某款产品（可能是""be""相关商品），并表达强烈购买意愿，暗示愿意清空库存。"
weixue0806,美容护肤,脸上起皮怎么办,0,该用户可能是在询问主播推荐针对面部干燥脱皮问题的护肤产品或解决方案。
weixue0806,美容护肤,白天能用吗,1,该用户是在询问产品是否适合在白天使用。
weixue0806,美容护肤,2个精油有区别吗?,1,该用户是想询问两款精油在功效或成分上的具体差异，以便做出购买决策。
weixue0806,美容护肤,我直接用的每个皮肤的地方都油油的我才觉得擦到了[捂脸],0,该用户想表达的含义是：自己习惯在面部每个部位都涂抹护肤品直到感觉油腻才觉得用量足够。
weixue0806,美容护肤,涂完了还要涂其他吗,1,该用户想询问当前使用的护肤品是否需要叠加其他产品才能达到理想效果。
weixue0806,美容护肤,吊坠有链接吗漂亮姐姐,1,该用户是在询问主播展示的吊坠商品是否有购买链接，并表达了对商品的喜爱和对主播的友好称呼。
weixue0806,美容护肤,说说防晒吧,1,该用户想表达的含义是：想了解当前直播中提到的防晒产品的具体信息或使用体验。
weixue0806,美容护肤,粉底液有吗?,1,该用户想询问直播间是否售卖粉底液产品。
weixue0806,美容护肤,姐姐讲讲鼻子[爱心][爱心][爱心][爱心][爱心][爱心][爱心],0,该用户想表达的含义是：希望主播详细介绍一下关于鼻子护理或相关产品的信息。
weixue0806,美容护肤,白天怎么用?,1,该用户想询问这款产品在白天使用的具体方法和注意事项。
weixue0806,美容护肤,"我才不信,你靠这个抗衰,都是医美吧",0,该用户对产品宣称的抗衰老效果表示质疑，认为实际功效可能来自医美手段而非产品本身。
weixue0806,美容护肤,你的唇膏推荐下,1,该用户想表达的含义是：请主播推荐适合自己使用的唇膏产品。
weixue0806,美容护肤,干敏可以吗?,1,该用户想询问这款产品是否适合干性敏感肌肤使用。
weixue0806,美容护肤,用完之后用什么,1,该用户想询问当前使用的产品后续需要搭配什么其他护肤品或护理步骤。
weixue0806,美容护肤,这个油和BE有什么区别,1,该用户想询问当前介绍的精油产品与品牌另一款BE系列产品在功效或成分上的具体差异。
weixue0806,美容护肤,有斑的怎么办?,0,该用户可能是在询问产品是否适合有斑点的肤质使用，或是想了解产品对淡化斑点的效果。
weixue0806,美容护肤,祛斑的说下嘛,1,该用户想表达的含义是：希望主播详细讲解一下关于祛斑产品的功效和使用方法。
weixue0806,美容护肤,有没有去眼袋的,1,该用户想询问直播间是否有针对消除眼袋问题的产品或相关解决方案。
weixue0806,美容护肤,白天用不用,1,该用户想询问产品是否适合在白天使用。
weixue0806,美容护肤,14号讲一下呗,1,该用户可能是想询问主播在14号（日期或产品编号）会讲解的某个具体产品或护肤步骤的相关信息。
weixue0806,美容护肤,眼袋深用哪个,1,该用户想询问主播推荐哪款产品适合改善眼袋问题。
weixue0806,美容护肤,姐姐黑眼圈有推荐的吗,1,该用户想询问主播是否有针对黑眼圈问题的产品推荐。
weixue0806,美容护肤,可以天天用吗,1,该用户是在询问产品的使用频率是否适合日常长期使用，以确认其适用性和便利性。
weixue0806,美容护肤,9号和20,1,该用户想表达的含义是：希望主播详细讲解9号和20号产品的功效或使用方式。
weixue0806,美容护肤,特别干可以用2号链接吗,1,该用户可能在询问产品是否适合干燥肤质，并希望主播引导购买2号链接对应的商品。
weixue0806,美容护肤,擦完油还怎么用,0,该用户想询问使用完护肤油后的后续护肤步骤或搭配产品。
weixue0806,美容护肤,"闷痘痘吗,韦雪主播,解答一下呗",1,该用户是在询问主播某款产品是否适合解决闷痘问题，并希望获得专业解答。
weixue0806,美容护肤,想要问问沐浴露,1,该用户可能是在询问主播是否有推荐或介绍沐浴露产品，表达了对沐浴露的兴趣或购买意向。
weixue0806,美容护肤,泪沟法令纹明显怎么办,0,该用户可能在询问针对泪沟和法令纹问题的护肤产品或解决方案，表现出对相关美容需求的关注和潜在购买意向。
weixue0806,美容护肤,水光面膜呢,1,该用户可能在询问主播是否推荐或介绍过某款水光面膜产品，表现出对这款面膜的兴趣和购买意向。
weixue0806,美容护肤,2号面膜有多少片?,1,该用户是在询问2号链接面膜的具体规格信息，表现出对该产品的购买意向和进一步了解的意愿。
weixue0806,美容护肤,用完再有水乳霜吗,1,该用户想询问当前推荐的水乳霜产品使用完后是否有后续同系列的替代产品或推荐搭配使用的护肤品。
weixue0806,美容护肤,"小金砖好用,虽然我也买了两瓶小紫瓶",0,该用户想表达的含义是：认可产品效果并透露自己已购买同类商品，暗示对品牌或系列产品的信任和持续关注。
weixue0806,美容护肤,用了油之后用什么,1,该用户想询问使用完护肤油后需要搭配哪些后续护肤品。
weixue0806,美容护肤,"用了油,还用面霜吗",1,该用户想询问在使用护肤油后是否还需要叠加使用面霜，以确认完整的护肤步骤。
weixue0806,美容护肤,什么时候有货呀,1,该用户想表达的含义是：询问商品补货时间以便及时购买。
weixue0806,美容护肤,"水光霜,水光霜",1,该用户可能是想询问或强调关于“水光霜”的具体信息，比如它的功效、使用方法或购买链接。
weixue0806,美容护肤,姐姐讲讲鼻子[爱心][爱心][爱心][爱心][爱心][爱心],1,该用户想表达的含义是：希望主播详细介绍关于鼻子护理或修饰的产品推荐。
weixue0806,美容护肤,没了?,1,该用户可能在询问之前提到的某款产品是否已经售罄或下架了。
weixue0806,美容护肤,"14号讲解了再来,先去打游戏",0,该用户表示暂时离开去玩游戏，等主播讲解14号产品时再回来观看。
weixue0806,美容护肤,你用的口红,1,该用户想询问主播正在使用的口红品牌或色号。
weixue0806,美容护肤,每次一满管,0,该用户可能是在询问某款产品（如精华液或护肤品）的使用量是否每次都需要用完整管。
weixue0806,美容护肤,"雪,今天是不是起小号了是不是你",0,该用户可能在询问主播是否更换了直播账号或身份，暗示对主播身份变化的关注或疑惑。
weixue0806,美容护肤,什么牌子睡衣,1,该用户想询问主播推荐的睡衣品牌信息。
weixue0806,美容护肤,黛拉气垫,1,该用户可能在询问或表达对“黛拉气垫”这款产品的兴趣，想了解其详情或购买方式。
weixue0806,美容护肤,面霜有推荐的吗,1,该用户想询问主播是否能针对面霜产品给出具体的购买建议或推荐款式。
weixue0806,美容护肤,叫陈平买东西,0,该用户可能在催促主播让名叫“陈平”的观众下单购买商品，暗示其存在潜在购买意向或需要被引导消费。
weixue0806,美容护肤,沐浴露那个好闻,1,该用户想询问直播间推荐的沐浴露中哪款香味更出众或更适合自己。
weixue0806,美容护肤,有什么区别,1,该用户想询问当前介绍的产品与其他同类产品之间的具体差异或特点。
weixue0806,美容护肤,你的唇膏推荐一下,1,该用户想表达的含义是：希望主播推荐一款适合自己使用的唇膏产品。
weixue0806,美容护肤,讲一下口红,1,该用户希望主播详细介绍当前展示或提到的口红产品的相关信息。
weixue0806,美容护肤,没有了没买到,1,该用户因商品售罄而感到遗憾，表达了自己未能成功购买的失落心情。
weixue0806,美容护肤,"雪,与脖子上的貔貅吊坠同款[比心][比心]",0,"该用户想表达的含义是：询问主播脖子上佩戴的貔貅吊坠是否与""雪""（可能是主播名/品牌名）同款，并暗示对同款商品的购买兴趣。"
weixue0806,美容护肤,这个油能用到眼睛部位吗,1,该用户想确认这款护肤油是否适合用于眼部肌肤，表现出对产品使用细节的关注和潜在购买意向。
weixue0806,美容护肤,用完油还用啥,1,该用户想询问使用完护肤油后是否需要搭配其他护肤品步骤。
weixue0806,美容护肤,和10号区别是什么,1,该用户想询问当前展示的产品与之前提到的10号产品在功能或特性上的具体差异。
weixue0806,美容护肤,面膜推荐哪个,1,该用户想表达的含义是：询问主播是否有值得推荐的面膜产品。
weixue0806,美容护肤,可以给一个睡衣牌子吗,1,该用户想询问主播推荐的睡衣品牌信息以便购买。
weixue0806,美容护肤,为啥有49块钱的,0,该用户可能是在询问直播间商品中某个产品的价格差异或定价原因，比如为什么同款商品有49元的选项而其他价格不同。
weixue0806,美容护肤,睡衣可以看看全貌么?,1,该用户想表达的含义是：希望主播展示睡衣的完整款式以便更好地了解商品详情。
weixue0806,美容护肤,眼部有细纹用哪个,1,该用户想询问直播间推荐哪款产品适合改善眼部细纹问题。
weixue0806,美容护肤,用完油还用水乳吗,1,该用户想询问在使用完护肤油后是否还需要叠加使用水乳产品。
weixue0806,美容护肤,孕妇可以用这个油吗,1,该用户是在询问这款护肤油是否适合孕妇使用，以确认产品的安全性是否符合自身需求。
weixue0806,美容护肤,用过油下一步用什么,1,该用户想询问使用护肤油后的下一步护肤步骤或推荐产品。
weixue0806,美容护肤,今天女神脖子上戴的是中款还是大款呀[比心][比心][比心][比心],0,该用户想询问主播佩戴的项链尺寸规格，并暗示对同款商品的购买兴趣。
weixue0806,美容护肤,涂完油呢,0,该用户想询问使用完护肤油后是否需要继续其他护肤步骤。
weixue0806,美容护肤,讲讲怎么用,1,该用户想了解产品的具体使用方法或操作步骤。
weixue0806,美容护肤,10号旗舰店有啊,0,该用户是在确认10号产品在旗舰店是否有货或售卖。
weixue0806,美容护肤,美瞳分享,1,该用户可能是想询问主播能否分享关于美瞳产品的推荐或使用心得。
weixue0806,美容护肤,8号讲讲,1,该用户希望主播详细介绍8号产品的相关信息或使用方式。
weixue0806,美容护肤,姐姐不回家扫坟吗?,0,该用户可能在委婉询问主播是否会在特定节日（如清明节）暂停直播或调整排期，以便确认后续的购买安排。
weixue0806,美容护肤,点点赞点点关注,0,该用户可能是在呼吁其他观众互动以提升直播间热度，而非直接表达购买意向。
weixue0806,美容护肤,10号和这个油有什么区别,1,该用户想询问当前展示的护肤油产品与同系列10号产品在功效或成分上的具体差异。
weixue0806,美容护肤,大师面膜做活动吗,1,该用户是在询问当前直播中是否有关于“大师面膜”的促销活动，表现出对该产品的购买兴趣和价格敏感。
weixue0806,美容护肤,说今天上v脸面膜吗,1,该用户是在询问今天是否会售卖V脸面膜这款产品。
weixue0806,美容护肤,我买的是BE的,0,该用户想表达的含义是：我之前购买的是BE系列的产品（现在想了解其他款式的区别或特点）。
weixue0806,美容护肤,一进直播间就没了,1,该用户可能是在抱怨刚进直播间就发现想购买的商品已经售罄或活动结束了。
weixue0806,美容护肤,18号能讲一下吗,1,该用户是想让主播详细介绍一下18号商品的具体信息或使用方法。
weixue0806,美容护肤,2个油有什么区别,1,该用户是想询问直播间正在介绍的两种油类产品在功效或使用上的具体差异。
weixue0806,美容护肤,家人们,0,该用户可能是想以亲切的称呼引起主播注意，为后续询问产品相关问题做铺垫。
weixue0806,美容护肤,美白用什么,1,该用户想询问直播间推荐的美白产品或美白方法。
weixue0806,美容护肤,讲一下黛拉气垫啦,1,"该用户希望主播详细介绍黛拉气垫产品的功能或使用方式。  （结合前文弹幕高频出现的""讲讲""""有什么区别""等求知型表达，以及护肤品步骤咨询的密集语境，可推断用户动机是寻求产品深度讲解而非单纯互动。主播此前显然在交替介绍多款美妆产品，用户通过产品名称+祈使句式典型地传递了明确购买前的信息获取需求。）"
weixue0806,美容护肤,2号面膜只有五片吗,1,该用户是在询问2号面膜的规格是否为五片装，可能对产品容量有疑虑或想确认购买细节。
weixue0806,美容护肤,灌注面膜还有吗?,1,该用户是在询问直播间是否还有灌注面膜的库存或是否会上架该产品。
weixue0806,美容护肤,1号可以收缩毛孔吗,1,该用户是在询问1号产品是否具有收缩毛孔的功效，表现出对产品功能的明确关注和潜在购买意向。
weixue0806,美容护肤,祛斑呢,0,该用户想询问主播是否会在直播中介绍祛斑产品或讲解祛斑相关的内容。
weixue0806,美容护肤,用完油还怎么用,1,该用户想询问这款油类产品的后续使用步骤或搭配方法。
weixue0806,美容护肤,有减肥产品推荐吗,1,该用户想表达的含义是：询问直播间是否有适合减肥的相关产品推荐。
weixue0806,美容护肤,防摔霜,1,该用户想询问主播是否有推荐或讲解关于防摔霜的产品信息。
weixue0806,美容护肤,讲一下眼油,1,该用户希望主播详细介绍某款眼部护理精油的功效或使用方法。
weixue0806,美容护肤,11号链接,1,该用户想表达的含义是：希望主播详细介绍或展示11号链接对应的产品信息。
weixue0806,美容护肤,项链哪里买的?,1,该用户想询问直播间正在展示的项链产品的购买链接或购买方式。
weixue0806,美容护肤,没买到啊,1,该用户想表达的含义是：想要的商品已经售罄，感到遗憾和失望。
weixue0806,美容护肤,be下单了怎么用,1,该用户想表达的含义是：已经购买了BE产品但不清楚具体使用方法。
weixue0806,美容护肤,补水特别好的面膜是那个?,1,该用户是在询问直播间推荐的面膜中哪款具有显著的补水效果。
weixue0806,美容护肤,院线那款涂抹面膜有吗?,1,该用户是在询问直播间是否有售卖某款院线专用的涂抹式面膜产品。
weixue0806,美容护肤,9号好用不,1,该用户是在询问直播间推荐的9号产品的使用效果如何。
weixue0806,美容护肤,有收缩毛孔的吗,1,该用户是在询问直播间是否有能够收缩毛孔的产品推荐或介绍。
weixue0806,美容护肤,你涂的口红,1,该用户可能是对主播使用的口红品牌或色号感兴趣，想询问产品信息以便购买。
weixue0806,美容护肤,眼膜有吗?,1,该用户是在询问直播间是否有眼膜产品出售或推荐。
weixue0806,美容护肤,油用了会长痘吗,1,该用户是在询问这款护肤油是否会导致皮肤长痘，可能对产品成分或适用肤质存在顾虑。
weixue0806,美容护肤,身体涂哪个,1,该用户可能是想询问主播正在展示或推荐的某款身体护理产品具体应该涂抹在哪个部位或如何使用。
weixue0806,美容护肤,想知道三明治用法?[比心][比心][比心][比心][比心][比心][比心][比心][比心][比心][比心][比心][比心][比心][捂脸][捂脸][捂脸][捂脸][捂脸][捂脸],1,该用户可能是在询问产品（三明治面膜）的使用方法，同时通过密集的表情符号表达对产品的强烈兴趣和期待。
weixue0806,美容护肤,10链接有试用吗,1,该用户是在询问10号链接的商品是否提供试用装或试用服务。
weixue0806,美容护肤,用完油用什么精华,1,该用户想表达的含义是：咨询使用护肤油后应该搭配哪种精华产品。
weixue0806,美容护肤,有水乳推荐吗?,1,该用户想表达的含义是：希望主播推荐适合自己使用的水乳护肤产品。
weixue0806,美容护肤,大概晚上几点,0,该用户可能是在询问直播结束或特定商品上架的具体时间，以便安排自己的观看或购买计划。
weixue0806,美容护肤,"姐姐好喜欢你,从来不在你直播间发言,可是今晚不开心,看到你心情好多了[流泪][流泪][流泪][流泪][流泪]",0,"该用户想表达的含义是：虽然平时不互动，但主播的陪伴缓解了自己的负面情绪，更多是情感支持而非购物需求。  （解析：结合前20条弹幕以产品咨询为主的购物导向语境，该弹幕明显偏离商品讨论，突出情感联结。用户通过""从来不发言""和流泪表情强调当下情绪释放，核心动机是寻求心理慰藉而非消费意图，属于典型的直播间情感互动行为。）"
weixue0806,美容护肤,这个是君佩新款?,1,"该用户是在询问直播中展示的产品是否为品牌""君佩""的最新系列款式，以此确认商品信息以便决定是否购买。"
weixue0806,美容护肤,防晒真的好用,1,该用户是在认可主播推荐的防晒产品效果不错，可能暗示自己也有购买意向或已使用过同类产品。
weixue0806,美容护肤,"脸上有斑斑,还有痘痘,有毛孔,有面膜推荐吗",1,该用户希望通过主播推荐适合改善面部斑点、痘痘和毛孔问题的面膜产品。
weixue0806,美容护肤,姐姐讲讲鼻子[爱心][爱心][爱心][爱心][爱心][爱心][爱心][爱心],0,该用户想表达的含义是：希望主播详细介绍关于鼻子护理或修饰的产品。  （结合前文弹幕多为护肤、彩妆类产品咨询，且语气热情，可推断用户对“鼻子”相关话题有购买兴趣或需求，可能是询问鼻部护理产品、修容技巧等。）
weixue0806,美容护肤,"上次拍了BE,不知道怎么用[捂脸]",0,该用户想表达的含义是：之前购买了某款产品但不太清楚使用方法，希望得到指导或说明。
weixue0806,美容护肤,面霜推荐,1,该用户想表达的含义是：希望主播推荐适合自己使用的面霜产品。
weixue0806,美容护肤,用油不用水乳?,1,该用户可能在询问是否可以只用护肤油而省略水乳步骤，或是质疑油类产品是否能替代水乳的基础保湿功能。
weixue0806,美容护肤,有面霜吗美女,1,该用户是在询问直播间是否有面霜产品可供购买。
weixue0806,美容护肤,想听眼膜,1,"该用户想表达的含义是：对直播间推荐的眼膜产品感兴趣，希望主播详细介绍或展示。  （结合前文已有""眼膜有吗？""的询问，且弹幕多为护肤品类提问，可推断用户关注点明确，属于主动寻求产品信息的购买意向表达。）"
weixue0806,美容护肤,有补水喷雾吗,1,该用户是在询问直播间是否有售卖补水喷雾产品，表达了对该类商品的潜在购买需求。
weixue0806,美容护肤,"有什么可以一瓶搞定,不用水乳霜的,比较懒",1,该用户想表达的是：希望推荐一款多功能护肤品，能简化日常护肤步骤，省去水乳霜的繁琐流程。
weixue0806,美容护肤,介绍一下面膜呗,1,该用户想表达的含义是：对当前直播中提到的面膜产品产生兴趣，希望主播详细讲解其功效或使用方法。
weixue0806,美容护肤,好喜欢你[比心][比心],0,该用户想表达的含义是：对主播的喜爱和情感支持，但并未直接表现出对商品的购买兴趣。
weixue0806,美容护肤,韩束面膜播一下,1,该用户希望主播详细介绍或展示韩束面膜的产品信息或使用效果。
weixue0806,美容护肤,"说下4号,可以吗?",1,该用户可能是在询问主播能否详细介绍或展示4号产品（如链接、试用装或具体功能）。
weixue0806,美容护肤,做的什么项目,0,该用户可能是在询问主播当前正在介绍或推荐的具体护肤产品或护肤方案。
weixue0806,美容护肤,6号晚上几点,0,该用户是在询问6号晚上直播的具体开始时间，可能是想提前安排观看或参与直播活动。
weixue0806,美容护肤,睫毛怎么弄的,0,该用户可能是在询问主播使用的睫毛产品或化妆技巧，表现出对美妆教程或相关产品的兴趣。
weixue0806,美容护肤,1号链接怎么用,1,该用户可能是在询问1号链接商品的具体使用方法，暗示对产品功能存在兴趣或购买前的疑虑。
weixue0806,美容护肤,油敷面膜讲解一下,1,该用户希望主播详细介绍油敷面膜的产品功效和使用方法。
weixue0806,美容护肤,祛斑用什么产品,1,该用户想表达的含义是：希望主播推荐能有效改善色斑问题的护肤产品。
weixue0806,美容护肤,"油皮毛孔粗,有斑斑点点适合用2号链接的么?",1,该用户想询问自己的油性肌肤伴有毛孔粗大和色斑问题是否适合购买直播间推荐的2号链接产品。
weixue0806,美容护肤,闭口闭口能用吗,1,该用户是在询问直播中提到的产品是否适用于闭口粉刺问题。
weixue0806,美容护肤,3号链接讲一下,1,该用户希望主播详细讲解3号链接对应的产品信息或使用方法。
weixue0806,美容护肤,黑眼圈[比心],0,该用户可能是在询问或关注针对黑眼圈问题的护肤产品，并附带友好互动情绪。
weixue0806,美容护肤,26岁油皮推荐面膜[比心],1,该用户想表达的含义是：询问适合26岁油性皮肤使用的面膜产品并表达友好态度。
weixue0806,美容护肤,油霜用法教一下呗,1,该用户想表达的含义是：希望主播详细讲解油霜产品的使用方法。
weixue0806,美容护肤,防摔霜介绍一下,1,该用户希望主播详细讲解防摔霜的产品功效和使用方法。
weixue0806,美容护肤,你用的口红口红,1,该用户想询问主播正在使用的口红品牌或色号。
weixue0806,美容护肤,"10号链接怎么用,讲一下",1,该用户对10号链接的产品功能或使用方法感兴趣，希望主播进行详细讲解以便评估是否符合自身需求。
weixue0806,美容护肤,儿子呢,0,该用户可能在询问主播或直播中提到的某个产品/人物（如代言人、模特等）的去向或出现情况。
weixue0806,美容护肤,能不能讲解一下回头霜,1,该用户希望主播详细讲解“回头霜”这款产品的功能或使用方法。
weixue0806,美容护肤,BE的油和小金砖有什么区别,1,该用户想询问BE品牌的护肤油与另一款热门产品小金砖在功效或成分上的具体差异。
weixue0806,美容护肤,清明不回广西扫墓吗,0,该用户可能在委婉询问主播是否有返乡计划，暗示自己因无法回广西扫墓而感到遗憾或寻求共鸣。
weixue0806,美容护肤,为啥好多你推荐的49,0,该用户可能是对直播中频繁推荐价格为49元的产品感到疑惑，想询问原因。
weixue0806,美容护肤,"说说眼油吧,第一次来",1,该用户想表达的含义是：想了解主播推荐的眼部护理产品，因为是新观众所以希望详细介绍一下。
weixue0806,美容护肤,洗面奶说一下,1,该用户希望主播详细介绍洗面奶产品的功能或使用方法。
weixue0806,美容护肤,这个油怎么用?,1,该用户想询问这款油的详细使用方法或适用场景。
weixue0806,美容护肤,孩子还没睡,0,该用户可能在委婉询问主播何时会讲解适合儿童使用的产品，或是暗示自己因照顾孩子无法专注观看直播。
weixue0806,美容护肤,这个油跟那个油哪个好用?,1,该用户想比较两种油的功效差异以便做出购买选择。
weixue0806,美容护肤,推荐那个银色得面膜怎么没有车,1,该用户想表达的含义是：询问为什么没有推荐银色面膜的购买链接或优惠信息。
weixue0806,美容护肤,有没有精华,1,该用户是在询问直播间是否有推荐或讲解精华类产品。
weixue0806,美容护肤,弟弟几岁啊,0,该用户可能是对主播的家庭情况或直播内容中提到的“弟弟”相关产品产生了兴趣，想进一步了解细节以便做出购买决策。
weixue0806,美容护肤,涂完油还要涂其他吗,1,该用户想询问使用该护肤油后是否需要叠加其他护肤品。
weixue0806,美容护肤,20岁推荐哪一个面膜,1,该用户是在询问适合自己年龄的面膜产品推荐。
weixue0806,美容护肤,姐姐双眼皮是妈生的吗,0,该用户可能是对主播的外貌特征产生好奇，并隐含询问主播是否做过整形手术。
weixue0806,美容护肤,侧面好漂亮,0,该用户可能是在夸赞主播展示的某款产品的侧面设计或外观效果很好看，暗示对产品有欣赏或购买兴趣。
weixue0806,美容护肤,这是君佩新款吗[捂脸],1,该用户想表达的含义是：询问主播展示的产品是否属于君佩品牌的最新系列，并略带调侃或惊讶的语气。
weixue0806,美容护肤,滴完油再用水乳嘛,1,该用户是在询问使用护肤品的步骤，想知道涂完油之后是否需要接着用水乳产品。
weixue0806,美容护肤,做人太假了,0,该用户可能是在吐槽主播或其他观众言行虚伪做作，与直播间的真实购物氛围格格不入。
weixue0806,美容护肤,说下4号可以吗?,1,该用户可能是想询问主播能否详细介绍或演示4号产品（如色号、款式、功能等）。
weixue0806,美容护肤,189洗面奶直播和我平时下单有区别不,1,该用户想询问直播间购买的洗面奶价格（189元）与日常渠道购买是否存在优惠或权益差异。
weixue0806,美容护肤,想要粉上衣,1,该用户对直播中展示的粉色上衣产生了明确的购买意向。
weixue0806,美容护肤,孕妇都能用吗,1,该用户想确认产品是否适合孕妇使用，表现出对产品安全性的关注和潜在的购买意向。
weixue0806,美容护肤,紧致面霜,1,该用户可能是在询问主播关于紧致面霜的产品信息或使用效果。
weixue0806,美容护肤,BE一样的用法吗?,1,该用户可能在询问当前介绍的产品与另一款名为“BE”的产品在使用方法上是否相同。
weixue0806,美容护肤,粉底液有啥推荐的吗,1,该用户是在询问直播间是否有适合自己使用的粉底液产品推荐。
weixue0806,美容护肤,十万加来了,0,该用户想表达的含义是：直播间观看人数突破十万了，氛围很热闹。
weixue0806,美容护肤,胶原灌注面膜是哪个链接???,1,该用户急切想找到胶原灌注面膜的购买链接，表现出明确的购买意向和行动需求。
weixue0806,美容护肤,防晒霜介绍一下,1,该用户希望主播详细讲解防晒霜的产品信息或使用体验。
weixue0806,美容护肤,你用的口红是哪个,1,该用户想询问主播正在使用的口红品牌或色号，可能对同款产品产生了购买兴趣。
weixue0806,美容护肤,"这么多粉丝,一个月不得挣个万八千啊",0,该用户是在感叹主播的人气高，并推测其收入可观，带有调侃或羡慕的意味。
weixue0806,美容护肤,祛斑的有什么,1,该用户是在询问直播间是否有推荐祛斑功效的产品。
weixue0806,美容护肤,用了油还要用水乳?,1,该用户是在询问使用护肤油的步骤是否需要后续叠加水乳产品。
weixue0806,美容护肤,和BE有什么差别,1,该用户想询问当前介绍的产品与品牌BE的同类产品在功能或使用效果上有何不同。
weixue0806,美容护肤,油和反重力怎么用,1,该用户想询问护肤产品“油”和“反重力”的具体使用步骤或方法。
weixue0806,美容护肤,祛斑用啥,1,该用户想询问直播间推荐哪些产品可以有效祛斑。
weixue0806,美容护肤,毛孔粗大用哪个友好,1,该用户想询问直播间推荐哪款产品适合改善毛孔粗大的肌肤问题。
weixue0806,美容护肤,睡衣牌子,1,该用户想询问主播身上穿的睡衣是什么品牌。
weixue0806,美容护肤,玻尿酸打吗,0,该用户可能在询问直播中提到的玻尿酸产品是否需要注射使用。
weixue0806,美容护肤,介绍下沐浴露,1,该用户希望主播详细讲解当前展示的沐浴露产品的功能特点或使用方式。
weixue0806,美容护肤,滴完油再用水乳嘛?,1,该用户是在询问使用护肤油的步骤是否需要在水乳之前。
weixue0806,美容护肤,"姐,你信不信我进你直播间掏兜了,过段时间又漂亮了",0,该用户是在调侃自己每次进直播间都会忍不住花钱购买产品，导致之后变得更漂亮（暗示产品效果显著）。
weixue0806,美容护肤,你有做了啥?,0,该用户可能是想询问主播最近推出了什么新产品或新活动。
weixue0806,美容护肤,眼部周围有脂肪粒怎么办,0,该用户可能在询问针对眼部脂肪粒问题的护肤产品推荐或解决方案。
weixue0806,美容护肤,主播说一下眼油怎么用?,1,该用户想询问主播关于眼部精华油的具体使用方法，可能是对产品感兴趣或在使用上有疑问。
weixue0806,美容护肤,用完油之后还能涂面霜不,1,该用户想确认护肤步骤的顺序，询问在使用护肤油后是否可以继续涂抹面霜。
weixue0806,美容护肤,美瞳分享下,1,该用户希望主播推荐并详细介绍直播间展示的美瞳产品。
weixue0806,美容护肤,"姐姐,沐浴露味道有推荐吗?",1,该用户想询问主播是否有特定香型的沐浴露可以推荐。
weixue0806,美容护肤,肿眼泡用什么,1,该用户想询问适合肿眼泡人群使用的眼部产品或化妆技巧。
weixue0806,美容护肤,带的吊坠有小号的吗,1,该用户想询问主播展示的吊坠是否有更小的尺寸可选。
weixue0806,美容护肤,内服是啥,1,该用户想询问直播中提到的“内服”产品具体是指什么类型或功效的保健品或口服美容产品。
weixue0806,美容护肤,眼袋眼袋有好方法吗,0,该用户想询问是否有针对眼袋问题的有效解决方案或产品推荐。
weixue0806,美容护肤,内服说一下[比心][比心][比心][比心][比心][比心][比心][比心][比心],1,该用户想表达的含义是：希望主播详细介绍内服产品的功效或使用方法。  （结合前文弹幕中多次出现关于护肤、美容产品的提问，尤其是“内服是啥”这一直接关联内容，可推断用户通过重复比心表情强调迫切需求，核心诉求是获取内服产品的具体信息。）
weixue0806,美容护肤,灌注面膜是什么品牌,1,该用户是想询问主播推荐的面膜品牌，表现出对产品具体信息的购买兴趣。
weixue0806,美容护肤,唇膏选哪个,1,该用户是在询问主播推荐哪款唇膏产品比较合适，表现出对购买唇膏的具体需求和选择困惑。
weixue0806,美容护肤,要睡衣,1,该用户想表达的含义是：询问主播是否有推荐或展示睡衣产品，并可能对购买感兴趣。
weixue0806,美容护肤,姐姐眼睛真好看,0,该用户可能是在夸赞主播的外貌以拉近距离，为后续询问产品相关（如美瞳或眼部护理）做铺垫。
weixue0806,美容护肤,姐姐那个沐浴露真的好用嘛,1,该用户想询问主播推荐的沐浴露实际使用效果如何，以评估是否值得购买。
weixue0806,美容护肤,能说下4号吗?,1,该用户想询问主播详细介绍4号产品（可能是商品编号或展示顺序中的第4个物品）。
weixue0806,美容护肤,"我痘痘肌,能用吗",1,该用户想询问产品是否适合痘痘肌使用，隐含对产品的潜在购买兴趣。
weixue0806,美容护肤,内服有没有推荐,1,该用户想询问主播是否有值得推荐的口服美容或保健产品。
weixue0806,美容护肤,黑眼圈内购怎么办,0,该用户想询问针对黑眼圈问题的内服产品或解决方案。
weixue0806,美容护肤,有没有祛痘印的,1,该用户想表达的含义是：询问直播间是否推荐能淡化痘印的产品。  （结合前文弹幕多为护肤美妆类提问，且涉及具体功效需求如“祛痘”“黑眼圈”等，可推断用户是主动寻求解决方案，潜在购买意图明确。）
weixue0806,美容护肤,介绍一下3号链接的防晒呗,1,该用户想表达的含义是：希望主播详细讲解3号链接防晒产品的具体信息或使用体验。
weixue0806,美容护肤,"用完油呢,接着干啥[捂脸]",0,该用户想表达的含义是：询问使用完眼油后的下一步护肤步骤，并带有对产品使用方法的困惑和调侃意味。
weixue0806,美容护肤,刘亦菲,0,该用户可能是在夸赞主播或产品代言人的外貌气质与明星刘亦菲相似，以此表达对主播/产品的喜爱或认可。
weixue0806,美容护肤,好美呀,0,该用户可能是在赞美主播的外貌或展示的商品效果，表达对直播内容的喜爱和欣赏。
weixue0806,美容护肤,"油用完,还要用水吗",1,该用户是在询问使用完护肤油后的下一步护肤步骤是否需要用水清洁或补水。
weixue0806,美容护肤,卸妆洗面的哪个,1,该用户想询问直播间推荐的卸妆或洗面产品具体是哪一款。
weixue0806,美容护肤,她很真实[比心]我喜欢的,0,该用户想表达的含义是：主播的真诚态度打动了我，让我对产品产生了兴趣和好感。
weixue0806,美容护肤,油怎么用?,1,该用户想询问主播这款护肤油的正确使用步骤或方法。
weixue0806,美容护肤,学姐,0,该用户可能在询问主播提到的某款产品或推荐时使用的昵称“学姐”，暗示想进一步了解相关商品信息。
weixue0806,美容护肤,1号和10号什么区别,1,该用户想询问1号和10号产品的具体差异以便做出购买决策。
weixue0806,美容护肤,有货拍10,0,该用户想表达的含义是：如果商品有库存的话，自己打算购买10件。
weixue0806,美容护肤,内服有什么推荐,1,该用户想询问直播间是否有适合口服的保健品或美容产品推荐。
weixue0806,美容护肤,两个油什么区别,1,该用户想询问两款油类产品在功效或使用上的具体差异。
weixue0806,美容护肤,"雪,BE一样用法吗?",1,该用户是在询问某款产品（可能是护肤品或化妆品）是否适合敏感肌或特定肤质使用，类似于“雪”或“BE”这类产品的适用情况。
weixue0806,美容护肤,那个眼油可以去除黑眼圈吗?,1,该用户是在询问直播中推荐的眼部护理产品是否具有消除黑眼圈的功效。
weixue0806,美容护肤,你用什么睫毛膏,1,该用户想询问主播正在使用的睫毛膏品牌或款式，可能有意向购买同款产品。
weixue0806,美容护肤,六号链接一盒几片呀,1,该用户想询问六号链接产品的包装规格（每盒包含多少片）。
weixue0806,美容护肤,大干皮推荐一下面霜,1,该用户想表达的含义是：作为干性皮肤的人，希望主播能推荐适合自己肤质的面霜产品。
weixue0806,美容护肤,5号链接洗面奶孕妇可以用嘛?,1,该用户是在询问洗面奶是否适合孕妇使用，以确认产品安全性是否符合自身需求。
weixue0806,美容护肤,有没有去痘印的产品,1,该用户是在询问直播间是否有能够改善痘印问题的护肤产品，表现出对相关商品的潜在购买兴趣。
weixue0806,美容护肤,推荐一下面霜,1,该用户希望主播针对面霜产品进行详细介绍或推荐适合自己肤质的选择。
weixue0806,美容护肤,这个貔貅能眨眼吗,0,该用户可能是在询问貔貅饰品的动态设计或工艺细节，想了解产品是否有特殊功能或趣味性。
weixue0806,美容护肤,脸油用油会不会闷脂肪粒,1,该用户担心使用面部油类产品会导致毛孔堵塞并引发脂肪粒问题。
weixue0806,美容护肤,还有其他眼膜吗,1,该用户想表达的含义是：询问直播间是否还有更多款式的眼膜产品可供选择。
weixue0806,美容护肤,均配?,0,该用户可能在询问产品是否适合所有肤质或是否需要搭配其他产品使用。
weixue0806,美容护肤,今天这身穿搭配貔貅好看呀,0,该用户是在夸赞主播今天的穿搭和貔貅饰品的搭配效果很好，可能对同款饰品产生了兴趣。
weixue0806,美容护肤,口红好漂亮[比心],1,该用户被口红的颜色或外观吸引，表达了对产品的喜爱和潜在的购买意愿。
weixue0806,美容护肤,内服求推荐[比心],1,该用户想表达的含义是：希望主播推荐适合内服的产品。
weixue0806,美容护肤,be怎么用,1,"该用户想询问产品""BE""的具体使用方法。"
weixue0806,美容护肤,内服什么?,1,该用户想询问直播间推荐的内服产品具体是什么。
weixue0806,美容护肤,讲讲眼膜啊,1,该用户希望主播详细介绍当前推荐的眼膜产品的功效或使用方法。
weixue0806,美容护肤,雪能带一些内服的吗?,1,该用户是在询问主播是否可以推荐一些内服的美容或保健产品。
weixue0806,美容护肤,12号12号12号,1,该用户可能在急切询问或强调商品编号为12号的产品信息，比如价格、功效或购买链接。
weixue0806,美容护肤,B1什么歌,0,该用户可能在询问直播背景音乐中播放的歌曲名称。
weixue0806,美容护肤,什么时候要直播眼霜,1,该用户想询问直播中何时会介绍或推荐眼霜产品。
weixue0806,美容护肤,"油用完之后用什么,油用完之后用什么,油用完之后用什么",1,该用户想表达的含义是：询问当前推荐的护肤油使用完后是否有替代产品或后续使用建议。
weixue0806,美容护肤,焦虑了怎么办姐姐,0,该用户可能是因直播中讨论的护肤或健康问题联想到自身焦虑情绪，希望主播给予心理安慰或实用建议。
weixue0806,美容护肤,美白有哪些?,1,该用户想询问直播间是否有推荐的美白类产品。
weixue0806,美容护肤,卸妆膏好用嘛卸妆膏好用嘛,1,该用户想表达的含义是：对卸妆膏的效果和使用体验感兴趣，希望主播能详细介绍或推荐。
weixue0806,美容护肤,美白面膜哪一款,1,该用户想询问直播间推荐的具体美白面膜产品款式。
weixue0806,美容护肤,你睡觉早吗?[比心],0,该用户可能是在委婉询问主播的作息时间，以此间接判断直播间的活跃时段或后续产品推荐的时间安排。
weixue0806,美容护肤,"脸颊旁边长凸起的是闭口还是粉刺啊,用什么好?",1,该用户想咨询主播关于面部皮肤问题的诊断建议和对应的产品推荐。
weixue0806,美容护肤,介绍一下眼膜,1,该用户希望主播详细讲解当前展示的眼膜产品的功效、使用方法或特点。
weixue0806,美容护肤,内服喝什么,1,该用户想询问直播间推荐的内服饮品或保健品。
weixue0806,美容护肤,你内服啥呀,1,该用户想询问主播正在服用或推荐的保健品或口服产品是什么。
weixue0806,美容护肤,"姐姐,你好漂亮啊!",0,该用户是在通过夸赞主播的外貌来拉近距离，试图引起主播注意以便后续互动或提问。
weixue0806,美容护肤,唇膏推荐一下,1,该用户想表达的含义是：希望主播推荐一款适合自己使用的唇膏产品。
weixue0806,美容护肤,油涂完怎么护肤?,1,该用户想询问使用护肤油后的后续护理步骤或搭配产品。
weixue0806,美容护肤,Be的油没有了吗,1,该用户是在询问直播间推荐的某款护肤油是否已经售罄或不再销售。
weixue0806,美容护肤,内服喝的什么,1,该用户是在询问主播日常服用的内服保健品或饮品的具体名称或推荐。
weixue0806,美容护肤,"姐,你也太真实了",0,该用户想表达的含义是：主播的真诚直率风格让人感到亲切可信。  （结合前文弹幕高频出现产品咨询和护肤求助，可推断用户通过对比其他弹幕的功利性提问，突出对主播自然真实人设的欣赏，隐含对主播推荐内容的潜在信任。）
weixue0806,美容护肤,睫毛是怎么嫁接的吗,0,该用户是想询问主播关于嫁接睫毛的具体操作方法或步骤。
weixue0806,美容护肤,姐姐为啥同样一个男的对我和对另一个女生一点不一样[流泪]好伤心姐姐,0,该用户可能在情感困扰中寻求主播的安慰和建议，而非表达对商品的购买兴趣。
weixue0806,美容护肤,我脸跨了[流泪],0,该用户可能是在观看直播时因自身皮肤问题感到沮丧，希望通过表达情绪来寻求主播关于护肤产品或解决脸部问题的建议。
weixue0806,美容护肤,美白是几号链接,1,该用户想询问直播间正在介绍的美白产品对应的商品购买链接编号。
weixue0806,美容护肤,怎么会不可能呢,0,该用户可能是在质疑主播对某款产品功效的否定说法，表达自己认为该产品确实有效的观点。
weixue0806,美容护肤,推荐下,1,该用户希望主播推荐一款适合他们的产品或解决方案。
weixue0806,美容护肤,姐姐你这里请兼职吗,0,该用户可能是在询问直播间是否有招聘兼职的机会，表达了对主播或直播工作的兴趣和向往。
weixue0806,美容护肤,你的眼珠子是哪家的呀,0,该用户想询问主播佩戴的美瞳品牌或款式。
weixue0806,美容护肤,衣服哪里买,1,该用户想表达的含义是：询问直播中所展示的衣服的购买渠道或商品链接。
weixue0806,美容护肤,感觉自己一点也不漂亮黑黑的,0,该用户可能在表达对自己肤色的不自信，并隐晦地寻求美白产品或改善肤色的建议。
weixue0806,美容护肤,进监狱吧[捂脸],0,该用户可能是在以夸张的玩笑语气表达对主播推荐产品的强烈喜爱或种草，类似于“这也太好用了吧，简直让人忍不住想剁手”。
weixue0806,美容护肤,我感觉你的声音很好听,0,该用户可能是在表达对主播的喜爱和关注，希望通过赞美声音拉近距离，为后续互动或询问产品做铺垫。
weixue0806,美容护肤,你的唇膏,1,该用户想询问主播使用的唇膏品牌或购买链接。
weixue0806,美容护肤,韦雪很实在[比心],0,该用户是在夸赞主播真诚直率的性格，并表达了对她的喜爱和认可。
weixue0806,美容护肤,姐姐哪个面膜好用,1,该用户是在向主播咨询推荐适合自己使用的面膜产品，表现出明确的购买意向和需求。
weixue0806,美容护肤,今天很好看,0,该用户可能是在夸赞主播当天的妆容或穿搭很吸引人，暗示对展示的产品产生了兴趣。
weixue0806,美容护肤,2个月胶原怎么拍,1,该用户想询问购买两个月用量的胶原蛋白产品的下单方式或优惠组合。
weixue0806,美容护肤,小金砖和极光哪个好啊,1,"该用户是在咨询主播关于两款产品（""小金砖""和""极光""）的性能比较，希望获得购买建议。"
weixue0806,美容护肤,2号和之前那款有什么区别,1,该用户想询问2号产品与之前介绍过的另一款产品在功能或特点上的具体差异。
weixue0806,美容护肤,讲讲针剂呗,1,该用户想表达的含义是：希望主播详细介绍关于针剂产品的信息。
weixue0806,美容护肤,雪姐的防晒好用,0,该用户是在询问或认可主播推荐的防晒产品效果不错。
weixue0806,美容护肤,"油皮毛孔粗,有斑斑点点适合用2号链接产品么?[比心]",1,该用户是在询问自己的油性肌肤且有毛孔粗大、色斑问题是否适合使用直播间推荐的2号链接产品，并表现出对产品的兴趣和信任态度。
weixue0806,美容护肤,长痘用什么啊,1,该用户想询问直播间推荐的产品中哪款适合改善痘痘问题。
weixue0806,美容护肤,走了想买的没有,0,该用户感到失望，因为直播间没有推荐他们想购买的产品。
weixue0806,美容护肤,!有那个眼膜吗?,1,该用户是在询问直播间是否有售卖某款眼膜产品。
weixue0806,美容护肤,衣服哪里买的呀,1,该用户想询问直播中展示的衣服的购买渠道或商品链接。
weixue0806,美容护肤,"姐姐,内服",1,该用户想询问主播推荐的内服美容产品。
weixue0806,美容护肤,"雪,BE一样的用法吗?",1,该用户可能在询问主播推荐的产品“雪”是否和另一款产品“BE”的使用方法相同。
weixue0806,美容护肤,"用油了,下一步用什么",1,该用户想询问使用完油类护肤品后下一步该搭配什么产品。
weixue0806,美容护肤,4号说下可以吗?,1,该用户是在询问主播能否详细介绍或推荐4号链接的产品。
weixue0806,美容护肤,用完油再用面霜,1,该用户想咨询使用完精华油后是否需要搭配面霜以及具体的使用步骤。
weixue0806,美容护肤,"宝贝,讲讲眼膜",1,该用户想表达的含义是：希望主播详细介绍眼膜产品的相关信息。
weixue0806,美容护肤,衣服primark?,1,该用户可能在询问直播中展示的衣服是否是来自品牌Primark的款式。
weixue0806,美容护肤,"用完油,在用什么",1,该用户想询问在使用完护肤油后应该搭配什么后续护肤产品。
weixue0806,美容护肤,粉底液有吗街里,1,该用户是在询问直播间是否有粉底液产品，并希望主播能详细介绍或推荐适合“街里”（可能指日常通勤或街头风格）使用的款式。
weixue0806,美容护肤,冼面奶可以早晚洗吗,1,该用户是在询问洗面奶是否适合早晚各使用一次，以确认产品的使用频率和适用场景。
weixue0806,美容护肤,打胶原可以吗,1,该用户可能在询问直播中提到的“胶原”产品是否适合通过特定方式（如注射或外涂）进行使用或购买。
weixue0806,美容护肤,想美白姐姐,1,该用户可能在询问主播推荐的美白产品或方法，表达了对美白功效产品的兴趣。
weixue0806,美容护肤,胶原灌注面膜是哪个链接,1,该用户想询问直播间正在介绍的胶原灌注面膜对应的商品购买链接是哪一个。
weixue0806,美容护肤,想要元贝全的极光水,1,"该用户表达的是对直播中提到的""元贝全的极光水""产品有明确的购买意向。"
weixue0806,美容护肤,粉底液有吗姐姐,1,该用户是在询问直播间是否有粉底液产品并希望主播进行介绍或推荐。
weixue0806,美容护肤,4号面膜介绍一下功能,1,该用户希望主播详细讲解4号面膜的功效和适用场景。
weixue0806,美容护肤,这是睡衣吗?,1,该用户可能是对直播中展示的服装款式产生兴趣，在询问产品是否为睡衣品类以确认商品属性。
weixue0806,美容护肤,"be拍了,怎么用",1,该用户想表达的含义是：已经购买了BE产品但不清楚具体使用方法。
weixue0806,美容护肤,姐姐有没有什么美容仪推荐呀,1,该用户想询问主播是否有值得推荐的美容仪器产品。
weixue0806,美容护肤,护手霜有吗宝宝,1,该用户是在询问直播间是否有护手霜产品出售。
weixue0806,美容护肤,你笑好看,0,该用户可能在夸赞主播的笑容有感染力，暗示对主播推荐的产品或直播内容产生好感。
weixue0806,美容护肤,这个油孕妇可以用吗,1,该用户可能是在询问这款食用油是否适合孕妇使用，以确认产品的安全性是否符合自身需求。
weixue0806,美容护肤,讲讲油的用法,1,该用户想询问主播详细介绍这款护肤油的正确使用方法和步骤。
weixue0806,美容护肤,超声跑,0,该用户可能是想询问直播间是否有关于“超声炮”（一种美容仪器或项目）的介绍或购买链接。
weixue0806,美容护肤,祛斑可以做什么项目,1,该用户可能在询问针对祛斑问题有哪些适合的美容项目或产品推荐。
weixue0806,美容护肤,支持支持支持,0,该用户想表达的含义是：对主播或直播内容表示积极的认可和鼓励。
weixue0806,美容护肤,睡衣真好看,1,该用户被直播中展示的睡衣款式吸引，产生了明确的购买意向。
weixue0806,美容护肤,涂完油呢涂完油呢涂完油呢涂完油呢涂完油呢涂完油呢涂完油呢涂完油呢涂完油呢涂完油呢,0,该用户急切想了解护肤步骤中“涂完油之后该用什么产品”，可能是对当前演示环节的步骤衔接感到困惑或希望主播详细说明后续流程。
weixue0806,美容护肤,颈霜有没有,1,该用户是在询问直播间是否有颈霜产品出售或推荐。
weixue0806,美容护肤,雪姐状态真好,0,该用户是在夸赞主播的精神面貌和整体状态，属于互动型弹幕而非直接表达购买意向。
weixue0806,美容护肤,想美白姐姐[流泪][流泪],0,该用户想表达的含义是：对主播推荐的美白产品非常心动，迫切想要购买。  （结合前文弹幕中高频出现的美容护肤类提问（如“想美白姐姐”“胶原灌注面膜”“极光水”“祛斑项目”等），以及该用户使用“[流泪]”表情的强烈情绪，可推断其核心诉求是希望主播介绍或上架相关美白产品，并隐含立刻下单的意愿。）
weixue0806,美容护肤,六号来吧,1,该用户可能是在询问或催促主播展示/介绍6号产品（如链接、功能或优惠信息）。
weixue0806,美容护肤,打肉毒吗,0,该用户可能在询问直播间是否提供肉毒杆菌相关的美容产品或服务。
weixue0806,美容护肤,耳环可以发一下吗,1,该用户是在询问主播能否展示或推荐直播间提到的耳环产品。
weixue0806,美容护肤,补水面膜还有吗,1,该用户是在询问补水面膜的库存情况，表达了对该产品的购买意向。
weixue0806,美容护肤,痘痘肌能用吗痘痘肌能用吗痘痘肌能用吗,1,该用户急切询问该产品是否适合敏感痘痘肌肤使用，表现出强烈的购买顾虑和需求确认意图。
weixue0806,美容护肤,你眼界还是不够宽,0,该用户可能是在委婉批评主播推荐的产品或建议缺乏多样性，暗示希望看到更丰富的选品或更全面的解决方案。
weixue0806,美容护肤,睡衣店铺推荐一下[比心][比心][比心][比心][比心][比心][比心],0,该用户想表达的含义是：对主播展示的睡衣很感兴趣，希望获得店铺链接以便购买。
weixue0806,美容护肤,卸妆膏卸妆膏卸妆膏卸妆膏卸妆膏卸妆膏,1,该用户迫切想了解或购买直播中提到的卸妆膏产品。
weixue0806,美容护肤,为什么不打啵啵,0,该用户可能在催促主播展示或介绍名为“啵啵”的产品或促销活动（如“打啵啵”可能是某种折扣玩法）。
weixue0806,美容护肤,水光建议做么,0,该用户想询问主播是否推荐尝试水光针美容项目。
weixue0806,美容护肤,"人家花几十万,你们买个几百的护肤品就想那么好皮肤[捂脸][捂脸]",0,该用户是在讽刺部分观众对平价护肤品的效果抱有不切实际的过高期望，暗示好皮肤需要高额投入而非仅靠廉价产品。
weixue0806,美容护肤,颈霜有没有?,1,该用户是在询问直播间是否有颈霜产品出售或介绍。
weixue0806,美容护肤,"Be的油拍不了,没货了吗",1,该用户想询问某款名为“Be”的护肤油是否因缺货导致无法下单购买。  （释义逻辑：结合前文高频出现的护肤品咨询语境（颈霜/卸妆膏/补水面膜等）及重复追问型弹幕模式（如“涂完油呢”刷屏），可推断用户关注商品库存状态，且“拍不了”是电商场景中“无法购买”的常见表达，动机明确指向购买意向而非单纯吐槽缺货。）
weixue0806,美容护肤,"有打干细胞,真的吗",0,该用户是在询问直播间推荐的产品是否真的包含干细胞成分，表现出对产品功效的质疑和求证意图。
weixue0806,美容护肤,你自己的事情你自己知道,0,该用户可能在质疑主播对产品效果的夸大宣传或隐瞒某些信息，暗示主播心知肚明但未向观众坦诚说明。
weixue0806,美容护肤,设这是睡衣吗,1,该用户想确认直播中展示的商品是否为睡衣款式。
weixue0806,美容护肤,水光面膜今天晚上没有吗,1,该用户是在询问今晚的直播中是否没有安排水光面膜的销售或推荐环节。
weixue0806,美容护肤,我刚打了玻尿酸丰唇[捂脸],0,该用户可能是在分享自己刚做了医美项目（玻尿酸丰唇），同时以调侃或自嘲的语气暗示对直播间相关美容产品的潜在兴趣或需求。
weixue0806,美容护肤,眼部有细纹用哪个眼部有细纹用哪个,1,该用户是在询问主播推荐适合改善眼部细纹的产品。
weixue0806,美容护肤,我姐太真实了,0,该用户想表达的含义是：主播的推荐或表现非常贴近真实生活，让人产生共鸣和信任感。
weixue0806,美容护肤,好闪好大气的项链雪[比心][比心][比心][比心],1,该用户想表达的含义是：这条项链的设计非常璀璨夺目且高端大气，我非常喜欢。  （结合前文弹幕中频繁出现的对具体商品的询问和[比心]表情的使用习惯，可推断用户是在积极赞美项链的视觉效果，并隐含购买兴趣。）
weixue0806,美容护肤,光子嫩肤有用吗,0,该用户可能在询问光子嫩肤项目的实际效果，以评估自己是否值得购买或尝试这项美容服务。
weixue0806,美容护肤,油拍了、看了这么久第一次买,0,该用户想表达的含义是：之前一直在观望这款护肤油，今天终于决定下单购买了。
weixue0806,美容护肤,面膜推荐那个,1,该用户想表达的含义是：询问主播推荐哪款面膜产品。  （结合前文弹幕中频繁出现的护肤品类提问（如补水面膜、颈霜、卸妆膏等），以及用户对具体产品功能的关注（如“痘痘肌能用吗”），可推断目标弹幕是典型的购买意向咨询，核心动机是寻求主播的针对性推荐以辅助决策。）
weixue0806,美容护肤,小金砖孕妇可以用吗,1,该用户是在询问这款护肤品是否适合孕妇使用，表现出对产品安全性的关注和潜在的购买意向。
weixue0806,美容护肤,馥郁满铺的精粹水有么,1,该用户是在询问直播间是否售卖馥郁满铺品牌的精粹水产品，表现出明确的购买意向和品牌针对性需求。
weixue0806,美容护肤,今天有个说是你的小号,0,该用户可能在质疑主播身份的真实性，暗示有人冒充主播的小号进行互动或销售行为。
weixue0806,美容护肤,说这个油,1,该用户可能在询问主播刚才提到的某款油类产品的详细信息或购买方式。
weixue0806,美容护肤,拍了油,0,该用户想表达的含义是：我已经下单购买了这款护肤油。
weixue0806,美容护肤,怎么有回音,0,该用户可能因直播间的音频技术问题（如回声效果）感到困惑，试图提醒主播或工作人员检查设备状况。
weixue0806,美容护肤,"推荐下面膜,美白抗皱,我皮肤比较暗沉",1,该用户希望主播推荐适合暗沉肌肤的美白抗皱面膜，表达了对产品的具体需求和购买意向。
weixue0806,美容护肤,"皮肤很白,也很好,但不流畅,太阳穴凹,适合填充吗",0,该用户是在询问主播推荐的产品是否适合自己太阳穴凹陷的情况，同时表达了对产品质地和效果的初步认可但存在使用体验上的顾虑。
weixue0806,美容护肤,"洗完脸直接涂油后,还需要涂其他的吗",1,该用户想询问在使用护肤油后是否需要叠加其他护肤品来完成护肤步骤。
weixue0806,美容护肤,情商智商高的韦雪比明星都厉害!直播间人永远上万,0,该用户是在夸赞主播韦雪的个人魅力与带货能力出众，认为其表现甚至超越明星效应，并感叹直播间人气持续火爆。
weixue0806,美容护肤,4号说下可以吗,1,该用户想询问主播能否详细介绍4号产品。
weixue0806,美容护肤,姐姐你的美瞳,1,该用户可能是在询问主播佩戴的美瞳款式或品牌，表达对产品的兴趣或想要购买同款。
weixue0806,美容护肤,"姐姐,有没有能减肥的呀",0,该用户是在询问直播间是否有适合减肥的产品推荐。
weixue0806,美容护肤,轮廓用的什么啊肉毒吗,1,该用户是在询问主播使用的轮廓修饰产品是否为肉毒素类美容针剂。
weixue0806,美容护肤,这个油咋用?,1,该用户想询问这款护肤油的正确使用方法或适用步骤。
weixue0806,美容护肤,不要熬夜,0,该用户可能是在提醒主播注意休息，表达关心而非购买意向。
weixue0806,美容护肤,为啥不打玻啊?,0,该用户可能在询问为什么没有推出玻尿酸相关产品或优惠活动。
weixue0806,美容护肤,轮廓是不是玻尿酸打的,0,该用户是在询问主播的面部轮廓线条是否通过注射玻尿酸来塑造的。
weixue0806,美容护肤,"你这个5号链接洗面奶,为啥抖音好几家店比你这里便宜?有真有假吗?",0,该用户是在质疑直播间产品的价格真实性，并担心其他平台的低价商品可能是假货。
weixue0806,美容护肤,眼部有细纹用哪个[比心][比心][比心][比心][比心][比心],1,该用户想表达的含义是：询问主播推荐适合改善眼部细纹的产品。
weixue0806,美容护肤,轮廓提升打什么呀[比心][比心],1,该用户是在询问主播用于轮廓提升的具体医美项目或产品。
weixue0806,美容护肤,皮肤干燥起皮用什么,1,该用户想表达的含义是：咨询针对皮肤干燥脱屑问题的护肤产品推荐。
weixue0806,美容护肤,10号链接有吗,1,该用户是在询问直播间是否还有10号商品链接的库存或能否购买。
weixue0806,美容护肤,雪姐大小脸怎么办,0,该用户可能是在询问主播如何通过美容产品或医美手段改善面部不对称的问题。
weixue0806,美容护肤,美白涂什么[比心],1,该用户想询问直播间推荐的美白护肤产品，并表现出对产品效果的期待和购买意向。
weixue0806,美容护肤,为什么不打波波呀,0,该用户是在询问主播为什么没有推荐或讲解玻尿酸相关的产品或项目。
weixue0806,美容护肤,在哪里打,0,该用户可能是想询问主播提到的某个产品或项目（如玻尿酸、肉毒等）的具体注射部位或操作位置。
weixue0806,美容护肤,你种植发际线了吗?,0,该用户可能在询问主播是否通过医美手段调整了发际线，隐含对相关美容项目的兴趣或寻求建议。
weixue0806,美容护肤,"打的什么呀,可以分享一下吗",1,该用户是在询问主播面部轮廓或美容项目具体使用了哪种产品或技术。
weixue0806,美容护肤,打的什么针啊,1,该用户是在询问主播进行面部轮廓调整时具体注射了哪种美容针剂。
weixue0806,美容护肤,6号面霜怎么用效果好,1,该用户想询问6号面霜的使用方法以发挥最佳功效，表现出对产品实际效果的关注和购买意向。
weixue0806,美容护肤,说的好好,0,该用户想表达的含义是：主播对产品的介绍非常吸引人，让我产生了兴趣或认同感。
weixue0806,美容护肤,"睡衣有吗,喜欢[比心]",1,该用户想表达的含义是：询问直播间是否有睡衣售卖，并表达对睡衣款式的喜爱和购买意向。
weixue0806,美容护肤,2个油区别??????,1,该用户是在询问直播间推荐的两种油类产品（可能是护肤品或精油）的具体区别或功效差异。
weixue0806,美容护肤,现在的打干细胞真的吗,0,该用户可能是对直播间提到的干细胞美容项目产生兴趣，在询问其真实性和可靠性。
weixue0806,美容护肤,蛋白膜用完需要洗吗?,1,该用户想询问蛋白膜使用后的清洁步骤，可能是对产品具体使用方法存在疑惑或准备购买前确认细节。
weixue0806,美容护肤,你那小号是正品吗,0,该用户是在质疑主播展示的某款商品（可能为美妆或服饰类）是否为官方正品，担心存在假货风险。
weixue0806,美容护肤,在卖号,0,该用户可能在询问直播间是否正在出售某个特定账号（如社交平台账号、游戏账号等）或商品编号为“号”的产品。
weixue0806,美容护肤,"就是想你去知道韩国做鼻子的医院,想私信你",0,该用户想表达的含义是：希望主播能推荐韩国做鼻子的医院并私下联系告知详情。  （结合前文弹幕多为医美/护肤相关提问，可推断用户对整形项目感兴趣，且语境中隐含信任主播的推荐意愿。）
weixue0806,美容护肤,法令纹打什么效果好,1,该用户是在咨询改善法令纹的医美产品或治疗方案，表现出对解决特定皮肤问题的明确需求。
weixue0806,美容护肤,水光你打吗,0,该用户是在询问主播关于“水光针”美容项目的相关建议或体验分享。
weixue0806,美容护肤,这个韩束和之前那个款有什么区别,1,该用户想了解当前展示的韩束产品与之前介绍过的款式在功能或成分上的具体差异。
weixue0806,美容护肤,轮廓定位多少钱,0,该用户想询问用于改善面部轮廓的医美项目或产品的价格。
weixue0806,美容护肤,钛提升,0,该用户可能是在询问某种美容产品或项目（如“钛提升”）的效果或价格。
weixue0806,美容护肤,轮廓提升什么针,1,该用户想询问用于改善面部轮廓的医美项目具体指的是哪种注射针剂。
weixue0806,美容护肤,淡斑的,0,该用户可能在询问直播间推荐的产品中是否有针对淡斑功效的美容产品或治疗方法。
weixue0806,美容护肤,平时打什么产品,0,该用户想询问主播平时注射哪些美容产品或项目来维持皮肤状态。
weixue0806,美容护肤,我想看看面霜就像面膜那种,1,该用户想表达的是：我对面霜感兴趣，想了解一下它是否具有类似面膜的使用效果或功效。
weixue0806,美容护肤,为什么不打波波姐姐[流泪][流泪],0,该用户可能是在询问或抱怨为什么没有推荐或介绍“波波姐姐”相关的产品或项目，并对此感到失望或急切。
weixue0806,美容护肤,肽提升,0,该用户可能是在询问关于“钛提升”美容项目的具体信息或效果。
weixue0806,美容护肤,黑眼圈严重怎么办,0,该用户可能在询问针对黑眼圈问题的护肤产品或医美解决方案。
weixue0806,美容护肤,看一下你的家居裤,1,该用户对主播展示的家居裤产品感兴趣，希望主播能详细介绍或展示实物效果。
weixue0806,美容护肤,为啥不卖衣服,1,该用户可能是在询问直播间为何没有展示或销售服装类商品，暗示对服饰产品有潜在购买兴趣。
weixue0806,美容护肤,哪个医院,0,该用户可能在询问主播推荐的医美整形医院信息。
weixue0806,美容护肤,卸妆液有推荐不,1,该用户可能在询问直播间是否有推荐的卸妆液产品，表现出对购买卸妆用品的潜在兴趣。
weixue0806,美容护肤,姐姐看看睡衣,1,该用户希望主播展示或介绍睡衣产品。
weixue0806,美容护肤,油和反重力怎么用油和反重力怎么用,1,该用户是在询问直播中提到的“油”和“反重力”产品的具体使用方法。
weixue0806,美容护肤,想要眼膜,1,该用户可能是在询问直播间是否有眼膜产品在售或希望主播推荐相关产品。
weixue0806,美容护肤,就是有这个面膜你接触不到,0,该用户可能是在表达对面膜产品的兴趣，但担心实际使用效果或购买渠道不便。
weixue0806,美容护肤,痘痘肌能用你推荐的那个油吗,1,该用户是在询问主播推荐的护肤油是否适合敏感易长痘的肤质使用。
weixue0806,美容护肤,眼部有细纹用哪个[比心][比心][比心][比心][比心][比心][比心][比心][比心][比心][比心][比心][比心][比心][比心][比心][比心][比心][比心][比心],1,该用户想表达的含义是：询问主播推荐适合改善眼部细纹的产品，并表现出强烈的兴趣和期待。
weixue0806,美容护肤,回头霜还有嘛,1,该用户是在询问直播间是否还有“回头霜”这款产品的库存或现货。
weixue0806,美容护肤,眉毛比以前好看了雪,0,该用户可能是想表达对主播妆容变化的称赞，并暗示对相关美妆产品的兴趣。
weixue0806,美容护肤,护手霜有货没有?,1,该用户是在询问护手霜的库存情况，暗示有购买意向并希望确认商品是否可下单。
weixue0806,美容护肤,2个油区别?????,1,该用户想询问两种护肤油产品之间的具体功效或使用区别。
weixue0806,美容护肤,"防晒不浮粉,我试用了三种粉底液,都很服贴",0,该用户想表达的含义是：对当前推荐的防晒产品持积极认可态度，并暗示其与多种底妆产品兼容性良好，可能产生购买意向。
weixue0806,美容护肤,"雪姐,貔貅和你今天的穿搭好配哦",0,该用户通过夸赞主播的穿搭和饰品搭配，间接表达对貔貅饰品的兴趣，可能暗示希望了解或购买同款产品。
weixue0806,美容护肤,打轮廓要多少米,0,该用户想询问进行轮廓整形手术需要花费多少钱。
weixue0806,美容护肤,推荐学生做微调吗,0,该用户可能是在询问主播推荐的产品是否适合学生群体进行细微调整或尝试使用。
weixue0806,美容护肤,粉底液有吗姐姐粉底液有吗姐姐粉底液有吗姐姐粉底液有吗姐姐粉底液有吗姐姐粉底液有吗姐姐粉底液有吗姐姐,1,该用户急切地询问主播是否有粉底液在售，表现出强烈的购买意向和重复追问的迫切心态。
weixue0806,美容护肤,埋钻是什么,0,该用户可能是在询问直播中提到的某个产品或技术（如“埋钻”美容项目或首饰工艺）的具体含义或用途。
weixue0806,美容护肤,"雪,项链是什么品牌的?",1,该用户想询问主播所佩戴项链的品牌信息，可能对其产生了购买兴趣或审美认同。
weixue0806,美容护肤,介绍一下15号行不行,1,该用户可能是对直播中提到的某款产品（编号15号）感兴趣，希望主播能详细讲解其功能或特点。
weixue0806,美容护肤,没有水光霜了吗,1,该用户是在询问直播间是否还有水光霜的库存或能否继续购买。
weixue0806,美容护肤,啥时候有shui光面膜?,1,该用户是在询问水光面膜的补货或上新时间，表现出明确的购买意向和产品需求。
weixue0806,美容护肤,"打了眉弓,和下颌线",0,该用户可能在询问主播关于眉弓和下颌线整形或微调项目的价格或效果。
weixue0806,美容护肤,脸部凹陷做什么,0,该用户可能在咨询改善脸部凹陷问题的产品或医美项目，表达了对相关解决方案的购买兴趣。
weixue0806,美容护肤,去哪家,0,该用户可能是在询问主播推荐的产品购买渠道或店铺名称。
weixue0806,美容护肤,毛孔大可以做啥,0,该用户想询问针对毛孔粗大问题有哪些适用的产品或护理方案。
weixue0806,美容护肤,减肥有什么好的方法吗???[比心][比心][比心][比心][比心],0,该用户可能是在询问直播间推荐的减肥产品或方法，并表现出对相关内容的兴趣和积极互动意愿。
weixue0806,美容护肤,超声炮呢,1,该用户可能在询问直播间是否推荐或销售“超声炮”美容项目，表现出对该项目的兴趣或购买意向。
weixue0806,美容护肤,少女枪怎么样?,1,该用户是在询问主播展示或提到的“少女枪”产品的性能或使用体验如何，表现出对这款产品的兴趣和潜在的购买意向。
weixue0806,美容护肤,钛提升吗,0,该用户可能是想询问某款产品（如美容仪器或护肤品）是否具有提拉紧致的功效。  （结合前文弹幕多为美容护肤、微调医美相关提问，且“钛”可能指代含钛成分的仪器或产品，“提升”是常见美容诉求，语境推测为对产品功能的简洁询问。）
weixue0806,美容护肤,姐姐这个项链搭配的太好看了,0,该用户想表达的含义是：对主播佩戴的项链款式产生兴趣，并暗示想了解或购买同款。  （分析依据：结合前文弹幕中多次出现对具体产品的询问（如“项链品牌”“粉底液有吗”），以及搭配类赞美（如“穿搭好配”），可推断用户通过赞美主播搭配来间接表达对商品的购买意向，符合直播间常见的互动模式。）
weixue0806,美容护肤,分享眼影呗,1,该用户想表达的含义是：希望主播推荐或详细介绍眼影产品。
weixue0806,美容护肤,眼部有细纹用哪个[比心][比心][比心][比心][比心][比心][比心][比心][比心][比心][比心][比心][比心][比心][比心][比心][比心][比心][比心],1,该用户想表达的含义是：询问主播针对眼部细纹问题推荐哪款产品，并表现出强烈的兴趣和期待。  （结合前文弹幕中频繁出现的护肤、微调、产品咨询等语境，该用户显然是在主动寻求解决方案，且通过大量[比心]表情传递积极互动情绪，属于明确的购买意向表达。）
weixue0806,美容护肤,"脸黄脸黄脸黄脸黄脸黄咋办啊啊啊啊啊啊!求求啦,回复一下好不啦?",0,该用户急切地寻求改善面部暗黄问题的解决方案，并希望主播能优先回应自己的求助。  （解析：结合前文弹幕中高频的美容护肤、医美项目咨询语境，用户通过重复关键词“脸黄”和情绪化表达“啊啊啊”“求求啦”，凸显对产品/方法的强烈需求，同时隐含对主播互动延迟的焦虑。）
weixue0806,美容护肤,姐姐讲讲鼻子[爱心][爱心][爱心][爱心][爱心],0,该用户想表达的含义是：希望主播详细讲解关于鼻子整形或美容的相关内容。
weixue0806,美容护肤,雪项链是哪家店买的呀[比心][比心][比心][比心],1,该用户想表达的含义是：询问主播展示的雪项链的具体购买渠道或品牌信息，并表现出对这款商品的浓厚兴趣。
weixue0806,美容护肤,"美女姐姐,可以讲一下次抛吗[玫瑰][玫瑰][玫瑰][玫瑰][玫瑰][玫瑰][玫瑰][玫瑰][玫瑰][玫瑰][玫瑰][玫瑰][玫瑰][玫瑰][玫瑰][玫瑰][玫瑰][玫瑰]",1,该用户想表达的含义是：对主播推荐的“次抛”产品感兴趣，希望主播能详细讲解其功效或使用方法，并用大量玫瑰表情强调自己的热情和期待。  （结合前文语境：直播间弹幕多为咨询具体产品或求推荐，用户提问时普遍带有急切或夸赞情绪，且倾向用重复符号/表情强化需求。该提问符合“直接询问产品信息+情感化表达”的典型购买兴趣模式。）
weixue0806,美容护肤,"泪沟,法令纹怎么修复",0,该用户想询问改善面部泪沟和法令纹问题的美容产品或治疗方法。
weixue0806,美容护肤,on哒,0,该用户可能想询问主播关于某项产品或美容项目的具体信息，例如询问某个品牌、效果或购买方式。
weixue0806,美容护肤,韩国有推荐的医院吗?,0,该用户可能在咨询韩国医美项目的推荐医院，表现出对跨境医疗美容服务的潜在需求。
weixue0806,美容护肤,护手霜有货没,1,该用户是在询问护手霜的库存情况，暗示有购买意向并希望确认商品是否可下单。
weixue0806,美容护肤,粉底液有吗姐姐粉底液有吗姐姐粉底液有吗姐姐粉底液有吗姐姐粉底液有吗姐姐粉底液有吗姐姐,1,该用户急切地询问主播是否有粉底液产品在售，表现出强烈的购买意向和重复强调的需求。
weixue0806,美容护肤,眼袋有点小颗粒怎么办,0,该用户想表达的含义是：咨询解决眼周小颗粒问题的护肤产品或方法。
weixue0806,美容护肤,On达是啥,0,该用户可能是对主播提到的某个产品或项目“On达”感到陌生，想询问其具体含义或功能。
weixue0806,美容护肤,胶原流失做什么,0,该用户想表达的含义是：咨询改善胶原蛋白流失问题的产品或方法。
weixue0806,美容护肤,去哪家医院,0,该用户可能是在询问直播间推荐的医美机构或整形医院信息。
weixue0806,美容护肤,睫毛膏推荐下呗,1,该用户想表达的含义是：希望主播能推荐一款好用的睫毛膏产品。  （结合前文弹幕多为美妆护肤相关提问，且语气偏向直接求推荐，可判断用户有明确的购买意向或产品需求。）
weixue0806,美容护肤,姐思密达哪家机构好呀?,0,该用户是在询问主播推荐的靠谱医美机构或整形医院。
weixue0806,美容护肤,水光针可以吗,0,该用户可能在询问主播推荐的水光针产品是否适合自己使用，表现出对医美护肤产品的具体需求和购买兴趣。
weixue0806,美容护肤,"亲,身上带的是什么",0,该用户想询问主播身上佩戴的饰品或产品的品牌及购买信息。
weixue0806,美容护肤,去哪家做,0,"该用户是在询问主播推荐的医美机构或医院名称。  （结合前文高频出现的医美相关问题如""泪沟修复""""水光针""""韩国医院""等，可推断用户关注医美项目并寻求具体机构推荐，""做""字隐含医疗/美容行为意向）"
weixue0806,美容护肤,胶原可以打吗,0,"该用户是在询问直播间推荐的产品或医美项目是否包含胶原蛋白相关服务（如注射填充等）。  （结合前文高频出现的医美咨询语境和""打""的动词用法，可推断用户关注的是胶原蛋白的医疗美容应用，而非普通护肤品。）"
weixue0806,美容护肤,2个油区别????,1,该用户是想询问直播间推荐的两种油类产品在功效或使用体验上的具体差异。
weixue0806,美容护肤,主播在韩国哪家做的医美,0,该用户想询问主播推荐的韩国医美机构，表达了对主播的医美效果感兴趣并希望获得具体医院信息。
weixue0806,美容护肤,那斑呢,0,该用户可能是在询问主播关于祛斑产品或医美项目的推荐或效果。
weixue0806,美容护肤,啵啵是啥,0,该用户可能是对主播提到的某个产品或术语（如“啵啵”）感到陌生，想询问其具体含义或功能。
weixue0806,美容护肤,水光呢?,0,该用户是在询问主播关于水光针产品的具体信息或使用效果。
weixue0806,美容护肤,肤质好打什么产品,0,该用户想询问适合改善肤质的护肤产品或医美项目推荐。
weixue0806,美容护肤,油涂完怎么护肤,0,该用户想询问使用完护肤油后的后续护肤步骤或搭配产品建议。
weixue0806,美容护肤,减肥有什么好的方法吗????,0,该用户可能是在询问直播间是否有推荐与减肥相关的产品或服务，表现出对减肥话题的兴趣和潜在购买意向。
weixue0806,美容护肤,4号面膜,1,该用户可能在询问4号面膜的相关信息，比如功效、价格或使用体验，表现出对这款产品的潜在购买兴趣。
weixue0806,美容护肤,油咋用?,1,该用户想询问主播推荐的护肤油的使用方法或步骤。
weixue0806,美容护肤,波波是什么,0,该用户是在询问主播提到的“波波”具体指代什么产品或项目，可能是某种医美项目、护肤品或服务的简称。
weixue0806,美容护肤,睡衣能上吗?,1,该用户想询问主播是否会展示或推荐睡衣产品。
weixue0806,美容护肤,毛孔大做啥,0,该用户想询问针对毛孔粗大问题应该选择哪种医美项目或护肤产品。
weixue0806,美容护肤,睡衣拍一下哈哈,0,该用户想表达的含义是：希望主播展示一下睡衣的款式或细节。
weixue0806,美容护肤,眼膜有推荐吗,1,该用户想询问主播是否有值得推荐的眼膜产品。
weixue0806,美容护肤,鼻子做什么,0,该用户可能在询问主播关于鼻子整形或美容项目的推荐或建议。
weixue0806,美容护肤,有没有弄身上的,0,该用户可能在询问直播中提到的产品或项目是否适用于身体部位（如身体护理、医美项目等）。
weixue0806,美容护肤,肉毒能打吗,0,该用户是在询问直播间推荐的美容项目中是否包含注射肉毒素的相关服务或产品。
weixue0806,美容护肤,眼袋怎么办,0,该用户想询问改善眼袋问题的产品或医美方案。
weixue0806,美容护肤,钛提升针对什么问题啊,0,该用户想询问这款产品（钛提升）具体针对哪些皮肤或美容问题。
weixue0806,美容护肤,肉毒呢,0,该用户想询问主播关于肉毒素产品的相关信息或使用建议。
weixue0806,美容护肤,轮廓提升用的什么药?,0,该用户是在询问主播用于改善面部轮廓的医美项目或产品推荐。
weixue0806,美容护肤,有没有懒人减肥方法[流泪],0,该用户想表达的含义是：希望推荐简单易行的减肥方案。
weixue0806,美容护肤,去的话推荐下院长,0,该用户可能在询问直播间是否推荐某位专家或医生（如“院长”）来解答或操作相关医美项目。
weixue0806,美容护肤,填充打什么,0,该用户想询问的是“脸部填充应该选择哪种产品或项目”。
weixue0806,美容护肤,脸凹陷怎么办,0,该用户可能在询问针对面部凹陷问题的医美或护肤解决方案。
weixue0806,美容护肤,祛斑的做什么好?,0,该用户想表达的含义是：询问针对祛斑问题有哪些有效的产品或治疗方法推荐。
weixue0806,美容护肤,鼻子好好看,0,该用户可能是在询问主播关于鼻子整形或美容项目的推荐，暗示对改善鼻部外观有兴趣。
weixue0806,美容护肤,脸垮了做什么好,0,该用户想询问针对面部皮肤松弛问题的有效改善方案或推荐产品。
weixue0806,美容护肤,有推荐的水吗,1,该用户可能在询问直播间是否有推荐的护肤或医美用水类产品（如爽肤水、精华水等）。
weixue0806,美容护肤,好想变美[流泪],0,该用户表达了对改善外貌的强烈渴望，并因暂时无法实现而感到焦虑。
weixue0806,美容护肤,额头怎么弄呢,0,该用户可能是在询问改善额头问题的医美或护肤方案。
weixue0806,美容护肤,少女枪,0,该用户可能在询问针对年轻女性面部轮廓塑形或抗衰老的医美项目。
weixue0806,美容护肤,下颌缘做什么项目,0,该用户想询问针对下颌轮廓改善的医美项目推荐。
weixue0806,美容护肤,水光针打吗,0,该用户是在询问直播中提到的水光针是否适合注射或是否有相关推荐项目。
weixue0806,美容护肤,颈纹颈纹[比心][比心][比心][比心][比心],0,该用户想表达的含义是：对颈部抗衰老项目感兴趣并希望获得推荐。  （结合前文弹幕多为咨询具体医美项目及变美需求，且使用高频[比心]表情，可推断其以关键词重复+热情互动的方式主动寻求解决方案。）
weixue0806,美容护肤,衣服在哪买的?,1,该用户想表达的含义是：询问主播身上穿的衣服的购买渠道。
weixue0806,美容护肤,"雪儿,没有水光霜了吗",1,该用户是在询问主播某款名为“水光霜”的美容产品是否已经售罄或无法购买。
weixue0806,美容护肤,讲讲眼霜,1,该用户想表达的含义是：希望主播详细介绍眼霜产品的功效或使用方法。
weixue0806,美容护肤,肽提升是什么,0,该用户是在询问直播中提到的“肽提升”具体是指哪种美容项目或产品功效。
weixue0806,美容护肤,用完油用什么精华呀,1,该用户想询问在护肤步骤中，使用完护肤油后应该搭配哪种精华产品以达到更好的效果。
weixue0806,美容护肤,下颌线打什么,0,该用户是在询问针对下颌线部位应该选择哪种医美项目或产品。
weixue0806,美容护肤,18号介绍一下,1,该用户想询问主播关于18号产品（可能是美容项目或商品）的详细信息。
weixue0806,美容护肤,钛提升疼么,0,该用户想询问“肽提升”美容项目是否会带来明显的疼痛感。
weixue0806,美容护肤,洗面奶能不能介绍下,1,该用户想表达的含义是：希望主播详细讲解这款洗面奶的产品功效或使用体验。  （结合前文弹幕多为护肤美容相关的具体产品咨询，且语境聚焦在成分、效果和项目推荐上，可推断用户是在主动寻求产品信息，潜在购买意图较强。）
weixue0806,美容护肤,"苹果肌提升,用什么方法呢",0,该用户是在询问改善苹果肌下垂的医美或护肤方法，表现出对提升面部轮廓的明确需求。
weixue0806,美容护肤,BE怎么用,1,该用户想询问直播间推荐的美容产品或项目“BE”的具体使用方法。
weixue0806,美容护肤,眼睛有小颗粒怎么办?,0,该用户可能在咨询改善眼部肌肤问题的美容产品或护理方法，表达了对解决细小颗粒（如脂肪粒或毛孔问题）的具体需求。
weixue0806,美容护肤,波波填充会怎样[看],0,该用户可能是在询问关于“波波填充”美容项目的效果或适用情况。
weixue0806,美容护肤,卸妆膏卸妆膏卸妆膏卸妆膏卸妆膏,0,该用户迫切希望主播详细介绍或推荐卸妆膏产品。
weixue0806,美容护肤,"美女姐姐,可以讲一下次抛吗[玫瑰][玫瑰][玫瑰][玫瑰][玫瑰][玫瑰][玫瑰]",1,该用户想表达的含义是：对主播介绍的次抛产品产生兴趣，希望详细了解其功效和使用方法。
weixue0806,美容护肤,眉弓打什么,0,该用户是在询问眉弓部位适合进行哪种医美项目或美容护理。
weixue0806,美容护肤,shuiggusng,0,该用户可能是误触键盘或输入错误，想询问关于“水光针”或“颈纹”相关的医美项目信息。
weixue0806,美容护肤,姐姐植发了解吗,0,该用户想询问主播是否了解植发相关项目，可能是对改善发际线或脱发问题感兴趣。
weixue0806,美容护肤,瘦脸打吗,0,该用户想询问主播关于瘦脸针的注射项目或相关产品推荐。
weixue0806,美容护肤,恩达是什么,0,"该用户可能是想询问直播中提到的某个产品或成分（如""恩达""）的具体信息或功效。"
weixue0806,美容护肤,12有效果吗,1,该用户是在询问产品编号为“12”的美容产品或项目是否具有其所宣传的护肤或塑形效果。
weixue0806,美容护肤,姐姐你吃宵夜吗,0,该用户可能是想通过轻松闲聊的方式拉近与主播的距离，同时试探主播是否在直播间隙休息或能回应非产品类互动。
weixue0806,美容护肤,波波不是一年就吸收完了吗,0,该用户是在询问玻尿酸填充效果的维持时间是否只有一年。
weixue0806,美容护肤,雪在吃什么,0,该用户可能是想询问主播正在使用的产品或食品，以判断是否适合自己或产生购买兴趣。
weixue0806,美容护肤,韩国有推荐的店吗,0,该用户可能是在询问韩国地区是否有值得推荐的美容或医美机构，以获取相关服务或产品的购买建议。
weixue0806,美容护肤,真漂亮啊,0,该用户可能是在赞美主播的外貌或展示的产品效果，表达出对直播内容的欣赏和潜在兴趣。
weixue0806,美容护肤,"哇哦,睡衣推荐",1,该用户被主播推荐的睡衣吸引，表现出对产品的兴趣和进一步了解的意愿。
weixue0806,美容护肤,饿了就吃菜椒?,0,该用户可能在调侃主播或直播内容与美食无关，暗示当前讨论的美容话题让人感到无聊或饥饿。
weixue0806,美容护肤,"仙女,口红分享一下嘛,太美啦[爱心][比心]",1,该用户被主播的口红效果吸引，希望对方能详细介绍产品信息并表达出强烈的喜爱和购买意向。
weixue0806,美容护肤,口红很好,1,该用户想表达的含义是：这款口红看起来很不错，我有购买意向。
weixue0806,美容护肤,涂完油涂什么,1,该用户想询问使用完护肤油后的下一步护肤步骤或产品推荐。
weixue0806,美容护肤,减肥有推荐吗[比心],0,该用户想表达的含义是：想了解直播间推荐哪些适合减肥的产品或方法。
weixue0806,美容护肤,国内的超某刀可以做吗?,0,该用户可能在询问国内是否有类似国外某款医美项目的服务或效果。
weixue0806,美容护肤,那打啥,0,该用户可能在询问主播针对某个美容项目（如瘦脸、植发等）推荐使用哪种产品或治疗方式。
weixue0806,美容护肤,彩椒什么味道,0,该用户可能是对彩椒的口味感到好奇，想了解其具体风味特点以便决定是否购买。
weixue0806,美容护肤,头发护理用的麦娜吗?,1,该用户可能在询问直播中提到的头发护理产品是否含有麦娜成分或其效果如何。
weixue0806,美容护肤,姐姐美白针建议吗?,1,该用户想询问主播是否推荐使用美白针来改善肤色。
weixue0806,美容护肤,"项链好看,绳子扎皮肤吗",1,该用户是在询问项链的佩戴舒适度，同时表达了对款式的喜爱，隐含潜在的购买意向。
weixue0806,美容护肤,青黑复合型黑眼圈怎么弄呀,0,该用户可能是在询问针对青黑色复合型黑眼圈的护肤产品或改善方法，表现出对直播间推荐的相关美容解决方案的兴趣。
weixue0806,美容护肤,为什么好吃那个,0,该用户想询问主播正在吃的食物为什么味道好，可能是想了解具体原因或获取推荐。
weixue0806,美容护肤,嘴唇能做漂亮吗,0,该用户可能是在询问通过某种美容产品或方法能否让嘴唇变得更美观。
weixue0806,美容护肤,轮廓一般打的什么[捂脸],0,该用户是在询问直播中提到的美容项目（如轮廓针）通常搭配哪些其他护理项目或产品。
weixue0806,美容护肤,为什么吃辣椒呀,0,该用户可能是对主播正在吃的辣椒感到好奇，想询问选择辣椒的原因或背后的健康/口味考量。
weixue0806,美容护肤,你吃的是彩椒吗,0,该用户可能是好奇主播正在食用的彩椒的口味或食用体验，并隐含对健康饮食或减肥话题的兴趣。
weixue0806,美容护肤,凹陷只能打波波,0,该用户可能在询问面部凹陷部位适合注射玻尿酸进行填充。
weixue0806,美容护肤,黄金微针可以吗?,0,该用户是在询问黄金微针美容项目的效果和适用性，表现出对医美项目的具体需求和购买意向。
weixue0806,美容护肤,去颈纹怎么弄,0,该用户是在询问消除颈部皱纹的美容方法或产品推荐。
weixue0806,美容护肤,外套衬衣分享一下,1,该用户想表达的含义是：希望主播推荐或介绍身上穿的外套和衬衣的款式或购买链接。
weixue0806,美容护肤,"毛利大,有哪个",0,该用户可能在询问直播间推荐的某款毛利较高的产品具体是哪一个。
weixue0806,美容护肤,什么叫玻玻会蛮化宝贝,0,"该用户可能在询问“玻尿酸填充后会不会导致面部表情变得僵硬不自然”。 （结合前文弹幕中频繁出现的医美话题如""凹陷只能打波波""、""轮廓一般打的什么""等，可推断""玻玻""是玻尿酸简称，""蛮化""为""僵化""的谐音误写，""宝贝""是直播观众对主播或产品的惯用称呼）"
weixue0806,美容护肤,热玛吉做吗,0,该用户是在询问直播间是否提供热玛吉美容项目的服务或相关建议。
weixue0806,美容护肤,be拍了怎么用,1,该用户是在询问某个美容项目（可能是“玻尿酸”或类似产品）的使用方法或操作步骤。
weixue0806,美容护肤,24岁瘦脸针可以打吗,1,该用户是在询问自己这个年龄段是否适合注射瘦脸针，表现出对医美项目的具体需求和潜在购买意向。
weixue0806,美容护肤,光子呢,0,该用户可能在询问直播中提到的美容产品或项目（如“光子嫩肤”）的相关信息。
weixue0806,美容护肤,有推荐吗?,1,该用户可能是对直播中讨论的美容或医美项目感兴趣，想询问主播是否有适合自己情况的推荐项目。
weixue0806,美容护肤,热玛吉可以吗,0,该用户是在询问主播关于热玛吉美容项目的效果或适用性，表现出对医美项目的潜在购买兴趣。
weixue0806,美容护肤,不整估计更好看一点吧,0,该用户可能是在委婉地建议主播调整妆容或造型，认为素颜或更自然的风格会显得更好看。
weixue0806,美容护肤,那个油和精华好用,1,该用户想表达的含义是：询问主播提到的护肤油和精华液的使用效果如何，并暗示自己有兴趣购买。
weixue0806,美容护肤,超声刀太疼了我昨天才做了而且还是做的欧版的美版的你是做的睡眠吗[捂脸],0,该用户是在与其他观众交流医美项目的体验差异，主要想表达自己对不同版本超声刀疼痛感的亲身感受，并询问对方采用的麻醉方式。
weixue0806,美容护肤,防晒就买2号?,1,该用户可能在询问直播间推荐的防晒产品中是否应该选择2号款。
weixue0806,美容护肤,在中国不能做吗,0,该用户可能是在询问直播中提到的某项美容项目或产品是否可以在国内进行或购买。
weixue0806,美容护肤,眼霜有推荐的吗,1,该用户是在询问直播间是否有值得推荐的眼霜产品，表现出对护肤品的具体需求和购买意向。
weixue0806,美容护肤,吃的是彩椒吗?,0,该用户可能是在询问直播中展示或提到的食物是否为彩椒，表现出对产品具体细节的关注和兴趣。
weixue0806,美容护肤,回头霜是自然色吗,1,该用户是在询问直播中提到的“回头霜”产品是否有自然肤色效果，可能对产品的颜色是否贴合肤色或妆效是否自然存在购买顾虑。
weixue0806,美容护肤,面霜推荐一下,1,该用户希望主播能针对面霜产品给出具体的购买建议或推荐。
weixue0806,美容护肤,祛斑推荐,1,该用户是在询问直播间是否有针对祛斑问题的产品推荐或解决方案。
weixue0806,美容护肤,你为什么天天吃辣椒,0,该用户可能是在询问主播频繁食用辣椒的原因，同时隐含对辣椒相关产品或饮食习惯的好奇。
weixue0806,美容护肤,眼部有细纹用哪个[比心][比心][比心][比心][比心][比心][比心][比心][比心][比心][比心][比心][比心][比心][比心],1,该用户想表达的含义是：询问直播间推荐适合改善眼部细纹的产品，并表现出强烈的兴趣和期待。
weixue0806,美容护肤,幼态脸,0,该用户可能在询问主播推荐的医美项目或护肤产品能否帮助打造显年轻的“幼态脸”效果。
weixue0806,美容护肤,水光面膜啥时候有,1,该用户是在询问水光面膜的上架时间，表现出明确的购买意向和产品需求。
weixue0806,美容护肤,有没有推荐的韩国机构,0,该用户可能在询问是否有值得信赖的韩国医美机构或护肤品牌推荐。
weixue0806,美容护肤,自体脂肪填充能做吗,0,该用户可能在咨询直播间推荐的医美项目是否包含自体脂肪填充手术，并对其可行性或效果感兴趣。
weixue0806,美容护肤,眼袋重用哪个,1,"该用户想询问针对眼袋问题推荐使用的护肤产品或医美项目。  （分析依据：前文弹幕多为护肤、医美相关咨询，如""眼霜推荐""""祛斑推荐""等，且句式结构相似，用户提问动机明确指向解决具体美容问题。）"
weixue0806,美容护肤,提亮液,0,该用户可能在询问主播是否有推荐的提亮液产品，或是想了解当前展示的提亮液的具体功效和使用体验。
weixue0806,美容护肤,补水面膜推荐哪个,1,该用户想表达的含义是：希望主播能针对自己的护肤需求推荐一款效果好的补水面膜产品。
weixue0806,美容护肤,刚才说做什么三个,0,该用户可能在询问主播之前提到的某个需要分三步操作的护肤步骤或产品使用方法。
weixue0806,美容护肤,那打什么,0,该用户可能在询问主播之前提到的某个美容项目或产品具体名称或操作方式。
weixue0806,美容护肤,外套衬衣,1,该用户可能在询问主播关于外套和衬衣的款式推荐或购买链接。
weixue0806,美容护肤,"美女姐姐,可以讲一下次抛吗[玫瑰][玫瑰][玫瑰][玫瑰][玫瑰][玫瑰][玫瑰][玫瑰]",1,该用户想表达的含义是：对主播推荐的“次抛”产品感兴趣，希望对方详细介绍其功效或使用方法。  （结合前文弹幕多为护肤美妆类产品咨询，且用户用玫瑰表情强化友好态度，可推断其核心动机是主动询问产品信息，潜在购买意图明显。）
weixue0806,美容护肤,有白头发了你,0,该用户可能在委婉询问主播是否有针对白发问题的产品或护理建议。
weixue0806,美容护肤,凹陷只能打波波吗,0,该用户可能在询问针对面部凹陷问题是否只能选择玻尿酸填充这一种解决方案。
weixue0806,美容护肤,黄金微针可以打吗,1,该用户可能是在询问直播间推荐的美容项目“黄金微针”是否适合自己尝试或是否有相关服务提供。
weixue0806,美容护肤,黄金微针呢,1,该用户是在询问直播间是否提供或推荐黄金微针美容项目，并希望了解相关细节或购买方式。
weixue0806,美容护肤,是真人吗?[捂脸],0,该用户可能是对主播的真实身份感到好奇或调侃，想确认镜头前的是否为真人而非虚拟形象或录播内容。
weixue0806,美容护肤,幼态脸行么,0,该用户可能在询问主播推荐的产品或医美项目是否适合塑造或改善“幼态脸”效果。
weixue0806,美容护肤,颈纹颈纹颈纹[比心][比心][比心][比心][比心][比心][比心][比心][比心][比心][比心][比心][比心][比心],0,"该用户想表达的含义是：迫切询问直播间是否有针对颈部皱纹的产品推荐，并表现出强烈的购买意向和好感。  （解析：用户重复关键词""颈纹""并搭配大量[比心]表情，结合前文弹幕中高频出现的美容问题咨询和产品求推荐模式，可推断其核心诉求是寻求颈部抗皱解决方案，且情绪积极，符合直播间典型购买兴趣表达特征。）"
weixue0806,美容护肤,晚间护肤,0,该用户可能在询问晚间护肤产品的推荐或相关护肤步骤的建议。
weixue0806,美容护肤,彩椒一次买几斤,0,该用户是在询问彩椒的购买份量建议，暗示对产品有实际购买意向并希望得到具体指导。
weixue0806,美容护肤,光子嫩肤,0,该用户可能是想询问关于光子嫩肤项目的具体信息或效果，表达了对这一医美项目的潜在兴趣。
weixue0806,美容护肤,"仙女,口红分享一下嘛,太美啦",1,该用户想表达的含义是：对主播展示的口红色号很感兴趣，希望了解产品详情并考虑购买。
weixue0806,美容护肤,双某博士呢可以吗?,0,该用户是在询问“双某博士”品牌的产品是否适合使用或值得推荐。
weixue0806,美容护肤,线雕呢,0,该用户可能在询问直播间是否提供或讲解关于“线雕”美容项目的相关产品或服务。
weixue0806,美容护肤,韩国推荐哪家机构,0,该用户可能在询问针对韩国医美或护肤项目的推荐机构，表达了对相关服务的购买或咨询意向。
weixue0806,美容护肤,为啥不打水光,0,该用户可能是在询问主播为什么不推荐或讲解“水光针”这一美容项目，暗示对该项目感兴趣或希望了解更多相关信息。
weixue0806,美容护肤,光子嫩肤呢,0,该用户是在询问关于光子嫩肤项目的具体信息或效果，可能对该医美项目产生了兴趣或想进一步了解相关细节。
weixue0806,美容护肤,我现在脸盲话了怎么解决,0,"该用户可能是在咨询如何改善因面部特征模糊或缺乏辨识度（“脸盲”）导致的外观问题，希望主播推荐相应的美容产品或医美解决方案。  （释义逻辑：结合前文高频出现的医美/护肤类提问（如光子嫩肤、颈纹、线雕等），""脸盲""更可能指向面部特征不清晰的实际困扰，而非字面意义的认知障碍，属于用户对自身外貌问题的口语化表达。）"
weixue0806,美容护肤,皮肤黄用哪个护肤,1,该用户想咨询适合暗黄肤色的护肤品推荐。  （结合前文弹幕多为美容护肤和医美相关提问，可推断用户关注皮肤改善问题，且语境偏向产品/方案推荐，因此释义聚焦“具体需求+寻求建议”的核心意图。）
weixue0806,美容护肤,黄褐斑咋办,0,该用户想询问针对黄褐斑问题的解决方案或推荐产品。
weixue0806,美容护肤,毛孔粗大做什么姐姐[流泪][流泪],0,该用户想表达的含义是：咨询改善毛孔粗大问题的护肤方法或医美项目，并带有急切或焦虑的情绪。
weixue0806,美容护肤,肽提升国内有吗?,0,该用户是在询问国内是否有销售或提供“肽提升”相关产品或服务。
weixue0806,美容护肤,姐姐有推荐的项链吗求推荐[比心][比心][比心][比心],1,该用户想表达的含义是：希望主播能根据她的需求推荐一款合适的项链款式。
weixue0806,美容护肤,"雪姐,可以说一下那个面膜怎么用吗?我买了,不知道怎么使用",1,该用户是在确认已购买产品的使用方法，同时隐含对主播推荐的信任和进一步互动的期待。
weixue0806,美容护肤,没有涂口红嘛姐姐,0,该用户可能是在询问主播为何没有展示或推荐口红产品，暗示自己对口红色号或使用效果感兴趣。
weixue0806,美容护肤,不破皮的水光呢?,0,该用户可能在询问主播推荐的水光护肤产品是否具备“不破皮”的特性或技术，表达了对无创美容项目的兴趣和需求。
weixue0806,美容护肤,打除皱可以吧,0,该用户可能在询问直播推荐的医美项目是否适合用于去除皱纹。
weixue0806,美容护肤,肉毒素可以打不?,0,该用户可能在询问主播关于肉毒素注射的可行性或效果，表现出对医美项目的潜在兴趣和需求。
weixue0806,美容护肤,填充用什么好呀,0,该用户可能是在询问美容或医美项目中适合用于面部填充的材料或方法。
weixue0806,美容护肤,"眼睛抗衰做啥,有点泪沟黑,眼角下垂",0,该用户可能在咨询针对眼部衰老问题的医美或护肤解决方案，希望主播推荐改善泪沟、黑眼圈和眼角下垂的具体方法。
weixue0806,美容护肤,水光打了会脸会下垂,0,该用户是在质疑水光针的副作用，担心注射后可能导致皮肤松弛的问题。
weixue0806,美容护肤,怎么祛斑啊啊啊,0,该用户想表达的含义是：询问如何有效改善面部色斑问题。  （结合前文弹幕多为护肤医美相关提问，语境显示用户对皮肤问题的解决方案有明确需求，且情绪急切，属于典型的求购意向类咨询。）
weixue0806,美容护肤,为什么不打水光,0,该用户想询问主播为何不推荐或讲解水光针美容项目。
weixue0806,美容护肤,水蜜桃是个什么平台[捂脸],0,该用户可能是对直播中突然提到的“水蜜桃”平台感到困惑，误以为是与当前美容话题相关的新产品或机构，因此用调侃语气询问其含义。
weixue0806,美容护肤,onda,0,该用户可能在询问某个美容产品或服务的名称或效果（如“onda”可能是某种美容仪器、护肤品牌或项目的简称）。
weixue0806,美容护肤,超声炮可以做么,0,该用户是在询问直播间推荐的美容项目“超声炮”是否适合自己或值得尝试。
weixue0806,美容护肤,补水面膜推推,1,该用户想表达的含义是：希望主播推荐一款补水面膜产品。
weixue0806,美容护肤,之前说的那个童颜那个说说呢,0,该用户想询问主播之前提到的具有“童颜”效果的护肤产品或项目具体是什么。
weixue0806,美容护肤,水光为啥不要打,0,"该用户是在询问""为什么水光针不适合注射""的原因，可能出于对美容项目安全性的担忧或对自身适用性的考量。"
weixue0806,美容护肤,轮廓提升做什么项目呀,0,该用户想咨询直播间推荐的医美项目中哪些适合改善面部轮廓松弛问题。
weixue0806,美容护肤,光子可以做吗,0,该用户可能在询问直播间推荐的美容项目中是否包含光子嫩肤或其他光子类护肤疗程。
weixue0806,美容护肤,光子呢光子,0,该用户可能在询问主播是否推荐或介绍关于“光子嫩肤”等美容项目的相关信息。
weixue0806,美容护肤,India,0,该用户可能在询问某个与美容或医美相关的产品或项目名称（如“India”可能是某品牌、仪器或技术的简称）。
weixue0806,美容护肤,除皱可以吧,0,该用户是在询问直播中提到的除皱项目是否安全有效，表达了对尝试医美除皱的潜在兴趣。
weixue0806,美容护肤,黑眼圈的眼膜,1,该用户想询问针对黑眼圈问题的眼膜产品推荐或相关护理建议。
weixue0806,美容护肤,光子嫩肤有用吗光子嫩肤有用吗,0,该用户想表达的含义是：询问光子嫩肤项目的实际效果是否显著。
weixue0806,美容护肤,光子?,0,该用户是在询问关于“光子嫩肤”项目的效果或适用性。
weixue0806,美容护肤,有没有身体美白秘方,0,该用户是在询问能够改善身体肤色暗沉问题的美容产品或护理方案。
weixue0806,美容护肤,光子嫩肤可以吗,0,该用户是在询问光子嫩肤项目是否适合自己或值得尝试。
weixue0806,美容护肤,脸垮咋办[捂脸],0,该用户是在询问如何改善面部皮肤松弛下垂的问题。
weixue0806,美容护肤,脸凹陷做什么,0,该用户想询问改善面部凹陷问题的医美项目或护肤方法。
weixue0806,美容护肤,填充打胶原蛋白吗?,0,该用户是在询问直播中推荐的产品是否包含胶原蛋白填充类的美容项目。
weixue0806,美容护肤,我打了水光,0,该用户想表达的含义是：自己已经尝试过水光针项目。  （结合前文弹幕中频繁提及医美项目如“水光”“超声炮”“光子嫩肤”等，用户是在分享个人体验，而非提问或质疑。）
weixue0806,美容护肤,有推荐水乳吗,1,该用户是在询问直播间是否有适合的水乳护肤产品推荐。  （结合前文语境，直播间讨论的多是医美、护肤相关内容，用户提问符合整体话题方向，表达了对具体护肤品的购买兴趣。）
weixue0806,美容护肤,Panda,0,该用户可能是想询问或确认与“Panda”相关的产品或项目（如熊猫针等医美项目），或是输入错误本想提问“超声炮”（前文出现类似拼写错误“onda”）。
weixue0806,美容护肤,没用啊水光越打越干,0,该用户想表达的含义是：自己尝试过水光针但效果不佳，反而导致皮肤更加干燥。
weixue0806,美容护肤,"崩溃了,问这么多变没回答[捂脸][捂脸]",0,该用户因多次提问未得到主播回应而感到 frustration，认为自己的问题被忽视或淹没在弹幕洪流中。
weixue0806,美容护肤,"美女姐姐,可以讲一下次抛吗[爱心][爱心][爱心][爱心][爱心][爱心][爱心]",1,该用户想表达的含义是：对主播推荐的“次抛”产品感兴趣，希望对方详细介绍其功效或使用方法。  （结合前文弹幕多为询问医美护肤相关问题，且语气热情，可推断用户主动关注产品细节，购买意向较强。）
weixue0806,美容护肤,价格呢,1,该用户想询问当前讨论的美容项目或产品的具体价格信息。
weixue0806,美容护肤,Ones,0,该用户可能在询问某款产品或项目的名称，例如“Ones次抛精华”或类似的美容产品。
weixue0806,美容护肤,怎么祛斑啊姐,0,该用户是在询问主播关于祛斑产品或美容方法的推荐，表现出对解决皮肤问题的具体需求和购买意向。
weixue0806,美容护肤,One,0,该用户可能是想追问之前提到的“Ones”产品或概念的具体信息。
weixue0806,美容护肤,超皮秒呢,0,该用户可能在询问直播间是否介绍或推荐超皮秒美容项目，表现出对这项医美技术的兴趣或需求。
weixue0806,美容护肤,可以分享一下去妊娠纹的方法吗,0,该用户可能是在询问直播间推荐的美容产品或护理方案能否用于改善妊娠纹问题。
weixue0806,美容护肤,"眼袋怎么弄呢,动刀好吗",0,该用户是在咨询去除眼袋的美容方法，并询问手术是否是最佳解决方案。
weixue0806,美容护肤,这哈喽kitty的睡衣和小貔貅好配哈,0,"该用户是在表达对直播中展示的哈喽Kitty睡衣和貔貅饰品的搭配效果感到喜爱，暗示有潜在购买意向。  （释义逻辑：当前弹幕突然转向具体商品搭配评价，与之前集中于美容咨询的弹幕形成明显反差，说明用户被这两件商品的组合展示吸引，用""好配""的感叹传递审美认可，属于典型的兴趣型消费信号。）"
weixue0806,美容护肤,晚间护肤怎么做,0,该用户想询问适合夜间使用的护肤步骤或产品推荐。
weixue0806,美容护肤,光子光子可以打么,0,该用户可能在询问光子嫩肤项目是否适合自己或能否解决其肌肤问题。
weixue0806,美容护肤,光子嫩肤呢?,0,该用户是在询问主播关于光子嫩肤项目的效果或操作建议，表现出对医美护肤的明确兴趣和潜在购买意向。
weixue0806,美容护肤,超声刀和超声炮一样吗,0,该用户想表达的含义是：想了解超声刀和超声炮这两种美容仪器的区别和效果对比。
weixue0806,美容护肤,黑眼圈怎么办姐姐,0,该用户想咨询改善黑眼圈的方法或产品推荐。
weixue0806,美容护肤,身上是睡衣还是小休闲,0,该用户可能是对主播或画面中人物穿着的服装风格感到好奇，想确认是居家睡衣还是休闲外出的款式。
weixue0806,美容护肤,"姐姐,沐浴露味道有推荐吗",1,该用户是在询问主播关于沐浴露香型的选购建议，表现出对产品的具体需求和购买意向。
weixue0806,美容护肤,泪沟怎么办,0,该用户想表达的含义是：询问主播是否有改善泪沟问题的产品或方法。
weixue0806,美容护肤,onde,0,该用户可能是想询问某款产品或护肤项目的名称，但因打字错误或输入不完整而发送了“onde”，实际想表达的可能是类似“One”（某产品简称）或“超皮秒”等关键词的变体。
weixue0806,美容护肤,Onda,0,该用户可能在尝试询问或提及品牌/产品名称“Onda”，但拼写有误或输入不完整。
weixue0806,美容护肤,广西刁民,0,该用户可能是以调侃或玩笑的语气表达对主播或产品产地（广西）的某种戏谑态度，并非真实的购买意向表达。
weixue0806,美容护肤,淡斑推荐一下,1,该用户希望主播推荐能够淡化色斑的产品或护肤方法。
weixue0806,美容护肤,蛋白膜用完还用洗脸吗,0,该用户想询问使用蛋白膜后是否需要进行额外的清洁步骤。
weixue0806,美容护肤,"雪,好久没进直播间,看到了咱们的同款貔貅吊坠!爱了爱了[比心][比心]",0,该用户表达的是对主播同款貔貅吊坠的强烈喜爱，并暗示因情感联结而产生购买意向。
weixue0806,美容护肤,除皱可以打吗,1,该用户是在询问直播中推荐的产品或项目是否适用于除皱需求。
weixue0806,美容护肤,毛孔粗大做什么姐姐[流泪][流泪][流泪],0,该用户想表达的含义是：询问主播针对毛孔粗大问题有什么护肤建议或解决方案。
weixue0806,美容护肤,瘢痕增生需要打针去除还是等恢复啊[比心][比心][比心][比心],0,该用户是在咨询关于瘢痕增生的治疗方案，表现出对医美或医疗手段的潜在需求，同时通过表情符号传递友好互动意愿。
weixue0806,美容护肤,分享眼影呗分享眼影呗分享眼影呗,1,该用户想表达的含义是：希望主播详细介绍或展示眼影产品。
weixue0806,美容护肤,"女人真的要一直有爱美之心,我妈都快七十了还在医美",0,"该用户想表达的含义是：无论年龄大小，女性都应该保持追求美的积极心态，并以自己母亲为例佐证医美的普适性。  （解析：结合前文医美护肤相关讨论，该弹幕通过母亲案例强调""爱美""的长期合理性，既呼应直播主题又隐含对产品/项目的潜在兴趣。）"
weixue0806,美容护肤,18号18号18号18号,1,该用户可能在催促主播尽快介绍或上架18号链接的商品。
weixue0806,美容护肤,太美了好美啊[比心][比心][比心][比心],0,该用户想表达的含义是：对直播中展示的产品或主播的造型表示强烈的喜爱和赞美。
weixue0806,美容护肤,瘦脸针呢,1,该用户可能在询问直播间是否提供或推荐瘦脸针相关的医美产品或服务。
weixue0806,美容护肤,光子嫩肤和调Q呢,0,该用户是在询问直播间是否有介绍或推荐光子嫩肤和调Q激光这两种医美项目的相关内容。
weixue0806,美容护肤,瘢痕增生需要打针去除还是等恢复啊,0,该用户是在咨询关于瘢痕增生的治疗方案选择，想了解应该采取医疗注射手段还是等待自然恢复更合适，表现出对美容或医疗服务的潜在需求意向。
weixue0806,美容护肤,立朱兰呢可以打吗,0,该用户可能在询问“立朱兰（可能是某种医美产品或项目）是否适合用于注射治疗”。  （结合前文弹幕中高频出现的医美相关提问，如“除皱可以打吗”“瘦脸针呢”等，推测用户将“立朱兰”误写或模糊发音为“立朱兰呢”，实际想咨询某注射类项目的可行性。）
weixue0806,美容护肤,美容灯是智商税吗,0,该用户可能是在质疑美容灯的实际功效，想了解它是否真的有效还是只是营销噱头。
weixue0806,美容护肤,毛孔做什么,0,该用户想询问针对毛孔问题的美容项目或产品推荐。
weixue0806,美容护肤,瘦脸下颌缘可以吗瘦脸下颌缘可以吗瘦脸下颌缘可以吗瘦脸下颌缘可以吗,0,该用户急切地询问产品是否适用于瘦脸和改善下颌轮廓问题。
weixue0806,美容护肤,光子嫩肤能不能打,0,该用户是在咨询光子嫩肤项目的适用性和效果，表现出对医美项目的潜在购买兴趣。
weixue0806,美容护肤,"项链好漂亮,哪儿买的",1,该用户想表达的含义是：对展示的项链产生强烈兴趣并询问购买渠道。  （结合前文弹幕多为关于美容产品的咨询和夸赞，可推断用户被饰品吸引且购物意图明确，属于直接购买意向的表达。）
weixue0806,美容护肤,川字纹咋解决[比心][比心][比心],0,该用户想咨询如何改善或消除川字纹的问题，并表现出对相关解决方案的兴趣和期待。
weixue0806,美容护肤,嘴唇不是只能打玻尿酸吗,0,该用户可能是在质疑或询问除玻尿酸外是否还有其他针对嘴唇的医美项目或替代方案。
weixue0806,美容护肤,"想问你一下,皮肤漫画了怎么办",0,该用户想咨询皮肤出现类似漫画效果的纹路或干燥裂纹时该如何处理。
weixue0806,美容护肤,刁民狼性,0,该用户可能在用调侃或反讽的方式表达对直播间推销话术或过度营销氛围的不满。
weixue0806,美容护肤,肉毒可以打吗,0,该用户是在询问直播间推荐的美容项目中是否包含肉毒杆菌注射的相关服务。
weixue0806,美容护肤,"有祛斑的吗?有祛斑的吗,有祛斑的吗?有祛斑的吗?",1,该用户急切地询问直播间是否提供祛斑相关的产品或服务解决方案。
weixue0806,美容护肤,姐姐美白针建议打吗?,1,该用户是在咨询主播关于注射美白针的可行性建议，表现出对医美项目的潜在购买意向。
weixue0806,美容护肤,自己手动打行吗,0,该用户可能是在询问某项美容项目（如注射类项目）是否可以自行手动操作而非通过专业医疗手段完成。
weixue0806,美容护肤,极光怎么用,1,该用户可能是想询问关于“极光美容仪”或类似产品的使用方法，表达了对该产品的兴趣或购买前的疑虑。
weixue0806,美容护肤,全身变白怎么弄啊,0,该用户想咨询如何通过医美或护肤手段实现全身美白的效果。  （解析：结合前文弹幕高频出现的医美项目（光子嫩肤、美白针、祛斑等）和护肤问题，用户提问动机聚焦于“变白”这一具体需求，且语境中隐含对专业美容方案的期待，而非日常护肤方法。）
weixue0806,美容护肤,胶原灌注可以打吗,0,该用户是在询问直播间推荐的美容项目中，“胶原灌注”这项技术是否适合自己尝试或是否值得推荐。
weixue0806,美容护肤,"毛孔会粗,会起皮",0,该用户可能在咨询护肤品或医美项目对改善毛孔粗大和皮肤起皮问题的效果。
weixue0806,美容护肤,"第一次打,打什么好",0,该用户可能是初次接触医美项目，在询问针对自身情况适合选择哪种治疗项目。
weixue0806,美容护肤,瘢痕增生需要打针去除还是等恢复啊[比心][比心][比心],0,该用户想咨询瘢痕增生的治疗方案，在打针干预和自然恢复之间犹豫，并希望主播给出专业建议。
weixue0806,美容护肤,受损了怎么办,0,该用户可能是在询问产品使用过程中出现损伤情况时的处理方法，隐含对产品安全性的顾虑或售后服务的需求。
weixue0806,美容护肤,怎么祛斑呀,0,该用户想表达的含义是：询问直播间是否有针对祛斑问题的产品或解决方案。  （结合前文弹幕高频出现的医美、护肤类提问，尤其是重复出现的“有祛斑的吗”，可推断用户是在直播间的医美/护肤主题下，主动寻求祛斑相关的专业建议或产品推荐。）
weixue0806,美容护肤,怎么修复屏障,0,该用户可能是想询问如何修复皮肤屏障受损的问题。
weixue0806,美容护肤,农村村姑[捂脸],0,该用户可能在调侃或自嘲自己的外貌或身份，与直播间讨论的医美话题形成反差，表达一种幽默或无奈的情绪。
weixue0806,美容护肤,放屁呢,0,该用户可能是在质疑主播关于美容产品或方法的可信度，认为其说法不真实或夸大其词。
weixue0806,美容护肤,祛痘祛痘,0,该用户是在询问关于祛痘产品或治疗方法的相关信息。
weixue0806,美容护肤,仪器水光可以吗,0,该用户是在询问直播中提到的“仪器水光”美容项目是否适合自己或是否有效。
weixue0806,美容护肤,胶原蛋白那个讲解一下,1,该用户想表达的含义是：希望主播详细介绍关于胶原蛋白产品的功效或使用方法。
weixue0806,美容护肤,眼油那款,1,该用户可能在询问直播间推荐的某款眼部护理精油产品的详细信息或使用效果。
weixue0806,美容护肤,完蛋我经常打,0,该用户想表达的含义是：我对这款产品产生了强烈的购买冲动，已经控制不住想下单了。
weixue0806,美容护肤,眼膜眼膜眼膜,1,该用户急切想了解或购买直播间正在推荐的眼膜产品。
weixue0806,美容护肤,如果只推荐一款精华油推介用哪个?,1,"该用户想表达的含义是：在众多护肤产品中希望主播优先推荐一款最值得购买的精华油。  （解析：结合前文弹幕中频繁出现的护肤问题（祛斑、美白、修复等）和具体产品询问（眼油、胶原蛋白等），可推断用户处于信息过载状态，试图通过简化提问快速获取核心推荐，且隐含对主播专业选品的信任。""只推荐一款""的限定凸显其决策需求，属于明确的购买意向型提问。）"
weixue0806,美容护肤,面膜真的很好[比心]没有拖[比心]没有想到真的有个艺人会说真话!太难得,1,该用户通过夸赞面膜效果和艺人真诚推荐，表达了对产品的强烈认可和潜在购买意愿。
weixue0806,美容护肤,黑眼圈怎么办姐姐光子嫩肤可以吗,0,该用户想表达的含义是：询问主播针对黑眼圈问题是否推荐光子嫩肤项目。
weixue0806,美容护肤,微针呢,0,该用户可能在询问直播中提到的“微针”产品的具体信息或使用效果。
weixue0806,美容护肤,衬衫在哪里买的,1,该用户想表达的含义是：询问直播中提到的衬衫的购买渠道。
weixue0806,美容护肤,"的对,我就是屏障受损了",0,该用户是在认同主播关于皮肤屏障问题的讨论，并暗示自己也有类似的护肤困扰，希望获得相关解决方案。
weixue0806,美容护肤,以后会开整形医院嘛,0,该用户是在询问主播未来是否会拓展医美整形领域的业务，表现出对相关服务的潜在兴趣和关注。
weixue0806,美容护肤,"雪,韩束这个怎样可以快速美白",0,该用户想询问韩束产品是否能有效快速美白，并希望得到相关使用建议。
weixue0806,美容护肤,脸太干咋办,0,该用户想表达的含义是：询问如何解决面部干燥问题，可能对直播间推荐的补水产品或护肤方法感兴趣。
weixue0806,美容护肤,光子嫩肤嘞,0,该用户可能是在询问主播关于光子嫩肤项目的效果或适用性，表现出对美容护肤的潜在兴趣。
weixue0806,美容护肤,"项链好漂亮,哪儿买的,小姐姐",1,该用户被直播展示的项链吸引，想询问购买渠道并夸赞主播的品味。
weixue0806,美容护肤,"油用完后,用啥护肤品?",1,该用户想询问当前使用的护肤油产品空瓶后，应该选择哪款替代护肤品来延续护理效果。
weixue0806,美容护肤,"瘦脸针要配合什么打,想打个瘦脸针",1,该用户是在咨询瘦脸针的搭配治疗方案，表现出对医美项目的具体需求和购买意向。
weixue0806,美容护肤,怎么祛斑[流泪][流泪],0,该用户迫切希望了解祛斑产品的相关信息，并表达了对皮肤问题的焦虑情绪。
weixue0806,美容护肤,无创水光呢,1,该用户是在询问关于“无创水光”项目的具体信息或效果。
weixue0806,美容护肤,祛斑呢[比心][比心][比心][比心],0,"该用户想表达的含义是：询问产品是否有祛斑功效并表现出浓厚兴趣。  （结合前文弹幕中频繁出现的美容护肤类提问，尤其是""怎么祛斑[流泪]""的同类诉求，以及大量使用[比心]表情的弹幕多与积极互动相关，可推断用户以简洁提问搭配表情符号，既延续了直播间讨论护肤功效的语境，又通过重复表情强调对祛斑产品的关注和期待。）"
weixue0806,美容护肤,"我打水光,脸上很多很小的痘痘,感觉是针孔,所以建议大家一定别打!!!!",0,"该用户是在以自己的负面经历为例，提醒其他人谨慎考虑""打水光针""这类医美项目。"
weixue0806,美容护肤,姐姐耳环什么牌子,1,该用户对主播佩戴的耳环品牌产生了兴趣，有意向了解或购买同款。
weixue0806,美容护肤,互相喜欢的一个男生但是他很穷要和他在一起吗,0,该用户可能在观看直播时联想到情感问题，借弹幕向主播或观众寻求关于经济条件与恋爱关系的建议。
weixue0806,美容护肤,眼部有细纹用哪个[比心][比心][比心][比心][比心][比心][比心][比心][比心][比心][比心][比心][比心][比心][比心][比心][比心][比心][比心][比心][比心][比心][比心][比心][比心][比心],1,该用户想表达的含义是：急切询问针对眼部细纹的产品推荐，并通过大量表情符号强调自己的强烈需求和期待。  （释义要点：结合前文弹幕中高频的护肤咨询和产品提问语境，用户以具体问题+重复表情的形式，既明确需求（眼部细纹解决方案），又通过[比心]的密集使用传递积极情绪和迫切感，符合直播间观众寻求即时解答的典型动机。）
weixue0806,美容护肤,光子嫩肤怎样?,0,该用户想表达的含义是：询问光子嫩肤的效果或适用性，可能对这项美容项目感兴趣并考虑尝试。
weixue0806,美容护肤,如何全身美白?,0,该用户希望通过咨询全身美白的方法来了解相关产品或服务，表现出对改善肤色的潜在购买兴趣。
weixue0806,美容护肤,长斑怎么搞,0,该用户想咨询祛斑的方法或产品推荐。
weixue0806,美容护肤,嘴唇只能打玻尿酸啊,0,该用户可能是想询问除了玻尿酸之外是否有其他丰唇或改善嘴唇状态的方法。
weixue0806,美容护肤,淡斑做什么????[比心][比心],0,该用户想表达的含义是：咨询淡化色斑的方法或产品推荐。
weixue0806,美容护肤,打了玻尿酸皮肤漫画了怎么办,0,该用户想表达的含义是：注射玻尿酸后皮肤出现不自然的漫画效果该如何处理。  （结合前文弹幕中高频出现的医美、护肤问题，尤其是关于玻尿酸、祛斑、水光针等具体项目的讨论，可推断用户关注的是医美后的副作用修复，且语境偏向寻求解决方案而非单纯吐槽。）
weixue0806,美容护肤,经常熬夜眼袋什么眼霜都不管用,0,该用户想表达的含义是：因长期熬夜导致眼袋问题严重，尝试过多种眼霜均无明显效果，希望寻求更有效的解决方案。
weixue0806,美容护肤,怎么祛斑雪[流泪],0,该用户迫切想寻求有效的祛斑方法，并因皮肤问题感到困扰和焦虑。
weixue0806,美容护肤,刚说全身做的是什么,0,该用户可能是对主播提到的某种全身护理或美容项目（如全身美白、光子嫩肤等）产生兴趣，想进一步确认具体名称或操作方式。
weixue0806,美容护肤,川字纹如何解决?,0,该用户想询问针对额头川字纹的改善方法或产品推荐。  （结合前文弹幕多为美容护肤咨询的语境，用户提问动机明确指向抗皱需求，隐含对相关解决方案的购买兴趣。）
weixue0806,美容护肤,在敷仿生面膜,0,该用户可能是在分享自己正在使用仿生面膜的体验，暗示对直播中讨论的护肤产品或美容方法感兴趣。
weixue0806,美容护肤,凹陷只能打打波波吗,0,该用户可能在询问面部凹陷部位是否只能通过注射玻尿酸来改善。
weixue0806,美容护肤,黄金微针可以做嘛,1,该用户是在询问直播间是否提供黄金微针美容项目的服务，并对其效果或安全性存在潜在兴趣。
weixue0806,美容护肤,光子嫩肤光子嫩肤,0,该用户可能是急切想了解光子嫩肤的效果或操作细节，通过重复关键词强调自己的关注焦点。
weixue0806,美容护肤,推荐下粉底,1,该用户希望主播针对自己的肤质或需求推荐合适的粉底产品。  （结合前文弹幕多为护肤美容咨询的语境，用户提问动机明确指向美妆产品推荐，属于典型的购买意向表达。）
weixue0806,美容护肤,回头霜买哪个牌子,1,该用户想询问直播间推荐的抗衰老面霜品牌。
weixue0806,美容护肤,是的呢,0,该用户可能是在附和主播对某款美容产品或护肤方法的推荐，表示认同或感兴趣。
weixue0806,美容护肤,14号14号14号14号,1,"该用户可能是在急切询问或强调直播间正在介绍/推荐的某款产品（编号14号），表达强烈的购买意向或希望主播重点讲解该商品。  （释义逻辑：结合前文弹幕多为护肤美妆类产品咨询，且存在编号类提问习惯，""14号""的重复刷屏符合直播间观众催促上链接/确认商品信息的典型行为模式）"
weixue0806,美容护肤,睡衣是哪里买的呀,1,该用户想表达的含义是：询问主播身上所穿睡衣的购买渠道，暗示对这款商品有潜在购买意向。  （结合前文弹幕多为护肤美容类产品咨询的语境，用户可能因注意到主播的睡衣款式或材质而产生兴趣，主动询问购买方式，属于典型的导购类互动行为。）
weixue0806,美容护肤,痘印用什么好.美女,1,该用户想询问针对痘印问题的有效产品或解决方案，并可能希望主播推荐或演示相关产品。
weixue0806,美容护肤,陈不开心,0,该用户可能是在抱怨主播没有及时回应或解答自己关于美容护肤问题的需求，感到被忽视或不满意。
weixue0806,美容护肤,"雪姐,吊坠是哪个品牌的呢",1,该用户是在询问主播展示的吊坠的品牌信息，表现出对商品的关注和潜在的购买意向。
weixue0806,美容护肤,鼻子呢,0,该用户可能在询问主播关于鼻子整形或美容的相关建议，比如询问鼻子部位的医美项目或产品推荐。
weixue0806,美容护肤,眼膜推荐一款,1,该用户想表达的含义是：希望主播推荐一款适合自己使用的眼膜产品。
weixue0806,美容护肤,穿的是睡衣么?,1,该用户可能是在询问主播身上穿的睡衣的品牌或购买链接，表现出对睡衣款式的兴趣和潜在的购买意向。
weixue0806,美容护肤,光子光子嫩肤呢,0,该用户是在询问关于光子嫩肤美容项目的相关信息或效果。
weixue0806,美容护肤,光子嫩肤咋样,0,该用户想表达的含义是：询问光子嫩肤的效果和体验如何。
weixue0806,美容护肤,但是打水光针的有用,0,该用户可能是在质疑水光针的实际效果，想了解它是否真的能解决皮肤问题。
weixue0806,美容护肤,姐姐说的太对了,0,该用户想表达的含义是：赞同主播对某个美容或穿搭建议的观点。
weixue0806,美容护肤,是一模一样,0,该用户想表达的含义是：确认主播展示的商品或效果与之前的描述完全一致。
weixue0806,美容护肤,痘印怎么去,0,该用户想询问如何有效消除面部痘印，可能是对直播间推荐的相关产品或护肤方法感兴趣。
weixue0806,美容护肤,功效面膜有没有,1,该用户是在询问直播间是否有售卖具有特定护肤功效的面膜产品。
weixue0806,美容护肤,三星胶原蛋白可以打吗,1,该用户可能在询问“三星胶原蛋白”这款产品是否适合注射或使用。
weixue0806,美容护肤,脸凹陷做什么项目,1,该用户是在询问改善面部凹陷问题的医美项目或护肤方案。
weixue0806,美容护肤,黄金微针呢?,0,该用户是在询问直播间是否有推荐或介绍黄金微针美容项目的产品或服务。
weixue0806,美容护肤,肉毒能打不,0,该用户是在询问直播间推荐的产品或医美项目中是否包含肉毒素注射的相关内容。
weixue0806,美容护肤,微针能不能做?,1,该用户是在询问微针美容项目的可行性和效果。
weixue0806,美容护肤,毛孔粗大做什么[比心],0,该用户可能在询问改善毛孔粗大的护肤方法或医美项目，并带有一定的好感表达。
weixue0806,美容护肤,口红口红口红口红,1,该用户想表达的含义是：我对刚才提到的口红产品很感兴趣，想了解更多或购买。
weixue0806,美容护肤,光子嘞,0,该用户是在询问关于“光子嫩肤”项目的效果或相关信息。
weixue0806,美容护肤,夏娃什么味道,0,该用户可能在询问直播中提到的某款产品（如香水或食品）的具体气味或口感特点。
weixue0806,美容护肤,胶原蛋白灌注面膜有么,1,该用户是在询问直播间是否有售卖胶原蛋白灌注面膜这款产品。  （释义思路：结合前文弹幕高频出现的医美护肤类产品提问（如“光子嫩肤”“黄金微针”“功效面膜”等），可判断直播间主题与美容项目或相关产品相关；用户用“有么”直接询问商品是否存在，属于明确的产品购买意向表达，而非单纯讨论功效或技术。）
weixue0806,美容护肤,怎么祛斑啊[流泪],0,该用户想表达的含义是：询问祛斑方法并表达对皮肤问题的困扰情绪。
weixue0806,美容护肤,毛孔粗大做什么[流泪][流泪],0,该用户想表达的含义是：询问针对毛孔粗大的有效护肤方案，并流露出对皮肤问题的焦虑情绪。  （结合语境分析：直播主题为医美/护肤项目咨询，前文大量同类问题表明观众聚焦皮肤改善方案，流泪表情强化了用户对皮肤问题的困扰和迫切求解心态，属于明确的消费需求表达。）
weixue0806,美容护肤,怎么可以变白呀,0,该用户想询问如何通过美容产品或医美手段改善肤色暗沉问题。
weixue0806,美容护肤,除皱呢??,0,该用户想询问主播关于除皱美容项目的具体信息或效果。
weixue0806,美容护肤,正在敷面膜,0,该用户想表达的含义是：我正在使用面膜产品并关注其护肤效果。 （解析：结合前文弹幕中高频出现的美容护肤类问题，尤其是关于面膜功效的讨论，用户通过陈述当前行为暗示对直播推介的护肤产品存在潜在兴趣，属于体验分享型互动。）
weixue0806,美容护肤,砂仁猪心[捂脸][捂脸][捂脸],0,该用户可能在用谐音梗调侃直播内容“杀人诛心”，以幽默方式表达对产品效果的强烈认可或对主播犀利推荐的无奈感。
weixue0806,美容护肤,韩国哪家医院推荐?,0,该用户可能是在询问韩国医美机构的推荐，意图了解针对自身美容需求（如皮肤管理或微整形）的可靠医疗机构。
weixue0806,美容护肤,肉毒可以吗,0,该用户是在询问直播间推荐的产品或服务是否包含肉毒杆菌相关的美容项目。
weixue0806,美容护肤,毛孔大做什么[爱心][爱心][爱心],0,该用户想表达的含义是：询问针对毛孔粗大问题应该采取什么护肤或医美措施。  （结合前文语境，直播间讨论的多是护肤、医美相关内容，且此前已有类似提问“毛孔粗大做什么”，用户用[爱心]表情可能表示对答案的期待或对话题的兴趣。）
weixue0806,美容护肤,有祛斑的吗?有祛斑的吗?有祛斑的吗?有祛斑的吗?有祛斑的吗?,0,该用户迫切想了解直播间是否有祛斑产品或相关项目，通过重复提问强调自己的需求优先级和急切心情。
weixue0806,美容护肤,眼膜有吗,1,该用户是在询问直播间是否有售卖或推荐眼膜产品，表达了对眼部护理产品的潜在购买兴趣。
weixue0806,美容护肤,光子呢?,0,该用户是在询问直播间是否有提供光子嫩肤相关的医美项目或产品。
weixue0806,美容护肤,减肥针推荐吗,1,该用户是在询问主播对减肥针产品的效果或安全性是否值得推荐，表现出对该产品的潜在购买兴趣。
weixue0806,美容护肤,我的脸满化了,0,"该用户想表达的含义是：我的脸部皮肤出现了松弛下垂的问题（需要咨询相关医美或护肤方案）。 （解析：结合直播间医美护肤主题和""满化""谐音""垮""的网络用语特点，用户实际在描述面部皮肤状态，隐含寻求解决方案的意图。）"
weixue0806,美容护肤,眼部细纹怎么办,0,该用户可能在询问直播间是否有针对改善眼部细纹的产品或美容项目。
weixue0806,美容护肤,凹陷怎么办,0,该用户可能是在询问如何改善面部凹陷问题，比如填充或医美相关的解决方案。
weixue0806,美容护肤,你睫毛怎么这么长,0,该用户可能是对主播的睫毛效果产生兴趣，想询问使用的产品或护理方法。
weixue0806,美容护肤,“韦雪专属商品橱窗”是你的吗?,0,该用户可能在询问主播是否拥有或管理“韦雪专属商品橱窗”，以确认该橱窗的商品是否值得信赖或与主播推荐的内容相关。
weixue0806,美容护肤,那个面膜可以缩毛孔啊,1,该用户是在询问面膜的收缩毛孔功效是否属实，表现出对产品功能的关注和潜在的购买兴趣。
weixue0806,美容护肤,你是广西的,0,该用户可能是在询问主播是否来自广西，以此判断其推荐的美容产品或医美建议是否适合当地气候或消费习惯。
weixue0806,美容护肤,怎么祛斑呢[比心][比心][比心][比心][比心][比心][比心][比心][比心][比心],0,该用户想表达的含义是：急切寻求祛斑方法并希望得到主播的推荐或解答。  （结合前文弹幕中高频出现的护肤、医美类问题，尤其是反复询问“祛斑”相关内容，可推断该用户对祛斑有强烈需求，且通过大量[比心]表情传递友好互动意愿，可能是希望主播注意到并回应自己的提问。）
weixue0806,美容护肤,油霜是早晚用还是晚上用?,1,该用户想询问油霜的具体使用时间，以确认产品的正确使用方法。
weixue0806,美容护肤,"姐姐,有没有学生党水乳推荐",1,该用户想表达的含义是：希望主播推荐适合学生群体使用的平价保湿护肤品。  （分析依据：结合前文弹幕多为护肤类问题，且用户明确提及“学生党”和“水乳”关键词，可推断其核心诉求是寻求高性价比的基础护肤产品推荐。）
weixue0806,美容护肤,智商税、我十多针不要了,0,该用户是在嘲讽产品效果虚假或价格虚高，暗示自己不会再上当购买类似的美容针剂。
weixue0806,美容护肤,干皮用极光还是小金砖,1,"该用户是在询问主播针对干性皮肤应该推荐""极光""还是""小金砖""这两款护肤品。"
weixue0806,美容护肤,黄金射频呢,0,该用户可能在询问直播间是否提供黄金射频类的美容产品或相关服务，表达了对该项目的潜在购买兴趣。
weixue0806,美容护肤,胶原蛋白呢,0,该用户是在询问直播间是否有关于胶原蛋白的产品或相关美容项目的推荐。
weixue0806,美容护肤,姐姐长痘痘用哪个,1,该用户想询问主播推荐适合青春期或年轻肌肤使用的祛痘产品。
weixue0806,美容护肤,你很漂亮宝宝,0,该用户想表达的含义是：对主播外貌的赞美，但并未直接表现出对商品的购买兴趣。
weixue0806,美容护肤,"三天一个面膜从不图防晒,懒[捂脸]",0,该用户想表达的含义是：自己护肤比较随意，经常敷面膜但懒得做防晒，对此有些自嘲和无奈。
weixue0806,美容护肤,我做完光子嫩肤后敷面膜皮肤还是很干,0,该用户可能在寻求针对光子嫩肤术后皮肤干燥问题的护肤建议或产品推荐。
weixue0806,美容护肤,怎么可以变白啊,0,该用户想表达的含义是：询问直播间是否有美白产品或方法推荐。
weixue0806,美容护肤,有道理,0,该用户可能是在认同主播关于某个美容产品或护肤方法的推荐建议。
weixue0806,美容护肤,说一下眼油说一下眼油说一下眼油说一下眼油说一下眼油说一下眼油说一下眼油说一下眼油说一下眼油说一下眼油,1,该用户急切想了解主播推荐或详细介绍“眼油”产品的功效或使用方法。
weixue0806,美容护肤,超声炮呢?,1,该用户是在询问直播间是否有介绍或推荐“超声炮”这款美容仪器的相关内容。
weixue0806,美容护肤,推荐下颌缘项目,1,该用户可能是在询问或建议主播详细介绍关于改善下颌轮廓的医美项目或相关产品。
weixue0806,美容护肤,眼膜推荐一个[比心],1,该用户想表达的含义是：希望主播能推荐一款适合自己使用的眼膜产品。
weixue0806,美容护肤,那光子嫩肤能打吗???,1,该用户是在询问光子嫩肤项目的效果是否值得尝试，可能因看到他人提及类似医美项目后产生兴趣。
weixue0806,美容护肤,[捂脸]好像是这么回事,0,该用户可能是在对主播之前讲解的某个护肤观点或产品功效表示认同，同时带着些许无奈或自嘲的情绪。
weixue0806,美容护肤,有斑怎么办呢,0,该用户想表达的含义是：咨询主播针对色斑问题的解决方案或产品推荐。  （结合前文语境，直播间讨论集中在护肤、医美和产品使用，且类似“怎么祛斑呢”的提问已出现，用户动机明确指向寻求祛斑方法，属于典型的购买兴趣类咨询。）
weixue0806,美容护肤,"有斑,打什么比较好?有斑,打什么比较好?有斑,打什么比较好?有斑,打什么比较好?有斑,打什么比较好?",1,该用户急切想咨询针对色斑问题的有效产品或治疗方案，并希望主播能优先解答。
weixue0806,美容护肤,超光子要打吗[捂脸]每次打完也让我防晒,1,该用户是在询问是否需要尝试超光子美容项目，并略带调侃地提到自己过去做完类似项目后被要求严格防晒的麻烦经历。
weixue0806,美容护肤,去皱针能打吗,1,该用户想询问主播推荐的去皱针是否值得尝试或效果如何。
weixue0806,美容护肤,彩光可以做吗,0,该用户想询问直播间推荐的美容项目中是否包含彩光治疗，并希望了解其适用性和效果。
weixue0806,美容护肤,这个衣服有链接吗,1,该用户想表达的含义是：对当前展示的服装产品产生了购买意向，希望获取商品购买链接以便下单。
weixue0806,美容护肤,眼膜什么时候有,1,该用户是在询问眼膜产品的上架或促销时间，表现出明确的购买意向。
weixue0806,美容护肤,"大实话,哈哈哈",0,该用户可能是在认同主播的某句直白观点或幽默表述，并由此产生情感共鸣。
weixue0806,美容护肤,项链哪儿买的,1,该用户想表达的含义是：询问主播所戴项链的购买渠道或商品链接。  （结合前文弹幕语境，直播间讨论以护肤医美为主，但近期出现“这个衣服有链接吗”等购物相关提问，说明用户开始关注主播穿搭或商品信息，目标弹幕的动机更偏向直接求购而非单纯闲聊。）
weixue0806,美容护肤,额头瘪是不是只能打啵啵[流泪][流泪][流泪][捂脸],0,该用户可能在焦虑地询问额头凹陷问题是否只能通过注射填充（如玻尿酸）来解决，并流露出对医美项目的担忧和无奈情绪。
weixue0806,美容护肤,面膜可以天天敷吗,1,该用户可能是在询问面膜的使用频率是否适合每日使用，以确认产品适用性或寻求护肤建议。
weixue0806,美容护肤,面膜能每天敷吗,1,该用户可能是在询问面膜的日常使用频率是否安全或科学，隐含对产品功效或使用方法的潜在购买顾虑。
weixue0806,美容护肤,怎么祛斑[流泪],0,该用户想表达的是：自己正为面部色斑问题困扰，希望主播能推荐有效的祛斑方法或产品。  （结合前文弹幕中频繁出现的护肤医美类提问，尤其是其他用户多次询问“有斑打什么比较好”，可推断当前用户处于同类诉求，且“[流泪]”表情进一步强化了其急切和焦虑的情绪。）
weixue0806,美容护肤,"亲爱的,泪沟凹陷有保养品用吗还是只能靠化妆和医美?",1,该用户想询问针对泪沟凹陷问题是否有合适的护肤品推荐，还是只能通过化妆或医疗美容手段来解决。
weixue0806,美容护肤,讲解一下2号防晒霜,1,该用户希望主播详细介绍2号防晒霜的产品特性或使用效果，可能出于对该产品的购买兴趣或与其他护肤项目的搭配需求。
weixue0806,美容护肤,皮肤黄[流泪],0,该用户可能是在表达对自己肤色暗黄的困扰，并隐含希望主播推荐相关美白或提亮肤色的产品或医美方案。
weixue0806,美容护肤,"雪姐,真越来越漂亮了!项链好好可爱",0,该用户想表达的含义是：称赞主播外貌的同时也对展示的项链款式产生了兴趣和好感。
weixue0806,美容护肤,艾维岚会馒吗[流泪][流泪][流泪]?,0,"该用户是在担忧并询问使用""艾维岚""产品是否会导致面部浮肿（""馒""是网络用语中形容脸部肿胀的谐音梗）。"
weixue0806,美容护肤,"姐姐,身体乳推荐哪个味道呀?",1,"该用户想表达的含义是：对主播推荐的身体乳香味选择有明确的购买意向咨询。  （解析：结合前文弹幕中频繁出现的护肤产品咨询（如防晒霜、眼膜、面膜等）和具体功能提问（祛斑、去皱等），可判断直播间主题偏向美妆护肤推荐，当前用户提问聚焦于身体乳的""味道选择""，属于典型的产品决策阶段需求，动机是希望通过主播推荐缩小购买选项范围，隐含对产品的兴趣和信任。）"
weixue0806,美容护肤,好漂亮的妹妹说的对[比心],0,该用户是在夸赞主播外貌并对其观点表示认同和喜爱，但并未直接表达对商品的购买意向。
weixue0806,美容护肤,水光不是打的基底层吗,0,该用户是在询问水光针的注射层次是否应该达到皮肤的基底层，表现出对医美项目具体操作细节的关注和潜在的治疗需求。
weixue0806,美容护肤,嘴上涂的什么呀,0,该用户可能是对主播使用的口红或唇部产品产生了兴趣，想询问具体品牌或色号信息。
weixue0806,美容护肤,油是直接拍吗,1,该用户可能在询问直播中展示的食用油产品是否可以直接下单购买。
weixue0806,美容护肤,祛斑哪个项目好,1,该用户是在询问直播间推荐的祛斑医美项目或护肤产品的具体选择建议。
weixue0806,美容护肤,黑头怎么解决啊,0,该用户想表达的含义是：询问直播间是否有针对黑头问题的产品或解决方案。
weixue0806,美容护肤,护手霜没,1,该用户可能是想询问护手霜是否已经售罄或为何没有上架链接。
weixue0806,美容护肤,下垂的问题,0,该用户可能是在询问如何改善或解决面部皮肤下垂的问题。
weixue0806,美容护肤,油霜是早晚用吗,1,该用户想询问油霜的正确使用时间，可能是早晚都需要涂抹还是只需在特定时段使用。
weixue0806,美容护肤,韩国推荐,0,该用户可能在询问是否有来自韩国的推荐产品或护肤方法。
weixue0806,美容护肤,美白针建议打吗姐姐,1,该用户是在咨询主播关于美白针的安全性和效果，希望获得专业建议以决定是否尝试该项目。
weixue0806,美容护肤,口周怎么做,0,该用户可能在询问如何护理或改善嘴唇周围的皮肤问题，比如干燥、暗沉或细纹等。
weixue0806,美容护肤,还反黑,0,该用户可能在询问产品是否具有抗黑色素或美白功效。
weixue0806,美容护肤,"这个衣服好看,哪里买啊",1,该用户被直播中展示的服装款式吸引，主动询问购买渠道以表达明确的购买意向。
weixue0806,美容护肤,下颌线怎么变明显,0,该用户可能是想询问如何通过产品或护理方法让下颌轮廓更清晰紧致。
weixue0806,美容护肤,上唇釉,1,该用户想询问主播正在使用的唇釉产品信息或希望主播推荐一款唇釉。
weixue0806,美容护肤,超声炮好用嘛,0,该用户是在询问超声炮美容仪器的使用效果是否理想，表现出对产品的实际功效和体验感的潜在购买兴趣。
weixue0806,美容护肤,斑怎么去,0,该用户想咨询如何有效祛除面部色斑的方法或产品推荐。
weixue0806,美容护肤,有什么修复的啊,0,该用户可能是在询问直播间推荐的产品中是否有修复类（如皮肤修复、头发修复等）的功能选项。
weixue0806,美容护肤,光子嫩肤值得吗,0,该用户是在询问光子嫩肤项目的效果是否值得尝试。
weixue0806,美容护肤,10号和4号有一区别吗,1,该用户想询问10号和4号产品在功能或效果上是否存在差异。
weixue0806,美容护肤,衣服哪家,1,该用户想询问直播中展示的服装是哪个品牌或店铺在售卖。
weixue0806,美容护肤,起痘怎么办,0,该用户想咨询针对痘痘问题的护肤产品或解决方案。
weixue0806,美容护肤,打光子好吗,0,该用户想询问进行光子嫩肤治疗是否值得尝试。
weixue0806,美容护肤,胶原蛋白灌注还有吗,1,该用户是在询问直播间是否还有胶原蛋白灌注产品的库存或供应。
weixue0806,美容护肤,几号面膜可以缩毛孔?,1,该用户想询问哪款面膜具有收缩毛孔的功效。
weixue0806,美容护肤,我喜欢听[捂脸][捂脸][捂脸],0,该用户想表达的含义是：对当前直播内容感到有趣或认同，但并未直接表现出购买意向。
weixue0806,美容护肤,唇膏是啥,1,该用户可能是在询问直播中提到的唇膏产品的具体信息或购买方式。
weixue0806,美容护肤,什么唇膏,1,该用户想询问主播正在展示或提到的唇膏的具体信息或功效。
weixue0806,美容护肤,黑头怎么办,0,该用户可能在询问如何解决黑头问题，暗示对相关护肤产品或美容服务的潜在购买兴趣。
weixue0806,美容护肤,讲一下超声刀,0,该用户想表达的含义是：希望主播详细介绍超声刀美容项目的功效或使用体验。
weixue0806,美容护肤,超光子呢.打不打,0,该用户是在询问直播间是否提供超光子美容项目的优惠活动或体验机会。
weixue0806,美容护肤,唇彩我也买啦哈哈,0,该用户想表达的含义是：自己已经跟随直播推荐购买了同款唇彩产品。
weixue0806,美容护肤,光子可以做么?光子可以做么??,0,该用户急切询问直播间是否提供光子嫩肤项目或相关服务。
weixue0806,美容护肤,用完油用什么精华啊,1,该用户是在咨询护肤步骤中用完精油后应该搭配哪种精华产品。
weixue0806,美容护肤,光子嫩肤能打吗???,0,该用户想询问光子嫩肤项目的实际效果是否值得尝试。
weixue0806,美容护肤,嘴上涂什么的,0,该用户想询问主播正在使用的口红色号或唇部产品的具体信息。
weixue0806,美容护肤,姐姐长痘痘上海哪个医院好啊[流泪],0,该用户想表达的含义是：因长痘问题困扰，想询问上海地区治疗痘痘的靠谱医院推荐。
weixue0806,美容护肤,c不开心,0,该用户可能在表达对当前直播内容或产品推荐不符合自己需求的不满情绪。
weixue0806,美容护肤,光子可以吗,0,该用户是在询问直播中提到的光子嫩肤项目是否适合自己或值得尝试。
weixue0806,美容护肤,耳环卖不[捂脸],0,该用户可能是对展示的耳环感兴趣，用调侃的语气询问是否出售，同时表达出对商品款式或价格的惊讶或犹豫。
weixue0806,美容护肤,肉毒素能打吗,0,该用户是在询问直播间是否提供肉毒素注射的相关服务或产品。
weixue0806,美容护肤,卸妆膏卸妆膏,1,该用户是在询问或催促主播介绍/推荐卸妆膏产品。
weixue0806,美容护肤,痘肌怎么护肤啊,0,该用户想询问针对痘痘肌肤的护肤方法和产品推荐。
weixue0806,美容护肤,幼态脸可以吗,1,该用户可能在询问直播中推荐的产品或美容项目是否适合具有年轻化面部特征的人群。
weixue0806,美容护肤,唇釉分享一下,1,该用户想表达的含义是：请主播详细介绍这款唇釉的产品信息或使用体验。
weixue0806,美容护肤,长痘痘适合敷面膜吗,1,该用户想表达的含义是：询问面膜是否适合痘痘肌使用，想了解护肤建议。
weixue0806,美容护肤,紧致打什么产品,1,该用户想询问直播间是否有能帮助皮肤紧致的美容产品或医美项目。
weixue0806,美容护肤,那水光不能打吗,0,该用户是在询问直播中提到的“水光针”项目是否可以进行或推荐。
weixue0806,美容护肤,水艺面膜,1,该用户可能是想询问这款面膜是否适合自己使用或了解其功效。
weixue0806,美容护肤,凹陷呢?,0,该用户可能在询问主播关于面部填充或皮肤凹陷改善的医美项目或产品。
weixue0806,美容护肤,肉毒呢[比心][比心][比心][比心][比心][比心][比心][比心][比心][比心][比心][比心][比心],0,该用户很可能是在急切询问直播间是否提供肉毒素相关产品或服务，并通过大量[比心]表情表达强烈兴趣和期待。
weixue0806,美容护肤,防晒有推荐吗雪,1,该用户想询问主播是否有值得推荐的防晒产品。
weixue0806,美容护肤,肉毒不打吗?,0,该用户是在询问直播间是否提供肉毒素相关的医美项目或产品。
weixue0806,美容护肤,祛斑咋整,0,该用户想表达的含义是：询问如何有效解决面部色斑问题。  （结合前文弹幕中高频出现的医美、护肤类咨询语境，用户动机可能是寻求祛斑方法或产品推荐，属于明确的消费需求导向提问。）
weixue0806,美容护肤,我丢突然觉得没用了呢,0,"该用户可能是在连续看到大量关于医美和护肤的提问后，突然意识到自己当前并不需要这些产品或服务，产生了""这些内容与我无关""的疏离感。"
weixue0806,美容护肤,黄金微针,1,该用户可能是在询问关于“黄金微针”美容项目的效果或适用性，表达了对这一医美技术的潜在购买兴趣或咨询需求。
weixue0806,美容护肤,光子说一下,0,该用户想询问主播能否详细介绍或推荐关于“光子嫩肤”项目的信息。  （结合前文弹幕高频出现的医美护肤类提问语境，“光子”是“光子嫩肤”的简称，用户动机与其他求推荐产品/项目的弹幕一致，属于明确的消费意向咨询。）
weixue0806,美容护肤,眼角细纹,0,该用户可能是在询问针对眼角细纹的护肤产品或医美解决方案。
weixue0806,美容护肤,怎么做好不让胶原蛋白流失,0,该用户想表达的含义是：咨询如何通过护肤或医美手段有效维持皮肤胶原蛋白含量。  （结合前文医美护肤类问题密集的语境，用户关注点聚焦在抗衰保养领域，动机是寻求防止皮肤老化的解决方案。）
weixue0806,美容护肤,这个衣服,0,该用户可能是对当前展示的服装产品产生了兴趣，想进一步了解款式或细节。
weixue0806,美容护肤,早晚都敷面膜会不会过度补水,1,该用户担心频繁使用面膜可能导致皮肤水分过剩，想咨询科学的护肤建议。
weixue0806,美容护肤,眼袋黑眼圈怎么搞,0,该用户想咨询改善眼袋和黑眼圈问题的护肤产品或方法。
weixue0806,美容护肤,"項鍊好好看,哪家的?",1,该用户想表达的含义是：询问这条项链的品牌信息以便购买。  （结合前文弹幕多为护肤美容类咨询，突然出现对饰品的兴趣，说明用户被产品吸引并产生明确的购买意向，核心动机是获取购买渠道。）
weixue0806,美容护肤,薇绮美怎么样呢,0,"该用户是在询问产品""薇绮美""的效果或适用性，表现出对这款美容产品的潜在购买兴趣。"
weixue0806,美容护肤,祛斑产品,0,该用户可能是在询问直播间是否有推荐的祛斑产品或解决方案。
weixue0806,美容护肤,讲解一下2号,1,该用户希望主播详细介绍当前展示的第二个产品（可能是护肤品或医美项目）。
weixue0806,美容护肤,鼻子两边脸颊毛孔大,0,该用户可能在咨询针对面部毛孔粗大问题的护肤产品或医美解决方案。
weixue0806,美容护肤,祛斑用啥?,1,该用户想询问直播间推荐哪些产品或方法可以有效祛除面部色斑。
weixue0806,美容护肤,"衣服截图,看看",1,该用户想表达的含义是：请展示刚才提到的衣服的细节或上身效果。  （结合前文弹幕中有人提到“这个衣服”，且直播内容可能涉及多品类商品切换，用户通过“截图”要求直观展示，可能是对某款服装产生兴趣，希望进一步了解款式或材质。）
weixue0806,美容护肤,淡斑说说!!!!,0,该用户想表达的含义是：希望主播详细介绍淡斑产品的功效或使用方法。  （结合前文弹幕中多次出现“祛斑”“淡斑”相关提问，且直播间主题偏向美容护肤，用户动机明确指向对淡斑问题的兴趣，语气中的感叹号体现急切需求。）
weixue0806,美容护肤,你好美[比心],0,该用户想表达的含义是：通过夸赞主播外貌并配合表情符号来互动示好，但并未直接表现出对商品的购买兴趣。
weixue0806,美容护肤,白天怎么护肤,0,该用户想咨询白天护肤的具体方法和步骤，可能是对防晒、补水或抗衰老等日间护理需求感兴趣。
weixue0806,美容护肤,面膜每天都贴可以吗[捂脸],1,该用户是在询问每天使用面膜是否会对皮肤造成负担，并流露出对过度护肤的担忧。
weixue0806,美容护肤,肉毒不打吗,0,该用户是在询问主播是否推荐或会讲解关于肉毒杆菌美容项目的内容。
weixue0806,美容护肤,姐姐你太美啦,0,该用户是在夸赞主播的外貌魅力，但并未直接表达对商品的购买意向。
weixue0806,美容护肤,衣服那家,1,该用户想询问主播身上穿的衣服是哪家店铺或品牌的。
weixue0806,美容护肤,用什么精华,1,"该用户想询问主播推荐适合自己使用的精华产品。  （结合前文弹幕多为护肤咨询和产品询问，语境偏向寻求具体护肤建议，""精华""是护肤步骤中的关键品类，用户意图明确指向功能性推荐。）"
weixue0806,美容护肤,"哈哈哈,多扎心",0,"该用户是在用调侃的语气回应主播提到的某个护肤或美容痛点，表达""这问题太真实了，简直戳中我的痛处""的共鸣感。"
weixue0806,美容护肤,粉色衣服,1,该用户想询问或表达对直播中展示的粉色衣服的购买兴趣或具体信息。
weixue0806,美容护肤,美白针呢姐姐建议打吗,1,该用户是在咨询主播对注射美白针的推荐意见，表现出对医美项目的潜在购买兴趣。
weixue0806,美容护肤,你什么时候和黄晓明结婚,0,该用户可能在调侃主播或表达对主播个人生活的八卦兴趣，而非真正的购买意向。
weixue0806,美容护肤,嫩肤因子,0,该用户可能是在询问或提及某种与护肤相关的成分或产品，关注点集中在改善肤质或美白功效上。
weixue0806,美容护肤,化妆水,1,该用户可能是想询问主播关于化妆水的推荐或使用建议。
weixue0806,美容护肤,宝艾维岚会馒吗[流泪][流泪][流泪]?,0,"该用户担心使用""宝艾维岚""产品后会出现面部浮肿（馒化）的效果，并对此表示焦虑和不安。"
weixue0806,美容护肤,毛孔粗大能做什么[流泪][流泪],0,该用户想表达的含义是：询问针对毛孔粗大问题应该使用什么护肤产品或方法，并流露出对皮肤问题的焦虑情绪。
weixue0806,美容护肤,补充胶原蛋白怎么补,0,该用户想表达的含义是：询问如何通过产品或护理方法来有效补充胶原蛋白以改善皮肤状态。
weixue0806,美容护肤,法令纹怎么办宝贝,0,该用户想询问如何改善法令纹问题，并带有对主播的亲切称呼以拉近距离。
weixue0806,美容护肤,洗发的,1,该用户想询问直播间正在推荐的洗发产品相关情况。
weixue0806,美容护肤,色沉如何改善,0,该用户想咨询如何解决皮肤色素沉着的问题。
weixue0806,美容护肤,颈霜?,1,该用户可能是想询问主播是否有推荐或正在介绍颈部护理产品，表达了对颈霜相关信息的兴趣。
weixue0806,美容护肤,抬头纹呢,0,该用户是在询问主播如何改善或消除抬头纹的问题。
weixue0806,美容护肤,防嗮推荐,1,该用户想询问主播是否有值得推荐的防晒产品。
weixue0806,美容护肤,防晒霜有吗,1,该用户是在询问直播间是否有防晒霜产品可供购买。
weixue0806,美容护肤,推荐一套护理,1,该用户想表达的含义是：希望主播推荐一套完整的护肤产品或护理方案。
weixue0806,美容护肤,内服卖不卖[捂脸],1,该用户是在询问直播中提到的内服产品是否可购买，同时用表情符号表达了对产品效果的期待或担忧。
weixue0806,美容护肤,做鼻子后悔吗?,0,该用户可能在询问主播对整容手术（尤其是鼻部整形）的体验或建议，暗示自己对此类医美项目存在兴趣或顾虑。
weixue0806,美容护肤,40+抗衰的面霜有吗,1,该用户是在询问直播间是否有适合40岁以上人群使用的抗衰老面霜产品。
weixue0806,美容护肤,脖子上的项链好好看,1,该用户对主播佩戴的项链产生了兴趣，暗示想了解或购买同款饰品。
weixue0806,美容护肤,面膜真的能淡斑吗?,1,该用户想表达的含义是：对这款面膜的淡斑功效存在疑虑，希望主播能提供真实有效的使用反馈或科学依据。
weixue0806,美容护肤,水乳几号链接好用,1,该用户是在询问直播间推荐的某款水乳产品对应的商品链接编号，并希望了解该产品的实际使用效果是否好。
weixue0806,美容护肤,脸浮肿了怎么弄,0,该用户可能在咨询如何改善面部浮肿问题，暗示对相关护肤产品或解决方案有潜在购买兴趣。
weixue0806,美容护肤,印第安纹怎么办呀,0,该用户想表达的含义是：咨询如何改善面部印第安纹的问题。
weixue0806,美容护肤,"一天两次面膜,皮肤不会出问题吗",1,该用户对频繁使用面膜的安全性存在疑虑，担心过度护理可能对皮肤造成负担。
weixue0806,美容护肤,用什么洗面奶??,1,该用户想表达的含义是：询问主播推荐适合自己使用的洗面奶产品。
weixue0806,美容护肤,那个胶原蛋白面膜呢,1,该用户是在询问直播间是否有胶原蛋白面膜产品，并表现出对该产品的购买兴趣。
weixue0806,美容护肤,光子可以做么?光子可以么?,0,该用户可能在询问直播间销售的产品是否包含光子美容项目或相关服务。
weixue0806,美容护肤,法令纹怎么解决,1,该用户想咨询直播间推荐的产品或方法能否有效改善面部法令纹问题。
weixue0806,美容护肤,"[捂脸]她自己都打,叫你不要打,是买她的面膜",0,该用户是在调侃主播言行不一，一边劝阻观众购买面膜一边自己却在使用，以此暗示面膜效果值得信任，可以放心购买。
weixue0806,美容护肤,光子ne,0,该用户想询问直播中提到的“光子”美容项目是否可以进行或购买。
weixue0806,美容护肤,说说光子嫩肤吧,0,该用户想表达的含义是：对光子嫩肤项目感兴趣并希望主播详细介绍相关信息。
weixue0806,美容护肤,肉毒怎样姐姐,0,该用户想询问主播关于肉毒素产品的使用效果或推荐建议。
weixue0806,美容护肤,面膜不是敷多了不好?,0,该用户是在质疑频繁敷面膜可能对皮肤造成负面影响，并希望主播能解答相关疑虑。
weixue0806,美容护肤,"怎么祛斑啊,好焦虑",0,该用户想表达的含义是：寻求解决面部色斑问题的产品推荐或方法建议，并流露出对肌肤问题的担忧情绪。
weixue0806,美容护肤,"新粉,介绍下面膜好用吗?",1,该用户作为新观众想了解主播推荐的面膜效果如何，是否有购买价值。
weixue0806,美容护肤,3号面膜好不,1,该用户是在询问3号链接的面膜效果如何，表现出对这款产品的具体购买意向和功效关注。
weixue0806,美容护肤,你嘴上的口红上一下,1,该用户想表达的含义是：询问主播口红色号或购买链接。
weixue0806,美容护肤,毛孔粗大鱼尾纹做什么,0,该用户想询问针对毛孔粗大和鱼尾纹问题应该使用什么产品或护理方法。
weixue0806,美容护肤,这个貔貅眼镜也可以动吗?,0,该用户可能是在询问貔貅造型的眼镜是否具有可活动的设计部件，比如镜腿或装饰部分能否灵活摆动。
weixue0806,美容护肤,肉毒打吗肉毒打吗肉毒打吗肉毒打吗肉毒打吗肉毒打吗肉毒打吗肉毒打吗,0,该用户急切询问主播是否提供肉毒杆菌相关产品或服务，表现出强烈的购买或咨询意向。
weixue0806,美容护肤,黄褐斑用什么管用啊[捂脸],1,该用户想表达的含义是：咨询针对黄褐斑问题的有效产品或解决方案。
weixue0806,美容护肤,油用完后用啥护肤品?,1,该用户想询问当前使用的护肤油产品用完后，应该选择哪种后续护肤品来维持或替代效果。
weixue0806,美容护肤,项链在哪买,1,该用户想表达的含义是：询问当前直播中展示的项链的购买渠道或商品链接。
weixue0806,美容护肤,淡斑!,0,该用户想表达的含义是：询问有什么产品或方法可以有效淡化色斑。
weixue0806,美容护肤,有减肥的产品可以推荐吗,0,该用户想表达的含义是：对直播间推荐的减肥类产品有潜在购买意向，希望主播能给出具体推荐。
weixue0806,美容护肤,有没有推荐的美美项目,0,该用户想询问直播间是否有值得推荐的医美或美容项目。
weixue0806,美容护肤,睫毛膏有没有可以推荐的,1,该用户想表达的含义是：想了解直播间里值得购买的睫毛膏产品推荐。
weixue0806,美容护肤,没看到雪做过美甲呀,0,该用户可能是在好奇主播是否尝试过美甲服务，并暗示对美甲话题或相关产品感兴趣。
weixue0806,美容护肤,刚才说超声炮不建议打了吗,0,该用户是在询问主播为何不建议使用超声炮美容项目，可能对相关美容效果或安全性存在疑虑。
weixue0806,美容护肤,你推荐的都爱,0,该用户想表达对主播推荐产品的信任和认可，暗示愿意跟随购买建议。
weixue0806,美容护肤,粉底液有推荐吗,1,该用户想表达的含义是：希望主播推荐适合自己使用的粉底液产品。
weixue0806,美容护肤,法令纹法令纹法令纹法令纹法令纹法令纹打什么效果好,1,该用户想询问针对法令纹问题最有效的改善方法或产品推荐。
weixue0806,美容护肤,超光子呢[捂脸],0,该用户可能在询问或催促主播介绍或展示“超光子”美容项目，并带有因等待或关注而产生的无奈或调侃情绪。
weixue0806,美容护肤,黑头咋办.做啥项目啊,1,该用户是在咨询针对黑头问题的美容项目推荐。
weixue0806,美容护肤,"雪,身体乳介绍一下",1,该用户希望主播详细介绍一款名为“雪”的身体乳产品的功效或使用体验。
weixue0806,美容护肤,光子嫩肤建议打吗,0,该用户想询问主播是否推荐尝试光子嫩肤美容项目。
weixue0806,美容护肤,姐姐是纹过唇么,0,该用户可能是在询问主播是否做过唇部纹绣项目，以此评估相关美容效果的可信度或考虑自身尝试。
weixue0806,美容护肤,姐姐洗面奶干皮可以用,0,该用户想表达的含义是：询问主播推荐的洗面奶是否适合干性皮肤使用。
weixue0806,美容护肤,眼霜有么,1,该用户是在询问直播间是否有眼霜产品可供购买或推荐。
weixue0806,美容护肤,几号面膜可以缩毛孔,1,该用户想询问直播间推荐的面膜产品中哪一款具有收缩毛孔的功效。
weixue0806,美容护肤,用什么面膜,1,该用户是在询问适合自己肤质或需求的面膜产品推荐。
weixue0806,美容护肤,光子嫩肤说说吧,0,该用户是在询问主播能否详细介绍光子嫩肤项目的效果或体验。
weixue0806,美容护肤,怎么祛斑宝子,0,该用户想询问直播间是否有推荐的祛斑产品或美容项目。
weixue0806,美容护肤,睡衣哪里买的姐姐,1,该用户想询问主播身上穿的睡衣的购买链接或品牌信息。
weixue0806,美容护肤,十号链接还有没有,1,该用户是在询问十号链接的商品是否还有库存或能否购买。
weixue0806,美容护肤,想要你嘴上涂的,1,该用户想表达的含义是：询问主播正在使用的口红色号或唇部产品。
weixue0806,美容护肤,双眼皮去思密达的哪个医院好,0,该用户是在询问韩国哪家医院做双眼皮手术效果较好，表现出对医美项目的具体需求和购买意向。
weixue0806,美容护肤,香水有吗香水有吗,1,该用户急切询问直播间是否有香水产品在售。
weixue0806,美容护肤,毛孔毛孔毛孔毛孔毛孔毛孔毛孔毛孔毛孔毛孔毛孔毛孔毛孔毛孔毛孔毛孔毛孔毛孔,0,该用户想表达的含义是：迫切想知道如何解决毛孔粗大的问题或相关产品推荐。
weixue0806,美容护肤,涂抹的面膜,1,该用户想询问主播推荐适合涂抹的面膜产品。
weixue0806,美容护肤,吊坠好漂亮,1,该用户可能对展示的吊坠产生了兴趣，暗示有潜在的购买意向。
weixue0806,美容护肤,请问黄褐斑用什么好?,1,该用户想询问针对黄褐斑的护肤产品或治疗方法的推荐。
weixue0806,美容护肤,去皱针可以么,1,该用户想询问直播间推荐的产品或项目是否能有效改善皱纹问题。
weixue0806,美容护肤,用奥加娜面膜起痘痘,0,该用户可能是想询问使用奥加娜面膜是否会导致长痘痘，或是反馈自己用了这款面膜后出现了痘痘问题。
weixue0806,美容护肤,水乳哪个好用,1,该用户想询问直播中推荐的护肤水乳产品中哪些效果较好值得购买。
weixue0806,美容护肤,"我一天三片面膜,天天敷……",0,该用户想表达的含义是：我平时对面膜使用频率很高，想了解这款产品是否适合长期敷用。
weixue0806,美容护肤,提升嘴角下垂做什么,0,该用户想询问改善嘴角下垂问题的美容产品或方法。
weixue0806,美容护肤,车里这么多面膜哪个对干皮更好呢,1,该用户想表达的含义是：在直播展示的多款面膜中，询问哪一款更适合干性肤质使用。
weixue0806,美容护肤,你太可爱了[比心],0,该用户是在表达对主播的喜爱和好感，而非直接询问商品信息或表现出购买意向。
weixue0806,美容护肤,说一下眼油说一下眼油说一下眼油说一下眼油说一下眼油说一下眼油说一下眼油说一下眼油,1,该用户迫切希望主播详细介绍或推荐眼部护理产品（眼油）。
weixue0806,美容护肤,有洗衣凝珠吗,1,该用户是在询问直播间是否售卖洗衣凝珠产品，表达了对该商品的购买意向或需求。
weixue0806,美容护肤,下颌线下颌线...啥项目,0,该用户可能是在询问主播提到的“下颌线”相关美容项目或产品的具体信息。
weixue0806,美容护肤,"姐姐,沐浴露味道有推荐",1,该用户想询问主播是否有特定香型的沐浴露产品推荐，表现出对当前商品的购买兴趣和需求。
weixue0806,美容护肤,脸上斑怎么去,0,该用户可能在询问直播间推荐的美白淡斑产品或护肤方法，表现出对解决面部色斑问题的具体需求。
weixue0806,美容护肤,"雪,光子嫩肤可以做吗",0,该用户可能在咨询直播间推荐的美容项目，对“光子嫩肤”这一医美疗程表现出潜在兴趣，想了解其适用性和效果。
weixue0806,美容护肤,印第安纹有什么办法呢,0,该用户是在询问改善印第安纹（眼下或脸颊的凹陷纹路）的护肤方法或医美方案。
weixue0806,美容护肤,"有祛斑的吗?有祛斑的吗,有祛斑的吗?有祛斑的吗?有祛斑的吗?有祛斑的吗",1,该用户急切地询问直播间是否售卖祛斑产品，通过重复提问强调自己的强烈需求，可能因之前关于祛斑的讨论（如黄褐斑、脸上斑等话题）引发了其购买意向。
weixue0806,美容护肤,眼膜姐姐,1,该用户可能是想询问或推荐与眼部护理相关的产品，比如眼膜的具体功效或使用方法。
weixue0806,美容护肤,痘印用什么好,1,该用户想询问针对痘痘问题的有效护肤产品或解决方法。
weixue0806,美容护肤,光子可以做吗?,0,该用户是在询问直播间是否提供或推荐光子嫩肤相关的产品或服务。
weixue0806,美容护肤,10和4,0,该用户可能在询问直播间推荐的第10款和第4款产品的具体信息或使用效果。
weixue0806,美容护肤,瘦脸针可以打吗,0,该用户是在询问直播间推荐的产品或项目是否包含瘦脸针这类医美服务，表现出对改善面部轮廓的具体需求。
weixue0806,美容护肤,气垫气垫气垫气垫气垫气垫气垫气垫气垫气垫气垫气垫气垫气垫气垫气垫气垫气垫气垫气垫气垫气垫气垫气垫气垫,1,该用户急切想了解或购买直播中提到的气垫产品，通过重复刷屏表达强烈兴趣和需求。
weixue0806,美容护肤,油之后还需要用面霜么,1,该用户想询问在使用护肤油后是否还需要叠加面霜以达到更好的保湿或护肤效果。  （结合前文弹幕多为护肤品类咨询，语境显示用户对护肤步骤的连贯性存在疑问，动机是寻求产品搭配建议以优化自身护肤流程。）
weixue0806,美容护肤,红血丝怎么做,0,该用户想询问如何改善或护理面部红血丝问题。
weixue0806,美容护肤,不能天天敷我之前去医院医生说的,0,该用户想表达的含义是：医生建议面膜不宜每天使用，提醒大家注意科学护肤。  （结合前文弹幕中频繁讨论面膜使用频率和护肤问题，用户可能是在反驳“一天三片面膜”的做法，并引用专业建议佐证自己的观点。）
weixue0806,美容护肤,为啥不说光子呢,0,该用户想表达的含义是：为什么主播不讨论光子嫩肤的相关内容。
weixue0806,美容护肤,干皮用水还是乳好,1,该用户想询问干性皮肤更适合使用化妆水还是乳液来保湿护肤。
weixue0806,美容护肤,你怎么这么可爱呢[捂脸][捂脸][捂脸],0,该用户是在表达对主播个人魅力的喜爱和互动热情，而非直接询问商品信息或表达购买意向。
weixue0806,美容护肤,现在季节适用什么面霜,1,该用户想询问适合当前季节使用的面霜产品推荐，表现出对护肤品的具体需求和潜在购买意向。
weixue0806,美容护肤,面膜真心不错[比心][比心][比心]没有想到一个艺人会说真话[比心],0,该用户通过高度认可面膜效果和主播的真诚推荐，间接表达了强烈的购买意愿和信任感。
weixue0806,美容护肤,有去黑头的产品吗,1,该用户是在询问直播间是否有推荐的去黑头护肤产品，表现出对解决特定皮肤问题的购买意向。
weixue0806,美容护肤,去韩国有推荐的医院吗?,0,该用户可能在咨询医美相关的韩国医院推荐，暗示对跨境医疗美容服务有潜在需求。
weixue0806,美容护肤,你现在的涂的是唇釉吗这个好看,1,该用户对主播当前使用的唇釉产品产生了兴趣，并暗示有购买意向。
weixue0806,美容护肤,你用什么粉底液,1,该用户想表达的含义是：询问主播正在使用的粉底液品牌或产品名称，可能出于对产品效果的兴趣或考虑购买同款。
weixue0806,美容护肤,1号到手几片,1,该用户想询问1号产品实际包含的片数或数量。
weixue0806,美容护肤,面霜有吗,1,该用户想询问直播间是否有面霜产品在售或推荐。
weixue0806,美容护肤,光子有用嘛,0,"该用户想询问光子美容项目的实际效果是否值得尝试。  （解析：结合前文多次提及""光子""相关提问及美容话题的讨论氛围，可判断用户是在关注该项目的功效性，意图评估是否适合自己使用。）"
weixue0806,美容护肤,韦雪姐姐你好,0,该用户可能是想通过亲切称呼主播来建立互动，为后续咨询产品或表达购买意向做铺垫。
weixue0806,美容护肤,油霜是早晚用没,1,"该用户想询问油霜是否适合早晚护肤步骤中使用。  （结合前文弹幕中频繁出现护肤产品、使用方法和肤质讨论的语境，用户提问动机聚焦于产品具体使用方式，且隐含对""油霜""功能的兴趣。）"
weixue0806,美容护肤,面膜推荐哪个?我是干皮,1,该用户想表达的含义是：作为干性肤质的消费者，希望主播能针对自己的肤质推荐合适的面膜产品。
weixue0806,美容护肤,涂的什么口红,1,该用户想询问主播当前使用的口红品牌或色号，可能对产品产生了购买兴趣。
weixue0806,美容护肤,上眼窝凹陷咋办,0,该用户可能在咨询改善上眼窝凹陷问题的产品或方法，表现出对相关美容解决方案的潜在购买兴趣。
weixue0806,美容护肤,"真的很棒,姐姐～[比心]",0,该用户想表达对主播推荐的产品或分享的内容表示高度认可和喜爱。
weixue0806,美容护肤,@1***皮秒,0,该用户可能是在询问关于“皮秒激光美容”的相关信息或产品推荐。
weixue0806,美容护肤,项链是哪个品牌的啊?好大气,1,该用户对展示的项链品牌产生了兴趣，认为其设计风格符合自己的审美偏好。
weixue0806,美容护肤,雪雪对我钱包比较友好[比心][比心][比心][比心][比心],0,该用户想表达的含义是：这款产品价格亲民，让我很心动。  （结合语境，“雪雪”可能指主播或产品昵称，“对钱包友好”是价格实惠的委婉表达，[比心]表情强化了积极情绪，整体透露出因性价比高而产生的购买倾向。）
weixue0806,美容护肤,口角囔带怎么解决最好,0,该用户想询问解决嘴角起皮或干燥问题的最佳护肤方法或产品推荐。
weixue0806,美容护肤,姐姐推荐做什么项目,0,该用户可能在询问主播推荐的医美或护肤项目，希望获得针对自身需求的专业建议。
weixue0806,美容护肤,川字纹怎么办,0,该用户可能是在询问直播间是否有针对川字纹（额头皱纹）的护肤产品或医美解决方案，表现出对改善面部皱纹的具体需求。
weixue0806,美容护肤,想看一下身上这衣服,1,该用户对主播身上穿的衣服款式感兴趣，希望主播展示或介绍服装细节以便考虑购买。
weixue0806,美容护肤,14号能讲下吗,1,该用户想询问主播能否详细介绍14号产品的具体信息或使用效果。
weixue0806,美容护肤,水光针可以打不,0,该用户想询问主播是否推荐或了解水光针美容项目的可行性及效果。
weixue0806,美容护肤,凹陷呢,0,该用户可能在询问主播关于面部上眼窝凹陷问题的解决方法或产品推荐。
weixue0806,美容护肤,肉毒弄[比心][比心][比心][比心][比心][比心][比心][比心][比心][比心][比心][比心],0,该用户通过高频的[比心]表情和产品简称，强烈表达了对主播推荐的肉毒类医美产品的兴趣和认可，可能是对产品效果满意或有意向购买。
weixue0806,美容护肤,脖子上的吊坠有链接吗宝,1,该用户想询问主播佩戴的吊坠是否有购买链接，表现出对商品的兴趣和潜在的购买意向。
weixue0806,美容护肤,光子嫩肤怎么样,0,该用户想表达的含义是：询问光子嫩肤项目的效果和体验如何，可能有意向尝试该美容项目。
weixue0806,美容护肤,法令纹怎么办,0,该用户想表达的含义是：询问主播针对法令纹问题是否有推荐的护肤产品或医美解决方案。  （结合前文语境：直播间主要讨论护肤、医美和产品推荐，用户提问多与具体皮肤问题或项目相关，因此该弹幕属于典型的求推荐/求解答类购买意向表达。）
weixue0806,美容护肤,皮秒好吗,0,该用户是在询问皮秒激光美容项目的效果如何，可能有意向尝试该项目。
weixue0806,美容护肤,印第安纹有什么办法,0,该用户是在咨询改善印第安纹（面部皱纹类型）的医美方法或护肤方案。
weixue0806,美容护肤,这么真实的吗[笑哭]好喜欢这样的说话方式,0,该用户被主播直率自然的表达风格所吸引，产生了情感共鸣和好感。
weixue0806,美容护肤,太凹了只能打玻吧?,0,该用户可能在询问面部凹陷问题是否只能通过注射玻尿酸来解决。
weixue0806,美容护肤,1号链接怎么使用呢,1,该用户可能是在询问1号链接商品的具体使用方法或操作步骤，表现出对产品的实际使用需求。
weixue0806,美容护肤,"推荐面膜,美白抗皱",1,该用户想表达的含义是：希望主播能推荐具有美白和抗皱功效的面膜产品。  （结合前文弹幕多为护肤美容类咨询，用户动机明确指向功能性产品需求，且语境偏向直接寻求解决方案的消费意图。）
weixue0806,美容护肤,"长痘又干,用什么好呢?",1,该用户想表达的含义是：自己在皮肤问题上同时存在长痘和干燥的困扰，希望主播能推荐适合的护肤产品或解决方案。
weixue0806,美容护肤,可以再讲下法令纹吗,0,该用户想表达的含义是：对主播讲解的美容项目中关于法令纹的改善方法有进一步了解的意愿。
weixue0806,美容护肤,多敷面膜可以吗,1,该用户想询问频繁使用面膜是否会对皮肤产生负面影响或存在使用禁忌，表现出对产品使用方法的潜在购买顾虑。  （解析：结合直播间以美容护肤问题为主的语境，用户提问聚焦在具体产品使用频率上，隐含对产品功效或安全性的考量，属于典型的消费决策前咨询行为。）
weixue0806,美容护肤,刚才说超声炮不建议做了吗,0,该用户是在询问主播之前是否提到过“超声炮美容项目存在风险或不建议操作”的相关信息，表现出对该项目的潜在兴趣和安全性顾虑。
weixue0806,美容护肤,天天敷就把皮肤角质层泡软,0,该用户是在质疑频繁敷面膜可能对皮肤屏障造成的负面影响，暗示想了解更科学的护肤方法或产品推荐。
weixue0806,美容护肤,眼膜什么时候有眼膜什么时候有,1,该用户急切询问眼膜产品的上架时间，表现出明确的购买意向和需求。
weixue0806,美容护肤,有闭口怎么办姐,0,该用户想询问主播针对皮肤闭口问题有什么解决方案或产品推荐。
weixue0806,美容护肤,黄褐斑有救吗,0,该用户可能是在询问直播间推荐的产品或治疗方法是否能有效改善黄褐斑问题，表现出对相关美容解决方案的兴趣和潜在购买意向。
weixue0806,美容护肤,好美啊,0,该用户可能是被直播中展示的某款美容产品或效果所吸引，表达了对产品外观或使用效果的赞叹和喜爱。
weixue0806,美容护肤,"姐姐,10加点",1,"该用户可能在询问主播关于某种美容项目（如""10点""可能指某种注射点位或疗程）的具体信息或购买方式。"
weixue0806,美容护肤,想看看你衣服,1,该用户可能对主播展示的服装款式产生兴趣，希望主播能更详细地展示或介绍衣服的细节和上身效果。
weixue0806,美容护肤,油皮可以用精华油嘛,1,该用户是在询问精华油产品是否适合油性肌肤使用，表现出对特定护肤品的功效与自身肤质适配性的关注。
weixue0806,美容护肤,姐姐讲讲鼻子[爱心][爱心][爱心][爱心][爱心][爱心][爱心][爱心][爱心],0,该用户想表达对主播讲解鼻子相关美容问题的强烈兴趣和期待。
weixue0806,美容护肤,下睫毛怎么这么长,0,该用户可能是在惊讶或询问主播的睫毛效果，暗示对相关美妆产品的兴趣或想了解如何达到类似效果。
weixue0806,美容护肤,"我打水光,脸上很多很小的痘痘,感觉是针孔,所以建议大家一定别打水光针!!!!",0,该用户是在以自己的负面经历为例，强烈劝阻其他观众不要尝试水光针项目。
weixue0806,美容护肤,毛孔大做什么项目[流泪][流泪],0,该用户因毛孔粗大问题感到困扰，急切想了解直播间推荐的相关美容项目或解决方案。
weixue0806,美容护肤,超声炮能打吗,0,该用户是在询问超声炮美容项目是否适合自己或是否值得尝试。
weixue0806,美容护肤,超声炮呢?能打吗?,0,"该用户是在询问主播关于""超声炮""美容项目的适用性和可行性，想确认自己是否适合尝试该项目。"
weixue0806,美容护肤,德魅蔻轮廓有用吗,0,该用户是在询问德魅蔻品牌的产品是否能有效改善面部轮廓问题。
weixue0806,美容护肤,眉毛之间的竖纹很深怎么拯救,0,该用户想表达的含义是：咨询针对眉间深层皱纹的护肤产品或医美解决方案。
weixue0806,美容护肤,眼袋是不是只能去切,0,该用户是在询问去除眼袋是否必须通过手术切割的方式才能解决。
weixue0806,美容护肤,哈哈哈棒,0,该用户可能是在对主播的解答或展示表示赞赏和兴奋，认为内容非常精彩或实用。
weixue0806,美容护肤,祛斑呢?,0,该用户是在询问直播中提到的祛斑产品或方法是否有效。
weixue0806,美容护肤,面膜敷多的皮肤屏障会受损吗,0,该用户是在咨询频繁使用面膜是否会对皮肤屏障造成损害，表现出对产品安全性的顾虑和潜在的购买犹豫。
weixue0806,美容护肤,光子呢?光子呢?,0,该用户可能在急切询问直播间是否推荐或讲解过名为“光子”的美容项目或产品。
weixue0806,美容护肤,"红血丝,肤色不均匀用什么面膜",1,该用户想询问针对面部红血丝和肤色不均问题推荐哪款面膜。
weixue0806,美容护肤,脸干咋办,0,该用户可能在询问针对脸部干燥问题的护肤产品或解决方案，表现出对相关商品或美容建议的潜在需求。
weixue0806,美容护肤,水光针吗,0,该用户可能是想询问主播推荐的水光针产品或咨询相关美容效果及注意事项。
weixue0806,美容护肤,下颌缘推荐做什么项目自然,0,该用户想询问针对下颌缘部位有哪些医美项目可以达到自然的效果。
weixue0806,美容护肤,气垫气垫气垫气垫气垫气垫气垫气垫气垫气垫气垫气垫气垫气垫气垫气垫气垫气垫,1,该用户急切想了解或购买直播中提到的气垫产品，通过重复关键词表达强烈兴趣和催促主播介绍的需求。
weixue0806,美容护肤,宝宝相机有推荐的吗[送心][送心][送心],1,"该用户想表达的含义是：询问主播是否有值得推荐的儿童相机产品，并透露出较强的购买意向。  （解析：结合前文弹幕多为护肤医美和彩妆产品咨询的语境，该用户突然转向""宝宝相机""这一母婴品类，属于明确的产品需求提问；使用""[送心]""表情符号三次，暗示对推荐结果的期待和好感倾向，符合电商直播中潜在消费者的典型互动特征。）"
weixue0806,美容护肤,我只打了三次,0,该用户想表达的含义是：自己尝试水光针的次数较少（仅三次）却出现了不良反应。  （结合前文弹幕中关于水光针的负面反馈和讨论，用户可能在委婉反驳或补充自身经历，暗示次数少也可能引发问题。）
weixue0806,美容护肤,啥面膜,1,"该用户想询问当前推荐的面膜产品具体是什么或有什么功效。  （结合前文弹幕多为护肤咨询的语境，""啥面膜""是典型的需求提问，可能是对主播提到的某款面膜产生兴趣，或针对自身需求（如补水、修复等）寻求推荐。）"
weixue0806,美容护肤,"脸颊凹怎么办,我的雪儿",0,该用户可能在咨询如何改善面部脸颊凹陷的问题，并表达了对主播“雪儿”的亲近感或信任。
weixue0806,美容护肤,啊啊啊理我一下,0,该用户可能是急切希望主播注意到自己的提问或互动请求，表达了对主播回应的强烈期待。
weixue0806,美容护肤,水光真的不能打,0,该用户想表达的含义是：对水光针项目的效果或安全性表示质疑或否定。
weixue0806,美容护肤,男朋友对我爱答不理怎么办,0,该用户可能是在借情感问题间接询问直播间是否有改善人际关系或提升魅力的美容产品或服务。
weixue0806,美容护肤,抗衰面霜,1,该用户可能是在询问直播间是否有抗衰老功效的面霜产品推荐。
weixue0806,美容护肤,5号链接几天敷一次,1,该用户想询问5号链接对应的产品（可能是面膜或护肤品）的使用频率是否有限制或建议。
weixue0806,美容护肤,黑眼圈咋弄,0,该用户想询问如何改善或消除黑眼圈问题。
weixue0806,美容护肤,能和我聊天吗,0,该用户可能想通过互动确认主播是否注意到自己，或试图以闲聊方式拉近关系以获取更个性化的产品推荐。
weixue0806,美容护肤,润唇膏推荐一下,1,该用户想表达的含义是：希望主播能推荐一款适合自己使用的润唇膏产品。
weixue0806,美容护肤,光子和刷酸也不要做么,0,该用户是在询问是否建议做光子嫩肤和刷酸这两种美容项目。
weixue0806,美容护肤,祛黄褐斑,0,该用户可能在询问如何改善或消除黄褐斑问题，表现出对相关护肤产品或治疗方法的兴趣。
weixue0806,美容护肤,有修复面霜吗,1,"该用户是在询问直播间是否有针对皮肤修复功能的面霜产品。  （释义逻辑：结合前文弹幕中高频出现护肤、医美相关需求（如红血丝、脸干、抗衰面霜等），""修复面霜""的提问符合直播间用户关注功效型护肤品的语境，属于明确的产品需求询问。）"
weixue0806,美容护肤,胶原蛋白涂抹的那款面膜有吗,1,该用户想询问直播间是否有售卖含有胶原蛋白成分的涂抹式面膜产品。
weixue0806,美容护肤,素颜霜素颜霜素颜霜素颜霜素颜霜素颜霜素颜霜素颜霜素颜霜素颜霜素颜霜素颜霜素颜霜素颜霜素颜霜素颜霜素颜,1,该用户可能是在强烈催促主播介绍或上架素颜霜产品，表现出急切想了解或购买的意愿。
weixue0806,美容护肤,"怎么祛斑,好焦虑啊",0,该用户希望通过直播间的专业建议找到有效的祛斑方法，并透露出因皮肤问题产生的迫切需求。
weixue0806,美容护肤,睡衣好漂亮,1,该用户被直播中展示的睡衣款式吸引，产生了潜在的购买意向。
weixue0806,美容护肤,毛孔做什么项目?,0,该用户想询问针对毛孔问题的美容项目推荐或解决方案。
weixue0806,美容护肤,干皮用水还是乳[比心][比心],1,该用户是在询问干性皮肤适合使用化妆水还是乳液，并表达了对产品推荐的兴趣和好感。
weixue0806,美容护肤,说下21号,1,该用户可能在询问主播关于21号产品链接的详细介绍或使用说明。
weixue0806,美容护肤,洗面奶好用嘛姐姐,1,该用户是在询问主播推荐的洗面奶产品效果如何，表现出对产品的试用兴趣和购买意向。
weixue0806,美容护肤,口角囔带怎么解决,0,"该用户想询问如何改善或治疗嘴角部位的皮肤问题（如干燥、起皮等）。  （结合前文弹幕多为护肤美容类提问，且语境偏向具体症状的解决方案，""口角囔带""可能是方言或打字错误，实际指向嘴角皮肤问题，与直播间讨论的护肤需求一致。）"
weixue0806,美容护肤,哪款面膜可以,1,该用户想询问直播间推荐的具体面膜款式或类型。
weixue0806,美容护肤,有祛斑的吗?有祛斑的吗?有祛斑的吗有祛斑的吗有祛斑的吗有祛斑的吗,1,该用户迫切想了解直播间是否有祛斑类产品，可能因自身需求或看到前文相关讨论而反复追问。
weixue0806,美容护肤,睡衣好看[赞],1,该用户想表达的含义是：对直播中展示的睡衣款式表示喜爱并可能产生购买意向。
weixue0806,美容护肤,"你是资本牺牲者,不怪你",0,该用户可能在讽刺主播被商业利益驱使，暗示其推荐产品并非真心为消费者考虑。
weixue0806,美容护肤,脸部凹陷呢,0,该用户可能在询问主播是否有针对脸部凹陷问题的产品或解决方案。  （结合前文弹幕多为护肤美容相关提问，语境偏向产品咨询，因此推测用户是希望获得改善脸部凹陷的建议或推荐。）
weixue0806,美容护肤,超声刀,0,该用户可能是在询问关于超声刀美容项目的效果或适用情况。
weixue0806,美容护肤,是为了祛痘印,0,该用户想表达的含义是：询问当前直播推荐的产品是否具有淡化痘印的效果。
weixue0806,美容护肤,减肥的吗,0,该用户是在询问直播中推荐的产品是否具有减肥功效。
weixue0806,美容护肤,大干皮怎么办,0,该用户想询问针对严重干燥皮肤的护肤建议或产品推荐。
weixue0806,美容护肤,就喜欢韦雪这性格,0,该用户是在表达对主播个人特质的欣赏，暗示因喜欢其性格而可能产生支持或购买意愿。
weixue0806,美容护肤,用的什么粉底,1,该用户想询问主播正在使用的粉底产品信息，可能对购买同类化妆品感兴趣。
weixue0806,美容护肤,黄金微针呢能做吗?,0,该用户是在询问直播间是否提供黄金微针美容项目的服务或相关产品信息。
weixue0806,美容护肤,姐你多大了一直都是只闻其声不闻其人,0,该用户想表达的含义是：对主播的真实样貌感到好奇，希望主播能露脸展示自己。
weixue0806,美容护肤,"为啥,我早上一片面膜,晚上一片面膜,白天还防晒我的皮肤还那么干[捂脸]",0,该用户想表达的含义是：尽管自己已经按照常规护肤流程频繁使用面膜和防晒，但皮肤依然干燥缺水，对此感到困惑和无奈。
weixue0806,美容护肤,"雪雪,项链谁们家的啊",1,该用户想询问主播身上佩戴的项链是哪家品牌或店铺的产品，表达了对该项链的购买兴趣。
weixue0806,美容护肤,你是不是白发多,0,该用户可能是在询问主播是否有针对白发问题的产品或护理建议。
weixue0806,美容护肤,主播涂的唇膏怎么样,1,该用户想询问主播使用的唇膏效果如何，可能是对产品产生了兴趣或考虑购买。
weixue0806,美容护肤,安敏优的面膜怎么样呀?,1,该用户想了解安敏优面膜的具体使用效果和品质，可能对这款产品产生了购买兴趣。
weixue0806,美容护肤,黄金微针有用吗?,0,该用户想询问黄金微针美容项目的实际效果是否显著，隐含对这项服务的潜在购买兴趣。
weixue0806,美容护肤,好可爱[666][666],0,该用户想表达的含义是：被直播中展示的某款产品或主播的装扮所吸引，觉得非常喜欢。
weixue0806,美容护肤,素颜霜素颜霜素颜霜素颜霜素颜霜素颜霜素颜霜素颜霜素颜霜素颜霜素颜霜素颜霜素颜霜素颜霜素颜霜素颜霜,1,该用户想表达的含义是：强烈询问或催促主播介绍/推荐素颜霜产品。  （用户通过高频重复关键词“素颜霜”表达急切需求，可能是对产品有明确兴趣，或希望主播优先回应这一品类。）
weixue0806,美容护肤,雪雪光子嫩肤建议打吗,0,该用户想询问主播是否推荐尝试“光子嫩肤”这一美容项目，并希望了解其效果或适用性。
weixue0806,美容护肤,嘴唇打不是只能用玻尿酸吗,0,该用户可能是在质疑或询问除了玻尿酸之外是否还有其他改善嘴唇问题的美容方式。
weixue0806,美容护肤,有没有搓泥宝,1,该用户是在询问直播间是否售卖或推荐用于身体去角质的产品（搓泥宝）。
weixue0806,美容护肤,有眼袋怎么办?,0,该用户可能是在询问直播间推荐的美容产品或护理方法能否解决眼袋问题，表达了对改善眼部状态的潜在购买兴趣。
weixue0806,美容护肤,"做了鼻子,感觉黑头不好去,怎么办",0,该用户想表达的含义是：自己因做过鼻部整形导致黑头难以清理，希望主播能提供解决方法。  （结合前文弹幕多为美容护肤类提问，用户心理可能是对术后护理的担忧，并期待主播推荐相关产品或技巧。）
weixue0806,美容护肤,不然我也不打,0,该用户想表达的含义是：如果不是对产品感兴趣，我也不会主动提问或参与互动。
weixue0806,美容护肤,那个贴了能变薄的面膜还有嘛,1,该用户是在询问直播间是否还有售卖具有紧致瘦脸功效的面膜产品。
weixue0806,美容护肤,姐姐发际线好好看,0,该用户是在夸赞主播的发际线造型美观，可能隐含对相关护发产品或美容项目的兴趣。
weixue0806,美容护肤,"40岁,,买哪款面膜????????",1,该用户想表达的含义是：询问适合40岁年龄段的推荐面膜产品。
weixue0806,美容护肤,为什么好多人推荐银管那个面膜,0,该用户对直播间多人推荐的银管面膜产生了好奇和兴趣，想进一步了解其功效或购买信息。
weixue0806,美容护肤,"肉毒肉毒姐姐,怎样",0,该用户可能在询问主播关于肉毒杆菌产品的效果或使用体验，表达出对医美项目的兴趣和购买意向。
weixue0806,美容护肤,"黑眼圈,毛孔粗大咋办呢?",0,该用户是在咨询改善黑眼圈和毛孔粗大问题的护肤产品或美容方法。
weixue0806,美容护肤,毛孔粗大做什么?,0,该用户想咨询改善毛孔粗大问题的护肤产品或护理方法。
weixue0806,美容护肤,双眼皮可以做吗,0,该用户可能在咨询直播间推荐的美容项目或产品中是否包含双眼皮整形相关服务。
weixue0806,美容护肤,韦雪斑怎么去不,0,该用户可能在询问“如何去除韦雪斑（一种皮肤色斑）”。
weixue0806,美容护肤,打不打都是自己的事在这只是讨论,0,"该用户想表达的含义是：是否选择医美项目是个人自由，大家在这里只是交流经验而已。  （结合前文医美相关讨论，用户可能在回应他人对""打针/治疗""的争议，强调讨论的开放性而非强制倾向。）"
weixue0806,美容护肤,去年降价后就不推荐了,0,该用户是在质疑产品降价后的质量或效果不如从前，暗示对当前推荐持保留态度。
weixue0806,美容护肤,面膜天天敷不是不好么,0,该用户可能是在质疑主播推荐的面膜使用频率，担心过度敷面膜会对皮肤造成负面影响。
weixue0806,美容护肤,"红血丝,肤色不均匀",0,该用户可能是在询问针对面部红血丝和肤色不均问题的护肤产品或解决方案。
weixue0806,美容护肤,"人家都说了,会做项目,只是不打水光而已",0,该用户想表达的含义是：主播已经明确表示会提供美容项目服务，只是不包含水光针这一项而已。
weixue0806,美容护肤,打了会留针眼,0,该用户可能是在表达对注射美容项目的顾虑，担心打针会留下明显的针眼痕迹。
weixue0806,美容护肤,美白用什么牌子的水乳?,1,该用户是在询问适合美白功效的水乳产品推荐，表达了对改善肤色的具体需求。
weixue0806,美容护肤,推荐油,1,该用户可能在询问主播是否有推荐的护肤油产品。
weixue0806,美容护肤,怀孕可以用你的产品吗,1,该用户可能在询问产品是否适合孕妇使用，以评估自身情况下的购买安全性。
weixue0806,美容护肤,热玛吉呢,0,该用户可能在询问直播间是否推荐或讨论过热玛吉美容项目。
weixue0806,美容护肤,素颜霜素颜霜素颜霜素颜霜素颜霜素颜霜素颜霜素颜霜素颜霜素颜霜素颜霜素颜霜素颜霜素颜霜,1,该用户可能是在强烈催促主播介绍或上架素颜霜产品，表达出急切想要了解或购买的意愿。
weixue0806,美容护肤,身上衣服有吗?,1,该用户是在询问主播身上穿的同款衣服是否在售。
weixue0806,美容护肤,德国的玻尿酸有吗,1,该用户是在询问直播间是否售卖德国产的玻尿酸产品，表现出对特定品类商品的购买意向。
weixue0806,美容护肤,雪雪光子嫩肤建议打吗雪雪光子嫩肤建议打吗雪雪光子嫩肤建议打吗雪雪光子嫩肤建议打吗雪雪光子嫩肤建议打吗,0,该用户迫切想咨询主播关于光子嫩肤项目的效果和推荐意见，表现出较强的潜在消费意向。
weixue0806,美容护肤,肉毒可以打吗?,0,该用户可能在询问直播间推荐的美容项目中是否包含肉毒杆菌注射服务，或想了解主播对肉毒素美容的看法和建议。
weixue0806,美容护肤,光子呢光子呢光子呢光子呢,0,该用户急切询问主播关于“光子嫩肤”项目的相关信息或使用体验。  （解析：结合前文高频出现的医美项目讨论（如肉毒、热玛吉、玻尿酸）及“光子嫩肤”的重复提问，可推断“光子”是“光子嫩肤”的简称，用户通过重复短句强化提问意图，表现出对该项目的强烈兴趣或迫切需求。）
weixue0806,美容护肤,打胶原蛋白好吗,0,该用户想表达的含义是：询问注射胶原蛋白的美容效果和安全性是否值得尝试。
weixue0806,美容护肤,一号链接油怎么用,1,该用户想询问直播间推荐的一号链接护肤油的具体使用方法。
weixue0806,美容护肤,"雪,买的极萌的有效果吗?",0,"该用户是在向主播""雪""咨询极萌产品的使用效果，以评估是否值得购买。"
weixue0806,美容护肤,26岁用哪款面膜合适,1,该用户想表达的含义是：询问适合自己年龄段的护肤品推荐，希望主播能针对26岁肤质特点给出面膜选购建议。  （解析：结合前文弹幕中频繁出现的护肤品类讨论（如美白、水乳、玻尿酸等）和具体需求提问（如怀孕可用性、红血丝等），该用户属于主动寻求产品推荐的潜在消费者，提问聚焦年龄适配性，隐含对主播专业建议的信任和购买决策参考需求。）
weixue0806,美容护肤,推荐哪个面膜?皮肤很干,1,该用户想表达的含义是：希望主播根据自己干燥的肤质特点推荐适合的面膜产品。
weixue0806,美容护肤,"光子嫩肤呢,怎么样?",0,该用户是在询问主播对光子嫩肤项目的效果评价和推荐意见，表现出对该医美项目的潜在购买兴趣。
weixue0806,美容护肤,刚说建议两样是什么,0,该用户想询问主播之前推荐的两种产品具体是什么。
weixue0806,美容护肤,衬衫哪里买的,1,该用户想询问主播身上穿的衬衫的购买渠道或品牌信息。
weixue0806,美容护肤,姐妹涂的什么口红?,1,该用户是在询问主播使用的口红品牌，表现出对美妆产品的兴趣和潜在的购买意向。
weixue0806,美容护肤,为什么不推荐了,0,该用户可能在疑惑主播为何没有继续推荐之前提到的某款产品或服务，希望得到相关信息的延续或解释。
weixue0806,美容护肤,美瞳美瞳美瞳,1,该用户急切想了解或购买直播中提到的美瞳产品。
weixue0806,美容护肤,光子可以打吗?,0,该用户是在询问直播中推荐的产品是否适合进行光子嫩肤治疗。
weixue0806,美容护肤,眼部保养姐姐,0,该用户想询问主播推荐的适合眼部护理的产品或护理方法。
weixue0806,美容护肤,热热好还是刀刀好???,0,"该用户可能在询问两种美容产品或仪器的效果对比，想了解""热玛吉""和""超声刀""哪个更适合自己。"
weixue0806,美容护肤,热玛吉可以做吗,0,该用户是在询问直播间是否提供热玛吉医美项目或相关产品的购买服务。
weixue0806,美容护肤,长痘怎么办宝,0,该用户想咨询主播关于解决痘痘问题的产品或方法。
weixue0806,美容护肤,黄金微针可以做吗?,0,该用户想询问直播间推荐的医美项目中是否包含黄金微针这项服务，并希望了解其可行性或效果。
weixue0806,美容护肤,面部提升可以做吗?,0,该用户是在询问直播中推荐的美容项目是否包含面部提升项目，并对其效果或适用性产生兴趣。
weixue0806,美容护肤,这么有钱怎么不去做个好看的眉毛[捂脸][比心],0,该用户是在调侃主播的眉毛造型不够精致，暗示主播应该注重形象管理以匹配其经济实力。
weixue0806,美容护肤,有贵妇膏吗,1,该用户是在询问直播间是否售卖贵妇膏这款护肤品，表现出对产品的具体需求和购买意向。
weixue0806,美容护肤,新粉推荐那款面膜,1,该用户作为新观众希望主播推荐一款适合初次尝试的面膜产品。
weixue0806,美容护肤,"水乳,!!!-",1,"该用户想表达的含义是：询问主播推荐的水乳产品并表现出强烈兴趣。  （结合前文多为护肤类产品咨询和急切提问的语境，""!!!""可体现用户对水乳产品的迫切关注，短句形式符合直播间快速互动的表达习惯）"
weixue0806,美容护肤,眼霜有推荐么,1,该用户是在询问直播间是否有适合自己需求的眼霜产品推荐。
weixue0806,美容护肤,@生***一院美荣科光子那个仪器就能做红血丝,0,该用户想表达的含义是：询问主播提到的光子美容仪器是否能用于改善红血丝问题。
weixue0806,美容护肤,有没有补水多,1,该用户是在询问直播间推荐的产品中是否有补水效果较强的款式。
weixue0806,美容护肤,有什么推荐的项目,0,该用户可能在询问直播间推荐的美容护肤产品或医美项目。
weixue0806,美容护肤,沐浴露身体乳推荐那个味道,1,该用户想表达的含义是：希望主播推荐沐浴露和身体乳中比较好闻的香型款式。  （结合前文语境，直播间讨论的多是护肤、美妆和个护产品推荐，用户延续这一主题，针对洗浴类产品提出具体需求，关注点在于香味的偏好。）
weixue0806,美容护肤,链接里没有爽肤水之类的推荐吗,1,该用户是在询问直播间推荐的商品列表中是否包含爽肤水这类护肤品，暗示对补水产品的购买兴趣。
weixue0806,美容护肤,胶原灌注面膜什么时候有?,1,该用户是在询问这款面膜的具体上架或补货时间，表现出明确的购买意向和需求。
weixue0806,美容护肤,说说祛斑的产品吧[比心],1,该用户想表达的含义是：希望主播详细介绍祛斑产品的功效或推荐相关商品。
weixue0806,美容护肤,可以再讲一下法令纹吗,0,该用户想进一步了解关于改善法令纹的产品或项目信息。
weixue0806,美容护肤,次抛精华怎么用,1,该用户想询问次抛精华产品的具体使用方法，可能是对这款产品感兴趣并考虑购买。
weixue0806,美容护肤,筋膜提升可以做吗,0,该用户是在询问直播间是否提供筋膜提升相关的医美项目或产品推荐。
weixue0806,美容护肤,看看手链姐姐,1,该用户想表达的含义是：请主播展示或推荐手链产品。
weixue0806,美容护肤,"你嘴上的口红上一下,你嘴上的口红上一下",1,该用户想表达的含义是：希望主播推荐或展示她正在使用的口红色号或产品。
weixue0806,美容护肤,姐姐25岁用哪款面膜,1,该用户是在询问适合25岁年龄段使用的面膜产品推荐，表现出明确的购买意向和需求匹配诉求。
weixue0806,美容护肤,哪个面膜好用,1,该用户是在询问直播间推荐的面膜产品中哪款效果更好，希望主播能给出针对性的购买建议。
weixue0806,美容护肤,"雪啊,快告诉我三明治敷法,我想淡斑[比心][比心][比心][比心][比心][比心][比心][比心][比心][比心][比心][比心][爱心][爱心][爱心][爱心][爱心][爱心][爱心][爱心]",1,"该用户急切想了解主播推荐的三明治敷法（可能是某种面膜叠加使用方法）来帮助淡化色斑，并表现出强烈的信任和期待。  （解析：结合前后弹幕高频出现""面膜""""祛斑""""产品推荐""等关键词，且用户用大量爱心符号强化情感，可推断其核心诉求是获取具体美容方法而非单纯互动，且对主播的专业性有较高认同。）"
weixue0806,美容护肤,10号油什么时候有货[比心][比心][比心],1,该用户急切询问10号精油的具体补货时间，并表现出强烈的购买意向和喜爱之情。
weixue0806,美容护肤,想买面膜,1,该用户是在询问主播推荐适合自己需求的面膜产品，并透露出明确的购买意向。
weixue0806,美容护肤,"姐姐,26岁可以敷你的这个面膜吗??",1,该用户想询问主播推荐的面膜是否适合26岁的肤质使用，表现出明确的购买意向和产品适配性需求。
weixue0806,美容护肤,眼纹眼纹眼纹,0,该用户急切想了解关于改善眼纹的产品或护理方法。
weixue0806,美容护肤,刚才嘴上涂的是什么,0,该用户想询问主播刚才使用的口红色号或唇部产品，表现出对这款彩妆的购买兴趣。
weixue0806,美容护肤,小小兵来了,0,该用户可能是在询问直播中提到的某款产品或服务（如“小小兵”系列或相关昵称）的购买信息或使用体验。
weixue0806,美容护肤,"唇周好像特别干,甚至起皮,咋整啊?雪",0,该用户想表达的含义是：咨询如何解决唇部干燥脱皮的问题，并希望主播“雪”推荐相关护肤产品或方法。
weixue0806,美容护肤,屏障受损有没有修复的推荐,1,该用户想询问针对皮肤屏障受损问题的修复产品推荐。
weixue0806,美容护肤,脸部针灸美容有用么,0,该用户是在询问脸部针灸美容的实际效果是否值得购买。  （结合前文弹幕多为对美容产品的功效、使用方法和适用性的提问，可推断用户关注点在于该项目的有效性，隐含潜在购买意向。）
weixue0806,美容护肤,脸垮脸凹怎么办、打什么,0,该用户想询问如何解决面部松弛和凹陷问题，并希望主播推荐相应的美容产品或治疗方法。
weixue0806,美容护肤,推荐下韩国医院吧,0,该用户可能是在询问与医美相关的韩国医院推荐，表达了对特定美容项目或服务的潜在购买兴趣。
weixue0806,美容护肤,有没有去眼下脂肪粒的,1,该用户是在询问直播间是否有能消除眼下脂肪粒的美容产品或解决方案。
weixue0806,美容护肤,素颜霜素颜霜素颜霜素颜霜素颜霜素颜霜素颜霜素颜霜素颜霜素颜霜素颜霜素颜霜素颜霜素颜霜素颜霜,1,该用户急切想了解或购买主播推荐的素颜霜产品。
weixue0806,美容护肤,脸垮怎么办,0,该用户可能是在询问如何改善面部皮肤松弛或下垂的问题，并希望主播推荐相关产品或护理方法。
weixue0806,美容护肤,4号和10号链接怎么用,1,该用户可能在询问直播间推荐的4号和10号产品的具体使用方法或适用场景，表现出对这两款商品的潜在购买兴趣。
weixue0806,美容护肤,鼻基底凹陷怎么办,0,该用户可能是在询问如何改善鼻基底凹陷问题，并暗示对相关美容产品或解决方案有潜在购买兴趣。
weixue0806,美容护肤,胶原蛋白面膜首推一下,1,该用户想表达的含义是：希望主播重点推荐一款胶原蛋白面膜，可能是出于对这款产品的购买兴趣或想了解其功效。  （结合前文语境，直播间讨论集中在护肤问题尤其是面膜推荐，用户主动提出具体产品类型，暗示有明确的选购需求。）
weixue0806,美容护肤,推荐什么面膜,1,该用户是在主动寻求主播针对面膜产品的具体推荐建议，表现出明确的购买意向和决策参考需求。
weixue0806,美容护肤,打了水光会有什么不好吗,0,该用户是在询问水光针可能存在的副作用或风险，表现出对医美项目的潜在顾虑和进一步了解的需求。
weixue0806,美容护肤,是不推荐超声炮了不知道为什么,0,该用户可能是在疑惑为什么主播没有推荐超声炮项目，暗示自己对此有一定兴趣或需求。
weixue0806,美容护肤,"有斑有斑有斑,推荐一下项目",0,该用户想表达的含义是：自己脸上有斑，希望主播推荐适合改善色斑的护肤项目或产品。
weixue0806,美容护肤,"点阵呢?我才做,但是做完就后悔了",0,该用户可能在询问主播之前提到的“点阵激光美容项目”的效果，并表达了自己尝试后感到不满意的困惑情绪。
weixue0806,美容护肤,法令纹呢?雪儿,0,该用户可能在询问主播关于如何改善或消除法令纹的问题，并直接点名主播“雪儿”寻求解答。
weixue0806,美容护肤,小疙瘩是不是太频繁敷面膜导致的,0,该用户可能是想询问频繁敷面膜是否会导致皮肤出现小疙瘩的问题，表达了对护肤方法的疑虑和寻求解答的意愿。
weixue0806,美容护肤,4号能不能清洗防晒霜,1,该用户可能在询问4号产品是否具备清洁防晒霜的功能，暗示对产品的清洁效果感兴趣并考虑购买。
weixue0806,美容护肤,颈纹颈纹颈纹颈纹颈纹,0,该用户想表达的含义是：想咨询改善颈部皱纹的产品或方法。  （结合前文弹幕中高频出现的护肤、医美类问题，用户通过重复关键词“颈纹”强调需求，可能是希望主播推荐相关解决方案。）
weixue0806,美容护肤,颈纹啊怎么办、能不能回复了,0,该用户急切地询问如何改善颈纹问题，并催促主播尽快回应之前的提问。
weixue0806,美容护肤,貔貅好好看,1,"该用户想表达的含义是：对直播中展示的貔貅饰品产生了强烈的审美认同和潜在购买意愿。  （解析：结合前20条弹幕聚焦美容护肤类问题的语境，突然出现的""貔貅""显然指向直播间新展示的饰品类商品，用户用感叹句式直接表达对产品外观的喜爱，隐含""想拥有""的消费冲动，符合电商直播中常见的兴趣型互动话术。）"
weixue0806,美容护肤,衬衫哪里买,1,"该用户想表达的含义是：询问直播间展示的衬衫商品购买渠道或下单方式。  （结合前文语境，弹幕多为针对直播内容的即时提问，涉及产品推荐、使用方法和效果咨询，因此""衬衫哪里买""属于典型的购买意向表达，核心诉求是获取购买信息而非单纯讨论商品。）"
weixue0806,美容护肤,口腔囊袋怎么改善求问,0,该用户想表达的含义是：咨询如何解决口腔囊袋问题的改善方法或产品推荐。
weixue0806,美容护肤,水没了想找一款,1,该用户想表达的是“我的护肤品用完了，希望主播推荐一款合适的补水产品”。  （结合前文弹幕多为护肤类咨询，且语境围绕面部护理问题，“水没了”更可能指补水类护肤品耗尽，而非字面意义的饮用水。）
weixue0806,美容护肤,害得我不敢天天敷面膜,0,该用户可能因担心过度敷面膜会导致皮肤问题（如小疙瘩），而表达了对使用频率的顾虑和寻求建议的意图。
weixue0806,美容护肤,"印第安纹有什么推荐,亲爱的",1,该用户想询问针对印第安纹（面部皱纹的一种）的护肤产品或医美项目推荐。
weixue0806,美容护肤,黑金超光子推荐吗?,0,"该用户是在询问主播是否推荐""黑金超光子""这款美容项目或产品。"
weixue0806,美容护肤,法令纹怎么去,0,该用户想询问直播间推荐什么产品或方法来改善法令纹问题。
weixue0806,美容护肤,粉底液推荐一个,1,该用户是在寻求适合自己肤质的粉底液产品推荐。
weixue0806,美容护肤,可以讲讲一号链接吗,1,该用户对一号链接的商品产生了兴趣，希望主播详细介绍其功能或特点。
weixue0806,美容护肤,拍了洗面奶,0,"该用户想表达的含义是：已经下单购买了刚才提到的洗面奶产品。  （结合直播间的护肤美妆主题及密集的咨询互动氛围，用户用简洁的""拍了""表明完成购买行为，且洗面奶可能是主播正在讲解或直播间主推的商品。）"
weixue0806,美容护肤,那热玛吉呢?雪儿,0,该用户想询问主播“雪儿”关于热玛吉项目的效果或推荐意见。
weixue0806,美容护肤,又美了,0,该用户可能在夸赞主播或产品效果，表达对当前展示内容的喜爱和认可。
weixue0806,美容护肤,肉毒打的好吗?,0,该用户是在询问肉毒杆菌注射的效果如何，可能对医美项目感兴趣并考虑尝试。
weixue0806,美容护肤,我是一个零零后的小男生[看][看]但我是一个小0,0,该用户可能是在以幽默自嘲的方式暗示自己的性别身份（男同性恋中的受方），同时试图通过轻松调侃的方式融入直播间氛围，而非直接表达对商品的购买兴趣。
weixue0806,美容护肤,祛痘印的可以推荐吗,1,该用户是在询问直播间是否有适合祛痘印的产品推荐。
weixue0806,美容护肤,光子嫩肤能做吗,0,该用户可能是在询问直播间推荐的美容项目中是否包含光子嫩肤这一选项，并对其效果或适用性感兴趣。
weixue0806,美容护肤,有祛斑的吗有祛斑的吗有祛斑的吗有祛斑的吗?有祛斑的吗有祛斑的吗,1,该用户急切地询问直播间是否有祛斑产品推荐，表现出强烈的购买需求和重复追问的焦虑心态。
weixue0806,美容护肤,黄金微针可以做吗?38岁,0,该用户是在询问黄金微针美容项目是否适合38岁年龄段的肌肤状况，表现出对医美抗衰项目的具体需求和兴趣。
weixue0806,美容护肤,"对的,韦雪",0,该用户可能在附和主播对某位嘉宾（韦雪）的提及或观点，表示认同或关注。
weixue0806,美容护肤,如果面膜效果有那么好.整容医院的项目都没人去搞了,0,该用户是在质疑面膜宣传效果的夸张性，暗示其功效不可能媲美医美项目。
weixue0806,美容护肤,你涂的啥口红,1,该用户想询问主播正在使用的口红品牌或色号信息，可能对产品产生购买兴趣。
weixue0806,美容护肤,链接1一共多少片面膜?,1,该用户想询问商品详情中面膜的具体数量，表现出对产品的实际购买考量。
weixue0806,美容护肤,眼纹眼纹,0,该用户想询问关于改善眼纹的产品或方法推荐。
weixue0806,美容护肤,黑头.毛孔.怎么办啊,0,该用户可能在询问直播间是否有针对黑头和毛孔问题的产品或解决方案。
weixue0806,美容护肤,你用的什么粉底,1,该用户想表达的含义是：询问主播当前使用的粉底产品信息，可能有意向购买同款。
weixue0806,美容护肤,你有点像杨幂[比心],0,该用户是在夸赞主播外貌神似明星杨幂，以此表达对主播的喜爱或亲近感，但并未直接表现出对产品的购买兴趣。
weixue0806,美容护肤,痘印怎么消,0,该用户想询问消除痘印的产品或方法，可能对相关护肤产品有购买意向。
weixue0806,美容护肤,姐姐做了什么呀,0,该用户可能是询问主播正在演示或使用的产品具体是什么。
weixue0806,美容护肤,光子咋样,0,该用户是在询问主播关于“光子嫩肤”项目的效果或体验如何。
weixue0806,美容护肤,姐姐怎么修复屏障,0,"该用户想询问主播如何修复皮肤屏障功能（可能针对敏感肌或受损肌肤的护理方法）。  （解析：结合直播间美妆护肤类提问密集的语境，""屏障""在护肤领域特指皮肤屏障，且前后弹幕多为功效型护肤咨询，可推断这是关于皮肤修复的专业护理问题。）"
weixue0806,美容护肤,雪雪推荐一下身体乳,1,"该用户希望主播能针对身体护理需求推荐一款适合的身体乳产品。  （解析：结合前文弹幕多为美容护肤类具体产品咨询的语境，用户提问延续了寻求个人护理建议的动机，且隐含对主播""雪雪""专业推荐的信任。）"
weixue0806,美容护肤,护肤油推荐一下,1,该用户希望主播能针对护肤油产品给出具体的购买建议或推荐。
weixue0806,美容护肤,上10号吧,1,该用户可能在催促主播上架或详细介绍10号商品（可能是之前提到的护肤品或医美项目）。
weixue0806,美容护肤,素颜霜素颜霜素颜霜素颜霜素颜霜素颜霜素颜霜素颜霜素颜霜素颜霜素颜霜素颜霜,1,该用户急切地询问或催促主播介绍/上架素颜霜产品，表现出强烈的购买意向或对产品的重点关注。  （解析：重复高频关键词是直播弹幕中常见的催促行为，结合前文护肤美妆类产品密集提问的语境，可判断用户并非单纯玩梗，而是通过刷屏方式强调对素颜霜的需求。）
weixue0806,美容护肤,今天刚打的皮贴骨,0,该用户可能是在询问主播使用的护肤品或医美项目，暗示自己也有类似的面部皮肤问题需要解决。
weixue0806,美容护肤,能给推荐一款吗,1,该用户希望主播根据当前讨论的护肤或美容产品类型推荐一款适合自己的具体产品。
weixue0806,美容护肤,分享分享呗,0,该用户可能是在请求主播分享当前展示的产品链接或优惠信息。
weixue0806,美容护肤,"脸部皮肤松弛,她们叫我做线雕,线雕可以做吗",0,"该用户想表达的含义是：咨询线雕项目是否适合改善自己面部皮肤松弛的问题，并希望获得主播的专业建议或产品推荐。  （分析依据：结合前文弹幕中高频的医美项目咨询（如黄金微针、光子）和护肤痛点（痘印、毛孔等），用户提问动机倾向于寻求针对自身问题的解决方案，而非单纯闲聊；同时语境中大量""推荐""""怎么做""类请求，暗示用户对主播的信任和潜在购买意向。）"
weixue0806,美容护肤,全身怎么白呢,0,该用户想询问如何让全身皮肤变白的美白方法或产品推荐。
weixue0806,美容护肤,唇膏是哪个,1,该用户想询问主播当前使用的唇膏品牌或色号，并可能有意向购买同款产品。
weixue0806,美容护肤,有法令纹怎么办,0,该用户想表达的含义是：询问主播如何改善或消除法令纹问题。
weixue0806,美容护肤,讲下14号面膜,1,该用户想表达的含义是：希望主播详细介绍14号面膜的功效或使用体验。
weixue0806,美容护肤,身体露推荐下,1,该用户想表达的含义是：希望主播推荐一款适合身体使用的护肤产品。
weixue0806,美容护肤,打水光是智商税,0,该用户认为打水光项目是虚假宣传或没有实际效果的美容消费陷阱。
weixue0806,美容护肤,推荐一下修护屏障的面膜吧,1,该用户希望主播能针对皮肤屏障修复的需求推荐一款合适的面膜产品。
weixue0806,美容护肤,疼死了我丢,0,该用户可能是在抱怨或吐槽自己刚做完某项美容项目（如皮贴骨、水光针等）后的疼痛不适感。
weixue0806,美容护肤,你的泪沟木偶纹咋去掉[流泪],0,该用户想表达的含义是：询问如何有效改善泪沟和木偶纹问题，并流露出对自身皮肤问题的焦虑情绪。  （结合前文弹幕多为护肤美容问题的咨询，语境显示直播间主题与医美/护肤相关，用户提问动机符合群体关注点，且情感表达【流泪】强化了求助意图。）
weixue0806,美容护肤,我是男粉.姐姐,0,该用户想表达的含义是：虽然直播间观众以女性为主，但自己作为男性粉丝也在关注主播并支持她。
weixue0806,美容护肤,光子能打吗,0,该用户可能在询问光子美容项目（如光子嫩肤）的效果是否值得尝试。
weixue0806,美容护肤,睡衣在哪买的,1,该用户想询问主播身上穿的睡衣的购买渠道，可能对同款商品产生了兴趣。
weixue0806,美容护肤,祛痘印的有好的推荐吗?,1,该用户想询问直播间是否有针对祛痘印问题的有效产品推荐。
weixue0806,美容护肤,雪姐脸垮怎么办,0,该用户想表达的含义是：咨询主播如何改善面部皮肤松弛下垂的问题。
weixue0806,美容护肤,嘴上口红,1,该用户想询问主播正在使用的口红色号或品牌。
weixue0806,美容护肤,眼贴有吗,1,该用户是在询问直播间是否有售卖眼贴产品，表现出对眼部护理用品的潜在购买兴趣。
weixue0806,美容护肤,轮廓固定做什么,0,该用户想询问关于面部轮廓固定项目的具体效果或操作方式。
weixue0806,美容护肤,真诚是永远的必杀[比心],0,该用户想表达的含义是：主播真实诚恳的态度最能打动人心。
weixue0806,美容护肤,我买了你的油霜和颈霜还有那个21粒精华简直太好用了我真的从来就没有用过这么好用的护肤品[爱心][爱心],1,该用户想表达的含义是：强烈认可并推荐主播销售的护肤品，表达对产品效果的满意和喜爱。
weixue0806,美容护肤,怎么白啊,0,该用户想询问如何美白全身肌肤的方法或产品推荐。
weixue0806,美容护肤,超声刀比泡好是吗?,0,该用户是在询问超声刀美容项目是否比水光针等注射类项目效果更好。
weixue0806,美容护肤,姐!!!!粉底液推推[流泪][流泪][流泪][流泪][流泪][流泪][流泪][流泪][流泪][流泪][流泪][流泪][流泪][流泪],1,该用户急切希望主播推荐粉底液产品，并通过大量流泪表情强调强烈的购买意愿和情感共鸣。
weixue0806,美容护肤,气垫气垫气垫气垫气垫气垫气垫气垫气垫气垫气垫气垫气垫气垫气垫气垫气垫气垫气垫,1,该用户急切地催促主播介绍或展示气垫产品，可能对其有强烈购买意向或想了解更多细节。
weixue0806,美容护肤,轮廓固定能做吗,0,该用户想询问主播是否提供或推荐关于面部轮廓固定的医美项目或相关产品。
weixue0806,美容护肤,颈霜那个好,1,该用户想询问直播间推荐的颈霜产品是否效果显著或值得购买。
weixue0806,美容护肤,@嘉***祛斑的有么,1,该用户想询问直播间是否有祛斑产品推荐。
weixue0806,美容护肤,毛孔粗大做什么,0,该用户想咨询改善毛孔粗大问题的护肤产品或医美项目推荐。
weixue0806,美容护肤,你是做超声刀吗?,0,该用户可能在询问主播是否提供超声刀美容项目，并想了解其效果或与其他项目的对比。
weixue0806,美容护肤,姐姐杂瘦脸,0,该用户想询问主播是如何通过美容方法或产品实现瘦脸效果的。
weixue0806,美容护肤,"你嘴上的口红上一下,你嘴上的口红上一下,你嘴上的口红上一下,你嘴上的口红上一下",1,该用户急切想了解主播使用的口红色号并希望其推荐或上架该产品。  （解析：结合前文弹幕中频繁出现的护肤美妆产品咨询（如粉底液、气垫、颈霜等）以及用户重复刷屏的焦急语气，可推断其核心诉求是获取口红信息并促成购买，而非单纯互动或赞美。）
weixue0806,美容护肤,"@y***啥也不用,直接用油",0,该用户想表达的含义是：推荐直接使用某款油类护肤品，无需搭配其他产品。
weixue0806,美容护肤,"雪姐,请问哪里隆鼻比较好",0,该用户是在向主播咨询可靠的医美机构或隆鼻项目推荐，表达了对整形美容服务的潜在购买意向。
weixue0806,美容护肤,2号方便讲一下么,1,该用户想询问主播能否详细介绍2号产品的功能或使用效果。
weixue0806,美容护肤,上衣有吗?,1,该用户是在询问直播间是否有售卖某款上衣，表现出对商品的潜在购买兴趣。
weixue0806,美容护肤,上衣截图看看,0,该用户希望主播展示上衣的实物细节以便进一步了解商品。
weixue0806,美容护肤,你的名字真名真叫韦雪吗,0,该用户可能是在确认主播的真实身份或背景，以此判断其推荐产品的可信度或专业性。
weixue0806,美容护肤,已听劝,0,该用户想表达的含义是：已经接受主播或其他观众的建议并决定购买相关产品。
weixue0806,美容护肤,法令纹我刚打玻尿酸,0,该用户可能是想询问玻尿酸填充对法令纹的改善效果，或是分享自己刚尝试过相关医美项目的体验。
weixue0806,美容护肤,刀刀好,0,该用户想表达的含义是：对主播推荐的刀具产品表示高度认可和称赞。
weixue0806,美容护肤,黑眼圈怎么去除,0,该用户可能在咨询直播间是否有推荐去除黑眼圈的产品或美容方法。
weixue0806,美容护肤,刷了睫毛膏吗?好好看,1,该用户想表达的含义是：询问主播是否使用了睫毛膏，并对效果表示赞赏和兴趣。
weixue0806,美容护肤,眼袋怎么v,0,该用户可能是想询问“眼袋怎么去除”或“眼袋怎么护理”，但因输入匆忙或网络问题导致语句不完整。
weixue0806,美容护肤,4号和10怎么用,1,该用户想询问直播中提到的4号和10号产品的具体使用方法。
weixue0806,美容护肤,打颈纹建议吗,0,该用户是在询问主播对于消除颈纹的产品或医美项目是否有推荐建议。
weixue0806,美容护肤,眼部精华推荐哪个,1,该用户可能在询问适合自己使用的眼部护理产品推荐，表现出对改善眼部问题的具体需求。
weixue0806,美容护肤,"姐姐太阳穴填充,推荐什么呀[比心][比心][比心]",1,该用户想表达的含义是：询问主播关于太阳穴填充项目的推荐建议，并表现出对医美项目的兴趣和信任。
weixue0806,美容护肤,"怎么祛斑,怎么祛斑",0,该用户想咨询祛斑产品或方法的购买意向。
weixue0806,美容护肤,打什么,0,该用户可能在询问主播正在推荐或演示的医美项目具体是什么（如超声刀、玻尿酸等）。
weixue0806,美容护肤,"姐姐,热玛吉可以打吗",0,该用户是在咨询主播关于热玛吉美容项目的可行性和建议。
weixue0806,美容护肤,多大开始,0,该用户可能在询问主播推荐的美容项目或产品适合的起始年龄（例如热玛吉、玻尿酸填充等）。
weixue0806,美容护肤,眼尾纹多怎么办[流泪],0,该用户想表达的含义是：咨询如何改善眼周皱纹问题并寻求产品推荐。
weixue0806,美容护肤,皮肤松弛,0,该用户可能是在询问如何改善皮肤松弛的问题。
weixue0806,美容护肤,眼袋有救吗,0,该用户可能是在询问直播中推荐的产品或方法是否能有效改善眼袋问题，表现出对相关美容解决方案的兴趣和需求。
weixue0806,美容护肤,哪些呀,0,该用户可能是在询问主播之前提到的某个产品或项目具体是指哪些选项。
weixue0806,美容护肤,脸松垮怎么办,0,该用户可能是在询问如何改善面部皮肤松弛下垂的问题，希望获得美容产品或医美项目的建议。
weixue0806,美容护肤,超声炮可以做吗,0,该用户想询问直播中提到的超声炮美容项目是否适合自己或值得尝试。
weixue0806,美容护肤,毛孔粗做什么!!![流泪][流泪],0,该用户想表达的含义是：因毛孔粗大问题感到困扰并急切寻求解决方法。
weixue0806,美容护肤,主播有没有带过美瞳?,0,该用户想询问主播是否佩戴过美瞳，可能是想参考主播的佩戴效果或寻求相关产品推荐。
weixue0806,美容护肤,去颈纹用什么,1,该用户想询问针对颈部皱纹问题的有效产品或护理方法。
weixue0806,美容护肤,红血丝怎么弄,0,该用户想询问改善面部红血丝问题的产品或方法。
weixue0806,美容护肤,脖子戴的什么?,0,该用户是在询问主播脖子上佩戴的饰品或产品的具体信息，可能对同类商品有购买兴趣。
weixue0806,美容护肤,有去颈纹的吗、姐妹[比心],1,该用户是在询问直播间是否有针对颈部皱纹的产品，并友善地向其他观众互动确认推荐。
weixue0806,美容护肤,主播童颜那款面膜有吗,1,该用户是在询问主播是否售卖具有“童颜”效果的面膜产品，表现出对特定功效护肤品的购买意向。
weixue0806,美容护肤,鱼尾纹适合什么面膜?,1,该用户想询问针对鱼尾纹问题的面膜产品推荐。
weixue0806,美容护肤,光子嫩肤可以做吗?[比心],0,该用户是在询问直播间推荐的美容项目中是否包含光子嫩肤这一选项，并表现出对该项目的兴趣和好感。
weixue0806,美容护肤,长斑怎么弄,0,"该用户想咨询如何有效解决面部色斑问题。  （解析：结合前文弹幕中高频出现的美容护肤类问题，尤其是""怎么祛斑""的直接关联提问，可推断用户关注的是皮肤问题的解决方案，且语境聚焦于医美或功能性护肤领域。""长斑怎么弄""是口语化表达，核心诉求是寻求祛斑方法。）"
weixue0806,美容护肤,12号讲一下,1,该用户想询问主播能否详细介绍12号产品（可能是与美容护肤相关的项目或商品）。
weixue0806,美容护肤,姐怎么祛斑,0,该用户想咨询主播推荐的祛斑产品或护理方法。
weixue0806,美容护肤,有粉底液吗?,1,该用户是在询问直播间是否有售卖粉底液产品，表现出对美妆类商品的购买意向。
weixue0806,美容护肤,我做了剥离填充,0,该用户想表达的含义是：我做过面部剥离填充的医美项目。  （结合前文弹幕多为咨询抗衰、医美、护肤问题，可推断用户在分享自身相关经验或询问后续护理建议。）
weixue0806,美容护肤,脸凹怎怎么办,0,"该用户想表达的含义是：面部凹陷问题该如何改善。  （结合前文弹幕多为咨询皮肤和医美相关问题，用户关注点聚焦在面部衰老或缺陷的解决方案上，""脸凹""属于同类诉求的自然延伸，动机是寻求主播的专业建议或产品推荐。）"
weixue0806,美容护肤,黑头闭口毛孔大怎么办[捂脸][捂脸],0,该用户想表达的含义是：咨询改善黑头、闭口和毛孔粗大问题的护肤产品或方法。
weixue0806,美容护肤,大干皮适合哪款面膜????年龄30++++++++++[爱心][爱心][爱心][爱心][爱心][爱心],1,该用户是在询问适合30岁以上干性皮肤的面膜推荐，并表现出强烈的兴趣和期待。
weixue0806,美容护肤,有斑怎么办?有斑怎么办?[流泪],0,该用户急切地询问如何解决面部色斑问题，并流露出焦虑情绪。
weixue0806,美容护肤,眼下细纹怎么办,0,该用户想表达的含义是：咨询针对眼部细纹问题的护肤产品或解决方案。  （结合前文语境，直播间讨论集中于皮肤护理问题，用户提问延续了同类诉求，属于明确的购买意向咨询。）
weixue0806,美容护肤,衣服截图看看,0,该用户想表达的含义是：希望主播展示服装的实物效果以便进一步了解商品细节。
weixue0806,美容护肤,"姐姐,26岁可以敷这个面膜吗[比心][比心]",1,该用户是在询问主播自己26岁的年龄是否适合使用这款面膜，表现出对产品的具体需求和购买意向。
weixue0806,美容护肤,干皮用水还是乳[比心],1,该用户是在询问干性皮肤适合使用化妆水还是乳液，并附上友好表情表示对产品的兴趣和期待主播的推荐。
weixue0806,美容护肤,超光子推荐吗,0,该用户是在询问主播是否推荐超光子美容项目，可能对改善皮肤问题有潜在购买意向。
weixue0806,美容护肤,讲讲10号的极光油,1,该用户希望主播详细介绍编号为10号的极光油产品的功效或使用方法。
weixue0806,美容护肤,胶原蛋白面膜挺好用的,1,该用户想表达的含义是：对这款胶原蛋白面膜的使用效果表示认可，可能暗示有购买意向或向他人推荐。
weixue0806,美容护肤,能打肉毒素吗,0,该用户可能是在询问直播间推荐的产品或项目是否具备类似肉毒素的除皱或美容功效。
weixue0806,美容护肤,黑眼圈怎么整美女姐姐,0,该用户想询问主播如何改善黑眼圈问题，并带有对主播的亲切称呼以拉近距离。
weixue0806,美容护肤,眼袋呢姐姐,0,该用户想询问主播关于眼袋问题的解决方法或产品推荐。
weixue0806,美容护肤,甘油推荐一下,1,该用户是在询问直播间是否有适合自己肤质的甘油产品推荐，表现出对护肤品的具体需求和购买意向。
weixue0806,美容护肤,去法令纹用啥,1,该用户是在询问直播间推荐哪些产品或方法可以有效改善法令纹问题。
weixue0806,美容护肤,水光针不推荐吗,0,该用户是在询问主播对水光针产品的负面评价原因或使用建议，隐含对产品效果的担忧和潜在的购买犹豫。
weixue0806,美容护肤,"头发少怎么办,韦姐",0,该用户是在向主播咨询脱发问题的解决方法，希望获得针对性的产品推荐或护理建议。
weixue0806,美容护肤,抬头纹[捂脸][捂脸][捂脸],0,该用户可能是在询问或吐槽关于去除/改善抬头纹的问题，并带有无奈或自嘲的情绪。
weixue0806,美容护肤,衣服是睡衣吗,0,该用户可能是想确认直播中展示的服装款式是否属于睡衣类别，以判断是否符合自己的购买需求。
weixue0806,美容护肤,红血丝,0,该用户想询问针对面部红血丝问题的护肤产品或解决方案。
weixue0806,美容护肤,"雪雪,项链",1,该用户想表达的是：“主播雪雪，请介绍一下这款项链的产品信息。”  （结合前文弹幕多为护肤和医美咨询，突然出现的“项链”更可能是对直播中展示的新品产生兴趣，直接点名主播并简洁提及商品名称，属于典型的购买意向提问。）
weixue0806,美容护肤,"有斑怎么办,有斑怎么办[流泪]",0,该用户迫切想咨询如何解决面部色斑问题，并流露出焦虑情绪。
weixue0806,美容护肤,刚做完轮廓三件套,0,该用户可能是在分享自己刚完成医美项目（如面部轮廓整形），暗示对相关美容产品或服务的潜在兴趣。
weixue0806,美容护肤,爱播能推荐一下去草莓鼻的东西吗,1,该用户是在向主播咨询能够改善黑头问题的护肤产品推荐。
weixue0806,美容护肤,黑眼圈特严重[捂脸],0,该用户想表达的含义是：咨询如何改善严重的黑眼圈问题。
weixue0806,美容护肤,补水面膜推荐,1,该用户可能在寻求适合自己肤质的面膜产品推荐，表现出对补水类护肤品的具体购买意向。
weixue0806,美容护肤,光子嫩肤好吗?,0,该用户想询问光子嫩肤项目的效果是否值得尝试，可能对改善自身皮肤问题有潜在需求。
weixue0806,美容护肤,瘦脸是广电还是肉毒好点,0,该用户是在咨询瘦脸医美项目的效果对比，想知道肉毒素和广电（可能是射频类仪器）哪种方式更适合自己。
weixue0806,美容护肤,10号加点姐姐,1,该用户可能是想询问关于10号产品（可能是之前提到的“极光油”）的使用建议或功效补充。
weixue0806,美容护肤,热玛吉能不能做[捂脸]会不会凹陷,0,该用户是在询问热玛吉治疗的安全性和副作用风险，担心可能导致面部凹陷的问题。
weixue0806,美容护肤,气垫气垫气垫气垫气垫气垫气垫垫气垫垫气垫垫气垫垫,1,"该用户急切地询问或强调主播介绍气垫产品（可能是美妆气垫BB霜），通过重复刷屏表达强烈购买意向或催促讲解。  （解析：前20条弹幕均为美容护肤类产品咨询，语境指向美妆需求；""气垫""高频重复是直播弹幕常见的催促手法，结合直播间主题可推断用户聚焦于气垫类美妆品，情绪急切。）"
weixue0806,美容护肤,长痘闭口怎么办,0,该用户想表达的含义是：询问针对痘痘和闭口问题的护肤产品或解决方案。
weixue0806,美容护肤,推荐哪个面膜啊,1,该用户是在询问主播针对面膜产品的具体推荐建议，表现出明确的购买意向和需求。
weixue0806,美容护肤,点阵是不是也不要做?,0,该用户可能在询问点阵激光美容项目是否也存在某些禁忌或风险，需要主播给出建议。
weixue0806,美容护肤,说说光子,0,该用户可能是想询问关于光子嫩肤项目的具体效果或操作细节。
weixue0806,美容护肤,92年的有抬头纹了好难过,0,该用户是在表达对自己面部衰老迹象的焦虑，并隐含希望主播推荐相关抗皱产品的需求。
weixue0806,美容护肤,仪器提升有用吗?,0,该用户是在询问直播中提到的美容仪器是否真的能有效改善皮肤问题。
weixue0806,美容护肤,长痘怎么办?,0,该用户想表达的含义是：希望主播推荐解决痘痘问题的产品或护肤方法。
weixue0806,美容护肤,光子对皮肤好吗?[爱心][爱心][爱心][爱心][爱心],0,该用户想表达的含义是：询问光子嫩肤对皮肤是否有改善效果，并表现出浓厚的兴趣和期待。
weixue0806,美容护肤,我买了你的油霜和颈霜还有那个21粒精华简直太好用了我真的从来就没有用过这么好用的护肤品,1,该用户想表达的含义是：强烈认可主播推荐的产品效果，并表达对品牌的高度满意和复购意愿。  （解析：结合前20条弹幕多为护肤问题咨询和产品求推荐，该用户通过具体产品使用反馈形成鲜明对比，既凸显主播选品可信度，又隐含推动其他观众下单的潜在动机，属于典型的高质量用户证言型弹幕。）
weixue0806,美容护肤,长斑怎么办,0,该用户可能在咨询直播间推荐的美容产品或护肤方法，希望解决面部色斑问题。
weixue0806,美容护肤,"我涂了防晒上粉底搓泥,怎么办呀[比心][比心][比心]",0,该用户可能是在寻求解决防晒和粉底搓泥问题的护肤建议，同时表达了对当前产品使用体验的困扰。
weixue0806,美容护肤,不想打注射类的,0,该用户想表达的含义是：对注射类医美项目有顾虑或排斥倾向，更倾向于非侵入性的护肤方式。  （结合前文医美话题密集、多次提及仪器/光子等非注射项目的语境，用户是在对比不同美容方式时表明自己的偏好边界）
weixue0806,美容护肤,毛孔粗,0,该用户想表达的含义是：咨询改善毛孔粗大问题的产品或方法。
weixue0806,美容护肤,28岁推荐一个面膜,1,该用户想表达的含义是：询问适合28岁年龄段的护肤面膜推荐。  （结合前文语境，直播间讨论集中在护肤、医美等话题，用户年龄相关需求明显，因此目标弹幕的核心是寻求与自身年龄段匹配的产品建议。）
weixue0806,美容护肤,“韦雪专属商品橱窗”是你家的吗,0,该用户是在询问直播间的商品橱窗是否属于主播或品牌方，以确认购买渠道的可靠性。
weixue0806,美容护肤,做哪项可以让皮肤透亮啊?做哪项可以让皮肤透亮啊?,0,该用户想询问哪种美容项目或产品能有效改善皮肤暗沉问题，使其呈现透亮光泽的效果。
weixue0806,美容护肤,"我涂了防晒上粉底搓泥,怎么办呀",0,该用户想表达的含义是：自己在使用防晒和粉底时出现搓泥问题，希望得到解决方法。
weixue0806,美容护肤,永远不回话,0,该用户可能因未得到主播及时回应而感到失望，暗示不再参与互动或购买。
weixue0806,美容护肤,我正在敷面膜,0,该用户可能是在分享自己正在使用面膜的实时状态，暗示对当前讨论的面膜产品或护肤话题有实际体验兴趣。  （解析：结合前文多次出现面膜推荐、护肤问题等语境，用户通过陈述自身护肤行为既参与了话题互动，又隐含着对产品效果的关注或潜在购买意愿）
weixue0806,美容护肤,眼下长干纹了怎么办,0,该用户想表达的含义是：咨询针对眼下干纹问题的护肤产品或解决方案。
weixue0806,美容护肤,痘痘怎么办,0,该用户想表达的含义是：询问主播针对痘痘问题的护肤建议或产品推荐。  （结合前文语境，直播间主题明显围绕皮肤护理问题，且有多条类似咨询弹幕，用户动机是寻求解决方案而非单纯抱怨。）
weixue0806,美容护肤,提升针能打吗,0,该用户可能是想询问“提拉针（一种美容项目）的效果是否显著或值得尝试”。
weixue0806,美容护肤,只有鱼尾纹,0,该用户想表达的含义是：自己目前只关注鱼尾纹问题，想了解相关解决方案。
weixue0806,美容护肤,我买了你的油霜和颈霜还有那个21粒精华简直太好用了我真的从来就没有用过这么好用的护肤品[爱心],1,该用户想表达的含义是：对主播推荐的护肤品效果非常满意并强烈推荐。
weixue0806,美容护肤,介绍下精萃油霜,1,"该用户可能对""精萃油霜""产品功效产生兴趣，希望主播详细讲解其成分、适用肤质或使用效果等具体信息。"
weixue0806,美容护肤,祛斑用什么方法好,1,该用户可能在咨询祛斑产品的具体推荐或解决方案，表现出对改善皮肤问题的潜在购买意向。
weixue0806,美容护肤,想做光电类的,0,该用户可能是在询问适合光电类美容项目的皮肤问题解决方案，表达了对非注射类医美手段的兴趣。
weixue0806,美容护肤,去哪一家做啊,0,该用户可能在询问直播间推荐的医美项目或护肤疗程该选择哪家机构进行体验。
weixue0806,美容护肤,3号敷完不清洗那还用涂护肤品吗,1,该用户是在询问使用3号产品后若不清洗是否需要继续使用其他护肤品，表现出对产品使用方法的关注和潜在的购买意向。
weixue0806,美容护肤,大干皮适合哪款面膜,1,该用户是在询问适合干性皮肤的面膜推荐，希望主播能针对自己的肤质提供具体产品建议。
weixue0806,美容护肤,鼻子毛孔大怎么办,0,该用户可能是在寻求针对毛孔粗大问题的护肤产品或解决方案，表达了对改善皮肤状况的潜在购买需求。
weixue0806,美容护肤,你说啥怎么护肤我都觉得对.跟你下几单回来用用,0,该用户想表达的含义是：我非常信任主播的护肤建议，愿意购买推荐的产品尝试使用。
weixue0806,美容护肤,"怎么祛斑啊,求告知",0,该用户想表达的含义是：询问有效的祛斑方法并希望得到详细指导。
weixue0806,美容护肤,"5号面膜怎么用,能讲讲吗",1,该用户对5号面膜的使用方法感兴趣，可能有意向购买并希望了解具体操作步骤。
weixue0806,美容护肤,"做提升啊,脸垮很正常",0,该用户是在询问面部提升项目的效果，并表达对皮肤松弛现象的困惑和寻求解决方案的意图。
weixue0806,美容护肤,我用了你卖的油霜怎么起小红疙瘩,0,该用户在使用产品后出现皮肤过敏反应，想咨询原因或寻求解决方案。
weixue0806,美容护肤,"3号面膜,大师的介绍一下",1,该用户对3号面膜感兴趣，希望主播详细介绍其功效和使用方法。
weixue0806,美容护肤,眼纹能去吗,1,该用户想询问直播推荐的产品或方法是否能有效改善眼部皱纹问题。
weixue0806,美容护肤,"姐姐,热玛吉可以吗",0,该用户是在询问主播推荐的“热玛吉”项目是否适合自己，表现出对医美抗衰项目的兴趣和购买意向。
weixue0806,美容护肤,某刀什么意思,0,该用户可能在询问直播中提到的某个产品（如“某刀”）的具体功能或用途，希望主播进一步解释说明。
weixue0806,美容护肤,超声炮超声刀,0,该用户可能是在询问超声炮和超声刀这两种美容仪器的区别或效果。
weixue0806,美容护肤,我没找到上衣,0,该用户想表达的含义是：想购买直播间推荐的上衣但没看到商品链接。  （结合前文弹幕多为护肤医美类咨询和购买反馈，突然提及“上衣”可能指向主播曾口头推荐过服装类商品，但用户未在购物车或讲解中找到对应产品，隐含主动寻找的购买意图。）
weixue0806,美容护肤,胶原在哪里打痛不痛,0,该用户想询问注射胶原蛋白的疼痛程度，可能对医美项目感兴趣。
weixue0806,美容护肤,先天法令纹怎么办啊,0,该用户可能在询问如何改善天生的法令纹问题，表现出对护肤或医美解决方案的兴趣。
weixue0806,美容护肤,"眼膜,眼膜,眼膜",1,该用户急切想了解或购买直播间推荐的眼膜产品。
weixue0806,美容护肤,肉毒瘦脸会面部塌陷[捂脸][捂脸]脸颊,0,该用户是在担忧肉毒杆菌瘦脸可能导致面部凹陷的副作用，并对此表示焦虑和调侃。
weixue0806,美容护肤,眉上面有个黑点,0,该用户可能在询问主播关于眉毛上方出现的黑点的美容处理方法或产品推荐。
weixue0806,美容护肤,"你家的核桃洗面奶真的很好用,洗的很干净.用了一段时间毛孔都细了,黑头闭口都少了",1,该用户是在分享使用产品后的积极体验，以此表达对商品的认可和满意，同时可能隐含着推荐或复购的意愿。
weixue0806,美容护肤,光子嫩肤怎么样?,0,该用户想询问光子嫩肤项目的效果和适用性，可能对这项美容项目产生了兴趣并考虑购买相关服务或产品。
weixue0806,美容护肤,超声刀吗?,0,该用户是在询问直播中提到的美容项目是否涉及超声刀技术。
weixue0806,美容护肤,做哪项可以让皮肤透亮啊?,0,该用户是在询问改善皮肤暗沉、提亮肤色的具体护肤方法或产品推荐。
weixue0806,美容护肤,脸上有斑怎么办,0,该用户想表达的含义是：询问如何解决面部色斑问题，可能对相关护肤产品或美容项目感兴趣。
weixue0806,美容护肤,黑头闭口毛孔大怎么办,0,该用户想表达的含义是：咨询改善黑头、闭口和毛孔粗大问题的护肤产品或方法。
weixue0806,美容护肤,美瞳是哪款呀,1,该用户想询问直播中提到的美瞳产品具体是哪一款，表现出对产品的兴趣和购买意向。
weixue0806,美容护肤,毛孔粗大的厉害[比心],0,该用户想表达的含义是：我的毛孔问题比较严重，想咨询是否有相关产品能改善。  （结合前文弹幕中频繁出现护肤问题讨论，尤其是“黑头闭口毛孔大怎么办”等类似诉求，以及用户用[比心]表情缓和语气，可推断其核心意图是寻求解决方案而非单纯吐槽。）
weixue0806,美容护肤,精华精华精华精华精华精华精华精华精华,1,该用户想表达的含义是：强烈要求主播详细介绍或推荐精华产品。
weixue0806,美容护肤,韦雪你也太适合做个医美直播,0,该用户认为主播的外形条件或专业表现非常适合推广医美类产品，暗示其可以考虑转型或增加相关领域的直播内容。
weixue0806,美容护肤,口角囊袋,0,该用户可能是在询问如何处理嘴角附近的皮肤松弛或脂肪堆积问题。
weixue0806,美容护肤,毛孔粗大怎么弄,0,该用户想表达的含义是：咨询改善毛孔粗大问题的产品或方法。
weixue0806,美容护肤,眉笔什么色,1,该用户想询问直播中展示的眉笔有哪些颜色可选。
weixue0806,美容护肤,光子怎么样,0,该用户是在询问直播中提到的光子嫩肤项目的效果如何。
weixue0806,美容护肤,涂油了之后还涂水乳霜吗?,0,该用户可能是在询问护肤步骤的顺序，想知道在涂抹精华油后是否还需要叠加使用水、乳、霜等基础护肤品。
weixue0806,美容护肤,有草莓鼻,0,该用户可能在询问如何解决鼻部黑头或毛孔粗大的问题。
weixue0806,美容护肤,胶原蛋白是1型还是3型好?,1,该用户是在询问胶原蛋白产品中哪种类型（1型或3型）对皮肤改善效果更好，表现出对产品成分和功效的具体关注与购买意向。
weixue0806,美容护肤,最讨厌法令纹,0,该用户可能是在表达对法令纹问题的困扰，并希望了解相关护肤或医美解决方案。
weixue0806,美容护肤,做哪项可以让皮肤透亮啊?做哪项可以让皮肤透亮啊?做哪项可以让皮肤透亮啊?,0,该用户迫切想了解能够改善皮肤暗沉、提亮肤色的具体医美项目或护肤方法。
weixue0806,美容护肤,太阳穴凹陷怎么办,0,该用户可能在询问改善太阳穴凹陷的医美产品或护肤方法。
weixue0806,美容护肤,有祛斑的吗有祛斑的吗有祛斑的吗有祛斑的吗?有祛斑的吗有祛斑的吗?主播可以回复一下吗,1,该用户急切地询问主播是否推荐祛斑产品或解决方案，表现出明确的求购意向和迫切需求。
weixue0806,美容护肤,身体素颜霜推荐一下,1,"该用户想表达的含义是：希望主播能推荐一款适合提亮肤色或改善肤质问题的身体素颜霜产品。  （结合前文语境，直播主题偏向医美护肤，用户关注点集中在皮肤透亮、瑕疵遮盖等效果，因此""身体素颜霜""的诉求大概率与肤色修饰或即时美肤需求相关。）"
weixue0806,美容护肤,鼻子旁边法令纹,0,该用户可能在询问如何改善或消除法令纹相关的皮肤问题。
weixue0806,美容护肤,嘴建议打嘛,0,该用户可能是想询问主播关于“嘴角部位是否需要打美容针或进行医美项目”的建议。
weixue0806,美容护肤,6号面霜开价了吗,1,该用户是在询问6号面霜是否已经开始售卖或公布价格。
weixue0806,美容护肤,光子说说,0,该用户想询问主播关于光子美容项目的具体效果或操作细节。
weixue0806,美容护肤,童.颜针可以打吗,0,该用户是在询问主播自己是否适合注射童颜针来改善面部状态。
weixue0806,美容护肤,粉底液在哪里????????,1,该用户急切想了解粉底液产品的展示位置或购买链接，表现出明确的购买意向和迫切需求。
weixue0806,美容护肤,主播卸装水有吗,1,该用户是在询问直播间是否有销售主播使用的卸妆水产品。
weixue0806,美容护肤,法令纹怎么搞,0,该用户想询问如何改善或消除法令纹问题。
weixue0806,美容护肤,有好多小号有但不敢买,0,该用户想表达的含义是：看到很多小号推荐这款产品，但因为缺乏信任或担心质量问题而犹豫是否购买。
weixue0806,美容护肤,超sheng刀美版的多吧好用吗,0,该用户想询问美版超生刀的使用效果是否理想，可能对这款产品产生了购买兴趣。
weixue0806,美容护肤,可以打超生炮吗,0,该用户可能是在询问主播关于美容项目中“超声炮”技术的效果或适用性。
weixue0806,美容护肤,你的眼油我用怎么起粒粒呢[爱心][爱心][爱心][爱心][爱心][爱心][爱心][爱心][爱心][爱心][爱心][爱心],0,该用户可能在反馈使用产品后出现皮肤问题（起颗粒），同时通过大量爱心表情表达对主播或产品的喜爱/信任，暗示希望得到解决方案而非单纯抱怨。
weixue0806,美容护肤,毛孔粗大怎么办,0,该用户想表达的含义是：想咨询改善毛孔粗大问题的产品或护理方法。  （结合前文弹幕中高频出现的皮肤护理、医美项目、产品推荐等语境，可推断用户是在直播间主动寻求针对性的解决方案，隐含潜在购买意向。）
weixue0806,美容护肤,气垫气垫气垫气垫气垫气垫气垫气垫垫气垫垫气垫垫气垫垫气垫垫气垫垫气垫垫,1,该用户可能是在急切询问或强调主播介绍/推荐气垫产品，表达强烈的购买意向或对气垫类商品的关注。
weixue0806,美容护肤,这个大貔貅眼睛也是可以动的吗?,0,该用户是在询问商品（貔貅饰品）的可动部位细节，表现出对产品设计功能的兴趣和潜在的购买意向。
weixue0806,美容护肤,四季精华,1,该用户可能在询问主播是否有适合四季使用的护肤精华产品。
weixue0806,美容护肤,我知道,0,"该用户想表达的含义是：我已经了解你刚才介绍的产品或方法了。  （结合前文高频的美容护肤类提问和主播的解答节奏，""我知道""可能是对主播某个解答的即时回应，暗示用户接收到了信息，但并未明确表现出进一步购买意向。）"
weixue0806,美容护肤,皮肤干细纹多怎么办,0,该用户想表达的含义是：咨询针对皮肤干燥和细纹问题的护肤产品或解决方案。  （结合前文弹幕中高频出现的护肤、医美类问题，用户动机倾向于寻求具体产品推荐或改善方法，而非单纯闲聊。）
weixue0806,美容护肤,毛孔呢,0,该用户可能是在询问主播关于护肤品或美容方法对改善毛孔问题的效果。
weixue0806,美容护肤,定妆喷雾推荐一下,1,该用户希望主播能介绍一款适合自己使用的定妆喷雾产品。
weixue0806,美容护肤,介绍一下6号,1,"该用户想表达的含义是：请详细讲解一下6号产品的功能和特点。 （结合前文""6号面霜开价了吗""的询问，可判断""6号""是直播间正在介绍的产品编号，用户希望获得更具体的产品信息以辅助购买决策）"
weixue0806,美容护肤,眼油眼油眼油眼油眼油眼油,1,该用户急切想了解或购买直播间提到的眼部护理油产品。
weixue0806,美容护肤,几号链接,1,该用户想询问主播当前正在介绍或推荐的商品对应的是哪个购物链接编号。
weixue0806,美容护肤,叫什么?,0,该用户可能在询问主播刚提到的某款产品名称或具体型号。
weixue0806,美容护肤,不要开美颜,0,该用户可能是在表达对产品真实效果的关注，希望主播关闭美颜功能以展示商品的真实使用效果。
weixue0806,美容护肤,眼袋黑眼圈怎么办,0,该用户可能在询问直播间是否有针对眼袋和黑眼圈问题的护肤产品或解决方案。
weixue0806,美容护肤,什么面膜呀,1,该用户想表达的含义是：询问主播正在介绍的面膜的具体信息或功效。
weixue0806,美容护肤,几号链接?,1,该用户是在询问主播当前介绍的产品对应哪个购物链接，表现出明确的购买意向和行动指引需求。
weixue0806,美容护肤,大师面膜是么,1,该用户可能在询问主播提到的“大师面膜”具体是什么产品，并隐含对其功效或使用体验的兴趣。
weixue0806,美容护肤,3号面膜敷完不清洗还需要涂其他护肤品吗,1,该用户可能在询问使用3号面膜后是否可以简化护肤步骤，暗示对产品功效和后续搭配存在实际使用需求。
weixue0806,美容护肤,对很好用,0,该用户想表达的含义是：认可主播推荐的产品效果不错。  （结合前文高频出现的护肤类产品提问和互动，用户可能在回应主播对某款产品的功效描述，简洁表达肯定态度。）
weixue0806,美容护肤,叫什么名字???,0,该用户可能是在询问主播当前正在介绍或展示的某款产品（如面膜、精华等）的具体名称或商品全称。
weixue0806,美容护肤,晚上好[比心],0,该用户可能是礼貌性打招呼或刚进入直播间，尚未明确表达购买意向。  （结合前文弹幕多为具体产品咨询，此条内容突兀且无关联，更可能是社交互动而非购物需求）
weixue0806,美容护肤,粉底液在哪里??????????,1,该用户急切想了解粉底液产品的购买链接或展示位置。
weixue0806,美容护肤,韦雪就是好看,0,该用户可能在夸赞主播或产品的视觉效果吸引人，暗示对展示的商品或主播形象产生了兴趣和好感。
weixue0806,美容护肤,身上衣服有链接吗,1,该用户想询问主播身上所穿服装的购买渠道。
weixue0806,美容护肤,推荐个洗面奶可好,1,该用户想表达的含义是：希望主播推荐一款适合自己使用的洗面奶产品。
weixue0806,美容护肤,法师面膜?,1,该用户是在询问主播提到的“法师面膜”的具体信息或购买链接。
weixue0806,美容护肤,哪款啊哪款啊,1,该用户急切地想询问主播正在介绍的具体产品款式或编号。
weixue0806,美容护肤,3号面膜吗,1,该用户是在询问当前展示的产品是否为3号链接的面膜。
weixue0806,美容护肤,最近那个白玉瓷碳酸泡好用不你没卖不敢买,0,该用户是在询问某款白玉瓷碳酸泡产品的使用效果，并暗示因为当前直播间没有售卖而犹豫是否购买。
weixue0806,美容护肤,超sheng刀美版的对吧好用吗,0,该用户想询问主播展示的美版超生刀产品是否实用，并希望了解其使用效果。
weixue0806,美容护肤,补水用什么主播,1,该用户想询问主播推荐哪款产品适合用于补水的护肤需求。
weixue0806,美容护肤,睡衣好可爱,0,该用户对展示的睡衣款式产生了兴趣，暗示有潜在的购买意向。
weixue0806,美容护肤,什么面膜,1,该用户想询问主播正在介绍的面膜的具体产品名称或功效信息。
weixue0806,美容护肤,"雪,君佩家的貔貅吊坠很有识别度、很特别",0,该用户认为君佩家的貔貅吊坠设计独特，与其他产品相比具有明显的辨识度，并对此表现出欣赏和兴趣。
weixue0806,美容护肤,少女针艾维岚可以打吗,0,该用户是在询问主播是否推荐或销售“少女针艾维岚”这款医美产品，并想了解其适用性和使用建议。
weixue0806,美容护肤,脸部暗黄又想补水要做什么项目,0,该用户想表达的含义是：询问针对肤色暗沉和缺水问题的护肤项目推荐。
weixue0806,美容护肤,"痘痘长期有,怎么办",0,该用户可能在询问直播间是否有针对长期痘痘问题的护肤产品或解决方案。
weixue0806,美容护肤,叫什么名字,0,该用户可能在询问主播正在介绍或展示的某款产品（如面膜、衣服等）的具体名称或品牌。
weixue0806,美容护肤,防晒有没有推荐的,1,该用户想表达的含义是：希望主播能推荐一款合适的防晒产品。
weixue0806,美容护肤,什么面膜呀?,1,该用户是在询问主播正在介绍或展示的面膜产品的具体信息，可能是对其功效、品牌或使用方式产生了兴趣。
weixue0806,美容护肤,叫啥名,0,该用户想询问主播当前展示或提到的某款产品的具体名称。
weixue0806,美容护肤,你这儿没有吗,0,该用户可能在询问直播间是否售卖之前弹幕中提到的某款产品或服务，表达了对特定商品的购买意向。
weixue0806,美容护肤,怎么祛斑?,0,该用户想表达的含义是：咨询直播间是否有祛斑产品或相关护肤方案推荐。
weixue0806,美容护肤,大师听过了正用着,0,该用户想表达的含义是：我已经购买了主播推荐的产品并且正在使用中。
weixue0806,美容护肤,主播涂的哪款口红,1,该用户想知道主播使用的口红具体品牌或色号信息，以便考虑是否购买同款。
weixue0806,美容护肤,眼袋眼袋讲讲,0,该用户想表达的含义是：希望主播详细介绍关于眼袋问题的产品或解决方案。
weixue0806,美容护肤,毛孔粗大呢,0,该用户可能在询问针对毛孔粗大问题的产品推荐或解决方案。
weixue0806,美容护肤,3号大师面膜已拍,0,该用户想表达的含义是：我已经下单购买了主播推荐的3号大师面膜。
weixue0806,美容护肤,一号链接孕妇可以用吗?,1,该用户是在询问直播间推荐的一号链接产品是否适合孕妇使用，表现出对产品安全性的关注和潜在的购买意向。
weixue0806,美容护肤,姐姐祛痘印,1,该用户想询问主播推荐的祛痘印产品或方法。
weixue0806,美容护肤,睡衣好可爱有没有,0,该用户被直播中展示的睡衣吸引，表达出对款式风格的喜爱并隐含询问购买信息的意图。
weixue0806,美容护肤,还有油,1,该用户可能在询问直播间推荐的产品中是否还有护肤油或卸妆油等油类商品的库存或推荐。
weixue0806,美容护肤,身上衣服是睡衣吗,0,该用户可能是在询问主播身上穿的衣服是否为睡衣款式，并暗示对其款式或购买渠道感兴趣。
weixue0806,美容护肤,双眼皮有没有推荐的地方,0,该用户可能在询问适合做双眼皮手术的医疗机构或美容项目的推荐。
weixue0806,美容护肤,胶原蛋白面膜还上吗,1,该用户是在询问之前提到的胶原蛋白面膜是否会再次补货或返场销售。
weixue0806,美容护肤,皮肤很吃妆是什么原因?,1,该用户可能是在询问主播使用的化妆品为何在皮肤上显色效果不佳或容易脱妆的原因。
weixue0806,美容护肤,6号可以讲一下,1,该用户想表达的含义是：希望主播详细介绍6号产品的功能或特点。
weixue0806,美容护肤,脸垮做超生刀,0,该用户想询问针对面部皮肤松弛问题，超声刀是否有效或是否有相关产品推荐。
weixue0806,美容护肤,韩国人根本没人用,0,该用户可能是在质疑直播间推荐的产品在韩国的实际普及度或受欢迎程度，暗示产品宣传与韩国市场的真实情况不符。
weixue0806,美容护肤,大师面膜?,1,该用户可能在询问关于“大师面膜”的具体信息或购买方式。
weixue0806,美容护肤,3号链接吗,0,该用户是在询问主播当前讨论的产品是否对应3号商品链接。
weixue0806,美容护肤,"用啥都不行,我用的海蓝之谜都不管用",0,该用户想表达的含义是：尝试过高端护肤品仍无效，对当前推荐的产品功效持怀疑态度。
weixue0806,美容护肤,"面膜买了,好用",0,该用户想表达的含义是：自己已经下单购买了主播推荐的面膜，并且使用后觉得效果不错。
weixue0806,美容护肤,有推荐打童颜的医生吗?,0,该用户可能在询问是否有值得推荐的医美医生来进行童颜针注射。
weixue0806,美容护肤,肌侣面膜好用,1,该用户想表达的含义是：对肌侣面膜的使用效果表示认可并推荐。
weixue0806,美容护肤,可以做超声炮吗,0,该用户是在询问直播间推荐的美容项目中是否包含超声炮这项医美服务。
weixue0806,美容护肤,带的什么啊,0,该用户可能在询问主播当前展示或推荐的产品是什么。
weixue0806,美容护肤,面膜是哪个呀,1,该用户是在询问直播间正在讨论的某款面膜的具体名称或购买链接。
weixue0806,美容护肤,可以讲一下油吗,1,该用户想询问主播详细介绍当前提到的护肤油产品的功效或使用方法。
weixue0806,美容护肤,大师面膜敷完不清洗还需要涂其他护肤品吗,1,该用户对大师面膜的使用方法存在疑问，想知道敷完后不洗脸是否还需要叠加其他护肤品。
weixue0806,美容护肤,怎么不卖大师面膜和补水面膜了,1,该用户是在询问直播间为何不再售卖之前提到过的两款热门面膜产品。
weixue0806,美容护肤,啥名字,0,该用户是在询问直播间提到的某款产品（可能是面膜或其他护肤品）的具体名称或品牌。
weixue0806,美容护肤,想[捂脸]做医美不知道怎么下手,0,该用户表达了对尝试医美项目有兴趣但缺乏相关知识和选择指导的困惑。
weixue0806,美容护肤,不要肉毒瘦脸,0,该用户想表达的含义是：对肉毒杆菌瘦脸项目不感兴趣或持否定态度。
weixue0806,美容护肤,主播喝胶原蛋白和抗糖饮吗l,0,该用户是在询问主播是否亲身使用过胶原蛋白和抗糖饮产品，以此评估产品的可信度和效果。
weixue0806,美容护肤,法令纹抬头纹还能敷面膜就好吗?,0,该用户是在询问面膜对改善法令纹和抬头纹是否有效，表现出对产品功效的关注和潜在的购买意向。
weixue0806,美容护肤,超声v拉美呢,0,该用户可能是想询问直播间是否有关于超声刀或拉美医美项目的介绍或产品推荐。
weixue0806,美容护肤,脸很瘦有法令纹有什么面膜,1,该用户想表达的含义是：询问针对面部瘦削和法令纹问题是否有推荐的面膜产品。
weixue0806,美容护肤,我用了直接闷痘,0,该用户想表达的含义是：使用这款产品后脸上立刻长了痘痘。  （结合前文语境，直播间讨论的多是面膜、护肤和医美相关话题，用户可能在反馈某款产品的负面使用体验，暗示对产品效果不满或寻求解决方案。）
weixue0806,美容护肤,哪个链接呀,1,该用户可能在询问主播当前讨论的产品对应的购买链接是哪一个。
weixue0806,美容护肤,祛斑推荐一下,1,该用户希望主播针对祛斑问题推荐合适的产品或解决方案。
weixue0806,美容护肤,男士能不能用,1,该用户是在询问当前推荐的产品是否适合男性使用。
weixue0806,美容护肤,脸上有斑怎么办?姐姐,0,该用户是在询问主播针对面部色斑问题的护肤建议或产品推荐。
weixue0806,美容护肤,"脸颊凹陷怎么办呀,雪儿",0,该用户是在向主播咨询改善面部凹陷问题的解决方案，可能希望获得产品推荐或医美建议。
weixue0806,美容护肤,唇部精华可以说一下吗,1,该用户想询问主播详细介绍唇部精华产品的功效或使用方法。
weixue0806,美容护肤,脸婴儿肥有瘦脸的面膜吗,1,该用户想询问是否有适合改善婴儿肥脸型的瘦脸面膜产品。
weixue0806,美容护肤,"容易长痘,有痘印适合做什么项目呀姐姐",0,该用户想表达的含义是：询问主播针对痘痘和痘印问题推荐适合的医美或护肤项目。
weixue0806,美容护肤,祛斑咋办啊,0,该用户想表达的含义是：询问主播针对面部色斑问题是否有推荐的解决方案或产品。
weixue0806,美容护肤,口角囊带怎么搞,0,该用户想表达的含义是：嘴角周围的皱纹该怎么改善或护理。
weixue0806,美容护肤,什么时候有水光面膜?,1,该用户是在询问直播间何时会上架或推荐水光面膜产品，表达了对该商品的购买兴趣或需求。
weixue0806,美容护肤,有没有经验分享,0,该用户想询问其他观众或主播关于产品使用或医美项目的实际体验和建议。
weixue0806,美容护肤,我刚想知道你口红呀,1,该用户想表达的是：“我刚刚也在好奇你用的口红是什么色号”。  （结合前文弹幕中频繁出现的护肤、美妆类提问，尤其是“唇部精华可以说一下吗”等同类需求，可推断用户关注主播的妆容细节，并试图询问口红产品信息。）
weixue0806,美容护肤,"面膜管紧致,这鬼话你们也信",0,该用户是在质疑主播宣传的面膜紧致功效，认为这种说法不可信且带有讽刺意味。
weixue0806,美容护肤,眼油怎么用,1,该用户可能想询问眼部精华油的具体使用方法或适用场景。
weixue0806,美容护肤,大师面膜特别好用,1,该用户想表达的含义是：这款面膜效果很好，值得推荐或购买。
weixue0806,美容护肤,姐姐姐姐美白针可以打吗?美白针可以打吗?姐姐姐姐,0,该用户想表达的含义是：询问主播关于美白针的安全性和适用性，表现出对医美项目的潜在购买兴趣。
weixue0806,美容护肤,你活得这么漂亮,0,该用户可能在夸赞主播的皮肤或外貌状态很好，并隐含想了解对方使用的护肤产品或保养方法。
weixue0806,美容护肤,请问有祛斑效果的产品吗?,1,该用户是在询问直播间是否有针对祛斑问题的护肤产品推荐，表现出对解决特定皮肤问题的明确需求。
weixue0806,美容护肤,只能打针,0,该用户想表达的含义是：除了注射美容项目外没有其他解决办法。  （结合前文弹幕中频繁提及的祛斑、美白针、医美项目等需求，可推断用户针对某种皮肤问题（如凹陷、皱纹等）在询问解决方案，而“只能打针”隐含无奈或确认的语气，认为该问题必须通过医美注射手段改善。）
weixue0806,美容护肤,"长痘痘,凹凸不平,有什么方法不",0,该用户想表达的含义是：询问针对皮肤痘痘和凹凸不平问题的改善方法或产品推荐。
weixue0806,美容护肤,怎么解决毛孔外露的问题,0,该用户可能在咨询改善皮肤毛孔粗大的护肤产品或护理方法。
weixue0806,美容护肤,油有吗,1,该用户可能在询问直播间是否有售卖护肤用的精油类产品。
weixue0806,美容护肤,脸颊毛孔粗大可以怎样,0,该用户想询问针对脸颊毛孔粗大的护肤产品或解决方法。
weixue0806,美容护肤,毛孔粗大的,1,该用户想询问针对毛孔粗大问题的护肤产品或解决方案。
weixue0806,美容护肤,韩国根本没人用,0,该用户可能是在质疑直播间推荐的产品在韩国的实际普及度或效果，暗示其宣传存在夸大或不实。
weixue0806,美容护肤,讲讲防晒,1,该用户想表达的含义是：希望主播详细介绍防晒产品的功效或使用方法。
weixue0806,美容护肤,1和5的区别是什么,1,该用户想询问直播间正在介绍的两款产品（可能是护肤品或美容项目）之间的具体差异。
weixue0806,美容护肤,为什么你的睡衣都这么可爱哪买的,1,该用户被主播的睡衣款式吸引，想询问购买渠道并表达对商品的喜爱。
weixue0806,美容护肤,强效补水买哪款,1,该用户想询问直播间推荐的具有强效补水功效的具体产品款式。
weixue0806,美容护肤,姐姐祛痘印用什么,1,该用户想询问主播推荐针对祛痘印问题的护肤产品或方法。
weixue0806,美容护肤,肌吕吗?,0,该用户可能在询问是否有针对肌肤问题的产品或解决方案。
weixue0806,美容护肤,有用吗?,0,该用户是在询问某个产品的实际效果是否可靠。
weixue0806,美容护肤,眼睛下面的晒斑怎么办,0,该用户可能在询问直播间是否有针对眼下晒斑的护肤产品或解决方案。
weixue0806,美容护肤,项链是啥,1,该用户想询问直播中提到的项链的具体款式或产品信息。
weixue0806,美容护肤,讲下洗面奶!!!!!!!!,1,该用户急切希望主播详细介绍洗面奶产品的功能或使用体验。
weixue0806,美容护肤,有没有单独的身体乳那个粉色的,1,该用户是在询问直播间是否有售卖之前提到过的那款粉色身体乳单品。
weixue0806,美容护肤,安敏优可以不限购吗?,1,该用户希望解除对“安敏优”产品的购买数量限制，以便能自由下单。
weixue0806,美容护肤,毛孔粗可以做什么项目[流泪][流泪],0,该用户想表达的含义是：因毛孔粗大问题感到困扰，急切寻求可行的美容项目或解决方案。
weixue0806,美容护肤,水光面霜没货?,1,该用户是在询问水光面霜是否已经售罄，表现出对该产品的购买意向和库存情况的关注。
weixue0806,美容护肤,现在说是是1号面膜吗?,1,该用户是在确认当前直播讲解的产品是否为1号面膜，表现出对这款产品的关注和潜在的购买意向。
weixue0806,美容护肤,精油还有吗?,1,该用户是在询问直播间是否还有精油产品的库存可供购买。
weixue0806,美容护肤,你平常怎么用啊,0,该用户想询问主播展示的产品在日常生活中的具体使用方法或使用场景。
weixue0806,美容护肤,还这么认真活着,0,该用户可能是对主播或产品展示的积极态度表示调侃或感叹，暗示“面对这么多护肤问题还能保持耐心解答/坚持使用产品”。
weixue0806,美容护肤,一周敷多少片,1,该用户想询问主播推荐的面膜产品每周适合使用的频率。
weixue0806,美容护肤,可以整点衣服卖吗?,1,该用户希望主播能增加服装类商品的推荐或售卖。
weixue0806,美容护肤,打胶原蛋白哪个牌子的哦哦,1,该用户想询问主播推荐的胶原蛋白产品品牌。
weixue0806,美容护肤,"我用了挺好的,一次就能看到效果",0,该用户想表达的含义是：自己对产品效果感到满意并认可其见效快的特点。
weixue0806,美容护肤,适合油痘肌吗,1,该用户是在询问当前推荐的产品是否适合油性且容易长痘的肤质使用。
weixue0806,美容护肤,补水么?,1,该用户可能在询问当前推荐的产品是否具有补水功效。
weixue0806,美容护肤,这个是什么面膜,1,该用户想询问当前展示的面膜的具体产品名称或功效信息。
weixue0806,美容护肤,用后停了会不会更kua,1,该用户可能是在询问使用产品后如果停用是否会导致皮肤状态反弹或变差。
weixue0806,美容护肤,给我们讲讲,0,该用户想表达的含义是：希望主播详细介绍当前正在讲解的产品或服务。
weixue0806,美容护肤,现在敷着[看],0,该用户想表达的含义是：我正在使用这款面膜观看直播。
weixue0806,美容护肤,仿生皮面膜是干嘛的啊,1,该用户想表达的含义是：询问仿生皮面膜的具体功效和使用场景。
weixue0806,美容护肤,介绍回头霜,1,该用户希望主播详细讲解一下“回头霜”这款产品的功效和使用方法。
weixue0806,美容护肤,粉底液在哪里?????????,1,该用户急切地询问粉底液产品的购买链接或展示位置，表现出明确的购买意向和迫切需求。
weixue0806,美容护肤,热玛吉真的管用吗,0,该用户想询问热玛吉美容项目的实际效果是否可靠，可能对尝试该项目产生了兴趣。
weixue0806,美容护肤,有没有饱满苹果机的面膜,1,该用户想询问是否有适合改善苹果肌松弛问题的面膜产品。
weixue0806,美容护肤,这个面膜会弄出皮肤屏障吗,1,该用户担心使用这款面膜可能会损害皮肤角质层的保护功能。
weixue0806,美容护肤,你的心里,0,该用户可能是在询问主播推荐产品的核心理念或主打功效。
weixue0806,美容护肤,用几片能看到效果呀,1,该用户想询问使用该产品几次后才能观察到明显的效果。
weixue0806,美容护肤,我就是在你直播间买的这个肌侣大师然后爱上了,1,该用户想表达的含义是：我之前在你的直播间购买了肌侣大师产品，使用后非常喜欢并成为了忠实用户。
weixue0806,美容护肤,毛孔粗大做什么项目[流泪][流泪][流泪],0,该用户想表达的含义是：询问针对毛孔粗大问题应该选择哪种美容项目，并表现出对该问题的焦虑和迫切需求。
weixue0806,美容护肤,说一下防晒霜吧,1,该用户希望主播详细介绍防晒霜产品的功效或使用体验。
weixue0806,美容护肤,孕妇可以敷吗,1,该用户是在询问直播中推荐的产品是否适合孕妇使用，表现出对产品安全性的关注和潜在的购买意向。
weixue0806,美容护肤,讲下洗面奶,1,该用户希望主播详细介绍洗面奶的产品信息或使用体验。
weixue0806,美容护肤,睫毛是接的吗,0,该用户可能是对主播的睫毛效果感兴趣，想了解是否通过嫁接等方式达到的，从而判断相关美容产品或技术的效果。
weixue0806,美容护肤,别信了别信了,0,该用户可能在质疑直播间的产品宣传或他人推荐的可信度，认为存在夸大或虚假成分。
weixue0806,美容护肤,毛孔有效吗,0,该用户想询问这款产品对改善毛孔问题是否有效。
weixue0806,美容护肤,"用过了,没你说这么神嘛[捂脸]",0,该用户想表达的含义是：对产品宣传效果的实际体验与主播描述存在落差，感到失望或质疑。
weixue0806,美容护肤,热玛吉,0,该用户可能是想询问热玛吉美容项目的具体效果或适用性。
weixue0806,美容护肤,"怎么用,一个星期用几次",1,该用户想询问产品的具体使用方法和建议使用频率，以评估是否适合自己需求。
weixue0806,美容护肤,"毛孔粗大,有痘印[捂脸]",0,该用户可能在表达对自己皮肤问题的困扰，并暗示对直播间推荐的护肤产品或项目能否改善毛孔和痘印问题感兴趣。
weixue0806,美容护肤,怎么想的,0,该用户可能是在质疑主播推荐的产品或方法的合理性，表达对产品功效或使用逻辑的困惑。
weixue0806,美容护肤,很吃妆是什么原因?,0,该用户可能是在询问化妆品（如粉底或遮瑕产品）为何容易脱妆或持妆效果不佳的原因。
weixue0806,美容护肤,真的好用,1,该用户想表达的含义是：对当前直播推荐的产品表示认可并可能产生购买意愿。
weixue0806,美容护肤,一周敷几次?,1,该用户想询问这款面膜的建议使用频率以评估是否适合自己日常护肤需求。
weixue0806,美容护肤,反重力,0,该用户可能是在询问某款产品是否具有“反重力”提拉紧致的护肤效果。
weixue0806,美容护肤,推荐祛斑的,1,该用户想表达的含义是：希望主播推荐一款能够淡化或去除色斑的产品。
weixue0806,美容护肤,"那个胶原蛋白面膜敷完以后是不是不用洗了,直接用油行么",1,该用户想确认胶原蛋白面膜的使用方法，询问敷完后是否可以免洗直接进行后续护肤步骤。
weixue0806,美容护肤,33岁可以用吗,1,该用户是在询问产品是否适合自己这个年龄阶段使用，隐含对产品功效与年龄匹配度的关注。
weixue0806,美容护肤,美瞳有推荐的吗,1,该用户是在询问主播能否推荐适合的美瞳产品，表现出对美瞳品类的主动购买意向。
weixue0806,美容护肤,姐姐美瞳美瞳美瞳,1,该用户迫切希望主播推荐或详细介绍美瞳产品。
weixue0806,美容护肤,姐姐眼袋呢,0,该用户是在询问主播使用的眼袋护理产品或方法。
weixue0806,美容护肤,身体乳推荐哪个香味,1,该用户想询问主播推荐哪款身体乳的香味比较受欢迎或适合自己。
weixue0806,美容护肤,"姐姐,熬夜黑眼圈用什么呢",1,该用户想表达的含义是：询问主播针对熬夜导致的眼部问题推荐什么护肤品。
weixue0806,美容护肤,眼部用哪款产品比较好,1,该用户想询问适合改善眼部问题的产品推荐。
weixue0806,美容护肤,姐姐姐姐美白针建议打吗?姐姐,0,该用户是在向主播咨询美白针的适用性和效果，表现出对医美项目的潜在购买兴趣。
weixue0806,美容护肤,有去黄.提亮美白面膜吗,1,该用户是在询问直播间是否有能够改善暗沉、提亮肤色的美白面膜产品。
weixue0806,美容护肤,我是来回购的,0,该用户想表达自己之前购买过该产品且体验良好，现在有意再次下单。
weixue0806,美容护肤,看看外套,1,该用户想表达的含义是：想了解或查看主播推荐的外套款式或产品。
weixue0806,美容护肤,皮秒对斑斑有用吗,0,该用户想询问皮秒激光治疗是否对改善面部色斑有效。
weixue0806,美容护肤,主播口红是什么,1,该用户想询问主播当前展示的口红的具体品牌或色号信息。
weixue0806,美容护肤,已拍了关注了,0,该用户想表达的含义是：我已经下单购买并关注了直播间。
weixue0806,美容护肤,仿生皮是什么功效,0,该用户想了解仿生皮产品的具体功能或护肤效果。
weixue0806,美容护肤,姐姐瘦脸是肉毒好还是光电好,0,该用户想咨询主播关于瘦脸方法的选择建议，比较关注肉毒素和光电项目的效果差异。
weixue0806,美容护肤,韩束面膜怎么样????,1,该用户想询问韩束面膜的使用效果和品质如何，表现出对该产品的潜在购买兴趣。
weixue0806,美容护肤,这面膜与灌注的交替使用吗,1,该用户想询问面膜是否可以与灌注类产品搭配使用。
weixue0806,美容护肤,拍到了,0,该用户想表达的含义是：自己已经成功下单购买了直播间的商品。
weixue0806,美容护肤,"这个面膜我买了,很好用,正在犹豫这个还是5号呢",1,该用户想表达的含义是：已经购买并认可当前推荐的面膜效果，同时正在对比考虑另一款产品是否更适合自己。
weixue0806,美容护肤,精华精华精华精华,1,该用户可能在急切询问或强调关于“精华”产品的信息，比如想了解具体功效、适用肤质或催促主播详细介绍。
weixue0806,美容护肤,毛孔粗大有推荐吗,1,该用户是在询问针对毛孔粗大问题的护肤产品推荐，表现出对相关功效产品的具体需求和购买意向。
weixue0806,美容护肤,这个22可以用吗,1,该用户可能在询问直播中提到的某款产品（可能是编号为22的型号）是否适合自己使用或是否符合其需求。
weixue0806,美容护肤,眼袋眼袋眼袋眼袋眼袋眼袋,0,该用户可能是在急切询问主播关于眼袋问题的产品或解决方案，表达了对相关美容产品的强烈兴趣或需求。
weixue0806,美容护肤,衣服好看[色]貔貅也好看,0,该用户被直播中展示的服装和貔貅饰品所吸引，表达了对这两件商品的审美认可和潜在购买意向。
weixue0806,美容护肤,做医美后还能用吗,0,该用户可能是在询问当前推荐的产品是否适合医美术后恢复期的肌肤使用，担心产品成分会与医美项目产生冲突或刺激脆弱皮肤。
weixue0806,美容护肤,姐姐美白面膜怎么样,1,该用户想询问主播推荐的美白面膜的效果如何，是否有实际使用体验或专业建议。
weixue0806,美容护肤,雪姐又漂亮了,0,该用户通过夸赞主播的外表来表达对直播内容的喜爱和关注，可能意在拉近与主播的距离或营造友好互动氛围，但并未直接表现出对具体商品的购买兴趣。
weixue0806,美容护肤,脸颊凹陷怎么办呀,0,该用户可能是在咨询改善面部凹陷问题的产品或医美方案。
weixue0806,美容护肤,已拍已关注,0,该用户想表达自己已经完成购买并关注了主播，以此表示对直播内容的支持和参与互动。
weixue0806,美容护肤,气垫气垫气垫气垫气垫气垫气垫气垫气垫气垫气垫气垫气垫气垫气垫气垫气垫气垫气垫气垫气垫气垫气垫气垫,1,"该用户想表达的含义是：强烈询问或催促主播介绍/展示气垫产品。  （高频重复关键词""气垫""体现急切需求，可能是对当前直播内容未涉及该产品的焦急提醒，或对已出现但未详细讲解的产品的重点追问。）"
weixue0806,美容护肤,有斑怎么办啊?,0,该用户想表达的含义是：咨询针对皮肤斑点问题的产品或解决方案。  （结合前文弹幕中高频出现的护肤、医美相关内容，如“皮秒”“面膜”“毛孔粗大”等，可推断用户是在直播间寻求祛斑方法的推荐或建议。）
weixue0806,美容护肤,啊啊啊啊没买到,1,该用户因抢购失败而感到遗憾和急切。
weixue0806,美容护肤,再上吧,1,该用户可能在催促主播重新上架已售罄的商品或希望再次展示某个产品。
weixue0806,美容护肤,抢到了,0,该用户想表达的含义是：成功下单购买了直播间推荐的商品。
weixue0806,美容护肤,已经拍了,0,该用户想表达的含义是：我已经下单购买了当前直播推荐的产品。
weixue0806,美容护肤,5号怎木用,1,该用户想询问5号产品的具体使用方法或功效。
weixue0806,美容护肤,正在敷着[比心],0,"该用户想表达的含义是：我正在使用这款面膜并感到满意（通过表情符号传递积极情绪）。  （解析：结合前文""这个面膜我买了,很好用""的正面反馈和表情符号[比心]的友好属性，可推断用户以轻松方式分享产品使用体验，隐含对产品的认可。）"
weixue0806,美容护肤,口角囊袋怎么办,0,该用户想表达的含义是：咨询如何解决嘴角皮肤松弛或下垂的问题。
weixue0806,美容护肤,跟着韦雪姐姐买绝对没错,0,该用户想表达的含义是：信任主播的推荐并愿意跟随其购买决策。
weixue0806,美容护肤,"没用,最好的是泰国贵族面膜,一般人接触不到",0,该用户想表达的含义是：当前推荐的产品效果一般，真正高端好用的面膜是普通人难以获取的泰国贵族款。  （释义重点：通过对比贬低直播产品，强调存在更优质但稀缺的替代品，隐含对主播推荐的不认可或炫耀自身见识。）
weixue0806,美容护肤,……没买上,1,该用户想表达的是因抢购失败而感到遗憾。
weixue0806,美容护肤,毛孔粗做什么[流泪][流泪][流泪],0,该用户因皮肤问题（毛孔粗大）感到困扰，希望通过直播寻求解决方案或产品推荐。
weixue0806,美容护肤,22可以用吗,1,该用户可能在询问产品是否适合22岁年龄段使用。
weixue0806,美容护肤,光子可以打吗,0,该用户可能在询问直播推荐的美容产品或仪器（如光子嫩肤仪）是否具有祛斑或改善皮肤问题的功效。
weixue0806,美容护肤,"姐姐,脸干有淡纹用什么面膜?",1,该用户想咨询适合改善脸部干燥和淡化细纹的面膜产品，并隐含购买意向。
weixue0806,美容护肤,睡眠面膜,1,该用户可能是在询问主播推荐的睡眠面膜产品效果或适用性，或是表达对这类产品的购买兴趣。
weixue0806,美容护肤,没抢到[捂脸],1,该用户因未能成功购买直播间的推荐商品而感到遗憾和失落。
weixue0806,美容护肤,推荐一下补水,1,该用户希望主播能针对皮肤缺水问题推荐具体的护肤产品或解决方案。
weixue0806,美容护肤,还没拍,0,该用户想表达的含义是：自己尚未下单购买直播间的商品。
weixue0806,美容护肤,炒鸡好用,0,该用户想表达的含义是：对产品效果的高度认可和强烈推荐。
weixue0806,美容护肤,"姐姐,好美",0,该用户想表达的含义是：对主播的赞美和信任，暗示愿意跟随其推荐购买产品。
weixue0806,美容护肤,上睫毛膏,1,该用户希望主播重新上架或推荐睫毛膏产品。
weixue0806,美容护肤,睡衣什么牌子,1,该用户想询问主播身上穿的睡衣品牌，可能对同款产品产生了购买兴趣。
weixue0806,美容护肤,2号链接可以介绍一下吗?,1,该用户对2号链接的商品产生了兴趣，希望主播进一步讲解产品信息以便决定是否购买。
weixue0806,美容护肤,"刚去加粉丝团了,没抢到",1,该用户想表达自己积极参与直播间互动但遗憾未能成功参与粉丝团福利活动的心情。
weixue0806,美容护肤,美白吃什么,0,该用户想咨询能够美白肌肤的饮食或产品推荐。
weixue0806,美容护肤,眼袋姐姐,0,该用户可能是在询问主播关于眼袋问题的护肤建议或产品推荐。
weixue0806,美容护肤,"熬夜黑眼圈用哪个咋,姐姐[比心][比心][比心][比心][比心][比心][比心]",1,该用户想询问主播推荐一款针对熬夜导致的黑眼圈问题的产品，并表达了对主播的喜爱和信任。
weixue0806,美容护肤,一共是三盒到手?,1,该用户是在确认购买套餐的具体内容，表现出对产品数量的关注和潜在的购买意向。
weixue0806,美容护肤,想看你身上的衣服,1,该用户对主播穿着的服装款式感兴趣，暗示想了解购买链接或产品信息。
weixue0806,美容护肤,这首礼物喜欢,0,该用户想表达的含义是：对直播中提到的某款礼物产品很感兴趣并有意购买。
weixue0806,美容护肤,才选好地址就没了[捂脸],1,该用户因操作延迟导致心仪商品售罄，表达了遗憾和无奈的情绪。
weixue0806,美容护肤,颈纹怎么处理?,0,该用户想咨询直播间推荐的产品或方法来解决颈部皱纹问题，表现出对相关美容产品的潜在购买兴趣。
weixue0806,美容护肤,"我之前买了一单用完了,感觉没啥效果[捂脸][捂脸][捂脸]",0,该用户想表达的含义是：虽然之前购买并使用过该产品，但体验效果不佳，略带失望和调侃的情绪。
weixue0806,美容护肤,没买到,1,该用户想表达的含义是：对未能成功购买直播商品感到遗憾和失落。
weixue0806,美容护肤,好挣钱呀[捂脸],0,该用户可能是在感叹主播的带货能力或产品受欢迎程度，暗示对直播销售效果的惊讶或羡慕。
weixue0806,美容护肤,姐姐你的睡衣裤子是短裤还是长裤,1,该用户想询问主播所穿睡衣裤的具体款式细节，以评估是否符合自己的购买需求。
weixue0806,美容护肤,还没买到,1,该用户想表达的是：之前尝试购买但商品已售罄，现在仍未成功入手。
weixue0806,美容护肤,今天没点痣,0,该用户可能在表达自己因错过之前的商品或优惠而感到遗憾，暗示希望主播能再次推荐或补货相关产品。
weixue0806,美容护肤,2号呢,1,该用户可能在询问主播关于2号产品的具体信息或购买链接。
weixue0806,美容护肤,真的好漂亮[比心][比心][比心][比心][比心][比心][比心][比心][比心][比心],1,"该用户想表达的含义是：对直播中展示的某件商品或主播的装扮感到非常喜爱，并流露出强烈的赞美和潜在购买意愿。  （结合前文弹幕高频出现的""睡衣""""衣服""""2号链接""等商品相关讨论，以及大量[比心]表情的情感强化，可推断用户可能在称赞主播穿搭或某款产品外观，且情绪积极，属于典型兴趣信号。）"
weixue0806,美容护肤,刚点完关注就没了[捂脸][捂脸][捂脸],0,"该用户想表达因手速慢没抢到商品而感到遗憾，同时暗示对主播/商品的持续关注兴趣。  （解析：结合前文""才选好地址就没了""""没买到""等类似抱怨缺货的弹幕，以及""加粉丝团""等互动行为，可推断该语境下用户通过""关注""动作表明购买意愿，用""[捂脸]""表情强化错失机会的懊恼情绪，属于典型的高意向但未转化的潜在客户表达方式。）"
weixue0806,美容护肤,可以介绍一下回头霜吗,1,该用户对主播提到的“回头霜”产品产生了兴趣，希望主播能详细讲解其功效或使用方法。
weixue0806,美容护肤,毛孔大可以敷吗,1,该用户想询问当前推荐的产品是否适合毛孔粗大的肤质使用。
weixue0806,美容护肤,上次买的面膜很好用,1,该用户想表达的含义是：对之前购买的产品效果满意，暗示可能对同类或相关产品有复购意向。
weixue0806,美容护肤,粉底液推荐,1,该用户可能在寻求主播推荐适合自己肤质或需求的粉底液产品，表现出对化妆品类目的具体购买意向。
weixue0806,美容护肤,瘦脸针建议打吗,0,该用户想表达的含义是：对瘦脸针的效果和适用性产生兴趣，希望主播能提供相关建议或产品推荐。
weixue0806,美容护肤,还有吗,1,该用户可能在询问直播间是否还有库存或补货，表现出对当前售罄商品的强烈购买意愿。
weixue0806,美容护肤,没抢到[捂脸][捂脸],1,该用户因手速慢或库存不足未能成功购买商品，流露出遗憾和焦急的情绪。
weixue0806,美容护肤,仿生皮面膜啥样的,1,该用户想询问仿生皮面膜的具体产品特性和使用效果，表现出对这款产品的潜在购买兴趣。
weixue0806,美容护肤,这个和5号有什么区别吗?,1,该用户想表达的含义是：想了解当前展示的商品与之前提到的5号产品在功能或特性上的差异，以便做出购买决策。
weixue0806,美容护肤,祛斑效果好的产品有吗,1,该用户是在询问直播间是否有能有效改善色斑问题的护肤产品，表现出明确的购买需求和产品功效关注。
weixue0806,美容护肤,92年的有抬头纹、用多少能改善,0,该用户想询问针对92年出生人群因年龄增长产生的抬头纹问题，需要持续使用多少量的产品才能看到明显改善效果。
weixue0806,美容护肤,大师和5号链接啥区别?,1,该用户想询问直播中提到的“大师”款产品与5号链接商品在功能或特性上的具体差异。
weixue0806,美容护肤,为啥不回答我,0,该用户因之前的提问未被主播及时回应而感到不满，暗示自己的购买咨询被忽略。
weixue0806,美容护肤,睫毛生长液有吗?,1,该用户是在询问直播间是否有售卖睫毛生长液产品，表现出明确的购买意向或需求。
weixue0806,美容护肤,酒已是什么,0,该用户可能在询问直播间推荐的某款酒类产品是否已经售罄或下架。
weixue0806,美容护肤,9号说下,1,该用户可能在询问或提醒主播介绍/上架9号链接的商品。
weixue0806,美容护肤,面部提升可以做吗,0,该用户可能是在询问直播间推荐的美容产品或服务是否具有紧致提拉面部的功效。
weixue0806,美容护肤,没拍到[捂脸],1,该用户因错过抢购机会而感到遗憾和无奈。
weixue0806,美容护肤,唇膏你用的是粉色还是蓝色,1,该用户想询问主播正在使用的唇膏颜色，可能是为了参考选择或确认产品效果。
weixue0806,美容护肤,"没拍到,还能上吗",1,该用户因错过商品抢购而询问是否还有补货或再次上架的机会。
weixue0806,美容护肤,脸上肉多怎么办,0,该用户可能是在询问直播间是否有针对面部瘦身或紧致的产品推荐。
weixue0806,美容护肤,能讲解一下23号吗,1,该用户想询问主播能否详细介绍23号产品的功能或特点。
weixue0806,美容护肤,能讲讲油嘛,1,该用户希望主播详细介绍当前展示的护肤油产品的功效或使用方法。
weixue0806,美容护肤,需不需要天天敷面膜,1,该用户想了解面膜的使用频率是否会影响护肤效果。
weixue0806,美容护肤,加点货,1,该用户希望主播增加库存或补货上架商品。
weixue0806,美容护肤,有没有胶原蛋白灌注面膜,1,该用户是在询问直播间是否有售卖或推荐具有胶原蛋白填充功效的面膜产品。
weixue0806,美容护肤,没搞到,0,该用户想表达的含义是：自己没能成功抢购到直播间的商品。
weixue0806,美容护肤,"姐姐,走了,晚安",0,该用户可能是因长时间未得到主播回应或未抢到商品而感到失望，决定退出直播间并礼貌告别。
weixue0806,美容护肤,看看手连,1,该用户想表达的含义是：想了解主播手上展示的产品链接详情。
weixue0806,美容护肤,有斑怎么办?有斑怎么办?有斑怎么办?,0,该用户急切地询问如何解决面部色斑问题，表现出对相关护肤产品的强烈需求和关注。
weixue0806,美容护肤,雪姐麻烦问一下光子嫩肤有用吗,0,该用户是想咨询主播关于光子嫩肤产品的具体效果，表现出对该项目的潜在购买兴趣。
weixue0806,美容护肤,涂抹面膜有吗,1,该用户是在询问直播间是否有涂抹式面膜产品上架或推荐。
weixue0806,美容护肤,眼袋有什么可以解决吗?,1,该用户想表达的含义是：询问直播间是否有产品或方法能改善眼袋问题。
weixue0806,美容护肤,眼袋泪沟特别严重,0,该用户可能在询问针对眼袋和泪沟问题的护肤产品或美容解决方案。
weixue0806,美容护肤,补水推荐一下,1,该用户想表达的含义是：希望主播推荐具有补水功效的护肤产品或护理方法。  （结合前文弹幕中频繁出现的美容护肤类提问，如面膜、眼袋、祛斑等问题，可推断该用户关注皮肤护理，且当前需求聚焦在“补水”这一具体功效上。）
weixue0806,美容护肤,"@张***对啊,网红真好",0,该用户可能在附和他人对网红带货能力的认可，表达对主播或产品效果的信任或羡慕。
weixue0806,美容护肤,加单嘛?姐姐,1,该用户是在询问主播是否可以增加商品库存以便自己能够成功下单购买。
weixue0806,美容护肤,身上衣服可以看看,1,该用户对主播身上穿的衣服感兴趣，想询问商品信息或购买链接。
weixue0806,美容护肤,貔貅眼睛能闭上不[调皮],0,该用户可能是对貔貅饰品的设计细节产生兴趣，在调侃中询问商品能否实现闭眼造型的功能。
weixue0806,美容护肤,雪儿护肤程序讲一下,0,该用户希望主播详细介绍雪儿品牌的护肤步骤和使用方法。
weixue0806,美容护肤,有斑怎么办啊[流泪]姐姐,0,该用户想表达的含义是：希望主播能针对色斑问题给出解决方案或推荐相关产品。
weixue0806,美容护肤,有斑怎么办?有斑怎么办?有斑怎么办?有斑怎么办?有斑怎么办?有斑怎么办?,0,该用户急切寻求解决面部色斑问题的产品或方法，表现出较强的护肤需求和潜在购买意向。
weixue0806,美容护肤,"姐姐,长痘痘推荐用什么",1,该用户想表达的含义是：询问主播针对痘痘肌肤的护肤产品推荐。  （分析依据：结合前文弹幕中高频出现的护肤问题（如祛斑、眼袋、补水）和产品咨询（如面膜、光子嫩肤），可推断该用户是出于实际需求主动寻求解决方案，属于明确的购买兴趣表达。）
weixue0806,美容护肤,睡衣链接,1,该用户想表达的含义是：询问主播能否提供当前展示的睡衣的购买链接。
weixue0806,美容护肤,有推荐的香水吗?淡香.不腻,1,该用户想表达的含义是：希望主播推荐一款清淡不甜腻的香水款式。
weixue0806,美容护肤,身上衣服可以看看吗,1,该用户想询问主播身上穿的衣服是否有购买链接或商品介绍。
weixue0806,美容护肤,角质层薄可以用吗?,1,该用户是在询问产品是否适合敏感肌肤或角质层较薄的人群使用。
weixue0806,美容护肤,正在敷呢,0,该用户想表达的含义是：我正在使用你们推荐的面膜产品。  （结合前文弹幕多为护肤咨询和产品互动，推测用户是在回应主播之前提到的某款涂抹面膜或补水产品，表示自己已按推荐尝试使用。）
weixue0806,美容护肤,油皮适用吗,1,该用户想询问当前推荐的产品是否适合油性皮肤使用。
weixue0806,美容护肤,身体露哪个好,1,该用户可能在询问主播推荐适合身体使用的护肤或美容产品。
weixue0806,美容护肤,做好了还能擦护肤品吗,0,该用户是在询问当前展示的美容产品或护肤步骤完成后，是否还能继续使用其他护肤品。
weixue0806,美容护肤,已拍已拍,0,该用户想表达的是自己已经下单购买了直播间的商品。
weixue0806,美容护肤,敢直播上脸亲自用吗,0,该用户是在质疑主播对产品的信心，要求其现场试用以验证效果的真实性。
weixue0806,美容护肤,身体乳身体乳身体乳身体乳身体乳身体乳,1,该用户想表达的含义是：强烈要求主播详细介绍或推荐身体乳产品。
weixue0806,美容护肤,用什么,0,该用户可能在询问主播当前展示的产品具体用途或使用方法。
weixue0806,美容护肤,为什么没有法令纹?,0,该用户想询问直播间推荐的产品是否对改善法令纹有效，或希望主播讲解相关护肤方法。
weixue0806,美容护肤,为什么拍不了,1,该用户因购买流程受阻而焦急询问无法下单的原因。
weixue0806,美容护肤,"泪沟很重,怎么办?泪沟很重,怎么办?泪沟很重,怎么办?泪沟很重,怎么办?泪沟很重,怎么办?",0,该用户想表达的含义是：急切寻求解决泪沟问题的产品推荐或护肤建议。
weixue0806,美容护肤,原来我用错了,0,该用户可能意识到自己之前使用产品的方法有误，现在通过直播内容发现了正确用法。
weixue0806,美容护肤,后续还要用护肤品吗?,0,该用户想确认当前使用的护肤步骤是否需要后续叠加其他护肤品，表现出对产品使用方法的关注和潜在的购买意向。
weixue0806,美容护肤,毛孔粗可以做什么[流泪][流泪],0,该用户想表达的含义是：因毛孔粗大问题感到困扰，希望主播推荐相关产品或解决方法。
weixue0806,美容护肤,颈纹怎么弄,0,该用户想询问如何改善或消除颈部皱纹，可能是对相关护肤产品或护理方法产生了兴趣。
weixue0806,美容护肤,好焦虑,0,该用户可能因皮肤或外貌问题感到困扰，希望通过直播间的产品推荐缓解自身焦虑情绪。
weixue0806,美容护肤,20岁可以用嘛,1,该用户是在询问产品是否适合自己这个年龄段使用。
weixue0806,美容护肤,敷之前要涂水乳吗,1,该用户是在询问使用该产品前的护肤步骤是否需要搭配水乳。
weixue0806,美容护肤,之前敷错了,0,该用户可能是在反思自己之前使用产品的方法有误，现在意识到正确的使用方式。
weixue0806,美容护肤,胶原蛋白灌膜体好用,1,该用户想表达的含义是：这款胶原蛋白灌肤产品效果不错，值得推荐。  （结合前文弹幕中关于产品使用效果、肤质适配、购买行为等讨论，可推测该用户是在实际体验后给出正面反馈，并隐含认可或推荐的态度。）
weixue0806,美容护肤,到手是几盒呀,1,该用户是在询问商品的实际购买规格或数量，可能对产品详情页的包装信息不清楚或想确认促销活动的具体内容。
weixue0806,美容护肤,"我都快用完了,才知道怎么用",0,该用户想表达的含义是：自己在产品快用完时才掌握正确的使用方法，略带遗憾和感慨。  （结合前文弹幕中频繁出现的使用方法疑问和纠错内容，可推断用户可能因初期操作不当影响效果，如今才理解正确用法，隐含对产品效果的认可或对自身使用失误的懊恼。）
weixue0806,美容护肤,我要油,1,该用户想表达的是“我想要购买这款护肤油产品”。
weixue0806,美容护肤,"皮肤干起皮了,但是又出油,用什么面膜!",1,该用户想表达的含义是：自己面临皮肤干燥脱皮又伴随出油的困扰，希望主播能推荐适合的面膜产品来解决这个问题。
weixue0806,美容护肤,还能擦护肤品吗?,0,该用户可能在询问该产品使用后是否还需要叠加其他护肤品步骤。
weixue0806,美容护肤,雪姐上下油呗,1,该用户是在请求主播展示或推荐一款护肤油产品。
weixue0806,美容护肤,第一遍敷多久,1,该用户想询问首次使用这款面膜时建议敷用的时长。  （结合前文弹幕中频繁出现护肤方法咨询、产品使用困惑等语境，可推断用户对当前直播推荐的面膜产品产生兴趣，但缺乏具体操作知识，尤其是初次使用的细节。）
weixue0806,美容护肤,长痘痘闭口怎么办,0,该用户可能在寻求针对痘痘和闭口问题的护肤产品或解决方案，表现出对相关商品的潜在购买兴趣。
weixue0806,美容护肤,光子嫩肤可以做吗?[比心][比心][比心],0,该用户是在询问直播推荐的产品是否具备光子嫩肤的美容功效，同时通过表情符号表达了对该功能的兴趣和期待。
weixue0806,美容护肤,可以天天敷吗,1,该用户可能在询问产品的使用频率是否适合每日连续使用，反映出对产品功效和安全性的关注。
weixue0806,美容护肤,为什么要撕下来再敷,0,该用户可能是在询问产品使用步骤中“撕下”这一操作的必要性，暗示对产品使用方法存在困惑并希望得到明确指导。
weixue0806,美容护肤,面膜敷完不清洗还需要涂其他护肤品吗,1,该用户想表达的含义是：不确定使用这款面膜后是否需要进行后续护肤步骤。
weixue0806,美容护肤,怎么敷主播,1,该用户可能是在询问面膜的正确使用方法，比如敷面膜的步骤或技巧。
weixue0806,美容护肤,"宝,想要个气垫",1,该用户想表达的含义是：对主播推荐的气垫产品产生了明确的购买意向。  （结合前文弹幕语境，直播间讨论集中在护肤问题、产品使用方法和需求表达上，用户直接以昵称“宝”称呼主播并提及具体商品“气垫”，属于典型的需求直述，动机明确且带有情感互动色彩。）
weixue0806,美容护肤,怎么敷?,1,该用户是在询问面膜的正确使用方法或操作步骤。
weixue0806,美容护肤,"20岁能用吗,能收缩毛孔吗",1,该用户是在询问产品是否适合年轻肌肤并关注其改善毛孔效果。
weixue0806,美容护肤,激素脸能用吗?,1,该用户是在询问产品是否适合激素依赖性皮炎等敏感肌肤使用。
weixue0806,美容护肤,油皮可以吗,1,该用户是在询问这款产品是否适合油性皮肤使用。
weixue0806,美容护肤,胶原蛋白面膜多久用一次,1,该用户想表达的含义是：询问胶原蛋白面膜的使用频率以正确护肤。
weixue0806,美容护肤,2号链接上了吗,1,该用户是在询问主播是否已经上架了商品列表中的第2号产品链接。
weixue0806,美容护肤,他怎么是预售的呀?,0,该用户对商品需要预售感到意外和不满，希望尽快购买到现货。
weixue0806,美容护肤,脸黄脸黄脸黄脸黄脸黄脸黄脸黄脸黄咋办,0,该用户可能是在表达对自己肤色暗黄的焦虑，并希望主播推荐能改善暗黄问题的产品或护肤方法。
weixue0806,美容护肤,到手几盒,1,该用户是在询问当前促销产品的实际到手数量（例如买一送几的优惠信息）。
weixue0806,美容护肤,"雪啊,2号和5号推荐哪个?",1,该用户是在询问主播推荐的2号和5号产品中哪个更适合自己使用。
weixue0806,美容护肤,"哈哈哈哈哈,真的一千单以后还有500单",0,该用户可能是在调侃或惊叹直播间的促销节奏，暗示主播的销售策略（如分批放单）既有趣又令人意外。
weixue0806,美容护肤,美白补水推荐哪个,1,该用户想表达的含义是：询问主播推荐哪款具有美白和补水功效的产品。
weixue0806,美容护肤,讲下油,1,该用户想表达的含义是：请主播详细讲解一下这款护肤油的功效和使用方法。
weixue0806,美容护肤,"毛孔粗,可以做什么[流泪][流泪][流泪]",0,该用户想表达的含义是：我的毛孔粗大问题严重，想知道这款产品是否能有效改善（并流露出焦虑情绪）。
weixue0806,美容护肤,有斑怎么办????,0,该用户想表达的含义是：询问产品是否能有效改善面部色斑问题。  （结合前文弹幕多为护肤功效、适用性及使用方法的提问，可推断用户关注点在于产品针对特定皮肤问题的解决方案，语境偏向急切寻求改善方法。）
weixue0806,美容护肤,不用洗嘛,1,该用户想表达的含义是：这款面膜使用后是否可以直接省略清洗步骤。
weixue0806,美容护肤,BE精华油还有吗,1,该用户是在询问直播间是否还有“BE精华油”这款产品的库存，表达出明确的购买意向。
weixue0806,美容护肤,"敷完不洗,还要涂其他的吗",0,该用户想表达的含义是：询问使用这款面膜后若不冲洗是否需要叠加其他护肤步骤。
weixue0806,美容护肤,脖子美白的产品有没有推荐的[捂脸][捂脸],1,该用户想表达的是：想咨询适合颈部美白的产品推荐，并带有对自身颈部肤色问题的困扰和急切改善的期待。
weixue0806,美容护肤,为什么不回呢?,0,该用户可能因未得到主播对之前提问的及时回应而感到焦急，暗示希望对方尽快解答自己的问题。
weixue0806,美容护肤,痘痘肌能用吗姐,1,该用户想询问这款产品是否适合痘痘肌肤质使用。
weixue0806,美容护肤,一直都不用洗吗,1,"该用户想表达的含义是：询问产品是否具备免洗功能或确认使用后无需清洗的步骤。  （结合前文弹幕中多次出现关于产品使用方式（如""不用洗嘛""""敷完不洗""）和肤质适配性的讨论，可推断用户关注点在于产品使用的便捷性，核心诉求是确认该特性是否真实存在。）"
weixue0806,美容护肤,一周敷几片,1,该用户想询问这款面膜产品的建议使用频率（每周敷几次合适）。
weixue0806,美容护肤,终于拍到了,0,该用户想表达的含义是：成功抢购到了心仪的商品。
weixue0806,美容护肤,他怎么是预售的?,1,该用户对商品需要预售感到意外，并隐含对无法立即购买的不满或疑惑。
weixue0806,美容护肤,"面膜做好了,还要擦护肤品吗?",0,该用户想确认使用面膜后是否需要进行后续护肤步骤。
weixue0806,美容护肤,斑怎么办,0,该用户想咨询如何解决面部色斑问题。
weixue0806,美容护肤,这两个面膜有啥不同,1,该用户想询问两款面膜的具体功效或成分差异以便做出购买选择。
weixue0806,美容护肤,平常戴耳钉睡觉嘛,0,该用户可能是在询问耳钉产品的日常佩戴舒适度，特别是夜间睡觉时是否适合持续佩戴。
weixue0806,美容护肤,看看防晒,1,该用户想表达的含义是：想了解防晒产品的详细介绍或推荐。
weixue0806,美容护肤,天天说没货天天卖[捂脸],0,该用户是在讽刺主播一边宣称商品缺货一边持续销售，表达对库存说辞不实的质疑和不满。
weixue0806,美容护肤,韩束面膜可以介绍一下吗?,1,该用户想询问韩束面膜的具体功效和使用方法，表现出对产品的潜在购买兴趣。
weixue0806,美容护肤,怎么祛斑???,0,该用户想表达的含义是：询问主播关于祛斑产品或方法的推荐。
weixue0806,美容护肤,用完不洗脸那还涂其他东西吗,0,该用户是在询问使用该产品后若不进行清洁步骤，是否还需要叠加其他护肤品。
weixue0806,美容护肤,英诺净斑素怎么样,1,该用户想询问英诺净斑素产品的使用效果和功效，以评估是否值得购买。
weixue0806,美容护肤,一周敷几次?去法令纹,1,该用户想询问该面膜产品的使用频率以及是否具有淡化法令纹的功效。
weixue0806,美容护肤,痘痘肌可以用一号面膜吗,1,该用户是在询问一号面膜是否适合痘痘肌肤使用，表现出对产品适用性的关注和潜在的购买意向。
weixue0806,美容护肤,买到啦[比心],0,该用户想表达的含义是：自己已经成功下单购买了直播间的商品，并感到开心满足。
weixue0806,美容护肤,"宝打过艾维岚吗,咋样[比心][比心][比心]",0,该用户是在询问主播或其他观众是否使用过艾维岚产品并想了解使用效果，同时表达了对该产品的兴趣和好感。
weixue0806,美容护肤,修复用哪一款,1,该用户想询问直播中推荐的哪款产品适合用于皮肤修复护理。
weixue0806,美容护肤,"这个面膜在你直播间买的,正在敷[比心][比心][比心]",0,该用户想表达的含义是：对之前购买的面膜感到满意并正在使用，同时通过互动表达对主播的支持和喜爱。
weixue0806,美容护肤,真能吹,0,该用户认为主播对产品功效的宣称过于夸张或缺乏可信度。
weixue0806,美容护肤,产后如何美白,0,该用户可能在询问适合产后肌肤的美白产品或护理方法，表现出对特定人群护肤需求的关注和潜在购买意向。
weixue0806,美容护肤,第二遍怎么用,1,该用户可能在询问产品（如面膜或护肤品）的重复使用步骤或注意事项。
weixue0806,美容护肤,但是没见韦雪敷过,0,该用户可能是在质疑主播推荐的面膜效果，暗示产品缺乏真实使用案例或明星背书。
weixue0806,美容护肤,讲一下2号链接,1,该用户希望主播详细介绍2号链接产品的功能或使用方式。
weixue0806,美容护肤,要花大价钱的整形填充脂肪几万半年没有了,0,该用户可能在吐槽整形填充脂肪价格昂贵且效果不持久，暗示对这类高消费医美项目的性价比存疑。
weixue0806,美容护肤,多次回购了,0,该用户想表达的含义是：我是这款产品的老顾客，已经多次购买并认可其品质。
weixue0806,美容护肤,补水补水推荐,1,该用户希望主播推荐具有补水功效的产品。
weixue0806,美容护肤,姐姐你睡衣是短裤还是长裤呀,1,该用户可能对主播穿的睡衣款式产生兴趣，想了解产品细节以便考虑购买。
weixue0806,美容护肤,这个去皱么,1,该用户想询问产品是否具有淡化皱纹的功效，表现出对产品功能的明确关注和潜在的购买意向。
weixue0806,美容护肤,身体露,1,该用户可能是在询问产品使用时是否需要裸露身体部位（如面部或特定肌肤区域），或对产品使用时的隐私性存在顾虑。
weixue0806,美容护肤,鼻子塌怎么办,0,该用户可能是在询问直播间推荐的产品或美容方法能否改善鼻部塌陷的问题。
weixue0806,美容护肤,姐姐眼袋建议割吗,0,该用户可能在咨询主播关于眼袋整形手术的建议，想了解是否值得尝试或存在相关顾虑。
weixue0806,美容护肤,怎么祛斑??,0,该用户想表达的含义是：询问直播推荐的产品中是否有能有效淡化色斑的解决方案。  （结合前文弹幕中频繁提及护肤、美白、去皱等功效类问题，且语境偏向产品咨询，可推断用户关注点在于功能性需求，而非单纯闲聊。）
weixue0806,美容护肤,十号链接没货了吗,1,该用户可能是在询问十号链接商品是否已售罄，并隐含对购买该商品的兴趣或担忧库存不足。
weixue0806,美容护肤,"能再讲一下吗,刚才忙着拍单子",1,该用户因刚才忙于下单而错过了产品介绍，希望主播能重新讲解一遍刚才的内容。
weixue0806,美容护肤,有泪沟怎么办,0,该用户想表达的含义是：咨询改善泪沟问题的产品或方法是否有推荐。  （结合前文弹幕中高频出现的护肤、医美类问题，如“产后美白”“去皱”“祛斑”“眼袋”等，可推断该用户是在直播间主动寻求针对泪沟的解决方案，隐含对相关产品的潜在购买兴趣。）
weixue0806,美容护肤,毛孔粗大做什么[流泪][流泪][流泪],0,该用户想表达的含义是：因皮肤问题感到困扰，急切寻求改善毛孔粗大的解决方案。  （结合直播间前文多为美容护肤咨询的语境，该弹幕通过流泪表情强化了焦虑情绪，属于明确的求购意向类提问。）
weixue0806,美容护肤,敷了可以不用洗脸吗,0,该用户可能是在询问这款面膜使用后是否具备免洗功能，以简化护肤步骤。
weixue0806,美容护肤,"韦总我脸好干啊,怎么办[捂脸]",0,该用户想表达的含义是：向主播咨询皮肤干燥问题的解决方法，并暗示对相关护肤产品有兴趣。
weixue0806,美容护肤,能推荐一下去草莓鼻的吗,1,该用户是在询问主播能否推荐一款针对黑头（草莓鼻）问题的护肤产品或解决方案。
weixue0806,美容护肤,咋瘦了?,0,该用户可能在询问主播外貌变化的原因，暗示对主播近期状态或产品效果的关注。
weixue0806,美容护肤,我现在面膜都是韦雪这边买[捂脸],0,该用户想表达的含义是：我一直都在韦雪这里购买面膜，已经形成了固定的购买习惯。
weixue0806,美容护肤,讲讲5号面膜吧,1,该用户希望主播详细介绍5号面膜的功能或使用效果，可能是出于对这款产品的购买兴趣或比较需求。
weixue0806,美容护肤,眼部精华呀,1,该用户可能是在询问或感叹主播正在介绍的眼部精华产品，表达出对这款产品的关注或购买兴趣。
weixue0806,美容护肤,"1号下单了,口角囊袋自由之丘那个牌子真的好用吗",1,该用户想确认1号链接产品的品牌口碑和实际效果，以验证自己的购买决策是否明智。
weixue0806,美容护肤,毛孔粗大怎么整[比心][比心][比心][比心][比心][比心][比心][比心][比心][比心][比心][比心][比心][比心][比心][比心][比心][比心][比心],0,"该用户想表达的含义是：急切寻求改善毛孔粗大问题的护肤建议，并带有强烈的好感互动意愿。  （释义要点：结合前文护肤咨询的高频出现、""流泪""表情的同类诉求，以及超量""比心""体现的积极情绪，可判断用户并非单纯提问，而是希望通过热情互动获得主播针对性解答或产品推荐。）"
weixue0806,美容护肤,仿生面膜有什么用?,1,该用户是想了解这款仿生面膜的具体功效和适用场景，可能对产品效果存在兴趣或疑虑。
weixue0806,美容护肤,已关注,0,该用户想表达的含义是：我对直播内容感兴趣并愿意持续关注主播的推荐和产品信息。
weixue0806,美容护肤,要敷多长时间,1,该用户想询问当前讨论的面膜产品需要敷在脸上多久才能达到最佳效果。
weixue0806,美容护肤,天天敷吗?,1,该用户想询问产品是否需要每天使用才能达到理想效果。  （结合前文弹幕多为护肤问题及产品使用咨询，且涉及敷面膜、清洁等内容，推测用户关注的是使用频率，属于明确的购买意向相关提问。）
weixue0806,美容护肤,"大师面膜适合妈妈用吗,想要抗皱紧致的????",1,该用户想表达的含义是：询问这款主打抗皱紧致功效的面膜是否适合中年女性使用，并表现出明确的购买意向。
weixue0806,美容护肤,换季脸红脸痒怎么办,0,该用户想询问针对换季时皮肤敏感出现泛红瘙痒问题的护肤产品或解决方案。
weixue0806,美容护肤,怎么祛斑??????,0,该用户想表达的含义是：询问直播间是否有针对祛斑问题的产品或解决方案，表现出对相关美容产品的潜在购买兴趣。
weixue0806,美容护肤,敷面膜之前需要用什么吗,1,该用户想询问使用面膜前的必要护肤步骤或准备工作，可能对产品使用方式存在疑虑并希望获得专业指导。
weixue0806,美容护肤,1号链接16片?,1,该用户可能在询问1号商品链接中是否包含16片装的产品规格信息。
weixue0806,美容护肤,面膜用完不清洗还需要涂其他护肤品吗,1,该用户想表达的含义是：询问使用该款面膜后若不清洗是否还需叠加其他护肤步骤。  （结合前文弹幕高频出现的产品功能咨询、使用方法和护肤需求，可推断用户关注点在于面膜的后续护理流程，动机可能是希望简化护肤步骤或确认产品功效的完整性。）
weixue0806,美容护肤,我也用反了[捂脸][捂脸][捂脸][捂脸],0,"该用户想表达的含义是：自己也曾错误地使用过产品（可能因操作不当导致效果相反），现在感到尴尬或无奈。  （结合前文语境，直播间主要讨论护肤品使用问题，用户通过自嘲式反馈间接认可产品效果，隐含""错误用法""与""正确用法""对比的潜在购买兴趣。）"
weixue0806,美容护肤,能不能拍完了,0,该用户可能在催促主播尽快结束当前产品的讲解或展示，以便进入下一个环节或商品介绍。
weixue0806,美容护肤,第二遍也是20分钟吗?,0,该用户可能在询问同一款产品的第二次使用时长是否和第一次相同（比如面膜的敷用时间）。
weixue0806,美容护肤,买的东西都好贵,0,该用户可能在委婉表达对产品价格的顾虑，同时隐含希望主播能提供优惠或性价比推荐的心理需求。
weixue0806,美容护肤,想全身白怎么弄,0,该用户可能在咨询如何通过直播间的产品实现全身美白的效果。
weixue0806,美容护肤,贴完一面翻过来再贴行不[捂脸],0,该用户可能在询问面膜是否可以重复使用或翻转后继续敷贴，并对此操作表示调侃或不确定。
weixue0806,美容护肤,"1号链接还是2号链接,那个好用",1,该用户是在对比两款产品的使用效果，希望得到推荐建议以便做出购买决策。
weixue0806,美容护肤,一周敷几次,1,该用户是在询问这款面膜的建议使用频率（如每周敷几次合适），可能对产品效果或使用方法存在兴趣。
weixue0806,美容护肤,2号链接好用不,1,该用户是在询问2号链接产品的实际使用效果如何，以评估是否值得购买。
weixue0806,美容护肤,讲一下卸妆[捂脸],1,该用户可能是对当前讨论的护肤步骤感到困惑或好奇，希望主播详细讲解卸妆产品的使用方法或注意事项。
weixue0806,美容护肤,3号是最低折扣码,1,该用户是在询问或确认3号产品链接是否享有直播间最低优惠力度。
weixue0806,美容护肤,每天都要敷嘛,1,该用户是在询问面膜的使用频率是否必须每日一次，表现出对产品使用方法的关注和潜在的购买意向。
weixue0806,美容护肤,干皮用哪款,1,该用户是在询问适合干性皮肤使用的产品推荐。
weixue0806,美容护肤,君佩这个貔貅怎么样?,1,该用户是在询问主播对貔貅这款产品的评价，想了解其品质或功效以判断是否值得购买。
weixue0806,美容护肤,怎么祛斑??????????,0,该用户想表达的含义是：询问如何有效去除面部色斑的方法或产品推荐。
weixue0806,美容护肤,泪沟有效吗,0,该用户是在询问直播中推荐的产品对改善泪沟问题是否有效果。
weixue0806,美容护肤,贴完一面翻过来再贴行不,0,该用户可能在询问面膜是否可以重复使用，即贴完一面后翻转另一面继续敷脸。
weixue0806,美容护肤,全身黑黄怎么办[流泪],0,该用户想表达的含义是：询问如何改善皮肤暗沉发黄的问题。
weixue0806,美容护肤,抬头纹严重,0,该用户可能在询问主播是否有针对改善抬头纹问题的产品或护肤建议。
weixue0806,美容护肤,什么肤质都能用吗,1,该用户可能是在询问产品的适用性范围，担心自己的肤质是否适合使用该商品。
weixue0806,美容护肤,补水面膜推荐一下,1,该用户想表达的含义是：希望主播推荐适合自己需求的补水面膜产品。
weixue0806,美容护肤,平常戴着耳钉睡觉嘛,0,该用户可能是在询问耳钉产品的舒适度和日常实用性，想知道是否可以长时间佩戴甚至睡觉时也不取下。
weixue0806,美容护肤,"你好,眼膜有吗",1,该用户是在询问直播间是否有售卖眼膜产品，表现出对眼部护理产品的具体购买意向。
weixue0806,美容护肤,想买你身上衣服,1,该用户对主播身上的服装款式产生了兴趣，有意向购买同款。
weixue0806,美容护肤,睡衣睡衣睡衣睡衣,1,该用户想表达的含义是：对直播中展示的睡衣产品表现出强烈的兴趣和购买欲望。
weixue0806,美容护肤,粉底液有什么推荐的吗,1,该用户想表达的含义是：希望主播针对自己的需求推荐合适的粉底液产品。
weixue0806,美容护肤,1号链接还是2号链接,1,该用户是在询问主播对比推荐1号和2号商品哪个更值得购买。
weixue0806,美容护肤,每天用吗?,1,该用户想询问产品的使用频率是否需达到每日一次。
weixue0806,美容护肤,抗衰推荐哪些项目,1,该用户想询问直播间推荐哪些抗衰老的护肤项目或产品。
weixue0806,美容护肤,大美女好呀[比心],0,该用户是在友好打招呼的同时，试图通过互动拉近距离，为后续可能的购物咨询铺垫。
weixue0806,美容护肤,这个面膜和刚才那个油一起用吗,1,该用户想询问面膜和护肤油的搭配使用方法是否合适。
weixue0806,美容护肤,好久敷一次,1,该用户可能是在询问面膜的使用频率是否适合自己这种不常敷的情况。
weixue0806,美容护肤,哪个能美白?,1,该用户想询问直播中推荐的美白产品或方法。
weixue0806,美容护肤,2号几天敷一次会效果明显一点,1,该用户是在询问2号产品（可能是面膜或护肤品）的使用频率以达到更显著的效果。
weixue0806,美容护肤,"韦总,我脸好干,怎么办,怎么办怎么办",0,该用户想表达的含义是：询问主播针对脸部干燥问题的护肤建议，并表现出较强的购买意向。
weixue0806,美容护肤,"我在小红书看的,光面外面[捂脸][捂脸][捂脸]",0,该用户想表达的含义是：我之前在小红书看到过这款产品，但实际收到的外包装和宣传图不符，感到有些无奈和好笑。
weixue0806,美容护肤,爽文!拍到了,0,该用户想表达的含义是：成功抢购到心仪商品后的兴奋和满足感。
weixue0806,美容护肤,一个星期敷几次,1,该用户想询问这款面膜的使用频率以了解产品的具体使用方法和效果。
weixue0806,美容护肤,洁面小气泡开价了吗?[赞],1,该用户是在询问洁面产品的促销价格是否已经公布，并表现出对产品的兴趣和认可。
weixue0806,美容护肤,2号链接怎么显示就5片面膜,0,该用户可能是在确认或质疑商品详情页显示的面膜数量与预期不符，表达了对产品规格的关注和潜在的购买犹豫。
weixue0806,美容护肤,睡衣睡衣睡衣,1,该用户急切地想询问或确认主播展示的睡衣产品信息。
weixue0806,美容护肤,怎么祛痘,0,该用户想表达的含义是：询问直播间是否有推荐的产品或方法来解决痘痘问题。
weixue0806,美容护肤,你本人用过这款吗?,1,该用户想确认主播是否亲身试用过当前推荐的产品，以此判断产品的真实效果和可信度。
weixue0806,美容护肤,最后洗脸吗,0,该用户可能在询问直播中推荐的产品是否需要作为护肤流程的最后一步使用。
weixue0806,美容护肤,说说韩束呗,1,该用户想表达的含义是：想了解韩束产品的详细介绍或使用体验。
weixue0806,美容护肤,痘痘闭口,0,该用户可能在询问如何解决痘痘和闭口问题，或是想了解直播间推荐的相关产品。
weixue0806,美容护肤,哪个能美白,1,该用户是在询问直播间推荐的产品中哪一款具有美白功效。
weixue0806,美容护肤,"我前几天拍了,今天又来拍",0,该用户想表达的含义是：之前已经购买过产品，现在再次回购。
weixue0806,美容护肤,韦雪姐姐有法令纹青春期适合用这个面膜吗,1,该用户是在询问主播推荐的面膜是否适合青春期出现法令纹的年轻肌肤使用，隐含对产品功效的针对性需求。
weixue0806,美容护肤,5号链接怎么用,1,该用户可能在询问5号链接产品的具体使用方法或适用场景。
weixue0806,美容护肤,胶原灌注面膜胶原灌注面膜胶原灌注面膜胶原灌注面膜胶原灌注面膜,1,该用户可能在急切询问或强调这款面膜的使用效果或购买方式，表现出较强的购买兴趣和关注度。
weixue0806,美容护肤,不洗脸然后正常护肤吗,0,该用户可能在询问“如果不使用洁面产品直接进行后续护肤步骤是否可行”，表达了对简化护肤流程或特定护肤步骤必要性的疑问。
weixue0806,美容护肤,闭口怎么处理,0,该用户想咨询如何解决皮肤闭口问题，可能是对直播间推荐的相关产品感兴趣或寻求护肤建议。
weixue0806,美容护肤,"雪姐,请问你的睫毛是怎么弄的这么好看",0,该用户是在向主播咨询睫毛妆容的具体打造方法，表现出对主播同款妆容效果的向往和购买相关产品的潜在兴趣。
weixue0806,美容护肤,几天敷一次,1,该用户想询问这款面膜的建议使用频率。
weixue0806,美容护肤,头发颜色?,0,该用户可能在询问主播展示的产品或造型中头发的具体颜色，想了解相关细节以便参考或购买类似产品。
weixue0806,美容护肤,可以再说一下2号链接吗,1,该用户对2号链接的产品信息有进一步了解的需求，可能是想确认产品详情或购买方式。
weixue0806,美容护肤,眼袋怎么办雪,0,该用户想表达的含义是：请问雪姐，眼袋问题该如何解决？
weixue0806,美容护肤,衣服分享下,1,该用户想表达的含义是：请主播详细介绍这件衣服的购买链接或相关信息。
weixue0806,美容护肤,"正在敷,正在敷",0,该用户想表达的含义是：我正在使用你们推荐的面膜产品。  （结合前文语境，弹幕中频繁提及面膜相关话题，如“2号链接”“胶原灌注面膜”等，用户用重复的“正在敷”强调自己已购买并实际体验产品，可能是对直播推荐的回应或表达认可。）
weixue0806,美容护肤,胶原蛋白钛开不开,1,该用户是在询问主播是否会开启售卖胶原蛋白钛产品的活动或链接。
weixue0806,美容护肤,姐姐说说安敏优面膜吧等了好几场了,1,该用户急切希望主播详细介绍安敏优面膜的产品信息，表明自己持续关注多场直播就为了等这款产品的讲解。
weixue0806,美容护肤,"亲,腮帮子怎么能变小",0,该用户可能在询问如何通过直播推荐的产品改善面部轮廓或瘦脸效果。
weixue0806,美容护肤,每天敷?,1,该用户是在询问这款面膜是否需要每天使用。
weixue0806,美容护肤,1号2号推荐哪款,1,该用户可能在询问主播对于1号和2号产品的对比推荐，想了解哪一款更适合自己的需求。
weixue0806,美容护肤,就不买绝不给你赚一分钱,0,该用户可能出于对产品或主播的不满，以对抗性语气表达拒绝购买的坚决态度。
weixue0806,美容护肤,"你带货胶原蛋白了么,因为看到很多短视频是在说那个胶原蛋白面膜",1,该用户想表达的含义是：看到其他平台推荐胶原蛋白产品，所以来直播间确认是否有同类商品并了解相关信息。
weixue0806,美容护肤,5号链接讲一下,1,该用户希望主播详细介绍5号链接产品的功能或使用方法。
weixue0806,美容护肤,2号面膜,1,该用户想询问关于2号面膜的详细信息或购买链接。
weixue0806,美容护肤,干皮脸用啥,1,该用户想询问适合干性皮肤使用的护肤产品或推荐。
weixue0806,美容护肤,熬夜用哪个,1,该用户想询问熬夜后适合使用哪款护肤产品。
weixue0806,美容护肤,今天有水吗?,1,该用户可能在询问直播间是否有售卖或推荐补水相关的产品。
weixue0806,美容护肤,眼袋怎么用,1,该用户可能是想询问主播推荐的眼部护理产品如何使用，或针对眼袋问题寻求解决方案。
weixue0806,美容护肤,她不回用这些东西的她做美容才这么好看,0,该用户认为主播的美貌源自专业美容护理，而非她推荐的产品。
weixue0806,美容护肤,欧莱雅小金管能用吗,1,该用户可能是在询问欧莱雅小金管防晒产品是否适合自己肤质或使用场景，想了解产品的实际效果或适用性。
weixue0806,美容护肤,刚才涂的什么唇釉?,1,该用户对主播刚才使用的唇釉产品产生了兴趣，想了解具体品牌或色号以便购买。
weixue0806,美容护肤,外套有没有,1,该用户想询问直播中展示的外套是否有库存或购买链接。
weixue0806,美容护肤,有减肥吗?,0,该用户是在询问直播间是否有推荐或讲解关于减肥的产品或内容。
weixue0806,美容护肤,面膜有吗,1,该用户想询问直播间是否有面膜产品在售或推荐。
weixue0806,美容护肤,你吊坠多少克,1,该用户想询问主播所展示的吊坠产品的具体重量参数。
weixue0806,美容护肤,法令纹有效吗,0,该用户是在询问产品对改善法令纹是否有效果。
weixue0806,美容护肤,没撕之前敷多久,1,该用户想询问面膜在使用前需要敷多长时间才能达到最佳效果。
weixue0806,美容护肤,"宝,推个气垫",1,该用户想表达的含义是：希望主播推荐一款适合自己使用的气垫产品。
weixue0806,美容护肤,颈纹颈纹求救,0,该用户想表达的含义是：询问主播有没有针对颈部皱纹的推荐产品或护理方法。
weixue0806,美容护肤,介绍一下2号,1,该用户希望主播详细讲解2号产品的功能或特点。
weixue0806,美容护肤,除黄提亮的,0,该用户想询问是否有能去除暗黄、提亮肤色的护肤产品。
weixue0806,美容护肤,"不撕下来,全部多敷久一点,可不可以",0,该用户是在询问面膜是否可以延长敷用时间而不取下，以增强护肤效果。
weixue0806,美容护肤,拍了雪姐,0,该用户想表达的含义是：已经下单购买了雪姐推荐的产品。
weixue0806,美容护肤,冻干眼膜有吗?,1,该用户是在询问直播间是否有售卖冻干眼膜产品。
weixue0806,美容护肤,补水补水补水补水推荐,1,该用户急切希望主播推荐补水相关的产品。
weixue0806,美容护肤,来延吉,0,该用户可能是在询问直播间是否有售卖或推荐与延吉相关的旅游产品或当地特色商品。
weixue0806,美容护肤,不要相信,0,该用户可能是在质疑主播推荐的产品效果或诚信度，暗示其他观众不要轻信直播中的宣传话术。
weixue0806,美容护肤,讲一下用法,1,该用户想表达的含义是：希望主播详细讲解当前展示产品的使用方法。
weixue0806,美容护肤,激光反黑咋办呢姐!,0,该用户可能在询问如何应对激光美容后的反黑现象，希望主播推荐相关产品或护理方法。
weixue0806,美容护肤,一共几片,1,该用户想询问当前介绍的产品（可能是面膜或护肤品）的包装内包含多少片装。
weixue0806,美容护肤,"从来不用面膜,用别的东西可以吗",1,该用户想表达的含义是：自己对面膜不感兴趣，想询问是否有其他替代产品推荐。
weixue0806,美容护肤,今天收到CEMOY澳诗茉21天反重力精华液具体怎么使用可以讲讲吗?,0,该用户想了解CEMOY澳诗茉21天反重力精华液的使用方法，可能是已经购买或对该产品感兴趣。
weixue0806,美容护肤,怎么不回答,0,该用户想表达的含义是：主播没有及时回应自己或其他观众提出的问题。
weixue0806,美容护肤,再说一遍面膜怎么用,1,该用户想表达的含义是：希望主播重新详细讲解面膜的使用方法。
weixue0806,美容护肤,有减肥吗,1,该用户是在询问直播间是否有关于减肥的产品或相关内容。
weixue0806,美容护肤,姐姐有没有收缩毛孔的[流泪],1,该用户是在询问主播是否有能改善毛孔粗大问题的产品，并表达了自己因毛孔问题困扰的急切心情。
weixue0806,美容护肤,这个睡衣好好康,1,该用户想表达的含义是：这件睡衣看起来非常漂亮，我很感兴趣。
weixue0806,美容护肤,补水用哪个?,1,该用户是在询问主播推荐适合补水功效的产品。
weixue0806,美容护肤,主播皮肤好好,0,该用户可能是在夸赞主播的肌肤状态，暗示对主播推荐的美容产品或护肤方法感兴趣。
weixue0806,美容护肤,脸小了,0,该用户可能是在夸赞主播或产品使用后让脸部看起来更小巧紧致了。
weixue0806,美容护肤,还需要洗吗,1,该用户可能是在询问产品是否需要额外的清洁步骤，或对当前演示的使用流程存在疑惑。
weixue0806,美容护肤,油还有吗?,1,该用户是在询问直播间是否还有之前提到的油类产品库存。
weixue0806,美容护肤,脸上有晒斑用哪个,1,该用户想表达的含义是：询问主播针对面部晒斑问题推荐哪款产品。
weixue0806,美容护肤,苹果肌掉了怎么办,0,该用户可能在询问面部苹果肌下垂问题的改善产品或解决方案。
weixue0806,美容护肤,睡衣好好看有没有链接谢谢[比心],1,该用户对直播中展示的睡衣很感兴趣，主动询问购买链接并表达喜爱之情。
weixue0806,美容护肤,口红推荐推荐,1,该用户希望主播能介绍一些口红色号或产品推荐。
weixue0806,美容护肤,一号怎么使用?真的可以去除法令纹吗?,1,该用户对产品功效存在疑虑，同时想了解具体使用方法以评估是否值得购买。
weixue0806,美容护肤,从新讲一下试用方法,0,该用户希望主播重新详细讲解产品的试用步骤或使用方法。
weixue0806,美容护肤,有有泪沟怎么办有泪沟怎么办有泪沟怎么办,1,该用户想表达的含义是：询问主播针对泪沟问题是否有推荐的产品或解决方案。
weixue0806,美容护肤,如何去斑去痘印?,0,该用户想询问直播间是否有针对祛斑和淡化痘印的产品推荐或解决方案。
weixue0806,美容护肤,姐姐能回答一下欧莱雅小金管能用吗,1,该用户想询问主播欧莱雅小金管防晒产品的适用性和使用效果，可能是对其功效或适合肤质存在疑问。
weixue0806,美容护肤,干皮眼部细纹怎么处理,0,该用户想表达的含义是：询问针对干性皮肤眼部细纹问题的护肤产品推荐或解决方案。  （结合前文弹幕语境，直播间讨论多为具体护肤问题及产品咨询，用户提问动机明确指向功能性需求，且句式与其他求推荐/求解答的弹幕一致。）
weixue0806,美容护肤,人造的肯定啊,0,该用户想表达的含义是：产品成分是人工合成的这一点很明显（或无需质疑）。  （结合上下文推测，可能是针对主播介绍某款产品的成分或特性时，用户对“人造/人工”这一属性表示确认或强调。）
weixue0806,美容护肤,说一下韩束呗,1,该用户想表达的含义是：希望主播详细介绍韩束产品的功效或使用体验。
weixue0806,美容护肤,奥加娜是什么功效,1,该用户是在询问产品“奥加娜”的具体护肤功效或作用。
weixue0806,美容护肤,瑞士莲不喜欢你,0,该用户可能是在表达对当前推荐产品（瑞士莲巧克力）的不感兴趣或不满，暗示主播应该换其他更吸引他的商品。
weixue0806,美容护肤,有没有推荐的防晒有没有推荐的防晒有没有推荐的防晒有没有推荐的防晒,1,该用户急切地想要主播推荐适合自己使用的防晒产品，可能因直播节奏较快或未被及时回应而重复发送以强调需求。
weixue0806,美容护肤,一号链接怎么使用?真的可以去除法令纹吗?,1,该用户对一号链接产品的功效和使用方法感兴趣，想确认它是否能有效改善法令纹问题。
weixue0806,美容护肤,就不买主打白嫖,0,该用户想表达的含义是：自己只是来凑热闹的，并没有实际购买意向。
weixue0806,美容护肤,6号什么功能,1,该用户是在询问直播中提到的6号产品具体有哪些功效或作用。
weixue0806,美容护肤,讲讲美白,0,该用户希望主播详细介绍关于美白产品的功效或使用方法。
weixue0806,美容护肤,第二遍只敷法令纹贴吗,0,该用户是在询问产品使用细节，想知道是否可以将法令纹贴重复使用在特定部位以增强效果。
weixue0806,美容护肤,针对痘肌的有吗,1,该用户是在询问直播间是否有适合痘痘肌使用的产品。
weixue0806,美容护肤,"毛孔粗大,做什么项目[流泪][流泪]",0,该用户想表达因毛孔粗大问题感到困扰，急切寻求直播间推荐相关美容项目或解决方案。
weixue0806,美容护肤,马上要睡觉了能上链接[流泪][流泪]想要美白的姐姐,0,该用户急切地表达对美白产品的强烈购买意愿，但因临近睡觉时间担心错过商品链接而焦虑。
weixue0806,美容护肤,又好看了,0,该用户是在对主播展示的产品效果表示认可，暗示产品外观或使用效果吸引人。
weixue0806,美容护肤,面膜怎么敷,1,该用户想了解面膜的具体使用方法及操作步骤。
weixue0806,美容护肤,想听你讲故事,0,该用户可能是希望主播通过讲解产品背后的故事或使用场景来增强吸引力，以此间接了解产品的实际效果或特色。
weixue0806,美容护肤,"光子嫩肤,能打吗?",0,该用户是在询问光子嫩肤项目的实际效果是否值得尝试。
weixue0806,美容护肤,淡斑的产品有吗?,1,该用户是在询问直播间是否有针对淡化色斑的护肤产品，表现出对解决特定肌肤问题的购买意向。
weixue0806,美容护肤,撕下来在敷一次,0,该用户可能是询问面膜是否可以重复使用，或是针对法令纹贴的使用方法提出具体操作建议。
weixue0806,美容护肤,减肥针推荐吗[看][看],1,该用户是在询问主播对减肥针产品的使用建议，表现出对这款产品的潜在购买兴趣和进一步了解的意愿。
weixue0806,美容护肤,想要抗皱眼油,1,该用户是在询问直播间是否有抗皱功效的眼部护理产品可供购买。
weixue0806,美容护肤,百奈子眼部精华有活动吗,1,"该用户是在询问产品优惠信息，表现出对""百奈子眼部精华""的具体购买意向。"
weixue0806,美容护肤,睡衣好看推荐一下,1,该用户对直播中展示的睡衣款式产生兴趣，希望主播能详细介绍或提供购买链接。
weixue0806,美容护肤,喜欢你的睡衣,1,该用户可能是在表达对主播睡衣款式的欣赏，并暗示希望主播推荐同款或类似风格的睡衣产品。
weixue0806,美容护肤,一直饱满,0,该用户可能是在夸赞主播的状态或产品效果，表达“（主播/产品）看起来一直很精神/效果持久”的意思。
weixue0806,美容护肤,去du了,0,该用户想表达的含义是：准备下单购买了。  （结合前文弹幕中频繁出现的产品咨询、功能讨论以及购买意向词汇（如“想要”“推荐”“活动”等），可推断“去du了”是“去下单了”的谐音或缩略表达，体现用户被直播内容说服后决定消费的心理。）
weixue0806,美容护肤,美白补水推荐一下,1,该用户希望主播推荐具有美白和补水功效的护肤产品或方案。
weixue0806,美容护肤,有发现,0,该用户可能是在询问主播是否推荐了某款产品或项目，暗示自己也有购买兴趣。
weixue0806,美容护肤,你做了什么项目,0,该用户可能在询问主播推荐的医美或护肤项目，尤其是针对自身皮肤问题的解决方案。
weixue0806,美容护肤,之前那个胶原蛋白灌注的那个敷上成膜的内个有吗,1,该用户是在询问直播间之前推荐过的一款能形成膜的胶原蛋白灌注面膜是否还有货。
weixue0806,美容护肤,有发展,0,该用户想表达的含义是：对主播提到的美容产品或项目效果表示认可，认为有改善潜力或值得尝试。
weixue0806,美容护肤,祛斑祛斑,0,该用户想表达的是询问直播间是否有祛斑相关的产品或解决方案。
weixue0806,美容护肤,已拍面膜和防晒霜,0,该用户想表达自己已经下单购买了直播中推荐的面膜和防晒霜产品。
weixue0806,美容护肤,"很喜欢你戴的项链,能帮私发下链接吗",1,该用户对主播佩戴的项链产生了明确的购买意向，希望获取商品链接以便下单。
weixue0806,美容护肤,一直都很美呀,0,该用户是在夸赞主播的外貌或状态一直保持得很好，可能是在回应主播展示的护肤/美容效果或穿搭造型。
weixue0806,美容护肤,有感觉你今天变好看了,0,该用户想表达主播今天的状态或妆容比平时更吸引人，可能暗示对主播推荐的美容产品或穿搭风格产生了兴趣。
weixue0806,美容护肤,好美吖,0,该用户想表达的含义是：对主播当前展示的商品或外貌表示由衷的赞美和喜爱。
weixue0806,美容护肤,"小红书上都是这个貔貅[比心]雪,动一动,看看貔貅眼睛一睁一闭呗",0,该用户想表达的含义是：对直播中展示的貔貅饰品很感兴趣，希望主播能动态展示其细节设计。  （结合前文弹幕中频繁出现的产品询问、外观赞美和求链接行为，可推断用户被貔貅造型吸引，通过活泼的语气和表情符号表达购买意向，核心诉求是进一步了解商品特性。）
weixue0806,美容护肤,有没有好用的淡斑产品呀,1,该用户是在询问直播间是否有值得推荐的祛斑护肤品，表现出对相关产品的购买兴趣和需求。
weixue0806,美容护肤,调的参数呗,0,该用户可能在质疑主播展示的产品效果是否通过调整参数或设置人为美化，而非真实使用效果。
weixue0806,美容护肤,睡衣睡衣睡衣睡衣睡衣睡衣睡衣睡衣睡衣,1,该用户想表达的含义是：强烈要求主播推荐或介绍身上穿的睡衣款式并分享购买链接。
weixue0806,美容护肤,大师面膜好用,1,该用户想表达的含义是：对这款面膜的效果表示认可并可能产生购买意向。
weixue0806,美容护肤,美白祛斑,1,该用户想表达的含义是：询问直播间是否有美白和祛斑功效的产品推荐。
weixue0806,美容护肤,有发现宝贝,0,该用户想表达的含义是：发现直播间里有自己感兴趣的商品。
weixue0806,美容护肤,onda对,0,该用户可能在询问主播佩戴的项链品牌或购买链接，类似于前文其他用户对饰品的兴趣表达。
weixue0806,美容护肤,油推荐一下,1,该用户想表达的含义是：询问主播是否有适合的护肤油产品可以推荐。
weixue0806,美容护肤,毛孔用哪个,1,该用户想询问直播间推荐哪款产品适合解决毛孔问题。
weixue0806,美容护肤,怎么可以瘦下来[互粉],0,该用户可能是在询问减肥方法的同时希望与主播互动增加关注。
weixue0806,美容护肤,好喜欢你的项链啊[比心],1,该用户被主播佩戴的项链所吸引，希望进一步了解或购买同款。
weixue0806,美容护肤,越来越美了,0,该用户想表达的含义是：称赞主播近期外貌状态提升明显，流露出对主播形象的好感和关注。
weixue0806,美容护肤,睡衣有吗?,1,该用户是在询问直播间是否有睡衣产品出售。
weixue0806,美容护肤,还是那么好看,0,该用户想表达的含义是：主播的外貌或状态依然保持得很吸引人。
weixue0806,美容护肤,"小气泡洗面奶洗的太干净了,发现不能每天洗",0,该用户想表达的含义是：这款洗面奶清洁力过强，不适合每天使用。
weixue0806,美容护肤,"刚来,2号面膜说下吧",1,该用户想表达的含义是：我刚进入直播间，想了解主播正在介绍的第2款面膜的详细信息。
weixue0806,美容护肤,油孕妇能用吗?,1,该用户是在询问直播中推荐的护肤油产品是否适合孕妇使用，以判断自己是否可以购买。
weixue0806,美容护肤,一周用几次啊,1,该用户想询问产品的使用频率以评估是否适合自身需求。
weixue0806,美容护肤,这个吊坠好美,1,该用户被吊坠的设计所吸引，流露出明显的欣赏和潜在的购买意向。
weixue0806,美容护肤,"拍了一号,怎么用",1,该用户想表达的含义是：已经下单购买了1号产品但不知道使用方法。  （结合前文语境，直播间正在讨论各类商品，用户提问聚焦于具体产品的使用方式，属于典型的购买后咨询类需求。）
weixue0806,美容护肤,你带的这个君佩貔貅怎么样?我也想买,1,该用户对主播佩戴的貔貅饰品产生了兴趣，并表现出明确的购买意向。
weixue0806,美容护肤,淡斑的产品有吗?[爱心][爱心][爱心][爱心],1,该用户是在询问直播间是否有淡斑功效的产品，并表现出较强的兴趣和期待。
weixue0806,美容护肤,雪啊!脸上有斑用什么啊,1,该用户想询问直播间是否有适合面部祛斑的产品推荐。
weixue0806,美容护肤,可以打咬肌吗[比心][比心][比心],0,该用户是在询问直播中推荐的产品是否具有瘦脸或减少咬肌的效果。
weixue0806,美容护肤,颈纹怎么整,0,该用户想表达的含义是：询问直播间是否有改善颈部皱纹的产品或方法。
weixue0806,美容护肤,紧致了,0,该用户想表达的含义是：询问产品是否有紧致肌肤的效果。
weixue0806,美容护肤,印第安纹怎么去掉,0,该用户可能是在询问直播间是否有针对改善印第安纹（面部皱纹的一种）的护肤产品或美容方法，表达了对相关产品的潜在购买兴趣。
weixue0806,美容护肤,宝宝失恋了怎么办[玫瑰],0,该用户可能是以调侃或撒娇的语气询问主播关于情感治愈或心理安慰类产品的推荐，借失恋话题间接表达对直播间商品的兴趣。
weixue0806,美容护肤,怎么还不理我,0,该用户可能因之前询问过产品信息但未得到主播回应而感到焦急，希望尽快获得解答或互动。
weixue0806,美容护肤,你这个衣服全身看一下,0,该用户想表达的含义是：希望主播展示这件衣服的全身效果以便进一步了解款式。
weixue0806,美容护肤,这个面膜去细纹嘎嘎好[捂脸],0,该用户是在以夸张的口吻肯定面膜的去细纹效果，同时用表情符号[捂脸]传递亲测有效的调侃感，整体表达了对产品的强烈认可和潜在购买意向。
weixue0806,美容护肤,"推荐个油,精华",1,该用户想表达的含义是：希望主播推荐适合自己使用的护肤精油或精华液产品。
weixue0806,美容护肤,换地方了,0,该用户可能是在询问主播是否更换了直播场地或背景环境。
weixue0806,美容护肤,脸部凹陷怎么办,0,该用户可能在咨询直播间推荐的美容产品或医美手段能否改善面部轮廓问题。
weixue0806,美容护肤,睡衣求链接,1,该用户对直播中展示的睡衣感兴趣并希望获取购买途径。
weixue0806,美容护肤,没发现[捂脸],0,该用户可能是对之前提到的产品功效表示意外或调侃，比如突然发现某款面膜的去细纹效果被夸大了。
weixue0806,美容护肤,美白美白,0,该用户可能是在询问或强调对美白产品的关注和需求。
weixue0806,美容护肤,"我听朋友推荐,我朋友说你能拯救我的脸,我脸颊两侧有黄褐斑,你能拯救我吗?女神",0,该用户是在咨询主播推荐的淡斑产品是否真能有效改善自己脸颊的黄褐斑问题，并透露出因朋友推荐而产生的信任感。
weixue0806,美容护肤,眼油有没有,1,该用户是在询问直播间是否有售卖眼部护理精油产品。
weixue0806,美容护肤,有理你,0,"该用户可能是在催促主播回应之前关于产品功效的提问，表达""请解释一下这个产品的原理""或""你还没回答我的问题呢""的意思。"
weixue0806,美容护肤,6号链接开价了吗,1,该用户是在询问6号商品链接的价格是否已经公布或开始优惠活动。
weixue0806,美容护肤,想买10号,1,该用户想表达的是对直播间正在介绍或展示的10号产品有明确的购买意向。
weixue0806,美容护肤,冻干眼膜有吗,1,该用户是在询问直播间是否有售卖冻干眼膜产品，表现出对该类商品的购买意向。
weixue0806,美容护肤,"6号快点来啊,我的钱包憋不住了",1,该用户急切期待6号商品上架，表现出强烈的购买冲动和迫不及待的消费意愿。
weixue0806,美容护肤,姐姐怎么保持皮肤这么好的啊,0,该用户是在询问主播的护肤秘诀，暗示对主播推荐的相关产品感兴趣。
weixue0806,美容护肤,有泪沟怎么办有泪沟怎么办,0,该用户可能在询问如何改善或消除泪沟问题，表现出对相关护肤产品或解决方案的购买兴趣。
weixue0806,美容护肤,口红有推荐吗,1,该用户想表达的含义是：希望主播推荐一款适合的口红产品。
weixue0806,美容护肤,吊坠好看,1,该用户对展示的吊坠产生了明确的购买兴趣，认为其款式吸引人。
weixue0806,美容护肤,怎么美白,0,该用户想表达的含义是：询问直播间是否有能改善肤色的护肤产品或方法。
weixue0806,美容护肤,祛痘祛痘印,0,该用户可能在询问直播间是否有针对痘痘和痘印问题的护肤产品推荐或解决方案。
weixue0806,美容护肤,5号讲讲呀,1,该用户希望主播详细介绍5号产品的功能或优惠信息。
weixue0806,美容护肤,韩束面膜讲解一下可以吗,1,该用户对韩束面膜产品产生兴趣，希望主播详细介绍其功效或使用方法以便考虑购买。
weixue0806,美容护肤,又去做项目了,0,该用户可能是在调侃主播频繁更换直播内容或产品项目，暗示希望主播专注讲解当前观众感兴趣的美容护肤产品。
weixue0806,美容护肤,直接说咋整的,0,该用户可能是在催促主播直接讲解产品的使用方法或购买步骤，表现出对当前介绍内容的不耐烦和急于获取实用信息的购买倾向。
weixue0806,美容护肤,雪儿真漂亮,0,该用户是在夸赞主播的外貌，表达对主播的喜爱和关注，但并未直接体现购买意向。
weixue0806,美容护肤,这个是君佩家新品吗姐姐,1,该用户是在确认主播展示的产品是否为君佩品牌的最新款商品，表现出对品牌新品的关注和潜在购买意向。
weixue0806,美容护肤,打不打pk,0,该用户可能是在询问主播是否要和其他直播间进行互动PK环节，以此判断是否继续观看或参与互动。
weixue0806,美容护肤,口红几号?,1,该用户是在询问主播推荐的口红色号或询问当前正在讲解的口红产品编号。
weixue0806,美容护肤,apt,0,该用户可能想询问某款产品是否有现货或是否已上架。
weixue0806,美容护肤,你洗完脸用的油是哪款,1,该用户想询问主播使用的护肤精油产品名称，表现出对主播同款产品的购买兴趣。
weixue0806,美容护肤,有没有好用的水乳,1,该用户是在询问直播间是否有值得推荐的护肤水乳产品，表现出对当前护肤品类的具体购买兴趣。
weixue0806,美容护肤,下单咯,0,该用户想表达的含义是：我已经决定购买并完成了下单操作。
weixue0806,美容护肤,睡衣推荐一下,1,该用户想表达的含义是：希望主播推荐一款合适的睡衣产品。
weixue0806,美容护肤,睡衣睡衣睡衣睡衣睡衣睡衣睡衣睡衣睡衣睡衣睡衣,1,该用户急切地想要主播推荐或详细介绍睡衣产品。
weixue0806,美容护肤,补水美白,1,该用户可能在询问或期待主播推荐具有补水美白功效的护肤产品或相关护肤方法。
weixue0806,美容护肤,"宝,推个气垫宝,推个气垫宝,推个气垫",1,该用户急切希望主播推荐一款气垫产品。  （解析：用户通过重复短句“推个气垫”并加上亲昵称呼“宝”，表现出对气垫类产品的强烈兴趣和催促态度，语气直接且迫切，符合直播弹幕中常见的即时需求表达模式。前文弹幕多为护肤美妆类产品提问，语境一致，用户可能受同类问题触发或急需气垫相关推荐。）
weixue0806,美容护肤,唇密粘杯吗[比心][比心],1,该用户是在询问口红的质地是否容易沾杯，表现出对产品使用效果的关注和潜在的购买兴趣。
weixue0806,美容护肤,皮肤干怎么办?,0,该用户可能在询问针对干燥皮肤的护肤产品或解决方案，表现出对补水类产品的潜在购买兴趣。
weixue0806,美容护肤,不是说今天吗,0,该用户可能在催促主播兑现之前承诺的某个产品或活动介绍，认为对方拖延了原定计划。
weixue0806,美容护肤,姐姐用的什么乳液呀,1,该用户想询问主播使用的乳液品牌或产品名称，以作为自己的购买参考。
weixue0806,美容护肤,想要美白,1,该用户想表达对美白产品的兴趣或需求，希望主播推荐相关的美白护肤品或分享美白方法。
weixue0806,美容护肤,姐姐有泪沟黑眼睛眼袋该怎么弄,0,该用户想咨询主播如何改善泪沟、黑眼圈和眼袋的问题，表达了对相关护肤产品或方法的潜在购买兴趣。
weixue0806,美容护肤,胶原蛋白灌注成膜的内个有吗,1,该用户是在询问直播间是否有售卖“胶原蛋白灌注成膜”这款产品。
weixue0806,美容护肤,有没有粉底,1,该用户想询问直播间是否有粉底产品推荐或介绍。
weixue0806,美容护肤,"雪姐,你戴的吊坠是多少克的呀,我好喜欢呢,可以推荐一下吗",1,该用户想表达对主播佩戴的吊坠感兴趣并希望获得购买推荐。
weixue0806,美容护肤,"我要那个灌注胶原蛋白的面膜,在哪个链接?",1,该用户明确表达了想要购买直播间提到的胶原蛋白灌注面膜，并急切询问购买链接。
weixue0806,美容护肤,激光反黑怎么办呢…,0,该用户可能是在询问如何解决激光美容后的反黑问题，表现出对相关护肤产品或护理方法的兴趣。
weixue0806,美容护肤,6和10可以一起用吗?,1,该用户是在询问直播中提到的两款产品（编号6和10）是否可以搭配使用。
weixue0806,美容护肤,你也回答我的,0,该用户可能在催促主播回应自己之前提出的问题或请求，表达未被关注的焦急情绪。
weixue0806,美容护肤,有没有推荐的防晒有没有推荐的防晒,1,该用户急切地想寻求主播推荐适合自己使用的防晒产品。
weixue0806,美容护肤,雪雪姐可爱,0,该用户是在表达对主播“雪雪姐”个人魅力的喜爱，而非直接询问商品信息或表现出购买意向。
weixue0806,美容护肤,高位耳钉哪个牌子?,1,该用户想询问直播间推荐的高品质耳钉品牌。
weixue0806,美容护肤,求姐姐用的面霜,1,该用户想表达的含义是：询问主播正在使用的面霜品牌或产品信息，并暗示自己也有购买意向。
weixue0806,美容护肤,肌侣面膜好用姐姐洗面奶干皮可以用吗,1,该用户想询问主播推荐的肌侣面膜是否适合干性皮肤使用，并顺带确认主播使用的洗面奶是否也适合干性肤质。
weixue0806,美容护肤,姐下一场直播什么时候,0,该用户想表达的含义是：对主播的持续关注并期待参与下次直播选购商品。
weixue0806,美容护肤,"才进来,介绍一下面膜",1,该用户刚进入直播间，希望主播详细讲解面膜产品的功效或使用方法。
weixue0806,美容护肤,4月6日几号开播?,0,该用户想询问下一场直播的具体开播日期。
weixue0806,美容护肤,雪姐怎样都好看[比心][比心],0,该用户是在表达对主播“雪姐”的喜爱和赞美，属于互动型弹幕而非直接购买意向。
weixue0806,美容护肤,贵不贵,1,该用户想询问商品价格是否在自己可接受的范围内。
weixue0806,美容护肤,大师第二次回购,0,该用户想表达的含义是：我之前买过这位主播推荐的产品，现在又来复购了。
weixue0806,美容护肤,讲一下8,1,该用户可能是在催促主播详细介绍当前展示的第8号产品或相关活动内容。
weixue0806,美容护肤,你卖的产品真好用你还用do吗,0,该用户想表达的含义是：对主播推荐的产品表示认可，并询问是否还会继续使用该产品。
weixue0806,美容护肤,淡斑用什么面膜,1,该用户想咨询直播间是否有适合淡化色斑的面膜产品推荐。
weixue0806,美容护肤,瘦脸面膜?,1,该用户可能在询问主播是否有推荐或正在介绍的瘦脸面膜产品。
weixue0806,美容护肤,"宝,推个气垫宝,推个气垫宝,推个气垫宝,推个气垫宝,推个气垫宝,推个气垫",1,该用户急切希望主播推荐一款气垫产品，表现出强烈的购买意向。
weixue0806,美容护肤,洗头的推荐一下,1,该用户想表达的含义是：希望主播能推荐一款适合自己使用的洗发产品。
weixue0806,美容护肤,睡衣在哪里买啊,1,该用户想表达的含义是：询问主播展示的睡衣的购买渠道或商品链接。
weixue0806,美容护肤,不管有货没货确实好用啊大师面膜,1,该用户想表达的含义是：这款大师面膜效果确实很好，无论是否有现货都值得推荐。
weixue0806,美容护肤,口红上一下呗,1,该用户希望主播尽快展示或介绍口红的商品信息，表达了对该产品的购买兴趣和需求。
weixue0806,美容护肤,你洗完脸用的是什么油,1,该用户想询问主播当前护肤流程中使用的护肤油品牌或产品推荐。
weixue0806,美容护肤,水光气垫讲讲呗,1,该用户想表达的含义是：希望主播详细介绍水光气垫产品的功能或使用体验。
weixue0806,美容护肤,50岁用那款面膜?,1,该用户想询问适合50岁年龄段使用的面膜产品推荐。
weixue0806,美容护肤,光子能一直做吗,0,该用户可能是在询问直播中提到的“光子”类产品或美容项目是否会长期持续提供或定期返场。
weixue0806,美容护肤,"我是宝妈,能不能别太贵了.我脸超级大",1,该用户想表达的含义是：作为经济压力较大的宝妈群体，希望推荐价格亲民且适合大脸使用的产品。  （结合前文弹幕中频繁出现的产品询问、价格敏感（如“贵不贵”）以及具体需求（如“瘦脸面膜”）的语境，用户通过自我身份和痛点陈述，隐晦表达对高性价比产品的诉求。）
weixue0806,美容护肤,有不有让毛孔变细的呢,1,该用户是在询问直播间是否有能收缩毛孔功效的产品。
weixue0806,美容护肤,衣服有链接么,1,该用户想询问直播中展示的服装商品是否有购买链接，表明对这件衣服有明确的购买意向。
weixue0806,美容护肤,宝好喜欢你的衣服,0,该用户想表达对主播服装的强烈兴趣并暗示购买意愿。
weixue0806,美容护肤,要衣服链接,1,该用户想表达的含义是：询问主播能否提供当前展示服装的购买途径。  （结合前文语境，直播间内频繁出现对具体产品的询问和购买意向，如“睡衣在哪里买啊”“衣服有链接么”等，可见观众对商品链接需求强烈；且目标弹幕简洁直接，符合典型求购行为模式，目的是快速获取商品信息以便下单。）
weixue0806,美容护肤,有没有美白的,1,该用户是在询问直播间是否有推荐的美白护肤产品。
weixue0806,美容护肤,可以讲讲美白面膜吗,1,该用户希望主播详细介绍美白面膜的产品信息或使用效果。
weixue0806,美容护肤,眼油讲一下,1,该用户想表达的含义是：希望主播详细介绍眼部精华油产品的功效或使用方法。
weixue0806,美容护肤,5号连接敷多久,1,该用户想问的是“5号商品（面膜）需要敷在脸上多长时间”。
weixue0806,美容护肤,有祛斑的产品吗?,1,该用户可能在询问直播间是否有针对祛斑功效的护肤产品，并表现出对该类产品的潜在购买兴趣。
weixue0806,美容护肤,脖子有颈纹做什么项目～,0,该用户想表达的含义是：咨询改善颈部皱纹的医美或护肤项目推荐。
weixue0806,美容护肤,我想问胶原蛋白,1,该用户可能是在询问直播间是否有胶原蛋白类产品推荐或想了解相关产品的功效信息。
weixue0806,美容护肤,祛斑怎么弄,0,该用户想询问直播间是否有针对祛斑问题的产品或解决方案。
weixue0806,美容护肤,好喜欢衣服,1,该用户想表达对直播中展示的服装有强烈的购买意愿，希望获取商品链接或进一步了解购买方式。
weixue0806,美容护肤,防晒怎么用,1,该用户想询问防晒产品的具体使用方法或适用场景。
weixue0806,美容护肤,眼妆好看,0,该用户可能是在夸赞主播的眼妆效果，并暗示对相关化妆产品或教程感兴趣。
weixue0806,美容护肤,30岁用什么面膜,1,该用户想表达的含义是：询问适合30岁年龄段使用的面膜产品推荐。
weixue0806,美容护肤,想知道怎么祛斑,0,该用户想表达的含义是：对祛斑产品或方法有具体需求，希望主播推荐相关解决方案。
weixue0806,美容护肤,卖不卖粉底液呀,1,该用户是在询问直播间是否有粉底液产品可供购买。
weixue0806,美容护肤,胶原蛋白的灌注面膜有吗,1,该用户想询问直播间是否有售卖含有胶原蛋白成分的灌注式面膜产品。
weixue0806,美容护肤,有卸妆油卖吗,1,该用户想询问直播间是否售卖卸妆油产品，并可能对其功效或使用方法感兴趣。
weixue0806,美容护肤,沐浴露推荐哪个味道也,1,该用户想询问直播间推荐的沐浴露香型选择建议。
weixue0806,美容护肤,姐姐你比我20岁的还好看,0,该用户想表达的含义是：夸赞主播年轻貌美以拉近距离，可能隐含对主播推荐的美容产品或穿搭风格的兴趣。
weixue0806,美容护肤,下睫毛好好看,0,该用户想表达的含义是：对主播的下睫毛妆容感到欣赏，可能有意了解相关产品或化妆技巧。
weixue0806,美容护肤,补水的面膜有吗,1,该用户是在询问直播间是否有保湿功效的面膜产品。
weixue0806,美容护肤,洗头膏推荐一下,1,该用户想表达的含义是：希望主播推荐一款适合自己使用的洗发产品。
weixue0806,美容护肤,有去黑头的么?,1,该用户是在询问直播间是否有针对黑头问题的护肤产品。
weixue0806,美容护肤,这个面膜用多久能有效果呢,1,该用户想表达的含义是：询问这款面膜需要持续使用多长时间才能看到明显的护肤效果。
weixue0806,美容护肤,什么口红?,1,该用户想询问直播间是否有口红产品在售或推荐。
weixue0806,美容护肤,主播皮肤超好,0,该用户可能是想询问主播使用的护肤产品或保养方法。
weixue0806,美容护肤,什么眼影,1,该用户可能在询问直播间是否有推荐或正在展示的眼影产品。
weixue0806,美容护肤,想要眼霜,1,该用户可能是在询问直播间是否有眼霜产品出售，并表达了对购买眼霜的兴趣。
weixue0806,美容护肤,睡衣是什么牌子,1,该用户是在询问主播身上所穿睡衣的品牌信息，表现出对这件商品的潜在购买兴趣。
weixue0806,美容护肤,今天上啊,0,该用户可能是在催促主播尽快展示或开售当前讨论的产品。
weixue0806,美容护肤,可乐嘛嘻嘻,0,该用户可能在轻松调侃地询问直播间是否有可乐售卖，或是用俏皮的语气表达对可乐的兴趣。
weixue0806,美容护肤,韩束面膜,1,该用户可能在询问直播间是否有售卖韩束品牌的面膜，或对该产品的功效和详情感兴趣。
weixue0806,美容护肤,有泪沟怎么办姐姐,0,该用户想询问主播是否有针对泪沟问题的护肤产品或解决方案。
weixue0806,美容护肤,美白补水面膜,1,该用户可能是在询问直播间是否有美白和补水功效的面膜产品。
weixue0806,美容护肤,项链哪里可以买啊,1,该用户想表达的含义是：询问主播展示的项链的购买渠道或商品链接。
weixue0806,美容护肤,你喝的啥,0,该用户可能是在询问主播正在饮用的产品是否与直播销售的商品相关，或者出于对主播生活方式的兴趣而想了解饮品信息。
weixue0806,美容护肤,想要美白面膜,1,该用户对直播间推荐的美白面膜产品产生了明确的购买意向。
weixue0806,美容护肤,这个喝的什么呀,0,该用户是在询问主播正在饮用的产品名称或品牌，可能对其产生兴趣或想了解同类商品。
weixue0806,美容护肤,祛斑怎么解决,0,该用户想表达的含义是：询问直播中是否有针对祛斑问题的产品或解决方案。
weixue0806,美容护肤,姐姐打的耳骨钉疼不疼,0,该用户可能是在询问耳骨钉的佩戴体验，以此间接表达对主播同款饰品或相关产品的兴趣。
weixue0806,美容护肤,口红上下呗,1,该用户希望主播展示或推荐口红的上下色号或款式。
weixue0806,美容护肤,墙动了,0,该用户可能是在询问直播背景中某个装饰品（如挂画或摆件）的购买链接或相关信息。
weixue0806,美容护肤,睡衣有吗姐姐,1,该用户是在询问直播间是否有睡衣商品在售。
weixue0806,美容护肤,aptaptapt,0,该用户可能是在快速重复输入“apt”以引起主播注意，想询问某个产品的具体信息或催促上架链接。
weixue0806,美容护肤,[酷拽][酷拽][酷拽]我要减肥,0,该用户可能是在以调侃或自嘲的方式暗示对直播间展示的健身产品或减肥相关商品感兴趣。
weixue0806,美容护肤,黑黑的,0,该用户可能是在询问主播使用的黑色系化妆品或服饰的具体款式或品牌。
weixue0806,美容护肤,喝的啥[爱心],0,该用户对主播正在饮用的产品产生了兴趣，询问饮品名称并暗示潜在的购买意向。
weixue0806,美容护肤,有纹眉么?,0,该用户是在询问直播间是否有纹眉产品或相关服务。
weixue0806,美容护肤,"要油,面霜",1,该用户想表达的含义是：询问或表示对直播间推荐的护肤油和面霜产品感兴趣。
weixue0806,美容护肤,身体怎么美白,0,该用户可能是在询问如何通过护肤产品或方法改善肤色暗沉的问题，表现出对美白功效产品的潜在需求。
weixue0806,美容护肤,好漂亮呀[看],0,该用户被直播中展示的商品或画面所吸引，表达出对某件商品的审美认可和潜在购买兴趣。
weixue0806,美容护肤,2号在讲一下,1,该用户希望主播重新详细介绍2号产品（可能是之前提到的美白面膜或面霜）。
weixue0806,美容护肤,咋感觉又年轻了呢,0,该用户可能是看到主播的状态或产品效果后，感叹主播显得更年轻了，间接表达对产品/妆容效果的认可或好奇。
weixue0806,美容护肤,睡衣姐姐,0,该用户可能在询问主播身上穿的睡衣是否有售卖或想了解睡衣的相关信息。
weixue0806,美容护肤,哪个瘦脸面膜?,1,该用户想询问直播中推荐的瘦脸面膜具体是哪一款产品。
weixue0806,美容护肤,是什么样的美瞳,1,该用户想表达的含义是：询问直播中提到的美瞳产品的具体款式或特点。
weixue0806,美容护肤,姐姐好好看呀[爱心],0,该用户主要是在夸赞主播的外貌并表达喜爱之情，并未直接体现对商品的购买兴趣。
weixue0806,美容护肤,韩束的面膜怎么样,1,该用户是在询问韩束面膜的产品效果或使用体验，可能对购买这款面膜产生了兴趣。
weixue0806,美容护肤,磨皮有点重,0,该用户可能是在委婉地指出直播画面中主播的皮肤修饰效果过于明显，显得不够自然。
weixue0806,美容护肤,美白效果好的面膜是哪一款,1,"该用户想表达的含义是：希望主播推荐一款具有显著美白功效的面膜产品。  （结合前文弹幕中""身体怎么美白""""韩束的面膜怎么样""等护肤相关提问，可推断用户关注美白需求，且语境中存在对具体产品的咨询倾向，目标弹幕是明确指向功效的购买意向提问。）"
weixue0806,美容护肤,定妆用什么,1,该用户想询问直播中推荐的定妆产品具体是什么或如何使用。
weixue0806,美容护肤,哇哦!!!,0,该用户被直播内容惊艳到，兴奋地发出感叹。
weixue0806,美容护肤,衣服什么牌子,1,该用户可能是在询问当前展示或讨论的服装品牌信息，表现出对商品细节的关注和潜在的购买兴趣。
weixue0806,美容护肤,"身体油,姐姐",1,该用户想表达对主播推荐的身体护理油的兴趣，并亲切称呼主播为“姐姐”以拉近距离。
weixue0806,美容护肤,"雪姐,喝的什么呀",0,该用户可能是对主播正在饮用的产品产生兴趣，想询问具体品牌或功效以便考虑购买。
weixue0806,美容护肤,喝的什么?,0,该用户是在询问主播正在饮用的产品名称或品牌，可能对同款饮品产生了兴趣或好奇。
weixue0806,美容护肤,aptaptaptaptaptapt,0,该用户可能是在快速重复输入“apt”以表达对当前展示产品的急切询问或催促进一步讲解的意图，类似于“快讲讲这个”或“赶紧介绍下”。
weixue0806,美容护肤,干皮怎么护肤,0,该用户想表达的含义是：询问适合干性皮肤的护肤产品推荐或护理方法。
weixue0806,美容护肤,不会吃到口红吗[捂脸],0,该用户可能是在担心使用口红时会不会不小心把口红吃进嘴里，表现出对产品安全性的顾虑或使用体验的好奇。
weixue0806,美容护肤,"雪,你内服用什么?",0,该用户想询问主播日常服用的内服美容或保健产品的具体品牌或名称。
weixue0806,美容护肤,"眼周有细纹,推荐款眼部护肤品吧",1,该用户希望通过主播推荐适合改善眼部细纹的护肤产品，表现出明确的购买需求和产品咨询意图。
weixue0806,美容护肤,精华油买了.怎么用,1,该用户已经购买了精华油，现在想咨询产品的具体使用方法。
weixue0806,美容护肤,"我要早点休息了,明天还得带孩子",0,该用户想表达的含义是：对当前直播内容兴趣不大，打算退出观看去休息。
weixue0806,美容护肤,香水有推荐么,1,该用户想表达的含义是：希望主播推荐一款适合的香水产品。
weixue0806,美容护肤,洗发膏,1,该用户可能是在询问直播间推荐的洗发膏产品或想了解当前展示的洗发膏信息。
weixue0806,美容护肤,你不是自己化妆呀,0,该用户可能是在询问主播是否亲自试用或演示所推荐的化妆品，以此判断产品的真实效果和可信度。
weixue0806,美容护肤,眼油说下,1,该用户想表达的含义是：请详细介绍下刚才提到的眼部护肤油产品的功效和使用方法。
weixue0806,美容护肤,这个面膜怎么用,1,该用户想了解这款面膜的具体使用方法，可能对产品产生了兴趣并考虑购买。
weixue0806,美容护肤,用的什么口红[捂脸],1,该用户是在询问主播口红的品牌或色号，并带有对产品效果的好奇或惊讶。
weixue0806,美容护肤,不冲突,0,该用户想表达的含义是：这款产品和我现有的护肤品可以搭配使用，不会产生成分冲突。
weixue0806,美容护肤,今天把你直播间买了一堆,0,该用户想表达的含义是：今天在你的直播间购买了很多商品。
weixue0806,美容护肤,韩束面膜讲一下,1,该用户希望主播详细介绍韩束面膜的产品信息或使用体验。
weixue0806,美容护肤,眉头好像没刷开,0,用户可能在观察主播的妆容细节，对眉部产品的使用效果提出疑问或建议。
weixue0806,美容护肤,购物车里所有东西都买了一个遍,0,该用户想表达的含义是：我已经把直播间推荐的所有商品都下单购买了。
weixue0806,美容护肤,你喝的啥[看],0,该用户是在询问主播正在饮用的产品名称或品牌，表现出对主播同款商品的潜在兴趣。
weixue0806,美容护肤,确实,0,该用户想表达的含义是：认同主播之前推荐的某款产品或护肤建议。
weixue0806,美容护肤,下睫毛是贴的吗,0,该用户可能是在询问主播的妆容细节，想确认下睫毛是否使用了假睫毛贴片，以此评估产品效果或学习化妆技巧。
weixue0806,美容护肤,防晒前你用的什么,0,该用户想询问主播在涂抹防晒产品之前使用的护肤品或打底产品是什么。
weixue0806,美容护肤,补水面膜那个链接,1,该用户想表达的含义是：询问主播关于补水面膜的购买链接在哪里。
weixue0806,美容护肤,你用的什么口红,1,该用户想询问主播口红的品牌或色号以便参考购买。
weixue0806,美容护肤,我已经买了你的三款面膜了再来一个人瘦脸我要怎么敷?[捂脸],0,该用户是在幽默地表达自己已经购买过多款面膜，纠结于如何同时使用新推荐的瘦脸产品，既展现了忠实消费行为又带点调侃意味。
weixue0806,美容护肤,建议做正颌吗,0,该用户可能在咨询主播是否推荐进行正颌手术或相关医美项目。
weixue0806,美容护肤,推荐一下水乳霜,1,该用户希望主播介绍适合自己使用的水乳霜产品。
weixue0806,美容护肤,5号面膜怎么用,1,该用户想询问5号面膜的具体使用方法，可能是对产品功效感兴趣或已购买需要指导。
weixue0806,美容护肤,姐姐泪沟怎么解决[捂脸],0,该用户想询问主播如何改善泪沟问题，并可能对相关护肤产品感兴趣。
weixue0806,美容护肤,亲睡衣在哪里买的,1,该用户想询问主播身上所穿睡衣的购买链接或品牌信息。
weixue0806,美容护肤,"我拍了,怎么用",0,该用户想表达的含义是：我已经下单购买了产品，但不知道具体的使用方法。
weixue0806,美容护肤,仿生皮面膜要洗吗?,1,该用户是在询问仿生皮面膜使用后是否需要清洗的步骤说明。
weixue0806,美容护肤,毛孔粗大怎么办呀,0,该用户想表达的含义是：询问如何解决皮肤毛孔粗大的问题，可能对相关护肤产品感兴趣。
weixue0806,美容护肤,你的口红好好看哦,1,该用户想表达的含义是：询问主播使用的口红品牌或色号以便购买。
weixue0806,美容护肤,抗衰做什么项目,0,该用户想表达的含义是：询问主播推荐哪些美容项目可以有效对抗衰老问题。
weixue0806,美容护肤,油还有嘛,1,该用户是在询问直播间售卖的精油产品是否还有库存或能否继续购买。
weixue0806,美容护肤,韦雪真的漂亮,0,该用户是在夸赞主播的外貌，可能隐含对主播推荐的美妆产品或护肤方式的认可和兴趣。
weixue0806,美容护肤,头发用什么[看][看][看],0,该用户想询问主播使用的护发产品是什么。
weixue0806,美容护肤,"雪儿,你有头脑",0,该用户想表达的含义是：主播在选品和推荐方面很有眼光或商业头脑。  （结合前文弹幕高频出现产品咨询和购买行为，用户可能通过夸赞主播的决策能力，间接认可其推荐商品的可靠性。）
weixue0806,美容护肤,要油霜,1,该用户想表达的含义是：询问主播是否有推荐适合油性肌肤使用的面霜产品。
weixue0806,美容护肤,越看越好看,0,该用户被直播内容吸引，对展示的商品或妆容逐渐产生喜爱和购买意向。
weixue0806,美容护肤,打耳骨钉疼不疼,0,该用户可能是在询问打耳骨钉的疼痛程度，以此评估自己是否适合尝试这一美容项目。
weixue0806,美容护肤,大师小红书上和你说的反的[捂脸][捂脸][捂脸][捂脸][捂脸][捂脸][捂脸][捂脸][捂脸][捂脸],0,该用户想表达的含义是：小红书上推荐的方法与主播的说法完全相反，对此感到无奈和好笑。
weixue0806,美容护肤,do脸怎么选,0,该用户想咨询如何选择适合自己的医美整形项目或微调方案。
weixue0806,美容护肤,澳白的防晒霜怎么这么油?,0,该用户对防晒霜的质地感到不满，认为产品过于油腻，可能是在使用后提出反馈或询问是否有更清爽的替代款。
weixue0806,美容护肤,其实我觉得姐姐最该给我们说的是头发姐姐头发好多好多啊[流泪][流泪][流泪],0,该用户是在羡慕主播的发量并暗示对护发产品或生发方法的兴趣。
weixue0806,美容护肤,"刚进直播间,喝的什么",0,该用户想表达的含义是：询问主播正在饮用的产品名称或品牌，可能对同款饮品产生购买兴趣。
weixue0806,美容护肤,防晒涂了用不用涂隔离,0,该用户想询问防晒霜和隔离霜的使用顺序及是否需要叠加使用。
weixue0806,美容护肤,上一下油,1,该用户想表达的含义是：要求主播再次上架或展示之前提到的护肤油产品。
weixue0806,美容护肤,"身体油,姐姐,推一个",1,该用户想表达的含义是：让主播推荐一款身体护理油产品。
weixue0806,美容护肤,灌注胶原蛋白的面膜在哪里链接,1,该用户是在询问主播提到的含有胶原蛋白成分的面膜产品购买渠道，表现出明确的购买意向和需求。
weixue0806,美容护肤,今天太好看了吧今天太好看了吧今天太好看了吧今天太好看了吧今天太好看了吧今天太好看了吧今天太好看了吧,0,该用户想表达的含义是：对主播或直播内容的高度赞美和喜爱，可能暗示对展示的产品（如服饰、妆容等）有强烈兴趣或购买意向。
weixue0806,美容护肤,"雪,哪个气垫好用",1,该用户是在向主播咨询推荐适合自己使用的气垫产品，表现出对购买气垫类化妆品的明确需求意向。
weixue0806,美容护肤,油霜讲下,1,该用户想表达的含义是：请主播详细介绍一下油霜产品的信息或使用方法。
weixue0806,美容护肤,头发是什么颜色,0,该用户可能是想询问主播头发使用的染发产品或护理方法，以此表达对同款发色或护发效果的潜在购买兴趣。
weixue0806,美容护肤,23号讲解一下,1,该用户希望主播在23号详细介绍某款产品或某个主题内容。
weixue0806,美容护肤,瘦脸用哪款面膜,1,"该用户想咨询主播推荐具有瘦脸功效的面膜产品。  （解析：结合前文弹幕中频繁出现的护肤美妆产品询问（如头发护理、油霜、防晒霜、气垫等）以及具体功效需求（如""do脸怎么选""""灌注胶原蛋白的面膜""），可判断该弹幕属于典型的购物咨询类提问，用户希望通过主播的专业推荐获取针对性产品信息，动机明确且符合直播间带货语境。）"
weixue0806,美容护肤,"只要是你给的,我就敢用",0,该用户想表达的含义是：无论主播推荐什么产品，自己都会信任并愿意尝试。
weixue0806,美容护肤,项链多少克,1,该用户想询问项链的具体重量信息以评估其价值和实用性。
weixue0806,美容护肤,脸干用那个,1,"该用户想咨询主播推荐适合干性皮肤使用的护肤品。  （结合前文语境，直播间正在讨论各类美妆护肤产品，如防晒霜、面膜、油霜等，用户提及""脸干""是针对自身肤质需求，询问对应的产品推荐。）"
weixue0806,美容护肤,眼袋眼纹用哪个,1,该用户想询问主播推荐适合改善眼袋和眼纹问题的护肤品或美容产品。  （释义依据：结合前文弹幕中高频出现的美容护肤类问题（如防晒、面膜、瘦脸产品等），可判断直播间主题与护肤美妆相关，用户提问动机明确指向产品功效需求，属于典型的购买咨询类弹幕。）
weixue0806,美容护肤,雪可以推荐一个机构吗不懂[捂脸],0,该用户想表达的含义是：想请主播推荐一家靠谱的医美机构，但自己对这方面不太了解所以有些困惑。
weixue0806,美容护肤,aptaptaptaptapt,0,该用户可能因网络卡顿或输入失误重复敲击键盘，试图询问关于“apt”相关产品（如某种缩写护肤品或化妆品）的信息。
weixue0806,美容护肤,祛斑怎么解决??,0,该用户想咨询直播间推荐的产品或方法来解决面部祛斑问题。
weixue0806,美容护肤,"还有你的那个21天精华液超级好用,谢谢",1,该用户是在向主播表达对之前推荐的21天精华液使用效果的高度认可，暗示自己可能是回头客或受推荐影响产生了购买兴趣。
weixue0806,美容护肤,"你用的什么口红,你一直在吃",1,该用户想表达的含义是：询问主播使用的口红色号，并注意到口红持久度很好即使一直在吃东西也没掉色。
weixue0806,美容护肤,洗头膏推荐,1,该用户希望主播能推荐一款适合自己使用的洗发产品。
weixue0806,美容护肤,气垫介绍一下呗,1,该用户想表达的含义是：希望主播详细讲解某款气垫产品的功能或使用体验。
weixue0806,美容护肤,唇部精华讲一下,1,该用户想表达的含义是：希望主播详细介绍一下唇部精华产品的功效或使用方法。
weixue0806,美容护肤,6号几点开播,0,该用户想询问下一次直播的具体时间，以便提前安排观看。
weixue0806,美容护肤,你的项链哪里买的,1,该用户想询问主播佩戴的项链购买渠道，可能对同款商品产生了兴趣。
weixue0806,美容护肤,脸很瘦需要补胶原蛋白嘛,0,该用户可能在询问主播针对面部消瘦问题是否需要补充胶原蛋白产品，并隐含寻求相关产品推荐的需求。
weixue0806,美容护肤,这个淡纹多久能见效果呀,1,该用户是在询问产品见效周期，表现出对淡纹产品的实际效果和时效性的关注，透露出潜在的购买意向。
weixue0806,美容护肤,大师面膜一周用几次,1,该用户想询问这款面膜的使用频率是否适合自己，以评估是否值得购买。
weixue0806,美容护肤,主播项链多少克,1,该用户想询问主播佩戴的项链的具体重量信息，可能是出于对款式或材质的购买兴趣。
weixue0806,美容护肤,打耳骨钉疼不疼姐姐,0,该用户想询问主播关于打耳骨钉的疼痛感受，可能是对耳骨穿刺美容项目产生了兴趣或顾虑。
weixue0806,美容护肤,20岁可以做什么do脸项目啊,0,该用户想表达的含义是：询问适合20岁年龄段的医美或护肤项目推荐。
weixue0806,美容护肤,眼霜推荐一下,1,该用户想表达的含义是：希望主播针对眼部护理产品给出具体推荐建议。
weixue0806,美容护肤,唇油涂了什么,1,该用户可能是想询问主播使用的唇油产品具体是什么品牌或效果如何。
weixue0806,美容护肤,姐姐眼袋,0,该用户想询问主播推荐针对眼袋问题的产品或护理方法。
weixue0806,美容护肤,4号洗面奶,1,该用户想询问主播关于4号洗面奶的具体信息或使用体验。
weixue0806,美容护肤,韩束韩束韩束韩束韩束韩束面膜讲解一下,1,该用户急切希望主播详细讲解韩束面膜的产品信息或使用体验。
weixue0806,美容护肤,"讲讲14号链接,讲讲14号链接,讲讲14号链接,讲讲14号链接",1,该用户迫切希望主播详细介绍14号链接商品的信息。
weixue0806,美容护肤,2号跟5号推荐哪款[捂脸],1,该用户想表达的含义是：在2号和5号产品之间犹豫不决，希望主播能帮忙推荐更适合自己的款式。
weixue0806,美容护肤,补水补水补水拍几号面膜,1,该用户急切想了解主播推荐的面膜编号以便立即购买。  （结合前文高频出现的产品咨询和编号提问，可推断用户处于明确购买决策阶段，且因直播信息过载而重复强调需求。）
weixue0806,美容护肤,有没有去黑眼圈的,1,该用户是在询问主播是否有推荐能改善黑眼圈问题的产品。
weixue0806,美容护肤,"雪,内服用什么",0,该用户想询问主播推荐适合内服的美白产品或保健品。
weixue0806,美容护肤,终于看到直播了,0,该用户想表达的含义是：期待已久终于赶上直播了。
weixue0806,美容护肤,姐姐做过仪器抗衰吗,0,该用户想询问主播是否尝试过仪器抗衰项目，并可能对相关产品或服务产生兴趣。
weixue0806,美容护肤,黄金微针能不能讲一下,0,该用户想表达的含义是：希望主播详细介绍黄金微针产品的功效或使用方法。  （结合前文弹幕多为询问产品细节、使用建议或效果，可推断用户对美容项目有明确兴趣，且倾向于获取具体信息以辅助购买决策。）
weixue0806,美容护肤,唇密粘杯吗[比心][比心]唇密粘杯吗[比心][比心],0,该用户是在询问口红产品是否容易沾杯，表现出对产品实用性的关注和潜在的购买兴趣。
weixue0806,美容护肤,口红不如我,0,该用户可能是在调侃或自夸，暗示主播推荐的口红效果不如自己的唇色自然好看。
weixue0806,美容护肤,童颜讲讲,0,该用户希望主播详细介绍具有“童颜”效果的美容产品或护肤项目。
weixue0806,美容护肤,眼影都没画呀,0,该用户可能是在委婉提醒主播妆容不够精致，或是想了解主播为何没有使用眼影产品。
weixue0806,美容护肤,"还有你推荐的防晒超级好用,谢谢",1,该用户想表达的含义是：对主播之前推荐的防晒产品表示认可和感谢，暗示对主播的信任和可能继续关注其推荐。
weixue0806,美容护肤,不掉色口红哪个?,1,该用户想询问主播推荐哪款不易脱色的口红产品。
weixue0806,美容护肤,那个水光面霜,1,该用户想询问主播详细介绍或推荐直播间提到的水光面霜产品。
weixue0806,美容护肤,只有我在关注BGM吗,0,该用户想表达的含义是：直播间其他观众都在关注产品讨论，而自己却更在意背景音乐的选择。
weixue0806,美容护肤,面膜几天敷一次,1,该用户想询问面膜的使用频率以评估是否适合自己购买。
weixue0806,美容护肤,"姐姐漂亮又努力,真佩服啊!",0,该用户主要是在表达对主播个人魅力和敬业态度的赞赏，而非直接询问产品或表现出购买意向。
weixue0806,美容护肤,皮肤干用哪款面膜,1,该用户想表达的含义是：询问主播针对干燥肌肤问题推荐哪款面膜产品。
weixue0806,美容护肤,美白美白美白产品呢,1,该用户急切想了解直播间是否有美白产品的介绍或推荐。
weixue0806,美容护肤,买了好多,0,该用户想表达的含义是：自己已经下单购买了直播间的多款产品。
weixue0806,美容护肤,口红不掉,0,该用户想表达的含义是：询问这款口红是否具备持久不脱色的效果。  （结合前文语境，直播间正在讨论美妆产品，尤其有用户提到“唇密粘杯吗”“不掉色口红哪个”，说明观众对唇妆产品的持久性很关注，因此“口红不掉”很可能是对产品持妆效果的询问。）
weixue0806,美容护肤,美女姐姐[比心][比心],0,该用户想表达的含义是：通过互动表情向主播示好以建立亲近感，但并未直接表现出对商品的购买意向。
weixue0806,美容护肤,韦雪哪天都好看,0,该用户是在夸赞主播韦雪的外貌出众，表达对其形象的高度认可和喜爱。
weixue0806,美容护肤,气垫说下,1,该用户想表达的含义是：请详细介绍下气垫产品的功能或使用体验。
weixue0806,美容护肤,草莓鼻[比心],0,"该用户可能是想询问主播推荐的去黑头产品或护肤方法，并附上[比心]表情表达友好态度。  （解析：结合前文弹幕多为护肤美妆产品咨询，且""草莓鼻""是黑头问题的常见代称，配合表情符号可推断为兴趣提问而非单纯调侃）"
weixue0806,美容护肤,好喜欢你说话方式,0,该用户想表达的含义是：主播的互动风格让人感到亲切舒适，从而增强了对其推荐产品的信任感。
weixue0806,美容护肤,玻尿酸可以打吗,0,该用户想询问直播中推荐的玻尿酸产品是否支持注射使用。
weixue0806,美容护肤,"雪,带我们看看貔貅呀[色]",0,"该用户想表达的含义是：希望主播展示貔貅饰品并对其产生浓厚兴趣。  （结合前文弹幕中频繁出现的美妆产品提问和互动，可推测用户被直播内容吸引，主动提出想看特定商品""貔貅""，表情符号[色]进一步强化了好奇或喜爱的情绪，属于明确的购买意向表达。）"
weixue0806,美容护肤,雪雪好美呀[爱心][爱心][爱心][爱心][爱心],0,该用户是在表达对主播“雪雪”外貌的喜爱和赞美，属于情感互动而非直接购买意向的粉丝向发言。
weixue0806,美容护肤,我想学驭夫之术[捂脸],0,该用户以调侃的语气表达了对主播情感技巧或人际关系建议的兴趣，暗示想学习类似主播展现出的魅力或沟通能力。
weixue0806,美容护肤,面膜只是辅助材料,0,该用户想表达的含义是：面膜并非护肤的核心产品，只是起到辅助作用。
weixue0806,美容护肤,5号连接面膜敷多久,1,该用户想询问5号链接的面膜产品建议使用时长，表现出对产品的具体使用细节的关注和潜在购买意向。
weixue0806,美容护肤,防晒霜前你用的什么,1,该用户想询问在涂抹防晒霜之前应该使用哪种护肤品作为打底步骤。
weixue0806,美容护肤,怎么才能由内到外的白?,0,该用户想表达的含义是：询问如何通过产品实现全身肌肤的美白效果。
weixue0806,美容护肤,耳骨钉疼不疼姐姐,0,该用户想询问主播佩戴耳骨钉的疼痛感受，可能是出于对饰品舒适度的考量或自身有打耳洞的意向。
weixue0806,美容护肤,韩国干细胞能打不,0,该用户是在询问韩国干细胞美容产品的效果和安全性是否值得尝试。
weixue0806,美容护肤,美女比明星还漂亮,0,该用户是在夸赞主播的外貌出众，以此表达对主播的喜爱和支持。
weixue0806,美容护肤,颈纹重怎么办,0,该用户可能是在询问直播间推荐的产品中是否有针对颈部抗皱或淡化颈纹的护理方案。
weixue0806,美容护肤,祛斑祛斑[捂脸],1,该用户想表达的含义是：对祛斑产品感兴趣并希望主播推荐或介绍，同时用表情符号表达了对自身皮肤问题的无奈或调侃。
weixue0806,美容护肤,洗面奶哪个好,1,该用户想询问直播间推荐的优质洗面奶产品，表达了对洁面产品的具体购买需求。
weixue0806,美容护肤,额头头发在哪里种植的呢,0,该用户想询问植发手术中额头部位的毛发移植具体操作方式或推荐机构。
weixue0806,美容护肤,啥时候讲霜呀,1,该用户是在催促主播尽快讲解关于“霜”（可能是面霜、防晒霜等护肤品）的产品介绍或使用心得。
weixue0806,美容护肤,项链说下,1,该用户想询问主播详细介绍当前展示的项链产品的相关信息。
weixue0806,美容护肤,20适合用哪个面膜啊,1,该用户想表达的含义是：询问主播20岁年龄段适合推荐哪款面膜产品。
weixue0806,美容护肤,什么是嘟脸[捂脸],0,"该用户可能是对主播提到的某个美容术语或产品名称感到困惑，想询问""嘟脸""的具体含义。"
weixue0806,美容护肤,你都du的什么,0,"该用户可能是询问主播正在展示或推荐的产品具体是什么（""嘟""可能是""推""或""带""的口误/谐音）。"
weixue0806,美容护肤,请问这口红属于什么颜色,1,该用户想询问口红色号的具体分类或色调属性，以便进一步了解产品特点。
weixue0806,美容护肤,祛斑做什么项目,1,"该用户想询问直播间推荐的祛斑美容项目或治疗方案。  （解析：结合前文弹幕中多次出现的美容护肤类提问（如祛斑、颈纹、面膜、美白等），可判断该用户关注皮肤问题解决方案，且直播间正在讨论相关话题。""祛斑做什么项目""的提问动机明确，属于寻求具体消费建议的购买意向表达。）"
weixue0806,美容护肤,口红讲一下,1,该用户希望主播详细介绍当前展示的口红产品信息（如色号、质地、适用场景等）。
weixue0806,美容护肤,想要美白全身都能白的,0,该用户表达的是对全身美白产品的强烈需求和购买意向。
weixue0806,美容护肤,下睫毛是刷的吗,0,该用户想询问主播的下睫毛是否通过睫毛膏等化妆工具修饰过，以了解其妆容技巧或产品效果。
weixue0806,美容护肤,面部提升建议做吗面部提升建议做吗面部提升建议做吗姐姐,0,该用户急切想询问主播关于面部提升项目的建议，可能是出于对美容效果的关注或自身需求，通过重复提问和称呼“姐姐”来强调期待回复的迫切感。
weixue0806,美容护肤,2号可以讲一下吗?,1,该用户希望主播详细介绍2号产品（可能是之前提到的某个护肤品或美容项目）。
weixue0806,美容护肤,正在用,0,该用户想表达的含义是：我正在使用你们之前推荐或讨论过的某款产品。
weixue0806,美容护肤,短剧啥时候拍啊,0,该用户是在询问直播间即将推荐的短剧类产品（如短剧拍摄课程/服务）的具体上线时间。
weixue0806,美容护肤,"上午关注的,晚上买面膜送吗?",1,该用户是在询问自己上午关注直播间后，晚上购买面膜是否能享受赠品优惠。
weixue0806,美容护肤,睫毛睫毛睫毛漂亮睫毛,1,该用户想表达的含义是：对直播中提到的睫毛产品或妆容效果表现出强烈的兴趣和喜爱。
weixue0806,美容护肤,身上睡衣上车,1,"该用户想表达的是：“主播身上穿的睡衣什么时候上架售卖？” （解析：结合前文弹幕多聚焦产品咨询和购买意向，且频繁出现要求讲解/上架某品的句式，此处""上车""是电商直播黑话特指""加入购物车/开售""，用户通过观察主播着装产生了对睡衣的购买兴趣。）"
weixue0806,美容护肤,一号和二号可以混合用嘛,1,该用户可能在询问直播间展示的两款产品是否可以搭配使用。
weixue0806,美容护肤,祝姐姐早日突破1000w[送心][送心],0,该用户是在表达对主播的支持和鼓励，希望她的粉丝或销售额能早日达到1000万的目标。
weixue0806,美容护肤,耳钉好好看,1,"该用户被直播中的耳钉款式吸引，产生了明显的购买兴趣或赞赏之情。  （分析依据：前文弹幕多为对具体产品的询问或功能讨论，语境聚焦商品细节；""好好看""是典型兴趣表达，符合直播间观众看到心仪商品时的即时反应模式。）"
weixue0806,美容护肤,毛孔粗大做什么项目,0,该用户想询问针对毛孔粗大问题有哪些美容项目可以推荐或讲解。
weixue0806,美容护肤,韩国干细胞能打,0,该用户可能是在询问韩国干细胞美容项目的效果或适用性，表达了对这类医美项目的潜在兴趣。
weixue0806,美容护肤,看看手链～,1,该用户想表达对展示手链产品的兴趣，希望主播详细介绍或展示手链款式。
weixue0806,美容护肤,"定妆用什么,定妆用什么",1,该用户想询问适合用于定妆的产品推荐。
weixue0806,美容护肤,"妆前乳有么,推荐哪个",1,该用户想询问直播间是否有妆前乳产品并希望主播推荐合适的款式。
weixue0806,美容护肤,四十几岁适合哪款面膜,1,该用户可能在寻找适合中年肌肤需求的抗衰老或保湿面膜产品。
weixue0806,美容护肤,"刚进来,在讲解一下大师面膜ba",1,该用户刚进入直播间，希望主播重新详细讲解大师面膜产品的功能和特点。
weixue0806,美容护肤,有清洁的推荐吗,1,该用户想询问直播间是否有适合清洁类产品的推荐。
weixue0806,美容护肤,你是喜欢大雄吗,0,"该用户可能是在询问主播对某款产品（如""大雄""系列商品）的偏好或推荐意向。"
weixue0806,美容护肤,脸干那个面膜,1,该用户想询问主播是否有适合脸部干燥时使用的面膜产品。
weixue0806,美容护肤,项链大的小的,1,该用户可能是在询问项链的尺寸规格或款式选择，想了解直播中展示的项链有大号和小号哪种更适合自己。
weixue0806,美容护肤,减肥产品有没,1,该用户是在询问直播间是否有推荐或介绍减肥相关的产品。
weixue0806,美容护肤,法令纹有什么好办法?,0,该用户可能是在询问直播间推荐的产品中是否有针对改善法令纹问题的解决方案。
weixue0806,美容护肤,从来没蹲到过眼油的介绍[捂脸],1,该用户可能是在表达对错过产品介绍的遗憾，并暗示希望主播能详细讲解或重新介绍眼油产品。
weixue0806,美容护肤,今天喝的是什么不是蜜雪了,0,该用户可能是在询问主播今天喝的饮品品牌是否有更换，暗示对当前展示的产品（非蜜雪）产生了兴趣或好奇。
weixue0806,美容护肤,睡衣!睡衣!,1,该用户急切地想要主播展示或介绍睡衣产品。
weixue0806,美容护肤,奥伦纳素面膜还上吗?,1,该用户是在询问奥伦纳素面膜是否会再次上架或补货，表现出对该产品的关注和购买意向。
weixue0806,美容护肤,那个面膜敷完不用洗脸了也不用放护肤品了吗?,0,该用户想确认使用这款面膜后是否可以简化护肤步骤，省去后续清洁和保养程序。
weixue0806,美容护肤,美白面膜用多久才能见效呀[比心],1,该用户对美白面膜的效果产生时间感兴趣，有意向购买但希望了解使用周期后再做决定。
weixue0806,美容护肤,20岁推荐做什么do脸项目啊,0,该用户想表达的含义是：询问适合20岁年龄段的医美护肤项目推荐。
weixue0806,美容护肤,9号讲解下,1,该用户希望主播详细介绍一下9号商品的相关信息。
weixue0806,美容护肤,紧致的面膜上一下,1,该用户想表达的含义是：希望主播尽快介绍或上架具有紧致功效的面膜产品。
weixue0806,美容护肤,1号面膜没撕之前敷多久,1,该用户想询问1号面膜在使用时（未拆封状态下）需要敷在脸上的建议时长。
weixue0806,美容护肤,要美白面膜,1,该用户想表达的含义是：我想了解或购买具有美白功效的面膜产品。
weixue0806,美容护肤,"这个貔貅我也想买,带着感觉怎样?重不重",1,该用户对貔貅饰品产生了购买兴趣，主要关心佩戴舒适度和重量体验。
weixue0806,美容护肤,雪姐纹过发际线吗[比心][比心][比心][比心][比心][比心],0,该用户可能是对主播的发际线状态感到好奇，并隐含对植发/纹发际线美容项目的潜在兴趣。
weixue0806,美容护肤,19号链接,1,该用户想表达的含义是：请详细介绍或展示19号商品链接的产品信息。
weixue0806,美容护肤,@氟***哪个,0,该用户可能是想询问某个昵称为“氟***”的观众提到的具体产品或链接是哪一个。
weixue0806,美容护肤,那个腿丸能吃,0,该用户想询问直播中提到的“腿丸”是否可食用。
weixue0806,美容护肤,黄金还能买吗?,0,该用户可能在询问当前是否适合入手黄金饰品或投资黄金产品。
weixue0806,美容护肤,粉底液[比心][比心]推荐,1,该用户对粉底液产品感兴趣，希望主播推荐适合的款式或分享使用心得。
weixue0806,美容护肤,有没有素颜霜[看],1,该用户想询问直播间是否会上架或推荐素颜霜产品。
weixue0806,美容护肤,油推荐哪个,1,该用户想询问主播推荐哪款油类产品适合自己使用。
weixue0806,美容护肤,混干皮易长粉刺闭口用什么水乳,1,该用户想表达的含义是：询问适合混合偏干且容易长粉刺闭口肤质的水乳产品推荐。
weixue0806,美容护肤,"姐姐,总是遇到绿茶怎么办啊,好烦",0,该用户可能是在以调侃或闲聊的方式转移话题，借情感问题拉近与主播的距离，而非真正表达购买意向。
weixue0806,美容护肤,灌注胶原蛋白的面膜在哪个链接,1,该用户想表达的含义是：询问含有胶原蛋白成分的面膜产品购买链接在哪里。
weixue0806,美容护肤,面膜有用,0,该用户想表达的含义是：对面膜产品的效果表示认可或感兴趣。
weixue0806,美容护肤,身上睡衣,1,该用户可能是在询问主播身上穿的睡衣是否有售卖链接或相关产品介绍。
weixue0806,美容护肤,某某国干细胞能打吗,0,该用户可能在询问某国生产的干细胞产品是否安全有效，表现出对该产品的潜在购买兴趣。
weixue0806,美容护肤,耳钉耳钉,0,该用户想表达的含义是：询问或催促主播介绍或展示耳钉产品。
weixue0806,美容护肤,可以卖衣服吗?,1,该用户是在询问直播间是否有服装类商品可供购买。
weixue0806,美容护肤,姐姐有防晒推荐吗,1,该用户想询问主播是否有值得推荐的防晒产品，表现出对防晒类商品的潜在购买兴趣。
weixue0806,美容护肤,胶原蛋白那个你代言么胶原蛋白那个你代言么胶原蛋白那个你代言么胶原蛋白那个你代言么胶原蛋白那个你代言么,0,该用户急切询问主播是否代言了某款胶原蛋白产品，并希望通过重复提问引起注意或确认信息可信度。
weixue0806,美容护肤,水光面霜有吗,1,该用户是在询问直播间是否有售卖水光面霜这款产品，并表现出潜在的购买意向。
weixue0806,美容护肤,眼袋泪沟特别严重要做什么呢,0,该用户可能在询问针对严重眼袋和泪沟问题的美容产品或护理方案，表现出对相关解决方案的购买意向。
weixue0806,美容护肤,补水补水,1,该用户可能在询问直播间是否有补水相关的护肤产品推荐或购买链接。
weixue0806,美容护肤,美白美白全身美白,0,该用户可能是在询问或强调直播间是否有全身美白相关的产品推荐或促销活动。
weixue0806,美容护肤,大表哥哪去了,0,该用户可能在询问主播或直播间中某位常被提及的“大表哥”为何没有出现，可能是对这位人物相关的产品或互动环节感兴趣。
weixue0806,美容护肤,姐姐能说说头发怎么增多吗,0,该用户想表达的含义是：对主播推荐的护发产品或生发方法感兴趣，希望了解如何改善发量问题。
weixue0806,美容护肤,姐想要保湿面膜,1,该用户是在明确表达对保湿面膜的购买意向，希望主播推荐或介绍相关产品。
weixue0806,美容护肤,那个腿丸能不能吃?,0,该用户可能在询问直播中提到的“腿丸”是否属于可食用产品，表达了对该商品的兴趣或疑虑。
weixue0806,美容护肤,卸妆膏好用嘛,1,该用户是在询问卸妆膏的实际使用效果和体验如何，隐含潜在的购买意向。
weixue0806,美容护肤,熬夜出油呢,0,该用户可能在询问针对熬夜导致的皮肤出油问题是否有推荐的产品或解决方案。
weixue0806,美容护肤,10号还有吗[捂脸],1,该用户是在询问10号商品是否还有库存，并用表情符号表达出急切或担忧的情绪。
weixue0806,美容护肤,有没有身体磨砂膏推荐,1,该用户希望主播能推荐一款适合的身体去角质产品。
weixue0806,美容护肤,哺乳期能用吗大师面膜,1,该用户想询问这款面膜是否适合哺乳期的女性使用。
weixue0806,美容护肤,皮肤黄还暗沉怎么改善[捂脸],0,该用户想表达自己因肤色暗沉而苦恼，希望主播推荐能改善肤色的护肤产品或方法。
weixue0806,美容护肤,小黄车两款油怎么选,1,该用户想表达的含义是：对直播间推荐的两款食用油产品感到选择困难，希望主播能给出选购建议。
weixue0806,美容护肤,气垫呢,1,该用户可能在询问主播是否推荐或售卖某款气垫产品（如气垫粉底或气垫BB霜）。
weixue0806,美容护肤,皮肤暗黄怎么办,0,该用户想表达的含义是：咨询改善肤色暗沉问题的产品或方法，可能对相关护肤品有购买意向。
weixue0806,美容护肤,你的耳钉好看,0,该用户想表达的含义是：对主播佩戴的耳饰感兴趣并询问购买信息。
weixue0806,美容护肤,某某国干细胞能打不,0,该用户想询问某某国的干细胞产品是否值得购买或效果如何。
weixue0806,美容护肤,颈纹能去掉不,0,该用户是在询问直播中推荐的产品是否能够有效改善颈部皱纹问题。
weixue0806,美容护肤,啥牌子的祛斑,1,该用户想询问直播中推荐的祛斑产品具体是哪个品牌。
weixue0806,美容护肤,12号讲一讲[爱心],1,该用户希望主播详细介绍12号产品的相关信息。
weixue0806,美容护肤,眼周的个别脂肪粒怎么办,0,该用户想咨询如何解决眼部周围脂肪粒的问题，可能对相关护肤产品或护理方法感兴趣。
weixue0806,美容护肤,泪沟怎么办?,0,该用户想咨询改善泪沟问题的产品或方法。
weixue0806,美容护肤,洗面奶推荐一下,1,该用户想表达的含义是：希望主播能推荐一款适合自己使用的洗面奶产品。
weixue0806,美容护肤,全身美白,0,该用户可能是在询问主播是否有关于全身美白的产品推荐或护理方法，表现出对改善肤色问题的兴趣。
weixue0806,美容护肤,清明回广西不[捂脸],0,该用户可能在委婉询问直播中推荐的产品是否适合清明节期间带回广西使用或送礼，并流露出些许无奈或调侃的情绪。
weixue0806,美容护肤,眼皱纹,0,该用户想询问如何改善或消除眼部皱纹的问题。
weixue0806,美容护肤,黄褐斑用什么,1,该用户想询问直播间是否有针对黄褐斑问题的护肤产品或解决方案。
weixue0806,美容护肤,痘印多,0,该用户想表达的含义是：询问主播是否有针对痘印问题的产品或解决方案。
weixue0806,美容护肤,40+,0,该用户可能在询问产品是否适合40岁以上人群使用。
weixue0806,美容护肤,你用哪个口红?,1,该用户是在询问主播正在使用的口红色号，暗示对同款产品有购买兴趣。
weixue0806,美容护肤,孕妇可以使用大师面膜吗?,1,该用户是在询问这款面膜是否适合孕期特殊体质使用，核心关注产品的安全性和适用性。
weixue0806,美容护肤,经常长痘皮肤干[捂脸]怎么办啊,0,该用户想表达的含义是：咨询针对痘痘频发和皮肤干燥问题的护肤解决方案。
weixue0806,美容护肤,有清洁的推荐吗宝,1,该用户是在询问是否有推荐的清洁类产品。
weixue0806,美容护肤,孕妈妈用的有吗,1,该用户是在询问直播间是否有适合孕妇使用的相关产品。
weixue0806,美容护肤,黄褐斑咋办呀雪儿,0,该用户想表达的含义是：询问主播针对黄褐斑问题的解决方法或产品推荐。  （结合前文弹幕中频繁出现的护肤问题，尤其是“黄褐斑用什么”的直接关联提问，可推断用户是出于求购或寻求建议的动机，且语境聚焦于功能性护肤需求。）
weixue0806,美容护肤,熬夜是不是对皮肤不好,0,该用户可能在询问熬夜对皮肤的具体影响，并隐含希望主播推荐相关护肤产品或解决方案的需求。
weixue0806,美容护肤,耳骨钉疼不疼,0,该用户想询问耳骨钉佩戴时的疼痛感是否明显，以评估自己是否适合尝试这类饰品。
weixue0806,美容护肤,"有脂肪粒,怎么办",0,该用户是在询问如何解决眼部脂肪粒的问题，表现出对护肤产品的潜在需求。
weixue0806,美容护肤,干皮洗面奶推荐[捂脸],1,该用户想表达的含义是：希望主播推荐适合干性皮肤使用的洗面奶产品。
weixue0806,美容护肤,有实用的祛痘面膜没,1,该用户是在询问直播间是否有针对痘痘问题的功能性面膜产品。
weixue0806,美容护肤,什么洗面奶,1,该用户是在询问主播推荐适合自己肤质或需求的洗面奶产品。
weixue0806,美容护肤,有补水套装吗,1,该用户是在询问直播间是否有针对皮肤保湿需求的产品组合。
weixue0806,美容护肤,"姐,你项链是什么图案能看下吗",1,该用户对主播佩戴的项链款式产生兴趣，希望主播展示细节以便考虑是否购买。
weixue0806,美容护肤,传奇女人,0,该用户可能是在夸赞主播的阅历或气质出众，暗示对其推荐的产品产生兴趣。
weixue0806,美容护肤,防晒油麻,1,"该用户想询问直播间是否有适合敏感肌或易过敏肤质使用的防晒油产品。  （结合前文弹幕中频繁出现的皮肤问题如""黄褐斑""""痘印""""干皮""""脂肪粒""等，可推测用户关注护肤品的温和性与针对性；""麻""可能是方言或口语化表达，隐含对产品安全性的顾虑，类似""会不会刺激皮肤""。）"
weixue0806,美容护肤,今天好看,0,该用户可能是在夸赞主播当天的妆容或穿搭好看，暗示对相关产品产生兴趣。
weixue0806,美容护肤,5号连接面膜敷多久接下来洗脸,1,该用户是在询问5号商品链接中的面膜建议敷用时长以及使用后是否需要洗脸，表现出对产品使用方法的明确购买前咨询意向。
weixue0806,美容护肤,某某国干细胞能输吗,0,该用户可能是想询问“某某国进口的干细胞产品是否可以通过注射方式使用”。  （结合前文弹幕多为护肤、美容、孕产相关咨询，推测“干细胞”可能指向抗衰或修复类产品，且用户关注点在于使用方式的安全性，例如跨境医疗或注射类服务的可行性。）
weixue0806,美容护肤,皮肤紧致提升的护肤品或面膜有推荐么,1,该用户是在询问适合改善皮肤松弛、提升面部轮廓的护肤产品或面膜推荐。
weixue0806,美容护肤,姐姐感觉又变美了,0,该用户是在夸赞主播的外貌变化，可能暗示对主播使用的产品或妆容感兴趣。
weixue0806,美容护肤,你怎么那么美,0,该用户是在夸赞主播的外貌，表达对主播的喜爱和欣赏，而非直接询问产品信息或表达购买意向。
weixue0806,美容护肤,胶原面膜收到了怎么用????????//?,0,该用户想表达的含义是：询问已经购买的胶原面膜的使用方法和具体操作步骤。
weixue0806,美容护肤,姐姐今天真的好好看!,0,该用户是在通过赞美主播的外表来拉近距离，可能隐含对主播推荐产品的信任或对直播内容的兴趣。
weixue0806,美容护肤,护发精油有吗,1,该用户是在询问直播间是否有护发精油产品可供购买。
weixue0806,美容护肤,祛斑美白精华是哪款,1,该用户是在询问直播间推荐的具有祛斑和美白功效的精华液产品。
weixue0806,美容护肤,脂肪粒怎么搞掉[捂脸][捂脸],0,该用户想表达的是咨询去除脂肪粒的有效方法或产品推荐。
weixue0806,美容护肤,对你今天比较美!!!!,0,该用户是在夸赞主播当天的造型或状态很好，表达的是对主播外貌的欣赏而非直接购买意向。
weixue0806,美容护肤,大干皮用啥面膜,1,该用户是在询问适合干性皮肤使用的面膜推荐。
weixue0806,美容护肤,短剧啥时候拍啊短剧啥时候拍啊,0,该用户可能在催促主播尽快安排或透露关于短剧拍摄的计划进展。
weixue0806,美容护肤,说说光子撒,0,该用户可能在询问主播关于“光子嫩肤”产品或美容项目的相关信息。
weixue0806,美容护肤,祛斑精华真的能让斑消失吗[比心],1,该用户对祛斑精华的效果存在疑问，但通过添加[比心]表情暗示了潜在的购买意愿，希望主播能给出肯定答复以增强购买信心。
weixue0806,美容护肤,每天都很漂亮,0,该用户是在夸赞主播近期持续保持的精致妆容或穿搭风格。
weixue0806,美容护肤,"对呀,今天好看",0,该用户是在附和并赞同其他观众对主播今日造型的赞美，表达对主播当前形象的欣赏和认可。
weixue0806,美容护肤,一样那么好看,0,该用户是在附和主播当天的出色状态，表达对主播外貌的持续赞美。
weixue0806,美容护肤,你皮肤保养的好,0,该用户是在夸赞主播的皮肤状态好，并隐含对主播推荐的护肤产品产生兴趣或信任。
weixue0806,美容护肤,干皮洗面奶推荐,1,该用户是在询问适合干性肌肤使用的洗面奶产品推荐，表现出明确的护肤需求和购买意向。
weixue0806,美容护肤,脸上干的起皮怎么办,0,该用户想表达的含义是：寻求针对面部干燥脱皮问题的护肤产品推荐或解决方案。
weixue0806,美容护肤,有必要去外面做深层清洁先吗,0,该用户可能在询问是否需要先进行专业美容护理（如深层清洁）作为当前护肤步骤的前置条件。
weixue0806,美容护肤,今天真的很好看,0,该用户想表达的含义是：主播今天的妆容或整体状态特别吸引人，让人感到赏心悦目。
weixue0806,美容护肤,眼膜有用吗,1,该用户想表达的含义是：询问这款眼膜的实际效果如何，是否有购买价值。
weixue0806,美容护肤,香水已下单漂亮姐姐告诉我香不香,1,该用户想表达的含义是：我已经购买了香水，想请主播分享一下这款香水的实际使用感受。
weixue0806,美容护肤,大师面膜敷完要洗吗,1,该用户想表达的含义是：询问使用大师面膜后是否需要清洗，以了解正确的护肤步骤。
weixue0806,美容护肤,褐青斑要去打激光吗?,0,该用户是在咨询针对褐青斑是否需要通过激光治疗来改善皮肤问题。
weixue0806,美容护肤,祛斑面霜是哪个,1,该用户想询问直播中推荐的祛斑面霜具体是哪一款产品。
weixue0806,美容护肤,水光面霜呢?,1,该用户是在询问直播间是否有推荐或正在介绍的水光面霜产品。
weixue0806,美容护肤,雪纹过发际线吗[比心][比心][比心][比心],0,该用户想询问产品是否能改善发际线部位的色斑问题，并表达了对主播的友好态度。
weixue0806,美容护肤,今天特别美,0,该用户想表达的含义是：主播今天的外貌或妆容格外吸引人，可能暗示对主播推荐的美妆产品产生了兴趣。
weixue0806,美容护肤,一直都很美,0,该用户想表达的含义是：主播今天的妆容或状态和往常一样出色，延续了一贯的美丽形象。  （结合前文弹幕中频繁出现的对主播外貌的夸赞（如“每天都很漂亮”“今天特别美”）以及护肤美妆产品的讨论，可推断该弹幕是观众对主播整体形象的持续性认可，而非针对具体产品的购买意向。）
weixue0806,美容护肤,脸干用那个面膜,1,该用户想表达的含义是：询问适合脸部干燥使用的面膜产品推荐。
weixue0806,美容护肤,姐姐眼袋黑眼圈,0,该用户可能在询问主播是否有针对眼袋和黑眼圈问题的护肤产品或改善建议。
weixue0806,美容护肤,这个貔貅是君佩那家的吗[奸笑],0,该用户是在确认貔貅饰品的品牌来源，并暗示对购买该产品感兴趣。
weixue0806,美容护肤,今天巨巨巨巨巨巨巨好看[比心][比心][比心][比心],0,该用户是在热情赞美主播当天的出众外貌，并配合表情符号强化了喜爱和欣赏的情绪。
weixue0806,美容护肤,这衣服好看,1,该用户是在夸赞主播展示的服装款式吸引人，可能隐含对商品的兴趣或购买意向。
weixue0806,美容护肤,去颈纹!去颈纹!,0,该用户可能是在询问或强调直播间是否有针对颈部皱纹问题的护肤产品推荐。
weixue0806,美容护肤,耳骨钉疼不疼啊啊啊啊,0,该用户可能是在询问耳骨钉佩戴的疼痛感，以此评估自己是否要购买类似饰品。
weixue0806,美容护肤,一直都漂亮,0,"该用户想表达的含义是：主播的颜值一直在线，令人持续欣赏。  （结合前文多次出现对主播外貌的夸赞，如""今天真的很好看""""今天特别美""等，可推断该弹幕是延续对主播外表的正面评价，强调其长期稳定的吸引力。）"
weixue0806,美容护肤,每天都好看,0,该用户想表达的含义是：主播今天的造型和往常一样令人赏心悦目。
weixue0806,美容护肤,眼睛好亮啊有推荐的美瞳吗,1,该用户被主播的眼睛效果吸引，想询问是否有类似效果的美瞳产品推荐。
weixue0806,美容护肤,最近瘦了?,0,该用户可能是在询问主播近期身材变化是否与直播间推荐的产品（如瘦身类商品）有关，暗示对相关产品的潜在兴趣。
weixue0806,美容护肤,泪沟怎么改善,0,该用户是在咨询改善泪沟问题的产品或方法，表现出对相关美容产品的潜在购买兴趣。
weixue0806,美容护肤,纯油粉色的可以晚上睡觉用吗,1,该用户是在询问纯油质地的粉色款产品是否适合夜间护肤使用。
weixue0806,美容护肤,今天哼漂亮,0,该用户是在夸赞主播当天的造型或状态特别好看。
weixue0806,美容护肤,今天特别好看,0,该用户想表达的含义是：主播今天的造型或状态格外吸引人，让人产生好感或关注。
weixue0806,美容护肤,今天好美,0,"该用户是在夸赞主播当天的整体形象或状态，属于互动式赞美而非直接购买意向的表达。  （解析：结合前20条弹幕中高频出现的""美/好看""类夸赞（如""今天特别美""""每天都好看""）以及具体产品咨询的明确分界，可判定此类弹幕多为观众与主播的社交互动，核心动机是情感共鸣而非消费需求。当前弹幕延续了这一夸赞模式，未涉及商品特征或购买相关关键词。）"
weixue0806,美容护肤,今天特别漂亮[赞],0,该用户想表达的含义是：对主播当天的形象表示高度赞赏，并传递出积极的互动态度。
weixue0806,美容护肤,洗发膏有吗,1,该用户是在询问直播间是否有售卖洗发膏产品，表现出对这款商品的购买兴趣或需求。
weixue0806,美容护肤,姐姐好米,0,该用户想表达的含义是：主播今天非常漂亮迷人。  （结合前文弹幕高频出现的“美”“好看”等夸赞性内容，此处的“米”是网络流行语谐音“美”，表达对主播外貌或状态的积极评价，并无直接购买意向。）
weixue0806,美容护肤,感觉今天更好看,0,该用户想表达的含义是：相比平时，主播今天的整体形象或状态更加吸引人。
weixue0806,美容护肤,有补水套餐吗,1,该用户可能在询问直播间是否有针对皮肤保湿需求的组合产品推荐。
weixue0806,美容护肤,今天衣服粉嫩,0,该用户想表达的含义是：今天的服装配色柔和甜美，很吸引人。
weixue0806,美容护肤,脸上有痘印怎么去,0,该用户想询问直播间是否有针对痘印问题的护肤产品或解决方案。
weixue0806,美容护肤,睡衣耳钉好好看,1,该用户被直播中展示的睡衣和耳钉款式吸引，认为它们设计精美并产生了购买兴趣。
weixue0806,美容护肤,身上穿的是睡衣吗?,0,该用户可能是对主播身上穿的睡衣款式感兴趣，想确认是否是睡衣并暗示想了解购买信息。
weixue0806,美容护肤,"特别漂亮,女神",0,该用户是在夸赞主播当天的造型或状态非常出众，带有明显的欣赏和喜爱情绪。
weixue0806,美容护肤,雪姐纹过发际线吗[比心][比心][比心],0,该用户可能是想询问主播的发际线是否经过纹绣修饰，并以此表达对主播外貌细节的关注和赞赏。
weixue0806,美容护肤,奥伦纳素面膜有吗?,1,该用户是在询问直播间是否有售卖奥伦纳素品牌的面膜产品。
weixue0806,美容护肤,抗皱眼部精油是哪个,1,该用户是在询问主播推荐的抗皱眼部精油产品具体是哪一款。
weixue0806,美容护肤,姐姐好美,0,该用户想表达的含义是：对主播外貌的赞美和喜爱。
weixue0806,美容护肤,你发缝好宽,0,该用户可能是在委婉询问主播的发际线护理产品或植发服务，暗示对改善头发稀疏问题的购买兴趣。
weixue0806,美容护肤,姐姐口红用的哪一个啊,1,该用户想询问主播使用的口红品牌或色号，表现出对产品的具体购买兴趣。
weixue0806,美容护肤,讲眼膜眼膜眼膜,1,该用户急切希望主播详细介绍或展示眼膜产品。
weixue0806,美容护肤,衣服能说说牌子吗,1,该用户想询问主播身上所穿服装的品牌信息，表现出对这件衣服的兴趣和潜在的购买意向。
weixue0806,美容护肤,洗面奶可以洗黑头吗,1,该用户可能是在询问这款洗面奶是否具有清洁黑头的功效，以此判断产品的实用性和自己的购买价值。
weixue0806,美容护肤,祛斑几号,1,该用户想询问直播间正在介绍的祛斑产品是商品列表中的第几款。
weixue0806,美容护肤,"姐姐姐姐看我!角质层太差,现在脸上会很红肿还有小痘痘!有什么推荐面膜吗?求求求求",1,该用户急切希望主播推荐适合敏感肌和痘痘问题的修复面膜，表现出明确的购买需求和求助意愿。
weixue0806,美容护肤,1号和五号的区别是什么,1,该用户想表达的含义是：询问直播间正在介绍的两款产品（编号1号和5号）在功能或特性上的具体差异。
weixue0806,美容护肤,我也想问气垫,1,该用户可能是在询问主播推荐或介绍某款气垫产品，表达了对气垫类美妆产品的购买兴趣或需求。
weixue0806,美容护肤,口红颜色不一样,0,该用户可能在询问或对比主播口红色号与实物展示的差异，暗示对产品颜色准确性的关注或购买意向。
weixue0806,美容护肤,要不要上减肥产品,1,该用户可能在询问主播是否会推荐或介绍减肥相关的产品，表现出对这类商品的潜在兴趣。
weixue0806,美容护肤,美白精华在几号链接,1,该用户想询问美白精华产品的购买链接位置，表现出明确的购买意向。
weixue0806,美容护肤,你打过玻尿酸吗,0,该用户可能在询问主播是否使用过玻尿酸产品，以此评估其推荐的可信度或了解产品效果。
weixue0806,美容护肤,眼睛下面有皱纹用哪个,1,该用户想表达的含义是：询问主播推荐适合改善眼部皱纹的产品。
weixue0806,美容护肤,为什么你的口红不掉,0,该用户想表达的含义是：询问主播口红的持久度为何如此出色。
weixue0806,美容护肤,美白面膜分正反面吗?,1,该用户是想确认美白面膜的使用方法，表现出对产品的实际使用细节的关注和潜在的购买意向。
weixue0806,美容护肤,颈纹深怎么办,0,该用户可能是在询问直播间是否有针对颈部抗皱或淡纹的产品推荐。
weixue0806,美容护肤,唇膏有吗,1,该用户是在询问直播间是否有唇膏产品上架或推荐。
weixue0806,美容护肤,内服用啥姐姐,1,该用户想询问主播推荐的内服美容或保健产品。
weixue0806,美容护肤,5号连接面膜敷多久接下来洗脸5号连接面膜敷多久接下来洗脸,1,该用户想询问5号链接的面膜使用时需要敷多长时间以及敷完后是否需要立即洗脸。
weixue0806,美容护肤,颈纹怎么弄!,0,该用户想询问如何改善颈部皱纹问题，可能是对直播间推荐的颈部护理产品产生了兴趣。
weixue0806,美容护肤,今天衣服耳环好看,0,该用户想表达的含义是：对主播今天穿戴的服装和饰品搭配产生了兴趣，可能有意向购买同款。
weixue0806,美容护肤,眉毛也好看,0,该用户可能在夸赞主播的妆容细节，并间接表达对相关眉部产品的兴趣。
weixue0806,美容护肤,拍了怎么用说一下,1,该用户想表达的含义是：希望主播详细讲解已下单产品的使用方法。
weixue0806,美容护肤,雪你喝的什么内服保养产品,1,该用户想询问主播正在服用的美容保健品的具体信息。
weixue0806,美容护肤,睫毛应该是,0,该用户可能是在询问关于睫毛产品的具体型号或款式推荐。
weixue0806,美容护肤,面膜怎么用呀?刚刚没听清,1,该用户想表达的含义是：对产品的使用方法有疑问并希望获得详细指导。
weixue0806,美容护肤,"已经毛孔粗大了,还有救吗?",0,该用户是在询问直播间是否有针对改善毛孔粗大问题的护肤产品推荐。
weixue0806,美容护肤,今天好美[比心],0,该用户是在夸赞主播当天的整体造型或妆容好看，表达欣赏和喜爱之情。
weixue0806,美容护肤,发型这样好看,0,该用户是在夸赞主播当前的发型搭配整体造型很合适，可能隐含对主播形象或推荐产品的认可和兴趣。
weixue0806,美容护肤,粉色衣服称肤色好看,0,该用户是在称赞主播穿的粉色衣服很衬肤色，可能暗示自己也有兴趣购买同款或类似颜色的服装。
weixue0806,美容护肤,补水面膜有吗,1,该用户是在询问直播间是否有售卖补水面膜产品。
weixue0806,美容护肤,祛斑美白精华有推荐的吗,1,该用户想表达的含义是：对直播间推荐的祛斑美白产品感兴趣，希望主播能给出具体建议。
weixue0806,美容护肤,唇周黑怎么办姐姐,0,该用户想表达的含义是：询问主播是否有解决唇周暗沉问题的产品推荐。
weixue0806,美容护肤,"为什么洗面奶拍了,显示交易关闭,是没货吗",1,该用户因下单洗面奶失败而感到困惑，急于确认是否因缺货导致交易关闭，并希望得到解决方案。
weixue0806,美容护肤,好像妆比平时更精致,0,该用户是在夸赞主播今天的妆容比以往更加精致好看，可能暗示对主播使用的化妆品或造型技巧产生了兴趣。
weixue0806,美容护肤,用的啥口红,1,该用户想询问主播正在使用的口红品牌或色号，可能是被主播的妆容吸引而产生购买兴趣。
weixue0806,美容护肤,防晒好用吗,1,该用户想了解这款防晒产品的实际使用效果是否令人满意。
weixue0806,美容护肤,今天的项链配这身粉KT好美,0,该用户想表达的含义是：主播今天佩戴的项链与粉色KT造型搭配得非常协调，整体效果十分漂亮。
weixue0806,美容护肤,"我好喜欢听你说话,情绪很稳定很佩服你这样的人[赞]",0,该用户主要是在表达对主播个人魅力和表现力的欣赏，而非直接询问产品或表露购买意向。
weixue0806,美容护肤,左脸颊反复出痘怎么办,0,该用户想表达的含义是：咨询针对左脸颊反复长痘问题的护肤产品或解决方法。
weixue0806,美容护肤,雪姐防晒超级好用[比心][比心][比心],1,该用户是在热情推荐主播使用的防晒产品，并表达对其效果的认可和喜爱。
weixue0806,美容护肤,心情特好吧,0,该用户可能是想通过称赞主播的状态良好来拉近距离，表达对主播的喜爱和关注。
weixue0806,美容护肤,你这个衣服不好看,0,该用户想表达的含义是：对主播展示的服装款式不太满意。
weixue0806,美容护肤,眼睛下面有像脂肪粒似的怎么处理?,0,该用户想表达的含义是：咨询主播针对眼部脂肪粒问题的护肤建议或产品推荐。
weixue0806,美容护肤,嘴做了什么,0,该用户可能在询问主播使用的唇部产品或化妆技巧，比如口红品牌或如何打造唇妆效果。
weixue0806,美容护肤,"毛孔粗大,出油,用哪款洗面奶",1,该用户想表达的含义是：针对自己皮肤出油和毛孔粗大的问题，希望主播推荐一款合适的洗面奶产品。
weixue0806,美容护肤,今天送香水吗,1,该用户是在询问直播间是否有赠送香水的福利活动。
weixue0806,美容护肤,"睡衣好可爱呀,睡衣好可爱呀,睡衣好可爱呀!想要链接,想要链接[比心][比心][比心]",1,该用户通过重复赞美和明确索取链接的行为，强烈表达了想购买同款睡衣的意愿。
weixue0806,美容护肤,毛孔粗大用什么产品,0,该用户想表达的含义是：希望主播推荐针对改善毛孔粗大问题的护肤产品。
weixue0806,美容护肤,有口红推荐吗,1,该用户想表达的含义是：希望主播推荐适合自己或当下流行的口红产品。  （结合前文弹幕多为护肤美妆咨询和产品互动，可推断用户主动提出需求，属于明确的购买兴趣导向。）
weixue0806,美容护肤,10号10号,1,该用户可能在询问或催促主播展示/讲解10号商品（如10号色口红、10号链接的产品等）。
weixue0806,美容护肤,唇用的啥!也不掉色,1,该用户想询问主播使用的口红品牌或产品名称，并强调该口红持久不脱色的特点。
weixue0806,美容护肤,脱发有办法吗姐姐,0,该用户想表达的含义是：询问主播是否有解决脱发问题的产品或方法推荐。
weixue0806,美容护肤,嘴角黑咋办,0,该用户想咨询如何解决嘴角发黑的问题，可能是在寻求护肤建议或产品推荐。
weixue0806,美容护肤,水光可以做吗,0,该用户是在询问直播间推荐的产品或服务是否包含水光护肤项目。
weixue0806,美容护肤,补水美白面膜,1,该用户可能是在询问或推荐具有补水美白功效的面膜产品。
weixue0806,美容护肤,1号和5号有啥区别,1,该用户想询问直播中提到的1号和5号产品在功能或特性上的具体差异。
weixue0806,美容护肤,睫毛睫毛睫毛漂亮睫毛睫毛睫毛睫毛漂亮睫毛睫毛睫毛睫毛漂亮睫毛,1,该用户想表达的含义是：反复强调对主播睫毛效果的强烈喜爱和关注，可能暗示想了解相关产品或教程。
weixue0806,美容护肤,想看大表哥了想他,0,该用户可能在表达对主播“大表哥”的怀念或期待，希望他能出现在直播中互动或讲解产品。
weixue0806,美容护肤,洗面奶一天用几次,1,该用户是在询问洗面奶的使用频率，意图了解产品具体使用方法以评估是否适合自身护肤需求。
weixue0806,美容护肤,推荐推荐,0,该用户可能是在积极回应主播的产品推荐，表达对当前介绍商品的兴趣或希望主播继续推荐更多好物。
weixue0806,美容护肤,2号链接有什么,1,该用户是在询问直播间商品列表中第2号链接所对应的具体产品或商品详情。
weixue0806,美容护肤,褐青斑要去打激光吗?姐姐,0,"该用户是在咨询关于褐青斑是否需要通过激光治疗的美容问题，并希望主播（""姐姐""）给予专业建议。"
weixue0806,美容护肤,面膜那个好用,1,该用户想询问直播间推荐的面膜产品是否效果显著。
weixue0806,美容护肤,30+有什么好推荐,1,该用户想询问适合30岁以上人群使用的护肤或美容产品推荐。
weixue0806,美容护肤,40+用什么精华,1,该用户在询问适合40岁以上年龄群体使用的精华产品推荐。
weixue0806,美容护肤,送的仿生皮面膜是什么功效的?,1,该用户想了解赠品面膜的具体护肤功能，表现出对产品功效的关注和潜在购买兴趣。
weixue0806,美容护肤,洗面奶推一下,1,该用户希望主播推荐一款适合自己使用的洗面奶产品。
weixue0806,美容护肤,睡衣上车,1,该用户想表达的含义是：询问主播是否会上架睡衣产品并提供购买链接。
weixue0806,美容护肤,眼袋泪沟特别严重怎么做,0,该用户想询问如何改善明显的眼袋和泪沟问题。
weixue0806,美容护肤,睫毛液有吗,1,该用户是在询问直播间是否有睫毛液产品。
weixue0806,美容护肤,衣服真好看,0,该用户被展示的服装款式吸引，产生了潜在的购买意向。
weixue0806,美容护肤,你总咬口红以上不会吃到吗,0,该用户可能是担心口红会被误食，想询问主播如何避免这种情况。
weixue0806,美容护肤,有没有好用的气垫,1,该用户想询问直播间是否有值得推荐的气垫产品。
weixue0806,美容护肤,眉毛比平时画得长一点,0,该用户可能是在询问或建议关于眉妆的调整技巧，暗示对当前妆容效果的关注或对产品使用的兴趣。
weixue0806,美容护肤,有防晒推荐吗,1,该用户是在询问适合自己需求的防晒产品推荐，表现出对防晒品类的具体购买意向。
weixue0806,美容护肤,推荐一款水和乳,1,该用户希望主播针对当前推荐的产品中介绍一款适合的水乳套装。
weixue0806,美容护肤,耳骨钉疼不疼啊啊啊啊啊啊,0,该用户是在询问耳骨钉佩戴时的疼痛感，表现出对产品实际使用体验的关注和潜在的购买兴趣。
weixue0806,美容护肤,想看看气垫!,1,该用户希望主播详细介绍或展示气垫类产品的功能及使用效果。
weixue0806,美容护肤,今天腮红没有那么重,0,该用户可能在委婉地表达对当前妆容效果的关注，暗示主播今天的腮红用量比往常清淡，可能想了解产品使用技巧或推荐更显色的腮红产品。
weixue0806,美容护肤,粉外套有链接吗?,1,该用户对直播中展示的粉色外套产生了购买兴趣，想获取商品购买链接以便下单。
weixue0806,美容护肤,胶原蛋白面膜的灌注的有吗,1,该用户是在询问直播间是否有售卖胶原蛋白成分的灌注式面膜产品。
weixue0806,美容护肤,防晒霜前用什么,1,该用户想询问在使用防晒霜之前需要搭配什么护肤品或打底步骤。
weixue0806,美容护肤,胶原蛋白流失用什么,1,该用户可能在询问针对胶原蛋白流失问题的护肤产品推荐。
weixue0806,美容护肤,收缩毛孔怎么解决,0,该用户想询问直播间是否有针对收缩毛孔问题的护肤产品或解决方案。
weixue0806,美容护肤,15号,1,该用户可能在询问直播中提到的某款产品（如护肤品或服饰）是否会在15号上架或促销。
weixue0806,美容护肤,面部提升建议做吗,0,该用户可能是在询问关于面部提升美容项目的效果或适用性，表现出对相关产品或服务的潜在购买兴趣。
weixue0806,美容护肤,姐姐推荐一下收缩毛孔的呀,0,该用户希望主播推荐能改善毛孔粗大问题的护肤产品或方法。
weixue0806,美容护肤,白头发怎么调理,0,该用户可能在询问改善白发的产品或护理方法，表现出对养发护发类商品的潜在购买兴趣。
weixue0806,美容护肤,哪个瘦脸面膜?今天有吗?,1,该用户是在询问直播间今天是否有售卖瘦脸面膜产品。
weixue0806,美容护肤,20岁推荐做什么do脸项目呢,0,该用户想询问适合20岁年龄段的医美或护肤项目推荐。
weixue0806,美容护肤,今天好像不太对劲,0,该用户可能觉得主播今天的妆容或状态与往常不同，隐约透露出不适或异常。
weixue0806,美容护肤,有没有推荐的素颜霜,1,该用户希望通过主播推荐一款适合日常使用的素颜霜产品。
weixue0806,美容护肤,姐姐反反复复长痘痘怎么办呀![比心][捂脸],0,该用户想表达的是咨询反复长痘痘问题的护肤建议，并透露出对主播的信任和亲近感。
weixue0806,美容护肤,哪个淡斑,1,该用户想询问直播间是否有推荐淡化色斑的产品或方法。
weixue0806,美容护肤,姐姐想要反重力21天精华,1,该用户想表达的含义是：对主播推荐的“反重力21天精华”产品表现出明确的购买意向和需求。
weixue0806,美容护肤,"项链好看,什么牌子的?[比心]",1,该用户对展示的项链产生了兴趣，想了解品牌信息以便进一步考虑购买。
weixue0806,美容护肤,脂肪粒怎么去,0,该用户想咨询去除脂肪粒的有效方法或产品推荐。
weixue0806,美容护肤,哪个是美白精华呀,1,该用户想表达的含义是：询问直播间正在介绍的美白精华产品是哪一个。
weixue0806,美容护肤,唇油粉色晚上睡觉可以用吗,1,该用户是在询问唇油产品是否适合夜间使用，表现出对产品功能和使用场景的具体关注。
weixue0806,美容护肤,香水怎么样,1,该用户是在询问主播对当前展示的香水产品的使用效果或特点的评价，以判断是否值得购买。
weixue0806,美容护肤,美白淡斑精华有推荐吗?,1,该用户是在询问直播间是否有值得推荐的美白淡斑类护肤产品，表现出对解决肤色问题的具体需求。
weixue0806,美容护肤,姐姐反反复复长痘痘怎么办呀!,0,该用户是在向主播咨询针对反复发作的痘痘问题的护肤建议或产品推荐。
weixue0806,美容护肤,你口红是哪个链接[看],1,该用户想询问主播口红的购买链接，表达了对该产品的具体购买意向。
weixue0806,美容护肤,祛斑几号呀,1,该用户想询问直播间推荐的祛斑产品是几号链接。
weixue0806,美容护肤,美白饮喝的那个呢?,0,该用户是在询问直播间推荐的美白饮产品链接或具体款式。
weixue0806,美容护肤,护肤品推荐下雪姐,1,该用户希望主播“雪姐”能针对护肤品类别（如精华、面膜等）给出具体的产品推荐。  （解析：结合前文20条弹幕中高频出现的护肤需求（如美白、淡斑、祛痘）和“推荐”“哪个”等指向性词汇，可推断用户习惯用“雪姐”称呼主播，且弹幕主题集中在寻求护肤解决方案，因此目标弹幕是典型的产品咨询意图，属于明确购买兴趣的表达。）
weixue0806,美容护肤,去黄的面膜,1,该用户想询问直播间是否有能改善面部暗黄问题的面膜产品。
weixue0806,美容护肤,睡衣上车睡衣上车睡衣上车,1,该用户急切希望主播尽快上架或介绍睡衣产品的购买链接。
weixue0806,美容护肤,祛痘痘,0,该用户可能是在询问主播推荐的祛痘产品或解决方案，表达了对改善痘痘问题的具体需求。
weixue0806,美容护肤,小气泡洗面奶孕期能用吗,1,该用户是在询问这款洗面奶是否适合孕妇使用，表明其对产品安全性有明确需求并存在潜在购买意向。
weixue0806,美容护肤,讲眼膜眼膜,1,该用户急切希望主播详细介绍或推荐眼膜产品。
weixue0806,美容护肤,"雪,微扎类的护肤怎么样?",1,该用户想询问主播关于“微扎类护肤品”的使用效果和推荐意见。
weixue0806,美容护肤,衣服衣服衣服衣服衣服衣服,1,该用户急切地想要主播展示或讲解服装产品，可能是看到其他观众频繁询问护肤美妆类问题后，用重复刷屏的方式强调自己对服饰品类的关注。
weixue0806,美容护肤,补水套装有吗,1,该用户是在询问直播间是否有保湿系列的护肤品套装可供购买。
weixue0806,美容护肤,香水已下单漂亮姐姐告诉我香不香香水已下单漂亮姐姐告诉我香不香香水已下单漂亮姐姐告诉我香不香,1,该用户想表达的含义是：我已经购买了香水，希望主播能介绍一下这款香水的香味特点。
weixue0806,美容护肤,"那皮肤干,用什么?",1,该用户想询问针对皮肤干燥问题的护肤品推荐。
weixue0806,美容护肤,脸怎么这么饱满打了什么么,0,该用户想表达的含义是：好奇主播脸部饱满的原因并询问是否使用了特定美容产品或方法。
weixue0806,美容护肤,抗衰抗衰,1,该用户想表达的含义是：询问直播间是否有抗衰老功效的产品推荐或相关介绍。
weixue0806,美容护肤,"双眼皮做的吗,在哪里做的好自然",0,该用户是在询问主播的双眼皮整形效果自然，并想了解推荐的医美机构或医生信息。
weixue0806,美容护肤,感觉脸不太紧致有点脸黄怎么办,0,该用户想表达的含义是：想咨询改善面部松弛和暗沉的护肤产品或方法。
weixue0806,美容护肤,有减肥的嘛,1,该用户可能在询问直播间是否有推荐适合减肥的产品或方法。
weixue0806,美容护肤,美白淡斑精华在哪里,1,该用户是在询问直播间推荐的美白淡斑精华产品的购买链接或具体位置。
weixue0806,美容护肤,"沙漠大干皮,今年46岁,推荐一下",1,该用户想表达的含义是：自己是沙漠大干皮且年龄46岁，希望主播针对自己的肤质和年龄推荐合适的护肤品。
weixue0806,美容护肤,瘦脸面膜不是说今天上吗,1,该用户是在询问之前预告过的瘦脸面膜产品为何还未上架，表现出对这款商品的关注和购买意向。
weixue0806,美容护肤,太美啦[比心],0,该用户被直播展示的商品效果或主播形象所吸引，表达出强烈的赞赏和心动情绪。
weixue0806,美容护肤,21号链接讲讲,1,该用户希望主播详细介绍21号链接对应的商品信息。
weixue0806,美容护肤,主播有让眼睛变大的方法么,0,该用户可能是在询问主播是否有能通过化妆技巧或美容产品让眼睛显得更大的方法，表现出对眼部美容效果的潜在购买兴趣。
weixue0806,美容护肤,"姐,美白面膜和油能用油敷法吗",1,该用户想询问主播美白面膜和护肤油是否可以搭配使用油敷法来达到更好的护肤效果。
weixue0806,美容护肤,"姐,脸容易出油怎么办",0,该用户是在询问主播针对油性皮肤的护肤建议或产品推荐。
weixue0806,美容护肤,眼睛干纹抹啥,0,该用户想询问缓解眼部干纹的护肤产品推荐。
weixue0806,美容护肤,那个美白面膜好用,1,该用户想表达的含义是：对主播推荐的美白面膜产品效果感兴趣并希望获得更多使用反馈。
weixue0806,美容护肤,美白面膜美白面膜,1,该用户急切想了解或购买直播间提到的美白面膜产品。
weixue0806,美容护肤,睫毛膏姐姐,1,该用户可能是想询问主播使用的睫毛膏品牌或效果，表达对这款产品的兴趣。
weixue0806,美容护肤,气垫推荐一下,1,该用户想表达的含义是：希望主播能推荐一款适合自己肤质的气垫产品。
weixue0806,美容护肤,素颜霜和油霜能一起用么?,1,该用户想询问两种护肤品（素颜霜和油霜）是否可以同时使用，以了解产品搭配的可行性。
weixue0806,美容护肤,这么祛斑?,0,该用户想询问这款产品如何有效淡化或消除面部色斑。
weixue0806,美容护肤,"又漂亮了,脸更紧致了",0,该用户是在夸赞主播的容貌改善明显，尤其是面部轮廓变得更加紧致年轻，可能隐含对主播使用的美容产品或方法的兴趣。
weixue0806,美容护肤,胶原蛋白灌注面膜有吗?,1,该用户是在询问直播间是否有售卖胶原蛋白灌注面膜这款产品，表现出对护肤品的具体需求和购买意向。
weixue0806,美容护肤,防晒可以说一下吗,1,该用户想询问主播详细介绍某款防晒产品的功效或使用方法。
weixue0806,美容护肤,对爱情失望了,0,该用户可能是在看到大量关于美容护肤的讨论后，借情感话题委婉表达对自身外貌的不自信或焦虑，暗示想通过产品改善形象来重获信心。
weixue0806,美容护肤,"黑眼圈好重,怎么办",0,该用户可能在询问改善黑眼圈问题的护肤产品或方法。
weixue0806,美容护肤,说说5号面膜,1,该用户想表达的含义是：请详细介绍5号面膜的功能和效果。
weixue0806,美容护肤,宝贝黑头闭口用哪个腻,1,该用户想询问针对黑头和闭口问题的护肤产品推荐。
weixue0806,美容护肤,胶原蛋白面膜什么时候有?,1,该用户是在询问胶原蛋白面膜的上架时间，表现出明确的购买意向和对该产品的兴趣。
weixue0806,美容护肤,可以讲下洗面奶吗,1,该用户希望主播详细介绍洗面奶产品的功效或使用方法。
weixue0806,美容护肤,姐姐反反复复长痘痘怎么办呀![比心][比心][比心][比心][比心][比心][比心][比心][比心][比心][比心][比心][比心][比心][比心][比心][比心][比心][比心][比心][比心][比心][比心],0,该用户想表达的含义是：咨询主播如何解决反复长痘的问题，并表现出对主播的信任和亲近感。
weixue0806,美容护肤,你用的那个油好用吗,1,该用户是在询问主播使用的护肤油的功效和体验，以此评估自己是否值得购买。
weixue0806,美容护肤,19用你的面膜可以吗19用你的面膜可以吗19用你的面膜可以吗19用你的面膜可以吗[比心][比心][比心],1,该用户想表达的含义是：询问19岁是否适合使用主播推荐的面膜，并表现出强烈的兴趣和好感。
weixue0806,美容护肤,淡斑推荐有吗,1,该用户是在询问直播间是否有针对淡化色斑的护肤产品推荐。
weixue0806,美容护肤,看下你的Kitty水杯,1,该用户想表达的含义是：请主播展示或详细介绍Kitty水杯的产品信息。  （结合前文弹幕的购物咨询语境，用户大概率是对该产品产生兴趣，希望进一步了解细节或观看实物展示。）
weixue0806,美容护肤,美瞳是哪款,1,该用户是在询问主播当前展示或提到的美瞳产品具体型号或款式信息，表现出明确的购买意向和产品细节关注。
weixue0806,美容护肤,"项链吊坠好好看呀,求推荐项链吊坠好好看呀,求推荐项链吊坠好好看呀,求推荐",1,该用户强烈表达了对项链吊坠款式的喜爱，并希望主播能针对这类饰品进行详细介绍或推荐。
weixue0806,美容护肤,抬头纹怎么办,0,该用户想询问如何改善或消除抬头纹问题，可能对相关护肤产品或护理方法有购买兴趣。
weixue0806,美容护肤,那皮肤干怎么办,0,该用户想咨询如何解决皮肤干燥的问题，并可能对相关护肤产品产生兴趣。
weixue0806,美容护肤,想问下水光能做吗?,0,该用户想询问直播中提到的“水光”项目是否适合自己或具体如何操作。
weixue0806,美容护肤,怎么那么美[比心],0,该用户是在夸赞主播或产品的效果惊艳，可能隐含对产品功效的认可或进一步了解的意向。
weixue0806,美容护肤,你的睡衣是哪家的,1,该用户想询问主播身上穿的睡衣品牌或购买链接，表达了对该商品的兴趣和潜在的购买意向。
weixue0806,美容护肤,脸垮了怎么办,0,该用户可能是在询问如何改善面部皮肤松弛或衰老的问题，希望主播推荐相关护肤产品或解决方案。
weixue0806,美容护肤,眼角有癍用什么,1,该用户想咨询针对眼部色斑问题的护肤产品或解决方案。
weixue0806,美容护肤,防晒霜前要用什么,1,该用户想咨询使用防晒霜前需要搭配的护肤品或打底步骤。  （分析依据：结合前文弹幕多为护肤品类提问的语境，用户关注点集中在具体产品使用方法和搭配建议，且问题具有明确的实操导向，隐含对防晒霜及相关产品的潜在购买兴趣。）
weixue0806,美容护肤,9号链接价格开了吗?,1,该用户是在询问9号商品链接的价格是否已经公布或开始促销，表现出明确的购买意向和对该商品的关注。
weixue0806,美容护肤,初代00年敷啥面膜,1,该用户想询问适合2000年出生的年轻肌肤使用的面膜推荐。
weixue0806,美容护肤,有适合做完泥膜清洁后修复补水的面膜吗,1,该用户是在询问直播间是否有能够帮助皮肤在清洁后恢复水润状态的修复型面膜产品。
weixue0806,美容护肤,推荐油膜,1,该用户想表达的含义是：希望主播能介绍或推荐一款适合自己使用的油膜产品。
weixue0806,美容护肤,"姐,推荐一个粉底液",1,该用户希望主播根据其需求推荐一款适合的粉底液产品。
weixue0806,美容护肤,卸妆膏有吗,1,该用户是在询问直播间是否有卸妆膏产品可供购买或推荐。
weixue0806,美容护肤,看看耳钉,1,该用户想表达的含义是：对主播展示的耳钉款式感兴趣，希望主播详细介绍一下。
weixue0806,美容护肤,睡衣上车睡衣上车,1,该用户急切希望主播尽快上架或介绍睡衣产品的购买链接。
weixue0806,美容护肤,长期长痘痘适合哪款洗面奶,1,该用户是在咨询针对痘痘肌的洗面奶产品推荐，表现出明确的护肤需求和购买意向。
weixue0806,美容护肤,美白面膜是哪个,1,该用户想询问直播间正在介绍的美白面膜的具体品牌或产品链接。
weixue0806,美容护肤,韩束面膜今天用,0,该用户想询问韩束面膜是否适合当天使用，可能是在寻求产品使用建议或确认购买后的使用时机。
weixue0806,美容护肤,胶原泡灌注面膜有吗,1,该用户是在询问直播间是否有售卖胶原泡灌注面膜这款产品。
weixue0806,美容护肤,姐姐反反复复长痘痘怎么办呀![比心][比心][比心][比心][比心][比心][比心],0,该用户想表达的含义是：询问主播针对反复长痘问题的护肤建议，同时通过高频表情符号表达对主播的喜爱和信任。  （解析：结合前文弹幕中高频出现的护肤问题咨询（如痘痘、干皮、美白等）和产品询问（面膜、洗面奶等），可判断该用户是带着明确护肤需求参与互动的典型消费者；而连续[比心]表情既符合直播间常见互动模式，也暗示用户希望通过情感表达拉近与主播距离，增加被回应的概率。）
weixue0806,美容护肤,眼角两块有淡淡的斑点用什么,1,该用户想咨询针对眼角淡斑问题的护肤产品推荐。
weixue0806,美容护肤,主播有让眼睛变大的方法么想,0,该用户想表达的含义是：询问主播是否有能放大双眼效果的化妆技巧或产品推荐。
weixue0806,美容护肤,发际线总是长痘怎么办姐姐,0,该用户想表达的含义是：咨询针对发际线部位反复长痘问题的护肤产品或解决方法。
weixue0806,美容护肤,眼油好用不,1,该用户想询问主播推荐的护眼精油产品是否效果良好，可能有意向购买。
weixue0806,美容护肤,美白到底用什么[流泪][流泪][流泪][流泪][流泪][流泪][流泪][流泪],1,该用户急切寻求美白产品的推荐，并通过重复流泪表情强调对皮肤问题的焦虑和迫切需求。
weixue0806,美容护肤,下身怎么搭,0,该用户想询问主播推荐的与上身搭配的下装款式或搭配建议。
weixue0806,美容护肤,"皮肤黄,暗沉.用什么面膜",1,该用户想表达的含义是：因肤色暗黄想寻求改善肤色的面膜推荐。  （结合前文弹幕中高频出现的护肤需求，尤其是美白、祛痘、修复等具体问题，可推断用户关注点在于解决肤色问题，且语境中“面膜”是核心诉求，动机明确指向产品推荐。）
weixue0806,美容护肤,"姐姐脸、额头干的掉皮,但是鼻子油怎么办",0,该用户想表达的含义是：咨询针对混合性皮肤（干燥脱皮且T区出油）的护肤产品或解决方案。
weixue0806,美容护肤,祛斑美白,0,该用户想表达的含义是：询问直播间是否有能改善面部色斑并提亮肤色的护肤产品。
weixue0806,美容护肤,你口红是哪个链接,1,该用户想询问主播正在展示的口红产品对应的购买链接，表明对这款商品有明确的购买意向。
weixue0806,美容护肤,有脂肪粒怎么办,0,该用户可能在咨询直播间推荐的产品中是否有针对脂肪粒问题的护肤解决方案。
weixue0806,美容护肤,口红有推荐吗?,1,该用户可能在寻求主播对口红色号或品牌的个性化推荐，暗示对购买口红产品有兴趣。
weixue0806,美容护肤,祛痘祛痘祛痘,0,该用户急切地询问主播是否有针对反复长痘问题的解决方案，表达了对祛痘产品的强烈需求。
weixue0806,美容护肤,胶原蛋白在哪里?胶原蛋白在哪里?胶原蛋白在哪里?胶原蛋白在哪里?胶原蛋白在哪里?胶原蛋白在哪里?,1,该用户急切想了解直播间是否有胶原蛋白相关产品，并通过重复提问强调自己的强烈需求。
weixue0806,美容护肤,Xiang,0,该用户可能想询问某款产品或成分（如“香”字相关的护肤品或香水）的购买链接或使用效果。
weixue0806,美容护肤,胶原蛋白怎么补,0,该用户想表达的含义是：询问直播间是否有补充胶原蛋白的相关产品或方法。
weixue0806,美容护肤,肉肉脸建议什么仪器,0,该用户想询问适合圆润脸型的瘦脸或提拉美容仪推荐。  （释义依据：结合前文弹幕中高频出现的美容护肤、仪器功效类问题，以及“肉肉脸”这一特征描述，可推断用户希望通过仪器改善面部轮廓，属于明确的产品需求类提问。）
weixue0806,美容护肤,天生黑[捂脸],0,该用户想表达的含义是：自己的皮肤天生偏黑，对美白产品或方法有潜在需求。
weixue0806,美容护肤,喜欢你身上的衣服,1,该用户可能是在询问主播所穿衣服的购买链接或品牌信息，暗示对同款服装有购买意向。
weixue0806,美容护肤,1号链接到手多少片面膜[比心],1,该用户是在询问1号链接商品的具体规格（面膜片数），同时透露出明确的购买意向和价格敏感度。
weixue0806,美容护肤,防晒霜痘痘肌肤可以用吗,1,该用户想表达的含义是：询问这款防晒霜是否适合敏感易长痘的肤质使用。
weixue0806,美容护肤,今天没有胶原灌注吗,1,该用户是在询问直播间是否会上架或介绍胶原蛋白灌注类产品，表现出对该产品的关注和潜在购买意向。
weixue0806,美容护肤,身体乳想了解一下,1,该用户对主播推荐的身体乳产品产生了兴趣，希望了解产品的具体功效或使用体验。
weixue0806,美容护肤,怎么改善泪沟,0,该用户可能是在询问针对泪沟问题的护肤产品或美容方法，表现出对改善面部细节问题的具体需求。
weixue0806,美容护肤,防晒霜前用的推荐一个,1,该用户想询问在涂抹防晒霜之前适合使用哪款护肤品作为打底。
weixue0806,美容护肤,讲下18号,1,该用户想询问直播间是否会上架或详细介绍18号商品链接的相关信息。
weixue0806,美容护肤,抬头纹怎么淡化,0,该用户想表达的含义是：询问直播间是否有针对淡化额头皱纹的产品或护理方法。
weixue0806,美容护肤,全身美白怎么做好一些,0,该用户想表达的含义是：咨询如何有效实现全身肌肤的美白护理方案。
weixue0806,美容护肤,"姐姐,那个40分钟的面膜是真的吗",1,该用户对主播提到的40分钟面膜的真实效果产生疑问，希望确认产品宣传的可靠性。
weixue0806,美容护肤,22岁可以用什么功效的面膜,1,该用户想表达的含义是：想了解适合自己年龄段的护肤需求对应的面膜产品推荐。
weixue0806,美容护肤,一直舔嘴唇不怕把唇膏吃进去嘛,0,该用户可能是在调侃主播频繁舔嘴唇的动作，同时隐含对唇膏安全性的担忧或好奇。
weixue0806,美容护肤,讲一下大师面膜吧,1,"该用户对""大师面膜""的具体功效或使用细节产生了兴趣，希望主播能详细介绍这款产品。"
weixue0806,美容护肤,沐浴露和身体乳选什么香味,1,该用户想表达的含义是：希望主播推荐沐浴露和身体乳的香型选择建议。
weixue0806,美容护肤,9号链接开价了吗?,1,该用户是在询问9号商品是否已经开始售卖或开放购买选项。
weixue0806,美容护肤,姐姐防晒还有吗?,1,该用户是在询问主播之前提到的防晒产品是否还有库存可供购买。
weixue0806,美容护肤,雪姐男方家长不同意在一起怎么办,0,该用户可能是在借情感问题调侃或转移话题，实际想询问直播间推荐的情感咨询产品或相关服务。
weixue0806,美容护肤,"平时怎么护肤呀,什么程序呀",0,该用户想询问主播日常护肤的具体步骤和产品推荐。
weixue0806,美容护肤,喜欢你的衣服,1,该用户想表达对主播所穿服装款式的兴趣，并暗示有购买意向。
weixue0806,美容护肤,白月光面膜几盒,1,该用户是在询问主播关于“白月光面膜”的购买规格和价格信息，表现出明确的购买意向。
weixue0806,美容护肤,推荐一下眼油,1,该用户希望主播详细介绍适合自己使用的眼部护理精油产品。
weixue0806,美容护肤,找我找我,0,该用户可能是急切希望主播注意到自己，想要咨询或购买某个产品。
weixue0806,美容护肤,脸上有斑做什么医美呢?,0,该用户想询问针对面部色斑问题适合选择哪种医美项目。
weixue0806,美容护肤,小气泡洗面奶孕期能用吗?,1,该用户是在询问这款洗面奶是否适合孕妇使用，表现出对产品安全性的关切和潜在的购买意向。
weixue0806,美容护肤,"下单了颈纹霜,加急",0,该用户急切地表明自己已经购买了颈纹霜并希望尽快收到货。
weixue0806,美容护肤,美白精华送的吗?,1,该用户是在询问直播中提到的美白精华是否为赠品或促销活动的一部分。
weixue0806,美容护肤,免费试用,0,该用户可能是在询问产品是否有免费试用活动或体验装可以领取。
weixue0806,美容护肤,我想你孩子开心,0,该用户可能是在询问主播推荐的产品是否能让孩子使用并感到满意。
weixue0806,美容护肤,韩束祛斑吗,1,该用户是在询问韩束产品是否具有祛斑功效，表现出对解决皮肤问题的具体需求。
weixue0806,美容护肤,用了林清轩的油还是干起皮?,0,该用户可能是在质疑产品的保湿效果，想询问为什么使用林清轩的护肤油后皮肤仍然干燥起皮。
weixue0806,美容护肤,多少?,0,该用户想询问当前正在介绍的商品价格是多少。
weixue0806,美容护肤,已拍189,0,该用户想表达的含义是：我已经下单购买了189号商品。
weixue0806,美容护肤,"姐姐,可以讲一下口红吗,姐姐,可以讲一下口红吗,姐姐,可以讲一下口红吗",1,该用户迫切希望主播详细介绍口红产品的相关信息，可能对购买有强烈兴趣。
weixue0806,美容护肤,姐姐痘痘肌怎么救[流泪],0,该用户想表达的含义是：咨询针对痘痘肌的护肤产品或解决方案，并表现出迫切需求和个人困扰。
weixue0806,美容护肤,姐姐反反复复长痘痘怎么办呀![比心][比心][比心][比心][比心],0,该用户想表达的含义是：咨询主播针对反复长痘痘问题的解决方法，并表现出对主播的信任和喜爱。
weixue0806,美容护肤,胶原灌注那个呢,1,该用户是在询问直播间是否正在介绍或销售“胶原灌注”相关产品，并希望主播对该产品进行详细说明或展示。
weixue0806,美容护肤,还有回头霜吗?,1,该用户是在询问直播间是否还有之前提到过的“回头霜”这款产品库存，并透露出潜在的购买意向。
weixue0806,美容护肤,我可以帮你代言,0,该用户可能是想通过主动提出为产品代言来暗示对商品的强烈兴趣或寻求合作机会。
weixue0806,美容护肤,韩束次抛可以讲一下吗[玫瑰][玫瑰][玫瑰][玫瑰][玫瑰][玫瑰][玫瑰][玫瑰][玫瑰][玫瑰][玫瑰][玫瑰][玫瑰][玫瑰][玫瑰][玫瑰][玫瑰][玫瑰][玫瑰][玫瑰][玫瑰][玫瑰][玫瑰][玫瑰][玫瑰][玫瑰],1,该用户迫切希望主播详细介绍韩束次抛产品的功效或使用方法，并通过大量玫瑰表情强调自己的强烈兴趣和期待。
weixue0806,美容护肤,几岁能用,1,该用户是在询问产品适用的年龄范围，可能是为孩子或特定年龄段人群选购商品。
weixue0806,美容护肤,我下了好多单,0,该用户想表达的是自己已经积极购买了直播间的多款产品。
weixue0806,美容护肤,这么便宜敢用吗,0,该用户可能对产品的低价存在疑虑，担心质量或安全性问题。
weixue0806,美容护肤,"雪,微针怎么样?",1,该用户想询问主播关于“雪微针”产品的效果或使用体验。
weixue0806,美容护肤,除了用面膜还用去做什么项目吗,0,该用户想表达的含义是：询问除了使用面膜外是否还有其他推荐的美容护理项目。
weixue0806,美容护肤,垮脸怎么办,0,该用户想表达的含义是：咨询如何改善面部皮肤松弛下垂的问题。  （结合前文弹幕中高频出现的护肤问题（如祛斑、痘痘、干皮）和产品询问（如颈纹霜、精华、次抛），可推断用户是在直播间主动寻求针对性的护肤解决方案，且语境聚焦于功能性产品推荐或护理建议。）
weixue0806,美容护肤,皮肤紧绷干燥怎么护肤啊,0,该用户想表达的含义是：咨询针对皮肤干燥紧绷问题的护肤产品推荐或解决方案。
weixue0806,美容护肤,用了林清轩的油还是干起皮,0,该用户想表达的含义是：对林清轩护肤油的使用效果不满意，认为其未能缓解皮肤干燥起皮的问题，可能希望主播推荐更有效的产品或解决方案。
weixue0806,美容护肤,1号连接和21号连接哪个好用,1,该用户是在询问直播间推荐的1号和21号产品哪个效果更好，想通过对比选择更适合自己的商品。
weixue0806,美容护肤,22也可以用吗,1,该用户是在询问产品是否适合22岁的年龄使用。
weixue0806,美容护肤,韩束次抛可以讲一下吗[玫瑰][玫瑰][玫瑰][玫瑰][玫瑰][玫瑰][玫瑰][玫瑰][玫瑰][玫瑰],1,该用户迫切希望主播详细介绍韩束次抛产品的功效或使用方法，并通过大量玫瑰表情强调自己的强烈兴趣和期待。
weixue0806,美容护肤,到手多少片[比心][比心],1,该用户是在询问商品的实际到手数量（片数），并附上表情符号表示友好和期待。
weixue0806,美容护肤,男士可以用吗,1,该用户可能是在询问当前介绍的产品是否适合男性使用，隐含对产品适用性的潜在购买兴趣。
weixue0806,美容护肤,有没有脸垮熬夜的面膜,1,该用户想询问是否有针对因熬夜导致皮肤松弛问题的修复面膜。
weixue0806,美容护肤,韩束有用吗,0,该用户可能在询问韩束产品的实际效果是否值得购买。
weixue0806,美容护肤,去痘印买哪款,1,该用户想表达的含义是：询问直播间推荐哪款产品能有效祛除痘印。  （结合前文弹幕中频繁出现的护肤问题、产品咨询及购买意向，可推断用户是在主动寻求针对痘印的解决方案，且隐含对主播推荐或产品效果的信任，属于明确的购买兴趣表达。）
weixue0806,美容护肤,"新,这个祛斑吗",1,该用户想询问主播新推荐的产品是否具有淡化色斑的功效。
weixue0806,美容护肤,刚关注,0,该用户想表达的是：我是新关注的观众，对直播间的产品感兴趣，想了解更多信息。
weixue0806,美容护肤,定妆喷雾好用吗???,1,该用户想询问定妆喷雾的实际使用效果以评估是否值得购买。
weixue0806,美容护肤,有补水哪个好点,1,该用户想询问直播间推荐的护肤品中哪一款的补水效果更出色。
weixue0806,美容护肤,身体乳哪个好用,1,该用户想表达的含义是：询问直播间推荐哪款身体乳产品效果更好。
weixue0806,美容护肤,真的假的,0,该用户对直播中宣传的产品效果或价格真实性表示怀疑，想确认是否可信。
weixue0806,美容护肤,脸白了其它地方是黑的怎么办[捂脸],0,该用户可能在询问产品是否能改善肤色不均的问题，同时对自己局部暗沉的状况感到困扰和无奈。
weixue0806,美容护肤,我想看防晒,1,该用户可能是在询问直播间是否有防晒产品推荐或演示，表达了对防晒类商品的潜在购买兴趣。
weixue0806,美容护肤,新新新新人,0,该用户可能是刚进入直播间的新观众，想通过简短互动引起主播注意或确认自己的新人身份。
weixue0806,美容护肤,xin新,0,"该用户可能是想询问某款新品产品的功效或使用体验，或是表达对直播中提到的""新""产品的关注和兴趣。"
weixue0806,美容护肤,"新粉,已拍",0,该用户想表达的含义是：作为新关注的观众，我已经下单购买了产品。  （结合前文弹幕中频繁出现的产品咨询和购买意向，以及类似“刚关注”“新新新新人”等新粉互动，可推断“已拍”指完成购买行为，同时强调新粉身份可能隐含对直播间的初步认可或寻求后续关注。）
weixue0806,美容护肤,怎么免单?,0,该用户可能是在询问参与直播间活动的具体规则或优惠方式，想了解如何通过特定操作（如抢购、互动等）获得商品免费赠送的机会。
weixue0806,美容护肤,能去痘印吗?,1,该用户是在询问直播中推荐的产品是否具有淡化痘印的功效。
weixue0806,美容护肤,"新,新,新,新,新,新",0,该用户可能是新进入直播间的观众，通过重复发送“新”字来强调自己的新人身份，试图引起主播注意或寻求新人专属福利引导。
weixue0806,美容护肤,"黑眼圈好重,用啥",1,该用户想表达的含义是：询问主播推荐能改善黑眼圈问题的护肤产品。  （结合前文语境，直播间讨论集中在护肤功效和产品推荐，用户延续了这一需求导向的提问模式，且隐含对“熬夜导致皮肤问题”的关联性关注。）
weixue0806,美容护肤,姐姐祛斑,0,该用户可能是在询问主播推荐的祛斑产品是否适合自己使用，或是想了解该产品的祛斑效果。
weixue0806,美容护肤,劲霜怎么用,1,"该用户想表达的含义是：询问产品""劲霜""的具体使用方法，可能对这款产品产生了购买兴趣。"
weixue0806,美容护肤,用了林清轩的油干起皮,0,该用户想表达的含义是：自己使用林清轩的护肤油后皮肤出现干燥起皮的问题，可能在质疑产品效果或寻求解决方案。
weixue0806,美容护肤,脸没斑勒?,0,该用户想询问直播推荐的产品是否能有效改善面部色斑问题。
weixue0806,美容护肤,敏皮可用嘛,1,该用户想询问这款产品是否适合敏感肌肤使用。
weixue0806,美容护肤,美白面膜用洗掉吗,1,该用户想询问美白面膜使用后是否需要清洗，以确认产品的具体使用步骤。
weixue0806,美容护肤,长痘痘能用吗,1,该用户想询问该产品是否适合痘痘肌使用，担心成分可能刺激或加重皮肤问题。
weixue0806,美容护肤,补水哪个好,1,该用户想表达的含义是：询问直播间推荐的补水产品中哪款效果更佳。
weixue0806,美容护肤,我下了3套[捂脸],0,该用户想表达的含义是：我已经下单购买了3套产品，觉得有点冲动消费的搞笑和无奈。
weixue0806,美容护肤,买啦1号,0,该用户想表达自己已经下单购买了1号产品。
weixue0806,美容护肤,好用不雪,0,该用户是在询问产品的实际使用效果是否如宣传所说那样好。
weixue0806,美容护肤,会不会爆痘,1,该用户是在询问产品使用后是否会导致皮肤长痘痘的问题。
weixue0806,美容护肤,"有没有人做过印第安纹的,有什么好项目推荐",0,该用户是在询问针对印第安纹（面部皱纹类型）的医美项目或护肤产品的推荐，表现出对解决该问题的具体需求和购买意向。
weixue0806,美容护肤,可以讲一下5号链接嘛,1,该用户想表达对5号链接商品的详细信息和功能感兴趣，希望主播进一步介绍。
weixue0806,美容护肤,这个淡斑嘛,1,该用户是在询问这款产品是否具有淡化色斑的功效。
weixue0806,美容护肤,真能祛斑?,1,该用户是在质疑产品祛斑效果的真实性，并希望主播能提供更详细的效果验证或使用案例。
weixue0806,美容护肤,精华什么用,1,该用户想询问这款精华液的具体功效和使用效果。
weixue0806,美容护肤,5号链接买了怎么用呀感觉好干,0,该用户想表达的含义是：对5号链接产品的使用方法和质地感到困惑，担心产品过于干燥影响使用效果。
weixue0806,美容护肤,效果咋样?,1,该用户是在询问产品的实际使用效果如何，可能是对产品的功效或体验存在疑虑或期待。
weixue0806,美容护肤,我是熬夜党,0,该用户可能是在暗示自己因熬夜导致皮肤问题，想询问是否有适合熬夜肌的护肤产品。
weixue0806,美容护肤,祛斑效果如何,1,该用户想询问这款产品对淡化或消除面部色斑的实际功效如何。
weixue0806,美容护肤,讲6啊宝贝,1,该用户想表达的含义是：请详细讲解一下6号产品的功效和使用方法。  （结合前文弹幕多为询问产品效果、用法及购买意向，且编号提问如“5号链接”频繁出现，可推断“6”指代产品编号，“宝贝”可能是对主播或产品的昵称，整体语气偏向急切或调侃式催促。）
weixue0806,美容护肤,5号链接买了怎么用呀,1,该用户想表达的含义是：想知道刚下单的5号链接产品的具体使用方法。
weixue0806,美容护肤,怎么用啊?,1,该用户想询问产品的具体使用方法或操作步骤。
weixue0806,美容护肤,真的会变白吗,0,该用户对产品的美白效果持怀疑态度，想确认宣传功效是否真实可信。
weixue0806,美容护肤,敷完用洗脸嘛,1,该用户是在询问使用产品后是否需要清洗面部。
weixue0806,美容护肤,5号可以讲一下嘛,1,该用户希望主播详细介绍5号产品的相关信息。
weixue0806,美容护肤,"太喜欢雪了,人间清醒",0,"该用户想表达的含义是：主播对产品的推荐非常真诚可靠，让人信服并产生购买冲动。  （结合前文弹幕中频繁询问产品效果、使用方法的购买意向语境，""人间清醒""可能暗指主播的讲解直击痛点，而""太喜欢雪了""可能指代某款以""雪""为宣传点的产品，整体表达对主播和产品的双重认可。）"
weixue0806,美容护肤,去黑头怎么去?,0,该用户想询问直播间推荐的产品是否有去黑头的功效或相关护肤方法。
weixue0806,美容护肤,初中生用啥,1,该用户想询问这款产品是否适合初中生年龄段的消费者使用。
weixue0806,美容护肤,"6个新,够新不,宝",0,该用户是在询问主播关于某款产品（可能是6号链接）的新鲜度或更新情况，以判断是否值得购买。
weixue0806,美容护肤,"雪雪睫毛好长,用的什么产品?",1,该用户是在询问主播使用的睫毛产品品牌或名称，表达了对该产品的兴趣和潜在的购买意向。
weixue0806,美容护肤,这个面膜跟金华怎么用,1,该用户想询问这款面膜的使用方法和步骤。
weixue0806,美容护肤,00后痘脸可以用不,1,该用户是在询问这款产品是否适合00后痘痘肌肤使用。
weixue0806,美容护肤,韩束和肌侣白月光有什么区别呀,1,该用户想表达的含义是：想了解韩束和肌侣白月光两款产品在功效或成分上的具体差异。
weixue0806,美容护肤,"经常在外面晒的,敷什么面膜?",1,该用户可能是在询问适合户外防晒后修复的面膜推荐。
weixue0806,美容护肤,有防晒产品吗,1,该用户可能在询问直播间是否有适合自己需求的防晒产品，并隐含对相关产品功效或使用场景的关注。
weixue0806,美容护肤,角质层薄能用吗,1,该用户是在询问产品是否适合敏感肌肤或角质层较薄的肤质使用。
weixue0806,美容护肤,每天用一片吗,1,该用户想询问产品的使用频率是否建议每日一次。
weixue0806,美容护肤,你还有什么心愿,0,该用户可能是在询问主播还有哪些未介绍的产品或功能可以满足他们的需求。
weixue0806,美容护肤,长痘可以用吗,1,该用户是在询问这款产品是否适合痘痘肌使用。
weixue0806,美容护肤,有没有眼霜,1,该用户想表达的含义是：询问直播间是否有推荐或介绍眼霜产品。
weixue0806,美容护肤,新買了,0,该用户想表达的含义是：我刚下单购买了某个产品。
weixue0806,美容护肤,这面膜今天收到了帖子一片很好用,0,该用户想表达的含义是：之前购买的面膜今天到货了，试用后感觉效果很好。
weixue0806,美容护肤,什么水好用,1,该用户想询问适合自己肤质或需求的护肤水推荐。
weixue0806,美容护肤,姐姐有眼霜吗,1,该用户是在询问主播是否有推荐或销售眼霜产品。
weixue0806,美容护肤,用了这个还可以用油吗,1,该用户可能是在询问使用当前讨论的产品后是否可以继续使用护肤油，担心产品搭配冲突或步骤顺序问题。
weixue0806,美容护肤,买啦怎么用,1,该用户想询问刚购买的产品具体使用方法。
weixue0806,美容护肤,你的口红是11号链接吗?,1,该用户是在确认主播提到的口红对应的商品链接编号，以便进一步了解或购买。
weixue0806,美容护肤,使用顺序,1,该用户想询问产品的使用步骤或先后顺序。
weixue0806,美容护肤,买了姐姐,0,该用户想表达的含义是：我已经下单购买了这款产品。
weixue0806,美容护肤,两个搭配用么,1,该用户是在询问两种产品是否可以同时搭配使用。
weixue0806,美容护肤,美白精华怎么用,1,该用户想询问美白精华的具体使用方法，可能是刚购买或考虑购买该产品，希望了解正确的使用步骤以发挥效果。
weixue0806,美容护肤,"不是只能淡斑吗,你这怎么能去斑啊",1,该用户对产品的淡斑功效存在疑问，质疑其宣传的去斑效果是否与自身认知存在差异。
weixue0806,美容护肤,"新粉新粉,我是第一次来你直播间的新粉[比心][比心][比心][比心][比心][比心][比心][比心][比心][比心][比心]",0,该用户想表达的含义是：作为初次观看直播的新观众，我对主播和产品产生了兴趣并希望获得关注互动。
weixue0806,美容护肤,美白面膜用洗掉吗?,1,该用户想询问美白面膜使用后是否需要清洗，以确认正确的使用步骤。
weixue0806,美容护肤,男生能用吗?,1,该用户是在询问产品是否适合男性使用，隐含对产品适用性的关注和潜在的购买意向。
weixue0806,美容护肤,孕妇可以用呀,1,该用户是在确认产品是否适合孕妇群体使用，隐含对产品安全性的关注和潜在的购买意向。
weixue0806,美容护肤,眼睛保养用哪个产品,1,该用户想询问主播推荐适合眼部护理的具体产品。
weixue0806,美容护肤,脸上红可以用一号吗,1,该用户可能是想询问产品一号是否适合面部泛红的皮肤状况，表达了对该产品的潜在购买兴趣。
weixue0806,美容护肤,189几张面膜啊,1,该用户是在询问189元的价格对应包含多少片面膜，核心动机是确认产品的性价比以评估是否值得购买。
weixue0806,美容护肤,姐姐推荐一下收缩毛孔的,1,该用户希望主播推荐一款能够收缩毛孔的护肤品。
weixue0806,美容护肤,痘印能消除吗,1,该用户可能是在询问直播中推荐的产品是否具有祛痘印的效果，表现出对特定护肤功能的购买兴趣。
weixue0806,美容护肤,这面膜洗掉吗,1,该用户想询问这款面膜是否需要在使用后清洗。
weixue0806,美容护肤,韩束可以吗[捂脸],1,该用户可能是在询问韩束产品的效果或适用性，同时带有犹豫或调侃的语气。
weixue0806,美容护肤,拍了怎么用,1,该用户想询问购买后产品的具体使用方法。
weixue0806,美容护肤,快吃点好吃的啊,0,该用户可能在委婉催促主播展示或试吃食品类商品，暗示对直播中的美食产品感兴趣。
weixue0806,美容护肤,有护眼的吗,1,该用户是在询问直播间是否有针对眼部护理或缓解眼疲劳功效的产品。
weixue0806,美容护肤,20岁应该用什么精华呀,1,该用户可能在寻求适合年轻肌肤的精华产品推荐，表现出对护肤品类有明确的购买意向和年龄适配需求。
weixue0806,美容护肤,讲一下2号,1,该用户想表达的含义是：请主播详细介绍2号产品的功能或使用方法。
weixue0806,美容护肤,身体乳哪个味道好闻,1,该用户想表达的含义是：想了解身体乳的不同香型特点以便选择适合自己的款式。
weixue0806,美容护肤,请问BE油的用量是多少呀!!请问BE油的用量是多少呀!!,1,该用户急切想了解BE油产品的具体使用剂量，表现出明确的购买前咨询意向。
weixue0806,美容护肤,有斑的,0,该用户可能是在询问产品是否能针对皮肤斑点问题，或对直播中提到的淡斑功效存在疑问。
weixue0806,美容护肤,没了!,1,该用户可能是在感叹商品已售罄或优惠活动结束，表达遗憾或急切想购买的情绪。
weixue0806,美容护肤,胶原灌注呢,1,该用户想询问直播间是否正在或即将介绍胶原蛋白灌注相关的产品或护肤步骤。
weixue0806,美容护肤,用了这个可以用油吗,1,该用户可能在询问产品是否适合搭配油类护肤品使用。
weixue0806,美容护肤,哪一款洗面奶好?[捂脸],1,该用户想表达的含义是：想了解直播间推荐的洗面奶中哪款效果更好，同时用表情符号缓和直接询问的尴尬感。
weixue0806,美容护肤,没了???,1,该用户想表达的含义是：商品这么快就卖完了吗？
weixue0806,美容护肤,可以试用吗,1,该用户是在询问直播推荐的产品是否支持先体验后购买的售后服务。
weixue0806,美容护肤,精华呢,1,该用户是在询问直播间是否还有精华产品的库存或相关介绍。
weixue0806,美容护肤,讲一下唇釉,1,该用户希望主播详细介绍当前展示或提到的唇釉产品的特性或使用方法。
weixue0806,美容护肤,大师面膜和美白都买了,0,该用户想表达的含义是：我已经下单购买了主播推荐的大师系列面膜和美白产品。
weixue0806,美容护肤,眼油面膜,1,该用户可能在询问直播间是否有针对眼部护理的面膜产品，或是想了解当前介绍的面膜是否适合用于眼周肌肤。
weixue0806,美容护肤,痘印也可以去嘛,1,该用户可能是询问直播推荐的产品是否能有效淡化痘印。
weixue0806,美容护肤,没了没了没了!!,1,该用户想表达的含义是：商品已经卖完了，感到急切和失望。
weixue0806,美容护肤,七号链接怎么用?,1,该用户想询问七号链接产品的具体使用方法。
weixue0806,美容护肤,黑眼圈太重了有没有,1,该用户可能在询问直播间是否有能改善黑眼圈问题的产品推荐。
weixue0806,美容护肤,雪啊我皮肤没啥大问题要不要去打水光啊,0,该用户可能在询问自己的皮肤状况是否需要通过水光针护理来改善，隐含对产品效果的关注和潜在的购买意向。
weixue0806,美容护肤,怎么吃都不胖吗?羡慕咯,0,该用户可能在表达对产品效果的羡慕和对其是否真的不会导致发胖的疑问。
weixue0806,美容护肤,xij新,0,该用户可能是想询问某款产品的具体信息，但输入时出现了打字错误或简写。
weixue0806,美容护肤,有斑点红敏有用吗?,1,该用户是在询问这款产品对解决红敏肌肤上的斑点是否有效。
weixue0806,美容护肤,防晒送的那些日期新吗?,1,该用户是在询问直播间赠送的防晒产品是否临近保质期，担心收到临期商品。
weixue0806,美容护肤,"还想下一单,没了",1,该用户因商品售罄而感到遗憾，希望再次购买但未能如愿。
weixue0806,美容护肤,怎么没有,1,该用户可能是在询问或抱怨直播间里某款商品已经售罄或未被展示。
weixue0806,美容护肤,2号5号有什么区别?,1,该用户想询问两款产品的具体差异以便做出购买选择。
weixue0806,美容护肤,脸干用那个面膜亲,1,该用户想询问主播“脸部干燥是否适合使用刚才提到的那款面膜”。
weixue0806,美容护肤,"特别喜欢雪,超级清醒",0,该用户想表达的含义是：对“雪”这款产品非常喜爱，并且觉得使用后皮肤状态特别清爽舒适。
weixue0806,美容护肤,黄褐斑也可以吗,1,该用户是在询问产品是否对黄褐斑问题有效。
weixue0806,美容护肤,讲2号,1,该用户希望主播详细介绍或展示2号产品。
weixue0806,美容护肤,仿生面膜洗吗,1,该用户想询问仿生面膜是否具有清洁功能或适合用于洗脸。
weixue0806,美容护肤,洗面奶来一波,1,该用户希望主播推荐或上架洗面奶产品。
weixue0806,美容护肤,一周几次呀,1,该用户可能在询问产品的使用频率，比如面膜建议每周敷几次。
weixue0806,美容护肤,买啦用的方法说一下,1,该用户想表达的含义是：已经购买了产品，希望主播详细讲解使用方法。
weixue0806,美容护肤,189几张面膜呢,1,该用户是在询问189元的价格对应包含多少片面膜。
weixue0806,美容护肤,主播身上衣服有吗,1,该用户可能在询问主播所穿的衣服是否在售或是否有购买链接。
weixue0806,美容护肤,讲讲2号面膜,1,该用户希望主播详细介绍2号面膜的功效或使用方法。
weixue0806,美容护肤,姐.敷完用洗脸不,1,该用户想询问使用面膜后是否需要清洗面部。
weixue0806,美容护肤,s10号,0,该用户想询问关于“10号”产品的具体信息或购买方式。
weixue0806,美容护肤,没有抢到,1,该用户想表达的含义是：商品已被抢购一空，自己未能成功下单。
weixue0806,美容护肤,"没吃晚饭,肯定饿了",0,该用户可能在暗示主播推荐适合充饥或解馋的食品类商品，或者表达自己因饥饿而分心、希望加快直播节奏。
weixue0806,美容护肤,姐姐还有没有防晒呀[捂脸]来晚啦,1,该用户因错过购买防晒产品的机会而感到遗憾，并询问是否还有库存。
weixue0806,美容护肤,讲一下油敷面膜,1,该用户希望主播详细介绍油敷面膜的产品功效、使用方法或适用肤质等相关信息。
weixue0806,美容护肤,孕妇能用么,1,该用户是在询问直播中推荐的产品是否适合孕妇群体使用，表达了对产品安全性的关切和潜在的购买意向。
weixue0806,美容护肤,跟大师面膜一起用有冲突吗,1,该用户想询问当前推荐的产品与大师面膜同时使用时是否存在成分冲突或使用禁忌。
weixue0806,美容护肤,肌吕大师适合什么肤质亲,1,该用户想询问肌吕大师系列产品适合哪种肌肤类型使用。
weixue0806,美容护肤,看看你睡衣,1,该用户想表达的含义是：让主播展示或介绍身上穿的睡衣款式。
weixue0806,美容护肤,每天用?,1,该用户是在询问产品的使用频率，可能是对产品的日常适用性或长期使用效果感兴趣。
weixue0806,美容护肤,脸上红痘痘可以用一号吗,1,该用户想询问主播推荐的一号产品是否适合缓解自己脸上的红色痘痘问题。
weixue0806,美容护肤,雪用过没有,0,该用户想询问主播是否亲自试用过某款产品并了解其使用效果。
weixue0806,美容护肤,每天都贴吗?,1,该用户是在询问产品是否需要每天使用。
weixue0806,美容护肤,20岁应该用什么精华,1,该用户想表达的含义是：询问适合20岁年龄段使用的精华产品推荐。
weixue0806,美容护肤,那个胶原蛋白面膜还有吗,1,该用户是在询问主播胶原蛋白面膜的库存情况，表现出明确的购买意向。
weixue0806,美容护肤,1号和5号哪个好,1,该用户想表达的含义是：想请主播对比推荐1号和5号产品的优劣。
weixue0806,美容护肤,抗皱面霜和精华有吗,1,该用户是在询问直播间是否有抗皱功效的面霜和精华产品可供购买或介绍。
weixue0806,美容护肤,洗面奶讲下呗,1,该用户希望主播详细介绍洗面奶的产品信息或使用体验。
weixue0806,美容护肤,"新粉新粉,我是第一次来你直播间的新粉[比心][比心][比心][比心][比心]并且送我",0,该用户想表达的含义是：作为新观众，希望主播能给予关注或福利以增加互动体验。  （结合前文弹幕多为产品咨询和互动，该用户通过强调“新粉”身份和表情符号，暗示期待主播的主动回应或赠品福利，属于一种社交化的购买兴趣试探。）
weixue0806,美容护肤,痘印也可以去吗,1,该用户是在询问直播推荐的产品是否能有效去除痘印。
weixue0806,美容护肤,那个次抛怎么用哇?,1,该用户想表达的含义是：询问次抛产品的具体使用方法，表现出对产品的兴趣和潜在的购买意向。
weixue0806,美容护肤,买1.2.号,0,该用户想表达的含义是：我想购买1号和2号产品。
weixue0806,美容护肤,"有斑,用有效果吗",1,该用户是在询问产品对斑点肌肤是否有效，隐含购买意向。
weixue0806,美容护肤,红血丝多用什么面膜,1,该用户想询问针对红血丝肌肤问题的面膜产品推荐，表现出明确的护肤需求和对解决方案的兴趣。
weixue0806,美容护肤,痘印能消吗,1,该用户是在询问直播推荐的产品是否能有效淡化痘印，表现出对解决特定皮肤问题的购买兴趣。
weixue0806,美容护肤,买到了,0,该用户想表达的含义是：自己已经成功下单购买了直播间的商品。
weixue0806,美容护肤,有没有去痘印的,1,该用户是在询问直播间推荐的产品是否具有淡化痘印的功效，表现出对解决特定皮肤问题的购买兴趣。
weixue0806,美容护肤,这面膜可以天天用吗,1,该用户想询问这款面膜是否适合每日使用的频率，以评估其长期使用效果和安全性。
weixue0806,美容护肤,"试了很多美白的,没管用,天生黑",0,该用户可能是在表达对美白产品的失望，并暗示自己因天生肤色较深而对现有美白方案缺乏信心，同时也在寻求更有效的解决方案。
weixue0806,美容护肤,淡斑吗姐姐,1,该用户是在询问主播展示的产品是否具有淡化色斑的功效。
weixue0806,美容护肤,精华是贴面膜时用嘛?,1,该用户是在询问精华产品的具体使用方法，即是否需要在敷面膜时配合使用。
weixue0806,美容护肤,七号怎么用?,1,"该用户是在询问产品编号为""七号""的商品的使用方法或操作步骤。"
weixue0806,美容护肤,几片?,1,该用户是在询问产品包装内包含的具体片数或数量。
weixue0806,美容护肤,用洗脸吗?,0,该用户想询问直播中介绍的产品是否需要在使用前先清洁面部。
weixue0806,美容护肤,"用法,怎么用,面膜和精华",1,该用户想询问面膜和精华的使用方法和步骤。
weixue0806,美容护肤,美白面膜和大师面膜怎么搭配,1,该用户想咨询美白面膜和大师面膜的使用组合方式，以优化护肤效果。
weixue0806,美容护肤,我喜欢你宝宝,0,该用户想表达的含义是：对主播或产品表示亲近和喜爱，但并未直接表达明确的购买意向。
weixue0806,美容护肤,2号2号2号,1,该用户想表达的含义是：我要购买2号产品。  （结合前文弹幕中频繁提及产品编号购买意向的语境，如“买1.2.号”，可推断“2号”是重复强调对某款产品的购买需求。）
weixue0806,美容护肤,脸干用哪款面膜,1,该用户希望通过主播推荐适合干性肤质的面膜产品，表现出明确的购买意向和需求咨询。
weixue0806,美容护肤,用了需要洗脸吗,1,该用户是在询问产品使用后是否需要清洁面部这一步骤。
weixue0806,美容护肤,回头霜讲讲吧[爱心],1,该用户希望主播详细介绍“回头霜”这款产品的功效或使用方法。
weixue0806,美容护肤,七号怎么用,1,该用户想询问产品“七号”的具体使用方法。
weixue0806,美容护肤,能再上一下吗?,1,该用户希望主播再次上架之前提到的某款产品。
weixue0806,美容护肤,"新粉新粉,我是第一次来你直播间的新粉[比心][比心][比心][比心][比心][比心][比心]",0,该用户想表达的含义是：作为初次观看的新观众，我对主播和产品很感兴趣，希望通过热情互动建立好感并了解直播内容。
weixue0806,美容护肤,用洗掉吗?,1,该用户是在询问使用产品后是否需要清洗面部。
weixue0806,美容护肤,链接做的是5片189,0,该用户是在询问或确认商品详情页中标注的“5片装售价189元”这一促销信息是否准确。
weixue0806,美容护肤,祛斑吗姐姐,1,该用户是在询问产品是否具有祛斑功效，表现出对美白淡斑功能的关注和潜在购买意向。
weixue0806,美容护肤,胶原呢,1,该用户可能在询问直播间是否推荐或销售含有胶原蛋白成分的产品。
weixue0806,美容护肤,大师面膜讲一下,1,"该用户希望主播详细介绍""大师面膜""的产品功效或使用方法。"
weixue0806,美容护肤,项链截图,1,该用户想让主播展示项链的款式或详情以便进一步了解商品信息。
weixue0806,美容护肤,晒的斑也可以吗,1,该用户是在询问直播推荐的产品是否对晒斑有改善效果。
weixue0806,美容护肤,什么时候敷呢,1,该用户想询问面膜产品的具体使用时间或适用场景。
weixue0806,美容护肤,哪个面膜好用?,1,该用户想询问直播间推荐的面膜产品中哪一款效果更好或更适合自己。
weixue0806,美容护肤,怎么用说下,1,该用户想询问产品的具体使用方法或操作步骤。
weixue0806,美容护肤,"衣服好看,不过也就你穿好看",0,该用户想表达的含义是：虽然衣服款式不错，但可能只适合主播的身材或风格，自己未必能驾驭。
weixue0806,美容护肤,祛斑的有啥好产品么,1,该用户是在询问直播间是否有针对祛斑问题的有效护肤产品推荐。
weixue0806,美容护肤,"上午关注的,晚上买面膜送吗?上午关注的,晚上买面膜送吗?",1,该用户是在确认自己上午关注直播间后，晚上购买面膜是否能享受赠品福利。
weixue0806,美容护肤,这个精华怎么用呀?姐姐,1,该用户想表达的含义是：询问主播关于精华产品的具体使用方法，并带有亲近感的求助语气。
weixue0806,美容护肤,说一下用法,1,该用户想询问主播详细讲解产品的使用步骤或方法。
weixue0806,美容护肤,多长时间有效果,1,该用户想询问产品使用后需要多久才能看到明显的效果。
weixue0806,美容护肤,雪不回华南拜山吗,0,该用户可能在询问主播是否会在华南地区进行线下活动或产品推广。
weixue0806,美容护肤,想要美白淡黄的乳液,1,该用户是在询问是否有能改善肤色暗黄问题的美白乳液产品，并表现出对该类商品的潜在购买意向。
weixue0806,美容护肤,分不分正反面,1,该用户是在询问产品（可能是面膜或衣物）是否有正反面的区分，以便正确使用。
weixue0806,美容护肤,一会儿吃饭还直播吗,0,该用户想询问主播是否会持续直播到用餐时间，以便自己安排观看和购买计划。
weixue0806,美容护肤,眼部周围长脂肪粒怎么办,0,该用户可能在询问直播间是否有针对眼部脂肪粒问题的护肤产品或解决方案。
weixue0806,美容护肤,真的很好用吗,1,该用户是在询问产品的实际效果是否如宣传所说可靠。
weixue0806,美容护肤,雪姐讲讲大师面膜,1,该用户希望主播详细介绍“大师面膜”的产品功效和使用方法。
weixue0806,美容护肤,16岁可以用吗,1,该用户是在询问产品是否适合青少年使用。
weixue0806,美容护肤,身体乳哪个好?,1,该用户想询问直播间推荐的身体乳产品中哪款效果更好或更值得购买。
weixue0806,美容护肤,脸上红有痘痘可以用一号吗,1,该用户是在询问一号产品是否适合解决自己面部泛红和长痘的问题。
weixue0806,美容护肤,可以看一下成分表吗,1,该用户想了解产品的具体成分信息以评估是否适合自己使用。
weixue0806,美容护肤,姐姐还有没有防晒呀?[捂脸]来晚啦,1,该用户是在询问主播是否还有防晒产品库存，并因担心错过购买机会而流露出焦急和遗憾的情绪。
weixue0806,美容护肤,脸垮熬夜有什么推荐,1,该用户想表达的含义是：因熬夜导致皮肤松弛，想询问适合改善这种情况的产品推荐。
weixue0806,美容护肤,你用那个睫毛膏有没有,1,该用户是在询问主播使用的睫毛膏品牌或效果，表现出对产品的兴趣和购买意向。
weixue0806,美容护肤,眼膜又吗,0,该用户是在询问直播间是否有售卖眼膜产品。
weixue0806,美容护肤,刚刚说毛孔粗大怎么办?,0,该用户是在询问针对毛孔粗大问题的护肤产品推荐或解决方案。
weixue0806,美容护肤,面膜金华怎么用,1,该用户想询问面膜的具体使用方法，尤其是针对金华地区的气候或肤质是否有特殊使用建议。
weixue0806,美容护肤,讲下油霜吧,1,"该用户希望主播详细介绍关于""油霜""这款产品的功能或使用方法。"
weixue0806,美容护肤,想要去颈纹的,1,该用户是在询问直播间是否有针对颈部皱纹问题的护肤产品推荐。
weixue0806,美容护肤,上次买的三七七不是这款啊,0,该用户可能是在疑惑当前展示的产品与之前购买的同品牌产品款式不同，想确认是否有版本更新或自己是否买错了型号。
weixue0806,美容护肤,有什么眼霜去黑眼圈和眼纹的,1,该用户是在询问直播间是否有能同时改善黑眼圈和眼部细纹功效的眼霜产品。
weixue0806,美容护肤,哪个好啊,1,该用户可能在询问当前讨论的产品中哪一款更适合自己或效果更好。
weixue0806,美容护肤,美白自由,0,该用户想表达的含义是：希望找到能让自己轻松实现美白效果的产品或方法。
weixue0806,美容护肤,大师面膜适合什么肤质,1,该用户想询问这款面膜对不同肤质的适用性，以判断是否适合自己使用。
weixue0806,美容护肤,黄褐斑班也可以吗,1,该用户是在询问产品是否适用于改善黄褐斑问题。
weixue0806,美容护肤,祛斑推荐什么,1,该用户想询问主播针对祛斑问题有什么值得推荐的产品或解决方案。
weixue0806,美容护肤,1号买啦是需要每天敷吗?,1,该用户是在确认1号产品的使用频率，担心是否需要每日使用才能达到预期效果。
weixue0806,美容护肤,@延***我,0,该用户可能是想询问主播或某位观众关于某个产品的使用体验或推荐，类似于“请问这个适合我吗？”或“能给我一些建议吗？”。
weixue0806,美容护肤,"拍了,真的好用吗",1,该用户已经下单但对该产品的实际效果仍存疑虑，想寻求主播或其他买家的使用反馈来确认购买决策的正确性。
weixue0806,美容护肤,能天天敷吗?,1,该用户是在询问产品使用的频率限制或安全性，担心过度使用可能对皮肤造成负担。
weixue0806,美容护肤,有红血丝的可以用吗,1,该用户是在询问产品是否适合红血丝肤质使用。
weixue0806,美容护肤,敷完面膜再用精华吗,1,该用户想确认面膜和精华液的使用顺序是否正确。
weixue0806,美容护肤,"有眼纹、泪沟,买眼膜吗?",1,该用户是在询问针对眼纹和泪沟问题，是否有合适的眼膜产品推荐。
weixue0806,美容护肤,为什么下单是说5片尼,1,该用户想询问的是“下单时显示的商品数量为什么是5片”。
weixue0806,美容护肤,5号和2号什么区别?,1,该用户想询问直播中提到的5号和2号产品在功能或特性上的具体差异。
weixue0806,美容护肤,面膜前还是面膜后呀,1,该用户是在询问使用面膜的正确步骤或顺序，比如是否应该在护肤流程的某个特定阶段敷面膜。
weixue0806,美容护肤,大师面膜和这个怎么用呢早晚吗[赞],1,该用户是在询问大师面膜的使用方法，特别是想了解是否需要早晚各使用一次，同时表达了对产品的兴趣和认可。
weixue0806,美容护肤,面膜可以天天敷嘛,1,该用户是在询问面膜的日常使用频率是否安全或适宜。
weixue0806,美容护肤,用3号防晒还用涂隔离吗,1,该用户想询问3号防晒产品是否具有隔离功能，是否需要额外使用隔离霜。
weixue0806,美容护肤,偏爱香有不?,1,该用户可能是想询问直播中提到的某款产品是否有香味较浓的版本或选项。
weixue0806,美容护肤,精华和面膜使用顺序是什么,1,该用户想询问护肤品的使用步骤，具体想知道精华和面膜的先后顺序以正确使用产品。
weixue0806,美容护肤,"有痘印,红敏能用吗",1,该用户是在询问产品是否适合痘印和敏感泛红的肌肤使用。
weixue0806,美容护肤,"雪,你带的貔貅克重多少,重不重?我也想买一个",1,该用户想表达的含义是：询问主播所佩戴的貔貅饰品的重量信息，并明确表示自己也有购买意向。
weixue0806,美容护肤,1号和5号那个好,1,该用户是在询问1号和5号产品之间的具体差异，以便做出购买决策。
weixue0806,美容护肤,想31片多少钱,1,该用户想询问当前展示的31片装产品的具体价格。
weixue0806,美容护肤,拍到啦,0,该用户想表达的含义是：成功下单购买了直播中推荐的产品。
weixue0806,美容护肤,"二十岁要用吗,会不会太早了",1,该用户是在询问当前推荐的产品是否适合二十岁的年龄段使用，担心自己这个年纪用可能过早。
weixue0806,美容护肤,脸上没有肉凹陷打什么呀,0,该用户可能在询问针对面部凹陷问题应该选择哪款产品或填充项目。
weixue0806,美容护肤,"姐姐,能淡痘印不",1,该用户是在询问产品对淡化痘印的效果是否有效。
weixue0806,美容护肤,1跟5哪个更好,1,该用户想询问直播间推荐的产品1号和5号中哪一款更适合自己的需求。
weixue0806,美容护肤,已拍说下怎么用?,1,该用户想表达的含义是：我已经下单购买了产品，现在想了解具体的使用方法。
weixue0806,美容护肤,眼部有皱纹怎么办????,0,该用户想表达的含义是：询问如何解决眼部皱纹问题并可能对相关产品感兴趣。
weixue0806,美容护肤,靠面膜美白的瞎扯[捂脸],0,该用户是在质疑面膜美白效果的可靠性，认为靠面膜实现美白是不切实际的宣传。
weixue0806,美容护肤,宝宝我还喜欢你,0,该用户想表达的含义是：对主播推荐的产品产生了兴趣并希望进一步了解购买细节。
weixue0806,美容护肤,为什么只显示5片?,1,该用户可能是在询问商品规格为何只有5片装可选，暗示希望有更多数量的包装选择或对现有选项感到不满。
weixue0806,美容护肤,韩束白蔓药淡斑吗?,1,该用户是在询问韩束白蔓药这款产品是否具有淡化斑点的功效。
weixue0806,美容护肤,真有用吗,1,该用户可能是在质疑主播推荐产品的实际效果，想确认产品是否真的有效。
weixue0806,美容护肤,己拍加急,0,该用户想表达的含义是：我已经下单购买了商品并选择了加急配送服务。
weixue0806,美容护肤,"拍了,怎么用呢",1,该用户想表达的含义是：已经下单购买了产品，但需要了解具体的使用方法。
weixue0806,美容护肤,祛斑色沉反黑用什么祛斑色沉反黑用什么,1,该用户想表达的含义是：咨询针对祛斑后色素沉着和反黑问题应该使用哪款产品。
weixue0806,美容护肤,面膜跟精华同时用吗,1,该用户想询问面膜和精华液是否可以搭配使用以及正确的使用顺序。
weixue0806,美容护肤,祛斑有效果吗?,1,该用户是在询问产品对祛斑的实际功效是否可靠，表现出对产品效果的关注和潜在的购买意向。
weixue0806,美容护肤,脸上凹陷做什么项目,0,该用户想询问针对面部凹陷问题应该选择哪种医美或护肤项目来改善。
weixue0806,美容护肤,1号跟5号什么区别,1,该用户想了解1号和5号产品在功能或效果上的具体差异。
weixue0806,美容护肤,1号和5号什么区别?,1,该用户想询问1号和5号产品的具体差异以便做出购买决策。
weixue0806,美容护肤,补水效果怎么样,1,该用户是在询问产品的保湿功效是否显著，隐含对产品效果的关注和潜在的购买意向。
weixue0806,美容护肤,祛斑效果好吗?,1,该用户是在询问产品对淡化色斑的实际功效是否显著。
weixue0806,美容护肤,买了买了,0,该用户想表达自己已经下单购买了商品。
weixue0806,美容护肤,撕拉面膜有吗,1,该用户是在询问直播间是否有撕拉式面膜产品出售。
weixue0806,美容护肤,"美白和大师都入手了,怎么交替使用",1,该用户想表达的含义是：已经购买了美白和大师两款产品，想咨询如何搭配使用才能达到最佳效果。
weixue0806,美容护肤,怎么搭配使用精华,1,该用户想询问产品使用步骤，希望了解精华液与其他护肤品的搭配顺序和方法。
weixue0806,美容护肤,真的有效果吗,1,该用户是在质疑产品的实际功效，想确认使用后的真实效果是否如宣传所说。
weixue0806,美容护肤,"雪宝,10号还有吗?",1,该用户是在询问主播商品“雪宝”的库存情况，担心10号款式是否会补货或售罄，表现出明确的购买意向和紧迫感。
weixue0806,美容护肤,你喜欢哪个学校?,0,该用户可能是在询问主播推荐的产品适用于哪种肤质或年龄段（将“学校”隐喻为产品类型或适用群体）。
weixue0806,美容护肤,真的可以祛斑嘛[害羞],1,该用户是在询问产品的祛斑效果是否真实可靠，同时流露出对产品功效的期待和些许不确定的试探心理。
weixue0806,美容护肤,"买好了,怎么用",0,该用户想确认已购买产品的具体使用方法。
weixue0806,美容护肤,"打美白就能美白,靠面膜就是瞎扯",0,该用户是在质疑面膜的美白功效，认为只有通过专业的美白手段才能有效改善肤色。
weixue0806,美容护肤,已拍已拍期待期待,0,该用户想表达的含义是：我已经下单购买了产品，并且对使用效果充满期待。
weixue0806,美容护肤,"我意思是,面膜这种产品,可以天天敷嘛",1,该用户是在询问面膜的日常使用频率是否合适，表现出对产品使用方法的关注和潜在的购买顾虑。
weixue0806,美容护肤,貔貅搭配衣服好看,1,该用户想表达的含义是：询问貔貅饰品与服装的搭配效果是否协调美观。
weixue0806,美容护肤,链接怎么是五片?,1,该用户可能是在询问商品详情页或直播中展示的链接里为什么显示的是五片装，而非其他规格或数量。
weixue0806,美容护肤,美白面膜跟精华怎么用呢,1,该用户想表达的含义是：询问美白面膜和精华液的使用方法及搭配建议。
weixue0806,美容护肤,这个面膜多大可以用,1,该用户想询问这款面膜适合的适用年龄范围或适用人群。
weixue0806,美容护肤,怎么用怎么用,1,该用户想询问产品的具体使用方法或操作步骤。
weixue0806,美容护肤,五片是吗,1,该用户可能在确认产品规格是否为五片装，表现出对购买细节的关注和潜在购买意向。
weixue0806,美容护肤,身上的衣服,1,该用户可能在询问主播身上穿的衣服是否在售或相关搭配信息。
weixue0806,美容护肤,精华液直接涂脸上用吗,1,该用户是在询问精华液的使用方法，想确认是否需要稀释或搭配其他步骤直接涂抹于脸部。
weixue0806,美容护肤,姐变样了啊,0,该用户可能是在调侃主播的外貌或造型发生了变化，带着轻松互动的语气参与直播间的氛围。
weixue0806,美容护肤,有多少片,1,该用户是在询问商品的具体数量或包装规格。
weixue0806,美容护肤,讲下23号,1,该用户想询问23号商品的具体介绍或库存情况。
weixue0806,美容护肤,水光面霜拍哪款,1,该用户想询问主播推荐哪一款水光面霜产品适合购买。
weixue0806,美容护肤,"一号链接,是不是赠品直接送",1,该用户想确认一号链接的商品是否包含无需额外操作的直接赠品。
weixue0806,美容护肤,不回广西?,0,该用户可能在询问主播是否会在直播中回应或涉及与广西相关的话题或产品。
weixue0806,美容护肤,有没有祛痘的啊,1,该用户是在询问直播间是否有针对祛痘功效的产品推荐或介绍。
weixue0806,美容护肤,这款怎么用,1,该用户想询问产品的具体使用方法或操作步骤。
weixue0806,美容护肤,美白面膜和大师面膜怎么搭配使用?,1,该用户想询问美白面膜和大师面膜的使用方法和搭配技巧，以优化护肤效果。
weixue0806,美容护肤,哪个国家的学校,0,该用户可能是在询问直播中提到的某款产品（如面膜或面霜）的原产地或生产国家。
weixue0806,美容护肤,美白面膜可以大师面膜混合用吗,1,该用户想询问美白面膜和大师面膜是否可以同时搭配使用以达到更好的护肤效果。
weixue0806,美容护肤,要搭什么水乳,1,该用户想询问当前直播推荐的水乳产品应该如何搭配使用。
weixue0806,美容护肤,一盒几片,1,该用户是在询问面膜产品的包装规格，具体想了解一盒中包含多少片面膜。
weixue0806,美容护肤,用多久有效果,1,该用户想询问产品的见效周期，即使用该产品后需要多长时间才能看到明显效果。
weixue0806,美容护肤,8号是什么,1,该用户想询问直播中提到的“8号”商品的具体信息或用途。
weixue0806,美容护肤,几片啊,1,该用户是在询问产品包装内包含的具体片数。
weixue0806,美容护肤,拍了我想问那个全网推说你用的水光面霜你直播间怎么没有,1,该用户想表达的含义是：我已经下单了，但想询问直播间为什么没有推荐的那款水光面霜。
weixue0806,美容护肤,年龄有要求么,1,该用户可能是在询问直播中所推荐的产品是否有适用年龄限制。
weixue0806,美容护肤,这个和5好有什么差别,1,该用户想询问当前展示的产品与之前提到的“5号”产品在功能或特性上的具体区别。
weixue0806,美容护肤,有颈纹霜吗?????,1,该用户是在询问直播间是否有售卖针对颈部皱纹的护肤产品。
weixue0806,美容护肤,这是哪里产的?,1,该用户想询问产品的原产地信息以评估其品质或来源可靠性。
weixue0806,美容护肤,可以和大师面膜同时敷吗,1,该用户想询问当前介绍的产品是否可以与之前提到的大师面膜一起使用。
weixue0806,美容护肤,能天天敷吗?天天敷会不会长痘?,1,该用户是在询问产品使用的频率限制，担心过度使用可能导致皮肤问题。
weixue0806,美容护肤,真能祛斑吗?,1,该用户对产品的祛斑效果存在疑虑，希望通过询问验证其实际功效以决定是否购买。
weixue0806,美容护肤,有敷脖子的吗?,1,该用户是在询问直播间是否有针对颈部护理的面膜或产品。
weixue0806,美容护肤,我脸特别黄,0,该用户可能是在询问适合改善暗黄肤色的产品推荐。
weixue0806,美容护肤,不管用怎么办,0,该用户担心产品效果不佳，想询问如果使用后没有效果该如何处理。
weixue0806,美容护肤,"雪,26岁推荐什么y美",0,该用户想表达的含义是：询问适合26岁肤质的医美产品推荐。
weixue0806,美容护肤,这面膜跟金华怎么用,1,该用户想询问这款面膜与“金华”产品的搭配使用方法。
weixue0806,美容护肤,祛黑头,0,该用户可能是在询问产品是否具有去除黑头的功效，或希望主播推荐相关产品。
weixue0806,美容护肤,多少盒,1,该用户想询问产品具体的包装规格或购买数量选项。
weixue0806,美容护肤,为什么只显示5片呀,1,该用户对产品规格的显示数量感到疑惑，想确认是否只有5片装可选或是否有其他规格。
weixue0806,美容护肤,怎么总卖这几样东西,0,该用户可能对直播间的商品种类单一感到不满，希望看到更多样化的产品选择。
weixue0806,美容护肤,189元总共多少片?,1,该用户是在询问商品的具体规格，想知道189元的价格对应多少片产品，以评估性价比是否合适。
weixue0806,美容护肤,35岁能用吗,1,该用户是在询问产品是否适合35岁人群使用，关注年龄适配性。
weixue0806,美容护肤,怎样用,1,该用户想询问产品的具体使用方法或步骤。
weixue0806,美容护肤,祛斑产品有吗,1,该用户想表达的含义是：询问直播间是否售卖能够改善面部色斑问题的护肤产品。
weixue0806,美容护肤,怎么显示只有五片?,1,该用户可能是在询问商品详情页或直播画面中显示的产品数量为何只有五片，对规格信息感到疑惑或认为数量偏少。
weixue0806,美容护肤,"有几个像你这样逆袭成功的,你是成功了拥有人脉了,夸你你还不乐意",0,该用户是在嘲讽主播的成功经历难以复制，暗示其现在功成名就后却对粉丝的赞美表现得不耐烦。
weixue0806,美容护肤,61片吗,1,该用户是在询问商品的具体数量是否为61片。
weixue0806,美容护肤,姐姐还有没有防晒呀来晚啦,1,该用户想表达的含义是：询问主播是否还有防晒产品库存，并表达因迟到担心错过购买的焦虑。
weixue0806,美容护肤,"新粉哦.试看看,反正天生黑黄[捂脸]",0,该用户想表达的含义是：作为新观众想尝试产品，但对自己肤色暗沉的效果持观望态度。
weixue0806,美容护肤,"超级喜欢听你说话,好好听",0,该用户是在表达对主播个人魅力的欣赏，而非直接体现购买意向。
weixue0806,美容护肤,美白的真的有用吗,1,该用户是在询问美白产品的实际效果是否可靠，隐含对产品功效的期待与疑虑。
weixue0806,美容护肤,讲讲2号,1,该用户想表达的含义是：请详细介绍2号产品的功能和适用情况。
weixue0806,美容护肤,长痘能用吗,1,该用户可能是在询问产品是否适合痘痘肌使用，担心成分会刺激或加重皮肤问题。
weixue0806,美容护肤,已拍什么用,0,该用户想确认自己刚刚下单的产品具体有什么功效或用途。
weixue0806,美容护肤,打美白才能美白,0,"该用户想表达的含义是：只有使用美白产品才能真正达到美白效果。 （结合前文语境分析：用户关注点聚焦在美白功效上，前文有直接询问""美白的真的有用吗""的弹幕，且直播间正在讨论护肤品使用效果。该弹幕采用""打X才能X""的网络句式，强调对产品功能的必要性认知，可能是回应主播关于美白原理的讲解，或是反驳其他观众对自然美白方式的讨论。）"
weixue0806,美容护肤,家里用完在来,0,该用户想表达的含义是：等家里的存货用完了再来购买。
weixue0806,美容护肤,身体乳有优惠吗,1,该用户是在询问身体乳是否有促销活动，表现出对产品的购买意向和价格敏感。
weixue0806,美容护肤,香水和身体乳可以推荐一下不,1,该用户想表达的含义是：希望主播能针对香水和身体乳这两类产品进行具体推荐，可能是对这两样商品有购买意向或想了解更多信息。
weixue0806,美容护肤,拍几啊?,1,该用户是想询问当前展示的商品需要拍下多少数量或规格才能购买。
weixue0806,美容护肤,怎么用[比心][比心][比心],0,该用户可能是在询问产品（如护肤品或化妆品）的具体使用方法，并附上表情符号表达友好或期待的情绪。
weixue0806,美容护肤,十号链接,1,该用户想询问十号链接商品的具体信息或购买方式。
weixue0806,美容护肤,胶原蛋白肽,1,该用户可能在询问直播间是否有胶原蛋白肽产品或其相关功效信息。
weixue0806,美容护肤,睡衣睡衣睡衣[捂脸],1,该用户可能是看到直播中展示的睡衣产品后感到心动，用重复关键词和捂脸表情来表达既兴奋又有点不好意思的购买冲动。
weixue0806,美容护肤,多久有效果,1,该用户想询问产品的见效时间，表现出对产品效果的关注和潜在购买意向。
weixue0806,美容护肤,精华咋用,1,该用户想询问精华产品的具体使用方法。
weixue0806,美容护肤,用法用法用法,1,该用户想询问产品的具体使用方法或步骤。
weixue0806,美容护肤,"拍了,精华怎么用",1,该用户已经下单购买了精华产品，现在想询问具体的使用方法。
weixue0806,美容护肤,先用精华.再用面膜吗,1,该用户是在询问护肤步骤的正确顺序，想确认是否应该先使用精华再敷面膜。
weixue0806,美容护肤,次抛精华和精华油先用哪个,1,该用户想表达的含义是：询问使用两款护肤产品的先后顺序以确定正确的护肤步骤。
weixue0806,美容护肤,项链是谁家的,1,该用户想询问当前展示的项链是哪个品牌或商家的产品。
weixue0806,美容护肤,"这款,有斑可以用吗",1,该用户是在询问产品是否适用于有斑点的肤质，表达了对该产品的潜在购买兴趣和适用性关注。
weixue0806,美容护肤,水光面霜拍哪个??,1,该用户是在询问应该选择哪款水光面霜产品进行购买。
weixue0806,美容护肤,补水哪个好用,1,"该用户想询问直播间推荐的补水产品中哪款效果更出色。  （释义逻辑：结合前文弹幕中高频出现的护肤品类讨论（如精华、面霜、用法等）和具体功效提问（美白、祛斑），可推断用户处于护肤产品选购场景，且关注点偏向产品实际效果而非价格或优惠。""补水哪个好用""的简洁提问方式也符合直播间快节奏互动特征，核心诉求是快速获得主播的针对性推荐。）"
weixue0806,美容护肤,白天用还是晚上用?,1,该用户是在询问产品的使用时间段是否区分早晚，以了解具体的使用方法。
weixue0806,美容护肤,喝什么,0,该用户可能在询问直播间推荐的饮品或护肤品中适合饮用的产品类型。
weixue0806,美容护肤,又补水的吗,1,该用户是在询问直播间是否有补水功效的产品推荐或介绍。
weixue0806,美容护肤,防晒还有吗,1,该用户想询问直播间是否还有防晒产品在售或库存是否充足。
weixue0806,美容护肤,1和5可以同时用吗,1,该用户是在询问直播中提到的两款产品（可能是护肤品或化妆品）是否可以搭配使用。
weixue0806,美容护肤,35岁还能用1号了吗,1,该用户可能在询问产品适用年龄，担心自己35岁是否适合使用1号链接的商品（可能是护肤品或保健品）。
weixue0806,美容护肤,可以和大师面膜一起敷吗,1,该用户是在询问当前推荐的产品是否可以与“大师面膜”这款产品搭配使用。
weixue0806,美容护肤,美白和大师怎么搭配,0,该用户想询问美白产品与“大师”系列产品如何配合使用以达到更好的效果。
weixue0806,美容护肤,"1和2怎么使用,顺序",1,该用户想询问产品编号1和2的使用顺序及方法。
weixue0806,美容护肤,这是外套吗好好看,1,该用户被直播中展示的外套款式吸引，产生了明显的购买意向。
weixue0806,美容护肤,你自己用吗,0,该用户想询问主播是否亲自使用过所推荐的产品，以此评估产品的真实效果和可信度。
weixue0806,美容护肤,5片?,1,该用户可能在询问商品是否为5片装或套餐中包含5片产品。
weixue0806,美容护肤,油霜讲下哈[捂脸]66666号,1,该用户想表达的含义是：希望主播详细讲解一下油霜产品的信息。
weixue0806,美容护肤,5是啥,1,该用户是在询问直播间正在介绍的第5号产品是什么或有什么功能。
weixue0806,美容护肤,己拍说下怎么用?,1,该用户想表达的含义是：我已经下单购买了产品，想咨询具体的使用方法。
weixue0806,美容护肤,6盒?拍一,1,该用户想表达的含义是：询问是否可以通过下单购买6盒产品。
weixue0806,美容护肤,卡粉用什么?,1,该用户可能在询问适合解决卡粉问题的化妆品或护肤品。
weixue0806,美容护肤,安全吗?好像很多不太有名的牌子,0,该用户是在担心产品的安全性和品牌知名度，暗示对购买存在顾虑。
weixue0806,美容护肤,"姐姐,可以看下貔貅吗",0,该用户想表达的含义是：希望主播展示或介绍貔貅相关的商品信息。
weixue0806,美容护肤,面膜几片?,1,该用户是在询问面膜产品的包装规格或售卖数量。
weixue0806,美容护肤,祛斑精华有推荐的吗,1,该用户想表达的含义是：对直播间推荐的祛斑护肤产品感兴趣，希望主播能给出具体建议。
weixue0806,美容护肤,40岁买那个好,1,该用户是在询问适合40岁年龄段使用的产品推荐。
weixue0806,美容护肤,有水乳霜吗?,1,该用户是在询问直播间是否有售卖水乳霜套装或相关护肤品。
weixue0806,美容护肤,"买眼部精油,送的两包小样是哪个正装?",1,该用户想确认购买眼部精油赠送的小样对应的是哪款正装产品。
weixue0806,美容护肤,面膜用完再用精华吗,1,该用户是在询问面膜和精华液的使用顺序，想了解护肤步骤是否正确。
weixue0806,美容护肤,身体乳身体乳身体乳身体乳身体乳,1,该用户可能是想急切询问或确认关于身体乳的产品信息，表达对这款商品的强烈关注和购买意向。
weixue0806,美容护肤,宝微针精华,1,该用户可能是在询问关于“宝微针精华”产品的具体信息或使用方式。
weixue0806,美容护肤,怎么用[比心][比心],1,该用户想询问产品的具体使用方法，并附上表情符号表示对产品的兴趣和好感。
weixue0806,美容护肤,有没有隔离推荐,1,该用户可能在询问直播间是否有适合自己使用的隔离产品推荐，表现出对美妆产品的具体需求和购买意向。
weixue0806,美容护肤,怎么配合用呀,0,该用户想询问产品的具体使用步骤或搭配方法。
weixue0806,美容护肤,脸垮用什么,1,该用户想询问针对面部皮肤松弛问题应该使用哪款产品。
weixue0806,美容护肤,直播间到手61片?,1,该用户是在询问直播间展示的商品是否以61片为最终购买数量，隐含对产品规格和优惠力度的关注。
weixue0806,美容护肤,是敷完面膜再用精华吗,1,该用户是在询问护肤品的使用顺序，想确认面膜和精华的先后步骤。
weixue0806,美容护肤,189一共多少面膜,1,该用户是在询问当前提到的189元套餐里包含多少片面膜。
weixue0806,美容护肤,精华怎么使用,1,该用户想询问精华产品的具体使用步骤或方法，可能是对产品功效或与其他护肤品的搭配顺序存在疑问。
weixue0806,美容护肤,能用吗,1,该用户想询问产品是否有效或适合自己使用。
weixue0806,美容护肤,内服的有什么,1,该用户想询问直播间是否有适合内服的美容或保健产品。
weixue0806,美容护肤,这是衬衣还是外套啊,1,该用户可能是在询问当前展示的服装款式类别，想确认产品属性以便进一步了解是否符合自己的购买需求。
weixue0806,美容护肤,这个面膜怎么用?,1,该用户想询问面膜的具体使用方法和步骤，可能是对产品功效或操作流程存在疑惑。
weixue0806,美容护肤,刚买了大师,0,该用户想表达的含义是：自己刚刚下单购买了主播推荐的大师系列产品。
weixue0806,美容护肤,KK真的很不错,0,该用户想表达的含义是：对主播推荐的产品表示认可和赞赏。
weixue0806,美容护肤,却痘吗,1,该用户想询问直播推荐的产品是否有祛痘功效。
weixue0806,美容护肤,补水补水面膜,1,该用户可能是在询问或强调关于补水功效的面膜产品，表达了对这类产品的关注或购买意向。
weixue0806,美容护肤,眼膜～,1,该用户是在询问或表达对直播间提到的眼膜产品的兴趣，可能是想了解产品详情或示意主播介绍相关内容。
weixue0806,美容护肤,颈纹拍几号,1,该用户想询问主播推荐哪款产品可以有效改善颈纹问题。
weixue0806,美容护肤,为啥下单了说是5片,1,该用户对商品数量与宣传不符感到疑惑，质疑实际收到的面膜片数与下单时承诺的不一致。
weixue0806,美容护肤,咋是5片啊,0,该用户对产品实际收到的数量与宣传不符感到疑惑和不满。
weixue0806,美容护肤,洗面奶好用的推荐给小白?可以吗,1,该用户是在询问是否有适合新手使用的洗面奶推荐，表现出对产品功效和适用性的关注。
weixue0806,美容护肤,以前那款有效果吗,1,该用户是在询问之前推荐过的某款产品是否具有实际效果。
weixue0806,美容护肤,水光保湿面霜讲一下,1,该用户希望主播详细介绍水光保湿面霜的产品功效和使用方法。
weixue0806,美容护肤,姐姐自媒体怎么起号啊,0,该用户可能是想询问主播关于如何运营自媒体账号的入门建议，而非直接表达对当前直播产品的购买兴趣。
weixue0806,美容护肤,"蜜桃搜到玖野原创,我也是买了[比心]",0,该用户想表达的含义是：自己在其他平台搜索并购买了主播推荐的玖野原创产品，表示对商品的认可和支持。
weixue0806,美容护肤,香水推荐一下,1,该用户希望主播能针对香水库存或品类推荐一款适合的产品。
weixue0806,美容护肤,2和5哪个好[比心][比心][比心][比心][比心][比心][比心][比心][比心][比心][比心][比心][比心][比心][比心],1,该用户是在询问产品编号2和5的对比推荐，并附以大量[比心]表情表达对直播间的喜爱和信任。
weixue0806,美容护肤,为什么拍下来只显示5片,1,该用户对商品页面的数量显示与实际预期不符感到困惑，怀疑系统可能出现了错误或存在误导性信息。
weixue0806,美容护肤,正在用你卖给我的面膜,0,该用户想表达的含义是：我之前购买过你们推荐的面膜，现在正在使用中。
weixue0806,美容护肤,可以和大师面膜混合用吗,1,该用户想询问当前介绍的产品是否能与他们已购买的“大师面膜”搭配使用。
weixue0806,美容护肤,喝的啥[看],0,该用户可能是对主播正在展示的饮品产生兴趣，想询问产品具体信息以便考虑购买。
weixue0806,美容护肤,怎么搭配用?,0,该用户想询问当前推荐的产品是否可以与其他产品（如“大师面膜”）配合使用以达到更好的效果。
weixue0806,美容护肤,10号链接还上吗,1,该用户是在询问10号链接的商品是否会再次补货或重新上架。
weixue0806,美容护肤,怀孕可以用吗?,1,该用户是在询问直播中推荐的产品是否适合孕妇使用，表现出对产品安全性的关注和潜在的购买意向。
weixue0806,美容护肤,[比心][比心][比心]项链好看[比心][比心][比心][比心][比心],1,该用户通过高频使用表情符号和直接赞美产品外观，强烈表达了对项链的喜爱和明确的购买意向。
weixue0806,美容护肤,补水用哪个,1,该用户是在询问直播间推荐的哪款产品适合用于皮肤保湿护理。
weixue0806,美容护肤,6号等好久了,1,该用户想表达的含义是：期待主播尽快讲解或上架6号产品。
weixue0806,美容护肤,"拍下了,收到一共多少片",1,该用户想确认自己刚下单的商品实际包含的数量是否与宣传一致。
weixue0806,美容护肤,精华和面膜怎么样,1,该用户想询问直播间推荐的精华和面膜产品的具体使用效果及品质如何。
weixue0806,美容护肤,霜跟水推荐一下,1,该用户想询问主播推荐哪款面霜和化妆水更适合自己使用。
weixue0806,美容护肤,那洗面奶怎么用,1,该用户可能是在询问洗面奶的具体使用方法，以评估产品是否适合自己或考虑是否购买。
weixue0806,美容护肤,一盒多少片,1,该用户想询问产品包装规格中的单片数量，以评估性价比或使用时长。
weixue0806,美容护肤,防晒说说,1,该用户可能是想询问或了解直播间正在介绍的防晒产品的相关信息。
weixue0806,美容护肤,[比心][比心][比心]怎么用[比心][比心][比心],1,该用户想询问产品的具体使用方法，并附上表情符号表达对主播或产品的喜爱和支持。
weixue0806,美容护肤,一号多少片面膜,1,该用户是在询问一号链接售卖的面膜一盒包含的具体片数，意图确认产品规格以便评估是否购买。
weixue0806,美容护肤,"是的,只有五片",0,该用户是在确认或质疑产品规格，认为当前展示的商品数量（五片）与预期或宣传存在差异。
weixue0806,美容护肤,脸很瘦用哪个,1,该用户是在咨询适合脸部瘦削人群使用的产品推荐。
weixue0806,美容护肤,2号好用吗,1,该用户想询问2号产品的使用效果或体验评价。
weixue0806,美容护肤,"面膜贴我知道,精华怎么用",1,该用户想表达的含义是：询问面膜配套精华液的使用方法或步骤。
weixue0806,美容护肤,1号多少片,1,该用户是在询问商品列表中1号产品的包装规格（即一盒内含多少片面膜）。
weixue0806,美容护肤,35岁推荐几号呀,1,该用户想询问适合35岁年龄段使用的产品型号或款式推荐。
weixue0806,美容护肤,水光面膜还有吗,1,该用户是在询问水光面膜的库存情况，暗示有意购买或担心产品售罄。
weixue0806,美容护肤,水光面膜推荐一下,1,该用户想表达的含义是：希望主播能针对水光面膜的具体效果或适用性进行推荐，可能是在比较同类产品或寻求使用建议。  （结合前文语境，直播间讨论集中在产品功能、适用人群和规格信息，用户提问延续了这种务实倾向，属于明确的购买意向咨询。）
weixue0806,美容护肤,眼膜有么～,1,该用户是在询问直播间是否有眼膜产品出售，表现出对眼膜的具体购买意向。
weixue0806,美容护肤,护肤用哪些?,1,该用户想咨询适合自己肤质的护肤品推荐。
weixue0806,美容护肤,次抛怎么用吗?,1,该用户想询问次抛型护肤产品的具体使用方法，表现出对产品功能的兴趣和潜在的购买意向。
weixue0806,美容护肤,效果怎么样,1,该用户是在询问直播中推荐产品的实际使用效果如何，以评估是否值得购买。
weixue0806,美容护肤,没有买到油怎么用,1,该用户想表达的含义是：想知道购买的产品中缺少精油该如何使用其他替代品。
weixue0806,美容护肤,1号面膜的方法,1,该用户想询问1号面膜的使用方法或具体功效。
weixue0806,美容护肤,發多少盒?,1,该用户是在询问产品包装规格中的盒装数量。
weixue0806,美容护肤,干皮用什么油,1,该用户想询问适合干性皮肤使用的护肤油产品推荐。
weixue0806,美容护肤,2号跟5号哪个好?,1,该用户是在询问2号产品和5号产品之间的比较推荐或优劣差异。
weixue0806,美容护肤,"哇塞,我终于刷到你了[赞]",0,该用户想表达的含义是：终于找到自己关注或期待的主播/产品时的兴奋和认可。
weixue0806,美容护肤,精华和面膜怎么用,1,该用户想询问精华和面膜的具体使用方法和步骤。
weixue0806,美容护肤,可以讲讲吗,1,该用户想表达的含义是：希望主播详细介绍当前讨论的产品信息或使用方法。
weixue0806,美容护肤,隔离防晒推荐哪个,1,该用户想询问适合用作隔离和防晒功能的产品推荐。
weixue0806,美容护肤,"先别下播,再买点东西",0,该用户希望主播继续直播以便自己能够追加购买商品。
weixue0806,美容护肤,哪里发货,0,该用户想询问商品的发货地点以评估物流时效或产地可靠性。
weixue0806,美容护肤,全身美白怎么做,0,该用户可能是在询问如何通过直播间的产品实现全身美白的护肤效果。
weixue0806,美容护肤,今天又比昨天漂亮了,0,该用户想表达的含义是：对主播的外貌变化表示赞美，以拉近距离或活跃气氛。
weixue0806,美容护肤,再讲一下大师面膜怎么敷,1,该用户想表达的含义是：希望主播详细讲解大师面膜的使用方法以便决定是否购买。
weixue0806,美容护肤,用了精华再敷面膜吗,1,该用户想询问使用精华液和面膜的正确护肤步骤顺序。
weixue0806,美容护肤,那洗面奶没有泡泡怎么使用,1,该用户想表达的含义是：对洗面奶无泡沫的使用方法感到困惑，希望主播能详细讲解操作步骤。
weixue0806,美容护肤,睫毛是自己的吗,1,该用户可能是在询问主播的睫毛是否天然，以此间接评估推荐产品的真实效果。
weixue0806,美容护肤,2号链接好用吗,1,该用户想询问2号链接产品的实际使用效果和体验如何。
weixue0806,美容护肤,宝宝上馒头[微笑],0,该用户想表达的含义是：主播快把馒头这款产品上架到购物链接里。  （结合前文弹幕多为询问产品用法、催促讲解或购买，且“宝宝”常指代主播，“上”有上架之意，[微笑]表情可能暗示友好催促。）
weixue0806,美容护肤,有没有美白补水面膜,1,该用户是在询问直播间是否有推荐的美白和补水功效的面膜产品。
weixue0806,美容护肤,有没有胶原蛋白灌肤面膜,1,该用户是在询问直播间是否有售卖胶原蛋白成分的灌肤面膜产品。
weixue0806,美容护肤,这个精华什么时候用,1,该用户想询问这款精华的使用步骤或适用时机。
weixue0806,美容护肤,使用效果如何,1,该用户想询问产品的实际体验和功效是否令人满意。
weixue0806,美容护肤,车车里面显示五片,1,该用户想询问直播中展示的某款商品（可能是面膜或护肤品）的包装规格是否为五片装。
weixue0806,美容护肤,是不是因为招财才带貔貅呀哈哈哈哈,0,该用户是在调侃主播佩戴貔貅饰品的用意，以轻松幽默的方式询问是否为了招财而选择这个吉祥物。
weixue0806,美容护肤,脸比较黄用那款链接???[比心][比心][比心],1,该用户想表达的含义是：询问适合肤色偏黄人群使用的产品购买链接。
weixue0806,美容护肤,说下用法,1,该用户想询问产品的具体使用方法或操作步骤。
weixue0806,美容护肤,洗面奶怎么用的,1,该用户想了解洗面奶的具体使用方法，可能是对产品功效或操作步骤存在疑问，希望主播进行详细说明。
weixue0806,美容护肤,却痘印吗,1,该用户想询问这款产品是否能有效淡化痘印。
weixue0806,美容护肤,洗衣液还有吗,1,该用户是在询问洗衣液的库存情况，暗示有购买意向。
weixue0806,美容护肤,睡衣来着,0,该用户可能在询问直播中展示的睡衣商品详情或购买链接。
weixue0806,美容护肤,补水那个好,1,该用户想询问直播间推荐的哪款产品具有较好的补水效果。
weixue0806,美容护肤,补水用什么,1,该用户想询问直播间推荐的具体补水产品或护肤方法。
weixue0806,美容护肤,胶原蛋白你是怎么补,1,该用户是在询问主播关于补充胶原蛋白的具体产品或方法，表现出对相关美容产品的购买兴趣。
weixue0806,美容护肤,刚刚拍了大师和1冲突吗,1,该用户是在询问购买的产品（“大师”和“1号”）是否存在功能或使用上的冲突，担心同时使用会产生问题。
weixue0806,美容护肤,20多岁可以用么,1,该用户是在询问产品是否适合20多岁的年龄群体使用。
weixue0806,美容护肤,之前华熙生物次抛爆痘了,0,该用户可能是在质疑产品的安全性或效果，暗示之前使用同品牌产品时出现过皮肤问题（爆痘），想确认当前推荐的产品是否会有类似风险。
weixue0806,美容护肤,1号美白祛斑的吗,1,该用户是在询问1号产品是否具有美白和祛斑的功效。
weixue0806,美容护肤,10链接,1,该用户是在询问或索要第10号商品链接的具体信息。
weixue0806,美容护肤,干皮用什么面膜,1,该用户想表达的含义是：询问适合干性皮肤的面膜产品推荐。
weixue0806,美容护肤,效果如何呢,1,该用户是在询问产品的实际使用效果是否理想。
weixue0806,美容护肤,精华咋用?,1,该用户想询问精华产品的具体使用方法和步骤。
weixue0806,美容护肤,胶原面膜是哪个链接,1,该用户想询问直播间正在介绍的胶原蛋白面膜对应的商品购买链接。
weixue0806,美容护肤,怀孕能用吗?,1,该用户是在询问直播中推荐的产品是否适合孕妇使用。
weixue0806,美容护肤,四号洗面奶去黑头真的好吗,1,该用户是在询问四号洗面奶去除黑头的实际效果是否理想。
weixue0806,美容护肤,显示是5片,1,该用户可能在确认产品规格或数量，询问当前展示的商品是否包含5片装。
weixue0806,美容护肤,40?,0,该用户可能在询问商品的价格是否为40元。
weixue0806,美容护肤,次抛精华怎么用?,1,该用户想询问次抛精华的具体使用方法和步骤。
weixue0806,美容护肤,18号好用吗?,1,该用户是在询问18号产品（可能是护肤品或化妆品）的实际使用效果如何，是否值得购买。
weixue0806,美容护肤,次抛咋用,1,该用户想询问次抛产品的具体使用方法。
weixue0806,美容护肤,面膜跟金华怎么用,1,该用户是在询问面膜产品的具体使用方法以及与精华产品的使用顺序或搭配方式。
weixue0806,美容护肤,水煮蛋面膜,1,该用户可能在询问直播间是否有售卖“水煮蛋面膜”这款产品，或是想了解这款面膜的功效和适用性。
weixue0806,美容护肤,谢谢肌侣面膜和唇膏下单了都好用,1,该用户想表达的含义是：对购买的产品感到满意并表示感谢。
weixue0806,美容护肤,姐姐祛斑吗,1,该用户是在询问主播推荐的祛斑产品是否有效或适合自己使用。
weixue0806,美容护肤,香水推荐,1,该用户可能在询问主播有没有适合自己需求的香水产品推荐。
weixue0806,美容护肤,脸上有细纹用什么油好用,1,该用户想表达的含义是：询问针对面部细纹问题推荐哪款护肤精油产品。
weixue0806,美容护肤,怎么用[捂脸][捂脸],1,该用户想表达的含义是：询问产品的具体使用方法并带有困惑或调侃的情绪。  （结合前文弹幕中频繁出现关于产品使用方式的提问（如“精华咋用？”“次抛咋用”），以及用户用“[捂脸]”表情辅助表达，可推断其核心诉求是寻求使用指导，同时可能因信息混乱或反复被提及而略显无奈。）
weixue0806,美容护肤,显示的是5片,0,该用户可能在确认商品详情页显示的片数是否与主播描述一致，或对产品规格（5片装）表示疑问/核实。
weixue0806,美容护肤,又是晒斑管用吗,1,该用户是在询问直播中提到的祛斑产品对晒斑是否有效。
weixue0806,美容护肤,全身美白怎么弄,0,该用户想询问如何实现全身美白的护肤方法或产品推荐。
weixue0806,美容护肤,起皮用什么油,1,该用户可能在询问针对皮肤起皮问题的护肤油产品推荐或使用方法。
weixue0806,美容护肤,补水面膜买哪个,1,该用户想表达的含义是：询问主播推荐哪款补水面膜产品适合自己购买。  （分析依据：结合直播间的弹幕语境，多数提问围绕产品功能、使用方法和购买链接展开，且目标弹幕直接提及具体品类“补水面膜”和购买意向词“买哪个”，属于典型的选购咨询类需求。）
weixue0806,美容护肤,洗面奶是现货吗?,1,该用户想确认洗面奶是否有库存可以立即购买。
weixue0806,美容护肤,大油皮适合什么面膜,1,该用户是在询问适合油性肌肤的面膜产品推荐，表现出明确的护肤需求和潜在的购买意向。
weixue0806,美容护肤,有香水吗?,1,该用户可能在询问直播间是否有香水产品可供购买或推荐。
weixue0806,美容护肤,眼油现在下单有试用装吗,1,该用户想询问当前购买眼部精华油是否会附赠试用装作为促销福利。
weixue0806,美容护肤,看着跟二十一二左右的一样,0,该用户可能是在比较当前展示的产品与之前提到的“二十一二左右”的产品相似，暗示对产品效果或价格的认可或疑问。
weixue0806,美容护肤,一周贴几次?,1,该用户可能是在询问某款面膜或护肤产品的建议使用频率。
weixue0806,美容护肤,10号链接还能加吗,1,该用户是在询问10号商品链接是否还能追加库存或购买名额。
weixue0806,美容护肤,项链个性[赞],0,该用户想表达的含义是：这条项链的设计很独特，我很喜欢。
weixue0806,美容护肤,我下單了,0,该用户想表达自己已经完成了购买行为，可能是被直播间的产品介绍或互动氛围所打动而决定下单。
weixue0806,美容护肤,2总的有几片,1,该用户是在询问当前展示的面膜产品一盒总共有多少片装。
weixue0806,美容护肤,5号是多少片,1,该用户是在询问5号商品的具体规格（片数），可能是出于购买前的决策参考需求。
weixue0806,美容护肤,护肤用哪几样,1,该用户想询问针对护肤步骤需要购买哪些具体产品。
weixue0806,美容护肤,确实显示5片,0,该用户是在确认或附和之前提到的商品规格信息，表达对产品包装内含有5片装这一细节的关注。
weixue0806,美容护肤,补水抗皱用什么面膜,1,该用户想询问直播间是否有适合补水抗皱功效的面膜产品推荐。
weixue0806,美容护肤,脸上凹陷做什么项目呢雪姐,1,该用户是在向主播咨询针对面部凹陷问题推荐的美容项目或产品。
weixue0806,美容护肤,2和21有什么区别,1,该用户想询问的是商品编号2和21在规格或功能上的具体差异。
weixue0806,美容护肤,"极光四季精华油收到了,怎么使用?",1,该用户想表达的含义是：我已经购买了这款精华油，但不太清楚具体的使用方法，希望得到指导。
weixue0806,美容护肤,"脸松,脸垮还有斑还黄,还点用什么",0,该用户可能在表达对自己皮肤问题的困扰，并询问主播针对松弛、暗沉、长斑等状况应该使用什么产品进行改善。
weixue0806,美容护肤,有没有沐浴露推荐,1,该用户想表达的含义是：希望主播推荐适合自己需求的沐浴露产品。
weixue0806,美容护肤,美白面膜用完洗脸吗?,1,该用户想询问美白面膜使用后是否需要清洗，以确认正确的使用步骤。
weixue0806,美容护肤,KK最近在哪,0,该用户可能在询问主播KK近期的行程或直播安排，想了解何时能再次看到她的推荐或互动。
weixue0806,美容护肤,有祛斑功效吗,1,该用户是在询问直播推荐的产品是否具备淡化色斑的效果。
weixue0806,美容护肤,有久有效果,0,该用户想询问产品效果的持久性，即“使用后能维持多长时间的效果”。
weixue0806,美容护肤,"新粉,脸上有细纹用什么油好用",1,该用户作为新观众，在询问针对面部细纹问题的护肤精油推荐，表现出对直播间产品的具体功效需求和购买意向。
weixue0806,美容护肤,要洗掉么,1,该用户可能在询问使用产品后是否需要清洗，比如面膜或护肤品是否需要冲洗。
weixue0806,美容护肤,先说说怎么用,1,该用户想了解产品的具体使用方法或操作步骤。
weixue0806,美容护肤,隔离霜上链接哦,1,该用户是在催促主播尽快上架隔离霜的购买链接，表现出明确的购买意向和急切心情。
weixue0806,美容护肤,我爱你,0,该用户可能是对主播或产品表达喜爱和支持，而非直接的购买意向。
weixue0806,美容护肤,胶原蛋白.可以一晚上贴的那种在几号链接?,1,该用户想询问的是“可以整晚敷贴的胶原蛋白产品在哪个商品链接里”。
weixue0806,美容护肤,反弹不,1,该用户可能在询问商品是否有“买一送一”或“第二件优惠”之类的促销活动。
weixue0806,美容护肤,眼睛怎么保持清澈干净呢?,0,该用户可能在询问如何通过护肤或医美手段改善眼部状态，使其看起来更明亮健康。
weixue0806,美容护肤,5号讲一下呗,1,该用户想表达的含义是：希望主播详细介绍5号产品的相关信息或功能。
weixue0806,美容护肤,讲讲9号链接,1,该用户希望主播详细介绍9号链接产品的相关信息。
weixue0806,美容护肤,好爱你宝贝,0,该用户想表达的含义是：对主播或推荐的产品表示喜爱和支持。
weixue0806,美容护肤,效果如何,1,该用户想询问产品的实际使用效果或见效时间。
weixue0806,美容护肤,有爽肤水吗,1,该用户是在询问直播间是否有售卖爽肤水产品。
weixue0806,美容护肤,有去痘印的吗?,1,该用户是在询问直播间是否有能祛除痘印的产品。
weixue0806,美容护肤,黑人能不能用美白面膜,1,该用户可能在询问美白面膜是否适合自己（黑人）的肤质使用，担心肤色差异影响产品效果或安全性。
weixue0806,美容护肤,拍啦拍啦,0,该用户想表达的含义是：已经下单购买了商品。
weixue0806,美容护肤,有牛逼的面膜嘛,1,该用户是在询问直播间是否有效果特别出色的面膜产品。
weixue0806,美容护肤,去颈纹推荐[比心],1,该用户是在询问主播是否有推荐去除颈部皱纹的产品，并表现出对相关产品的兴趣和期待。
weixue0806,美容护肤,"已拍,需要每天敷?",1,该用户想确认购买的面膜是否需要每天使用才能达到预期效果。
weixue0806,美容护肤,修复用什么好,1,该用户可能是在询问针对某种皮肤修复问题（如细纹、痘印等）的推荐产品或方法。
weixue0806,美容护肤,"有去粉刺的化妆品吗,姐",1,该用户是在询问直播间是否有能够去除粉刺的护肤产品，并希望主播给予推荐或解答。
weixue0806,美容护肤,美白效果很好?,1,该用户是在询问产品的美白功效是否显著。
weixue0806,美容护肤,有推荐的次抛吗,1,该用户想询问直播间是否有值得推荐的次抛型护肤品。
weixue0806,美容护肤,"粉底液,粉底液,粉底液",1,该用户迫切想询问或催促主播介绍粉底液产品的相关信息或上架链接。
weixue0806,美容护肤,一周贴几次,1,该用户想询问产品（可能是面膜或贴片类护肤品）的建议使用频率。
weixue0806,美容护肤,怎么用[比心][比心][比心][比心],1,该用户想表达的含义是：询问某个产品的具体使用方法并附带友好互动。  （结合前文弹幕多为产品功能咨询和购买意向，且频繁出现“[比心]”表情，可推断用户是在询问使用方式的同时表达对主播或产品的积极态度。）
weixue0806,美容护肤,油敏可以用吗,1,该用户是在询问这款产品是否适合油性敏感肌肤使用。
weixue0806,美容护肤,油加库存,1,该用户想表达的含义是：询问主播是否有适合油性皮肤的库存商品。  （结合前文弹幕中频繁出现的护肤品类讨论，尤其是“油敏可以用吗”等针对性提问，可推断“油”指油性皮肤，“加库存”是希望主播补货或确认库存状态。）
weixue0806,美容护肤,油还有嘛!,1,该用户是在询问直播间售卖的精油类产品是否还有库存或仍在售。
weixue0806,美容护肤,防晒隔离推荐哪个,1,该用户是在询问适合自己使用的防晒隔离产品推荐，表现出明确的购买意向和需求。
weixue0806,美容护肤,面膜怎么样,1,该用户想询问面膜的具体功效、适用性或使用体验，以评估是否符合自己的需求。
weixue0806,美容护肤,你的口红怎么不掉色,1,该用户可能是在询问口红持久度的实际效果，暗示对产品性能的关注和潜在的购买兴趣。
weixue0806,美容护肤,没有油怎么用,1,该用户是在询问产品是否需要搭配特定油脂类成分使用，或质疑当前缺少关键使用步骤的说明。
weixue0806,美容护肤,你用什么面膜,1,该用户想询问主播正在使用的面膜品牌或类型，可能是出于对产品效果的好奇或潜在的购买意向。
weixue0806,美容护肤,香水推荐那个,1,该用户想表达的含义是：希望主播推荐一款适合的香水产品。  （结合前文弹幕多为护肤美妆类产品咨询，且语气直接、需求明确，可推断用户是在主动寻求购买建议，属于典型的兴趣表达。）
weixue0806,美容护肤,5号面膜好用吗?,1,该用户是在询问5号面膜的实际使用效果和体验如何，以评估是否值得购买。
weixue0806,美容护肤,大师和美白混合怎么用啊,1,该用户想咨询如何将直播间提到的“大师”系列产品与美白产品搭配使用。
weixue0806,美容护肤,千禾酱油也是大厂,0,该用户想表达的含义是：千禾酱油作为知名品牌，其产品值得信赖和考虑购买。
weixue0806,美容护肤,有去痘印的吗,1,该用户是在询问直播间是否有能够淡化痘印的护肤产品。
weixue0806,美容护肤,21岁脸总是起皮应该用哪个,1,该用户想表达的含义是：询问适合年轻肌肤频繁起皮问题的护肤品推荐。  （分析依据：结合前文弹幕中高频的护肤品类提问（面膜、粉底液、去痘印等）和具体功效需求（修复、美白、控油），可判断用户关注点在于解决自身肤质问题，且语境偏向寻求主播的专业产品建议。）
weixue0806,美容护肤,黄黑皮也能变白吗?,1,该用户可能是在询问产品是否适合肤色偏黄黑的人群使用，并关注其美白效果的真实性。
weixue0806,美容护肤,一号二号有什么区别,1,该用户想了解产品型号之间的具体差异以便做出购买决策。
weixue0806,美容护肤,补水那个,0,该用户可能是在询问直播间推荐的补水产品或补水方法。
weixue0806,美容护肤,洗面奶哪个链接,1,该用户想询问直播间推荐的洗面奶对应的是购物车中的哪个商品链接。
weixue0806,美容护肤,精华放了还可以放油吗?,1,该用户可能在询问护肤步骤中是否可以在使用精华液后继续使用护肤油。
weixue0806,美容护肤,每天用?还是间隔??,1,该用户是在询问产品的使用频率，想知道是适合每天使用还是需要间隔使用。
weixue0806,美容护肤,从哪里发货?,0,该用户想询问商品的发货地点以评估物流时效和收货时间。
weixue0806,美容护肤,痘痘肌可以用吗,1,该用户是在询问直播推荐的产品是否适合痘痘肌肤质使用。
weixue0806,美容护肤,次抛怎么用啊,1,该用户想询问次抛产品的具体使用方法。
weixue0806,美容护肤,"姐姐,身体乳可以介绍一下吗",1,该用户对主播推荐的身体乳产品产生了兴趣，想进一步了解其功效和使用方法。
weixue0806,美容护肤,"姐姐,眼窝凹陷了建议填充吗",0,该用户想咨询主播针对眼窝凹陷问题是否推荐进行医美填充。
weixue0806,美容护肤,2号怎么用,1,该用户想询问直播中提到的2号产品的具体使用方法。
weixue0806,美容护肤,眼部精华油用了会长脂肪粒吗?,1,该用户是在询问眼部精华油的使用安全性，担心产品可能导致脂肪粒的问题。
weixue0806,美容护肤,"姐姐,讲下眼膜",1,该用户希望主播详细介绍眼膜产品的功效或使用方法。
weixue0806,美容护肤,换睡裤了啊,0,该用户可能是在注意到主播更换服装后，试图通过调侃或提醒主播注意形象的方式间接表达对直播内容的关注。
weixue0806,美容护肤,卖点饰品吧!都很漂亮,1,该用户是在提议主播上架饰品，并表达了对饰品款式的喜爱和期待。
weixue0806,美容护肤,眼油有活动吗,1,该用户是在询问直播间是否有关于眼部精华油的促销活动或优惠信息。
weixue0806,美容护肤,6号6号6号,1,该用户急切地询问或指定想要了解或购买6号产品。
weixue0806,美容护肤,韩国品牌,0,该用户可能是在询问直播中提到的韩国品牌产品的具体信息或购买链接。
weixue0806,美容护肤,要补水精华,1,该用户想表达的含义是：对直播间推荐的补水精华产品产生了明确的购买意向。
weixue0806,美容护肤,大师面膜一周几次,1,该用户想询问使用大师面膜的推荐频率，以了解产品的正确使用方法。
weixue0806,美容护肤,下单只有现实5片,0,该用户想表达的含义是：商品详情页显示下单后实际只收到5片，与预期不符或存在疑惑。
weixue0806,美容护肤,姐姐项链哪里买的,1,该用户是在询问直播中展示的项链的购买渠道，表达了对商品的兴趣和潜在的购买意向。
weixue0806,美容护肤,防晒霜好用嘛,1,该用户想询问这款防晒霜的实际使用效果是否令人满意。
weixue0806,美容护肤,"我用过韩束的,印象不怎么好",0,该用户想表达的含义是：对韩束产品的使用体验不满意，可能暗示不会再次购买或对其推荐持保留态度。
weixue0806,美容护肤,面膜要天天敷吗,1,该用户是在询问面膜的使用频率是否适合每日敷用，以了解产品的日常护理建议。
weixue0806,美容护肤,你得客服怎么联系,0,该用户想询问如何联系客服以获取产品咨询或售后服务。
weixue0806,美容护肤,油挺好用,1,该用户想表达的含义是：这款护肤油的使用效果不错。
weixue0806,美容护肤,眼部小细纹用什么,1,该用户想询问主播推荐适合改善眼部小细纹的产品。
weixue0806,美容护肤,韩束面膜怎么样,1,该用户想表达的含义是：询问韩束面膜的使用效果和品质如何，可能有意向购买或对比同类产品。
weixue0806,美容护肤,有没有贼牛的面膜上次买的水光面膜还不够牛,1,该用户想表达的含义是：想找一款效果比之前购买的水光面膜更出色的面膜产品。
weixue0806,美容护肤,想要10号链接,1,该用户明确表达了希望购买直播间10号商品链接的意愿。
weixue0806,美容护肤,这个貔貅的眼睛会动吗?,0,该用户可能是在询问貔貅饰品的动态设计细节，表现出对产品工艺特征的好奇和潜在购买兴趣。
weixue0806,美容护肤,"脸松,脸垮还有斑还黄,用点什么",1,该用户想表达的含义是：自己面部皮肤松弛、暗黄且有斑点，询问应该使用什么产品来改善这些问题。
weixue0806,美容护肤,怎么去黑头,0,该用户可能是在询问直播间推荐的产品中是否有针对去除黑头的护肤产品或方法。
weixue0806,美容护肤,"姐姐打美白针吗,你好白",0,该用户是在夸赞主播肤色白皙，并好奇询问是否使用了美白产品。
weixue0806,美容护肤,次抛怎么用我的姐,1,该用户是在询问主播关于“次抛”产品的具体使用方法，表现出对该产品的兴趣和购买意向。
weixue0806,美容护肤,气垫有没有,1,该用户是在询问直播间是否有售卖气垫产品。
weixue0806,美容护肤,美白和大师怎么搭配用,1,"该用户是在询问如何将美白产品与""大师""系列产品配合使用以达到更好的护肤效果。"
weixue0806,美容护肤,还有什么心愿,0,该用户想询问直播间是否还有其他值得推荐或购买的产品。
weixue0806,美容护肤,1和5的区别,1,该用户想询问产品编号1和5在功能或效果上的具体差异。
weixue0806,美容护肤,真好看,1,该用户可能是在称赞主播展示的商品外观吸引人，暗示对产品有购买兴趣。
weixue0806,美容护肤,讲一下香水,1,该用户想表达的含义是：希望主播详细介绍香水的产品信息或使用体验。
weixue0806,美容护肤,补水抗皱用什么面膜直播,1,该用户想询问直播中是否有推荐适合保湿和抗衰老功效的面膜产品。
weixue0806,美容护肤,唇膏还能118两支吗,1,该用户是在询问之前提到的唇膏优惠活动是否还能以118元两支的价格购买。
weixue0806,美容护肤,你用了吗,0,该用户可能在询问主播是否亲自试用过当前推荐的产品，以此判断产品的真实效果和可信度。
weixue0806,美容护肤,美白面膜有效果吗,1,该用户想询问美白面膜的实际功效是否明显，可能有意向购买但希望确认效果后再做决定。
weixue0806,美容护肤,"背景音乐好好听,是啥",0,该用户对直播间的背景音乐产生了兴趣，想询问音乐信息以便后续查找或使用。
weixue0806,美容护肤,1.2.5号链接区别是什么,1,该用户想了解商品链接1号、2号和5号之间的具体差异，以便做出购买决策。
weixue0806,美容护肤,怎么样不卡粉,0,该用户可能在询问如何避免使用化妆品时出现粉底结块或不服帖的问题，表现出对产品使用效果的关注和潜在的购买意向。
weixue0806,美容护肤,有祛痘的吗姐姐,1,该用户是在询问直播间是否有祛痘功效的产品推荐。
weixue0806,美容护肤,先用精华再面膜吗,1,该用户是在询问护肤品的使用顺序，想确认是否应该在敷面膜之前涂抹精华液。
weixue0806,美容护肤,谢谢你所以拍了尽快发货哦[鼓掌],0,该用户想表达的含义是：因为认可主播的推荐或服务而下单，并希望尽快收到商品。
weixue0806,美容护肤,我好喜欢你的嘴,0,该用户想表达的含义是：主播的唇部产品效果很好，自己很感兴趣。  （结合前文弹幕中频繁提及美妆护肤产品，如“唇膏还能118两支吗”“美白面膜有效果吗”等，可推断用户关注点在于产品效果，且“嘴”在此语境下更可能指向唇妆或唇部护理，而非字面意义。）
weixue0806,美容护肤,那个胶原蛋白面膜敷几个小时呀,1,该用户想了解胶原蛋白面膜的具体使用时长，以评估产品是否适合自己的护肤需求。
weixue0806,美容护肤,大油田买几号面膜,1,该用户是在询问适合油性皮肤的面膜产品型号。
weixue0806,美容护肤,rc多用膏,0,该用户可能在询问关于“rc多用膏”的产品信息或使用方式。
weixue0806,美容护肤,为什么不讲颈霜颈霜颈霜颈霜颈霜颈霜颈霜颈霜,1,该用户急切希望主播优先讲解或详细介绍颈霜产品，可能因长时间等待或多次询问未得到回应而感到不满。
weixue0806,美容护肤,补水面膜那个,1,该用户是在询问直播间提到的补水面膜的具体产品信息或购买链接。
weixue0806,美容护肤,189的只有五片吗,1,该用户可能是在质疑产品性价比，觉得189元的价格只包含五片面膜有些贵。
weixue0806,美容护肤,衣服还可爱,0,"该用户想表达的含义是：这件衣服的设计很讨人喜欢。  （结合前文弹幕多为询问产品细节或表达兴趣的语境，""还可爱""带有肯定语气，隐含对商品的认可或潜在购买意向。）"
weixue0806,美容护肤,显示只有5片,0,该用户可能是在质疑或确认产品数量较少，认为5片的规格不够实惠或与预期不符。
weixue0806,美容护肤,唇部精华有啥活动,1,该用户想询问当前直播间是否有关于唇部精华的促销优惠或折扣活动。
weixue0806,美容护肤,油霜很好用,1,该用户想表达的含义是：对主播推荐的油霜产品表示认可并暗示有购买意愿。
weixue0806,美容护肤,"拍了,同款的唇部精华[比心]",0,该用户想表达自己已经下单购买了直播间推荐的同款唇部精华产品，并附上表情符号表达满意和感谢之情。
weixue0806,美容护肤,口红用的哪个,1,该用户想询问主播正在使用的口红品牌或色号信息。
weixue0806,美容护肤,美白和大师两款怎么交替使用,1,该用户想咨询如何搭配使用美白款和大师款两款产品以达到更好的效果。
weixue0806,美容护肤,"经常在室外晒的,推荐哪一款面膜好一点??",1,该用户想表达的含义是：询问适合户外防晒后使用的面膜推荐。
weixue0806,美容护肤,韩束需要每天敷么?,1,该用户想询问韩束面膜的使用频率是否必须每日一次，可能是在考虑产品适用性或自身护肤习惯的匹配度。
weixue0806,美容护肤,耳钉是哪里买,1,该用户想询问耳钉的购买渠道，表现出明确的购买意向。
weixue0806,美容护肤,一号怎么使用,1,该用户是在询问产品“一号”的具体使用方法，可能对这款产品产生了购买兴趣或需要进一步了解使用步骤。
weixue0806,美容护肤,"亲,眼睛怎么保持清澈干净呢?",0,该用户可能在询问直播间推荐的产品中是否有能帮助改善眼部状态、使眼睛看起来更明亮健康的护肤品或护理方法。
weixue0806,美容护肤,毛孔大出油,0,该用户可能在询问针对毛孔粗大和油性肌肤问题的护肤产品推荐。
weixue0806,美容护肤,"次抛怎么用,我的姐",1,该用户是在询问主播关于“次抛”产品的具体使用方法。
weixue0806,美容护肤,喷雾有木有,1,该用户想询问直播间是否有喷雾类产品在售或即将介绍。
weixue0806,美容护肤,国货之光!韩束!!!,0,该用户想表达的含义是：对韩束品牌的高度认可和赞赏，认为其产品品质出色且值得推荐。
weixue0806,美容护肤,哪里发货啊,0,该用户想询问商品的发货地点以评估物流时效或产地可靠性。
weixue0806,美容护肤,先敷面膜再用精华吗,1,该用户是在询问护肤品的使用顺序，想确认面膜和精华的先后步骤以便正确操作。
weixue0806,美容护肤,怎么没有防晒霜,1,该用户可能在询问直播间为何没有推荐或上架防晒霜产品，暗示对防晒霜有购买需求或兴趣。
weixue0806,美容护肤,"已拍1号,怎么用",1,该用户想表达的含义是：已经下单购买了1号产品，但需要了解具体的使用方法。
weixue0806,美容护肤,"要面霜,油",1,该用户想表达的含义是：我想要购买适合油性皮肤使用的面霜。
weixue0806,美容护肤,先用面膜在用次抛吗,1,该用户是在询问护肤步骤的正确顺序，想知道是否应该先敷面膜再使用次抛精华。
weixue0806,美容护肤,眼部精华推荐一下,1,该用户希望主播能针对眼部护理需求推荐一款合适的精华产品。
weixue0806,美容护肤,海天酱油也是大厂,0,该用户可能在暗示海天酱油作为知名品牌值得信赖，可以放心购买。
weixue0806,美容护肤,耳钉上一下,1,该用户想表达的含义是：希望主播尽快展示或上架当前提到的耳钉商品。
weixue0806,美容护肤,瘦脸用什么,1,该用户可能在询问适合瘦脸的产品或方法。
weixue0806,美容护肤,那个带小刷子的面膜,1,该用户可能是在询问一款附带小刷子的面膜产品的具体信息或购买方式。
weixue0806,美容护肤,眼部精华适合多大年纪,1,该用户想询问眼部精华的适用年龄范围，以判断自己是否适合使用该产品。
weixue0806,美容护肤,买完5号了看到1号感觉5号好贵[捂脸],0,该用户是在对比商品价格后，表达对已购买5号产品的价格感到后悔，同时暗示1号产品更具性价比的心理落差。
weixue0806,美容护肤,好喜欢那个水光面膜,1,该用户对水光面膜表现出明显的兴趣和好感，暗示有购买意愿。
weixue0806,美容护肤,"眼油,讲讲呗",1,该用户想表达的含义是：对直播中提到的眼部精华产品感兴趣，希望主播详细介绍其功效和使用方法。
weixue0806,美容护肤,跪求衣服链接,1,该用户迫切想要获取直播中展示的服装商品购买链接。
weixue0806,美容护肤,发量真让人羡慕[捂脸],0,该用户是在感叹主播或展示产品的使用效果（如头发浓密）令人羡慕，并隐含对相关产品的兴趣或询问意向。
weixue0806,美容护肤,你的客服在哪,0,该用户可能在询问客服联系方式，以便咨询产品详情或解决购买过程中的问题。
weixue0806,美容护肤,涂完精华再敷面膜吗,1,该用户是在询问护肤品的使用顺序，想知道是否应该在涂抹精华液之后再敷面膜。
weixue0806,美容护肤,第一款面膜用的挺好的,0,该用户想表达对第一款面膜的使用效果感到满意，暗示可能继续关注或回购同类产品。
weixue0806,美容护肤,亲爱的眼睛怎么保持清澈干净呢?,0,该用户是在询问如何通过使用产品来改善眼部状态，使其看起来更明亮健康。
weixue0806,美容护肤,"粉底液,粉底液,粉底液,粉底液,粉底液,粉底液",1,该用户想表达的含义是：强烈要求主播详细介绍或上架粉底液产品。  （结合前文弹幕多为询问产品使用、推荐或求购特定商品，可推断用户通过重复关键词“粉底液”表达急切需求，可能是直播间未提及该品或希望主播优先讲解。）
weixue0806,美容护肤,送的白月光是精华还是面膜精华呀,1,该用户想确认直播间赠送的“白月光”产品是精华液还是面膜类产品中的精华成分。
weixue0806,美容护肤,头发养护的,0,该用户可能是在询问关于头发养护产品的推荐或使用方法。
weixue0806,美容护肤,讲一下怎么用?,1,该用户想表达的含义是：希望主播详细介绍产品的使用方法或操作步骤。
weixue0806,美容护肤,"美白和大师都买了,怎么用",1,该用户想表达的含义是：我已经购买了美白产品和大师系列产品，但不确定它们的使用顺序或方法。
weixue0806,美容护肤,请教一下眼袋怎么弄,1,该用户想咨询如何改善眼袋问题，可能对相关护肤产品或护理方法感兴趣。
weixue0806,美容护肤,2和5啥区别,1,该用户是在询问直播中提到的两款产品（可能是编号为2和5的商品）之间的具体差异或功能区别。
weixue0806,美容护肤,沐浴露推荐哪儿个,1,该用户想询问直播间推荐哪款沐浴露产品比较合适。
weixue0806,美容护肤,helloKitty上链接,1,该用户急切希望主播尽快上架HelloKitty相关产品并提供购买链接。
weixue0806,美容护肤,黄黑皮也可以变白吗?,0,该用户可能是在询问直播中提到的美白产品是否适合肤色偏黄黑的人群使用。
weixue0806,美容护肤,那天卖的啥油错过了[捂脸],1,该用户因错过之前直播中推荐的某款油类产品而感到遗憾，并希望主播能再次介绍或补货。
weixue0806,美容护肤,油霜讲下吧等好久了,1,该用户希望主播详细介绍“油霜”这款产品，并表示自己已期待很久。
weixue0806,美容护肤,要衣服,1,该用户想表达的含义是：希望主播推荐或上架服装类产品的购买链接。
weixue0806,美容护肤,回头霜讲一下吧,1,该用户希望主播详细介绍“回头霜”这款产品的功效或使用方法。
weixue0806,美容护肤,黑头多用哪一个品牌清洁好,1,该用户想咨询针对黑头问题效果较好的清洁产品品牌推荐。
weixue0806,美容护肤,姐姐有泪沟怎么办,0,该用户想询问主播推荐的改善泪沟问题的护肤产品或方法。
weixue0806,美容护肤,"大油田,脸颊干起皮用那个",1,该用户想咨询适合混合性肌肤（T区油性、脸颊干燥起皮）使用的护肤品推荐。
weixue0806,美容护肤,泪沟用那个,1,该用户想询问主播推荐适合改善泪沟问题的产品。
weixue0806,美容护肤,洗面奶怎么使用,1,该用户想表达的含义是：询问洗面奶的具体使用方法以判断是否适合自己购买。
weixue0806,美容护肤,"相信你所以才拍,尽快发货哦[鼓掌]",0,该用户表达的是对主播的信任和购买后的期待，暗示已下单并希望快速收货。
weixue0806,美容护肤,香水味道,0,该用户想询问当前介绍的香水具体是什么香调或气味特点。
weixue0806,美容护肤,痘痘肌可以用吗?,1,该用户是在询问产品是否适合痘痘肌肤使用，表达了对该产品的潜在购买兴趣和适用性关注。
weixue0806,美容护肤,一号二号链接有什么区别,1,该用户想询问两款产品之间的具体差异以便做出购买选择。
weixue0806,美容护肤,"粉底液,粉底液,粉底液,粉底液,粉底液,粉底液,粉底液,粉底液,粉底液,粉底液,粉底液",1,该用户急切催促主播上架或详细介绍粉底液产品。
weixue0806,美容护肤,院线水准面膜是哪款?[爱心][爱心][爱心][爱心][比心][比心][比心][比心][比心][比心][比心][赞][赞][比心][赞][爱心][爱心][比心][赞][赞][爱心][爱心][赞][比心][赞],1,该用户急切想了解主播推荐的某款面膜的具体信息，并表现出强烈的购买意愿和信任感。
weixue0806,美容护肤,法令纹深皮肤爱起痘推荐哪个链接,1,该用户想表达的含义是：自己法令纹明显且皮肤容易长痘，希望主播推荐适合自己肤质的产品链接。
weixue0806,美容护肤,这耳钉绝了,0,该用户想表达的含义是：这对耳钉的设计或效果非常惊艳，让人很想购买。
weixue0806,美容护肤,怎么用讲讲,1,该用户希望主播详细讲解某款产品的使用方法或功能说明。
weixue0806,美容护肤,"眼睛有脂肪粒、有眼纹,泪沟,怎么办?",0,该用户是在咨询针对眼部脂肪粒、细纹和泪沟问题的护肤产品推荐，表现出对相关解决方案的明确购买意向。
weixue0806,美容护肤,睫毛怎么弄翘翘的?睫毛怎么弄翘翘的?,0,该用户想询问如何让睫毛变得卷翘，可能是对相关美妆产品或技巧感兴趣。
weixue0806,美容护肤,韩束怎么用,1,该用户想询问韩束产品的具体使用方法或适用场景。
weixue0806,美容护肤,姐姐打美白针吗???,0,该用户是在询问主播是否通过注射美白针来保持皮肤白皙，可能暗示自己对该美容项目感兴趣或想获得相关推荐。
weixue0806,美容护肤,想看看怎么样,1,该用户想表达对当前展示的产品产生兴趣，希望进一步了解具体效果或使用体验。
weixue0806,美容护肤,大油田买几号,1,该用户想询问适合油性肤质的产品型号或推荐选项。
weixue0806,美容护肤,耳饰有吗?,1,该用户是在询问直播间是否有耳饰商品可供购买，表现出对饰品类产品的兴趣和潜在的购买意向。
weixue0806,美容护肤,一号拍一就行么,1,"该用户是在确认购买一号商品时是否只需拍下一件即可完成下单。  （释义依据：结合前文弹幕中频繁出现的产品咨询（如链接区别、肤质适配等）和明确购买意向（如""尽快发货""），目标弹幕的""拍一""是电商术语，指下单数量；""就行么""表明用户处于决策最后阶段，需确认购买流程的细节。）"
weixue0806,美容护肤,那个敷久了会化的面膜是哪个?,1,该用户是在询问直播间中哪款面膜使用时间过长会出现融化现象。
weixue0806,美容护肤,美白精华效果好还是面膜,1,该用户可能在询问美白精华和面膜哪个产品的美白效果更显著，希望得到对比推荐以便做出购买决策。
weixue0806,美容护肤,那个美白面膜需要每天敷么?,1,该用户想询问美白面膜的使用频率以评估是否适合自己购买。
weixue0806,美容护肤,1和5分别有什么着用,1,该用户想询问商品编号1和5的具体使用效果或适用场景。
weixue0806,美容护肤,鼻头毛孔粗大鼻头毛孔粗大,0,该用户可能在询问针对鼻头毛孔粗大问题的护肤产品推荐或解决方案。
weixue0806,美容护肤,眼油开了吗,1,该用户是在询问直播间是否已经开始介绍或售卖眼部精华油产品。
weixue0806,美容护肤,做的什么,0,该用户可能在询问主播当前正在展示或介绍的产品具体是什么。
weixue0806,美容护肤,"11号,油腻不?",1,该用户是在询问11号产品是否适合油性肤质使用。
weixue0806,美容护肤,讲讲大师,0,该用户希望主播详细讲解某款名为“大师”的产品或技术（如化妆手法、护肤步骤等）。
weixue0806,美容护肤,21号可以讲一下吗,1,该用户可能是想询问21号产品的详细介绍或使用效果。
weixue0806,美容护肤,抗皱面膜哪个最好,1,该用户想表达的含义是：询问直播间推荐的最有效的抗皱面膜产品。
weixue0806,美容护肤,6号是什么新品,1,该用户想询问直播间正在介绍的6号产品具体是什么新推出的商品。
weixue0806,美容护肤,一号跟二号哪个好用,1,该用户是在询问两款产品的实际使用效果对比，希望主播能给出具体的使用体验或功效差异建议。
weixue0806,美容护肤,又是君沛的项链?,1,该用户可能是在询问主播是否再次推荐了君沛品牌的项链，暗示对该产品有持续关注或购买意向。
weixue0806,美容护肤,晒斑怎么挽救,0,该用户想询问直播间是否有针对改善晒斑问题的护肤产品或解决方案。
weixue0806,美容护肤,1号和5号哪个更美白,1,该用户想询问1号和5号产品在美白效果上的优劣对比。
weixue0806,美容护肤,气垫讲讲,1,该用户希望主播详细介绍气垫产品的功能或使用效果。
weixue0806,美容护肤,怎么用说一下,1,该用户希望主播详细讲解某款产品的使用方法。
weixue0806,美容护肤,姐姐可以讲下眼部精华吗,1,该用户希望主播详细介绍某款眼部精华产品的功效或使用方法。
weixue0806,美容护肤,"雪宝有水光美白的那种自己在家打的吗,店里太贵了,我在线上还怕买到那种肉毒,怕对脸不好,可以推荐吗",0,该用户是在询问是否有适合家用的水光美白产品推荐，既想避开昂贵的美容院服务又担心线上购买到含不安全成分（如肉毒素）的产品，希望得到可靠的建议。
weixue0806,美容护肤,怎么用[流泪][流泪][流泪],1,该用户急切地询问产品使用方法，并因不了解操作细节而感到焦虑。
weixue0806,美容护肤,胶原灌肤的面膜,1,该用户可能是在询问或推荐一款含有胶原蛋白成分的灌肤式面膜产品。
weixue0806,美容护肤,下单5片吗,0,该用户可能在询问购买5片装产品的相关优惠或使用建议。
weixue0806,美容护肤,5号面膜好用吗,1,该用户想询问5号面膜的实际使用效果，以评估是否值得购买。
weixue0806,美容护肤,"面膜用了,一周用了四次、没啥效果,咋回事?",0,该用户想表达的含义是：对使用过的面膜效果感到失望，并希望主播能解释原因或给出改进建议。
weixue0806,美容护肤,补水修复用哪个[比心][比心],1,该用户想表达的含义是：询问主播推荐哪款产品适合用于补水和修复肌肤问题。
weixue0806,美容护肤,跪求衣服链接跪求衣服链接,1,该用户迫切想要购买主播展示的服装，希望立刻获取商品购买链接。
weixue0806,美容护肤,大厂一定开心吗,0,该用户可能在质疑产品宣传效果，暗示大厂出品未必能保证使用满意度。
weixue0806,美容护肤,20号介绍下?,1,该用户想询问主播是否会在直播中详细介绍20号产品。
weixue0806,美容护肤,面膜用了要洗吗,0,该用户想询问面膜使用后是否需要清洗的步骤说明。  （结合前文语境，直播间正在讨论多款面膜的使用方法和效果，用户提问动机明确指向产品使用细节，属于典型的购买前咨询类问题。）
weixue0806,美容护肤,怎么用[流泪][流泪],1,该用户急切地询问产品使用方法，并因未及时获得解答而表现出焦虑情绪。
weixue0806,美容护肤,你咋这么美呢,0,该用户是在夸赞主播的外貌或表现，可能带有互动或活跃气氛的意图，但并未直接表达对产品的购买兴趣。
weixue0806,美容护肤,主播直接打美白,0,该用户希望主播直接推荐或展示具有美白功效的产品。
weixue0806,美容护肤,眼油讲呗,1,该用户想表达的含义是：请详细讲解一下眼部精油的使用方法和效果。
weixue0806,美容护肤,美白祛斑的面膜是那个呢,1,该用户是在询问直播间推荐的美白祛斑功效的面膜具体是哪一款产品。
weixue0806,美容护肤,祛斑拍哪个,1,该用户想询问直播间推荐的哪款产品适合祛斑功效。
weixue0806,美容护肤,眼部精华油用了会长脂肪粒吗,1,该用户是在询问产品安全性，担心使用眼部精华油可能导致皮肤问题。
weixue0806,美容护肤,有推荐水乳,1,该用户想表达的含义是：希望主播能推荐适合自己使用的水乳护肤产品。
weixue0806,美容护肤,大师好用1和大师怎么用啊,1,该用户想表达的含义是：询问产品使用方法和确认产品效果是否良好。
weixue0806,美容护肤,"亲爱的,眼睛怎么保持清澈干净呢?",0,该用户想咨询如何通过产品护理或保养方法让眼部看起来更明亮清爽。
weixue0806,美容护肤,面膜跟精华怎么用,1,该用户想询问面膜和精华液的使用方法和步骤。
weixue0806,美容护肤,"雪,医学生现在有点想谈恋爱[比心]",0,该用户可能是在以调侃的方式表达对主播的喜爱或互动兴趣，而非真正讨论购买意向。
weixue0806,美容护肤,"闭眼入你推荐的东西,感觉都不错",0,该用户想表达对主播推荐产品的信任和认可，愿意直接购买无需犹豫。
weixue0806,美容护肤,2号功效,1,该用户想询问主播关于“2号产品”的具体功效或使用效果。
weixue0806,美容护肤,韩束美白这个和胶原蛋白面膜怎么搭配呀,1,该用户想表达的含义是：询问韩束美白产品与胶原蛋白面膜的使用组合方法，以了解如何搭配使用才能达到更好的护肤效果。
weixue0806,美容护肤,有眼霜推荐吗?,1,该用户是在询问主播是否有适合的眼霜产品推荐，表现出对眼部护理产品的具体需求和购买意向。
weixue0806,美容护肤,10号链接还能加吗雪雪,1,该用户是在询问主播是否还能继续购买10号商品链接。
weixue0806,美容护肤,1号和5号啥区别,1,该用户想询问1号和5号产品之间的具体差异或对比信息。
weixue0806,美容护肤,可以说下项链吗,1,该用户想表达的含义是：希望主播详细介绍当前展示的项链产品的相关信息。
weixue0806,美容护肤,"粉底液,粉底液,粉底液,粉底液,粉底液,粉底,粉底,粉底,粉底,粉底,粉底,粉底,粉底,粉底",1,该用户迫切希望主播详细介绍或推荐粉底液产品。  （高频重复关键词“粉底液”和“粉底”表明强烈需求，且与前文弹幕中其他用户主动询问具体产品的模式一致，属于明确的购买意向表达。）
weixue0806,美容护肤,院线水准面膜是哪款?[爱心][爱心][爱心][爱心][比心][比心][比心][比心][比心][比心][比心][赞][赞][比心][赞][爱心][爱心][比心][赞][赞][爱心][爱心][赞][比心][赞]院线水准面膜是哪款?[爱心][爱心][爱心][爱心][比心],1,该用户急切想了解主播推荐的某款具有专业院线级别效果的面膜的具体产品名称，并通过密集的爱心和点赞表情强烈表达对产品的兴趣与信任。
weixue0806,美容护肤,我刚刚买了大师,0,该用户想表达自己已经下单购买了主播推荐的“大师”系列产品。
weixue0806,美容护肤,眼油可以讲讲吗,1,该用户想询问主播详细介绍关于眼部精华油的产品信息或使用效果。
weixue0806,美容护肤,洗面奶几个,1,"该用户想询问直播中推荐的洗面奶有哪几款可选或具体价格是多少。  （结合前文弹幕高频出现的产品咨询、对比类提问（如""1号和5号区别""）及购买意向表达（如""10号链接还能加吗""），可推断用户以简洁提问方式寻求商品信息，潜在动机是评估购买选项。）"
weixue0806,美容护肤,院线水准面膜是哪款?[爱心][爱心][爱心][爱心][比心][比心][比心][比心][比心][比心],1,该用户迫切想知道直播间推荐的某款高品质面膜的具体产品名称或购买链接，并通过密集的爱心表情强调自己的强烈购买意向。
weixue0806,美容护肤,衣服衣服衣服衣服衣服衣服衣服衣服衣服,1,该用户想表达的含义是：强烈催促主播赶紧介绍或上架衣服相关的产品。
weixue0806,美容护肤,颈纹霜推荐,1,该用户想表达的含义是：希望主播能推荐一款针对颈部皱纹的护肤产品。
weixue0806,美容护肤,耳饰有吗,1,该用户是在询问直播间是否有耳饰类商品可供推荐或购买。
weixue0806,美容护肤,外套链接,1,该用户想表达的含义是：询问主播展示的外套商品购买链接在哪里可以找到。
weixue0806,美容护肤,"亲爱的,眼睛怎么保持清澈干净呢亲爱的,眼睛怎么保持清澈干净呢",0,"该用户想表达的含义是：询问如何通过产品护理保持眼部明亮健康的建议。  （结合语境分析：直播间以美妆护肤类产品为主，用户重复提问体现对眼部护理的迫切需求，且前文有类似""眼霜推荐""的提问，说明当前讨论焦点可能涉及眼部保养方案。）"
weixue0806,美容护肤,黑头多毛孔粗大用哪个,1,该用户想表达的含义是：咨询针对黑头和毛孔粗大问题的产品推荐。  （结合前文语境：直播中频繁出现护肤品类问答，用户主动提出具体肌肤问题，动机明确指向购买需求。）
weixue0806,美容护肤,眼部精华油适合什么年纪,1,该用户想表达的含义是：想了解这款眼部精华油的目标适用年龄范围，以判断是否适合自己或他人使用。
weixue0806,美容护肤,她一会就回她房间了,0,该用户可能是在询问主播提到的某个产品（如护肤品或服饰）的使用场景或适用人群，暗示自己对该产品是否适合自己的情况存在疑问。  （结合前文弹幕多为产品咨询和购买意向，且涉及护肤、服饰等品类，该弹幕中的“她”可能指代主播或其他用户提到的产品，用户想确认产品是否适合自己或特定场景使用。）
weixue0806,美容护肤,院线功效面膜什么时候上?,1,该用户想表达的含义是：询问直播间即将推出的专业级面膜产品的具体上线时间。
weixue0806,美容护肤,干皮用水还是乳,1,该用户想咨询干性皮肤更适合使用化妆水还是乳液来护肤。
weixue0806,美容护肤,那个胶原蛋白面膜没卖了吗,1,该用户是在询问某款胶原蛋白面膜是否已经售罄或下架，表现出对该产品的购买意向和关注。
weixue0806,美容护肤,"宝,韩束送多少支精华哈",1,该用户是在询问韩束精华产品的赠送数量，表现出对促销福利的关注和购买意向。
weixue0806,美容护肤,"看看你的外套,外套有链接吗??",1,该用户对主播的外套感兴趣，想询问购买链接以便下单。
weixue0806,美容护肤,胶原灌注面膜还有吗,1,该用户是在询问直播间是否还有胶原灌注面膜的库存，表现出明确的购买意向或对产品的持续关注。
weixue0806,美容护肤,隔离有推荐的吗,1,该用户是在询问直播间是否有推荐的隔离霜产品。
weixue0806,美容护肤,敷久了会化的面膜是哪个?,1,该用户可能在询问哪款面膜存在敷用时间过长容易溶解的问题，表现出对产品使用细节的关注和潜在的购买顾虑。
weixue0806,美容护肤,11号油腻不,1,该用户是在询问11号产品（可能是护肤品）是否会有油腻的使用感。
weixue0806,美容护肤,看一下,0,该用户可能是想进一步了解或查看当前正在介绍的产品详情。
weixue0806,美容护肤,"雪雪美女,卸妆用哪个好?雪雪美女,卸妆用哪个好?",1,该用户是在向主播“雪雪”咨询卸妆产品的推荐，表现出明确的购买意向和对主播的信任。
weixue0806,美容护肤,四号链接怎么用,1,该用户想询问四号链接商品的具体使用方法或操作步骤。  （结合前文弹幕高频出现的产品咨询和功能提问语境，可推断用户对商品使用细节存在明确需求，延续了直播间观众对产品实用信息的关注倾向。）
weixue0806,美容护肤,8号那个是三个颜色的吗,1,该用户是在询问8号商品是否包含三种不同的颜色可选。
weixue0806,美容护肤,美白贴多久,1,该用户是在询问美白贴的使用时长或见效周期。
weixue0806,美容护肤,5号链接贴多久?,1,该用户是在询问5号链接商品的使用时长或建议敷贴时间。
weixue0806,美容护肤,姐是真好看啊,0,该用户是在夸赞主播的外貌，表达对主播的喜爱和关注，但并未直接表现出对商品的购买兴趣。
weixue0806,美容护肤,5号链接适合哪些?,1,该用户想询问5号链接商品的具体适用场景或适用人群。
weixue0806,美容护肤,因为面对着你我才笑的甜蜜,0,该用户是在向主播表达喜爱和互动愉悦的情感，而非直接询问商品信息或表达购买意向。
weixue0806,美容护肤,5号链接好用吗,1,该用户想询问5号链接产品的实际使用效果如何，以评估是否值得购买。
weixue0806,美容护肤,"您好,你那里有减肥产品吗?",1,该用户可能在询问直播间是否有售卖减肥类产品，并表现出潜在的购买意向。
weixue0806,美容护肤,13号链接香水好闻吗,1,该用户想询问13号链接所售香水的使用体验和气味评价。
weixue0806,美容护肤,韦雪我爱你,0,该用户是在表达对主播的喜爱和支持，但并未直接表现出对商品的购买兴趣。
weixue0806,美容护肤,睫毛刷的哪个[比心][比心][比心][比心],1,该用户想询问直播中推荐的睫毛刷具体是哪一款产品，并表达了对该产品的强烈兴趣和喜爱。
weixue0806,美容护肤,补水保湿水,1,该用户可能在询问直播间是否有补水保湿功效的化妆水产品，并对其具体效果或购买方式感兴趣。
weixue0806,美容护肤,油霜油霜油霜油霜,1,该用户可能是急切询问或反复强调某款名为“油霜”的产品，表达强烈的购买兴趣或希望主播重点介绍该商品。
weixue0806,美容护肤,好漂亮[比心],0,该用户是在夸赞主播或展示的商品外观吸引人，并附带友好互动情绪。
weixue0806,美容护肤,干皮用水还是乳[比心][比心][比心],1,该用户是在询问干性皮肤适合使用化妆水还是乳液，并表现出对产品的兴趣和积极互动态度。
weixue0806,美容护肤,大厂没有妈妈陪开心,0,该用户可能在调侃主播忙于直播带货而忽略了陪伴家人，以此表达对主播工作状态的幽默式关心或轻微吐槽。
weixue0806,美容护肤,面膜和精华先用那一个,0,该用户想咨询护肤品的使用顺序，表明对产品组合的实际应用存在购买决策阶段的细节需求。
weixue0806,美容护肤,10号还能加吗,1,该用户是在询问10号商品是否还能追加库存或继续参与购买活动。
weixue0806,美容护肤,有洗衣液吗?,1,该用户可能在询问直播间是否售卖洗衣液产品，表达了对该商品的潜在购买兴趣。
weixue0806,美容护肤,"姐姐,在游戏中被人骂了要怎么回怼啊",0,该用户可能是在以调侃或转移话题的方式表达对直播内容的兴趣不足，试图通过无关提问引起主播互动或调节气氛。
weixue0806,美容护肤,毛孔大推荐哪一款,1,该用户想询问主播针对毛孔粗大的皮肤问题推荐哪款产品。
weixue0806,美容护肤,你有小号吗姐姐?我刚刷到你的一个小号,0,该用户可能是对主播的其他账号内容感兴趣，想确认是否是其小号以便关注更多相关内容。
weixue0806,美容护肤,修复用什么,1,该用户想询问直播间推荐的产品中哪一款适合修复肌肤问题（如修复屏障、痘印等）。
weixue0806,美容护肤,面膜哪一款可以让皮肤细腻,1,该用户想咨询哪款面膜产品具有改善肤质、使皮肤更加细腻的功效。
weixue0806,美容护肤,姐姐毛孔粗大你的面膜可以改善吗?[流泪],1,该用户想表达的含义是：询问主播推荐的面膜是否能有效改善自己毛孔粗大的问题，并透露出对产品效果的迫切需求。
weixue0806,美容护肤,下睫毛化妆了有细纹用什么下睫毛化妆了有细纹用什么,1,该用户想表达的含义是：化妆后下睫毛部位出现细纹，应该使用什么产品来解决这个问题。
weixue0806,美容护肤,"粉底液,粉底液,粉底液,粉底液,粉底液",1,该用户急切想了解或购买直播间推荐的粉底液产品。
weixue0806,美容护肤,眼部紧致的买哪个,1,该用户想表达的含义是：询问直播间推荐哪款产品能有效改善眼部松弛问题。  （结合前文弹幕多为护肤品类咨询和具体功效提问，可推断用户关注产品功能，且语境为直接选购导向的直播互动。）
weixue0806,美容护肤,肿眼泡咋整,0,该用户想询问针对肿眼泡问题的美妆产品或护理建议。
weixue0806,美容护肤,睫毛怎么养,1,"该用户想表达的含义是：咨询如何通过产品或护理方法促进睫毛生长或保养。  （结合前文弹幕中高频出现的美妆护肤类问题，如""睫毛刷的哪个""""修复用什么""等，可推断用户关注点集中在具体功效的解决方案上，且语境为寻求主播的专业建议。）"
weixue0806,美容护肤,大师怎么用,1,该用户可能在询问主播推荐的产品具体使用方法或操作步骤。
weixue0806,美容护肤,脸起皮泛红用哪个啊,1,该用户想询问针对脸部起皮和泛红症状的护肤品推荐。
weixue0806,美容护肤,气垫讲讲呗,1,该用户想表达的含义是：希望主播详细介绍某款气垫产品的功能或使用效果。
weixue0806,美容护肤,睫毛膏是哪一个,1,该用户想询问主播正在展示或推荐的睫毛膏具体是哪一款产品。
weixue0806,美容护肤,美白跟大师都买了告诉我耳钉怎么买,1,该用户想表达的含义是：看到别人购买了美白产品和大师推荐的商品，自己也想知道耳钉的购买方式。
weixue0806,美容护肤,脸黄用哪一种,1,该用户想询问主播针对肤色暗黄问题推荐哪款产品。
weixue0806,美容护肤,"45岁买了6号油,合适吗",1,该用户是在询问45岁年龄段使用6号护肤油是否适合自身肤质需求。
weixue0806,美容护肤,黄黑皮也可以变白吗,0,该用户可能在询问直播间推荐的美白产品是否适合肤色偏黄或偏黑的肤质使用。
weixue0806,美容护肤,有什么,0,该用户想询问直播间正在介绍或展示的产品中是否有适合自己需求的款式或类型。
weixue0806,美容护肤,"我下單了,顯示5片???",0,该用户因购买后对商品数量存在疑问，正在向主播确认订单显示的五片是否与预期一致。
weixue0806,美容护肤,1和5,0,该用户想表达的含义是：询问产品编号1和5的具体功效或适用情况。
weixue0806,美容护肤,19可以用哪些产品,1,该用户是在询问适合19岁年龄段使用的护肤或化妆品推荐。
weixue0806,美容护肤,雪姐姐听一下KK的声音,0,该用户可能是想让主播“雪姐姐”关注或回应另一位用户“KK”提出的问题或需求。
weixue0806,美容护肤,"姐姐,换季皮肤干燥而且起皮还红,有没有推荐的面霜[捂脸]",1,该用户想表达的含义是：因换季导致皮肤敏感出现干燥、起皮和泛红问题，希望主播推荐一款适合的面霜产品。
weixue0806,美容护肤,好多拿你的视频在卖眼油,0,该用户可能是在提醒主播或表达疑惑：网上有很多人盗用你的视频内容来推销眼油产品。
weixue0806,美容护肤,讲下眼油,1,该用户希望主播详细介绍眼部精华油产品的功效和使用方法。
weixue0806,美容护肤,"粉底液,粉底液,粉底液,粉底液,粉底液,粉底液,粉底液,粉底液,粉底液,粉底液,粉底液,粉底,粉底液",1,该用户急切希望主播重点讲解或推荐粉底液产品。  （释义依据：高频重复关键词体现强烈需求，且前文弹幕多为具体产品咨询，用户可能因未得到及时回应而通过刷屏引起注意。）
weixue0806,美容护肤,眼袋严重有什么好用的眼霜吗,1,该用户想表达的含义是：询问针对眼袋问题的有效眼霜推荐，表现出明确的购买意向和产品需求。
weixue0806,美容护肤,亲爱的睡衣有吗,1,该用户是在询问直播间是否有售卖适合女性穿着的睡衣产品。
weixue0806,美容护肤,有祛痘的吗问了好久了[捂脸],1,该用户急切地询问直播间是否有祛痘产品，并暗示自己多次提问未得到回应而略显焦急。
weixue0806,美容护肤,买了油怎么用?,1,该用户想表达的含义是：已经购买了这款油但不确定具体的使用方法，希望主播能详细讲解操作步骤。
weixue0806,美容护肤,睫毛膏是哪个牌子呀,1,该用户想表达的含义是：询问当前介绍的睫毛膏品牌信息以便考虑购买。
weixue0806,美容护肤,泪沟用那个泪沟用那个泪沟用那个泪沟用那个泪沟用那个泪沟用那个泪沟用那个泪沟用那个泪沟用那个,1,该用户急切询问主播推荐适用于改善泪沟问题的产品。  （释义依据：结合前文弹幕中高频出现的具体护肤需求提问（如眼袋、眼霜、祛痘等），以及重复句式体现的迫切性，可推断用户以刷屏方式强调对“泪沟”相关产品的强烈关注，意图获得主播针对性解答。）
weixue0806,美容护肤,189元有31片?,1,该用户可能在询问产品价格与数量的对应关系，隐含对商品性价比的关注或对促销信息的确认。
weixue0806,美容护肤,"皮肤毛孔粗大,该用哪一款",1,该用户想表达的含义是：针对自己毛孔粗大的皮肤问题，询问直播间推荐适合的产品。
weixue0806,美容护肤,大师好用吗,1,该用户是在询问主播推荐的产品（可能指“大师”系列化妆品）的实际使用效果和体验如何。
weixue0806,美容护肤,干皮适合哪款面膜,1,该用户想表达的含义是：询问主播针对干性皮肤推荐合适的面膜产品。  （结合前文语境，直播间讨论集中在护肤产品推荐和适用性问题上，用户提问动机明确，属于典型的购买咨询类弹幕。）
weixue0806,美容护肤,"姐姐,脸上有褶子了,能推荐一下做什么项目性价比高一些吗?",0,"该用户想表达的含义是：向主播咨询针对面部皱纹的高性价比医美或护肤方案。  （解析：结合语境中大量关于皮肤问题的咨询和产品推荐请求，该用户以""姐姐""称呼主播，语气亲近，核心诉求是解决面部皱纹问题，并强调""性价比高""，表明其带有明确消费意向的咨询动机。）"
weixue0806,美容护肤,"你有小号吗,卖的洗面奶咋不一样,[捂脸][衰]",0,该用户可能在质疑直播间售卖产品的真实性或一致性，怀疑主播用小号销售不同版本的洗面奶。
weixue0806,美容护肤,先用美白精华再美白面膜吗,1,该用户是在咨询美白产品的使用顺序，想确认精华和面膜的先后步骤以优化护肤效果。
weixue0806,美容护肤,"雪,每天都这么美丽[比心][比心][比心][比心]",0,该用户可能是主播的粉丝，通过热情赞美主播并发送比心表情来表达喜爱和支持，但并未直接表现出对商品的购买兴趣。
weixue0806,美容护肤,"[比心]拍了,唇釉",0,该用户想表达的含义是：已经下单购买了刚才推荐的唇釉产品，并用比心表情表达对主播的喜爱和支持。
weixue0806,美容护肤,美白要不要洗?,1,该用户可能是想询问美白产品是否需要清洗步骤，或咨询使用美白产品后的清洁注意事项。
weixue0806,美容护肤,面膜敷完不洗直接护肤吗,1,该用户是在询问面膜使用后是否需要清洗再进行后续护肤步骤，表现出对产品使用方法的关注和潜在的购买意向。
weixue0806,美容护肤,有什么面膜推荐吗,1,该用户想表达的含义是：想了解适合自己肤质或需求的面膜产品推荐。
weixue0806,美容护肤,你什么星座,0,该用户可能想通过星座话题拉近与主播的距离，间接表达对主播个人或推荐产品的兴趣。
weixue0806,美容护肤,那天的油错过了,1,该用户想表达的含义是：之前直播中推荐的油类产品没来得及购买感到遗憾。  （解析：结合前文弹幕中关于护肤美妆产品的密集提问和购买咨询，尤其是“买了油怎么用?”等关联内容，可推断“那天的油”指某次直播中推荐过的商品，用户因错过促销或库存而懊悔，隐含希望再次上架或补货的潜在需求。）
weixue0806,美容护肤,油霜油霜油霜油霜油霜油霜,1,该用户可能是急切地询问或强调关于“油霜”产品的信息，比如想了解功效、价格或使用方法，也可能是在催促主播介绍或上架该商品。
weixue0806,美容护肤,衣服衣服衣服衣服衣服衣服衣服衣服,1,该用户想表达的含义是：强烈要求主播展示或介绍衣服类产品。  （结合前文弹幕多为具体产品询问或购买意向，重复高频词“衣服”可推断用户急切希望主播关注服装品类，可能是催促讲解、上新或对当前展示内容不满。）
weixue0806,美容护肤,讲一下美白面膜怎么用?,1,该用户想了解美白面膜的具体使用方法，可能对产品功效感兴趣并考虑购买。
weixue0806,美容护肤,我脸很垮很松用什么好啊,1,该用户想表达的含义是：询问针对面部皮肤松弛下垂问题的产品推荐。
weixue0806,美容护肤,"介绍一下,洗澡的",1,"该用户想表达的含义是：请详细讲解一下洗澡时使用的产品（如沐浴露、磨砂膏等）。 （结合前文弹幕高频出现护肤/美妆产品咨询的语境，且有多条关于身体护理的提问，用户省略了""产品""等中心词是直播间常见表达习惯）"
weixue0806,美容护肤,大师怎么用呢,0,该用户想询问主播推荐的产品（可能是“大师”系列）的具体使用方法和步骤。
weixue0806,美容护肤,讲下身体乳好吗,1,该用户想了解主播对某款身体乳产品的详细介绍，可能对其功效或使用方法感兴趣。
weixue0806,美容护肤,那些什么小号应该都不是你吧,0,该用户可能是在质疑直播间中某些疑似冒充主播的小号，担心这些账号推销的产品与主播推荐的不一致，从而表达了对商品来源真实性的疑虑。
weixue0806,美容护肤,胶原面膜不卖了吗?,1,该用户是在询问胶原面膜是否已经下架或停止销售，表现出对该产品的购买意向或关注。
weixue0806,美容护肤,"亲爱的,眼睛怎么保持清澈干净呢?亲爱的,眼睛怎么保持清澈干净呢",0,该用户可能是在询问如何通过护肤或保养方法让眼睛看起来更明亮有神。
weixue0806,美容护肤,水光面膜不上了吗,1,该用户是在询问直播间是否还会继续售卖之前提到的水光面膜产品。
weixue0806,美容护肤,1.5推荐哪个美白,1,该用户想询问主播在1.5万元预算范围内推荐哪款美白产品效果最好。
weixue0806,美容护肤,好想知道你女儿长什么样肯定被养得很好吧[流泪],0,该用户可能在表达对主播家庭生活的羡慕和情感共鸣，暗示对主播育儿方式的认可，而非直接的商品购买兴趣。
weixue0806,美容护肤,用完需要洗脸吗?,1,该用户是在询问产品使用后是否需要清洁步骤，表现出对使用方法的关注和潜在的购买意向。
weixue0806,美容护肤,美白的面膜能当加一层油做三明治护肤吗?,1,该用户是在询问美白面膜是否可以叠加护肤油使用，以实现“三明治”式的分层护肤效果。
weixue0806,美容护肤,正在敷大师,0,该用户想表达的含义是：我正在使用刚才提到的那款“大师”面膜。
weixue0806,美容护肤,14号链接,1,该用户想询问或确认直播间14号链接对应的商品详情。
weixue0806,美容护肤,"经常在室外晒的,推荐哪款面膜好?",1,该用户想表达的含义是：询问适合户外暴晒后使用的修复面膜推荐。
weixue0806,美容护肤,美白几号比较好,1,该用户想询问直播间推荐的美白产品中哪一款效果更佳。
weixue0806,美容护肤,脸挎怎么办,0,该用户想表达的含义是：我的脸部皮肤松弛下垂，该用什么产品来改善？
weixue0806,美容护肤,用了精华再敷面膜吗用了精华再敷面膜吗用了精华再敷面膜吗用了精华再敷面膜吗用了精华再敷面膜吗,1,该用户想表达的含义是：询问使用精华液后是否需要再敷面膜的护肤步骤。
weixue0806,美容护肤,"不理我,难过[捂脸]",0,该用户因未得到主播及时回应而感到失落，希望通过表达情绪来引起关注。
weixue0806,美容护肤,"下睫毛化妆了有细纹用什么,下睫毛化妆了有细纹用什么",1,该用户可能在询问针对下睫毛化妆后出现细纹的解决方案，希望主播推荐相关产品或护肤方法。
weixue0806,美容护肤,姐姐你咋这么美呢,0,该用户是在通过赞美主播的外貌来拉近距离，试图获得主播的关注和互动回应。
weixue0806,美容护肤,可以卖衣服,0,该用户可能是想询问主播是否会推出服装类商品，或是建议直播间增加服饰品类。
weixue0806,美容护肤,晚上用1号还是5号,1,该用户是在询问主播推荐晚上使用1号还是5号产品进行护肤。
weixue0806,美容护肤,隔离有推荐的吗?,1,该用户是在询问直播间是否有推荐的隔离霜产品。
weixue0806,美容护肤,说一下呗,0,该用户可能在催促主播详细讲解某个产品的功效或使用方法。
weixue0806,美容护肤,"拍了大师,怎么用",1,"该用户想表达的含义是：已经下单购买了""大师""产品，但不知道具体使用方法。"
weixue0806,美容护肤,2和5年,1,该用户可能在询问产品（如面膜或精华）的使用周期或保质期，具体是想了解“2年和5年”哪个更适合自己。
weixue0806,美容护肤,配的精华怎么用,1,该用户想询问配套精华的使用方法或步骤。
weixue0806,美容护肤,"亲爱的,睡衣有吗",1,该用户想询问直播间是否有睡衣类商品在售。
weixue0806,美容护肤,1号和5号什么区别,1,该用户想询问直播中推荐的1号和5号产品在功能或使用效果上的具体差异。
weixue0806,美容护肤,屏障受损怎么办呀,0,该用户可能在询问针对皮肤屏障受损问题的护肤产品推荐或解决方案。
weixue0806,美容护肤,5片200?,1,该用户可能在询问产品规格是否为“5片装售价200元”，表现出对价格和数量的具体关注。
weixue0806,美容护肤,韩束和大师哪个更温和,1,该用户是在比较两款产品的温和性，想了解哪一款更适合敏感肌肤使用。
weixue0806,美容护肤,"姐姐毛孔粗大,你有推荐的面膜可以改善吗?[流泪]",1,该用户想表达的含义是：咨询主播针对毛孔粗大的肌肤问题是否有合适的面膜产品推荐，并流露出对皮肤状况的焦虑情绪。
weixue0806,美容护肤,你用什么唇膏好好看,1,该用户想表达的含义是：询问主播使用的唇膏品牌或色号，并间接表达自己对该产品的购买兴趣。
weixue0806,美容护肤,"洗面奶,可以试用吗?",1,该用户是在询问洗面奶是否支持试用装或退换服务，表现出对产品实际效果的关注和潜在的购买意向。
weixue0806,美容护肤,19号链接讲讲,1,该用户希望主播详细介绍商品列表中编号19号产品的相关信息。
weixue0806,美容护肤,21号可以讲一下么,1,该用户希望主播详细讲解21号商品链接的产品信息或使用方式。
weixue0806,美容护肤,眼部补充胶原蛋白有没有推荐,1,该用户想表达的含义是：想咨询主播是否有适合补充眼部胶原蛋白的产品推荐。
weixue0806,美容护肤,最晒黑了用那个面膜,1,该用户想询问主播是否有适合晒后修复的美白面膜推荐。
weixue0806,美容护肤,"水光和美白都买了,可以交叉用吗",1,该用户想确认已购买的两种护肤品是否可以搭配使用以达到更好的效果。
weixue0806,美容护肤,韦雪什么星座,0,该用户可能是对主播韦雪的个人特质感兴趣，想通过星座了解她的性格或产品推荐风格。
weixue0806,美容护肤,今天会有胶原面膜吗,1,该用户是在询问直播间是否会上架胶原蛋白面膜产品，表现出对该品类有明确的购买意向。
weixue0806,美容护肤,189拍下是6盒面膜是吧,1,该用户是在确认以189元的价格购买是否包含6盒面膜的产品规格。
weixue0806,美容护肤,精华油怎么用?,1,该用户想询问精华油的具体使用方法和步骤。
weixue0806,美容护肤,衣服衣服衣服衣服衣服衣服衣服,1,该用户想表达的含义是：强烈催促主播赶紧介绍或上架衣服相关的商品。
weixue0806,美容护肤,8号那个是早晚一个吗,1,该用户是在询问8号产品是否是早晚各使用一次的套装。
weixue0806,美容护肤,要睫毛,1,该用户想表达的含义是：询问是否有睫毛相关产品推荐或介绍。
weixue0806,美容护肤,"我下單了,為什麼顯示5片???",0,用户对订单中显示的商品数量与预期不符感到疑惑，希望确认购买的面膜是否是5片装。
weixue0806,美容护肤,2和5哪个好,1,该用户想询问直播间推荐的产品中编号2和5的对比优劣以便做出购买决策。
weixue0806,美容护肤,大师一周用几次,1,"该用户想询问主播推荐的产品（""大师""系列）适合的使用频率。"
weixue0806,美容护肤,1号讲讲,1,该用户希望主播详细介绍1号产品的相关信息。
weixue0806,美容护肤,有祛痘的吗问了好久了,1,该用户急切地询问直播间是否有祛痘产品，并强调自己已经多次提问但未得到回应。
weixue0806,美容护肤,是要拍6件吗,0,该用户是在确认购买数量是否为6件，可能对商品详情或促销规则存在疑问。
weixue0806,美容护肤,白月光面膜,1,"该用户可能在询问直播间是否有推荐或介绍名为""白月光""的面膜产品。"
weixue0806,美容护肤,大师是什么,1,"该用户可能在询问直播中提到的某款产品（如面膜或护肤品）的使用频率或适用人群，具体指向""大师""这一产品名称或昵称的相关信息。"
weixue0806,美容护肤,下睫毛呢[比心][比心][比心][比心][比心][比心][比心][比心],0,该用户可能是在询问或强调关于“下睫毛”产品的信息，并表现出较高的兴趣和期待。
weixue0806,美容护肤,是的是的,0,该用户可能是在附和主播刚刚介绍的产品信息或优惠活动，表示认同或确认。
weixue0806,美容护肤,"皮肤毛孔粗大,用哪一款,韦姐姐[比心]",1,该用户是在向主播咨询适合改善毛孔粗大问题的护肤品推荐，并表现出对主播的信任和亲切感。
weixue0806,美容护肤,2号说一下,1,该用户想表达的含义是：请主播详细介绍2号产品的信息或使用建议。
weixue0806,美容护肤,把手机砸了,0,该用户可能是在用夸张的方式表达对直播内容或产品的强烈兴趣或兴奋情绪，类似于“这也太让人心动了吧”。
weixue0806,美容护肤,泛红有什么产品吗,1,该用户想询问直播间是否有针对皮肤泛红问题的护肤产品。
weixue0806,美容护肤,眼部精华,1,该用户可能是想询问关于眼部精华产品的具体信息或表达对这类产品的购买兴趣。
weixue0806,美容护肤,"189显示只有5片,189到手是31片还是5片",1,该用户对商品的实际到手数量存在困惑，希望确认189元的价格究竟是购买5片还是31片（6盒）面膜。
weixue0806,美容护肤,下睫毛是啥,1,该用户可能在询问主播提到的“下睫毛”相关产品的具体信息或使用方法，表现出对美妆产品的潜在购买兴趣。
weixue0806,美容护肤,精华油怎么用,1,该用户可能是在询问精华油的具体使用方法和步骤，表明对产品功能产生了兴趣并希望获得使用指导。
weixue0806,美容护肤,姐姐好温柔哦,0,该用户可能是在表达对主播亲切形象的认可，以此拉近距离后便于后续咨询产品问题。
weixue0806,美容护肤,防晒霜有点辣眼睛[苦涩],0,该用户可能是在使用防晒霜后感到不适，委婉表达对产品体验的疑虑或希望主播推荐更温和的替代品。
weixue0806,美容护肤,"姐,推荐纹眉不",1,该用户想询问主播是否建议尝试纹眉项目，隐含对相关服务的潜在购买意向。
weixue0806,美容护肤,胶原灌注面膜几号,1,该用户是在询问直播间推荐的“胶原灌注面膜”对应的产品编号或链接序号，以便进一步了解或购买。
weixue0806,美容护肤,1号和5号哪个好用,1,该用户想询问主播对1号和5号产品的使用效果对比，以便做出购买决策。
weixue0806,美容护肤,19可以用哪些护肤,1,该用户想询问适合19岁年龄段使用的护肤产品推荐。
weixue0806,美容护肤,2和5哪个好面模,1,"该用户是在询问直播间推荐的2号和5号面膜中哪一款效果更好，希望主播能对比推荐。  （分析依据：结合前文高频出现的产品编号提问（如""1号和5号哪个好用""）、面膜类产品讨论（如""白月光面膜""）以及用户主动寻求产品建议的互动模式，可判断该弹幕属于典型的产品选购咨询，核心诉求是获取对比信息以辅助购买决策。）"
weixue0806,美容护肤,姐姐好温柔,0,该用户通过称赞主播的亲和力来间接表达对直播内容的好感，可能为进一步互动或购买做铺垫。
weixue0806,美容护肤,她想你陪,0,该用户可能在委婉询问主播是否推荐适合情侣或伴侣共同使用的产品。
weixue0806,美容护肤,我女儿说丁玲桄榔就静音[捂脸],0,该用户想表达的含义是：女儿觉得直播间的背景音太吵，直接关掉了声音。  （结合前文弹幕多为护肤产品咨询和互动，该弹幕属于闲聊吐槽，未直接体现购买意向，更多是家庭场景下的互动反馈。）
weixue0806,美容护肤,"拍了15,试试,好再来[比心]",1,该用户表示已下单购买15号产品，打算试用后根据效果决定是否复购，并附上友好互动表情。
weixue0806,美容护肤,你打过美白针吗有什么副作用,0,该用户可能是在询问主播是否亲身尝试过美白针以及相关副作用，以此评估产品的安全性和效果，表现出对美白针的潜在购买兴趣和顾虑。
weixue0806,美容护肤,之前水光面膜不上了吗,1,该用户是在询问直播间是否还会继续售卖之前推荐过的水光面膜产品。
weixue0806,美容护肤,"姐姐,我分手了好难过,他冷暴力[流泪]",0,该用户并非在表达购买意向，而是在向主播倾诉情感困扰以寻求安慰。
weixue0806,美容护肤,"粉粉,粉粉,粉粉,粉粉",0,该用户可能是在重复主播昵称或产品关键词（如“粉粉”可能指某款粉色系产品），表达对特定商品的强烈兴趣或催促主播详细介绍/展示该产品。  （结合前文弹幕中频繁出现的产品咨询和互动风格，“粉粉”更可能是对商品的指向性呼唤而非单纯刷屏，符合直播间用户集中提问护肤美妆产品的语境。）
weixue0806,美容护肤,皮肤暗黄有斑拍哪个,1,该用户想询问主播针对自己皮肤暗沉和色斑问题应该选择哪款产品。
weixue0806,美容护肤,纹眉推荐不,1,该用户是在询问主播是否推荐纹眉项目或产品，表现出对纹眉服务的潜在购买兴趣。
weixue0806,美容护肤,很自然,0,该用户可能是在评价主播推荐的某款产品（如粉底液或护肤品）的妆效或使用感非常自然贴服。
weixue0806,美容护肤,"皮肤毛孔粗大,用哪一款,韦婕妤[比心]",1,该用户想表达的含义是：咨询针对毛孔粗大的护肤品推荐，并表现出对主播韦婕妤的信任和好感。
weixue0806,美容护肤,补水面膜那个好啊,1,该用户想询问主播推荐一款效果好的补水面膜产品。
weixue0806,美容护肤,胶原蛋白霜,1,该用户可能在询问关于胶原蛋白霜的具体信息，比如功效、适用肤质或购买方式，表现出对产品的兴趣和潜在的购买意向。
weixue0806,美容护肤,"早了,是用那个",0,该用户可能是在询问产品使用时机或适用场景，暗示对某款产品有购买意向但需要确认是否适合当前需求。
weixue0806,美容护肤,白天用大师面膜吗?,1,该用户可能是在询问主播推荐的面膜是否适合白天使用。
weixue0806,美容护肤,你有小号吗姐姐我刚刷到一个你的小号,0,该用户可能是在询问主播是否有其他社交账号，并表达自己刚发现了疑似主播的小号，带有好奇或求证的语气。
weixue0806,美容护肤,1号和2号面膜有啥区别,1,该用户想了解1号和2号面膜的具体功能差异，以便做出购买决策。
weixue0806,美容护肤,雪可以卖衣服,0,该用户可能是想询问主播展示的某款服装是否可以购买，或者误将“买”打成了“卖”。
weixue0806,美容护肤,姐姐眼袋黑眼圈好重,0,该用户可能在委婉询问主播推荐改善眼袋和黑眼圈的产品。
weixue0806,美容护肤,"CEMOY澳诗茉什么时候用啊,用油后还可以用吗,CEMOY澳诗茉什么时候用啊,用油后还可以用吗",1,该用户想询问CEMOY澳诗茉产品的具体使用时机，并确认该产品能否在护肤油步骤后叠加使用，表现出对产品使用方法的明确需求。
weixue0806,美容护肤,两个油你用最多的油是那个,1,该用户是在询问主播两款护肤油中哪一款的使用频率更高或更受推荐。
weixue0806,美容护肤,敷完面膜要洗吗,1,该用户想询问面膜使用后的清洁步骤，以确认产品是否需要冲洗，表现出对产品具体使用方法的关注和潜在的购买意向。
weixue0806,美容护肤,下睫毛也是贴的吗,1,该用户可能是在询问主播妆容细节，暗示对同款假睫毛或化妆技巧产生购买兴趣。
weixue0806,美容护肤,讲讲10号,1,该用户可能是想询问主播详细介绍10号产品的功能或使用方式。
weixue0806,美容护肤,经常在外面晒的.推荐哪款面膜?,1,该用户想询问适合户外防晒后使用的面膜推荐。  （释义依据：结合“经常在外面晒”的日常场景和“推荐哪款”的明确需求，用户核心诉求是寻找针对日晒后肌肤修复或防护的面膜产品，且语境中此前弹幕多次提及具体护肤品类和功效，说明直播间主题为美妆护肤推荐。）
weixue0806,美容护肤,美白抗皱面膜,1,该用户可能在询问适合美白抗皱功效的面膜产品，或表达对这类产品的购买兴趣。
weixue0806,美容护肤,建议纹眉毛吗,1,该用户想咨询纹眉项目的效果和推荐意见，表现出对美容服务的潜在购买兴趣。
weixue0806,美容护肤,沐浴乳和露推荐一下哪个味道的,1,该用户想询问主播推荐沐浴乳和沐浴露中哪种香味更值得购买。
weixue0806,美容护肤,五号链接我拍的,0,该用户想表达的含义是：我已经下单购买了五号链接的商品。
weixue0806,美容护肤,用完美白面膜需要洗脸吗,1,该用户想询问使用完美白面膜后是否需要清洁面部，以确认正确的护肤步骤。
weixue0806,美容护肤,刚拍了2号那个怎么使用的啊,1,该用户想确认刚下单的2号产品的具体使用方法。
weixue0806,美容护肤,我也是哦,0,该用户想表达的含义是：自己和前面某位观众有相同的疑问或购买意向。
weixue0806,美容护肤,祛斑的面膜,1,该用户可能在询问直播间是否有针对祛斑功效的面膜产品。
weixue0806,美容护肤,眼珠子,0,该用户可能是在询问主播关于某款眼部产品（如美瞳或眼霜）的信息。
weixue0806,美容护肤,今天没面膜吗?,1,该用户可能在询问直播间是否会上架或推荐面膜产品，表现出对面膜类商品的关注和购买意向。
weixue0806,美容护肤,耳钉有吗,1,该用户是在询问直播间是否有耳钉类商品在售。
weixue0806,美容护肤,"CEMOY澳诗茉什么时候用啊,用油后还可以用吗",1,该用户想询问CEMOY澳诗茉产品的使用时机，并确认其与护肤油的先后使用顺序是否冲突。
weixue0806,美容护肤,不用洗脸了吗用了美白面膜以后,1,该用户想询问使用美白面膜后是否可以省略日常的洁面步骤。
weixue0806,美容护肤,这两个美白面膜买哪个?,1,该用户正在两款美白面膜之间犹豫，希望主播能给出选购建议。
weixue0806,美容护肤,我还想用问下怎么用那个油,1,该用户想咨询产品使用步骤，具体是想了解护肤油的正确使用方法。
weixue0806,美容护肤,鼻子做过吗,0,该用户可能在询问主播是否进行过鼻部整形或微调。
weixue0806,美容护肤,我想问一下这个精华油是用完洗面奶之后直接用吗,1,该用户想询问精华油的使用步骤是否在洁面后直接涂抹。
weixue0806,美容护肤,睫毛是带胶的么,1,该用户是想确认产品（假睫毛）是否附带胶水以便使用。
weixue0806,美容护肤,你在哪个整形医院做的鼻子好看,0,该用户可能是在询问主播的鼻子整形效果，并有意向了解推荐的医院信息。
weixue0806,美容护肤,我也是狮子座[看],0,该用户想表达的含义是：自己和主播或之前提到的某位观众是同一个星座，以此拉近关系或表示认同。
weixue0806,美容护肤,你和我一样的星座,0,该用户想表达的含义是：我和主播是同一个星座，感到有共鸣或亲近感。
weixue0806,美容护肤,"嗯,姐姐好",0,该用户可能是在友好互动，表达对主播的亲切感或认可其表现。
weixue0806,美容护肤,想要同款美瞳,1,该用户对直播中展示的美瞳产品产生了明确的购买意向。
weixue0806,美容护肤,怎么这么美,0,该用户可能是在夸赞主播或展示商品的颜值，表达对产品外观或效果的喜爱和兴趣。
weixue0806,美容护肤,火象星座,0,该用户想表达的含义是：我和主播/其他观众一样是火象星座（白羊、狮子或射手座），借此拉近关系或参与互动。
weixue0806,美容护肤,睫毛膏有推荐的吗?,1,该用户是在询问主播是否有值得推荐的睫毛膏产品，表现出对购买睫毛膏的兴趣和需求。
weixue0806,美容护肤,美白精华,1,该用户可能对直播间推荐的美白精华产品感兴趣，想了解相关功效或购买方式。
weixue0806,美容护肤,十号的油还有吗?,1,该用户是在询问直播间是否还有10号精华油的库存，表现出对该产品的购买意向。
weixue0806,美容护肤,什么睫毛膏呀,1,该用户想询问主播正在展示或推荐的睫毛膏的具体品牌或款式信息。
weixue0806,美容护肤,哪个面膜最厉害,1,该用户想表达的含义是：询问直播间推荐效果最好的面膜产品。
weixue0806,美容护肤,微扎管用吗,0,该用户是在询问直播中提到的“微扎”产品的实际效果是否显著。
weixue0806,美容护肤,下睫毛什么睫毛膏[比心][比心][比心][比心][比心][比心],1,该用户想表达的含义是：询问主播推荐适合刷下睫毛的睫毛膏产品，并附上多个爱心表情表示对主播的喜爱或对产品的兴趣。
weixue0806,美容护肤,胶原面膜还有吗,1,该用户是在询问胶原面膜的库存情况，表现出明确的购买意向。
weixue0806,美容护肤,面膜敷好还要不要护肤,1,该用户是在询问使用面膜后是否还需要进行后续护肤步骤，表现出对产品使用方法的关注和潜在的购买意向。
weixue0806,美容护肤,用什么刷的,0,该用户是在询问主播使用的具体化妆工具或产品名称。
weixue0806,美容护肤,"姐姐可以安慰一下我吗?分手了好难过,他冷暴力,死渣男[流泪][流泪]",0,该用户并非表达购买意向，而是在情感脆弱时寻求主播的情感共鸣和安慰。
weixue0806,美容护肤,敷完之后要不要洗掉,1,该用户是在询问面膜使用后是否需要清洗，以确认后续护肤步骤。
weixue0806,美容护肤,你和kk结婚吗,0,该用户可能是在调侃或八卦主播的个人生活，而非表达购买意向。
weixue0806,美容护肤,有祛痘的吗[捂脸],1,该用户想询问直播间是否有祛痘产品，并用表情符号表达了因长痘困扰而略显尴尬的情绪。
weixue0806,美容护肤,美白面膜见效快吗,1,该用户想询问美白面膜的效果是否显著且能快速看到变化，隐含对产品的功效和时效性的关注，可能带有潜在购买意向。
weixue0806,美容护肤,睫毛膏用的是啥牌子,1,该用户想询问主播使用的睫毛膏品牌以便考虑购买同款。
weixue0806,美容护肤,刚拍了2号那个怎么使用,1,该用户想确认刚下单的2号产品的具体使用方法。
weixue0806,美容护肤,眼袋严重有好用的眼霜吗,1,该用户想表达的含义是：咨询是否有针对眼袋问题的有效眼霜产品推荐。
weixue0806,美容护肤,粉底液用的什么品牌吖,1,该用户想表达的含义是：对主播使用的粉底液品牌产生兴趣并希望获得推荐。
weixue0806,美容护肤,卡粉用什么面膜好,1,该用户想表达的含义是：询问适合解决卡粉问题的面膜推荐。
weixue0806,美容护肤,我也感觉今天的妆好好看,0,该用户可能是在称赞主播的妆容效果，并间接询问所使用的化妆品品牌或技巧。
weixue0806,美容护肤,眼睛护理的,0,该用户可能在询问直播间是否有推荐的眼部护理产品或相关使用建议。
weixue0806,美容护肤,唇膏有没有链接,1,该用户是在询问主播展示的唇膏产品是否已上架购物链接，表达出明确的购买意向和行动意愿。
weixue0806,美容护肤,馥绿德雅再生精华试试,1,该用户想表达的含义是：对馥绿德雅再生精华这款产品感兴趣，想尝试购买或了解效果。
weixue0806,美容护肤,姐姐太美啦[比心],0,该用户主要是在夸赞主播的外貌和妆容，表达对主播的喜爱和欣赏，但并未直接表现出对产品的购买兴趣。
weixue0806,美容护肤,啥睫毛膏,1,该用户是在询问主播当前使用的睫毛膏品牌或具体产品信息。
weixue0806,美容护肤,油霜油霜油霜油霜油霜油霜油霜油霜,1,该用户可能是在急切询问或反复强调某款“油霜”产品的信息，表达强烈的购买兴趣或对产品的关注。
weixue0806,美容护肤,用的哪款睫毛膏,1,该用户是在询问主播当前使用的睫毛膏品牌或具体产品型号，意图获取美妆产品信息以便参考购买。
weixue0806,美容护肤,眼下有皱纹吗姐,0,该用户是在询问主播使用的眼霜是否能有效改善眼下皱纹问题。
weixue0806,美容护肤,"水光和美白都买了,交叉用吗????",1,该用户想表达的含义是：询问已经购买的水光和美白产品是否可以交替使用以达到更好的效果。
weixue0806,美容护肤,"晒斑怎么挽救,能不能看一下我这条信息",0,该用户想询问主播如何改善晒斑问题，并希望得到针对性的解答和关注。
weixue0806,美容护肤,口红是啥,1,该用户可能是对当前直播中提到的口红产品感到好奇，想询问具体品牌或色号信息。
weixue0806,美容护肤,雪～为什么没有贴贴霜了呀,1,该用户是在询问直播间之前推荐过的“贴贴霜”产品为何缺货，并表达了对该产品的购买兴趣。
weixue0806,美容护肤,"那你脖子的吊坠,挺好看的",1,该用户对主播佩戴的吊坠产生了兴趣，暗示想了解购买信息或商品链接。
weixue0806,美容护肤,有眼袋怎么办动刀吗,0,该用户想询问如何有效改善眼袋问题，并想知道是否需要通过手术手段来解决。
weixue0806,美容护肤,有没有防晒霜啊,1,该用户是在询问直播间是否有防晒霜产品可供购买或推荐。
weixue0806,美容护肤,1和5分别什么效果,1,该用户想询问直播中提到的第1款和第5款产品的具体功效或使用效果。
weixue0806,美容护肤,你有没有推荐的睫毛膏,1,该用户想表达的含义是：希望主播能分享一款好用的睫毛膏产品推荐。
weixue0806,美容护肤,有眼纹怎么办??????,0,该用户想表达的含义是：询问主播如何解决眼部皱纹问题，表现出对相关护肤产品的潜在购买兴趣。
weixue0806,美容护肤,什么睫毛膏[比心][比心][比心][比心][比心][比心][比心],1,该用户想表达的含义是：对当前主播使用的睫毛膏产品表现出强烈的兴趣和喜爱，并希望获得产品推荐或购买链接。
weixue0806,美容护肤,雪呀我想买油哪个链接,1,该用户是在询问主播“雪”关于购买护肤油的正确商品链接，表达了对该产品的明确购买意向。
weixue0806,美容护肤,水乳霜推荐一下,1,该用户希望主播能针对水乳霜这类护肤品给出具体的推荐建议。
weixue0806,美容护肤,有什么去纹纹的面膜或者产品,1,该用户想询问直播间是否有能够淡化皱纹的面膜或其他护肤产品推荐。
weixue0806,美容护肤,祛斑用什么精华呀?,1,该用户想表达的含义是：询问主播推荐适合祛斑功效的精华产品。
weixue0806,美容护肤,眼膜没有么,1,该用户是在询问直播间是否有售卖眼膜产品。
weixue0806,美容护肤,有推荐的护发精油吗,1,该用户可能在寻求主播针对护发精油的个性化产品推荐，表现出对护发类产品的明确购买意向。
weixue0806,美容护肤,"眼底化妆了有细纹拍哪个链接,眼底化妆了有细纹拍哪个链接",1,该用户想询问针对眼部细纹问题的具体产品购买链接，表现出明确的购买意向和需求。
weixue0806,美容护肤,胶原灌注面膜有木有?,1,该用户是在询问直播间是否有售卖胶原蛋白灌注面膜这款产品。
weixue0806,美容护肤,你的嘴唇颜色好漂亮,0,该用户可能是在询问主播使用的口红色号或产品信息。
weixue0806,美容护肤,颈纹比较深用啥好?,1,该用户想表达的含义是：询问针对颈部皱纹较深问题的有效护肤产品或解决方案。
weixue0806,美容护肤,1号用完要洗脸么,1,该用户是在询问1号产品使用后是否需要清洁面部，表现出对产品使用方法的关注和潜在的购买意向。
weixue0806,美容护肤,奥佳娜敷多久,1,该用户想询问奥佳娜面膜的使用时长或建议敷用时间。
weixue0806,美容护肤,在敷新品面膜,0,该用户可能在询问主播正在使用的新款面膜的使用效果或购买方式。
weixue0806,美容护肤,红血丝用那个好,1,该用户想表达的含义是：咨询针对红血丝问题的护肤品推荐。
weixue0806,美容护肤,有白头发吗那是,0,该用户可能在询问直播中展示的产品是否有针对白发问题的解决方案。
weixue0806,美容护肤,"亲,我看到广告里的那个两片式的胶原蛋白面膜是哪个链接?",1,该用户是在询问直播广告中提到的某款分片式胶原蛋白面膜的具体购买途径，表现出明确的购买意向和产品需求。
weixue0806,美容护肤,衬衫好看,1,该用户可能是在称赞衬衫的款式并暗示有购买意向。
weixue0806,美容护肤,2和5,1,该用户可能在询问直播间展示的产品列表中编号为2和5的商品的详细信息或购买链接。
weixue0806,美容护肤,你用的什么睫毛膏,1,该用户可能是在询问主播使用的睫毛膏品牌或产品名称，以便参考购买同款。
weixue0806,美容护肤,抖音粉条一万粉丝30元两万粉丝60元三万粉丝120元福利多多,0,该用户可能在推广粉丝增长服务，试图通过价格对比和福利吸引观众购买粉丝量，而非表达对直播商品的购买兴趣。
weixue0806,美容护肤,春夏用啥,1,该用户是在询问适合春夏季节使用的护肤品或化妆品推荐。
weixue0806,美容护肤,那个灌注胶原蛋白的面膜真的好用吗?,1,该用户是在询问胶原蛋白面膜的实际效果如何，表现出对产品的具体功效感兴趣并有意向购买。
weixue0806,美容护肤,美瞳哪个牌子,1,该用户想询问直播间推荐的美瞳品牌选项。
weixue0806,美容护肤,脱毛用什么比较好?想问一下,1,该用户是在咨询脱毛产品的推荐，表现出对当前直播中相关商品的潜在购买兴趣。
weixue0806,美容护肤,怎么又变好看了,0,该用户可能是被主播的外貌或产品效果所吸引，表达了对主播形象变化或产品使用效果的惊喜和赞赏。
weixue0806,美容护肤,去眼纹用哪个,1,该用户想咨询直播间推荐哪款产品能有效改善眼部皱纹问题。
weixue0806,美容护肤,一盒有几片?,1,该用户是在询问产品的具体规格信息，以评估是否满足自身使用需求。
weixue0806,美容护肤,你的睡衣有链接吗,1,该用户是在询问主播身上穿的睡衣是否有对应的商品购买链接，表现出对睡衣款式的兴趣和潜在的购买意向。
weixue0806,美容护肤,那个面膜男士用好一点,1,该用户是在询问哪款面膜更适合男性使用。
weixue0806,美容护肤,极光四季精华和反重力精华功效有何区别?,1,该用户是在询问两款精华产品的具体功效差异，以帮助自己做出购买决策。
weixue0806,美容护肤,"雪,你植过发吗",0,该用户可能是想询问主播是否有使用过植发产品或服务，以此评估相关产品的效果可信度。
weixue0806,美容护肤,这个衣服好好看啊[比心][比心][比心][比心][比心],1,该用户被直播中展示的服装款式强烈吸引，流露出明显的喜爱和潜在购买意向。
weixue0806,美容护肤,有祛痘的吗姐姐问了好久了[捂脸][捂脸][捂脸],1,该用户是在急切地询问直播间是否有祛痘产品，并强调这是替他人反复询问的需求，表达出较强的购买意向和迫切感。
weixue0806,美容护肤,适合熬夜用的面膜,1,该用户可能在询问直播间是否有针对熬夜肌肤修复功效的面膜产品。
weixue0806,美容护肤,还有胶原面膜吗,1,该用户想询问直播间是否还有胶原蛋白面膜的库存或是否仍在售卖。
weixue0806,美容护肤,用了1号链接面膜还用护肤品吗,1,该用户想询问使用1号链接的面膜后是否还需要叠加其他护肤品步骤。
weixue0806,美容护肤,瘦脸针有用吗,1,该用户可能是在询问瘦脸针的实际效果，以评估是否值得购买或进一步了解产品信息。
weixue0806,美容护肤,大师面膜敷完需要洗脸吗,1,该用户想询问使用大师面膜后的护肤步骤是否需要清洁。
weixue0806,美容护肤,卸妆有么,1,该用户是在询问直播间是否有售卖卸妆产品。
weixue0806,美容护肤,睫毛啥牌子呀?,1,该用户是在询问主播推荐的睫毛产品品牌，表现出对产品的具体购买意向。
weixue0806,美容护肤,眼部说下,1,该用户想询问主播介绍关于眼部护理产品或方法的相关信息。
weixue0806,美容护肤,眼睛保养求分享,1,该用户想咨询关于眼部护理产品的推荐或保养方法。
weixue0806,美容护肤,1号2号面膜有什么区别,1,该用户想了解两款面膜的具体功效差异以便做出购买决策。
weixue0806,美容护肤,平时护肤品,1,该用户可能是在询问日常护肤流程中是否需要搭配使用当前推荐的产品。
weixue0806,美容护肤,鼻翼两侧泛红用什么,1,该用户想咨询针对鼻翼泛红问题的护肤产品推荐。
weixue0806,美容护肤,油没了吗,1,该用户可能在询问直播间之前推荐过的护肤油或精油产品是否已经售罄或下架。
weixue0806,美容护肤,眼膜呢,1,该用户是在询问直播间是否有推荐或介绍眼膜产品。
weixue0806,美容护肤,睡衣是哪个,1,该用户想询问主播当前展示的睡衣商品的具体名称或购买链接。
weixue0806,美容护肤,雪～想买贴贴霜,1,"该用户想表达的含义是：对主播推荐的贴贴霜产品产生了明确的购买意向。  （分析依据：前文弹幕多为询问产品功效或使用方式，而目标弹幕直接出现""想买""这一消费动机表达，结合昵称""雪""的称呼和语气词""～""，体现用户与主播的互动信任关系，属于典型兴趣转化节点。）"
weixue0806,美容护肤,院线面膜有吗?,1,该用户是在询问直播间是否有售卖适合在美容院线使用的专业级面膜产品。
weixue0806,美容护肤,黑眼圈怎么治,0,该用户可能在询问直播间是否有针对改善黑眼圈问题的产品或护理方法。
weixue0806,美容护肤,有没有推荐的水啊,1,该用户可能在询问直播间是否有值得推荐的补水产品或护肤水类商品。
weixue0806,美容护肤,闭口用什么,1,该用户想询问针对闭口粉刺问题的护肤产品推荐。
weixue0806,美容护肤,晒黑了用那个面膜,1,该用户想询问是否有适合晒后修复的美白面膜产品。
weixue0806,美容护肤,脸垮适合做什么项目,0,该用户可能在询问适合面部皮肤松弛或衰老问题的医美或护肤项目推荐。
weixue0806,美容护肤,怎么洗干净,1,该用户想询问直播中提到的某款清洁产品（如面膜或洁面用品）的正确使用方法或清洁效果。
weixue0806,美容护肤,闭口怎么办,0,该用户想询问如何解决面部闭口问题，并希望主播推荐相关产品或护理方法。
weixue0806,美容护肤,补充胶原蛋白的面膜勒,1,该用户想询问直播间是否有售卖能够补充胶原蛋白的面膜产品。
weixue0806,美容护肤,有斑怎么弄,0,该用户想咨询如何解决面部色斑问题。
weixue0806,美容护肤,长斑用什么?,1,该用户想询问针对面部色斑问题应该使用什么产品或护肤方法。
weixue0806,美容护肤,胶原蛋白面膜有没有,1,该用户是在询问直播间是否有售卖能补充胶原蛋白的面膜产品。
weixue0806,美容护肤,全身白怎么弄,0,该用户想询问如何解决全身皮肤美白的问题。
weixue0806,美容护肤,我也是毛孔粗大,0,该用户想表达的含义是：我也有毛孔粗大的问题，想了解相关产品推荐或解决方案。
weixue0806,美容护肤,2号链接怎么使用的啊,1,该用户可能对2号链接的产品功能或使用方法存在疑问，想进一步了解详情以便决定是否购买。
weixue0806,美容护肤,睫毛是夹子夹的还是加热烫翘的?,0,该用户是在询问主播展示的睫毛效果是通过物理夹翘还是热烫技术实现的，以此判断产品的使用方法和效果是否符合自身需求。
weixue0806,美容护肤,189下單5片???,1,该用户想确认以189元的价格下单是否能买到5片产品。
weixue0806,美容护肤,三文鱼油上吗,1,该用户是在询问直播中是否会推出三文鱼油产品。
weixue0806,美容护肤,"小金砖的油确实好用,3天皮肤变好了",1,该用户想表达的含义是：对产品效果的肯定和认可，暗示有购买或继续使用的意愿。
weixue0806,美容护肤,两个油有啥区别,1,该用户是在询问两款护肤油产品的具体功效或成分差异。
weixue0806,美容护肤,"我好喜欢你的双眼皮[比心],我也想要,有没有好地方推荐下",0,该用户是在询问主播的双眼皮手术或美容项目的推荐，表达了自己对主播双眼皮效果的喜爱和想要尝试的意愿。
weixue0806,美容护肤,脸干用什么,1,该用户想询问适合脸部干燥问题的护肤产品或解决方案。
weixue0806,美容护肤,有红血丝,0,该用户可能是在询问针对红血丝问题的护肤产品或解决方案。
weixue0806,美容护肤,好白好好看,0,该用户想表达的含义是：对展示的美白产品或效果表示强烈的喜爱和心动。
weixue0806,美容护肤,"姐,我看了一小时有关你的抖音,越看越喜欢你[捂脸][捂脸][捂脸]",0,该用户想表达的含义是：我被主播的个人魅力吸引，产生了强烈的好感和关注意愿。
weixue0806,美容护肤,大师是多少片,1,该用户是在询问产品规格中“大师”系列的面膜一盒包含多少片。
weixue0806,美容护肤,姐姐那个胶原蛋白涂膜怎么用,1,该用户想询问主播推荐的胶原蛋白涂抹面膜的具体使用方法，表现出对产品的兴趣和潜在的购买意向。
weixue0806,美容护肤,胶原蛋白的面膜有吗,1,该用户是在询问直播间是否有售卖含有胶原蛋白成分的面膜产品，表现出明确的购买意向和产品需求。
weixue0806,美容护肤,皮肤很干怎么办,0,该用户想表达的含义是：询问针对皮肤干燥问题推荐什么护肤产品或解决方案。
weixue0806,美容护肤,夏天能用馥郁满满吗,1,"该用户是在询问""馥郁满满""这款产品是否适合夏季使用，隐含对产品功效与季节适配性的购买顾虑。"
weixue0806,美容护肤,除了直播另外有你打广告的单品也是你卖的吗?我看跟直播间的价格差别有点大,0,该用户是在询问直播间外的广告商品是否也由主播销售，并对比价格差异的真实性。
weixue0806,美容护肤,脖子上的是什么牌子?,1,该用户想询问主播佩戴的项链品牌信息，可能对同款商品产生购买兴趣。
weixue0806,美容护肤,怎样算洗干净,0,该用户可能在询问直播中提到的某款清洁产品（如洗面奶或清洁面膜）的正确使用方法和洗净标准。
weixue0806,美容护肤,"鼻子黑头多,怎么弄",0,该用户想表达的含义是：询问针对黑头问题的护肤产品或解决方法。
weixue0806,美容护肤,用什么清洁,1,该用户想询问当前直播推荐的产品中适合用于清洁的具体物品或方法。
weixue0806,美容护肤,油面霜用了长痘,0,该用户可能是在反馈使用油面霜后出现了皮肤问题，暗示对产品效果有疑虑或希望主播能给出解决方案。
weixue0806,美容护肤,"毛孔粗大,用哪一款清洁的?",1,该用户想表达的含义是：针对自己毛孔粗大的问题，询问直播间推荐哪款清洁产品。
weixue0806,美容护肤,功效型美白面膜哪一款,1,该用户想表达的含义是：询问直播间推荐的具体美白面膜产品，希望了解哪款具有实际美白效果。
weixue0806,美容护肤,肯定吖,0,该用户想表达的含义是：对主播推荐的产品或建议表示强烈赞同和认可。
weixue0806,美容护肤,推荐个洗面奶吧,1,该用户希望主播根据当前护肤需求推荐一款适合的洗面奶产品。
weixue0806,美容护肤,很重要,0,该用户想表达的含义是：主播提到的某个产品或护肤步骤对解决自己的问题非常关键。
weixue0806,美容护肤,有痘印用哪个?,1,该用户可能在询问针对痘印问题的产品推荐，表达了对相关护肤产品的购买兴趣。
weixue0806,美容护肤,买了都买了,0,该用户想表达的含义是：已经下单购买了产品，表现出果断的消费行为。  （结合前文弹幕中频繁出现的护肤咨询和产品讨论，可推测该用户是在直播间被种草后迅速完成购买，语气带有轻松或随性的确认感。）
weixue0806,美容护肤,之前推荐的那款胶原蛋白面膜还有吗,1,该用户是在询问之前直播中推荐过的某款胶原蛋白面膜是否仍有库存可供购买。
weixue0806,美容护肤,怎么洗,1,该用户想询问的是产品使用后应该如何正确清洗。
weixue0806,美容护肤,50岁干性皮肤用什么面霜?,1,该用户想询问适合50岁干性肌肤的面霜产品推荐。
weixue0806,美容护肤,"青春期长了满脸的大痘痘怎么了,雪姐",0,该用户想表达的含义是：询问主播针对青春期严重痘痘问题应该使用什么产品或护理方法。
weixue0806,美容护肤,看面霜,1,该用户想表达的含义是：询问直播间是否有面霜产品推荐或介绍。
weixue0806,美容护肤,法令纹跟眼袋怎么弄,0,该用户想表达的含义是：咨询如何改善法令纹和眼袋问题，可能是想寻找相关护肤产品或解决方案。
weixue0806,美容护肤,怎么洗啊,1,该用户想询问产品的具体使用方法或清洁步骤。
weixue0806,美容护肤,姐姐提升做哪些项目?,0,该用户想询问主播推荐适合自己年龄或肤质的护肤或美容项目。
weixue0806,美容护肤,补水用什么面膜,1,该用户想询问直播间是否有适合补水功效的面膜产品推荐。
weixue0806,美容护肤,拍下来大师是多少片,1,该用户是在询问直播中提到的“大师”系列产品的具体规格（片数）。
weixue0806,美容护肤,怎么洗脸干净,1,该用户想表达的含义是：咨询如何选择适合的洁面产品或正确的洗脸方法以达到清洁效果。
weixue0806,美容护肤,如何才发现把脸洗干净了,1,该用户想询问如何判断脸部是否已经彻底清洁干净。
weixue0806,美容护肤,看看KK,0,该用户想表达的含义是：想了解主播提到的“KK”相关产品或内容。
weixue0806,美容护肤,我买了你的洗面奶,0,该用户想表达的含义是：已经下单购买了主播推荐的洗面奶产品。
weixue0806,美容护肤,有黑头,0,该用户想表达的含义是：询问针对黑头问题的护肤产品或解决方法。
weixue0806,美容护肤,2款油推荐用哪款,1,该用户是在询问主播针对两款护肤油产品的具体使用建议，希望获得专业推荐以辅助购买决策。
weixue0806,美容护肤,粉刺还有,0,该用户想询问直播间正在推荐的产品中是否还有针对粉刺问题的款式或库存。
weixue0806,美容护肤,闭口多,0,该用户想表达的含义是：询问针对闭口粉刺问题的护肤产品推荐。
weixue0806,美容护肤,今天戴美瞳了么,0,该用户可能在询问主播是否佩戴了某款美瞳产品，并暗示对同款产品的购买兴趣。
weixue0806,美容护肤,睫毛膏推荐[比心][比心][比心][比心][比心][比心][比心],1,该用户想表达的含义是：希望主播推荐一款好用的睫毛膏产品。  （结合前文弹幕多为护肤美妆咨询及购买意向，用户通过高频率[比心]表情强化积极态度，表现出明确的产品需求倾向。）
weixue0806,美容护肤,胶原蛋白的面膜不卖了?,1,该用户是在询问直播间此前推荐的胶原蛋白面膜是否已经售罄或下架，表现出对该产品的购买意向和关注。
weixue0806,美容护肤,补水紧致抗衰面膜,1,该用户可能在询问直播间是否有具备补水、紧致和抗衰老功效的面膜产品。
weixue0806,美容护肤,洗面奶介绍一下,1,该用户想表达的含义是：希望主播详细讲解这款洗面奶的功效特点及适用方法。  （结合前文护肤主题密集的语境，用户提问聚焦在具体产品功能而非单纯存在确认，隐含对产品功效或使用方式的潜在购买考量）
weixue0806,美容护肤,怎么清洁最好,1,该用户想询问产品的最佳使用或清洁方法，表现出对当前讨论的护肤或清洁产品的具体功效和操作细节的关注。
weixue0806,美容护肤,是不是比大师抖音旗舰店便宜呀,0,该用户是在对比价格，询问当前直播间的产品是否比其他平台的官方店铺更优惠。
weixue0806,美容护肤,一号链接收到多少片,1,该用户想询问一号链接商品的具体规格（片数/数量），可能是为了对比或确认购买信息。
weixue0806,美容护肤,鼻子黑头多,0,该用户可能是在询问如何解决鼻部黑头问题或相关产品推荐。
weixue0806,美容护肤,关键怎么清洁,0,该用户想询问产品的具体清洁方法或使用技巧。
weixue0806,美容护肤,你是深覆合吗,0,该用户可能在询问主播是否有牙齿深覆合的情况，可能是出于对主播外貌细节的好奇或想借此展开关于口腔护理/正畸相关产品的讨论。
weixue0806,美容护肤,姐姐睡衣,1,该用户可能是想询问主播身上穿的睡衣款式或购买链接。
weixue0806,美容护肤,我干皮我不喜欢洗脸,0,该用户可能是在委婉表达对当前讨论的洁面产品不感兴趣，暗示自己的肤质（干性皮肤）不适合频繁清洁或强效洁面产品。
weixue0806,美容护肤,怎么洗干净脸,1,该用户想表达的含义是：咨询有效的面部清洁方法或产品推荐。
weixue0806,美容护肤,有痘痘闭口,0,该用户想表达自己存在痘痘和闭口的皮肤问题，希望主播能推荐相关产品或解决方法。
weixue0806,美容护肤,想要胶原面膜,1,该用户可能是在询问或确认直播间是否有胶原蛋白面膜出售，并隐含购买意向。
weixue0806,美容护肤,黑头闭口多,0,该用户可能是在询问针对黑头和闭口问题的护肤产品或清洁方法。
weixue0806,美容护肤,早上起来也用洗面奶吗?,1,该用户可能在询问主播是否推荐早晨使用洗面奶进行面部清洁，暗示对晨间护肤步骤的关注和潜在购买需求。
weixue0806,美容护肤,爱宝贝,0,该用户想表达的含义是：对主播推荐的产品或妆容效果表示喜爱和认可。
weixue0806,美容护肤,有粉刺,0,该用户可能在咨询直播间是否有针对粉刺问题的护肤产品或清洁方法。
weixue0806,美容护肤,189不是6盒嗎?顯示5片,0,该用户可能是在质疑产品页面信息与实际描述不符，认为价格189元对应的应该是6盒装，但当前显示内容只有5片。
weixue0806,美容护肤,有没有合适的卸妆油推荐呢,1,该用户希望主播能根据当前讨论的护肤需求（如清洁、黑头、闭口等问题）推荐一款适合自己肤质的卸妆产品。
weixue0806,美容护肤,黄褐斑有什么好办法吗,0,该用户可能在询问直播间是否有针对黄褐斑问题的护肤产品或解决方案。
weixue0806,美容护肤,新款油几号?,1,该用户想询问新款卸妆油的具体产品编号或购买链接。
weixue0806,美容护肤,"起泡面膜洗的太干净了,能每天洗吗?",1,该用户对起泡面膜的清洁效果感到满意，并想询问是否适合频繁使用以维持这种效果。
weixue0806,美容护肤,用洗脸刷洗脸毛孔会越来越大吗,0,该用户担心使用洗脸刷会导致毛孔粗大，想确认产品的安全性或寻求护肤建议。
weixue0806,美容护肤,6号怎么使用,1,该用户想询问6号产品的具体使用方法。
weixue0806,美容护肤,韩束面膜教一下用法,1,该用户想表达的含义是：询问主播详细讲解韩束面膜的正确使用步骤和注意事项。
weixue0806,美容护肤,睡衣哪里买的,1,该用户想表达的含义是：询问主播身上穿的睡衣的购买渠道或品牌信息。
weixue0806,美容护肤,纹眉推荐不纹眉推荐不纹眉推荐不纹眉推荐不纹眉推荐不纹眉推荐不纹眉推荐不纹眉推荐不纹眉推荐不纹眉推荐不,0,"该用户可能是在急切询问或反复强调是否推荐纹眉服务，表现出对纹眉项目的强烈兴趣或犹豫不决的心态。  （释义逻辑：结合前20条弹幕多为护肤美妆类具体提问，且存在重复句式表达需求的特征，可推断用户通过密集重复试图突出核心问题，其真实意图聚焦于""纹眉""项目的推荐建议，可能是对服务效果存疑或希望获得主播明确答复）"
weixue0806,美容护肤,"脸色暗沉,没有脸白怎么办.脸色暗沉,没有脸白怎么办.脸色暗沉,没有脸白怎么办",0,该用户可能在寻求改善肤色暗沉、提亮肤色的护肤产品或方法，表现出对美白功效的明确需求。
weixue0806,美容护肤,推荐下清洁的产品,1,该用户希望主播针对当前讨论的护肤清洁需求，推荐适合自己或大众使用的清洁类产品（如洗面奶、卸妆油、去黑头产品等）。
weixue0806,美容护肤,防晒抹完需要定妆吗,1,该用户可能在询问防晒产品的后续使用步骤，想了解是否需要通过定妆来增强防晒的持久性或妆容的完整性。
weixue0806,美容护肤,"11号,油腻不?11号,油腻不?11号,油腻不?11号,油腻不?11号,油腻不?11号,油腻不?11",1,该用户想表达的含义是：反复询问11号产品是否适合油性肌肤，担心使用后会有油腻感。
weixue0806,美容护肤,"但是我不化妆,每天晚上都用洗面奶,还长闭口怎么办",0,"该用户想表达的含义是：虽然自己日常护肤步骤简单（不化妆仅用洗面奶），却仍受闭口问题困扰，希望获得针对性的解决方案。  （分析依据：结合前文高频出现的""闭口""""清洁""""护肤""等关键词，用户是在延续直播间讨论的皮肤问题主题，既陈述自身护肤习惯的局限性，又隐含对产品推荐或专业建议的需求。）"
weixue0806,美容护肤,我皮肤黄黑皮,0,该用户可能在询问适合黄黑皮肤使用的护肤产品或解决方案。
weixue0806,美容护肤,你长的好像孟子义啊,0,该用户可能是在通过外貌夸奖主播来拉近距离或表达好感，但并未直接表现出对当前销售产品的购买兴趣。
weixue0806,美容护肤,"干脸颊毛孔大,有点泛红",0,该用户可能在咨询针对脸颊毛孔粗大和泛红问题的护肤产品推荐或解决方案。
weixue0806,美容护肤,纹眉推荐不纹眉推荐不纹眉推荐不纹眉推荐不纹眉推荐不纹眉推荐不纹眉推荐不纹眉推荐不,0,该用户可能是在急切询问或强调是否有纹眉项目的推荐，表现出对纹眉服务的强烈兴趣或犹豫不决的纠结心态。
weixue0806,美容护肤,"黑头很多,怎么办?",0,该用户可能是在询问针对黑头问题的护肤产品或解决方案，表现出对相关商品的潜在购买兴趣。
weixue0806,美容护肤,角质层薄泛红用哪个呀,1,该用户是在询问针对角质层薄且泛红问题的护肤品推荐。
weixue0806,美容护肤,2款油推荐哪款,1,该用户想询问主播在两款护肤油产品中更推荐哪一款，以便做出购买决策。
weixue0806,美容护肤,屏障受损用什么面膜,1,该用户想询问针对皮肤屏障受损问题适合使用的面膜产品推荐。
weixue0806,美容护肤,"黑头多,毛孔粗大",0,该用户可能在表达自己存在皮肤问题，希望主播推荐针对黑头和毛孔粗大的护肤产品或解决方案。
weixue0806,美容护肤,小气泡,0,该用户可能在询问直播中提到的某款带有“小气泡”清洁功能的美容产品或护肤步骤的使用效果或方法。
weixue0806,美容护肤,雪好喜欢kt猫,0,该用户想表达的是“我非常喜欢这款KT猫产品，想了解更多或购买”。  （分析依据：结合前文弹幕中频繁出现的产品咨询、使用提问及购买意向表达，此弹幕的“喜欢”更可能指向对直播中展示的KT猫相关商品的兴趣，而非单纯情感抒发。）
weixue0806,美容护肤,我是黄黑皮,0,该用户可能在询问适合黄黑肤色的美妆或护肤产品推荐。
weixue0806,美容护肤,黄褐斑有什么好办法,0,该用户想表达的含义是：询问直播间是否有针对黄褐斑问题的有效产品或解决方案。
weixue0806,美容护肤,"大师面膜买了,有多少片",1,该用户想确认已购买的面膜产品规格（片数），表现出对商品细节的关注和潜在的复购或使用参考需求。
weixue0806,美容护肤,雪带的是金吗,0,该用户可能在询问直播中展示的饰品（如项链、手链等）是否为真金材质，表达对产品价值的关注和潜在购买意向。
weixue0806,美容护肤,"2号产品,介绍一下",1,该用户想表达的含义是：对2号产品的功能和特点感兴趣，希望主播详细讲解以便考虑是否购买。
weixue0806,美容护肤,怎么整啊,0,该用户可能是在询问某个产品（如清洁产品或护肤品）的使用方法或解决特定皮肤问题的操作建议。
weixue0806,美容护肤,胶原蛋白面膜没有了吗,1,该用户是在询问胶原蛋白面膜是否已经售罄或下架，表现出对该产品的购买意向和库存情况的关注。
weixue0806,美容护肤,补水用什么面膜?补水用什么面膜?补水用什么面膜?,1,该用户急切想了解适合自己肤质（可能偏干或敏感）的补水面膜推荐，并希望通过重复提问引起主播注意以获得针对性解答。
weixue0806,美容护肤,有没有眼膜呀,1,该用户是在询问直播间是否售卖眼膜产品，表达了对眼部护理用品的潜在购买需求。
weixue0806,美容护肤,5号敷完用洗吗,1,该用户想询问5号产品使用后是否需要清洗。
weixue0806,美容护肤,说说清洁,0,该用户想表达的含义是：询问主播详细介绍关于清洁类产品的信息或护肤方法。  （结合前文弹幕中高频出现的黑头、毛孔、角质层等皮肤清洁相关诉求，可推断用户关注点集中在清洁护肤方向，且语境中缺乏系统讲解，因此“说说清洁”是希望主播展开针对性解答。）
weixue0806,美容护肤,"想问问,买的那个身体乳,味道那么恶心,怎么用的",1,该用户是在抱怨之前购买的身体乳气味难闻，并质疑其使用体验。
weixue0806,美容护肤,"为什么我买的,就送了一片面膜?",1,该用户可能因收到的赠品数量与预期不符而感到不满或困惑，暗示对商家的促销承诺存在质疑。
weixue0806,美容护肤,鼻子毛孔粗大有黑头怎么办,0,该用户想表达的含义是：想咨询改善毛孔粗大和黑头问题的护肤产品推荐。
weixue0806,美容护肤,有推荐的家庭版美容仪吗[比心],0,该用户想表达的含义是：希望主播能推荐一款适合家用的美容仪器。
weixue0806,美容护肤,为什么今天的妆这么好看比平时的更温柔了好爱好爱,0,该用户被主播的妆容效果吸引，表达了对产品效果的认可和强烈的喜爱之情。
weixue0806,美容护肤,你的脸又白了[爱心],0,该用户是在夸赞主播的妆容或皮肤状态变好，表达了对主播外貌变化的喜爱和关注。
weixue0806,美容护肤,胶原关注面膜来一波,1,该用户是在催促主播推荐或上架胶原蛋白面膜产品。
weixue0806,美容护肤,我在你直播间买了这款洗面奶,0,该用户想表达的含义是：我已经在你的直播间下单购买了这款洗面奶。
weixue0806,美容护肤,我用过了,0,该用户想表达的含义是：我之前购买并使用过这款产品。
weixue0806,美容护肤,已到货,0,该用户想表达的含义是：之前在直播间购买的商品已经收到并确认收货了。
weixue0806,美容护肤,二号链接有多少东西,1,该用户想询问二号链接商品的具体内容或包含的物品数量。
weixue0806,美容护肤,6号讲一下,1,该用户希望主播详细介绍6号产品的相关信息。
weixue0806,美容护肤,大厂要从小开始培养,0,该用户可能是在调侃或建议主播从小品牌或新兴产品开始推荐，逐步培养消费者的信任和兴趣。
weixue0806,美容护肤,"为什么我买的大师,就送了一片面膜?",1,该用户可能对赠品数量感到不满，认为购买正装产品后只收到一片面膜赠品与预期不符。
weixue0806,美容护肤,真的管用吗,1,该用户对产品的实际效果存在疑虑，希望主播能提供使用效果的验证或真实反馈。
weixue0806,美容护肤,这个洗面奶真的巨好用,1,该用户是在分享自己使用该洗面奶的正面体验，暗示对产品的认可和推荐意愿。
weixue0806,美容护肤,想减肥有什么方法姐姐,0,该用户可能在询问主播推荐的减肥产品或方法，表达了对减肥话题的兴趣和需求。
weixue0806,美容护肤,"新款油收到了,超级无敌好用[赞]味道很高级[赞]",0,该用户想表达的含义是：对已购买的新款精油产品非常满意，认为其使用效果出色且香味品质优越。
weixue0806,美容护肤,"绿色的洗面奶,有吗,绿色的洗面奶,有吗,绿色的洗面奶,有吗,绿色的洗面奶,有吗,绿色的洗面奶,有吗",1,该用户急切询问直播间是否有绿色款的洗面奶库存，通过重复强调表现出强烈的购买意向和紧迫感。
weixue0806,美容护肤,"洗面奶买了,小金砖小紫瓶油霜各买了两瓶,胶原和大师面膜各买四盒,防晒买了,眼油买了,唇油买了[捂脸]",0,该用户想表达的含义是：我已经下单购买了直播间推荐的多种护肤品，包括洗面奶、面霜、面膜、防晒等产品，并用调侃的语气表达了自己“剁手”的消费热情。
weixue0806,美容护肤,眼油眼油眼油眼油眼油,1,该用户急切想了解或购买直播中提到的“眼油”产品。
weixue0806,美容护肤,有斑怎么办有效?,0,该用户想询问如何有效解决面部色斑问题，可能对相关护肤产品感兴趣。
weixue0806,美容护肤,洗面奶15岁能用吗,1,该用户是在询问这款洗面奶是否适合青少年使用，表现出对产品适用性的关注和潜在的购买意向。
weixue0806,美容护肤,有清洁面膜嘛,1,该用户是在询问直播间是否售卖清洁面膜产品，表现出对这类商品的购买兴趣和需求。
weixue0806,美容护肤,"好用,我额头的闭口少了一半多",0,该用户想表达的含义是：这款产品效果显著，自己使用后闭口问题明显改善。  （释义：结合前文弹幕中频繁提及洗面奶、面膜等产品的使用反馈，用户通过具体效果描述间接肯定产品功效，隐含对商品的认可和潜在推荐意图，符合直播间内其他消费者分享体验的互动氛围。）
weixue0806,美容护肤,这个用了脸干不干的,1,该用户是在询问产品的保湿效果，担心使用后可能导致脸部干燥。
weixue0806,美容护肤,"脸色暗沉,没有脸白怎么办",0,该用户可能是在询问直播间推荐的产品是否能改善肤色暗沉问题，表达了对美白或提亮肤色产品的潜在购买兴趣。
weixue0806,美容护肤,你直播间比那个官网便宜我买完了,0,该用户想表达的含义是：因为直播间价格比官网更优惠，所以已经下单购买了产品。
weixue0806,美容护肤,"雪,有眼霜吗?有眼霜吗?有眼霜吗?有眼霜吗?有眼霜吗?有眼霜吗?有眼霜吗?",1,该用户急切地询问主播是否售卖眼霜产品，表现出强烈的购买意向和重复确认的需求。
weixue0806,美容护肤,起讽刺管用吗去,0,该用户可能是想询问“这款产品（讽刺管）的实际效果是否有效”，但因输入错误或表述不清导致语句混乱。
weixue0806,美容护肤,说早上不用洗面奶对吗?,1,该用户可能在询问早上不使用洗面奶的护肤方式是否正确，暗示对当前推荐的洗面奶产品存在使用场景的疑虑或购买前的考量。
weixue0806,美容护肤,有祛斑霜不,1,该用户是在询问直播间是否有祛斑产品售卖，表现出对解决皮肤斑点问题的潜在购买兴趣。
weixue0806,美容护肤,11岁孩子可以用吗,1,该用户是在询问产品是否适合11岁儿童使用，隐含对产品安全性和适用年龄的关切。
weixue0806,美容护肤,可以卸防晒吗?,1,该用户是在询问直播推荐的产品是否具备卸除防晒霜的功能。
weixue0806,美容护肤,真是厉害,0,该用户可能是在感叹产品效果或主播演示的惊艳程度，表达对商品功能的认可或欣赏。
weixue0806,美容护肤,敷完大师后可以直接化妆吗?,1,"该用户是在询问使用""大师""面膜后是否无需等待就能立即上妆，表现出对产品使用效果的关注和潜在的购买意向。"
weixue0806,美容护肤,我要十号的,1,"该用户想表达的含义是：我想购买十号尺码/色号的产品。  （结合直播间的购物语境和频繁出现的产品咨询/购买意向弹幕，""十号""大概率指商品的具体规格，如服装尺码、色号等，用户明确表达了选购需求。）"
weixue0806,美容护肤,面膜189元6盒还是要拍6件,1,该用户是在确认购买方式，询问是否需要一次性拍下6件商品才能享受189元6盒面膜的优惠价格。
weixue0806,美容护肤,脸上长脂肪粒怎么办,0,该用户可能是在询问直播间是否有针对脂肪粒问题的护肤产品或解决方案，表达了对相关产品的潜在购买兴趣。
weixue0806,美容护肤,痘印用啥!,1,该用户想询问针对痘印问题的推荐产品或解决方案。
weixue0806,美容护肤,40+暗黄有晒斑比较干用什么精华?,1,该用户想表达的含义是：询问适合中年肌肤暗黄、有晒斑且干燥问题的精华产品推荐。
weixue0806,美容护肤,那个灌注胶原蛋白的面膜还有吗,1,该用户想询问直播间是否还有胶原蛋白面膜的库存并表达购买意向。
weixue0806,美容护肤,喝的啥?,0,该用户可能是对主播正在展示或饮用的产品产生好奇，询问具体是什么饮品或相关商品。
weixue0806,美容护肤,"好家伙,这皮肤比18岁的都好[捂脸]",0,该用户是在夸赞产品的护肤效果显著，能让皮肤状态看起来非常年轻水嫩。
weixue0806,美容护肤,角质层薄用哪款面膜,1,该用户是在询问适合敏感薄皮使用的面膜产品，表现出对特定肤质护理需求的购买意向。
weixue0806,美容护肤,你喝的什么呀,0,该用户可能是对主播正在展示或饮用的产品产生兴趣，想询问具体信息以便考虑购买。
weixue0806,美容护肤,我想买面膜,1,该用户明确表达了对面膜的购买意向。
weixue0806,美容护肤,三文鱼油还卖吗,1,该用户想询问直播间是否仍在销售三文鱼油产品，并可能有意向购买。
weixue0806,美容护肤,底妆用哪个,1,该用户可能在询问主播推荐适合自己肤质或需求的底妆产品，表现出对当前介绍的化妆品有实际购买意向。
weixue0806,美容护肤,太贵了,0,该用户认为产品价格超出预期或心理价位，暗示对商品有兴趣但希望获得优惠或降价。
weixue0806,美容护肤,你在喝什么,0,该用户可能是在询问主播正在饮用的产品是否与直播销售的美容或健康饮品相关，暗示对同类商品的潜在兴趣。
weixue0806,美容护肤,"前几天买了已到货,用了试用装确实好用",0,该用户通过分享已购产品的使用体验，间接肯定了商品效果并暗示可能产生复购意愿。
weixue0806,美容护肤,初中生能用吗,1,该用户是在询问产品是否适合初中生年龄段使用。
weixue0806,美容护肤,5号敷完用洗嘛,1,该用户是在询问使用5号产品后是否需要清洗。
weixue0806,美容护肤,你喝的什么,0,该用户可能是对主播正在饮用的产品产生兴趣，想了解具体品牌或功效以便考虑购买。
weixue0806,美容护肤,睫毛是重的还是贴的?,0,该用户可能是在询问主播的睫毛是嫁接的还是贴的假睫毛，想了解具体的美妆技巧或产品效果。
weixue0806,美容护肤,三号面膜能说说嘛,1,该用户对三号面膜的具体功效或使用方式产生了兴趣，想进一步了解产品详情以便决定是否购买。
weixue0806,美容护肤,拍了好多,0,该用户想表达的含义是：已经下单购买了不少商品。
weixue0806,美容护肤,2号到手几片,1,该用户是在询问购买2号产品后实际能收到多少片装。
weixue0806,美容护肤,有没有好用的眼膜,1,该用户是在询问直播间是否有值得推荐的、效果好的眼膜产品。
weixue0806,美容护肤,你要去思密达弄的新项目叫什么,0,该用户是在询问主播即将在韩国启动的新美容项目的具体名称。
weixue0806,美容护肤,"用这洗面奶,还需要卸妆油吗?",1,该用户可能在询问这款洗面奶的清洁力度是否足够，是否需要额外使用卸妆产品来彻底清洁面部。
weixue0806,美容护肤,有眼霜吗?有眼霜吗?有眼霜吗?有眼霜吗?有眼霜吗?有眼霜吗?,1,该用户急切地询问直播间是否售卖眼霜产品，可能因多次提问未获回应或对眼霜有强烈需求。
weixue0806,美容护肤,好运连连,0,该用户可能是在参与直播间的互动抽奖或促销活动，希望通过发送祝福语增加中奖概率或表达对主播的友好支持。
weixue0806,美容护肤,6号讲下,1,该用户希望主播详细介绍一下6号产品的相关信息。
weixue0806,美容护肤,推荐一下面霜被,1,该用户希望主播详细介绍适合自己使用的面霜产品。
weixue0806,美容护肤,你看不见吗,0,该用户可能在催促主播回应之前关于产品细节的提问，表达对未被及时解答的不满或急切。
weixue0806,美容护肤,11号哺乳期可以用吗,1,该用户是在询问产品编号11号是否适合哺乳期女性使用，表现出对产品安全性和适用人群的具体关注。
weixue0806,美容护肤,好厉害呀[赞],0,该用户可能是在对主播展示的产品效果或技巧表示赞叹和认可，暗示对当前演示内容产生了兴趣或好感。
weixue0806,美容护肤,毛孔粗大用什么可以改善,1,该用户可能是在询问针对毛孔粗大问题的护肤产品推荐，表现出对相关商品的潜在购买兴趣。
weixue0806,美容护肤,哪款油,1,该用户想询问直播间正在推荐的护肤油产品中哪一款适合自己或值得购买。
weixue0806,美容护肤,5号用完洗嘛,1,该用户是在询问5号产品使用后是否需要清洗。
weixue0806,美容护肤,哪个油?,1,该用户可能在询问直播间推荐的护肤油或精油产品中哪一款更适合自己。
weixue0806,美容护肤,眼珠子链接,1,该用户是在询问直播中提到的美瞳或隐形眼镜产品的购买链接。
weixue0806,美容护肤,新款油啥时候上,1,该用户是在询问主播关于新推出的护肤油产品的具体上市时间，表现出明确的购买意向和期待。
weixue0806,美容护肤,"主播,你这两天没有播,有好多看不到人,一直在转的,说是你的小号",0,该用户想表达的含义是：主播最近停播期间有人冒充你的身份用小号在直播间误导观众。
weixue0806,美容护肤,新款油是哪个???!,1,该用户急切地询问主播提到的某款新上架护肤油的详细信息。
weixue0806,美容护肤,毛孔粗大黑头用什么清洁,1,该用户想表达的含义是：询问针对毛孔粗大和黑头问题的有效清洁产品推荐。
weixue0806,美容护肤,想要胶原蛋白面膜,1,该用户表达了对胶原蛋白面膜的购买意向或产品咨询需求。
weixue0806,美容护肤,看看你儿子,0,该用户可能在询问主播展示的某款产品（如“新款油”）的具体信息或使用效果。
weixue0806,美容护肤,面霜呢,1,该用户是在询问主播何时介绍或推荐面霜产品，表现出对面霜的具体购买兴趣。
weixue0806,美容护肤,哪一款油呀,1,该用户想询问主播正在介绍的某一款护肤油的具体产品名称或型号。
weixue0806,美容护肤,防晒给个,1,该用户想表达的含义是：询问主播是否有防晒产品并希望提供购买链接或详细介绍。  （结合前文弹幕高频出现的产品询问语境，如“眼霜”“面霜”“油”等，用户大概率在简洁催促主播回应防晒品信息，类似其他弹幕中“XX呢”“给个链接”的诉求模式。）
weixue0806,美容护肤,"身体乳,夏天可以用嘛,会油腻嘛",1,该用户是在询问身体乳是否适合夏季使用以及其质地是否清爽。
weixue0806,美容护肤,真的好用我刚涂完味道也好闻,0,该用户想表达的含义是：对当前使用的产品效果感到满意，认为其使用体验良好且气味宜人。
weixue0806,美容护肤,他咋还不睡觉,0,该用户可能是在催促主播尽快介绍或上架某款产品（如“油”或“面霜”），暗示等待时间过长而产生焦急情绪。
weixue0806,美容护肤,"大师面膜我用了,好用死了,变白了,毛孔细了",0,该用户想表达的含义是：这款面膜效果显著，使用后肤色提亮且肤质细腻，强烈推荐给其他观众。
weixue0806,美容护肤,小孩还不睡,0,该用户可能在委婉地催促主播加快节奏或切入正题，暗示孩子不睡觉导致自己无法专注观看直播选购商品。
weixue0806,美容护肤,"姐姐,身体乳有啥推荐的吗",1,该用户是在向主播咨询适合推荐的身体乳产品，表现出对购买身体乳的具体需求和兴趣。
weixue0806,美容护肤,"洗面奶超好用,毛孔明显变小了",0,该用户是在分享使用洗面奶后的正面体验，暗示产品效果显著并可能引发他人购买兴趣。
weixue0806,美容护肤,Queen是女王,0,该用户可能是在夸赞主播气场强大或产品效果出众，类似“女王范儿”的赞美。
weixue0806,美容护肤,好漂亮的雪啊,0,该用户可能是在感叹直播中展示的某款产品（如护肤品或彩妆）的外观效果惊艳，类似于“雪”的洁白或光泽感。
weixue0806,美容护肤,眼霜用什么牌子的,1,该用户想询问主播推荐适合自己使用的眼霜品牌。
weixue0806,美容护肤,500单怎么变5000,0,该用户可能是在惊讶或质疑商品库存数量的突然大幅增加，怀疑是否有误或存在营销手段。
weixue0806,美容护肤,好不睡[捂脸],0,该用户想表达的含义是：小朋友这么晚还不睡觉真让人哭笑不得。  （结合前文弹幕中多次提及“小孩还不睡”“他咋还不睡觉”等家庭互动内容，以及“[捂脸]”表情的无奈调侃语气，可推断用户是在感叹直播间中出现的孩子熬夜现象，带有亲昵的吐槽意味。）
weixue0806,美容护肤,防晒上一下宝贝,1,该用户是在催促主播尽快介绍或上架防晒产品。
weixue0806,美容护肤,他说他困,0,该用户是在疑惑为什么主播的孩子这么晚还不睡觉。
weixue0806,美容护肤,卓瑞宁～,0,该用户可能在询问或提及某款名为“卓瑞宁”的产品，可能是想了解其功效或购买方式。
weixue0806,美容护肤,queen,0,该用户可能在称赞主播或产品具有女王般的高品质或气场。
weixue0806,美容护肤,新款油上吗,1,该用户是在询问主播是否会上架新款的护肤油产品。
weixue0806,美容护肤,queen女王皇后,0,"该用户可能在呼应主播展示的产品名称或品牌相关词汇，表达对""Queen""系列商品的关注或认同。"
weixue0806,美容护肤,"啥时候再上油,之前感觉抢到了,为什么没有订单,失忆了吗?诡异",0,该用户想表达的含义是：之前以为自己成功抢购了油但没找到订单记录，对此感到困惑不解。
weixue0806,美容护肤,"是女王,不是公主",0,该用户可能是在强调产品的高端定位或独特气质，暗示对商品品质或品牌调性的认同。
weixue0806,美容护肤,女王吧,0,该用户是在确认或强调主播提到的产品名称“Queen”对应的中文含义是“女王”。
weixue0806,美容护肤,Queen是皇后,0,该用户是在参与讨论直播间提到的“Queen”这一称呼的具体含义，倾向于将其解释为“皇后”而非“女王”或“公主”。
weixue0806,美容护肤,quenn是女王,0,该用户是在强调主播或品牌（可能名为“Queen”）的高端或权威形象，以此表达对其产品或身份的认可或推崇。
weixue0806,美容护肤,防晒可以说下吗,1,该用户想询问主播能否详细介绍防晒产品的相关信息。
weixue0806,美容护肤,queen女王,0,该用户是在强调主播展示的产品或形象具有高贵、霸气的女王气质，表达对主播风格或产品定位的认可与赞美。
weixue0806,美容护肤,小霸总,0,该用户可能在用“小霸总”这个昵称或调侃称呼来指代主播或直播间的某个产品，带有亲昵或幽默的互动意图。
weixue0806,美容护肤,queen是女王哈哈哈,0,"该用户是在玩梗调侃，用中英混合的方式附和直播间里关于""queen""这个词的趣味讨论氛围。"
weixue0806,美容护肤,衣服在哪儿买,1,该用户想表达的含义是：询问当前展示的服装商品的购买链接或购买方式。
weixue0806,美容护肤,洗面奶是早晚都要洗吗,1,该用户可能是在询问洗面奶的使用频率，想确认是否需要早晚各用一次以正确护肤。
weixue0806,美容护肤,queen是皇后,0,"该用户是在参与讨论主播提到的""queen""这个词的准确中文翻译，主张应该译为""皇后""而非""女王""。"
weixue0806,美容护肤,"皮肤很干,推荐下水",1,该用户可能是因皮肤干燥问题，希望主播推荐补水或保湿类产品。
weixue0806,美容护肤,2号到手一盒5片?,1,该用户可能在询问“2号商品（可能是面膜）的到手价是否为一盒5片装”。
weixue0806,美容护肤,"对你路转粉,真的越来越喜欢你了,今天加了关注,好喜欢听你说话呀,下了好几单好期待",0,该用户通过表达对主播的喜爱和关注，并提及已下单购买的行为，意在强调自己从普通观众转化为忠实粉丝且产生了实际消费支持。
weixue0806,美容护肤,Queen是女王不是公主,0,"该用户想强调主播展示的产品（可能是名为""Queen""的商品）定位高端成熟，突出其女王般的气场而非少女感。"
weixue0806,美容护肤,你是女王queen,0,"该用户是在附和并强化主播的""女王""人设，表达对主播气场与风格的欣赏认同。"
weixue0806,美容护肤,皇后公主,0,该用户是在参与讨论主播代称或产品名称的正确翻译或理解，倾向于确认“皇后公主”这一称呼的准确性或表达自己的看法。
weixue0806,美容护肤,毛孔粗大有什么可以改善,0,该用户可能是在询问直播间是否有针对毛孔粗大问题的护肤产品推荐，表达了对改善肌肤问题的潜在购买需求。
weixue0806,美容护肤,这件粉衣服好看,0,该用户对直播中展示的粉色服装产生了明确的购买意向，认为其款式或颜色符合自己的审美喜好。
weixue0806,美容护肤,白色衬衫是真的好用,0,该用户想表达的含义是：对白色衬衫的实际使用效果表示满意和推荐。
weixue0806,美容护肤,好可爱,0,该用户被直播中展示的某件商品或主播的某个表现所吸引，觉得非常讨人喜欢。
weixue0806,美容护肤,有没有睫毛增长液,1,该用户可能是在询问直播间是否有售卖睫毛增长液产品，并对其功效或使用细节感兴趣。
weixue0806,美容护肤,小宝说的是女王,0,该用户是在调侃或附和主播关于“queen”一词的讨论，以轻松幽默的方式表达对主播的喜爱和支持。
weixue0806,美容护肤,女王好吧[看],0,该用户是在附和并强调主播被称为“女王”这一称呼的准确性，表达对主播气质的认可和喜爱。
weixue0806,美容护肤,好可爱啊弟弟,0,该用户被直播中的某样商品或主播的表现所吸引，觉得非常讨人喜欢。
weixue0806,美容护肤,女王queen,0,该用户是在附和或调侃主播被其他观众称为“女王”的称呼，可能带有互动玩梗或表达对主播气质的认可。
weixue0806,美容护肤,面膜是189元6盒还是要拍6件,1,该用户是在询问面膜的购买方式，不确定是否需要一次性拍下6件才能享受189元6盒的优惠价格。
weixue0806,美容护肤,女王的意思,0,该用户可能在确认或调侃主播对“queen”一词的解读，想表达“你刚才说的queen是指女王这个意思吗？”
weixue0806,美容护肤,"谁,她的孩子吗",0,该用户可能在疑惑或调侃当前讨论的“女王”身份是否指的是主播的孩子。
weixue0806,美容护肤,Queen,0,该用户是在参与讨论主播的昵称或人设，强调“Queen”应被理解为“女王”而非“皇后”或“公主”。
weixue0806,美容护肤,拉拉小手吧[比心][比心],0,该用户想表达的含义是：以俏皮互动的方式表达对主播的喜爱和支持。
weixue0806,美容护肤,那是王后,0,该用户想表达的含义是：纠正前面关于“女王”和“公主”的混淆，强调角色正确的称谓是“王后”。
weixue0806,美容护肤,"姐妹们,睡衣知道是哪个吗?",0,该用户可能在询问直播中展示的睡衣品牌或购买链接，表现出对睡衣产品的兴趣和购买意向。
weixue0806,美容护肤,princess才是公主,0,该用户想表达的含义是：强调“princess”才是正确的公主称谓，而非之前弹幕中提到的“queen”或“女王”。
weixue0806,美容护肤,小kin还不睡觉啊,0,该用户可能是以轻松调侃的语气表达对主播熬夜直播的关心或惊讶。
weixue0806,美容护肤,你是公主,0,"该用户是在参与直播间关于主播称呼的讨论，倾向于用""公主""而非""女王/王后""来赞美主播的可爱气质。"
weixue0806,美容护肤,韩束那个怎么用,1,该用户是在询问韩束产品的具体使用方法，可能对这款产品产生了兴趣并希望了解操作细节以便决定是否购买。
weixue0806,美容护肤,亲亲儿子,0,该用户是在用亲昵的称呼表达对直播中出现的某个可爱角色（可能是孩子或宠物）的喜爱之情。
weixue0806,美容护肤,女王或皇后,0,"该用户想表达的含义是：主播提到的角色应该是“女王”而不是“皇后”或“公主”，强调对人物称谓的准确性讨论。  （结合前文可见弹幕正在争论""女王/王后/公主""的称呼区别，用户用简洁关键词参与话题讨论，属于观众间对直播内容的细节纠正式互动，而非直接购物意向表达）"
weixue0806,美容护肤,不要笑他,0,该用户可能在善意提醒其他人不要嘲笑主播或嘉宾的言行，以维护直播间的友好氛围。
weixue0806,美容护肤,今天好漂亮,0,该用户是在夸赞主播今天的造型或状态非常吸引人。
weixue0806,美容护肤,想看看宝宝大帅哥,0,该用户想表达的是对主播或直播中出现的某个可爱角色的喜爱，并希望镜头多展示他/她的画面。
weixue0806,美容护肤,他需要你陪伴,0,该用户可能在暗示主播或某位观众需要互动关注，带有调侃或鼓励的意味。
weixue0806,美容护肤,孩子多大,0,该用户可能是对直播中提到的某个孩子或宝宝的具体年龄感到好奇，想进一步了解相关信息。
weixue0806,美容护肤,你家宝贝还不睡,0,该用户可能在好奇或关心主播或直播中提到的孩子为什么还没休息，并借此表达对直播内容的关注或互动意愿。
weixue0806,美容护肤,油啥时候再有,1,该用户是在询问之前直播中提到的食用油产品何时会再次上架或补货。
weixue0806,美容护肤,他咋还不睡觉吖,0,该用户是在询问或感叹主播的孩子为什么还没休息，可能出于对主播家庭生活的关心或对孩子状态的关注。
weixue0806,美容护肤,好喜欢你.好喜欢你.好喜欢你.好喜欢你.好喜欢你.好喜欢你.好喜欢你.好喜欢你.好喜欢你.好喜欢你,0,"该用户想表达的含义是：对主播或直播内容表现出强烈的喜爱和追捧情绪。  （结合前文弹幕中频繁出现的""女王""""公主""""宝宝""等亲密称呼，以及关于主播外貌、互动的讨论，可推断当前用户通过重复句式宣泄对主播的狂热喜爱，属于情感表达而非直接购买意向。）"
weixue0806,美容护肤,妈妈你爱我吗?我也爱[捂脸],0,该用户可能是在以幽默撒娇的方式表达对主播的喜爱和亲近感，模仿孩子向母亲讨宠的语气来互动。
weixue0806,美容护肤,看一下她,0,"该用户可能是对直播中出现的某位女性角色或主播的穿搭/展示品产生了兴趣，想进一步观察细节。  （结合前文语境中频繁出现的""女王/公主""等称谓、睡衣产品询问、以及大量互动性表白弹幕，可推断直播间氛围以女性向内容为主，用户此时更可能是出于对人物形象或相关商品的好奇而发出观察请求）"
weixue0806,美容护肤,有没有睡衣,1,该用户是在询问直播间是否有睡衣产品在售或展示。
weixue0806,美容护肤,那个胶原蛋白灌注面膜还有吗?,1,该用户想表达的含义是：询问直播间是否还有某款面膜的库存并有意购买。
weixue0806,美容护肤,我也想亲一口,0,该用户可能是被直播间的亲密互动氛围感染，表达对主播或展示商品的喜爱之情。
weixue0806,美容护肤,看看唇部精华,1,该用户对主播展示的唇部精华产品产生了兴趣，希望主播能详细介绍或试用这款商品。
weixue0806,美容护肤,说的queen,0,该用户想表达的含义是：主播的气质和表现像女王一样有魅力。  （结合前文“女王或皇后”“今天好漂亮”等弹幕，语境偏向对主播的夸赞，且“queen”是英文直译，符合直播间的轻松玩梗氛围。）
weixue0806,美容护肤,你孩子需要人陪,0,该用户可能在委婉表达对主播或主播孩子的关心，暗示希望主播多关注家庭或与观众互动。
weixue0806,美容护肤,身体乳身体乳,1,该用户可能在催促主播展示或介绍身体乳产品，表达对这款商品的兴趣和购买意向。
weixue0806,美容护肤,每天都可以用吗,0,该用户可能是在询问产品的使用频率或日常适用性，暗示对产品的实用性感兴趣。
weixue0806,美容护肤,睫毛怎么弄得,0,该用户想询问主播使用的睫毛产品或化妆技巧，表达了对妆容细节的关注和潜在购买意向。
weixue0806,美容护肤,有祛斑产品,1,该用户可能在询问直播间是否有针对祛斑功效的美容产品可供购买。
weixue0806,美容护肤,我要洗面奶,1,该用户想表达的含义是：询问直播间是否有洗面奶产品并表现出购买意向。
weixue0806,美容护肤,princess是公主,0,"该用户可能是在询问或确认主播提到的某个产品名称或品牌（如""princess""系列）的具体含义或关联信息。"
weixue0806,美容护肤,韦雪姐姐你的洗面奶男女生通用吗,1,该用户想询问主播推荐的洗面奶是否适合所有性别使用，表现出对产品功能的具体需求和潜在购买意向。
weixue0806,美容护肤,干敏皮红血丝怎么改善,0,该用户想询问针对干性敏感肌肤和红血丝问题的护肤产品推荐或解决方案。
weixue0806,美容护肤,"我刚才看了一个小时你的视频,情商真高,反应也快",0,该用户想表达的含义是：被主播的个人魅力吸引，但尚未明确表现出对具体商品的购买意向。
weixue0806,美容护肤,"是女王,不是公主[比心]",0,"该用户想表达的含义是：强调自己更倾向于独立自信的女性形象（""女王""）而非甜美柔弱的类型（""公主""），同时通过表情符号传递友好互动态度。"
weixue0806,美容护肤,有眼纹用什么能有效果,1,该用户想询问针对眼部皱纹问题的有效护肤产品或解决方案。
weixue0806,美容护肤,睡衣有没有啊,1,该用户是在询问直播间是否有睡衣类商品在售，表达了对睡衣产品的购买兴趣或需求。
weixue0806,美容护肤,犹豫了好久的洗面奶.终于买了.超好用,0,该用户想表达的含义是：经过长时间考虑后下定决心购买了这款洗面奶，使用后对产品效果非常满意。
weixue0806,美容护肤,眼霜眼霜眼霜眼霜眼霜眼霜眼霜眼霜,1,该用户急切地询问或强调想了解直播间推荐的眼霜产品。
weixue0806,美容护肤,胶原灌注面膜没有了吗,1,该用户是在询问胶原蛋白灌注面膜是否已经售罄或下架，表现出明确的购买意向和产品关注。
weixue0806,美容护肤,"洗面奶非常好用,清洁度很好",1,该用户是在认可洗面奶的使用效果并推荐给他人。
weixue0806,美容护肤,和谁的孩子呀,0,该用户可能是在询问主播提到的某个产品（如洗面奶或护肤品）是否适合亲子共用或儿童使用。
weixue0806,美容护肤,洗面奶男生可以用吗,1,该用户想确认这款洗面奶是否适合男性肤质使用。
weixue0806,美容护肤,油没有了,1,该用户想表达的含义是：询问直播间是否还有之前提到的油类产品（如护肤油或食用油）在售或补货。
weixue0806,美容护肤,"姐姐,防晒霜油吗",1,该用户是在询问主播推荐的防晒霜是否质地油腻，担心使用后肤感不适。
weixue0806,美容护肤,说下香水,1,"该用户想表达的含义是：请详细介绍当前推荐的香水产品信息。  （结合前文语境，弹幕主要集中在护肤、美妆产品的询问和反馈，用户提问""香水""属于同类需求，动机明确指向产品信息获取，可能是对直播中提到的香水产生兴趣或希望主播主动讲解。）"
weixue0806,美容护肤,这个洗面奶真的好用,1,该用户是在认可洗面奶的使用效果，暗示自己也有购买意愿或已产生使用好感。
weixue0806,美容护肤,好可爱好可爱,0,该用户被直播中的某款产品外观或展示效果所吸引，表现出强烈的喜爱和潜在购买意向。
weixue0806,美容护肤,脸蜡黄怎么办,0,该用户可能在询问针对肤色暗沉问题的护肤产品推荐。
weixue0806,美容护肤,我洗面奶后天就到手了,0,该用户想表达的含义是：我已经下单购买了这款洗面奶，预计后天就能收到货了。
weixue0806,美容护肤,3号是蒋欣说的那个好用的面膜吗,1,该用户想确认3号产品是否就是之前蒋欣推荐过的那款效果好的面膜。
weixue0806,美容护肤,他也晚睡嘛,0,该用户可能是在询问主播或提及的某位人物是否也有熬夜的习惯，以此间接表达对相关护肤产品或健康建议的关注。
weixue0806,美容护肤,手膜有吗,1,该用户是在询问直播间是否有手部护理产品售卖。
weixue0806,美容护肤,好贵哦别的视频才68元,0,该用户认为当前商品价格偏高，并对比了其他渠道的同款商品价格来表达不满或犹豫情绪。
weixue0806,美容护肤,9号开价了吗,1,该用户是在询问直播间展示的9号商品当前是否已经开始报价或开放购买。
weixue0806,美容护肤,queen皇后,0,该用户可能在夸赞主播或产品气质高贵，像女王一样有魅力。
weixue0806,美容护肤,眼膜讲一下,1,该用户希望主播详细介绍眼膜产品的功效或使用方法。
weixue0806,美容护肤,身体乳有什么功效,1,该用户想了解身体乳的具体功能和使用效果，可能是对产品产生了兴趣并考虑购买。
weixue0806,美容护肤,2号面膜多少片?,1,该用户是在询问2号面膜的包装规格或数量信息，表现出对产品的具体参数关注和潜在购买意向。
weixue0806,美容护肤,有没有水乳套盒,1,该用户是在询问直播间是否有护肤水乳的套装产品。
weixue0806,美容护肤,新品有吗?,1,该用户想询问直播间是否有新上架的产品。
weixue0806,美容护肤,白色衬衫还有没有了,1,该用户想询问白色衬衫的库存情况，表达了对该商品的购买意向。
weixue0806,美容护肤,睡衣推荐,1,该用户想表达的含义是：希望主播推荐适合的睡衣款式或品牌。
weixue0806,美容护肤,吊坠真好看,1,该用户被吊坠的设计吸引，产生了明显的购买兴趣或赞赏之情。
weixue0806,美容护肤,姐20多岁用什么眼霜好呢,1,该用户想表达的含义是：想咨询适合自己年龄段的眼部护理产品推荐。
weixue0806,美容护肤,胶原蛋白面膜上一波,1,该用户是在询问或催促主播重新上架之前介绍过的胶原蛋白面膜产品。
weixue0806,美容护肤,说说精华油,1,该用户想表达的含义是：请主播详细介绍精华油产品的功效或使用方法。
weixue0806,美容护肤,眼油y,1,该用户想询问直播间是否有推荐的眼部精华油产品。
weixue0806,美容护肤,公主是princess[捂脸][捂脸][捂脸][捂脸],0,该用户可能是在调侃主播或产品称呼，用“公主”的谐音梗（princess）配合表情符号表达轻松戏谑的互动情绪，而非直接询问商品信息。
weixue0806,美容护肤,明天播吗,0,该用户想确认直播间的开播时间，以便继续关注或购买商品。
weixue0806,美容护肤,有妆前乳吗,1,该用户是在询问直播间是否售卖妆前乳产品，表现出对这类美妆产品的潜在购买兴趣。
weixue0806,美容护肤,这个小气泡洗面奶怎么用,1,该用户想表达的含义是：对洗面奶的使用方法感兴趣并希望主播详细介绍。
weixue0806,美容护肤,大师用完可以直接化妆吗,1,该用户想询问这款产品使用后是否无需额外步骤即可进行后续化妆步骤，可能对产品的便捷性或妆效兼容性感兴趣。
weixue0806,美容护肤,6号讲一下可以吗,1,该用户想表达的含义是：希望主播详细介绍6号产品的相关信息。
weixue0806,美容护肤,你看不到我发的吗?,0,该用户可能因之前的提问未得到主播回应而感到焦急，怀疑自己的消息未被系统显示或主播忽略，意在催促确认信息可见性。
weixue0806,美容护肤,颈纹霜讲一下,1,该用户希望主播详细介绍颈纹霜的产品信息或使用效果。
weixue0806,美容护肤,一周敷几次三号链接,1,该用户是在询问三号链接的产品（面膜）的建议使用频率，表现出明确的购买意向和产品功效关注。
weixue0806,美容护肤,女神晚上好[比心],0,该用户想表达的含义是：友好地向主播打招呼并表达喜爱之情。
weixue0806,美容护肤,新油什么时候有,1,该用户是在询问主播关于新上架的精华油产品的补货或上新时间。
weixue0806,美容护肤,姐姐姐防晒什么好用啊,1,该用户想表达的含义是：询问主播推荐好用的防晒产品。
weixue0806,美容护肤,姐姐你好美[看][看],0,该用户想表达的含义是：通过夸赞主播的外貌来拉近距离，可能希望引起主播注意以便后续咨询或互动。
weixue0806,美容护肤,你是怎么做到这么美白的啊,0,该用户想表达的含义是：询问主播使用的美白产品或方法。
weixue0806,美容护肤,"姐妹们,睡衣知道是哪个吗?姐妹们,睡衣知道是哪个吗?",0,该用户是在急切询问直播中提到的睡衣商品的具体品牌或购买链接，希望得到其他观众或主播的确认和推荐。
weixue0806,美容护肤,希望你和宝贝幸福[比心],0,该用户是在向主播表达祝福和喜爱，而非询问商品信息或表达购买意向。
weixue0806,美容护肤,能不能上点十号,1,该用户想表达的含义是：希望主播尽快介绍或上架编号为十号的产品。
weixue0806,美容护肤,眼霜用什么牌子的呀,1,该用户想询问主播推荐哪个品牌的眼霜产品。
weixue0806,美容护肤,眼珠珠,0,该用户可能是想询问或评论直播中提到的某款眼部产品，比如美瞳或眼霜。
weixue0806,美容护肤,"今天用了一下洗面奶,挺清爽的",0,该用户想表达的含义是：对之前使用过的洗面奶表示满意，暗示可能考虑回购或推荐给他人。
weixue0806,美容护肤,九号直接买吗,1,该用户是在询问是否可以直接购买九号商品，表现出明确的购买意向和行动意愿。
weixue0806,美容护肤,睡的有点晚啊,0,该用户可能在委婉提醒主播直播时间较晚，或者表达对主播熬夜的关心。
weixue0806,美容护肤,"用油养肤,用什么油",1,该用户想询问适合用于护肤的油类产品推荐。
weixue0806,美容护肤,有没有改善红血丝的,1,该用户想询问直播间是否有能缓解面部红血丝问题的护肤产品。
weixue0806,美容护肤,水光霜有吧,1,该用户是在询问直播间是否有售卖水光霜这款产品。
weixue0806,美容护肤,贴睫毛了吗,0,该用户可能在询问主播是否使用了假睫毛，并对其效果或品牌感兴趣。
weixue0806,美容护肤,睫毛膏[比心][比心][比心][比心][比心][比心],1,该用户通过高频的比心表情和产品名称，强烈表达了对这款睫毛膏的喜爱和购买意愿。
weixue0806,美容护肤,还是要和孩子一起读书,0,该用户可能在询问直播间是否有适合亲子共读的书籍或相关产品推荐。
weixue0806,美容护肤,屏蔽还是咋的,0,该用户可能因未看到主播回应或产品信息而疑惑是否被系统屏蔽了相关内容。
weixue0806,美容护肤,水乳套盒有没有,1,该用户是在询问直播间是否有售卖某款水乳套装产品。
weixue0806,美容护肤,姐姐衣服有吗,1,该用户想询问主播身上穿的衣服是否有同款在售。  （结合前文弹幕可见，直播间观众频繁询问主播使用的产品或穿搭信息，如“防晒”“睡衣”“眼霜”等，目标弹幕延续了这一语境，核心意图是确认主播的服装是否可购买。）
weixue0806,美容护肤,介绍下,0,"该用户想表达的含义是：请详细讲解一下当前展示的产品或护肤步骤。  （结合前文弹幕高频出现的护肤、美妆产品咨询语境，""介绍下""大概率指向主播正在演示或提到的具体商品，如防晒、眼霜、水乳套盒等，属于明确的购买兴趣试探。）"
weixue0806,美容护肤,还没搬家吗,0,该用户可能在询问主播是否还未推荐或上架之前提到过的某款搬家相关的商品（如收纳用品、家具等），或是暗示主播更换直播场景/背景。
weixue0806,美容护肤,青春期孩子能用吗,1,该用户可能是在询问直播中推荐的产品是否适合青春期年龄段的孩子使用，表达了对产品适用性的潜在购买兴趣。
weixue0806,美容护肤,2号到手多少,1,该用户是在询问2号商品的实际到手价格（可能包含优惠或折扣后的最终金额）。
weixue0806,美容护肤,男女生通用吗洗面奶吗韦雪姐姐,1,该用户是在询问主播这款洗面奶是否适合男女共同使用。
weixue0806,美容护肤,清洁面膜有嘛,1,该用户是在询问直播间是否有售卖清洁面膜这款产品。
weixue0806,美容护肤,我朋友是特斯拉的,0,该用户可能是在询问主播或朋友是否有特斯拉相关产品或优惠信息，暗示潜在的购买兴趣。
weixue0806,美容护肤,奶皮面膜有嘛漂亮姐姐,1,该用户是在询问直播间是否有售卖奶皮面膜，并以亲切的称呼表达对主播的好感。
weixue0806,美容护肤,介绍一下2号怎么用?,1,该用户想询问主播详细讲解一下2号产品的使用方法或功效。
weixue0806,美容护肤,2号没讲呢,1,该用户是在催促主播尽快讲解或展示2号产品（可能因前文有人询问但未得到回应）。
weixue0806,美容护肤,那么多号用你视频卖的东西跟你的一样吗?,0,该用户是在询问其他账号售卖的同款商品是否与主播推荐的产品品质一致，隐含对商品真伪或渠道可靠性的顾虑。
weixue0806,美容护肤,BE有吗?,1,该用户是在询问直播间是否有售卖某款名为“BE”的产品。
weixue0806,美容护肤,21天,0,该用户可能在询问某款产品的使用周期或见效时间，例如“这个产品需要坚持使用21天才能看到效果吗？”
weixue0806,美容护肤,夏天能用馥郁满满的油吗,1,该用户是在询问这款油性产品是否适合夏季使用，担心夏季天气炎热时使用会过于油腻或不适。
weixue0806,美容护肤,26岁有什么推荐产品吗,1,该用户想询问适合26岁年龄段使用的产品推荐。
weixue0806,美容护肤,胶原蛋白上一波,1,该用户希望主播再次上架或推荐胶原蛋白产品。
weixue0806,美容护肤,4号可以讲一讲吗姐姐,1,该用户想表达的含义是：希望主播详细讲解一下4号产品的相关信息。
weixue0806,美容护肤,可不可以看哈你吆儿,0,该用户想表达的含义是：能否展示一下产品的实际使用效果或演示过程。  （结合前文弹幕高频出现的产品询问（如“2号”“4号”“怎么用”）和主播互动需求（如“介绍下”“讲一讲”），推测“吆儿”为方言或口语化表达，指代“产品展示”或“试用环节”，用户希望通过直观演示了解产品功能。）
weixue0806,美容护肤,"长疙瘩,咋办",0,该用户可能在询问直播间推荐的产品是否能解决皮肤长痘的问题。
weixue0806,美容护肤,买眼霜,1,该用户想表达的含义是：询问主播是否有眼霜产品并表现出购买意向。
weixue0806,美容护肤,眼油买哪个?,1,该用户想询问直播间推荐的具体眼部护肤产品选项。
weixue0806,美容护肤,姐姐防晒什么好用啊,1,该用户想咨询主播推荐适合自己使用的防晒产品。
weixue0806,美容护肤,上一下,1,该用户想表达的含义是：催促主播尽快上架或展示某款产品。  （结合前文弹幕中频繁提及具体产品编号（如“2号”“4号”）及求购类内容（如“胶原蛋白上一波”），可推断“上一下”是简洁的催促用语，意图让主播推进商品讲解或上架流程。）
weixue0806,美容护肤,有没有隔离霜,1,该用户是在询问直播间是否有隔离霜产品上架或推荐。
weixue0806,美容护肤,啥时候上,1,该用户是在询问主播何时会上架当前讨论或期待中的某款产品。
weixue0806,美容护肤,3号链接一周用几次,1,该用户想询问3号产品的使用频率以评估是否适合自己日常护肤需求。
weixue0806,美容护肤,清明不回家吗,0,该用户可能在询问主播清明节期间是否正常营业或是否有促销活动，暗示自己有意在假期期间购买产品。
weixue0806,美容护肤,hello姐姐,0,该用户可能是想礼貌地打招呼以引起主播注意，进而询问产品或寻求推荐。
weixue0806,美容护肤,超光子光盾可以说说不,0,该用户想表达的含义是：希望主播详细讲解一下“超光子光盾”这款产品的功能或特点。
weixue0806,美容护肤,防晒可太好用了!![比心][比心][比心],1,该用户想表达的含义是：对主播推荐的防晒产品效果非常满意并热情称赞。  （结合前文弹幕中关于防晒产品的询问语境，用户此条弹幕属于积极反馈，既回应了此前讨论的防晒话题，又通过表情符号强化了认可情绪。）
weixue0806,美容护肤,洗面奶早上用吗,1,该用户想询问这款洗面奶是否适合在早晨使用，可能是在考虑产品的使用场景或自身护肤流程的适配性。
weixue0806,美容护肤,姐姐说话好有魅力,0,该用户是在通过赞美主播的个人魅力来拉近距离，可能为后续询问产品或表达购买意向做铺垫。
weixue0806,美容护肤,面膜哪个好用一点,1,该用户是在询问主播推荐一款效果较好的面膜产品。
weixue0806,美容护肤,洗面奶孕妇可以用吗,1,该用户是在询问这款洗面奶是否适合孕期特殊体质使用，表现出对产品安全性的关切和潜在的购买意向。
weixue0806,美容护肤,好喜欢你吖,0,该用户想表达的含义是：对主播的个人魅力表示欣赏和喜爱，但并未直接体现对商品的购买意向。
weixue0806,美容护肤,毛孔粗大用什么?????,1,该用户想询问针对毛孔粗大问题应该使用什么护肤产品。
weixue0806,美容护肤,油霜油霜,1,该用户想表达的含义是：询问主播是否有推荐或介绍护肤油或面霜产品。
weixue0806,美容护肤,太逗了,0,该用户想表达的含义是：主播的幽默表现让人感到非常有趣和愉快。
weixue0806,美容护肤,面部凹陷用什么面膜?,1,该用户想表达的含义是：询问针对面部凹陷问题的面膜产品推荐。
weixue0806,美容护肤,姐姐你还会跟皮皮朱打pk吗[色],0,该用户想表达的含义是：询问主播是否会和另一位主播进行互动PK环节，并表现出期待和兴奋的情绪。
weixue0806,美容护肤,你带的什么眼珠子,0,该用户是在询问主播佩戴的美瞳款式或品牌。
weixue0806,美容护肤,姐姐姐姐姐防晒防晒,1,该用户急切地询问主播推荐防晒产品，并表现出强烈的购买意向。
weixue0806,美容护肤,水乳套盒,1,该用户想询问或提醒主播介绍或上架水乳套盒产品。
weixue0806,美容护肤,可以推荐下面膜吗,1,该用户希望主播根据当前讨论的护肤产品需求，针对性地推荐适合自己使用的面膜款式。
weixue0806,美容护肤,2号跟5号面膜哪个好用啊,1,该用户想表达的含义是：询问2号和5号面膜的具体使用效果对比，以帮助自己做出购买决策。
weixue0806,美容护肤,还有人天天问谁孩子,0,该用户可能在吐槽直播间里频繁有人询问关于儿童产品的问题，暗示这类提问过多或偏离当前讨论的美妆护肤主题。
weixue0806,美容护肤,要白天用的护肤品,1,该用户想表达的含义是：希望主播推荐适合白天使用的护肤产品。
weixue0806,美容护肤,10号精油,1,该用户可能是在询问关于“10号精油”的产品信息或使用建议。
weixue0806,美容护肤,一瓶还是两瓶,1,该用户可能在犹豫购买产品的数量，询问主播建议是买一瓶还是两瓶更合适。
weixue0806,美容护肤,洗头膏有吗,1,该用户是在询问直播间是否有洗发水产品出售。
weixue0806,美容护肤,补水面膜可以天天用吗?,1,该用户是在询问补水面膜的日常使用频率是否适合每天敷用，表现出对产品具体使用方法的关注和潜在的购买意向。
weixue0806,美容护肤,大师说一下,0,该用户可能是想请主播详细介绍或推荐当前讨论的产品。
weixue0806,美容护肤,卸载在哪,0,该用户可能是在询问直播中提到的某款产品的卸载工具或配套服务在哪里获取。
weixue0806,美容护肤,超高情商小姐姐,0,该用户是在夸赞主播性格讨喜、互动能力强。
weixue0806,美容护肤,讲一下面霜,1,该用户希望主播详细介绍当前推荐的面霜产品的功效、适用肤质或使用方法。
weixue0806,美容护肤,问谁的孩子?怎么想的,0,该用户是在不耐烦地质疑直播间里反复有人询问关于“谁的孩子”这一无关话题的行为。
weixue0806,美容护肤,没声音,0,该用户想表达的含义是：直播间的音频出现问题，听不到主播的声音。
weixue0806,美容护肤,2号面膜用完需要洗吗?,1,该用户想询问2号面膜使用后是否需要清洗，以确认正确的使用步骤。
weixue0806,美容护肤,推荐一下面膜,1,该用户希望主播针对当前讨论的面膜产品进行具体推荐或介绍。
weixue0806,美容护肤,可以讲一下油霜吗,1,该用户想表达的含义是：希望主播详细介绍油霜产品的功效或使用方法。
weixue0806,美容护肤,女神姐姐晚上好[比心][比心][比心],0,该用户是在通过热情问候主播来表达对直播内容的喜爱和支持，属于互动型弹幕而非直接购买意向的表达。
weixue0806,美容护肤,洗面奶孕妇可以用吗?,1,该用户可能在询问这款洗面奶的成分是否安全，适合孕期特殊体质使用。
weixue0806,美容护肤,孩子怎么没在爸爸那里啊,0,该用户可能是在调侃或吐槽直播间频繁出现无关话题（如询问孩子去向），希望聚焦于产品讨论。
weixue0806,美容护肤,35眼霜有吗,1,该用户是在询问直播间是否有售卖35号眼霜产品。
weixue0806,美容护肤,澳诗茉有没眼霜,1,该用户是在询问直播间是否有澳诗茉品牌的眼霜产品。
weixue0806,美容护肤,3号35岁可以用?,1,该用户是在询问3号产品是否适合35岁年龄层使用。
weixue0806,美容护肤,"姐姐,那个可以敷几个小时会变薄的面膜还有吗?",1,该用户是在询问主播之前介绍过的一款会随时间变薄的面膜是否还有库存，表现出明确的购买意向。
weixue0806,美容护肤,看不到嘛,0,该用户可能是在询问直播画面或产品展示是否清晰可见，或是因网络问题导致无法正常观看直播内容。
weixue0806,美容护肤,新款油是啥,1,该用户想询问直播中提到的“新款油”产品的具体信息或功效。
weixue0806,美容护肤,油痘肌可以用油吗,1,该用户可能在询问主播针对油性痘痘肌肤是否适合使用护肤油类产品，表现出对特定肤质适用性的购买顾虑和需求。
weixue0806,美容护肤,21号链接可以讲一下么,1,该用户想表达的含义是：希望主播详细介绍21号商品链接的具体信息。
weixue0806,美容护肤,姐姐.小孩子跟你姓么?,0,该用户可能在好奇主播的家庭状况或孩子的姓氏归属，以此拉近关系或调侃互动。
weixue0806,美容护肤,痘印怎么弄?,0,该用户可能在询问主播如何解决痘印问题，暗示对相关护肤产品感兴趣。
weixue0806,美容护肤,真好看这女的,0,该用户是在夸赞主播的外貌或气质吸引人。
weixue0806,美容护肤,麻烦推荐一下好用的颈纹霜[比心][比心][比心][比心][比心][比心][比心][比心][比心][比心][比心],1,该用户希望通过主播的推荐找到一款针对颈纹问题的有效产品，并表现出较强的购买意向和信任感。
weixue0806,美容护肤,韦雪姐姐,0,该用户可能是想通过亲切称呼主播来互动或引起注意，以便后续咨询产品相关问题。
weixue0806,美容护肤,4.6号才播啊,0,该用户可能因期待产品讲解或上新而表达对下次直播时间的关注和些许急切。
weixue0806,美容护肤,啥油先说一下?,1,该用户是在询问主播当前正在介绍或展示的护肤油的详细产品信息。
weixue0806,美容护肤,那个胶原蛋白灌注面膜还有吗,1,该用户是在询问主播是否还有库存或能否继续购买之前提到的胶原蛋白灌注面膜。
weixue0806,美容护肤,村姑冒充美女[捂脸],0,该用户可能在嘲讽主播的外貌或身份与宣传不符，表达对直播内容真实性的质疑或不屑。
weixue0806,美容护肤,睡衣什么牌子的,1,该用户想询问主播身上穿的睡衣品牌，可能对产品产生了购买兴趣。
weixue0806,美容护肤,面膜胶原蛋白那个面膜没有了?,1,该用户是在询问直播间之前提到的胶原蛋白面膜是否已经售罄或下架。
weixue0806,美容护肤,推荐个眼霜呗,1,该用户希望主播能针对眼霜产品进行具体推荐，表现出明确的购买意向和需求。
weixue0806,美容护肤,韦雪好喜欢你,0,该用户是在向主播韦雪表达喜爱和支持的情感，而非直接询问商品信息或表达购买意向。
weixue0806,美容护肤,大师用完可以直接化妆吗?,1,该用户想询问产品使用后是否无需额外清洁步骤即可进行后续化妆步骤，关注的是产品的便捷性和使用流程。
weixue0806,美容护肤,身体乳讲解一下,1,该用户希望主播详细介绍身体乳产品的功效、成分或使用方法等信息。
weixue0806,美容护肤,面膜有没有啊?姐姐,1,该用户是在询问主播是否还有某款面膜的库存，可能是之前提到过的胶原蛋白灌注面膜或其他热门款。
weixue0806,美容护肤,眉笔有啥推荐吗,1,该用户想表达的含义是：希望主播能推荐一些适合自己使用的眉笔产品。
weixue0806,美容护肤,我刚拍的油是啥,1,该用户想询问自己刚才下单购买的护肤油的详细产品信息或功效。
weixue0806,美容护肤,洗面奶男女生通用吗,1,该用户想询问这款洗面奶是否适合所有性别的人群使用，隐含对产品适用性的购买考量。
weixue0806,美容护肤,介绍面霜,1,该用户希望主播详细讲解面霜产品的功效、成分或使用方法。
weixue0806,美容护肤,女孩子戴金好吗,0,该用户可能是在询问女性佩戴黄金首饰的适宜性或美观度，隐含对黄金饰品的潜在购买兴趣。
weixue0806,美容护肤,21天精华,1,该用户可能是在询问直播间是否有售卖或推荐关于“21天精华”的产品信息。
weixue0806,美容护肤,我关注一下,0,该用户想表达的是对主播或商品的持续关注意愿，暗示未来可能有购买需求。
weixue0806,美容护肤,防晒几号链接,1,该用户想询问防晒产品的具体购买链接编号。
weixue0806,美容护肤,为什么直播里有安敏优的面膜但是点进橱窗里没有呀,1,该用户想表达的含义是：对直播中提到的安敏优面膜感兴趣，但在商品橱窗里找不到购买链接而感到疑惑。
weixue0806,美容护肤,"眼部好多细纹,求推荐",1,该用户希望主播针对眼部细纹问题推荐适合的护肤产品。
weixue0806,美容护肤,"宝,夏娃赠品身体乳是哪个链接",1,该用户是在询问直播间推荐的某款身体乳对应的商品购买链接，尤其关注其中提到的“夏娃赠品”这一促销信息。
weixue0806,美容护肤,唇部精华唇炎能用吗,1,该用户是在询问这款唇部精华是否适合唇炎患者使用，以评估产品的适用性和安全性。
weixue0806,美容护肤,防晒在几号,1,该用户想询问防晒产品对应的商品链接编号。
weixue0806,美容护肤,油是七号吗,1,该用户想询问直播中提到的油类产品对应的商品链接编号是否为七号。
weixue0806,美容护肤,你带的什么眼珠子?,0,该用户想询问主播佩戴的美瞳款式或品牌。
weixue0806,美容护肤,润肤抗皱霜用哪个,1,该用户想询问主播推荐一款具有润肤和抗皱功效的面霜产品。
weixue0806,美容护肤,喝咖啡吗,0,该用户可能在询问直播间是否有咖啡相关产品推荐或促销活动。
weixue0806,美容护肤,"大师面膜无敌好,无限回购",1,该用户想表达的含义是：对这款面膜的高度认可并表示会持续购买。
weixue0806,美容护肤,怎么淡化眼纹,1,该用户希望通过直播推荐有效的眼部抗皱产品来改善眼周细纹问题。
weixue0806,美容护肤,怎么辨别防晒好用?,1,该用户想询问如何判断一款防晒产品是否有效或适合自己使用。
weixue0806,美容护肤,"韦雪好漂亮呀,说话也好听[比心]",0,该用户主要是对主播的外表和表现表示欣赏和喜爱，并未直接表达明确的购买意向。
weixue0806,美容护肤,不理我,0,该用户可能因多次提问未得到主播回应而感到不满，暗示自己的购买咨询被忽略。
weixue0806,美容护肤,"雪,有泪沟怎么办",0,该用户想表达的含义是：询问主播针对泪沟问题是否有推荐的产品或解决方案。
weixue0806,美容护肤,"雪,你喝的是啥",0,该用户可能是对主播正在饮用的产品感到好奇，并隐含询问商品信息或购买方式的意图。
weixue0806,美容护肤,胶原面膜没有了吗,1,该用户是在询问直播间此前提到的胶原面膜是否已经售罄或下架，表达了对该产品的购买意向和库存情况的关注。
weixue0806,美容护肤,胶原面霜,1,该用户可能在询问胶原面霜的产品信息或购买链接。
weixue0806,美容护肤,你喝的是什么呀?可乐吗,0,该用户是在询问主播正在饮用的具体饮品名称，可能是出于对主播同款产品的兴趣或单纯的好奇互动。
weixue0806,美容护肤,"基本所有产品都买齐了,都很好用",1,该用户想表达的含义是：对主播推荐的产品非常满意，已经购买了大部分并认可其效果。
weixue0806,美容护肤,今天这睡衣不错哟,1,该用户对直播展示的睡衣产生了购买兴趣，认为款式或品质值得关注。
weixue0806,美容护肤,毛孔粗大红血丝皮肤怎么办,0,该用户想表达的含义是：针对毛孔粗大和红血丝问题，询问是否有适用的护肤产品或解决方案。
weixue0806,美容护肤,"黑眼圈,用啥",1,该用户想询问主播推荐一款能改善黑眼圈问题的产品。
weixue0806,美容护肤,有没有淡法令纹的,1,该用户想表达的含义是：询问直播间是否有能减轻法令纹的产品推荐。
weixue0806,美容护肤,洗面奶能洗掉黑头吗,1,该用户是在询问这款洗面奶是否具有去除黑头的功效，想了解产品的具体清洁效果。
weixue0806,美容护肤,你除了这个号还有其他号吗,1,该用户可能是在询问主播是否有其他社交账号或销售渠道，以便了解更多产品或互动。
weixue0806,美容护肤,紧致美白那个面霜?,1,该用户想询问主播推荐哪款具有紧致和美白功效的面霜产品。
weixue0806,美容护肤,你喜欢狼性吗?[捂脸],0,该用户可能是在调侃主播的强势风格或推销话术，用“狼性”暗指主播的积极推销态度，并用表情符号缓和语气。
weixue0806,美容护肤,身体乳买哪个味道,1,该用户是在询问主播推荐哪款身体乳的香型更适合自己。
weixue0806,美容护肤,面膜推一下,1,该用户想表达的含义是：请主播推荐一款面膜产品。
weixue0806,美容护肤,"必囤,买来送给我身边的闺蜜[捂脸][捂脸][捂脸][捂脸]",0,该用户表达的是对产品的强烈推荐意愿，并计划购买赠送给好友，体现出高度的购买兴趣和分享热情。
weixue0806,美容护肤,"洗面奶前,要卸妆吗?",1,该用户是在咨询使用洗面奶前是否需要先进行卸妆步骤的护肤问题，表现出对产品使用方法的实际需求。
weixue0806,美容护肤,眼袋法令纹怎么弄,0,该用户想咨询改善眼袋和法令纹问题的产品或方法。
weixue0806,美容护肤,"姐,有洗面奶吗?",1,该用户是在询问直播间是否有洗面奶产品可供购买。
weixue0806,美容护肤,2和3面膜哪个好,1,该用户想表达的含义是：想咨询主播在第二款和第三款面膜中更推荐哪一款。
weixue0806,美容护肤,你穿啥都好看,0,该用户是在夸赞主播的穿搭或形象，表达对主播个人魅力的欣赏而非直接的产品购买意向。
weixue0806,美容护肤,"还有没有那个大罐的眼膜,雪姐?",1,该用户是在询问主播是否还有大容量包装的眼膜产品库存，并表现出明确的购买意向。
weixue0806,美容护肤,胶原蛋白灌注面膜有没有,1,该用户是在询问直播间是否有售卖胶原蛋白灌注面膜这款产品。
weixue0806,美容护肤,"雪姐,你家小朋友补钙铁锌么?什么牌子好",1,该用户是在询问主播关于儿童营养补充品的品牌推荐，表现出对相关产品的购买意向。
weixue0806,美容护肤,喜欢这个小姐姐[比心][比心][比心],0,该用户主要是在表达对主播个人的喜爱和好感，而非针对具体产品的购买意向。
weixue0806,美容护肤,胶原蛋白灌注面膜几号,1,该用户是在询问主播推荐的胶原蛋白灌注面膜的具体商品编号或款式。
weixue0806,美容护肤,有其他主播都在卖白瓷娃娃韦雪帮我们看看那个产品可不可用吧你上了来你这买,0,该用户想表达的含义是：希望主播能对比评测其他直播间热卖的白瓷娃娃产品，如果主播也上架该商品就会优先在这里购买。
weixue0806,美容护肤,"小黄车的精华油,不是直接间的油吗?",1,该用户是在询问直播中提到的精华油是否与之前推荐过的另一款油是同一产品。
weixue0806,美容护肤,塑颜面霜有吗,1,该用户是在询问直播间是否有售卖塑颜面霜这款产品。
weixue0806,美容护肤,精华早晚都能用么,1,该用户想询问这款精华产品是否适合在早上和晚上两个时间段使用。
weixue0806,美容护肤,喜欢你的睡衣有链接吗,1,该用户对主播展示的睡衣感兴趣，想询问购买渠道以便下单。
weixue0806,美容护肤,姐姐眼油能不能直接买,1,该用户是在询问主播提到的眼部护理产品是否可以直接下单购买，表现出明确的购买意向。
weixue0806,美容护肤,你很喜欢上海呀[捂脸],0,该用户可能是在调侃主播频繁提及或推荐与上海相关的产品或内容，略带幽默地指出主播对上海的偏爱。
weixue0806,美容护肤,be精华油挺好用,1,该用户是在认可并推荐这款精华油产品，暗示自己使用过且效果满意。
weixue0806,美容护肤,哪款面膜可以提亮肤色呀?,1,该用户是在询问直播间推荐具有美白功效的面膜产品，表现出明确的购买意向和需求。
weixue0806,美容护肤,眼部精华油用了还用眼霜么,1,该用户想询问在使用眼部精华油后是否还需要叠加使用眼霜，以确认完整的护肤步骤。
weixue0806,美容护肤,卸妆呢,0,该用户可能是在询问主播当前展示的产品是否需要卸妆，或是想了解卸妆步骤是否包含在正在介绍的美妆流程中。
weixue0806,美容护肤,你用的睫毛膏有吗?,1,该用户是在询问直播间是否有主播正在使用的同款睫毛膏产品。
weixue0806,美容护肤,2号几盒到手,1,该用户是在询问购买2号产品（可能是面膜）时的优惠组合数量，即“买多少盒能享受到手价”。
weixue0806,美容护肤,防晒在哪,1,该用户是在询问直播间是否有防晒产品上架或购买链接。
weixue0806,美容护肤,白色衬衫身体乳还有货吗姐姐,1,该用户是在询问白色衬衫和身体乳的库存情况，表现出明确的购买意向。
weixue0806,美容护肤,身体乳什么功效,1,用户想了解身体乳的具体功能特点是否满足自身需求。  （结合前文语境，直播间主要讨论护肤品功效和使用方法，用户提问延续了产品功能咨询的互动模式，表现出对商品的潜在购买兴趣。）
weixue0806,美容护肤,想买2号讲讲吧,1,该用户希望主播详细介绍2号产品的情况以便决定是否购买。
weixue0806,美容护肤,我也想要祛斑的,1,该用户想表达的含义是：我对直播中提到的祛斑产品感兴趣，希望了解或购买。
weixue0806,美容护肤,怎么辩防晒好用?,1,该用户想询问如何辨别防晒产品是否好用，可能是在对比不同防晒产品时希望获得选购建议。
weixue0806,美容护肤,能否再次说一次大师面膜怎样用?,1,该用户想确认大师面膜的使用方法，表现出对产品的具体使用细节感兴趣并有意向购买。
weixue0806,美容护肤,哪个防晒好用?,1,该用户想询问直播间推荐的防晒产品中哪一款效果更出色或更适合自己使用。
weixue0806,美容护肤,6号讲讲,1,该用户希望主播详细介绍6号产品的信息或功能。
weixue0806,美容护肤,姐姐情商很高[比心][比心],0,该用户是在夸赞主播的沟通能力和亲和力，以此表达对直播内容的认可和喜爱。
weixue0806,美容护肤,"新款油买了,搭配油霜吗",1,该用户想表达的含义是：我已经购买了新款精华油，是否需要搭配同系列的油霜一起使用效果更好？
weixue0806,美容护肤,哇塞的奶奶给哇塞开门,0,该用户想表达的含义是：这直播间的优惠力度和产品效果简直让人惊喜到难以置信。  （结合前文弹幕中频繁出现的购买咨询和产品讨论，用户用网络流行梗“哇塞到家了”的变体，夸张地表达对直播间内容或优惠的强烈认可或兴奋情绪。）
weixue0806,美容护肤,粉底液有吗,1,该用户是在询问直播间是否有粉底液产品在售或推荐。
weixue0806,美容护肤,介绍一下面膜,1,该用户希望主播详细讲解某款面膜的产品信息或功效特点。
weixue0806,美容护肤,"洗面奶,用了,不拔干,味道特好闻",0,该用户想表达的含义是：这款洗面奶使用体验很好，保湿效果不错且香味令人满意，暗示有回购或推荐意向。
weixue0806,美容护肤,那个洗面奶好用?,1,该用户是在询问洗面奶的实际使用效果，以评估是否值得购买。
weixue0806,美容护肤,喝的是什么呀?,0,该用户想询问主播正在饮用的产品名称或品牌，可能是出于对饮品的兴趣或想了解相关商品信息。
weixue0806,美容护肤,卸妆油亲,1,该用户想询问主播正在使用的卸妆油产品信息或表达对这款卸妆油的购买兴趣。
weixue0806,美容护肤,去黑头除了洗面奶还用什么,1,该用户想表达的含义是：咨询除了洗面奶之外还有哪些去黑头的护肤产品或方法。
weixue0806,美容护肤,推荐个眼霜姐姐,1,该用户希望主播能针对眼霜产品进行具体推荐或介绍。
weixue0806,美容护肤,有没有提亮肤色的,1,该用户是在询问直播间是否有能够改善肤色暗沉、让皮肤看起来更明亮的美妆或护肤产品。
weixue0806,美容护肤,有发膜吗,1,该用户是在询问直播间是否售卖发膜产品，并对其功能或使用方式产生兴趣。
weixue0806,美容护肤,可以涂唇油给我看吗?,1,该用户对唇油产品产生兴趣，希望主播演示使用效果以便进一步了解。
weixue0806,美容护肤,是4号吗?,1,该用户可能在询问当前展示或讨论的产品是否是编号为4号的商品。
weixue0806,美容护肤,拍百奈子眼霜还有赠品吗,1,该用户是在询问购买百奈子眼霜时是否仍有促销赠品活动，表现出明确的购买意向和对产品优惠信息的关注。
weixue0806,美容护肤,哪个洗面奶好用?,1,该用户想表达的含义是：希望主播推荐一款效果好的洗面奶产品。
weixue0806,美容护肤,2号链接面膜看一下,1,该用户希望主播详细介绍2号链接面膜的产品信息或使用效果。
weixue0806,美容护肤,怎么让皮肤细腻光滑,1,该用户想表达的含义是：希望主播推荐能改善肤质、使肌肤更细腻光滑的产品或护肤方法。
weixue0806,美容护肤,面膜189怎么拍,1,该用户想询问购买面膜的具体操作步骤，表明对这款价格189元的面膜有明确的购买意向。
weixue0806,美容护肤,你推荐的沐浴露和身体乳太好用了,1,该用户想表达对主播推荐产品的认可和满意，并暗示可能产生复购意愿或推荐给他人。
weixue0806,美容护肤,发量咋那么多,0,该用户可能是在询问主播使用的洗发产品或护发方法，因为弹幕中出现了对发量效果的惊讶和好奇。
weixue0806,美容护肤,姐姐男朋友呢,0,该用户可能是想询问主播推荐的产品是否适合男性使用，或是好奇主播的伴侣是否也在使用相关产品。
weixue0806,美容护肤,现在需要开始学英语了,0,该用户可能是在暗示主播推荐与英语学习相关的产品，比如英语课程、学习工具或书籍。
weixue0806,美容护肤,祛黑头用(⊙o⊙)啥?[捂脸],0,该用户想表达的含义是：询问去除黑头需要使用什么产品，并表现出对当前推荐产品的困惑和调侃。
weixue0806,美容护肤,皮肤真好,0,该用户可能是在夸赞主播或产品使用效果，暗示对护肤品的兴趣或希望获得同类推荐。
weixue0806,美容护肤,哪个面膜可以提亮肤色呀,1,"该用户想表达的含义是：希望主播推荐一款能改善肤色暗沉的面膜产品。  （分析依据：结合前文弹幕中多次出现护肤品类提问（如洗面奶、眼霜、去黑头等），且直接出现过""有没有提亮肤色的""的同类需求，可推断用户关注美白功效，并期待主播针对性地讲解或推荐商品。）"
weixue0806,美容护肤,美女姐姐你鼻子是用的什么材料诶,0,该用户是在询问主播隆鼻使用的医美材料或产品，隐含对整形美容项目的潜在消费兴趣。
weixue0806,美容护肤,素颜滴还有嘛?,1,该用户是在询问直播间是否还有“素颜滴”这款产品库存。
weixue0806,美容护肤,"毛孔粗大,黑头多用什么啊?",1,该用户想咨询改善毛孔粗大和黑头问题的护肤产品推荐。
weixue0806,美容护肤,小帅哥怎么没在爸爸那里啊,0,该用户可能在询问主播与另一位男性（可能是其父亲或常出镜的亲属）的互动关系，隐含对家庭场景或人物关联的好奇。
weixue0806,美容护肤,"美女,毛孔粗大红血丝皮肤怎么办",0,该用户想表达的含义是：询问主播针对毛孔粗大和红血丝问题的护肤产品推荐或解决方法。
weixue0806,美容护肤,姐姐之前的睫毛膏还有吗,1,该用户是在询问主播之前推荐过的某款睫毛膏是否仍有库存可供购买。
weixue0806,美容护肤,几号是防晒呀?,1,该用户是想询问直播间正在介绍的防晒产品对应的商品编号或链接位置。
weixue0806,美容护肤,妆前面霜,1,该用户可能在询问主播推荐哪款妆前面霜适合自己使用。
weixue0806,美容护肤,这衬衫好看,1,该用户可能对衬衫产生了兴趣，暗示有潜在的购买意向。
weixue0806,美容护肤,洗面奶男士能用吗,1,该用户是在询问直播间推荐的洗面奶是否适合男性肤质使用。
weixue0806,美容护肤,关掉美颜看看,0,该用户可能是想确认主播的真实肤质或产品效果，对当前展示的美颜修饰存在疑虑，希望通过关闭美颜更客观地评估商品真实性。
weixue0806,美容护肤,"有黑头,拍4号这款洗面奶",0,该用户想表达的含义是：自己存在黑头问题，打算购买直播间推荐的4号洗面奶来改善。
weixue0806,美容护肤,3和5可以讲一下区别吗,1,该用户想询问产品3号和5号之间的具体差异以便做出购买决策。
weixue0806,美容护肤,胶原灌注面膜上阿,1,该用户想表达的含义是：询问主播是否会上架或推荐“胶原灌注面膜”这款产品。
weixue0806,美容护肤,胶原灌注面膜还有嘛,1,该用户是在询问直播间是否还有胶原灌注面膜的库存可供购买。
weixue0806,美容护肤,什么牌子颈膜好用,1,该用户想表达的含义是：询问直播间推荐的颈部护理产品品牌，希望获得有效的购买建议。
weixue0806,美容护肤,双眼皮好看天生的还是渡过了?,0,该用户想询问主播的双眼皮是自然天生的还是通过美容手术形成的。
weixue0806,美容护肤,眼皮有点掉做什么好,0,该用户可能在询问如何改善眼皮松弛的问题，或是想了解相关美容产品。
weixue0806,美容护肤,小号是哪个[捂脸],0,该用户可能是想询问主播展示的商品中哪一款是适合小号尺寸的。
weixue0806,美容护肤,油怎么不开价,1,该用户想询问直播间为何还没有开始售卖或介绍油类产品的价格信息。
weixue0806,美容护肤,"6号和22号有区别吗,,是一个货的吧",1,该用户是在询问6号和22号产品是否为同一款商品，想确认两者是否存在实质差异。
weixue0806,美容护肤,"鼻孔大,做什么注射类医美好啊",0,该用户可能是在咨询针对鼻部问题的医美项目建议，希望通过注射类项目改善鼻孔较大的外观。
weixue0806,美容护肤,素颜滴还有嘛,1,"该用户是在询问主播之前推荐过的""素颜滴""产品是否还有库存或仍在售卖。"
weixue0806,美容护肤,面膜那种好用,1,该用户想询问直播间推荐的面膜产品中哪些效果比较好。
weixue0806,美容护肤,去黑头除了洗面奶还能用什么,1,该用户想表达的含义是：询问除了洗面奶之外还有哪些产品能有效去除黑头。
weixue0806,美容护肤,粉底液色号是啥,1,该用户想询问直播中展示的粉底液具体有哪些色号可供选择。
weixue0806,美容护肤,"之前买的同款面霜才几十块,是买到假的了吗[捂脸]",0,该用户可能在质疑当前直播推荐的面霜价格偏高，担心自己之前购买的低价同款是假货。
weixue0806,美容护肤,姐姐可以做你的切片吗,0,该用户可能是想询问能否将主播的直播内容剪辑成短视频片段进行二次传播或学习参考。
weixue0806,美容护肤,面膜怎么买,1,该用户是在询问购买面膜的具体方式或购买链接。
weixue0806,美容护肤,油怎么用呢,1,该用户可能是想询问直播中提到的某款护肤油的正确使用方法或适用场景。
weixue0806,美容护肤,"衣服,上衣是什么",1,该用户想询问直播中展示的服装款式或上衣的具体信息。
weixue0806,美容护肤,眼珠是什么,0,该用户可能是想询问主播正在展示或提到的某款美瞳产品的具体款式或品牌信息。
weixue0806,美容护肤,潜力越来↓,0,该用户可能是在吐槽主播的带货表现或产品效果不如预期，暗示“发展潜力越来越差”。  （结合前文弹幕多为具体产品咨询，而“潜力↓”突兀出现，更像是对整体直播状态的负面评价，而非针对单一商品。）
weixue0806,美容护肤,小号哪个是你,0,该用户可能在询问主播展示的商品中哪一款是尺寸较小的型号或款式。
weixue0806,美容护肤,洗面奶哪个好用?,1,"该用户是在询问直播间推荐的洗面奶产品中哪款效果更值得购买。  （解析：结合前文弹幕多为护肤美妆产品的功效咨询和购买意向，用户提问符合直播间""产品推荐""的互动基调，且隐含对洗面奶品类的消费需求，属于明确的购买兴趣表达。）"
weixue0806,美容护肤,"毛孔粗大,黑头多用什么药",1,该用户想表达的含义是：询问针对皮肤毛孔粗大和黑头问题的有效护肤产品或治疗方法。
weixue0806,美容护肤,小号是哪个,0,该用户想询问主播在社交平台上使用的另一个账号名称是什么。
weixue0806,美容护肤,小号是那个,0,该用户是在询问主播展示的某款商品中较小尺码或较小包装规格的具体标识或选择方式。
weixue0806,美容护肤,防晒是哪个,1,该用户是在询问直播间正在介绍的防晒产品的具体名称或款式。
weixue0806,美容护肤,雪油霜!!!讲讲,1,该用户急切想了解主播正在介绍的“雪油霜”产品的详细介绍或购买方式。
weixue0806,美容护肤,防晒霜拍哪款,1,该用户是在询问直播间推荐的防晒霜具体款式，希望主播能明确指出现场展示或主推的防晒霜产品。
weixue0806,美容护肤,怎么找你的小号?,0,该用户想询问主播是否有其他社交账号并希望获取其具体信息。
weixue0806,美容护肤,小号叫啥,0,该用户是在询问主播其他社交平台账号的名称。
weixue0806,美容护肤,小号是什么号,0,该用户是想询问主播在其他平台的备用账号名称或链接。
weixue0806,美容护肤,你怎么开小号?[捂脸],0,该用户是在询问主播另一个社交账号的名称或如何找到其备用账号。
weixue0806,美容护肤,dw什么色号,1,该用户想询问直播中提到的某款产品（可能是口红或彩妆类）的具体颜色编号。
weixue0806,美容护肤,衣服有么,1,该用户是在询问直播中展示的服装是否还有库存或能否购买。
weixue0806,美容护肤,小号是什么,0,该用户想询问主播在社交平台上另一个账号的名称或如何找到该账号。
weixue0806,美容护肤,保湿妆前乳用什么,1,该用户想询问直播间推荐的适合保湿功效的妆前乳产品。
weixue0806,美容护肤,想要身体乳,1,该用户可能是在询问主播是否有推荐或正在介绍身体乳产品，表达了对身体乳的购买兴趣或需求。
weixue0806,美容护肤,买!!!,0,该用户急切地表达了对当前直播产品的强烈购买意愿。
weixue0806,美容护肤,2号美白吗,1,该用户是在询问直播中提到的2号产品是否具有美白功效。
weixue0806,美容护肤,2号面膜看一下,1,该用户想表达的含义是：请主播展示或详细介绍2号面膜的产品信息。
weixue0806,美容护肤,能用多久,1,该用户想询问直播中提到的某款产品的使用寿命或耐久性。
weixue0806,美容护肤,洗面奶几号链接?,1,该用户是在询问直播间推荐的洗面奶对应的商品购买链接编号。
weixue0806,美容护肤,初中生能用吗初中生能用吗,1,该用户是在询问直播中推荐的产品是否适合初中生年龄段使用。
weixue0806,美容护肤,有推荐的妆前吗,1,该用户想表达的含义是：希望主播推荐一款适合自己使用的妆前乳产品。
weixue0806,美容护肤,小号哪个,0,该用户是在询问主播的小号名称或具体是哪个账号。
weixue0806,美容护肤,你的耳骨钉能分享一下么[捂脸],1,该用户想询问主播耳骨钉的购买链接或品牌信息，并表现出对这款饰品的兴趣和喜爱。
weixue0806,美容护肤,昨天播的那个小号吗,0,该用户是在询问主播昨天展示的商品是否来自其小号直播间。
weixue0806,美容护肤,面膜那种好,1,该用户是在询问直播间推荐的面膜产品中哪一款效果更好或更适合自己。
weixue0806,美容护肤,眼霜啊,1,该用户可能是在询问主播当前展示或提到的眼霜产品信息，表达对这款商品的关注和潜在购买意向。
weixue0806,美容护肤,19号可以介绍一下吗,1,该用户想询问主播是否可以详细介绍19号产品（可能是色号、链接编号或具体商品）。
weixue0806,美容护肤,这个油可以买吗,1,该用户可能在询问主播推荐的产品是否值得购买，表现出对商品品质或适用性的潜在兴趣。
weixue0806,美容护肤,哪个是你的小号?,0,该用户是在询问主播使用的备用账号或副账号的具体名称或链接。
weixue0806,美容护肤,不买哈哈哈哈,0,该用户是在以调侃或自嘲的方式表达暂时没有购买意向，但仍在积极参与直播互动。
weixue0806,美容护肤,肯定买,0,该用户想表达的含义是：已经决定下单购买了。
weixue0806,美容护肤,祛黑头用什么,1,该用户想询问直播间是否有推荐用于祛除黑头的产品。
weixue0806,美容护肤,雪讲讲油霜吧,1,该用户希望主播详细介绍关于“油霜”这款产品的信息。
weixue0806,美容护肤,姐姐是油皮还是干皮,0,该用户是在询问主播的肤质类型，以判断产品是否适合自己的皮肤状况。
weixue0806,美容护肤,这个洗面奶孕妇可以用吗,1,该用户是在询问这款洗面奶是否适合特定人群（孕妇）使用，以评估其购买适用性。
weixue0806,美容护肤,沙漠干皮可以用DW嘛,1,该用户是在询问DW产品是否适合极度干燥的皮肤类型使用。
weixue0806,美容护肤,"跟着雪护肤永远不会错,产品都好用",0,该用户想表达的含义是：信任主播的护肤推荐并认可其产品的使用效果。
weixue0806,美容护肤,唇炎能用不,1,该用户是在询问这款产品是否适合唇炎患者使用。
weixue0806,美容护肤,洗面奶超级好用[比心],1,该用户想表达的含义是：对洗面奶的使用效果非常满意并给予积极反馈。  （结合前文弹幕中频繁出现对洗面奶相关问题的讨论，如适用人群、产品链接等，可推断该弹幕是在回应主播的产品推荐或使用体验分享，属于明确的正向购买兴趣表达。）
weixue0806,美容护肤,美瞳有么,1,该用户是在询问直播间是否有美瞳产品在售或推荐。
weixue0806,美容护肤,妆前甘油几号链接啊,1,该用户是在询问妆前甘油产品对应的商品购买链接编号。
weixue0806,美容护肤,洗面奶能用多久,1,该用户想了解这款洗面奶的耐用程度和使用周期。
weixue0806,美容护肤,你皮肤为啥那么好,0,该用户可能是想询问主播使用的护肤产品或护肤方法，以改善自己的皮肤状况。
weixue0806,美容护肤,美瞳是哪个[比心][比心][比心][比心],1,该用户想询问直播中提到的美瞳产品具体是哪一款，并表现出强烈的兴趣和好感。
weixue0806,美容护肤,口红有吗?,1,该用户是在询问直播间是否有口红产品可供购买或介绍。
weixue0806,美容护肤,眼部精华油和眼眼霜可以一起用吗,1,该用户是在咨询眼部精华油和眼霜能否叠加使用，表现出对产品使用方法的明确兴趣和潜在的购买意向。
weixue0806,美容护肤,交给我你可以放心不,0,该用户想表达的含义是：相信主播的推荐，对产品有购买意向。
weixue0806,美容护肤,直接离不开水光霜,0,该用户想表达的意思是：这款水光霜效果太好，我已经彻底离不开了。
weixue0806,美容护肤,不理我[流泪][流泪][流泪],0,该用户因未得到主播及时回应而感到失落，表达了自己被忽视的委屈情绪。
weixue0806,美容护肤,拍了面膜了姐姐[比心][比心],0,该用户想表达的含义是：我已经下单购买了面膜，并向主播表示感谢和喜爱。  （结合前文弹幕的购买意向和互动氛围，用户用“拍了”表明已完成购买动作，并通过“[比心]”传递积极情绪，符合直播间常见的成交反馈表达方式。）
weixue0806,美容护肤,"买了美白面膜个大师希望好用,我比较黄可以用吗?",1,该用户想表达的含义是：已经下单购买了美白面膜，但对自己的肤色偏黄是否适合使用这款产品存在疑虑，希望得到确认或建议。
weixue0806,美容护肤,姐可以看看防晒质地吗,1,该用户想表达的含义是：希望主播展示防晒产品的实际质地以便判断是否适合自己购买。
weixue0806,美容护肤,你刚刚说的是DW吗你用的粉底液,1,该用户是在确认主播提到的粉底液品牌是否为DW（雅诗兰黛Double Wear），并表现出对该产品的具体关注。
weixue0806,美容护肤,睫毛打底有吗?,1,该用户是在询问直播间是否有睫毛打底产品出售，表现出对这类美妆产品的明确购买意向。
weixue0806,美容护肤,平台不允许一人多号[捂脸],0,该用户可能是在调侃或抱怨自己本想用多个账号抢购商品，但发现平台规则禁止这种行为。
weixue0806,美容护肤,美瞳是哪个[比心][比心][比心],1,该用户想询问直播中提到的美瞳产品具体是哪一款，并表现出强烈的兴趣和喜爱。
weixue0806,美容护肤,用大泡沫吗,0,该用户可能在询问当前推荐的产品是否会产生丰富的泡沫效果。
weixue0806,美容护肤,身体乳!!!!,1,该用户可能是急切询问直播间是否有推荐的身体乳产品，并表现出强烈的购买兴趣或需求。
weixue0806,美容护肤,皱纹怎么枚,0,该用户想询问主播提到的抗皱产品具体是哪一个，可能存在打字错误（“枚”可能是“没”或“哪个”的误输入）。
weixue0806,美容护肤,回我一下啊,0,该用户可能在催促主播回应自己之前的提问或互动请求，表达了一种急切等待回复的期待心理。
weixue0806,美容护肤,妆前面霜有推荐吗,1,该用户是在询问主播能否推荐一款适合妆前使用的面霜产品，表现出对具体护肤品的购买意向和需求。
weixue0806,美容护肤,姐23岁是个什么面膜?,1,该用户想询问主播推荐适合23岁年龄使用的面膜产品。
weixue0806,美容护肤,189面膜怎么买,1,该用户想询问购买189元面膜的具体下单方式或购买链接。
weixue0806,美容护肤,毛孔粗大黑头多用什么啊?,1,该用户想表达的含义是：咨询针对毛孔粗大和黑头问题的护肤产品推荐。
weixue0806,美容护肤,美瞳上链接,1,该用户急切催促主播尽快上架美瞳产品的购买链接。
weixue0806,美容护肤,什么口红,1,该用户想询问主播正在介绍或展示的口红的具体品牌、色号或购买方式。
weixue0806,美容护肤,粉底液色号是啥呀,1,该用户想询问主播正在展示的粉底液具体有哪些色号可供选择，以便挑选适合自己的颜色。
weixue0806,美容护肤,好看!,0,该用户可能是在称赞主播展示的产品外观或效果吸引人，表达对商品的正面评价和潜在购买兴趣。
weixue0806,美容护肤,油腻不?,1,该用户是在询问产品（可能是护肤品或化妆品）使用后是否会有油腻感。
weixue0806,美容护肤,上链接就买,1,该用户急切希望商品上架并明确表达了立即购买的意愿。
weixue0806,美容护肤,纯色好看,0,该用户想表达的含义是：对直播中展示的纯色款式商品表示认可和喜爱，暗示有购买意向。
weixue0806,美容护肤,身体乳啊,1,该用户想表达的含义是：询问或催促主播介绍或上架身体乳产品。
weixue0806,美容护肤,等你这里上白瓷娃娃,1,该用户急切期待主播尽快上架“白瓷娃娃”这款产品并开放购买链接。
weixue0806,美容护肤,宝子的衣服是睡衣吗?哪家的好漂亮,1,该用户是在询问主播身上穿的衣服是否为睡衣品牌，并表达了对款式设计的喜爱和购买意向。
weixue0806,美容护肤,2和3的区别可以再讲一遍吗,1,该用户想表达的含义是：希望主播再次详细对比讲解产品2和3的具体差异。
weixue0806,美容护肤,要菲利欧,1,该用户想表达的含义是：希望主播尽快上架或介绍“菲利欧”这款产品。
weixue0806,美容护肤,"真美,越看越美[比心]",0,该用户被直播展示的产品效果或主播的妆容服饰所吸引，表达出强烈的欣赏和喜爱之情。
weixue0806,美容护肤,可以看看防晒吗,1,该用户想表达的含义是：希望主播展示或介绍防晒产品。
weixue0806,美容护肤,之前好像说一款什么眼膜对抗皱很好,1,该用户想表达的含义是：询问之前提到的某款具有抗皱效果的眼膜产品信息。
weixue0806,美容护肤,眼纹用什么呀,1,该用户想询问直播间推荐哪款产品能有效改善眼部细纹问题。
weixue0806,美容护肤,"好像会长痘,但就是很长时间会那里扁扁的,就是按的话会疼,后期才会出来那个白色的东西,有什么推荐的吗?",1,该用户可能在咨询针对易长痘且伴随皮下硬结、按压疼痛的皮肤问题，想寻求合适的护肤品推荐。
weixue0806,美容护肤,妆前乳有没有,1,该用户是在询问直播间是否有妆前乳产品，并对其购买意向感兴趣。
weixue0806,美容护肤,有好用的面霜吗,1,该用户想表达的含义是：想了解直播间推荐的面霜产品是否适合自己使用。
weixue0806,美容护肤,眼贴是什么,1,该用户想表达的含义是：询问主播介绍的这款眼贴产品的具体功效或用途。
weixue0806,美容护肤,唇釉几号,1,该用户是在询问主播当前展示的唇釉具体色号或款式编号。
weixue0806,美容护肤,真好看啊[比心]越看越好看,0,该用户被直播内容吸引，对展示的产品或妆容产生了强烈的喜爱和赞美之情。
weixue0806,美容护肤,很牛的面膜是那个,1,该用户想询问主播推荐的那款效果很好的面膜具体是什么产品。
weixue0806,美容护肤,口红是什么,1,该用户可能是在询问当前展示的口红产品的具体名称或色号信息。
weixue0806,美容护肤,请问可以分享一下打光技巧吗?哈哈哈哈,0,该用户可能是在以轻松调侃的方式询问产品相关的使用技巧，而非真正表达购买意向。
weixue0806,美容护肤,眼角细纹黑眼圈怎么办,0,该用户想表达的含义是：询问针对眼部细纹和黑眼圈问题的护肤产品推荐。
weixue0806,美容护肤,口红不掉色的啊,0,该用户可能是在询问或确认这款口红是否具备持久不脱色的特性。
weixue0806,美容护肤,痘印用啥,1,该用户想询问针对痘印问题的护肤产品推荐。
weixue0806,美容护肤,韩束那款怎么用,1,该用户想询问韩束产品的具体使用方法或步骤。
weixue0806,美容护肤,皮肤好好,0,该用户可能是对主播或展示产品的效果表示赞赏，暗示对相关护肤产品产生兴趣。
weixue0806,美容护肤,定妆喷雾看看,1,该用户想表达的含义是：希望主播展示或详细介绍定妆喷雾产品。
weixue0806,美容护肤,姐姐好美我爱姐姐,0,该用户主要是在表达对主播外貌的赞美和喜爱，而非直接体现购买意向。
weixue0806,美容护肤,好美呀姐姐,0,该用户是在表达对主播外貌的赞美和喜爱，属于互动型弹幕而非明确的购买意向。
weixue0806,美容护肤,YOLOYYX法式乱乱小风铃,0,该用户可能在询问或夸赞主播佩戴的“法式乱乱小风铃”饰品（如项链/耳环等），并尝试用品牌名或款式特征（YOLOYYX）进行具体指代，表达对商品的兴趣或好奇。  （解析思路：结合前20条弹幕中高频出现的产品询问（口红、眼膜、防晒等）和夸赞外观（皮肤、妆容）的混合语境，目标弹幕的“法式乱乱小风铃”更可能指向某款饰品名称，而非无意义刷屏；用户可能因主播佩戴效果被吸引，用碎片化语言快速提问或表达喜爱。）
weixue0806,美容护肤,有面膜吗,1,该用户是在询问直播间是否售卖面膜产品，并可能对相关功效或推荐款式感兴趣。
weixue0806,美容护肤,说一下19号,1,该用户想询问直播间推荐的某款产品（可能是口红、唇釉等彩妆）的19号色号详情。
weixue0806,美容护肤,耳钉很好看,1,该用户是在夸赞耳钉的款式吸引人，可能对产品产生了购买兴趣。
weixue0806,美容护肤,粉底液用的什么的,1,该用户想询问主播使用的粉底液品牌或产品名称。
weixue0806,美容护肤,沾杯吗,1,该用户是在询问直播中展示的口红或唇釉产品是否容易脱色或留下痕迹。
weixue0806,美容护肤,"今天9号有活动没,讲不讲啊",1,该用户是在询问当天（9号）是否有促销活动，并催促主播尽快介绍相关优惠信息。
weixue0806,美容护肤,小号能发个链接吗?,1,该用户是想询问主播能否提供小号尺寸商品的购买链接。
weixue0806,美容护肤,村姑冒充美女,0,该用户可能在嘲讽主播的外貌或身份与宣传不符，表达对直播内容真实性的质疑。
weixue0806,美容护肤,Dw上一波,1,该用户可能在催促主播重新上架或补货之前展示过的某款商品（可能是“Dw”品牌的产品）。
weixue0806,美容护肤,推荐个眼霜,1,该用户想表达的含义是：希望主播介绍一款适合自己需求的眼霜产品。
weixue0806,美容护肤,有这个口红吗,1,该用户是在询问直播间是否有某款口红产品在售或展示。
weixue0806,美容护肤,有胶原面膜吗,1,该用户是在询问直播间是否有售卖胶原蛋白面膜产品。
weixue0806,美容护肤,香水留香多久??,1,该用户想询问这款香水的持久度如何，以评估是否值得购买。
weixue0806,美容护肤,爱你哦,0,该用户是在表达对主播的喜爱和支持，属于互动性情感反馈而非直接购买意向。
weixue0806,美容护肤,脸上长斑斑点点怎么办,0,该用户可能在询问直播间是否有针对祛斑或改善面部斑点的护肤产品推荐。
weixue0806,美容护肤,干皮面膜推荐一下,1,该用户希望主播为干性皮肤推荐适合的面膜产品。
weixue0806,美容护肤,防晒霜涂了会不会显白一点?,1,该用户想询问防晒霜的提亮效果是否明显。
weixue0806,美容护肤,赶紧破千万,0,该用户希望直播间观看人数尽快突破一千万，可能是为了触发平台设定的流量奖励机制或解锁特殊福利活动。
weixue0806,美容护肤,什么色号,1,该用户想询问主播正在展示的口红或其他彩妆产品的具体颜色编号或名称。
weixue0806,美容护肤,"防晒,防晒,防晒,防晒,说一下",1,该用户迫切希望主播详细介绍当前推荐的防晒产品。
weixue0806,美容护肤,发膜有吗,1,该用户是在询问直播间是否有发膜产品在售或推荐。
weixue0806,美容护肤,防晒那个好用,1,该用户想询问直播中提到的防晒产品是否效果出色值得购买。
weixue0806,美容护肤,戴什么美瞳,1,该用户想询问主播推荐或介绍适合佩戴的美瞳款式或品牌。
weixue0806,美容护肤,讲下面霜好吗,1,该用户希望主播详细介绍当前正在展示或即将推荐的面霜产品信息。
weixue0806,美容护肤,防晒是先涂防晒还是先涂隔离?,1,该用户想表达的含义是：咨询防晒和隔离产品的正确使用顺序以优化护肤步骤。
weixue0806,美容护肤,大表哥怎么没来,0,该用户可能在询问直播间常驻主播或嘉宾的缺席原因，表达了对特定人物参与的期待或关注。
weixue0806,美容护肤,6号讲讲我买,1,该用户想表达的含义是：让主播详细介绍6号产品，以便自己决定是否购买。
weixue0806,美容护肤,姐姐好漂亮[比心][比心],0,该用户是在夸赞主播的外貌以表达好感，但并未直接表现出对商品的购买兴趣。
weixue0806,美容护肤,洗面奶可以卸妆吗,1,该用户可能在询问这款洗面奶是否具备卸妆功能，以评估其清洁效果和实用性。
weixue0806,美容护肤,你是美女吗[捂脸]?,0,该用户可能是在用调侃的语气询问主播外貌，试图通过轻松互动拉近距离，同时隐含对主播形象或推荐产品的兴趣。
weixue0806,美容护肤,"油皮,用什么油养肤,急",1,该用户想表达的含义是：自己是油性皮肤，想快速了解适合油皮的养肤油产品推荐。
weixue0806,美容护肤,买了好用[比心],0,该用户想表达的含义是：已经下单购买了产品，并表示对商品效果满意和喜爱。  （结合前文弹幕多为询问产品功能和购买意向，这条弹幕属于典型的成交反馈，用“[比心]”强化了正面情绪，属于典型的兴趣转化行为。）
weixue0806,美容护肤,雪儿讲讲油霜吧,1,该用户希望主播详细介绍适合油性皮肤使用的面霜产品。
weixue0806,美容护肤,试试三号,1,该用户想表达的含义是：希望主播详细介绍或展示三号产品以便自己考虑购买。
weixue0806,美容护肤,胶原灌注不卖了吗,1,该用户是在询问直播间是否已经停止销售胶原灌注产品，并可能透露出对该商品的购买意向或遗憾情绪。
weixue0806,美容护肤,哪款面膜对于抗衰最好用,1,该用户是在询问直播间推荐的最有效的抗衰老面膜产品，表现出明确的购买需求和针对性咨询意图。
weixue0806,美容护肤,说说19号,1,该用户想询问主播详细介绍19号产品的相关信息。
weixue0806,美容护肤,有眼纹怎么办呀姐姐,0,该用户可能在询问主播推荐针对眼部皱纹问题的护肤产品或解决方案。
weixue0806,美容护肤,你讲一下,0,该用户可能是在催促主播详细讲解当前展示或提到的某款产品。
weixue0806,美容护肤,唇釉几号链接,1,该用户想询问主播当前介绍的唇釉产品对应的购买链接编号。
weixue0806,美容护肤,真美呀我的宝,0,该用户是在夸赞主播的外貌或表现，表达了对主播的喜爱和欣赏。
weixue0806,美容护肤,蓝色上嘴好其实,0,该用户想表达的含义是：蓝色的唇釉上嘴效果确实不错。
weixue0806,美容护肤,颈纹用哪个,1,该用户想询问直播间推荐哪款产品可以有效改善颈纹问题。
weixue0806,美容护肤,"还有没有那个大罐的眼膜,雪姐?还有没有那个大罐的眼膜,雪姐?还有没有那个大罐的眼膜,雪姐?",1,该用户急切地询问主播是否还有某款大容量眼膜的库存，表现出强烈的购买意向和重复确认的需求。
weixue0806,美容护肤,必须买啦!!!!,0,该用户强烈表达了对当前推荐产品的认可和明确的购买意愿。
weixue0806,美容护肤,"仙女,我觉得你本人比在镜头里还好看[爱心][爱心][爱心]",0,该用户是在夸赞主播的颜值并表达喜爱之情，但并未直接表现出对商品的购买意向。
weixue0806,美容护肤,极光四季精华油和反重力精华功效有何区别?,1,该用户想了解两款精华产品的具体功能差异，以便做出购买决策。
weixue0806,美容护肤,姐你真招人喜欢,0,该用户想表达的含义是：被主播的个人魅力吸引，产生了亲近感和好感。
weixue0806,美容护肤,大干皮买啥,1,该用户想表达的含义是：干性皮肤适合购买哪款产品？
weixue0806,美容护肤,"点击关注领取海蓝之谜,离开无效衣服好看",0,该用户想表达的含义是：关注主播后可以领取海蓝之谜产品福利，并称赞当前展示的服装款式吸引人。
weixue0806,美容护肤,定妆好用吗,1,该用户是在询问定妆产品的使用效果，以判断是否值得购买。
weixue0806,美容护肤,9号啥时候讲啊[比心][比心][比心][比心][比心][比心][比心][比心][比心][比心][比心],1,该用户急切期待主播尽快讲解9号产品，并通过密集的比心表情强调自己的强烈兴趣和催促情绪。
weixue0806,美容护肤,我的天呐好漂亮,0,该用户被直播内容或产品展示所吸引，表达了对某样商品的强烈喜爱和赞叹。
weixue0806,美容护肤,能介绍一下3号吗,1,该用户想询问主播详细介绍3号产品的具体信息或功能。
weixue0806,美容护肤,是11号吗?唇釉,1,该用户想确认主播提到的唇釉是否对应11号商品链接。
weixue0806,美容护肤,口红不掉色的?,1,该用户可能是在询问口红产品的持久度，想确认是否会有脱色问题以便决定购买。
weixue0806,美容护肤,2号孕妇能用吗,1,该用户是在询问产品编号2的商品是否适合孕妇使用。
weixue0806,美容护肤,衣服好看呀,0,该用户想表达的含义是：对展示的服装款式产生兴趣并有意向购买。
weixue0806,美容护肤,修复的面膜是哪一款啊[捂脸],1,该用户是在询问直播间推荐的具有修复功效的面膜具体对应哪个产品链接或型号。
weixue0806,美容护肤,耳朵上面那个打的疼不,0,该用户可能是对主播佩戴的耳饰或耳部装饰品感兴趣，询问佩戴时的舒适度以评估购买意愿。
weixue0806,美容护肤,眼细纹,0,该用户可能是想询问主播关于改善眼部细纹的产品推荐或相关护肤建议。
weixue0806,美容护肤,头发头发头发怎么保养,0,该用户想表达的含义是：询问主播关于头发护理产品的推荐或保养方法。  （结合前文弹幕中高频出现的护肤、美妆、产品咨询等需求，可推断用户是在直播中针对头发保养提出具体问题，潜在购买意向明确。）
weixue0806,美容护肤,洗面奶怎么用,1,该用户想询问洗面奶的具体使用方法，可能是对产品功效或操作步骤存在疑问，希望通过主播讲解进一步了解产品特性以辅助购买决策。
weixue0806,美容护肤,没有水乳吗,1,该用户是在询问直播间是否会上架或推荐补水保湿类的水乳产品，表现出对这类护肤品的潜在购买兴趣。
weixue0806,美容护肤,眼油?,1,该用户可能是想询问直播间正在介绍或展示的某款眼部精华油产品的具体信息或功效。
weixue0806,美容护肤,素颜滴素颜滴素颜滴还会有吗,1,该用户是在急切询问主播是否还会补货或再次售卖“素颜滴”这款产品。
weixue0806,美容护肤,女人看了都喜欢,0,该用户想表达的含义是：这款产品对女性群体有很强的吸引力。  （结合前文弹幕中频繁出现的具体产品询问和外观夸赞，可推测用户通过群体认同感间接表达对当前展示商品的兴趣，隐含“我也想买”的动机。）
weixue0806,美容护肤,第一次来[比心]有推荐的粉底咩,1,该用户初次进入直播间，希望主播能根据她的需求推荐一款适合的粉底产品。
weixue0806,美容护肤,姐姐说话好温柔啊[比心][比心][比心],0,该用户主要是在表达对主播亲和力的喜爱和赞赏，但并未直接表现出对商品的购买兴趣。
weixue0806,美容护肤,推荐个去斑的产品,1,该用户希望主播能针对祛斑需求推荐一款合适的美容产品。
weixue0806,美容护肤,有没有轮廓面膜??,1,"该用户想询问直播间是否售卖或推荐具有提拉紧致效果的面膜产品。  （释义依据：结合前文弹幕中高频出现的美妆护肤类产品咨询（如修复面膜、去斑产品等），且提问句式多为直接索取商品信息，可推断用户以功能性需求为导向，主动寻求特定品类商品。""轮廓""在此语境下更可能指向提升面部线条的紧致型面膜，而非字面轮廓剪裁。）"
weixue0806,美容护肤,放晒好用嘛,1,该用户想询问产品“防晒霜”的使用效果是否良好。
weixue0806,美容护肤,最近广西好多主播都学你,0,该用户想表达的含义是：广西地区的主播都在模仿你的直播风格或产品推荐方式。
weixue0806,美容护肤,姐姐男朋友对我很好但家庭条件不好怎么办[流泪][流泪][流泪],0,该用户可能是在借情感话题委婉表达对直播产品的价格顾虑，希望通过共情获得主播的优惠建议或情感支持。
weixue0806,美容护肤,耳骨钉很漂亮能分享一下么[捂脸],1,该用户对主播佩戴的耳骨钉产生兴趣，希望了解产品详情并表达出潜在的购买意向。
weixue0806,美容护肤,面膜几号?,1,该用户是在询问面膜的具体款式编号或产品代码，以便进一步了解或购买。
weixue0806,美容护肤,面膜,1,该用户可能在询问直播间正在介绍或展示的面膜产品的具体信息或购买方式。
weixue0806,美容护肤,衣服什么牌子的?,1,该用户想询问直播中展示的服装品牌信息，表现出对商品的兴趣和潜在的购买意向。
weixue0806,美容护肤,防晒霜涂了是透明的还是会变白?,1,该用户是在询问防晒霜的质地是否会显白或影响肤色，以判断是否适合自己的使用需求。
weixue0806,美容护肤,胶原蛋白面膜胶原蛋白面膜,1,该用户可能是在急切询问或强调关于胶原蛋白面膜的产品信息或购买意向。
weixue0806,美容护肤,背景音乐音乐,0,该用户可能在询问或评价直播间的背景音乐是否合适或能否更换。
weixue0806,美容护肤,洗面奶孕妇孕妇孕妇可以用吗,1,该用户想表达的含义是：询问这款洗面奶是否适合孕妇使用，可能出于自身或亲友的孕期需求而关注产品安全性。
weixue0806,美容护肤,姐姐不理我还是买了眼油唉我有点太爱了,0,该用户想表达的含义是：尽管主播没有回应自己，但还是因为对产品的喜爱而购买了眼油。
weixue0806,美容护肤,油霜怎么用[看],1,该用户可能是在询问油霜的使用方法，同时表现出对产品的兴趣和进一步了解的意愿。
weixue0806,美容护肤,"不回答我的问题,我退了",0,该用户因自己的提问未得到及时回应而感到不满，暗示若继续被忽视将退出直播间。
weixue0806,美容护肤,祛痘哪个好,1,该用户想询问直播间是否有推荐的祛痘产品，并希望主播能提供具体建议或产品介绍。
weixue0806,美容护肤,很牛的那个面膜,0,该用户是想询问主播之前推荐过的一款效果很好的面膜的具体信息或购买方式。
weixue0806,美容护肤,讲一下13号香水吧,1,该用户对主播提到的“13号香水”产生了兴趣，希望主播能详细介绍这款产品的特点或使用体验。
weixue0806,美容护肤,洗面奶怎么比切片的贵呀,0,该用户可能是在对比同类商品价格后，对洗面奶的定价高于切片类产品感到疑惑，隐含希望主播解释价格差异或推荐更实惠选项的意图。
weixue0806,美容护肤,"很漂亮,炮龙节的时候我表妹跟你合影",0,该用户想表达的含义是：主播的装扮或产品效果很吸引人，让我联想到之前亲戚参加活动时与你互动的经历。
weixue0806,美容护肤,有好用的颈膜吗,1,该用户是在询问直播间是否有值得推荐的颈部护理产品，表现出对这类商品的潜在购买兴趣。
weixue0806,美容护肤,"敷完你的面膜后脸干,下一步我要怎么办",0,该用户在使用面膜后遇到皮肤干燥的问题，希望主播能给出后续的护肤建议或解决方案。
weixue0806,美容护肤,差不多时间了,0,该用户可能是在催促主播尽快介绍或上架他们关注的产品（如面膜或其他护肤品），暗示直播进度已到该进入正题的时间。
weixue0806,美容护肤,洗面奶弹出来,1,该用户可能在询问洗面奶的包装设计是否为按压弹出式，或是好奇产品使用时膏体挤出的状态。
weixue0806,美容护肤,你去眼袋了吗,0,该用户可能是在询问主播是否使用了某种去眼袋的产品或方法，暗示自己对此感兴趣并希望获得推荐。
weixue0806,美容护肤,洗面奶青春期能用嘛,1,该用户是在询问这款洗面奶是否适合青春期肤质使用，表现出对产品适用性的具体关切和潜在的购买意向。
weixue0806,美容护肤,颈霜怎么用,1,该用户想询问颈部护理产品的使用方法，可能是对当前介绍的产品感兴趣或在使用类似产品时遇到了疑问。
weixue0806,美容护肤,19号介绍一下,1,该用户希望主播详细介绍19号产品（可能是商品编号或特定款式）的功能或特点。
weixue0806,美容护肤,"毛孔粗大,黑头多用什么啊",1,该用户想表达的含义是：询问针对毛孔粗大和黑头问题的护肤产品推荐。  （结合前文语境，直播间正在讨论各类护肤产品，用户基于自身皮肤问题，希望主播给出具体解决方案，属于明确的购买意向咨询。）
weixue0806,美容护肤,她说她自己,0,该用户可能在抱怨主播只顾自说自话，没有及时回应其他观众关于产品功效或使用方法的提问。
weixue0806,美容护肤,油还有么,1,该用户是在询问直播间是否还有之前提到的某款油类产品（如眼油或油霜）的库存可供购买。
weixue0806,美容护肤,耳环漂亮,1,该用户被直播中展示的耳环款式吸引，产生了欣赏和潜在的购买兴趣。
weixue0806,美容护肤,我爱你雪,0,该用户想表达的含义是：对主播或产品“雪”表示喜爱和支持。
weixue0806,美容护肤,眼睫毛事嫁接的吗,0,该用户是在询问直播中展示的眼睫毛是否是通过嫁接技术实现的。
weixue0806,美容护肤,求求姐姐了,0,该用户可能是在急切请求主播推荐或展示某款产品。
weixue0806,美容护肤,别理他们,0,该用户可能是在提醒主播专注解答产品问题，不要被无关的互动内容干扰。
weixue0806,美容护肤,鼻子做过没有,0,该用户可能在询问主播是否进行过鼻部整形或美容项目。
weixue0806,美容护肤,买几只合适,1,该用户可能在询问购买产品的推荐数量，表现出对产品有兴趣但不确定具体购买多少合适。
weixue0806,美容护肤,50岁干性皮肤用什么面霜,1,该用户是在询问适合中年干性肌肤的面霜产品推荐，表现出明确的购买意向和需求。
weixue0806,美容护肤,油要怎么用呢?,1,该用户可能是在询问直播间推荐的护肤油的正确使用方法或适用场景。
weixue0806,美容护肤,"口红不掉色,都擦不掉",0,该用户是在夸赞口红的持久度好，暗示对产品效果满意或有购买意向。
weixue0806,美容护肤,有没有轮廓面膜?,1,该用户是在询问直播间是否售卖能塑造面部轮廓的面膜产品。
weixue0806,美容护肤,"姐,脸有点垮怎么办啊[流泪]",0,该用户可能在询问主播针对面部皮肤松弛问题的护肤建议或产品推荐。
weixue0806,美容护肤,姐姐衣服哪里买滴,1,该用户想表达的含义是：询问主播身上穿的衣服的购买渠道。
weixue0806,美容护肤,你喝的是什么,0,该用户可能在询问主播正在展示或使用的饮品相关信息，表达对产品的兴趣或购买意向。
weixue0806,美容护肤,"姐,15号定妆油皮适合吗?",1,该用户是在询问主播15号定妆产品是否适合油性皮肤使用，表现出对产品的具体需求和购买意向。
weixue0806,美容护肤,眼霜聊聊么[比心][比心][比心][比心],1,该用户想表达的含义是：希望主播详细讲解或推荐眼霜产品，并表现出强烈的兴趣和好感。
weixue0806,美容护肤,2号面膜几片,1,该用户是在询问2号面膜的包装规格或单片数量，表现出对产品具体信息的购买前关注。
weixue0806,美容护肤,素颜滴素颜滴还会有吗,1,该用户是在询问主播之前推荐过的“素颜滴”产品是否会再次补货或返场。
weixue0806,美容护肤,我刚刚买了,0,该用户想表达的是自己已经下单购买了直播间的某款产品。
weixue0806,美容护肤,干敏肌推荐那款面膜,1,该用户是在询问适合干性敏感肌的面膜产品推荐，表现出明确的购买意向和需求匹配的诉求。
weixue0806,美容护肤,油霜我也买了怎么用,1,该用户想表达的含义是：询问自己购买的油霜产品的具体使用方法。
weixue0806,美容护肤,贴的睫毛还是种的,0,该用户是在询问主播展示的睫毛是通过粘贴假睫毛还是嫁接技术实现的，表现出对美容细节的关注和潜在的购买意向。
weixue0806,美容护肤,8号怎么使用,1,该用户想询问产品“8号”的具体使用方法或操作步骤。
weixue0806,美容护肤,粉底上一下,1,该用户希望主播尽快上架或展示粉底产品。
weixue0806,美容护肤,"雪雪雪,衣服哪家的",1,该用户是在询问主播身上穿的衣服的品牌或购买渠道。
weixue0806,美容护肤,你这个口音到底是哪个地方的呀,0,该用户可能是对主播的口音感到好奇，试图通过闲聊拉近距离或缓解购物咨询的紧张氛围，而非直接表达购买意向。
weixue0806,美容护肤,"唇油是真好用,我買了十枝了",0,该用户想表达的含义是：对这款唇油产品非常满意，已经多次回购并认可其效果。
weixue0806,美容护肤,有颈纹怎么办,0,该用户可能在询问直播间是否有针对颈部皱纹问题的产品或护理建议。
weixue0806,美容护肤,黄金能买吗,1,该用户可能是在询问直播间是否有黄金类商品在售，并对其购买渠道或方式感兴趣。
weixue0806,美容护肤,眼膜推荐一个,1,该用户想表达的含义是：希望主播能推荐一款适合自己使用的眼膜产品。
weixue0806,美容护肤,有妈妈能用的吗,1,该用户可能在询问直播中推荐的产品是否有适合中老年女性使用的款式或类型。
weixue0806,美容护肤,身体乳讲解,1,该用户希望主播详细介绍身体乳产品的功效或使用方法。
weixue0806,美容护肤,姐姐眼油用了两次我就感觉变淡了!我一定要来跟你说[舔屏][舔屏][舔屏][舔屏][舔屏][舔屏][舔屏][舔屏][舔屏][舔屏][舔屏][舔屏][舔屏][舔屏][舔屏],0,该用户想表达的含义是：这款眼油效果显著，使用两次就见效，我非常喜欢并强烈推荐。
weixue0806,美容护肤,杯子是什么样的,0,该用户想询问直播中展示的杯子的具体外观或功能细节。
weixue0806,美容护肤,有眼袋,0,该用户可能是在询问主播是否有针对眼袋问题的护肤产品推荐或相关解决方案。
weixue0806,美容护肤,雪富勒烯水光能打吗,0,"该用户是在询问""雪富勒烯水光""这款产品的实际效果是否显著（比如提亮、保湿等功效）。"
weixue0806,美容护肤,唇釉防掉吗,1,该用户想询问这款唇釉是否具有持久不脱色的效果。
weixue0806,美容护肤,眼细纹很多,0,该用户可能在询问直播间是否有针对眼部细纹的护肤产品或解决方案。
weixue0806,美容护肤,我爱你雪雪,0,该用户想表达的含义是：对主播雪雪的喜爱和支持，可能是在回应主播展示的某款产品或互动表现。
weixue0806,美容护肤,有抬头纹咋办?,0,该用户想表达的含义是：询问直播间是否有针对改善抬头纹的产品推荐或解决方案。
weixue0806,美容护肤,香水留香多久?,1,该用户可能在询问香水的持久度以评估是否值得购买。
weixue0806,美容护肤,美女姐姐用的什么粉底,1,该用户想询问主播使用的粉底产品信息，可能有意向购买同款。
weixue0806,美容护肤,唇釉外边现在好多盗版,0,该用户可能在暗示担心买到假货，希望主播能强调产品的正版保障或提供可靠的购买渠道。
weixue0806,美容护肤,想要个乳液,1,该用户是在询问直播间是否有推荐的乳液产品并表达购买意向。
weixue0806,美容护肤,超级喜欢你对人,0,该用户想表达的含义是：非常欣赏主播的人格魅力或互动风格。  （结合语境分析：直播间弹幕多为产品咨询和效果反馈，而该弹幕跳脱出具体商品，转向对主播本人的情感表达，属于社交互动型内容，未直接体现购买意向。）
weixue0806,美容护肤,"泪沟比较深,用什么",1,该用户想询问针对泪沟问题的产品推荐，表达了对改善这一肌肤问题的潜在购买兴趣。
weixue0806,美容护肤,外套好可爱,0,该用户被展示的外套款式吸引，产生了明显的兴趣和好感，可能有意向进一步了解或购买。
weixue0806,美容护肤,姐姐普通女孩如何走出去[捂脸][捂脸][捂脸][捂脸],0,该用户想表达的含义是：想请教主播作为普通女性如何提升自信或改变现状。  （结合上下文，直播间讨论的多是护肤、美妆、穿搭等变美相关话题，用户用“[捂脸]”表情暗示自嘲或困惑，核心诉求是寻求“普通女孩”的蜕变建议，可能指向形象、职业或心理层面的指导。）
weixue0806,美容护肤,好爱你怎么办[爱心],0,该用户想表达的含义是：对主播或产品表现出强烈的喜爱和情感认同，但并未直接表达明确的购买意向。
weixue0806,美容护肤,耳环有链接吗?,1,该用户想表达的含义是：询问主播展示的耳环是否可以在购物链接中购买。  （结合前文弹幕内容，直播间氛围以产品咨询和互动为主，用户提问多围绕商品细节和购买方式，因此这条弹幕的核心意图是确认购买渠道。）
weixue0806,美容护肤,衣服链接[捂脸],1,该用户想表达的含义是：询问主播衣服的购买链接在哪里，同时用表情符号表达有些不好意思或急切的心情。
weixue0806,美容护肤,瓷娃娃好用吗,1,该用户是在询问直播中提到的“瓷娃娃”产品的实际使用效果和体验如何，表现出对产品的潜在购买兴趣。
weixue0806,美容护肤,"刚做了激光祛斑,用什么保养品呢?",1,该用户想表达的含义是：自己刚做完激光祛斑项目，想咨询直播间推荐适合术后修复的护肤品。  （结合前文弹幕中高频的护肤问题、产品效果询问等语境，可推断用户将直播间视为专业护肤咨询场景，主动提出具体需求以寻求针对性推荐。）
weixue0806,美容护肤,那个颈霜有效果吗,1,该用户是在询问颈霜的实际功效是否显著，表现出对产品的具体效果感兴趣并可能考虑购买。
weixue0806,美容护肤,唇釉防水吗,1,该用户想询问这款唇釉是否具备防水功能，以评估其持久度和实用性。
weixue0806,美容护肤,用什么?,0,该用户是在询问主播当前展示的产品适合解决哪种皮肤问题或如何使用。
weixue0806,美容护肤,黑眼圈重,0,该用户可能在询问如何改善或遮盖黑眼圈的问题。
weixue0806,美容护肤,身体乳可以说下吗,1,该用户想询问主播能否详细介绍身体乳产品的功效或使用体验。
weixue0806,美容护肤,有没有防脱发的,1,该用户想询问直播间是否有针对脱发问题的产品或解决方案。
weixue0806,美容护肤,眼纹很重的,0,该用户可能在询问针对眼部皱纹问题的护肤产品或解决方案。
weixue0806,美容护肤,姐姐眼油用了两次我就感觉变淡了!我一定要来跟你说[舔屏][舔屏][舔屏][舔屏][舔屏][舔屏][舔屏][舔屏][舔屏][舔屏][舔屏],0,该用户想表达的含义是：对主播推荐的眼部产品效果非常满意并强烈表达购买意愿和喜爱之情。
weixue0806,美容护肤,我害怕,0,该用户可能是对直播中提到的某款产品效果（如眼油见效快）感到惊喜或担忧，因效果显著而产生心理波动（如担心依赖性或不适应）。
weixue0806,美容护肤,油什么时候还有,1,该用户想询问直播中提到的护肤油产品何时会再次补货或上架。
weixue0806,美容护肤,眼部有汗管瘤用哪款,1,该用户想询问针对汗管瘤问题的眼部护理产品推荐。
weixue0806,美容护肤,姐姐十九岁眼睛就有眼纹了,0,该用户可能在担忧眼部衰老问题，并暗示想寻求改善眼纹的产品建议。
weixue0806,美容护肤,眼纹特别严重,0,该用户可能是在询问针对严重眼纹问题的护肤产品推荐或解决方案。
weixue0806,美容护肤,漂亮姐姐唇膏哺乳期可以用吗,1,该用户是在询问主播推荐的唇膏产品是否适合孕期或哺乳期的特殊人群使用，隐含对产品安全性的关注和潜在的购买意向。
weixue0806,美容护肤,我已经有了,0,"该用户想表达的含义是：我对当前推荐的产品没有需求，因为已经拥有同类物品了。  （结合前文弹幕多为询问产品效果或求购链接的语境，""已经有了""是一种婉拒，暗示不需要主播正在推广的特定商品。）"
weixue0806,美容护肤,2号5号怎么选,1,"该用户是在询问主播对于两款不同产品（可能是护肤品或化妆品）的选择建议，希望得到针对自身需求的推荐。  （解析：结合前文弹幕多为护肤美妆类产品咨询，且频繁出现""眼纹""""黑眼圈""等具体需求，可推断""2号5号""指代直播间展示的某类产品编号，用户的核心诉求是决策辅助而非单纯询问信息。）"
weixue0806,美容护肤,"长这么好看本身底子好,而且为了美丽肯对自己大力度保养的人真的很牛[比心]",0,该用户是在夸赞主播天生丽质且注重保养，表达对主播自律和护肤态度的欣赏与认同。
weixue0806,美容护肤,身体乳可以说下吗[捂脸],1,该用户想询问主播能否详细介绍身体乳产品的功效或使用体验。
weixue0806,美容护肤,黄黑皮选唇部精华选有颜色的还是没颜色的黄黑皮选唇部精华选有颜色的还是没颜色的,1,该用户是在询问适合黄黑肤色的唇部精华该选择有色款还是无色款，表现出对产品具体功能的选购困惑和明确的购买意向。
weixue0806,美容护肤,"有眼纹,眼周干、细纹多",0,该用户想表达自己存在眼周肌肤问题，希望主播推荐针对性的眼部护理产品。
weixue0806,美容护肤,我还有黑眼圈,0,该用户想表达自己存在黑眼圈问题，并暗示对直播间推荐的相关眼部护理产品感兴趣。
weixue0806,美容护肤,有钱有颜有能力重要情商高[捂脸],0,该用户是在夸赞主播不仅外在条件优秀，还具备出色的个人能力和社交魅力，表达了对主播的欣赏和喜爱。
weixue0806,美容护肤,"姐姐,除了保证清洁,用什么可以收缩毛孔[送心]",1,该用户想表达的含义是：向主播咨询能够收缩毛孔的护肤产品推荐，并表现出对主播的信任和好感。
weixue0806,美容护肤,雪唇釉防掉色不?,1,该用户是在询问这款唇釉是否具有持久防脱色的功效。
weixue0806,美容护肤,面霜推荐哪款,1,该用户想表达的含义是：希望主播能针对自己的需求推荐一款合适的面霜产品。
weixue0806,美容护肤,我的眼睛皱纹多,0,该用户可能在咨询适合改善眼部皱纹的产品或方法。
weixue0806,美容护肤,长脂肪粒是太营养了吗,0,该用户可能在询问产品成分是否过于滋养导致眼部出现脂肪粒，隐含对产品安全性和适用性的担忧。
weixue0806,美容护肤,我眼皮就已经开始塌了,0,该用户是在表达自己眼部肌肤出现松弛下垂的问题，暗示对直播间推荐的眼部护理产品有潜在需求。
weixue0806,美容护肤,kt衣服,0,该用户可能是想询问直播间是否有售卖或推荐某款名为“KT”的服装产品。
weixue0806,美容护肤,"有黑眼圈,和眼袋",0,该用户可能在询问适合改善黑眼圈和眼袋问题的产品推荐。
weixue0806,美容护肤,"有眼袋黑眼圈,有眼袋黑眼圈",0,该用户可能在表达自己存在眼袋和黑眼圈的问题，并希望主播推荐相关产品或解决方案。
weixue0806,美容护肤,我就长,0,"该用户可能想表达“我的眼纹问题已经持续很长时间了”。结合前文高频出现的眼周问题讨论（眼纹/黑眼圈/脂肪粒），""长""更可能指代""长期存在""，而非字面意义的长度，且语气中隐含对衰老问题的焦虑感。"
weixue0806,美容护肤,睡眠面膜有吗,1,该用户是在询问直播间是否有售卖睡眠面膜产品，表现出对这类商品的潜在购买兴趣。
weixue0806,美容护肤,眼角明显开过的[捂脸],0,该用户想表达的含义是：觉得主播的眼角明显做过整形手术，并用调侃的语气表示对此的观察和轻微调侃。
weixue0806,美容护肤,"我就是,涂不了,一直不涂眼霜",0,该用户想表达自己因为某些原因（如肤质或技术问题）无法使用眼霜，但同时又对眼周护理问题感到困扰和无奈。
weixue0806,美容护肤,脂肪粒怎么消呐[流泪],0,该用户想表达的含义是：咨询消除脂肪粒的方法并流露出困扰情绪。
weixue0806,美容护肤,有脂肪粒咋办,0,该用户想表达的含义是：咨询如何解决眼部脂肪粒问题。
weixue0806,美容护肤,"雪,唇釉防掉色不",0,该用户是在询问唇釉的持久度，担心产品是否容易脱色。
weixue0806,美容护肤,皮肤干起皮用什么,1,该用户想表达的含义是：询问针对皮肤干燥起皮问题的护肤产品推荐。
weixue0806,美容护肤,补水面膜拍哪个,1,该用户想询问主播推荐哪款补水面膜适合自己购买使用。
weixue0806,美容护肤,睫毛膏哪款,1,该用户想询问直播中推荐的睫毛膏产品款式。
weixue0806,美容护肤,大师和胶原膜选哪个,1,该用户是在询问主播推荐两款护肤产品中的哪一款更适合自己，表现出明确的购买决策需求。
weixue0806,美容护肤,我不用眼霜都长脂肪粒,0,该用户想表达的意思是：我平时不使用眼霜都会长脂肪粒，说明眼部皮肤容易营养过剩。
weixue0806,美容护肤,后面不敢用了,0,该用户可能是在担心使用眼霜后会产生脂肪粒等副作用，因此对继续使用类似产品感到犹豫和顾虑。
weixue0806,美容护肤,我就是,0,该用户想表达的含义是：自己属于容易长脂肪粒的肤质，因此无法使用眼霜。
weixue0806,美容护肤,还显得人不干净,0,该用户想表达的含义是：这款产品使用后可能会让人看起来肤色暗沉或不整洁。
weixue0806,美容护肤,挑脂肪粒又很疼,0,该用户想表达的含义是：使用眼霜时担心去除脂肪粒的过程会带来疼痛不适。
weixue0806,美容护肤,黑眼圈很重[流泪],0,该用户想表达的含义是：自己深受黑眼圈困扰并为此感到苦恼。
weixue0806,美容护肤,美瞳戴的啥,0,该用户是在询问主播佩戴的美瞳款式或品牌信息，可能对当前展示的眼妆效果产生兴趣并考虑购买同类产品。
weixue0806,美容护肤,我是长豆[捂脸],0,该用户想表达的含义是：我也有长期存在的痘痘问题，对此感到无奈。
weixue0806,美容护肤,你护肤都涂什么,0,该用户想了解主播日常使用的护肤品推荐，尤其是针对当前弹幕中频繁讨论的眼部问题和皮肤护理需求。
weixue0806,美容护肤,眼油就拍9号链接吗?,1,该用户是在确认购买眼部精华油的具体下单方式，询问是否直接点击9号商品链接即可完成购买。
weixue0806,美容护肤,怎么去眼周的脂肪粒,0,该用户想咨询消除眼周脂肪粒的方法或产品推荐。
weixue0806,美容护肤,油精華,0,该用户可能是在询问直播间推荐的精华油产品，或是想了解关于油类精华的使用方法和效果。
weixue0806,美容护肤,眼袋怎么办?[捂脸][捂脸],0,该用户是在询问如何解决眼袋问题，并流露出对眼部问题的困扰和无奈情绪。
weixue0806,美容护肤,5号敷了还用护肤嘛,1,该用户是在询问使用5号产品（可能是面膜或护肤品）后是否还需要叠加其他护肤步骤。
weixue0806,美容护肤,她穿的什么衣服,0,该用户可能是对主播或展示模特身上的服装款式产生了兴趣，想了解具体产品信息以便购买。
weixue0806,美容护肤,我有大眼袋[捂脸],0,该用户想表达自己因眼袋问题感到困扰和无奈。
weixue0806,美容护肤,用了眼霜眼睛痒,0,该用户想表达的含义是：对眼霜产品产生不适反应，担心使用效果或安全性。
weixue0806,美容护肤,我喜欢你雪雪,0,该用户想表达的含义是：对主播“雪雪”的喜爱和支持，可能因主播的推荐或表现而产生好感。
weixue0806,美容护肤,眼部细纹比较多!,0,该用户可能在表达对自己眼部肌肤问题的困扰，并隐含寻求相关护肤产品或解决方案的需求。
weixue0806,美容护肤,学生上学自学粉色唇膏还是选蓝色唇膏,1,该用户是在询问作为学生日常使用，粉色和蓝色唇膏哪个更合适。
weixue0806,美容护肤,胶原蛋白灌注面膜有木有?,1,该用户是在询问直播间是否有售卖胶原蛋白灌注面膜这款产品，表现出对护肤品的具体需求和购买意向。
weixue0806,美容护肤,我就有脂肪粒了,0,该用户想表达的含义是：自己也遇到了眼周脂肪粒的困扰。
weixue0806,美容护肤,磨皮开的好大,0,该用户可能是在吐槽主播的美颜滤镜效果过于明显，导致画面失真不自然。
weixue0806,美容护肤,Lp就这种,0,该用户可能是在质疑或吐槽当前展示的产品效果不佳，认为其与宣传或预期不符。
weixue0806,美容护肤,胶原灌注面膜在哪里,1,该用户是在询问直播间是否有售卖胶原蛋白灌注面膜这款产品，并希望主播指明购买链接或详细介绍。
weixue0806,美容护肤,怎么去掉脂肪粒,0,该用户是在咨询消除眼部脂肪粒的护肤方法或产品推荐。
weixue0806,美容护肤,用了莱伯妮的就是这种,0,该用户想表达的含义是：莱伯妮产品的使用效果就是直播中展示的这种状态。
weixue0806,美容护肤,功效型面膜有吗?,1,该用户是在询问直播间是否有针对特定护肤需求的功能性面膜产品。
weixue0806,美容护肤,百奈子眼油有一瓶装的吗?,1,该用户是在询问产品是否有单瓶装的规格，表现出对购买该眼油产品的具体需求和兴趣。
weixue0806,美容护肤,精华油还上吗,1,该用户是在询问直播中之前提到的精华油产品是否会再次上架或补货。
weixue0806,美容护肤,"毛孔粗大,黑头怎么办啊?",0,该用户可能是在询问直播间是否有针对毛孔粗大和黑头问题的护肤产品或解决方案，表达了对相关产品的潜在购买兴趣。
weixue0806,美容护肤,有抬头纹怎么办??,0,该用户想表达的含义是：咨询如何改善或消除抬头纹的问题。
weixue0806,美容护肤,大师和胶原两款面膜选哪个,1,该用户想表达的含义是：在胶原蛋白灌注面膜和另一款“大师”面膜之间犹豫不决，希望主播能推荐更适合自己的产品。
weixue0806,美容护肤,长了脂肪粒怎么办?,0,该用户可能是在询问直播间推荐的产品或护肤方法能否解决自己因使用眼霜导致的脂肪粒问题。
weixue0806,美容护肤,整容了也不好看[捂脸],0,该用户是在吐槽主播或产品的效果不佳，认为即使通过整容或使用相关产品也难以改善外貌问题。
weixue0806,美容护肤,眼油什么年龄阶段都可以用吗,1,该用户是在询问眼油产品的适用年龄范围，想确认自己或他人是否适合使用。
weixue0806,美容护肤,喜欢你雪,0,该用户想表达的含义是：对主播“雪”的喜爱和支持。
weixue0806,美容护肤,脂肪粒怎么处理,0,该用户是在咨询消除脂肪粒的护肤产品或方法，表现出对解决该皮肤问题的明确需求。
weixue0806,美容护肤,那个产品可以,0,该用户想表达的含义是：询问直播中提到的某款产品是否还有货或是否可以购买。  （结合前文语境，直播间讨论的多是具体护肤产品及功效，用户可能对其中某款产生兴趣，用模糊指代“那个产品”提问，意图确认购买可行性。）
weixue0806,美容护肤,脂肪粒怎么去除,0,该用户可能是在咨询直播间推荐的产品中是否有能有效解决脂肪粒问题的护肤方案。
weixue0806,美容护肤,姐姐有黑眼圈吗,0,该用户可能在询问主播是否有针对黑眼圈问题的产品或解决方案。
weixue0806,美容护肤,脂肪粒怎么消,0,该用户是在咨询消除脂肪粒的产品或方法，表现出对解决这一皮肤问题的明确需求。
weixue0806,美容护肤,汗管瘤,0,该用户可能是想询问如何治疗或改善汗管瘤的问题。
weixue0806,美容护肤,眼袋怎么,0,该用户可能想询问如何解决眼袋问题或相关产品的推荐。
weixue0806,美容护肤,用什么好,0,该用户可能在询问针对当前讨论的皮肤问题（如脂肪粒、黑头或眼周护理）最适合使用什么产品。
weixue0806,美容护肤,糖吃多了也会长脂肪粒,0,该用户是在讨论脂肪粒形成原因时，暗示糖分摄入过多可能是导致脂肪粒的潜在因素之一。
weixue0806,美容护肤,磨皮太严重了指甲指脸的时候都看不清,0,该用户可能是在吐槽直播画面的美颜效果过度，导致产品细节展示不清晰，从而影响对商品的判断和购买兴趣。
weixue0806,美容护肤,姐姐啥时候讲讲眼膜?,1,该用户想询问主播何时会介绍或推荐与眼膜相关的产品信息。
weixue0806,美容护肤,你护肤用的什么水乳精华面霜,1,该用户想表达的含义是：询问主播日常护肤流程中使用的具体产品推荐。
weixue0806,美容护肤,"你有小号吗?就是很晚开播但是人不出镜的,说是本人本人,这个是小号,我还买了东西,是不是你?",0,该用户怀疑主播使用不露脸的深夜小号直播卖货，并质疑其身份真实性及购买产品的可靠性。
weixue0806,美容护肤,不会用眼膜,0,该用户可能是在询问眼膜的使用方法或担心自己不会正确使用眼膜产品。
weixue0806,美容护肤,穿的睡衣?,0,该用户可能在询问主播身上穿的睡衣是否是直播中推荐或售卖的产品。
weixue0806,美容护肤,黑眼圈眼袋重推荐什么,1,该用户想表达的含义是：希望主播推荐能改善黑眼圈和眼袋问题的护肤品。
weixue0806,美容护肤,有脸上用的油?,1,该用户可能在询问直播间是否有适合面部使用的护肤油产品。
weixue0806,美容护肤,鼻翼边的小毛毛怎么办?[捂脸],0,该用户可能在询问如何解决鼻翼附近细小汗毛的困扰，并隐含对相关美容产品或方法的潜在需求。
weixue0806,美容护肤,28岁眼尾下垂怎么办,0,该用户可能在寻求针对眼部抗衰老或紧致提拉功效的产品推荐。
weixue0806,美容护肤,姐姐有卖眼油吗,1,该用户是在询问主播是否售卖眼部护理精油产品。
weixue0806,美容护肤,25岁推荐那个眼霜有黑眼圈,1,该用户想表达的含义是：询问适合25岁人群使用的、针对黑眼圈问题的眼霜产品推荐。
weixue0806,美容护肤,沐浴露哪个更香,1,该用户想表达的含义是：询问直播间推荐的沐浴露中哪款香味更浓郁或更受欢迎。
weixue0806,美容护肤,以油养眼,0,该用户可能在询问主播是否有推荐的眼部护理油产品或想了解“以油养眼”的护肤方法。
weixue0806,美容护肤,睫毛是假睫毛吗,0,该用户是在询问直播中展示的睫毛是否为人工粘贴的假睫毛，表现出对产品细节的关注和潜在的购买意向。
weixue0806,美容护肤,有卖吗,1,该用户是在询问主播是否售卖当前讨论的护肤产品或相关商品。
weixue0806,美容护肤,用什么油,1,该用户想询问主播推荐适合用于面部的护肤油产品。
weixue0806,美容护肤,说下防晒,1,该用户想询问主播关于防晒产品的推荐或使用建议。
weixue0806,美容护肤,精油在几号,1,该用户是在询问直播间正在介绍的精油产品对应的商品编号或上架顺序。
weixue0806,美容护肤,雪姐你有长斑的困扰吗,0,该用户可能是在询问主播是否有针对长斑问题的护肤经验或产品推荐。
weixue0806,美容护肤,黑头黑头黑头怎么办,0,该用户可能在询问主播是否有解决黑头问题的产品或护肤方法。
weixue0806,美容护肤,干敏肌可以用什么面膜,1,该用户是在询问适合干性敏感肌肤使用的面膜产品推荐。
weixue0806,美容护肤,王梓韬同款唇釉,0,该用户想表达的含义是：询问主播是否有售卖王梓韬同款的唇釉产品。
weixue0806,美容护肤,那种油,1,该用户是在询问直播间是否有推荐或正在介绍的面部护肤精油产品。
weixue0806,美容护肤,"斑怎么去呀,雪姐",0,该用户是在询问主播如何去除脸上的斑点，并称呼主播为“雪姐”以表达亲近感。
weixue0806,美容护肤,项链有没有,1,该用户是在询问直播间是否有项链产品在售或展示。
weixue0806,美容护肤,脂肪粒怎么消呢[捂脸],0,该用户可能在咨询护肤品解决方案，想了解消除脂肪粒的有效产品或方法。
weixue0806,美容护肤,割过双眼皮还是会有眼纹[捂脸][捂脸]悲伤,0,该用户想表达的含义是：即使做了双眼皮手术，眼部皱纹问题依然存在，对此感到无奈和困扰。
weixue0806,美容护肤,有卖眼油吗,1,该用户是在询问直播间是否有售卖眼部护理精油产品。
weixue0806,美容护肤,男生祛斑美白补水用哪个面膜啊,1,该用户是在询问适合男性使用的具有祛斑、美白和补水功效的面膜产品，表现出明确的购买意向和需求。
weixue0806,美容护肤,"@御***睡衣,我也买了[捂脸]",0,该用户是在附和主播展示的睡衣产品，表示自己也购买了同款并带有调侃或不好意思的情绪。
weixue0806,美容护肤,美女眼睛好漂亮,0,该用户可能是在夸赞主播的外貌，但结合直播间此前围绕眼部护理和美妆产品的讨论，更可能是对主播眼部妆容或相关产品产生兴趣，暗示想了解使用的眼妆产品或护理方法。
weixue0806,美容护肤,熊猫是什么,0,该用户可能在询问直播中提到的“熊猫”相关产品或护肤成分的具体信息。
weixue0806,美容护肤,你喜欢未婚单身男人吗,0,该用户可能在调侃主播或试图以幽默方式询问产品是否适合单身男性使用。
weixue0806,美容护肤,胶原面膜和大师面膜选哪个,1,该用户正在两款面膜之间犹豫不决，希望主播能给出选购建议。
weixue0806,美容护肤,"雪,法令纹和眼袋怎么办",0,该用户想询问主播是否有针对法令纹和眼袋问题的护肤产品或解决方案。
weixue0806,美容护肤,粉刺了?,0,该用户可能在询问如何解决粉刺问题。
weixue0806,美容护肤,也没有内服美白的,0,该用户是在询问直播间是否有售卖可以口服的美白产品。
weixue0806,美容护肤,上一下眼油,1,该用户希望主播推荐或展示一款眼部护理精油产品。
weixue0806,美容护肤,熊猫疼吗,0,该用户可能是好奇直播中提到的“熊猫”相关产品（如眼罩或护肤品）的使用感受，询问是否会有不适感。
weixue0806,美容护肤,大熊猫多少钱,0,该用户可能是在询问直播间是否有售卖与大熊猫相关的商品或周边产品。
weixue0806,美容护肤,喜欢你,0,该用户可能是在表达对主播或产品的喜爱和认可，暗示潜在的购买意愿或情感共鸣。
weixue0806,美容护肤,美女姐姐美瞳是什么牌子的呀?,1,该用户想表达的含义是：询问主播佩戴的美瞳品牌以便考虑购买同款。
weixue0806,美容护肤,油不是一样长,0,该用户可能是在询问不同种类的眼油是否具有相同的使用效果或持久度。
weixue0806,美容护肤,眼纹严重,0,该用户可能在关注眼部护理问题，想咨询改善眼纹的产品或方法。
weixue0806,美容护肤,有皱纹呢,0,该用户可能是在询问或担忧产品使用后是否能改善皱纹问题。
weixue0806,美容护肤,熊猫是啥,0,该用户可能在询问直播中提到的“熊猫”具体指代的是某款产品、品牌还是其他与美容护肤相关的内容。
weixue0806,美容护肤,再讲就没得谈了,0,用户可能是在催促主播尽快进入产品介绍或促销环节，暗示如果继续闲聊就不想购买了。
weixue0806,美容护肤,上眼皮耷拉怎么办,0,该用户可能是在询问如何改善上眼皮松弛下垂的问题，表达了对眼部护理或美容产品的潜在需求。
weixue0806,美容护肤,身体乳可以说下吗?,1,该用户想询问主播详细介绍某款身体乳产品的功效或使用体验。
weixue0806,美容护肤,鼻翼边的小毛毛怎么去除[捂脸],0,该用户想咨询如何有效去除鼻翼周围的细小毛发，可能对相关美容产品或方法有潜在购买兴趣。
weixue0806,美容护肤,化妆卡粉起皮怎么办雪雪,0,该用户想表达的含义是：向主播“雪雪”咨询化妆时出现卡粉和起皮问题的解决方法。
weixue0806,美容护肤,肿眼泡呢,0,该用户可能在询问主播针对肿眼泡问题的护肤或化妆建议。
weixue0806,美容护肤,眼窝凹陷怎么搞,0,该用户想咨询改善眼窝凹陷问题的美容产品或护理方法。
weixue0806,美容护肤,怎么天天看到你晚上播呀,0,该用户可能是在好奇主播为何频繁选择晚间时段开播，隐约透露出对主播作息规律的关心或对其直播时间安排的疑问。
weixue0806,美容护肤,皮肤下垂怎么办姐姐,0,该用户是在向主播咨询改善皮肤松弛问题的护肤建议。
weixue0806,美容护肤,红血丝怎么整,0,该用户想咨询改善面部红血丝问题的护肤产品或方法。
weixue0806,美容护肤,黑眼圈好重怎么办,0,该用户想表达的含义是：询问改善黑眼圈问题的产品或方法。
weixue0806,美容护肤,8号介绍一下,1,该用户可能是对直播中提到的某款产品（编号8号）感兴趣，希望主播详细介绍其功能或价格信息。
weixue0806,美容护肤,1号链接面膜怎么用,1,该用户想了解1号链接面膜的使用方法，可能是对产品产生了兴趣并考虑购买。
weixue0806,美容护肤,你皮肤真好,0,该用户可能是在夸赞主播的皮肤状态好，并隐含对相关护肤产品或方法的兴趣。
weixue0806,美容护肤,如果又脂肪粒怎么办呢,0,该用户担心使用产品后可能会长脂肪粒，想咨询解决方法。
weixue0806,美容护肤,外套好看,1,该用户被直播中展示的外套款式吸引，产生了潜在的购买意向。
weixue0806,美容护肤,11润唇怎么用,1,该用户是在询问11号产品的润唇膏如何使用。
weixue0806,美容护肤,毛孔咋办,0,该用户想表达的含义是：皮肤毛孔粗大问题该如何解决。
weixue0806,美容护肤,9号链接么?,1,该用户是在询问当前介绍的产品是否对应9号商品链接，表现出对特定商品的购买意向和进一步了解的意愿。
weixue0806,美容护肤,那就关了滤镜看一看[捂脸],0,该用户可能是对主播展示的产品效果真实性存疑，想确认去掉滤镜后的真实状态。
weixue0806,美容护肤,有没有内服美白的,1,该用户是在询问直播间是否有可以口服的美白产品推荐。
weixue0806,美容护肤,用油了还用水乳霜吗,1,该用户想询问在使用护肤油后是否还需要叠加使用水、乳、霜等基础护肤品。
weixue0806,美容护肤,肿眼泡,0,该用户想询问针对肿眼泡问题的化妆或护理建议。
weixue0806,美容护肤,痘痘怎么去,0,该用户是在询问如何解决面部痘痘问题，表现出对护肤产品的潜在购买兴趣。
weixue0806,美容护肤,@大***有,0,该用户可能是在询问主播关于某个商品（如“大***”品牌或昵称相关的产品）的详情或使用效果。
weixue0806,美容护肤,眼纹很严重[捂脸],0,该用户是在表达对自己眼部皱纹问题的困扰，并希望主播能提供相关的解决方案或产品推荐。
weixue0806,美容护肤,眼袋F,0,该用户可能是想询问关于“眼袋”问题的解决方法或产品推荐。
weixue0806,美容护肤,去黑头有啥好办法?,0,该用户想表达的含义是：询问直播间是否有推荐的去黑头产品或护肤方法。
weixue0806,美容护肤,是拍9号链接吗,1,该用户想确认购买的商品是否对应直播间中的9号产品链接。
weixue0806,美容护肤,直接说几号链接我去拍,1,该用户急切地想要知道商品对应的链接编号以便立即下单购买。
weixue0806,美容护肤,哪个眼油,1,该用户是在询问直播间推荐的哪款产品是针对眼部护理的精油。
weixue0806,美容护肤,红血丝怎么办呀,0,该用户可能在询问针对红血丝问题的护肤产品或解决方案，表达了对相关商品的潜在购买兴趣。
weixue0806,美容护肤,眼沟严重,0,该用户想表达的含义是：我的眼部问题比较明显，想咨询相关产品的解决方案。
weixue0806,美容护肤,要做什么Y美,0,该用户想询问如何进行医美项目来改善皮肤问题。
weixue0806,美容护肤,有个韦雪小号直播是你吗?,0,该用户可能在询问主播是否同时在另一个名为“韦雪小号”的直播间进行直播，意图确认主播身份或寻找更多相关内容。
weixue0806,美容护肤,磨皮真的有点重了姐姐[捂脸],0,该用户委婉地表达对直播滤镜效果的质疑，暗示希望看到更真实的商品展示效果。
weixue0806,美容护肤,关美颜看看你,0,该用户可能是对主播的美颜效果产生怀疑，希望看到更真实的产品展示效果。
weixue0806,美容护肤,眼纹怎么弄,0,该用户想询问如何改善或消除眼部皱纹的问题。
weixue0806,美容护肤,黑眼圈重怎么办?????姐姐,0,该用户想表达的含义是：询问主播如何改善严重的黑眼圈问题。
weixue0806,美容护肤,村姑好土[捂脸],0,该用户是在调侃主播的妆容或穿搭风格过于朴实老气，带有戏谑但不含强烈恶意的评价意图。
weixue0806,美容护肤,什么是外美?,0,"该用户可能是在询问关于""外部美容""或""外在美护理""的具体方法或产品推荐。"
weixue0806,美容护肤,长痘痘用什么,1,该用户想询问针对痘痘问题的护肤产品或解决方案。
weixue0806,美容护肤,一只一只的面膜有没有了,1,该用户是在询问面膜是否还有单只装库存，并表现出明确的购买意向。
weixue0806,美容护肤,脂肪粒怎么去脂肪粒怎么去脂肪粒怎么去脂肪粒怎么去脂肪粒怎么去脂肪粒怎么去脂肪粒怎么去脂肪粒怎么去,0,该用户迫切想寻求去除脂肪粒的有效方法，表现出对相关护肤产品的强烈购买意向。
weixue0806,美容护肤,棒棒哒[比心],0,该用户想表达的含义是：对主播推荐的产品或展示的效果表示赞赏和喜爱。
weixue0806,美容护肤,似蹙非蹙罥烟眉,0,该用户可能是在调侃主播的眉毛妆容过于刻意或不自然，带有文艺化的讽刺意味。
weixue0806,美容护肤,为什么别人带你的东西很便宜?,0,该用户可能在质疑直播间商品的价格差异，怀疑主播给其他渠道或合作方提供了更低的折扣优惠。
weixue0806,美容护肤,怎么护理头发啊,0,该用户可能是在询问与当前直播推荐产品相关的头发护理方法，暗示对相关商品有潜在购买兴趣。
weixue0806,美容护肤,眼周热玛吉和胶原蛋白好用还是熊猫针?黑眼圈和泪沟,1,该用户想咨询针对黑眼圈和泪沟问题，在热玛吉、胶原蛋白和熊猫针这三种美容方案中哪种效果更好。
weixue0806,美容护肤,皮肤那么好干吗把美颜开得那么大?,0,该用户是在质疑主播过度使用美颜滤镜，导致皮肤效果失真不自然。
weixue0806,美容护肤,"@?***蜜桃找,玖野原创,我也去搜了[尬笑]",0,该用户想表达的含义是：自己也在其他平台搜索了主播提到的“玖野原创”品牌产品，并对此感到有些尴尬或不好意思。
weixue0806,美容护肤,双眼皮好自然的哦,0,该用户可能是在夸赞主播的双眼皮效果自然，暗示对相关美容产品或技术感兴趣。
weixue0806,美容护肤,遥看丝丝罥烟柳,0,"该用户可能是在用诗意化的语言调侃主播的妆容或滤镜效果，暗示画面中的柳叶眉或朦胧感显得虚假不自然。  （结合前文弹幕高频讨论美颜过度、妆容细节、皮肤问题等语境，""罥烟柳""的古典意象与直播间的现代美容话题形成反差，更可能是委婉吐槽而非真实赞美）"
weixue0806,美容护肤,"真的磨皮太狠了,都不看不出效果",0,该用户是在委婉批评主播过度使用美颜滤镜，导致产品效果展示失真，暗示希望看到更真实的画面以判断商品实际效果。
weixue0806,美容护肤,皮肤毛孔粗大可以用什么产品,1,该用户希望通过主播推荐适合改善毛孔粗大问题的护肤产品，表现出明确的购买咨询意图。
weixue0806,美容护肤,姐姐眼妆咋画的,0,该用户想表达的含义是：询问主播的眼妆画法技巧，可能对相关美妆产品产生兴趣。
weixue0806,美容护肤,胶原灌注面膜有吗?,1,该用户是在询问直播间是否有售卖“胶原灌注面膜”这款产品，表现出对特定护肤品的购买意向。
weixue0806,美容护肤,用了眼油就不要用眼霜了吗,0,该用户可能在询问眼油和眼霜的使用方法是否存在冲突，想确认是否需要避免叠加使用这两类产品。
weixue0806,美容护肤,可以当眼霜吗,0,该用户是在询问当前讨论的护肤品是否具备眼霜的功能或能否替代眼霜使用。
weixue0806,美容护肤,容易长脂肪粒的眼周怎么护理,0,该用户想表达的含义是：想咨询针对容易长脂肪粒的眼周皮肤护理方法。
weixue0806,美容护肤,皮肤都那么好了为什么还要开美颜,0,该用户是在质疑主播过度使用美颜功能，认为主播本身皮肤状态已经很好，没必要开美颜影响产品展示的真实效果。
weixue0806,美容护肤,我才22现在用会不会太早,0,该用户可能是在询问当前推荐的产品是否适合自己这个年龄段使用，担心过早使用某些护肤品会不适合年轻肌肤。
weixue0806,美容护肤,衬衣链接,1,该用户想表达的含义是：询问主播衬衫产品的购买链接在哪里。
weixue0806,美容护肤,"雪宝,30岁+用什么面膜比较好",1,该用户是在向主播咨询适合30岁以上年龄段的护肤产品推荐，表现出对自身护肤需求的关注和明确的购买意向。
weixue0806,美容护肤,奥伦纳素面膜什么时候有呀,1,该用户想询问奥伦纳素面膜的具体上架时间，表现出明确的购买意向和产品需求。
weixue0806,美容护肤,有没有全身美白的,1,该用户可能在询问直播间是否有针对全身肌肤美白的产品或护理方案。
weixue0806,美容护肤,黑眼圈重怎么办姐姐!!!!,0,该用户想表达的含义是：询问主播针对严重黑眼圈问题的护肤建议或产品推荐。
weixue0806,美容护肤,"我用的丸美眼油,很好用呢",1,该用户是在分享自己使用丸美眼油的积极体验，暗示该产品效果不错并可能推荐给其他观众。
weixue0806,美容护肤,"这个我在小号买了,是不是你的号?",0,该用户可能在确认主播是否与自己另一个账号的购买行为有关联，暗示自己已经购买过该产品并想核实来源。
weixue0806,美容护肤,我想了解身体乳,1,该用户对直播间推荐的身体乳产品产生了兴趣，希望主播详细介绍其功效和使用方法。
weixue0806,美容护肤,细纹用什么,1,该用户想询问针对细纹问题的护肤产品推荐。
weixue0806,美容护肤,有祛斑产品吗,1,该用户是在询问直播间是否有针对祛斑问题的护肤产品可供推荐或购买。
weixue0806,美容护肤,"不知道能不能看到我,缺油型干皮有斑适合啥气垫?",1,该用户是在询问适合自己肤质（缺油性干皮且有斑点）的气垫产品推荐，并希望主播能注意到自己的提问。
weixue0806,美容护肤,为什么别人带你的东西很很便宜,0,该用户可能是在质疑直播间商品的价格比其他渠道或主播的售价更高，表达了对价格差异的不满或寻求解释。
weixue0806,美容护肤,微商品牌,0,该用户可能在质疑或询问直播中推荐的产品是否属于微商品牌，表达了对产品来源或品牌性质的关注。
weixue0806,美容护肤,可以去脂肪粒吗,0,该用户想询问该产品是否具有消除眼部脂肪粒的功效。
weixue0806,美容护肤,黑眼圈有用吗?,1,该用户可能是在询问直播中提到的产品对改善黑眼圈是否有效。
weixue0806,美容护肤,温温柔柔的,0,该用户想表达的含义是：这款产品的使用感受温和舒适，适合喜欢轻柔护肤体验的人。
weixue0806,美容护肤,如果有脂肪粒该怎么办呢,0,该用户想表达的含义是：询问产品是否能解决脂肪粒问题并寻求相关护肤建议。
weixue0806,美容护肤,"买的激光精华油怎么用,先油在精华吗",1,该用户想表达的含义是：询问已购买的激光精华油的使用顺序是否应该先涂油再涂精华。
weixue0806,美容护肤,有没有灌肤面膜[比心][比心][比心][比心],1,该用户想表达的含义是：询问直播间是否有灌肤面膜产品并表现出强烈的购买兴趣。  （结合前文弹幕多为护肤产品咨询及互动，用户通过高频表情符号[比心]强化急切需求，属于典型的主动询单行为。）
weixue0806,美容护肤,"不是粉,买的最便宜的11号真好用,儿哄",1,该用户想表达的含义是：虽然我不是粉丝，但购买了直播间最便宜的11号产品，实际使用效果非常好，可以真诚推荐。
weixue0806,美容护肤,干皮用什么水乳有推荐吗,1,该用户是在询问适合干性皮肤的水乳产品推荐，表现出明确的护肤需求和对主播专业建议的期待。
weixue0806,美容护肤,可不可以看看项链啊,1,该用户希望主播展示或介绍项链产品。
weixue0806,美容护肤,喜欢你的狼性思维[捂脸],0,该用户是在调侃主播的强势销售风格，同时表达对主播个性魅力的欣赏。
weixue0806,美容护肤,Y美做的是什么,0,该用户是在询问直播间推荐的某款美白产品的具体功效或适用部位。
weixue0806,美容护肤,小号买的不露脸直播是你吗?,0,该用户可能在确认主播是否使用小号进行不露脸的直播带货，并怀疑当前直播间与之前在小号购买商品时的直播是同一人。
weixue0806,美容护肤,"毛孔粗大,黑头多怎么办啊?",0,该用户可能在询问针对毛孔粗大和黑头问题的护肤产品推荐，表现出对解决特定肌肤问题的购买意向。
weixue0806,美容护肤,22用抗皱会不会太早,0,该用户是在询问22岁开始使用抗皱产品是否合适，表现出对产品适用年龄的顾虑和潜在的购买意向。
weixue0806,美容护肤,怎么涂,0,该用户可能是在询问某款美妆或护肤产品的具体使用方法或涂抹技巧。
weixue0806,美容护肤,刚刚说没货了是这个油吗?,1,该用户是在确认直播间之前提到的缺货商品是否指的是当前展示的这款精华油。
weixue0806,美容护肤,黑眼圈有用吗,0,该用户想询问直播推荐的产品是否对改善黑眼圈问题有效。
weixue0806,美容护肤,嘴唇上的小毛毛怎么办,0,该用户可能是在询问如何解决唇部汗毛明显的问题，表达了对相关美容产品或处理方法的潜在兴趣。
weixue0806,美容护肤,这个怎么涂亲,1,该用户想询问主播展示的产品具体的使用方法或涂抹技巧。
weixue0806,美容护肤,可以去脂肪粒么?,1,该用户是在询问直播中推荐的产品是否能有效去除眼部脂肪粒，表现出对解决特定皮肤问题的购买兴趣。
weixue0806,美容护肤,眼纹做什么医美,0,该用户可能是在询问针对眼部皱纹的医美项目推荐或解决方案。
weixue0806,美容护肤,96年可以用吗?,1,该用户可能在询问产品是否适合1996年出生的人群使用。
weixue0806,美容护肤,有没有灌肤面膜[比心][比心][比心][比心][比心][比心][比心],1,该用户想表达的含义是：对灌肤面膜产品有强烈兴趣并希望主播推荐或介绍。  （结合前文弹幕多为护肤咨询和产品询问的语境，且用户重复使用[比心]表情，可推断其迫切希望得到回复或购买引导。）
weixue0806,美容护肤,黑眼圈怎么弄?,0,该用户想询问直播推荐的产品是否能有效改善黑眼圈问题。
weixue0806,美容护肤,用了眼油还用不用眼霜,1,该用户是在询问使用眼部产品的顺序，想知道涂抹眼油后是否还需要叠加眼霜。
weixue0806,美容护肤,法令纹呢,0,该用户可能在询问主播推荐的产品或医美方法是否能改善法令纹问题。
weixue0806,美容护肤,"毛孔粗大,黑头多怎么办啊",0,该用户可能在咨询直播间推荐的产品是否能解决自己面部毛孔和黑头问题，表达了对相关护肤产品的潜在购买兴趣。
weixue0806,美容护肤,要是脸上有脂肪粒怎么办啊,0,该用户可能是在咨询直播间推荐的产品或医美项目是否能解决面部脂肪粒问题，表现出对护肤或美容方法的潜在需求。
weixue0806,美容护肤,"香水,香水",1,该用户可能是在催促主播展示或讲解香水产品，表达对香水的强烈兴趣或购买意向。
weixue0806,美容护肤,眼袋重的能用吗,1,该用户是在询问产品是否适合解决眼袋问题，表现出对产品功效的关注和潜在的购买意向。
weixue0806,美容护肤,去哪里做,0,"该用户想询问当前讨论的医美项目或护肤产品的具体实施机构或购买渠道。  （结合前文高频出现的医美、护肤问题及产品使用疑问，可推断""做""指代某项美容服务或护理操作，用户核心诉求是获取落地执行信息。）"
weixue0806,美容护肤,还是其他的油,1,该用户可能在询问主播是否还有其他类型的护肤油可供选择或推荐。
weixue0806,美容护肤,一天涂一次吗?,1,该用户是在询问产品的使用频率是否建议每天一次。
weixue0806,美容护肤,kk呢,0,该用户可能在询问主播提到的某款产品（如眼油或其他护肤品）是否还有库存或何时补货。
weixue0806,美容护肤,孕妇颈纹霜有推荐吗?孕妇颈纹霜有推荐吗?孕妇颈纹霜有推荐吗?,1,该用户急切地想询问适合孕妇使用的颈纹护理产品推荐。
weixue0806,美容护肤,小黄车的东西我都买了,0,该用户想表达的含义是：我已经把直播间推荐的所有商品都下单购买了。  （释义：结合前文弹幕多为产品功能咨询和购买意向讨论，该用户用夸张语气强调自己跟风购买了全部商品，既可能表达对主播的信任支持，也可能带炫耀或调侃意味。）
weixue0806,美容护肤,"嘴唇脱皮,图什么",0,该用户可能是在询问主播推荐的产品是否能解决嘴唇脱皮的问题，并想了解其具体功效或使用效果。
weixue0806,美容护肤,再说一遍[鼓掌],0,该用户可能希望主播重复讲解某个产品功效或使用方法，表示对当前内容的高度兴趣和认可。
weixue0806,美容护肤,可不可以选一下孕妇可以用的眼霜,1,该用户是在询问是否有适合孕妇使用的安全眼霜产品，表现出明确的购买意向和针对特定人群的需求关注。
weixue0806,美容护肤,2号189只有5片么,1,该用户是在询问直播间推荐的2号产品（价格189元）的规格是否仅为5片装，可能对产品性价比或数量存在疑虑。
weixue0806,美容护肤,讲一下面霜呗,1,该用户希望主播详细介绍面霜的功能、适用人群或使用方法，表现出对面霜产品的潜在购买兴趣。
weixue0806,美容护肤,脸黑怎么办,0,该用户可能是在咨询如何改善面部肤色暗沉的问题。
weixue0806,美容护肤,上眼皮松怎么弄?,0,该用户是在咨询如何改善上眼皮松弛的问题，表现出对眼部护理产品的潜在购买兴趣。
weixue0806,美容护肤,3号链接是直播价吗?,1,该用户是在询问3号商品链接的价格是否为直播间的专属优惠价。
weixue0806,美容护肤,"毛孔粗大,黑头多怎么办?",0,该用户想表达的含义是：咨询针对毛孔粗大和黑头问题的护肤产品推荐或解决方法。
weixue0806,美容护肤,热玛吉脸可以做吗,0,该用户想询问热玛吉项目是否适用于自己的面部情况，表达了对该美容项目的潜在购买兴趣。
weixue0806,美容护肤,不做y美有效果吗?,0,该用户想表达的含义是：这款产品如果不通过医美手段使用，是否能达到同样的效果？
weixue0806,美容护肤,你终于回来了,0,该用户想表达的是对主播重新回到直播画面的欣喜和期待，暗示之前可能因切换产品或短暂离开导致画面中断，现在终于能继续观看讲解或互动了。
weixue0806,美容护肤,想要乳液,1,该用户可能在询问主播是否有推荐的乳液产品并表达购买意向。
weixue0806,美容护肤,做什么项目,0,该用户可能在询问主播当前推荐或正在介绍的具体护肤项目或产品类型。
weixue0806,美容护肤,已經拍,0,该用户想表达的含义是：我已经下单购买了商品。
weixue0806,美容护肤,祛斑有推荐的吗,1,该用户想表达的含义是：询问主播是否有针对祛斑问题的产品推荐。
weixue0806,美容护肤,ym做什么,0,该用户可能在询问主播当前推荐或演示的产品具体是什么用途或功效。
weixue0806,美容护肤,用完眼油还需要用眼霜吗???,1,该用户想询问眼部护理产品的使用顺序，担心眼油和眼霜的功能重叠或冲突，希望获得专业指导以优化护肤步骤。
weixue0806,美容护肤,讲一下面霜双,1,该用户希望主播详细介绍面霜的双重功效或适用场景（如日夜两用、两种质地等）。
weixue0806,美容护肤,大熊猫,0,该用户可能在询问或提及与大熊猫相关的产品（如护肤品、周边商品等）或直播内容。
weixue0806,美容护肤,一定要做y美嘛,0,该用户可能在询问是否必须通过医美手段才能达到理想的护肤效果，表达了对非侵入性护肤方式的偏好或疑虑。
weixue0806,美容护肤,雏菊的天空呢,0,该用户可能在询问直播间是否有推荐或介绍“雏菊的天空”这一品牌或产品。
weixue0806,美容护肤,可以去脂肪粒吗[捂脸],0,该用户是在询问产品是否能有效去除脂肪粒，同时以表情符号表达了对这一问题的关切或调侃态度。
weixue0806,美容护肤,3号链接是直播价吗,1,该用户是在确认3号商品链接的价格是否为直播间专属优惠价。
weixue0806,美容护肤,有斑用什么,1,该用户想询问针对面部色斑问题的护肤产品或解决方案。
weixue0806,美容护肤,颈纹需要打海体吗?,0,该用户是在询问针对颈部皱纹是否需要通过注射海体（一种医美填充剂）来改善。
weixue0806,美容护肤,纹做什么,0,该用户想询问针对某种皱纹问题（如颈纹、眼纹等）应该选择哪种医美项目或护肤方案。
weixue0806,美容护肤,眼皮有点垂了怎么办,0,该用户可能在询问如何改善眼部松弛或下垂的问题，暗示对相关护肤产品或美容项目的兴趣。
weixue0806,美容护肤,请问下痘印和毛孔粗大应该怎么办?,0,该用户想表达的含义是：咨询针对痘痘和毛孔问题的护肤产品或医美解决方案。
weixue0806,美容护肤,会长脂肪粒美,0,该用户想表达的含义是：这款产品使用后是否会导致眼周长脂肪粒？
weixue0806,美容护肤,有像法令纹一样的,0,该用户可能在询问针对法令纹类似问题的护肤产品或医美解决方案。
weixue0806,美容护肤,有眼纹怎么办,0,该用户想表达的含义是：询问针对眼部皱纹问题的解决方案或产品推荐。
weixue0806,美容护肤,干皮用什么水乳有推荐吗[看],1,该用户是在询问适合干性皮肤的水乳产品推荐，表现出明确的护肤需求和购买意向。
weixue0806,美容护肤,23岁适合用吗,1,该用户想询问当前推荐的产品是否适合23岁年龄段的肤质或需求。
weixue0806,美容护肤,上眼皮黑色咋办,0,该用户想咨询如何改善上眼皮发黑的问题。
weixue0806,美容护肤,怎么区别黑眼圈跟泪沟?,0,该用户想询问如何分辨眼部问题的具体类型以便选择合适的护肤或医美方案。
weixue0806,美容护肤,458?,0,该用户可能在询问某个产品编号（如458号链接）的具体信息或价格。
weixue0806,美容护肤,有眼纹,0,该用户想表达的含义是：询问主播针对眼部皱纹问题有什么解决方案或产品推荐。
weixue0806,美容护肤,热玛吉眼部多少钱,0,该用户想询问热玛吉项目针对眼部护理的具体价格信息，表现出对医美抗衰项目的消费意向和比价需求。
weixue0806,美容护肤,会长脂肪粒吗,0,该用户是在询问产品使用后是否可能导致眼部脂肪粒的产生。
weixue0806,美容护肤,脸上凹陷打什么,1,该用户想询问针对面部凹陷问题应该选择哪种医美项目或产品进行改善。
weixue0806,美容护肤,有轻微眼袋,0,该用户可能在咨询针对轻微眼袋问题的护肤产品或医美解决方案。
weixue0806,美容护肤,胶原蛋白可以吗?直接打,0,该用户是在询问直播间推荐的产品是否含有胶原蛋白成分，并想了解能否直接购买使用。
weixue0806,美容护肤,打熊猫是啥,0,该用户可能在询问直播间提到的“打熊猫针”是什么美容项目或产品。
weixue0806,美容护肤,面部下垂怎么弄,0,该用户想表达的含义是：咨询改善面部皮肤松弛问题的解决方案。
weixue0806,美容护肤,颈纹霜说一下,1,该用户想表达的含义是：请主播详细介绍颈纹霜的产品功效和使用方法。
weixue0806,美容护肤,又粉底液吗,1,该用户想询问直播间是否有粉底液产品在售或推荐。
weixue0806,美容护肤,"有时候用这个眼油的时候不出油,要涂好几遍",0,该用户可能是在反馈产品使用中的问题，暗示眼油的出油效果不稳定，希望能得到改善建议或解决方案。
weixue0806,美容护肤,"之前你也卖过雏菊的天空,这两个对比呢",0,该用户想询问主播之前推荐的“雏菊的天空”产品与当前产品的使用效果或性价比差异。
weixue0806,美容护肤,上眼皮黑色素多咋办,0,该用户想咨询如何改善上眼皮色素沉着的问题。
weixue0806,美容护肤,热玛吉一年做一次,0,该用户是在询问热玛吉美容项目的适宜频率，想了解是否每年进行一次是合理或有效的。
weixue0806,美容护肤,脸上有斑用什么?,1,该用户想询问针对面部色斑问题的护肤产品或解决方案。
weixue0806,美容护肤,"感觉2个月我就能用完,一年用不了吧,我用东西特别费[捂脸][捂脸][捂脸][捂脸][捂脸][捂脸][捂脸][捂脸][捂脸][捂脸]",0,该用户想表达的含义是：这款产品的用量可能不够自己长期使用，担心消耗速度太快。
weixue0806,美容护肤,眼皮垂下来怎么,0,该用户想询问如何改善或解决上眼皮下垂的问题。
weixue0806,美容护肤,纹做什么项目,0,该用户想询问针对特定皱纹问题应该选择哪种美容项目或治疗方案。
weixue0806,美容护肤,大小眼怎么办,0,该用户可能在询问如何改善或矫正双眼大小不对称的问题。
weixue0806,美容护肤,眼霜每天都可以用吗,1,该用户想表达的含义是：询问眼霜的使用频率是否适合日常长期使用，可能担心过度使用会导致皮肤问题。
weixue0806,美容护肤,福利院也收孩子,0,该用户可能在调侃或讽刺直播间讨论的美容问题过于琐碎，暗示这些话题像福利院收容孩子一样杂乱无章。
weixue0806,美容护肤,什么面膜适合30岁+的宝妈,1,该用户想表达的含义是：寻求适合30岁以上宝妈群体使用的面膜产品推荐。
weixue0806,美容护肤,极光精华油,1,该用户可能是在询问这款精华油的具体功效或适用情况，表现出对产品的兴趣和进一步了解的意愿。
weixue0806,美容护肤,抬头纹能打肉毒吗?,0,该用户可能在询问针对抬头纹的医美解决方案，具体是想了解肉毒素注射是否适用于改善这一皮肤问题。
weixue0806,美容护肤,补水面霜哪个好用,1,该用户想表达的含义是：想了解直播间推荐的补水面霜中哪款效果更好，有明确的购买意向。
weixue0806,美容护肤,那是什么热玛吉嘛还有什么,1,该用户可能是想询问直播中提到的“热玛吉”相关产品或项目，并好奇还有哪些类似的医美或护肤项目可供选择。
weixue0806,美容护肤,"已拍,有细纹",0,该用户想表达的含义是：我已经下单购买了产品，但想咨询这款产品对改善细纹的效果如何。
weixue0806,美容护肤,会长脂肪粒嘛?,1,该用户是在询问这款产品（可能是眼霜或护肤品）是否会导致眼部脂肪粒的产生，表现出对产品安全性和适用性的顾虑。
weixue0806,美容护肤,要面膜,1,该用户想表达的含义是：询问直播间是否有面膜产品并表现出购买意向。
weixue0806,美容护肤,法令纹医美有效果吗,0,该用户想询问针对法令纹的医美项目是否真的能起到改善效果，以便决定是否购买相关产品或服务。
weixue0806,美容护肤,油脂粒怎么弄,0,该用户可能是在询问产品使用后是否会导致眼部脂肪粒问题，或是想了解如何解决现有的脂肪粒困扰。
weixue0806,美容护肤,痘痘豆豆,0,该用户可能是在询问主播关于祛痘产品或护肤方法的相关问题。
weixue0806,美容护肤,去医院皮肤科可以嘛,0,该用户可能在询问直播间推荐的美容产品或医美项目是否适合替代去医院皮肤科治疗某些皮肤问题。
weixue0806,美容护肤,川字纹好使不[捂脸],0,该用户是在询问产品对川字纹的改善效果，同时以调侃语气表达对自身皱纹问题的无奈和关注。
weixue0806,美容护肤,上眼皮松怎么办没其他问题,0,该用户想询问针对上眼皮松弛问题的解决方案，暗示对相关美容产品或医美项目有潜在购买兴趣。
weixue0806,美容护肤,孕妇颈纹霜有推荐吗?孕妇颈纹霜有推荐吗?,1,该用户是在主动寻求适合孕妇使用的颈部护理产品推荐，表现出明确的购买意向和对特定功效产品的需求。
weixue0806,美容护肤,有没有哑光雾面的定妆粉,1,该用户是在询问直播间是否有适合打造哑光妆效的定妆产品。
weixue0806,美容护肤,这个精华油是每天都可以用吗,1,该用户想询问这款精华油的使用频率是否适合日常护肤。
weixue0806,美容护肤,有细纹需要去打吗,0,该用户可能在询问针对细纹问题是否需要通过医美手段（如注射类项目）进行改善。
weixue0806,美容护肤,这真的是韦雪在直播吗?,0,该用户可能是在质疑主播身份的真实性，怀疑当前直播并非明星韦雪本人出镜。
weixue0806,美容护肤,黑眼圈能做医美去掉吗,0,该用户可能在咨询医美手段对消除黑眼圈的有效性，表现出对相关美容项目的潜在兴趣。
weixue0806,美容护肤,好用冯,0,该用户想表达的含义是：这款产品效果不错，值得推荐。  （结合前文弹幕中频繁讨论护肤、医美和产品效果，推测“好用冯”可能是对某款产品的正面评价，可能是口误或昵称简化，核心意图是认可产品效果。）
weixue0806,美容护肤,有眼纹做什么项目,0,该用户可能在询问针对眼部皱纹的医美项目或护肤产品的推荐，表现出对解决眼周衰老问题的具体需求。
weixue0806,美容护肤,买了8号和这个有什么区别,0,该用户想询问已购买的8号产品与当前直播推荐的产品在功效或使用体验上有何不同。
weixue0806,美容护肤,"哈喽有没有说一下,2号的面膜,好用吗",1,该用户是在询问2号面膜的使用效果，表现出对产品的具体关注和潜在的购买意向。
weixue0806,美容护肤,抢光了,1,该用户想表达的含义是：商品已经售罄，自己没能抢到想买的东西。
weixue0806,美容护肤,"脸上有斑,有没有推荐",1,该用户希望主播推荐适合改善面部色斑问题的产品。
weixue0806,美容护肤,再说一遍吧[捂脸][捂脸],0,该用户可能是因错过产品关键信息而焦急，希望主播重复讲解某个针对皮肤问题的解决方案。
weixue0806,美容护肤,再上一次,1,该用户希望主播重新展示或补货之前介绍过的某款产品。
weixue0806,美容护肤,怎么用亲,1,该用户想询问产品的具体使用方法或操作步骤。
weixue0806,美容护肤,有没有祛痘好用的,1,该用户是在询问直播间是否有推荐有效的祛痘产品，表现出对解决痘痘问题的具体需求。
weixue0806,美容护肤,眼纹做什么,0,该用户想询问针对眼部皱纹问题应该选择哪种美容项目或产品。
weixue0806,美容护肤,我一年用N支[捂脸][捂脸],0,该用户想表达的含义是：这款产品我消耗量很大（暗示有长期使用需求或强烈购买意愿）。  （解析：结合前文弹幕多为护肤美容产品咨询，用户用“一年用N支”强调高频使用场景，配合[捂脸]表情传递无奈或调侃情绪，核心意图是表达对该产品的依赖或认可，潜在动机可能是催促上架、询问优惠或寻求同类推荐。）
weixue0806,美容护肤,颈纹涂颈霜管用吗???,1,该用户想表达的含义是：询问颈霜对改善颈纹是否有效果。
weixue0806,美容护肤,你用这么便宜的?,0,该用户可能在质疑产品价格的合理性，暗示如此低廉的价格是否会影响品质或真实性。
weixue0806,美容护肤,终于等到了,0,该用户想表达的含义是：期待已久的产品或环节终于开售/出现了。  （结合前文弹幕中频繁出现的产品咨询、抢购动态（如“抢光了”）以及功能提问，可推断用户可能紧盯某款商品或直播节点，此时“终于等到了”更倾向于表达对目标商品上架、优惠开启或主播解答的迫切满足感。）
weixue0806,美容护肤,打熊喵是啥[比心][比心][比心][比心][比心][比心],0,该用户可能是询问直播中提到的“打熊喵”具体指什么产品或项目，同时用表情符号表达对内容的兴趣或支持。
weixue0806,美容护肤,去痘印的有没有,1,该用户是在询问直播间是否有能够祛除痘印的产品或解决方案。
weixue0806,美容护肤,第一次在抖音直播间买东西[捂脸],0,该用户想表达的含义是：作为新用户首次尝试在抖音直播间购物，内心既有些新奇又略带忐忑。
weixue0806,美容护肤,想要你的衬衫,1,该用户表达的是对主播所穿衬衫的喜爱并暗示有购买意向。
weixue0806,美容护肤,我全脸用,0,该用户想表达的含义是：这款产品适合我全脸使用。
weixue0806,美容护肤,眼纹做什么项目,0,该用户想表达的含义是：咨询针对眼部皱纹的护理产品或医美项目推荐。
weixue0806,美容护肤,再讲一遍行吗,0,该用户希望主播重新详细讲解某个产品或服务的信息，可能是之前没听清或想确认细节。
weixue0806,美容护肤,眼下小干纹有用吗,1,该用户想询问直播中推荐的产品对改善眼部细纹是否有效果。
weixue0806,美容护肤,"拍了眼油,用完眼油还用眼霜吗",1,该用户想确认购买眼油后是否需要叠加使用眼霜来达到更好的护肤效果。
weixue0806,美容护肤,这个可以每天用,0,该用户认为产品使用频率高、实用性较强，适合长期日常使用。
weixue0806,美容护肤,你不打能有用吗,0,该用户可能在催促主播尽快提供折扣或促销活动，认为没有优惠就难以激发购买欲望。
weixue0806,美容护肤,洗面奶需要填身份证?,0,该用户可能是在询问购买洗面奶是否需要提供身份证信息，暗示对产品合规性或物流流程存在疑虑。
weixue0806,美容护肤,北京有机构推荐吗,0,该用户可能在询问北京地区是否有值得推荐的医美机构或护肤服务。
weixue0806,美容护肤,这个有试用吗,1,该用户是在询问产品是否提供试用装或体验机会，以此判断是否值得购买。
weixue0806,美容护肤,再交一年用法,0,该用户想表达的含义是：打算继续购买并使用该产品一年。
weixue0806,美容护肤,用油会不会长脂肪粒,1,该用户担心使用眼油产品可能导致眼部肌肤产生脂肪粒，想确认产品的安全性。
weixue0806,美容护肤,白天可以用吗,1,该用户可能是在询问产品是否适合白天使用，担心其成分或效果受光照影响。
weixue0806,美容护肤,祛痘印的有没有,1,该用户可能在询问直播间是否有针对祛痘印功效的产品，并表现出对该类商品的潜在购买兴趣。
weixue0806,美容护肤,我是来看你吃彩椒的,0,该用户是在调侃主播或表达对直播内容（吃彩椒）的娱乐性关注，而非直接表现出购买意向。
weixue0806,美容护肤,我买的东西需要认证才能发货吗,0,该用户是在询问购买商品是否需要提供身份认证等额外手续才能完成发货流程。
weixue0806,美容护肤,当眼霜使用是吗,1,该用户是在确认当前直播介绍的产品是否适合作为眼霜使用。
weixue0806,美容护肤,跟8号什么区别,1,该用户想询问当前介绍的产品与之前提到的8号产品在功能或特性上有何不同。
weixue0806,美容护肤,"姐姐,有推荐的护发精油吗姐姐,有推荐的护发精油吗",1,"该用户迫切希望主播能针对护发精油产品给出具体的购买建议或推荐款式。  （解析：用户通过重复提问和亲昵称呼""姐姐""表现出较强购买意向，且问题聚焦在具体品类""护发精油""的推荐上，符合直播间前文其他用户咨询产品细节的互动模式。）"
weixue0806,美容护肤,支持试用吗,1,该用户是在询问商品是否提供试用装或体验服务。
weixue0806,美容护肤,眼睛旁边有脂肪粒怎么去除,0,该用户是在咨询当前直播推荐的产品是否对消除眼部脂肪粒有效。
weixue0806,美容护肤,上眼皮松怎么办,0,该用户想咨询如何改善上眼皮松弛的问题，可能是想了解直播间推荐的产品或护理方法是否对此有效。
weixue0806,美容护肤,川字纹好使不[比心][比心][比心],0,该用户想询问产品对淡化川字纹是否有效，并表现出较高的购买兴趣和好感。
weixue0806,美容护肤,再说一下用法,0,该用户希望主播再次详细介绍产品的使用方法或步骤。
weixue0806,美容护肤,有试用吗,1,该用户想询问产品是否提供试用装或试用服务。
weixue0806,美容护肤,颈纹y美做什么项目?,0,该用户是在询问针对颈部皱纹的医美项目推荐，表现出对具体美容解决方案的潜在购买兴趣。
weixue0806,美容护肤,眼油去黑眼圈吗,1,该用户想询问这款眼部精油产品是否能有效改善黑眼圈问题。
weixue0806,美容护肤,有减肥的吗,1,该用户可能在询问直播间是否有推荐或介绍与减肥相关的产品或方法。
weixue0806,美容护肤,想要你的衬衫啊[比心][比心][比心],1,该用户表达了对主播所穿衬衫的强烈购买意愿，并附以热情互动。
weixue0806,美容护肤,当眼霜用嘛,0,该用户是在询问当前讨论的产品是否可以替代眼霜使用。
weixue0806,美容护肤,"眼睛已经没得救了,有没有面霜",1,该用户想表达的含义是：自己的眼部问题已经难以改善，转而询问是否有适合的面霜产品。
weixue0806,美容护肤,眼线笔有吗?,1,该用户是在询问直播间是否有眼线笔这款产品在售。
weixue0806,美容护肤,脖子呢,0,该用户可能在询问主播关于颈部护理产品或颈部美容项目的推荐。
weixue0806,美容护肤,孕妇护肤品,1,该用户可能在询问直播间是否有适合孕妇使用的护肤品推荐。
weixue0806,美容护肤,身体乳选哪个啊,1,"该用户想表达的含义是：希望主播针对当前推荐的身体乳产品给出选购建议或对比推荐。  （结合前文弹幕多为护肤美妆类具体咨询，且多次出现""推荐""""区别""""用法""等关键词，可推断用户处于主动寻求产品指导的购物决策阶段。）"
weixue0806,美容护肤,60岁用哪个合适,1,该用户可能在询问适合60岁年龄段使用的护肤产品或保养方案。
weixue0806,美容护肤,法令纹医美管用不,0,该用户是在询问针对法令纹的医美项目是否有效果，想了解相关产品或服务的实际功效。
weixue0806,美容护肤,"刚做了激光祛斑,推荐美容产品",1,该用户想表达自己近期有医美需求（激光祛斑），并希望主播针对术后修复或美容保养推荐相关产品。  （解析：结合前20条弹幕中高频出现的医美相关问题（如脂肪粒、川字纹、颈纹医美项目等）和具体功效咨询（去黑眼圈、法令纹等），可推断直播间主题与美容/医美产品相关。用户以自身经历切入，动机是寻求针对性解决方案，隐含对产品功效的明确需求。）
weixue0806,美容护肤,化妆卡粉起皮用什么有用,1,该用户想表达的含义是：咨询解决化妆后皮肤卡粉起皮问题的有效产品推荐。
weixue0806,美容护肤,能改善吗,0,该用户可能是在询问当前讨论的美容产品或方法是否对改善自身问题（如皱纹、黑眼圈等）有效。
weixue0806,美容护肤,眼球怎们变亮,0,该用户可能是在询问如何改善眼部暗沉或提亮眼周肤色的问题。
weixue0806,美容护肤,打熊猫疼吗,0,该用户可能是在询问直播中展示的某款美容仪器或产品使用时是否会产生疼痛感，用“打熊猫”作为比喻来委婉表达对安全性和舒适度的关切。
weixue0806,美容护肤,有脂肪粒的能祛么,1,该用户是在询问当前推荐的产品是否对改善脂肪粒问题有效。
weixue0806,美容护肤,川字纹好使不[比心][比心][比心][比心],0,该用户想询问产品对改善川字纹是否有效，并透露出较强的购买意向和好感。
weixue0806,美容护肤,爱起脂肪粒可以吗,0,该用户想询问该产品是否适合容易长脂肪粒的肤质使用。
weixue0806,美容护肤,是不是需要认证才可以发货,0,该用户可能在询问商品购买流程中的认证要求，以确认自己是否符合购买条件并顺利下单。
weixue0806,美容护肤,孕妇颈纹霜有推荐吗?,1,该用户是在询问适合孕妇使用的颈部护理产品推荐，表现出对特定人群适用的美容产品的明确需求。
weixue0806,美容护肤,祛痘印怎么办,0,该用户可能在询问直播间是否有针对祛痘印问题的产品或解决方案。
weixue0806,美容护肤,有没有眼贴膜,1,该用户是在询问直播间是否有针对眼部护理的贴膜类产品。
weixue0806,美容护肤,这个和反重力精华哪个涂法令纹好?,0,该用户是在对比咨询两款产品对于改善法令纹的效果优劣。
weixue0806,美容护肤,什么时候去韩国,0,该用户可能是想询问直播间是否会推荐或销售韩国相关的护肤或美容产品。
weixue0806,美容护肤,"你家东西虽然贵点,但好用",0,该用户想表达的含义是：虽然价格偏高，但认可产品品质并考虑购买。
weixue0806,美容护肤,法令纹做什么项目,0,该用户是在咨询针对法令纹问题的医美项目或护肤产品的推荐。
weixue0806,美容护肤,2号面膜介绍一下,1,该用户想表达的含义是：希望主播详细讲解2号面膜的功效和适用情况。
weixue0806,美容护肤,5号洗面奶怎么样?,1,该用户是在询问5号洗面奶的具体功效或使用体验，表现出对这款产品的潜在购买兴趣。
weixue0806,美容护肤,刚下单再说一下用法,0,该用户想表达的含义是：已经购买了产品但想进一步了解使用方法。
weixue0806,美容护肤,"上次你这里面了香水,太假了,一点味道都没有",0,该用户是在抱怨之前购买的香水质量差，没有香味，借此表达对产品的不满和失望。
weixue0806,美容护肤,用完这个还用眼霜吗,1,该用户想表达的含义是：询问当前使用的产品是否需要搭配眼霜以达到更好的护肤效果。
weixue0806,美容护肤,怎么让脸变白,0,该用户可能是在询问直播间推荐的美白产品或护肤方法，表达了对改善肤色的潜在购买兴趣。
weixue0806,美容护肤,眼油能替代颈霜吗,0,该用户是在询问眼部护理产品是否可以用于颈部护理，以替代专门的颈霜产品。
weixue0806,美容护肤,臉油精華,1,该用户可能在询问主播是否有适合油性皮肤的精华产品推荐。
weixue0806,美容护肤,20岁可以吗,0,该用户可能是想询问产品是否适合20岁的年龄群体使用。
weixue0806,美容护肤,眼妆真好看亲,0,该用户是在夸赞主播的眼妆效果出色，并可能对同款产品或化妆技巧产生兴趣。
weixue0806,美容护肤,上眼皮松怎么搭配,0,该用户想询问针对上眼皮松弛问题的产品推荐或护理建议。  （结合前文弹幕可见，直播间讨论集中在护肤产品的功效、适用性和搭配方法上，用户提问动机可能是寻求解决方案或相关产品推荐，语境属于典型的美容咨询互动。）
weixue0806,美容护肤,没有面膜了吗,1,该用户可能是在询问直播间是否还有面膜库存或是否已售罄，表达了对购买面膜的兴趣或需求。
weixue0806,美容护肤,有眼下纹怎么办,0,该用户想询问如何改善或消除眼下皱纹的问题。
weixue0806,美容护肤,一生可做热玛吉次数是有限的,0,该用户可能是在询问热玛吉项目的适用次数限制，并隐含对自身抗衰需求的关注。
weixue0806,美容护肤,祛斑有推荐的吗祛斑有推荐的吗祛斑有推荐的吗祛斑有推荐的吗,1,该用户迫切希望主播推荐针对祛斑问题的产品或解决方案。
weixue0806,美容护肤,吃的是什么呀,0,该用户可能是对直播中展示的食品类产品产生了好奇，想了解具体是什么食物或食品。
weixue0806,美容护肤,眼油适合多少岁用,1,该用户想询问眼油产品的适用年龄范围，以判断自己是否适合使用。
weixue0806,美容护肤,"毛孔粗大,黑头多怎么办",0,该用户想表达的含义是：咨询如何解决皮肤毛孔粗大和黑头问题。
weixue0806,美容护肤,我涂眼部产品会长脂肪粒,0,该用户可能是在询问或担忧使用该直播间的眼部产品是否会导致脂肪粒问题，以此评估产品的适用性或安全性。
weixue0806,美容护肤,川字纹好使不[比心],1,该用户是在询问产品“川字纹”的使用效果是否好，并附上友好的互动表情。
weixue0806,美容护肤,眼睛下面有细纹搭配什么YM,0,该用户想询问针对眼下细纹问题应该搭配哪种医美项目或产品。
weixue0806,美容护肤,西红柿啊,0,该用户可能在询问直播中提到的西红柿相关产品（如护肤品或食品）的具体信息或功效。
weixue0806,美容护肤,去黑眼圈吗,0,该用户是在询问直播推荐的产品是否具有淡化黑眼圈的功效。
weixue0806,美容护肤,去痘印的,0,该用户想询问直播间是否有能淡化痘印的护肤产品或相关推荐。
weixue0806,美容护肤,10号链接说一下,1,该用户希望主播详细介绍10号链接对应的产品信息或功能。
weixue0806,美容护肤,胶原灌注是哪个?,1,该用户是在询问直播间提到的“胶原灌注”具体是指哪款产品或对应哪个商品链接。
weixue0806,美容护肤,每天都能用,0,该用户想表达的含义是：这款产品的使用频率很高，适合长期日常使用。
weixue0806,美容护肤,天天吃甜椒吗,0,该用户可能是在询问主播推荐的产品是否需要频繁使用或适合日常长期使用。
weixue0806,美容护肤,眼油买了确实好用,1,该用户想表达的含义是：自己购买了这款眼油并认可其使用效果。
weixue0806,美容护肤,"这个油超级耐用,能用好久[比心]",0,该用户是在认可产品的使用效果持久性，并暗示对商品的性价比感到满意。
weixue0806,美容护肤,我脸干毛孔大有斑点用哪款面膜,1,该用户想表达的含义是：针对自己面部干燥、毛孔粗大和长斑的肌肤问题，希望主播推荐一款适合的面膜产品。
weixue0806,美容护肤,黄褐斑给点对策,0,该用户想表达的含义是：针对黄褐斑问题，希望主播推荐有效的产品或解决方法。  （结合前文语境，用户关注皮肤问题如祛斑、细纹、黑头等，且弹幕中多次出现类似诉求，因此该弹幕核心是寻求解决方案，而非单纯提问。）
weixue0806,美容护肤,吃什么,0,该用户想询问直播中展示或提到的食品具体是什么。
weixue0806,美容护肤,这个和8号的有什么区别,1,该用户想了解当前展示的产品与之前提到的8号产品在功能或特性上的具体差异。
weixue0806,美容护肤,你吃的是什么,0,该用户可能是对主播正在展示或食用的产品产生兴趣，想进一步了解相关细节以便判断是否购买。
weixue0806,美容护肤,为啥吃辣椒,0,该用户可能是好奇主播正在吃的食物具体是什么辣椒品种或询问吃辣椒的原因。
weixue0806,美容护肤,多大年龄做眼部热玛吉?,0,该用户是在询问适合进行眼部热玛吉项目的年龄范围，想了解自己是否符合该抗衰项目的适用条件。
weixue0806,美容护肤,嘴唇上的小毛毛怎么去掉[捂脸],0,该用户可能在询问如何去除唇部汗毛的美容方法，并略带尴尬地表达了对这一问题的困扰。
weixue0806,美容护肤,和八号有什么区别,1,该用户想询问当前产品与直播间提到的8号产品在功能或效果上的具体差异。
weixue0806,美容护肤,"怎么用,刚才手机关机了",0,该用户因手机故障错过产品使用说明，想询问产品的具体使用方法。
weixue0806,美容护肤,关闭美颜看看比淘宝还便宜,1,该用户可能是在质疑直播间的价格真实性，暗示主播关掉美颜滤镜以证明产品效果可信，同时认为当前展示的价格还不够优惠，希望获得比淘宝更低的折扣。
weixue0806,美容护肤,讲讲唇部精华吧,1,该用户想表达的含义是：希望主播详细介绍唇部精华产品的功效或使用方法。
weixue0806,美容护肤,当眼霜使用是吗当眼霜使用是吗,1,该用户是在确认主播推荐的产品是否可以作为眼霜使用。
weixue0806,美容护肤,脸上有脂肪粒怎么办,0,该用户可能在咨询直播间推荐的产品中是否有适合解决面部脂肪粒问题的护肤方案。
weixue0806,美容护肤,推荐一下面霜呗,1,该用户希望主播针对面霜产品进行详细介绍和推荐。
weixue0806,美容护肤,彩椒好吃不,0,该用户可能是对直播中展示的彩椒产品产生兴趣，想了解其口感或品质如何。
weixue0806,美容护肤,吃的什么东西,0,该用户可能是对主播正在展示或食用的食物感到好奇，想了解具体是什么食品或食材。
weixue0806,美容护肤,该面膜了,1,该用户想表达的含义是：现在应该讨论或推荐面膜产品了。
weixue0806,美容护肤,掉头发怎么办,0,该用户可能是在询问解决脱发问题的产品或方法，表达了对护发或生发类商品的潜在购买兴趣。
weixue0806,美容护肤,面膜雪,1,该用户可能是在催促主播介绍或推荐面膜产品。
weixue0806,美容护肤,化妆卡粉起皮用什么,1,该用户想询问解决化妆时皮肤卡粉起皮问题的产品推荐或护理方法。
weixue0806,美容护肤,姐姐知道脸上长痘痘怎么可以去掉,0,该用户想表达的含义是：询问主播如何有效解决面部痘痘问题。
weixue0806,美容护肤,你真用这么便宜的?,0,该用户可能是在惊讶于产品的低价，并质疑其真实性或质量。
weixue0806,美容护肤,这么好看的韦雪,0,该用户可能是在夸赞主播展示的产品外观吸引人，暗示对商品的兴趣或好感。
weixue0806,美容护肤,你吃的辣椒吗,0,该用户是在询问主播正在品尝的辣椒相关食品的具体信息或感受。
weixue0806,美容护肤,眼霜第几步用,1,该用户想询问眼霜在护肤步骤中的使用顺序，可能是对当前介绍的产品感兴趣但不确定如何正确使用。
weixue0806,美容护肤,跟8号有什么区别,1,该用户是在询问当前展示的产品与之前提到的8号产品在功能或特性上的差异。
weixue0806,美容护肤,眼皮掉可以做眼综合吧,0,该用户可能是在询问眼部整形手术（如双眼皮手术）是否属于综合眼部整形项目的范畴，表现出对医美项目的潜在兴趣。
weixue0806,美容护肤,再讲一遍可以吗,0,该用户可能因错过或没听清产品介绍，希望主播重新讲解某个功能或使用方法。
weixue0806,美容护肤,用这个不用眼霜了是吗,1,该用户是在询问这款产品是否可以替代眼霜使用。
weixue0806,美容护肤,好吃吗,1,该用户想询问直播中展示的食品口感如何，可能对购买感兴趣。
weixue0806,美容护肤,眼袋可以用吗,1,该用户是在询问产品是否适用于改善眼袋问题。
weixue0806,美容护肤,1号链接有哪些东西,1,该用户想询问1号链接所包含的具体商品或产品详情。
weixue0806,美容护肤,干皮用什么水乳用推荐吗,1,该用户想表达的含义是：询问适合干性皮肤的水乳产品推荐。
weixue0806,美容护肤,那个妆前用的,1,该用户想询问直播中提到的妆前产品的具体信息或推荐。
weixue0806,美容护肤,早晚可以用?,1,该用户可能在询问产品是否适合日常长期使用。
weixue0806,美容护肤,眼纹做什么项目眼纹做什么项目,1,该用户想询问针对眼部皱纹问题应该选择哪种美容项目或护理方案。
weixue0806,美容护肤,白月光用洗脸吗,1,该用户想询问产品“白月光”是否适合用于洁面或是否需要额外使用洗面奶。
weixue0806,美容护肤,这个比雏菊那个好吗?[比心][比心][比心],1,该用户是在对比询问当前推荐的产品与之前提到的“雏菊款”哪个效果更好，同时用表情符号表达对产品的兴趣和好感。
weixue0806,美容护肤,川字纹好使不[比心][比心],1,该用户想询问这款产品对改善川字纹是否有效，并附带了友好的互动表情。
weixue0806,美容护肤,油霜介绍一下呗,1,该用户想表达的含义是：希望主播详细讲解油霜产品的功效和使用方法。
weixue0806,美容护肤,北京有做鼻头好的地方吗????,0,该用户可能在询问北京地区是否有专业且效果好的鼻部整形机构或医生。
weixue0806,美容护肤,口红亲,1,该用户可能是想询问口红产品的亲肤性或是否适合敏感肌肤使用。
weixue0806,美容护肤,用这个不需要眼霜了是吗?,1,该用户是在询问当前介绍的产品是否可以替代眼霜的功能。
weixue0806,美容护肤,口红不掉吗,1,该用户可能是在询问这款口红是否具有持久不脱色的效果。
weixue0806,美容护肤,用着你说的眼油看你直播,0,该用户想表达的含义是：我正在使用你推荐的眼部产品观看你的直播。
weixue0806,美容护肤,雪讲一下面霜,1,该用户希望主播详细介绍面霜产品的功效、适用肤质或使用方法。
weixue0806,美容护肤,可以当眼霜使用吗,1,该用户是在询问该产品是否能替代眼霜的功能。
weixue0806,美容护肤,睡衣链接有吗?,1,该用户想询问直播中提到的睡衣商品是否有购买链接可供下单。
weixue0806,美容护肤,有粉丝群嘛,0,该用户可能是想加入粉丝群以获取更多产品信息或优惠福利。
weixue0806,美容护肤,吃生吃辣椒??,0,该用户可能是对直播中提到的产品使用方式（生吃辣椒）感到惊讶或质疑，想确认是否听错了或询问具体用法。
weixue0806,美容护肤,了解下身体乳,1,该用户可能是在询问主播能否详细介绍身体乳产品的功效或适用情况，表现出对这款商品的潜在购买兴趣。
weixue0806,美容护肤,在吃辣椒[捂脸][捂脸],0,该用户可能是看到前一条关于“吃辣椒”的弹幕，以调侃或自嘲的方式表达自己正在尝试类似的行为，同时用表情符号强化了被辣到的搞笑效果。
weixue0806,美容护肤,你今天不做清明吗[笑哭],0,该用户可能在调侃主播今天没有按惯例推荐清明节相关产品，而是继续讲解美妆护肤内容。
weixue0806,美容护肤,你吃的辣椒,0,"该用户可能是好奇或调侃主播正在吃的辣椒（或相关产品），并试图通过互动确认其食用方式或产品细节。  （结合前文""吃生吃辣椒??""和""在吃辣椒[捂脸]""的语境，直播间可能存在主播试吃/展示辣椒类商品的行为，用户以此延续话题）"
weixue0806,美容护肤,彩椒上链接[鼓掌][鼓掌][鼓掌],1,"该用户急切希望主播尽快上架彩椒产品并表达强烈购买意愿。  （结合前文弹幕中频繁出现的商品咨询和链接请求（如""睡衣链接有吗""），以及用户对具体产品（辣椒相关）的关注（如""吃生吃辣椒""""你吃的辣椒""），可推断""彩椒""是该直播间正在讨论的新品，用户用重复表情符号强化催促情绪，核心诉求是要求商品上架。）"
weixue0806,美容护肤,油霜有?,1,该用户想询问主播是否有“油霜”这款产品在售。
weixue0806,美容护肤,茶香少女,0,该用户可能是在询问或提及某款带有茶香味的少女风格产品（如护肤品、香水等），表达对其成分或香型的兴趣。
weixue0806,美容护肤,"雪姐,有没有美容仪器推荐",1,"该用户希望通过主播推荐适合自己需求的美容仪器产品。  （解析：结合前文弹幕多为护肤美妆产品咨询的语境，用户使用""推荐""一词表明其主动寻求购买建议，且""美容仪器""属于功能性产品的明确指向，透露出潜在购买意向而非单纯闲聊。）"
weixue0806,美容护肤,5号洗面奶讲一下,1,该用户希望主播详细介绍5号洗面奶的产品信息或使用体验。
weixue0806,美容护肤,"油霜,油买了亲",1,该用户想表达的含义是：我已经购买了油霜产品，现在想了解配套使用的油类产品。
weixue0806,美容护肤,看你吃彩椒买了好几箱,0,该用户想表达的含义是：看到主播吃彩椒的展示后，自己也被种草跟着下单了好几箱。
weixue0806,美容护肤,姐姐你的衣服在哪儿买的,1,该用户想表达的含义是：询问主播身上穿的衣服购买渠道，可能对同款商品感兴趣。
weixue0806,美容护肤,"美妞,去痘印的",0,该用户可能在询问主播是否有推荐或讲解去痘印的产品。
weixue0806,美容护肤,你在吃什么?,0,该用户可能是在询问主播当前展示或提及的食品相关信息，并隐含对产品的好奇或购买意向。
weixue0806,美容护肤,掉头发用什么,1,该用户可能是在询问针对脱发问题的产品推荐或解决方案。
weixue0806,美容护肤,口红在几号链接,1,该用户想询问主播提到的口红产品对应的商品购买链接编号。
weixue0806,美容护肤,你吃的辣椒?,0,该用户是在询问主播正在食用的辣椒品种或来源，可能对同款产品产生了购买兴趣。
weixue0806,美容护肤,吃彩椒,0,该用户可能是对主播正在食用的彩椒产生了兴趣，暗示希望购买或了解产品信息。
weixue0806,美容护肤,能去黑眼圈吗,1,该用户是在询问直播中提到的某款产品是否具有消除黑眼圈的功效。
weixue0806,美容护肤,眼部怎么涂,1,该用户想询问主播如何正确使用眼霜或眼部护理产品。
weixue0806,美容护肤,胶原蛋白面膜是哪个,1,该用户想询问直播间正在介绍的胶原蛋白面膜对应的商品链接或具体产品信息。
weixue0806,美容护肤,其他的还可以,0,该用户想表达的含义是：除了刚才提到的产品，其他推荐的商品我也有些兴趣。
weixue0806,美容护肤,15号定妆喷雾用了还需要用散粉吗,1,该用户想询问15号定妆喷雾的持妆效果是否足够，是否需要额外使用散粉来加强定妆效果。
weixue0806,美容护肤,川字纹好使不[比心][比心][比心][比心][比心][比心],1,该用户想表达的含义是：询问这款针对川字纹的产品是否有效，同时通过多个爱心表情传递对主播的喜爱和信任。
weixue0806,美容护肤,定妆喷雾,1,该用户可能在询问定妆喷雾的使用方法或购买链接。
weixue0806,美容护肤,眼油是只能晚上用吗,1,该用户是在询问眼油的使用时间是否有限制，想确认白天是否也能使用。
weixue0806,美容护肤,介绍防晒,1,该用户希望主播详细讲解防晒产品的功能特点或使用方法。
weixue0806,美容护肤,为啥这么喜欢吃辣椒,0,该用户可能是对主播频繁食用辣椒的行为感到好奇，想了解背后的原因或辣椒产品的吸引力。
weixue0806,美容护肤,眼油用完还需要用眼霜吗,1,该用户想询问眼部护理步骤，想知道在使用完眼油后是否还需要叠加眼霜产品。
weixue0806,美容护肤,淡斑有推荐的不,1,该用户想询问直播间是否有值得推荐的淡斑护肤产品。
weixue0806,美容护肤,"洗面奶已下单,希望对黑头有效!",0,该用户通过宣布下单行为并强调对产品功效的期待，既确认了购买决策又流露出对解决皮肤问题的迫切需求。
weixue0806,美容护肤,眼油白天用还是晚上用更好,1,该用户想询问眼油的最佳使用时间以优化护肤效果。
weixue0806,美容护肤,油霜,1,该用户可能在询问直播间推荐的护肤产品中是否有针对“油霜”（如控油面霜或油性肌肤适用的霜类产品）的相关介绍或购买链接。  （结合前文弹幕多为护肤品类提问的语境，且涉及眼油、眼霜等具体产品，可推断“油霜”为对某类产品的简称或需求表达。）
weixue0806,美容护肤,眼袋怎么去,0,该用户可能是在询问直播间推荐的产品中是否有能有效改善眼袋问题的解决方案。
weixue0806,美容护肤,拍了大师面膜又拍了美白面膜,0,该用户想表达自己已经下单购买了大师面膜和美白面膜两款产品。
weixue0806,美容护肤,脸上痒起痘了咋回事啊,0,该用户可能在询问直播间推荐的产品是否能缓解因皮肤敏感或痘痘引起的不适症状。
weixue0806,美容护肤,眼油已拍,0,该用户表示自己已经下单购买了直播中推荐的眼部护理油产品。
weixue0806,美容护肤,颈纹医美好么?,0,该用户是在询问医美手段对改善颈纹的效果是否值得尝试。
weixue0806,美容护肤,有用脸上的油?,1,该用户是在询问这款产品是否适合油性皮肤使用。
weixue0806,美容护肤,"什么口红,推一个",1,该用户想表达的含义是：询问主播推荐一款适合的口红产品。  （结合前文弹幕多为护肤美妆咨询及购买意向，用户主动提出“推一个”带有明确求推荐动机，且语境中其他弹幕也显示观众对具体产品的需求倾向，因此释义聚焦于“求推荐”而非单纯询问口红类型。）
weixue0806,美容护肤,13号介绍一下,1,该用户希望主播详细讲解13号产品的功能或使用方式。
weixue0806,美容护肤,这辣椒真吃不下去啊,0,该用户可能是在吐槽产品口味不符合预期，暗示对当前推荐的辣椒类商品不太满意。
weixue0806,美容护肤,护肤的顺序说一下,1,该用户想表达的含义是：想了解护肤品的使用步骤以便参考是否购买相关产品。
weixue0806,美容护肤,5号洗面奶说一下,1,该用户希望主播详细介绍5号洗面奶的产品功效或使用方式。  （解析：结合直播间的护肤产品讨论语境，用户通过指定产品编号的简洁提问，表现出针对性购买意向，属于典型的功能咨询类消费需求。）
weixue0806,美容护肤,"买了面膜,好用",1,该用户想表达的含义是：自己已经购买了这款面膜并且使用后感觉效果不错。
weixue0806,美容护肤,用完了,0,该用户想表达的含义是：自己之前购买的眼油产品已经使用完毕，可能在考虑是否需要回购或询问后续使用方法。
weixue0806,美容护肤,"这个和8号的有什么区别,之前拍了8号,8号油有点糊眼睛",1,该用户想表达的含义是：对比当前产品与之前购买的8号产品的差异，并反馈8号产品使用时有糊眼睛的问题。
weixue0806,美容护肤,吃的彩椒吗,0,该用户可能是在询问主播展示的彩椒是否适合食用，表达了对产品的实际用途或食用方法的兴趣。
weixue0806,美容护肤,油今天没了吗,1,该用户是在询问直播间之前提到的某款油类产品是否已经售罄。
weixue0806,美容护肤,发个福袋雪,0,该用户可能在催促主播发放福利性质的抽奖活动（福袋），并希望奖品是护肤品（雪可能指代美白或清爽类产品）。
weixue0806,美容护肤,介绍霜,1,该用户希望主播详细介绍某款面霜产品的功效或使用方法。
weixue0806,美容护肤,一直推的那个面膜,1,该用户可能是在询问之前被主播多次推荐的那款面膜的具体信息或购买方式。
weixue0806,美容护肤,白月光怎么用,0,该用户想询问直播中提到的“白月光”产品的具体使用方法或功效。
weixue0806,美容护肤,睫毛是怎麽弄的,0,该用户想询问直播中展示的睫毛产品的使用方法或打造技巧。
weixue0806,美容护肤,脸上斑,0,该用户可能是在询问主播推荐的产品是否能改善面部色斑问题。
weixue0806,美容护肤,彩椒抗氧化是么,0,该用户是在询问彩椒是否具有抗氧化的功效，可能对产品的健康功效感兴趣并考虑购买。
weixue0806,美容护肤,项链漂亮,1,该用户可能是在称赞展示的项链款式吸引人，暗示有购买意向或希望主播进一步介绍产品细节。
weixue0806,美容护肤,"香水,雪[比心][比心][比心][比心][比心][比心]",1,该用户想表达的含义是：对香水产品非常感兴趣并强烈点赞推荐。  （结合前文弹幕中频繁出现的护肤、彩妆、产品咨询等购物相关互动，以及用户使用多个[比心]表情的积极情绪，可推断其动机是表达对当前展示的“香水”类商品的喜爱或购买意向。）
weixue0806,美容护肤,有推荐干皮用的水乳吗,1,该用户是在询问适合干性皮肤的护肤产品推荐，表明对当前直播中相关品类有明确的购买需求。
weixue0806,美容护肤,等你呢,0,该用户可能在催促主播尽快介绍或展示某个期待中的产品。
weixue0806,美容护肤,还没呢,0,该用户想表达的含义是：还没开始介绍或回答我之前关注的产品问题。
weixue0806,美容护肤,身体白怎么弄,1,该用户可能在咨询如何改善肤色或美白身体的方法，可能是对直播间提到的护肤品或美白产品产生了兴趣。
weixue0806,美容护肤,上次买的用完了,0,该用户想表达的是：之前购买的产品已经用完，现在有再次购买的意愿。
weixue0806,美容护肤,水光霜水光霜水光霜,1,该用户急切希望主播详细介绍或推荐水光霜产品。
weixue0806,美容护肤,早用早了,0,该用户想表达的含义是：早点购买使用可以早点享受产品的好处。
weixue0806,美容护肤,眼膜需要,1,该用户可能在询问或暗示对眼膜产品的需求，希望主播介绍相关产品信息或优惠活动。
weixue0806,美容护肤,你吃的那个是菜椒么,0,该用户可能是对主播正在展示或食用的彩椒产品产生了兴趣，想确认具体品种以便考虑购买。
weixue0806,美容护肤,没有用完,0,该用户想表达的含义是：之前购买的产品还剩余一些没用完。
weixue0806,美容护肤,第一次在抖音买这么多面膜,0,该用户想表达的含义是：这次在抖音直播间的购物体验让我超出了以往的消费习惯，对面膜类产品产生了较强的购买冲动。
weixue0806,美容护肤,干敏皮面霜推荐,1,该用户是在询问适合干性敏感肌肤使用的面霜产品推荐。
weixue0806,美容护肤,我是新粉没买,0,该用户想表达的含义是：作为新观众虽然尚未下单，但对直播间的产品产生了兴趣或关注。
weixue0806,美容护肤,眼油有试用吗??,1,该用户想询问眼部精华油是否提供试用装或试用服务。
weixue0806,美容护肤,切片招吗宝,0,该用户可能在询问主播是否招聘切片岗位的工作人员或相关兼职机会。
weixue0806,美容护肤,缩毛孔的,1,该用户可能是在询问直播间是否有能够收缩毛孔功效的产品推荐或相关护肤方法的介绍。
weixue0806,美容护肤,8号和10号油区别,1,该用户想询问8号和10号护肤油的功效差异或适用场景，以判断哪款更适合自己购买。
weixue0806,美容护肤,雪推荐的都比大牌好用,0,该用户想表达的含义是：主播推荐的产品效果优于知名品牌，对其推荐表示高度认可。
weixue0806,美容护肤,"美妞,去痘印的有没有",1,该用户是在询问直播间是否有祛痘印功效的产品推荐。
weixue0806,美容护肤,素颜滴素颜滴素颜滴素颜滴素颜滴素颜滴素颜滴素颜滴素颜滴,1,该用户可能是在强烈询问或催促主播介绍/推荐“素颜滴”产品，或表达自己对这款产品的兴趣和购买意愿。
weixue0806,美容护肤,水光霜水光霜,1,该用户急切想了解或购买主播提到的“水光霜”产品，可能是被产品功效吸引或需要进一步咨询细节。
weixue0806,美容护肤,什么口红啊,1,该用户想询问当前直播中展示的口红具体是什么品牌或色号。
weixue0806,美容护肤,辣椒好吃么,0,该用户想询问直播中展示的辣椒产品的实际口感或风味如何。
weixue0806,美容护肤,油有试用吗??,1,该用户想询问这款护肤油产品是否提供试用装或小样体验。
weixue0806,美容护肤,韦雪你好美啊啊啊啊,0,该用户是在通过热情赞美主播的外表来拉近距离，试图引起主播注意以便后续咨询产品信息或获得互动机会。
weixue0806,美容护肤,"吃的这么优雅,我和猪拱食一样",0,该用户想表达的含义是：对比主播优雅的吃相，自嘲自己吃饭时狼吞虎咽的样子。  （补充说明：结合前文弹幕中关于食物和互动的氛围，这句话更多是幽默自嘲而非直接购买意向，属于活跃气氛的互动型弹幕。）
weixue0806,美容护肤,姐姐几天洗一次头哇,0,该用户可能是在询问主播推荐洗发产品的使用频率，以此评估产品的实际效果或适用性。
weixue0806,美容护肤,全身美白的有推荐吗,1,该用户是在询问直播间是否有适合全身美白的产品推荐，表现出对相关商品的购买兴趣和需求。
weixue0806,美容护肤,要面膜雪,1,该用户想表达的含义是：我想要主播推荐的面膜产品。  （结合前文“雪推荐的都比大牌好用”可推断“雪”指主播昵称，且其推荐受认可；“要面膜”直接表达购买意向，语气急切省略部分用词，符合弹幕即时性特点。）
weixue0806,美容护肤,还没有呀,0,该用户可能是在回应主播关于是否购买过某款产品的询问，表示自己尚未尝试过该商品。
weixue0806,美容护肤,用完了姐,0,该用户想表达的含义是：之前购买的产品已经使用完毕，现在有回购意向。
weixue0806,美容护肤,只要滚珠一下吗,1,该用户可能在询问产品使用时是否仅需简单滚动涂抹的操作步骤。
weixue0806,美容护肤,沒貨可以上少一點唄,1,该用户是在委婉催促主播补货，暗示即使库存有限也希望能少量上架以满足购买需求。
weixue0806,美容护肤,妆前不卡粉的那个还有吗,1,"该用户是在询问直播间此前推荐过的某款妆前产品（主打不卡粉功效）是否仍有库存或可购买。  （解析依据：结合前文弹幕高频出现的护肤品类提问（如缩毛孔、去痘印、水光霜等）和""雪""这一主播称呼的互动语境，可推断用户关注的是美妆产品库存状态；""还有吗""的询问模式与弹幕中""還沒有呀""""沒貨可以上少一點唄""等缺货相关讨论形成呼应，说明直播间存在热门产品售罄现象。）"
weixue0806,美容护肤,"囤的太多了,没用完",0,该用户想表达的含义是：之前购买的产品还有剩余，暂时不需要再囤货。
weixue0806,美容护肤,那个妆前用的不卡粉的,1,该用户想询问主播之前提到的妆前产品是否具有防止卡粉的效果。
weixue0806,美容护肤,"胶原蛋白流失严重,求补",1,该用户想表达的含义是：自己面临皮肤胶原蛋白不足的问题，希望主播推荐相关护肤产品来改善这一状况。  （结合前文弹幕中频繁出现的护肤类需求（如去痘印、水光霜、全身美白等）以及直接向主播索要产品推荐（如“要面膜雪”“妆前不卡粉的那个还有吗”），可推断该用户是在直播间主动寻求针对胶原蛋白流失的功能性护肤品解决方案。）
weixue0806,美容护肤,再说一下用法好吗?,1,该用户想表达的含义是：希望主播能重新详细讲解产品的使用方法。  （结合前文弹幕中频繁提及具体产品如“素颜滴”“水光霜”“滚珠”等，且存在使用相关提问如“只要滚珠一下吗”，可推断用户对产品用法存在兴趣或疑惑，因此主动要求主播复述说明。）
weixue0806,美容护肤,没用完家里一大堆还是想买,1,该用户虽然家中囤货充足，但仍因产品吸引力或促销活动产生了强烈的购买冲动。
weixue0806,美容护肤,用油眼睛会长脂肪粒吗,1,该用户是在询问产品（油类护肤品）的使用安全性，担心长期使用可能导致眼部脂肪粒问题。
weixue0806,美容护肤,我又来了,0,该用户想表达的含义是：我是直播间常客，再次回来关注或购买产品。
weixue0806,美容护肤,新粉没买,0,该用户想表达的含义是：作为新观众还在观望，暂时没有下单的打算。
weixue0806,美容护肤,用完了[比心]刚又买了面膜[比心],0,该用户想表达自己之前购买的面膜已经用完，并刚刚进行了复购，以此表达对产品的认可和持续购买意愿。
weixue0806,美容护肤,"你涂的唇膏,吃东西会掉色吗",1,该用户想表达的含义是：询问这款唇膏的持久度是否足够，担心日常进食时容易脱色影响使用效果。
weixue0806,美容护肤,姐姐脸上长痘痘怎样才可以去掉,0,该用户想表达的含义是：询问主播推荐祛痘产品或护肤方法来解决面部痘痘问题。
weixue0806,美容护肤,"买了眼油,怎么用",1,该用户想表达的含义是：已经购买了直播推荐的眼部护理产品但不清楚具体使用方法，希望主播能给予指导。
weixue0806,美容护肤,有祛斑的吗?,1,该用户是在询问直播间是否有祛斑功效的产品推荐。
weixue0806,美容护肤,涂法令纹哪个精华好,1,该用户想咨询针对法令纹问题的精华产品推荐，表现出对改善面部皱纹的具体需求。
weixue0806,美容护肤,有去黑眼圈的吗,1,该用户是在询问直播间是否有针对改善黑眼圈问题的护肤产品。
weixue0806,美容护肤,"雪儿,推荐个快速拯救面膜呗",1,该用户希望主播推荐一款能快速见效的急救型面膜产品。
weixue0806,美容护肤,唇纹怎么拯救,0,该用户想表达的含义是：询问直播间是否有能改善唇部干燥纹路的产品推荐。
weixue0806,美容护肤,"没买过面膜,新来的",0,该用户想表达的含义是：作为新观众对产品缺乏了解，但对面膜产生了初步兴趣。
weixue0806,美容护肤,身体乳说说,1,该用户想表达的含义是：请详细介绍下身体乳的产品功效或使用体验。
weixue0806,美容护肤,身上衣服哪里买?,1,该用户想表达的含义是：询问主播身上穿的衣服的购买渠道。
weixue0806,美容护肤,祛斑有招吗,0,该用户是在询问直播间是否有针对祛斑问题的产品或解决方案。
weixue0806,美容护肤,水光霜什么时候有,1,该用户是在询问水光霜的上架或补货时间，表现出明确的购买意向和需求。
weixue0806,美容护肤,你真讨厌,0,该用户可能是在撒娇或调侃主播，表达一种亲昵的抱怨情绪，实际仍对直播内容感兴趣。
weixue0806,美容护肤,黑眼圈讲讲,0,该用户想询问主播是否有针对黑眼圈问题的产品或相关护肤建议。
weixue0806,美容护肤,素颜霜有吗,1,该用户是在询问直播间是否有素颜霜产品可供购买。
weixue0806,美容护肤,干敏皮面霜用那个,1,该用户想询问适合干性敏感肌肤使用的面霜产品推荐。
weixue0806,美容护肤,用的什么口红,1,该用户想询问主播口红的品牌或色号，表达了对该产品的兴趣和购买意向。
weixue0806,美容护肤,一天一片,0,该用户想表达的含义是：询问面膜的使用频率是否为每天一片。
weixue0806,美容护肤,怎么去除,0,该用户可能是在询问如何去除某种皮肤问题或产品残留，比如痘痘、黑眼圈或化妆品痕迹。
weixue0806,美容护肤,5号洗面奶,1,该用户想询问5号洗面奶的具体功效或购买方式。
weixue0806,美容护肤,没用完,0,该用户可能是在询问之前提到的某款产品是否还有剩余库存或是否需要补货。
weixue0806,美容护肤,"什么口红,推荐一下",1,该用户想表达的含义是：询问主播正在使用的口红品牌或色号，并希望获得相关产品推荐。
weixue0806,美容护肤,哪个身体乳好用还香啊,1,该用户是在询问直播间推荐一款既有效果又香味宜人的身体乳产品，表现出明确的购买意向和需求。
weixue0806,美容护肤,面膜雪雪雪,1,该用户想表达的含义是：询问主播推荐一款名为“雪雪雪”的面膜产品。
weixue0806,美容护肤,眼油怎么用?,1,该用户可能是在询问眼部精华油的使用方法，表现出对产品的具体功效和操作步骤感兴趣。
weixue0806,美容护肤,"脸颊,眼角有黄褐斑",0,该用户可能在询问针对面部黄褐斑问题的护肤产品或解决方案。
weixue0806,美容护肤,面膜敷了需要水洗吗?,1,该用户想表达的含义是：询问面膜使用后是否需要清洗，以确认正确的护肤步骤。
weixue0806,美容护肤,那个款眼膜去黑眼圈好,1,该用户想表达的含义是：询问主播这款眼膜对淡化黑眼圈的效果如何，并可能有意向购买。
weixue0806,美容护肤,面霜面霜面霜面霜面霜,1,该用户急切想了解或购买直播中提到的面霜产品。
weixue0806,美容护肤,"新粉,没买面膜",0,该用户想表达的含义是：作为新观众不了解产品，还没尝试过购买面膜但对此感兴趣。
weixue0806,美容护肤,姐姐几天洗一次头哇我头油的好快求教程[流泪],0,该用户想表达的含义是：询问主播的洗发频率并寻求解决头发易油问题的护理方法。
weixue0806,美容护肤,有推荐沙漠干皮的水乳吗[看],1,该用户是在询问适合极度干燥肤质的水乳产品推荐，表现出明确的护肤需求和购买意向。
weixue0806,美容护肤,上面膜吧,1,该用户希望主播尽快介绍或上架面膜产品。
weixue0806,美容护肤,介绍下面膜,1,该用户希望主播详细讲解当前展示或即将推荐的面膜产品信息。
weixue0806,美容护肤,有防晒嘛,1,该用户是在询问直播间是否有防晒产品出售。
weixue0806,美容护肤,一号有用吗,1,该用户想询问一号产品是否适合自己使用或是否有效果。
weixue0806,美容护肤,"第一次来,姐姐可以看看面膜吗",1,该用户初次进入直播间，对主播展示的面膜产品产生了兴趣并希望获得详细介绍。
weixue0806,美容护肤,哪家Y美靠谱雪,0,该用户是在询问哪家医美机构做雪肤项目比较可靠。
weixue0806,美容护肤,彩椒上一下吧[笑哭],1,该用户希望主播尽快上架彩椒产品，并用表情符号缓和催促的语气。
weixue0806,美容护肤,一天两片,0,该用户想表达的含义是：询问面膜的使用频率是否为每天两片。
weixue0806,美容护肤,有没有脱毛膏推荐啊[捂脸],1,该用户想表达的含义是：希望主播能推荐一款好用的脱毛膏产品。
weixue0806,美容护肤,油油用法,1,该用户想询问主播展示的护肤油产品的具体使用方法或步骤。
weixue0806,美容护肤,法令纹做什么项目求推荐,0,该用户想表达的含义是：想咨询改善法令纹的医美或护肤项目推荐。
weixue0806,美容护肤,"眼油已下单,麻烦再说一遍使用方法",1,该用户想表达的含义是：已经购买了眼部精华产品，希望主播再次详细讲解产品的使用步骤以便正确操作。  （解析：结合前文弹幕中多次出现关于护肤产品的提问，尤其是“眼油怎么用？”的同类问题，可推断该用户属于主动消费后对产品使用存在信息补充需求，动机明确且与直播内容强相关。）
weixue0806,美容护肤,脸上长痘痘怎么办,0,该用户可能在询问直播间是否有针对痘痘肌肤的护肤产品或解决方案。
weixue0806,美容护肤,看看手镯,1,该用户想表达的含义是：希望主播展示或详细介绍手镯产品。
weixue0806,美容护肤,雪姐胶原蛋白面膜用完要洗脸嘛,1,该用户想询问胶原蛋白面膜使用后是否需要清洗，以确认正确的护肤步骤。
weixue0806,美容护肤,香水喷在哪里留香更久,1,该用户想表达的含义是：咨询如何正确使用香水以达到最佳留香效果。
weixue0806,美容护肤,辣不辣,0,该用户可能是在询问直播中展示的某款食品或调味品的辛辣程度，以判断是否符合自己的口味偏好。
weixue0806,美容护肤,脸下垂做什么项目,0,该用户想咨询改善面部皮肤松弛问题的医美项目推荐。
weixue0806,美容护肤,嗨体去医院皮肤科可以嘛,0,该用户可能在询问嗨体（一种美容产品）是否适合在医院皮肤科进行注射或治疗。
weixue0806,美容护肤,祛斑有推荐?,1,该用户是在询问直播间是否有推荐的祛斑产品或护肤方案。
weixue0806,美容护肤,"没有用完,今天又下单面膜了",0,该用户想表达的含义是：虽然之前购买的面膜还没用完，但因为对产品满意或直播促销吸引，又再次下单了同款面膜。
weixue0806,美容护肤,真的对眼睛有用吗,1,该用户是在质疑或询问直播推荐的产品对改善眼部问题的实际效果。
weixue0806,美容护肤,求用胶原蛋白面膜,1,该用户想表达的含义是：希望主播推荐或展示胶原蛋白面膜产品。  （结合前文弹幕中多次提及面膜、护肤需求及同类产品提问，可推断用户是在主动寻求购买或了解该产品的信息。）
weixue0806,美容护肤,我抢到油了,0,该用户想表达的含义是：成功下单购买了直播间推荐的护肤油产品。
weixue0806,美容护肤,可以这样吃吗,0,该用户可能在询问主播展示的产品（如食品或护肤品）的具体使用方式或食用方法。
weixue0806,美容护肤,10号上下,1,该用户可能在询问商品编号为10号的款式是否有上架或补货。
weixue0806,美容护肤,小样吗,0,该用户可能在询问直播中提到的产品是否有试用装或小规格样品可供尝试。
weixue0806,美容护肤,面膜是不是都有试用装,0,该用户想询问面膜产品是否提供小样试用装以便体验效果。
weixue0806,美容护肤,吃这个有啥好处,0,该用户想询问该产品的具体功效或营养价值。
weixue0806,美容护肤,泪沟怎么去除啊,0,该用户可能在询问针对泪沟问题的美容产品或护理方法的推荐。
weixue0806,美容护肤,当晚饭吗,0,该用户可能在询问直播中展示的商品是否适合当作晚餐食用或搭配。
weixue0806,美容护肤,哪家Y美靠谱,0,该用户可能在询问可靠的医美机构推荐。
weixue0806,美容护肤,"身体乳,身体乳",1,该用户想表达的含义是：询问或提醒主播介绍或展示身体乳产品。
weixue0806,美容护肤,那个妆前不卡粉的还有吗,1,该用户是在询问某款妆前产品是否仍有库存，并隐含对其防卡粉效果的认可与购买意向。
weixue0806,美容护肤,水光霜什么时候有?,1,该用户是在询问水光霜产品的补货或上新时间，表现出明确的购买意向和需求。
weixue0806,美容护肤,皮肤太好了,0,该用户想表达的含义是：对主播或产品展示的肌肤状态表示赞叹和羡慕，可能隐含对相关护肤产品的兴趣。
weixue0806,美容护肤,该咋用呀,0,该用户想询问产品的具体使用方法或操作步骤。
weixue0806,美容护肤,你用的啥气垫,1,该用户可能是对主播使用的气垫产品产生了兴趣，想了解具体品牌或型号以便购买。
weixue0806,美容护肤,小样有吗,0,该用户是在询问产品是否有试用装或赠品小样可供尝试。
weixue0806,美容护肤,直播间有卖彩椒嘛,1,该用户是在询问直播间是否有售卖彩椒这一商品，表现出对购买彩椒的兴趣和需求。
weixue0806,美容护肤,最近脸特干用什么油,1,该用户想询问适合脸部干燥状况使用的护肤油产品推荐。
weixue0806,美容护肤,全脸用的油有推荐吗,1,该用户是在询问主播是否有适合全脸使用的护肤油产品推荐。
weixue0806,美容护肤,天天吃,0,该用户可能是想询问主播展示的产品是否可以日常频繁食用或使用。
weixue0806,美容护肤,韦雪不仅美情商也高我也很喜欢你[比心],0,该用户主要是在表达对主播韦雪的喜爱和欣赏，而非直接询问商品信息或表现出购买意向。
weixue0806,美容护肤,什么口红推荐一下[比心][比心][比心][比心],1,该用户想表达的含义是：希望主播推荐一款适合的口红产品并表现出强烈的兴趣和好感。  （结合前文弹幕多为美妆护肤相关的提问和互动，且用户使用多个[比心]表情，可推断其购买意向明确且态度积极。）
weixue0806,美容护肤,雀斑怎么,0,该用户想询问如何改善或遮盖雀斑问题。
weixue0806,美容护肤,"这个彩椒被你吃涨价了,美团外卖涨了好多[捂脸][捂脸]",0,该用户是在调侃主播吃彩椒的行为导致外卖平台上的彩椒价格上涨，表达了对价格变动的无奈和幽默吐槽。
weixue0806,美容护肤,洗发露推荐一下,1,该用户想表达的含义是：希望主播推荐适合自己使用的洗发露产品。
weixue0806,美容护肤,我没有买过,0,该用户可能是在回应主播推荐的产品时，表示自己尚未尝试过该商品或对该品牌缺乏购买经验。
weixue0806,美容护肤,想要口红,1,该用户表达了对口红的购买意向或产品推荐需求。
weixue0806,美容护肤,"亲,毛孔粗大怎么搞[比心][比心][比心][比心][比心][比心][比心][比心][比心][比心][比心][比心][比心][比心][比心][比心][比心][比心][比心][比心][比心][比心][比心][比心]",0,该用户想表达的含义是：咨询改善毛孔粗大问题的产品推荐，并表现出强烈的兴趣和互动意愿。  （解析：结合前文弹幕中高频的护肤类问题（如卡粉、水光霜、干皮用油等）和明确的购买意向（如“小样有吗”“想要口红”），该用户属于主动寻求解决方案的潜在消费者，且通过密集的[比心]表情强化了积极互动态度。）
weixue0806,美容护肤,要买洗面奶快来雪,1,"该用户是在催促其他观众抓紧购买洗面奶，并暗示产品在""雪""这个销售渠道有优惠或限量供应。"
weixue0806,美容护肤,面霜面霜面霜面霜面霜面霜面霜面霜面霜面霜面霜面霜,1,该用户可能是在强烈表达对当前直播中提到的面霜产品的兴趣或急切询问相关信息。
weixue0806,美容护肤,面膜用完了,1,该用户可能在暗示需要补货或询问直播间是否有面膜推荐。
weixue0806,美容护肤,植发了嘛?,0,该用户可能是在询问主播是否进行了植发手术，以此间接表达对植发产品或相关美容服务的兴趣。
weixue0806,美容护肤,美白面膜用啥,1,该用户想咨询适合美白功效的面膜产品推荐。
weixue0806,美容护肤,鱼子酱发膜,1,"该用户可能在询问或表达对""鱼子酱发膜""这款产品的兴趣，想了解其功效或购买方式。"
weixue0806,美容护肤,干敏皮面霜,1,该用户可能在询问适合干性敏感肌肤的面霜产品推荐或购买链接。
weixue0806,美容护肤,法令纹用这个效果也好嘛,1,该用户是在询问当前直播推荐的产品对改善法令纹是否同样有效，表现出对产品功效的针对性关注和潜在购买意向。
weixue0806,美容护肤,"第一次来,41岁.应该买什么",1,该用户想表达的含义是：作为新观众且年龄偏大，希望主播能根据自身情况推荐适合购买的产品。
weixue0806,美容护肤,博瑞美说一下[比心],0,该用户可能是想询问或了解“博瑞美”产品的相关信息，并表达对主播或产品的友好态度。
weixue0806,美容护肤,法令纹用哪个面膜,1,该用户是在咨询针对改善法令纹问题的面膜产品推荐，表现出明确的护肤需求和购买意向。
weixue0806,美容护肤,瓷娃娃面膜好用吗,1,该用户可能在询问产品的实际使用效果，以此评估是否值得购买。
weixue0806,美容护肤,全身美白的有吗,1,该用户是在询问直播间是否有针对全身美白的产品，表达了对这类商品的潜在购买需求。
weixue0806,美容护肤,为啥吃彩椒,0,该用户可能是在好奇主播选择彩椒作为展示或食用原因，并隐含对产品功效或特色的兴趣。
weixue0806,美容护肤,水光面膜没有了吗,1,该用户是在询问直播间是否已售罄或停止供应水光面膜，并隐含希望补货或购买的意向。
weixue0806,美容护肤,"面膜效果都不错,用完了至少20盒",1,该用户想表达的含义是：对这款面膜的使用效果非常满意，已经多次回购并消耗了大量产品。
weixue0806,美容护肤,修复面膜有吗,1,该用户是在询问直播间是否有具备修复功能的面膜产品。
weixue0806,美容护肤,防晒前推荐用啥,1,该用户想询问在涂抹防晒产品之前建议使用哪些护肤品作为打底步骤。
weixue0806,美容护肤,面模没有了吗,1,该用户是在询问直播间售卖的面膜是否已经缺货或售罄。
weixue0806,美容护肤,头发什么颜色呀,0,该用户可能是在询问主播或产品展示中模特的发色细节，暗示对染发产品或发型相关商品的潜在兴趣。
weixue0806,美容护肤,5号洁面是现货嘛,1,该用户是在询问5号洁面产品是否为现货，表现出明确的购买意向和时效需求。
weixue0806,美容护肤,彩椒都被你吃涨价了[捂脸],0,该用户是在调侃主播频繁推荐或展示彩椒导致其价格被哄抬，以幽默方式暗示彩椒近期可能因直播热度而变抢手。
weixue0806,美容护肤,祛斑的有什么?,1,该用户是在询问直播间是否有针对祛斑功效的产品推荐。
weixue0806,美容护肤,面霜面霜面霜面霜,1,该用户急切想了解或购买直播间提到的面霜产品。
weixue0806,美容护肤,去眼袋买什么,1,该用户想询问直播间是否有针对改善眼袋问题的护肤产品或解决方案。
weixue0806,美容护肤,眼纹做什么项目?,0,该用户想咨询针对眼部皱纹的护肤产品或医美项目推荐。
weixue0806,美容护肤,雪姐胶原蛋白面膜用完要洗脸吗,1,该用户是在询问使用胶原蛋白面膜后是否需要清洁面部，表现出对产品使用方法的明确关注和潜在的购买意向。
weixue0806,美容护肤,雪姐你长斑吗,0,该用户可能在询问主播是否使用过祛斑产品，并暗示对相关产品的购买兴趣。
weixue0806,美容护肤,有斑的话用那个,1,该用户想询问直播间是否有针对祛斑问题的产品推荐。
weixue0806,美容护肤,想全身白,1,该用户想询问直播间是否有推荐全身美白的产品或方法。
weixue0806,美容护肤,美白产品有效果吗?,1,该用户是在询问美白产品的实际功效是否显著，隐含对产品效果的关注和潜在的购买意向。
weixue0806,美容护肤,有眼部细纹是买那个眼油吗?,1,该用户是在询问针对眼部细纹问题是否应该购买直播间推荐的某款眼部护理油产品。
weixue0806,美容护肤,法令纹哪个精华好?,1,该用户是在咨询针对法令纹问题推荐的精华产品。
weixue0806,美容护肤,有睫毛膏推荐吗?你的睫毛好长,1,该用户是在询问主播是否有好用的睫毛膏产品推荐，并借夸赞主播睫毛长来间接表达对产品的兴趣和信任。
weixue0806,美容护肤,雪雪有淡斑面膜吗,1,该用户是在询问主播是否推荐或售卖具有淡斑功效的面膜产品。
weixue0806,美容护肤,雀斑怎么整,0,该用户想询问直播间是否有针对雀斑问题的护肤产品或解决方案。
weixue0806,美容护肤,姐有推荐的沐浴露吗,1,该用户是在向主播咨询适合自己使用的沐浴露产品推荐。
weixue0806,美容护肤,项链可以看看嘛,1,该用户对直播中展示的项链产生了兴趣，希望主播能详细介绍或展示这款产品。
weixue0806,美容护肤,面膜几天敷一次雪雪,1,"该用户是在询问主播推荐的面膜（""雪雪""可能指代主播或品牌）适合的敷用频率，隐含对产品的兴趣和购买意向。"
weixue0806,美容护肤,给我封杀,0,该用户可能是对主播或产品不满，要求平台或商家停止其推广或销售行为。
weixue0806,美容护肤,雪应该从多大年纪开始做热玛吉,0,该用户是在询问主播建议的适合开始做热玛吉抗衰老护理的年龄。
weixue0806,美容护肤,你这个项链多少克,1,该用户想询问项链的具体重量以评估其价值和性价比。
weixue0806,美容护肤,亲毛孔粗大怎么搞[比心][比心][比心][比心][比心][比心][比心][比心][比心][比心][比心][比心][比心][比心][比心][比心][比心],0,该用户想表达的含义是：咨询改善毛孔粗大问题的产品推荐，并附加强烈的期待和信任态度。  （解析：结合前文弹幕多为护肤问题咨询和产品求推荐，且语气普遍直接，该用户通过重复[比心]表情强化情感倾向，核心诉求是解决毛孔问题，同时隐含对主播的认可或对解决方案的迫切需求。）
weixue0806,美容护肤,"太阳穴凹陷,需要填充几只玻尿酸",0,该用户是在咨询针对太阳穴凹陷问题的玻尿酸填充方案，表现出明确的医美项目购买意向。
weixue0806,美容护肤,耳钉是什么学姐,1,该用户可能在询问主播佩戴的耳钉款式或品牌信息，暗示对饰品类的购买兴趣。
weixue0806,美容护肤,啊啊啊能告诉我项链是哪家的吗[比心][比心][比心][比心][比心],1,该用户急切地想询问主播所佩戴项链的品牌信息，并透露出强烈的购买意向和喜爱之情。
weixue0806,美容护肤,泪沟怎么去,0,该用户是在咨询消除泪沟问题的护肤产品或医美方案。
weixue0806,美容护肤,怎么可以去痘痘,0,该用户是在询问主播是否有推荐的去痘痘产品或护肤方法。
weixue0806,美容护肤,要脸油,1,该用户想表达的含义是：询问主播是否有适合面部使用的护肤油产品推荐。
weixue0806,美容护肤,"面膜,没有啦",1,该用户可能是在询问主播之前提到的面膜是否已经售罄，表达出对购买该产品的兴趣和担忧缺货的心理。
weixue0806,美容护肤,睫毛增长液有没有用,1,该用户想询问睫毛增长液的实际效果以评估是否值得购买。
weixue0806,美容护肤,水乳套装推荐一下,1,该用户希望主播能针对水乳套装产品给出具体的推荐建议，表现出明确的购买意向和需求。
weixue0806,美容护肤,祛斑精华有推荐?,1,该用户是在主动寻求主播推荐适合祛斑功效的精华产品，表现出明确的购买意向和护肤需求。
weixue0806,美容护肤,好多人要面霜,0,该用户可能是在感叹面霜的热门程度，暗示自己也对这款产品产生了兴趣或想进一步了解详情。
weixue0806,美容护肤,睫毛怎么保养的,1,该用户可能是在询问主播关于睫毛护理的产品推荐或保养方法，表现出对相关美妆产品的潜在购买兴趣。
weixue0806,美容护肤,"我吃过冲动消费的亏,用不完,还会过期",0,该用户想表达的含义是：对冲动购买产品后因闲置或过期造成的浪费感到顾虑，暗示需要更理性地评估商品实用性。  （结合前文弹幕中频繁出现的护肤、美容产品咨询背景，用户可能针对直播间推荐的高频消耗品或保质期敏感商品，通过分享自身经历委婉提醒他人或主播注意消费合理性。）
weixue0806,美容护肤,啊啊啊能告诉我项链是哪家的吗,1,该用户迫切想了解直播中展示的项链品牌信息，表现出明确的购买意向和兴趣。
weixue0806,美容护肤,几号亲,0,该用户可能是想询问主播提到的某个产品（如项链、面膜等）的具体型号或款式编号。
weixue0806,美容护肤,有没有脸油,1,"该用户想询问直播间是否售卖面部护肤油产品。  （解析：结合前文大量护肤类提问（面膜、水乳、祛斑等）及同类产品需求（如""要脸油""），可判定此为明确的产品咨询，属于购买意向表达。）"
weixue0806,美容护肤,补水吗,1,该用户可能是在询问直播中推荐的产品是否具有保湿补水的功效。
weixue0806,美容护肤,美白的,0,该用户可能在询问直播间是否有美白功效的产品推荐或相关护肤建议。
weixue0806,美容护肤,"功效型面膜,只想在你直播间买.因为害怕买假的",1,该用户想表达的含义是：由于担心在其他渠道买到假货，所以只信任并打算在这个直播间购买功效型面膜。
weixue0806,美容护肤,去痘印的[流泪]去痘印的,0,该用户急切地询问直播间是否有能祛痘印的产品，并流露出对解决皮肤问题的强烈需求。
weixue0806,美容护肤,"韦女神就是耿直,性格直爽",0,该用户是在夸赞主播性格讨喜，表达对主播个人魅力的欣赏而非直接询问产品信息。
weixue0806,美容护肤,面霜面霜面霜面霜面霜面霜面霜面霜面霜面霜面霜面霜面霜面霜面霜面霜面霜面霜面霜面霜面霜面霜面霜面霜面霜,1,该用户想表达的含义是：强烈要求主播详细介绍或推荐面霜产品。
weixue0806,美容护肤,补水补水补水,1,该用户可能是在急切询问或强调直播中提到的补水产品是否有效，或是希望主播重点介绍补水相关的护肤产品。
weixue0806,美容护肤,医用面膜,1,该用户可能在询问直播间是否有医用面膜产品或想了解其相关功效。
weixue0806,美容护肤,保湿面膜,1,该用户可能是在询问直播间是否有保湿面膜产品，或是表达对保湿功效面膜的需求和兴趣。
weixue0806,美容护肤,精华粒和颈纹霜讲一下,1,该用户希望主播详细介绍精华粒和颈纹霜的产品功效或使用方式。
weixue0806,美容护肤,大师面膜真的好,1,该用户想表达的含义是：对主播推荐的这款面膜效果表示高度认可和赞赏。
weixue0806,美容护肤,"买了,洗面奶,油,油霜,那水乳还需要用吗",1,该用户想确认在已购买洁面、精华和面霜的情况下，是否还需要搭配使用水乳产品来完成护肤步骤。
weixue0806,美容护肤,雪儿用那种面膜,1,该用户想询问主播“雪儿”使用的面膜品牌或具体产品信息，表现出对同款产品的购买兴趣。  （解析：结合前文弹幕中高频出现的护肤品类讨论（面膜、面霜、精华等）以及具体产品询问（如“项链是哪家的”），可推断用户习惯通过主播同款种草，且当前语境下“那种面膜”特指主播正在展示或提及的产品，隐含“想购买同款”的意图。）
weixue0806,美容护肤,什么面膜?,1,该用户想询问当前推荐的面膜产品类型或具体品牌。
weixue0806,美容护肤,面霜面霜面霜面霜面霜面霜面霜面霜面霜面霜,1,该用户通过重复关键词强烈表达了对当前讨论的面霜产品的浓厚兴趣和迫切购买意愿。
weixue0806,美容护肤,颈霜推荐,1,该用户想表达的含义是：希望主播能推荐一款针对颈部护理的产品。  （结合前文弹幕中频繁出现的护肤类需求，如“面霜”“精华粒和颈纹霜”“去痘印”等，可推断用户关注点集中在护肤品推荐，且语境中已有对“颈纹霜”的提及，因此“颈霜推荐”更可能是明确的产品需求，而非单纯询问。）
weixue0806,美容护肤,今天买了你的小方砖精油,1,该用户想表达的含义是：我已经下单购买了主播推荐的精油产品。  （结合前文弹幕中频繁出现的购买咨询、产品功效讨论及部分用户明确表示下单的语境，可推断此弹幕是消费者对已购商品的确认，可能带有分享或反馈意图。）
weixue0806,美容护肤,抗皱紧致,1,"该用户想表达的含义是：询问直播间是否有具备抗皱紧致功效的产品推荐。  （结合前文弹幕中高频出现的护肤品类诉求如""面霜""""面膜""""颈纹霜""，以及用户对具体功效的关注如""补水""""美白""""去痘印""，可推断此弹幕是延续同类需求，聚焦于抗衰老功能的产品询问。）"
weixue0806,美容护肤,你卖耳饰吧,0,该用户希望主播能推荐或上架耳饰类产品。
weixue0806,美容护肤,灌注面膜[比心][比心][比心],1,该用户想表达的含义是：对主播推荐的灌注面膜非常感兴趣并表达喜爱支持。  （结合前文弹幕中频繁讨论面膜功效、购买意向及对主播的信任，用户通过重复表情符号强化积极情绪，暗示潜在购买意愿。）
weixue0806,美容护肤,法令纹面膜,1,该用户可能在询问主播是否有针对法令纹问题的面膜产品，或是希望主播推荐相关功效的面膜。
weixue0806,美容护肤,雪能整点玛丽安宝莱的粉不,1,"该用户想询问直播间是否能提供玛丽安宝莱品牌的化妆品（可能是散粉类产品）。  （解析：结合前文弹幕高频提及面膜、面霜等美妆品类，且用户习惯用简称/昵称指代品牌（如""玛丽安宝莱""实为玛丽黛佳或莱伯妮等品牌的混淆称呼），""粉""大概率指向定妆散粉或粉饼类产品，""整点""是典型直播购物场景中询问补货/上架的口语化表达。）"
weixue0806,美容护肤,网上好多挂着你的人脸做面膜都不知道耍真的还是假的,0,"该用户担心市面上假冒产品泛滥，希望通过主播渠道购买正品面膜以确保质量可靠。  （释义逻辑：结合前文多次出现对产品真伪的担忧（如""害怕买假的""）及面膜相关讨论，用户通过对比假货现象突出对主播的信任需求，核心动机是寻求正品保障而非单纯质疑真假。）"
weixue0806,美容护肤,美白淡斑,1,该用户可能在询问或暗示对具有美白淡斑功效的护肤产品感兴趣。
weixue0806,美容护肤,直播链接就这个价了吗,0,该用户可能在询问当前直播间的商品价格是否为最终优惠价，暗示对购买有进一步意向。
weixue0806,美容护肤,"嘴上的口红是那个品牌,哪个色",1,该用户想询问主播口红的品牌和具体色号信息，表现出对产品的具体购买兴趣。
weixue0806,美容护肤,主播脖子上的吊坠看看可以吗,1,该用户对主播佩戴的吊坠产生兴趣，希望主播展示或介绍这款饰品。
weixue0806,美容护肤,去黑头用什么,1,该用户可能在询问直播间推荐的去黑头护肤产品或方法，表现出对解决特定皮肤问题的购买兴趣。
weixue0806,美容护肤,面膜不能天天敷吧,0,该用户可能是在询问或质疑面膜的使用频率，想确认是否需要每天敷面膜。
weixue0806,美容护肤,是水光,0,该用户可能是在询问或确认主播提到的某款产品是否为具有水光功效的面膜或护肤品。
weixue0806,美容护肤,"好焦虑啊,赚不到钱,雪雪",0,该用户可能在表达因经济压力无法购买直播间推荐的产品而感到遗憾和无奈。
weixue0806,美容护肤,补水面膜买哪款,1,该用户正在询问主播推荐适合自己需求的补水面膜产品，表现出明确的购买意向和决策需求。
weixue0806,美容护肤,胶原蛋白用什么?,1,该用户想询问主播推荐哪种胶原蛋白产品适合自己使用。
weixue0806,美容护肤,眼部有细纹是用那个眼油吗?,1,该用户是在询问主播推荐的眼部护理产品是否能有效改善细纹问题。
weixue0806,美容护肤,我需要,0,"该用户可能想表达自己对当前讨论的某款产品有明确需求，希望主播进一步介绍或提供购买方式。  （结合前文高频出现的""面霜""""面膜""""颈霜""等护肤品类，以及具体功效提问如""抗皱紧致""""去黑头""等，可推断用户是在护肤品类互动中突然插入的简洁需求表达，大概率针对主播正在讲解或弹幕热议的某款产品。）"
weixue0806,美容护肤,脸上有毛孔鼻子有黑头,0,该用户可能在询问针对面部毛孔粗大和鼻头黑头问题的护肤产品推荐。
weixue0806,美容护肤,睫毛膏那个?,1,该用户可能在询问主播提到的某款睫毛膏的具体品牌或产品名称。
weixue0806,美容护肤,啊啊啊能告诉我项链是哪家的吗[比心][比心][比心][比心][比心][比心][比心][比心][比心][爱心][爱心][爱心],1,该用户迫切想了解主播佩戴的项链品牌信息，表现出强烈的购买意向和喜爱之情。
weixue0806,美容护肤,百奈子比雏菊那个好吗?[比心][比心][比心],1,该用户是在询问百奈子产品的效果是否优于雏菊品牌，并表现出较强的购买兴趣和好感。
weixue0806,美容护肤,美白面膜几号,1,该用户想询问美白面膜的具体产品编号或链接以便购买。
weixue0806,美容护肤,全身美白有吗,1,该用户可能在询问直播间是否有针对全身肌肤的美白产品，表现出对美白功效的明确需求意向。
weixue0806,美容护肤,"补水保湿不行了[捂脸],年纪大了",0,该用户想表达的含义是：自己因年龄增长导致皮肤缺水问题加剧，急需寻找适合的补水保湿产品。
weixue0806,美容护肤,美白面膜买哪个?,1,该用户想表达的含义是：询问主播推荐哪款美白面膜产品适合购买。
weixue0806,美容护肤,怎么祛颈纹?,0,该用户想表达的含义是：询问主播推荐消除颈部皱纹的产品或方法。
weixue0806,美容护肤,几号亲面膜,1,该用户想询问主播推荐的面膜具体是哪个款式或型号。
weixue0806,美容护肤,姐姐眼睫毛是啥[比心],1,该用户是在询问主播使用的睫毛产品具体是哪一款，并附上表情符号表达友好和喜爱。
weixue0806,美容护肤,上面膜,1,该用户想询问主播正在介绍的面膜产品具体是哪个款式或型号。
weixue0806,美容护肤,胶原灌肤面膜是哪个,1,该用户想询问直播间正在介绍的胶原灌肤面膜的具体产品名称或购买链接。
weixue0806,美容护肤,脖子上的有卖啵?![比心][比心][比心],1,该用户是在询问主播脖子上佩戴的饰品是否在售，并表现出强烈的购买意向和喜爱之情。
weixue0806,美容护肤,胶原灌注面膜几号链接,1,该用户想询问直播间正在介绍的胶原灌注面膜对应的商品链接编号以便购买。
weixue0806,美容护肤,项链挺好看的,1,该用户对项链款式表示欣赏，可能产生购买意向或希望进一步了解商品信息。
weixue0806,美容护肤,在敷胶原面膜,0,该用户可能是在询问直播间推荐的胶原面膜产品具体是哪一款，或是想确认自己正在使用的面膜是否与主播推荐的一致。
weixue0806,美容护肤,修复修复,0,"该用户想表达的含义是：询问主播当前讨论的修复类产品具体是哪一款或如何购买。  （结合前文弹幕中频繁提及的面膜、护肤功效等需求，尤其是""胶原蛋白""""补水保湿""""祛颈纹""等修复相关话题，""修复修复""可能是催促主播明确产品名称或购买链接的简略表达。）"
weixue0806,美容护肤,眼膜是哪款,1,该用户想询问直播间正在推荐的具体眼膜产品名称或购买链接。
weixue0806,美容护肤,雪儿嘴厉害,0,该用户可能是在夸赞主播“雪儿”的口才或推销能力强，暗示对其推荐的产品产生兴趣或认可。
weixue0806,美容护肤,水光霜有嘛,1,该用户是在询问直播间是否有售卖“水光霜”这款产品，表现出对这款护肤品的购买兴趣。
weixue0806,美容护肤,鼻子有黑头,0,该用户可能在咨询直播间是否有针对黑头问题的护肤产品或解决方案。
weixue0806,美容护肤,提亮的,0,该用户可能在询问直播间是否有提亮肤色功效的美容产品或护肤品。
weixue0806,美容护肤,2号3号链接都下怎么搭配用宝,1,该用户想询问如何搭配使用2号和3号商品链接的产品以达到最佳效果。
weixue0806,美容护肤,睡衣好看上链接,1,该用户是在催促主播尽快将展示的睡衣商品上架销售链接，表现出明确的购买意向。
weixue0806,美容护肤,不是用胶原蛋白面膜吗,1,该用户想确认当前直播中推荐或展示的面膜是否含有胶原蛋白成分。
weixue0806,美容护肤,面霜面霜面霜面霜面霜面霜面霜面霜面霜面霜面霜面霜面霜面霜面霜面霜面霜面霜面霜面霜,1,该用户可能是在强烈催促主播尽快介绍或上架面霜产品，表达急切的需求和购买意愿。
weixue0806,美容护肤,天生黑也没办法啊,0,该用户可能是在无奈感叹自身肤质限制，暗示对美白产品效果存疑或需要针对性解决方案。
weixue0806,美容护肤,几号?,1,该用户是在询问主播当前推荐的产品对应的商品链接编号。
weixue0806,美容护肤,韦公主,0,该用户可能在询问主播提到的某款产品（如面膜或护肤品）的具体名称或编号，希望进一步了解购买信息。
weixue0806,美容护肤,有斑点用什么,1,该用户想询问直播间推荐的产品中哪款适合改善面部斑点问题。
weixue0806,美容护肤,皮肤本身白还要美白吗,0,该用户可能是在质疑美白产品的必要性，认为肤色本身较白的人不需要再使用美白产品。
weixue0806,美容护肤,法令纹精华哪个好,1,该用户是在询问直播间推荐的改善法令纹的精华产品中哪一款效果更好，表现出对具体产品的选购需求。
weixue0806,美容护肤,你本来也是自然卷的发质吗?,0,该用户可能是在询问主播是否和自己一样是自然卷发质，以此判断主播推荐的发类产品是否适合自己的发质类型。
weixue0806,美容护肤,哪一个,1,该用户是在询问主播提到的某款产品具体对应哪个链接或选项。
weixue0806,美容护肤,全身白有么,1,该用户想询问直播中是否有全身美白相关的产品。
weixue0806,美容护肤,去眼袋,1,该用户可能是在询问直播间是否有针对改善眼袋问题的产品或相关推荐。
weixue0806,美容护肤,面霜面霜面霜面霜面霜面霜面霜面霜面霜,1,该用户可能在急切询问或催促主播详细介绍当前讨论的面霜产品，或是希望主播尽快上架该商品的购买链接。
weixue0806,美容护肤,天生黄能用吗,1,该用户可能是在询问产品是否适合天生肤色偏黄的人群使用。
weixue0806,美容护肤,"想,美,[比心]白[比心]",0,该用户想表达的含义是：对美白产品感兴趣并询问是否有相关推荐。  （结合前文弹幕中频繁提及的“美白”“提亮”“斑点”等关键词，以及用户使用“[比心]”表情的互动倾向，可推断其核心诉求是美白类产品，且语气带有期待和询问意图。）
weixue0806,美容护肤,美白面膜可以去痘印吗?,1,该用户是在询问美白面膜对改善痘印效果的实际功效，表现出对产品功能的明确关注和潜在的购买意向。
weixue0806,美容护肤,去斑不可能吧,0,该用户对产品祛斑效果持怀疑态度，认为直播间宣传的祛斑功效难以实现。
weixue0806,美容护肤,小孩子可以用吗?,1,该用户可能是在询问直播中推荐的产品是否适合儿童使用，隐含对产品安全性和适用年龄的潜在需求。
weixue0806,美容护肤,我干皮黄皮能不能帮我配一套,1,该用户想表达的含义是：自己是干性偏黄的肤色，希望主播推荐一套适合自己肤质的美白或提亮产品组合。
weixue0806,美容护肤,我想要你的睡衣,1,该用户表达了对直播中展示的睡衣有明确的购买意向。
weixue0806,美容护肤,今天才知道[赞],0,该用户想表达的含义是：刚刚了解到某个产品或信息，感到惊喜并表示赞赏。  （结合前文弹幕多为护肤、美白等产品讨论，推测用户可能是对主播介绍的某款美白或护肤产品产生了兴趣，并用“[赞]”表达认可。）
weixue0806,美容护肤,有没有什么可以去痘印的[捂脸],1,该用户想表达的含义是：询问直播间是否有能有效淡化痘印的产品，并略带无奈或自嘲地暗示自己正受此问题困扰。
weixue0806,美容护肤,去痘印用什么,1,该用户想询问直播间推荐的产品中哪些适合改善痘印问题。
weixue0806,美容护肤,这个孕妇能用吗,1,该用户是在询问直播中推荐的产品是否适合孕妇群体使用。
weixue0806,美容护肤,法令纹是不是只能ym了?,0,该用户可能是在询问改善法令纹是否只能通过医美手段，暗示对非手术类护肤产品的潜在需求。
weixue0806,美容护肤,大师什么时候讲,1,该用户可能是在询问直播中的专家何时会讲解某个与美容或产品相关的话题。
weixue0806,美容护肤,可以祛斑吗,1,该用户是在询问直播推荐的产品是否具有淡化色斑的功效。
weixue0806,美容护肤,睫毛膏用的那个?,1,该用户是在询问主播之前展示或提到的某款睫毛膏的具体产品名称或品牌。
weixue0806,美容护肤,有斑点用什么?,1,该用户想询问针对皮肤斑点的有效产品或解决方案。
weixue0806,美容护肤,效果可以吗,1,该用户是在询问产品的实际使用效果是否理想。
weixue0806,美容护肤,要防晒霜[比心][比心],1,该用户想表达的含义是：对防晒霜产品有明确的购买意向并表现出积极态度。  （结合前文弹幕中频繁出现的美白、肤质适配、功效咨询等需求，以及[比心]表情的友好互动倾向，可推断用户是在主动表达对特定商品的兴趣，而非单纯提问或讨论。）
weixue0806,美容护肤,耳环是哪家的?,1,该用户是在询问直播中展示的耳环的品牌或购买渠道，表现出对商品的兴趣和潜在的购买意向。
weixue0806,美容护肤,韩束给你打了多少钱?,0,该用户可能是在调侃或质疑主播频繁提及韩束产品的动机，暗示主播是否因商业合作而过度推广该品牌。
weixue0806,美容护肤,那些东西有用几个医生早就回家种地了,0,该用户是在讽刺产品夸大功效，认为如果真的有效，专业人士（医生）早就失业了。
weixue0806,美容护肤,有保湿成分吗,1,该用户是在询问产品是否含有针对皮肤保湿功效的活性成分，以此判断该商品是否符合自己的护肤需求。
weixue0806,美容护肤,面霜面霜面霜面霜面霜面霜面霜,1,该用户可能是急切询问或强调对“面霜”产品的兴趣或需求，希望主播重点介绍或上架该商品。
weixue0806,美容护肤,胶原蛋白面膜哪个是正品,1,"该用户是在询问直播间推荐的胶原蛋白面膜中如何辨别真伪或靠谱品牌。  （解析：结合前文弹幕中频繁出现的产品功效询问（祛斑、去痘印）、成分安全性（孕妇可用、保湿）以及质疑广告可信度（""韩束给你打了多少钱""）的语境，用户提问的核心是希望主播明确指导如何筛选正品，既延续了弹幕对产品真实性的关注，又隐含对品质的担忧。）"
weixue0806,美容护肤,10号该咋用以抢,1,该用户想询问如何正确使用或抢购10号产品。
weixue0806,美容护肤,好用吗?,1,该用户是在询问产品的实际使用效果是否令人满意。
weixue0806,美容护肤,"雪姐,我们是品牌方,怎么合作呀",0,该用户想表达的含义是：作为品牌方寻求与主播的商业合作机会。
weixue0806,美容护肤,油霜油霜油霜油霜油霜油霜油霜油霜油霜油霜油霜油霜油霜油霜油霜油霜油霜油霜油霜油霜油霜,1,该用户想表达的含义是：强烈询问或催促主播介绍关于“油霜”产品的信息。
weixue0806,美容护肤,怎么有南宁腔,0,该用户可能是对主播的口音或语言风格感到好奇或调侃，而非表达购买兴趣。
weixue0806,美容护肤,可以补水吗这款,1,该用户是在询问这款产品是否具有保湿功效。
weixue0806,美容护肤,真的美白吗,1,该用户是在质疑产品美白效果的真实性，想确认是否如宣传所说具有明显美白功效。
weixue0806,美容护肤,眼周长脂肪粒了怎么处理啊姐姐,0,该用户想咨询主播关于眼部脂肪粒的解决方法，并隐含对相关护肤产品的潜在需求。
weixue0806,美容护肤,已拍1号,0,该用户想表达的含义是：我已经下单购买了1号商品。
weixue0806,美容护肤,面霜面霜面霜面霜面霜面霜面霜面霜面霜面霜面霜面霜面霜面霜面霜面霜面霜面霜,1,该用户可能是在强烈表达对当前讨论的面霜产品的兴趣或催促主播详细介绍/展示该产品。
weixue0806,美容护肤,50+用什么面膜?谢谢,1,该用户是在询问适合50岁以上年龄群体使用的面膜产品推荐。
weixue0806,美容护肤,男人可以用吗????????,1,该用户想询问产品是否适合男性使用。
weixue0806,美容护肤,正品吗,1,该用户是在询问直播中所售商品是否为官方授权或渠道正规的真品。
weixue0806,美容护肤,去痘印吗,1,该用户可能是在询问直播推荐的产品是否具有淡化痘印的功效。
weixue0806,美容护肤,可以每天用?,1,该用户是在询问产品的使用频率是否适合日常长期使用。
weixue0806,美容护肤,不想自己只想你上臉油[捂脸],0,"该用户想表达的含义是：自己懒得动手护肤，希望主播能直接示范这款面油的上脸效果。  （结合语境分析：用户用调侃口吻表达对产品的兴趣，且前文多次出现""油霜""关键词，说明直播间正在讲解油类护肤品，用户可能想通过直观展示确认产品质地或使用感受。）"
weixue0806,美容护肤,21天精华怎么用?,1,该用户想询问21天精华产品的具体使用方法和步骤。
weixue0806,美容护肤,准备好啦[比心][比心][比心],0,"该用户想表达的含义是：已经做好下单准备，对产品表现出积极期待。  （结合前文弹幕中频繁出现的产品咨询和购买意向，如""已拍1号""""10号该咋用以抢""，可推断用户通过表情符号传递兴奋和明确的购买倾向，可能是对主播提到的某款产品表示响应。）"
weixue0806,美容护肤,1号.3号区别是,1,该用户想询问1号和3号产品在功能或特性上的具体差异。
weixue0806,美容护肤,会爆痘吗,1,该用户是在询问产品使用后是否可能引发痘痘问题，表达了对护肤品成分安全性的顾虑。
weixue0806,美容护肤,有用吗,1,该用户想询问产品的实际效果或功能性是否可靠。
weixue0806,美容护肤,法令纹用哪个精华好?,1,该用户是在咨询针对法令纹问题的护肤品推荐，表现出对特定功效产品的购买意向和需求。
weixue0806,美容护肤,可以去痘印吗,1,该用户想询问该产品是否具有淡化痘印的功效。
weixue0806,美容护肤,面霜面霜面霜面霜面霜面霜面霜面霜面霜面霜面霜面霜面霜面霜面霜面霜面霜,1,该用户可能在强烈关注或催促主播详细介绍当前讨论的面霜产品，表达急切想了解产品信息或希望主播重点讲解的意愿。
weixue0806,美容护肤,男人可以用吗?男人可以用吗?????,1,该用户想表达的含义是：询问这款产品是否适合男性使用，并表现出较强的迫切性和重复确认的需求。
weixue0806,美容护肤,屏障受损有痘印可以用嘛,1,该用户想询问这款产品是否适合皮肤屏障受损且有痘印的肤质使用。
weixue0806,美容护肤,韦雪上点水光霜[比心][比心][比心],1,该用户是在催促主播推荐或上架水光霜产品，并表现出强烈的兴趣和期待。
weixue0806,美容护肤,宝宝这些面膜哪个抗衰最牛逼/,1,该用户是在询问主播哪款面膜的抗衰老效果最好，表现出明确的购买意向和产品功效需求。
weixue0806,美容护肤,脸上有皱纹[流泪][流泪][流泪][流泪][流泪],0,该用户可能在表达对自己面部皱纹问题的焦虑，并暗示对直播间推荐的相关抗皱产品有潜在需求。
weixue0806,美容护肤,你的嘴该去do了有点走形了,0,该用户可能是在以调侃或吐槽的方式表达对主播外貌的关注，而非对产品的购买兴趣。
weixue0806,美容护肤,没有斑祛斑面膜能用吗,1,该用户想询问这款祛斑面膜是否适合没有明显色斑的人使用，可能是出于预防或提亮肤色的需求。
weixue0806,美容护肤,"已拍,准备用好二次复购",0,该用户想表达的含义是：已经下单购买产品，并打算使用后再次回购。  （结合前文弹幕语境，用户群体对产品功效、适用性等有较多疑问，而该用户直接表明购买行为，并透露出对产品的信任和复购意愿，显示出较强的消费决策和品牌忠诚度。）
weixue0806,美容护肤,韩束没有用过,0,该用户可能是在表达对产品效果的疑虑，暗示自己因缺乏使用经验而对购买持观望态度。
weixue0806,美容护肤,大师面膜怎么样,1,该用户想询问大师面膜的功效和使用效果，以评估是否值得购买。
weixue0806,美容护肤,大师什么上,0,该用户是在询问主播“大师系列的产品什么时候会上架售卖”。  （结合前文语境，“大师面膜”被提及，且弹幕整体围绕产品功能、使用效果及购买意向展开，用户提问的“上”更可能是催促上架而非单纯询问产品信息。）
weixue0806,美容护肤,大师面膜有活动吗,1,"该用户是在询问大师面膜是否有促销优惠，表现出明确的购买意向和价格敏感度。  （解析：结合前文弹幕中反复出现的产品功能咨询（如""抗衰""""祛痘印""）和促销相关催促（如""上点水光霜""），且目标弹幕直接聚焦""活动""这一消费决策关键因素，可推断用户已对产品产生兴趣，正通过价格优惠信息推动购买行为。）"
weixue0806,美容护肤,你口红有链接吗,1,该用户是在询问主播推荐的口红产品是否有购买链接，表现出明确的购买意向和行动需求。
weixue0806,美容护肤,"已拍,教一下用法,谢谢",1,该用户已下单购买产品，希望主播详细讲解产品的使用方法以便正确使用。
weixue0806,美容护肤,我用完面膜可以用精华吗,1,该用户想表达的含义是：询问面膜和精华的使用顺序是否合理，暗示对产品搭配效果感兴趣并可能产生购买意向。  （结合前文弹幕中频繁出现的产品功能咨询、用法提问及已下单用户的互动，可推断该用户处于深度了解产品组合使用方式的阶段，属于高意向潜在消费者。）
weixue0806,美容护肤,面膜和精华怎么用,1,该用户想询问面膜和精华的使用顺序或搭配方法。
weixue0806,美容护肤,美白面膜用完要洗吗,1,该用户想询问美白面膜使用后是否需要清洗，以确认正确的护肤步骤。
weixue0806,美容护肤,可以祛痘印吗,1,该用户想询问直播推荐的产品是否具有淡化痘印的功效。
weixue0806,美容护肤,油性可以用吗,1,该用户想询问产品是否适合油性肤质使用。
weixue0806,美容护肤,有丰唇的唇膏吗?,1,该用户可能在询问直播间是否有能够使嘴唇看起来更丰满的唇膏产品。
weixue0806,美容护肤,多久有效啊,1,该用户是在询问产品的保质期或使用后的效果持续时间。
weixue0806,美容护肤,有运费险,0,该用户可能是想确认购买后若商品不合适是否能免费退换，以此降低决策风险。
weixue0806,美容护肤,精华是分开发吗,1,该用户是在询问面膜和精华液是否需要分开步骤使用，或是否可以同时使用。
weixue0806,美容护肤,好多粉丝哟,0,该用户可能是在感叹直播间人气旺盛，侧面表达对主播或产品的认可与关注。
weixue0806,美容护肤,沐浴露身体乳推荐哪个味道啊啊啊[比心][比心],1,该用户想表达对沐浴露和身体乳香味的强烈兴趣，希望主播推荐具体款式。
weixue0806,美容护肤,这个5片一盒对吗,1,该用户是在确认产品包装规格是否为5片装一盒，表现出对商品细节的关注和潜在的购买意向。
weixue0806,美容护肤,想听气垫,1,该用户想了解主播介绍或展示气垫产品的相关信息。
weixue0806,美容护肤,怎么用姐,0,该用户想询问产品的具体使用方法。
weixue0806,美容护肤,连续敷一个月能看效果吗,1,该用户是在询问持续使用该产品一个月后是否能观察到明显的效果。
weixue0806,美容护肤,"喜欢野路子的来,见效快,零投资",0,该用户想表达的含义是：推荐一种低成本且效果显著的非常规护肤或美妆方法，吸引追求高效实惠的消费者尝试。
weixue0806,美容护肤,相信你而买,0,该用户想表达的含义是：因为信任主播的推荐而决定下单购买。
weixue0806,美容护肤,这里面的精华怎么用,1,该用户想询问产品中精华的具体使用方法和步骤。
weixue0806,美容护肤,没有斑可以用吗,1,该用户是在询问产品是否适合没有色斑的肌肤使用。
weixue0806,美容护肤,梅没有了,1,该用户想表达的含义是：商品（可能指美白面膜或其他美白产品）已经售罄了。
weixue0806,美容护肤,孕妇可用不,1,该用户是在询问直播中推荐的产品是否适合孕妇使用，以评估自身购买的安全性。
weixue0806,美容护肤,真的假的啊!?!?!?!,0,该用户可能对主播宣传的产品效果或优惠信息表示惊讶和怀疑，想确认真实性。
weixue0806,美容护肤,胶原蛋白灌注有吗,1,该用户是在询问直播间是否有售卖胶原蛋白灌注类的护肤产品。
weixue0806,美容护肤,"刚来,讲一下使用方法",1,该用户希望主播详细介绍当前展示产品的具体使用步骤和注意事项。
weixue0806,美容护肤,刺激不,0,该用户可能在询问直播内容或产品效果是否足够吸引人或令人兴奋。
weixue0806,美容护肤,用完洗吗,1,该用户想询问产品使用后是否需要清洗。
weixue0806,美容护肤,敏肌能用吗,1,该用户是在询问该产品是否适合敏感肌肤使用。
weixue0806,美容护肤,睫毛增长液,1,该用户可能是在询问是否有睫毛增长液这款产品，或是想了解其使用效果和安全性。
weixue0806,美容护肤,相信韦姐,0,该用户想表达的是对主播韦姐的信任和支持，暗示愿意相信她的推荐并考虑购买产品。
weixue0806,美容护肤,你手好好看,0,该用户可能是在夸赞主播的手部状态或饰品，暗示对主播展示的产品（如手部护理品或首饰）产生了兴趣或好感。
weixue0806,美容护肤,这咋用,0,该用户想询问产品的具体使用方法或操作步骤。
weixue0806,美容护肤,粉底液哪一款?,1,该用户想询问主播推荐适合自己使用的粉底液产品。
weixue0806,美容护肤,"姐姐,你困不困",0,该用户可能在关心主播的状态，试图通过亲切的互动拉近距离，为后续的购物咨询或情感联结做铺垫。
weixue0806,美容护肤,推荐干皮用的水乳,1,该用户想表达的含义是：希望主播推荐适合干性皮肤使用的水乳产品。
weixue0806,美容护肤,水乳有推荐吗,1,该用户是在询问主播能否推荐适合自己使用的水乳产品。
weixue0806,美容护肤,每天早上敷可以吗,1,该用户是在询问产品是否适合在早晨使用，可能对产品的使用频率或时间有疑虑。
weixue0806,美容护肤,你的耳钉好漂亮,1,该用户可能是在夸赞主播的饰品并暗示对同款商品的兴趣。
weixue0806,美容护肤,衣服哪买的呀,1,该用户想表达的含义是：询问主播身上衣服的购买渠道，可能对同款商品产生了兴趣。
weixue0806,美容护肤,雪赚惨了,0,该用户可能在调侃或感叹产品效果惊人，暗示自己“亏大了”或“被种草了”。
weixue0806,美容护肤,用过之前韩束的美白精华一个月真的变白了,0,该用户想表达的含义是：认可产品的美白效果并分享个人使用体验，以此间接推荐或肯定该产品。
weixue0806,美容护肤,能去斑?,1,该用户想询问这款产品是否具有淡化色斑的功效。
weixue0806,美容护肤,要面霜面霜面霜面霜面霜面霜面霜面霜,1,"该用户急切地想要主播重点介绍或推荐面霜产品。  （释义依据：连续重复关键词""面霜""体现强烈需求，结合前文弹幕中高频出现产品咨询类内容（如""水乳有推荐吗""""粉底液哪一款""），可判断直播间氛围以实用问答为主，用户通过密集重复关键词引起主播注意，属于典型购买意向表达方式。）"
weixue0806,美容护肤,胶原蛋白灌注有吗?,1,该用户是在询问直播间是否有售卖胶原蛋白灌注产品。
weixue0806,美容护肤,胶原蛋白灌注面膜有么?,1,该用户是在询问直播间是否有售卖胶原蛋白灌注面膜这款产品。
weixue0806,美容护肤,会闷痘么,1,该用户是在询问这款产品是否容易导致毛孔堵塞引发痘痘。
weixue0806,美容护肤,面膜哺乳期能用吗,1,该用户想询问这款面膜是否适合在哺乳期间使用，可能存在安全顾虑或希望确认产品适用性。
weixue0806,美容护肤,9999999999号9999999999号9999999999号,0,该用户可能在急切询问或强调某个特定商品编号（如9999999999号产品）的详细信息或库存情况。
weixue0806,美容护肤,补水保湿美白用那个面膜,1,该用户想询问主播推荐一款兼具补水、保湿和美白功效的面膜产品。
weixue0806,美容护肤,祛斑效果行吗,1,该用户想询问这款产品是否真能有效淡化色斑。
weixue0806,美容护肤,晒斑能去吗,1,该用户是在询问产品是否具有祛除晒斑的功效。
weixue0806,美容护肤,这个和6号有什么区别吗?,1,该用户想询问当前展示的产品与之前提到的6号产品在功能或特性上的具体差异。
weixue0806,美容护肤,我敷脖子可以吗,1,该用户想询问当前推荐的产品是否适合用于颈部护理。
weixue0806,美容护肤,做过祛斑的也可以用么,1,该用户想询问这款产品是否适合曾经进行过祛斑治疗的人群使用。
weixue0806,美容护肤,"买了,期待[爱心]",0,该用户想表达的含义是：已经下单购买产品，并对即将收到的商品充满喜爱和期待。
weixue0806,美容护肤,"油痘肌,水乳有推荐吗",1,该用户想表达的含义是：作为油痘肌肤质，希望主播能推荐适合的水乳产品。
weixue0806,美容护肤,口红也推荐一下,1,该用户想表达的含义是：希望主播能顺便介绍口红的推荐款式或使用心得。
weixue0806,美容护肤,有没有睡面膜,1,该用户是在询问直播间是否有适合睡眠时使用的面膜产品。
weixue0806,美容护肤,相信你,0,该用户想表达的含义是：信任主播的推荐并有意向购买产品。
weixue0806,美容护肤,睡衣好好看,1,该用户被展示的睡衣款式吸引，产生了明显的购买意向。
weixue0806,美容护肤,我脖子黑,0,该用户可能是在询问直播中推荐的美白产品是否适用于改善颈部肤色暗沉的问题。
weixue0806,美容护肤,祛斑效果咋样,1,该用户想询问该产品对淡化或消除色斑的实际功效如何。
weixue0806,美容护肤,那个胶原蛋白面膜没有吗今天,1,该用户是在询问今天直播间是否没有上架胶原蛋白面膜这款产品。
weixue0806,美容护肤,这款拍了有没有补水的面膜,1,该用户是在询问购买这款面膜是否能起到补水效果。
weixue0806,美容护肤,唇色太深怎么办,0,该用户可能在询问如何改善或遮盖较深的唇色，可能是想寻求口红或其他唇部产品的推荐。
weixue0806,美容护肤,美白面膜后需要洗脸吗,1,该用户是在询问使用美白面膜后的具体护肤步骤，想确认是否需要额外清洁以避免残留或不适。
weixue0806,美容护肤,新疆可以包邮吗,0,该用户想表达的含义是：询问商品是否支持新疆地区的免邮配送服务。
weixue0806,美容护肤,痘肌能用吗?,1,该用户是在询问产品是否适合痘痘肌使用，表达了对产品适用性的具体关切和潜在的购买意向。
weixue0806,美容护肤,"拍了,化妆卡粉起皮敷了有用吗",1,该用户想确认购买的面膜是否能有效解决化妆时卡粉起皮的问题。
weixue0806,美容护肤,"姐姐,困不困",0,该用户可能在关心主播的状态，以此拉近距离或表达对直播的持续关注。
weixue0806,美容护肤,胶原蛋白面膜是哪种?,1,该用户想询问当前直播中提到的胶原蛋白面膜具体是哪一款产品。
weixue0806,美容护肤,精华咋用在斑上涂吗,1,该用户想询问这款精华产品是否适合直接涂抹在斑点部位以达到祛斑效果。
weixue0806,美容护肤,什么样用,0,该用户想询问产品的具体使用方法或适用场景。
weixue0806,美容护肤,粉色衬衣是哪家的,1,该用户想询问直播中展示的粉色衬衫的品牌或购买渠道。
weixue0806,美容护肤,天天敷会不会长痘油肌肤,1,该用户是在询问油性肌肤频繁使用该产品是否会导致长痘问题。
weixue0806,美容护肤,精华和面膜一起用?,1,该用户可能在询问精华和面膜是否可以搭配使用以及具体的使用方法。
weixue0806,美容护肤,不想自油只想你上臉油[捂脸],1,该用户想表达的含义是：不想用自由品牌的产品，只想要主播推荐的上脸油护肤品。
weixue0806,美容护肤,"雪宝,我想买大师面膜,可以讲解一下嘛没有买过",1,"该用户对""大师面膜""产品感兴趣但缺乏了解，希望主播详细介绍产品功效和使用方法以便做出购买决策。"
weixue0806,美容护肤,有学生党用的防晒嘛,1,该用户是在询问直播间是否有适合学生群体消费水平的防晒产品推荐。
weixue0806,美容护肤,晚上敷?,1,该用户可能是在询问晚上使用面膜的注意事项或适用性。
weixue0806,美容护肤,韩束这个什么顺序啊?,1,该用户可能是在询问韩束产品的使用步骤或顺序，比如询问面膜或精华的使用方法。
weixue0806,美容护肤,会反弹吗,1,该用户可能是在询问产品使用后是否会出现效果反复或失效的情况。
weixue0806,美容护肤,"再说一下,洗面奶",1,该用户希望主播再次详细介绍洗面奶的产品信息或使用方式。
weixue0806,美容护肤,这款拍了补水的面膜呢,1,该用户想表达的含义是：询问之前提到的补水面膜是否已经下单购买。  （结合前文语境，用户可能是在确认其他观众提到的“补水面膜”是否已有人购买，或想了解产品效果，隐含对这款面膜的兴趣和潜在购买意向。）
weixue0806,美容护肤,脖子用啥,1,该用户可能是在询问直播中提到的某款护肤品或化妆品适合用于颈部护理。
weixue0806,美容护肤,脖子上带了一个啥?,0,该用户是在询问主播脖子上佩戴的饰品或产品的具体信息。
weixue0806,美容护肤,真的能去斑吗,1,该用户是在询问产品的祛斑效果是否真实可靠。
weixue0806,美容护肤,请问50+用哪款面膜???,1,该用户是在询问适合50岁以上年龄段使用的面膜产品推荐。
weixue0806,美容护肤,不白怎么办,0,该用户担心产品使用后达不到美白效果。
weixue0806,美容护肤,脖子上的项链好漂亮,1,该用户对主播佩戴的项链款式产生了兴趣，暗示想了解产品信息或购买链接。
weixue0806,美容护肤,长痘可以用吗?,1,该用户是在询问该产品是否适合痘痘肌使用，担心使用后可能引发或加重痘痘问题。
weixue0806,美容护肤,精华面膜一起用?,1,该用户是在询问精华和面膜是否可以同时使用，希望主播能给出使用建议或产品搭配指导。
weixue0806,美容护肤,多久有效啊啊啊啊啊啊啊啊啊啊啊啊啊啊啊啊,0,该用户急切询问产品的保质期或使用有效期。
weixue0806,美容护肤,做过祛斑的也能用么,1,该用户是在询问产品是否适合曾经进行过祛斑治疗的人群使用，担心皮肤敏感或效果冲突。
weixue0806,美容护肤,唇起皮用哪个好啊,1,该用户想询问直播间推荐哪款产品适合解决嘴唇起皮的问题。
weixue0806,美容护肤,真的能白吗,1,该用户是在质疑或询问直播中推荐的美白产品是否真的能达到宣传的美白效果。
weixue0806,美容护肤,"下单了,显示5片",0,该用户想表达的含义是：我已经完成购买订单，系统显示商品包含5片装。
weixue0806,美容护肤,男人也白吗?????,0,该用户是在询问产品是否对男性用户同样具有美白效果。
weixue0806,美容护肤,为啥吃彩椒?,0,该用户可能是在询问彩椒的食用功效或适用人群，表达了对产品用途的潜在兴趣。
weixue0806,美容护肤,今天衣服好好看,1,该用户被直播中展示的服装款式吸引，产生了明显的购买意向。
weixue0806,美容护肤,就是的,0,该用户可能是在附和或赞同前面某条关于产品效果的讨论，表示认可或支持他人的观点。
weixue0806,美容护肤,微笑唇大嘴,0,该用户可能在询问主播关于唇部产品的使用效果或推荐，具体关注点可能是“微笑唇”妆容效果或“大嘴”相关的唇部护理问题。
weixue0806,美容护肤,好期待,0,该用户想表达的含义是：对即将展示或介绍的产品感到兴奋和有兴趣购买。
weixue0806,美容护肤,会不会反黑呀,0,该用户是在询问产品是否具有防止肤色暗沉或变黑的效果。
weixue0806,美容护肤,敷完面膜之后就擦精油吗,0,该用户想询问使用面膜后是否可以立即搭配精油护肤，以确认正确的产品使用顺序。
weixue0806,美容护肤,你为啥天天吃这个,0,该用户可能是在好奇主播频繁选择某种产品的原因，并隐含对该产品的兴趣或质疑其效果。
weixue0806,美容护肤,"韦雪,身体乳可以说下吗",1,该用户想询问主播韦雪关于某款身体乳的具体功效或使用体验。
weixue0806,美容护肤,有面膜嘛,1,该用户可能在询问直播间是否有适合自己需求的面膜产品，表现出对当前推荐或展示商品的关注和潜在购买意向。
weixue0806,美容护肤,祛斑用产品,1,该用户想表达的含义是：咨询这款产品是否适合用于祛斑护肤。
weixue0806,美容护肤,宝宝这些面膜哪个抗衰最牛/5555看看我,1,该用户急切地询问主播哪款面膜抗衰老效果最好，并希望得到关注和推荐。
weixue0806,美容护肤,189五张吗,1,该用户是在询问商品的价格是否为一套五张面膜共189元。
weixue0806,美容护肤,这里面精华怎么用,1,该用户可能是在询问产品中精华液的具体使用方法和步骤。
weixue0806,美容护肤,发膜发膜发膜发膜发膜,1,该用户急切地询问或催促主播介绍或上架发膜产品。
weixue0806,美容护肤,早上用还是晚上用,1,该用户可能是在询问产品的使用时间段是否有限制或建议。
weixue0806,美容护肤,脸上红血丝用什么呀,1,该用户想询问直播间是否有适合改善面部红血丝问题的护肤产品推荐。
weixue0806,美容护肤,有防晒嘛[流泪][流泪],1,该用户急切地询问直播间是否有防晒产品，并用流泪表情强调自己的迫切需求，可能是担心错过购买或对现有防晒问题感到焦虑。
weixue0806,美容护肤,能天天敷面膜吗,1,该用户可能是在询问面膜的使用频率是否适合每天使用，担心过度敷面膜对皮肤造成负担或想确认产品是否足够温和适合日常护理。
weixue0806,美容护肤,这款拍了补水面膜上一款雪,1,"该用户想表达的含义是：刚才下单了补水面膜，现在想询问上一款雪（可能是雪系列或其他含""雪""字的产品）的情况。"
weixue0806,美容护肤,补水那种好,1,该用户想询问直播间推荐的护肤品中哪一款的补水效果最好。
weixue0806,美容护肤,怎么瘦啊姐,0,该用户可能在询问主播关于减肥或塑身的方法或产品推荐。
weixue0806,美容护肤,口红哪个色,1,该用户想询问主播推荐哪款口红色号更适合自己或当前展示的产品。
weixue0806,美容护肤,想要面霜,1,该用户表达了对直播中提到的面霜产品有明确的购买意向或进一步了解的需求。
weixue0806,美容护肤,为什么天天直播吃这个,0,该用户可能是在表达对直播内容单一化的疑惑或不满，暗示希望主播能提供更多样化的产品或话题。
weixue0806,美容护肤,小姐姐上水光霜,1,该用户希望主播推荐或展示水光霜产品。
weixue0806,美容护肤,痘痘怎样可以去掉,0,该用户想咨询直播间是否有针对祛痘问题的护肤产品或解决方案。
weixue0806,美容护肤,学生可以用不,1,该用户可能是在询问产品是否适合学生群体使用，关注点在于价格、功能或适用场景是否符合学生需求。
weixue0806,美容护肤,没多久用一次,0,该用户可能在委婉表达对产品使用频率的顾虑，暗示担心购买后利用率不高。
weixue0806,美容护肤,它哭不了[捂脸],0,该用户可能是在调侃或吐槽产品的效果不佳，认为产品“连哭都哭不出来”（即毫无效果或体验感差）。
weixue0806,美容护肤,会不会反黑,1,该用户可能在询问产品是否具有防止肤色暗沉或美白的功效。
weixue0806,美容护肤,美白面膜用完需要洗脸吗,1,该用户想询问美白面膜使用后的清洁步骤，以确认产品是否需要额外冲洗。
weixue0806,美容护肤,说说油,1,该用户想询问主播关于护肤品中“精华油”的具体信息或使用建议。
weixue0806,美容护肤,"看你吃彩椒,感觉好好吃",0,该用户被主播的吃播展示所感染，对彩椒产生了品尝或购买的欲望。
weixue0806,美容护肤,1号链接多少片面膜,1,该用户想询问1号链接商品的面膜具体数量，以评估是否值得购买。
weixue0806,美容护肤,这个这个面膜需要戏洗吗,1,该用户是想询问这款面膜使用后是否需要清洗。
weixue0806,美容护肤,祛斑产品推荐下,1,该用户希望主播能针对祛斑问题推荐合适的美容产品。
weixue0806,美容护肤,脖子上戴的是个啥?,1,该用户可能是在询问主播脖子上佩戴的饰品或展示产品的名称和详情。
weixue0806,美容护肤,你哭一个呗,0,"该用户可能在调侃或起哄，想通过玩笑方式活跃气氛，暗示主播表演""哭""来增加娱乐效果。"
weixue0806,美容护肤,"可以敷脖子吗,我脖子黑",1,该用户是在询问产品是否适用于颈部美白护理的需求。
weixue0806,美容护肤,不用理会这么无聊的话,0,该用户是在表达对某些无关购物讨论的弹幕感到不耐烦，认为应该专注于直播间的产品咨询和购买话题。
weixue0806,美容护肤,贴面膜后要洗脸吗???贴面膜后要洗脸吗???贴面膜后要洗脸吗???,0,该用户急切想知道敷完面膜后是否需要清洗，可能是对产品使用步骤存在疑惑或担心操作不当影响效果。
weixue0806,美容护肤,姐姐推荐一个面膜,1,该用户希望主播根据自身经验或专业建议推荐一款适合的面膜产品。
weixue0806,美容护肤,停用会不会斑更严重,0,该用户担心停用产品后斑点问题可能会加重。
weixue0806,美容护肤,什么口红可以推荐一下吗,1,该用户想表达的含义是：希望主播能根据当前讨论的美妆护肤主题推荐一款适合的口红产品。
weixue0806,美容护肤,"买了,怎么用姐",1,该用户想表达的含义是：已经下单购买了产品，但不知道具体的使用方法想请教主播。
weixue0806,美容护肤,明天发温州后天能到吗,0,该用户是在询问商品（可能是面膜或其他护肤品）的发货时效，关心若明天从温州发货，后天是否能收到货。
weixue0806,美容护肤,怎样去痘痘,1,该用户可能在询问直播间推荐的产品中是否有针对痘痘问题的护肤方案或相关产品使用建议。
weixue0806,美容护肤,精华面膜一起用吗,1,该用户可能是在询问精华液和面膜是否可以同时使用或搭配使用。
weixue0806,美容护肤,法令纹这么去,1,该用户想询问如何有效改善或消除法令纹问题。
weixue0806,美容护肤,"姐推荐款脂溢性皮炎,脸上有痘痘用的产品",1,该用户希望主播推荐适合脂溢性皮炎和痘痘肌使用的护肤产品。
weixue0806,美容护肤,沐浴露推荐那个味道,1,该用户希望主播推荐一款气味好闻的沐浴露产品。
weixue0806,美容护肤,宝宝这些面膜哪个抗衰最牛555看看我/,1,该用户急切希望主播推荐抗衰老效果最好的面膜款式，并请求主播关注自己的提问。
weixue0806,美容护肤,真的去斑吗,1,该用户是在询问直播推荐的产品是否真的具有祛斑效果，表现出对产品功效的明确关注和潜在购买意向。
weixue0806,美容护肤,这个用完多久有效果啊啊啊啊啊啊啊啊啊啊,1,该用户急切想了解产品使用后的见效时间，表现出对产品效果的强烈关注和潜在购买意向。
weixue0806,美容护肤,你哭一个呀,0,该用户可能是在用调侃或起哄的方式试图引起主播的注意或活跃气氛。
weixue0806,美容护肤,推荐防晒呗,1,该用户希望主播能推荐一款适合的防晒产品。
weixue0806,美容护肤,怎么用效果最好,1,该用户想询问产品的具体使用方法以获得最佳效果。
weixue0806,美容护肤,雪推荐的都好好用,0,该用户想表达对主播推荐产品的认可和信任，暗示愿意继续跟随其购物建议。
weixue0806,美容护肤,沟有泪沟用什么,1,该用户想询问针对泪沟问题的推荐产品或解决方法。
weixue0806,美容护肤,怎么精华,1,该用户想询问精华产品的具体使用方法或功效。
weixue0806,美容护肤,现在那些主播卖的什么针扎微有用吗,1,该用户可能是在质疑主播推荐的微针美容产品的实际效果，表达了对这类产品是否值得购买的怀疑态度。
weixue0806,美容护肤,这款拍了还想拍一款补水的[看][看][看],1,该用户想表达的含义是：对当前推荐的产品很满意，还想再购买一款补水功效的同类商品。
weixue0806,美容护肤,胶原蛋白还有吗,1,该用户是在询问直播间是否还有胶原蛋白产品的库存，表现出明确的购买意向。
weixue0806,美容护肤,面膜没了,1,该用户想表达的含义是：面膜已经用完需要补货。
weixue0806,美容护肤,"用的啥睫毛膏,晕不晕染呀[比心]",1,该用户想询问主播推荐的睫毛膏品牌并关心其防晕染效果，表现出对产品的购买兴趣。
weixue0806,美容护肤,沐浴露推荐那个呀,1,该用户是在询问主播推荐哪款沐浴露产品，表现出对当前讨论的个护品类有明确的购买意向。
weixue0806,美容护肤,我就怕长痘痘,0,该用户担心产品使用后可能引发痘痘问题，暗示对产品成分或适用性的顾虑。
weixue0806,美容护肤,法令纹用哪个精华好,1,该用户想咨询针对法令纹问题的精华产品推荐，表现出对解决特定皮肤问题的明确购买意向。
weixue0806,美容护肤,角度……不走形,0,该用户可能是在询问产品（如衣服、饰品或美容仪器）是否能够保持设计效果或使用效果不扭曲变形。
weixue0806,美容护肤,里面的精华液怎么用?,1,该用户想询问产品中精华液的具体使用方法和步骤。
weixue0806,美容护肤,"精华,面膜一起用?",1,该用户想询问将精华和面膜搭配使用的效果或方法。
weixue0806,美容护肤,下单显示5片,1,该用户想表达的含义是：确认商品页面显示的购买数量是否为5片装。
weixue0806,美容护肤,姐姐吃的是什么?,0,该用户想询问主播正在使用的产品名称或品牌信息，可能对同类商品有购买兴趣。
weixue0806,美容护肤,下不了呀,0,该用户想表达的含义是：购买链接无法正常下单或操作失败。
weixue0806,美容护肤,身体美白怎么弄,1,该用户想询问如何通过护肤产品或方法实现身体皮肤的美白效果。
weixue0806,美容护肤,贴面膜后要洗脸吗???,1,该用户想表达的含义是：询问使用面膜后是否需要清洗面部。
weixue0806,美容护肤,这个跟大师面膜有什么区别,1,该用户想表达的含义是：想了解当前产品与另一款知名面膜在功效或使用体验上的具体差异。
weixue0806,美容护肤,油霜油霜油霜油霜油霜油霜油霜油霜油霜油霜油霜,1,该用户可能是在急切询问或反复强调某款“油霜”产品，表达强烈的购买兴趣或希望主播详细介绍该产品。
weixue0806,美容护肤,你的嘴会哭吗[捂脸]?,0,该用户可能是在调侃主播的夸张表达或产品宣传话术，用幽默方式暗示对产品效果的怀疑。
weixue0806,美容护肤,油用了闷痘痘怎么回事儿?,0,该用户可能是担心护肤品中的油性成分会导致皮肤闷痘，想咨询产品的适用性或寻求解决方案。
weixue0806,美容护肤,睡衣有没有链接,1,该用户想表达的含义是：我想购买这件睡衣，请提供商品购买链接。  （结合前文弹幕多为询问产品效果、使用方式及购买相关问题的语境，该用户明确表现出对睡衣的购买意向，核心诉求是获取购买渠道。）
weixue0806,美容护肤,宝宝那个胶原蛋白的面膜今天没有吗,1,该用户是在询问主播今天是否没有上架胶原蛋白面膜这款产品，表现出对特定商品的购买兴趣和关注。
weixue0806,美容护肤,面中凹要打什么比较好,1,该用户想询问针对面部中间凹陷部位应该使用哪款护肤产品来改善。
weixue0806,美容护肤,毛孔大用哪款,1,该用户想询问直播间推荐哪款产品适合改善毛孔粗大的问题。
weixue0806,美容护肤,皮肤好干怎么办女神,0,该用户想表达的含义是：询问主播推荐适合干燥肌肤的护肤产品或解决方法。
weixue0806,美容护肤,胶原蛋白灌注面膜有嘛,1,该用户是在询问直播间是否有售卖胶原蛋白灌注面膜这款产品。
weixue0806,美容护肤,敷完面膜就用精油吗,1,该用户想表达的含义是：询问使用面膜后是否可以直接使用精油进行后续护肤步骤。
weixue0806,美容护肤,"敷完面膜,在涂那个美白精华?",1,该用户是在询问敷完面膜后是否需要接着使用直播间推荐的美白精华产品。
weixue0806,美容护肤,2号讲解一下,1,该用户希望主播详细介绍一下2号产品的功能和特点。
weixue0806,美容护肤,极光四季精华油有没有了,1,该用户是在询问主播“极光四季精华油”这款产品是否还有库存或能否购买。
weixue0806,美容护肤,用了会有红血丝吗,1,该用户是在询问该产品使用后是否会导致皮肤敏感出现红血丝的问题，表现出对产品安全性的顾虑和潜在购买前的细节确认需求。
weixue0806,美容护肤,眼油用哪个,1,该用户想询问主播推荐适合自己使用的眼部精油产品。
weixue0806,美容护肤,小姐姐上水光霜[流泪][流泪][流泪],1,该用户急切希望主播推荐或展示水光霜产品，并用流泪表情表达强烈的渴望或对产品的喜爱。
weixue0806,美容护肤,"雪儿,说下身体乳",1,该用户希望主播“雪儿”详细介绍身体乳产品的功效或使用方法。
weixue0806,美容护肤,"小姐姐,洗面奶说一下,看到很多很便宜的",1,该用户想表达的含义是：主播能否详细介绍这款价格实惠的洗面奶的具体信息。
weixue0806,美容护肤,精华一起敷用吗,1,该用户可能是想询问“这款精华是否可以与其他护肤品同时敷用”。
weixue0806,美容护肤,天天用会不会长痘,1,该用户是在担心产品长期使用可能引发痘痘问题，询问产品的致痘风险。
weixue0806,美容护肤,有痘印用什么哇,1,该用户想咨询针对痘印问题的产品推荐。  （结合前文语境，直播主题偏向护肤产品问答，用户提问模式多为直接询问具体皮肤问题对应的解决方案，因此该弹幕属于典型的求推荐类需求，且隐含对主播专业建议的期待。）
weixue0806,美容护肤,睡衣真好看[比心],1,该用户对展示的睡衣款式产生了兴趣，有意向购买并表达了赞美之情。
weixue0806,美容护肤,说说眼膜吧,1,该用户想表达的含义是：请详细介绍眼膜产品的功效和使用方法。
weixue0806,美容护肤,初中生可以用吗,1,该用户是在询问直播推荐的产品是否适合初中生年龄群体使用。
weixue0806,美容护肤,上面显示只有五片,0,该用户可能是在质疑或提醒商品数量有限，暗示自己对该产品有兴趣或担心抢不到。
weixue0806,美容护肤,送的精华怎么用呢,1,该用户想询问赠品精华的使用方法，可能对产品产生了兴趣并希望了解具体操作步骤。
weixue0806,美容护肤,敷完要洗脸吗?,1,该用户是在询问使用产品后的具体护肤步骤是否需要洗脸。
weixue0806,美容护肤,轮廓霜介绍下雪姐,1,该用户希望主播“雪姐”详细介绍轮廓霜产品的功能或使用方法。
weixue0806,美容护肤,毫无购买的人不要讲话,0,该用户可能是在表达：“无关人员别刷屏干扰购物咨询。”  （隐含动机：认为当前弹幕中有人闲聊或提问与产品无关的内容，影响了真正想购买用户的咨询效率，试图维护直播间讨论的针对性。）
weixue0806,美容护肤,下单只有5片,0,该用户可能在质疑或提醒主播当前商品的下单规格（数量较少），暗示希望有更多片装选项或对现有库存表示担忧。
weixue0806,美容护肤,一共几片?,1,该用户是在询问当前促销商品的实际包装数量是否只有五片。
weixue0806,美容护肤,"雪儿,熊猫针去哪里打比较好",0,该用户是在询问主播推荐注射熊猫针（一种医美项目）的靠谱医疗机构或场所。
weixue0806,美容护肤,能补水吗,1,该用户想询问产品是否具有保湿功效。
weixue0806,美容护肤,今天敷面膜不会过度水合吗?,1,该用户可能是在询问面膜的使用频率是否会导致皮肤水分过剩的问题，表现出对产品安全性和使用方法的关注。
weixue0806,美容护肤,上嘴有点凸,0,该用户可能是在试用或观察主播展示的唇部产品后，感觉涂抹后唇形显得不够自然或外翻。
weixue0806,美容护肤,先用哪个,1,该用户可能在询问主播推荐的使用顺序，比如针对刚介绍的多款护肤品或化妆品中优先选择哪一款开始使用。
weixue0806,美容护肤,"分文不掏,就来点菜[我想静静]",0,该用户是在调侃自己光看直播询问产品却不打算花钱购买，带有自嘲和凑热闹的意味。
weixue0806,美容护肤,韩束的面膜院线有日本那边的技术,0,该用户想表达的含义是：韩束面膜采用了来自日本的先进技术，品质有保障。
weixue0806,美容护肤,敷多长时间就可以见效,1,该用户想了解产品使用后需要多久才能看到效果，表现出对产品功效的关注和潜在购买意向。
weixue0806,美容护肤,先用精华液还是先敷面膜,1,该用户是在询问护肤步骤的先后顺序，表现出对产品使用方法的实际关注和潜在的购买意向。
weixue0806,美容护肤,面膜敷完要洗脸吗,1,该用户是在询问使用面膜后的清洁步骤，表现出对产品使用方法的关注和潜在的购买顾虑。
weixue0806,美容护肤,上次买的防晒的挺不错的[比心],1,该用户是在正面反馈之前购买的产品体验良好，间接表达了对主播推荐商品的信任和认可。
weixue0806,美容护肤,"用的啥睫毛膏,晕不晕染[比心]",1,该用户是在询问主播推荐的睫毛膏品牌以及产品的防晕染效果，表现出对这款美妆产品的购买兴趣和试用顾虑。
weixue0806,美容护肤,轮廓霜,1,该用户希望主播详细介绍轮廓霜产品的功效或使用方法。
weixue0806,美容护肤,"15号,是啥样的",1,该用户是在询问15号产品的具体外观或功能特点。
weixue0806,美容护肤,之前的那个面膜呢,1,该用户是在询问之前直播中提到的某款面膜产品为何没有继续展示或售卖。
weixue0806,美容护肤,毛孔粗大可以用哪个,1,该用户想表达的含义是：询问直播间推荐哪款产品适合改善毛孔粗大的问题。  （结合前文语境，直播主题可能涉及护肤品推荐，用户基于自身需求主动寻求产品建议，表现出明确的购买意向。）
weixue0806,美容护肤,精华.面膜一起用?,1,该用户是在询问精华液和面膜的使用顺序以及是否可以搭配使用。
weixue0806,美容护肤,姐姐眼睛用的是睫毛膏还是假睫毛,0,该用户是在询问主播使用的眼部妆容产品，想了解具体是睫毛膏还是假睫毛以便参考购买。
weixue0806,美容护肤,自用面膜推荐一下雪,1,该用户想表达的含义是：请主播推荐适合自用的面膜产品，并询问是否有“雪”系列的面膜可选。
weixue0806,美容护肤,拍两单,0,该用户想表达的是打算购买两份同样的商品。
weixue0806,美容护肤,医美微笑唇[捂脸],0,该用户可能是对“医美微笑唇”的效果感到惊讶或调侃，同时用表情符号表达了一种哭笑不得的复杂态度。
weixue0806,美容护肤,3号链接,1,该用户想询问或确认3号链接对应的具体产品信息或购买方式。
weixue0806,美容护肤,这个需要清洗吗,1,用户可能在询问商品使用前是否需要额外的清洁步骤。
weixue0806,美容护肤,1号和3号有啥区别?,1,该用户想询问1号和3号产品之间的具体差异或对比特点。
weixue0806,美容护肤,眼睛真好看,0,该用户是在夸赞主播的睫毛或眼妆效果，可能想进一步询问使用的产品或化妆技巧。
weixue0806,美容护肤,9介绍一下,1,该用户希望主播详细讲解当前展示的9号产品信息。
weixue0806,美容护肤,只有5片,0,该用户可能是在质疑或感叹产品的数量太少，认为只有5片面膜的包装不够实惠或满足需求。
weixue0806,美容护肤,用什么嘴唇润润的,1,该用户是在询问主播使用的哪款润唇产品能让嘴唇保持滋润。
weixue0806,美容护肤,"姐姐,全身这么白怎么做到的[愉快]",0,该用户是在询问主播的美白护肤方法，并隐含对相关产品的兴趣。
weixue0806,美容护肤,身上穿的helloKitty是睡衣还是衬衫?,1,该用户想询问主播身上穿的helloKitty款式服装的具体类别和穿着场景。
weixue0806,美容护肤,眼部怎么保养的呀,0,该用户想询问主播关于眼部护理的具体方法和产品推荐。
weixue0806,美容护肤,衬衣有链接吗,1,该用户想表达的含义是：询问主播身上穿的衬衫是否有购买链接。
weixue0806,美容护肤,含香精吗姐姐,1,该用户是在询问产品成分中是否含有香精，表现出对产品安全性的关注和潜在的购买意向。
weixue0806,美容护肤,人家都是猪呱呱在送的,0,该用户可能是在调侃或羡慕其他观众频繁获得赠品或福利，暗示自己也想参与活动或得到类似优惠。
weixue0806,美容护肤,那其它面膜可以穿插用吗,1,该用户是在询问当前推荐的面膜是否可以与其他品牌或类型的面膜交替使用。
weixue0806,美容护肤,产后脱发怎么办[捂脸],0,"该用户想表达的含义是：询问解决产后脱发问题的产品推荐并流露出困扰情绪。  （分析依据：结合直播间美妆个护类产品讨论语境，""怎么办""指向解决方案需求，[捂脸]表情强化了问题带来的焦虑感，与前文关于护肤/护发问题的咨询风格一致）"
weixue0806,美容护肤,精华液怎么用?,1,该用户想询问精华液的使用方法和步骤，可能是对产品功效感兴趣并考虑购买。
weixue0806,美容护肤,有沐浴露吗?,1,该用户可能在询问直播间是否有售卖沐浴露产品。
weixue0806,美容护肤,下单显示就是5片咋回事,0,该用户对商品详情页显示的面膜片数有疑问，想确认实际发货数量是否与描述一致。
weixue0806,美容护肤,几天敷一次呢,1,该用户是在询问产品的使用频率，想了解这款面膜建议每隔几天敷一次以达到最佳效果。
weixue0806,美容护肤,这个跟大师面膜有什么区别、这个跟大师面膜有什么区别、这个跟大师面膜有什么区别,1,该用户想表达的含义是：想了解当前产品与“大师面膜”在功效或成分上的具体差异。
weixue0806,美容护肤,推荐干皮用的水乳推荐干皮用的水乳推荐干皮用的水乳,1,该用户迫切希望主播能针对干性皮肤推荐合适的水乳产品，可能因多次询问未得到回应或急需购买建议而重复发送以引起注意。
weixue0806,美容护肤,明白精华怎么用,1,该用户想询问精华液的具体使用方法和步骤。
weixue0806,美容护肤,晚上用还要洗脸吗,1,该用户可能在询问晚间使用该产品后是否需要进行额外的清洁步骤。
weixue0806,美容护肤,"拍了,怎么用",1,该用户想表达的含义是：已经下单购买了产品，但不知道具体的使用方法。
weixue0806,美容护肤,"好的呢雪[比心][比心]已拍,你真是我的神[比心]",0,该用户想表达的含义是：已经下单购买产品，并对主播表示高度赞赏和喜爱。
weixue0806,美容护肤,说加上了的是kk吗?,0,该用户可能在确认主播或工作人员“kk”是否已帮自己添加了商品到购物车或完成某项操作。
weixue0806,美容护肤,手肘黑腋下黑怎么办,0,该用户想表达的含义是：咨询如何改善手肘和腋下肤色暗沉的问题，可能对相关美白或护理产品感兴趣。
weixue0806,美容护肤,显示5片,0,该用户可能在询问或确认产品详情页/购物车中显示的面膜数量是否为5片装。
weixue0806,美容护肤,"化妆卡粉起皮要用什么,化妆卡粉起皮要用什么?化妆卡粉起皮要用什么?化妆卡粉起皮要用什么",1,该用户急切想寻求解决化妆卡粉起皮问题的产品推荐，可能因多次提问未获回应而重复发送以引起主播注意。
weixue0806,美容护肤,极光四季精华油你有没有了,1,该用户是在询问主播“极光四季精华油”这款产品是否还有库存或能否购买。
weixue0806,美容护肤,防晒推荐哪款?,1,该用户想表达的含义是：希望主播推荐适合自己需求的防晒产品。
weixue0806,美容护肤,哪个去斑,1,该用户是在询问直播间推荐哪款产品可以有效祛斑。
weixue0806,美容护肤,姐姐3号面膜呢,1,该用户想表达的含义是：询问主播之前提到的3号面膜产品为何没有出现在当前讲解或销售列表中。
weixue0806,美容护肤,怎么防晒,0,该用户想表达的含义是：询问主播推荐适合自己使用的防晒产品或咨询防晒相关的使用建议。  （结合前文弹幕中频繁出现的护肤咨询和产品推荐需求，尤其是类似“防晒推荐哪款？”的直接提问，可推断用户是在直播互动中主动寻求防晒品类的购买指导或知识解答。）
weixue0806,美容护肤,精华和面膜一起用嘛,1,该用户想询问精华和面膜是否可以搭配使用以获得更好的护肤效果。
weixue0806,美容护肤,你的头发好多啊,0,该用户可能是在夸赞主播的发量，暗示对主播推荐的美发或护发产品产生兴趣。
weixue0806,美容护肤,有没有防晒推荐,1,该用户想表达的含义是：希望主播能针对防晒产品给出具体的推荐建议。
weixue0806,美容护肤,一单就可以变白吗,1,该用户是在询问产品的美白效果是否只需购买一次就能见效，隐含对产品功效的期待和潜在的购买意愿。
weixue0806,美容护肤,那个油擦完之后还用涂霜吗,1,该用户想确认使用精华油后是否需要叠加面霜步骤，表现出对产品使用方法的实际需求和购买后的潜在操作顾虑。
weixue0806,美容护肤,有脱毛的吗?,1,该用户可能在询问直播间是否有脱毛相关的产品或解决方案，表达了对脱毛需求的兴趣。
weixue0806,美容护肤,"好多打你的牌子的仿冒的,前两天就买到了",0,该用户可能是在质疑直播间产品的正品可靠性，暗示之前购买过仿冒品并对商家信誉产生疑虑。
weixue0806,美容护肤,黑头粉刺毛孔粗大怎么办,0,该用户想表达的含义是：询问针对皮肤问题的解决方案并暗示对相关产品的潜在购买兴趣。
weixue0806,美容护肤,防晒推荐,1,该用户是在主动寻求直播间推荐适合的防晒产品，表现出明确的购买意向和需求。
weixue0806,美容护肤,精华涂了再用面膜吗防晒霜戴帽子可以防晒,1,该用户可能在询问护肤步骤的先后顺序，即“是否应该先涂精华再敷面膜”，并补充咨询“涂抹防晒霜后戴帽子是否能增强防晒效果”。
weixue0806,美容护肤,白天用的有吗,1,该用户可能在询问直播间推荐的产品是否有适合白天使用的款式或类型。
weixue0806,美容护肤,姐姐眼睫毛是啥[爱心][爱心][爱心][爱心][爱心][爱心],0,该用户想询问主播使用的睫毛产品具体是哪款，并表达了对主播妆容的喜爱和强烈兴趣。
weixue0806,美容护肤,黑头用什么,1,该用户想询问直播间是否有推荐用于改善黑头问题的产品。
weixue0806,美容护肤,送的美白精华怎么用,1,该用户可能是在询问赠品美白精华的使用方法，同时暗示对产品效果感兴趣或考虑购买。
weixue0806,美容护肤,雪姐姐你不做带货主播也可以做吃播[比心]感觉一样受欢迎[捂脸],0,该用户是在以调侃的方式夸赞主播的个人魅力，暗示其无论带货还是吃播都能吸引观众，但并未直接表达对当前销售产品的购买意向。
weixue0806,美容护肤,之前卖的那款面膜不卖了吗之前用了那款很好用,1,该用户想表达的含义是：询问主播之前推荐过的某款面膜是否还会上架，并表达了对该产品的认可和回购意愿。
weixue0806,美容护肤,有没有水肌面霜,1,该用户是在询问直播间是否售卖某款特定护肤品（水肌面霜），表现出明确的购买意向和产品需求。
weixue0806,美容护肤,怎么瘦的?,0,该用户可能是在询问主播分享的瘦身方法或产品推荐。
weixue0806,美容护肤,"我试着走你走过的路,我发现我放弃了[捂脸]",0,该用户可能在委婉表达对主播推荐产品的使用效果感到失望，暗示自己尝试后未能达到预期效果。
weixue0806,美容护肤,推荐防晒,1,该用户希望主播能详细介绍或直接推荐一款适合的防晒产品。
weixue0806,美容护肤,不能紧致吗?,0,该用户可能在询问产品是否具备紧致肌肤的功效。
weixue0806,美容护肤,这么用呀,0,该用户想询问产品的具体使用方法或操作步骤。
weixue0806,美容护肤,你是卖彩椒吗?天天吃,0,该用户可能在询问主播是否售卖彩椒，并暗示自己经常食用这类产品，有潜在的购买需求。
weixue0806,美容护肤,姐姐身体美白,0,该用户可能在询问主播推荐的身体美白产品或方法，表现出对改善肤色问题的兴趣。
weixue0806,美容护肤,吃的啥阿,0,该用户可能是对主播正在展示或食用的产品产生了兴趣，想询问具体是什么食物或商品。
weixue0806,美容护肤,有防晒推荐嘛,1,该用户是在询问主播是否有值得推荐的防晒产品，表现出对购买防晒用品的潜在兴趣。
weixue0806,美容护肤,雪啊你真是我的神[比心],0,该用户是在热情赞美主播并表达对其的高度喜爱和支持。
weixue0806,美容护肤,推荐干皮用的水乳推荐干皮用的水乳,1,该用户迫切想寻找适合干性皮肤的水乳产品推荐，表现出明确的购买需求和护肤诉求。
weixue0806,美容护肤,好潇洒,0,该用户可能在夸赞主播的举止或风格很有魅力，流露出对主播个人表现的欣赏而非直接购买意向。
weixue0806,美容护肤,哈哈哈哈哈很对,0,该用户可能在附和主播的某个观点或玩笑，表示强烈的认同和愉悦情绪。
weixue0806,美容护肤,吃彩椒有什么用,0,该用户可能是对彩椒的功效或食用价值感到好奇，想了解其具体作用或好处。
weixue0806,美容护肤,微笑唇都哭不了[捂脸],0,该用户是在调侃主播的“微笑唇”妆容效果过于持久，连假装哭泣时都无法改变唇形，以此表达对产品效果的惊叹或幽默吐槽。
weixue0806,美容护肤,吃的彩椒有链接吗,1,该用户是在询问直播中提到的彩椒产品是否有购买链接，表现出对商品的兴趣和购买意向。
weixue0806,美容护肤,皮肤干起皮痒用什么,1,该用户想询问适合解决皮肤干燥、起皮和发痒问题的护肤品推荐。
weixue0806,美容护肤,红血丝可用吗,1,该用户是在询问直播中推荐的产品是否适合红血丝肌肤使用，表达了对该产品的潜在购买兴趣和适用性关注。
weixue0806,美容护肤,"长痘,有痘印,能用吗?",1,该用户想询问这款产品是否适合痘痘肌和痘印肌肤使用，表达了对产品功效的针对性需求。
weixue0806,美容护肤,耳环好好看,1,该用户被展示的耳环款式吸引，暗示有潜在的购买意向。
weixue0806,美容护肤,水光霜[捂脸][捂脸][捂脸][捂脸][捂脸][捂脸][捂脸][捂脸][捂脸][捂脸],1,该用户可能是被水光霜的效果或价格震惊到，用连续的表情符号表达一种哭笑不得的复杂情绪，既觉得产品吸引人又有些犹豫不决。
weixue0806,美容护肤,里面精华液怎么用,1,该用户想询问直播中提到的精华液的具体使用方法，可能对产品功效感兴趣并考虑购买。
weixue0806,美容护肤,怎么用拍了,1,该用户想询问“拍了（商品）之后该怎么使用”。
weixue0806,美容护肤,现实到手5片,0,该用户想确认直播中展示的商品实际到手数量是否为5件/片。
weixue0806,美容护肤,"面霜讲下,可以吗",1,该用户希望主播详细介绍面霜的产品信息或使用效果。
weixue0806,美容护肤,防晒几个小时抹一次防晒几个小时抹一次,1,该用户想询问防晒产品的补涂频率，表现出对防晒使用方法的实际需求和购买兴趣。
weixue0806,美容护肤,你的眼睛好漂亮,0,该用户可能在夸赞主播的外貌以表达好感，但并未直接表现出对商品的购买兴趣。
weixue0806,美容护肤,美白精华用在面膜之前吗,1,该用户想咨询美白精华的使用顺序是否应在敷面膜之前，表现出对产品具体使用方法的关注和潜在的购买意向。
weixue0806,美容护肤,补水面膜哪款,1,该用户想询问直播间是否有适合补水的面膜产品推荐。
weixue0806,美容护肤,你怎么那么瘦?,0,该用户可能在委婉询问主播是否使用了直播间推荐的产品或减肥方法。
weixue0806,美容护肤,"45岁,眼膜哪个合适",1,该用户是在询问适合自己年龄段的眼膜产品推荐，表现出明确的购买意向和需求。
weixue0806,美容护肤,主播这个面膜用完需要洗脸吗,1,该用户想询问面膜使用后的清洁步骤，表现出对产品具体使用方法的关注和潜在的购买意向。
weixue0806,美容护肤,你说的四月份上美白面膜是这款吗?,1,该用户是在确认主播之前提到的四月份即将上市的美白面膜是否就是当前展示的这款产品。
weixue0806,美容护肤,天天直播咯吱咯吱吃这个,0,该用户想表达的含义是：主播每天都在直播推销这款零食，看起来吃得很香。
weixue0806,美容护肤,"怎么用,一号链接",1,该用户想询问产品使用方法并确认购买链接是否为直播中标注的“一号链接”。
weixue0806,美容护肤,一晚上可以赚几百万哟,0,该用户可能在调侃主播的高收入或直播带货的暴利，暗示对直播盈利模式的夸张想象。
weixue0806,美容护肤,想要油,1,"该用户想表达的含义是：对直播中提到的某款护肤油产品产生了购买意愿。  （结合前文弹幕多为护肤品类咨询和互动，""想要油""的简洁表达符合直播间快速提问风格，且语境中已频繁出现面霜、精华等护肤相关讨论，可推断""油""指向具体商品。）"
weixue0806,美容护肤,防晒求推荐,1,该用户希望主播能针对防晒产品给出具体的选购建议或推荐适合自己需求的产品。
weixue0806,美容护肤,"雪,眼油怎么用?",1,该用户是在询问主播展示的“眼油”产品的具体使用方法，表现出对产品的功能和使用细节的关注。
weixue0806,美容护肤,显示5,0,该用户可能是在询问产品实际到手数量是否为5件/片。
weixue0806,美容护肤,"对,下单显示5片",0,该用户想确认购买时商品详情页显示的实际发货数量是否为5片。
weixue0806,美容护肤,你现在吃的能买吗[捂脸],1,该用户是在询问主播正在吃的商品是否可以在直播间购买，并附带了调侃或羡慕的情绪。
weixue0806,美容护肤,吃啥?,0,该用户可能在询问主播正在展示或食用的产品是否可以购买或适合自己食用。
weixue0806,美容护肤,那有防晒卖嘛,1,该用户是在询问直播间是否有防晒产品售卖，表现出对防晒类商品的购买兴趣。
weixue0806,美容护肤,"那推荐一款防晒呗,偏干皮",1,该用户希望主播根据干性皮肤的特点推荐一款适合的防晒产品。
weixue0806,美容护肤,期待效果[爱心],0,该用户对主播推荐的产品效果抱有积极期待，并表现出潜在购买意向。
weixue0806,美容护肤,防晒几个小时抹一次,1,该用户想询问防晒产品的补涂频率，可能对当前推荐的防晒产品有购买意向。
weixue0806,美容护肤,油敷面膜讲讲[比心][比心][比心],1,该用户想表达的含义是：希望主播详细介绍油敷面膜的使用方法和产品特点。
weixue0806,美容护肤,6号链接的面膜是不是不用洗,1,该用户是在询问6号商品的面膜是否属于免洗类型，表现出对产品使用方式的明确购买顾虑。
weixue0806,美容护肤,"卖,那么多单,我的天",0,该用户惊讶于商品销量之高，间接表现出对产品的兴趣和认可。
weixue0806,美容护肤,我拍的也显示5片,0,该用户想表达的含义是：确认自己下单时商品详情页显示的片数与其他人一致。
weixue0806,美容护肤,到底几片?,1,该用户是在询问商品详情中提到的面膜具体包含几片装。
weixue0806,美容护肤,下睫毛是贴的还是刷出来的呀,0,该用户是在询问主播展示的下睫毛效果是通过粘贴假睫毛还是使用睫毛膏实现的，表现出对化妆技巧或产品的兴趣。
weixue0806,美容护肤,小姐姐上水光霜[捂脸][捂脸][捂脸][捂脸],1,该用户可能是急切地催促主播展示或讲解水光霜产品，并用表情符号表达兴奋或期待的情绪。
weixue0806,美容护肤,拍了大师发令纹太头疼了,0,该用户想表达的含义是：下单购买了祛皱产品但使用后对法令纹效果不满意，感到困扰。
weixue0806,美容护肤,有没有好用的粉底液推荐呢,1,该用户想表达的含义是：希望主播能针对自己的需求推荐一款适合的粉底液产品。
weixue0806,美容护肤,"对,我拍也是5片",0,该用户想表达的含义是：确认自己下单时也看到商品显示为5片装。
weixue0806,美容护肤,有什么防晒推荐,1,该用户想表达的含义是：希望主播能针对当前直播间的产品推荐一款合适的防晒用品。
weixue0806,美容护肤,有脱毛的嘛?有小胡子,1,该用户是在询问直播间是否有脱毛产品或针对小胡子的解决方案。
weixue0806,美容护肤,买了眼油,0,该用户想表达的含义是：我已经下单购买了刚才提到的眼油产品。
weixue0806,美容护肤,我拍的时候也是这样的,0,该用户想表达的含义是：确认自己购买的商品规格与主播描述的一致（也是5片装）。
weixue0806,美容护肤,已经下单了,0,该用户想表达的含义是：我已经完成了购买行为。  （结合前文弹幕中频繁出现的商品咨询、下单反馈（如“拍了”“买了眼油”）等互动，可推断直播间正处于促销或产品讲解阶段，用户通过弹幕同步自己的消费动作，可能是为了确认订单信息、表达对产品的认可，或与其他观众互动。）
weixue0806,美容护肤,在吃什么,0,该用户可能是在询问主播正在展示或推荐的具体食品或护肤品的使用体验，想了解产品效果或使用方式。
weixue0806,美容护肤,那我应该拍了,0,该用户决定下单购买当前讨论的商品。
weixue0806,美容护肤,去法令纹哪个产品效果最好?,1,该用户是在询问直播间推荐哪款产品对淡化法令纹最有效，表现出明确的购买需求和寻求专业建议的意图。
weixue0806,美容护肤,"嗯,helloKitty的衣服有没有同款啊?是衬衫吗?还是睡衣?",1,该用户想询问直播中展示的HelloKitty服饰是否有相似款式，并想确认其具体类型是衬衫还是睡衣。
weixue0806,美容护肤,有的人说话真的很讨厌,0,该用户可能是在抱怨直播间里某些人的发言内容或态度让人感到不适，干扰了正常的购物讨论氛围。
weixue0806,美容护肤,我的也是显示5片,0,该用户想表达的含义是：确认自己购买的商品数量与其他用户一致，对产品规格存在疑问或寻求验证。
weixue0806,美容护肤,面霜买什么?,1,该用户想表达的含义是：询问直播间推荐哪款面霜产品比较合适。
weixue0806,美容护肤,你吃的那能买吗[捂脸][爱心],0,该用户想表达的含义是：询问主播正在吃的商品是否在售，并表现出浓厚的兴趣和喜爱。
weixue0806,美容护肤,自己买了,0,该用户想表达的含义是：我已经下单购买了这款产品。
weixue0806,美容护肤,那怎么搞,0,该用户可能是在询问如何购买或参与当前讨论的产品/活动。
weixue0806,美容护肤,我超喜欢helloKitty,0,该用户想表达的含义是：对helloKitty相关产品有强烈兴趣并希望了解购买信息。  （结合前文有人询问helloKitty衣服同款的语境，该弹幕属于对IP联名商品的主动兴趣表达，潜在动机可能是寻求商品链接或款式推荐。）
weixue0806,美容护肤,韩束和白月光有啥区别呀,1,该用户想表达的含义是：想了解韩束和白月光两款产品的具体差异以便做出购买决策。
weixue0806,美容护肤,"姐姐,上衣看看",1,该用户希望主播展示并详细介绍当前穿着的上衣款式。
weixue0806,美容护肤,就是5片,0,该用户想表达的含义是：确认自己购买的商品数量和其他用户一样都是5片。
weixue0806,美容护肤,功效眼膜有活动吗?,1,该用户是在询问当前直播间是否有关于功效眼膜的促销活动或优惠信息。
weixue0806,美容护肤,10号链接什么时候上,1,该用户是在询问某款商品（10号链接）的具体上架时间，表现出明确的购买意向和急切等待的心态。
weixue0806,美容护肤,已经付了怎么办,0,该用户想表达的含义是：已经完成支付但对后续操作或商品细节有疑问。
weixue0806,美容护肤,"问了好多遍了,为什么不回复",0,该用户因多次询问产品信息未得到主播回应而感到不满，暗示自己的购买需求未被及时处理。
weixue0806,美容护肤,水光霜[捂脸][捂脸][捂脸][捂脸],1,该用户可能是在调侃或感叹水光霜的效果或价格，带有一种哭笑不得的复杂情绪。
weixue0806,美容护肤,油敷面膜讲一下[比心][比心][比心],1,该用户想表达的含义是：希望主播详细介绍油敷面膜的产品信息或使用效果。
weixue0806,美容护肤,你前夫呢,0,该用户可能在询问主播之前提到的某个人或角色（如前任伴侣或产品相关人物）的去向或相关信息，试图延续之前的讨论或满足八卦好奇心理。
weixue0806,美容护肤,要重新拍吗,0,该用户可能在询问是否需要重新下单或更换商品链接。
weixue0806,美容护肤,不重拍也没事吧,0,该用户可能是在询问之前购买的商品是否需要重新下单，或者对当前展示的商品是否必须重复购买表示疑问。
weixue0806,美容护肤,"雪,眼油怎么用?雪,眼油怎么用?",1,该用户急切地询问主播关于眼油的使用方法，可能是对产品感兴趣但需要进一步了解操作细节。
weixue0806,美容护肤,灌注面膜什么时候有,1,该用户是在询问直播间何时会上架或讲解“灌注面膜”这款产品，表现出明确的购买意向或关注需求。
weixue0806,美容护肤,那我拍的会不会少发?,0,该用户担心自己下单的商品可能会漏发或数量不足，正在向主播确认发货情况。
weixue0806,美容护肤,只有5片呀,0,该用户可能是在质疑或感叹产品数量较少，认为5片的规格不太够用或性价比不高。
weixue0806,美容护肤,"拍了,没注意看",0,该用户想表达的含义是：已经下单购买但没仔细看商品详情。
weixue0806,美容护肤,这个彩椒是饭后吃吗?还是不吃饭只吃彩椒吗,0,该用户是在询问彩椒的食用方式，想确认它是作为餐后零食还是可以替代正餐，表现出对产品具体使用方法的兴趣和潜在的购买考虑。
weixue0806,美容护肤,油霜擦了咋感觉要长痘,0,该用户可能是在使用产品后对油霜的质地或效果产生疑虑，担心其油腻感会导致皮肤长痘，从而表达出对产品适用性的担忧和寻求解答的意图。
weixue0806,美容护肤,那是要退了重新拍吗,0,该用户可能在询问是否需要取消之前的订单重新下单以享受当前的优惠或更正购买信息。
weixue0806,美容护肤,情绪好稳定,0,该用户可能是在称赞主播在应对密集提问和混乱场面时保持冷静从容的表现。
weixue0806,美容护肤,已经拍了的怎么办,0,该用户可能是在询问已经下单的商品是否需要重新操作（如退款重拍）以享受当前活动优惠或更正购买信息。
weixue0806,美容护肤,已经拍了怎么办?,0,该用户可能在询问已经下单的商品是否需要重新参与活动或担心错过优惠，希望确认订单处理方式。
weixue0806,美容护肤,"推荐一款防晒,偏干皮",1,该用户希望主播针对干性皮肤推荐一款合适的防晒产品。
weixue0806,美容护肤,"我都没看,反正拍了[捂脸]",0,该用户想表达的含义是：虽然没仔细看直播介绍，但已经直接下单购买了。
weixue0806,美容护肤,"面霜,有推荐吗",1,该用户想表达的含义是：想了解主播对面霜产品的推荐建议。
weixue0806,美容护肤,三号链接到手多少片,1,该用户是在询问三号链接商品的具体数量信息，以确认购买内容是否符合预期。
weixue0806,美容护肤,"对,还是改过来的好",0,该用户认同主播对商品信息或购买流程的调整，认为修改后的方案更合理。
weixue0806,美容护肤,黑头粉刺毛孔粗大用什么,1,该用户想询问直播间是否有针对黑头、粉刺和毛孔粗大问题的护肤产品推荐。
weixue0806,美容护肤,我也拍了,0,该用户想表达的含义是：我已经下单购买了同款商品。
weixue0806,美容护肤,卡粉用什么呀,1,该用户想表达的含义是：询问针对卡粉问题的护肤品推荐。
weixue0806,美容护肤,有没有赫本水肌面霜,1,该用户是在询问直播间是否售卖赫本品牌的水肌面霜产品，表现出对该产品的具体购买意向。
weixue0806,美容护肤,怎么是5片,0,该用户对产品数量感到意外，认为5片的规格比预期要少。
weixue0806,美容护肤,爱张闭口粉刺和痘痘用啥呀,1,该用户是在询问针对闭口粉刺和痘痘问题的护肤产品推荐。
weixue0806,美容护肤,"姐,四号咋样",1,该用户想询问主播关于四号产品的使用效果或购买建议。
weixue0806,美容护肤,雪姐救救我脸上暗黄要怎么改善,0,该用户想表达的含义是：希望主播推荐针对面部暗黄问题的护肤产品或改善方法。
weixue0806,美容护肤,我也是咋回事,0,该用户想表达的含义是：我也已经下单购买了但没仔细看详情。
weixue0806,美容护肤,面霜和经霜推荐下,1,该用户想表达的含义是：希望主播推荐适合自己肤质的面霜和眼霜产品。
weixue0806,美容护肤,小姐姐我要水光霜[比心][比心][比心][比心][比心],1,该用户想表达的含义是：强烈表示想要购买主播推荐的水光霜产品，并附上热情互动。  （解析：结合前文弹幕中频繁出现的产品咨询和购买行为（如“拍了”“推荐”等），目标用户通过直接点名产品名称和多个[比心]表情，明确传递购买意向，同时带有对主播的亲昵称呼，符合直播间常见的互动式消费表达模式。）
weixue0806,美容护肤,好米好米好米啊,0,该用户想表达的含义是：这款产品看起来非常不错，我很喜欢。
weixue0806,美容护肤,是五片,0,该用户是在确认或质疑产品规格是否为五片装。
weixue0806,美容护肤,精华油哪个好,1,该用户想询问主播推荐一款适合自己需求的精华油产品。
weixue0806,美容护肤,己拍麵膜隻有5片,0,该用户想表达的是：自己已经下单购买了面膜，但发现收到的数量只有5片，对此感到有些疑惑或不满。
weixue0806,美容护肤,姐姐有防晒嘛[流泪][流泪],1,该用户急切地询问主播是否有防晒产品推荐，并通过流泪表情强调自己强烈的需求感和对防晒产品的渴望。
weixue0806,美容护肤,你吃的彩椒怎么是尖尖的,0,该用户可能是在询问主播展示的彩椒形状与常见品种不同的原因，暗示对产品外观或品质的好奇和关注。
weixue0806,美容护肤,面膜.精华怎么用,1,该用户是在询问面膜和精华产品的具体使用方法，表现出对这两类产品的使用困惑和潜在购买兴趣。
weixue0806,美容护肤,面膜能补水吗,1,该用户是在询问面膜的补水功效，表现出对产品功能的关注和潜在的购买意向。
weixue0806,美容护肤,怎么去痘痘,0,该用户想表达的含义是：咨询改善痘痘问题的护肤产品推荐。
weixue0806,美容护肤,沐浴露推荐味道,1,该用户想表达的含义是：希望主播推荐一款好闻的沐浴露产品。
weixue0806,美容护肤,孕妇能用吗孕妇能用吗孕妇能用吗孕妇能用吗,1,该用户急切地询问产品是否适合孕妇使用，表现出对产品安全性的高度关注和潜在的购买意向。
weixue0806,美容护肤,精华液一起用吗,1,该用户想询问的是“这款精华液是否可以与其他护肤品搭配使用”。
weixue0806,美容护肤,"我拍了,订单显示5片",0,该用户想表达的含义是：我已经下单购买了产品，但发现订单显示的商品数量与预期不符（实际收到5片）。
weixue0806,美容护肤,已经买了咋办,0,该用户想表达的含义是：对已购买产品但发现与预期不符（如数量差异）感到困惑或不满。
weixue0806,美容护肤,这岁数这状态绝了,0,该用户是在惊叹主播展示的产品效果或状态非常出色，隐含对产品的认可和潜在购买兴趣。
weixue0806,美容护肤,有没有推荐的防晒,1,该用户是在询问主播能否推荐适合自己使用的防晒产品，表现出明确的购买需求和寻求专业建议的意愿。
weixue0806,美容护肤,油敷面膜讲一下[比心][比心],1,该用户想表达的含义是：希望主播详细介绍油敷面膜的功效和使用方法。
weixue0806,美容护肤,和其它面膜交替用可以吗,1,该用户想询问这款面膜是否可以与其他品牌或类型的面膜轮换使用以达到更好的护肤效果。
weixue0806,美容护肤,哪个美白效果最好啊,1,该用户想咨询直播间推荐的美白产品中效果最显著的一款。
weixue0806,美容护肤,补水面膜哪款雪拍了我要睡觉了[看][看][看],1,该用户想表达的含义是：询问补水面膜中“雪”系列产品的购买链接，并表示自己准备下单后休息。
weixue0806,美容护肤,粉底有没有推荐的??,1,该用户想表达的含义是：希望主播能针对粉底产品给出具体的购买建议或推荐款式。
weixue0806,美容护肤,油哺乳期可以用吗,1,该用户是在询问这款精华油产品是否适合哺乳期的妈妈使用。
weixue0806,美容护肤,油霜油霜油霜油霜油霜油霜油霜油霜油霜油霜油霜油霜油霜油霜油霜油霜油霜油霜油霜油霜油霜油霜油霜,1,该用户可能是急切询问或强调关于“油霜”产品的信息，例如成分、功效或适用性，表现出较强的购买兴趣或需求。
weixue0806,美容护肤,下睫毛怎么刷[比心][比心][比心],1,该用户想咨询下睫毛的化妆技巧，并表现出对相关产品的兴趣和购买意向。
weixue0806,美容护肤,送的精华怎么用,1,该用户想询问赠品精华液的使用方法，可能是对产品功效或使用步骤存在疑问。
weixue0806,美容护肤,姐姐超级美啊啊啊啊啊,0,该用户是在通过热情赞美主播的外表来互动，但并未直接表达对产品的购买兴趣或咨询商品信息。
weixue0806,美容护肤,下单后显示是五片,0,该用户想表达的含义是：对商品实际收到的片数与预期不符产生疑问或不满。
weixue0806,美容护肤,好米啊姐姐好美好美,0,该用户是在夸赞主播的外貌和状态，表达对主播的喜爱和欣赏，但并未直接体现对产品的购买兴趣。
weixue0806,美容护肤,水光霜应该是没有了,0,该用户可能在表达对产品库存情况的担忧或遗憾，暗示自己原本有意购买但发现可能已售罄。
weixue0806,美容护肤,又退了,0,该用户可能是在抱怨之前购买的商品再次出现退货的情况，暗示对产品质量或服务的不满。
weixue0806,美容护肤,连续敷一个月能看美白效果吗姐姐,1,该用户想询问持续使用该产品一个月是否能达到预期的美白效果，以评估是否值得购买。
weixue0806,美容护肤,是显示五片,0,该用户可能在确认或质疑产品实际发货数量与宣传是否一致（根据前文多次出现的“订单显示5片”相关讨论）。
weixue0806,美容护肤,小仙女[爱心]用的啥睫毛膏[比心],1,该用户是在询问主播使用的睫毛膏品牌，并带有对主播妆容的赞美和亲近感。
weixue0806,美容护肤,撕拉面膜还有吗,1,该用户想询问直播间是否还有撕拉面膜的库存可供购买。
weixue0806,美容护肤,"姐姐,那个可以敷几个小时会变薄的面膜,补蛋白质的还有吗?",1,该用户是在询问主播之前介绍过的一款具有蛋白质补充功能、敷用后会变薄的面膜是否还有库存，表现出明确的购买意向。
weixue0806,美容护肤,有美容仪吗,1,该用户是在询问直播间是否售卖或推荐美容仪产品，表现出对美容仪器的潜在购买兴趣。
weixue0806,美容护肤,五片的需要重新拍吗?,0,该用户可能是在确认之前购买的面膜数量显示为五片是否需要重新下单操作。
weixue0806,美容护肤,四号咋样,1,该用户是在询问直播间推荐的第四款产品的具体效果或使用体验。
weixue0806,美容护肤,我拍完了显示的五片,0,该用户想确认自己下单的商品数量是否正确，因为直播中提到的赠品或产品规格可能存在五片装的选项。
weixue0806,美容护肤,黑头粉刺毛孔粗大用什么黑头粉刺毛孔粗大用什么黑头粉刺毛孔粗大用什么黑头粉刺毛孔粗大用什么,1,该用户想表达的含义是：反复询问针对黑头、粉刺和毛孔粗大的护肤产品推荐，表现出强烈的需求意向和购买兴趣。  （释义依据：用户通过重复同一问题强调诉求，结合前文弹幕中高频出现的具体产品咨询（如面膜、粉底、美容仪等）和功能提问（如用法、效果），可判断其属于典型的产品寻求型弹幕，核心动机是希望主播推荐解决方案并促成购买。）
weixue0806,美容护肤,我之前买到假的胶原蛋白面膜了,0,该用户可能是在表达对产品质量的担忧，并暗示希望主播能推荐或保证当前售卖的面膜是正品。
weixue0806,美容护肤,你做额头啦?,0,该用户可能在询问主播是否做了额头部位的医美项目或美容护理。
weixue0806,美容护肤,需要重拍吗,0,该用户可能在询问是否需要重新下单购买商品（因之前订单显示数量可能有误或库存变动）。
weixue0806,美容护肤,能介绍一下防晒霜吗,1,该用户想表达的含义是：对防晒霜的具体功效或使用方法感兴趣，希望主播详细讲解产品信息以便考虑是否购买。
weixue0806,美容护肤,小姐姐水光霜[捂脸][捂脸][捂脸][捂脸],1,该用户可能是看到水光霜相关讨论后，用表情符号表达对产品售罄的遗憾或对产品效果的调侃。
weixue0806,美容护肤,要退了重新拍吗,0,该用户可能在询问是否需要取消当前订单并重新下单以获取正确的商品数量或优惠信息。
weixue0806,美容护肤,你俩是在聊天谈恋爱来吗,0,该用户可能是在调侃主播互动过于亲密，偏离了产品介绍的主题，暗示希望回归正轨专注商品讲解。
weixue0806,美容护肤,已经拍了只有5片要修改吗,0,该用户想确认是否需要重新下单才能将购买的面膜数量从5片修改为其他规格。
weixue0806,美容护肤,3号面膜,1,该用户可能是在询问3号面膜的相关信息，比如功效、价格或库存情况。
weixue0806,美容护肤,姐姐有防晒嘛,1,该用户是在询问主播是否售卖防晒产品，并表现出潜在的购买意向。
weixue0806,美容护肤,40岁爱上24岁刚结婚的男孩咋办,0,该用户可能是在调侃主播互动氛围暧昧，或借情感话题活跃直播间气氛，而非真正咨询情感问题。
weixue0806,美容护肤,川字纹用哪款,1,该用户想询问直播间推荐哪款产品适合改善川字纹问题。
weixue0806,美容护肤,我的也是五片,0,该用户想表达的含义是：确认自己购买的商品数量是否与他人相同或需要调整。  （结合前文语境，当时直播间可能在讨论面膜片数问题，部分用户反馈订单显示“五片”，并询问是否需要重拍或修改，因此这条弹幕是用户参与同类问题的互动，隐含对商品数量的关注或疑虑。）
weixue0806,美容护肤,耳环有吗,1,该用户想询问直播间是否有耳环商品在售。
weixue0806,美容护肤,你的helloKitty衬衫分享一下呗,1,该用户想表达的含义是：询问主播能否提供身上穿的helloKitty衬衫的购买链接或商品信息。
weixue0806,美容护肤,夏天了有脱毛的吗,1,该用户是在询问直播间是否有适合夏季使用的脱毛产品。
weixue0806,美容护肤,长痘能用吗?,1,该用户可能是在询问当前介绍的产品是否适合痘痘肌使用，担心成分会刺激或加重皮肤问题。
weixue0806,美容护肤,脖子上的是什么项链,1,该用户对主播佩戴的项链产生了兴趣，想了解产品详情以便购买。
weixue0806,美容护肤,粉底有没有?,1,该用户是在询问直播间是否有粉底产品出售。
weixue0806,美容护肤,耳钉都是在哪里买的好好看,1,该用户想表达的含义是：询问当前展示的耳钉的购买渠道并表示对款式的喜爱。  （结合前文弹幕中出现的“耳环有吗”“项链”等饰品相关提问，可推断用户对直播间推荐的饰品产生兴趣，且语境偏向具体商品咨询，因此核心意图是获取购买方式并附带赞美。）
weixue0806,美容护肤,水光面膜没了吗,1,该用户是在询问直播间是否已经售罄了水光面膜，并可能有意向购买。
weixue0806,美容护肤,美白面膜用后还需要洗脸吗,1,该用户对美白面膜的使用方法存在疑问，想确认使用后的护理步骤是否包括洗脸。
weixue0806,美容护肤,"我下单了,就显示5片呀",0,该用户想表达的含义是：对商品数量与预期不符感到困惑，怀疑是否因操作错误导致只显示少量库存。
weixue0806,美容护肤,刚才的样子好像在网恋,0,该用户是在调侃主播互动时的暧昧氛围，暗示两人对话像网恋一样亲密。
weixue0806,美容护肤,你纹唇了哇?,0,该用户可能是在询问主播是否做了唇部纹绣，以此判断主播展示的唇妆效果是否来自产品本身。
weixue0806,美容护肤,吃的是什么东西,0,该用户可能是在询问直播中展示或提到的某款食品的具体名称或详情。
weixue0806,美容护肤,防晒推荐一下,1,该用户想表达的含义是：希望主播推荐适合自己使用的防晒产品。
weixue0806,美容护肤,前面已经拍了的怎么办,0,该用户担心之前下单的产品规格或优惠与当前直播内容有出入，想确认是否需要调整订单。
weixue0806,美容护肤,你吃的能买么[捂脸],0,该用户是在询问直播中展示的食品是否能够购买，并附带了调侃或觉得有趣的情绪。
weixue0806,美容护肤,这款面膜我拍了还想拍一款补水的面膜我要睡觉了[看],1,该用户想表达的含义是：我已经下单了这款面膜，还想再买一款补水的，但时间太晚要休息了。
weixue0806,美容护肤,有护肤水?,1,该用户是在询问直播间是否有售卖护肤水产品。
weixue0806,美容护肤,"拍了,只有5片怎么办",0,该用户想表达的含义是：已经下单购买但发现商品数量只有5片，对此感到疑惑或不满。
weixue0806,美容护肤,沐浴露推荐哪个,1,该用户是在询问直播间是否有值得推荐的沐浴露产品，表现出对当前品类缺失的关注和潜在的购买意向。
weixue0806,美容护肤,已经买了怎么办,0,该用户可能是在确认已下单的商品是否有其他后续操作或注意事项，比如是否需要联系客服修改订单、补发赠品等。
weixue0806,美容护肤,推荐大干皮用的面霜,1,该用户想表达的含义是：希望主播推荐适合干性皮肤使用的面霜产品。
weixue0806,美容护肤,胶原蛋白面膜今天有吗宝宝,1,该用户是在询问直播间今天是否有胶原蛋白面膜产品上架，并表现出对该产品的购买兴趣。
weixue0806,美容护肤,防晒几个小时抹一次防晒几个小时抹一次防晒几个小时抹一次,1,该用户想表达的含义是：询问防晒产品需要间隔多久补涂一次。
weixue0806,美容护肤,我买了6号可以讲解一下吗?,1,该用户想询问主播能否详细介绍自己已购买的6号产品（可能是项链、面膜等护肤品或饰品）的具体信息或使用建议。
weixue0806,美容护肤,好米啊姐姐好米啊姐姐,0,该用户想表达的含义是：主播的妆容或造型非常漂亮，让人赞叹。
weixue0806,美容护肤,油敷面膜讲一下[比心][比心][比心][比心][比心],1,"该用户对""油敷面膜""产品产生了兴趣，希望主播能详细介绍这款产品的功效和使用方法。"
weixue0806,美容护肤,你敲键盘的声好快啊,0,该用户可能是在调侃主播操作迅速或对直播节奏感到有趣，而非直接表达购买意向。
weixue0806,美容护肤,耳钉好看,1,该用户想表达的含义是：这款耳钉的设计很吸引我，有购买意向。
weixue0806,美容护肤,不知道有效果没有,0,该用户对产品效果存在疑虑，不确定是否值得购买。
weixue0806,美容护肤,怎么没有一根白头发,0,该用户可能在询问直播间推荐的产品是否有针对白发问题的解决方案，或者对展示的产品效果（如染发、护发类）感到疑惑，认为其未能覆盖白发需求。
weixue0806,美容护肤,防晒有卖嘛,1,该用户是在询问直播间是否有防晒产品在售，表现出对购买防晒用品的潜在兴趣。
weixue0806,美容护肤,数量牌1吧,0,该用户可能在询问当前推荐产品的库存情况或购买选项中的具体编号。
weixue0806,美容护肤,吃的是什么,0,该用户可能在询问主播正在展示或食用的产品是否属于可购买的商品。
weixue0806,美容护肤,显示五片的需要重拍吗,0,该用户是在询问之前下单的面膜只有五片装是否需要重新拍一份以获得更多数量。
weixue0806,美容护肤,鼻基底填会不会移位,0,该用户是在询问鼻基底填充手术或产品的效果稳定性，担心术后可能出现位移问题。
weixue0806,美容护肤,你是做额头了吗?,0,该用户可能是在询问主播是否进行了额头部位的医美项目或美容护理。
weixue0806,美容护肤,吃的啥呀,0,该用户可能是对主播当前展示或食用的产品感到好奇，想进一步了解具体是什么食品或相关商品。
weixue0806,美容护肤,好米啊姐姐,0,该用户想表达的含义是：主播的妆容或造型非常漂亮迷人。
weixue0806,美容护肤,5片要从新拍吗?,0,该用户是在询问之前下单的5片装商品是否需要重新下单购买。
weixue0806,美容护肤,姐姐晚上都几点休息呀,0,该用户可能是在关心主播的作息时间，试图通过闲聊拉近关系或表达对主播个人生活的兴趣。
weixue0806,美容护肤,有美容仪推荐吗,1,该用户想表达的含义是：对美容仪产品感兴趣并希望主播进行推荐介绍。
weixue0806,美容护肤,姐姐那个眼部精华去眼袋吗,1,该用户是在询问主播推荐的眼部精华产品是否能有效改善眼袋问题，表现出对产品功效的关注和潜在的购买意向。
weixue0806,美容护肤,已经买了要退吗,0,该用户可能是在询问之前购买的商品是否值得退货，表达了对产品效果的犹豫或不满。
weixue0806,美容护肤,刚拍了眼油,0,该用户想表达的含义是：我已经下单购买了刚才介绍的眼部精油产品。
weixue0806,美容护肤,睫毛是种的吗,0,该用户可能是在询问主播的睫毛是否通过嫁接或种植的方式达到的视觉效果，隐含对相关美容服务的兴趣或好奇。
weixue0806,美容护肤,你的功效型面膜不挂小黄车嘛?,1,该用户是在询问主播为何没有将提到的功效型面膜上架到购物链接，暗示自己有意向购买但找不到购买入口。
weixue0806,美容护肤,粉底有没有推荐?,1,该用户想询问主播是否有值得推荐的粉底产品。
weixue0806,美容护肤,"我皮肤最近很长,胶原蛋白流失很快",0,该用户可能在表达对自己皮肤状态的担忧，并暗示对直播间相关抗衰老产品或护肤建议的兴趣。
weixue0806,美容护肤,用什么唇釉,1,该用户想询问主播推荐适合使用的唇釉产品。
weixue0806,美容护肤,"已经拍了,怎么办",0,该用户想表达自己已经下单购买商品，但可能对产品细节或后续操作存在疑问需要确认。
weixue0806,美容护肤,已经拍了用退了重新再拍吗,0,该用户想确认是否需要先取消之前的订单再重新下单购买同一商品。
weixue0806,美容护肤,你混的很好,0,该用户想表达的含义是：你的妆容或整容效果看起来非常自然出色。
weixue0806,美容护肤,1号和6号哪个好,1,该用户想询问直播中推荐的1号和6号产品哪个更值得购买。
weixue0806,美容护肤,吃彩椒有什么用呀,1,该用户想询问彩椒的具体功效或营养价值，以判断是否值得购买。
weixue0806,美容护肤,你在吃什么好吃的,0,该用户想表达的含义是：对主播正在吃的食物感到好奇并可能产生购买兴趣。
weixue0806,美容护肤,耳环是哪家的,1,该用户想询问直播中展示的耳环的品牌或购买渠道。
weixue0806,美容护肤,胶原灌注有吗?想要很久了.才找到你正确的直播间,1,该用户急切地询问直播间是否有胶原灌注产品，并表达了自己长期寻找该商品后终于找到正确直播间的欣喜。
weixue0806,美容护肤,11号是经常推荐的那款吗?,1,该用户是想确认11号产品是否为主播此前多次提及的热门推荐款。
weixue0806,美容护肤,吹得倒是挺凶的,0,该用户可能是在质疑主播对产品的宣传过于夸张，认为实际效果未必如所说的那么好。
weixue0806,美容护肤,"我的也显示5片,不会发5片吧",0,该用户担心实际收到的商品数量与直播中显示的不一致，可能存在发货不足的问题。
weixue0806,美容护肤,姐姐身体美白怎么搞呜呜呜[流泪][流泪][流泪],0,该用户想表达的含义是：询问主播如何改善身体肌肤的美白问题，并表现出强烈的需求和急切心情。
weixue0806,美容护肤,"彩椒有什么功效,每次看你直播都吃,我都想去买点了",0,该用户被主播频繁食用彩椒的行为所吸引，产生了好奇和购买意向，想了解彩椒的具体功效以确认是否值得购买。
weixue0806,美容护肤,姐姐很有少女感[爱心][爱心][爱心][爱心],0,该用户是在夸赞主播的年轻活力，表达对主播的喜爱和欣赏。
weixue0806,美容护肤,拍了咋办,0,该用户想表达的含义是：已经下单购买了但不确定是否正确或是否需要退换。
weixue0806,美容护肤,189洗面奶什么时候可以发货,0,该用户想询问洗面奶的发货时间，表明已产生购买意向或已下单，希望确认收货安排。
weixue0806,美容护肤,我买了6号面膜可以讲解吗?,1,该用户希望主播详细介绍已购买的6号面膜产品信息。
weixue0806,美容护肤,退货!退货!退货!,0,该用户可能因对已购买商品的质量、描述不符或发货问题感到不满，要求取消订单并退款。
weixue0806,美容护肤,"显示5片,我退了,怎么拍",0,该用户因商品页面显示的发货数量与预期不符而打算取消订单，并询问正确的下单方式。
weixue0806,美容护肤,小姐姐上水光霜[捂脸][捂脸][捂脸],1,该用户可能是对主播推荐的水光霜表现出兴趣或调侃，同时用表情符号表达了一种哭笑不得的复杂情绪。
weixue0806,美容护肤,一号面膜精华怎么用呢?,1,该用户对一号面膜的使用方法感兴趣，可能有意向购买但需要进一步了解产品细节。
weixue0806,美容护肤,美白精华怎么用?,1,该用户想询问美白精华的使用方法，可能是对产品功效感兴趣并考虑购买。
weixue0806,美容护肤,拍了要重新買嗎,0,该用户可能在询问之前下单的商品是否需要重新购买，可能是由于对订单状态或商品信息存在疑问。
weixue0806,美容护肤,能不能推荐什么面膜,1,该用户希望通过主播的推荐来挑选适合自己的面膜产品。
weixue0806,美容护肤,"极光油是我用过最好用的油,味道也很好闻",1,该用户是在积极分享个人使用体验，暗示对产品的认可和满意，可能带有推荐或促成他人购买意向的潜在动机。
weixue0806,美容护肤,以前的水光面膜还有吗,1,该用户是在询问直播间是否还有之前推荐过的某款水光面膜的库存。
weixue0806,美容护肤,拍油了怎么用,1,该用户想表达的含义是：已经下单购买了这款油但不知道如何使用。
weixue0806,美容护肤,眼带纹严重推荐一下,1,该用户想表达的含义是：我的眼部细纹问题比较严重，希望主播能推荐适合的产品。
weixue0806,美容护肤,21粒精华液怎么用?,1,该用户想询问21粒装精华液的具体使用方法和步骤，表现出对产品功能的兴趣和潜在的购买意向。
weixue0806,美容护肤,这款我拍了还想拍一款补水的雪[看][看][看],1,该用户想表达的含义是：我已经下单了这款产品，还想再买一款补水的面膜试试。
weixue0806,美容护肤,"脸颊干,紧绷怎么办",0,该用户可能在询问针对脸部干燥紧绷问题的护肤产品推荐或解决方案。
weixue0806,美容护肤,说说2号链接,1,该用户想表达的含义是：请详细介绍2号链接商品的信息或使用方式。
weixue0806,美容护肤,姐睡衣好看,1,该用户想表达的含义是：询问主播身上穿的睡衣是否在售或想了解购买方式。
weixue0806,美容护肤,"3号好用,什么时候开",1,该用户对3号产品感兴趣并询问何时开放购买或上架。
weixue0806,美容护肤,上衣宝贝,1,该用户可能在询问或催促主播展示/讲解某款上衣产品。
weixue0806,美容护肤,吃啥呢姐,0,该用户可能在询问主播正在展示或推荐的食品类商品是什么，表达了对当前直播内容的兴趣和好奇。
weixue0806,美容护肤,数量是拍1么,0,该用户是在确认商品的购买单位是否为“1件起拍”，想明确下单时的数量选择方式。
weixue0806,美容护肤,"亲,下睫毛是贴的还是刷出来的呀",0,该用户是在咨询主播展示的下睫毛妆容的具体打造方式，表现出对化妆技巧或相关产品的潜在兴趣。
weixue0806,美容护肤,用什么嘴唇润润嘟,1,该用户想询问适合用来让嘴唇保持水润饱满的产品推荐。
weixue0806,美容护肤,为啥是25ml*5呀,0,该用户是在询问产品规格为何采用25毫升装且数量为5件的组合方式，可能对容量或包装形式存在疑惑。
weixue0806,美容护肤,爱你爱你,0,该用户想表达的含义是：对主播或推荐的产品表示喜爱和支持。
weixue0806,美容护肤,"链接就显示五片,和赠品",0,该用户是在询问产品详情页显示的“五片”是否为主商品数量，并确认赠品是否包含在内或另有说明。
weixue0806,美容护肤,换季脸太干推荐用什么,1,该用户想询问适合换季时脸部干燥问题的护肤品推荐。
weixue0806,美容护肤,去上海玩有什么推荐的地方嘛,0,该用户可能是在询问主播是否有推荐适合旅行使用的护肤品或化妆品，暗示对相关产品感兴趣。
weixue0806,美容护肤,问一下眼睫毛姐姐[爱心][爱心][爱心][爱心][爱心][爱心][爱心][爱心],1,该用户想表达的含义是：想咨询主播关于眼睫毛产品的使用或推荐，并表现出强烈的兴趣和喜爱。
weixue0806,美容护肤,为什么吃彩椒,0,该用户可能是对主播正在吃的彩椒感到好奇，想了解选择彩椒的原因或相关产品信息。
weixue0806,美容护肤,这个价钱是几片,1,该用户想询问商品的具体规格（如包装内含多少片）以评估价格是否合理。
weixue0806,美容护肤,姐救一下我行么,0,该用户可能在急切寻求主播对某款产品的使用建议或购买指导，希望获得即时帮助以解决当前的美妆或护肤需求。
weixue0806,美容护肤,肚子饿就吃这个呀,0,该用户可能是在看到主播展示或食用某款食品时，联想到自己饥饿时的食用场景，以轻松调侃的方式暗示对该产品的兴趣或认同。
weixue0806,美容护肤,珍珠耳饰在哪里买的好好看,1,该用户对直播中展示的珍珠耳饰产生了购买兴趣，想询问具体的购买渠道。
weixue0806,美容护肤,很猛的面膜是哪个,1,该用户想表达的含义是：询问直播间里效果特别显著的面膜产品是哪一款。
weixue0806,美容护肤,之前明星都用你推荐的那款面膜还有吗?面部蓬起来的,1,该用户是在询问主播之前明星同款的面膜是否还有货，并想确认这款面膜是否能达到让面部饱满的效果。
weixue0806,美容护肤,5片吗?,1,该用户可能在确认商品规格是否为5片装，表现出对产品数量的关注和潜在的购买意向。
weixue0806,美容护肤,眼部精华油去眼袋吗,1,该用户想询问这款眼部精华油是否具有消除眼袋的功效，以判断是否值得购买。
weixue0806,美容护肤,"显示5片,显示5片,显示5片",0,该用户可能在确认或强调商品详情页显示的规格是5片装，并希望主播核实或解释这一信息。
weixue0806,美容护肤,补水买那种,1,该用户想表达的含义是：询问直播间推荐的具体补水产品类型。
weixue0806,美容护肤,已拍下的怎麼办,0,该用户想确认已经下单的商品是否会有问题或需要额外操作。
weixue0806,美容护肤,毛孔大用什么好?,1,该用户想咨询改善毛孔粗大问题的护肤产品推荐。
weixue0806,美容护肤,有没有瘦脸的面膜,1,该用户是在询问直播间是否有能够帮助瘦脸功效的面膜产品。
weixue0806,美容护肤,只有5片?,1,该用户可能是在确认或质疑产品的规格数量，认为5片的包装量较少。
weixue0806,美容护肤,上面就显示5片,0,该用户是在确认或质疑产品详情页显示的规格数量是否仅为5片。
weixue0806,美容护肤,乳液有推荐吗,1,该用户想询问主播是否有适合自己需求的乳液产品推荐。
weixue0806,美容护肤,她是假睫毛还是睫毛膏啊,0,该用户想表达的含义是：询问主播使用的睫毛产品是假睫毛还是睫毛膏。
weixue0806,美容护肤,"那款面膜补水效果好,最近风大皮肤干",1,该用户想表达的含义是：对直播间推荐的面膜补水效果感兴趣，并暗示自己因天气干燥有购买需求。
weixue0806,美容护肤,为什么我用了那个防晒脸上摸起来像树皮,0,该用户想表达的含义是：对使用的防晒产品导致皮肤干燥粗糙的效果感到不满和困惑。
weixue0806,美容护肤,"我前面已经拍了,好像也是显示5片.没问题的吧",0,该用户是在确认自己之前下单的商品规格（5片装）是否正确，并寻求 reassurance（放心保证）。
weixue0806,美容护肤,四号咋样姐,1,该用户可能在询问主播对四号产品的使用效果或推荐意见。
weixue0806,美容护肤,防晒上下,1,该用户可能是在询问主播推荐的防晒产品是否需要同时涂抹在面部和身体其他部位。
weixue0806,美容护肤,5片嘛,0,该用户是在确认或质疑产品规格是否为5片装，可能对数量存在疑虑或希望核实显示信息是否准确。
weixue0806,美容护肤,"姐,产后怎么减肥",0,该用户想表达的含义是：询问主播是否有适合产后恢复身材的减肥产品或方法。  （结合前文弹幕语境，直播间主要讨论护肤、美妆等女性向产品，用户可能因直播内容联想到自身需求，希望主播推荐相关解决方案。）
weixue0806,美容护肤,讲下8号链接呗,1,该用户希望主播详细介绍8号链接商品的具体信息或功能。
weixue0806,美容护肤,防晒有推荐吗[流泪][流泪],1,该用户想表达的含义是：希望主播能推荐一款好用的防晒产品，并表现出对防晒需求的急切和重视。
weixue0806,美容护肤,"姐姐,我想给妈妈买面膜,哪个对皱纹有效?",1,该用户是在询问主播推荐一款能有效改善皱纹的面膜产品，表达了自己明确的购买意向和需求。
weixue0806,美容护肤,这是面膜吗,1,该用户可能是在确认当前展示的产品是否为面膜，并隐含对产品功能的兴趣或购买意向。
weixue0806,美容护肤,有没有美白的水乳,1,该用户想表达的含义是：想了解直播间是否有能美白功效的化妆水和乳液产品推荐。
weixue0806,美容护肤,11号是经常用的那款吗,1,该用户想确认11号产品是否为他们日常习惯使用的那款护肤品。
weixue0806,美容护肤,5片?需要重新拍吗?,0,该用户可能在确认商品规格是否为5片装，并询问是否需要重新下单以确保购买数量正确。
weixue0806,美容护肤,姐姐我来啦,0,该用户想表达的含义是：主动向主播打招呼并表明自己刚进入直播间，可能带有寻求关注或准备提问的意图。
weixue0806,美容护肤,还是不对啊,0,该用户可能是在对之前关于产品数量（如面膜5片）的确认或解释仍感到困惑或不满意，认为之前的回答未解决自己的疑问。
weixue0806,美容护肤,要重新下载吗?我的显示也是5,0,该用户可能在询问是否需要重新下单或刷新页面，因为和其他观众一样看到商品数量显示为5片，对此感到疑惑并寻求确认。
weixue0806,美容护肤,"极光油是我用过最好的油,味道也很好闻",1,该用户是在积极分享自己对产品“极光油”的使用体验，通过强调其效果和香味来表达认可和推荐意向。
weixue0806,美容护肤,还是显示5片,0,该用户想确认商品详情页显示的5片数量是否正常，担心是否需要重新下单。
weixue0806,美容护肤,已经拍完面膜还用重新再拍吗,0,该用户想确认自己已经下单的面膜是否需要重复购买，可能是对订单信息或直播间的促销规则存在疑问。
weixue0806,美容护肤,有没有好的祛斑产品,1,该用户想表达的含义是：想了解直播间推荐的祛斑产品是否有效或适合自己。
weixue0806,美容护肤,极光四季精华油,1,该用户可能是在询问或推荐这款精华油的使用效果或购买方式。
weixue0806,美容护肤,已经拍了怎么办呀,0,该用户想表达的含义是：自己已经下单购买了商品，但对订单信息或操作步骤存在疑问需要确认。
weixue0806,美容护肤,卸妆膏可以讲讲吗,1,该用户对直播中提到的卸妆膏产品产生了兴趣，希望主播能详细介绍其功效或使用方法。
weixue0806,美容护肤,2号眼油有试用装吗,1,该用户想询问2号眼油产品是否提供小样试用。
weixue0806,美容护肤,10号链接没了吗,1,该用户是在询问10号商品是否已经售罄或下架。
weixue0806,美容护肤,要坚持用几个月,1,该用户想表达的含义是：打算长期使用这款产品看看效果。  （结合前文语境，直播间在讨论护肤品功效，如“极光油”“面膜”“祛斑产品”等，用户提及“坚持用几个月”隐含对产品效果的期待，属于购买后的使用意向表达。）
weixue0806,美容护肤,水光霜没有吗,1,该用户想询问直播间是否还有水光霜这款产品在售。
weixue0806,美容护肤,"2号下单的油、今天就收到了,快递贼快[捂脸]快",0,该用户想表达的含义是：对快递配送速度的惊喜和满意，顺便提及了自己购买的产品（2号油）。
weixue0806,美容护肤,确认下下我拍的对不对,0,该用户想确认自己刚才下单的商品是否正确，可能是担心选错型号或数量。
weixue0806,美容护肤,没看到院线脱皮的那款面膜[捂脸],1,该用户想表达的含义是：在直播间产品列表中没找到自己之前听说过的某款具有院线脱皮功效的面膜，感到有些遗憾和困惑。
weixue0806,美容护肤,怎么去斑,0,该用户想表达的含义是：询问直播间是否有有效的祛斑产品或方法。
weixue0806,美容护肤,请问你的唇釉什么颜色,1,该用户可能是在询问主播展示的唇釉具体色号或颜色效果，以便进一步了解产品细节并考虑是否购买。
weixue0806,美容护肤,哪个祛斑,1,该用户想询问直播间是否有推荐的祛斑产品。
weixue0806,美容护肤,姐姐干皮妆前乳,1,该用户可能在询问主播推荐适合干性皮肤使用的妆前乳产品。
weixue0806,美容护肤,爱你爱你爱你爱你爱你爱你爱你,0,该用户想表达的含义是：非常喜欢主播或推荐的产品，用重复的“爱你”表达强烈支持和兴奋情绪。
weixue0806,美容护肤,防晒上[比心],1,该用户想表达的含义是：对防晒产品感兴趣并想购买。
weixue0806,美容护肤,拍了怎么办,0,该用户想表达的含义是：自己已经下单了但不确定是否正确或是否需要进一步操作。
weixue0806,美容护肤,规格是5片,0,该用户想确认当前展示的商品规格是否为5片装。
weixue0806,美容护肤,毛孔粗大用什么好,1,该用户想表达的含义是：询问针对毛孔粗大问题的护肤产品推荐。  （结合前文弹幕中频繁出现的护肤品类讨论（如祛斑、精华油、卸妆膏等），用户显然在关注具体功效的解决方案，且语境偏向直接的产品咨询，因此动机明确为寻求针对性护肤建议。）
weixue0806,美容护肤,要重拍吗,0,该用户可能在询问是否需要重新下单或修改已购买的商品信息。
weixue0806,美容护肤,1号链接到手几片,1,该用户是在询问1号链接商品的实际到手数量或包装规格。
weixue0806,美容护肤,产后怎么减肥,0,该用户可能在询问适合产后恢复身材的产品推荐或方法建议。
weixue0806,美容护肤,想要小气泡,0,该用户想表达的是对直播中提到的“小气泡”产品有购买意向或希望了解更多信息。
weixue0806,美容护肤,还是5片,0,该用户想确认当前商品规格是否仍为5片装。
weixue0806,美容护肤,美白精华天天擦吗,1,该用户想询问美白精华是否需要每天使用才能见效。
weixue0806,美容护肤,对胶原蛋白面膜还有吗,1,该用户想询问直播间是否还有胶原蛋白面膜的库存可供购买。
weixue0806,美容护肤,收毛孔,0,该用户想表达的含义是：询问直播间是否有针对收缩毛孔的产品推荐或相关介绍。
weixue0806,美容护肤,怎么下播越来越早了,0,该用户对直播提前结束感到遗憾，暗示希望延长直播时间以继续了解或购买商品。
weixue0806,美容护肤,"拍了油,说一下怎么用?",1,该用户想确认自己刚下单的护肤油产品的正确使用方法。
weixue0806,美容护肤,"精华,面膜.怎么用",1,该用户想询问直播中提到的精华和面膜产品的具体使用方法。
weixue0806,美容护肤,我也是拍的数量1到手是几片,0,该用户是在确认自己下单购买的商品实际收到的数量是否与预期一致。
weixue0806,美容护肤,就显示5片,0,该用户是在确认或质疑商品的实际数量与描述是否一致，表达对产品规格的疑问或不满。
weixue0806,美容护肤,私处脱毛,0,该用户可能是在询问直播间是否有关于私密部位脱毛的产品或相关使用方法。
weixue0806,美容护肤,"我的订单也显示5片,没有显示3盒",0,该用户想表达的含义是：自己下单时显示的商品数量与实际理解的不一致，对产品规格感到困惑并希望确认。
weixue0806,美容护肤,"角质层薄,脸泛红用哪个",1,该用户是在询问适合敏感泛红肌肤使用的产品推荐。
weixue0806,美容护肤,头发怎么管理,0,该用户想咨询如何护理或打理头发的问题。
weixue0806,美容护肤,头发怎么弄,0,该用户可能在询问关于头发护理产品或发型打理方法的推荐或使用建议。
weixue0806,美容护肤,漂亮韦姐姐9号链接怎么用呀,1,该用户是在询问主播关于9号链接商品的具体使用方法，表现出对产品的购买意向和使用需求。
weixue0806,美容护肤,用从新拍吗,0,该用户可能是在询问是否需要重新下单购买商品。
weixue0806,美容护肤,这个美白面膜和油怎么用啊,1,该用户想询问美白面膜和护肤油的使用方法和步骤。
weixue0806,美容护肤,小气泡洗面奶,1,该用户想表达的含义是：询问或表示对直播间提到的“小气泡洗面奶”这款产品感兴趣。
weixue0806,美容护肤,沐浴露推荐什么味道,1,该用户是在询问直播间推荐的沐浴露香型选择建议，表现出对产品的具体选购需求。
weixue0806,美容护肤,14号是几盒,1,该用户是在询问商品“14号链接”对应的产品规格是多少盒装。
weixue0806,美容护肤,极光四季精华面霜还有吗?,1,该用户是在询问直播间是否还有极光四季精华面霜的库存可供购买。
weixue0806,美容护肤,眼睫毛可以推荐一下吗姐姐[比心][比心][比心][比心][比心][比心][比心][比心],1,该用户想表达的含义是：希望主播推荐一款适合自己使用的睫毛产品。
weixue0806,美容护肤,功效型面膜还有吗,1,该用户是在询问直播间是否还有功效型面膜的库存，表现出明确的购买意向。
weixue0806,美容护肤,防晒有推荐嘛[流泪][流泪],1,该用户想表达的含义是：希望主播能推荐一款适合自己的防晒产品，并表现出强烈的需求意愿。
weixue0806,美容护肤,全身白白用什么,0,该用户想询问适合全身美白的产品推荐。
weixue0806,美容护肤,粉色衣服可以拍照么,0,该用户想询问粉色衣服是否适合拍照效果，可能对商品的上镜表现有购买兴趣。
weixue0806,美容护肤,面膜精华怎么用,1,该用户想询问面膜配套精华液的具体使用方法，可能是对产品功效或操作步骤存在疑惑。
weixue0806,美容护肤,川纹用哪款,1,该用户是在询问针对川字纹（额头或眉间的皱纹）应该选择哪款护肤产品。
weixue0806,美容护肤,用后洗脸吗,1,该用户是在询问产品使用后是否需要清洁面部步骤。
weixue0806,美容护肤,项链什么牌子的啊,1,该用户想询问直播中展示的项链品牌信息，表现出对产品的具体关注和潜在购买意向。
weixue0806,美容护肤,头发少怎么办,0,该用户可能在咨询直播间推荐的产品中是否有适合改善脱发或头发稀疏问题的解决方案。
weixue0806,美容护肤,产后如何身材管理,0,该用户可能在咨询适合产后恢复身材的产品或方法，表现出对相关美容健康类商品的潜在购买兴趣。
weixue0806,美容护肤,不出门在家也要防晒吗,0,该用户想表达的含义是：询问在室内是否需要使用防晒产品以及相关推荐。
weixue0806,美容护肤,买了1号,0,该用户想表达的含义是：已经下单购买了1号商品。
weixue0806,美容护肤,精华怎么用呀,1,该用户想询问产品“精华”的具体使用方法，可能是对产品功效感兴趣或考虑购买前需要了解使用细节。
weixue0806,美容护肤,怎么瘦啊,0,该用户可能在询问直播间推荐的产品或方法，希望获得关于减肥或塑身的建议。
weixue0806,美容护肤,眼睛又大了看着,0,该用户可能是想询问主播使用的美妆产品（如眼线或睫毛膏）让眼睛显得更大的效果，或是称赞主播的眼睛看起来更大了。
weixue0806,美容护肤,3号链接多少片,1,该用户想询问3号链接商品的具体数量或规格信息。
weixue0806,美容护肤,直接拍嘛,0,该用户想表达的含义是：询问是否可以直接下单购买当前展示的商品。
weixue0806,美容护肤,面膜和精华怎么用??????????,1,该用户想询问面膜和精华的使用方法，可能是对产品功效感兴趣或不确定具体操作步骤。
weixue0806,美容护肤,有没有素颜霜推荐的呀,1,该用户想表达的含义是：希望主播能推荐一款适合日常使用的素颜霜产品。
weixue0806,美容护肤,精华也天天用吗?,1,该用户是在询问主播是否每天都需要使用精华产品，以确认使用频率或了解产品日常护理的必要性。
weixue0806,美容护肤,不用重拍了吧,0,该用户可能在询问之前提到的产品是否可以直接购买而无需重新下单操作。
weixue0806,美容护肤,"胶原蛋白面膜,有没有",1,该用户想询问直播间是否有胶原蛋白面膜这款产品。
weixue0806,美容护肤,防晒上一下[比心][比心][比心][比心],1,该用户迫切希望主播尽快上架或讲解防晒产品，并表现出强烈的购买意愿和喜爱之情。
weixue0806,美容护肤,@阿***YoLoYYX,0,该用户可能是想通过@主播的方式询问某款产品的具体信息或表达购买意向。
weixue0806,美容护肤,先敷那个祛斑精华再贴面膜吗?,1,该用户想询问祛斑精华和面膜的正确使用顺序，表现出对产品具体使用方法的关注和潜在的购买意向。
weixue0806,美容护肤,整点身材管理的知识呗,0,该用户想表达的含义是：希望主播分享一些关于保持或改善身材的实用建议或技巧。
weixue0806,美容护肤,"讲一下颈纹霜,和精华粒",1,该用户想了解颈纹霜和精华粒的具体产品功效或使用方法。
weixue0806,美容护肤,雪雪好美,0,该用户是在夸赞主播的外貌，表达对主播的喜爱和欣赏，但并未直接表现出对商品的购买兴趣。
weixue0806,美容护肤,"年龄估计比我大,但是比我年轻好多.我也要保养起来[鼓掌]",0,该用户想表达的含义是：虽然主播实际年龄比我大，但看起来比我年轻，这让我产生了保养护肤的强烈意愿。
weixue0806,美容护肤,不用退了再拍吧?,0,该用户可能是在询问是否需要取消之前的订单重新下单购买产品。
weixue0806,美容护肤,怎么使用呀,0,该用户想询问产品的具体使用方法或操作步骤。
weixue0806,美容护肤,拍了3号,0,该用户想表达的含义是：我已经下单购买了3号商品。
weixue0806,美容护肤,需要重新拍么,0,该用户可能在询问是否需要重新下单购买商品，可能是对之前的购买流程或商品选择存在疑问。
weixue0806,美容护肤,有美白身体的吗,1,该用户是在询问直播间是否有针对身体美白功效的产品推荐或讲解。
weixue0806,美容护肤,精华怎么,0,该用户想询问精华产品的具体使用方法或搭配建议。
weixue0806,美容护肤,防晒上一下,1,该用户希望主播尽快介绍或上架防晒产品，表现出明确的购买意向。
weixue0806,美容护肤,我已经拍了,0,该用户想表达的含义是：我已经下单购买了（商品）。
weixue0806,美容护肤,精华一支是一次的量吗,1,该用户想询问精华产品的单次使用剂量是否为一支的容量。
weixue0806,美容护肤,项链有链接吗,1,该用户对直播中展示的项链感兴趣，想询问购买渠道以便下单。
weixue0806,美容护肤,"2号下单的油、今天就收到了,快递贼快[捂脸]",0,该用户想表达的含义是：对物流速度感到惊喜，并间接肯定了产品的购买体验。
weixue0806,美容护肤,精华跟面膜一起用吗?,1,该用户是在询问精华和面膜的使用顺序是否可以同时进行。
weixue0806,美容护肤,"已经拍了.1号链接到手是31片的吧,不是五片吧",0,该用户想确认自己下单的1号链接商品实际收到的数量是31片而非5片，表现出对商品规格的核实需求和潜在的购买决策依赖。
weixue0806,美容护肤,我在等,0,该用户想表达的含义是：等待主播讲解或上架自己感兴趣的商品。
weixue0806,美容护肤,这个美白面膜和油怎么一起用啊,1,该用户想咨询美白面膜和护肤油的使用顺序或搭配方法。
weixue0806,美容护肤,沐浴露沐浴乳沐浴乳沐浴露沐浴乳沐浴露沐浴乳沐浴露沐浴乳沐浴露沐浴乳沐浴露沐浴乳,1,该用户可能是在急切询问或确认直播间正在介绍的沐浴露产品信息，表现出对商品功能的关注和潜在的购买兴趣。
weixue0806,美容护肤,是5片,0,该用户是在确认或质疑产品规格是否为五片装。
weixue0806,美容护肤,不出门在家需要防晒吗,0,该用户可能是在询问居家场景下是否需要使用防晒产品，暗示对防晒产品的潜在购买兴趣。
weixue0806,美容护肤,发晒防晒,0,该用户想表达的含义是：催促主播尽快上架或介绍防晒产品。
weixue0806,美容护肤,"姐,你生了三个怎么瘦身的",0,该用户想表达的含义是：询问主播如何在生育后保持身材，暗示对相关瘦身产品或方法感兴趣。
weixue0806,美容护肤,素颜霜有推荐的嘛素颜霜,1,该用户想表达的含义是：询问主播是否有值得推荐的素颜霜产品。
weixue0806,美容护肤,项链项链项链,1,"该用户急切地询问项链商品的购买链接或催促主播展示项链产品。  （结合前文可见直播间存在高频商品咨询行为，且此前已有用户直接询问""项链有链接吗""，目标用户通过重复关键词强化诉求，符合直播间常见的催促/询问购买意向模式）"
weixue0806,美容护肤,刚来韦姐真的是讲啥买啥,0,该用户想表达的含义是：我刚进直播间就被主播的推荐吸引，忍不住跟着下单了。
weixue0806,美容护肤,拍了显示5片[捂脸],0,该用户想表达的含义是：下单后发现商品详情显示只有5片，对此感到意外或困惑。
weixue0806,美容护肤,面膜收到了,0,该用户想表达的含义是：确认自己购买的面膜已到货，并可能暗示对物流速度或产品本身的满意。
weixue0806,美容护肤,"精华,面膜,怎么用",1,该用户想询问精华和面膜的使用方法以及是否可以搭配使用。
weixue0806,美容护肤,怎么护理头发,0,该用户可能是在询问主播关于头发护理产品的使用建议或推荐相关商品。
weixue0806,美容护肤,4号链接怎么用,1,该用户想询问4号链接商品的具体使用方法或操作步骤。
weixue0806,美容护肤,不用退了重拍吧?,0,该用户可能是在询问是否需要取消之前的订单重新下单以获取正确的商品数量或优惠。
weixue0806,美容护肤,姐姐哪个对皱纹有效?我想给妈妈买,1,该用户是在询问主播推荐哪款产品能有效改善皱纹，并表明自己有明确的购买意向是为了送给母亲。
weixue0806,美容护肤,想要衣服链接,1,该用户对直播中展示的服装产生了明确的购买意向，希望获取商品购买渠道以便下单。
weixue0806,美容护肤,没库存呀,1,该用户想表达的含义是：看中的商品已经售罄了，感到遗憾或着急。
weixue0806,美容护肤,怎么祛斑????,0,该用户想表达的含义是：询问直播间推荐的产品或方法能否有效解决祛斑问题。  （结合前文语境，直播间正在讨论护肤品、美容方法等，用户可能对相关产品产生兴趣，希望通过弹幕获取针对性解答。）
weixue0806,美容护肤,怎么用说说,1,该用户想询问主播详细介绍某款产品的使用方法。
weixue0806,美容护肤,只显示5片,0,该用户想表达的含义是：商品详情页或购买页面显示的面膜数量只有5片（可能对数量有疑问或不满）。
weixue0806,美容护肤,讲一下6号,1,该用户想询问主播详细介绍6号产品的相关信息。
weixue0806,美容护肤,美白面膜多久贴一次,1,该用户想询问美白面膜的使用频率以考虑是否购买。
weixue0806,美容护肤,不用重新拍吧,0,该用户是在询问之前购买的商品是否需要重新下单，可能担心之前的订单有问题或想确认购买流程是否正确。
weixue0806,美容护肤,怎么瘦,0,该用户可能是在询问主播关于产后瘦身或快速减肥的方法。
weixue0806,美容护肤,"姐,产后怎么瘦身",0,该用户想表达的含义是：询问主播关于产后瘦身的方法或产品推荐。
weixue0806,美容护肤,想要祛斑产品,1,该用户希望主播推荐能够有效淡化色斑的护肤产品。
weixue0806,美容护肤,已经拍了的还用重新再拍吗,0,该用户是在询问之前已经下单的商品是否需要再次购买。
weixue0806,美容护肤,宝宝的睡衣,1,该用户可能在询问主播展示的儿童睡衣的购买链接或产品详情。
weixue0806,美容护肤,"要显示5片*3盒呀,就显示了5片",0,该用户可能是在疑惑或抱怨商品详情页显示的信息与实际不符，原本应该展示“5片×3盒”的规格却只显示了“5片”，担心自己购买时理解有误或商家标注不清晰。
weixue0806,美容护肤,请问有素颜霜吗,1,该用户可能在询问直播间是否有素颜霜产品并对其产生购买兴趣。
weixue0806,美容护肤,有没有水乳霜,1,该用户是在询问直播间是否有售卖水、乳、霜这类基础护肤品。
weixue0806,美容护肤,怎么用啊说说,0,该用户想询问产品的具体使用方法或操作步骤。
weixue0806,美容护肤,讲下防晒,1,该用户希望主播详细介绍防晒产品的功效或使用方法。
weixue0806,美容护肤,身上外套是什么样子,1,该用户想询问主播身上穿的外套款式细节，可能是对这件衣服感兴趣并考虑购买。
weixue0806,美容护肤,谁知道项链什么牌子的,0,该用户想表达的含义是：询问项链的品牌信息以便考虑购买。
weixue0806,美容护肤,"期待效果[爱心]美白面膜,每周用几片",1,该用户对美白面膜的效果感到期待，并想了解产品的具体使用频率。
weixue0806,美容护肤,6盒吧,0,该用户想表达的是打算购买6盒产品。
weixue0806,美容护肤,产后怎么减肥啊姐,0,该用户想表达的含义是：询问主播关于产后瘦身的有效方法或相关产品推荐。
weixue0806,美容护肤,不是6盒吗,0,该用户可能是在质疑或确认产品数量与宣传不符，认为应该显示的是6盒而非当前展示的5片或其他数量。
weixue0806,美容护肤,身体乳推荐哪个味道?,1,该用户想咨询主播推荐身体乳的具体香型款式，表现出对产品的选购兴趣和需求。
weixue0806,美容护肤,有没有水乳霜推荐,1,该用户想表达的含义是：希望主播推荐适合自己使用的水乳霜护肤产品。
weixue0806,美容护肤,痘肌能用吗,1,该用户是在询问产品是否适合痘痘肌使用，表达了对产品适用性的关注和潜在的购买意向。
weixue0806,美容护肤,孕妇可用吗?,1,该用户想询问直播中推荐的产品是否适合孕妇使用，以判断自己是否符合购买条件。
weixue0806,美容护肤,心情不好就来看看你直播心情都会变好多[比心],0,该用户想表达的含义是：观看直播能缓解负面情绪，对主播有情感依赖。
weixue0806,美容护肤,"怎么选,1号还是6号??",1,该用户在询问主播关于商品编号的选择建议，表现出对1号和6号产品的购买犹豫和决策需求。
weixue0806,美容护肤,为啥就显示五片[捂脸],0,该用户对商品展示信息不完整感到困惑，认为应该显示的是15片（5片×3盒）而非仅标注5片。
weixue0806,美容护肤,"今天没有新品,什么时候会有白天用的新品",1,该用户是在询问主播何时会上架适合白天使用的新产品，表现出对特定品类商品的期待和购买意向。
weixue0806,美容护肤,是一起用吗,0,该用户可能在询问当前展示的产品是否需要搭配其他产品同时使用。
weixue0806,美容护肤,等好久了,0,该用户想表达的含义是：终于等到这款产品/环节了，期待已久。
weixue0806,美容护肤,白天那个真的是你,0,该用户可能在确认主播白天展示的产品或形象是否与当前直播一致，表达对产品真实性或主播身份的关注。
weixue0806,美容护肤,护理头发的有没有,1,该用户是在询问直播间是否有推荐或介绍关于头发护理的相关产品。
weixue0806,美容护肤,有没有胶原蛋白那个面膜呀?,1,该用户是在询问直播间是否售卖胶原蛋白面膜产品。
weixue0806,美容护肤,产后怎么瘦身啊姐,0,该用户是在询问主播关于产后身材恢复的方法，表现出对相关产品或解决方案的兴趣和需求。
weixue0806,美容护肤,不是六盒吗,0,该用户可能在质疑或确认产品包装规格，认为主播之前提到的应该是六盒装而非其他数量。
weixue0806,美容护肤,拍了美白显示5片送5片,0,"该用户想表达的含义是：下单时发现美白面膜的赠品数量与预期不符，对活动详情存在疑问。  （结合前文语境，直播间正在讨论产品规格和优惠信息，用户可能看到其他弹幕提到""6盒""或对数量有疑问，因此反馈自己下单时看到的赠品信息不一致，隐含希望主播澄清或确认活动规则的心理。）"
weixue0806,美容护肤,你这6盒,0,该用户是在确认或质疑产品规格是否为六盒装。
weixue0806,美容护肤,卸妆的说一下,1,该用户想询问主播关于卸妆产品的使用体验或推荐建议。
weixue0806,美容护肤,油讲解一下,1,该用户希望主播详细介绍当前展示的护肤油产品的功效或使用方法。
weixue0806,美容护肤,也有补水保湿功效吗,1,该用户是在询问当前直播介绍的产品是否同时具备补水和保湿的功能。
weixue0806,美容护肤,精华什么时候用?,1,该用户想询问精华产品的具体使用时间段或使用顺序。
weixue0806,美容护肤,上面显示不是这样的,0,该用户在质疑直播画面或主播描述的产品信息与实际显示不符，可能是对产品规格、数量或外观存在疑问。
weixue0806,美容护肤,痘印可以吗,0,该用户是在询问产品是否适用于痘印肌肤。
weixue0806,美容护肤,沐浴露有吗,1,该用户是在询问直播间是否有沐浴露产品在售或相关介绍。
weixue0806,美容护肤,到手32片+30支次抛精华,0,该用户是在确认或询问当前促销活动的具体赠品内容，即购买产品是否会赠送32片面膜和30支次抛精华。
weixue0806,美容护肤,胶原蛋白灌注面膜还有吗?,1,该用户是在询问直播间是否还有胶原蛋白灌注面膜的库存，表现出明确的购买意向。
weixue0806,美容护肤,精华是做面膜用吗,0,该用户是在询问精华产品的具体使用方式，想知道它是否可以搭配面膜使用。
weixue0806,美容护肤,怎么用啊啊啊啊,0,该用户想表达的含义是：询问产品的具体使用方法或操作步骤。
weixue0806,美容护肤,姐姐你的眼睫毛是啥啊求求了[爱心][爱心][爱心][爱心][爱心][爱心][爱心][爱心][爱心][爱心][爱心],0,该用户想表达的含义是：迫切想知道主播使用的睫毛产品型号并表现出强烈的购买意愿。  （解析：结合直播间的美妆护肤类提问氛围和爱心符号的密集使用，可判断用户被主播妆容吸引，通过高情感强度的表达方式询问产品信息，核心诉求是获取同款购买链接。）
weixue0806,美容护肤,孕妈妈可以用吗?孕妈妈可以用吗?孕妇可以用吗?,1,该用户迫切想知道产品是否适合孕妇使用，表现出较强的购买意向和安全性顾虑。
weixue0806,美容护肤,我都退了一个,0,该用户想表达的含义是：我之前已经退货过一次了（暗示对当前产品有顾虑或不满）。
weixue0806,美容护肤,天天用吗,0,该用户可能是在询问产品是否需要每天使用以确认使用频率和适用性。
weixue0806,美容护肤,"雪,我拍到10号能说一下吗",1,该用户想询问主播自己拍下的10号商品是否能得到详细介绍或确认发货信息。
weixue0806,美容护肤,1号孕妇可用吗?,1,该用户是在询问直播中提到的1号产品是否适合孕妇使用。
weixue0806,美容护肤,小姐姐我要水光霜[比心][比心][比心],1,该用户想表达的含义是：对主播推荐的水光霜表现出强烈的购买意愿和喜爱。
weixue0806,美容护肤,"怎么使用,一起用吗",1,该用户想询问产品的具体使用方法和是否可以与其他产品搭配使用。
weixue0806,美容护肤,3号的面膜很好用[比心],1,该用户是在积极反馈3号面膜的使用体验，暗示对产品效果的认可并可能产生复购意愿。
weixue0806,美容护肤,防晒上一下[比心][比心][比心],1,该用户想表达的含义是：希望主播尽快介绍或上架防晒产品，并表现出强烈的购买意愿和好感。
weixue0806,美容护肤,不用退了重拍吧,0,该用户可能是因拍错商品或对订单有疑问，但考虑到退货流程麻烦，决定直接保留当前订单而非重新操作。
weixue0806,美容护肤,粉刺多用哪个,1,该用户可能在询问针对粉刺问题的多效产品推荐或使用方法。
weixue0806,美容护肤,卸妆的推荐一下呀,1,该用户想表达的含义是：希望主播或其他人能推荐适合卸妆的产品。
weixue0806,美容护肤,"角质层薄,有红血丝用什么",1,该用户想询问适合敏感肌（角质层薄且有红血丝）人群使用的护肤产品推荐。
weixue0806,美容护肤,上点产后瘦身的产品吧,1,该用户希望主播推荐适合产后恢复身材的瘦身类产品。
weixue0806,美容护肤,还用退了从新拍么,0,该用户是在询问是否需要先办理退货再重新下单购买商品。
weixue0806,美容护肤,有没有素颜霜呀,1,该用户是在询问直播间是否售卖素颜霜产品，并隐含对该商品的购买意向。
weixue0806,美容护肤,不是六盒吗?,0,该用户可能是在质疑或确认产品数量与之前宣传的不一致，表达对购买规格的疑惑。
weixue0806,美容护肤,美白三明治护肤法怎么做啊姐姐,1,该用户想咨询主播关于“美白三明治护肤法”的具体操作步骤，并隐含对该护肤方法的兴趣和潜在购买意向。
weixue0806,美容护肤,1w粉丝30元1w粉丝30元1w粉丝30元1w粉丝30元1w粉丝30元1w粉丝30元1w粉,0,该用户疑似在直播间刷屏推广粉丝增量的广告服务，与当前直播带货内容无关。
weixue0806,美容护肤,怎么去泪沟,0,该用户可能是在询问直播间推荐的产品中是否有能改善泪沟问题的护肤或化妆产品。
weixue0806,美容护肤,2号链接,1,该用户可能在询问或确认2号链接对应的产品信息或购买方式。
weixue0806,美容护肤,重新下单还是这样的,0,该用户想表达的含义是：之前购买的产品存在问题，现在重新下单收到的还是同样有问题的货品。
weixue0806,美容护肤,9号链接怎么用呀?,1,该用户可能在询问9号链接产品的具体使用方法或适用场景，表现出对商品的潜在购买兴趣。
weixue0806,美容护肤,4号讲讲,1,该用户希望主播详细介绍4号产品的相关信息或功能。
weixue0806,美容护肤,感冒了吗,0,"该用户可能是在询问主播是否因身体不适影响了直播状态，或借此话题引出与健康相关的产品需求（如感冒药、保健品等）。  （解析：结合前文弹幕多为产品咨询和护肤健康类提问，且无感冒相关产品讨论，""感冒了吗""更可能是对主播状态的关切或隐晦引导健康品类推荐，而非直接购买兴趣表达。）"
weixue0806,美容护肤,我还以为姐姐感冒了,0,该用户可能是注意到主播声音或状态异常，误以为主播感冒了，实则是想确认主播的身体状况是否影响产品讲解或直播体验。
weixue0806,美容护肤,洁面有活动吗姐姐,1,该用户是在询问洁面产品是否有促销活动，表现出明确的购买意向。
weixue0806,美容护肤,胶原灌肤面膜有吗?,1,该用户是在询问直播间是否有售卖“胶原灌肤面膜”这款产品，表现出明确的购买意向或产品需求。
weixue0806,美容护肤,有没有胶原蛋白的那个面膜,1,该用户是在询问直播间是否售卖含有胶原蛋白成分的面膜产品，表现出对特定功效护肤品的明确购买意向。
weixue0806,美容护肤,贼牛那个面膜有没,1,该用户想询问直播间是否有售卖“贼牛”品牌的面膜产品。
weixue0806,美容护肤,6号早点哈,0,该用户可能在催促主播尽快讲解或上架6号链接的产品。
weixue0806,美容护肤,去颈纹滴,1,该用户想表达的含义是：询问直播间是否有能改善颈部皱纹的产品。
weixue0806,美容护肤,沐浴乳沐浴露沐浴乳沐浴露沐浴乳沐浴露沐浴乳沐浴露沐浴乳沐浴露沐浴乳沐浴乳沐浴露沐浴乳沐浴露沐浴乳沐浴,1,该用户可能因直播中反复提及沐浴产品但未明确介绍具体信息而感到焦躁，试图通过刷屏方式催促主播详细讲解沐浴乳/沐浴露的相关内容或优惠活动。
weixue0806,美容护肤,你喝的是什么呀,0,该用户可能是对主播正在使用的饮品产生了兴趣，想了解产品信息以便考虑购买。
weixue0806,美容护肤,喝的什么水,0,该用户可能是好奇主播正在饮用的产品品牌或类型，并暗示对该饮品有潜在购买兴趣。
weixue0806,美容护肤,做了皮秒推荐一个面膜,1,"该用户想表达的含义是：刚做完皮秒医美项目，想咨询适合术后修复的面膜推荐。  （结合前文语境，用户提问聚焦护肤产品需求，且提及具体医美项目""皮秒""，说明其有明确消费场景和功能性需求，属于主动寻求产品推荐的购买兴趣表达。）"
weixue0806,美容护肤,美白面膜要洗吗,1,该用户想询问美白面膜使用后是否需要清洗，以确认正确的护肤步骤。
weixue0806,美容护肤,以前那个面膜没有了,1,该用户想表达的含义是：询问之前推荐过的某款面膜是否已经下架或售罄。
weixue0806,美容护肤,激素脸.可以用面膜吗,1,该用户可能因皮肤敏感（如激素脸）而担心面膜适用性，想咨询主播是否有适合脆弱肌的面膜产品或使用建议。
weixue0806,美容护肤,这个跟奥嘉娜哪个好,1,该用户想表达的含义是：比较当前产品与奥嘉娜品牌的同类产品优劣以辅助购买决策。
weixue0806,美容护肤,有补水面膜吗,1,该用户是在询问直播间是否售卖具有补水功效的面膜产品。  （结合前文语境分析：当前弹幕主题集中在面膜类产品的功效咨询（如胶原蛋白、美白、敏感肌适用性等），用户延续了同类提问模式，核心诉求是确认商品是否存在并获取相关信息。）
weixue0806,美容护肤,想要灌肤面膜,1,该用户想表达的含义是：对直播间提到的胶原灌肤面膜有明确的购买意向。
weixue0806,美容护肤,刚刚拍了要重新拍噢,0,该用户想表达的含义是：自己已经下单了某款产品，但发现需要重新购买或修改订单。
weixue0806,美容护肤,精华推荐哪个,1,该用户想询问主播推荐哪款精华产品比较合适。
weixue0806,美容护肤,明天不直播吗,0,该用户可能是在确认直播时间安排，以便调整自己的购物计划或确保不错过后续的促销活动。
weixue0806,美容护肤,韦雪居然这么多粉丝这社会简直不敢想象,0,该用户是在感叹主播韦雪的粉丝数量超出自己的预期，并对此表示惊讶和难以理解。
weixue0806,美容护肤,产后急需减肥上点瘦身产品吧[捂脸],1,该用户是在以调侃的语气表达对产后身材恢复的需求，暗示希望主播推荐相关瘦身产品。
weixue0806,美容护肤,"姐姐,身体美白有推荐吗",1,该用户想表达的含义是：询问主播是否有针对身体美白效果的产品推荐。
weixue0806,美容护肤,真的可以美白吗?,1,该用户对产品的美白效果存在疑虑，希望主播能提供真实的使用反馈或科学依据。
weixue0806,美容护肤,洁面有活动吗,1,该用户想询问直播间当前是否有洁面产品的促销优惠活动。
weixue0806,美容护肤,3号链接是五片吗?,1,该用户是在确认3号链接商品的具体规格是否为五片装，表现出对产品细节的关注和潜在的购买意向。
weixue0806,美容护肤,洗面奶还有活动吗,1,该用户是在询问洗面奶的促销信息，表现出明确的购买意向和价格敏感度。
weixue0806,美容护肤,水光霜[比心][比心],1,该用户想表达的含义是：对水光霜产品表现出喜爱和购买意向。  （结合前文弹幕多为护肤品类讨论和提问，且频繁出现表情符号[比心]，可推断用户主动提及产品名称并附加积极情绪，属于明确的兴趣表达。）
weixue0806,美容护肤,什么价值观,0,该用户可能是在质疑直播间推荐的某些产品或宣传理念与其个人价值观不符。
weixue0806,美容护肤,3号多少片,1,该用户是在询问3号链接商品的具体规格（片数），可能是想确认是否满足自己的需求或与其他选项比较。
weixue0806,美容护肤,效果好吗,1,该用户是在询问直播中推荐的产品实际使用效果如何，表现出对产品功效的潜在购买兴趣。
weixue0806,美容护肤,"姐姐,全身这么白怎么做到的[愉快]姐姐,全身这么白怎么做到的[愉快]",0,该用户想表达的含义是：询问主播如何实现全身美白并希望获得相关产品推荐。
weixue0806,美容护肤,已经拍完还用重新再拍吗,0,该用户是在确认自己已经下单的商品是否需要重复购买，可能是担心之前的订单操作有误或活动规则变更。
weixue0806,美容护肤,防晒上一下[比心][比心][比心][比心][比心][比心][比心][比心][比心],1,该用户急切希望主播尽快上架防晒产品，并通过密集的比心表情表达强烈期待和购买意愿。
weixue0806,美容护肤,身体怎么做到紧致的,0,该用户想表达的含义是：咨询如何通过产品或护理方法达到身体皮肤紧致的效果。
weixue0806,美容护肤,颈霜能不能介绍一下想买,1,该用户想表达的含义是：对主播介绍的颈霜产品感兴趣并希望详细了解功能或优惠信息。
weixue0806,美容护肤,讲一下面霜好不好,1,该用户想表达的含义是：希望主播详细介绍面霜的功效和使用体验，以评估是否值得购买。
weixue0806,美容护肤,"我不知10号是什么,但很多人都要10号的,觉得是好东西,能说说吗",1,该用户想表达的含义是：看到大家都在抢购10号产品，虽然不了解具体是什么，但出于从众心理想进一步了解其功能和优势。
weixue0806,美容护肤,雪姐你那个功能性面膜几号链接,1,该用户想询问主播推荐的功能性面膜对应的商品链接编号，以便直接下单购买。
weixue0806,美容护肤,皮肤干推荐一下呗,1,该用户想表达的含义是：希望主播针对干燥肤质推荐合适的护肤产品。  （结合前文弹幕中频繁出现的护肤类产品询问（如美白、洁面、面霜等），以及用户直接提及具体需求“皮肤干”，可推断其动机是寻求针对性推荐，而非单纯闲聊。）
weixue0806,美容护肤,法令纹怎么淡化,0,该用户想表达的含义是：询问直播间是否有推荐淡化法令纹的产品或方法。
weixue0806,美容护肤,精华怎么搭配顺序,1,该用户想询问不同精华产品的使用步骤和搭配方法，以优化护肤效果。
weixue0806,美容护肤,产后瘦身买哪个产品姐,1,该用户想咨询主播推荐适合产后瘦身的产品，表现出明确的购买意向和需求。
weixue0806,美容护肤,耳骨钉是什么牌子,1,该用户想询问耳骨钉的品牌信息，可能对当前展示或提到的饰品产生了购买兴趣。
weixue0806,美容护肤,kk勒,0,该用户可能在催促主播加快节奏或询问某个产品的简称/昵称（如“kk”可能指代某款商品）。
weixue0806,美容护肤,2号链接可以讲一下吗?,1,该用户想表达的含义是：希望主播详细介绍2号链接对应的产品信息。
weixue0806,美容护肤,5号链接看看吧,1,该用户想表达的含义是：希望主播详细介绍或展示5号链接对应的产品信息。
weixue0806,美容护肤,敷了完要洗吗,1,该用户想询问使用产品后是否需要清洗。
weixue0806,美容护肤,怎么用啊啊啊啊啊啊啊啊,0,该用户想表达的含义是：询问产品的具体使用方法或操作步骤。
weixue0806,美容护肤,眼袋怎么办呀,0,该用户想询问直播间是否有针对改善眼袋问题的产品或解决方案。
weixue0806,美容护肤,用了会变激素脸吗[捂脸][捂脸],1,该用户是在担忧产品的安全性，询问使用后是否会导致皮肤激素依赖等不良反应。
weixue0806,美容护肤,精华.面膜.怎么用,1,该用户想询问产品（精华和面膜）的具体使用方法，可能是对这两类商品产生了兴趣或在使用上有疑惑。
weixue0806,美容护肤,精华怎样用,1,该用户想询问精华产品的具体使用方法和步骤。
weixue0806,美容护肤,怎么瘦我也想问,0,该用户想表达的是对直播中提到的瘦身产品或方法感兴趣，希望主播能进一步讲解如何实现瘦身效果。
weixue0806,美容护肤,眼油对黑圆圈有用吗,1,该用户想询问眼油产品是否能有效改善黑眼圈问题，并隐含潜在的购买意向。
weixue0806,美容护肤,产后瘦身的产品也上一点吧[捂脸],1,该用户希望主播能推荐一些针对产后瘦身需求的产品。
weixue0806,美容护肤,1号和6号什么区别,1,该用户想了解1号和6号产品之间的具体差异以便做出购买决策。
weixue0806,美容护肤,4号防晒讲讲呗,1,该用户想表达的含义是：希望主播详细介绍4号链接的防晒产品信息。
weixue0806,美容护肤,"就显示五片,退了[捂脸]",0,该用户因对产品展示的规格（仅五片）不满意而决定取消购买意向。
weixue0806,美容护肤,有么有粉底液,1,该用户是在询问直播间是否有粉底液产品可供推荐或购买。
weixue0806,美容护肤,怎样能瘦阿,0,该用户想咨询直播间是否有推荐减肥产品或瘦身方法。
weixue0806,美容护肤,容易长痘痘推荐什么,1,该用户想表达的含义是：询问主播针对易长痘肤质的产品推荐。
weixue0806,美容护肤,姐姐你是一点美颜没开吗,0,该用户可能是在确认主播的真实肤质状态，以此评估产品效果的可信度或自然度。
weixue0806,美容护肤,法令纹用那种好,1,该用户想询问针对法令纹问题推荐哪款产品效果更好。
weixue0806,美容护肤,杯子好看,0,该用户可能被直播中展示的杯子外观吸引，暗示有潜在购买意向。
weixue0806,美容护肤,"我刚特意查了一下彩椒的功效,有美容养颜抗衰的作用,明天我也吃起来",0,该用户通过主动查询产品功效并表达尝试意愿，暗示对彩椒类商品产生了明确的购买兴趣。
weixue0806,美容护肤,眼霜没有吗,1,该用户可能在询问直播间是否售卖或推荐过眼霜产品，并表现出对这类商品的潜在购买兴趣。
weixue0806,美容护肤,这是直播吗,0,该用户可能是在确认当前观看的是实时直播而非录播内容，以便判断能否获得即时互动或产品答疑。
weixue0806,美容护肤,先用那个,0,该用户想表达的含义是：建议主播优先演示或介绍某个产品的使用方法。
weixue0806,美容护肤,头发真多,0,该用户可能是在夸赞主播的发量或发型，暗示对相关护发产品或造型方式的兴趣。
weixue0806,美容护肤,有卸妆的吗?,1,该用户是在询问直播间是否有卸妆类产品在售或推荐。
weixue0806,美容护肤,精华怎用,1,该用户想询问护肤精华的使用方法或步骤。
weixue0806,美容护肤,眼部精华怎么用,1,该用户是在询问眼部精华的具体使用方法，表现出对产品的实际使用细节的关注和潜在购买意向。
weixue0806,美容护肤,10号说一下咋用今天收到货,1,该用户想询问10号产品的具体使用方法，并表示自己今天刚收到货。
weixue0806,美容护肤,姐喝的什么呀,0,该用户可能是在询问主播正在饮用的产品名称或功效，暗示对同类商品的潜在购买兴趣。
weixue0806,美容护肤,五个精华,1,该用户可能在询问关于某款精华产品的具体信息或使用方式。
weixue0806,美容护肤,过3号,1,该用户可能在催促主播讲解或展示3号产品。
weixue0806,美容护肤,下了4号链接防晒不挑肤质的吧,1,该用户想确认4号链接的防晒产品是否适合所有肤质，并暗示有购买意向。
weixue0806,美容护肤,孕期能用吗,1,该用户想询问直播中推荐的产品是否适合孕妇使用。
weixue0806,美容护肤,黑头推荐什么,1,该用户可能在询问针对黑头问题的护肤产品推荐。
weixue0806,美容护肤,口红上一下,1,该用户希望主播尽快展示或讲解口红的商品信息。
weixue0806,美容护肤,還是5片,0,该用户想表达的含义是：询问当前展示的商品是否仍然是五片装。
weixue0806,美容护肤,人格魅力真的很顶,0,该用户想表达的含义是：主播的个人气质和表现力非常吸引人，让人产生好感。
weixue0806,美容护肤,"雪,加油[赞]",0,该用户是在为主播“雪”加油打气，表达支持与鼓励。
weixue0806,美容护肤,有胶原蛋白面膜吗,1,该用户是在询问直播间是否有售卖胶原蛋白面膜这款产品，表现出对相关护肤品的购买兴趣。
weixue0806,美容护肤,在喝什么吗,0,该用户可能在询问主播正在饮用的产品名称或功效，表达对直播中展示的饮品感兴趣或想了解相关推荐。
weixue0806,美容护肤,显示次抛才送5支,0,该用户可能在质疑直播间展示的次抛精华赠品数量较少，认为“才送5支”不够划算或低于预期。
weixue0806,美容护肤,有祛斑的产品吗,1,该用户是在询问直播间是否有针对祛斑功效的美容产品可供购买。
weixue0806,美容护肤,讲解一下怎么用,1,该用户希望主播详细演示或说明产品的使用方法。
weixue0806,美容护肤,产后减肥的产品也安排一波吧[捂脸],1,该用户希望主播推荐适合产后减肥的相关产品。
weixue0806,美容护肤,"野路子,一天两三张,零投资,见效快",0,该用户可能在质疑直播间的产品或宣传方式，暗示其推销手段不够正规或可信。
weixue0806,美容护肤,怎么用啊啊啊啊啊啊,1,该用户想表达的含义是：询问产品的具体使用方法。  （结合前文语境，直播间频繁出现关于产品使用方式的提问，如“精华怎用”“讲解一下怎么用”等，目标弹幕的急切语气“啊啊啊”进一步凸显用户对操作指导的需求，核心意图仍是寻求使用说明。）
weixue0806,美容护肤,你在和谁聊天!,0,该用户可能是在询问主播为何分心与他人交谈，暗示希望主播专注直播内容或回应观众问题。
weixue0806,美容护肤,小雪雪,0,该用户可能是在用昵称亲切地称呼主播或表达支持鼓励。
weixue0806,美容护肤,姐姐有没有淡斑的,1,该用户是在询问主播是否有能够淡化色斑功效的美容产品。
weixue0806,美容护肤,有没有防晒霜,1,该用户是在询问直播间是否有防晒霜产品上架或推荐。
weixue0806,美容护肤,杯子有卖吗,1,该用户是在询问直播间是否有售卖杯子的商品链接。
weixue0806,美容护肤,6号有精华吗,1,该用户是在询问直播间是否有6号链接对应的精华产品。
weixue0806,美容护肤,身上衣服哪里买,1,该用户想询问主播身上所穿服装的购买渠道。
weixue0806,美容护肤,洗面奶洗的确实非常干净就是量有点少能不能搞一波活动啊,1,该用户对洗面奶的使用效果满意但觉得容量不足，希望商家能推出促销活动以便囤货。
weixue0806,美容护肤,这个面膜孕妇可以用吗,1,该用户可能是在询问面膜成分的安全性，以确认是否适合孕期使用，表现出对产品的潜在购买意向和谨慎态度。
weixue0806,美容护肤,@阿***就是YOLOYYX,0,该用户可能是在用昵称或代号呼唤主播，表达互动或支持的意图。
weixue0806,美容护肤,3号面膜好用还是6号,1,该用户想询问3号和6号面膜中哪一款效果更好，以便做出购买选择。
weixue0806,美容护肤,精华怎么用啊,1,该用户想询问直播中提到的精华产品的具体使用方法。
weixue0806,美容护肤,有卸妆的介绍吗,1,该用户是在询问直播间是否有关于卸妆产品的详细介绍或推荐。
weixue0806,美容护肤,上油吗,1,该用户可能在询问主播当前展示的产品是否具有滋润或保湿的功效。
weixue0806,美容护肤,敷完之后涂精华吗?,1,该用户是在询问当前介绍的面膜产品使用步骤，想确认后续是否需要搭配精华液进行护肤。
weixue0806,美容护肤,刚进来的新粉,0,该用户想表达的含义是：自己是初次观看直播的新观众，对当前讨论的内容还不熟悉。
weixue0806,美容护肤,身体美白买啥,1,该用户想询问适合用于全身美白的产品推荐。
weixue0806,美容护肤,精华怎么用效果更好,1,该用户想了解精华产品的具体使用方法和技巧以提升效果。
weixue0806,美容护肤,"姐姐,法令纹用哪种好",1,该用户是在询问主播推荐适合改善法令纹的产品。
weixue0806,美容护肤,怎么用啊啊啊啊啊啊啊,0,该用户想表达的含义是：询问产品的具体使用方法。
weixue0806,美容护肤,5号洗面奶可以去粉刺吗,1,该用户是在询问5号洗面奶是否具有祛除粉刺的功效，表现出对这款产品的具体功效和适用性的关注。
weixue0806,美容护肤,都怎么用?,1,该用户想询问产品的具体使用方法或操作步骤。
weixue0806,美容护肤,口红分享一下呀.姐,1,该用户想表达的含义是：希望主播推荐或详细介绍口红色号或使用心得。
weixue0806,美容护肤,"毛孔大的可以插秧了,有办法吗",0,该用户想表达的含义是：我的毛孔问题很严重，想知道你们有没有推荐的产品可以改善。
weixue0806,美容护肤,CEMOY洗面奶有吗,1,该用户是在询问直播间是否有售卖CEMOY品牌的洗面奶，表现出对该产品的明确购买意向。
weixue0806,美容护肤,"胶原蛋白面膜还有吗,美女啊,什么时候能看到我说的话啊",1,该用户急切询问胶原蛋白面膜的库存情况，并希望主播能尽快注意到自己的提问以便得到回复。
weixue0806,美容护肤,多少片面膜,1,该用户想询问面膜产品的具体规格或数量。
weixue0806,美容护肤,很难不爱这样的女人,0,该用户被主播的魅力或产品效果打动，表达了对主播或推荐商品的强烈好感与认同。
weixue0806,美容护肤,去年晚上我也听你的直播,0,该用户想表达的含义是：我是老观众了，去年就关注过你的直播。
weixue0806,美容护肤,"姐姐带小兽真好看,好看",0,该用户是在夸赞主播佩戴的饰品（“小兽”）很漂亮，表达了对主播外貌或穿搭的欣赏。
weixue0806,美容护肤,睡衣什么牌子啊,1,该用户想询问直播中展示的睡衣品牌信息，表达了对该商品的购买兴趣。
weixue0806,美容护肤,毛孔粗大可以用哪个毛孔粗大可以用哪个,1,该用户想表达的含义是：询问主播针对毛孔粗大的问题推荐哪款产品。  （结合前文弹幕中频繁出现的护肤咨询语境，用户显然是在寻求具体产品建议，且重复提问可能出于急切或未被及时回复。）
weixue0806,美容护肤,睫毛好好看,0,该用户可能是在夸赞主播的睫毛妆容或产品效果，暗示对相关美妆产品感兴趣。
weixue0806,美容护肤,防晒上一下[比心][比心],1,该用户希望主播尽快展示或介绍防晒产品。
weixue0806,美容护肤,"姐姐,想要衣服链接",1,该用户是在向主播询问当前展示服装的购买渠道，表达了对商品的明确兴趣和购买意向。
weixue0806,美容护肤,漂亮的雪姐姐,0,该用户是在夸赞主播的外貌和气质，表达对主播的喜爱和关注。
weixue0806,美容护肤,产后瘦身产品也安排一波吧,1,该用户希望主播推荐适合产后瘦身的商品。
weixue0806,美容护肤,有没有祛斑的产品,1,该用户想表达的含义是：我想了解直播间是否有针对祛斑问题的护肤产品推荐。
weixue0806,美容护肤,口红口红口红,1,该用户想表达的含义是：强烈要求主播介绍或推荐口红色号或产品。
weixue0806,美容护肤,胶原蛋白发光面膜没有吗,1,该用户是在询问直播间是否还有胶原蛋白发光面膜的库存或是否会上架该产品。
weixue0806,美容护肤,"在减肥,看你的直播就能忍住不吃",0,该用户想表达的含义是：通过观看直播转移注意力来抑制食欲，从而帮助自己坚持减肥。
weixue0806,美容护肤,讲下面霜好不好,1,该用户希望主播详细介绍下一款面霜的功效和使用体验。
weixue0806,美容护肤,"姐,可以看看耳洞吗",0,该用户想表达的含义是：想了解直播间展示的耳饰产品详情。
weixue0806,美容护肤,先用精华再用面膜吗?,1,该用户是在询问护肤品的使用顺序，表现出对直播推荐产品的具体使用方法的兴趣和潜在的购买意向。
weixue0806,美容护肤,好喜欢你呀[比心]说话特别经典[鼓掌],0,该用户主要是在表达对主播个人魅力和表现风格的喜爱与赞赏，而非直接询问商品信息或表露购买意向。
weixue0806,美容护肤,选1号还是6号啊啊啊,1,该用户正在纠结选择直播间推荐的1号还是6号商品，表现出强烈的购买意愿和选择困难。
weixue0806,美容护肤,大师面膜怎么使用呀,1,"该用户对""大师面膜""的具体使用方法感兴趣，可能正考虑购买或已购买需要指导。"
weixue0806,美容护肤,3号面膜好用还是6号3号面膜好用还是6号,1,该用户是在询问3号和6号面膜哪一款效果更好，希望主播能给出对比推荐。
weixue0806,美容护肤,姐姐瘦脸针可以打吗?,0,该用户想询问主播是否适合注射瘦脸针，并可能对相关医美产品产生兴趣。
weixue0806,美容护肤,雪祛斑好用的推荐一下,1,该用户想表达的含义是：希望主播推荐一款有效的祛斑产品。
weixue0806,美容护肤,这个和油怎么用啊啊啊啊啊啊,1,该用户想表达的含义是：询问该产品与油的具体使用方法。
weixue0806,美容护肤,猪油养,0,该用户可能是想询问关于“猪油养护”类美妆产品的使用方法或推荐。
weixue0806,美容护肤,"你好刚进来,想要2号",1,该用户想表达的是：我刚进入直播间，对你们正在介绍或展示的2号产品感兴趣并有意购买。
weixue0806,美容护肤,油在几号,1,该用户是在询问直播间正在介绍的护肤油产品对应的商品编号。
weixue0806,美容护肤,产后瘦身产品也安排上一波吧,1,该用户希望主播能推荐或上架针对产后瘦身需求的相关产品。
weixue0806,美容护肤,夏娃香水好用吗,1,该用户是在询问某款香水的使用效果，以评估是否值得购买。
weixue0806,美容护肤,姐姐咋这么好看啊啊啊啊啊啊啊啊啊,0,该用户是在热情赞美主播的外貌并表达强烈的喜爱之情，属于情感互动而非直接购买意向的表达。
weixue0806,美容护肤,24号24号24号24号24号24号24号24号24号24号24号24号24号24号24号24号,1,该用户可能在强烈催促主播讲解或上架24号产品，表达明确的购买意向和急切需求。
weixue0806,美容护肤,胶原的面膜拍哪个,1,该用户想询问主播推荐哪款胶原蛋白面膜适合购买。
weixue0806,美容护肤,长痘用什么,1,该用户想询问直播间推荐适合痘痘肌使用的产品或护肤方案。
weixue0806,美容护肤,请问项链谁家哒?,1,该用户想询问直播中展示的项链是由哪个品牌或商家提供的。
weixue0806,美容护肤,没有那个水光面膜,1,该用户可能是在询问直播间是否还有水光面膜这款产品，或者表达对缺货的遗憾。
weixue0806,美容护肤,粉底液拍那个,1,该用户想询问主播推荐或展示哪款粉底液产品。
weixue0806,美容护肤,法令纹深怎么办,0,该用户可能是在询问直播间是否有针对改善法令纹的产品推荐或相关护肤建议。
weixue0806,美容护肤,姐姐.马上就要结婚了.就在刚才.突然不想结了.能行吗,0,该用户可能在观看直播时因主播的推荐或互动触发了对婚姻的焦虑情绪，试图通过弹幕向主播寻求情感支持或建议。
weixue0806,美容护肤,面膜淡斑么,1,该用户想询问这款面膜是否具有淡化色斑的功效，以此判断是否符合自己的护肤需求。
weixue0806,美容护肤,雪油选哪个,1,该用户想询问在直播间推荐的护肤产品中，针对“雪”（可能指美白或祛斑）和“油”（可能指精油或护肤油）这两类需求应该选择哪款具体产品。
weixue0806,美容护肤,痘痘肌,0,该用户可能在询问适合痘痘肌肤使用的产品或护肤建议。
weixue0806,美容护肤,油霜怎么用,1,该用户是在询问直播间推荐的护肤油产品的具体使用方法，表现出对产品的实际使用需求和潜在购买兴趣。
weixue0806,美容护肤,油上链接,1,该用户想表达的含义是：催促主播尽快上架或展示食用油产品的购买链接。
weixue0806,美容护肤,美白祛斑面膜早上用还是晚上用,1,该用户想询问美白祛斑面膜的最佳使用时间段，以获取产品使用建议。
weixue0806,美容护肤,姐姐瘦脸针可以打吗,0,该用户可能是在询问主播推荐的瘦脸针产品是否适合自己使用，表现出对医美项目的潜在购买兴趣。
weixue0806,美容护肤,怎么减肥啊,0,该用户可能在询问直播间是否有推荐的减肥产品或方法，隐含对相关商品的潜在购买兴趣。
weixue0806,美容护肤,讲讲3号链接呗,1,该用户想表达的含义是：希望主播详细介绍3号链接对应的产品信息。
weixue0806,美容护肤,有没有淡斑姐姐,1,该用户想询问直播间是否有针对淡斑问题的产品或解决方案。
weixue0806,美容护肤,用啥精华,0,该用户想询问主播推荐适合自己使用的精华产品。
weixue0806,美容护肤,怎么身体变白呀,0,该用户想询问如何通过产品改善肤色，达到美白效果。
weixue0806,美容护肤,皮肤暗淡发黄怎么办,0,该用户想咨询改善皮肤暗沉发黄问题的产品或方法。
weixue0806,美容护肤,有没有祛斑的产品?,1,该用户是在询问直播间是否有针对祛斑功效的美容产品推荐。
weixue0806,美容护肤,什么油好,1,该用户想询问直播间推荐的护肤油或精油产品中哪一款效果更好。
weixue0806,美容护肤,眼睛有脂肪粒怎么办,0,该用户可能是在询问针对眼部脂肪粒问题的护肤产品或解决方案。
weixue0806,美容护肤,脸上有斑用那个,1,该用户可能是在询问直播间是否有适合改善面部色斑问题的产品。
weixue0806,美容护肤,皮肤松垮应该用什么,1,该用户想表达的含义是：询问针对皮肤松弛问题应该选择哪种护肤产品或护理方法。
weixue0806,美容护肤,能去斑嘛,1,该用户想询问直播中推荐的产品是否具有祛斑功效。
weixue0806,美容护肤,"脸红角质层薄,用哪个",1,该用户想询问针对敏感泛红、角质层薄的肌肤应该选择哪款护肤品。
weixue0806,美容护肤,长痘痘毛孔粗大用什么,1,该用户想表达的含义是：询问针对痘痘和毛孔粗大问题的护肤产品推荐。  （结合前文弹幕中高频出现的皮肤问题（如痘痘肌、淡斑、祛斑、美白等）和产品咨询（如油霜、精华、面膜等），可推断用户是在直播间的护肤讨论氛围下，具体提出自己的肌肤困扰并寻求解决方案。）
weixue0806,美容护肤,发膜有吗?,1,该用户是在询问直播间是否有售卖发膜产品。
weixue0806,美容护肤,姐姐太好看了,0,该用户是在夸赞主播的外貌魅力，可能希望通过赞美拉近距离以便后续咨询美容护肤相关产品。
weixue0806,美容护肤,有没有一整套用的,1,该用户想询问是否有适合整套搭配使用的护肤或美容产品组合。
weixue0806,美容护肤,怎么保持身材啊,0,该用户想表达的含义是：询问主播关于保持身材的方法或产品推荐。
weixue0806,美容护肤,和你说了半天6号讲讲你也不讲,1,该用户因主播迟迟未讲解其关注的6号产品而感到不耐烦，暗示主播忽略了之前多次提出的产品介绍请求。
weixue0806,美容护肤,油在几号链接,1,该用户想询问直播间所推荐的护肤油产品对应的商品链接编号。
weixue0806,美容护肤,用油会不会涨脂肪粒,1,该用户担心使用护肤油会导致眼部脂肪粒问题，想确认产品的安全性。
weixue0806,美容护肤,有祛痘的吗?,1,该用户是在询问直播间是否有针对祛痘问题的产品推荐。
weixue0806,美容护肤,有痘痘怎么办????,0,该用户想询问如何解决痘痘问题，并希望主播推荐相关产品或方法。
weixue0806,美容护肤,怎么刷到这个东西,0,该用户想表达的含义是：这个产品是怎么被推荐给我的（或我对这个产品产生了好奇）。
weixue0806,美容护肤,敷了完要洗吗?精华怎么用在护肤完直接化妆,1,该用户想询问使用面膜后是否需要清洗以及护肤精华的使用步骤是否会影响后续上妆效果。
weixue0806,美容护肤,衣服宝贝,1,该用户可能是在询问主播展示的服装商品的具体信息或购买链接。
weixue0806,美容护肤,主播推一款香的沐浴露,1,该用户希望主播推荐一款气味好闻的沐浴露产品。
weixue0806,美容护肤,染眉膏有吗?,1,该用户是在询问直播间是否有染眉膏这一产品，表现出对购买或了解该商品的兴趣。
weixue0806,美容护肤,有班怎么办?怎么去掉,0,该用户想询问如何消除脸上的色斑。
weixue0806,美容护肤,唇妆涂什么不脱妆吗,0,该用户想询问哪款唇妆产品具有持久不脱色的效果。
weixue0806,美容护肤,怎么我这边还是5片,0,该用户可能在询问为什么自己购买的商品仍然是5片装，而直播间可能正在介绍或促销更多片数的优惠套装。
weixue0806,美容护肤,产后瘦身产品安排一下吧,1,该用户想表达的含义是：希望主播推荐适合产后恢复身材的相关产品。
weixue0806,美容护肤,请问吃药了,0,该用户可能在询问主播推荐的产品是否适合在服药期间使用。
weixue0806,美容护肤,上眼睑下垂怎么办?,0,该用户可能在询问直播间是否有针对上眼睑下垂问题的美容产品或解决方案。
weixue0806,美容护肤,皮肤松垮哪个好,0,该用户想询问直播间是否有推荐改善皮肤松弛问题的产品。
weixue0806,美容护肤,水光肌面膜呢,1,该用户是在询问直播间是否有售卖水光肌面膜产品。
weixue0806,美容护肤,3号挺好用的1号6号不知道,0,该用户想表达的含义是：3号产品效果不错，但对1号和6号产品的功效还不了解。
weixue0806,美容护肤,胶原面膜在几号链接?,1,该用户想询问主播提到的胶原面膜对应的商品购买链接编号，以便直接下单购买。
weixue0806,美容护肤,穿的是睡衣吗,0,该用户可能是在询问主播身上穿的衣服是否是睡衣款式，暗示对同款或类似睡衣产品的兴趣。
weixue0806,美容护肤,唇周周围长闭口呢,0,该用户可能是在咨询主播是否有针对唇周闭口问题的护肤产品或解决方案。
weixue0806,美容护肤,闭口怎么办啊姐姐,0,该用户想询问主播如何解决面部闭口问题。
weixue0806,美容护肤,有人用过吗?面膜效果好吗,1,该用户想表达的含义是：询问其他观众对主播推荐的面膜产品的实际使用体验和效果评价。
weixue0806,美容护肤,拍好了,0,该用户想表达的含义是：已经下单购买了主播推荐的商品。
weixue0806,美容护肤,面膜收缩毛孔的有没有,1,该用户是在询问直播间是否有能收缩毛孔功效的面膜产品。
weixue0806,美容护肤,"姐姐,法令纹用哪种啊",1,该用户是在询问主播推荐适合改善法令纹的护肤产品。
weixue0806,美容护肤,皮肤干爱冒油,0,该用户可能在询问适合混合性肌肤（干燥又易出油）的护肤产品或解决方案。
weixue0806,美容护肤,精华怎么用啊.......????????,1,该用户可能是在询问某款精华产品的具体使用方法，表现出对产品的兴趣和潜在的购买意向。
weixue0806,美容护肤,BE油还上不,1,该用户是在询问直播间是否会再次上架“BE油”这款产品。
weixue0806,美容护肤,防晒上一下[比心][比心][比心][比心][比心],1,该用户急切希望主播尽快上架防晒产品，并通过多次比心表情表达强烈期待和喜爱。
weixue0806,美容护肤,6号链接面膜是不是不用洗,1,该用户是在询问6号链接的面膜是否属于免洗类型，表现出对产品使用便捷性的关注和潜在的购买意向。
weixue0806,美容护肤,补水面膜拍哪款,1,该用户想询问主播推荐哪一款补水面膜产品适合购买。
weixue0806,美容护肤,不能下播哦,0,该用户希望主播继续直播，不要提前结束，可能是还有想了解的产品或未完成的购买意向。
weixue0806,美容护肤,美白三明治护肤法姐姐[玫瑰][玫瑰][玫瑰],0,该用户想表达的含义是：询问主播关于“美白三明治护肤法”的具体操作方法或产品推荐。  （结合前文弹幕多为护肤问题咨询和产品讨论，用户通过昵称“姐姐”和玫瑰表情表达友好，核心诉求是获取美白护肤相关指导。）
weixue0806,美容护肤,美白面膜孕妇能用吗,1,该用户想表达的含义是：询问美白面膜是否适合孕妇使用，以确认产品的安全性是否符合自身需求。
weixue0806,美容护肤,眼膜有活动吗?,1,该用户是在询问当前直播中眼膜产品是否有促销优惠活动，表现出明确的购买意向和价格敏感度。
weixue0806,美容护肤,脸颊太干紧绷怎么办,0,该用户想表达的含义是：咨询针对脸部干燥紧绷问题的护肤产品推荐。
weixue0806,美容护肤,21号好用吗,1,该用户是在询问直播间推荐的21号产品是否效果良好，表现出对产品功效的关注和潜在购买意向。
weixue0806,美容护肤,衣服好看的很,1,该用户想表达的含义是：对展示的服装款式产生了明显的兴趣和好感。  （结合前文弹幕多为护肤品类咨询，突然出现服饰相关评价，可推断用户注意力被服装吸引，且语气直白热情，隐含潜在购买意向。）
weixue0806,美容护肤,喜欢你的衣服好好看啊,1,"该用户想表达的含义是：对主播穿着的服装款式表示赞赏并流露出潜在的购买意向。  （结合前文语境，虽然大部分弹幕聚焦护肤产品咨询，但临近结尾出现类似""衣服好看的很""的穿搭评价，说明直播间存在服饰类商品展示，用户在此氛围下通过夸赞服装表达对商品的兴趣，符合电商直播中常见的兴趣暗示表达方式。）"
weixue0806,美容护肤,这个貔貅什么牌子的,1,该用户是在询问貔貅饰品的品牌信息，表现出对产品的兴趣和潜在的购买意向。
weixue0806,美容护肤,需要胶原灌注面膜,1,该用户想表达的含义是：我想购买胶原蛋白灌注面膜，请问有没有相关产品推荐？  （结合前文弹幕多为护肤咨询和购买意向，用户直接提出具体产品需求，动机明确，属于典型的消费导向型提问。）
weixue0806,美容护肤,在喝奶盖四季春吗[看][看][看][看][看],0,该用户可能在询问直播中展示的饮品（奶盖四季春）是否正在促销或推荐购买。
weixue0806,美容护肤,祛斑的有不,1,该用户想询问直播间是否有针对祛斑功效的产品。  （释义逻辑：结合前文弹幕中高频出现的护肤需求（如美白、面膜、精华等）和具体功效提问（收缩毛孔、法令纹、防晒等），可推断该用户以解决皮肤问题为导向，主动寻求祛斑类产品信息，属于明确的购买意向表达。）
weixue0806,美容护肤,油霜!!,1,该用户想表达的含义是：询问或强调关于油性皮肤适用的面霜产品。
weixue0806,美容护肤,美白祛斑面膜怎么用,1,该用户想表达的含义是：询问美白祛斑面膜的使用方法，可能对产品功效感兴趣并考虑购买。
weixue0806,美容护肤,切片怎么做,0,该用户可能是在询问直播中展示的某种护肤品（如面膜或精华）的具体使用步骤或切割方法。
weixue0806,美容护肤,法令纹深怎么,0,该用户可能是想询问如何改善或解决法令纹较深的问题，暗示对相关护肤产品或护理方法有潜在购买兴趣。
weixue0806,美容护肤,胶原蛋白灌注那个面膜有吗?,1,该用户是在询问直播间是否有售卖胶原蛋白灌注类型的面膜产品。
weixue0806,美容护肤,回答我一下可以嘛,0,该用户可能因之前提出的问题未得到及时回应而感到焦急，希望主播尽快解答自己的疑问。
weixue0806,美容护肤,脸红角质层薄用哪个[捂脸][捂脸][捂脸][捂脸],1,该用户想表达的含义是：询问主播针对敏感泛红、角质层薄的肌肤问题推荐哪款产品。
weixue0806,美容护肤,眼袋有啥绝招??????????,0,该用户想询问消除眼袋的有效方法或产品推荐。
weixue0806,美容护肤,讲一下三号链接呗,1,该用户想表达的含义是：希望主播详细介绍三号链接产品的相关信息。
weixue0806,美容护肤,脸太油了,0,该用户可能在咨询直播间推荐的控油护肤产品或寻求解决面部出油问题的建议。
weixue0806,美容护肤,面霜面霜面霜,1,该用户可能是在急切询问或强调对某款面霜产品的关注，希望主播详细介绍或推荐适合自己需求的面霜。
weixue0806,美容护肤,1号怎么用啊,1,该用户是在询问直播间推荐的1号产品的具体使用方法，表现出对产品的实际使用细节的关注和潜在购买意向。
weixue0806,美容护肤,补水面膜补水面膜,1,该用户可能是急切询问或强调想要了解当前直播中介绍的补水面膜产品信息。
weixue0806,美容护肤,油在几号链接油在几号链接,1,该用户急切询问主播所提到的“油”类产品对应的商品链接编号。
weixue0806,美容护肤,@晓***不想就不接,0,该用户可能是在回应主播对某产品的推销，表达“如果你自己都不喜欢/不需要这个产品，就不要勉强接推广”的意思。
weixue0806,美容护肤,身体乳哪个香味好?,1,该用户想询问哪款身体乳的香味更受欢迎或更适合自己。
weixue0806,美容护肤,班怎么去掉?,0,该用户可能是在询问如何去除脸上的斑痕或色斑问题。
weixue0806,美容护肤,隔几天用,0,该用户可能在询问产品的使用频率，暗示对某款产品的持续使用需求或效果期待。
weixue0806,美容护肤,法令纹深,0,该用户想询问针对法令纹问题的护肤产品或解决方案。
weixue0806,美容护肤,求购胶原蛋白灌注面膜,1,该用户是在明确询问直播间是否有售卖胶原蛋白灌注面膜这款产品，并表现出强烈的购买意向。
weixue0806,美容护肤,大师面膜敷完要洗脸吗,1,该用户想询问使用大师面膜后的清洁步骤，表现出对产品具体使用方法的关注和潜在的购买意向。
weixue0806,美容护肤,粉刺闭口用什么?,1,该用户是在询问针对粉刺闭口问题的护肤产品推荐或解决方案。
weixue0806,美容护肤,[比心][比心][比心][比心][比心]防晒上一下,1,该用户急切希望主播尽快上架防晒产品，并通过多次比心表情表达强烈期待和购买意愿。
weixue0806,美容护肤,颈霜哺乳期可以用吗,1,该用户是在询问这款颈霜产品是否适合哺乳期女性使用，以确认其安全性和适用性。
weixue0806,美容护肤,水光面膜介绍一下,1,该用户对水光面膜产品产生了兴趣，希望主播详细讲解其功效或使用方法。
weixue0806,美容护肤,淡川纹用几号,1,该用户是在询问针对淡化川字纹的产品应该选择哪个型号或链接。
weixue0806,美容护肤,喝的是啥,0,该用户可能是对直播中展示的饮品产品产生了兴趣，想询问具体是什么饮料或饮品。
weixue0806,美容护肤,6号讲讲吧,1,该用户想表达的含义是：希望主播详细介绍6号产品的功能或使用方法。
weixue0806,美容护肤,6号链接,1,该用户想表达的含义是：希望主播详细介绍6号链接的产品信息。
weixue0806,美容护肤,去黑眼圈呢,0,该用户是在询问直播间推荐的产品中是否有能改善黑眼圈问题的商品。
weixue0806,美容护肤,特别爱长痘,0,该用户可能在询问直播间推荐的产品中是否有适合改善痘痘肌肤问题的选项。
weixue0806,美容护肤,啥奶茶,0,该用户可能在询问直播中提到的某款奶茶产品的具体信息或购买链接。
weixue0806,美容护肤,颈霜呢?,1,该用户是在询问直播间是否推荐或销售颈部护理产品（颈霜）。
weixue0806,美容护肤,姐姐沐浴露,1,该用户可能在询问主播推荐的沐浴露产品信息或购买链接。
weixue0806,美容护肤,9号精华怎么用,1,该用户是在询问直播间推荐的9号精华产品的具体使用方法，表现出对产品的使用细节的关注和潜在的购买意向。
weixue0806,美容护肤,3号可以在讲一下吗,1,该用户希望主播重新详细讲解一下3号产品的相关信息。
weixue0806,美容护肤,精华怎么用啊...........???????????.??.?,1,该用户想询问关于精华产品的具体使用方法，可能是对之前提到的9号精华或其他相关产品存在使用困惑。
weixue0806,美容护肤,有推荐瘦身的吗,1,该用户可能在询问直播间是否有针对瘦身需求的产品推荐，表现出对减肥或塑身类商品的潜在购买兴趣。
weixue0806,美容护肤,精华粒和颈纹霜给我讲一下,1,该用户希望主播详细讲解精华粒和颈纹霜的产品功效及使用方法。
weixue0806,美容护肤,怎么办,0,该用户可能是在询问当前讨论的产品该如何选择或使用，表现出对某款商品的兴趣和决策困惑。
weixue0806,美容护肤,"雪宝,我想听一下那个大师面膜",1,该用户希望主播详细介绍“大师面膜”的产品信息或使用体验。
weixue0806,美容护肤,男生对你有好感但是上升不到喜欢,0,"该用户可能在委婉询问直播产品（如护肤品或情感类商品）是否能帮助改善""有好感但不够喜欢""这种模糊的恋爱关系状态，或是借情感话题暗示对某些暧昧系/男士产品的兴趣。"
weixue0806,美容护肤,痘痘肌用什么,1,该用户可能在询问适合痘痘肌肤使用的护肤产品或解决方案。
weixue0806,美容护肤,"姐姐,打熊猫的话,选机构需要注意啥嘛",0,该用户可能是想咨询购买熊猫相关产品时选择合作机构需要注意的事项。
weixue0806,美容护肤,"角质层薄,用什么面膜",1,该用户想询问适合敏感薄皮肌肤使用的面膜产品推荐。
weixue0806,美容护肤,"怎么用的,韩束面膜",1,该用户想询问韩束面膜的使用方法和适用情况。
weixue0806,美容护肤,"10号油买了,怎么用",1,该用户已经购买了10号产品，但不确定具体的使用方法，想寻求主播的指导。
weixue0806,美容护肤,"姐姐,沐浴露",1,该用户想询问主播关于某款沐浴露的详细介绍或购买链接。
weixue0806,美容护肤,闭口闭口闭口,0,该用户可能在询问主播关于改善闭口粉刺的产品推荐或护肤建议。
weixue0806,美容护肤,如何保持身材这么好,0,该用户想表达的含义是：询问主播保持好身材的方法或产品推荐。
weixue0806,美容护肤,皮肤松垮用哪个,1,该用户想询问针对皮肤松弛问题应该选择哪款产品。
weixue0806,美容护肤,防晒霜小朋友能不能用?,1,该用户是在询问防晒霜是否适合儿童使用，可能出于为孩子选购产品的需求。
weixue0806,美容护肤,"经常刷到你用的那个唇油,但是很便宜,不敢买他们的",0,该用户其实是在表达对低价唇油产品质量的顾虑，既表现出购买兴趣又透露出对商品可靠性的担忧。
weixue0806,美容护肤,孕妇能用吗面膜,1,该用户想询问这款面膜是否适合孕妇使用，以确认产品的安全性是否符合自身需求。
weixue0806,美容护肤,你喝是什么?,0,该用户可能在询问主播正在展示或饮用的产品是什么，并对其产生兴趣或好奇。
weixue0806,美容护肤,宝贝为啥感觉发质不是那么好是光线问题嘛,0,该用户对产品品质存疑，怀疑镜头呈现的发质效果与实际不符，可能是出于对购买决策的谨慎考量。
weixue0806,美容护肤,两腮冒痘怎么办,0,该用户可能在询问针对面部痘痘问题的护肤产品推荐或解决方法。
weixue0806,美容护肤,水光霜水光霜水光霜水光霜水光霜水光霜水光霜水光霜水光霜水光霜水光霜水光霜水光霜水光霜水光霜水光霜水光,1,该用户通过重复产品名称强烈表达对“水光霜”的购买兴趣或催促主播详细介绍该产品。
weixue0806,美容护肤,胶原灌注面膜什么时候有,1,该用户是在询问胶原灌注面膜的上架时间或补货信息，表现出明确的购买意向和产品需求。
weixue0806,美容护肤,美瞳～漂亮姐姐～,1,该用户可能是在夸赞主播佩戴的美瞳效果好看，同时表达对主播外貌的欣赏。
weixue0806,美容护肤,脖子颈纹深怎么办呀,0,该用户可能在询问针对颈部皱纹问题的护肤产品或护理方法，表现出对相关美容解决方案的兴趣。
weixue0806,美容护肤,身体美白身体美白,0,该用户可能在急切询问主播推荐的身体美白产品或方法，表现出对改善肤色的强烈需求。
weixue0806,美容护肤,"看看孩子吧,沐浴露",1,该用户想表达的含义是：请主播详细介绍或推荐适合儿童使用的沐浴露产品。
weixue0806,美容护肤,面膜和精华怎么搭配用,1,该用户想询问面膜和精华产品的具体使用方法和搭配建议，以解决护肤需求。
weixue0806,美容护肤,美白精油怎么用,1,该用户想了解美白精油的具体使用方法，可能对产品功效产生兴趣并考虑购买。
weixue0806,美容护肤,拍几号的油,1,该用户是在询问主播推荐的产品中适合自己肤质或需求的护肤精油型号。
weixue0806,美容护肤,水光霜水光霜水光霜水光霜水光霜水光霜水光霜水光霜水光霜水光霜水光霜水光霜水光霜水光霜水光霜水光霜,1,"该用户可能是急切询问或强烈关注""水光霜""的产品信息，希望通过重复刷屏引起主播注意并获取解答。"
weixue0806,美容护肤,水光霜…………………………………………,1,该用户想表达的含义是：反复询问水光霜的相关信息，表现出强烈的购买兴趣或对产品的重点关注。
weixue0806,美容护肤,链接几,1,该用户是在询问主播展示商品的购买链接在哪里，表现出明确的购买意向。
weixue0806,美容护肤,怎么白,0,该用户想询问的是“如何实现身体美白的方法或产品推荐”。  （结合前文弹幕高频出现的“身体美白”“水光霜”等关键词，可推断“怎么白”是对美白相关问题的简略提问，且直播间讨论焦点集中在护肤美妆领域。）
weixue0806,美容护肤,法令纹下垂,0,该用户可能在询问针对法令纹下垂问题的护肤产品或解决方案。
weixue0806,美容护肤,面部紧致用哪款好,1,该用户想咨询直播间推荐哪款产品能有效改善面部松弛问题。
weixue0806,美容护肤,油抢光了,1,"该用户想表达的含义是：直播推荐的护肤油库存已被抢购一空。  （结合前文弹幕中频繁提及护肤产品如""水光霜""""美白精油""等，且存在直接询问商品编号的弹幕""拍几号的油""，可推断当前语境为抢购热门护肤品，用户通过""抢光""强调产品紧俏，隐含催促补货或遗憾未抢到的情绪。）"
weixue0806,美容护肤,前夫哥今天没看直播[捂脸],0,该用户可能是在调侃或感叹某个常看直播的熟人（前夫）今天缺席，暗示直播间氛围或产品讨论缺少了熟悉的身影，而非直接表达购买意向。
weixue0806,美容护肤,油在几号链接油在几号链接油在几号链接油在几号链接,1,该用户急切地询问主播所推荐的护肤油商品在购物链接中的具体编号，表现出明确的购买意向和紧迫感。
weixue0806,美容护肤,你的嗓子不舒服还是少播会吧,0,该用户是在关心主播的身体状况，建议主播因嗓子不适而适当缩短直播时长。  （解析：结合前文弹幕内容多为产品咨询或催促上链接的购物导向，此条弹幕明显偏离商品讨论，突出对主播健康的关切，属于非消费动机的互动，更多是情感支持或善意提醒。）
weixue0806,美容护肤,油霜油霜油霜油霜油霜油霜油霜油霜油霜油霜y,1,该用户急切地询问或催促主播上架/讲解“油霜”产品，可能是看到其他观众频繁提及同类产品（如水光霜）或听到主播介绍后产生的强烈兴趣。
weixue0806,美容护肤,脸上有红血丝用哪种面膜,1,该用户是在询问适合红血丝肌肤的面膜产品，表现出明确的护肤需求和对直播商品的购买意向。
weixue0806,美容护肤,喝的啥奶茶,0,该用户可能在询问主播正在饮用的奶茶品牌或口味，暗示对同款商品的兴趣或想通过轻松话题互动拉近距离。
weixue0806,美容护肤,貔貅什么牌子的宝贝,1,该用户是在询问貔貅饰品的品牌信息，表达了对该商品的购买意向和挑选需求。
weixue0806,美容护肤,讨厌你,0,该用户可能因产品缺货、主播未及时回应需求或对推荐商品不满而感到失望或抱怨。
weixue0806,美容护肤,眼皮底下有粒粒用什么好?,1,该用户可能在咨询针对眼部脂肪粒问题的护肤产品推荐。
weixue0806,美容护肤,14号面膜可以讲讲吗,1,该用户想表达的含义是：想了解14号链接对应的面膜产品的详细介绍或使用建议。
weixue0806,美容护肤,大师怎么敷,0,该用户想询问主播关于面膜的正确使用方法或使用技巧。
weixue0806,美容护肤,皮肤亮度怎么提升,0,该用户想询问如何通过产品改善面部肌肤的光泽度。
weixue0806,美容护肤,油霜和精华油比较推荐那个呀,1,该用户想表达的含义是：想了解油霜和精华油两款产品中哪一款更值得购买。  （结合前文语境，用户对护肤品功效有明确需求，且直播间正在讨论油类产品，因此其提问动机是寻求产品推荐以辅助购买决策。）
weixue0806,美容护肤,项链项链项链项链项链,0,该用户急切想了解或购买当前直播展示的项链产品。  （从重复刷屏的句式可看出用户强烈的关注意愿，且前文弹幕中多次出现类似重复产品名的行为（如水光霜、油霜），均与询问商品直接相关，符合直播间购物导向的互动特征）
weixue0806,美容护肤,收到了,0,该用户想表达的含义是：之前下单的商品已经到货了。  （结合前文弹幕中频繁提及具体产品如“油霜”“面膜”“项链”等，可推测用户此前可能参与过购买，而“收到了”是确认收货后的反馈，属于常见的购物后互动表达。）
weixue0806,美容护肤,..精华怎么用啊............打累了都[捂脸],1,该用户想表达的含义是：询问精华的使用方法并调侃自己因频繁发送弹幕感到疲惫。
weixue0806,美容护肤,1号怎么用???,1,该用户想表达的含义是：询问1号产品的具体使用方法。
weixue0806,美容护肤,精华粒和颈纹霜,1,该用户可能在询问直播间推荐的精华粒和颈纹霜产品的具体信息或使用效果。
weixue0806,美容护肤,怎么解决,0,该用户可能是在询问当前讨论的产品（如精华或油霜）的使用方法或解决特定皮肤问题的方案。
weixue0806,美容护肤,1号和6号链接有什么区别?,1,该用户想了解1号和6号商品的具体差异以便做出购买决策。
weixue0806,美容护肤,胶原蛋白灌注面膜还有吗,1,该用户是在询问直播间是否还有库存或能否继续购买胶原蛋白灌注面膜这款产品。
weixue0806,美容护肤,雀斑怎么整雀斑怎么整雀斑怎么整雀斑怎么整,0,该用户想询问如何改善或消除脸上的雀斑问题。
weixue0806,美容护肤,"想要胶原蛋白面膜,那个一瓶瓶的",1,该用户表达的是对直播间提到的瓶装胶原蛋白面膜有明确的购买意向。
weixue0806,美容护肤,[比心][比心]防晒上一下[比心][比心][比心][比心][比心],1,该用户想表达的含义是：热情催促主播尽快上架防晒产品，表现出强烈的购买意愿。  （结合前文弹幕中频繁出现具体产品名称、使用疑问及抢购式催促（如“油霜”“项链”“胶原蛋白面膜”等），可推断当前直播间氛围以产品咨询和抢购为主，用户通过重复表情符号和简洁需求强调紧迫性，属于典型的直播带货场景中的主动求购行为。）
weixue0806,美容护肤,防晒哪个好,1,该用户是在询问直播间推荐的防晒产品中哪款效果更好，表现出明确的购买意向和对产品功效的关注。
weixue0806,美容护肤,夏天以油养肤搭什么霜,1,该用户想询问适合在夏季搭配“以油养肤”护肤步骤使用的面霜产品。  （解析：结合语境中高频出现的护肤品类提问（油霜、精华油、面膜等）和具体需求（肤质、季节适配），可判断用户是在寻求针对油性肌肤夏季护肤的搭配建议，属于明确的购买意向咨询。）
weixue0806,美容护肤,面膜什么功效,1,该用户想询问面膜的具体功能特点，以判断是否符合自己的护肤需求。
weixue0806,美容护肤,妆前乳,1,该用户可能是在询问关于妆前乳的产品信息或使用方法。
weixue0806,美容护肤,遮暇有推荐吗?,1,该用户可能在询问主播是否有值得推荐的遮瑕产品，表现出对遮瑕类美妆产品的潜在购买兴趣。
weixue0806,美容护肤,极光油,1,该用户可能是在询问关于“极光油”这款产品的具体信息或使用建议。
weixue0806,美容护肤,能用多久卸妆膏,1,该用户是在询问卸妆膏的使用寿命或耐用程度，可能是在考虑产品的性价比或使用频率是否适合自己。
weixue0806,美容护肤,哪款面膜美白最好,1,该用户想表达的含义是：询问直播间推荐的美白效果最显著的面膜产品。
weixue0806,美容护肤,白天用的,0,该用户可能在询问某款产品是否适合白天使用。
weixue0806,美容护肤,怎么全身美白呀姐姐,0,该用户想表达的含义是：询问主播推荐能够实现全身美白效果的产品或方法。  （结合前文弹幕中频繁出现的美容护肤类提问，如“哪款面膜美白最好”“防晒哪个好”等，可推断用户关注美白功效，且语境偏向产品咨询，因此目标弹幕的核心意图是寻求美白解决方案，而非单纯闲聊。）
weixue0806,美容护肤,怎么养发,0,该用户可能在询问直播间推荐的产品中是否有针对头发养护的解决方案，表达了对护发类商品的潜在购买兴趣。
weixue0806,美容护肤,白天怎么护肤出门的,0,该用户想询问适合白天使用的护肤步骤及产品推荐，以便在外出时保持肌肤状态。
weixue0806,美容护肤,"第一次买那个大师面膜,可以讲一下吗?",1,该用户想表达的含义是：对大师面膜产品感兴趣并希望主播详细介绍其功效和使用方法。
weixue0806,美容护肤,夏天也用油吗??????,0,该用户想表达的含义是：询问夏天是否适合使用护肤油以及相关使用建议。
weixue0806,美容护肤,极光油什么时候有,1,"该用户是在询问产品""极光油""的补货或上新时间，表现出明确的购买意向和需求。"
weixue0806,美容护肤,有没有美瞳,1,该用户是在询问直播间是否有美瞳产品可供购买。
weixue0806,美容护肤,哺乳期可以韩束面膜吗?,1,该用户想询问韩束面膜是否适合哺乳期女性使用，以评估自己能否购买该产品。
weixue0806,美容护肤,哈哈芝士奶盖四季春,0,该用户可能是被直播间的产品讨论氛围感染，用轻松调侃的语气表达对“芝士奶盖四季春”这款饮品/产品的兴趣或喜爱。
weixue0806,美容护肤,那个油个小金砖有啥区别,1,该用户想询问直播中提到的“小金砖”护肤油与其他同类产品（如极光油）在功效或成分上的具体差异。
weixue0806,美容护肤,收到了怎么用,1,该用户想询问已购买产品的具体使用方法或操作步骤。
weixue0806,美容护肤,突然刷到了,0,该用户想表达的含义是：偶然进入直播间并对当前讨论的美妆护肤话题产生了兴趣。
weixue0806,美容护肤,耳钉有得卖吗?,1,该用户想询问直播间是否有耳钉商品在售。
weixue0806,美容护肤,喝的什么呀,0,该用户可能是对主播正在展示或饮用的产品产生了好奇，询问饮品的具体信息以评估是否值得购买。
weixue0806,美容护肤,胶原蛋白多久有效呀雪姐,1,该用户是在询问主播提到的胶原蛋白产品需要多长时间才能看到效果。
weixue0806,美容护肤,防晒霜小朋友能不能用吗?,1,该用户是在询问防晒霜是否适合儿童使用，表现出对产品适用人群的关切和潜在的购买意向。
weixue0806,美容护肤,"我听了姐姐的很多语录,确实受益了,清醒了",0,该用户想表达的含义是：主播的分享内容对自己很有启发，帮助自己提升了认知或改变了观念。
weixue0806,美容护肤,10号链接没有了,1,该用户想表达的含义是：10号商品已经售罄，询问是否还会补货或是否有替代推荐。
weixue0806,美容护肤,去法令纹的去法令纹的去法令纹的有没有去法令纹的去法令纹的去法令纹的有没有[比心][比心][比心],1,该用户急切询问直播间是否有针对法令纹的护肤产品，并表现出强烈的购买兴趣和期待。
weixue0806,美容护肤,精华怎么用?精华怎么用?精华怎么用?精华怎么用?精华怎么用?精华怎么用?精华怎么用?精华怎么用?,1,该用户急切想了解精华产品的具体使用方法，可能因重复提问表现出对产品功效的重视或对操作步骤的困惑。
weixue0806,美容护肤,"法令纹深用哪种啊,姐姐",1,该用户想询问主播推荐适合改善法令纹的产品。
weixue0806,美容护肤,皮肤很干用哪款好皮肤很干用哪款好,1,该用户想表达的含义是：咨询适合干燥肤质的护肤品推荐。  （结合前文弹幕中高频出现的护肤产品咨询、使用方式提问等语境，可判断用户是明确针对自身需求寻求解决方案，且重复句式凸显急切性，属于典型的购买意向表达。）
weixue0806,美容护肤,be的精华油收到了我妹妹一起用了也要买快上快上!,1,该用户想表达的含义是：自己和妹妹试用后觉得产品效果很好，催促主播尽快补货上架以便再次购买。
weixue0806,美容护肤,"皮肤黄,暗沉,去做光子,有其他可以推荐吗?",0,该用户想表达的含义是：自己肤色偏黄暗沉，询问除了光子项目外是否有其他改善肤色的产品推荐。
weixue0806,美容护肤,1号和6号链接有什么区别?1号和6号链接有什么区别?1号和6号链接有什么区别?,1,该用户急切想了解1号和6号产品之间的具体差异，可能对这两款商品有较强的购买意向，正在反复询问以获取详细对比信息。
weixue0806,美容护肤,脸干怎么护肤,0,该用户想咨询针对脸部干燥问题的护肤产品推荐。
weixue0806,美容护肤,主播用完精华油后续用什么,1,该用户想表达的含义是：询问主播在精华油之后推荐使用的护肤步骤或产品。
weixue0806,美容护肤,油霜油霜油霜油霜油霜油霜油霜油,1,该用户可能是急切询问或强调对“油霜”产品的兴趣或购买需求。
weixue0806,美容护肤,白天敷还是晚上敷,1,该用户想询问产品（可能是面膜或护肤品）的具体使用时间建议，以优化使用效果。
weixue0806,美容护肤,我要补水面膜,1,"该用户想表达的含义是：我想购买适合干性皮肤的补水面膜产品。  （结合前文弹幕中频繁出现的护肤需求（如""皮肤很干用哪款好""）、产品咨询（如""精华怎么用""）以及明确购买意向（如""快上快上""）的语境，可推断用户通过简洁需求表达潜在购买意图，且""补水面膜""是针对其干燥皮肤问题的主动解决方案诉求。）"
weixue0806,美容护肤,精华用完还用油吗,1,该用户想询问在使用完精华产品后是否需要继续使用精华油来加强护肤效果。
weixue0806,美容护肤,喝的蜜雪什么,0,该用户想询问主播正在饮用的蜜雪品牌饮品的具体名称或类型。
weixue0806,美容护肤,白头发怎么变黑啊[流泪],0,该用户可能在询问直播间是否有能够改善白发的产品或方法，并表达了对这一问题的焦虑和迫切需求。
weixue0806,美容护肤,颈霜推荐颈霜推荐颈霜推荐颈霜推荐颈霜推荐颈霜推荐颈霜推荐颈霜推荐,1,该用户强烈希望主播推荐一款颈霜产品，可能是出于自身颈部护理需求或对同类产品的迫切兴趣。
weixue0806,美容护肤,面霜用啥,1,该用户想询问主播推荐适合自己使用的面霜产品。
weixue0806,美容护肤,"毛孔粗大,用啥好",1,该用户想表达的含义是：询问针对毛孔粗大问题的护肤产品推荐。
weixue0806,美容护肤,哺乳期可以吗,1,该用户想询问直播中推荐的产品是否适合哺乳期女性使用。
weixue0806,美容护肤,貔貅什么牌子的啊宝贝,1,该用户是在询问主播展示的貔貅饰品所属的品牌名称，表现出对商品的明确兴趣和购买意向。
weixue0806,美容护肤,皮肤泛红可以用1号面膜吗,1,该用户想询问1号面膜是否适合自己泛红的肌肤状况，表现出对产品的具体使用需求和潜在购买意向。
weixue0806,美容护肤,你也爱喝蜜雪冰城吗,0,该用户可能在询问主播推荐的蜜雪冰城饮品款式，试图通过共同喜好拉近距离并获取产品建议。
weixue0806,美容护肤,孕妇能用吗面膜孕妇能用吗面膜孕妇能用吗面膜孕妇能用吗面膜孕妇能用吗面膜,1,该用户迫切想知道面膜产品是否适合孕妇使用，表现出明确的购买顾虑和需求确认意图。
weixue0806,美容护肤,问了一个晚上问题不回答的,0,该用户因长时间未得到主播回应而感到不满，暗示自己的购买咨询被忽视。
weixue0806,美容护肤,"能不能出个套盒,我是上班族",1,该用户希望品牌方能推出适合上班族使用的护肤品组合套装，以节省挑选时间和满足便捷需求。
weixue0806,美容护肤,豆肌能用吗,1,该用户是在询问这款产品是否适合痘痘肌肤质使用。
weixue0806,美容护肤,你喝的蜜雪的什么,0,该用户是在询问主播喝的蜜雪冰城具体是哪款饮品，可能出于好奇或想参考主播的选择。
weixue0806,美容护肤,项链坠好看[比心][比心],1,该用户被项链吊坠的设计吸引，暗示有购买意向。
weixue0806,美容护肤,防晒有嘛[流泪][流泪],1,该用户急切地询问直播间是否有防晒产品，并用流泪表情强调自己的强烈需求，可能是担心错过购买机会或急需该类商品。
weixue0806,美容护肤,"脸部皮肤薄,喜欢红,怎么办",0,该用户想表达的含义是：我的脸部皮肤比较敏感容易泛红，想咨询适合的产品或解决方法。
weixue0806,美容护肤,怎么快速瘦啊?,0,该用户可能在询问直播间是否有推荐快速瘦身的产品或方法。
weixue0806,美容护肤,六号链接和这个那个更好一点,1,该用户是在询问六号链接的产品与当前展示的另一款产品相比哪个更值得购买。
weixue0806,美容护肤,洗面奶用哪款,1,该用户想表达的含义是：询问主播推荐适合自己使用的洗面奶产品。
weixue0806,美容护肤,祛斑!!!,1,该用户想表达的含义是：询问是否有针对祛斑问题的产品或解决方案。
weixue0806,美容护肤,"我要纯补水的面膜,拍哪个",1,该用户明确表达了想购买一款具有单纯补水功效的面膜，并希望主播直接推荐对应的商品链接。
weixue0806,美容护肤,1号拍了怎么用,1,该用户想询问购买1号产品后的具体使用方法。
weixue0806,美容护肤,"不买东西,看看你直播可以不[比心]",0,该用户想表达的含义是：虽然暂时没有购买需求，但出于对主播的喜爱或好奇而愿意继续观看直播。
weixue0806,美容护肤,项链坠好看[比心],1,该用户被项链坠的设计所吸引，表达了对产品的喜爱和潜在的购买意向。
weixue0806,美容护肤,颈霜颈霜颈霜颈霜颈霜,1,该用户迫切想了解或购买颈霜产品，可能是重复强调以引起主播注意或表达强烈需求。
weixue0806,美容护肤,产妇能用吗,1,该用户是在询问直播中推荐的产品是否适合产妇使用，表现出对产品适用人群的具体关注和潜在购买意向。
weixue0806,美容护肤,唇釉颜色是什么,1,该用户想询问主播展示的唇釉具体色号名称或颜色描述，以便判断是否符合自己的购买偏好。
weixue0806,美容护肤,上BE油呀,1,该用户可能在催促主播尽快上架或详细介绍某款名为“BE油”的美妆护肤产品。
weixue0806,美容护肤,夏天也用油吗????????????,1,该用户想表达的含义是：质疑夏天是否适合使用油类护肤品，并寻求主播的解答。
weixue0806,美容护肤,全身怎么白,1,该用户可能是在询问如何实现全身美白的方法或产品推荐。
weixue0806,美容护肤,痘印怎么整,1,该用户想咨询如何有效祛除或改善脸上的痘印问题。
weixue0806,美容护肤,用完精华油后续用什么,1,该用户想询问精华油使用后的下一步护肤步骤或配套产品推荐。
weixue0806,美容护肤,姐姐未成年怎么美白啊,0,该用户想表达的含义是：询问适合未成年人使用的美白产品或方法。
weixue0806,美容护肤,身体怎么美白呀,0,该用户想咨询全身皮肤美白的有效方法或产品推荐。
weixue0806,美容护肤,粉底好用好用,1,该用户想表达对当前推荐的粉底产品的高度认可和购买倾向。
weixue0806,美容护肤,胶原蛋白灌注面膜胶原蛋白灌注面膜胶原蛋白灌注面膜胶原蛋白灌注面膜,1,该用户可能在强烈询问或强调这款胶原蛋白面膜的具体功效或购买方式。
weixue0806,美容护肤,18岁美白用什么产品,1,该用户是在询问适合年轻肌肤的美白产品推荐，表现出明确的护肤需求和对直播间产品的潜在购买意向。
weixue0806,美容护肤,功效的美白撕拉面膜还有吗,1,该用户是在询问直播间是否还有美白功效的撕拉面膜库存，表现出明确的购买意向。
weixue0806,美容护肤,红血丝怎么淡化,0,该用户可能是在询问针对红血丝问题的护肤产品或解决方案，表现出对相关功效产品的潜在购买兴趣。
weixue0806,美容护肤,敷完面膜涂精华?,1,该用户可能在询问护肤步骤的衔接问题，想确认使用面膜后是否应该立即涂抹精华液。
weixue0806,美容护肤,"韦雪主播,那个胶原蛋白面膜是哪种?",1,该用户是在询问主播关于胶原蛋白面膜的具体产品类型或适用信息，表现出明确的购买意向和产品需求。
weixue0806,美容护肤,姐姐可以讲讲颈霜吗,1,该用户希望主播详细介绍颈霜产品的功效或使用方法。
weixue0806,美容护肤,"不认可,那干嘛医美",0,该用户可能是在质疑主播推荐的医美产品或项目，认为其效果或价值不值得认可。
weixue0806,美容护肤,推荐一个水乳嘛,1,该用户是在寻求主播针对水乳产品的具体推荐，表现出对护肤品的明确购买意向和需求。
weixue0806,美容护肤,还有身材,0,该用户可能是在询问主播推荐的产品是否适合不同身材类型的人使用，或关心产品对不同体型的效果差异。
weixue0806,美容护肤,想要极光油,1,该用户表达的是对直播中提到的“极光油”产品有明确的购买意向或强烈兴趣。  （释义依据：结合前文弹幕中高频出现的美白、护肤、产品咨询等需求，以及直接提及具体产品名称的句式（如“胶原蛋白灌注面膜”），可推断“想要极光油”是用户针对主播推荐产品的即时反馈，属于典型购物场景下的直接需求表达。）
weixue0806,美容护肤,眼袋黑眼圈用什么,1,该用户想询问针对眼袋和黑眼圈问题的护肤产品或解决方案。
weixue0806,美容护肤,胶原蛋白面膜还有么,1,该用户是在询问直播间是否还有胶原蛋白面膜的库存，表现出明确的购买意向和产品需求。
weixue0806,美容护肤,油霜油霜油霜油霜油霜油霜油霜油霜油霜,1,该用户可能是急切地询问或强调关于“油霜”产品的信息，表达对这款产品的强烈兴趣或购买意向。
weixue0806,美容护肤,"雪姐,皮肤晒红了,怎么修复",0,该用户想表达的含义是：咨询主播关于晒后皮肤修复的方法或产品推荐。
weixue0806,美容护肤,认可,0,该用户想表达的含义是：赞同主播之前推荐的美白产品或护肤方法。
weixue0806,美容护肤,防晒防晒防晒防晒,1,该用户可能是在急切询问或强调关于防晒产品的推荐或使用建议。
weixue0806,美容护肤,油上不[捂脸]想睡了[捂脸],1,该用户可能是在表达对当前讨论的护肤产品（尤其是油类产品）感到无聊或疲倦，转而想结束观看直播去休息。
weixue0806,美容护肤,"姐姐,法令纹用什么",1,该用户是在向主播咨询适合改善法令纹的护肤产品或方法。
weixue0806,美容护肤,抗皱眼霜有吗,1,该用户是在询问直播间是否有抗皱功效的眼霜产品可供购买。
weixue0806,美容护肤,姐出轨了被男朋友发现现在后悔了怎么办,0,该用户可能是在用情感话题吸引主播注意或调侃，实际意图与直播间的护肤产品讨论无关。
weixue0806,美容护肤,沐浴乳沐浴乳沐浴乳沐浴乳沐浴乳沐浴乳沐浴乳,1,"该用户可能是急切询问或强烈要求主播介绍/推荐沐浴乳产品。  （分析依据：重复高频词是直播间常见的催促或强调方式，结合前文弹幕中类似表达如""油霜油霜油霜""对应护肤品咨询、""防晒防晒防晒""对应产品需求，可推断用户以重复刷屏形式表达对沐浴乳的购买兴趣或产品讲解诉求。）"
weixue0806,美容护肤,"皮肤黄,暗沉,做光子都没用,你有其他推荐吗",0,该用户想表达的含义是：自己尝试过光子美容但效果不佳，希望主播能针对肤色暗黄问题推荐其他有效的产品或解决方案。
weixue0806,美容护肤,油在几号油在几号油在几号油在几号油在几号,1,该用户急切地询问主播提到的护肤油在商品列表中的编号或链接位置。
weixue0806,美容护肤,双脚认可,0,该用户想表达的含义是：对主播推荐的产品或护肤方法表示赞同和支持。
weixue0806,美容护肤,眼霜选哪个,1,该用户是在询问主播推荐适合自己需求的眼霜产品。
weixue0806,美容护肤,10号没有了,1,该用户想表达的含义是：10号商品已经售罄了。
weixue0806,美容护肤,太认可了,0,该用户想表达的含义是：对主播推荐的产品或观点表示强烈赞同和支持。
weixue0806,美容护肤,不认可,0,该用户可能是在对主播推荐的产品或观点表示不同意或不满。
weixue0806,美容护肤,美白精华涂完之后你,0,该用户可能在询问美白精华的使用效果或后续护肤步骤，表现出对产品的具体功效或使用方法的兴趣。
weixue0806,美容护肤,红血丝用什么方法,0,该用户可能在询问针对红血丝问题的护肤产品或解决方案，表现出对相关商品的潜在购买兴趣。
weixue0806,美容护肤,"皮肤干,用什么",1,该用户想表达的含义是：询问主播针对皮肤干燥问题推荐什么护肤品。
weixue0806,美容护肤,法令纹说说呗,0,该用户想咨询主播关于改善法令纹的产品推荐或护理方法。
weixue0806,美容护肤,你家两款油有什么区别,1,"该用户想询问主播两款护肤油的功效差异以便做出购买选择。  （解析：结合前文高频出现的""油霜""""油在几号""等护肤产品讨论，以及大量关于皮肤问题的咨询语境，可判断用户是在认真比较产品特性，属于明确的购买意向型提问。）"
weixue0806,美容护肤,七号链接讲一下,1,该用户希望主播详细介绍七号链接对应的产品信息。
weixue0806,美容护肤,油上不想睡了,1,该用户想表达的含义是：作为油性皮肤，用了产品后感觉清爽到睡不着觉。  （结合前文“油在几号”“两款油有什么区别”等弹幕，可推断“油”指直播间推荐的护肤油类产品，用户以调侃语气反馈使用体验，隐含对产品效果的认可。）
weixue0806,美容护肤,你咋喝蜜雪冰城鸭,0,该用户可能在调侃主播或表达对直播内容偏离主题（饮品）的疑惑，暗示当前讨论的护肤产品与蜜雪冰城无关。
weixue0806,美容护肤,大师面膜可以介绍一下吗,1,"该用户对""大师面膜""产品产生了具体兴趣，希望主播能详细介绍其功效或使用方法。"
weixue0806,美容护肤,"面膜怎么用,刚收到",0,该用户想表达的含义是：刚收到购买的面膜，询问使用方法以便正确使用。
weixue0806,美容护肤,我有黑眼圈,1,该用户可能在询问针对黑眼圈问题的护肤产品推荐。
weixue0806,美容护肤,"不认可,那干嘛医美呢",0,该用户想表达的含义是：既然对医美效果持否定态度，那为什么还要选择医美项目呢？
weixue0806,美容护肤,全身怎么白全身怎么白全身怎么白,0,该用户可能是在急切询问如何实现全身美白的方法，表现出对美白产品的强烈兴趣和需求。
weixue0806,美容护肤,眼周有细纹怎么办雪儿,0,该用户是在询问主播针对眼周细纹问题推荐什么产品或解决方案。
weixue0806,美容护肤,高级人员,0,该用户可能是在询问直播间中提到的某款产品或服务是否适合高端消费群体或专业人士使用。
weixue0806,美容护肤,回答一下法令纹用哪个精华好,1,该用户想咨询针对法令纹问题的精华产品推荐，表现出对特定护肤需求的明确购买意向。
weixue0806,美容护肤,用完6号然后再用什么,0,该用户是在询问使用完6号产品后的后续护肤步骤或搭配推荐。
weixue0806,美容护肤,眼油黑眼圈有用吗,1,该用户是在询问直播中推荐的眼部产品对改善黑眼圈是否有效果。
weixue0806,美容护肤,3号面膜说下呗亲,1,该用户想表达的含义是：希望主播详细介绍3号面膜的产品信息或使用体验。
weixue0806,美容护肤,有痘痘咋办,1,该用户想表达的含义是：咨询针对痘痘问题的护肤产品或解决方案。
weixue0806,美容护肤,"小姐姐,黑眼圈做什么y美呢",0,该用户想询问主播针对黑眼圈问题推荐哪种医美项目或产品。
weixue0806,美容护肤,姐姐你这是衬衣还是睡衣,0,该用户可能是在询问主播身上穿的衣服是正式衬衫还是休闲睡衣，想确认产品的款式或适用场景。
weixue0806,美容护肤,三号链接管啥的,1,该用户想询问三号链接所售卖的具体产品及其功能用途。
weixue0806,美容护肤,没有面膜吗,1,该用户可能是在询问直播间是否有面膜类产品上架或推荐，表达了对购买面膜的兴趣或需求。
weixue0806,美容护肤,"姐姐,眼睛怎么保持清澈干净呢",0,该用户想询问如何通过护肤或保养方法让眼睛看起来明亮有神。
weixue0806,美容护肤,有斑斑,0,该用户想表达的含义是：询问产品是否能改善面部色斑问题。
weixue0806,美容护肤,涂的什么口红啊?,0,该用户想询问主播当前使用的口红品牌或色号，表现出对产品的兴趣和潜在的购买意向。
weixue0806,美容护肤,法令纹说说,1,该用户想询问主播关于改善法令纹的产品推荐或护理方法。
weixue0806,美容护肤,眼睫毛是真的吗,0,该用户可能是对直播中展示的睫毛产品或模特的睫毛效果产生兴趣，想确认其是否为真睫毛或询问是否使用了假睫毛等美妆产品。
weixue0806,美容护肤,用了美白精华还需要擦其它东西么,1,该用户想表达的含义是：询问使用美白精华后是否需要搭配其他护肤步骤来达到更好的效果。
weixue0806,美容护肤,眼袋大用产品有效吗?,1,该用户是在询问某款产品对改善眼袋问题的实际效果如何。
weixue0806,美容护肤,雪眼霜链接几,1,该用户想询问主播提到的“雪眼霜”产品购买链接是哪一个。
weixue0806,美容护肤,美白精华涂完呢?,0,该用户想询问使用完美白精华后的后续护肤步骤或是否需要搭配其他产品。
weixue0806,美容护肤,有提亮肤色的吗,1,该用户想询问直播间是否有能够改善肤色暗沉、让肌肤看起来更明亮的产品。
weixue0806,美容护肤,真的能白么????,1,该用户是在质疑美白产品的实际效果是否真如宣传所说能让皮肤变白。
weixue0806,美容护肤,这个美白面膜可以和大师面膜一起用吗,1,该用户想知道美白面膜是否可以与其他功效的面膜叠加使用以达到更好的护肤效果。
weixue0806,美容护肤,有去雀斑的建议吗,0,该用户想询问直播间推荐的产品或方法是否能有效改善雀斑问题。
weixue0806,美容护肤,眼纹黑眼圈怎么办,0,该用户想表达的含义是：询问主播针对眼部细纹和黑眼圈问题的解决方案或推荐产品。
weixue0806,美容护肤,卸妆膏介绍一下,1,该用户对卸妆膏产品产生了兴趣，希望主播详细讲解其功能或使用方法。
weixue0806,美容护肤,10号孕妇可以用吗,1,该用户是在询问10号产品是否适合孕妇使用，表现出对产品安全性和适用人群的关注。
weixue0806,美容护肤,胶原蛋白肽面膜有吗,1,该用户是在询问直播间是否有售卖胶原蛋白肽面膜这款产品。
weixue0806,美容护肤,姐姐姐姐快成年可以用吗[流泪],1,该用户想询问产品是否适合未成年人使用，并表达了对年龄限制的担忧和急切心情。
weixue0806,美容护肤,油上不[捂脸]想睡了,1,该用户可能是在表达对当前讨论的美容产品感到疲惫或不感兴趣，转而表示自己因内容枯燥而犯困。
weixue0806,美容护肤,身上跟脸色差太大了怎么办,0,该用户可能是在询问如何改善肤色与身体其他部位的色差问题。
weixue0806,美容护肤,"像我皮肤天生暗黑,可以用吗",1,该用户是在询问产品是否适合天生肤色较深的肤质使用。
weixue0806,美容护肤,有没有抗糖丸?,0,该用户可能在询问直播间是否有售卖能够抑制糖分吸收或抗糖化的保健产品。
weixue0806,美容护肤,"油怎么用啊,拍了不知道怎么用",1,该用户想表达的含义是：对已购买产品的使用方法存在疑惑，希望得到具体指导。
weixue0806,美容护肤,防晒上一下[比心][比心][比心][比心][比心][比心][比心][比心][比心][比心][比心][比心][比心],1,该用户急切希望主播尽快上架防晒产品，并通过密集的[比心]表情强调自己的强烈购买意愿。
weixue0806,美容护肤,3号链接讲下,1,该用户想表达的含义是：请主播详细讲解3号链接商品的具体信息或使用方式。
weixue0806,美容护肤,身上睡衣哪里买,1,该用户想询问直播中展示的睡衣的购买渠道。
weixue0806,美容护肤,10号开一下!!!!!!!!!!,1,该用户急切要求主播展示或详细介绍10号产品（可能是之前弹幕中询问过的孕妇可用产品）。
weixue0806,美容护肤,"祛斑,祛斑,祛斑",0,该用户迫切想了解直播间是否有针对祛斑问题的产品或解决方案。
weixue0806,美容护肤,你的耳环为啥都是两个坠坠的啊,0,该用户可能是在委婉询问主播是否售卖单只耳环或对耳环的设计款式产生兴趣。
weixue0806,美容护肤,怎么没有眼膜,1,该用户是在询问直播间是否售卖眼膜产品，暗示对该品类有潜在购买需求。
weixue0806,美容护肤,法令纹用哪个精华,1,该用户想询问主播推荐适合改善法令纹问题的精华产品。
weixue0806,美容护肤,防晒防晒防晒防晒防晒防晒防晒防晒防晒防晒防晒防晒防晒防晒防晒防晒,1,该用户急切要求主播上架或详细介绍防晒产品。
weixue0806,美容护肤,噶刚进来怎么用啊,0,该用户想表达的含义是：刚进入直播间不清楚产品的使用方法。  （结合前文弹幕高频出现的产品咨询和功能提问，用户可能是对当前直播中提到的某款产品感兴趣，但因刚进入直播间而错过讲解，故询问操作方式。）
weixue0806,美容护肤,几片啊?,0,该用户可能在询问当前介绍的产品包装规格或数量（如面膜片数、药丸粒数等），希望主播明确说明具体含量以便判断是否购买。
weixue0806,美容护肤,在卧室吗,0,该用户可能是在询问直播间展示的产品是否适合在卧室场景中使用或存放。
weixue0806,美容护肤,做什么项目可以祛斑,0,该用户想表达的含义是：询问直播间推荐哪些产品或项目能够有效解决祛斑问题。  （结合前文语境，弹幕整体围绕护肤需求展开，尤其是针对具体功效如祛斑、美白、防晒等，用户提问动机明确，希望获得解决方案或产品推荐。）
weixue0806,美容护肤,水光霜呢,1,该用户是在询问直播间是否有售卖或介绍水光霜产品。
weixue0806,美容护肤,美白身体乳有推荐的吗,1,该用户想表达的含义是：对直播间推荐的美白身体乳产品感兴趣并希望获得具体建议。
weixue0806,美容护肤,可以去痘印没,0,该用户是在询问直播中推荐的产品是否能有效祛除痘印。
weixue0806,美容护肤,美白精华涂完怎么保养,0,该用户想表达的含义是：询问使用完美白精华后的后续护肤步骤或配套产品推荐。
weixue0806,美容护肤,真的会美白白嘛期待,0,该用户想表达的含义是：对产品美白效果的真实性存疑但抱有期待。  （结合前文弹幕中频繁出现的美白、祛斑等护肤需求，以及用户提问的“真的会”和语气词“嘛”，可推断其心理是既希望产品有效，又因同类产品宣传泛滥而保持谨慎，最终通过“期待”表达尝试意愿。）
weixue0806,美容护肤,用完8号的油再用什么,1,该用户想询问8号护肤油使用完后推荐接续使用的产品。
weixue0806,美容护肤,美女姐姐有什么能让脖子变白吗[比心][比心][比心],0,该用户想表达的含义是：询问主播是否有推荐的美白颈部肌肤的产品。  （结合语境分析：直播间讨论集中在护肤、美白、祛斑等需求，用户以亲昵称呼和表情符号表达对主播的信任，核心诉求是解决颈部肤色问题，隐含购买意向。）
weixue0806,美容护肤,可以去痘印么,1,该用户想询问直播中推荐的产品是否具有淡化痘印的效果。
weixue0806,美容护肤,"姐姐,想要衣服链接,衣服链接",1,该用户急切地希望主播提供当前展示服装的购买途径，表现出明确的购买意向。
weixue0806,美容护肤,这个和油怎么一起用啊啊啊啊啊啊啊啊啊啊啊啊啊啊啊,0,该用户想表达的含义是：询问当前展示的产品如何与之前提到的某款油类产品搭配使用。
weixue0806,美容护肤,脸比身上白很多怎么办,0,该用户可能在询问如何解决面部与身体肤色差异的问题，暗示对美白产品或身体护理方案有购买兴趣。
weixue0806,美容护肤,要全身美白,1,该用户想表达的含义是：询问是否有能让全身皮肤变白的产品推荐。
weixue0806,美容护肤,眼纹怎么弄[爱心][爱心][爱心][爱心][爱心],0,该用户想询问如何改善眼部皱纹问题，并表现出对相关产品的强烈兴趣和期待。
weixue0806,美容护肤,"油怎么用,拍了不知道怎么用",1,该用户想表达的含义是：对已购买的护肤油的使用方法存在疑问，希望得到具体的使用指导。
weixue0806,美容护肤,宝宝讲讲油霜吧,1,该用户希望主播详细介绍油霜产品的功效和使用方法。
weixue0806,美容护肤,推荐卸妆的产品,1,该用户想表达的含义是：希望主播能介绍一些适合卸妆的护肤产品。
weixue0806,美容护肤,期待效果,0,该用户想表达的含义是：对产品的美白效果抱有较高的期待和兴趣。
weixue0806,美容护肤,"皮肤超级干,用哪个链接的油",1,该用户想询问针对干燥皮肤的护肤油产品链接，希望主播推荐适合的购买选项。
weixue0806,美容护肤,痘痘肌痘痘肌痘痘肌痘痘肌痘痘肌痘痘肌痘痘肌痘痘肌痘痘肌痘痘肌痘痘肌痘痘肌痘痘肌痘痘肌痘痘肌用什么,1,该用户急切想知道适合痘痘肌使用的产品推荐。  （结合前文弹幕中高频出现的护肤问题（如祛斑、痘印、美白等）和重复关键词“痘痘肌”的强调方式，可推断用户希望通过刷屏引起主播注意，核心诉求是寻求针对痘痘肌的解决方案。）
weixue0806,美容护肤,美白孕妇可以用吗,1,该用户是在询问产品是否适合孕期女性使用，重点关注美白功效的安全性。
weixue0806,美容护肤,有没有全身美白的方法,1,该用户想表达的含义是：询问是否存在能够实现全身肌肤美白的有效产品或方法。
weixue0806,美容护肤,我要纯补水的,1,该用户想表达的是：我需要一款专门用于补水的护肤产品。
weixue0806,美容护肤,眼油用了一周好像长了脂肪粒[捂脸],0,该用户想表达的含义是：对眼油产品的使用效果提出疑虑，担心使用后导致脂肪粒问题。
weixue0806,美容护肤,胶原灌注呢[捂脸],1,该用户可能在询问或催促主播介绍关于“胶原灌注”产品的使用方法或效果，并带有一定的急切或调侃情绪。
weixue0806,美容护肤,油上不想睡了[捂脸],1,该用户可能在表达使用产品后出现皮肤油腻不适的感受，并对此感到无奈或困扰。
weixue0806,美容护肤,贴完面膜再用美白精华吗?,1,该用户是在询问护肤步骤的合理性，具体想确认面膜和美白精华的使用顺序是否正确。
weixue0806,美容护肤,姐姐两款油有什么区别,1,该用户想了解主播推荐的两款护肤油的功效差异或适用场景区别。
weixue0806,美容护肤,黄皮能白吗,0,该用户是在询问产品是否能改善肤色暗沉问题，表达了对美白功效的兴趣和购买意向。
weixue0806,美容护肤,又变美了,1,该用户可能在夸赞主播外貌变化的同时，暗示对主播使用的美容产品或方法产生了兴趣。
weixue0806,美容护肤,"雀斑,雀斑,讲讲呗",1,该用户想表达的含义是：希望主播详细讲解关于雀斑问题的产品或护理方法。
weixue0806,美容护肤,那个胶原蛋白面膜和韩束美白面膜哪个效果好,1,该用户是在对比两款面膜的功效，希望得到产品效果差异的推荐建议。
weixue0806,美容护肤,这个美白用好白天还可以用其他面膜吗???,1,该用户可能是在询问使用美白产品后，白天是否还能搭配其他面膜进行护肤，担心产品叠加使用会产生冲突或影响效果。
weixue0806,美容护肤,精华用完之后呢?,1,该用户可能在询问使用完精华后的后续护肤步骤或是否需要搭配其他产品。
weixue0806,美容护肤,10号链接开一下,1,该用户想表达的含义是：希望主播尽快开放或展示10号商品链接以便购买。
weixue0806,美容护肤,胶原蛋白面膜有么,1,该用户是在询问直播间是否有售卖胶原蛋白面膜这款产品，表现出明确的购买意向和需求。
weixue0806,美容护肤,咋这么喜欢你呀,0,该用户想表达的含义是：被主播的推荐或个人魅力打动，产生了强烈的喜爱和信任感。
weixue0806,美容护肤,防晒上一下[比心][比心][比心][比心][比心][比心][比心][比心][比心][比心][比心],1,该用户迫切希望主播尽快上架防晒产品，并通过大量爱心表情强调自己的强烈需求和期待。
weixue0806,美容护肤,14号[比心][比心][比心],1,该用户可能是想询问或提醒主播开启14号产品的购买链接，并表达对产品的期待或喜爱。
weixue0806,美容护肤,防晒防晒防晒防晒防晒防晒,1,该用户急切要求主播上架或详细介绍防晒产品。
weixue0806,美容护肤,祛痘印,1,该用户可能在询问直播间是否有针对祛痘印的产品或相关护肤方法的推荐。
weixue0806,美容护肤,姐姐我是个情感需求很高的人男朋友满足不了我的高需求怎么办好伤心,0,该用户可能想通过分享情感困扰来寻求主播的安慰或建议，同时暗示对直播间的情感类产品或服务（如心理咨询、情感课程等）存在潜在需求。
weixue0806,美容护肤,有没有吃的美白药,1,该用户想表达的含义是：询问直播间是否有口服的美白产品推荐。  （结合前文弹幕中频繁出现关于美白、护肤的讨论，如“黄皮能白吗”“韩束美白面膜”等，可推断用户对美白话题有明确兴趣，且倾向于通过“吃”的方式实现美白效果，属于主动寻求解决方案的购买意向表达。）
weixue0806,美容护肤,祛痘的,1,该用户想询问直播间是否有祛痘相关的产品或解决方案。
weixue0806,美容护肤,1号几片,1,该用户是在询问直播间商品列表中1号链接的产品包含多少片装。
weixue0806,美容护肤,推荐卸妆,1,该用户可能是在询问主播能否推荐一款卸妆产品，或是希望主播演示卸妆步骤。
weixue0806,美容护肤,香水介绍一下,1,该用户想表达的含义是：希望主播详细讲解当前展示的香水产品的功效或特点。  （结合前文弹幕多为对护肤美妆产品的具体咨询和购买意向，可推断用户是在主动寻求产品信息，潜在购买动机较强。）
weixue0806,美容护肤,保湿面霜,1,该用户可能是想询问主播关于保湿面霜的具体信息或功效，表达了对这款产品的潜在购买兴趣。
weixue0806,美容护肤,痘印怎么整痘印怎么整痘印怎么整,0,该用户想表达的含义是：询问如何有效祛除痘印的产品或方法。
weixue0806,美容护肤,那个面目没有了吗,1,该用户想询问直播间是否已经售罄或下架了某款面膜产品。
weixue0806,美容护肤,油霜!!!宝宝,1,该用户想表达的含义是：强烈想要购买或了解主播正在介绍的油霜产品，并用亲昵称呼表达对主播的喜爱。
weixue0806,美容护肤,听减肥,0,该用户想表达的含义是：询问直播间是否有关于减肥产品或方法的推荐。
weixue0806,美容护肤,痘痘用什么,1,该用户想询问直播间是否有适合祛痘的产品推荐。  （结合前文语境，弹幕中多次出现护肤相关提问（如祛痘印、保湿、卸妆等），且“痘痘用什么”属于典型的产品咨询句式，用户意图明确指向购买需求而非单纯闲聊。）
weixue0806,美容护肤,去泪沟,0,该用户想表达的含义是：询问直播间是否有能改善泪沟问题的产品或解决方案。  （结合前文弹幕多为护肤、美容相关需求，且多指向具体产品功能，如“祛痘印”“防晒”“美白”等，可推断“去泪沟”同样是针对面部问题的产品诉求。）
weixue0806,美容护肤,防晒能遮瑕吗,1,该用户想询问防晒产品是否同时具备遮瑕功能，以评估其是否满足自己的美妆需求。
weixue0806,美容护肤,油霜油霜油霜,1,该用户急切地询问或催促主播介绍/上架“油霜”产品，可能是重复强调以引起注意或表达强烈需求。
weixue0806,美容护肤,眼油特别好用[比心],1,该用户想表达的含义是：对主播推荐的这款眼部精油产品表示认可和推荐。
weixue0806,美容护肤,上BE油,1,该用户想表达的含义是：要求主播推荐或上架适合油性肌肤使用的精华油产品。
weixue0806,美容护肤,油用那个,1,该用户想询问主播正在介绍的护肤油产品具体是哪一款。
weixue0806,美容护肤,眼袋大用什么,1,该用户想询问直播间是否有针对眼袋问题的护肤产品或解决方案。
weixue0806,美容护肤,爱出油长痘痘.能用?,1,该用户想询问这款产品是否适合油性肌肤和易长痘的人群使用。
weixue0806,美容护肤,头发脱发,0,该用户可能是在询问直播中是否有针对脱发问题的产品或解决方案。
weixue0806,美容护肤,"雀斑,雀斑,雀斑,讲讲呗",1,该用户想表达的含义是：希望主播详细讲解关于雀斑的产品或护肤方法。
weixue0806,美容护肤,怎么内服,1,该用户可能是想询问产品是否可以口服以及具体的使用方法。
weixue0806,美容护肤,"雪,我要纯补水面膜",1,该用户想表达的是：主播，我想要一款专门用于补水的面膜，最好是雪品牌的产品。
weixue0806,美容护肤,眼睛有脂肪粒,0,该用户可能在询问如何解决眼部脂肪粒问题，或是想了解当前推荐的产品是否适合有脂肪粒的肤质。
weixue0806,美容护肤,水光霜怎么没,1,该用户想表达的含义是：之前提到的水光霜产品为什么没有在直播中展示或讲解。
weixue0806,美容护肤,21号链接,1,该用户可能是在询问或指定购买直播中第21号商品链接的产品。
weixue0806,美容护肤,怎么做好,0,该用户可能是在询问直播间当前介绍的产品（如油霜或护肤方法）的具体使用步骤或效果如何达成。
weixue0806,美容护肤,10hao,0,该用户可能在询问“10号链接”对应的产品信息或购买方式。
weixue0806,美容护肤,有没有推荐的内服的,1,该用户想询问主播是否有适合内服（如口服保健品或药物）的产品推荐。
weixue0806,美容护肤,防晒有推荐嘛,1,该用户想表达的含义是：希望主播推荐适合自己需求的防晒产品。
weixue0806,美容护肤,内服那些?,0,该用户想询问直播间是否有推荐的内服美容或保健产品。
weixue0806,美容护肤,回来弄人我是能惯惯,0,该用户可能是在催促主播回到某个之前讨论过的产品（比如“油霜”或“内服”类商品），并表达自己愿意继续支持或购买的态度。
weixue0806,美容护肤,有祛痘印的吗?,1,该用户是在询问直播间是否有能改善痘印问题的护肤产品。
weixue0806,美容护肤,美白精华涂完,1,该用户想表达的含义是：询问美白精华的使用效果或后续步骤。
weixue0806,美容护肤,眼袋真的只能噶吗?,0,该用户可能是在询问眼袋问题是否只能通过手术解决，并希望主播推荐相关产品或护理方法。
weixue0806,美容护肤,化妆前可以敷这个面膜吗,1,该用户想询问这款面膜是否适合在化妆前使用以提升妆容效果。
weixue0806,美容护肤,有没有推荐的维c,1,该用户想询问直播间是否有适合自己需求的维生素C产品推荐。
weixue0806,美容护肤,内服什么,0,该用户想询问直播间推荐的内服产品类型或具体品牌。
weixue0806,美容护肤,面膜多少片???,1,该用户想询问面膜的具体规格和数量，表现出对产品细节的关注和潜在的购买意向。
weixue0806,美容护肤,我这里看的链接还是只有5片,0,该用户想表达的含义是：自己看到的商品链接显示的面膜数量与其他人提到的不同，怀疑是否有其他规格或优惠选项。
weixue0806,美容护肤,"请问谁能不喜欢你的人格魅力,沦陷了[捂脸]",0,该用户被主播的个人魅力所吸引，表达了对主播的喜爱和情感上的投入。
weixue0806,美容护肤,法令纹做什么,0,该用户想询问针对法令纹问题推荐哪种产品或护理方法。
weixue0806,美容护肤,讲讲油霜吧宝宝,1,该用户希望主播详细介绍某款油霜产品的功效或使用方法。
weixue0806,美容护肤,孕妇能用这个面膜吗!!,1,该用户是在询问这款面膜是否适合孕妇使用，表达了对产品安全性的关切和潜在的购买意向。
weixue0806,美容护肤,讲6号,1,该用户希望主播详细介绍或展示6号链接对应的产品。
weixue0806,美容护肤,需要防晒,1,该用户想表达的含义是：询问主播是否有推荐的防晒产品。
weixue0806,美容护肤,防晒在几号链接?,1,该用户想询问防晒产品对应的商品购买链接编号。
weixue0806,美容护肤,防晒用了还干[捂脸],0,该用户想表达的含义是：使用推荐的防晒产品后皮肤仍然感到干燥，对此有些无奈和困扰。
weixue0806,美容护肤,面膜敷多久面膜敷多久,1,该用户想询问这款面膜的建议使用时长。
weixue0806,美容护肤,耳环是什么牌子的,1,该用户想询问当前展示的耳环的品牌信息，表现出对产品的具体兴趣和潜在的购买意向。
weixue0806,美容护肤,身体内服喝啥啊?,0,该用户是在询问直播间推荐的内服美容或保健产品。
weixue0806,美容护肤,鱼尾纹用哪个,1,该用户是在询问直播间推荐哪款产品适合改善鱼尾纹问题。
weixue0806,美容护肤,"姐姐,眼睛怎么保持清澈干净呢姐姐,眼睛怎么保持清澈干净呢",0,该用户想表达的含义是：询问主播如何通过护肤或护理方法让眼睛看起来更明亮有神。
weixue0806,美容护肤,有防晒介绍么,1,该用户是在询问直播间是否有关于防晒产品的详细介绍或推荐。
weixue0806,美容护肤,你口红几号链接,1,该用户想询问主播口红的购买链接编号以便下单。
weixue0806,美容护肤,眼膜眼膜眼膜眼膜,1,该用户急切想了解或购买直播间推荐的眼膜产品。
weixue0806,美容护肤,法令纹、下垂、浮肿怎么护理,0,该用户想表达的含义是：询问针对面部衰老和水肿问题的护肤产品推荐或护理方法。
weixue0806,美容护肤,什么时候推内服美白的,1,该用户想询问主播接下来是否会推荐口服美白产品，并希望了解具体推荐时间。
weixue0806,美容护肤,全身怎么白什么产品,1,该用户想询问主播推荐能让全身皮肤变白的产品是什么。
weixue0806,美容护肤,洗面奶洗面奶洗面奶,1,该用户急切想了解或购买主播推荐的洗面奶产品。
weixue0806,美容护肤,"有没有平价的,大学生穷",0,该用户想表达的含义是：作为预算有限的学生群体，希望能推荐一些价格实惠的产品。
weixue0806,美容护肤,内服美白喝什么,0,该用户想询问直播间推荐的口服美白产品。
weixue0806,美容护肤,"美白,内服什么",0,该用户想询问主播推荐哪些内服产品可以达到美白效果。
weixue0806,美容护肤,美白内服什么?,0,该用户想询问直播间是否有推荐的口服美白产品。
weixue0806,美容护肤,喜欢你的头发很蓬,0,该用户可能是在夸赞主播的发型或发质，并间接表达对相关护发产品的兴趣。
weixue0806,美容护肤,不是有小脸面膜吗,1,该用户可能是在询问直播间是否推荐或售卖主打瘦脸功效的面膜产品。
weixue0806,美容护肤,颈霜颈霜颈霜颈霜,1,该用户急切想了解主播推荐的颈霜产品信息或购买链接。
weixue0806,美容护肤,面膜能天天敷吗,1,该用户可能是对面膜的使用频率产生兴趣，想确认产品是否适合日常使用以便考虑购买。
weixue0806,美容护肤,身体美白可以内服什么,0,该用户想表达的含义是：询问有哪些内服产品能够帮助改善身体肌肤的美白效果。
weixue0806,美容护肤,胶原蛋白喝完几支有效果,1,该用户是在询问服用多少剂量的胶原蛋白产品才能达到预期的美容效果。
weixue0806,美容护肤,内服的产品那个靠谱点,1,该用户是在询问直播间推荐的内服美容产品中哪些更值得信赖和有效。
weixue0806,美容护肤,9号链接,1,该用户想询问9号链接对应的具体产品信息或购买方式。
weixue0806,美容护肤,一号有几张面膜,1,该用户是在询问一号链接的面膜具体包含多少片装。
weixue0806,美容护肤,"面膜敷了,脸上痒痒的",0,该用户可能是在反馈使用产品后的不适体验，暗示对当前面膜产品的效果或安全性存在疑虑。
weixue0806,美容护肤,看看七号面霜,1,该用户想表达的含义是：询问主播是否推荐或介绍七号链接的面霜产品。
weixue0806,美容护肤,水光肌面膜,1,该用户可能在询问或暗示对水光肌面膜产品的兴趣，希望主播介绍或推荐相关产品。
weixue0806,美容护肤,内服有推荐吗,1,该用户是在询问直播间是否有值得推荐的口服美容产品。
weixue0806,美容护肤,"3号链接可以讲一下吗,第一次买",1,该用户对3号链接的产品产生了兴趣，希望主播详细介绍以便首次购买时做出决策。
weixue0806,美容护肤,内服吃什么?,0,该用户想询问直播间推荐的口服美白或护肤产品。
weixue0806,美容护肤,"身体美白,内服有推荐吗,姐姐",1,该用户是在询问主播有没有适合通过内服方式来达到身体美白效果的产品推荐。
weixue0806,美容护肤,防晒用了脸干[捂脸],0,该用户可能是在反馈之前使用的防晒产品导致脸部干燥不适，并借此询问是否有更保湿的替代产品或解决方案。
weixue0806,美容护肤,油之前需要涂水吗,1,该用户想询问使用护肤油之前是否需要先涂抹化妆水作为打底步骤。
weixue0806,美容护肤,美白面膜的流程,1,该用户想询问美白面膜的使用步骤或具体操作方法。
weixue0806,美容护肤,"今天晚上收到防晒,太好用了[赞]",0,该用户想表达的含义是：对刚收到的防晒产品使用效果非常满意并给予积极评价。
weixue0806,美容护肤,胶原蛋白灌注面膜有吗姐,1,该用户是在询问直播间是否有售卖胶原蛋白成分的灌注式面膜产品。
weixue0806,美容护肤,去法令纹的方法,0,该用户可能在询问直播间是否有针对法令纹问题的护肤产品或解决方案。
weixue0806,美容护肤,全身怎么白推荐什么,1,该用户想询问主播对于全身美白产品有什么推荐。
weixue0806,美容护肤,化妆前可以用吗,1,该用户想询问当前讨论的产品是否适合在化妆前使用。
weixue0806,美容护肤,眼袋大怎么办,0,该用户可能在询问改善眼袋问题的护肤产品或方法，表现出对相关美容解决方案的兴趣。
weixue0806,美容护肤,内服服什么呀,0,该用户是在询问直播间推荐的内服产品具体是什么以及有何功效。
weixue0806,美容护肤,买了大师面膜还要买美白吗,1,该用户可能在纠结已经购买了主打功效的面膜后是否还需要额外购买美白产品，想咨询两款产品的功能是否重叠或需要搭配使用。
weixue0806,美容护肤,脸比身上白很多,0,该用户可能是在对比面部和身体的肤色差异，暗示对全身美白产品或方法的兴趣。
weixue0806,美容护肤,身上睡衣推荐一下,1,该用户想表达的含义是：希望主播推荐适合穿在身上的睡衣款式或品牌。
weixue0806,美容护肤,孕妇能用这个面膜吗姐!!!孕妇能用这个面膜吗姐!!!孕妇能用这个面膜吗姐!!!,1,该用户迫切想知道这款面膜是否适合孕妇使用，表现出强烈的购买顾虑和需求确认意图。
weixue0806,美容护肤,颈霜颈霜颈霜颈霜颈霜颈霜颈霜颈霜颈霜颈霜颈霜颈霜颈霜颈霜颈霜颈霜颈霜颈霜颈霜颈霜颈霜颈霜颈霜颈霜颈霜,1,该用户可能是在强烈催促主播详细介绍或推荐颈霜产品，表达出明确的购买意向和急切需求。
weixue0806,美容护肤,韩束这个咋样,0,该用户想表达的含义是：询问韩束产品的使用效果或推荐意见。
weixue0806,美容护肤,内服什么呢,0,该用户想表达的含义是：询问主播是否有推荐的口服美容或保健产品。
weixue0806,美容护肤,8号的油,1,该用户可能在询问直播间是否有8号链接的护肤油产品，或是想了解关于这款油的详细使用方法和效果。
weixue0806,美容护肤,全身美白内服在几号链接???????????,1,该用户急切想了解直播间推荐的全身美白内服产品对应的商品购买链接位置。
weixue0806,美容护肤,油霜油霜油霜[捂脸],1,该用户急切地询问或催促主播介绍关于“油霜”产品的信息，并附带了哭笑不得的情绪。
weixue0806,美容护肤,八号10号有啥区别,1,该用户想询问直播间推荐的8号和10号产品在功效或使用体验上的具体差异。
weixue0806,美容护肤,"痘痘,毛孔粗大,有黑头,脸很油,怎么办",0,"该用户想表达的含义是：咨询针对油性肌肤伴随的痘痘、毛孔粗大和黑头问题的护肤解决方案。  （结合前文弹幕中高频出现的护肤品类咨询、产品功能提问及同类肌肤问题讨论，可推断用户是在直播间的""问题-解答-产品推荐""互动模式下，主动提出自身肌肤困扰以寻求针对性建议，潜在动机包含对相关产品的购买兴趣。）"
weixue0806,美容护肤,红丝丝怎么养护,0,该用户想询问红色丝质衣物的保养方法，可能对相关产品有购买意向。
weixue0806,美容护肤,法令纹怎么做,0,该用户想询问如何改善或消除法令纹的美容方法或产品推荐。
weixue0806,美容护肤,眼膜眼膜眼膜眼膜眼膜,1,该用户想表达的含义是：迫切询问关于眼膜产品的信息或强烈表达对眼膜的兴趣。  （结合前文弹幕高频重复关键词如“颈霜”“孕妇能用吗”等模式，可推断用户通过重复强调产品名称来吸引主播注意或表达急切需求。）
weixue0806,美容护肤,身体乳哪个好闻呀,1,该用户是在询问哪款身体乳的香味更受欢迎，可能正考虑购买并希望获得气味方面的推荐。
weixue0806,美容护肤,卸妆的产品有吗,1,该用户可能在询问直播间是否有卸妆类产品上架，表现出对清洁护肤步骤的关注和潜在购买意向。
weixue0806,美容护肤,"精华,面膜一起用??!?",1,该用户可能是在询问精华和面膜是否可以搭配使用，并对此感到好奇或不确定。
weixue0806,美容护肤,美白面膜孕妇可以使用吗?,1,该用户是在询问美白面膜是否适合孕妇使用，表现出对产品安全性的关切和潜在的购买意向。
weixue0806,美容护肤,有祛斑的,1,该用户可能在询问直播间是否有针对祛斑功效的产品推荐。
weixue0806,美容护肤,皮肤黄适合用什么产品推荐一下呢,1,该用户想表达的含义是：希望主播能根据自己肤色偏黄的特点推荐合适的美白或提亮产品。
weixue0806,美容护肤,"一号链接,19岁可以用吗?",1,该用户是在询问产品一号链接是否适合19岁的肤质使用。
weixue0806,美容护肤,有外套吗,1,该用户想表达的含义是：询问直播间是否正在售卖或推荐外套类商品。
weixue0806,美容护肤,有法令纹,1,该用户想咨询如何改善或针对法令纹问题的护肤产品或解决方案。  （结合前文弹幕多为护肤、产品功效类提问，语境指向用户对自身皮肤问题的关注，因此“有法令纹”是希望主播推荐相关产品或护理方法。）
weixue0806,美容护肤,"姐妹,我和婆婆吵架了,还住在一个屋檐下,如果是你,你会怎么做",0,"该用户可能在倾诉家庭矛盾后，试图通过询问他人建议来缓解情绪，并间接寻求直播间推荐适合压力情境下的护肤或情绪调节产品（如舒缓类护肤品或减压好物）。  （分析依据：结合前20条弹幕高度聚焦美妆护肤产品的语境，用户虽未直接提及商品，但在电商直播场景下倾诉烦恼时，隐含对""解决方案""的期待，而直播间能提供的解决方案通常与货品相关。）"
weixue0806,美容护肤,"脸上不光滑,有颗粒怎么搞",0,该用户可能是在询问如何解决面部皮肤粗糙、有颗粒感的护肤问题，希望主播推荐相关产品或护理方法。
weixue0806,美容护肤,颈霜颈霜颈霜颈霜颈霜颈霜颈霜颈霜颈霜颈霜颈霜颈霜颈霜,1,该用户可能是在强烈表达对颈霜产品的兴趣或催促主播详细介绍/上架该产品。
weixue0806,美容护肤,泪沟凹陷怎么办,0,该用户想表达的含义是：咨询改善泪沟凹陷问题的护肤产品或方法。
weixue0806,美容护肤,189包括几片面膜,1,该用户想询问面膜产品的具体规格和性价比，以评估是否值得购买。
weixue0806,美容护肤,下睫毛是画的吗,0,该用户可能在询问主播展示的下睫毛效果是否通过化妆技巧实现的，以此判断产品的真实效果或学习相关化妆方法。
weixue0806,美容护肤,美白内服什么,0,该用户想询问直播间是否有适合口服的美白产品推荐。
weixue0806,美容护肤,眼角凹陷,0,该用户可能在咨询改善眼部衰老或泪沟问题的产品推荐。
weixue0806,美容护肤,法令纹怎么祛除,0,该用户是在询问直播间是否有针对改善法令纹的护肤产品或护理方法，表现出对相关美容解决方案的明确需求。
weixue0806,美容护肤,你是女性的骄傲[比心][比心][比心],0,该用户想表达的含义是：对主播（或品牌）在女性相关领域的成就或态度表示高度赞赏和支持。
weixue0806,美容护肤,很多账号说是你橱窗链接,0,该用户可能是在询问主播是否确实有官方授权的橱窗链接，因为看到很多其他账号都在推荐这个链接，想确认其真实性以避免购买到非正规渠道的产品。
weixue0806,美容护肤,"是直播吗,不是回放吧",0,该用户想确认当前观看的是实时直播而非录播内容，可能担心错过互动机会或对直播时效性有要求。
weixue0806,美容护肤,"家里好多面膜,但是都不知道什么时间用",0,该用户想表达的含义是：虽然囤了不少面膜，但对使用时机不太确定，希望获得相关建议。
weixue0806,美容护肤,有推荐的护发素吗[比心],1,该用户希望通过主播的推荐来选购适合自己的护发素产品，并表现出友好互动的意愿。
weixue0806,美容护肤,先防晒还是先隔离先防晒还是先隔离先防晒还是先隔离先防晒还是先隔离,0,该用户急切想确认化妆步骤的正确顺序，表现出对产品使用方法的强烈求知欲和潜在购买意向。
weixue0806,美容护肤,雪雪皮肤黄适合用什么产品,1,该用户想表达的含义是：询问主播针对肤色偏黄的肤质是否有合适的美白或提亮产品推荐。
weixue0806,美容护肤,189到手61件?,1,该用户可能在询问商品的具体性价比，想确认189元的价格是否真能买到61件商品以及是否值得购买。
weixue0806,美容护肤,面膜19岁的能用吗?,1,该用户是在询问面膜产品是否适合自己19岁的年龄使用。
weixue0806,美容护肤,黑眼圈用啥,1,该用户想询问针对黑眼圈问题的推荐产品或解决方案。
weixue0806,美容护肤,"姐姐,脸黄皮用什么面膜",1,"该用户想表达的含义是：主播能否推荐适合肤色暗沉人群使用的面膜产品。  （分析依据：结合前文弹幕中高频出现的护肤问题（如美白、黄皮、黑眼圈）和产品咨询（面膜、颈霜等），可推断用户关注点聚焦于具体护肤需求，且语境中已存在类似提问模式，如""雪雪皮肤黄适合用什么产品""。用户通过""脸黄皮""明确自身需求，并直接指向""面膜""这一品类，属于典型的购买意向咨询。）"
weixue0806,美容护肤,"超级喜欢雪,人间清醒",0,"该用户想表达的含义是：非常欣赏主播真诚直率的性格，认为其是值得信赖的带货达人。  （结合前文弹幕中频繁出现的护肤咨询和产品询问，可推断""雪""是主播昵称，""人间清醒""是对主播专业形象的肯定，暗示用户因认可主播而可能产生购买兴趣）"
weixue0806,美容护肤,需要防晒霜,1,该用户可能在询问直播间是否有推荐的防晒霜产品，或是想了解防晒霜的使用方法和购买信息。
weixue0806,美容护肤,睫毛膏有吗,1,该用户是在询问直播间是否有睫毛膏产品可供购买或介绍。
weixue0806,美容护肤,眼袋很严重,0,该用户可能在咨询改善眼袋问题的护肤产品或方法，表现出对相关美容解决方案的购买兴趣。
weixue0806,美容护肤,11号链接唇精华孕妇可以用么,1,该用户想询问11号链接的唇部精华产品是否适合孕妇使用，表现出对该产品的具体需求和购买意向。
weixue0806,美容护肤,有推荐的护发素吗,1,该用户想表达的含义是：希望主播能针对护发素产品给出具体的购买建议或推荐款式。
weixue0806,美容护肤,大干皮.用几号链接面膜,1,该用户想表达的含义是：作为干性皮肤，应该选择哪个产品链接的面膜适合自己使用。
weixue0806,美容护肤,姐姐那个肤着会透明的是哪个面膜,1,该用户想询问主播展示的某款具有透明效果的面膜具体是哪一款产品。
weixue0806,美容护肤,6号没有做项目可以直接用么,0,该用户是在询问6号链接的产品是否可以不经其他步骤直接使用。
weixue0806,美容护肤,姐姐1号跟21号面膜区别是什么,1,该用户想了解1号和21号面膜在功效或适用性上的具体差异，以便根据自身需求做出购买选择。
weixue0806,美容护肤,噗嗤噗嗤,0,该用户可能被直播间的热闹氛围或主播的幽默表现逗乐了，用拟声词“噗嗤噗嗤”表达忍俊不禁的笑声，属于互动型弹幕而非直接购买意向。
weixue0806,美容护肤,"你推荐的都买了,说一下使用的顺序,我都搞懵了,不记得顺序了",0,该用户想表达的含义是：自己已经购买了主播推荐的所有产品，但不确定它们的使用顺序，希望得到指导。
weixue0806,美容护肤,那个没有用,0,该用户可能认为主播推荐的产品不实用或不符合自己的需求。
weixue0806,美容护肤,3号链接可以讲一下吗,1,该用户对3号链接的商品感兴趣，希望主播详细介绍其功能或特点。
weixue0806,美容护肤,"胶原蛋白是哪种,网上太多了,不知道哪个是正品?",0,该用户想表达的含义是：面对市场上繁多的胶原蛋白产品感到困惑，希望主播能推荐靠谱的正品。
weixue0806,美容护肤,有没有收缩毛孔的,1,该用户想询问直播间是否有能改善毛孔粗大问题的护肤产品。
weixue0806,美容护肤,身体乳买个,1,该用户想表达的含义是：询问是否有适合购买的身体乳产品推荐。
weixue0806,美容护肤,防晒你是怎么补的?,1,该用户想询问主播推荐的防晒产品在使用过程中如何补涂的方法。
weixue0806,美容护肤,童颜是不是不要做,0,该用户可能在询问主播推荐的“童颜”系列产品是否不适合自己的肤质或年龄阶段使用。
weixue0806,美容护肤,有卸妆膏吗?,1,该用户是在询问直播间是否有卸妆产品可供购买。
weixue0806,美容护肤,你怎么那么好看,0,该用户可能在夸赞主播的妆容或产品效果，表达对展示商品的兴趣或好感。
weixue0806,美容护肤,怎么像杨幂,0,该用户可能是询问主播推荐的某款产品使用后是否能达到类似杨幂的妆容或护肤效果。
weixue0806,美容护肤,30岁一下呢,0,该用户可能在询问某款产品是否有适合30岁以下人群使用的版本或适用建议。
weixue0806,美容护肤,"全身美白,内服有推荐吗",1,该用户想表达的含义是：询问主播是否有适合口服的美白产品推荐。
weixue0806,美容护肤,有什么香水好闻的吗,1,该用户想表达的含义是：想了解直播间推荐的香水产品中哪些比较好闻值得购买。
weixue0806,美容护肤,怎么用面膜先用精华吗,1,该用户想询问面膜和精华液的使用顺序是否正确，表现出对产品具体使用方法的困惑和购买后的实操需求。
weixue0806,美容护肤,4号防晒霜好用吗,1,该用户想询问4号防晒霜的实际使用效果，以判断是否值得购买。
weixue0806,美容护肤,精华粒,1,该用户可能是在询问直播间推荐的某款精华产品的具体使用方式或效果。
weixue0806,美容护肤,"姐姐,我和婆婆吵架了,还住在一个屋檐下,假如你碰到这样你会怎么样?",0,该用户可能是在寻求情感共鸣或生活建议，试图通过分享个人困扰来拉近与主播的距离，而非直接表达对产品的购买兴趣。
weixue0806,美容护肤,医美什么项目祛斑效果好,0,该用户想表达的含义是：想了解医美项目中针对祛斑效果较好的具体推荐。
weixue0806,美容护肤,"买了那个油霜,真的超级好用[比心][爱心]",1,该用户是在分享自己购买主播推荐的油霜后非常满意的使用体验，并表达对主播的喜爱与支持。
weixue0806,美容护肤,洗头的,0,该用户可能在询问直播间是否有推荐的洗发产品。
weixue0806,美容护肤,睡衣有链接吗?,1,该用户对直播中展示的睡衣产品产生兴趣，正在询问购买渠道。
weixue0806,美容护肤,噗呲噗呲噗呲,0,该用户可能在模仿某种声音效果（如水喷溅或气泡声），以轻松调侃的方式表达对当前直播内容的有趣互动或对产品使用体验的联想（如护肤品涂抹时的声音）。
weixue0806,美容护肤,"每次看你都觉得你比上一次更加漂亮,[色][色]",0,该用户主要是在夸赞主播的外貌变化，表达对主播个人魅力的欣赏而非具体的产品购买意向。
weixue0806,美容护肤,讲讲颈霜颈霜颈霜颈霜颈霜颈霜颈霜颈霜颈霜颈霜颈霜颈霜颈霜颈霜颈霜颈霜颈霜颈霜颈霜颈霜颈霜颈霜颈霜颈霜,1,该用户强烈要求主播详细介绍或展示颈霜产品，表现出明确的购买意向或对产品的迫切关注。
weixue0806,美容护肤,光电类的多久做一次,0,该用户是在询问光电类医美项目的建议护理频率。
weixue0806,美容护肤,6666666666666666666666666666666666666666666666666号,0,"该用户可能是想询问或强调某个编号为""666...""的产品信息，但过度使用数字导致表达不清晰。"
weixue0806,美容护肤,眼底皱纹严重做什么项目,0,该用户想表达的含义是：咨询针对眼部皱纹问题的医美项目推荐。  （结合前文语境，直播间讨论集中在护肤、医美和产品推荐，且有多条类似咨询类弹幕，用户提问动机明确指向解决具体肌肤问题，属于典型的购买意向型询问。）
weixue0806,美容护肤,@小***拍的那个防晒,0,该用户可能是想询问之前某位观众提到的防晒产品的具体信息或使用效果。
weixue0806,美容护肤,xiezhuanggao,0,该用户想询问“卸妆膏”相关产品的推荐或使用建议。
weixue0806,美容护肤,10号和8号效果一样吗,1,该用户是在询问两款不同编号的美妆产品（可能是色号或型号）的实际使用效果是否存在差异，以帮助自己做出购买决策。
weixue0806,美容护肤,你减肥吗,0,该用户可能在询问主播是否有推荐的减肥产品或方法。
weixue0806,美容护肤,名字叫什么,0,该用户可能在询问主播刚提到的某款产品（如防晒霜、油霜等）的具体名称或品牌信息。
weixue0806,美容护肤,已经有眼纹做什么项目,0,该用户是在咨询针对眼部皱纹问题的医美项目推荐。
weixue0806,美容护肤,"我,我要纯补水面膜",1,该用户明确表达了想要购买一款功能为纯补水的面膜的意向。
weixue0806,美容护肤,"大干皮,用什么",1,该用户想询问适合干性皮肤的护肤产品推荐。
weixue0806,美容护肤,大家都在问大师面膜和美白面膜用完后还用啥?,0,该用户想询问在使用了当前推荐的两种面膜后，后续应该搭配什么护肤品来延续护理效果。
weixue0806,美容护肤,30岁以下呢,0,该用户可能是在询问某个产品或服务的适用年龄限制，想知道30岁以下的群体是否也能使用。
weixue0806,美容护肤,亲爱的衬衣链接有吗,1,该用户是在询问主播是否提供了衬衫商品的购买链接，表现出明确的购买意向。
weixue0806,美容护肤,黑金光电推举做吗,0,该用户是在询问黑金光电美容仪器的使用效果和推荐建议。
weixue0806,美容护肤,你直播间有这个面膜吗,1,该用户是在询问直播间是否售卖某款面膜产品，表现出明确的购买意向和需求。
weixue0806,美容护肤,美白内服,0,该用户可能在询问直播间是否有美白内服产品，并对其功效或购买方式感兴趣。
weixue0806,美容护肤,有斑用那款,1,该用户想询问针对面部斑点问题应该使用直播中推荐的哪款产品。
weixue0806,美容护肤,有眼纹干纹,0,该用户想表达的含义是：询问针对眼部细纹和干燥问题的护肤产品或解决方案。
weixue0806,美容护肤,可以多少片,1,该用户可能是在询问产品包装规格或使用量，比如想知道颈霜或面膜一盒里包含多少片装。
weixue0806,美容护肤,"姐姐,那种是补水美白的?",1,该用户是在询问主播推荐的具有补水美白功效的具体产品款式或类型。
weixue0806,美容护肤,有没有祛痘的嘛,1,该用户是在询问直播间是否有针对祛痘问题的护肤产品或解决方案。
weixue0806,美容护肤,回复一下,0,该用户可能是希望主播回应之前其他观众提出的某个具体问题或产品咨询。
weixue0806,美容护肤,能不能带一个回来一个给我弄弄啊,0,该用户想表达的含义是：能否帮忙代购或试用某个产品并分享使用效果。
weixue0806,美容护肤,"姐,我对象习惯性叹气,我一问怎么了就大喊我没叹气啊,说我为啥总是计较这些,我好迷茫",0,"该用户可能在倾诉情感困扰，试图通过询问主播（被称呼为""姐""）来获得情感建议或生活指导，而非表达对直播产品的购买兴趣。"
weixue0806,美容护肤,夏天防晒有推荐的吗?,1,该用户想表达的含义是：询问适合夏季使用的防晒产品推荐。
weixue0806,美容护肤,姐姐唇周黑,0,该用户可能是在询问主播是否有改善唇周暗沉的美容产品或护肤建议。
weixue0806,美容护肤,衣服能不能截个图雪儿姐姐,0,该用户想表达的含义是：希望主播展示衣服的细节截图以便进一步了解款式。
weixue0806,美容护肤,唇周黑,0,该用户想咨询改善唇周暗沉问题的产品或方法。
weixue0806,美容护肤,"姐妹,黑头多怎么办",0,该用户想表达的含义是：询问直播间是否有针对黑头问题的护肤产品或解决方案。
weixue0806,美容护肤,拍了身体乳,0,该用户想表达的含义是：我已经下单购买了刚才提到的身体乳产品。
weixue0806,美容护肤,光卖面膜也回答问题呀?,0,该用户可能是在催促主播不要只顾着推销面膜，也要及时回应观众提出的其他问题。
weixue0806,美容护肤,6号美白吗,1,该用户是在询问直播中提到的6号产品是否具有美白功效。
weixue0806,美容护肤,多久可以用一次?,1,该用户是在询问产品的使用频率或间隔周期。
weixue0806,美容护肤,面霜面霜面霜面霜面霜面霜讲一下,1,该用户急切希望主播详细介绍面霜产品的功效或使用方法。
weixue0806,美容护肤,你家买了明天到,0,该用户想表达的含义是：我已经下单购买了商品，预计明天就能收到货。
weixue0806,美容护肤,讲讲两款油是一样的嘛,1,该用户想询问主播详细比较两款护肤油的成分或功效是否有区别。
weixue0806,美容护肤,我刚下单就来了,0,该用户想表达的含义是：自己刚刚完成购买就赶上了直播。  （结合前文语境，直播间讨论的多是产品咨询和购买相关话题，用户提及“下单”表明其消费行为，而“就来了”隐含对直播时机巧合的调侃或欣喜，整体传递的是参与感和即时互动感。）
weixue0806,美容护肤,内服白白有推荐的吗?,1,该用户是在询问主播有没有可以口服的美白产品推荐。
weixue0806,美容护肤,没有洗头的了吗,1,该用户可能在询问直播间是否还有洗发水相关的产品推荐或库存。
weixue0806,美容护肤,雪雪今天状态不咋好呢,0,该用户可能是在关心主播的直播状态，暗示主播今天看起来有些疲惫或不在状态。
weixue0806,美容护肤,推荐一套水乳,1,该用户希望主播针对当前季节或肤质推荐一套适合的水乳护肤组合。
weixue0806,美容护肤,姐姐孕妈妈可以用吗?,1,该用户想询问产品是否适合孕妇使用，以判断自己或亲友能否购买。
weixue0806,美容护肤,"14号链接,14号链接,14号链接",1,该用户迫切希望主播详细介绍或展示14号链接的商品信息。
weixue0806,美容护肤,角质层薄能用不,1,该用户是在询问产品是否适合敏感肌肤使用。
weixue0806,美容护肤,"哺乳期,可以用不",1,该用户是在询问产品是否适合哺乳期女性使用，表达了对产品安全性的关切和潜在的购买意向。
weixue0806,美容护肤,"二号链接,19岁能用吗?",1,该用户是在询问二号链接的产品是否适合19岁的年龄段使用。
weixue0806,美容护肤,鸡皮肤涂什么,1,该用户想询问针对鸡皮肤问题的护肤产品推荐。
weixue0806,美容护肤,卡死了你,0,该用户可能因直播画面卡顿而抱怨观看体验不佳，暗示主播或平台需要优化网络传输。
weixue0806,美容护肤,这巨好用,0,该用户想表达的含义是：对当前直播推荐的产品表示高度认可和强烈推荐。
weixue0806,美容护肤,是直播吗,0,该用户可能在确认当前内容是否为实时直播，以确保自己能够参与互动或获取最新产品信息。
weixue0806,美容护肤,面膜用完咋保养?,1,该用户想表达的含义是：询问使用完面膜后的后续护肤步骤或保养方法。
weixue0806,美容护肤,姐姐你说的那个胶原蛋白没有吗,1,该用户是在询问主播之前提到的某款胶原蛋白产品是否已经售罄或未上架。
weixue0806,美容护肤,8号和10有什么区别,1,该用户想询问直播中提到的8号和10号产品在功能或特性上的具体差异。
weixue0806,美容护肤,"2号链接,19岁能用吗?",1,该用户是在询问直播间推荐的2号链接产品是否适合19岁的年龄群体使用。
weixue0806,美容护肤,睡衣好可爱哪里买的,1,该用户对直播中展示的睡衣产生了兴趣，想询问购买渠道。
weixue0806,美容护肤,"哺乳期,可以用不?",1,该用户是在询问产品是否适合哺乳期女性使用，表达了对产品安全性的关注和潜在的购买意向。
weixue0806,美容护肤,两个精华油怎么选?两个精华油怎么选?,1,该用户可能在纠结两款精华油的产品差异，希望主播能对比推荐哪款更适合自己。
weixue0806,美容护肤,专治黑头的拍哪个啊,1,该用户是在询问直播间推荐的哪款产品适合解决黑头问题。
weixue0806,美容护肤,已经拍,0,该用户想表达的含义是：我已经下单购买了（某个产品）。
weixue0806,美容护肤,两个精华油怎么选?,1,该用户想咨询两款精华油产品的区别或适用场景，以便做出购买决策。
weixue0806,美容护肤,6号想听听,1,该用户想询问6号产品的具体信息或使用体验。
weixue0806,美容护肤,"美白内服,有推荐吗",1,该用户想表达的含义是：询问主播是否有适合口服的美白产品推荐。
weixue0806,美容护肤,"水光肌面膜还有吗,想买点",1,该用户是在询问面膜的库存情况并明确表达了购买意向。
weixue0806,美容护肤,讲一下七号,1,该用户想表达的含义是：希望主播详细介绍七号产品的相关信息或使用体验。
weixue0806,美容护肤,做完電可以用?,0,该用户想询问该产品是否适合在夜间使用。
weixue0806,美容护肤,有防晒吗?,1,该用户是在询问直播间是否有防晒产品售卖。
weixue0806,美容护肤,"脸干,上粉就起皮怎么办",0,该用户想表达的含义是：咨询针对脸部干燥导致上妆起皮的护肤产品推荐。
weixue0806,美容护肤,已经回购很多次了,0,该用户想表达的含义是：对产品非常满意并持续支持购买。
weixue0806,美容护肤,"用完面膜后,还需要用油霜吗",1,该用户想确认面膜使用后的护肤步骤是否需要叠加油霜产品。
weixue0806,美容护肤,瘦身的产品,1,该用户可能在询问直播间是否有推荐的瘦身产品或对相关产品感兴趣。
weixue0806,美容护肤,大石面膜已拍,0,该用户想表达的含义是：我已经下单购买了这款大石面膜。
weixue0806,美容护肤,细毛孔的有没,1,该用户是在询问直播间是否有能够细致毛孔的产品。
weixue0806,美容护肤,内服吃什么,0,该用户想询问直播间是否有推荐的口服美容或保健产品。
weixue0806,美容护肤,"姐姐,脸黄皮用什么面膜姐姐,脸黄皮用什么面膜",1,该用户想表达的含义是：询问主播针对肤色暗黄的肌肤推荐适合的面膜产品。
weixue0806,美容护肤,"二号链接,几岁能用?",1,该用户是在询问商品详情页中二号链接所对应的产品适合哪个年龄段使用。
weixue0806,美容护肤,14号是秒杀价吗?,1,该用户是在询问14号商品是否参与限时促销活动，表现出对价格优惠的关注和潜在的购买意向。
weixue0806,美容护肤,内服白白有推荐的吗?内服白白有推荐的吗?内服白白有推荐的吗?,1,该用户急切地想询问主播是否有推荐的美白内服产品。
weixue0806,美容护肤,"尽快讲哈,宝贝要睡了",0,该用户想表达的含义是：催促主播加快讲解进度，因为自己时间有限需要照顾孩子休息。
weixue0806,美容护肤,"拍了,这个面膜好用",0,该用户想表达的含义是：自己已经下单购买了这款面膜，并认可其使用效果。
weixue0806,美容护肤,有没有祛痘印美白的面膜呀姐姐,1,该用户是在主动询问适合改善痘印和提亮肤色的面膜产品，表现出明确的购买意向和需求。
weixue0806,美容护肤,痘肌可以用吗,1,该用户是在询问直播中推荐的产品是否适合痘痘肌肤质使用。
weixue0806,美容护肤,"姐姐,脸黄皮用什么面膜[流泪]",1,该用户想表达的含义是：询问主播针对肤色暗黄的肌肤问题推荐适合的面膜产品，并透露出对改善肤色的迫切需求。
weixue0806,美容护肤,"十分钟就下播了,突然感觉时间不够用了[捂脸]",0,该用户因直播即将结束而感到意犹未尽，暗示对某些未详细介绍的产品仍有购买兴趣或需求未得到满足。
weixue0806,美容护肤,"姐姐想问一下!上粉底和气垫.的时候用于粉上的眼皮周围他就开始流泪.然后画眼妆也是一直流泪,这是什原因",0,该用户想咨询化妆时眼部流泪的原因，并希望主播能给出解决方法。
weixue0806,美容护肤,可以去主页买水光霜吗,1,该用户想表达的含义是：询问是否可以通过主播的个人主页购买水光霜产品。  （结合前文弹幕中频繁出现的产品咨询、购买行为和护肤需求，用户可能因直播节奏紧张或未听到讲解，转而寻求替代购买途径，表现出明确的购买意向。）
weixue0806,美容护肤,已拍6号讲下,1,该用户想表达的含义是：已经下单了6号商品，希望主播详细介绍这款产品。  （解析：结合前文弹幕中频繁出现的购买行为（如“已拍”“回购”）和对产品功能的询问（如“脸黄皮用什么面膜”），用户动机可能是确认自己的选择或进一步了解产品细节，语气带有催促主播讲解的意图。）
weixue0806,美容护肤,想要水光肌面膜,1,该用户表达了对直播间推荐的水光肌面膜有明确的购买意向。
weixue0806,美容护肤,"已拍,好像没用对[捂脸]",0,该用户想表达的含义是：已经下单购买了产品，但不确定自己的使用方法是否正确，略带自嘲地表达困惑。
weixue0806,美容护肤,8号和10号有什么区别,1,该用户想询问8号和10号产品在功能或适用性上的具体差异，以便做出购买决策。
weixue0806,美容护肤,黄皮怎么,0,该用户想询问适合黄皮肤使用的产品或护肤建议。
weixue0806,美容护肤,侧脸好像又变美了,0,该用户可能是在夸赞主播的颜值变化，暗示对主播推荐的美容产品效果产生兴趣或信任。
weixue0806,美容护肤,有没有美白精华,1,该用户是在询问直播间是否推荐具有美白功效的精华液产品，表现出对改善肤色的具体需求。
weixue0806,美容护肤,拍了这个面膜好用,0,该用户想表达的含义是：已经下单购买了这款面膜并认可其使用效果。  （结合前文语境，用户可能在回应主播对产品的推荐或解答其他观众关于面膜功效的疑问，通过主动分享购买行为和正面体验，间接强化产品的可信度或表达对直播推荐的满意。）
weixue0806,美容护肤,等着拍精华油已经收到了好用～,0,该用户想表达的含义是：之前等待购买的精华油已经到货且使用体验良好。  （结合前文弹幕中频繁出现的已购产品反馈（如“拍了，这个面膜好用”）和护肤需求（如美白、黄皮护理），可推断用户是在主动分享购物后的正面体验，同时隐含对直播间推荐的认可。）
weixue0806,美容护肤,要洗面奶,1,该用户想表达的含义是：对洗面奶产品有购买意向并希望主播推荐或介绍。  （结合前文弹幕中频繁出现的产品询问、购买行为及护肤需求，可推断该弹幕是用户主动提出具体品类需求，动机明确且符合直播间购物导向的互动模式。）
weixue0806,美容护肤,不是199怎么是699,0,该用户对商品价格突然从促销价199元变为699元表示惊讶和不满，认为价格变动不合理或存在误导。
weixue0806,美容护肤,身体美白有推荐吗??????,1,该用户是在询问主播是否有推荐的身体美白产品，表现出对相关商品的购买兴趣和需求。
weixue0806,美容护肤,讲讲两款油,1,该用户希望主播详细介绍两款精华油产品的功效或区别。
weixue0806,美容护肤,二号链接几岁能用,1,该用户想询问商品详情页中第二个链接的产品适合哪个年龄段使用。
weixue0806,美容护肤,姐姐推荐那个胶原蛋白没有吗,1,该用户是在询问主播之前推荐过的某款胶原蛋白产品是否已经售罄或未上架。
weixue0806,美容护肤,哇今天的妆容超美,0,该用户是在夸赞主播的妆容效果，可能暗示对主播使用的化妆品产生兴趣或认同。
weixue0806,美容护肤,感觉你在生气,0,该用户可能察觉到主播情绪不佳，担心影响直播氛围或产品讲解效果。
weixue0806,美容护肤,耳环哪里买,0,该用户想表达的含义是：询问耳环的购买链接或购买方式。
weixue0806,美容护肤,水光肌面膜有吗,1,该用户是在询问直播间是否有售卖水光肌面膜这款产品，表现出明确的购买意向。
weixue0806,美容护肤,"14号是199,15片吗???",1,该用户是在确认商品规格和价格，询问“14号产品是否是15片装且价格为199元”。
weixue0806,美容护肤,有没有祛斑效果好的,1,该用户是在询问直播间推荐的产品中是否有针对祛斑问题效果显著的美容产品。
weixue0806,美容护肤,"雪,电流声很大.电流声大",0,该用户是在反馈直播过程中出现的设备问题，指出背景噪音（电流声）过大影响观看体验。
weixue0806,美容护肤,像密密,0,该用户可能是在询问主播展示的某款产品（如面膜或护肤品）的使用效果是否会让皮肤看起来更细腻紧致。
weixue0806,美容护肤,"这个面膜真好用,我正在敷",0,该用户想表达的含义是：这款面膜使用体验很好，自己正在使用并认可其效果。
weixue0806,美容护肤,讲一讲两款油,1,该用户希望主播详细对比介绍直播间提到的两款精华油产品的功效或区别。
weixue0806,美容护肤,"14号是199,15片吗",1,该用户是在询问产品“14号”是否为199元15片装，想确认价格和规格信息以便决定是否购买。
weixue0806,美容护肤,身体乳哪个味道好闻???,1,该用户想表达的含义是：询问直播间推荐的身体乳中哪种香味更受欢迎或值得购买。
weixue0806,美容护肤,"身体美白,内服有推荐吗???",1,该用户是在询问主播是否有推荐的口服类身体美白产品。
weixue0806,美容护肤,我有同款衣服,0,该用户想表达的含义是：我对主播展示的商品很熟悉，自己也拥有同样的款式。
weixue0806,美容护肤,哺乳期能用吗?,1,该用户想询问直播中提到的产品是否适合哺乳期女性使用。
weixue0806,美容护肤,3号讲解一下,1,该用户希望主播详细介绍3号产品的相关信息。
weixue0806,美容护肤,眼部有推荐吗?,1,该用户想询问主播是否有适合眼部护理的产品推荐。
weixue0806,美容护肤,不洗我好难受,0,该用户想表达的含义是：不购买这款产品让我感到很不舒服。
weixue0806,美容护肤,我想看的还没讲呢,0,该用户可能是在催促主播尽快讲解自己感兴趣但尚未介绍的产品或内容。
weixue0806,美容护肤,想全身美白吃那个牌子比较好?,0,该用户是在询问直播间推荐的内服美白产品中哪个品牌效果更佳。
weixue0806,美容护肤,"14号是199,15片吗?",1,该用户想确认商品编号14号的价格是否为199元且包含15片产品。
weixue0806,美容护肤,原来我一直敷反的[捂脸],0,该用户想表达的含义是：自己之前使用该产品的方法有误，现在才意识到正确的用法。
weixue0806,美容护肤,你的孩子睡了吗,0,该用户可能在询问主播推荐的产品是否适合儿童使用，或者关心产品成分对孩子的安全性。
weixue0806,美容护肤,你穿的睡衣有链接吗,1,该用户对主播身穿的睡衣感兴趣，希望获取购买链接以便下单。
weixue0806,美容护肤,眼底细纹要用哪个呢?,1,该用户是在询问直播间推荐哪款产品适合改善眼底细纹问题。
weixue0806,美容护肤,不洗脸就不用再用护肤品了对吗,0,该用户可能在询问“如果不洗脸是否就不需要使用护肤品”这一护肤步骤的合理性，隐含对简化护肤流程的兴趣或对产品适用场景的疑惑。
weixue0806,美容护肤,66666666666666666666号等好久了[捂脸],0,该用户想表达的含义是：期待已久的产品终于要介绍了，感到兴奋又有点迫不及待。
weixue0806,美容护肤,"姐姐可以去拍短剧,太好看了",0,该用户想表达的含义是：建议主播尝试拍摄短剧，因为其外貌或表现力非常吸引人。
weixue0806,美容护肤,"14链接,还有优惠吗",1,该用户想表达的含义是：询问14号商品链接是否还有额外的促销活动或折扣。
weixue0806,美容护肤,这个面膜抖音旗舰店现在389元5盒,0,该用户可能在对比其他平台的价格，暗示直播间能否提供更优惠的购买方案。
weixue0806,美容护肤,还有那个胶原蛋白灌注面膜吗,1,该用户是在询问直播间是否还有之前提到的胶原蛋白灌注面膜的库存或售卖信息。
weixue0806,美容护肤,没听见,0,该用户可能因直播环境嘈杂或主播未及时回应而表达没听清刚才的讲解内容。
weixue0806,美容护肤,一周几次呀?,1,该用户可能在询问产品（如护肤品或保健品）的使用频率，想了解每周建议使用几次才能达到理想效果。
weixue0806,美容护肤,要护肤吗?,1,该用户可能在询问主播是否需要使用护肤品，或是质疑当前讨论的护肤步骤是否必要。
weixue0806,美容护肤,好用我用了四片脸明显提上去了,1,该用户想表达的含义是：这款产品效果显著，自己使用后脸部有明显提升感。
weixue0806,美容护肤,韦雪的商品橱窗店是你的吗?,0,该用户可能是想确认主播与商品橱窗的归属关系，以判断商品的可信度或主播的推荐诚意。
weixue0806,美容护肤,敷完还要涂面霜吗?,1,该用户可能是在确认使用面膜后的护肤步骤，询问是否需要叠加面霜以达到更好的保湿或护肤效果。
weixue0806,美容护肤,没有听懂,0,该用户可能因直播讲解内容不清晰或语速过快，导致对产品功能或使用方式未能理解，希望主播能重复或详细说明。
weixue0806,美容护肤,6666666666号denh,0,该用户可能是在焦急等待某个特定商品（编号6666666666）的讲解或上架，并用重复数字和简写表达催促和期待的情绪。
weixue0806,美容护肤,"姐,不回f3扫墓吗?",0,该用户可能在调侃主播专注直播而忽略了传统节日（清明节）的家庭活动，带有玩笑性质的提醒。
weixue0806,美容护肤,看看项链,1,该用户想表达的含义是：我想了解项链的款式或购买信息。  （结合前文弹幕多为询问产品细节、价格、使用方式等购买相关互动，可推断用户是在主动寻求商品信息，表达潜在购买意向。）
weixue0806,美容护肤,谢谢教我用第一次买这个,0,该用户想表达的含义是：感谢主播的指导，自己已经下单购买了这款产品。
weixue0806,美容护肤,先敷美白面膜还是这个面膜[捂脸],1,该用户是在犹豫两款面膜的使用顺序，表现出对产品功效的关注和潜在的购买意向。
weixue0806,美容护肤,全身美白吃什么牌子比较好,0,该用户想咨询直播间推荐的美白内服产品品牌，表达了对美白效果的关注和潜在的购买意向。
weixue0806,美容护肤,敷一宿的那个面膜是哪个,1,该用户想询问直播间提到的可以整夜敷用的面膜具体是哪款产品。
weixue0806,美容护肤,一周几次呀[比心][比心][比心][比心],1,该用户可能在询问主播推荐的产品使用频率，比如面膜每周敷几次效果最佳，并附上比心表情表示对主播的喜爱和信任。
weixue0806,美容护肤,结束直接擦护肤品吗,1,该用户是想询问“直播结束后是否可以直接使用刚才介绍的护肤品（而不需要其他额外步骤）”。
weixue0806,美容护肤,眼底细纹,0,该用户可能在询问主播推荐针对眼部细纹的护肤产品或相关护理方法。
weixue0806,美容护肤,"我每次都洗脸,我还敷错了,但还是很好用",0,该用户想表达的含义是：尽管自己使用面膜的方法可能有误，但产品效果依然令人满意。
weixue0806,美容护肤,睫毛增长液有没有,1,该用户是在询问直播间是否有售卖睫毛增长液产品。
weixue0806,美容护肤,祛斑有推荐么,1,该用户想表达的含义是：想了解直播间是否有针对祛斑问题的产品推荐。
weixue0806,美容护肤,16号可以介绍一下吗,1,该用户想询问主播能否详细介绍16号商品的具体信息或使用效果。
weixue0806,美容护肤,姐姐请问你为什么会这么可爱,0,该用户可能在以轻松调侃的方式表达对主播的喜爱和亲近感，试图通过赞美拉近距离以获取更多互动或产品推荐。
weixue0806,美容护肤,讲一下14链接呢,1,该用户希望主播详细讲解商品列表中第14号链接的产品信息。
weixue0806,美容护肤,有好用去颈纹的哦,0,该用户是在询问直播间是否有推荐的有效去除颈部皱纹的产品。
weixue0806,美容护肤,不洗脸吗,0,该用户可能是在询问主播使用的护肤产品是否需要在使用前清洁面部，或是质疑某个护肤步骤中是否忽略了洁面环节。
weixue0806,美容护肤,用完油还要用水乳吗,1,该用户想咨询护肤步骤的衔接问题，想知道使用精华油后是否需要继续涂抹水乳产品。
weixue0806,美容护肤,你的项链好看,1,该用户对主播佩戴的项链产生了兴趣，可能想询问购买链接或产品详情。
weixue0806,美容护肤,敷完还用护肤吗,1,该用户想询问使用当前产品后是否需要进行后续护肤步骤。
weixue0806,美容护肤,16号可以说一下吗,1,该用户想询问主播能否详细介绍16号产品的相关信息。
weixue0806,美容护肤,666666666666666等好久了,0,该用户想表达的含义是：终于等到这款产品了，非常期待购买。
weixue0806,美容护肤,韦雪的商品橱窗店是你的吗?韦雪的商品橱窗店是你的吗?韦雪的商品橱窗店是你的吗?,0,该用户可能在确认主播与商品橱窗的归属关系，试图核实商品来源的真实性或主播的带货身份。
weixue0806,美容护肤,敷完要护肤吗?,1,该用户是在询问使用面膜后是否需要进行后续的护肤步骤。
weixue0806,美容护肤,敷完不洗很不舒服,0,该用户可能是在询问或质疑面膜使用后是否需要清洗，并表达了对不洗脸的不适感。
weixue0806,美容护肤,祛黄提亮用那个面膜好,1,该用户想询问直播间推荐哪款面膜能有效改善肤色暗黄并提亮肤色。
weixue0806,美容护肤,姐姐这个敷二十分钟吗,1,该用户想确认面膜的使用时长是否适合自己当前的护肤流程。
weixue0806,美容护肤,选1号还是2号更好,1,该用户正在纠结两款产品的选择，希望主播能给出对比建议以便做出购买决策。
weixue0806,美容护肤,说话好温柔啊,0,该用户可能是被主播的亲切态度感染，表达对主播个人风格的欣赏而非直接的产品询问。
weixue0806,美容护肤,14链接,1,该用户想表达的含义是：希望主播详细介绍或展示商品列表中第14号链接的产品。
weixue0806,美容护肤,美白的有吗,1,该用户是在询问直播间是否有美白功效的产品推荐。
weixue0806,美容护肤,有好用去颈纹的吗,1,该用户是在询问直播间是否有推荐的有效去除颈部皱纹的产品。
weixue0806,美容护肤,16号,1,该用户想询问主播能否详细介绍16号商品的信息。
weixue0806,美容护肤,6666666666号[捂脸],0,该用户想表达的含义是：对主播或产品表示兴奋和认可，同时略带调侃或无奈的情绪。
weixue0806,美容护肤,水乳要擦吗,1,该用户是在询问使用完当前推荐的产品后是否需要再叠加水乳护肤步骤。
weixue0806,美容护肤,没有听懂[捂脸][捂脸][捂脸],0,该用户可能因对产品使用方法或讲解内容存在困惑，试图用自嘲表情委婉表达需要更清晰的解释说明。
weixue0806,美容护肤,买试试,0,该用户想表达的含义是：对当前推荐的产品产生兴趣，打算下单尝试购买。
weixue0806,美容护肤,补水的哪一款适合,1,"该用户想询问直播间推荐的护肤品中哪一款具有补水功效更适合自己使用。  （释义逻辑：结合前文弹幕中高频出现的护肤品类提问（如面膜、水乳、祛黄等）及具体功效需求（美白、去颈纹等），可推断用户关注产品功能适配性；""补水的哪一款适合""的简洁句式符合直播间快速互动语境，核心诉求是寻求针对补水需求的精准推荐。）"
weixue0806,美容护肤,姐姐能讲一下14号链接吗,1,该用户希望主播详细介绍14号商品的具体信息或使用体验。
weixue0806,美容护肤,防晒没有嘛[流泪][流泪],1,该用户想表达的含义是：询问直播间是否有防晒产品，并因暂时未看到相关信息而感到失望。
weixue0806,美容护肤,不能天天敷吧[捂脸],0,该用户是在询问面膜的使用频率，担心每天敷可能会对皮肤造成负担。
weixue0806,美容护肤,"刚进来,怎么用的",1,该用户刚进入直播间，对当前展示的产品使用方法不清楚，希望主播能简要说明操作步骤。
weixue0806,美容护肤,还推过其他面膜吗,1,该用户想进一步了解主播推荐的面膜产品种类，表现出对同类商品的潜在购买兴趣。
weixue0806,美容护肤,有要膜吗,1,该用户可能是在询问直播间是否有推荐或正在售卖的面膜产品。
weixue0806,美容护肤,睡前敷比较好了,0,该用户可能在询问或建议晚上睡前使用面膜是否更合适。
weixue0806,美容护肤,跟你认识的人都会被你感染吧,0,该用户想表达的含义是：主播的个人魅力让人感到亲切且有感染力。
weixue0806,美容护肤,1号在说一下,1,该用户希望主播再详细介绍一下1号产品的信息或功能。
weixue0806,美容护肤,播到几点,0,该用户想了解直播结束时间以决定是否继续观看或下单。
weixue0806,美容护肤,666666666[捂脸]油霜,1,该用户可能在感叹产品效果或主播演示有趣的同时，询问关于“油霜”产品的具体信息或表达购买意向。
weixue0806,美容护肤,"能讲一下14号链接,14号链接,14号链接吗",1,该用户迫切希望主播详细介绍14号链接的产品信息，可能对这件商品有较强的购买意向或存在使用疑问需要解答。
weixue0806,美容护肤,总共多少片,1,该用户是想询问产品包装内的具体数量或规格。
weixue0806,美容护肤,會不會悶痘,1,该用户是在询问这款产品是否会导致毛孔堵塞或引发痘痘问题。
weixue0806,美容护肤,睡衣看看,1,该用户想表达的含义是：我想了解一下主播正在展示的睡衣产品。
weixue0806,美容护肤,全部结束也不洗脸吗?,1,该用户可能是在询问直播中推荐的产品是否无需卸妆或清洁步骤即可直接使用。
weixue0806,美容护肤,防晒防嗮防晒防嗮防晒防嗮防晒防嗮,1,该用户急切询问直播间是否有防晒产品上架或推荐，并希望通过重复关键词引起主播注意。
weixue0806,美容护肤,"[捂脸][捂脸][捂脸]我买了,不过,用错了,贴返了[捂脸][捂脸][捂脸]",0,该用户想表达的含义是：自己已经购买了产品，但使用时操作失误贴反了，感到有些无奈和好笑。
weixue0806,美容护肤,颈纹有推荐的吗,1,该用户想表达的含义是：想了解主播是否有针对颈部皱纹问题的产品推荐。
weixue0806,美容护肤,先敷美白面膜还是这个面膜,1,该用户可能在犹豫两款面膜的使用顺序，想咨询主播关于产品搭配的建议。
weixue0806,美容护肤,"韦雪儿,想问一下为什么舍不得放下一个心里的人",0,该用户可能在观看直播时被主播的个人魅力或情感话题触动，借机表达自己对情感困惑的共鸣或寻求主播的安慰建议，而非直接关注产品信息。
weixue0806,美容护肤,白月光的面膜需要洗吗,1,该用户想询问这款名为“白月光”的面膜在使用后是否需要清洗，以确认正确的使用步骤。
weixue0806,美容护肤,"身体美白,内服有推荐吗,姐姐身体美白,内服有推荐吗,姐姐",1,该用户想表达的含义是：询问主播是否有适合内服的身体美白产品推荐。
weixue0806,美容护肤,夏娃香水,1,该用户可能是想询问或提及直播中提到的“夏娃香水”相关产品信息，表达对该商品的兴趣或希望主播进一步介绍。
weixue0806,美容护肤,干皮啊,0,该用户可能是在询问当前推荐的产品是否适合干性皮肤使用。
weixue0806,美容护肤,怎么全身变白,1,该用户可能在询问直播间是否有推荐全身美白的产品或方法。
weixue0806,美容护肤,内服的有推荐的嘛,1,该用户想询问主播是否有适合口服的美白或护肤产品推荐。
weixue0806,美容护肤,有美白的祛黄提亮抗氧化的吗,1,该用户想询问直播间是否有具备美白、祛黄、提亮肤色和抗氧化功效的产品。
weixue0806,美容护肤,用法再教一下刚刚进来,0,该用户希望主播重新演示或详细讲解产品的使用方法，可能是刚进入直播间时错过了之前的介绍。
weixue0806,美容护肤,8号跟10号油有什么区别,1,该用户想询问8号和10号护肤油的功效差异或适用场景，以帮助自己做出购买决策。
weixue0806,美容护肤,666666号,0,该用户可能在询问或提及某个商品编号（如“666666号”链接）的具体信息或购买意向。
weixue0806,美容护肤,"6号链接,敷完要洗脸吗",1,该用户是在询问产品使用细节，担心面膜是否需要后续清洁步骤，表现出对6号链接产品的实际使用顾虑和潜在购买意向。
weixue0806,美容护肤,想要衣服[捂脸],1,该用户通过表情符号和简短表述，委婉表达了被展示的服装款式吸引并产生购买欲望的心理。
weixue0806,美容护肤,多久有效果这个面膜,1,该用户是在询问这款面膜使用后需要多长时间才能看到明显的护肤效果。
weixue0806,美容护肤,现在正第一次在敷胶原蛋白面膜,1,该用户想表达的含义是：我正在尝试使用这款胶原蛋白面膜，想了解它的使用效果或注意事项。
weixue0806,美容护肤,"想给妈妈买,有适合四十加的面膜吗",1,该用户是在询问适合中年女性使用的面膜产品，表达出明确的购买意向和为母亲挑选礼物的需求。
weixue0806,美容护肤,每个样子都是美的,0,该用户可能是在夸赞直播展示的多个产品款式都很吸引人，表达对商品外观或效果的认可与喜爱。
weixue0806,美容护肤,天天用可以吗,0,该用户是在询问产品的日常使用频率是否安全或适宜，隐含对产品长期使用的效果或适用性的关注。
weixue0806,美容护肤,"补水推荐一款,雪姐姐",1,该用户是在询问主播有没有适合补水的产品推荐。
weixue0806,美容护肤,眼霜链接几雪,1,该用户想询问眼霜产品的购买链接在哪里。
weixue0806,美容护肤,脂溢性皮炎可以敷吗,1,该用户是在询问当前直播推荐的产品是否适合脂溢性皮炎肤质使用。
weixue0806,美容护肤,不是129吗,0,该用户可能是在质疑或确认当前展示的商品价格与之前提到的129元不一致。
weixue0806,美容护肤,油怎么选有眼部用的吗,1,该用户是在询问直播间是否有适合眼部使用的护肤油产品，并希望了解如何挑选这类产品。
weixue0806,美容护肤,怎么打造水光肌,0,该用户想询问如何通过产品护理达到皮肤水润透亮的效果。
weixue0806,美容护肤,"姐姐,那个特别猛的胶原蛋白面膜是那个?",1,该用户是在询问主播之前提到的某款强效胶原蛋白面膜的具体产品名称或购买链接。
weixue0806,美容护肤,用法没听懂[捂脸],0,该用户想表达的含义是：对产品使用方法仍有疑惑，希望主播能再详细解释一下。
weixue0806,美容护肤,14号链接能讲一下吗,1,该用户想表达的含义是：希望主播详细介绍14号商品的具体信息或功能。
weixue0806,美容护肤,颈霜讲一下颈霜讲一下颈霜讲一下,1,该用户迫切希望主播详细介绍颈霜产品的相关信息。
weixue0806,美容护肤,有吃的美白丸吗?,0,该用户是在询问直播间是否有售卖具有美白功效的口服美容产品。
weixue0806,美容护肤,"早上用,直接上妆可以吗",1,该用户想询问产品是否适合在晨间护肤后直接作为底妆使用。
weixue0806,美容护肤,姐姐睡衣往后截图一下,0,该用户希望主播将展示的睡衣款式重新展示或放大细节以便截图参考。
weixue0806,美容护肤,4号讲下,1,该用户希望主播详细讲解4号链接商品的信息或使用方式。
weixue0806,美容护肤,涂抹式面膜有推荐吗?,1,该用户是在询问主播能否推荐适合自己需求的涂抹式面膜产品。
weixue0806,美容护肤,小姐姐～你脖子里挂的是什么?,0,该用户是在询问主播佩戴的饰品或产品的具体信息，可能对其产生购买兴趣。
weixue0806,美容护肤,用法再教一下,1,该用户希望主播更详细地重复演示或解释产品的使用方法。
weixue0806,美容护肤,补水面膜呢,1,该用户是在询问主播是否有推荐或介绍补水面膜产品。
weixue0806,美容护肤,小十七爱了,0,该用户想表达的含义是：对主播推荐的产品或展示的款式产生了强烈的喜爱和购买意愿。
weixue0806,美容护肤,:沐浴露,1,该用户可能是想询问当前直播中提到的沐浴露产品信息或购买链接。
weixue0806,美容护肤,去点点的有不,1,该用户可能在询问直播间是否有其他人打算一起下单购买某款产品（“点点”可能指点击购买链接）。
weixue0806,美容护肤,问了一晚上了[捂脸],0,该用户想表达的含义是：我反复询问同一个问题但一直没得到回复，感到有些无奈。
weixue0806,美容护肤,雪你用的是哪一款?,1,该用户是在询问主播当前使用的具体产品型号或名称。
weixue0806,美容护肤,精华有推荐吗[比心][比心][比心][比心][比心][比心][比心][比心][比心][比心][比心][比心],1,该用户想表达的含义是：想询问主播是否有值得推荐的精华产品，并表现出强烈的兴趣和期待。
weixue0806,美容护肤,"姐姐,脸黄皮用什么面膜[流泪][流泪]",1,该用户想表达的含义是：询问主播针对肤色暗黄的肌肤推荐适合的面膜产品，并表现出急切的需求情绪。
weixue0806,美容护肤,姐姐姐姐讲一下防晒,1,该用户希望主播详细介绍防晒产品的相关信息。
weixue0806,美容护肤,韦雪的商品橱窗店是你的吗?韦雪的商品橱窗店是你的吗?,0,该用户可能是在确认主播与“韦雪的商品橱窗店”的归属关系，试图通过重复提问引起注意以核实店铺真实性或关联性。
weixue0806,美容护肤,18号讲一下,1,该用户希望主播详细讲解18号链接的商品信息。
weixue0806,美容护肤,补水推荐一款,1,该用户想表达的含义是：希望主播推荐一款具有补水功效的产品。
weixue0806,美容护肤,防嗮可以推荐下吗,1,该用户想表达的是希望主播能针对防晒产品进行具体推荐，表现出对选购防晒用品的明确需求。  （结合前文语境，直播间内频繁出现产品咨询和推荐请求，尤其是护肤类问题较多，用户跟随互动趋势提出防晒相关的购买建议需求，属于典型的导购型提问。）
weixue0806,美容护肤,4号4号,1,该用户想表达的含义是：希望主播详细讲解或展示第4号产品。
weixue0806,美容护肤,3号说一下,1,该用户想表达的含义是：希望主播详细介绍3号产品的相关信息或使用体验。
weixue0806,美容护肤,我也用的不对[捂脸],0,该用户可能是在回应主播关于产品使用方法的讲解，委婉表示自己之前的使用方式有误，并带点自嘲的意味。
weixue0806,美容护肤,6号讲讲呗等好久了,1,该用户希望主播详细介绍6号产品，表现出明确的购买意向和期待。
weixue0806,美容护肤,6号敷完要洗脸吗,1,该用户想询问6号产品使用后是否需要清洗面部，表现出对产品使用细节的关注和潜在的购买意向。
weixue0806,美容护肤,灌注面膜呢,1,该用户想询问主播是否推荐或讲解过“灌注面膜”这款产品。
weixue0806,美容护肤,"韦雪儿,为什么舍不得放下心里的一个!!!",0,该用户可能在表达对主播韦雪儿的某种情感依赖或对其推荐产品的强烈兴趣，希望她能放下顾虑多分享一些产品信息或互动建议。
weixue0806,美容护肤,@专***,0,该用户可能是在尝试@主播或某个特定账号（如“专***”），想询问某个专属产品或活动信息。  （结合前文弹幕高频出现的产品咨询和主播互动需求，用户意图更倾向于快速获取定向信息，而非单纯闲聊。）
weixue0806,美容护肤,这天天敷吗?,1,该用户可能在询问产品的使用频率，暗示对产品效果或适用性的关注。
weixue0806,美容护肤,补胶原蛋白的是哪个面膜,1,该用户想询问直播间推荐的具体哪款面膜具有补充胶原蛋白的功效。
weixue0806,美容护肤,多久用一次?,1,该用户想询问产品的使用频率或周期是否适合日常需求。
weixue0806,美容护肤,有祛痘的产品吗?,1,该用户可能在询问直播间是否有针对痘痘肌肤的护肤产品推荐，表现出对解决特定皮肤问题的购买兴趣。
weixue0806,美容护肤,油性皮肤毛孔粗大适合用吗,1,该用户想询问产品是否适合油性肌肤且存在毛孔粗大问题的肤质使用。
weixue0806,美容护肤,129没有了,1,该用户可能是在询问或抱怨直播间之前提到的某款标价129元的商品已经售罄或下架了。
weixue0806,美容护肤,已拍1,1,该用户想表达的含义是：我已经下单购买了这款产品。
weixue0806,美容护肤,几天来一片,1,该用户可能在抱怨直播间连续几天都在推荐同一款面膜产品，感到内容重复缺乏新意。
weixue0806,美容护肤,啊啊啊啊啊我16号,0,该用户想表达的含义是：急切询问16号产品的相关信息或表达对16号产品的强烈兴趣。
weixue0806,美容护肤,你36总说自己40[捂脸][捂脸][捂脸][捂脸][捂脸][捂脸][捂脸][捂脸],0,该用户可能在调侃主播关于年龄的说法前后矛盾，用表情符号加强幽默效果，暗示主播实际年龄与自称不符的搞笑反差。
weixue0806,美容护肤,"韦雪儿,为什么舍不得放下心里的一个!!![流泪][流泪][流泪]",0,该用户可能在用夸张的emoji表达对主播推荐某款产品（可能是4号或6号）的强烈喜爱和不舍停用的心情。
weixue0806,美容护肤,感觉你又变美了耶,0,该用户是在通过赞美主播的外貌来拉近距离或活跃气氛，并未直接表达对产品的购买兴趣。
weixue0806,美容护肤,哺乳期可以用不,1,该用户是在询问产品是否适合哺乳期女性使用，以确认安全性。
weixue0806,美容护肤,二十岁用哪个面膜,1,该用户是在询问适合20岁年龄段的护肤产品推荐，表现出对当前直播所售面膜的具体需求和购买意向。
weixue0806,美容护肤,有福利吗,0,该用户可能在询问直播间是否有促销活动或赠品优惠，以此判断是否值得下单购买。
weixue0806,美容护肤,到手到底多少片,1,该用户想询问商品的实际数量或规格是否与宣传一致，隐含对产品性价比的关注和潜在的购买意向。
weixue0806,美容护肤,你的睡衣好看,1,该用户可能是在询问睡衣的购买链接或暗示对主播同款睡衣感兴趣。
weixue0806,美容护肤,"ok,已拍",0,该用户想表达的含义是：我已经下单购买了这款产品。
weixue0806,美容护肤,已拍身体乳[比心],0,该用户想表达的含义是：已经下单购买了直播间推荐的身体乳产品，并用表情符号表达对产品的满意或对主播的感谢。
weixue0806,美容护肤,讲一下七号链接,1,该用户希望主播详细介绍7号链接商品的具体信息或功能。
weixue0806,美容护肤,仿生皮面膜有什么嘛?,1,该用户是在询问仿生皮面膜的具体功效或特点，表现出对这款产品的兴趣和购买意向。
weixue0806,美容护肤,一片就有效果么,1,该用户是在询问产品的即时使用效果，想确认是否只需使用一次就能看到明显改善。
weixue0806,美容护肤,功效眼膜有浮动吗?,1,该用户是在询问功效眼膜的价格是否有优惠或折扣。
weixue0806,美容护肤,衬衫好好看,1,该用户被直播中的衬衫款式吸引，产生了明显的购买兴趣或赞赏情绪。
weixue0806,美容护肤,说一次用法?????,0,该用户是在询问产品的具体使用方法，希望主播能详细讲解操作步骤。
weixue0806,美容护肤,在讲讲怎么用,1,"该用户希望主播更详细地演示或解释产品的使用方法。  （结合前文语境中频繁出现的产品咨询（如""哺乳期能用不""""二十岁用哪个面膜""）和具体功能提问（如""用法""""功效""），可推断当前弹幕延续了用户对产品实用信息的关注，属于明确的购买意向型提问。）"
weixue0806,美容护肤,什么时候用,1,该用户想询问产品的具体使用时间或使用场景。
weixue0806,美容护肤,白月光的面膜需要洗掉吗,1,该用户是在询问这款面膜使用后是否需要清洗，表现出对产品具体使用方法的关注和潜在的购买意向。
weixue0806,美容护肤,有补胶原蛋白的吗面膜吗,1,该用户是在询问直播间是否有补充胶原蛋白功效的面膜产品。
weixue0806,美容护肤,想听内服的,0,该用户想表达的含义是：希望主播详细介绍内服产品的功效或使用方法。
weixue0806,美容护肤,可以讲一下14号吗?,1,该用户想询问主播详细介绍14号产品的相关信息。
weixue0806,美容护肤,或许一见钟情就是你的哪一面都是可爱的,0,该用户想表达的含义是：主播的每个方面都让人喜爱，因此产生了强烈的购买冲动。
weixue0806,美容护肤,眼霜用哪个呀,1,该用户想询问直播间推荐哪款眼霜产品适合自己使用。
weixue0806,美容护肤,"脸黄用21号,还是1号",1,该用户是在询问主播针对自己肤色偏黄的情况应该选择哪一款色号的产品。
weixue0806,美容护肤,我卸妆,0,该用户可能是在询问直播中提到的卸妆产品是否需要单独使用，或是想了解卸妆步骤与当前推荐产品的搭配方式。
weixue0806,美容护肤,怎么敷没有听到,1,该用户想询问为什么没有听到关于面膜使用方法的讲解。
weixue0806,美容护肤,多久可以见效果呀用了一个月了,1,该用户对产品效果产生疑虑，因使用一个月未见明显改善而询问见效周期。
weixue0806,美容护肤,有没有减肥的,1,该用户是在询问直播间是否有推荐或介绍与减肥相关的产品。
weixue0806,美容护肤,这个面膜一周用3次吗,1,该用户是在询问面膜的具体使用频率，以确认产品说明或主播推荐的用法。
weixue0806,美容护肤,毛孔粗大用什么?,1,该用户想询问直播间推荐的产品中哪款适合改善毛孔粗大的肌肤问题。
weixue0806,美容护肤,送闺蜜绝佳礼品,0,该用户认为直播中推荐的产品适合作为送给闺蜜的礼物，表达了对商品的认可和购买意向。
weixue0806,美容护肤,刚进来就拍了但是怎么用??,0,该用户想表达的含义是：已经下单购买了产品但不清楚具体使用方法，希望主播能再次讲解。
weixue0806,美容护肤,油还能上吗,1,该用户是在询问之前提到的某款油类产品是否还会再次上架或补货。
weixue0806,美容护肤,有斑良心推荐嘛韦雪姐,1,该用户是在询问主播韦雪是否有针对斑点问题的良心产品推荐。
weixue0806,美容护肤,有补胶原蛋白的面膜吗,1,该用户是在询问直播间是否有具备补充胶原蛋白功效的面膜产品。
weixue0806,美容护肤,水光霜呢?,1,该用户是在询问直播间是否有介绍或售卖水光霜这款产品。
weixue0806,美容护肤,睡衣可爱雪也可爱,0,该用户想表达的含义是：主播穿着的睡衣和宠物雪都很讨人喜欢，展现出对直播氛围的愉悦感受。
weixue0806,美容护肤,@Ⅱ***我也想要,0,该用户看到别人购买了某款产品后，也产生了跟风购买的意愿。
weixue0806,美容护肤,有没有夏天适合油皮的,1,该用户是在询问直播间是否有适合油性肤质使用的夏季护肤品推荐。
weixue0806,美容护肤,很想買啊!無奈我的抖音買不了,1,该用户表达了强烈的购买意愿但因平台限制无法完成交易的遗憾心情。
weixue0806,美容护肤,[比心]有福利吗,1,该用户想询问直播间是否有促销活动或赠品优惠。
weixue0806,美容护肤,油性皮肤毛孔粗大适合吗,1,该用户想询问产品是否适合油性皮肤且毛孔粗大的肤质使用。
weixue0806,美容护肤,"面膜,洗面奶,绝绝子～一直在用!膜布好好!",0,该用户想表达的含义是：对正在推荐的面膜和洗面奶产品非常满意，表示自己是长期使用者并特别称赞面膜材质的舒适性。
weixue0806,美容护肤,几岁开始用合适,1,该用户是在询问产品适用的年龄段，想了解自己或他人是否适合使用该商品。
weixue0806,美容护肤,1号链接一共多少贴,1,该用户想询问1号商品链接中包含的具体贴片数量。
weixue0806,美容护肤,"我买了,刚刚用第3片,现在才知道用法!",0,该用户想表达自己已经购买并开始使用产品，但在实际体验后才真正了解正确的使用方法，透露出对产品效果的关注和初次使用的新鲜感。
weixue0806,美容护肤,25岁可以用吗,1,该用户是在询问产品是否适合自己这个年龄段使用。
weixue0806,美容护肤,有颈膜吗?,1,该用户是在询问直播间是否有颈部护理面膜产品。
weixue0806,美容护肤,美白的祛黄提亮的有吗,1,该用户是在询问直播间是否有能够改善肤色暗黄、提亮肤色的美白类产品。
weixue0806,美容护肤,大师面膜开价了吗,1,该用户是在询问主播是否已经公布了大师面膜的价格，表现出对该产品的购买意向和价格敏感度。
weixue0806,美容护肤,干皮洗面奶有没有推荐啊,1,该用户想表达的含义是：询问适合干性皮肤的洗面奶产品推荐。
weixue0806,美容护肤,1号和二号那个号?,1,该用户是在询问直播中提到的1号和2号产品之间的区别或比较。
weixue0806,美容护肤,是涂完油在敷面膜吗????[比心][比心][比心][比心][比心][比心][比心][比心][比心],1,该用户想表达的含义是：好奇产品使用步骤是否为先涂护肤油再敷面膜，并表现出对主播的积极互动态度。
weixue0806,美容护肤,补胶原蛋白是哪个,1,该用户想询问直播间正在推荐的补充胶原蛋白的具体产品名称或购买链接。
weixue0806,美容护肤,姐姐真好看[比心],0,该用户是在通过夸赞主播的外表来表达对直播内容的喜爱和互动意愿，而非直接询问产品信息。
weixue0806,美容护肤,一号链接已下单,0,该用户想表达的含义是：我已经通过直播间的商品链接完成了购买行为。
weixue0806,美容护肤,"您好[比心]晒后眼周长斑,脸部出现红血丝,用什么吖[捂脸]",1,该用户想表达的含义是：咨询针对晒后眼部色斑和面部红血丝问题的护肤产品推荐。
weixue0806,美容护肤,已复购,0,该用户想表达的含义是：自己已经再次购买了直播间推荐的产品。
weixue0806,美容护肤,"介绍一下18号,眼膜",1,该用户想表达的含义是：希望主播详细讲解18号眼膜产品的功效、适用人群或使用方法等相关信息。
weixue0806,美容护肤,发现你的鼻子怎么一高一低,0,该用户可能是在调侃主播的面部特征，并未表达明确的购买意向或产品相关咨询。
weixue0806,美容护肤,为啥脸这么白啊姐,0,该用户可能是对主播使用的美白产品效果感到好奇或质疑，想询问具体原因或产品信息。
weixue0806,美容护肤,有凝胶吗,1,该用户是在询问直播间是否有售卖凝胶类产品。
weixue0806,美容护肤,每天晚上都敷可以吗,1,该用户是在询问产品使用的频率安全性，担心每天使用面膜是否会对皮肤造成负担。
weixue0806,美容护肤,再说一次用法?,1,该用户想进一步确认产品的具体使用方法，可能是对之前提到的用法有疑问或没听清，表现出对产品功能的关注和潜在购买意向。
weixue0806,美容护肤,可以讲一下9号链接嘛买的到了不会用[快哭了],1,该用户想表达的含义是：希望主播详细介绍9号链接商品的使用方法，因为自己购买后不太会操作感到困扰。
weixue0806,美容护肤,"面膜真的很好用,YYDS!",1,该用户想表达的含义是：对面膜效果非常满意并给予高度赞扬。  （结合前文弹幕中频繁出现的产品询问、用法讨论及购买反馈，可推断该用户属于已购买并体验过的消费者，通过夸张赞美表达对产品的认可，可能隐含推荐或强化直播间其他观众购买意愿的动机。）
weixue0806,美容护肤,"已用上了,满满的精华,敷完皮肤水润柔软",0,该用户想表达的含义是：对产品使用效果非常满意并主动分享正面体验。  （结合前文弹幕中已出现的购买行为（如“一号链接已下单”“已复购”）和其他用户对产品的积极反馈（如“面膜真的很好用”），可推断当前语境为消费者自发验证产品效果后的认可，属于典型的购买兴趣延伸——通过真实体验强化产品口碑，可能间接促进其他观众下单。）
weixue0806,美容护肤,洗面奶姐姐,1,该用户可能在询问主播关于洗面奶产品的具体信息或推荐，可能是对之前讨论的干皮洗面奶话题的延续或针对主播个人的亲切称呼。
weixue0806,美容护肤,有没有淡眼纹,1,该用户想询问直播间是否有能淡化眼部细纹的产品。
weixue0806,美容护肤,美白8号油好还是10号油好呀,1,该用户是在比较两款美白产品的效果差异，希望主播能给出选购建议。
weixue0806,美容护肤,要是有你这脸型就好了,0,"该用户可能在委婉地夸赞主播的容貌优势，并隐含对相关美容产品的兴趣或期待效果。  （解析：结合前文弹幕中频繁出现的美容产品咨询（如面膜、精华、淡纹等）和对主播外貌的称赞（""姐姐真好看""），该弹幕通过对比自身与主播的脸型差异，既表达羡慕之情，也可能暗示希望通过产品达到类似效果的心理诉求。语境中产品功效讨论的氛围强化了这种潜在关联性。）"
weixue0806,美容护肤,白月光的需要洗掉吗,1,"该用户可能是在询问直播中提到的某款产品（如面膜或护肤品）是否需要在使用后清洗，尤其关注产品名称中带有""白月光""字样的款式。"
weixue0806,美容护肤,现在就再敷呢,0,该用户想表达的含义是：自己正在同步使用直播中推荐的面膜产品。  （结合前文弹幕高频提及面膜用法、效果及即时使用反馈（如“已用上了”“每晚敷”），可推断用户通过“现在就再敷呢”强调实时跟随主播推荐的行动，隐含对产品的认可或尝试意愿。）
weixue0806,美容护肤,已拍、教用法,1,该用户想表达的含义是：我已经下单购买了产品，现在希望主播详细讲解一下产品的使用方法。
weixue0806,美容护肤,"已拍,多久用一次",1,该用户想确认已购买产品的使用频率是否合适。
weixue0806,美容护肤,"脸黄用21吗,还是1号",1,该用户可能在询问自己的肤色偏黄适合选择21号产品还是1号产品。
weixue0806,美容护肤,想要防晒霜啊,1,该用户想表达的含义是：对防晒霜产品有明确的购买意向。
weixue0806,美容护肤,毛孔偏大用什么,1,该用户想询问针对毛孔粗大问题的产品推荐或解决方案。
weixue0806,美容护肤,每天连着敷,0,该用户想表达的含义是：询问这款面膜是否可以每天连续使用以达到更好的护肤效果。
weixue0806,美容护肤,哪款面膜,1,该用户想询问直播间推荐的面膜产品类型或具体款式。
weixue0806,美容护肤,我想知道雪儿姐头发多长,0,该用户可能是在询问主播发型相关的产品（如洗发水、护发素等）或对主播的造型产生兴趣，想了解头发养护方法。
weixue0806,美容护肤,1号和2号哪个好啊,1,该用户是在询问1号和2号产品的具体区别或推荐建议，希望主播能对比两款产品的优劣以帮助自己做出购买决策。
weixue0806,美容护肤,怎么用再说一下,1,该用户想表达的含义是：希望主播再次详细讲解产品的使用方法。
weixue0806,美容护肤,刚才是什么面罩,1,该用户可能是对之前提到的某款面罩产品产生了兴趣，想确认具体是哪一款以便进一步了解或购买。
weixue0806,美容护肤,不化妆都美美哒,0,该用户是在称赞主播的自然美，暗示对主播推荐的产品效果感兴趣或认可。
weixue0806,美容护肤,修复屏障用啥呀,1,该用户可能在询问修复皮肤屏障功能的产品推荐。
weixue0806,美容护肤,外油内干用什么调理,1,该用户想咨询适合外油内干肤质的产品推荐或护肤方法。
weixue0806,美容护肤,水有吗?,1,该用户可能在询问直播间是否有售卖或推荐补水相关的护肤品。
weixue0806,美容护肤,"姐姐太贵了,我买不起",0,该用户可能是在委婉表达对产品价格的顾虑，同时隐含希望主播能提供优惠或价格解释的意图。
weixue0806,美容护肤,讲一下二号怎么用,1,该用户想询问主播关于二号产品的具体使用方法。
weixue0806,美容护肤,美白内服我推荐吗?,0,该用户是在询问主播是否推荐直播间正在介绍的美白内服产品。
weixue0806,美容护肤,摸得这个唇膏是几号???????,1,该用户想询问主播展示的唇膏具体色号以便考虑购买。
weixue0806,美容护肤,18号链接说一下[捂脸],1,该用户想表达的含义是：希望主播详细介绍18号商品的信息。
weixue0806,美容护肤,"身体美白,内服有推荐吗,姐姐[比心]",1,该用户是在询问主播有没有适合内服的美白产品推荐，并表现出对主播的信任和亲近感。
weixue0806,美容护肤,已拍送口红,0,该用户想表达的含义是：我已经下单购买了产品，请问是否会赠送口红作为赠品。
weixue0806,美容护肤,26可以用吗[捂脸],1,该用户是在询问产品编号26是否适合自己使用，同时用表情符号表达了一种犹豫或不好意思的情绪。
weixue0806,美容护肤,雪你刚刚嘴上擦的有链接吗,1,该用户想询问主播刚才使用的口红色号是否有购买链接。
weixue0806,美容护肤,讲讲防晒呗,1,该用户想表达的含义是：希望主播详细介绍防晒产品的相关信息。
weixue0806,美容护肤,今天的妆不好看,0,该用户可能是在委婉表达对当前直播产品（如化妆品或护肤技巧）的不满或质疑，暗示主播的妆容效果影响了产品推荐的可信度。
weixue0806,美容护肤,已经复购很多次了,0,该用户想表达的含义是：我是这款产品的老顾客，对它的效果非常认可并持续支持。
weixue0806,美容护肤,唇膏是几号啊,1,该用户是想询问主播正在试用的唇膏色号或产品编号以便购买。
weixue0806,美容护肤,13号可以讲一下吗小宝,1,该用户是在询问主播能否详细介绍13号产品的相关信息。
weixue0806,美容护肤,眼膜开一下,1,该用户希望主播重新介绍或上架眼膜产品的购买链接。
weixue0806,美容护肤,眼睛格外好看今天,0,该用户可能在夸赞主播的眼妆或眼部产品效果突出，暗示对相关商品感兴趣。
weixue0806,美容护肤,主播用哪款防晒口罩和帽子可以推荐一下吗,1,该用户希望主播推荐适合搭配使用的防晒口罩和帽子产品。
weixue0806,美容护肤,今天第一次买,0,该用户想表达的含义是：虽然之前没尝试过这个产品，但这次决定下单购买。  （结合前文语境，直播间讨论的多是具体产品咨询和购买行为，如“已拍送口红”“复购很多次”，而该用户强调“第一次买”，隐含对新品的尝试意愿或对主播/产品的初步信任。）
weixue0806,美容护肤,法令纹卡粉有用吗,1,该用户想询问主播推荐的产品是否能有效改善法令纹部位的卡粉问题。
weixue0806,美容护肤,多次复购,0,该用户想表达的含义是：自己是该产品的老顾客，已经重复购买过很多次了。
weixue0806,美容护肤,讲讲用法吧,0,该用户希望主播详细演示或解释产品的使用方法。
weixue0806,美容护肤,白月光的面膜要洗掉吗,1,该用户想询问主播推荐的面膜在使用后是否需要清洗，以确认正确的使用步骤。
weixue0806,美容护肤,水光还有没有,1,该用户是在询问直播间推荐的“水光”类产品是否还有库存或能否继续购买。
weixue0806,美容护肤,介绍一下3号,1,该用户想询问主播详细介绍直播间提到的3号产品信息。
weixue0806,美容护肤,"油皮怎么护肤,36了,皮肤比较黄",0,该用户想表达的含义是：询问适合油性肌肤且能改善暗黄的护肤产品推荐。
weixue0806,美容护肤,现在敷着看你直播,0,该用户想表达的含义是：我正在使用你们的产品（面膜）的同时观看直播，表达了对产品的即时体验和参与感。
weixue0806,美容护肤,睫毛膏用那个,1,该用户想询问主播正在使用的睫毛膏产品型号或品牌。
weixue0806,美容护肤,植发了吗[看],0,该用户可能在调侃或询问主播的外貌变化，比如发型或发际线是否有调整。
weixue0806,美容护肤,嗯111,0,该用户可能是在快速附和主播的讲解或表示对当前推荐产品的兴趣，类似于“好的，我想要这个”的简洁回应。
weixue0806,美容护肤,怎么扣,0,该用户想询问商品的使用方法或操作步骤。
weixue0806,美容护肤,"面膜己买,怎么用",1,该用户想表达的含义是：已经购买了面膜但不清楚具体使用方法，希望主播给予指导。
weixue0806,美容护肤,6666号怎么用?,0,该用户是在询问产品编号为6666的商品的使用方法。
weixue0806,美容护肤,痘痘用哪个,1,该用户想询问主播推荐适合改善痘痘问题的护肤产品或解决方案。
weixue0806,美容护肤,刚敷完,0,该用户想表达的含义是：自己刚敷完直播间推荐的面膜产品，可能想询问后续护肤步骤或分享使用体验。
weixue0806,美容护肤,牛奶回购111111111,0,该用户想表达的含义是：这款牛奶我已经多次购买且非常满意，强烈推荐给大家。
weixue0806,美容护肤,复购N次了,0,该用户想表达的含义是：我已经多次购买这款产品，对它非常满意且持续信赖。
weixue0806,美容护肤,"男朋友出轨了,还喜欢怎么办",0,该用户可能在情感困扰中寻求直播间的情感共鸣或转移注意力，而非表达对商品的购买意向。
weixue0806,美容护肤,好用好用,0,该用户想表达的含义是：对产品使用效果表示满意并认可其功效。
weixue0806,美容护肤,"你快下播吧,我没钱了[流泪][流泪]",0,该用户想表达的含义是：虽然对产品很心动，但已经超出预算不得不克制购买冲动。
weixue0806,美容护肤,10号没了吗,1,该用户可能在询问直播间之前提到的10号产品是否已经售罄或下架。
weixue0806,美容护肤,大师面膜跟胶原面膜都好用,1,该用户想表达的含义是：对两款面膜产品都表示认可和满意，暗示有购买或复购的意向。
weixue0806,美容护肤,为啥这么白啊姐,0,该用户可能是在询问主播使用的产品或护肤方法为何能让皮肤显得如此白皙。
weixue0806,美容护肤,反复长痘痘有痘印用什么面膜,1,该用户想表达的含义是：想寻找一款能解决反复长痘和淡化痘印的面膜产品。
weixue0806,美容护肤,白月光的需要洗吗,1,该用户可能在询问直播中提到的“白月光”款产品是否需要清洗或特殊护理。
weixue0806,美容护肤,怎么全身美白,0,该用户可能是对主播的肤色或产品效果产生兴趣，想询问实现全身美白的方法或推荐相关产品。
weixue0806,美容护肤,胶原和大师都是复购款,0,该用户想表达的含义是：胶原面膜和大师面膜都是自己多次回购的产品，觉得很好用。
weixue0806,美容护肤,"主播用哪款防晒口罩和帽子可以推荐一下吗,,谢谢",1,该用户想表达的含义是：希望主播推荐适合搭配使用的防晒口罩和帽子产品。
weixue0806,美容护肤,项链是个什么图案,1,该用户想询问项链的具体设计细节或图案样式，以评估是否符合自己的审美偏好或购买需求。
weixue0806,美容护肤,韦姐我想要美瞳链接[看][看][看][看][看][看][看][看][看][看][看][看][看][看][看][看][看][看][看][看][看][看][看][看][看][看][看][看][看][看][看][看][看][看][看],1,该用户急切地表达了对主播推荐的美瞳产品的强烈购买意愿，通过密集重复的表情符号强调自己的迫切需求，希望主播立即提供商品链接以便下单。
weixue0806,美容护肤,手膜有吗[比心][比心][比心],1,该用户是在询问直播间是否有手膜产品并表达强烈的购买意向。
weixue0806,美容护肤,美白的推荐下,1,该用户想表达的含义是：希望主播推荐具有美白功效的产品。
weixue0806,美容护肤,666666号讲下呗等好久了[爱心],1,该用户急切希望主播详细介绍6666号产品，并表现出对该产品的高度期待和兴趣。
weixue0806,美容护肤,"拍了美白祛斑面膜和大师面膜,可以插着用吗?",1,该用户是在询问已购买的两种面膜是否可以交替使用。
weixue0806,美容护肤,想防嗮,1,该用户可能在询问或寻求主播推荐防晒相关的产品或使用方法。
weixue0806,美容护肤,"用后要不要洗脸,可以直接睡觉吗",1,该用户是在询问产品使用后是否需要清洁步骤以及能否省略夜间护肤流程，表现出对产品使用便捷性的关注和潜在的购买意向。
weixue0806,美容护肤,每天几点直播?,0,该用户想了解直播间的固定开播时间以便后续持续关注或参与购买。
weixue0806,美容护肤,睫毛膏宝宝,1,该用户可能在询问或表达对某款睫毛膏产品的兴趣，可能是想了解产品详情或求购买链接。
weixue0806,美容护肤,姐姐大学生用那个好,1,该用户想询问主播推荐适合大学生使用的产品。
weixue0806,美容护肤,主播用哪款防晒口罩和帽子可以推荐一下吗?谢谢,1,该用户希望主播推荐自己正在使用的防晒口罩和帽子款式，表现出明确的购买意向和产品需求。
weixue0806,美容护肤,还没敷完,0,该用户想表达的含义是：之前购买的面膜还没使用完，暂时不需要再购买。
weixue0806,美容护肤,"姐姐,洗面奶是不是换包装了",0,该用户是在询问洗面奶包装是否有更新，可能出于对产品变化的关注或考虑是否要购买新款。
weixue0806,美容护肤,白天还是晚上用,1,该用户可能是在询问产品适合白天使用还是晚上使用，隐含对产品使用场景或效果的关注。
weixue0806,美容护肤,到底哪款面膜性价比很高,1,该用户想表达的含义是：希望主播推荐一款价格合理且效果好的面膜产品。
weixue0806,美容护肤,有试用装吗亲,1,该用户是在询问产品是否提供小样试用，表现出对产品实际体验的关注和潜在的购买意向。
weixue0806,美容护肤,大师真的是把身边小伙伴都推荐了,0,该用户想表达的含义是：主播推荐的产品效果很好，我已经向周围朋友大力安利了。
weixue0806,美容护肤,主播你之前说的水光霜是哪个,1,该用户想询问主播之前提到的水光霜的具体产品名称或购买链接。
weixue0806,美容护肤,说说使用方法吧,1,该用户可能对产品功能或操作步骤存在疑问，希望主播详细讲解产品的具体使用方式。
weixue0806,美容护肤,胶原蛋白饮多久喝一瓶,1,该用户是在询问胶原蛋白饮的使用频率，隐含对产品效果和购买可行性的关注。
weixue0806,美容护肤,3号好用吗?,1,该用户是在询问直播间推荐的3号产品的实际使用效果如何，隐含潜在的购买意向。
weixue0806,美容护肤,收到货了,0,该用户想表达的含义是：确认自己购买的商品已到货并告知直播间。
weixue0806,美容护肤,姐姐大学生用那个[捂脸],1,该用户想询问主播推荐适合大学生使用的产品，并带有不好意思直接点明的羞涩情绪。
weixue0806,美容护肤,18能用吗,1,该用户是在询问产品是否适合18岁的年龄群体使用。
weixue0806,美容护肤,姐今天男朋友和我很幸福清明节出去玩带我买各种东西我超级开心[比心],0,该用户想表达的含义是：炫耀自己因男友的宠爱而感到幸福，并暗示对购物体验的满足感。  （解析：结合前文弹幕多为产品咨询和购买互动，该弹幕虽未直接提及商品，但通过“买各种东西”“超级开心”等措辞，侧面反映用户对消费行为的积极态度，属于间接表达购物愉悦的社交分享。）
weixue0806,美容护肤,院线型面膜是这个大师面膜吗,1,该用户是在询问直播间提到的“院线型面膜”是否与之前弹幕中讨论的“大师面膜”是同一款产品。
weixue0806,美容护肤,"雪姐姐,我脱发很严重,推荐一下",1,该用户希望主播能针对脱发问题推荐合适的产品。
weixue0806,美容护肤,乖乖你真的好,0,该用户可能是在表达对主播或推荐产品的喜爱和认可，类似于“这款产品/主播的表现真的很棒”。
weixue0806,美容护肤,送的是啥,1,该用户可能在询问直播中提到的赠品具体是什么内容。
weixue0806,美容护肤,我一直买[比心],0,该用户想表达的含义是：我是这款产品的老顾客，对品牌有持续的支持和好感。
weixue0806,美容护肤,6666号,0,该用户可能在询问或确认主播提到的某款产品编号（6666号）的相关信息，比如价格、功效或购买方式。
weixue0806,美容护肤,讲讲防晒啊,1,该用户希望主播详细介绍防晒产品的功效、适用场景或推荐款式。
weixue0806,美容护肤,去细纹的眼油推荐一下?,1,该用户想表达的含义是：希望主播推荐一款能改善眼部细纹的护肤精油产品。
weixue0806,美容护肤,美白的推荐下姐姐,1,该用户希望主播推荐具有美白功效的产品。
weixue0806,美容护肤,确实好用,0,该用户想表达的含义是：认可主播推荐的产品实际效果不错。
weixue0806,美容护肤,姐姐大学生用那个,1,该用户想询问主播推荐的产品是否适合大学生群体使用。
weixue0806,美容护肤,身体乳有没有推荐,1,该用户是在询问主播有没有值得推荐的身体乳产品，表现出对这类商品的购买兴趣和需求。
weixue0806,美容护肤,多久见效呀,1,该用户想询问产品的见效周期或使用后多久能看到效果。
weixue0806,美容护肤,很好用,1,该用户想表达的含义是：对主播推荐的产品表示认可和满意。
weixue0806,美容护肤,唇膏哪个????,1,该用户想询问主播推荐哪一款唇膏产品。
weixue0806,美容护肤,补水滴买哪款啊,1,该用户想询问主播推荐哪款补水产品适合自己购买。
weixue0806,美容护肤,白月光的面膜要洗吗,1,该用户想询问这款名为“白月光”的面膜在使用后是否需要清洗。
weixue0806,美容护肤,胶原灌注面膜有么,1,该用户是在询问直播间是否有售卖胶原灌注面膜这款产品。
weixue0806,美容护肤,油霜666666号,1,该用户想表达的含义是：对“油霜”这款产品表示强烈的兴趣和认可。
weixue0806,美容护肤,"一个人要想走的远,那肯定是口碑",0,该用户想表达的含义是：产品的好坏最终取决于消费者的真实评价和长期口碑。
weixue0806,美容护肤,上眼皮下垂用哪款,1,该用户想表达的含义是：询问针对上眼皮下垂问题的护肤品推荐。
weixue0806,美容护肤,有补水的吗,1,该用户是在询问直播间是否有推荐用于补水的护肤产品。
weixue0806,美容护肤,雪姐好[比心],0,该用户是在友好互动的同时表达对主播“雪姐”的喜爱和支持。
weixue0806,美容护肤,讲一下12号,1,该用户想询问主播详细介绍12号产品的具体信息或功能。
weixue0806,美容护肤,大干皮面霜推荐一下,1,该用户希望主播能针对干性皮肤推荐一款适合的面霜产品。
weixue0806,美容护肤,你的睡衣看看,1,该用户想询问主播身上穿的睡衣的款式或购买链接。
weixue0806,美容护肤,"姐,你的睡衣好好看",1,该用户想表达对主播睡衣款式的喜爱，并暗示希望了解购买链接或品牌信息。
weixue0806,美容护肤,拍了美白祛斑面膜和大师面膜可以插着用吗?,1,该用户是在询问自己购买的两款面膜是否可以交替使用，以确认产品的使用方式是否兼容或需要特别注意。
weixue0806,美容护肤,唇膏哪个,1,该用户想询问主播推荐哪款唇膏产品。
weixue0806,美容护肤,8号的油说说,1,该用户想询问关于8号产品的详细使用体验或功效介绍。
weixue0806,美容护肤,洗面奶干皮能用吗,1,该用户是在询问这款洗面奶是否适合干性肤质使用。
weixue0806,美容护肤,雪雪下睫毛用的什么,1,该用户想询问主播使用的下睫毛产品品牌或款式。
weixue0806,美容护肤,有没有什么推荐的洗头膏,1,该用户想表达的含义是：希望主播推荐适合自己需求的洗发产品。
weixue0806,美容护肤,喜欢衣服,1,该用户想表达对直播中展示的某款衣服的喜爱和购买意向。
weixue0806,美容护肤,小号的产品和大号的是不一样吗?价格都不一样,0,该用户可能是想确认产品不同规格之间的具体差异是否导致了价格区别，表现出对产品细节的关注和潜在的购买比较意向。
weixue0806,美容护肤,干性皮肤用什么,1,该用户想询问适合干性肤质的护肤产品推荐。
weixue0806,美容护肤,颈纹有吗,1,该用户是在询问直播间是否有针对颈部皱纹的产品。
weixue0806,美容护肤,有点脸垮.推荐什么医美项目?没做过医美,0,该用户因注意到面部松弛问题而产生了尝试医美项目的意向，但缺乏相关经验希望主播给予专业推荐。
weixue0806,美容护肤,说说怎么用,1,该用户想了解某款产品的具体使用方法或操作步骤。
weixue0806,美容护肤,颈霜呢,1,该用户是在询问主播是否有推荐或介绍颈部护理产品的意向。
weixue0806,美容护肤,今天这么早下播吗,0,该用户是在询问主播是否会比往常提前结束直播，可能出于对直播内容的关注或未得到解答的购物疑问。
weixue0806,美容护肤,胶原蛋白面膜咋用,1,该用户想询问胶原蛋白面膜的使用方法和步骤。
weixue0806,美容护肤,3号能介绍一下吗?,1,该用户想询问主播详细介绍3号产品的具体信息或功能。
weixue0806,美容护肤,回去谈恋爱了[看],0,该用户想表达的含义是：对当前直播内容不感兴趣，打算退出直播间去处理其他事情。
weixue0806,美容护肤,法令纹精华,1,该用户想表达的含义是：询问主播是否有针对法令纹问题的精华产品推荐。
weixue0806,美容护肤,用哪一款面膜,1,该用户是在询问主播推荐适合自己使用的面膜款式。
weixue0806,美容护肤,白月光的要洗吗,1,该用户可能在询问某款名为“白月光”的产品是否需要清洗或如何清洁。
weixue0806,美容护肤,9号可以讲讲嘛[流泪],1,该用户想表达的含义是：希望主播详细介绍9号产品的信息。
weixue0806,美容护肤,水光机面膜有吗,1,"该用户是在询问直播间是否有售卖""水光机""品牌的面膜产品。"
weixue0806,美容护肤,拍了拍了,0,该用户想表达的含义是：我已经下单购买了（直播中提到的某款产品）。
weixue0806,美容护肤,抗皱的呢,1,该用户想询问直播间是否有抗皱功效的产品。
weixue0806,美容护肤,胶原蛋白面膜是那个?,1,该用户是在询问直播间提到的胶原蛋白面膜具体是哪一款产品。
weixue0806,美容护肤,姐瘦脸是光电好还是打针好,0,该用户想咨询瘦脸医美项目的选择建议，比较光电和注射两种方式的优劣。
weixue0806,美容护肤,我才来姐姐,0,该用户想表达的含义是：我刚进入直播间，想和主播打招呼并询问产品信息。
weixue0806,美容护肤,面霜用多久有效果,1,该用户想了解这款面霜需要持续使用多长时间才能看到明显的护肤效果。
weixue0806,美容护肤,1号和21号可以混合着用吗?,1,该用户想询问1号和21号产品是否可以搭配使用。
weixue0806,美容护肤,上眼皮下垂,0,该用户可能在询问针对上眼皮下垂问题的护肤产品或医美解决方案。
weixue0806,美容护肤,刚才涂抹的那个唇膏,1,该用户想询问主播刚才展示的那款唇膏的具体信息或购买方式。
weixue0806,美容护肤,66666666号,1,该用户可能是想询问或确认直播间正在介绍的产品编号是否为“66666666号”。
weixue0806,美容护肤,看着很好吃,0,该用户被直播展示的食品所吸引，产生了尝试或购买的意愿。
weixue0806,美容护肤,你是女性的骄傲,0,该用户想表达的含义是：主播作为女性在事业上的出色表现令人钦佩和自豪。
weixue0806,美容护肤,百奈子介绍一下呗,0,该用户想表达的含义是：希望主播详细讲解一下百奈子产品的相关信息。
weixue0806,美容护肤,之前的身体霜没了吗,1,该用户是在询问之前推荐过的身体霜是否已经售罄或下架，表现出对这款产品的关注和购买意向。
weixue0806,美容护肤,"不准下播,那么可爱",0,该用户被主播或展示的产品吸引，希望直播继续以了解更多内容或享受互动氛围。
weixue0806,美容护肤,微针面霜有没有[比心],1,该用户是在询问微针面霜的相关信息并表达对产品的兴趣和好感。
weixue0806,美容护肤,你吃的啥,0,该用户可能是对直播中展示的食品或护肤品的使用方式感到好奇，想了解主播正在体验的具体产品。
weixue0806,美容护肤,先用美白面膜还是这个啊?,1,该用户可能在犹豫两款产品的使用顺序，想咨询主播关于美白面膜和当前展示产品的搭配建议。
weixue0806,美容护肤,"雪姐姐,我脱发很严重",0,该用户可能在咨询主播是否有针对脱发问题的产品或解决方案。
weixue0806,美容护肤,抗糖吃什么牌子,0,该用户想询问直播间推荐的抗糖产品品牌。
weixue0806,美容护肤,宝宝香水,1,该用户可能是想询问主播正在展示或提到的某款“宝宝香水”产品的详情或使用体验。
weixue0806,美容护肤,你还有小号嘛?,0,该用户可能在询问主播是否还有其他未展示的同类商品或库存。
weixue0806,美容护肤,气垫那种好用?,1,该用户是在询问哪款气垫产品效果更好，表现出对当前直播推荐的气垫类美妆产品的具体选购需求。
weixue0806,美容护肤,18岁可以用吗,1,该用户可能是想询问直播中推荐的产品是否适合18岁的年轻肌肤使用。
weixue0806,美容护肤,我才来,0,该用户想表达的含义是：我刚进入直播间，对当前讨论的内容还不熟悉。
weixue0806,美容护肤,"喜欢吃辣的,买不到洗头膏",0,该用户可能是在表达自己对辣味产品的兴趣，同时误将洗发水相关需求发在了当前直播间。
weixue0806,美容护肤,主播的挂件好看,0,该用户可能是在夸赞主播佩戴的挂件款式吸引人，暗示自己也对同款商品感兴趣。
weixue0806,美容护肤,怎么样变白啊,0,该用户可能在询问直播间推荐的美白产品或方法，表达了对美白护肤的兴趣和需求。
weixue0806,美容护肤,第一次买,0,该用户想表达的含义是：这是我首次尝试购买这款产品。
weixue0806,美容护肤,项链是谁家的呢[比心][比心][比心][比心][比心]项链是谁家的呢[比心][比心][比心][比心][比心],1,该用户想表达的含义是：询问项链的品牌或出处，并表现出强烈的兴趣和喜爱。
weixue0806,美容护肤,"8.8的洗面奶再开一次好吗,想试试",1,该用户希望主播再次上架之前售价8.8元的洗面奶，并表示有意向购买试用。
weixue0806,美容护肤,油价钱不一样,0,该用户可能在询问或比较不同产品的油价差异或性价比。
weixue0806,美容护肤,水光没有吗,1,该用户可能在询问直播间是否还有“水光”系列的美容产品库存或是否会上架该产品。
weixue0806,美容护肤,不磨皮皮肤怎么样[捂脸],0,该用户是在询问产品未经过美颜滤镜处理时的真实使用效果，并带有调侃或不确定的语气。
weixue0806,美容护肤,晚上用还是白天用,1,该用户可能在询问产品适合的使用时间段，以评估是否符合自身需求或生活习惯。
weixue0806,美容护肤,你太漂亮了,0,该用户可能在通过夸赞主播外貌的方式表达对直播内容的兴趣或好感，试图拉近与主播的距离以获取更多互动或产品信息。
weixue0806,美容护肤,眼睫毛是哪个,1,该用户想询问主播当前展示或提到的睫毛产品具体是哪一款或哪个品牌。
weixue0806,美容护肤,大师面膜适合四十多岁用吗,1,该用户是在询问这款面膜是否适合自己妈妈年龄段的人群使用，隐含对产品功效与年龄匹配度的关注。
weixue0806,美容护肤,防晒讲下,1,该用户希望主播详细介绍当前推荐的防晒产品信息。
weixue0806,美容护肤,身体美白内服是什么?,1,该用户可能在询问主播推荐的口服美白产品具体是什么成分或品牌。
weixue0806,美容护肤,有的大师面膜便宜,0,该用户可能在询问或感叹这款大师面膜的价格比其他渠道更优惠，隐含对产品的购买兴趣或价格比较的意图。
weixue0806,美容护肤,这段时间很火的那个胶原蛋白面膜有吗,1,该用户是在询问直播间是否售卖近期热门的胶原蛋白面膜产品，表现出明确的购买意向和需求。
weixue0806,美容护肤,喜欢的男的不喜欢我怎么办,0,该用户可能是在情感受挫后寻求情绪共鸣或转移注意力，试图通过参与直播互动来缓解情感困扰。
weixue0806,美容护肤,白月光面膜可以讲讲用法吗,1,"该用户对""白月光面膜""产生了兴趣，想进一步了解产品使用方法以便决定是否购买。"
weixue0806,美容护肤,祛痘产品有吗,1,该用户是在询问直播间是否有售卖祛痘产品，表现出对解决皮肤问题的具体需求和购买意向。
weixue0806,美容护肤,23号推荐一下,1,该用户希望主播详细介绍23号商品的功能或优惠信息。
weixue0806,美容护肤,脖子上带的什么,1,该用户是在询问主播佩戴的项链品牌或款式信息，表现出对饰品的具体购买兴趣。
weixue0806,美容护肤,护发产品有没有,1,该用户是在询问直播间是否有推荐或销售的护发产品，表现出对护发类商品的潜在购买兴趣。
weixue0806,美容护肤,66666号,0,该用户可能是想询问或确认直播间正在介绍的商品编号（66666号）的具体信息或购买方式。
weixue0806,美容护肤,"姐姐,加班",0,该用户可能是想询问主播推荐适合加班族使用的护肤产品或解决方案。
weixue0806,美容护肤,抗糖吃什么牌子的呢,0,该用户是在询问直播间推荐哪些品牌的抗糖产品适合购买。
weixue0806,美容护肤,韩束几天敷一次,1,该用户想询问韩束面膜的使用频率是否有限制或建议。
weixue0806,美容护肤,看下气垫,1,该用户想表达的含义是：请展示或详细介绍气垫产品的相关信息。
weixue0806,美容护肤,大师非常好用,1,该用户是在称赞主播推荐的“大师”系列产品效果出色，表达了对该产品的认可和满意。
weixue0806,美容护肤,"水光肌,,,,,水光肌,,,,,,水光肌",1,该用户是在反复强调对“水光肌”产品的强烈兴趣，希望主播详细介绍或推荐相关产品。
weixue0806,美容护肤,身体美白推荐一下,1,该用户想表达的含义是：希望主播推荐一款针对身体美白的产品或方法。
weixue0806,美容护肤,油上一下油,1,该用户可能是想询问直播中提到的某款护肤油或精油产品的使用方法或效果。
weixue0806,美容护肤,面膜很难用已经退货了,0,该用户想表达对之前购买的面膜产品的不满和失望情绪。
weixue0806,美容护肤,怎么用这个,0,该用户想询问当前讨论产品的具体使用方法。
weixue0806,美容护肤,眼珠子有吗,0,该用户可能在询问直播间是否有售卖美瞳或隐形眼镜产品。
weixue0806,美容护肤,爱看你,0,该用户想表达的含义是：喜欢观看你的直播内容。
weixue0806,美容护肤,孕妇可以吗,1,该用户可能在询问直播中推荐的产品是否适合孕妇使用。
weixue0806,美容护肤,哺乳期间可以使用吗,1,该用户是在询问产品是否适合哺乳期女性使用，以评估其安全性和适用性。
weixue0806,美容护肤,3333333号介绍一下,1,该用户希望主播详细介绍商品编号为3333333的产品信息。
weixue0806,美容护肤,126都买了轮换着用吗?[捂脸],1,该用户想表达的含义是：询问是否可以把1号、2号和6号产品都买下来交替使用。
weixue0806,美容护肤,内服你可以卖一下,1,该用户希望主播推荐或上架适合内服的美容或保健产品。
weixue0806,美容护肤,眼霜哪款好?,1,该用户想询问直播间推荐哪款眼霜效果更好，表现出对购买眼霜产品的具体需求。
weixue0806,美容护肤,雪已拍,0,该用户想表达的含义是：已经下单购买了这款产品。
weixue0806,美容护肤,卸妆,1,该用户可能在询问主播当前展示的卸妆产品如何使用或推荐相关卸妆产品。
weixue0806,美容护肤,有的大师面膜便宜的为啥,0,该用户可能是对产品价格差异感到疑惑，想询问为什么同款大师面膜有些渠道售价更便宜。
weixue0806,美容护肤,姐姐我失恋了,0,该用户可能是在借情感话题寻求主播的安慰或注意力，试图通过分享个人状态来获得互动或产品推荐以改善心情。
weixue0806,美容护肤,18号链接,1,该用户可能是在询问或提醒主播展示/讲解商品列表中编号为18号的商品链接。
weixue0806,美容护肤,你会上瓷白娃娃吗,0,该用户是在询问主播是否会售卖或展示一款名为“瓷白娃娃”的美白产品。
weixue0806,美容护肤,10号链接还有吗?,1,该用户是在询问10号链接商品当前的库存情况，暗示有明确的购买意向。
weixue0806,美容护肤,奥嘉娜的防晒啥时候上,1,"该用户是在询问主播关于""奥嘉娜""品牌防晒产品的具体上新时间，表现出明确的购买意向和对该产品的关注。"
weixue0806,美容护肤,有猫咪纹怎么去掉,0,该用户可能是在询问直播间推荐的产品是否能有效淡化或消除皮肤上的细小皱纹（俗称“猫咪纹”）。
weixue0806,美容护肤,主播真励志,0,该用户想表达的含义是：对主播的个人品质表示欣赏，并可能因此对直播内容产生好感或信任。
weixue0806,美容护肤,痘印怎么处理呀,0,该用户可能是在询问直播间推荐的产品是否具有祛痘或淡化痘印的功效。
weixue0806,美容护肤,身体美白上些[比心][比心][比心],1,该用户想表达的含义是：希望主播推荐或介绍适合身体美白的产品。
weixue0806,美容护肤,"灌注面膜就是这个吗,跟涂抹的有区别吗",1,该用户是在询问当前展示的灌注面膜与涂抹式面膜的具体区别，以确认产品特性是否符合自己的需求。
weixue0806,美容护肤,哪面是正面,0,该用户可能在询问产品（如面膜或服饰）的正反面区分，想确认如何正确使用或穿戴。
weixue0806,美容护肤,"想请问院线面膜是哪款大师面膜吗,看广告特别多,第一次进你的直播间,所以不知道是不是这个",1,该用户是在询问直播间正在介绍的面膜是否就是广告中常见的那款知名院线面膜，并解释自己是新观众所以不太确定产品对应关系。
weixue0806,美容护肤,内服的有副作用吗,1,该用户是在询问产品内服款的安全性，担心可能存在的健康风险。
weixue0806,美容护肤,小号也在直播吗?,0,该用户可能是想确认主播是否同时在另一个账号进行直播，以便关注或参与互动。
weixue0806,美容护肤,身体美白上些,1,该用户希望主播推荐或上架身体美白类的产品。
weixue0806,美容护肤,黑眼圈可以用嘛,1,该用户是在询问直播中提到的产品是否适用于改善黑眼圈问题。
weixue0806,美容护肤,"雪姐,喜欢的男生不喜欢我怎不么办",0,该用户可能是在借情感问题寻求主播的关注或建议，而非直接表达对商品的购买兴趣。
weixue0806,美容护肤,护发产品能不能推荐一下,1,该用户希望主播针对护发产品给出具体的购买建议或推荐。
weixue0806,美容护肤,"有痘怎么去啊,姐",0,该用户想询问如何解决痘痘问题，可能对直播间推荐的祛痘产品感兴趣。
weixue0806,美容护肤,能看到我的话吗卸妆,0,该用户可能是想确认主播能否看到自己的提问，并想咨询关于卸妆产品的问题。
weixue0806,美容护肤,产品孕妇可以用吗,1,该用户想询问该产品是否适合孕妇使用，以评估是否符合自身需求或考虑购买。
weixue0806,美容护肤,"姐,你刚涂的是唇部精华吗",0,该用户是在询问主播刚才使用的产品是否为唇部精华，表现出对这款产品的兴趣和潜在的购买意向。
weixue0806,美容护肤,项链是谁家的呢[比心][比心][比心]项链是谁家的呢[比心][比心][比心]项链是谁家的呢[比心][比心][比心],1,该用户想表达的含义是：询问项链的品牌或出处，并表现出强烈的兴趣和喜爱。
weixue0806,美容护肤,能说一下眼油吗?,1,该用户想了解主播正在介绍或展示的“眼油”产品的具体功效或使用方法，表现出对这款产品的潜在购买兴趣。
weixue0806,美容护肤,用后要洗脸吗可以直接睡觉吗,1,该用户是在询问产品使用后是否需要清洁步骤以及能否省略夜间护肤程序直接入睡。
weixue0806,美容护肤,姐姐大学生适合用那个啊[捂脸][捂脸],1,该用户想表达的含义是：询问主播哪款产品适合大学生使用。
weixue0806,美容护肤,直播间有没有刚才听到雪姐说吃的是啥?,0,该用户想询问主播刚才提到的食品相关信息，可能是对产品产生了兴趣或想进一步了解细节。
weixue0806,美容护肤,小金砖上一下,1,该用户希望主播尽快展示或介绍名为“小金砖”的产品。
weixue0806,美容护肤,上眼皮下垂怎么办,0,该用户可能是想咨询直播间是否有针对上眼皮下垂问题的美容产品或解决方案。
weixue0806,美容护肤,卸妆的,1,该用户可能在询问主播当前展示或提到的卸妆产品相关信息。
weixue0806,美容护肤,哪个美白祛黄提亮啊哪个收缩毛孔,1,该用户想询问直播间推荐的美白祛黄提亮产品和收缩毛孔产品的具体名称或款式。
weixue0806,美容护肤,有好用的眼膜么,1,该用户是在询问直播间是否有值得推荐的、效果显著的眼部护理产品。
weixue0806,美容护肤,有没有去黑头的啊,1,该用户是在询问直播间是否售卖能够去除黑头的美容产品。
weixue0806,美容护肤,为啥第二次买的和第一次感觉不一样,0,该用户可能是在质疑产品的质量稳定性或批次差异，暗示对之前购买体验的信任度有所动摇。
weixue0806,美容护肤,嘴上涂的有吗,1,该用户是在询问主播刚才展示的产品中是否有适用于唇部的款式或颜色。
weixue0806,美容护肤,"8.8的洗面奶再开一次好吗,想试试这品牌",1,该用户希望主播再次上架8.8元的洗面奶，并表示对这个品牌的产品产生了试用意愿。
weixue0806,美容护肤,卸妆产品,1,该用户可能是在询问直播间是否有推荐或介绍的卸妆产品。
weixue0806,美容护肤,我拍了2号讲讲吗,1,该用户想表达的含义是：我已经下单购买了2号产品，能详细介绍一下它的功能吗？
weixue0806,美容护肤,爱韦雪女神,0,该用户是在表达对主播“韦雪”的喜爱和支持，可能是被主播的推荐或个人魅力所吸引，但并未直接提及具体商品或购买意向。
weixue0806,美容护肤,3号可以讲解一下麽,1,该用户希望主播详细介绍一下3号产品的功能或特点。
weixue0806,美容护肤,就相信韦雪[比心],0,该用户想表达的含义是：对主播韦雪的信任和支持，可能隐含对其推荐产品的兴趣或认可。
weixue0806,美容护肤,祛斑用哪个面膜,1,该用户想表达的含义是：询问直播间推荐哪款面膜适合祛斑效果。
weixue0806,美容护肤,跟skll价格差不多了,0,该用户可能在暗示当前产品的价格偏高，认为其价位已接近高端品牌SK-II，从而表达对性价比的疑虑或对降价的期待。
weixue0806,美容护肤,啥时候和马小宇拍戏,0,该用户可能是在询问主播何时能与某位艺人合作推出联名产品或参与相关宣传活动。
weixue0806,美容护肤,10和8号,1,该用户想询问或确认直播中提到的10号和8号产品信息。
weixue0806,美容护肤,项链是谁家的呢[比心][比心][比心]项链是谁家的呢[比心][比心][比心]项链是谁家的呢[比心][,1,该用户想表达的含义是：询问项链的品牌或出处，并表现出强烈的兴趣和喜爱。
weixue0806,美容护肤,6666666号[捂脸]新粉丝讲下呗,1,该用户可能是新观众，希望主播能重新讲解或详细介绍编号为6666666的商品。
weixue0806,美容护肤,有的大师面膜便宜为啥,0,该用户可能是在质疑直播间推荐的某款“大师面膜”价格偏低的原因，想了解其性价比或质量是否可靠。
weixue0806,美容护肤,有什么功效的,1,该用户是在询问直播中提到的产品具体有哪些功能或效果。
weixue0806,美容护肤,"姐,我买的油漏了",0,该用户想表达的含义是：反馈之前购买的商品出现了质量问题（油漏了），可能希望主播或商家给予售后处理或解释。  （结合前文弹幕中关于产品体验的讨论（如“为啥第二次买的和第一次感觉不一样”）以及购物咨询的语境，用户更倾向于表达实际使用中的问题，而非单纯抱怨。）
weixue0806,美容护肤,越敷越透明的是哪个面膜,1,该用户想询问的是“哪款面膜具有使用后让皮肤显得更加透亮的功效”。  （释义思路：结合前文弹幕中频繁出现的产品功效提问（如美白、祛黄、收缩毛孔等），以及用户对具体产品效果的关注（如价格对比、使用体验差异），可推断目标弹幕的核心动机是寻求一款具有“提亮肤色”或“透明感”效果的面膜，属于明确的购买意向类咨询。）
weixue0806,美容护肤,夏天用哪个油,1,该用户想询问适合夏季使用的护肤油产品推荐。
weixue0806,美容护肤,"雪姐,我喜欢的男生不喜欢我怎么办",0,该用户可能是在以轻松调侃的方式向主播寻求情感建议，试图通过互动拉近距离，而非真正表达购买意向。
weixue0806,美容护肤,姐16号,1,该用户可能是想询问或指定主播讲解16号产品（如色号、款式等）。
weixue0806,美容护肤,全身美白外用用哪些雪姐,1,该用户是在询问主播推荐哪些用于全身美白的外用产品。
weixue0806,美容护肤,长痘痘买哪个油,1,该用户想询问主播针对痘痘肌适合推荐哪款护肤油产品。
weixue0806,美容护肤,"雪宝,香水",1,该用户可能是希望主播“雪宝”介绍或推荐某款香水产品。
weixue0806,美容护肤,只相信你的直播间,0,该用户想表达的含义是：我只信赖这个主播推荐的产品或信息。
weixue0806,美容护肤,嘴里吃啥了,0,该用户可能在询问主播正在展示或推荐的具体食品或护肤品名称。
weixue0806,美容护肤,脸上起干皮咋办姐妹,0,该用户想咨询直播间推荐针对面部干燥脱皮问题的护肤产品或解决方法。
weixue0806,美容护肤,补水效果好吗,1,该用户是在询问当前直播推荐的产品是否具有显著的保湿护肤功效。
weixue0806,美容护肤,说你你卖的是真好,0,该用户是在感叹主播的带货能力很强，商品卖得非常火爆。
weixue0806,美容护肤,假睫毛问了吗[比心],0,该用户可能在询问主播是否已介绍过假睫毛产品的相关信息，并表达对产品的兴趣和好感。
weixue0806,美容护肤,身体美白涂什么,1,该用户是在询问主播推荐用于全身美白的外用产品。  （结合前文语境，直播间讨论的多是护肤、美妆相关问题，且此前已有类似提问如“全身美白外用用哪些”，因此用户是在延续这一话题，希望获得具体产品推荐。）
weixue0806,美容护肤,香水说一下,1,该用户希望主播详细介绍当前展示的香水产品的相关信息（如品牌、香调、价格等）。
weixue0806,美容护肤,睫毛膏是什么?,1,该用户可能是在询问当前直播中提到的睫毛膏的品牌、功效或适用情况，表现出对产品的潜在兴趣。
weixue0806,美容护肤,你每天敷的不一样的面膜啊?,0,该用户可能是在询问主播每天使用的不同面膜种类及其效果，表现出对产品多样性和实用性的兴趣。
weixue0806,美容护肤,卸妆说一下,1,该用户希望主播详细介绍卸妆产品的相关信息，比如使用方法或推荐款式。
weixue0806,美容护肤,链接1孕妇可以吗,1,该用户是在询问产品链接1所对应的商品是否适合孕妇使用。
weixue0806,美容护肤,快十二点了下播吧[看][看][看][看],0,该用户可能是在以调侃或关心的方式提醒主播时间已晚，暗示直播可以结束，而非直接表达购买兴趣。
weixue0806,美容护肤,无条件信任你,0,该用户想表达的含义是：我只信赖你推荐的产品并愿意直接购买。
weixue0806,美容护肤,2号面膜怎么用,1,该用户想询问2号面膜的使用方法，可能是对产品功效感兴趣并考虑购买。
weixue0806,美容护肤,可以去黑眼圈嘛[流泪][流泪][流泪][流泪][流泪][比心],1,该用户想表达的含义是：询问产品是否能有效改善黑眼圈问题并期待推荐。
weixue0806,美容护肤,6可以讲一下吗,1,该用户想询问主播能否详细介绍某个编号为“6”的产品或商品信息。
weixue0806,美容护肤,"之前买了假的,那商家也说是你推荐",0,该用户想表达的含义是：之前在其他商家买到假货，对方也谎称是你推荐的，所以现在对你的推荐更加谨慎。
weixue0806,美容护肤,睫毛膏是什么?姐姐?,1,该用户可能是在询问主播推荐的睫毛膏的具体功效或使用方法，表现出对产品的兴趣和购买意向。
weixue0806,美容护肤,30岁法令纹很深怎么办?,0,该用户可能在询问针对30岁人群改善明显法令纹的护肤产品或方法，表达了对直播间相关解决方案的潜在购买兴趣。
weixue0806,美容护肤,推荐款面霜,1,该用户希望主播详细介绍一款面霜的产品信息或使用体验。
weixue0806,美容护肤,防晒推荐哪个,1,该用户想表达的含义是：希望主播推荐一款适合自己使用的防晒产品。
weixue0806,美容护肤,直播间有没有刚才听到雪姐说美白吃的是啥?,0,该用户想询问主播提到的美白产品具体是什么，表现出对相关产品的兴趣和购买意向。
weixue0806,美容护肤,666666666号,1,该用户可能是想询问或确认直播间提到的“6号”产品的相关信息。
weixue0806,美容护肤,13号香水,1,该用户想表达的含义是：询问关于13号香水的具体信息或购买链接。
weixue0806,美容护肤,收到16片吗,0,该用户是在确认收到的商品数量是否为16片装。
weixue0806,美容护肤,10号精华油是直接涂吗?,1,该用户是在询问10号精华油的使用方法，想确认是否需要额外步骤还是可以直接涂抹。
weixue0806,美容护肤,"泛红,用哪个",1,该用户想询问针对皮肤泛红问题应该选择哪款产品。
weixue0806,美容护肤,干敏可以用吗,1,该用户想询问这款产品是否适合干性敏感肌肤使用。
weixue0806,美容护肤,喜欢你的外套雪姐姐,1,该用户想表达的含义是：对主播的外套款式感兴趣并希望了解购买方式。
weixue0806,美容护肤,睫毛膏是什么牌子的?,1,该用户想询问当前直播中提到的睫毛膏的品牌信息，表现出对产品的具体关注和潜在购买意向。
weixue0806,美容护肤,美白哪个好,1,该用户想询问直播间推荐的美白产品中哪款效果更好。
weixue0806,美容护肤,哪个全平台断货啊?,0,该用户是在询问直播间推荐的某款产品是否在其他平台都已售罄，以此判断商品的紧俏程度和购买必要性。
weixue0806,美容护肤,黑眼圈[捂脸],0,该用户可能是想询问直播中推荐的产品是否能改善黑眼圈问题，同时用表情符号表达了对自身黑眼圈的无奈和困扰。
weixue0806,美容护肤,唇周黑怎么办,0,该用户想询问如何解决唇周暗沉的问题，可能对相关美白或护肤产品有潜在购买兴趣。
weixue0806,美容护肤,我的皮肤特干,0,该用户可能在询问适合干性皮肤的护肤产品推荐或解决方案。
weixue0806,美容护肤,"姐姐,卸妆膏讲一下可以吗",1,该用户希望主播详细讲解卸妆膏的产品信息或使用体验。
weixue0806,美容护肤,我想要胶原蛋白面膜,1,该用户希望通过直播推荐或购买胶原蛋白面膜产品。
weixue0806,美容护肤,祛斑用哪个,1,该用户想询问直播间推荐哪款产品适合祛斑护肤。
weixue0806,美容护肤,6号是什么雪,1,该用户是在询问直播间提到的“6号产品”具体是哪款与“雪”相关的护肤品（可能是雪绒花、雪莲等成分或雪系列产品）。
weixue0806,美容护肤,跟skll面膜价格差不多了,0,该用户可能在对比当前推荐产品的价格与SK-II面膜的价格，暗示两者价位相近从而评估是否值得购买。
weixue0806,美容护肤,内干外油买一种,0,该用户想询问适合“内干外油”肤质的产品推荐。
weixue0806,美容护肤,睫毛膏睫毛膏,1,该用户急切想了解或购买当前提到的睫毛膏产品。
weixue0806,美容护肤,之前的眼膜没有了,1,该用户想表达的含义是：我之前购买的眼膜用完了，想了解直播间是否有同类产品推荐或补货信息。
weixue0806,美容护肤,怎么长头发,0,该用户可能是在询问直播间推荐的产品中哪款有助于促进头发生长或改善脱发问题。
weixue0806,美容护肤,洗面奶还有不,1,该用户是在询问直播间当前是否还有洗面奶这款商品在售。
weixue0806,美容护肤,泛红用哪个,1,该用户想询问直播间推荐哪款产品适合改善面部泛红问题。
weixue0806,美容护肤,"有一个你的小号在卖货,是你的号不",0,该用户是在询问直播间主播是否拥有另一个正在卖货的账号，可能是出于对商品来源的信任或对主播身份的确认需求。
weixue0806,美容护肤,眼油用完要洗吗,1,该用户是在询问眼部卸妆油使用后是否需要额外清洗步骤。
weixue0806,美容护肤,6666666666666号,1,该用户想询问直播中提到的“6号”商品具体是什么产品。
weixue0806,美容护肤,姐妹姐妹,0,该用户可能是在急切呼唤主播或寻求其他观众互动，想咨询某个具体产品问题或确认直播间的优惠信息。
weixue0806,美容护肤,"睫毛,谢谢",0,该用户想表达的含义是：询问或确认关于睫毛产品的推荐或使用方法。
weixue0806,美容护肤,的两款面膜都是用完不用再护肤吗,1,该用户是在询问这两款面膜是否具有“一步到位”的护肤效果，即使用后是否可以省略其他护肤步骤。
weixue0806,美容护肤,有什么眼霜好用,1,该用户可能是在询问直播间推荐的有效眼霜产品，表达了对解决眼部问题的具体需求。
weixue0806,美容护肤,"学姐,2号链接和精华怎么配着用",1,该用户想询问主播如何搭配使用2号链接产品和精华液以达到更好的护肤效果。
weixue0806,美容护肤,"面霜适合什么肤质,哪个年龄用",1,该用户想了解这款面霜适用的肤质类型和推荐使用的年龄段。
weixue0806,美容护肤,熬夜肌肤可以用嘛,1,该用户想询问产品是否适合因熬夜导致的皮肤问题使用。
weixue0806,美容护肤,你直播间还买不买水光肌面膜吗,1,该用户是在询问直播间是否还在售卖水光肌面膜，表现出明确的购买意向。
weixue0806,美容护肤,想要沐浴露,1,该用户可能是在询问是否有推荐的沐浴露产品，并表达了自己的购买意向。
weixue0806,美容护肤,怎么用在说下,0,该用户想询问主播刚才提到的某款产品的具体使用方法。
weixue0806,美容护肤,孕妈妈可以用什么面膜,1,该用户是在询问适合孕妇使用的面膜产品推荐。
weixue0806,美容护肤,项链谁家的[比心],1,该用户想询问这条项链的品牌或商家信息，并表达了对商品的兴趣和好感。
weixue0806,美容护肤,赠送的另一款面膜很好用,0,该用户想表达对直播间赠送的面膜产品的满意和认可，暗示可能对同类或相关产品产生购买兴趣。
weixue0806,美容护肤,起干皮啦,0,该用户想询问产品是否适合解决皮肤干燥起皮的问题。
weixue0806,美容护肤,姐姐熬夜痘可以用什么好呢,1,该用户想询问适合改善因熬夜导致的痘痘问题的护肤产品推荐。
weixue0806,美容护肤,我下单了,0,该用户想表达的含义是：我已经购买了直播间推荐的产品。
weixue0806,美容护肤,"2号美白的18岁娃娃可以用吗,游泳晒黑还没恢复[捂脸]",1,该用户是在询问美白产品（2号链接）是否适合18岁因游泳晒黑后尚未恢复的肌肤使用。
weixue0806,美容护肤,使用几张啊,0,该用户是在询问产品（可能是面膜或护肤品）的使用频率或单次用量。
weixue0806,美容护肤,仿生皮面膜和大师面膜有什么区别?,1,该用户想表达的含义是：想了解仿生皮面膜和大师面膜在功效或使用体验上的具体差异，以便做出购买决策。
weixue0806,美容护肤,腰珠珠有推荐么,1,该用户是在询问主播能否推荐合适的腰链饰品款式。
weixue0806,美容护肤,"这会看着直播,敷着面膜",0,该用户想表达的含义是：我正在边看直播边使用产品，对直播内容很感兴趣且有实际参与感。
weixue0806,美容护肤,没有新品走了晚安,0,该用户因未看到感兴趣的新品而决定离开直播间，并礼貌道别。
weixue0806,美容护肤,洗面奶[比心][比心],1,该用户对洗面奶产品表现出兴趣和喜爱，可能有意向购买或已下单。
weixue0806,美容护肤,"熬夜,蜡黄用那个面膜",1,该用户想询问主播针对熬夜导致的皮肤暗沉问题推荐哪款面膜。
weixue0806,美容护肤,项链谁家的,1,该用户想询问这条项链的品牌或购买渠道。
weixue0806,美容护肤,黑眼圈?,0,该用户可能在询问主播推荐适合改善黑眼圈问题的产品或护肤方法。
weixue0806,美容护肤,面膜怎么用呀,1,该用户想表达的含义是：询问面膜的具体使用方法以评估是否适合自己购买。
weixue0806,美容护肤,精华油混油皮适合用吗,0,该用户是在询问精华油产品是否适合混合偏油性肤质使用，隐含对产品的功效匹配性和适用性的关注。
weixue0806,美容护肤,胶原蛋白面膜是那个?[捂脸],1,该用户想询问直播间正在介绍的胶原蛋白面膜的具体品牌或购买链接。
weixue0806,美容护肤,身体美白上些[比心][比心][比心][比心][比心][比心][比心],1,该用户想表达的含义是：对直播间推荐的身体美白产品很感兴趣并想了解更多信息。
weixue0806,美容护肤,这个衣服好好看,1,该用户被展示的服装款式吸引，产生了明显的购买意向或赞美之情。
weixue0806,美容护肤,水光面霜没有吗,1,该用户是在询问直播间是否售卖或推荐过水光面霜这款产品。
weixue0806,美容护肤,已拍5号洁面,0,该用户想表达自己已经下单购买了直播间推荐的5号洁面产品。
weixue0806,美容护肤,上次说的那个功效型面膜是几号,1,该用户是在询问之前直播中提到的某款具有特定功效的面膜对应的产品编号，以便进一步了解或购买。
weixue0806,美容护肤,水光面膜有用吗[比心][比心][比心][比心][比心][比心][比心][比心][比心][比心],1,该用户想表达的含义是：对水光面膜的功效感兴趣并希望得到使用建议，同时通过大量比心表情传递积极友好的互动态度。
weixue0806,美容护肤,有清洁面膜吗,1,该用户是在询问直播间是否有售卖清洁类面膜产品，表现出对特定功能面膜的购买意向。
weixue0806,美容护肤,有内服的美白产品吗,1,该用户是在询问直播间是否有口服类美白产品，表现出对通过内服方式改善肤色的潜在购买意向。
weixue0806,美容护肤,在说下用法,0,"该用户想询问主播详细讲解当前讨论产品的使用方法或操作步骤。  （结合前文弹幕中频繁出现关于面膜、护肤品使用方式的提问（如""面膜怎么用呀""""使用几张啊""），可推断直播间正在介绍美妆个护类产品，用户因对产品功能感兴趣而需要更具体的指导信息。）"
weixue0806,美容护肤,"雪姐,2号链接面膜和精华怎么配着用",1,该用户想询问主播关于2号链接面膜和精华的具体搭配使用方法，表现出明确的购买意向和使用需求。
weixue0806,美容护肤,姐姐祛痘红印怎么办,0,该用户想表达的含义是：询问主播是否有针对痘印修复的产品推荐或解决方案。
weixue0806,美容护肤,"想打耳骨钉,但是害怕发炎",0,该用户可能是在询问直播间是否有适合耳骨穿刺后护理、能预防发炎的消毒或养护产品。
weixue0806,美容护肤,保湿有吗?,1,该用户是在询问直播间是否有保湿类产品上架或推荐。
weixue0806,美容护肤,姐姐怎么祛痘[流泪][流泪][流泪][流泪][流泪][流泪][流泪][流泪],0,该用户急切想咨询主播关于祛痘产品的推荐或解决方法，并透露出因皮肤问题困扰的焦虑情绪。
weixue0806,美容护肤,有香的洗衣凝珠吗?,1,该用户是在询问直播间是否有售卖带香味的洗衣凝珠产品。
weixue0806,美容护肤,姐姐我想问你个问题初恋该怎么样去对待因为我很在乎他但是我感觉到他在乎我不是我作我有感应,0,该用户可能是在情感倾诉的间隙突然联想到直播内容，试图通过询问恋爱问题来拉近与主播的距离，同时隐含期待主播能像解答护肤问题一样给予情感建议。
weixue0806,美容护肤,身体美白上下[比心][比心][比心][比心][比心][比心][比心][比心][比心],1,该用户强烈希望主播推荐或上架身体美白产品，并通过重复比心表情表达迫切需求和喜爱之情。
weixue0806,美容护肤,姐姐我想要可以拯救我脸爆皮的[得意][泪奔][得意][泪奔][得意][泪奔][得意][泪奔],0,该用户想表达的含义是：急切希望主播推荐能解决脸部严重脱皮问题的护肤产品，并通过重复表情符号强调自己的迫切需求和期待。
weixue0806,美容护肤,颗粒面朝外敷吗,1,该用户是在询问产品（可能是面膜或护肤产品）的使用方法，具体想确认是否应将带有颗粒的一面朝外敷在皮肤上。
weixue0806,美容护肤,没有189元的面膜了吗,1,该用户是在询问直播间是否已售罄189元价位的面膜，表现出明确的购买意向和价格敏感度。
weixue0806,美容护肤,眼影在几号呢,1,该用户想询问主播眼影产品的具体链接编号以便购买。
weixue0806,美容护肤,身体美白上下,1,该用户可能在询问是否有针对全身美白（上半身和下半身）的护肤产品或护理方案。
weixue0806,美容护肤,你认识那个网红李嘉欣吗,0,该用户可能是想询问主播是否认识某位网红，借此了解相关产品或获取推荐。
weixue0806,美容护肤,"宝,可以推养发的吗",1,该用户是在主动询问主播是否推荐护发或防脱发相关的产品，表现出对这类商品的明确购买兴趣。
weixue0806,美容护肤,表示认同,0,该用户可能是在对主播之前介绍的某款产品或护肤建议表示赞同和认可。
weixue0806,美容护肤,推荐下水乳宝贝,1,该用户希望主播推荐一款适合自己使用的水乳护肤产品。
weixue0806,美容护肤,项链谁家的呀请问,1,该用户想询问当前展示的项链是哪个品牌或商家的产品，表现出对商品的兴趣和潜在的购买意向。
weixue0806,美容护肤,项链好看谁家的???????,1,该用户想表达的含义是：询问这条项链的品牌信息并表现出强烈的购买意向。
weixue0806,美容护肤,面很油怎么办?,0,该用户可能是在询问主播针对面部出油问题是否有推荐的产品或解决方法。
weixue0806,美容护肤,听你吹牛,0,该用户是在质疑主播的推荐或宣传内容可信度，带有不耐烦或讽刺的意味。
weixue0806,美容护肤,一号链接功效是?,1,该用户是在询问产品页面中“一号链接”所展示商品的具体功能或效果，表现出对商品的潜在购买兴趣和进一步了解的需求。
weixue0806,美容护肤,姐姐痘痘红印怎么弄[流泪],0,该用户想表达的含义是：询问主播如何解决面部痘痘留下的红色痘印问题，并透露出对此问题的焦虑和迫切需求。
weixue0806,美容护肤,1和2已拍,0,该用户想表达的含义是：已经下单购买了商品1和商品2。
weixue0806,美容护肤,白月光的面膜敷完要洗吗,1,该用户想询问这款面膜使用后是否需要清洗，以确认具体使用步骤，表现出对产品实际使用方法的关注和潜在的购买意向。
weixue0806,美容护肤,霜霜买哪个,1,该用户是在询问主播“霜霜”推荐购买哪款产品，表现出对主播推荐的信任和明确的购买意向。
weixue0806,美容护肤,姐姐晚上好[比心],0,该用户想表达的含义是：礼貌问候主播并表达友好互动意愿，但未直接表现出明确的购买意向。
weixue0806,美容护肤,黑眼圈用傻,0,该用户想表达的含义是：黑眼圈问题该用什么产品解决。  （结合前文语境，直播间在讨论护肤美妆问题，用户用口语化缩写“傻”替代“啥”，询问针对黑眼圈的产品推荐。）
weixue0806,美容护肤,最近我看那个溶纹扎很火也,0,该用户可能是在询问直播间是否有近期流行的“溶纹扎”产品，并暗示自己对该商品感兴趣。
weixue0806,美容护肤,今天我也刷到好多直播间卖白瓷娃娃,0,该用户可能想表达对白瓷娃娃产品的关注，暗示自己近期频繁看到同类商品，对其产生了兴趣或好奇。
weixue0806,美容护肤,眼油眼油眼油,1,该用户急切地询问主播关于眼部精华油产品的信息，可能是想了解产品功效或购买链接。
weixue0806,美容护肤,日本的吗,0,该用户可能在询问当前展示的商品是否产自日本，以此判断产品的产地和品质。
weixue0806,美容护肤,有祛痘印的么,1,该用户是在询问直播间是否有针对祛除痘印的产品推荐。
weixue0806,美容护肤,"大干皮,推荐一下油",1,该用户想表达的含义是：自己是干性皮肤，希望主播推荐适合干皮使用的护肤油产品。
weixue0806,美容护肤,用了油还要用油霜吗,0,该用户可能在询问护肤步骤中是否需要叠加使用油类产品和含油面霜，想确认两者功能是否重复或需要配合使用。
weixue0806,美容护肤,超级大干皮用啥,1,该用户是在询问适合极度干燥皮肤的护肤产品推荐。
weixue0806,美容护肤,推荐的身体乳好好用,1,该用户对主播推荐的身体乳产品表示认可和满意，暗示自己可能已经购买并使用过。
weixue0806,美容护肤,但你自己没用过对吧?,0,该用户质疑主播推荐的产品缺乏亲身使用体验，可能是在暗示对产品效果或可信度的不信任。
weixue0806,美容护肤,现在说的几号链接,1,该用户想询问主播正在介绍的商品对应的是哪个购物链接编号。
weixue0806,美容护肤,说下如何使用,1,该用户想了解当前讨论的产品具体的使用步骤或方法。
weixue0806,美容护肤,胶原面膜不上啦,1,该用户想表达的含义是：询问胶原面膜是否已经售罄或不再补货。
weixue0806,美容护肤,上次我的十片怎么没送一,0,该用户可能是在质疑之前购买产品时未收到承诺的赠品，表达对促销活动未兑现的不满。
weixue0806,美容护肤,姐姐晚上好,0,该用户是在礼貌问候主播并试图引起注意，可能是为了后续咨询产品或参与互动。
weixue0806,美容护肤,姐姐口红,1,该用户可能是想询问主播推荐或介绍口红色号或产品。
weixue0806,美容护肤,1号、2号能天天用吗,1,该用户是在询问1号和2号产品是否适合日常频繁使用。
weixue0806,美容护肤,去斑用什么,1,该用户想询问直播间推荐的产品中哪款适合祛斑。
weixue0806,美容护肤,"脸泛红,用哪个",1,该用户想询问主播针对面部泛红问题推荐哪款产品。
weixue0806,美容护肤,黑眼圈呢,0,该用户可能是在询问主播推荐的产品是否能有效改善黑眼圈问题。
weixue0806,美容护肤,小气泡核桃洁面,0,该用户可能在询问或表达对“小气泡核桃洁面”这款产品的兴趣，想了解它的功效或购买方式。
weixue0806,美容护肤,清洁面膜,1,该用户可能在询问直播间是否有清洁面膜产品，或是想了解关于清洁面膜的使用推荐和效果。
weixue0806,美容护肤,"我在用6号链接,一号链接可以用吗",1,该用户想确认当前使用的6号链接产品是否能与1号链接产品同时搭配使用。
weixue0806,美容护肤,内服有没有副作用,1,该用户是在询问直播中提到的内服产品是否存在安全隐患或不良反应。
weixue0806,美容护肤,皮肤干燥,0,该用户可能在询问适合皮肤干燥状况的护肤产品或解决方案。
weixue0806,美容护肤,内服卖一下,1,该用户想表达的含义是：询问主播是否会上架内服产品并推荐购买。
weixue0806,美容护肤,内服啥,0,该用户想询问直播中提到的内服产品具体是什么。
weixue0806,美容护肤,那种内服,0,该用户想询问主播刚才提到的内服产品具体是哪一款。
weixue0806,美容护肤,水光面霜有用吗[比心][比心][比心][比心][比心][比心][比心][比心][比心][比心][比心][比心][比心][比心][比心][比心][比心][比心],1,该用户想表达的含义是：对水光面霜的效果感到好奇并希望获得使用反馈，同时通过大量爱心表情传递积极友好的互动态度。
weixue0806,美容护肤,有防晒没,1,该用户是在询问直播间是否有防晒产品出售。
weixue0806,美容护肤,内服有什么,1,该用户想询问直播间正在介绍的内服产品具体是什么品类或功效。
weixue0806,美容护肤,胶原蛋白灌注面膜有货吗,1,该用户是在询问某款面膜的库存情况，暗示有购买意向。
weixue0806,美容护肤,有素颜霜嘛,1,该用户是在询问直播间是否售卖素颜霜产品，并可能对其功效或使用方法感兴趣。
weixue0806,美容护肤,吃什么白的,0,该用户可能是在询问直播间推荐的美白产品或内服美白补剂。
weixue0806,美容护肤,想要防晒霜啊?,1,"该用户是在询问直播间是否有防晒霜产品并表达潜在的购买意向。  （释义依据：结合前文多次出现具体产品询问（如""有防晒没""""有素颜霜嘛""）及功效类提问（如""去斑用什么""），该弹幕符合直播间观众主动寻求产品推荐的典型互动模式，且语气词""啊""和问号暗示试探性需求而非单纯信息确认。）"
weixue0806,美容护肤,主要吃啥,0,该用户是在询问直播间推荐的内服美容产品具体有哪些功效或成分适合自己。
weixue0806,美容护肤,吃什么?,0,该用户是在询问直播间推荐的内服美容产品或美白食品。
weixue0806,美容护肤,油还上吗,1,该用户是在询问直播间是否还会上架护肤精油类产品。
weixue0806,美容护肤,白月夜的面膜敷完要洗吗,1,该用户想询问白月夜面膜的使用方法，以确认是否需要清洗，从而评估产品的使用便捷性和自身购买意向。
weixue0806,美容护肤,上次说的功效型面膜是哪个,1,该用户想询问之前直播中提到的具有特定护肤功效的面膜产品名称或购买链接。
weixue0806,美容护肤,内服美白吃什么,0,该用户想询问直播间推荐的口服美白产品具体有哪些选择。
weixue0806,美容护肤,有卖吗?,1,该用户是在询问直播间当前讨论的产品（可能是内服美容产品或面膜类）是否有售卖渠道或购买链接。
weixue0806,美容护肤,痘印怎么处理痘印怎么处理痘印怎么处理痘印怎么处理痘印怎么处理痘印怎么处理,0,该用户急切想了解如何处理痘印问题，可能是对直播间提到的护肤产品产生了兴趣或希望主播推荐相关解决方案。
weixue0806,美容护肤,我正在上这个面膜,0,该用户想表达的含义是：我正在使用这款面膜（并可能想询问使用效果或是否需要搭配其他产品）。  （结合前文语境，直播间讨论集中在护肤产品功效、使用方法和购买需求，用户提及“正在用”更可能是分享体验或寻求进一步建议。）
weixue0806,美容护肤,内服的什么,1,"该用户想询问直播中提到的内服产品具体是什么类型或功效。  （结合前文可见，""内服""是当前讨论焦点，用户可能希望明确产品信息，如美白、补水等具体功能。）"
weixue0806,美容护肤,主播爱你[赞][赞][赞],0,该用户想表达的含义是：对主播的喜爱和支持，但并未直接表现出对当前产品的购买兴趣。
weixue0806,美容护肤,孕妈妈用啥面膜,1,该用户是在询问适合孕妇使用的面膜产品推荐，表现出明确的购买意向和需求。
weixue0806,美容护肤,上眼皮怎么绷,0,该用户可能是在询问如何解决上眼皮松弛或紧绷感的问题，暗示对相关眼部护理产品或方法的兴趣。
weixue0806,美容护肤,可以推荐吗,1,该用户可能是在询问主播能否根据当前讨论的美容护肤产品（如面膜、防晒、内服美白等）为其推荐适合的商品或解决方案。
weixue0806,美容护肤,内服啥?,1,该用户想询问直播间推荐的内服美容或美白产品具体是什么。
weixue0806,美容护肤,2号有多少片面膜,1,该用户是在询问2号产品（可能是面膜套装或系列中的某一款）的具体规格或数量，以评估是否值得购买。
weixue0806,美容护肤,项链好看谁家的[赞][赞][赞][赞][赞],1,该用户被展示的项链吸引，询问品牌信息并表达强烈的喜爱和购买意向。
weixue0806,美容护肤,平时吃什么保养,0,该用户想询问主播推荐的日常保养饮食或保健品。
weixue0806,美容护肤,2和6哪个美白淡斑效果好啊,1,该用户想询问产品编号2和6的美白淡斑功效对比，以辅助购买决策。
weixue0806,美容护肤,内服什么时候上,1,该用户想询问直播间即将推出的内服产品具体何时开始售卖。
weixue0806,美容护肤,"我正在用,哪一边贴脸上哦",0,"该用户想表达的含义是：询问当前使用的产品具体哪一面应该贴在脸上，希望得到正确使用方法指导。  （分析依据：结合前文弹幕中频繁出现的面膜使用疑问（如""白月夜的面膜敷完要洗吗""）和用户明确提及""正在用""，可推断用户处于产品实际使用场景，因操作困惑而寻求即时解答。）"
weixue0806,美容护肤,身体乳好好看,1,该用户想表达的含义是：对展示的身体乳外观设计感到喜爱并可能产生购买意向。
weixue0806,美容护肤,教一下内服,0,该用户想询问主播关于内服产品的具体使用方法或推荐。
weixue0806,美容护肤,第5个还有不,1,该用户可能在询问直播间正在介绍的第5个商品是否还有库存或是否仍在售。
weixue0806,美容护肤,奥伦纳素的面膜还有吗?,1,该用户是在询问直播间是否还有奥伦纳素面膜的库存，表现出明确的购买意向。
weixue0806,美容护肤,6号面膜就是美白面膜吗?,1,该用户是在确认6号面膜的具体功效是否为美白，可能对这款产品有购买意向或想与其他美白产品对比。
weixue0806,美容护肤,"刚来,一号面膜是?",1,该用户想询问当前展示的一号面膜的具体信息或功能。
weixue0806,美容护肤,美白内服什么?谢谢,0,该用户是在询问直播间推荐的美白内服产品具体是什么，并表达感谢。
weixue0806,美容护肤,"雪雪,哪个可以美白祛斑,刚来",1,该用户刚进入直播间，想询问主播推荐具有美白祛斑功效的产品。
weixue0806,美容护肤,内服推荐,1,该用户是在询问主播能否推荐适合内服的美容或保健产品。
weixue0806,美容护肤,内服吃的啥,0,该用户是在询问主播推荐的口服美容或保健产品具体是什么。
weixue0806,美容护肤,"内服吃的啥,有链接吗",1,该用户是在询问直播间推荐的内服产品是否有购买链接，表现出对产品的具体购买意向。
weixue0806,美容护肤,一号链接赠送的另一款面膜很好用,0,该用户想表达的含义是：对一号链接附赠的面膜效果感到满意，间接表现出对产品的认可和购买兴趣。
weixue0806,美容护肤,回头霜效果好吗,1,该用户是在询问某款名为“回头霜”的护肤产品的实际使用效果如何，可能对其功效产生兴趣并考虑购买。
weixue0806,美容护肤,身体美白内服上下[比心][比心][比心][比心][比心],1,该用户想表达的含义是：对主播推荐的内服美白产品非常感兴趣并表现出强烈的购买意愿。
weixue0806,美容护肤,内服什么[比心][比心][比心][比心][比心][比心][比心],0,"该用户想表达的含义是：询问直播间推荐的内服产品具体是什么并表现出强烈兴趣。  （结合前文高频出现的""内服""相关提问和[比心]表情的积极情绪，可推断用户是在跟进此前讨论的美容内服话题，且态度热情）"
weixue0806,美容护肤,长痘痘红印,0,该用户可能在询问直播间推荐的产品中是否有能改善痘痘后留下的红色痘印的护肤品或方法。
weixue0806,美容护肤,内服有吗?,1,该用户是在询问直播间是否有销售口服类的美容或保健产品。
weixue0806,美容护肤,内服有推荐吗?,1,该用户想询问主播是否有推荐的内服美容产品。
weixue0806,美容护肤,脸泛红用哪个,1,"该用户想询问直播间推荐哪款产品适合改善面部泛红问题。  （解析：结合前文弹幕中频繁出现的护肤产品咨询（如面膜、美白、祛斑等）以及具体症状描述（如""长痘痘红印""），可推断用户是在直播间的产品推荐语境下，针对自身""脸泛红""的皮肤问题寻求解决方案，意图明确指向购买建议。）"
weixue0806,美容护肤,内服美白用的啥,1,该用户想询问主播推荐哪些内服的美白产品。
weixue0806,美容护肤,身体美白内服上下,1,该用户想表达的含义是：询问主播是否有同时针对身体美白和内部调理的口服产品推荐。
weixue0806,美容护肤,请问美白内服什么?谢谢,1,该用户是在询问直播间推荐的美白内服产品具体是什么。
weixue0806,美容护肤,怎么减肥最有效果,0,该用户可能在询问直播间是否有推荐的有效减肥产品或方法，隐含对相关商品的购买兴趣。
weixue0806,美容护肤,姐姐吃什么美白,1,"该用户想询问主播推荐的美白产品（尤其是内服类），并隐含对主播个人使用经验的信任和参考意愿。  （解析：结合前文高频出现的""美白""""内服""关键词及主播被称呼""姐姐""的亲近语境，可判断用户核心诉求是获取可信的美白产品推荐，且更关注口服类解决方案而非外用品。）"
weixue0806,美容护肤,有没有祛痘的推荐[流泪],1,该用户想表达的含义是：希望主播推荐能有效改善痘痘问题的产品。
weixue0806,美容护肤,吃什么美白,1,该用户想表达的含义是：询问主播推荐能够帮助美白的内服产品或饮食建议。
weixue0806,美容护肤,"见面感觉很在乎,不见面的时候不发信息,为什么",0,该用户可能是在抱怨产品效果不稳定或对售后互动体验不满，暗示购买后实际使用感受与宣传存在落差。  （解析：结合前20条弹幕聚焦美白、祛痘等功效咨询的购物导向语境，该弹幕虽用情感关系比喻，但实质指向产品持续效果或服务响应问题，属于隐蔽的负面反馈而非单纯情感倾诉。）
weixue0806,美容护肤,"2号,6号什么区别",1,该用户想询问直播间推荐的2号和6号产品在功效或特点上的具体差异，以便做出购买决策。
weixue0806,美容护肤,有眼线笔吗,1,该用户是在询问直播间是否有眼线笔产品可供购买。
weixue0806,美容护肤,上内服,1,该用户想表达的含义是：询问直播间是否有关于内服美白或保养产品的推荐或购买链接。
weixue0806,美容护肤,身体乳很好用,1,该用户想表达的含义是：对主播推荐的身体乳产品表示认可和满意。
weixue0806,美容护肤,内服上车,1,该用户想表达的含义是：询问是否有内服美白产品并希望主播推荐或上架购买链接。
weixue0806,美容护肤,2号韩束是几盒?,1,该用户想询问韩束2号产品的具体包装规格（包含多少盒）。
weixue0806,美容护肤,项链好看谁家的[比心][比心][比心][比心],1,该用户想表达的含义是：询问这条项链的品牌信息并表示强烈的喜爱和购买意向。
weixue0806,美容护肤,内服美白哪个?,1,该用户想询问直播间推荐哪种内服美白产品。
weixue0806,美容护肤,超喜欢你的,0,该用户可能是在表达对主播或推荐产品的强烈好感，暗示有潜在购买意愿。
weixue0806,美容护肤,一盒几片呢,1,该用户想询问产品包装规格以评估是否值得购买。
weixue0806,美容护肤,be的油下次直播会有吗?,1,"该用户是在询问某款名为""be""的护肤油产品是否会在下次直播中继续售卖，表现出明确的购买意向和囤货需求。"
weixue0806,美容护肤,美白内服吃什么,1,该用户是在询问能够通过口服方式达到美白效果的产品推荐。
weixue0806,美容护肤,内服吃的什么,1,该用户想询问主播推荐的内服美白产品具体是什么。
weixue0806,美容护肤,内服啥美白的,0,该用户想询问直播中推荐的口服美白产品具体是什么。
weixue0806,美容护肤,内服什么时候上?,1,该用户是在询问直播间何时会上架口服类美白产品。
weixue0806,美容护肤,内服的美白,0,该用户是在询问直播间是否有可以口服的美白产品推荐。
weixue0806,美容护肤,do痘痘怎么治,0,该用户想询问直播间是否有推荐治疗痘痘的产品或方法。  （结合前文语境，直播间讨论主题集中在美白、祛痘、内服保养品等护肤需求，且此前已有类似“有没有祛痘的推荐”的弹幕，因此用户提问动机明确，属于对商品功能的直接咨询。）
weixue0806,美容护肤,最近那个特别火的扎扎到底是不是智商税姐,0,该用户可能是在质疑近期热销的“扎扎”产品是否真的有效，还是营销噱头。
weixue0806,美容护肤,要洗啊,0,该用户想表达的含义是：询问直播中提到的美白内服产品是否需要清洗或如何服用。
weixue0806,美容护肤,大师面膜啥功效,1,该用户想询问主播推荐的面膜具体有哪些护肤效果，以便判断是否符合自己的需求。
weixue0806,美容护肤,多少天出现,0,该用户可能在询问美白内服产品的见效周期或使用多少天后能看到效果。
weixue0806,美容护肤,面膜用完还护肤吗,0,该用户可能是想询问面膜使用后是否还需要进行其他护肤步骤，或者关心面膜的后续护肤效果是否持久。
weixue0806,美容护肤,项链谁家的[赞][赞][赞],1,该用户想表达的含义是：询问这条项链的品牌并表达强烈的喜爱之情。
weixue0806,美容护肤,1、2都买了,0,该用户想表达自己已经购买了直播中提到的1号和2号商品，展现出对产品的积极消费行为和支持态度。
weixue0806,美容护肤,"你的小号是哪个,怎么搜不到",0,该用户可能在询问主播是否有其他社交账号或销售渠道，因搜索不到而表达困惑或寻求进一步联系的方式。
weixue0806,美容护肤,我上次拍了只收到两盒,0,该用户想表达的含义是：之前购买的产品实际收到的数量与预期不符，可能存在发货疏漏或对产品规格理解有误。
weixue0806,美容护肤,敷完要洗吗,1,该用户想询问产品使用后是否需要清洗的步骤，表现出对产品具体使用方法的关注和潜在的购买顾虑。
weixue0806,美容护肤,内服美白的什么,0,该用户想询问直播间推荐的内服美白产品具体是什么。
weixue0806,美容护肤,项链谁家的[比心][比心][比心][比心],1,该用户想表达的含义是：询问这条项链的品牌或商家信息，并表现出强烈的兴趣和喜爱。
weixue0806,美容护肤,美白面膜可以天天敷吗,1,该用户想表达的含义是：对美白面膜的使用频率存在疑问，希望了解产品是否适合每日使用以提升购买决策。
weixue0806,美容护肤,"这款眼油我买了,每次用都糊眼睛怎么办[捂脸]",0,该用户想表达的含义是：虽然购买了这款眼油，但使用体验不佳，希望得到解决方案或建议。
weixue0806,美容护肤,能去掉斑马,1,该用户可能是在询问产品能否去除皮肤上的斑纹或色斑问题。
weixue0806,美容护肤,有紧致的面膜吗,1,该用户想询问直播间是否有具备紧致肌肤功效的面膜产品。
weixue0806,美容护肤,哈喽猫的面膜有吗,1,该用户是在询问直播间是否有售卖“哈喽猫”品牌的面膜产品。
weixue0806,美容护肤,雪你的小号怎么搜不到,0,该用户可能在询问主播的另一个社交账号名称或搜索方式，暗示对主播的其他内容或商品感兴趣。
weixue0806,美容护肤,woc,0,该用户可能是在看到某款产品效果或价格时感到惊讶，表达一种强烈的感叹情绪。
weixue0806,美容护肤,未成年能用吗,1,该用户是在询问产品是否适合未成年人使用，可能出于给孩子购买或自身年龄较小的考虑。
weixue0806,美容护肤,面膜用完还需要用油和霜吗,1,该用户想表达的含义是：询问使用面膜后的完整护肤步骤是否需要叠加精华油和面霜。
weixue0806,美容护肤,有眼霜没有,1,该用户是在询问直播间是否有眼霜产品在售。
weixue0806,美容护肤,有皱纹用哪个,1,该用户想询问针对皱纹问题的推荐产品。
weixue0806,美容护肤,这用完要洗脸吗,1,该用户是在询问产品使用后是否需要清洁步骤，表现出对使用方法的关注和潜在的购买顾虑。
weixue0806,美容护肤,这个面膜和刚刚的面膜要交叉着用吗?,1,该用户是在询问两款面膜是否需要交替使用以达到更好的护肤效果。
weixue0806,美容护肤,衣服有没有,1,该用户是在询问直播中展示的服装是否有库存或是否在售。
weixue0806,美容护肤,美白内服啥,1,该用户可能在询问直播间推荐的内服美白产品具体是什么或是否有相关产品介绍。
weixue0806,美容护肤,1号和2号推哪个啊,1,该用户是在询问主播对两款推荐产品的对比建议，希望得到购买决策的参考意见。
weixue0806,美容护肤,都来卖美白祛斑了,1,该用户可能在吐槽直播间频繁推销美白祛斑产品，暗示对这类商品的推广感到厌倦或不耐烦。
weixue0806,美容护肤,"你上的眼油我买了,每次用都糊眼睛怎么办",0,"该用户想表达的含义是：对已购买的眼油使用体验不佳（糊眼睛）感到困扰，希望主播能提供解决方法或建议。  （分析依据：结合前文弹幕高频出现的产品使用疑问（如""要洗吗""""能用吗""""推哪个""）及同类问题复现（另一用户也提到眼油糊眼睛），可推断用户动机是寻求解决方案而非单纯抱怨，且语境中消费者普遍关注产品具体使用效果。）"
weixue0806,美容护肤,敷完要洗掉吗,1,该用户是在询问产品使用后是否需要清洗，表现出对使用步骤的明确关注和潜在的购买顾虑。
weixue0806,美容护肤,"姐啊,最近特别火的扎扎到底是不是智商税",0,该用户是在询问主播近期热推的某款产品（“扎扎”）的实际效果是否值得购买，担心存在营销炒作成分。
weixue0806,美容护肤,内服的,0,该用户想询问是否有内服的美白产品或相关推荐。
weixue0806,美容护肤,面貌用完还需要用油和霜吗,1,该用户是在询问使用面膜后是否还需要叠加护肤油和面霜的步骤。
weixue0806,美容护肤,"1号跟2号链接都买了,要怎么用",1,该用户想确认自己购买的两款产品（1号和2号链接）的使用方法或搭配方式。
weixue0806,美容护肤,"眼油我买了,每次用都糊眼睛怎么办",1,该用户想表达的含义是：虽然已经购买了这款眼部产品，但使用体验不佳（糊眼睛），希望得到解决方案或建议。
weixue0806,美容护肤,脸泛红用哪个?,1,该用户想询问针对脸部泛红症状应该选择哪款产品。
weixue0806,美容护肤,能美白吗?,1,该用户是在询问产品是否具有美白功效。
weixue0806,美容护肤,补水效果那个最好用,1,该用户是在询问哪款产品的补水功效最为突出。
weixue0806,美容护肤,未成年可以用吗,1,该用户是在询问产品是否适合未成年人使用，可能出于对适用年龄或安全性的顾虑。
weixue0806,美容护肤,水光沁面膜没有了吗?,1,该用户是在询问直播间是否已经售罄或下架了“水光沁面膜”这款产品。
weixue0806,美容护肤,关注了拍啦,0,该用户想表达的含义是：已经关注主播并准备下单购买商品。
weixue0806,美容护肤,上福利吧,0,该用户是在催促主播尽快发放优惠福利或促销活动，表现出对商品的购买兴趣和期待。
weixue0806,美容护肤,能美白吗,1,该用户是在询问直播中推荐的产品是否具有美白功效。
weixue0806,美容护肤,皮肤暗黄拍哪个?,1,该用户想询问针对皮肤暗黄问题应该选择哪款产品。
weixue0806,美容护肤,项链谁家的[赞][赞][赞][赞],1,该用户想表达的含义是：询问这条项链的品牌出处并表示强烈的兴趣和赞赏。
weixue0806,美容护肤,敷完要洗吗?,0,该用户想询问使用产品后是否需要清洗面部。
weixue0806,美容护肤,上了美白淡斑的蛋太多了[捂脸][看],1,该用户想表达的含义是：美白淡斑产品的推荐太多了，让人有点眼花缭乱不知道如何选择。
weixue0806,美容护肤,美白啥,0,该用户想询问直播中提到的美白产品具体是指哪一款或有什么功效。
weixue0806,美容护肤,眼皮怎么绷,0,该用户可能在询问主播推荐的眼部产品使用时是否会导致眼皮紧绷不适。
weixue0806,美容护肤,每天都要敷吗?,1,该用户是在询问产品的使用频率，担心是否需要过于频繁地使用该护肤产品。
weixue0806,美容护肤,二号链接赠送的另一款面膜很好用,0,该用户想表达的含义是：对二号链接赠品面膜的使用效果表示满意和认可。
weixue0806,美容护肤,可以去眼角周围的斑嘛,1,该用户是在询问直播推荐的产品是否能有效淡化眼周色斑。
weixue0806,美容护肤,美白面膜要天天敷吗,1,该用户想表达的含义是：询问美白面膜的使用频率是否适合每天敷。
weixue0806,美容护肤,第一次买你家的东西哦,0,该用户想表达的含义是：作为新顾客尝试购买产品，带有初次体验的期待和信任感。
weixue0806,美容护肤,怎么用呀?,1,该用户想询问产品的具体使用方法或操作步骤。
weixue0806,美容护肤,222222号是什么,1,该用户是想询问商品编号为“222222”的具体产品信息或功能。
weixue0806,美容护肤,姐你动鼻子了吗?,0,该用户可能在询问主播是否进行了鼻部整形，以此侧面了解主播推荐的美容产品或护肤方法的真实效果。
weixue0806,美容护肤,睫毛是种的嘛,0,该用户可能在询问主播的睫毛是否为人工种植的，以此评估产品或妆容的真实效果和品质。
weixue0806,美容护肤,10号上一波,1,该用户是在催促主播尽快上架或展示10号商品链接的福利活动。
weixue0806,美容护肤,哺乳期妈妈可以用吗,1,该用户是在询问产品是否适合哺乳期女性使用，以确认安全性。
weixue0806,美容护肤,"好喜欢你说话啊,那么温柔",0,该用户被主播的亲和力打动，表达了对主播个人风格的欣赏而非直接的购买意向。
weixue0806,美容护肤,每次用眼油都糊眼睛怎么办,0,该用户可能在咨询眼油使用后出现糊眼问题的解决方法，暗示对产品功效存在疑虑但仍保留购买兴趣。
weixue0806,美容护肤,十八岁能用吗,1,该用户是在询问产品是否适合青少年年龄段使用。
weixue0806,美容护肤,嘴涂的什么,0,该用户想询问主播正在使用的口红色号或唇部产品。
weixue0806,美容护肤,内服美白,1,该用户可能在询问产品是否有通过口服方式实现美白效果的功能或相关推荐。
weixue0806,美容护肤,抗衰有吗,1,该用户想询问直播间是否有抗衰老功效的产品。
weixue0806,美容护肤,内服什么呀,1,该用户是在询问刚才提到的内服美白产品具体是什么。
weixue0806,美容护肤,身体美白内服上下[比心],1,该用户想表达的含义是：询问是否有可以全身美白的内服产品，并表达对主播的喜爱和支持。
weixue0806,美容护肤,我想要防晒,1,该用户可能在询问直播间是否有防晒产品，并表达了对购买防晒用品的潜在兴趣。
weixue0806,美容护肤,"姐,上脸油",1,该用户是在询问主播是否会上架面部护肤油产品。
weixue0806,美容护肤,我拍了5号链接,0,该用户想表达的含义是：我已经下单购买了5号链接的产品。
weixue0806,美容护肤,韩叔和大师这两个面膜哪个好用?,1,该用户是在询问两款面膜产品的使用效果对比，希望得到推荐建议以便做出购买决策。
weixue0806,美容护肤,抗皱哪个好,1,该用户想咨询直播间推荐哪款抗皱产品效果最好。
weixue0806,美容护肤,面膜用完还要用油和霜吗,0,该用户想表达的含义是：询问使用面膜后是否需要叠加其他护肤品以达到更好的护肤效果。
weixue0806,美容护肤,抽脂安不安全,0,该用户可能是在询问抽脂手术的安全性，表现出对医美项目的潜在兴趣或顾虑。
weixue0806,美容护肤,直播间有没有人刚才听到雪姐说美白吃的是啥?,0,该用户想询问主播提到的美白内服产品具体是什么。
weixue0806,美容护肤,回头霜?,1,该用户可能在询问主播之前提到的某款面霜是否会再次上架或补货。
weixue0806,美容护肤,已拍美白自由,0,该用户想表达的含义是：我已经下单购买了美白产品。
weixue0806,美容护肤,敏肌能用吗?,1,该用户是在询问产品是否适合敏感肌肤使用，表现出对产品适用性的关注和潜在的购买意向。
weixue0806,美容护肤,想要祛痘的,1,该用户是在询问直播间是否有适合祛痘的产品或相关推荐。
weixue0806,美容护肤,没有什么添加剂什么吧,0,该用户是在询问产品是否含有添加剂，表现出对成分安全性的关注和潜在的购买顾虑。
weixue0806,美容护肤,小脸面膜有课,1,该用户想询问主播是否有关于“小脸面膜”的购买课程或使用教程。
weixue0806,美容护肤,补水面膜哪款最好,1,该用户是在询问直播间推荐的补水面膜中效果最佳的产品选项。
weixue0806,美容护肤,身体美白内服上下[比心][比心][比心][比心],1,"该用户想表达的含义是：对直播间推荐的内服身体美白产品非常感兴趣并有意购买，通过表情符号强化了积极态度。  （解析：结合前文多次出现""内服美白""相关提问及购买行为，该弹幕在重复产品关键词时加入多个[比心]，属于典型的需求确认+情感强化的购买意向表达）"
weixue0806,美容护肤,已买防晒,0,该用户想表达自己已经下单购买了直播间推荐的防晒产品。
weixue0806,美容护肤,睫毛有吗,1,该用户是在询问直播间是否有睫毛相关的产品（如睫毛膏、睫毛增长液等）在售或推荐。
weixue0806,美容护肤,4号是防晒吗,1,该用户是在询问4号产品是否为防晒类商品，表现出对防晒产品的明确关注和潜在购买意向。
weixue0806,美容护肤,想要保湿面膜,1,该用户表达了对直播间推荐的保湿面膜产品有明确的购买意向。
weixue0806,美容护肤,面膜要洗掉吗,0,该用户是在询问面膜使用后是否需要清洗，以确认正确的护肤步骤。
weixue0806,美容护肤,是发多少,0,该用户可能在询问主播提到的赠品或优惠活动的具体发放数量。
weixue0806,美容护肤,敷完洗吗,0,该用户想询问面膜使用后是否需要清洗。
weixue0806,美容护肤,手上这款怎么用,0,该用户是在询问主播展示的产品具体使用方法，表现出对产品的兴趣和潜在的购买意向。
weixue0806,美容护肤,"美白吃什么,亲亲主播",0,该用户是在询问主播关于通过饮食方式实现美白效果的具体建议，并表现出对主播的亲近和信任。
weixue0806,美容护肤,上内服美白的,1,该用户想询问直播间是否有内服美白产品推荐或介绍。
weixue0806,美容护肤,有没有瘦的产品,1,该用户可能在询问直播间是否有针对减肥或瘦身效果的产品。
weixue0806,美容护肤,"姐姐,10号精油4月6号会上吗",1,该用户是在询问主播10号精油是否会在4月6日上架销售。
weixue0806,美容护肤,看不见吗?项链谁家的,1,该用户可能在询问当前展示的项链品牌或购买渠道，表达了对该项链的兴趣和购买意向。
weixue0806,美容护肤,"雪你的小号怎么搜,搜出来的都是你这个号",0,该用户可能在询问如何找到主播的其他账号，因为搜索时只能显示当前直播的主号。
weixue0806,美容护肤,刚刚拍了,0,该用户想表达的含义是：我已经下单购买了刚才提到的产品。
weixue0806,美容护肤,能不能说一下怎么用,1,该用户是在询问主播当前展示产品的具体使用方法，可能是对产品功能感兴趣或考虑购买前需要了解操作细节。
weixue0806,美容护肤,5号链接,1,该用户可能在询问或确认5号链接对应的具体商品信息或购买方式。
weixue0806,美容护肤,精华能试用吗,1,该用户是在询问产品是否支持试用体验，以确认使用效果后再决定购买。
weixue0806,美容护肤,有内服美白吗,1,该用户是在询问直播间是否有口服美白产品出售。
weixue0806,美容护肤,链接显示5片没关系吗?,1,该用户可能在确认商品详情页显示的5片装规格是否准确或是否符合预期。
weixue0806,美容护肤,一号里面有什么?,1,该用户想询问一号产品包含的具体内容或成分。
weixue0806,美容护肤,主播用的啥口红,1,该用户想询问主播当前使用的口红品牌或色号以便购买同款。
weixue0806,美容护肤,韩束敷完要洗吗,1,该用户想询问使用韩束产品后是否需要清洗。
weixue0806,美容护肤,用完要洗脸吗,1,该用户是在询问产品使用后是否需要清洁面部。
weixue0806,美容护肤,你推荐就买,0,该用户想表达的含义是：我相信主播的推荐，愿意直接下单购买。
weixue0806,美容护肤,嘴涂的什么嘴涂的什么嘴涂的什么嘴涂的什么,0,该用户急切想知道主播使用的口红品牌或色号。
weixue0806,美容护肤,可以每天使用面膜吗,1,该用户可能是在询问面膜的使用频率是否适合日常护肤，担心过度使用对皮肤造成负担，同时表现出对产品功效和适用性的关注。
weixue0806,美容护肤,这里看到的还是5片,0,该用户是在确认或质疑产品详情页显示的片数与直播中展示的是否一致，可能对数量存在疑虑或希望核实信息。
weixue0806,美容护肤,[比心][比心][比心]身体美白内服上下,1,该用户想表达的含义是：询问主播是否有内服美白产品并表达对相关产品的兴趣和期待。
weixue0806,美容护肤,没有蓝色包装那个面膜了吗,1,该用户是在询问直播间是否还有蓝色包装的某款面膜库存，表现出明确的购买意向和对特定产品的关注。
weixue0806,美容护肤,有治痘痘的吗,1,该用户是在询问直播间是否有针对痘痘问题的护肤产品或解决方案。
weixue0806,美容护肤,1号2号怎么选?,1,该用户可能在纠结1号和2号产品的区别，希望主播能给出选购建议以便做出决定。
weixue0806,美容护肤,感觉你最近很累没有气的感觉,0,该用户可能是在关心主播的状态，委婉提醒主播注意休息，而非直接表达购买意向。
weixue0806,美容护肤,跟着你买了好多东西[比心],0,该用户想表达的含义是：因为信任主播的推荐，自己已经多次下单购买了商品。
weixue0806,美容护肤,5号链接讲一下呗,1,该用户希望主播详细介绍5号链接商品的具体信息或使用方式。
weixue0806,美容护肤,身体吃的白啥,0,该用户想询问是否有适合全身美白的内服产品。
weixue0806,美容护肤,天天用会不会爆痘?,1,该用户是在询问产品如果每天使用是否会导致皮肤长痘的问题，表现出对产品使用频率和皮肤安全性的顾虑。
weixue0806,美容护肤,痘肌可以敷吗,1,该用户是在询问这款产品是否适合痘痘肌使用，担心敷用后可能对肌肤造成刺激或不适。
weixue0806,美容护肤,有去颈纹吗,1,该用户是在询问直播间是否有能改善颈部皱纹的产品。
weixue0806,美容护肤,这个真心好用,1,该用户想表达的含义是：对主播推荐的产品表示高度认可并暗示有购买意愿。
weixue0806,美容护肤,防脱什么时候上,1,该用户是在询问防脱发产品何时开始售卖或介绍。
weixue0806,美容护肤,熬夜可以用吗,1,该用户是在询问产品是否适合熬夜时使用，可能想了解其提神或护肤效果。
weixue0806,美容护肤,怎么拿下高情商男生,0,该用户可能是在询问直播推荐的产品如何帮助提升个人魅力或社交能力，以吸引理想类型的异性。
weixue0806,美容护肤,韦雪你有白头发了,0,该用户可能在关心主播的近期状态，暗示注意到主播的疲惫或压力，而非直接表达购买兴趣。
weixue0806,美容护肤,姐姐已拍再讲下怎么用?,0,该用户想表达的含义是：我已经下单购买了产品，希望主播能详细讲解使用方法。
weixue0806,美容护肤,"已拍了,雪儿",0,该用户想表达自己已经下单购买产品，并亲切地称呼主播名字表示互动。
weixue0806,美容护肤,我基本都是你这里买,0,该用户想表达的含义是：我长期信赖并主要在你的直播间下单购物。
weixue0806,美容护肤,"美女妹妹,内服的有带货吗?",1,该用户是在询问主播是否推荐或销售口服的美白或保养产品。
weixue0806,美容护肤,内服的是什么,0,该用户是在询问直播间是否有推荐的口服美容产品（如美白或保养类）。
weixue0806,美容护肤,主播用什么唇膏呢,0,该用户想询问主播使用的唇膏品牌或产品信息，可能对购买同款感兴趣。
weixue0806,美容护肤,孕妇可以用吧,1,该用户是在询问直播中推荐的产品是否适合孕妇群体使用。
weixue0806,美容护肤,什么时候出效果?,0,该用户想询问产品见效的大致时间周期。
weixue0806,美容护肤,链接显示5片没关系吧?,1,该用户是在确认商品详情页显示的5片装规格是否会影响使用效果或购买决策。
weixue0806,美容护肤,美白抗皱的?我20岁能用吗一号链接我拍了[捂脸],1,该用户想表达的含义是：询问产品是否适合年轻肌肤使用，并表明已下单购买。
weixue0806,美容护肤,姐怎么身体美白,0,该用户想询问主播推荐的身体美白产品或方法。
weixue0806,美容护肤,垮脸用哪个最猛,1,该用户想询问针对面部皮肤松弛问题最有效的产品推荐。
weixue0806,美容护肤,有美容院推荐吗,0,该用户可能在询问直播间是否有推荐适合美容院使用的产品或服务，表达了对专业护肤场景的关注和潜在购买意向。
weixue0806,美容护肤,为什么夏娃的香水100元两瓶在你的橱窗是正品吗,0,该用户是在询问直播间售卖的夏娃香水价格明显低于市场价的原因，并质疑商品是否为正规渠道的正品。
weixue0806,美容护肤,法令纹严重用哪个姐姐,1,该用户是在询问主播推荐哪款产品能有效改善明显的法令纹问题。
weixue0806,美容护肤,我从不去其他家,0,该用户想表达的含义是：我只信赖并长期在这家店铺购买商品。
weixue0806,美容护肤,嘴涂的什么嘴涂的什么嘴涂的什么,0,该用户急切想知道主播使用的唇膏品牌或色号。
weixue0806,美容护肤,项链有链接么,1,该用户想表达的含义是：询问主播是否提供了项链商品的购买链接以便下单。
weixue0806,美容护肤,有没有去眼袋黑眼圈的产品,1,该用户是在询问直播间是否有针对眼部问题的护肤产品，表现出对解决自身眼袋和黑眼圈问题的潜在购买意向。
weixue0806,美容护肤,痘痘肌可以用啥,1,该用户想表达的含义是：询问适合痘痘肌肤使用的产品推荐。
weixue0806,美容护肤,身体乳那个保湿嘛[流泪],1,该用户想表达的含义是：询问这款身体乳的保湿效果如何，同时用表情符号流露出对皮肤干燥问题的困扰和期待改善的心情。
weixue0806,美容护肤,这么晚姐姐还在直播,0,该用户可能是在表达对主播辛勤工作的关心和赞赏，暗示自己因主播的敬业而产生好感或购买意愿。
weixue0806,美容护肤,面膜用完洗吗,1,该用户想询问面膜使用后是否需要清洗，以确认正确的使用步骤。
weixue0806,美容护肤,几点开播,0,该用户想询问直播开始的具体时间，可能是刚进入直播间想确认是否错过重要内容或准备准时观看。
weixue0806,美容护肤,有没有有去黑带的推荐?,1,该用户想询问直播间是否有推荐能够淡化或消除黑眼圈的眼部护肤产品。
weixue0806,美容护肤,身体美白内服上下[比心][比心],1,该用户想表达的含义是：询问主播是否有适合全身美白的内服产品推荐。
weixue0806,美容护肤,"面膜敷了,就敷精华吗",1,该用户可能在询问面膜和精华的使用顺序，想知道是否可以在敷完面膜后直接使用精华液。
weixue0806,美容护肤,姐妹回复一下,0,该用户可能是想询问某个产品的具体使用方式或效果，希望主播能针对她的个人情况给予回复和建议。
weixue0806,美容护肤,"美白的拍啦,起痘祛痘的推荐下呗姐姐",1,该用户已经购买了美白产品，同时希望主播推荐针对痘痘肌的祛痘产品。
weixue0806,美容护肤,想推荐一个唇膜,1,该用户可能是想询问主播是否有值得推荐的唇膜产品，并暗示自己对此类商品有购买兴趣。
weixue0806,美容护肤,情丝若水三千只取一瓢眷恋,0,该用户想表达的含义是：在众多护肤美妆产品中，我只钟情于你们家这一款（或品牌）。
weixue0806,美容护肤,精华和面膜一起用吗,1,该用户想询问产品搭配使用方法，具体是想了解精华和面膜是否需要叠加使用或存在使用顺序的建议。
weixue0806,美容护肤,姐姐已拍怎么使用呀?用了要洗吗?,1,该用户想确认已购买产品的具体使用方法以及是否需要清洗。
weixue0806,美容护肤,内服变白什么,0,该用户想询问是否有通过口服产品实现美白效果的相关推荐。
weixue0806,美容护肤,"雪,再说说怎么用",1,该用户希望主播进一步详细讲解某款产品的具体使用方法。
weixue0806,美容护肤,推荐啥买啥[捂脸],0,该用户想表达的含义是：完全信任主播的推荐，愿意跟随购买建议。
weixue0806,美容护肤,这个面膜不用洗是不是,1,该用户想确认这款面膜是否属于免洗型产品，以便了解使用后的便捷性。
weixue0806,美容护肤,美白内服有吗,1,该用户想询问直播间是否有口服美白产品在售。
weixue0806,美容护肤,是有小号吗,0,该用户可能在询问主播展示的商品是否有更小尺寸或容量可供选择。
weixue0806,美容护肤,那个洗面奶可以推荐一下嘛?,1,该用户想表达的含义是：对洗面奶产品有购买意向，希望主播能根据需求进行推荐。
weixue0806,美容护肤,韩束这个补水面膜怎么样,1,该用户想表达的含义是：询问韩束补水面膜的具体使用效果和体验。
weixue0806,美容护肤,10号精油4月6号有吗?,1,该用户是在询问直播间是否会在4月6日提供10号精油的销售。
weixue0806,美容护肤,颈纹霜有吗,1,该用户是在询问直播间是否有颈纹霜产品出售。
weixue0806,美容护肤,@P***内服美才用啥推荐下,0,该用户想询问主播关于内服美白产品的具体推荐。
weixue0806,美容护肤,"贴完面膜之后洗完直接抹的精华就行了,是吧?",1,该用户是在确认使用流程，询问面膜后是否可以直接涂抹精华而无需其他步骤。
weixue0806,美容护肤,香水好闻吗[流泪][流泪][流泪],1,该用户被香水的描述所吸引，通过夸张的流泪表情强烈表达对产品的向往和渴望尝试的心情。
weixue0806,美容护肤,先用油在用精华?,1,该用户是在询问护肤步骤的先后顺序，想知道是否应该在涂抹精华液之前先使用护肤油。
weixue0806,美容护肤,内服主播[流泪],0,该用户想表达的含义是：主播推荐的内服产品让我感动到想哭。
weixue0806,美容护肤,想要防晒霜,1,该用户希望通过直播了解或购买防晒霜产品。
weixue0806,美容护肤,一号链接健康混油皮能用吗,1,该用户是在询问产品是否适合自己肤质，表现出对购买的具体顾虑和潜在兴趣。
weixue0806,美容护肤,水光霜没有了吗,1,该用户是在询问水光霜是否已经售罄或下架，表现出对该产品的购买意向和库存情况的关注。
weixue0806,美容护肤,眼油说一下,1,该用户想询问主播详细介绍眼部精油产品的功效或使用方法。
weixue0806,美容护肤,要脱发的要脱发的要脱发的要脱发的要脱发的要脱发的,1,该用户可能在急切询问或强调直播间是否有防脱发产品，表达强烈的购买需求。
weixue0806,美容护肤,夏天了还用油吗,1,该用户可能是在询问夏天是否适合继续使用护肤油类产品，担心油腻或不适季节需求。
weixue0806,美容护肤,美白面膜就直接敷上就行对么?没有什么正反面吧,1,该用户想确认美白面膜的使用方法是否简单直接，无需区分正反面即可直接敷用。
weixue0806,美容护肤,香水好闻吗[流泪],1,该用户可能是在询问香水的香味是否令人满意，同时用“[流泪]”表情表达对产品的强烈兴趣或渴望拥有的心情。
weixue0806,美容护肤,身体乳那个保湿嘛,1,该用户是在询问身体乳的保湿效果如何，表现出对产品的具体功能感兴趣并考虑购买。
weixue0806,美容护肤,孕妇不影响吧,1,该用户是在询问直播中推荐的产品是否适合孕妇使用，担心某些成分或功效对孕期有影响。
weixue0806,美容护肤,希望推荐去黑眼圈的眼霜和眼膜,1,该用户希望通过主播的推荐找到针对黑眼圈问题的眼部护理产品。
weixue0806,美容护肤,2号链接的面膜可以介绍一下吗,1,该用户想表达的含义是：对2号链接的面膜产品功能或使用效果感兴趣，希望主播详细讲解以便决定是否购买。
weixue0806,美容护肤,这个面膜什么功效,1,该用户想询问面膜的具体功能效果以评估是否适合自己购买。
weixue0806,美容护肤,抗衰的拍6号吗,1,该用户是在询问抗衰老产品是否应该选择直播间推荐的6号链接购买。
weixue0806,美容护肤,唇部精华推荐一下,1,该用户希望主播能针对唇部护理需求推荐一款合适的精华产品。
weixue0806,美容护肤,相信你的选品,0,该用户想表达的含义是：认可主播的选品眼光并愿意跟随购买推荐商品。
weixue0806,美容护肤,芭比粉,0,该用户可能在询问或评价某款产品（如口红、唇彩等）的“芭比粉”色号是否适合或好看。
weixue0806,美容护肤,皮肤暗黄松弛怎么弄?,0,该用户想咨询改善皮肤暗黄松弛问题的产品或方法。
weixue0806,美容护肤,"姐23岁宝妈皮肤干有细纹,有什么面膜好",1,该用户希望通过主播推荐适合年轻妈妈干燥细纹肌肤的保湿抗皱面膜。
weixue0806,美容护肤,这个面膜好用吗,1,该用户想询问面膜的实际使用效果以评估是否值得购买。
weixue0806,美容护肤,身体乳保湿嘛,1,该用户是在询问直播间推荐的身体乳产品的保湿效果如何，想确认是否适合自己使用。
weixue0806,美容护肤,姐姐我已拍怎么使用呀?要洗的吗?,0,该用户想表达的含义是：已经购买了产品但不确定具体使用方法和是否需要清洗。
weixue0806,美容护肤,用的什么唇釉,0,该用户想询问主播当前展示的唇釉产品具体是什么品牌或色号。
weixue0806,美容护肤,怎么刷到另一个号再卖面膜,0,该用户可能是在询问如何切换账号以再次购买面膜，暗示对产品有兴趣但受限于购买限制或想用不同账号囤货。
weixue0806,美容护肤,超过12点了,0,该用户可能是在提醒主播已到午夜，暗示促销活动或产品介绍是否还有效。
weixue0806,美容护肤,暗沉发黄敷什么,0,该用户想询问针对肤色暗沉发黄问题应该使用哪款面膜产品。
weixue0806,美容护肤,唇膜有推荐吗,1,该用户想表达的含义是：希望主播推荐一款适合自己使用的唇部护理产品。
weixue0806,美容护肤,显示5片面膜,0,该用户想询问当前展示的面膜产品是否为5片装规格。
weixue0806,美容护肤,补水面膜是?,1,该用户想询问补水面膜的具体功效和适用情况。
weixue0806,美容护肤,都在问孕妇可以用吗,1,该用户是在询问产品是否适合孕妇使用，可能是看到其他观众也在关注同样的问题，想进一步确认产品的安全性。
weixue0806,美容护肤,"嘴唇干,用那个唇釉",1,该用户想表达的含义是：自己嘴唇干燥，询问主播是否推荐使用刚才提到的唇釉产品。
weixue0806,美容护肤,一号链接美白抗皱的?我20岁能用吗我拍了[捂脸],1,该用户想表达的含义是：询问一号链接的美白抗皱产品是否适合20岁年龄使用，并已下单购买但略带犹豫。
weixue0806,美容护肤,有没有减肥的[捂脸][捂脸][捂脸][捂脸][捂脸][捂脸][捂脸][捂脸],0,该用户可能是想询问直播间是否有推荐减肥产品，同时用表情符号表达了对自身减肥需求的无奈或自嘲情绪。
weixue0806,美容护肤,精华要配着面膜用吗,1,该用户是在询问精华产品的使用方法，想知道是否需要搭配面膜一起使用以获得更好的效果。
weixue0806,美容护肤,"她没说,问了她好几个问题,一个也没有说",0,该用户可能是在抱怨主播没有回应自己之前提出的多个问题，感到被忽视或不满意。
weixue0806,美容护肤,颈纹霜选哪个?颈纹霜选哪个?颈纹霜选哪个?,1,该用户急切想了解主播推荐的颈纹霜产品并希望获得具体购买建议。
weixue0806,美容护肤,是有小号吗姐姐,0,该用户可能在询问主播是否还有其他直播间或账号在销售同类商品，想确认是否有更多购买渠道或产品选择。
weixue0806,美容护肤,2号面膜可以天天敷吗,1,该用户是在询问2号面膜的使用频率，想确认是否适合日常使用以便考虑购买。
weixue0806,美容护肤,美白面膜用洗吗,1,该用户想询问美白面膜使用后是否需要清洗。
weixue0806,美容护肤,6号讲讲吧[666][666][666][666][666],1,该用户想表达的含义是：希望主播详细介绍6号产品的功能和特点。
weixue0806,美容护肤,姐姐我已拍了用了面膜要洗吗?,1,该用户想确认购买的面膜是否需要在使用后清洗。
weixue0806,美容护肤,怎么不说怎么用,1,该用户可能是在催促主播详细讲解产品的使用方法，因为之前的弹幕中有多人询问使用方式但未得到明确解答。
weixue0806,美容护肤,橱窗里夏娃的香水为什么100两瓶是正品吗,1,该用户是在询问橱窗里夏娃品牌的香水以100元两瓶的价格出售是否为正品，并隐含对优惠力度的惊讶和对其真实性的疑虑。
weixue0806,美容护肤,美白面膜后还用油和霜吗,1,该用户想询问使用完美白面膜后是否需要叠加护肤油和面霜的步骤。
weixue0806,美容护肤,有美容仪推荐吗[舔屏],1,该用户想表达的含义是：想了解主播是否有值得推荐的美容仪产品并表现出浓厚的兴趣。
weixue0806,美容护肤,有清洁泥膜嘛,1,该用户是在询问直播间是否售卖清洁泥膜产品，表现出对这类护肤品的具体需求和购买意向。
weixue0806,美容护肤,雪睡衣那家的,1,该用户是在询问主播之前提到的某款雪地风格睡衣的购买渠道或品牌信息。
weixue0806,美容护肤,废话连篇,0,该用户可能觉得主播一直在说无关紧要的内容，没有及时解答大家关心的产品问题，显得不耐烦。
weixue0806,美容护肤,赶上直播了,0,该用户想表达的含义是：刚好及时加入直播，对当前展示的商品或内容产生了兴趣。
weixue0806,美容护肤,清洁泥膜,1,该用户可能在询问直播间是否有清洁泥膜产品，并对其功效或使用方法感兴趣。
weixue0806,美容护肤,这得赚多少钱,0,该用户可能在感叹主播的高收入或产品的暴利，暗示对直播带货盈利模式的质疑或好奇。
weixue0806,美容护肤,"你脖子带那个是什么,我要你那个",1,该用户对主播佩戴的饰品产生兴趣，明确表达了想要购买同款的意愿。
weixue0806,美容护肤,6号讲讲吧[666][666][666][666][666][666],1,该用户急切希望主播详细介绍6号产品（可能是面膜或其他护肤品），并通过重复表情符号强化期待情绪。
weixue0806,美容护肤,是不是还可以抗皱紧致,1,该用户可能是在询问产品是否具备抗皱和紧致肌肤的功能，表现出对产品功效的关注和潜在的购买兴趣。
weixue0806,美容护肤,美白的还有别的产品吗,1,该用户想进一步了解直播间推荐的美白系列产品，询问是否有其他同类商品可供选择。
weixue0806,美容护肤,上一下2号链接222222222222222222222222222222222222222,1,该用户急切催促主播上架或讲解2号链接的产品。
weixue0806,美容护肤,第一次来,0,该用户可能是刚进入直播间的新观众，想表达自己初次参与直播的陌生感或寻求互动引导。
weixue0806,美容护肤,姐姐我已拍了用了要洗吗?,1,该用户想确认自己刚购买的产品在使用后是否需要清洗。
weixue0806,美容护肤,"油皮怎样护肤,能说说吗?",1,该用户想表达的含义是：想了解适合油性皮肤的护肤方法和产品推荐。
weixue0806,美容护肤,孕妇可以吗[看],1,该用户是在询问直播中推荐的产品是否适合孕妇使用。
weixue0806,美容护肤,10号链接上一下10号链接上一下10号链接上一下,1,该用户急切要求主播尽快上架或讲解10号链接的商品。
weixue0806,美容护肤,"是有小号吗,姐姐.怎么刷到另外一个号在卖面膜",0,该用户可能在疑惑主播是否还有其他账号在同步销售同类产品，并对此表示关注和好奇。
weixue0806,美容护肤,"姐,推荐个面膜[比心]",1,该用户想表达的含义是：希望主播推荐一款适合自己使用的面膜产品。
weixue0806,美容护肤,8号链接多少钱,1,该用户想询问商品价格以便考虑是否下单购买。
weixue0806,美容护肤,1号和2号哪款效果更好,1,该用户想表达的含义是：想比较两款产品的使用效果以便做出购买决策。
weixue0806,美容护肤,有没有去黑头的,1,该用户想询问直播间是否有针对去黑头问题的护肤产品推荐。
weixue0806,美容护肤,不知道有几片,1,该用户可能是在询问当前介绍的产品包装规格或数量信息。
weixue0806,美容护肤,"没有说,她内服",0,该用户想表达的含义是：主播没有提到这款产品是否可以内服使用。
weixue0806,美容护肤,你的眼睛真漂亮,0,该用户可能是在夸赞主播的外貌以表达好感，试图通过友善互动引起主播注意，而非直接表达对产品的购买兴趣。
weixue0806,美容护肤,小脸面膜是哪个,1,该用户是在询问直播间正在介绍的某款面膜产品具体对应哪个名称或链接编号。
weixue0806,美容护肤,能不能说说怎么用,1,该用户想询问产品的具体使用方法或操作步骤。
weixue0806,美容护肤,"订单显示的189五片,没事吧?",0,该用户可能对产品价格或规格有疑问，担心自己看错了促销信息。
weixue0806,美容护肤,雪被人看不起怎么做,0,该用户可能是在询问某款美白产品被忽视或效果不佳时该如何处理或改善。
weixue0806,美容护肤,问一百遍不回复,0,该用户因多次提问未得到主播回应而感到不满，认为自己的购买咨询被忽视。
weixue0806,美容护肤,来买了,0,该用户表达的是明确的购买意向，表示自己已经准备好下单购买了。
weixue0806,美容护肤,孕妇可以吗[比心],1,该用户是在询问直播中推荐的产品是否适合孕妇使用，并表达了对产品的兴趣和好感。
weixue0806,美容护肤,闭口用什么啊[捂脸],1,该用户想表达的含义是：询问主播针对闭口问题推荐什么护肤品。
weixue0806,美容护肤,终于等到姐姐直播了,0,该用户想表达的是对主播长期关注后终于见到开播的欣喜之情。
weixue0806,美容护肤,已拍韩束这个面膜怎么样,1,该用户想表达的含义是：我已经下单购买了韩束面膜，想了解一下这款产品的使用效果如何。
weixue0806,美容护肤,水光面膜什么时候有,1,该用户是在询问水光面膜的上架时间，表达了对该产品的购买兴趣和期待。
weixue0806,美容护肤,孕妇可以吗[互粉],1,该用户是想询问当前直播推荐的产品是否适合孕妇使用，并希望通过互动获得关注。
weixue0806,美容护肤,身体美白内服上下[比心][比心][比心][比心][比心][比心][比心][比心],1,该用户可能是在询问或确认主播推荐的内服美白产品，并表现出强烈的兴趣和好感。
weixue0806,美容护肤,是的没买尽兴呢断货了[捂脸],0,该用户想表达的含义是：因为商品断货导致没能尽兴购买而感到遗憾和无奈。
weixue0806,美容护肤,姐姐姐姐我已拍了用了要洗吗?刚刚我没听到?,0,该用户是在确认已购买产品的使用步骤，因错过讲解而询问是否需要清洗。
weixue0806,美容护肤,"上个发膜,韦雪姐姐",1,该用户希望主播韦雪再次展示或介绍之前提到的发膜产品。
weixue0806,美容护肤,胶原蛋白面膜胶原蛋白面膜胶原蛋白面膜胶原蛋白面膜,1,该用户可能是在急切询问或强调关于胶原蛋白面膜的产品信息或购买意向。
weixue0806,美容护肤,怎么使用美白面膜,1,该用户想询问美白面膜的具体使用方法，可能是对产品功效感兴趣并考虑购买。
weixue0806,美容护肤,怎么显示才五片,0,该用户对商品包装数量（五片）表示疑惑或不满，可能认为数量与预期不符或性价比不高。
weixue0806,美容护肤,哈哈哈幸好上场抢到油,0,该用户想表达的含义是：庆幸自己在上轮促销中成功抢购了食用油。
weixue0806,美容护肤,精华配面膜一起使用吗,1,该用户是在询问精华液是否可以与面膜搭配使用，以了解产品的组合使用效果或方法。
weixue0806,美容护肤,每天几点直播,0,该用户想表达的含义是：想知道直播间的固定开播时间以便准时观看或参与购买。
weixue0806,美容护肤,哺乳期能用吗?????,1,该用户想询问产品是否适合哺乳期女性使用，以确认安全性后再决定是否购买。
weixue0806,美容护肤,有!!,0,"该用户想表达的含义是：对主播提到的某款产品或优惠活动表示强烈认同或确认自己有购买意愿。  （结合前文高频出现的产品咨询、购买动作及互动语气，""有!!""大概率是简短急切地回应主播的提问，例如""有没有人想要这款面膜？""或""有没有人还没抢到？""，传递出用户积极参与且可能准备下单的心理。）"
weixue0806,美容护肤,有小号吗?怎么另一个号在卖面膜啊.真的假的,0,该用户对主播的其他账号销售面膜的真实性产生怀疑，并询问是否存在小号运营的情况。
weixue0806,美容护肤,浸润面膜没有了吗,1,该用户想表达的含义是：询问直播间是否已经售罄了浸润面膜这款产品。
weixue0806,美容护肤,融雪面膜啥时候上,1,该用户是在询问融雪面膜的具体上市时间，表现出明确的购买意向和对该产品的关注。
weixue0806,美容护肤,想要睡衣连接,1,该用户希望主播提供睡衣商品的购买链接。
weixue0806,美容护肤,内服姐姐,1,该用户想表达的含义是：询问主播关于内服美白产品的相关信息。
weixue0806,美容护肤,姐姐姐姐姐姐我已拍了用了要洗吗?,1,该用户想表达的含义是：询问已购买的产品在使用后是否需要清洗。
weixue0806,美容护肤,面膜敷衍洗吗,1,该用户想询问面膜使用后是否需要认真清洗，还是可以简单冲洗即可。
weixue0806,美容护肤,防脱什么时候上防脱什么时候上,1,该用户急切询问防脱产品何时开售，表现出明确的购买意向和对该商品的强烈需求。
weixue0806,美容护肤,上次直播我买了,0,该用户想表达的含义是：我之前在你们的直播中购买过产品（暗示对品牌或主播的信任，并可能为后续互动或复购做铺垫）。  结合前文语境，其他弹幕多围绕产品咨询、使用反馈或抢购经历展开，可推测该用户通过提及过往购买行为，既确认自身是老顾客身份，也可能隐晦表达对当前直播商品的兴趣或期待（如询问补货、新品等）。
weixue0806,美容护肤,"姐姐,我分手了,今天才想通",0,该用户可能想通过分享个人情感状态来寻求主播的关注或安慰，同时暗示自己情绪低落可能产生冲动消费倾向。
weixue0806,美容护肤,为什么买的写的是5片面膜,1,该用户对商品详情中标注的面膜数量与实际预期不符感到疑惑，可能是看到其他用户提到包装信息或自己收到货后发现数量差异。
weixue0806,美容护肤,那个好好用,0,该用户想表达的含义是：对直播中提到的某款产品表示认可和喜爱，暗示有购买意愿。
weixue0806,美容护肤,胶原蛋白面膜胶原蛋白面膜胶原蛋白面膜胶原蛋白面膜胶原蛋白面膜,1,该用户急切询问或强调胶原蛋白面膜的相关信息（如库存、功效、购买方式等），可能因产品热销或主播未及时回应而产生重复刷屏行为。
weixue0806,美容护肤,八号链接多少钱,1,该用户想询问商品列表中编号为八号的产品的具体价格，表现出明确的购买意向和进一步了解商品信息的意愿。
weixue0806,美容护肤,6号讲讲吧[666][666][666][666],1,该用户想表达的含义是：希望主播详细介绍6号产品的信息。
weixue0806,美容护肤,"要防脱发的,要防脱发的,要防脱发的要防脱发的,要防脱发的,要防脱发的",1,该用户急切地询问直播间何时会上架防脱发产品，并表现出强烈的购买意向。
weixue0806,美容护肤,姐姐有没有好用的脱毛仪,1,该用户想表达的含义是：询问主播是否有推荐的脱毛仪产品并希望获得使用建议。
weixue0806,美容护肤,脸颊有粉刺痘痘用什么呢,1,该用户想表达的含义是：咨询适合粉刺痘痘肌使用的产品推荐。
weixue0806,美容护肤,1号链接显示5片,0,该用户可能在确认或质疑商品详情页显示的面膜片数与实际描述是否一致。
weixue0806,美容护肤,身体美白内服上下[比心][比心][比心][比心][比心][比心],1,该用户想表达对主播推荐的内服美白产品的强烈兴趣和认可，并希望通过互动表达支持态度。
weixue0806,美容护肤,今天来买油的没有了,1,该用户可能是在询问或感叹直播间原本计划促销的油类产品已经售罄或未按预期上架。
weixue0806,美容护肤,沐浴露选哪个味道呢,1,该用户正在纠结选择哪款沐浴露的香型，表现出明确的购买意向并希望主播给予推荐建议。
weixue0806,美容护肤,面膜敷完洗吗,1,该用户想询问面膜使用后是否需要清洗，表现出对产品使用方法的关注和潜在的购买意向。
weixue0806,美容护肤,姐能看下你项链嘛,1,该用户对主播佩戴的项链产生了兴趣，可能想了解产品细节或购买链接。
weixue0806,美容护肤,那个面膜有没有,1,该用户想询问主播当前展示的面膜产品是否还有库存或是否正在售卖。
weixue0806,美容护肤,"就算所有人都质疑你,我也相信你",0,该用户想表达的是对主播的坚定支持和信任，暗示自己会持续关注并可能购买产品。
weixue0806,美容护肤,姐姐姐姐刚刚我已拍了用了呀洗吗?,1,该用户想表达的含义是：询问主播刚刚购买的产品是否需要在使用后清洗。  （结合前文语境，用户可能对“面膜是否需要清洗”存在疑问，且直播间内多次出现类似提问，因此该弹幕的核心意图是确认产品使用方式。）
weixue0806,美容护肤,"姐妹,祛黑头有什么推荐吗",1,该用户想表达的含义是：询问主播是否有针对黑头问题的护肤产品推荐。
weixue0806,美容护肤,"姐,推荐个胶原面膜[比心]",1,该用户想表达的含义是：希望主播推荐一款胶原蛋白面膜并表现出积极的购买意向。
weixue0806,美容护肤,宝宝我来了,0,该用户想表达的含义是：主播我准时来支持你了，准备好参与互动和购买。  （结合前文高频出现的产品咨询和购买意向，此类亲昵称呼“宝宝”多用于表达对主播的熟悉和信任，且直播间氛围以购物需求为主，因此更可能体现用户积极跟进直播、准备参与消费的动机。）
weixue0806,美容护肤,护肤要用水吗,1,该用户可能在询问护肤步骤中是否需要使用化妆水这一产品，表现出对基础护肤方法的兴趣和购买意向。
weixue0806,美容护肤,身体乳推荐什么香味,1,该用户想表达的含义是：希望主播推荐一款适合自己喜好的身体乳香型。
weixue0806,美容护肤,"自己争气一点,默默努力",0,该用户可能是在用自我鼓励的方式暗示对直播产品的观望态度，想通过积极心理暗示来克制冲动消费。
weixue0806,美容护肤,1号有什么?,1,该用户想询问直播中提到的“1号产品”的具体功能或适用场景。
weixue0806,美容护肤,"姐姐,嘎双眼皮疼吗",0,该用户可能是在询问主播关于双眼皮手术的体验或术后护理建议，暗示对医美项目或相关产品的潜在兴趣。
weixue0806,美容护肤,你嘴上涂的那个是什么?,1,该用户可能对主播使用的唇部产品产生了兴趣，想询问具体品牌或色号以便购买。
weixue0806,美容护肤,怎么使用呀这个面膜,1,该用户想询问这款面膜的具体使用方法，可能对产品产生了兴趣并希望了解使用细节以便决定是否购买。
weixue0806,美容护肤,我要来上海了[比心],0,该用户可能是想表达对主播或产品的支持，暗示自己即将到上海（可能涉及线下购买或见面），同时用表情传递友好情绪。  （结合前文语境：直播间以美妆护肤咨询为主，用户多围绕产品提问或表达购买行为，且频繁使用[比心]表达热情。目标弹幕虽未直接提及商品，但符合整体互动氛围，可能是通过分享行程拉近距离，为后续消费铺垫。）
weixue0806,美容护肤,2号2222222222222222222222222222222222222222,1,该用户可能是想强调对2号商品的强烈兴趣或催促主播尽快介绍2号产品。
weixue0806,美容护肤,美白内服吃什么?,1,该用户想咨询直播间推荐的美白内服产品或成分，表达了对通过内服方式改善肤色的潜在购买兴趣。
weixue0806,美容护肤,眼膜好用吗,1,该用户想询问眼膜产品的使用效果以判断是否值得购买。
weixue0806,美容护肤,想要水光霜,1,该用户表达了希望购买或了解更多关于“水光霜”产品信息的意愿。
weixue0806,美容护肤,雪那个灌注面膜打你的广告买的又不一样想哭,0,该用户想表达的含义是：之前因为看到广告购买了同款面膜，但发现直播间的产品与广告宣传的不一样，感到失望。
weixue0806,美容护肤,问你美白面膜用完后还用用油和霜吗,1,该用户想了解使用完美白面膜后是否需要叠加护肤油和面霜的后续保养步骤。
weixue0806,美容护肤,怎么这么早下播,0,该用户对直播内容感兴趣，希望主播能延长直播时间继续推荐产品或互动。
weixue0806,美容护肤,"姐姐,湿气重怎么办?",0,该用户可能在询问主播是否有针对湿气重的护肤或养生产品推荐。
weixue0806,美容护肤,"宝,爱你",0,该用户想表达的含义是：对主播表示亲切喜爱和支持。
weixue0806,美容护肤,怎么那么早就下播呀,0,该用户对直播内容感兴趣且意犹未尽，因主播提前结束直播而感到遗憾和不舍。
weixue0806,美容护肤,有孕期用的防晒吗?,1,该用户是在询问直播间是否有适合孕妇使用的防晒产品，表现出对孕期护肤需求的关注和潜在的购买意向。
weixue0806,美容护肤,"刚进来,面膜几片",1,该用户想表达的含义是：刚进入直播间，询问面膜的规格和片数信息。
weixue0806,美容护肤,总有一天就习惯被人看不起啦[大笑][大笑][大笑],0,该用户可能是在用自嘲的语气表达对直播间氛围或自身处境的调侃，并非真正表达购买意向或产品相关需求。
weixue0806,美容护肤,有没有水推荐,1,该用户可能在询问直播间是否有适合自己肤质的爽肤水或化妆水产品推荐。
weixue0806,美容护肤,姐姐刚刚我已拍了刚刚那个面膜用了要洗吗?,1,该用户想表达的含义是：询问已经购买的面膜在使用后是否需要清洗。
weixue0806,美容护肤,去黑头有什么推荐吗,1,该用户是在询问主播是否有针对去黑头问题的产品推荐，表现出对相关护肤品的具体需求和购买意向。
weixue0806,美容护肤,"下单了,为什么显示只有5片?",0,该用户对购买的面膜数量与预期不符感到疑惑，想确认商品详情或咨询发货数量是否有误。
weixue0806,美容护肤,我也要be,1,"该用户想表达的是""我也想要购买主播正在推荐的产品""。"
weixue0806,美容护肤,分段黑,0,该用户想表达的含义是：询问是否有分步骤使用的黑色面膜产品。
weixue0806,美容护肤,"姐姐,有小号吗?怎么刷到另一个号在卖面膜",0,该用户可能在询问主播是否有其他账号也在销售面膜，想确认不同账号之间的商品关联性。
weixue0806,美容护肤,你的外套好看,1,该用户可能是在询问主播外套的购买链接或表达对这款外套的喜欢并有意购买。
weixue0806,美容护肤,衣服好看有吗,1,该用户想表达的含义是：询问主播展示的服装是否有库存或购买链接。
weixue0806,美容护肤,祛斑祛斑祛斑有吗,1,该用户急切询问直播间是否有祛斑产品出售。
weixue0806,美容护肤,祛斑的推荐一下,1,该用户想表达的含义是：希望主播推荐一款针对祛斑功效的产品。
weixue0806,美容护肤,眼油涂完糊眼看东西模糊是正常的吗,0,该用户想表达的含义是：使用眼油后出现视线模糊的情况是否属于正常现象。
weixue0806,美容护肤,美白内服上下[比心][比心][比心][比心][比心][比心][比心][比心],1,该用户想表达的含义是：对美白内服产品非常感兴趣并强烈支持，用多个比心表情表达高度喜爱和购买意向。
weixue0806,美容护肤,雪雪平时什么时候直播聊天,0,该用户想询问主播“雪雪”的日常直播时间安排，可能是想关注其非带货的闲聊互动时段。
weixue0806,美容护肤,想要你的KT,0,该用户想表达的是对主播展示的某款KT相关产品（可能是卡通形象周边或特定商品简称）表现出明确的购买意愿。
weixue0806,美容护肤,"1号面膜,有6盒吗?",1,该用户想询问1号面膜是否有6盒装的库存并有意购买。
weixue0806,美容护肤,1号买了怎么用,0,该用户想询问购买1号产品后的具体使用方法。
weixue0806,美容护肤,麒麟臂咋办[流泪],0,该用户可能是在调侃自己手臂粗壮（“麒麟臂”）并表达对某件商品（如衣服或饰品）的尺寸担忧，隐含购买兴趣但担心不合适。
weixue0806,美容护肤,外套有链接吗?,1,该用户对主播的外套感兴趣，想询问购买渠道。
weixue0806,美容护肤,有没有去鸡皮的?[捂脸],1,该用户是在询问直播间是否推荐去鸡皮肤的产品，并用表情符号表达了对自身皮肤问题的无奈和自嘲情绪。
weixue0806,美容护肤,我纯胖怎么办,0,该用户可能是在询问针对身材偏胖问题的产品或解决方案。
weixue0806,美容护肤,你现在卸妆用,0,该用户可能在询问主播当前展示的卸妆产品的使用效果或购买方式。
weixue0806,美容护肤,胶原蛋白面膜胶原蛋白面膜胶原蛋白面膜胶原蛋白面膜胶原蛋白面膜胶原蛋白面膜,1,该用户想表达的含义是：强烈询问或要求主播详细介绍/推荐胶原蛋白面膜产品。  （分析依据：前文弹幕多为直接的产品询问或购买需求，且重复高频关键词是此类直播中用户表达急切需求的常见方式，结合“面膜”类产品已在对话中被多次提及的语境，可推断用户意图聚焦于该单品。）
weixue0806,美容护肤,2号链接讲解一下,1,该用户希望主播详细介绍2号商品链接的产品信息或功能。
weixue0806,美容护肤,为什么买的写的是5片面膜[捂脸][捂脸][捂脸][捂脸],0,该用户因购买的面膜实际数量与预期不符（可能是包装标注或主播介绍存在差异）而感到困惑和哭笑不得。
weixue0806,美容护肤,想!!!,0,该用户想表达的是对主播展示的某款产品（可能是面膜、外套或祛斑产品）有强烈的购买意愿或心动感。
weixue0806,美容护肤,胳膊胖,0,该用户可能在表达对自己身材的困扰，并暗示想询问直播间是否有针对手臂肥胖问题的产品或解决方案。
weixue0806,美容护肤,这都可以,0,该用户可能是在惊讶或调侃直播中展示的产品功能或效果超出了预期。
weixue0806,美容护肤,可以用多久,1,该用户可能在询问产品（如面膜或护肤品）的使用寿命或单次使用后的持续效果。
weixue0806,美容护肤,雪儿什么时候直播聊天,0,该用户想询问主播“雪儿”日常的非带货聊天直播时间安排，可能出于对主播个人的关注或想参与互动闲聊。
weixue0806,美容护肤,[捂脸]为什么买的写的是5片面膜[捂脸][捂脸],0,该用户对商品描述与实际收到的数量不符感到困惑和无奈，怀疑是购买时看错了或商家标注有误。
weixue0806,美容护肤,姐姐、你的外套好看,1,该用户想表达的含义是：询问主播外套的购买链接或品牌信息。
weixue0806,美容护肤,胶原灌注面膜还有吗?,1,该用户是在询问直播间是否还有胶原灌注面膜的库存，表现出明确的购买意向和需求。
weixue0806,美容护肤,"东西被偷了,怎么办",0,该用户可能是在询问直播中推荐的商品若遭遇丢失情况该如何处理售后问题。
weixue0806,美容护肤,全身美白[流泪],0,该用户想表达自己因皮肤不够白皙而感到困扰，并暗示对直播间推荐的美白产品有潜在需求。
weixue0806,美容护肤,睡衣呢,1,该用户是在询问直播中是否展示或售卖睡衣产品。
weixue0806,美容护肤,肚子肉可以吗,0,该用户可能是在询问产品是否适用于腹部肥胖问题。
weixue0806,美容护肤,你的衣服在哪里买的,1,该用户想询问主播身上所穿衣服的购买渠道，表达了对同款商品的兴趣和潜在的购买意向。
weixue0806,美容护肤,外套有链接吗,1,该用户想表达的含义是：对直播中展示的外套感兴趣并询问购买渠道。
weixue0806,美容护肤,已经开始在用这个面油了,0,该用户想表达的含义是：自己已经购买并正在使用这款面油产品。  （结合前文弹幕多为产品咨询和购买意向，此条弹幕隐含了“已下单体验”的反馈，可能意在分享使用状态或间接认可产品。）
weixue0806,美容护肤,能用多久呀,0,该用户可能是在询问产品的使用寿命或耐用性，想了解商品能持续使用多长时间。
weixue0806,美容护肤,明天播么,0,该用户想确认主播明天的直播安排，可能是对当前展示的产品感兴趣但来不及购买，或是想继续关注后续的带货内容。
weixue0806,美容护肤,有用嘛,0,该用户是在询问产品的实际效果是否显著。
weixue0806,美容护肤,童颜灌注面膜还有吗,1,该用户是在询问直播间是否还有“童颜灌注面膜”的库存，并表现出明确的购买意向。
weixue0806,美容护肤,要用多久有效果?,1,该用户是在询问产品的见效周期，想了解使用后多长时间能看到效果。
weixue0806,美容护肤,"雪,你知道润美迪欧么?",0,该用户可能在询问主播是否了解某个品牌或产品，并隐含对其购买意向的试探。
weixue0806,美容护肤,可以瘦手臂是吗?,0,该用户是在询问直播推荐的产品是否具有瘦手臂的效果，表现出对产品功能的兴趣和潜在的购买意向。
weixue0806,美容护肤,面膜有没有,1,该用户想询问直播中是否有面膜产品在售或介绍。
weixue0806,美容护肤,没了????,1,该用户想表达的含义是：商品这么快就卖完了吗？
weixue0806,美容护肤,肚子可以吗,0,该用户想询问产品是否适用于减肚子或改善腹部皮肤状况。
weixue0806,美容护肤,新疆不发货,0,该用户想表达的含义是：询问直播间是否支持新疆地区的商品配送服务。
weixue0806,美容护肤,"拍到,怎么用",0,该用户想表达的含义是：已经成功抢购到商品，但不知道具体的使用方法。
weixue0806,美容护肤,没了呀,0,该用户想表达的含义是：询问刚才提到的商品是否已经售罄。
weixue0806,美容护肤,想知道你吃的彩椒?,0,该用户可能是在询问主播所吃的彩椒是否有购买链接或具体品牌信息。
weixue0806,美容护肤,呜呜呜呜没抢到,1,该用户因未能及时抢购到心仪的商品而感到遗憾和失落。
weixue0806,美容护肤,没有拍到,1,该用户因未能成功抢购到心仪商品而感到遗憾和失落。
weixue0806,美容护肤,没抢到[流泪],1,该用户因未能成功购买到直播中推荐的商品而感到遗憾和失落。
weixue0806,美容护肤,不支持该地区配送[捂脸][看],0,该用户因所在地区无法收货而感到遗憾和无奈。
weixue0806,美容护肤,就没了,1,该用户想表达的含义是：对商品已售罄感到失望和惋惜。
weixue0806,美容护肤,胶原灌注面膜还有吗刚来[捂脸],1,该用户急切询问胶原灌注面膜是否还有库存，并因刚进直播间错过信息而略带懊恼。
weixue0806,美容护肤,美白内服上下[比心][比心][比心][比心][比心],1,该用户想表达的含义是：对美白内服产品非常感兴趣并强烈希望购买。
weixue0806,美容护肤,什么时候上rc,1,"该用户是在询问直播间何时会上架""rc""（某款商品简称）进行销售。"
weixue0806,美容护肤,小脸面膜是那个,1,该用户是在询问直播间正在介绍的“小脸面膜”是否就是之前提到过的某款产品，试图确认商品信息以便购买。
weixue0806,美容护肤,显示没了,1,该用户想表达的含义是：商品已经售罄无法购买。
weixue0806,美容护肤,我还没点,1,该用户想表达的含义是：自己还没来得及参与抢购或点击购买链接商品就售罄了。
weixue0806,美容护肤,胶原蛋白面膜胶原蛋白面膜胶原蛋白面膜胶原蛋白面膜胶原蛋白面膜胶原蛋白面膜胶原蛋白面膜胶原蛋白面膜胶原,1,该用户可能在急切询问或强调直播间是否还有“胶原蛋白面膜”库存，并表现出强烈的购买意愿或对缺货的焦虑。
weixue0806,美容护肤,"哎,不适合懒人",0,该用户可能认为产品需要频繁操作或维护，不符合自己追求省事的需求。
weixue0806,美容护肤,限购了[流泪],1,该用户因商品限购导致无法购买而感到遗憾和失落。
weixue0806,美容护肤,我想要油,1,"该用户可能是在询问或表达想要购买直播间正在销售的某种油类产品（如护肤精油、食用油等），但不确定是否还有库存或能否发货。  （结合前文语境：其他弹幕多次提到""没了""""没抢到""""限购""等缺货信息，以及地区配送问题，用户可能既表达需求又隐含对库存或物流的担忧。）"
weixue0806,美容护肤,等下下播还有活动吗,1,该用户想确认直播结束后是否还有额外的促销或返场活动，以便决定是否继续等待参与。
weixue0806,美容护肤,卸妆水,1,该用户可能在询问直播间是否会上架或介绍卸妆水产品，或是想了解当前展示的卸妆水相关信息。
weixue0806,美容护肤,可以瘦手臂是吗?可以瘦手臂是吗?可以瘦手臂是吗?可以瘦手臂是吗?,0,该用户急切地询问产品是否具有瘦手臂的效果，表现出强烈的购买兴趣和需求确认意愿。
weixue0806,美容护肤,有去办去斑的吗,1,该用户是在询问直播中是否有祛斑功效的产品或服务。
weixue0806,美容护肤,有没有长闭口可以贴的面膜[爱心][爱心][爱心],1,该用户是在询问直播间是否有针对闭合性粉刺问题的面膜产品，并表现出强烈的购买兴趣和期待。
weixue0806,美容护肤,敷上多久,1,该用户想询问产品的具体使用时长，可能是对某款面膜的敷用时间感兴趣。
weixue0806,美容护肤,6号讲讲吧[666][666][666],1,"该用户想表达的含义是：希望主播详细介绍6号产品。  （结合前文弹幕可见，观众频繁询问商品信息、库存或功能，且情绪急切[如重复提问、emoji强化诉求]，因此""6号讲讲吧""是典型的需求表达，核心动机是获取产品信息以决定购买。）"
weixue0806,美容护肤,新疆拍不了,0,该用户想表达的含义是：自己所在的新疆地区无法参与该商品的购买或配送。
weixue0806,美容护肤,"妈呀,终于抢到",1,该用户想表达的是：经过多次尝试终于成功抢购到心仪商品的兴奋和满足感。  （结合前文弹幕中频繁出现的商品询问、抢购失败抱怨和库存紧张提示，可推断用户此前可能经历了激烈的竞争或等待，最终达成购买目标。）
weixue0806,美容护肤,备孕可以用吗,1,该用户是在询问直播中推荐的产品是否适合备孕期间使用，表达了对产品安全性和适用性的关注。
weixue0806,美容护肤,怎么不理人,0,该用户因未得到主播及时回应而感到不满，暗示自己的购买咨询或互动需求未被满足。
weixue0806,美容护肤,上限了呢,1,该用户想表达的含义是：商品库存已被抢购一空，自己没能成功下单。
weixue0806,美容护肤,没有啦,1,该用户想表达的含义是：商品已经售罄或无法购买。
weixue0806,美容护肤,又没了,1,该用户想表达的含义是：想购买的商品已经售罄了。
weixue0806,美容护肤,"这么便宜,成本多低质量真的好?",0,该用户可能对产品的低价产生疑虑，怀疑价格低廉是否意味着质量不佳，但同时又对产品效果抱有期待，希望通过询问确认性价比是否合理。
weixue0806,美容护肤,1包用全身?,1,该用户可能在询问产品是否具备多功能用途（即一包产品能否用于全身多个部位）。
weixue0806,美容护肤,我要10号,1,该用户想表达的是：我想要购买10号产品/款式。  （结合语境推断：直播中可能正在介绍不同编号的商品，用户明确指定了需求编号，表现出直接购买意向。）
weixue0806,美容护肤,都抢不到,1,该用户想表达的含义是：商品太抢手导致自己没能成功下单。  （结合前文弹幕中频繁出现的“限购”“没了”“抢到”等关键词，可推断直播间商品库存紧张，用户因手速或库存不足未能购买，透露出遗憾和焦急的情绪。）
weixue0806,美容护肤,七月七日情我也喜欢听,0,该用户可能是在直播中听到背景音乐或主播提及歌曲《七月七日情》时产生共鸣，借歌词表达对直播氛围的喜爱，以此拉近与主播的互动关系，但并未直接表现出对当前销售商品的购买意向。
weixue0806,美容护肤,抢不到,1,"该用户想表达的是对商品抢购失败的不满或遗憾情绪。  （结合前文语境中多次出现的""抢到""""没了""""上限""等关键词，可以看出直播间商品供不应求，用户因手速或库存原因未能成功购买目标商品而发出感叹。）"
weixue0806,美容护肤,"雪,你知道润美迪欧么?雪,你知道润美迪欧么?雪,你知道润美迪欧么?",0,该用户可能是想询问主播是否了解某个品牌或产品（润美迪欧），并希望通过重复提问引起主播注意。
weixue0806,美容护肤,贴哪里,0,该用户可能是在询问产品（如面膜或贴片类商品）的具体使用部位或粘贴方法。
weixue0806,美容护肤,他家油霜真不错就是夏天感觉不敢当面霜除非晚上用,1,该用户认为这款油霜品质很好，但担心夏季白天使用会过于油腻，更适合夜间护肤时使用。
weixue0806,美容护肤,怎么有个号在播啊,0,该用户可能在疑惑直播间为何出现非主播账号的异常情况，暗示对直播真实性或专业性的质疑。
weixue0806,美容护肤,多上点,1,该用户希望主播增加库存或补货上架更多商品。
weixue0806,美容护肤,拍不到,1,该用户想表达的含义是：商品太抢手导致自己没能成功下单。  （结合前文弹幕中频繁出现的“抢不到”“又没了”“上限了呢”等类似抱怨，可推断直播间商品库存紧张或抢购激烈，用户因手速或库存问题未能完成购买，故用“拍不到”表达遗憾和 frustration。）
weixue0806,美容护肤,气死了,0,该用户因抢购商品失败而感到愤怒和失望。
weixue0806,美容护肤,睡衣哪里拍,1,该用户想询问购买睡衣的具体下单方式或链接位置。
weixue0806,美容护肤,我想水面膜,1,该用户想表达的含义是：我对这款水面膜感兴趣，想了解或购买。
weixue0806,美容护肤,yanp眼皮怎么绷,0,该用户可能是对直播中提到的眼部产品使用方法感到困惑，想询问如何正确使用或涂抹在眼皮上。
weixue0806,美容护肤,再来呗,0,该用户想表达的含义是：希望主播再次补货或重新上架商品。
weixue0806,美容护肤,"雪,你知道润美迪欧么?雪,你知道润美迪欧么?",0,该用户可能在急切地询问主播是否了解某个品牌或产品（润美迪欧），试图通过重复提问引起注意并获取相关信息。
weixue0806,美容护肤,有去斑的吗,1,该用户可能在询问直播间是否有售卖祛斑功效的产品。
weixue0806,美容护肤,上点吧,0,该用户是在催促主播增加商品库存或补货上架。
weixue0806,美容护肤,明天晚上,0,该用户可能在询问或确认商品补货/活动安排的具体时间，暗示对某款商品的购买意向或担心错过下次机会。
weixue0806,美容护肤,你好多号播啊,0,该用户可能是在疑惑或调侃主播同时使用多个账号进行直播，觉得这种现象有些异常或有趣。
weixue0806,美容护肤,几点?,0,该用户可能在询问直播中提到的某个商品或活动的具体开始/结束时间。
weixue0806,美容护肤,项链牌子,1,该用户可能在询问主播展示的项链是什么品牌，表现出对产品的具体信息和购买意向。
weixue0806,美容护肤,眼皮怎么办,0,该用户可能在询问主播关于眼部护理产品或方法的推荐，比如如何解决眼皮松弛、浮肿等问题。
weixue0806,美容护肤,体膜再来,1,该用户希望主播重新上架或补货“体膜”产品。
weixue0806,美容护肤,晚上几点开播,0,该用户想询问直播间的固定开播时间，可能是为了规划自己的观看安排或确认是否错过后续场次。
weixue0806,美容护肤,晚安姐,0,该用户可能是想礼貌告别主播，同时暗示自己因时间太晚或兴趣不高而准备离开直播间。
weixue0806,美容护肤,晚安姐姐,0,该用户可能是在直播接近结束时向主播道别，并表达对主播的亲切称呼。
weixue0806,美容护肤,不要晚安,0,该用户想表达的含义是：希望主播不要结束直播，继续带货或互动。
weixue0806,美容护肤,night哦,0,该用户可能是在询问或确认直播结束时间，并带有道晚安的意图。
weixue0806,美容护肤,下播几点开播?,0,该用户想询问主播下一次直播的具体开始时间，以便准时参与观看或购买商品。
weixue0806,美容护肤,"晚安,抢到了,谢谢",0,该用户想表达的含义是：自己成功抢购到商品后向主播道谢并告别。
weixue0806,美容护肤,不晚安,0,该用户想表达的含义是：希望主播不要结束直播，继续播下去。
weixue0806,美容护肤,"晚安,晚安,晚安,晚安",0,"该用户可能是在模仿或附和前面其他观众频繁出现的""晚安""告别语，并无实际购买意向，更多是参与互动或表达准备离开直播间的社交礼仪。"
weixue0806,美容护肤,晚安宝宝,0,该用户是在以亲昵的语气向主播道别，暗示自己准备离开直播间。
weixue0806,美容护肤,怎么有个说小号播,0,该用户可能是在疑惑或调侃主播为何使用多个账号进行直播。
weixue0806,美容护肤,美白内服上下,1,该用户想表达的含义是：询问是否有美白内服产品以及上下单的购买方式。
