id,content,label,background
0,可惜口罩原因不敢买怕快递停在路上,0,该用户因担心疫情导致的物流延误而暂时放弃购买意向。
1,忙死了两边都要看,0,该用户想表达自己同时关注多个直播间导致分身乏术的纠结心态。
2,三文鱼没有了,1,该用户可能因担心物流延误而遗憾无法购买已售罄的三文鱼。
3,上宇辉,0,"该用户可能在催促主播让名为""宇辉""的嘉宾或工作人员上场参与直播。"
4,伴郎服,1,该用户可能是在询问或暗示主播展示或推荐伴郎服装相关的商品。
5,明明上桌,0,该用户想表达的含义是：主播明明刚才把商品摆上展示桌了怎么又拿走了。
6,多吃点,0,该用户可能是在催促主播加快节奏或上架更多商品，类似“赶紧多上点货”的意思。
7,省钱了,0,该用户想表达的含义是：看到商品缺货或不符合需求，自己不用花钱购买了。
8,拍了,1,该用户想表达的是已经下单购买了商品。
9,大米69可以用券大米69可以用券,1,该用户想表达的含义是：询问这款69元的大米是否可以使用优惠券购买。
10,蓝莓原浆拍不了,1,该用户想表达的含义是：想购买蓝莓原浆但发现无法下单。  （结合前文语境，直播间正在讨论商品购买相关话题，如快递担忧、商品缺货、优惠信息等，用户可能是因库存、地区限制或操作问题导致无法完成购买，表达遗憾或寻求帮助。）
11,河北就位啦,0,该用户想表达的含义是：自己已经准备好参与直播间的互动或抢购活动了。
12,和邻居一人一个,0,该用户想表达自己和邻居都打算购买直播间的商品。
13,吃东西怎么这么秀气呀,0,该用户可能在委婉调侃主播吃相过于斯文，暗示可以更放开些享受美食以增强直播感染力。
14,为何我们那么爱辉辉,0,该用户是在表达对主播“辉辉”的喜爱和支持，可能是被主播的表现或产品介绍所打动。
15,好吃,1,该用户想表达的含义是：对直播中展示的食品表示认可和喜爱，暗示有购买意愿。
16,董老二呢,0,该用户可能在询问直播间里某个常出现但当前未露面的主播或嘉宾（如“董老二”）的去向，表达对其出现的期待或对当前环节缺少该人物的疑惑。
17,还有小专场,0,该用户可能在询问或提醒主播是否还会有针对特定商品的集中介绍环节。
18,记笔记,0,该用户想表达的含义是：正在认真记录直播中提到的商品信息或优惠活动。
19,主播好优秀,0,该用户是在夸赞主播的表现出色，可能被其专业能力或人格魅力所打动，从而表达欣赏和支持。
20,挺好看的呀,1,该用户可能是在对直播中展示的某件商品表示认可和欣赏，暗示有潜在的购买意愿。
21,七七好暖,0,该用户是在夸赞主播“七七”的表现让人感到亲切舒适。
22,明明回北京了是吧,0,该用户可能在询问主播“明明”是否已经回到直播间参与互动，表现出对特定主播动向的关注和期待。
23,帅哥中午好呀,0,该用户是在以轻松友好的方式向主播打招呼，表达对直播的关注和互动意愿。
24,巧克力,1,该用户可能是在询问或暗示主播介绍或展示巧克力产品。
25,如火如荼,0,该用户想表达的含义是：直播间的氛围非常热烈活跃。
26,干饭人,0,该用户可能在用网络流行语“干饭人”调侃主播或观众吃饭的样子，暗示直播内容与美食相关或氛围轻松有趣。
27,马马鸟鸟,0,该用户可能在用谐音或方言表达对主播或商品的喜爱，类似于“萌萌哒”或“好可爱”的俏皮夸奖。
28,老公,0,该用户可能是在用亲昵称呼表达对主播的喜爱或互动热情。
29,东东好乖啊,0,该用户是在夸赞直播中展示的产品或宠物（如“东东”）可爱讨喜，流露出对商品的喜爱和潜在购买兴趣。
30,这人是谁,0,该用户可能因主播或嘉宾身份不明而感到疑惑，想确认直播间出现的陌生人物身份。
31,冬冬加油,0,"该用户是在为主播""冬冬""加油打气，表达对主播的支持和喜爱。"
32,这头发,0,该用户可能是在询问或评论主播的发型或发饰的外观效果。
33,四川也拍不了,1,该用户想表达的含义是：商品配送范围不包括四川地区。
34,冯冯好棒,0,该用户是在夸赞主播“冯冯”的表现出色，表达对主播的喜爱和支持。
35,灿在这儿,0,"该用户可能在呼唤或询问主播""灿""当前是否在直播现场。"
36,豆包还有吗,1,该用户是在询问直播间是否还有“豆包”这款商品在售。
37,嫂子在吗,0,该用户可能在询问主播或直播间工作人员是否在线，想确认某个特定商品或环节的 availability。
38,这款除了泡脚可以炖肉吗,1,该用户可能是以调侃或好奇的语气询问产品是否具备除宣传功能外的其他用途（如炖肉），以此试探产品的多功能性或表达对产品实用性的兴趣。
39,中灿辛苦,0,该用户想表达的含义是：对主播中灿的辛勤付出表示慰问和鼓励。
40,像两代人哈哈哈哈,0,该用户可能在调侃直播中人物形象或互动的反差感，觉得双方看起来像有代沟的亲子辈。
41,冯冯太逗了开始撩自己的头发,0,用户觉得主播冯冯的幽默举动（撩头发）很有吸引力，展现了轻松有趣的直播氛围。
42,今天有卖炒锅吗,1,该用户想询问直播间当前是否有炒锅这款商品在售。
43,庆祝你100天拉磨鹏鹏我们永远爱你,0,该用户是在以粉丝身份表达对主播“鹏鹏”的支持和喜爱，庆祝其直播满100天。
44,好吃,1,该用户想表达的含义是：对直播中展示的食品表示认可或产生购买欲望。
45,哈哈哈哈哈哈,0,该用户被直播内容逗乐，用大笑表达轻松愉快的观看情绪。
46,不吓人,0,该用户可能是在评价直播中的某个产品或展示内容并不令人感到害怕或不适。
47,何广智和徐志胜,0,该用户可能是看到直播中出现了何广智和徐志胜两位嘉宾（或相关产品/内容），通过提及他们的名字来表达对这两位人物的关注或兴趣。
48,颈部按摩仪深圳不发货,1,该用户想表达的含义是：询问在深圳地区是否无法购买这款颈部按摩仪。
49,徐州人听得懂,0,该用户可能在表达主播的口音或说话方式让作为徐州人的自己感到亲切熟悉。
50,摸鱼上来看冯冯,0,该用户想表达的含义是：趁空闲时间进直播间看主播冯冯的表演。
51,四川居然不配送,1,该用户想表达的含义是：对商品无法配送到四川地区感到失望或不满。
52,发不了货,1,该用户想表达的含义是：询问自己所在地区是否支持该商品的配送服务。
53,手机,1,该用户可能是在询问直播间是否有手机售卖，或对当前展示的手机产品感兴趣。
54,不支持配送,1,该用户可能因所在地区无法接收商品配送而感到遗憾或不满。
55,支持中灿,0,该用户想表达对主播中灿的支持和鼓励。
56,天权你的记性真是绝了,0,该用户是在调侃主播天权的记忆力差或表现滑稽，可能是在回应之前主播记错产品信息或搞错流程的失误。
57,小孙的嘴回北京了,0,该用户可能在调侃主播说话风格或直播内容与北京相关，暗示主播的言辞或表现突然变得官方或正式。
58,羊奶粉老人可以喝吗,1,该用户是在询问羊奶粉是否适合老年人饮用，以评估该产品是否符合自家老人的需求。
59,这么多地方不能拍,1,该用户想表达的含义是：对商品配送范围受限感到失望或不满。
60,山东回京三天,0,该用户可能在询问从山东发货的商品到北京需要三天时间是否会影响购买决策。
61,好惨大晚上的,0,该用户可能在抱怨直播中提到的商品配送范围受限或发货时间不理想，结合深夜观看场景产生的无奈情绪。
62,加油,0,该用户可能是在为主播或直播间的表现鼓劲打气，表达一种友善的支持态度。
63,77别走,0,"该用户希望主播""77""继续留在直播间不要离开。"
64,我的脑袋里有是董老师是不是可以知识共享,0,该用户可能是想幽默地表达自己受到主播（董老师）的知识吸引，幻想通过某种方式直接获取他的学识。
65,W明明很优秀,0,该用户可能在表达对主播或商品品质的认可，暗示其表现或产品超出预期。
66,荞麦面条今天有吗,1,该用户是在询问直播间当前是否有荞麦面条这款商品在售。
67,辉辉呢,0,"该用户可能在询问主播或嘉宾""辉辉""的去向或为何未出现在直播中。"
68,第一次看冯冯声音好听,0,该用户是在初次观看直播时对主播的声音表示好感，可能因被吸引而停留或产生进一步互动的兴趣。
69,不用单独买,1,该用户想表达的含义是：商品已经包含在其他套餐里，不需要额外单独购买。
70,明明拼了这是,0,该用户想表达的含义是：W明明（主播或产品）的表现非常出色，让人印象深刻。
71,鹏鹏拉磨100天快乐,0,该用户可能在以幽默或调侃的方式庆祝主播“鹏鹏”坚持直播100天，表达对其长期努力的认可和支持。
72,喜旺香肠能不能再来一波儿,1,该用户希望直播间能再次推出喜旺香肠的促销活动或补货上架。
73,虾子不能吃吗,1,该用户可能是在询问直播中提到的虾类产品是否存在食用禁忌或配送限制。
74,这娃还想钻地球,0,该用户可能是在调侃主播或产品的夸张宣传手法，暗示商品描述过于离谱不切实际。
75,为什么虾江苏扬州拍不了,1,该用户想表达的含义是：对无法在江苏扬州地区购买直播间的虾产品感到疑惑和不满。
76,冯冯不挑食了,0,该用户可能是在调侃主播冯冯之前对食物比较挑剔，但现在似乎改变了习惯，表现出对直播中某样商品的兴趣或认可。
77,羊奶粉已拍,1,该用户想表达的含义是：我已经下单购买了羊奶粉。
78,鲜花饼还有吗,1,该用户是在询问直播间是否还有鲜花饼的库存可供购买。
79,孟庭苇,0,该用户可能在询问或提及直播中出现的商品或人物是否与歌手孟庭苇有关联。
80,不好看,0,该用户可能是在对直播中展示的某款商品或主播的穿搭风格表示不满或失望。
81,上才艺,0,该用户可能在催促主播展示更多吸引人的表演或产品介绍来提升直播趣味性。
82,看着都好吃,1,该用户被直播中展示的商品所吸引，产生了强烈的购买欲望。
83,冬冬好放不开啊,0,该用户觉得主播冬冬表现得比较拘谨或不够自然，希望他能更放松活跃一些。
84,仍火腿肠,1,该用户想表达的含义是：希望直播间再次上架火腿肠商品。
85,20元的会员券不能买榴莲蛋糕,1,该用户可能是在抱怨会员优惠券无法用于购买想要的榴莲蛋糕，暗示对促销规则的不满或希望获得更灵活的折扣使用权限。
86,冬冬一会睡一觉去,0,该用户可能在调侃主播冬冬状态不够活跃，暗示他应该休息调整后再来直播。
87,我怎么看不到人呢,0,该用户可能因直播画面卡顿或主播暂时离开镜头而疑惑为何看不到主播本人。
88,正装好帅,1,该用户被主播展示的正装造型所吸引，认为服装款式或上身效果很有魅力。
89,这个便宜吗怎么没了,1,该用户想表达的是询问商品是否因为价格优惠而售罄。
90,烟熏,0,该用户可能是在询问或评论直播中展示的烟熏口味产品（如香肠、火腿等）的相关信息。
91,今天有公鸡的清洗剂吗,1,该用户是在询问直播间当前是否有售卖专门用于清洗公鸡的清洁产品。
92,炒锅炒锅,1,该用户可能在催促主播展示或上架炒锅产品。
93,hua山,0,该用户可能在询问直播中提到的“华山”相关产品或活动是否还有库存或优惠。
94,不支持配送,1,该用户可能是在询问或抱怨商品无法配送到自己所在的地区。
95,冰冻的,1,该用户可能在询问直播中提到的某款冷冻产品是否还有库存或能否配送。
96,生的还是熟的,1,该用户可能在询问直播中展示的商品是未经加工的原始状态还是已经处理好的成品。
97,明明炫了好多,0,该用户可能是想表达“主播刚才展示了很多商品但都没详细介绍清楚”。  （结合前文弹幕中频繁出现的商品询问、价格疑问和配送问题，可推测用户对直播节奏或信息密度不满，用“炫”暗指快速掠过，“好多”暗示未被满足的购买信息需求。）
98,拍不了,1,该用户可能因商品缺货、操作限制或配送问题导致无法成功下单购买。
99,7万人了,0,该用户想表达的含义是：惊讶于直播间观众人数快速增长，并间接暗示对直播内容的关注和参与感。
100,我买锅能用券吗,1,该用户想询问在当前直播间购买炒锅时是否可以使用优惠券。
101,肉筋,1,该用户可能是在询问或评论直播中展示的肉类产品是否带有筋部部位。
102,给你外甥女拍一单,1,该用户想表达的含义是：打算为亲戚家的孩子下单购买直播间的商品。
103,哈哈哈哈哈,0,该用户可能被直播间的轻松氛围或主播的幽默表现逗乐，用大笑表达对当前直播内容的愉悦感受。
104,万鸟岛,0,该用户可能是在询问直播中提到的某个景点或产品是否与“万鸟岛”相关，或者想确认是否有关于该地点的商品推荐。
105,潮湿牛肉丸还有吗,1,该用户想询问直播间是否还有库存的冷冻牛肉丸商品。
106,牛排可以直接买吗,1,该用户想询问直播中展示的牛排是否支持直接下单购买。
107,讲讲怎样拍视频,1,该用户可能对直播中展示的产品（如炒锅、牛肉丸、牛排等）的拍摄效果或使用方式感兴趣，希望主播演示如何拍摄这些商品的使用视频。
108,泡脚包,1,该用户可能在询问直播间是否有泡脚包产品上架或对其功效和购买方式感兴趣。
109,天黑了,0,该用户可能是在询问商品是否适合在夜间使用或保存，比如担心食材在晚上容易变质，或者想确认产品的使用场景是否受光线影响。
110,哈哈哈哈哈,0,该用户可能被直播间的搞笑互动或主播的幽默表现逗乐，用笑声表达轻松愉快的观看体验。
111,冬冬帅气,0,该用户是在夸赞主播的外貌或表现，以此表达对直播内容的喜爱和支持。
112,哈哈哈哈哈哈哈,0,该用户被直播间的欢乐氛围或主播的幽默表现逗乐，纯粹在表达开心情绪而非购物意向。
113,董宇辉,0,该用户可能在呼唤主播董宇辉的名字，希望他回应或关注自己的提问/需求。
114,能不能申请烤肠用20元券啊,1,该用户想询问是否可以将20元优惠券用于购买烤肠产品。
115,董宇辉930下班休息了,0,该用户可能是在调侃或提醒主播董宇辉的工作时间，暗示他该休息了或者表达对他辛苦工作的关心。
116,第一次买搞了三袋,1,该用户想表达的是自己首次购买就下单了三份产品，显示出较强的购买意愿和行动力。
117,河南拍不了啊,1,该用户想表达的含义是：由于地域限制无法参与当前商品的购买。
118,山东已经天黑了吗,0,该用户可能是在确认直播间的实时情况或地理位置，以判断商品配送或活动是否适用于自己所在地区。
119,怕没熟中毒,0,该用户担心食物没煮熟会导致中毒。
120,买了,1,该用户想表达的含义是：我已经下单购买了商品。
121,M许多钱,1,该用户想询问商品的具体价格。
122,没了再加几单,1,该用户想表达的是担心商品库存不足，希望主播能补货以便自己可以多购买一些。
123,明明来广东吗,0,该用户可能在询问主播是否会前往广东进行直播或活动。
124,小孙是你们总经理,0,该用户可能是在询问或确认直播间中某位高管（小孙）的身份，以判断其发言的权威性或获取更多产品信息。
125,产后可以用不,1,该用户可能是想询问直播中介绍的产品是否适合产后女性使用。
126,有自营蔓越莓原浆了拍了,1,该用户想表达的含义是：发现直播间有自营的蔓越莓原浆后立即下单购买了。
127,萝卜炖虾,1,该用户可能在询问主播推荐的菜品搭配或表达对直播中展示的烹饪方式的兴趣。
128,怎么做的,0,该用户想询问直播中展示的商品（可能是泡脚包或萝卜炖虾等）的具体制作方法或使用步骤。
129,很耐看,1,该用户认为商品外观设计经久不衰，越看越有吸引力。
130,我们这里卖99元一斤,1,该用户可能在对比价格或质疑商品的定价是否合理。
131,换个大冰箱,1,该用户可能是在观看家电类商品展示时，对当前展示的冰箱尺寸不满意，希望主播更换更大容量的冰箱进行介绍或上架销售。
132,今天都是西装啊太帅了,1,该用户被直播间的西装展示所吸引，表达了对产品外观的赞赏和潜在的购买兴趣。
133,冬冬,0,该用户可能在呼唤主播的名字或昵称“冬冬”，试图引起注意或互动。
134,五厘米,0,该用户可能在询问或确认商品的尺寸规格是否为五厘米。
135,七七冬冬你们都是值得我们爱的,0,该用户是在表达对主播“七七”和“冬冬”的喜爱与支持，暗示自己因认可主播而愿意购买其推荐的商品。
136,蒜蓉扇贝,1,该用户可能是在询问或确认直播间正在推销的蒜蓉扇贝产品的相关信息。
137,天咋黑这样,0,该用户可能是在询问或感叹直播画面中的天色异常昏暗，怀疑是否因天气变化或拍摄环境导致。
138,吊带,1,该用户可能是在询问或评论直播中展示的吊带服饰款式或相关信息。
139,哈哈哈哈哈哈哈自夸,0,该用户可能在调侃主播自我夸耀的幽默表现，觉得主播的自夸行为很有趣。
140,合唱首歌再走,0,该用户希望主播能通过合唱互动的方式延长直播时间或增加娱乐氛围，以此表达对直播内容的喜爱和留恋。
141,48一斤,1,该用户是在询问或确认当前直播中商品的价格是否为48元一斤。
142,七宝爱你么么哒,0,该用户是在向主播“七宝”表达喜爱和支持的情感。
143,肉块真大想吃,1,该用户被直播中展示的大块肉类产品所吸引，产生了强烈的购买欲望和食欲冲动。
144,宇辉一讲课就开心,0,该用户想表达的含义是：看到主播宇辉讲解产品时的专业表现感到愉悦和认同。
145,哈哈哈,0,该用户被直播间的欢乐氛围感染，通过简短的笑声表达轻松愉快的情绪。
146,大家去冯冯的抖音号有他跳舞的视频抖音号东方冯冯,0,该用户是在向直播间观众推荐主播的其他社交账号内容，试图引导大家去关注主播的舞蹈视频。
147,想买一个锅,1,该用户被直播内容或产品展示所吸引，产生了明确的购买意向，表达出对当前介绍的锅具类商品有实际购置需求。
148,休息一天老了五岁,0,该用户可能是在调侃主播或产品使用效果，暗示用了产品后休息一天反而显得更年轻（与“老了五岁”形成反讽）。
149,拍了,1,该用户想表达的含义是：我已经下单购买了（直播间提到的某件商品）。
150,受教了,0,该用户想表达的含义是：从主播的讲解或演示中学到了有用的知识，感到受益匪浅。
151,虾什么时候有货,1,该用户是在询问商品库存情况，表达了对直播中虾类产品的购买意向。
152,今天辛苦了,0,该用户想表达的含义是：对主播的辛勤付出表示慰问和感谢。
153,辉辉呢,0,"该用户可能在询问主播""辉辉""的去向或期待其出现，表达了对特定主播的关注和互动需求。"
154,甜虾什么时候有,1,该用户是在询问甜虾产品的补货或上架时间，表达了对该商品的购买意向和关注。
155,刚去看了下冯冯的街舞哈哈,0,该用户是在回应其他观众提到的舞蹈视频话题，表示自己已经去查看了相关视频并感到有趣。
156,营养搭配均衡,1,该用户认为直播中展示的食品或套餐的营养配比科学合理，产生了购买兴趣。
157,有几个档,0,该用户可能是在询问商品的价格或规格分档情况。
158,近亲,0,该用户可能在询问直播商品是否有适合亲友共同购买的优惠组合或家庭装。
159,自营红枣有没有,1,该用户是在询问直播间是否有售卖平台自营的红枣产品。
160,光了,0,该用户想表达的含义是：商品已经卖完了。
161,补货,1,该用户想表达的含义是：催促主播尽快重新上架已售罄的商品。
162,看看5号链接,1,该用户想表达的含义是：我想详细了解5号链接的商品信息。
163,收到你写的书了,0,该用户想表达的含义是：已经下单并收到了主播推荐的书。
164,明明去4号,0,该用户可能在催促主播展示或讲解4号链接的商品，表达了对该产品的购买兴趣或好奇。
165,我可以来应聘试吃的吗,0,该用户可能是以幽默的方式表达对直播产品的兴趣，暗示想参与体验或购买食品类商品。
166,儿子考研我就这样说的,0,该用户想表达的含义是：我儿子考研时我也用同样的方式鼓励过他。 （结合直播间的教育、家庭类话题氛围，用户可能在认同主播的教育理念或分享相似的育儿经验）
167,讲书就兴奋了,0,该用户想表达的含义是：主播一提到书籍相关的内容就情绪高涨、充满热情。
168,用牛肉汤煮意面,1,该用户可能是想询问或建议用直播间销售的牛肉汤产品来烹饪意面，表达了对食材搭配的兴趣或购买意向。
169,俩个优秀的年轻人,0,该用户可能在称赞直播间的两位主播或工作人员表现出色，表达对他们的欣赏和支持。
170,冬冬你说爱我我就买啊,0,该用户以开玩笑的方式表达了对主播的喜爱，并暗示如果主播回应互动就会下单购买。
171,冯老师戴皮套是有女朋友了嘛,0,该用户可能在调侃主播的装扮变化，并借此询问主播的个人感情状况以活跃气氛。
172,小孙老师不是紧张是太疲惫了,0,该用户想表达的含义是：主播看起来状态不佳是因为劳累而非紧张，体现出对主播的关心和观察。
173,自古兵家必不争之地,0,该用户可能是在调侃当前直播间的商品或话题缺乏吸引力，暗示这里没什么值得关注或争抢的内容。
174,前两天才买20块10个,1,该用户想表达的含义是：我最近刚以优惠价格购买了同类产品，暂时不需要再买了。
175,买了特别,1,该用户想表达的含义是：已经下单购买了这款产品。
176,书签什么时候会在上,1,该用户是在询问之前提到的书签商品何时会再次补货上架。
177,晚饭在直播间解决了,0,该用户想表达的含义是：今晚的晚餐就决定购买直播间推荐的商品了。
178,抢光了,1,该用户想表达的含义是：商品已经售罄，希望尽快补货。
179,柿子特别特别好,1,该用户想表达的含义是：对直播中推荐的柿子产品非常满意并强烈推荐。
180,哈哈,0,该用户可能被直播间的轻松氛围或某个幽默互动逗乐，用“哈哈”表达愉悦情绪而非明确的购买意向。
181,趁着工作干饭,0,该用户想表达的含义是：趁着工作间隙看直播放松一下。
182,加油加油加油加油加油加油加油,0,该用户可能在为主播或直播间的活跃氛围加油打气，表达对直播内容的支持与鼓励。
183,5斤怎么存放,1,该用户想表达的含义是：询问购买5斤装商品后的储存方法。
184,冻鱼,1,该用户可能是在询问直播中提到的冷冻鱼类产品的相关信息或表达对这类商品的兴趣。
185,华山以东,0,该用户可能在用地理梗调侃直播间的氛围或产品特点，暗示某种地域性的幽默或对比。
186,七七好会哈哈哈哈,0,该用户是在被主播“七七”的幽默表现逗乐后，用笑声表达对直播氛围的享受和互动参与感。
187,蓝胖奶粉,1,该用户可能在询问或表达对直播中提到的“蓝胖奶粉”这款产品的兴趣或购买意向。
188,拍不了,1,该用户想表达的含义是：当前商品无法成功下单或抢购失败。
189,东方甄选的一帮年轻人真棒,0,该用户是在赞赏直播团队年轻成员的出色表现，并隐含对直播间整体氛围和内容的认可。
190,哇鹏鹏好帅,0,该用户是在表达对主播外貌的赞赏，但并未直接表现出明确的购买意向。
191,烤肠不会做,1,该用户可能是对直播中展示的烤肠产品感兴趣，但担心自己缺乏烹饪技巧而犹豫是否购买。
192,杰西这么早吃晚餐啦,0,该用户可能是在调侃主播的用餐时间与常人不同，同时隐含对直播内容或节奏的关注。
193,酸甜还是纯甜的呀,1,该用户是在询问直播中展示的水果（可能是柿子或其他类似产品）的口味偏向，想了解是偏酸带甜还是完全甜味的，以便决定是否购买。
194,找只活螃蟹玩,1,该用户可能是在以调侃或猎奇的口吻表达对直播中展示的螃蟹商品的兴趣，暗示想购买一只活螃蟹作为宠物或娱乐用途。
195,果冻橙链接,1,该用户想表达的含义是：询问主播果冻橙的购买链接在哪里。
196,头发这样好看,0,该用户可能是对主播的发型或造型表示赞赏，暗示自己也有类似的审美偏好或购买同类发型产品的兴趣。
197,蓬莱阁景区对面有黄渤海分界线,0,该用户可能在分享与直播商品相关的旅游景点信息，暗示对当地特产或旅游产品有兴趣。
198,上衬衣吧,1,该用户希望主播尽快展示或上架衬衫商品以供购买。
199,怎么穿西服,1,该用户可能在询问主播关于西服的穿搭建议或搭配方式。
200,福建,0,该用户可能在询问直播中提到的商品（如海鲜、水果等）是否产自福建或与福建有关。
201,北京不能买,1,该用户想表达的含义是：所在地区不在商品的配送范围内。
202,蒜泥好吃,1,该用户可能是在询问或评价当前直播展示的蒜泥产品的口味，表达对其美味的认可或想了解更多相关信息。
203,快把我哄睡了,0,该用户可能是在调侃直播节奏过于平淡或内容不够吸引人，暗示自己快要看睡着了。
204,河南不发货,1,该用户想表达的含义是：询问或抱怨自己所在的河南地区不在商品配送范围内。
205,买了橙子,1,该用户想表达的含义是：已经下单购买了直播间推荐的橙子产品。
206,巴西产河流,0,该用户可能在询问直播中提到的某款商品（如食品或农产品）是否产自巴西的河流流域地区。
207,好看就算了别盲目跟风,0,该用户是在提醒大家理性消费，不要因为商品外观吸引人就冲动下单。
208,管吃管住,0,该用户可能是在调侃或询问主播是否会提供类似“包吃包住”的福利或优惠活动。
209,确定我儿子和我说的时候我还不相信,0,该用户想表达的含义是：起初对儿子提到的直播内容持怀疑态度，但实际观看后改变了看法。
210,拌饭海苔开袋后保质期多久的,1,该用户想表达的含义是：询问拌饭海苔开封后的食用期限以评估是否适合购买。  （结合前文弹幕中频繁出现的商品细节提问（如果冻橙链接、酸甜口味）、地域发货问题（河南不发货）及食用相关讨论（蒜泥好吃），可推断用户关注点落在产品实际使用层面，且隐含对商品新鲜度和储存条件的顾虑，属于实质性购买意向的试探。）
211,哈哈哈,0,该用户可能是被直播间的轻松氛围或主播的幽默表现逗乐了，用笑声表达愉悦情绪而非购买意向。
212,亲们牛排好吃吗,1,该用户想询问牛排的口感和品质，以判断是否值得购买。
213,大哥你也喝点哈哈哈笑死了,0,该用户可能是在调侃主播或直播间氛围，以轻松玩笑的方式参与互动而非表达购买意向。
214,这个主播真不错,0,该用户是在认可主播的表现风格或带货能力，可能因此对直播内容产生好感并提升购买意愿。
215,董宇辉930下班休息了,0,该用户可能是在调侃主播工作时间过长，暗示直播时间已晚或内容单调让人犯困。
216,白目耳白目耳白目耳白目耳白目耳,1,该用户可能是在用重复的谐音梗调侃或催促主播上架某款商品（如“白木耳”），表达急切或玩笑式的购买意愿。
217,佳慧,0,该用户可能在询问或提及主播或商品相关的名称“佳慧”，可能是想确认主播身份、询问商品信息或表达对某个叫“佳慧”的人/物的兴趣。
218,时尚,0,该用户可能是在评价当前展示的商品或穿搭风格具有潮流感。
219,安徽的不错,0,该用户可能是在对直播中提到的某个安徽产的商品表示认可或产生购买意向。
220,小孙有点累早点休息,0,该用户是在关心主播的身体状况，建议主播提前结束直播去休息。
221,土豆哈哈哈哈哈,1,该用户可能是在用无意义的调侃或跟风刷屏来参与互动，并无实际购买意向。
222,鹏鹏今天好帅呀,0,该用户是在夸赞主播的外表魅力，但并未直接表现出对商品的购买意向。
223,傻不傻,0,该用户可能是在吐槽主播或直播内容显得幼稚或缺乏吸引力。
224,搞的我都饿了,0,该用户被直播内容勾起食欲，间接表达了对展示商品的兴趣或好感。
225,唱歌,0,该用户可能是在调侃或建议主播表演才艺来活跃气氛，而非表达购买意向。
226,爱七七爱东东,0,该用户可能在表达对主播或商品的喜爱和支持，类似于粉丝为偶像打call的应援行为。
227,有面吗,1,该用户可能在询问直播间是否正在介绍或售卖面条类食品。
228,十二星座黑笔什么时候卖,1,该用户是在询问直播间何时会上架销售十二星座主题的黑色中性笔产品。
229,发型一样,0,该用户可能是在调侃主播或某个观众的发型与直播展示的商品/人物形象相似，以此表达对当前画面的注意或幽默互动。
230,南京怎么不配送,1,该用户可能因所在地区无法购买商品而感到失望，暗示希望开通南京地区的配送服务。
231,拍了酱油,1,该用户想表达的含义是：我已经下单购买了酱油。
232,今天收到了非常好吃果特别大一个都吃不了,1,该用户想表达的含义是：对刚收到的水果品质感到惊喜，个头大得超出预期。
233,上点哈尔滨红肠,1,该用户希望主播尽快上架哈尔滨红肠这款商品进行售卖。
234,为什么萝卜跟蜂蜜安徽发不了呢其他的都可以,1,该用户想表达的含义是：对安徽地区无法购买萝卜和蜂蜜这一配送限制感到疑惑，因为其他商品都可以正常下单。
235,负责任的明明,0,该用户可能在称赞主播或品牌方在商品品质或服务方面表现出的可靠性和诚信态度。
236,不要说我买不了,1,该用户想表达的含义是：我也想购买但受限于某些条件无法下单。
237,青岛,0,该用户可能在询问直播间是否有青岛特产或相关商品上架。
238,哈哈哈哈哈哈,0,该用户可能是被直播间的轻松氛围或主播的幽默表现逗乐了，用笑声表达对当前直播内容的愉悦感受。
239,山东,0,该用户可能在询问商品是否支持配送到山东地区。
240,卖货卖货,1,该用户可能在催促主播加快节奏或切换回卖货环节，表达了对购物流程的期待和参与交易的急切心情。
241,鹿出去,0,该用户可能是在催促主播尽快上架或展示商品，表达了对当前直播节奏较慢的不满或急切想看到新品的意愿。
242,正宗的柿子才摘下来不能吃,1,该用户想表达的含义是：刚采摘的新鲜柿子需要经过处理才能食用。
243,我的家乡,0,该用户可能是在询问直播间是否有售卖其家乡的特产或商品。
244,青岛发不了,1,该用户想表达的含义是：询问商品是否支持配送到青岛地区。
245,小孙真是优秀的领导,0,该用户是在夸赞主播小孙的带货能力强、团队管理出色，间接表达了对直播内容的认可和信任。
246,哈哈哈哈哈哈哈哈哈哈哈哈,0,该用户被直播间的轻松氛围或某条有趣的内容逗乐了，用大笑表达愉悦情绪而非购买意向。
247,我们中秋还用芝麻杆打火把呢,0,该用户可能在分享自己家乡的中秋节传统习俗，表达对节日文化的怀旧或自豪感。
248,不需要放油,0,该用户可能在表达对当前直播中展示的某款食品或烹饪产品无需额外添加食用油的意见或建议。
249,大人孩子都可以用是吧,1,该用户是在确认商品是否具备全家适用的通用性，表现出对产品适用范围的潜在购买顾虑。
250,辛苦辛苦了上班路上鹏鹏在直播中午吃饭了鹏鹏还在,0,该用户想表达的含义是：主播鹏鹏从上班时间一直直播到中午都没休息，很辛苦。
251,笑死,0,该用户可能是被直播间的欢乐氛围或主播的幽默表现逗乐了，用“笑死”来表达轻松愉悦的情绪。
252,经典曲奇很好,1,该用户是在称赞直播中展示的经典曲奇产品品质优良，表达了对商品的认可和潜在的购买兴趣。
253,让我渴死吧,0,该用户可能是在用夸张的玩笑表达对当前展示商品的强烈渴望，类似于“这也太诱人了吧，我忍不住想买了”。
254,帅出天际,0,该用户可能是在夸赞主播或产品的外形/表现非常出众，带有兴奋和赞赏的情绪。
255,帅哥团,0,该用户是在夸赞直播间的男性主播或团队成员外形出众，并表达对他们的喜爱和支持。
256,什么时候又上满婷,1,该用户想询问满婷产品何时再次补货上架。
257,有肉松吗,1,该用户是在询问直播中售卖的产品是否包含肉松口味或成分。
258,手好看,0,该用户可能是在夸赞主播或展示商品的手部特写很好看，暗示对商品或主播外形的兴趣。
259,上桌子试一试,0,该用户可能是对主播展示的产品功能感兴趣，想通过实际演示（如把产品放在桌上试用）来进一步了解产品效果。
260,啦啦啦啦啦啦啦,0,该用户可能是在随意哼唱或表达轻松愉悦的情绪，并无明确购买意向。
261,优秀啊,0,该用户想表达的含义是：对直播内容或主播表现的高度赞赏和认可。
262,可以只要颈椎贴吗,1,该用户想询问是否能够单独购买直播中提到的颈椎贴产品。
263,聊逛公园和谁去了,0,该用户可能是在询问主播之前提到的某个关于逛公园的话题细节，比如当时和谁一起去的，表达了对主播个人生活或直播内容的兴趣和好奇。
264,到理发店开盲盒,0,该用户可能在调侃或吐槽理发店的技术不稳定，剪发效果像开盲盒一样难以预料。
265,隔着屏幕噎口水啦,0,该用户想表达的含义是：直播展示的美食看起来太诱人，让人忍不住想流口水。
266,妹妹好好吃饭,0,该用户可能是在以轻松调侃的方式表达对主播（或直播中人物）的关心，暗示对方在忙碌直播的同时也要注意身体、按时用餐。
267,爱七七,0,该用户可能在表达对主播或商品的喜爱和支持，类似于“好喜欢七七（主播/产品名）”的亲切称呼。
268,更精神了,0,该用户想表达的含义是：主播换了新造型或状态更好，显得更有活力了。
269,有没有空刻意面,1,该用户是在询问直播间是否有售卖空刻意面这款产品。
270,什么时候,0,该用户可能是在询问主播当前展示的商品或活动何时开始或再次上架。
271,不要剪绳子,0,该用户可能在请求主播不要剪断或改动当前展示商品上的装饰绳或功能绳（如饰品挂绳、包装绳等），希望保留原样。
272,三小只非常棒,0,该用户是在夸赞直播中出现的三位主播或产品代言人表现出色。
273,冯冯最帅,0,该用户是在夸赞主播冯冯的外貌出众，表达对主播的喜爱和支持。
274,冯冯,0,该用户是在表达对主播“冯冯”的支持或喜爱。
275,有蓝胖子吗,1,该用户可能在询问直播间是否有售卖“蓝胖子”相关产品。
276,明明好看,0,该用户想表达的含义是：主播的穿搭或展示的商品款式很吸引人。
277,太帅了吧,0,该用户是在夸赞主播或展示商品的模特外形出众，表达对人物形象的欣赏和喜爱。
278,碗卖吗,1,该用户是在询问直播中展示的碗是否可供购买。
279,早上好,0,该用户可能是在以轻松问候的方式融入直播间的互动氛围，试图引起主播或其他观众的注意。
280,明明啥年代的,0,该用户想表达的含义是：这个产品看起来很有年代感/复古风格。
281,帅到爆,0,该用户是在夸赞主播或展示商品的形象气质出众，表达欣赏和喜爱的情绪。
282,小孙有学识大智慧,0,该用户是在夸赞主播小孙的才华和人格魅力，表达对其专业素养或个人特质的欣赏。
283,好东西,1,该用户想表达的含义是：这件商品看起来很不错，我很感兴趣。
284,支持冯冯大才子,0,该用户是在表达对主播“冯冯”的喜爱和支持，可能是被其个人魅力或直播内容所吸引而发出的鼓励性互动。
285,杰西唱歌非常好听,0,该用户是在夸赞主播杰西的才艺表现，表达对其歌唱能力的欣赏和喜爱。
286,意面好吃,1,该用户可能在询问或确认直播中提到的意面产品的口味体验，暗示对购买该食品感兴趣。
287,鹏鹏炫起来,0,该用户可能在以轻松调侃的方式鼓励主播（鹏鹏）更活跃地展示或试吃产品，表达对直播内容的积极参与和支持。
288,我在沈阳天也黑了东早西晚,0,该用户想表达的含义是：我所在的沈阳天黑时间比东部早、比西部晚。
289,爱你呦,0,该用户是在向主播或直播间中的某位角色（如“冯冯”）表达喜爱和支持的情感。
290,什么时候去,0,该用户可能是在询问直播中提到的某个商品或活动环节的具体开始时间。
291,现在,0,该用户可能是在询问当前直播中正在介绍或展示的商品是否即刻开售或是否有促销活动。
292,哈哈哈哈哈哈,0,该用户可能被直播间的欢乐氛围或主播的幽默表现逗乐，用大笑表达轻松愉悦的情绪，但并未直接体现购买意向。
293,这么晚才吃饭,0,该用户可能是在感叹主播直播时间较晚，间接表达对主播辛苦工作的关心或对直播时长的惊讶。
294,董宇辉说的,0,该用户可能是想询问或确认董宇辉在直播中提到的某个产品或观点。
295,卖货卖货,1,该用户可能是催促主播加快节奏或正式进入卖货环节。
296,你这样会吃胖的,0,该用户可能在调侃主播当前展示的食品或吃播行为，暗示这样吃下去容易发胖，带有轻松打趣的意味。
297,没有火龙果了啊,1,该用户想表达的含义是：对直播间商品火龙果已售罄感到遗憾或询问是否还会补货。
298,已拍加急,1,该用户想表达自己已经下单并选择了加急配送服务，表明其有明确的购买意愿和急切收货的需求。
299,有什么好处,0,该用户可能在询问直播中推荐的产品或服务能带来哪些实际优惠或独特价值。
300,江西入场,0,该用户可能是想询问主播是否已经轮到江西地区的商品或活动环节。
301,鹏鹏不要限定年龄,0,该用户希望主播鹏鹏不要对商品或活动设置年龄限制，以便更多观众能参与购买。
302,各人各爱这个酱油没那个鲜,1,该用户想表达的含义是：不同人有不同口味偏好，这款酱油的鲜味不如另一款。
303,弥猴桃很好吃,1,该用户可能是在认可主播推荐的产品品质，暗示对猕猴桃有兴趣或已购买体验良好。
304,冯冯牛逼,0,该用户是在热情夸赞主播“冯冯”的表现或能力，表达对其的喜爱和支持。
305,兄弟们昭通苹果巨好吃我这是云南的但是我怕买不对专门来这里买的,1,该用户想表达的含义是：自己作为云南人认可昭通苹果的品质，但担心在其他渠道买到假货，所以特意来这个直播间购买以确保正品。
306,南通也有通州,0,该用户可能是在调侃或纠正直播中提到的地名信息，暗示南通和通州是两个不同的地方。
307,腰果可以用20的券吗,1,该用户想询问当前直播间的优惠券是否适用于购买腰果产品。
308,哈哈哈哈哈哈哈哈哈哈哈哈,0,该用户被直播间的欢乐氛围或主播的幽默表现逗乐，纯粹在表达开怀大笑的情绪。
309,自营冷链产品都不配送,1,该用户可能在抱怨直播间推荐的自营生鲜商品无法配送到自己所在地区，因而感到失望或不满。
310,可爱明,0,该用户可能在用昵称或简称表达对主播或商品的喜爱，暗示被展示物品的可爱特质吸引。
311,北京都拍不了,0,该用户可能是在遗憾地表示自己所在的北京地区无法参与当前直播间的商品购买或配送服务。
312,啊哈嘿,0,该用户可能是在轻松互动中表达随性的附和或跟着直播氛围起哄。
313,明明棒棒哒,0,该用户是在夸赞主播或商品表现优秀，表达喜爱和支持的态度。
314,母的爱情啥,0,该用户可能是在询问或调侃主播推荐的产品是否适合母亲或长辈使用。
315,你到底还卖不卖货,0,该用户可能是在催促主播加快节奏或回归正题，表达对当前直播内容偏离卖货主题的不满或急切想了解商品信息的心情。
316,梨肉细腻吗,1,该用户是在询问直播中展示的梨子果肉的口感是否细嫩，以此判断是否值得购买。
317,有几个,1,该用户可能在询问当前展示的商品有几种规格或款式可选。
318,董董会,0,该用户可能在呼唤主播“董董”并期待其回应或介绍商品。
319,干饭小王子,0,该用户可能是以幽默昵称的方式表达对主播或直播内容的喜爱，暗示自己是个热衷美食的活跃观众。
320,河南入场,0,该用户可能是以地域身份表明自己的存在感，类似其他观众报地名互动的行为。
321,抬头纹都出来了,0,该用户可能在调侃主播表情夸张或卖力推销时的面部表情，暗示主播过于投入导致皱纹明显。
322,好吃,1,该用户想表达的含义是：对直播中展示的食品表示认可和喜爱。
323,擦手擦手,0,该用户可能是在催促主播加快节奏或切换商品，暗示当前环节（如试吃、展示）已经结束，希望进入下一流程。
324,艾草贴,1,该用户可能是在询问或表达对直播中提到的“艾草贴”产品的兴趣，想了解详情或考虑购买。
325,什么时候会有核桃,1,该用户是在询问直播中是否会推出核桃商品以及具体的上架时间。
326,这个我买了流油,1,该用户想表达的含义是：这款产品我已经购买并且体验非常好（用“流油”形容效果或品质超出预期）。
327,什么时候有牛奶,1,该用户是在询问直播中是否会推出牛奶产品以及具体的上架时间。
328,杰西唱歌好听,0,该用户可能是在赞赏主播的才艺表现，而非直接表达对商品的购买兴趣。
329,这个卖的是啥啊,1,该用户可能因直播节奏较快或信息不清晰，想确认当前展示商品的具体品类或功能。
330,喜欢冯冯,0,该用户是在表达对主播“冯冯”的喜爱和支持。
331,好多东西我们甘肃都寄不到,1,该用户可能因所在地区无法购买直播商品而感到遗憾和不满。
332,好用我家用的就是这个,1,该用户想表达的含义是：我正在使用这款产品并且体验很好，推荐给大家。
333,虾仁什么时候上,1,该用户是在询问直播中即将销售的虾仁产品何时开始推介。
334,七七早上好,0,该用户可能是以问候主播的方式表达对直播的关注和参与感，试图融入直播间的互动氛围。
335,天黑了,0,该用户可能是在委婉催促主播加快节奏或进入正题，暗示直播时间已晚但还未看到心仪商品。
336,蒸下就可以吃了,1,该用户想表达的含义是：这款食品的食用方法简单方便，只需蒸制即可食用。
337,锅是什么材质的,1,该用户想询问直播中展示的锅具产品的具体材质信息，以评估是否符合自己的购买需求。
338,乳胶枕链接在哪,1,该用户想表达的含义是：对乳胶枕有购买意向，希望获取商品链接以便下单。
339,冯冯好帅,0,该用户是在夸赞主播冯冯的外貌，表达对主播的喜爱和支持。
340,这个柿脆甜,1,该用户想表达的含义是：这款柿子口感酥脆且味道香甜，对产品表示认可和兴趣。
341,猕猴桃有吗,1,该用户想询问直播间是否有猕猴桃在售或即将上架。
342,这个午餐肉买了好几次了,1,该用户想表达的含义是：我对这款午餐肉很满意，已经复购多次了。
343,鹏鹏慢点吃少说话,0,该用户可能在委婉提醒主播放慢节奏，专注于展示产品而非个人行为，以便观众能更清楚地了解商品信息。
344,冯冯有才气,0,该用户是在夸赞主播“冯冯”有才华，表达对主播的欣赏和支持。
345,帅气,0,该用户想表达的含义是：称赞主播的外貌或气质吸引人。
346,芝麻开花节节高,0,该用户可能在用谐音或比喻的方式询问商品是否会持续补货或上新，表达对后续商品供应的期待。
347,七七,0,该用户可能在友好地打招呼或呼唤主播“七七”的名字，表达对主播的关注或喜爱。
348,买买买,1,该用户想表达的含义是：对当前展示的商品有强烈的购买意愿并准备下单。
349,冬冬手指也没啥白月牙,0,该用户可能在委婉地表达对主播或产品外观的挑剔，暗示主播手指健康状况不佳（缺乏月牙）可能影响产品形象或可信度。
350,我要铁锅,1,该用户想表达的是对直播中展示的铁锅有明确的购买意向。
351,七七优秀,0,该用户是在夸赞主播“七七”的表现出色或产品推荐到位。
352,北极甜虾没有了,1,该用户想表达的含义是：询问或提醒主播北极甜虾已售罄，希望补货或确认是否还会上架。
353,讲历史,0,该用户可能是在催促主播跳过闲聊环节，直接介绍产品的背景或卖点。
354,牛肉干怎么拍,1,该用户想询问购买牛肉干的具体下单方式或操作步骤。
355,刚看到跳街舞那段,0,该用户想表达的含义是：对直播中街舞表演的片段印象深刻并产生兴趣。
356,牛棒骨有吗,1,该用户是在询问直播间是否有售卖牛棒骨这款产品。
357,牛肉丸拍不了呢,1,该用户想表达的含义是：当前无法购买直播中展示的牛肉丸商品。
358,明明炫一个,0,该用户可能在呼吁主播“冯冯”展示或试吃当前推荐的产品。
359,太可爱了悠悠,0,该用户被直播内容中的某个展示物品或主播表现所吸引，表达了喜爱和赞赏的情绪。
360,东东说的好清楚,0,该用户是在夸赞主播“东东”讲解产品时表达清晰、容易理解。
361,感觉好香啊,1,该用户被直播中展示的商品或食物的气味所吸引，产生了强烈的购买欲望。
362,为什么北京发不了货,1,该用户因所在地（北京）无法下单而表达不满或询问原因。
363,晚上几点,0,该用户想询问直播中提到的某个商品或活动在晚上的具体开始时间。
364,天权,0,该用户可能在询问或提及直播中提到的某个商品名称或主播昵称，比如“天权”可能是某款产品的简称或主播的别称。
365,新疆为啥还不发货,1,该用户因购买意向强烈而焦急询问新疆地区订单的物流延迟原因。
366,哈哈哈哈哈哈哈哈,0,该用户被直播间的欢乐氛围或主播的幽默表现逗乐，用大笑表达轻松愉悦的情绪。
367,有个人一直咳嗽,0,该用户可能是在抱怨直播间的背景环境干扰，暗示有人咳嗽影响了观看体验或分散了对商品的注意力。
368,挺好用的,1,该用户想表达的含义是：对直播中展示的产品使用效果表示认可和满意。
369,我滴妈,0,该用户可能是在感叹直播中展示的商品效果或主播的表现超出了预期，表达一种惊喜或惊讶的情绪。
370,拍一发二吗,1,该用户是在询问商品是否买一送一。
371,七七啊听说宇辉改名董正淳和董小宝为啥,0,该用户可能在调侃主播名字的变动，并好奇背后的原因或故事。
372,别人都回北京了,0,该用户可能在抱怨自己所在地（如北京）无法正常收货，而其他地区的买家已经收到商品或物流恢复正常。
373,我居然错过咱大无锡,0,该用户可能因地域归属感或错过直播中的无锡相关商品/内容而感到遗憾。
374,人些够粉哈这个时候都还有这么多人,0,该用户想表达的含义是：没想到这么晚了直播间还有这么多人在观看。
375,终于说英语了,0,该用户可能是在期待主播切换为英语讲解或表达对之前非英语内容的不满，暗示希望听到更多英语内容。
376,哈哈哈,0,该用户可能被直播间的轻松氛围或主播的幽默表现逗乐，用笑声表达愉悦情绪而非具体购买意向。
377,怎么这么多地方拍不了,1,该用户想表达的含义是：对商品无法在多个地区下单感到困惑和不满。
378,哈哈哈哈哈哈哈哈,0,该用户被直播间的欢乐氛围或主播的幽默表现逗乐，用大笑表达轻松愉快的情绪。
379,带鱼清炖不腥吗,1,该用户可能是在质疑带鱼清炖的做法是否能有效去除腥味，表达了对产品烹饪方式的实际效果的好奇或担忧。
380,天权小可爱,0,"该用户是在用昵称表达对主播""天权""的喜爱和亲近感。"
381,你们这么吃太气人了我又买不了,0,该用户因无法购买直播展示的商品而感到羡慕和懊恼。
382,牛排不错,1,该用户想表达的含义是：这款牛排看起来品质很好，让我产生了购买欲望。
383,n小黄车有一款羊毛冬厚被已开价,1,该用户是在提醒主播或观众购物车中已上架一款冬季加厚羊毛被并开放了购买链接。
384,猕猴桃都不需要削皮吗,1,该用户可能对猕猴桃的食用方式感到好奇，想确认是否可以直接食用而无需处理果皮。
385,多吃深海鱼,1,该用户可能是在看到直播中展示或提及深海鱼产品后，表达希望增加此类商品推荐或促销力度的意愿。
386,冯皮蛋来了吗,1,该用户可能在询问直播间是否邀请了某位昵称为“冯皮蛋”的嘉宾或主播参与互动。
387,让七七和师父凑合凑合吧东方小孙,0,该用户是在调侃主播七七和东方小孙的关系，建议他们两人配对或合作。
388,冬冬好帅漫画男,0,"该用户是在夸赞主播""冬冬""的外形气质像漫画中的帅气男主角，表达了对主播个人魅力的喜爱和关注。"
389,说好的蛋饭呢,1,该用户可能在催促主播展示或解释之前承诺过的蛋炒饭相关产品或活动。
390,看着也不辣啊,1,该用户可能对直播中展示的食品辣度表示怀疑或失望，认为产品实际效果与宣传不符。
391,已拍,1,该用户想表达的含义是：我已经下单购买了直播间的商品。
392,蜂蜜还有吗,1,该用户是在询问直播间是否还有蜂蜜产品在售，表达了对该商品的购买意向。
393,小董宇辉的抖音,0,该用户可能在询问或提及主播“小董宇辉”的抖音账号信息，可能是想关注或了解更多相关内容。
394,我也买了吃饺子,1,该用户想表达的含义是：我也跟风下单了这款饺子产品。
395,大小比较下,1,该用户想询问商品的尺寸对比信息，可能是想了解实物大小或与其他产品的比较情况。
396,烟台苹果莱阳梨,1,该用户可能是在询问或比较直播间正在推销的烟台苹果和莱阳梨这两种水果的商品信息。
397,很喜欢随州,0,该用户可能是在表达对直播中提到的随州特产或相关商品的喜爱和购买意向。
398,买不了,1,该用户想表达的含义是：因为某些原因无法购买商品而感到遗憾或不满。
399,一定要过去,0,该用户想表达的含义是：打算前往购买或参与直播间的活动。
400,不肿帅着呢,0,该用户是在反驳或调侃此前可能有人对主播外貌的负面评价，强调主播看起来精神帅气、状态很好。
401,晚上好,0,该用户可能是在礼貌性地打招呼，同时暗示自己刚进入直播间并开始关注直播内容。
402,刚开始不是269吗,1,该用户可能是在质疑商品价格的变动，认为之前看到的价格比现在更低，对当前的定价感到疑惑或不满意。
403,控制不住又瘪了,0,该用户可能是在表达自己本想控制购物欲望却又忍不住下单了。
404,云南的,0,该用户可能是在询问或确认直播中提到的产品是否来自云南产地。
405,鹏鹏好帅,0,该用户是在夸赞主播的外貌吸引人，表达对主播的喜爱和关注。
406,装嗓子疼就有得喝,0,该用户是在调侃或讽刺某些观众通过假装不适（如嗓子疼）来博取主播关注或获取赠品（如饮品）的行为。
407,其实剪的挺好的有的人没看习惯,0,该用户想表达的含义是：虽然有些人还不适应这种剪辑风格，但整体效果其实不错。
408,兰州入场,0,该用户可能是在询问或确认直播中提到的“兰州”相关产品（如特产或活动）是否已开始上架或参与促销。
409,正在吃好吃,1,该用户想表达的含义是：我正在品尝这款产品，味道很不错。
410,今天年轻了灿灿,0,该用户可能在夸赞主播今天的造型或状态显得比平时更年轻有活力。
411,陈桂圆,1,该用户可能是在询问或提及直播中出现的某个人名（如主播、嘉宾或产品相关人物），试图确认其身份或表达对其的关注。
412,吃CEO你来当,0,该用户可能在调侃主播或品牌方，暗示产品吸引力强到让人想取代老板的位置来掌控货源。
413,为什么所有生鲜我这都买不了,1,该用户因所在地区无法购买直播间的生鲜商品而感到困惑和不满。
414,牛肉丸还能上货吗,1,该用户想询问直播间是否还会补货牛肉丸，表达了对该商品的购买意愿。
415,天权这么可爱的吗,0,该用户被主播天权的可爱表现所吸引，表达了对主播个人魅力的喜爱和关注。
416,抢光了,1,该用户想表达的含义是：商品已经售罄，自己没能抢到想要的物品。
417,人气票人气票人气票,0,该用户可能在呼吁大家为主播投人气票以提升直播间热度。
418,不要说我买不了,0,该用户想表达的是“我也想购买但受限于某些条件无法下单”。
419,哇哈哈效应,0,该用户可能在调侃直播间的抢购氛围过于狂热，暗示大家像被“哇哈哈”广告效应洗脑一样盲目跟风消费。
420,女儿,0,该用户可能是想询问直播中展示的商品是否适合自己女儿使用或购买。
421,早上好,0,该用户可能是在打招呼的同时暗示自己刚进入直播间，对当前直播内容还不太了解。
422,冬冬,0,该用户可能在呼唤主播或其他观众的名字以表达互动意愿。
423,七七宝宝,0,该用户可能在用昵称或爱称呼唤主播或直播间中的某个活跃角色，表达亲昵互动或支持关注的意图。
424,上海入场,0,该用户可能是想表示自己来自上海并加入直播间的互动。
425,冯冯很优秀,0,该用户是在夸赞主播“冯冯”的表现出色，表达了对主播的喜爱和支持。
426,蒜苗,1,该用户可能在询问直播间是否有蒜苗商品上架或表达对蒜苗的购买兴趣。
427,这两个发型,0,该用户可能对主播展示的两种发型产生了兴趣，想进一步了解或比较两者的区别。
428,你徒弟也姓胡,0,该用户可能在调侃主播或其团队成员的姓氏巧合，以轻松互动的方式拉近与主播的距离。
429,生活号很热闹,0,该用户想表达的含义是：直播间的互动氛围很活跃，大家参与热情很高。
430,辉辉回北京了,0,该用户可能是在询问主播辉辉何时回归直播间或表达对主播行程的关注。
431,芒果干芒果干芒果干芒果干,1,该用户可能是在强烈表达想要购买或关注直播间正在介绍的芒果干产品，通过重复刷屏来引起主播注意或催促上架。
432,卖萌啦,0,该用户可能是在模仿或调侃主播的可爱表现，以此互动或活跃气氛。
433,甜吗,1,该用户可能是在询问直播中展示的水果或甜品的口感如何，以此判断是否有购买意向。
434,脆的嘛,1,该用户可能在询问直播中展示的商品（可能是零食类如芒果干）的口感是否酥脆。
435,一袋多少块,1,该用户是在询问商品包装内的具体数量或规格。
436,我吃的是红柚,1,该用户可能在暗示对直播中提到的水果产品（如红柚）感兴趣，或是在对比自己当前的食用偏好与直播推荐的商品。
437,11号11号,1,该用户可能在询问或强调直播间正在介绍或促销的11号商品/活动。
438,我就是来看一眼看着明明了,0,该用户想表达的含义是：我只是出于好奇随便看看，并没有明确的购买意向。
439,谁在一直发字都看不清影响购物,0,该用户因弹幕刷屏过快导致无法看清直播内容，感到烦躁并抱怨这影响了购物体验。
440,有没有电子锅,1,该用户是在询问直播间是否有售卖电子锅这款产品。
441,果真是爱茶之人,0,该用户想表达的含义是：主播对茶叶的了解和热爱程度让我感到认同和欣赏。
442,茶具有没有盒子,1,该用户是在询问茶具产品是否附带包装盒，以确认商品的完整性和送礼的便利性。
443,阳光少年爱鹏鹏,0,该用户可能在表达对主播“鹏鹏”的喜爱和支持，暗示自己是被主播的阳光形象吸引的粉丝。
444,发言内容,0,该用户可能在询问产品的具体规格或价格信息。
445,咖啡46号链接,1,该用户想表达的含义是：询问或确认咖啡产品的购买链接是46号。
446,蛋挞也可以,1,该用户可能是在询问或提议主播是否也可以售卖蛋挞这类商品。
447,还有没有地球仪,1,该用户是在询问直播间是否还有地球仪这款商品在售。
448,可可托海德牧羊人,0,该用户可能在询问或提及直播间当前展示的商品是否与歌曲《可可托海的牧羊人》相关，或是用歌词梗暗示对某款产品的兴趣（如新疆特产或民族风商品）。
449,卖了5000单,0,该用户可能是想通过强调已售数量来暗示产品的热销程度，以此表达对商品的认可或激发他人的从众购买心理。
450,你们还在坚守呢,0,该用户可能在调侃直播间观众对主播或产品的持续关注和热情，暗示“大家还在这么投入地看直播/抢购啊”。
451,鹏鹏可以不吃晚饭了,0,该用户想表达的含义是：因为对当前直播中展示的商品（可能是食品）很感兴趣，打算购买来代替晚餐。
452,冯老师跳舞,0,该用户可能在调侃或呼吁主播冯老师表演才艺来活跃气氛。
453,犁膏哺乳期妈妈可以喝吗,1,该用户是在询问这款梨膏产品是否适合哺乳期的女性饮用，关注点在于产品的适用人群和安全性。
454,扇贝,1,该用户可能是在询问直播间是否有售卖扇贝产品，或是想了解当前展示商品中扇贝的相关信息。
455,优惠券结束了,1,该用户可能因错过优惠活动而感到遗憾或不满，暗示自己原本有购买意愿但因优惠结束而犹豫。
456,我这都拍不了啊好多天了好急人呐,1,该用户因长时间无法成功下单而感到焦虑和不满。
457,yoyo最美,0,"该用户是在表达对主播""yoyo""的喜爱和赞美，可能是被主播的外貌或表现所吸引。"
458,烤肠加烤肠加烤肠加烤肠加烤肠加烤肠加烤肠加烤肠加烤肠加烤肠加烤肠加烤肠加,1,该用户可能是通过重复强调“烤肠”来表达对产品的强烈兴趣或催促主播尽快介绍/上架该商品。
459,北极虾上点,1,该用户想表达的含义是：催促主播尽快上架或介绍北极虾这款商品。
460,点歌台出现了,0,该用户可能是想提醒主播或观众注意当前直播环节已切换到点歌互动模式。
461,都没有库存,1,该用户想表达的含义是：对商品缺货感到失望并希望尽快补货。
462,小孙帅哈哈哈好领导,0,该用户是在调侃或称赞主播小孙的外貌和领导能力，表达轻松友好的互动氛围。
463,冬冬优秀,0,该用户是在夸赞主播“冬冬”的表现出色或认可其带货能力。
464,玩两袋299我也买了,1,该用户想表达的含义是：看到商品促销活动后决定下单购买两袋。
465,上个视频刚刷到说倒装句,0,"该用户可能是想调侃直播间的语言风格或互动氛围，认为主播或观众频繁使用倒装句式（如""可以不吃晚饭了鹏鹏""这类语法结构），并提到自己刚在别的视频里看到相关讨论。"
466,鹏鹏今天这个磨拉的很有规格,0,该用户想表达的含义是：主播今天展示的磨具工艺非常标准精致。  （结合前文弹幕中频繁提及产品细节、库存和购买行为，且“鹏鹏”是主播昵称，可推断用户是在评价主播演示的产品工艺质量，“有规格”在此处引申为符合高标准。）
467,昨天买的玫瑰花茶收到了,1,该用户想表达的含义是：对之前购买的玫瑰花茶表示收货确认，并可能暗示对产品质量或服务的满意，从而间接展现对该商品的兴趣或认可。
468,小孩可以泡吗,1,该用户想询问直播中展示的产品是否适合儿童使用。
469,一天开播越早我能起的越早一天时间越长,0,该用户想表达的含义是：主播开播时间越早，自己就能更早起床，从而感觉一天的时间更充裕。
470,小鬼当家,0,该用户可能是在询问直播中展示的商品是否适合儿童使用或参与。
471,胡作非为,0,该用户可能在用夸张幽默的方式吐槽直播间的混乱氛围或主播的搞怪行为。
472,东方小孙爱喝蓝莓原浆,1,该用户可能是在调侃主播东方小孙对蓝莓原浆的偏爱，暗示产品值得尝试或存在相关优惠。
473,买了,1,该用户想表达的含义是：我已经下单购买了这款产品。
474,牛肉干有吗,1,该用户是在询问直播间是否售卖牛肉干产品，表达了对这类商品的购买兴趣或需求。
475,青岛也拍不了,1,该用户想表达的含义是：自己所在的青岛地区无法购买直播间的商品。
476,上链接,1,该用户是在催促主播尽快开放商品购买链接，表现出强烈的购买意愿和急切心情。
477,肉肠,1,该用户想表达的含义是：询问或催促主播上架肉肠产品。
478,没关系多音字,0,该用户可能是想调侃或缓解直播间因产品缺货或抢购失败引发的紧张氛围，用谐音梗（“多音字”谐音“多库存”）委婉表达希望补货的诉求。
479,上次买的鲜炖银耳吗几号链接,1,该用户是在询问之前购买过的鲜炖银耳产品对应的商品链接编号。
480,有红薯吗,1,该用户是在询问直播间是否有红薯产品在售。
481,好厉害,0,该用户可能是在称赞主播展示的产品效果或演示技巧很出色。
482,你就是个孩子,0,该用户可能是在调侃主播的表现或风格显得稚嫩可爱，带有玩笑性质的评价。
483,哈哈哈哈哈,0,该用户可能是被直播间的搞笑氛围或主播的幽默表现逗乐，用大笑表达轻松愉悦的情绪，但并未直接体现购买意向。
484,怎么没人来剁碎了,0,该用户可能是以夸张幽默的方式催促主播加快节奏或上架商品，暗示自己已经迫不及待想“剁手”购买了。
485,哈哈哈哈哈,0,该用户可能是被直播间的搞笑互动或主播的幽默表现逗乐，用大笑表达轻松愉快的观看情绪。
486,收到了,0,该用户想表达的含义是：确认自己之前购买的商品已经到货。
487,火腿怎么有邮费,1,该用户对火腿感兴趣但因需额外支付邮费而感到不满或犹豫。
488,黑龙江买不了,1,该用户想表达的含义是：自己所在的黑龙江地区无法购买直播间的商品。
489,官方有官方的责任能不能为自己的一言一行负责任啊sir什么啊是小艺,0,该用户可能在质疑直播官方对产品描述的严谨性，认为官方应该对宣传内容负责，并以调侃语气表达对当前介绍环节的不满。
490,牛奶上吗,1,该用户是在询问直播中是否会推出牛奶产品的购买链接。
491,丑苹果还有吗,1,该用户是在询问直播间是否还有“丑苹果”这款商品在售。
492,打劫啦,0,该用户可能是以夸张幽默的方式催促主播尽快上架或开售商品。
493,妈妈看鹏鹏,1,该用户可能是想表达“让主播的妈妈看看鹏鹏（可能是主播或产品相关的人物/形象），以此表示对直播内容的兴趣或喜爱”。
494,天天看什么都买不了好气,1,该用户因所在地区无法购买直播间的商品而感到 frustration 和无奈。
495,冬冬好帅,0,"该用户是在表达对主播""冬冬""的外貌或表现的个人欣赏，属于互动型弹幕而非直接购买意向的表达。"
496,董宇辉,0,该用户可能在呼唤主播董宇辉的名字，表达对其的关注或希望他回应某个问题。
497,让一下我要冲前排看戏,0,该用户想表达的含义是：我想挤到直播间前排围观热闹的互动氛围。  （结合前文弹幕中频繁出现的调侃、互动和抢购氛围，用户用“看戏”暗示对当前直播间活跃场面的兴趣，而“冲前排”则体现参与感，整体动机偏向娱乐性围观而非直接购买意向。）
498,下次跟着yoyo捡瓶子,0,该用户想表达的是打算下次跟随主播yoyo参与直播活动并购买推荐商品。
499,买了,1,该用户想表达的含义是：我已经下单购买了这款产品。
500,好食,1,该用户想表达的含义是：这款食物看起来很好吃，我想购买。
501,太喜欢了这群励志的优秀的年轻人,0,该用户被直播间中积极向上的主播或团队精神所感染，表达了对他们的欣赏和认同。
502,上海不能拍,1,该用户想表达的含义是：上海地区不在商品的配送范围内。
503,我们都是灿灿邻居,0,该用户可能是以幽默或亲切的口吻表达自己和主播“灿灿”有某种虚拟或真实的关联，暗示自己是忠实观众或粉丝群体的一员。
504,正想买刚好,1,该用户想表达的含义是：自己恰好有购买需求时遇到了这款产品。
505,这个卫衣有吗,1,该用户想表达的含义是：询问直播间是否有这款卫衣在售并想了解购买详情。
506,野生妈妈来了,0,该用户想表达的含义是：关注该主播的忠实粉丝前来支持互动。
507,宫廷玉液酒,0,该用户可能在用经典小品台词玩梗，暗示商品价格虚高或调侃直播间的营销话术。
508,闪闪发光,0,该用户可能是在夸赞直播中展示的商品外观精致吸引人。
509,打篮球适合你啊,0,该用户可能是在夸赞主播或某位观众的气质或形象与打篮球的风格很搭，表达一种欣赏或调侃的友好态度。
510,帅呀,0,该用户想表达的含义是：对主播或展示商品的赞赏和喜爱。
511,锅有多重呢,1,该用户可能对展示的锅具产品产生了兴趣，想了解产品的具体重量参数以便评估实用性。
512,散了散了,0,该用户可能觉得直播内容或商品不符合预期，号召大家离开直播间。
513,中灿确实越看越舒服刚来的时候确实有点被这个风格惊呆了,0,该用户想表达的含义是：起初对主播的风格感到意外，但逐渐被其魅力吸引而产生好感。
514,人帅啥头型都好看,0,该用户是在夸赞主播的外貌出众，暗示无论主播尝试什么发型都会很吸引人。
515,吃东西的美女是谁,0,该用户可能是对直播中出现的某位女性主播或嘉宾产生了兴趣，想询问她的身份信息。
516,怎么领,1,该用户想询问如何获取直播间正在推广的商品的优惠或参与活动的方式。
517,哈哈哈,0,该用户被直播间的欢乐氛围或主播的幽默表现逗乐，用笑声表达轻松愉快的观看体验。
518,新东方厨师,0,该用户可能在询问或调侃主播是否具备新东方厨师的背景或烹饪水平。
519,拍了拍了,1,该用户想表达的含义是：已经下单购买了产品。
520,良心企业,0,该用户可能在称赞直播间的产品或服务物美价廉，表达对品牌价值观的认可。
521,这个主播轻松活泼我喜欢要是能说就多说点儿哇,0,该用户想表达的含义是：主播的风格让人感到愉快，希望他能多分享一些内容。
522,哈哈哈明明逗死我了,0,该用户被主播的幽默表现逗乐，表达了对直播氛围的享受和愉悦情绪。
523,欢迎冬冬,0,该用户是在热情地向主播“冬冬”打招呼，表达对主播的欢迎和支持。
524,你油了,0,该用户可能是在调侃主播的状态或表现，暗示主播显得有点油腻或做作。
525,冬冬还有麻油鸡吗,1,该用户是在询问主播“冬冬”是否还有麻油鸡这款商品在售。
526,食谱空气炸锅带得有食谱吗,1,该用户是在询问空气炸锅的配套食谱是否包含在产品中。
527,上午好上午好上午好,0,该用户可能是在打招呼或活跃气氛，并未直接表达购买意向。
528,亲虾仁咋没有优惠券,1,该用户是在询问虾仁商品为何没有提供可用的折扣券，表现出对产品的购买意向但希望获得更优惠的价格。
529,鲜花好漂亮,1,该用户被直播中展示的鲜花产品所吸引，表达了对商品外观的欣赏和潜在的购买兴趣。
530,给鲨鱼灿戴戴,0,该用户可能是对直播中展示的某款鲨鱼造型饰品或帽子感兴趣，想看到主播试戴展示效果。
531,冯冯辛苦啦连播两场,0,该用户是在表达对主播连续高强度工作的关心和鼓励。
532,天权太幸福了,0,该用户可能是在感叹主播天权的生活状态或直播内容让人感到羡慕和愉悦。
533,宇你同行,0,该用户可能是在用谐音梗表达对主播或品牌的支持，类似于“与你同行”的变体，暗示愿意跟随或陪伴直播间的氛围。
534,用点击上方俞老师头像加会员领券,0,该用户是在提示其他观众通过点击主播头像加入会员以领取优惠券，可能是回应之前关于如何获取优惠的疑问或主动分享领券方式。
535,谁叫舅舅呢,0,该用户可能在调侃或询问主播提到的某个称呼或互动内容，可能是对主播或其他人提到的“舅舅”一词感到疑惑或有趣。
536,不支持配送,1,该用户想表达的含义是：对商品感兴趣但发现无法配送到自己所在地区。
537,求关注啊关注关注谢谢,0,该用户是在呼吁其他观众关注主播，以表达对直播内容的支持或希望获得更多互动机会。
538,蓝胖子,1,该用户可能是在询问或提及直播中展示的某款蓝色商品（如玩具、食品包装等），并对其表现出兴趣或好奇。
539,把地图给明明立在后面,0,该用户可能是想让主播把地图道具递给或展示给名叫“明明”的人看。
540,冬冬来了,0,该用户可能在热情欢迎或呼唤主播“冬冬”出场互动。
541,北京拍不了,1,该用户想表达的含义是：商品在北京地区无法下单购买。
542,可以泡澡吗,1,该用户可能在询问直播中展示的商品是否具备防水或泡澡时使用的功能。
543,买了大果,1,该用户想表达的含义是：我已经下单购买了你们推荐的大果产品。
544,损不损啊在一起,0,该用户可能在调侃主播或直播间的互动氛围，表达一种幽默的吐槽，意思是“你们这样开玩笑/互动是不是有点过分了”。
545,董宇辉,0,该用户可能在呼唤或提及主播董宇辉，表达对其出现的期待或对其内容的兴趣。
546,辉辉小王子,0,该用户可能在热情呼唤或支持主播董宇辉，表达对他的喜爱或互动意愿。
547,没点实力是直播不了,0,该用户是在调侃主播的专业能力或直播内容的精彩程度，暗示这场直播需要一定实力才能驾驭。
548,我想听号啕大哭的故事,0,该用户可能在用幽默或夸张的方式表达对当前直播内容的不满或无聊，希望主播讲更有趣的故事来吸引注意力。
549,哈哈哈哈哈,0,该用户可能是被直播间的搞笑互动或主播的幽默表现逗乐，用大笑表达轻松愉悦的情绪而非直接购买意向。
550,人氣票人氣票給77吧灰灰不播了,0,该用户是在呼吁其他观众将直播间的人气票投给主播“77”，并提到另一位主播“灰灰”已经停播了。
551,这么早天黑,0,该用户可能是在抱怨直播时间安排不合理，暗示天色已晚但直播还未结束。
552,灰化肥会挥发小七来念一遍,0,该用户是在用谐音梗调侃主播的名字（“灰灰”与“化肥会挥发”发音相似），以轻松幽默的方式参与互动而非表达购买意向。
553,翻桶现场,0,该用户可能在调侃直播中出现的混乱或搞笑场面，暗示现场状况像“翻车”一样滑稽有趣。
554,笑死啦,0,该用户被直播中的搞笑内容或主播的幽默表现逗乐，通过弹幕表达轻松愉快的情绪互动。
555,任嘉伦,0,该用户可能是想提及或呼唤明星任嘉伦，表达对其出现的期待或喜爱。
556,椒麻鸡,1,该用户可能是在询问或提及直播中展示的椒麻鸡产品，表达对这道食物的兴趣或想了解相关信息。
557,明明最认真啦,0,该用户想表达的含义是：主播明明在直播中表现得非常专注投入。
558,卤猪蹄啥时候有,1,该用户是在询问直播中提到的卤猪蹄商品何时会上架或开售。
559,七七早上好,0,该用户是在友好地向主播“七七”打招呼，表达对直播开播的欣喜和参与互动的热情。
560,肩颈再上点,0,该用户可能是在催促主播展示或讲解更多关于肩颈部位的产品（如按摩仪、护肤品等），希望镜头或演示焦点再往上调整一些。
561,东方甄选拍的撒花视频都去点个赞,0,该用户是在呼吁大家为东方甄选的宣传视频点赞，表达对直播团队的支持和喜爱。
562,用重庆话说成语,0,该用户可能是想通过方言互动增添趣味性，表达对主播的亲近感和娱乐参与意愿。
563,宝贝儿早上好,0,该用户是在用亲昵的称呼向主播或直播间其他观众表达友好的问候，属于社交互动型弹幕而非直接购买意向的表达。
564,有没有宝宝湿纸巾呀,1,该用户是在询问直播间是否有婴儿湿巾这类商品出售，表达了对该产品的购买意向。
565,清炖清蒸对带鱼的质量要求很高能清蒸都说明质量很好,1,该用户想表达的含义是：能用来清蒸的带鱼品质肯定不错，说明你们的产品质量很好。
566,不要来害七七了,0,该用户可能在表达对主播或直播内容的保护心态，暗示其他人不要给主播带来麻烦或负面影响。
567,冯冯加油,0,该用户是在为主播冯冯加油打气，表达对其直播表现的支持和鼓励。
568,感动,0,该用户可能被直播中的某个温情或励志片段触动，产生了情感共鸣。
569,胡了,0,该用户可能在玩麻将术语的谐音梗，表达对直播内容的兴奋或调侃。
570,董宇辉董老帅,0,该用户是在用昵称调侃主播董宇辉的外貌或魅力，表达对其的喜爱和支持。
571,昨天的煎饼还有吗,1,该用户是在询问直播间之前售卖过的煎饼是否还有库存或能否再次购买。
572,之前买的烟台苹果特别赞,1,该用户想表达的含义是：对之前购买的烟台苹果品质感到满意，并可能暗示对直播间同类产品的兴趣或信任。
573,明明来美人计,0,该用户是在调侃主播使用“美人计”来吸引观众购买商品。
574,没有195ml的吗,0,该用户可能在询问直播间是否有195毫升规格的产品在售。
575,胃不好这醋还真不行胃疼,1,该用户想表达的含义是：这款醋不适合胃不好的人，自己喝了之后胃不舒服。
576,酸嘛,1,该用户可能在询问直播中提到的某款食品（如醋或泡菜）是否带有明显的酸味口感。
577,辉辉女婿晚安,0,该用户可能是在以亲昵的称呼向主播（或直播间中的某个角色“辉辉”）表达告别或祝福，暗示对直播内容的喜爱或对主播的个人关注。
578,链接是4册有8册的吗,1,该用户是在询问商品链接中是否包含8册的选项，因为当前展示的只有4册套装。
579,支持鹏鹏,0,该用户是在为主播鹏鹏加油打气，表达对其直播表现的认可和支持。
580,杰西爽死了哈哈哈哈哈哈,0,该用户想表达的含义是：对主播杰西的表现感到非常兴奋和喜爱。
581,碳烤,1,该用户可能在询问或建议主播介绍碳烤风味的食品或烹饪方式。
582,几点换人几点换人,0,该用户可能在询问直播主持人或嘉宾的轮换时间，表现出对当前环节缺乏兴趣并期待下一环节的内容。
583,不习惯,0,该用户可能是在表达对当前直播中展示的产品特性或使用方式不太适应或不符合个人偏好。
584,是集体理发么,0,该用户可能在调侃直播间的互动氛围过于热闹，暗示大家发言像在理发店一样七嘴八舌。
585,糖尿病患者可以吃吗,1,该用户是在询问直播中展示的商品是否适合糖尿病患者食用，以评估自己是否能够购买。
586,怎么领券,1,该用户想表达的含义是：询问如何获取直播间提供的优惠券以便购买商品。
587,看起来好好吃的样子,1,该用户被直播中展示的食物所吸引，产生了品尝或购买的欲望。
588,泸定地震,0,该用户可能是在看到直播间讨论四川特产或地震相关公益商品时，联想到泸定地震并试图询问相关产品信息或表达对灾区的关注。
589,七七宝,0,该用户可能在用昵称或爱称亲切地称呼主播或商品，表达对直播内容的喜爱或互动意愿。
590,帅帅哒小王子来了,0,该用户是在用轻松调侃的语气表达对主播外貌或表现的赞赏，类似于粉丝对偶像的亲切互动。
591,下午好,0,该用户可能是在打招呼或表示自己刚进入直播间，试图融入当前的互动氛围。
592,哈哈哈哈哈哈哈哈哈哈哈哈哈,0,该用户可能被直播间的搞笑互动或某位主播的幽默表现逗乐，纯粹在表达开心情绪而非购物意向。
593,把扣子解开吧自然点,0,该用户可能是在调侃主播穿着过于拘谨，希望对方放松状态以更自然的方式展示商品或互动。
594,有多重,1,该用户可能是在询问直播中展示的商品的重量规格。
595,大家买的核桃在哪里有,1,该用户想询问其他观众购买的核桃商品在直播间的具体购买链接或位置。
596,怎么领优惠券,1,该用户想询问获取直播间商品折扣的具体操作方法。
597,今天三家火拼,0,该用户可能在调侃当前直播间的促销竞争激烈，暗示多家商家在价格或福利上“火拼”较劲。
598,冯冯好帅啊,0,该用户是在表达对主播外貌的赞赏，但并未直接体现购买意向。
599,会很甜吗,1,该用户可能在询问产品的口感或甜度是否适合自己，表现出对商品品质的具体关注和潜在的购买意向。
600,没看见券,1,该用户想表达的含义是：没找到直播间里提到的优惠券领取入口。
601,懂了明天就让你换直播时间,0,该用户可能是在调侃或抱怨当前直播时间安排不当，暗示主播应该调整时段以吸引更多观众。
602,你太可爱了,0,该用户可能是在夸赞主播的外貌或性格讨喜，表达对主播的喜爱和好感。
603,铁锅还有么,1,该用户想询问直播中提到的铁锅是否仍有库存可供购买。
604,透气吗,1,该用户是在询问商品材质的透气性能如何。
605,快把我哄睡了,0,该用户可能是在调侃直播内容过于平淡或节奏缓慢，让人感到无聊想睡觉。
606,牛又哈哈,0,"该用户可能在跟风玩梗或表达轻松愉快的情绪，类似于""笑死我了""的随意调侃。"
607,播音冬冬,0,该用户可能在呼唤或提及主播“冬冬”，表达对主播的关注或互动意愿。
608,我家女婿来了好帅哦,0,该用户是在表达对直播中出现的某位男性角色（可能是主播或嘉宾）的外貌赞赏和喜爱之情。
609,骨边肉好吃,1,该用户想表达的含义是：对直播中介绍的骨边肉产品产生了兴趣并认可其口味。
610,中灿是不是瘦了点,0,该用户可能是在关注主播的外貌变化，并试图通过询问体重变化来确认自己的观察。
611,今天都是西装,1,该用户可能是在调侃主播今天的着装风格过于正式单一，暗示希望看到更多样化的服装展示或产品类型。
612,两位小帅哥,0,该用户是在夸赞主播的外貌吸引人。
613,77宇辉,0,该用户可能是在用昵称或简称表达对主播“宇辉”的支持或互动，类似于粉丝为主播加油打气的简短口号。
614,明明一笑我也想笑,0,该用户可能是被主播或直播间的欢乐氛围感染，觉得开心有趣而忍不住跟着笑。
615,榜单稳居第一呀,0,该用户是在感叹或认可直播中推荐的产品在某个销售榜单上表现优异，位居首位。
616,鹏鹏跟明明越来越像,0,该用户想表达的含义是：觉得两位主播的言行举止或风格逐渐趋同，产生了相似感。
617,大蒜还有吗,1,该用户是在询问直播间是否还有大蒜库存可供购买。
618,哈哈哈哈哈哈哈,0,该用户可能被直播间的欢乐氛围或主播的幽默表现逗乐，纯粹在表达开心情绪而非购物意向。
619,服了就服明明,0,该用户是在调侃主播明明的表现或风格让人不得不服气，带有幽默和喜爱的意味。
620,小孩能喝不,1,该用户是在询问产品是否适合儿童饮用或使用。
621,可爱的小七七早上好爱你哟,0,该用户是在向主播“小七七”表达喜爱和问候的情感互动，而非直接询问商品信息或表现出购买意向。
622,界面看不到小黄车了,1,该用户想表达的含义是：直播画面里找不到购物车的入口了。
623,哈哈哈老师终于看到你了,0,该用户看到熟悉的主播出现后感到开心和亲切，表达了一种重逢的喜悦和互动热情。
624,不能再吃,1,该用户想表达的含义是：虽然对商品感兴趣，但出于某种原因（如健康、预算等）需要克制购买的冲动。
625,天权,0,该用户可能在询问或提及直播中出现的某个产品名称（如“天权”牌商品）或主播昵称。
626,橙他9点才下的图书号没有时间吃饭,0,该用户可能在抱怨主播（橙子）忙于直播带货（图书号）到很晚，以至于没空吃饭。
627,明明太有才了,0,该用户是在夸赞主播“明明”的才华出众，表达对其个人魅力的欣赏和喜爱。
628,冬冬好,0,该用户可能在友好地打招呼或表达对主播“冬冬”的喜爱或支持。
629,想听书,0,该用户可能是在询问直播间是否有推荐或销售书籍类产品。
630,我听了,0,该用户想表达的是“我对刚才提到的商品/内容产生了兴趣，想进一步了解”。
631,冬冬确实很优秀,0,该用户是在夸赞主播“冬冬”的表现出色，表达了对他的认可和欣赏。
632,维密,0,该用户可能是在询问或提及直播中展示的“维密”品牌产品，表达对相关商品的兴趣或好奇。
633,煲汤好,1,该用户可能是对直播中展示的煲汤产品或相关烹饪内容产生了兴趣，认为其适合或品质好。
634,送泡脚盆吗,1,该用户可能是在询问直播间是否有赠送泡脚盆的促销活动，暗示对这类商品感兴趣或希望参与福利互动。
635,为啥不能发四川,1,该用户可能是在询问直播间的商品配送范围为何不包括四川地区。
636,早上好,0,该用户可能是在向主播或直播间其他观众友好问候，表达一种轻松随意的参与感。
637,做打卤面也可以,1,该用户可能想表达这款产品（如面条或卤料）适合用来制作打卤面，暗示对产品的实用性感兴趣或考虑购买。
638,有认出你的吗,0,该用户可能在询问主播是否被其他观众认出来或提及过。
639,糖尿病能吃吗,1,该用户可能在询问直播中展示的食品或保健品是否适合糖尿病患者食用，以评估自己是否能够购买。
640,我给娃包饺子呢,1,该用户可能是在分享自己正在为孩子准备食物的生活场景，暗示对直播中相关母婴或食品类产品的潜在兴趣。
641,广东话曲奇跟英文曲奇的发音很像,0,该用户可能是在调侃或好奇产品名称的发音趣味性，暗示对这款广东话曲奇产生了文化层面的兴趣。
642,果然冯冯的饮食习惯能被改变,0,该用户想表达的含义是：没想到主播推荐的饮食方式能改变冯冯的固有习惯。
643,冬冬,0,该用户是在亲切地称呼或回应主播“冬冬”，表达对主播的关注或喜爱。
644,看下多大个,1,该用户想询问展示商品的尺寸或规格。
645,冬冬优秀长公主来啦,0,该用户是在热情夸赞主播“冬冬”的表现出色，并亲切地称呼其昵称“长公主”以表达喜爱和支持。
646,再也别去那理发了,0,该用户可能是在吐槽之前理发店的糟糕体验，借此表达对当前直播推荐产品或服务的兴趣或对比。
647,天黑了,0,该用户可能是在调侃直播时间过长，暗示天色已晚该结束了。
648,蜂蜜真的好,1,该用户是在称赞蜂蜜产品的品质优良，表达了对商品的认可和潜在购买意向。
649,全天播啊,0,该用户可能是在感叹或确认直播持续时间较长，表达对主播长时间直播的惊讶或赞赏。
650,小孙是好领导,0,该用户可能在表达对主播或直播间氛围的认可，暗示主播的管理或互动方式让人感到舒适和信任。
651,怎么加入会员,1,该用户想询问如何成为该电商平台的会员以享受相关权益。
652,董老师一会和七七合唱一首去休息,0,该用户希望董老师和七七在直播中合作表演一首歌后可以休息放松。
653,柒没有,0,该用户可能在询问或确认直播中提到的“七七”是否没有参与某项活动或环节。
654,杭州不支持配送无法购买,1,该用户因所在地区不在配送范围内而感到遗憾，间接表达了原本有购买意愿但因物流限制无法实现。
655,帅死了,0,该用户想表达的含义是：主播的外形或表现非常吸引人。
656,甘肃入场,0,该用户可能是想询问直播中是否有来自甘肃的产品或商家参与，表达了对地域特色商品的关注和购买兴趣。
657,妹妹带戒指了大家别想了,0,该用户想表达的含义是：主播展示的戒指已经被其他观众（妹妹）抢先看中或购买，暗示大家不用再考虑这款商品了。
658,明明咋瘦了,0,该用户可能是注意到主播的外形变化，表达对主播近期变瘦的观察和关心。
659,快去找tony换个新发型吧,0,该用户可能在调侃或建议主播改变发型，暗示当前发型不够理想或需要更新。
660,今天怎么都穿衣服呢,0,该用户可能是在调侃或疑惑主播今天穿着正式/保守，与往常风格不同。
661,山西,0,该用户可能在询问或提及直播中提到的产品是否与山西相关，比如产地、配送范围或特色商品。
662,不支持发货,1,该用户想表达的是对商品无法配送到自己所在地区的遗憾和不满。
663,在哪领优惠券不说咋买,1,该用户想表达的含义是：主播没有说明领取优惠券的途径，导致自己无法顺利下单购买。
664,左朝上,0,该用户可能在询问或提醒主播将展示的商品（如首饰、摆件等）向左旋转朝上摆放以便更好地观看细节。
665,杭州入场,0,该用户想表达的含义是：询问杭州地区是否支持该商品的配送服务。
666,鹏鹏慢慢吃还有2个半小时,0,该用户可能在提醒主播鹏鹏不用着急吃完东西，因为直播还有较长时间才结束。
667,好好看别挑刺儿多可爱的小伙子啊,0,该用户是在维护主播形象，呼吁其他观众不要挑剔主播的表现，表达对主播的喜爱和支持。
668,山东泰安拍不了,1,该用户想表达的含义是：由于地域限制无法购买直播间的商品。
669,强烈建议以后上播西装正装赏心悦目,0,该用户希望主播以后在直播时多穿正式西装，因为这样的着装风格让人看着舒服又养眼。
670,漠河舞厅,0,该用户可能是在询问或提议播放《漠河舞厅》这首歌作为背景音乐。
671,好听,0,该用户可能是在称赞主播的歌声或背景音乐很悦耳。
672,妹妹好乖呢,0,该用户是在夸赞主播可爱讨喜，表达了对主播的喜爱和欣赏之情。
673,萱草,1,该用户可能在询问或提及直播中展示的某款商品或装饰品（如萱草花饰、相关品牌名称等），或是用“萱草”作为昵称/暗号互动。
674,烤肠烤肠烤肠原味库存,1,该用户可能是在询问或提醒主播原味烤肠的库存情况，表达了对该商品的购买兴趣或担心缺货的急切心情。
675,做操就行,0,该用户可能是在调侃主播当前的互动方式过于简单，暗示希望增加更有趣的直播内容或福利活动。
676,明明明明明,0,该用户可能在热情呼唤主播“明明”的名字，表达对他的喜爱或支持。
677,悠悠弄的,0,该用户可能是在调侃主播或某个参与者的随意态度或行为不够认真。
678,中灿夸擦给邻居买一单,1,该用户想表达的含义是：主播推销的产品不错，打算给邻居也买一份。
679,槑没有哦能看到你,0,该用户可能是在回应主播关于商品库存或展示效果的询问，表达“（商品）没有展示出来/看不到细节”的困惑。  结合前文弹幕中频繁出现的地区名、发货问题、优惠券咨询等购物相关讨论，以及“烤肠库存”等具体商品提及，可推测直播间正在介绍商品，而用户因画面展示不清晰或主播未重点讲解而产生疑问。“槑”（网络用语中常替代“没”）和“能看到你”的混用，可能体现用户匆忙打字时的谐音错误，实际想表达对商品信息缺失的焦急。  释义：**“（商品）没看到啊，画面里找不到。”**
680,拍了莲藕,1,该用户想表达的含义是：我已经下单购买了莲藕这款商品。
681,徐州送刚拍了,1,该用户想表达的含义是：我是徐州的，刚刚下单购买了商品。
682,灿灿变年青了,0,该用户可能是在夸赞主播的外貌或状态变得更年轻有活力，表达对主播形象的正面关注和欣赏。
683,蜂吃的梨和果子最好吃,1,该用户想表达的含义是：这款蜂蜜的梨和果子口味最合我心意。
684,鹏鹏优秀,0,"该用户是在夸赞主播""鹏鹏""的表现出色或魅力出众。"
685,说的好,0,该用户想表达的含义是：认同主播的讲解或表现并给予正面反馈。
686,披萨有没有,1,该用户可能在询问直播间是否有披萨商品在售或相关优惠信息。
687,甜的,1,该用户可能是在评价直播中展示的某款甜味食品或水果的口感不错。
688,鹏鹏下班啦,0,该用户可能是在调侃主播“鹏鹏”工作结束或表现优秀后可以休息了，带有轻松互动的意味。
689,拍了拍了拍了,1,该用户想表达的含义是：已经下单购买了商品。
690,青岛这边天黑的早,0,该用户可能是在暗示因天黑较早想早点结束购物流程，或是委婉催促主播加快节奏。
691,三小只可以的,0,该用户想表达的含义是：对直播中提到的某款产品或表演者表示认可和赞赏。
692,M可以,0,该用户可能是在询问主播某个商品是否有M码的库存，表达了自己的购买意向。
693,知道韭苔和韭黄,1,该用户可能在询问或确认直播中提到的韭苔和韭黄的相关信息，表现出对这两种蔬菜的好奇或购买意向。
694,Siri来啦Siri来啦Siri来啦Siri来啦,0,"该用户可能在用重复刷屏的方式表达对直播中出现的""Siri""相关内容的兴奋或调侃（如主播互动、产品功能演示等），属于活跃气氛的互动行为而非直接购买意向。"
695,七七辛苦了,0,该用户想表达对主播“七七”的关心和鼓励，可能是对其直播表现或辛苦工作的认可。
696,辉辉几点,0,该用户可能在询问主播“辉辉”这个商品或环节的具体出现时间。
697,我也是老师也想转行卖货了,0,该用户可能是在观看主播的带货表现后，产生了职业转型的共鸣，暗示对直播卖货行业的认可与向往。
698,明明肤色偏黑穿白的对比度太高,0,该用户可能是在评论主播或模特试穿白色衣服的效果，认为肤色较深的人穿白色会因色彩反差过大而显得不协调。
699,芝麻糊血糖高不能喝吗,1,该用户可能是担心自身血糖问题，想确认芝麻糊是否适合高血糖人群饮用。
700,想要肉卷,1,该用户可能是在询问或表达对直播间正在展示的肉卷产品的购买意向。
701,下午好主播,0,该用户可能是礼貌性打招呼并准备参与互动，暗示对直播内容产生兴趣或等待主播回应后进一步询问商品信息。
702,冯冯,0,该用户可能在用昵称或简称呼唤主播或直播间某位活跃观众，表达亲近感或参与互动的意图。
703,七七拜,0,"该用户可能在向主播""七七""表达问候或感谢，类似于""七七辛苦了""之前的互动。"
704,哈哈哈,0,该用户可能被直播间的轻松氛围或主播的幽默表现逗乐，用笑声表达愉悦情绪而非直接购物意向。
705,妹妹吃起来吃饱,0,该用户可能在询问或评论直播中展示的食品分量是否足够让人吃饱。
706,哇这么多人气票,0,该用户是在感叹直播间观众互动氛围热烈，人气高涨。
707,我要投影仪,1,该用户想表达的是对直播中展示的投影仪产品产生了明确的购买意愿。
708,想要猫粮,1,该用户表达了对直播间正在展示的猫粮产品有明确的购买意愿。
709,中灿真欢乐,0,该用户可能是在称赞直播氛围轻松有趣，表达对主播或直播内容的喜爱和享受。
710,唱歌唱歌,0,该用户可能在催促主播表演才艺或切换直播内容，希望主播停止推销商品改为唱歌互动。
711,兰州拍不了,1,该用户想表达的含义是：由于地区限制无法购买直播间的商品。
712,越来越帅了真是腹有诗书气自华,0,该用户是在夸赞主播的气质出众，通过学识修养展现出越来越吸引人的魅力。
713,嘻嘻,0,该用户可能是在轻松愉快的直播氛围中，用“嘻嘻”表达对当前内容的开心或对主播互动的友好回应。
714,躁起来,0,该用户可能是受到直播间活跃氛围的感染，想通过简短有力的口号式互动来带动现场气氛，表达对主播或当前环节的兴奋支持。
715,明明继续唠嗑,0,该用户希望主播“明明”保持轻松闲聊的直播氛围，不要急于推进销售流程。
716,苏州现在遍地桂花整个城市都飘香,0,该用户可能是在分享苏州当下的季节氛围，间接表达对直播中相关地域或季节限定商品的潜在兴趣（如桂花味产品）。
717,今年会问你啥时候要孩子,0,该用户可能在调侃主播或直播间氛围，以玩笑方式询问主播个人生活计划，而非表达实际购买意向。
718,帅哥好,0,该用户可能是在用轻松友好的方式与主播互动，表达对主播外貌或魅力的赞赏以拉近距离。
719,胡夏绝了,0,该用户是在夸赞主播胡夏的表现非常出色或令人惊艳。
720,谁的洗脚水,0,该用户可能在用调侃或玩梗的方式询问直播间正在展示或讨论的某款商品（如饮品、清洁用品等）的归属或来源。
721,羊排骨,1,该用户可能是在询问或暗示对直播中展示的羊排骨产品感兴趣，想了解详情或表达购买意向。
722,今天的鹏鹏超帅,0,用户通过夸赞主播的外表来表达对直播内容的喜爱和互动热情。
723,嫂子,0,该用户可能在用亲昵的称呼表达对主播或直播间某位成员的喜爱和亲近感。
724,贴秋膘了,0,该用户可能是在调侃或暗示自己准备趁着秋季进补的习俗购买直播间推荐的食品或滋补品。
725,宇辉,0,该用户可能在简短地提及或呼唤主播“宇辉”的名字，表达对其出现的关注或互动意愿。
726,什么鬼,0,该用户可能对直播内容或产品感到困惑或不满，认为当前展示的信息或互动环节不符合预期。
727,今天好帅,0,该用户想表达的含义是：称赞主播今天的形象或状态特别吸引人。  （结合前文弹幕中多次出现的“帅”“欢乐”等正向评价，以及直播间的轻松互动氛围，可推断用户是在参与集体夸赞主播的娱乐性互动，而非直接表达购买意向。）
728,冯冯给鹏鹏修修头发,0,该用户可能在调侃或建议主播冯冯帮另一位主播鹏鹏整理发型，可能是出于对两人互动的兴趣或对鹏鹏形象的关注。
729,给导演加鸡腿,0,该用户是在用幽默的方式夸赞直播内容精彩或导演表现优秀，类似于“导演太给力了”。
730,玥玥我爱你嫁给我好不好,0,该用户是在以夸张的玩笑方式表达对主播的喜爱和支持，属于粉丝常见的互动调侃行为。
731,有冰柜推荐吗,1,该用户可能在询问直播间是否有适合自己需求的冰柜产品推荐，表达了对购买冰柜的实际兴趣。
732,冯冯辛苦连播,0,该用户想表达的含义是：对主播冯冯长时间连续直播的辛苦表示慰问和鼓励。
733,它咬人吗,0,该用户可能是在询问直播中展示的宠物或动物产品是否具有攻击性，担心其安全性。
734,欧把你吹飞哈哈哈哈,0,该用户是在用夸张幽默的方式调侃主播或直播中的某个搞笑场景，表达被逗乐的轻松情绪。
735,北京入场,0,该用户可能在询问直播中提到的某个活动或商品是否支持北京地区的参与或配送。
736,南乳花生猪蹄,1,该用户可能是在询问或推荐直播间正在展示的南乳花生猪蹄这道菜品。
737,让他们来,0,该用户可能是在起哄或调侃，希望主播邀请其他嘉宾或工作人员出镜互动。
738,抖音才有券抖音才有券,1,该用户想表达的含义是：提醒其他观众领取优惠券需要去抖音平台。
739,猩猩它妈狒狒,0,该用户可能在用谐音梗调侃主播或直播内容，表达一种幽默搞怪的观看体验。
740,舅舅快来啊,0,该用户可能在催促某个昵称或外号为“舅舅”的观众或主播赶快进入直播间参与互动或购买商品。
741,以为你在做广播体操呢,0,该用户可能在调侃主播的动作或直播氛围过于随意，像是在做广播体操一样不够专业或有趣。
742,一箱多少个,1,该用户可能在询问直播中展示的商品（如食品或日用品）的包装规格，想了解单箱包含的具体数量以便评估是否购买。
743,空气炸锅买了,1,该用户想表达自己已经下单购买了直播中推荐的空气炸锅。
744,好帅,0,该用户是在夸赞主播或展示商品的形象很有吸引力。
745,怀山药,1,该用户可能是对直播中提到的怀山药产品产生了兴趣，想进一步了解或询问相关购买信息。
746,蓬莱,0,该用户可能在询问或调侃直播中提到的某个与“蓬莱”相关的地名、产品名称或文化梗。
747,饭后水果,1,该用户可能是在询问直播中展示的水果产品是否适合作为餐后食用。
748,展示的是什么颜色啊,0,该用户想询问直播中展示商品的详细颜色信息，可能是对产品外观产生了兴趣或考虑购买。
749,理科生动手能力强,0,该用户可能在暗示主播展示的产品适合动手能力强的理科生使用，或者认为该产品的功能特点与理科生的技能相匹配。
750,冯冯喜欢你,0,该用户是在向主播“冯冯”表达喜爱和支持的情感。
751,是买一箱直接送这个吗,1,该用户是在确认购买整箱产品是否能获得直播间展示的赠品。
752,你们的东西在京东上卖吗,1,该用户可能在询问该商品是否也在其他电商平台销售，以便比较价格或使用习惯的购物渠道购买。
753,蛋白配粥,1,该用户可能是在询问或建议将蛋白粉搭配粥一起食用的方式。
754,永济人本永济人认证,0,该用户可能在以地域身份认同的方式表达对直播产品的支持或归属感，暗示自己是永济本地人并对推广内容产生共鸣。
755,冯冯加油快点,0,该用户是在为主播冯冯加油打气，催促他加快节奏或更卖力地展示产品。
756,欢迎七七,0,该用户可能在热情地向主播或直播间里的某位昵称为“七七”的观众打招呼示好。
757,好客山东欢迎你来吧,0,该用户是在以地域特色口号的形式热情邀请观众参与互动或购买山东特产。
758,冬冬董董,0,该用户可能在用主播或嘉宾的名字（如“冬冬”“董董”）进行互动或表达支持。
759,董董喊杰西去,0,该用户可能在催促主播董董邀请另一位主播杰西加入互动或参与展示环节。
760,甄那不是销售额,0,"该用户可能是在质疑或调侃直播间的销售数据真实性，暗示""甄那""（可能是主播或品牌名）的实际销售额并不像宣称的那么高。"
761,这个不是知了吗,0,该用户可能是在询问或确认直播中展示的商品是否与“知了”（蝉）相关，或对商品身份产生疑惑。
762,小孙汇报一下这两天的业绩,0,该用户可能在调侃或催促主播公开近期的销售数据，带有互动或监督的意味。
763,有啊,0,该用户可能是在肯定或回应主播之前提到的某个商品或优惠活动的存在。
764,明明多说废话,0,该用户可能是在抱怨主播或嘉宾偏离主题、讲太多无关内容，希望他们少说废话、直接进入正题或介绍产品。
765,黄豆花生,1,该用户可能是在询问或提及直播中展示的黄豆花生产品，表达了对这款商品的兴趣或想了解相关信息。
766,西装工服有点真帅气每个人都那么帅,0,该用户想表达的含义是：直播中展示的西装工服款式非常好看，穿在每个人身上都显得特别精神帅气。
767,帅哥团,0,"该用户可能在夸赞直播间的男性工作人员或主播团队外形出众，带有娱乐性的互动意图。  （解析：结合前文""西装工服有点真帅气""等对形象的评论，以及""冯冯""""董董""等主播昵称的提及，当前弹幕延续了观众对主播团队的外貌关注，用""团""字强调群体形象而非个人，符合直播间的轻松互动氛围）"
768,这搁家就没轮到咱,0,该用户想表达的含义是：在家从来没机会轮到我来抢购（或参与活动）。
769,先咽了,0,该用户想表达的含义是：先下单购买了。
770,七七,0,该用户可能在友好互动，用昵称呼唤主播或观众以表达关注或参与感。
771,放苹果,1,该用户可能在催促主播展示或介绍苹果相关的商品。
772,别说了我马上买,0,该用户被直播内容打动，决定立即下单购买产品。
773,哈哈,0,该用户可能被直播间的轻松氛围或某个搞笑片段逗乐，用“哈哈”表达愉悦情绪并参与互动，但并未直接表现出购买意向。
774,要小青柑小青柑小青柑小青柑小青柑,1,该用户急切地表达想要购买主播推荐的小青柑产品。
775,我们新昌的丰岛,0,该用户可能在表达对直播中提到的“丰岛”产品或品牌的认同感，并暗示自己是新昌人（或与新昌有关联），带有一定的地域自豪感和潜在购买兴趣。
776,语速非常好状态越来越好,0,该用户想表达的含义是：主播的讲解节奏和表现力让人感到舒适，观看体验更好了。
777,天权第一了,0,该用户想表达的含义是：主播天权在当前的直播活动中表现优异，人气或销量排名第一。
778,我会倒库,0,该用户可能在调侃自己或他人对直播商品的强烈兴趣，表示“我肯定会忍不住下单的”。
779,妹妹放开吃,0,该用户可能在调侃或鼓励主播（“妹妹”）更投入地展示或试用产品，以激发观众的购买欲望。
780,杰西还没有跑到,0,该用户可能是在催促或询问主播杰西为何还未出现在直播画面中，表达了对杰西的期待或对其环节延迟的疑惑。
781,上牛肉干吧,1,该用户希望主播尽快上架牛肉干商品进行售卖。
782,爱上七七就离不开了,0,该用户想表达的含义是：被主播七七的魅力吸引后产生了强烈的购买意愿和品牌忠诚度。
783,鹏鹏筷子都舍不得放下,0,该用户想表达的含义是：主播对产品太着迷了，连吃饭都顾不上停下来。
784,辉辉有口福啦,0,该用户可能是在调侃或羡慕主播（辉辉）能品尝到展示的美食，暗示产品看起来很有吸引力。
785,爱七七,0,该用户想表达的含义是：我非常喜欢主播七七，对她有强烈的好感或支持。
786,头发看怪的,0,该用户可能是在调侃主播的发型看起来有些奇怪或不协调。
787,没有笔了吗,1,该用户可能在询问直播间是否还有之前展示或提到的笔类商品库存。
788,吃不过你,0,该用户想表达的含义是：我吃不过你（指主播或其他人），认输了。  （结合前文“妹妹放开吃”“鹏鹏筷子都舍不得放下”等弹幕，直播间氛围偏向轻松互动，用户可能以调侃或自嘲的方式表达对主播食量或推荐商品的认可。）
789,可以是青涩的暗恋可以是轰轰烈烈的明恋,0,该用户可能是在用浪漫的恋爱比喻来委婉表达对直播产品的喜爱和购买欲望。
790,手咋了,0,该用户可能在询问主播或画面中人物的手部状态是否受伤或不适。
791,不得不说北京托尼不会理发,0,该用户想表达的含义是：对理发师的技术感到失望，认为北京的托尼老师剪发水平不行。
792,按摩按摩按摩器,1,该用户可能在催促主播展示或介绍按摩器产品，表达对这类商品的购买兴趣。
793,怎么都买不了,1,该用户可能因操作问题或商品缺货而无法完成购买，表达了焦急和困惑的情绪。
794,别说了买了,1,该用户被直播内容打动，决定立即下单购买产品。
795,期待明天1030图书号,0,该用户想表达的含义是：对明天10点30分图书专场的直播内容充满期待。
796,又是很帅的一天,0,该用户可能在夸赞主播当天的造型或状态很有魅力，表达对直播内容的喜爱和认可。
797,清苑小姐姐给你点赞,0,该用户是在以轻松友好的方式表达对主播“清苑”的支持和喜爱，暗示自己是被主播的个人魅力吸引而参与互动。
798,鹏鹏今天的西装杀杀疯了,0,该用户想表达的含义是：主播今天穿西装的样子非常帅气迷人，让人心动不已。
799,都很厉害,0,该用户想表达的含义是：主播们展示的产品或才艺都非常出色，让人印象深刻。
800,别想太多,0,该用户可能是在劝主播或其他人不要过度解读或纠结之前的弹幕内容，轻松看待直播氛围。
801,宝贝,0,该用户可能在用亲昵的称呼表达对主播或商品的喜爱和关注。
802,我原来在新东方上课能不能便宜一点,0,该用户可能是新东方的老学员，希望通过提及过往经历来争取直播间的专属优惠或折扣。
803,街舞很棒,0,这条弹幕表达了观众对直播中街舞表演的欣赏和认可，可能是对主播才艺展示的正面反馈。
804,东方甄选最近的商品都很便宜,1,该用户可能是在对比东方甄选近期的商品价格后，觉得性价比不错，暗示自己有兴趣关注或购买。
805,文化低都不好意思进来,0,该用户可能是在调侃直播间的内容或氛围较为高雅或专业，暗示自己因文化水平有限而感到有些格格不入。
806,饺子皮不用那么厚的,1,该用户可能是在对直播中展示的饺子皮厚度提出改进建议，暗示产品若能做得更薄些会更符合自己的购买偏好。
807,有没有全麦面包,1,该用户可能在询问直播间是否有售卖全麦面包这款商品，表达了对健康食品的关注和潜在的购买意向。
808,宇辉保重再见了,0,"该用户是在向主播""宇辉""表达告别和关心，可能因为直播即将结束或主播暂时离场。"
809,我猜带鱼这会儿心情不好,1,该用户可能在调侃主播或嘉宾当前的状态不佳，用“带鱼”代指对方并暗示其情绪低落。
810,这是挑食冯吗,0,该用户可能在询问直播中展示的产品是否是知名品牌“挑食冯”的商品。
811,我老家,0,该用户可能想表达自己与直播商品或话题有地域关联，暗示对产品有潜在兴趣或寻求认同。
812,哈哈哈哈哈,0,该用户可能被直播间的轻松氛围或主播的幽默表现逗乐，用笑声表达愉悦情绪但并未直接体现购买意向。
813,大米皮就是糠,1,该用户可能在调侃或纠正直播中关于大米产品的描述，暗示“大米皮”其实就是常见的“糠”。
814,小孩可以用吗,1,该用户可能是在询问直播中展示的商品是否适合儿童使用或食用。
815,哈哈,0,该用户可能被直播间的轻松氛围或某条幽默评论逗乐，用“哈哈”表达随性愉悦的情绪，但并未直接体现购买意向。
816,这个苹果很好吃,1,该用户可能是在认可直播中展示的苹果品质，暗示有购买意向或希望了解更多产品信息。
817,枸杞没有吗,1,该用户是在询问直播间是否有售卖枸杞产品。
818,滨州淄博话,0,该用户可能在询问主播是否会使用或展示滨州或淄博的方言来互动或介绍产品。
819,山西,0,该用户可能是想询问直播中提到的商品是否与山西特产相关，或是想分享自己与山西的关联（如家乡或感兴趣的地点）。
820,蜜薯有吗,1,该用户是在询问直播间是否有售卖蜜薯这款商品。
821,直接可以包吗,1,该用户可能在询问当前展示的商品是否可以直接打包购买，省略其他步骤或优惠流程。
822,不好好教书育人误人子弟,0,该用户可能是在批评主播或直播间偏离了原本的教育属性，转而过度商业化，失去了教书育人的初心。
823,发型也是特点穿上中山服特有五四气质,0,该用户想表达的含义是：这款中山服的版型和设计能衬托出复古文艺的气质，与特定发型搭配效果更佳。
824,怎么不支持配送呢,1,该用户对当前直播中展示的商品产生了购买意向，但因所在地区不在配送范围内而感到遗憾和不满。
825,想看打印机想看打印机想看打印机想看打印机想看打印机想看打印机,1,该用户强烈表达了对直播中展示的打印机产品的浓厚兴趣和购买意愿。
826,很久没说额尔古纳河右岸,0,该用户可能是在感慨直播间很久没提到或推荐《额尔古纳河右岸》这本书了，暗示对这本书的兴趣或希望主播介绍相关产品。
827,长公主殿下好,0,"该用户可能在用戏谑或亲昵的称呼表达对主播的喜爱或调侃，将主播比作影视/文学作品中的""长公主""角色来活跃气氛。"
828,佛跳墙去哪里买呢,1,该用户是在询问直播中提到的佛跳墙产品的购买渠道，表达了对该商品的购买意向。
829,7万人了,0,该用户可能是在感叹直播间人气高涨，暗示主播的受欢迎程度或对当前热闹氛围的共鸣。
830,好帅啊鹏鹏,0,该用户是在夸赞主播或展示商品的模特外形出众，表达对其个人魅力的欣赏而非直接的购买意向。
831,地址不支持配送,1,该用户因所在地区无法接收商品而感到遗憾或不满。
832,意面,1,该用户可能在询问直播间是否有意大利面售卖。
833,这个可以送你邻居,1,该用户可能在调侃或暗示直播间的商品适合作为礼物赠送给邻居。
834,灿今天好年轻啊,0,该用户可能在夸赞主播今天的造型或状态显得比平时更有活力。
835,女对此,0,该用户可能想询问直播中展示的某款女性相关产品是否支持特定服务或功能。
836,蒜苔,1,该用户可能在询问直播间是否有蒜苔商品在售或相关介绍。
837,哪里有券,1,该用户可能在询问当前直播商品的优惠券领取渠道或使用方式。
838,支持小孙和七七辛苦啦,0,该用户是在向主播小孙和七七表达感谢与鼓励，认可他们的辛勤付出。
839,给正能量的你们点赞,0,该用户想表达的含义是：对主播或直播间的积极氛围表示认可和支持。
840,大山东热烈欢迎东方甄选团队,0,该用户想表达的是对东方甄选团队的友好欢迎和支持态度。
841,看一下盘子里是什么样的,1,该用户可能是对直播中展示的某款餐盘或食物容器内的具体内容感到好奇，想进一步了解产品细节。
842,七七辛苦了,0,该用户想表达对主播“七七”的关心和鼓励，可能是对其直播表现或付出的认可。
843,有爱的同事,0,该用户可能在称赞主播团队之间的友爱氛围或表达对同事间温暖互动的欣赏。
844,把人笑死,0,该用户想表达的含义是：直播内容非常有趣，让人忍不住笑出声。
845,水壶么么没了,1,该用户想询问直播中展示的水壶是否已经售罄。
846,爱您,0,该用户想表达的含义是：对主播或直播内容表示喜爱和支持。
847,是剁小块的吗,1,该用户是在询问直播中展示的商品是否已经预先切成了小块规格。
848,明明下班,0,该用户可能是在抱怨直播时间与自己下班时间冲突，无法及时参与观看或购买。
849,这书今天刚收到,1,该用户想表达的含义是：我已经购买了这本书并刚刚收到货。
850,牛肉饼为啥买不了,1,该用户因无法成功下单牛肉饼而感到困惑，可能是遇到了购买限制或系统问题。
851,在哪里看撒花视频我怎么没有看到,0,该用户可能在询问直播中提到的某个展示“撒花”效果的视频片段或互动环节的观看方式，表达了对直播内容的好奇和参与意愿。
852,这次对不起只希望她不是山东人,0,该用户可能在调侃或表达对主播地域背景的玩笑式关注，结合直播间此前关于山东的欢迎弹幕，其潜台词是“希望主播不是山东人（否则刚才的欢迎就尴尬了）”。
853,鹏鹏变成五十年代的上海滩阿祥,0,该用户可能在调侃主播的造型或风格变化，将其比作旧上海滩的某个经典形象，带有幽默或怀旧的意味。
854,昨天的黄膘牛肉涨价了吗,1,该用户可能在询问之前关注过的黄膘牛肉产品当前的价格变动情况，暗示对商品的持续关注和潜在的购买意向。
855,韭黄,1,该用户可能是在询问直播中展示的韭黄产品的相关信息或表达购买意向。
856,辛苦,0,该用户想表达的含义是：对主播或工作人员的辛勤付出表示体恤和感谢。
857,空利仁气炸锅给我弹个链接就行,1,该用户想表达的含义是：我对这款气炸锅感兴趣，请直接提供购买链接方便下单。
858,个个都是戏精,0,该用户是在调侃直播间的主播或工作人员表演生动有趣，像在演戏一样。
859,七七这是阅读理解啊没含义硬来,0,该用户可能在吐槽主播强行解读产品卖点，认为讲解内容牵强附会缺乏实质信息。
860,很帅哦,0,该用户可能是在夸赞主播或产品的形象气质出众，表达欣赏和好感。
861,学厨师就上新东方,0,该用户可能在调侃直播间的氛围或主播的表现，暗示这里像新东方厨师培训一样热闹有趣。
862,爱了就爱了,0,该用户想表达的含义是：对当前直播展示的商品或内容非常喜爱，决定要购买或支持。
863,冬冬优秀,0,该用户是在夸赞主播“冬冬”的表现出色或人格魅力突出。
864,青岛拍不了,0,该用户想表达的含义是：商品不支持配送到青岛地区。
865,好基友一辈子,0,该用户可能在用调侃或默契的口吻表达对主播或直播内容的喜爱和支持，类似于“铁哥们永远挺你”的轻松互动。
866,明明讲得真好,0,该用户想表达的含义是：对主播明明的讲解表现表示高度认可和赞赏。
867,还有羊蝎子吗,1,该用户是在询问直播间是否还有羊蝎子这款商品在售。
868,痞帅,0,该用户想表达的含义是：主播或展示对象的风格既叛逆又帅气，很有吸引力。
869,小孙领导棒棒哒,0,该用户是在夸赞主播“小孙”的表现出色，表达了对直播内容的认可和支持。
870,为什么都说头发,0,该用户可能是在疑惑为什么当前直播间的弹幕内容突然集中讨论与头发相关的话题，而此前并没有明显的关联性讨论。
871,真的是空心的嘛,1,该用户对主播展示的商品材质表示怀疑，想确认产品是否如宣传所说真的是空心设计。
872,不管像不像明明这么一说我肯定是记住了,0,该用户想表达的含义是：虽然不确定主播的说法是否准确，但这种独特的表达方式让我印象深刻并产生了兴趣。
873,河南郑州不能配送,1,该用户想表达的含义是：询问直播间商品是否支持配送到自己所在的河南郑州地区。
874,女婿现在是不定期出现啊,0,该用户可能在调侃主播或嘉宾的出现频率不稳定，带有一种轻松打趣的意味。
875,呦吼,0,该用户可能是在用轻松随意的语气表达对直播内容的兴奋或认可，类似于“有意思/挺带劲”的调侃式互动。
876,中灿好帅,0,该用户是在夸赞主播“中灿”的外表有吸引力，表达了对主播个人魅力的欣赏。
877,几何课,0,该用户可能是在调侃主播讲解产品时的表现像在上几何课一样枯燥难懂。
878,天权头上戴得啥子嘛,0,该用户是在询问主播天权头上佩戴的物品是什么，表现出对主播造型细节的好奇和关注。
879,早抢到了,0,该用户想表达的含义是：我已经提前下单购买了商品。
880,什么时候才能买,1,该用户想表达的含义是：询问商品的具体开售时间或购买渠道是否已开放。
881,今天辉辉很帅,0,该用户是在夸赞主播的外表吸引人，表达对主播的喜爱和支持。
882,走秀去了,0,该用户可能在调侃主播或嘉宾离场时的姿态像是在走秀，带有轻松玩笑的意味。
883,西藏都不发货呀,1,该用户可能因看到其他地区无法配送的弹幕，进而询问西藏是否也在不发货范围内，表达了对商品感兴趣但担心无法购买的疑虑。
884,三小只挑大梁了真棒,0,该用户是在夸赞三位主播（可能指代“三小只”）表现出色，成功担当了直播的重要角色。
885,这是白色的黑,1,该用户可能在调侃或反讽直播中展示的商品颜色描述与实际不符，比如看似黑色但被介绍为白色，表达对产品宣传的疑惑或幽默吐槽。
886,什么都不能买,1,该用户可能因所在地区无法配送或商品已售罄而感到失望，表达了对无法参与购买的遗憾情绪。
887,是冬冬,0,该用户可能在询问或确认主播“冬冬”是否在场或参与直播。
888,冬冬可爱,0,该用户是在夸赞主播“冬冬”的表现或外貌惹人喜爱。
889,跑山鸡,1,该用户可能在询问或关注直播中提到的“跑山鸡”产品是否在售或相关购买信息。
890,对对,0,该用户想表达的含义是：赞同或附和前面某位观众提到的观点或描述。
891,希望上连帽卫衣,1,该用户希望直播间能推出连帽卫衣款式以供购买。
892,悠悠不小心暴露年龄,0,该用户可能是在调侃主播无意中提到的某个怀旧话题或行为，暗示主播不经意间透露了自己的真实年龄。
893,听了,0,该用户想表达的含义是：我在听主播介绍产品，对当前内容表示关注。
894,小孙体力不错,0,该用户可能是在夸赞主播“小孙”在直播中表现出的充沛精力和活跃状态。
895,领券,1,该用户可能在询问或提醒关于优惠券的领取方式或渠道。
896,早呀悠悠,0,"该用户是在友好地向主播""悠悠""打招呼，表达一种轻松随意的观看参与感。"
897,太好喝了,1,该用户是在品尝或看到直播中展示的饮品后，被其口感打动而发出的由衷赞叹。
898,要午休了,0,该用户可能是在暗示直播内容吸引力不足或与自己需求不符，准备暂时离开直播间去休息。
899,直接可以吃了,1,该用户想表达的含义是：这款产品无需加工即可食用。  （结合前文弹幕中提及“跑山鸡”等食品相关内容和抢购氛围，推测目标弹幕是对直播中展示的即食产品的实用性评价。）
900,爱媛好吃吗,1,该用户是在询问直播中展示的爱媛产品（可能是水果）的口感和品质如何，隐含潜在的购买意向。
901,早起的录屏我起不来我要睡到中午,0,该用户想表达的是：自己因为睡懒觉错过了直播的早起部分，希望有人能分享录屏内容。
902,悠悠好美,0,"该用户是在夸赞主播""悠悠""的外貌出众，表达了对主播的喜爱和欣赏。"
903,英语单词cookie来自荷兰语koekje是koekcake蛋糕的指小形式,0,该用户可能是想通过分享冷知识来参与互动，表达自己对直播中提到的食品（如蛋糕、饼干类商品）的兴趣或相关知识储备。
904,许多许多许多许多,0,该用户可能在用夸张的重复表达来强调对当前直播内容（如产品数量、优惠力度或主播表现）的强烈兴趣或惊叹。
905,米饭,1,该用户可能在询问或评价直播中展示的米饭相关产品（如米饭的口味、品质或购买方式）。
906,想送都不知道地址问了也不说,1,该用户可能在抱怨主播没有提供购买方式或邮寄地址，导致自己即使想购买商品也无法下单。
907,幼儿园中班,0,该用户可能是在询问直播中提到的产品或服务是否适合幼儿园中班年龄段的孩子使用或参与。
908,七七不太会,0,该用户想表达的含义是：对当前展示的商品或操作不太熟悉，需要更多讲解或演示。
909,冯冯下班我要去吃饭了,0,该用户想表达的含义是：主播冯冯结束直播后，自己打算去用餐。  （解析：结合前文弹幕的闲聊氛围和碎片化内容，用户并未表现出购买兴趣，而是以轻松口吻提及个人行程，属于互动性告别或状态同步。）
910,孩子又吃了,0,该用户想表达的含义是：孩子已经再次品尝了（直播中展示的）食品。
911,早拉晚拉,0,该用户可能在调侃或催促主播早点或晚点展示某款产品（比如连帽卫衣或其他商品），表达一种随性但期待的心情。
912,他们都好有学识呀真厉害,0,该用户是在感叹直播间主播或嘉宾的知识储备丰富，表达了对他们专业素养的欣赏和钦佩。
913,宁德欢迎您,0,该用户可能是在以幽默或调侃的方式表达对直播地点或主播的欢迎，而非直接体现购买兴趣。
914,山东的到了,0,该用户想表达的含义是：我是山东的观众，已经进入直播间了。
915,今天有红糖吗,1,该用户可能在询问直播间当前是否有红糖商品在售或促销。
916,6岁小朋友可以喝吗,1,该用户是在询问直播中介绍的产品是否适合6岁儿童食用。
917,鹏鹏情商真高,0,该用户是在夸赞主播鹏鹏在直播中展现出的得体互动能力和讨喜的个性魅力。
918,赶紧卖货,1,该用户可能是在催促主播加快节奏进入正式销售环节，表达了对当前闲聊内容的不耐烦和急于购物的心情。
919,牛肋排还有吗,1,该用户是在询问商品库存情况，表达了对牛肋排这款产品的购买意向。
920,要橙子,1,该用户想表达的含义是：我想购买橙子。
921,冬天组合鸭子辣不辣,1,该用户可能在询问直播中推荐的“冬天组合鸭子”产品的辣度如何，表达了对该商品的购买兴趣或口味偏好。
922,守护明明,0,"该用户可能在表达对主播""明明""的支持和喜爱，希望通过弹幕传递鼓励和陪伴的情感。"
923,啥时候有体检呀,0,该用户是在询问直播间何时会上架体检类产品或服务，表达了对健康检查项目的潜在购买兴趣。
924,鹏鹏吃中饭了,0,该用户可能在提醒主播注意休息或表达对主播的关心，暗示直播时间较长已到饭点。
925,太酸了,1,该用户可能是在表达对直播中展示的某款酸味食品（如柠檬、酸梅等）产生了强烈的兴趣或渴望尝试。
926,我们云南,0,该用户想表达的含义是：我是云南的观众，想询问是否有云南相关的产品或优惠。
927,有咸味吗,1,该用户是在询问直播中展示的商品是否带有咸味的口感或风味。
928,灿爱你,0,该用户可能在表达对主播“灿”的喜爱和支持，类似于粉丝为偶像打call的互动行为。
929,明明,0,该用户想表达的含义是：支持或关注主播“明明”。
930,报菜名的是哪个小哥,0,该用户可能在询问直播间里正在介绍菜品的主播或工作人员是谁。
931,五顿美女在哪里,0,该用户可能在询问直播间里某位昵称或特征为“五顿”的主播或工作人员的去向。
932,优优最美,0,该用户是在表达对主播“优优”的喜爱和支持，属于粉丝互动性质的夸赞弹幕。
933,锅盖摆烂了,0,该用户可能在调侃主播或商品展示环节不够积极，暗示“锅盖”相关产品介绍得敷衍或没达到预期。
934,这个好吃今天家里做了,1,该用户想表达的含义是：对直播中展示的食品表示认可，并分享自己家中也在食用同类产品的经历。
935,猕猴桃,1,该用户想表达的含义是：询问直播间是否有猕猴桃在售或推荐。
936,没了,1,该用户想表达的含义是：想要购买的商品已经售罄了。
937,早上好啊,0,该用户可能是在打招呼或活跃气氛，试图融入直播间的互动中，但并未直接表达对商品的购买兴趣。
938,为什么这个孩子哪个时间段都在炫饭,0,该用户可能在调侃主播的孩子总是出现在镜头前吃东西，显得特别贪吃或可爱。
939,今天没有橙汁吗,1,该用户是在询问直播间是否会上架或展示橙汁产品。
940,红薯干有吗,1,该用户是在询问直播间是否有红薯干这款商品出售。
941,冯冯非常优秀那一年的,0,该用户可能在称赞主播冯冯过去某段时期的出色表现或高光时刻。
942,留白,0,该用户可能在催促主播展示或介绍商品时留出空白时间供大家提问或互动。
943,锅有没有,1,该用户可能在询问直播中是否有展示或销售锅具产品。
944,小孙和小小孙今天辛苦啦,0,该用户是在向直播间的两位主播（小孙和小小孙）表达慰问和鼓励，可能是看到他们长时间直播或卖力推荐商品而感到心疼。
945,俄罗斯入场,0,该用户可能是在询问直播间是否有售卖俄罗斯风味的食品或商品。
946,人气票扔出来,0,该用户可能是在呼吁其他观众或主播发放或展示直播间的人气票福利，以活跃气氛或参与互动。
947,带货人气双第一,0,该用户可能在称赞直播间当前的销售表现和观众互动热度都位居前列。
948,牛肉干清真的吗,1,该用户是在询问直播中售卖的牛肉干是否符合清真食品的标准。
949,YOYO漂亮干净,0,该用户是在夸赞主播YOYO的外表清爽得体，给人舒适愉悦的观感。
950,你俩就相互棒吧优秀的级主播,0,该用户是在夸赞两位主播配合默契、表现优秀，属于高水平的主播搭档。
951,你们的快递太慢了22号下的单今天还没出昆明想退货了,0,该用户因对物流速度不满而产生了退货的意向。
952,属实干饭王,0,该用户想表达的含义是：主播确实是个名副其实的吃货达人。  （结合前文弹幕中多次出现食物相关内容和调侃主播吃饭的语句，如“炫饭”“红薯干”“牛肉干”，可推断“属实干饭王”是对主播爱吃或能吃特点的调侃式认可。）
953,苹果卖光了是吗,1,该用户是在询问直播间此前展示的苹果商品是否已经售罄。
954,喜欢大才子,0,该用户是在夸赞主播的才华并表示欣赏喜爱。
955,明上午一定去图书号,0,该用户想表达的含义是：明天上午会去关注或参与图书相关的直播活动。
956,冯有才,0,该用户可能在表达对主播“冯有才”的喜爱或支持，或是想引起主播的注意进行互动。
957,山东天都黑了,0,该用户可能在委婉地提醒主播时间已晚或直播时长过长，暗示该结束或调整直播内容。
958,天津入场,0,"该用户可能是以地域名称接龙的方式参与直播间的互动游戏，类似之前""俄罗斯入场""的格式，表达自己作为天津观众的到场打卡。"
959,书没了吗,1,该用户是在询问直播间之前提到的书籍是否已经售罄。
960,我会倒桩,0,该用户可能是在询问直播中展示的某种商品（如酒类或容器类）是否具备倒置摆放的功能或设计。
961,京东顺风可以发,1,该用户可能是在询问直播商品是否支持通过京东或顺丰快递发货。
962,皮能吃吗不涩吗,1,该用户可能是在询问直播中展示的水果（如苹果）的果皮是否可以食用且口感是否苦涩，表达了对产品细节的购买顾虑。
963,不是雨萱吗,0,该用户可能在询问或确认当前直播的主播身份是否为“雨萱”，表现出对主播的关注或对直播内容的疑惑。
964,小糖人可以吃吗,1,该用户是在询问直播中展示的小糖人是否属于可食用的产品。
965,下单,1,该用户想表达的含义是：确认购买意向并完成订单支付。
966,别吃理解,0,该用户可能在催促主播停止闲聊或解释，直接进入商品介绍或促销环节。
967,m有问题找客服,0,该用户可能是在询问商品质量或售后问题，暗示对产品存在疑虑但仍有购买意向。
968,什么时候再上陕西的猕猴桃,1,该用户想询问直播间是否会再次补货陕西产地的猕猴桃。
969,我来看颠勺,0,该用户可能是被直播间的烹饪或美食相关内容吸引，表达了对展示厨艺技巧（如颠勺动作）的兴趣或期待。
970,汉后,0,该用户可能在询问或确认直播中提到的“汉后”这款产品是否还有货或相关购买信息。
971,天权用心了,0,该用户想表达的含义是：主播在选品或介绍上很认真细致，让人感受到诚意。
972,哈哈哈钉子,0,该用户可能是被直播中的某个搞笑场景或主播的幽默表现逗乐，同时提到了商品名称“钉子”表示关注或调侃。
973,喜欢你俩,0,该用户想表达对直播中两位主播的欣赏和支持。
974,我想要藕粉,0,该用户表达了对直播中展示的藕粉产品有明确的购买意愿。
975,再来一个,1,该用户希望主播继续展示或上架更多同类商品以供选择。
976,有口罩吗,1,该用户可能在询问直播间是否有口罩商品在售，表达了对购买口罩的兴趣或需求。
977,灿灿和明明蛮搭的,1,该用户是在夸赞直播中的两位主播（灿灿和明明）互动默契、配合和谐，表达了对他们搭档表现的欣赏。
978,鹏鹏你是不是去不了山东了,0,该用户可能在询问主播是否因某些原因无法按原计划前往山东进行直播或活动。
979,一片料酒,1,该用户可能在询问直播中提到的料酒产品是否还有库存或是否可以购买。
980,酸不,1,该用户可能在询问直播中展示的商品（可能是水果或食品）是否带有酸味。
981,七七多吃点,0,该用户可能在表达对主播的关心，希望主播在直播过程中注意身体、适当休息或享受美食。
982,上个小孩能泡的呀上个小孩能泡的呀,1,该用户可能在催促主播重新展示或上架一款适合儿童使用的泡浴产品。
983,大师兄真体贴,0,该用户是在夸赞主播“大师兄”在直播中展现出的细心周到的服务态度。
984,53能不能让发北京,0,该用户是在询问商品编号53的产品是否可以发货到北京地区。
985,不一定都吃,1,该用户可能想表达对直播中推荐食品的谨慎态度，暗示自己不会盲目跟风购买所有展示的商品。
986,关注东方七七,0,该用户想表达的含义是：希望成为主播东方七七的粉丝以持续关注她的动态。
987,哈哈醉了吗,0,该用户可能是在调侃主播或直播间的欢乐氛围，表达一种轻松幽默的观看情绪。
988,冯冯连着播辛苦啦,0,该用户是在表达对主播冯冯长时间直播的关心和慰问。
989,手咋了,0,该用户可能是在询问主播或某个参与者的手部是否受伤或不适。
990,鹏鹏宝藏男孩,0,该用户是在夸赞主播鹏鹏，认为他很有魅力或才艺出众。
991,得先有女朋友啊,0,该用户可能在委婉表达当前直播推荐的商品（如情侣相关或男性用品）对他而言暂时没有实用价值，因为他目前单身。
992,灿姨,0,该用户可能在亲切地称呼主播或直播间中的某个活跃人物，表达一种熟悉感和互动意愿。
993,还包饺子,1,该用户可能是在询问或确认直播中提到的商品是否包含饺子相关的内容或赠品。
994,嫂子,0,该用户可能在用昵称或调侃的方式称呼主播或直播间中的某位活跃人物。
995,买了买了,1,该用户想表达的含义是：我已经决定下单购买了。
996,董宇辉越来越帅了哈,0,该用户是在夸赞主播董宇辉的外表魅力，表达对其个人形象的喜爱和关注。
997,哈哈,0,该用户可能是在轻松愉快的氛围中随性发出的笑声，表达对直播内容的即时反应或对某个有趣瞬间的共鸣。
998,带鱼不能养殖,1,该用户可能是在质疑或补充直播中关于带鱼的产品信息，暗示带鱼是野生捕捞而非养殖的，以此表达对商品品质的关注或对主播说法的纠正。
999,咱们就是说中灿怎么做到一会52一会18的,0,该用户是在调侃主播中灿的年龄或状态变化不定，表现出对他个人特点的趣味性关注。
1000,炫吗,0,该用户可能在询问直播展示的商品是否足够吸引人或值得购买。
1001,拍了,1,该用户想表达的含义是：我已经下单购买了商品。
1002,哈哈哈冯冯太饿死了,0,该用户是在以夸张的玩笑语气表达主播冯冯吃东西的样子很有趣，让人忍俊不禁。
1003,蒜黄是蒜长出来的,1,"该用户可能是在对直播中提到的蒜黄进行知识性补充或好奇提问，表达""蒜黄是由蒜苗生长而成的""这一常识确认。"
1004,女婿正装比较帅,0,该用户可能是在调侃或建议主播展示适合女婿穿的正装款式，暗示这类服装很有吸引力。
1005,哈哈哈哈哈,0,该用户被直播中的搞笑互动逗乐，用笑声表达轻松愉悦的情绪。
1006,深圳也有红树林,0,该用户可能是在回应直播中提到的某个地点或景点时，表达对深圳本地也有类似景观的认同或惊喜。
1007,天权太搞笑了,0,该用户是在夸赞主播天权的幽默表现，表达了对直播内容的喜爱和轻松愉悦的观看体验。
1008,奶酪棒有吗,1,该用户是在询问直播间是否有奶酪棒这款商品出售。
1009,醉了,0,该用户可能是在表达对直播中某个搞笑或离谱情节的无奈调侃。
1010,好久没看小么哥主持的拉呱了,0,该用户可能是在怀念主播过去主持的节目风格，表达对当前直播内容偏离其熟悉风格的轻微失落感。
1011,烤肠双十一有活动么,1,该用户是在询问烤肠产品是否参与双十一促销活动，表现出明确的购买意向和价格敏感度。
1012,太好听了吧,0,该用户被直播中的背景音乐或主播的歌声所打动，表达了对音效的欣赏和愉悦感受。
1013,哦哦所有券都只能买自营产品,1,该用户可能是在了解优惠券使用范围后，略带失望地指出平台优惠券的局限性，暗示自己原本想购买非自营商品但无法享受折扣。
1014,让董董吃点上董董,0,该用户想表达的含义是：希望主播董董也品尝一下他正在推销的产品。
1015,蓝宝破壁机破壁机破壁机破壁机,1,该用户可能是在强烈表达对蓝宝破壁机的兴趣或重复强调产品名称以引起主播注意。
1016,感觉不错,1,该用户可能对当前展示的商品或直播内容产生了初步好感，暗示有潜在购买意向。
1017,新疆不支持配送啊,1,该用户因所在地无法收货而感到遗憾或不满。
1018,真的帅,0,该用户是在夸赞主播或展示商品的颜值很高，表达了对当前画面中人物/物品外形的欣赏和喜爱。
1019,还有冬枣吗,1,该用户是在询问直播间是否还有冬枣库存可供购买。
1020,明明完胜,0,该用户想表达的含义是：当前展示的产品或主播表现明显优于其他竞争对手。
1021,中灿和七七这是什么神仙组合啊,0,该用户是在赞叹直播中两位主播（中灿和七七）的搭档效果非常出色，产生了令人惊喜的化学反应。
1022,空利仁气炸锅给我弹个链接就行,1,该用户想表达的含义是：我对这款气炸锅很感兴趣，请直接提供购买链接方便下单。
1023,胡志鹏,0,该用户可能在呼唤主播或工作人员的名字，希望得到关注或解答某个问题。
1024,好你说的对我撤了你慢慢吃,0,该用户想表达的含义是：我认可你的观点，现在先退出直播间了，你继续享受直播吧。
1025,跳的真好,0,该用户是在称赞主播或表演者的舞蹈表现精彩。
1026,导演又吓的浑身发抖,0,该用户是在调侃主播或现场工作人员（导演）因紧张或搞笑场面而表现出的夸张反应，属于娱乐互动性质的弹幕。
1027,干饭人,0,该用户可能在用网络流行语“干饭人”表达对直播中展示的食品类商品的兴趣或调侃主播的吃货形象。
1028,流口水了,1,该用户想表达的含义是：看到直播中展示的美食或商品后产生了强烈的食欲或购买欲望。
1029,孙老师多吃点,0,该用户可能在以轻松调侃的方式表达对主播（孙老师）的关心或喜爱，同时暗示对直播中展示的食品类商品产生兴趣。
1030,小学生,0,该用户可能是在调侃直播间的氛围或主播的表现过于幼稚简单，类似于“这内容也太小儿科了”。
1031,发不了货,1,该用户可能在表达对当前商品无法配送到自己所在地区的失望或询问物流限制问题。
1032,帅气的灿灿,0,该用户是在夸赞主播“灿灿”的外表或表现很有魅力。
1033,我饿了,1,该用户可能是受到直播中展示的食物或吃播内容的影响，产生了食欲或想购买相关食品的冲动。
1034,好听,0,该用户想表达的含义是：对直播中的音乐或表演表示欣赏和喜爱。
1035,讲的真细,0,该用户想表达的含义是：主播对产品的介绍非常详尽到位，让人产生信任感。
1036,董于辉呢,0,该用户可能在询问主播或嘉宾“董于辉”为何没有出现在直播中，表达对其缺席的关注或期待其参与互动。
1037,好吃,1,该用户想表达的含义是：对直播中展示的食物感到满意并产生食欲。
1038,侏罗纪奶片有不,1,该用户想询问直播间是否有售卖“侏罗纪”品牌的奶片产品。
1039,今天相亲了吗穿的这么板正,0,该用户是在调侃主播穿着正式，像是在相亲场合一样精心打扮。
1040,慢点吃冯冯,0,该用户是在调侃或提醒主播“冯冯”吃东西时别太着急，注意形象或节奏。
1041,青出于蓝,0,该用户可能在用谐音梗调侃主播的名字或表演，暗示“青出于蓝（而胜于蓝）”的趣味联想。
1042,爱你们,0,该用户想表达对主播或直播内容的喜爱和支持。
1043,5号在加一些吧,1,该用户想表达的含义是：希望主播增加5号商品的库存或补货。
1044,冯冯辛苦了图书号到大号连播慢慢吃吧大家自行下单,1,该用户想表达的含义是：主播冯冯连续直播辛苦了，建议她切换账号休息一下，观众们可以自行下单购买商品。
1045,都改直播间吃饭了,0,该用户可能是在调侃主播从专注带货转向了轻松闲聊的“吃饭”氛围，暗示直播内容偏离了原本的销售主题。
1046,拍不了海南不发货,1,该用户想表达的含义是：由于收货地址在海南无法下单购买商品。
1047,董宇辉,0,该用户可能在询问或提醒主播董宇辉的去向或状态，暗示对这位人物的关注或期待其出现。
1048,漂亮,1,该用户想表达的含义是：主播的穿搭或形象很吸引人。
1049,开锅不,1,该用户可能在询问直播中展示的商品是否可以立即开售或购买。
1050,你要是被绑架了请眨一眨眼,0,该用户是在用调侃的方式暗示主播表现不自然或状态异常，可能觉得主播过于紧张或受到某种限制。
1051,鹏你要多吃点你好瘦啊,0,该用户是在以关心的口吻调侃主播身材偏瘦，同时表达对主播的喜爱和互动意愿。
1052,哈哈哈,0,该用户可能被直播间的轻松氛围或主播的幽默表现逗乐，用笑声表达愉悦情绪并参与互动。
1053,做你们的背景这些花也值了,0,该用户是在夸赞直播间的背景布置很用心，连装饰用的花都让人觉得值得购买。
1054,福建也听懂了,0,该用户可能在调侃主播的口音或表达方式，暗示主播说话带有福建口音或者用词特点被大家理解了。
1055,茯苓膏有吗,1,该用户是在询问直播间是否有售卖茯苓膏这款产品，表达了对该商品的购买意向。
1056,吃的也太斯文了,0,该用户是在调侃主播吃东西过于拘谨，希望对方能更放松自然一些。
1057,网络的病病例是越来越厚了,0,该用户可能是在调侃主播频繁切换直播内容或账号，导致观众感到混乱，就像网络病例越积越厚一样让人摸不着头脑。
1058,这哥妹妹好像见过,0,该用户可能觉得主播的长相或气质似曾相识，在表达一种亲切的熟悉感。
1059,会员40怎么领,1,该用户想询问如何获取或激活直播间提到的会员优惠40元的相关权益。
1060,好看的,1,该用户可能是在夸赞直播中展示的商品外观吸引人或主播的造型打扮得体。
1061,拍不了,1,该用户想表达的是：自己所在的地区（可能是海南）无法下单购买当前直播间的商品。
1062,怎么用,1,该用户可能在询问直播中展示的某款商品的使用方法或操作步骤。
1063,四声吧,0,该用户可能是想询问主播是否还有库存或是否可以增加购买数量。
1064,宝宝可以吃吗,1,该用户是在询问直播中展示的商品是否适合婴幼儿食用。
1065,有没苹果,1,该用户想询问直播间是否有售卖苹果（水果）或苹果相关产品。
1066,他们同意吗,0,该用户可能在询问直播中提到的某款商品或促销活动是否得到了相关方的认可或支持。
1067,地址不能配送,1,该用户想表达的是对商品无法配送到自己所在地区的遗憾或不满。
1068,丰俭由人嫌便宜的可以不买呦,0,该用户想表达的含义是：商品价格设置合理，觉得便宜的消费者可以选择不购买，无需挑剔。
1069,好喜欢小七,0,该用户想表达的含义是：对主播或商品表现出明显的喜爱和好感。
1070,海参有吗,1,该用户可能在询问直播间是否有海参产品在售，表达了对购买海参的兴趣或需求。
1071,我相信你是海流沙是欣赏得到是无缘的那颗愉悦,0,该用户可能是想表达一种对主播或商品的感性认同，认为其独特魅力能带来难以言喻的愉悦体验。
1072,撒花视频在哪啊,0,该用户可能在询问直播中提到的某个展示花卉或庆祝场景的视频片段在哪里可以观看。
1073,鹏鹏你是要去上学吗好像高中生,0,该用户觉得主播的外表或行为举止显得很年轻，像在校学生一样青涩。
1074,几盒,1,该用户可能是在询问商品的购买数量选项，比如“这个产品一次需要买几盒”或“最少要买几盒”。
1075,脱脂还是全脂的,1,该用户可能在询问直播中展示的乳制品（如牛奶或奶粉）是脱脂还是全脂类型，以根据自身需求考虑是否购买。
1076,没拍到,1,该用户想表达的含义是：没抢到刚才直播中推荐的商品。
1077,七七好美的女孩子,0,"该用户是在表达对主播""七七""外貌的赞美和喜爱之情。"
1078,已回购,1,该用户想表达的含义是：我之前买过这个产品，现在又来下单了。
1079,乐乐居家隔离了,0,该用户可能是在询问主播或产品是否适合居家隔离期间使用或购买。
1080,别刷了,0,该用户可能是在抱怨直播间频繁刷屏或无关内容过多，希望其他观众停止无意义的刷屏行为。
1081,杆称,0,该用户可能在询问直播中展示的杆秤商品的具体信息或购买方式。
1082,七七七七宝宝,0,该用户可能在热情呼唤主播“小七”并表达喜爱支持。
1083,有画面了,0,该用户可能是在看到产品展示或使用场景后，产生了身临其境的联想，表示自己通过主播的讲解想象出了实际使用效果。
1084,梨子没有吗,1,该用户是在询问直播间是否有售卖梨子这款产品。
1085,这小作文明王爷,0,该用户是在调侃主播或商品给人一种矫情做作但又有趣可爱的感觉。
1086,夸擦,0,该用户可能是在模仿某种拟声词或网络流行语，用来表达对直播内容的兴奋或惊叹情绪。
1087,嫂子嫂子你在吗石明请美女吃饭,0,该用户可能在以调侃或互动的方式询问主播（“嫂子”）是否在线，并提及另一位人物“石明”请美女吃饭的事情，意图活跃气氛或引起主播注意。
1088,我滴妈呀又吃饱了,0,该用户想表达的含义是：对直播中展示的美食感到惊叹，暗示自己被吸引并产生了食欲。
1089,佳慧,0,该用户可能在呼唤主播或其他观众的名字，表达互动或关注的意愿。
1090,蓝胖奶粉有货吗,1,该用户是在询问直播间是否有“蓝胖奶粉”的库存，表现出对该产品的购买意向。
1091,七宝太可爱啦,0,该用户是在表达对主播“七宝”的喜爱和赞赏，可能是被主播的可爱表现或互动方式所打动。
1092,冬冬就像个小屁孩,0,该用户是在调侃主播冬冬的行为或表现显得幼稚可爱，类似于小孩子般的天真活泼。
1093,好吃我已买过了今天又买了,0,该用户想表达的含义是：对产品非常满意，已经复购并再次下单。
1094,咋没叫我一起去玩,0,该用户可能是在表达对主播或直播活动的亲近感，暗示自己也想参与其中，但未被邀请的遗憾心情。
1095,我来晚了,0,该用户可能因错过直播前期的内容或优惠活动而感到遗憾。
1096,陕西发货陕西的省会不支持配送,1,该用户想表达的含义是：商品标注的发货地是陕西，但作为陕西省会的西安却不在配送范围内，对此感到不满或困惑。
1097,都挺好,0,该用户可能是在对直播间的整体氛围或商品展示表示认可和满意。
1098,杨梅汁,1,该用户可能在询问直播间是否有杨梅汁这款产品在售。
1099,蓬莱阁对面,0,该用户可能是在询问直播中展示的某款产品或景点是否位于蓬莱阁对面，暗示对该地点或商品感兴趣。
1100,嗯嗯那年代没有罐头自由,0,该用户可能是在感叹过去物质匮乏的年代无法像现在这样方便地购买和享用罐头食品。
1101,孙老师好绅士,0,该用户是在夸赞主播孙老师的言行举止得体有风度，可能是在回应主播某个体贴或礼貌的互动行为。
1102,一同问,0,该用户可能是想表示“我也想问同样的问题”或“我和前面的人有相同的疑问”。
1103,中灿中灿活力无限,0,"该用户是在为主播""中灿""加油打气，表达对其直播表现的热情支持和喜爱。"
1104,三小只听说还有天权,0,该用户可能在询问直播中提到的“三小只”商品是否还有“天权”这一款式或赠品剩余。
1105,哎哟,0,该用户可能是在看到直播中某个有趣或意外的画面时，发出了一声随性的感叹，类似于“哎呀这挺逗的”或“哇有点意思”。
1106,哈哈哈,0,该用户可能被直播间的轻松氛围或主播的幽默表现逗乐，用笑声表达愉悦情绪但并未直接体现购买意向。
1107,买了,1,该用户想表达的含义是：我已经下单购买了直播间的商品。
1108,蒜黄蒜薹蒜苗蒜,1,该用户可能在询问或确认直播中提到的几种蒜类蔬菜（蒜黄、蒜薹、蒜苗）的具体品种或区别，表达对相关商品的兴趣或疑惑。
1109,鸭蛋如何,1,该用户可能在询问直播中提到的鸭蛋产品的相关信息，比如价格、品质或购买方式。
1110,什么时候有去核的红枣,1,该用户想询问直播中是否有去核红枣产品以及具体的上架时间。
1111,冯冯棒棒哒,0,该用户是在夸赞主播“冯冯”的表现出色，表达了对主播的喜爱和支持。
1112,看饿了,1,该用户看到直播中展示的美食后产生了强烈的食欲和购买冲动。
1113,好听,0,该用户可能是在称赞直播中播放的背景音乐或主播的嗓音悦耳动听。
1114,鹏鹏出院了你还好吧,0,该用户可能在关心主播或嘉宾“鹏鹏”的身体状况，并表达对其康复后近况的问候。
1115,鹏鹏好帅,0,该用户是在夸赞主播鹏鹏的外表魅力，表达对主播的个人喜爱而非直接的商品兴趣。
1116,就喜欢黄桃罐头,1,该用户想表达的含义是：我对黄桃罐头这款产品有明确的购买偏好和兴趣。
1117,月亮很亮亮也没用没用也亮,0,该用户可能在用谐音和重复句式玩梗，表达对直播中某款商品（如夜光产品或月亮形状饰品）的喜爱，同时暗示商品虽不实用但颜值吸引人。
1118,咋又换头型了,0,该用户可能是在调侃主播频繁更换发型，表现出对主播形象变化的关注和轻松互动的心态。
1119,冬冬要下班了,0,该用户可能是在调侃或惋惜主播冬冬即将结束直播，暗示自己还没看够或希望延长直播时间。
1120,以后只买六月鲜,1,该用户想表达的含义是：今后会持续选择购买六月鲜品牌的产品。
1121,扎心了,0,该用户可能是在表达对直播内容或产品产生了情感共鸣或触动了内心。
1122,七七姐姐唱Headandshoulderskneesandtoes这是我的作业,0,该用户可能是想通过主播演唱儿歌《Head and Shoulders Knees and Toes》来帮助自己完成相关作业任务，同时表达对主播的亲近感。
1123,冯冯的三观很正,0,该用户是在夸赞主播冯冯的价值观和为人态度让人认同。
1124,哈哈,0,"该用户可能被直播间的轻松氛围或主播的幽默表现逗乐，用""哈哈""表达随性愉悦的情绪，但并未直接体现购买意向。"
1125,纠结买哪种哈哈,0,该用户正在犹豫要选择购买哪款产品，表现出对商品的兴趣但尚未做出决定。
1126,萌萌晚上好,0,该用户是在友好地向主播（萌萌）打招呼，表达对主播的关注和互动意愿。
1127,冬子中午好,0,该用户是在向主播“冬子”打招呼并表达友好互动意愿。
1128,呼和浩特给发吗,1,该用户是在询问商品是否支持发货到呼和浩特地区，表达了对产品的购买意向和地域配送需求的关注。
1129,你脸少吃点吧,0,该用户可能在调侃主播或某位观众注意形象，委婉提醒对方别吃太多。
1130,啥时候有新品,1,该用户想表达的含义是：询问直播间何时会上架新的商品。
1131,小七,0,该用户可能是想用昵称“小七”来呼唤主播或直播间里的某位工作人员。
1132,可爱七七,0,"该用户是在用昵称表达对主播""七七""的喜爱和亲近感。"
1133,我们都是内在美外表也帅啊,0,该用户想表达的含义是：主播不仅内在优秀，外在形象也很吸引人。
1134,肉骨头,1,该用户可能是在询问直播中展示的宠物食品或肉类产品的相关情况。
1135,是雨萱吗,0,该用户可能在确认主播身份或询问直播间是否有名为“雨萱”的人参与互动。
1136,妈妈壹选很好用,1,该用户是在表达对“妈妈壹选”产品的认可和推荐意愿。
1137,甜不甜,1,该用户可能在询问直播中展示的水果或甜品的口感如何，表达了对产品品质的兴趣和潜在的购买意向。
1138,鹏鹏的头发,0,该用户可能是在调侃或询问主播鹏鹏的新发型或头发状态。
1139,白色,1,该用户可能是在询问或确认直播中展示的某款商品是否有白色款式可选。
1140,能不能上点药浴包,1,该用户希望直播间能尽快推出药浴包产品以供购买。
1141,解释下优惠券哪里用阿,1,该用户想询问优惠券的具体使用范围和适用条件。
1142,妹妹小了,0,该用户可能是在抱怨商品尺码偏小，暗示需要更大尺寸的产品。
1143,鹏鹏讲品,0,该用户可能是在催促主播鹏鹏详细介绍当前展示的商品。
1144,身临其境,0,该用户想表达的含义是：直播间的氛围或产品展示让人感觉非常真实生动，仿佛亲身在现场体验一样。
1145,没有飞局送的吗,0,该用户是在询问商品是否支持同城速递或即时配送服务。
1146,有脂渣么,1,该用户是在询问直播间是否有售卖脂渣这款产品。
1147,啥时候有奶酪棒呀明明,1,该用户是在询问直播间何时会上架奶酪棒这款商品，表达了对该产品的期待和购买意向。
1148,七七爱你,0,该用户是在表达对主播“七七”的喜爱和支持。
1149,安徽不发货啊,1,该用户因所在地区无法收货而对购买商品感到遗憾或不满。
1150,真漂亮的花花,1,该用户是在夸赞直播中展示的商品（花卉）外观精美，流露出对产品的喜爱和潜在的购买兴趣。
1151,这个保暖成度能达到几斤棉被效果,1,该用户想询问这款保暖产品的实际保暖性能，希望了解它能提供相当于多厚的棉被的保暖效果。
1152,儿童就用儿童专用的哈,1,该用户想表达的含义是：建议商家针对儿童群体推出专门的儿童款产品。
1153,明明厉害,0,该用户可能在称赞主播“明明”的表现出色或推荐的商品吸引人。
1154,冬冬好乖的样子,0,该用户可能在夸赞主播或展示商品的可爱特质，表达对直播内容的喜爱和关注。
1155,表情到位,0,该用户想表达的含义是：主播的表情演绎得很生动传神。
1156,鹏哥今天穿得这么帅,0,该用户可能是在夸赞主播的外表以表达对直播内容的喜爱和关注，暗示自己因主播的个人魅力而对直播产生兴趣。
1157,妹妹还在吃啊,0,该用户可能是在调侃或关心主播“妹妹”持续品尝产品的行为，暗示她对商品表现出较高的兴趣或享受状态。
1158,汤泡饭,1,该用户可能是在询问或建议主播展示或推荐一款适合搭配汤泡饭的产品。
1159,来看看留守儿童咋样了,0,该用户可能是出于好奇或关心留守儿童相关产品的展示情况而进入直播间。
1160,哪个托尼干的,0,该用户可能在询问直播间展示的发型或造型是由哪位发型师设计的，表达了对主播形象或产品效果的关注。
1161,废废了,0,该用户可能是在调侃主播或商品的表现不如预期，表达一种幽默的失望或无奈情绪。
1162,牛肋排能用券吗,1,该用户想询问直播中展示的牛肋排商品是否可以使用优惠券购买。
1163,吃货一枚,0,该用户想表达的含义是：我对食品类商品很感兴趣。
1164,能敷脸上吗,1,该用户是在询问直播展示的产品是否可以用于面部护肤或敷脸。
1165,给多多整点吃的,0,该用户可能在表达希望主播推荐或展示宠物食品，尤其是针对名为“多多”的宠物。
1166,吃完萝卜再吃块带鱼很对胃口呀,1,该用户想表达的含义是：主播推荐的萝卜和带鱼搭配起来很符合自己的口味。
1167,今天的摄像小哥哥是谁呀他总怼个妹妹拍,0,该用户是在调侃或抱怨直播镜头过于频繁地聚焦在某位女性主播身上，而对摄像师的选择和拍摄方式感到好奇或不满。
1168,广东顺德入场,0,该用户可能是以地域身份互动，表达自己作为广东顺德观众加入直播间的参与感。
1169,重吗,1,该用户可能在询问直播中展示商品的重量是否合适或便携。
1170,一天工作8小时超时,0,该用户可能在吐槽直播时间过长，暗示主播应该控制时长或调整节奏。
1171,边听歌边买牛奶,1,该用户想表达的是在轻松愉悦的直播氛围中产生了购买牛奶的意愿。
1172,开袋即食吗,1,该用户想询问产品是否需要额外加工处理才能食用。
1173,没啦,1,该用户想表达的含义是：商品已经卖完了。
1174,嫂子说没事,0,该用户想表达的含义是：家人对直播内容没有意见或持中立态度。
1175,了不滴这个礼物刷的,0,该用户想表达的含义是：这场直播中观众刷礼物的热情和规模令人惊叹。
1176,山东人友情提醒不吃皮就不辣我们都不吃皮就像吃西瓜,0,该用户想表达的含义是：作为山东人建议不吃辣的食物外皮，就像吃西瓜去皮一样更适口。
1177,饭点看到这个流口水了,0,该用户想表达的含义是：直播中展示的美食看起来非常诱人，勾起了自己的食欲。
1178,看配方还可以喔,1,该用户认为产品成分不错，产生了初步的购买兴趣。
1179,蜜蜂,1,该用户可能在询问直播中提到的产品是否与蜜蜂相关，比如蜂蜜制品或蜜蜂养殖产品。
1180,妹妹像小仓鼠,0,该用户是在调侃直播画面中频繁出镜的某位女性工作人员可爱讨喜的样子。
1181,华山,0,该用户可能是在询问直播中展示的产品是否与“华山”这一地点或品牌相关，或是在玩梗/接话直播间提到的地域话题（如前面出现的广东、山东）。
1182,有暖宝贴吗,1,该用户是在询问直播间是否有售卖暖宝宝产品。
1183,买了好多,1,该用户想表达的含义是：自己已经下单购买了直播间推荐的不少商品。
1184,慢点吃小口吃,0,该用户可能是在善意提醒主播或观众注意吃相，以更优雅的方式享用食物。  （结合前文“妹妹像小仓鼠”“吃完萝卜再吃带鱼”等弹幕，直播内容可能涉及吃播或食品展示，用户通过弹幕互动参与氛围，既表达关心又隐含对内容的兴趣。）
1185,冯冯老师第二场直播辛苦啦,0,该用户是在向主播表达慰问和支持，暗示自己持续关注直播并认可主播的付出。
1186,新郎官,0,该用户可能在调侃或称呼直播间中某位穿着正式或表现突出的男性工作人员或观众，类似“新郎”的喜庆形象。
1187,这个主播是鹏鹏很棒,0,该用户是在表达对主播鹏鹏的认可和喜爱，认为他的表现非常出色。
1188,法语发这个音想要吐了,0,该用户可能是在吐槽主播的法语发音不标准或听起来别扭，感到不适甚至反胃。
1189,20元的券在哪里领,1,该用户想表达的是对当前直播促销活动的关注，并希望获取优惠券以完成购买。
1190,看看羊排,1,该用户可能是对直播中展示的羊排产品产生了兴趣，想进一步了解细节或观看更全面的展示。
1191,人气排第二了,0,该用户想表达的含义是：对直播间当前的热度排名感到惊喜或关注。
1192,喜欢冯冯,0,"该用户是在表达对主播""冯冯""的喜爱和支持。"
1193,小孙辛苦,0,该用户是在对主播小孙的辛勤表现表达关心和鼓励。
1194,北京不发货,1,该用户可能是在询问或抱怨商品是否支持配送到北京地区。
1195,阳光冬冬,0,该用户可能在用昵称或代号称呼主播或直播间某位活跃观众，表达亲切友好的互动意图。
1196,早上上班看到冬冬在播这个牛排现在下班又看到冬冬播这个不买不行了,0,该用户想表达的含义是：从早到晚看到主播反复推荐这款牛排，实在忍不住想下单了。
1197,今天这个西装也帅嘛,0,该用户想表达的含义是：主播穿的这套西装很好看，让人产生好感。
1198,今晚上太硬啊,0,该用户想表达的含义是：今晚的直播内容（或产品）非常给力/吸引人。
1199,没关系,0,该用户可能是在回应主播或他人的关心或提醒，表示对当前情况并不介意或无需担忧。
1200,刚刚收到这会儿解冻准备烤,0,该用户想表达的含义是：我已经收到之前购买的牛排，正在解冻准备烹饪。
1201,小孙有点严肃啊,0,该用户可能是在委婉地表达对主播小孙直播风格或表现的评价，觉得他不够活泼或亲和力不足。
1202,想的太多,0,该用户可能是在调侃主播或观众对某个商品或话题过于纠结或犹豫不决，暗示不必考虑太多直接行动。
1203,咬一口,0,该用户可能是在模仿或调侃主播吃东西的样子，表达一种轻松互动的氛围。
1204,坐等辉辉,0,该用户可能在表达期待主播“辉辉”出场或开始某个环节。
1205,凉拌,0,该用户可能是在询问或评论当前直播中展示的菜品是否可以凉拌食用。
1206,笑死人了,0,该用户想表达的含义是：主播的表现或直播内容非常有趣，让人忍不住发笑。
1207,嫘祖,0,该用户可能是在用“嫘祖”这一中华始祖文化符号来调侃或赞美主播的带货能力，暗示其像嫘祖（传说中发明养蚕缫丝的始祖）一样擅长推广商品。
1208,精神了董老师,0,该用户想表达的含义是：董老师的讲解让我对产品产生了兴趣和购买欲望。
1209,我感觉那天的把头发露出来也好看,0,该用户可能是在评论主播当天的发型变化，表达对主播露出额头或改变发型后的外貌赞赏。
1210,书是啥书,1,该用户可能是在询问当前直播中提到的书籍的具体名称或内容，表现出对商品的初步兴趣和了解意愿。
1211,花生好吃吗红色的,1,该用户是在询问直播中展示的红色花生产品的口味和品质如何，表现出对商品的兴趣和潜在的购买意向。
1212,应酬吃饭带着耳麦听董老师播,0,该用户想表达的含义是：自己在应酬场合也不忘戴着耳机收听董老师的直播内容。
1213,人气票,0,该用户可能是在参与直播间的互动活动，希望通过发送“人气票”来为主播增加热度或支持。
1214,全麦面包片什么时候上,1,该用户是在询问全麦面包片的上架时间，表现出对这款产品的关注和购买意向。
1215,七宝今天牛肉饼有优惠券吗,1,该用户是在询问主播“七宝”今天销售的牛肉饼是否有可用的折扣优惠，表现出对产品的购买兴趣和价格敏感。
1216,放追梦人,0,该用户可能在催促主播播放或展示歌曲《追梦人》作为直播背景音乐。
1217,苹果怎么样啊甜吗,1,该用户是在询问直播中展示的苹果的口感是否香甜，表现出对产品的具体品质关注和潜在的购买意向。
1218,再截个蟹可以吗,1,该用户可能是希望主播再次展示或介绍螃蟹产品，表达了对该商品的兴趣或购买意向。
1219,唱歌,0,该用户可能是在提议或要求主播表演唱歌来活跃气氛。
1220,明明低调点有人是故意刺激你让你得瑟居心不良,0,该用户可能在表达对直播间某些互动行为的不满，认为有人刻意挑动主播情绪或制造话题是别有用心。
1221,方便清洗吗,0,该用户是在询问产品是否容易清洁或打理。
1222,嫂子你在嘛看明明在干嘛,0,该用户可能在询问主播（昵称“嫂子”）是否注意到另一位昵称为“明明”的用户当前的行为或状态，隐含对直播互动的关注或对“明明”的调侃兴趣。
1223,能点读吗,0,该用户可能在询问直播中展示的商品是否具备点读功能。
1224,猕猴桃,1,该用户可能在询问直播中展示的猕猴桃的品质或价格等相关信息。
1225,小米有吗,1,该用户是在询问直播间是否有小米（或小米相关产品）在售或展示。
1226,爱七七,0,该用户可能在询问主播“七七”相关产品（如优惠、库存或使用体验）或表达对昵称为“七七”的主播/商品的喜爱。
1227,买不了了啊,1,该用户可能因商品售罄或购买流程受阻而无法完成下单，表达了对无法购买到心仪商品的遗憾或焦急情绪。
1228,鸭脖有吗,1,该用户可能在询问直播间是否有鸭脖产品在售或参与促销活动。
1229,优惠券怎么用啊,1,该用户想询问如何操作使用直播间的优惠券，可能对当前展示的商品有购买意向但需要确认优惠方式。
1230,看馋了,1,该用户想表达的含义是：被直播展示的商品勾起强烈的食欲或购买欲望。
1231,关键怎么做,0,该用户想询问主播正在演示或讲解的产品的具体使用方法或操作步骤。
1232,yoyo好早,0,该用户可能是对主播提前开播感到惊喜，用轻松的打招呼方式表达关注和互动意愿。
1233,七七太早了,0,该用户觉得直播间的促销活动“七七”开始的太早了，希望时间能更合适一些。
1234,早上好,0,该用户可能是在打招呼的同时暗示自己刚进入直播间，想了解当前直播的进度或商品信息。
1235,冯冯原来发型好看,0,该用户是在对比主播当前发型与以往造型，认为之前的发型更适合主播。
1236,这双播真是绝了,0,该用户想表达的含义是：这双鞋的直播展示效果非常出色，让人心动。
1237,小孙萝卜河北邢台不能拍,1,该用户想表达的含义是：自己是河北邢台的观众，但发现无法购买直播中展示的小孙萝卜产品。
1238,我们这现在无法配送,1,该用户想表达的含义是：自己所在的地区不在当前商品的配送范围内。
1239,两岁半宝宝可以吗,1,该用户是在询问直播中展示的商品是否适合两岁半的幼儿使用或食用。
1240,中灿有意思,0,该用户是在夸赞主播“中灿”的表现很有趣，表达了对直播内容的喜爱和欣赏。
1241,哈哈哈快到饭点了哦,0,该用户可能是在轻松调侃直播时间接近饭点，暗示自己或观众因观看直播而忽略了用餐时间，带有一种随性的互动意图。
1242,辣吗,1,该用户可能是在询问直播中展示的食品（如鸭脖或其他辣味零食）的辣度如何。
1243,跟昨天的不一样,0,该用户想表达的含义是：今天展示的产品与昨天的款式或内容有所不同。
1244,怎么洗,0,该用户想询问直播中展示的商品的使用或清洁方法。
1245,蒜发芽但是没见光那种叫蒜黄,1,该用户是在询问或确认蒜黄的定义，可能对相关农产品有购买兴趣或想了解其食用方法。
1246,宇辉三天不上播准备出外景山东,0,该用户可能在询问主播“宇辉”近期的行程安排，并表达对其外景拍摄地点山东的关注和期待。
1247,明明跳舞,0,该用户可能在委婉地表达对主播舞蹈表演的欣赏或调侃，暗示主播当前跳舞的状态与平时形象有反差。
1248,很甜吗,1,该用户是在询问直播中展示的水果或甜品的口感是否足够甜。
1249,这个不应该夏天卖吗,0,该用户可能认为当前直播推销的商品更适合在夏季销售，对现在的推广时机感到疑惑。
1250,会员优惠券怎么用不了,1,该用户可能因想使用会员优惠券购买当前直播商品但遇到操作问题，从而表达了对优惠无法兑现的疑惑和不满。
1251,牛筋丸还有嘛,1,该用户是在询问直播间是否还有牛筋丸这款商品在售。
1252,悠悠我发现线上好几个新东方甄选的直播是真的吗,0,该用户可能是对新东方甄选的多平台直播现象感到疑惑，想向主播确认其官方直播间的真实性。
1253,忘忧草,1,该用户可能在询问直播中展示的“忘忧草”产品的相关信息或表达对其的兴趣。
1254,七七唱歌明明伴舞,0,该用户想表达的含义是：明明跳舞时七七却在唱歌，两人的表演配合不太协调。
1255,胡志鹏笑死,0,该用户可能是被主播胡志鹏的幽默表现逗乐，通过弹幕表达轻松愉快的观看体验。
1256,明明,0,该用户可能在呼唤或提及主播“明明”，表达对其表演或互动的关注和兴趣。
1257,月考有奖励没,0,该用户可能在询问直播间的促销活动是否与学生的月考成绩挂钩，比如达到一定分数是否有赠品或折扣。
1258,看着不像了,0,该用户可能是在质疑当前展示的商品与之前介绍或预期的样子存在差异，觉得实物看起来不太符合描述或想象。
1259,烤肠多钱,1,该用户是在询问直播中展示的烤肠产品的价格信息，表达了对该商品的购买意向和价格敏感度。
1260,宁夏啥也买不了,1,该用户可能因直播间的商品或活动未覆盖宁夏地区而感到失望，暗示希望有适合当地的可购选项。
1261,是今年新货吗,1,该用户是在询问商品是否为当季新上市的货品，以确认产品的新鲜度和时效性。
1262,年俞老师头像下方点击加入会员领取会员券,0,该用户可能在提醒其他观众通过点击主播头像下方的入口加入会员以领取专属优惠券。
1263,嗯嗯那个小姐姐说的对呢,0,该用户可能在附和直播间某位女性主播的观点或解释，表示认同她的说法。
1264,需要自己催熟吗,1,该用户是在询问商品是否需要经过人工催熟步骤才能食用或使用。
1265,有黑豆浆吗,1,该用户可能在询问直播间是否有黑豆浆产品在售。
1266,22号开价格了吗,1,该用户是在询问某件商品（可能是22号上架或关注的商品）的价格是否已经公布。
1267,买了,1,该用户想表达的含义是：我已经下单购买了这款商品。
1268,羊排还有啊,1,该用户是在询问羊排的库存情况，表达了对该商品的购买意向。
1269,土耳其开心果有卖吗,1,该用户是在询问直播间是否有售卖土耳其开心果这一商品。
1270,小你这居心,0,该用户可能是在调侃或质疑主播的推销意图，认为其推荐商品时带有明显的诱导倾向。
1271,啥书啥书,1,该用户可能在询问直播间正在展示或提到的书籍的具体名称或内容。
1272,一边吃东西一边说话真的很难免,0,该用户可能在委婉吐槽主播边吃东西边讲解的行为影响了观看体验，暗示这样不够专业或听不清内容。
1273,我其实好像要但是快递送不到,1,该用户想表达的含义是：我对产品有购买意愿，但受限于物流无法送达而犹豫不决。
1274,在家没少颠,0,该用户想表达的含义是：这款产品（可能是厨具或食品）我在家常频繁使用。
1275,衣服领子怎么了,0,该用户可能是在询问服装领口的设计细节或是否存在质量问题。
1276,果冻橙为啥不配送北京,1,该用户是在询问产品配送范围限制的原因，并隐含对无法购买到心仪商品的遗憾。
1277,冬冬真帅,0,该用户可能是在表达对主播外貌的赞赏，以此拉近距离或活跃气氛，但并未直接体现购买意向。
1278,开过吗,1,该用户可能在询问直播中提到的某款商品（如开心果、羊排等）是否已经开始销售或开放购买通道。
1279,说点英语,0,该用户可能希望主播用英语介绍产品或互动，以增加直播的趣味性或测试主播的外语能力。
1280,明明等下过去看看,0,该用户想表达的含义是：稍后去直播间推荐的商品页面查看详情。
1281,虾有没有,1,该用户是在询问直播间是否有售卖虾类产品。
1282,13号还有吗,1,该用户是在询问13号商品是否还有库存或是否会再次上架。
1283,沙棘汁好喝,1,该用户可能是在认可沙棘汁的口味，暗示自己对该产品有兴趣或考虑购买。
1284,有没有饼干饼干,1,该用户是在询问直播间是否有售卖饼干类商品。
1285,昨天拍的海蜇丝刚收到货了效率真高小孙辛苦啦,1,该用户想表达的含义是：对之前购买的商品到货速度快表示满意，并感谢主播小孙的辛勤工作。
1286,垮擦剪头发了,0,该用户可能是对主播的新发型感到惊讶或调侃，想表达“主播怎么突然剪头发了”的意思。
1287,小孙真是优秀的领导,0,该用户是在夸赞主播小孙的工作表现，认为他作为直播间的负责人非常称职。
1288,好可爱的小妹妹,0,该用户可能是对直播中出现的某个年轻女性角色或主持人表示喜爱和赞赏。
1289,怎么69只有30包,1,该用户可能是在询问或质疑商品的价格与数量不匹配，比如觉得69元只买到30包显得性价比不高。
1290,你俩唱一个歌吧,0,该用户可能是想通过提议主播表演节目来活跃直播间气氛，表达对当前直播内容的互动期待。
1291,虾仁没了,1,该用户想表达的含义是：询问直播间是否还有虾仁商品库存。
1292,老年人适合吗,1,该用户可能是想询问直播中推荐的产品是否适合老年人使用或食用。
1293,是独立包装吗,1,该用户想询问商品是否为单独分装的包装形式。
1294,来晚了错过了什么,0,该用户可能因迟到而担心错过重要的商品介绍或优惠信息，想快速了解直播中已展示的热门产品或关键内容。
1295,宇辉这体质要锻炼,0,该用户可能在委婉地提醒主播宇辉注意身体状态或形象管理，暗示其在直播中显得疲惫或不够精神。
1296,妹子真能吃,0,该用户可能在调侃或感叹主播（或直播中出现的女性）的食量较大，带有轻松玩笑的语气。
1297,昨天买的地瓜萝卜都收到了,1,该用户想表达的含义是：对之前购买的商品到货表示满意，并间接认可直播间的商品质量和发货效率。
1298,导演上发夹,1,该用户可能是希望导演更换发型或调整形象，以更符合直播间的轻松氛围或观众期待。
1299,小明明,0,该用户可能在呼唤或提及主播“小明明”，表达对其的关注或互动意愿。
1300,买啦,1,该用户想表达的含义是：我已经下单购买了（当前直播间的商品）。
1301,明明你说我傻瓜,0,该用户是在用调侃的语气表达对小明的喜爱或亲近感，类似于“你这个小机灵鬼真会逗人”。
1302,牛肋排,1,该用户可能是询问直播间是否有牛肋排这款商品在售。
1303,哈哈哈哈,0,该用户被直播间的轻松氛围或某个有趣互动逗乐，用笑声表达愉悦和参与感。
1304,什么时候有米,1,该用户想询问直播中提到的商品“米”何时会再次上架或开售。
1305,我也是现在才开始吃的,0,该用户想表达自己刚刚开始尝试购买或食用直播中推荐的产品。
1306,冯冯很谦逊,0,该用户是在夸赞主播冯冯的谦逊品质，表达对主播个人魅力的欣赏和认可。
1307,这个干虾皮腥不腥,1,该用户是在询问干虾皮的口感是否会有明显的腥味，以此判断是否值得购买。
1308,大家扫一下场所码,0,该用户可能在提醒其他观众配合直播间的防疫要求，以便顺利参与后续的互动或领取福利。
1309,冯冯好厉害,0,该用户是在夸赞主播“冯冯”的表现出色或个性讨喜。
1310,辣椒酱,1,该用户可能在询问直播间是否有辣椒酱产品上架或对其感兴趣。
1311,冯冯像我的一个初中同学,0,该用户通过提及主播与熟人的相似性，表达了对主播的亲切感和关注兴趣。
1312,想跟灿灿做邻居哈哈哈,0,该用户是在以轻松调侃的方式表达对主播灿灿的喜爱和亲近感，暗示希望有更多互动机会。
1313,四川也拍不了,1,该用户想表达的含义是：直播间的商品不支持配送到四川地区。
1314,安徽发不了,1,该用户想表达的含义是：自己所在的安徽地区无法购买直播间的商品。
1315,冯冯也帅,0,该用户是在夸赞主播冯冯的外貌，表达了对他的好感或欣赏。
1316,山西省不给发货呀,1,该用户想表达的含义是：自己所在的山西省无法购买直播间的商品。
1317,H回北京了,0,该用户可能是在询问主播“H（某商品或人物）是否已恢复向北京地区发货”。
1318,梅北方叫法是一样的东西,0,该用户可能在确认直播中提到的商品（如干虾皮或辣椒酱）在北方地区的名称是否与主播使用的叫法一致。
1319,山西蒲县人,0,该用户可能在询问或确认山西蒲县是否在商品的配送范围内。
1320,没有了,1,该用户可能是在询问或感叹商品已经售罄或活动结束。
1321,甜不甜,1,该用户是在询问直播中展示的水果或甜品的口感是否足够甜。
1322,看你直播有意思,0,该用户想表达的含义是：对主播的直播风格或内容感到有趣并产生好感。
1323,四点继续拉磨冬冬自己知道吗,0,该用户可能在调侃主播（冬冬）的工作安排，暗示“四点还要继续直播带货，他自己清楚这个安排吗”。
1324,看了视频进来的,0,该用户想表达自己是被直播内容吸引而进入直播间的潜在消费者。
1325,你太厉害了,0,该用户是在夸赞主播的表现或能力，表达了对主播的欣赏和认可。
1326,看饿跑,0,该用户想表达的含义是：看着直播里的美食展示感到饥饿，于是决定离开直播间去吃东西。
1327,发热时间长,0,该用户可能是在询问或评价直播中展示的某款产品的发热性能是否持久。
1328,冬冬温润不虚,0,该用户想表达的含义是：冬冬的产品温和滋润且效果实在。
1329,明明唱首民谣吧,0,该用户希望主播演唱一首民谣歌曲来活跃气氛或满足观众的娱乐需求。
1330,小孙上手,0,该用户可能是想询问主播“小孙”对某件商品的试用体验或使用感受。
1331,月考,0,该用户可能在询问直播中提到的商品是否适用于月考备考场景。
1332,刘敏涛,0,该用户可能在呼唤或提及主播刘敏涛，表达对其出现的期待或对其相关内容的兴趣。
1333,山东直播哪一天,0,该用户可能是想询问直播中提到的山东地区相关商品的发货时间或活动安排。
1334,42度温泉已经很烫了,0,该用户可能是在质疑或调侃直播中推荐的温泉产品温度过高，暗示自己对此不太感兴趣或觉得不适合使用。
1335,七七,0,该用户可能在呼唤主播的名字或昵称，试图引起注意或表达互动意愿。
1336,女婿我来了,0,该用户可能是以幽默或亲切的口吻表示自己是主播的粉丝或熟人，前来支持互动。
1337,打羽毛球治颈椎的,0,该用户可能是想询问或确认直播中提到的羽毛球运动是否对缓解颈椎问题有效。
1338,冯冯今天很帅,0,该用户是在夸赞主播的外表并表达对直播内容的喜爱和关注。
1339,许富婆又来了,0,该用户是在调侃或打招呼，暗示这位“许富婆”是直播间的常客或活跃观众。
1340,欢迎冬冬,0,该用户是在热情地向主播“冬冬”打招呼，表达对主播的喜爱和支持。
1341,买啦,1,该用户想表达的是对直播中推荐商品的认可并决定下单购买。
1342,什么时候卖枕头呀,1,该用户想表达的含义是：询问直播间何时会上架枕头产品并表现出潜在的购买意向。
1343,已下单,1,该用户想表达自己已经完成了购买行为，对主播推荐的产品表示认可并付诸行动。
1344,欢迎,0,该用户可能是在向主播或刚进入直播间的观众表示友好的问候，属于常规的互动行为，并未直接体现购买意向。
1345,枸杞没有吗,1,该用户是在询问直播间是否会上架枸杞产品，表达了对购买枸杞的兴趣或需求。
1346,冯冯双播的时候很活波,0,该用户想表达的含义是：主播冯冯在和其他人搭档直播时表现得更加生动有趣。
1347,积分兑换的券用在东方甄选自营品上,1,该用户想询问在东方甄选的自营商品上是否可以使用积分兑换的优惠券。
1348,怎么抢券,1,该用户想询问获取直播间优惠券的具体操作方法。
1349,怎么评论这么少,0,该用户可能对直播间的互动热度感到疑惑，认为当前讨论氛围不够活跃或商品反馈信息不足。
1350,男的女的,0,该用户可能在询问直播中展示的商品或主播的适用性别，想确认产品是否分男女款或适合哪种性别人群。
1351,大家现在看直播间有几万人啊,0,该用户可能是出于对直播间人气的好奇或惊讶，试图通过观察观众数量来评估直播的热度或受欢迎程度。
1352,保质期多久,1,该用户是在询问商品的保质期信息，以评估是否值得购买。
1353,更年青帅气了,0,该用户想表达的含义是：主播现在的状态比之前看起来更加年轻有活力了。
1354,辉辉回北京了,0,该用户可能在询问主播辉辉何时回到直播间继续参与互动或带货。
1355,说相声呢,0,该用户可能是在调侃主播的对话风格像说相声一样幽默风趣。
1356,意面是真好吃,1,该用户可能是在称赞直播中展示的意面产品，暗示对商品的认可或产生购买意向。
1357,券在哪里领啊不是有20的券吗,1,该用户想表达的含义是：询问直播间提到的20元优惠券的具体领取方式。
1358,东方确实文艺,0,该用户想表达的含义是：东方甄选的产品或直播风格很有文化气息和艺术感。
1359,这啥神仙公司啊,0,该用户可能是在感叹直播间的产品、服务或公司文化非常出色，超出了预期。
1360,牛肉饼怎么做我刚买做出来感觉不好吃,1,该用户想表达的含义是：对购买的牛肉饼制作效果不满意，想寻求改进方法。
1361,这工作太好了,0,该用户可能是在感叹直播间的福利或主播的工作表现很吸引人。
1362,等他有功夫序号股,0,该用户可能在催促主播按顺序介绍股票相关的商品或活动。
1363,请乒乓球冠军来直播间吧请乒乓球冠军来直播间吧请乒乓球冠军来直播间吧,0,该用户可能是在呼吁直播间邀请知名乒乓球运动员来增加互动和吸引力，以此提升直播的热度和观看体验。
1364,锅没了,1,该用户可能是在询问直播间之前展示或提到的某款锅具产品为何没有继续售卖或出现在当前画面中。
1365,丽水人啊老乡呀,0,该用户想表达的含义是：发现主播或直播间观众中有同乡而感到亲切和惊喜。
1366,没运费,1,该用户可能是在确认或抱怨商品是否免运费，表达对运费政策的关注。
1367,鹏鹏真帅,0,该用户可能是对主播的外表表示赞赏，以此表达对直播内容的兴趣或好感。
1368,有没有纯藕粉,1,该用户是在询问直播间是否有售卖无添加的纯藕粉产品，表现出对特定商品的购买意向。
1369,注意控制表情,0,该用户可能是提醒主播注意管理面部表情，避免因夸张或不当表情影响观众观看体验。
1370,yoyo早上好,0,该用户是在用主播的昵称打招呼，试图通过亲切的互动引起主播注意。
1371,明明说求你们字买我没话了,0,该用户想表达的含义是：主播一直催促大家购买，我已经无话可说了。
1372,永垂不朽回北京了,0,该用户可能在调侃主播或嘉宾的外号/昵称，用谐音或联想的方式表达“辉辉回北京了”这一事实（类似前文弹幕中出现的昵称“辉辉”），并非表达购买意向。
1373,铁锅已经到手了超级好用哈哈哈,1,该用户想表达的含义是：自己已经购买了这款铁锅并且对使用效果非常满意。
1374,烤肠能放电饼铛吗能熟吗,1,该用户是在询问烤肠是否可以用电饼铛烹饪以及能否确保熟透，表现出对产品使用方法的实际需求和购买顾虑。
1375,狒狒了吧宝,0,该用户可能是在用谐音梗调侃主播或直播内容，表达“这价格/操作也太离谱了吧”的惊讶或戏谑情绪。
1376,为什么不配送,1,该用户可能是在询问商品为何不支持配送到自己所在的地区，或是质疑直播中提到的包邮政策未覆盖自己的收货地址。
1377,回来不止关两天,0,该用户可能在抱怨主播频繁离开直播间（如去拿商品或处理事务），暗示这样的中断会影响观看和购买体验。
1378,哇这么帅的吗,0,该用户是在感叹主播或展示商品的魅力令人惊艳。
1379,好解压的直播间,0,该用户觉得直播间的氛围轻松有趣，能缓解压力并产生愉悦感。
1380,万物皆可炸,0,该用户可能是在调侃直播间的产品功能多样，暗示“任何食材都能用这款厨具油炸”。
1381,拍了慈梨膏加急发货哦,1,该用户想表达的含义是：已经下单购买了慈梨膏并选择了加急配送服务。
1382,有没有平底的呀,1,该用户可能在询问当前展示的商品是否有平底款式可选。
1383,纸壳子,1,"该用户可能在吐槽商品包装简陋或表达对快递包装（纸箱）的随意调侃。  （结合前文弹幕中关于物流、商品质量等讨论，以及""铁锅已经到手了""等收货反馈，推测用户用""纸壳子""指代商品外包装，可能带戏谑或轻微不满情绪。）"
1384,有没有北极甜虾,1,该用户是在询问直播间是否有售卖北极甜虾这款产品。
1385,灿灿不米吗,0,该用户可能在询问主播展示的商品是否有大米或相关米类产品。
1386,萌萌有一套,0,该用户可能是在询问主播展示的某款商品是否有配套的套装组合。
1387,万鸟岛,0,该用户可能是在询问直播间是否有售卖万鸟岛相关的产品或旅游服务。
1388,错了错了,0,该用户可能是在纠正主播之前介绍的产品信息或操作步骤有误。
1389,东方小孙七七辛苦了,0,"该用户是在向主播""东方小孙""和""七七""表达慰问和支持，认为他们直播工作很辛苦。"
1390,哈哈哈哈,0,该用户可能被直播间的轻松氛围或主播的幽默表现逗乐，用笑声表达愉悦情绪并融入互动中。
1391,有车载香薰,1,该用户可能在询问直播间是否有车载香薰产品出售，表现出对这类商品的潜在购买兴趣。
1392,哈哈哈哈现场炒菜,0,该用户被主播现场炒菜的互动环节逗乐，觉得直播内容有趣且接地气。
1393,早上好,0,该用户可能在打招呼的同时暗示自己刚进入直播间，对当前直播内容还不太了解。
1394,莫笑农家腊酒浑,0,"该用户可能在用诗句调侃直播间的接地气氛围，暗示""农家产品虽朴实但值得品味""。"
1395,这个特别好我买了有加热功能舒服,1,该用户想表达的含义是：这款产品的加热功能很实用，使用体验舒适，自己已经决定下单购买。
1396,穿的什么bu天龙八部,0,该用户可能在调侃主播的穿搭风格与游戏《天龙八部》中的角色造型相似。
1397,工服共服,0,该用户可能在询问直播展示的商品是否有“工装风格”或“工作服款式”的服装。
1398,今天有没有冰糖橙今天有没有冰糖橙今天有没有冰糖橙今天有没有冰糖橙,1,该用户急切地询问直播间今天是否会上架冰糖橙产品。
1399,怎么做,0,该用户可能是在询问直播中展示的某款商品的使用方法或制作步骤。
1400,这是表演节目吗,0,该用户可能是在询问当前直播内容是否属于娱乐表演性质，而非直接的带货环节。
1401,云南的来啦,0,该用户可能是云南的观众，在弹幕中表明自己的地域身份以寻求共鸣或参与互动。
1402,羊排,1,该用户可能在询问直播间是否有售卖羊排产品或相关菜品。
1403,鹏鹏好帅,0,该用户可能是在通过夸赞主播的外表来表达对直播内容的喜爱和互动热情，但并未直接表现出对商品的购买兴趣。
1404,咋可能嘞怎么会像梳子,0,该用户可能在质疑主播对某件商品功能的夸张描述，认为其宣传效果不真实（比如声称某物品能像梳子一样使用但实际不可能）。
1405,你什么时候出发,0,该用户可能是在询问主播或工作人员接下来的行程安排或直播环节何时开始。
1406,牛奶酸奶链接有吗,1,该用户是在询问主播是否有牛奶或酸奶产品的购买链接，表现出对这两类商品的购买意向。
1407,俞老师啥时候来,0,该用户可能在询问某位受欢迎的主播或嘉宾（俞老师）何时会出现在直播间参与互动或带货。
1408,能重复使用吗,1,该用户可能是对直播中展示的某款产品（如车载香薰或加热功能商品）的使用寿命或可持续性产生兴趣，想确认产品是否支持多次使用而非一次性消耗。
1409,好呀,0,该用户可能是在积极回应主播推荐的产品或活动，表示认可或愿意参与购买。
1410,数一下吧,0,该用户可能是在催促主播展示或清点当前推荐的商品数量或库存。
1411,可以上点好的唱片,1,该用户希望主播推荐或展示一些高品质的音乐唱片商品。
1412,哈哈杰西,0,该用户可能是在轻松互动氛围下用昵称称呼主播或参与玩梗，表达对直播内容的娱乐性关注而非直接购买意向。
1413,两个宝贝好欢快,0,该用户可能是在评论直播中两位主持人或嘉宾的互动氛围轻松有趣。
1414,买了买了,1,该用户想表达的含义是：我已经下单购买了这款产品。
1415,生蒜好吃,1,该用户可能是在对直播中展示的食品（如搭配生蒜的菜肴或蒜制品）表示兴趣或认可，暗示有购买意向。
1416,45号是咖啡,1,该用户可能在询问或确认直播中展示的编号为45的商品是否为咖啡品类。
1417,原味香肠没有加,1,该用户可能在询问直播中展示的原味香肠是否未添加防腐剂或其他人工添加剂。
1418,哈哈哈哈哈,0,该用户可能被直播间的欢乐氛围感染，用笑声表达对当前互动内容的轻松认同或娱乐性反馈。
1419,口罩原因不然后面会播不了,0,该用户是在担心因疫情防控政策可能导致直播中断，所以暗示现在应该抓紧时间购买或关注商品。
1420,辉哥出来,0,该用户可能在催促或期待主播“辉哥”尽快出现在直播间进行互动或讲解商品。
1421,好看,1,该用户可能是在称赞直播中展示的商品外观吸引人，表达了对产品的欣赏和潜在的购买兴趣。
1422,5号能便宜点么,1,该用户是在询问5号商品是否有价格优惠的可能。
1423,让你们早点回家吧,0,该用户可能是在委婉表达对直播内容或节奏的不满，暗示主播提前结束直播。
1424,你好优秀,0,该用户是在夸赞主播的表现或产品展示很出色，表达了对直播内容的欣赏和认可。
1425,冲着那么好听的歌买了,0,该用户被直播间的背景音乐打动，因此产生了购买商品的意愿。
1426,牛肉丸牛肉丸牛肉丸,1,该用户可能在强烈催促主播上架或介绍牛肉丸产品，表达出浓厚的购买兴趣。
1427,牛肉干没有了,1,该用户想表达的含义是：希望主播补货牛肉干或者询问是否还会上架。
1428,孩子是骑电动车来上班的路上把发型吹乱了吗,0,该用户可能是以调侃的语气询问主播的发型是否因为骑电动车被风吹乱，以此拉近互动氛围并暗示对主播形象的关注。
1429,动起来,0,该用户可能在催促主播展示或介绍商品，希望直播节奏更活跃一些。
1430,讲怎么学剪视频,0,该用户可能对直播中提到的视频剪辑教学内容产生了兴趣，希望主播能详细讲解相关技巧。
1431,想谢谢啦,0,该用户可能是在表达对主播或产品的感谢，并隐含对商品感兴趣或已决定购买的意思。
1432,上海不发吗,1,该用户是在询问商品是否支持发货到上海地区。
1433,长岛县,0,该用户可能在询问直播商品是否支持配送到长岛县。
1434,炫饭,0,该用户想表达的含义是：想购买或品尝直播中展示的食物。
1435,这工作妈妈妈可以根据时间表看着自己的大儿上班并能进入到儿子的工作直播间拉磨快乐,0,该用户想表达的含义是：希望妈妈能通过直播时间表关注儿子工作并进入直播间观看他快乐工作的样子。
1436,哈哈哈哈哈哈哈哈哈哈哈哈哈哈哈哈哈哈哈哈哈哈哈哈哈哈哈,0,该用户可能被直播间的搞笑氛围或主播的幽默表现逗乐，单纯用大笑表达轻松愉悦的情绪互动。
1437,坐等女婿,0,该用户可能在以幽默或调侃的方式表达期待主播推荐或展示某款产品，暗示自己准备下单购买。
1438,现在家里正想要结果快递暂时过不来,1,该用户想表达的含义是：虽然对当前直播的商品有购买需求，但因物流限制暂时无法下单。
1439,想买浴室地垫和入户门垫,1,该用户表达了明确的购买意向，表示对直播中展示的浴室地垫和入户门垫商品有消费需求。
1440,今天男明星这穿搭真好看,0,该用户可能是在称赞男明星的穿搭风格并暗示对其同款商品的兴趣。
1441,白象好吃,1,该用户想表达的含义是：对白象品牌的产品表示认可并有意向购买。
1442,有烤箱吗七七,1,该用户是在询问直播间是否有烤箱商品出售。
1443,买到他断货,1,该用户想表达的是对商品的强烈喜爱和支持，希望大量购买直到库存售罄。
1444,冯冯去山东吗,0,该用户可能在询问主播是否会在山东地区进行直播带货或相关活动。
1445,来了来了,0,该用户想表达的含义是：表示自己刚进入直播间并开始关注直播内容。
1446,这么早天就黑了,0,该用户可能在委婉地暗示直播时间安排不合理或天色变化异常，间接表达了对当前直播内容或节奏的不满或困惑。
1447,来点烟台25号红薯,1,该用户想表达的含义是：希望主播推荐或上架烟台25号红薯这款商品。
1448,我的小王子,1,该用户可能在用昵称或爱称表达对主播/展示商品的喜爱或亲近感。
1449,小帅哥,0,该用户可能在夸赞主播的外貌或表达对主播的亲切感。
1450,明明播的时候评论区笑死我了海军真有趣,0,该用户觉得主播和观众互动的氛围特别欢乐，尤其是关于“海军”的讨论很有趣。
1451,冬冬真帅,0,该用户是在夸赞主播的外貌或表现，表达对主播的喜爱和支持。
1452,蓝胖子什么时候上,1,该用户是在询问直播中提到的“蓝胖子”商品何时开始售卖或展示。
1453,冬冬今天会不会上芝士卷,1,该用户是在询问主播今天是否会推出芝士卷这款商品，表现出明确的购买意向和对特定产品的关注。
1454,鹏鹏被富婆表白了,0,该用户可能在调侃主播鹏鹏因受欢迎而被观众（富婆）公开示爱，以此活跃直播间气氛或表达对主播的喜爱。
1455,鹏鹏爱你,0,该用户是在以粉丝身份对主播“鹏鹏”表达喜爱和支持。
1456,山西小米还会有吗,1,该用户是在询问直播间后续是否会再次补货或上架山西小米这款产品。
1457,认真的嘛,0,该用户可能在质疑主播当前介绍的产品或优惠信息的真实性，带着调侃或试探的语气询问是否靠谱。
1458,拍不了,1,该用户想表达的含义是：当前无法完成下单操作。
1459,为啥放旁边看到一半锅,0,该用户可能在疑惑为什么直播画面中展示的商品（可能是锅具）被移到旁边且只看到了一半，暗示对产品展示方式的不满或对商品细节的关注。
1460,孩子是骑电动车来上班的路上把发型吹乱了吗,0,该用户是在调侃主播的发型被风吹乱，暗示主播可能骑电动车来上班，以此表达对主播形象的关注和互动兴趣。
1461,好好吃,1,该用户想表达的含义是：对直播中展示的食品表示高度认可和喜爱。
1462,太喜欢七七了,0,该用户是在表达对主播“七七”的喜爱和支持，可能暗示愿意为其推荐的产品买单。
1463,明明天天带着弟弟妹妹们吃火锅,0,该用户想表达的含义是：主播经常和团队一起享用直播推荐的火锅产品。
1464,你去山东不,0,该用户可能在询问主播是否计划前往山东进行直播或推广当地产品。
1465,看见明明坐镇很踏实的感觉,0,该用户想表达的含义是：有主播明明在场让人感到安心可靠。
1466,早晚得洗,0,该用户可能是在暗示主播尽快上架或介绍某款清洁类产品，表达了一种“迟早要用到，不如现在买”的潜在购买意愿。
1467,怎么成为会员,1,该用户想了解加入直播间会员的具体条件和流程，可能是被直播内容吸引后希望获得更多专属权益或优惠。
1468,空气炸锅我觉得很方便,1,该用户认为空气炸锅的实用性很高，可能暗示自己有兴趣购买或推荐这款产品。
1469,鹏鹏还是个少年,0,该用户想表达的含义是：主播鹏鹏看起来年轻有活力，充满少年感。
1470,你太娇气了我一个指头就拿起来了,0,该用户可能在调侃主播展示商品时表现得过于小心翼翼，暗示商品实际很轻便、容易拿取。
1471,鹏鹏今天很帅呀,0,该用户是在夸赞主播鹏鹏的外表，表达对主播的喜爱和支持。
1472,为啥成都买不了,1,该用户想表达的是对商品无法在成都地区购买的疑惑或不满。
1473,这么快天黑了,0,该用户可能是在调侃直播时间过长，不知不觉已经到了晚上。
1474,牛肉干深圳发不了货,1,该用户想表达的含义是：询问在深圳地区是否无法购买直播间的牛肉干产品。
1475,要中式的,1,该用户想表达的是对中式风格产品的偏好或需求。
1476,山西,0,该用户可能在询问直播中提到的山西特产（如小米）是否还有库存或是否会再次上架。
1477,这是有钱了给大家换装了吗,0,该用户是在调侃主播突然更换了直播场景或服装，暗示主播之前可能因为预算有限而比较朴素，现在有了资金支持后开始注重形象包装了。
1478,可以放点紫苏蒸,1,该用户可能是对直播中展示的菜品或烹饪方式感兴趣，建议主播尝试用紫苏作为配料来蒸制食物。
1479,孕妇能喝吗,1,该用户可能在询问直播中推荐的产品是否适合孕妇使用，表达了对产品安全性的关注和潜在的购买意向。
1480,原味烤肠补下货吧,1,该用户希望主播能尽快补货原味烤肠，暗示自己有意购买该商品。
1481,牛肉丸还有吗,1,该用户是在询问直播间是否还有牛肉丸的库存可供购买。
1482,东方甄选的一帮年轻人真棒,0,该用户是在夸赞东方甄选团队年轻有活力，表达对主播群体的欣赏和认可。
1483,鹏鹏来成都玩,0,该用户可能在询问主播鹏鹏是否会来成都进行直播或互动活动。
1484,像严基俊,0,该用户可能是在评论主播或嘉宾的外貌或风格与演员严基俊相似。
1485,哈哈,0,"该用户可能是被直播间的轻松氛围或主播的幽默表现逗乐了，用""哈哈""表达愉悦情绪而非直接购物意向。"
1486,七七棒棒哒,0,该用户是在夸赞主播或直播内容表现出色，表达了对直播的喜爱和支持。
1487,鹏鹏去不去山东,0,该用户是在询问主播“鹏鹏”是否会去山东进行直播或活动。
1488,这西装款式颜色好看,1,该用户被直播中展示的西装款式和颜色所吸引，表达了对其外观设计的欣赏和潜在的购买兴趣。
1489,韭黄,1,该用户可能在询问直播间是否有韭黄这类商品在售或对其感兴趣。
1490,职业,0,该用户可能是在询问主播所展示的商品是否适合职场穿着或职业场合使用。
1491,先吃饭,0,该用户可能是在委婉表达暂时离开直播间去用餐，稍后回来继续观看或参与互动。
1492,考不好来家访吗,0,该用户可能在调侃主播或品牌方，用玩笑的方式询问如果购买后产品效果不理想是否会提供上门服务。
1493,喜欢冯冯棒,0,该用户是在夸赞主播“冯冯”的表现出色，表达对其的喜爱和支持。
1494,可爱的大男孩,0,该用户可能在夸赞主播或嘉宾的外形气质讨喜，带有亲切的赞赏意味。
1495,明明下播,0,该用户可能在催促主播不要提前结束直播，希望继续观看或购买商品。
1496,丑苹果中果小不,1,该用户可能是在吐槽直播中展示的苹果外观不佳且个头偏小，表达了对产品品质的不满或失望。
1497,含糖吗,1,该用户可能在询问直播中展示的食品是否含有糖分，以判断是否符合自己的饮食需求或健康考量。
1498,怎么不找个漂亮点的主播,0,该用户可能对当前主播的外貌不满意，希望更换形象更出众的主播来提升观看体验。
1499,头发不要剪太短,0,该用户可能是在对主播的发型或造型提出建议，希望保持一定的长度。
1500,哈哈牛,0,该用户可能在用轻松调侃的语气附和直播间的欢乐氛围，表达对主播或直播内容的喜爱。
1501,辉辉,0,该用户可能在呼唤或支持主播“辉辉”，表达对其的关注或喜爱。
1502,鹏鹏你撑住,0,该用户可能在鼓励主播鹏鹏保持状态或坚持直播节奏。
1503,上海发不了,1,该用户可能是在询问或抱怨商品无法配送到上海地区。
1504,有女朋友的呀,0,该用户可能是在调侃主播的外貌或情感状态，暗示主播看起来像是有对象的人。
1505,杰西帅而且性格超级好,0,该用户是在夸赞主播杰西的外貌和人格魅力，表达对主播的喜爱和欣赏。
1506,七七是个女汉子,0,该用户想表达的含义是：主播七七的性格或行为比较豪爽直率，像个男孩子一样。
1507,1棵,0,该用户可能在询问或确认直播中提到的商品（如植物、水果等）的购买单位或数量，例如“是一棵一棵卖的吗”或“单买一棵可以吗”。
1508,明明跳舞,0,该用户可能在呼唤或调侃主播“明明”进行才艺展示（跳舞），表达对其表演的期待或喜爱。
1509,过年前在卖一次,0,该用户希望主播在春节前能再次开播售卖商品。
1510,明天上午1030图书号宇辉讲书,0,该用户想询问明天上午10点半是否有名为“宇辉”的主播在图书号直播间讲解书籍。
1511,烟台,0,该用户可能是在询问直播中提到的商品是否产自烟台或能否发货到烟台地区。
1512,这个14种和24种的比哪个好,1,该用户是在询问14种和24种规格的商品在品质或实用性上的优劣对比，想了解哪种更适合自己购买。
1513,寂左上角店里人气那里,0,该用户可能在询问直播间左上角店铺人气数据的含义或变化情况。
1514,美味啊,1,该用户被直播中展示的食物所吸引，认为其看起来或听起来非常可口。
1515,买了不发货,1,该用户可能是在抱怨之前下单的商品迟迟未发货，借此表达对商家物流服务的不满或催促发货。
1516,华山之东,0,该用户可能在询问产品产地或发货地是否位于华山以东地区。
1517,东方的主播个个都很能打,0,该用户是在夸赞东方主播们的能力出众、表现亮眼。
1518,做全家福汤,1,该用户可能是在询问直播中展示的“全家福汤”产品是否参与优惠活动或能否购买。
1519,是熟食吗,1,该用户想询问直播中展示的商品是否为即食食品，以便判断是否符合自己的购买需求。
1520,这次别误机了,0,该用户可能是在提醒主播注意直播节奏或发货时效，希望这次购物体验能顺利不出现差错。
1521,牛排啥价格,1,该用户想询问直播中展示的牛排产品的具体售价信息。
1522,江苏南京报道,0,该用户可能是想表明自己的所在地，以便确认商品是否支持配送或了解同城购买情况。
1523,苹果今天有吗,1,该用户可能在询问直播间今天是否有苹果（水果或相关产品）上架或售卖。
1524,怎么那么反感这两人,0,该用户可能对当前直播中的两位主播或嘉宾的表现感到不满或不耐烦，认为他们的互动或推销方式让人不适或厌烦。
1525,很喜欢冯冯老师讲历史,0,该用户是在表达对主播冯冯老师历史讲解风格的欣赏和认可。
1526,七七棒棒哒,0,该用户是在表达对主播“七七”的喜爱和赞赏，认为她的表现非常出色。
1527,牛排没了吗,1,该用户是在询问直播间是否已经售罄了之前提到的牛排商品。
1528,舅舅这个蜜蜂好大呀,1,该用户可能是对直播中展示的蜜蜂产品或相关画面感到新奇，用夸张的口吻表达对产品特色的关注。
1529,来点喝的,1,该用户可能是在询问直播间是否有饮品类的商品上架或推荐。
1530,了不得这是去德云社进修了,0,该用户是在夸赞主播的口才或幽默感出众，类似于德云社相声演员的水平。
1531,妹子吃的好认真哈哈哈哈哈哈,0,该用户可能是在调侃主播专注品尝食物的样子很有趣，同时表达了对直播内容的轻松娱乐态度。
1532,右眼也看不到太小,0,该用户可能是在抱怨直播画面中展示的商品细节太小，看不清右眼部分的特写效果。
1533,冷都是人才,0,该用户可能在调侃直播间氛围活跃或主播表现风趣，暗示这里聚集了很多有趣的人。
1534,切菜板拍了支持优优,1,该用户想表达的含义是：已经下单购买了切菜板并表示对主播优优的支持。
1535,上佳慧,0,该用户可能在呼唤主播“佳慧”或表达对主播“佳慧”的认可与支持。
1536,请问是东方绿选直播间吗,0,该用户可能是想确认自己是否进入了正确的直播间，以便参与后续的购买或互动。
1537,我错过了什么,0,该用户可能因短暂离开直播间而担心错过重要商品介绍或优惠信息，想确认当前直播进度和已展示的产品内容。
1538,鹏鹏天生丽质,0,该用户是在夸赞主播鹏鹏的外貌出众、气质迷人。
1539,头发梳上去年轻了,0,该用户可能是在夸赞主播改变发型后显得更有活力，暗示对主播形象变化的积极关注。
1540,辉辉晚上能来吗,0,该用户可能在询问主播辉辉是否会参与当晚的直播活动，表现出对特定主播的关注和期待。
1541,整切牛排有吗,1,该用户是在询问直播间是否有售卖整切牛排这一商品。
1542,辉辉和小孙呢一天没看到,0,该用户是在询问两位主播（辉辉和小孙）的去向，表达对他们缺席直播的关切和期待他们出现的心情。
1543,谁在不停的表白,0,该用户可能是在调侃直播间里频繁出现的粉丝向主播示爱的互动行为。
1544,精神,0,该用户可能是在感叹直播内容或主播的表现很有感染力/令人振奋。
1545,哈哈哈哈,0,该用户被直播间的幽默互动或有趣场景逗乐，用笑声表达轻松愉快的观看情绪。
1546,小鬼当家鹏鹏这是要改变风格扮大人,0,该用户是在调侃主播鹏鹏改变造型后显得成熟稳重，像大人一样。
1547,银耳一直用,1,该用户想表达的含义是：我一直都在使用这款银耳产品。
1548,东方男团西装太帅了,0,该用户被直播中展示的东方男团西装造型所吸引，认为其设计出色、穿着效果非常出众。
1549,冬冬也一样优秀,0,该用户是在夸奖主播“冬冬”的表现和其他受欢迎的主播（如优优、鹏鹏等）同样出色，表达了对主播的认可和支持。
1550,鹏鹏学会了上班吃饭哈哈,0,该用户想表达的含义是：鹏鹏模仿上班族吃饭的样子很有趣。
1551,光看你吃就有食欲,0,该用户想表达的含义是：主播的吃相让人看了就想买同款产品。
1552,七七早上好,0,该用户是在向主播“七七”表达问候，试图通过互动引起注意或建立亲近感。
1553,披萨还有没有,1,该用户是在询问直播间当前是否还有披萨商品在售或可供购买。
1554,没事慢慢吃,0,该用户是在以轻松调侃的语气鼓励主播不必着急，可以继续自然地展示吃播内容。
1555,是的韭黄,1,该用户可能在确认或赞同主播提到的关于“韭黄”的相关内容，表达对该产品的兴趣或认可。
1556,拍不了,1,该用户可能因商品库存不足或操作问题无法完成下单，表达了对购买受阻的失望或求助。
1557,这是为了吃午饭的时候不闲着呀主食和菜顺便上个链接,1,该用户是在催促主播尽快上架与当前直播内容相关的午餐食品链接，以便自己能在吃饭时顺便购买。
1558,鹏鹏怎么穿西装了,0,该用户注意到主播鹏鹏突然改变着装风格，对西装造型感到意外并表现出好奇和关注。
1559,家访吗,0,该用户可能在询问主播是否会进行家庭访问或线下互动环节。
1560,优秀,0,该用户是在夸赞主播的表现或产品很出色。
1561,影响,0,该用户可能是在调侃主播的言行或直播内容对观众产生了某种干扰或吸引力。
1562,小朋友可以吃吗,1,该用户可能在询问直播中展示的食品是否适合儿童食用，表达了对产品适用人群的关注和潜在的购买意向。
1563,书没了吗,1,该用户想询问直播中提到的书籍商品是否已经售罄或下架。
1564,足浴包可能泡澡,1,该用户可能是在询问足浴包是否也可以用来泡澡，表达了对产品多功能用途的兴趣。
1565,柴米张瀚酱醋茶,1,"该用户可能是在用谐音梗调侃主播的穿着或直播内容，将""柴米油盐酱醋茶""的生活化主题与主播""张瀚""的名字结合，暗示直播氛围轻松生活化。"
1566,佳慧,0,该用户可能在呼唤主播或其他观众的名字“佳慧”，表达互动或询问相关产品信息的意图。
1567,讲一下电饭煲,1,该用户希望主播详细介绍电饭煲的功能或使用体验。
1568,女婿几点播呢,0,"该用户是在询问主播""女婿""这个角色或嘉宾的出场时间。"
1569,牛肉丸啥时候有啊,1,该用户是在询问牛肉丸产品的补货或上架时间，表达了对该商品的购买意向和期待。
1570,泡脚桶应该一人一个吧,1,该用户认为泡脚桶是家庭必需品，暗示应该给每个家庭成员都配备一个。
1571,抽盲盒,0,该用户可能在暗示希望直播间推出盲盒抽奖活动或询问是否有盲盒商品在售。
1572,不能买不能买啥也不能买,0,该用户是在用反话表达自己强烈的购买冲动，实际意思是“这些东西太诱人了，我忍不住想买”。
1573,已拍,1,该用户想表达的含义是：我已经下单购买了商品。
1574,蓝莓汁南京拍不了,1,该用户想表达的含义是：南京地区无法购买蓝莓汁这款商品。
1575,我们好好陪着七七,0,该用户可能是在表达希望主播多关注或互动当前展示的产品（“七七”可能是产品昵称或主播对某商品的称呼），类似于“多给我们介绍/展示一下这个产品”。
1576,小七威武,0,"该用户是在用昵称""小七""亲切地称赞主播表现精彩，表达对主播的支持和喜爱。"
1577,酸还是甜,1,该用户可能在询问直播中展示的水果（如蓝莓）或食品的口味特点，想了解产品是偏酸还是偏甜的风味以便决定是否购买。
1578,拍了,1,该用户想表达的含义是：我已经下单购买了商品。
1579,有空气炸锅吗,1,该用户是在询问直播间是否有空气炸锅这款商品在售，表现出对产品的购买兴趣。
1580,口味甜吗这个奶,1,该用户是在询问这款牛奶的甜度如何，以判断是否符合自己的口味偏好或购买需求。
1581,咋都是西装啊,0,该用户可能对直播间的商品种类单一感到不满，暗示希望看到更多样化的产品展示而非全是西装。
1582,灿灿好可爱,0,该用户是在表达对主播灿灿的喜爱和关注，而非直接表现出购买意向。
1583,灰枣,1,该用户可能在询问或关注直播间正在展示的灰枣产品信息，比如口感、价格或购买方式。
1584,辉辉走秀好帅,0,该用户是在夸赞主播的走秀表现吸引人，可能对主播个人或展示的产品产生了兴趣。
1585,冬冬晚上好,0,该用户是在友好地向主播冬冬打招呼，表达对直播的关注和支持。
1586,郑州可以发货吗,1,该用户是在询问商品是否支持配送到郑州地区，表达了对商品的购买意向和物流信息的关注。
1587,是不是烤制的会不会上货,1,该用户是在询问直播中提到的产品是否是烤制工艺生产的，以及是否会安排上架销售。
1588,画面不清楚,0,该用户可能因直播画面模糊而影响了对商品的观看体验，暗示希望改善画质以便更好地了解产品细节。
1589,老人腿不好用比较好,1,该用户想表达的含义是：这款产品对腿脚不便的老年人来说比较实用。
1590,请问今天还有吗,1,该用户可能在询问直播间当前展示或之前提到的商品是否还有库存或会再次上架。
1591,刘点鹏鹏头上俞敏洪头像很简单的,0,该用户可能是在调侃或吐槽主播的虚拟头像设计过于简单随意。
1592,江西拍不了,1,该用户想表达的含义是：由于地域限制，自己所在的江西地区无法购买直播间的商品。
1593,像羊羔叫,0,该用户可能是觉得直播中展示的产品（如食品或动物相关商品）的声音或外观类似小羊的叫声，以此表达对产品特点的直观感受或好奇。
1594,烟台芝罘区,0,该用户可能在询问直播商品是否支持配送至烟台芝罘区，或确认该地区的物流信息。
1595,爆发丸是什么,1,该用户想表达的含义是：询问直播中提到的“爆发丸”具体是什么产品。
1596,哈哈哈哈哈哈,0,该用户被直播间的搞笑或有趣内容逗乐，表达开心和放松的情绪。
1597,yoyo唱的好好听哦,0,该用户是在夸赞主播的演唱表现，并未直接表达购买意向。
1598,抛开发型还是帅的,0,该用户想表达的含义是：虽然对主播的发型有意见，但仍然认可其整体形象很吸引人。
1599,尤克里里有上架吗,1,该用户是在询问直播间是否有尤克里里这款商品在售。
1600,加点芥末,1,该用户可能是在对直播中展示的某款食品（如寿司、刺身等）提出调味建议，希望增加芥末作为搭配选项。
1601,冬天了要囤肥油了,1,该用户想表达的含义是：天气转冷需要储备高热量食品了。
1602,这头发,0,该用户可能是在询问或评论直播中展示的某款护发产品或发型效果。
1603,七七介绍好仔细,0,该用户想表达的含义是：主播对产品的讲解非常详尽到位，让人产生信任感。
1604,拿筷子呀,0,该用户可能在催促主播展示或介绍筷子相关的商品，表达了对餐具类产品的购买兴趣。
1605,来了来了来了来了,0,该用户想表达的含义是：终于等到直播开始了，我准时来支持了。
1606,生锈吗,1,该用户可能是在询问商品材质是否容易生锈，担心产品的耐用性或质量问题。
1607,播到几点,0,该用户可能想了解直播的剩余时长，以便决定是否继续观看或等待后续的商品介绍。
1608,这个是那个什么灿吗,0,该用户可能在询问直播中展示的某个商品或人物是否与“灿”相关，试图确认自己是否认对了对象。
1609,宇辉加油,0,该用户是在为主播宇辉加油打气，表达对主播的支持和鼓励。
1610,甜不甜的,1,该用户是在询问直播中展示的水果或甜品的口感如何，可能对产品产生了兴趣。
1611,灰灰呢,0,该用户可能在询问直播间中某个未出现的人物或宠物（如名为“灰灰”的角色）的去向。
1612,优素福,0,该用户可能在询问或提及直播中出现的某个人名或品牌名“优素福”，可能是对相关商品或人物感兴趣，或想确认其身份信息。
1613,可以反复泡吗,1,该用户是在询问直播展示的商品是否具备耐用性或可重复使用的特性。
1614,怼他,0,该用户可能在用网络流行语表达支持主播或鼓励主播继续与观众互动的意思。
1615,在哪里领券,1,该用户想询问如何获取直播间提供的优惠券。
1616,福利品抢起来冲啊,1,该用户想表达的含义是：号召大家积极参与抢购直播间推出的优惠商品。
1617,酒醉的蝴蝶,0,该用户可能是在用歌词或网络梗调侃主播的表演状态或活跃气氛。
1618,七七又来了,0,该用户想表达的含义是：主播“七七”再次出现在直播间了。
1619,好喜欢冯冯和鹏鹏啊,0,该用户是在表达对直播中两位主播（冯冯和鹏鹏）的喜爱和支持。
1620,橙子在小黄车已开价,1,该用户想表达的含义是：橙子的购买链接已经在购物车上架了。
1621,不生气在某宝买的,0,该用户想表达的含义是：我之前在淘宝买过同款产品但体验不佳。
1622,捣乱的请绕道,0,该用户想表达的含义是：希望大家专注讨论商品和直播内容，不要发无关或干扰性的言论。
1623,幕后工作人员辛苦啦,0,该用户想表达的含义是：对直播团队幕后工作的认可和感谢。
1624,爱死宇辉老师了,0,该用户是在表达对主播宇辉的强烈喜爱和支持。
1625,喜欢明明,0,该用户想表达对主播或嘉宾“明明”的喜爱和支持。
1626,佩奇越狱了,0,该用户可能在用幽默或调侃的方式询问直播中提到的某个商品（如玩偶或宠物）是否已经售罄或下架了。
1627,上海拍不了我哭,1,该用户想表达的含义是：因所在地区无法购买直播间的商品而感到遗憾。
1628,男人的菜,0,该用户想表达的含义是：这款产品很符合男性的喜好或需求。
1629,知道,0,该用户可能是对主播提到的某个产品特性或购买方式表示已了解或确认。
1630,牛肉丸上个吧,1,该用户希望主播尽快上架牛肉丸这款商品进行售卖。
1631,明宝我来了,0,该用户是在向主播“明宝”表达支持或喜爱的情感，类似于粉丝打招呼的行为。
1632,楠楠好暖,0,该用户是在表达对主播“楠楠”的喜爱和赞赏，认为她性格温暖亲切。
1633,光盘光盘,1,该用户想表达的含义是：催促主播尽快上架或展示当前推荐的商品。
1634,怎么领券呀,1,该用户想表达的含义是：询问获取优惠券的具体操作方法。
1635,明明憨憨可爱,0,该用户想表达的含义是：觉得主播明明呆萌又有趣，让人心生喜爱。
1636,用中灿吵死了太嗲,0,该用户想表达的含义是：主播中灿的声音过于尖锐吵闹，让人感到不适。
1637,冯冯很有才,0,该用户是在夸赞主播“冯冯”的个人魅力，表达对其才华的欣赏和喜爱。
1638,和邻居一起泡,0,该用户想表达的是对直播中展示的泡制类商品（如茶饮、泡面等）产生了兴趣，并暗示想与邻居一起购买或分享使用。
1639,冬冬说得太好了,0,该用户是在称赞主播冬冬的讲解或表现打动了他们。
1640,今天这么帅的么,0,该用户是在夸赞主播今天的外形或表现格外有魅力，表达了对主播的喜爱和欣赏。
1641,明明去山东吗,0,该用户可能在询问主播“明明”是否会去山东进行直播或活动。
1642,都是独立小包装吗,1,该用户可能在询问产品包装形式是否便于单独使用或保存。
1643,意面很好吃收到就跟孩子吃起来了黑椒牛肉牛肉粒挺大块的就是有丢丢辣但我儿子也吃完了美味,1,该用户想表达的含义是：对收到的意面产品感到满意，认为口味不错且分量足，虽然有点辣但孩子依然喜欢。
1644,对超有名,0,该用户想表达的含义是：这款产品在市场上非常知名且受欢迎。
1645,我也偶尔会迟到,0,该用户可能是在委婉附和主播提到的“迟到”话题，暗示自己也有类似经历以拉近与直播间的互动关系。
1646,杰西好棒,0,该用户是在夸赞主播杰西的表现出色，可能对其讲解或展示的产品产生了兴趣或好感。
1647,明明认真的样子气贯长虹,0,该用户想表达的含义是：主播专注投入的状态非常有感染力，令人印象深刻。
1648,没有了还可以加么,1,该用户想询问当前售罄的商品是否会补货或增加库存。
1649,虾没了,1,该用户想表达的含义是：询问直播间售卖的商品“虾”是否已经售罄或补货。
1650,这个罐头的盖子不好开,1,该用户可能是在抱怨产品设计不够人性化，暗示对罐头本身有兴趣但被使用体验劝退。
1651,潍坊朝天锅,1,该用户可能在询问或提及直播中展示的潍坊朝天锅这一产品，表达了对该商品的兴趣或想了解更多相关信息。
1652,支持两位少年,0,该用户是在对直播间的两位年轻主播表示赞赏和鼓励。
1653,为主播点赞赞赞赞,0,该用户想表达的含义是：对主播的表现感到满意并给予积极支持。
1654,很便宜,1,该用户想表达的含义是：当前商品的价格很有吸引力，值得考虑购买。
1655,嫂子,0,该用户可能在用昵称或亲切称呼指向主播或直播间的某位活跃成员，表达对其的喜爱或互动意愿。
1656,明明还有酒窝呢,0,该用户是在夸赞主播“明明”的笑容可爱，提到他还有酒窝这个特点。
1657,买了虽然前俩天刚在直播间买的满婷,1,该用户想表达的含义是：尽管前几天刚在直播间购买了满婷产品，但这次还是忍不住又下单了。
1658,冯冯不去山东吗,0,该用户可能是想询问主播是否计划前往山东进行直播或活动。
1659,开白色的花,0,该用户可能是在询问或确认直播中展示的商品（如植物、装饰品等）是否有白色花朵的款式或特征。
1660,要换班了吗,0,该用户可能在询问主播或另一位主持人是否即将轮换岗位或结束当前环节。
1661,冯冯长得挺文秀啊,0,该用户是在夸赞主播冯冯的外貌清秀文雅，表达了对主播个人形象的欣赏和好感。
1662,蒜黄是大蒜的芽,1,该用户可能是想通过科普蒜黄的来源来参与互动，表达对直播中提到的蒜黄相关产品的兴趣或好奇。
1663,拍一发几,1,该用户是在询问商品的促销优惠方式，具体想知道购买一件会附带多少赠品或额外福利。
1664,全网又爆炸了,0,该用户想表达的含义是：这款产品的热销程度再次引发了全网的抢购热潮。
1665,辉辉和七七在一起是特别幸福的时刻很回味很多时候特意看他俩的直播视频,0,该用户想表达的含义是：自己非常喜欢辉辉和七七这对搭档的互动氛围，经常重温他们的直播片段来感受快乐。
1666,来了来了,0,"该用户想表达的含义是：我准时进入直播间开始观看了。  （结合前文弹幕多为互动和夸赞内容，""来了来了""更可能是用户表达自己刚进入直播间的活跃状态，而非直接购买兴趣。）"
1667,迟到迟到,0,该用户可能是在表达自己刚刚进入直播间，因错过开场而感到遗憾或调侃自己来晚了。
1668,橄榄油1瓶还是两瓶,1,该用户可能在询问购买橄榄油时的优惠方案或数量选择建议，表现出对产品的实际购买考虑。
1669,要枕头要枕头要枕头,1,该用户急切地表达想要购买直播中展示的枕头的强烈意愿。
1670,哈哈哈哈哈哈哈哈哈哈就是,0,该用户可能是在附和直播间轻松欢乐的氛围，用大笑表达对主播幽默互动或有趣内容的认同和愉悦情绪。
1671,美食的背后是美好的记忆,0,该用户想表达的含义是：这些美食勾起了我对过去美好时光的怀念。
1672,四袋16个,1,该用户可能在询问当前促销商品的规格组合，比如“买四袋是否包含16个单品”。
1673,慈梨膏我这个地方不配送呢,1,该用户因所在地区无法购买直播推荐的慈梨膏而感到遗憾。
1674,加入会员啊会员才能领券,0,该用户想表达的含义是：成为会员才能享受领券优惠，建议观众尽快加入会员以获取福利。
1675,YOYO怎么这么早,0,该用户可能是在表达对主播YOYO提前结束直播或未按预期时间出现的意外和不满。
1676,鹏鹏好孩子加油加油加油你很棒哦,0,该用户是在为主播鹏鹏加油打气，表达对其表现的支持和鼓励，而非直接体现购买意向。
1677,在笑什么啊,0,该用户可能因直播间的欢乐氛围感到困惑，想询问大家发笑的具体原因以跟上互动节奏。
1678,冯冯喝口酱油缓缓,0,该用户是在用幽默的方式调侃主播冯冯，建议她通过喝酱油来缓解直播中的疲惫或紧张情绪。
1679,炖鸡汤,1,该用户可能是对直播中提到的食材或烹饪方法感兴趣，想询问或确认炖鸡汤的具体做法或相关产品信息。
1680,在哪里看明明,0,该用户可能在询问主播或工作人员“明明”这个人物或商品的展示位置或购买渠道。
1681,yoyo颠的,0,该用户可能在调侃主播YOYO的直播表现过于活跃或动作夸张。  （结合前文“YOYO怎么这么早”等弹幕，可见YOYO是直播间关注焦点之一，且当前弹幕语气轻松，符合整体弹幕的互动氛围。）
1682,蓝色,1,该用户可能在询问或确认直播中展示的某款商品是否有蓝色可选。
1683,感谢东方甄选为直播带来了一股清流令人尊敬的革新者,0,该用户想表达的含义是：赞赏东方甄选的直播风格与众不同且充满正能量，认为他们的创新精神值得敬佩。
1684,有果冻橙吗,1,该用户是在询问直播间是否有售卖果冻橙这款商品，表达了对该产品的购买兴趣或需求。
1685,俺青岛平度银,0,该用户想表达的含义是：我是青岛平度人（暗示对直播中提到的地域相关产品或信息感兴趣）。
1686,小你不知道呀肯定是不看直播在这捣乱的董老师休息呀,0,该用户认为发弹幕的人不了解直播情况，是在故意干扰董老师休息。
1687,优秀的中灿,0,该用户是在夸赞主播或商品表现出色，表达了对直播内容或产品的认可和欣赏。
1688,为啥这么便宜,1,该用户可能对产品价格低于预期感到惊讶，同时隐含对商品质量或优惠真实性的疑虑。
1689,哈哈哈哈哈,0,该用户被直播间的幽默互动或搞笑内容逗乐，纯粹在表达开心情绪而非购买意向。
1690,鹏鹏好优秀喜欢,0,该用户是在表达对主播“鹏鹏”的欣赏与喜爱，认为其表现突出且具有吸引力。
1691,好听,0,该用户可能是在称赞直播间的背景音乐或主播的声音悦耳动听。
1692,等董宇辉进场在说吧东方甄选胡乱屏蔽词,0,该用户对直播间屏蔽关键词的做法感到不满，并认为只有等董宇辉出场才能真正解决问题。
1693,看看夹心柿,1,该用户可能是对直播中提到的“夹心柿”这款零食产生了兴趣，想进一步了解产品详情或观看实物展示。
1694,哈哈哈哈哈哈哈哈哈哈哈哈哈哈,0,该用户被直播间的搞笑互动或有趣内容逗乐，纯粹表达欢乐情绪而非购买意向。
1695,一二许多,0,该用户可能在跟风刷屏凑热闹，或是手误打错字想参与互动但表达不清晰。
1696,垮擦亮相,0,该用户可能是用夸张的拟声词表达对主播突然登场或某个戏剧性瞬间的惊喜或调侃。
1697,一副没睡醒的样子,0,该用户可能在调侃主播或嘉宾的状态显得疲惫或不够精神。
1698,8889号啥时候讲到,0,该用户可能在询问直播进度，想知道何时会介绍或展示编号为8889的商品。
1699,郭德纲附体,0,该用户可能是在调侃主播的言行风格或表现突然变得幽默夸张，像相声演员郭德纲一样搞笑。
1700,正在吃饭中,0,该用户可能想表达自己正在观看直播的同时用餐，暗示对直播内容有一定兴趣但当前注意力不完全集中。
1701,千禾还有吗,1,该用户可能在询问直播间是否还有“千禾”品牌的产品在售或库存。
1702,哈哈哈哈哈,0,该用户可能被直播中的幽默互动或搞笑内容逗乐，通过大笑表达轻松愉快的观播情绪。
1703,方巾是干嘛的,1,该用户可能是对直播中提到的“方巾”功能或用途感到好奇，想进一步了解其具体作用或使用场景。
1704,帅气冯儒雅冯,0,该用户是在夸赞主播冯儒雅的外形气质出众。
1705,早上好灿灿,0,该用户可能是主播的粉丝，通过亲切的问候表达对主播的支持和互动意愿。
1706,过滤网,1,该用户可能在询问或提醒主播展示或介绍与“过滤网”相关的产品信息。
1707,拍不了,1,该用户可能因商品库存不足或操作问题导致无法成功下单。
1708,拍了,1,该用户想表达的含义是：我已经下单购买了商品。
1709,为啥不能念,0,该用户可能是在询问主播为何不读出或回应某些特定的弹幕内容。
1710,女婿,0,"该用户可能在用""女婿""这个称呼调侃或亲切地称呼主播，表达对主播的喜爱或认可。"
1711,看直播学知识,0,该用户可能是在调侃直播内容偏重知识科普而非直接带货，暗示自己更多是来学习而非购物。
1712,支持明明大哥哥,0,"该用户是在用粉丝应援式的语气表达对主播""明明""的支持和喜爱。"
1713,空气炸锅烤红薯超级绝,1,该用户想表达的含义是：空气炸锅烤红薯的效果非常好，让人有购买尝试的冲动。
1714,长知识了,0,该用户通过弹幕表达了对直播内容的认可，认为从中获得了有价值的信息或新知识。
1715,我的灯牌也没了,0,该用户可能是在抱怨自己之前获得的直播间粉丝灯牌标识突然消失，表达了对这一变化的困惑或不满。
1716,酸吗,1,该用户可能在询问直播中展示的水果或食品的酸度如何，以判断是否符合自己的口味偏好。
1717,夏冬,0,该用户可能在询问直播中提到的商品或内容是否适合夏冬两季使用或穿着。
1718,鹏鹏多吃点,0,该用户可能在以轻松调侃的方式表达对主播（鹏鹏）的关心或互动，暗示希望主播保持状态或活跃氛围，而非直接体现购买意向。
1719,积分兑换的券也只能自营品用吗,1,该用户是在询问积分兑换的优惠券是否仅限于购买平台自营商品时使用。
1720,浪费,0,该用户可能是在抱怨直播中展示的某个产品或环节没有实际价值，感到失望或不值得关注。
1721,喜欢七七,0,该用户可能是在表达对主播“七七”的喜爱和支持，暗示自己对其推荐的商品或直播内容感兴趣。
1722,有热敷袋吗,1,该用户可能在询问直播间是否有售卖热敷袋产品，表现出对该商品的潜在购买兴趣。
1723,加会员减20咋加会员,1,该用户想表达的含义是：询问如何开通会员以享受20元优惠。
1724,没了,1,该用户可能在表达自己想要的商品已经售罄或抢购失败的意思。
1725,你明明要飘了飘了飘了,0,该用户可能在调侃主播因受欢迎而表现得有些得意或兴奋。
1726,七七唱歌七七唱歌七七唱歌,0,该用户是在强烈要求主播“七七”进行才艺表演（唱歌），表达了对主播的喜爱和互动期待。
1727,买了买了,1,该用户被直播内容打动，决定下单购买产品。
1728,我还想说只要明明设计的我都买但如果是面汤我就不买了,1,该用户想表达的是：虽然自己非常支持主播明明的设计产品，但对面汤类商品不感兴趣。
1729,冬冬是阳光大男孩,0,该用户可能是在表达对主播冬冬的喜爱和正面印象，认为他性格开朗阳光。
1730,悠悠太可爱了,0,该用户是在表达对主播“悠悠”的喜爱和欣赏之情。
1731,三小只太帅了,0,该用户是在夸赞主播或嘉宾的外貌出众，表达对他们的喜爱和欣赏之情。
1732,再唱一遍好听再唱一遍好听再唱一遍好听,0,该用户想表达的含义是：希望主播再次演唱刚才的歌曲，因为非常喜欢这段表演。
1733,哈哈哈哈哈,0,该用户可能在直播间轻松愉快的氛围中被主播或其他观众的互动逗乐，表达了一种随性开心的情绪而非明确的购买意向。
1734,真油腻,0,该用户可能在吐槽直播内容或主播表现过于做作、不自然。
1735,哈哈哈哈哈,0,该用户可能被直播间的欢乐氛围或主播的搞笑表现逗乐，用笑声表达轻松愉悦的情绪，但并未直接体现购买意向。
1736,银耳吗,1,该用户可能是在询问直播间是否有银耳产品在售或相关介绍。
1737,七七是不是播了一下午了,0,该用户可能在关心主播的直播时长，暗示主播应该休息或换内容。
1738,哈哈哈,0,该用户可能是在附和直播间的欢乐氛围，表达对当前轻松有趣的内容的认同或觉得主播的表现很逗趣。
1739,又省一顿饭钱,0,该用户想表达的含义是：通过这次购物节省了日常开支。
1740,今天好帅,0,该用户是在夸赞主播或嘉宾的外表吸引人，表达了对直播内容的正面欣赏情绪。
1741,谦儿来吃让明明一人看着,0,该用户可能在调侃或抱怨直播中某位叫“明明”的主播被冷落，而另一位叫“谦儿”的主播只顾自己吃东西。
1742,谁爬树了,0,该用户可能在调侃直播间的混乱氛围或某位主播的夸张表现，类似于“谁这么疯/谁在胡闹”的玩笑话。
1743,是很英俊的小伙,0,该用户是在夸赞主播或嘉宾的外表帅气阳光。
1744,什么时候有乌鸡,1,该用户想询问直播间何时会上架乌鸡产品，表达了对购买乌鸡的兴趣或需求。
1745,陆游,0,该用户可能是在询问或提及直播中出现的某个产品名称（如“陆游”牌商品）或主播的昵称/相关梗。
1746,石家庄不让买居然,1,该用户可能是在表达对商品因地域限制无法购买的遗憾或不满，暗示自己原本有购买意愿但受限于所在地的销售政策。
1747,哈哈哈哈哈哈哈哈,0,该用户可能被直播间的搞笑互动或主播的幽默表现逗乐，纯粹在表达欢乐情绪而非购买意向。
1748,哇塞我老家九华山的,0,该用户想表达的含义是：主播提到的九华山让我感到亲切，因为那是我的家乡。
1749,可爱的冯冯,0,该用户是在夸赞主播“冯冯”的外貌或性格讨人喜欢，表达对主播的喜爱之情。
1750,冬冬不要,0,该用户可能在表达对主播或商品的不感兴趣或拒绝态度。
1751,你们家发型一个比一个丑,0,该用户是在吐槽直播间展示的发型设计不够时尚或不符合审美，表达对造型风格的不满。
1752,河南人没出过省海鲜类除了虾都不会做,0,该用户可能是在委婉表达对海鲜产品的兴趣，同时暗示自己缺乏烹饪经验，希望主播能提供更简单易懂的海鲜做法指导。
1753,西装最下面一粒纽扣不要扣,0,该用户是在针对主播的着装细节给出穿搭建议，暗示主播当前的西装扣法不够专业或得体。
1754,蓝胖子,1,该用户可能是在询问或提及直播中出现的某款蓝色商品（如玩偶、食品包装等）的昵称或外观特征。
1755,有膨胀剂吗,1,该用户可能在询问直播中是否有售卖食品添加剂或烘焙相关的膨胀剂产品。
1756,楠楠,0,该用户可能在呼唤主播的名字或昵称，试图引起主播的注意或互动。
1757,冬冬好帅,0,"该用户是在表达对主播""冬冬""外貌的赞赏和喜爱。"
1758,南昌拌粉好吃不,1,该用户可能在询问南昌拌粉的口味评价，以判断是否值得购买。
1759,这位美女谁啊,0,该用户可能是对直播中突然出现的新人物（主播或嘉宾）感到好奇，想询问其身份信息。
1760,镜头里怎么那么黑,0,该用户可能是在抱怨直播画面光线不足，影响观看体验。
1761,牛肉饼还有吗,1,该用户想询问直播间是否还有牛肉饼库存并表达购买意向。
1762,不及格是不是要家访,0,该用户可能在调侃主播的表现或产品效果，暗示如果直播效果不达标（“不及格”）是否需要主播亲自上门解释或补救（“家访”），带有戏谑或吐槽的意味。
1763,你怎么不吧唧嘴啊,0,该用户可能在调侃主播吃东西时不够自然或真实，希望对方表现得更加随意生动一些。
1764,配韭花,1,该用户可能是在询问当前展示的商品是否可以搭配韭花酱一起食用或售卖。
1765,淅沥沥,0,该用户可能在模仿某种轻柔的雨声或环境音效，用来调侃或配合直播间的轻松氛围。
1766,面汤,1,该用户可能是在询问直播中展示的面食产品的汤底或配料情况。
1767,想要那个冰柜,1,该用户表达了对直播中展示的冰柜产品有明确的购买意向。
1768,新东方东西价位能不能稍微再平民一点,0,该用户认为新东方的商品价格偏高，希望商家能够适当降价以更贴近普通消费者的消费水平。
1769,一套一套滴,0,该用户可能在调侃主播频繁更换服装或展示多套商品的行为，暗示“怎么又换了一套”或“花样真多”。
1770,鹏鹏子今天很帅呀,0,该用户是在夸赞主播的外表，表达对主播的喜爱或欣赏之情。
1771,有猕猴桃么,1,该用户是在询问直播间是否有售卖猕猴桃这一商品。
1772,长寿果,1,该用户可能在询问直播间是否有售卖“长寿果”（即碧根果）这一商品。
1773,柿子买了很好吃,1,该用户想表达的含义是：之前购买的柿子品质不错，对直播间的商品产生信任和好感。
1774,帅一逼,0,该用户想表达的含义是：主播或展示的产品非常帅气有魅力。
1775,终于可以下单了,1,该用户想表达的含义是：等待已久的产品终于开售可以购买了。
1776,哈哈哈哈哈,0,该用户可能被直播间的轻松氛围或主播的幽默表现逗乐，用大笑表达对当前互动内容的愉悦情绪。
1777,鹏鹏多互动,0,该用户希望主播鹏鹏增加与观众的互动频率，以活跃直播间氛围或解答更多问题。
1778,太香了,1,该用户想表达的含义是：这款产品的吸引力或体验感令人非常心动。
1779,牛肉干安徽合肥咋不能发货呢,1,该用户因对牛肉干感兴趣而询问为何无法配送到自己所在的地区。
1780,买了,1,该用户想表达的含义是：已经下单购买了直播间的商品。
1781,我也去过烟台蓬莱长岛海参,0,该用户想表达的含义是：我之前也购买或品尝过同产地的海参产品。
1782,吃过黑花生很好吃,1,该用户想表达对黑花生的认可，并暗示有购买意向或希望主播推荐类似产品。
1783,导演请小孙请自己的理发师,0,该用户可能是希望导演安排主播小孙推荐或展示自己常用的理发师相关产品或服务。
1784,咱可是仙女啊七七,0,该用户想表达的含义是：作为追求精致生活的女性消费者，我对主播推荐的产品很感兴趣并想展现自己的品味。
1785,山东品都没有了呀,1,该用户可能是在询问或感叹直播间里山东产地的商品已经售罄了。
1786,有才华的灿灿,0,该用户是在夸赞主播“灿灿”的才华，表达对主播个人魅力的欣赏和喜爱。
1787,拍了,1,该用户想表达的含义是：我已经下单购买了商品。
1788,欢迎小孙,0,该用户可能在友好地打招呼或表达对主播小孙的欢迎和支持。
1789,藕粉还有吗,1,该用户是在询问直播间是否还有藕粉这款商品在售。
1790,拍了拍了,1,该用户想表达的含义是：我已经下单购买了商品。
1791,白猫不能用券对吗,1,该用户是在询问白猫这款商品是否不参与当前的优惠券活动。
1792,小孙这么辛苦啊,0,该用户想表达的含义是：对小孙的辛勤付出表示关心和认可。
1793,物流真快,1,该用户想表达的含义是：对商品的配送效率感到满意。
1794,李先领券,1,该用户想表达的含义是：询问主播是否可以领取优惠券用于购买当前商品。
1795,七宝你赢了我的心,0,该用户想表达的含义是：主播的表现深深打动了我，让我非常喜欢。
1796,喜欢你们,0,该用户想表达的含义是：对主播或产品表示好感并可能产生购买意愿。
1797,抓紧拍要不就没了,1,该用户想表达的含义是：担心商品库存紧张，催促自己或他人尽快下单购买。
1798,炖大豆腐,1,该用户可能是在询问直播间是否有售卖炖大豆腐这道菜或相关食材。
1799,明明过年的时候你可以当场卖对联,0,该用户是在委婉表达对当前直播商品的不满，认为主播在过年期间没有及时推出应景的对联商品，错过了销售时机。
1800,很好喝,1,该用户是在称赞直播中展示的某款饮品口感不错，暗示对产品满意或有购买意向。
1801,你们家辉辉都回京了,0,"该用户可能在询问主播团队成员""辉辉""是否已经结束外出行程回到北京，以此间接表达对直播活动的关注或对相关商品的兴趣。"
1802,yoyo厉害,0,该用户可能在称赞主播的表现或产品展示很出色，表达了对直播内容的欣赏和认可。
1803,罐子有啥用一直说,1,该用户可能对主播反复强调罐子的用途感到不耐烦，认为其功能介绍过于冗长或无关紧要。
1804,山东这个点黑了属实正常,0,该用户想表达的含义是：山东地区商品售罄是意料之中的情况。
1805,太久不运动了吧,0,该用户可能是在调侃主播或商品展示中的表现显得生疏或不熟练，暗示“缺乏运动导致动作笨拙”。
1806,明明也教地理了,0,该用户想表达的含义是：主播明明之前还教过地理知识，现在怎么不提了。
1807,蒜泥最好,1,该用户是在称赞直播中提到的蒜泥产品品质很好，表达了对商品的认可和喜爱。
1808,今天主播都是两个直播间轮回播辛苦了,0,该用户想表达的含义是：主播同时在两个直播间来回切换直播很辛苦，表示体谅和关心。
1809,这个柿子很甜很好吃如果果再大些就好了,1,该用户认为柿子的口感不错，但对果实大小有些遗憾，隐含了希望产品能改进的潜在购买意愿。
1810,早上配稀饭绝了,1,该用户想表达的含义是：这款产品搭配早餐非常美味。
1811,这个和戴森哪个好用呀,1,该用户是在询问当前直播推荐的产品与戴森品牌同类产品的性能对比，表现出对产品功能的关注和潜在的购买意向。
1812,鹏鹏今天帅呀,0,该用户可能在夸赞主播的外表或状态，表达对主播的喜爱或支持。
1813,支持鹏鹏买了蛋,0,该用户想表达的含义是：因为支持主播鹏鹏，所以决定购买他推荐的鸡蛋产品。
1814,饺子蘸醋,1,该用户可能是在询问或推荐饺子搭配醋的食用方式，表达对直播中相关食品的兴趣或认可。
1815,七七今天的第三场了,0,该用户想表达的含义是：主播今天已经连续直播三场了，真是辛苦。
1816,现炒现卖,0,"该用户可能是在调侃或催促主播加快销售节奏，暗示商品应该像现炒现卖一样迅速成交而非拖延。  （结合前文弹幕中""抓紧拍要不就没了""""支持鹏鹏买了蛋""等购买意向表达，以及部分对商品和主播的互动反馈，可推断用户关注交易效率，用""现炒现卖""比喻希望实时促成交易的心理。）"
1817,哈啊哈哈,0,该用户可能被直播间的轻松氛围或主播的幽默表现逗乐，用笑声表达愉悦和参与感。
1818,拿着就很帅,0,该用户想表达的含义是：这款产品的外观设计很有吸引力，拿在手里显得很酷。
1819,还是得明明蝈蝈回来,0,该用户希望之前直播中受欢迎的“明明蝈蝈”主播能回来继续带货。
1820,好厉害啊,0,该用户可能在称赞主播的演示或产品效果令人印象深刻。
1821,孕妇不要用,0,该用户想表达的含义是：这款产品不适合孕妇使用。
1822,已下单加急发货,1,该用户想表达的是自己已经购买了商品并希望尽快收到货。
1823,哈哈,0,"该用户可能是被直播间的轻松氛围或主播的幽默表现逗乐了，用""哈哈""表达随性的欢乐情绪。"
1824,孕妇能吃吗,1,该用户是在询问产品是否适合孕妇使用，可能出于自身或亲友的孕期需求想确认安全性。
1825,辛苦了七七,0,该用户是在表达对主播七七连续高强度工作的体谅和关心。
1826,上头了,0,该用户想表达的含义是：被直播内容吸引到情绪高涨，产生了强烈的购买冲动。
1827,吃的我好饿合肥又不发货,1,该用户可能是在观看美食类商品直播时，因看到诱人的食物展示而感到饥饿，但遗憾地发现该商品不支持自己所在地区（合肥）的配送服务。
1828,好小声,0,该用户可能是在抱怨直播音量太小，听不清楚主播的讲解或产品介绍。
1829,烟薯还有吗,1,该用户想询问直播间是否还有烟薯这款商品在售。
1830,螺丝椒炒,1,该用户可能是在询问主播正在演示的螺丝椒炒菜做法或食材搭配建议。
1831,一共能多少个,1,该用户想询问直播中展示的商品总共能购买多少个（是否有购买数量限制）。
1832,解释下优惠券哪里用阿解释下优惠券哪里用阿解释下优惠券哪里用阿解释下优惠券哪里用阿,1,该用户急切想了解优惠券的具体使用范围和操作方式，可能因直播节奏较快或信息不清晰而重复提问以寻求明确解答。
1833,鹏鹏今天帅啊,0,该用户想表达的含义是：对主播鹏鹏的外表或表现表示赞赏，但并未直接体现购买意向。
1834,吃香砂养胃丸暖胃健脾祛湿,1,该用户可能在询问或确认这款胃药的具体功效，并暗示自己因脾胃或湿气问题对其产生购买兴趣。
1835,女十斤,0,该用户想表达的含义是：女性款商品十斤装还有货吗？
1836,两个高音歌唱家,0,该用户可能是用幽默夸张的方式形容直播中两位主播的卖力吆喝或高亢的解说风格，暗示他们的声音像专业歌唱家般引人注目。
1837,鹏鹏慢点吃不着急,0,该用户是在以轻松调侃的语气提醒主播“鹏鹏”放慢节奏，注意直播时的用餐仪态或互动体验。
1838,好吃吗,1,该用户是在询问直播中展示的食品口感或味道如何，隐含对产品的兴趣和潜在的购买意向。
1839,冯冯讲历史太燃了,0,该用户想表达的含义是：主播讲解历史的方式非常精彩动人，让人情绪高涨。
1840,正在准备煮意面,1,该用户可能是在观看美食类直播时被勾起烹饪欲望，暗示自己因直播内容产生了动手做同款食物的兴趣。
1841,请问什么时候上红茶,1,该用户是在询问红茶产品的上架时间，表现出对商品的关注和潜在的购买意向。
1842,拍两单了,1,该用户想表达的含义是：我已经购买了两份该商品。
1843,就想买烤肠不能用券么,1,该用户想表达的含义是：对购买烤肠有兴趣但发现无法使用优惠券感到不满或困惑。
1844,一会胯嚓中灿就来了,0,该用户可能在期待主播即将展示或上架某款商品（如“中灿”可能是商品名称或主播昵称），并暗示自己会迅速抢购或参与互动。
1845,买了牛竭子,1,该用户想表达的含义是：已经下单购买了牛油果这款商品。  （结合前文弹幕中频繁出现的食品类商品讨论、优惠券使用疑问以及购买行为相关表达（如“拍两单了”），可推断“牛竭子”是用户对“牛油果”的谐音或输入错误，整体语境指向明确的消费动作。）
1846,送邻居,0,该用户可能是在询问主播是否有赠品活动，想将产品作为礼物送给邻居。
1847,我也,0,该用户想表达的含义是：我也想要购买刚才提到的商品（如烟薯/烤肠等）。
1848,婴儿可以用吗,1,该用户想询问直播中展示的产品是否适合婴儿使用，可能对购买该产品给婴儿使用感兴趣。
1849,稀饭,1,"该用户想表达的含义是：喜欢这款产品，想购买。  （结合前文弹幕中频繁出现的询问商品、优惠、购买意向等内容，""稀饭""可能是用户对当前展示商品的简短认可，类似于""喜欢""的谐音或口语化表达。）"
1850,一块吃,0,该用户可能是在询问是否可以与他人拼单或共同参与直播间的团购活动。
1851,我还没买怎么就没有了,1,该用户想表达的含义是：对商品售罄感到遗憾，并暗示自己原本有购买意向。
1852,哈哈哈,0,该用户可能是被直播间的轻松氛围或主播的幽默表现逗乐，单纯表达愉悦情绪而非购买意向。
1853,一岁宝宝可以吃吗,1,该用户是在询问直播中介绍的产品是否适合一岁婴幼儿食用，隐含对产品的潜在购买意向。
1854,优惠券不能用,1,该用户想表达的是对无法使用优惠券购买商品感到不满或困惑。
1855,这花很好看,1,该用户可能对展示的鲜花产品产生了兴趣，暗示有购买意向。
1856,声音奇怪的重新进一下就行了,0,该用户可能是因直播间的音频出现异常（如声音变调或断续），在提醒其他人通过重新进入直播间来恢复正常收听效果。
1857,芝麻开门,0,该用户可能在催促主播或商家快速展示或上架商品，类似于“快点开门（开卖）”的急切心情。
1858,松茸芝麻饼呢,1,该用户是在询问或催促主播展示/上架松茸芝麻饼这款商品。
1859,熬汤,1,该用户可能是在询问直播中展示的产品是否适合用来熬汤，或者暗示自己对熬汤相关的商品感兴趣。
1860,人气票人气票人气票人气票人气票人气票人气票人气票人气票人气票人气票人气票,0,该用户可能是在积极参与直播间的互动活动，希望通过刷屏“人气票”来为主播提升热度或争取福利。
1861,鹏鹏今天功课非常棒,0,该用户可能在夸赞主播的表现或产品展示效果很好，暗示对直播内容的认可或产生兴趣。
1862,董宇辉明天1030在图书馆,0,该用户可能在询问或提醒董宇辉明天的直播时间和地点（图书馆），暗示对直播内容或商品的关注兴趣。
1863,俺也是山东滴啊,0,该用户想表达的含义是：我也是山东人，对主播或产品有地域认同感。
1864,果冻橙甜吗,1,该用户想询问果冻橙的口感是否足够甜，以评估是否值得购买。
1865,桂花藕粉,1,该用户可能在询问或表达对直播中提到的桂花藕粉产品的兴趣，比如想了解详情、询问购买方式或表示想购买。
1866,没了,0,该用户想表达的含义是：商品已经售罄或下架，自己因没抢到而感到遗憾。  （结合前文“我还没买怎么就没有了”等类似弹幕的语境，可推断用户是在抱怨或惋惜库存不足的情况。）
1867,鹏鹏还没有攒够机票钱,0,该用户可能是在委婉表达自己因资金不足暂时无法购买直播中推荐的产品或服务（如旅游相关的机票）。
1868,妹妹,0,该用户可能在用昵称或亲切称呼（如“妹妹”）向主播或其他观众打招呼或寻求互动。
1869,老师今天换发型了吗,0,该用户可能是在通过观察主播的外貌变化来拉近距离或活跃气氛，并未直接表达购买意向。
1870,七七加油七七辛苦啦,0,该用户是在为主播（七七）加油打气，表达对其直播表现的认可和鼓励。
1871,最帅的人,0,该用户可能在称赞主播的外貌或表现，表达对主播的喜爱或支持。
1872,牛里脊,1,该用户可能是在询问或提及直播中展示的牛里脊产品的相关信息，比如品质、做法或购买方式。
1873,会涩不,1,该用户可能在询问产品（可能是食品或饮品）的口感是否带有涩味。
1874,哎呀明明在播,0,该用户可能是在表达对当前直播内容偏离预期主题（如未按预告展示某商品或环节）的轻微抱怨或疑惑。
1875,小妹妹多吃点,0,该用户可能在用调侃或关心的语气建议主播（或直播中出现的某个角色）多品尝或推广展示的食品。
1876,摇摇乐要摇的,0,该用户可能是在提醒主播或观众需要摇晃“摇摇乐”产品才能达到预期效果或参与互动。
1877,鹏鹏变成五十年代的上海滩阿祥,0,该用户可能在调侃主播鹏鹏的造型或表演风格像旧上海滩的某个经典形象（阿祥），带有幽默或怀旧的意味。
1878,这个黄花鱼丸特别鲜回购,1,"该用户想表达的含义是：这款黄花鱼丸非常鲜美，自己之前买过觉得很好所以打算再次购买。  （释义要点：用户强调产品品质""鲜""，并明确提及""回购""行为，表明已有购买体验且认可产品，属于明确的购买意向表达。）"
1879,明明蓝色好看,1,该用户认为蓝色款比其他颜色更吸引人，暗示对商品颜色的偏好或潜在的购买倾向。
1880,舅舅我怕,0,该用户可能是在以调侃或撒娇的语气表达对直播中某件商品或主播展示的内容感到心动但又犹豫不决的矛盾心理。
1881,一箱几个,1,该用户想询问商品包装规格，即一箱包含多少件产品。
1882,茶叶,1,该用户可能是在询问直播中提到的茶叶相关信息，比如品种、口感或价格。
1883,牛肉丸没有了嘛,1,该用户是在询问直播间售卖的商品牛肉丸是否已经售罄。
1884,不能喝,1,该用户可能是在询问或评论直播中展示的某款饮品或含酒精产品是否适合饮用，比如担心口感不佳、对身体有害或不符合个人偏好。
1885,山茶油有吗,1,该用户是在询问直播间是否有售卖山茶油产品。
1886,舞起来,0,该用户可能是在鼓励主播或现场氛围更加活跃，希望看到更热情的表演或互动。
1887,你好适合穿西装好帅,0,该用户想表达的含义是：主播穿西装的样子非常帅气，很适合这种风格。
1888,地址不支持配送,1,该用户想表达的是对商品感兴趣但因所在地区无法购买而感到遗憾。
1889,回来一看大本丢了,0,该用户可能在表达对直播中某款已售罄或下架的“大本”（可能是笔记本、书籍等商品）的遗憾和失望。
1890,宇辉在旁边吗,0,"该用户可能在询问直播间的另一位主播或嘉宾""宇辉""是否在场参与互动。"
1891,大家自助下单点点赞送人气票,0,该用户是在呼吁观众积极参与互动，通过下单、点赞和赠送人气票来提升直播间热度。
1892,今天晚上是什么地方,0,该用户可能在询问今晚直播的货品产地或发货地信息。
1893,今天有壬二酸吗,1,该用户是在询问直播间是否会上架或促销壬二酸相关的产品。
1894,都送给我哈哈哈,0,该用户可能是在开玩笑地表示希望主播或商家能免费赠送所有展示的商品给他。
1895,早上好,0,该用户可能是刚进入直播间，以问候的方式表示自己开始参与互动。
1896,鹏鹏今天好帅,0,该用户是在夸赞主播的外貌形象，表达对主播的喜爱和关注，但并未直接表现出对商品的购买兴趣。
1897,有书吗,1,该用户想询问直播间是否有书籍类商品在售。
1898,炖豆腐芋头,1,该用户可能在询问直播间是否有售卖炖豆腐或芋头相关的菜品或食材。
1899,人家减肥呢,0,该用户可能是在委婉表示对当前直播商品的抗拒或缺乏兴趣，暗示食品类产品不适合自己当前的减肥计划。
1900,给鹏鹏做点菜就着吃吧,0,"该用户可能是对直播中展示的某款食品（如牛肉丸、山茶油等）产生兴趣，暗示想购买该产品搭配""鹏鹏""（主播或家人昵称）的饭菜食用。"
1901,董宇辉什么时候播,0,该用户可能在询问主播董宇辉的直播时间安排，表达了对该主播的期待或对其带货内容的兴趣。
1902,再来瓣蒜,1,该用户可能是想配合主播展示的菜品或烹饪过程，表达希望增加配菜（蒜）的互动意愿。
1903,地位不一樣,0,该用户可能是在调侃主播或嘉宾的身份变化或待遇差异，比如暗示某人现在更受重视、地位提升。
1904,欢迎董帅帅,0,该用户是在以亲切的口吻欢迎主播董帅帅出场或回归直播间。
1905,八分酸有点酸吧,1,该用户可能在质疑或调侃直播中提到的“八分酸”产品的酸度是否过高，表达了对产品口感的关注或疑虑。
1906,好帅,0,该用户是在夸赞主播的外貌或表现，表达对主播的喜爱和欣赏。
1907,将人气票扔出了,0,该用户可能是在调侃或自嘲地表示自己把直播间的人气票随意投出去了，带有一种轻松玩笑的语气。
1908,七七太可爱了,0,该用户是在夸赞主播“七七”的讨喜形象，表达对主播的喜爱和关注。
1909,感谢妹妹,0,该用户可能是在感谢主播或其他观众分享的优惠信息或互动帮助。
1910,鸭脖有吗,1,该用户是在询问直播间是否有鸭脖产品在售。
1911,10万多人,0,该用户可能是在感叹直播间人气火爆，注意到实时观看人数突破了十万。
1912,哆今天没有藏红花可以持续关注我们直播间,0,该用户想表达的含义是：今天直播间没有藏红花产品，但可以继续关注后续的直播。
1913,妹妹中国通史链接有吗,1,该用户想询问主播是否有《中国通史》这本书的购买链接。
1914,山西入场,0,该用户可能是在以地域身份互动，表达自己作为山西观众加入直播间的存在感或期待主播关注山西相关产品。
1915,肤色好看,0,该用户可能是在称赞主播展示的产品（如化妆品或服饰）的颜色很适合或很吸引人。
1916,这是什么工作,0,该用户可能是在询问直播中展示或提到的某款产品（如书籍、食品等）的具体功能或用途。
1917,七七早啊,0,该用户是在友好地向主播“七七”打招呼，表达亲切的互动意愿。
1918,W明明很优秀,0,该用户想表达的含义是：W（可能指主播或产品）的表现非常出色，值得认可和赞赏。
1919,好喜欢你,0,该用户是在表达对主播或商品的喜爱和赞赏，可能隐含进一步关注的意愿。
1920,叔本华,0,该用户可能是在借哲学家叔本华的名字调侃或吐槽直播内容的深刻性或哲理性，暗示话题过于抽象或晦涩。
1921,米没了啊,1,该用户想表达的含义是：之前买的米已经吃完了，想询问直播间是否有米类产品上架或促销。
1922,北京也有嫂子了,0,"该用户可能是在调侃主播或某个角色突然在北京有了类似""嫂子""的亲密关系，暗示直播间出现了意想不到的戏剧性发展。"
1923,小妹妹好可爱,0,该用户是在夸赞主播或直播中的某个角色外貌讨喜，表达了一种亲切友好的观看情绪。
1924,中关村厨师,0,该用户可能在调侃主播或直播间的风格像“中关村厨师”一样接地气或不专业，带有幽默或讽刺的意味。
1925,啥馅的,1,该用户是在询问直播中展示或提到的某款食品（可能是包子、饺子等面食）的具体馅料种类。
1926,合唱,0,该用户可能是希望主播或观众一起参与合唱某个歌曲或互动环节。
1927,明你就是天才,0,该用户是在夸赞主播“明明”的出色表现或才华，表达对其能力的认可和欣赏。
1928,为什么没有油,1,该用户可能是在询问直播间售卖的商品中为何缺少食用油这一品类。
1929,肠子毁青,0,该用户可能是在表达对自己之前错过购买某款商品（如鸭脖或其他食品）的强烈后悔情绪。
1930,来晚了问一下那个21的女孩是主播么,0,该用户想询问直播画面中出现的21岁女性是否是当前的主播。
1931,山海情里种菇的,0,该用户可能是在询问直播中提到的产品或内容是否与电视剧《山海情》中种植蘑菇的情节有关。
1932,天权,0,"该用户可能在询问主播或商品相关的某个关键词""天权""的具体信息或含义。"
1933,唱歌唱歌唱歌唱歌唱歌唱歌唱歌,0,该用户想表达的含义是：希望主播暂停商品介绍或互动环节，转而表演唱歌来活跃气氛。
1934,泡桐,0,该用户可能是在询问或评论直播中提到的某种商品材质或植物相关的内容，比如家具木料或园艺产品。
1935,那是有替代糖吗,1,该用户可能在询问直播中展示的产品是否含有代糖成分，表现出对产品健康属性的关注和潜在的购买兴趣。
1936,晚饭不用吃了,0,该用户可能是在调侃直播内容或商品展示让自己看入迷到忘记吃饭，间接表达了对直播的浓厚兴趣。
1937,上海不发货,1,该用户想表达的含义是：对商品无法配送到上海地区感到失望或不满。
1938,已经回购多次了家有高三娃儿,1,该用户想表达的含义是：作为老顾客多次购买该产品，家里有高三学生需要持续使用。
1939,鲨鱼灿晚上几点,0,该用户可能在询问直播中提到的某个商品（如“鲨鱼灿”相关产品）的具体上架或促销时间。
1940,好帅啊,0,该用户可能是在夸赞主播或商品的外观吸引人，表达了对直播内容的欣赏和兴趣。
1941,发型好看点了哦,0,该用户可能是在委婉地夸赞主播的新发型有所改善，暗示对主播形象的关注和好感。
1942,优秀,0,该用户想表达的含义是：对当前直播内容或主播表现的高度赞赏和认可。
1943,明明好会啊,0,该用户想表达的含义是：主播的表现非常出色，令人赞叹其专业能力或魅力。
1944,欢迎欢迎,0,该用户可能在向新进入直播间的主播或观众表示友好的问候。
1945,最近导演团队非常严格,1,该用户可能在委婉表达对直播内容质量或节奏的不满，暗示当前直播团队的安排过于刻板或缺乏趣味性。
1946,拍了都一个月了还不发货,0,该用户因下单商品迟迟未发货而感到不满，质疑商家的发货效率和服务质量。
1947,哈哈哈,0,该用户可能被直播间的轻松氛围或主播的幽默表现逗乐，用笑声表达愉悦情绪而非明确的购买意向。
1948,天津不发货,1,该用户想表达的含义是：因所在地区无法收货而感到失望或不满。
1949,我买的是十四根,1,该用户想表达的含义是：我已经下单购买了十四根这款产品。
1950,已经关注,1,该用户想表达的含义是：我已经关注了直播间或主播，表示对直播内容的认可和支持。
1951,来晚了,0,该用户可能因为错过直播前期的内容或优惠活动而感到遗憾。
1952,辉辉今天不播吗,0,该用户可能在询问主播“辉辉”是否缺席了本次直播，表达了对该主播的关注和期待其出现的意愿。
1953,调皮,0,该用户可能是在调侃主播或直播间的轻松氛围，用“调皮”一词表达对当前互动内容的幽默评价或对主播表现的俏皮反应。
1954,酱牛肉有吗,1,该用户是在询问直播间是否有售卖酱牛肉这款产品。
1955,冬冬辛苦了,0,该用户是在向主播表达关心和支持，可能是对主播的付出或表现感到认可和感谢。
1956,主播优秀,0,该用户想表达的含义是：对主播的表现或能力表示赞赏和认可。
1957,抢光了,1,该用户想表达的含义是：商品已经售罄，自己没抢到感到遗憾。
1958,好听好听好听好听,0,该用户可能是在称赞主播的声音或背景音乐令人愉悦，表达对直播氛围的喜爱和享受。
1959,跳起来,0,该用户可能是在催促主播加快节奏或表达对直播内容的兴奋情绪。
1960,哈喽,0,该用户可能是在打招呼或试图加入直播间的互动，表达一种轻松友好的参与态度。
1961,今天好欢乐小马小鸟接着火山,0,该用户可能是在用谐音或联想的方式调侃直播间的欢乐氛围，比如将主播或产品的名称趣味化地组合成“小马小鸟火山”这样的意象，表达对直播内容的喜爱和参与感。
1962,拍不了,1,该用户可能因所在地区无法购买或商品已售罄而表达无法下单的遗憾。
1963,虾仁,1,该用户可能在询问直播间是否有虾仁商品在售或对其感兴趣。
1964,韭苔过分了,1,该用户可能是在抱怨商品价格过高或性价比不合理，表达不满情绪。
1965,大家都很好,0,该用户可能是在夸赞直播间的整体氛围或主播的表现很出色。
1966,白色好看,1,该用户可能是在对直播中展示的某款商品颜色表示偏好，暗示自己倾向于选择白色款式。
1967,鱼很好吃拍过了,1,该用户想表达的含义是：之前已经购买过这款鱼产品且对其口感满意。
1968,是发八袋,0,该用户可能是在询问主播是否赠送八袋某种商品作为促销福利。
1969,小孙太可爱,0,该用户是在夸赞主播小孙的表现讨喜，表达对主播的喜爱和观看直播的愉悦心情。
1970,欢迎七七,0,该用户可能是主播的粉丝或熟人，以亲切的打招呼方式表达对主播的支持和互动意愿。
1971,东方小孙也很辛苦关键时候决策果断,0,该用户想表达的含义是：肯定主播团队中东方小孙的付出和关键时刻的应变能力。
1972,董宇辉几点上播董宇辉几点上播,0,该用户急切想知道董宇辉的直播时间，可能因错过开场或担心他今天不播而重复询问。
1973,南京为啥发不了了,1,该用户可能是在询问直播中提到的某款商品为何无法配送到南京地区。
1974,贴肉上吗,1,该用户可能在询问主播展示的商品是否适合贴身穿着或使用。
1975,哈哈哈哈哈哈,0,该用户被直播间的欢乐氛围感染，用大笑表达对当前互动内容的愉悦和共鸣。
1976,饿了,0,该用户可能是在观看直播过程中看到食物相关商品（如虾仁、韭苔、鱼等）后产生了食欲，暗示自己想吃东西或对展示的食品感兴趣。
1977,冯冯更显瘦了,0,该用户可能是在夸赞主播冯冯的穿着或造型显得身材更苗条，表达了对主播形象的关注和欣赏。
1978,哈哈哈哈哈,0,该用户被直播间的欢乐氛围感染，用笑声表达情绪共鸣和轻松愉悦的心情。
1979,灿变样了,0,该用户可能是在感叹主播或嘉宾的外貌、状态或风格发生了明显变化。
1980,七七有地球仪吗,1,该用户是在询问主播“七七”是否售卖地球仪这款商品，表达了对该产品的购买兴趣。
1981,铁锅挂上呗,1,该用户可能在催促主播将铁锅这款商品上架或展示在直播间供购买。
1982,要换班了吗,0,该用户可能在询问主播或工作人员是否即将进行轮班交接。
1983,橙子也没了吗,1,该用户想表达的含义是：询问直播间是否已经售罄了橙子商品。
1984,头发自然多了鹏鹏小朋友,0,该用户可能是在夸赞主播的发型自然，同时用“鹏鹏小朋友”的昵称表达亲切感。
1985,明明不去山东吗,0,该用户可能在询问主播是否会去山东进行直播或相关活动。
1986,哈哈哈,0,该用户可能被直播间的轻松氛围或主播的幽默表现逗乐，用笑声表达愉悦情绪而非明确的购买意向。
1987,天权不休息吗,0,该用户可能在询问主播“天权”是否需要轮班休息，表达了对主播工作强度的关心或对其持续直播状态的惊讶。
1988,明明有个朋友说的,0,该用户可能是在质疑或补充某个之前提到的信息，暗示“有个朋友说过的情况与当前直播内容不符”。
1989,请问英语语调怎么提高很苦恼,0,该用户可能是在观看直播时对主播提到的英语学习内容产生了共鸣，想寻求提高英语语调的方法，表达了自己在这方面的困惑和需求。
1990,漂洋过海来看你,0,该用户可能在用歌词表达对主播或商品的喜爱和期待，暗示自己专程为这场直播而来。
1991,可以捏捏用吸管吸,0,该用户可能是在询问或评论直播中展示的某款软质可吸食的产品（如果冻、饮料等）的使用体验或功能。
1992,冲小黄姜,1,该用户想表达的含义是：催促主播尽快上架或介绍小黄姜这款产品。
1993,潼关肉夹馍和午餐肉可以一起拍,1,该用户想表达的含义是：询问能否同时购买潼关肉夹馍和午餐肉这两种商品。
1994,丑苹果好吃,1,该用户可能是想表达“虽然这款苹果外观一般，但口感不错，我有兴趣购买”。
1995,是腌好的,1,该用户想表达的含义是：询问直播中展示的商品是否已经预先腌制好可以直接食用。
1996,听董宇辉卖东西是一种享受,0,该用户想表达的含义是：董宇辉的带货方式令人感到愉悦和放松，让人愿意继续观看。
1997,如果万一小姐姐觉得不好吃是不是也要含泪吃完,0,该用户是在调侃式地询问如果对产品不满意是否也得勉强接受，透露出对产品质量的顾虑和犹豫购买的矛盾心理。
1998,哈哈,0,"该用户可能被直播间的轻松氛围或主播的幽默表现所感染，用简短的""哈哈""表达随性愉悦的情绪，属于一种无明确购物指向的互动反馈。"
1999,冬七组合,0,该用户可能在询问或推荐直播间正在展示的“冬季和七夕相关商品的组合套餐”。
2000,今天特帅,0,该用户可能是想夸赞主播或某个产品的展示效果很好，表达一种积极的观赏体验。
2001,乡党别理无聊的人,0,该用户可能在呼吁主播或同乡观众忽略无关干扰，专注直播内容或产品互动。
2002,一起吃饭真开心,0,该用户可能在表达对直播氛围的喜爱，暗示因互动愉快而产生消费意愿。
2003,下单发面饼,1,该用户想表达的含义是：询问购买后是否会赠送发面饼作为赠品。
2004,七七漂亮,0,该用户是在夸赞主播的外貌出众，表达了对主播的喜爱和欣赏之情。
2005,七宝儿是越看越喜欢的孩子,0,该用户想表达的含义是：对主播七宝儿越来越有好感，产生了情感上的喜爱和亲近。
2006,一条龙,0,该用户可能是在询问或确认商品是否包含全套服务或配套产品。
2007,托尼老师有没有看直播,0,该用户可能在询问主播“托尼老师”是否正在观看直播，以此确认对方是否在线或参与互动。
2008,杰西播一天了真辛苦,0,该用户是在表达对主播杰西长时间直播的关心和赞赏。
2009,西梅汁有吗,1,该用户是在询问直播间是否有售卖西梅汁这款产品。
2010,哈哈哈哈哈哈哈,0,该用户被直播间的欢乐氛围或主播的幽默表现逗乐，用连续笑声表达轻松愉悦的情绪互动。
2011,你是废废了,0,该用户可能是在以调侃或玩笑的语气表达对主播或直播内容的不满或失望。
2012,有藏红花吗,1,该用户是在询问直播间是否有售卖藏红花产品。
2013,可以12次不是拿出来看来主播不懂,0,该用户可能在质疑主播对产品（可能是分期付款或12次使用类商品）的介绍不够专业或存在误解。
2014,孕妇可以吃吗,1,该用户是在询问直播中介绍的产品是否适合孕妇食用，以评估是否值得购买。
2015,今天晚上吃了东方甄选意面太好吃了,1,该用户想表达的含义是：对东方甄选意面的品质感到满意并隐含推荐意向。
2016,辉辉又开始提问了,0,该用户想表达的含义是：主播又开始用提问的方式与观众互动了。
2017,13根,1,该用户可能在询问或确认直播中提到的某种商品的数量规格，比如“13根装”的某款产品。
2018,举着费劲有没有可能是个子不够,0,该用户可能在委婉询问主播展示的商品是否因尺寸问题导致使用不便，暗示对产品实用性的顾虑。
2019,广东话的音译,0,该用户可能是在询问直播间提到的某个商品名称或主播提到的词汇对应的广东话发音或写法。
2020,哈哈,0,该用户可能是被直播间的轻松氛围或主播的幽默表现逗乐了，用简单的笑声表达当下的愉悦情绪和参与感。
2021,我就是福建宁德,0,该用户可能是想表明自己的家乡或所在地与直播内容存在关联，暗示对产品有潜在兴趣或认同感。
2022,物理地理都是理嘛一起考没毛病,0,该用户想表达的含义是：既然物理和地理都属于理科范畴，那一起考试也是合情合理的。
2023,给力,0,该用户想表达的含义是：直播内容或优惠活动非常吸引人，让人感到兴奋和满意。
2024,咚咚锵,0,该用户可能是在模仿直播间的热闹氛围或配合主播的互动节奏，用拟声词表达兴奋或助兴的情绪。
2025,有芝麻饼吗,1,该用户是在询问直播间是否有售卖芝麻饼这款商品。
2026,过去,0,该用户可能是在询问主播之前提到的某款商品或话题是否还有库存或会再次出现。
2027,冯冯图书号刚播完饿了,0,该用户想表达的含义是：刚才在冯冯图书号的直播间看了很久，现在感觉有点饿了。
2028,饺子包了半小时,0,该用户可能在委婉地抱怨直播节奏较慢或产品展示不够高效，暗示自己等待时间较长。
2029,天权变成鹏鹏,0,"该用户可能在调侃主播昵称的变化，用谐音方式将""天权""戏称为""鹏鹏""，表达一种轻松打趣的互动意图。"
2030,儿童牙膏没了吗,1,该用户可能在询问直播间是否还有儿童牙膏的库存可供购买。
2031,这样看也挺好看的发型,0,该用户可能是在看到主播展示的某款发型后，原本没有特别兴趣但经过观察后产生了认可，表达了一种意外发现该发型还不错的态度。
2032,有麻辣口味的吗有麻辣口味的吗有麻辣口味的吗有麻辣口味的吗有麻辣口味的吗,1,该用户急切地询问产品是否有麻辣口味选项，表现出强烈的购买意向和口味偏好。
2033,膝关节贴了会暖吗,1,该用户是在询问膝关节贴的保暖效果如何，可能对产品的实际使用体验感兴趣。
2034,兰州买不了,1,该用户想表达的含义是：商品不支持配送到兰州地区。
2035,妹妹别走,0,该用户可能在挽留即将离开镜头的主播或嘉宾，希望对方继续留在直播间互动。
2036,天天这么个吃法鹏鹏要万肉眼可见地圆润起来了,0,该用户是在调侃主播鹏鹏最近经常在直播中吃东西，体型明显变胖了。
2037,会给羊身上做颜色标记的,0,该用户可能是对直播中展示的农产品或畜牧产品产生兴趣，询问是否会对活羊进行染色标记以区分品质或来源。
2038,鹏鹏再胖点会更帅,0,该用户是在调侃主播鹏鹏近期体型变化，并友善地表达对他外貌的认可，认为稍微圆润一些反而更显帅气。
2039,今天西装太魅力了,0,该用户想表达的含义是：主播今天穿的西装非常有吸引力，让人产生好感或购买欲。
2040,回来了,0,该用户可能是在催促主播重新展示之前提到的某款商品或继续某个被中断的话题。
2041,哦哦哦华山以东,0,该用户可能是在用谐音或联想的方式表达对直播中提到的某个商品或话题的兴趣，比如将“华山以东”暗指某种地域特色产品（如零食、特产等）或与地理相关的促销活动。
2042,鹏鹏帅气鹏鹏帅气鹏鹏帅气,0,该用户是在夸赞主播“鹏鹏”的外表魅力，表达对其形象的高度认可和喜爱。
2043,真的美味,1,该用户被直播中展示的食品所吸引，认为其看起来或听起来非常好吃。
2044,有红薯吗,1,该用户可能在询问直播间是否有红薯类商品在售或展示。
2045,漂亮,1,该用户可能是在称赞主播的造型或展示的商品外观吸引人。
2046,有核桃吗,1,该用户是在询问直播间是否有核桃商品在售，表现出对购买核桃的兴趣。
2047,食品安全最重要,0,该用户可能在强调对直播所售食品的安全性和品质的重视，暗示希望主播能提供相关保障信息。
2048,北京拍不了呀,1,该用户想表达的含义是：自己所在的北京地区无法购买直播中展示的商品。
2049,点赞520万,0,该用户可能是在为直播间的互动热度或主播表现感到兴奋，通过强调点赞数量来表达对直播内容的支持与参与感。
2050,韭黄蒜苔,1,该用户可能在询问直播间是否有售卖韭黄和蒜苔这两种蔬菜。
2051,拍不了,1,该用户想表达的是自己所在地区无法购买直播间的商品。
2052,喜欢中灿,0,该用户想表达的含义是：对主播或产品（可能名为“中灿”）表示好感或赞赏。  （结合前文弹幕中频繁出现对主播“鹏鹏”的外貌夸赞（如“帅气”“西装太魅力”）以及产品相关互动，推测“中灿”可能是主播昵称、品牌名或产品名称，用户通过简短弹幕表达喜爱情绪，符合直播间常见的互动风格。）
2053,孩子饿了吧,0,该用户可能在调侃主播或直播中的人物（如“鹏鹏”）因为频繁展示美食而显得发胖，用“孩子饿了”来幽默地暗示他们贪吃或食欲旺盛。
2054,洗脸巾广州不配送,1,该用户想表达的含义是：自己所在的广州地区无法购买直播中展示的洗脸巾产品。
2055,哈哈哈明明明天要遭网暴,0,该用户是在调侃主播“鹏鹏”因为近期频繁直播或饮食内容可能引发网友争议，用幽默方式预测他明天会被舆论批评。
2056,吃火锅,0,该用户可能是在询问直播间是否有与火锅相关的产品或食材在售。
2057,对的,0,该用户可能在附和或赞同主播关于某款产品的介绍或回答其他观众的问题。
2058,芒果,1,该用户可能在询问直播间是否有芒果售卖或对芒果相关产品感兴趣。
2059,太帅了,0,该用户是在夸赞主播或商品的形象气质出众。
2060,上个小孩能泡的呀上个小孩能泡的呀,0,该用户想表达的含义是：希望主播再次展示或上架适合儿童使用的泡澡产品。
2061,董宇辉,0,该用户可能在呼唤或提及主播董宇辉，表达对其的关注或希望与其互动。
2062,好像,0,该用户可能是在犹豫是否要购买当前展示的商品，表达了一种略带兴趣但尚未完全确定的观望态度。
2063,多少斤被子,1,该用户是在询问被子的重量规格或尺寸信息。
2064,不一样的鹏鹏,0,该用户可能是在调侃或评价主播与其他主播不同的独特风格或表现。
2065,悠悠球,1,该用户可能是想询问直播间是否有悠悠球商品在售或对其产生兴趣。
2066,带货第一名了,0,该用户是在为直播间的销售成绩感到兴奋，认为当前主播的带货表现非常出色，已经达到了领先水平。
2067,不用吃晚饭了,0,该用户可能在暗示直播间的商品（如食品或零食）看起来非常诱人，以至于自己可以跳过晚饭直接享用这些产品。
2068,买买买,1,该用户想表达的是对直播商品的强烈购买意愿和冲动消费的热情。
2069,买了,1,该用户想表达的含义是：我已经下单购买了这款产品。
2070,双鸭山,0,该用户可能在询问或提及直播中出现的商品产地或发货地，比如某款产品的发货城市是双鸭山。
2071,就想买烤肠不能用券么,1,该用户对烤肠有购买意愿，但对无法使用优惠券感到不满和困惑。
2072,一部分人回北京了,0,该用户可能是在感叹直播间观众数量有所减少，暗示部分观众因地域限制（如北京用户）无法继续参与或购买商品。
2073,好帅,0,该用户被主播或展示商品的外观吸引，表达了对颜值或形象的赞赏。
2074,上炒锅,1,该用户希望主播推荐或展示一款炒锅产品。
2075,1盒12片吗,1,该用户是在确认产品的规格信息，想知道一盒里面是否包含12片装。
2076,杰西问几点下班,0,该用户可能在询问主播或工作人员的下班时间，以此推测商品上架或促销活动的截止时间，以便安排自己的购买决策。
2077,明明很兴奋呀,0,该用户可能是在回应主播或他人的互动，表达自己虽然表面平静但内心对产品感到非常期待和喜爱。
2078,怎么冲,0,该用户想询问具体的购买流程或下单方式。
2079,又是爱七七的一天,0,该用户想表达的含义是：对主播或品牌持续的支持和喜爱。
2080,两个成熟的幼稚鬼,0,该用户是在调侃直播间里两位主播既展现出成年人的专业带货能力，又流露出孩子般的活泼互动状态。
2081,小孙来了太好了,0,该用户看到主播小孙出场时感到惊喜和期待，可能是小孙的粉丝或对其带货风格有好感。
2082,把这两盘干完,0,该用户想表达的含义是：赶紧把这两盘商品卖完上新的。
2083,会玩,0,该用户是在称赞直播内容有趣或主播表现有创意。
2084,24小时核酸,0,该用户可能在询问购买商品是否需要提供24小时核酸证明作为发货或配送条件。
2085,太帅了呀,0,该用户被主播或展示商品的魅力所吸引，表达出强烈的欣赏和喜爱之情。
2086,东东东东帅东东,0,该用户想表达的含义是：主播长得太帅了让人忍不住一直刷他的名字。
2087,加不了会员屏幕点烂了都没反应,1,该用户想表达的含义是：尝试加入会员但操作界面无响应，感到非常焦急和不满。
2088,确实讲的好,0,该用户想表达的含义是：认可主播的讲解能力并可能因此产生购买意愿。
2089,明明妥妥的学霸太谦虚了,0,该用户是在夸赞主播表现优秀但态度低调，表达了对主播的喜爱和认可。
2090,皮皮冯,0,该用户可能在用昵称或简称表达对主播或直播间某位角色的喜爱或互动意图。
2091,七七真好,0,该用户想表达的含义是：对主播七七的喜爱和赞赏。
2092,想听明明说,0,该用户希望主播“明明”能多发言或参与互动。
2093,是就一块吗问这么多次也不说,1,该用户可能是在不耐烦地询问主播多次回避的商品价格或优惠信息，暗示对方应该直接给出明确答复。
2094,喝得越多越渴,1,该用户可能在调侃或吐槽直播中推荐的产品（如饮料或食品）的实际效果与宣传不符，喝完后反而更口渴。
2095,会不会有学习书桌,1,该用户可能是在询问直播间是否会上架或推荐适合学习使用的书桌产品。
2096,我也说呢这是吃播吗,0,该用户可能是在调侃直播内容偏离了商品展示的主题，更像是一场美食表演而非销售活动。
2097,爱七七,0,该用户想表达的含义是：表达对主播七七的喜爱和支持。
2098,咸鸭蛋炒南瓜,1,该用户可能在询问或建议主播尝试将咸鸭蛋和南瓜搭配烹饪的吃法。
2099,羊排还有吗,1,该用户想询问直播间是否还有羊排库存可供购买。
2100,喜歡冬冬,0,该用户是在表达对主播“冬冬”的喜爱或支持。
2101,买了加热牛奶特别香,1,该用户想表达的含义是：已经购买了加热牛奶并觉得味道很好。
2102,卡了,0,该用户想表达的含义是：直播画面出现卡顿或延迟，影响观看体验。
2103,怕你看到小人人,0,该用户可能是在调侃主播过于投入展示商品，担心主播专注到出现幻觉（“小人人”）。
2104,卫衣好看,1,该用户被直播中展示的卫衣款式吸引，产生了潜在的购买意向。
2105,挂耳咖啡什么时候有,1,该用户是在询问挂耳咖啡产品的上架时间，表现出对该商品的购买意向和期待。
2106,酸还是甜的呀,1,该用户是在询问直播中展示的商品（可能是水果或食品）的具体口感是偏酸还是偏甜。
2107,八分甜两分酸,1,该用户想表达的含义是：询问产品（可能是水果或饮品）的甜度和酸度比例是否合适。
2108,咋因人上产品,0,该用户可能是想问“主播为什么不上架更多适合不同人群的产品”。
2109,明明去山东吗,0,该用户可能在询问主播“明明”是否会前往山东进行直播或活动。
2110,哈哈,0,该用户可能是被直播间的轻松氛围或主播的幽默表现逗乐了，用“哈哈”表达愉悦情绪而非明确的购买意向。
2111,七七真可爱,0,该用户是在表达对主播“七七”的喜爱和赞赏，可能暗示对其推荐的产品或直播内容感兴趣。
2112,北京拍不了,1,该用户想表达的是：自己所在的北京地区无法参与当前直播间的商品购买或活动。
2113,是纯牛肉吗是纯牛肉吗是纯牛肉吗是纯牛肉吗是纯牛肉吗,1,该用户迫切想确认直播商品是否为100%纯牛肉，表现出对产品成分的高度关注和潜在的购买意向。
2114,hold住,0,该用户可能是在表达对当前直播内容或产品的认可，暗示自己会坚持观看或考虑购买。
2115,哇塞今天咋都这么帅呢,0,该用户是在夸赞主播或产品展示的视觉效果吸引人，表达对直播内容的好感与兴奋情绪。
2116,鹏鹏好会配合,0,该用户是在夸赞主播鹏鹏与其他团队成员（可能是助播或嘉宾）的互动默契有趣。
2117,头发剪了,0,该用户可能是在询问或确认主播的发型变化是否会影响展示的商品效果（如假发、发饰等）。
2118,冯冯今天也太帅了吧,0,该用户是在夸赞主播的外表魅力，但并未直接表现出对商品的购买意向。
2119,鹏鹏讲品越来越好了,0,该用户是在称赞主播鹏鹏的产品讲解能力有明显进步，表达了对主播专业表现的认可和欣赏。
2120,冯冯今天俊气,0,该用户是在夸赞主播“冯冯”今天的外表帅气有魅力，表达对主播形象的喜爱和欣赏。
2121,太好听了,0,该用户可能在称赞主播的歌声或背景音乐很悦耳动听。
2122,牛排还有吗牛排还有吗,1,该用户急切询问牛排库存情况，表现出明确的购买意向和抢购焦虑。
2123,讲解视频里的鸭脖是什么口味的,1,该用户想询问直播中展示的鸭脖产品的具体风味细节。
2124,下次出来带着冯冯啊,0,"该用户希望主播下次直播时能邀请""冯冯""一起参与，可能是出于对这位嘉宾的喜爱或期待其与主播的互动效果。"
2125,青岛啥,0,该用户可能是在询问直播中提到的青岛相关产品或活动信息。
2126,现在在哪啊,0,该用户可能在询问主播当前展示或提到的商品产地或发货地。
2127,冬冬说得好,0,"该用户是在称赞主播""冬冬""的讲解表现优秀或感染力强。"
2128,充电的,0,该用户可能在询问直播中展示的产品是否为充电款或是否需要充电。
2129,好视力眼贴今天有吗,1,该用户是在询问直播间当前是否有售卖“好视力眼贴”这款产品，表现出对商品的购买兴趣和需求。
2130,治好了你的挑食,0,该用户想表达的含义是：这款产品解决了你平时对食物挑剔的问题。  （结合前文弹幕中频繁出现的食品相关提问，如“纯牛肉吗”“牛排还有吗”“鸭脖口味”等，可推测直播间正在推销食品类商品，而目标弹幕“治好了你的挑食”是对产品效果的肯定，暗示其能吸引原本挑剔的消费者。）
2131,123许多个,0,该用户可能是在快速刷屏或跟风起哄，试图用无意义的数字和重复词吸引主播注意或参与互动。
2132,哎呦说的真好俺闺女就叫苏青瓷,0,该用户想表达的含义是：主播提到的名字与自己女儿相同，感到巧合和亲切。
2133,明嫂你在镜头前吗你看这场景像不像在家里面吃饭的时候明明在讲故事,0,该用户通过描述直播场景与家庭聚餐的相似性，表达对主播营造的亲切氛围的认可和情感共鸣。
2134,代包,1,该用户可能是在询问主播是否可以代为包装商品或提供定制包装服务。
2135,冬冬一个人太孤单了,0,该用户可能是在表达希望主播冬冬能有搭档一起互动，觉得当前单人直播氛围有些冷清。
2136,中灿语言能力真的强,0,该用户是在夸赞主播中灿的口才和表达能力出色。
2137,优惠券可以用什么,1,该用户想询问当前直播间的优惠券适用于哪些商品或使用条件。
2138,洗衣灵珠有么,1,该用户是在询问直播间是否有售卖洗衣灵珠这款产品。
2139,我想要书,1,该用户想表达的含义是：对直播中提到的书籍商品产生了购买意愿。
2140,权子老师讲品也很仔细并且还能学到知识,0,该用户想表达的含义是：主播讲解产品专业细致且内容有教育意义，让人产生好感与信任。
2141,壳直接掰开就可以了,1,该用户可能是在对主播展示的商品使用方法表示认同或补充说明，暗示产品操作简单便捷。
2142,躺上再睡一觉,0,该用户可能是在调侃或表达对当前直播内容的放松态度，暗示直播氛围让人感到舒适到想躺下休息。
2143,我快乐的七七宝贝,0,该用户可能在表达对主播或直播内容的喜爱和支持，将主播昵称为“快乐的七七宝贝”以展现亲切感和情感共鸣。
2144,必须买,1,该用户被直播内容打动，产生了强烈的购买意愿。
2145,我拍了两单,1,该用户想表达的含义是：我已经下单购买了两件商品。
2146,鹏鹏可爱,0,该用户是在夸赞主播或产品相关角色的可爱特质，可能隐含对直播内容的好感或潜在兴趣。
2147,冯冯优秀,0,该用户是在夸赞主播“冯冯”的表现出色或人格魅力突出。
2148,买了,1,该用户想表达的含义是：已经下单购买了该产品。
2149,口感香浓,1,该用户是在称赞直播中展示的食品或饮品的味道浓郁诱人，暗示对产品品质的认可和潜在的购买兴趣。
2150,二个北京孩子,0,该用户可能在调侃或呼应主播提到的某个与“北京孩子”相关的产品或话题，表达一种轻松随意的参与感。
2151,康达效应是什么,0,该用户可能是对直播中提到的科学概念产生好奇，想进一步了解相关知识。
2152,一卖书女婿佛光普照,0,该用户想表达的含义是：主播推销书籍时展现出的亲和力让人感到温暖愉悦。
2153,抛锚了,0,该用户可能是在用幽默的方式表达自己因商品吸引力而“停不下来”或“被种草”的购买冲动。
2154,你们的快递太差了,0,该用户可能因对物流服务不满而质疑产品的整体购买体验。
2155,冯冯也去剪一个,0,该用户可能是看到其他观众夸赞主播冯冯的表现后，产生了让冯冯尝试剪发造型的提议或期待。
2156,把自己毒死了,0,该用户可能是在用夸张幽默的方式表达对商品的强烈喜爱，类似于“好吃/好用得要命”。
2157,你的笑声好魔性,0,该用户是在调侃主播的独特笑声，表达对直播氛围的轻松互动和娱乐性关注。
2158,七七今天猛拉磨啊,0,该用户是在调侃主播“七七”今天直播时表现得特别卖力或活跃。
2159,笑死了,0,该用户被直播中的幽默内容或主播的搞笑表现逗乐，表达了一种轻松愉悦的情绪。
2160,这个,0,该用户可能是在简短地询问或确认当前直播中展示的某个具体商品或功能。
2161,组队去弄头发啦,0,该用户可能是在号召其他观众一起购买或体验直播间推荐的美发产品或服务。
2162,拍了,0,该用户想表达的含义是：我已经下单购买了商品。
2163,唱故乡吧,0,该用户可能是在请求主播表演或互动，希望主播唱一首《故乡》来活跃气氛或满足观众的娱乐需求。
2164,讲书时候像40几吃东西像10几,0,该用户想表达的含义是：主播在介绍书籍时显得成熟稳重，但吃东西时的样子又像孩子般天真可爱。
2165,七七宝,0,该用户可能在用昵称“七七宝”表达对主播的喜爱或互动，暗示对直播内容感兴趣并想参与讨论。
2166,这个味道可以的自己放点黄瓜条面条煮一下贼好吃,1,该用户想表达的含义是：这款产品的味道不错，建议搭配黄瓜和面条烹饪会更美味。
2167,荞麦面,1,该用户可能是对直播中提到的荞麦面产品产生了兴趣，想进一步了解或确认产品信息。
2168,都唱成二人转的感觉,0,该用户是在调侃主播的演唱风格过于随意欢快，像东北二人转一样接地气。
2169,粗粮面包有吗,1,该用户是在询问直播间是否有售卖粗粮面包这一商品。
2170,潼关肉夹馍,1,该用户可能是对直播中提到的潼关肉夹馍产生了兴趣，想询问或确认产品信息。
2171,有些人真的无聊本来就是有些人强硬牵线有啥失望的,0,该用户可能是在吐槽直播间里部分观众强行带节奏或发表无关言论的行为，认为这些无意义的互动干扰了正常的直播氛围。
2172,英语的口语好棒,0,该用户是在称赞主播的英语口语能力出色。
2173,国家地理标志产品,1,该用户可能是在询问或强调直播中展示的产品是否具有国家地理标志认证的品质保障。
2174,深圳入场,0,该用户可能是在询问直播中提到的某个活动或商品的参与方式或购买渠道。
2175,蒜黄是蒜黄韭黄是韭黄,1,该用户想表达的含义是：强调蒜黄和韭黄是两种不同的食材，提醒主播或观众不要混淆。
2176,烤肠加点库存,1,该用户希望主播增加烤肠产品的库存以便购买。
2177,拍了,1,该用户想表达的含义是：我已经下单购买了这款产品。
2178,猕猴桃,1,该用户可能是在询问或确认直播中提到的猕猴桃产品信息，表达了对该商品的关注或购买意向。
2179,加烤肠烤肠,1,该用户想表达的含义是：希望主播增加烤肠产品的库存或购买选项。
2180,七七性格真好,0,该用户是在夸赞主播七七的性格讨喜可爱，表达了对主播个人魅力的喜爱和欣赏。
2181,弟弟好食量,0,该用户是在调侃主播吃东西时的可爱模样，同时隐含对直播内容的兴趣和好感。
2182,20元券是哪些商品可以用,1,该用户想询问20元优惠券适用的具体商品范围，以便判断是否有自己感兴趣的商品可以享受优惠。
2183,天黑了吗,0,该用户可能是在询问直播间的背景灯光是否调暗了，或是注意到画面光线变化后提出的疑问。
2184,平凡的世界里就是意大利蜂,0,该用户可能在调侃主播介绍产品时过于夸张，将普通商品（如蜂蜜）吹捧得像高端进口货（意大利蜂），以此表达对直播营销话术的幽默吐槽。
2185,很帅了,0,该用户可能是在夸赞主播或展示商品的形象/外观很有吸引力。
2186,哈哈哈哈,0,该用户可能被直播间的轻松氛围或主播的幽默表现逗乐，用笑声表达愉悦情绪并参与互动。
2187,甜味吗,1,该用户可能在询问直播中展示的商品是否具有甜味的口感或风味。
2188,冬冬优秀,0,该用户是在夸赞主播“冬冬”的表现出色或个性讨喜。
2189,节奏大师,0,该用户可能在调侃直播间的互动节奏紧凑或主持人控场能力强。
2190,七七穿厚点哦,0,该用户是在关心主播七七的衣着保暖，表达了一种友善的互动意愿。
2191,不支持配送,1,该用户可能是在询问或抱怨商品无法配送到自己所在的地区。
2192,保质期多久可以长期储存吗,1,该用户想表达的含义是：询问商品保质期时长以及是否适合长期存放。
2193,大深圳都不发货,1,该用户因所在地区无法收货而感到失望，暗示希望主播能解决深圳地区的发货问题。
2194,啥时候山东直播,0,该用户是在询问直播团队是否会安排针对山东地区的专场直播或何时在山东进行线下活动。
2195,什么什么说什么刚没听见,0,该用户想表达的含义是：刚才没听清主播介绍的产品信息，希望对方能重复说明一下。
2196,13根,1,该用户想表达的是希望主播增加13根烤肠的库存以便购买。
2197,灿姨快点来,0,该用户可能在催促主播“灿姨”加快节奏或尽快展示某个商品。
2198,他抖音里已经说了回去了,0,该用户想表达的含义是：主播之前在抖音已经提到过会结束直播回去了。
2199,支持冬冬,0,该用户是在表达对主播“冬冬”的喜爱和鼓励，可能是对其表现或人格魅力的认可。
2200,今天有没有鸭脖,1,该用户可能是在询问直播间是否有鸭脖产品在售或参与促销活动。
2201,冯冯的兴趣爱好太多了,0,该用户可能是在调侃主播涉猎广泛但不够专注，暗示希望主播更聚焦当前直播内容或商品推荐。
2202,想要肩颈按摩器,1,该用户对直播中展示的肩颈按摩器产生了购买意向，希望进一步了解或获取该产品。
2203,灰灰呢,0,该用户可能在询问直播间里某个昵称为“灰灰”的主播或嘉宾的去向或近况。
2204,内蒙古拍不了,1,该用户想表达的含义是：由于地区限制无法购买该商品。
2205,优优最美,0,该用户是在夸赞主播“优优”的外貌出众，表达对主播的喜爱和支持。
2206,胡志鹏,0,该用户可能在呼唤或询问主播团队中的某位成员“胡志鹏”的相关信息或互动。
2207,8什么时候说,1,该用户是在询问直播中提到的某个商品或活动环节（可能编号为8）的具体介绍时间。
2208,明明拘谨的让人心疼,0,该用户可能是在心疼主播表现过于紧张或不自然，希望对方能放松一些。
2209,有没有德佑湿巾啦,1,该用户是在询问直播间是否还有德佑品牌的湿巾库存可供购买。
2210,发夹哪来的这么多,1,该用户可能是在好奇或质疑直播中展示的发夹款式数量之多，潜台词是想了解发夹的来源或为何有如此丰富的选择。
2211,要不要这么帅我都买,0,该用户被主播或展示商品的魅力所打动，产生了强烈的购买冲动。
2212,广州拍不了牛肉饼啊,1,该用户想表达的含义是：广州地区无法购买直播间展示的牛肉饼产品。
2213,冯冯也很优秀,0,该用户是在表达对主播冯冯的认可和支持，暗示她与其他受欢迎的主播（如冬冬、优优）一样值得关注。
2214,那个意面怎么领优惠券,1,该用户想询问如何获取直播中提到的意大利面的折扣优惠。
2215,哈哈哈哈哈哈哈哈,0,该用户可能被直播中的幽默互动或搞笑场景逗乐，用连续笑声表达轻松愉悦的情绪。
2216,我的邻居啊经常换,0,该用户可能在委婉表达对主播频繁更换合作品牌或产品的不满，暗示邻居（代指主播）经常更换推荐商品让人难以跟随购买。
2217,长春买不了,1,该用户想表达的含义是：自己所在的长春地区无法购买直播间的商品。
2218,几万人去看撒花了,0,该用户想表达的含义是：直播间人气很高，观众都在热情互动。
2219,冬冬喜欢王丽,0,该用户可能在表达对主播冬冬的喜爱和支持，同时暗示希望冬冬能关注或回应另一位用户王丽。
2220,有多少个,1,该用户可能在询问直播间正在展示的商品的库存数量或可选款式数量。
2221,保险业务来一单,0,该用户可能是在以调侃或跟风的方式表达对直播中提到的保险产品的购买意向。
2222,有会员券吗有会员券吗有会员券吗,1,该用户急切地询问直播间是否提供会员专属优惠券。
2223,我一直在等书,1,该用户想表达的是对直播中即将推荐或已提及的书籍类商品抱有期待和购买意向。
2224,冬冬在打哈欠哈哈哈哈哈哈,0,该用户是在调侃主播冬冬犯困的状态，表达一种轻松有趣的观播氛围。
2225,还有内蒙小米吗,1,该用户是在询问直播间是否还有内蒙古小米这款商品在售。
2226,周三周四周五董老师不直播,0,该用户可能在询问或提醒其他观众董老师近期不直播的具体日期，并隐含对无法观看直播的遗憾或对直播安排的关注。
2227,主播好,0,该用户可能在礼貌性地打招呼或表达对主播的认可，但并未直接表现出明确的购买意向。
2228,哈哈哈,0,该用户可能被直播间的轻松氛围或主播的幽默表现逗乐，单纯表达愉悦情绪而非购物意向。
2229,七七棒棒哒,0,该用户是在夸赞主播“七七”表现优秀，表达对主播的喜爱和支持。
2230,蒸汽眼罩特别好来回购今天有吗,1,该用户想表达的含义是：之前用过这款蒸汽眼罩觉得效果很好想再次购买，询问今天直播间是否有货。
2231,什么快递发呀,1,该用户想询问直播间发货所使用的快递公司是哪家。
2232,很甜,1,该用户可能是在评价直播中展示的某款甜味食品或水果的口感不错，表达对产品的认可和兴趣。
2233,晚饭时间了,0,该用户可能在暗示主播加快节奏或推出与晚餐相关的商品，因为当前时间到了饭点而直播间还未涉及相关产品。
2234,这头饰这花样可爱,1,该用户被展示的头饰款式吸引，认为其设计风格十分讨喜。
2235,金燕耳没有了吗我真的很需要,1,该用户急切询问产品“金燕耳”是否已售罄，并强烈表达了自己的购买需求。
2236,冯冯来了,0,该用户可能在打招呼或表示对主播“冯冯”出现的惊喜和关注。
2237,太阳还没下去呢,0,该用户可能在委婉提醒主播时间还早，可以继续介绍产品或延长直播时长。
2238,广东入场,0,该用户可能是在询问直播间的地区参与活动情况或表明自己是广东地区的观众，想了解是否有针对该地区的优惠或商品。
2239,黄子韬,0,该用户可能在呼唤或提及主播黄子韬，表达对其出现的期待或互动意愿。
2240,发什么快递,1,该用户想询问商品配送时会选择哪家快递公司。
2241,华山以东,0,该用户可能在询问直播中提到的商品是否适用于或产自华山以东的地区。
2242,内蒙拍不了,1,该用户想表达的含义是：自己所在的地区（内蒙古）无法参与当前商品的购买或配送。
2243,鹏鹏好帅,0,该用户可能是在表达对主播鹏鹏外貌的欣赏，以此活跃气氛或与其他观众互动，而非直接体现购买意向。
2244,上米饭,1,该用户可能是想询问或催促主播上架与米饭相关的产品。
2245,面蒜,1,该用户可能在询问直播间是否有“面蒜”这款产品在售或相关优惠信息。
2246,有鳕鱼吗,1,该用户可能在询问直播间是否有鳕鱼产品在售，表现出对购买鳕鱼的潜在兴趣。
2247,山东辣子鸡,1,该用户可能在询问直播间是否有山东风味的辣子鸡产品上架或推荐。
2248,韮黄,1,该用户可能是在询问直播中是否有售卖或展示“韭黄”这一菜品或食材。
2249,虚晃一枪冯冯,0,该用户可能在调侃主播冯冯的出场方式或互动表现不够直接，带有幽默或轻微吐槽的意味。
2250,冯冯他俩一块儿剪的头发吧,0,该用户可能在调侃主播冯冯和另一位同伴发型相似，暗示他们是一起剪的头发。
2251,明明你自己讲段子怎么都不笑,0,该用户是在调侃主播讲段子时表情过于淡定，与段子的幽默效果不匹配。
2252,吃肉不胖多吃点,0,该用户可能是在调侃或鼓励主播/观众放心享用美食而不必担心发胖，暗示当前直播中展示的食物很诱人但热量较低（或具有健康属性）。
2253,鹏鹏明明今天几点播,0,该用户想询问主播鹏鹏和明明今天的具体开播时间。
2254,有优惠卷吗,1,该用户想询问当前商品是否有可用的折扣优惠，以评估是否值得下单购买。
2255,爱七七爱杰西,0,该用户可能在表达对主播或嘉宾“七七”和“杰西”的喜爱和支持。
2256,太贫了,0,该用户可能是在吐槽主播话多但内容空洞，缺乏实质性的商品信息或吸引力。
2257,明灿灿一整个直播间,0,该用户想表达的含义是：整个直播间的氛围都显得格外明亮热闹。
2258,哈哈哈,0,该用户被直播间的搞笑氛围或主播的幽默表现逗乐，用笑声表达轻松愉悦的情绪。
2259,冯冯鹏鹏好优秀好帅啊,0,"该用户是在表达对主播""冯冯鹏鹏""的外形魅力和个人能力的欣赏，属于粉丝向的互动而非直接购买意向的表达。"
2260,白色,1,该用户想表达的含义是：询问商品是否有白色款可选。
2261,七七好样的,0,该用户是在表达对主播“七七”的喜爱和支持，可能是对其表现或性格的赞赏。
2262,他家的佛跳墙最经典,1,该用户是在夸赞商家某款招牌产品（佛跳墙）的口碑和品质突出。
2263,怎么用,1,该用户可能是在询问直播中展示的某款商品的使用方法或操作步骤。
2264,扇贝,1,该用户可能是在询问直播间是否有扇贝相关产品在售或推荐。
2265,发型帅,0,该用户是在夸赞主播或嘉宾的发型时尚有型，表达了对他们外表的欣赏和好感。
2266,插电用害怕,0,该用户可能是对直播中展示的某款电器产品的安全性感到担忧，询问产品是否需要插电使用以及是否存在漏电风险。
2267,急眼了,0,该用户可能是在调侃主播或直播间的互动氛围过于激烈或搞笑，带有一种戏谑的看热闹心态。
2268,欢迎冬冬,0,该用户是在向主播“冬冬”表示友好的问候和欢迎。
2269,明明拍的特别好,0,该用户想表达的含义是：主播明明的拍摄技术非常出色，令人赞赏。
2270,小米有吗,1,该用户想询问直播间是否有售卖小米品牌的产品。
2271,一讲书精神就来了,1,该用户想表达的含义是：主播一提到书籍相关的内容就让人感到兴奋和投入。
2272,南方孩子对米饭的热爱,1,该用户想表达的含义是：作为南方人，我对直播中提到的米饭相关产品很感兴趣。
2273,买了桔普真难喝,0,该用户是在吐槽之前购买的桔普茶口感不佳，表达对产品的不满和失望。
2274,这个班上的惬意,0,该用户想表达的含义是：看这场直播让人感觉轻松愉快，像在享受悠闲的上班时光。
2275,冯冯没戴眼镜,0,该用户可能在关注主播的外貌变化，并表达对主播形象差异的意外或好奇。
2276,什么呀小孙包的,0,该用户可能在疑惑或调侃主播“小孙”打包商品的方式或动作不够利落。
2277,明明唱,0,该用户可能是想表达“明明（主播或嘉宾）的唱歌表现很出色”或“期待明明接下来演唱”。
2278,明明几点呀,0,该用户想询问主播“明明”这个角色的出场时间或相关环节的具体时间安排。
2279,喜欢悠悠活力满满,0,该用户想表达的含义是：被主播的积极状态感染并产生好感。
2280,现在直播间有多少人,0,该用户可能想了解直播间的实时热度或人气情况，以此评估商品的受欢迎程度或直播间的活跃氛围。
2281,拉磨新技巧都学到了哈哈,0,该用户想表达的含义是：从直播中学到了实用的新方法，感到有趣并想分享这种收获的喜悦。
2282,东方的衣服都好看,1,该用户想表达的含义是：对直播中展示的东方风格服装产生了明显的欣赏和购买意向。
2283,七七棒棒哒,0,"该用户是在夸赞主播""七七""的表现出色，表达了对主播的喜爱和支持。"
2284,8号的券怎么领呢,1,该用户可能对直播中提到的8号优惠券感兴趣，想了解具体的领取方式以便参与促销活动。
2285,冯冯快来冯冯快来,0,该用户急切希望主播“冯冯”尽快出现在直播间或参与互动。
2286,代吃,0,该用户可能是想询问是否有代吃服务或找人代为品尝商品。
2287,光明正大顺手牵羊,0,该用户想表达的含义是：趁着直播热闹的氛围直接下单购买商品。
2288,杰西留守了,0,该用户可能在询问主播杰西是否会继续留在直播间参与互动或活动。
2289,几包呀,1,该用户可能在询问当前促销商品的具体包装数量或组合规格。
2290,京东168油烟机清洗还有吗,1,该用户是在询问直播间是否还有京东168型号油烟机的清洗服务或相关产品在售。
2291,帅气,0,该用户可能是在称赞主播的外表或穿搭风格，表达对主播形象的欣赏。
2292,深色,1,该用户可能是在询问或评论直播中展示的某款商品的颜色是否为深色系。
2293,杰西说了他过不来,0,该用户想表达的含义是：杰西因为某种原因无法参与直播活动。
2294,起小黄车里有,1,该用户想表达的含义是：询问商品是否已经在购物车（小黄车）上架可供购买。
2295,我听课了就是没有计全呢,0,该用户想表达的含义是：我参与了直播间的活动但没有获得全部积分或奖励。
2296,什么时候生孩子,0,该用户可能在询问主播或直播间相关人物（如嘉宾）未来的生育计划，表达对其个人生活的八卦或关心。
2297,好喜欢明明,0,该用户是在表达对主播“明明”的喜爱和支持。
2298,一小时后鹏鹏来,0,该用户可能在催促或期待主播“鹏鹏”尽快出现在直播中。
2299,嫩灿,0,该用户可能在用昵称或简称表达对主播或商品的喜爱和支持。
2300,确实过关,0,该用户想表达的含义是：这款产品的质量或表现确实令人满意。
2301,这就是昨天剪的那个发型啊,0,该用户可能是认出了主播展示的发型与之前某个视频/直播中剪过的款式相同，表达了对该发型的熟悉或关注。
2302,早上好,0,该用户可能是在友好地打招呼，试图融入直播间的互动氛围，而非直接表达购买意向。
2303,中灿说送邻居,0,该用户可能是在询问或确认主播“中灿”提到的赠送产品给邻居的活动细节。
2304,上海不发货吗,1,该用户可能是在询问商品是否支持配送到上海地区。
2305,都好可爱,0,该用户被直播中展示的商品或内容所吸引，表达了对当前画面中物品或场景的喜爱和赞赏。
2306,冯冯语文老师历史老师地理也懂绘画更好英语也好宝藏男孩,0,该用户想表达的含义是：这位主播多才多艺，擅长多个学科和技能，是个非常优秀的全能型人才。
2307,明明特别像是喝醉了,0,"该用户想表达的含义是：主播现在的状态看起来像喝醉了似的。 （结合前文弹幕中频繁出现主播昵称""明明""及互动氛围，推测这是在调侃主播当下亢奋或迷糊的直播状态）"
2308,明明的朋友多,0,该用户想表达的含义是：明明的社交圈很广，人缘很好。
2309,撒花视频36万赞,0,该用户可能是在感叹主播之前发布的某个视频（可能与当前直播内容相关）获得了36万点赞，以此表达对主播或直播内容的认可和支持。
2310,新疆牛奶啊我们伊宁市的啊,1,该用户是在自豪地表示自己与直播推荐的新疆牛奶产地相同，暗示对产品的熟悉和认同感。
2311,今天早上冷,0,该用户可能在暗示主播推荐适合寒冷天气的服饰或保暖产品。
2312,芒果干芒果干芒果干,1,该用户可能在强烈表达对芒果干的购买兴趣或催促主播上架/介绍该产品。
2313,油死啦,0,该用户可能在吐槽直播中展示的食品或菜品过于油腻。
2314,冯冯去山东吗,0,该用户可能在询问主播“冯冯”是否会参与后续的山东相关活动或行程，表现出对这位主播动向的关注和潜在追随意愿。
2315,听见声音了,0,该用户想表达的含义是：确认直播间的音频问题已解决，能够正常听到主播的声音。
2316,没底气当不了你们同事,0,该用户可能是通过调侃主播或直播间的活跃氛围，间接表达对直播内容或主播风格的欣赏和认同。
2317,早上好,0,该用户可能是在参与直播间的日常互动，以问候的方式融入当前的聊天氛围。
2318,明明呢,0,该用户可能在询问或呼唤直播中提到的角色“明明”为何没有出现。
2319,又迟到了呀,0,该用户可能在抱怨主播或嘉宾又一次没有准时开播或露面。
2320,中灿做甜品有没有做过那个叫啥塔的,0,该用户可能是在询问主播中灿是否尝试制作过某种特定类型的甜点（比如某种塔类甜品），以此表达对主播烹饪内容的兴趣或寻求互动建议。
2321,下次卖枕头卖床睡一个小时展示一下,1,该用户希望主播下次直播时能实际演示枕头和床的舒适度，通过躺卧体验来更直观地展示产品效果。
2322,漂洋过海来看你,0,该用户可能是以幽默或抒情的方式表达对主播或商品的强烈喜爱，暗示自己跨越重重阻碍（如地域、时间等）来支持直播。
2323,满分送明明签名照吗,0,该用户是在询问直播间是否会将满分评价作为赠送主播签名照的条件。
2324,新东方的老师太牛了知识面真广,0,该用户是在夸赞新东方老师的学识渊博、教学能力强，并流露出对老师专业素养的欣赏与敬佩。
2325,深色的特别好看,1,该用户可能是在对直播中展示的某款商品的深色款式表示赞赏和购买倾向。
2326,冻鱼,1,该用户可能是在询问或调侃直播中展示的冷冻鱼类产品，表达了对这一商品的兴趣或好奇。
2327,玩呢,0,该用户可能是在抱怨直播内容或互动环节不够认真，觉得主播在敷衍了事。
2328,我就去那边等你哦,0,该用户可能在暗示自己暂时离开直播间去其他区域（如商品页面或主播提到的地点）等待互动或关注后续内容。
2329,好吃,1,该用户可能是在品尝或看到直播中展示的食品后，对其味道表示满意和称赞。
2330,保质期到啥时候,1,该用户想表达的含义是：询问商品的生产日期或有效期限以评估是否值得购买。
2331,这小方巾贼酷呀,1,该用户被直播展示的小方巾设计所吸引，认为其款式非常时尚有个性。
2332,辉辉呢,0,该用户可能在询问或呼唤直播间中一位名叫“辉辉”的主播或工作人员的去向。
2333,用券囤了6箱,1,该用户想表达的含义是：趁着有优惠活动，我果断下单购买了六箱产品。
2334,妹妹带来2万人,0,该用户想表达的含义是：主播的妹妹吸引了大量观众进入直播间。
2335,好油,1,该用户可能在评价直播中展示的食品或护肤品过于油腻。
2336,很有名的茶,1,该用户是在认可主播推荐的茶叶品牌或品质，暗示自己听说过这款茶并且对其有正面印象。
2337,是熟的,1,该用户想表达的含义是：确认直播中展示的水果或食材已经成熟可食用。
2338,贝贝,0,该用户可能在呼唤或询问主播“贝贝”的去向或情况。
2339,涂抹星子都喷到肉上了,0,该用户可能在吐槽主播演示产品时动作太大，导致食物被溅出的酱料弄脏了。
2340,今天有牛肉吗牛肉牛肉吗牛肉牛肉牛肉吗,1,该用户急切地询问直播间今天是否会上架牛肉产品，表现出强烈的购买意向和重复强调的需求。
2341,切好的吗,1,该用户是在询问直播中展示的商品是否经过预先加工处理（如切块、切片等）。
2342,南京不送货,1,该用户可能是在询问或抱怨直播间的商品配送范围是否包含南京地区。
2343,道具真到位,0,该用户可能是在夸赞直播中展示的道具准备得很用心或很符合主题。
2344,所以明明懂爱情,0,该用户可能是在调侃主播讲解产品时过于投入或跑题，用浪漫化的表达暗示“明明在卖货却讲得像在谈爱情一样”。
2345,支持马马和鸟鸟,0,该用户是在表达对直播中两位主播（昵称分别为“马马”和“鸟鸟”）的喜爱和支持，可能是回应主播的互动或展示对主播组合的认可。
2346,谁叫你不办卡,0,该用户可能是在调侃或抱怨主播没有提前办理会员卡导致无法享受优惠，表达了一种略带遗憾或玩笑性质的购买意愿。
2347,鹏鹏的锅盖头终于看顺了,0,该用户是在表达对主播鹏鹏新发型的逐渐接受和认可，暗示自己观看直播的时间较长、对主播形象变化有持续关注。
2348,什么电话什么内容,0,该用户可能在询问主播提到的某个商品或活动的具体细节，比如促销电话的内容或相关服务信息。
2349,这件工作服真好看,0,该用户被直播中展示的工作服款式吸引，产生了积极的审美评价和潜在的购买兴趣。
2350,江西不发吗,0,该用户是在询问直播间是否不向江西地区发货。
2351,在这里你还愁吃的吗,0,该用户可能在调侃直播间商品种类丰富，暗示这里根本不缺吃的选择。
2352,妹子萌萌的,0,该用户是在夸赞主播的可爱形象，表达对主播个人魅力的喜爱和关注。
2353,鹏鹏明明提示后一天妥妥省60啊,0,该用户想表达的含义是：主播鹏鹏刚才提示过，如果选择后一天的优惠活动可以节省60元。
2354,唱歌吧,0,该用户可能是在催促主播表演才艺或调节直播氛围，而非表达对商品的购买兴趣。
2355,七七播了一天,0,该用户可能是在感叹主播“七七”长时间直播的辛苦，表达对其敬业精神的认可或关心。
2356,三黄鸡还有吗,1,该用户想询问直播间是否还有三黄鸡这款商品在售。
2357,冯冯北京人,0,该用户可能在询问主播或商品是否支持北京地区的配送或服务。
2358,东北的珍珠米呢,1,该用户可能在询问直播间是否有售卖东北产的珍珠米，表达了对该商品的购买兴趣或需求。
2359,明明和灿灿的午饭解决了,0,"该用户想表达的含义是：主播推荐的产品成功满足了明明和灿灿的午餐需求。  （结合前文弹幕中频繁出现的食物相关讨论、地域配送问题及主播互动，可推断用户通过提及具体人名""明明和灿灿""，以场景化方式暗示对直播推荐食品的认可或购买意向。）"
2360,下午好,0,该用户可能是在打招呼或表达自己刚进入直播间的状态，试图融入当前的互动氛围。
2361,明明困的眼睛都睁不开了,0,该用户想表达的含义是：主播明明已经疲惫不堪却还在坚持直播。  （结合前文弹幕中频繁提及主播“明明”及相关互动内容，可推断用户是在调侃或心疼主播的敬业状态。）
2362,好帅,0,该用户可能是在称赞主播的外貌或穿搭风格吸引人。
2363,今天怎么这么年轻,0,该用户可能是在调侃主播今天的状态或造型显得比平时年轻有活力。
2364,辛苦了宇辉,0,"该用户是在向主播""宇辉""表达慰问和鼓励，可能是看到主播长时间直播后略显疲惫的状态而发出的友好互动。"
2365,七宝我爱你,0,该用户是在向主播“七宝”表达喜爱和支持的情感。
2366,欢迎冬冬,0,"该用户可能在友好地欢迎主播或某位昵称为""冬冬""的观众加入直播间互动。"
2367,相信东方买的枣子有很大味道,1,该用户想表达的含义是：对东方品牌枣子的品质和口感抱有较高期待，暗示有购买意向。
2368,额尔古纳河右岸太好看了,0,该用户是在称赞直播间推荐的书籍《额尔古纳河右岸》内容精彩，暗示对这本书产生了购买兴趣。
2369,今天这么帅,0,该用户是在夸赞主播当天的造型或状态特别吸引人。
2370,一盒几罐,1,该用户想询问商品包装规格，即一盒中包含多少罐产品。
2371,杰西多吃一点一看就好吃,1,该用户是在以亲切的口吻鼓励主播品尝展示的美食，并间接表达对产品品质的认可。
2372,大哥你们投千川吗,0,该用户可能在询问直播间是否使用了千川广告投放工具来吸引流量或推广商品。
2373,明宝宝,0,该用户可能在亲切地称呼主播或直播间中的某个活跃人物（如“明明”），表达喜爱或互动意愿。
2374,不咽好怕你噎着,0,该用户是在以调侃或关心的口吻提醒主播注意进食安全，可能针对主播正在吃东西或介绍食品的场景。
2375,明明字真好看,0,该用户是在夸赞主播“明明”的书法或手写展示很赏心悦目。
2376,打印机怎么没有,1,该用户可能是在询问直播间展示的商品中为何没有看到打印机的相关信息，表达了对购买打印机的兴趣或需求未被满足的疑惑。
2377,鹏鹏孩子你拿的果是大果中果还是小果,1,该用户是在询问主播展示的水果产品具体属于哪个规格等级（大/中/小果），表现出对商品细节的关注和潜在的购买意向。
2378,有锅吗,1,该用户可能在询问直播间是否有售卖锅具产品。
2379,这一块是多少,1,该用户可能在询问直播中展示的商品规格或分量（如食品的重量、产品的尺寸等）。
2380,口水哗哗的上冰箱吧没地方放了啊,1,该用户想表达的含义是：看到美食展示后非常心动，但纠结家里冰箱空间不足无法购买。
2381,吃得好香,1,该用户被直播中展示的食品所吸引，表达出对产品食欲的激发和品尝欲望。
2382,别说了,0,该用户可能是在催促主播跳过当前环节或加快节奏，表达对冗长介绍的不耐烦。
2383,哈哈这发型可爱,0,该用户想表达的含义是：对主播展示的发型感到有趣并产生好感。
2384,粤语发音跟英语一样,0,该用户可能是对主播的粤语发音感到有趣，联想到其与英语发音的相似之处，以此表达对直播内容的轻松调侃或兴趣。
2385,我拍了冯冯,0,该用户想表达的含义是：我已经下单购买了主播冯冯推荐的商品。
2386,月考,0,该用户可能是在询问直播中提到的产品是否适合作为月考奖励或备考期间的零食。
2387,这鸡好吃今天刚吃,1,该用户想表达的含义是：对直播中展示的鸡肉产品表示认可并暗示有购买意向。
2388,冯冯厉害,0,该用户可能在称赞主播“冯冯”的表现出色或对其展示的产品感到满意。
2389,小孙带的团队优秀到让人羡慕,0,该用户是在夸赞主播团队的出色表现，暗示对直播内容或产品的认可和欣赏。
2390,终于抢到咖啡了,1,该用户想表达的含义是：成功下单购买了直播间推荐的咖啡产品。
2391,哈哈哈,0,该用户可能是被直播中的某个轻松有趣的互动或画面逗乐了，用笑声表达愉悦情绪而非明确的购买意向。
2392,哈哈哈,0,该用户可能是被直播间的轻松氛围或主播的幽默表现逗乐了，用笑声表达当下的愉快情绪和参与感。
2393,明星冬的班排到月底了,0,该用户想表达的意思是：明星冬的预约档期已经排满到月底了，暗示自己可能无法及时购买或参与相关活动。
2394,鹏鹏吃饭真香,0,该用户想表达的含义是：主播吃东西的样子让人很有食欲。
2395,纯粹吗,0,该用户可能在询问直播中展示的商品是否纯天然或成分纯粹。
2396,明明可以把你刚才备课文件夹复制上架吗真的想拥有一个,1,该用户想表达的是：希望主播能将刚才展示的备课文件夹商品上架销售，自己非常想购买。
2397,7袋,1,该用户想表达的是“我要下单购买7袋这个产品”。
2398,湖北入场,0,该用户可能是想询问主播是否轮到湖北地区的商品上架或优惠活动开始了。
2399,冯冯讲历史讲的非常不错,0,该用户是在称赞主播“冯冯”的历史内容讲解生动有趣，表达了对主播专业能力的认可和欣赏。
2400,这个油我吃过特别香满满的花生香,1,该用户想表达的含义是：这款花生油口感香浓，自己亲身体验过并强烈推荐。
2401,河南,0,该用户可能是在回应前面提到的地域相关话题（如“湖北入场”），简单表明自己的所在地或籍贯。
2402,生蚝,1,该用户可能是在询问或评论直播中提到的生蚝产品，表达对生蚝的兴趣或想了解相关信息。
2403,大早上来上班看看直播都在做梦呢,0,该用户是在调侃自己大早上摸鱼看直播的行为不切实际，暗示自己本该专心工作却沉浸在轻松的氛围中。
2404,别把妹妹吃撑了,0,该用户可能是在调侃主播或某个参与者吃东西的样子太投入，担心对方吃太多会撑到。
2405,好听耶,0,该用户可能是在称赞直播中播放的背景音乐或主播的嗓音悦耳动听。
2406,加不了会员怎么搞的啊,1,该用户因无法成功加入会员而感到困惑，希望得到解决方法。
2407,买了,1,该用户想表达的含义是：我已经下单购买了直播间的商品。
2408,现在吃萝卜太好了,1,该用户可能在表达对直播中展示的萝卜品质或时令性的认可，暗示有购买意向。
2409,笨得哟,0,该用户可能在调侃主播或某个环节的表现有些可爱或呆萌，带着善意的戏谑语气。
2410,我就想知道牛肉丸什么时候有货,1,该用户迫切想了解牛肉丸的补货时间以便及时下单购买。
2411,冯冯这发型好潮今天好帅哦,0,该用户是在夸赞主播冯冯的时尚造型和个人魅力，表达了对主播外表的欣赏和喜爱。
2412,枸杞还有一盒装吗,1,该用户想询问直播间是否还提供单盒包装的枸杞产品。
2413,宇你同行,0,该用户可能是在表达对主播或品牌的支持与喜爱，暗示愿意追随或购买相关产品。
2414,有人用过这个吗好用吗,1,该用户是在询问其他观众对当前直播产品的使用体验，以评估是否值得购买。
2415,送你一朵小红花,0,该用户可能是在以轻松幽默的方式表达对主播或直播内容的喜爱和支持，类似于点赞或鼓励的互动行为。
2416,片红,0,该用户可能是在询问或确认直播中提到的某种红色商品（如口红、红色衣物等）的购买信息或表达对其的兴趣。
2417,某十点半,0,该用户可能在询问或提醒直播间的某个时间节点或活动安排，比如询问商品上架时间或促销活动的开始时刻。
2418,妺妹一直在默默地吃,0,该用户是在调侃或关注直播中某位频繁试吃展示产品的参与者（“妹妹”），暗示她一直在专注品尝商品。
2419,拍啦,1,该用户想表达的含义是：我已经下单购买了这款产品。
2420,啥都想送,1,该用户想表达的含义是：对直播间的商品都很感兴趣，每样都想下单购买。
2421,最近都发不了货我想买糍粑,1,该用户实际想表达的是：虽然对糍粑有购买意愿，但担心当前物流受限无法正常收货。
2422,把领带摘掉会更帅,0,该用户是在调侃主播的外形打扮，认为不戴领带会更显帅气。
2423,买了,0,该用户想表达的含义是：我已经下单购买了这件商品。
2424,冬冬咚咚锵,0,该用户可能在模仿直播间的热闹氛围或跟着节奏起哄凑趣，表达一种轻松参与的情绪。
2425,遍插茱萸少一人,0,该用户可能在委婉表达自己因缺货或无法购买而感到遗憾，类似于“想买但抢不到”的失落心情。
2426,拍了,1,该用户想表达的含义是：我已经下单购买了该商品。
2427,上午好,0,该用户可能在礼貌性地打招呼，试图融入直播间的互动氛围。
2428,明明什么是康达效应,0,该用户可能是对直播中提到的“康达效应”感到好奇，想了解其具体含义。
2429,河南入场,0,该用户可能是在以地域梗或互动口号的方式参与直播间氛围，类似“XX省代表队打卡”的轻松调侃，表达自己作为河南观众的身份认同和实时参与感。
2430,好吃的大米是哪个链接好吃的大米是哪个链接好吃的大米是哪个链接好吃的大米是哪个链接,1,该用户急切地询问直播间中售卖的大米商品对应的购买链接，表现出明确的购买意向和重复强调的迫切需求。
2431,榴莲千层都要馋哭了买不到好几天了,1,该用户想表达自己非常渴望购买榴莲千层蛋糕，但近期一直没能买到，内心感到十分遗憾和急切。
2432,为何这样便宜,1,该用户对商品价格明显低于预期感到惊讶，并隐含对产品质量或促销真实性的疑虑。
2433,有画面了,0,该用户想表达的是对直播中展示的商品产生了具体的想象或使用场景联想。
2434,西梅汁有吗,1,该用户是在询问直播间是否有售卖西梅汁这款产品。
2435,四斤有几个,1,该用户想询问商品的具体数量或规格，可能是对直播中提到的某种按重量售卖的商品（如水果、零食等）的份量感到疑惑，想确认购买单位包含的实际数量。
2436,会不会是妈妈,0,该用户可能在询问直播中提到的某样商品或人物（如主播展示的物品或提到的家庭成员）是否与“妈妈”有关联。
2437,送杯子吗,1,该用户是在询问直播间是否有赠送杯子的促销活动。
2438,给灿灿的邻居来两单,0,该用户想表达的含义是：我要为灿灿的邻居下单购买两件商品。  （结合前文弹幕中频繁出现的购买意向和互动氛围，用户在此处明确表达了具体的购买行为，且带有一定的社交属性，可能是为了帮邻居代购或分享优惠。）
2439,左上角点开东方甄选头像进店啥都有,0,该用户是在引导其他观众通过点击主播头像进入店铺浏览更多商品，暗示当前直播间的商品展示可能不够全面或需要主动探索更多购买选项。
2440,没跑调,0,该用户可能是在评价主播的表演或演唱表现，暗示主播的发挥稳定、没有出错。
2441,食谱空气炸锅带得有食谱吗,1,该用户是在询问空气炸锅产品是否附带配套的烹饪食谱，表现出对产品使用功能的关注和潜在的购买意向。
2442,爱媛橙在92号链接链接链接,1,该用户是在询问爱媛橙的具体购买链接，表达了对该商品的购买意向。
2443,猕猴桃还有不,1,该用户是在询问直播间是否还有猕猴桃商品在售。
2444,猕猴桃还有吗,1,该用户想询问直播间是否还有猕猴桃库存可供购买。
2445,白象方便面便宜还好吃,1,该用户是在夸赞白象方便面性价比高且口味不错，暗示有购买意向或推荐他人购买。
2446,特别喜欢鹏鹏,0,该用户想表达的含义是：对主播鹏鹏的个人喜爱和支持。
2447,给鹏鹏上米饭,0,该用户是在表达希望主播鹏鹏推荐或展示直播间正在销售的大米产品。
2448,扣钱,0,该用户可能是在催促主播尽快上架或介绍当前正在讨论的商品，表达了一种急切想要购买的心情。
2449,不吃肉的人都想吃了,1,该用户想表达的含义是：这款产品看起来非常诱人，连平时不感兴趣的人都产生了购买欲望。
2450,好吓人啊,0,该用户可能是在对直播中展示的某种夸张或刺激的食品效果（如爆浆、拉丝等视觉冲击）感到惊讶或不适。
2451,哈哈,0,"该用户可能是被直播间的搞笑互动或突发状况逗乐了，用""哈哈""表达轻松愉快的围观情绪。"
2452,杰西唱大海,0,该用户可能在表达对主播杰西演唱《大海》这首歌的欣赏或互动反馈，属于娱乐性互动而非购买意向。
2453,看得我不停的咽口水,1,该用户想表达的含义是：直播展示的美食让人产生强烈的食欲和购买冲动。
2454,不是山东,0,该用户想表达的含义是：当前讨论的产品或产地并非来自山东。
2455,东方不知道啥时候带投影仪,1,该用户可能在询问主播东方何时会介绍或推荐投影仪产品。
2456,苹果醋昆明怎么不支持啊,1,该用户想表达的含义是：昆明地区无法购买苹果醋这款产品，对此感到疑惑或不满。
2457,冯冯北京人,0,该用户可能是在询问主播冯冯是否是北京人，或者以地域身份作为互动话题来拉近距离。
2458,上方巾,1,该用户可能在询问直播间展示的上方巾商品是否还有库存或如何购买。
2459,华四声华山读画山,0,该用户可能是想模仿主播的口误或搞笑发音，通过谐音梗调侃活跃气氛。
2460,14万,0,该用户可能在询问或惊叹当前直播间的观看人数达到了14万。
2461,再数一次,0,该用户可能在催促主播重新展示或清点某款商品的库存或优惠信息。
2462,啥也拍不了就看你俩吃吧,0,该用户可能是在抱怨直播内容偏离了商品销售主题，转而变成了主播的吃播表演，导致自己无法参与抢购或互动。
2463,你别试了,0,该用户可能是在委婉地劝阻主播停止试吃或展示某款商品，认为其效果不佳或观众已失去兴趣。
2464,邻居这个冬天感觉很暖,0,该用户可能是在调侃或反讽直播间的氛围或产品效果，暗示邻居因为看了直播感到虚假的温暖或实际并未达到宣传效果。
2465,有捅吗,1,该用户可能是在询问直播间是否有售卖或展示“捅”（可能是某种商品或道具的简称或口误）。
2466,哈哈哈,0,该用户可能被直播中的幽默互动或搞笑场面逗乐，用笑声表达轻松愉悦的情绪。
2467,妈呀没看出来是鲨鱼灿,0,"该用户可能在惊讶或调侃主播的某个特征或行为与""鲨鱼灿""这一形象意外吻合，表达了一种意外发现或幽默的观感。"
2468,滨州的路过,0,该用户可能是以地域身份互动，暗示自己与直播内容或主播有地域关联，从而表达一种旁观参与感。
2469,到底啥时候安排双播啊,0,该用户是在询问主播何时能安排两人共同直播的环节。
2470,今晚几平尺大作馮馮,0,该用户可能在询问今晚直播中某位主播（冯冯）的表演或商品展示的具体时间安排。
2471,我想要杨梅汁,1,该用户表达了明确的购买意向，希望能购买直播中展示的杨梅汁产品。
2472,七七辛苦啦,0,"该用户是在向主播""七七""表达慰问和支持，可能是对主播的表演或辛苦工作表示认可和关心。"
2473,辉辉什么时候播,0,该用户是在询问主播“辉辉”下次的直播时间，表达了对该主播的关注和期待。
2474,冰糖橙,1,该用户可能是在询问或暗示对直播间正在展示的冰糖橙产品感兴趣，想要了解详情或表达购买意向。
2475,他是胃炎引起的,0,该用户可能是在解释主播或观众提到的某种身体不适（如胃痛）的原因，暗示这与直播中讨论的饮食或产品有关。
2476,哈哈哈哈哈好吧我们都是肤浅的女人,0,该用户是在调侃自己和直播间其他观众容易被主播的幽默表现或产品展示所吸引，自嘲大家关注点表面化、容易被逗乐。
2477,这个泡牛奶好喝,1,该用户想表达的含义是：这款产品搭配牛奶饮用口感不错，自己对此感兴趣或有购买意向。
2478,招专门干饭的不,0,该用户可能在询问直播间是否有招聘专门负责试吃或品尝食品的职位，表达了对参与直播互动或相关工作的兴趣。
2479,鹏鹏吃啥都香,0,该用户想表达的含义是：鹏鹏吃东西的样子让人很有食欲。
2480,送什么,1,该用户可能在询问直播间的赠品或福利活动内容。
2481,喜欢小七,0,该用户是在表达对主播“小七”的喜爱和支持。
2482,楚歌吗,0,该用户可能在询问直播中出现的背景音乐是否是歌曲《楚歌》。
2483,哈哈哈,0,该用户可能被直播间的轻松氛围或某个搞笑互动逗乐，用笑声表达愉悦情绪而非明确的购买意向。
2484,空口炫,0,该用户想表达的含义是：想直接品尝展示的商品。
2485,哺乳妈妈可以泡嘛,1,该用户可能在询问直播中展示的产品（如茶饮或保健品）是否适合哺乳期女性使用。
2486,酱油还有吗,1,该用户是在询问直播间是否还有酱油这款商品在售。
2487,认真听课你的问题主播都会面面俱到的回答你,0,该用户是在肯定主播的专业和耐心，暗示观众可以放心提问并期待详细解答。
2488,感觉明明累了,0,该用户想表达的含义是：直播内容让人感到疲惫或无聊。
2489,什么时候和中灿搭,0,该用户想询问主播何时会与名为“中灿”的人进行合作或共同直播。
2490,我买两箱尝尝,1,该用户表达了明确的购买意向，表示愿意尝试购买两箱主播推荐的产品。
2491,别忘了你在卖生蚝,1,该用户是在提醒主播当前推销的产品是生蚝，暗示主播偏离了主题或忽略了主推商品。
2492,明明上书,0,该用户可能在询问主播提到的“明明”是否在直播中负责上架商品或管理库存。
2493,七七喜欢你,0,"该用户是在表达对主播""小七""的喜爱和支持。"
2494,k歌宝还有吗,1,该用户是在询问直播间是否还有“k歌宝”这款商品在售，表达了对该产品的购买意向。
2495,棒棒棒棒棒棒,0,该用户想表达的含义是：对当前直播内容或产品表现非常满意和兴奋。
2496,优惠券不能用吗,1,该用户可能是在询问直播间的优惠券使用规则是否出现了问题，暗示自己有意购买但遇到了支付障碍。
2497,想要书,1,该用户是在询问或催促主播展示或上架书籍类商品。
2498,哇有羊奶了,1,该用户看到直播中出现了羊奶产品，感到惊喜并表现出潜在的购买兴趣。
2499,慢慢吃,0,该用户可能是在提醒主播或其他人不要着急，慢慢品尝或享用当前展示的食物产品。
2500,山东叫地蛋,1,该用户可能是在询问或确认直播中提到的某种商品（如土豆）在山东地区的俗称。
2501,有点技术含量,0,该用户可能是在认可主播展示的产品功能或直播内容的质量，暗示产品有一定实用价值或专业性。
2502,欧呦今天鹏鹏帅呆了啊,0,该用户是在夸赞主播的外貌或表现，但并未直接表达对商品的购买兴趣。
2503,七七再唱一首,0,该用户希望主播七七能继续表演才艺，通过点歌的方式表达对主播的喜爱和支持。
2504,帅呆了,0,该用户想表达的含义是：对主播当前展示的形象或表现感到非常欣赏和喜爱。
2505,扇贝鲜吗,1,该用户是在询问扇贝的新鲜程度以判断是否值得购买。
2506,烂梗,0,该用户可能是在吐槽直播间里频繁出现的老套玩笑或重复内容，觉得缺乏新意。
2507,宣威火腿云南名牌,1,该用户是在强调宣威火腿作为云南知名品牌的品质和信誉，可能对产品产生了购买兴趣或向其他观众推荐。
2508,你还要去臭得瑟,0,该用户可能在调侃主播过于得意或表现浮夸，暗示其应该收敛一些。
2509,帅鹏鹏,0,该用户是在夸赞主播“鹏鹏”的外表帅气或形象出众。
2510,都是母蟹,1,该用户可能是在质疑或指出当前展示的商品都是母蟹，而没有公蟹可选。
2511,哈哈哈哈明明,0,"该用户可能是被主播或评论区逗乐了，用笑声和昵称""明明""表达轻松愉快的互动情绪。"
2512,七七晚上到几点,0,该用户想询问主播“七七”当晚的直播结束时间。
2513,迟到了,0,该用户可能是在表达自己因错过直播开头而感到遗憾或着急。
2514,帅气鹏,0,该用户是在夸赞主播的外表帅气，表达对主播的喜爱和支持。
2515,送给朋友了,0,该用户可能是对直播间的某件商品表示认可，并透露自己已经购买后将其作为礼物赠送给他人。
2516,几点结束,0,该用户想询问直播的结束时间，可能是为了安排自己的观看计划或考虑是否还有时间参与购买。
2517,冯冯优秀喜欢三观正的冯冯冯冯优秀喜欢三观正的冯冯冯冯优秀喜欢三观正的冯冯,0,该用户可能在热情支持主播“冯冯”，通过重复赞美其“优秀”和“三观正”来表达对主播的强烈喜爱和认同感，属于粉丝互动行为而非直接购买意向。
2518,杭州拍不了,1,该用户想表达的含义是：由于地域限制无法参与当前商品的购买或活动。
2519,鹏鹏又来炫饭了,0,该用户是在调侃主播鹏鹏又开始展示美食（或吃饭）的日常行为了。
2520,明明月考肯定很好玩,0,该用户是在表达对主播“明明”即将参与的月考活动的期待和兴趣，认为这个活动会很有趣。
2521,天黑了吗,0,该用户可能在询问直播间的背景光线是否变暗，或是用调侃的方式暗示直播内容不够吸引人。
2522,明明,0,"该用户可能在调侃或附和之前提到的关于""明明""的内容，表达一种轻松随意的互动态度。"
2523,破壁机有没有,1,该用户可能在询问直播间是否有售卖破壁机这款产品。
2524,董老师旁边站台,0,该用户可能在调侃或询问直播中站在董老师旁边的人是谁或做什么的。
2525,美女美女,0,"该用户可能是想通过称呼主播""美女""来引起注意或表达对主播外形的赞赏。"
2526,好看,1,该用户可能是在称赞直播中展示的商品外观吸引人或主播的造型亮眼。
2527,被评论区笑翻了,0,该用户被直播间的互动氛围逗乐，觉得评论区的内容很有趣。
2528,小孙嘎嘎炫,0,该用户可能在调侃主播“小孙”吃东西时豪迈欢快的状态，带有轻松互动的意味。
2529,咽口水啦,1,该用户想表达的含义是：看到直播展示的美食或商品后产生了强烈的食欲或购买欲望。
2530,许多抽,0,该用户可能是在询问或感叹直播间正在进行大量抽奖活动。
2531,土豆面汤,1,该用户可能是在询问或评论直播中展示的土豆面汤这款产品。
2532,帅哥好,0,该用户是在用轻松调侃的语气夸赞主播的外貌，以此表达对直播内容的兴趣和互动意愿。
2533,董宇辉状态不好来这里说啥这里不是医院,0,该用户是在抱怨董宇辉状态不佳却出现在直播间，认为这里不是倾诉或寻求安慰的场合。
2534,饿了,0,该用户可能是在观看主播展示美食时被勾起食欲，暗示对直播中出现的食物产生了兴趣或想购买的冲动。
2535,不好妹妹下了,0,该用户想表达的含义是：主播的表现不够好，我决定退出直播间了。
2536,爱你,0,该用户想表达的含义是：对主播或直播内容表示喜爱和支持。
2537,光在这花钱了,1,该用户可能在抱怨自己在这场直播中已经冲动消费了多次，暗示自己不该再继续下单了。
2538,舅舅害怕,0,该用户可能是在调侃直播间的热闹氛围或产品展示让他忍不住想下单，但担心钱包承受不住（类似“剁手”的幽默表达）。  （解析：结合前文弹幕中“光在这花钱了”“咽口水啦”等消费倾向，以及“被评论区笑翻了”的轻松语境，“舅舅害怕”更可能是用谐音梗或亲属代指自己，表达既心动又顾虑的搞笑吐槽。）
2539,这个方巾啥意思,1,该用户可能是对直播中展示的方巾产品感到好奇，想了解它的具体用途或特色。
2540,丐帮哈哈哈哈,0,该用户可能是被直播间的搞笑氛围感染，用“丐帮”这个调侃词汇来幽默地表达自己像乞丐一样被商品吸引到忍不住想“剁手”的心情。
2541,鹏鹏吃饭咋这香呢,0,该用户被主播“鹏鹏”的吃相所感染，觉得他吃东西的样子特别有食欲，从而产生了兴趣或共鸣。
2542,晚饭省了,0,该用户看到直播中展示的美食或吃播内容后，产生了强烈的食欲，暗示自己会被馋到忍不住下单购买而不用做晚饭了。
2543,支持鹏鹏,0,该用户是在表达对主播“鹏鹏”的喜爱和支持，可能是被他的表现或吃相所吸引而产生好感。
2544,这也太便宜了吧有点不敢买,1,该用户觉得商品价格低到超出预期，反而对质量产生了疑虑。
2545,在等灰灰,0,"该用户可能在等待主播展示或讲解某款名为""灰灰""的商品，表达了对该产品的期待和购买兴趣。"
2546,我得买个专用的剪刀来剪这个螃蟹腿,1,该用户看到直播中展示的产品后产生了实际购买需求，认为主播使用的工具能解决自己处理食材的具体问题。
2547,三个人轮流拉磨累呀,0,该用户可能在调侃直播间频繁更换主播或商品展示节奏太快，让人看得眼花缭乱。
2548,支持东方甄选,0,该用户想表达对东方甄选品牌或主播团队的认可与鼓励。
2549,猩猩它妈狒狒,0,该用户可能在用谐音梗调侃主播或商品名称，表达一种幽默的戏谑态度。
2550,头饰都太可爱啦,1,该用户被直播间的头饰款式吸引，产生了明显的购买兴趣。
2551,辉辉能,0,该用户可能在呼唤或等待主播“辉辉”出现，表达对这位主播的关注或期待。
2552,穿西装帅,0,该用户是在夸赞主播穿西装很有魅力，可能对主播的形象或展示的商品产生了兴趣。
2553,开到荼蘼花事了,0,该用户可能是在感叹直播间的热闹氛围即将结束，带有一种略带文艺的调侃意味。
2554,芹菜,1,该用户可能在询问或提及直播中展示的芹菜相关商品，表达对这款产品的兴趣或疑惑。
2555,你们这伙食可以的,0,该用户是在调侃主播团队的伙食不错，表达了对直播氛围的轻松认可。
2556,挥挥来迟,0,该用户想表达的含义是：等待主播“辉辉”出现但觉得他来得太慢了。
2557,哈哈哈哈哈,0,该用户可能是在被直播间的搞笑氛围或主播的幽默表现逗乐，用大笑表达轻松愉快的观看体验。
2558,寿光的,0,该用户可能是在询问或确认直播中提到的产品（如蔬菜或农产品）是否产自山东寿光，表达了对商品产地的关注或兴趣。
2559,买了明明,1,该用户想表达的含义是：我已经下单购买了明明（主播/商品）。
2560,牛油果色的卫衣好看,1,该用户被牛油果色的卫衣吸引，认为其颜色或款式符合自己的审美偏好。
2561,挂面产地哪里的,1,该用户是在询问直播中展示的挂面的具体生产地信息，以评估商品品质或决定是否购买。
2562,每盒一模一样,1,该用户可能是在确认商品的包装或内容物是否完全一致，表达了对产品标准化程度的关注。
2563,这个好用是真的,1,该用户想表达的含义是：认可主播推荐的产品确实效果不错。
2564,剃板寸吧,1,该用户可能在调侃或建议主播换个发型，表达一种轻松随性的互动态度。
2565,蛋挞,1,该用户可能是在询问或评论直播中展示的蛋挞产品，表达对这款点心的兴趣或想了解相关信息。
2566,宇辉明天图书号10点半,0,该用户是在询问或确认明天董宇辉的图书专场直播是否在上午10点半开始。
2567,牛肉饼品质超好,1,该用户是在称赞直播中展示的牛肉饼质量上乘，可能暗示有购买意向或向其他观众推荐。
2568,辉辉回北京了,0,该用户可能在询问主播辉辉是否已经结束行程返回北京，表达了对主播动向的关注。
2569,哦牛腩,1,该用户想表达的含义是：对直播中提到的牛肉类产品表示惊讶或赞叹。
2570,灰灰几点,0,该用户可能在询问主播“辉辉”的出场时间或直播环节安排。
2571,40号能加嘛,1,该用户可能在询问直播中提到的40号商品是否还有库存或能否追加购买。
2572,没有各一盒的选项了,1,该用户想表达的含义是：商品组合选项中缺少单盒购买的选项。
2573,好帅,0,该用户可能是在夸赞主播或展示商品的颜值出众，表达被吸引的欣赏态度。
2574,丢点番茄块,1,该用户可能是想建议主播在烹饪演示时加入番茄块作为食材。
2575,有没有4斤的,1,该用户是在询问商品是否有4斤规格的选项可供购买。
2576,饺子就酒越吃越有,1,该用户想表达的含义是：用饺子配酒吃会让人感觉生活富足美满。
2577,米是不是新米,1,该用户是在询问直播间售卖的大米是否为当季新收的稻米，以判断产品新鲜度。
2578,女婿,0,该用户可能在询问主播提到的某款商品是否适合作为送给女婿的礼物。
2579,市场商场一般18元一斤,1,该用户可能是在对比直播间商品的价格优势，暗示当前直播间的售价与线下市场行情（18元/斤）存在差异。
2580,是脆的吗,1,该用户可能在询问直播中展示的食品（如薯片、饼干等零食）是否具有酥脆的口感。
2581,买了三次了,1,该用户想表达的含义是：我对这款产品非常满意，已经多次回购了。
2582,昨天鹏鹏跟明明去奥森玩了吗,0,该用户可能在询问主播或相关人物近期的行程安排，试图通过闲聊拉近距离或确认直播间的互动氛围是否轻松。
2583,烟台吗,0,该用户可能在询问直播中提到的产品（如牛肉饼、米等）是否产自烟台，或是确认主播当前所在地是否为烟台。
2584,两小时后见,0,该用户可能因临时有事需要离开，但表达了对直播内容的持续关注，暗示会准时回来继续参与互动或购买。
2585,10分钟可以了,0,该用户可能是在催促主播加快节奏或表示当前商品的展示时间已经足够，可以进入下一个环节了。
2586,所以现在糖尿病多,0,该用户可能是对直播中提到的食品含糖量或健康问题产生担忧，借此感叹当下糖尿病患者增多的社会现象。
2587,小火炉看着好暖和,0,该用户可能被直播中展示的小火炉产品吸引，觉得它看起来温暖舒适，产生了潜在的购买兴趣或好感。
2588,说点英语,0,该用户可能是在调侃主播或活跃气氛，希望主播用英语介绍产品或互动。
2589,现在麻也不便宜,0,该用户可能是在对比当前商品价格与市场行情，暗示直播间的麻类产品定价偏高或缺乏优惠。
2590,河南发不了快递,1,该用户可能是在询问或提醒主播河南地区是否支持发货，隐含对商品的购买意向但因物流限制产生的疑虑。
2591,肥牛卷肥牛卷,1,该用户可能是在催促主播展示或上架肥牛卷产品，表达出强烈的购买意愿或对商品的兴趣。
2592,苹果江苏不配送,1,该用户想表达的含义是：询问直播间所售卖的苹果是否支持配送到江苏地区。
2593,冬冬和七七唱首歌,0,该用户可能是想通过点歌来活跃直播间氛围，或者希望主播表演才艺来增加互动趣味性。
2594,吃完讲,0,该用户可能在催促主播尽快结束当前产品的讲解，转向介绍或展示下一个商品。
2595,不支持配送,1,该用户想表达的含义是：询问该商品是否无法配送到自己所在的地区。
2596,有辐射吗,1,该用户可能在询问直播中展示的商品是否存在辐射相关的安全隐患或质量问题。
2597,模范,0,该用户想表达的含义是：称赞主播的示范或表现很标准到位。
2598,领了券发现拍不了,1,该用户想表达的含义是：领取优惠券后发现自己所在地区无法下单购买商品。
2599,给明明配套蟹八件,1,该用户希望主播为名叫明明的人推荐搭配吃螃蟹的工具套装。
2600,送入洞房,0,该用户可能是在用幽默或调侃的方式表达对直播中展示的某件商品（可能是婚庆用品或家居用品）的喜爱和购买意愿。
2601,哈哈哈可爱,0,该用户被直播内容中的某个可爱元素逗乐，表达了对展示物品或主播互动的喜爱和愉悦情绪。
2602,七七漂亮,0,该用户是在夸赞主播七七的外貌或表现，表达了对她的喜爱和欣赏。
2603,好帅,0,该用户可能是在称赞主播或展示商品的模特外形出众，流露出对人物或商品的欣赏态度。
2604,是熟果吗,1,该用户是在询问直播中展示的水果是否是已经成熟可以立即食用的。
2605,嫂子嫂子,0,该用户可能在呼唤主播或直播间中的某位昵称为“嫂子”的人物，希望与其互动或引起注意。
2606,北极甜虾,1,该用户可能是在询问或确认直播间正在售卖或展示的北极甜虾的相关信息，比如价格、品质或配送范围。
2607,对的中间厚,0,该用户可能是在评论直播中展示的某样商品（如食品或用品）的厚度分布不均匀，中间部分比边缘更厚实。
2608,虾饼还有吗,1,该用户是在询问直播间是否还有虾饼这款商品在售。
2609,不能带着塑料标签一起蒸明明,1,该用户是在提醒主播或商家产品使用注意事项，指出塑料标签不应在蒸煮时保留。
2610,超级好吃,1,该用户是在称赞直播中展示的食品口感出色，暗示有较强的购买意愿。
2611,不支持,0,该用户可能是在抱怨商品不支持自己所在地区的配送服务。
2612,哦你好你很说话哦,0,该用户可能是想表达“主播你说话很有趣/很会带动气氛”。  （结合前文弹幕中频繁出现主播昵称“明明”“七七”及互动内容，推测用户是在回应主播的活跃表现，但因打字匆忙或语言组织不畅导致表述含糊。）
2613,明明总是讲货品很仔细到偏顺口溜,0,该用户想表达的含义是：主播介绍产品时讲解得非常详细甚至有点过于流畅像在背顺口溜。
2614,语速快的人大脑反应快,0,该用户可能是在夸赞主播思维敏捷、讲解流畅，暗示对直播内容和主播能力的认可。
2615,哈哈哈哈,0,该用户被直播间的幽默互动或有趣内容逗乐，用笑声表达轻松愉快的观看体验。
2616,好帅,0,该用户是在称赞主播或展示商品的魅力，表达对直播内容的欣赏和喜爱。
2617,青岛老火腿还会有吗,1,该用户是在询问直播中之前提到的青岛老火腿是否会再次上架或补货。
2618,北京朋友,0,该用户可能是想询问商品是否支持配送到北京地区。
2619,冬冬好,0,该用户是在用主播的昵称“冬冬”表达对主播的喜爱或打招呼。
2620,眉山的成都居然拍不了我们,1,该用户可能是在抱怨直播间的配送范围限制，表达对无法购买商品的失望情绪。  （释义方向：结合前文弹幕中多次出现的商品询问（如“虾饼还有吗”“青岛老火腿还会有吗”），可推测直播间正在介绍食品类商品，而该用户因地域限制无法购买，因此用“眉山的成都居然拍不了我们”吐槽物流或平台规则问题。）
2621,小七很棒特别善良,0,该用户是在夸赞主播“小七”的人品和性格很好。
2622,卖书,1,该用户可能是想询问直播间是否有书籍在售或何时会上架书籍。
2623,牛肉丸券怎么领,1,该用户想询问如何获取购买牛肉丸的优惠券。
2624,晚上好,0,该用户可能是在礼貌性地打招呼，试图融入直播间的互动氛围。
2625,欢迎女婿,0,该用户可能是在以幽默或亲昵的方式称呼主播，表达对直播内容的喜爱和互动热情。
2626,建议招一个新东方理发师,0,该用户可能是在调侃或建议直播间改进主播的发型或形象，暗示当前造型不够专业或美观。
2627,这个梦我晚上做的,0,该用户可能是在调侃主播提到的某件商品或场景与自己做过的梦相似，暗示内容勾起了自己的回忆或联想。
2628,一个好老师,0,该用户可能在夸赞主播讲解专业细致，像一位优秀的老师一样耐心负责。
2629,哈哈哈,0,该用户可能是被直播间的轻松氛围或主播的幽默表现逗乐，用笑声表达愉悦情绪而非明确的购买意向。
2630,明明还会有书吗,0,该用户是在询问主播是否还会继续售卖书籍。
2631,明明欢乐多,0,该用户想表达的含义是：主播明明的直播风格轻松有趣，让人感到很开心。
2632,哈哈,0,该用户可能被直播间的欢乐氛围感染，用简单的笑声表达对当前内容的轻松认同或愉悦情绪。
2633,酸不酸,1,该用户可能是在询问直播中展示的水果或其他食品的口感是否偏酸。
2634,对宇辉也这样过,0,该用户可能是在调侃或比较主播当前的互动方式与之前对待另一位主播“宇辉”时的相似态度。
2635,哈哈哈哈,0,该用户被直播间的欢乐氛围或主播的幽默表现逗乐，以笑声表达轻松愉快的观看体验。
2636,你是一看就会一做就废的选手,0,该用户是在调侃主播的教学或演示内容看似简单但实际操作起来很难掌握，带有幽默自嘲的意味。
2637,回购了,1,该用户想表达的是自己之前购买过该产品，现在再次下单支持。
2638,为什么你的西服比天权鹏鹏更好看,0,该用户是在对比主播的西装款式与同行（天权鹏鹏）的差异，并倾向于认为主播的穿搭更有品位。
2639,有没有绞肉机,1,该用户可能在询问直播间是否有售卖绞肉机产品，表现出对厨房电器的潜在购买兴趣。
2640,胡志鹏,0,"该用户可能在调侃或对比主播的着装风格，暗示""胡志鹏""的穿搭不如当前主播好看。"
2641,上班就开吃,0,该用户想表达的含义是：打算在上班时边工作边品尝直播中推荐的美食。
2642,原味烤肠,1,该用户可能是在询问或表达对直播中提到的原味烤肠产品的兴趣，比如想了解详情或表示想购买。
2643,天路,0,该用户可能在调侃主播的服装或形象，将其比作歌曲《天路》中的高远意境或夸张风格。
2644,何时开始,1,该用户想询问直播间的促销活动或商品展示环节的具体开始时间。
2645,冲冲冲,1,该用户想表达的是积极参与直播互动并支持主播的热情态度。
2646,可以卖砂锅吗,1,该用户是在询问直播间是否会上架砂锅产品以供购买。
2647,冯冯剪头发了,0,该用户注意到主播外貌变化并表达了关注和好奇。
2648,有没有新农哥的坚果,1,该用户是在询问直播间是否会上架新农哥品牌的坚果产品。
2649,鹏鹏慢点吃汤泡饭吃多了对胃不好,0,该用户是在以关心的口吻提醒主播注意饮食健康，同时隐含对主播当前吃播行为的关注和互动意愿。
2650,你俩唱歌唱歌唱歌,0,该用户可能是在调侃或催促主播停止闲聊、多展示才艺或进入正题，用重复句式表达对当前直播内容偏离核心的轻微不满或活跃气氛的意图。
2651,内蒙古不支持配送,1,该用户想表达的含义是：对商品感兴趣但因所在地区无法购买而感到遗憾。
2652,你们笑啥呢我刚进来,0,该用户因刚进入直播间而对当前欢快的互动氛围感到困惑，试图了解大家发笑的具体原因。
2653,已惘然,0,该用户可能是在调侃或感叹自己错过了之前的直播内容或优惠活动，表现出一种略带遗憾的戏谑情绪。
2654,蓬莱长岛,0,该用户可能在询问直播商品中是否有蓬莱或长岛的特产或相关产品。
2655,空气流海落家里了,0,该用户可能在询问直播中展示的某款空气刘海假发片是否支持家庭自用购买或配送服务。
2656,明明来吃鲍鱼海参螃蟹大虾吧,1,该用户是在热情邀请主播或其他观众一起品尝海鲜美食，表达对直播中展示的海鲜产品的兴趣和期待。
2657,优惠券哪里领呢,1,该用户可能是在询问如何获取当前直播间的促销优惠信息，表现出对商品价格的关注和潜在的购买意向。
2658,早点下班,0,该用户可能在催促主播加快节奏或希望提前进入促销环节以便自己能早点下单结束购物。
2659,你吃的哪个味儿的,1,该用户是在询问主播正在品尝的烤肠的具体口味。
2660,明明的芝麻,1,该用户可能是想询问或调侃主播“明明”是否在吃芝麻相关的食品。
2661,托尼老师该批评,0,该用户可能在调侃或批评主播“托尼老师”的表现或行为不够专业或令人不满意。
2662,买不了,1,该用户想表达的含义是：由于地域限制或其他客观原因导致无法下单购买商品。
2663,虾没了吗,1,该用户想表达的是询问直播间是否还有虾类商品在售。
2664,你故意的,0,该用户可能是在调侃主播或同伴的某个刻意行为，比如故意拖延时间、制造节目效果或忽略某些商品信息。
2665,鹏鹏在卖力冯冯在卖萌,0,该用户是在调侃两位主播的直播风格差异，一位在努力推销产品，另一位则在用可爱互动吸引观众。
2666,优优真棒,0,该用户可能在夸赞主播的表现或互动效果，表达对直播内容的喜爱和支持。
2667,明明认真的样子气贯长虹,0,"该用户想表达的含义是：主播明明专注投入的状态显得非常有感染力。  （结合前文弹幕中频繁提及主播""明明""的互动内容，以及直播间整体轻松活泼的氛围，用户通过夸张的成语赞美主播的认真表现，既符合弹幕常见的玩梗风格，也隐含对主播状态的认可或调侃。）"
2668,里面有核桃吗,1,该用户可能在询问直播中展示或提到的商品是否包含核桃成分。
2669,语速不用那么快,0,该用户希望主播放慢讲解节奏以便更好地理解产品信息。
2670,冬冬独自美丽那边已经疯了,0,"该用户可能在调侃直播间的混乱氛围，暗示主播""冬冬""那边的情况过于热闹或失控，与其他区域的正常直播形成对比。"
2671,小七好可爱,0,该用户是在夸赞主播或商品展示中的某个角色（小七）的可爱形象，表达了对直播内容的喜爱和关注。
2672,杰西杰西,0,该用户可能在呼唤主播“杰西”以询问商品信息或互动。
2673,拍了橙子没有踩过坑,1,该用户想表达的含义是：之前购买过橙子且对品质满意，这次也愿意继续下单。
2674,烤肠,1,该用户可能是在询问直播间正在展示或提到的烤肠产品相关信息，比如口味、价格或购买方式。
2675,哈哈哈,0,该用户可能被直播间的轻松氛围或主播的幽默表现逗乐，纯粹在表达当下的愉悦情绪。
2676,橙汁nfc有没有,1,该用户是在询问直播间是否有售卖非浓缩还原（NFC）工艺的橙汁产品。
2677,都回北京了没有节目了,0,该用户可能是在表达对直播内容结束或主播离开的失落感，暗示希望继续有互动或节目。
2678,饼木有了,1,该用户想表达的是：商品已经卖完了。
2679,自夸上了,0,该用户可能在调侃主播过度夸赞自家产品，暗示主播自卖自夸的推销方式有点夸张。
2680,哈哈哈,0,该用户被直播间的欢乐氛围或主播的幽默表现逗乐了，用笑声表达轻松愉快的情绪。
2681,太甜吗,1,该用户可能是担心产品的甜度过高，想确认是否适合自己口味。
2682,学校就是酒店,0,该用户可能在调侃主播的推销话术过于夸张，把商品吹嘘得像学校一样包罗万象（或酒店一样高端舒适），实际并不可信。
2683,冯冯耐看,0,该用户是在夸赞主播“冯冯”长相耐看、越看越有魅力。
2684,德云社编外,0,该用户是在调侃主播的风格或表现有点像德云社相声演员的幽默风格，但又并非正式成员，带有一种轻松戏谑的意味。
2685,拍不了,1,该用户想表达的含义是：当前商品无法成功下单或购买操作遇到障碍。
2686,云南,0,该用户可能是在询问直播中提到的云南特产或商品的相关信息。
2687,明明几点播,0,"该用户想询问主播""明明""这个角色的直播时间段是什么时候。"
2688,烤肠,1,该用户可能是询问直播间是否有售卖烤肠产品，或对主播提到的烤肠表示兴趣。
2689,铁锅还有吗我想铁锅炖自己,1,该用户是在以幽默的方式询问商品（铁锅）的库存情况，表达了自己强烈的购买意愿。
2690,猕猴桃怎么了,1,该用户可能是想询问直播中提到的猕猴桃产品出了什么问题或是否有相关优惠活动。
2691,冯冯爱你爱你,0,该用户是在向主播“冯冯”表达喜爱和支持的情感。
2692,还有铁锅么,1,该用户是在询问直播间是否还有铁锅库存可供购买。
2693,哈哈哈,0,该用户可能是在对主播的幽默表现或直播间轻松氛围产生共鸣而发出的愉悦反应。
2694,好好的吃,1,该用户可能是在询问或评价直播中展示的食品（如烤肠、铁锅炖等）的食用体验，表达对食物品质或口感的认可。
2695,小妹很乖,0,该用户是在夸赞主播（“小妹”）的表现可爱讨喜，表达了对主播个人魅力的欣赏和喜爱。
2696,女婿明天又休息吗,0,该用户可能在询问主播（或直播间常提到的某位人物）明天是否会继续参与直播活动。
2697,你们家的泥猴桃好吃吗,1,该用户是在询问直播中提到的猕猴桃产品的口感如何，表现出对商品的兴趣和潜在的购买意向。
2698,董老师明晚七点播,0,该用户是在询问主播董老师明天晚上的直播时间安排。
2699,手抓鸡香不香,1,该用户是在询问直播中展示的手抓鸡产品的味道如何，表现出对商品的兴趣和购买意向。
2700,有没有宝宝湿纸巾呀,1,该用户是在询问直播间是否有婴幼儿湿巾产品出售。
2701,你敢做我不敢看你队友不敢吃,0,该用户是在调侃主播展示的产品或行为过于夸张，自己既不敢尝试也不敢看，连主播的队友（或同伴）都不敢食用。
2702,怎么这个也不发货额成都的,1,该用户因所在地（成都）无法购买或延迟发货而感到不满和疑惑。
2703,带女朋友回家,0,该用户可能是在询问直播中展示的某款产品（如食品或礼品）是否适合作为带回家给女友的礼物。
2704,质量问题找谁,1,该用户可能是在询问如果购买的商品出现质量问题，应该联系哪个售后渠道进行处理。
2705,土蜂基本很少了,0,该用户可能是在感叹土蜂蜜的稀缺性，暗示对产品的兴趣或担忧库存不足。
2706,小孙七七优秀,0,该用户是在夸赞主播“小孙七七”的表现出色或认可其直播内容。
2707,不要调皮,0,该用户可能在善意提醒主播或其他人保持专注，不要偏离直播主题或开玩笑过度。
2708,醉油了,0,该用户可能是对直播中展示的油腻食物或烹饪过程感到有些不适，委婉地表达“看着有点腻”的意思。
2709,粤语就直翻译过来,0,该用户可能是在抱怨直播中的粤语内容没有提供翻译，希望主播能将粤语部分直接转换成普通话以便理解。
2710,冯冯加油啊,0,该用户是在为主播冯冯加油打气，表达对主播的支持和鼓励。
2711,孙老师身体好哟,0,该用户可能在调侃或称赞主播“孙老师”精力充沛、状态良好，暗示对其表现或直播内容的认可。
2712,酱油下单了,1,该用户想表达的含义是：我已经购买了直播中推荐的酱油产品。
2713,上银耳,1,该用户想表达的含义是：询问直播间是否会上架银耳产品。
2714,趁热多吃点,0,该用户可能是以调侃或鼓励的语气，暗示主播继续享用当前展示的美食产品，并可能隐含对产品的兴趣或认可。
2715,下次别唱了,0,该用户想表达的含义是：对主播的唱歌表演表示不满或调侃，建议以后不要再唱了。
2716,锅锅锅锅锅锅还有吗,1,该用户急切询问主播是否还有某款锅具库存，表现出强烈的购买意向。
2717,有没有渣,1,该用户可能在询问直播间是否有售卖“渣”相关的产品（如渣饼、豆渣等食品或残渣类商品）。
2718,牛肉干还有货吗,1,该用户是在询问直播间售卖的牛肉干是否仍有库存可供购买。
2719,全骨头一斤里面七两是骨头,1,该用户可能在吐槽产品分量不实，认为实际可食用部分太少，骨头占比过高。
2720,可爱悠悠,0,该用户可能是在夸赞直播中展示的某件商品或主播的表现很萌趣讨喜。
2721,小孙心里有事情绪不好,0,该用户可能在委婉提醒主播小孙状态不佳，希望他调整情绪或休息一下。
2722,太帅了,0,该用户可能是在夸赞主播的外貌或表现，表达对主播的喜爱或欣赏之情。
2723,拉倒吧,0,该用户想表达的含义是：别开玩笑了，我不相信你说的。
2724,很谦虚声音好听,0,该用户是在夸赞主播的说话风格温和有亲和力。
2725,杰西加油炫完,0,该用户是在为主播杰西加油打气，鼓励他继续热情投入直播表演或完成某项展示。
2726,上午好鲨鱼,0,该用户可能在用轻松幽默的方式打招呼，同时暗示对直播中提到的鲨鱼相关产品（如鲨鱼玩偶、鲨鱼图案商品或海鲜）产生兴趣。
2727,男高,0,该用户可能在询问主播展示的男士高领毛衣是否还有库存或何时上架。
2728,加点牛奶吧,1,该用户可能是希望主播在展示或介绍的产品（如饮品或食品）中加入牛奶来提升口感或丰富选择。
2729,自营品呢,1,该用户可能在询问直播间是否有平台自营的商品上架或促销。
2730,小孙,0,"该用户可能在呼唤或提及直播中昵称为""小孙""的主播或嘉宾，表达关注或互动意愿。"
2731,女婿真帅,0,该用户是在夸赞主播或嘉宾的外貌出众，带有欣赏或调侃的意味。
2732,聊天啊东西自己拍,0,该用户想表达的含义是：别闲聊了，商品链接自己点进去看吧。
2733,看看后面的海吧,0,该用户可能对当前展示的产品不感兴趣，希望主播切换镜头或话题到背景中的海景或其他更吸引人的内容。
2734,铁锅,1,该用户可能是在询问直播中展示的铁锅是否还有库存或能否购买。
2735,坚果,1,该用户可能在询问直播中提到的坚果产品是否还有货或想了解相关购买信息。
2736,东方TFboy这三天要轮流拉磨,0,该用户是在用幽默夸张的方式调侃主播团队（东方TFboy）近期高强度直播带货的辛苦状态，暗示他们像驴拉磨一样连续忙碌。
2737,不支持配送,1,该用户想表达的含义是：对商品无法配送到自己所在地区感到失望或不满。
2738,冬冬好帅,0,该用户是在夸赞主播冬冬的外貌吸引人，表达对主播的个人喜爱和关注。
2739,哈哈,0,该用户可能被直播间的轻松氛围或主播的幽默表现逗乐，用“哈哈”表达随性愉悦的情绪，但并未直接体现购买意向。
2740,一斤几个,1,该用户是在询问商品（可能是水果或按斤售卖的小件物品）的单个数量或规格。
2741,自营产品呢,1,该用户可能在询问直播间是否有推荐或展示平台自营的商品。
2742,满小饱肥汁米线还有吗,1,该用户是在询问直播间是否还有“满小饱肥汁米线”这款商品的库存，表现出明确的购买意向。
2743,有那么多野生的吗,1,该用户可能是在质疑直播中宣传的产品是否真的如主播所说有大量野生来源，表达了对产品真实性的怀疑或好奇。
2744,这个排骨还要自己砍吗分开的是一块的能回答一下嘛,1,该用户是在询问排骨是否需要自行切割，以及包装是否为整块分装。
2745,拍不了,1,该用户可能是在表达自己无法成功下单购买当前展示的商品。
2746,大家好,0,该用户可能是在礼貌性地打招呼，试图融入直播间的互动氛围，但并未直接表达明确的购买意向或产品相关问题。
2747,35号链接拍不了,1,该用户想表达的含义是：商品链接无法正常下单购买。
2748,黑芝麻饼什么时候上,1,该用户是在询问黑芝麻饼这款商品的具体上架时间，表现出明确的购买意向和期待。
2749,冲冲冲,1,该用户想表达的含义是：催促主播加快节奏或上架商品，表现出积极参与和购买的急切心情。
2750,明明炫一罐,0,该用户想表达的含义是：想立刻下单购买一罐展示中的产品。
2751,七七开始摸鱼了,0,该用户可能在调侃主播工作不专心，暗示直播内容偏离了商品介绍或互动节奏。
2752,怕不熟,0,该用户担心商品（可能是生鲜或需要烹饪的食材）的质量或成熟度不够。
2753,烤肠,1,该用户可能是在询问或提及直播中展示的烤肠产品，表达了对这款商品的兴趣或疑问。
2754,冯冯优秀,0,该用户是在用主播的名字或昵称（冯冯）表达对主播表现的赞赏和支持。
2755,哇塞鹏鹏好帅,0,该用户是在夸赞主播的外貌以表达对直播内容的喜爱和互动热情。
2756,果冻橙非常好闭眼入,1,该用户想表达的意思是：这款果冻橙品质很好，可以放心购买无需犹豫。
2757,明明泡过脚了,0,该用户可能在调侃主播之前展示或推荐的某款产品（比如泡脚相关商品），暗示自己已经体验过但效果不明显或与宣传不符。
2758,鸡胸肉有么,1,该用户想询问直播间是否有鸡胸肉产品在售。
2759,中灿也很可爱,0,该用户可能在表达对主播或嘉宾“中灿”的喜爱和关注，暗示对其展示的产品或内容产生兴趣。
2760,是个导游那个本本我看到了,0,该用户可能注意到直播中展示的某款与导游相关的笔记本产品并产生了兴趣，暗示自己发现了这个商品的存在。
2761,看着就很香,1,该用户被直播中展示的商品外观或描述所吸引，产生了强烈的购买欲望和食欲联想。
2762,不喝你是果果,0,该用户可能在调侃或反驳主播推荐的饮品，表达自己对“果果”这款产品没有兴趣或不打算购买。
2763,黄豆,1,该用户可能在询问或提及直播中出现的黄豆相关产品，比如询问是否有黄豆售卖或对其感兴趣。
2764,鹏鹏优秀,0,该用户是在夸赞主播“鹏鹏”的表现出色或魅力出众。
2765,小孙辛苦,0,该用户是在对主播小孙的辛勤表现给予鼓励和认可。
2766,拍俩,1,该用户想表达的含义是：我要购买两份这个商品。
2767,失陪,0,该用户想表达的含义是：暂时离开直播间一会儿。
2768,链接不对,1,该用户可能发现直播中提供的商品购买链接有误或无法正常打开，因而提醒主播修正。
2769,给明儿上硬菜,0,该用户想表达的含义是：希望主播明天推荐或展示更吸引人的主打产品。
2770,哪里领券,1,该用户想询问如何在直播间领取优惠券以购买商品。
2771,不压会烂,0,该用户可能是在担心商品（如果冻橙或生鲜类）如果运输过程中没有做好防压措施会导致损坏变质。
2772,一袋儿50克,1,该用户可能是在询问或确认直播中展示商品的规格，比如某款零食或食材的单包重量是否为50克。
2773,橙子再上点,1,该用户希望主播尽快补货或增加橙子的购买链接。
2774,yoyo厉害把别人的恶意化解于无形,0,该用户是在称赞主播yoyo机智幽默，巧妙地将直播间可能的负面评论转化为轻松氛围，展现了高情商和控场能力。
2775,倪萍姥姥家费劲吧,0,该用户可能是在调侃主播或商品介绍不够清晰，表达“理解起来有点费劲”的意思。
2776,除草机去山东吗,0,该用户可能在询问除草机是否支持发货到山东地区。
2777,真的好形象好可爱啊,0,该用户被直播中的某样商品或展示内容所吸引，觉得其生动有趣、萌态十足。
2778,威海,0,该用户可能在询问直播中提到的威海相关产品或服务，比如威海特产、旅游线路等。
2779,我滴妈,0,该用户可能是在表达对直播中某样商品的惊叹或喜爱之情。
2780,可以了,0,该用户可能是在催促主播尽快上架或确认商品信息，表示已经看够了介绍可以进入下一步购买流程了。
2781,鹏鹏,0,该用户可能是在用主播或商品的昵称表达亲切感或支持。
2782,这个好吃,1,该用户想表达的含义是：对直播中展示的食品产生了强烈的购买欲望，认为其看起来非常美味诱人。
2783,辉辉真的是宝藏男孩,0,该用户想表达的含义是：主播辉辉的表现非常出色，让人惊喜且喜爱。
2784,这帮导演真是哎呀皇后,0,该用户可能在调侃直播中导演的表现过于夸张或戏剧化，类似古装剧里的皇后般引人注目。
2785,发光发亮的宇辉老师,0,该用户是在夸赞主播宇辉老师魅力出众、表现亮眼。
2786,打开看看培根啊,1,该用户想表达的含义是：让主播展示或介绍培根产品的详细信息。
2787,拍了,1,该用户想表达的含义是：我已经下单购买了商品。
2788,冬冬声音好听的,0,该用户是在夸赞主播“冬冬”的声音有吸引力，表达了对主播个人魅力的欣赏而非直接的购买意向。
2789,这顺口溜太6了,0,该用户是在夸赞主播或直播内容的口才表现非常出色，带有轻松调侃的赞赏意味。
2790,哈哈哈哈哈,0,该用户被直播间的欢乐氛围或主播的幽默表现逗乐，用笑声表达轻松愉悦的情绪。
2791,发型帅,0,该用户可能是在夸赞主播或嘉宾的发型时尚有型，表达对其形象的欣赏和好感。
2792,萌萌你好,0,该用户可能是在以亲切的称呼向主播（萌萌）打招呼，表达对主播的关注或喜爱。
2793,压压惊,0,"该用户可能在用轻松调侃的语气表达对直播中某个突发状况或搞笑场面的情绪反应，类似于""缓一缓被逗乐/吓到的情绪""。"
2794,枕头们,1,该用户可能是被直播中展示的枕头产品吸引，用昵称化的“枕头们”表达对商品的喜爱和购买兴趣。
2795,怎么做,0,该用户可能在询问主播当前展示产品的使用方法或制作步骤。
2796,双播双播,0,该用户可能在呼吁或期待两位主播同时出镜互动。
2797,霸气侧漏,0,该用户想表达的含义是：主播的表现或形象非常有气场和吸引力。
2798,198元,0,该用户可能是在询问或感叹当前直播商品的售价，对价格表现出关注或犹豫的态度。
2799,红薯好吃吗刚下了一单试试,1,该用户想表达的含义是：对主播推荐的红薯品质有所期待，并已下单购买想尝试一下。
2800,勺子上链接,1,该用户希望主播尽快将勺子商品上架到购买链接。
2801,上砭石揉腹仪,1,该用户是在催促主播尽快上架砭石揉腹仪这款产品，表现出明确的购买意愿。
2802,新鲜,1,该用户想表达的含义是：商品看起来品质很好，让人有购买欲望。
2803,灿灿这个发型好看,0,该用户是在夸赞主播“灿灿”的新发型很吸引人，可能暗示对主播形象或推荐产品的兴趣。
2804,头上那一柳逗死了,0,该用户觉得主播的某个发型细节特别滑稽有趣。
2805,有曲奇饼干吗,1,该用户想询问直播间是否有售卖曲奇饼干这款商品。
2806,哈哈哈哈哈导演神回复,0,该用户被直播中导演的幽默回应逗乐，通过弹幕表达对互动环节的愉悦感受。
2807,七七一直在上班很久没听你和辉辉合唱了,0,该用户是在委婉表达希望主播七七和辉辉能再次合作表演，同时略带关心地提及主播近期工作繁忙的状态。
2808,好漂亮的花,1,该用户被直播中展示的商品（花卉）的外观所吸引，表达了对商品的审美认可和潜在购买意向。
2809,拍了拍了,1,该用户想表达的含义是：我已经下单购买了（主播推荐的商品）。
2810,今晚没牛奶吗,1,该用户可能在询问直播中是否有牛奶相关产品的介绍或促销活动。
2811,遥继续大号下午,0,该用户可能在催促主播尽快上架大号商品或询问大号商品的补货时间。
2812,什么味北京味,0,该用户可能在询问直播中展示的产品是否有特定的“北京风味”款式或口味。
2813,槐花蜂蜜不知道是啥品种,1,该用户对主播提到的槐花蜂蜜的具体品种感到好奇，想进一步了解产品细节以便决定是否购买。
2814,卖锅吗,1,该用户是在询问直播间是否有售卖锅具的意向。
2815,桂花10月,0,该用户可能在询问或暗示主播上架与十月桂花相关的产品，比如桂花香氛、桂花食品等季节性商品。
2816,挎察给邻居拍了一单,0,该用户想表达的含义是：帮邻居下单购买了一件商品。
2817,刚才人生那段说得特别好,0,该用户被直播中关于人生话题的讨论所打动，表达了对主播观点或情感共鸣的赞赏。
2818,一箱多少瓶,1,该用户想询问商品包装规格以评估购买数量是否合适。
2819,炖鸡汤,1,该用户可能在询问直播间是否有适合炖汤的鸡肉或相关食材在售。
2820,冷掉了好像,0,该用户可能是在评论直播中展示的食物或饮品已经变凉，暗示对产品新鲜度或食用体验的担忧。
2821,哈哈哈哈哈,0,该用户是在为导演的幽默回复感到开心而发笑。
2822,你俩有点像,0,该用户可能注意到主播或嘉宾之间的某些相似之处（如外貌、言行或互动风格），并以此作为轻松调侃或表达亲切感的社交互动。
2823,小孙肯定很满意,0,该用户可能在暗示主播小孙对当前推荐的商品或直播内容感到满意，并借此表达自己的认同或购买意向。
2824,哈哈哈哈哈哈哈,0,该用户被直播中的搞笑互动逗乐，纯粹在表达欢乐情绪而非购买意向。
2825,辉辉回北京了,0,该用户可能在询问主播辉辉是否已经回到北京，并期待他与另一位主播七七再次合作表演。
2826,红肠里面有淀粉吗,1,该用户是在询问产品成分以确认是否符合自己的购买需求。
2827,过一阵开完会估计北京就能发了,1,该用户可能是在回应关于物流时效的讨论，暗示等自己开完会后北京的配送限制可能会解除，届时就能正常发货了。
2828,帅帅的冬冬,0,该用户可能在夸赞主播或嘉宾的外表帅气，表达对直播内容的喜爱和互动热情。
2829,成都成都,0,该用户可能在询问直播商品是否支持发货到成都地区，或是表达对成都相关产品的兴趣。
2830,终于回归本龄了,0,该用户想表达的含义是：主播终于回归到适合自己年龄段的风格或话题了。
2831,牛肉丸来一波,1,该用户想表达的含义是：提议主播上架或推荐牛肉丸产品。
2832,我不是要煮的我要剪的这种,0,该用户想表达的是：我需要的是用来剪东西的款式，而不是用来煮的款式。
2833,好想做中灿的邻居,0,该用户表达的是对主播中灿的喜爱和亲近感，希望能有更多机会接触到他。
2834,冯冯好帅,0,该用户是在夸赞主播的外貌或表现，表达对主播的喜爱和支持。
2835,玉没有哦,1,该用户想表达的含义是：当前直播展示的商品中没有玉石类产品。
2836,上次数7个不是,0,该用户可能是在纠正主播之前提到的商品数量信息，暗示上次活动时商品数量是7个而非当前所说的数量。
2837,挺顺口的,0,该用户觉得产品口感不错，对商品产生了兴趣。
2838,近亲,0,该用户可能在调侃主播或观众中某些人的长相或行为相似，暗示他们有亲属关系。
2839,意面不辣的是哪一款,1,该用户想询问直播间推荐的意大利面中哪一款口味是不辣的。
2840,七七姐姐唱Headandshoulderskneesandtoes这是我的作业,0,该用户可能是想通过提及主播唱过的英文儿歌来互动，同时暗示自己正在完成相关作业任务。
2841,为啥第一单可以第二单就地址不支持配送了啊,1,该用户因首次下单成功但第二次尝试时发现收货地址无法配送而感到困惑，质疑平台配送政策的不一致性。
2842,下单配厨师吗,1,该用户是在询问购买商品后是否会提供配套的烹饪服务或人员。
2843,九块九包邮可以吗,1,该用户是在询问主播能否以九块九的优惠价格包邮购买当前展示的商品。
2844,鹏鹏100天拉磨快乐,0,该用户可能在以幽默调侃的方式庆祝主播“鹏鹏”持续进行直播带货满100天，暗示其像驴拉磨一样辛勤工作。
2845,白色,1,该用户可能是在询问或确认直播中展示的某款商品是否有白色款式可选。
2846,上就有嘴问眼睛用来干嘛的,0,该用户可能是在吐槽其他观众提问过于无脑，认为有些问题明明自己观察或思考就能解决（比如产品细节通过直播画面就能看到），却还要反复发弹幕询问。
2847,还在吃饭,0,该用户想表达的含义是：自己暂时无法参与互动或下单，因为正在用餐。
2848,冬天组合,0,该用户可能是在询问直播间是否有适合冬季搭配的服装或商品组合推荐。
2849,我们家就爱吃带鱼,1,该用户可能是在暗示对直播中展示的带鱼产品有兴趣，表示自家有食用习惯，适合购买。
2850,一盒8个,1,该用户可能在询问或确认商品规格，表达“这款产品每盒的包装数量是8个吗”的意思。
2851,买了蒸着吃吗,1,该用户可能在询问购买该产品后是否适合蒸制食用，表达了对商品具体烹饪方式的兴趣。
2852,小鬼当家想干啥就干啥,0,该用户可能在调侃直播间的自由购物氛围，表达一种“随心所欲、想买就买”的轻松消费心态。
2853,可以喝芝麻味面条,1,该用户可能是对直播中提到的芝麻味面条产品感到好奇或感兴趣，想确认产品是否可食用或询问具体食用方式。
2854,亲爱的七七你值得最好的,0,"该用户是在向主播""七七""表达喜爱和支持，暗示愿意为其推荐的产品买单。"
2855,貌似跑回来了1万人,0,该用户可能是在调侃直播间观众回流的现象，暗示之前流失的观众又回来了1万人，以此表达对主播人气波动的观察或对直播吸引力的认可。
2856,我捣碎包饺子的,1,该用户想表达的是询问这款饺子馅料是否适合捣碎后包饺子食用。
2857,甜我拍的已经到了准备再拍,1,该用户想表达的含义是：之前购买的商品已经收到且满意，现在打算再次下单购买同款。
2858,冯冯是艺术家,0,该用户可能在以调侃或夸赞的方式表达对主播（冯冯）独特风格或表现力的认可，暗示其直播内容有艺术感或与众不同。
2859,明明今天好厉害,0,"该用户是在夸赞主播""明明""今天表现出色，可能是在回应主播的精彩讲解或带货技巧。"
2860,明明几点,0,该用户可能在询问主播“明明”这个角色或商品的出场或促销时间。
2861,天权头脑游刃有余,0,该用户是在夸赞主播“天权”思维敏捷、控场能力强，能够轻松应对直播中的各种情况。
2862,我的优惠券不能用,1,该用户可能因优惠券使用受限而感到不满，暗示希望主播或运营人员解决优惠券失效的问题。
2863,上去甲醛的,0,该用户可能在询问直播中展示的商品是否具有去除甲醛的功能。
2864,戏精,0,该用户可能在调侃主播表演夸张或直播氛围戏剧化，带有轻松吐槽的意味。
2865,在哪领,0,该用户想询问领取优惠券或购买链接的具体位置。
2866,偏食症治好了,0,该用户想表达的是直播中展示的食品让自己克服了挑食的习惯，产生了强烈的购买欲望。
2867,双播一会儿,0,该用户希望两位主播能一起多直播一会儿。
2868,鳕鱼里面有刺吗,1,该用户是在询问鳕鱼的食用安全性，担心鱼刺影响食用体验，以此判断是否值得购买。
2869,有没有牛肉干,1,该用户是在询问直播间是否有售卖牛肉干这款产品。
2870,熟练的心疼,0,该用户可能在调侃主播或商品介绍过于熟练，反而显得缺乏真诚让人心疼。
2871,啊哈哈哈哈,0,该用户可能是被直播间的欢乐氛围或主播的幽默表现逗乐了，用笑声表达轻松愉快的情绪。
2872,咸甜灌肠,1,该用户可能在询问直播中介绍的灌肠产品是咸口还是甜口的风味。
2873,好久没看明明播了好像变帅了,0,该用户想表达的含义是：对主播久违露面并展现新形象的惊喜与好感。
2874,很想让冯冯给教教画画,0,该用户表达了对主播冯冯绘画才艺的欣赏，并希望获得其绘画技巧的指导。
2875,七宝油他,0,该用户可能在询问或提及直播中展示的某种名为“七宝油”的产品。
2876,认真工作的明王爷,0,"该用户是在夸赞主播""明王爷""专注投入的直播表现，表达了对主播专业态度的欣赏和喜爱。"
2877,没货了,1,该用户想表达的含义是：想购买的商品已经售罄了。
2878,我煎的时候放鸡蛋里泡一下效果更好,1,该用户可能是在分享一种烹饪技巧，建议将某样食材（如鳕鱼或牛肉干）在煎制前蘸取蛋液以提升口感或外观效果。
2879,西装穿上好精神西装穿上好精神西装穿上好精神西装穿上好精神西装穿上好精神,0,该用户通过重复强调“西装穿上好精神”，表达对主播着装效果的强烈认可和喜爱，暗示对同款西装的购买兴趣或希望主播展示更多服装细节。
2880,为什么其他人都走了,0,该用户可能注意到直播间观众数量突然减少，感到疑惑并想询问其他人离开的原因。
2881,妹妹比刚来的时候胖了啊,0,该用户可能是在调侃主播外貌变化，暗示关注主播已久并注意到其体型变化，带有亲切的互动意味而非真正的购买意向。
2882,口味甜吗这个奶,1,该用户想询问这款牛奶的甜度是否明显，以判断是否符合自己的口味偏好。
2883,双眼皮好好看,0,该用户可能是在夸赞主播或展示商品的某个外观特征很吸引人，暗示对相关产品或妆容效果产生了兴趣。
2884,炒菜可以吗,1,该用户可能在询问直播中展示的某款厨具或食材是否适合用于炒菜，表现出对产品功能的兴趣。
2885,69号链接有亚麻籽油价格很实惠亚麻籽油降三高的,1,该用户想表达的含义是：69号链接的亚麻籽油性价比很高，而且对降三高有功效，值得购买。
2886,厨房用纸,1,该用户可能在询问直播间是否有厨房用纸这款产品，或对正在展示的厨房用纸产生购买兴趣。
2887,天权形象大变呀好帅,0,该用户是在夸赞主播天权的外形变化，表达对其新形象的欣赏和喜爱。
2888,来啦来啦,0,该用户想表达的含义是：我准时到场观看直播了。
2889,锅有多重女生一个手能端动吗,1,该用户是在询问产品（锅）的重量是否适合女性单手操作，隐含对产品实用性的关注和潜在的购买意向。
2890,好帅鹏鹏,0,该用户是在夸赞主播的外表出众，表达对主播形象的喜爱和欣赏。
2891,欢迎七七,0,"该用户是在热情欢迎主播""七七""的到来，表达对主播的支持和喜爱。"
2892,yoyo你可长点心,0,该用户可能在善意调侃主播不够细心或提醒主播注意某些细节问题。
2893,M加会员,1,该用户想表达的含义是：询问如何加入会员或了解会员权益。
2894,怎么做,0,该用户可能在询问主播当前演示的产品（如烹饪工具或食材）的具体使用方法或操作步骤。
2895,人气票人气票人气票人气票人气票人气票人气票人气票人气票人气票,0,该用户可能在呼吁其他观众为主播投人气票以提升直播间热度，而非直接表达购买意向。
2896,自助下单冬天囤点货,1,该用户想表达的含义是：打算自行购买商品为冬季做准备。  （结合前文语境，直播间在讨论食品、厨房用品等实用商品，且部分弹幕涉及价格、功能等购买相关因素，用户可能受氛围影响产生主动囤货的意愿。）
2897,冯冯冯冯,0,该用户可能在热情呼唤主播的名字（冯冯），表达对主播的喜爱或互动意愿。
2898,犁膏哺乳期妈妈可以喝吗,1,该用户是在询问该产品（犁膏）是否适合哺乳期女性饮用，以确认其安全性和适用性。
2899,陪鹏鹏,0,该用户想表达的含义是：支持或喜爱主播鹏鹏，并希望陪伴他互动。
2900,哈哈笑死,0,该用户被直播内容或主播的幽默表现逗乐，通过弹幕表达轻松愉快的情绪互动。
2901,辣吗,1,该用户想询问直播中展示的食品或调味品的辛辣程度。
2902,一路有海鸥跟着船,0,该用户可能在描述直播画面中出现的场景（如海鸥跟随船只），以此表达对直播内容或氛围的沉浸式关注，而非直接购买意向。
2903,16号什么优惠,1,该用户想询问16号商品的具体促销活动或折扣力度。
2904,鲅鱼饺子绝绝子,1,该用户想表达的含义是：这款鲅鱼饺子非常美味，让人赞不绝口。
2905,鹏鹏好帅,0,该用户是在表达对主播鹏鹏外貌的赞赏，属于互动型弹幕而非直接购买意向的表达。
2906,你们卖的不锈钢菜板不是304钢质量太差了,1,该用户是在质疑并抱怨商家宣传的不锈钢菜板材质未达到304钢标准，认为产品质量低劣不符合预期。
2907,欢迎七七,0,该用户是在向刚进入直播间的主播或观众“七七”表示友好问候。
2908,领了,0,该用户想表达的含义是：已经领取了直播间发放的优惠券或福利。
2909,我原谅你了,0,该用户可能是在主播回应或解决了之前关于产品质量的吐槽（如不锈钢菜板问题）后，用调侃的语气表示对主播的谅解或释怀。
2910,继续多的看不到字了,0,该用户可能在抱怨直播间弹幕刷屏过快导致重要信息（如产品介绍或优惠详情）被淹没，希望主播或管理员能适当控制弹幕节奏。
2911,女婿,0,该用户可能是主播的亲友或粉丝，用“女婿”作为昵称或调侃称呼来互动或表达亲近感。
2912,为啥上海发布了,0,该用户可能是在询问直播间为何没有及时发布或展示上海地区的相关商品信息或促销活动。
2913,幸好鹏鹏颜值够高,0,该用户是在调侃主播的颜值是吸引自己继续观看直播的主要动力，暗示对产品本身兴趣不大但愿意因主播个人魅力停留。
2914,新疆不发货,1,该用户可能因看到商品信息或优惠活动后，发现自己的所在地（新疆）无法享受配送服务而感到遗憾或提出疑问。
2915,像新郎,0,该用户可能是在调侃主播或某位观众的外貌或穿着风格与新郎相似。
2916,冯冯,0,该用户可能在热情呼唤或支持主播“冯冯”，表达对主播的喜爱或互动意愿。
2917,溜达羊,0,"该用户可能是在用昵称或调侃的方式提及直播间的某个商品或人物（如""溜达羊""可能是产品昵称或主播绰号），表达轻松随性的互动意图。"
2918,7号没有了吗,1,该用户可能在询问直播间此前展示过的7号商品是否已经售罄或下架。
2919,哈哈哈哈,0,该用户被直播间的搞笑互动或主播的幽默表现逗乐，用笑声表达轻松愉快的观看情绪。
2920,鹏鹏帅气呦,0,该用户是在夸赞主播鹏鹏的外表吸引人，表达对主播的喜爱和关注。
2921,来来来,0,该用户可能在催促主播加快节奏或展示更多商品，表达一种急切参与的购买意愿。
2922,鹏鹏在卖力冯冯在卖萌,0,该用户是在调侃两位主播的不同风格，一个在努力推销产品，另一个则在用可爱形象吸引观众。
2923,支持明明大哥哥,0,"该用户是在表达对主播""明明""的喜爱和支持，带有粉丝应援性质的情感互动。"
2924,哈哈哈哈他不懂爱情,0,该用户是在用调侃的语气评论主播的表现，暗示主播在讲解产品时显得笨拙或不够浪漫。
2925,我要吃锅盔,1,该用户可能因主播推荐或展示锅盔产品而产生了明确的购买欲望。
2926,北京为啥拍不了,1,该用户想表达的含义是：询问商品为何不支持北京地区的配送或购买。
2927,哇喔,0,该用户可能被直播中的某个亮点瞬间（如产品展示、主播互动或幽默场景）所吸引，发出感叹以表达惊喜或赞赏的情绪。
2928,冯冯讲课的时候是老师吃饭时候小奶娃,0,该用户想表达的含义是：主播冯冯在讲解产品时显得专业严肃，而在休息互动时又展现出可爱亲切的一面。
2929,啥都吃遍了,0,该用户可能是在表达自己已经尝试过很多同类产品，暗示对当前直播推荐的商品缺乏新鲜感或购买兴趣。
2930,用你没有吧,0,该用户可能在调侃主播或商品缺货，暗示“你（主播/商品）没有这个功能/库存吧”。
2931,优秀,0,该用户是在称赞主播的表现或商品的质量，表达积极的认可态度。
2932,王缙是他弟弟,0,"该用户可能是在纠正或补充主播提到的某个名人关系，暗示""王缙""与当前讨论对象存在亲属关联。"
2933,支持,0,该用户可能在表达对主播或直播内容的认可与鼓励。
2934,天权这么可爱的吗,0,该用户被主播天权的可爱表现所吸引，表达了对主播个人魅力的喜爱和关注。
2935,脸红了,0,该用户可能是在调侃主播的可爱表现或害羞反应。
2936,七七又在播辛苦了,0,该用户想表达的含义是：对主播七七持续直播的辛勤付出表示慰问和支持。
2937,海参有吗海参有吗海参有吗,1,该用户急切地询问直播间是否有海参产品在售，表现出强烈的购买意向。
2938,天咋黑了,0,该用户可能是在调侃直播间的灯光或画面突然变暗，或是用幽默的方式表达对当前直播内容变化的疑惑。
2939,上海乍不发,1,该用户可能在询问为什么上海地区无法购买或参与直播间的活动。
2940,吃完再说话别呛着了孩子,0,"该用户是在善意提醒主播（可能是""冯冯""或""鹏鹏""）先专心吃饭别急着说话，既表达对主播健康的关心又带着亲昵的调侃。"
2941,喜欢冯冯,0,"该用户想表达对主播""冯冯""的喜爱和支持。"
2942,天黑了吗,0,该用户可能是在调侃或注意到直播间的光线变化，暗示环境突然变暗或画面色调改变。
2943,发什么快递,1,该用户可能是在询问商品发货的物流方式或配送范围。
2944,冬冬声音好好听,0,该用户是在夸赞主播冬冬的声音有吸引力，表达对主播个人魅力的欣赏而非直接购买意向。
2945,人气票送一送要被反超了,0,该用户是在呼吁其他观众帮忙投送人气票，担心当前直播间的人气排名会被竞争对手超越。
2946,这个应该好吃,1,该用户可能是被直播中展示的食品吸引，产生了尝试购买的意愿。
2947,都买不了不知道啥情况,1,该用户可能因直播间的商品链接失效或购买流程出现问题而感到困惑和不满，想表达自己无法完成购买的 frustration。
2948,色盲,0,该用户可能在询问直播中展示的商品是否存在色盲人士无法辨识颜色的问题。
2949,哈哈哈哈哈哈哈哈哈哈哈哈,0,该用户可能被直播间的搞笑互动或主播的幽默表现逗乐，用连续笑声表达轻松愉快的观看体验。
2950,哇还穿上西装,0,该用户可能在表达对主播着装变化的惊喜和赞赏，暗示主播换上西装后形象气质提升带来的眼前一亮的感觉。
2951,穿西服好看真帅,0,该用户想表达的含义是：主播穿西装的样子非常吸引人，让人产生好感。
2952,辉辉回去了,0,该用户可能是在询问或提醒主播“辉辉（某个主播或嘉宾）已经离开直播间了”。
2953,买不了自营啊不配送,1,该用户想表达的含义是：由于商品属于自营且不提供配送服务，导致自己无法完成购买。
2954,广东可以拍,1,该用户想询问商品是否支持配送到广东地区。
2955,冬冬今天辛苦了,0,该用户想表达的含义是：对主播冬冬的辛勤付出表示关心和感谢。
2956,大家左上角点点关注右下角小黄车自助下单购买,0,该用户是在引导观众关注主播并提醒他们通过购物车自行下单购买商品。
2957,哈哈哈明明哭一个,0,该用户是在用调侃的语气起哄，希望主播表演假哭来活跃气氛。
2958,这个妹妹专业干饭的吗,0,该用户是在调侃主播吃饭的样子很投入，像是在专业吃饭的人。
2959,帅呢很,0,该用户想表达的含义是：主播穿西装的样子非常帅气。
2960,成都为啥不能拍了,1,该用户想表达的含义是：询问为何成都地区无法下单购买直播间的商品。
2961,新东方的产品质量好,1,该用户是在认可主播推荐的产品质量，暗示自己可能对购买感兴趣。
2962,青岛天黑这么早,0,该用户可能是在询问或感叹青岛地区的天黑时间与其他地方不同，暗示对直播所在地或商品产地的时差或气候特点感到好奇或意外。
2963,可爱的孩子们,0,该用户可能是在夸赞直播中出现的儿童形象或相关产品很讨人喜欢。
2964,辉辉还会来吗,0,"该用户可能在询问主播""辉辉""是否会再次返场参与直播活动。"
2965,韮黄,1,该用户可能在询问直播中展示的韭黄产品是否可以购买或对其品质表示兴趣。
2966,不是我说的,0,该用户可能在澄清自己并非之前某条弹幕的发布者，或是否认他人误将其他言论归咎于自己。
2967,冬冬冬冬冬冬冬冬,0,"该用户可能在通过重复主播名字""冬冬""的方式表达对主播的喜爱或支持，类似于直播间常见的刷屏式互动。"
2968,我现在等冯冯,0,"该用户可能在表达对主播""冯冯""的期待，希望TA尽快出现在直播中或继续参与互动。"
2969,可以上点好的唱片,1,该用户希望主播推荐或上架一些高品质的音乐唱片。
2970,明明的芝麻,1,该用户可能在调侃或呼唤主播“明明”，并提及直播中出现的芝麻相关产品或情节。
2971,优秀,0,该用户想表达的含义是：对主播的表现或产品表示高度认可和赞赏。
2972,哈哈哈哈哈哈哈哈哈,0,该用户可能被直播间的轻松氛围或某句幽默评论逗乐，纯粹在表达欢乐情绪而非购物意向。
2973,晚上好,0,该用户可能是在礼貌性地打招呼或参与直播间互动，表达一种轻松随意的观看状态。
2974,现在在山东还是在北京,0,该用户可能在询问商品的发货地或直播所在地，以确认自己所在地区是否能购买或了解物流信息。
2975,褐牛乳还有吗,1,该用户想询问直播间是否还有褐牛乳这款商品库存。
2976,有北极甜虾么,1,该用户是在询问直播间是否有售卖北极甜虾这款产品。
2977,不支持发货,1,该用户可能是在询问或抱怨商品不支持发往自己所在的地区。
2978,两人都好棒,0,该用户可能是在称赞直播中的两位主播或嘉宾的表现出色，表达了对他们的欣赏和支持。
2979,今天又饼吗,1,该用户可能在询问直播间今天是否会上架或促销某种名为“饼”的商品。
2980,冯冯跳的,0,该用户想表达的含义是：期待主播冯冯的表演或出场。
2981,撒花视频从你开播的几千点赞到现在3万多,0,该用户想表达的含义是：感慨主播的人气增长迅速，从开播时的少量点赞到现在已经积累了可观的关注度。
2982,好帅,0,该用户是在夸赞直播中的主播或商品展示者外形出众，表达了对当前画面的欣赏和喜爱。
2983,新鲜吗,1,该用户是在询问直播中所售商品（可能是生鲜类产品）的品质是否良好、是否保证新鲜。
2984,能剥开吃吗只能榨汁,1,该用户是在询问直播中展示的水果是否可以像普通水果那样直接剥皮食用，还是只能用于榨汁加工。
2985,主播晚上好,0,该用户是在礼貌性地打招呼，试图与主播建立互动关系，但并未直接表达明确的购买意向。
2986,冬冬是个好孩子,0,该用户是在夸赞主播或直播间的某个角色（如“冬冬”）表现良好，表达对其的喜爱或认可。
2987,可以炒菜吗,1,该用户可能在询问直播中展示的产品是否适合用于烹饪炒菜。
2988,第二个顿顿,0,该用户可能在询问或期待主播介绍名为“顿顿”的第二款商品。
2989,宝你都没灯牌的,0,该用户可能在委婉提醒主播或运营方没有设置粉丝灯牌等互动标识，暗示希望加强粉丝福利或互动体验以激发购买兴趣。
2990,很舒服的,0,该用户想表达的含义是：对当前展示的商品或使用体验感到满意和认可。
2991,有没有黑芝麻饼,1,该用户是在询问直播间是否有售卖黑芝麻饼这款产品。
2992,我也是下单了,1,该用户想表达的含义是：我已经跟随直播间的推荐完成了购买。
2993,压住食材再挂,1,该用户可能在询问主播是否需要用特定方式处理食材（比如压住再悬挂）以便更好地保存或展示商品。
2994,哈哈哈,0,该用户可能被直播间的轻松氛围或主播的幽默表现逗乐，通过笑声表达愉悦情绪并参与互动。
2995,没了,0,该用户想表达的含义是：之前询问的商品已经售罄了。
2996,孕妇可以吃吗,1,该用户是在询问产品是否适合孕妇食用，以确认安全性并评估是否购买。
2997,这骨头长得也很有感觉,1,该用户可能是在夸赞直播中展示的某款食品（如骨头形状的零食或食材）的外观设计独特或造型有趣，表达了对产品的欣赏和潜在购买兴趣。
2998,烟台,0,该用户可能是在询问直播中展示的产品是否产自烟台，或者对烟台相关的产品特性感兴趣。
2999,关注东方中灿,0,该用户可能是想通过关注主播来表达支持或认可，希望后续能继续观看直播或参与互动。
3000,炒小白菜粉丝,1,该用户可能是在询问主播展示的食材（如小白菜或粉丝）是否可以用于炒菜，表达了对产品烹饪方式的兴趣。
3001,撒花视频在哪我想瞅瞅,0,该用户想表达的含义是：询问之前提到的撒花视频在哪里可以观看。
3002,胡志鹏笑死,0,该用户是在调侃主播胡志鹏的某个搞笑举动或表现，觉得很有趣。
3003,哈哈,0,该用户可能是被直播间的轻松氛围或主播的幽默表现逗乐了，用“哈哈”表达随性的互动愉悦感。
3004,最近几个主播互相倒发胶吗,0,该用户可能在调侃主播们频繁互相推荐或展示同一款发胶产品，暗示他们存在商业合作或跟风推销的行为。
3005,音乐,0,该用户可能是在提醒主播调整背景音乐的音量或风格，或是单纯对当前播放的音乐表示关注。
3006,太沉了,0,该用户可能是在抱怨当前展示的商品重量过大，不太方便使用或携带。
3007,烤肠加烤肠加烤肠加烤肠加烤肠加烤肠加烤肠加烤肠加烤肠加烤肠加烤肠加烤肠加,1,该用户可能是以夸张重复的方式表达对烤肠产品的强烈兴趣或迫切购买欲望。
3008,肉香吗,1,该用户可能在询问直播中展示的肉类产品的气味是否诱人，以此判断是否值得购买。
3009,我知道,0,该用户想表达的含义是：我已经了解或注意到之前讨论的内容或产品信息。
3010,东方小孙很会选人用人,0,该用户是在称赞主播团队的管理能力优秀，暗示对直播内容和选品质量的认可。
3011,冬被吗,1,该用户可能在询问直播中展示的商品是否为冬季使用的被子。
3012,昨天买的榴莲千层蛋糕孩子今天已经吃上了,1,该用户想表达的含义是：对之前购买的榴莲千层蛋糕表示满意，并暗示产品品质好到孩子已经迫不及待享用。
3013,有嚼劲,1,该用户可能是在评价直播中展示的食品口感，暗示对产品质地感到满意或产生兴趣。
3014,上骞,0,该用户可能在询问主播展示的商品是否是“上等骞驴肉”或类似的高品质肉类产品。
3015,七七很真诚,0,该用户可能是在称赞主播“七七”的表现真实可信，从而间接表达对直播内容或推荐产品的认可和潜在购买兴趣。
3016,关注新东方好久了今天第一次下单,1,该用户想表达的是：作为长期关注新东方的粉丝，终于在这次直播中被产品打动并完成了首次购买。
3017,章丘铁锅啥时候会有,1,该用户想询问章丘铁锅这款产品何时会再次上架或出现在直播中。
3018,杰西辛苦,0,该用户可能在表达对主播杰西的关心或鼓励，暗示主播的卖力表现值得认可。
3019,挡住就挡住呗,0,该用户想表达的含义是：对当前直播画面被遮挡的情况表示无所谓或不介意。
3020,鹏鹏刚刚儿子说收到了酱油两壶我忘改地址了猕猴桃又送儿子学校去了能不能改地址,1,"该用户想表达的含义是：因收货地址设置错误导致两批商品分别误送到儿子处和学校，希望客服协助修改地址。  （分析依据：结合前文弹幕中频繁出现的购物相关反馈（如""昨天买的榴莲千层蛋糕孩子今天已经吃上了""）和物流问题（如""太沉了""），可推断直播间观众正在讨论商品收货体验。目标弹幕用户通过具体案例（酱油、猕猴桃误送）凸显地址管理需求，动机是寻求售后支持而非单纯吐槽。）"
3021,胶东人不这个调,0,该用户可能在调侃主播的口音或说话方式与胶东地区的方言习惯不符。
3022,猕猴桃,1,该用户是在询问或确认直播中提到的猕猴桃产品相关信息，可能是对其购买或配送细节存在疑问。
3023,昨天的羊肚菌什么时候上,1,该用户是在询问之前直播中提到的羊肚菌商品何时会再次开售，表现出明确的购买意向。
3024,鹏鹏老师越来越优秀了,0,该用户是在夸赞主播的专业表现或人格魅力，但并未直接表达对商品的购买意向。
3025,扯一会吧,0,该用户可能是在提议主播暂时放松节奏，闲聊互动一会儿。
3026,跳操的是明明吧,0,该用户可能是在确认直播中正在跳操的主播身份，表达对主播的关注或互动兴趣。
3027,数一下吧,0,该用户可能在催促主播展示或清点当前推荐的商品数量。
3028,今天三个号主播都统一穿西装了,0,该用户注意到主播团队的着装统一性，可能是在调侃或赞赏团队今天的整体形象变化。
3029,鹏鹏阳光帅气,0,该用户想表达的含义是：对主播鹏鹏的外形气质表示赞赏和喜爱。
3030,烟薯还有吗,1,该用户是在询问直播间是否还有烟薯这款商品在售，表达了对该产品的购买意向。
3031,不支持配送,1,该用户想表达的含义是：商品无法配送到自己所在的地区。
3032,货币贸易和易货贸易,0,该用户可能在询问或比较直播间的支付方式，比如是否支持货币交易或实物交换。
3033,二套是啥,0,该用户可能在询问直播中提到的“第二套”商品的具体信息或内容。
3034,摇摇乐是把米饭放进去摇啊摇就成了圆形的饭团,1,该用户可能是在询问或确认“摇摇乐”饭团制作工具的使用方法，表现出对这款产品的兴趣和好奇。
3035,鲅鱼权,1,该用户可能在询问或提醒主播关于“鲅鱼水饺”这款产品的相关信息或上架时间。
3036,没有色素都是果蔬汁,1,该用户想表达的含义是：这款产品是天然健康的，因为它的颜色来自果蔬汁而非人工色素。
3037,杰西问几点下班,0,该用户可能在询问主播杰西的直播结束时间，以便安排自己的观看或购买计划。
3038,没了,0,该用户可能是在询问或感叹某款商品（如烟薯或猕猴桃）已经售罄或下架了。
3039,合唱一首,0,该用户可能是希望主播或嘉宾在直播中一起表演合唱歌曲，以活跃气氛或增加互动趣味。
3040,广州为什么拍不了,1,该用户想表达的含义是：询问为何广州地区无法购买直播间的商品。
3041,一说书就慷慨激昂神采奕奕,0,该用户想表达的含义是：主播一提到书籍相关话题就表现得特别兴奋有感染力。
3042,男人的嘴不能相信晚上包饺子也不能信每天画大饼的人在哪里呢,0,"该用户是在吐槽主播经常承诺但未兑现（如晚上包饺子），用""画大饼""讽刺其习惯性给出空头承诺的行为。"
3043,什么快递发,1,该用户是在询问商品发货时会使用哪家快递公司配送。
3044,手工皂,1,该用户可能在询问直播间是否有手工皂产品在售或对其产生兴趣。
3045,面饼非油炸吗,1,该用户是在询问产品（可能是方便面或类似食品）的面饼是否为非油炸工艺制作的健康食品。
3046,我们海南的煎海鱼都不放生粉或红薯粉的吃的是原味,1,该用户可能是在强调海南煎海鱼的烹饪特色，以此暗示对产品的品质认可或表达购买意向。
3047,人生足矣,0,该用户想表达的含义是：对当前直播展示的产品或内容感到非常满意，已经产生了强烈的购买或拥有欲望。
3048,啥情况,0,该用户可能在询问当前直播间的商品展示或活动规则突然发生了变化，或是没跟上主播的操作节奏而感到困惑。
3049,明明会把铁皮捏扁再扔暖心,0,该用户可能在调侃直播中展示的产品耐用性或环保处理方式，暗示产品材质（如铁皮）看似结实但实际容易被破坏，并以一种幽默的方式表达对回收环节的暖心感受。
3050,买了的回头反馈一下口感,1,该用户希望已经购买产品的观众能分享食用后的真实体验，以此作为自己的购买参考。
3051,挺好玩的,0,该用户觉得直播间的互动氛围或产品展示方式很有趣，产生了积极的观看体验。
3052,S性空山,0,该用户可能在调侃或吐槽直播内容与标题不符，暗示所谓的“S性”商品（如某种产品特性）实际效果空洞不实。
3053,宁夏入场,0,该用户可能是想询问直播中提到的“宁夏”相关产品或活动如何参与或购买。
3054,一个月一次,0,该用户可能是在询问直播间的促销活动频率，比如“这个优惠活动是每月一次吗？”
3055,敬佩敬佩东方小孙,0,该用户可能是在称赞主播“东方小孙”的表现或人格魅力，表达对其专业能力或态度的欣赏。
3056,请低调冯冯也是语文老师文学功底超棒,0,"该用户是在夸赞主播""冯冯""的文学素养深厚，暗示其作为语文老师的专业能力值得信赖。"
3057,有没有低脂牛奶认养一头牛,1,该用户是在询问直播间是否有售卖低脂版本的认养一头牛品牌牛奶，表现出对该产品的具体需求意向。
3058,牛肉干有吗,1,该用户是在询问直播间是否有售卖牛肉干这款产品。
3059,不吃就饿着,0,该用户可能是在调侃或抱怨当前直播推荐的产品不符合自己的需求，暗示“如果你们不提供我想买的东西，那我就只能饿着了”。
3060,性别不重要,0,该用户想表达的含义是：产品的适用性不受性别限制，大家都可以购买使用。
3061,苹果加一下库存吧,1,该用户希望主播增加苹果商品的库存以便购买。
3062,比牛排好吃,1,该用户想表达的含义是：当前直播推荐的产品口感优于牛排，值得购买。
3063,拍不了沈阳,1,该用户想表达的含义是：无法选择沈阳作为收货地址进行下单。
3064,王爷的好看我不知道我晕没,0,"该用户可能是在调侃或感叹主播（或某商品）的外表过于惊艳，以至于自己有些不知所措、被""帅晕/美晕""了。"
3065,大晚上的好么,0,该用户可能在调侃或吐槽直播时间安排得较晚，隐含“这么晚还在直播合适吗”的轻微戏谑意味。
3066,配角表都有啥,1,该用户可能在询问直播中展示的配角产品（如配菜、配料或周边商品）的具体种类或清单。
3067,拍不了,1,该用户想表达的含义是：当前商品无法下单或购买失败。
3068,没吃过,0,该用户可能是在表达对直播中介绍的产品缺乏尝试经验，但隐含了对产品的好奇或潜在的购买意向。
3069,一人干到十二点,0,该用户可能是在感叹自己熬夜观看直播到深夜，暗示对直播内容感兴趣或想继续关注商品信息。
3070,刚刚羊排一块就是一袋吗,1,该用户是在询问直播中展示的羊排是否以单块独立包装的形式售卖。
3071,以后得加强安保了心理扭曲的人太可怕,0,该用户可能是在针对直播中提到的某个商品或服务的安全问题（如食品卫生、物流包装等）表达担忧，暗示需要提升相关保障措施来防范潜在风险。
3072,不给配送,1,该用户想表达的含义是：商品无法配送到自己所在的地区。
3073,4斤几个,1,该用户可能在询问商品规格，想知道“4斤装的商品里面包含几个独立包装或具体数量”。
3074,免费人气票送一送不要留,0,该用户是在呼吁其他观众赠送免费的人气票以提升直播间热度，暗示大家不要保留闲置的票券。
3075,裹着热不,1,该用户可能是想问直播中展示的衣物或食品在穿着或食用时是否会让人感到闷热不适。
3076,来点搞笑的,0,该用户可能是在暗示直播内容过于单调，希望主播能增加一些轻松幽默的互动环节来活跃气氛。
3077,去喝喜酒的么,0,该用户可能在调侃直播间的氛围过于热闹或混乱，像是在参加一场喜庆的婚宴。
3078,听说山东高速修的是最宽的了,0,该用户可能是在调侃或转移话题，暗示当前直播内容与山东高速无关，或者以夸张的方式表达对商品尺寸/分量的好奇（比如询问商品是否“宽如山东高速”）。
3079,超过2颗就是很多颗,0,该用户可能在调侃或强调主播对产品数量的描述过于夸张，暗示“两颗以上就算很多”的说法有些离谱。
3080,就皮芽子更好吃,1,该用户想表达的含义是：相比其他食材，洋葱的口感更胜一筹。
3081,鹏鹏先吃饭,0,该用户可能在催促主播暂停直播先去用餐，或是用轻松调侃的方式表达对主播长时间工作的关心。
3082,蓝胖子没了么,1,该用户是在询问直播间之前展示的某款蓝色商品（可能是玩偶或食品）是否已经售罄或下架了。
3083,空气炸锅呢,1,该用户可能在询问直播间是否展示或推荐了空气炸锅产品。
3084,7宝7宝可爱宝宝,0,该用户是在用亲昵的称呼表达对主播或直播商品的喜爱和关注。
3085,哈哈哈,0,该用户可能被直播间的轻松氛围或主播的幽默表现逗乐，用笑声表达对当前直播内容的愉悦感受。
3086,烤肠可以用券,1,该用户想确认烤肠是否可以使用优惠券进行购买。
3087,明明说的对的,0,该用户可能是在赞同主播之前对某件商品的描述或解释，认为主播的说法是正确的。
3088,有松子吗,1,该用户是在询问直播间是否有售卖松子这款商品。
3089,有鸭蛋吗,1,该用户可能在询问直播间是否有售卖鸭蛋产品。
3090,精神了,0,该用户想表达的含义是：这款产品让人感到提神或兴奋。
3091,拍了一个懒人拖把,1,该用户想表达的含义是：自己已经下单购买了直播间推荐的懒人拖把。
3092,铁锅我收到了特别好,1,该用户想表达的含义是：之前购买的铁锅使用体验很好，表示满意和认可。
3093,灿灿越来越自如,0,该用户想表达的含义是：主播现在的表现比之前更加放松自然了。
3094,3个刀,1,该用户可能在询问商品“3把刀”的库存或价格信息。
3095,煎着吃吗,1,该用户可能在询问直播中展示的商品是否适合煎制食用。
3096,江苏的也拍不了啊,1,该用户因所在地区（江苏）无法参与当前商品的购买或活动而感到遗憾和不满。
3097,这发型重新修过了,0,该用户可能注意到主播发型的变化，委婉地表达对主播形象的关注或赞赏。
3098,鹏鹏真挺好的,0,该用户是在夸赞主播“鹏鹏”的表现出色，可能是在认可他的讲解、互动或产品推荐。
3099,哈哈哈,0,该用户可能被直播间的轻松氛围或主播的幽默表现逗乐，用笑声表达愉悦情绪而非具体购买意向。
3100,还有天权吧,0,该用户可能在询问直播间是否还会上架“天权”这款产品。
3101,五胡乱华,0,该用户可能是在用历史典故调侃直播间当前的混乱氛围或商品介绍顺序杂乱无章。
3102,七夕有约围炉夜话,0,该用户可能是在询问直播间是否有适合七夕约会场景的“围炉夜话”主题商品或活动。
3103,欧芹碎的英文则么写,0,该用户可能是在询问直播中提到的某款含有欧芹碎的产品名称或配料表的英文写法，以确认商品信息或搜索相关产品。
3104,咋领啊,1,该用户想询问如何领取直播间提到的优惠券或参与当前展示的商品活动。
3105,舞跳的超帅历史绘画跳舞三绝,0,该用户想表达的含义是：主播的舞蹈表演非常精彩，堪称历史、绘画和舞蹈三大领域的顶尖水平。
3106,后面花干嘛的,0,该用户是在询问直播中展示的鲜花产品的用途或功能。
3107,七七都不介意你介意啥,0,"该用户可能在调侃主播或品牌方过于在意某些无关紧要的细节，暗示产品本身（如名为""七七""的商品或人物）已经足够好无需挑剔。"
3108,中灿今天是化妆了吗,0,该用户可能是在关注主播的外貌变化，暗示主播今天看起来更精致或状态不同，以此表达对主播的注意或好感。
3109,已买给老公买了,1,该用户想表达的含义是：我已经下单购买了这个商品送给丈夫。
3110,喜欢明明扯闲话,0,该用户想表达的含义是：喜欢主播在直播中轻松闲聊的互动氛围。
3111,这个好,1,该用户想表达的含义是：对当前直播展示的商品产生了兴趣并表示认可。
3112,我我关注了四个东方甄选,0,该用户想表达的含义是：我已经关注了四个东方甄选相关的账号或直播间。
3113,超级好用,1,该用户想表达的含义是：对直播中推荐的产品表示高度认可和满意。
3114,明明备品真认真,0,该用户想表达的含义是：主播明明在介绍产品时非常细致用心，让人感受到他的认真态度。
3115,什么券呀再教一遍呀,1,该用户想表达的含义是：希望主播再次详细说明优惠券的使用方法。
3116,可以把盘子拿下来吗,0,该用户可能是对直播中展示的某款盘子产品感兴趣，想确认是否可以单独购买或查看盘子的细节。
3117,怎么江苏无锡不支持发货,1,该用户因所在地区无法收货而感到遗憾，并希望确认是否有其他购买方式。
3118,芝麻饼终于拍到了,1,该用户想表达的含义是：成功抢购到了之前一直想买的芝麻饼商品。
3119,明明不会用呀,0,该用户想表达的含义是：对产品使用方法感到困惑，希望主播进一步讲解操作步骤。
3120,荔浦芋头还上吗,1,该用户是在询问直播间是否还会再次上架荔浦芋头这款商品。
3121,有紫菜吗,1,该用户可能在询问直播间是否售卖紫菜产品，表达了对该商品的购买意向或需求。
3122,牛肉饼什么时候有货,1,该用户想表达的含义是：询问牛肉饼的补货时间以便及时购买。
3123,有不辣的吗,1,该用户可能是在询问当前展示的商品是否有不辣的口味可选。
3124,明明你炫了几碗饭了,0,该用户是在调侃主播“明明”吃饭的积极表现，暗示他吃得很多或吃得很香。
3125,地球仪,1,该用户可能在询问直播间是否有地球仪商品在售或相关介绍。
3126,这鸡特鲜美,1,该用户想表达的含义是：这款鸡肉产品的口感非常出色，让人产生购买欲望。
3127,有食谱吗,1,该用户可能在询问直播间售卖的产品是否附带相关的烹饪教程或食用方法。
3128,金华火腿,1,该用户可能在询问直播间是否有金华火腿这款产品上架或相关优惠信息。
3129,辉呢,0,该用户可能在询问主播“辉”为何没有出现在直播中，表达对其缺席的关注或期待其参与互动。
3130,不要挤了我手机丢了,0,该用户可能在抱怨直播间观众太多导致自己操作不便，慌乱中找不到手机而无法继续参与抢购或互动。
3131,哪里看撒花视频,0,该用户可能在询问如何观看与当前直播商品相关的展示或教程视频。
3132,牛肉丸没法买,1,该用户想表达的含义是：当前无法购买到牛肉丸这款商品。
3133,肉夹馍呢,1,该用户是在询问直播间是否会上架或展示肉夹馍这款商品。
3134,有烤肠不呀,1,该用户是在询问直播间是否有售卖烤肠产品。
3135,这是在那里,0,该用户可能在询问直播中展示的商品或场景的具体来源或购买渠道。
3136,冯冯特写,0,该用户希望主播给产品“冯冯”一个近距离的镜头展示细节。
3137,运城人来了,0,该用户可能是以地域身份表达对直播商品的关注或认同，暗示自己作为运城人对当前推荐的产品感兴趣或有相关购买需求。
3138,好多海南省都不发货,1,该用户可能因所在地区无法购买商品而感到失望，暗示希望商家能扩大配送范围。
3139,生疏的心疼,0,该用户可能是在调侃主播对某样商品的使用或介绍显得笨拙而生出怜惜之情。
3140,北京不发货,0,该用户可能是在询问或抱怨商品是否支持发往北京地区。
3141,鹏鹏今天感觉精致了化妆了吧,0,该用户注意到主播今天的外表比平时更讲究，可能是妆容更精致了，并对此表示关注或赞赏。
3142,薅吗,0,该用户想询问当前促销活动是否值得参与或商品是否划算。
3143,屏幕上方俞老师头像下方点击会员好礼领券,0,该用户是在指引其他观众如何领取会员优惠券，可能是在回应之前关于购买或优惠的疑问。
3144,敏感肌能吃吗,1,该用户是在询问直播中介绍的产品是否适合敏感肌肤人群使用。
3145,宇辉别走别走我还给你讲英语,0,该用户想表达的含义是：希望主播宇辉留下来继续互动，并表示自己可以配合他进行英语相关的交流或教学。
3146,头籽还是腹籽,1,该用户可能在询问直播中展示的商品（如虾类或蟹类）的籽是集中在头部还是腹部，以判断其品质或食用价值。
3147,今天特别帅,0,该用户可能在夸赞主播今天的造型或状态很好，暗示对直播内容的关注和好感。
3148,冬冬晚上好,0,该用户可能是在向主播冬冬打招呼，表达对直播的关注和友好互动意愿。
3149,讲一会书吧,0,该用户可能是在请求主播暂时停下商品介绍，转而进行一些轻松的读书分享环节。
3150,公鸡头洗涤剂有吗,1,该用户可能在询问直播间是否有售卖“公鸡头”品牌的洗涤剂产品，表达了对该商品的购买兴趣或需求。
3151,烤肠加,1,该用户想表达的含义是：询问是否有烤肠相关的商品或优惠活动。
3152,留守儿童大舞台孩子们棒棒的,0,该用户是在为直播中展示的留守儿童才艺表演点赞喝彩，表达对孩子们表现的欣赏和支持。
3153,秋月梨还有吗,1,该用户是在询问直播间是否还有秋月梨这款商品在售，表达了对该产品的购买意向或需求。
3154,哈哈哈哈,0,该用户可能被直播间的轻松氛围或主播的幽默互动逗乐，以笑声表达愉悦和参与感。
3155,买了非常好香味清淡特别好闻,1,该用户想表达的含义是：自己已经购买了该产品，并且对产品的清淡香味非常满意。
3156,鹏鹏网络让你帅的老卡,0,该用户想表达的含义是：主播鹏鹏今天的造型很帅气，让人眼前一亮。
3157,华山以东,0,该用户可能在询问直播商品是否覆盖华山以东地区的发货范围。
3158,感觉中灿与萌萌讲话时特别尊敬他总是面对着明明,0,该用户注意到主播中灿在与萌萌互动时表现出特别的礼貌和专注，总是正面朝向另一位主播明明。
3159,昨天买的蜂蜜已收到啦,1,该用户想表达的含义是：对之前购买的产品表示满意并反馈收货情况。
3160,哺乳期可以么,1,该用户是在询问直播中推荐的产品是否适合哺乳期女性使用。
3161,也可以越早开播越好然后我开着睡觉,0,该用户希望主播能提前开播时间，这样自己可以在睡前挂着直播间当作背景音放松。
3162,七七辛苦了多穿点儿,0,该用户是在关心主播的身体状况，提醒她注意保暖，表达了对主播的体贴和支持。
3163,为什么领不了券,1,该用户想表达的是对无法成功领取优惠券的困惑和求助。
3164,文自营品的一部分可用普通的用不上别纠结了,1,该用户想表达的含义是：产品的一部分功能对普通用户来说不实用，不必过于在意这个细节。
3165,有衣架吗,1,该用户可能在询问直播间是否有衣架商品在售或相关优惠信息。
3166,食不言,0,该用户可能在委婉提醒主播专注于介绍产品，减少闲聊。
3167,这是喝的吗,1,该用户是在询问直播展示的产品是否为饮品类别。
3168,大早上就开始吃了,1,该用户可能在调侃主播一大早就开始直播带货食品相关产品，暗示自己也被吸引得想跟着购买或品尝。
3169,我就是云南的,0,该用户可能是在回应直播间提到的云南相关产品或话题，暗示自己是本地人从而表达对该商品的熟悉或兴趣。
3170,看到董老师推荐的书买,0,该用户想表达的含义是：因为董老师的推荐，自己已经下单购买了这本书。
3171,哈哈,0,该用户可能被直播间的轻松氛围或某个有趣的内容逗乐，用“哈哈”表达愉悦情绪但并未直接表现出购买意向。
3172,上午好,0,该用户可能是在打招呼或表示自己刚进入直播间，以轻松随意的口吻参与互动。
3173,海鸭蛋清咸不,1,该用户想询问海鸭蛋的蛋清部分是否偏咸。
3174,黑芝麻核桃粉怎么不能发昆明,1,该用户可能是在询问黑芝麻核桃粉为何不支持配送到昆明地区，表达了对该商品的购买意向但受限于物流限制的疑惑。
3175,儿媳妇七七,0,该用户可能是想询问主播“七七”相关产品的信息，或是向主播“七七”表达关心和问候。
3176,七宝,0,该用户可能在亲切地称呼主播“七七”或表达对主播的关心。
3177,我也爱鹏鹏,0,该用户可能在表达对主播“鹏鹏”的支持或喜爱，暗示对直播内容的兴趣和参与感。
3178,丑苹果什么时候有,1,该用户想询问直播中提到的“丑苹果”商品何时会上架或开始售卖。
3179,再数一遍,0,该用户可能是催促主播重新展示或讲解之前提到的商品信息或优惠活动。
3180,猕猴桃,1,该用户可能在询问直播中是否有猕猴桃商品出售或相关介绍。
3181,刚刚到货甜甜甜甜,1,该用户想表达的含义是：刚收到的商品非常符合预期，口感特别甜。
3182,几天不见董永辉了,0,该用户可能在表达对主播董永辉近期未露面的关注和想念，暗示希望他尽快回归直播。
3183,69是60包吗,1,该用户可能在询问商品的价格和数量关系，即“69元是否对应60包的规格”。
3184,50g牛奶还有吗,1,该用户想询问直播间是否还有50克规格的牛奶产品在售。
3185,空气炸锅讲一下,1,该用户希望主播详细介绍当前展示的空气炸锅的产品信息或使用体验。
3186,你们去哪,0,该用户可能在询问主播或商品相关的物流配送范围或线下购买渠道。
3187,手里拿的是32的,1,该用户想表达的含义是：询问主播手中展示的商品是否是32号的尺寸。
3188,买了买了,1,该用户想表达的含义是：决定下单购买当前直播推荐的产品。
3189,怎么做的啊,0,该用户可能是对主播当前展示或介绍的产品制作过程产生了好奇，想了解具体的制作方法或工艺。
3190,今天都是穿西服帅的,0,该用户想表达的含义是：今天直播间的男主播们穿着西装显得特别帅气。
3191,两个母的,1,该用户可能是在询问直播中展示的某对商品（如动物、水果等）是否为雌性。
3192,是一号吗,1,该用户可能在询问当前展示或介绍的商品是否为直播间中的“一号链接”或主打产品。
3193,今天播到几点,0,该用户想了解直播的结束时间，可能是为了安排自己的观看或购买计划。
3194,许多根,0,该用户可能是在询问主播展示或提到的某种商品（如水果、坚果等）的具体数量或规格。
3195,我喜欢文字教育但现在的教育处处都是钱学校连听力口语都收费你怎么看,0,该用户可能在表达对当前教育商业化现象的不满，认为基础教学资源（如听力口语课程）不应额外收费，同时隐含对直播中教育类产品的价值质疑。
3196,明天谁洗,0,该用户可能在询问明天将由哪位主播负责直播或介绍产品。
3197,想要空气炸锅,1,该用户表达了对直播中提到的空气炸锅产品有明确的购买意向或进一步了解的需求。
3198,唱歌就来了,0,该用户想表达的含义是：看到主播唱歌才进入直播间观看。
3199,姐姐,0,该用户可能在亲切地称呼主播或询问主播相关信息。
3200,喜欢听你讲故事,0,该用户想表达的含义是：对主播的叙事风格感到欣赏，并希望继续聆听其内容。
3201,券呢,1,该用户想询问直播间是否有优惠券可以领取。
3202,是韭黄,1,该用户可能在询问或确认主播手中展示的商品是否是韭黄。
3203,有没有海参,1,该用户可能在询问直播间是否有海参产品在售或即将介绍。
3204,没抢到,1,该用户想表达的含义是：对错过抢购商品感到遗憾。
3205,卖一卖临沂的挖掘机,1,该用户希望主播推荐或介绍临沂产的挖掘机产品。
3206,小伙儿加油别理那些黑粉,0,该用户是在鼓励主播保持积极心态，专注于支持他的观众而非恶意评论者。
3207,山东几号,0,该用户可能在询问直播中提到的某个商品（如农产品或生鲜）的发货或上市时间，具体指向山东地区的相关产品信息。
3208,太帅了,0,该用户是在夸赞主播或展示商品的帅气外观。
3209,流动饭店,0,该用户可能在询问或提议直播间是否考虑售卖流动餐饮服务相关的商品或服务。
3210,早上好啊,0,该用户可能是在打招呼的同时暗示自己刚进入直播间，想了解当前直播内容或互动氛围。
3211,都回北京了,0,该用户可能是在询问主播是否已经结束外地行程回到北京继续直播。
3212,辉辉,0,该用户可能在亲切地称呼主播的名字或昵称以表达关注和支持。
3213,为啥一个市有的区能到有的到不了,0,该用户可能是在询问同一城市内不同区域是否支持配送服务，表达了对商品能否送达自己所在区域的疑虑和购买兴趣。
3214,好像好久没来啦,0,该用户可能是在表达一种久别重逢的亲切感，暗示自己曾是该直播间的老观众但近期缺席，现在回归观看时带有怀旧或重新关注的意图。
3215,国光苹果啊,1,该用户可能是在询问或确认直播中展示的产品是否为国光苹果这一品种。
3216,怎么投简历,0,该用户可能误以为直播间是招聘相关的内容，询问如何提交求职申请。
3217,挺好的,0,该用户可能是在对主播推荐的商品或展示的内容表示认可和赞赏。
3218,喜欢七七和董老师同框,0,该用户想表达的是对两位主播共同出镜的喜爱和期待。
3219,哈哈哈哈,0,该用户可能被直播间的轻松氛围或主播的幽默表现逗乐，用笑声表达愉悦和互动意愿。
3220,妹妹别走,0,该用户可能是在挽留即将离开直播间的某位主播或嘉宾，表达希望对方继续互动的意愿。
3221,吃什么呢,0,该用户可能是在询问直播间正在介绍或推荐的食品类商品是什么。
3222,没了,0,该用户想表达的含义是：商品已经售罄或想要的货品没有了。
3223,能不能把油瓶关了盖子,0,该用户可能是对直播中展示的油瓶产品细节提出改进建议，希望产品能配备密封盖。
3224,华山东边,0,该用户可能在询问直播中提到的华山景区东侧的相关产品或旅游信息。
3225,土豆泥捏成饼烙到两面金黄,1,该用户是在分享一种烹饪土豆泥的创意做法，可能是在回应主播展示的美食内容或表达自己对食物的兴趣。
3226,七七辛苦了,0,该用户想表达的是对主播七七的关心和鼓励，认可她的付出并希望她注意休息。
3227,拍不了,1,该用户想表达的含义是：当前无法成功下单购买商品。
3228,别浪费,0,该用户可能是在抱怨直播中展示的促销活动或产品介绍不够吸引人，暗示主播应该停止无效的推销行为。
3229,鹏鹏吃播吧这孩子吃饭太香了,0,该用户想表达的含义是：建议主播鹏鹏做吃播内容，因为他吃饭的样子让人很有食欲。
3230,YOYO来一段,0,该用户希望主播YOYO进行一段才艺表演或互动展示。
3231,山东黑的那么早吗,0,该用户可能是在对直播中提到的山东天黑时间早感到意外或好奇。
3232,女婿,0,该用户可能在调侃或称呼主播的亲属关系，表达一种亲切或幽默的互动意图。
3233,这个做的久了,0,该用户可能是在询问或评论商品的使用寿命或耐久性。
3234,哦你好你很说话哦,0,该用户可能是想表达一种轻松调侃的语气，类似于“你说话挺有意思的嘛”或“你讲话风格挺特别的”。
3235,讲的真好,0,该用户可能是在赞赏主播的讲解内容生动有趣或专业到位，表达了对直播内容的认可和欣赏。
3236,和七七唱一首,0,该用户希望主播七七能与他人合作演唱一首歌曲。
3237,我儿子十二岁了说小孙老师气宇轩昂一看就很睿智孙总送我儿子一句话吧他很喜欢您鼓励鼓励他,0,该用户想表达的含义是：希望主播能给自己喜欢他的孩子送一句鼓励的话。
3238,味道如何,1,该用户可能是在询问直播中展示的食物的口感或品质如何，表现出对产品的兴趣和潜在的购买意向。
3239,明明开始叫妹妹吃公司了,0,该用户可能是在调侃或催促主播（昵称为“妹妹”）开始品尝或介绍某款名为“公司”的产品（可能是食品或品牌谐音梗）。
3240,拍不了,1,该用户想表达的含义是：当前无法下单购买商品。
3241,吃夜宵了,0,该用户可能是在调侃或提议主播进行吃播内容，暗示对当前展示的食物或用餐场景感兴趣。
3242,鹏鹏为什么不去呢,0,该用户可能在询问为什么主播鹏鹏没有参与当前直播中的某个活动或环节。
3243,哈哈哈哈哈哈,0,该用户可能被直播间的轻松氛围或某个搞笑片段逗乐，用大笑表达对当前直播内容的愉悦反应。
3244,冬冬恰出去,0,该用户可能在催促主播“冬冬”出去展示或表演某个环节。
3245,茶叶过去了吗,1,该用户可能在询问直播中展示的茶叶产品是否已经介绍完毕或是否已经错过购买时机。
3246,比超市便宜,1,该用户想表达的含义是：直播间的商品价格比线下超市更有优惠吸引力。
3247,扇贝,1,该用户可能是想询问或确认直播中提到的扇贝产品的相关信息，比如价格、品质或购买方式。
3248,下午几点图书,0,该用户可能是在询问直播中图书促销活动的具体开始时间。
3249,冯冯不戴有色眼睛更接地气,0,该用户想表达的含义是：主播以更自然真实的状态出现时显得更亲切讨喜。
3250,我们回家也是这样,0,该用户可能是在认同主播展示的某种家庭生活场景或互动方式，暗示自己家中也有类似习惯或经历。
3251,华山以东山西人,0,该用户可能在用地域梗幽默地表达自己作为山西人的身份认同，同时暗示对直播内容的兴趣或参与感。
3252,宇辉加油,0,该用户是在为主播宇辉加油打气，表达对主播的支持和鼓励。
3253,烤肠怎么拍不了,1,该用户想表达的含义是：想购买烤肠但发现商品无法下单。
3254,拍不了,1,该用户想表达的含义是：商品无法成功下单或购买流程遇到问题。
3255,买了苹果,1,该用户想表达的含义是：已经下单购买了苹果产品。
3256,哈哈哈哈哈,0,该用户可能被直播间的轻松氛围或主播的幽默表现逗乐，用笑声表达愉悦情绪但并未直接体现购买意向。
3257,明明这有点牵强了吧,0,该用户认为主播或其他人当前的解释或行为显得生硬勉强，缺乏合理的逻辑支撑。
3258,咚咚锵咚咚锵,0,该用户可能在模仿直播间的欢快节奏或主播的口头禅，表达一种凑热闹、跟风起哄的娱乐心态。
3259,胡萝卜,1,该用户可能是在询问或提及直播中正在展示的胡萝卜商品，表达对它的关注或购买意向。
3260,是即食吗,1,该用户是在询问直播中展示的商品是否可以直接食用，无需额外加工。
3261,冯冯喜欢你,0,该用户想表达的含义是：对主播冯冯的喜爱和支持。
3262,橄榄油有吗,1,该用户是在询问直播间是否有橄榄油在售。
3263,8号小青柑一罐有几颗,1,该用户想询问8号小青柑产品的具体规格，以评估是否值得购买。
3264,芝麻呢,1,该用户可能在询问直播中展示或提到的某款商品是否包含芝麻成分或配料。
3265,明明和谁去的公园,0,该用户可能在询问主播“明明”之前提到的公园游玩同伴是谁，表现出对主播个人生活的兴趣或对之前话题的延续讨论。
3266,喜欢鹏鹏,0,该用户是在表达对主播“鹏鹏”的喜爱和支持。
3267,第二声,0,该用户可能在催促主播重复或确认之前提到的某个商品信息或活动细节。
3268,明明和谁pk呀蒙圈中,0,该用户想表达的含义是：不清楚主播明明正在和谁进行互动或比赛，感到困惑。
3269,等灰灰回来,0,该用户可能在催促或期待主播“灰灰”尽快回到直播间继续互动或讲解商品。
3270,这是要炫酷,0,该用户可能是被直播中展示的某款产品的外观或功能所吸引，觉得它很酷炫时尚。
3271,加价20我买给你们,0,该用户可能是在以调侃或竞拍的口吻表示愿意出更高价格购买当前直播展示的商品。
3272,拍了拍了,1,该用户想表达的含义是：已经下单购买了商品。
3273,还差一个手机就能同时看三个了,0,该用户可能在调侃自己已经买了多个商品，再凑一个手机就能同时观看多个直播或使用多个设备了。
3274,上骞,0,该用户可能是想询问商品是否有上架或催促主播上架某款产品。
3275,像耳坠一样,0,该用户可能是在形容直播中展示的某样商品（如饰品或设计独特的物品）的外形或风格与耳坠相似，暗示其精致或吸引人。
3276,我一直喜欢你的才华,0,该用户是在通过夸赞主播的个人魅力来表达对其推荐商品的潜在兴趣和支持。
3277,辣不辣,1,该用户是在询问直播中展示的商品（可能是食品）是否具有辣味。
3278,可以做辅食吗,1,该用户可能在询问直播展示的产品是否适合用于制作婴幼儿辅食。
3279,还猫,0,该用户可能是在询问直播中提到的某款产品是否还有库存或能否再次上架。
3280,湖北的藕太赞了,1,该用户想表达的含义是：对湖北莲藕的品质表示高度认可，并可能隐含购买意向。
3281,打鸣,0,该用户可能在模仿或调侃直播间的热闹氛围，用“打鸣”比喻直播间像清晨鸡鸣一样活跃喧闹。
3282,米饭,1,该用户可能在询问直播间是否有售卖米饭相关产品。
3283,常温保存吗,1,该用户可能是在询问产品是否需要冷藏或特殊储存条件，以评估购买的便利性和实用性。
3284,哈哈大姑,0,该用户可能在用昵称或调侃的方式提及直播中的某个人物或产品，表达一种轻松随意的互动态度。
3285,哈哈哈哈,0,该用户可能被直播中的幽默互动或搞笑场景逗乐，用笑声表达轻松愉悦的情绪。
3286,物流真快,1,该用户想表达的含义是：对商品的配送速度感到满意并给予肯定。
3287,自营灰枣还有吗,1,该用户是在询问直播间是否还有自营灰枣的库存可供购买。
3288,真的帅,0,该用户是在称赞直播中展示的商品或主播的穿搭/造型非常吸引人。
3289,七七这笑声太魔性了,0,该用户被主播七七的独特笑声逗乐，觉得有趣且印象深刻。
3290,秋月梨,1,该用户可能是在询问或提及直播中展示的秋月梨产品，表达对这款商品的关注或购买意向。
3291,哈哈哈哈哈,0,该用户被直播间的欢乐氛围或主播的搞笑表现逗乐，用笑声表达轻松愉快的情绪。
3292,空气炸锅买了,1,该用户想表达的含义是：我已经下单购买了这款空气炸锅。
3293,感觉我多活了8千多天,0,该用户想表达的含义是：这款产品的使用体验让我感觉之前的日子都白活了。  （结合前文弹幕中频繁出现的产品相关讨论和积极反馈，用户通过夸张的对比表达对商品的强烈认可，暗示产品极大提升了生活品质。）
3294,有客服吗,1,该用户可能想咨询产品相关问题或寻求购买帮助。
3295,盒子,1,该用户可能在询问或评论直播中展示的商品包装或配套赠品的盒子。
3296,猕猴桃超级无敌好吃,1,该用户想表达的含义是：对猕猴桃的品质表示高度认可并暗示有购买意愿。
3297,海姐送人气票了,0,该用户是在提醒或告知其他观众主播正在发放直播间的互动礼物（人气票），可能是为了带动气氛或号召大家参与互动。
3298,卢旺达不是非洲吗,0,该用户可能对直播中提到的卢旺达产品产地感到疑惑，认为卢旺达作为非洲国家与当前销售的商品存在地域认知差异。
3299,花花好好看,1,该用户被直播中展示的商品外观所吸引，表达了对产品视觉效果的喜爱和赞赏。
3300,没有了,1,该用户可能是在询问或感叹某款商品已经售罄或下架了。
3301,嘴瓢了,0,该用户可能是想调侃主播在介绍产品时出现了口误或说话不连贯的情况。
3302,夸嚓踉跄,0,该用户可能是被直播间的搞笑氛围感染，模仿主播或观众互动中的滑稽动作或口误，表达一种轻松调侃的情绪。
3303,不能再吃,0,该用户可能是在表达对直播中展示的美食或商品的强烈兴趣，暗示自己已经忍不住想购买或品尝，但又担心过度消费的自嘲心理。
3304,有没有戴森吸尘器,1,该用户可能在询问直播间是否售卖戴森吸尘器，表达了对该产品的购买意向或兴趣。
3305,美男计啊,0,该用户是在调侃主播利用帅气的外表吸引观众下单，暗示这是一种销售策略。
3306,心想柿成,0,该用户是在玩谐音梗，借用“心想事成”的发音表达对直播中柿子的购买兴趣或对相关促销活动的支持。
3307,啊哈嘿,0,该用户可能是在跟随直播间轻松欢快的氛围，用无意义的语气词表达愉悦或起哄的情绪。
3308,多久发货啊,1,该用户对产品产生了购买意向，正在询问物流时效以评估下单决策。
3309,想要小米,1,该用户表达的是对直播中展示的小米产品有购买意向。
3310,北京拍不了,1,该用户想表达的含义是：自己所在的地区无法购买当前直播间的商品。
3311,看你吃的好香好馋啊,1,该用户被主播的吃播表现所感染，产生了强烈的食欲和购买冲动。
3312,好的好的好的,0,该用户可能是在积极附和主播的推荐或互动，表示认可或准备下单的意愿。
3313,有空气炸锅吗,1,该用户可能在询问直播间是否售卖空气炸锅，表达了对该产品的潜在购买兴趣。
3314,可以只选桃子的吗可以只选桃子的吗可以只选桃子的吗可以只选桃子的吗可以只选桃子的吗,1,该用户迫切想知道能否单独购买桃子口味/品种的商品，表现出明确的选购意向和需求。
3315,邻居哈哈哈哈哈,0,该用户可能是被直播间的搞笑互动或主播的幽默表现逗乐，用“邻居”的称呼调侃现场氛围轻松得像熟人闲聊。
3316,每个都很优秀,0,该用户想表达的含义是：对直播中展示的所有商品都感到满意且有兴趣购买。
3317,拍了加急,0,该用户想表达的含义是：我已经下单并选择了加急配送服务。
3318,立白洗衣凝珠有吗,1,该用户是在询问直播间是否有售卖立白洗衣凝珠这款产品，表达了对该商品的购买意向。
3319,冯冯太可爱了,0,该用户是在表达对主播个人魅力的喜爱而非直接的商品购买意向。
3320,上午好,0,该用户可能是在礼貌性打招呼或试图引起主播注意，但并未直接表达明确的购买意向。
3321,鹏鹏今个儿的发型真是一言难尽呐,0,该用户是在调侃主播的发型不太好看或有些奇怪。
3322,第一次买东西,1,该用户想表达的含义是：这是我首次在该直播间下单购物。
3323,佳慧,0,该用户可能在呼唤主播或询问与主播相关的问题。
3324,衣服好看,1,该用户被直播展示的服装款式吸引，产生了审美认可或潜在的购买意向。
3325,牛奶没有,1,该用户可能在询问或提醒主播当前展示的商品中没有牛奶这一选项。
3326,应该是中气不足,0,该用户可能是在评论主播的状态或产品效果，暗示主播说话有气无力或产品使用后让人提不起精神。
3327,我怎么感觉你是现场现说的呢,0,该用户可能是在调侃主播的即兴发挥或临场反应，暗示其解说内容听起来像是未经准备的随意发挥，而非专业的产品介绍。
3328,今天都是西装,0,该用户可能在委婉表达对当前展示的西装款式缺乏兴趣，暗示希望看到更多样化的商品类型。
3329,不是139吗,0,该用户可能是在质疑或确认商品价格与之前宣传的不一致，表达对价格变动的疑惑或不满。
3330,浙江木耳一般炖排骨或者炖鸡汤也会放一点,1,该用户是在询问或确认浙江木耳的常见食用方式，暗示对产品用途感兴趣并可能考虑购买。
3331,七七太可爱了,0,"该用户是在表达对主播""七七""的喜爱和正面评价，类似于其他观众夸赞""冯冯太可爱了""的互动模式，属于直播间的氛围型互动而非明确的购买意向表达。"
3332,灿儿怎么憔悴了,0,该用户可能是在关心主播的身体状态或外貌变化，暗示主播近期看起来有些疲惫或气色不佳。
3333,影响的馅包得饱满口感好,1,该用户想表达的含义是：这款产品的馅料充足，口感令人满意。
3334,有醒味么,1,该用户可能在询问商品是否存在异味或刺激性气味。
3335,这些洞洞是自己剪的,0,该用户可能在询问直播中展示的服装或物品上的破洞设计是否为手工DIY的产物。
3336,不漏就行,1,该用户可能是在询问或确认商品的质量或功能是否可靠，比如担心衣物是否防走光或容器是否防漏。
3337,今天年轻了是头发的原因吗,0,该用户可能是在调侃或好奇主播今天的年轻状态是否归功于发型的变化。
3338,七七明天几点,0,该用户想知道主播“七七”下次直播的具体时间安排。
3339,今天是双播吗,0,该用户可能在询问当天是否有两场连续的直播活动。
3340,所有主播来个群口,0,该用户可能是希望所有在场的主播能一起互动或表演节目，以增加直播的趣味性和热闹氛围。
3341,真帅鹏鹏个子高身材又好文化底蕴浓厚确实才子一枚,0,该用户是在夸赞主播鹏鹏的外形气质和才华，表达对其个人魅力的欣赏和喜爱。
3342,没了,0,该用户可能是在表达对某款已售罄商品的遗憾或询问库存情况。
3343,生蚝好吃,1,该用户可能是在称赞直播中展示的生蚝产品，表达对其口味的认可和购买兴趣。
3344,包装上要印上明明的小脸,0,该用户希望产品包装上能印有主播“明明”的形象图案。
3345,可以送到家门口吗,1,该用户可能是在询问商品的配送服务是否支持送货上门，表达了对购买后物流服务的具体需求。
3346,霸道明,0,该用户可能在调侃或称赞主播“霸道明”的强势或个性鲜明的直播风格。
3347,真好啊,0,该用户可能是在称赞主播的穿搭、表现或推荐的商品很不错。
3348,冯冯声音好温柔,0,该用户是在夸赞主播冯冯的嗓音特质，表达对主播个人魅力的欣赏和好感。
3349,哈哈哈哈哈哈哈哈哈,0,该用户可能是被直播间的轻松氛围或主播的幽默表现逗乐，单纯表达开心情绪而非直接体现购买兴趣。
3350,明明废了,0,该用户可能是在调侃或抱怨主播“明明”的表现或状态不如预期，比如偷懒、发挥失常等。
3351,饿了,0,该用户可能是被直播中展示的食物或用餐场景所触动，表达了自己产生食欲或想品尝产品的意愿。
3352,250个月的宝宝能吃吗,1,该用户是在用幽默的方式询问产品是否适合成年人食用。
3353,三元一斤,1,该用户可能是在询问或确认直播中提到的商品价格是否为三元一斤。
3354,团队辛苦了谢谢小孙谢谢导演们谢谢游机小哥谢谢摄像小哥们,0,该用户是在观看直播后向整个制作团队表达感谢和认可，尤其点名感谢了几位工作人员，体现出对直播内容的满意和对幕后工作的尊重。
3355,趁人多赶紧卖货呀,1,该用户是在催促主播抓住当前观众活跃的时机加快推销商品的节奏。
3356,得问王维的妈吖,0,该用户可能在调侃或玩梗，用谐音或网络流行语表达“得问王维的妈吖”（“得问王维的妈吖”谐音“得问王维的妈呀”），实际想说的是“得问问为什么吗”或“这得问原因吧”，带有幽默或疑问的语气。
3357,我也一直以为是巴西哈哈,0,该用户可能是在附和之前关于某产品产地或来源的讨论，表示自己也曾误解过相关信息。
3358,杰西说过不来有点远,0,该用户想表达的含义是：杰西因为距离原因无法参与这次直播活动。
3359,女婿马上可以休息了,0,该用户想表达的含义是：主播的推销节奏太密集，希望他能暂停一下让观众放松。
3360,1今天有猕猴桃已经开价了,1,该用户想表达的含义是：询问今天直播中是否有猕猴桃商品以及当前的价格情况。
3361,董老师,0,该用户可能在呼唤或提及直播中的某位主持人或嘉宾“董老师”，表达对其的关注或期待互动。
3362,再来2两白酒,1,该用户想表达的含义是：希望主播能再上架或补货两两装的白酒产品。
3363,太便宜了吧,1,该用户想表达的含义是：这个价格比我预期的还要实惠，让人心动。
3364,为啥都穿西装了,0,该用户可能是在调侃或疑惑直播中人物突然改变着装风格（如从休闲装换成西装），试图询问这种变化的原因或表达对形象转变的关注。
3365,大人们去哪了,0,该用户可能在调侃直播间观众群体以年轻人为主，询问是否有成年观众参与互动。
3366,黄牛肉有吗,1,该用户是在询问直播间是否有黄牛肉产品上架销售。
3367,地图有链接吗,1,该用户想询问直播中提到的商品是否有购买链接或相关商品页面。
3368,身上卫衣卖吗,1,该用户是在询问主播身上穿的卫衣是否在直播间有售。
3369,被绑架了,0,该用户想表达的含义是：被产品吸引到无法自拔，忍不住想购买。
3370,咱们就是说中灿怎么做到一会52一会18的,0,该用户可能是在调侃或疑惑主播展示的商品价格波动较大（从52元变为18元），表达对价格变化的惊讶或不解。
3371,工装这么好看,1,该用户被直播中展示的工装风格所吸引，认为其设计出色并产生了兴趣。
3372,买不到,0,该用户想表达的含义是：商品太抢手导致自己没能成功下单。
3373,不复习了期待家访,0,该用户想表达的含义是：暂时放下手头的事情，期待主播介绍家居用品。
3374,小黄车已开价想买的亲自己翻一翻,0,该用户是在提醒其他观众商品购买链接已开放，可以自行查看选购。
3375,还有吗,1,该用户可能是在询问当前展示的商品是否还有库存或其他款式可选。
3376,清蒸,1,该用户可能是在询问直播间展示的商品是否有清蒸口味的选项或相关产品。
3377,打匈奴,0,该用户可能在催促主播上架或介绍与“匈奴”相关的商品或活动内容。
3378,冯冯怼拍真的帅,0,该用户是在夸赞主播冯冯的怼拍镜头表现力出众，表达了对主播形象或直播风格的欣赏和喜爱。
3379,东边天黑的早呀,0,该用户可能是在调侃或吐槽直播间的节奏太快，感觉时间过得比实际更快（类似“东边天黑早”的夸张说法）。
3380,说袋没有概念说一共多少斤心里好有数,1,该用户想表达的含义是：希望主播明确说明商品包装内的总重量，以便更清楚地了解实际分量。
3381,牛肉丸没有了,1,该用户想表达的含义是：询问直播间是否还有牛肉丸库存可供购买。
3382,菠菜,1,该用户可能在询问直播中提到的“菠菜”是否在售或是否有相关优惠信息。
3383,做小白鼠了吧,0,该用户可能在调侃或质疑直播间的产品试用或促销活动是否靠谱，暗示自己不想当“试验品”或担心产品质量。
3384,这也太帅了关注了,0,该用户被直播内容吸引，表达了对主播或展示商品的强烈喜爱并决定关注账号。
3385,丹霞地貌,0,该用户可能是在询问直播中展示的旅游产品或地理书籍是否与丹霞地貌相关，表达了对这一主题的兴趣或购买意向。
3386,那是荚,0,该用户可能是在询问直播中展示的某种商品（如“荚”类蔬菜或豆类）是否有货或能否购买。
3387,牛肉饼还可以买吗,1,该用户是在询问牛肉饼这款商品是否仍在售或能否继续购买。
3388,让董董也来,0,该用户希望邀请另一位受欢迎的主播“董董”也来参与这场直播互动。
3389,南宁不支持发货,1,该用户想表达的是对商品无法配送到自己所在地区的遗憾和不满。
3390,视频酷,0,该用户想表达的含义是：直播内容或产品展示效果很吸引人。
3391,我明的秘密武器明明请外援,0,该用户可能在质疑主播展示的产品并非原创或自产，暗示其借助外部资源夸大宣传效果。
3392,几个柚子,1,该用户可能在询问直播间正在展示或销售的柚子产品的具体数量或库存情况。
3393,哈哈哈,0,该用户可能是被直播间的搞笑互动或主播的幽默表现逗乐了，用“哈哈哈”表达轻松愉悦的情绪，但并未直接体现购买意向。
3394,人气票人气票人气票,0,该用户可能在呼吁其他观众为主播投人气票以增加直播间热度。
3395,威海,0,该用户可能是在询问直播中提到的威海特产或商品的相关信息。
3396,真好听好听好听好听,0,该用户被直播内容（可能是音乐或主播的表现）深深吸引，通过重复赞美来表达强烈的喜爱和兴奋情绪。
3397,东东带过自己的有体会孩子,0,"该用户可能想表达：“主播之前推荐的产品自己用过，孩子体验后也觉得不错。” （解析思路：结合""东东带过""推测是指主播曾推荐某产品，""有体会孩子""是用户自身体验后让孩子也使用过。整体符合直播带货场景中用户反馈产品使用感受的常见表达模式，且与前序弹幕中出现的食品类商品讨论氛围一致。）"
3398,黑龙江拍不了,1,该用户想表达的含义是：由于地域限制，自己所在的黑龙江地区无法参与直播间的商品购买或活动。
3399,七七,0,该用户可能在询问或确认直播中提到的某款名为“七七”的产品是否还有货或能否购买。
3400,拍了拍了,1,该用户想表达的含义是：已经下单购买了商品。
3401,啥时候上豆浆,1,该用户是在询问直播中即将推广的豆浆产品何时开始售卖。
3402,你们在崂山的哪条线路,0,该用户可能是在询问直播中推荐的崂山旅游产品或相关商品的购买路线或配送范围。
3403,带调料吗,1,该用户是在询问直播中展示的商品是否包含配套的调味料。
3404,产地离白鹤滩大坝不远,0,该用户可能是在询问或确认商品的产地信息，暗示对产品的来源和品质感兴趣。
3405,空气炸锅还会上吗,1,该用户是在询问空气炸锅这款商品是否会再次补货或返场销售。
3406,小孙很郁闷,0,该用户可能是在调侃或抱怨主播小孙因某些原因（如商品缺货、互动不佳等）表现出郁闷情绪。
3407,拍了桃酥,1,该用户想表达的含义是：我已经下单购买了桃酥。
3408,小孙也先吃饱你不要饥寒交迫,0,该用户可能在调侃主播小孙，让他先照顾好自己（比如吃饭休息）别光顾着直播而饿着累着。
3409,哎呀哎呀我迟到了,0,该用户因错过直播开场而感到遗憾，想表达自己匆忙赶来观看的急切心情。
3410,请大家点击上方关注,0,该用户可能是在呼吁其他观众关注主播，以增加直播间人气或支持主播的推广活动。
3411,老师讲书就发光,0,该用户想表达的含义是：主播讲解书籍时充满热情和感染力，让人感受到他对内容的热爱。
3412,董宇辉,0,该用户可能在呼唤或提及主播董宇辉，表达对其出现的期待或对其讲解内容的兴趣。
3413,讲讲咖啡,1,该用户希望主播详细介绍当前展示的咖啡产品信息，比如口味、产地或冲泡方式等。
3414,这咋做,0,该用户可能是对直播中展示的某样商品或烹饪方法感兴趣，想询问具体的制作步骤或使用方法。
3415,蓝胖奶粉有货吗,1,该用户是在询问直播间是否有某款奶粉的库存，表达了对该产品的购买意向。
3416,脆的么,0,该用户是在询问直播中展示的商品是否具有酥脆的口感或质地。
3417,辉辉,0,该用户可能在呼唤主播董宇辉的名字，表达对其的关注或希望与其互动。
3418,小妹妹好可爱哦,0,该用户被直播中的某位年轻女性（可能是主播或工作人员）的可爱表现所吸引，表达出对其个人形象的喜爱和关注。
3419,五常的七色米链接在哪里,1,该用户想表达的含义是：询问七色米产品的购买链接位置以便下单。
3420,妹妹负责吃傻傻的吃就行明明负责说,0,该用户想表达的含义是：妹妹只需要专注吃东西，而明明（主播或其他角色）负责讲解产品即可。
3421,灿灿不米吗,0,该用户想表达的含义是：这款产品看起来很不错，让人有购买的冲动。
3422,生姜达咩,0,该用户想表达的含义是：不喜欢或拒绝购买生姜相关的产品。
3423,鹏鹏下午好啊,0,该用户是在向主播“鹏鹏”打招呼，表达友好互动意愿。
3424,又炫上了,0,该用户可能在调侃主播又在炫耀或展示某种商品，语气略带玩笑或轻微不耐烦。
3425,我也看到了,0,该用户想表达的含义是：我也注意到刚才提到的某个商品或现象了。
3426,你刚刚拿的就是一袋的量吗,1,该用户是在确认主播展示的商品份量是否为一袋的标准容量。
3427,什么,0,该用户可能是在询问主播刚才提到的某个商品或话题的具体信息，比如对某个产品的细节、价格或使用方式感到疑惑。
3428,七七别走,0,该用户希望主播“七七”继续留在直播间互动或表演。
3429,空气炸锅还能加库存吗,1,该用户想表达的含义是：询问商品是否还有补货可能，表现出明确的购买意向。
3430,上次买了现在还没发货因为口罩问题,0,该用户想表达的含义是：对之前下单的商品因物流延误尚未收到表示不满和无奈。
3431,山东花式大馒头,1,该用户可能是在询问或表达对山东特色花式馒头产品的兴趣，比如想了解制作工艺、购买方式或产品特色。
3432,苏州的来了,0,该用户可能是在表明自己的地域身份（来自苏州）以寻求主播的关注或同类商品推荐。
3433,早上几点,0,该用户可能在询问直播中提到的某个商品（如咖啡、奶粉或七色米）的具体上架或开售时间。
3434,多多怼脸拍,0,该用户可能是希望主播将产品近距离展示细节，以便更清楚地查看商品外观或质地。
3435,冯冯发型帅,0,该用户是在夸赞主播“冯冯”的发型好看，表达了对主播形象的欣赏和喜爱。
3436,为什么一直咽口水,0,该用户可能是在观看主播品尝美食时，因食物看起来过于诱人而产生了生理反应，暗示自己被直播内容勾起食欲或购买兴趣。
3437,养鞋子卖完了,1,该用户想表达的含义是：之前提到的养鞋子已经售罄了。
3438,有桂圆吗,1,该用户是在询问直播间是否有售卖桂圆产品。
3439,没有吧,0,该用户可能是在对主播之前提到的某个商品或优惠信息表示怀疑或否认，认为实际情况并非如此。
3440,为什么小韩要翻门回家,0,该用户可能是在调侃或好奇直播中某位人物（小韩）做出翻门回家的反常举动背后的原因。
3441,山东面食闭眼拍就行,1,该用户想表达的含义是：山东面食的品质很好，可以放心直接购买。
3442,董宇辉,0,该用户可能在呼唤或提及主播董宇辉，表达对其出现的期待或对其相关内容的兴趣。
3443,走了,0,该用户想表达的含义是：我准备退出直播间了。  （结合上下文，这是一条普通观众在观看直播时的常规互动，没有明显的购买兴趣或负面情绪，只是简单表示离开的行为。）
3444,鹏鹏拉磨100天快乐,0,该用户是在庆祝主播“鹏鹏”开播第100天，表达对主播长期坚持的认可和支持。
3445,吃的真香,0,该用户被直播中展示的食品所吸引，认为主播或其他人吃得很享受，从而间接表达了自己对产品的兴趣或食欲。
3446,七七今天还有吗,0,该用户可能在询问主播是否还会继续展示或销售之前提到的“七七”相关商品或内容。
3447,我要空气刘海,0,该用户可能是在表达对主播当前发型或造型的喜爱，并希望自己也能拥有类似的空气刘海发型。
3448,冬冬帅的不行,0,该用户是在夸赞主播冬冬的外貌出众，表达对主播的喜爱和关注。
3449,太惨了,0,该用户可能是在感叹主播或商品遭遇的某种不幸或尴尬处境，比如商品售罄、发货延迟等实际问题。
3450,冬冬可爱,0,该用户是在夸赞主播“冬冬”的外表或性格讨人喜欢。
3451,辣不,1,该用户想询问直播中展示的商品（可能是食品）是否具有辣味。
3452,涨知识了,0,该用户想表达的含义是：从直播内容中学到了新知识或技巧。
3453,这个发箍有吗,1,该用户是在询问直播间是否有售卖当前展示的发箍商品。
3454,拍了加急谢谢,1,该用户想表达的含义是：我已经下单购买了商品并选择了加急发货，表示感谢。
3455,韭薹,0,该用户可能在询问直播中展示的韭薹产品是否还有货或能否购买。
3456,男朋友还是女朋友,0,该用户可能在询问直播中展示的商品适合男性还是女性使用。
3457,积食了,0,该用户可能是想询问直播中展示的食物或产品是否容易导致消化不良。
3458,增稠剂是啥,1,该用户可能是对直播中提到的食品添加剂成分感到好奇，想了解增稠剂的具体作用或安全性。
3459,哈哈哈,0,"该用户可能是被直播中的某个搞笑片段或主播的幽默互动逗乐了，用""哈哈哈""表达轻松愉快的情绪，但并未直接体现购买意向。"
3460,咸鸭蛋有没有,1,该用户是在询问直播间是否有咸鸭蛋这款商品在售。
3461,冯冯和宇辉一样大,0,该用户想表达的含义是：主播冯冯和之前提到的董宇辉年龄相仿。
3462,给你,0,该用户可能是想表达“这个产品我要了”或“下单给你（主播/商家）”。
3463,上午好,0,该用户可能是在打招呼或表示自己刚进入直播间，试图融入当前的互动氛围。
3464,吃的好满足,0,该用户想表达的含义是：对直播中展示的食物感到非常满意和享受。
3465,你去哪里玩了,0,该用户可能是在询问主播之前提到的某个旅行相关产品或体验的具体去向或购买渠道。
3466,山东秀才念半边,0,该用户可能是在调侃主播的口音或发音不标准，用谐音梗表达幽默。
3467,欢迎冬冬,0,该用户是在热情地向主播冬冬打招呼，表达对主播的喜爱和支持。
3468,开玩笑嘛,0,该用户可能是在对主播之前的某句玩笑话或夸张表述表示质疑或调侃，认为对方说的内容不太可信或过于离谱。
3469,重量多少,1,该用户可能在询问当前展示商品的重量参数，以评估是否符合自己的使用需求或物流成本考量。
3470,摩羯座,0,该用户可能在询问主播或产品是否与摩羯座相关，比如星座运势推荐、星座限定款商品，或是用星座话题互动拉近距离。
3471,苹果中果还有吗,1,该用户想询问直播间是否还有中等大小的苹果库存可供购买。
3472,夏可云,0,该用户可能在询问直播中提到的某款商品或人物的相关信息。
3473,七七是妹妹啦,0,该用户可能是在纠正或调侃主播或其他观众对某个角色或人物的称呼，强调“七七”其实是妹妹的身份。
3474,太帅啦,0,该用户可能是在称赞主播的外貌或表现，表达对主播个人魅力的欣赏而非直接的购买意向。
3475,没有了,0,该用户可能是在询问或感叹直播间之前提到的商品（如苹果中果）已经售罄了。
3476,还有鲈鱼吗,1,该用户是在询问直播间是否还有鲈鱼库存可供购买。
3477,s奶酪棒不能用优惠券哦,1,该用户可能是在提醒主播或观众关于商品优惠的使用限制，暗示对购买奶酪棒的实际价格有所关注。
3478,多大尺寸,1,该用户想询问直播展示商品的详细规格参数。
3479,大蒜又可以买了,1,该用户想表达的含义是：看到直播中又上架了大蒜商品，感到高兴并有意购买。
3480,刚刚是自夸了一波么,0,该用户是在调侃主播刚才的发言有自我夸耀的嫌疑，语气带着玩笑和互动感。
3481,我老婆总是买你家的芝士烤肠都不要吃晚饭了,1,该用户想表达的含义是：家人对你们的产品非常喜爱，以至于经常购买并影响了正常用餐。
3482,深圳拍不了,1,该用户想表达的含义是：商品不支持配送到深圳地区。
3483,明明卖啥我就馋啥买之,1,该用户想表达的含义是：主播推荐的商品都让我很有购买欲望，忍不住想下单。
3484,新东方厨师上线,0,该用户想表达的含义是：新东方出身的厨师开始直播带货了。
3485,我正吃饭呢一刷到你们就都是在吃吃吃吃,0,该用户想表达的含义是：自己正在吃饭时刷到直播间，发现内容全是美食相关，感觉被持续诱惑。
3486,哇冯冯穿西装好帅,0,该用户是在夸赞主播冯冯的西装造型吸引人，表达了对主播形象的欣赏和喜爱。
3487,怎么使用怎么泡,1,该用户想询问产品的具体使用方法和冲泡步骤。
3488,明明了解我我在等书,0,该用户想表达的含义是：主播推荐的书籍正好符合我的兴趣，我已经在等待购买了。
3489,哈哈哈哈,0,该用户可能被直播间的轻松氛围或主播的幽默表现逗乐，表达了一种随性愉悦的观看情绪。
3490,蜜薯在几号链接,1,该用户想询问蜜薯商品对应的购买链接编号以便下单。
3491,一个字没听懂,0,该用户可能是在吐槽主播口齿不清或语速过快，导致完全无法理解直播内容。
3492,有没有麦饭石不粘锅,1,该用户可能在询问直播间是否有售卖麦饭石材质的不粘锅产品，表现出对这类厨具的具体购买意向。
3493,我买了,1,该用户想表达的含义是：我已经下单购买了直播间的商品。
3494,锁死,0,该用户想表达的含义是：强烈支持并决定购买当前推荐的产品。
3495,鹏鹏这是怎么剪头发了吗,0,该用户注意到主播鹏鹏的外貌变化，可能是发型与往常不同，因此好奇询问是否剪了头发。
3496,空气炸锅还能加库存吗,1,该用户想表达的含义是：询问商品是否还有补货可能，表现出明确的购买意向。
3497,冬冬冬冬冬冬冬冬冬冬,0,该用户可能是想通过重复主播名字或某个关键词（如“冬”）来表达兴奋或催促加快节奏的情绪。
3498,没有了,1,该用户可能在表达商品已售罄或自己想要的款式/库存没有了。
3499,上小孙,0,该用户可能在催促主播让名为“小孙”的工作人员或嘉宾出场，或希望其介绍与小孙相关的产品。
3500,10点半董宇辉在图书号,0,该用户是在询问或提醒董宇辉将在图书类直播间出现的时间点。
3501,我也下单了饺子馅好吃,1,该用户想表达的含义是：自己已经购买了同款产品，并且对饺子的口味表示满意。
3502,菜谱再拍一下,1,该用户希望主播再次展示或详细介绍刚才提到的菜谱内容。
3503,优秀,0,该用户想表达的含义是：对直播内容或产品表示高度认可和赞赏。
3504,冯冯很帅就是发型一直没弄好,0,该用户想表达的含义是：虽然觉得主播外貌出众，但认为他的发型不够理想。
3505,甜吗,1,该用户可能在询问直播中展示的水果或甜品的口感如何，表现出对产品品质的兴趣和潜在的购买意向。
3506,冬冬明天休息了吧,0,该用户可能在询问主播冬冬明天的直播排班情况，暗示自己希望继续观看他的直播或关注他的动态。
3507,买不成,1,该用户想表达的含义是：想购买但无法成功下单。
3508,绍兴黄酒,1,该用户可能在询问绍兴黄酒的产品链接或相关介绍，表现出对这款商品的购买兴趣。
3509,回购了19号和38号,1,该用户想表达自己再次购买了直播间推荐的19号和38号产品。
3510,咱们这个怎么可以合作一下帮我们卖卖苹果,0,该用户想表达的是：有意向与直播团队洽谈合作，希望借助他们的渠道推广自家苹果产品。
3511,帅气,0,该用户可能在夸赞主播或嘉宾的外表有吸引力。
3512,回购2次了好吃,1,该用户想表达的含义是：这款产品我已经重复购买过两次，品质和口味都让我很满意。
3513,小7小7满脸福气,0,该用户可能在用昵称和祝福语表达对主播的喜爱和支持，暗示对直播内容或推荐商品的兴趣。
3514,苏泊尔不更好,1,该用户可能是在比较当前直播推荐的产品与其他品牌（如苏泊尔）的性能或性价比，暗示认为苏泊尔的产品更胜一筹。
3515,优秀,0,该用户是在称赞主播或产品的表现令人满意。
3516,这个锅重不重有的锅太重了好累,1,该用户想表达的含义是：询问这款锅的重量是否轻便，担心太重的锅使用起来会费力。
3517,牛蝎子还有吗,1,该用户是在询问直播间是否还有牛蝎子这款商品库存可供购买。
3518,唱歌,0,该用户可能是在建议主播表演才艺或调节直播氛围，而非表达购买意向。
3519,鹏鹏跟谁搭都可有意思,0,该用户想表达的含义是：主播鹏鹏无论和哪位搭档配合都能营造出轻松有趣的直播氛围。
3520,多少人,0,该用户想询问当前直播间观看人数或参与互动的人数。
3521,直播买是便宜些吗,1,该用户想确认直播间购买是否比常规渠道更具价格优势。
3522,辣不辣,1,该用户可能是在询问直播中展示的食品或调味料的辣度如何。
3523,中灿理了头发不油了,0,该用户是在夸赞主播换了新发型后看起来更清爽精神了。
3524,我很喜欢一点也不做作,0,该用户想表达的含义是：主播的真诚自然的表现风格很吸引我。
3525,明明别让妹妹吃了,0,该用户可能在提醒主播不要让其他人（妹妹）继续试吃或展示产品，可能是出于对产品数量有限、想自己购买，或是觉得试吃环节过多的考虑。
3526,哇哇,0,该用户想表达的含义是：对直播中展示的商品或互动内容感到惊喜和兴奋。
3527,七七今天播了好多时间年轻人不容易,0,该用户想表达的含义是：主播今天直播时长很长，年轻人工作辛苦值得体谅。
3528,冯闻闻,0,"该用户可能在呼唤或提及主播团队中的某位成员""冯闻闻""，表达对其的关注或互动意愿。"
3529,等菌子熟,1,该用户可能是在催促主播加快节奏或表达对当前展示商品（如菌类食材）的期待，暗示想看到成品效果后考虑购买。
3530,已拍加急,1,该用户想表达的含义是：我已经下单并选择了加急配送服务。
3531,没有啊,0,该用户可能在否认或反驳前文提到的某个产品或说法，表示自己并未感受到或持有同样的观点。
3532,太给力了,0,该用户想表达的含义是：对直播内容或产品优惠力度感到非常满意和兴奋。
3533,哈哈哈哈哈,0,该用户被直播间的欢乐氛围或主播的幽默表现逗乐，用笑声表达轻松愉悦的情绪。
3534,橙子还有吗,1,该用户是在询问直播中提到的橙子是否还有库存可供购买。
3535,再上点,1,该用户希望主播继续增加当前商品的库存或补货上架。
3536,地址卖不了,1,该用户想表达的含义是：商品无法配送到自己所在的地区。
3537,冬冬好帅啊,0,该用户是在表达对主播外貌的欣赏和喜爱。
3538,按摩肩带还上吗,1,该用户是在询问直播中是否会再次上架按摩肩带这款商品。
3539,拍不了天津,1,该用户想表达的含义是：收货地址在天津无法下单购买商品。
3540,华山东边,0,该用户可能在询问直播中提到的华山景区东侧相关产品或服务是否还有库存或能否购买。
3541,明明好棒,0,该用户是在夸赞主播“明明”的表现出色，表达了对主播的喜爱和支持。
3542,快板,0,该用户可能是催促主播加快节奏或询问是否有快板类商品上架。
3543,你是武汉人吗,0,该用户可能是出于对主播个人背景的好奇或地域认同感而询问其籍贯。
3544,欢迎董帅帅,0,该用户是在以欢迎主播的方式表达对直播间的友好互动和支持。
3545,画的好,0,该用户是在夸赞主播展示的绘画作品或绘画技巧很出色。
3546,都唱成二人转的感觉,0,该用户可能是在调侃直播间的氛围或表演风格过于随意搞笑，偏离了原本的购物主题。
3547,女婿最帅,0,该用户是在夸赞主播或嘉宾的外貌魅力，表达对直播内容的喜爱和支持。
3548,辉辉别走别走还给你讲英文,0,该用户是在挽留主播“辉辉”，希望他继续留在直播间并用英文互动或讲解产品。
3549,空气炸锅优惠卷都不能用啊,1,该用户对空气炸锅的优惠活动无法使用感到不满和失望。
3550,辉辉呢,0,该用户可能在询问或呼唤主播团队中的成员“辉辉”，表达对其出现的期待或对其刚才互动的留恋。
3551,好吃吗,1,该用户是在询问直播中展示的食品口感如何，表现出对产品的潜在购买兴趣。
3552,扰民了吧,0,该用户可能认为直播间的互动内容过于嘈杂或偏离主题，暗示对当前氛围感到不满或认为影响观看体验。
3553,你乱了吧哈哈哈,0,该用户是在调侃主播或直播过程中出现了混乱或搞笑的失误场面。
3554,胡麻油是芝麻油不,1,该用户可能是在询问胡麻油和芝麻油是否为同一种产品，想确认商品的具体属性以便决定是否购买。
3555,这个东方甄选每个主播播的时候都不停的吃,0,该用户可能是在吐槽主播们频繁试吃产品的行为，暗示他们过于注重展示食物而忽略了其他直播内容。
3556,小七辛苦,0,该用户想表达的含义是：对主播小七的辛勤付出表示慰问和鼓励。
3557,终于能在饭点吃顿正常的了,0,该用户想表达的含义是：之前因为各种原因没能好好吃饭，现在终于能趁着直播时间安心享用一顿像样的餐食了。
3558,这个口感和昨天那个有什么区别吗,1,该用户想询问当前展示的产品与之前提到的另一款产品在口感上的具体差异，以帮助自己做出购买决策。
3559,好像不是纯牛肉的呀,1,该用户对直播中展示的牛肉产品成分存疑，怀疑其中可能掺杂了其他肉类成分。
3560,宇辉就是博学2个半小时输出膜拜啊,0,该用户是在赞叹主播宇辉学识渊博，对其长达两个半小时的知识输出表示钦佩和敬仰。
3561,chang二声,0,该用户可能是在询问或纠正主播的发音，认为某个字应该读第二声（如“常”或“尝”）。
3562,明明又要强了,0,该用户想表达的含义是：主播的表现再次超出了预期，令人佩服。
3563,小朋友可以用吗,1,该用户可能是在询问直播中展示的产品是否适合儿童使用。
3564,团建的时候,0,该用户可能是在询问直播中推荐的产品是否适合团队活动时使用。
3565,不吓人,0,该用户可能是在评论直播内容或产品展示不够吸引人或缺乏刺激性。
3566,鹏鹏的发型帅啦,0,该用户是在夸赞主播鹏鹏的发型好看，表达了对主播外貌的欣赏和喜爱。
3567,加入不了会员昵,1,该用户可能是在表达无法成功注册或加入直播间会员的困惑或 frustration。
3568,没了,1,该用户想表达的含义是：商品已经售罄或抢购不到了。
3569,东方小孙我想买肠能不能给个机会,1,"该用户是在向主播""东方小孙""表达强烈的购买意向，希望获得购买所推销香肠产品的机会。"
3570,倔7点,0,该用户想表达的含义是：坚持到7点（可能是为了等待某个商品上架或活动开始）。
3571,放追梦人,0,该用户可能在催促主播播放或展示歌曲《追梦人》，或是希望直播间背景音乐切换成这首歌。
3572,荼毒,0,该用户可能在吐槽直播内容或产品存在误导性宣传或质量不佳的问题。
3573,我也去看了夜莺与玫瑰,0,该用户可能是在呼应主播提到的文学作品或文化内容，表达自己跟随主播推荐去阅读了《夜莺与玫瑰》，暗示对直播内容的文化调性产生共鸣或兴趣。
3574,我是无锡的,0,该用户可能是在询问商品是否支持无锡地区的配送或服务。
3575,真心不容易啊,0,该用户可能是在感叹主播或团队长时间高强度的直播工作很辛苦，表达对他们的理解和共情。
3576,东方甄选APP已经上线了直接下载随时买买买,0,该用户是在宣传东方甄选APP的便捷购物功能，暗示大家可以随时通过该平台下单购买商品。
3577,支持,0,该用户想表达的含义是：对主播或品牌表示认同和鼓励。
3578,留白,0,该用户可能是在感叹直播内容或主播表现留有令人回味的余韵。
3579,冯冯好,0,该用户是在夸赞主播“冯冯”的表现出色或讨人喜欢。
3580,鹏鹏的刘海你永远不懂,0,该用户是在调侃主播鹏鹏的刘海造型独特，难以理解其审美风格。
3581,冯冯不挑食了,0,该用户可能是注意到主播冯冯开始尝试之前不吃的食物，用调侃的语气表达对主播改变饮食习惯的惊讶和关注。
3582,还有空气炸锅吗,1,该用户想询问直播间是否还有空气炸锅的库存可供购买。
3583,柿子柿子还是吗,1,该用户是在询问直播中提到的柿子产品是否还有库存或仍在售卖。
3584,火鸡面特点就是辣,1,该用户可能在强调火鸡面的核心卖点，暗示自己对这款辣味产品感兴趣或想了解更详细的辣度信息。
3585,柳州买不了,1,该用户可能在表达自己因地域限制无法购买直播中推荐的商品。
3586,喝格瓦斯,0,该用户可能是在询问直播间是否有售卖格瓦斯饮料或表达对这款产品的购买兴趣。
3587,牛肋排还有吗,1,该用户是在询问直播间是否还有牛肋排的库存可供购买。
3588,集修养才气修养文化于一体,0,"该用户想表达的含义是：这款产品兼具文化内涵与实用价值，值得推荐。 （结合直播间此前弹幕中频繁出现的商品讨论和文化类内容，用户通过文学化表达暗示对产品文化属性的认可，同时""集XX于一体""的句式常见于直播间的产品卖点总结，可推断其实际在认同商品价值并隐晦表达购买意向）"
3589,买啦买啦,1,该用户想表达的是自己已经被直播内容打动，决定下单购买推荐的商品。
3590,红色,1,该用户可能在询问直播中展示的某款商品是否有红色款式可选。
3591,又一个睡眠差的,0,该用户可能是在抱怨产品效果不佳，暗示之前购买过类似助眠商品但效果不理想。
3592,链接强多了,1,该用户想表达的含义是：商品购买链接的效果比直播展示更吸引人。
3593,爱你七宝贝,0,该用户可能是在表达对主播或商品的喜爱和支持，类似于粉丝对偶像的亲密称呼。
3594,收不亮,0,该用户可能是在询问直播中展示的某款产品（如灯具或发光物品）是否已经售罄或无法正常点亮。
3595,盐含量多少,1,该用户是在询问商品的钠含量，可能是出于健康考量或对产品成分的关注。
3596,发光的小灰灰,0,该用户可能是在询问或感叹某款会发光的“小灰灰”主题商品（如玩具、饰品等）的视觉效果或购买链接。
3597,已拍,1,该用户想表达的含义是：我已经下单购买了商品。
3598,明明也回北京了,0,该用户可能在询问主播提到的某件商品（如“牛肋排”或“空气炸锅”）是否已经补货或重新上架，暗示自己有购买意向。
3599,用反弹,0,该用户可能在询问商品是否支持退货退款服务。
3600,这是怎么做的,0,该用户可能在询问直播中展示的某款产品的制作工艺或使用方法。
3601,加不了会员屏幕点烂了都没反应,1,该用户想表达的含义是：多次尝试加入会员但页面无响应，感到非常 frustration。
3602,粘不粘,1,该用户可能在询问直播中展示的某款产品（如不粘锅或胶水类商品）的粘性效果如何。
3603,真的太帅了啊,0,该用户被直播展示的商品或主播的表现深深吸引，表达了强烈的欣赏和喜爱之情。
3604,明王爷也回去了吗,0,该用户可能在询问直播中提到的某位人物（如主播或嘉宾）是否已经离开或结束参与直播环节。
3605,哈哈哈笑死自己剪袖子,0,该用户可能是在调侃主播展示的服装或商品时因操作不当（如剪袖子）而引发的搞笑场面，表达了一种被逗乐的轻松情绪。
3606,冬冬太帅啦,0,该用户是在表达对主播外貌的赞美和喜爱，但并未直接表现出购买商品的意愿。
3607,并不会,0,该用户想表达的含义是：对当前直播内容或产品并没有产生购买兴趣。
3608,福建宁德古田,0,该用户可能是在询问或确认直播中提到的产品产地是否为福建宁德古田。
3609,东方甄选已灿化好玩,0,该用户可能在调侃直播间的欢乐氛围，暗示东方甄选的直播风格变得像另一位受欢迎的主播“小灿”一样有趣活泼。
3610,嗨Siri东东,0,该用户可能在模仿或调侃主播的口头禅，试图以轻松幽默的方式与主播互动。
3611,咖啡在小黄车,1,该用户想表达的含义是：想购买咖啡，询问商品是否已上架在购物车中。
3612,拍不了,1,该用户想表达的是无法成功下单或参与直播间的购买活动。
3613,说的我自己都开始嫌弃我自己啦,0,该用户可能是被主播幽默的自嘲或产品介绍触动，产生了一种共鸣式的自我调侃，表达“被你说得我都觉得自己该改变/购买这个产品了”的潜在购买倾向。
3614,儿子考研我就这样说的,0,该用户想表达的含义是：我之前对儿子考研也说过类似鼓励或劝诫的话。
3615,在图书号说那么多话多喝些水喝些茶,0,该用户是在善意提醒主播（可能是图书类主播）不要过度用嗓，注意休息和补水。
3616,晚上好,0,该用户可能是在礼貌性地打招呼，试图融入直播间的互动氛围，但并未直接表达明确的购买意向。
3617,哈哈哈,0,该用户被直播内容逗乐，用笑声表达轻松愉快的情绪。
3618,冯冯挑食都能吃的这么香这个肉大家放心拍,0,该用户想表达的含义是：主播平时很挑食但都觉得这款肉很好吃，推荐大家可以放心购买。
3619,主播中午好,0,该用户可能是在礼貌性问候主播以融入直播间的互动氛围，同时暗示自己刚进入直播间并开始关注直播内容。
3620,哈哈炒恐龙,0,该用户可能是被直播间的搞笑氛围感染，用无厘头的调侃表达对主播或直播内容的喜爱和互动热情。
3621,夏可云,0,该用户可能在呼唤或提及主播或直播间中的某位人物“夏可云”，表达对其的关注或互动意愿。
3622,看不见茶汤颜色,1,该用户可能在抱怨直播画面不够清晰，无法看清展示的茶汤颜色细节。
3623,七七百搭跟谁都搭,0,该用户想表达的含义是：这款七七产品非常百搭，适合各种搭配风格。
3624,天权太有才了,0,该用户是在夸赞主播天权的才华出众，表达对其表现的高度认可和欣赏。
3625,调小一档火锅,1,该用户可能是想表达“请把火锅辣度调低一档”或“建议主播演示时将火锅火力调小一些”。
3626,这工作是真好,0,该用户可能是在感叹直播中展示的产品或工作方式非常出色，产生了强烈的认同或购买兴趣。
3627,羊肚菌,1,该用户可能是对直播中提到的羊肚菌产品产生了兴趣，想进一步了解或询问相关购买信息。
3628,糍粑没有了吗,1,该用户可能在询问直播间售卖的商品“糍粑”是否已经售罄或下架，表达了对该产品的购买兴趣或遗憾。
3629,买给邻居一单,1,该用户想表达的含义是：自己下单购买商品是为了送给邻居。
3630,五点半那边就黑啦,0,该用户可能在委婉提醒主播当前光线或画面偏暗，影响观看体验。
3631,留守儿童天聊死啦,0,该用户可能在抱怨直播内容互动性不足，缺乏吸引力，导致观众感到无聊或参与感低。
3632,长岛黑山岛鸟岛,0,该用户可能在询问或提及直播中介绍的几个旅游目的地或景点名称。
3633,昨天的发型好看,0,该用户可能是在对比主播今天和昨天的造型，委婉暗示今天的发型不如昨天吸引人。
3634,哈哈还会唱戏呢,0,该用户被主播的才艺表演（唱戏）逗乐了，用调侃的语气表达惊喜和互动兴趣。
3635,拍了,1,该用户想表达的含义是：我已经下单购买了（主播推荐的）商品。
3636,海参有吗,1,该用户想询问直播间是否有售卖海参产品。
3637,穿古风好,0,该用户想表达的含义是：这款古风服饰看起来很不错，我很喜欢。
3638,龙虾配米饭,1,该用户可能是在询问或建议主播展示龙虾搭配米饭的吃法，表达了对这种菜品组合的兴趣或好奇。
3639,东营不支持发货,1,该用户是在询问或抱怨商品是否无法配送到自己所在的东营地区。
3640,冯冯,0,该用户可能在呼唤主播的名字或昵称，表达对主播的关注或互动意愿。
3641,涨知识了,0,该用户想表达的含义是：通过直播内容学到了新知识，感到收获颇丰。
3642,有像我的吗从早看到晚,0,该用户想表达的含义是：有没有和我一样整天都在看直播的忠实观众。
3643,两岁宝宝能吃吗,0,该用户是在询问直播中展示的商品是否适合两岁幼儿食用，以评估是否值得购买。
3644,杰西太可爱了,0,该用户是在夸赞主播杰西的讨喜表现，表达了对主播个人魅力的喜爱和关注。
3645,拍的两罐蓝胖子半个多月了还不发货拍的两罐蓝胖子半个多月了还不发货,1,该用户想表达的含义是：对之前下单的商品迟迟未发货感到不满和催促。
3646,好喜欢冯冯,0,该用户想表达的含义是：对主播冯冯表现出强烈的个人喜爱和情感倾向。
3647,哈哈哈哈哈哈哈哈哈哈哈哈哈哈哈哈哈哈哈哈哈哈哈哈哈哈哈哈好可爱,0,该用户被直播内容（可能是主播或展示的商品）的可爱特质逗乐，并以此表达强烈的喜爱和愉悦情绪。
3648,银耳还有吗,1,该用户是在询问直播间是否还有银耳商品在售，表达出潜在的购买意向。
3649,54号茶买一送4还送茶具吗,1,该用户是在询问54号茶的促销活动是否包含赠送茶具的额外福利。
3650,我此刻在公交车上看你视频笑出声来了了人家把我当傻子了,0,该用户想表达的含义是：自己在公共场合观看直播时被内容逗笑，因举止突兀而感到尴尬。  （结合前文语境：直播间氛围轻松，弹幕多调侃互动和即兴反应，用户受感染后下意识表达实时观看体验，核心意图是分享被内容吸引的沉浸感，而非直接购买兴趣。）
3651,拍了一个鸳鸯锅,1,该用户想表达的含义是：我已经下单购买了这款鸳鸯锅产品。
3652,三盒的没货,1,该用户想表达的含义是：想购买三盒装的产品但发现已经售罄了。
3653,买了,1,该用户想表达的含义是：我已经下单购买了商品。
3654,听辉辉讲书心情激动,0,该用户想表达的含义是：主播讲解书籍的内容让我感到兴奋和投入。
3655,南昌也拍不了,1,该用户想表达的含义是：我所在的南昌地区不支持购买该商品。
3656,大概七宝就为这场盛宴收场了孩子辛苦了,0,该用户可能在表达对主播或直播活动的赞赏与不舍，认为这场精彩的直播即将结束，并对参与其中的孩子（可能是主播或表演者）的付出表示慰问。
3657,为什么云南烤肠和虾都买不了,1,该用户可能因所在地区或库存限制无法购买云南烤肠和虾，正在询问无法下单的具体原因。
3658,鹏鹏今天穿这么正式,0,该用户注意到主播的着装与往常不同，可能是想通过调侃主播的正式打扮来互动或表达对直播内容的关注。
3659,先吃饭不着急,0,该用户想表达的含义是：暂时不打算立即下单，想先处理其他事情再考虑购买。
3660,看直播涨知识,0,该用户想表达的含义是：通过观看直播学到了有用的知识内容。
3661,好帅,0,该用户被主播或展示商品的外形/气质所吸引，表达出欣赏和喜爱的情绪。
3662,干了,0,该用户想表达的含义是：我决定下单购买了。  （结合前文弹幕中频繁出现的购买相关互动（如“拍了两罐”“买了”“没货”等），以及部分用户直接表达消费行为，此处“干了”更可能是口语化表达“下单”或“购买”的冲动决定，类似“冲了”“买了”的简洁表态。）
3663,面汤银河系面汤银河系面汤银河系面汤银河系,1,"该用户可能在用重复刷屏的方式表达对某款名为""面汤银河系""的产品的强烈兴趣或喜爱。"
3664,师徒一起哭,0,该用户可能是被直播中师徒互动的感人场景所触动，表达对主播与徒弟之间真挚情感的共鸣。
3665,好真实,0,该用户想表达的含义是：主播的表现或产品展示非常自然不做作，让人感到可信赖。
3666,哈哈哈,0,该用户可能被直播中的幽默或可爱内容逗乐，通过“哈哈哈”表达轻松愉快的情绪和积极的观看体验。
3667,没有暑条吗,1,该用户是在询问直播间是否有薯条这款商品在售。
3668,这衣服真的是租的吗,0,该用户可能对衣服的租赁模式感到好奇或质疑，想确认商品是否为租赁性质而非直接购买。
3669,我饿了,0,该用户可能是在暗示直播中展示的食物类商品勾起了食欲，或者委婉催促主播加快节奏进入食品相关的促销环节。
3670,夸擦一声出洋相了,0,该用户想表达的含义是：主播的某个滑稽动作或意外状况让人忍不住笑出声来。
3671,中灿放松会更好加油,0,该用户可能是在鼓励主播放松状态、保持自然表现，同时表达对直播内容的支持和期待。
3672,看着不错,1,该用户可能对当前展示的商品或内容产生了初步好感，有意向进一步了解或购买。
3673,羊肉带皮吗,1,该用户想询问直播中售卖的羊肉产品是否保留了外皮。
3674,人数蹭蹭蹭,0,该用户想表达的含义是：直播间观看人数正在快速上涨。
3675,甜口还是咸口,1,该用户是在询问直播中展示的食品口味偏好，想了解产品是甜味还是咸味以便决定是否购买。
3676,董老老师什么时候直播啊鹏鹏,0,该用户是在询问主播董老师下次的直播时间，表达了对特定主播内容的期待和关注。
3677,胡歌,0,该用户可能在表达对主播或嘉宾外表的赞赏，或是单纯提及明星名字以引起互动关注。
3678,头型变了,0,该用户可能注意到主播发型与以往不同，在调侃或好奇地指出这一变化。
3679,想看鹏鹏啃鸭脖,0,该用户可能是想通过幽默的方式表达对主播鹏鹏的喜爱，并希望看到他在直播中展示吃鸭脖的趣味互动。
3680,H自营品,1,该用户可能在询问直播中展示的产品是否为H品牌的自营商品。
3681,大家自助下单哈,0,该用户可能是主播或场控人员，在提醒观众可以自行下单购买商品，暗示当前直播间的产品介绍已经足够充分。
3682,奔4袋,1,该用户想表达的含义是：想要购买四袋这款产品。
3683,上海也不发,1,该用户可能是在抱怨直播间的商品配送范围不包括上海地区。
3684,已拍,1,该用户想表达的含义是：我已经下单购买了商品。
3685,这是冬冬,0,"该用户可能在询问或确认直播中出现的某个人物或商品名称是否为""冬冬""。"
3686,宇宙寿光欢迎你,0,该用户可能在用幽默或夸张的方式表达对直播内容的兴趣或支持，类似于“欢迎来到这个热闹的购物现场”。
3687,好听,0,该用户可能是对直播间的背景音乐或主播的声音表示欣赏和喜爱。
3688,哪个托尼给理的发,0,该用户可能在询问主播的发型是由哪位理发师设计的，暗示对主播造型的兴趣或想获取同款服务的信息。
3689,还有吗,1,该用户可能在询问主播当前展示的商品是否还有库存或其他款式可选。
3690,打赌明明不敢过去,0,该用户可能在调侃主播不敢尝试某个挑战或互动环节，带有激将和娱乐的意图。
3691,炖鸡汤黄花木耳,1,该用户可能在询问直播中展示的炖鸡汤是否包含黄花菜和木耳作为配料。
3692,之前买过羊毛被跑毛,1,该用户是在吐槽之前购买的羊毛被质量有问题，暗示对当前直播产品的品质有所顾虑或希望主播能推荐更靠谱的商品。
3693,正喝着非常好,1,该用户想表达的含义是：我正在品尝这款产品，感觉口感很不错。
3694,有没有佛跳墙,1,该用户是在询问直播间是否有售卖佛跳墙这款产品。
3695,哈哈,0,该用户可能是被直播间的轻松氛围或某个搞笑片段逗乐了，用“哈哈”表达随性的互动或对趣味内容的即时反应。
3696,牛骨,1,该用户可能是在询问直播间是否有售卖牛骨相关产品，或是想了解主播正在介绍的商品是否包含牛骨食材。
3697,牛腩块已拍,1,该用户想表达自己已经下单购买了直播中推荐的牛腩块产品。
3698,鹏鹏你这头发是咋啦,0,该用户对主播的新发型感到好奇并略带调侃地询问变化原因。
3699,洗脚盆有吗,1,该用户是在询问直播间是否有洗脚盆这款商品可供购买。
3700,剁碎,0,该用户想表达的含义是：冲动消费想买但又在克制自己。
3701,买了空气炸锅和烤肠,1,该用户想表达的含义是：自己已经下单购买了直播中推荐的两款商品。
3702,明明呢,0,该用户可能在询问主播或直播间里某个叫“明明”的人为何没有出现。
3703,4号还有吗,1,该用户是在询问直播间此前展示过的4号商品是否仍有库存可供购买。
3704,鹏鹏今天西装杀,0,该用户是在夸赞主播鹏鹏穿西装的样子很帅气，表达了对主播形象的欣赏和喜爱。
3705,论备品还得是明明,0,该用户想表达的含义是：在备品选择方面还是明明推荐的最靠谱。
3706,明明永远高三,0,该用户是在调侃主播明明看起来年轻有活力，仿佛永远停留在高中生的状态。
3707,会员卡在那里面办,1,该用户是在询问办理会员卡的具体入口或方式。
3708,上次买了一个真心好用,1,该用户想表达的含义是：对之前购买的产品非常满意，认可其使用效果。
3709,冯冯碧浪洗衣液去哪儿领红包,1,该用户是在询问如何领取购买碧浪洗衣液的红包优惠。
3710,华山以东,0,该用户可能在调侃主播或直播间的某个梗，暗示“华山以东”是某个产品的产地或特色卖点。
3711,暖男,0,该用户可能是在夸赞主播或某位工作人员的气质亲切体贴，让人感到温暖。
3712,酸不酸,1,该用户可能在询问直播中展示的水果或食品的酸度如何，以判断是否符合自己的口味偏好。
3713,这个牌子的小龙虾尾好吃,1,该用户是在认可品牌产品的品质，并可能暗示有购买意向或推荐给他人。
3714,完胜,0,该用户想表达的含义是：这款产品比其他同类产品更优秀。
3715,你差了瓶啤酒大乌苏,1,该用户可能在暗示主播漏介绍或忘记上架乌苏啤酒这款商品，表达了自己对这款产品的购买兴趣。
3716,冯冯吃的好香,0,该用户可能是被主播冯冯享受美食的感染力打动，暗示对直播中展示的食品产生了兴趣或食欲。
3717,肚皮朝天蟹膏蟹黄不会漏出来,1,该用户是在询问或确认这款螃蟹产品的密封性和保鲜效果，担心运输过程中蟹黄会漏出。
3718,你厉害,0,该用户可能在夸赞主播的表现或产品效果很出色。
3719,杨梅汁哈尔滨不邮寄,1,该用户可能是在询问杨梅汁是否支持邮寄到哈尔滨地区，或者表达对无法邮寄到哈尔滨的遗憾。
3720,老师电饼铛有吗,1,该用户是在询问直播间是否有电饼铛这款商品在售。
3721,冯冯的新发型好看,0,该用户是在夸赞主播的新发型好看，表达了对主播形象的关注和喜爱。
3722,小孙嘎嘎炫,0,该用户想表达的含义是：主播小孙吃得很香很投入的样子让人很有食欲。
3723,69号链接有亚麻籽油价格很实惠亚麻籽油降三高的,1,该用户想表达的含义是：69号链接的亚麻籽油价格划算且对降三高有效，值得购买。
3724,右边衣领整理一下,0,该用户可能是想提醒主播调整服装细节以便更好地展示商品。
3725,每个月都得用一次,0,该用户想表达的含义是：这款产品是日常必需品，使用频率很高。
3726,yoyo穿的的工服好看,0,该用户想表达的含义是：对主播展示的工服款式产生了兴趣并认为其设计不错。
3727,广东入场,0,该用户可能是想询问直播间的地区参与活动情况，或是表明自己是来自广东的观众准备参与互动。
3728,不配喝,0,该用户可能是在自嘲或调侃自己经济条件有限，无法像主播或其他观众一样购买或享用当前展示的商品。
3729,胡涂,0,该用户可能是在调侃主播吃相豪放或食物卖相凌乱，暗示“吃得满嘴糊涂”或“食物看起来一团糟”。
3730,有什么功效,1,该用户可能是在询问直播中展示的产品具体有哪些功能或作用。
3731,中餐和邻居关系真好,0,该用户可能是看到直播中展示的菜品或互动场景，联想到中餐文化里邻里分享美食的温馨氛围，从而感叹这种人情味。
3732,七七唱的也好棒,0,该用户是在夸赞主播七七的表演或才艺表现很出色。
3733,今天有牛排吗,1,该用户想询问直播间今天是否有牛排产品上架或促销。
3734,淡干的吗,1,该用户可能在询问直播中展示的海产品是否是经过淡干工艺处理的。
3735,配皮芽子,1,该用户想表达的含义是：这道菜需要搭配洋葱才更好吃。
3736,多吃点美容养颜,1,该用户可能是在建议主播或观众多食用具有美容养颜功效的产品，暗示对直播间相关商品的潜在兴趣。
3737,董宇辉,0,该用户可能在呼唤或提及主播董宇辉，表达对其出现的期待或对其相关内容的兴趣。
3738,不看地图,0,该用户可能在抱怨主播没有及时展示或讲解产品的地理位置相关信息（如产地、配送范围等）。
3739,董老师终于出来了,0,该用户可能是在表达对主播董老师出场的热切期待或对其出现的欣喜之情，暗示自己是董老师的粉丝或对其讲解内容有强烈兴趣。
3740,新农哥的山核桃仁讲解一下啦,1,该用户希望主播详细介绍新农哥品牌山核桃仁的产品信息或卖点。
3741,小孩能吃,1,该用户可能是在询问直播中介绍的产品是否适合儿童食用。
3742,中灿你能不能让我邻居知道,0,该用户可能是想通过主播中灿的影响力或直播间的互动效果，向邻居炫耀或传达某种信息，暗示希望主播帮忙在邻居面前“长脸”或制造话题。
3743,董宇辉,0,该用户可能在呼唤或期待主播董宇辉的出现或互动。
3744,新东方是女的漂亮男的帅还都有文化,0,该用户想表达的含义是：新东方的直播团队不仅外貌出众，还兼具学识素养，整体形象非常吸引人。
3745,哈哈哈哈哈啊哈哈,0,该用户可能被直播间的幽默互动或搞笑内容逗乐，纯粹在表达欢乐情绪而非购物意向。
3746,红薯咋不能拍呀,1,该用户想表达的含义是：为什么无法下单购买红薯。
3747,涨两万,0,该用户可能在催促主播提高直播间观看人数或销量目标，表达对当前数据增长的不满或期待。
3748,冯冯的眉毛是化妆了,0,该用户可能是在夸赞主播冯冯的妆容精致，尤其是眉毛部分画得很出色，以此表达对主播外貌或形象的欣赏。
3749,晚上整3播,0,该用户可能在询问今晚是否会有第三场直播，表达了对后续直播安排的关注和期待。
3750,真放松,0,该用户想表达的含义是：直播氛围让人感到轻松愉悦。
3751,以为你徒手榨汁呢,0,该用户可能是对直播中的某个操作或展示感到意外，以为主播在演示徒手榨汁但实际上并非如此，略带调侃地表达了自己的误解。
3752,吃的好香,0,该用户可能是在表达对直播中展示的食品的喜爱或羡慕，暗示产品看起来诱人并激发了自己的食欲或购买兴趣。
3753,喜欢明明,0,该用户想表达的含义是：对主播或嘉宾“明明”表示喜爱和支持。
3754,明明优秀,0,该用户是在表达对主播“明明”的喜爱和赞赏，认为他表现得很出色。
3755,小你知道吗,0,该用户可能在询问主播是否了解某个与当前讨论商品相关的信息或梗。
3756,冯冯优秀,0,该用户想表达的含义是：称赞主播冯冯的表现出色或魅力出众。
3757,七七,0,该用户可能在呼唤或支持主播团队中昵称为“七七”的成员。
3758,优秀明,0,该用户想表达的含义是：称赞主播“明明”的表现非常出色。
3759,自己在那瞎说哈哈哈,0,该用户是在调侃主播的即兴发挥或夸张表述，觉得对方在自说自话但很有趣。
3760,灿灿今天好好看,0,该用户想表达的含义是：主播今天的造型或状态特别吸引人。
3761,原来是这个意思,0,该用户可能是在主播解释了某个产品特点或直播中的某个梗后恍然大悟，表达自己终于理解了之前困惑的内容。
3762,为啥不胖,0,该用户可能在调侃或疑惑主播或商品展示中提到的“不胖”特性，比如食物低卡或身材保持相关的内容。
3763,石明太聪明了拉美女吸引流量,0,该用户认为主播石明通过邀请美女嘉宾来吸引观众关注和增加直播间人气是一种精明的营销策略。
3764,死鬼卖货,0,该用户是在用调侃的语气表达对主播卖货风格的喜爱和认可。
3765,牛肉丸没有了吗,1,该用户是在询问直播间是否已经售罄了牛肉丸这款商品。
3766,好气居然没有了,0,该用户因为想购买的商品已售罄而感到遗憾和不甘心。
3767,发型好帅,0,该用户是在夸赞主播的外形或造型吸引人，可能隐含对主播个人魅力的欣赏而非直接购买意向。
3768,接着唱,0,该用户希望主播继续表演才艺或娱乐内容，而非专注于卖货环节。
3769,一起唱歌,0,该用户可能是想通过提议互动环节来活跃气氛，表达对当前直播内容的喜爱并希望延续轻松愉快的氛围。
3770,冯冯现在还有什么不吃吗,0,该用户可能在询问主播目前还有哪些商品未被推荐或售罄。
3771,讲的挺好,0,该用户想表达的含义是：主播的讲解内容让人感到满意和认可。
3772,明天中午宇辉去图书号,0,该用户是在询问明天中午主播“宇辉”是否会转场到图书类商品的直播专场进行带货。
3773,不错,0,该用户可能是在对主播的表现或推荐的商品表示认可和赞赏。
3774,有被套吗,1,该用户是在询问直播间是否有售卖床上用品四件套。
3775,什么时候有菜板,1,该用户是在询问直播中是否会推出菜板商品以及具体的上架时间。
3776,七七加油,0,该用户是在为主播七七加油打气，表达对主播的支持和鼓励。
3777,感觉瘦了,0,该用户可能是注意到主播或商品展示效果显瘦，间接表达对产品效果的认可或好奇。
3778,买过了洗的很干净,1,该用户想表达的含义是：之前购买过这款产品，使用后清洁效果令人满意。
3779,保护套介绍一下,1,该用户想表达的含义是：希望主播详细讲解手机保护套的产品信息。
3780,女婿,0,"该用户可能是主播的粉丝或老观众，用""女婿""这个亲昵称呼表达对主播的喜爱或调侃。"
3781,10元一个,1,该用户可能是在询问或确认当前展示商品的单价是否为10元。
3782,炒辣椒卷煎饼,1,该用户可能在询问或建议主播展示或推荐一款与炒辣椒卷煎饼相关的食品或烹饪用具。
3783,里面有几个,1,该用户可能在询问直播中展示的商品套装内包含的具体数量或组成部分。
3784,宇辉1030图书号,0,该用户是在询问或确认主播“宇辉”是否会在10月30日主持图书专场的直播。
3785,好帅,0,该用户是在称赞主播或展示商品的人外形吸引人。
3786,晚上好,0,该用户可能是在礼貌性地打招呼，试图融入直播间的互动氛围，但并未直接表达对商品的购买兴趣。
3787,明明字真好看,0,该用户是在夸赞主播或产品相关的书写/设计风格很有吸引力。
3788,嘴皮子真溜,0,该用户是在夸赞主播口才很好，表达流畅吸引人。
3789,中午好,0,该用户可能是在打招呼或表示自己刚进入直播间，试图融入当前的互动氛围。
3790,为啥这么便宜,1,该用户对商品价格的合理性感到惊讶或怀疑，可能认为低价与预期品质不符，或是想确认是否存在隐藏的消费陷阱。
3791,在工作岗位上吃喝就是香,0,该用户想表达的含义是：在上班时享用这些产品会让人感到特别满足。
3792,我想要三文鱼,1,该用户想表达对直播中展示的三文鱼产品有明确的购买意向。
3793,爱你爱你爱你爱你爱你爱你爱你,0,该用户是在通过热情表白的方式表达对主播或商品的强烈喜爱和支持。
3794,鹏鹏可以不要领带,0,该用户希望主播鹏鹏在穿搭上省略领带这一配饰。
3795,这是留在这了吗,0,该用户可能在询问直播中展示的商品是否会长期留在直播间或平台供后续购买。
3796,爱出去,0,该用户可能是在询问产品是否适合户外使用或携带外出。
3797,买了3袋,1,该用户想表达自己已经下单购买了3袋产品。
3798,饺子捏的专业啊,1,该用户是在夸赞主播包饺子的手艺娴熟专业，可能对展示的产品（饺子或相关厨具）产生了兴趣或认可。
3799,说的比咖啡好,1,该用户想表达主播的讲解或产品介绍比咖啡更提神或更有吸引力。
3800,欢迎七七,0,该用户是在热情地向主播七七打招呼，表达对主播的喜爱和支持。
3801,擦完脸当擦地抹布,0,该用户想表达的含义是：这款产品性价比很高，用完还能二次利用。
3802,七七最棒,0,该用户是在表达对主播“七七”的支持和喜爱，可能是对其表现或人格魅力的赞赏。
3803,太帅了别整了,0,该用户想表达的含义是：主播的外表或表现过于吸引人，让人忍不住想继续观看或互动。
3804,拍了加急,1,该用户想表达自己已经下单并选择了加急配送服务。
3805,哈哈哈哈哈哈你好油,0,该用户是在调侃主播的幽默表现或夸张风格，觉得对方言行滑稽有趣。
3806,蓝莓酸不酸,1,该用户可能在询问蓝莓的口感以评估是否值得购买。
3807,冯老师去山东吗,0,该用户可能在询问主播是否会前往山东进行直播或相关活动，表达了对主播行程的关注和期待。
3808,再也别去那理发了,0,该用户可能在吐槽之前在某家理发店的不愉快经历，暗示对当前直播推荐的产品或服务更感兴趣。
3809,能高温煎炸用吗,1,该用户想询问该产品是否具备耐高温特性，适合用于煎炸烹饪场景。
3810,七宝,0,该用户可能在热情呼唤或支持主播“七七”的昵称。
3811,拍了苹果了,1,该用户想表达的含义是：我已经下单购买了直播间的苹果产品。
3812,都是肉肉,1,该用户可能是在评论直播中展示的商品外观饱满丰盈，暗示对产品的品质感到满意或产生购买兴趣。
3813,强烈要求东方甄选给我们挑一个安全的洗发水没有月桂醇的,1,该用户希望主播能推荐一款不含月桂醇成分的安全洗发水产品。
3814,是的甘肃太长,0,该用户可能在吐槽或调侃直播中提到的某个甘肃相关产品（如特产或旅游线路）的推广时间过长，感到不耐烦或觉得内容冗赘。
3815,宇辉,0,该用户可能在呼唤或提及主播“宇辉”，表达对其的关注或互动意愿。
3816,牛肋排还有吗,1,该用户想询问直播间是否还有牛肋排的库存可供购买。
3817,四川入场,0,该用户可能在呼吁主播介绍或上架四川地区的特色产品。
3818,哈哈,0,"该用户可能被直播间的轻松氛围或主播的幽默表现逗乐，用""哈哈""表达愉悦情绪并参与互动。"
3819,来首情侣装,1,该用户可能是在提议或请求主播展示或推荐适合情侣穿的同款服装。
3820,买了,1,该用户想表达的含义是：已经下单购买了直播间的商品。
3821,留董董和杰西善后,0,该用户可能在调侃或提议让直播间的两位主播（董董和杰西）负责处理后续的订单或互动环节。
3822,东方甄选还是有长得帅的哈哈,0,该用户是在调侃主播团队中某位成员的颜值，表达一种轻松友好的互动氛围。
3823,几盒,1,该用户可能在询问主播当前推荐的商品需要购买多少盒才合适或划算。
3824,太喜欢咔擦灿啦,0,该用户想表达的含义是：非常喜欢主播或直播间的氛围。
3825,你晚饭都不用吃了,0,该用户可能在调侃主播展示的商品分量足或热量高，暗示吃一点就饱到不用吃晚饭了。
3826,表演干饭呗哈哈哈哈哈太好玩了,0,该用户被主播的娱乐性表演逗乐，认为直播内容有趣且吸引人，但并未直接表达对商品的购买意向。
3827,七七晚上好YOYO公主呢,0,该用户是在热情地向主播七七和YOYO打招呼，表达对两位直播主持人的喜爱和关注。
3828,不要接陌生电话,0,该用户可能在提醒其他人谨防诈骗电话，或是针对直播中提到的某些促销活动可能引发的骚扰电话表达担忧。
3829,双11有什么活动,1,该用户想询问直播间在双11期间推出的促销优惠或特别福利。
3830,说的对呀,0,该用户想表达的含义是：认同主播刚才提到的某个观点或产品介绍。
3831,临沂炒鸡,1,该用户可能是想询问或推荐直播间是否会上架临沂炒鸡这款产品。
3832,今天有平和柚子吗,1,该用户是在询问直播间今天是否有售卖福建平和的柚子产品。
3833,黄米和糯米的哪种好吃,1,该用户可能在询问主播关于黄米和糯米的口感对比，以决定购买哪种产品。
3834,拍了,1,该用户想表达的含义是：我已经下单购买了商品。
3835,膻吗羊肉,1,该用户是在询问直播中提到的羊肉是否有明显的膻味，以此判断是否值得购买。
3836,徒步旅行,0,该用户可能是在询问直播间是否有适合徒步旅行的相关产品或装备。
3837,最喜欢临沂炒鸡羊肉汤,1,该用户想表达的是对临沂炒鸡和羊肉汤这两道地方美食的强烈喜爱，暗示希望主播推荐相关产品或分享制作方法。
3838,粉丝好好吃,1,该用户想表达的含义是：这款粉丝产品的味道非常不错，让人满意。
3839,嫂子,0,该用户可能在亲切地称呼主播或直播间中的某位女性工作人员，表达一种熟悉和友好的互动态度。
3840,发现冬冬和主持人何炅好像,0,该用户可能是注意到主播冬冬和主持人何炅的外貌或神态相似，在轻松互动中随口发出的趣味性观察。
3841,爱吃不吃不吃拉倒,0,该用户可能是在以调侃或略带不耐烦的语气回应主播对某款食品的推荐，暗示自己对该产品兴趣不大。
3842,一包用一次吗,1,该用户是在询问产品的使用方式，即“一包是否只能使用一次”。
3843,排班时间变了吗,0,该用户可能在询问直播间的商品排期或促销活动的时间是否有变动。
3844,又是我的朋友们,0,该用户可能在调侃直播间频繁出现与自己喜好相同的观众，暗示“又是那些和我口味相似的老熟人”。
3845,无籽无渣口感好但不够甜,1,该用户想表达的含义是：这款产品虽然口感细腻无渣，但甜度没有达到预期。
3846,现在直播的是董宇辉关注抖音董宇辉,0,该用户可能是想确认当前主播身份并表达对董宇辉的关注兴趣。
3847,砂锅芝士小的铁奶锅以后会不会有,1,该用户是在询问直播间未来是否会推出小型砂锅芝士或铸铁奶锅这类产品。
3848,宇辉什么时间直播一直没有看见他,0,该用户是在询问主播董宇辉的直播排班时间，表达了对该主播的关注和期待观看其直播的意愿。
3849,头发怎么又吹上去了,0,该用户可能是在吐槽主播的发型突然被风吹乱，表达了对直播画面中突发状况的注意或调侃。
3850,这么早天就黑了,0,该用户可能是在抱怨直播时间安排不合理，觉得天色尚早但直播已接近尾声。
3851,拉磨,0,该用户可能在催促主播加快节奏或表示对当前直播内容感到无聊，用“拉磨”比喻进展缓慢、重复乏味。
3852,拍了米拍了风,1,该用户想表达的含义是：已经下单购买了小米和另一种商品（可能是“风”所指的代称或相关产品）。
3853,哈哈哈哈哈哈,0,该用户可能被直播间的轻松氛围或主播的幽默互动逗乐，用笑声表达愉悦情绪而非直接购买意向。
3854,双播太好看了,0,该用户想表达的含义是：两位主播的互动配合非常精彩，让人看得很开心。
3855,胡搅蛮缠,0,该用户可能是在吐槽直播内容或主持人的表现不够专业或逻辑混乱，让人感到不耐烦。
3856,滔滔不绝讲课,0,该用户可能在调侃主播讲解时间过长或内容过于冗杂，显得像在授课而非带货。
3857,哈哈哈哈哈哈,0,该用户被直播内容逗乐，用笑声表达轻松愉快的观看体验。
3858,主播晚上好,0,该用户可能是在礼貌性地打招呼，试图与主播建立互动或引起注意，但并未直接表现出明确的购买意向。
3859,七七油他,0,该用户可能是想询问或确认直播中提到的“七七油”产品的相关信息。
3860,老歌,0,该用户可能是在感慨直播间背景音乐播放的怀旧歌曲，或暗示主播聊些经典老歌相关的话题。
3861,纯黑咖啡吗,1,该用户可能在询问直播中展示的黑咖啡是否为无添加的纯黑咖啡品种。
3862,上货,1,该用户可能在催促主播尽快上架或展示新的商品。
3863,爱出去,0,该用户可能在表达对主播或产品展示的喜爱，并希望相关商品尽快上架或参与互动。
3864,父女,0,该用户可能是在调侃或感叹主播与助播之间的互动氛围像父女般温馨有趣。
3865,憨厚的明明,0,该用户可能在用昵称调侃主播或嘉宾的外表或性格特点，带有亲切的互动意味。
3866,优惠券只能买自营品,1,该用户可能是在询问或抱怨优惠券的使用范围受限，只能用于购买平台自营商品而无法用于其他合作商家的产品。
3867,礼物送不停,0,该用户可能在期待或催促主播发放更多直播间的福利或赠品。
3868,有羊排嘛,1,该用户是在询问直播间是否有售卖羊排产品。
3869,空气炸锅还能加不,1,该用户是在询问空气炸锅这款商品是否还能继续参与优惠活动或追加库存购买。
3870,夸擦,0,该用户可能是在模仿主播展示商品时的拟声词，表达对产品使用效果或表演效果的趣味性认可。
3871,天黑啦,0,该用户可能是在调侃直播时间较长，暗示“已经播到天黑了”或“该休息了”。
3872,拍了,0,该用户想表达的含义是：我已经下单购买了商品。
3873,两个母的,1,该用户可能是在调侃或确认直播中出现的两位女性主播或商品（如宠物、食材等）的性别，表达对“两只都是雌性”这一信息的关注或意外。
3874,咖啡有32号链接,1,该用户是在询问主播咖啡产品是否对应直播间的32号商品链接，意图确认购买渠道以便下单。
3875,怎么点赞,0,该用户可能是在询问如何通过点赞功能参与直播互动或获取福利。
3876,你们都很棒,0,用户对主播或直播团队的表现表示认可和鼓励。
3877,听着是谈的成都,0,该用户可能是在确认或询问主播提到的商品产地或相关话题是否与成都有关。
3878,这头发,0,该用户可能是在询问或评论直播中展示的某款与头发相关的产品（如洗发水、护发素或假发等）的具体情况或效果。
3879,炫醋,1,该用户可能是在询问或确认直播间正在展示的醋类产品是否有促销活动或特色卖点。
3880,哇今天都好帅,0,该用户可能是在称赞主播或商品展示的整体形象很有吸引力。
3881,有西红柿罐头吗,1,该用户是在询问直播间是否有售卖西红柿罐头这一商品。
3882,我买了,1,该用户想表达的含义是：已经下单购买了直播间的商品。
3883,好可爱呀,0,该用户被直播间的某样商品或展示内容所吸引，流露出喜爱的情感并可能产生购买意向。
3884,咖啡还有吗董老师,1,该用户是在询问主播咖啡商品是否还有库存，并希望得到确认以便购买。
3885,冯冯优秀,0,该用户是在夸赞主播“冯冯”的表现出色或带货能力强。
3886,有才,0,该用户想表达的含义是：称赞主播或商品展示的才艺或创意很出色。
3887,冬冬真帅,0,该用户是在夸赞主播的外表吸引人，表达对主播的喜爱和欣赏。
3888,67号链接能不能快点开通郑州配送太想吃皮皮虾了,1,该用户急切希望直播间尽快开放67号商品（皮皮虾）对郑州地区的配送服务，表现出强烈的购买意愿。
3889,七七早架子鼓打得好帅,0,该用户是在称赞主播七七的架子鼓表演很有魅力，表达了对才艺展示的欣赏和喜爱。
3890,讲起书来精神抖擞,0,该用户想表达的含义是：主播介绍书籍时充满激情，让人感受到他对内容的热爱和投入。
3891,发不了,1,"该用户可能因系统限制或操作问题无法成功发送购买链接或下单，表达的是购物流程受阻的 frustration（挫败感）。  （释义方向：结合前文高频出现的商品链接、购买行为相关弹幕（如""32号链接""""67号链接""""我买了""），推测用户正在尝试参与购买但遇到技术障碍，而非单纯讨论直播内容。）"
3892,普通话练过吗这么标准,0,该用户是在夸赞主播的口音标准，并好奇是否经过专业训练。
3893,没有了,1,该用户可能是在询问或感叹商品已售罄或活动结束。
3894,明明是个好丈夫好儿子好父亲,0,该用户可能是通过夸赞主播的家庭角色形象（如丈夫/父亲）来间接表达对其个人品质或直播内容的认可与喜爱。
3895,鹏鹏的头发,0,该用户可能在夸赞主播鹏鹏的发型或外貌特征，表达欣赏或关注。
3896,胡扯,0,该用户可能是在质疑主播当前讲解内容的真实性或准确性。
3897,5顿,1,该用户可能在询问或确认商品的分量规格，比如“这是5吨的包装吗？”或“一次购买是5顿的量吗？”。
3898,咋没看见,0,该用户可能在询问直播间未展示或未提及的某款商品或信息。
3899,褚橙有吗,1,该用户是在询问直播间是否有售卖褚橙这款产品。
3900,爱媛橙在92号链接链接链接,1,该用户是在询问或确认爱媛橙的购买链接是否为92号。
3901,一起吃饭,0,该用户可能是在邀请主播或其他观众参与互动，表达一种轻松友好的社交意愿。
3902,yoyo女神早上好,0,该用户是在向主播“yoyo”打招呼并表达喜爱或支持。
3903,吃呀,0,该用户可能是在催促主播试吃展示中的食品，或表达自己对该食品的兴趣和食欲。
3904,慢慢吃,0,该用户可能是在调侃或催促主播加快节奏，暗示当前环节（如试吃、讲解）进展太慢，希望更高效地推进直播流程。  （结合前文弹幕中频繁出现的产品询问、时间相关催促（如“快点开通郑州配送”）以及“一起吃饭”“吃呀”等饮食互动，推测“慢慢吃”并非字面意义，而是借用餐桌场景的惯用语反讽节奏拖沓。）
3905,烤肠原味的还有吗,1,该用户是在询问直播间是否还有原味烤肠的库存可供购买。
3906,小哈哈哈,0,该用户可能被直播间的轻松氛围感染，用“小哈哈哈”表达一种随性凑趣的娱乐心态，并无明确购买意向。
3907,慢点吃,0,该用户可能是希望主播放慢品尝或展示产品的节奏，以便自己能更清楚地观察商品细节或跟上购买步骤。
3908,铁锅有没有,1,该用户可能在询问直播间是否有铁锅这款商品在售。
3909,小孙优秀,0,该用户想表达的含义是：称赞主播小孙的表现出色或对其个人魅力表示欣赏。
3910,地窖,0,该用户可能在询问直播间是否有售卖地窖相关产品或询问与地窖存储功能相关的商品（如酒类、窖藏食品等）。
3911,艺术小生,0,该用户可能是在调侃主播的气质或风格像文艺青年。
3912,辉回北京了,0,该用户可能在询问主播是否已经结束直播带货环节，准备返回北京。
3913,薄款还是,1,该用户可能在询问直播中展示的商品是否有轻薄款式的选项。
3914,有冬季的鞋么,1,该用户想询问直播间是否有适合冬季穿着的鞋款在售。
3915,已拍,1,该用户想表达的含义是：我已经下单购买了商品。
3916,裤子裤子鞋子鞋子,1,该用户想表达的含义是：急切询问主播是否会上架或介绍裤子和鞋子的相关产品。
3917,正码吧,1,该用户是在询问商品是否为标准尺码。
3918,双面棉服有吗,1,该用户是在询问直播间是否有售卖双面穿的棉服款式。
3919,上衣,1,该用户可能在询问直播间是否有上衣类商品在售。
3920,有2xl的没,1,该用户是在询问主播当前展示的商品是否有2XL这个尺码可供选择。
3921,金标贝壳鞋,1,该用户可能在询问直播间是否有售卖金标款式的贝壳头运动鞋。
3922,买了,1,该用户想表达的含义是：我已经下单购买了商品。
3923,还有我,0,该用户想表达的是自己也想要购买刚才提到的商品。
3924,脸是脸腿是腿,0,该用户可能在夸赞主播或商品展示中模特的身材比例优越，表达对产品效果的认可或欣赏。
3925,衣长,1,该用户可能在询问主播当前展示的服装款式的具体衣长尺寸信息。
3926,哟老员工了,0,该用户是在调侃主播或品牌方是直播间的“老熟人”，暗示对其长期关注和信任。
3927,男的能穿吗,1,该用户是在询问当前展示的商品是否适合男性穿着。
3928,女款么,1,该用户是在询问当前展示的商品是否为女性款式。
3929,有加厚吗,1,该用户是在询问当前展示的商品是否有更厚的款式可选。
3930,刚刚那白色183身高160多斤穿多大码,1,该用户是在询问刚才直播中展示的白色服装（可能为上衣或外套）适合身高183厘米、体重160多斤的人穿什么尺码。
3931,身高176体重75公斤,1,该用户想表达的含义是：询问适合自己身材尺寸的服装或鞋码推荐。
3932,上车,1,该用户想表达的含义是：我要参与购买或跟团购活动。
3933,卫衣,1,该用户可能是在询问直播间是否有卫衣款式或对卫衣的具体信息感兴趣。
3934,鞋看一下,1,该用户想表达的含义是：希望主播展示或详细介绍当前提到的鞋子款式。
3935,鞋子红色边,1,该用户是在询问主播展示的鞋子是否有红色镶边的款式。
3936,主播穿多大,1,该用户是在询问主播身上所穿衣服的具体尺码，以便参考购买。
3937,从早播到晚很累吧,0,该用户可能是在关心主播的长时间直播状态，间接表达对主播辛苦工作的体谅和支持。
3938,漂亮,1,该用户可能是在称赞主播的穿搭或商品的外观好看，表达对展示款式的欣赏和潜在购买兴趣。
3939,尺码看看,1,该用户想询问主播展示当前商品的尺码信息以供参考。
3940,裤子呀,1,该用户想表达的含义是：询问主播刚才展示的裤子是否有更多相关信息或购买链接。
3941,主播好辛苦直播好几个小时了,0,该用户可能是在表达对主播长时间工作的关心和认可，同时暗示自己持续观看直播的投入感。
3942,没有xl吗,1,该用户想表达的含义是：询问商品是否有更大尺码可供选择。
3943,上点优惠卷呀,1,该用户希望主播能提供更多折扣或促销活动来刺激购买意愿。
3944,白色有吗,1,该用户是在询问直播间展示的商品是否有白色款式可供选择。
3945,没有卷啊,1,该用户可能在抱怨直播间没有提供足够的优惠券或促销活动。
3946,看一下里面,1,该用户想表达的含义是：让主播展示商品内部细节或材质。
3947,尺码正常拍还是大一码,1,该用户是在询问购买时应选择常规尺码还是需要特意选大一号的款式。
3948,里面的打底有吗,1,该用户是在询问主播展示的服装款式是否包含内搭的打底衫。
3949,三叶草羽绒服,1,该用户想表达的含义是：询问主播能否展示或介绍三叶草品牌的羽绒服款式。
3950,白色的,1,该用户是在询问直播间展示的商品是否有白色款可选。
3951,有初中生能穿的码数吗,1,该用户是在询问直播展示的商品是否有适合初中生身材的尺码选项。
3952,小姐姐又上班了,0,该用户想表达的含义是：主播今天又准时开播了，真勤快。
3953,有没有袜子啊,1,该用户想询问直播间是否在售卖袜子这一商品。
3954,没拍上,1,该用户想表达的是：刚才想买的商品没来得及下单就售罄了。
3955,头上帽子,1,该用户想询问主播头上戴的帽子是否有售或相关商品信息。
3956,没有抢到,1,该用户想表达的含义是：对没能在促销活动中成功下单感到遗憾。
3957,安安可真好看,0,该用户是在夸赞主播的外貌，表达对主播的喜爱和关注。
3958,改价,1,该用户希望主播调整商品价格或提供更优惠的购买方案。
3959,价格确实不高,1,该用户认为商品定价比较实惠，可能产生了购买意向。
3960,卡码怎么拍,1,该用户想询问商品尺码选择的具体购买方式，可能是对当前展示的款式感兴趣但不确定如何选择合适的码数下单。
3961,裤子上链接,1,该用户急切催促主播尽快将裤子商品链接上架以便购买。
3962,已拍,1,该用户想表达的含义是：我已经下单购买了商品。
3963,是印花还是刺绣,1,该用户是在询问商品图案的工艺细节，以进一步评估是否符合自己的购买偏好。
3964,裤王啥时候,1,该用户是在询问主播何时会上架或介绍被称为“裤王”的那款裤子产品。
3965,看下里边,1,该用户想表达的含义是：想查看商品内部细节或材质。
3966,看一下裤子的码,1,该用户想询问主播展示的裤子是否有适合自己的尺码可供选择。
3967,是男款吗,1,该用户是在询问当前展示的商品是否为男性款式。
3968,再放点,1,该用户想表达的含义是：希望主播继续上架或补充更多库存的商品。
3969,高帮的还是低帮的,1,该用户是在询问商品（可能是鞋子）有高帮和低帮两种款式，想确认具体是哪一种。
3970,美女你身上的上衣在几号车上吗,1,该用户是想询问主播身上穿的上衣会在直播间的哪个商品链接中上架。
3971,可以穿到零下多少度,1,该用户想询问这件衣服的保暖性能最低能适应多少摄氏度的低温环境。
3972,能保证正品吗,1,该用户对商品的真伪存在疑虑，希望通过确认正品保障来打消购买顾虑。
3973,露露腿吧,0,该用户可能是想进一步了解产品细节或展示效果，希望主播展示裤子的腿部穿着效果。
3974,可以穿到多少度,1,该用户想询问这件衣服适合穿着的温度范围是多少。
3975,没抢到,1,该用户想表达的含义是：对未能成功购买到心仪商品感到遗憾和失望。
3976,你就上链接,1,该用户急切催促主播尽快上架商品链接以便购买。
3977,主播穿的什么码,1,该用户想询问主播身上所穿服装的具体尺码信息，以便参考购买。
3978,腿真好看,0,该用户可能是在夸赞主播展示的裤子版型显腿型效果不错，暗示对商品款式产生兴趣。
3979,有没有不是皮子的,1,该用户想询问商品是否有非皮革材质的款式可选。
3980,黑色黑色黑色黑色黑色黑色黑色黑色黑色,1,该用户急切地催促主播上架黑色款商品，或强调自己对黑色款的强烈偏好。
3981,主播穿的多大,1,该用户想询问主播所穿裤子的具体尺码信息，以便参考购买。
3982,搞快点啊,1,该用户想表达的含义是：催促主播加快节奏或尽快上架商品。
3983,美女呢,0,该用户可能在催促主播本人出镜或表达对主播外貌的关注。
3984,要要要,1,该用户急切地表示想要购买当前展示的商品。
3985,有没有女跑鞋夏,1,该用户想询问直播间是否有适合女性穿着的夏季透气跑鞋款式。
3986,介绍下5号,1,该用户想询问主播详细介绍5号商品的具体信息。
3987,没拍到,1,该用户想表达的含义是：自己没能在直播中成功抢购到商品。
3988,长的黑色羽绒服有么,1,该用户是在询问直播间是否有长款的黑色羽绒服可供购买。
3989,已拍,1,该用户想表达的含义是：我已经下单购买了商品。
3990,正品吗,1,该用户是在询问商品是否为官方正品，表达了对产品质量的关切和潜在的购买意向。
3991,有点皱,1,该用户可能是在评论主播展示的服装有褶皱，暗示对商品品相或质量的疑虑。
3992,是正品吗各位兄弟姐妹,1,该用户是在向直播间其他观众求证商品是否为官方正品，表现出对产品质量的关切和潜在的购买意向。
3993,已拍,1,该用户想表达的含义是：我已经下单购买了这款商品。
3994,就是爱看这个主播,0,该用户想表达的含义是：对主播的个人魅力或直播风格表示喜爱和支持。
3995,东北冬天能穿吗,1,该用户想询问这款服装在东北冬季的保暖性能是否足够。
3996,加急,1,该用户想表达的含义是：催促主播尽快上架或处理商品订单。
3997,视频里胳膊带标那个在哪,1,该用户想询问直播视频中展示的带有标志的袖标产品在哪里可以购买。
3998,乖乖这女孩长的像漫画里的人物,1,该用户是在夸赞主播的外貌出众，带有漫画般的精致美感，可能隐含对主播或商品的进一步关注兴趣。
3999,一米75210斤还穿啥,1,该用户想表达的含义是：这款一米七五身高穿210斤的尺码太大，根本不适合穿着。
4000,白色卫衣多久上啊,1,该用户是在询问白色款卫衣的具体上架时间，表现出明确的购买意向和对该款式的兴趣。
4001,买大点还是小点,1,该用户可能在询问商品尺码选择的建议，不确定自己该选大号还是小号更合适。
4002,身高178体重180拍多大,1,该用户想表达的含义是：询问自己身高178厘米、体重180斤的情况下应该选择什么尺码的服装。
4003,主播穿多大的,1,该用户想询问主播身上所穿衣服的尺码信息，以便作为自己选购的参考。
4004,有运费险吗,1,该用户想确认商品是否支持退换货时免运费，以此评估购买风险。
4005,衣服只有一层吗主播,1,该用户是在询问主播衣服的材质厚度，担心是否过于单薄。
4006,再见,0,该用户想表达的含义是：我要退出直播间了。
4007,已拍,1,该用户想表达的含义是：我已经下单购买了这件商品。
4008,秋冬卫裤几号链接,1,该用户想询问主播展示的秋冬款卫裤对应的商品购买链接编号。
4009,已拍加急,1,该用户想表达的含义是：我已经下单并选择了加急配送服务。
4010,外套你穿的多大码数,1,该用户想询问主播所穿外套的具体尺码作为自己购买的参考。
4011,黑色裤子上链接,1,该用户希望主播尽快将黑色裤子添加到商品链接以便购买。
4012,看看里面嘛,1,该用户想表达的含义是：希望主播展示商品内部细节或结构。
4013,正品吗,1,该用户是在询问商品是否为官方正品，表达了对产品质量的担忧和潜在的购买意向。
4014,没拍到,1,该用户想表达的含义是：没抢到刚才上架的商品。
4015,再看一下尺码,1,该用户想表达的含义是：希望主播再次展示或说明商品的尺码信息以便确认是否适合自己购买。
4016,有大棉的鞋,1,该用户是在询问直播间是否有大码的棉鞋款式。
4017,主播穿什么码,1,该用户想询问主播所穿衣服的具体尺码作为自己购买的参考。
4018,下午好主播,0,该用户可能是刚进入直播间，礼貌性打招呼并暗示自己开始关注直播内容。
4019,尺码准吗,1,该用户是在询问商品的尺码标准是否准确，以确认自己选购时是否需要调整尺码。
4020,外套H40235H40238这个有吗,1,该用户是在询问直播间是否有货号分别为H40235和H40238的两款外套。
4021,来梯楚,0,该用户想表达的含义是：请主播展示一下衣服的里层细节。
4022,我还要啊,1,该用户想表达的是对当前商品的强烈购买意愿，希望再次购买或补货。
4023,长款羽绒服几号,1,该用户想询问主播展示的长款羽绒服对应的商品链接编号或货号。
4024,这条裤子几号啊,1,该用户想询问主播身上穿的裤子对应的商品编号或链接。
4025,已经穿上了,1,该用户想表达的含义是：我已经下单并穿上这件商品了。
4026,看看全身,1,该用户希望主播展示所穿服装的整体上身效果，以便更全面地评估款式和搭配。
4027,这是几号链接,1,该用户是在询问主播当前展示的商品对应的购物链接编号，以便快速找到并下单购买。
4028,有加绒的鞋吗,1,该用户是在询问直播间是否有冬季保暖款的鞋子可供购买。
4029,主播身上什么码子,1,该用户想询问主播所穿衣服的具体尺码作为自己的购买参考。
4030,黑色看一下,1,该用户想表达的含义是：希望主播展示或详细介绍黑色的商品款式。
4031,帽子可拆卸,1,该用户可能是在询问或确认主播展示的帽子是否具备可拆卸的设计功能。
4032,看看尺码表,1,该用户想表达的含义是：希望主播展示商品的详细尺码信息以供参考。
4033,我拍到了,1,该用户想表达的含义是：自己成功抢购到了直播间的商品。
4034,一万下你也是哪个价格,1,该用户想表达的含义是：即使抢购一万次也还是同样的价格，不会更便宜。
4035,看一下背后,1,该用户想表达的含义是：希望主播展示商品的背面细节。
4036,抓绒的,1,该用户可能在询问主播当前展示的衣物是否有抓绒材质的内衬或面料。
4037,再见,0,该用户想表达的含义是：我要退出直播间了。
4038,看下里面,1,该用户想表达的含义是：让主播展示商品内部细节或构造。
4039,卖了一上午鞋子了,1,该用户可能是在委婉表达对直播内容单一的不满，暗示主播应该换品类介绍其他商品了。
4040,棕色,1,该用户想表达的含义是：想看看棕色款式的商品展示。
4041,这件衣服40来岁的人能穿吗,1,该用户是在询问这件衣服的款式和风格是否适合中年人的年龄气质。
4042,已拍,1,该用户想表达的含义是：我已经下单购买了这件商品。
4043,尺寸表发来看,1,该用户想表达的含义是：希望主播展示商品的详细尺码信息以供参考。
4044,充绒量多少克,1,该用户想询问羽绒服的填充物重量以判断其保暖性能。
4045,有没有椰子鞋,1,该用户是在询问直播间是否有售卖某款热门运动鞋（椰子鞋），表现出对特定商品的购买兴趣和需求。
4046,身高185体重190斤,1,该用户是在询问主播自己这个身材尺寸适合穿什么码数的衣服。
4047,看一下后面,1,该用户希望主播展示商品背面或其他未展示的细节部分。
4048,衣长多少,1,该用户想询问主播展示的服装具体尺寸信息以判断是否适合自己购买。
4049,这是冬季的吗,1,该用户是在询问当前展示的商品是否适合冬季穿着或使用。
4050,后面,1,该用户想表达的含义是：希望主播展示商品背面的细节。
4051,三叶草的鞋子有吗,1,该用户是在询问直播间是否有售卖阿迪达斯品牌（三叶草系列）的鞋款。
4052,已拍加急,1,该用户想表达自己已经下单并选择了加急配送服务。
4053,室外跑步可以吗,1,该用户可能在询问直播中展示的某款运动鞋或服装是否适合户外跑步场景使用。
4054,你这个裤子,1,该用户想进一步了解主播正在展示的裤子的细节信息或购买选项。
4055,看看5号链接,1,该用户想表达的含义是：我想详细了解5号链接的商品信息。
4056,过14号14号14号,1,该用户想表达的含义是：询问或催促主播展示14号链接的商品详情。
4057,卫衣,1,该用户可能是想询问主播展示的卫衣的款式、尺码或材质等具体信息。
4058,视频几号链接,1,该用户想询问直播中展示的商品对应的是几号购物链接，以便快速找到并下单。
4059,填充物是啥,1,该用户想询问商品内部填充物的具体材质或成分。
4060,衣服链接,1,该用户想表达的含义是：询问主播当前展示的衣服商品对应的购买链接在哪里。
4061,外套,1,该用户想表达的含义是：询问主播当前展示的外套的详细信息或购买链接。
4062,洗过会跑绒吗,1,该用户担心这款羽绒服在洗涤后会出现羽绒脱落的问题。
4063,裤子65号,1,该用户想询问裤子的具体尺码信息或确认65号是否适合自己的身材。
4064,有没有了,1,该用户想询问直播中提到的某款商品是否还有库存或仍在售卖。
4065,看尺码,1,该用户想表达的含义是：想了解商品的尺码详情以便确认是否适合自己购买。
4066,我抢到了谁要,1,该用户想表达的含义是：自己成功抢购了商品，询问是否有其他人需要转让或帮忙代购。
4067,有其他配色吗,1,该用户对当前展示的商品感兴趣，想了解是否有更多颜色可选。
4068,裤子还在生产,1,该用户可能在询问或提醒主播之前提到的某款裤子是否仍有库存或何时能补货。
4069,已拍,1,该用户想表达的含义是：我已经下单购买了这件商品。
4070,尺码标,1,该用户想询问商品详情中是否有明确的尺码标注信息。
4071,主播穿的多大,1,该用户想询问主播所穿衣服的具体尺码以便参考购买。
4072,赶紧把,1,该用户想催促主播尽快展示或上架某个商品链接。
4073,这款女孩子穿的没有,1,该用户想询问直播中展示的某款商品是否有适合女性穿着的款式或尺码。
4074,小白鞋缺号了,1,该用户想表达的含义是：询问主播自己想要的尺码是否还有库存。
4075,快点吧,1,该用户可能是在催促主播加快节奏或尽快上架/介绍某款商品。
4076,尺码,1,该用户想询问主播关于当前展示商品的尺码信息或咨询适合自己的尺码选择建议。
4077,加棉的裤子有吗,1,该用户想表达的含义是：询问直播间是否有加厚保暖款的裤子在售。
4078,看看里面,1,该用户想表达的含义是：想查看商品内部细节或材质展示。
4079,衣服尺码怎么选,1,该用户想询问主播关于服装尺码的具体建议或参考标准。
4080,没号,1,该用户想表达的含义是：想要的商品尺码或款式已经售罄了。
4081,拍了2件发顺丰吗,1,该用户想确认自己下单的两件商品是否会通过顺丰快递发货，表现出对物流服务的关注和明确的购买意向。
4082,抢不到,1,该用户因商品抢购激烈或库存紧张而未能成功下单，流露出急切想购买却未能如愿的遗憾情绪。
4083,男款还是女款,1,该用户是想询问当前展示的商品是否有区分男女款式。
4084,码号正吗,1,该用户是在询问商品尺码是否标准，担心存在偏大或偏小的情况。
4085,主播什么码,1,该用户想询问主播所穿衣服的具体尺码信息。
4086,主播身上是哪件,1,该用户想询问主播所穿服装的具体商品信息，可能是对其款式产生兴趣并考虑购买。
4087,鞋子有吗,1,该用户是在询问直播间是否有售卖鞋子这一商品。
4088,四号链接,1,该用户想询问或确认四号商品链接的具体信息或购买方式。
4089,有运费险吗,1,该用户想确认商品是否支持退换货时免运费，以降低购买风险。
4090,看一下全身,1,该用户想表达的含义是：希望主播展示所穿服装的整体上身效果。
4091,主播的裤子有吗,1,该用户是在询问主播身上穿的裤子是否有货或是否在售。
4092,身高170体重120穿多大,1,该用户想询问适合自己身高170厘米、体重120斤的服装尺码推荐。
4093,裤子,1,该用户可能在询问主播身上穿的裤子是否有货或是什么款式。
4094,再见,0,该用户想表达的含义是：我要离开直播间了。
4095,没意思,0,该用户觉得直播内容缺乏吸引力或不符合预期，感到无聊并想退出观看。
4096,有没有椰子鞋,1,该用户想询问直播间是否有售卖椰子鞋这款商品。
4097,鞋码标准吗,1,该用户是在询问鞋子的尺码是否与常规标准一致，以便判断自己是否需要调整选购尺寸。
4098,拍了,1,该用户想表达的含义是：我已经下单购买了这件商品。
4099,是真皮的吗,1,该用户是在询问商品的皮质材质是否属实，表现出对产品质量的关注和潜在的购买意向。
4100,白色吗,1,该用户是在询问当前展示的商品是否有白色款式可选。
4101,还没买到,1,该用户想表达的含义是：自己尚未成功抢购到心仪的商品。
4102,加急发,1,该用户希望商家尽快发货，表现出对已下单商品的急切期待。
4103,能不能试试五号白色,1,该用户想表达的含义是：希望主播展示或试穿五号链接的白色款商品。
4104,哪里领券,1,该用户想询问直播间内优惠券的领取方式，表明其对当前商品有购买意向并希望获得折扣。
4105,鞋子鞋型偏宽还是窄,1,该用户想询问鞋子的版型设计是否适合自己脚型的宽窄程度。
4106,看里面,1,该用户想表达的含义是：让主播展示商品内部细节或材质。
4107,最大能穿到多少斤,1,该用户想询问产品的最大适用体重范围，以判断自己是否适合购买。
4108,白色,1,该用户可能在询问或确认直播中展示的某款商品是否有白色款式可选。
4109,来上裤子,1,该用户想表达的含义是：让主播展示或上架裤子的商品链接。
4110,到底上过没,1,该用户可能在询问主播是否已经展示或上架过某款商品，担心自己错过购买机会。
4111,大家好,0,该用户可能是在直播刚开始或新进入直播间时礼貌性打招呼，试图融入当前的购物讨论氛围。
4112,身上羽绒服尺码怎么买啊,1,该用户想询问直播中展示的羽绒服应该如何选择合适的尺码。
4113,讲下,1,该用户想表达的含义是：请详细介绍当前展示的产品信息。
4114,已拍,1,该用户想表达的含义是：我已经下单购买了这款商品。
4115,好看,1,该用户想表达的含义是：对当前展示的商品款式或外观表示赞赏和兴趣。
4116,哇喔,0,该用户想表达的含义是：对当前展示的商品感到惊喜和喜爱。
4117,什么季节的,1,该用户想询问当前展示的商品适合在哪个季节穿着或使用。
4118,没抢到,1,该用户想表达的含义是：对未能成功购买到心仪商品感到遗憾和着急。
4119,冬天能穿吗,1,该用户是在询问当前展示的商品是否适合冬季穿着，以判断其季节适用性和实用性。
4120,身高178体重120男生穿多大码,1,该用户想询问适合自己身高体重的男装尺码推荐。
4121,上65号,1,该用户是在催促主播尽快上架或展示65号商品。
4122,什么时候可以发货,1,该用户想确认商品的发货时间以评估是否满足自己的收货需求。
4123,尺码,1,该用户想询问主播当前展示商品的尺码信息或适合自己身材的尺码推荐。
4124,女的能穿吗,1,该用户是在询问当前展示的商品是否适合女性穿着。
4125,拉链拉上去看一下效果小姐姐,1,该用户想表达的含义是：希望主播展示衣服拉链拉上后的上身效果以便判断是否购买。
4126,衣服,1,该用户可能是想询问主播展示的服装款式或具体信息。
4127,我订了26号加急帮我发货谢谢啊,1,该用户急切催促商家尽快处理自己已下单的加急订单。
4128,看看前面,1,该用户可能是想请主播重新展示或详细介绍之前提到的某款商品（如羽绒服或裤子）的正面效果。
4129,主播穿多大码啊,1,该用户是在询问主播所穿服装的尺码信息，以便参考购买。
4130,多厚,1,该用户想询问商品的厚度参数或实际穿着时的厚薄感受。
4131,你好已拍XL可以改xxl吗,1,该用户想表达的含义是：询问已下单的XL尺码商品能否更换为XXL尺码。
4132,已拍加急,1,该用户想表达的含义是：我已经下单并选择了加急发货服务。
4133,黑色,1,该用户想询问商品是否有黑色款式可选。
4134,身高175体重138哪个码,1,该用户是在询问适合自己身高175厘米、体重138斤的服装尺码。
4135,鞋子有内标吗,1,该用户是在询问鞋子的内部标识信息以确认产品细节或判断真伪。
4136,看里面,1,该用户想表达的含义是：请展示衣服的内衬或内部细节。
4137,红蓝鞋有没有今天,1,该用户想询问直播中展示的红蓝配色鞋子今天是否有现货或促销活动。
4138,已拍,1,该用户想表达的含义是：我已经下单购买了这件商品。
4139,主播漂亮小姐姐啊,0,该用户是在夸赞主播的外貌，可能借此表达对直播内容的兴趣或好感。
4140,裤子,1,该用户想询问主播展示的裤子的具体信息或表达对裤子的购买兴趣。
4141,要卫衣,1,该用户想表达的含义是：我想要购买这件卫衣。
4142,没了,1,该用户想表达的含义是：想要的商品已经售罄了。
4143,衣服有链接么,1,该用户想询问直播中展示的服装商品是否已上架并提供购买链接。
4144,已拍加急,1,该用户想表达的含义是：我已经下单购买了商品并选择了加急配送服务。
4145,有运费险,1,该用户想确认商品是否支持退换货时免运费，以此降低购买决策风险。
4146,羽绒服有吗,1,该用户是在询问直播间是否有羽绒服这款商品在售。
4147,主播穿什么号,1,该用户想询问主播身上所穿衣服的具体尺码作为购买参考。
4148,有没有休闲的这个裤子,1,该用户是在询问主播当前展示的裤款是否有休闲风格的款式可选。
4149,已拍,1,该用户想表达自己已经下单购买了商品。
4150,没有拍到,1,该用户想表达的是因手速或库存原因未能成功抢购到商品。
4151,没码,1,该用户想表达的含义是：想要的尺码或款式已经售罄了。
4152,又没抢到,1,该用户想表达的含义是：对再次错过抢购机会感到失望和遗憾。
4153,已拍,1,该用户想表达的含义是：我已经下单购买了商品。
4154,你穿的小鹿图案是哪个,1,该用户是在询问主播身上所穿衣服的购买链接或具体款式信息。
4155,买了好几天了啥时候发货啊,1,该用户是在催促商家尽快处理自己已下单商品的物流信息。
4156,还有E5系列么,1,该用户是在询问直播间是否还有E5系列的产品库存。
4157,看下尺寸啊,1,该用户想表达的含义是：希望主播展示或说明产品的具体尺寸信息。
4158,有没有贝壳头,1,该用户是在询问直播间是否有售卖阿迪达斯经典款贝壳头运动鞋。
4159,看看12链接,1,该用户想表达的含义是：请主播展示或介绍编号为12的商品链接。
4160,是薄款吗,1,该用户是在询问商品是否为轻薄款式，表现出对产品具体属性的关注和潜在的购买意向。
4161,主播头发也太赞了,0,该用户是在夸赞主播的发型或发色好看，可能隐含对主播形象或同款发型的兴趣。
4162,平时45的脚拍多大,1,该用户想询问主播自己平时穿45码的鞋子应该选择直播间的哪个尺码来购买。
4163,主播去年看到你今年感觉你都沧桑了,0,该用户可能在委婉表达对主播近期状态变化的关心，同时隐含对产品可靠性的潜在疑虑。
4164,有加绒吗,1,该用户想询问当前展示的商品是否有加绒款式可供选择。
4165,有别的颜色吗,1,该用户想询问当前展示的商品是否有其他颜色可选。
4166,我要加绒裤子和卫衣,1,该用户想表达的含义是：我想购买加绒裤子和卫衣这两款商品。  （结合前文弹幕中频繁出现的商品询问、尺码讨论、抢购动态等语境，可判断该用户是在明确表达购买意向，而非单纯询问或闲聊。）
4167,尺码报一下,1,该用户想询问主播展示商品的详细尺码信息以便确认是否适合自己购买。
4168,小娘子没睡醒,0,该用户可能在调侃主播状态不佳或表现不够专注。
4169,这个衣服多少钱,1,该用户想询问商品价格以决定是否购买。
4170,上长款,1,该用户想表达的含义是：询问主播是否有长款版本的当前展示商品。
4171,想要短款羽绒服,1,该用户是在询问直播间是否有短款羽绒服并表达了自己的购买意向。
4172,着急上班,0,该用户可能是在催促主播加快节奏或直接展示商品信息，因为赶时间无法长时间观看直播。
4173,看看内里,1,该用户想表达的含义是：想查看商品内部细节或材质展示。
4174,天天高跟受不了,0,该用户可能在委婉表达希望主播推荐或展示更舒适的平底鞋款。
4175,主播穿什么码的,1,该用户想询问主播身上所穿衣服的具体尺码作为购买参考。
4176,你身上什么号码什么号码什么号码什么号码什么号码,1,该用户想询问主播身上所穿衣服的具体尺码。
4177,你穿的外套链接有吗,1,该用户想表达的含义是：询问主播身上所穿外套的购买链接。
4178,身上羽绒服什么玛,1,该用户是想询问主播身上穿的羽绒服的具体品牌或款式名称。
4179,尺码没有了,1,该用户想表达的含义是：询问或提醒主播商品缺码，并希望了解是否还能购买到自己需要的尺码。
4180,反过来看看,1,该用户想表达的含义是：让主播展示商品的反面细节以便进一步了解产品。
4181,你身上裤子上车,1,该用户想表达的含义是：询问主播身上穿的裤子是否已上架购买链接。
4182,有内涵谁还买阿迪,1,该用户想表达的含义是：真正注重品质的人不会选择阿迪达斯的产品。
4183,要黑色的,1,该用户想表达的是对商品颜色的偏好，希望购买黑色款式的产品。
4184,有没有其他色,1,该用户想询问当前展示的商品是否有其他颜色可选。
4185,那里生产的,1,该用户想询问直播中展示的商品产地信息。
4186,身高178体重170什么码,1,该用户想表达的含义是：询问主播自己身高178厘米、体重170斤应该选择什么尺码的衣服。
4187,已拍加急,1,该用户想表达的含义是：我已经下单并选择了加急配送服务。
4188,没拍到,1,该用户想表达的含义是：自己没抢到刚才直播中展示的商品。
4189,请加急发货,1,该用户希望商家优先处理自己的订单以尽快收到商品。
4190,裤子裤子裤子裤子裤子,1,该用户急切地催促主播上架或展示当前提到的裤子款式。
4191,棉服,1,该用户想表达的含义是：询问主播身上穿的棉服是否有购买链接或相关商品信息。
4192,这个主播最漂漂,0,该用户想表达的含义是：称赞主播的外貌出众以拉近关系，可能是为了后续询问产品信息或获取互动机会。
4193,有没3x的,1,该用户是在询问商品是否有3XL的尺码可供选择。
4194,主播穿的什么鞋,1,该用户想询问主播所穿鞋子的具体款式或购买链接。
4195,再见,0,该用户想表达的是准备离开直播间或结束观看。
4196,正码正拍吗,1,该用户是在询问商品是否按照标准尺码制作，是否需要按平时习惯的尺码直接购买。
4197,八号,1,该用户可能在询问主播提到的“八号”商品的具体信息或购买链接。
4198,主播早上好,0,该用户可能是在打招呼的同时，暗示主播尽快进入正题或回应之前的商品咨询需求。
4199,你这个鞋子的折痕是自带的吗,1,该用户可能是在质疑鞋子的做工质量，怀疑折痕是设计缺陷而非正常穿着痕迹。
4200,不是99吗,1,该用户可能是在质疑或确认商品价格与之前宣传的不一致，认为当前价格高于之前提到的99元。
4201,加绒吗,1,该用户想询问商品是否带有加绒内衬。
4202,上裤子,1,该用户急切催促主播展示或上架裤子产品。
4203,加绒吗,1,该用户是在询问商品是否具备加绒的保暖设计。
4204,我要,1,该用户想表达的是急切想要购买当前展示的商品。
4205,平板脚穿的舒服吗,1,该用户是在询问主播所展示的平板鞋的穿着舒适度，以此评估是否值得购买。
4206,有46的吗,1,该用户是在询问商品是否有46码的尺码可供选择。
4207,里面什么,1,该用户可能在询问直播中展示的商品内部材质或构造细节。
4208,主播穿几吗,1,该用户想询问主播身上所穿衣服的尺码信息。
4209,草蛋,0,该用户想表达的含义是：对商品质量或描述不符感到不满和失望。
4210,休闲鞋男鞋上架呀,1,该用户是在催促主播尽快上架男款休闲鞋以供购买。
4211,裤子上链接,1,该用户是在催促主播尽快将裤子商品上架购买链接，表现出明确的购买意向。
4212,哪里发货,1,该用户想询问商品的发货地点以评估物流时效或产地偏好。
4213,没了,1,该用户想表达的含义是：想要的商品已经卖完了。
4214,主播身上外套多大啊,1,该用户想询问主播所穿外套的尺码信息，可能是出于购买参考的意图。
4215,加绒的吗,1,该用户是在询问直播中展示的服装是否带有保暖内衬。
4216,请问主播什么时候上带绒的绿色外套我有事不能守在直播间,1,该用户急切想知道主播何时会展示并销售那款绿色加绒外套，因为自己无法全程观看直播，担心错过购买机会。
4217,厚吗,1,该用户想询问主播展示的商品（可能是外套或裤子）的厚度如何。
4218,没号,1,该用户想表达的含义是：我没有账号无法购买。
4219,想要9号,1,该用户想表达的是对9号尺码商品的购买意向。
4220,裤子,1,该用户是在催促主播尽快上架或展示裤子的商品链接。
4221,能不能给推荐一双好打理一点的板鞋最好好看一点的感谢,1,该用户希望主播推荐一款既容易打理又外观时尚的板鞋。
4222,能反过来穿一下看吗,1,该用户想表达的含义是：希望主播展示商品的反面细节以便更全面地了解产品。
4223,主播介绍一下中学生鞋子那几个款式,1,该用户想表达的含义是：希望主播详细讲解适合中学生的鞋款选择。
4224,跟那白颜色的是同款吗,1,该用户想确认直播中展示的某款商品是否与之前提到的白色款式属于同一系列或型号。
4225,这么小年纪的一群小姑娘工作的这么认真,0,该用户是在夸赞主播团队年轻但工作态度专业认真，可能隐含对直播内容或产品的认可和好感。
4226,看看棕色,1,该用户想表达的含义是：想看看商品中棕色的款式或实物效果。
4227,什么时候发货,1,该用户是在询问商品下单后的配送时间，表现出对购买流程的关切和潜在的成交意向。
4228,白色,1,该用户可能在询问主播展示的商品是否有白色款可选。
4229,正品吗,1,该用户对商品真伪存在疑虑，希望通过确认正品保障来评估是否值得购买。
4230,己拍,1,该用户想表达的含义是：我已经下单购买了。
4231,主播刚刚穿的是什么码,1,该用户想询问主播身上所穿衣服的具体尺码信息，以便考虑是否购买同款。
4232,主播穿多大,1,该用户是在询问主播所穿衣服的具体尺码，以便参考购买。
4233,买的鞋5天了怎么不发货呃,1,该用户因购买的鞋子迟迟未发货而感到不满，催促商家尽快处理订单。
4234,没拍到,1,该用户想表达的含义是：自己没抢到刚才直播中展示的商品。
4235,多大,1,该用户想询问主播所展示商品的尺码信息。
4236,买多大,1,该用户是在询问主播所展示商品的尺码信息，以便确定适合自己的购买尺寸。
4237,没抢到黑色,1,该用户因未能成功购买到心仪的黑色商品而感到遗憾。
4238,裤子几号链接,1,该用户想询问主播当前展示的裤子商品对应的购物链接编号是多少。
4239,你好,0,该用户可能是初次进入直播间，正在礼貌打招呼以引起主播注意，准备后续咨询商品信息。
4240,身高185体重110公斤穿哪个码,1,该用户想表达的含义是：询问主播以他的身材应该选择什么尺码的服装。
4241,小号最小是多少啊,1,该用户是在询问主播展示的鞋子最小尺码是多少。
4242,没有码,1,该用户想表达的含义是：商品中已经没有自己需要的尺码了。
4243,偏大吗,1,该用户是在询问商品尺码是否比标准尺寸偏大，以判断自己是否需要调整选购的尺码。
4244,已拍,1,该用户想表达的含义是：我已经下单购买了这款商品。
4245,主播身上穿的几码,1,该用户想询问主播所穿衣服的具体尺码作为自己购买的参考。
4246,已拍,1,该用户想表达的含义是：我已经下单购买了这款商品。
4247,主播有个人号吗,0,该用户可能想私下联系主播咨询商品细节或获取更多购买信息。
4248,为什么便宜这么多,1,该用户对商品价格大幅低于预期的原因感到疑惑，暗示对优惠真实性存疑的同时也透露出潜在的购买兴趣。
4249,上点短款羽绒服,1,该用户希望主播推荐或展示适合当下季节的短款羽绒服款式。
4250,已拍加急,1,该用户想表达的含义是：我已经下单并选择了加急配送服务。
4251,尺码表,1,该用户想表达的含义是：询问商品的具体尺码信息以便选择合适的购买尺寸。
4252,主播多高,0,该用户是在询问主播的身高以作为自己选购服装尺码的参考依据。
4253,黑色有吗,1,该用户想询问直播间是否有黑色款商品在售。
4254,外套穿的多大的,1,该用户是在询问主播身上所穿外套的具体尺码，以便参考选择合适的购买尺寸。
4255,没有44码,1,该用户想表达的含义是：询问商品是否有适合自己的44码尺寸。
4256,看一下尺码,1,该用户想了解商品的尺码信息以便选择合适的购买尺寸。
4257,有没有跑鞋,1,该用户是在询问直播间是否有跑鞋类商品在售。
4258,棉服吗,1,该用户是在询问主播展示的商品是否为棉服款式。
4259,厚一点的运动裤那个链接,1,该用户想询问主播展示的那款厚度较大的运动裤对应的商品购买链接。
4260,安安身高168100斤穿的L码样衣,1,该用户想表达的含义是：以自己168cm身高和100斤体重为参考，询问主播展示的L码样衣是否适合类似体型的人穿着。
4261,看下里面口袋,1,该用户想表达的含义是：让主播展示一下衣服的内侧口袋设计。
4262,东北能穿么,1,该用户想询问这款服装在东北地区的寒冷气候下是否适合穿着。
4263,你家鞋子实体店给洗吗,1,该用户是在询问该品牌线下实体店是否提供鞋类产品的清洗服务。
4264,已拍,1,该用户想表达的含义是：我已经下单购买了这款商品。
4265,有推荐的篮球鞋吗,1,该用户想表达的含义是：希望主播根据当前直播间的商品情况推荐一款适合的篮球鞋。
4266,已拍,1,该用户想表达的含义是：自己已经下单购买了商品。
4267,女的巴适,0,该用户想表达的含义是：这款女装看起来非常合适或令人满意。
4268,是网球鞋不,1,该用户是在询问当前展示的商品是否为网球鞋款式。
4269,裤子后面看下,1,该用户希望主播展示裤子的背面细节或上身效果。
4270,沈友腾给我买,1,该用户可能在以玩笑或亲密的口吻要求主播或直播间里的某位观众（如朋友或伴侣）为自己购买商品。
4271,黑色,1,该用户想询问当前展示的商品是否有黑色款可选。
4272,外套几号链接,1,该用户想询问主播展示的外套对应的商品购买链接编号。
4273,你穿的羽绒服几号链接,1,该用户想询问主播身上展示的羽绒服对应的商品购买链接编号。
4274,后面看一下,1,该用户想表达的含义是：希望主播稍后展示商品背面的细节。
4275,体重140多斤拍多大,1,该用户想询问自己体重140多斤应该选择什么尺码的服装。
4276,发货的颜色是主播手上同款颜色吗,1,该用户想确认商品实物颜色是否与主播展示的样品一致。
4277,卫衣尺码有吗,1,该用户想询问主播展示的卫衣是否有详细的尺码信息可供参考。
4278,今天文静,0,该用户可能是在询问主播今天展示的某款商品（如衣服或鞋子）是否显得文静或素雅。
4279,这个几号啊,1,该用户想询问主播展示的商品对应的商品链接编号是多少。
4280,离远点看看,1,该用户希望主播站远一点以便更全面地展示商品效果。
4281,衣服有黑色的吗,1,该用户想询问主播展示的服装是否有黑色款式可供选择。
4282,想要个黑色,1,该用户想表达的是对直播中展示的某款黑色商品的购买意向。
4283,厚的还是薄的,1,该用户是在询问商品（可能是衣物或鞋类）的厚度选项，想了解是否有不同厚度的款式可供选择。
4284,主播穿多大,1,该用户想询问主播身上所穿衣服的尺码以便参考购买。
4285,不对啊,0,该用户可能是在质疑主播展示的商品信息或描述与实际情况不符。
4286,发言内容,0,该用户想表达的含义是：询问主播展示商品的具体款式或颜色是否与实物一致。
4287,你身上的穿的短袖,1,该用户想询问主播身上穿的短袖的商品链接或具体款式信息。
4288,没抢到,1,该用户想表达的含义是：对之前直播中提到的某件商品有购买意愿但未能成功下单。
4289,没有的颜色,1,该用户想表达的含义是：询问商品是否有其他未被展示的颜色可选。
4290,已拍,1,该用户想表达的含义是：我已经下单购买了这款商品。
4291,因为我天天都要看都要买所以没见过,1,该用户想表达的含义是：由于自己经常观看并购买该直播间的商品，所以对当前展示的产品非常熟悉，从未遇到过缺货或没见过的款式。
4292,你身上穿的,1,该用户想询问主播身上穿的衣服的商品链接或具体信息。
4293,白色加绒卫衣,1,该用户可能在询问主播身上展示的白色加绒卫衣的具体商品信息或购买方式。
4294,抢光了,1,该用户想表达的含义是：商品已经被抢购一空，自己没能成功下单。
4295,防水吗,1,该用户可能是在询问当前展示的商品是否具备防水功能。
4296,我敢,0,"该用户想表达的是""我敢确定要购买这件商品""。  （分析依据：前文弹幕集中在商品细节咨询和购买意向表达，如询问尺码、颜色、材质等，且出现""已拍""""抢光了""等成交相关互动。""我敢""在购物语境中通常是对购买决策的肯定，结合直播带货场景，用户用简短有力的表达确认购买决心。）"
4297,脚胖的需要拍大一码嘛姐妹,1,该用户是在询问脚型较胖的情况下是否需要选择比平时大一码的鞋子。
4298,你身上穿的是哪个,1,该用户是在询问主播身上所穿服装的具体款式或购买链接。
4299,翻开看看,1,该用户想表达的含义是：让主播展示商品的内部或细节部分。
4300,主播有大码的吗,1,该用户是在询问主播所展示的服装是否有适合身材较丰满人群的尺码选项。
4301,主播裤子有吗,1,该用户是在询问主播身上穿的裤子是否有货或能否购买。
4302,是正品吗,1,该用户可能是在确认商品的真伪和质量保障，表现出对产品真实性的顾虑和潜在的购买意向。
4303,有黑色吗,1,该用户是在询问主播展示的商品是否有黑色款式可供选择。
4304,可以四个色都过一遍吗,1,该用户希望主播能逐一展示商品的所有四种颜色以供选择参考。
4305,刺绣标吗,1,该用户是在询问商品上的标志是否为刺绣工艺制作的。
4306,好卡,0,该用户可能在抱怨直播画面卡顿，影响了观看和购买体验。
4307,你那个衣服多少钱,1,该用户是在询问主播身上所穿衣服的具体价格，表现出对商品的购买兴趣和询价意图。
4308,这衣服什么材质的,1,该用户想表达的含义是：询问服装面料成分以进一步考虑是否购买。
4309,鞋码正吗,1,该用户是在询问商品的尺码是否标准准确，以确认自己是否需要调整购买尺寸。
4310,身高168体重160拍多少,1,该用户想询问以自己168厘米身高和160斤体重应该选择什么尺码的商品。
4311,有没有210斤能穿的,1,该用户是在询问主播是否有适合大体重人群（210斤）的服装尺码。
4312,里面的短袖有吗,1,该用户是在询问直播间里是否有展示过的某款短袖商品。
4313,主播上衣什么时候出,1,该用户是在询问主播身上穿的那件上衣何时会上架售卖。
4314,有黑的卫衣吗,1,该用户是在询问主播是否有黑色款的卫衣可供购买。
4315,只有男士的棕色了,1,该用户想表达的含义是：询问当前商品是否只剩下男士棕色款可选。
4316,不了解尺码的可以看屏幕右侧的尺码推荐,1,该用户是在提醒其他观众可以参考直播画面中提供的尺码指南来解决选码疑问。
4317,刚才那款,1,该用户想表达的含义是：请主播再详细介绍一下刚才展示过的那款商品。
4318,充绒量多少,1,该用户想询问羽绒服的填充物含量以判断其保暖性能。
4319,白色还有吗没有明天再来,1,该用户想表达的含义是：询问白色款是否还有库存，如果没有就改天再来购买。
4320,我蹲了几天了,1,该用户想表达的含义是：我已经关注这款商品很久了，一直在等待购买机会。
4321,有黑色棉服吗,1,该用户是在询问直播间是否有黑色款的棉服可供购买。
4322,鞋码标准吗,1,该用户是在询问鞋子的尺码是否准确，以便确认自己是否需要调整平时购买的尺码。
4323,脚上的鞋可以看看吗,1,该用户想表达的含义是：对主播脚上穿的鞋子感兴趣，希望详细介绍或展示。
4324,我给了你灯牌,0,该用户想表达的含义是：我已经关注并支持了主播，希望能获得更多互动或优惠。
4325,为什么感觉一般,0,该用户可能对当前展示的商品款式或效果感到失望，认为没有达到预期水平。
4326,看看里面,1,该用户想表达的含义是：想查看商品的内衬或内部细节。
4327,可惜用男的试下么,1,该用户可能是想询问商品是否有男性试穿效果展示，以作为购买参考。
4328,外套外套,1,该用户想表达的含义是：询问主播是否还有外套款式可供选择或详细介绍外套的相关信息。
4329,身上棉服哪里,1,该用户想询问主播身上穿的那件棉服是否有货或购买链接。
4330,介绍下5号,1,该用户想表达的含义是：请详细介绍下5号商品的具体信息。
4331,你穿的什么码,1,该用户想询问主播身上所穿衣服的具体尺码以供自己参考购买。
4332,黑色和这个一样材质吗,1,该用户是在询问直播中展示的某款黑色商品是否与当前介绍的商品采用相同的材质。
4333,能卖99我头砍下来,1,该用户是在用夸张的语气表示当前商品价格过高，认为如果真能降价到99元是绝对不可能的。
4334,有没有加绒的鞋,1,该用户是在询问直播间是否有冬季加厚保暖款的鞋子可供选购。
4335,买了是不是正品啊,1,该用户是在确认商品的真伪性，担心购买到假货。
4336,女款羽绒服,1,该用户可能在询问直播间是否有女款羽绒服的相关介绍或购买链接。
4337,无语了,0,该用户可能对直播内容或产品展示感到失望或不耐烦，认为某些信息未得到及时回应或不符合预期。
4338,只有这一个颜色嘛,1,该用户想询问商品是否有其他颜色可选。
4339,下单了,1,该用户想表达的含义是：我已经完成了购买行为。
4340,身高165体重98女,1,该用户是在询问主播自己适合穿什么尺码的服装。
4341,没大码,1,该用户想表达的含义是：商品没有提供适合较大体型的尺码选项。
4342,尺码推荐下,1,该用户希望主播根据自身情况（如身高体重或款式）给出合适的尺码建议。
4343,不卖内搭,1,该用户可能是在询问或抱怨主播展示的服装没有配套的内搭单品出售。
4344,尺码正常拍吗,1,该用户是在询问商品尺码是否标准，是否需要调整平常购买的尺码来下单。
4345,主播身上的外套,1,该用户想询问主播所穿外套的购买链接或商品详情。
4346,身高178体重85公斤50号裤子穿多大号,1,该用户想表达的含义是：询问根据自身身高体重应该选择什么尺码的50号裤子。
4347,这个好大,1,该用户可能是在感叹商品的尺寸比预期要大，或是在询问商品的尺码是否偏大。
4348,主播穿多大的,1,该用户想询问主播所穿衣服的具体尺码信息。
4349,里面的衣服几号链接,1,该用户想询问主播身上穿的内搭衣服对应的商品链接编号。
4350,已签收什么意思,1,该用户可能是在询问自己购买的订单物流状态中“已签收”的具体含义，比如是否代表已经成功收货或需要进一步操作。
4351,已拍,1,该用户想表达的含义是：我已经下单购买了这件商品。
4352,我不问尺码问什么,1,该用户想表达的含义是：在尺码问题频繁出现的讨论中，他质疑除了询问尺码外还能关注什么其他信息。
4353,加绒卫衣,1,该用户是在询问主播展示的卫衣是否有加绒款式。
4354,我要19号,1,该用户想表达的含义是：我想要购买19号尺码的商品。
4355,小姐姐播一下午了,0,该用户可能是在关心主播的直播时长，暗示主播已经持续工作很久需要休息。
4356,早上17号的衣服能上一下吗,1,该用户希望主播重新展示或补货之前出现过但当前未在售的17号款式服装。
4357,身上羽绒服,1,该用户可能在询问主播身上穿的羽绒服的商品信息或购买链接。
4358,给力,1,该用户想表达的含义是：对主播推荐的商品或优惠活动感到满意和兴奋。
4359,没拍到,1,该用户想表达的含义是：没能成功抢购到心仪的商品。
4360,没有加L码的呀,1,该用户想表达的含义是：商品缺少适合自己身材的L码选项。
4361,尺码,1,该用户可能是在询问主播关于商品尺码的具体信息或推荐。
4362,尺码标,1,该用户可能是在询问商品尺码标签的具体信息或确认尺码标注是否准确。
4363,跑步鞋几号链接,1,该用户想询问主播当前展示的跑步鞋对应的商品购买链接编号。
4364,体重120身高175穿s码吗,1,该用户是在询问以自己120斤的体重和175cm的身高是否适合穿S码的服装。
4365,里面加绒,1,该用户想询问主播展示的衣物是否含有内衬绒毛材质。
4366,衣服还有黑色的吗,1,该用户想询问主播展示的服装是否有黑色款可供选择。
4367,已拍,1,该用户想表达的含义是：我已经下单购买了这件商品。
4368,是冬款的吗,1,该用户是在询问主播展示的商品是否为冬季款式。
4369,大衣呢,1,该用户想询问直播间是否展示或售卖之前提到的大衣款式。
4370,什么快递,1,该用户想询问商品发货时会使用哪家快递公司。
4371,东北很冷有没有加绒的,1,该用户是在询问直播间是否有适合东北寒冷天气的加厚保暖款式服装。
4372,脚面高可以穿吗,1,该用户是在询问商品的鞋款设计是否适合脚背较高的人穿着。
4373,跟高多少,1,该用户想询问鞋子的鞋跟高度是否适合自己。
4374,没拍到,1,该用户想表达的含义是：刚才想购买的商品没抢到。
4375,开价,0,该用户可能在询问主播对当前展示商品的报价或期望主播给出一个具体的购买价格。
4376,主播太辛苦了休息一下,1,该用户可能是出于对主播的关心和体谅，希望主播能暂停商品介绍稍作休息。
4377,昨天那个三叶草boost跑步鞋没了,1,该用户想表达的含义是：之前看中的那款三叶草boost跑步鞋已经卖完了，感到遗憾或想询问补货可能。
4378,有没有长款羽绒服,1,该用户是在询问直播间是否有长款羽绒服在售，表现出对这款商品的购买兴趣。
4379,主播多高多重,1,该用户想询问主播的身高体重作为自身选购服装尺码的参考依据。
4380,运动潮鞋来一波,1,该用户希望主播推荐或上架一些时尚运动鞋款式。
4381,裤子裤子裤子,1,该用户急切地询问或催促主播展示/介绍某款裤子的相关信息。
4382,冬季款吗,1,该用户是在询问当前展示的商品是否为适合冬季穿着的款式。
4383,没有尺码,1,该用户想表达的含义是：商品页面或直播中未提供合适的尺码信息或选项。
4384,离远点看看后边,1,该用户想让主播调整镜头距离或展示商品的全貌，以便更清楚地观察服装的整体效果或背面细节。
4385,主播怎么不互动,0,该用户可能是在催促主播回应观众提问或希望增加互动活跃气氛。
4386,你这个鞋子的折痕是自带的吗,1,该用户可能在质疑鞋子的做工质量或设计合理性，暗示折痕看起来像是产品本身的问题而非正常穿着痕迹。
4387,小个子能穿吗,1,该用户是在询问主播展示的服装是否适合身材娇小的人穿着。
4388,我要M码,1,该用户想表达的含义是：我想购买这件商品的中号尺码。
4389,别刷99了,1,该用户想表达的含义是：让大家停止刷无意义的数字弹幕，专注于讨论商品信息。
4390,尺码尺码,1,该用户想询问商品的具体尺码信息或确认是否有自己需要的尺码。
4391,上衣没买到,1,该用户因错过购买机会而感到遗憾，暗示对那款上衣仍有兴趣并希望补货或再次上架。
4392,一米七115斤女穿多大,1,该用户是在询问适合身高一米七、体重115斤的女性穿着的服装尺码。
4393,初中生男孩可以穿吗,1,该用户是在询问商品是否适合初中年龄段的男孩穿着。
4394,有女款么,1,该用户想询问当前展示的商品是否有女性款式可选。
4395,没有s吗了,1,该用户想表达的含义是：询问商品是否已经没有S码的库存了。
4396,女款有吗,1,该用户是在询问当前展示的商品是否有适合女性穿着的款式。
4397,你身上的短袖有吗,1,该用户想询问主播身上穿的短袖是否在售，并表达了自己潜在的购买意向。
4398,能不能讲羽绒服,1,该用户希望主播详细介绍羽绒服的款式或功能信息。
4399,正品吗,1,该用户可能是在询问商品是否为官方正品，以确保购买到品质有保障的产品。
4400,防水吗,1,该用户可能是在询问产品的防水性能，想确认商品是否具备防水功能以满足自己的使用需求。
4401,卖不卖的,1,该用户是在询问主播当前展示的商品是否可供购买。
4402,裤子,1,该用户可能在询问当前展示的裤子款式或是否有货。
4403,天气不冷有没有好的推荐,1,该用户想表达的含义是：如果不需要保暖功能，有没有其他适合的款式推荐。
4404,郑州可以发货么现在,1,该用户是在询问当前商品是否支持发往郑州地区，以确认自己能否下单购买。
4405,没号,1,该用户想表达的含义是：没有我想要的商品款式或型号。
4406,正品吗,1,该用户是在询问直播所售商品是否为官方正品，以确认产品的真实性和可靠性。
4407,裤子裤子鞋子鞋子,1,该用户急切地催促主播展示或讲解裤子和鞋子的产品信息。
4408,你上不上,1,该用户想询问主播是否会展示或售卖当前讨论的商品。
4409,穿多大呢,1,该用户想询问适合自己身材的服装尺码。
4410,看下后面,1,该用户想表达的含义是：希望主播展示或介绍接下来要推荐的商品。
4411,有没有冬天鞋,1,该用户想询问直播间是否有适合冬季穿着的鞋款可供购买。
4412,女款鞋子好少啊,1,该用户可能在委婉表达对直播间商品品类的不满，暗示希望主播多上架或展示更多女性鞋款的选择。
4413,女款高帮鞋,1,该用户是在询问直播间是否有女性款式的高帮鞋可供购买。
4414,偏瘦吗,1,该用户可能在询问商品的尺码是否偏小，尤其是针对身材较瘦的穿着者是否合适。
4415,尺码看看,1,该用户想询问主播展示商品的尺码信息以供参考。
4416,以拍以拍,1,该用户想表达的含义是：已经下单购买了。
4417,是棉服吗,1,该用户是在询问当前展示的商品是否为棉服材质，可能对冬季保暖衣物有购买意向。
4418,二百斤能穿吗,1,该用户是在询问商品的尺码是否适合体重较大的人穿着。
4419,还是女装,1,该用户想表达的含义是：希望主播多展示或推荐女性服装款式。
4420,裤子,1,该用户想询问或确认当前展示或讨论的商品中是否有裤子的款式或相关信息。
4421,男裤,1,该用户可能是在询问或强调直播间是否有男裤款式可供购买。
4422,手机没有电了,0,该用户可能是在委婉表达因手机电量不足而无法继续观看直播或参与互动。
4423,乔汐最美,0,该用户可能在通过夸赞主播的外貌来活跃气氛或表达对直播内容的喜爱，但并未直接表现出明确的购买意向。
4424,主播穿的啥码,1,该用户想询问主播身上所穿服装的具体尺码，可能是为了参考购买或确认是否适合自己的身材。
4425,看看后面,1,该用户希望主播展示商品背面或其他未展示的细节部分。
4426,已拍发什么快递,1,该用户想确认自己下单后商家会使用哪家快递公司发货。
4427,西藏能发不,1,该用户想询问商品是否支持发货到西藏地区。
4428,已拍加急,1,该用户想表达的含义是：我已经下单并选择了加急配送服务。
4429,是啥意思,0,该用户可能是在询问主播刚才提到的某个产品特性或术语的具体解释。
4430,这个是冲锋衣啊,1,该用户是在确认主播展示的商品是否为冲锋衣，可能对其功能或款式产生了购买兴趣。
4431,你穿多大,1,该用户想询问主播所展示商品的穿着尺码以作为自己的购买参考。
4432,这是男款女的可以穿吗,1,该用户是在询问这款男装是否适合女性穿着，可能担心性别限制或尺码问题。
4433,刚才三百多怎么一千多了,1,该用户对商品价格的突然上涨感到困惑和不满。
4434,没有3个4加,1,该用户可能是在询问商品是否有“3XL或4XL”的加大尺码可供选择。
4435,看一下,1,该用户想表达的含义是：想进一步了解当前展示商品的细节或效果。
4436,里面的有吗,1,该用户可能在询问直播间展示的商品是否有库存或是否包含配套的内搭。
4437,就我觉得主播这么好看吗,0,该用户是在夸赞主播的外貌，并暗示自己对主播的关注和好感，可能借此拉近与主播的距离或引起互动。
4438,介绍一下44号,1,该用户想询问主播身上穿的44号商品的详细信息和特点。
4439,衣服几号链接,1,该用户想询问主播身上展示的衣服对应的商品购买链接编号。
4440,主播上身这款我喜欢,1,该用户想表达的含义是：对主播展示的这款服装很感兴趣，有购买意愿。
4441,你穿的外套,1,该用户想询问主播身上所穿外套的具体款式或购买链接。
4442,拍了,1,该用户想表达的含义是：我已经下单购买了这款商品。
4443,主播穿什么号,1,该用户是想询问主播身上所穿衣服的具体尺码信息。
4444,男士春秋款裤子有吗,1,该用户是在询问直播间是否有适合男性在春秋季节穿着的裤装产品。
4445,鞋头可以展示一下吗,1,该用户想进一步了解鞋子的外观细节，以便评估是否值得购买。
4446,蓝色的489黑色的700多,1,该用户可能在对比不同颜色商品的价格差异，询问蓝色款489元和黑色款700多元的具体原因。
4447,背后看看,1,该用户想表达的含义是：希望主播转身展示商品背面的细节。
4448,主播什么码,1,该用户是在询问主播身上所穿衣服的尺码信息。
4449,肯人,0,该用户想表达的含义是：这件衣服的尺码是多少？
4450,尺码,1,该用户想询问主播展示的服装或鞋子的具体尺码信息。
4451,有帽子吗,1,该用户想询问直播间是否有帽子的商品在售。
4452,我的,0,该用户想表达的含义是：主播展示的这件商品是我的尺码或我想要的款式。
4453,没卫衣吗,1,该用户想表达的含义是：询问直播间是否有卫衣款式在售。
4454,西下单赠送运费险哦,1,该用户想表达的含义是：提醒大家购买这件商品可以享受运费险的优惠。
4455,高178重200有合适的吗,1,该用户想表达的含义是：询问主播是否有适合自己身高178厘米、体重200斤体型的服装款式。
4456,一个月之前159买的,1,该用户想表达的含义是：我之前买的价格比现在贵，想看看现在是否有优惠。
4457,已拍,1,该用户想表达的含义是：我已经下单购买了这款商品。
4458,主播羽绒服,1,该用户可能在询问主播身上穿的羽绒服的具体信息或购买链接。
4459,看看内衬,1,该用户想进一步了解服装内层的细节设计或材质。
4460,已拍尽快发货,1,该用户想表达的含义是：我已经下单购买了商品，希望商家能尽快安排发货。
4461,看下厚度,1,该用户希望主播展示商品（如外套或裤子）的材质厚薄程度以便判断是否适合当前季节穿着。
4462,请问有女款羽绒服H23063吗,1,该用户想表达的含义是：询问直播间是否售卖某款特定型号的女式羽绒服。
4463,真的,0,该用户想表达的含义是：对主播展示的商品或信息表示认可或赞同。
4464,裤子裤子裤子,1,该用户急切地想了解或购买当前展示的裤子款式，可能是催促主播详细介绍或直接求购。
4465,上鞋子,1,该用户想表达的含义是：让主播展示或介绍鞋子的款式和细节。
4466,拜拜,0,该用户想表达的含义是：我先离开直播间了。
4467,已抢,1,该用户想表达的含义是：自己已经成功下单购买了商品。
4468,已拍,1,该用户想表达的含义是：我已经下单购买了这款商品。
4469,身高193体重210裤子多大码,1,该用户是在询问适合自己身高193厘米、体重210斤的裤子尺码，表现出明确的购买意向。
4470,看看里面,1,该用户想表达的含义是：想查看商品内部细节或结构。
4471,衣长,1,该用户想询问衣服的具体长度尺寸信息。
4472,有43的吗,1,该用户是在询问商品是否有43码的尺码可供选择。
4473,身高157可以穿吗,1,该用户是在询问主播展示的服装款式是否适合自己157cm的身高。
4474,能不能上贝壳头白色板鞋,1,该用户希望主播推荐或展示白色贝壳头款式的休闲板鞋以供购买。
4475,改价,1,该用户希望主播调整当前展示商品的售价。
4476,有另外一个颜色吗,1,该用户是在询问当前展示的商品是否有其他可选颜色。
4477,没抢到,1,该用户想表达的是对未能成功购买到心仪商品的遗憾。
4478,你外套有吗,1,该用户是在询问主播展示的外套是否有货或是否会上架销售。
4479,身上那件,1,该用户想询问主播身上穿的那件衣服的购买信息或款式详情。
4480,再看一下1号链接尺码,1,该用户想进一步确认1号链接商品的尺码信息，可能是在考虑购买前需要更详细的尺寸参考。
4481,试试十二号,1,该用户想表达的是让主播展示或详细介绍12号商品链接的产品信息。
4482,外套是加绒的不,1,该用户想询问外套是否具备保暖内衬材质以确认其御寒性能。
4483,女身高160体重110斤穿多大码,1,该用户是在询问适合自己身高160厘米、体重110斤的服装尺码，表明对直播间的商品有购买意向并希望得到具体的尺寸建议。
4484,罗永浩老师吗,0,该用户可能在确认主播身份，以判断直播间内容的可信度或是否值得继续关注。
4485,棒球羽绒服还有吗,1,该用户是在询问主播棒球羽绒服的库存情况，表达了对这款商品的购买意向。
4486,真的么,0,该用户可能对主播提到的某个产品信息或优惠活动表示怀疑或惊讶，想进一步确认真实性。
4487,有没有高帮鞋子,1,该用户是在询问直播间是否有高帮款式的鞋子可供购买。
4488,有女款短款羽绒服吗,1,该用户是在询问直播间是否有适合女性穿着的短款羽绒服款式。
4489,什么时候发货,1,该用户想确认商品的发货时间以便决定是否下单。
4490,几个颜色,1,该用户想询问商品是否有多种颜色可选。
4491,你身上的裤子上啊,1,该用户想询问主播身上穿的裤子是否有售或相关购买信息。
4492,主播你的裤子哪个链接,1,该用户想询问主播所穿裤子的购买链接以便下单。
4493,那个大明星再穿,0,该用户想表达的含义是：让那位知名嘉宾再次展示或穿上刚才提到的商品。
4494,尺码看一下,1,该用户想询问主播展示商品的详细尺码信息以便确认是否适合自己购买。
4495,要主播穿的外套,1,该用户想表达的含义是：询问主播身上所穿外套的购买链接或商品信息。
4496,太妃糖啊,1,该用户可能是在询问主播展示或提到的太妃糖产品是否还有货或能否购买。
4497,你身上穿的,1,该用户想询问主播身上穿的衣服是否有售卖链接。
4498,体重110想穿宽松点买多大码啊,1,该用户是在询问自己体重110斤的情况下，如果想穿出宽松效果应该选择哪个尺码的服装。
4499,裤子有吗,1,该用户是在询问主播身上穿的或展示的裤子是否有货并希望获取购买链接。
4500,我想要鸽子灰,1,该用户想表达的是对某款商品“鸽子灰”颜色的购买意向。
4501,咖啡你冲不冲,1,该用户可能是在询问主播是否推荐或尝试某款咖啡产品，并带有互动调侃的语气。
4502,亲亲儿童的去哪里看,1,该用户可能在询问直播间中展示的儿童款商品的具体展示位置或购买链接。
4503,鞋子,1,该用户可能是在询问直播间是否有展示或售卖鞋子的款式或链接。
4504,主播多高,1,该用户想询问主播的身高以作为自己选购服装尺码的参考依据。
4505,冬天能穿吗,1,该用户想询问当前展示的商品是否适合冬季穿着，以评估其购买价值。
4506,防水吗,1,该用户是在询问产品是否具备防水功能。
4507,扯淡,0,该用户想表达的含义是：对主播的说法或产品介绍表示质疑或不信任。
4508,加绒吗,1,该用户想询问商品是否带有加绒内衬以确认保暖性能。
4509,有没有跑鞋,1,该用户想询问直播间是否有跑鞋类商品在售或展示。
4510,没点诚信卖啥货啊,0,该用户可能因对主播未及时回应商品细节或存在误导性宣传感到不满，认为商家缺乏诚信经营的态度。
4511,是正品吧,1,该用户想确认主播所售商品是否为官方正品，表现出对产品质量的顾虑和潜在的购买意向。
4512,长款羽绒服,1,该用户可能在询问主播身上穿的长款羽绒服是否有售或想了解其详情。
4513,已拍21号加急运费险谢谢,1,该用户想表达的含义是：我已经下单购买了21号商品并选择了加急配送和运费险服务。
4514,贝壳头鞋有卖吗,1,该用户是在询问直播间是否有售卖阿迪达斯经典款贝壳头运动鞋。
4515,我要看14号链接,1,该用户想表达的含义是：希望主播展示或详细介绍商品列表中编号为14的产品。
4516,裤子,1,该用户可能在询问主播是否有展示或售卖当前讨论的裤子款式。
4517,可以看一下内衬吗,1,该用户想表达对服装内衬细节的展示需求，以评估商品的实际做工和穿着效果。
4518,有没有女羽绒马甲,1,该用户是在询问直播间是否有女性款式的羽绒马甲可供购买。
4519,刚刚那个好看,1,该用户想表达的含义是：对之前展示的某款商品款式表示喜爱和认可。
4520,没大码,1,该用户想表达的含义是：商品没有提供适合大尺码的款式。
4521,我刚收到货,1,该用户想表达的含义是：我已经购买了你们的产品并收到了实物。
4522,黑色,1,该用户想表达的含义是：询问主播展示的商品是否有黑色款式可选。
4523,冬天能穿吗,1,该用户是在询问主播展示的商品是否适合冬季穿着或具备保暖功能。
4524,看下内里,1,该用户想表达的含义是：希望主播展示商品内部细节或材质。
4525,看看衣服里面,1,该用户想表达的含义是：希望主播展示服装的内部细节或材质。
4526,没买到刚刚的,1,该用户因错过之前展示的商品而感到遗憾，表达了对未能及时购买的惋惜情绪。
4527,厚吗,1,该用户想询问商品的厚度是否适合当前季节或穿着需求。
4528,裤子几号链接,1,该用户想询问当前展示的裤子商品对应的购买链接编号。
4529,一天就买这一款吗,1,该用户可能是在询问当天直播是否只主推这一款商品，暗示对其他款式或选择范围的关注。
4530,身高172体重175斤,1,该用户想表达的含义是：询问是否有适合自己身高体重的大码服装款式。
4531,主播穿多大,1,该用户想询问主播身上所穿衣服的具体尺码信息，以便判断是否适合自己购买。
4532,刚才那件绿色的链接呢,1,该用户想表达的含义是：询问主播之前展示过的那件绿色商品的购买链接在哪里。
4533,一个颜色吗,1,该用户是在询问当前展示的商品是否只有单一颜色可选。
4534,尺码标,1,该用户想询问商品尺码标签的详细信息或确认尺码是否标准。
4535,看一下内衬,1,该用户想表达的是让主播展示商品内部细节或材质。
4536,看下12号,1,该用户想表达的含义是：让主播展示或介绍12号商品链接的详情。
4537,就是啊,0,该用户可能在附和之前其他观众对某件商品的正面评价或认同主播的推荐。
4538,几天发货,1,该用户想询问商品下单后的大致发货时间，以评估购买后的收货等待周期。
4539,没码了,1,该用户想表达的是商品已经没有自己需要的尺码了。
4540,有没有,1,该用户可能在询问直播间是否还有库存或特定款式的商品。
4541,裤子,1,该用户可能在询问当前展示或提到的裤子的具体信息（如款式、链接等）。
4542,拍下多少钱,1,该用户想询问当前展示商品的最终购买价格。
4543,零下20度能穿吗,1,该用户想询问这款衣物在极寒环境下的保暖性能是否足够。
4544,没有码数,1,该用户想表达的含义是：商品缺货，没有自己需要的尺码了。
4545,裤子,1,该用户可能在询问当前展示的裤子款式或要求主播介绍裤子的相关信息。
4546,女的95斤可以穿吗,1,该用户是在询问主播展示的服装款式是否适合身高约95斤的女性穿着。
4547,对吗,0,该用户可能是在确认主播之前提到的某个产品信息或描述是否准确，比如颜色、尺码、功能等细节。
4548,大号上库存,1,该用户是在催促主播为当前热销款式的裤子补货，希望增加大尺码的库存。
4549,已拍,1,该用户想表达的含义是：我已经下单购买了这款商品。
4550,身高153体重100斤穿什么码,1,该用户是在询问适合自己身高体重的服装尺码建议。
4551,冬夏,1,该用户可能在询问主播展示的服装是否适合冬季和夏季穿着。
4552,没有女款吗,1,该用户是在询问当前展示的商品是否有适合女性穿着的款式或型号。
4553,都2789个99了,1,该用户想表达的含义是：直播间里已经有大量观众在询问或下单99元的产品了。
4554,请问47号可以介绍一下么,1,该用户想表达的含义是：希望主播详细介绍47号商品的具体信息。
4555,主播身上什么尺码,1,该用户想询问主播所穿服装的尺码信息，以便参考选择适合自己的尺寸。
4556,男的会不会穿着太小,1,该用户是在询问男款尺码是否偏小，担心自己或他人穿着不合身。
4557,篮球鞋拍了尽快发货吧,1,该用户已经下单购买篮球鞋，并催促商家尽快安排发货。
4558,衣服是短款吗,1,该用户想询问服装的版型细节以判断是否符合自己的穿着需求。
4559,adidas官方旗舰店好的,1,该用户可能是在确认或赞同主播提到的关于adidas官方旗舰店的信息，表达对该店铺的认可或购买意向。
4560,裤子,1,该用户可能在询问主播关于裤子的具体信息或表达对裤子的购买兴趣。
4561,衣服也用不了券,1,该用户想表达的含义是：这件衣服不符合优惠券的使用条件，让人感到失望。
4562,黑色,1,该用户可能在询问商品是否有黑色款式可选。
4563,妹儿妹儿皮,0,该用户可能在询问主播身上穿的那款皮衣或皮裤的相关信息。
4564,女款篮球鞋有吗,1,该用户想询问直播间是否有适合女性穿着的篮球鞋款式。
4565,卫衣,1,该用户可能在询问主播展示的卫衣款式或尺码信息。
4566,身上的衣服怎么卖,1,该用户是在询问主播身上所穿衣服的购买方式和价格信息。
4567,没有帽子吗,1,该用户是在询问直播间是否有帽子的商品在售。
4568,加绒,1,该用户想询问主播展示的衣物是否有加绒款式或加厚内衬。
4569,棉服呢,1,该用户可能在询问直播间是否有棉服款式可供购买。
4570,羽绒服,1,该用户可能是在询问直播间是否有羽绒服款式或想了解羽绒服的相关信息。
4571,身上的棉服,1,该用户想询问主播身上穿的棉服的相关信息，比如款式、价格或购买方式。
4572,官方的吗,1,该用户是在确认当前直播间是否为品牌官方直营的销售渠道。
4573,是男士还是女士穿的,1,该用户是在询问当前展示的服装款式适合男性还是女性穿着。
4574,开始隔壁直播间怎么播一会就不播了,0,该用户可能是在对比不同直播间的观看体验，暗示当前直播间的内容更稳定或更有吸引力。
4575,你早上穿的绿色的,1,该用户可能在询问主播早上展示过的那件绿色款式的服装是否还有货或如何购买。
4576,白色有没有,1,该用户是在询问当前展示的商品是否有白色款式可供选择。
4577,尺码2XL上点,1,该用户希望主播尽快补货或展示2XL尺码的服装款式。
4578,鼻子这么亮,0,该用户可能是在评论主播的面部妆容或皮肤状态，暗示鼻子部分的高光过于明显或反光不自然。
4579,五号是开了的价格,1,该用户想询问五号商品当前展示的是否为优惠后的最终售价。
4580,没了,1,该用户想表达的含义是：想要的商品已经卖完了或者没货了。
4581,尺码偏大吗,1,该用户是在询问商品的尺码是否比常规尺寸偏大，以确认购买时的尺码选择。
4582,一直问都不给报,1,该用户可能是在抱怨主播多次询问商品信息却迟迟不公布价格或购买方式。
4583,看看帽子,1,该用户想表达的含义是：询问主播是否可以展示或介绍帽子的相关信息。
4584,看看2号,1,该用户想表达的是：我想了解2号产品的详细信息。
4585,有没有戴帽子的加绒卫衣,1,该用户想询问直播间是否售卖带帽设计的加绒款卫衣，并透露出对这类产品的购买意向。
4586,已购,1,该用户想表达的含义是：我已经下单购买了这件商品。
4587,已拍5号加急,1,该用户想表达的含义是：我已经下单购买了5号商品并选择了加急配送服务。
4588,以拍,1,该用户想表达的含义是：已经下单购买了商品。
4589,尺码表,1,该用户想询问商品的具体尺码信息以便确认是否适合自己购买。
4590,亮了,0,该用户可能是在评论主播或产品展示时的某个亮点或闪光点，比如衣服的反光效果、主播的妆容高光，或是画面突然变亮等视觉变化。
4591,主播穿什么码,1,该用户是在询问主播身上所穿衣服的尺码信息，意图参考主播的身材选择合适的服装尺码。
4592,看看前面,1,该用户可能是想让主播重新展示之前介绍过的某款商品或穿搭效果。
4593,女款,1,该用户可能是在询问当前展示的商品是否有女款可选。
4594,几号链接,1,该用户想询问主播当前介绍的商品对应的是哪个购物链接编号。
4595,有白色的吗鞋子,1,该用户是在询问主播展示的鞋子是否有白色款可供购买。
4596,看下材质,1,该用户想进一步了解产品的面料细节以便做出购买决策。
4597,没买到,1,该用户想表达的是对错过心仪商品的遗憾和未能成功下单的焦急心情。
4598,有羽绒服H20760吗,1,该用户是在询问直播间是否有售卖特定款式的羽绒服，表现出明确的购买意向和商品需求。
4599,看看后面,1,该用户希望主播展示后续即将介绍的商品或款式。
4600,裤子裤子裤子裤子裤子裤子裤子裤子裤子裤子裤子,1,该用户急切地催促主播展示或介绍裤子产品，表达强烈的购买意向。
4601,加绒的吗,1,该用户是在询问商品是否有加绒的款式或材质。
4602,这个有黑色吗,1,该用户想询问当前展示的商品是否有黑色款式可供选择。
4603,外套有吗,1,该用户想询问直播间是否有外套类商品在售。
4604,主播什么码,1,该用户是在询问主播身上所穿衣服的具体尺码信息。
4605,三条线是印的还是织的,1,该用户想询问服装上三条线纹路的工艺是印花还是编织的。
4606,姜雨言还在吗,0,该用户可能在询问主播或某个关键人物（如模特、助手）是否仍在直播间，以便进一步咨询商品信息或确认购买细节。
4607,你鼻子怎么发黑,0,该用户可能在询问主播展示的商品（如衣服或配饰）上鼻子部位的材质或设计是否存在问题或瑕疵。
4608,哪里发货,1,该用户想询问商品的发货地点，以评估物流时效和售后便利性。
4609,主播穿的多大,1,该用户想询问主播身上所穿衣服的具体尺码作为购买参考。
4610,你身上衣服链接,1,该用户想询问主播身上所穿衣服的购买链接。
4611,要大码,1,该用户想表达的含义是：询问主播身上穿的服装是否有更大尺码可供选择。
4612,男款,1,该用户可能在询问当前展示或讨论的商品是否有男性款式。
4613,我想买71号,1,该用户想表达的是对直播间71号商品的购买意向。
4614,这鞋子男的能穿吗,1,该用户想询问这款鞋子是否有适合男性穿着的款式或尺码。
4615,福利哦,0,该用户可能是在询问或期待直播间即将推出的优惠活动或赠品。
4616,衣长多少,1,该用户想询问衣服的具体长度尺寸信息以评估是否适合自己购买。
4617,已拍,1,该用户想表达的含义是：我已经下单购买了这款商品。
4618,没抢上,1,该用户想表达的含义是：没能在直播中成功抢购到心仪的商品。
4619,已拍,1,该用户想表达的含义是：我已经下单购买了这款商品。
4620,这个妹子漂亮,0,该用户可能是在夸赞主播的外貌或穿搭吸引人，暗示对主播展示的商品产生兴趣或好感。
4621,往后站,1,该用户可能是在提醒主播或其他人不要挡住镜头，以便更清楚地看到商品展示。
4622,主播穿几码,1,该用户是想询问主播身上所穿衣服的尺码以便参考购买。
4623,买完了,1,该用户想表达的含义是：自己已经完成了下单购买的动作。
4624,黑色,1,该用户想表达的含义是：询问主播展示的商品是否有黑色款式可选。
4625,有裤子吗,1,该用户想询问直播间是否有裤子类商品在售或展示。
4626,劵在哪里,1,该用户想询问直播间发放的优惠券如何领取或在哪里查看。
4627,没有两个加了,1,该用户想表达的含义是：商品数量不足，没有成功加到购物车。
4628,主播多少码,1,该用户是在询问主播身上所穿衣服或鞋子的具体尺码，以便参考购买。
4629,感觉主播好累,0,该用户可能是在关心主播的身体状态，暗示直播节奏紧张或持续时间较长，希望主播适当休息。
4630,身上这款是那个链接,1,该用户是在询问主播身上穿的那款衣服对应的商品购买链接。
4631,再看看尺码表,1,该用户对当前展示的商品有兴趣，但需要进一步确认尺码信息以便决定是否购买。
4632,厚款吗,1,该用户是在询问商品的厚度是否适合当前季节或需求。
4633,没买到,1,该用户想表达的含义是：自己因手速或库存原因未能成功下单心仪商品。
4634,女跑鞋,1,该用户可能在询问主播展示的女款跑鞋的具体信息或购买链接。
4635,已拍收到很好,1,该用户想表达的是：自己已经下单并收到了商品，对产品感到满意。
4636,底多厚,1,该用户是想询问鞋底的厚度以判断鞋子的舒适度和实用性。
4637,卫衣,1,该用户可能在询问主播展示的卫衣款式或购买链接。
4638,好久没刷到这个主播了,0,该用户可能是在表达对主播回归的惊喜和关注，暗示自己曾是该主播的粉丝但近期较少看到其直播，从而透露出对直播内容的兴趣和潜在的购买意愿。
4639,就这一个颜色么,1,该用户想询问商品是否有其他颜色可选。
4640,我想99你能99上,1,该用户想表达的含义是：希望商品能以99元的价格优惠出售。
4641,拜拜吧,0,该用户想表达的含义是：我暂时没有购买意向，先退出直播间了。
4642,能不能卖今年的新款,1,该用户想询问直播间是否会上架当前季节的最新款式商品。
4643,羽绒服,1,该用户可能在询问直播间是否有羽绒服商品或想了解羽绒服的相关信息。
4644,买完别在便宜了,1,该用户担心自己购买后商品会降价，希望价格保持稳定不要更优惠。
4645,看看内里,1,该用户想表达的含义是：想了解商品内部细节或材质。
4646,已购,1,该用户想表达的含义是：我已经下单购买了这款商品。
4647,哪个商家都会讲故事卖的跟文化一样,0,该用户可能是在吐槽商家过度包装产品，用文化故事来抬高价格，暗示对营销手法的不满和对产品实际价值的质疑。
4648,裤子,1,该用户可能在询问主播展示的裤子款式或购买链接的相关信息。
4649,身高153体重90斤,1,该用户可能在询问适合自己身材尺寸的服装款式或尺码建议。
4650,尺码表看看,1,该用户想表达的含义是：希望主播展示商品的详细尺码信息以供参考。
4651,这主播我看着咋这么不顺眼了,0,该用户可能因对主播的推销方式或直播内容感到不满而产生了抵触情绪。
4652,试下小码,1,该用户想表达的含义是：询问是否有适合自己的小尺码商品可供尝试购买。
4653,主播好漂亮,0,该用户可能是在缓和直播间的紧张氛围，通过夸奖主播来转移对之前负面评论的注意力。
4654,抢到,1,该用户想表达的含义是：成功下单购买了心仪的商品。
4655,不是119吗,1,该用户可能是在质疑或确认当前商品的价格是否与之前宣传的119元不一致。
4656,看看48号运动鞋,1,该用户对48号运动鞋产生了兴趣，希望主播展示或详细介绍这款商品。
4657,上衣服上衣服上衣服上衣服上衣服上衣服上衣服上衣服,1,该用户急切催促主播尽快展示并讲解服装类商品，表现出强烈的购买意向和关注焦点集中在服饰品类上。
4658,问下11号链接口袋有拉链吗,1,该用户想询问11号链接商品的口袋是否具备拉链设计，以确认产品的实用细节是否符合自己的需求。
4659,下了几单了,1,该用户想表达自己已经在该直播间多次下单购买商品。
4660,正品吗,1,该用户可能是在询问商品是否为官方正品，以此确认产品质量可靠性后再决定是否购买。
4661,女生135斤穿多少,1,该用户想询问适合身高135斤女性穿着的服装尺码或款式建议。
4662,上衣服上衣服上衣服上衣服上衣服上衣服上衣服上衣服,1,该用户急切催促主播尽快展示或上架服装类商品，可能对当前展示的其他品类（如鞋子、裤子）不感兴趣，或认为服装环节被拖延了。
4663,这个是冲锋衣啊,1,该用户可能是在确认或强调当前展示的商品类型是冲锋衣，表达对这类产品的关注或兴趣。
4664,这是棉服,1,该用户可能在确认或询问当前展示的商品是否为棉服材质。
4665,不是99不卖,1,该用户想表达的含义是：除非价格降到99元，否则我不会购买。
4666,没了,1,该用户想表达的含义是：商品已经售罄或抢购一空了。
4667,没有啊,1,"该用户可能是在否认或反驳前文某条关于商品价格或库存的弹幕（如""不是99不卖""或""没了""），表达""并非如此""或""仍有货/未涨价""的否定态度。"
4668,尺码,1,该用户可能在询问当前展示商品的尺码信息或适合自己的具体尺码推荐。
4669,裤子几号链接,1,该用户想询问主播当前展示的裤子商品对应的具体购买链接编号。
4670,没有这个紫色的吖,1,该用户想表达的含义是：当前展示的商品中没有紫色款可选。
4671,主播身上什么码,1,该用户想询问主播所穿服装的具体尺码信息。
4672,码号标准吗,1,该用户是在询问商品的尺码是否按照常规标准制作，是否存在偏大或偏小的情况。
4673,话太多了,0,该用户可能是在抱怨主播讲解产品时过于啰嗦，希望尽快进入实质性的商品介绍或促销环节。
4674,我想要广告那件衣服,1,该用户希望购买主播在广告中展示的那款服装，并表达了明确的购买意向。
4675,蓝色看下,1,该用户想表达的含义是：请主播展示一下蓝色款式的商品细节。
4676,没有加绒的吗,1,该用户是在询问当前展示的商品是否有加绒的款式可选。
4677,唐山的,0,该用户可能是在询问主播展示的商品是否为唐山产地或与唐山相关的款式/品牌。
4678,看看衣服,1,该用户想表达的含义是：催促主播展示更多服装款式以供选择。
4679,已拍,1,该用户想表达的含义是：我已经下单购买了这款商品。
4680,后面看一下,1,该用户想表达的含义是：希望主播接下来展示或详细介绍某款商品。
4681,主播乔安163cm96斤穿的L码样衣男生女生都能穿卡码往大拍,1,该用户想表达的含义是：主播乔安身高163cm体重96斤穿的是L码样衣，这款衣服版型宽松男女通用，建议观众选购时选大一号。
4682,支持专柜验货不,1,该用户是在询问商品是否提供正规渠道的验货保障，以确认产品的真伪和质量可靠性。
4683,这是男的穿的,1,该用户可能是在询问或确认主播展示的服装款式是否适合男性穿着。
4684,外套是男款吗,1,该用户是在询问主播展示的外套是否为男性款式，以确认是否适合自己或他人购买。
4685,已拍,1,该用户想表达的含义是：我已经下单购买了商品。
4686,身高185体重130斤穿身上的羽绒服多大码,1,该用户是在询问以自己185cm身高和130斤体重的身材，应该选择主播展示的羽绒服的哪个尺码。
4687,卫衣上一下吧,1,该用户希望主播尽快上架展示卫衣款式以供购买。
4688,西藏发货吗,1,该用户想确认商品是否支持从西藏地区发货，以便判断自己所在地能否正常收货。
4689,一拍,1,该用户想表达的含义是：我已经下单购买了这件商品。
4690,身上的裤子,1,该用户想询问主播身上穿的裤子的相关信息，比如款式、尺码或购买方式。
4691,充绒量多少g左右,1,该用户是在询问羽绒服的填充物克重，以评估产品的保暖性能和性价比。
4692,身高170体重120想穿着主播那个效果我拍哪个码,1,该用户是在询问自己身高170厘米、体重120斤的情况下，想要达到主播展示的穿着效果应该选择哪个尺码。
4693,是正品吗,1,该用户对商品的真伪存在疑虑，希望通过确认正品保障来打消购买顾虑。
4694,模特穿的多大,1,该用户想询问模特身上展示的服装尺码以便作为自己购买的参考。
4695,防水么,1,该用户是在询问直播展示的商品是否具备防水功能。
4696,尺码看一下,1,该用户想询问主播或展示商品的具体尺码信息，以便判断自己适合购买的尺寸。
4697,没有抢到,1,该用户想表达的是对未能成功购买到心仪商品的遗憾和失望。
4698,主播多高多重穿几码,1,该用户想询问主播的身高体重及所穿尺码作为自己选购的参考依据。
4699,往后一下看看全身,1,该用户希望主播调整镜头或展示角度，以便更全面地观察服装的上身效果。
4700,尺码,1,该用户想询问主播展示的商品具体尺码信息，以便选择合适的购买尺寸。
4701,小姐姐好健康,0,该用户可能是在称赞主播展现的健康形象，暗示对主播穿搭风格或产品效果的认可，从而间接表达对商品的兴趣。
4702,黑色卫衣有吗,1,该用户是在询问直播间是否有黑色款式的卫衣可供购买。
4703,几号链接,1,该用户是在询问主播当前展示的商品对应的购买链接编号，以便快速找到并下单。
4704,想买男生跑步鞋有哪个推荐吗,1,该用户是在询问适合男性穿着的跑步鞋款式推荐，表达出明确的购买意向和需求。
4705,买两件有优惠吗,1,该用户是在询问批量购买的折扣政策，表现出对商品有明确的购买意向并希望获得更优惠的价格。
4706,什么季节可以穿,1,该用户想询问这件衣服适合在哪个季节穿着。
4707,土地棕的卫衣加码,1,该用户想表达的含义是：询问土地棕色卫衣是否有更大尺码可选。
4708,棉被,1,该用户可能在询问直播间是否有棉被产品，或是想了解当前展示商品的材质是否为棉被。
4709,美女你不睡觉的嘛晚上睡觉前是你早上起来还是你,0,该用户想表达的含义是：主播的直播时间很长，从晚上到早上都能看到你，对此感到惊讶或调侃。
4710,上午绿色那衣服有吗,1,该用户是在询问上午直播中展示过的一款绿色服装是否还有库存可供购买。
4711,没码子了,1,该用户想表达的含义是：想要的尺码已经售罄了。
4712,有没有羽绒马甲,1,该用户是在询问直播间是否有羽绒马甲这款商品可供购买。
4713,看看内衬,1,该用户想表达的含义是：想进一步了解衣服内层的材质或设计细节。
4714,里面加绒吗,1,该用户是在询问商品内层是否带有绒毛材质。
4715,椰子什么时候有,1,该用户想询问直播中提到的椰子相关商品何时会补货或上架售卖。
4716,衣服,1,该用户可能是想询问某件衣服的具体信息或是否有货。
4717,哪个链接,1,该用户想询问主播当前正在介绍的商品对应的购买链接是哪一个。
4718,赶紧上吧,1,该用户急切催促主播尽快上架或展示他们想购买的商品。
4719,没抢到,1,该用户想表达的含义是：想要的商品已经售罄或没来得及下单。
4720,穿一下黑色面,1,该用户想表达的含义是：请主播试穿一下黑色的那款衣服看看效果。
4721,黑色卫衣有吗套头,1,该用户是在询问直播间是否有套头款的黑色卫衣可供购买。
4722,有没有优惠劵,1,该用户想询问当前商品是否有折扣活动可以参与。
4723,黑色的呢,1,该用户是在询问主播当前展示的商品是否有黑色款式可供选择。
4724,拍到,1,该用户想表达的含义是：没抢到刚才展示的商品。
4725,裤子,1,该用户可能在询问主播关于当前展示或提到的某款裤子的具体信息或购买链接。
4726,女款跑步鞋有哇,1,该用户是在询问直播间是否有女性款式的跑步鞋在售。
4727,身上外套,1,该用户想询问主播身上穿的外套是否有售或相关购买信息。
4728,声音都哑了,0,该用户可能是在关心主播的疲劳状态，暗示直播时间过长或主播过于卖力，从而间接表达对直播内容的持续关注或对主播的体贴。
4729,有冬天穿的跑步鞋么您说个链接我自己去看,1,该用户想表达的含义是：询问主播是否有适合冬季穿着的跑步鞋并希望获得商品链接以便自行查看详情。
4730,已拍,1,该用户想表达的含义是：我已经下单购买了刚才提到的商品。
4731,黑色,1,该用户是在询问直播中提到的某款商品是否有黑色款式可选。
4732,没了,1,该用户想表达的含义是：想要的商品已经卖完了。
4733,棉服那个号,1,该用户想询问直播间正在展示的棉服商品对应的购买链接或商品编号。
4734,加急,1,该用户想表达的含义是：催促主播加快节奏或尽快上架商品。
4735,男生穿下,1,该用户想表达的含义是：询问主播能否展示男款下装的试穿效果。
4736,裤子在几号链接,1,该用户想询问直播中展示的裤子对应的商品购买链接编号。
4737,安安身高168100斤穿的L码样衣,1,该用户想表达的含义是：询问主播展示的L码样衣是否适合身高168cm、体重100斤的人穿着。
4738,已下单,1,该用户想表达的含义是：我已经完成了购买操作。
4739,太给力了吧,1,该用户想表达的含义是：对直播间的优惠力度或商品性价比感到惊喜和满意。
4740,是正品吗,1,该用户可能是在确认商品质量可靠性，担心买到假货。
4741,这款是没帽子的吗,1,该用户可能在询问当前展示的服装款式是否不包含帽子这一设计细节。
4742,已拍,1,该用户想表达的含义是：我已经下单购买了这款商品。
4743,要拍大一码吗,1,该用户可能在询问商品尺码选择建议，担心尺码偏小需要考虑拍大一号。
4744,夜行者有吗,1,该用户是在询问直播间是否有售卖“夜行者”这款商品。
4745,看一下内里,1,该用户想表达的含义是：想了解商品内部细节或材质。
4746,有男款吗,1,该用户是在询问直播间展示的商品是否有适合男性购买的款式。
4747,短裤来一波,1,该用户希望主播尽快展示或上架短裤商品以供购买。
4748,领子不平,1,该用户想表达的含义是：衣服的领子部分看起来不够平整或有瑕疵。
4749,没有没拍到,1,该用户想表达的含义是：刚才没抢到商品，询问是否还有库存或补货机会。
4750,女孩篮球鞋有没有,1,该用户想询问直播间是否有适合女性穿着的篮球鞋款式。
4751,小姐姐羽绒服多大码的,1,该用户想询问主播展示的羽绒服的具体尺码信息，以判断是否适合自己或他人购买。
4752,上货上货,1,该用户急切催促主播尽快上架新商品或补货。
4753,主播身上裤子,1,该用户可能在询问主播所穿裤子的商品链接或具体款式信息。
4754,拜拜,0,该用户想表达的含义是：观看结束准备离开直播间。
4755,主播身上什么码,1,该用户想询问主播所穿衣服的尺码信息以便参考购买。
4756,身高170体重125斤穿什么码,1,该用户想询问适合自己身高170厘米、体重125斤身材的服装尺码建议。
4757,多厚的绒,1,该用户想询问商品的绒层厚度以评估保暖性能。
4758,裤子,1,该用户可能是在询问主播身上穿的裤子的款式或购买信息。
4759,白色有吗,1,该用户是在询问直播中展示的商品是否有白色款式可供选择。
4760,尺码表,1,该用户想询问商品的具体尺码对照信息，以便选择合适的尺寸购买。
4761,已拍,1,该用户想表达的含义是：我已经下单购买了这款商品。
4762,要卖就快点,1,该用户想催促主播加快上货节奏，表现出对商品的急切购买意愿。
4763,小姐姐天天播吗,0,该用户想询问主播是否每天固定时间开播，以便后续持续关注或购买商品。
4764,羽绒服有吗,1,该用户想询问直播间是否有羽绒服在售，并可能对款式或尺码有进一步了解的需求。
4765,看着不错,1,该用户认为商品外观或展示效果符合其审美或需求，产生了初步的购买意向。
4766,主播什么码,1,该用户是在询问主播身上所穿衣服的尺码信息。
4767,主播穿的什么码,1,该用户是在询问主播所穿服装的尺码信息，以便参考购买同款。
4768,多大码,1,该用户是在询问主播展示的服装或鞋子的具体尺码信息。
4769,没有啊,1,该用户想表达的含义是：自己并没有抢到刚才提到的商品。
4770,你长的可真稀罕,0,该用户想表达的含义是：主播的外貌很讨人喜欢。  （结合前文弹幕多为询问商品信息和夸赞主播的语境，此句偏向轻松互动，可能隐含对主播的好感或活跃氛围的意图。）
4771,有39码码,1,该用户想询问主播展示的商品是否有39码的尺码可供购买。
4772,你的上衣,1,该用户可能是在询问主播所穿上衣的款式、尺码或购买链接。
4773,有白色的看下,1,该用户想询问主播是否展示或提供白色款式的商品以供参考。
4774,主播的卫衣还上吗,1,该用户是在询问主播之前展示的卫衣是否会再次补货或上架销售。
4775,拉上看下,1,该用户想表达的含义是：让主播展示一下商品的具体细节或上身效果。
4776,黑色,1,该用户想询问主播展示的商品是否有黑色款式可供选择。
4777,看看后面,1,该用户想表达的含义是：希望主播展示接下来要介绍的商品款式或颜色。
4778,十三号运动裤L码啥时候能有,1,该用户是在询问主播何时能补货十三号运动裤的L码，表现出明确的购买意向和对该款商品的迫切需求。
4779,为啥没有女款,1,该用户是在询问主播为何不提供女性款式的商品选项。
4780,里面嗯短袖上链接吗,1,该用户是在询问直播间里展示的某款短袖是否会尽快上架销售。
4781,刚才那个尺码拍错了怎么办,1,该用户想表达的含义是：之前下单的尺码选错了，询问如何修改或处理。
4782,主页的鞋在哪,1,该用户想表达的含义是：询问主播在个人主页展示的鞋子商品何时上架或如何购买。
4783,高178重180穿多大码,1,该用户想询问自己身高178厘米、体重180斤的情况下应该选择什么尺码的服装。
4784,加绒的吗,1,该用户是在询问商品是否带有加绒内衬以确认其保暖性能。
4785,没号了,1,该用户想表达的含义是：想要的尺码已经售罄了。
4786,主播170cm穿的l码吗,1,该用户是想询问主播的身高和所穿尺码的对应关系，以判断自己适合的服装尺码。
4787,还以为真的呢,1,该用户可能误以为直播中展示的某件商品或某个信息是真实的（如价格、款式等），但后来发现并非如此，因而感到失望或意外。
4788,155穿几码,1,该用户想询问身高155厘米的人适合穿什么尺码的衣服或鞋子。
4789,没有了,1,该用户想表达的含义是：商品已经售罄或没有自己想要的款式了。
4790,唛萨笔接着问啊而笔,0,该用户可能是想催促主播继续展示或介绍某款产品（如“马克笔”或“毛笔”），但输入时因手误或拼音输入错误导致语句不通顺。
4791,要卫衣,1,该用户想表达的含义是：询问主播是否会上架或展示卫衣款式。
4792,鼻孔有点翻,0,该用户可能是在吐槽主播展示的某件服装的细节设计（如卫衣的帽子或领口）看起来不太美观。
4793,男款还是女款,1,该用户是在询问当前展示的商品是否有性别区分，想确认款式是针对男性还是女性设计的。
4794,外套,1,该用户想询问主播展示的外套商品信息或要求查看外套款式。
4795,底软吗,1,该用户想询问鞋底是否柔软舒适。
4796,我好中意你,0,该用户想表达的含义是：我很喜欢主播刚才展示的这款商品。
4797,能穿多大,1,该用户想询问主播自己适合穿哪个尺码的衣服。
4798,看看里面,1,该用户想表达的含义是：想看看商品内部的具体细节或材质。
4799,裤子在哪,1,该用户想询问当前直播中展示的裤子的购买链接或具体位置。
4800,男生能穿啊,1,该用户想表达的含义是：这款衣服也适合男性穿着。
4801,想看鞋,1,该用户想表达的含义是：希望主播展示或详细介绍鞋款。
4802,有黑色的吗,1,该用户想询问当前展示的商品是否有黑色款式可供选择。
4803,红色羽绒服上车吗,1,该用户是在询问红色羽绒服是否即将开始促销或上架购买链接。
4804,亮了,0,该用户可能是在对主播展示的某件商品的光泽或颜色效果表示惊叹或认可。
4805,跑步可以吗,1,该用户可能在询问直播展示的产品是否适合跑步时穿着。
4806,尺码表发个,1,该用户想表达的含义是：希望主播提供商品的详细尺码参考信息。
4807,已拍,1,该用户想表达的含义是：我已经下单购买了这款商品。
4808,没尺码,1,该用户想表达的含义是：商品没有适合自己的尺码了。
4809,已拍,1,该用户想表达的含义是：我已经下单购买了这件商品。
4810,陈意涵你好漂亮,0,该用户是在夸赞主播的外貌，但并未直接表达对商品的购买兴趣。
4811,里边的t有吗,1,该用户是在询问直播间展示的服装内部是否包含配套的T恤。
4812,鞋面是什么材质,1,该用户想了解鞋子的具体材质信息以评估是否值得购买。
4813,没有尺码,1,该用户想表达的含义是：商品缺货或者没有适合自己的尺码选项。
4814,什么时候发货,1,该用户想确认下单后商品的配送时间，表现出对购买流程的后续关注。
4815,看一下衣长,1,该用户想表达的含义是：希望主播展示或说明这件衣服的具体长度尺寸。
4816,看看里面,1,该用户想表达的含义是：想进一步了解商品内部细节或内衬的设计。
4817,主播多高多重,1,该用户可能在询问主播的身高体重以作为服装尺码的参考依据。
4818,减500是249啊,1,该用户是在计算商品优惠后的实际价格，表达对降价幅度的确认和价格合理性的关注。
4819,长款外套,1,该用户想表达的含义是：询问主播是否展示或介绍长款外套的款式和购买信息。
4820,你穿的多大的,1,该用户是在询问主播身上展示的服装尺码，以便参考自己是否适合购买。
4821,你身上穿的羽绒服,1,该用户是在询问主播身上所穿羽绒服的商品信息，可能是对款式感兴趣想了解购买链接或具体参数。
4822,有其他配色吗,1,该用户想询问当前展示的商品是否有更多颜色可选。
4823,还有别的卫衣吗,1,该用户想表达的含义是：对当前展示的卫衣款式不太满意，希望主播推荐更多同类商品的选择。
4824,主播身上什么码,1,该用户是在询问主播所穿衣服的具体尺码信息。
4825,有黑色麽,1,该用户想询问商品是否有黑色款式可供选择。
4826,展示一下能行吗,1,该用户希望主播现场展示商品的实际效果或细节。
4827,可以机洗吗,1,该用户想询问商品是否支持洗衣机清洗，以确认产品的日常使用便利性。
4828,这个羽绒服五号看下可以吗,1,该用户想表达的含义是：请主播展示一下五号羽绒服的细节或上身效果。
4829,看下细节,1,该用户希望主播更详细地展示商品的具体做工或局部特征。
4830,看看尺码,1,该用户想表达的含义是：希望主播展示或说明当前商品的尺码信息。
4831,已拍,1,该用户想表达的含义是：我已经下单购买了。
4832,羽绒服还是棉服呀,1,该用户可能在犹豫选择羽绒服还是棉服，想了解主播的推荐或对比两者的差异。
4833,我一共拍了5件了,1,该用户想表达自己已经下单购买了5件商品。
4834,冬天可以穿嘛,1,该用户想询问这件衣服是否适合冬季穿着。
4835,透气吗,1,该用户是在询问商品材质的透气性能是否良好。
4836,卫衣有加绒的吗,1,该用户想询问主播展示的卫衣是否具备冬季保暖的加绒设计。
4837,相官方直播间正品保证,1,该用户想确认直播间的商品是否为官方正品，以打消购买疑虑。
4838,没有,0,该用户可能是在回应主播的某个提问或确认信息时表示否定或拒绝的意思。
4839,链接是短款收到是啥,1,该用户是在询问商品链接标注的款式与实际收到的是否一致，担心存在货不对版的情况。
4840,才刚看到,0,该用户想表达的含义是：自己刚刚进入直播间，对当前展示的商品还不了解。
4841,黑色的有吗,1,该用户想询问当前展示的商品是否有黑色款式可供选择。
4842,已拍,1,该用户想表达的含义是：我已经下单购买了这款商品。
4843,黑色款有没有XL码,1,该用户想询问黑色款商品是否有XL尺码的库存可供购买。
4844,看下22号,1,该用户想表达的含义是：请主播展示或介绍22号商品（可能是尺码、款式或具体货号）。
4845,裤子几号,1,该用户想询问裤子的具体尺码信息。
4846,已拍,1,该用户想表达的含义是：我已经下单购买了这件商品。
4847,看下后面,1,该用户想表达的含义是：请展示接下来要介绍的商品或内容。
4848,已拍加急,1,该用户想表达的含义是：我已经下单并选择了加急配送服务。
4849,尺码怎么选,1,该用户想询问如何根据自身情况选择合适的商品尺码。
4850,夹克没2xl了吗,1,该用户是在询问夹克的尺码库存情况，想确认是否有自己需要的2XL号。
4851,低了899我就不要,1,该用户是在以半开玩笑的方式表达对当前价格的不满，暗示如果价格不能降到899元以下就不会购买。
4852,主播真好看,0,该用户可能是在以夸赞主播的方式表达对直播内容的认可和好感，暗示愿意继续观看并潜在关注商品。
4853,好俊的曼,0,该用户想表达的含义是：主播的外貌或表现很吸引人。
4854,怎么亮,0,该用户可能在询问商品（如屏幕、灯光设备或带有发光功能的服饰）的发光效果或开启方式。
4855,已拍,1,该用户想表达的含义是：我已经下单购买了这件商品。
4856,为什么都没有套装,1,该用户可能在询问直播间为何不提供搭配好的整套服装购买选项，暗示对组合产品的需求。
4857,三条杠AD经典,1,该用户想表达的含义是：询问主播是否还有三条纹设计的经典款AD品牌服饰在售。
4858,继续上,1,该用户可能在催促主播继续上架更多商品或加快展示节奏。
4859,再来一波,1,该用户希望主播再次推出之前展示过的商品或优惠活动。
4860,这是几号,1,该用户是在询问主播当前展示的商品具体对应哪个款式编号或货号。
4861,还有没有xs呀,1,该用户是在询问直播间是否有XS尺码的商品库存。
4862,外套,1,该用户可能是在询问主播展示的外套款式或库存情况。
4863,有4号链接xs吗,1,该用户是在询问4号商品链接是否有XS尺码的库存。
4864,没抢到,1,该用户想表达的含义是：对没能成功购买到心仪商品感到遗憾和失望。
4865,我没拍到,1,该用户想表达的是：刚才的商品没抢到手，感到遗憾。
4866,鞋子上,1,该用户可能在催促主播展示或介绍鞋子的更多细节或款式。
4867,是棉服吗,1,该用户是在询问当前展示的商品是否为棉服材质。
4868,男的穿还是女的穿,1,该用户想询问主播展示的服装款式更适合男性还是女性穿着。
4869,主播真的会做数据会互动,0,该用户想表达的含义是：主播擅长通过数据分析和互动技巧来提升直播效果和观众参与度。
4870,安安身高168100斤穿的L码样衣,1,该用户想表达的含义是：询问主播自己身高168厘米、体重100斤的情况下是否适合穿L码的样衣。
4871,我蹲了几天了,1,该用户想表达的含义是：我已经持续关注这场直播好几天了，对某些商品很感兴趣但还没等到合适的机会下手。
4872,阿迪达斯怎么现在这么便宜了,1,该用户对阿迪达斯产品的低价感到惊讶，并可能因此产生购买兴趣或质疑价格真实性。
4873,快递几天到,1,该用户想询问商品的配送时效以确认收货时间，表现出对下单的潜在兴趣。
4874,你身上这件在几号链接,1,该用户想询问主播身上穿的同款商品在购物链接中的具体编号以便购买。
4875,有没有薄款外套来一点,1,该用户希望主播推荐或上架适合当前季节的轻薄款式外套。
4876,拍了,1,该用户想表达的含义是：我已经下单购买了商品。
4877,有拉链的吗,1,该用户是在询问当前展示的商品是否有带拉链的款式。
4878,主播身上羽绒服是哪个,1,该用户想询问主播所穿羽绒服的商品链接或具体款式信息。
4879,充绒量好多,1,该用户想表达的含义是：这件羽绒服的填充量很充足，看起来保暖性不错。
4880,已拍,1,该用户想表达的含义是：我已经下单购买了商品。
4881,来个3xl的,1,该用户想表达的含义是：询问主播是否有3XL尺码的商品可供购买。
4882,什么时候上加绒裤子,1,该用户想表达的含义是：询问主播是否会上架适合寒冷季节穿着的加厚裤子款式。
4883,身高185体重190斤,1,该用户是在询问适合自己身高体重的服装尺码推荐。
4884,新粉买了,1,该用户想表达的含义是：作为新粉丝，我已经下单购买了产品。
4885,没尺码了,1,该用户想表达的含义是：自己看中的商品已经没有合适的尺码可选了。
4886,有白色吗,1,该用户想询问当前展示的商品是否有白色款式可供选择。
4887,我要里面的T恤,1,该用户想表达的是对直播中某款T恤有明确的购买意向，希望了解如何下单或获取该商品。
4888,主播身高体重2号穿的哪个码,1,该用户想询问主播的身高体重以及所穿2号衣服的尺码作为自己的购买参考。
4889,里面内搭白色,1,该用户想询问主播展示的服装内搭是否有白色款式可选。
4890,看一下内里,1,该用户想表达的含义是：询问主播展示商品的内层材质或设计细节。
4891,小码,1,该用户想询问主播所展示的服装是否有适合自己身材的较小尺码。
4892,科技脸,0,该用户可能是在质疑主播或产品的真实性，认为其使用了科技手段修饰外貌或产品效果。
4893,卫衣带帽子的有吗,1,该用户是在询问直播间是否有带帽设计的卫衣款式。
4894,没有小码吗,1,该用户想询问商品是否有适合身材较小人群的尺码选项。
4895,主播穿的多大的,1,该用户想询问主播所穿衣服的具体尺码作为自己的购买参考。
4896,有贝壳头小白鞋么,1,该用户想询问直播间是否有售卖阿迪达斯经典的贝壳头款白色运动鞋。
4897,多钱,1,该用户想询问当前展示商品的具体价格。
4898,加绒不加绒不加绒不,1,该用户想表达的含义是：询问主播展示的裤子是否有加绒版本。
4899,尺码,1,该用户可能在询问主播所展示商品的尺码信息，或是确认是否有适合自己的尺码。
4900,喜欢啊,1,该用户想表达的含义是：对当前展示的商品款式或风格表示认可和青睐。
4901,什么时候发货,1,该用户想确认商品下单后的配送时间，表现出对购买流程的务实关注。
4902,抢到,1,该用户想表达的含义是：成功参与了限时抢购活动并获得了心仪商品。
4903,有加绒的裤子吗,1,该用户是在询问直播间是否有冬季加绒款的裤子可供购买。
4904,没抢到,1,该用户想表达的含义是：对未能成功购买到心仪商品感到遗憾。
4905,身上什么码,1,该用户想询问主播身上穿的衣服尺码作为自己的购买参考。
4906,能不能上点三叶草的羽绒服,1,该用户希望主播推荐或上新阿迪达斯品牌的羽绒服款式。
4907,主播能上链接吗,1,该用户希望主播尽快开放商品购买链接以便下单。
4908,晚上好,0,该用户可能是在礼貌性问候主播，同时暗示自己刚进入直播间并关注后续互动。
4909,不透气起汉就算了还起水,0,该用户想表达对商品材质的不满，认为衣服不仅闷热不透气导致出汗，还容易引发皮肤问题（起水痘或过敏）。
4910,马甲有没有,1,该用户是在询问直播间是否有马甲这款商品在售。
4911,大叔款式的有么,1,该用户是在询问直播间是否有适合中年男性风格的服装款式。
4912,已拍,1,该用户想表达的含义是：我已经下单购买了商品。
4913,有没有冲锋衣,1,该用户是在询问直播间是否有冲锋衣这款商品可供购买。
4914,秋冬穿可以吗,1,该用户想询问这款商品是否适合在秋冬季节穿着。
4915,没有抢到,1,该用户想表达的是对未能成功购买到心仪商品的遗憾和失望。
4916,长款,1,该用户想询问直播中展示的商品是否有长款款式可选。
4917,看看里面,1,该用户想表达的含义是：想进一步了解商品内部细节或构造。
4918,美女,0,"该用户可能是在用""美女""这一称呼引起主播注意，想咨询关于商品的具体信息或表达对主播展示商品的兴趣。"
4919,有没有大袄,1,该用户想询问直播间是否有售卖厚实的冬季外套。
4920,可以过冬吗,1,该用户是在询问当前展示的商品是否具备足够的保暖性能以应对冬季寒冷天气。
4921,主播穿的多大,1,该用户想询问主播身上所穿衣服的尺码信息以便参考购买。
4922,身上这件是二号,1,该用户是在询问主播身上展示的衣服对应的商品链接编号，以便快速找到并购买同款。
4923,你身上穿的什么码,1,该用户是在询问主播身上所穿衣服的具体尺码，以便参考购买同款。
4924,一号链接有其他颜色吗,1,该用户想询问商品是否有更多颜色可选。
4925,没有羽绒服啊,1,该用户想表达的含义是：对直播间当前没有展示或售卖羽绒服感到失望或提出需求。
4926,已经买过了,1,该用户想表达的含义是：我已经下单购买了（你们推荐的商品）。
4927,不是99么,1,该用户可能是在质疑或确认商品价格与之前宣传不符，认为当前售价高于自己记忆中的99元促销价。
4928,厚吗,1,该用户是在询问主播展示的衣物是否具备足够的厚度以应对保暖需求。
4929,太妃糖,1,该用户可能在询问直播间是否有售卖太妃糖这款商品。
4930,主播的是主播穿的什么码,1,该用户是在询问主播所穿衣服的具体尺码信息，以便参考购买。
4931,洗了棉会在一坨去吗,1,该用户担心洗涤后棉质衣物是否会结块或变形。
4932,有其他颜色吗,1,该用户想询问当前展示的商品是否有更多颜色可选。
4933,是薄款的吗,1,该用户是在询问商品是否为轻薄款式，可能出于对季节适用性或穿着舒适度的考虑。
4934,主播,0,该用户可能是想询问主播关于服装尺码或款式细节的问题。
4935,刚刚那个外套2XL220斤确定能穿,1,该用户是在询问主播展示的外套尺码是否适合体重220斤的人穿着，以确认产品的实际适用性。
4936,主播腿好漂亮有力量,0,该用户可能是在夸赞主播的外形气质，但并未直接表达对商品的购买兴趣。
4937,加绒嘛,1,该用户是在询问主播展示的衣物是否带有加绒内衬。
4938,没有xL呀,1,该用户想表达的含义是：询问主播展示的商品是否有更大尺码（XL）可供选择。
4939,等双十一拍一个,1,该用户表达的是打算等到双十一促销时购买当前直播展示的商品。
4940,卡码呢,1,该用户想询问主播身上所穿衣服的具体尺码信息。
4941,呵呵,0,该用户可能是在对主播的回应或产品介绍表示不屑或敷衍的冷淡态度。
4942,没了,1,该用户想表达的含义是：想要的商品已经卖完了。
4943,托太多了,0,该用户可能是在质疑直播间里存在大量虚假互动或刷单行为，认为部分看似询问商品的弹幕其实是商家安排的托儿在营造抢购氛围。
4944,看看29号链接,1,该用户想表达的含义是：让主播展示或详细介绍29号商品链接的具体信息。
4945,小姐姐你这棉衣大冬天穿保暖不,1,该用户是在询问主播身上展示的棉衣在冬季的保暖性能如何，以此评估是否值得购买。
4946,主播身上衣服有链接吗,1,该用户想表达的含义是：询问主播所穿服装的购买渠道，表现出对该款式的兴趣和潜在的购买意向。
4947,有领的T介绍下,1,该用户想询问主播介绍一款带衣领的T恤衫的详细信息。
4948,我穿多大,1,该用户想询问主播身上展示的服装适合自己身材的尺码推荐。
4949,快点上啊,1,该用户是在催促主播尽快展示或上架当前讨论的商品。
4950,我看一下拉链,0,该用户想表达的含义是：希望主播展示或详细介绍衣服拉链的细节或质量。
4951,现在带货的长这么好看吗,1,该用户是在夸赞主播的外貌出众，并隐含对直播内容的兴趣和关注。
4952,里面衣服有吗,1,该用户是在询问直播间里展示的某款衣服是否有货或是否在售。
4953,己拍加急,1,该用户想表达的含义是：我已经下单并选择了加急配送服务。
4954,怎么搭连帽卫衣,1,该用户想询问主播如何搭配连帽卫衣的穿搭建议。
4955,裙子上链接,1,该用户是在催促主播尽快将展示的裙子商品链接上架以便购买。
4956,已拍,1,该用户想表达的含义是：我已经下单购买了商品。
4957,有没有足球啊,1,该用户是在询问直播间是否有售卖足球相关的商品。
4958,正品吗,1,该用户是在询问商品是否为官方正品，可能对产品质量存在疑虑或希望确认货源可靠性。
4959,这个这个厚吗,1,该用户是在询问商品的厚度是否适合自己需求。
4960,主播身高体重多少,1,该用户可能想通过了解主播的身材数据来参考衣服的尺码和上身效果，以便判断商品是否适合自己购买。
4961,主播穿的什么码,1,该用户想询问主播所穿衣服的具体尺码信息，以便判断是否适合自己购买。
4962,看看鞋子,1,该用户可能想进一步了解直播中展示的鞋款详情或要求主播展示更多鞋类产品。
4963,抢不到,1,该用户想表达的含义是：对抢购商品失败感到失望或焦急。
4964,主播24号链接多,1,该用户想表达的含义是：让主播详细介绍或优先展示24号链接的商品。
4965,赶紧赶紧,1,该用户想表达的含义是：催促主播尽快上架或展示商品。
4966,永远开不了,1,该用户想表达的含义是：商品抢购速度太快，自己总是来不及下单。
4967,是不是正品,1,该用户想确认商品是否为官方授权或渠道正规的真品。
4968,外衣加厚吗,1,该用户想询问主播展示的外衣是否具备加厚设计以满足保暖需求。
4969,冬天可以穿吗冬天可以穿吗冬天可以穿吗,1,该用户迫切想知道该商品是否适合冬季穿着，表现出较强的购买意向和季节性需求。
4970,要两个加,1,该用户想表达的含义是：我要购买两份，请尽快上架或确认库存。
4971,身上的有吗,1,该用户是想询问主播身上穿的同类商品是否有货或会上架售卖。
4972,尺码尺码尺码,1,该用户急切想了解主播所展示商品的尺码信息。
4973,和视频那款不一样,1,该用户可能是在对比直播展示的商品与之前看到的视频中的款式存在差异，暗示对当前商品的具体细节或版本有疑问。
4974,已拍加急谢谢,1,该用户想表达的含义是：我已经下单购买了商品并选择了加急配送，感谢主播或商家的服务。
4975,多少米,1,该用户想询问商品的价格是多少。
4976,黑色有大码吗,1,该用户想询问商品是否有适合较大体型的黑色款式可供选择。
4977,看下6号,1,该用户想表达的含义是：让主播展示或详细介绍6号商品链接的具体信息。
4978,外套几号链接,1,该用户想询问主播身上所穿外套对应的商品购买链接编号。
4979,女款有吗,1,该用户想询问当前展示的商品是否有女性款式可供选择。
4980,你身上的衣服哪个链接,1,该用户是在询问主播身上所穿服装对应的商品购买链接，表现出明确的购买意向和急切想要下单的心理。
4981,缺少尺码,1,该用户想表达的含义是：商品页面里没有自己需要的合适尺码选项。
4982,已拍,1,该用户想表达的含义是：我已经下单购买了商品。
4983,这不是男款吗,1,该用户可能是在询问当前展示的商品是否有对应的女款，或对主播展示的款式性别分类存在疑问。
4984,有XL吗,1,该用户想询问当前展示的商品是否有加大码（XL号）的库存或选项。
4985,给力,1,该用户想表达的含义是：对当前直播中的优惠力度或产品效果感到满意和兴奋。
4986,尺码,1,该用户想询问主播展示的商品是否有适合自己的具体尺码可供选择。
4987,真的吗,1,该用户可能对主播刚刚介绍的某个产品特性或优惠信息表示半信半疑，试图通过简短的询问确认真实性。
4988,都没声音了,1,该用户可能在抱怨直播间的音频出现问题，导致无法听清主播的产品介绍或互动内容。
4989,卫衣,1,该用户可能是在询问主播展示的卫衣款式是否在售，或想了解卫衣的具体信息（如材质、颜色、尺码等）。
4990,要羽绒马甲,1,该用户想表达的含义是：我想要购买主播展示的羽绒马甲这款商品。
4991,还有全身的那个羽绒服吗,1,该用户是在询问直播间是否还有主播同款的全身长款羽绒服可供购买。
4992,羽绒服,1,该用户可能在询问直播间是否有羽绒服款式或相关产品信息。
4993,有黑色吗,1,该用户是在询问当前展示的商品是否有黑色款可供选择。
4994,我在看下尺码,1,该用户正在考虑购买商品，但需要先确认合适的尺码信息。
4995,薄薄的怎么会暖和,1,该用户对商品的保暖性能表示怀疑，认为轻薄的设计可能无法提供足够的保暖效果。
4996,没抢到,1,该用户因手速或库存不足未能成功购买心仪商品而感到遗憾。
4997,长款经典款三条杠羽绒服有嘛,1,该用户是在询问直播间是否有售卖长款经典设计且带有三条杠标志的羽绒服款式。
4998,鞋子有没有运费险,1,该用户想确认购买这双鞋是否享有退货运费保障。
4999,是现货吗,1,该用户想确认商品是否为现成库存、能否立即发货。
5000,衣服什么时候发拍几天了,1,该用户想表达的含义是：询问之前下单的衣服何时能发货，因为已经等待了好几天。
5001,实心底还是格子底,1,该用户是在询问商品（可能是羽绒服或卫衣）的底部设计是实心款式还是格子款式。
5002,有没有高帮的,1,该用户想询问直播中展示的商品是否有高帮款式的选项。
5003,身上外套多少钱,1,该用户想询问主播展示的外套的具体价格信息。
5004,身高165体重50拍几码,1,该用户想询问以自己165厘米身高和50公斤体重的情况应该选择什么尺码的衣服。
5005,滑板鞋或简约篮球鞋有吗,1,该用户是在询问直播间是否有售卖滑板鞋或款式简洁的篮球鞋。
5006,看下后面,1,该用户想表达的含义是：希望主播展示或介绍接下来要展示的商品款式或品类。
5007,颜色,1,该用户可能是在询问当前展示商品的颜色选项或对某款商品的具体颜色感兴趣。
5008,没了,1,该用户想表达的含义是：想要的商品已经售罄了。
5009,有灰色吗,1,该用户是在询问商品是否有灰色款式可供选择。
5010,包包,1,该用户可能是在询问直播间是否有展示或售卖包包类商品。
5011,专业跑步鞋推荐一下,1,该用户希望主播能根据专业跑步需求推荐合适的鞋款。
5012,有没有运费险,1,该用户是在询问商品是否提供退换货时的运费保障服务，以降低购买决策风险。
5013,脚宽脚胖能穿吗,1,该用户是在询问这款鞋子是否适合脚型较宽或偏胖的人穿着。
5014,鞋子号码怎么拍,1,该用户想询问如何根据自身脚型选择合适的鞋码。
5015,没大号了,1,该用户想表达的含义是：商品的大尺码已经售罄了。
5016,捂脚吗,1,该用户想询问这款鞋子是否透气或是否会导致脚部闷热。
5017,外套130斤穿什么码,1,该用户想表达的含义是：询问自己体重130斤适合穿这款外套的哪个尺码。
5018,两百可以吗,1,该用户想表达的含义是：询问商品价格是否可以优惠到两百元。
5019,没有大号了,1,该用户想表达的是：商品的大尺码已经售罄了。
5020,怎么显示棕色,1,该用户想询问商品展示界面中如何查看或切换为棕色款式的选项。
5021,看一下后面,1,该用户想表达的含义是：希望主播展示商品的其他款式或细节部分。
5022,加急,1,该用户想表达的含义是：催促主播尽快展示或回复自己关心的商品信息。
5023,高1米8体重150斤穿多大的,1,该用户想询问自己身高180厘米、体重150斤的情况下应该选择什么尺码的服装。
5024,主播没吃饭吗,0,该用户可能是在委婉提醒主播讲解时声音太小或状态不佳，希望主播能提高音量或更积极活跃一些。
5025,男的可以穿吗,1,该用户是在询问当前展示的商品是否适合男性穿着或购买。
5026,主播现在身上穿的是什么码,1,该用户想询问主播身上所穿服装的具体尺码信息，以便参考购买。
5027,看看后面,1,该用户希望主播展示更多后续的商品款式或细节。
5028,没有贝壳鞋吗,1,该用户想表达的含义是：询问直播间是否售卖贝壳头款式的鞋子。
5029,这是几号链接,1,该用户想询问主播当前展示的商品在购物车中的具体链接编号，以便快速找到并下单。
5030,衣长,1,该用户想询问主播当前展示的衣服的具体长度尺寸。
5031,短袖有吗,1,该用户想询问直播间是否有短袖款式的商品在售。
5032,山大米,1,该用户可能在询问主播展示的大米产品的产地或品种信息。
5033,中午好,0,该用户可能是在打招呼或表达自己刚进入直播间的状态，试图引起主播注意以便后续询问商品信息。
5034,是长款吗,1,该用户想询问商品是否为加长版型或下摆较长的款式。
5035,身高163体重53公斤拍哪个,1,该用户想询问自己身高163厘米、体重53公斤的情况下应该选择什么尺码的商品。
5036,又没尺码怎么买呀,1,该用户想表达的是对商品缺码的无奈和不满，暗示自己有意购买但因尺码不全而无法下单。
5037,右下单赠送运费险哦,1,该用户想表达的含义是：提醒大家下单时可以享受运费险的优惠。
5038,尺码介绍,1,该用户希望主播详细说明产品的尺码信息以便选择合适的型号购买。
5039,黑色有吗,1,该用户是在询问直播间展示的商品是否有黑色款式可供选择。
5040,昨天那个三叶草boost跑步鞋没了,1,该用户想表达的含义是：之前看中的那款三叶草跑鞋已经售罄了，感到遗憾或想询问补货可能。
5041,关注了,0,该用户通过“关注了”表达对直播内容的认可和持续关注的意愿，可能是被产品信息或优惠活动吸引后的互动行为。
5042,链接是短款收到是啥,1,该用户想确认商品链接标注的款式（短款）与实际收到的是否一致，可能是担心货不对版或对商品描述有疑问。
5043,选项没有白色,1,该用户想表达的含义是：商品颜色选项里缺少白色这一选择。
5044,快点,1,该用户想催促主播加快节奏或尽快展示他们关心的商品信息。
5045,没了,1,该用户想表达的含义是：之前提到的商品已经售罄了。
5046,不懂你解释的是啥意思,0,该用户可能因对产品细节或购买流程存在疑惑，希望主播能更清楚地说明讲解内容。
5047,看下尺码,1,该用户想表达的含义是：希望主播详细展示或说明商品的尺码信息以便选购。
5048,昨天红色的卫衣还有没,1,该用户是在询问之前直播中展示过的红色卫衣是否还有库存可供购买。
5049,已拍加急发货,1,该用户想表达的含义是：我已经下单购买了商品，希望尽快安排发货。
5050,看看2链接,1,该用户想表达的含义是：我想查看第二个商品链接的详情信息。
5051,衣服在哪里,1,该用户想询问直播中展示的服装商品的具体购买链接或位置。
5052,贝壳头有没有啊啊啊啊啊,1,该用户急切地询问直播间是否还有贝壳头款式（如Adidas经典款）的库存。
5053,加棉的吗,1,该用户是在询问商品是否带有棉质内衬或填充物。
5054,主播穿的什么马,1,该用户想询问主播身上穿的衣服款式或品牌信息。
5055,加急,1,该用户可能是在催促主播加快节奏或优先处理自己关心的商品信息。
5056,加了,1,该用户想表达的含义是：我已经下单购买了这件商品。
5057,码能再看一下吗,1,该用户想表达的含义是：希望主播重新展示一下商品的尺码信息以便确认。
5058,高172重65公斤,1,该用户想表达的含义是：询问主播自己身高172厘米、体重65公斤适合穿什么尺码的衣服。
5059,都是水军,0,该用户可能认为直播间里频繁出现的催促和询问弹幕都是商家安排的托儿，意在营造虚假的热销氛围。
5060,最后249开,1,该用户想表达的含义是：询问商品最终价格是否为249元并希望尽快购买。
5061,什么时候发货,1,该用户想确认下单后的商品配送时间，表现出对购买流程的后续关注。
5062,转一圈看一下,1,该用户想让主播将商品拿在手中或穿在身上全方位展示细节。
5063,卫衣,1,该用户可能是在询问主播身上穿的卫衣款式或颜色，或是想确认直播间是否有卫衣这款商品在售。
5064,再见,0,该用户想表达的含义是：准备离开直播间或结束观看。
5065,跟高多少,1,该用户可能在询问主播所展示的服装款式的衣长或鞋跟高度等具体尺寸信息。
5066,短袖有没有我广州这边还好热,1,该用户想询问短袖是否还有货，并暗示自己所在地气温较高仍有购买需求。
5067,又没有大号,1,该用户想表达的含义是：商品尺码不全，缺少自己需要的大号。
5068,有女款吗,1,该用户是在询问当前展示的商品是否有女性款式可供选择。
5069,主播什么码,1,该用户是在询问主播所穿衣服的尺码信息。
5070,台词都背熟了,0,该用户可能是在调侃主播介绍产品时过于熟练、像在背稿子，暗示直播内容缺乏新鲜感或真诚互动。
5071,简直了都不回,0,该用户可能是在抱怨主播没有及时回应自己或其他观众的提问，感到不满或失望。
5072,这件有吗,1,该用户是在询问主播当前展示的商品是否有库存或是否在售。
5073,没买到,1,该用户想表达的是对未能成功购买商品的遗憾或不满。
5074,主播早上好,0,该用户可能是在直播刚开始时进入直播间，以问候的方式试探主播是否在线互动，同时观察商品展示节奏以便后续询问购买信息。
5075,正品吗,1,该用户可能对商品的真伪存在疑虑，希望确认产品的正规渠道来源和 authenticity。
5076,白色,1,该用户可能是在询问商品是否有白色款式可供选择。
5077,主播什么码,1,该用户想询问主播身上所穿衣服的具体尺码信息。
5078,帽子,1,该用户可能是在询问直播间是否有帽子这款商品，或是让主播展示帽子款式。
5079,黑色可以上两个加吗,1,该用户是在询问黑色款式的商品是否有更大两个尺码的库存。
5080,包含,0,该用户可能在询问当前展示的商品是否包含配套的配件或赠品。
5081,没有大码吗,1,该用户想表达的含义是：询问主播是否有更大尺码的服装可供选择。
5082,你这个包包上波,1,该用户想表达的含义是：这款包包能不能再展示一遍或重新上架。
5083,码数正吗,0,该用户是在询问商品的尺码是否标准准确，担心购买时出现偏差。
5084,全身吗,1,该用户是在询问主播展示的商品是否为套装（包含上下装整套搭配）。
5085,身上外套几号链接,1,该用户想询问主播身上穿着的外套对应的商品购买链接编号。
5086,袜子有吗,1,该用户是在询问直播间是否有袜子在售。
5087,是boost底吗,1,该用户是在询问直播中展示的鞋款是否采用了boost缓震科技作为鞋底材质。
5088,有没有优惠劵,1,该用户是在询问直播间是否有可用的折扣活动，以降低购买成本。
5089,主播穿多大的,1,该用户想询问主播所穿服装的具体尺码信息，以便参考购买。
5090,主播多高,1,该用户可能在询问主播的身高以参考服装尺码或搭配效果。
5091,裤子,1,该用户可能在询问主播身上穿的裤子是否有货或想了解裤子的款式、尺码等信息。
5092,是不是跑步鞋,1,该用户可能在询问主播展示或提到的鞋子是否为专门设计用于跑步的运动鞋款式。
5093,正品,1,该用户是在询问或确认主播所推荐的商品是否为官方正品。
5094,成官方直播间正品保证,1,该用户想表达的含义是：确认这个直播间是品牌官方渠道，所售商品有正品保障。
5095,快点,1,该用户想催促主播加快节奏或尽快展示/上架当前讨论的商品。
5096,己拍,1,该用户想表达的含义是：我已经下单购买了这件商品。
5097,已拍到,1,该用户想表达的含义是：自己已经成功下单购买了直播间的商品。
5098,衣服几号链接,1,该用户是在询问主播身上展示的衣服对应的商品购买链接编号。
5099,夜行者今天有吗,0,该用户是在询问直播间当前是否有名为“夜行者”的商品在售或即将上架。
5100,晚上好,0,该用户可能是在礼貌性问候主播，同时暗示自己刚进入直播间并开始关注直播内容。
5101,加绒吗,1,该用户是想询问商品是否带有加绒内衬。
5102,脚上看看,1,该用户想表达的含义是：想看看主播脚上穿的鞋子或袜子的款式和详情。
5103,没耐心了,0,该用户可能是在催促主播加快节奏或对迟迟未介绍自己关心的产品感到不耐烦。
5104,看看紫色,1,该用户想表达的含义是：想看看主播展示或介绍紫色款式的商品。
5105,不靠谱,0,该用户可能是在质疑主播推荐商品的品质或可信度，认为产品介绍存在夸大或不实之处。
5106,主播穿什么码,1,该用户想询问主播身上所穿衣服的尺码信息以便参考购买。
5107,主播身高多少,1,该用户可能是在询问主播的身高以判断服装或鞋子的尺码是否适合自己。
5108,经常声音塞小妹,0,该用户可能在询问主播身上穿的衣物（如“小妹”可能指代某款服装）是否经常出现声音问题（如摩擦声等）。
5109,羽绒服主播穿多大码,1,该用户是在询问主播身上所穿羽绒服的尺码信息，以便自己参考购买。
5110,每天看下安安保持身心愉悦,0,该用户想表达的含义是：观看主播的直播已经成为日常放松心情的习惯。
5111,已买加急,1,该用户想表达自己已经下单并选择了加急配送服务。
5112,穿多大呢,1,该用户想询问主播身上所穿服装的具体尺码作为购买参考。
5113,主播实体店在哪呢,1,该用户可能想了解主播线下店铺的位置，以便亲自前往选购或体验商品。
5114,没了,1,该用户想表达的含义是：想要的商品已经卖完了。
5115,充绒量多少,1,该用户想询问羽绒服的保暖性能参数以评估是否值得购买。
5116,请加急发货,1,该用户希望商家尽快处理并寄出自己已下单的商品。  （结合前文语境，直播间内已有类似“已买加急”的购买意向表达，且弹幕中频繁出现商品细节咨询和下单反馈，说明当前用户处于明确的购买决策后阶段，核心诉求转为物流时效。）
5117,多长,1,该用户想询问主播展示的商品的长度尺寸。
5118,没有xs吗,1,该用户想询问主播展示的商品是否有XS（加小码）的尺码可选。
5119,这个外套带帽的有吗,1,该用户是在询问主播展示的外套是否有带帽子的款式可供选择。
5120,腿好美,0,该用户可能是在夸赞主播的身材或穿搭效果，暗示对展示的商品（如裤子、裙子或鞋袜类）产生了兴趣或好感。
5121,河北生产的衣服,1,该用户可能在询问衣服的产地信息，以评估产品质量或地域偏好。
5122,天真了,0,该用户可能在吐槽主播或商品的实际效果与预期不符，感到有些失望或意外。
5123,我要八百多买,1,该用户想表达的含义是：这款商品的价格超出了我的心理预期，觉得太贵了。
5124,稀烂,0,该用户可能是在抱怨商品质量或直播体验差劲。
5125,没有xxl吗,1,该用户想表达的含义是：询问商品是否有更大尺码可供选择。
5126,这个裤子好长,1,该用户是在询问或质疑裤子的长度是否适合自己或主播的身材。
5127,又回原价了,1,该用户对商品价格回调感到失望，认为错过了之前的优惠机会。
5128,怎么像女款,1,该用户可能认为商品的设计或款式偏向女性风格，因而产生疑问是否适合男性穿着。
5129,多少钱,1,该用户想询问当前展示商品的售价信息。
5130,身上衣服上一下,1,该用户想表达的含义是：询问主播身上穿的同款衣服是否会上架售卖。
5131,衣服几号,1,该用户想询问主播身上展示的服装具体对应的尺码信息。
5132,包包有链接吗,1,该用户想表达的含义是：询问主播是否提供了该款包包的购买链接以便下单。
5133,没抢到,1,该用户想表达的含义是：对未能成功购买到心仪商品的遗憾和失望。
5134,把1000留在直播间把100挂上小黄车把94给我,1,该用户希望主播将售价1000元的商品留在直播间展示，同时把100元的优惠券挂上购物车，并给自己94折的专属折扣。
5135,已拍,1,该用户想表达的含义是：我已经下单购买了这件商品。
5136,防水吗,1,该用户是在询问商品的防水性能，可能是对产品功能有实际需求或考虑购买前确认细节。
5137,发不发邮政,1,该用户想询问商品是否支持通过邮政快递发货。
5138,身上裤子有吗,1,该用户是在询问主播身上穿的裤子是否有货或能否购买。
5139,这鞋有纯黑的么,1,该用户想询问这款鞋子是否有纯黑色款式可供购买。
5140,鞋头可以展示一下吗,1,该用户想表达的含义是：希望主播近距离展示鞋头部分的细节以便进一步了解商品。
5141,看下6号,1,该用户想表达的含义是：请主播展示或介绍6号商品的具体信息。
5142,棉服,1,该用户可能是在询问主播身上穿的棉服是否有售或想了解其款式细节。
5143,鞋面宽吗,1,该用户想询问这双鞋的鞋面设计是否适合脚宽的人穿着。
5144,已拍加急,1,该用户想表达的含义是：我已经下单并选择了加急配送服务。
5145,美女主播早上好呀,0,该用户只是在礼貌性地打招呼，并未表达明确的购买意向。
5146,远一点看一下,1,该用户希望主播将展示的商品拉远镜头，以便更全面地观察整体效果或细节。
5147,鞋跟多高,1,该用户想询问鞋子的具体鞋跟高度以评估是否适合自己购买。
5148,卫衣在几号,1,该用户想询问主播展示的卫衣对应的商品编号或链接位置。
5149,裤子到底有没有,1,该用户想询问主播展示的裤子是否有库存或购买链接。
5150,跑鞋跑鞋跑鞋,1,该用户急切地询问主播展示或上架跑鞋产品。
5151,有绿色的吗,1,该用户是在询问当前展示的商品是否有绿色款式可供选择。
5152,白色,1,该用户想询问商品是否有白色款式可选。
5153,看后面,1,该用户希望主播展示商品的后部细节或背面效果。
5154,已拍,1,该用户想表达的含义是：我已经下单购买了这件商品。
5155,拍了今天能发货吗,1,该用户想确认下单后能否当天发货，表现出较强的购买意愿和对物流时效的关注。
5156,主播什么码,1,该用户想询问主播展示的商品对应的尺码信息。
5157,厚度怎么样,1,该用户想了解商品的厚度细节以便评估是否适合购买。
5158,已拍加急,1,该用户想表达的含义是：我已经下单并选择了加急配送服务。
5159,昨天不是299的吗,1,该用户对当前价格高于昨天的299元表示质疑或不满，暗示希望恢复原价购买。
5160,已拍加急,1,该用户想表达的含义是：我已经下单并选择了加急配送服务。
5161,是正常码吗,1,该用户是在询问商品的尺码是否标准，担心购买时是否需要调整平常选择的码数。
5162,长款羽绒服,1,该用户可能在询问主播是否有长款羽绒服这款商品，或是想了解其具体款式和细节。
5163,这是哪里制造的,1,该用户可能是在询问商品的产地信息，以评估产品质量或决定是否购买。
5164,下过单了什么时候发货,1,该用户想确认自己已下单商品的预计发货时间，表现出对物流时效的关注和期待尽快收货的心理。
5165,有黑色卫衣吗,1,该用户想询问直播间是否有黑色款式的卫衣在售。
5166,内里是什么材料的,1,该用户想询问商品内部材质的具体信息。
5167,主播什么码,1,该用户是在询问主播身上所穿商品的尺码信息。
5168,再看一下上脚效果被刚进来,1,该用户想表达的含义是：我刚进入直播间，想再看看主播展示鞋子的上脚效果。
5169,卫衣来一波,1,该用户希望主播推荐或上架卫衣款式以供购买。
5170,好卡,0,该用户想表达的含义是：直播画面或网络连接不流畅，观看体验受到影响。
5171,主播多高多重呀,1,该用户可能在询问主播的身材信息以判断服装尺码是否适合自己。
5172,是正品吗,1,该用户对商品的真伪存在疑虑，希望通过确认正品资质来评估是否值得购买。
5173,你穿的鞋子看看啊,1,该用户想表达的含义是：让主播展示一下脚上的鞋子以便更直观地了解商品效果。
5174,女款鞋,1,该用户想表达的含义是：询问主播是否展示或介绍女款鞋子的相关信息。
5175,没码,1,该用户想表达的含义是：商品没有适合自己的尺码了。
5176,啥时候能发货,1,该用户想确认购买后商品的配送时间安排。
5177,已拍加急,1,该用户想表达的含义是：我已经下单并选择了加急配送服务。
5178,外套,1,该用户可能是想询问主播展示的外套款式或相关信息。
5179,买了估计什么时候发货,1,该用户想询问下单后的具体发货时间，表现出明确的购买意向和希望尽快收到商品的急切心理。
5180,外套,1,该用户可能是在询问主播展示的外套相关信息或表达对这款外套的兴趣。
5181,我要35的女的穿,1,"该用户想表达的含义是：我需要35码的女款鞋子。 （结合前文弹幕中频繁出现""女款鞋""""没码""""主播什么码""等关于鞋款尺码的讨论，以及""你穿的鞋子看看啊""等产品展示需求，可推断该用户正在询问主播展示鞋款的特定尺码库存情况）"
5182,贝壳鞋有优惠吗,1,该用户想询问直播中展示的贝壳头运动鞋是否有折扣活动。
5183,尺码怎么选,1,该用户想询问主播如何根据自身情况选择合适的商品尺码。
5184,尺码,1,该用户可能是想询问主播所展示商品的尺码信息或适合自己的尺码推荐。
5185,主播身上衣服有吗,1,该用户是在询问主播所穿的同款衣服是否在售。
5186,看一下细节,1,该用户希望主播更详细地展示商品的局部特写或做工材质等具体信息。
5187,脚长275咋选,1,该用户想表达的含义是：我的脚长是275毫米，应该选择哪个尺码的鞋子？
5188,外套有吗,1,该用户是在询问主播是否有外套类商品在售。
5189,暗夜精灵有吗,1,该用户是在询问直播间是否有售卖“暗夜精灵”这款产品。
5190,上架,1,该用户想催促主播尽快将提到的商品上架购买链接。
5191,女士的没有吗,1,该用户想询问直播间是否有女性款式的商品在售。
5192,是跑鞋吗,1,该用户可能在询问直播展示的鞋子是否为运动跑鞋款式。
5193,没抢到,1,该用户因商品抢购速度过快未能成功下单而感到遗憾。
5194,阿迪羽绒服有没有,1,该用户是在询问直播间是否有售卖阿迪达斯品牌的羽绒服商品。
5195,已拍,1,该用户想表达的含义是：我已经下单购买了商品。
5196,为啥没有女款,1,该用户是在询问直播间展示的商品为何没有女性款式可供选择。
5197,来个风衣,1,该用户希望主播展示或推荐一款风衣产品。
5198,赶紧上吧,1,该用户是在催促主播尽快上架当前讨论的商品。
5199,能穿多胖,1,该用户想询问服装的最大适用体重范围。
5200,优惠劵,1,该用户可能是在询问当前商品是否有可用的优惠券，或是催促主播发放更多折扣信息以促成购买。
5201,尺码能说一下吧都不知道拍多大的,1,该用户是在询问商品的具体尺码信息，因为缺乏参考标准而无法确定自己该选择哪个尺寸。
5202,裤子,1,该用户可能在询问主播展示的裤子是否有货或想了解裤子的相关信息。
5203,那里发货吗,1,该用户想询问商品是否从特定地点发货。
5204,连着,0,该用户想表达的含义是：询问主播是否还有同款商品的库存可以继续购买。
5205,我要黑色,1,该用户想表达的是对直播中某款商品的黑色款式有明确的购买意向。
5206,看看后面,1,该用户想表达的含义是：希望主播继续展示后续的商品款式或品类。
5207,介绍一下51号链接,1,该用户想表达的含义是：希望主播详细讲解51号链接商品的具体信息。
5208,厚吗,1,该用户是在询问商品的厚度或保暖程度是否足够。
5209,拍了,1,该用户想表达的含义是：我已经下单购买了商品。
5210,很薄吗,1,该用户是在询问商品的厚度是否较薄，可能出于对穿着舒适度或季节适用性的考虑。
5211,码号正吗,1,该用户是在询问商品的尺码是否标准，担心实际尺寸与标注不符。
5212,就一个颜色吗,1,该用户可能是在询问商品是否有其他颜色可选，表达了对当前展示颜色的单一性感到不满或希望有更多选择。
5213,没有女款吗,1,该用户想表达的含义是：询问当前展示的商品是否有女性款式可选。
5214,主播笑的好甜,0,该用户可能是在表达对主播亲和力的认可，暗示对直播内容或商品产生了好感。
5215,昨天的外衣呢,1,该用户可能在询问之前直播中展示过的某款外套为何没有再次出现或上架。
5216,主播的裤子在那呢,1,该用户想询问主播身上穿的裤子是否在售以及如何购买。
5217,罗斯的球鞋在几号,1,该用户想询问罗斯品牌球鞋的具体尺码信息。
5218,马甲,1,该用户可能在询问主播身上穿的马甲款式或直播间是否有马甲商品出售。
5219,主播穿的加绒不,1,该用户是在询问主播身上穿的衣服是否带有加绒内衬，以判断其保暖性能。
5220,脚很大很肥穿哪个,1,该用户是在询问适合脚型宽大肥厚的鞋款推荐。
5221,主播穿的是什么码,1,该用户想了解主播身上所穿衣服的具体尺码作为购买参考。
5222,主播真好看,0,该用户可能是在夸赞主播的外貌以拉近距离，为后续询问商品信息或讨价还价做铺垫。
5223,还有卫衣吗,1,该用户是在询问直播间是否还有卫衣款式的库存可供购买。
5224,裤子在看下,1,该用户想表达的含义是：请主播再展示或详细介绍一下当前展示的裤子款式。
5225,外套几号链接,1,该用户想询问主播展示的外套商品对应的购物链接编号以便购买。
5226,主播什么码,1,该用户是在询问主播所穿商品的尺码信息。
5227,内里看下,1,该用户想表达的含义是：请主播展示一下衣服的内衬细节。
5228,没抢到,1,该用户想表达的是对某款已售罄商品的遗憾和未能成功购买的失落情绪。
5229,卫衣好久开始,1,该用户想询问卫衣的上架或开售时间。
5230,尺码,1,该用户想询问主播身上展示的商品的尺码信息或适合自己身材的尺码推荐。
5231,裤子,1,该用户想表达的含义是：想进一步了解主播展示的裤子的详情信息。
5232,已经下单急今天能发货吗,1,该用户急切地询问已购商品能否当日发出，表现出对物流时效的高度关注和迫切收货需求。
5233,有卫衣吗,1,该用户想询问直播间是否还有卫衣款式在售。
5234,什么时间发货,1,该用户想确认商品的发货时效，以评估是否满足自己的收货需求。
5235,视频里胳膊带标那个在哪,1,该用户想询问直播画面中某位佩戴标识的人物同款商品购买链接。
5236,是什么衣服,1,该用户想询问主播身上穿的衣服款式或商品链接信息。
5237,黑色xl没有,1,该用户想表达的含义是：询问黑色XL尺码的商品是否已经售罄或没有库存。
5238,没抢到,1,该用户想表达的含义是：对之前抢购的商品未能成功下单感到遗憾。
5239,冬天能穿吗,1,该用户是在询问当前展示的商品是否适合冬季穿着，可能关注保暖性能或季节性适用性。
5240,加绒吗,1,该用户是在询问商品是否带有加绒内衬以确认其保暖性能。
5241,有没有优惠劵,1,该用户想询问直播间是否提供折扣或促销活动，以降低购买成本。
5242,你穿休闲裤,1,该用户想表达的含义是：让主播展示一下身上穿的休闲裤款式。
5243,什么时候能发货啊,1,该用户想表达的含义是：对已下单商品的物流时效表示关切，希望尽快收到货。
5244,厚度怎么样,1,该用户想询问商品的材质厚薄程度以判断是否适合自己需求。
5245,你的腿怎么这么直,0,该用户可能是在询问主播展示的裤子版型效果，暗示对产品上身效果的关注和潜在购买兴趣。
5246,要黑色,1,该用户想要购买黑色的商品款式。
5247,三号链接172米168斤穿多大码,1,该用户想表达的含义是：询问身高172厘米、体重168斤的人适合穿三号链接商品的哪个尺码。
5248,没43拍什么,1,该用户想表达的含义是：没有43码的货品为什么还要展示拍摄。
5249,已拍,1,该用户想表达的含义是：我已经下单购买了这件商品。
5250,可以穿一下xl的吗,1,该用户希望主播试穿XL尺码的服装以展示上身效果。
5251,主播身高体重,1,该用户想询问主播的身高体重作为自己选购服装尺码的参考依据。
5252,没买着,1,该用户想表达的含义是：没能成功抢购到心仪的商品。
5253,我要买黑的,1,该用户想表达的是：我想要购买黑色的这款商品。
5254,不够,1,该用户可能是在抱怨商品库存不足或可选款式/尺码不够齐全。
5255,贝壳头多会有,1,该用户是在询问“贝壳头款式的商品什么时候会再次上架或补货”。
5256,眼睛真大,0,该用户可能是在夸赞主播的外貌特征，暗示对主播展示的商品或形象产生了兴趣。
5257,有短袖上吗,1,该用户是在询问直播间是否会上架短袖款式。
5258,刚黑的这个,1,该用户想表达的是：刚才提到的黑色款商品还有货吗？
5259,我拍xl能帮忙改吗,1,该用户想询问如果购买XL尺码的商品，商家是否能够提供后续的修改服务。
5260,哞哞皮还是咩咩皮呀,1,该用户可能在询问主播展示的商品材质是牛皮还是羊皮。
5261,抓紧开价,1,该用户急切希望主播尽快公布商品价格以便决定是否购买。
5262,帽子有链接吗,1,该用户想询问主播展示的帽子商品是否有对应的购买链接可供下单。
5263,主播卫衣买了什么时候发货,1,该用户想确认购买主播推荐的卫衣后具体的发货时间。
5264,主播多高穿多大,1,该用户想询问主播的身高和对应所穿衣服的尺码作为自己购买的参考。
5265,加绒的吗,1,该用户是在询问商品是否带有加绒内衬。
5266,主播什么码,1,该用户想询问主播所穿商品的尺码信息。
5267,多少米,1,该用户想询问商品的具体价格是多少。
5268,有羽绒马甲么,1,该用户是在询问直播间是否有羽绒马甲这款商品在售。
5269,身高165拍多大,1,该用户想询问主播根据自己165cm的身高应该选择什么尺码的衣服。
5270,要什么外套我要这个妹子上架立刻拍,1,该用户想表达的含义是：比起外套商品，我更想立刻购买主播本人。
5271,己拍,1,该用户想表达的含义是：我已经下单购买了刚才提到的商品。
5272,老乡,0,该用户可能在用昵称或亲切称呼的方式向主播询问商品信息或表达购买意向。
5273,身高160多大码,1,该用户想询问自己身高160厘米应该选择什么尺码的商品。
5274,打底打底,1,该用户是在询问主播身上穿的打底衫是否会作为商品上架销售。
5275,有羽绒背心吗主播,1,该用户是在询问直播间是否有羽绒背心这款商品可供购买。
5276,女神,0,该用户可能是在称赞主播的外貌或气质，表达对主播的喜爱或欣赏。
5277,是正品吗亲,1,该用户想确认商品是否为官方正品以确保购买可靠性。
5278,鞋子码数正码,1,该用户想确认这款鞋的尺码是否标准，是否需要按平时习惯的尺码购买。
5279,加厚么,1,该用户想询问商品是否具备加厚的设计或材质。
5280,裤子,1,该用户可能在询问主播身上穿的裤子是否有货或询问裤子的具体信息（如材质、尺码、价格等）。
5281,乔夕吉祥介绍款黑色夹克修身,1,该用户希望主播乔夕详细介绍那款黑色修身夹克的尺码、材质和价格等信息，以便考虑是否购买。
5282,有短裤吗,1,该用户是在询问直播间是否有短裤款式的商品可供购买。
5283,主播穿什么码,1,该用户是在询问主播身上所穿衣服的尺码，以便自己参考购买合适的尺寸。
5284,主播的裤子,1,该用户想询问主播所穿裤子的款式、尺码或购买链接等相关信息。
5285,已拍,1,该用户想表达的含义是：我已经下单购买了这款商品。
5286,有黑色吗看黑色,1,该用户想询问主播展示的商品是否有黑色款式可供选择。
5287,里面有加绒的外套吗,1,该用户想询问直播中展示的外套是否有内衬加绒的款式。
5288,有没有长款羽绒服,1,该用户是在询问直播间是否有长款羽绒服这一具体商品款式，表现出对冬季保暖服饰的明确购买意向。
5289,你脚上两双鞋子哪双好穿我都买了,1,该用户对主播展示的两双鞋子都很满意，决定一并购买。
5290,帽子能拆吗,1,该用户可能想确认帽子的设计是否可拆卸，以便根据实际需求考虑购买。
5291,已拍加急,1,该用户想表达的含义是：我已经下单并选择了加急配送服务。
5292,羽绒服,1,该用户可能在询问直播间是否有羽绒服款式或相关产品信息。
5293,主播穿的什么码,1,该用户想询问主播所穿服装的具体尺码作为自己购买的参考。
5294,尺码表再看看,1,该用户想表达的含义是：需要重新确认商品的尺码信息以便决定是否购买。
5295,没有黑色吗,1,该用户是在询问当前展示的商品是否有黑色款可供选择。
5296,主播身上的是几号链接,1,该用户想询问主播当前穿着的商品在购物链接中的对应编号以便下单。
5297,尺码表再看看,1,该用户想表达的含义是：希望重新确认商品的尺码信息以便做出购买决定。
5298,怎么选择颜色啊,1,该用户想询问主播关于商品颜色选择的建议或对比不同颜色的差异。
5299,封面羽绒服是哪个链接,1,该用户想询问主播身上穿的羽绒服对应的商品购买链接。
5300,对不是大厚的,1,该用户想表达的含义是：询问主播身上穿的裤子是否不是特别厚实的款式。
5301,一共几个口袋,1,该用户想询问主播展示的服装（可能是夹克或外套）具体有几个功能性口袋设计。
5302,没有了,1,该用户想表达的含义是：之前询问的商品已经售罄或没有库存了。
5303,那个衣服的码数,1,该用户想询问主播身上那件衣服的具体尺码信息以便参考购买。
5304,还有鞋吗,1,该用户想询问直播间是否还有鞋子款式的库存可供购买。
5305,尺码表,1,该用户想询问商品的尺码信息以便确认是否适合自己购买。
5306,拍了,1,该用户想表达的含义是：我已经下单购买了商品。
5307,看下后面,1,该用户想表达的含义是：让主播展示一下后面还没介绍到的商品。
5308,男款有吗,1,该用户想询问当前展示的商品是否有男性适用的款式。
5309,有男鞋虎年限定吗,1,该用户是在询问直播间是否有针对男性设计的虎年主题限定款鞋品。
5310,前面蓝衣服17370公斤拍的L合适吗,1,该用户是在询问前面穿蓝衣服、身高173厘米、体重70公斤的人选择的L码是否适合自己。
5311,有奶包鞋嘛,1,该用户想询问直播间是否有售卖带有奶包设计的鞋子款式。
5312,卫衣,1,该用户可能在询问主播展示的卫衣款式或购买链接。
5313,不是99么,1,该用户可能是在质疑或确认商品价格与之前宣传的不一致，认为应该是99元而非当前显示的价格。
5314,想要的都没有,0,该用户想表达的含义是：直播间里没有自己心仪的商品或款式。
5315,再来一波,1,该用户希望主播再次推出之前展示过的商品或优惠活动。
5316,看了几天了外套上不上,1,该用户想表达的含义是：关注这件外套好几天了，询问主播什么时候会上架售卖。
5317,尺码表,1,该用户想询问商品的详细尺码信息以便确认是否适合自己购买。
5318,主播多高,1,该用户可能在询问主播的身高以作为自己选购服装尺码的参考依据。
5319,男款羽绒马甲,1,该用户可能在询问直播间是否有男款羽绒马甲在售或展示。
5320,能机洗吗这款白色,1,该用户想询问这款白色商品是否支持洗衣机清洗的功能。
5321,主播多高,1,该用户可能想通过主播的身高来推测服装的实际尺码效果，以便判断自己是否适合购买。
5322,多少钱呢,1,该用户想询问当前展示商品的售价信息。
5323,付过了,1,该用户想表达的含义是：我已经完成支付了。
5324,看下后背,1,该用户希望主播展示商品背面的细节或设计。
5325,主播好,0,该用户可能是出于礼貌打招呼，同时暗示对主播的信任或好感，为后续询问商品信息做铺垫。
5326,上一次,0,该用户想表达的含义是：询问之前提到的某款商品或优惠活动是否还能再次参与或购买。
5327,没了,1,该用户想表达的含义是：想要的商品已经卖完了。
5328,有短款吗,1,该用户想询问当前展示的商品是否有长度较短的款式可选。
5329,我168米女70公斤穿多大号,1,该用户想询问自己身高168厘米、体重70公斤的女性应该选择什么尺码的服装。
5330,有没有帽子,1,该用户是在询问直播间是否售卖帽子类商品。
5331,是2022款还是2021款,1,该用户想确认直播中展示的产品是哪个年份的款式版本。
5332,有没有帽子,1,该用户是在询问当前展示的商品是否附带帽子配件。
5333,还买349吗,1,该用户是在询问当前商品价格是否仍维持之前提到的349元。
5334,裤子,1,该用户可能是在询问当前展示或提到的裤子相关信息，比如款式、价格或是否有货。
5335,尺码表看一下,1,该用户想表达的含义是：希望主播展示商品的详细尺码参考信息以便选择合适的型号。
5336,哥穿39码滴,1,该用户是在询问主播自己适合的服装尺码，暗示对当前展示的商品有购买意向。
5337,改价啊,1,该用户是在催促主播或商家调整商品价格，希望以更优惠的价格购买当前讨论的商品。
5338,姐姐播到多少号,0,该用户想询问主播的直播活动持续到哪一天结束。
5339,看看穿上的效果,1,该用户想表达的含义是：希望主播展示一下商品的实际穿着效果以便判断是否适合购买。
5340,为什么之前没见上过这款,1,该用户想表达的含义是：对这款产品是新上架感到好奇，并质疑为何之前没有售卖过。
5341,没有码,1,该用户想表达的含义是：商品已经没有我需要的尺码了。
5342,还有吗,1,该用户可能在询问直播中展示的商品是否还有库存或是否会继续补货。
5343,裤子上链接,1,该用户急切催促主播将展示的裤子商品链接上架以便购买。
5344,黑色的呢,1,该用户想询问主播是否有黑色款式的商品。
5345,看看尺码,1,该用户想表达的含义是：希望主播展示或说明产品的尺码信息以供参考。
5346,别的颜色有吗,1,该用户想询问当前展示的商品是否还有其他颜色可选。
5347,棉服棉服棉服棉服棉服棉服,1,"该用户急切地询问或催促主播展示/介绍棉服产品。  （结合前文弹幕中频繁出现的尺码咨询、款式追问、改价催促等购买意向行为，可推断用户通过重复关键词""棉服""强化需求，可能是看到其他弹幕提及相关商品后产生的聚焦性诉求，或对主播未及时回应同类问题的焦急催促。）"
5348,加购加购,1,该用户想表达的含义是：催促主播尽快将商品加入购物车以便购买。
5349,里面看一下里面,1,该用户想表达的含义是：要求主播展示商品内部细节或内衬部分。
5350,是正品吗,1,该用户可能是在确认商品的真伪和质量保障，表现出对产品的实际购买顾虑。
5351,裤子不打折么,1,该用户是在询问商品是否有折扣优惠，并暗示对价格敏感或希望以更优惠的价格购买裤子。
5352,不是99的吗,1,该用户对商品价格变动感到疑惑，认为之前宣传或展示的价格应该是99元而非当前标价。
5353,黑色有大码吗,1,该用户想询问当前展示的黑色款商品是否有适合较大身材的尺码可供选择。
5354,没有黑色的吗,1,该用户想询问当前展示的商品是否有黑色款可供选择。
5355,主播身上多大码,1,该用户想询问主播所穿服装的具体尺码，以便参考选择适合自己的尺寸。
5356,尺码,1,该用户想询问主播展示的商品是否有适合自己的尺码信息。
5357,口袋有拉链吗,1,该用户想询问商品口袋是否具备拉链设计以确保物品安全。
5358,什么时候发货,1,该用户想表达的含义是：询问商品下单后的配送时间以确认购买决策。
5359,主播多高,1,该用户可能是在询问主播的身高以参考服装的尺码和上身效果。
5360,怎么抢,1,该用户想询问如何参与抢购或获取商品的具体购买方式。
5361,开价,1,该用户想表达的含义是：询问商品的具体价格是多少。
5362,没有了,1,该用户想表达的含义是：询问商品是否已经售罄或没有库存了。
5363,已拍,1,该用户想表达的含义是：我已经下单购买了（你们提到的商品）。
5364,收到的和主播手里的一样吗,1,该用户是在确认商品实物与直播展示的样品是否存在差异，担心收到的货品与主播现场演示的规格或质量不一致。
5365,主播什么码,1,该用户想询问主播所穿服装的具体尺码信息。
5366,已拍,1,该用户想表达的含义是：我已经下单购买了这款商品。
5367,我是来看安安的,0,该用户想表达的含义是：我是冲着主播本人来的，对产品本身兴趣不大。
5368,那女生呢,1,该用户可能在询问主播展示的商品是否有适合女性穿着的款式或尺码。
5369,是哪个,1,该用户可能是在询问主播提到的某件商品或某个细节具体是指哪个款式、颜色或型号。
5370,看下里面,1,该用户想表达的含义是：想查看商品内部细节或结构。
5371,已拍已拍已拍,1,该用户想表达的含义是：我已经下单购买了这款商品。
5372,太失望了,0,该用户可能因商品缺货、价格变动或实物与预期不符而感到不满。
5373,黑色,1,该用户可能是在询问当前展示的商品是否有黑色款式可选。
5374,没抢到,1,该用户想表达的含义是：对未能成功购买到心仪商品感到遗憾。
5375,有没有男鞋来一波啊,1,该用户是在询问主播是否会推出男鞋款式并希望尽快上架销售。
5376,主播穿多大,1,该用户想询问主播所穿服装的具体尺码信息，以便参考购买。
5377,穿的什么码,1,该用户是在询问主播所穿商品的尺码信息，以便参考购买。
5378,有黑色吗,1,该用户是在询问主播展示的商品是否有黑色款式可供选择。
5379,想要小号,1,该用户想表达的含义是：询问主播展示的商品是否有更小尺码的款式。
5380,拍了加急发货,1,该用户希望商家尽快处理并发出自己已下单的商品。
5381,有运费险吗,1,该用户想确认商品是否支持退换货时免运费，以此作为购买决策的重要参考因素。
5382,已拍加急,1,该用户想表达的含义是：我已经下单并选择了加急配送服务。
5383,主播身上的衣服有男士的吗,1,该用户是在询问主播展示的服装是否有适合男性穿着的款式或尺码。
5384,主播穿的什么码,1,该用户想询问主播所穿服装的具体尺码信息，以便参考购买。
5385,多少钱鸭,1,该用户想询问当前展示商品的具体价格。
5386,衣服几号链接,1,该用户想询问主播展示的衣服对应的是哪个商品购买链接。
5387,有46的吗,1,该用户想询问主播展示的商品是否有46码的尺码可供购买。
5388,里面看看,1,该用户想表达的含义是：想进一步了解商品内部细节或展示内容。
5389,话真多,0,该用户可能是在抱怨主播讲解过于冗长，没有直接展示或回答商品关键信息。
5390,长度呢,1,该用户是在询问主播展示的商品的尺寸或长短信息。
5391,几号链接,1,该用户想询问主播正在介绍的商品对应的购物链接编号。
5392,这是羽绒服,1,该用户可能在询问主播展示的羽绒服的具体款式或购买信息。
5393,棉的吗,1,该用户是在询问直播展示的服装材质是否为纯棉质地。
5394,女款有吗,1,该用户是在询问当前展示的商品是否有女性款式可供选择。
5395,充绒量多少,1,该用户想询问羽绒服的保暖性能参数。
5396,这里订实体店提吗,1,该用户想询问是否支持线上下单后到实体店自提。
5397,看里面,1,该用户想表达的是让主播展示或详细介绍商品的内衬或内部细节。
5398,九块九,1,该用户是在询问主播当前展示商品的价格是否为九块九元。
5399,没有了,1,该用户想表达的含义是：想要的商品已经卖完了。
5400,后面帽子看看,1,该用户想表达的含义是：希望主播接下来展示或介绍帽子的款式和详情。
5401,一米八五一百三十五斤多大的码,1,该用户是在询问主播自己身高1米85、体重135斤的身材应该选择什么尺码的衣服。
5402,没有码了,1,该用户想表达的含义是：主播展示的商品已经没有自己需要的尺码了。
5403,主播穿多大号的,1,该用户是在询问主播所穿衣服的具体尺码，以便参考选择适合自己的型号。
5404,想要你的内搭,1,该用户想表达的是对主播身上穿的内搭衣服感兴趣，询问是否有同款或购买方式。
5405,请问一下九号是拉链还是纽扣的,1,该用户是在询问商品（可能是外套或上衣）的闭合方式是拉链还是纽扣的设计细节。
5406,四号能看一下吗,1,该用户是想让主播展示或详细介绍四号商品的具体信息或细节。
5407,看看里面,1,该用户希望主播展示商品内部细节或结构。
5408,喝点出门水吧,0,该用户可能在催促主播展示或介绍商品的内衬或内部细节。
5409,正品吗,1,该用户是在询问直播所售商品是否为官方授权渠道的正品，以确认商品质量和真伪。
5410,买了,1,该用户想表达的是决定下单购买当前讨论的商品。
5411,没黑的吗,1,该用户可能是在询问商品是否有其他颜色可选，尤其是深色款式。
5412,加绒卫裤有没有,1,该用户想询问直播间是否有加绒款的卫裤在售。
5413,水军,0,该用户可能是在质疑直播间评论的真实性，认为前面频繁的提问和互动像是人为操控的虚假热度。
5414,衣服是几号链接,1,该用户想询问主播展示的服装商品在购物车中的具体链接编号以便下单。
5415,长款有活动么,1,该用户想询问直播中展示的长款商品是否有促销优惠或折扣活动。
5416,没有尺码,1,该用户想表达的含义是：商品缺货，没有适合自己的尺码可选。
5417,哈哈,0,该用户可能在轻松互动中表达对直播氛围的认可或对主播幽默表现的回应。
5418,身高178米体重170斤应该买什么码,1,该用户是在询问适合自己身高体重的服装尺码，希望主播能给出具体的购买建议。
5419,身上外套有吗,1,该用户是在询问主播身上穿的外套是否有货或是否在售。
5420,一一咯,0,该用户可能是想询问主播展示的某件商品的具体细节或要求重新查看某个款式。
5421,看看白色,1,该用户想表达的含义是：让主播展示一下商品的白色款式。
5422,是不是秋冬穿,1,该用户想询问这款衣服是否适合在秋冬季节穿着。
5423,有大码吗,1,该用户是在询问商品是否有适合体型较大顾客的尺码选项。
5424,里面什么材质,1,该用户想询问商品内部面料的具体成分或质地。
5425,加绒么,1,该用户是在询问直播展示的衣物是否有加绒内衬的设计。
5426,码数标准吗,1,该用户是在询问商品的尺码是否与常规标准一致，以便判断自己是否需要调整选购尺寸。
5427,没了,1,该用户可能是在询问商品是否已经售罄或库存不足。
5428,就这一种颜色,1,该用户想表达的含义是：询问商品是否只有当前展示的单一颜色可选。
5429,身高184体重210穿多大,1,该用户想表达的含义是：询问以自己184厘米身高和210斤体重应该选择什么尺码的服装。
5430,主播穿多大,1,该用户是想询问主播身上所穿衣服的具体尺码信息。
5431,想要衣服,1,该用户想表达的含义是：对直播中展示的某款服装产生了购买意向，希望进一步了解或获取。
5432,还要,1,该用户想表达的含义是：希望主播继续展示或补充刚才提到的商品（如衣服的款式、颜色、尺码等）。
5433,正品吗,1,该用户对商品的真伪存在疑虑，希望确认产品的正品保障情况。
5434,没大号的,1,该用户想表达的含义是：商品没有提供适合体型较大顾客的尺码选项。
5435,还有什么颜色,1,该用户是在询问商品是否有其他可选颜色。
5436,看着好像很薄,1,该用户可能是在质疑产品的厚度是否适合当前季节或预期用途。
5437,没抢到啊,1,该用户因心仪商品被抢购一空而感到遗憾和失落。
5438,看一下背后看一下背后看一下背后看一下背后看一下背后看一下背后看一下背后看一下背后看一下背后看一下背后,1,该用户急切希望主播展示商品的背面细节或设计。
5439,好衣服,1,该用户想表达的是对主播展示的服装款式表示认可并暗示有购买意向。
5440,以后没有椰子了,1,该用户想表达的含义是：担心这款商品以后会缺货或下架，暗示自己有意购买。
5441,保价11111吗,1,该用户是在询问商品是否提供价格保护服务，以确保后续不会降价。
5442,没了,1,该用户想表达的是对商品已售罄的失望或遗憾。
5443,长款羽绒服,1,该用户可能是在询问主播展示的长款羽绒服的具体款式或购买信息。
5444,看下背面,1,该用户想表达的含义是：希望主播展示商品的背面细节以便进一步了解产品。
5445,站起来看看整体卫衣,1,该用户希望主播起身展示卫衣的全身效果以便更全面地评估款式和版型。
5446,主播裤子,1,该用户想询问主播身上穿的裤子的具体信息或购买方式。
5447,现在身上是多少码,1,该用户是在询问主播身上所穿衣服的具体尺码，以便参考选择适合自己的尺寸。
5448,主播皮筋儿卖不卖,1,该用户是在询问主播身上佩戴的皮筋是否作为商品出售。
5449,篮球鞋,1,该用户可能是在询问主播展示或推荐的篮球鞋款式或购买信息。
5450,后面看看,1,该用户想表达的是暂时先观望后续的商品展示再做购买决定。
5451,尺码,1,该用户想询问主播当前展示商品的尺码信息或确认是否有适合自己的尺码。  （结合前文语境，弹幕中频繁出现对服装细节、颜色、款式的询问，以及“没大号的”“现在身上是多少码”等尺码相关讨论，可推断用户关注点集中在商品规格上，此时发“尺码”是希望主播补充说明或确认具体尺寸选项。）
5452,刚刚那个好看,1,该用户想表达的是对之前展示的某件商品款式或设计的喜爱和认可。
5453,主播好漂亮,0,该用户可能是在通过称赞主播外貌来活跃气氛或表达对直播内容的认可，但并未直接体现对商品的购买兴趣。
5454,你应该去喝点水了声音哑了,0,该用户是在关心主播的身体状态，提醒主播休息一下以保护嗓子。
5455,帽子可以拆卸吗,1,该用户想表达的含义是：询问产品（帽子）是否具备可拆卸的功能设计。
5456,裤子上不,1,该用户想询问主播身上穿的裤子是否会上架售卖。
5457,主播穿的什么码,1,该用户想询问主播身上所穿衣服的具体尺码信息，以便参考购买。
5458,是二手的吗,1,该用户可能在询问商品是否为二手货，以确认商品的新旧状态或来源可靠性。
5459,让男孩子穿一下可以吗,1,该用户可能是想询问主播展示的服装是否适合男性穿着，或者建议让男模特试穿以展示效果。
5460,羽绒服,1,该用户可能是想询问或确认直播间正在展示的羽绒服款式或细节。
5461,咱们有运费险没有,1,该用户是在询问商品是否提供退货运费保障服务，以此评估购买风险。
5462,祥云,0,该用户可能是在询问主播身上或展示的某件商品是否有“祥云”图案或相关设计元素。
5463,有几个口袋,1,该用户想询问主播展示的服装具体有几个口袋的设计细节。
5464,身高175体重140多大码宽松,1,该用户想表达的含义是：询问主播自己身高175厘米、体重140斤适合穿多大尺码的宽松款衣服。
5465,衣服,1,该用户可能是在询问主播身上穿的衣服款式或购买链接。
5466,已拍,1,该用户想表达的含义是：我已经下单购买了商品。
5467,穿什么码,1,该用户想询问主播身上所穿衣服的具体尺码以便参考购买。
5468,冲绒多少,1,该用户想询问服装的充绒量是多少。
5469,产地是哪里的呢,1,该用户想表达的含义是：询问商品的产地信息以评估是否值得购买。
5470,女的95斤可以穿吗,1,该用户是在询问女性身高95斤的人是否适合穿这件衣服，关注的是尺码适配性问题。
5471,你穿的衣服几号链接,1,该用户想询问主播身上所穿衣服对应的商品购买链接。
5472,里面的白t有卖吗,1,该用户是在询问直播中展示的某件服装内搭的白T恤是否在售。
5473,什么时候发货,1,该用户想确认商品的发货时间以便决定是否下单。
5474,有运费险吗,1,该用户是在确认商品的退换货保障，以降低购买决策风险。
5475,视频是几号羽绒服,1,该用户想询问主播身上展示的羽绒服对应的商品链接编号。
5476,加绒吗,1,该用户想询问商品是否带有加绒内衬以确认保暖性能。
5477,家里斐乐胸围120的这个买几码,1,该用户想询问自己胸围120厘米的情况下应该选择斐乐这款衣服的哪个尺码。
5478,有运费险吗,1,该用户是在确认商品的退换货保障，以降低购买决策风险。
5479,羽绒服什么时候上,1,该用户是在询问羽绒服产品的具体开售时间，表现出明确的购买意向和等待上架的心态。
5480,修身一点,1,该用户希望了解衣服的版型是否偏修身，以便选择合适的尺码。
5481,主播穿多大的,1,该用户是在询问主播所穿衣服的具体尺码，以便参考选择适合自己的尺寸。
5482,这个也299嘛,1,该用户可能在询问当前展示的商品是否与其他提到的商品同价为299元，表现出对价格的关注和潜在的购买意向。
5483,马甲有吗,1,该用户是在询问直播间是否有马甲款式的商品在售。
5484,看看内里,1,该用户想了解商品内部材质或构造的具体情况。
5485,上衣上不上,1,该用户是在询问主播是否会上架当前展示的上衣款式。
5486,没了,1,该用户想表达的含义是：想要的商品已经卖完了。
5487,主播裤子,1,该用户想询问主播身上穿的裤子的具体款式或购买链接。
5488,黑色这款啊,1,该用户是在询问主播展示的黑色款商品的具体信息或表达对黑色款的兴趣。
5489,已拍加急,1,该用户想表达的含义是：我已经下单购买了并且选择了加急发货服务。
5490,女裤子,1,该用户想询问主播身上穿的或展示的女款裤子是否有售或相关购买信息。
5491,有棉服么,1,该用户想询问直播间是否售卖棉服款式。
5492,四号链接还有活动吗,1,该用户想确认四号链接的商品是否仍在促销活动中。
5493,卫衣没有了吗,1,该用户是在询问某款卫衣是否已经售罄或下架，表现出对购买该商品的潜在兴趣。
5494,男鞋男鞋,1,该用户可能在催促主播展示或介绍男鞋款式。
5495,主播身高体重,1,该用户想询问主播的身高体重作为自己选购服装尺码的参考依据。
5496,拍多大,1,该用户想询问主播展示的服装尺码对应的具体身高体重参考，以便选择合适的购买尺寸。
5497,已拍,1,该用户想表达的含义是：我已经下单购买了商品。
5498,要阿根廷,0,该用户想表达的含义是：想要购买阿根廷相关的商品（可能是球衣或周边）。
5499,已拍加急发货,1,该用户想表达的含义是：我已经下单购买了商品并要求尽快发货。
5500,传到多少度,1,该用户想询问主播当前展示的服装适合穿着的温度范围。
5501,多钱,1,该用户想询问当前展示商品的具体价格。
5502,看看里面,1,该用户想表达的含义是：想了解商品内部构造或细节展示。
5503,只有这一个大漂亮主播,0,该用户可能是在调侃或强调当前主播是直播间唯一吸引人的亮点，暗示自己是因为主播的个人魅力而停留观看。
5504,腿真漂亮,0,该用户可能是在夸赞主播展示的服装穿着的效果吸引人，暗示对相关商品产生了兴趣。
5505,看看里面,1,该用户想表达的含义是：让主播展示商品的内衬或内部细节。
5506,有没有女款黑色长款羽绒服,1,该用户是在询问直播间是否有适合女性穿着的黑色长款羽绒服款式。
5507,我也关注了,0,该用户想表达自己已通过关注主播或店铺的方式表达了对商品的兴趣和后续购买的意向。
5508,几号,1,该用户可能在询问主播提到的某款商品的尺码编号或活动场次的日期。
5509,你们太天真了,0,该用户可能是在嘲讽其他观众过于轻信主播的推销话术或对产品盲目跟风。
5510,宜昌可以配送吗,1,该用户想确认商品是否支持配送到宜昌地区。
5511,主播你知道吗张柏芝跟你好像哦,0,该用户想表达的含义是：夸赞主播的外貌与明星相似，以此拉近距离或表达好感。
5512,给我看一下尺码,1,该用户想表达的含义是：希望主播展示商品的具体尺寸信息以供参考。
5513,有没有袜子,1,该用户是在询问直播间是否有袜子在售。
5514,尺码,1,该用户想询问主播关于商品的具体尺码信息以便选择合适的型号。
5515,可以xl吗,1,该用户是在询问商品是否有XL尺码可供选择。
5516,站远点看看,1,该用户可能是想让主播调整展示距离，以便更全面地看清商品的全貌或细节。
5517,好卡,0,该用户想表达的是直播画面或网络连接出现卡顿不流畅的情况。
5518,卫衣尺码怎么拍看不懂178160斤,1,该用户想表达的含义是：不清楚自己身高178厘米、体重160斤应该选择卫衣的哪个尺码。
5519,棒球款的在几号,1,该用户想询问主播展示的棒球款式商品的具体编号或货号以便购买。
5520,尺码表,1,该用户想询问主播展示或说明商品的尺码信息。
5521,你多高啊,1,该用户可能是想询问主播的身高以作为服装尺码的参考。
5522,这个不太好看,0,该用户可能是在委婉表达对当前展示商品的款式或设计不满意，暗示希望主播更换其他产品进行展示。
5523,好的卫衣有推荐吗,1,该用户想表达的含义是：希望主播推荐一款品质不错的卫衣款式。
5524,没拍到,1,该用户想表达的含义是：错过了刚才的商品抢购机会。
5525,有黑色吗,1,该用户想询问当前展示的商品是否有黑色款式可供选择。
5526,颜色,1,该用户可能是在询问当前展示商品的颜色选项或对某个特定颜色的需求。
5527,这个是线下门店售的吗,1,该用户可能是在询问商品是否同时在线下实体店有售，以考虑是否方便亲自体验或购买。
5528,背面,1,该用户可能是想请主播展示或介绍商品的背面细节。
5529,什么颜色,1,该用户想询问商品有哪些可选的颜色款式。
5530,卫衣再上一下,1,该用户希望主播重新展示或补货刚才提到的卫衣款式。
5531,已拍上衣,1,该用户想表达的含义是：我已经下单购买了刚才展示的那件上衣。
5532,赶紧开吧,1,该用户可能是在催促主播尽快开启某个商品的购买链接或展示环节。
5533,多少钱,1,该用户想询问当前展示商品的售价信息。
5534,加急发,1,该用户希望商家尽快发货，表现出对已购商品的急切期待。
5535,厚嘛,1,该用户想询问主播身上展示的卫衣面料是否厚实。
5536,小型羽绒服,1,该用户可能在询问直播间是否有小型号的羽绒服款式或想了解相关尺码信息。
5537,主播好漂亮,0,该用户可能是在通过夸赞主播的外表来拉近距离，试图获得更多互动或产品推荐的机会。
5538,黑色,1,该用户想询问主播展示的商品是否有黑色款可供选择。
5539,主播的裤子,1,该用户可能在询问主播所穿裤子的款式或购买信息。
5540,没有贝壳头的,1,该用户想表达的是对当前展示的商品款式缺少经典贝壳头设计的遗憾或不满。
5541,没拍到,1,该用户想表达的是错过了刚才的商品抢购机会。
5542,棉服有小号吗,1,该用户想询问直播展示的棉服是否有更小的尺码可供选择。
5543,有Adidas4d科技的鞋子吗,1,该用户是在询问直播间是否有搭载Adidas 4D缓震科技的鞋款在售。
5544,身后那个绿色看看,1,该用户想表达的含义是：让主播展示一下身后那件绿色的商品。
5545,椰子鞋子有没有,1,该用户是在询问直播间是否有售卖椰子品牌的鞋子。
5546,裤子,1,该用户可能是在询问主播身上穿的裤子的款式或购买信息。
5547,有券发吗,1,该用户想询问直播间是否会发放优惠券以促进购买。
5548,已拍加急3号,1,该用户想表达的含义是：我已经下单购买了3号商品并选择了加急发货服务。
5549,这个外套是还有黑色款吗,1,该用户想询问外套是否有其他颜色可选，表现出对商品的潜在购买意向。
5550,踢出去,0,该用户可能因未及时抢到心仪商品或对主播未回应其需求感到不满，想通过激烈言辞发泄情绪或催促处理。
5551,哈哈哈哈哈哈,1,该用户可能被直播间的搞笑互动或主播的幽默表现逗乐，用大笑表达轻松愉快的观看情绪，但并未直接体现购买意向。
5552,主播90斤,0,该用户可能在询问主播身上展示的服装是否有适合90斤体重的尺码。
5553,鸭绒还是鹅绒,1,该用户是在询问直播中展示的羽绒服填充物材质是鸭绒还是鹅绒，以判断商品品质和保暖性能。
5554,皮面吗鞋头防水吗,1,该用户是在询问鞋子的材质是否为皮革以及鞋头部分是否具备防水功能。
5555,这个有白色的嘛,1,该用户想询问当前展示的商品是否有白色款可选。
5556,好看,1,该用户想表达的含义是：对当前展示的商品款式或外观表示赞赏和兴趣。
5557,能看一眼衣服吗,1,该用户想表达的含义是：希望主播展示一下当前讨论的服装款式。
5558,多少克,1,该用户想询问当前展示商品的重量规格。
5559,里面有绒吗,1,该用户想询问商品内层是否含有保暖的绒毛材质。
5560,远一点,1,该用户想让主播将展示的商品拿远一点以便看清整体效果或细节。
5561,白打灯牌了上次还买了好多衣服,1,该用户感到失望，因为之前为支持主播消费了不少却未被关注或回馈。
5562,看看领口,1,该用户想表达的含义是：让主播展示一下衣服领口的细节。
5563,主播多高,1,该用户可能在询问主播的身高以作为服装尺码或穿搭效果的参考。
5564,有没有冬天的裤子,1,该用户想询问直播间是否有适合冬季穿着的裤装产品可供选购。
5565,你穿多大的,1,该用户是想询问主播身上展示的服装尺码以便参考购买。
5566,你穿的衣服咋卖的,1,该用户想询问主播身上所穿服装的价格和购买方式。
5567,男款,1,该用户可能在询问当前展示的商品是否有男款可选。
5568,有没有黑色的,1,该用户是在询问当前展示的商品是否有黑色款式可供选择。
5569,现在买99吗,1,该用户是在询问当前购买该商品是否享受99元的优惠价格。
5570,主播真好看,0,该用户想表达的含义是：对主播的外貌表示赞赏，但并未直接体现对商品的购买兴趣。
5571,漂亮啊店在哪,1,该用户想表达的含义是：询问主播身上展示的服装店铺的具体位置或购买渠道。
5572,裤子,1,该用户可能是在询问当前展示的裤子款式或是否有其他裤子可选。
5573,看看紫色,1,该用户想表达的含义是：想请主播展示一下商品的紫色款。
5574,尺码看一下,1,该用户想询问主播展示商品的尺码信息以便判断是否适合自己购买。
5575,上卫衣吧,1,该用户希望主播尽快展示或上架卫衣款式以供选购。
5576,没有39码的嘛,1,该用户想询问商品是否有自己需要的39码尺寸，表现出对当前展示商品的购买意向和具体需求。
5577,已拍,1,该用户想表达的含义是：我已经下单购买了（这件商品）。
5578,又是桥西,0,该用户可能是在抱怨主播反复推荐或展示来自同一产地（桥西）的商品，暗示希望看到更多样化的选品。
5579,能不能解释一下35链接,1,该用户想询问第35号商品链接的详细信息或具体内容。
5580,看看尺码,1,该用户想表达的含义是：希望主播展示或详细介绍当前商品的尺码信息。
5581,码号标准吗,1,该用户是在询问商品尺码是否按照常规标准制作，担心尺码偏大或偏小。
5582,上白色鞋,1,该用户希望主播展示或推荐白色的鞋子款式。
5583,里面什么料,1,该用户想询问商品的具体材质成分。
5584,买了,1,该用户想表达的含义是：我已经下单购买了这件商品。
5585,试试就试试,1,该用户可能是在回应主播的推荐或促销话术，表达愿意尝试购买所展示的商品。
5586,拉开看看,1,该用户想表达的含义是：让主播展示商品内部细节或实际穿着效果。
5587,衣服衣服,1,该用户可能是在催促主播展示或介绍当前正在讨论的服装款式。
5588,有优惠吗,1,该用户想询问当前商品是否提供折扣或促销活动。
5589,没有两个加了,1,该用户想表达的含义是：商品库存中缺少两件叠加购买的选项或优惠。
5590,我200斤穿不了,1,该用户想表达的含义是：担心自己的体型不适合该商品的尺码。
5591,魔术贴有吗,1,该用户可能在询问商品是否采用魔术贴设计作为固定方式。
5592,还有大尺码不,1,该用户是在询问商品是否有更大尺码可供选择。
5593,这是棉服还是羽绒服呀,1,该用户想询问当前展示服装的具体材质类别以判断其保暖性能和购买价值。
5594,想要鞋,1,该用户希望主播展示或推荐当前直播中的鞋款，并可能有意向购买。
5595,裤子也来一波吧,1,该用户希望主播能接着推荐或上架裤子的商品链接。
5596,双排扣裤子有吗,1,该用户是在询问直播间是否有售卖双排扣款式的裤子。
5597,主播什么码,1,该用户是在询问主播所穿或展示商品的尺码信息。
5598,夹克没2xl了吗,1,该用户是在询问夹克是否有更大尺码可供购买。
5599,看一下尺寸码,1,该用户想询问商品的具体尺码信息以判断是否符合自己的需求。
5600,三百以内,1,该用户想表达的含义是：询问商品价格是否在三百元以内。
5601,鞋子,1,该用户想表达的含义是：询问主播是否展示或介绍鞋子款式。
5602,反过来看看,1,该用户想表达的含义是：希望主播展示商品的背面细节。
5603,没有最小的啊,1,该用户想表达的含义是：商品的最小尺码缺货了。
5604,主播穿的什么鞋,1,该用户是在询问主播所穿鞋款的具体信息，暗示对同款商品的潜在购买兴趣。
5605,有运费险吗,1,该用户是在询问商品的退换货保障政策，以此评估购买风险并决定是否下单。
5606,是羽绒吗,1,该用户是在询问直播展示的服装是否为羽绒材质，以确认商品的具体属性来判断是否符合自己的购买需求。
5607,女款篮球鞋有吗,1,该用户是在询问直播间是否有适合女性穿着的篮球鞋款式。
5608,体重120身高175穿多大,1,该用户是在询问适合自己身高体重比例的服装尺码，表现出对当前展示商品的购买意向。
5609,主播好美,0,该用户可能是在表达对主播外表的赞赏，但结合直播间的购物讨论氛围，更可能是以夸赞方式拉近距离，为后续询问商品信息或讨价还价做铺垫。
5610,里面几号,1,该用户是在询问服装或鞋子的具体尺码信息。
5611,你这款跟7好链接出了颜色有什么不一样,1,该用户是在询问当前展示的商品与编号为7的链接商品在颜色上有何具体差异。
5612,对呀,0,该用户可能在附和前面关于商品细节（如尺码、款式或材质）的讨论，表示认同或确认某个问题的答案。
5613,卡其色卫衣有链接吗多少钱,1,该用户想表达的含义是：对主播展示的卡其色卫衣感兴趣，询问购买链接和价格信息。
5614,马甲,1,该用户可能在询问主播身上穿的马甲款式或是否有类似马甲商品在售。
5615,运费险有吗,1,该用户是在确认商品是否支持退换货时产生的运费保障服务。
5616,主播穿的多大的,1,该用户想询问主播身上所穿衣服的具体尺码信息。
5617,透气吗,1,该用户是在询问商品的材质是否具备良好的透气性能。
5618,是啥时候穿的,1,该用户想询问主播展示的服装或鞋子的具体穿着时间或适用季节。
5619,讲一下15号,1,该用户想询问主播详细介绍15号商品的具体信息或展示其细节。
5620,主播身高体重,1,该用户想询问主播的身高和体重作为自己选购服装尺码的参考依据。
5621,主播晚上好,0,该用户可能是在礼貌性打招呼的同时，想与主播建立互动，为后续询问商品信息做铺垫。
5622,把23号上衣穿一下,1,该用户希望主播试穿展示23号上衣的实际效果。
5623,已拍,1,该用户想表达的含义是：我已经下单购买了这款商品。
5624,你以为真的是99吗你想多了,0,该用户可能是在质疑主播宣传的价格不实，暗示实际价格并非标称的99元。
5625,鸽子灰,1,该用户想询问主播展示的商品是否有“鸽子灰”这一颜色可选。
5626,尺码表看一下,1,该用户想表达的含义是：希望主播展示商品的尺码对照信息以供参考。
5627,美女晚上好,0,该用户是在礼貌性地问候主播，试图通过友好的互动引起注意或融入直播间的氛围。
5628,没有号了,1,该用户想表达的含义是：想要的尺码已经售罄了。
5629,介绍一下,1,该用户希望主播详细讲解当前展示或提到的某款商品的具体信息。
5630,黑色棉服试试,1,该用户希望主播试穿展示黑色款棉服的效果。
5631,有白色的吗,1,该用户想询问当前展示的商品是否有白色款可供选择。
5632,我是,0,"该用户可能是在询问主播的个人信息或商品尺码，想表达""我是什么身材/尺码适合穿这件""。"
5633,看看内里,1,该用户想表达的含义是：想了解商品内部细节或材质。
5634,有女款吗,1,该用户是在询问当前展示的商品是否有女性款式可供选择。
5635,外套啥时候上,1,该用户想询问主播外套这款商品的具体上架时间，表现出对购买外套的明确兴趣和期待。
5636,再来一波,1,该用户希望主播再次推出或重复展示刚才的商品或优惠活动。
5637,看看里面,1,该用户想表达的含义是：想查看商品内部细节或材质。
5638,是棉吗,1,该用户是在询问当前展示的商品材质是否为纯棉。
5639,上脚看一下吧,1,"该用户希望主播试穿展示当前推荐的鞋款效果。  （结合前文语境：弹幕中多次出现要求试穿/展示商品的指令（如""穿一下23号上衣""""黑色棉服试试""），且涉及具体商品细节询问（尺码、颜色、材质），可推断用户正在跟进商品展示环节，此时提出""上脚""属于典型购买意向行为——需要通过实物展示确认商品上身效果以辅助决策。）"
5640,羽绒,1,该用户可能是在询问或确认当前展示的商品是否为羽绒材质或是否有羽绒款式。
5641,看看里面,1,该用户希望主播展示商品内部构造或细节。
5642,棕色啥颜色,1,该用户想询问棕色款式的具体外观或实物效果。
5643,长款有活动么,1,该用户是在询问直播中展示的长款商品是否有促销优惠或折扣活动。
5644,想要内搭,1,该用户想表达的是对直播间某款服饰的内搭单品有购买意向，希望主播展示或介绍相关产品。
5645,上架,1,该用户是在催促主播尽快将当前讨论的商品上架销售。
5646,就是吊胃口,0,该用户可能在抱怨主播迟迟不展示或上架关键商品信息，让人着急想买却得不到满足。
5647,男款还是女款,1,该用户是想询问当前展示的商品是否有区分性别款式。
5648,能不能买鞋了,1,该用户急切询问当前是否开放购买鞋类商品，表现出明确的购买意向和行动意愿。
5649,什么材质,1,该用户想询问当前展示商品的制作材料是什么。
5650,哪里领卷,1,该用户想询问领取优惠券的具体途径，表现出对当前商品的购买意向并希望获得价格优惠。
5651,有吗,1,该用户可能在询问当前展示的商品是否有库存或特定款式可选。
5652,漫画脸,0,该用户可能是在询问主播展示的商品是否有类似漫画风格的图案或设计款式。
5653,里面有口袋吗,1,该用户想询问商品（可能是外套或上衣）是否设计有功能性口袋。
5654,你穿的这个裤子有吗,1,该用户是在询问主播身上展示的裤子是否有同款在售。
5655,这个我早都拍了,1,该用户想表达的含义是：我已经下单购买了这款商品。
5656,主播穿的几码,1,该用户想询问主播身上衣服的具体尺码信息，可能是在考虑自己是否适合购买同款。
5657,主播真好看,0,该用户可能是在轻松互动中表达对主播外貌的赞赏，但并未直接表现出对商品的购买兴趣。
5658,是正品吗,1,该用户可能是在确认商品的真伪和质量保障，表现出对产品真实性的顾虑和潜在的购买意向。
5659,主播好漂亮,0,该用户更多是在表达对主播外貌的赞赏而非明确的购物意向。
5660,我是来看主播的,0,该用户想表达的含义是：我对主播本人更感兴趣而非产品本身。
5661,看看衣服里面,1,该用户想表达的含义是：想了解服装的内衬设计或内部细节。
5662,圆领有没有,1,该用户是在询问当前展示的服装是否有圆领款式可供选择。
5663,身高187体重108公斤穿多大,1,该用户想询问主播自己身高187厘米、体重108公斤的体型适合穿哪个尺码的衣服。
5664,老爹鞋,1,该用户可能是在询问主播展示或提到的老爹鞋款式是否有货或相关购买信息。
5665,你们快递打包的有没阿迪专用手提袋,1,该用户是在询问商品发货时是否会附赠品牌专属的购物袋，以此判断商品的包装规格和品牌正品保障。
5666,身高178体重100斤多少码,1,该用户想询问以自己178厘米身高和100斤体重适合穿什么尺码的衣服或裤子。
5667,帽子,1,该用户可能是在询问主播展示的帽子款式或购买相关信息。
5668,裤子,1,该用户可能是在询问主播身上穿的裤子是否有货或具体款式信息。
5669,保价吗,1,该用户是在询问商品是否提供价格保护服务，担心短期内降价造成损失。
5670,可以买2双吗,1,该用户想表达的含义是：询问主播是否允许一次性购买两双商品。
5671,美女主播我要外套,1,该用户想表达的含义是：询问主播身上穿的外套是否在售并有意购买。
5672,冬天能穿吗,1,该用户是在询问这款商品是否适合冬季穿着或具备保暖功能。
5673,尺码看一下,1,该用户想询问主播展示商品的尺码信息以便判断是否适合自己购买。
5674,再问一遍180180多少码,1,该用户想确认主播之前提到的商品编号180180对应的具体尺码信息。
5675,没号了,1,该用户想表达的含义是：想要的商品尺码已经售罄了。
5676,你现在穿多大码,1,该用户是想询问主播身上所穿衣服的具体尺码以供自己参考购买。
5677,已拍,1,该用户想表达的含义是：我已经下单购买了商品。
5678,主播什么码,1,该用户想询问主播所穿衣服的具体尺码信息。
5679,今天有465码的吗,1,该用户是在询问当前直播的商品是否有适合自己尺码（465码）的库存。
5680,尺码看下,1,该用户想询问商品的具体尺码信息以便选择合适的号码购买。
5681,扯犊子,0,该用户可能是在表达对主播回答的质疑或不耐烦，认为对方在胡扯或敷衍。
5682,主播穿多大,1,该用户是在询问主播所穿服装的尺码作为自己购买的参考。
5683,己拍,1,该用户想表达的是自己已经下单购买了商品。
5684,看来看去还是这个主播好看有气质,0,该用户主要是在夸赞主播的外貌和气质，以此表达对直播内容的认可和好感，但并未直接表现出明确的购买意向。
5685,店铺里的羽绒服上车吗,1,该用户是在询问直播间是否会推出店铺里某款羽绒服的优惠购买活动。
5686,主播穿的啥码,1,该用户是想询问主播身上所穿衣服的具体尺码以便作为自己购买的参考。
5687,裤子看看,1,该用户想表达的含义是：希望主播展示或详细介绍裤子的款式和细节。
5688,贝壳头有么,1,该用户是在询问直播间是否有售卖“贝壳头”款式的商品。
5689,多久发货,1,该用户想确认商品的发货时效以便决定是否下单。
5690,加绒卫衣多来点,1,该用户希望直播间能多上架一些加绒款式的卫衣供选择。
5691,你身上这个衣服有货吗,1,该用户是在询问主播身上所穿的同款服装是否还有库存可供购买。
5692,主播穿多大,1,该用户是想询问主播身上所穿衣服的具体尺码信息，以便作为自己选购的参考。
5693,有马甲没有,1,该用户是在询问直播间是否有马甲款式在售。
5694,暖和不,1,该用户可能在询问主播展示的衣物是否具备良好的保暖性能。
5695,已拍,1,该用户想表达的含义是：我已经下单购买了商品。
5696,身高177体重185斤穿什么码,1,该用户是在询问主播根据他的身高体重推荐合适的服装尺码。
5697,哈哈哈,0,该用户可能是在轻松的氛围中被主播的幽默或互动逗乐，表达愉悦情绪而非直接购买意向。
5698,是棉服吗,1,该用户想询问主播展示的服装是否为棉质面料制成的外套。
5699,主播穿的多少码,1,该用户想询问主播身上所穿服装的具体尺码信息，以便参考购买。
5700,确实离谱,0,该用户可能是在吐槽直播间的商品价格或促销活动过于夸张不合理。
5701,绿颜色两面穿的棉服还有吗,1,该用户想表达的含义是：询问主播绿色款双面穿棉服是否还有库存可供购买。
5702,有冬季跑步鞋吗,1,该用户是在询问直播间是否有适合冬季穿着的跑步鞋款式可供购买。
5703,已拍,1,该用户想表达的含义是：我已经下单购买了这件商品。
5704,卫衣,1,该用户可能在询问主播展示的卫衣款式是否有货或想了解更多关于卫衣的细节信息。
5705,怎么点灯,0,该用户可能是在询问如何参与直播间内的互动活动或购买流程，比如如何点亮灯牌或加入粉丝团。
5706,有三叶草的牌子吗,1,该用户是在询问直播间是否有售卖阿迪达斯品牌（三叶草）的商品。
5707,主播好有没有裤子,1,该用户想询问主播是否有裤子类商品在售。
5708,没抢到,1,该用户想表达的是对某款商品因抢购失败而感到遗憾。
5709,没卫衣吗,1,该用户是在询问直播间是否还有卫衣款式的商品可供购买。
5710,新主播,0,该用户可能是在询问或注意到主播是新来的，表达了对主播身份的好奇或关注。
5711,利索点,0,该用户可能是在催促主播加快节奏或直接展示商品信息。
5712,抖音刚进来时宣传那个外套是几号啊,1,该用户想询问直播间开场时宣传的外套对应的商品编号或链接位置。
5713,身上什么码,1,该用户是在询问主播身上穿的衣服尺码作为自己购买的参考。
5714,身上的这个衣服有货吗,1,该用户想询问主播身上展示的同款服装是否有库存可供购买。
5715,主播穿的多大码,1,该用户想询问主播身上所穿衣服的具体尺码信息，以便参考购买。
5716,还要,1,该用户想表达的含义是：希望主播继续补货或上架更多商品。
5717,黑色有吗,1,该用户想询问主播展示的商品是否有黑色款可供选择。
5718,长裤羽绒服有吗,1,该用户是在询问直播间是否有长款羽绒服在售。
5719,主播身上的袄多少钱,1,该用户想询问主播所穿外套的具体价格信息，表现出明确的购买意向。
5720,几点讲8号,1,该用户想询问直播中介绍8号商品的具体时间安排。
5721,已拍,1,该用户想表达的含义是：我已经下单购买了商品。
5722,女款羽绒服有吗白色的,1,该用户想表达的含义是：询问直播间是否有白色款的女式羽绒服可供购买。
5723,已拍加急,1,该用户想表达的含义是：我已经下单并选择了加急配送服务。
5724,内里看看,1,该用户想表达的含义是：想看看衣服的内衬细节或内部材质。
5725,主播穿L宽松吗,1,该用户是在询问主播身上所穿衣服的尺码是否适合L码且版型宽松。
5726,你穿的衣服在几号链接,1,该用户想询问主播身上所穿服装对应的商品购买链接编号。
5727,我不问尺码问什么,1,该用户想表达的含义是：询问尺码是最基本的购买需求，我关注的重点就是商品的具体尺寸信息。
5728,发什么快递,1,该用户想询问商品发货时使用的快递公司是哪家。
5729,平时穿39码应该拍几码,1,该用户想询问主播自己平时穿39码的鞋子，在该直播间应该选择哪个尺码购买更合适。
5730,没拍到,1,该用户想表达的含义是：刚才的商品没抢到/没来得及下单。
5731,拍好了,1,该用户想表达的含义是：我已经下单购买了商品。
5732,外套的款号是GD5503在几号,1,该用户想询问主播展示的外套款式GD5503对应的商品链接编号或上架顺序。
5733,还有货吗,1,该用户是在询问主播展示的商品当前是否有库存可供购买。
5734,主播穿多大,1,该用户想询问主播身上所穿服装的具体尺码作为购买参考。
5735,衣服加绒吗,1,该用户想询问服装的材质细节，以确认产品是否适合当前季节穿着需求。
5736,身高161体重135穿多大,1,该用户想询问适合自己身高161厘米、体重135斤的服装尺码。
5737,贝壳鞋今天有活动吗,1,该用户想询问贝壳鞋是否参与当天的促销活动，以判断是否有优惠购买的机会。
5738,几号,1,该用户想询问主播当前展示的商品对应的商品链接编号。
5739,主播穿的是什么码,1,该用户想询问主播身上所穿衣服的具体尺码作为自己的购买参考。
5740,买了,1,该用户想表达的含义是：我已经下单购买了商品。
5741,己拍加急,1,该用户想表达的含义是：我已经下单并选择了加急配送服务。
5742,裤子,1,该用户可能是在询问主播当前展示或提到的裤子款式是否有货或具体信息。
5743,没有了,1,该用户想表达的含义是：商品已经售罄了。
5744,没抢到,1,该用户想表达的是对未能成功购买到商品的遗憾。
5745,主播把秋裤穿上去,1,该用户希望主播展示秋裤的实际穿着效果以便判断是否购买。
5746,衣服好看,1,该用户可能是在赞赏主播展示的服装款式，暗示自己也有购买意向。
5747,羽绒服还讲嘛,1,该用户是在询问主播接下来是否会继续介绍羽绒服的相关信息，表现出对这款商品的关注和潜在的购买意向。
5748,好便宜,1,该用户想表达的含义是：这件商品的价格很实惠，让人有购买的冲动。
5749,已拍,1,该用户想表达的含义是：我已经下单购买了这件商品。
5750,码数报一下,1,该用户想询问主播身上所穿衣服的具体尺码信息。
5751,主播裤子,1,该用户可能是在询问主播身上穿的裤子的款式或购买信息。
5752,有没有男士加绒运动裤,1,该用户是在询问直播间是否有适合男性穿着的保暖运动裤款式。
5753,视频里的棒球服呢链接是那个,1,该用户是在询问直播视频中展示的棒球服商品购买链接的具体位置。
5754,保正品嘛,1,该用户是在询问商品是否为官方正品以确保购买的安全性。
5755,背面看看,1,该用户想表达的是希望主播展示商品的背面细节。
5756,这个多少钱,1,该用户想询问当前展示商品的售价信息以评估是否购买。
5757,爱达斯是啥,0,该用户想询问直播中提到的“爱达斯”是什么产品或品牌。
5758,看看尺码,1,该用户想了解主播展示商品的详细尺码信息以便判断是否适合自己购买。
5759,拉满看看,1,该用户想表达的含义是：让主播全方位展示商品细节以便决定是否购买。
5760,来点袜子,1,该用户想表达的含义是：询问主播是否可以介绍或推荐袜子产品。
5761,已拍加紧,1,该用户想表达自己已经下单并希望商家尽快发货。
5762,想要黑色,1,该用户想表达的是对直播中某款黑色商品的购买意向。
5763,杭州英飞特公园,0,该用户可能在询问直播中提到的杭州英飞特公园相关产品或活动信息。
5764,有别的颜色吗,1,该用户是在询问当前展示的商品是否有其他可选颜色，表现出对产品的兴趣和进一步了解的意愿。
5765,买两件价格有折扣,1,该用户是在询问购买多件商品是否能享受优惠价格。
5766,这个有白色吗,1,该用户想询问商品是否有白色款可供选择。
5767,冬季介绍一下,1,该用户想表达的含义是：希望主播详细讲解冬季相关商品的款式或功能。
5768,九号链接,1,该用户想询问主播关于九号商品链接的具体信息或购买方式。
5769,这是冬款么,1,该用户想询问当前展示的商品是否为适合冬季穿着的款式。
5770,看看10号,1,该用户想表达的含义是：让主播展示或介绍10号商品链接的内容。
5771,刚来,0,该用户想表达的含义是：我刚进入直播间，对当前展示的商品还不了解。
5772,腿好看,0,该用户可能是在夸赞主播或模特的身材，暗示对展示的商品（如下装或鞋袜）产生兴趣。
5773,早关注了,0,该用户想表达的含义是：我早就已经是这个直播间的粉丝了。
5774,要主播穿的外套,1,该用户想表达对主播同款外套的购买意向，希望了解商品详情或获取购买链接。
5775,什么钱都赚,0,该用户可能是在讽刺商家定价过高或产品性价比低，认为连这种普通商品都要高价售卖，暗示对直播间的营销策略感到不满。
5776,衣服多钱,1,该用户是在询问当前展示服装的具体价格，表达了对商品的购买意向和价格敏感度。
5777,黑色有没有,1,该用户是在询问商品是否有黑色款可供选择。
5778,身高177体重130斤,1,该用户想表达的含义是：询问适合自己身材尺寸的服装款式或尺码建议。
5779,能理我一下吗,0,该用户希望主播能注意到自己的提问或需求，可能是想进一步了解商品信息或寻求购买建议。
5780,裤子,1,该用户可能在询问或关注当前展示的裤子款式或相关信息。
5781,羽绒服尺码表可以再看一下嘛,1,该用户对羽绒服的具体尺码信息有进一步了解的需求，可能正在考虑购买但需要确认尺寸适配性。
5782,呢男款鸭绒面包羽绒服上不上车,1,该用户是在询问男款羽绒服是否参与当前的促销活动或能否购买。
5783,上点套装,1,该用户希望主播推荐或展示更多搭配好的服装组合款式。
5784,绿色衣服看看,1,该用户想表达的含义是：希望主播展示一下绿色款式的衣服。
5785,新主播漂亮啊,0,该用户更多是在表达对主播外貌的赞赏而非明确的购物意向。
5786,已抢到什么时候发货,1,该用户想确认自己成功抢购的商品预计何时能发出。
5787,没有大码,1,该用户想表达的含义是：询问当前展示的服装是否有更大尺码可选。
5788,挺好看这,1,该用户想表达的含义是：对当前展示的商品款式表示欣赏和认可。
5789,可以,1,该用户可能是在简短回应主播关于某件商品是否合适的询问，表达认可或同意购买的意思。
5790,正品吗,1,该用户对商品的真伪存在疑虑，想确认产品的正品保障情况。
5791,主播pian人,0,该用户可能在质疑主播对产品描述的真实性，认为存在夸大或虚假宣传的情况。
5792,有没有羽绒马甲,1,该用户是在询问直播间是否售卖羽绒马甲这一商品，表现出对特定款式的购买兴趣。
5793,内里是什么,1,该用户可能在询问商品内部材质或结构细节。
5794,粉转路了没劲,0,该用户对直播内容感到失望，决定不再支持主播或产品。
5795,是羽绒服吗,1,该用户可能是在确认当前展示的商品是否为羽绒服款式，表现出对羽绒服类产品的具体关注和潜在购买意向。
5796,K安排不了,0,该用户想表达的含义是：库存或尺码不足导致无法购买想要的商品。
5797,抢了加急,1,该用户想表达的含义是：我已经下单并选择了加急发货服务。
5798,主播什么尺码,1,该用户想询问主播展示的服装款式适合自己身材的具体尺码信息。
5799,裤子好看,1,该用户被直播中展示的裤子款式吸引，产生了积极的购买意向。
5800,是女款吗,1,该用户想确认当前展示的商品是否为女性款式。
5801,看看后面,1,该用户可能是在催促主播展示后续要介绍的商品款式或品类。
5802,没有XL嘛,1,该用户是在询问商品是否有加大码的尺码可供选择。
5803,去哪里了,0,该用户可能在询问主播刚才展示的商品链接或购买入口的位置。
5804,几号链接,1,该用户想询问主播当前介绍的商品对应的是购物车中的哪个商品链接。
5805,里面有绒吗,1,该用户是在询问商品内层是否带有保暖绒毛材质。
5806,男款鞋子还有其它款吗,1,该用户想表达的含义是：询问主播是否还有更多男款鞋子的可选款式。
5807,底子软吗,1,该用户可能是在询问鞋底材质的柔软度，想确认产品的舒适性。
5808,裤子好看,1,该用户可能是在看到主播展示裤子后被款式吸引，暗示对这条裤子有购买意向或希望了解更多细节。
5809,上架,1,该用户想催促主播尽快将提到的商品上架购买链接。
5810,这个买正常码还是买大半码,1,该用户想咨询商品尺码选择建议，不确定该按常规尺码购买还是选择稍大一号的尺寸。
5811,裤子,1,该用户可能在询问或表达对直播中展示的某款裤子的兴趣，比如想了解详情或表示认可其款式。
5812,可以站起来看一下衣服吗,1,该用户希望主播展示衣服的全身效果以便更好地评估款式和版型。
5813,再见,0,该用户可能因未得到有效回应或对商品失去兴趣而决定退出直播间。
5814,你穿什么码,1,该用户是在询问主播所展示服装的尺码参考，以便判断自己适合购买的尺寸。
5815,主播穿的什么吗,1,该用户想询问主播身上穿的衣服款式或品牌信息。
5816,劵在哪,1,该用户想询问直播间发放的优惠券如何领取或在哪里能找到。
5817,这件加绒吗,1,该用户是在询问商品是否具备加绒的保暖设计。
5818,白色试一下,1,该用户想表达的含义是：让主播试穿一下白色的款式看看效果。
5819,有没别的跑鞋,1,该用户是在询问主播是否还有更多款式的跑鞋可供选择。
5820,快点,1,该用户想催促主播加快节奏或尽快展示/上架当前讨论的商品。
5821,姐姐处朋友吗,0,该用户可能是在以调侃或搭讪的方式表达对主播的关注，而非实际的购买意向。
5822,安安我爱你,0,该用户可能是在以轻松调侃的方式表达对主播的喜爱或互动热情，而非直接传达购买意向。
5823,尺码,1,该用户可能是在询问主播所展示商品的尺码选择建议或具体尺寸信息。
5824,冬天可以传吗,1,该用户想询问这件商品是否适合在冬季穿着。
5825,去哪里了,0,该用户可能在询问主播刚才展示的商品或链接为何突然消失，或是想知道某个提到的购买渠道的具体位置。
5826,羽绒,1,该用户可能在询问主播展示的羽绒服相关细节，比如材质、厚度或适用季节。
5827,到了,0,该用户想表达的含义是：询问商品是否已经上架或开始售卖。
5828,棉服吗,1,该用户可能是想确认主播展示的衣服是否为棉服材质。
5829,双11也是这个价,1,该用户想表达的含义是：当前的价格和双11促销时的价格一样优惠。
5830,没发我,0,该用户可能在催促主播发放优惠券或询问为何自己没有收到活动福利。
5831,拍到,1,该用户想表达的含义是：询问自己是否成功抢购到了商品。  （结合前文弹幕中频繁出现的商品细节询问、催促节奏以及价格讨论，用户可能在参与限时抢购或秒杀活动，用“拍到”确认是否下单成功。）
5832,身上衣服几号,1,该用户想询问主播身上所穿衣服的商品编号或货号以便购买。
5833,是羽绒的吗,1,该用户想询问当前展示的商品是否为羽绒材质。
5834,拍了加急,1,该用户想表达的含义是：我已经下单并选择了加急配送服务。
5835,你身上衣服,1,该用户想询问主播身上所穿衣服的商品信息（如款式、链接或材质等）。
5836,我买的189那一件没有用到会员的券,1,该用户想表达的含义是：自己在购买189元的商品时未能成功使用会员优惠券，感到不满或困惑。
5837,主播穿的是多大的,1,该用户想询问主播身上所穿衣服的具体尺码信息。
5838,早上好美女主播,0,该用户可能是出于礼貌打招呼，试图引起主播注意以获取互动或产品信息。
5839,棉服,1,该用户可能是在询问主播展示的棉服商品详情或表达对棉服款式的兴趣。
5840,有没有其他款,1,该用户想表达的含义是：询问主播是否还有同类型或相似款式的商品可供选择。
5841,有没有羽绒服讲解,1,该用户想询问主播是否会详细介绍羽绒服的相关信息，比如款式、材质或价格等。
5842,三叶草夹克上架,1,该用户是在询问主播提到的三叶草夹克是否已经可以购买。
5843,看看里面,1,该用户想表达的含义是：想进一步了解商品内部细节或材质。
5844,超过99不要,1,该用户想表达的含义是：如果价格超过99元我就不打算购买了。
5845,有秋冬穿的鞋子吗,1,该用户是在询问直播间是否有适合秋冬季节穿着的鞋款可供选购。
5846,什么材质,1,该用户想询问主播展示的商品具体采用哪种面料或制作材料。
5847,发什么快递,1,该用户想确认商品的物流配送方式以便决定是否下单。
5848,太妃糖,1,该用户可能是在询问主播展示或提到的太妃糖产品信息，比如价格、口味或购买方式。
5849,你们喜欢主播美女快点下单,0,该用户是在呼吁其他观众支持主播，通过下单购买来表达对主播的喜爱。
5850,你穿的裤子有链接吗,1,该用户对主播展示的裤子产生了购买意向，想获取商品链接以便下单。
5851,里面看一下的,1,该用户想表达的含义是：想看看主播展示衣服的内衬或内部细节。
5852,裤子,1,该用户可能是在询问主播身上穿的裤子是否有购买链接或具体商品信息。
5853,直播穿多大,1,该用户是想询问主播身上展示的服装的具体尺码信息。
5854,主播穿的是多大,1,该用户想询问主播所穿衣服的具体尺码信息，以便参考购买。
5855,看衣服,1,该用户想表达的含义是：想看看主播展示衣服的款式或细节。
5856,可有优惠券领取,1,该用户是在询问直播间是否有额外的折扣活动可用。
5857,已拍,1,该用户想表达的含义是：我已经下单购买了（主播推荐的商品）。
5858,姐姐身上几号链接,1,该用户想询问主播身上所穿服装对应的商品购买链接。
5859,去哪里了,0,该用户可能在询问主播刚才展示或提到的某件商品的具体购买链接或位置。
5860,主播身上穿的多大的,1,该用户想询问主播所穿衣服的具体尺码信息，以便参考购买。
5861,直播身上外套有吗,1,该用户是在询问主播身上穿的外套是否有同款在售。
5862,直播46都没有,1,该用户想表达的含义是：直播中展示的外套价格46元都没有（暗示价格偏高或不符合预期）。
5863,跑步鞋女,1,该用户可能在询问直播间是否有适合女性穿着的跑步鞋款式。
5864,短款羽绒服有吗,1,该用户是在询问直播间是否有主播同款或类似款式的短款羽绒服可供购买。
5865,有袜子没有,1,该用户是在询问直播间是否有袜子在售。
5866,最大能穿多少斤,1,该用户想询问主播所展示的服装最大可适配的体重范围。
5867,已拍,1,该用户想表达的含义是：我已经下单购买了商品。
5868,看一下整体,1,该用户想表达的含义是：想了解主播展示的服装或其他商品的整体效果或搭配。
5869,尺码看一下,1,该用户想询问主播展示商品的尺码信息以便确认是否适合自己购买。
5870,团结,0,该用户可能在呼吁直播间观众共同参与某项互动或支持主播的促销活动。
5871,我没拍到,1,该用户想表达的含义是：没抢到刚才直播中展示的商品。
5872,主播的裤子,1,该用户想询问主播所穿裤子的具体款式或购买链接。
5873,我问哪里发货,1,该用户想询问商品的发货地点以评估物流时效或售后便利性。
5874,西藏那曲发吗,1,该用户是在询问商品是否支持发往西藏那曲地区。
5875,辣鸡阿迪,0,该用户想表达的含义是：对阿迪达斯品牌的产品质量或服务感到不满。
5876,男款还是女款,1,该用户是在询问主播展示的商品是否有性别区分，想确认适合男性还是女性穿着。
5877,包包,1,该用户可能是在询问主播展示的包包是否有售卖链接或想了解包包的款式细节。
5878,怎么都是男款鞋子多些,1,该用户可能在表达对直播间商品性别款式不平衡的不满，暗示希望看到更多女款鞋子的选择。
5879,主播穿的外套在哪里,1,该用户是在询问主播所穿外套的购买链接或商品信息。
5880,羽绒服,1,该用户可能在询问直播间是否有羽绒服在售，或是想了解主播展示的羽绒服款式信息。
5881,男生适合吗,1,该用户是在询问当前展示的商品是否适合男性使用或穿着。
5882,程程我爱你,0,该用户可能是在表达对主播的喜爱和支持，希望通过互动引起主播注意以便进一步了解商品信息。
5883,已拍,1,该用户想表达的含义是：我已经下单购买了商品。
5884,有长款羽绒服吗,1,该用户是在询问直播间是否售卖长款羽绒服，表现出对特定款式商品的购买兴趣和需求。
5885,里面什么样,1,该用户想了解产品的内部构造或细节展示。
5886,没辫子好看,1,该用户想表达的含义是：觉得没有辫子的造型更好看。
5887,什么时候上老爹鞋,1,该用户想询问主播何时会推出或展示他们感兴趣的老爹鞋款式。
5888,有女鞋吗,1,该用户是在询问直播间是否有女性鞋款的商品可供选购。
5889,上点黑色的呗,1,该用户希望主播展示或推荐黑色款式的商品。
5890,上点1111爆款,1,该用户希望主播尽快推出双十一热销商品进行展示或售卖。
5891,看看袖子,1,该用户想表达的含义是：想了解主播展示的服装袖子的细节或设计。
5892,衣服还有其他码吗,1,该用户想表达的含义是：询问主播展示的服装是否有更多尺码可供选择。
5893,暗蓝是什么颜色,1,该用户可能是在询问主播展示的某件商品（如外套或羽绒服）的具体颜色细节，以确认是否符合自己的审美或需求。
5894,断码了,1,该用户想表达的含义是：询问商品是否已经缺货或没有合适的尺码可选。
5895,衣服几号,1,该用户想询问主播展示的服装具体有哪些尺码可供选择。
5896,没抢到,1,该用户想表达的含义是：对某款商品有兴趣但未能成功下单购买。
5897,有帽子吗,1,该用户是在询问直播间是否有帽子类商品在售。
5898,给力啊,1,该用户想表达的含义是：对当前直播内容或优惠活动感到兴奋和满意。
5899,看看后面,1,该用户想表达的含义是：希望主播尽快展示后续将要介绍的商品款式或品类。
5900,加绒吗,1,该用户是在询问商品是否带有加绒内衬或保暖层。
5901,有没有加绒卫裤,1,该用户是在询问直播间是否有加绒款的卫裤可供购买。
5902,看看后面,1,该用户想表达的含义是：希望主播展示商品背面或其他未展示的细节部分。
5903,尺码表看一下,1,该用户想表达的含义是：希望主播展示商品的尺码参考信息以便确认是否适合自己购买。
5904,卡吗咋拍,1,该用户可能是在询问直播画面是否卡顿以及如何参与购买。
5905,已拍,1,该用户想表达的含义是：我已经下单购买了这件商品。
5906,视频上的灰裤子怎么没有,1,该用户想表达的含义是：直播中展示的灰色裤子为何没有在商品链接中找到。
5907,能不能讲一下外套,1,该用户想表达的含义是：希望主播详细介绍当前展示的外套款式或功能。
5908,平时穿35码的拍36吗,1,该用户是在询问自己平时穿35码的鞋子，是否应该选择拍下36码的款式。
5909,美女都是双下巴的吗,0,该用户可能是在调侃主播或产品展示效果，暗示镜头角度或服装设计导致视觉上的双下巴效果，侧面表达对产品展示细节的关注。
5910,已拍,1,该用户想表达的含义是：我已经下单购买了这件商品。
5911,没有黑色的吗,1,该用户是在询问商品是否有黑色款可供选择。
5912,看看5号链接,1,该用户想表达的含义是：我想详细了解5号商品的信息或购买链接。
5913,没有了,1,该用户想表达的含义是：想要的商品已经售罄或缺货了。
5914,主播的裤子有吗,1,该用户是在询问主播身上穿的裤子是否在售，并希望了解购买链接或详情。
5915,上个脚吧,1,该用户想表达的含义是：请主播展示一下脚上穿的鞋子或袜子。
5916,已拍,1,该用户想表达的含义是：我已经下单购买了商品。
5917,多少充棉量,1,该用户想询问商品内部填充棉的重量或厚度，以评估其保暖性和质量。
5918,没了,1,该用户想表达的含义是：刚才提到的商品已经卖完了。
5919,看下绒,1,该用户想表达的含义是：想了解当前展示的商品是否有加绒款式。
5920,模特穿的多大,1,该用户是在询问模特身上展示的服装尺码，以此作为自己选购的参考。
5921,充绒量多少,1,该用户是在询问羽绒服填充物的具体含量，以评估商品的保暖性能和性价比。
5922,主播身上这件多少,1,该用户想询问主播所穿衣服的价格信息。
5923,要要,1,该用户想表达的含义是：我想要购买这款商品。  （结合前文弹幕中频繁出现的购买意向表达，如“已拍”“怎么拍”“多少充棉量”等，可以合理推测“要要”是用户急切表达购买意愿的简化表述，类似“买买”或“下单”的催促语气。）
5924,码数看下,1,该用户想询问主播展示商品的尺码详情以便确认是否适合自己购买。
5925,九块九,1,该用户可能是在询问或确认某款商品的促销价格是否为9.9元。
5926,衣服,1,该用户可能是想询问主播身上展示的衣服信息或购买链接。
5927,这是什么牌子,1,该用户想询问主播正在展示的商品的品牌名称。
5928,想要白色,1,该用户想表达的是对直播中展示的白色商品的购买意向。
5929,多少钱,1,该用户是在询问主播当前展示商品的具体价格。
5930,厚吗,1,该用户是在询问商品的厚度或保暖程度。
5931,多久发货,1,该用户想确认商品的发货时效以便决定是否下单。
5932,你好美女,0,该用户可能是在用打招呼的方式引起主播注意，以便进一步询问商品信息或互动。
5933,可以试一下白色的吗,1,该用户希望主播展示白色款式的商品效果。
5934,看看后面,1,该用户想表达的含义是：希望主播继续展示后续的商品款式或内容。
5935,已拍加急,1,该用户想表达的是自己已经下单并选择了加急配送服务。
5936,已拍,1,该用户想表达的含义是：我已经下单购买了这件商品。
5937,已拍,1,该用户想表达的含义是：我已经下单购买了这件商品。
5938,点了,1,该用户想表达的含义是：已经点击购买了商品。
5939,这个直播间开多久了,0,该用户可能是在考虑直播间的剩余时间，以决定是否继续观看或抓紧时间下单。
5940,主播有个人号吗,0,该用户想进一步了解主播的个人联系方式以便后续购买或关注更多商品信息。
5941,裤子,1,该用户可能是在询问主播展示的裤子相关信息，比如款式、价格或材质。
5942,保真吗,1,该用户是在询问商品是否为真品或正品，对产品的真实性存在疑虑。
5943,开价,1,该用户想询问主播对当前展示商品的报价或具体售价。
5944,尺码怎么选,1,该用户想询问如何根据自身情况选择合适的商品尺码。
5945,罗圈腿适合穿吗,1,该用户是在询问这款服装是否适合腿型不直的人穿着。
5946,四号链接16396斤,1,该用户想表达的含义是：我想购买四号链接的商品，数量是16396斤。
5947,要鞋子,1,该用户想表达的含义是：我想购买这双鞋子。
5948,是哪天都一样,0,该用户想表达的含义是：无论哪天购买都没有区别，对产品本身更感兴趣而非促销时间。
5949,主播穿的什么码,1,该用户想询问主播身上所穿服装的具体尺码，可能是为了参考选择适合自己的尺寸。
5950,男士穿什么颜色,1,该用户可能在询问主播推荐的适合男性穿着的服装颜色款式。
5951,有夜行者男鞋么,1,该用户是在询问直播间是否有售卖特定款式的男鞋（夜行者系列）。
5952,试下50号长款,1,该用户想表达的含义是：让主播试穿展示50号长款商品的效果。  （结合前文弹幕中频繁出现的试穿请求、尺码询问和购买动作，可推断用户希望通过直观展示确认商品是否适合自己。）
5953,主播穿多大码,1,该用户想询问主播所展示服装的具体尺码信息，以便参考选择适合自己的尺寸。
5954,这个男生的还是女生,1,该用户可能在询问主播展示的商品是否有区分男女款式或适合的性别。
5955,跟高多少,1,该用户想询问主播的身高与所展示服装尺码的适配关系。
5956,几号链接,1,该用户想询问主播当前介绍的商品对应的购物链接编号以便下单。
5957,长款羽绒服来咯,1,该用户可能在催促主播展示或介绍长款羽绒服，表达对这款商品的关注和购买意向。
5958,晚上好,0,该用户可能在礼貌性地打招呼，同时暗示自己刚进入直播间并准备参与互动或询问商品信息。
5959,穿到零下多少度,1,该用户想询问这款服装的保暖性能，具体想知道它能抵御的最低温度是多少。
5960,主播穿多大,1,该用户是想询问主播身上所穿服装的具体尺码作为自己的购买参考。
5961,有运费险吗,1,该用户是在确认退货保障政策，以此评估购买风险。
5962,补货,1,该用户希望主播尽快重新上架已售罄的商品。
5963,正品,1,该用户可能是在确认商品是否为官方正品，表达了对产品质量的关心和购买前的疑虑。
5964,主播裤子,1,该用户想询问主播所穿裤子的款式或购买链接。
5965,衣服偏大还是偏小,1,该用户想询问服装尺码的实际情况是否与标准尺码有偏差，以便判断自己适合的尺寸。
5966,你们这个鞋的款式不多呀多加点新款鞋呀,1,该用户是在委婉表达对当前商品款式不够丰富的失望，并希望商家能推出更多新鞋款以满足选购需求。
5967,想哭,0,该用户可能因商品款式或库存不足而感到失望，表达了一种遗憾或无奈的情绪。
5968,没有女码啊,1,该用户想表达的含义是：商品缺少女性尺码的选择。
5969,怎么这么卡,0,该用户可能因直播画面卡顿影响了观看体验，感到不满或焦急，希望主播或平台能解决技术问题以保证流畅观看。
5970,没拍到,1,该用户想表达的含义是：没抢到刚才直播中提到的商品。
5971,没抢到,1,该用户因未能成功购买到心仪商品而感到遗憾。
5972,正货么,1,该用户是在询问商品是否为官方正品，对产品的真伪和质量存在疑虑。
5973,主播你好,0,该用户可能是想礼貌地引起主播注意以便进一步咨询商品信息。
5974,这个主播真的棒,0,该用户想表达的含义是：对主播的表现感到满意并给予赞赏。
5975,里面加绒吗,1,该用户想询问商品内层是否有绒毛材质以确认保暖性能。
5976,安安有私人抖音吗,0,该用户可能是对主播个人感兴趣，想通过其他社交平台进一步关注或了解主播。
5977,有黑色吗,1,该用户想询问商品是否有黑色款式可供选择。
5978,乔美人,0,该用户可能是想通过昵称“乔美人”来亲切地称呼主播，表达对主播的喜爱或关注。
5979,没抢到,1,该用户因未能成功购买到心仪商品而感到遗憾。
5980,棉鞋吗,1,该用户是在询问直播中展示的商品是否为棉鞋材质。
5981,已拍,1,该用户想表达的含义是：我已经下单购买了这款商品。
5982,值得推荐,1,该用户认为直播间的商品或主播表现不错，愿意向他人推荐。
5983,主播穿上两个色看看,1,该用户希望主播试穿同一款式的两种不同颜色进行展示，以便更直观地对比效果。
5984,卡吗,0,该用户是在询问直播画面是否出现卡顿现象。
5985,夜黑,0,该用户可能在询问商品是否有黑色款式或颜色可选。
5986,今天发视频的长款羽绒服是哪款链接是袖子上有黄标的那个,1,该用户想询问直播间里今天展示的那件袖口带有黄色标志的长款羽绒服的商品链接。
5987,帽子可拆,1,该用户可能是在询问或确认商品（如衣服或外套）的帽子部分是否可以拆卸。
5988,能看看11号链接吗,1,该用户想表达的含义是：对11号链接的商品感兴趣，希望主播展示详细细节以便进一步了解。
5989,白色,1,该用户想询问商品是否有白色款可选。
5990,加急,1,该用户想表达的含义是：催促主播加快节奏或优先处理自己关心的商品信息。
5991,有女款黑色板鞋吗,1,该用户是在询问直播间是否有女性款式的黑色休闲鞋可供购买。
5992,已拍,1,该用户想表达的是自己已经下单购买了商品。
5993,能不能买单只鞋,1,该用户可能是在询问商品是否可以拆开单独购买一只鞋，而非必须成对购买。
5994,有没有袜子,1,该用户可能在询问直播间是否有袜子类商品在售。
5995,加绒加厚成套的有吗,1,该用户是在询问直播间是否有保暖厚实的成套服装款式可供购买。
5996,已拍,1,该用户想表达的含义是：我已经下单购买了商品。
5997,加单S码,1,该用户想表达的是：我想再追加购买一件S码的商品。
5998,主播穿的多大,1,该用户想询问主播身上所穿衣服的具体尺码信息，以便参考购买。
5999,多钱,1,该用户想询问当前展示商品的价格。
6000,主播身上是几号,1,该用户想询问主播所穿衣服的商品编号以便购买。
6001,小码,1,该用户想询问主播展示的商品是否有小尺码的库存或选择。
6002,有女款马夹吗,1,该用户是在询问直播间是否有女性款式的马甲商品可供购买。
6003,有没有运费险,1,该用户是在询问商品是否附带退货运费保障服务，以降低购买后的潜在退货成本。
6004,已拍黑色加急,1,该用户想表达自己已经下单购买了黑色商品并选择了加急配送服务。
6005,这是布鞋还是皮面的,1,该用户想询问商品的鞋面材质以判断是否符合自己的购买需求。
6006,鞋子重不重,1,该用户是在询问鞋子的重量是否轻便，以此判断是否适合购买或穿着舒适度。
6007,多高多高多高,1,该用户可能在询问主播所展示商品的具体高度尺寸。
6008,颜色,1,该用户想询问主播展示商品的具体颜色选项。
6009,人工,0,该用户可能是想联系客服咨询商品详情或确认订单信息。
6010,又来看美女了看别的主播咳嗽,0,该用户是在调侃自己表面上是来看主播的颜值，实则对商品也有兴趣，暗示自己可能会下单购买。
6011,已拍白色,1,该用户想表达的含义是：我已经下单购买了白色的商品。
6012,我要买椰子,1,该用户明确表达了想要购买直播中展示的椰子产品的意愿。
6013,冬天穿会冷吗,1,该用户是在询问产品的保暖性能是否适合冬季穿着。
6014,码数偏大还是,1,该用户是在询问商品的尺码是否比标准尺寸偏大，以便确认自己是否需要调整选购的尺码。
6015,没有了,1,该用户想表达的含义是：想要的商品已经卖完了。
6016,来看美眉的,0,该用户主要是出于娱乐目的观看直播，对主播本人的兴趣大于对商品的购买意向。
6017,没抢到,1,该用户因商品库存不足或手速慢而未能成功下单，表达了对心仪商品的遗憾和购买意愿。
6018,小姐姐介绍一下18号,1,该用户想询问主播详细介绍商品编号为18号的款式信息。
6019,加绒了吗,1,该用户想询问商品是否带有保暖内衬设计。
6020,灰色的还有么,1,该用户想询问灰色款商品是否仍有库存可供购买。
6021,没有抢到,1,该用户想表达的是对未能成功购买到心仪商品的遗憾和失望。
6022,看看主播穿的,1,该用户想表达的含义是：想了解主播身上穿的同款商品信息。
6023,有没主播身上的颜色,1,该用户想询问主播身上穿的同款商品是否有相同颜色可供购买。
6024,里面有绒吗,1,该用户是在询问商品内层是否有保暖绒毛材质。
6025,卫衣加绒吗,1,该用户想询问卫衣是否具备保暖内衬以便在寒冷天气穿着。
6026,鞋子尺码准吗,1,该用户想确认鞋子的尺码是否标准，以便决定是否购买。
6027,男主播可以试试吗,1,该用户可能是询问男主播能否试穿或展示商品效果。
6028,篮球鞋,1,该用户可能是在询问主播是否有篮球鞋款式或相关产品信息。
6029,体重180斤身高17米什么码,1,该用户想询问主播自己身高170cm、体重180斤应该选择什么尺码的服装。
6030,抢不到,1,该用户想表达的是对抢购商品失败的遗憾和急切心情。
6031,你身上穿的这衣服女孩子也可以穿吗,1,该用户是在询问主播展示的服装是否适合女性穿着，可能对款式或尺码的性别兼容性有疑虑。
6032,有没有女款的啊,1,该用户是在询问当前展示的商品是否有适合女性穿着的款式。
6033,羽绒服尺码,1,该用户想询问羽绒服的具体尺码信息，以便判断是否适合自己购买。
6034,发什么快递,1,该用户想询问商品的物流配送方式，以评估是否符合自己的收货需求。
6035,有没有运费险,1,该用户是在询问商品是否附带退换货时的运费保障服务，以此评估购买风险。
6036,裤子多钱,1,该用户想询问当前展示的裤子的具体价格信息。
6037,已拍,1,该用户想表达的含义是：我已经下单购买了。
6038,你穿多大吗呢,1,该用户想询问主播所穿衣服的具体尺码信息。
6039,模特什么码,1,该用户是想询问模特身上展示的衣服尺码作为自己购买的参考。
6040,身高190体重210有运动装尺码,1,该用户想表达的含义是：询问适合自己身高体重的大码运动装是否有货。
6041,已拍,1,该用户想表达的含义是：我已经下单购买了这件商品。
6042,穿个小码看看,1,该用户想表达的含义是：让主播试穿小尺码的服装进行展示。
6043,发顺丰吗,1,该用户是在询问商品是否支持顺丰快递配送，以确认物流服务的具体信息。
6044,有么,1,该用户想询问直播间是否有当前展示的商品或提到的款式在售。
6045,什么码,1,该用户是在询问主播身上展示的服装或当前介绍的商品适合什么尺码。
6046,关注有礼品送吗拍了,1,该用户想确认关注主播是否能获得赠品，并表示自己已经下单购买了商品。
6047,你身上穿的这款有吗,1,该用户是在询问主播展示的同款商品是否在售。
6048,看看内里,1,该用户想表达的含义是：想看看商品内部的具体细节或材质。
6049,有运费险嘛,1,该用户是在询问商品是否支持退换货时免运费的服务，以降低购买风险。
6050,逗你玩,0,该用户是在用调侃的语气表示自己并非真心想购买，只是随便发条弹幕凑热闹。
6051,没了,1,该用户想表达的含义是：商品已经卖完了或者没库存了。
6052,身高180体重180穿多大码,1,该用户是在询问适合自己身高体重（180cm/180斤）的服装尺码建议。
6053,鞋码正常吗,1,该用户是在询问商品的尺码是否标准，以确认自己是否需要调整选购的鞋码。
6054,零下几十渡能穿吗,1,该用户想询问这款衣物在极寒环境下的保暖性能是否足够。
6055,鼻炎太严重了,0,该用户可能在询问直播中是否有适合鼻炎患者使用的产品，或是暗示主播推荐相关商品。
6056,一个多小时了还在讲,0,该用户可能对直播节奏感到不耐烦，暗示主播讲解时间过长而缺乏实质性进展。
6057,这件好看,1,该用户可能是在称赞商品款式吸引人，暗示有购买意向或希望主播进一步展示细节。
6058,主播裤子在几号,1,该用户想询问主播身上穿的裤子对应的商品链接编号或货号。
6059,女款,1,该用户可能是在询问当前展示的商品是否有女款款式。
6060,鞋码,1,该用户是在询问主播所展示鞋款的尺码信息。
6061,姐有没有什么小伙穿的棉服,1,该用户想询问主播是否有适合年轻男性穿着的冬季棉服款式。
6062,有其他颜色吗,1,该用户是在询问当前展示的商品是否有更多颜色可选。
6063,链接,1,该用户想表达的含义是：询问商品购买链接在哪里。
6064,你好我想买2号棉服,1,该用户明确表达了想要购买直播间推荐的2号棉服的意向。
6065,你身上穿的衣服链接,1,该用户是在询问主播所穿服装的购买链接，表明对主播同款商品有明确的购买意向。
6066,刚开始的399准备买了非要99铺垫这么久,1,该用户想表达的含义是：原本看到399元的价格已经打算下单，结果主播为了铺垫最终99元的优惠价拖延了太长时间，让人有些不耐烦。
6067,没有了,1,该用户想表达的含义是：之前提到的商品已经售罄了。
6068,羽绒马甲,1,该用户可能在询问主播是否有羽绒马甲这款商品或对其相关信息感兴趣。
6069,几号,1,该用户想询问主播当前展示的商品具体是几号链接或货号。
6070,你的黑鞋呢,1,该用户是在询问主播之前展示过的黑色鞋子是否还有货或为何没有继续介绍。
6071,帽子可以拆卸吗,1,该用户想询问产品（帽子）是否具备可拆卸的设计功能，以评估其使用灵活性和实用性。
6072,拍了加急,1,该用户想表达的含义是：我已经下单并选择了加急配送服务。
6073,尺码呀,1,该用户想询问主播关于商品尺码的具体信息。
6074,里面的是卫衣吗,1,该用户是在询问直播画面中某件衣服的具体款式是否为卫衣，以确认商品类型是否符合自己的购买需求。
6075,男生175140斤多大码,1,该用户想询问适合身高175厘米、体重140斤的男性穿着的服装尺码。
6076,你身上这件衣服是几号,1,该用户想询问主播身上所穿衣服的具体尺码信息。
6077,吧已拍,1,该用户想表达的含义是：我已经下单购买了。
6078,上脚效果,1,该用户想询问主播展示商品的实际穿着效果如何。
6079,魔环,0,该用户可能是在询问主播展示的某款商品是否有“魔环”这一特定款式或颜色选项。
6080,孙下单赠送运费险哦,1,该用户想表达的含义是：询问主播是否购买指定商品可以享受包邮和运费险的优惠。
6081,需要两个的,1,该用户想表达的是“我想购买两件这个商品”。
6082,没有桌子放着吗一直拿着不累啊,0,该用户可能是在询问产品是否有配套的展示支架，认为手持展示不够方便。
6083,看看衣服厚度,1,该用户想了解服装的材质厚薄程度以评估是否适合当前季节穿着或是否符合个人需求。
6084,外套几号,1,该用户是在询问主播身上所穿外套的具体尺码信息。
6085,身高176体重160穿多大码,1,该用户是在询问适合自己身材的服装尺码建议。
6086,我选了四件这个迷彩羽绒刚想拍涨价了,1,该用户因看中商品准备下单时发现涨价，感到不满和遗憾。
6087,开始隔壁直播间怎么播一会就不播了,0,该用户可能是在对比两个直播间的情况，对当前直播间的持续性和稳定性表示关注，同时隐含对隔壁直播间突然中断的疑惑。
6088,看看内里,1,该用户想表达的含义是：想查看商品内部的具体细节或材质。
6089,秒贝壳头,1,该用户想表达的含义是：想立刻抢购直播中展示的贝壳头款式鞋子。
6090,有白色的吗,1,该用户想询问当前展示的商品是否有白色款式可供选择。
6091,加绒的吗,1,该用户是在询问直播展示的衣物是否带有加绒内衬。
6092,主播什么码,1,该用户是在询问主播所穿衣服的具体尺码信息。
6093,已拍已拍,1,该用户想表达的含义是：我已经下单购买了这款商品。
6094,主播穿的什么码数,1,该用户是想询问主播所穿衣服的尺码信息以便参考购买。
6095,有没有头层牛皮的,1,该用户是在询问直播展示的商品是否采用头层牛皮材质。
6096,黑色的,1,该用户想询问主播展示的商品是否有黑色款可选。
6097,福建货,1,该用户可能在询问商品是否产自福建或质疑福建产品的质量。
6098,没有2xl嘛,1,该用户想表达的含义是：询问主播是否有更大尺码的服装可供选择。
6099,没衣服了吗,1,该用户可能是在询问直播间是否还有更多款式的衣服可供选择。
6100,外套,1,该用户可能是在询问主播展示的外套款式或相关信息。
6101,主播身上穿的有链接没,1,该用户想询问主播所穿服装的购买链接，表现出对该款式的兴趣并有意向下单。
6102,主播身上的包有吗,1,该用户想询问主播所背的包包是否有同款商品链接可供购买。
6103,看一下上脚效果,1,该用户想表达的是希望主播展示商品的实际穿着效果以便评估是否购买。
6104,已拍,1,该用户想表达的含义是：我已经下单购买了这件商品。
6105,没了,1,该用户想表达的含义是：商品已经卖完了或者没有库存了。
6106,主播穿多大码,1,该用户想询问主播所穿服装的尺码信息以便参考购买。
6107,没有三道杠,1,该用户想表达的含义是：询问主播展示的商品是否缺少某个特定款式或设计（如缺少带有“三道杠”元素的商品）。
6108,不用管给谁买多介绍衣服,1,该用户想表达的含义是：不必纠结购买用途，希望主播多展示和讲解服装细节。
6109,有35码半的吗,1,该用户想询问主播所展示的商品是否有35.5码的库存或款式可供购买。
6110,哈哈哈哈哈哈哈哈哈哈哈哈哈哈哈哈哈哈哈,0,该用户可能是在用大笑表达对直播间氛围或主播表现的轻松调侃，而非直接传达购买意向。
6111,外套是几号,1,该用户想询问主播所展示的外套对应的尺码规格。
6112,长款羽绒服没有了吗,1,该用户是在询问直播间是否已经售罄了之前展示过的长款羽绒服款式。
6113,尺码需要拍大一码吗,1,该用户是在询问购买时是否需要选择比平时穿的尺码更大的尺寸。
6114,加急哦,1,该用户想表达的含义是：催促主播尽快处理或展示自己关心的商品信息。
6115,帽子,1,该用户可能在询问主播展示的帽子是否有货或询问相关款式信息。
6116,太大了,1,该用户想表达的含义是：商品的尺码偏大，不适合自己或询问是否需要选小一码。
6117,加急,1,该用户可能是催促主播尽快展示或上架某款商品，或是希望自己已购买的商品能优先发货。
6118,是橙色还是黑色,1,该用户是在询问商品的颜色选项，想确认是否有橙色或黑色可供选择。
6119,可以试一下白色吗,1,该用户想表达对展示商品白色款的兴趣，希望主播能试穿或展示白色版本以供参考。
6120,帽子可以拆卸吗,1,该用户想询问商品帽子的设计是否具备可拆卸的功能，以评估其实用性和搭配灵活性。
6121,有跑步鞋吗,1,该用户可能是在询问直播间是否有跑步鞋类商品可供选购。
6122,加绒吗,1,该用户是在询问商品是否带有加绒内衬。
6123,身上几码,1,该用户想询问主播身上展示的衣服尺码是多少。
6124,鼻炎太严重了,0,该用户可能在暗示主播推荐适合鼻炎患者使用的相关产品，比如口罩、空气净化器或鼻炎药物。
6125,很薄吧,1,该用户可能是在询问主播展示的衣物材质是否过于单薄，担心保暖性或质感不足。
6126,衣服,1,该用户想表达的含义是：询问主播正在展示的衣服款式或详情。
6127,裤子裤子鞋子鞋子,1,该用户想表达的含义是：对直播中展示的裤子和鞋子很感兴趣，希望主播重点介绍或推荐相关款式。
6128,身高180体重93公斤选多大码,1,该用户想询问适合自己身高180厘米、体重93公斤身材的服装尺码建议。
6129,主播身上什么码,1,该用户是在询问主播所穿衣服的具体尺码信息。
6130,有轻薄速干的裤子吗,1,该用户想表达的含义是：询问直播间是否有适合运动穿着的轻便透气款裤子。
6131,已拍加急,1,该用户想表达的含义是：我已经下单购买了商品并选择了加急配送服务。
6132,这黄配黑谁想的,1,该用户可能是在吐槽或质疑直播中展示的某款商品（如服装）的黄黑配色设计不太合理。
6133,刚刚进来什么衣服,1,该用户想询问主播当前正在展示或推荐的服装款式是什么。
6134,是冬天穿的吗,1,该用户是在询问当前展示的商品是否适合冬季穿着，以判断是否符合自己的季节性需求。
6135,黄色看看,1,该用户想表达的含义是：想看看黄色的商品款式或实物展示。
6136,广告那件衣服了,1,该用户想询问主播刚才广告中展示的那件衣服的具体信息或购买方式。
6137,发发发,1,该用户想表达的含义是：催促主播尽快上架或展示商品。
6138,主播是哪里人,0,该用户可能想通过了解主播的籍贯或生活背景，间接判断商品的地域特色、适用气候或材质来源是否适合自己。
6139,视频里的鞋子,1,该用户可能是在询问主播正在展示或提到的鞋款详情。
6140,已拍加急,1,该用户想表达自己已经下单并选择了加急配送服务。
6141,已拍,1,该用户想表达的含义是：我已经下单购买了商品。
6142,什么季节得鞋子,1,该用户想询问这款鞋子适合在哪个季节穿着。
6143,后面看看,1,该用户想表达的含义是：想继续观看后续展示的商品再做决定。
6144,拍了,1,该用户想表达的含义是：我已经下单购买了这款商品。
6145,尺码怎么选,1,该用户想询问如何根据自身情况选择合适的商品尺码。
6146,码数,1,该用户想询问主播展示的商品的尺码信息。
6147,能看看37号38号吗,1,该用户想表达的含义是：希望主播展示37号和38号商品的具体细节。
6148,就没有小码,1,该用户想表达的含义是：商品尺码选择范围不够，缺少适合身材娇小顾客的码数。
6149,一直叭叭,0,该用户可能是在抱怨主播话太多或介绍得过于啰嗦，希望对方能直接展示商品或进入正题。
6150,已拍加急,1,该用户想表达的含义是：我已经下单并选择了加急配送服务。
6151,给力,1,该用户想表达的含义是：对直播间的促销力度或商品展示效果感到满意和兴奋。
6152,脸这么小眼睛这么大真的绝了,0,该用户是在称赞主播的外貌或展示商品的视觉效果，表达对主播形象或商品展示的强烈欣赏。
6153,现在穿的这个,1,该用户想表达的含义是：让主播展示或详细介绍当前身上穿的那件衣服。
6154,扯犊子,0,该用户可能是在表达对主播介绍内容的不耐烦或质疑，认为对方在说废话或夸大其词。
6155,拍了两件,1,该用户想表达的含义是：我已经下单购买了两件商品。
6156,单独帽子,1,该用户可能是在询问主播是否可以单独购买帽子，而不是作为套装的一部分。
6157,这个在几号链接,1,该用户想询问主播当前展示的商品在购物车中的具体链接位置以便下单。
6158,多长,1,该用户可能在询问主播展示的商品的长度尺寸或使用时长。
6159,白色,1,该用户可能在询问商品是否有白色款可选。
6160,看后面,1,该用户可能是在催促主播展示后续的商品款式或细节。
6161,没拍到,1,该用户想表达的含义是：没抢到刚才展示的商品。
6162,衣服几号链接,1,该用户想询问当前展示的服装商品对应的购物链接编号。
6163,拍了两件,1,该用户想表达的含义是：已经下单购买了两件商品。
6164,拍了加急,1,该用户想表达自己已经下单并选择了加急配送服务。
6165,已拍,1,该用户想表达的含义是：我已经下单购买了这件商品。
6166,衣服几号,1,该用户想询问当前展示的服装商品对应的商品详情页链接编号。
6167,浪话,0,该用户可能在吐槽主播说话夸张或不着边际，表达对直播内容的不满或调侃。
6168,讲一下15号,1,该用户想询问主播详细介绍15号链接的商品信息。
6169,有3xl的吗,1,该用户是在询问直播中展示的商品是否有3XL的尺码可供购买。
6170,感觉主播身上是蓝色的,1,该用户可能在询问主播身上穿的衣服款式或颜色对应的商品链接。
6171,没有抢到,1,该用户想表达的是对未能成功购买到商品的遗憾情绪。
6172,冬天可以穿吗,1,该用户想询问主播展示的商品是否适合冬季穿着。
6173,卷到底发不发啊,1,该用户是在询问主播宣传的优惠活动“卷到底”是否会实际兑现发放。
6174,这鞋里面很厚吗夏天穿不了吗,1,该用户是在询问鞋子的厚度是否适合夏季穿着，担心鞋内过厚导致夏天穿起来太热。
6175,怎么抽,1,该用户想询问参与直播间抽奖活动的具体规则或方式。
6176,主播多高,1,该用户可能在询问主播的身高以判断服装的上身效果是否适合自己。
6177,跑棉吗,1,该用户是在询问商品（可能是衣物）是否会出现填充物结块或分布不均的问题。
6178,主播穿的啥码,1,该用户想询问主播身上所穿服装的具体尺码信息。
6179,码数偏大还是,1,该用户是在询问商品的尺码是否比常规尺寸偏大。
6180,女款呢,1,该用户想询问直播中展示的商品是否有女性款式可供选择。
6181,看看二号链接,1,该用户想表达的含义是：请主播展示或介绍二号链接对应的商品详情。
6182,妹子你有男朋友吗,0,该用户可能是在以调侃或搭讪的方式转移话题，而非真正关注购买信息。
6183,拍了,1,该用户想表达的含义是：我已经下单购买了这款商品。
6184,啥时候穿的,1,该用户想询问主播身上展示的服装具体是在直播的哪个时间段穿着的。
6185,已拍,1,该用户想表达的含义是：我已经下单购买了这件商品。
6186,五分钟,0,该用户可能在催促主播尽快介绍或上架某个限时优惠活动，暗示等待时间过长。
6187,店里900买的,1,该用户可能是在对比价格，暗示直播间商品的价格与自己之前购买的同款（或类似商品）的价格差异。
6188,上链接,1,该用户急切催促主播尽快开放商品购买通道。
6189,五号款冬天能穿吗,1,该用户是在询问五号款服装的保暖性和季节适用性，以评估是否值得购买。
6190,里面是哪种,1,该用户想询问商品内部的具体材质或构造。
6191,没有拍到,1,该用户想表达的是：刚才没抢到商品，感到遗憾。
6192,尺码看一下,1,该用户想询问主播展示商品的尺码信息以便确认是否适合自己购买。
6193,卫衣和裤子在几号,1,该用户想询问主播展示的卫衣和裤子对应的商品链接编号或上架顺序。
6194,外套有链接吗,1,该用户是在询问主播展示的外套商品是否已上架，并希望获取购买链接以便下单。
6195,主播身上什么码,1,该用户想询问主播所穿衣服的具体尺码信息，以便参考购买。
6196,没拍到,1,该用户想表达的含义是：自己没抢到刚才上架的商品。
6197,后面啥样子的,1,该用户想询问主播接下来展示的商品款式或后续产品的具体外观。
6198,主播身上多大码,1,该用户是在询问主播身上所穿服装的具体尺码，以便参考购买。
6199,身高165体重60公斤,1,该用户想表达的含义是：询问主播自己适合穿什么尺码的衣服。
6200,主播身上的卫衣是几号链接,1,该用户想询问主播所穿卫衣对应的商品购买链接编号。
6201,我没抢到,1,该用户想表达的是对未能成功购买商品的遗憾和失望。
6202,裤子裤子,1,该用户急切地催促主播展示或上架裤子相关的商品链接。
6203,看看里面,1,该用户想表达的含义是：想了解商品内部的具体细节或材质。
6204,拍哪个哪个176160斤,1,该用户想表达的含义是：询问主播自己身高176厘米、体重160斤应该选择哪个尺码的服装。
6205,能不能上加绒的裤子,1,该用户希望主播推荐或上架适合冬季穿着的保暖款裤子。
6206,尺码表,1,该用户想询问主播展示商品的详细尺码信息以供参考。
6207,冬季保暖卫衣,1,该用户可能是在询问主播展示的冬季保暖卫衣的具体款式或购买方式。
6208,女款,1,该用户可能在询问主播展示的女款商品的具体款式或购买链接。
6209,体重125160cm什么码,1,该用户想询问身高160厘米、体重125斤的人适合穿什么尺码的衣服。
6210,主播穿多大,1,该用户想询问主播所穿衣服的具体尺码信息。
6211,刚才就没上,1,该用户想表达的含义是：之前想购买的商品已经售罄或错过了上架时间。
6212,有简约款的没有有简约款的没有,1,该用户是在询问主播是否有设计简洁的款式可供选择。
6213,男款,1,该用户想询问主播当前展示的商品是否有男款可选。
6214,往后面站下,1,该用户希望主播调整站位或展示角度，以便更清楚地看到商品的全貌或细节。
6215,衣服架子穿啥都好看,1,该用户想表达的含义是：主播身材好，穿什么款式的衣服都显得很合适。
6216,没抢到,1,该用户想表达的含义是：对未能成功购买到心仪商品感到遗憾和失望。
6217,为了让你倒立洗头298上链接,1,该用户急切希望主播立即上架售价298元的商品（可能是卫衣或裤子），并以夸张的承诺（倒立洗头）来催促主播行动。
6218,今天的妆没有昨天好看,0,该用户可能是在委婉表达对主播今天穿搭或产品展示效果的不满，暗示更偏好昨天的造型风格。
6219,有羽绒服吗,1,该用户可能在询问直播间是否有羽绒服商品上架，表现出对冬季保暖衣物的购买兴趣。
6220,没拍到,1,该用户想表达的含义是：自己没能成功抢购到心仪的商品。
6221,美女问一下我刚才买的37红色卫衣看到是红色的上面显示汉白玉什么意思,1,"该用户是在询问自己刚下单的红色卫衣商品详情中标注的""汉白玉""具体指什么颜色或材质特征。"
6222,唉看主播形象就知道是绝对大牌,0,该用户想表达的含义是：主播的气质和形象给人感觉像是高端品牌代言人，让人对产品产生信任感。
6223,这鞋爬山好不保护脚,1,该用户可能是在质疑这双鞋的实用性，担心它在爬山时无法提供足够的脚部保护。
6224,有女款吗,1,该用户想询问当前展示的商品是否有适合女性穿着的款式。
6225,主播什么号,0,该用户想询问主播身上穿的衣服的具体货号或款式编号。
6226,白色的那件,1,该用户想表达的含义是：询问主播展示的白色款式的衣服是否有货或能否详细介绍。
6227,主播是不是18岁,0,该用户可能是在调侃主播年轻有活力，或者想通过询问年龄来确认主播的穿搭风格是否适合自己参考。
6228,看哈后面,1,该用户想表达的含义是：让主播展示一下后面的商品或款式。
6229,点起来了,0,该用户想表达的含义是：催促主播赶紧上架商品链接。
6230,女款38有吗,1,该用户是在询问主播展示的商品是否有38码的女款现货。
6231,有加小吗,1,该用户想询问商品是否有更小的尺码可供选择。
6232,怎么洗这衣服,1,该用户可能是在询问主播关于衣服的具体洗涤方式和注意事项。
6233,加急,1,该用户想表达的含义是：催促主播尽快上架或补货当前讨论的商品。
6234,帽子有吗,1,该用户是在询问直播间是否有帽子类商品在售。
6235,阿迪达斯冬季男子武极运动休闲夹克外套,1,该用户可能是在询问主播是否会上架阿迪达斯这款冬季男装夹克，表达了对该商品的购买兴趣。
6236,只有绿色吗,1,该用户可能在询问商品是否有其他颜色可选，暗示对产品感兴趣但希望有更多选择。
6237,品质好,1,该用户可能是在对主播展示的商品质量表示认可，暗示有进一步了解或购买的意愿。
6238,有没有加绒的裤子吗,1,该用户是在询问直播间是否有加绒款式的裤子可供购买。
6239,衣服偏大偏小啊,1,该用户想询问衣服的尺码是否标准，担心实际尺寸与标注不符。
6240,女款有吗,1,该用户是在询问当前展示的商品是否有女性款式可供选择。
6241,男主播穿穿看看,1,该用户想表达的含义是：让男主播试穿一下展示效果。
6242,几个色,1,该用户想询问商品是否有多种颜色可选。
6243,三号链接再来一波,1,该用户希望主播再次上架或补货三号链接的商品。
6244,给力,1,该用户想表达的含义是：对当前直播促销活动或商品优惠力度感到满意和兴奋。
6245,还有吗,1,该用户可能是在询问当前展示的商品是否还有库存或其他可选款式/颜色。
6246,没了,1,该用户想表达的含义是：想要的商品已经卖完了或没货了。
6247,羽绒服女生可以穿吗,1,该用户想询问这款羽绒服是否有适合女性穿着的款式或尺寸。
6248,裤子,1,该用户可能在询问当前展示的裤子是否有库存或特定款式。
6249,鞋子买了两双了想看衣服,1,该用户想表达自己已经购买了两双鞋子，现在对直播间的服装类商品产生了兴趣，希望主播展示或介绍衣服款式。
6250,尺码标,1,该用户想询问商品尺码标注是否准确或是否存在偏差。
6251,早上好,0,该用户可能是在打招呼的同时，委婉催促主播加快节奏或回应之前的商品咨询。
6252,内胆看下,1,该用户想表达的含义是：想看看产品内胆的细节展示。
6253,踏马咋到得到3000个,0,该用户可能是在抱怨或质疑达成某个高门槛目标（如点赞、互动量）的难度，认为要求过于苛刻或不合理。
6254,有没有滑板签名款,1,该用户是在询问直播间是否售卖带有签名设计的滑板款式产品。
6255,有没有加绒男裤,1,该用户是在询问直播间是否有适合男士穿着的加绒保暖长裤款式。
6256,已拍加急,1,该用户想表达自己已经下单并选择了加急配送服务。
6257,要要要,1,该用户急切地表达对当前展示商品的强烈购买意愿。
6258,看下3号迷彩,1,该用户想表达的含义是：让主播展示或详细介绍3号迷彩款商品。  （结合前文语境，用户对商品款式、颜色、尺码等细节较为关注，且弹幕中多次出现要求展示或讲解特定商品的诉求，因此该弹幕很可能是希望主播聚焦讲解3号迷彩款的具体信息。）
6259,尽快发出来,1,该用户希望主播尽快上架或补货当前讨论的商品。
6260,羽绒服呢,1,该用户是在询问直播间是否有羽绒服产品展示或上架。
6261,主播鞋子有吗,1,该用户是在询问主播是否有展示或售卖鞋子的产品。
6262,后么,0,该用户可能是在询问商品是否有后续补货或库存更新。
6263,买过东西有问题大家小心,0,该用户可能是在提醒其他观众自己曾在该直播间购买的商品存在质量问题，建议谨慎下单。
6264,有没有标是三叶草的衣服裤子,1,该用户想询问直播间是否有阿迪达斯品牌（三叶草标志）的服装和裤子在售。
6265,点个关注后续会上的哟,0,该用户是在暗示主播关注自己以便获取后续商品上新的通知。
6266,主播真好看,0,该用户可能是通过夸赞主播外貌来拉近距离，试图引起主播注意以便进一步询问商品信息或获取互动机会。
6267,大叔可以驾驭吗,1,该用户是在询问直播展示的商品是否适合中年男性穿着或使用。
6268,为什么我拍的没这么软,1,该用户想表达的含义是：对比直播展示的效果，质疑自己收到的商品材质不够柔软。
6269,黑色,1,该用户想表达的含义是：询问主播是否有黑色的同款商品或颜色可选。
6270,主播什么码数,1,该用户想询问主播所展示商品的尺码信息，以便确认是否适合自己的需求。
6271,女士的呢试一下,1,该用户想表达的含义是：让主播展示一下女士款的产品。
6272,已拍加急,1,该用户想表达的含义是：我已经下单并选择了加急配送服务。
6273,已拍加急,1,该用户想表达自己已经下单并选择了加急配送服务。
6274,身上是羽绒服还是棉服,1,该用户想询问主播身上穿的外套具体是什么材质和款式，以评估是否适合自己购买。
6275,阿迪的主播一个比一个漂亮,0,该用户想表达的含义是：对主播外貌的称赞，但并未直接表现出购买意向。
6276,平常实体店是45码的,1,该用户是在询问主播所展示的鞋子是否有适合自己的45码尺寸。
6277,上外套,1,该用户想表达的含义是：让主播展示或介绍外套款式。
6278,背后看看,1,该用户想表达的含义是：请主播展示一下商品背面的细节。
6279,到底多少钱,1,该用户想询问商品的具体价格信息。
6280,裤子,1,该用户可能是在询问主播当前展示或提到的裤子是否有货或具体款式信息。
6281,眼睛真大,0,该用户可能是在夸赞主播的外貌特征，表达对主播形象的欣赏或好感。
6282,新主播漂亮啊,0,该用户是在夸赞主播的外貌吸引人，可能借此表达对直播内容的兴趣或好感。
6283,体重110想穿宽松点买多大码啊,1,该用户是在询问主播根据自己110斤的体重，想要穿出宽松效果应该选择什么尺码的衣服。
6284,尺码,1,该用户想询问主播身上展示的服装尺码信息或适合自己身材的尺码推荐。
6285,主播穿多大的,1,该用户是在询问主播所穿服装的具体尺码，以便参考购买合适的尺寸。
6286,多少米,1,该用户想询问商品的价格是多少。
6287,加库存,1,该用户希望主播增加商品库存以便自己能成功购买。
6288,有中长款么,1,该用户想询问直播间是否有中等长度或稍长款式的商品可供选择。
6289,看下尺码再,1,该用户想表达的含义是：希望主播展示或说明产品的尺码信息以便进一步考虑购买。
6290,没衣长咋拍啊,1,该用户想表达的含义是：不清楚衣服的具体长度信息，无法决定是否购买。
6291,有运费险吗,1,该用户是在确认商品的售后保障情况，以评估购买风险并决定是否下单。
6292,可以机洗吗,1,该用户想询问商品是否支持洗衣机洗涤，以确认其日常使用的便利性。
6293,有没有足球鞋,1,该用户是在询问直播间是否有足球鞋这一商品可供选购。
6294,呵呵,0,该用户可能是在对主播或直播内容表示敷衍或不屑的冷淡态度。
6295,拍了两件加急,1,该用户想表达的含义是：我已经下单购买了两件商品并选择了加急配送服务。
6296,冬天穿冷吗,1,该用户是在询问主播展示的冬季服装保暖性能如何。
6297,尺码表看一下,1,该用户希望主播展示商品的尺码参考信息以便确认适合自己的尺寸。
6298,内搭有码,1,该用户想询问主播展示的内搭衣服是否有具体的尺码信息可供参考。
6299,洗了成坨吗,1,该用户是在询问该商品洗涤后是否会出现结块或变形的问题。
6300,上衣几号链接,1,该用户是在询问主播身上所穿的上衣对应的商品购买链接编号。
6301,你身上什么号,1,该用户想询问主播身上穿的衣服对应的商品链接或货号。
6302,你好23号鞋是男鞋还是女鞋呢是秋冬鞋吗可以防水吗,1,该用户想询问23号鞋款的适用性别、季节属性以及防水功能，以评估是否符合自身购买需求。
6303,尺码,1,该用户想询问主播展示商品的详细尺码信息以便选择合适的购买尺寸。
6304,这个可以穿到多少度,1,该用户想询问这件衣服适合在什么温度范围内穿着。
6305,昨天就这样,0,该用户可能是在抱怨主播没有及时回应或解决之前类似的问题，暗示“昨天也是同样的情况没有处理”。
6306,跟专卖店的码数一样的吗,1,该用户是在询问直播商品的尺码标准是否与线下实体专卖店一致，以确认购买时的尺码选择是否准确。
6307,再来波9号链接,1,该用户希望主播再次上架或补货9号链接的商品。
6308,视频上的卫衣,1,该用户想询问直播画面中展示的卫衣的具体信息或购买链接。
6309,拍了,1,该用户想表达的含义是：我已经下单购买了这件商品。
6310,来来,0,该用户可能在催促主播加快节奏或重复展示某个商品链接。
6311,介绍一款卫衣体感软的那种,1,该用户想表达的含义是：希望主播推荐一款质地柔软的卫衣款式。
6312,女裤子,1,该用户可能在询问直播间是否有女款裤子的商品信息或推荐。
6313,还有别的颜色吗,1,该用户对当前展示的商品感兴趣，想进一步了解是否有更多颜色可选以便做出购买决定。
6314,转一圈看看,1,该用户想表达的含义是：让主播展示商品的全貌或细节。
6315,多厚,1,该用户想询问产品的厚度或保暖性能是否适合特定季节或场合。
6316,什么质地,1,该用户想询问当前展示商品的材质或面料特性。
6317,帽子可以摘下来吗,1,该用户想询问主播展示的帽子是否可以拆卸或调整款式。
6318,填充物是什么,1,该用户想询问商品的内部填充材料是什么材质或成分。
6319,内里看看,1,该用户想表达的含义是：请展示商品内部细节或结构。
6320,羽绒服,1,该用户可能是在询问主播当前展示的羽绒服款式或相关细节信息。
6321,卫衣有加绒的吗,1,该用户想询问主播展示的卫衣是否具备保暖内衬的设计。
6322,身上衣服不上了吗,1,该用户可能是想问主播身上展示的衣服是否会上架售卖。
6323,身高163体重110穿什么码,1,该用户想询问自己身高163厘米、体重110斤的情况下应该选择什么尺码的衣服。
6324,来点裤子,1,该用户希望主播推荐或展示裤装产品。
6325,女跑鞋女跑鞋,1,该用户可能在询问或催促主播展示或介绍女性跑鞋产品。
6326,套头还是,1,该用户想询问主播展示的服装款式是套头设计还是其他类型（如开衫、拉链等）。
6327,有黑色的吗,1,该用户想询问当前展示的商品是否有黑色款可供选择。
6328,主播穿的什么码,1,该用户是在询问主播身上所穿衣服的尺码信息，以便自己参考购买。
6329,主播的裤子是几号链接,1,该用户想询问主播所穿裤子的商品链接编号以便下单购买。
6330,多厚,1,该用户想询问主播展示的服装或面料的厚度是多少。
6331,看下内里,1,该用户想表达的含义是：希望主播展示衣服的内衬细节。
6332,下雨天会进水吧,1,该用户可能是在询问商品的防水性能或担心雨天使用时的实用性。
6333,加货,1,该用户希望主播增加当前展示商品的库存或补货上架。
6334,有2xl的没,1,该用户是在询问主播展示的商品是否有2XL这个尺码的库存。
6335,看下尺码,1,该用户想表达的含义是：希望主播展示或说明当前商品的尺码信息以供参考。
6336,裤子,1,该用户想表达的含义是：询问主播是否有裤子类商品展示或推荐。
6337,拍了,1,该用户想表达的含义是：已经下单购买了商品。
6338,加绒吗,1,该用户是在询问当前展示的商品是否有加绒内衬的设计。
6339,多大,1,该用户想询问主播展示的商品的尺寸或规格是多少。
6340,我要外面衣服,1,该用户想表达的含义是：我想要主播身上穿的那件外套的购买链接。
6341,直播亲穿的裤子链接,1,该用户是在询问主播身上所穿裤子的购买链接，表现出明确的购买意向和对该款式的兴趣。
6342,加绒吗,1,该用户是在询问商品是否带有加绒内衬。
6343,有羽绒服吗,1,该用户是在询问直播间是否有羽绒服这类商品上架或展示。
6344,发货时间,1,该用户想询问商品下单后预计多久能收到货。
6345,没有小码了,1,该用户想表达的含义是：商品的最小尺码已经售罄了。
6346,卫衣为啥黑色的不上,1,该用户想表达的含义是：为什么没有黑色款卫衣的库存或购买选项。
6347,卡码怎么拍,1,该用户是在询问如何根据尺码表选择适合自己的商品并完成下单购买。
6348,重播,0,该用户可能是希望主播重新展示或讲解之前提到的某款商品。
6349,主播穿的什么马,1,该用户是在询问主播身上穿的外套款式或购买链接。
6350,后面,1,该用户可能是在询问主播后续会展示或讲解的商品内容。
6351,不加绒的吗,1,该用户是在询问商品是否有加绒款式可选。
6352,已拍,1,该用户想表达的含义是：我已经下单购买了这款商品。
6353,主播穿多大码,1,该用户想询问主播身上所穿衣服的具体尺码信息，以便参考购买。
6354,看下脚感,1,该用户想表达的含义是：想了解主播展示的鞋子上脚后的舒适度和实际穿着体验。
6355,你身上什么号码什么号码什么号码什么号码什么号码,1,该用户想询问主播身上所穿衣服的具体尺码信息。
6356,五号链接,1,该用户想询问主播展示的商品中编号为“五号”的产品详情或购买链接。
6357,这个是系鞋带的还是固定的,1,该用户是在询问展示的商品鞋款是否需要手动系鞋带还是采用固定设计（如魔术贴、松紧带等）。
6358,每次都这样,0,该用户可能是在抱怨直播间频繁出现类似的问题或状况，比如商品信息不透明、尺码问题反复被问但未解决等。
6359,看下里面,1,该用户想表达的含义是：让主播展示商品内部细节或构造。
6360,棉服尺码表,1,该用户想询问主播展示的棉服的具体尺码信息，以便判断自己适合购买哪个尺寸。
6361,有没有女鞋,1,该用户是在询问直播间是否有女性鞋款可供购买。
6362,有跑步鞋吗,1,该用户是在询问直播间是否有售卖跑步鞋这一品类。
6363,有卫衣吗,1,该用户想询问直播间是否有卫衣款式在售。
6364,有羽绒服吗,1,该用户是在询问直播间是否有羽绒服这一商品品类可供购买。
6365,你身上的衣服上链接,1,该用户希望主播将身上穿的同款服装商品链接上架以供购买。
6366,这款价保吗,1,该用户是在询问商品是否支持价格保护服务，即购买后若降价能否补差价。
6367,有运费险吗,1,该用户是在询问商品是否提供退货运费保障，以降低购买后的潜在风险。
6368,裤子裤子鞋子鞋子,1,该用户急切地询问主播身上穿的裤子和鞋子的商品信息，可能是想确认款式或要求上架链接。
6369,有运费险吗,1,该用户想确认商品是否支持退换货时免运费，以降低购买决策风险。
6370,讲下尺码表,1,该用户想询问主播展示当前商品的具体尺码参考信息，以便判断是否适合自己购买。
6371,试下50号长款,1,该用户想表达的含义是：让主播试穿展示50号长款商品的效果。  （结合前文弹幕中频繁出现的尺码询问、试穿需求及具体款式讨论，用户的核心诉求是希望主播通过实际展示来辅助购买决策。）
6372,最喜欢听这个小姐姐卖货,0,该用户想表达的含义是：对主播的带货风格感到欣赏和喜爱，愿意继续观看她的推荐。
6373,帽子在几号,1,该用户想询问主播展示的帽子商品对应的商品链接编号。
6374,身高16098体重,1,该用户想询问主播身上展示的服装款式适合身高160cm、体重98斤的人穿。
6375,会不会太长了,1,该用户可能在询问商品（如衣服或裤子）的尺寸是否偏长，担心不适合自己的身高或穿着效果。
6376,只有白色吗,1,该用户想询问商品是否还有其他颜色可选。
6377,多少钱,1,该用户想询问当前展示商品的具体价格。
6378,主播是混血吗,0,该用户可能对主播的外貌特征产生好奇，试图通过询问混血身份来拉近互动关系或表达对主播个人形象的关注。
6379,是正品吗,1,该用户对商品的真伪存在疑虑，希望通过确认正品资质来评估是否值得购买。
6380,女款,1,该用户想询问直播间是否有女款商品。
6381,身高193体重210裤子多大码,1,该用户想表达的含义是：询问以自身身高体重为参考，应该选择多大尺码的裤子。
6382,防水吗,1,该用户可能是在询问当前展示的商品是否具备防水功能。
6383,主播多高多重穿的什么码,1,该用户想询问主播的身高体重和服装尺码作为自身购买的参考依据。
6384,看看5号鞋看看5号鞋看看5号鞋看看5号鞋,1,该用户迫切希望主播展示或介绍5号鞋的款式和详情。
6385,没抢到,1,该用户想表达的含义是：对直播间的某款商品有购买意愿但未能成功下单。
6386,有女款吗,1,该用户是在询问当前展示的商品是否有适合女性穿着的款式。
6387,呃呃呃,0,该用户可能因直播信息过载或未及时获得回复而感到不耐烦，用语气词表达焦急或催促的情绪。
6388,主播穿的是什么码,1,该用户想询问主播所穿服装的具体尺码信息，以便参考选择适合自己的尺寸。
6389,真品吗,1,该用户想确认商品的真实性或是否为官方正品。
6390,试穿一下,1,该用户希望主播现场展示商品的实际上身效果以供参考。
6391,我要我要我要我还想要,1,该用户迫切希望购买当前展示的商品，并担心错过购买机会。
6392,有羽绒服吗长款,1,该用户是在询问直播间是否有长款羽绒服可供购买。
6393,身高165体重60公斤,1,该用户想询问自己身高165厘米、体重60公斤的情况下应该选择什么尺码的商品。
6394,买完了,1,该用户想表达的含义是：我已经下单购买了这款商品。
6395,听着,0,该用户想表达的含义是：我正在认真听主播介绍产品信息，对当前内容感兴趣。
6396,身上棉服,1,该用户可能在询问主播身上穿的棉服款式或购买信息。
6397,看4号,1,该用户想表达的是让主播展示或详细介绍4号商品。
6398,款式一般,0,该用户可能觉得产品设计不够吸引人，缺乏购买欲望。
6399,看看衣服,1,该用户想表达的含义是：希望主播展示服装的款式或上身效果。
6400,没有了,1,该用户想表达的含义是：商品已经售罄或抢购不到了。
6401,你穿的羽绒服几号链接,1,该用户想询问主播身上展示的羽绒服对应的商品链接编号，以便进一步了解或购买同款。
6402,没理由的,0,该用户想表达的含义是：这件商品让我一见钟情，无需任何理由就想购买。
6403,只有白色吗美女,1,该用户想询问商品是否有其他颜色可选，并暗示对当前展示的白色款式感兴趣。
6404,安安抖音号,0,该用户可能是在询问主播的抖音账号信息，以便后续关注或了解更多商品内容。
6405,抢到了,1,该用户想表达的含义是：成功下单购买了心仪的商品。
6406,试一下,1,该用户想表达的含义是：我想尝试购买主播推荐的这款商品。
6407,白色没码了,1,该用户想表达的含义是：白色款式的商品已经售罄了。
6408,小码都没有,1,该用户想表达的含义是：商品的小尺码已经售罄了。
6409,就是冲锋衣外套啊,1,该用户可能是在确认或强调主播当前展示的商品是冲锋衣外套，表达对该款式的关注或兴趣。
6410,裤子,1,该用户可能在询问或要求主播展示当前讨论的裤子款式或链接。
6411,赶紧开价好抢,1,该用户急切希望主播公布商品价格以便尽快参与抢购。
6412,我身高170体重76公斤,1,该用户是在询问适合自己身材的服装款式或尺码。
6413,没有大码,1,该用户想表达的含义是：商品缺少适合体型较大顾客的尺码选择。
6414,这妞怪欢快了,0,该用户想表达的含义是：这位主播的活泼表现让人感到有趣和吸引人。
6415,没有见过这个主播,0,该用户可能是新观众，对主播不熟悉，想确认是否是第一次观看或表达对主播的陌生感。
6416,身上的棉服,1,该用户可能在询问主播身上所穿棉服的款式或购买链接。
6417,安安腿有点起皮了,0,该用户可能在委婉地指出主播展示的服装（如裤子或靴子）存在质量问题或材质缺陷，暗示自己因此对购买产生顾虑。
6418,没码了,1,该用户想表达的含义是：想要的尺码已经售罄了。
6419,再来波9号链接,1,该用户希望主播再次上架或补货9号链接的商品。
6420,你穿个连帽卫衣看看,1,该用户想表达的含义是：希望主播试穿连帽卫衣展示上身效果以便自己参考购买。
6421,你穿多大,1,该用户想询问主播身上所穿服装的具体尺码作为自己的购买参考。
6422,短袖有没有我广州这边还好热,1,该用户是在询问短袖是否还有货，并暗示自己身处广州天气仍炎热，有购买需求。
6423,有没有38码的,1,该用户是在询问主播当前展示的商品是否有适合自己的尺码（38码）。
6424,拍两双,1,该用户想表达的含义是：我要下单购买两双这款商品。
6425,腿好壮,0,该用户可能在评价主播或模特的身材，暗示对展示的服装款式或穿搭效果感兴趣。
6426,这是加棉的吗,1,该用户是在询问直播展示的商品是否有加棉的款式或厚度。
6427,你穿多大,1,该用户是在询问主播所展示服装的具体尺码信息，意图判断自己是否适合购买同款。
6428,多长,1,该用户可能在询问主播展示的服装（如裤子或外套）的具体长度尺寸。
6429,以前那个主播呢,0,该用户可能在询问之前常驻的主播为何更换，表达对熟悉主播的怀念或对新主播的不适应。
6430,二百斤多大,1,该用户想询问商品是否有适合体重较大（约200斤）人士的尺码。
6431,还有大好吗,1,该用户想询问商品是否还有更大尺码的库存。
6432,女小白鞋有吗,1,该用户是在询问直播间是否有女性款的白色休闲鞋可供购买。
6433,主播穿的什么码,1,该用户是想询问主播身上所穿衣服的具体尺码以供自己参考购买。
6434,里面那件在几号链接,1,该用户想询问主播身上穿的内搭衣服对应的商品购买链接编号。
6435,加绒吗,1,该用户是在询问直播展示的商品是否带有加绒内衬。
6436,到手了还可以,1,该用户想表达的含义是：商品已经收到，质量或效果还算满意。
6437,主播什么码,1,该用户是在询问主播身上所穿商品的尺码信息。
6438,我拍了,1,该用户想表达的含义是：我已经下单购买了商品。
6439,有简约款的没有有简约款的没有,1,该用户想表达的含义是：询问主播是否有设计简洁的款式可供选择。
6440,防水吗,1,该用户是在询问产品是否具备防水功能。
6441,没有了,1,该用户想表达的含义是：询问商品是否已经售罄或断货。
6442,有运费险没,1,该用户是在确认商品的退换货保障，以降低购买决策风险。
6443,一共几个口袋,1,该用户是在询问商品（可能是衣物或背包）的具体设计细节，想了解口袋的数量以评估实用性。
6444,没女款吗,1,该用户是在询问当前展示的商品是否有女性款式可供选择。
6445,没码,1,该用户想表达的含义是：商品已经没有我需要的尺码了。
6446,报一下尺码,1,该用户是想询问主播当前展示商品的详细尺码信息，以便判断是否符合自己的购买需求。
6447,鞋子没号了,1,该用户想表达的含义是：询问主播是否有自己尺码的鞋子库存。
6448,有运费险吗,1,该用户是在询问商品是否支持退换货时免运费，以降低购买风险。
6449,黑色,1,该用户可能在询问当前展示的商品是否有黑色款式可选。
6450,安安我爱你,0,该用户可能是想通过表达对主播的喜爱来拉近距离，以此获取更多商品信息或优惠。
6451,试试白色,1,该用户想表达的含义是：我想购买白色款式的商品。
6452,主播多大的,1,该用户想询问主播的年龄或鞋码尺寸，以作为自己购买商品的参考依据。
6453,有马甲吗,1,该用户是在询问直播间是否售卖马甲这款商品。
6454,有木有裤子喔,1,该用户是在询问直播间是否有裤子的商品在售。
6455,有几个色,1,该用户是在询问商品共有几种颜色可选。
6456,身上是什么码,1,该用户是在询问主播身上所穿商品的尺码信息。
6457,女生165100斤穿多大的,1,该用户想询问身高165厘米、体重100斤的女生适合穿什么尺码的服装。
6458,卫衣几号链接,1,该用户想询问主播身上展示的卫衣对应的是哪个商品购买链接。
6459,真能糊弄人,0,该用户认为主播在介绍商品时存在夸大或虚假宣传，对产品实际效果表示怀疑和不信任。
6460,有3xl吗,1,该用户是在询问商品是否有适合大尺码身材的3XL型号。
6461,这么挑码子,1,该用户可能在抱怨商品尺码选择太少或不合身。
6462,鞋码标准吗,1,该用户是在询问鞋子的尺码是否与常规标准一致，以判断自己是否需要调整选购尺寸。
6463,主播有185尺码的吗,1,该用户是在询问主播是否有适合身高185cm的服装尺码可供购买。
6464,腿真白,0,该用户可能是在调侃或评价主播的外貌特征，而非表达对商品的购买意向。
6465,一共两千多人,0,该用户可能在感叹直播间观众数量较少，暗示对商品热度或可信度的疑虑。
6466,主播穿什么码,1,该用户是想询问主播身上所穿服装的具体尺码以供自己购买参考。
6467,衣服在哪儿,1,该用户想询问主播身上所穿衣服的购买链接或商品详情。
6468,主播裤子在哪啊,1,该用户是在询问主播所穿裤子的购买链接或具体位置。
6469,黑龙江能穿吗冬天,1,该用户想询问这件商品在黑龙江冬季的气候条件下是否适合穿着。
6470,快点,1,该用户可能是在催促主播加快节奏或尽快展示/上架他们想了解的商品信息。
6471,已拍,1,该用户想表达的含义是：我已经下单购买了这款商品。
6472,不是99吗,1,该用户可能是在质疑或确认商品价格与之前宣传不符，认为当前显示的价格高于之前提到的99元。
6473,这个鞋子鞋底容易断,1,该用户可能是在质疑鞋子的质量，担心其耐用性不足以满足日常穿着需求。
6474,啥啊,0,该用户可能因信息混乱或未及时得到回复而感到困惑不解，想询问当前展示的商品究竟是什么。
6475,二号链接2xl3xl都没有了,1,该用户想表达的含义是：询问商品库存情况并暗示对特定尺码的购买需求。
6476,男生可以穿吗,1,该用户是在询问当前展示的商品是否有适合男性穿着的款式或尺码。
6477,今天拍的今天发么,1,该用户想确认当天购买的商品是否能当天发货。
6478,裤子,1,该用户可能是在询问主播所穿裤子的购买链接或具体款式信息。
6479,另一个颜色有货吗,1,该用户想询问商品是否有其他颜色可供选择购买。
6480,外套,1,该用户可能在询问主播展示的外套是否有货或想了解外套的具体信息。
6481,没有别的颜色吗,1,该用户是在询问当前展示的商品是否有其他颜色可选。
6482,没有46码,1,该用户想表达的含义是：这款商品没有提供46码的尺码选项。
6483,尺码不清楚拍了两件回头看那个合适,1,该用户因为不确定尺码是否合适，所以先下单了两件不同尺码的商品，打算收到后试穿再决定留哪件。
6484,身上这件几号链接,1,该用户想询问主播身上穿的那件衣服对应的商品链接编号是多少。
6485,加不加绒,1,该用户是在询问商品是否有加绒的款式或材质选项。
6486,主播穿的多大号,1,该用户想询问主播身上所穿衣服的具体尺码信息以便参考购买。
6487,喜欢阿迪达斯,1,该用户想表达的含义是：对阿迪达斯品牌的产品有好感并可能有意购买。
6488,这腿是真的吗,0,该用户可能是在质疑主播展示的商品（如裤子或鞋子）的视觉效果是否真实，怀疑是否有修图或夸大宣传的成分。
6489,试下小码,1,该用户想表达的含义是：想尝试购买小尺码的商品。
6490,已拍,1,该用户想表达自己已经下单购买了直播间的商品。
6491,没了,1,该用户想表达的含义是：想要的商品或尺码已经售罄了。
6492,黑色的武极黑色的武极黑色的武极,1,该用户想表达的含义是：强烈询问主播是否有黑色款的武极产品。
6493,主播声音很粗,0,该用户可能是在委婉表达对主播或产品的不满意，暗示直播内容缺乏吸引力或专业度。
6494,聚酯纤维的,1,该用户可能在询问或确认直播中展示的服装材质是否为聚酯纤维。
6495,皮面,1,该用户可能在询问主播展示的皮面材质商品的具体信息或是否有货。
6496,身上裤子,1,该用户可能在询问主播身上穿的裤子是哪个商品链接或具体款式信息。
6497,有儿童吗,1,该用户是在询问直播间展示的商品是否有适合儿童穿的款式或尺码。
6498,加急,1,该用户可能是在催促主播加快节奏或优先处理自己关心的商品信息，比如询问库存、发货速度或尺码确认等事项。
6499,从哪里发货,1,该用户想了解商品的发货地点以便评估物流时效和售后便利性。
6500,美女主播,0,该用户可能是在称赞主播的外貌以引起注意，试图进一步了解商品信息或互动。
6501,已拍,1,该用户想表达的含义是：我已经下单购买了这款商品。
6502,挡风吗,1,该用户是在询问商品（可能是外套或防风衣物）是否具备防风功能。
6503,你穿的是什么号,1,该用户是在询问主播所穿服装的具体尺码，以便参考购买。
6504,袜子有没有主播,1,该用户是在询问主播身上穿的袜子是否有对应的商品链接可供购买。
6505,你身上这个有没有短款的,1,该用户是在询问主播展示的服装是否有同款的短版款式可供购买。
6506,小白鞋缺号了,1,该用户想表达的含义是：询问主播是否还有自己尺码的小白鞋库存。
6507,裤子,1,该用户可能在询问主播身上穿的裤子款式或购买链接。
6508,我要你身上衣服,1,该用户想表达的含义是：询问主播身上所穿的同款衣服是否可购买。
6509,已拍,1,该用户想表达的含义是：我已经下单购买了商品。
6510,有没有黑色,1,该用户是在询问主播展示的商品是否有黑色款可供选择。
6511,身高182体重210有号吗,1,该用户是在询问主播自己身高182厘米、体重210斤的体型是否有合适的服装尺码可供购买。
6512,没了,1,该用户想表达的含义是：想要的商品已经卖完了。
6513,快点要上班,0,该用户想催促主播加快节奏或尽快上架商品，因为自己赶时间要离开。
6514,要L码,1,该用户想表达的含义是：我想要购买主播展示的同款商品，请给我L码的尺寸。
6515,主播身高体重多少穿啥号,1,该用户想询问主播的身高体重以参考选择合适的服装尺码。
6516,五号是开了的价格,1,该用户想询问五号商品当前展示的是否为优惠后的价格。
6517,是真的,0,该用户想表达的含义是：确认主播刚才介绍的商品信息或优惠活动是真实有效的。
6518,码数,1,该用户想询问主播所展示商品的尺码信息或确认是否有适合自己的尺码。
6519,尺码,1,该用户想询问主播展示的商品是否有适合自己的尺码可供选择。
6520,主播里面的白色T有吗,1,该用户是在询问主播身上穿的白色T恤是否在售，并希望了解购买相关信息。
6521,已拍,1,该用户想表达的含义是：我已经下单购买了这件商品。
6522,主播什么码,1,该用户是在询问主播所穿服装的具体尺码信息。
6523,鞋码正吗,1,该用户是在询问商品的尺码是否标准，以确认自己选购时是否需要调整码数。
6524,里面那件白的上小黄车,1,该用户希望主播将直播间内展示的白色内搭商品上架至购物链接。
6525,白色还有没有,1,该用户是在询问主播身上穿的白色款商品是否还有库存。
6526,主播穿多大,1,该用户是在询问主播所穿衣服的具体尺码，以便参考购买同款。
6527,多少,1,该用户想询问主播所展示商品的具体价格信息。
6528,正品,1,该用户想确认直播所售商品是否为官方正品，表现出对商品真伪的顾虑和潜在的购买意向。
6529,后面看看,1,该用户想表达的含义是：先观望一下后续的商品展示再决定是否购买。
6530,衣服多少,1,该用户想询问衣服的价格是多少。
6531,看羽绒服,1,该用户想表达的含义是：想了解羽绒服的款式或购买信息。
6532,上一下我看下行吗,1,该用户想表达的含义是：希望主播展示或讲解一下刚才提到的某件商品，以便自己进一步了解是否购买。
6533,贝壳头板鞋有吗,1,该用户是在询问直播间是否有售卖阿迪达斯经典款贝壳头板鞋，并表现出对该商品的购买兴趣。
6534,主播哪里人,0,该用户可能想通过了解主播的籍贯或所在地，间接判断商品来源或品质可靠性。
6535,拍错了,1,该用户想表达的含义是：自己不小心选错了商品规格或下单错误。
6536,后面,1,该用户想表达的含义是：希望主播展示或介绍接下来要推荐的商品。
6537,主播穿的多大,1,该用户想询问主播身上所穿衣服的具体尺码信息。
6538,什么价,1,该用户是在询问主播当前展示商品的具体价格。
6539,衣长,1,该用户想询问主播身上所穿衣服的具体长度尺寸。
6540,啥时候发货,1,该用户想确认购买后的商品配送时间。
6541,跑绒吗,1,该用户是在询问羽绒服是否存在钻绒的质量问题。
6542,蓝色卫衣有没有,1,该用户是在询问直播间是否有蓝色卫衣的现货库存。
6543,主播有账号嘛,0,该用户可能是在询问主播的社交账号，希望通过关注进一步了解商品信息或建立长期联系。
6544,回复一下好吗,0,该用户可能因询问未得到回应而催促主播解答先前提过的问题。
6545,已拍,1,该用户想表达的含义是：我已经下单购买了这件商品。
6546,白色的有吗,1,该用户是在询问直播间展示的商品是否有白色款可供选择。
6547,是防风防雨的吗,1,该用户想询问商品是否具备防风防雨的功能特性。
6548,你身上的棉服,1,该用户可能是在询问主播身上所穿棉服的款式或购买信息。
6549,要主播,0,该用户想表达的含义是：希望主播展示或介绍自己身上穿的同款商品。
6550,几号,1,该用户想询问主播身上展示的服装的具体货号或商品编号。
6551,裤子,1,该用户可能在询问主播关于当前展示或提到的裤子的相关信息，比如款式、价格或尺码等。
6552,你的短裤有链接吗,1,该用户是在询问主播身上穿的短裤是否可以在直播间购买，表现出明确的购买意向。
6553,有男款没,1,该用户是在询问当前展示的商品是否有男性款式可选。
6554,有纯黑套装吗,1,该用户是在询问直播间是否售卖纯黑色款式的整套服装。
6555,体恤好看怎么买,1,该用户想表达的含义是：询问主播身上穿的T恤如何购买。
6556,羽绒服95鹅绒有没有,1,该用户想询问主播展示的羽绒服是否采用含绒量为95%的鹅绒材质。
6557,卫衣有吗,1,该用户想询问直播间是否有卫衣款式在售。
6558,已拍加急,1,该用户想表达的含义是：我已经下单并选择了加急发货服务。
6559,优惠券领了怎么没有,1,该用户想表达的是对已领取优惠券未生效的疑惑和不满。
6560,营销手段故意引流,0,该用户认为直播间的宣传策略存在虚假或夸大成分，目的是为了吸引流量而非真诚推销产品。
6561,没码了,1,该用户想表达的含义是：想要的商品尺码已经售罄了。
6562,来一波,1,该用户想表达的含义是：催促主播尽快上架或展示更多商品款式供选择。
6563,还有吗,1,该用户想询问当前展示的商品是否还有库存或其他款式可选。
6564,主播多高多重呀,1,该用户可能在询问主播的身高体重以参考服装尺码或上身效果。
6565,短袖,1,该用户可能在询问直播间是否有短袖款式可供购买。
6566,长款羽绒服有活动吗,1,该用户想询问长款羽绒服是否有促销优惠或折扣活动。
6567,什么时候能发货,1,该用户想确认商品下单后的具体配送时间，表现出对购买流程的务实关注和潜在的成交意向。
6568,真皮吗,1,该用户是在询问直播中展示的商品是否采用真皮材质。
6569,你好能直播21吗我想拍xl码,1,该用户是在询问主播能否展示21号商品并表达了自己想购买XL码的意愿。
6570,棉的么,1,该用户是在询问直播中展示的衣物是否为纯棉材质。
6571,平常穿41怎么拍你的鞋,1,该用户是在询问自己平时穿41码的鞋该如何选择购买尺码。
6572,羽绒服啥时候上,1,该用户想询问直播中即将推出的羽绒服产品的具体上架时间，表现出明确的购买意向和对该商品的关注。
6573,凭什么这么好看,1,该用户想表达的含义是：这款商品的设计或外观非常吸引人，让人忍不住想购买。
6574,已拍一件外套夹克可以加急发货么,1,该用户已经下单购买了外套夹克，现在希望商家能优先处理自己的订单尽快发货。
6575,我才买了10分钟现在99了,1,该用户想表达的含义是：刚购买完商品就降价，感到不满或吃亏。
6576,外套,1,该用户可能在询问主播是否有外套款式可供购买或想了解外套的相关信息。
6577,拍了加急谢谢,1,该用户想表达的含义是：我已经下单并选择了加急配送服务，请尽快处理发货。
6578,开吧,1,该用户想表达的含义是：催促主播开启某项活动或上架商品。
6579,女朋友好漂亮,0,该用户是在夸赞主播的外貌，可能借此表达对主播或直播内容的喜爱和关注。
6580,和双11一个价吗,1,该用户是在询问当前直播间的商品价格是否与双11促销时的优惠力度相同，以此判断是否值得立即购买。
6581,买了都不发货,1,该用户因下单后迟迟未收到发货信息而感到不满，质疑商家的发货效率或履约能力。
6582,保价双十一吗,1,该用户想确认当前商品的价格是否与双十一期间保持一致，以避免未来降价的风险。
6583,主播穿的裤子有木有,1,该用户想询问主播身上所穿的裤子是否在售。
6584,主播眼镜怎么卖,1,该用户想询问主播所戴眼镜的具体价格和购买方式。
6585,已拍,1,该用户想表达的含义是：我已经下单购买了商品。
6586,有贝壳头吗,1,该用户是在询问直播间是否有售卖阿迪达斯经典的贝壳头运动鞋款式。
6587,厚吗,1,该用户想询问商品的厚度是否合适。
6588,二十四号鞋,1,该用户想询问主播是否有24码的鞋子可供购买。
6589,内胆是怎样,1,该用户想询问商品内胆的具体材质或构造细节。
6590,看看卫衣,1,该用户想表达的含义是：想了解主播展示的卫衣款式或详情。
6591,上衣有没有能不能回答下,1,该用户是在询问主播展示的上衣是否有货并希望得到回复。
6592,真品吗,1,该用户想表达的含义是：质疑商品是否为官方正品，希望得到真实性保证。
6593,没了,1,该用户想表达的含义是：商品已经卖完了。
6594,篮球鞋,1,该用户可能在询问直播间是否有篮球鞋款式或相关产品信息。
6595,刚刚的白色衣服呢,1,该用户想表达的含义是：询问主播刚才展示过的白色款式服装是否还有货或能否再次介绍。
6596,黑色呢,1,该用户可能在询问主播之前展示过的某件黑色款式的商品是否还有货或能否再次展示。
6597,看看里面,1,该用户想表达的含义是：想进一步了解商品内部构造或细节展示。
6598,男主播穿穿看看,1,该用户希望男主播试穿展示当前推荐的商品效果。
6599,看后面,1,该用户可能是在催促主播展示商品的其他细节或背面款式。
6600,衣长多少啊,1,该用户想询问衣服的具体尺寸信息以评估是否适合自己购买。
6601,主播是短款吗,1,该用户是在询问主播身上穿的衣服是否为短款设计。
6602,有男卫上衣吗,1,该用户是在询问直播间是否有适合男性穿着的卫衣款式。
6603,我58年的,0,该用户想表达的含义是：询问主播展示的商品是否有适合58年出生人群的款式或尺寸。
6604,包包有吗,1,该用户想询问直播间是否有包类商品在售。
6605,发西藏吗,1,该用户想询问商品是否支持配送至西藏地区。
6606,a8440码的没有货吗,1,该用户是在询问商品“a8440”的特定尺码是否已经售罄。
6607,主播的裤子,1,该用户可能是在询问主播所穿裤子的款式或购买信息。
6608,看腿看腿,0,该用户可能在要求主播展示或关注服装的下身搭配效果。
6609,后面那个别重复了,0,该用户可能是对主播反复展示或介绍同一款产品感到不耐烦，希望跳过重复内容继续看其他新品。
6610,衣长多少,1,该用户想询问主播展示的服装款式的具体衣长尺寸信息。
6611,能扛住多少度,1,该用户想询问产品（可能是衣物或鞋）的耐高温性能或适用温度范围。
6612,没抢到,1,该用户因商品抢购失败而感到遗憾和失望。
6613,喉咙沙哑,0,该用户可能在暗示主播讲解时间过长导致声音嘶哑，委婉提醒注意休息或加快节奏。
6614,跟店里便宜多了,1,该用户想表达的含义是：直播间的价格比实体店优惠不少。
6615,帽子能拆吗,1,该用户想询问帽子的设计是否可拆卸，以了解产品的具体功能和实用性。
6616,今天有没有3xl的衣服,1,该用户是在询问直播间是否有适合大码身材的服装款式。
6617,身上外套几号链接,1,该用户想询问主播身上所穿外套的商品购买链接。
6618,太白了,1,该用户可能是在评价主播展示的衣物颜色过于浅淡或不够理想。
6619,主播多高穿的多大,1,该用户想询问主播的身高和所穿衣服的尺码作为购买参考。
6620,白色还有吗没有明天再来,1,该用户想询问白色款商品是否还有库存，如果没有的话就改天再来购买。
6621,跑步鞋上一波,1,该用户想表达的含义是：询问之前展示过的跑步鞋款式是否会再次上架销售。
6622,衣长多少,1,该用户想询问主播展示的服装具体尺寸信息，以判断是否适合自己的身材。
6623,卫衣多少克的卫衣多少克的卫衣多少克,1,该用户想询问主播身上卫衣的面料克重，以判断其厚度和质感是否适合自己。
6624,已拍14链接加急,1,该用户想表达的含义是：我已经下单购买了14号商品链接并选择了加急发货。
6625,没抢到,1,该用户想表达的是对未能成功购买到心仪商品的遗憾和失望。
6626,有羽绒马甲吗,1,该用户是在询问直播间是否有羽绒马甲这款商品可供购买。
6627,女款吗,1,该用户想询问当前展示的商品是否为女性款式。
6628,穿上看看,1,该用户希望主播现场试穿展示商品的实际效果。
6629,不起静电吧,1,该用户是在询问商品材质是否抗静电。
6630,介绍一下跑鞋,1,该用户希望主播详细讲解跑鞋的产品信息或功能特点。
6631,再来一波,1,该用户希望主播再次上架或补货之前提到的跑步鞋。
6632,有其它颜色吗,1,该用户想询问当前展示的商品是否还有其他颜色可选。
6633,看后边后背面,1,该用户希望主播展示商品背面或后方的细节。
6634,有别的颜色没,1,该用户想询问当前展示的商品是否有其他颜色可选。
6635,外套还有吗,1,该用户是在询问直播间里展示的外套是否还有库存可供购买。
6636,快点,1,该用户想催促主播加快节奏或尽快展示/上架商品。
6637,太白了,1,该用户想表达的含义是：这件衣服的白色款看起来颜色很正/很亮眼。
6638,有没有运费险,1,该用户是在确认商品的售后保障，关心退货时的运费承担问题，以此评估购买风险。
6639,主播回话,0,该用户可能是在催促主播回应自己或他人的提问，希望获得更直接的互动或商品信息确认。
6640,再看一下上脚效果被刚进来,1,该用户想表达的含义是：我刚进入直播间，想再看看主播展示鞋子的上脚效果。
6641,想要四号链接,1,该用户明确表达了想购买直播中四号链接商品的意愿。
6642,主播好美,0,该用户可能在通过夸赞主播的外表来拉近距离或活跃气氛，但并未直接表达对商品的购买意向。
6643,美女晚上好,0,该用户可能是出于礼貌打招呼，试图引起主播注意以便后续询问商品信息。
6644,主播怎么戴上眼镜,0,该用户可能是对主播佩戴的眼镜款式或效果产生兴趣，想进一步了解产品细节以便购买。
6645,脚上的鞋上连接,1,该用户想表达的含义是：请主播展示脚上穿的鞋子对应的商品链接。
6646,什么时候发货,1,该用户想确认商品的物流时效以便决定是否下单。
6647,怎么没有40的,1,该用户想表达的是对商品尺码不全的疑问，暗示自己想要购买40码但发现缺货。
6648,已拍请速发货,1,该用户想表达的含义是：我已经下单购买了商品，希望尽快收到货。
6649,多少度可以穿,1,该用户想询问这款衣服适合在什么气温范围内穿着。
6650,哦哦,0,该用户可能是在对主播的回应或展示内容表示恍然大悟或认同。
6651,女生身高160体重100适合穿多大码,1,该用户想询问适合自己身材的服装尺码，表现出对商品的购买意向和具体需求。
6652,有没有运费险,1,该用户是在询问商品是否提供退换货时的运费保障服务，以降低购买风险。
6653,主播穿l身高体重多少呀,1,该用户想询问主播的身高体重作为参考，以判断商品尺码是否适合自己。
6654,男卫衣,1,该用户可能在询问直播间是否有男款卫衣可供购买。
6655,女生145斤穿L还是M呢,1,该用户是在询问自己（或他人）的身高体重对应的合适服装尺码，表现出对产品具体尺寸信息的关注和潜在的购买意向。
6656,容量多少克,1,该用户想询问产品的具体重量规格。
6657,这是正品还是仿的,1,该用户是在询问商品的真实性，担心买到假货，想确认产品是否为官方正品。
6658,有没有加绒的无帽卫衣,1,该用户是在询问直播间是否有不带帽子且内里加绒的卫衣款式可供购买。
6659,这是羽绒服是棉服,1,该用户可能在询问当前展示的服装究竟是羽绒服还是棉服，以确认产品类型和保暖性能。
6660,还有加绒的外套吗,1,该用户想询问直播间是否还有加绒款外套的库存可供购买。
6661,没抢到,1,该用户想表达的含义是：对某个已售罄或抢购的商品感到遗憾和失望。
6662,裤子啊,1,该用户可能是在询问主播当前展示或提到的裤子款式、尺码或购买链接等相关信息。
6663,这是憋了多久没人跟你聊天啦,0,该用户可能在调侃主播因长时间专注介绍商品而显得话多急切，暗示其过于热情或缺乏互动节奏感。
6664,羽绒吗,1,该用户是在询问当前展示的商品是否为羽绒材质的产品。
6665,卫衣,1,该用户可能在询问主播展示的卫衣款式或相关信息。
6666,确实好看,1,该用户是在认可主播展示的商品款式或搭配效果，暗示有购买意向。
6667,她家裤子挺好的我们买了三条给儿子老公,1,该用户想表达的含义是：这家店的裤子质量不错，我们给家人买了三条。
6668,漂亮啊,1,该用户想表达的含义是：对直播中展示的商品款式或外观表示赞赏和喜爱。
6669,白色,1,该用户可能在询问主播展示的商品是否有白色款式可选。
6670,主播穿的多大,1,该用户想询问主播所穿衣服的具体尺码作为自己的购买参考。
6671,主播想看40号,1,该用户想表达的含义是：希望主播展示或介绍40号商品的具体信息。
6672,主播什么码,1,该用户是在询问主播身上所穿衣服的具体尺码。
6673,你身上是哪个码,1,该用户是在询问主播身上所穿衣服的具体尺码。
6674,冲锋衣看下,1,该用户希望主播展示或详细介绍冲锋衣这款产品。
6675,想要羽绒服,1,该用户表达了对直播中展示的羽绒服有明确的购买意向。
6676,主播穿什么码,1,该用户是在询问主播身上所穿服装的具体尺码，以便参考购买。
6677,内蒙古邮寄吗,1,该用户是在询问商品是否支持邮寄到内蒙古地区，表达了对产品的潜在购买意向。
6678,下午好,0,该用户可能是在打招呼或试图引起主播注意，以便后续询问商品信息或参与互动。
6679,腿好粗,0,该用户可能是在调侃或评价主播的身材，暗示主播的腿部看起来较粗壮。
6680,羽绒服型号600的刚才在42号链接的现在没有了那款,1,该用户想表达的含义是：之前看到的600型号羽绒服在42号链接里已经下架了，询问是否还能购买。
6681,呼呼,0,该用户可能是在模仿轻松愉快的语气，表达对当前直播氛围的融入或对主播展示商品的随意附和。
6682,已拍鞋我要白色备注一下,1,该用户已经下单购买了鞋子，并希望商家注意将商品颜色发成白色。
6683,主播穿的多大,1,该用户是在询问主播身上所穿衣服的具体尺码信息。
6684,女款有吗,1,该用户是在询问当前展示的商品是否有女性款式可供选择。
6685,这价格能是正品,1,该用户对商品的真伪表示怀疑，认为当前的价格过于低廉可能无法保证是正品。
6686,没尺码,1,该用户想表达的含义是：商品没有适合自己的尺码。
6687,格局打开,0,该用户可能是在调侃或鼓励主播展示更多款式的商品，暗示不要局限于当前介绍的品类。
6688,是啥意思,0,该用户可能是在询问主播提到的某件商品的具体含义或细节，比如款式、尺码、型号等未明确说明的信息。
6689,衣长多少,1,该用户想了解主播身上衣服的具体长度尺寸信息。
6690,好看,1,该用户可能是在称赞主播展示的服装款式或上身效果不错，隐含对商品的认可和潜在购买意向。
6691,外衣,1,该用户可能是在询问主播身上穿的外衣款式或购买链接。
6692,主播是真的好看,0,该用户可能是在夸赞主播的外貌魅力，以此表达对直播内容的认可或对主播个人的好感，但并未直接表现出对商品的购买兴趣。
6693,已拍,1,该用户想表达的含义是：我已经下单购买了商品。
6694,程程带眼镜好有感觉啊,0,该用户是在夸赞主播戴眼镜的造型很有魅力，表达了对主播外貌的欣赏而非直接的购买意向。
6695,上白色,1,该用户想表达的是希望购买或查看商品中的白色款式。
6696,没有衣长,1,该用户想表达的含义是：商品详情里缺少衣服长度的信息。
6697,转一圈看看,1,该用户想表达的含义是：让主播展示一下商品的整体效果或不同角度。
6698,搞我们,1,该用户可能是在催促主播加快节奏或上架更多商品，表达一种急切参与抢购的情绪。
6699,呢男款鸭绒面包羽绒服上不上车,1,该用户是在询问主播是否会推出男款鸭绒面包羽绒服的购买链接。
6700,加绒裤子,1,该用户可能在询问主播是否有加绒款式的裤子可供购买。
6701,码不偏吧,1,该用户是在询问衣服的尺码是否标准，担心实际尺寸与标注不符。
6702,已拍,1,该用户想表达的含义是：我已经下单购买了这款商品。
6703,想要主播身上外套,1,该用户想表达的是对主播同款外套有购买意向，希望了解商品信息或获取购买链接。
6704,下吧,0,该用户是在催促主播尽快上架或展示某款商品。
6705,只有看的份了没大码,1,该用户想表达的含义是：商品没有适合自己的大尺码，感到遗憾和无奈。
6706,有黑色吗,1,该用户想询问直播中展示的商品是否有黑色款式可供选择。
6707,什么年代了还穿长款,1,该用户可能是在质疑当前展示的长款服装款式过时，暗示主播应该推荐更时尚的短款设计。
6708,几号,1,该用户想询问商品的具体上架或开售时间。
6709,冬天可以穿吗,1,该用户是在询问当前展示的服装是否适合冬季穿着，以评估其购买实用性。
6710,不用了,0,该用户想表达的含义是：暂时不需要购买或对当前推荐的商品不感兴趣。
6711,能减到99吗,1,该用户是在询问商品价格能否优惠到99元。
6712,上衣上了没,1,该用户是在询问主播是否已经开始售卖或展示某款上衣商品。
6713,没有你好看,0,该用户是在夸赞主播的外貌或气质比展示的商品更吸引人。
6714,主播啥尺码,1,该用户想询问主播所展示商品的尺码信息，以判断是否适合自己的身材。
6715,多大码,1,该用户想询问商品的具体尺码信息，可能是担心没有适合自己的号码。
6716,我要,1,该用户想表达的是“我要购买这件商品”或“我要下单”。
6717,这是男鞋还是女鞋,1,该用户想确认鞋款的适用性别以便判断是否符合自己的购买需求。
6718,白色还有吗,1,该用户想询问直播间展示的商品中白色款是否仍有库存可供购买。
6719,鞋码偏大吗,1,该用户是在询问商品的尺码是否比标准尺寸大，以确认自己是否需要调整选购尺码。
6720,没拍到,1,该用户因手速或库存原因未能成功抢购到心仪商品，感到遗憾和不甘。
6721,要睡觉了外套尺码,1,该用户想询问主播所展示的外套尺码信息，可能是准备下单但需要确认尺寸合适与否。
6722,主播又漂亮了,0,该用户可能在通过夸赞主播的外貌来拉近距离，为后续询问商品信息或讨价还价做铺垫。
6723,模特裤子是哪件,1,该用户想询问直播中模特所穿裤子的商品链接或具体款式信息。
6724,裤子,1,该用户可能在询问主播身上穿的裤子是否是直播间正在售卖的商品。
6725,什么颜色,1,该用户想询问当前展示商品的具体颜色选项。
6726,尺码标准吗,1,该用户是在询问商品的尺码是否与常规标准一致，以便判断自己是否需要调整选购尺寸。
6727,已拍,1,该用户想表达的含义是：我已经下单购买了这款商品。
6728,看里面,1,该用户想表达的含义是：想了解商品内部构造或细节展示。
6729,上衣上了没,1,该用户是在询问主播是否已经开始售卖或展示上衣产品。
6730,什么时候开始,1,该用户想询问直播中某个商品或活动的具体开售时间。
6731,看下后面,1,该用户想表达的含义是：让主播展示接下来要介绍的商品款式或品类。
6732,这段掐出来单播,0,该用户想表达的含义是：希望主播把当前展示的片段单独重播一遍以便更清楚地了解商品细节。
6733,里面的卫衣看下,1,该用户想表达的含义是：让主播展示或详细介绍卫衣的内搭效果或细节。
6734,两面穿是吧,1,该用户是在询问主播展示的商品是否支持正反两面穿着。
6735,卖酒啊,1,该用户可能是对当前直播内容突然转向酒类商品感到意外或不满，暗示主播应该继续之前讨论的服饰类商品。
6736,脚踝小哥哥,0,该用户可能是想询问或关注直播中展示鞋款的模特脚踝细节。
6737,这是多大的,1,该用户想询问当前展示商品的尺寸规格。
6738,娇韵诗双萃有吗上一下吗,1,该用户是在询问直播间是否会上架娇韵诗双萃精华产品，并表现出明确的购买意向。
6739,老罗又找到对口的了聊的真嗨呀不卖货了,0,该用户是在调侃主播只顾着闲聊而偏离了直播卖货的主题。
6740,王建国呢,0,该用户可能在询问主播或嘉宾“王建国”的去向，表达对其出现或参与的期待。
6741,都是你子公司的产品不用介绍了,0,该用户想表达的含义是：我对你们集团旗下的产品已经很熟悉了，不需要再详细介绍了。
6742,双11是大王,0,该用户想表达的含义是：双11期间这个品牌的优惠力度最大，值得优先购买。
6743,王建国是谁,0,"该用户可能在询问主播或嘉宾""王建国""的去向或身份，暗示对当前偏离产品介绍的闲聊内容感到不耐烦。"
6744,TF细黑管52裸玫瑰,1,"该用户是在询问或表达对TF品牌细黑管52号色""裸玫瑰""这款口红产品的兴趣或购买意向。"
6745,笨甲酸钠字都不对,0,该用户可能在吐槽直播中出现的错别字或产品名称错误，表达对字幕或文案不专业的不满。
6746,LV包包不讲解吗,1,该用户想表达的含义是：希望主播详细介绍LV包包的款式或优惠信息。
6747,马蒙还有嘛,1,该用户是在询问直播中提到的“马蒙”这款商品是否还有库存或是否会继续上架销售。
6748,绿色,1,该用户想表达的含义是：询问当前展示的商品是否有绿色款可选。
6749,这不是你收购公司的产品吗,0,该用户可能是在调侃或质疑主播推荐的产品与其母公司有关联，暗示产品推荐缺乏独立性。
6750,有没有speedynano呀,1,该用户是在询问直播间是否有售卖“speedynano”这款产品。
6751,熊猫怎么没码了,1,该用户想表达的含义是：询问直播中提到的熊猫图案商品为什么没有合适的尺码可选了。
6752,文君的发缝是不是有点宽了,0,该用户可能在委婉地询问主播的发际线状况，暗示对主播形象或产品（如护发类商品）的关注。
6753,锤子,0,该用户可能是在调侃或询问主播关于“锤子”手机或相关产品的信息。
6754,话费充值在哪个链接,1,该用户可能在询问直播间内话费充值产品的购买入口，表现出对这项服务的具体购买意向。
6755,没有海盐绿吗,1,该用户想表达的含义是：询问直播间是否有海盐绿颜色的商品在售。
6756,今晚有小黑瓶嘛,1,该用户是在询问直播间是否会上架兰蔻小黑瓶精华产品。
6757,啥时候叫呼兰,0,该用户可能在询问主播何时会邀请脱口秀演员呼兰参与直播互动或带货。
6758,25号开价了没,1,该用户是在询问某款商品（可能是25号链接或编号的商品）是否已经开始售卖或公布价格。
6759,没了,1,该用户想表达的含义是：刚才提到的商品已经售罄了。
6760,洗碗机呢,1,该用户是在询问直播间是否会上架或介绍洗碗机产品。
6761,日期如何,1,该用户可能在询问商品的生产日期、保质期或促销活动的截止时间。
6762,肩带是黑色吗肩带是黑色吗肩带是黑色吗肩带是黑色吗,1,该用户迫切想确认产品肩带的颜色是否为黑色，表现出对商品的细节关注和潜在购买意向。
6763,看一下14号,1,该用户想询问直播中展示的14号商品的具体信息或购买链接。
6764,垫是厚的呐,1,该用户可能在询问直播中展示的某款产品（如鞋垫、坐垫等）的厚度是否为加厚款。
6765,朋友就是朋友,0,该用户可能在吐槽直播间频繁推销商品而缺乏真诚互动，暗示主播应该更注重朋友般的自然交流而非单纯卖货。
6766,大局观,0,该用户可能是在调侃主播过于关注细节而忽略了整体节奏或产品全貌，暗示应该从更宏观的角度来介绍商品。
6767,刘垒辉在你们直播间吗,0,该用户可能在询问某位特定人物（刘垒辉）是否参与或出现在直播中，可能是出于对该人物的关注或想确认其与直播内容的关联。
6768,12年,0,该用户可能在询问某款产品的生产年份或保质期剩余时间。
6769,不配送啊,1,该用户想表达的含义是：商品无法配送到自己所在的地区。
6770,375没了,1,该用户想表达的含义是：商品编号375的款式已经售罄了。
6771,唇油有嘛有需求,1,该用户想询问直播间是否有唇油产品并表达了自己的购买意向。
6772,我来看李雪琴的,0,该用户主要是为了观看明星嘉宾李雪琴而进入直播间，并非直接表达对商品的购买兴趣。
6773,粉色,1,该用户可能是在询问或确认当前展示的商品是否有粉色款式可选。
6774,178120选哪个码呀,1,该用户是在询问商品尺码的选择建议，不确定自己适合178还是120的型号。
6775,呼兰呼兰呼兰来了吗,0,该用户是在询问主播呼兰是否已经来到直播间参与互动。
6776,链接呢,1,该用户可能在询问商品的购买链接，表现出对当前或之前提到的某款产品有购买意向。
6777,中号正好,1,该用户想表达的含义是：中号的尺码刚好符合自己的需求。
6778,建国是瘦了吗,0,该用户可能在询问主播或嘉宾的外形变化，暗示对人物形象的关注而非直接购买意向。
6779,苹果14pm确实也香,1,该用户认为iPhone 14 Pro Max这款产品确实很有吸引力，表达了对商品的认可和潜在购买意向。
6780,说好的只有志胜2个呢,0,该用户可能在质疑直播间的商品数量与之前宣传的不符，表达了对库存或承诺未兑现的不满。
6781,我要耳机就行了,1,该用户想表达的含义是：我只对耳机感兴趣，其他产品不需要介绍。
6782,能不能邀请卡姆来一次啊,0,该用户希望直播间能邀请脱口秀演员卡姆参与互动或合作。
6783,带配饰温柔,1,该用户可能是在询问或建议主播展示带有配饰的温柔风格商品。
6784,老罗是个狠人啊,0,该用户是在感叹主播（老罗）的表现或推销手段非常厉害，让人印象深刻或佩服。
6785,有仿品吗,1,该用户可能在询问直播间售卖的商品是否存在外观或功能相似的替代品。
6786,嚯哈哈哈哈哈马上谐音梗王子就来了,0,该用户是在调侃即将登场的嘉宾擅长玩谐音梗，并对此感到期待和兴奋。
6787,有霜吗,1,该用户是在询问直播中展示的商品是否附带霜类赠品或配套产品。
6788,已拍,1,该用户想表达的含义是：我已经下单购买了商品。
6789,漂亮啊,1,该用户可能是在称赞直播中展示的商品外观或主播的穿搭好看，表达了对产品的欣赏和潜在的购买兴趣。
6790,12号,1,该用户可能在询问或确认直播间正在介绍或展示的12号商品的具体信息或购买链接。
6791,哈哈哈,0,该用户可能是被直播中的幽默互动或搞笑内容逗乐，表达轻松愉快的情绪而非明确的购买意向。
6792,好看想要,1,该用户被直播内容吸引，表达了对展示商品的喜爱和购买意愿。
6793,手镯,1,该用户可能是在询问手镯的商品信息或表达对展示手镯的兴趣。
6794,交个朋友就这一个抖音直播间吗,0,该用户可能是在询问该品牌或主播是否只在当前平台开设了唯一的官方直播间，想确认是否有其他渠道可以关注或购买。
6795,修丽可色修讲讲修丽可色修讲讲修丽可色修讲讲修丽可色修讲讲,1,该用户迫切希望主播详细讲解“修丽可色修”产品的功能或优惠信息。  （释义依据：连续重复产品名称是典型的需求强调行为，结合直播购物场景中高频出现的产品咨询类弹幕，可判断用户对这款护肤品有明确购买意向，试图通过刷屏引起主播注意。）
6796,女生平时36这双什么码,1,该用户是在询问自己平时穿36码的女鞋，购买当前直播展示的这双鞋应该选择什么尺码。
6797,2套,1,该用户想表达的含义是：我要购买两套这个商品。  （结合前文弹幕中频繁出现的购物相关讨论，如“中号正好”“已拍”“好看想要”等，可推断“2套”是明确的购买意向表达，可能是对主播推荐商品的直接回应。）
6798,这么垃圾的衣服也拿来卖,0,该用户想表达的含义是：对直播中展示的服装质量感到不满，认为不值得售卖。
6799,小爽好适合播服饰穿什么我都想买,1,该用户想表达的含义是：主播的服饰穿搭风格非常吸引人，让我产生了强烈的购买欲望。
6800,戒指怎么量尺寸,1,该用户想询问戒指的尺寸测量方法，可能对当前展示的饰品产生了购买意向并希望确认合适尺码。
6801,中福袋,0,该用户想表达的含义是：希望自己能抽中直播间发放的福利奖品。
6802,自己买,1,该用户想表达的是“我要下单购买这个商品”。  （结合前文弹幕中频繁出现的购买意向表达如“已拍”“好看想要”“2套”等，以及部分用户对商品细节的询问，可推断“自己买”是直接且明确的购买意愿表态，语气简洁果断，符合直播间的即时消费场景。）
6803,哈哈哈哈哈哈哈哈,0,该用户可能被直播间的幽默互动或搞笑内容逗乐，单纯表达欢乐情绪而非购物意向。
6804,今晚有小黑瓶嘛,1,该用户是在询问直播间今晚是否会上架兰蔻小黑瓶产品。
6805,建国啥时候出场,0,该用户是在询问主播或嘉宾“建国”这个人物何时会出现在直播中，表现出对特定人物的关注和期待。
6806,那么厉害吗,0,该用户可能对主播介绍的产品功效或表现感到惊讶，并隐含进一步了解或购买的意愿。
6807,已拍,1,该用户想表达的含义是：我已经下单购买了这款商品。
6808,陕西榆林可以发货啊,1,该用户是在确认商品是否支持发往陕西榆林地区，表现出对该地区物流覆盖情况的关注和潜在的购买意向。
6809,我以为垃圾桶,0,该用户可能是在吐槽当前展示的商品外观或功能与垃圾桶相似，表达了对产品设计的不满或意外感。
6810,文君我爱你,0,该用户是在向主播文君表达喜爱和支持的情感，属于互动型弹幕而非直接购买意向。
6811,早早早,0,该用户可能是在打招呼或表达对直播开场的兴奋情绪，并无明确的购买意向。
6812,子豪你个大帅比,0,该用户是在以玩笑夸赞主播的方式表达对直播内容的喜爱和互动热情。
6813,包包是大的吗,1,该用户想询问这款包包的尺寸是否属于大号款式。
6814,俊俊老师好帅呢,0,该用户是在表达对主播外表的赞赏，但并未直接体现购买意向，更多是互动性的夸赞。
6815,男生可以买戴帽子的女生款吗,1,该用户是在询问男生是否适合购买直播间展示的女款带帽服饰。
6816,不支持来不了,0,该用户想表达的含义是：由于物流或地区限制无法购买商品。
6817,女主播身上衣服哪里有,1,该用户想询问主播所穿服装的购买链接或来源。
6818,建国大气,0,该用户是在夸赞主播“建国”的表现大方得体或产品展示有格调。
6819,又涨价,0,该用户对商品价格上调感到不满或失望。
6820,40码有木有,1,该用户是在询问主播所展示的商品是否有40码的尺码可供购买。
6821,罗建国,0,该用户可能在询问或提及主播“罗建国”何时会出现或对其表现表示关注。
6822,想啥呢,0,该用户可能是在催促主播尽快展示或介绍某款商品，表达了一种急切或不耐烦的情绪。
6823,有红地球粉底液吗,1,该用户是在询问直播间是否有售卖红地球品牌的粉底液产品。
6824,龙哥晚上好,0,该用户是在向主播“龙哥”礼貌问候，表达友好互动意愿，但未直接体现购买意向。
6825,资生堂蓝胖子有吗资生堂蓝胖子有吗资生堂蓝胖子有吗资生堂蓝胖子有吗资生堂蓝胖子有吗,1,该用户急切地询问直播间是否售卖资生堂蓝胖子防晒产品，并通过重复刷屏的方式强调自己的购买需求。
6826,老罗可以去德云社啦,0,该用户是在调侃主播罗建国的幽默表现，暗示他适合去德云社说相声。
6827,感觉哥们要绿,0,该用户可能在调侃主播或直播间氛围，暗示当前互动内容偏离了商品主题（如主播与其他人的互动显得过于亲密或玩笑过度），带有戏谑或轻微不满的情绪。
6828,王建国阿讲个段子,0,该用户希望主播王建国能即兴表演一段幽默内容来活跃气氛。
6829,有小灯泡吗,1,该用户是在询问直播间是否有售卖“小灯泡”这款产品。
6830,他是老板,0,该用户可能在调侃或强调主播的身份地位，暗示其话语权或商品可信度较高。
6831,李爽我来了,0,该用户可能是以粉丝身份热情打招呼，表达对主播李爽的支持或喜爱，但并未直接体现购买意向。
6832,罗老师啥时候来,0,该用户可能在询问主播罗老师（或昵称类似的角色）何时会出现在直播间参与互动或带货。
6833,罗总好,0,该用户是在向主播罗总打招呼或表达对其出场的期待。
6834,最靠谱的直播间,0,该用户想表达的含义是：这个直播间的主播或商品比其他渠道更值得信赖。
6835,来看主播的,0,该用户是在表达对主播个人的关注和支持，而非针对具体商品的购买意向。
6836,李正,0,该用户可能在呼唤或询问主播团队中的某位成员“李正”是否在场或能否回应。
6837,大鹏有生活,0,该用户可能是在询问主播“大鹏（疑似主播或品牌名）是否有日常生活用品在售”。  （结合前文弹幕中频繁出现的具体商品询问（如衣服、粉底液、蓝胖子等），以及主播相关称呼（罗建国、老罗等），推测“大鹏”可能是主播昵称或品牌名，而“有生活”是口语化省略表达，指代生活类商品。）
6838,建国老师呢,0,该用户可能在询问主播罗建国（或昵称“建国”）的去向或出场时间，表达了对特定人物的关注或期待其参与直播互动。
6839,女主播是真的好看,0,该用户主要是在夸赞主播的外貌吸引力，而非直接表达对商品的购买兴趣。
6840,没抢到,1,该用户想表达的是对未能成功购买到心仪商品的遗憾和失落。
6841,3号链接不是全新的吗,1,该用户可能对3号链接商品的新旧状态存疑，想确认其是否为全新未使用过的产品。
6842,什么颜色,1,该用户可能在询问当前展示商品的可选颜色款式。
6843,耳钉,1,该用户可能是在询问直播间是否有耳钉商品在售或对展示的耳钉款式感兴趣。
6844,郎才女貌,0,该用户想表达的含义是：称赞主播和搭档的外貌般配，带有轻松调侃的意味。  （结合前文弹幕中频繁出现对主播外貌的评论（如“女主播是真的好看”）和互动氛围的娱乐性（如“老罗可以去德云社啦”），可推断此弹幕是观众对直播画面中人物形象的即兴调侃，而非直接购买意向的表达。）
6845,布袋那个单肩包背一下看看,1,该用户希望主播展示一下单肩包的上身效果以便评估是否购买。
6846,这是个笔筒,1,该用户可能在询问或确认直播中展示的产品是否是一个笔筒。
6847,建国呢,0,该用户可能在询问主播或嘉宾“王建国”的去向或何时出现。
6848,雅诗兰黛的粉底液有没有,1,该用户是在询问直播间是否有售卖雅诗兰黛品牌的粉底液产品。
6849,我要锤子手机,1,该用户想表达的是对锤子手机有明确的购买意向或需求。
6850,雅诗兰黛水有吗,1,该用户是在询问直播间是否有售卖雅诗兰黛品牌的护肤水产品。
6851,绿色没有吗,1,该用户想询问当前展示的商品是否有绿色款式可供选择。
6852,蔻驰的包能介绍一下吗,1,该用户对蔻驰品牌的包款产生了兴趣，希望主播能详细讲解产品信息以便进一步了解。
6853,面膜几片,1,该用户想询问面膜的包装规格或单片数量。
6854,日期如何,1,该用户可能在询问商品的保质期或生产日期信息。
6855,榜二就是重新加载,0,该用户可能在质疑或调侃当前直播间榜单排名的真实性，暗示榜二用户是通过反复刷新页面（重新加载）来人为提升排名数据的。
6856,买水送面霜吗,1,该用户是在询问购买雅诗兰黛的爽肤水产品是否会附赠面霜作为赠品。
6857,王建国呢,0,该用户可能在询问主播王建国的去向或为何未出现在直播中，表达了对这位嘉宾的关注或期待。
6858,主播最美,0,该用户是在夸赞主播的外貌以表达好感或活跃气氛，但并未直接表现出对商品的购买兴趣。
6859,有建国码吗,1,该用户想询问主播是否有特定商品（可能是与“建国”相关的款式或型号）的购买链接或库存。
6860,发货快吗,1,该用户想确认商品的物流时效是否满足其快速收货的需求。
6861,朋友朋友朋友,0,该用户可能是想通过重复“朋友”来引起主播或朋友的注意，表达互动或寻求帮助的意图。
6862,新日期吗,1,该用户是在询问当前展示的商品是否为近期生产的新货。
6863,白了,0,该用户可能是在询问或确认某款产品是否有“白色”的款式或颜色可选。
6864,9号表看看,1,该用户想表达的含义是：想看看9号手表的展示或详细介绍。
6865,加班可还行,0,该用户可能是在调侃或抱怨直播时间安排得太晚，暗示“这么晚还在直播让观众加班看，不太合适吧”。
6866,今天还有马蒙吗,0,该用户是在询问直播间今天是否还有某款名为“马蒙”的商品库存或促销活动。
6867,龙哥在家被封控了20天了工资不发房贷还不了求安慰,0,该用户是在借弹幕倾诉个人生活困境，寻求情感支持而非表达购物意向。
6868,贴贴,0,该用户想表达的含义是：想和主播或其他观众互动亲近，表达友好或支持的情绪。
6869,女主播真好看,0,该用户是在夸赞主播的外貌以活跃气氛或表达好感，但并未直接表现出对商品的购买兴趣。
6870,哈哈哈哈,0,该用户可能被直播间的轻松氛围或主播的幽默互动逗乐，用笑声表达愉悦情绪而非直接购物意向。
6871,有兰蔻粉水吗,1,该用户是在询问直播间是否有售卖兰蔻粉水这款产品。
6872,玫红,1,该用户想表达的含义是：询问主播展示的商品是否有玫红色款式可选。
6873,说错大哥的名字发红包,0,该用户是在调侃主播口误，要求主播为叫错名字而发红包补偿。
6874,老罗呢,0,该用户可能在询问主播罗永浩的去向或为何未出现在直播中。
6875,除了子豪最喜欢你俩,0,该用户想表达的含义是：在主播团队中，除了子豪之外，自己最偏爱另外两位成员。
6876,大局观,0,该用户可能在调侃主播对商品介绍或互动话题缺乏整体把控，暗示应该更全面地考虑观众需求或直播节奏。
6877,好看,1,该用户想表达的含义是：对直播中展示的商品或主播的穿搭表示赞赏和喜爱。
6878,全新吗,1,该用户是在询问直播中所展示的商品是否为未拆封的全新正品。
6879,主播穿的是多大的啊,1,该用户想询问主播身上所穿服装的具体尺码信息。
6880,主播穿了吗,1,该用户想询问主播是否亲自试穿了所展示的商品。
6881,灰粉色可以试一下嘛,1,该用户想询问主播是否可以展示灰粉色款式的商品上身效果。
6882,这包儿能煲汤吗,1,该用户是在询问这款包是否具备耐高温的实用功能，可以用于烹饪场景。
6883,加绒不亲爱的,1,该用户可能是想询问主播展示的衣物是否有加绒款式，但输入时因手误或分心导致后半句语义不连贯。
6884,爱了爱了,0,该用户被直播内容或产品吸引，表达强烈的喜爱和认同情绪。
6885,l俊俊老师好清爽呢今天,0,该用户想表达的含义是：称赞主播今天的整体形象清新自然，给人舒适愉悦的感觉。
6886,身高180体重155什么吗,1,该用户可能在询问主播展示的服装或商品的尺码是否适合身高180cm、体重155斤的人穿着。
6887,已经下单,1,该用户想表达的含义是：我已经完成了购买行为。
6888,上链接,1,"该用户急切催促主播尽快开放商品购买通道。  （结合前文弹幕中频繁出现的产品细节询问（如尺寸、颜色、功能）、已出现的购买行为（""已经下单""）以及互动氛围，可推断当前语境下用户对商品产生兴趣后，通过简洁指令表达立即购买的诉求。）"
6889,图图老师,0,该用户可能在用昵称或特定称谓表达对主播的亲切感或互动兴趣。
6890,130上一件,1,该用户是在催促主播以130元的价格上架当前展示的商品。
6891,没了,1,该用户想表达的含义是：商品已经售罄或抢购一空了。
6892,爽子的观音菩萨造型不想看了怎么还补换文君林多啦,0,"该用户可能在抱怨主播频繁更换展示的服装款式，表达对当前造型（观音菩萨主题）的不满，并催促换回之前更受欢迎的""文君林""或""多啦""风格的服饰。"
6893,李正呢,0,该用户可能在询问主播团队中某位成员（李正）的去向或为何未出现在直播中。
6894,李雪琴还好吗,0,该用户可能在询问主播李雪琴为何没有出现在直播中，表达了对她的关注或期待她参与互动的意愿。
6895,建国爱酒,0,"该用户可能是想询问主播是否推荐或展示过名为""建国""的品牌酒类产品，或是用昵称表达对某款酒的喜爱。"
6896,包装是咋样的,1,该用户想了解产品的包装外观或材质等细节信息，以辅助购买决策。
6897,李正裤子,0,该用户可能在询问主播或工作人员关于“李正”款式的裤子是否有货或能否展示详情。
6898,建国几点,0,该用户可能在询问主播“建国”这个角色或商品相关的出场时间或活动安排。
6899,支持罗罗买了,0,该用户想表达的含义是：因为支持主播罗罗，所以决定购买产品。
6900,娇兰还有货吗,1,该用户是在询问娇兰产品当前的库存情况，表现出明确的购买意向和潜在的抢购紧迫感。
6901,美式就是饱腹感,1,该用户想表达的含义是：美式风格的设计或款式让人感觉实用且能满足日常需求。
6902,徐志胜来了,0,该用户可能在询问或调侃直播间是否邀请了嘉宾徐志胜参与互动。
6903,卡啦,0,该用户可能是在催促主播尽快上架或展示某款名为“卡啦”的商品。
6904,哆啦吗,0,该用户可能在询问主播或嘉宾“哆啦”是否在场或参与活动。
6905,小孩的面霜有吗,1,该用户是在询问直播间是否有售卖儿童面霜产品。
6906,哈哈哈,0,该用户可能在直播间的轻松氛围中被某个幽默片段或主播的搞笑互动逗乐，用“哈哈哈”表达即时愉悦情绪而非直接购买意向。
6907,李正裤子,1,该用户可能在询问主播李正穿的裤子是否有售卖或想了解相关产品信息。
6908,穿上看看,1,该用户希望主播或模特现场试穿展示商品效果。
6909,想要想要,1,该用户想表达对当前展示商品的强烈购买欲望。
6910,拍了两件,1,该用户想表达的是自己已经下单购买了两件商品。
6911,140斤能穿吗,1,该用户是在询问直播展示的服装款式是否适合体重140斤的人穿着。
6912,老出味道了,0,该用户想表达的含义是：这产品的味道太浓了/味道过于明显。  （结合前文弹幕中关于产品试用、包装、尺码等具体讨论，可推测用户可能在评价商品的嗅觉体验，隐含对气味强度的吐槽或提醒。）
6913,孕妇用品,1,该用户可能在询问直播间是否有适合孕妇使用的相关产品。
6914,米色能看看吗,1,该用户想询问主播能否展示米色款式的商品实物效果。
6915,建国,0,该用户可能在询问主播或嘉宾“建国”相关的产品信息或互动安排。
6916,好看,1,该用户想表达的含义是：对直播中展示的商品款式或外观表示赞赏和喜爱。
6917,李振看这里李振看这里李振看这里,0,该用户可能在急切呼唤主播或工作人员“李振”回应自己的问题或展示某款商品。
6918,建国牌不锈钢哈哈,0,该用户可能在调侃主播或品牌名称，同时表达对“建国牌不锈钢”产品的兴趣或好奇。
6919,哈哈哈哈哈哈哈哈,0,该用户可能被直播间的搞笑互动或主播的幽默表现逗乐，用连续笑声表达轻松愉悦的情绪，但并未直接体现购买意向。
6920,小棕瓶有么,1,该用户是在询问直播间是否有售卖雅诗兰黛小棕瓶精华产品。
6921,上午好,0,该用户可能是在打招呼或活跃气氛，试图融入直播间的互动氛围中。
6922,发财桶有盒子吗,1,该用户是在询问直播中提到的“发财桶”这款产品是否附带包装盒。
6923,包包好漂亮,1,该用户被直播展示的包包款式吸引，产生了明显的购买兴趣。
6924,李正啥时候上链接,1,该用户急切询问主播何时开放购买链接，表现出对当前展示商品的强烈购买意愿。
6925,有白色吗,1,该用户是在询问当前展示的商品是否有白色款式可供选择。
6926,今天有没有aj啊昨晚忘了下单了,1,该用户想询问直播间今天是否会上架AJ（Air Jordan）系列产品，因为自己错过了前一晚的购买机会。
6927,有运费险不,1,该用户是在确认商品是否支持退换货时产生的运费保障，以此评估购买风险。
6928,抢不到了,1,该用户可能因商品抢手或库存紧张而感到遗憾，表达了自己没能及时购买到的失望情绪。
6929,没抢到,1,该用户想表达的是对未能成功购买心仪商品的遗憾和急切心情。
6930,人漂亮项链一般,0,该用户认为主播的外貌出众，但对展示的项链款式或品质不太满意。
6931,建国还没吃饱呢,0,该用户可能在调侃主播或品牌名称“建国”，以幽默方式暗示产品展示时间过长或节奏拖沓。
6932,好的,0,该用户可能是在对主播的某个推荐或解释表示认可和接受，准备下单或参与互动。
6933,宇宙的劲头是铁岭,0,该用户可能在玩梗或调侃主播的名字“建国”，用无厘头的幽默表达来活跃气氛或引起注意。
6934,正品吗,1,该用户是在询问商品是否为官方正品，表达了对产品质量的担忧和潜在的购买意向。
6935,主播用的什么粉底,1,该用户对主播使用的粉底产品产生了兴趣，想要了解具体品牌或型号以便购买。
6936,三代有吗,1,该用户是在询问直播间是否有售卖第三代产品（可能是之前讨论过的某个系列的新款）。
6937,建国,0,该用户可能在调侃或呼应之前提到的“建国牌不锈钢”或“建国还没吃饱呢”的玩笑，以轻松互动的方式参与直播氛围。
6938,为主播点赞,0,该用户可能是在通过互动行为（点赞）表达对主播的认可或支持，但并未直接表现出明确的购买意向。
6939,可以机洗吗,1,该用户想询问直播展示的商品是否支持洗衣机清洗的功能。
6940,你俩最好是,0,该用户可能在调侃主播或品牌方，暗示他们之前的承诺或互动表现不够真诚，带有玩笑性质的质疑。
6941,表带是不是很细的那种,1,该用户可能在询问表带的宽度细节，以确认产品是否符合自己的审美或佩戴需求。
6942,有马蒙22吗,1,该用户是在询问直播间是否有“马蒙22”这款商品。
6943,没有中奖呀,0,该用户可能因参与直播间的抽奖活动未获奖而感到失望或遗憾。
6944,黎明也来主播了,0,该用户可能是在调侃直播间突然出现的意外情况，用幽默的方式暗示有其他知名人物（如明星“黎明”）意外加入直播，以此活跃气氛或表达惊喜。
6945,雪琴呢,0,该用户可能在询问或调侃直播中某位缺席的嘉宾或主持人（雪琴）的去向。
6946,购的芧台怎么是11月15日后发,1,该用户想表达的含义是：询问购买的茅台为何要等到11月15日之后才发货，对发货时间延迟感到疑惑或不满。
6947,5号链接有小号吗不要迷你,1,该用户想询问5号链接的商品是否有常规尺码（而非迷你款）。
6948,买过两个,1,该用户想表达自己之前已经购买过两次同类产品。
6949,海蓝之谜唇膏,1,该用户可能在询问主播是否有展示或销售海蓝之谜品牌的唇膏产品。
6950,好看,1,该用户可能是在称赞主播的穿搭、饰品或展示的商品款式吸引人。
6951,多少钱,1,该用户想询问当前直播展示商品的售价。
6952,左上,0,该用户可能在询问直播画面左上角标注的商品信息或优惠活动。
6953,龙哥每次新疆不配送呀,1,该用户想表达的含义是：对新疆地区无法收货的遗憾和不满。
6954,李正平,0,该用户可能在询问或提及某个与直播商品或主播相关的人物“李正平”，可能是品牌方、嘉宾或工作人员的名字。
6955,太喜欢爽姐姐了,0,该用户是在表达对主播“爽姐姐”的强烈喜爱和支持，属于粉丝互动性质的情感表达而非直接购买意向。
6956,开一下74号,1,该用户可能是想询问主播能否展示或讲解74号商品链接的相关信息。
6957,170斤买多大的,1,该用户是在询问自己的体重（170斤）适合购买什么尺码的商品。
6958,那倆大头嘀咕什么呢,0,该用户可能在好奇或调侃主播或嘉宾私下交流的内容，暗示他们对直播中的互动细节产生了兴趣。
6959,文君真美,0,该用户是在夸赞主播或产品的外观吸引人，表达了对直播内容的喜爱和欣赏。
6960,隐藏发言就能遮羞吗,0,该用户可能是在质疑直播间通过屏蔽或隐藏某些负面评论来掩盖问题或回避争议。
6961,王建国几点,0,该用户可能在询问主播或嘉宾“王建国”的出场时间。
6962,弹幕盖脸上了,0,该用户可能在抱怨弹幕数量过多导致屏幕被遮挡，影响了观看体验。
6963,190斤穿不了吧,1,该用户可能在询问商品尺码是否适合体重较大的体型，隐含对产品规格的担忧或购买前的确认需求。
6964,咋还创死人了,0,该用户可能是在调侃或吐槽直播间的弹幕刷屏速度过快，让人眼花缭乱难以跟上。
6965,女主播这么嫌弃我男主播么一脸厌恶的感觉,0,该用户可能在调侃或不满两位主播之间的互动氛围，觉得女主播对男主播表现出明显的排斥态度。
6966,耳钉再来点没抢上,1,该用户希望主播能补货或再次上架耳钉，因为之前没抢到。
6967,秋衣不支持配送,1,该用户想表达的含义是：对商品无法配送到自己所在地区感到遗憾或不满。
6968,建国哥哥我自己买别送我,0,该用户想表达的含义是：希望主播王建国不要赠送产品，自己愿意直接购买。
6969,爽爽穿的沙色,0,该用户可能在询问或评论主播“爽爽”身上穿的沙色服饰的相关信息，比如款式、价格或购买方式。
6970,咱有强光手电吗,1,该用户是在询问直播间是否有强光手电筒这款商品在售。
6971,脱口秀啥时候播放,0,该用户可能在询问直播中提到的脱口秀节目的具体播出时间，表现出对节目内容的关注而非直接的购买意向。
6972,童装15天内发货,1,该用户是在询问或确认童装商品的发货时效信息。
6973,1号链接刚要付款就没了,1,该用户想表达的含义是：自己看中的商品刚准备下单就售罄了，感到遗憾和着急。
6974,172130斤多大码,1,该用户是在询问身高172cm、体重130斤的人应该选择什么尺码的服装。
6975,王建国不在,0,该用户可能在询问或提醒主播关于“王建国”这个人物何时会出现或为何缺席直播。
6976,对数字不敏感,0,该用户可能是在委婉表达自己对商品尺码或数字参数感到困惑，需要更直观的购买建议。
6977,为什么海蓝之谜这么便宜啊,1,该用户可能对直播间的低价促销感到意外，怀疑产品真实性或想确认优惠原因。
6978,Murphy加班,0,该用户可能在调侃主播或品牌方安排的工作时间不合理，暗示“Murphy品牌需要加班赶工才能满足观众需求”。
6979,蓝色,1,该用户可能在询问或确认直播中展示的某款商品是否有蓝色款式可选。
6980,建国你要是被绑架了你就眨眨眼看给你饿成啥样了,0,该用户是在用调侃的语气暗示主播王建国表现得过于卖力或反常，怀疑他是否被迫营业。
6981,发财,0,"该用户可能是以调侃或凑热闹的心态跟风刷屏，借主播名字""建国""的谐音玩梗表达互动参与感。"
6982,谁呀李爽吗,0,该用户可能在询问或确认主播或直播间中出现的某个人是否是名为“李爽”的人物。
6983,建国干啥的,0,该用户想表达的含义是：询问主播王建国在直播中扮演的角色或负责的工作内容。
6984,何广智何广智何广智何广智何广智何广智了广西何广智何广智何广智何广智何广智何广智何广智何广智和黄志,0,该用户可能在表达对嘉宾何广智的强烈关注或调侃，同时夹杂着对直播内容（如地区或另一位嘉宾黄志）的无厘头联想，属于粉丝起哄或玩梗的娱乐性互动。
6985,敢送我就敢睡适合我的老腰,1,该用户是在以调侃的语气表示如果主播赠送某件商品（可能是腰部相关产品如护腰或按摩仪器），自己会很乐意试用并认为该产品适合自己腰部的需求。
6986,好看,1,该用户可能是在称赞直播中展示的商品款式或主播的穿搭吸引人。
6987,没了加,1,该用户想表达的是商品已售罄，希望主播尽快补货。
6988,我就想要个耳机,1,该用户想表达的含义是：我对耳机有明确的购买需求，希望主播能推荐或上架相关产品。  （结合前文弹幕中频繁出现的商品询问、尺码咨询、链接抢购等互动，可推断用户是在直播间的购物氛围中直接提出自己的需求，属于明确的购买意向表达。）
6989,7号看看,1,该用户可能是在询问或关注直播间即将展示的7号商品，表达了对该产品的兴趣和等待查看的意图。
6990,这个蛇皮袋看上去不错,1,该用户可能对展示的蛇皮袋产品产生了购买兴趣，认为其外观或实用性符合自己的需求。
6991,贴贴,0,该用户可能是在用轻松亲昵的网络用语表达对主播或直播内容的喜爱和支持。
6992,有没有成年人穿的,1,该用户可能在询问直播间展示的服装款式是否有适合成年人的尺码或款式。
6993,我最爱黄金,1,该用户想表达的含义是：对直播中展示的黄金产品有强烈兴趣和购买意愿。  （结合前文弹幕中频繁出现的产品讨论（如链接售罄、价格疑问、具体商品评价等），可推断当前直播正在推销黄金类商品，用户通过情绪化表达“最爱”来传递明确的消费倾向。）
6994,建国建国,0,该用户可能在呼唤主播或品牌方“建国”并期待其回应互动，可能是对当前展示的商品或直播内容有进一步了解的诉求。
6995,庞博庞博,0,该用户是在呼喊或提及直播中出现的嘉宾/主播名字，表达对其的关注或互动意愿。
6996,女主的声音听得人心要碎了,0,该用户是在用夸张的修辞表达对主播声音的喜爱或情感共鸣，可能是被主播的语调或讲述内容所打动。
6997,好时尚的,1,该用户想表达的含义是：对直播中展示的商品款式或风格表示赞赏和兴趣。
6998,mcm琴谱有没,1,该用户是在询问直播间是否有售卖MCM品牌的琴谱包或相关产品。
6999,男生打底衫链接有吗男生打底衫链接有吗,1,该用户急切地询问直播间是否有男款打底衫的购买链接，表现出明确的购买意向。
7000,李正是我们大潍坊的吗,0,该用户可能是在确认主播或嘉宾的地域身份，以此表达对同乡人的亲近感或对直播内容的兴趣。
7001,试一试,1,该用户想表达的含义是：对当前展示的商品产生了尝试购买的意愿。
7002,7号看看,1,该用户可能是对直播中提到的7号商品产生了兴趣，表示想先观望一下再决定是否购买。
7003,买买买,1,该用户想表达的含义是：对当前直播展示的商品表现出强烈的购买意愿和冲动消费倾向。
7004,耳钉再来点没抢上,1,该用户想表达因错过购买机会而希望主播补货耳钉的急切需求。
7005,罗老师说错发红包吗,0,该用户可能在询问主播之前是否承诺过发红包但尚未兑现，或是想确认是否有发红包的活动。
7006,主要是因为人好看,0,该用户想表达的含义是：对主播外貌的欣赏是吸引自己观看直播的主要原因。
7007,有没有纯金手镯30一40克的,1,该用户想表达的含义是：询问直播间是否有30到40克重的足金手镯在售。
7008,有五粮液吗,1,该用户是在询问直播间是否有售卖五粮液白酒。
7009,王老师送给你了,0,该用户可能在调侃或开玩笑地表示主播（王老师）把某件商品当作礼物送给了观众或其他人。
7010,上建国,0,该用户可能在呼唤或支持主播“建国”，表达对其出镜或推荐商品的期待和喜爱。
7011,早上好,0,该用户可能是在打招呼的同时暗示自己刚进入直播间，想了解当前正在推荐的产品或活动。
7012,内蒙古包头不支持发货,1,该用户想表达的含义是：询问商品是否支持发往内蒙古包头地区。
7013,一个老胖子一个大胖子在硬茬,0,该用户可能在调侃或吐槽直播间的两位男性主播（或嘉宾）体型偏胖且表现生硬不自然。
7014,有伴码吗,1,该用户可能在询问直播间是否有配套的优惠码或折扣码可以使用。
7015,4090呢,1,该用户可能在询问直播间是否会上架或介绍英伟达RTX 4090显卡产品。
7016,狼外婆,0,该用户可能在调侃主播的外貌或装扮风格与“狼外婆”这一童话形象有相似之处。
7017,面霜有吗,1,该用户是在询问直播间是否有面霜产品上架或售卖。
7018,孕妇可以用吗,1,该用户是在询问直播中所展示的产品是否适合孕妇使用，以评估自身或他人的购买可行性。
7019,没有礼盒装的那款红色的吗,1,该用户是在询问直播间是否有红色礼盒装的产品款式。
7020,扣钱,0,该用户可能是在催促主播扣减商品价格或发放优惠券。
7021,没觉得老罗对品质有担保的能力,0,该用户对主播的品控能力和产品可靠性持怀疑态度，认为其缺乏足够的专业资质或信誉背书。
7022,哈哈,0,该用户可能被直播间的幽默互动或某个搞笑片段逗乐，用“哈哈”表达轻松愉快的围观心态，但并未直接体现购买意向。
7023,媳妇,0,该用户可能在询问直播中展示的商品是否适合妻子使用或购买。
7024,把主播搞尴尬死了,0,该用户可能是在调侃主播应对某些突发状况或尴尬场面时的表现不得体，显得手足无措。
7025,LV男士黑武士有没有,1,"该用户是在询问直播间是否有售卖LV品牌的黑色款男士""黑武士""系列产品。"
7026,左手扣右手,0,该用户可能在调侃主播的互动表现或直播间的氛围，暗示双方互动生硬或缺乏默契。
7027,抢不到啊,1,该用户想表达的含义是：商品太抢手导致自己没能成功下单。
7028,好吗,0,该用户可能是在询问主播推荐的产品是否值得购买或质量如何。
7029,你俩能不能原地结婚啊哈哈哈哈哈,0,该用户是在以调侃的方式表达对主播互动氛围的喜爱，用网络流行梗起哄制造欢乐效果，并非真正关注商品或表达购买意向。
7030,我怕我有负担,0,该用户可能担心购买商品后会给自己带来经济压力或心理负担。
7031,4号开过价吗专柜多少钱,1,该用户想询问4号商品在直播间的售价是否已经公布过，并想了解该商品在实体专柜的价格作为比价参考。
7032,熊猫熊猫,1,该用户可能在催促主播展示或介绍与熊猫相关的商品或活动内容。
7033,要买大一码吗,1,该用户可能在询问商品尺码选择建议，担心实际尺寸与预期不符，犹豫是否需要选择更大的尺码以确保合适。
7034,真楞啊老罗,0,该用户想表达的含义是：老罗的表现太滑稽了，让人忍不住吐槽。
7035,96号来一波呗,1,该用户想表达的含义是：希望主播再次推荐或上架96号商品。
7036,扯淡,0,该用户可能是在质疑主播的说法或产品宣传，认为其不真实或夸大其词。
7037,海蓝之谜单独来个,1,该用户希望主播能单独展示或介绍海蓝之谜的产品。
7038,戒指怎么卖,1,该用户想询问戒指的具体价格和购买方式。
7039,衣服,1,该用户可能是在询问当前展示的衣服款式或价格信息。
7040,老罗好久不见,0,该用户是在以熟人打招呼的方式表达对主播回归的亲切感和关注。
7041,建国,0,该用户可能在调侃主播的名字或外貌，类似于“这名字真接地气”或“主播长得像老干部”。
7042,可以看下S码嘛,1,该用户想表达的是对展示商品S码尺寸的具体需求，可能是想确认款式或上身效果。
7043,不值,0,该用户认为直播中展示的商品价格或品质不符合预期，觉得不划算或性价比低。
7044,爽你下巴怎么了,0,该用户可能是在调侃主播的表情或状态，暗示主播看起来过于兴奋或夸张。
7045,你俩肯定有事,0,该用户可能在调侃主播之间的互动暧昧，暗示两人关系不一般。
7046,黄色看一下,1,该用户想表达的含义是：希望主播展示或介绍黄色的商品款式。
7047,老罗不敢点实质性的企业吗没上进心了随波逐流了,0,该用户是在批评主播缺乏进取心，不敢挑战有实力的品牌合作，只会迎合大众随波逐流。
7048,女主播是安徽黄山的,0,该用户可能在暗示主播展示黄山相关的产品或地域特色商品。
7049,绿色女生可以比一下吗,1,该用户想表达的含义是：希望主播展示绿色款服装的女生上身效果以供参考。
7050,不是我们不是涂口红的,1,该用户想表达的含义是：我们并不是在讨论或关注口红产品。
7051,胡老师,0,该用户可能在呼唤主播或询问与主播相关的问题。
7052,中款包有吗,1,该用户是在询问直播间是否有中等尺寸的包款可供选购。
7053,黄金卖的多少钱一克,1,该用户是在询问直播间所售黄金饰品的实时克重价格，表现出对商品具体信息的关注和潜在的购买意向。
7054,男主播是怎么了,0,该用户可能是在询问男主播的异常状态或表现，比如情绪不佳、行为反常或身体不适。
7055,咋还刷上了,0,该用户可能是在不耐烦地抱怨直播节奏拖沓，暗示主播频繁切换话题或重复推销行为影响了观看体验。
7056,红色s没了,1,该用户想表达的含义是：红色款式的S码商品已经售罄了。
7057,美丽,1,该用户可能是在称赞主播或商品的颜值，表达对展示物品外观的欣赏和兴趣。
7058,我母鸡,0,"该用户想表达的含义是：我没听懂/我不明白刚才的讲解。  （结合前文弹幕多为询问商品信息或调侃主播的碎片化内容，""母鸡""谐音""唔知""（粤语""不知道""），可能是用户对直播中某段介绍感到困惑时的口语化表达。）"
7059,你才毕业一年呀,0,该用户可能在惊讶或调侃主播的年轻资历，暗示对其专业性或经验有所质疑。
7060,说了半天一床也没卖掉,0,该用户可能是在嘲讽主播推销能力不足，直播效果不佳，产品缺乏吸引力。
7061,粉色吧,1,该用户想表达的是对直播中展示的粉色商品的兴趣或偏好，可能是希望主播进一步展示或介绍粉色款式的产品。
7062,好看,1,该用户想表达的含义是：对直播中展示的商品款式或外观表示赞赏和喜爱。
7063,没货了,1,该用户想表达的含义是：想购买的商品已经售罄了。
7064,这是水想买精华,1,该用户想表达的是对直播中展示的某款水状精华产品产生了购买意愿。
7065,可以医疗失眠吗,0,该用户可能在询问直播中展示的产品是否具有缓解失眠的功效。
7066,龙老师还会参加脱口秀大会吗,0,该用户可能是在询问主播未来是否会继续参与某个特定节目，以此间接试探主播的长期合作意向或直播间的稳定性。
7067,有欧莱雅补水面膜嘛,1,该用户是在询问直播间是否有售卖欧莱雅品牌的补水面膜产品，表达了对该商品的购买意向。
7068,168168拍哪个,1,该用户可能在询问主播关于商品编号“168168”对应的具体款式或购买选项。
7069,要要要,1,该用户想表达的是对某款商品强烈的购买意愿和急切想要拥有的心情。
7070,北面还会上吗,1,该用户是在询问直播间是否会再次补货或上架“北面”品牌的产品。
7071,用过,0,该用户想表达的含义是：我之前使用过这款产品。
7072,求拉黑,0,该用户可能是在表达对直播内容或主播行为的不满，希望通过被拉黑来退出或抗议当前的直播间氛围。
7073,国仔国仔国仔国仔国仔国仔国仔国仔国仔国仔国仔国仔国仔,0,该用户可能在通过重复主播昵称的方式表达对主播的喜爱或试图引起主播的注意。
7074,黄金豆子还有优惠吗,1,该用户是在询问直播间是否还有黄金豆子这款商品的促销活动。
7075,开个云南呗,1,该用户可能在催促主播开设或讲解云南相关的产品链接或专场活动。
7076,可以洗衣机洗吗,1,该用户想询问直播展示的商品是否支持洗衣机洗涤功能。
7077,男主播的提夫尼戒指很哇塞,1,该用户想表达的含义是：男主播戴的蒂芙尼戒指非常吸引人，让人有购买欲望。
7078,173130斤穿多大,1,该用户是在询问身高173cm、体重130斤的人适合穿什么尺码的服装。
7079,小棕瓶,1,该用户可能在询问直播间是否有雅诗兰黛小棕瓶精华液产品，并对其表现出购买意向。
7080,把王拓给我叫来把王拓给我叫来,0,该用户可能在强烈要求主播或工作人员让某个特定人物（王拓）出面互动或解答问题。
7081,早上好,0,该用户可能是在打招呼或活跃气氛，并未直接表达购买意向。
7082,灰色看看,1,该用户想表达的含义是：想看看灰色的商品款式或实物效果。
7083,重新加载来了,0,该用户可能因网络卡顿或页面刷新导致直播中断，重新进入直播间后告知主播自己已返回。
7084,上链接,1,该用户急切催促主播尽快开放商品购买通道。
7085,李正身上的毛衣有吗,1,该用户是在询问主播身上穿的毛衣是否在售。
7086,男主播胖了多少斤,0,该用户可能在调侃男主播的身材变化，以此活跃气氛或表达对主播的关注。
7087,罗老师终于看到你了,0,该用户想表达的含义是：对主播罗老师的出现感到惊喜和期待。
7088,泰迪熊,1,该用户可能是在询问直播间是否有售卖泰迪熊商品，或是希望主播展示或介绍相关产品。
7089,泡脚桶介绍过了吗,1,该用户是在询问直播中是否已经介绍过泡脚桶这款产品，表现出对商品的关注和潜在的购买意向。
7090,这是脱口秀专场,0,该用户可能是在调侃直播内容偏离了商品介绍，更像一场脱口秀表演而非购物导向的直播。
7091,老罗会重新定义7点,0,该用户可能在调侃主播罗老师过往的“重新定义”梗，同时暗示对当前直播内容或时间安排的不满或戏谑。
7092,小个子女生穿会不会太大,1,该用户是在询问商品尺寸是否适合身高较矮的女性穿着。
7093,这些能用多久,1,该用户可能在询问直播中展示商品的耐用性或使用寿命。
7094,老罗还做手机嘛,1,该用户可能是出于对主播过往事业的关注，询问主播是否会重返手机行业或推出相关产品。
7095,遮毛孔嘛,1,该用户是在询问产品是否能有效遮盖毛孔的美妆效果。
7096,装不了多少菜,1,该用户可能是在质疑直播中展示的容器或包袋的容量较小，担心其实用性不足。
7097,小码,1,该用户可能在询问主播展示的服装或商品是否有适合身材较小人士的尺码（如S码或儿童码）。
7098,煲汤模式,1,该用户可能是询问当前展示的产品是否具备或正在演示煲汤功能。
7099,我的体重与大棚一样应该买哪个码,1,该用户想询问根据自己偏胖的体型应该选择什么尺码的服装。
7100,17580公斤,1,该用户可能在询问商品的承重能力或适用体重范围。
7101,黄金手镯还有吗,1,该用户想询问直播间是否还有黄金手镯的库存可供购买。
7102,2号包包看一下,1,该用户想表达的含义是：希望主播展示或详细介绍2号包包的款式和功能。
7103,185Cm90KG买多大,1,该用户想询问以自己185厘米身高和90公斤体重的情况应该选择什么尺码的服装或商品。
7104,保价双十一吗,1,该用户是在询问商品当前的价格是否与双十一促销期间的价格一致，以确保自己现在购买不会吃亏。
7105,喝的酒吗,1,该用户可能在询问直播中展示的商品是否为酒类饮品。
7106,布袋那个单肩包多少钱,1,该用户想询问直播中展示的那款单肩布袋的具体价格。
7107,设计确实不错,1,该用户对直播中展示的商品设计表示认可，可能产生了购买兴趣。
7108,容易擦边,0,该用户可能是在委婉吐槽直播内容或产品介绍有打擦边球的嫌疑，暗示存在低俗营销或模糊宣传的倾向。
7109,旁边那位看的我都困了,0,该用户觉得直播中某位参与者的表现过于无聊或缺乏活力，导致自己感到疲倦或提不起兴趣。
7110,重新加载没有你这个衬衫,1,该用户想表达的含义是：页面刷新后找不到刚才展示的那款衬衫了。
7111,有没有哑光版,1,该用户是在询问当前展示的产品是否有哑光材质的款式可选。
7112,多厚,1,该用户想询问产品的厚度或材质厚薄程度。
7113,罗老师不带手机了,1,该用户可能在询问主播是否不再销售或推荐手机产品，暗示对手机类商品的关注或购买意向。
7114,hello啊建国,0,"该用户可能是在以轻松调侃的方式与主播互动，借主播名字""建国""打招呼来活跃气氛，并未直接表达购买意向。"
7115,3号有包装吗,1,该用户是在询问3号商品是否附带包装或礼盒。
7116,建国来了又吃又喝志胜来了卖面膜,0,该用户想表达的含义是：不同嘉宾出场时直播间的氛围和推销重点有明显差异，建国出现时以轻松吃喝为主，而志胜上场后则转向推销面膜产品。
7117,神仙水,1,该用户可能在询问直播间是否在售卖或展示某款被称为“神仙水”的美妆护肤产品。
7118,已拍第四款可以看看吗,1,该用户想表达的含义是：我已经下单了第四款商品，能否展示一下这款商品的细节或功能？
7119,不愧了吧,0,该用户想表达的含义是：这款产品确实值得购买。
7120,靠枕,1,该用户可能在询问直播中展示的靠枕的价格或购买方式。
7121,砂锅砂锅,1,该用户想表达的含义是：询问主播能否展示或介绍砂锅产品。
7122,多久发货呢,1,该用户对商品产生了购买意向，正在询问发货时效以确认收货时间是否满足自身需求。
7123,建国来干嘛,0,该用户是在调侃或询问主播“建国”这个角色或人物出现在直播间的目的或作用。
7124,罗老师坚果pro2的智能前屏贴还有吗到处买不到,1,该用户想表达的是急切寻找罗老师推荐的坚果Pro2智能前屏贴的购买渠道，并暗示该产品可能处于稀缺状态。
7125,这卖货节奏是不是慢了啊,0,该用户可能觉得直播节奏拖沓，希望加快产品介绍和销售的进度。
7126,虎茅,0,该用户可能在询问直播间是否有售卖“虎年生肖茅台酒”或相关产品。
7127,卡了,0,该用户想表达的含义是：直播画面出现卡顿，影响观看体验。
7128,男士190190斤拍什么,1,该用户是在询问身高190厘米、体重190斤的男性应该选择什么尺码或款式的商品。
7129,建国和罗老师太同频了,0,该用户想表达的含义是：建国和罗老师的互动配合非常默契，让人感到有趣或吸引人。
7130,看一下,1,该用户想表达的含义是：希望主播展示或详细介绍当前正在推广的商品。
7131,王自健,0,该用户可能在询问或调侃主播王自健是否参与直播或对其出现表示关注。
7132,4还有吗,1,该用户是在询问直播中提到的第4款商品是否还有库存或能否继续购买。
7133,想要早8点的那个渐变羊羔绒,1,该用户想表达的含义是：对直播中提到的某款渐变羊羔绒商品有明确的购买意向，希望确认或购买早上8点时段展示的那一款。  （结合前文弹幕中频繁出现的商品询问、规格确认（如“3号有包装吗”“男士190斤拍什么”）以及互动节奏（如“卖货节奏慢”），可推断该弹幕是典型的需求表达，用户直接指向具体商品和时段，属于明确的购物意向行为。）
7134,奶油米容易脏吗,1,该用户想询问这款奶油米色商品是否容易沾染污渍或不易清洁。
7135,158100可以穿吗,1,该用户想询问自己的身高158cm、体重100斤是否适合穿直播中展示的服装款式。
7136,没有了,1,该用户想表达的含义是：询问之前提到的某款商品是否已经售罄或没有库存了。
7137,一套吗,1,该用户可能是在询问当前展示的商品是否为套装出售。
7138,重新定义七点,0,该用户可能是在调侃或吐槽直播间的卖货节奏混乱，暗示原本计划七点上架的商品或活动安排出现了变动或延迟。
7139,冲国仔,0,该用户可能在用网络流行语调侃主播或商品名称，表达一种幽默轻松的互动意图。
7140,我等锤子手机,1,该用户可能在表达对锤子手机的期待或询问其是否会上架销售。
7141,9号能介绍嘛,1,该用户想询问直播中提到的9号商品的具体介绍信息。
7142,不是有大包包,1,该用户可能在询问或质疑直播间是否有更大尺寸或容量的包款可供选择。
7143,看看其他颜色,1,该用户想表达的含义是：希望主播展示商品的其他颜色选项以供参考。
7144,王建国你有点紧张,0,该用户可能是在调侃主播王建国表现不够自然，试图用轻松的语气缓解直播间的紧张氛围。
7145,老罗还做手机嘛,1,该用户是在询问主播是否还会继续从事手机行业或推出相关产品。
7146,交个朋友生鲜,1,该用户可能是想询问直播间是否有“交个朋友”品牌的生鲜产品在售，或暗示对该品类感兴趣。
7147,抖爸爸让我中一副耳机吧,1,该用户希望通过参与直播间的互动抽奖活动获得一副耳机，表达了对奖品的渴望和参与热情。
7148,大白罐有没,1,该用户是在询问直播中提到的“大白罐”商品是否还有库存或是否会上架。
7149,黑白有别的码吗,1,该用户是在询问商品是否有黑白两色以外的尺码或颜色可选。
7150,科颜氏白泥,1,该用户可能在询问直播间是否有科颜氏白泥这款产品，并对其表现出购买兴趣。
7151,王拓闻讯杀来,0,该用户可能是看到直播间提到某个与“王拓”相关的内容（如产品、嘉宾或梗），于是兴奋地表示自己闻讯赶来参与互动或购买。
7152,泰迪熊包包加一下呗没拍到,1,该用户希望主播再次上架泰迪熊款式的包包，因为自己之前没能成功抢到。
7153,眼霜还有吗,1,该用户是在询问直播间当前是否还有眼霜库存可供购买。
7154,不支持配货,1,该用户想表达的含义是：对当前商品的配送范围或服务存在不满或疑问。
7155,罗老师瘦了,0,该用户可能是在调侃或关心主播的外貌变化，暗示自己注意到了主播近期形象上的差异，但并未直接表达购买意向。
7156,散粉,1,该用户可能是在询问直播间是否有散装粉状产品（如化妆品散粉或食品类散粉）在售。
7157,灰色看一下,1,该用户想表达的含义是：请展示一下商品的其他颜色选项，特别是灰色的款式。
7158,晚上泡泡脚一夜都暖和,1,该用户可能是在询问或暗示直播中是否有泡脚相关的产品推荐，表达了对保暖用品的潜在购买兴趣。
7159,大鹏上身看看,1,该用户想表达的含义是：让主播试穿或展示一下大鹏同款的上衣款式。
7160,沁水粉底液有吗,1,该用户是在询问直播间是否有售卖沁水粉底液这款产品。
7161,包在哪里,1,该用户可能在询问直播中提到的某款包袋产品的具体展示或购买链接。
7162,我老板问我是不是要加班,0,该用户可能是在用调侃的方式暗示自己因为看直播耽误了工作，导致需要加班。
7163,全国专卖店可养护吗,1,该用户是在询问商品是否支持在全国范围内的专卖店提供售后养护服务。
7164,科颜氏,1,该用户可能是想询问或提及与“科颜氏”品牌相关的产品信息或优惠活动。
7165,看看3号羽绒服,1,该用户想表达的含义是：想请主播展示或详细介绍3号羽绒服的款式和细节。
7166,160cm能穿上160吗,1,该用户是在询问自己身高160厘米是否适合穿尺码为160的服装。
7167,交个朋友小助手好的,0,该用户可能是想通过礼貌回应主播或助手来确认自己的购买咨询已被注意到，表达对商品或服务的进一步关注。
7168,盒子里,0,该用户可能是在询问直播中展示的商品包装盒内的具体内容或配套物品。
7169,成人,0,该用户可能在询问直播间是否有成人尺码或成人适用的商品。
7170,见过建国建国见过,0,该用户可能在调侃主播频繁展示某款商品（如“建国”可能指代某产品昵称或主播的口头禅），暗示已经看过多次无需再重复介绍。
7171,国仔,0,该用户可能在亲切地称呼主播或品牌方的昵称，表达对直播间的熟悉感和互动意愿。
7172,14号羊羔绒外套大不大,0,该用户想询问14号羊羔绒外套的尺码是否偏大，以判断是否适合自己购买。
7173,国仔来了广志什么时候来,0,该用户是在询问主播“广志”何时会出现在直播间，可能是在期待某位特定嘉宾或主播出场互动。
7174,有没有邮差包,1,该用户是在询问直播间是否有邮差包这款商品在售。
7175,哈哈,0,该用户可能是被直播间的轻松氛围或主播的幽默互动逗乐，以“哈哈”表达愉悦情绪但并未直接表现出购买意向。
7176,穿个绿色,1,该用户想表达的含义是：让主播试穿一下绿色的款式看看效果。
7177,没有伴侣怎么办,0,该用户可能是在调侃或表达对直播中展示的情侣款或双人商品的兴趣，暗示自己单身所以不需要这类产品。
7178,老罗想你了可以回复吗,0,该用户可能是想通过调侃主播老罗（如罗永浩）的方式表达对直播互动的期待，暗示希望得到主播的回应或关注。
7179,罗老师真性情,0,该用户是在夸赞主播罗老师的真诚直率，表达对其个人魅力的欣赏和喜爱。
7180,有盒子吗,1,该用户是在询问直播中展示的商品是否有配套的包装盒。
7181,主播身上的衣服哪里有呀,1,该用户想询问主播所穿服装的购买渠道或商品链接。
7182,为什么没有39码的,1,该用户想表达的含义是：对当前展示的商品缺少39码这一尺码感到疑惑或不满。
7183,什么码,1,该用户可能是在询问主播展示的商品是否有自己需要的尺码。
7184,娇诗韵有么,1,该用户是在询问直播间是否有售卖“娇诗韵”品牌的产品。
7185,男生也能戴吗,1,该用户是在询问当前展示的商品是否适合男性使用或佩戴。
7186,杨笠,0,该用户可能在询问或提及主播或嘉宾“杨笠”是否在场或参与直播互动。
7187,39号,1,该用户可能在询问或确认直播间正在介绍的商品中是否有39号（尺码/款型）的库存或选项。
7188,为啥吉林不发货啊,1,该用户因所在地（吉林）无法下单而表达不满和疑惑，实质是希望购买商品但受限于物流政策。
7189,多少钱,1,该用户想询问主播正在介绍或展示的商品的当前售价。
7190,不支持配送,1,该用户想表达的含义是：自己所在的地区不在商品的配送范围内，因此无法购买。
7191,地址不支持配送是什么意思,1,该用户因为看到其他弹幕提到配送限制的问题，所以担心自己所在地区是否也无法收货，想确认具体的配送范围。
7192,老罗,0,该用户可能在呼唤主播老罗，表达对其的关注或期待互动。
7193,聊的很开心,0,该用户想表达的含义是：对直播间的互动氛围感到满意，享受当前的聊天过程。
7194,文君好调皮,0,该用户是在调侃主播活泼有趣的互动风格，表达对直播氛围的轻松认可。
7195,欧莱雅安瓶面膜还能加吗,1,该用户想询问直播间是否还能继续下单购买欧莱雅安瓶面膜。
7196,建国呢,0,该用户可能在询问主播或嘉宾“建国”的去向或为何未出现在直播中。
7197,手表,1,该用户可能在询问直播中展示的手表产品的相关信息，比如款式、价格或购买方式。
7198,建国别挑了都给我得了,0,该用户可能在催促主播尽快下单或购买当前展示的商品，表达了一种迫不及待想要拥有的急切心情。
7199,建国瘦了,0,该用户可能是在调侃或关心主播“建国”的外貌变化，暗示对其近期形象的关注和互动兴趣。
7200,包包上吗,1,该用户是在询问主播是否会上架某款包包进行售卖。
7201,郑州不能拍啊能不能设置个拍了不着急发货啊郑州疫情猴年了,1,该用户想表达的含义是：由于郑州疫情导致无法下单或延迟发货，希望商家能开放预售或保留订单但不强制立即发货。
7202,200的没有吗,1,该用户可能在询问直播中是否有价格为200元的相关商品。
7203,晚上好,0,该用户可能是在礼貌性地打招呼，试图融入直播间的互动氛围，而非直接表达购买意向。
7204,欧莱雅安瓶面膜还能加吗,1,该用户是在询问直播间是否还能补货或增加欧莱雅安瓶面膜的购买名额。
7205,看看藏青色,1,该用户想表达的含义是：想了解藏青色款式的商品详情或展示。
7206,14号有吗,1,该用户可能在询问直播间是否会上架或补货14号商品（如尺码、色号等）。
7207,男款有帽子的吗,1,该用户想询问直播中展示的商品是否有带帽子的男款款式。
7208,徐志胜呢,0,该用户可能在询问直播间中是否会出现或提及徐志胜这个人，表达了对该人物的关注或期待。
7209,不错哦,0,该用户可能是在对当前展示的商品或主播的表现表示认可和赞赏。
7210,老罗今晚直播吗,0,该用户可能在询问主播罗永浩今晚是否会继续参与直播，表现出对主播个人或直播内容的关注和期待。
7211,白色,1,该用户想表达的含义是：询问商品是否有白色款式可选。
7212,建国,0,该用户可能在询问或呼唤主播“建国”的出现或互动。
7213,眼霜还有吗,1,该用户是在询问直播间是否还有眼霜的库存可供购买。
7214,老罗你到底送不送不送走了,0,该用户可能是在催促主播老罗明确是否提供赠品或优惠活动，否则就打算离开直播间。
7215,全棉时代还有吗,1,"该用户是在询问""全棉时代""品牌的产品是否仍有库存或可供购买。"
7216,你俩长的有点像啊,0,该用户可能是在调侃或比较主播与另一位人物（如建国或徐志胜）的外貌相似性，试图通过轻松互动引发关注或活跃气氛。
7217,王建国你个单身狗你对啥呢,0,该用户是在调侃主播王建国单身的状态，并借此表达对他挑选商品行为的玩笑式吐槽。
7218,好的,0,该用户可能是在对主播或其他人提出的某个建议或推荐表示赞同和接受。
7219,看看手链,1,该用户想表达的含义是：希望主播展示或介绍手链产品。
7220,钱还完了真还传什么时候开拍,0,该用户是在调侃询问直播间的还款主题节目或相关活动何时推出，暗示对直播内容的兴趣和期待。
7221,钱还完了真还传什么时候开拍,0,该用户是在调侃询问罗永浩的创业故事纪录片何时开拍，暗示对其个人经历的好奇而非实际购买意向。
7222,有牛茅上架吗,1,该用户是在询问直播间是否有茅台生肖酒（牛年款）上架销售。
7223,毛衣,1,该用户可能是想询问直播间是否有毛衣展示或购买选项。
7224,罗老师脸最大,0,该用户可能在调侃主播的外貌特征，以幽默方式参与互动而非表达购买意向。
7225,长得好像于文文,0,该用户可能是在调侃主播或嘉宾的外貌与明星于文文相似，并非直接表达购买意向。
7226,北京不能拍,1,该用户想表达的含义是：北京地区不支持配送或无法购买该商品。
7227,小灯泡有没有,1,"该用户是在询问直播间是否有某款名为""小灯泡""的美妆产品在售。"
7228,你俩是不是对班儿呀,0,该用户是在调侃两位主播轮班直播的排班安排，怀疑他们是否在交替上班。
7229,主播一直这样的吗,0,该用户可能是在询问主播一贯的直播风格或行为表现是否总是如此。
7230,没有盒子,1,该用户可能在询问或抱怨当前展示的商品没有附带包装盒。
7231,咋这么猥琐呢猫后面,0,该用户可能在调侃主播或直播画面中出现的猫咪形象显得不够正经或可爱。
7232,好久没看到老罗啦,0,该用户表达的是对主播久违露面的惊喜和关注，暗示对直播内容的期待。
7233,油皮面霜有推荐吗,1,该用户是在询问适合油性皮肤的面霜产品推荐，表现出对当前直播商品的购买兴趣和需求。
7234,罗老师创业新公司了吗,0,该用户可能是在询问主播罗老师是否创办了新公司，并想了解相关产品或活动信息。
7235,买一套过年了,1,该用户想表达的是打算趁年前促销购买一套产品作为新年消费。
7236,李诞就爱喝酒国仔带回去,0,该用户可能在调侃主播王建国和李诞的相似之处，并开玩笑说王建国应该把爱喝酒的李诞带回家。
7237,国仔也留胡子吧,0,该用户是在调侃主播王建国的形象，建议他也像其他男性（如罗老师或李诞）一样留胡子来改变造型。
7238,25号看看,1,该用户可能是对直播中提到的某个商品或活动（如25号上架的新品、促销等）表示关注，暗示自己会届时来查看或参与购买。
7239,王建国下播了吗,0,该用户可能在询问主播王建国是否已经结束直播，想确认是否还能继续观看或参与互动。
7240,可以充电的电池,1,该用户可能在询问直播间是否有可充电电池产品上架或对其功能感兴趣。
7241,罗老师我坚果Pro2坏了还有新机吗,1,该用户想表达的含义是：询问主播是否还有坚果Pro2这款手机的新机库存可供购买。
7242,帆哥穿的什么嘛,1,该用户可能是在询问主播“帆哥”身上穿的衣服款式或品牌，表达出对这件衣服的兴趣或好奇。
7243,女主播试试男款的m码看看,1,该用户可能是对男款服装感兴趣，想通过女主播试穿来直观了解尺码和上身效果。
7244,布袋那个单肩包背一下看看,1,该用户希望主播展示一下单肩包的上身效果以便评估是否购买。
7245,建国别走,0,该用户希望主播王建国继续留在直播间不要离开。
7246,大家下单吧老罗比其他卖货的靠谱,1,该用户想表达的含义是：号召大家信任并支持主播老罗的带货推荐，认为他比其他主播更值得信赖。
7247,母鸡哈哈哈,0,该用户可能在用谐音梗调侃主播或直播内容，表达一种轻松幽默的观看态度。
7248,金属内胆么怎么能放可乐,1,该用户是在询问产品（可能是保温杯或容器）的材质是否适合盛放碳酸饮料，隐含对产品安全性和实用性的疑虑。
7249,160cm能穿上160吗,1,该用户是在询问身高160cm的人是否能穿尺码为160的服装。
7250,neonoe看看不,1,该用户想表达的含义是：想看看主播展示neonoe这款包的效果。
7251,你们俩衣服为啥穿一样,0,该用户可能在好奇或调侃两位主播/嘉宾为何穿着同款服装，暗示对服装款式或搭配的关注。
7252,保真就好,1,该用户可能是在对主播或产品的真实性表示关注，希望确保所售商品是正品且质量可靠。
7253,有发票吗,1,该用户可能在询问商品是否提供正规发票，以确认购买后的报销或保修凭证需求。
7254,12号,1,该用户可能在询问或提醒主播展示/介绍12号商品（如服装尺码、商品编号等）。
7255,看一下宝格丽那个项链,1,该用户想表达的含义是：希望主播展示宝格丽品牌的项链产品以便进一步了解。
7256,初中男生穿哪个颜色比较好,1,该用户是在询问适合初中男生穿着的服装颜色推荐，隐含潜在的购买意向。
7257,4号,1,该用户想表达的含义是：我想看看4号商品的具体介绍或展示。
7258,早上好,0,该用户可能是刚进入直播间，以问候的方式表示自己开始关注直播内容。
7259,熨斗,1,该用户可能是在询问直播间是否有熨斗商品或对展示的熨斗产品感兴趣。
7260,灰色可以看看吗,1,该用户想询问主播是否可以展示灰色款式的商品效果。
7261,这波可以,1,该用户认为当前展示的商品或促销活动值得考虑购买。
7262,手镯开价吗,1,该用户是在询问手镯的价格是否有议价空间或具体售价。
7263,老罗真逗,0,该用户是在轻松调侃主播的幽默表现，表达了对直播氛围的喜爱和互动感。
7264,哈啊哈哈,0,该用户可能被直播中的幽默互动逗乐，用笑声表达轻松愉快的观看情绪。
7265,调侃一下就送东西啊,0,该用户可能在以玩笑的方式质疑主播是否真的会通过互动抽奖或赠送福利来吸引观众参与。
7266,杭州发不了货,1,该用户可能因物流限制而感到遗憾，暗示自己原本有购买意愿但因无法收货而作罢。
7267,白泥买不了,1,该用户想表达的是：当前无法购买白泥这款产品。
7268,好久没见老罗直播了,0,该用户可能是出于对主播的熟悉和喜爱，表达了对主播久违回归的惊喜和关注。
7269,李正穿的栗色裤子有链接吗,1,该用户想表达的含义是：询问主播展示的栗色裤子是否有购买链接，表现出对商品的兴趣和购买意向。
7270,大家下单吧老罗比其他卖货的靠谱,1,该用户是在号召观众信任主播的可靠性并积极参与购买。
7271,李正腿真长,0,该用户是在夸赞主播李正的身材比例好，可能对其穿搭风格产生兴趣。
7272,怎么没了,1,该用户想表达的含义是：刚才看到的商品怎么突然下架或售罄了。
7273,建国你开始带货了,0,该用户是在调侃主播“建国”从日常互动转向带货的新身份，略带意外和打趣的意味。
7274,老罗这是你儿子吗长的好像,0,该用户可能是以调侃或拉家常的方式表达对主播的亲近感，试图通过提及主播家人来活跃气氛或建立情感连接。
7275,建国呢,0,该用户可能在询问或调侃主播团队中一位名叫“建国”的成员为何没有出现在直播中。
7276,面霜多少克,1,该用户可能在询问面霜的容量规格以便评估是否值得购买。
7277,女生身高158体重1484xl穿大不大,1,该用户想询问自己身高158厘米、体重148斤的情况下，穿4XL尺码的衣服是否会显得太大。
7278,杰夫你爹妈没教你礼貌,0,该用户可能在表达对主播或直播间氛围的不满，认为对方言行粗鲁缺乏教养。
7279,手镯可以再上一下吗,1,该用户希望主播再次展示或补货手镯商品。
7280,都大,0,该用户可能在询问某件商品的尺码是否偏大，尤其是针对身高较高或体型较胖的消费者是否合适。
7281,正品吗,1,该用户想确认直播中所售商品是否为官方正品，表现出对商品真伪的顾虑和潜在的购买意向。
7282,没中奖,0,该用户想表达的含义是：对未能获得直播间的抽奖或赠品活动感到失望。
7283,喜欢,1,该用户想表达的含义是：对当前展示的商品或主播的推荐表示认可和青睐。
7284,这女的说话真损,0,该用户可能在表达对主播说话方式的不满，认为其言辞刻薄或带有攻击性。
7285,几克,1,该用户是在询问直播中提到的某款产品（可能是面霜或其他以克计量的商品）的具体重量规格。
7286,建国来一段,0,该用户是在呼唤主播“建国”进行才艺表演或互动环节。
7287,是真品吗,1,该用户可能是在询问直播中所售商品是否为官方正品，表达了对商品真伪的疑虑和潜在的购买意向。
7288,别欺负李爽,0,该用户可能在维护直播中的参与者李爽，认为有人对他不友善或开玩笑过度。
7289,医用吗,1,该用户是在询问直播中展示的商品是否为医疗用途的产品。
7290,75ml瓶装有多大,1,该用户想询问产品容量对应的实际尺寸或外观大小，以便评估是否符合自己的使用需求或携带便利性。
7291,文君啊以后可以让老公穿上给自己看,0,该用户可能是以调侃或亲密的口吻，建议主播让伴侣试穿展示商品效果来吸引观众购买。
7292,拍了,1,该用户想表达的含义是：我已经下单购买了这款商品。
7293,查水表,0,该用户可能在调侃或讽刺主播的带货行为，暗示其直播内容像例行公事或缺乏诚意。
7294,赵大叔加快脚步赶紧内什么,0,该用户可能在催促主播加快节奏，尽快展示或介绍某款未明确提及的商品。
7295,那就是蟒宁让我动心,0,该用户想表达的含义是：蟒宁这款产品让我产生了强烈的购买欲望。
7296,已拍,1,该用户想表达的含义是：我已经下单购买了这款产品。
7297,女主播穿什么码,1,该用户可能在询问女主播身上展示的服装尺码，以便参考购买同类商品。
7298,大大大大大大红瓶冲冲冲冲冲,1,该用户想表达的含义是：强烈支持主播推荐的大容量红色瓶装产品，并表现出高涨的购买热情。
7299,加绒不亲爱的,1,该用户可能在询问或确认商品是否带有加绒设计，并使用了口语化的昵称表达亲切感。
7300,已拍,1,该用户想表达的含义是：我已经下单购买了这款产品。
7301,李雪琴呢,0,该用户可能在询问主播或嘉宾李雪琴的去向或何时出场，表达了对她的关注或期待。
7302,上点锤子手机,1,该用户希望主播尽快上架或介绍锤子手机的相关产品。
7303,马蒙有黑链的新款吗,1,该用户是在询问主播是否有黑色链条设计的马蒙品牌新款包袋。
7304,建国老师呢,0,该用户可能在询问主播“建国”这位人物（可能是另一位主播或嘉宾）为何没有出现在直播中，表达了对他的关注或期待。
7305,这玩意儿送的我都觉得这直播我不配看了,0,该用户可能是在感叹直播间的赠品过于贵重或慷慨，以至于让他产生了一种“受宠若惊”的不真实感，甚至觉得自己不配观看这场直播。
7306,黑绷带是精华还是面霜,1,该用户可能在询问产品“黑绷带”的具体品类和功效，以确认其是否符合自身护肤需求。
7307,国仔来了吗,0,该用户可能在询问直播间是否有某位昵称为“国仔”的主播或嘉宾出场。
7308,金项链,1,该用户可能在询问直播间是否有金项链商品或对其款式细节感兴趣。
7309,墨镜,1,该用户可能在询问直播中展示的墨镜款式或购买链接。
7310,科颜氏有吗,1,该用户是在询问直播间是否有售卖科颜氏品牌的产品。
7311,娇韵诗有吗,1,该用户是在询问直播间是否有娇韵诗品牌的产品上架或促销活动。
7312,五粮液不错,1,该用户认为五粮液这款产品品质好，可能有意向购买或推荐他人购买。
7313,但是是紫色,1,该用户可能是在对主播展示的某款商品颜色表示犹豫或不满，希望确认是否有其他颜色可选。
7314,刚买了华强北的,1,该用户想表达的含义是：自己刚刚下单购买了华强北的产品（可能是电子产品或配件）。
7315,卫衣开过价吗,1,该用户是在询问主播之前是否已经介绍过这件卫衣的价格。
7316,主播跳个舞,0,该用户可能是在调侃或活跃气氛，试图通过轻松互动的方式引起主播注意，而非直接表达购买意愿。
7317,写了送一瓶啊,1,该用户可能是在询问或确认直播间提到的赠品活动是否真实有效，表达了对促销信息的关注和潜在的购买兴趣。
7318,李正平的衣服在几号,1,该用户想询问主播展示的服装中李正平穿的那件对应的商品编号或链接位置。
7319,建国,0,该用户可能在询问或呼唤主播“建国”是否已经出现在直播间。
7320,哈哈,0,"该用户可能是被直播间的搞笑氛围或主播的互动逗乐了，用""哈哈""表达轻松愉快的情绪，但并未直接表现出明确的购买意向。"
7321,洗面奶,1,该用户可能在询问直播间是否有洗面奶产品出售或推荐。
7322,是真的吗,0,该用户可能是在对直播中提到的某个商品或优惠活动的真实性表示怀疑或寻求确认。
7323,发不了,1,该用户可能是在尝试发送购买意向或提问时遇到系统故障，无法成功发出消息。
7324,小杨哥粉丝过来捣乱了,0,该用户想表达的含义是：有其他主播的粉丝在直播间故意刷屏干扰秩序。
7325,国仔duck不必,0,该用户想表达的含义是：国仔（主播或嘉宾）没必要这样（做某事或表现某种态度）。  结合前文弹幕中频繁提及“国仔”“建国”等称呼，以及直播间氛围（调侃、互动为主），这句话可能是对主播的某种行为或回应表示轻松吐槽或幽默否定，带有亲昵或玩笑性质。
7326,12号,1,该用户可能在询问商品编号为12号的物品详情或购买链接。
7327,灰粉,1,该用户可能是在询问或评论直播中展示的某款商品的颜色是否为灰粉色。
7328,建国上链接,0,该用户是在催促主播“建国”尽快上架当前讨论的商品链接。
7329,龙哥来了,0,该用户可能在表达对主播“龙哥”出现的欢迎或兴奋情绪，暗示他是主播的粉丝或对其有较高关注。
7330,建国你好,0,该用户可能在呼唤主播“建国”并期待其回应或上架商品。
7331,建国,0,该用户可能在催促主播上架名为“建国”的商品或呼唤主播“建国”本人进行互动。
7332,有多厚看一下,1,该用户想询问主播展示商品的厚度细节以便进一步评估是否购买。
7333,地址不发货,1,该用户可能是在询问或抱怨自己所在的地区不在商家的配送范围内。
7334,扣子有吗,1,该用户可能在询问主播当前展示的商品是否有带扣子的款式或配件。
7335,什么味道,0,该用户可能在询问主播正在展示或介绍的商品的具体气味或香型。
7336,建国建国建国,0,该用户是在热情呼唤主播“建国”上架或展示商品，表达强烈的购买意愿。
7337,话说这媳妇是谁家的好好看的女主播呀,0,该用户是在调侃或询问主播的身份背景，表达对主播外貌的赞赏而非明确的购买意向。
7338,土豪人生,0,该用户可能在调侃主播或观众中出手阔绰的人，暗示他们过着挥金如土的奢侈生活。
7339,泡壶送吗,1,该用户想询问购买产品时是否会附赠茶壶作为赠品。
7340,海蓝之谜从哪里发货,1,该用户可能是在询问商品的具体发货地点，以评估物流时效或确认是否在可配送范围内。
7341,我想看老罗和子豪哪天能一起直播,0,该用户希望了解两位主播未来是否有合作直播的计划，表达了对两人同台互动的期待。
7342,海蓝之谜,1,该用户可能是想询问海蓝之谜产品的相关信息，比如价格、功效或购买方式。
7343,能不能不打李诞了,0,该用户可能是对频繁提及“李诞”或相关话题感到不耐烦，希望主播能换个话题或直接进入商品介绍环节。
7344,你手里拿着的是那个圈口,1,该用户想询问主播手中展示商品的尺寸规格。
7345,文君好看,0,该用户是在夸赞主播“文君”的外貌出众。
7346,可调节吗,1,该用户可能在询问直播展示的商品是否具备可调节的功能或设计。
7347,建国为啥不说话,0,该用户可能在疑惑主播“建国”为何没有回应其他观众频繁的互动请求或产品咨询。
7348,亚瑟士老爹鞋北京能过冬吗,1,该用户是在询问亚瑟士老爹鞋的保暖性能是否足以应对北京冬季的寒冷天气。
7349,32号,1,该用户可能在询问直播中展示的某款商品的32号规格或尺码是否有货。
7350,跟我茶罐子一样,1,该用户可能在调侃或比较直播中展示的商品（如茶壶或容器）与自己已有的茶罐外形相似。
7351,出点男士的,1,该用户希望直播间能推出更多适合男性消费者的产品款式或品类。
7352,Coach多久发货,1,该用户想询问Coach品牌商品的发货时效，可能是对产品感兴趣并考虑下单。
7353,什么尺码合适,1,该用户想询问当前展示的商品适合自己身材的尺码选择建议。
7354,已拍,1,该用户想表达的含义是：我已经下单购买了这款商品。
7355,这床谁睡的,0,该用户可能是在询问这款床的适用人群或尺寸规格，想了解是否适合自己或家人的需求。
7356,国仔社恐都来了,0,该用户想表达的含义是：连平时内向的国仔都来参与直播了，看来这场活动很吸引人。
7357,正姐姐还有北面吗,1,该用户是在询问主播“北面”品牌的产品是否还有库存或仍在售卖。
7358,保真吗,1,该用户对商品的真伪性存在疑虑，希望主播能提供 authenticity 的保证。
7359,一套吗,1,该用户可能在询问当前展示的商品是否为套装出售。
7360,国仔牛批,0,该用户想表达的含义是：支持主播国仔并称赞他的表现。
7361,17号,1,该用户可能在询问或指定商品编号为17号的款式或选项。
7362,重新加载没有你这个衬衫,1,该用户想表达的含义是：页面刷新后找不到刚才展示的那款衬衫了。
7363,龙哥Ai做的咋样了讲讲呗,0,该用户是在询问主播关于某款AI产品的功能或使用体验，表现出对该产品的兴趣和进一步了解的意愿。
7364,长春不给送,1,该用户想表达的含义是：询问商品是否支持配送到长春地区。
7365,带包装么,1,该用户想询问商品是否包含原厂包装或礼盒包装。
7366,我是学生送我,0,该用户想表达的含义是：作为学生希望主播能给予优惠或赠品。
7367,娇韵诗有吗,1,该用户想询问直播间是否售卖娇韵诗品牌的产品。
7368,哈哈哈哈哈,0,该用户可能被直播间的搞笑互动或某条弹幕逗乐，纯粹表达当下的愉悦情绪而非针对商品本身。
7369,最反人类的耳机,0,该用户可能在吐槽这款耳机的设计或使用体验非常不合理，让人难以接受。
7370,龙哥几号有场,0,该用户想询问主播“龙哥”下一次直播的具体日期。
7371,几岁的可以穿,1,该用户想询问商品适用的年龄范围。
7372,你们时薪多少,0,该用户可能在询问主播或工作人员的薪资水平，以此调侃直播间的忙碌氛围或试探直播带货的收益情况。
7373,哈哈哈哈哈哈哈哈,0,该用户可能被直播间的搞笑互动或主播的幽默表现逗乐，单纯表达欢乐情绪而非购买意向。
7374,我30米的大卧室可能需要,1,该用户是在以幽默夸张的方式暗示自己对直播中展示的某件商品（可能是大件家具或家居用品）有潜在购买需求。
7375,送搅拌棒吗,1,该用户可能是在询问购买商品时是否会附赠搅拌棒作为赠品。
7376,龙哥有空上一期脱口秀大会5呗,0,该用户希望主播能在后续直播中安排《脱口秀大会5》相关产品的专场推荐或互动环节。
7377,脱口秀再不播我会员到期了,0,该用户是在催促主播尽快安排脱口秀内容的直播，担心自己的会员到期前看不到。
7378,两个活宝,0,该用户可能是在调侃直播间的主播或互动氛围有趣，认为他们像一对搞笑的搭档。
7379,想看墨镜,1,该用户可能是在询问主播是否会在直播中展示或推荐墨镜产品，表达了对墨镜的兴趣或购买意向。
7380,lv那个妈妈包多少钱,1,该用户想询问直播中展示的LV品牌妈妈包的具体价格信息，表明对这款商品有明确的购买意向。
7381,拍两单,1,该用户想表达的是打算下单购买两份商品。
7382,毕竟是自己的子公司,0,"该用户可能是在调侃或解释主播推荐的产品与母公司品牌之间的关联性，暗示""既然是自家品牌的产品应该更值得信赖""。"
7383,好看上学必带,1,该用户认为直播展示的商品外观不错，适合学生群体日常使用。
7384,有中检吗,1,该用户是在询问直播所售商品是否附带中检认证的质检报告。
7385,有手机吗嘛,1,该用户是在询问直播间是否有手机产品在售。
7386,能请呼兰吗,0,该用户希望邀请脱口秀演员呼兰参与直播活动。
7387,有没有娇韵诗双萃精华,1,该用户是在询问直播间是否有售卖娇韵诗双萃精华这款产品，表现出对该商品的购买意向。
7388,罗永浩呢,0,该用户可能在询问主播罗永浩何时会出现在直播间进行带货。
7389,下午好,0,该用户可能是礼貌性地打招呼，试图融入直播间的互动氛围，但并未直接表达购买意向。
7390,你俩今天好早啊,0,该用户可能是注意到主播比往常开播时间提前，以轻松调侃的语气表达对直播开场的关注和互动意愿。
7391,男的试试别的颜色,1,该用户可能是建议主播让男性模特试穿其他颜色的商品进行展示。
7392,蛮好的,1,该用户可能是在对当前展示的商品或直播内容表示认可和好感，暗示有潜在的购买意愿。
7393,他俩聊啥呢,0,该用户可能对主播之间的闲聊内容感到好奇，想了解他们讨论的具体话题。
7394,两周不播了,0,该用户可能在抱怨主播长时间未开播，表达了对直播回归的期待和轻微不满。
7395,这俩CP感好强,0,这对主播的互动很有默契，让人感觉他们搭配得很自然讨喜。
7396,拉个男人到了,0,该用户可能在催促主播展示或介绍一款适合男性使用的产品。
7397,Gucci的手袋有没有迷你的超迷你太小,1,该用户想询问Gucci品牌是否有介于迷你款和超迷你款之间尺寸的手袋款式。
7398,这事难道发生在你们公司了,0,该用户可能在调侃或质疑主播提到的某个事件或话题是否与该公司有关联。
7399,志胜呢,0,该用户可能在询问或期待主播“志胜”出现在直播中。
7400,7号开了吗,1,该用户可能在询问直播间是否已经开放了7号商品链接或活动入口。
7401,主播穿了吗,1,该用户可能是想询问主播是否亲自试穿了展示的商品，以此判断商品的实际上身效果或质量。
7402,黑的和绿的我纠结了,1,该用户在纠结选择黑色还是绿色的商品款式。
7403,上链接,1,该用户是在催促主播尽快将当前讨论的商品上架销售链接。
7404,我卖肥料,1,该用户可能是在调侃或反串，以玩笑口吻表示自己并非买家而是来推销产品的。
7405,李爽的衣服有吗,1,该用户是在询问直播间是否有售卖主播李爽同款服装。
7406,帽子可以摘吗,1,该用户可能是在询问主播展示的帽子是否可以拆卸或调整款式。
7407,有的,1,该用户想表达的含义是：认同或确认直播间提到的某款商品确实存在。
7408,一人一瓶酒,1,该用户可能是在提议或呼吁大家一起购买直播中展示的酒类产品。
7409,卖货卖货,1,该用户可能在催促主播加快节奏或表达对当前环节的不满，希望尽快进入商品销售阶段。
7410,会震到邻居吗,0,该用户可能是在询问产品使用时产生的噪音是否会影响周围邻居，暗示对产品性能或使用场景的顾虑。
7411,国仔瘦了,0,该用户可能是注意到主播“国仔”的外形变化，在表达对主播近期状态变化的观察和关心。
7412,王建国是谁,0,该用户可能在询问直播间里提到的“王建国”是谁，可能是对主播或嘉宾身份的好奇或对弹幕中突然出现的名字感到疑惑。
7413,怎么说悄悄话了,0,该用户可能是在好奇或调侃主播和嘉宾私下交流的行为，觉得他们避开镜头说悄悄话显得神秘或有趣。
7414,你俩在谈恋爱吧,0,该用户是在调侃主播之间的互动氛围暧昧，像在谈恋爱一样。
7415,什么快递,1,该用户可能是在询问商品发货时会使用哪家快递公司，以便考虑物流速度和配送服务是否满足自己的需求。
7416,秃顶了男主播,0,该用户可能在调侃或吐槽男主播的外貌特征，暗示他头发稀疏或发际线后移。
7417,建国脸咋不方了,0,该用户可能是在调侃主播外貌变化，怀疑对方做了整形或减肥导致脸型不像以往那样方正。
7418,卖的全是二奢,1,该用户可能是在吐槽直播间售卖的商品全是二手奢侈品，暗示对商品品类单一或质量存疑。
7419,建国啊笑果的酒文化果然高深,0,该用户是在调侃主播王建国介绍的酒类产品，暗示其推销方式或产品背景被包装得过于玄乎或夸张。
7420,加菲我爱你,0,该用户可能是主播的粉丝，在表达对主播“加菲”的喜爱和支持。
7421,李正你别脱这个羽绒服啊好看的很,1,该用户是在夸赞主播穿的羽绒服好看，希望他不要脱下来。
7422,耳朵在戴个耳罩,1,该用户可能是对主播的穿搭或造型提出建议，希望主播在耳朵上再搭配一个耳罩来增添时尚感或保暖效果。
7423,看一下十号链接看一下十号链接看一下十号链看一下十号链接看一下十号链接看一下十号链看一下十号链接看一下,1,该用户急切地催促主播展示或介绍十号链接的商品。
7424,建国C位,0,该用户可能是想调侃或强调主播王建国在直播中的突出表现或核心位置。
7425,主播的裤子有吗,1,该用户想询问主播身上穿的裤子是否在直播间有售。
7426,罗老师有电视没有,0,该用户可能在询问直播间是否有电视类商品正在售卖或推荐。
7427,敏感肌能用吗,1,该用户是在询问产品是否适合敏感肌肤使用，表现出对产品适用性的具体关切和潜在的购买意向。
7428,兰蔻菁纯面霜,1,该用户可能是在询问或表达对兰蔻菁纯面霜产品的兴趣，想了解相关信息或考虑购买。
7429,建国多讲两句拿的安心,0,该用户希望主播王建国多介绍产品细节，以便自己更放心地购买。
7430,说一下情侣对表,1,该用户想表达的含义是：希望主播详细介绍适合情侣佩戴的配对腕表产品。
7431,想加入你们的团队,0,该用户可能是在调侃或表达对主播/团队的喜爱，暗示想成为其中一员参与互动，而非真实的求职意向。
7432,这款有几种颜色,1,该用户想询问当前展示的商品有哪些颜色可选，以评估是否符合自己的购买偏好。
7433,费电吗,1,该用户可能是在询问直播中展示的商品是否耗电量较大。
7434,穿全套,1,该用户想表达的含义是：希望模特或主播展示当前服装搭配的完整上身效果。
7435,好漂亮,1,该用户可能是在称赞直播中展示的某款商品外观吸引人，暗示对产品产生了兴趣或好感。
7436,过了这村就没这电了,0,该用户想表达的含义是：现在不买就错过这个优惠机会了。
7437,这是勾开心了,0,该用户可能在调侃主播表情夸张或情绪兴奋，暗示主播的表现过于戏剧化。
7438,忠实的华为用户手机耳机都华为苹果耳机没有用过,1,该用户想表达的含义是：作为华为的忠实粉丝，我的手机和耳机都是华为产品，从未尝试过苹果的耳机。
7439,可是我家地面没地漏还是得抬起来倒,0,该用户可能是在对直播中展示的某款需要排水或清洁的产品（如拖把、洗地机等）表示顾虑，认为自家地面没有地漏会导致使用不便，仍需手动倾倒污水。
7440,冲冲冲冲冲冲,1,"该用户想表达的含义是：热情高涨地支持主播并催促加快节奏或下单。  （结合前文弹幕中频繁出现的产品询问、互动催促等语境，""冲冲冲""常见于直播场景中表达兴奋、催促或跟风抢购的情绪。）"
7441,李正在穿的是什么材质,1,该用户想询问主播身上所穿衣服的具体面料成分，可能是出于对服装品质或舒适度的购买兴趣。
7442,国仔,0,该用户可能在亲切地称呼主播或直播间中的某个角色（如“建国”），表达对其的关注或互动意愿。
7443,女主播穿什么码数,1,该用户想询问女主播身上所穿服装的具体尺码信息，可能出于对同款商品的购买兴趣或穿搭参考需求。
7444,地区不支持配送什么原因,1,该用户想表达的含义是：询问商品为何无法配送到自己所在地区，并希望了解具体原因。
7445,小抖客你是托吗,0,该用户可能在质疑主播或某个频繁互动账号的真实性，怀疑其是商家安排的虚假观众来营造购买氛围。
7446,文君长得真像我女朋友,0,该用户可能是通过夸赞主播的外貌来拉近关系，试图引起主播注意或互动，而非直接表达购买意向。
7447,王建国绝美,0,该用户是在夸赞主播王建国的外貌或表现非常吸引人。
7448,雪国列车,0,该用户可能是在询问或调侃主播展示的某款列车主题相关产品（如玩具、模型或联名商品），或是联想到直播间的热闹氛围与电影《雪国列车》中的场景相似。
7449,安装好,0,该用户想表达的含义是：产品安装过程已经顺利完成。  （结合前文弹幕中关于产品功能、使用场景的讨论，如“费电吗”“材质”“地漏”等，可推测用户可能在反馈实际安装体验，而非单纯感叹。）
7450,黑色没了,1,该用户想表达的含义是：商品中的黑色款已经售罄了。
7451,神仙水,1,该用户可能是在询问或称赞直播中展示的某款护肤品（如SK-II神仙水）的效果或品质。
7452,你俩好像啊,0,该用户可能是在评论两位主播的外貌或风格相似，表达一种观察到的趣味性对比。
7453,没男款的吗,1,该用户是在询问直播间展示的商品是否有男性适用的款式。
7454,充绒量是多少,1,该用户想了解羽绒服的保暖性能参数以便评估是否值得购买。
7455,34号,1,该用户可能是在询问或确认直播间正在展示的34号商品的具体信息或库存情况。
7456,大牌姗姗来迟,0,该用户可能是在调侃或吐槽某个知名品牌的产品上架速度太慢，现在才出现在直播间里。
7457,戴一下兔子耳钉,1,该用户希望主播试戴展示兔子耳钉的实际效果。
7458,罗老师我太喜欢你啦,0,该用户是在通过热情表白主播的方式间接表达对直播内容或推荐商品的兴趣和认可。
7459,咋回事啊,0,该用户可能因直播内容或流程出现突发状况（如产品展示中断、画面卡顿、信息不清晰等）而感到困惑，试图询问当前异常情况的原因。
7460,上大号,0,该用户可能是在催促主播切换展示商品或账号，要求提供更详细或更高规格的产品信息。
7461,赫莲娜水有没有啊,1,该用户是在询问直播间是否有售卖赫莲娜品牌的化妆水产品。
7462,红红火火恍恍惚惚哈哈哈红红火火恍恍惚惚,0,该用户可能是在用无意义的重复性网络流行语表达轻松愉快的围观心态，并没有表现出明确的购买意向或产品相关诉求。
7463,172身高140斤穿多大号,1,该用户想询问适合自己身高体重体型的服装尺码，以判断商品是否合身。
7464,加绒吗,1,该用户是在询问商品是否带有加绒内衬以确认保暖性能。
7465,衣服下边有抽绳吗,1,该用户想询问服装的抽绳设计细节以评估是否符合自己的穿着需求。
7466,雪琴,0,该用户可能在询问或提及与“雪琴”相关的主播、商品或直播环节。
7467,有点显胖,0,该用户可能是在试穿或看到展示后，委婉地表达对服装版型的不满，认为上身效果不够修身。
7468,优雅老赵,0,该用户可能在用主播或嘉宾的昵称“老赵”搭配“优雅”这一调侃式赞美，表达对直播中人物表现或商品风格的趣味性认可。
7469,苏州为啥不能拍,1,该用户可能是在询问直播中展示的商品为何不支持配送到苏州地区。
7470,老罗只赚良心钱,0,该用户是在调侃主播的定价策略，暗示主播卖货时利润透明、价格公道，带有一定程度的信任和认可。
7471,颜色买错了怎么改啊,1,该用户想表达的含义是：自己之前购买的商品颜色选错了，询问如何更换或修改订单。
7472,倍思的吸尘器可以吹风嘛,1,该用户可能是在询问倍思吸尘器是否具备吹风功能，想确认产品的多功能性以评估购买价值。
7473,纯羊绒,1,该用户可能在询问或确认直播展示的商品材质是否为纯羊绒。
7474,我也想要两个保温杯我也要喝水喝得面目狰狞,1,该用户看到直播中展示的保温杯后产生了强烈的购买欲望，并幽默地表示自己也想拥有同款来享受喝水时的畅快体验。
7475,俊俊你是不是决绝人家了,0,该用户可能是在调侃主播“俊俊”对某位观众或产品的态度过于冷淡或拒绝，带有玩笑性质的疑问。
7476,我卖肥料,1,该用户可能是在调侃或反串，以幽默方式表达自己并非买家而是卖家身份。
7477,已拍2号,1,该用户想表达的含义是：我已经下单购买了编号为2的商品。
7478,是正品吗,1,该用户对商品的真伪存在疑虑，希望通过确认正品信息来评估是否值得购买。
7479,洗面奶有吗,1,该用户是在询问直播间是否有洗面奶这款产品可供购买。
7480,支持罗罗买了,1,该用户想表达的含义是：因为认可主播的推荐或人品，决定下单购买商品。
7481,有眼影吗,1,该用户是在询问直播间是否有眼影产品在售，表达了对购买眼影的兴趣。
7482,这俩主播真有意思,0,该用户是在赞赏主播的互动风格有趣，间接表达了对直播内容的喜爱和观看愉悦感。
7483,搞笑女,0,该用户可能在调侃主播幽默风趣的互动风格，表达对直播氛围的轻松认可。
7484,我建国哥怎么会自己带走都会给我们的,0,该用户可能在调侃主播的慷慨大方，暗示主播不会独享福利而是会与观众分享。
7485,补货,1,该用户想表达的含义是：希望商家尽快重新上架已售罄的商品。
7486,快把女主播挤出屏幕了,0,该用户可能是在调侃主播过于靠近镜头或画面构图不当，导致其他内容被遮挡。
7487,建国呢,0,该用户可能在询问主播“建国”这个人物或角色的去向或情况。
7488,王建国呢,0,该用户可能在询问或催促主播王建国出现或参与互动。
7489,一口价的还是按克的,1,该用户是在询问商品的计价方式，想知道当前展示的产品是固定价格出售还是根据重量（克数）来计算价格。
7490,武汉不送吗,1,该用户可能在询问商品是否支持配送至武汉地区。
7491,保价双十一吗,1,该用户是在询问商品是否承诺与双十一期间的价格保持一致，以确保现在购买不会在促销时吃亏。
7492,科颜氏白泥,1,该用户可能在询问直播间是否有售卖科颜氏白泥这款产品，或对该产品的价格、功效等具体信息感兴趣。
7493,黑色试一下,1,该用户可能是对直播中展示的某款黑色商品感兴趣，希望主播进行试穿或试用演示。
7494,儿童大肚杯,1,该用户可能在询问直播间是否有售卖儿童款的大容量水杯。
7495,泰迪熊,1,该用户可能在询问直播间是否有泰迪熊商品在售或相关展示。
7496,李正直播我就看会,1,该用户想表达的含义是：我是冲着主播李正才来看这场直播的。
7497,4号,1,该用户想表达的含义是：询问或确认4号商品的相关信息。
7498,罗老师的椅子太低了,0,该用户可能是在调侃或吐槽直播间的座位安排不合理，暗示主播的坐姿或镜头角度影响了观看体验。
7499,啊王自健说的人就是你们啊,0,该用户可能是认出了主播提到的某个人物或品牌与弹幕中之前出现的“王建国”有关，表达一种恍然大悟或确认身份的情绪。
7500,LV皮带说说啊,1,该用户是在催促主播详细介绍或展示LV皮带的相关信息，表现出对该商品的购买兴趣。
7501,女主播快点叫大哥,0,该用户可能在催促女主播邀请某位有消费力的观众（“大哥”）参与互动或下单，以活跃直播间氛围或带动购买。
7502,社交达人王建国,0,该用户可能在调侃或呼唤主播王建国，暗示他作为社交达人应该更活跃地与观众互动。
7503,建国呢,0,该用户是在询问主播王建国的去向或为何未出现在直播中。
7504,小黑瓶,1,该用户可能在询问或提及直播间正在介绍的某款黑色瓶装产品（如护肤品或香水）。
7505,子豪头秃啦,0,该用户可能在调侃主播子豪的发际线或发型变化，以此表达对主播的熟悉和轻松互动。
7506,建国居然卖货了,0,该用户想表达的含义是：没想到王建国也会参与直播带货。
7507,我要为王建国买个家,0,该用户想表达的含义是：我想购买王建国推荐的这个家居产品。
7508,黑绷带有吗今天,1,该用户是在询问直播间今天是否有售卖赫莲娜的黑绷带产品。
7509,Murphy小意思,0,该用户可能在调侃或回应主播提到的某个与“Murphy”相关的内容，表达一种轻松或不以为意的态度。
7510,王建国绝美,0,该用户是在夸赞主播王建国的外貌或表现很有魅力。
7511,笑死,0,该用户可能是在对直播间里某位主播或嘉宾的幽默表现感到好笑，用“笑死”来表达被逗乐的轻松情绪。
7512,女主播真的太美了谁能娶到她太幸福了,0,该用户主要是在夸赞女主播的外貌魅力，表达对主播个人形象的欣赏而非对产品的购买兴趣。
7513,lv是全新吗,1,该用户是在询问直播中展示的LV商品是否为未使用过的正品新品。
7514,保价双十一吗,1,该用户是在询问商品当前的促销价格是否与双十一期间的价格一致，以确保自己现在购买不会吃亏。
7515,36C该买哪个号呢,1,该用户是在询问适合自己尺码（36C）的商品选购建议，表现出对直播间正在推介的某款尺码敏感型产品（可能是内衣、泳装等）的具体购买意向。
7516,中检会体现几几新么,1,该用户想询问商品是否经过中检认证以及具体的成新度评级。
7517,脱口秀祖师爷带建国,0,该用户是在调侃王建国作为脱口秀演员跨界带货的幽默反差，并表达对他参与直播的惊喜和关注。
7518,没有海蓝一谜,1,该用户可能在询问直播间是否有售卖“海蓝之谜”品牌的产品。
7519,地址不支持配送,1,该用户可能是在确认商品是否支持配送到自己所在地区，隐含对商品有兴趣但因配送限制而无法购买。
7520,桌子上的LV找不到,1,该用户可能在询问直播画面中展示的LV商品的具体位置或库存情况，暗示对这款商品有兴趣但找不到购买入口或详情信息。
7521,中检挂牌的吗,1,该用户是在询问直播中展示的商品是否附带中检机构的认证挂牌，以确认商品的真伪和品质保障。
7522,榜一了,0,该用户想表达的含义是：自己成为了直播间打赏榜单的第一名。
7523,跟正价差好多,1,该用户可能在对比直播间的促销价格与商品原价，惊讶于折扣力度之大。
7524,说到夫妻档我想起来了好久没看到老龚和奈司了,0,该用户可能是想通过提及过往直播中的知名搭档（老龚和奈司）来怀念或询问他们的近况，暗示对直播间常驻嘉宾或经典组合的关注和喜爱。
7525,笑死了,0,该用户是在被直播间的幽默互动或主播的搞笑表现逗乐后，用轻松调侃的语气表达愉悦情绪。
7526,这床垫能同时躺老罗和建国吗,0,该用户是在调侃并询问床垫的尺寸是否足够大，能同时容纳两位知名人物（老罗和建国）躺下，以此间接表达对产品规格的兴趣。
7527,王建国凭什么坐中间王建国凭什么坐中间王建国凭什么坐中间,0,该用户可能在调侃或质疑主播王建国的座位安排，表达对其占据中心位置的不满或玩笑性的抗议。
7528,这谁啊建国啊,0,该用户是在调侃或询问主播身旁的人物身份，怀疑或戏谑地指出“这是王建国吗”。  （结合前文多次出现“王建国”的玩梗弹幕和脱口秀演员的提及，语境偏向娱乐互动，而非真实购买意向）
7529,王建国,0,"该用户是在调侃或质疑主播团队中""王建国""的出镜安排或表现。"
7530,小黑瓶没有吗,1,该用户是在询问直播间是否售卖或展示过某款名为“小黑瓶”的产品但未被注意到。
7531,泰迪熊,1,该用户可能在询问直播间展示的泰迪熊商品的相关信息（如价格、尺寸或购买方式）。
7532,男的送给男朋友的,0,该用户可能在询问主播展示的商品是否适合男性购买作为送给男友的礼物。
7533,北京不发货,1,该用户可能是在询问或抱怨商品是否支持配送到北京地区。
7534,这个面料会老化脱块,0,该用户可能是在质疑产品的耐用性，担心面料使用后会出现质量退化或破损问题。
7535,中杯大杯和特大杯,1,该用户可能在询问商品（可能是饮品或容器类产品）的规格尺寸选项及差异。
7536,哈哈哈,0,该用户被直播间的幽默互动或搞笑内容逗乐，用笑声表达轻松愉快的观看体验。
7537,年纪轻轻秃了,0,该用户可能是在调侃直播中展示的防脱发产品或对主持人/嘉宾的发量进行幽默吐槽。
7538,在东北当过兵觉得东北挺好的老罗跟王建国好像都是东北的,0,该用户是在借东北籍贯的两位主播（老罗和王建国）来拉近情感距离，暗示对直播间的熟悉和好感，可能为后续互动或购买做铺垫。
7539,铁岭王建国,0,该用户可能在调侃或询问直播中出现的嘉宾王建国的相关信息，结合前文提到的东北背景和人物互动，表达对这位嘉宾的关注或好奇。
7540,上海上海上海不支持,1,该用户想表达的含义是：对商品不支持上海地区发货感到不满或遗憾。
7541,什么时间发货,1,该用户可能是在确认商品的物流时效，以便决定是否下单购买。
7542,在上点儿,1,该用户想表达的含义是：要求主播补货或增加商品上架数量。
7543,王建国这盛世如你所愿,0,该用户是在调侃王建国的受欢迎程度或直播间热度，暗示当前的盛况符合王建国的期待或风格。
7544,卡地亚戒指保真吗,1,该用户是在询问直播所售卡地亚戒指的真伪保障情况，表现出对商品真实性的关注和潜在的购买意向。
7545,建国加油,0,该用户是在为直播中的嘉宾王建国加油打气，表达对其表现的支持和鼓励。
7546,太幸运了,0,该用户想表达的含义是：对当前直播中出现的某个意外惊喜或幸运事件感到兴奋和满足。
7547,主播里面的衣服是几号呢,1,该用户想询问主播身上所穿衣服的具体款式或尺码信息，表现出对这件商品的购买兴趣。
7548,金字塔下法力无边的前辈们,0,该用户可能是以调侃或致敬的语气，将直播间里频繁刷屏讨论“王建国”的观众比作拥有神秘力量的前辈，暗示这些观众对主播/嘉宾（王建国）的狂热支持形成了某种集体氛围。
7549,建国建国,0,该用户可能在以主播或直播间相关人物“王建国”的名字进行互动，表达对直播内容的关注或支持。
7550,国仔真一个弹幕舍不得抽啊,0,该用户是在调侃主播“国仔”过于吝啬，连抽奖互动都舍不得开展。
7551,主播什么妈,0,该用户可能是想问“主播的妈妈是谁”或“主播的妈妈是做什么的”，结合前文频繁出现的“王建国”（疑似主播名字）和调侃弹幕，更可能是以戏谑口吻追问主播家庭信息，属于活跃气氛的互动而非真实提问。
7552,建国,0,该用户可能在调侃或提及直播中出现的与“王建国”相关的梗或话题，表达对这位人物的关注或互动兴趣。
7553,矛盾体美阳阳大部分地区都包邮少部分地区需要运费,1,该用户想表达的含义是：主播提到的商品大部分地区可以免邮，但少数偏远地区需要额外支付运费。
7554,小香风有吗,1,该用户可能在询问直播间是否有售卖小香风风格的服装或配饰。
7555,黄老板胖了,0,该用户可能是在调侃主播的外形变化，以轻松幽默的方式参与互动。
7556,买了,1,该用户想表达的含义是：已经下单购买了商品。
7557,懂很正常呀谁还没个前女友,0,"该用户是在用调侃的语气回应直播间里频繁提及""王建国""的弹幕氛围，暗示谈论前女友这类话题很常见无需大惊小怪。"
7558,洗衣机是双11的价吗,1,该用户是在询问直播中展示的洗衣机是否享有与双11促销同等的优惠价格。
7559,已拍,1,该用户想表达的含义是：我已经下单购买了这款商品。
7560,包包不是新的吗,1,该用户可能在质疑或确认直播中展示的包包是否为全新商品，而非二手或样品。
7561,卖完了,1,该用户想表达的含义是：商品已经售罄，自己没抢到感到遗憾或催促补货。
7562,国仔,0,该用户是在用昵称亲切地称呼主播或嘉宾（王建国），表达对其的关注或支持。
7563,罗老师和建国的脱口秀专场,0,该用户是在询问或期待罗永浩和王建国两位主播能合作一场脱口秀风格的直播专场。
7564,去重新加载买卫衣去了,1,该用户表示自己决定退出直播间去电商平台下单购买卫衣。
7565,资生堂蓝胖子有吗资生堂蓝胖子有吗资生堂蓝胖子有吗资生堂蓝胖子有吗资生堂蓝胖子有吗,1,该用户急切询问直播间是否售卖资生堂蓝胖子防晒产品，表现出强烈的购买意向和重复追问的迫切心态。
7566,北面羽绒服有吗,1,该用户是在询问直播间是否有售卖北面品牌的羽绒服，表达了对该商品的购买意向。
7567,这讲解听的都想买,1,该用户被主播的产品讲解打动，产生了强烈的购买欲望。
7568,大家下单吧老罗比其他卖货的靠谱,1,该用户是在号召其他观众信任主播并参与购买，暗示主播的可靠性和商品值得下单。
7569,喷雾有吗,1,该用户是在询问直播间是否有售卖喷雾类产品。
7570,哈哈哈,0,该用户可能被直播间的幽默互动或搞笑内容逗乐，用笑声表达轻松愉快的观看情绪，但并未直接体现购买意向。
7571,罗老师直播,0,该用户可能是在询问或期待罗老师（主播）的脱口秀表演环节，或是联想到之前弹幕提到的罗老师与建国的专场内容。
7572,我想要耳机,1,该用户表达了对直播中展示的耳机产品有明确的购买意向。
7573,李小琴的绯闻男友吗,0,该用户可能在调侃或询问直播中提到的某个人物（如李小琴）是否与当前展示的商品或主播有八卦关联，而非直接表达购买意向。
7574,给爸妈买木了,1,该用户想表达的含义是：已经为父母下单购买了木质产品（可能是家具、工艺品等）。  （解析：结合直播间的购物语境和“买了”“已拍”等类似弹幕的用词习惯，“木了”可能是“买了木制品”的口语化简写或输入错误，核心意图是表达完成购买行为，且对象和品类指向明确。）
7575,卖完了下一个,1,该用户是在催促主播尽快介绍下一件商品，因为当前展示的商品已经售罄。
7576,建国还不来,0,该用户可能在催促主播“建国”尽快出场或参与互动，表达了对这位人物的期待或对当前环节缺乏兴趣。
7577,码数偏大吗,1,该用户是在询问商品尺码是否比常规标准偏大，以便确认购买时的尺码选择。
7578,罗老师老是拆台黄老板只是按照标准讲卖点,0,该用户是在调侃罗老师频繁打断或纠正黄老板的产品介绍，认为后者只是按常规方式讲解商品卖点。
7579,男主播金劳很金啊,0,该用户是在夸赞男主播佩戴的金色劳力士手表非常耀眼夺目，可能隐含对这款奢侈品的欣赏或购买兴趣。
7580,那时总是建国打蛋蛋,0,"该用户可能在调侃直播中提到的""建国""（疑似主播或嘉宾昵称）与""蛋蛋""（可能指某商品或梗）的互动，表达一种对直播内容轻松幽默的围观态度。"
7581,43码,1,该用户想询问当前展示的商品是否有43码的库存。
7582,中个奖吧,0,该用户希望通过参与直播间的抽奖活动获得免费或优惠商品的机会。
7583,没有灰色拍的黑色是哪种啊,1,该用户是在询问商品颜色选项中“黑色”的具体款式或版本，因为直播间之前展示过“灰色”的同类商品但未展示对应的黑色款。
7584,建国啊,0,该用户可能在催促或询问主播“建国”何时出场或参与互动。
7585,妹子不错,0,该用户可能是在夸赞主播的外貌或表现，但并未直接表达对商品的购买兴趣。
7586,发财桶看一下可以吗,1,该用户想表达的含义是：询问主播是否可以展示或介绍“发财桶”这款产品。
7587,Cpb隔离链接咋没了,1,该用户是在询问为何无法找到CPB隔离产品的购买链接，可能对这款商品有购买意向但发现链接已下架或失效。
7588,建国,0,该用户可能在催促或询问主播“建国”何时出现或参与直播互动。
7589,哈哈,0,"该用户可能是被直播间的轻松氛围或主播的幽默表现逗乐了，用""哈哈""表达随性附和或短暂的情绪共鸣，并未直接体现购买意向。"
7590,软壳还是硬的,1,该用户是在询问直播中展示的商品外壳材质是柔软的还是坚硬的。
7591,美女,0,该用户可能在夸赞主播或某位出镜人员的颜值。
7592,没有了,1,该用户可能是在询问或感叹商品已经售罄或下架了。
7593,豪哥好帅,0,该用户是在夸赞主播的外貌魅力，表达对主播的个人喜爱而非直接的购买意向。
7594,码数不合适可以换吗,1,该用户是在询问商品是否支持退换货服务，尤其关注尺码不合适时的售后政策。
7595,好用的,1,该用户想表达的含义是：对当前直播展示的产品表示认可并有意向购买。
7596,能不能拉链链接内胆,1,该用户想询问主播是否能为带有拉链和内胆设计的产品提供购买链接。
7597,13可以用吗,1,该用户可能在询问商品是否适合13岁年龄段使用。
7598,有原箱吗亲,1,该用户是在询问商品是否有未拆封的原包装现货。
7599,原来建国脸这么小啊,0,该用户可能是对主播“建国”的外貌特征感到意外或产生兴趣，通过对比发现其脸型比想象中更小巧精致。
7600,这照片哈哈哈哈哈,0,该用户可能是被直播中展示的某张照片逗乐了，用笑声表达轻松愉悦的情绪，但并未直接表现出购买意向。
7601,还要,1,该用户想表达的含义是：希望主播继续展示或补充刚才提到的商品库存/款式。
7602,只剩呢,0,该用户想表达的含义是：询问商品库存是否已经售罄。
7603,不是王建国吗这有什么好看的走了,0,该用户觉得主播并非自己期待的王建国，感到失望并决定离开直播间。
7604,建国啊,0,该用户可能在调侃或询问主播“建国”这一称呼或形象的相关信息。
7605,怎么没有了,1,该用户想表达的含义是：询问之前提到的商品链接或库存为何突然下架或售罄。
7606,早上好,0,该用户可能是在打招呼或调侃主播，试图融入直播间的互动氛围。
7607,要m码蓝色,1,该用户想表达的含义是：我想要购买蓝色且尺码为M的商品。
7608,保价双11吗,1,该用户可能是在询问商品是否参与双11价格保障活动，以确保当前购买不会在促销期间出现更低价。
7609,全新吗,1,该用户是在询问直播中展示的商品是否为未拆封或未使用过的全新品。
7610,智胜,0,"该用户可能在询问主播展示的商品是否是""智胜""品牌或型号的产品。"
7611,哈哈真的好好看,1,该用户被直播内容或产品展示逗乐，同时表达了对商品外观的喜爱和认可。
7612,那个怎么买,1,该用户想询问直播中展示的某件商品的购买方式或下单流程。
7613,旅行装多少毫升,1,该用户想询问产品旅行装规格的具体容量信息。
7614,能不能问下还有戴森吹风机吗,1,该用户是在询问戴森吹风机的库存情况，表现出明确的购买意向。
7615,期待新广告,0,该用户可能是在催促主播尽快展示或介绍新产品广告，表现出对新品信息的兴趣和期待。
7616,23号讲下,1,该用户想表达的含义是：希望主播在23号详细介绍某款商品的信息。
7617,有运费险吗,1,该用户是在询问商品是否支持退换货时的运费保障服务，以此评估购买风险。
7618,建国非凡咋样,0,该用户想询问主播对“建国非凡”这款产品的评价或使用体验如何。
7619,男的咋感觉油嘴滑舌的,0,该用户可能觉得主播的推销话术显得过于圆滑或不真诚，因而产生反感情绪。
7620,老罗看到就直接送这位朋友了,0,该用户是在调侃或起哄，暗示主播（老罗）应该大方赠送商品给某位观众作为福利。
7621,这还是社恐的建国吗,0,该用户可能是在调侃主播的表现与以往形象反差较大，显得活跃外向而不像平时社恐的样子。
7622,于文文我来看你了,0,该用户是在表达对主播于文文的支持与关注，而非直接表现出购买意向。
7623,耳环近一点,1,该用户希望主播将耳环展示得更清楚些以便观察细节。
7624,爽子的裤子有吗爽子的裤子有吗,1,该用户急切询问直播间是否有售卖某位名为“爽子”的主播/明星同款裤子。
7625,好有夫妻相啊,0,"该用户可能在调侃或称赞直播中两位主持人/嘉宾的外貌气质十分般配。  （结合前文弹幕中频繁出现人物互动内容如""建国""""老罗""""于文文""等，且存在""油嘴滑舌""""社恐""等对人物特质的评价，可推断当前直播间氛围偏向娱乐化，用户更可能是在参与人物互动讨论而非表达购买意向）"
7626,40码没有,1,该用户想表达的含义是：询问当前商品是否有40码的库存。
7627,一瓶没袋子吗,1,该用户是在询问商品是否单独售卖且不附带赠品或包装袋。
7628,早上好,0,该用户可能是在打招呼或活跃气氛，并未直接表达购买意向。
7629,好想吃,1,该用户可能被直播中展示的美食类商品所吸引，表达出强烈的购买欲望或对商品的渴望。
7630,为什么这么便宜,1,该用户可能对产品价格低于预期感到惊讶，同时隐含对商品质量或促销真实性的疑虑。
7631,王建国呢,0,该用户可能在询问或调侃主播王建国的去向或表现。
7632,斜挎看看,1,该用户想表达的含义是：让主播展示一下斜挎包的背法或上身效果。
7633,断码了,1,该用户可能是在询问或抱怨当前展示的商品中自己需要的尺码已经售罄。
7634,脱口秀大会转场啊,0,该用户可能是对直播内容突然切换感到疑惑，暗示希望继续观看之前的脱口秀环节或相关产品介绍。
7635,小飞你真帅小飞你真帅小飞你真帅小飞你真帅,0,该用户是在以夸张重复的方式表达对主播“小飞”的个人喜爱或活跃气氛，而非直接表现出对商品的购买兴趣。
7636,重新加载没有你这个衬衫,1,该用户想表达的含义是：页面刷新后找不到刚才展示的那款衬衫了。  （结合直播间的弹幕背景，用户可能在互动中看到某款衬衫后因页面变动或加载问题无法再次找到，因此通过弹幕反馈技术问题并隐含购买意向。）
7637,好漂亮,1,该用户被直播中展示的商品外观或主播穿搭所吸引，流露出对产品颜值的赞赏和潜在购买意向。
7638,好吧的时候就是这样,0,该用户可能是在调侃主播或嘉宾的某个行为或状态，认为其表现与平时形象不符（比如从社恐突然变得活跃），用“好吧的时候就是这样”来戏谑这种反差感。
7639,Mcm有吗,1,该用户是在询问直播间是否有MCM品牌的产品在售。
7640,建国兄,0,该用户可能在询问或调侃主播王建国的去向或表现。
7641,耳钉,1,该用户可能是在询问直播间是否有展示或售卖耳钉商品。
7642,170150合身要什么码,1,该用户想询问身高170体重150的人适合穿什么尺码的衣服。
7643,这主播是个捧哏的呀,0,该用户可能在调侃主播的互动风格像相声中的捧哏角色，总在配合他人而非主导推销。
7644,5号链接跟42号链接看一下,1,该用户希望主播详细介绍或展示商品列表中编号为5和42的两款产品。
7645,10号也看下,1,该用户想表达的含义是：希望主播展示或介绍10号链接的商品。
7646,12号,1,该用户想表达的含义是：询问或要求查看12号商品链接的详情。
7647,为啥吉林不支持配送啊,1,该用户因所在地无法收货而对商品配送范围表示遗憾和疑问。
7648,戴森吹风机有么,1,该用户是在询问直播间是否有戴森吹风机这款商品在售。
7649,我要,1,该用户想表达的含义是：我想要购买当前展示的商品。
7650,这么便宜的,1,该用户想表达的含义是：这个价格比预期低很多，让人有点意外和心动。
7651,王建国,0,该用户可能在催促或询问主播王建国何时出现或参与互动。
7652,中中中,0,"该用户想表达的含义是：同意或认可主播推荐的商品（可能是对某个产品特性、价格或展示效果的肯定）。  （结合前文弹幕中频繁出现的商品询问、尺码讨论和积极反馈，""中中中""在方言/网络用语中常表示赞同或""选这个""，符合直播间快速互动的语境。）"
7653,不是鹅绒吗,1,该用户可能是在质疑或确认直播中提到的羽绒服材质是否为鹅绒，表达了对产品细节的关注和购买前的核实意图。
7654,看看16号,1,该用户想表达的含义是：请主播展示或介绍16号商品链接。  （结合前文高频出现的商品编号询问语境，如“5号链接”“10号”“12号”，可推断用户是在跟随直播节奏主动提出查看特定商品的需求。）
7655,哈哈哈,0,该用户可能是被直播间的互动氛围或主播的幽默表现逗乐，用“哈哈哈”表达轻松愉快的情绪，但并未直接体现购买意向。
7656,Max放不下吧,0,该用户可能是在询问某款产品的容量或尺寸是否足够大，担心无法容纳所需物品。
7657,建国变帅了,0,该用户可能在调侃主播的外表变化，暗示主播形象有所提升，以此表达对直播内容的关注和互动兴趣。
7658,下午好,0,该用户可能是在打招呼或活跃气氛，试图融入直播间的互动中。
7659,掉色吗,1,该用户是在询问直播中展示的商品是否容易出现褪色问题。
7660,熨斗,1,该用户可能在询问直播间是否有熨斗商品或对其功能价格感兴趣。
7661,身高174cm体重148已经拍的m可以吗,1,该用户想表达的含义是：询问自己174厘米的身高和148斤的体重是否适合购买M码的服装。
7662,中间这个这么像建国呢,0,该用户是在调侃直播中展示的某件商品或主播本人与艺人王建国的外貌相似。
7663,还有围巾吗,1,该用户想询问直播间是否还有围巾库存可供购买。
7664,拒绝苹果支持国产,1,该用户想表达的含义是：不选择苹果产品而倾向于购买国产品牌。
7665,主播好像庄心妍,0,该用户觉得主播的长相或气质与歌手庄心妍相似。
7666,建国大佬,0,该用户可能在调侃或指出主播与某个名为“建国”的人相似，或是单纯在称呼主播的昵称。
7667,建国,0,该用户是在调侃或指认主播/嘉宾的外貌或身份与某个叫“建国”的人相似。
7668,支持主播,0,该用户想表达的含义是：对主播的认可和鼓励，可能是出于对主播个人魅力或直播内容的喜爱。
7669,什么金啊,1,该用户可能在询问直播中展示的饰品或商品的材质是否为黄金。
7670,4090呢,1,该用户是在询问直播间是否有售卖或展示英伟达RTX 4090显卡。
7671,想买来送女朋友,1,该用户对直播间的某件商品产生了兴趣，并考虑将其作为送给女友的礼物。
7672,包在上点,1,该用户想表达的含义是：希望主播继续展示更多款式的包包。
7673,公开课,0,该用户可能是在询问直播中是否有免费或公开的教学内容可供观看。
7674,我一般都是单手操作,0,该用户可能是在询问产品是否适合单手使用，或者暗示自己习惯单手操作因此对产品的便捷性有需求。
7675,没了,1,该用户想表达的含义是：商品已经售罄了。
7676,之前188这个绝对是合适,1,该用户认为之前188元的价格非常划算，暗示现在可能涨价或想确认是否还能以这个价格购买。
7677,不喜欢能退吗,1,该用户是在询问商品的退换货政策，以确认购买后如不满意是否可以无负担退货。
7678,半个月前买的芝麻街还没有发货,1,该用户可能是在催促发货并表达对物流延迟的不满情绪。
7679,不是徐志胜来吗换王建国了吗,0,该用户对直播嘉宾的临时更换感到意外和不满，原本期待看到徐志胜却发现了王建国出场。
7680,手表,1,该用户可能是在询问或关注直播中展示的手表产品。
7681,国仔,0,该用户可能在调侃或询问主播的外貌与昵称“建国”相关，类似前面弹幕提到的“主播像庄心妍/徐志胜”的娱乐互动。
7682,是建国兄吗,0,该用户是在询问主播是否是网友常提到的“建国”这个人。
7683,建国啊,0,该用户是在确认或调侃主播的身份，认为主播可能是脱口秀演员王建国。
7684,喜欢王老师,0,该用户是在表达对主播王建国的喜爱和支持。
7685,榜一了,0,该用户想表达的含义是：自己成为了直播间打赏榜单的第一名。
7686,弹幕飘屏挡脸,0,该用户可能是在抱怨弹幕过多遮挡了直播画面，影响了观看体验。
7687,我要一个中杯,1,该用户想表达的是对直播中展示的中杯规格商品有明确的购买意向。
7688,170身高160斤拍多大,1,该用户是在询问以自己170厘米身高和160斤体重应该选择什么尺码的商品。
7689,脖子没了,1,该用户可能是在吐槽直播画面中主播的脖子被弹幕飘屏遮挡看不到了。
7690,想要长款面包服,1,该用户对直播中展示的长款面包服产生了明确的购买意向，表达出希望拥有这件商品的意愿。
7691,李雪琴,0,该用户可能在询问或确认当前直播嘉宾是否是李雪琴，表达了对主播身份的关注或期待。
7692,有没有麻将包,1,该用户是在询问直播间是否有售卖麻将主题的手提包或相关款式。
7693,衣服没有对吧,1,该用户可能在询问直播中展示的某款衣服是否已经售罄或没有库存。
7694,衣服买了,1,该用户想表达的含义是：我已经下单购买了这件衣服。
7695,16号4号,1,该用户可能在询问服装的尺码选择，比如“身高170体重160的人适合穿16号还是4号”。
7696,国仔等下一起打游戏吧,0,该用户可能是主播王建国的粉丝，在互动中表达了对主播的喜爱并想进一步私下互动，而非对直播商品的购买兴趣。
7697,等我有钱给我妈买一个,1,该用户表达的是对商品的认可和未来购买的意愿，暗示目前经济条件有限但希望以后有能力为母亲购买。
7698,黄皮哪个号,1,该用户想询问适合黄皮肤色号的产品选项。
7699,看一下手表,1,该用户可能对直播中展示的手表产品感兴趣，想进一步了解详情或请求主播展示特写镜头。
7700,主播高梵的衣服有运费险吗,1,该用户想确认高梵品牌的服装是否支持退换货时免运费，以此评估购买风险。
7701,娇韵诗双萃,1,该用户可能是在询问或提及娇韵诗双萃精华产品，表达对该商品的兴趣或购买意向。
7702,雷鸟的电视能看看实物吗,1,该用户对雷鸟电视的实际展示效果感兴趣，想确认直播间是否会展示产品实物。
7703,有味道吗,1,该用户可能在询问直播中展示的商品是否存在异味或特殊气味。
7704,买了去菜市场买,1,该用户想表达的含义是：打算购买这件商品后穿着它去菜市场。
7705,看一下宝格丽那个项链,1,该用户对宝格丽项链表现出明确的兴趣，希望主播展示或详细介绍该款产品。
7706,真吗,1,该用户可能是在对主播介绍的产品真实性或品质表示怀疑，想确认商品是否如宣传所说靠谱。
7707,其他颜色再看一下,1,该用户想表达的含义是：希望主播展示商品的其他颜色款式以供参考选择。
7708,已拍,1,该用户想表达的含义是：我已经下单购买了这款商品。
7709,173135斤,1,该用户可能在询问适合身高173cm、体重135斤的人穿的衣服尺码。
7710,男生肤色黑能用吗,1,该用户是在询问产品是否适合肤色较深的男性使用。
7711,一棵能泡几壶,1,该用户想询问这款茶叶的耐泡程度，即一包茶叶可以冲泡多少次。
7712,禁言遮羞就能解决问题吗,0,该用户可能在质疑直播间通过禁言手段回避负面评论或产品问题的做法，认为这无法真正解决观众提出的实际疑虑。
7713,罗老师呢,0,该用户可能在询问主播或场控人员“罗老师”的去向，暗示对这位人物出现或参与的期待。
7714,建国别走,0,该用户希望主播“建国”继续留在直播间不要离开。
7715,紫迎宾拍6发原箱吗,1,该用户可能在询问主播是否支持以原箱包装的形式购买六瓶紫迎宾酒。
7716,油皮可以用吗,1,该用户是在询问这款产品是否适合油性皮肤使用。
7717,女主播的毛衣好看,1,该用户想表达的含义是：对主播所穿毛衣的款式产生兴趣并询问购买信息。
7718,俩人像兄弟,0,该用户可能是在调侃两位主播的互动风格或外形相似，觉得他们像兄弟一样有默契或长得像。
7719,幸亏没当老师不然盖多少学生,0,该用户是在庆幸自己没有选择教师职业，否则可能会因为言行不当而影响众多学生。
7720,一盒有多少,1,该用户想询问产品包装内的具体数量或容量。
7721,还是很舒服的也比较精神,1,该用户可能是在评价主播展示的某款服饰或配饰的上身效果，认为其穿着既舒适又能提升气质。
7722,戴眼镜不好看,0,该用户可能是在委婉表达对主播或展示商品的外形不满意，暗示产品设计或佩戴效果不符合审美预期。
7723,3万了上人上人,0,该用户是在催促直播间加快节奏或增加互动，暗示当前观众数量达到3万应该更有行动力（如推新品、发福利等）。
7724,Lv皮带有盒子吗,1,该用户是在询问LV皮带的包装是否包含原装盒，以确认商品的正规性和完整性。
7725,发财,0,该用户可能在为直播间的促销氛围或主播的带货表现感到兴奋，并表达对购物带来好运的期待。
7726,智胜了,0,该用户可能是在表达对产品效果或促销活动的认可，认为商家在价格或品质上“赢了”或“占优势”。
7727,我同意了,0,该用户想表达的含义是：确认接受主播提出的购买方案或价格。
7728,衣服买吗,1,该用户可能在询问主播或其他观众是否推荐购买当前展示的服装产品。
7729,内里加绒吗,1,该用户是在询问商品（可能是衣物）的内部是否带有加绒材质。
7730,女的试试,1,该用户可能是建议女性观众尝试直播中展示的产品。
7731,国仔国仔,0,该用户可能在热情呼唤主播“建国”的昵称“国仔”，表达对主播的喜爱或互动意愿。
7732,科颜氏白泥这么便宜嘛,1,该用户对科颜氏白泥的价格感到意外，并隐含对产品优惠力度的惊讶或质疑。
7733,这美女眼神有点奇怪,0,该用户可能是在调侃或吐槽女主播的表情或神态不太自然，而非表达对产品的购买兴趣。
7734,罗老师回去做领笑员,0,该用户可能在调侃主播的职业背景，暗示他更适合之前的幽默角色而非当前直播卖货。
7735,黑色有吗,1,该用户想询问直播中展示的商品是否有黑色款式可供选择。
7736,大爷文君早上好,0,该用户是在以轻松调侃的语气向主播（文君）打招呼，表达一种熟人间的亲切互动氛围，而非直接询问商品信息或表达购买意向。
7737,这个字幕好无语完全挡住了,0,该用户对直播间的字幕遮挡画面感到不满，认为影响了观看体验。
7738,黄贺你为什么不穿交个朋友,0,该用户是在调侃主播黄贺没有穿着印有“交个朋友”字样的品牌服装进行直播。
7739,j基本上不赚钱交个朋友,0,该用户想表达的含义是：主播以极低利润销售商品主要是为了建立粉丝信任和互动关系。
7740,蓝色有M嘛,1,该用户是在询问商品是否有蓝色M码的库存。
7741,龙哥你说个谐音梗透露一下脱口秀结果并不是真的透露,0,该用户是在调侃主播用谐音梗暗示脱口秀比赛结果的行为，认为这只是娱乐效果而非真实剧透。
7742,原来你是赵志豪啊,0,该用户可能是在认出主播身份后感到意外或恍然大悟，暗示之前没意识到主播是某个知名人物（赵志豪）。
7743,没了啊,1,该用户可能是在表达对某款商品已售罄的失望或询问是否还会补货。
7744,罗老师何时完成梦想是怕了吗,0,该用户可能在调侃罗老师之前立下的flag或承诺，暗示他因为害怕而迟迟未能实现某个目标。
7745,建国为什么瘦了,0,该用户可能是对主播“建国”的外形变化感到好奇，想通过询问体重变化来互动或表达关注。
7746,秋羽绒,1,该用户可能在询问直播间是否有秋季款的羽绒服在售。
7747,大红瓶是滋润型的吗,1,该用户可能在询问某款护肤品“大红瓶”的具体功效类型，想确认其是否适合自己干性皮肤的需求。
7748,近一点看看粉色,1,该用户希望主播将镜头拉近或展示粉色产品的细节。
7749,是正品吧,1,该用户可能在质疑商品的真伪，担心低价促销是否可靠。
7750,请问有盒子嘛,1,该用户可能在询问商品是否有配套包装盒或礼盒装选项。
7751,好看啊,1,该用户可能是在称赞当前展示的商品款式或颜色很吸引人，表达出对产品的正面评价和潜在的购买兴趣。
7752,童大鹏,0,该用户可能在呼唤或提及直播间的某位主持人或嘉宾“童大鹏”，可能是想与其互动或询问相关信息。
7753,没号了,1,该用户想表达的含义是：想要的商品尺码或颜色已经售罄了。
7754,建国,0,该用户可能是看到弹幕中有人提到“建国为什么瘦了”，于是单纯地跟风喊出“建国”这个名字表示关注或调侃。
7755,全新的吧,1,该用户是在确认直播中所展示的商品是否为未拆封的全新产品。
7756,没了,1,该用户想表达的含义是：商品已经售罄或库存没有了。
7757,小麻将来咯下,1,该用户可能是想询问或确认麻将商品是否已经上架或开始售卖。
7758,笠笠也来,0,该用户可能在呼唤或提及一位名叫“笠笠”的熟人/主播/嘉宾参与互动，暗示对直播内容的关注或期待其出现。
7759,我是起来迟棉签滴,1,该用户可能是想询问“这款棉签是否适合早起时使用”或“棉签是否容易起棉絮”。
7760,pl粉霜链接在哪里,1,该用户是在询问直播中提到的“pl粉霜”产品的购买链接，表现出明确的购买意向和急切想要获取商品信息的心态。
7761,茅台多少钱,1,该用户想询问直播中展示的茅台酒的具体售价信息。
7762,厚实吗,1,该用户是在询问商品材质的厚实程度，以评估其保暖性或质量。
7763,都垮丝了,1,该用户想表达的含义是：商品已经卖光没货了。
7764,海南之谜,1,该用户可能是在询问或提及直播中展示的某个与“海南之谜”相关的产品，比如护肤品、特产或旅游商品。
7765,没了,1,该用户想表达的含义是：商品已经售罄或库存被抢光了。
7766,白白胖胖充满希望攻击你了吗玻璃心,0,该用户可能在用调侃的语气表达对主播或产品外观（如“白白胖胖”可能指商品造型）的善意吐槽，同时以“玻璃心”反讽自己或他人对玩笑的过度敏感，整体意图是活跃气氛而非真正抱怨。
7767,cpb还有吗,1,该用户是在询问直播间是否还有CPB品牌的产品库存。
7768,俩人怎么越长越像,0,该用户可能是在调侃直播中两位主播或嘉宾的外貌相似，以此表达对直播内容的轻松互动和关注。
7769,我是睡醒的人,0,该用户想表达的含义是：我是刚进直播间的新观众。
7770,这是我能看的直播吗,0,该用户可能是在调侃直播内容过于吸引人或超出预期，暗示自己意外被吸引住了。
7771,不都是588吗,1,该用户可能是在质疑或确认直播中提到的商品价格是否统一为588元。
7772,不支持配送,1,该用户想表达的含义是：对商品无法配送到自己所在地区感到失望或询问是否有其他配送方式。
7773,保价双十一吗,1,该用户是在询问商品当前的价格优惠是否能延续到双十一期间，确保不会买贵。
7774,像父子,0,该用户想表达的含义是：主播和嘉宾长得越来越像父子。
7775,江湖弟位,0,该用户可能在调侃主播或嘉宾的互动关系像是在江湖中地位不对等的兄弟，带有幽默或讽刺的意味。
7776,今天有徐志胜吗,0,该用户可能在询问直播中是否有嘉宾徐志胜的出场环节。
7777,建国,0,该用户可能在呼唤或提及直播中出现的某个昵称为“建国”的人物或角色。
7778,大菊观大菊观,0,该用户可能在用调侃或玩梗的方式评论主播的宏观视角或大局观。
7779,这个包包好好看,1,该用户被直播中的包包款式吸引，产生了明显的购买兴趣。
7780,我卖肥料,1,该用户可能是在以调侃或反讽的方式表达自己并非买家而是卖家，暗示当前直播内容与自己的身份或需求无关。
7781,有天气丹嘛,1,该用户是在询问直播间是否有售卖“天气丹”这款产品。
7782,16090斤,1,该用户可能在询问或确认商品的重量规格是否为16090斤。
7783,你才解半天,1,该用户可能在吐槽主播或其他人解释商品信息的时间过长，显得不耐烦或觉得对方反应迟钝。
7784,卫衣开价了吗,1,该用户是在询问主播是否已经公布了卫衣的促销价格。
7785,子豪好贴心哦,0,该用户想表达的含义是：主播的细致关怀让人感到温暖和喜爱。
7786,哈哈哈有情商,0,该用户是在夸赞主播或嘉宾的互动表现机智幽默，展现了高情商的应对技巧。
7787,砖厂厂长罗老师,0,该用户是在调侃主播的外貌或气质与“砖厂厂长”这一形象相似，可能暗示主播看起来朴实、粗犷或带有幽默的市井气息。
7788,哈哈,0,该用户可能是被直播间的幽默互动逗乐了，用简单的笑声表达轻松愉快的情绪。
7789,TF细黑管52裸玫瑰口红有吗,1,该用户是在询问直播间是否有售卖TF品牌的52号裸玫瑰色口红。
7790,持妆粉底液,1,该用户可能在询问直播间是否有持妆粉底液这款产品，并对其购买意向感兴趣。
7791,龙哥创业太累了眼睛都花了,0,该用户可能是在感叹主播创业的艰辛，同时暗示对主播的关心或支持。
7792,要手表,1,该用户想表达的含义是：我想购买这款手表。  （结合直播间的购物讨论氛围，该弹幕简洁直接地表达了明确的购买意向。）
7793,有没有40克的,1,该用户可能在询问直播间所展示的商品是否有40克这个规格或型号可选。
7794,还有吗,1,该用户可能在询问直播间是否还有他们感兴趣的商品库存或款式。
7795,没有原盒呀,1,该用户可能是在询问或质疑商品是否附带原厂包装盒。
7796,19号讲解下,1,该用户想询问主播是否会在19号详细介绍某款商品或活动内容。
7797,羞愧了,0,该用户可能是在看到其他观众积极询问商品或夸赞主播后，因自己暂时没有明确的购买需求而感到不好意思。
7798,欧莱雅面膜还上吗,1,该用户是在询问直播间后续是否会再次上架欧莱雅面膜这款产品。
7799,再来点,1,该用户想表达的含义是：希望主播继续展示或介绍更多商品。
7800,已拍,1,该用户想表达的含义是：我已经下单购买了。
7801,难道要带彩虹才能中,0,该用户可能在质疑直播间的中奖规则，认为需要满足特定条件（如佩戴彩虹元素）才能提高中奖概率。
7802,中间的帅主播多高啊,0,该用户可能是在询问主播的身高信息，以此评估主播的外形条件或产品展示效果。
7803,有盒子吗,1,该用户是在询问商品是否附带原包装盒。
7804,王建国呢,0,该用户可能在询问主播或嘉宾“王建国”的去向或为何未出现在直播中。
7805,拍不了,1,该用户可能是在表达当前无法成功下单或抢购商品的 frustration。
7806,早安,0,该用户可能是在打招呼或表示刚进入直播间，试图融入当前的互动氛围。
7807,黑色,1,该用户可能是在询问或指定商品的颜色选项为黑色。
7808,隔离隔离,1,该用户可能在询问或催促主播展示或补货某款名为“隔离”的美妆产品（如隔离霜）。
7809,17号看一下,1,该用户可能是希望主播在17号商品讲解时提醒自己观看或参与购买。
7810,耳机耳机耳机,1,该用户急切地询问或催促主播介绍或上架耳机产品。
7811,请问2号链接的羽绒服要拍大一码吗,1,该用户是在询问羽绒服的尺码选择建议，表现出对2号链接商品的购买意向和决策顾虑。
7812,没拍到,1,该用户想表达的含义是：错过了刚才的商品抢购机会，感到遗憾。
7813,比脱口秀还好看,0,该用户想表达的含义是：这场直播的趣味性超出了预期，让人感到惊喜和愉悦。
7814,地大物又博来了,0,该用户可能在用谐音梗调侃直播间的商品丰富多样，暗示对更多产品的期待或对当前介绍的物品感兴趣。
7815,哈哈哈哈哈隔壁宇宙半天才听懂,0,该用户可能是在调侃直播间里某位反应较慢的主播或观众，觉得他们花了很长时间才理解某个笑点或梗。
7816,给我们发红包,0,该用户希望通过索要红包来获取优惠或参与直播间的互动福利。
7817,建国国庆呢,0,该用户可能在询问主播王建国的去向或何时会出现。
7818,卡姆来了吗,0,该用户可能在询问直播间是否邀请了某位嘉宾或明星（卡姆）参与互动。
7819,能不能试下L码,1,该用户想询问主播是否可以试穿L码的商品以确认尺码是否合适。
7820,有一百的吗,1,该用户可能在询问商品是否有100元的价位选项或规格。
7821,晚上好,0,该用户可能是在打招呼或试图融入直播间的互动氛围，而非直接表达购买意向。
7822,老罗语录中国最早的脱口秀,0,该用户想表达的含义是：老罗的幽默风格堪称国内脱口秀的开创者。  （结合前文弹幕中频繁提及脱口秀演员如“王建国”“卡姆”，以及调侃“比脱口秀还好看”的语境，用户可能在借直播氛围联想老罗的幽默表现，并赋予其行业地位的评价。）
7823,双萃,1,该用户可能在询问直播间是否有“双萃精华”这款产品，或对其价格、功效等细节感兴趣。
7824,商品管售后吗,1,该用户是在询问商品的售后服务政策，以确认购买后的保障情况。
7825,43号onethego看下,1,该用户想表达的含义是：请主播展示或详细介绍43号商品onethego这款产品。
7826,上午好,0,该用户可能是在打招呼或参与直播间的互动氛围，而非直接表达购买兴趣。
7827,皮带吗,1,该用户可能在询问直播间是否正在介绍或售卖皮带产品。
7828,致胜呢,0,该用户可能在询问直播间是否会上架或展示“致胜”这款产品。
7829,看看白色米色,1,该用户想表达的含义是：希望主播展示一下白色和米色的商品款式。
7830,正平我爱你,0,该用户是在以幽默调侃的方式表达对主播的喜爱和支持，而非直接表现购买意向。
7831,老罗现在主用手机用什么,0,该用户可能是想了解主播当前使用的手机型号，以此作为购买参考或出于对主播个人偏好的好奇。
7832,下不了单,1,该用户想表达的含义是：在尝试购买商品时遇到了下单失败的问题。
7833,混油皮混油皮混油皮,1,该用户可能在询问主播推荐适合混合性偏油肌肤使用的产品。
7834,王建国呢,0,该用户可能在询问主播或嘉宾“王建国”是否在场或何时出现，表达对其的关注或期待。
7835,11号还有吗,1,该用户是在询问某款商品（可能是11号商品）的库存情况，担心是否会补货或售罄。
7836,划算,1,该用户认为当前推荐的商品价格优惠，值得购买。
7837,苹果13上哪,1,该用户想询问苹果iPhone 13这款商品在直播间的展示环节或购买链接位置。
7838,里边内搭成人也可以穿,1,该用户想表达的含义是：直播展示的儿童服装内搭款式同样适合成年人穿着，暗示自己或他人可能有购买意向。
7839,早上好,0,该用户可能在跟随其他观众的问候节奏，以友善互动的方式参与直播氛围，而非直接表达购买意向。
7840,舌头,0,该用户可能在询问主播展示的商品是否包含与“舌头”相关的设计或功能（比如食品的品尝描述、宠物用品的舌刷等）。
7841,妈呀这是谁,0,该用户可能是对突然出现的某个主播、嘉宾或展示的商品感到惊讶和好奇，想询问其身份或来历。
7842,多少毫升我给我老婆买,1,该用户想询问产品的容量规格以便决定为妻子购买。
7843,马蒙有吗,1,该用户是在询问直播间是否有售卖“马蒙”这款商品。
7844,neverfull多少钱啊,1,"该用户想询问某款名为""neverfull""的商品的售价信息。"
7845,冬天还没有保温杯去年的已经不保温了,1,该用户想表达自己因去年的保温杯失效而有更换新品的需求，暗示对直播中可能出现的保温杯产品感兴趣。
7846,内蒙古不配送啊,1,该用户因所在地区无法收货而感到遗憾或不满。
7847,待会来,0,该用户想表达的含义是：稍后再回来继续观看或参与直播。
7848,我的妹妹,0,该用户可能是在询问直播中展示的商品是否有适合妹妹的款式或尺寸。
7849,求中求中求中求中求中求中求中求中,0,该用户急切希望自己被抽中直播间的中奖或福利活动。
7850,怎么联系你们的客服,1,该用户可能是在购物过程中遇到问题（如下单失败、商品咨询等），希望联系客服寻求帮助以完成购买。
7851,李正的毛衣有货吗,1,该用户想询问主播关于李正同款毛衣的库存情况，以确认是否能够购买。
7852,面霜单卖吗,1,该用户想询问面霜是否可以单独购买而非作为套装的一部分。
7853,要裤衩子,1,该用户想表达的是对直播中展示的内裤商品产生了购买兴趣。
7854,男的复读机一直哎哎哎,0,该用户可能是在抱怨直播间里某位男性主播或观众反复发出无意义的语气词“哎哎哎”，干扰了正常观看体验。
7855,海蓝之谜面霜,1,该用户可能在询问海蓝之谜面霜的购买信息或库存情况。
7856,娇韵诗双萃有吗,1,该用户是在询问直播间是否有售卖娇韵诗双萃精华产品。
7857,爱建国,0,该用户可能是在用昵称或爱称表达对主播或商品的喜爱和支持。
7858,有没有包装盒和袋子呢,1,该用户是在询问商品是否附带包装盒和手提袋等配件，以确认购买后的完整性和送礼需求。
7859,文君我爱你文君我爱你文君我爱你文君我爱你文君我爱你文君我爱你文君我爱你文君我爱你,0,该用户想表达的含义是：狂热支持主播文君并希望引起其关注。  （结合前文弹幕多为购物咨询或互动内容，可推断该用户并非直接表达购买意向，而是以重复刷屏形式抒发对主播的喜爱或寻求互动回应。）
7860,笑死了,0,该用户可能被直播中的搞笑互动或意外状况逗乐，用调侃语气表达轻松愉快的观看体验，而非直接体现购买意向。
7861,国仔有点像罗老师,0,该用户是在调侃主播的外貌或风格与知名人物“罗老师”有相似之处，属于娱乐互动而非购买意向的表达。
7862,王建国,0,该用户可能是主播的粉丝或观众，在表达对主播王建国的喜爱或调侃。
7863,可以介绍一下建国吗表示不认识,0,该用户想表达的含义是：希望主播能详细介绍一下名为“建国”的商品或人物，因为自己对其不了解。
7864,CPB还补吗,1,该用户是在询问直播间是否会补货CPB品牌的产品。
7865,看到喜欢的就买,1,该用户想表达的含义是：如果直播中展示的商品符合自己的喜好就会下单购买。
7866,女主播衣服是什么的,1,该用户想询问女主播身上穿的衣服的品牌或购买链接。
7867,让建国说说啊,0,该用户可能是希望主播王建国（或昵称“建国”）亲自介绍某款商品或回答相关问题。
7868,没有了,1,该用户可能是在询问主播之前提到的某款商品是否已经售罄或缺货。
7869,朋友们这是罗永浩吗看着跟头像挺像,0,该用户可能是在确认主播身份，对罗永浩的出现感到好奇或意外。
7870,42开价了吗,1,该用户想询问商品编号42的产品是否已经开始报价或进入售卖环节。
7871,眼霜眼霜,1,该用户可能在催促主播介绍或上架眼霜产品，表达对眼霜的购买兴趣或需求。
7872,说一下七号链接,1,该用户希望主播详细介绍或展示商品列表中编号为7的产品信息。
7873,略琴的绯闻男友来了,0,该用户是在调侃主播或嘉宾的互动关系，以幽默方式参与直播间话题讨论，而非表达购买意向。
7874,手镯,1,该用户可能是在询问主播是否有手镯商品或希望介绍手镯的相关信息。
7875,有多厚看一下,1,该用户想表达的含义是：希望主播展示或说明产品的厚度细节。
7876,干皮,1,该用户可能是在询问主播推荐适合干性皮肤使用的产品。
7877,已拍,1,"该用户想表达的含义是：我已经下单购买了直播间的商品。  （结合语境推测，""已拍""是直播购物场景中的常见用语，通常表示用户已完成购买动作，且前文弹幕中多次提及商品链接、产品细节等内容，进一步佐证了购买意图的合理性。）"
7878,这个是美少女那个男主播吗,0,该用户可能在询问当前出镜的男主播是否是之前被戏称为“美少女”的同一位主播。
7879,有运费险吗,1,该用户可能在确认商品的售后保障情况，以此评估是否下单购买。
7880,上躺模王建国,0,该用户想表达的含义是：让主播展示模特王建国上身效果的演示环节。
7881,油皮可以用吗,1,该用户是在询问主播所推荐的产品是否适合油性皮肤使用。
7882,没了,1,该用户想表达的含义是：商品已经售罄或库存没有了。
7883,有监控吗可以回复一下吗,1,该用户是在询问直播间是否有监控产品的介绍或售卖，希望得到主播的回应。
7884,大红瓶适合秋冬么,1,该用户想询问这款红色面霜是否适合在干燥寒冷的秋冬季节使用。
7885,刘波儿刘海留疤,0,该用户可能在调侃主播的外貌或名字谐音，试图制造轻松幽默的互动氛围。
7886,隔离,1,该用户可能是在询问主播展示的产品是否有隔离霜或隔离类的美妆产品。
7887,有戴森吗,1,该用户是在询问直播间是否有售卖戴森品牌的产品。
7888,王建国来搞笑的,0,该用户是在调侃主播王建国的出场带有喜剧效果，并非表达对商品的购买兴趣。
7889,37号表能看下吗,1,该用户想表达的含义是：希望主播展示或详细介绍37号商品的具体信息。
7890,包包有包装盒吗,1,该用户想了解商品是否附带完整的包装配件，以评估商品的品质和送礼的合适性。
7891,跟建国要一个能给吗,0,该用户是在向主播王建国索要某件商品或福利（可能是之前提到的“躺模”或其他物品）。
7892,雾霾蓝,1,该用户可能是询问或评论直播中展示的某款商品的颜色是否为“雾霾蓝”。
7893,送的壶可以放炉子上么,1,该用户可能在询问赠品水壶是否具备耐高温性能，适合在明火或电磁炉上直接加热使用。
7894,看下袖子里面,1,该用户想表达的含义是：让主播展示衣服袖子的内部细节或做工。
7895,紫熨斗还上吗,1,该用户是在询问直播间是否会再次上架“紫熨斗”这款产品。
7896,保价双十一吗,1,该用户是在询问商品当前的优惠价格是否与双十一期间的价格一致，以确保自己现在购买不会吃亏。
7897,线哪个好啊,1,该用户可能在询问直播间展示的某款线性产品（如口红、眼线笔等）中哪个颜色或型号更值得购买，表现出对产品的具体选择和比较需求。
7898,六号链接,1,该用户想询问六号链接商品的具体信息或要求主播展示该商品。
7899,169128呢,1,该用户可能在询问某个商品编号为“169128”的产品详情或库存情况。
7900,建国说两个谐音梗,0,该用户想表达的含义是：让主播王建国再讲两个谐音梗的笑话。  （结合前文语境，王建国作为嘉宾被频繁提及，且弹幕氛围偏向互动娱乐，用户此条弹幕是延续对谐音梗内容的兴趣，属于对主播的即兴表演请求。）
7901,2号链接保价双十一吗,1,该用户是在询问2号链接的商品是否参与双十一期间的保价活动，以确保自己现在购买不会在促销时吃亏。
7902,雪琴来了吗,0,该用户可能在询问直播嘉宾或主持人“雪琴”是否到场参与互动。
7903,李雪琴来了李雪琴来了李雪琴来了,0,该用户想表达的含义是：期待已久的嘉宾李雪琴终于出现在直播间了。
7904,整的鹏哥尴尬了,0,该用户是在调侃主播（鹏哥）因为某个互动或场面而显得局促或不自在。
7905,是LA吗,1,该用户可能在询问直播中展示或提到的某件商品是否为洛杉矶（LA）的品牌或产地。
7906,中午好美女,0,该用户可能是在打招呼的同时表达对主播外貌的欣赏或营造轻松互动氛围，而非直接传达购买意向。
7907,我一直在用这款,1,该用户想表达的含义是：我对这款产品很熟悉并且持续在使用。
7908,加菲来6个,1,该用户想表达的是：我要下单购买6份加菲猫相关的产品。
7909,没有中奖呀,0,该用户可能因参与直播间的抽奖活动未获奖而感到失落或遗憾。
7910,可以拆开洗吗,1,该用户可能是在询问商品（如衣物或可拆卸产品）是否支持拆解清洗，以确认其使用和保养的便利性。
7911,172130斤多大码,1,该用户想询问身高172厘米、体重130斤的人适合穿多大尺码的衣服。
7912,手镯手镯手镯,1,该用户可能在急切地询问或催促主播展示/介绍手镯产品。
7913,黄老板说罗老师大气,0,该用户可能在称赞主播或嘉宾之间的互动大方得体，暗示对直播氛围的认可。
7914,8号链接未使用有原包装吗,1,该用户是在询问8号链接的商品是否为全新未拆封的原厂包装产品。
7915,17看看,1,该用户可能在询问商品编号为“17”的产品的详情或展示情况。
7916,4000多买个不大方的小包真是烧的有钱可以捐款,1,该用户认为这款售价4000多元的小包性价比太低，款式也不够大气，暗讽购买者不如把钱捐给更有需要的人。
7917,迟到了我错过了什么,0,该用户想表达的是因未能准时观看直播而担心错过重要商品介绍或优惠信息。
7918,黑绷带有吗,1,该用户是在询问直播间是否有售卖赫莲娜黑绷带面霜这款产品。
7919,地区不支持配送什么原因,1,该用户想表达的含义是：想了解商品无法配送到自己所在地区的具体限制原因。
7920,香槟色,1,该用户可能在询问或确认直播中展示的商品是否有香槟色这个颜色选项。
7921,少年强则国强正义不会缺席,0,该用户可能是在直播间氛围带动下，借爱国口号表达对主播或品牌价值观的认同，试图通过正能量话语融入互动，而非直接表达购买意向。
7922,sweet护肝片复维片会上吗,1,该用户是在询问直播中是否会推出某款名为“sweet”的护肝片和复合维生素片产品。
7923,36C该买哪个号呢,1,该用户是在询问自己适合购买哪个尺码的内衣。
7924,可以刻字吗,1,该用户可能是在询问商品是否支持个性化定制服务（如刻字）。
7925,建国来干嘛,0,该用户可能在询问主播或嘉宾“建国”这个人物突然出现在直播间的目的或意图，带有调侃或好奇的意味。
7926,深蓝色看一下,1,该用户想表达的含义是：请主播展示或介绍深蓝色的商品款式。
7927,有沁水粉底液不,1,该用户是在询问直播间是否售卖沁水粉底液这款产品。
7928,不支持配货,1,该用户想表达的含义是：对当前商品无法配送到自己所在地区感到不满或遗憾。
7929,有没有天梭专场,1,该用户想询问直播间是否会安排天梭品牌产品的专场促销活动。
7930,我卖肥料,1,该用户可能是想询问直播间是否有肥料类商品出售，或者误以为这是农资产品直播而进行互动。
7931,屯了精粹水了,1,该用户想表达自己已经购买了直播间推荐的精华水产品。
7932,主播好敢讲,0,该用户想表达的含义是：主播的言论直率大胆，让人感到意外或佩服。
7933,文君真美,0,该用户是在夸赞主播的外貌以表达好感或支持。
7934,上老罗,0,该用户可能在催促主播尽快展示或介绍罗姓嘉宾/品牌方的产品。
7935,男182170斤穿多大的,1,该用户是想询问自己身高182厘米、体重170斤的情况下应该选择什么尺码的服装。
7936,32号,1,该用户可能在询问商品（如服装或配饰）的尺码选择，具体指向32号尺寸是否合适。
7937,有粉气垫嘛,1,该用户是在询问直播间是否有粉色款的气垫产品可供购买。
7938,粉色,1,该用户想询问直播间是否有粉色款式的商品。
7939,上午好啊,0,该用户可能是在友好地打招呼，试图融入直播间的互动氛围，但并未直接表达购买意向。
7940,王建国可以演甄嬛传嘛,0,该用户可能在调侃主播王建国的形象或风格是否适合扮演《甄嬛传》角色，以此表达对主播的互动兴趣或制造轻松氛围。
7941,我要迪奥润唇膏,1,该用户想表达的是对迪奥润唇膏有明确的购买意向，希望主播展示或介绍该产品。
7942,有充值话费的嘛,1,该用户可能在询问直播间是否有话费充值商品或相关优惠活动。
7943,没抢到,1,该用户想表达的含义是：对未能成功购买心仪商品感到遗憾。
7944,15854穿多大,1,该用户想询问身高158厘米、体重54公斤的人适合穿什么尺码的衣服。
7945,上午好,0,该用户可能在礼貌性问候的同时，暗示自己刚进入直播间并开始关注直播内容。
7946,脚踝小哥哥,0,该用户可能在询问主播或模特脚踝部位的展示细节，或是想表达对某位脚踝好看的男性工作人员的注意。
7947,原来鹏哥也喜欢看走秀,0,该用户可能是在通过提及主播的时尚偏好来拉近距离，间接表达对当前直播内容或推荐商品的兴趣。
7948,14878斤穿多大,1,该用户想询问身高148厘米、体重78斤的人应该穿什么尺码的衣服。
7949,五粮液两瓶有礼袋吗,1,该用户是在询问购买两瓶五粮液是否会附赠礼品包装袋。
7950,7岁130cm穿什么码,1,该用户想询问适合身高130厘米的7岁儿童的服装尺码。
7951,女士可以穿男款吗,1,该用户想询问女性能否选择男款服装的尺码或款式。
7952,凯乐石的黄色呢,1,该用户可能在询问凯乐石品牌某款黄色产品的相关信息或库存情况。
7953,莱宝蛋蛋建国,0,该用户可能在调侃主播或嘉宾的外号或昵称，结合直播间的娱乐氛围，用谐音或梗表达轻松互动意图。
7954,郑州不能发货吗,1,该用户是在询问商品是否支持发往郑州地区，隐含对某件商品的购买意向。
7955,混油皮呢,1,该用户是在询问主播推荐的产品是否适合混合性偏油性肌肤使用。
7956,国仔破音,0,该用户是在调侃主播“国仔”唱歌或说话时突然破音，以幽默方式参与互动而非表达购买意向。
7957,乌龙茶要上了吗,1,该用户是在询问直播间是否即将上架乌龙茶产品，表现出对这款商品的关注和购买意向。
7958,抢到了,1,该用户想表达的含义是：成功下单了心仪的商品。
7959,哪个颜色适合白羊座,1,该用户可能是在询问主播推荐适合白羊座性格或运势的商品颜色，希望通过星座特性来挑选合适的款式。
7960,为什么我拍不了,1,该用户因操作失败而疑惑为何无法下单购买商品。
7961,有味道吗,1,该用户可能在询问直播中展示的商品是否有明显的气味或异味。
7962,迪凯斯大黄靴有没有,1,该用户是在询问直播间是否有售卖迪凯斯品牌的大黄靴款式。
7963,喜欢王自健,0,该用户可能是在表达对主播王自健的喜爱和支持，暗示对其推荐的商品感兴趣或愿意信任其选品。
7964,文君宝宝,0,该用户可能在亲切地称呼主播或品牌相关人物，表达关注或互动意愿。
7965,身高174cm体重148已经拍的m可以吗,1,该用户是在询问自己身高174厘米、体重148斤的情况下，已经下单的M码服装是否合身。
7966,156cm220斤,1,该用户想表达的含义是：询问身高156厘米、体重220斤的体型应该选择什么尺码的服装。
7967,娇兰有吗,1,该用户是在询问直播间是否有售卖娇兰品牌的产品。
7968,近期有母婴场吗,1,该用户是在询问近期是否会安排母婴主题的专场直播活动。
7969,已拍,1,该用户想表达的含义是：我已经下单购买了商品。
7970,你穿的是睡裤吗,1,该用户可能在询问主播身上展示的服装款式是否为居家休闲风格，以此判断产品的适用场景或舒适度。
7971,我也这样哪年想不起来,0,该用户可能是在询问某款商品（如服装或鞋类）的特定年份款式或回忆不起某产品的发布年份。
7972,竟然不卖,1,该用户对当前直播未上架某款期待的商品感到意外和失望。
7973,主播今天卖香水不,1,该用户想询问主播是否会在本次直播中推销香水产品。
7974,建国建国,0,该用户可能在热情呼唤主播的名字以表达支持或互动意愿。
7975,王建国呢,0,该用户可能在询问主播或嘉宾王建国的去向或何时出现。
7976,擦过再洗还是直接洗,1,该用户可能在询问商品使用前的处理步骤，比如是否需要先擦拭再清洗还是可以直接清洗。
7977,小米加湿器有没,1,该用户是在询问直播间是否有售卖小米品牌的加湿器产品。
7978,加友加友加友加友加友,0,该用户可能是想通过重复“加友”来表达希望与主播或其他观众建立社交联系，比如添加好友或关注账号。
7979,建国,0,该用户可能在呼唤或询问主播“王建国”的相关信息。
7980,今晚好热闹,0,该用户可能是在感叹直播间人气高涨、互动氛围热烈，暗示自己对当前活跃的直播场景产生共鸣或参与感。
7981,一进来就看到了建国这大脸盘子,0,该用户想表达的含义是：刚进入直播间就注意到主播王建国的醒目形象。
7982,谐音梗之王,0,该用户是在调侃主播或嘉宾擅长使用谐音梗，并戏称其为这方面的顶尖高手。
7983,保真吗,1,该用户是在询问直播所售商品是否为真品，表达了对商品质量的关注和潜在的购买顾虑。
7984,想看29号,1,该用户想询问直播间是否会在29号安排特定商品或主题的促销活动。
7985,加不加绒,1,该用户是在询问商品是否有加绒款式或加绒版本。
7986,不要离开,0,该用户可能在挽留主播或某个受欢迎的人物（如“建国”）不要结束互动或离开直播间。
7987,一和3推荐一下,1,该用户想询问主播推荐“1号”和“3号”商品的具体信息或购买建议。
7988,为你祈祷美得你,0,该用户可能在用幽默调侃的方式表达对主播（或嘉宾“建国”）的喜爱和支持。
7989,没有了,1,该用户想表达的含义是：商品已经售罄了。
7990,杨笠,0,该用户可能在呼唤或提及直播间的另一位嘉宾或互动对象，类似前面弹幕中频繁出现的“建国”。
7991,建国上去看看,0,该用户希望主播“建国”亲自展示或介绍当前的商品。
7992,感觉哥们要绿,0,该用户可能在调侃主播“王建国”因频繁被提及而显得存在感过强，暗示直播间氛围被其主导。
7993,原来鹏哥也喜欢看走秀,0,该用户可能是通过提及主播的另一个兴趣点（看走秀）来拉近距离，暗示对主播个人风格的关注或认同，而非直接表达购买意向。
7994,建国谐音梗之王,0,该用户是在调侃主播王建国频繁使用谐音梗的幽默风格，表达对其搞笑能力的认可和喜爱。
7995,不化妆都这么美,0,该用户是在夸赞主播的天然颜值，暗示即使不依赖化妆也足够吸引人，可能想通过赞美拉近距离或表达对主播的欣赏。
7996,有没有兰蔻小黑瓶,1,该用户是在询问直播间是否售卖兰蔻小黑瓶这款产品，表现出明确的购买意向。
7997,为什么不找王自建当领笑员,0,该用户是在调侃直播间的嘉宾安排，认为应该邀请以谐音梗闻名的脱口秀演员王建国来活跃气氛。
7998,36C该买哪个号呢,1,该用户是在询问适合自己身材（36C胸围）的服装尺码建议。
7999,蓝色,1,该用户可能是在询问或确认直播中展示的某款商品是否有蓝色款式可选。
8000,我卖肥料,1,"该用户可能是在玩谐音梗或故意制造反差幽默，将""买肥料""说成""卖肥料""来调侃直播间的购物氛围。"
8001,小麻将看看,1,该用户可能是在询问或提议查看直播间展示的某款小型麻将产品。
8002,男主播穿给我们看看,1,该用户希望男主播试穿展示商品效果以辅助购买决策。
8003,爽子啥时候给我发信息,0,该用户可能在调侃或催促主播“爽子”尽快回复或互动，表达了对主播的关注和期待。
8004,黑色,1,该用户可能是在询问或指定商品的颜色选项，倾向于选择黑色款。
8005,这套行头一看就是富婆,0,该用户是在调侃主播的穿搭看起来非常昂贵高档，暗示主播的穿着风格显得很有钱。
8006,敏感肌推荐一个,1,该用户是在询问主播能否推荐适合敏感肌肤使用的产品。
8007,还有眼霜吗,1,该用户是在询问直播间是否还有眼霜产品库存可供购买。
8008,喜欢,1,该用户想表达对当前直播展示的某款产品或主播穿搭风格的喜爱和认可。
8009,米色白色,1,该用户可能在询问或评论直播中展示的服装或商品的颜色选择偏好。
8010,给我们粉丝的呢,0,该用户可能在询问主播是否针对粉丝群体提供了专属优惠或福利。
8011,有运费险吗,1,该用户可能在询问商品是否支持退换货时免运费，以降低购买决策的风险。
8012,手表防水吗,1,该用户可能对手表的防水性能感兴趣，想确认产品功能是否符合需求。
8013,燕子包会上吗,1,该用户是在询问直播中是否会展示或销售“燕子包”这款产品。
8014,杨笠来了那主播间还有男人啊,0,该用户是在调侃杨笠的争议性形象可能会让男性观众避而远之，暗示直播间男性观众数量可能因此减少。
8015,男款没帽子,1,该用户可能是在询问或抱怨当前展示的商品（男款）缺少配套的帽子配件。
8016,建国和罗老师好像兄弟,0,该用户是在调侃两位主播的外貌或互动风格相似，像亲兄弟一样。
8017,护肤品什么时候播,1,该用户是在询问护肤品环节的直播时间安排，表现出对相关产品的关注和购买意向。
8018,160可以穿到多少斤,1,该用户想询问衣服尺码对应的体重范围，以判断自己是否适合购买。
8019,2号白色可以补货吗,1,该用户想表达的含义是：询问2号商品的白色款是否有库存或能否再次上架购买。
8020,身上什么尺码,1,该用户想询问主播展示的服装适合的身高体重范围或具体尺码建议。
8021,好喝好喝,1,该用户想表达的含义是：对主播正在介绍或展示的饮品表示高度认可和喜爱。
8022,大哥二哥,0,该用户可能在调侃或称呼直播间的两位男主播，将他们戏称为“大哥”和“二哥”。
8023,宇宙的尽头是铁岭吗,0,该用户可能在调侃直播间氛围轻松幽默，用网络流行梗表达对直播内容的兴趣和参与感。
8024,日期如何,1,该用户想询问商品的生产日期或保质期信息。
8025,国仔国仔啥时候来,0,该用户可能在询问主播“国仔”何时会出现在直播间进行互动或带货。
8026,洗脸巾,1,该用户可能在询问直播间是否有洗脸巾产品，或是想了解关于洗脸巾的推荐和介绍。
8027,建国加油,0,该用户是在为主播“建国”加油打气，表达对主播的支持和鼓励。
8028,大家可以拍吗,1,该用户是在询问当前展示的商品是否开放购买或库存是否充足。
8029,直男哥哥开播了,0,该用户可能在表达对主播（“直男哥哥”）开播的欢迎或兴奋情绪，暗示对主播的关注或喜爱。
8030,裤子,1,该用户可能在询问当前展示或提到的裤子的款式、尺码或购买信息。
8031,紫色好看,1,该用户想表达的含义是：对直播中展示的紫色款商品表示喜爱和认可。
8032,羽绒服女孩能穿吗,1,该用户想询问这款羽绒服是否适合女性穿着。
8033,蓝色女,1,该用户可能在询问直播中展示的某款蓝色女装的相关信息，比如颜色、尺码或购买方式。
8034,富婆多,0,该用户可能在调侃直播间观众以女性为主或商品面向女性群体。
8035,主播的裤子有吗,1,该用户想询问主播身上穿的裤子是否有同款在售。
8036,mcm琴谱,1,该用户可能在询问直播间是否有售卖MCM品牌的琴谱包或相关产品。
8037,宝宝勇,0,该用户可能在用昵称或爱称表达对主播的支持和喜爱。
8038,今天有飞天茅台么,1,该用户可能在询问直播间是否会上架或售卖飞天茅台这款商品。
8039,权利有吗,1,该用户可能在询问主播展示的商品是否有相关授权或正品保障。
8040,地址拍不了的咋办呢,1,该用户可能是在询问无法成功填写或选择收货地址时的解决方法，表达了对商品有购买意向但遇到下单障碍的困惑。
8041,2号链接带项链吗,1,该用户是想询问主播展示的2号商品链接是否包含项链这一物品。
8042,哎呀突然发现你俩也很般配,0,该用户可能是在调侃主播之间的互动氛围，觉得两位主播的配合或风格意外地和谐有趣。
8043,图图老师,0,该用户可能在询问或呼唤主播展示某款名为“图图老师”的商品或相关产品信息。
8044,这是男童款吧,1,该用户可能在询问产品是否专为男童设计，或是想确认款式是否适合其他性别或年龄段的消费者。
8045,昨天的Lv围巾今天还会上吗,1,该用户是在询问昨天直播中出现的LV围巾今天是否会再次补货或上架销售。
8046,能上点儿童学习椅吗,1,该用户希望主播能尽快推出儿童学习椅这类商品以供选购。
8047,中个奖呗,0,该用户可能是想通过参与直播间的抽奖活动来获得福利或商品。
8048,11号看看,1,该用户想表达的含义是：等到11号商品上架时再来看看是否有购买意向。
8049,锤子手机有地方修吗,1,该用户可能在询问该品牌手机的售后维修服务是否方便，以此评估购买后的保障情况。
8050,抱走建国,0,该用户想表达的含义是：我要下单购买这款名为“建国”的商品。
8051,懂很正常呀谁还没个前女友,0,该用户可能在调侃或反驳直播间里关于情感话题的讨论，暗示“有前任是普遍现象，没什么好大惊小怪的”。
8052,Nike熊猫鞋开价了嘛,1,该用户是在询问Nike熊猫鞋的价格是否已经公布或开始促销。
8053,16260kgl码的耶,1,该用户想询问商品编号为16260的kg尺码L款是否还有货。
8054,李雪琴呢,0,该用户可能在询问主播或嘉宾李雪琴是否参与直播或何时出现。
8055,有欧莱雅补水面膜嘛,1,该用户是在询问直播间是否售卖欧莱雅品牌的补水面膜产品。
8056,李正身上的毛衣有吗,1,该用户是在询问主播身上穿的毛衣是否在售。
8057,女的都没说话你可真懂,0,该用户可能在讽刺主播或某些观众自以为是地替女性代言或下结论，暗示对方并不真正了解女性群体的真实想法或需求。
8058,12岁穿什么,1,该用户可能在询问适合12岁儿童穿着的服装款式或推荐商品。
8059,保价双十一吗,1,该用户是在询问商品当前的价格是否与双十一促销期间的价格一致，以确保自己现在购买不会吃亏。
8060,李正搁这得笑死了哈哈啊哈,0,该用户是在调侃主播李正的表现过于搞笑，被逗得乐不可支。
8061,这个人长的真像王建国旁边那个也跟罗永浩挺像的,0,该用户是在调侃主播或嘉宾的外貌特征，将他们与知名人物王建国和罗永浩进行对比。
8062,有没有香水,1,该用户是在询问直播间是否有香水类商品在售或即将推荐。
8063,蔻驰还上吗,1,该用户是在询问直播中是否还会再次推出蔻驰品牌的产品。
8064,娇韵诗双萃,1,该用户可能在询问直播间是否会推荐或售卖娇韵诗双萃精华产品。
8065,看看小麻将,1,该用户想表达的含义是：想了解或查看直播中即将展示的某款小型麻将产品。
8066,来点男士用的,1,该用户希望主播推荐一些适合男性使用的商品。
8067,链接呢,1,该用户可能是在询问商品的购买链接，表现出对直播中提到的某款产品产生了兴趣并希望进一步了解购买方式。
8068,小麻将看看,1,该用户想表达的含义是：我想看看小麻将产品的详细介绍或购买链接。
8069,163135斤,1,该用户想表达的含义是：询问主播展示的某件商品是否有适合身高163厘米、体重135斤的尺码。
8070,21号开价了吗,1,该用户是在询问21号商品的价格是否已经公布。
8071,致胜呢,0,该用户可能在询问直播中提到的某款名为“致胜”的产品是否会上架或展示。
8072,不够,1,该用户可能是在抱怨商品展示或讲解的内容不够详细或满足需求。
8073,太搞笑啦,0,该用户被直播间的搞笑氛围或主播的幽默表现逗乐，表达了对当前娱乐性内容的积极反馈。
8074,狼外婆,0,该用户可能在调侃或吐槽主播的外貌或穿着风格像童话故事里的“狼外婆”。
8075,建国是跟老罗一起来吗几点来呢,0,该用户是在询问王建国是否会与罗永浩一同出场以及具体的登场时间。
8076,三合一,0,该用户可能在询问某款“三合一”功能或多用途产品的购买信息或链接。
8077,建国见过见过建国,0,该用户想表达的含义是：询问主播王建国是否已经出现在直播中，或者确认之前是否提到过他的相关信息。
8078,大概多少颗,1,该用户想询问商品的具体数量或容量，比如一包/瓶里包含多少颗（如糖果、药丸、珠子等）。
8079,国仔来段脱口秀,0,该用户希望主播国仔能即兴表演一段脱口秀来活跃气氛。
8080,龙哥什么时候能再买到你的手机怀念青春啊,0,该用户表达的是对主播曾经销售的手机产品的怀念和期待再次购买的意愿。
8081,喜欢罗老师,0,该用户是在表达对主播罗老师的欣赏和支持，可能是期待他推荐更多商品或分享更多内容。
8082,罗永浩男孩,0,该用户想表达的含义是：我是罗永浩的忠实粉丝，对他有深厚的情感认同。
8083,哪个路边有嘉尔我赶紧去,0,该用户想表达的含义是：询问王嘉尔会在哪个线下地点出现，自己想去现场支持。
8084,耳机,1,该用户可能在询问或提醒主播展示或介绍耳机产品。
8085,看下托特包大小,1,该用户想表达的含义是：希望主播展示托特包的实际尺寸或上身效果以便参考。
8086,这个男的怎么在这,0,该用户可能是在询问或质疑直播间里出现的男性身份或角色，比如疑惑为什么有男性出现在以女性产品为主的直播中，或是好奇该男性主播/嘉宾的参与原因。
8087,懂哥,0,该用户可能在嘲讽主播或评论区里某个爱显摆、假装内行的人。
8088,龙哥晚上好,0,该用户是在向主播“龙哥”礼貌问候，表达对主播的关注和友好互动意愿。
8089,那我有机会了,0,该用户可能是在听到主播提到某个限量商品或优惠活动后，表达自己有望抢购成功或获得机会的期待心理。
8090,这是男童款吧,1,该用户可能是在询问或确认当前展示的商品是否为男童款式。
8091,你俩谁大,0,该用户可能在询问两位主播或嘉宾的年龄或体型对比。
8092,什么金,1,该用户可能在询问直播中提到的某款“金”色产品或含“金”材质的商品具体是什么。
8093,哈哈哈建国谐音梗,0,该用户是在调侃主播或嘉宾的名字“建国”与某个谐音梗的趣味关联，表达对直播中幽默桥段的会心一笑。
8094,这俩炒cp了,0,该用户想表达的含义是：这两个人（主播或嘉宾）在互动中表现出刻意营造的亲密关系来吸引观众。
8095,抓绒有吗,1,该用户想询问直播间是否有售卖抓绒材质的服装或商品。
8096,库存货吧,1,该用户可能是在质疑商品是否为积压的旧款或滞销品，带有对产品质量或新鲜度的怀疑态度。
8097,有赠品吗,1,该用户可能在询问商品是否附带促销赠品，以此评估购买价值。
8098,今天有谐音梗吗,0,该用户是在询问直播中是否会穿插幽默的谐音梗互动环节。
8099,小黑瓶没有吗,1,该用户是在询问直播间是否售卖“小黑瓶”这款产品。
8100,均码吗,1,该用户是在询问商品是否只有一个通用尺码可供选择。
8101,诶我就是举个栗子,0,该用户可能在用调侃的语气表示自己只是随口举个例子，并非真的有购买意向或认真提问。
8102,我想听建国卖货,0,该用户是在调侃主播的谐音梗风格，希望看到主播用幽默的方式推销商品。
8103,这个床垫龙哥不会送,0,该用户可能在调侃主播“龙哥”不会赠送床垫作为福利或赠品，暗示对产品有购买兴趣但希望获得优惠。
8104,再来点,1,该用户可能是在催促主播继续展示或补充更多商品信息或款式。
8105,是李萍,0,"该用户可能在询问或确认主播或直播中出现的某位人物的身份，怀疑对方是名为""李萍""的人。"
8106,没抢到,1,该用户想表达的含义是：对未能成功购买到心仪商品感到遗憾和失落。
8107,欧莱雅安瓶面膜还能加吗,1,该用户是在询问欧莱雅安瓶面膜是否还能追加库存或继续参与购买活动。
8108,170cm160斤穿多大,1,该用户想询问以自己170厘米身高和160斤体重适合穿该直播商品的哪个尺码。
8109,子扬是播通宵了吗,0,该用户可能在询问主播是否因直播时间过长而熬夜，以此调侃或关心主播的直播状态。
8110,想要单瓶的菌菇水,1,该用户希望购买单独包装的菌菇水产品。
8111,84号链接还有优惠吗,1,该用户是在询问84号商品链接是否仍有促销折扣，表现出明确的购买意向和价格敏感度。
8112,想要你毛衣,1,该用户表达了对主播身上所穿毛衣的购买意向或喜爱之情。
8113,深蓝色看一下,1,该用户想表达的含义是：希望主播展示或介绍深蓝色的商品款式。
8114,全球购到底是不是真的,1,该用户可能是在质疑直播间“全球购”商品的真实性和货源可靠性，想确认是否为正品海外直邮。
8115,手挺好看,0,该用户可能是在夸赞主播或模特的手部展示效果，暗示对商品细节的关注或对直播展示方式的认可。
8116,包包链接呢,1,该用户想表达的含义是：询问主播如何购买当前展示的包包商品。
8117,绿色,1,该用户可能是在询问商品是否有绿色款式可选。
8118,今天从厨房到厕所都有了,0,该用户想表达的含义是：这场直播的商品覆盖范围很广，从家居用品到个人护理都齐全了。
8119,能退吗,1,该用户可能是在询问当前展示的商品是否支持退换货服务。
8120,这是那个大波浪姐姐吗,0,该用户可能在询问直播中出现的某位发型为大波浪的女性主播或嘉宾的身份。
8121,全新的吗,1,该用户是在询问商品是否为未拆封的全新正品。
8122,没了,1,该用户想表达的含义是：想要的商品已经售罄了。
8123,加菲爱你,0,该用户可能在向主播或品牌方表达喜爱和支持，以此拉近距离并暗示对商品的兴趣。
8124,好看,1,该用户想表达的含义是：对当前展示的商品款式或外观表示赞赏和兴趣。
8125,建国来了感觉罗老师不是胖子了,0,该用户想表达的含义是：罗老师在建国出现后看起来没那么胖了，可能是镜头对比或互动效果造成的视觉差异。
8126,aj1湖人配色看看,1,该用户想表达的含义是：希望主播展示一下AJ1湖人配色的商品详情或实物效果。
8127,我爱罗老师,0,该用户是在表达对主播罗老师的喜爱和支持。
8128,建国,0,该用户可能是看到主播或嘉宾“建国”出现后，联想到之前弹幕提到的“罗老师”体型对比，表达对直播间人物互动的调侃或关注。
8129,双萃有吗,1,该用户是在询问直播间是否有售卖“双萃”这款产品。
8130,赶紧上,1,该用户想表达的含义是：催促主播尽快上架或展示当前讨论的商品。
8131,建国建国卖货有我,0,该用户想表达的含义是：我是冲着主播建国来的，会支持他的带货。
8132,五粮液行情崩盘了925了,1,该用户是在借五粮液价格下跌的行情信息，暗示主播当前商品定价偏高或促销力度不足，希望对方能调整价格或给出更有吸引力的优惠。
8133,能不能看看质地,1,该用户想表达的含义是：希望主播展示商品的材质细节以便进一步了解产品品质。
8134,200的没有吗,1,该用户是在询问直播间是否有价格为200元的商品款式或型号。
8135,长春不给送,1,该用户想表达的是对商品无法配送到自己所在城市（长春）的遗憾或不满。
8136,没货,1,该用户想表达的含义是：想要的商品已经售罄了。
8137,有气质,0,该用户可能是对主播或展示的商品风格表示赞赏，认为其展现出了优雅或独特的魅力。
8138,晚上好,0,该用户可能是在打招呼或活跃气氛，并未直接表达购买兴趣。
8139,黑色,1,该用户想表达的含义是：询问或确认直播中展示的商品是否有黑色款式可选。
8140,胡老师特别适合金饰,0,该用户认为主播佩戴金饰的效果很好，暗示自己也有兴趣购买同类产品。
8141,有夫妻相啊,0,该用户可能是在调侃主播与搭档或嘉宾的外貌相似，以此表达轻松友好的互动氛围。
8142,别聊了选我,0,该用户急切希望主播跳过闲聊环节，尽快与自己互动或满足自己的购买需求。
8143,有酒卖吗,1,该用户是在询问直播间是否有酒类商品在售，表现出对购买酒品的潜在兴趣。
8144,有箱子吗,1,该用户可能在询问直播间是否有售卖箱包类商品。
8145,宝格丽有盒子嘛,1,该用户是在询问直播中展示的宝格丽产品是否包含配套的包装盒。
8146,超喜欢这对组合,0,该用户想表达的含义是：对主播或产品组合的强烈喜爱和认可。
8147,春夏秋冬福5瓶,1,该用户想表达的是询问是否有包含五种不同季节风味的福酒套装在售。
8148,钻毛吗,1,该用户可能在询问商品是否容易掉钻或出现钻石脱落的质量问题。
8149,蓝色看看,1,该用户想表达的含义是：想看看蓝色款式的商品展示。
8150,说个谐音梗,0,该用户可能是想通过谐音梗来活跃气氛或调侃主播，表达一种轻松互动的意愿。
8151,黄老板卑微营业,0,该用户可能在调侃主播为了卖货放低姿态讨好观众的样子显得有点可怜又可爱。
8152,女生的裤子有吗,1,该用户是在询问直播间是否有适合女性穿着的裤装商品可供选购。
8153,30岁的宝宝能穿吗,1,该用户是在询问直播展示的某件商品是否适合30岁的成年人穿着，可能带有调侃或确认尺码风格的意图。
8154,好看,1,该用户可能是在称赞主播展示的商品款式或外观设计令人满意。
8155,多大的,1,该用户可能在询问直播展示商品的尺寸规格。
8156,哎建国见过,0,该用户可能在用谐音梗调侃主播的名字或外貌特征，表达一种轻松互动的娱乐心态。
8157,还有coach包包嘛,1,该用户是在询问直播间是否还有Coach品牌的包款在售。
8158,让建国上去试试,0,该用户希望主播让名为“建国”的人试穿或试用当前展示的商品。
8159,小灯泡,1,该用户可能是在询问直播中展示的某款产品（如饰品或护肤品）是否有类似“小灯泡”造型或昵称的款式。
8160,国仔前天罗老师给志胜安排了一堆山货,0,该用户是在调侃主播团队之前的互动，暗示他们给嘉宾安排了太多农产品推广。
8161,正货,1,该用户可能在询问直播商品是否为官方正品或真货。
8162,志胜,0,该用户是在调侃或提及之前弹幕中提到的“志胜”这个人物，可能是在呼应之前关于“山货”的互动或表达对相关商品的兴趣。
8163,李正芳最近怎么不出来了,0,该用户可能在询问主播或嘉宾李正芳为何近期未参与直播活动，表达了对该人物的关注或期待其出现的意愿。
8164,五粮液没有了吗,1,该用户是在询问直播间是否已经售罄了五粮液产品，表达了对该商品的购买意向和库存情况的关注。
8165,没了,1,该用户想表达的含义是：刚才提到的商品已经卖完了。
8166,龙哥创业太累了眼睛都花了,0,该用户可能是在感慨主播创业的艰辛，并以此表达对主播的关心和支持。
8167,不在抖音,0,该用户可能是在回应主播或其他观众关于购买渠道的讨论，暗示自己并非通过抖音平台观看或参与本次直播购物。
8168,买了三件,1,该用户想表达的含义是：我已经下单购买了直播间的三件商品。
8169,是漫反射,0,该用户可能是在询问或确认直播中展示的某件商品（如灯具或反光材质衣物）是否采用了漫反射技术或设计。
8170,手镯手镯手镯手镯,1,该用户急切地询问或催促主播展示/介绍手镯产品。
8171,建国吐槽张绍刚腿的那一期绝了,0,该用户是在调侃主播或嘉宾之前的搞笑互动片段，表达对直播娱乐效果的喜爱和回味。
8172,好久没见老罗直播了,0,该用户可能是对主播罗老师久违露面感到惊喜，并间接表达了对主播的持续关注和期待。
8173,没了,1,该用户可能是在询问或确认直播间里某款商品（如之前提到的“五粮液”或“coach包包”）已经售罄或下架了。
8174,82号,1,该用户可能在询问或确认直播间正在介绍的商品编号为82号的款式或库存情况。
8175,话费来一波,1,该用户想表达的含义是：我想购买话费充值产品。
8176,李爽笑的好可爱,0,该用户被主播李爽的笑容感染，表达了对她的喜爱和正面情绪。
8177,没了,1,该用户想表达的含义是：询问直播中提到的某款商品是否已经售罄。
8178,焦糖色,1,该用户可能是在询问或确认直播中展示的某款商品是否有“焦糖色”这一颜色选项。
8179,老嫂子感觉上来了,0,该用户可能是被直播间的氛围或产品展示所感染，产生了强烈的购买冲动或认同感。
8180,日期如何,1,该用户可能在询问直播中展示的商品的保质期或生产日期信息。
8181,上段子吧,0,该用户希望主播多讲些幽默有趣的内容来活跃气氛。
8182,没了啊,1,该用户想表达的是对某款商品已经售罄的遗憾或询问。
8183,我怕我有负担,0,该用户可能担心购买后会给自己带来经济压力或心理负担。
8184,拍了,1,该用户想表达的含义是：我已经下单购买了商品。
8185,40为什么没有,1,该用户想表达的含义是：询问为什么没有40码（或40号）的商品选项。
8186,41码要拍42吗,1,该用户是在询问购买鞋子的尺码选择问题，不确定自己平时穿41码是否需要拍大一号的42码。
8187,有匹克的吗,1,该用户是在询问直播间是否有售卖匹克品牌的产品。
8188,黑色断码了,1,该用户想表达的含义是：询问黑色款是否还有库存或能否补货。
8189,罗老师物理很不错,0,该用户可能是在夸赞主播罗老师的专业知识或教学能力，暗示对其推荐的产品产生信任或兴趣。
8190,女士的吗,1,该用户可能在询问当前展示的商品是否有女士款式或尺寸。
8191,用了精粹水就不用精华了吗,1,该用户可能是在询问产品使用步骤，想确认精粹水是否可以替代精华液的功能。
8192,什么价位,1,该用户想询问当前展示商品的售价是多少。
8193,日版,1,该用户想询问直播中展示的商品是否有日本版本可供选择。
8194,建国,0,"该用户可能在询问商品是否有""建国""这个款式或颜色。"
8195,娇韵诗有吗,1,该用户是在询问直播间是否有售卖娇韵诗品牌的产品。
8196,买过这个很舒服,1,该用户想表达的含义是：我之前购买过这款产品，使用体验很好。
8197,娇韵诗有吗,1,该用户是在询问直播间是否有娇韵诗品牌的产品在售。
8198,48号是什么码,1,该用户是在询问商品尺码对应的具体尺寸信息。
8199,管理的字幕挡了,0,该用户想表达的含义是：直播画面中管理员的字幕遮挡了商品信息或关键内容。
8200,不支持配送,1,该用户可能是在询问或抱怨商品无法配送到自己所在的地区。
8201,包包,1,该用户可能在询问直播间是否有某款包包在售或想了解包包的款式、价格等信息。
8202,手表手表啥时候,1,该用户急切询问手表的展示或讲解时间，表现出明确的购买意向。
8203,不支持配送,1,该用户可能是在询问或抱怨商品无法配送到自己所在的地区。
8204,紫色穿下,1,该用户想询问紫色款式的尺码是否适合自己穿着。
8205,这个眼膜能去黑眼圈吗,1,该用户想询问这款眼膜产品是否具备消除黑眼圈的功效，以评估其购买价值。
8206,可以洗衣机洗吗,1,该用户想询问直播展示的商品是否支持机洗功能。
8207,160可以穿到多少斤,1,该用户想询问的是“身高160厘米的人适合穿这件衣服的体重范围是多少”。
8208,一米六115斤能穿吗,1,该用户是在询问自己身高160厘米、体重115斤的体型是否适合穿直播中展示的服装。
8209,赵子豪帅翻了,0,该用户是在夸赞主播或展示商品的模特外形出众，表达对直播内容的欣赏和关注。
8210,联合创始人,0,该用户可能在询问或提及直播中出现的品牌或产品的联合创始人相关信息。
8211,有单独的神仙水嘛不想要套装,1,该用户希望单独购买神仙水产品而不想购买包含其他商品的套装组合。
8212,女主播是安徽黄山的,0,该用户可能在询问或确认主播的家乡背景，以建立更亲近的信任感或寻找地域共同点。
8213,关注点赞,0,该用户可能是在积极参与直播互动，希望通过关注和点赞的行为表达对直播内容的支持或获取主播的注意。
8214,送李诞啊,0,该用户可能在询问或要求主播赠送与嘉宾李诞相关的产品或福利。
8215,有没有娇兰,1,该用户是在询问直播间是否有售卖娇兰品牌的产品。
8216,海蓝之谜精粹水有吗,1,该用户是在询问直播间是否有售卖海蓝之谜品牌的精粹水产品。
8217,眼霜还有吗,1,该用户是在询问直播间是否还有眼霜的库存可供购买。
8218,海南之谜有单瓶吗,1,该用户是在询问直播中展示的“海南之谜”产品是否有单独售卖的单瓶规格，而非套装形式。
8219,李正平身上的毛衣有吗,1,该用户是在询问主播或嘉宾身上穿的毛衣是否在售。
8220,李正平老师你好我是你的五年老粉了,0,该用户想表达的含义是：作为长期支持主播的忠实粉丝，希望获得关注或互动。
8221,白色水桶背,1,该用户想表达的含义是：询问主播展示的白色水桶包是否有货或能否试背。  （结合前文弹幕中频繁出现的包包、服饰类商品咨询，以及用户对颜色、试穿/试背的典型提问模式，可推断“白色水桶背”是省略句，核心意图是了解该商品信息。）
8222,2套,1,该用户想表达的含义是：询问是否可以购买两套当前展示的商品套装。
8223,哪里发货,1,该用户想询问商品的发货地点或物流信息。
8224,有运费险没,1,该用户是在询问商品是否支持退货运费险服务，以降低购买后的退货成本风险。
8225,有运费险吗,1,该用户想确认商品是否支持退换货时免运费，以此降低购买决策风险。
8226,我要为王建国买个家,0,该用户可能是想询问直播间是否有售卖与“王建国”相关的家居产品或周边，表达了对特定商品的购买兴趣。
8227,福袋福袋,0,该用户可能在催促主播发放福利或参与抽奖活动。
8228,实心还是中空后壁的,1,该用户是在询问产品（可能是某款容器或饰品）的材质结构是实心的还是中空后壁设计的。
8229,可乐,1,该用户可能在询问直播间是否有可乐商品在售。
8230,这个色号如何,1,该用户可能在询问主播展示的口红或彩妆产品的颜色是否适合自己或是否符合预期效果。
8231,女款尺码补一下,1,该用户希望商家补充女款商品的库存尺码。
8232,国仔前天罗老师给志胜安排了一堆山货,0,该用户是在调侃主播团队之前安排嘉宾带货山货的互动环节，暗示这次直播是否也会出现类似的趣味性推销。
8233,18号,1,该用户可能在询问直播中提到的某件商品（如服装、化妆品等）在18号链接或18号款式是否有货或相关详情。
8234,讲下蓝盒子床垫,1,该用户想表达的含义是：希望主播详细介绍蓝盒子床垫的产品信息或功能特点。  （结合前文弹幕中频繁出现的具体商品询问、发货及售后问题，可推断用户此时聚焦于床垫的细节信息，属于明确的购买意向型提问。）
8235,可以送我一件吗我是学生,0,该用户可能是在以学生身份半开玩笑地请求免费赠送商品，试图通过卖萌或博取同情的方式获得优惠或福利。
8236,建国建国,0,该用户可能在呼唤主播王建国或表达对主播的互动支持。
8237,没了,1,该用户可能是在询问或感叹某款商品已经售罄或下架了。
8238,娇兰复原蜜近期有活动吗,1,该用户是在询问娇兰复原蜜这款产品近期是否有促销优惠，表现出明确的购买意向和价格敏感度。
8239,王建国呢,0,该用户可能在询问主播或嘉宾王建国的去向或为何未出现在直播中。
8240,要买大一码吗,1,该用户可能在询问商品尺码选择建议，担心实际尺寸与预期不符，考虑是否需要选择更大一号以确保合身。
8241,哎妈建国来啦,0,该用户想表达的含义是：看到王建国出现在直播间的兴奋和欢迎。
8242,有暖手宝吗,1,该用户可能在询问直播间是否有暖手宝这款商品出售，表现出对暖手宝的购买意向或需求。
8243,水桶,1,该用户可能是在询问直播中展示的水桶产品的具体信息或表达购买意向。
8244,发财,0,该用户可能是在跟风起哄或玩梗，借着主播或其他观众提到的“王建国”相关话题，用“发财”表达一种凑热闹的欢乐情绪，而非直接表达购买意向。
8245,王建国呢,0,该用户是在询问主播或嘉宾王建国为何没有出现在直播中，可能出于对其参与环节的期待或对其相关内容的兴趣。
8246,支持主播,0,该用户想表达的含义是：对主播王建国的喜爱和鼓励，希望继续支持他的直播表现。
8247,最大能穿到多大,1,该用户想询问商品的最大尺码或适用尺寸范围。
8248,有没有添加剂,1,该用户可能是在询问直播展示的商品是否含有化学成分或防腐剂等添加剂，表现出对产品安全性和成分的关注。
8249,阳历,0,该用户可能在询问商品的出厂日期或保质期是否使用阳历标注。
8250,有没有全棉时代洗脸巾,1,该用户是在询问直播间是否有售卖全棉时代的洗脸巾产品，表达了对该商品的购买意向和需求。
8251,转圈的gucci不卖吗,1,该用户想表达的含义是：询问直播间是否售卖Gucci品牌的旋转款式商品。
8252,文君男朋友真帅,0,该用户可能在调侃或称赞主播的搭档外貌，以此活跃气氛或表达对直播内容的兴趣。
8253,始祖鸟懂了,0,该用户想表达的含义是：终于明白主播在推荐始祖鸟产品的好处了。
8254,大金表,1,该用户可能是在询问或调侃直播间展示的某款金色手表商品。
8255,上个小棕瓶吧,1,该用户希望主播接下来推荐或讲解雅诗兰黛小棕瓶护肤产品。
8256,国仔,0,该用户可能在呼唤或询问主播“王建国”是否在场或何时出现。
8257,买过了,1,该用户想表达的含义是：我已经购买过这款产品了，不需要再介绍了。
8258,好用,1,该用户想表达的含义是：对主播推荐的产品表示认可并有意购买。
8259,鹏大爷喜欢黄花的,0,该用户可能是在调侃或附和主播提到的某个商品（如“黄花”相关产品），以幽默的方式表达对商品的兴趣或支持。
8260,没有39码,1,该用户想表达的含义是：询问主播是否有39码的货品。
8261,还全部是女鞋,1,该用户可能是在抱怨直播间展示的商品种类单一，缺乏男性或其他类型的鞋款选择。
8262,又不是新闻联播说错字怎么了,0,该用户是在反驳其他观众对主播口误的挑剔，认为直播带货不必像新闻联播那样严谨，说错字无伤大雅。
8263,国仔,0,该用户可能在呼唤或询问主播“国仔”相关的人物或产品信息。
8264,我要掀开她的胳肢窝去看那个小字母,0,该用户可能是对主播展示的某件带有字母logo的服装细节（如袖口或腋下标签）感到好奇，想确认具体品牌或设计元素。
8265,包包不是新的吗,1,该用户可能在质疑直播中展示的包包是否为全新商品，担心是二手或样品货。
8266,那我有机会了,0,该用户可能是在看到主播介绍某款限量或热门商品后，暗示自己有机会抢购到心仪产品。
8267,美女好漂亮啊,0,该用户更多是在表达对主播外貌的赞赏而非明确的购物意向。
8268,谐音梗扣钱,0,该用户是在调侃主播或品牌方使用了生硬或老套的谐音梗营销话术，暗示这种强行玩梗的推销方式应该被惩罚（扣钱）。
8269,跟建国要一个能给吗,0,该用户可能在向主播“建国”请求获得某款商品或福利，表达了一种期待和参与的意愿。
8270,上链接,1,该用户是在催促主播尽快上架当前讨论的商品或展示下一款产品链接。
8271,43码怎么办拍44个吗,1,该用户是在询问如果自己需要43码的鞋子但直播间只有44码的，是否应该选择拍大一号的尺码。
8272,看着很好看,1,该用户可能是在夸赞直播展示的商品外观吸引人，暗示对产品产生了兴趣或好感。
8273,保价双11吗,1,该用户是在询问商品当前的促销价格是否与即将到来的双11活动保持一致，以判断现在购买是否划算。
8274,爷俩聊的很嗨啊,0,该用户想表达的含义是：主播和嘉宾之间的互动氛围轻松有趣，让人看得开心。
8275,要要要,1,该用户急切地表达对当前推荐商品的强烈购买欲望。
8276,建国建国建国建国建国建国建国建国建国,0,该用户可能在以重复主播昵称的方式表达对主播的关注或催促互动，类似于粉丝刷屏支持的行为。
8277,177140斤,1,该用户可能在询问主播关于商品尺码的问题，具体是想确认身高177厘米、体重140斤的体型适合哪个尺码的服装或鞋子。
8278,成年男装有吗,1,该用户是在询问直播间是否有售卖适合成年男性的服装产品。
8279,保正,1,该用户是在询问商品是否保证是正品。
8280,龙哥晚上好,0,该用户是在以轻松打招呼的方式参与直播间的互动氛围，表达对主播（龙哥）的关注和友好态度。
8281,黄老板卑微营业,0,该用户是在调侃主播（黄老板）为了推销商品而放低姿态、卖力互动的样子既可爱又有点心酸。
8282,熊猫怎么没码了,1,该用户想表达的含义是：询问直播中提到的熊猫主题商品为什么没有合适的尺码可选。
8283,是不是买这个的都是老人家,1,该用户可能是在质疑产品的受众群体偏向中老年，暗示该商品的设计或风格不够时尚年轻。
8284,保真吗,1,该用户是在询问商品是否为真品，表达了对产品质量真实性的关注和潜在购买意向。
8285,女神巳下二单,1,该用户想表达的含义是：我已经因为主播的魅力下单购买了两次。
8286,男的怪有味道的,0,该用户想表达的含义是：这位男主播的风格挺有个人魅力的。  （结合前文语境，直播间氛围轻松，观众频繁互动调侃主播“建国”“龙哥”等，目标弹幕中的“怪有味道的”是一种幽默表达，指主播的言行或气质有独特吸引力，而非字面异味。）
8287,日期如何,1,该用户可能在询问商品的生产日期或保质期信息。
8288,男主播白胖白胖的才70Kg嘛,0,该用户可能在调侃男主播的外形与体重不符，表达对其身材的意外或幽默评价。
8289,科颜氏保湿霜,1,该用户可能在询问或表达对科颜氏保湿霜产品的兴趣，暗示想了解详情或希望主播介绍/上架该商品。
8290,男主播你礼貌吗总打断女主播的话,0,该用户对男主播频繁打断女主播发言的行为感到不满，认为这种行为缺乏礼貌和尊重。
8291,文君的衣服,0,该用户可能是对主播或嘉宾“文君”穿的衣服感兴趣，想询问衣服的购买信息或表达赞赏。
8292,为什么排不了,1,该用户可能是在询问为什么无法成功排队购买或参与直播间的某项活动（如抢购、抽奖等）。
8293,是加绒的吗东北冬天做内搭可以吗,1,该用户想询问这件衣服是否有加绒设计，并确认其保暖性是否适合东北冬季作为内搭穿着。
8294,已经9级了,0,该用户想表达的含义是：我在这个直播间已经累积到9级粉丝等级了。
8295,爱了,0,该用户想表达的含义是：对当前展示的商品或主播的表现非常喜爱和认可。
8296,我就住在会稽山,0,该用户可能是在暗示自己距离发货地较近，对物流速度或商品产地有潜在兴趣。
8297,一直在用,1,该用户想表达的含义是：自己是该产品的长期使用者，对其效果或品质表示认可。
8298,82号直接拍吗,1,该用户想询问82号商品是否可以直接下单购买，无需额外操作或咨询。
8299,突然发现建国并没有多胖,0,该用户是在调侃男主播的身材，认为他并不像之前弹幕中提到的“白胖白胖”那样胖。
8300,火车站吃火锅花了多少钱也记得,0,该用户可能在调侃主播记性差或转移话题，暗示对当前讨论的商品信息不够关注。
8301,没有海盐绿吗,1,该用户可能在询问直播间售卖的商品中是否包含海盐绿色款或其他颜色选项。
8302,375没有了,1,该用户想表达的含义是：商品编号375的款式已经售罄了。
8303,国仔,0,该用户可能在调侃或亲切称呼主播“建国”（根据前文提到的“突然发现建国并没有多胖”），用“国仔”这种昵称表达对主播的熟悉感和互动意愿。
8304,176cm75kg男穿那个码,1,该用户想表达的含义是：询问适合自己身高176厘米、体重75公斤的男性穿着的衣服尺码。
8305,主播看不到吗,0,该用户可能在催促主播回应之前关于产品规格或库存的提问（如尺码、颜色缺货等问题），暗示自己的需求未被及时注意到。
8306,志胜呢志胜呢,0,该用户可能在询问或呼唤另一位名叫“志胜”的主播或嘉宾何时出场。
8307,40号高梵黑金有男款吗,1,该用户是在询问直播中展示的40号高梵黑金款式是否有对应的男装版本，表现出对该产品的购买意向和性别适配性需求。
8308,大牌来了,1,该用户可能是在表达对即将出现的知名品牌商品的期待或兴奋情绪。
8309,欧莱雅安瓶面膜还能加吗,1,该用户是在询问是否还能继续下单购买欧莱雅安瓶面膜这款产品。
8310,黑色,1,该用户可能是在询问或确认直播中展示的某款商品是否有黑色款式可选。
8311,这有盒子吗,1,该用户可能在询问商品是否有配套的包装盒或礼盒。
8312,李正喝了嘛这是,0,该用户可能在询问主播或嘉宾“李正”是否已经品尝或体验了当前展示的产品。
8313,蓝色有M码吗,1,该用户是在询问商品是否有蓝色且尺码为M的库存。
8314,五粮液八代有没有,1,该用户是在询问直播间是否有售卖五粮液第八代这款白酒产品。
8315,今天的相声不行,0,该用户想表达的含义是：对当前直播内容的表演环节感到失望，认为相声部分不够精彩。
8316,160130斤那个码,1,该用户想询问适合身高160厘米、体重130斤的体型应该选择哪个尺码的服装。
8317,15号,1,该用户可能在询问商品编号为15号的款式或产品的相关信息。
8318,还有橘子面霜吗,1,该用户是在询问直播间是否还有橘子面霜的库存可供购买。
8319,可以洗衣机洗吗,1,该用户是在询问直播展示的商品是否支持机洗功能。
8320,称斤卖吗,1,该用户想询问商品是否可以按重量计价购买。
8321,160cm能穿上160吗,1,该用户是在询问自己身高160厘米是否适合穿尺码为160的服装。
8322,这么厚我一岁半女儿可以在这上面蹦蹦跳跳了,1,该用户想表达的含义是：这款产品的厚度和承重性能适合幼儿在上面玩耍，暗示对产品实用性感兴趣。
8323,那个中老年护膝能不能上一下,1,"该用户希望主播尽快展示或上架中老年护膝产品以便购买。  （分析依据：结合前文弹幕中频繁出现的具体商品咨询（如尺码、款式、补货需求）和购买意向表达（如""还能加吗""""有没有""），可判断当前直播间观众以提出实际购物需求为主。目标弹幕延续了这一语境，用""上一下""的典型直播带货话术，核心诉求是催促商品露出或开售链接。）"
8324,建国瘦了,0,该用户可能是在调侃主播或嘉宾的外形变化，暗示他们近期体型有明显改变。
8325,胡老师特别适合金饰,0,该用户认为胡老师的气质或形象与金色饰品非常相衬，可能是在暗示推荐或赞同主播展示的金饰产品。
8326,能放手机吗,1,该用户想询问直播展示的商品是否具备存放手机的功能或设计。
8327,麻将包,1,该用户可能在询问直播间是否有麻将主题的包款商品。
8328,没了,1,该用户想表达的含义是：想要的商品已经售罄或没货了。
8329,铅笔灰,1,该用户可能在询问商品是否有“铅笔灰”这一颜色或款式可选。
8330,罗老师请建国来一定要让他说个段子罗老师请建国来一定要让他说个段子,0,"该用户是在呼吁主播邀请嘉宾建国进行即兴表演，以此活跃直播间氛围。  （分析依据：前文弹幕显示直播间存在才艺展示环节（如相声提及）、观众与主播的熟人互动（如直呼""罗老师""""建国""），且目标弹幕通过重复句式强化诉求，符合直播中观众要求嘉宾返场或加演的常见互动模式。）"
8331,有没有中杯,1,该用户是在询问直播间售卖的商品是否有中等尺寸的款式可供选择。
8332,雾霾蓝,1,该用户可能在询问商品是否有“雾霾蓝”这个颜色可选。
8333,立正稍息,0,该用户可能在催促主播加快节奏或切换展示商品，用军训口令调侃当前直播流程拖沓或内容松散。
8334,有没有咖啡,1,该用户是在询问直播间是否有咖啡产品在售。
8335,李正平老师你好我是你的五年老粉了,0,该用户想表达的含义是：作为长期支持主播的忠实粉丝，希望通过表明自己的粉丝身份来拉近与主播的距离或获得特别关注。
8336,14号看下,1,该用户想表达的含义是：询问14号商品的具体信息或展示。
8337,俩直男真般配,0,该用户是在调侃直播间的两位男性主播互动默契，看起来关系很好。
8338,粉红色,1,该用户可能在询问或评论直播中展示的某款商品是否有粉红色可选。
8339,换好几个地址都不送,1,该用户因多次修改收货地址仍无法满足配送要求而感到不满。
8340,是正品吗,1,该用户对商品真伪存在疑虑，希望通过确认正品资质来评估购买可信度。
8341,身高174cm体重148拍的m可以吗,1,该用户是在询问自己的身高体重是否适合购买M码的服装。
8342,见过建国见过建国,0,该用户想表达的含义是：之前已经见过主播建国了，这次又看到他出场感到熟悉或惊喜。
8343,建国哥我是学生你懂么,0,该用户想表达的含义是：希望主播能给予学生群体更优惠的价格或特殊福利。
8344,砂锅砂锅,1,该用户可能在询问或表达对直播中出现的砂锅产品的兴趣，希望了解更多信息或示意主播展示该商品。
8345,没有了啊,1,该用户可能是在询问直播中展示的某款商品是否已经售罄或下架。
8346,不支持配发广州,1,该用户想表达的含义是：商品不支持配送到广州地区。
8347,给力,1,该用户想表达的含义是：对当前直播中的优惠活动或产品展示感到兴奋和满意。
8348,MAC子母包还有吗,1,该用户是在询问直播中提到的MAC品牌子母包是否仍有库存可供购买。
8349,好看,1,该用户可能是在称赞直播中展示的商品款式或颜色搭配令人满意。
8350,痔疮能用呢,1,该用户可能是在询问直播中展示的产品是否适用于治疗痔疮的症状。
8351,讲解,1,该用户可能在催促主播详细讲解当前展示的产品信息或功能。
8352,箱体是啥木的,1,该用户是在询问直播中展示的商品（可能是家具或收纳用品）的箱体部分所使用的木材材质。
8353,没抢到,1,该用户想表达的是对某款已售罄商品的遗憾和未能成功购买的失望情绪。
8354,李正穿的什么码,1,该用户想询问主播李正所穿衣服的具体尺码，可能是想作为自己购买的参考。
8355,赞同,1,该用户想表达的含义是：对前面某条弹幕的观点或主播的解说内容表示认同和支持。
8356,码数偏大偏小,1,该用户想询问商品的尺码是否标准，担心实际尺寸与标注不符。
8357,有皮带不,1,该用户可能在询问直播间是否有皮带商品在售或相关搭配推荐。
8358,什么时候有神仙水,1,该用户是在询问直播间何时会上架或补货“神仙水”这款产品，表达了对该商品的购买意向和需求。
8359,已拍,1,该用户想表达的含义是：我已经下单购买了这款商品。
8360,子豪大兄弟晚上个人直播不,0,该用户是在询问主播“子豪”当晚是否会单独开播，可能对主播个人直播内容感兴趣或想进一步互动。
8361,唇油有嘛有需求,1,该用户想询问直播间是否售卖唇油产品并试探其市场需求热度。
8362,面霜单卖吗,1,该用户想询问面霜是否可以单独购买而不需要搭配其他产品。
8363,熊猫dunk还能再上吗,1,该用户是在询问直播商品中提到的“熊猫dunk”鞋款是否会再次补货上架。
8364,建国有点害羞啊,0,"该用户可能觉得主播""建国""在直播中表现得比较拘谨或放不开。"
8365,地址拍不了,1,该用户想表达的含义是：收货地址不在配送范围内，无法下单。
8366,有净水器吗,1,该用户是在询问直播间是否有净水器产品售卖。
8367,可乐,1,该用户可能在询问直播间是否有可乐这款商品在售。
8368,颜色买错了怎么改啊,1,该用户想表达的是对已购商品颜色不满意，询问如何更换或退换货。
8369,燕子包还会再上吗,1,该用户是在询问某款名为“燕子包”的商品是否会再次补货上架。
8370,国仔,0,该用户可能在亲切地称呼主播或品牌相关人物（如“国仔”可能是主播昵称），表达互动或关注的情绪。
8371,下雪可以穿吗,1,该用户想询问主播展示的这款产品是否适合在雪天穿着使用。
8372,主播可以给我介绍一下围巾吗我要6条我有点担心好便宜哦,1,该用户想表达的含义是：对围巾的价格和质量存在疑虑，但仍有较强的购买意向，希望主播详细介绍产品后再决定是否下单。
8373,你穿多大,1,该用户想询问主播身上所穿商品的尺码以便参考购买。
8374,老罗,0,该用户可能在呼唤主播老罗，希望得到他的回应或关注。
8375,有马蒙22吗,1,该用户是在询问直播间是否有售卖“马蒙22”这款商品。
8376,海蓝之谜啥时候开卖,1,该用户是在询问海蓝之谜产品的具体发售时间，表现出明确的购买意向和对该品牌的关注。
8377,加复原蜜,1,该用户想表达的含义是：希望主播将复原蜜这款产品加入购物链接或库存。
8378,为啥吉林不发货啊,1,该用户因所在地区无法下单而表达不满，并希望了解限制发货的原因。
8379,女主播的头发梳的真整齐,0,该用户可能是在夸赞主播的形象专业得体，间接表达对直播内容的认可和好感。
8380,有运费险吗,1,该用户可能在询问商品是否支持退换货时免运费，以此评估购买风险。
8381,熊猫是正品吗,1,该用户想确认直播所售的熊猫品牌商品是否为官方授权正品，可能存在对商品真伪的顾虑或对平台信任度的试探。
8382,过了谈恋爱年纪了女朋友都没有,0,该用户可能是在自嘲或调侃自己单身的状态，暗示对直播间的商品（如情侣用品或年轻化产品）没有购买需求。
8383,罗翔老师好,0,该用户可能在友好地打招呼或表达对主播罗翔的喜爱和支持。
8384,苹果手机在哪里,1,该用户是在询问直播间是否有苹果手机售卖或相关产品链接的位置。
8385,高二辍学的恶果,0,该用户可能是在感慨自己因年少辍学而错失机会，看到直播间里其他人讨论各类商品时触景生情。
8386,女士买了男款的,1,该用户可能是在询问女士是否可以购买男款商品，或是表达自己作为女性购买了男款产品的经历。
8387,老罗小可爱,0,该用户是在用昵称亲切地称呼主播，表达对主播的喜爱和互动意愿。
8388,这个女主播是赫本,0,该用户可能是在夸赞女主播的气质或造型与奥黛丽·赫本相似。
8389,国仔国仔,0,该用户可能在热情呼唤主播“国仔”的名字，表达对主播的关注或想与其互动。
8390,好棒甘肃啥也买不了,1,该用户可能因地域限制无法购买商品而感到遗憾和不满。
8391,4号链接是滋润版还是清爽版的啊,1,该用户想确认4号链接商品的具体版本类型，以便根据自身需求做出购买决策。
8392,罗老师呢,0,该用户可能在询问主播罗老师（或昵称“老罗”）的去向或何时出现。
8393,好喝,1,该用户想表达的含义是：对直播中展示的饮品表示认可和满意。
8394,好用,1,该用户想表达的含义是：对当前直播展示的产品表示认可并有意向购买。
8395,猪茅今天上链接不,1,该用户是在询问直播中是否会推出茅台生肖酒（猪年款）的购买链接。
8396,没了,1,该用户想表达的含义是：想要的商品已经卖完了或下架了。
8397,张雨绮真好看,0,该用户可能是在夸赞主播的外貌以表达对直播内容的兴趣或好感，但并未直接表现出明确的购买意向。
8398,科颜氏,1,该用户可能是想询问或确认直播中提到的“科颜氏”产品相关信息，例如是否为正品、具体款式或购买方式。
8399,包没了,1,该用户想表达的含义是：商品已经售罄了。
8400,睡谁,0,该用户可能是在询问直播中提到的某款产品（如床上用品或睡衣）的相关信息，或是用谐音梗调侃主播的推荐内容。
8401,脱口秀很喜欢看,0,该用户可能是想通过表达对脱口秀的兴趣来暗示自己对该直播内容或主播风格的认可，从而间接表现出对商品的关注或购买意愿。
8402,见过建国,0,该用户可能在调侃主播或嘉宾的外貌或表现与某个名人相似。
8403,菌菇水不能单独拍嘛,1,该用户是在询问直播间的某款菌菇水产品是否可以单独购买，而不是必须搭配其他商品下单。
8404,努力克制,0,该用户想表达的含义是：虽然对商品很心动，但正在尽力控制自己的购买冲动。
8405,等于一个烂梗哈哈哈,0,该用户是在调侃直播间里反复出现的某个无聊玩笑或老套话题，觉得既无趣又好笑。
8406,建国大佬,0,该用户可能在调侃或呼唤主播“建国”这个昵称，表达对主播的熟悉或亲切感。
8407,发红包,0,该用户希望通过主播发放红包来活跃直播间气氛或获取福利。
8408,小姐姐的抖音号是啥,0,该用户可能是对主播个人感兴趣，想通过她的抖音号进一步关注或了解她。
8409,单盒装还是礼盒装,1,该用户想询问产品是否有不同包装规格可选，并希望了解单盒和礼盒的具体区别或购买方式。
8410,小棕瓶,1,该用户想表达的含义是：询问主播是否在介绍或推荐雅诗兰黛小棕瓶产品。
8411,国仔,0,该用户可能在询问或提及主播“建国”的相关信息，可能是对主播的昵称或特定称呼。
8412,发一个,0,该用户可能在催促主播尽快上架或展示某款商品。
8413,我刚买了精粹水和科颜氏高保湿,1,该用户想表达的含义是：我已经下单了直播间推荐的护肤品，想分享自己的购买行为。
8414,灰色灰色,1,该用户想表达的含义是：询问主播是否有灰色款式的商品。
8415,2号链接拍不了,1,该用户想表达的含义是：商品购买链接出现异常，无法正常下单。
8416,绿色,1,该用户想表达的含义是：询问或确认直播中展示的商品是否有绿色款可选。
8417,北京不发货,1,该用户想表达的含义是：自己所在的北京地区无法购买直播间的商品。
8418,玫红色,1,该用户可能在询问或确认直播中展示的某款商品是否有玫红色可选。
8419,2012年5月今晚80后,0,该用户可能是在回忆或提及2012年5月某期《今晚80后脱口秀》的节目内容，暗示自己对脱口秀话题的兴趣或与主播/嘉宾的互动关联。
8420,这个男主播180120斤是一根杆嘛,0,该用户是在调侃男主播的身材偏瘦，用“一根杆”来形象化地描述其高瘦的体型。
8421,是两口子直播吗,0,该用户可能在询问直播间的主播是否为夫妻搭档，以此判断直播内容的风格或互动氛围是否合自己心意。
8422,好看,1,该用户可能是在称赞主播的穿搭或展示的商品款式吸引人。
8423,活跃活跃宝宝,0,"该用户可能是在以轻松调侃的语气与主播互动，试图通过昵称""宝宝""拉近距离并活跃直播间氛围。"
8424,文君老师好,0,该用户可能在向主播文君老师打招呼或表达支持，属于互动性质的弹幕而非直接购买意向。
8425,算开数学题了,0,该用户是在调侃主播讲解产品价格或优惠方式时计算过程太复杂，像是在做数学题。
8426,洗衣机是双11的价吗,1,该用户是在询问直播中展示的洗衣机是否享受双11同等的优惠价格。
8427,熨斗,1,该用户可能是在询问或提及直播中展示的熨斗产品，表达对其功能、价格或款式的兴趣。
8428,交个朋友直播间颜值是直播间天花板了吧,0,该用户是在夸赞直播间的整体形象或主播的外貌出众，认为在同类型直播间中属于最高水平。
8429,80后脱口秀后期建国和诞诞才到台前,0,该用户是在回忆《今晚80后脱口秀》节目中幕后编剧（建国和李诞）转型台前艺人的往事，以此类比当前直播间里助播或工作人员参与出镜的现象。
8430,82号,1,该用户可能在询问或确认直播间正在介绍或抽奖的某个商品编号（如82号链接或产品）。
8431,9号链接码数正吗,1,该用户是在询问9号商品链接所售鞋款的尺码是否标准准确。
8432,有其他款式么,1,该用户想表达的含义是：对当前展示的商品款式不太满意，希望主播推荐更多可选样式。
8433,有手提袋不,1,该用户可能在询问直播商品是否附赠手提袋作为赠品或包装。
8434,这个包包好看,1,该用户想表达的含义是：这款包的设计很吸引人，我有兴趣了解或购买。
8435,鹏哥经验挺多,0,该用户想表达的含义是：认可主播的专业能力和丰富经验。
8436,没有了呀,1,该用户可能在询问或感叹某款商品已售罄或缺货。
8437,紫色穿下,1,该用户想表达的含义是：询问紫色款式的上身效果如何。
8438,美式就是饱腹感,1,该用户想表达的含义是：这款美式风格的商品看起来分量很足/设计很扎实。  （结合直播间的购物讨论氛围，用户可能在评价某件服饰或包包的版型或容量，用“饱腹感”比喻其视觉或实用上的充实感。）
8439,粉色,1,该用户可能是在询问或表示对直播中某款商品的粉色款式感兴趣。
8440,老罗牛笔,0,该用户想表达的含义是：对主播的表现或直播间氛围感到非常赞赏和兴奋。
8441,没有斜跨包的铁链子,1,该用户可能在询问斜挎包是否配有可拆卸的金属链条配件。
8442,有没有男士洗面奶,1,该用户是在询问直播间是否有适合男性使用的洗面奶产品。
8443,男宝,0,该用户可能在询问直播间是否有适合男童的商品或款式。
8444,没拍到,1,该用户想表达的含义是：错过了刚才的商品抢购机会。
8445,没拍到,1,该用户想表达的是错过了抢购商品的机会。
8446,可以充话费吗,1,该用户可能在询问直播间是否提供话费充值服务，表达了对购买虚拟产品的潜在兴趣。
8447,项链镜看一下,1,该用户想表达的含义是：想近距离看看项链的细节展示。
8448,能分期吗,1,该用户是在询问商品是否支持分期付款的购买方式。
8449,哪个色号,1,该用户想询问当前展示的产品有哪些颜色可选。
8450,理肤泉修复霜还会有吗,1,该用户是在询问直播间后续是否会补货理肤泉修复霜，表达了对该产品的购买意向和需求。
8451,l俊俊老师好清爽呢今天,0,该用户是在夸赞主播当天的形象清爽得体，表达了对主播的好感和关注。
8452,46号皮带货品保真吗有没有线下售后服务,1,该用户是在询问46号皮带的商品真伪保障和线下售后服务的具体细节，表现出对该商品的购买意向和品质顾虑。
8453,杭州为什么下不了,1,该用户可能是在询问直播间的商品（如下单服务或物流配送）为何无法覆盖杭州地区。
8454,半山听雨额,0,该用户可能在询问或提及直播间中提到的某款名为“半山听雨”的产品或相关优惠活动。
8455,没有了,1,该用户可能是在询问或感叹直播中提到的某款商品已经售罄或无法购买。
8456,脱口秀咋不播了,0,该用户可能是在询问直播间为何突然中断了原本穿插的脱口秀表演环节。
8457,看看里面,1,该用户可能是对当前展示的商品内部结构或细节感兴趣，希望主播进一步展示产品内部情况。
8458,没了,1,该用户想表达的是对某款商品已售罄的失望或询问是否还会补货。
8459,帮我问一下,1,该用户可能是想让主播帮忙询问某个商品的具体信息或库存情况。
8460,17580公斤,1,该用户可能在询问或确认商品的重量规格，比如某款产品的净重是否为17580公斤。
8461,有大点的麻将吗,1,该用户可能在询问直播间是否有更大尺寸的麻将商品在售。
8462,原来有提词器的啊,0,该用户可能是在调侃或意外发现直播中使用了提词器，暗示主播的表现并非完全即兴。
8463,4X能不能补点货,1,该用户希望直播间能再次上架“4X”这款商品，因为之前没抢到或库存已售罄。
8464,子豪你个大帅比,0,该用户是在以轻松调侃的语气表达对主播“子豪”的外貌赞美，以此拉近距离或活跃气氛，而非直接表达购买意向。
8465,你有你的选择我选择王建国,0,该用户想表达的含义是：虽然主播在推荐其他选择，但我坚持要购买王建国（可能是某款商品或品牌）的产品。
8466,今天马蒙有吗,1,该用户是在询问直播间今天是否有售卖“马蒙”这款商品。
8467,自己再做一个翅膀可以在家走秀,0,该用户可能是在调侃或表达对直播商品的创意使用想法，暗示商品（如服饰或配饰）可以DIY改造后用于趣味展示。
8468,国仔来段脱口秀,0,该用户是在调侃或催促主播表演一段脱口秀来活跃气氛。
8469,俊俊对女生很友好啊,0,该用户想表达的含义是：主播对女性观众的态度亲切体贴，让人感到舒适。
8470,衣服质量是真差能不能提升一下品控,1,该用户对商品质量不满，希望商家改进生产质检环节以提升产品品质。
8471,老罗你有啥不能让我三级粉丝知道的,0,该用户可能是在调侃主播对粉丝群体区别对待，暗示自己作为“三级粉丝”被排除在某些信息或福利之外，表达了一种不满或好奇心理。
8472,军用水壶,1,该用户可能是在询问直播间是否有军用水壶这款商品在售或对其功能特点感兴趣。
8473,神仙水,1,该用户可能是在询问或感叹直播间推荐的某款护肤品（如SK-II神仙水）的相关信息或效果。
8474,那女的咋那么好看呢,0,该用户可能是在夸赞直播中的某位女性主播或嘉宾的外貌出众，表达了对她的欣赏或关注。
8475,在哪个直播间,0,该用户可能在询问当前直播间的名称或入口，以便后续关注或分享给他人。
8476,绝配,0,该用户想表达的含义是：这件商品与某个搭配或场景非常契合，令人满意。
8477,罗老师我被绿了求安慰,0,该用户可能是在以调侃或自嘲的方式寻求主播的关注和互动，借情感话题制造幽默效果而非真正表达购买意向。
8478,17号,1,该用户可能在询问或提醒主播关于17号商品的信息或库存情况。
8479,真吗,1,该用户可能是在质疑主播介绍的产品或宣传信息的真实性。
8480,洗的干净吗,1,该用户可能是在询问产品的清洁效果是否令人满意。
8481,想要,1,该用户想表达的含义是：对直播中展示的某件商品产生了购买意愿。
8482,已拍,1,该用户想表达的含义是：我已经下单购买了这款产品。
8483,正哥回来啦,0,该用户看到主播“正哥”重新出现在直播间而感到惊喜和欢迎。
8484,还有美的浴霸吗,1,该用户是在询问直播间是否还有美的品牌的浴霸产品在售。
8485,娇韵诗,1,该用户可能是在询问或提及直播中出现的娇韵诗品牌产品，表达对该商品的兴趣或关注。
8486,怎么没有链接了,1,该用户可能在询问商品购买链接为何消失，表达了对某款产品的购买意向或对无法找到购买途径的困惑。
8487,双萃我吗,1,该用户想表达的含义是：娇韵诗双萃精华这款产品适合我吗？
8488,李正我爱你我爱你,0,该用户是在热情表达对主播“李正”的喜爱和支持，可能是看到主播回归后激动情绪的宣泄。
8489,卡码拍大拍小,1,该用户想询问商品尺码选择建议，不确定该选大号还是小号。
8490,真的不开不行太冷了,0,该用户想表达的含义是：天气太冷了必须得买这件商品（如保暖衣物或取暖设备）。
8491,建国,0,该用户可能在呼唤主播或某个昵称为“建国”的人物，希望对方回应自己的互动需求。
8492,清莹露单品有吗,1,该用户是在询问直播间是否有单独售卖清莹露这款产品。
8493,稀物集能看看吗到手几个,1,该用户想询问主播是否可以展示“稀物集”商品的具体内容以及购买后能收到几件物品。
8494,洗脸巾,1,该用户可能在询问直播间是否有洗脸巾产品上架或想了解相关产品的信息。
8495,卖产品让老罗硬搞成访谈节目了哈哈,0,该用户是在调侃主播偏离了带货主题，把销售环节变成了闲聊访谈的风格。
8496,裤子有吗,1,该用户是在询问直播间是否有售卖裤子的产品。
8497,摆烂也是梗的一部分,0,该用户是在调侃直播间的轻松氛围，认为消极应对（摆烂）也成了互动中的一种幽默元素。
8498,我替黄鹤给品牌方道个歉,0,该用户可能在玩梗调侃，借网络流行语“黄鹤道歉”来幽默表达对品牌或主播的认可或互动。
8499,建国瘦了,0,该用户可能是在调侃或关注主播的外貌变化，暗示对直播内容的轻松互动而非直接的购买兴趣。
8500,修丽可,1,该用户可能在询问或提及品牌“修丽可”的相关产品是否在直播间有售或推荐。
8501,30号链接讲解一下啊,1,该用户希望主播详细介绍30号商品链接的具体信息以便决定是否购买。
8502,30号看看,1,该用户想表达的含义是：等到30号再考虑是否购买。
8503,可以不用买床直接放地上了,1,该用户可能在调侃或吐槽直播间的产品展示方式不够吸引人，暗示当前推销的床品没有让人产生购买欲望，甚至觉得直接睡地上都比买这个强。
8504,科颜氏白泥开价了吗,1,该用户是在询问科颜氏白泥面膜是否开始以促销价格售卖。
8505,我想要穿,1,该用户想表达的是对直播中展示的某件服装类商品产生了购买意愿，希望了解如何获取或购买。
8506,衣服漂亮吧主播还这么美你让我走不开了呀,0,该用户被主播的穿搭和魅力吸引，表达了对直播内容的强烈兴趣和不愿离开的喜爱之情。
8507,老罗好久不见,0,该用户是在表达对主播久未露面的惊喜和问候。
8508,不带抽腰的黑金,1,该用户可能是在询问或要求展示一款没有抽绳设计的黑金色商品（如裤子或外套）。
8509,李爽穿的什么码,1,该用户是在询问主播李爽身上所穿服装的具体尺码信息，意图参考选购同款。
8510,男主播穿多大的,1,该用户是在询问男主播身上所穿服装的具体尺码信息。
8511,海蓝之谜的水有单独卖的吗,1,该用户是在询问直播间是否有单独售卖海蓝之谜品牌的爽肤水产品。
8512,建国呢,0,该用户可能在询问主播或嘉宾“建国”的去向或近况，表达对其的关注或调侃。
8513,可以机洗吗,1,该用户是在询问直播展示的商品是否支持洗衣机洗涤的功能。
8514,可以讲讲萱子项链吗,1,该用户想表达的含义是：希望主播详细介绍萱子项链的产品信息。
8515,你们两没睡觉嘛,0,该用户可能是在调侃或关心主播的长时间直播状态，暗示他们看起来疲惫或工作强度大。
8516,5号链接跟42号链接看一下,1,该用户希望主播详细展示并介绍5号和42号商品链接的具体信息。
8517,有没有礼盒呢,1,该用户可能在询问直播间是否有礼盒装的产品可供购买。
8518,早起做核酸哈哈哈来自机器人的无奈,0,该用户是在以调侃的语气表达自己因早起做核酸而感到无奈，同时暗示自己正在观看直播以消磨时间或放松心情。
8519,买了买了,1,该用户被直播内容打动，决定下单购买所推荐的商品。
8520,铁岭王建国,0,该用户可能在询问或调侃主播“王建国”的去向或表现，呼应前文其他观众对主播互动的关注。
8521,文君的外套在哪买,1,该用户想表达的含义是：询问主播身上穿的外套的购买渠道。
8522,北京不发货,1,该用户可能因所在地无法收货而感到遗憾，暗示自己原本有购买意愿但受物流限制无法实现。
8523,没抢到,1,该用户因未能成功购买到心仪商品而感到遗憾。
8524,感觉大号才好看,1,该用户可能认为商品的大尺码款式比小尺码更美观或更适合。
8525,海蓝之谜单独来个,1,"该用户希望主播能单独上架海蓝之谜的某款产品（可能是之前弹幕中提到的""水""或其他单品）。"
8526,这个主播怎么这么好看,0,该用户是在夸赞主播的外貌吸引力，但并未直接表达对商品的购买兴趣。
8527,老罗你喝的是什么茶叶,0,该用户对主播正在饮用的茶叶产生了兴趣，可能有意向了解或购买同类产品。
8528,一瓶能用多久,1,该用户想询问产品的使用时长以评估性价比或购买量。
8529,今年大王是王建国吗,0,该用户可能在询问主播或嘉宾中是否有人名叫“王建国”，并调侃其是否成为今年的焦点人物。
8530,Gicci围巾有吗,1,该用户是在询问直播间是否有售卖Gicci品牌的围巾。
8531,你这里有买的吗我要买,1,该用户想表达的是询问当前展示的商品是否有现货并表明自己的购买意向。
8532,王建国呢,0,该用户可能在询问主播或嘉宾“王建国”的去向或何时出场，表现出对这位人物的关注或期待。
8533,科颜氏有吗,1,该用户是在询问直播间是否有售卖科颜氏品牌的产品。
8534,我买围巾了,1,该用户想表达自己已经下单购买了围巾。
8535,aj1呢,1,该用户可能在询问直播间是否有售卖AJ1（Air Jordan 1）这款鞋。
8536,锤子手机有地方修吗,1,该用户可能在询问售后维修服务的可用性，以此评估是否值得购买锤子手机。
8537,建国和罗老师太同频了,0,该用户想表达的含义是：王建国和罗老师的互动配合十分默契有趣。
8538,主播身上什么尺码,1,该用户想询问主播所穿衣服的尺码信息，可能是出于对同款商品的购买兴趣或对尺码参考的需求。
8539,过了谈恋爱年纪了女朋友都没有,0,该用户可能是在调侃自己单身状态，暗示对直播间的社交氛围或产品（如情侣用品）缺乏兴趣，或借此融入弹幕的轻松互动节奏。
8540,建国呢,0,该用户可能在询问主播或嘉宾“王建国”的去向或为何没有出现。
8541,哈哈哈哈哈,0,该用户可能被直播间的幽默互动或搞笑内容逗乐，纯粹表达开心情绪而非购物意向。
8542,李正毛衣,1,该用户可能在询问主播身上穿的毛衣的品牌或购买链接。
8543,戒指怎么卖,1,该用户想表达的含义是：询问戒指的具体价格和购买方式。
8544,女主播穿的毛衣什么码,1,该用户想询问主播身上所穿毛衣的具体尺码信息，以便考虑自己是否适合购买同款。
8545,为啥拍有的不支持配送有的支持配送,1,该用户是在询问为何同款商品存在部分可配送而部分不可配送的情况，可能对购买特定商品有实际需求但遇到了物流限制的困惑。
8546,主播穿的多大的,1,该用户想询问主播所穿衣服的具体尺码信息。
8547,好家伙志胜血亏,0,该用户是在调侃主播或品牌方给出的优惠力度太大，以至于看起来像是亏本销售。
8548,志胜呢,0,该用户可能在询问或调侃某位名叫“志胜”的嘉宾或主播为何没有出现在直播中。
8549,三巨头,0,该用户可能在询问直播间是否有售卖某款名为“三巨头”的商品，或是调侃直播间的三位核心人物（如主播、嘉宾等）。
8550,雅萌呢,0,该用户可能在询问直播间是否售卖或展示雅萌品牌的产品。
8551,视频进来没看到,0,该用户想表达的是：刚进入直播间时错过了前面的商品介绍或展示内容。
8552,保价双十一吗,1,该用户关心商品价格是否会在双十一期间有更低折扣，希望确认当前的购买能享受价格保障。
8553,上秒杀,1,该用户想表达的含义是：催促主播尽快开启限时抢购活动。
8554,建国嘛,0,该用户是在询问或呼唤主播“建国”是否在场或参与互动。
8555,建国脱口秀什么时候复播,0,该用户是在询问主播或嘉宾“建国”参与的脱口秀节目何时会恢复播出，表达了对该人物及其内容的关注和期待。
8556,建国,0,该用户可能在询问或呼唤直播间的另一位参与者“建国”，表达对其出现的期待或对其相关话题的兴趣。
8557,MLB老爹鞋,1,该用户可能是在询问主播展示的MLB品牌老爹鞋的相关信息，比如价格、款式或购买方式。
8558,水桶包已拍,1,该用户想表达的含义是：我已经下单购买了主播展示的水桶包。
8559,女主播抖音号有吗,0,该用户想表达的含义是：询问主播的社交媒体账号以便进一步关注或了解其动态。
8560,今天金价多少,1,该用户可能在询问直播间所售黄金饰品的当前价格，以评估是否值得购买。
8561,老罗只赚良心钱,0,该用户是在调侃主播的商业信誉，暗示其定价合理、值得信赖。
8562,子豪你个大帅比,0,该用户是在以轻松调侃的语气夸赞主播的外貌，表达对主播的喜爱和支持。
8563,那个壶还得买加热的吧,1,该用户可能在询问产品配套需求，担心单独购买水壶还需额外购置加热配件。
8564,尺码怎么拍,1,该用户想询问如何选择商品的合适尺码进行购买。
8565,怎么安装我要笑死了,0,该用户可能是被直播间的搞笑氛围或主播的幽默表现逗乐，在表达欢乐情绪的同时顺带询问产品安装方式。
8566,俊俊你是不是决绝人家了,0,该用户可能在调侃主播与其他嘉宾的互动关系，暗示主播是否冷落了某人（如“志胜”或“建国”），用玩笑语气表达对直播氛围的关注。
8567,喜欢,1,该用户可能是在表达对当前直播展示的某款产品或主播推荐内容的喜爱和认同。
8568,这照片哈哈哈哈哈,0,该用户可能是在调侃直播中展示的某张照片效果滑稽或与预期不符，以轻松幽默的方式参与互动而非表达购买意向。
8569,内层看下,1,该用户想表达的含义是：想看看商品的内层细节展示。
8570,小瓶全兴大曲还上吗,1,该用户是在询问直播中是否会再次上架小瓶装的全兴大曲酒。
8571,13岁男生穿女生的可以吗,1,该用户可能在询问某款中性或女性风格的服装是否适合13岁男孩穿着，隐含对商品性别适用性的不确定或寻求购买建议。
8572,是一对呀,0,该用户可能是在确认直播中展示的商品是否为成套出售或配对使用的。
8573,杨笠,0,该用户可能在呼唤或提及主播杨笠，表达对这位嘉宾的关注或期待她参与互动。
8574,来看王建国的,0,该用户是冲着主播王建国来的，表达了对主播个人的关注而非对商品的购买兴趣。
8575,主播大气,0,该用户是在夸赞主播慷慨大方，可能因为主播展示了优惠活动或赠送了福利。
8576,抽奖吗,0,该用户可能在询问直播间是否会进行抽奖活动，希望通过参与互动获得福利。
8577,长款羽绒服有没有,1,该用户想询问直播间是否有长款羽绒服在售，并可能对其产生购买兴趣。
8578,是珍珠吗,1,该用户可能是在询问直播中展示的商品材质是否为真珍珠，表现出对产品品质的关注和潜在的购买意向。
8579,国仔的谐音梗是高级的,0,该用户是在夸赞主播王建国的谐音梗幽默有水平，表达了对主播搞笑能力的欣赏和喜爱。
8580,没有小灯泡吗,1,该用户可能在询问直播间是否售卖或展示某款名为“小灯泡”的商品。
8581,不错,1,该用户可能是在对当前展示的商品或主播的解说表示认可和赞赏。
8582,2号熊猫鞋还补货吗,1,该用户是在询问某款名为“熊猫鞋”的商品是否会再次补货，表达了对该商品的购买意向和库存情况的关注。
8583,才两万人啊,0,该用户可能是在感叹直播间观众人数较少，隐含对主播人气或商品吸引力的质疑或失望。
8584,国仔坟头上蹦迪,0,该用户是在调侃主播王建国的谐音梗风格，用夸张的玩笑表达对其幽默方式的喜爱和互动。
8585,智胜了,0,该用户可能是在调侃主播或嘉宾的某个机智表现，用“智胜了”表达对他们巧妙应对或幽默回应的赞赏。
8586,男士190190斤拍什么,1,该用户是在询问身高190厘米、体重190斤的男性适合购买直播中展示的哪款服装或商品。
8587,男主播项链不错啊,1,该用户是在称赞男主播佩戴的项链款式好看，并隐含对商品的兴趣或询问购买意向。
8588,手镯没有了,1,该用户想表达的含义是：询问主播手镯是否已经售罄或不再补货。
8589,上的是哪个大学,0,该用户可能是在询问主播或嘉宾的学历背景，表达对其个人经历的好奇或兴趣。
8590,女主播怎么那么顺眼女的看了都喜欢,0,该用户想表达的含义是：女主播的外貌和气质非常讨喜，连女性观众也会被吸引。
8591,大码没有了,1,该用户想表达的含义是：询问直播中提到的某款大码商品是否已经售罄或不再补货。
8592,兄弟你身上外套链接有吗,1,该用户想表达的含义是：询问主播身上所穿外套的购买链接。
8593,会不会跑绒,1,该用户担心羽绒服的质量问题，询问是否会出现羽绒外漏的情况。
8594,罗老师好久不见,0,该用户是在表达对主播罗老师的亲切问候，暗示对主播的熟悉和关注，可能带有期待主播互动或回忆过往直播的情感。
8595,建国我爱你,0,该用户是在表达对主播“建国”的喜爱和支持，属于互动型弹幕而非明确的购买意向。
8596,大鹏你今天穿了吗,0,该用户可能在询问主播展示的服饰是否为大鹏同款或暗示对大鹏的穿着风格感兴趣。
8597,去重新加载买卫衣去了,1,该用户表示自己决定退出直播间去下单购买卫衣。
8598,三岁穿多大,1,该用户想询问适合三岁儿童的服装尺码或款式推荐。
8599,大局观,0,该用户可能在调侃主播对产品介绍或互动时展现出的全局视角或高情商表现。
8600,试试颜色看看,1,该用户想表达的含义是：想看看商品的实际颜色效果如何。
8601,13号链接花棕色有吗,1,该用户是在询问13号商品链接中花棕色款式是否有货。
8602,王建国呢,0,该用户可能在询问或调侃主播王建国的去向或状态。
8603,爽子的眼睛怎么了,0,该用户可能是对主播“爽子”的外貌变化或状态感到好奇，试图询问其眼睛是否出现异常或不适。
8604,来看文君的,0,该用户可能是主播的粉丝或熟人，专程来直播间支持或打招呼。
8605,黑绷带是精华还是面霜,1,该用户可能在询问产品“黑绷带”的具体品类和功效，想确认它是精华还是面霜以便决定是否购买。
8606,王建国,0,该用户可能在询问或呼唤主播王建国的去向或参与情况。
8607,好看,1,该用户可能是在称赞主播的穿搭或展示的商品款式吸引人。
8608,有单独的神仙水嘛不想要套装,1,该用户希望单独购买神仙水产品，而不想购买包含其他商品的套装组合。
8609,弹幕取消,0,该用户可能是对直播间的弹幕功能感到干扰，希望关闭弹幕显示以便更专注观看直播内容。
8610,女主播好高,0,该用户可能是在夸赞女主播的外形条件出众，表达对主播个人魅力的欣赏而非直接的购买兴趣。
8611,牛油果乳液,1,该用户可能在询问直播间是否有牛油果乳液这款产品，或者对主播正在介绍的牛油果乳液表示兴趣想了解详情。
8612,女主播穿的多大号,1,该用户是在询问女主播所穿衣服的尺码信息，可能有意购买同款。
8613,国仔今天终于肯出门啦,0,该用户可能在调侃主播“国仔”平时不爱露面，今天难得出现在直播中。
8614,在东北当过兵觉得东北挺好的老罗跟王建国好像都是东北的,0,该用户通过提及东北籍主播老罗和王建国，表达对东北背景的认同感，并暗示因地域认同而对直播内容产生兴趣。
8615,爽子再试试黑色,1,该用户希望主播爽子能再次展示黑色款式的商品效果。
8616,你是扣了鼻屎吗,0,该用户可能在调侃或吐槽主播的某个动作或表情显得不雅或滑稽。
8617,罗老师呢,0,该用户可能在询问主播罗老师为何没有出现在直播中，表达了对这位主播的关注或期待其参与互动的意愿。
8618,左手扣右手,0,该用户可能在调侃主播双手交叉或摆弄手指的小动作，暗示其看起来无聊或紧张。
8619,看看LV包,1,该用户想表达让主播展示一下LV包的产品细节或上身效果。
8620,红色的有吗,1,该用户想询问当前展示的商品是否有红色款式可选。
8621,是正品吗,1,该用户可能是在询问直播中所售商品的真实性，担心购买到假冒产品。
8622,榜一了,0,该用户想表达的含义是：自己成为了直播间打赏榜单的第一名。
8623,贫穷限制了我的想象,0,该用户是在感叹直播中展示的商品价格或生活方式超出了自己的消费能力，以自嘲的方式表达了对商品的兴趣但无力购买的无奈。
8624,这蓝色好看,1,该用户对直播中展示的蓝色商品款式表示欣赏和兴趣。
8625,有尘袋和盒子吗,1,该用户是在询问产品是否包含配套的收纳配件（尘袋和包装盒）。
8626,小棕瓶有没有,1,该用户是在询问直播间是否有售卖雅诗兰黛小棕瓶精华产品。
8627,老罗冠军,0,该用户想表达的含义是：称赞主播罗老师在直播中的表现或人气排名第一。
8628,还有凯乐石专场吗,1,该用户可能在询问后续是否会安排凯乐石品牌产品的专场直播活动，表达了对该品牌商品的持续关注和潜在购买意向。
8629,什么时候播美妆专场呢,1,该用户想询问下一次美妆主题直播的具体时间安排，表达了对该类产品的关注和潜在购买意向。
8630,就是那么大的盒子吗,1,该用户可能是在确认商品包装尺寸是否符合预期，表达了对产品实际大小的疑问或关注。
8631,便宜点便宜点便宜点,1,该用户希望通过反复强调价格因素来促使主播提供更优惠的折扣，表现出对当前商品的强烈购买意愿但存在价格敏感心理。
8632,突然不瞌睡了,0,该用户想表达的含义是：被直播内容吸引后精神振奋，困意全无。
8633,2号链接有没有啦,1,该用户想询问2号链接的商品是否还有库存或能否购买。
8634,志胜呢,0,该用户可能在询问直播间中某位名叫“志胜”的主播或嘉宾为何没有出现。
8635,双十一会更划算吗,1,该用户是在询问当前直播间的优惠力度是否不如双十一促销活动，以此判断现在是否值得下单。
8636,717273号链接怎么都一样,1,该用户可能是在疑惑不同商品链接的页面展示或内容为何没有区别，想确认是否有选错或重复上架的情况。
8637,已拍,1,该用户想表达的含义是：我已经下单购买了商品。
8638,四级粉丝都不中我也是醉了,0,该用户因多次参与直播间抽奖却未中奖而感到失望和无奈。
8639,花洒有灰色吗,1,该用户是在询问商品是否有灰色款可供选择。
8640,正平我爱你,0,该用户可能在表达对主播（名为“正平”）的支持或喜爱，而非直接体现购买意向。
8641,脱口秀为什么停播了,0,该用户可能是在询问直播间之前提到的某位脱口秀演员或相关节目为何没有继续出现在直播中，暗示对特定嘉宾或内容的兴趣。
8642,真是没人买这个,0,该用户可能是在质疑产品的受欢迎程度或性价比，暗示商品缺乏吸引力或价格不合理。
8643,这个有盒子吗,1,该用户是在询问商品是否包含包装盒配件。
8644,给力,1,该用户想表达的含义是：对当前直播内容或优惠力度感到满意和兴奋。
8645,多少颗,1,该用户可能是在询问商品的具体数量或规格。
8646,在哪领,1,该用户可能在询问直播间内提到的优惠券或福利的领取方式。
8647,人家能记住8000工资啊,0,该用户可能在调侃或质疑主播之前提到的某个高薪职业的记忆力，暗示“工资这么高怎么连这点信息都记不住”。
8648,55号链接是不是更划算,1,该用户是在询问55号链接的商品是否比其他选项更具性价比。
8649,我每次看罗老师直播间就感觉自己钱挣得少都想买,1,该用户想表达的含义是：罗老师的直播带货太有吸引力，让我总忍不住想花钱，感觉自己的收入跟不上消费欲望。
8650,面膜也不发货要了命了,1,该用户因购买的面膜迟迟未发货而感到焦急不满，抱怨物流问题影响使用体验。
8651,医用的吗,1,该用户可能在询问直播中展示的商品是否为医疗用途或符合医用标准。
8652,大家别问了罗哥一向不准时,0,该用户是在调侃主播经常迟到，暗示直播间的观众不必再追问开播时间的问题。
8653,已拍,1,该用户想表达的含义是：我已经下单购买了商品。
8654,王建国啥时候来,0,该用户可能在询问直播嘉宾王建国的出场时间，表达了对该嘉宾的关注或期待其参与直播互动的兴趣。
8655,有运费险不,1,该用户是在询问商品是否支持退换货时免运费，以降低购买决策的风险。
8656,维密的还卖吗,1,该用户是在询问维多利亚的秘密品牌产品是否仍在售卖。
8657,怎么不卖普拉达,1,该用户可能在表达对直播间未上架普拉达品牌商品的不满或期待，暗示希望主播能提供该品牌的产品。
8658,果然好喝的饮品适合老友叙旧,1,该用户是在称赞饮品品质好，适合社交场合分享。
8659,互期拍不了,1,该用户想表达的含义是：希望和其他观众互相提醒商品即将售罄或下架的情况。
8660,终于等到了李正,0,该用户想表达的含义是：期待已久的主播或产品终于出现了。
8661,手镯手镯,1,该用户可能在催促主播展示或讲解手镯产品，表达对该商品的兴趣和购买意向。
8662,多少克,1,该用户想询问直播中展示商品的重量规格。
8663,建国呢,0,该用户是在询问主播王建国何时会出现在直播间。
8664,爱他美可以追溯查真伪吗,1,该用户是在询问奶粉品牌“爱他美”的产品是否支持通过溯源功能验证真伪，表现出对商品质量和可靠性的关注。
8665,刚才说t恤在哪个直播间,1,该用户想表达的含义是：询问主播刚才提到的T恤在哪个直播间的链接或购买入口。
8666,志胜呢,0,该用户可能在询问某位名叫“志胜”的嘉宾或主播何时会出现。
8667,黄皮啥色号,1,该用户想询问主播展示的产品中适合黄皮肤使用的具体色号。
8668,古驰的还有嘛,1,该用户想询问直播间是否还有古驰品牌的产品在售。
8669,好有夫妻相啊,0,该用户可能是在调侃直播间的两位主播或嘉宾的外貌或互动氛围很般配，暗示他们看起来像一对夫妻。
8670,来看主播的,0,该用户可能是主播的粉丝，专门为了支持或观看主播本人而进入直播间，而非对当前售卖的商品感兴趣。
8671,17385kg尺寸,1,该用户可能在询问商品的重量和具体尺寸参数。
8672,大气,1,该用户想表达的含义是：称赞主播或商品展现出的高端气质或设计风格。
8673,3号是正常码数吗,1,该用户是在询问3号商品的尺码是否与常规标准一致，以便确认购买时的尺码选择。
8674,能不能拉链链接内胆,1,该用户想询问商品的内胆是否配有拉链设计。
8675,老罗威武,0,该用户可能在为直播间的带货表现或主播的个人魅力喝彩，表达对直播氛围的认可与支持。
8676,手感柔软吗,1,该用户可能是在询问当前展示商品的材质触感是否舒适，表现出对产品实际体验细节的关注和潜在购买意向。
8677,玫红色看下,1,该用户想表达的含义是：让主播展示一下玫红色的商品款式。
8678,拍完什么时候发货,1,该用户想确认自己下单后商品的预计发货时间，表现出明确的购买意向和物流时效关注。
8679,建国还和自建联系吗,0,该用户可能在询问主播或嘉宾“建国”和“自建”两人当前是否仍有合作关系或互动往来。
8680,怎么这么便宜,1,该用户对商品价格低于预期感到惊喜，可能产生了购买兴趣。
8681,没了,1,该用户想表达的含义是：刚才提到的商品已经卖完了。
8682,老罗又找到对口的了聊的真嗨呀不卖货了,0,该用户是在调侃主播偏离了带货主题，只顾着闲聊而忘了销售商品。
8683,驾驶员,0,该用户可能在询问直播中提到的某款商品（如服饰或配件）的“驾驶员”款式或设计元素。
8684,国仔,0,该用户可能在呼唤或询问主播“国仔”相关的信息或互动。
8685,我错过了啥,0,该用户可能因为短暂离开或分心，担心错过了重要的商品信息或优惠活动，想快速了解直播间的近期内容。
8686,建国永远下一季冠军,0,该用户是在表达对主播“建国”的支持和喜爱，希望他能在下一季比赛中夺冠。
8687,给李诞带一盒,0,该用户可能在表达想让主播为嘉宾李诞预留或推荐一款产品的意愿。
8688,裤子,1,该用户可能是在询问或要求主播展示当前正在讨论的裤子款式或相关产品信息。
8689,有人爱你了,0,该用户可能在调侃主播与其他人的互动氛围，暗示直播间里有人对主播表现出好感或关注。
8690,没了,1,该用户想表达的含义是：商品已经售罄或抢购一空了。
8691,建国还跟博洋说漫才吗,0,该用户是在询问演员建国是否还会与搭档博洋继续表演漫才（日本喜剧形式），表现出对艺人动态的关注而非购买意向。
8692,为什么重庆不配送呢,1,该用户因所在地区无法收货而感到不满，希望了解配送限制的原因并寻求解决方案。
8693,李正衣服链接呢,1,该用户是在询问主播展示的某件衣服（可能是李正穿着的款式）的购买链接，表明对该商品有明确的购买意向。
8694,17065穿多大码,1,该用户想询问商品编号17065对应的合适尺码。
8695,兄弟你身上外套链接有吗,1,该用户是在询问主播所穿外套的购买链接，表明对这件商品有购买意向。
8696,黄金手镯还有没有,1,该用户是在询问直播间是否还有黄金手镯的库存可供购买。
8697,加库存我要买,1,该用户急切希望商家补货以便自己能成功下单购买商品。
8698,看建国份上我买,0,该用户出于对主播“建国”的喜爱或支持而决定购买产品。
8699,男生可以玫红吗,1,该用户可能在询问玫红色是否适合男性使用或穿着，隐含对该颜色的购买兴趣或搭配建议的需求。
8700,有皇家美素吗,1,该用户是在询问直播间是否有售卖皇家美素这款产品。
8701,主播叫大哥,0,该用户可能在调侃主播与其他观众互动频繁但忽略了介绍商品，暗示主播应该回归带货主题。
8702,喜欢建国,0,该用户想表达的含义是：因为欣赏主播建国的表现而对其推荐的产品产生兴趣。
8703,医用口罩吗,1,该用户是在询问直播中展示的商品是否为医用级别的口罩。
8704,晚上7点蹲建国,0,"该用户想表达的含义是：我会在晚上7点准时观看直播支持建国（或购买建国推荐的商品）。 （解析：结合前文""喜欢建国""""看建国份上我买""等弹幕，可知""建国""是直播间的核心吸引力，用户用""蹲""字既表达守候直播的意愿，也隐含可能产生购买行为。整句体现粉丝对主播/嘉宾建国的支持心态。）"
8705,海蓝之谜海蓝之谜,1,该用户想表达的含义是：询问或强调直播中提到的海蓝之谜产品是否有货或能否购买。
8706,卡其色有吗,1,该用户想询问直播间是否有卡其色的商品在售。
8707,男生肤色黑能用吗,1,该用户是在询问产品是否适合肤色较深的男性使用。
8708,看看女生上脚,1,该用户想表达的含义是：想看看这款鞋子女模特穿上的实际效果。
8709,建国没有化妆的必要了赶快上,0,该用户想表达的含义是：催促主播跳过化妆环节直接上架商品，因为大家对建国（可能是主播或嘉宾）的喜爱已经足够促成购买意愿。
8710,快上围巾,1,该用户急切催促主播尽快上架围巾商品以供购买。
8711,话费充值在哪个链接,1,该用户想询问直播间内话费充值产品的购买入口在哪里。
8712,真货吗,1,该用户对商品的真伪存在疑虑，想确认直播间所售产品是否为正品。
8713,罗老师去脱口秀啊,0,该用户可能在调侃主播的风格幽默风趣，建议他转行去讲脱口秀，侧面表达对直播内容的喜爱和互动氛围的认可。
8714,海蓝之谜,1,该用户可能在询问或表达对“海蓝之谜”产品的兴趣，比如想了解是否有该品牌商品或希望主播介绍相关产品。
8715,今天徐志胜要来,0,该用户想表达的含义是：询问或期待嘉宾徐志胜的出场时间或相关商品信息。
8716,一口价的还是按克的,1,该用户是在询问商品（可能是黄金手镯或其他饰品）的定价方式，是想确认是按固定价格出售还是根据重量计价。
8717,建国呢,0,该用户可能在询问或呼唤主播“建国”何时出现或参与直播互动。
8718,防水吗,1,该用户是在询问产品的防水性能，可能是对产品的实用性或功能细节感兴趣。
8719,神仙水为什么不支持配送呢,1,该用户对“神仙水”这款产品感兴趣，但因无法配送而感到疑惑和不满。
8720,给力,1,该用户想表达的含义是：对直播间的优惠力度或商品推荐感到满意和兴奋。
8721,鹅城张牧之阿玛尼情侣款已经没有啦,1,该用户想表达的含义是：情侣款的阿玛尼产品已经售罄了，感到遗憾或提醒其他人不用再询问。
8722,马蒙有黑链的款吗,1,该用户是在询问直播中展示的马蒙品牌产品是否有黑色链条款式的商品。
8723,他俩播为什么那么甜啊,0,该用户被主播之间的互动氛围感染，觉得两人配合默契、互动有爱，从而产生了观看的愉悦感。
8724,有菁纯和黑绷带面霜吗,1,该用户想询问直播间是否有售卖兰蔻菁纯和赫莲娜黑绷带这两款高端面霜产品。
8725,感觉这个床垫比床都重要,1,该用户想表达的含义是：这款床垫的舒适度和重要性甚至超过了床本身，值得重点关注和购买。
8726,好看想要,1,该用户被直播展示的商品外观吸引，产生了明确的购买意愿。
8727,罗总苹果商品能用吗,1,该用户是在询问罗总推荐或展示的苹果品牌产品是否适合自己使用。
8728,李正还挺苗条呀,0,该用户可能是在调侃或评价主播李正的身材，暗示他看起来比较瘦。
8729,15号,1,该用户可能在询问15号商品的购买链接或相关信息。
8730,绿色我不接受,0,该用户想表达的含义是：对绿色款式的商品不感兴趣或不喜欢。
8731,没拍到,1,该用户想表达的含义是：没抢到刚才直播中提到的商品。
8732,遮毛孔嘛,1,该用户是在询问直播中展示的产品是否能有效遮盖毛孔。
8733,罗老师送我一箱,0,该用户是在半开玩笑地请求主播赠送一箱产品，可能受到直播间的活跃氛围或促销话术的感染，用幽默方式表达对商品的兴趣。
8734,岳云鹏,0,该用户可能在询问或期待岳云鹏是否会出现在直播间参与互动或带货。
8735,初二的男孩15岁可以穿吗,1,该用户是在询问直播展示的商品是否适合15岁初中男生穿着。
8736,老罗笑死我了,0,该用户被主播老罗的幽默表现逗乐，表达了对直播氛围的喜爱和愉悦情绪。
8737,太阳镜不合适能退吗,1,该用户是在询问商品的退换货政策，表现出对购买太阳镜的潜在兴趣但存在顾虑。
8738,有推荐吗,1,该用户可能在询问主播是否有值得推荐的商品或款式。
8739,我要坚持喜欢龙哥20年,0,"该用户是在表达对主播""龙哥""的长期喜爱和支持，而非直接表现出对商品的购买兴趣。"
8740,胖罗爱你哟,0,该用户是在向主播“胖罗”表达喜爱和支持的情感。
8741,可以再上一下手手镯的链接吗,1,该用户希望主播重新上架之前展示过的手镯商品链接以便购买。
8742,拍了,1,该用户想表达的含义是：已经下单购买了商品。
8743,我一定会中福袋的哦,0,该用户想表达的含义是：对参与直播间抽奖活动充满期待和自信。
8744,想看下香槟色,1,该用户想表达对香槟色商品的兴趣，希望主播展示或介绍该颜色的产品。
8745,好看,1,该用户想表达的含义是：对当前展示的商品款式或外观表示赞赏并产生购买意向。
8746,没了,1,该用户想表达的含义是：商品已经售罄或抢购不到了。
8747,大人拍什么,1,该用户可能在询问直播中展示的商品是否适合成年人购买或使用。
8748,身高182体重200能穿吗,1,该用户是在询问商品尺码是否适合自己182厘米身高和200斤体重的体型。
8749,172114呢女生,1,该用户可能在询问适合身高172、体重114斤的女生的产品款式或尺码。
8750,娇韵诗还有吗不回走了,1,该用户因未得到关于“娇韵诗”产品的及时回复而感到不满，暗示若继续无人应答将离开直播间。
8751,15号,1,该用户可能在询问某款商品是否适合15号（如尺码、适用年龄或日期等相关问题）。
8752,有黛珂水乳吗,1,该用户是在询问直播间是否有售卖黛珂品牌的水乳产品。
8753,这是滋润款吗不是说有两款,1,该用户是在询问主播之前提到的两种不同滋润度的产品款式，并确认当前展示的是其中哪一种。
8754,单瓶神仙水,1,该用户想询问直播间是否有单瓶装的神仙水产品在售。
8755,拍了,1,该用户想表达的含义是：我已经下单购买了刚才提到的商品。
8756,何广智何广智何广智何广智何广智何广智了广西何广智何广智何广智何广智何广智何广智何广智何广智和黄志,0,该用户可能在跟风刷屏或表达对主播/嘉宾“何广智”的兴奋支持，但夹杂的无关字词（如“广西”“和黄志”）显示其更可能是无意义的重复输入或键盘误触，而非真实的购买意向表达。  （结合前20条弹幕多为具体商品咨询或购买动作，而该条内容突兀且逻辑混乱，可判定为粉丝情绪化刷屏或误操作）
8757,没号了,1,该用户想表达的含义是：商品库存已售罄，自己没能抢到。
8758,爱建国,0,该用户可能在用昵称或爱称表达对主播或品牌的支持喜爱。
8759,建国蛋蛋赖宝,0,该用户可能在呼唤主播或表达对某个昵称为“建国”“蛋蛋”“赖宝”的人物/产品的喜爱或互动请求。
8760,国仔说句话,0,该用户可能在呼唤主播（国仔）互动或回应某个话题，表达的是对主播的关注或参与直播互动的意愿。
8761,再拍一次,1,该用户想表达的含义是：希望主播重新展示或补货刚才的商品以便再次购买。
8762,不见链接,1,该用户可能在催促主播尽快放出商品购买链接，或表达因未看到链接而无法下单的焦急情绪。
8763,雪琴呢,0,该用户可能在询问或呼唤直播中某位缺席的主播或嘉宾“雪琴”何时出现。
8764,哪里来的枕边人你太瞧得起我了,0,该用户是在用自嘲的口吻否认主播提到的“枕边人”这一亲密关系设定，暗示自己单身或无人陪伴的现状。
8765,22号小麻将看看,1,该用户想表达的含义是：询问主播是否可以展示或介绍22号小麻将商品的相关信息。
8766,宽松,1,该用户可能在询问商品是否有宽松版型或尺码选项。
8767,陕西榆林可以发货啊,1,该用户想确认商品是否支持发往陕西榆林地区，隐含对商品的购买意向或已下单后的物流担忧。
8768,没了,1,该用户想表达的含义是：商品已经售罄或库存没有了。
8769,美女和靓仔,0,该用户可能是在调侃或呼唤主播或其他观众互动，而非直接表达购买兴趣。
8770,建国呢建国呢建国呢建国呢建国呢建国呢建国呢建国呢建国呢建国呢建国呢建国呢建国呢建国呢建国呢建国呢,0,该用户可能在急切呼唤主播或嘉宾“建国”出现，表达对其的关注或期待互动。
8771,正平,0,该用户可能在呼唤或询问主播“正平”（可能是主播昵称、嘉宾名字或产品名），希望得到对方的回应或互动。
8772,穿上试试,1,该用户可能是在催促主播或模特现场展示商品的实际穿着效果，以帮助自己更直观地评估是否值得购买。
8773,罗老师老敏感了,0,该用户想表达的含义是：罗老师对观众的反应或话题变化非常敏锐且善于应对。
8774,黑色看看,1,该用户想表达的含义是：希望主播展示或详细介绍黑色款式的商品。
8775,粉色,1,该用户想表达的含义是：想看看商品是否有粉色款可选。  （结合前文弹幕中频繁出现的颜色相关词如“黑色看看”以及互动性强的购买意向表达，可推断用户是在询问或要求展示粉色选项。）
8776,神仙水,1,该用户可能是在询问或感叹直播中提到的某款护肤品（如SK-II神仙水）的相关信息或效果。
8777,怕漏电,0,该用户可能是在对直播中展示的电子产品（如电动剃须刀、美容仪等）的安全性表示担忧，暗示希望主播能演示或说明产品的防漏电设计。
8778,啥都没有的就别宣传了,0,该用户可能在抱怨直播间宣传的商品迟迟不上架或库存不足，感到失望和不耐烦。
8779,科颜氏淡斑精华有吗,1,该用户是在询问直播间是否售卖科颜氏淡斑精华这款产品，表现出明确的购买意向。
8780,老罗一如既往的彪悍,0,该用户是在称赞主播罗老师（老罗）保持了一贯的鲜明个性和强烈风格。
8781,有没有SKII的两瓶套装神仙水和露得清,1,该用户是在询问直播间是否有SKII神仙水与露得清产品的两瓶组合套装可供购买。
8782,罗翔老师好,0,该用户是在表达对主播罗翔老师的喜爱或打招呼，属于互动型弹幕而非直接购买意向。
8783,粉底液,1,该用户可能是在询问或关注直播中提到的粉底液产品信息。
8784,重庆为什么不支持发货,1,该用户可能是在询问商品是否支持发往重庆地区，表达了对商品的购买意向但受限于物流问题的困惑。
8785,没有抢到,1,该用户想表达的含义是：对未能成功购买到心仪商品感到遗憾和失望。
8786,看看小麻将,1,该用户想表达的含义是：希望主播展示或介绍麻将相关商品。
8787,罗老师情商爆炸无敌,0,该用户是在夸赞主播罗老师的幽默风趣和临场反应能力出众。
8788,老罗还做手机嘛,0,该用户可能是出于对主播过往事业的关注，想询问主播是否还会重返手机行业进行相关产品的推广或销售。
8789,买了去菜市场买,1,该用户想表达的含义是：已经下单购买这款商品，准备带去菜市场使用。  （结合前文弹幕中频繁出现的商品讨论和购买意向，如“神仙水”“科颜氏淡斑精华”“SKII套装”等，可推断用户是在确认购买行为，并提及使用场景“菜市场”，可能是调侃或真实用途。）
8790,讲错话发红包,0,该用户是在调侃主播口误，暗示主播犯错后应该用发红包的方式补偿观众。
8791,俊俊老师,0,该用户可能在呼唤或提及直播间的某位主持人或嘉宾“俊俊老师”，可能是希望对方回应或展示商品。
8792,建国,0,该用户可能在调侃或呼唤主播的名字，类似“老罗”“罗老师”的昵称表达。
8793,建国啊啊啊啊啊啊啊啊啊啊啊啊啊啊啊啊,0,"该用户是在热情呼唤或支持主播""建国""，可能是对其表现感到兴奋或期待互动。"
8794,一样,0,该用户想表达的含义是：我也想要刚才提到的同款商品。
8795,直播间颜色为准吗,1,该用户是在询问直播中展示的商品颜色是否与实物一致，担心存在色差问题。
8796,看看,1,该用户想表达的含义是：想进一步了解当前展示的商品或活动详情。
8797,开一下74号,1,该用户希望主播展示或介绍74号商品。
8798,加点,1,该用户可能是在催促主播增加库存或补货某款商品。
8799,为什么不支持发货,1,该用户想表达的含义是：对当前商品无法配送到自己所在地区（重庆）感到不满和疑惑。
8800,好看,1,该用户可能是在称赞直播中展示的商品外观吸引人，表达了对产品的欣赏和潜在的购买兴趣。
8801,你吧自己想成老罗,0,该用户可能在调侃主播模仿罗永浩的风格或行为。
8802,表带是不是很细的那种,1,该用户想询问表带的宽度是否符合自己的预期或偏好。
8803,iPhone13可以用吗,1,该用户可能是在询问直播中展示的产品或配件是否兼容iPhone13型号。
8804,科颜氏保湿霜,1,该用户可能是对科颜氏保湿霜产生了购买兴趣，想进一步了解产品信息或询问相关优惠。
8805,6号链接还有折扣没上车呀,1,该用户是在询问6号链接的商品是否还有促销活动，并表达了自己尚未参与购买的遗憾。
8806,建国呢,0,该用户可能在询问或呼唤直播中提到的某个角色或人物“建国”，表达对其出现的期待或关注。
8807,欧莱雅面膜还上吗,1,该用户是在询问直播间是否会再次上架欧莱雅面膜这款产品。
8808,没有,1,该用户可能是在简短回应主播关于某产品特性或优惠的询问，表示自己没有相关需求或兴趣。
8809,不买苹果走了,1,该用户可能是在表达对当前直播内容或产品不感兴趣，决定离开直播间去购买其他渠道的苹果产品。
8810,主要是你好看,0,该用户是在夸赞主播的外貌魅力，暗示自己因为主播的吸引力而对直播内容产生兴趣。
8811,太逗了,0,该用户被直播内容或主播的表现逗乐，表达了对当前氛围的轻松认可，但并未直接体现购买意向。
8812,问题来了,0,该用户可能在调侃主播或直播内容中的某个矛盾点，暗示接下来要提出一个关键疑问或吐槽。
8813,10年左右,0,该用户可能在询问商品的保质期或使用寿命是否为10年左右。
8814,裤子讲了了吗,1,该用户是在询问主播是否已经介绍过裤子的产品信息，想了解相关细节或购买链接。
8815,建国呢我是被建国带进来的,0,该用户想表达自己是因主播“建国”的推荐或吸引而进入直播间的。
8816,不解扣直接暴力拆解,0,该用户可能是在调侃或吐槽产品包装设计不合理，暗示拆封过程过于麻烦需要暴力拆解。
8817,讲解,1,该用户可能在催促主播详细讲解当前展示的商品信息或功能。
8818,卡姆出来了,0,该用户可能在询问或期待主播介绍某个名为“卡姆”的产品或人物是否出现在直播中。
8819,没有客服吗,1,该用户可能在询问直播间的客服服务是否在线或可用，暗示对商品有进一步咨询或购买的意向。
8820,宝格丽链长多少谢谢,1,该用户想询问宝格丽项链的具体长度信息以便考虑是否购买。
8821,蓝盒子蓝盒子送个和我来试试,1,该用户想表达的含义是：希望主播赠送或展示蓝盒子产品供自己体验。
8822,有赠品吗,1,该用户是在询问购买商品时是否会附送额外的礼品或优惠赠品。
8823,110尺码4岁可以穿么,1,该用户是在询问某件童装（尺码110）是否适合4岁孩子穿着。
8824,蒂芙尼蒂芙尼蒂芙尼蒂芙尼蒂芙尼蒂芙尼蒂芙尼蒂芙尼蒂芙尼蒂芙尼蒂芙尼蒂芙尼蒂芙尼蒂芙尼蒂芙尼蒂芙尼,1,"该用户可能是在通过重复品牌名称的方式强烈表达对""蒂芙尼""产品的兴趣或催促主播尽快讲解/上架该品牌商品。"
8825,一瞬间真像紫霞仙子,0,该用户想表达的含义是：主播当前的造型或神态与电影中的紫霞仙子形象非常相似。
8826,我就是这样记不住数字,0,该用户可能在抱怨自己记不住产品参数或价格信息，暗示希望主播能更直观地展示关键数字。
8827,手镯上一下吧,1,该用户希望主播尽快展示或介绍手镯这款商品。
8828,没有了,1,该用户可能是在回应主播关于库存或商品是否还有货的询问，表达“商品已经售罄”或“自己想要的款式/尺码没有了”的失望情绪。
8829,不买货了搞吐槽好,0,该用户想表达的含义是：比起推销商品，观众更想听主播幽默风趣的互动和吐槽内容。
8830,国仔越来越帅了,0,该用户是在夸赞主播的外貌魅力，表达对主播个人的喜爱和支持，而非直接体现购买意向。
8831,北面冲锋衣有吗,1,该用户是在询问直播间是否有售卖北面品牌的冲锋衣产品。
8832,这俩CP感好强,0,该用户可能是在评价直播中展示的某对搭档或产品组合的搭配效果很有默契和吸引力。
8833,这是勾开心了,0,该用户想表达的含义是：这个产品让人看了就心动想买。  （结合前文弹幕中频繁出现的品牌名、尺码咨询、赠品询问等购买意向相关讨论，推测“勾开心了”是方言或口语化表达，类似“勾住兴趣/勾起购买欲”的调侃说法，体现用户被产品吸引的心理。）
8834,为什么北京不能拍啊,1,该用户想表达的含义是：对商品无法在北京地区购买或参与活动感到疑惑和不满。
8835,只下单不说话哈哈,1,该用户想表达的含义是：已经完成购买但不想参与互动聊天。  （结合前文弹幕中频繁出现的商品咨询、尺码询问、赠品讨论等购买相关话题，可推断当前直播间氛围以交易为导向；用户用“哈哈”轻松带过，既表明消费行为已达成，又暗示对直播内容无进一步交流需求。）
8836,旁边那个主播要倒了,0,该用户可能在调侃或讽刺直播间氛围混乱，暗示主播因互动失控或场面尴尬而难以维持直播节奏。
8837,王建国呢,0,该用户可能在询问另一位主播或嘉宾（王建国）的去向或为何未出现在直播中。
8838,想看白色篮字,1,该用户想表达的是对商品颜色和款式的具体需求，希望主播展示白色款带蓝色字母的款式。
8839,昨晚卖的铁锅还有么,1,该用户想询问昨晚直播中售卖的铁锅是否仍有库存可供购买。
8840,口红,1,该用户可能是在询问主播是否有口红产品上架或想了解当前展示的口红色号详情。
8841,阿玛尼情侣款手表没有了吗,1,该用户是在询问阿玛尼情侣款手表是否已经售罄，表达了对该商品的购买意向和库存情况的关注。
8842,怎么这么便宜,1,该用户对商品价格明显低于预期感到惊喜或质疑，可能隐含进一步了解或购买的意向。
8843,讲下一个包包啦,1,该用户希望主播尽快介绍下一款包袋产品，表现出对当前品类展示进度不满或对特定商品的期待。
8844,女式黑色有帽子吗,1,该用户是在询问直播间展示的女式黑色外套是否附带帽子款式。
8845,出门没捡钱算丢,0,该用户可能在调侃直播间的优惠力度太大，暗示自己如果不趁机购买就相当于亏钱了。
8846,他俩聊啥呢,0,该用户可能对主播之间的互动内容感到好奇，想了解他们正在讨论的具体话题。
8847,79号还能上不,1,该用户是在询问直播间是否还会补货或再次售卖79号商品。
8848,买4套准备加4个夜班,1,该用户想表达的含义是：打算购买四套产品以备熬夜加班时使用。
8849,赵大爷好帅呀,0,该用户是在表达对主播赵大爷个人魅力的欣赏，而非直接表现出购买意向。
8850,宝格丽慈善款戒指有吗,1,该用户是在询问直播间是否有售卖宝格丽品牌的慈善系列戒指产品。
8851,能放电脑吗,1,该用户可能在询问直播展示的商品（如背包或收纳用品）是否具备容纳笔记本电脑的功能或尺寸。
8852,面膜,1,该用户可能是在询问当前展示的面膜产品信息或表达对面膜的兴趣。
8853,这不是建国么,0,该用户可能在询问或确认主播的身份，表达对主播“建国”的关注或好奇。
8854,安子听我骆哥的,0,该用户可能在呼吁主播“安子”听从另一位用户“骆哥”的购买建议或互动请求。
8855,李正身上的毛衣有吗,1,该用户是在询问主播身上穿的毛衣是否在售。
8856,期待杨笠,0,该用户希望主播杨笠尽快出场或参与直播互动。
8857,没有啦,1,该用户可能在询问某款之前提到的商品是否已经售罄或下架了。
8858,上身瘦下身胖怎么拍一套,1,该用户想询问如何挑选适合自己身材特点（上身瘦、下身胖）的服装搭配套装。
8859,俊帆我要给你生孩子,0,该用户是在以夸张的玩笑方式表达对主播的喜爱和追捧。
8860,11年,0,该用户可能在询问某款商品（如手表或饰品）的库存或生产年份是否为11年。
8861,主播们通宵上班么,0,该用户可能是在询问主播的工作时长，暗示对直播内容的持续关注或对商品补货的期待。
8862,建国眨眨眼,0,"该用户可能在以轻松调侃的方式表达对主播""建国""的喜爱或互动请求，暗示希望主播做出眨眼之类的俏皮表情来活跃气氛。"
8863,经典款,1,该用户可能是在询问主播是否还有经典款式的商品在售。
8864,娇韵诗双萃有吗,1,该用户是在询问直播间是否有售卖娇韵诗双萃精华产品。
8865,这酒入口怎么样,1,该用户想询问这款酒的口感体验如何，以评估是否值得购买。
8866,4还有吗,1,该用户是在询问直播间此前提到的某款商品（编号为4）是否还有库存或能否继续购买。
8867,6号链接,1,该用户想表达的含义是：询问主播6号链接的商品是否还有货或能否购买。
8868,40为什么没有,1,该用户想询问直播间是否还有40号商品或40号链接的库存。
8869,罗老师呢,0,该用户可能在询问主播罗老师为何没有出现在直播中，表达了对特定人物的关注或期待其参与互动。
8870,建国显得好高,0,该用户是在评论主播建国的身高特征，可能带有调侃或称赞的意味。
8871,王建国是谁,0,该用户可能在询问主播或嘉宾“王建国”的身份背景，对其突然出现在直播中感到好奇。
8872,不喜欢能退吗,1,该用户可能是在询问商品的退换货政策，以确认购买后不满意是否可以无风险退货。
8873,王建国绝美,0,该用户是在夸赞主播王建国的外貌或表现非常出色。
8874,这是我们能看的吗,0,该用户可能是在调侃或惊讶于直播内容的开放程度或尺度，暗示当前展示的商品或话题有些超出常规预期。
8875,我是机器人,0,该用户可能是在以幽默自嘲的方式表示自己像机器人一样频繁刷弹幕参与互动。
8876,有没有Carryall有没有Carryall有没有Carryall有没有Carryall有没,1,该用户急切地询问直播间是否有Carryall这款产品，表现出强烈的购买意愿和重复刷屏的迫切需求。
8877,没在抖音,0,该用户想表达的含义是：自己并非在抖音平台观看这场直播。
8878,46号皮带货品保真吗有没有线下售后服务,1,该用户想确认46号皮带商品的真伪保障以及是否提供线下实体店的售后服务。
8879,橱窗怎么是二手文化,1,该用户可能是在质疑橱窗展示的商品为何都是二手物品，而非全新商品。
8880,发不了货,1,该用户可能是在询问或抱怨当前商品无法正常配送，担心购买后无法及时收货。
8881,7点还有五分钟,0,该用户可能在提醒主播或观众距离某个促销活动或商品上架的时间（7点）只剩五分钟，暗示大家做好准备。
8882,面霜有单卖的吗,1,该用户想询问面霜是否可以单独购买，而非必须搭配其他产品购买。
8883,美女是王钰鑫么和我抖音关注那个美女好像的,0,该用户可能是想确认主播的身份，并表达对主播外貌的熟悉感，暗示自己可能因为关注过相似主播而对当前直播产生兴趣。
8884,三件套来一个,1,该用户想表达的含义是：我想要购买当前展示的三件套商品。
8885,三合一看下,1,该用户想表达的含义是：请展示一下三合一产品的详细介绍或试用效果。
8886,5号开价了吗我想拍5号,1,该用户想询问5号商品当前是否开放购买并表达了自己的购买意向。
8887,抢完啦,1,该用户想表达的含义是：心仪的商品已经被抢购一空，感到遗憾或焦急。  （结合前文弹幕中频繁出现的商品链接询问、库存相关提问以及抢购氛围，用户可能因商品秒杀或库存紧张而发出感叹。）
8888,没有这个T恤了,1,该用户想表达的含义是：这款T恤已经售罄了，自己没抢到。
8889,颜色看起来确实很亮,1,该用户可能是在对直播中展示的某款商品颜色表示认可，暗示对其产生了购买兴趣。
8890,紫红,1,该用户可能在询问或评论直播中展示的某款商品的颜色选项，具体指向“紫红色”这一色号。
8891,建国来一段,0,该用户希望主播王建国进行一段才艺表演或互动展示。
8892,老罗你往左边做做快出去了啦,0,该用户是在提醒主播调整镜头位置，避免因坐姿偏移导致出镜影响观看体验。
8893,鹏哥讲投入了,0,该用户可能在调侃主播讲解产品时过于投入，显得夸张或忘我。
8894,170cm150斤拍多少,1,该用户是在询问自己的身高体重（170cm/150斤）适合购买直播中展示的哪个尺码的商品。
8895,M码看着挺大,1,该用户可能在询问M码的实际尺寸是否偏大，或是暗示自己需要更小尺码的参考建议。
8896,吹空调的自由也没有啊,0,该用户可能在抱怨直播间推荐的空调产品价格过高或库存不足，导致自己无法实现购买自由。
8897,绿色,1,该用户可能在询问或评论直播中展示的某件商品的绿色款式或颜色效果。
8898,建国呢,0,该用户可能在呼唤主播“建国”出场或表演，表达对这位主播的关注和期待。
8899,精华精华精华,1,该用户想表达的含义是：对精华产品的强烈兴趣或催促主播详细介绍精华产品。
8900,来看脱口秀,0,该用户可能是被直播间的娱乐氛围吸引，想提醒主播或观众回归脱口秀表演环节。
8901,穿41码拍什么码,1,该用户想询问自己穿41码鞋子应该选择直播中商品的哪个尺码进行购买。
8902,隔离隔离,1,"该用户可能在催促主播展示或介绍某款名为""隔离""的美妆产品（如隔离霜）。"
8903,已拍米色,1,该用户想表达的含义是：我已经下单购买了米色款商品。
8904,前几天买的还不发货,1,该用户想表达的含义是：对之前下单的商品迟迟未发货感到不满和催促。
8905,修什么路,0,该用户可能是在对直播中提到的某个无关话题（如“修路”）表示困惑或不耐烦，暗示主播应该专注于商品介绍而非闲聊。
8906,李正的刘海儿真齐整,0,该用户可能是在夸赞主播或嘉宾的发型好看，表达对直播内容的关注和互动意愿。
8907,给力,1,该用户想表达的含义是：直播内容或优惠活动非常吸引人，让人感到兴奋和满意。
8908,小麻将,1,该用户可能是在询问或表达对直播中提到的“小麻将”款式商品的兴趣，比如想了解详情或表示想购买。
8909,20年旅游套餐不能成行去过的网友说额外消费很多给一些网友已经退费请平等对待消费者爽块退款,0,该用户是在投诉之前购买的旅游套餐存在强制消费问题，要求商家像对待其他已退款的顾客一样给自己办理退款。
8910,有北面吗,1,该用户是在询问直播间是否有售卖“北面”（The North Face）品牌的产品。
8911,耐克鞋呢,1,该用户是在询问直播间是否有耐克鞋的产品展示或售卖。
8912,主播多高,0,该用户可能在询问主播的身高以参考服装尺码或商品展示效果。
8913,刚刚没听见,0,该用户可能因为分心或直播环境干扰错过了主播介绍的关键产品信息，希望主播能重复刚才的内容。
8914,文君长得真像我女朋友,0,该用户可能是想通过夸赞主播的外貌来拉近距离，表达对主播的好感或认同感，以此活跃气氛或引起主播注意。
8915,骆哥好帅啊,0,该用户是在夸赞主播的外貌魅力，表达对主播个人的喜爱和关注。
8916,谐音梗扣钱,0,该用户是在调侃直播间的谐音梗或双关语使用过多，暗示主播应该减少这类玩笑话。
8917,土豪人生,0,"该用户可能是在调侃直播间的消费氛围或商品价格较高，用""土豪人生""来暗指只有经济条件优越的人才能轻松购买这些商品。"
8918,几天没看直播小飞好像胖了啊,0,该用户是在以调侃主播外形变化的方式表达对直播内容的熟悉和关注，侧面反映出其作为老观众对主播的亲近感。
8919,宝格丽项链看一下可以么慈善款,1,该用户想表达的含义是：主播能否展示一下宝格丽的慈善款项链。
8920,五粮液呢,1,该用户是在询问直播间是否有展示或售卖五粮液产品。
8921,试试灰色,1,该用户想表达的含义是：想尝试购买灰色的同款商品。
8922,李爽你刚才干嘛去了啊李爽你刚才干嘛去了啊,0,该用户可能是在催促主播李爽回应或解释刚才的短暂离场，表达了对主播关注和互动的期待。
8923,福利你冲不冲,0,该用户可能在询问主播是否会推出优惠活动或福利商品，并表达了自己对抢购福利的兴趣和期待。
8924,布袋那个单肩包背一下看看,1,该用户希望主播展示单肩包的上身效果以便评估是否购买。
8925,能买两个尺码吗,1,该用户可能对展示的商品感兴趣，想确认是否可以同时购买两种不同尺码的产品。
8926,已拍第四款可以看看吗,1,该用户想表达的含义是：我已经下单了第四款商品，能否让主播展示或详细介绍这款产品。
8927,建国,0,该用户可能在调侃主播的名字或外貌特征，类似于之前弹幕中“文君长得真像我女朋友”“骆哥好帅啊”这类对主播的趣味互动。
8928,只有我付不上款吗,1,该用户因支付系统故障无法完成购买而焦急求助。
8929,多少颗,1,该用户想询问商品的具体数量或规格（例如珠宝的颗数、食品的粒数等）。
8930,早上好,0,该用户可能是在以轻松问候的方式参与互动，试图融入直播间的活跃氛围，或暗示自己刚进入直播间并准备继续观看。
8931,建国,0,该用户可能在呼唤主播或工作人员“建国”的名字，希望对方回应或互动。
8932,锤子好,0,该用户可能是在称赞直播中展示的某款锤子类商品质量好或外观吸引人。
8933,保温杯的配色不错,1,该用户对保温杯的外观设计表示认可，可能产生了购买意向。
8934,俊俊老师爱你哟,0,该用户是在向主播“俊俊老师”表达喜爱和支持的情感，而非直接表现出购买意向。
8935,聊天比卖货有意思多了,0,该用户想表达的含义是：比起直播间的商品推销，他更享受当前轻松互动的聊天氛围。
8936,170110可以穿160码,1,该用户想表达的含义是：询问主播身高170体重110斤的人是否可以穿160尺码的衣服。
8937,我以为139块,1,该用户可能是在对比价格，表达对商品实际售价低于预期的惊讶或疑惑。
8938,你教我们做不善良的良民,0,该用户可能在调侃主播的销售话术过于引导消费，暗示观众被教唆成为表面顺从但实际冲动购物的“伪良民”。
8939,粉色,1,该用户可能是对直播中展示的某款商品（如服饰、配饰或家居用品）的粉色款式产生了兴趣，想进一步了解或希望主播展示粉色款式的实物效果。
8940,裤子还有吗,1,该用户是在询问某款裤子的库存情况，表达了对该商品的购买意向。
8941,北京不能拍,1,该用户想表达的含义是：北京地区不支持购买该商品。
8942,有45吗,1,该用户可能在询问商品是否有45码的尺码可供购买。
8943,Lv粉桶还有吗,1,该用户想询问直播间是否还有Lv粉色水桶包的库存可供购买。
8944,主要水洗不得痔,0,该用户想表达的含义是：这款产品的主要卖点是支持水洗且不会导致皮肤不适。
8945,北京买不了啊,1,该用户想表达的含义是：自己所在的北京地区无法购买直播间的商品。
8946,只想要大红瓶,1,该用户想表达的是对直播中某款红色商品的强烈购买意愿，且只对该特定颜色款式感兴趣。
8947,灰色穿看看,1,该用户想表达的含义是：想看看灰色款式的上身效果。
8948,混合皮怎么用,1,该用户可能在询问主播推荐适合混合性皮肤的护肤品或化妆品的使用方法。
8949,王建国呢,0,该用户可能在询问主播或嘉宾“王建国”的去向或为何未出现在直播中。
8950,dw粉底液有吗,1,该用户是在询问直播间是否有售卖DW品牌的粉底液产品。
8951,男款吗,1,该用户是在询问当前展示的商品是否为男士款式。
8952,刚买的衣服能不能换s码,1,该用户想询问自己刚购买的衣服是否可以更换为更小的尺码。
8953,你好卡地亚戒指是全新吗,1,该用户是在询问卡地亚戒指是否为未使用过的正品，表现出对商品真伪和新旧状态的关注。
8954,能有植村秀的眉笔不,1,该用户是在询问直播间是否会上架植村秀品牌的眉笔产品。
8955,面霜科颜氏有吗,1,该用户是在询问直播间是否有科颜氏品牌的护肤品面霜出售。
8956,海南之谜的面霜是奇迹面霜吗,1,该用户想确认直播中提到的“海南之谜面霜”是否就是市面上俗称的“奇迹面霜”，以判断产品是否符合自己的购买需求。
8957,李正栗色的裤子有链接吗,1,该用户想询问主播展示的某款栗色裤子的购买渠道，表明对该商品有购买意向。
8958,现在直播间的气氛比之前好多了,0,该用户想表达的含义是：相比之前混乱无序的提问氛围，现在直播间互动质量明显提升，观看体验更舒适了。
8959,我这个27岁的大儿童可以穿不,1,该用户是在询问直播展示的某款童趣风格服装是否适合成年人穿着。
8960,那我如果直播中奖了能不能在群里恭喜我,0,该用户希望确认如果中奖后能否在直播群组内公开分享喜讯，以寻求社交认可和互动。
8961,眼镜,1,该用户可能在询问直播间是否有眼镜类商品在售或想了解相关款式信息。
8962,早上好,0,该用户可能是刚进入直播间，以问候语开场试探互动氛围或等待主播回应。
8963,neonoe看看不,1,该用户想表达的含义是：想看看neonoe这款产品的展示或介绍。
8964,有暖手宝吗,1,该用户是在询问直播间是否有暖手宝这款商品出售。
8965,中个福袋吧,0,该用户希望通过参与直播间的抽奖活动获得免费福利。
8966,蓝色看一下可以吗蓝色蓝色蓝色蓝色蓝色蓝色,1,该用户急切地希望主播展示或介绍蓝色款商品。
8967,主播真漂亮大气高端上档次,0,该用户可能是在通过赞美主播的外表和气质来拉近距离，试图引起主播注意以便后续互动或咨询商品信息。
8968,赞赞赞,1,该用户想表达的含义是：对当前直播内容或主播表现表示高度认可和喜爱。
8969,有客厅立式大空调吗求链接,1,该用户正在询问直播间是否有适合客厅使用的大型立式空调并希望获取购买链接。
8970,doublecheck一下,0,该用户想表达的含义是：请主播再确认或重复展示一下刚才提到的商品信息。
8971,王建国我爱你,0,该用户可能是以粉丝身份表达对主播王建国的喜爱和支持，而非直接询问商品信息。
8972,发腮什么猫粮,1,该用户可能在询问直播间是否有适合改善猫咪发腮问题的专用猫粮。
8973,给力,1,该用户想表达的含义是：对直播内容或优惠活动感到满意和兴奋。
8974,王建国可以演甄嬛传嘛,0,该用户可能是在调侃或提议让主播王建国模仿《甄嬛传》中的角色来活跃气氛，以此表达对直播内容的兴趣和参与感。
8975,尺码,1,该用户可能在询问主播当前展示商品的尺码信息或可选尺码范围。
8976,卫裤加绒吗,1,该用户想询问主播展示的卫裤是否带有加绒内衬以便判断其保暖性。
8977,赫本本本,0,该用户可能是想询问或提及与“赫本”风格相关的商品，比如服装或配饰。
8978,我买我买还不行吗,1,该用户是在半开玩笑地表达强烈的购买意愿，可能是被主播的推销话术或直播间氛围感染后做出的互动式回应。
8979,16号链接,1,该用户想表达的含义是：询问或要求查看16号商品链接的详细信息。
8980,我要为王建国买个家,0,该用户想表达的含义是：我想购买王建国代言或推荐的这款家居产品。
8981,围巾,1,该用户可能是想询问或确认直播间是否有围巾商品，表达了对围巾的兴趣或购买意向。
8982,Lv围巾黑色看一下,1,该用户希望主播展示一下Louis Vuitton品牌的黑色围巾商品详情。
8983,打脸来得太快了哈哈哈,0,该用户可能在调侃主播之前对某产品的评价或承诺与实际情况不符，用幽默的方式表达反转的戏剧效果。
8984,上午好,0,该用户可能是在打招呼或活跃气氛，并未直接表达购买意向。
8985,外盒古松设计很好看,1,该用户被商品的外包装设计吸引，表达了对产品外观的欣赏和潜在的购买兴趣。
8986,加库存我要买,1,该用户急切希望直播间增加商品库存以便自己能成功下单购买。
8987,李正身上的毛衣有吗,1,该用户想询问主播或嘉宾身上穿的毛衣是否有同款在售。
8988,雅诗兰黛精华有吗,1,该用户想询问直播间是否有售卖雅诗兰黛品牌的精华产品。
8989,毛衣165103穿多大码,1,该用户想询问直播中展示的编号为165103的毛衣适合什么尺码。
8990,男主播项链有没有链接,1,该用户是在询问男主播佩戴的项链是否可以在直播间购买。
8991,镀金的,1,该用户可能在询问或评价某件商品是否是镀金材质的。
8992,拍了,1,该用户想表达的含义是：我已经下单购买了商品。
8993,cpb还有吗,1,该用户是在询问直播间是否还有“cpb”这款产品库存。
8994,雪碧雪碧雪碧雪碧,1,该用户可能在强烈要求主播展示或介绍雪碧相关产品，表达出明确的购买意向或对雪碧的高度关注。
8995,碎嘴亚瑟士的鞋介绍下,1,该用户想表达的含义是：让主播详细介绍一下亚瑟士品牌的那款碎嘴系列鞋子。
8996,有送小样吗,1,该用户想询问产品是否附带赠品试用装以辅助购买决策。
8997,懵逼了,0,该用户可能因直播信息量过大或商品切换过快而感到一时反应不过来。
8998,毛衣是衣服吗,1,该用户可能是在确认主播提到的“毛衣”是否属于服装类商品，以便进一步了解或购买。
8999,苹果手机有没,1,该用户想询问直播间是否有苹果手机在售或相关产品信息。
9000,好看,1,该用户想表达的含义是：对直播中展示的某件商品的外观表示欣赏和认可。
9001,王建国可以演甄嬛传嘛,0,该用户可能是在调侃主播或嘉宾的形象气质与《甄嬛传》风格不符，以此活跃气氛或表达对直播内容的轻松互动。
9002,黑色,1,该用户可能是询问当前展示的商品是否有黑色款可选。
9003,震惊脸,0,该用户可能是对主播展示的某款商品或直播中的某个戏剧性场面感到意外和惊讶。
9004,这么看建国脸也不大啊,0,该用户可能在调侃主播王建国的外貌，并间接表达对直播内容的兴趣或参与感。
9005,地大物又博来了,0,该用户可能在调侃主播频繁介绍商品时的夸张用词，暗示直播间宣传话术过于浮夸。
9006,优秀,1,该用户想表达的含义是：对当前展示的商品或主播的表现表示高度赞赏和认可。
9007,试下粉色,1,该用户想表达的含义是：想尝试购买或了解粉色款的产品。
9008,买了1号,1,该用户想表达的含义是：已经下单购买了编号为1的商品。
9009,科颜氏,1,该用户可能是想询问直播间是否有科颜氏品牌的产品或相关优惠信息。
9010,老乡我也是你们村的村民,0,该用户想表达的含义是：我也是你们的忠实粉丝或老顾客，想拉近与主播的关系。
9011,建国和蛋蛋,0,该用户可能是对主播或嘉宾“建国”和“蛋蛋”的互动表现感兴趣，想通过提及两人的名字引发更多互动或讨论。
9012,看一下包包里,1,该用户想表达的含义是：想看看包包的内部构造或细节展示。
9013,手表手表啥时候,1,该用户急切询问手表的展示或讲解时间。
9014,小爽的衣服和裤子几号链接,1,该用户想询问主播展示的服装和裤子对应的商品购买链接编号。
9015,有一套的黑白,1,该用户想表达的含义是：询问主播是否有整套的黑白色系商品搭配推荐。
9016,看来新公司不错啊,0,该用户可能是在调侃主播或品牌方的新品或新动态，暗示产品看起来不错或有吸引力。
9017,男172138斤,1,该用户想表达的含义是：询问适合身高172厘米、体重138斤的男性穿着的服装尺码或款式推荐。
9018,黑色3xl没有,1,该用户想表达的含义是：询问黑色款3XL尺码的商品是否已经售罄或没有库存。
9019,志胜呢,0,该用户可能在询问或调侃直播间中某位缺席的嘉宾或主播（如“志胜”）的去向或参与情况。
9020,可以讲讲段子,0,该用户希望主播在介绍商品时穿插一些幽默的段子来活跃气氛。
9021,dunk几时开,1,该用户是在询问某款“dunk”系列产品（可能是鞋或服饰）的上架或开售时间。
9022,看看里面,1,该用户想表达的含义是：想进一步了解商品内部构造或细节展示。
9023,我想要耳机,1,该用户可能是在看到直播中展示耳机产品后，产生了明确的购买意向，希望主播进一步介绍或提供购买链接。
9024,一切磨我,0,该用户可能在表达“所有产品都让我心动想购买”的意思，暗示被直播间的商品全面吸引。
9025,老罗双十一还能买到锤子手机吗老锤粉,1,该用户是在询问主播是否能在双十一期间购买到锤子手机，并表达了自己作为老粉丝对品牌产品的持续关注和购买意愿。
9026,抢到啦,1,该用户想表达的含义是：成功下单了心仪的商品。
9027,什么渠道的,0,该用户可能在询问商品的购买渠道或下单方式。
9028,啥时候发货,1,该用户想询问商品的发货时间，表现出对购买流程的关注和潜在的购买意向。
9029,可惜我是白羊,0,该用户可能是在委婉表达对当前展示的商品不感兴趣或不符合自己的风格偏好。
9030,修丽可色修讲讲修丽可色修讲讲修丽可色修讲讲修丽可色修讲讲,1,该用户迫切希望主播详细讲解修丽可色修产品的功能和特点。  （解析：连续重复同一产品名称是典型的需求强调行为，结合电商直播场景可判断用户对这款护肤品有强烈兴趣，试图通过刷屏引起主播注意要求重点讲解。）
9031,哇哇哇,0,该用户可能因看到心仪商品或惊喜促销而兴奋欢呼，表达强烈的购买兴趣或对直播内容的热情反馈。
9032,罗老师情商爆炸无敌,0,该用户是在称赞主播罗老师的互动表现非常出色，展现了极高的沟通技巧和观众亲和力。
9033,吐槽大会粉丝,0,该用户可能是《吐槽大会》的观众，想确认主播或嘉宾是否与该节目有关联，以此判断直播内容的风格或趣味性。
9034,哈哈哈哈,0,该用户可能被直播间的幽默互动或搞笑内容逗乐，用笑声表达轻松愉快的观看体验。
9035,男主播穿多大号,1,该用户可能在询问男主播所穿服装的尺码信息，以便参考购买同款。
9036,把建国挂小黄车,0,该用户希望主播将名为“建国”的商品上架到购物链接中以便购买。
9037,女主播的衣服有吗,1,该用户是想询问主播身上穿的同款服装是否在售。
9038,热闹,0,该用户想表达的含义是：直播间的氛围很活跃，观众互动热烈。
9039,鞋子播完了吗,1,该用户是在询问直播中展示鞋子的环节是否已经结束，可能对鞋子感兴趣但错过了详细介绍或购买时机。
9040,怎么不能选颜色,1,该用户想表达的含义是：对商品颜色选项不可选感到疑惑或不满。
9041,没得了,1,该用户想表达的含义是：商品已经卖完了。
9042,今天好好看啊爽,0,该用户可能在表达对直播内容或主播表现的兴奋和满意，暗示当前环节很吸引人。
9043,不支持,0,该用户可能是在表达对当前商品或服务的不满或拒绝，例如不支持某种支付方式、促销活动或商品功能。
9044,有羊绒大的吗,1,该用户想询问直播间是否有更大尺码的羊绒产品可供购买。
9045,给力,1,该用户想表达的含义是：对直播内容或优惠力度感到兴奋和满意。
9046,LV腰带介绍下,1,该用户希望主播详细介绍LV腰带的产品信息，可能对其款式、价格或功能有购买意向。
9047,老罗不是不直播了吗,0,该用户可能是在疑惑主播的复播情况，表达对主播回归直播的意外或质疑。
9048,加库存,1,该用户想表达的含义是：希望主播增加当前售卖商品的库存数量。
9049,娇韵诗精华还有吗,1,该用户是在询问直播间是否还有娇韵诗精华这款产品的库存可供购买。
9050,安全座椅哪天有呢,1,该用户是在询问安全座椅产品的具体上架或直播讲解时间，表现出明确的购买意向和需求。
9051,耳饰,1,该用户想询问主播展示的耳饰是否会上架销售或能否介绍详情。
9052,不是说还完债不直播了吗,0,"该用户是在质疑主播为何违背之前宣称的""还完债就停播""的承诺，继续开展直播活动。"
9053,是来灯智胜的,0,该用户想表达的含义是：询问主播是否在介绍或推荐“灯智胜”这款产品。
9054,帽子能拆吗,1,该用户想询问主播展示的帽子是否具备可拆卸的设计或部件。
9055,很好,1,该用户想表达的含义是：对当前展示的商品或主播的表现表示满意和认可。
9056,娇韵诗上,1,该用户想询问主播是否会上架娇韵诗品牌的产品。
9057,好想要Mk的风琴包,1,该用户表达了对MK品牌风琴包的强烈购买欲望。
9058,老罗发红包,0,该用户是在催促主播发放福利或互动红包，以活跃气氛或获取实惠。
9059,呼兰啥时候来,0,该用户可能在询问嘉宾呼兰的出场时间，表达了对这位嘉宾的期待或对直播内容的兴趣。
9060,美的浴霸包安装吗,1,该用户想询问美的浴霸产品是否包含安装服务，以评估购买后的便利性。
9061,视频里你们桌面上都放着黑色,0,该用户可能在询问直播中展示的黑色商品的具体信息或购买方式。
9062,大红瓶开价了吗,1,"该用户是在询问直播间是否已经公布了""大红瓶""这款产品的促销价格。"
9063,龙哥单身有资格睡吗,0,该用户可能在调侃或询问主播是否有资格体验直播中展示的某款与“单身”相关的产品（如床品或生活用品），并隐含对产品适用性的兴趣。
9064,今天都是王炸机制,0,该用户想表达的含义是：今天的促销活动力度非常大，让人心动。
9065,方便,0,该用户可能是在询问当前展示的商品是否便于使用或携带。
9066,男主播东北的吧,0,该用户可能是在调侃或确认男主播的口音或风格带有东北特色，以此拉近距离或活跃气氛。
9067,没货了,1,该用户想表达的含义是：询问或抱怨直播间展示的商品已经售罄。
9068,没拍到,1,该用户想表达的含义是：没抢到刚才直播中提到的商品。
9069,码不全了,1,该用户想表达的含义是：商品尺码或型号的库存已经不齐全了。
9070,女主播穿多大,1,该用户可能是在询问女主播身上所穿服装的尺码信息，暗示对同款商品的购买兴趣。
9071,三合一看下,1,该用户想表达的含义是：希望主播展示一下三合一产品的细节或功能。
9072,建国呢,0,该用户可能在询问直播间中某位昵称为“建国”的主播或嘉宾的去向或何时出现。
9073,颜色看一下,1,该用户想表达的含义是：希望主播展示或详细介绍当前商品的颜色选项。
9074,我要大杯,1,该用户想表达的是对直播中展示的某款杯型商品有兴趣，希望购买大号的规格。
9075,大局观,0,该用户可能在调侃主播或观众过于关注细节而忽略了整体优惠或直播节奏，暗示大家应该从更宏观的角度看待当前的促销活动。
9076,梵克雅宝手链有吗,1,该用户是在询问直播间是否有售卖梵克雅宝品牌的手链产品，表现出对该商品的购买兴趣。
9077,脱5啥时候更新啊,0,该用户是在询问脱口秀节目第五季的更新时间，可能误以为直播间与节目相关或是想通过弹幕互动获取娱乐资讯。
9078,梵克雅宝手链有吗,1,该用户是在询问直播间是否有售卖梵克雅宝品牌的手链产品。
9079,别聊了选我,0,该用户急切希望主播停止闲聊并优先关注自己的购买需求或互动请求。
9080,电费,0,该用户可能在询问直播中展示的商品是否耗电量大或询问与电费相关的使用成本问题。
9081,裤子15天才发吗,1,该用户对裤子的发货时效感到不满或担忧，认为15天的等待时间过长。
9082,175145斤多大码,1,该用户想询问身高175厘米、体重145斤的人适合穿多大尺码的衣服。
9083,赵大爷今天黯然无光是怎么回事安子,0,该用户可能在询问主播或嘉宾“赵大爷”为何今天状态不佳或表现沉闷。
9084,拍不了,1,该用户想表达的含义是：商品无法成功下单购买。
9085,下单了,1,该用户想表达的含义是：我已经成功购买了商品。
9086,建国,0,该用户可能在询问主播或产品相关的某个特定人物“建国”的去向或情况。
9087,这个属于什么茶,1,该用户想询问主播正在介绍的茶叶的具体品类或分类。
9088,gap米色还有嘛,1,该用户是在询问直播间是否还有Gap品牌的米色商品库存。
9089,徐志胜同款吗,0,该用户是在询问直播展示的商品是否为喜剧演员徐志胜曾经穿戴过的同款产品。
9090,米色白色,1,该用户想询问直播间展示的商品是否有米色或白色的款式可选。
9091,有眼影吗,1,该用户是在询问直播间是否有眼影产品在售或展示。
9092,说实话还是老罗直播间看的舒服,0,该用户想表达的含义是：相比其他直播间，自己更喜欢这个主播的直播风格和氛围。
9093,谢谢,0,该用户可能是在收到主播的解答或帮助后，礼貌性地表达感谢。
9094,毛衣咖色看看,1,该用户想表达的含义是：我想看看咖色毛衣的实物展示或详细介绍。
9095,国仔不会准备拿去送雪琴吧,0,该用户可能在调侃主播展示的商品可能是准备送给另一位知名人物（雪琴）的礼物，以此表达对商品用途的好奇或对主播人际关系的玩笑式猜测。
9096,冬天还没有保温杯去年的已经不保温了,1,该用户想表达的含义是：我需要购买一个新的保温杯来替换去年已经不保暖的旧款。
9097,36C该买哪个号呢,1,该用户是在询问自己适合购买的具体尺码，表现出对商品的实际购买意向。
9098,能不能移开王建国挡着我看李正了,0,该用户希望镜头能调整角度，因为当前画面中王建国挡住了他想看的李正。
9099,建国啊,0,该用户可能在调侃或抱怨主播王建国挡住了直播画面中的其他内容或人物。
9100,建国你的雪琴呢,0,该用户可能在调侃或询问直播中提到的“王建国”与“李雪琴”的互动或关系，表达对两人同框出现的期待或好奇。
9101,看下背后,1,该用户想让主播展示商品的背面细节。
9102,穿一下,1,该用户想表达的含义是：让主播试穿展示一下商品效果。
9103,理肤泉还有不,1,该用户想询问直播间是否还有理肤泉产品在售。
9104,李正平,0,该用户想表达的含义是：希望镜头能聚焦到主播李正平身上，不要被其他人挡住视线。
9105,哈哈哈,0,该用户可能被直播间的幽默互动或搞笑内容逗乐，用“哈哈哈”表达轻松愉快的情绪，而非直接表达购买意向。
9106,建国社恐,0,该用户想表达的含义是：王建国的表现显得有点社交恐惧症的样子。
9107,复读机吗就哎哎哎的,0,该用户可能在吐槽主播或观众频繁重复无意义的语气词“哎哎哎”，认为互动内容缺乏实质信息显得单调乏味。
9108,王建国呢走啦,0,该用户可能在询问或调侃主播王建国的去向，暗示他暂时离开了镜头或直播间。
9109,这俩大高个儿,0,该用户可能在调侃或关注直播中两位身高突出的参与者或主播。
9110,致胜呢,0,该用户可能在询问或调侃某个名叫“致胜”的人是否在场或为何没有出现。
9111,会不会掉漆,1,该用户可能是在询问商品（如饰品或金属制品）的耐用性，担心长期使用后会出现掉漆问题。
9112,去重新加载买卫衣去了,1,该用户表示自己决定退出直播间去下单购买刚才展示的卫衣。
9113,蓝色试一下,1,该用户想表达的含义是：让主播试穿或展示蓝色的商品款式。
9114,建国加油,0,该用户是在给主播王建国加油打气，表达支持和鼓励。
9115,李正身上的毛衣有吗,1,该用户想询问主播身上穿的毛衣是否在售。
9116,180斤,1,该用户可能在询问适合180斤体重的服装尺码或产品推荐。
9117,新手,0,该用户可能是想询问作为新手该如何选择或使用直播中推荐的产品。
9118,女款有没有立领,1,该用户想询问直播展示的商品中是否有女性款式的立领设计服装。
9119,尺码怎么选,1,该用户想表达的含义是：询问商品的具体尺码选择建议以便购买。
9120,小爽的衣服和裤子几号链接,1,该用户想询问主播展示的服装套装中上衣和裤子的对应商品购买链接编号。
9121,内里什么料,1,该用户想询问产品内部使用的材质或面料成分。
9122,王建国超级喜欢你,0,该用户是在表达对主播王建国的喜爱和支持，可能是希望引起他的注意或互动。
9123,啊盆儿我来啦,0,该用户是在热情地向主播王建国打招呼，表达对其的喜爱和支持。
9124,我的六个女朋友都在直播间你们过分了这单价的品,0,"该用户是在以夸张幽默的方式表达对直播商品价格的惊讶或不满，暗示主播推荐的单价过高以至于自己需要为多位""女友""买单。"
9125,马上开抢,1,该用户想表达的含义是：准备立即参与抢购直播间的商品。
9126,看看其他颜色,1,该用户想表达对当前展示商品其他颜色款式的兴趣，希望主播切换展示或介绍其他可选颜色。
9127,讲解,1,该用户可能是在催促主播详细讲解当前展示的商品信息或某个具体问题。
9128,国仔和老罗穿的衣服是一样的,0,该用户可能是在询问或注意到主播与另一位人物穿着同款服装，暗示对这件衣服的兴趣或想确认是否有同款在售。
9129,龙哥龙哥,0,"该用户可能在热情呼唤主播""龙哥""以询问商品信息或表达支持。"
9130,想跟宝贝贴贴,0,该用户想表达对直播中某件商品的喜爱，并暗示有亲密接触或拥有的愿望。
9131,撤了,0,该用户想表达的含义是：我先离开直播间了。
9132,建国是在演哑剧吗,0,该用户可能在调侃主播王建国互动较少或讲解不够生动，像是在无声表演。
9133,哈哈哈,0,该用户可能被直播间的幽默互动或搞笑场景逗乐，用笑声表达轻松愉快的观看情绪。
9134,用电怕漏掉,0,该用户可能是担心产品存在漏电的安全隐患，想确认产品的用电安全性。
9135,爱国巴,0,该用户想表达的含义是：支持主播王建国的爱国情怀或对其爱国形象的昵称。
9136,海蓝之谜精粹水啥时候上啊,1,该用户是在询问某款护肤品（海蓝之谜精粹水）的具体上架时间，表现出明确的购买意向和期待。
9137,43号onethego看下,1,该用户想表达的含义是：让主播展示或详细介绍43号链接的onethego这款商品。
9138,没有没有美白精华吗,1,该用户是在询问直播间是否会上架美白精华产品，表达了对这类商品的购买兴趣和需求。
9139,小棕瓶有吗,1,该用户想询问直播间是否有售卖雅诗兰黛小棕瓶精华产品。
9140,男士没有连帽款,1,该用户是在询问或指出当前展示的服装款式缺少适合男性的连帽设计。
9141,有没有巴比龙,1,该用户可能在询问直播间是否有某款名为“巴比龙”的商品或相关产品信息。
9142,罗老师你喝的什么,0,该用户可能是对主播正在展示或饮用的产品产生了兴趣，想询问具体品牌或商品信息以便购买。
9143,建国好棒,0,该用户可能在表达对主播“建国”的喜爱或对其表现的赞赏，暗示对直播内容或推荐商品的兴趣。
9144,有的,0,该用户想表达的含义是：认同或确认直播间中提到的某个商品或信息确实存在。
9145,智胜了,0,该用户想表达的含义是：被主播的推荐说服了，决定购买这款产品。
9146,这是多大,1,该用户想询问直播中展示的商品的尺寸规格。
9147,晦气山,0,该用户可能在表达对直播内容或主播表现的不满或失望情绪。
9148,135斤女士买多大,1,该用户想询问适合体重135斤女性的服装尺码推荐。
9149,哈哈,0,该用户可能是被直播中的搞笑互动或主播的幽默表现逗乐了，用简单的笑声表达轻松愉悦的情绪。
9150,有尘袋和盒子吗,1,该用户是在询问产品是否附带收纳配件（尘袋和包装盒）。
9151,太便宜了不喝,0,该用户是在用反讽的语气表达对产品价格的质疑，认为价格过低可能影响商品品质或可信度。
9152,三合一看下,1,该用户想表达的含义是：请展示一下三合一产品的详细介绍或实物展示。
9153,我母鸡呀,0,"该用户想表达的含义是：我不清楚/不知道（关于当前直播讨论的商品信息）。  （结合前文语境，直播间弹幕多为询问商品细节或互动调侃，""我母鸡呀""是粤语发音的谐音，在此处更可能是用户对他人提问的回应或表达自己对某问题的茫然，语气偏向轻松随意。）"
9154,建国见过,0,该用户可能在用谐音梗调侃主播的名字或外貌，类似“见过”的发音玩笑。
9155,软不软,1,该用户可能在询问直播中展示的某件商品（如服装或家居用品）的材质柔软度如何。
9156,建国和李诞,0,该用户可能在询问或提及直播中出现的两位人物（建国和李诞）的相关信息或互动内容。
9157,建国,0,该用户可能在表达对直播中出现的角色“建国”的喜爱或互动兴趣。
9158,龙哥每次新疆不配送呀,1,该用户想表达的含义是：对新疆地区无法收货感到遗憾和不满。
9159,龙哥现在都不知道用什么手机了,0,该用户可能在询问主播当前使用的手机型号，并隐含对产品推荐或购买参考的兴趣。
9160,没有,0,该用户是在否定或否认前文提到的某个商品属性或购买选项。
9161,上午好,0,该用户可能是在打招呼或参与直播间的互动氛围，并无直接表达购买意向。
9162,原地结婚,0,该用户可能是在调侃或起哄，表达对直播中互动的主播或嘉宾之间默契或亲密感的戏谑支持。
9163,有没有包装盒和袋子呢,1,该用户是在询问商品是否附带包装盒和手提袋等配件。
9164,老罗这是苹果三代的耳机吧,1,该用户是在确认直播中展示的产品是否为苹果AirPods第三代耳机。
9165,榜五大哥来了,0,该用户想表达的含义是：直播间的打赏排行榜第五名的观众进入直播间了。
9166,34b选什么尺码,1,该用户想询问适合34B胸围的服装尺码选择建议。
9167,看看里面,1,该用户可能是对主播展示的商品内部结构或细节感兴趣，想进一步查看产品的内部情况。
9168,19号,1,该用户可能是在询问或确认直播中提到的某个商品（如服饰、鞋包等）的尺码或款式编号，具体指向19号选项。
9169,宽松,0,该用户可能在询问服装的版型是否属于宽松款式。
9170,有雅诗兰黛小棕瓶精华吗,1,该用户是在询问直播间是否售卖雅诗兰黛小棕瓶精华产品。
9171,炫身材,0,该用户可能在询问主播展示的服装或产品是否适合凸显身材效果。
9172,长度多少,1,该用户可能在询问直播中展示的某件商品的尺寸或长度信息。
9173,包包,1,该用户可能是想询问或确认直播中展示的包包的相关信息，比如款式、价格或材质等。
9174,主播们通宵上班么,0,该用户可能是好奇主播的工作强度，并隐含对直播持续时间的关注，以此判断自己能否继续观看或等待心仪商品上架。
9175,中个奖呗,0,该用户希望通过参与直播间的抽奖活动获得奖品。
9176,59两个,1,该用户想表达的含义是：询问当前促销商品是否可以用59元的价格购买两件。
9177,小棕瓶有嘛,1,该用户想询问直播间是否有售卖雅诗兰黛小棕瓶产品。
9178,李正有一米九吗,0,该用户可能在询问主播或嘉宾的身高细节，以此评估服装或商品的尺码是否合适。
9179,海蓝之谜买不了哭了,1,该用户因无法购买海蓝之谜产品而感到遗憾和失望。
9180,手表在几号,1,该用户想询问直播中展示的手表的具体上架或发售日期。
9181,娇韵诗有吗,1,该用户是在询问直播间是否有销售娇韵诗品牌的产品。
9182,嗨锅仔,0,该用户可能在呼唤主播或询问某款名为“嗨锅”的产品信息。
9183,又买了一套,1,该用户想表达的含义是：自己已经再次购买了直播间的某款产品。
9184,女生162116穿多大,1,该用户想询问身高162厘米、体重116斤的女生适合穿什么尺码的衣服。
9185,最近有没有茉莉花茶,1,该用户是在询问直播间是否会上架或推荐茉莉花茶产品，表现出对这类商品的潜在购买意向。
9186,小黑瓶,1,该用户可能在询问直播间是否有兰蔻小黑瓶精华产品。
9187,大局观回来吧,0,该用户希望主播重新聚焦介绍产品信息或优惠活动，不要偏离购物主题。
9188,焦糖色,1,该用户可能在询问主播展示的商品是否有焦糖色这个颜色选项。
9189,海蓝之谜,1,该用户可能是在询问直播间是否有海蓝之谜的产品，或是表达对该品牌的兴趣和关注。
9190,让我看私信倒是给解决呀,0,该用户因购买意向未得到及时回应而感到不满，催促客服尽快处理其私信中提出的商品咨询或订单问题。
9191,哈哈哈哈哈哈,0,该用户可能是在对主播或直播间内的搞笑互动或意外状况感到有趣而发出的轻松笑声。
9192,建国哈哈哈哈哈,0,该用户可能是在对主播或直播间其他观众的幽默互动或搞笑内容感到开心，用笑声表达轻松愉快的情绪，并无明确的购买意向。
9193,老罗看到就直接送这位朋友了,0,该用户可能在调侃主播大方，暗示自己希望被选中获得赠品。
9194,沈阳发不了吗,1,该用户是在询问商品是否支持发货到沈阳地区。
9195,为什么不敢播,0,该用户可能在质疑主播为何回避展示或讲解某些热门商品（如海蓝之谜、娇韵诗等被频繁提及的产品），认为主播刻意躲避观众需求。
9196,浮力小火车来喽拼手速,0,该用户可能在催促主播加快发放福利或参与限时抢购活动，表达了一种急切想抢到优惠的参与意愿。
9197,王建国呢,0,该用户可能在询问主播或其他观众为何没有看到常驻嘉宾王建国出现在直播中。
9198,建国那个钱可以直接给我,0,该用户可能在暗示主播或商家兑现之前承诺的优惠或赠品，希望直接获得相应的福利或折扣。
9199,绿色的,1,该用户可能在询问或评论直播中展示的某款商品是否有绿色款式可选。
9200,今天有没有手镯,1,该用户想询问直播间今天是否有手镯类商品上架或促销。
9201,PDD同款99包邮,1,该用户可能在暗示直播间商品价格偏高，希望主播提供与拼多多同款商品类似的优惠价格和包邮服务。
9202,老罗好久没见了,0,该用户是在表达对主播许久未露面的惊喜和怀念，同时暗示期待主播回归或参与互动。
9203,情侣档又开始了,0,该用户可能在调侃主播和搭档频繁互动或合作带货的模式，暗示他们又开始以情侣或搭档身份进行推销。
9204,主播好温柔,0,该用户可能是在主播耐心解答或互动后，对其亲和力表示好感，但并未直接表现出购买意向。
9205,刺挠,0,该用户可能是在用方言或网络用语表达对某件商品（如衣物或配饰）的材质或穿着感受的不满，暗示觉得产品让人皮肤发痒或不舒适。
9206,没货,1,该用户可能是在询问或抱怨直播间展示的商品已经售罄无法购买。
9207,黄金手镯还有吗,1,该用户是在询问直播间是否还有黄金手镯的库存可供购买。
9208,熨斗,1,该用户可能是在询问直播间是否有熨斗商品上架或促销活动。
9209,爽子太难了,0,该用户可能在调侃主播或嘉宾的处境艰难，表达一种同情或幽默的围观心态。
9210,没了啊,1,该用户想表达的含义是：商品已经售罄了。
9211,lv的围巾为什么和官网差不多,1,该用户可能是在质疑直播间LV围巾的价格与官网相近，缺乏优惠吸引力，暗示对当前促销力度不满或期待更低的折扣。
9212,看下LV的小麻将,1,该用户希望主播展示或介绍LV品牌的小型麻将包款式。
9213,小棕瓶上一波吧,1,该用户希望主播再次上架雅诗兰黛小棕瓶产品进行销售。
9214,新疆为啥不发货,1,该用户想询问直播间的商品是否支持发往新疆地区。
9215,没皮的吗都是革的,1,该用户可能在质疑直播中展示的皮具商品并非真皮材质，而是人造革的。
9216,运营可恶,0,该用户可能是在抱怨直播间运营方的安排或服务存在问题，比如福利活动不透明、商品信息混乱或发货政策不合理等。
9217,上龙哥,0,该用户可能在催促主播展示或讲解某款带有“龙”元素的商品（如龙纹手镯、龙形挂饰等）。
9218,北京西城不可以送吗,1,该用户是在询问北京西城区是否属于该商品的配送范围。
9219,好看,1,该用户可能是在称赞当前展示的商品款式或外观吸引人。
9220,建国好瘦呀,0,该用户可能是在夸赞主播或嘉宾的身材苗条，表达一种欣赏或调侃的态度。
9221,起静电吗,1,该用户是在询问商品材质是否容易产生静电问题。
9222,干啥的,0,该用户可能是在询问当前直播中展示或讨论的商品具体是什么用途或功能的。
9223,酒就算了吧拿回去送李诞吧,0,该用户想表达的含义是：对这款酒不感兴趣，认为更适合作为礼物送给李诞这类人。
9224,李正平爱你哦,0,该用户可能是以轻松调侃的语气表达对主播或商品的喜爱和支持。
9225,君姐威武,0,该用户是在用夸赞主播的方式表达对直播内容的认可和参与互动的热情。
9226,嗷嗷,0,该用户可能是被直播间的活跃氛围感染，兴奋地发出无具体意义的感叹声，类似于“哇”或“好激动”。
9227,怎么没有链接了,1,该用户可能在询问为何无法找到之前提到的商品购买链接，表达了对某件商品的购买意愿或对直播中链接消失的困惑。
9228,没有啦,1,该用户想表达的含义是：商品已经售罄或库存没有了。
9229,质疑我郑州的防疫能力吗,0,该用户可能是在对直播中提到的地区限制发货政策（如前面弹幕提到的“新疆为啥不发货”“北京西城不可以送吗”）表示不满，借防疫话题反讽商家的区域性销售限制。
9230,保价双十一嘛,1,该用户是在询问商品是否享有与双十一相同的价格保障政策。
9231,今天晚上有红腰子吗,1,该用户是在询问直播中是否会售卖资生堂红腰子精华产品。
9232,给媳妇也得买一个,1,该用户看到直播中展示的商品后，产生了为配偶购买同款的消费意愿。
9233,200斤的小朋友,0,该用户可能是在调侃或自嘲自己的体型较大，暗示自己也需要购买适合大尺码的商品。
9234,有它是不是可以不用买床了,1,该用户可能在询问该产品是否具备替代床的功能或实用性，暗示对产品用途的浓厚兴趣和潜在购买意向。
9235,没抢到,1,该用户想表达的是对未能成功购买到心仪商品的遗憾和急切心情。
9236,想看女生穿黑色,1,该用户可能对展示的黑色款式女装感兴趣，希望看到实际穿搭效果以决定是否购买。
9237,主播穿的是多大的啊,1,该用户是在询问主播所穿服装的具体尺码信息，可能有意购买同款。
9238,三号看一下吧,1,该用户可能是对直播中展示的某件商品（编号为三号）产生了兴趣，希望主播能详细讲解或展示该产品。
9239,建国,0,该用户可能在呼唤主播或提及直播间的某个相关人物或产品昵称“建国”，表达关注或互动意愿。
9240,185斤男生是不是穿不了啊,1,该用户是在询问产品尺码是否适合体型较胖的男性穿着。
9241,裤子有吗,1,该用户是在询问直播间是否有裤子这款商品在售。
9242,兄弟们榜二就是重新加载,0,该用户是在提醒其他观众注意直播间礼物榜排名第二的观众“重新加载”这个账号。
9243,已拍,1,该用户想表达的含义是：我已经下单购买了商品。
9244,会有科颜氏白泥嘛,1,该用户是在询问直播间是否会上架科颜氏白泥这款产品。
9245,黑色,1,该用户可能是询问或建议展示某款黑色商品的具体效果。
9246,主播穿了吗,1,该用户是在询问主播是否亲自试穿了当前展示的商品，以了解实际穿着效果或尺码参考。
9247,建国不说话,0,该用户可能在催促或调侃主播“建国”尽快互动或介绍产品。
9248,已拍,1,该用户想表达的含义是：我已经下单购买了这款商品。
9249,没了吗,1,该用户可能是在询问直播中提到的某款商品是否已经售罄或下架。
9250,南京,0,该用户可能是在询问主播身上穿的衣服或展示的商品是否来自南京的品牌或产地。
9251,neverfull有么,1,该用户是在询问直播间是否有售卖路易威登的Neverfull手袋。
9252,地址不配送,1,该用户想表达的含义是：自己所在的地区不在商品的配送范围内。
9253,科颜氏还上不上,1,该用户是在询问科颜氏的产品是否还会在直播中继续上架售卖。
9254,无所谓我也是还是摄影师呢,0,该用户想表达的含义是：我对这款产品并不在意，因为我自己就是摄影师（可能暗示自己专业或不需要此类商品）。
9255,王建国走了,0,该用户可能是在询问或感叹主播王建国为何突然离开直播画面或停止互动。
9256,志胜走了,0,该用户可能在表达对某位主播或嘉宾（志胜）离场的不满或遗憾，暗示直播内容吸引力因此下降。
9257,俩主播好配,0,该用户可能是在调侃或感叹两位主播的互动氛围或外形搭配很和谐。
9258,毛衣咖色看看,1,该用户想表达的含义是：想看看主播展示咖色毛衣的实物效果。
9259,让人意外哈精致女哈才知道抹胳膊肘和膝盖,0,该用户想表达的含义是：没想到这款产品还能用于护理胳膊肘和膝盖这些细节部位，挺精致的。
9260,黑色,1,该用户可能在询问或确认当前展示的商品是否有黑色款可选。
9261,保真吗,1,该用户是在询问商品是否为正品，表达了对产品质量真实性的顾虑和潜在的购买意向。
9262,已拍,1,该用户想表达的含义是：我已经下单购买了这款商品。
9263,坐等建国,0,该用户可能在期待主播“建国”回归直播间或希望他参与互动。
9264,水桶包已拍,1,该用户想表达的含义是：我已经下单购买了刚才提到的水桶包。
9265,34号链接直接可以拍吗,1,该用户想确认34号商品链接是否已开放购买通道，以便直接下单。
9266,5瓶凑一个,1,该用户想表达的是打算批量购买5瓶商品以凑单或享受优惠。
9267,材质,1,该用户可能在询问当前展示商品的材质详情，表现出对产品质量的关注和潜在的购买兴趣。
9268,被发现了,0,该用户想表达的含义是：自己的购买意图被主播或其他观众看穿了。
9269,包包可以装下笔记本吗包包可以装下笔记本吗,1,该用户是在询问这款包包的容量是否足够容纳笔记本电脑，表现出对产品实用功能的关注和潜在的购买意向。
9270,围巾多少钱,1,该用户对围巾的价格感兴趣，有意向了解商品详情以便考虑购买。
9271,不化妆都这么美,0,该用户是在夸赞主播的自然美貌，暗示对主播或产品的好感与信任。
9272,查水表,0,该用户可能在调侃主播或观众发言内容过于琐碎，像是在例行检查或记录信息。
9273,我这个27岁的大儿童可以穿不,1,该用户是在询问某件商品是否适合自己这个年龄段的成年人穿着，隐含对商品风格的兴趣和购买意向。
9274,神仙水,1,该用户可能在询问或称赞直播间推荐的某款护肤品（如SK-II神仙水）的相关信息或效果。
9275,主播的裤子是什么,1,该用户想询问主播所穿裤子的购买链接或商品详情。
9276,国仔前天罗老师给志胜安排了一堆山货,0,该用户是在调侃主播之前的互动安排，暗示国仔（主播）效仿罗老师给志胜（另一位主播）推荐山货的带货模式。
9277,里外面料一样的吗,1,该用户想询问商品的内外层面料是否采用相同的材质。
9278,滋润的还是哑光,1,该用户想询问产品是滋润款还是哑光款，以判断是否符合自己的使用需求。
9279,建国你要是被挟持了就眨眨眼,0,该用户是在用幽默的方式暗示主播的推销行为显得不自然，像是在被迫营业。
9280,想要,1,该用户看到心仪商品后产生了明确的购买欲望。
9281,拍了,1,该用户想表达的含义是：我已经下单购买了商品。
9282,39上可以吗,1,该用户是在询问商品价格能否优惠到39元。
9283,哈哈哈哈哈哈哈,0,该用户可能被直播间的幽默互动或搞笑场景逗乐，用笑声表达轻松愉悦的情绪而非直接购物意向。
9284,心颤的黄贺,0,该用户可能是被主播展示的某款商品（如黄贺色的包包或服饰）所吸引，表达内心因喜爱而产生的悸动情绪。
9285,围巾开价了吗,1,该用户是在询问围巾是否已经进入价格公布或开放购买的环节。
9286,主播试试150看看,1,该用户想让主播试穿或展示150尺码的商品效果。
9287,男的也跟着正里正气了,1,该用户可能是在调侃主播或某位男性观众突然表现得一本正经，与之前轻松活泼的直播氛围形成反差。
9288,小麻将,1,该用户可能在询问主播展示的商品中是否有小型麻将套装或相关配饰。
9289,正品吗,1,该用户可能在询问商品是否为官方授权渠道的正品，反映出对产品质量和来源的关切。
9290,三巨头,0,该用户可能在调侃直播间里频繁被提及的三个热门商品或人物（如主播、助播和某个标志性产品），以幽默方式概括当前讨论焦点。
9291,153120斤,1,该用户想表达的含义是：询问主播自己身高153厘米、体重120斤是否适合穿展示的服装款式。
9292,需要什么买什么,1,该用户想表达的含义是：跟着直播推荐直接下单购买需要的商品。
9293,爽姐憋不住笑了,0,该用户是在调侃主播因某个搞笑互动或弹幕内容而忍不住笑场。
9294,文君美爆了,0,该用户是在夸赞主播（文君）的外貌或造型非常出众，表达了对主播个人魅力的欣赏而非直接的购买意向。
9295,想看里面那件,1,该用户想表达的是对主播展示的某件内搭服装产生了兴趣，希望主播能详细展示或介绍。
9296,想看,1,该用户想表达对直播中某件商品的兴趣，希望主播展示或详细介绍。
9297,换下一个吧,1,该用户可能对当前展示的商品不感兴趣，希望主播尽快切换其他产品进行介绍。
9298,痔疮能用呢,1,该用户可能在询问直播中展示的产品是否适用于治疗或缓解痔疮问题。
9299,神仙水保真吗,1,该用户是在询问直播所售的“神仙水”是否为品牌正品，核心诉求是确认商品 authenticity 以决定是否购买。
9300,关注,0,该用户想表达的含义是：我想订阅这个直播间以便后续继续关注商品信息。
9301,贴贴,0,"该用户想表达对主播或直播内容的喜爱和亲近感，类似于网络用语中的""抱抱""或""亲亲""。"
9302,阿玛尼,1,该用户可能是想询问主播是否在介绍或展示阿玛尼品牌的产品。
9303,眼霜还有货吗,1,该用户是在询问眼霜的库存情况，表现出明确的购买意向。
9304,主播可以试穿吗,1,该用户希望主播实际展示商品的穿着效果以便更好地评估是否购买。
9305,喜欢罗老师,0,该用户是在表达对主播罗老师的个人喜爱和支持。
9306,雪国列车,0,"该用户可能在询问或提及直播中展示的某款名为""雪国列车""的商品或联名系列。"
9307,居然能穿上身材可以啊,0,该用户想表达的含义是：对主播试穿效果的认可，认为商品上身效果不错。
9308,coach腰带有吗,1,该用户是在询问直播间是否有售卖Coach品牌的腰带产品。
9309,王建国,0,该用户可能在呼唤或提及主播团队中的某位成员“王建国”，希望其参与互动或解答问题。
9310,罗老师呢,0,该用户可能在询问主播罗老师为何没有出现在当前直播画面中，表达了对这位主播的关注或期待其继续参与互动。
9311,这么调侃程璐思文真的好吗,0,该用户可能是在质疑主播对程璐和思文的玩笑是否恰当，认为这种调侃显得不够尊重或不合时宜。
9312,房贷还不了就卖房,0,该用户可能是在调侃或讽刺当前直播间的商品价格过高，暗示自己经济压力大、无力购买。
9313,女生穿的什么码,1,该用户想询问主播展示的服装尺码是否适合女性穿着。
9314,你可真懂,0,该用户可能是在调侃主播对产品介绍或互动表现得很到位，表达了一种略带赞赏的默契感。
9315,衣服看这质量听好的,1,该用户想表达的是对衣服质量的认可和购买兴趣。
9316,龙哥老朋友,0,该用户可能在表达对主播的熟悉感和亲切感，暗示自己是老观众或粉丝。
9317,你们三太瘦了,0,该用户可能在委婉地表达对主播或展示商品的身材比例不协调的观感，暗示服装展示效果因体型差异而缺乏参考性。
9318,灰色,1,该用户可能在询问主播展示的商品是否有灰色款可选。
9319,没有40吗,1,该用户可能在询问主播展示的商品是否有40码的尺码可供选择。
9320,几加几的小青柑,1,该用户是在询问主播展示的小青柑茶的具体规格或包装组合（如“几克加几克”或“几个装”）。
9321,李爽,0,该用户可能在询问主播或某个商品相关的信息，比如某位工作人员“李爽”是否在场或某款名为“李爽”的产品详情。
9322,大家下单吧老罗比其他卖货的靠谱,1,该用户是在号召其他观众下单，并表达了对主播（老罗）的信任和认可，认为他比其他带货主播更可靠。
9323,突然不瞌睡了,0,该用户想表达的含义是：直播内容突然变得有趣，打消了困意。
9324,龙哥在家被封控了20天了工资不发房贷还不了求安慰,0,"该用户借调侃主播""龙哥""的处境来隐晦表达对当前经济压力的共鸣，同时以玩笑方式寻求情感支持。"
9325,情侣表还有不,1,该用户是在询问直播间是否有情侣款手表在售。
9326,哈哈哈有情商,0,该用户是在调侃主播或其他观众说话圆滑、懂得迎合氛围。
9327,男主播上衣有吗,1,该用户是在询问男主播身上穿的同款上衣是否在售。
9328,黄金手镯,1,该用户可能是在询问直播间是否有黄金手镯商品在售，或对展示的黄金手镯产生兴趣想进一步了解详情。
9329,男的172cm穿什么码,1,该用户想询问男款服装的尺码建议，具体是针对身高172厘米的男性适合穿哪个码数。
9330,一套吗,1,该用户可能在询问当前展示的商品是否是成套出售的搭配组合。
9331,cpb还有吗,1,该用户是在询问直播间是否还有“CPB”这款产品在售。
9332,用这个隔离需要卸妆吗,1,该用户想询问这款隔离产品在使用后是否需要额外卸妆步骤，以了解其使用便捷性和护肤流程。
9333,女雾霾蓝,1,该用户想表达的含义是：询问主播是否有女款雾霾蓝色的商品。
9334,怎么事儿不是罗老师么,0,该用户可能是在疑惑为什么直播中出现的主播不是他们预期的罗老师，表达了对主播身份变化的意外和询问。
9335,厚实,1,该用户想表达的含义是：这件衣服的材质看起来非常扎实有质感。
9336,双十一会更划算吗,1,该用户是在询问当前直播间的促销优惠是否比双十一的活动力度更大，以此判断现在下单是否划算。
9337,珐琅锅有没有,1,该用户是在询问直播间是否有珐琅锅这款商品在售。
9338,我是机器人,0,该用户可能是在以幽默自嘲的方式表示自己像机器人一样机械地参与互动或频繁下单，而非真正表达购买兴趣。
9339,购物车打不开,1,该用户可能因购物车功能异常而无法顺利下单，表达了对购买流程受阻的焦急情绪。
9340,刚刚蓝色穿的什么码,1,该用户想询问主播身上穿的蓝色衣服的具体尺码信息。
9341,这是建国吗什么时候瘦脸了,0,该用户可能是对主播的外貌变化感到惊讶，误以为换人了或调侃主播瘦脸效果明显。
9342,没有盒子,1,该用户可能在询问或确认商品是否不附带包装盒。
9343,是不是没有盒子,1,该用户可能是在询问商品是否附带包装盒或礼盒。
9344,这个我快用完了,1,该用户想表达的含义是：我对这款产品有复购需求，想了解是否还有库存或优惠信息。
9345,能放手机吗,1,该用户可能在询问直播展示的商品（如包袋或收纳用品）是否能容纳手机尺寸。
9346,女宝,0,该用户可能在询问主播展示的商品是否有适合女童的款式或颜色。
9347,漂亮啊,1,该用户可能是在夸赞主播展示的商品外观吸引人。
9348,拍不了没货要绿色绿色,1,该用户想表达的含义是：想购买绿色款商品但发现已缺货无法下单。
9349,讲解,1,该用户可能在催促主播详细讲解当前展示的商品信息或使用方式。
9350,嘎嘎嘎,0,该用户可能是在用拟声词表达对直播内容或商品的兴奋或喜爱情绪。
9351,老罗太逗了,0,该用户是在夸赞主播幽默风趣，营造了轻松愉快的直播氛围。
9352,还会有阿玛尼粉底液吗,1,该用户是在询问直播间是否会再次上架阿玛尼粉底液，表现出明确的补货或回购意向。
9353,磨皮机啥时候上,1,该用户是在询问磨皮机这款产品的具体上架时间，表现出明确的购买意向和对该商品的关注。
9354,绿色,1,该用户想表达的是对商品绿色款式的购买意向或询问是否有绿色可选。
9355,身高170体重115拍多大,1,该用户是在询问以自己身高170厘米、体重115斤的体型应该选择什么尺码的商品。
9356,衣服有链接吗白色的,1,该用户想询问白色款衣服的购买链接是否已上架。
9357,这个还需要用精华吗,1,该用户可能在询问当前展示的产品是否需要搭配精华液使用，表现出对产品使用方法的关注和潜在的购买兴趣。
9358,好看,1,该用户可能是在称赞直播中展示的商品外观吸引人，表达了对产品的正面评价和潜在购买兴趣。
9359,4号开过价吗专柜多少钱,1,该用户想询问4号商品在专柜的售价以及是否已经在直播中报价过。
9360,这个主播188么这么高大的女子,1,该用户是在感叹主播的身高出众，表达对主播身材的惊讶和关注。
9361,讲下一个包包啦,1,该用户希望主播跳过当前商品，尽快介绍下一款包包的详情。
9362,想听罗老师和建国现在的聊天,0,该用户希望主播继续当前轻松有趣的互动氛围，暂时不要切换产品介绍。
9363,接别人的短带自己的货,0,该用户可能在讽刺主播借调侃他人缺点来推销自家产品的行为。
9364,实心的吗,1,该用户可能在询问直播展示的商品是否为实心材质或结构。
9365,天气丹有没有,1,该用户是在询问直播间是否有售卖“天气丹”这款产品。
9366,喜欢建国,0,该用户想表达对主播“建国”的喜爱或关注，可能是希望主播多参与互动或继续当前的聊天内容。
9367,双萃有吗,1,该用户是在询问直播间是否售卖“双萃”这款产品（可能指娇韵诗双萃精华）。
9368,阿玛尼大师蓝标有吗,1,该用户是在询问直播间是否有售卖阿玛尼大师系列的蓝标粉底液产品。
9369,这个码也好看的,1,该用户认为当前展示的商品款式或颜色符合自己的审美偏好，可能对购买该商品产生了兴趣。
9370,运费,0,该用户可能在询问商品的运费金额或包邮政策。
9371,王建国,0,该用户可能是在表达对主播王建国的喜爱或期待他参与互动。
9372,灰色看一下,1,该用户想表达的含义是：想看看灰色的商品款式或实物展示。
9373,17083穿哪个,1,该用户想询问商品编号17083对应的款式或适合的穿搭建议。
9374,建国,0,该用户想表达的含义是：希望主播多聊聊关于“建国”的话题或互动。
9375,可恶,0,该用户可能因为主播或嘉宾的幽默互动或带货节奏被打断而感到既好笑又无奈。
9376,社恐建国为了几斗米折腰啦大家快奔走相告,0,该用户是在调侃主播王建国（可能是主播昵称）平时性格内向但为了赚钱而积极带货的反差表现，号召大家围观这种有趣转变。
9377,还有水暖毯吗,1,该用户是在询问直播间是否还有水暖毯这款商品在售。
9378,21号链接,1,该用户想询问或提醒主播展示或讲解21号商品链接的相关信息。
9379,李雪琴,0,该用户可能在询问或提及主播李雪琴是否在场或参与直播互动。
9380,见面礼,0,该用户可能在询问主播是否会赠送新观众或首次购买者的赠品福利。
9381,官价是多少,1,该用户是在询问当前展示商品的官方售价是多少。
9382,黄老板太牛了,0,该用户是在夸赞主播“黄老板”的带货表现或个人魅力，表达对其能力的认可和欣赏。
9383,这姑娘好看还有一颗小虎牙,0,该用户是在夸赞主播的外貌特征（小虎牙），表达对主播的喜爱和关注，而非直接体现购买意向。
9384,泰迪熊,1,该用户可能在询问直播间是否有泰迪熊商品在售或对其款式细节感兴趣。
9385,笑死了一直聊天吧,0,该用户是在调侃主播过于闲聊而迟迟不进入正题卖货，暗示应该加快节奏进入商品介绍环节。
9386,163135斤,1,该用户可能在询问自己的身高体重（163cm/135斤）适合穿哪个尺码的衣服。
9387,围巾的颜色好喜欢,1,该用户被围巾的配色所吸引，表达了对商品的审美认可和潜在的购买意向。
9388,啥时候有长款,1,该用户想询问直播中展示的某款商品是否会推出更长的款式。
9389,正正我爱你,0,该用户是在向主播“正正”表达喜爱和支持的情感。
9390,建国呢,0,该用户可能在询问主播或嘉宾“王建国”的去向或近况，表现出对这位人物的关注或喜爱。
9391,11号可以再看看吗,1,该用户想表达对11号商品的兴趣，希望主播能再次展示或详细介绍该产品。
9392,没有礼盒装的那款红色的吗,1,该用户想询问直播间是否售卖红色礼盒装的产品款式。
9393,身高18体重170穿啥号,1,该用户想询问以自己身高180厘米、体重170斤的体型应该选择什么尺码的服装。
9394,几号链接,1,该用户可能在询问主播当前介绍的商品对应的购物链接编号，以便快速找到并下单购买。
9395,王建国啥时候来,0,该用户是在询问嘉宾王建国的出场时间，表现出对他参与直播环节的关注和期待。
9396,5号链接有小号吗不要迷你,1,该用户想询问5号链接的商品是否有常规尺码而非迷你款。
9397,黑色也挺好看呢,1,该用户可能是在看到其他观众讨论商品颜色后，表达对黑色款式的认可与潜在购买倾向。
9398,没货了,1,该用户想表达的含义是：询问或抱怨当前商品已售罄无法购买。
9399,为龙哥而来,0,该用户是在表达自己是因为喜欢或支持主播“龙哥”才来观看直播的。
9400,衣服好看,1,该用户想表达的含义是：对展示的服装款式感到满意并产生购买意向。
9401,礼盒装的吗,1,该用户是在询问当前展示的商品是否有礼盒包装的款式。
9402,一起守护人类文明底线,0,该用户可能在呼吁大家理性消费或关注产品背后的社会价值，而非单纯追求娱乐或冲动购买。
9403,看看背后,1,该用户可能是对主播展示的商品背面细节感兴趣，想更全面地了解产品款式或设计。
9404,主播都不喝我也不喝,0,该用户可能是在调侃或表达对主播推荐产品的不信任，暗示主播自己没有亲身试用所以自己也不愿意购买。
9405,白色字体颜色不同,0,该用户可能在询问或指出直播画面中白色字体与其他颜色字体的显示效果存在差异。
9406,王建国,0,该用户可能在询问或期待主播王建国何时出现在直播间。
9407,啦啦啦,0,该用户可能是在随意跟风刷屏凑热闹，并没有表达具体的购买意向或产品相关诉求。
9408,李正身上衣服有吗,1,该用户是在询问主播李正所穿的同款服装是否在售。
9409,郑州富士康,0,该用户可能在询问主播身上穿的衣服是否是郑州富士康生产的款式。
9410,6号铅笔灰没码了,1,该用户想表达的含义是：6号铅笔灰色的商品已经没有合适的尺码了。
9411,发不了货,1,该用户可能是在询问或抱怨自己看中的商品因缺货或物流问题无法正常下单购买。
9412,雅萌呢,0,该用户可能在询问直播间是否会上架或介绍雅萌品牌的相关产品。
9413,大鹏红了,0,该用户可能在调侃或感叹主播/嘉宾“大鹏”近期人气高涨或表现突出。
9414,老罗把亲兄弟都请来了为了卖货真拼,0,该用户想表达的含义是：主播为了提升销量不惜动用私人关系，可见促销力度很大。
9415,王建国呢,0,该用户是在询问主播或嘉宾王建国何时会出现在直播间中。
9416,王建国,0,该用户可能在询问或呼唤主播或嘉宾“王建国”是否在场或参与互动。
9417,新品吗,1,该用户是在询问主播展示的商品是否为最新推出的款式。
9418,内蒙古发不了怎么办,1,该用户担心内蒙古地区无法配送所售商品，想确认是否有其他购买或发货方案。
9419,建国这下巴是让电熨斗熨过吗,0,该用户是在调侃主播王建国的下巴过于平整或尖削，以此表达对其外貌的戏谑式关注。
9420,博柏利那个围脖有盒子吗,1,该用户是在询问博柏利品牌的围巾是否为礼盒包装款式。
9421,Gucci的手袋有没有迷你的超迷你太小,1,该用户想询问Gucci手袋是否有介于常规尺寸和超迷你款之间的中等偏小款式。
9422,谐音梗扣钱,0,该用户是在调侃主播或嘉宾频繁使用谐音梗的幽默方式，暗示这种玩笑话术过于刻意该被扣工资了。
9423,深灰可以展示一下吗,1,该用户想表达的含义是：希望主播展示深灰色款式的商品效果。
9424,女主播好好看,0,该用户是在夸赞主播的外貌出众，以此表达对主播的喜爱或欣赏，可能借此互动拉近距离或活跃气氛。
9425,爱情公寓顶包师,0,"该用户可能在调侃主播团队中某位成员的外形或表现与《爱情公寓》中的角色相似，暗示其有""顶包""（替代或模仿）的喜剧效果。"
9426,蔻驰的包还有么,1,该用户是在询问直播间是否还有蔻驰品牌的包款库存可供购买。
9427,托特包,1,该用户可能是在询问直播间是否有托特包这款商品在售或想了解其详情。
9428,瘦了的猪八戒,0,该用户是在用谐音梗调侃主播或嘉宾的外形变化，暗示对方看起来像“瘦了的猪八戒”。
9429,神仙水套装,1,该用户可能在询问或表达对直播中提到的“神仙水套装”产品的兴趣或购买意向。
9430,哇哇哇哇哇哇哇我爱国仔,0,该用户是在热情表达对主播“国仔”的喜爱和支持。
9431,李正平的裤子是几号,1,该用户想询问主播展示的某款裤子的具体尺码信息。
9432,三个人一起感觉脸都很小,0,该用户可能在夸赞直播画面中多人同框时的视觉效果，暗示主播或嘉宾的上镜表现好，从而间接表达对直播内容或产品的兴趣。
9433,选的开心的鸭批,0,该用户想表达的含义是：主播挑选的商品让我感到非常满意和兴奋。  （结合前文弹幕的购物讨论氛围，用户可能在回应主播展示的某款商品，用轻松调侃的语气表达强烈的购买兴趣或认可。）
9434,花洒有灰色吗,1,该用户是在询问商品是否有灰色款可供选择，表现出对花洒产品的具体颜色偏好和潜在的购买意向。
9435,170cm160斤穿多大,1,该用户是在询问自己身高170厘米、体重160斤的情况下应该选择什么尺码的服装。
9436,深蓝色,1,该用户可能是在询问当前展示的商品是否有深蓝色款式可供选择。
9437,娇韵诗还有吗,1,该用户是在询问直播间是否还有娇韵诗品牌的产品库存。
9438,老罗呐,0,该用户可能在呼唤主播老罗，希望他回应或解答某个与商品相关的问题。
9439,dunk还有吗,1,"该用户想询问直播中提到的某款""Dunk""系列商品（可能是鞋或服饰）是否仍有库存或可购买。"
9440,身高174cm体重148拍的m可以吗,1,该用户是在询问自己的身高体重是否适合购买尺码为M的服装产品。
9441,MLB老爹鞋,1,该用户可能在询问直播间是否有MLB品牌的老爹鞋款式可供购买或展示。
9442,白色内胆什么样,1,该用户想询问主播展示白色内胆款式的具体外观细节。
9443,再来一单,1,该用户想表达的含义是：对之前购买的商品感到满意，打算再次下单同款或类似产品。
9444,罗老师你不去脱口秀大会真的可惜少了大局观,0,该用户是在调侃罗老师的幽默风格很适合参加脱口秀节目，以此表达对主播个人魅力的欣赏和直播氛围的轻松有趣。
9445,大了能去店里改吗,1,该用户是在询问购买的商品如果尺寸不合适，是否可以到实体店进行修改。
9446,裤子,1,该用户可能在询问主播关于当前展示或之前提到的某款裤子的具体信息，比如款式、尺码或颜色等。
9447,有男士的神仙水吗,1,"该用户是在询问直播间是否有适合男性使用的护肤品""神仙水""产品。"
9448,是正品吗,1,该用户对商品的真伪存在疑虑，希望通过确认正品资质来评估是否值得购买。
9449,主播试试150看看,1,该用户想让主播试穿或展示150尺码的服装以供参考。
9450,这不中个奖,0,该用户可能在调侃或期待直播间的抽奖活动，表达“这次总该轮到我中奖了吧”的潜在心理。
9451,哈哈,0,该用户可能是被直播间的轻松氛围或主播的幽默表现逗乐了，用“哈哈”表达随性的互动情绪而非具体购买意向。
9452,苹果,1,该用户可能在询问直播间是否有苹果品牌的产品在售或相关优惠信息。
9453,炒价,0,该用户可能是在质疑或提醒其他观众当前商品的价格被炒作抬高，存在不合理的溢价。
9454,娇韵诗还有吗不回走了,1,该用户因未及时得到关于娇韵诗产品库存的回复而感到不耐烦，暗示若不回应就会离开直播间。
9455,建国呢,0,该用户可能在询问主播或嘉宾“建国”的去向或为何未出现在直播中。
9456,建国啊,0,该用户可能在催促或询问主播“建国”何时出现或为何不在镜头前。
9457,每个人都能讲5分钟脱口秀除了王建国,0,该用户是在调侃主播与王建国的脱口秀水平对比，暗示主播更适合讲脱口秀而非王建国。
9458,国仔国仔国仔国仔,0,该用户可能在热情呼唤主播“王建国”出场或回应他的互动。
9459,建国打勾了没,0,该用户是在询问主播是否已对某个商品（可能与“建国”相关或由“建国”代言）进行了标记或确认操作。
9460,建国建国建国建国,0,该用户可能在催促主播让名为“建国”的人（可能是主播或嘉宾）出场或回应之前的互动请求。
9461,王建国呢,0,该用户是在询问或调侃主播王建国的去向或参与情况。
9462,见过建国,0,该用户是在询问或呼唤直播中提到的“建国”这个人物是否出现或参与互动。
9463,有包装,1,该用户可能在询问商品是否有外包装或包装是否完整。
9464,面霜多少克,1,该用户想询问面霜的具体容量规格以便评估是否值得购买。
9465,Aa不带正品包装,1,该用户可能是在质疑或询问商品是否附带官方正品的原包装，担心购买到非正规渠道的产品。
9466,建国来了吗,0,该用户是在询问脱口秀演员王建国是否参与了这场直播活动。
9467,王建国呢,0,该用户是在询问或调侃主播王建国是否出现在直播中，可能出于对这位人物的关注或期待。
9468,女主播可以围一下黑色的看一下吗,1,该用户希望主播试戴展示黑色的同款商品以供参考。
9469,我觉得美女很漂亮啊像新闻主播,0,该用户是在夸赞主播的外貌气质出众，类似于新闻主播的端庄大方。
9470,你们收包吗,1,该用户可能在询问直播间是否提供二手包回收或置换服务。
9471,罗老师面部皮肤松弛了岁月啊,0,该用户可能在调侃主播罗老师的外貌变化，暗示他因年龄增长而显露出皮肤松弛的迹象。
9472,南昌人留下了泪水,0,该用户可能是南昌人，看到直播中提到的商品或价格联想到本地情况，因无法购买或价格差异而感到遗憾或失落。
9473,我听见什么,0,该用户可能因直播背景音或他人发言听不清，在询问自己听到的内容是什么。
9474,dreame有吗,1,该用户可能在询问直播间是否有售卖“dreame”品牌的产品。
9475,王建国可以演甄嬛传嘛,0,该用户是在调侃王建国的表演能力，以幽默的方式询问他是否适合出演《甄嬛传》这类角色。
9476,96号来一波呗,1,该用户可能是希望主播再次展示或推荐96号商品（如色号、款式等），或是呼吁其他观众一起参与购买96号产品。
9477,老罗又找到对口的了聊的真嗨呀不卖货了,0,该用户是在调侃主播罗老师因为和嘉宾聊得太投入而偏离了直播卖货的主题。
9478,保真吗,1,该用户是在询问商品是否为真品，对产品的真实性表示关注和怀疑。
9479,建国亚军亚军,0,该用户可能在调侃或呼唤主播“王建国”，并重复强调他在直播中的表现或存在感。
9480,豪哥真帅,0,该用户是在夸赞主播“豪哥”的外表吸引人，表达对主播的个人喜爱而非直接购买意向。
9481,说说15号链接吧,1,该用户想表达的含义是：希望主播详细介绍15号商品的信息。
9482,神级搭档来啦,0,该用户想表达的含义是：期待主播和嘉宾的默契互动或组合效果。
9483,卖货,0,该用户可能在催促主播回归正题开始推销商品，暗示当前聊天内容偏离了直播卖货的核心目的。
9484,体检那个,0,该用户可能是在询问直播间是否提供或正在介绍体检相关的产品或服务。
9485,我胜呢,0,该用户可能在询问主播“王建国什么时候出场”或“王建国是否获胜了”。
9486,晚上好,0,该用户可能是在礼貌性地打招呼或试图引起主播注意以参与互动。
9487,小棕瓶有么,1,该用户是在询问直播间是否有售卖雅诗兰黛小棕瓶这款产品。
9488,王建国呢,0,该用户可能在询问或调侃另一位主播或嘉宾王建国为何没有出现在直播中。
9489,买一百单就有五十颗了,1,该用户可能在暗示某种促销活动的计算方式，比如购买一定数量后能获得额外赠品或优惠。
9490,悦薇,1,该用户可能是在询问直播间是否有售卖“悦薇”品牌的相关产品。
9491,再来点,1,该用户希望主播继续展示或介绍更多商品。
9492,大鹏这个油腻男,0,该用户是在吐槽主播大鹏的外表或言行显得油滑做作，带有轻微的反感或戏谑情绪。
9493,好看,1,该用户可能是在称赞直播中展示的商品款式或外观设计吸引人。
9494,看30号相机包要买,1,该用户想表达的含义是：询问30号相机包的商品信息并表现出明确的购买意向。
9495,壶可以烧吗,1,该用户是在询问直播中展示的水壶是否具备加热或烧水的功能。
9496,蓝色,1,该用户想表达的含义是：询问是否有蓝色款式的商品可供选择。
9497,女主播太漂亮,0,该用户是在夸赞主播的外貌魅力，但并未直接表现出对商品的购买兴趣。
9498,要黑色,1,该用户想表达的是对某款商品黑色款式的购买意向。
9499,电磁炉可以加热,1,该用户可能在询问电磁炉的具体功能或确认其加热效果，表现出对产品的实用性能的关注和潜在的购买兴趣。
9500,男士,0,该用户可能是在询问或指定直播中提到的某款男士用品或服饰的颜色款式。
9501,建国雪琴呢,0,该用户是在询问或寻找直播中尚未出现的两位嘉宾（建国和雪琴）的去向或参与情况。
9502,国仔坟头上蹦迪,0,该用户可能在调侃或讽刺主播王建国的缺席，用夸张的比喻表达不满或催促其出场。
9503,罗建国,0,该用户可能在询问或调侃主播罗建国的去向或表现。
9504,文君太美了,0,该用户是在夸赞主播的外貌吸引人，表达对主播个人魅力的欣赏而非直接购买意向。
9505,暖男又一新品,0,该用户是在调侃或吐槽主播团队又推出了一款针对男性消费者的新产品。
9506,43讲吗,1,该用户可能在询问直播中提到的第43个商品或环节是否即将讲解或展示。
9507,确实好穿包得很好,1,该用户想表达的含义是：这款产品的穿着体验舒适且包裹性出色。
9508,有双肩lv吗,1,该用户是在询问直播间是否有路易威登（LV）品牌的双肩包款式在售。
9509,老罗你专门卖酒吧,1,该用户可能在调侃或询问主播是否专注于销售酒类商品，暗示对直播内容或选品方向的观察或兴趣。
9510,朋友们这是罗永浩吗看着跟头像挺像,0,该用户可能是对主播身份感到好奇，试图通过对比头像确认是否是罗永浩本人在直播。
9511,48号讲解一下可以吗,1,该用户想表达的含义是：希望主播详细介绍48号产品的功能和特点。
9512,合金的,1,该用户可能是在询问或确认直播中展示的商品材质是否为合金。
9513,是正品吗,1,该用户可能对商品的真伪存在疑虑，想确认产品的正规渠道来源和 authenticity。
9514,我还是比较喜欢你的大金劳上个链接行不行,1,该用户想表达的含义是：对主播展示的大金劳手表很感兴趣，希望尽快购买并催促上架商品链接。
9515,怎么还没女主播高,0,该用户可能在抱怨直播中展示的某样商品（如鞋子或配饰）的实际高度或效果不如女主播穿着时显得高挑。
9516,为啥我看见国仔就想笑,0,该用户是在调侃主播“国仔”的幽默形象或搞笑风格，表达一种轻松愉快的观看体验。
9517,你在怀疑交个朋友直播界购买力,0,该用户是在调侃或反驳他人对直播间购买力的质疑，暗示“交个朋友”直播间的观众消费能力很强。
9518,男的要买多大180160斤选多大,1,该用户想询问适合身高180厘米、体重160斤的男性顾客应选择什么尺码的商品。
9519,有充值话费的嘛,1,该用户可能在询问直播间是否有话费充值相关的商品或优惠活动。
9520,王建国坐这干啥,0,该用户可能是在调侃或询问主播王建国的出现目的或角色定位。
9521,黑色的,1,该用户可能是在询问或确认直播中展示的某款商品是否有黑色款式可选。
9522,不卡啊,0,该用户可能是在回应之前关于产品性能或直播流畅度的讨论，暗示当前直播画面或产品演示没有出现卡顿问题。
9523,冠军冠军,0,该用户可能在为直播间的某个产品或品牌（如“冠军”品牌）加油助威，或是希望主播推荐或讲解该品牌/产品。
9524,主播最美,0,该用户可能在通过夸赞主播的外貌来互动并表达对直播内容的喜爱和支持。
9525,雅诗兰黛红石榴洁面乳雅诗兰黛红石榴洁面乳雅诗兰黛红石榴洁面乳,1,该用户可能是在强烈表达对雅诗兰黛红石榴洁面乳的购买意愿或催促主播尽快讲解/上架该产品。
9526,双十一卖手机么,1,该用户是在询问直播间是否会在双十一期间售卖手机产品，表现出对特定商品的购买意向和促销活动的关注。
9527,聊天比卖货有意思多了,0,该用户想表达的含义是：比起直播带货的内容，他更享受直播间轻松互动的氛围。
9528,真好看,1,该用户可能是在称赞主播的穿搭或展示的商品外观吸引人。
9529,裤子,1,该用户可能是在询问或要求主播展示或介绍某款裤子的相关信息。
9530,螃蟹哪天有螃蟹哪天有螃蟹哪天有,1,该用户急切询问螃蟹产品的上架时间，表现出强烈的购买意向。
9531,能解决地区已发货的问题吗,1,该用户可能是在询问当前购买的商品是否支持解决特定地区的发货问题，比如物流限制或配送时效等。
9532,男灰色,1,该用户想表达的含义是：询问是否有男款灰色的商品可供购买。
9533,从今晚80后就喜欢建国,0,该用户想表达的含义是：我从很早以前就是王建国的粉丝了。  （结合前文语境，弹幕中多次提到“王建国”“国仔”，说明直播间有王建国相关的内容或嘉宾，用户通过提及“今晚80后”这一节目表达对王建国的长期喜爱，属于互动型弹幕，而非直接购买意向。）
9534,关注了榜二文君老师,0,"该用户可能是在表达对榜二主播""文君老师""的认可或喜爱，因此通过关注行为来支持对方。"
9535,已拍,1,该用户想表达的含义是：我已经下单购买了商品。
9536,围巾有优惠吗围巾有优惠吗围巾有优惠吗围巾有优惠吗围巾有优惠吗,1,该用户迫切想知道围巾是否有促销活动，表现出强烈的购买意向和价格敏感心理。
9537,老罗会来吗,0,该用户可能是在询问主播或嘉宾阵容中是否会有知名人物“老罗”出场，以此判断是否值得继续观看或参与互动。
9538,能有植村秀的眉笔不,1,该用户是在询问直播间是否会上架植村秀品牌的眉笔产品。
9539,建国在交个朋友直播间为啥这么腼腆,0,该用户可能是在调侃或好奇主播王建国在直播中表现拘谨，与平时形象或观众预期不符。
9540,30号,1,该用户可能在询问某个商品（如螃蟹或围巾）的促销活动或补货时间是否为30号。
9541,贴贴,0,该用户想表达的含义是：想与主播或其他观众互动示好，表达亲近友好的情绪。
9542,7号的运动裤,1,该用户可能在询问或确认直播间是否正在售卖或即将上架7号尺码的运动裤。
9543,海盐绿,1,该用户可能在询问或提及某款商品的颜色选项（海盐绿），表达对特定颜色产品的兴趣或确认是否有该颜色可供购买。
9544,水果手机有吗,1,该用户是在询问直播间是否售卖苹果（iPhone）系列手机产品。
9545,雅诗兰黛精华有没,1,该用户想询问直播间是否售卖雅诗兰黛品牌的精华产品。
9546,加班是啥,0,该用户可能是想询问直播间的加班福利或促销活动，误将“加班”当作某种商品或优惠的简称。
9547,拍了,1,该用户想表达的含义是：我已经下单购买了商品。
9548,我这个强迫症你把他围圆吧看得好难受,0,该用户是在吐槽直播画面中物品摆放不够整齐，希望主播能调整得更加规整以满足自己的视觉舒适需求。
9549,王建国是客人所以坐在中间他是客人啊,0,该用户可能在调侃或解释王建国作为嘉宾被安排在直播C位的原因，表达对其特殊待遇的理解或轻微不满。
9550,17085拍多少,1,该用户想询问商品编号17085的具体价格或优惠信息。
9551,马上开抢,1,该用户急切地表示准备立即参与抢购活动。
9552,哈哈,0,该用户可能被直播间的幽默互动或搞笑内容逗乐，用“哈哈”表达轻松愉快的围观心态，但并未直接体现购买意向。
9553,雅萌赠品是什么,1,该用户可能对主播提到的雅萌产品感兴趣，想进一步了解购买该商品时附赠的礼品详情。
9554,建国呢,0,该用户可能在询问主播或嘉宾“王建国”为何没有出现在当前直播画面中。
9555,可亲同志请出来,0,该用户可能在呼唤主播或工作人员现身解答问题或互动。
9556,卡码需要拍大一码,1,该用户想表达的含义是：这件商品的尺码偏小，建议选择比平时穿的尺码大一号购买。
9557,才进来,0,该用户想表达的含义是：我刚进入直播间，对当前直播内容还不熟悉。
9558,求中,0,该用户希望自己被抽中参与直播间的福利活动或商品试用。
9559,啧啧啧啧,0,该用户可能是在用拟声词表达对直播内容或产品的不屑或调侃情绪。
9560,上午好啊,0,该用户可能是在进入直播间时习惯性地打招呼，试图融入当前的聊天氛围，表达一种轻松友好的互动意愿。
9561,1号上什么,1,该用户是在询问接下来即将展示或开售的1号商品是什么。
9562,试试酒红色,1,该用户想表达的含义是：我想购买酒红色的这款商品。  （结合前文弹幕中频繁出现颜色、尺码、商品询问等购物相关讨论，可推断用户是在对直播展示的某款商品提出颜色偏好，表达购买意向。）
9563,扣子有吗,1,该用户是在询问直播间是否有售卖某款带扣子的商品。
9564,创业狂人,0,该用户可能是在调侃或称呼主播为“创业达人”，以此表达对主播带货能力的认可或活跃气氛。
9565,资生堂蓝胖子有吗资生堂蓝胖子有吗资生堂蓝胖子有吗资生堂蓝胖子有吗资生堂蓝胖子有吗,1,该用户急切地询问直播间是否售卖资生堂蓝胖子防晒产品，表现出强烈的购买意向和重复追问的迫切心态。
9566,拍了,1,该用户想表达的含义是：已经下单购买了商品。  （结合直播间的购物氛围和“拍了”在电商场景中的常见用法，可合理推断用户是在告知主播或其他人自己已完成购买动作。）
9567,四件套有吗,1,该用户想询问直播间是否有售卖床品四件套商品。
9568,dunk有吗,1,该用户是在询问直播间是否有售卖“dunk”系列的产品（可能是鞋款或相关商品）。
9569,锤子新款手机什么时候发布,1,该用户可能是在询问直播中是否会介绍或销售锤子品牌即将发布的新款手机，表达了对该产品的关注和潜在的购买意向。
9570,你俩真像,0,该用户可能在调侃主播之间的互动默契或外貌相似，属于活跃气氛的社交性评论而非直接购买意向。
9571,哈哈哈,0,该用户可能被直播间的轻松氛围或主播的幽默互动逗乐，用笑声表达随性参与而非明确的购物意向。
9572,三合一看下,1,该用户想表达的含义是：希望主播展示或详细介绍“三合一”产品的功能或外观。  （结合前文弹幕中频繁出现的产品询问和互动风格，用户可能是在快速提问，要求主播聚焦某一商品的具体信息。）
9573,托儿在此,0,该用户可能在调侃直播间氛围热闹，暗示自己是被吸引来凑热闹的围观群众。
9574,绿色,1,该用户可能在询问或表达对直播中某款商品的绿色款式的兴趣或需求。
9575,这个模特骨盆前倾,0,该用户可能是在吐槽模特的身材或姿势不够专业，暗示对展示的商品效果存疑。
9576,我本家,0,该用户可能是在询问直播中展示的商品是否有与自己同姓氏（本家）相关的款式或定制选项。
9577,武汉能发吗,1,该用户是在询问商品是否支持发货到武汉地区。
9578,胸围3680c拍多大,1,该用户想询问衣服尺码对应的胸围数据，以确认自己适合购买哪个尺寸。
9579,12号,1,该用户可能在询问或指定直播中即将展示的第12号商品的具体信息。
9580,直播间颜色为准吗,1,该用户是在询问直播间展示的商品颜色是否与实物一致，担心存在色差问题。
9581,出人头地了,0,该用户可能在调侃或感叹直播间人气高涨（或商品抢手），暗示“终于等到/抢到心仪商品”的兴奋感。  （解析：结合前文弹幕中频繁出现的商品询问和“拍了”等购买动作，以及“托儿在此”等戏谑弹幕，整体语境偏向活跃抢购氛围。“出人头地”在此更可能借用成语的字面幽默，表达“从众多弹幕/抢购者中脱颖而出”的成就感，而非字面意义的成功学表述。）
9582,娇韵诗还有吗,1,该用户可能在询问直播间是否还有娇韵诗品牌的产品库存，表现出对该品牌的购买意向或对补货情况的关注。
9583,羊毛被,1,该用户可能在询问直播间是否有羊毛被商品在售或想了解相关产品信息。
9584,给力,1,该用户可能在称赞直播间的优惠力度或商品吸引力，表达对当前促销活动的认可和兴奋情绪。
9585,怎么能联系到你们客服,1,该用户可能想进一步咨询商品详情或售后问题，希望通过客服渠道获得更专业的解答。
9586,爽你有男朋友吗,0,该用户可能在询问主播的个人情感状况，试图通过互动拉近关系或制造轻松氛围，而非表达对商品的购买意向。
9587,建国原来比老罗瘦这么多呀,0,该用户可能在对比两位主播的外形差异，表达对其中一人身材的意外发现。
9588,什么拉链,1,该用户可能在询问直播中展示的某件商品（如服装或箱包）所使用的拉链类型或质量。
9589,原价多少,1,该用户想询问商品当前的折扣力度或优惠幅度。
9590,有没有娇韵诗双萃精华,1,该用户是在询问直播间是否还有娇韵诗双萃精华这款产品在售。
9591,我想听建国卖货,0,该用户希望看到主播“建国”亲自介绍和推销商品。
9592,给我一件短袖,1,该用户想表达的含义是：我想要购买一件短袖。
9593,上链接,1,该用户急切催促主播尽快开放商品购买通道。
9594,硬广,0,该用户可能是在吐槽直播中插入的广告内容过于生硬直白，缺乏自然过渡。
9595,文君好美,0,该用户是在夸赞主播或模特的外貌出众。
9596,建国呢,0,该用户可能在询问或呼唤主播“建国”出现或继续卖货。
9597,什么材质,1,该用户想询问直播中展示的商品所使用的材料或质地。
9598,21号链接,1,该用户想表达的含义是：询问或催促主播上架或介绍21号商品链接。
9599,何广智何广智何广智何广智何广智何广智了广西何广智何广智何广智何广智何广智何广智何广智何广智和黄志,0,该用户可能是在以重复主播或嘉宾名字的方式起哄或表达兴奋情绪，同时因输入错误混入了无关地名和人名。
9600,下雪可以穿吗,1,该用户是在询问当前展示的服装或鞋类产品是否适合在雪天穿着，可能对产品的保暖性或防滑性能有顾虑。
9601,兄弟们榜二就是重新加载,0,该用户可能在提醒其他观众注意直播间榜单排名变化，暗示当前互动氛围或主播关注点有所转移。
9602,文君文君文君,0,该用户可能在热情呼唤或支持主播文君，表达对主播的喜爱或期待其互动。
9603,身高182体重200能穿吗,1,该用户是在询问直播中展示的服装款式是否适合自己182cm身高和200斤体重的体型。
9604,黑色,1,该用户可能是在询问或确认商品是否有黑色款可选。
9605,这是林希希吗,0,该用户可能在确认主播身份或对当前出镜的直播人员感到疑惑。
9606,李正喝酒啦,0,该用户可能在调侃或提醒主播李正喝酒的举动，可能是为了活跃气氛或引起注意，而非直接表达购买兴趣。
9607,建国瘦了,0,该用户可能是在调侃或对比主播建国的体型变化，暗示注意到他的外貌差异并以此互动。
9608,王建国交个朋友,0,该用户希望主播王建国能参与互动或推荐商品，以此建立信任感并激发购买意愿。
9609,三合一看下,1,该用户想表达的含义是：要求主播展示或介绍三合一功能的产品。
9610,哈哈哈,0,该用户可能被直播间的搞笑氛围或主播的幽默表现逗乐，单纯表达愉悦情绪而非购买意向。
9611,25号开价了没,1,该用户是在询问某件商品（可能是25号链接对应的产品）是否已经开放购买或公布价格。
9612,一起守护人类文明底线,0,该用户可能在呼吁大家理性消费或关注产品背后的社会价值，而非单纯追求购买行为。
9613,油皮可以用吗,1,该用户是在询问这款产品是否适合油性皮肤使用，表现出对产品适用性的具体关注和潜在的购买意向。
9614,晚上好,0,该用户可能是在礼貌性地打招呼，试图融入直播间的互动氛围，而非直接表达购买意向。
9615,创作,0,该用户可能是在询问主播展示的商品是否适合创意工作者使用或具有设计感。
9616,发财,0,该用户可能是以调侃或祝福的语气参与互动，表达对直播促销活动带来好运或优惠的期待。
9617,罗老师你不去脱口秀大会真的可惜少了大局观,0,该用户是在调侃主播的幽默风格适合参加脱口秀节目，属于娱乐互动而非购买意向的表达。
9618,苹果有没有有线耳机,1,该用户可能在询问直播间是否有售卖苹果品牌的有线耳机产品，表达了对该商品的潜在购买兴趣。
9619,讲一下红标,1,该用户希望主播详细介绍当前展示的红色标款产品的具体信息或特点。
9620,不要瑟瑟,0,该用户可能在提醒主播或观众注意直播内容的尺度，避免出现低俗或不适宜的言行。
9621,保正品嘛,1,该用户是在询问商品是否为官方正品，表达了对产品质量的担忧和潜在的购买意向。
9622,42开价了吗,1,该用户是在询问商品编号42的价格是否已经公布。
9623,裤裤送吗还是单件,1,该用户是在询问商品是否包含赠品裤子还是需要单独购买。
9624,洗面奶有吗,1,该用户是在询问直播间是否有洗面奶这款产品在售。
9625,眼霜有吗,1,该用户是在询问直播间是否有眼霜产品出售。
9626,国仔好啊,0,该用户是在友好地打招呼并表达对主播“国仔”的喜爱或支持。
9627,海兰的多久发货,1,该用户想询问海兰品牌的产品下单后大概需要多长时间才能发货。
9628,老罗语录中国最早的脱口秀,0,该用户是在调侃主播的风格像脱口秀，并表达对主播幽默能力的认可。
9629,国仔,0,该用户是在用昵称或简称亲切地称呼主播，表达对主播的关注或互动意愿。
9630,那40呢,1,该用户是在询问商品“40”的价格或相关信息。
9631,直播又面包细节看一下,1,该用户想表达的含义是：希望主播详细展示并介绍面包产品的细节信息。
9632,灰色,1,该用户可能在询问商品是否有灰色款式或颜色可选。
9633,码数正常吗,1,该用户是在询问商品的尺码是否标准，担心购买后出现偏大或偏小的情况。
9634,16号呢多大能看一下吗,1,该用户想询问16号商品的尺寸信息并希望主播展示实物细节。
9635,脱口秀专场么,0,该用户可能是在调侃直播间的氛围像脱口秀表演，暗示主播的幽默风格或互动方式让人联想到脱口秀专场。
9636,没优惠吗,1,该用户是在询问当前商品是否有折扣或促销活动。
9637,孕妇可以喝吗,1,该用户是在询问直播中介绍的产品是否适合孕妇使用，表达了对产品安全性的关注和潜在的购买意向。
9638,口红那些容易掉出来吗,1,该用户是在询问口红产品的密封性和包装牢固程度，担心使用过程中容易出现松脱或泄漏的问题。
9639,国仔,0,该用户是在亲切地称呼主播或品牌方，表达对直播间的熟悉感和互动意愿。
9640,其实没有可比性,0,该用户可能是在回应主播对不同产品的比较，暗示当前讨论的商品特性或价格不具备直接对比的条件。
9641,单品神仙水,1,该用户可能在询问直播间是否有某款被称为“神仙水”的护肤产品在售。
9642,男表有吗,1,该用户想询问直播间是否有男士手表在售。
9643,穿下160穿,1,该用户想询问主播展示的服装尺码是否适合身高160cm的人穿着。
9644,这是紫色吧,1,该用户想确认直播中展示的商品颜色是否为紫色。
9645,王建国,0,该用户可能在友好地称呼主播的名字以表达互动或支持。
9646,11号链接,1,该用户想询问或确认11号链接对应的商品详情或购买信息。
9647,建国的下巴怎么那么平,0,该用户是在调侃主播王建国的外貌特征，可能是在活跃气氛或表达对主播的关注。
9648,欧莱雅面膜还上吗,1,该用户是在询问欧莱雅面膜是否会再次补货或返场销售。
9649,鹏大爷不愧山东爷们儿都大爷辈儿也能这样,0,"该用户想表达的含义是：鹏大爷作为山东人展现了与年龄不符的活力和表现力，令人佩服。 （解析：结合直播间的购物提问与艺人互动氛围，该弹幕聚焦主播""鹏大爷""的个人表现，用地域特征""山东爷们""和年龄反差""大爷辈儿也能这样""突出对其活力的赞赏，属于观众对主播个人魅力的即时反应而非购物意向表达。）"
9650,讲的你好像穿过似的,0,该用户是在质疑主播对产品实际体验的描述缺乏可信度，暗示对方并未亲身使用过所推销的商品。
9651,微笑项链看一下呗,1,该用户想表达的含义是：希望主播展示或详细介绍微笑项链这款产品。
9652,哇塞是建国建国建国建国建国建国建国建国建国没想到你浓眉大眼的也带货了,0,该用户想表达的含义是：惊讶于知名人物王建国突然出现在带货直播中，并对其形象反差感到意外和调侃。
9653,上视频羽绒服吗,1,该用户是在询问直播间是否会展示或售卖视频中提到的羽绒服款式。
9654,罗老师不要给建国拍灯,0,该用户是在调侃或阻止主播罗老师给另一位参与者王建国提供展示机会，可能出于对建国频繁出镜的玩笑式抗议或维护直播节奏的意图。
9655,能上点儿童学习椅吗,1,该用户希望主播能尽快安排上架儿童学习椅这类商品。
9656,雪国列车,0,该用户可能在调侃主播或某个嘉宾的外号/昵称，类似前面弹幕中反复出现的“建国”这类称呼梗。
9657,48号是什么码,1,该用户是在询问直播中提到的48号商品对应的具体尺码或规格信息。
9658,米色,1,该用户可能在询问或确认直播中展示的某件商品的颜色是否为米色。
9659,衣服没有对吧,1,该用户可能在询问直播中展示的某款衣服是否已经售罄或缺货。
9660,这不是雪琴男人吗,0,该用户可能是在调侃或认出直播中的某位人物与知名艺人“雪琴”的男性伴侣（或相关梗）有关联。
9661,微笑项链,1,该用户是在询问主播能否展示或详细介绍“微笑项链”这款产品。
9662,哈哈哈哈哈,0,该用户可能被直播间的搞笑互动或主播的幽默表现逗乐，通过大笑表达轻松愉悦的情绪，但并未直接表现出对商品的购买兴趣。
9663,看好久了,1,该用户想表达的含义是：我对这件商品已经关注了一段时间，现在有较强的购买意向。
9664,王建国呢,0,该用户可能在询问或调侃主播王建国的去向或参与情况，表达对这位嘉宾的关注或期待。
9665,为什么不发货,1,该用户可能是在催促商家尽快处理已下单商品的物流问题，或对之前承诺的发货时间未兑现表示不满。
9666,可以看一下包包么,1,该用户希望主播展示或详细介绍当前直播中的包款产品。
9667,我只想默默中个奖,0,该用户想表达的是：我对当前展示的商品兴趣不大，主要是为了参与抽奖活动而来。
9668,几号啊,1,该用户可能在询问直播间正在介绍或即将上架的商品的具体发售日期或排期顺序。
9669,李雪琴,0,该用户可能在询问或调侃与嘉宾李雪琴相关的内容，比如她的搭档王建国是否在场，或是呼应前面提到的“雪国列车”这对CP梗。
9670,建国建国建国建国建国建国建国建国建国建国,0,"该用户是在以重复主播名字的方式表达对主播王建国的喜爱和支持，可能是看到其他弹幕提到""王建国呢""后产生的互动行为。"
9671,罗永浩呢,0,该用户可能在询问主播罗永浩为何没有出现在当前直播画面中，或是表达对罗永浩参与直播的期待。
9672,是温州那个黄老板嘛,0,该用户可能在确认主播或商家的身份，询问是否是与某个知名人物（黄老板）相关的温州商家。
9673,是一对呀,0,该用户可能是在确认直播中展示的商品是否为成套出售的款式。
9674,沈阳为什么拍不了,1,该用户想表达的含义是：询问为何无法在沈阳地区购买直播间的商品。
9675,没拍到,1,该用户想表达的是自己没有成功抢购到心仪的商品。
9676,365有吗,1,该用户可能在询问直播间是否有商品编号为365的产品在售。
9677,没了,1,该用户想表达的含义是：商品已经售罄或抢购不到了。
9678,邮差咋不上,1,该用户可能在催促或询问为什么邮费选项没有显示或无法选择。
9679,黑的没有吗,1,该用户是在询问直播间是否有黑色款式的商品。
9680,这男的好懂噢,0,该用户可能是在称赞主播的专业讲解能力，暗示对其推荐的产品产生了兴趣或信任感。
9681,合肥组合,0,该用户可能在询问直播中展示的商品是否为合肥地区特有的组合套装或优惠活动。
9682,15号全套吗,1,该用户是在询问商品编号为15号的款式是否包含全套配件或完整系列。
9683,十二生肖好好看,1,该用户被直播中展示的十二生肖相关商品所吸引，认为其设计精美值得购买。
9684,马蒙有黑链的款吗,1,该用户是在询问直播中展示的马蒙品牌包包是否有黑色链条款式的商品。
9685,野蛮,0,该用户可能在吐槽主播或产品介绍的方式过于直接粗放，缺乏细致讲解。
9686,红包在哪里,0,该用户可能在询问直播间发放优惠红包的领取方式或出现位置。
9687,好家伙这么厚实,1,该用户是在感叹商品的材质或做工非常扎实可靠。
9688,已拍,1,该用户想表达的是自己已经下单购买了直播中推荐的商品。
9689,小姐姐是于文文吗,0,该用户可能在询问主播的身份是否是一位名叫于文文的艺人，表现出对主播个人背景的好奇或兴趣。
9690,176120斤什么尺码,1,该用户是在询问身高176厘米、体重120斤的人应该选择什么尺码的服装。
9691,神仙水是真的吗,1,该用户可能在质疑直播中所售“神仙水”产品的真伪或品质可靠性。
9692,李正李正,0,该用户可能在询问主播或商品相关的某个具体信息，比如某个款式、颜色或活动是否还有库存或参与资格。
9693,鞋子啥时候上,1,该用户想询问直播中提到的鞋子商品的具体上架时间，表现出明确的购买意向和期待。
9694,可以讲讲萱子项链吗,1,该用户对直播中提到的“萱子项链”产生了兴趣，希望主播能详细介绍这款产品的相关信息。
9695,买这个会害羞吗,0,该用户可能是在询问购买该产品是否会因为其款式或性质让人觉得难为情或不好意思。
9696,有虎年茅台不,1,该用户是在询问直播间是否有虎年纪念版的茅台酒出售。
9697,伊丽丝尔有吗,1,该用户想询问直播间是否有售卖“伊丽丝尔”品牌的产品。
9698,小棕瓶,1,该用户可能在询问直播间是否有雅诗兰黛小棕瓶产品或其相关优惠信息。
9699,上午好,0,该用户可能是在礼貌性打招呼，试图融入直播间的互动氛围，而非直接表达购买意向。
9700,36C该买哪个号呢,1,该用户是在询问自己适合购买的具体尺码，表现出对当前展示商品的购买意向和选择困惑。
9701,刺挠哈哈哈,0,该用户可能是在调侃直播间的氛围或主播的互动方式，觉得某个瞬间滑稽有趣而用方言表达“刺挠”（意为痒、逗乐）。
9702,国仔国仔国仔,0,该用户可能在热情呼唤主播的名字以表达支持或期待主播回应。
9703,40号看下,1,该用户想表达的含义是：请主播展示或详细介绍40号商品。
9704,看下袖口工艺,1,该用户对服装的细节工艺感兴趣，希望主播展示袖口的设计和做工。
9705,贴贴,0,该用户想表达的含义是：想与主播或其他观众互动拉近距离，表达友好亲昵的情感。
9706,低调的奢华嘛,0,该用户想表达的含义是：这款产品看起来高端大气但又不张扬。
9707,头好大,0,该用户可能是对主播展示的某件商品（如帽子或头饰）的尺寸或设计感到惊讶，觉得实物比预期大很多。
9708,你连腹肌都没有谈什么缚鸡之力,0,"该用户是在用调侃的语气质疑主播的专业性或产品效果，暗示""连基本条件都不具备还谈什么实力""。"
9709,全棉时代还有吗,1,该用户是在询问直播间是否还有“全棉时代”品牌的产品库存或是否仍在售卖。
9710,锤子才是最好的,1,该用户可能在调侃或强调自己偏爱的品牌（锤子）比其他产品更出色。
9711,头会不会发热,0,该用户可能在询问产品（如耳机、帽子等）佩戴时的舒适度，担心长时间使用会导致头部发热不适。
9712,大人下面搭配啥好看,1,该用户想询问主播推荐的成人款下装搭配方案。
9713,有运费险吗,1,该用户可能是在确认购买后的退换货保障，表现出对商品的实际购买考虑。
9714,不是不直播了吗怎么好像天天在,0,该用户可能是在调侃或疑惑主播近期直播频率较高，与之前宣称的减少直播安排不符。
9715,喝的酒吗,0,该用户可能在询问直播中展示的商品是否为酒类饮品。
9716,龙哥厚道,0,该用户是在称赞主播为人实在或商品价格公道。
9717,建国超时了,0,该用户可能在调侃主播的直播时长超出了原定计划。
9718,戴一下兔子耳钉,1,该用户希望主播展示兔子耳钉的上身效果以便参考是否购买。
9719,大鹏太帅了,0,该用户是在夸赞主播大鹏的外貌或魅力，表达对主播的喜爱和支持。
9720,功能和洗衣机差不多,1,该用户可能是在比较当前直播展示的产品（如某种清洁或家电类商品）与洗衣机的功能相似性，暗示其功能实用但缺乏新意。
9721,文君我也爱你,0,该用户可能在以轻松调侃或互动玩梗的方式表达对主播的喜爱和支持，而非明确的购物意向。
9722,志胜呢,0,该用户可能在询问或调侃直播中某位缺席的嘉宾或主持人（如名为“志胜”的人物）的去向。
9723,天将降大任于人也,0,该用户可能在调侃主播或产品，暗示“接受挑战/考验的时候到了”（比如试用产品或应对观众提问）。
9724,我是机器人,0,该用户可能是在以幽默自嘲的方式暗示自己只是机械跟随弹幕潮流发言，并非真正对商品感兴趣。
9725,雪国列车,0,该用户可能是在询问或调侃直播中提到的某款与“雪国列车”相关的商品或话题，比如一款以该名字命名的服饰、联名产品，或是主播提到的某个影视剧梗。
9726,海蓝之谜精粹水有吗,1,该用户是在询问直播间是否有售卖海蓝之谜精粹水这款产品，表现出明确的购买意向。
9727,你们是几点下班的我五点多看你们就在,0,该用户可能是在询问直播间的营业时间或直播时长，暗示自己注意到主播已经播了很久并好奇何时结束。
9728,区区,0,该用户可能是在用调侃或轻蔑的语气表达对主播或商品的不屑，认为其不足为奇或不够格。
9729,建国,0,该用户可能在调侃或提醒主播“建国”这个环节或人物超时了。
9730,正码拍嘛,1,该用户可能在询问购买服装时是否需要按照正常尺码选择。
9731,男主播,0,该用户可能在询问或提及直播间里另一位男性主播的去向或表现。
9732,李正,1,该用户可能在询问或提及主播“李正”是否在场或何时出现。
9733,蔻驰的包能介绍一下吗,1,该用户对蔻驰品牌的包款感兴趣，希望主播能详细讲解产品信息以便进一步了解。
9734,能上点儿童学习椅吗,1,该用户希望主播能推荐或展示适合儿童使用的学习椅产品。
9735,神仙水已拍,1,该用户想表达的含义是：我已经下单购买了“神仙水”这款产品。
9736,牛年茅台有折扣吗,1,该用户是在询问牛年纪念款茅台酒是否有促销优惠，表现出明确的购买意向。
9737,有包装吗,1,该用户可能是在询问商品是否有外包装或礼盒包装。
9738,支持建国上架,1,该用户希望主播“建国”尽快推出或展示更多商品。
9739,那个男人来了吗,1,该用户可能在询问直播间是否邀请了某位备受期待的男性嘉宾或主播到场。
9740,没了,1,该用户想表达的含义是：想要的商品已经卖完了。
9741,中款包有吗,1,该用户是在询问直播间是否有中等尺寸的包款在售。
9742,建国,1,"该用户可能在呼吁主播上架或介绍名为""建国""的商品，或是支持某位昵称/代号为""建国""的主播出场。"
9743,12号全新吗,1,该用户是在询问直播中提到的12号商品是否为全新未使用过的状态。
9744,文君的外套在哪买,0,该用户想询问主播展示的外套的购买链接或购买方式。
9745,求关注,0,该用户可能是希望主播关注自己的账号或请求互动，以获取更多商品信息或专属福利。
9746,王建国,0,该用户可能在呼唤或支持主播王建国，希望他参与直播或上架商品。
9747,175cm145斤穿哪个码,1,该用户想表达的含义是：询问主播自己身高175厘米、体重145斤的情况下应该选择什么尺码的服装。
9748,男的穿多大,1,该用户想询问男款服装的尺码选择建议。
9749,按摩椅讲吗,1,该用户想询问主播是否会介绍或讲解按摩椅的相关信息。
9750,3号男羽绒服140斤拍多大,1,该用户是在询问自己体重140斤的情况下应该选择3号男款羽绒服的哪个尺码。
9751,有没有黑白绷带一起的啊,1,该用户是在询问直播间是否有黑白绷带的组合套装产品。
9752,徐志胜呢,0,该用户可能在询问某位特定嘉宾或主播（徐志胜）是否已出现在直播间中，表达对其出现的期待或关注。
9753,海南之谜有单瓶吗,1,该用户是在询问直播间是否有单瓶装的“海南之谜”产品出售。
9754,李大嘴来了,0,该用户可能在询问或期待某位昵称为“李大嘴”的主播或嘉宾是否到场参与直播。
9755,倩碧,1,该用户可能在询问直播间是否有倩碧品牌的产品或相关优惠信息。
9756,带盒吗,1,该用户想询问商品是否附带原装包装盒。
9757,这小姑娘有长进了,0,该用户可能是在夸赞主播或嘉宾的表现有所进步，表达了一种认可或鼓励的态度。
9758,龙哥送个任天堂吧稳定和你弟妹的感情就靠它了,0,该用户是在以调侃的语气向主播“龙哥”索要任天堂游戏机作为礼物，暗示如果能得到这个礼物就能帮助自己维持恋爱关系。
9759,普洱有保质期了嘛,1,该用户是在询问普洱茶的保质期情况，可能对购买或储存这款产品感兴趣。
9760,这是不是双胞胎,0,该用户可能在询问直播中展示的商品（如服饰或模特）是否是双胞胎同款或适合双胞胎使用。
9761,套娃,1,该用户可能在询问主播展示的商品是否有类似俄罗斯套娃的多层嵌套设计或系列套装产品。
9762,绿色,1,该用户可能在询问某款商品是否有绿色可选或对直播中提到的绿色商品表示兴趣。
9763,初中生拍什么颜色好看,1,该用户可能在询问适合初中生年龄段的服装颜色推荐，隐含对产品的潜在购买兴趣。
9764,主播真漂亮,0,该用户可能是在表达对主播外貌的赞赏，但结合直播间的购物氛围，更可能是通过夸赞主播来活跃气氛或拉近距离，而非直接体现购买兴趣。
9765,国仔冠军,0,该用户可能在表达对主播或嘉宾“国仔”的支持和喜爱，暗示其表现出色或受欢迎。
9766,必中必中,0,该用户可能在参与直播间抽奖或促销活动，表达对中奖结果的强烈期待和信心。
9767,上身瘦下身胖怎么拍一套,1,该用户想询问自己上身较瘦、下身较胖的身材特点该如何选择合适的服装搭配进行拍摄（可能是为了展示效果或购买建议）。
9768,哈哈哈建国谐音梗,0,该用户是在调侃主播或嘉宾的名字“建国”与某个搞笑谐音梗相关，表达轻松娱乐的互动意图而非购买兴趣。
9769,为什么郑州不能抢,1,该用户可能因地域限制无法参与直播间的抢购活动而感到疑惑和不满。
9770,中个福袋,0,该用户希望参与直播间的抽奖活动并期待自己能成为幸运获奖者。
9771,让建国送一个,0,"该用户希望主播""建国""能免费赠送一件商品作为福利。"
9772,建国带量,0,该用户是在呼吁主播“建国”增加促销商品的投放数量或力度。
9773,包包好漂亮,1,该用户被直播中展示的包包款式吸引，产生了欣赏和潜在的购买兴趣。
9774,lv手链还有吗,1,该用户想表达的含义是：询问直播间是否还有LV手链的库存可供购买。
9775,奶油米,1,该用户可能是在询问或评论直播中展示的某款名为“奶油米”的商品或颜色款式。
9776,喜欢谐音梗,0,该用户想表达的含义是：对主播或观众提到的谐音梗感到有趣并产生共鸣。
9777,彪悍的人生也需要一个保温杯,1,该用户想表达的含义是：即使再洒脱不羁的生活方式也需要一些实用的小物件来提升生活品质。
9778,主播厉害,0,该用户是在称赞主播的表现出色或带货能力强，可能隐含对主播专业度或产品展示效果的认可。
9779,没有了,1,该用户想表达的含义是：商品已经售罄或库存没有了。
9780,看看藏青色,1,该用户想表达的含义是：想了解藏青色款式的商品详情或上身效果。
9781,限定地区了,1,该用户可能是在遗憾或抱怨商品仅限特定地区购买，自己所在区域无法参与。
9782,重新定义七点,0,该用户可能在调侃主播将某个商品或活动的时间/概念误说成了“七点”，以幽默方式指出口误或表达对直播内容的小吐槽。
9783,买了,1,该用户想表达的含义是：我已经下单购买了这款商品。
9784,还有美的浴霸吗,1,该用户是在询问直播间是否还有美的浴霸的库存可供购买。
9785,加绒吗,1,该用户是在询问商品是否有加绒的款式或材质。
9786,乌龙茶什么快递,1,该用户是在询问乌龙茶商品的发货方式和物流信息。
9787,口红,1,该用户可能是想询问主播正在展示的口红产品信息或表达对某款口红的兴趣。
9788,gap米色还有嘛,1,该用户是在询问直播间是否还有Gap品牌的米色商品库存。
9789,包包,1,该用户想表达的含义是：询问主播展示的包包是否有货或能否购买。
9790,上门安装,0,该用户可能是在询问商品是否提供上门安装服务，或表达对包含安装服务的购买意向。
9791,原来还有一个人,0,该用户可能是在调侃直播间观众互动氛围冷清，暗示自己之前没注意到还有其他人在观看直播。
9792,什么时候播美妆专场呢,1,该用户希望了解美妆主题直播的具体时间安排，表现出对相关产品的潜在购买意向。
9793,包没了,1,该用户想表达的含义是：之前提到的某款包包已经售罄了。
9794,娇兰复原蜜双十一有活动吗,1,该用户是在询问娇兰复原蜜这款产品是否参与双十一促销活动，表现出明确的购买意向和价格敏感度。
9795,小灯泡,1,该用户可能在询问主播是否有售卖或介绍某款名为“小灯泡”的美妆产品（如SK-II的明星单品）。
9796,41号多久发货,1,该用户是在询问商品编号41的具体发货时间，表现出明确的购买意向和物流时效关注。
9797,男生穿上看看效果,1,该用户希望主播展示男模特或男性观众试穿服装的实际效果，以便更直观地评估商品的上身观感。
9798,建国赖宝去哪里了,0,该用户可能在询问直播间之前出现过的某款商品（如宠物用品或相关品牌）的库存或购买渠道。
9799,郑州不能拍,1,该用户想表达的含义是：商品不支持配送到郑州地区。
9800,水桶包,1,该用户可能在询问直播间是否有水桶包这款商品或对其感兴趣。
9801,哈哈哈哈哈,0,该用户可能被直播中的某个搞笑片段或主播的幽默互动逗乐，纯粹在表达当下的开心情绪，并无明确的购物意向。
9802,5号开价了吗我想拍5号,1,该用户想表达的是对5号商品的购买意向，询问价格并希望下单。
9803,大鹏离我女朋友远一点不要乱讲话,0,该用户可能是在以调侃或吃醋的语气表达对大鹏（主播或嘉宾）与自己女友互动的不满，暗示希望对方注意言行边界。
9804,坚果,1,该用户可能在询问直播中提到的坚果产品相关信息，比如价格、规格或是否有货。
9805,黄鹤胖了,0,该用户可能在调侃或吐槽主播黄鹤的外形变化，表达一种轻松随意的互动态度。
9806,拍了,1,该用户想表达的含义是：我已经下单购买了某款商品。
9807,李正平,0,该用户可能在询问主播或嘉宾“李正平”的相关信息，比如他的近况、何时出现或对商品的评价。
9808,为啥我看见国仔就想笑,0,该用户看到主播“国仔”时感到轻松有趣，忍不住发笑。
9809,羽绒服卡码怎么拍,1,该用户想询问羽绒服的尺码选择建议以及对应的购买方式。
9810,M码看着挺大,1,该用户可能是在对直播中展示的服装尺码表示疑虑，认为M码的实际尺寸比预期偏大，暗示自己需要确认尺码是否合适或考虑选择更小的尺码。
9811,17070kg多大,1,该用户可能在询问商品“17070kg”的具体尺寸或实物大小。
9812,没货了,1,该用户想表达的含义是：想购买的商品已经售罄了。
9813,持妆,1,该用户可能在询问主播展示的化妆品是否具有持久持妆的效果。
9814,建国建国倾城倾国,0,该用户是在用主播的名字玩梗，表达对主播的喜爱和支持。
9815,女生穿这个颜色也好看,1,该用户可能在暗示对当前展示的商品颜色感兴趣，认为其适合女性穿着，并可能考虑购买。
9816,这谁奶奶来直播间了,0,该用户是在调侃直播间里突然出现了一位年纪较大的观众，可能是觉得与直播间的年轻化氛围形成反差。
9817,志胜卖面膜,0,该用户可能在询问或调侃主播志胜是否在推销面膜产品，并隐含对其推荐或试用效果的关注。
9818,好卡,0,该用户可能是在抱怨直播画面或网络连接出现卡顿问题。
9819,这不是建国吗,0,该用户是在调侃或认出直播中出现的人物“建国”，可能是主播的昵称或某位嘉宾的外号，结合前文弹幕中频繁提及人名和互动氛围，表达一种熟人般的亲切打趣。
9820,全体起立,0,该用户可能在用夸张的流行梗表达对当前直播内容（如主播表现或商品展示）的强烈兴奋或认可，类似于“大家快来看/这个太棒了”的欢呼式互动。
9821,内黄外白,0,该用户可能在询问或评价商品的外观颜色搭配，比如某件商品的内衬是黄色而外部是白色。
9822,刚进来我还以为龙哥影分身呢,0,该用户可能是看到主播或嘉宾的外貌或动作与其他人相似，产生了幽默的错觉，误以为同一个人同时出现在不同位置。
9823,灰色是偏白的吗,1,该用户可能在询问商品颜色的具体色调倾向，想确认灰色款是否更接近浅色系以便做出购买决策。
9824,大鹏太难了,0,该用户可能是在感叹主播或某个角色（如“大鹏”）在直播中的表现或处境显得辛苦或不容易。
9825,女生能试试小点的吗,1,该用户可能在询问商品是否有适合女性身材的较小尺码可选。
9826,就喜欢老罗,0,该用户想表达的含义是：对主播老罗的个人喜爱和支持。
9827,自修式采访自己问自己查,0,该用户可能是在调侃直播间的互动氛围，用“自问自答”的方式幽默地表达观众们自发讨论、无需主播引导的热闹场景。
9828,不支持发货啊,1,该用户可能是在询问或抱怨商品无法配送到自己所在的地区。
9829,双胞胎阿,0,该用户看到直播画面中出现了长相相似的双胞胎主播或嘉宾，感到惊讶并想指出这一发现。
9830,鸡茅猪茅啥时候上啊,1,该用户是在询问直播间何时会上架茅台酒的相关产品（如鸡年茅台、猪年茅台等生肖纪念款）。
9831,上午好,0,该用户可能是刚进入直播间，以问候语表示自己的到来并试探当前直播氛围。
9832,粉底液推荐一下,1,该用户想表达的含义是：希望主播能针对当前讨论的化妆品推荐一款合适的粉底液产品。
9833,女主播围巾卖吗,1,该用户想表达的含义是：询问主播身上佩戴的围巾是否在直播间售卖。
9834,忠实老铁回购了很多,1,该用户想表达的含义是：作为长期支持的老顾客，我已经多次购买这款产品了。
9835,建国呢,0,该用户可能在询问或调侃直播间中提到的“建国”这个人物或角色的去向或状态。
9836,是漫反射,0,该用户可能在询问产品表面是否采用了漫反射工艺或材质特性。
9837,建国,0,该用户可能在询问或确认主播“建国”是否在场或参与直播。
9838,有五粮液吗,1,该用户是在询问直播间是否有售卖五粮液这款商品。
9839,完了,0,该用户可能是在看到主播展示某款心仪商品后，因库存紧张或价格超出预期而发出遗憾的感叹。
9840,真还传第二季,0,该用户可能在调侃或期待直播中推出类似之前“真还传”主题的促销活动或产品系列。
9841,高梵长款羽绒服高梵长款羽绒服高梵长款羽绒服高梵长款羽绒服,1,该用户可能在强烈关注或询问主播展示的高梵品牌长款羽绒服，希望通过重复弹幕引起注意或确认产品信息。
9842,建国我离婚了想喝点酒,0,该用户可能是在借个人情感状态表达对直播中酒类产品的兴趣，暗示希望主播推荐适合当下心情的饮酒选择。
9843,身高174cm体重148已经拍的m可以吗,1,该用户是在询问自己的身高体重是否适合购买直播间正在展示的M码服装。
9844,不是退出直播了吗又来了,0,该用户可能是在疑惑或调侃主播之前曾宣布结束直播但突然又返场的行为。
9845,穿到多少度,1,该用户想问这款衣服适合在什么温度范围内穿着。
9846,男主播真油腻啊,0,该用户是在吐槽男主播的表现做作不自然，让人感到不适。
9847,163115斤,1,该用户可能在询问主播自己身高163cm体重115斤适合穿直播间推荐的哪款服装尺码。
9848,王建国,0,该用户可能在呼唤或询问主播王建国的去向或情况。
9849,李正你热吗我看着都热,0,该用户可能是在调侃或关心主播的穿着或直播环境，暗示主播的服装看起来太厚或直播间温度较高。
9850,sr的鞋有吗,1,该用户是在询问直播间是否有售卖某款名为“sr”的鞋子。
9851,有单独的神仙水嘛不想要套装,1,该用户希望单独购买神仙水产品而非捆绑销售的套装组合。
9852,带包装吗,1,该用户可能是在询问商品是否包含原厂包装或礼盒包装，以确认产品的完整性和送礼需求。
9853,手表有吗,1,该用户是在询问直播间是否有手表类商品在售。
9854,欧兰雅面膜看一下,1,该用户希望主播详细介绍或展示欧莱雅面膜产品。
9855,红包能匀我一个不,1,该用户可能是在询问能否参与直播间的红包福利活动，暗示对当前促销互动环节的兴趣。
9856,M120和L150是什么意思,1,该用户是在询问直播中提到的产品型号（M120和L150）对应的具体规格或适用场景。
9857,我同意了,0,该用户可能是在回应主播关于某项购买条件或优惠活动的确认，表示接受或认可某个提议（比如价格协商、赠品选择或尺码确认等）。
9858,划算,1,该用户认为当前直播间的商品价格或优惠力度具有吸引力，产生了潜在的购买意愿。
9859,礼盒什么样子,1,该用户是在询问礼盒的具体外观或包装设计，表现出对产品实物形态的关注和潜在购买兴趣。
9860,这不是建国么,0,"该用户可能是认出主播或嘉宾是名为""建国""的熟人，在打招呼确认身份。"
9861,熊猫有吗,1,该用户是在询问直播间是否有售卖熊猫相关的商品或周边产品。
9862,20号看下,1,该用户可能在询问主播能否展示或介绍20号商品的具体信息。
9863,138穿多大,1,该用户是在询问身高138厘米的人适合穿直播商品中的哪个尺码。
9864,黄贺是老板,0,该用户可能在询问或确认主播黄贺的身份是否为店铺老板。
9865,我就把你截屏下来,0,该用户可能是对主播展示的某款商品或直播画面中的某个细节产生了兴趣，想通过截屏保存以便进一步了解或考虑购买。
9866,主播多高,0,该用户可能在询问主播的身高以判断服装或鞋子的尺码是否适合自己。
9867,鞋子有吗,1,该用户想询问直播间是否有售卖鞋子这一商品。
9868,权利没有吗,1,该用户可能在询问直播间是否有售卖“权利”这款商品或相关产品。
9869,王建国超级喜欢你,0,该用户是在表达对主播王建国的喜爱和支持，可能是看到主播后感到兴奋或认同。
9870,包包还上吗,1,该用户是在询问直播中之前展示过的某款包包是否会再次上架或补货。
9871,会钻绒吗,0,该用户是在询问商品（可能是羽绒服或含羽绒的产品）是否存在羽绒从面料缝隙中漏出的质量问题。
9872,有个有担当的出来解决问题吗,0,该用户可能因直播中产品问题或服务未得到及时回应而感到不满，要求负责人出面处理。
9873,罗老师喜欢你,0,该用户是在表达对主播罗老师的喜爱和支持，类似于前文中“王建国超级喜欢你”的粉丝向互动。
9874,老罗又回来了,0,该用户想表达的含义是：很高兴看到罗老师再次出现在直播间。
9875,意念下单期待收货,1,该用户想表达的含义是：虽然暂时没有实际购买，但已经对商品产生了强烈的兴趣和期待收货的心情。
9876,手镯,1,该用户可能是在询问主播展示的手镯商品的相关信息或表达购买意向。
9877,主持人外套有吗,1,该用户想询问主持人所穿的外套是否在售。
9878,475的有吗,1,该用户是在询问直播间是否有价格为475元的商品在售。
9879,少说脱口秀多卖货,0,该用户可能是在催促主播减少娱乐互动，集中精力介绍和推销商品。
9880,已下单速发,1,该用户想表达自己已经完成购买并催促商家尽快发货。
9881,哈哈哈真相啊,0,该用户可能在附和主播的幽默调侃或犀利观点，表达对直播内容的强烈认同感。
9882,还有么,1,该用户想询问直播中展示的商品是否还有库存或是否会继续补货。
9883,高梵长款羽绒服给高梵长款羽绒服,1,该用户想表达的含义是：想了解或购买高梵品牌的长款羽绒服。
9884,小米加湿器有没,1,该用户是在询问直播间是否有售卖小米品牌的加湿器。
9885,你穿的毛衣有链接么,1,该用户想询问主播身上所穿毛衣的购买渠道。
9886,国仔啊,0,该用户可能在亲切地称呼主播并试图引起注意，表达对主播的喜爱或互动意愿。
9887,建国呀,0,该用户想表达的含义是：亲切地呼唤主播名字以表达喜爱或互动意愿。
9888,欧莱雅安瓶面膜还能加吗,1,该用户是在询问欧莱雅安瓶面膜是否还能继续补货或加入购物车购买。
9889,娇韵诗,1,该用户可能在询问直播间是否有娇韵诗品牌的产品上架或促销活动。
9890,王建国,0,该用户可能在用昵称亲切地呼唤主播或提及直播间的相关人物。
9891,背一下圣罗兰,1,该用户可能是想询问主播身上背的圣罗兰包是否有货或能否展示细节。
9892,小浣熊,0,该用户可能在询问直播中是否提到或展示了“小浣熊”相关的产品（如零食、玩具等），或是想确认该商品是否有库存或购买链接。
9893,为什么辽宁铁岭不给配送,1,该用户因所在地区无法收货而感到不满，询问为何直播间的商品不支持配送到铁岭。
9894,甄嬛传,0,该用户可能在询问直播间是否有与《甄嬛传》联名或相关的商品在售。
9895,好好看,1,该用户想表达的含义是：对直播展示的商品款式或外观表示赞赏和喜爱。
9896,哈哈哈,0,该用户可能是在附和直播间的轻松氛围，对主播的幽默表现或弹幕中的搞笑内容表示认同和愉悦。
9897,这男的可真能演,0,该用户可能是在调侃主播的推销方式过于夸张或戏剧化，暗示其表演成分大于实际产品介绍。
9898,你们走开,0,该用户可能是在调侃或假装抱怨主播或其他观众互动太多，希望他们别抢镜或影响自己看商品展示。
9899,好看,1,该用户想表达的含义是：对直播中展示的商品或主播的穿搭表示赞赏和喜爱。
9900,海蓝眼霜有没有,1,该用户是在询问直播间是否有售卖海蓝之谜品牌的眼霜产品。
9901,能不能问下还有戴森吹风机吗,1,该用户是在询问戴森吹风机的库存情况，表达了对该产品的购买意向。
9902,有没有男袜,1,该用户想询问直播间是否有男性袜子在售。
9903,好多谐音梗,0,该用户可能是在调侃直播中频繁出现的谐音梗玩笑，觉得主播或观众互动时用了太多这类语言游戏。
9904,罗哥靠谱,0,该用户是在表达对主播罗哥的信任和认可，认为他推荐的产品或直播内容可靠值得购买。
9905,有皇家美素吗,1,该用户是在询问直播间是否有售卖皇家美素这款产品。
9906,是正品吗,1,该用户可能是在询问商品的真伪保障，表现出对产品质量的关注和潜在的购买意向。
9907,这俩炒cp了,0,该用户可能是在调侃直播中两位主播或嘉宾的互动过于亲密或刻意，像是在故意营造“情侣档”效果来吸引观众。
9908,稀物集能看看吗到手几个,1,该用户想询问稀物集商品的展示细节以及购买后的实际到手数量。
9909,上午好,0,该用户可能是在礼貌性打招呼，试图融入直播间的互动氛围，但并未直接表达明确的购买意向。
9910,没了吗,1,该用户可能是在询问直播中提到的某款商品是否已经售罄或下架。
9911,兰蔻防晒直接拍吗,1,该用户想询问是否可以直接下单购买兰蔻防晒产品，无需额外操作或咨询。
9912,修丽可色修有吗修丽可色修有吗修丽可色修有吗,1,该用户急切地询问直播间是否售卖修丽可色修这款产品，表现出明确的购买意向和重复强调的需求。
9913,麻将麻将,1,该用户可能在询问直播间是否有麻将相关商品在售或展示。
9914,手提袋看看,1,该用户想表达的含义是：想看看手提袋的款式或详情介绍。
9915,天呐王建国,0,该用户可能是在表达对嘉宾王建国的惊喜或喜爱之情。
9916,漂亮美女,0,该用户可能是在称赞主播的外貌或整体形象吸引人，但并未直接表达明确的购买意向。
9917,43开价了吗,1,该用户是在询问某款标价43的商品是否已经开始报价或进入售卖环节。
9918,蔻驰的包能介绍一下吗,1,该用户想表达的含义是：对蔻驰品牌包款的具体信息感兴趣，希望主播进行详细介绍以便考虑购买。
9919,有眼霜吗,1,该用户是在询问直播间是否售卖眼霜产品。
9920,加单,1,该用户想表达的含义是：我想再购买一件刚才提到的商品（可能是之前弹幕中询问过的眼霜、吹风机或色修等产品）。
9921,下个可能是我中,0,该用户可能是在参与直播间的抽奖或互动环节，期待自己成为下一个中奖的幸运观众。
9922,老罗小可爱,0,该用户想表达的含义是：以亲昵的称呼表达对主播罗哥的喜爱和支持。
9923,黑色,1,该用户可能在询问当前展示的商品是否有黑色款式可选。
9924,早上好,0,该用户可能是在打招呼或表示自己刚进入直播间，试图融入当前的互动氛围。
9925,怎么不卖普拉达,1,该用户可能是对直播间的商品选择感到不满，暗示希望主播能推荐或上架普拉达品牌的产品。
9926,建国冠军,0,该用户可能在调侃或支持主播提到的某个与“建国”相关的人物或产品（如品牌联名、嘉宾昵称等），表达对其表现的赞赏或互动兴趣。
9927,包包,1,该用户可能是想询问或提醒主播展示/介绍当前提到的蔻驰包款。
9928,建国,0,该用户可能在呼唤或提及直播中出现的某个与“建国”相关的人物或产品，比如主播昵称、品牌联名款或嘉宾名字。
9929,你经历了啥一个男人懂得这么多,0,该用户是在调侃主播（建国）作为男性却对女性化妆品等商品知识了解得非常专业，表达了一种意外和赞赏的混合情绪。
9930,手链好看,1,该用户被展示的手链款式吸引，产生了审美认可和潜在的购买意向。
9931,灰色,1,该用户想表达的含义是：询问商品是否有灰色款式可选。  （结合前文弹幕中频繁出现对具体商品颜色、款式的提问（如“黑色”），且直播内容涉及箱包等商品，可合理推断用户是在补充询问颜色选项。）
9932,建国,0,该用户可能在呼唤或调侃主播王建国，表达对其出现的期待或喜爱。
9933,油皮可以用吗,1,该用户是在询问主播当前推荐的产品是否适合油性肤质使用。
9934,看一下蓝色,1,该用户想表达的含义是：想了解或查看商品中蓝色的款式或选项。
9935,可以七天无理由吗,1,该用户是在询问商品是否支持七天无理由退换服务，以此评估购买风险。
9936,老罗别躲,0,该用户可能在催促主播老罗不要回避或拖延，希望他尽快回应之前的商品介绍或互动请求。
9937,王建国跟李雪琴搭档直播带货肯定大爆,0,该用户是在表达对王建国和李雪琴这对搭档的带货能力充满信心，认为他们的合作会带来极高的销售热度。
9938,36C买哪个,1,该用户想询问适合36C身材的具体商品推荐。
9939,衣服在哪里,1,该用户想询问直播中展示的服装商品的购买链接或具体上架位置。
9940,没抢到,1,该用户因未能成功购买到心仪商品而感到遗憾。
9941,王建国呢,0,该用户可能在询问或期待主播王建国出现在直播中，表现出对这位嘉宾的关注或对其参与直播的期待。
9942,买了气垫,1,该用户想表达的含义是：我已经下单购买了这款气垫产品。
9943,科研室淡斑精华,1,该用户可能是对直播间提到的“科研室淡斑精华”这款产品产生了兴趣，想进一步了解或询问相关细节。
9944,没有了,1,该用户可能是在表达对某款已售罄商品的失望，暗示自己来晚了一步没抢到心仪的产品。
9945,建国嘞,0,该用户可能在询问或调侃主播“王建国”的去向或表现，表达了对这位人物的关注或期待。
9946,店里没搜到这个衣服啊,1,该用户想表达的是：在直播中看到喜欢的服装款式，但在店铺里找不到对应的商品链接。
9947,油皮可以用吗,1,该用户是在询问直播中推荐的产品是否适合油性皮肤使用。
9948,为啥不更脱口秀我是整明白了,0,该用户想表达的含义是：我明白为什么你不继续做脱口秀而转行直播带货了（因为带货更赚钱/更适合你）。
9949,罗老师这是你大侄子来了吗,0,该用户可能在调侃或询问直播间中出现的某位与主播关系亲密的年轻男性是否是主播的亲戚。
9950,在在,0,该用户可能在催促或询问主播“王建国在哪里”，表现出对这位嘉宾的关注或期待。
9951,正平说你来了,0,该用户可能在询问或调侃主播提到的某位人物（如“正平”）是否已经来到直播间参与互动。
9952,爽哥搭配老干部,0,该用户可能在调侃主播的穿搭风格反差大，既有时尚感又带点传统气息。
9953,6瓶是不是箱子装,1,该用户是在询问商品是否为整箱包装的规格，以便确认购买时的物流和收纳方式。
9954,罗老师,0,该用户可能在询问或调侃主播罗老师为何没有出现在镜头前，或者对他身边的人（如提到的“大侄子”）表示好奇。
9955,还有盒子吗,1,该用户可能在询问直播间是否还有商品的包装盒或赠品盒剩余。
9956,还要,1,该用户想表达的含义是：希望主播继续补货或再次上架已售罄的商品。
9957,白金的有吗,1,该用户是在询问直播间是否有白金颜色的商品款式。
9958,有没有打印机,1,该用户可能在询问直播间是否有打印机产品在售或相关优惠信息。
9959,欧莱雅安瓶面膜还能加吗,1,该用户是在询问直播间的库存情况，想知道是否还能继续下单购买欧莱雅安瓶面膜。
9960,卖了一天了,1,该用户可能是在抱怨直播时间过长，暗示商品已经展示很久但自己还在犹豫是否购买。
9961,建国建国建国,0,该用户可能在催促主播王建国尽快露面或参与互动。
9962,最大码多少斤孩子能穿,1,该用户想询问商品的最大尺码对应的体重范围，以判断是否适合自家孩子穿着。
9963,我要中杯,1,该用户想表达的是希望购买直播间正在介绍的中杯规格商品。
9964,没有绿色嘛,1,该用户想询问当前商品是否有绿色款可选。
9965,哈哈哈哈,0,该用户可能被直播间的幽默互动或搞笑场景逗乐，用笑声表达轻松愉悦的情绪。
9966,晚上好,0,该用户可能是在打招呼或表达自己刚进入直播间的存在感，试图融入当前的互动氛围。
9967,7点还有五分钟,0,该用户可能在提醒主播或观众距离7点的促销活动或特定环节只剩五分钟了。
9968,干皮有斑能用吗,1,该用户是在询问这款产品是否适合干性皮肤且有斑点问题的肤质使用。
9969,110多大尺码,1,该用户是在询问商品“110号”对应的具体尺寸或适合的穿着人群。
9970,是川建国么,0,该用户可能在询问直播中出现的某个人物或商品是否与“川建国”（特朗普的中文网络昵称）有关联，或是用此称呼调侃某个相似特征的主播或产品。
9971,志胜志胜,0,该用户可能在呼唤或支持主播志胜，表达对其出场或表现的期待和喜爱。
9972,想要,1,该用户想表达对当前展示商品的购买意愿或希望主播提供该商品。
9973,贴贴,0,该用户想表达的含义是：想和主播或其他观众互动亲近。
9974,抢到了,1,该用户想表达的含义是：成功下单购买了心仪的商品。
9975,建国哥哥呢,0,该用户可能在询问主播“建国”的去向或呼唤其出现，表达了对这位主播或角色的关注和互动意愿。
9976,男主播,0,该用户可能在询问或调侃男主播的去向或身份，结合前文频繁出现的“建国”等称呼，可能是想确认当前主播是否为“建国”或表达对男主播的关注。
9977,大鹏太帅了,0,该用户可能是在夸赞主播的外貌或表现，但并未直接表达对商品的购买兴趣。
9978,有低配款吗,1,该用户想询问当前展示的商品是否有配置较低的版本可选。
9979,小瓶全兴大曲还上吗,1,该用户是在询问主播是否会再次上架小瓶装的全兴大曲酒。
9980,有面霜吗,1,该用户可能在询问直播间是否正在售卖或即将介绍面霜产品，表现出对面霜的兴趣或购买意向。
9981,全新的吗,1,该用户是在确认直播中所展示的商品是否为未使用过的全新品。
9982,没了,1,该用户想表达的含义是：想要的商品已经卖完了。
9983,想抢可乐,1,该用户表达的是对直播中正在促销的可乐产品有强烈的购买意愿和参与抢购的急切心情。
9984,月亮包有吗,1,该用户是在询问直播间是否有售卖“月亮包”这款商品。
9985,海南之谜的面霜是奇迹面霜吗,1,该用户是在询问直播中提到的“海南之谜面霜”是否具备传说中的神奇功效。
9986,最低能穿到多少度,1,该用户想询问这款服装最低适合在什么气温下穿着。
9987,卡死,0,该用户想表达的含义是：直播画面卡顿不流畅，影响观看体验。
9988,男士的没有帽子吗,1,该用户是在询问直播间是否有适合男性款式的帽子商品。
9989,看一下宝格丽那个项链,1,该用户对主播展示的宝格丽项链产生了具体兴趣，希望镜头聚焦或详细介绍该商品。
9990,这和专柜的一样吗,1,该用户想询问直播间的商品是否与线下专柜的品质和规格完全一致。
9991,nar超方瓶粉底液有吗,1,该用户是在询问直播间是否有售卖“nar超方瓶粉底液”这款产品。
9992,罗老师呢,0,该用户可能在询问主播罗老师的去向或为何没有出现在直播中。
9993,黑色穿一下,1,该用户想表达的含义是：让主播试穿一下黑色的款式看看效果。
9994,黄鹤是法人,0,该用户可能在质疑或确认直播商品的品牌背景或公司资质，想了解产品是否来自正规渠道。
9995,看下lv麻将,1,该用户想表达的含义是：让主播展示一下LV品牌的麻将包款式。
9996,想要那个洗面奶,1,该用户表达了对直播中提到的某款洗面奶有明确的购买意向。
9997,老罗不是退出直播了嘛,0,该用户可能是在疑惑为何原本宣布退出直播的罗老师又出现在直播间，对主播身份的变化感到意外。
9998,国仔没有嗨起来,0,"该用户可能在委婉表达对直播氛围或主播状态的不满，认为主播""国仔""表现得不够活跃热情，影响了直播的观看体验。"
9999,想要cpb隔离,1,该用户是在询问直播间是否有售卖CPB品牌的隔离霜产品，并表达了自己的购买意向。
