live_id,species,user_id,user_name,gender,time,content,label1,label2,label3,label
184704568,服饰鞋履,666666,deungnimse^o^:,未知,2025/4/12 22:37,我想看小苹果穿那个格纹套装,1,1,1,1
184704568,服饰鞋履,666666,微熏的猪头肉:,未知,2025/4/12 22:37,小苹果穿96号配白裤子吧!!!!,1,1,1,1
184704568,服饰鞋履,666666,甜甜向上:,未知,2025/4/12 22:37,小苹果账号是什么啊很喜欢,0,0,1,0
184704568,服饰鞋履,666666,香菜骑士:,未知,2025/4/12 22:37,小苹果可以试试40号裤子的黑色吗,1,1,1,1
184704568,服饰鞋履,666666,久在°:,未知,2025/4/12 22:37,什么时候还能发券呀,1,1,1,1
184704568,服饰鞋履,666666,@:,未知,2025/4/12 22:37,79号可以看一下嘛,1,1,1,1
184704568,服饰鞋履,666666,ago:,未知,2025/4/12 22:37,42号165102斤穿S还是M啊,1,1,1,1
184704568,服饰鞋履,666666,嘟嘴大王:,未知,2025/4/12 22:37,160100斤穿S码?????,1,1,1,1
184704568,服饰鞋履,666666,地面猛虎:,未知,2025/4/12 22:37,想看一下96连衣裙,1,1,1,1
184704568,服饰鞋履,666666,ssuwanjjeu_:,未知,2025/4/12 22:37,好漂亮,1,1,1,1
184704568,服饰鞋履,666666,7__:,未知,2025/4/12 22:37,papi粉色泡泡短袖,1,1,1,1
184704568,服饰鞋履,666666,purple:,未知,2025/4/12 22:37,小苹果96,1,1,1,1
184704568,服饰鞋履,666666,九点准备睡觉:,未知,2025/4/12 22:37,苹果8号!!!拜托,1,1,1,1
184704568,服饰鞋履,666666,看美女的号:,未知,2025/4/12 22:37,苹果穿42好不好,1,1,1,1
184704568,服饰鞋履,666666,echo:,未知,2025/4/12 22:37,小苹果的袜子!,1,1,1,1
184704568,服饰鞋履,666666,财源滚滚来:,未知,2025/4/12 22:38,许愿呜呜呜买了好多,0,0,1,0
184704568,服饰鞋履,666666,ago:,未知,2025/4/12 22:38,42号165102斤穿S还是M啊42号165102斤穿S还是M啊,1,1,1,1
184704568,服饰鞋履,666666,Buiizz:,未知,2025/4/12 22:38,里面穿什么内衣阿贴吗?,1,1,1,1
184704568,服饰鞋履,666666,地面猛虎:,未知,2025/4/12 22:38,96想看96,1,1,1,1
184704568,服饰鞋履,666666,看美女的号:,未知,2025/4/12 22:38,nia你怎么可以换发型这么快,0,0,0,0
184704568,服饰鞋履,666666,_新亚小包包:,未知,2025/4/12 22:38,2号免单几点抽呀,0,1,0,0
184704568,服饰鞋履,666666,乐多:,未知,2025/4/12 22:38,明天还播吗,0,0,0,0
184704568,服饰鞋履,666666,财源滚滚来:,未知,2025/4/12 22:38,想要中手链子,1,1,1,1
184704568,服饰鞋履,666666,迪迪在这里:,未知,2025/4/12 22:38,来晚了goodbai还能有吗呜呜呜,0,1,1,1
184704568,服饰鞋履,666666,溏心蛋大王:,未知,2025/4/12 22:38,还有50的券吗,1,0,1,1
184704568,服饰鞋履,666666,酸奶油:,未知,2025/4/12 22:38,中一次,0,0,1,0
184704568,服饰鞋履,666666,鹅跟你讲:,未知,2025/4/12 22:38,@agom码宝,0,0,0,0
184704568,服饰鞋履,666666,Marks:,未知,2025/4/12 22:38,没货了,1,1,1,1
184704568,服饰鞋履,666666,哆米哆哆:,未知,2025/4/12 22:39,求讲解100,1,1,1,1
184704568,服饰鞋履,666666,purple:,未知,2025/4/12 22:39,想看96,0,1,1,1
184704568,服饰鞋履,666666,哆米哆哆:,未知,2025/4/12 22:39,想看100,0,1,1,1
184704568,服饰鞋履,666666,YuuFeii-:,未知,2025/4/12 22:39,抽中我,0,0,0,0
184704568,服饰鞋履,666666,摇摇七喜:,未知,2025/4/12 22:39,明天还播嘛,0,0,0,0
184704568,服饰鞋履,666666,鹅跟你讲:,未知,2025/4/12 22:39,@Buiizz宝30号链接,1,0,0,0
184704568,服饰鞋履,666666,sunny:,未知,2025/4/12 22:39,还有券吗,1,0,1,1
184704568,服饰鞋履,666666,笑呗:,未知,2025/4/12 22:39,珍珠小狗的t还有么,1,1,1,1
184704568,服饰鞋履,666666,Alano:,未知,2025/4/12 22:39,goodbai还补货嘛,1,1,1,1
184704568,服饰鞋履,666666,你要这样想我也没办法:,未知,2025/4/12 22:39,nina多高多重,0,0,0,0
184704568,服饰鞋履,666666,earrr:,未知,2025/4/12 22:39,goodbai还有吗,0,1,1,1
184704568,服饰鞋履,666666,mikkoWWWwww:,未知,2025/4/12 22:39,动物裙m码,1,1,1,1
184704568,服饰鞋履,666666,Chloe薄荷酒:,未知,2025/4/12 22:39,没有码了,1,1,1,1
184704568,服饰鞋履,666666,料好运:,未知,2025/4/12 22:39,@mikkoWWWwww稍等宝宝,0,0,0,0
184704568,服饰鞋履,666666,mikkoWWWwww:,未知,2025/4/12 22:39,动物裙m码还有吗,1,1,1,1
184704568,服饰鞋履,666666,鼠尾草的夏天:,未知,2025/4/12 22:39,80号m码补不了吗,1,1,1,1
184704568,服饰鞋履,666666,地面猛虎:,未知,2025/4/12 22:39,nia试一下96看看叭,1,1,1,1
184704568,服饰鞋履,666666,YuuFeii-:,未知,2025/4/12 22:39,是我!,0,0,0,0
184704568,服饰鞋履,666666,ssszj:,未知,2025/4/12 22:39,我觉得nia真的超适合白色,1,1,1,1
184704568,服饰鞋履,666666,goooooog:,未知,2025/4/12 22:39,s没了,1,1,1,1
184704568,服饰鞋履,666666,Lalala在干嘛呀:,未知,2025/4/12 22:39,nia吃饭了吗,0,0,0,0
184704568,服饰鞋履,666666,luckyoneisme:,未知,2025/4/12 22:40,好漂亮,1,1,1,1
184704568,服饰鞋履,666666,@:,未知,2025/4/12 22:40,s没货了,1,1,1,1
184704568,服饰鞋履,666666,luckyoneisme:,未知,2025/4/12 22:40,nia宝宝,0,0,0,0
184704568,服饰鞋履,666666,daidai:,未知,2025/4/12 22:40,2th2th的黑白蕾丝上衣还没有抽半价宝宝们,1,0,0,0
184704568,服饰鞋履,666666,快乐返程:,未知,2025/4/12 22:40,手链长啥样呀,1,1,1,1
184704568,服饰鞋履,666666,Saki:,未知,2025/4/12 22:40,南法少女!!!!,0,0,0,0
184704568,服饰鞋履,666666,杏芋小尹:,未知,2025/4/12 22:40,Jennie,0,0,0,0
184704568,服饰鞋履,666666,一颗小草莓:,未知,2025/4/12 22:40,jennie!!!,0,0,0,0
184704568,服饰鞋履,666666,发财症患者:,未知,2025/4/12 22:40,Papilav,0,0,0,0
184704568,服饰鞋履,666666,7__:,未知,2025/4/12 22:40,papi粉色泡泡短袖,1,1,1,1
184704568,服饰鞋履,666666,叔柏:,未知,2025/4/12 22:40,小苹果试一下黑色挂脖裙吧,1,1,1,1
184704568,服饰鞋履,666666,微熏的猪头肉:,未知,2025/4/12 22:40,小苹果穿96号配白裤子吧!!!!,1,1,1,1
184704568,服饰鞋履,666666,deungnimse^o^:,未知,2025/4/12 22:40,妈呀好美,1,1,1,1
184704568,服饰鞋履,666666,Nana:,未知,2025/4/12 22:40,nia还在波播播,0,0,0,0
184704568,服饰鞋履,666666,扣酱:,未知,2025/4/12 22:40,141什么时候讲,1,1,1,1
184704568,服饰鞋履,666666,天天天蓝:,未知,2025/4/12 22:40,jolly的毛衣还有半价抽吗,1,1,1,1
184704568,服饰鞋履,666666,绝对妮妮:,未知,2025/4/12 22:40,我去超美,0,0,0,0
184704568,服饰鞋履,666666,cc:,未知,2025/4/12 22:40,怎么抽半价啊,1,1,1,1
184704568,服饰鞋履,666666,_lucky mi:,未知,2025/4/12 22:40,抽福袋要粉丝团吗,0,0,1,0
184704568,服饰鞋履,666666,哆米哆哆:,未知,2025/4/12 22:40,求讲解100,1,1,1,1
184704568,服饰鞋履,666666,Lalala在干嘛呀:,未知,2025/4/12 22:40,jennie,0,0,0,0
184704568,服饰鞋履,666666,小红薯6709E534:,未知,2025/4/12 22:41,进来以为是jennie,0,0,0,0
184704568,服饰鞋履,666666,明年今日:,未知,2025/4/12 22:41,30号内衣抽半价了吗,1,1,1,1
184704568,服饰鞋履,666666,膏膏wrn（学习版）:,未知,2025/4/12 22:41,Jennie,0,0,0,0
184704568,服饰鞋履,666666,地面猛虎:,未知,2025/4/12 22:41,96什么时候试呀,1,1,1,1
184704568,服饰鞋履,666666,早早睡呀:,未知,2025/4/12 22:41,小苹果5号5号5号,1,1,1,1
184704568,服饰鞋履,666666,momo:,未知,2025/4/12 22:41,直播到几点呀,0,0,0,0
184704568,服饰鞋履,666666,EKE-PARTY（电子匕首）:,未知,2025/4/12 22:41,45裤子172/105穿多大码呀,1,1,1,1
184704568,服饰鞋履,666666,goooooog:,未知,2025/4/12 22:41,只有xs了,0,1,0,0
184704568,服饰鞋履,666666,九点准备睡觉:,未知,2025/4/12 22:41,下一套吧,0,1,0,0
184704568,服饰鞋履,666666,扣酱:,未知,2025/4/12 22:41,141什么时候试,1,1,1,1
184704568,服饰鞋履,666666,予望|慎独书院:,未知,2025/4/12 22:41,为什么S码的没了,1,1,1,1
184704568,服饰鞋履,666666,L :,未知,2025/4/12 22:41,穿裙子要刮腿毛吗,0,0,1,0
184704568,服饰鞋履,666666,momo:,未知,2025/4/12 22:42,宝宝你从下午两点播到现在吗,0,0,0,0
184704568,服饰鞋履,666666,我要睡觉噜:,未知,2025/4/12 22:42,这个腰部有弹力吗,1,1,1,1
184704568,服饰鞋履,666666,Niya:,未知,2025/4/12 22:42,s还补吗,1,1,1,1
184704568,服饰鞋履,666666,牛骷颅甄嬛:,未知,2025/4/12 22:42,好美裙子下摆条纹好特别综合了,1,1,1,1
184704568,服饰鞋履,666666,地面猛虎:,未知,2025/4/12 22:42,求讲解96号商品,1,1,1,1
184704568,服饰鞋履,666666,purple:,未知,2025/4/12 22:42,小苹果96,1,1,1,1
184704568,服饰鞋履,666666,微熏的猪头肉:,未知,2025/4/12 22:42,小苹果穿96号配白裤子吧!!!!,1,1,1,1
184704568,服饰鞋履,666666,面包脑袋:,未知,2025/4/12 22:42,"哇,好好看啊",1,1,1,1
184704568,服饰鞋履,666666,料好运:,未知,2025/4/12 22:42,连衣裙再给大家加库存!,1,1,1,1
184704568,服饰鞋履,666666,:,未知,2025/4/12 22:42,裙子没货了吗,1,1,1,1
184704568,服饰鞋履,666666,没有名字:,未知,2025/4/12 22:42,有个格子半身裙可以当抹胸那个没上吗,1,1,1,1
184704568,服饰鞋履,666666,两坨西瓜（减脂期:,未知,2025/4/12 22:42,卧槽!!!好美!!,1,1,1,1
184704568,服饰鞋履,666666,小红薯6709E534:,未知,2025/4/12 22:42,感觉这套好适合你小苹果!!!眼前一亮的感觉,1,0,0,0
184704568,服饰鞋履,666666,钮祜禄阿周:,未知,2025/4/12 22:42,珍妮同款小狗短袖还有吗,1,1,1,1
184704568,服饰鞋履,666666,niaoniao要发财:,未知,2025/4/12 22:42,这个好好看,1,1,1,1
184704568,服饰鞋履,666666,_新亚小包包:,未知,2025/4/12 22:42,小苹果穿这条群子好好看!,1,1,1,1
184704568,服饰鞋履,666666,面包脑袋:,未知,2025/4/12 22:42,好好看好好看,1,1,1,1
184704568,服饰鞋履,666666,L x_:,未知,2025/4/12 22:42,买了这套!,0,0,1,0
184704568,服饰鞋履,666666,地面猛虎:,未知,2025/4/12 22:42,想看96,0,1,1,1
184704568,服饰鞋履,666666,蓝莓:,未知,2025/4/12 22:42,妈呀nia还在播,0,0,0,0
184704568,服饰鞋履,666666,:,未知,2025/4/12 22:42,91号没货了吗,1,1,1,1
184704568,服饰鞋履,666666,momo:,未知,2025/4/12 22:43,宝宝你们从下午两点播到现在吗,0,0,0,0
184704568,服饰鞋履,666666,微熏的猪头肉:,未知,2025/4/12 22:43,时尚的完成在脸,0,0,0,0
184704568,服饰鞋履,666666,_新亚小包包:,未知,2025/4/12 22:43,小苹果穿的是什么码,0,1,1,1
184704568,服饰鞋履,666666,小红薯6046F57B:,未知,2025/4/12 22:43,小苹果穿好看,1,1,1,1
184704568,服饰鞋履,666666,鹅跟你讲:,未知,2025/4/12 22:43,@momo是的宝,0,0,0,0
184704568,服饰鞋履,666666,鹅跟你讲:,未知,2025/4/12 22:43,@_新亚小包包M码宝,1,0,0,0
184704568,服饰鞋履,666666,苹果桃:,未知,2025/4/12 22:43,105求讲解,1,1,1,1
184704568,服饰鞋履,666666,purple:,未知,2025/4/12 22:43,小苹果9696969696,1,1,1,1
184704568,服饰鞋履,666666,今天就开始早睡:,未知,2025/4/12 22:43,现在穿的是几号,1,1,1,1
184704568,服饰鞋履,666666,-XuRxUE-:,未知,2025/4/12 22:43,穿的什么码,0,1,1,1
184704568,服饰鞋履,666666,_新亚小包包:,未知,2025/4/12 22:43,谢谢～,0,0,0,0
184704568,服饰鞋履,666666,SnoWflakee呀:,未知,2025/4/12 22:43,站远点,0,0,0,0
184704568,服饰鞋履,666666,purple:,未知,2025/4/12 22:43,可以讲96吗,1,1,1,1
184704568,服饰鞋履,666666,啵唧一大口:,未知,2025/4/12 22:43,100求讲解,1,1,1,1
184704568,服饰鞋履,666666,地面猛虎:,未知,2025/4/12 22:43,求讲解96号商品,1,1,1,1
184704568,服饰鞋履,666666,烦恼全5:,未知,2025/4/12 22:43,小苹果可以试试8号吗,1,1,1,1
184704568,服饰鞋履,666666,面包脑袋:,未知,2025/4/12 22:43,好好看,1,1,1,1
184704568,服饰鞋履,666666,一个moment:,未知,2025/4/12 22:43,101、102,1,1,1,1
184704568,服饰鞋履,666666,笑呗:,未知,2025/4/12 22:43,珍珠小狗t,1,1,1,1
184704568,服饰鞋履,666666,叔柏:,未知,2025/4/12 22:43,小苹果试一下黑色挂脖吧,1,1,1,1
184704568,服饰鞋履,666666,鼠尾草的夏天:,未知,2025/4/12 22:43,80m码补不了吗,1,1,1,1
184704568,服饰鞋履,666666,我有钱了:,未知,2025/4/12 22:43,小苹果穿的什么码,0,1,1,1
184704568,服饰鞋履,666666,SnoWflakee呀:,未知,2025/4/12 22:43,鞋子穿的多少CM,1,1,1,1
184704568,服饰鞋履,666666,purple:,未知,2025/4/12 22:43,小苹果969696,1,1,1,1
184704568,服饰鞋履,666666,叔柏:,未知,2025/4/12 22:43,小苹果能试一下黑色挂脖裙吗,1,1,1,1
184704568,服饰鞋履,666666,微熏的猪头肉:,未知,2025/4/12 22:43,小苹果穿96号配白裤子吧!!!!,1,1,1,1
184704568,服饰鞋履,666666,鹅跟你讲:,未知,2025/4/12 22:44,@今天就开始早睡5号链接宝,1,0,0,0
184704568,服饰鞋履,666666,Oguri shun.z:,未知,2025/4/12 22:44,美美嘟,1,0,0,0
184704568,服饰鞋履,666666,信息仓鼠:,未知,2025/4/12 22:44,小苹果多高多重,1,1,1,1
184704568,服饰鞋履,666666,九点准备睡觉:,未知,2025/4/12 22:44,苹果换个包背一下讷,1,0,0,0
184704568,服饰鞋履,666666,土豆脑袋:,未知,2025/4/12 22:44,可不可以搭98号罩衫试试,1,1,1,1
184704568,服饰鞋履,666666,电梯不坏:,未知,2025/4/12 22:44,墨镜推荐什么色,1,1,1,1
184704568,服饰鞋履,666666,鹅跟你讲:,未知,2025/4/12 22:44,"@烦恼全5宝,可以看看回放讲解哦",1,0,0,0
184704568,服饰鞋履,666666,Jenna:,未知,2025/4/12 22:44,带墨镜看一下,1,1,1,1
184704568,服饰鞋履,666666,Guayjjj:,未知,2025/4/12 22:44,139可以穿穿吗,1,1,1,1
184704568,服饰鞋履,666666,小红薯6046F57B:,未知,2025/4/12 22:44,小苹果好美,1,1,1,1
184704568,服饰鞋履,666666,我有钱了:,未知,2025/4/12 22:44,小苹果穿什么码,1,1,1,1
184704568,服饰鞋履,666666,珍珠啊:,未知,2025/4/12 22:44,抽一下这套半价吧,0,1,0,0
184704568,服饰鞋履,666666,一个moment:,未知,2025/4/12 22:44,101、102,1,1,1,1
184704568,服饰鞋履,666666,没有名字:,未知,2025/4/12 22:44,有个格子半身裙可以当抹胸那个没上吗,1,1,1,1
184704568,服饰鞋履,666666,地面猛虎:,未知,2025/4/12 22:44,96号96号,1,1,1,1
184704568,服饰鞋履,666666,鹅跟你讲:,未知,2025/4/12 22:44,"@信息仓鼠宝,右上角信息卡有哦宝",0,0,0,0
184704568,服饰鞋履,666666,笑呗:,未知,2025/4/12 22:44,在几号呀,1,1,1,1
184704568,服饰鞋履,666666,鹅跟你讲:,未知,2025/4/12 22:44,@电梯不坏推荐玳瑁色宝,0,0,1,0
184704568,服饰鞋履,666666,鹅跟你讲:,未知,2025/4/12 22:44,@笑呗5号链接宝,1,0,0,0
184704568,服饰鞋履,666666,。。。:,未知,2025/4/12 22:44,等好久了,0,0,0,0
184704568,服饰鞋履,666666,冻梨:,未知,2025/4/12 22:44,这条裙子高个子穿会不会短,1,1,1,1
184704568,服饰鞋履,666666,SnoWflakee呀:,未知,2025/4/12 22:44,鞋子多少跟高,1,1,1,1
184704568,服饰鞋履,666666,笑呗:,未知,2025/4/12 22:45,珍珠小狗t在几号,1,1,1,1
184704568,服饰鞋履,666666,番茄:,未知,2025/4/12 22:45,27号链接没有了嘛,1,1,1,1
184704568,服饰鞋履,666666,耶耶耶耶:,未知,2025/4/12 22:45,能不能看看mardi,1,1,1,1
184704568,服饰鞋履,666666,ECLIPSE:,未知,2025/4/12 22:45,裤子是几号链接啊,1,1,1,1
184704568,服饰鞋履,666666,Guayjjj:,未知,2025/4/12 22:45,139可以看看吗,1,1,1,1
184704568,服饰鞋履,666666,早睡yu:,未知,2025/4/12 22:45,内搭穿的什么啊,0,1,1,1
184704568,服饰鞋履,666666,薛青呀:,未知,2025/4/12 22:45,求讲解水果爱144号商品,1,1,1,1
184704568,服饰鞋履,666666,想什么来什么:,未知,2025/4/12 22:45,内搭什么,1,1,1,1
184704568,服饰鞋履,666666,hheny:,未知,2025/4/12 22:45,裤子什么码呀,1,1,1,1
184704568,服饰鞋履,666666,十元爱元宝（财运亨通）:,未知,2025/4/12 22:45,内搭是哪个呀,1,1,1,1
184704568,服饰鞋履,666666,金光福气小宝:,未知,2025/4/12 22:45,吃饭了吗乖乖,0,0,0,0
184704568,服饰鞋履,666666,Alano:,未知,2025/4/12 22:45,呆呆!!!!我超爱特别美,0,0,0,0
184704568,服饰鞋履,666666,酸奶味的吗:,未知,2025/4/12 22:45,裤子几号链接,1,1,1,1
184704568,服饰鞋履,666666,炸虾仁大侠:,未知,2025/4/12 22:45,求讲解38号商品,1,1,1,1
184704568,服饰鞋履,666666,苹果桃:,未知,2025/4/12 22:45,纱的吗,1,1,1,1
184704568,服饰鞋履,666666,困到变了形:,未知,2025/4/12 22:45,小苹果可以试一下4号吗,1,1,1,1
184704568,服饰鞋履,666666,糯米麻薯糕:,未知,2025/4/12 22:46,宝宝你这个白裤子买的什么码,1,1,1,1
184704568,服饰鞋履,666666,好运美眉:,未知,2025/4/12 22:46,裤子呢,1,1,1,1
184704568,服饰鞋履,666666,鹅跟你讲:,未知,2025/4/12 22:46,@糯米麻薯糕s码宝,1,0,0,0
184704568,服饰鞋履,666666,Guayjjj:,未知,2025/4/12 22:46,南法那个想再看看,1,1,1,1
184704568,服饰鞋履,666666,lin:,未知,2025/4/12 22:46,"105链接讲解一下,等了半天了",1,1,1,1
184704568,服饰鞋履,666666,哆米哆哆:,未知,2025/4/12 22:46,求讲解100,1,1,1,1
184704568,服饰鞋履,666666,橘子苹果梨:,未知,2025/4/12 22:46,宝宝一天没吃饭吗,0,0,0,0
184704568,服饰鞋履,666666,maozuii:,未知,2025/4/12 22:46,喝了几杯咖啡了?,0,0,0,0
184704568,服饰鞋履,666666,甜不辣:,未知,2025/4/12 22:46,3号鞋子能补吗,1,1,1,1
184704568,服饰鞋履,666666,momo:,未知,2025/4/12 22:46,裤子是哪个,1,1,1,1
184704568,服饰鞋履,666666,料好运:,未知,2025/4/12 22:46,妮一整套在右上角信息卡～,1,1,1,1
184704568,服饰鞋履,666666,吃堡:,未知,2025/4/12 22:46,宝宝我从开播陪你到现在!!!,0,0,0,0
184704568,服饰鞋履,666666,啊澜:,未知,2025/4/12 22:46,后面呢,1,0,0,0
184704568,服饰鞋履,666666,一个moment:,未知,2025/4/12 22:47,101、102,1,1,1,1
184704568,服饰鞋履,666666,鹅跟你讲:,未知,2025/4/12 22:47,"@Guayjjj宝,可以看看回放讲解哦",0,0,1,0
184704568,服饰鞋履,666666,阿xiao轲:,未知,2025/4/12 22:47,69号橘色外套要拍大一码宽松穿嘛,1,1,1,1
184704568,服饰鞋履,666666,你要这样想我也没办法:,未知,2025/4/12 22:47,链接1的半价已经抽完了吗,1,1,1,1
184704568,服饰鞋履,666666,九点准备睡觉:,未知,2025/4/12 22:47,苹果试一下8号吧,1,1,1,1
184704568,服饰鞋履,666666,Tombilboos_:,未知,2025/4/12 22:47,可以让商家包个邮吗,0,0,1,0
184704568,服饰鞋履,666666,lin:,未知,2025/4/12 22:47,"讲解一下105号链接,谢谢",1,1,1,1
184704568,服饰鞋履,666666,xyy小鱼:,未知,2025/4/12 22:47,裤子是那个,1,1,1,1
184704568,服饰鞋履,666666,春天吃草莓夏天吃西瓜:,未知,2025/4/12 22:47,我也从开播到现在啦,0,0,0,0
184704568,服饰鞋履,666666,一条幸运锦鲤:,未知,2025/4/12 22:47,裤子是?,1,1,1,1
184704568,服饰鞋履,666666,Yakultxx_:,未知,2025/4/12 22:47,还要邮费吗这个,0,0,1,0
184704568,服饰鞋履,666666,十元爱元宝（财运亨通）:,未知,2025/4/12 22:47,"居然不包邮,下次把价格打下来!",0,0,1,0
184704568,服饰鞋履,666666,三十:,未知,2025/4/12 22:47,裤子呢,1,1,1,1
184704568,服饰鞋履,666666,lamao:,未知,2025/4/12 22:47,求讲解116,1,1,1,1
184704568,服饰鞋履,666666,小葵花:,未知,2025/4/12 22:47,辛苦了nia一直播到现在,0,0,0,0
184704568,服饰鞋履,666666,竹汁:,未知,2025/4/12 22:47,怎么领取奖品啊,1,0,0,0
184704568,服饰鞋履,666666,吃点可爱多吗:,未知,2025/4/12 22:47,想问问35号阿迪鞋子码数正吗,1,1,1,1
184704568,服饰鞋履,666666,宁有宁:,未知,2025/4/12 22:47,辛苦了,0,0,0,0
184704568,服饰鞋履,666666,Guayjjj:,未知,2025/4/12 22:47,139没有讲解回放啊,1,1,1,1
184704568,服饰鞋履,666666,lin:,未知,2025/4/12 22:47,105、105、105、105……,1,1,1,1
184704568,服饰鞋履,666666,cllcoco:,未知,2025/4/12 22:47,有券吗,1,1,1,1
184704568,服饰鞋履,666666,下班kuaile:,未知,2025/4/12 22:47,"说太快了,没记住",0,0,0,0
184704568,服饰鞋履,666666,鹅跟你讲:,未知,2025/4/12 22:47,@阿xiao轲如果喜欢宽松感觉的宝可以拍大一码,0,0,1,0
184704568,服饰鞋履,666666,purple:,未知,2025/4/12 22:47,可以看96吗,1,1,1,1
184704568,服饰鞋履,666666,鹅跟你讲:,未知,2025/4/12 22:47,"@一条幸运锦鲤右上角信息卡有全套链接哦,宝",0,0,1,0
184704568,服饰鞋履,666666,料好运:,未知,2025/4/12 22:47,@下班kuaile宝宝你多少,0,0,0,0
184704568,服饰鞋履,666666,yino:,未知,2025/4/12 22:47,主包多高,0,0,1,0
184704568,服饰鞋履,666666,料好运:,未知,2025/4/12 22:47,妮一整套在右上角信息卡,0,1,0,0
184704568,服饰鞋履,666666,nia886:,未知,2025/4/12 22:48,nia正在上身eyb裤子免单两位!正在抽奖中~,0,0,1,0
184704568,服饰鞋履,666666,醒醒别睡la:,未知,2025/4/12 22:48,想看96,0,1,1,1
184704568,服饰鞋履,666666,Yakultxx_:,未知,2025/4/12 22:48,为啥要邮费,0,0,1,0
184704568,服饰鞋履,666666,MaggieKwong:,未知,2025/4/12 22:48,主播是nia吗,0,0,0,0
184704568,服饰鞋履,666666,鹅跟你讲:,未知,2025/4/12 22:48,@lin晚点试试哦宝,0,0,0,0
184704568,服饰鞋履,666666,没头脑*:,未知,2025/4/12 22:48,超喜欢,0,1,1,1
184704568,服饰鞋履,666666,鹅跟你讲:,未知,2025/4/12 22:48,"@Yakultxx_宝,可以看看商品详情页哦",0,0,1,0
184704568,服饰鞋履,666666,薛青呀:,未知,2025/4/12 22:48,求讲解水果爱144,1,1,1,1
184704568,服饰鞋履,666666,lin:,未知,2025/4/12 22:48,"105请讲解,谢谢",1,1,1,1
184704568,服饰鞋履,666666,purple:,未知,2025/4/12 22:48,nia可以看看96吗,1,1,1,1
184704568,服饰鞋履,666666,黄油饼干:,未知,2025/4/12 22:48,我有这条裤子,1,0,0,0
184704568,服饰鞋履,666666,Prospect:,未知,2025/4/12 22:48,goodbai还有吗,0,1,1,1
184704568,服饰鞋履,666666,没头脑*:,未知,2025/4/12 22:48,这个裤子,1,1,1,1
184704568,服饰鞋履,666666,hheny:,未知,2025/4/12 22:48,裤子167105要穿什么码,1,1,1,1
184704568,服饰鞋履,666666,小鱼干.:,未知,2025/4/12 22:48,超喜欢这条裤子的紫色!!!,1,1,1,1
184704568,服饰鞋履,666666,天天天蓝:,未知,2025/4/12 22:48,jolly的毛衣啥时候有抽免单,0,0,1,0
184704568,服饰鞋履,666666,Guayjjj:,未知,2025/4/12 22:48,139没有啊讲解回放啊,1,1,1,1
184704568,服饰鞋履,666666,鹅跟你讲:,未知,2025/4/12 22:48,"@xyy小鱼宝,40号链接",0,0,1,0
184704568,服饰鞋履,666666,黄油饼干:,未知,2025/4/12 22:48,好看嘟,1,1,1,1
184704568,服饰鞋履,666666,三十:,未知,2025/4/12 22:48,穿的什么码数,0,1,1,1
184704568,服饰鞋履,666666,purple:,未知,2025/4/12 22:48,还想看小苹果穿96,0,1,1,1
184704568,服饰鞋履,666666,天天天蓝:,未知,2025/4/12 22:48,抽半价说错了,0,0,1,0
184704568,服饰鞋履,666666,十元爱元宝（财运亨通）:,未知,2025/4/12 22:48,Nia贝贝让它包个邮吗,0,1,1,1
184704568,服饰鞋履,666666,没头脑*:,未知,2025/4/12 22:48,白色好看,1,1,1,1
184704568,服饰鞋履,666666,黄油饼干:,未知,2025/4/12 22:48,我想要内衣半价,1,1,1,1
184704568,服饰鞋履,666666,超喜欢香菜:,未知,2025/4/12 22:48,紫色怎么样,1,1,1,1
184704568,服饰鞋履,666666,白鬼院凛凛蝶:,未知,2025/4/12 22:48,"宝宝,白色还是黑色",0,1,1,1
184704568,服饰鞋履,666666,一只美美哒懒洋洋:,未知,2025/4/12 22:48,黑色白色都买了,1,1,1,1
184704568,服饰鞋履,666666,小鱼干.:,未知,2025/4/12 22:48,许愿许愿,0,0,0,0
184704568,服饰鞋履,666666,天天天蓝:,未知,2025/4/12 22:49,想要jolly的黑色毛衣抽半价,1,1,1,1
184704568,服饰鞋履,666666,Tombilboos_:,未知,2025/4/12 22:49,可以让商家包个邮吗,0,0,1,0
184704568,服饰鞋履,666666,一只美美哒懒洋洋:,未知,2025/4/12 22:49,前面买的还有机会中奖吗,1,1,1,1
184704568,服饰鞋履,666666,薛青呀:,未知,2025/4/12 22:49,求讲解144商品,1,1,1,1
184704568,服饰鞋履,666666,一个moment:,未知,2025/4/12 22:49,101、102,1,1,1,1
184704568,服饰鞋履,666666,riice:,未知,2025/4/12 22:49,裤子是视频里跟那个黄色格子无袖上衣搭的那个吗,1,1,1,1
184704568,服饰鞋履,666666,yino:,未知,2025/4/12 22:49,主包多高,1,0,0,0
184704568,服饰鞋履,666666,purple:,未知,2025/4/12 22:49,想看96,0,1,1,1
184704568,服饰鞋履,666666,没头脑*:,未知,2025/4/12 22:49,我也喜欢,0,0,0,0
184704568,服饰鞋履,666666,木木:,未知,2025/4/12 22:49,更推荐那个颜色啊,1,1,1,1
184704568,服饰鞋履,666666,miiilk_w:,未知,2025/4/12 22:49,许愿许愿白裤子,1,1,1,1
184704568,服饰鞋履,666666,没头脑*:,未知,2025/4/12 22:49,可爱nia,0,1,0,0
184704568,服饰鞋履,666666,叔柏:,未知,2025/4/12 22:49,小苹果能试一下黑色挂脖裙吗,1,1,1,1
184704568,服饰鞋履,666666,下班kuaile:,未知,2025/4/12 22:49,nia你家里的xs会勒腋下嘛,1,1,1,1
184704568,服饰鞋履,666666,鹅跟你讲:,未知,2025/4/12 22:49,@一只美美哒懒洋洋有的宝,0,0,0,0
184704568,服饰鞋履,666666,Bravo:,未知,2025/4/12 22:49,nia播了这么久了好辛苦,0,0,0,0
184704568,服饰鞋履,666666,工业酒精:,未知,2025/4/12 22:49,背心也有吗,1,1,1,1
184704568,服饰鞋履,666666,是汐汐:,未知,2025/4/12 22:49,看一天了希望中,0,0,0,0
184704568,服饰鞋履,666666,超喜欢香菜:,未知,2025/4/12 22:49,78抽了吗宝,0,1,0,0
184704568,服饰鞋履,666666,哆米哆哆:,未知,2025/4/12 22:49,求讲解100,1,1,1,1
184704568,服饰鞋履,666666,超喜欢香菜:,未知,2025/4/12 22:49,能不能再看看78,1,1,1,1
184704568,服饰鞋履,666666,吃个饼干:,未知,2025/4/12 22:49,这裤子我上次买了超级好穿,1,1,1,1
184704568,服饰鞋履,666666,鼠尾草的夏天:,未知,2025/4/12 22:49,90m码不补了吗,1,1,1,1
184704568,服饰鞋履,666666,没头脑*:,未知,2025/4/12 22:49,笑死我,0,0,0,0
184704568,服饰鞋履,666666,薛青呀:,未知,2025/4/12 22:49,求讲解144号商品,1,1,1,1
184704568,服饰鞋履,666666,幸运:,未知,2025/4/12 22:49,好看好看,1,1,1,1
184704568,服饰鞋履,666666,purple:,未知,2025/4/12 22:49,我想看96,0,1,1,1
184704568,服饰鞋履,666666,WOOVH:,未知,2025/4/12 22:49,笔记本有抽奖吗,0,0,1,0
184704568,服饰鞋履,666666,看美女的号:,未知,2025/4/12 22:49,"小苹果把挂脖的都试一遍好不,爱你",0,0,0,0
184704568,服饰鞋履,666666,Lucky小羊:,未知,2025/4/12 22:50,裤子在多少链接,1,1,1,1
184704568,服饰鞋履,666666,没头脑*:,未知,2025/4/12 22:50,小红书抽我,0,0,0,0
184704568,服饰鞋履,666666,Guayjjj:,未知,2025/4/12 22:50,小苹果穿穿38,1,1,1,1
184704568,服饰鞋履,666666,杨圆圆爱油葵:,未知,2025/4/12 22:50,姐姐身高体重多少,0,0,0,0
184704568,服饰鞋履,666666,薛青呀:,未知,2025/4/12 22:50,想看144号商品,1,1,1,1
184704568,服饰鞋履,666666,momo:,未知,2025/4/12 22:50,想看小苹果穿白色2th上衣,1,1,1,1
184704568,服饰鞋履,666666,想发疯可以忍住吗:,未知,2025/4/12 22:50,橙色衬衫什么时候讲,1,1,1,1
184704568,服饰鞋履,666666,素甜饼:,未知,2025/4/12 22:50,小苹果可以试一下54吗,1,1,1,1
184704568,服饰鞋履,666666,看美女的号:,未知,2025/4/12 22:50,小苹果穿黄色挂脖嘛,1,1,1,1
184704568,服饰鞋履,666666,momo:,未知,2025/4/12 22:50,宝宝你们从下午两点播到现在吗,0,0,0,0
184704568,服饰鞋履,666666,发财夹子～:,未知,2025/4/12 22:50,78号抽半价了么,1,1,1,1
184704568,服饰鞋履,666666,吃太慢:,未知,2025/4/12 22:50,橙色背心,1,1,1,1
184704568,服饰鞋履,666666,吃太慢:,未知,2025/4/12 22:50,橙色背心看看,1,1,1,1
184704568,服饰鞋履,666666,小sao:,未知,2025/4/12 22:50,小苹果穿这个好温柔,0,1,0,0
184704568,服饰鞋履,666666,是汐汐:,未知,2025/4/12 22:50,小红书宠我一次吧!,0,0,0,0
184704568,服饰鞋履,666666,purple:,未知,2025/4/12 22:50,想看969696,0,1,1,1
184704568,服饰鞋履,666666,番茄小子的鱼缸:,未知,2025/4/12 22:50,小苹果可以穿穿55号吗,1,1,1,1
184704568,服饰鞋履,666666,&&:,未知,2025/4/12 22:50,可以再穿流浪鞋和跆拳道鞋对比吗,1,1,1,1
184704568,服饰鞋履,666666,番茄小子的鱼缸:,未知,2025/4/12 22:50,小苹果可以试55号吗,1,1,1,1
184704568,服饰鞋履,666666,仔仔olo:,未知,2025/4/12 22:50,小苹果试试4号链接可以吗,1,1,1,1
184704568,服饰鞋履,666666,抹茶冰淇淋:,未知,2025/4/12 22:50,锦鲤附体,0,0,0,0
184704568,服饰鞋履,666666,nia886:,未知,2025/4/12 22:50,@momo是嘟,0,0,0,0
184704568,服饰鞋履,666666,微熏的猪头肉:,未知,2025/4/12 22:50,小苹果穿96号配白裤子吧!!!!,1,1,1,1
184704568,服饰鞋履,666666,超喜欢香菜:,未知,2025/4/12 22:50,78能不能在试一试nia,1,1,1,1
184704568,服饰鞋履,666666,烦恼全5:,未知,2025/4/12 22:51,小苹果可以试试8号吗,1,1,1,1
184704568,服饰鞋履,666666,_新亚小包包:,未知,2025/4/12 22:51,2号免单几点抽呀,0,1,0,0
184704568,服饰鞋履,666666,是汐汐:,未知,2025/4/12 22:51,好运来好运来,0,0,0,0
184704568,服饰鞋履,666666,超喜欢香菜:,未知,2025/4/12 22:51,苹果78试一试,1,1,1,1
184704568,服饰鞋履,666666,杨圆圆爱油葵:,未知,2025/4/12 22:51,姐姐身高体重多少?,0,0,0,0
184704568,服饰鞋履,666666,C怼怼:,未知,2025/4/12 22:51,"妈呀,尼亚你播了一天,真敬业",0,0,0,0
184704568,服饰鞋履,666666,超喜欢香菜:,未知,2025/4/12 22:51,苹果78,1,1,1,1
184704568,服饰鞋履,666666,九点准备睡觉:,未知,2025/4/12 22:51,苹果试试8号,1,1,1,1
184704568,服饰鞋履,666666,Oohyo:,未知,2025/4/12 22:51,这个木有现货吗,1,1,1,1
184704568,服饰鞋履,666666,超喜欢香菜:,未知,2025/4/12 22:51,苹果787878,1,1,1,1
184704568,服饰鞋履,666666,purple:,未知,2025/4/12 22:51,96可以看一下吗,1,1,1,1
184704568,服饰鞋履,666666,我必发财哦:,未知,2025/4/12 22:51,几点下播,0,0,1,0
184704568,服饰鞋履,666666,抹茶冰淇淋:,未知,2025/4/12 22:51,眼睛好大呀小苹果!,0,0,0,0
184704568,服饰鞋履,666666,:,未知,2025/4/12 22:51,小苹果穿一下4号吧,1,1,1,1
184704568,服饰鞋履,666666,我再吃一口:,未知,2025/4/12 22:51,这个是不是没法穿bra,1,1,1,1
184704568,服饰鞋履,666666,牛骷颅甄嬛:,未知,2025/4/12 22:51,这种都会有一点的,0,0,0,0
184704568,服饰鞋履,666666,想发疯可以忍住吗:,未知,2025/4/12 22:51,橙色衬衫什么时候讲呀,1,1,1,1
184704568,服饰鞋履,666666,九点准备睡觉:,未知,2025/4/12 22:51,苹果8号,1,1,1,1
184704568,服饰鞋履,666666,momo:,未知,2025/4/12 22:51,小苹果42号穿多大,1,1,1,1
184704568,服饰鞋履,666666,超喜欢香菜:,未知,2025/4/12 22:51,让苹果试一试78好吗,1,1,1,1
184704568,服饰鞋履,666666,薛青呀:,未知,2025/4/12 22:51,求讲解144号商品,1,1,1,1
184704568,服饰鞋履,666666,o_o:,未知,2025/4/12 22:51,十一点有券吗,1,0,1,1
184704568,服饰鞋履,666666,Oohyo:,未知,2025/4/12 22:51,看看背面,1,1,1,1
184704568,服饰鞋履,666666,杨圆圆爱油葵:,未知,2025/4/12 22:51,身高体重多少呀,1,0,0,0
184704568,服饰鞋履,666666,看美女的号:,未知,2025/4/12 22:51,小苹果穿42黄色挂脖嘛,1,1,1,1
184704568,服饰鞋履,666666,没头脑*:,未知,2025/4/12 22:51,小红书抽我,0,0,0,0
184704568,服饰鞋履,666666,咕噜鸭～:,未知,2025/4/12 22:51,裤子也要免单,0,1,0,0
184704568,服饰鞋履,666666,momo:,未知,2025/4/12 22:51,小苹果42号格子上衣穿多大,1,1,1,1
184704568,服饰鞋履,666666,超喜欢香菜:,未知,2025/4/12 22:52,苹果想看78呀,1,1,1,1
184704568,服饰鞋履,666666,up:,未知,2025/4/12 22:52,我我我我我抽我吧,0,0,0,0
184704568,服饰鞋履,666666,^xusj say hi^:,未知,2025/4/12 22:52,我外婆我,0,0,0,0
184704568,服饰鞋履,666666,L x_:,未知,2025/4/12 22:52,这套搭什么鞋子呀,1,1,1,1
184704568,服饰鞋履,666666,miiilk_w:,未知,2025/4/12 22:52,许愿许愿许愿,0,0,0,0
184704568,服饰鞋履,666666,超喜欢香菜:,未知,2025/4/12 22:52,是我是我,0,0,0,0
184704568,服饰鞋履,666666,小红薯67802840:,未知,2025/4/12 22:52,让我中一次,0,0,0,0
184704568,服饰鞋履,666666,天生的好命:,未知,2025/4/12 22:52,来财!,0,0,0,0
184704568,服饰鞋履,666666,你耳机听什么:,未知,2025/4/12 22:52,141还穿吗,1,1,1,1
184704568,服饰鞋履,666666,je-茄茄:,未知,2025/4/12 22:52,好温柔小苹果,0,0,1,0
184704568,服饰鞋履,666666,抹茶冰淇淋:,未知,2025/4/12 22:52,好运来,0,0,0,0
184704568,服饰鞋履,666666,天生的好命:,未知,2025/4/12 22:52,钱多多,0,0,0,0
184704568,服饰鞋履,666666,XXX:,未知,2025/4/12 22:52,可以试一下黑色挂脖吗158买了那条裙子,1,1,1,1
184704568,服饰鞋履,666666,两包番茄酱:,未知,2025/4/12 22:52,小苹果这身161106可以穿s吗,1,1,1,1
184704568,服饰鞋履,666666,发财美女:,未知,2025/4/12 22:52,幸运来吧,0,0,0,0
184704568,服饰鞋履,666666,deungnimse^o^:,未知,2025/4/12 22:52,我想看小苹果穿下那个格纹套装,1,1,1,1
184704568,服饰鞋履,666666,牛骷颅甄嬛:,未知,2025/4/12 22:52,瘦瘦的感觉也撑不起来,0,0,0,0
184704568,服饰鞋履,666666,下班kuaile:,未知,2025/4/12 22:52,天啊买了一晚上一个奖没中,0,0,0,0
184704568,服饰鞋履,666666,看美女的号:,未知,2025/4/12 22:52,nia你好漂亮,0,0,0,0
184704568,服饰鞋履,666666,牛骷颅甄嬛:,未知,2025/4/12 22:52,这个背心好适合跳舞好美,1,1,1,1
184704568,服饰鞋履,666666,krtaeonr:,未知,2025/4/12 22:52,啊宝宝又穿美裙了,0,0,0,0
184704568,服饰鞋履,666666,啊澜:,未知,2025/4/12 22:52,怎么抽啊,0,0,0,0
184704568,服饰鞋履,666666,一秒终结蛋挞:,未知,2025/4/12 22:52,96什么时候可以试试呀,1,1,1,1
184704568,服饰鞋履,666666,小妞发疯条例:,未知,2025/4/12 22:53,那个条纹裙有现货吗,1,1,1,1
184704568,服饰鞋履,666666,没头脑*:,未知,2025/4/12 22:53,太美了这套,1,1,1,1
184704568,服饰鞋履,666666,菜百万（看过2ne1演唱会版）:,未知,2025/4/12 22:53,苹果可以穿一下58号嘛!,1,1,1,1
184704568,服饰鞋履,666666,橘子苹果梨:,未知,2025/4/12 22:53,求试mardi,0,1,1,1
184704568,服饰鞋履,666666,慢慢慢慢:,未知,2025/4/12 22:53,想看96,0,1,1,1
184704568,服饰鞋履,666666,我不会生气:,未知,2025/4/12 22:53,这件好适合宅女,1,1,1,1
184704568,服饰鞋履,666666,看美女的号:,未知,2025/4/12 22:53,nia走近一点,0,1,1,1
184704568,服饰鞋履,666666,唔发威当我系kitty:,未知,2025/4/12 22:53,这一套好看,1,1,1,1
184704568,服饰鞋履,666666,反方向的暗号:,未知,2025/4/12 22:53,免单是谁啊,0,0,1,0
184704568,服饰鞋履,666666,唔发威当我系kitty:,未知,2025/4/12 22:53,会抽半价吗?,1,0,1,1
184704568,服饰鞋履,666666,今天想吃草莓尖尖:,未知,2025/4/12 22:53,免单怎么抽,0,0,1,0
184704568,服饰鞋履,666666,krtaeonr:,未知,2025/4/12 22:53,宝宝这款裙子上面可以搭贴己的白t吗,1,1,1,1
184704568,服饰鞋履,666666,看美女的号:,未知,2025/4/12 22:53,nia美美,0,0,0,0
184704568,服饰鞋履,666666,hyape:,未知,2025/4/12 22:53,抽免单吗,0,0,1,0
184704568,服饰鞋履,666666,九点准备睡觉:,未知,2025/4/12 22:53,啊啊啊啊啊啊小个子可以传这个吗,1,1,1,1
184704568,服饰鞋履,666666,yuuyiyi:,未知,2025/4/12 22:53,最喜欢这套,1,1,1,1
184704568,服饰鞋履,666666,不要香菜:,未知,2025/4/12 22:53,这个裙子s没了吗,1,1,1,1
184704568,服饰鞋履,666666,看美女的号:,未知,2025/4/12 22:54,nia你好美,0,0,0,0
184704568,服饰鞋履,666666,yuuyiyi:,未知,2025/4/12 22:54,美美滴,1,0,0,0
184704568,服饰鞋履,666666,朴实无华的小余儿:,未知,2025/4/12 22:54,nia穿多大码,0,1,0,0
184704568,服饰鞋履,666666,肥嘟嘟左门喂:,未知,2025/4/12 22:54,有些性感了小妞,0,0,0,0
184704568,服饰鞋履,666666,一秒终结蛋挞:,未知,2025/4/12 22:54,96什么时候可以试试呀,1,1,1,1
184704568,服饰鞋履,666666,54:,未知,2025/4/12 22:54,很度假耶,0,1,0,0
184704568,服饰鞋履,666666,小妞发疯条例:,未知,2025/4/12 22:54,条纹裙能不能补下现货,1,1,1,1
184704568,服饰鞋履,666666,不准喝水了:,未知,2025/4/12 22:54,乐福鞋掉跟吗,1,1,1,1
184704568,服饰鞋履,666666,immia:,未知,2025/4/12 22:54,nia车银优白t和牛仔裤早晚有点凉的话可以穿什么外套,1,1,1,1
184704568,服饰鞋履,666666,小小e:,未知,2025/4/12 22:54,高跟鞋几号,1,1,1,1
184704568,服饰鞋履,666666,:,未知,2025/4/12 22:54,这个高跟鞋尺码标准吗,1,1,1,1
184704568,服饰鞋履,666666,少放点盐:,未知,2025/4/12 22:54,请问鞋子跟高多少呀～,1,1,1,1
184704568,服饰鞋履,666666,yoy:,未知,2025/4/12 22:54,幸苦幸苦nia,0,0,0,0
184704568,服饰鞋履,666666,珍宁玛仕多:,未知,2025/4/12 22:54,三角杯适合小小胸嘛,1,1,1,1
184704568,服饰鞋履,666666,不准喝水了:,未知,2025/4/12 22:54,乐福鞋会掉跟吗,1,1,1,1
184704568,服饰鞋履,666666,小小e:,未知,2025/4/12 22:54,高跟鞋,1,1,1,1
184704568,服饰鞋履,666666,白鬼院凛凛蝶:,未知,2025/4/12 22:54,这套好适合nia,1,0,0,0
184704568,服饰鞋履,666666,有的没的有没:,未知,2025/4/12 22:54,第一名!!!,0,0,0,0
184704568,服饰鞋履,666666,料好运:,未知,2025/4/12 22:54,一整套链接在右上角,0,1,0,0
184704568,服饰鞋履,666666,EKE-PARTY（电子匕首）:,未知,2025/4/12 22:55,45白色裤子看看,1,1,1,1
184704568,服饰鞋履,666666,晕生匀生:,未知,2025/4/12 22:55,那个内衣?聚拢效果好,1,1,1,1
184704568,服饰鞋履,666666,哆米哆哆:,未知,2025/4/12 22:55,求讲解100,1,1,1,1
184704568,服饰鞋履,666666,Lalala在干嘛呀:,未知,2025/4/12 22:55,好lady呀,0,0,0,0
184704568,服饰鞋履,666666,甜啦～酱:,未知,2025/4/12 22:55,看看后面,1,1,1,1
184704568,服饰鞋履,666666,料好运:,未知,2025/4/12 22:55,"23点666锦鲤：23点前下单实付满666返666,不满则实际报销!～",0,1,0,0
184704568,服饰鞋履,666666,lin:,未知,2025/4/12 22:55,讲解105等了大半天了,1,1,1,1
184704568,服饰鞋履,666666,immia:,未知,2025/4/12 22:55,nia主包车银优白t和牛仔裤早晚有点凉的话可以穿什么外套,1,1,1,1
184704568,服饰鞋履,666666,小小e:,未知,2025/4/12 22:55,好好看,1,1,1,1
184704568,服饰鞋履,666666,今天想吃草莓尖尖:,未知,2025/4/12 22:55,抽中我抽中我,0,0,0,0
184704568,服饰鞋履,666666,由野小姊:,未知,2025/4/12 22:55,可以一只脚不穿,0,1,0,0
184704568,服饰鞋履,666666,niaoniao要发财:,未知,2025/4/12 22:55,抽中抽中,0,0,0,0
184704568,服饰鞋履,666666,没头脑*:,未知,2025/4/12 22:55,抽我小红书,0,0,0,0
184704568,服饰鞋履,666666,imsun_9:,未知,2025/4/12 22:55,这个包自重重吗,1,1,1,1
184704568,服饰鞋履,666666,早睡yu:,未知,2025/4/12 22:55,财神爷生日快乐,0,0,0,0
184704568,服饰鞋履,666666,imsun_9:,未知,2025/4/12 22:55,这个包自重怎么样Nia,1,1,1,1
184704568,服饰鞋履,666666,橘子苹果梨:,未知,2025/4/12 22:55,Nia多高,0,0,0,0
184704568,服饰鞋履,666666,葡萄肉桂包:,未知,2025/4/12 22:56,小红书我爱你一辈子,0,0,0,0
184704568,服饰鞋履,666666,春衫暮一:,未知,2025/4/12 22:56,等到现在了,0,0,0,0
184704568,服饰鞋履,666666,Gnnnnn:,未知,2025/4/12 22:56,惊喜盒子,1,0,0,0
184704568,服饰鞋履,666666,赚的火热:,未知,2025/4/12 22:56,锦鲤666,0,0,0,0
184704568,服饰鞋履,666666,噗哈哈:,未知,2025/4/12 22:56,15号蓝色,1,1,1,1
184704568,服饰鞋履,666666,天生的好命:,未知,2025/4/12 22:56,nia橙色衬衫!,1,1,1,1
184704568,服饰鞋履,666666,小妞发疯条例:,未知,2025/4/12 22:56,条纹裙补下,1,1,1,1
184704568,服饰鞋履,666666,地面猛虎:,未知,2025/4/12 22:56,求讲解96,1,1,1,1
184704568,服饰鞋履,666666,酸奶味的吗:,未知,2025/4/12 22:56,爱你小红书,0,0,1,0
184704568,服饰鞋履,666666,慢慢慢慢:,未知,2025/4/12 22:56,可以穿吗,1,1,1,1
184704568,服饰鞋履,666666,Yiiunngy_:,未知,2025/4/12 22:56,小红书我劝你爱我一回!!!,0,0,0,0
184704568,服饰鞋履,666666,deungnimse^o^:,未知,2025/4/12 22:56,我想看小苹果穿下那个格纹套装,1,1,1,1
184704568,服饰鞋履,666666,燕麦椰汁儿:,未知,2025/4/12 22:56,惊喜红包,1,0,0,0
184704568,服饰鞋履,666666,两百元:,未知,2025/4/12 22:56,锦鲤附体,0,0,0,0
184704568,服饰鞋履,666666,Oohyo:,未知,2025/4/12 22:56,看看身上的背面,1,1,1,1
184704568,服饰鞋履,666666,烦恼全5:,未知,2025/4/12 22:56,小苹果可以试试8号吗,1,1,1,1
184704568,服饰鞋履,666666,地面猛虎:,未知,2025/4/12 22:56,96想看,0,1,1,1
184704568,服饰鞋履,666666,@:,未知,2025/4/12 22:56,想要小苹果试79,1,1,1,1
184704568,服饰鞋履,666666,:,未知,2025/4/12 22:56,71裤子,1,1,1,1
184704568,服饰鞋履,666666,没头脑*:,未知,2025/4/12 22:56,666抽我,0,0,0,0
184704568,服饰鞋履,666666,官福:,未知,2025/4/12 22:56,42号,1,1,1,1
184704568,服饰鞋履,666666,你耳机听什么:,未知,2025/4/12 22:56,141穿嘛,1,1,1,1
184704568,服饰鞋履,666666,想吃冰淇淋:,未知,2025/4/12 22:56,tagi,0,1,0,0
184704568,服饰鞋履,666666,橘子苹果梨:,未知,2025/4/12 22:56,nia多高,0,1,0,0
184704568,服饰鞋履,666666,&&:,未知,2025/4/12 22:56,可以再穿流浪鞋和跆拳道鞋对比吗,1,1,1,1
184704568,服饰鞋履,666666,微熏的猪头肉:,未知,2025/4/12 22:56,96配白裤子,1,1,1,1
184704568,服饰鞋履,666666,Chamomile:,未知,2025/4/12 22:56,抽我吧,0,0,0,0
184704568,服饰鞋履,666666,菜百万（看过2ne1演唱会版）:,未知,2025/4/12 22:56,苹果可以穿一下58号嘛!,1,1,1,1
184704568,服饰鞋履,666666,今天想吃草莓尖尖:,未知,2025/4/12 22:56,小红书我求求你,0,0,0,0
184704568,服饰鞋履,666666,大顽:,未知,2025/4/12 22:56,85上衣,1,1,1,1
184704568,服饰鞋履,666666,杳不可得:,未知,2025/4/12 22:56,44号可以看下嘛,1,1,1,1
184704568,服饰鞋履,666666,南方举重的果冻:,未知,2025/4/12 22:56,16和25的包推荐哪个,1,1,1,1
184704568,服饰鞋履,666666,一个moment:,未知,2025/4/12 22:56,101、102,1,1,1,1
184704568,服饰鞋履,666666,地面猛虎:,未知,2025/4/12 22:56,想看969696,0,1,1,1
184704568,服饰鞋履,666666,不不不怪:,未知,2025/4/12 22:56,罩衫可以搭一下其他衣服吗,1,1,1,1
184704568,服饰鞋履,666666,土豆脑袋:,未知,2025/4/12 22:57,79号没抽半价,1,1,1,1
184704568,服饰鞋履,666666,不准喝水了:,未知,2025/4/12 22:57,乐福鞋会掉跟吗,1,1,1,1
184704568,服饰鞋履,666666,yichenla～:,未知,2025/4/12 22:57,8484号,1,1,1,1
184704568,服饰鞋履,666666,派送小点心:,未知,2025/4/12 22:57,101衬衣,1,1,1,1
184704568,服饰鞋履,666666,九点准备睡觉:,未知,2025/4/12 22:57,小苹果刚刚那套试试,1,1,1,1
184704568,服饰鞋履,666666,@:,未知,2025/4/12 22:57,苹果试79,1,1,1,1
184704568,服饰鞋履,666666,momo:,未知,2025/4/12 22:57,想看小苹果穿白色2th上衣,1,1,1,1
184704568,服饰鞋履,666666,有的没的有没:,未知,2025/4/12 22:57,小红书宠爱我,0,0,0,0
184704568,服饰鞋履,666666,炸虾仁大侠:,未知,2025/4/12 22:57,38号,1,1,1,1
184704568,服饰鞋履,666666,九点准备睡觉:,未知,2025/4/12 22:57,刚刚那套试试,1,1,1,1
184704568,服饰鞋履,666666,揪小羊尾巴_o:,未知,2025/4/12 22:57,107卫衣没有试过,1,1,1,1
184704568,服饰鞋履,666666,immia:,未知,2025/4/12 22:57,nia主包车银优白t和牛仔裤早晚有点凉的话可以穿什么外套,1,1,1,1
184704568,服饰鞋履,666666,扣酱:,未知,2025/4/12 22:57,141号链接搭56号链接,1,1,1,1
184704568,服饰鞋履,666666,果汁儿:,未知,2025/4/12 22:57,水果爱,1,1,1,1
184704568,服饰鞋履,666666,地面猛虎:,未知,2025/4/12 22:57,看看96,1,1,1,1
184704568,服饰鞋履,666666,想发疯可以忍住吗:,未知,2025/4/12 22:57,橙色衬衫,1,1,1,1
184704568,服饰鞋履,666666,果汁儿:,未知,2025/4/12 22:57,水果爱背一下好不好,1,0,1,1
184704568,服饰鞋履,666666,哆米哆哆:,未知,2025/4/12 22:57,",讲解100",0,1,1,1
184704568,服饰鞋履,666666,s嘻嘻鲸穎:,未知,2025/4/12 22:57,券可以叠加用吗,1,1,1,1
184704568,服饰鞋履,666666,54:,未知,2025/4/12 22:57,109号,1,1,1,1
184704568,服饰鞋履,666666,晕生匀生:,未知,2025/4/12 22:57,小苹果56,1,1,1,1
184704568,服饰鞋履,666666,:,未知,2025/4/12 22:57,72号没讲过啊[笑哭R,1,1,1,1
184704568,服饰鞋履,666666,oneeeee:,未知,2025/4/12 22:57,niaaa,0,0,0,0
184704568,服饰鞋履,666666,屁king:,未知,2025/4/12 22:57,孤芳自赏裙,1,1,1,1
184704568,服饰鞋履,666666,好运连连:,未知,2025/4/12 22:57,小苹果可以试一下粉色的娃娃衫吗,1,1,1,1
184704568,服饰鞋履,666666,有的没的有没:,未知,2025/4/12 22:57,3242号一起!!!,1,1,1,1
184704568,服饰鞋履,666666,QianweiQ:,未知,2025/4/12 22:57,goodbai的黑色可以看一下么,1,1,1,1
184704568,服饰鞋履,666666,困到变了形:,未知,2025/4/12 22:58,小苹果试一下4号可以嘛,1,1,1,1
184704568,服饰鞋履,666666,吃堡:,未知,2025/4/12 22:58,高河裙子还能搭配什么鞋子呀,1,1,1,1
184704568,服饰鞋履,666666,天线宝宝:,未知,2025/4/12 22:58,天线宝宝,0,0,1,0
184704568,服饰鞋履,666666,发财夹子～:,未知,2025/4/12 22:58,惊喜盒子惊喜盒子,0,1,1,1
184704568,服饰鞋履,666666,Farewell:,未知,2025/4/12 22:58,抽我抽我天公保佑6666,0,0,0,0
184704568,服饰鞋履,666666,purple:,未知,2025/4/12 22:58,想看96,0,1,1,1
184704568,服饰鞋履,666666,krtaeonr:,未知,2025/4/12 22:58,惊喜盒子!,0,1,1,1
184704568,服饰鞋履,666666,久在°:,未知,2025/4/12 22:58,想看nia搭配一下36号!,1,1,1,1
184704568,服饰鞋履,666666,Vellichor:,未知,2025/4/12 22:58,666,0,0,0,0
184704568,服饰鞋履,666666,下班kuaile:,未知,2025/4/12 22:58,么噶中途卡了我就退出了,0,0,0,0
184704568,服饰鞋履,666666,钢琴家在新德里吃烧烤:,未知,2025/4/12 22:58,锦鲤666,0,0,0,0
184704568,服饰鞋履,666666,弦绝牙伯喝爱:,未知,2025/4/12 22:59,胸贴可以推荐吗,1,1,1,1
184704568,服饰鞋履,666666,葡萄肉桂包:,未知,2025/4/12 22:59,惊喜盒子,0,0,1,0
184704568,服饰鞋履,666666,jelly咪:,未知,2025/4/12 22:59,必须是我,0,0,0,0
184704568,服饰鞋履,666666,:,未知,2025/4/12 22:59,小苹果穿4号吧,1,1,1,1
184704568,服饰鞋履,666666,哆米哆哆:,未知,2025/4/12 22:59,求求求求求求求求求求求讲解100,0,1,1,1
184704568,服饰鞋履,666666,momo:,未知,2025/4/12 22:59,小苹果42号格子上衣穿多大,1,1,1,1
184704568,服饰鞋履,666666,肘子:,未知,2025/4/12 22:59,买啦买啦,0,1,0,0
184704568,服饰鞋履,666666,地面猛虎:,未知,2025/4/12 22:59,96号,1,1,1,1
184704568,服饰鞋履,666666,-Cccyl-:,未知,2025/4/12 22:59,好运好运,0,0,0,0
184704568,服饰鞋履,666666,芋圆二号:,未知,2025/4/12 22:59,钱直接打给nia,0,1,0,0
184704568,服饰鞋履,666666,发财鱼鱼:,未知,2025/4/12 22:59,锦鲤锦鲤,1,0,0,0
184704568,服饰鞋履,666666,哆米哆哆:,未知,2025/4/12 22:59,求讲解100,1,1,1,1
184704568,服饰鞋履,666666,茶咖teaco:,未知,2025/4/12 22:59,是我了,0,0,0,0
184704568,服饰鞋履,666666,:,未知,2025/4/12 22:59,保佑保佑,0,0,0,0
184704568,服饰鞋履,666666,香菜:,未知,2025/4/12 23:00,恭喜恭喜,0,0,0,0
184704568,服饰鞋履,666666,jelly咪:,未知,2025/4/12 23:00,l啊啊啊,0,0,0,0
184704568,服饰鞋履,666666,黄油饼干:,未知,2025/4/12 23:00,多抽两个吧,0,0,0,0
184704568,服饰鞋履,666666,one:,未知,2025/4/12 23:00,算你厉害,0,0,0,0
184704568,服饰鞋履,666666,别别再吃了:,未知,2025/4/12 23:00,恭喜!,0,0,0,0
184704568,服饰鞋履,666666,天天开心呀:,未知,2025/4/12 23:00,还有券吗,1,1,1,1
184704568,服饰鞋履,666666,purple:,未知,2025/4/12 23:00,真的想看96,0,1,1,1
184704568,服饰鞋履,666666,困到变了形:,未知,2025/4/12 23:00,小苹果试一下4号可以嘛,1,1,1,1
184704568,服饰鞋履,666666,゛:,未知,2025/4/12 23:00,可以看看鞋子吗,1,1,1,1
184704568,服饰鞋履,666666,小sao:,未知,2025/4/12 23:00,我要龙骧包!,1,1,1,1
184704568,服饰鞋履,666666,扣酱:,未知,2025/4/12 23:00,141号链接搭56号链接,1,1,1,1
184704568,服饰鞋履,666666,04qooQ:,未知,2025/4/12 23:00,发券吗,1,1,1,1
184704568,服饰鞋履,666666,1166（幸运版）:,未知,2025/4/12 23:00,龙骧什么时候想早点睡觉,0,0,0,0
184704568,服饰鞋履,666666,河野玥:,未知,2025/4/12 23:00,主包裙子穿的什么码呀,1,1,1,1
184704568,服饰鞋履,666666,仔仔olo:,未知,2025/4/12 23:00,小苹果穿4号可以吗,1,1,1,1
184704568,服饰鞋履,666666,_拂逆:,未知,2025/4/12 23:00,有券吗,1,0,1,1
184704568,服饰鞋履,666666,CC:,未知,2025/4/12 23:00,发券了吗,1,0,1,1
184704568,服饰鞋履,666666,吃定香菜:,未知,2025/4/12 23:00,想看101,0,1,1,1
184704568,服饰鞋履,666666,好想喝一杯:,未知,2025/4/12 23:00,11点有券吗,1,0,1,1
184704568,服饰鞋履,666666,冰块公主:,未知,2025/4/12 23:01,优惠券,1,0,1,1
184704568,服饰鞋履,666666,EKE-PARTY（电子匕首）:,未知,2025/4/12 23:01,45白色裤子看看,1,1,1,1
184704568,服饰鞋履,666666,小sao:,未知,2025/4/12 23:01,从两点看到现在一张券一个抽奖都没中下了四单了,0,0,0,0
184704568,服饰鞋履,666666,诺娜爱吃麻辣烫:,未知,2025/4/12 23:01,卷还发吗,1,0,1,1
184704568,服饰鞋履,666666,哆米哆哆:,未知,2025/4/12 23:01,能不能讲讲100啊啊啊啊啊啊,1,1,1,1
184704568,服饰鞋履,666666,啵唧一大口:,未知,2025/4/12 23:01,看100,0,1,1,1
184704568,服饰鞋履,666666,小蛮腰。:,未知,2025/4/12 23:01,发卷吗,1,1,1,1
184704568,服饰鞋履,666666,吃太慢:,未知,2025/4/12 23:01,网纱裙!小矮子可以吗,1,1,1,1
184704568,服饰鞋履,666666,momo:,未知,2025/4/12 23:01,还会发券吗,1,0,1,1
184704568,服饰鞋履,666666,Yao:,未知,2025/4/12 23:01,整点不发券吗,1,0,1,1
184704568,服饰鞋履,666666,哆米哆哆:,未知,2025/4/12 23:01,发疯了,0,0,0,0
184704568,服饰鞋履,666666,香芋考:,未知,2025/4/12 23:01,还是没有,1,0,1,1
184704568,服饰鞋履,666666,小何向前:,未知,2025/4/12 23:01,没领到,1,1,1,1
184704568,服饰鞋履,666666,momo:,未知,2025/4/12 23:01,不发50吗,1,1,1,1
184704568,服饰鞋履,666666,揪小羊尾巴_o:,未知,2025/4/12 23:01,107卫衣没有试过,1,1,1,1
184704568,服饰鞋履,666666,吃太慢:,未知,2025/4/12 23:01,155网纱裙可以吗,1,1,1,1
184704568,服饰鞋履,666666,momo:,未知,2025/4/12 23:01,小苹果42号格子上衣穿多大,1,1,1,1
184704568,服饰鞋履,666666,好运连连:,未知,2025/4/12 23:01,小苹果一会儿可以试一下110吗,1,1,1,1
184704568,服饰鞋履,666666,:,未知,2025/4/12 23:01,一张券都没抢到,0,1,1,1
184704568,服饰鞋履,666666,吃太慢:,未知,2025/4/12 23:01,网纱裙155可以吗,1,1,1,1
184704568,服饰鞋履,666666,aa:,未知,2025/4/12 23:01,券太少了,0,0,1,0
184704568,服饰鞋履,666666,cocakoala:,未知,2025/4/12 23:01,大额呢,0,0,0,0
184704568,服饰鞋履,666666,我必发财哦:,未知,2025/4/12 23:01,为什么不发50,1,1,1,1
184704568,服饰鞋履,666666,xx:,未知,2025/4/12 23:01,还是领不到,1,1,1,1
184704568,服饰鞋履,666666,momo:,未知,2025/4/12 23:01,小苹果42号格子上衣穿多大小苹果42号格子上衣穿多大小苹果42号格子上衣穿多大,1,1,1,1
184704568,服饰鞋履,666666,财源滚滚来:,未知,2025/4/12 23:01,错过了,0,0,0,0
184704568,服饰鞋履,666666,Sandman:,未知,2025/4/12 23:01,为什么数量这么少,1,1,1,1
184704568,服饰鞋履,666666,吃太慢:,未知,2025/4/12 23:01,网纱裙155可以吗!!!!!,1,1,1,1
184704568,服饰鞋履,666666,WOOVH:,未知,2025/4/12 23:01,72不讲吗,1,1,1,1
184704568,服饰鞋履,666666,fufu酱:,未知,2025/4/12 23:01,这一天啥也没有,0,0,0,0
184704568,服饰鞋履,666666,我只有一个噗噗:,未知,2025/4/12 23:01,还有大额券吗,1,1,1,1
184704568,服饰鞋履,666666,笙清初离扇:,未知,2025/4/12 23:01,抢不到,1,1,1,1
184704568,服饰鞋履,666666,哆米哆哆:,未知,2025/4/12 23:01,能不能讲讲100啊啊啊啊啊,1,1,1,1
184704568,服饰鞋履,666666,Chamomile:,未知,2025/4/12 23:02,很像娜琏穿的!,0,1,0,0
184704568,服饰鞋履,666666,aa:,未知,2025/4/12 23:02,无语了,0,0,0,0
184704568,服饰鞋履,666666,老有意思了:,未知,2025/4/12 23:02,我也一天啥也没有,0,0,0,0
184704568,服饰鞋履,666666,发财小应:,未知,2025/4/12 23:02,2号链接s没了,1,1,1,1
184704568,服饰鞋履,666666,微熏的猪头肉:,未知,2025/4/12 23:02,小苹果试一下96号配白裤子球球了,1,1,1,1
184704568,服饰鞋履,666666,哆米哆哆:,未知,2025/4/12 23:02,讲讲100,1,1,1,1
184704568,服饰鞋履,666666,Chamomile:,未知,2025/4/12 23:02,娜琏爱穿,0,0,0,0
184704568,服饰鞋履,666666,屁king:,未知,2025/4/12 23:02,76的黑白蕾丝上衣还没抽半价宝宝,1,1,1,1
184704568,服饰鞋履,666666,WOOVH:,未知,2025/4/12 23:02,72不讲?,1,1,1,1
184704568,服饰鞋履,666666,lin:,未知,2025/4/12 23:02,105链接,1,1,1,1
184704568,服饰鞋履,666666,:,未知,2025/4/12 23:02,15灰,1,1,1,1
184704568,服饰鞋履,666666,momo:,未知,2025/4/12 23:02,小苹果42号格子上衣穿多大,1,1,1,1
184704568,服饰鞋履,666666,吃太慢:,未知,2025/4/12 23:02,网纱裙小矮子可以吗,1,1,1,1
184704568,服饰鞋履,666666,哆米哆哆:,未知,2025/4/12 23:02,能不能讲讲100啊啊啊啊啊啊,1,1,1,1
184704568,服饰鞋履,666666,吃太慢:,未知,2025/4/12 23:02,网纱裙155可以吗,1,1,1,1
184704568,服饰鞋履,666666,iam_happiness:,未知,2025/4/12 23:02,小苹果可以试试4号看看吗,1,1,1,1
184704568,服饰鞋履,666666,momo:,未知,2025/4/12 23:02,小苹果42号格子上衣穿多大小苹果42号格子上衣穿多大小苹果42号格子上衣穿多大,1,1,1,1
184704568,服饰鞋履,666666,WOOVH:,未知,2025/4/12 23:02,笔记本抽吗?,1,0,0,0
184704568,服饰鞋履,666666,兔兔美汁汁:,未知,2025/4/12 23:03,为什么翅膀包不能用卷啊,1,1,1,1
184704568,服饰鞋履,666666,小羊同炙:,未知,2025/4/12 23:03,nia穿什么码数,0,1,0,0
184704568,服饰鞋履,666666,喂喂吃草莓:,未知,2025/4/12 23:03,小苹果裙子什么码?,1,1,1,1
184704568,服饰鞋履,666666,吃太慢:,未知,2025/4/12 23:03,155网纱裙可以吗,1,1,1,1
184704568,服饰鞋履,666666,bb.luvme:,未知,2025/4/12 23:03,40黑裤子61上衣,1,1,1,1
184704568,服饰鞋履,666666,七七吃不饱:,未知,2025/4/12 23:03,36能再看看嘛,1,1,1,1
184704568,服饰鞋履,666666,Evelynn:,未知,2025/4/12 23:03,今天播到几点呀,0,0,0,0
184704568,服饰鞋履,666666,bb.luvme:,未知,2025/4/12 23:03,"nia宝宝,想看40黑裤子61上衣",1,1,1,1
184704568,服饰鞋履,666666,喂喂吃草莓:,未知,2025/4/12 23:03,小苹果什么码?裙子,1,1,1,1
184704568,服饰鞋履,666666,WOOVH:,未知,2025/4/12 23:03,笔记本抽吗,1,1,1,1
184704568,服饰鞋履,666666,哆米哆哆:,未知,2025/4/12 23:03,讲讲100,1,1,1,1
184704568,服饰鞋履,666666,daidai:,未知,2025/4/12 23:03,"Nia宝,2th的黑白蕾丝上衣还没有抽半价",1,1,1,1
184704568,服饰鞋履,666666,biubiubiu:,未知,2025/4/12 23:03,为什么Goodbai用不了圈,0,0,0,0
184704568,服饰鞋履,666666,喂喂吃草莓:,未知,2025/4/12 23:03,小苹果裙子什么码,1,1,1,1
184704568,服饰鞋履,666666,摆烂小HU:,未知,2025/4/12 23:03,2号s码补一下,1,1,1,1
184704568,服饰鞋履,666666,扣酱:,未知,2025/4/12 23:03,141号链接搭56号链接,1,1,1,1
184704568,服饰鞋履,666666,havefun:,未知,2025/4/12 23:03,辛苦了还在播,0,0,0,0
184704568,服饰鞋履,666666,yao.:,未知,2025/4/12 23:03,发券吗,1,1,1,1
184704568,服饰鞋履,666666,momo:,未知,2025/4/12 23:03,101橙色衬衫[心心眼R][心心眼R],1,1,1,1
184704568,服饰鞋履,666666,怪味汉堡oo:,未知,2025/4/12 23:03,64看看,1,1,1,1
184704568,服饰鞋履,666666,Kate:,未知,2025/4/12 23:03,nia的包包在哪个链接,1,1,1,1
184704568,服饰鞋履,666666,一个moment:,未知,2025/4/12 23:04,101、102什么时候上身呀,1,1,1,1
184704568,服饰鞋履,666666,摆烂小HU:,未知,2025/4/12 23:04,2号s码补一下吧,1,1,1,1
184704568,服饰鞋履,666666,哆米哆哆:,未知,2025/4/12 23:04,求讲解100,1,1,1,1
184704568,服饰鞋履,666666,九点准备睡觉:,未知,2025/4/12 23:04,@小sao我也是,0,0,0,0
184704568,服饰鞋履,666666,Zz:,未知,2025/4/12 23:04,花蕾半裙没有s码,1,1,1,1
184704568,服饰鞋履,666666,ilikecc:,未知,2025/4/12 23:04,只要一个裙子可以抽奖吗,0,1,0,0
184704568,服饰鞋履,666666,芝士芋泥妮:,未知,2025/4/12 23:05,爱你nia,0,0,0,0
184704568,服饰鞋履,666666,吃定香菜:,未知,2025/4/12 23:05,101看看,1,1,1,1
184704568,服饰鞋履,666666,吃一口:,未知,2025/4/12 23:05,还会有券吗,1,1,1,1
184704568,服饰鞋履,666666,宁宁玛特:,未知,2025/4/12 23:05,水果爱!,0,0,0,0
184704568,服饰鞋履,666666,宁宁玛特:,未知,2025/4/12 23:05,水果爱,1,0,0,0
184704568,服饰鞋履,666666,daidai:,未知,2025/4/12 23:05,Nia宝!2th的黑白蕾丝上衣还没有抽半价,1,1,1,1
184704568,服饰鞋履,666666,&&:,未知,2025/4/12 23:05,流浪鞋搭配裤子或者rirri裙子,1,0,0,0
184704568,服饰鞋履,666666,SsHanyu:,未知,2025/4/12 23:05,94号链接,1,1,1,1
184704568,服饰鞋履,666666,快乐返程:,未知,2025/4/12 23:05,nia上衣什么码来着,1,1,1,1
184704568,服饰鞋履,666666,哆米哆哆:,未知,2025/4/12 23:05,能不能讲解一下10000000000,0,1,1,1
184704568,服饰鞋履,666666,飞向那Galaxy:,未知,2025/4/12 23:05,106恶魔一套,1,1,1,1
184704568,服饰鞋履,666666,香到了:,未知,2025/4/12 23:05,主播身高体重多少,0,0,0,0
184704568,服饰鞋履,666666,yao.:,未知,2025/4/12 23:05,墨镜现货能补吗,1,1,1,1
184704568,服饰鞋履,666666,宁宁玛特:,未知,2025/4/12 23:05,水果爱水果爱,0,0,0,0
184704568,服饰鞋履,666666,momo:,未知,2025/4/12 23:05,101衬衫,1,1,1,1
184704568,服饰鞋履,666666,橘子苹果梨:,未知,2025/4/12 23:05,宝宝多高多高多高,0,0,0,0
184704568,服饰鞋履,666666,九点准备睡觉:,未知,2025/4/12 23:05,苹果试一下8号,1,1,1,1
184704568,服饰鞋履,666666,困到变了形:,未知,2025/4/12 23:05,小苹果试一下4号可以嘛,1,1,1,1
184704568,服饰鞋履,666666,屁king:,未知,2025/4/12 23:05,2th的蕾丝黑白上衣还没抽半价!,1,1,1,1
184704568,服饰鞋履,666666,尾巴:,未知,2025/4/12 23:05,墨镜可以看看玳瑁和黑色吗,1,1,1,1
184704568,服饰鞋履,666666,shyshyoo:,未知,2025/4/12 23:05,林娜琏,0,0,0,0
184704568,服饰鞋履,666666,je-茄茄:,未知,2025/4/12 23:05,小苹果穿什么都好看啊啊啊,0,0,0,0
184704568,服饰鞋履,666666,哆米哆哆:,未知,2025/4/12 23:05,求100,0,1,1,1
184704568,服饰鞋履,666666,别当反思怪:,未知,2025/4/12 23:05,发型好好看!,1,0,0,0
184704568,服饰鞋履,666666,哆米哆哆:,未知,2025/4/12 23:06,求讲100,0,1,1,1
184704568,服饰鞋履,666666,mikkoWWWwww:,未知,2025/4/12 23:06,动物裙没有m了吗,1,1,1,1
184704568,服饰鞋履,666666,哆米哆哆:,未知,2025/4/12 23:06,求讲解100,1,1,1,1
184704568,服饰鞋履,666666,琴姑娘:,未知,2025/4/12 23:06,套装几号,1,1,1,1
184704568,服饰鞋履,666666,金光福气小宝:,未知,2025/4/12 23:06,想要看粉色帽子!!,1,1,1,1
184704568,服饰鞋履,666666,:,未知,2025/4/12 23:06,101拜托,0,1,1,1
184704568,服饰鞋履,666666,一秒终结蛋挞:,未知,2025/4/12 23:06,想看96,0,1,1,1
184704568,服饰鞋履,666666,一碗肉:,未知,2025/4/12 23:06,红格子始祖鸟没了嘛,1,1,1,1
184704568,服饰鞋履,666666,momo:,未知,2025/4/12 23:06,101衬衫试一下,1,1,1,1
184704568,服饰鞋履,666666,九点准备睡觉:,未知,2025/4/12 23:06,苹果8号,1,1,1,1
184704568,服饰鞋履,666666,80:,未知,2025/4/12 23:06,主播多高,0,0,0,0
184704568,服饰鞋履,666666,哆米哆哆:,未知,2025/4/12 23:06,能不能讲下1000000000,0,1,1,1
184704568,服饰鞋履,666666,:,未知,2025/4/12 23:06,腊肠狗短袖没有了吗,1,1,1,1
184704568,服饰鞋履,666666,1166（幸运版）:,未知,2025/4/12 23:06,龙骧什么时候想早点睡觉,0,0,0,0
184704568,服饰鞋履,666666,蕉財进宝-:,未知,2025/4/12 23:06,裤子几号,1,1,1,1
184704568,服饰鞋履,666666,bb.luvme:,未知,2025/4/12 23:06,"nia宝宝,想看40黑裤子61上衣",1,1,1,1
184704568,服饰鞋履,666666,源酱:,未知,2025/4/12 23:06,小苹果头发好多,0,0,1,0
184704568,服饰鞋履,666666,菜百万（看过2ne1演唱会版）:,未知,2025/4/12 23:07,苹果可以穿一下58号嘛!,1,1,1,1
184704568,服饰鞋履,666666,九点准备睡觉:,未知,2025/4/12 23:07,8号苹果,1,1,1,1
184704568,服饰鞋履,666666,daidai:,未知,2025/4/12 23:07,N请问2th的黑白蕾丝上衣有没有抽半价?,1,1,1,1
184704568,服饰鞋履,666666,bb.luvme:,未知,2025/4/12 23:07,想看40黑裤子61上衣,1,1,1,1
184704568,服饰鞋履,666666,哆米哆哆:,未知,2025/4/12 23:07,讲下100,1,1,1,1
184704568,服饰鞋履,666666,daidai:,未知,2025/4/12 23:07,请问2th的黑白蕾丝上衣有没有抽半价?,1,1,1,1
184704568,服饰鞋履,666666,芋泥修狗:,未知,2025/4/12 23:07,92号和93号一套,1,1,1,1
184704568,服饰鞋履,666666,今天想吃草莓尖尖:,未知,2025/4/12 23:07,小苹果你好美,0,0,1,0
184704568,服饰鞋履,666666,哆米哆哆:,未知,2025/4/12 23:07,讲下100行不行!!!!!,0,1,1,1
184704568,服饰鞋履,666666,:,未知,2025/4/12 23:07,西装套装裙子可以单搭其他衣服吗,1,1,1,1
184704568,服饰鞋履,666666,daidai:,未知,2025/4/12 23:07,请问2th的黑白蕾丝上衣有没有抽半价呀?,1,1,1,1
184704568,服饰鞋履,666666,兔兔美汁汁:,未知,2025/4/12 23:07,为什么翅膀包不能用卷啊,1,1,1,1
184704568,服饰鞋履,666666,xxxxx:,未知,2025/4/12 23:07,106号链接!!!!!,1,1,1,1
184704568,服饰鞋履,666666,香菜骑士:,未知,2025/4/12 23:07,小苹果试一下40号的黑裤子可以吗,1,1,1,1
184704568,服饰鞋履,666666,香肠小卷:,未知,2025/4/12 23:07,2th的蕾丝半价抽了吗,1,1,1,1
184704568,服饰鞋履,666666,:,未知,2025/4/12 23:07,101!!!,0,0,0,0
184704568,服饰鞋履,666666,今天想吃草莓尖尖:,未知,2025/4/12 23:07,小苹果你好漂亮,0,0,0,0
184704568,服饰鞋履,666666,daidai:,未知,2025/4/12 23:07,请问2th的黑白蕾丝上衣有没有抽半价呀?有人知道吗,1,1,1,1
184704568,服饰鞋履,666666,:,未知,2025/4/12 23:07,西装套装裙子可以单搭其他衣服吗m,1,1,1,1
184704568,服饰鞋履,666666,好运连连:,未知,2025/4/12 23:07,小苹果一会儿可以试一下110号链接吗,1,1,1,1
184704568,服饰鞋履,666666,蜡笔:,未知,2025/4/12 23:07,包包里面可以看看吗,1,1,1,1
184704568,服饰鞋履,666666,元了个圆（2025发财版）:,未知,2025/4/12 23:07,什么也没抽到,0,0,0,0
184704568,服饰鞋履,666666,香菜骑士:,未知,2025/4/12 23:07,小苹果试一下40号的黑色可以吗,1,1,1,1
184704568,服饰鞋履,666666,困到变了形:,未知,2025/4/12 23:08,小苹果试一下4号可以嘛,1,1,1,1
184704568,服饰鞋履,666666,一个moment:,未知,2025/4/12 23:08,哪些链接是返厂不会上身试的呀?已经等了好久了,1,1,1,1
184704568,服饰鞋履,666666,蛋挞村村长:,未知,2025/4/12 23:08,想看100号碎花裤,1,1,1,1
184704568,服饰鞋履,666666,飞向那Galaxy:,未知,2025/4/12 23:08,想看106小恶魔呀,0,1,1,1
184704568,服饰鞋履,666666,怡酱不加盐:,未知,2025/4/12 23:08,裙子16098斤拍什么码数,1,1,1,1
184704568,服饰鞋履,666666,九点准备睡觉:,未知,2025/4/12 23:08,107不试一下,1,1,1,1
184704568,服饰鞋履,666666,bingbingniuniu:,未知,2025/4/12 23:08,90号,1,1,1,1
184704568,服饰鞋履,666666,:,未知,2025/4/12 23:08,西装套装裙子可以单搭其他衣服吗,1,1,1,1
184704568,服饰鞋履,666666,mini Ding:,未知,2025/4/12 23:08,72号可以看看嘛,1,1,1,1
184704568,服饰鞋履,666666,&&:,未知,2025/4/12 23:08,流浪鞋搭配穿一下呢,1,1,1,1
184704568,服饰鞋履,666666,wangjunli_baby:,未知,2025/4/12 23:08,包包哪个色,1,1,1,1
184704568,服饰鞋履,666666,Chamomile:,未知,2025/4/12 23:08,可以搭配一下mardi嘛!!!这裙子,1,1,1,1
184704568,服饰鞋履,666666,微熏的猪头肉:,未知,2025/4/12 23:08,小苹果试一下96号配白裤子球球了,1,1,1,1
184704568,服饰鞋履,666666,九点准备睡觉:,未知,2025/4/12 23:08,下一套,0,1,0,0
184704568,服饰鞋履,666666,香到了:,未知,2025/4/12 23:08,抽我抽我,0,0,0,0
184704568,服饰鞋履,666666,Chamomile:,未知,2025/4/12 23:08,可以搭配一下mardi嘛!!!,1,1,1,1
184704568,服饰鞋履,666666,什么丽:,未知,2025/4/12 23:08,nia包包是什么颜色的呀,1,1,1,1
184704568,服饰鞋履,666666,起风了:,未知,2025/4/12 23:08,85了,1,1,1,1
184704568,服饰鞋履,666666,海盐大挞:,未知,2025/4/12 23:08,包包推荐什么颜色呀,1,1,1,1
184704568,服饰鞋履,666666,小爱吃香菜:,未知,2025/4/12 23:09,白敬亭鞋子还会上吗,1,1,1,1
184704568,服饰鞋履,666666,Chamomile:,未知,2025/4/12 23:09,可以搭配一下mardi嘛!!!这裙,1,1,1,1
184704568,服饰鞋履,666666,:,未知,2025/4/12 23:09,一会能不能再发一波50券,1,1,1,1
184704568,服饰鞋履,666666,嘟嘴大王:,未知,2025/4/12 23:09,你们会结婚吗,0,0,0,0
184704568,服饰鞋履,666666,nnnnnnn:,未知,2025/4/12 23:09,你穿的什么码,0,1,0,0
184704568,服饰鞋履,666666,Hello77:,未知,2025/4/12 23:09,我要看ko老师,0,0,0,0
184704568,服饰鞋履,666666,财神美眉小奎:,未知,2025/4/12 23:09,Nia宝体重多少呀,1,0,0,0
184704568,服饰鞋履,666666,什么丽:,未知,2025/4/12 23:09,nia包包是啥颜色的呀,1,1,1,1
184704568,服饰鞋履,666666,不如睡觉要紧:,未知,2025/4/12 23:09,可以上tagi小狗护照夹嘛,1,1,1,1
184704568,服饰鞋履,666666,懒懒:,未知,2025/4/12 23:09,可以再试试unspoken的上衣吗nia,1,1,1,1
184704568,服饰鞋履,666666,夏一个季节:,未知,2025/4/12 23:09,许愿中奖nia,0,0,0,0
184704568,服饰鞋履,666666,看美女的号:,未知,2025/4/12 23:09,小苹果穿42黄色挂脖嘛,1,1,1,1
184704568,服饰鞋履,666666,耶耶耶耶:,未知,2025/4/12 23:09,想看mardi,1,1,1,1
184704568,服饰鞋履,666666,十方:,未知,2025/4/12 23:09,不穿90吗,1,1,1,1
184704568,服饰鞋履,666666,香到了:,未知,2025/4/12 23:09,主播是大骨架吗?,0,1,0,0
184704568,服饰鞋履,666666,微熏的猪头肉:,未知,2025/4/12 23:09,小苹果试一下96号配白裤子球球了!!!!!!!!!,1,1,1,1
184704568,服饰鞋履,666666,啵唧一大口:,未知,2025/4/12 23:09,100号,1,1,1,1
184704568,服饰鞋履,666666,Chamomile:,未知,2025/4/12 23:09,可以搭配一下mardi嘛!!!这绿裙,1,1,1,1
184704568,服饰鞋履,666666,哆米哆哆:,未知,2025/4/12 23:09,能不能搭一下100的裤子,1,1,1,1
184704568,服饰鞋履,666666,甜甜圈大王:,未知,2025/4/12 23:09,180男生什么码,1,1,1,1
184704568,服饰鞋履,666666,由野小姊:,未知,2025/4/12 23:09,上衣nia忌码,1,1,1,1
184704568,服饰鞋履,666666,不如睡觉要紧:,未知,2025/4/12 23:09,怎么抽奖呀,0,0,1,0
184704568,服饰鞋履,666666,。:,未知,2025/4/12 23:09,小苹果试一下31绿色,1,1,1,1
184704568,服饰鞋履,666666,_i_i:,未知,2025/4/12 23:09,恶魔卫衣等了一天了,1,1,1,1
184704568,服饰鞋履,666666,ilikecc:,未知,2025/4/12 23:09,尺码怎么选择,1,1,1,1
184704568,服饰鞋履,666666,bb.luvme:,未知,2025/4/12 23:09,想看40黑裤子61上衣,1,1,1,1
184704568,服饰鞋履,666666,好想喝一杯:,未知,2025/4/12 23:09,smiiile弯刀裤nia穿s还是xs呀,1,1,1,1
184704568,服饰鞋履,666666,黄油饼干:,未知,2025/4/12 23:09,希望今天能一个,0,0,1,0
184704568,服饰鞋履,666666,什么丽:,未知,2025/4/12 23:10,nia包包是什么颜色呀,1,1,1,1
184704568,服饰鞋履,666666,lin:,未知,2025/4/12 23:10,105号链接,1,1,1,1
184704568,服饰鞋履,666666,Arie:,未知,2025/4/12 23:10,主播穿的什么码,0,1,0,0
184704568,服饰鞋履,666666,第一人称单数O..o:,未知,2025/4/12 23:10,nia是什么码呀上衣,1,1,1,1
184704568,服饰鞋履,666666,揪小羊尾巴_o:,未知,2025/4/12 23:10,107卫衣没有试过,1,1,1,1
184704568,服饰鞋履,666666,橘子苹果梨:,未知,2025/4/12 23:10,可以搭配一下mardi,1,1,1,1
184704568,服饰鞋履,666666,小爱吃香菜:,未知,2025/4/12 23:10,白敬亭鞋子还会上吗,1,1,1,1
184704568,服饰鞋履,666666,鹅跟你讲:,未知,2025/4/12 23:10,@第一人称单数O..o右上角信息卡有哦宝,0,0,0,0
184704568,服饰鞋履,666666,橘子苹果梨:,未知,2025/4/12 23:10,mardi搭配一下可以吗可以吗,1,1,1,1
184704568,服饰鞋履,666666,吃一口:,未知,2025/4/12 23:10,请问还有券吗,1,0,1,1
184704568,服饰鞋履,666666,黄油饼干:,未知,2025/4/12 23:10,蹲一天了,0,1,1,1
184704568,服饰鞋履,666666,小红薯64909F2B:,未知,2025/4/12 23:10,明天还播吗,0,0,0,0
184704568,服饰鞋履,666666,:,未知,2025/4/12 23:10,101好不好,1,1,1,1
184704568,服饰鞋履,666666,粒狸狸:,未知,2025/4/12 23:10,@好想喝一杯S码,0,0,0,0
184704568,服饰鞋履,666666,s嘻嘻鲸穎:,未知,2025/4/12 23:10,ecday,0,0,0,0
184704568,服饰鞋履,666666,lin:,未知,2025/4/12 23:10,105号链接讲解,1,1,1,1
184704568,服饰鞋履,666666,揪小羊尾巴_o:,未知,2025/4/12 23:10,107takecare卫衣没有试过,1,1,1,1
184704568,服饰鞋履,666666,Fu:,未知,2025/4/12 23:10,100号的裤子,1,1,1,1
184704568,服饰鞋履,666666,九点准备睡觉:,未知,2025/4/12 23:10,下一套,0,1,0,0
184704568,服饰鞋履,666666,s嘻嘻鲸穎:,未知,2025/4/12 23:10,ecoday,0,0,0,0
184704568,服饰鞋履,666666,橘子苹果梨:,未知,2025/4/12 23:10,可以穿一下mardi吗,1,1,1,1
184704568,服饰鞋履,666666,胖头鱼:,未知,2025/4/12 23:10,夏天可以穿这个外套吗,1,1,1,1
184704568,服饰鞋履,666666,小美在发呆:,未知,2025/4/12 23:10,版本一版本二面料哪个更轻薄啊,1,1,1,1
184704568,服饰鞋履,666666,哆米哆哆:,未知,2025/4/12 23:10,能不能搭一下100裤子,1,1,1,1
184704568,服饰鞋履,666666,迷人老乔治:,未知,2025/4/12 23:10,nia现在身上是xs还是s,1,1,1,1
184704568,服饰鞋履,666666,白鬼院凛凛蝶:,未知,2025/4/12 23:10,Nia真是宝藏女孩,0,0,0,0
184704568,服饰鞋履,666666,扣酱:,未知,2025/4/12 23:11,141号链接搭56号链接,1,1,1,1
184704568,服饰鞋履,666666,好运连连:,未知,2025/4/12 23:11,110号粉色娃娃衫可以搭蓝色牛仔裤吗,1,1,1,1
184704568,服饰鞋履,666666,lin:,未知,2025/4/12 23:11,链接105号链接,1,1,1,1
184704568,服饰鞋履,666666,xxxxx:,未知,2025/4/12 23:11,是短款吗,1,1,1,1
184704568,服饰鞋履,666666,黄油饼干:,未知,2025/4/12 23:11,怎么办不是我,0,0,0,0
184704568,服饰鞋履,666666,起风了:,未知,2025/4/12 23:11,"11点了,能先过款在会穿吗",1,1,1,1
184704568,服饰鞋履,666666,黄油饼干:,未知,2025/4/12 23:11,小叮当报道,0,0,0,0
184704568,服饰鞋履,666666,奶酪:,未知,2025/4/12 23:11,看了一晚了,0,0,0,0
184704568,服饰鞋履,666666,慕籽木:,未知,2025/4/12 23:11,想看88黑色,1,1,1,1
184704568,服饰鞋履,666666,迷人老乔治:,未知,2025/4/12 23:11,买了衣服不合适可以退嘛,0,0,1,0
184704568,服饰鞋履,666666,幸运:,未知,2025/4/12 23:11,好可爱哈哈哈,0,0,0,0
184704568,服饰鞋履,666666,起风了:,未知,2025/4/12 23:11,看了一天这得看到半夜啊啊啊,0,0,0,0
184704568,服饰鞋履,666666,霓虹小蛋:,未知,2025/4/12 23:11,@迷人老乔治支持退换的衣服都可以宝宝,0,0,1,0
184704568,服饰鞋履,666666,橘子苹果梨:,未知,2025/4/12 23:11,求搭mardi,1,1,1,1
184704568,服饰鞋履,666666,迷人老乔治:,未知,2025/4/12 23:11,一号衣服不合适可以退嘛,0,1,1,1
184704568,服饰鞋履,666666,慕籽木:,未知,2025/4/12 23:11,88黑色,1,1,1,1
184704568,服饰鞋履,666666,小红薯88F4F13D:,未知,2025/4/12 23:11,想看116,1,1,1,1
184704568,服饰鞋履,666666,sunny:,未知,2025/4/12 23:11,还有券吗,1,0,1,1
184704568,服饰鞋履,666666,晚风350:,未知,2025/4/12 23:12,播到几点啊,0,0,0,0
184704568,服饰鞋履,666666,小羊吐司:,未知,2025/4/12 23:12,想看看黑色流浪鞋,1,1,1,1
184704568,服饰鞋履,666666,周润不发财:,未知,2025/4/12 23:12,播到几点,0,0,0,0
184704568,服饰鞋履,666666,daidai:,未知,2025/4/12 23:12,请问2th的黑白蕾丝上衣有没有抽半价呀?有人知道吗,1,1,1,1
184704568,服饰鞋履,666666,九点准备睡觉:,未知,2025/4/12 23:12,下一套,0,1,0,0
184704568,服饰鞋履,666666,揪小羊尾巴_o:,未知,2025/4/12 23:12,天哪我中了,0,0,0,0
184704568,服饰鞋履,666666,喵喵喵:,未知,2025/4/12 23:12,nia看看绿色裤裙的背面,1,1,1,1
184704568,服饰鞋履,666666,丹瑟妮:,未知,2025/4/12 23:12,看一下里面,1,1,1,1
184704568,服饰鞋履,666666,Hh:,未知,2025/4/12 23:12,这件抽半价吗,1,1,1,1
184704568,服饰鞋履,666666,:,未知,2025/4/12 23:12,可以套一下101的衬衫嘛,1,1,1,1
184704568,服饰鞋履,666666,城天睡大觉:,未知,2025/4/12 23:12,nia什么时候下班,0,0,0,0
184704568,服饰鞋履,666666,丹瑟妮:,未知,2025/4/12 23:12,看一下卫衣里面,1,1,1,1
184704568,服饰鞋履,666666,吃定香菜:,未知,2025/4/12 23:12,想看101的衬衫,1,1,1,1
184704568,服饰鞋履,666666,:,未知,2025/4/12 23:12,能不能套一下101衬衫,1,1,1,1
184704568,服饰鞋履,666666,微熏的猪头肉:,未知,2025/4/12 23:12,小苹果试一下96号配白裤子球球了,1,1,1,1
184704568,服饰鞋履,666666,Pack jaeHyun:,未知,2025/4/12 23:12,果然我终是陪跑的命运哈哈哈哈,0,0,0,0
184704568,服饰鞋履,666666,:,未知,2025/4/12 23:12,套一下101衬衫可以吗,1,1,1,1
184704568,服饰鞋履,666666,小红薯67E3C1FE:,未知,2025/4/12 23:12,小妮儿这个T恤你觉得配今天两款牛仔裤哪个比较好看呀求求,1,1,1,1
184704568,服饰鞋履,666666,xxxxx:,未知,2025/4/12 23:12,107号白色款,1,1,1,1
184704568,服饰鞋履,666666,小红薯67E3C1FE:,未知,2025/4/12 23:13,小妮儿这个T恤你觉得配今天两款牛仔裤哪个比较好看呀求求回,1,1,1,1
184704568,服饰鞋履,666666,nnnnnnn:,未知,2025/4/12 23:13,这个半截袖抽半价吧,0,1,0,0
184704568,服饰鞋履,666666,啵唧一大口:,未知,2025/4/12 23:13,100号裤子,1,1,1,1
184704568,服饰鞋履,666666,香菜骑士:,未知,2025/4/12 23:13,想看小苹果穿40号的黑裤子,1,1,1,1
184704568,服饰鞋履,666666,番茄小子的鱼缸:,未知,2025/4/12 23:13,小苹果可以试试55号吗,1,1,1,1
184704568,服饰鞋履,666666,香菜骑士:,未知,2025/4/12 23:13,想看小苹果穿40黑裤子,1,1,1,1
184704568,服饰鞋履,666666,无机盐:,未知,2025/4/12 23:13,宝宝是不是还没过完款啊怎么返场了,0,1,0,0
184704568,服饰鞋履,666666,Alano:,未知,2025/4/12 23:13,goodbai,0,0,0,0
184704568,服饰鞋履,666666,有的没的有没:,未知,2025/4/12 23:13,好难过!!!20优惠券为什么上衣不能用,1,0,0,0
184704568,服饰鞋履,666666,daidai:,未知,2025/4/12 23:13,请问2th的黑白蕾丝上衣有没有抽半价呀?有人知道吗,1,1,1,1
184704568,服饰鞋履,666666,黄木林瑶:,未知,2025/4/12 23:13,小苹果穿的多大的呀,0,1,0,0
184704568,服饰鞋履,666666,Alano:,未知,2025/4/12 23:13,goodbai鞋子还补货嘛,1,1,1,1
184704568,服饰鞋履,666666,奶酪:,未知,2025/4/12 23:13,小苹果多高呀,0,1,0,0
184704568,服饰鞋履,666666,下班kuaile:,未知,2025/4/12 23:13,抽我啊啊啊啊啊,0,0,0,0
184704568,服饰鞋履,666666,momo:,未知,2025/4/12 23:13,这个裙子尺寸怎么推荐呀,1,1,1,1
184704568,服饰鞋履,666666,春眠不觉晓:,未知,2025/4/12 23:13,小苹果穿的什么码呀,0,1,0,0
184704568,服饰鞋履,666666,微熏的猪头肉:,未知,2025/4/12 23:13,这根本没点菜啊,0,0,0,0
184704568,服饰鞋履,666666,霓虹小蛋:,未知,2025/4/12 23:13,@Alano售完不补宝宝,0,1,0,0
184704568,服饰鞋履,666666,一块草莓小蛋糕:,未知,2025/4/12 23:13,你好美啊,0,0,0,0
184704568,服饰鞋履,666666,看美女的号:,未知,2025/4/12 23:13,小苹果穿42黄色挂脖嘛,1,1,1,1
184704568,服饰鞋履,666666,无机盐:,未知,2025/4/12 23:13,先过款吧,0,0,0,0
184704568,服饰鞋履,666666,哆米哆哆:,未知,2025/4/12 23:13,100?,1,1,1,1
184704568,服饰鞋履,666666,香肠小卷:,未知,2025/4/12 23:13,穿的什么码呀,0,1,0,0
184704568,服饰鞋履,666666,微熏的猪头肉:,未知,2025/4/12 23:13,我要生气了根本没点菜啊,0,0,0,0
184704568,服饰鞋履,666666,deungnimse^o^:,未知,2025/4/12 23:13,我想看小苹果穿下那个格纹套装,1,1,1,1
184704568,服饰鞋履,666666,:,未知,2025/4/12 23:13,想看看侧面,1,1,1,1
184704568,服饰鞋履,666666,一块草莓小蛋糕:,未知,2025/4/12 23:13,小苹果你好美,0,0,1,0
184704568,服饰鞋履,666666,由野小姊:,未知,2025/4/12 23:13,下一套吧,0,1,0,0
184704568,服饰鞋履,666666,晓玲33149:,未知,2025/4/12 23:13,小苹果55号你还试穿吗?,1,1,1,1
184704568,服饰鞋履,666666,超喜欢香菜:,未知,2025/4/12 23:13,小苹果是什么码,1,1,1,1
184704568,服饰鞋履,666666,蛋挞村村长:,未知,2025/4/12 23:13,100号,1,1,1,1
184704568,服饰鞋履,666666,请您喝白开水:,未知,2025/4/12 23:14,宝宝这个透吗能不能用胸贴,1,1,1,1
184704568,服饰鞋履,666666,料好运:,未知,2025/4/12 23:14,@微熏的猪头肉宝宝多少号,0,1,0,0
184704568,服饰鞋履,666666,第一人称单数O..o:,未知,2025/4/12 23:14,1号s还有货吗,1,1,1,1
184704568,服饰鞋履,666666,超喜欢香菜:,未知,2025/4/12 23:14,发夹有吗,1,1,1,1
184704568,服饰鞋履,666666,一块优秀的小饼干:,未知,2025/4/12 23:14,这个好看,1,1,1,1
184704568,服饰鞋履,666666,万事如意平安健康财源滚滚:,未知,2025/4/12 23:14,l可以穿到多少斤,1,1,1,1
184704568,服饰鞋履,666666,鑫Xxx_:,未知,2025/4/12 23:14,往后退一下,0,0,0,0
184704568,服饰鞋履,666666,九点准备睡觉:,未知,2025/4/12 23:14,苹果8号,1,1,1,1
184704568,服饰鞋履,666666,daidai:,未知,2025/4/12 23:14,无人回答,0,0,0,0
184704568,服饰鞋履,666666,香菜骑士:,未知,2025/4/12 23:14,小苹果可以穿一下40黑裤子吗,1,1,1,1
184704568,服饰鞋履,666666,扣酱:,未知,2025/4/12 23:14,141号链接搭56号链接,1,1,1,1
184704568,服饰鞋履,666666,蛋挞村村长:,未知,2025/4/12 23:14,100的裤子,1,1,1,1
184704568,服饰鞋履,666666,微熏的猪头肉:,未知,2025/4/12 23:14,小苹果试一下96号配白裤子,1,1,1,1
184704568,服饰鞋履,666666,饼饼:,未知,2025/4/12 23:14,26号,1,1,1,1
184704568,服饰鞋履,666666,一枚桃酥酥:,未知,2025/4/12 23:14,有弹力吗,1,1,1,1
184704568,服饰鞋履,666666,暗:,未知,2025/4/12 23:14,小苹果试黄色挂脖!!!,1,1,1,1
184704568,服饰鞋履,666666,十元爱元宝（财运亨通）:,未知,2025/4/12 23:14,苹果穿一下110的衣服可以吗,1,1,1,1
184704568,服饰鞋履,666666,鑫Xxx_:,未知,2025/4/12 23:14,宝宝看看全身,0,0,0,0
184704568,服饰鞋履,666666,揪小羊尾巴_o:,未知,2025/4/12 23:14,请问中奖是跟谁联系呀,0,0,0,0
184704568,服饰鞋履,666666,甜甜圈:,未知,2025/4/12 23:14,小苹果小红书id[亲一个R][亲一个R],0,0,1,0
184704568,服饰鞋履,666666,菜百万（看过2ne1演唱会版）:,未知,2025/4/12 23:14,苹果可以穿一下58号嘛!,1,1,1,1
184704568,服饰鞋履,666666,香菜骑士:,未知,2025/4/12 23:14,40黑裤子,1,1,1,1
184704568,服饰鞋履,666666,Uuni:,未知,2025/4/12 23:14,看看全身,1,1,1,1
184704568,服饰鞋履,666666,deungnimse^o^:,未知,2025/4/12 23:14,想看小苹果试83号,1,1,1,1
184704568,服饰鞋履,666666,xxxxx:,未知,2025/4/12 23:14,107号白色款,1,1,1,1
184704568,服饰鞋履,666666,迷人老乔治:,未知,2025/4/12 23:14,一号还补货吗,1,1,1,1
184704568,服饰鞋履,666666,甜甜圈:,未知,2025/4/12 23:14,小苹果,0,0,1,0
184704568,服饰鞋履,666666,bb.luvme:,未知,2025/4/12 23:14,想看40黑裤子61上衣,1,1,1,1
184704568,服饰鞋履,666666,看美女的号:,未知,2025/4/12 23:15,小苹果穿黄色挂脖嘛,1,1,1,1
184704568,服饰鞋履,666666,芦苇魚:,未知,2025/4/12 23:15,nia播这么久累不累呀,0,0,0,0
184704568,服饰鞋履,666666,迷人老乔治:,未知,2025/4/12 23:15,还补货吗,1,1,1,1
184704568,服饰鞋履,666666,十元爱元宝（财运亨通）:,未知,2025/4/12 23:15,苹果可以穿一下110号吗,1,1,1,1
184704568,服饰鞋履,666666,purple:,未知,2025/4/12 23:15,真的超级想看96,1,1,1,1
184704568,服饰鞋履,666666,甜甜圈:,未知,2025/4/12 23:15,小苹果小红书[亲一个R][亲一个R],0,0,1,0
184704568,服饰鞋履,666666,qiqiyo:,未知,2025/4/12 23:15,裙子尺码报一下,1,1,1,1
184704568,服饰鞋履,666666,四眼妹:,未知,2025/4/12 23:15,宝出逃那个豹纹裤子是预售吗,1,1,1,1
184704568,服饰鞋履,666666,喂喂吃草莓:,未知,2025/4/12 23:15,小苹果条纹裙什么码?,1,1,1,1
184704568,服饰鞋履,666666,十元爱元宝（财运亨通）:,未知,2025/4/12 23:15,苹果可以穿一下110号,1,1,1,1
184704568,服饰鞋履,666666,:,未知,2025/4/12 23:15,能不能再抽一波,0,0,1,0
184704568,服饰鞋履,666666,potato:,未知,2025/4/12 23:15,黄色挂脖面料百分百聚yi纤维,1,1,1,1
184704568,服饰鞋履,666666,小嘉统治世界:,未知,2025/4/12 23:15,98号,1,1,1,1
184704568,服饰鞋履,666666,钞票公主:,未知,2025/4/12 23:15,鞋多高的,1,1,1,1
184704568,服饰鞋履,666666,葡萄还是不呐呐:,未知,2025/4/12 23:15,这两套都买惹!,0,1,0,0
184704568,服饰鞋履,666666,九点准备睡觉:,未知,2025/4/12 23:15,不是107不试吗为什么又是穿过的,0,1,0,0
184704568,服饰鞋履,666666,55:,未知,2025/4/12 23:15,哦呀斯密,0,0,0,0
184704568,服饰鞋履,666666,goknazi':,未知,2025/4/12 23:15,哇nia好日系,0,0,0,0
184704568,服饰鞋履,666666,醒醒别睡la:,未知,2025/4/12 23:15,请问晚上播到几点,0,0,0,0
184704568,服饰鞋履,666666,郭郭:,未知,2025/4/12 23:15,105号105号,1,1,1,1
184704568,服饰鞋履,666666,不瘦到100斤不改名:,未知,2025/4/12 23:15,niaMEFGt恤搭配的牛仔裤怎么没有上!!!!!!!!!,1,1,1,1
184704568,服饰鞋履,666666,第一人称单数O..o:,未知,2025/4/12 23:15,1号s还有货吗,1,1,1,1
184704568,服饰鞋履,666666,微熏的猪头肉:,未知,2025/4/12 23:15,小苹果试一下96号配白裤子,1,1,1,1
184704568,服饰鞋履,666666,香到了:,未知,2025/4/12 23:15,好好看,1,1,1,1
184704568,服饰鞋履,666666,-蒜头公主:,未知,2025/4/12 23:15,143不抽免单了吗,0,1,0,0
184704568,服饰鞋履,666666,vita dolce:,未知,2025/4/12 23:15,衬衫能穿下黑色吗,1,1,1,1
184704568,服饰鞋履,666666,无机盐:,未知,2025/4/12 23:15,能先把要抽的过完吗好晚了,0,0,0,0
184704568,服饰鞋履,666666,:,未知,2025/4/12 23:15,能不能再抽一个urban的半价呀,1,1,1,1
184704568,服饰鞋履,666666,不瘦到100斤不改名:,未知,2025/4/12 23:15,niaMEFGt恤搭配的牛仔裤怎么没有上!!!!!!!,1,1,1,1
184704568,服饰鞋履,666666,随缘小土豆:,未知,2025/4/12 23:15,小苹果穿79看看,1,1,1,1
184704568,服饰鞋履,666666,-蒜头公主:,未知,2025/4/12 23:15,143不抽奖了吗,0,0,0,0
184704568,服饰鞋履,666666,夏目的喵喵sansan:,未知,2025/4/12 23:15,小苹果穿黄色格子吊脖,1,0,0,0
184704568,服饰鞋履,666666,Qioo07:,未知,2025/4/12 23:15,想再看一下26,1,1,1,1
184704568,服饰鞋履,666666,Qioo07:,未知,2025/4/12 23:16,想看下26,1,1,1,1
184704568,服饰鞋履,666666,一块优秀的小饼干:,未知,2025/4/12 23:16,好可爱,0,1,0,0
184704568,服饰鞋履,666666,今天你吃了嘛:,未知,2025/4/12 23:16,137和138什么时候抽啊nia,1,0,0,0
184704568,服饰鞋履,666666,超喜欢香菜:,未知,2025/4/12 23:16,发夹有没有,1,1,1,1
184704568,服饰鞋履,666666,醒醒别睡la:,未知,2025/4/12 23:16,今晚播到几点呀,0,0,0,0
184704568,服饰鞋履,666666,nia886:,未知,2025/4/12 23:16,@-蒜头公主没有啦,0,0,1,0
184704568,服饰鞋履,666666,今天你吃了嘛:,未知,2025/4/12 23:16,137和138什么时候抽啊nia!!,1,0,0,0
184704568,服饰鞋履,666666,yao.:,未知,2025/4/12 23:16,这个裙子腰围62能穿吗[抽泣R],1,1,1,1
184704568,服饰鞋履,666666,九点准备睡觉:,未知,2025/4/12 23:16,不是过完吗又穿之前的,0,0,0,0
184704568,服饰鞋履,666666,-蒜头公主:,未知,2025/4/12 23:16,后面的衣服不穿了吗,1,1,1,1
184704568,服饰鞋履,666666,&&:,未知,2025/4/12 23:16,这个可以搭配流浪鞋吗,1,1,1,1
184704568,服饰鞋履,666666,料好运:,未知,2025/4/12 23:16,@不瘦到100斤不改名宝宝在裤子分类看看,0,0,1,0
184704568,服饰鞋履,666666,今天你吃了嘛:,未知,2025/4/12 23:16,137和138什么时候抽啊nia!!!,1,1,1,1
184704568,服饰鞋履,666666,去我的收藏夹里吃灰吧:,未知,2025/4/12 23:16,刚刚回来现在是回放还是直播呀,0,0,0,0
184704568,服饰鞋履,666666,今天你吃了嘛:,未知,2025/4/12 23:16,@料好运137和138什么时候抽啊nia!!,1,0,0,0
184704568,服饰鞋履,666666,去我的收藏夹里吃灰吧:,未知,2025/4/12 23:16,刚刚进来现在是回放还是直播呀,0,0,1,0
184704568,服饰鞋履,666666,美什么式:,未知,2025/4/12 23:16,这个套装上装搭裤子应该也好看,1,1,1,1
184704568,服饰鞋履,666666,-蒜头公主:,未知,2025/4/12 23:16,今天没有抽143啊,1,0,0,0
184704568,服饰鞋履,666666,nia886:,未知,2025/4/12 23:16,@宝宝抽完啦,0,0,0,0
184704568,服饰鞋履,666666,小suangsuang:,未知,2025/4/12 23:16,裙子易皱吗,1,1,1,1
184704568,服饰鞋履,666666,超喜欢香菜:,未知,2025/4/12 23:16,想看苹果78,1,1,1,1
184704568,服饰鞋履,666666,香菜骑士:,未知,2025/4/12 23:16,40号黑裤子,1,1,1,1
184704568,服饰鞋履,666666,喂喂吃草莓:,未知,2025/4/12 23:16,小苹果!!条纹裙什么码,1,1,1,1
184704568,服饰鞋履,666666,daidai:,未知,2025/4/12 23:16,请问2th的黑白蕾丝上衣有没有抽半价呀?有人知道吗,1,1,1,1
184704568,服饰鞋履,666666,超喜欢香菜:,未知,2025/4/12 23:16,优惠卷还有吗,1,1,1,1
184704568,服饰鞋履,666666,小红薯63581EEA:,未知,2025/4/12 23:16,78号,1,1,1,1
184704568,服饰鞋履,666666,芝麻糊:,未知,2025/4/12 23:16,小苹果穿26看看,1,1,1,1
184704568,服饰鞋履,666666,Qioo07:,未知,2025/4/12 23:16,想看26,1,1,1,1
184704568,服饰鞋履,666666,无机盐:,未知,2025/4/12 23:17,为啥这不能直接看讲解啊还有好多没讲呢,1,0,0,0
184704568,服饰鞋履,666666,超喜欢香菜:,未知,2025/4/12 23:17,优惠卷,1,0,1,1
184704568,服饰鞋履,666666,今天你吃了嘛:,未知,2025/4/12 23:17,137和138什么时候抽啊nia,1,0,0,0
184704568,服饰鞋履,666666,诺贝尔可爱奖:,未知,2025/4/12 23:17,十一点半还发卷嘛?发的是多少的卷?,1,1,1,1
184704568,服饰鞋履,666666,九点准备睡觉:,未知,2025/4/12 23:17,苹果试试8号拜托,1,1,1,1
184704568,服饰鞋履,666666,超喜欢香菜:,未知,2025/4/12 23:17,还有优惠卷吗,1,1,1,1
184704568,服饰鞋履,666666,扣酱:,未知,2025/4/12 23:17,141号链接搭56号链接,1,1,1,1
184704568,服饰鞋履,666666,超喜欢香菜:,未知,2025/4/12 23:17,去大阪玩,0,0,0,0
184704568,服饰鞋履,666666,小常（墓志铭是听一次现场版顽固）:,未知,2025/4/12 23:17,Nia播了一天了,0,0,0,0
184704568,服饰鞋履,666666,醒醒别睡la:,未知,2025/4/12 23:17,晚上到几点呀,0,0,0,0
184704568,服饰鞋履,666666,下班kuaile:,未知,2025/4/12 23:17,套装16392什么尺码,1,1,1,1
184704568,服饰鞋履,666666,今天你吃了嘛:,未知,2025/4/12 23:17,@鹅跟你137和138什么时候抽啊nia,0,0,0,0
184704568,服饰鞋履,666666,醒醒别睡la:,未知,2025/4/12 23:17,请问晚上到几点,0,0,0,0
184704568,服饰鞋履,666666,鹅跟你讲:,未知,2025/4/12 23:17,"@今天你吃了嘛宝,晚点拍",0,0,0,0
184704568,服饰鞋履,666666,Ty:,未知,2025/4/12 23:17,这个上衣好可爱,1,1,1,1
184704568,服饰鞋履,666666,Qioo07:,未知,2025/4/12 23:18,看一下26,1,1,1,1
184704568,服饰鞋履,666666,野生莉莉周:,未知,2025/4/12 23:18,什么包,1,1,1,1
184704568,服饰鞋履,666666,tuttoo:,未知,2025/4/12 23:18,nia选品好用心,1,1,1,1
184704568,服饰鞋履,666666,素甜饼:,未知,2025/4/12 23:18,抽!!,0,0,0,0
184704568,服饰鞋履,666666,oooooo:,未知,2025/4/12 23:18,"宝宝,你居然还在播",0,0,0,0
184704568,服饰鞋履,666666,瑾萱:,未知,2025/4/12 23:18,你的衬衫是几号,1,1,1,1
184704568,服饰鞋履,666666,Mynie没烦恼:,未知,2025/4/12 23:18,让我抽中好不好!,0,0,0,0
184704568,服饰鞋履,666666,揪小羊尾巴_o:,未知,2025/4/12 23:18,nia宝宝107takecare卫衣没有试过,1,1,1,1
184704568,服饰鞋履,666666,看美女的号:,未知,2025/4/12 23:18,小苹果穿42黄色挂脖嘛,1,1,1,1
184704568,服饰鞋履,666666,鹅跟你讲:,未知,2025/4/12 23:18,@醒醒别睡la12点哦宝,0,0,0,0
184704568,服饰鞋履,666666,一口一块五花肉:,未知,2025/4/12 23:18,让我抽中,0,0,0,0
184704568,服饰鞋履,666666,扣酱:,未知,2025/4/12 23:18,141号链接搭56号链接,1,1,1,1
184704568,服饰鞋履,666666,&&:,未知,2025/4/12 23:18,这个可以搭配流浪鞋吗,1,1,1,1
184704568,服饰鞋履,666666,看美女的号:,未知,2025/4/12 23:18,小苹果穿黄色挂脖嘛,1,1,1,1
184704568,服饰鞋履,666666,钞票公主:,未知,2025/4/12 23:18,鞋几厘米的,1,1,1,1
184704568,服饰鞋履,666666,Qioo07:,未知,2025/4/12 23:18,想看26,1,1,1,1
184704568,服饰鞋履,666666,果汁儿:,未知,2025/4/12 23:18,让我中好不好,0,0,0,0
184704568,服饰鞋履,666666,鹅跟你讲:,未知,2025/4/12 23:18,@瑾萱7号链接宝,0,0,1,0
184704568,服饰鞋履,666666,Alano:,未知,2025/4/12 23:18,让我中,0,0,0,0
184704568,服饰鞋履,666666,瑾萱:,未知,2025/4/12 23:18,衬衫在几号,1,1,1,1
184704568,服饰鞋履,666666,Mynie没烦恼:,未知,2025/4/12 23:18,我将买钱多多!,0,1,0,0
184704568,服饰鞋履,666666,黄油饼干:,未知,2025/4/12 23:18,nia内衣捏,1,1,1,1
184704568,服饰鞋履,666666,咸汤的记录簿:,未知,2025/4/12 23:18,还有这么多衣服没讲解啊,1,1,1,1
184704568,服饰鞋履,666666,ican:,未知,2025/4/12 23:18,我抽中保佑惹,0,0,0,0
184704568,服饰鞋履,666666,无机盐:,未知,2025/4/12 23:18,92号93号不讲了吗还没抽奖呢,1,1,1,1
184704568,服饰鞋履,666666,黄油饼干:,未知,2025/4/12 23:18,让我中吧,0,0,0,0
184704568,服饰鞋履,666666,鹅跟你讲:,未知,2025/4/12 23:18,@瑾萱7号宝,0,0,1,0
184704568,服饰鞋履,666666,带糖的饺子:,未知,2025/4/12 23:18,这裙子夏天能穿吗热吗,1,1,1,1
184704568,服饰鞋履,666666,晚安楚楚酱:,未知,2025/4/12 23:18,播了一下午到现在好辛苦啊,0,0,0,0
184704568,服饰鞋履,666666,一口一块五花肉:,未知,2025/4/12 23:18,来财来财,0,0,0,0
184704568,服饰鞋履,666666,bb.luvme:,未知,2025/4/12 23:18,想看40黑裤子61上衣,1,1,1,1
184704568,服饰鞋履,666666,黄油饼干:,未知,2025/4/12 23:18,我有点伤心,0,0,0,0
184704568,服饰鞋履,666666,yao.:,未知,2025/4/12 23:18,让我中吧好喜欢这个套装,1,1,1,1
184704568,服饰鞋履,666666,鹅跟你讲:,未知,2025/4/12 23:18,@黄油饼干30号链接宝,0,0,1,0
184704568,服饰鞋履,666666,爱吃石榴糖:,未知,2025/4/12 23:18,求求了、抽中我,0,0,0,0
184704568,服饰鞋履,666666,一口一块五花肉:,未知,2025/4/12 23:18,钱多多保佑我,0,0,0,0
184704568,服饰鞋履,666666,啵唧一大口:,未知,2025/4/12 23:18,讲一下100,1,1,1,1
184704568,服饰鞋履,666666,果汁儿:,未知,2025/4/12 23:19,水果爱包包,1,1,1,1
184704568,服饰鞋履,666666,sruan:,未知,2025/4/12 23:19,天!nia还在,0,0,0,0
184704568,服饰鞋履,666666,yao.:,未知,2025/4/12 23:19,太会选了宝宝,0,0,0,0
184704568,服饰鞋履,666666,无机盐:,未知,2025/4/12 23:19,没讲解的呢,0,1,0,0
184704568,服饰鞋履,666666,xxxxx:,未知,2025/4/12 23:19,107号白色款,1,1,1,1
184704568,服饰鞋履,666666,带糖的饺子:,未知,2025/4/12 23:19,裙子热吗,1,1,1,1
184704568,服饰鞋履,666666,第一人称单数O..o:,未知,2025/4/12 23:19,1号s还有货吗,1,1,1,1
184704568,服饰鞋履,666666,&&:,未知,2025/4/12 23:19,"抽我,抽我",0,0,0,0
184704568,服饰鞋履,666666,sruan:,未知,2025/4/12 23:19,好厉害!,0,0,0,0
184704568,服饰鞋履,666666,香菜骑士:,未知,2025/4/12 23:19,想看40的黑裤子,1,1,1,1
184704568,服饰鞋履,666666,微熏的猪头肉:,未知,2025/4/12 23:19,小苹果试一下96号配白裤子球球了,1,1,1,1
184704568,服饰鞋履,666666,杨多乐:,未知,2025/4/12 23:19,16号包包没有黑色了吗,1,1,1,1
184704568,服饰鞋履,666666,抠门富芙T妮:,未知,2025/4/12 23:19,看看101衬衫nia,1,1,1,1
184704568,服饰鞋履,666666,一粒青苹果:,未知,2025/4/12 23:19,141会抽半价吗,1,1,1,1
184704568,服饰鞋履,666666,带糖的饺子:,未知,2025/4/12 23:19,裙子夏天能穿吗,1,1,1,1
184704568,服饰鞋履,666666,一只美美哒懒洋洋:,未知,2025/4/12 23:19,宅女来啦,0,0,0,0
184704568,服饰鞋履,666666,九点准备睡觉:,未知,2025/4/12 23:19,下一套,1,1,1,1
184704568,服饰鞋履,666666,十元爱元宝（财运亨通）:,未知,2025/4/12 23:19,小苹果试一下110号的上衣吧,1,1,1,1
184704568,服饰鞋履,666666,果汁儿:,未知,2025/4/12 23:19,水果爱背一下好不好,1,1,1,1
184704568,服饰鞋履,666666,一口一块五花肉:,未知,2025/4/12 23:19,来财让我中一次吧,0,0,0,0
184704568,服饰鞋履,666666,一口一块五花肉:,未知,2025/4/12 23:19,好运来好运来,0,0,0,0
184704568,服饰鞋履,666666,微熏的猪头肉:,未知,2025/4/12 23:19,96啊啊啊啊啊啊啊啊,0,1,1,1
184704568,服饰鞋履,666666,草莓冻wi:,未知,2025/4/12 23:19,这个半裙夏天可以穿嘛,1,1,1,1
184704568,服饰鞋履,666666,果汁儿:,未知,2025/4/12 23:19,水果爱背背背一下,1,1,1,1
184704568,服饰鞋履,666666,甜甜圈:,未知,2025/4/12 23:19,宅子来咯[亲一个R][亲一个R][亲一个R],0,0,0,0
184704568,服饰鞋履,666666,tounaaa:,未知,2025/4/12 23:19,还不下班我的妈呀,0,0,0,0
184704568,服饰鞋履,666666,不爱吃螃蟹:,未知,2025/4/12 23:19,69能不能试一下灰色或者黑色,1,1,1,1
184704568,服饰鞋履,666666,钞票公主:,未知,2025/4/12 23:19,鞋几厘米,1,1,1,1
184704568,服饰鞋履,666666,香菜骑士:,未知,2025/4/12 23:19,想看小苹果穿40号的黑色,1,1,1,1
184704568,服饰鞋履,666666,菜百万（看过2ne1演唱会版）:,未知,2025/4/12 23:19,苹果可以穿一下58号嘛!,1,1,1,1
184704568,服饰鞋履,666666,咕噜鸭～:,未知,2025/4/12 23:19,短裤配挂脖好嘛?,1,1,1,1
184704568,服饰鞋履,666666,草莓冻wi:,未知,2025/4/12 23:19,这个裙子夏天可以穿吗,1,1,1,1
184704568,服饰鞋履,666666,看美女的号:,未知,2025/4/12 23:19,小苹果穿42黄色挂脖嘛,1,1,1,1
184704568,服饰鞋履,666666,.想吃猫的:,未知,2025/4/12 23:19,nia皮鞋多厚的,1,1,1,1
184704568,服饰鞋履,666666,不爱吃螃蟹:,未知,2025/4/12 23:20,69灰色或者黑色能试一下吗,1,1,1,1
184704568,服饰鞋履,666666,hahaxxh:,未知,2025/4/12 23:20,145抽了吗,1,1,1,1
184704568,服饰鞋履,666666,11:,未知,2025/4/12 23:20,吃饭了吗,0,0,0,0
184704568,服饰鞋履,666666,咕噜鸭～:,未知,2025/4/12 23:20,短裤配挂脖嘛?,1,1,1,1
184704568,服饰鞋履,666666,无机盐:,未知,2025/4/12 23:20,92号93号还讲吗,1,1,1,1
184704568,服饰鞋履,666666,白瑭白瑭:,未知,2025/4/12 23:20,还有几号的券呀,1,1,1,1
184704568,服饰鞋履,666666,.想吃猫的:,未知,2025/4/12 23:20,nia鞋多厚的,1,1,1,1
184704568,服饰鞋履,666666,yao.:,未知,2025/4/12 23:20,"宝宝腰围多少呀,怕裙子太大",1,1,1,1
184704568,服饰鞋履,666666,deungnimse^o^:,未知,2025/4/12 23:20,想看小苹果试83号,1,1,1,1
184704568,服饰鞋履,666666,啵唧一大口:,未知,2025/4/12 23:20,100号,1,1,1,1
184704568,服饰鞋履,666666,sweet:,未知,2025/4/12 23:20,149会讲吗,1,1,1,1
184704568,服饰鞋履,666666,芝麻糊:,未知,2025/4/12 23:20,小苹果试一下26,1,1,1,1
184704568,服饰鞋履,666666,下班kuaile:,未知,2025/4/12 23:20,抽我吧,0,0,0,0
184704568,服饰鞋履,666666,抱歉三明治:,未知,2025/4/12 23:20,刚刚数码花蕾裙有开免单吗,1,1,1,1
184704568,服饰鞋履,666666,地面猛虎:,未知,2025/4/12 23:20,96还讲吗,1,1,1,1
184704568,服饰鞋履,666666,一粒青苹果:,未知,2025/4/12 23:20,141抽了吗,1,1,1,1
184704568,服饰鞋履,666666,ge5aceta-:,未知,2025/4/12 23:20,想看112,0,1,1,1
184704568,服饰鞋履,666666,微熏的猪头肉:,未知,2025/4/12 23:20,看看我啊,0,0,0,0
184704568,服饰鞋履,666666,草莓冻wi:,未知,2025/4/12 23:20,半裙夏天可以穿嘛,1,1,1,1
184704568,服饰鞋履,666666,香菜骑士:,未知,2025/4/12 23:20,小苹果可以穿40号的黑色吗,1,1,1,1
184704568,服饰鞋履,666666,醒醒别睡la:,未知,2025/4/12 23:20,96讲吗,1,1,1,1
184704568,服饰鞋履,666666,地面猛虎:,未知,2025/4/12 23:20,96什么时候讲啊,1,1,1,1
184704568,服饰鞋履,666666,鲸虞摆摆:,未知,2025/4/12 23:20,宝宝黄色挂脖会显黑吗,1,1,1,1
184704568,服饰鞋履,666666,不啾:,未知,2025/4/12 23:20,想要这套的半价,1,1,1,1
184704568,服饰鞋履,666666,今天你吃了嘛:,未知,2025/4/12 23:20,137和138什么时候试试啊nia,1,1,1,1
184704568,服饰鞋履,666666,:,未知,2025/4/12 23:20,小苹果id是什么鸭,1,0,0,0
184704568,服饰鞋履,666666,哆米哆哆:,未知,2025/4/12 23:20,终于100讲哭了,1,1,1,1
184704568,服饰鞋履,666666,十元爱元宝（财运亨通）:,未知,2025/4/12 23:20,苹果可以穿一下110号吗,1,1,1,1
184704568,服饰鞋履,666666,微熏的猪头肉:,未知,2025/4/12 23:20,96号,1,1,1,1
184704568,服饰鞋履,666666,快给小狗开门呀:,未知,2025/4/12 23:20,还有券吗,1,1,1,1
184704568,服饰鞋履,666666,看美女的号:,未知,2025/4/12 23:20,"和小苹果身材像,小苹果穿黄色挂脖嘛",1,1,1,1
184704568,服饰鞋履,666666,不啾:,未知,2025/4/12 23:20,给我中这套的半价吧,1,1,1,1
184704568,服饰鞋履,666666,莱莱蔓梨:,未知,2025/4/12 23:20,27号灰色背心还会补嘛,1,1,1,1
184704568,服饰鞋履,666666,咕噜鸭～:,未知,2025/4/12 23:20,"小苹果宝宝,短裤配挂脖好嘛?",1,0,1,1
184704568,服饰鞋履,666666,yao.:,未知,2025/4/12 23:20,"宝宝腰围多少呀,怕裙子腰围太大",1,1,1,1
184704568,服饰鞋履,666666,扣酱:,未知,2025/4/12 23:20,141号链接搭56号链接,1,1,1,1
184704568,服饰鞋履,666666,雪糕星星:,未知,2025/4/12 23:20,1号还有吗,1,1,1,1
184704568,服饰鞋履,666666,不啾:,未知,2025/4/12 23:21,好运来,0,0,0,0
184704568,服饰鞋履,666666,喂喂吃草莓:,未知,2025/4/12 23:21,小苹果条纹裙什么码?小苹果条纹裙什么码?小苹果条纹裙什么码?,1,1,1,1
184704568,服饰鞋履,666666,十元爱元宝（财运亨通）:,未知,2025/4/12 23:21,小苹果可以穿一下110号吗,1,1,1,1
184704568,服饰鞋履,666666,微熏的猪头肉:,未知,2025/4/12 23:21,96号!?!!!!!!!!!!!,1,1,1,1
184704568,服饰鞋履,666666,不啾:,未知,2025/4/12 23:21,好运来来,0,0,0,0
184704568,服饰鞋履,666666,懒懒:,未知,2025/4/12 23:21,nia可以再试一下unspoken吗!!!,1,1,1,1
184704568,服饰鞋履,666666,玉米脑袋:,未知,2025/4/12 23:21,陪跑一天了,0,0,0,0
184704568,服饰鞋履,666666,腼腆害羞内向社恐文静:,未知,2025/4/12 23:21,这个衬衣可以搭梅花裤吗,1,1,1,1
184704568,服饰鞋履,666666,小红薯674E3ADD:,未知,2025/4/12 23:21,"格纹挂脖,160115穿什么码数",1,1,1,1
184704568,服饰鞋履,666666,九点准备睡觉:,未知,2025/4/12 23:21,苹果8号拜托,1,1,1,1
184704568,服饰鞋履,666666,uu:,未知,2025/4/12 23:21,好运来来来,0,0,0,0
184704568,服饰鞋履,666666,yao.:,未知,2025/4/12 23:21,nia腰围多少呀,1,1,1,1
184704568,服饰鞋履,666666,玉米脑袋:,未知,2025/4/12 23:21,抽抽我,0,0,0,0
184704568,服饰鞋履,666666,十元爱元宝（财运亨通）:,未知,2025/4/12 23:21,小苹果可以穿一下110吗,1,1,1,1
184704568,服饰鞋履,666666,霓虹小蛋:,未知,2025/4/12 23:21,@喂喂吃草莓上衣s连衣裙m,1,0,0,0
184704568,服饰鞋履,666666,咔滋脆不脆:,未知,2025/4/12 23:21,可以看看107号链接吗,1,1,1,1
184704568,服饰鞋履,666666,地面猛虎:,未知,2025/4/12 23:21,"96什么时候讲,96什么时候讲,96什么时候讲,96什么时候讲,96什么时候讲,96什么时候讲",1,1,1,1
184704568,服饰鞋履,666666,-Agnes*:,未知,2025/4/12 23:21,呀啥都抽不中呢,0,0,0,0
184704568,服饰鞋履,666666,je-茄茄:,未知,2025/4/12 23:21,小苹果的xhs有吗广大网友们,0,1,0,0
184704568,服饰鞋履,666666,霓虹小蛋:,未知,2025/4/12 23:21,@小红薯674E3ADD试试m,0,0,1,0
184704568,服饰鞋履,666666,懒懒:,未知,2025/4/12 23:21,nia可以再试一下unspoken搭牛仔裤吗,1,1,1,1
184704568,服饰鞋履,666666,橘子苹果梨:,未知,2025/4/12 23:21,搭裙裤!,1,1,1,1
184704568,服饰鞋履,666666,看美女的号:,未知,2025/4/12 23:21,小苹果穿42黄色挂脖嘛,1,1,1,1
184704568,服饰鞋履,666666,yao.:,未知,2025/4/12 23:21,"nia宝腰围多少呀,怕裙子太大",1,1,1,1
184704568,服饰鞋履,666666,微熏的猪头肉:,未知,2025/4/12 23:21,服了96号啊啊啊啊啊啊啊,0,0,0,0
184704568,服饰鞋履,666666,无机盐:,未知,2025/4/12 23:21,92号93号还讲吗,1,1,1,1
184704568,服饰鞋履,666666,不啾:,未知,2025/4/12 23:21,给我中这套半价,1,1,1,1
184704568,服饰鞋履,666666,yao.:,未知,2025/4/12 23:22,让我中吧[抽泣R][抽泣R][抽泣R],0,0,0,0
184704568,服饰鞋履,666666,橘子苹果梨:,未知,2025/4/12 23:22,搭花花裙裤求求了,1,1,1,1
184704568,服饰鞋履,666666,不啾:,未知,2025/4/12 23:22,中奖一下,0,0,0,0
184704568,服饰鞋履,666666,-蒜头公主:,未知,2025/4/12 23:22,小苹果你好美,0,0,1,0
184704568,服饰鞋履,666666,猫头Cynthia:,未知,2025/4/12 23:22,小苹果短裤什么码,1,1,1,1
184704568,服饰鞋履,666666,番茄小子的鱼缸:,未知,2025/4/12 23:22,小苹果可以试试55号吗,1,1,1,1
184704568,服饰鞋履,666666,十元爱元宝（财运亨通）:,未知,2025/4/12 23:22,小苹果可以穿一下110号吗!,1,1,1,1
184704568,服饰鞋履,666666,YuuFeii-:,未知,2025/4/12 23:22,我刚要问小苹果的账号,0,0,1,0
184704568,服饰鞋履,666666,番茄小子的鱼缸:,未知,2025/4/12 23:22,小苹果试试55号吧,1,1,1,1
184704568,服饰鞋履,666666,不啾:,未知,2025/4/12 23:22,官方抽我,0,0,0,0
184704568,服饰鞋履,666666,橘子苹果梨:,未知,2025/4/12 23:22,搭2号可以吗,1,1,1,1
184704568,服饰鞋履,666666,今天要早睡:,未知,2025/4/12 23:22,抽我呀抽我呀,0,0,0,0
184704568,服饰鞋履,666666,-蒜头公主:,未知,2025/4/12 23:22,小苹果你好美丽,0,1,0,0
184704568,服饰鞋履,666666,不啾:,未知,2025/4/12 23:22,好运来,0,0,0,0
184704568,服饰鞋履,666666,chanii:,未知,2025/4/12 23:22,小苹果的红薯是什么,0,1,0,0
184704568,服饰鞋履,666666,吃一口:,未知,2025/4/12 23:22,小苹果超piu亮,0,1,0,0
184704568,服饰鞋履,666666,芝士土豆泥:,未知,2025/4/12 23:22,108还没试过,1,1,1,1
184704568,服饰鞋履,666666,猫头Cynthia:,未知,2025/4/12 23:22,小苹果裤子码数,1,1,1,1
184704568,服饰鞋履,666666,公主王子琳:,未知,2025/4/12 23:22,可以讲讲袜子吗,1,1,1,1
184704568,服饰鞋履,666666,橘子苹果梨:,未知,2025/4/12 23:22,可以搭一下裙裤吗,1,1,1,1
184704568,服饰鞋履,666666,有的没的有没:,未知,2025/4/12 23:22,32号!!!,1,1,1,1
184704568,服饰鞋履,666666,橘子苹果梨:,未知,2025/4/12 23:22,可以搭裙裤吗,1,1,1,1
184704568,服饰鞋履,666666,咕噜鸭～:,未知,2025/4/12 23:22,"小苹果宝宝,短裤配挂脖好嘛?",1,0,0,0
184704568,服饰鞋履,666666,狗剩馒头侠:,未知,2025/4/12 23:22,宝宝你多高啊,0,0,0,0
184704568,服饰鞋履,666666,虎虎崽:,未知,2025/4/12 23:22,红色宝宝,0,0,0,0
184704568,服饰鞋履,666666,扣酱:,未知,2025/4/12 23:22,141号链接搭56号链接,1,1,1,1
184704568,服饰鞋履,666666,板仔:,未知,2025/4/12 23:22,8号抽了吗,1,1,1,1
184704568,服饰鞋履,666666,地面猛虎:,未知,2025/4/12 23:22,96什么时候讲啊,1,1,1,1
184704568,服饰鞋履,666666,小红薯674E3ADD:,未知,2025/4/12 23:22,"格纹挂脖,160115穿什么码数拜托",1,1,1,1
184704568,服饰鞋履,666666,-蒜头公主:,未知,2025/4/12 23:23,你好美小品过,0,0,0,0
184704568,服饰鞋履,666666,坨坨:,未知,2025/4/12 23:23,发夹红色,1,1,1,1
184704568,服饰鞋履,666666,九点准备睡觉:,未知,2025/4/12 23:23,苹果!!!!!8号8号8号!!!求求了,1,1,1,1
184704568,服饰鞋履,666666,看美女的号:,未知,2025/4/12 23:23,小苹果穿42黄色挂脖嘛,1,1,1,1
184704568,服饰鞋履,666666,橘子苹果梨:,未知,2025/4/12 23:23,可以搭一下裙裤吗拜托,1,1,1,1
184704568,服饰鞋履,666666,橘子苹果梨:,未知,2025/4/12 23:23,可以大一下裙裤吗,1,1,1,1
184704568,服饰鞋履,666666,看美女的号:,未知,2025/4/12 23:23,小苹果穿黄色挂脖嘛,1,1,1,1
184704568,服饰鞋履,666666,芝麻糊:,未知,2025/4/12 23:23,想看小苹果穿26,1,1,1,1
184704568,服饰鞋履,666666,天糯米盖地Micky:,未知,2025/4/12 23:23,一头夹子太可爱了吧,1,1,1,1
184704568,服饰鞋履,666666,地面猛虎:,未知,2025/4/12 23:23,96什么时候讲96什么时候讲96什么时候讲96什么时候讲96什么时候讲,1,1,1,1
184704568,服饰鞋履,666666,春日部翻斗花园小猪蛋糕:,未知,2025/4/12 23:23,鞋子在几号链接,1,1,1,1
184704568,服饰鞋履,666666,土豆脑袋:,未知,2025/4/12 23:23,短裤搭黄色挂脖试试呢,1,1,1,1
184704568,服饰鞋履,666666,Chamomile:,未知,2025/4/12 23:23,可以穿一下绿裙子吗,1,1,1,1
184704568,服饰鞋履,666666,小葵花:,未知,2025/4/12 23:23,这个短袖情侣穿怎么选颜色推荐啊,1,1,1,1
184704568,服饰鞋履,666666,九点准备睡觉:,未知,2025/4/12 23:23,苹果8号8号!!!!!!!!!!!!!!!,1,1,1,1
184704568,服饰鞋履,666666,暗:,未知,2025/4/12 23:23,小苹果穿黄色挂脖!!!,1,1,1,1
184704568,服饰鞋履,666666,微熏的猪头肉:,未知,2025/4/12 23:23,96号不讲的话退啦,1,1,1,1
184704568,服饰鞋履,666666,橘子苹果梨:,未知,2025/4/12 23:23,可以穿一下2号裙裤吗,1,1,1,1
184704568,服饰鞋履,666666,grace:,未知,2025/4/12 23:23,没中过,0,0,0,0
184704568,服饰鞋履,666666,LulU:,未知,2025/4/12 23:23,券在购物车合并到299不能用吗,1,0,0,0
184704568,服饰鞋履,666666,果汁儿:,未知,2025/4/12 23:23,水果爱包包背一下好不好,1,1,1,1
184704568,服饰鞋履,666666,deungnimse^o^:,未知,2025/4/12 23:23,想看小苹果试83号,1,1,1,1
184704568,服饰鞋履,666666,第一人称单数O..o:,未知,2025/4/12 23:23,1号s还有货吗,1,1,1,1
184704568,服饰鞋履,666666,果汁儿:,未知,2025/4/12 23:24,想看水果爱包包好不好,1,1,1,1
184704568,服饰鞋履,666666,dsīy:,未知,2025/4/12 23:24,裤子多少链接,1,1,1,1
184704568,服饰鞋履,666666,有的没的有没:,未知,2025/4/12 23:24,32号!!!32号!!!,1,1,1,1
184704568,服饰鞋履,666666,九点准备睡觉:,未知,2025/4/12 23:24,苹果8号!!!!!!!!!,1,1,1,1
184704568,服饰鞋履,666666,:,未知,2025/4/12 23:24,穿一下101!!!,0,1,1,1
184704568,服饰鞋履,666666,地面猛虎:,未知,2025/4/12 23:24,为什么96不试啊,1,1,1,1
184704568,服饰鞋履,666666,吃什么面:,未知,2025/4/12 23:24,短裤抽吗,1,1,1,1
184704568,服饰鞋履,666666,momo:,未知,2025/4/12 23:24,101!!!!,0,1,1,1
184704568,服饰鞋履,666666,一粒青苹果:,未知,2025/4/12 23:24,141不抽吗,1,1,1,1
184704568,服饰鞋履,666666,九点准备睡觉:,未知,2025/4/12 23:24,下一套,0,0,1,0
184704568,服饰鞋履,666666,果汁儿:,未知,2025/4/12 23:24,水果爱背一下好不好,1,1,1,1
184704568,服饰鞋履,666666,lulu:,未知,2025/4/12 23:24,看一下97号,1,1,1,1
184704568,服饰鞋履,666666,Jiangseou:,未知,2025/4/12 23:25,Jennie同款小狗t桖链接在几号呀,1,1,1,1
184704568,服饰鞋履,666666,白鬼院凛凛蝶:,未知,2025/4/12 23:25,辛苦辛苦,0,0,0,0
184704568,服饰鞋履,666666,料好运:,未知,2025/4/12 23:25,裤子100背心27,1,1,1,1
184704568,服饰鞋履,666666,十元爱元宝（财运亨通）:,未知,2025/4/12 23:25,小苹果可以穿一下110号吗!,1,1,1,1
184704568,服饰鞋履,666666,啵唧一大口:,未知,2025/4/12 23:25,透口袋吗,1,1,1,1
184704568,服饰鞋履,666666,:,未知,2025/4/12 23:25,搭一下101,1,1,1,1
184704568,服饰鞋履,666666,地面猛虎:,未知,2025/4/12 23:25,96麻烦试一下,1,1,1,1
184704568,服饰鞋履,666666,momo:,未知,2025/4/12 23:25,再穿下跆拳道鞋吧,1,1,1,1
184704568,服饰鞋履,666666,yao.:,未知,2025/4/12 23:25,nia宝宝腰围多少呀,1,1,1,1
184704568,服饰鞋履,666666,无敌小番茄:,未知,2025/4/12 23:25,鞋子是什么,1,1,1,1
184704568,服饰鞋履,666666,屁king:,未知,2025/4/12 23:25,76还没抽奖,0,0,1,0
184704568,服饰鞋履,666666,第一人称单数O..o:,未知,2025/4/12 23:25,1号s还有货吗,1,1,1,1
184704568,服饰鞋履,666666,有的没的有没:,未知,2025/4/12 23:25,券为什么不能合并用!!,0,0,0,0
184704568,服饰鞋履,666666,你耳机听什么:,未知,2025/4/12 23:25,141呢,1,1,1,1
184704568,服饰鞋履,666666,起风了:,未知,2025/4/12 23:25,到85了,0,0,0,0
184704568,服饰鞋履,666666,看美女的号:,未知,2025/4/12 23:25,非洲动物可以补m码吗,1,1,1,1
184704568,服饰鞋履,666666,你耳机听什么:,未知,2025/4/12 23:25,141啊,0,1,1,1
184704568,服饰鞋履,666666,无敌小番茄:,未知,2025/4/12 23:25,鞋子是啥,1,1,1,1
184704568,服饰鞋履,666666,揪小羊尾巴_o:,未知,2025/4/12 23:25,107takecare卫衣没有试过,1,1,1,1
184704568,服饰鞋履,666666,屁king:,未知,2025/4/12 23:25,76号上衣还没抽奖!!!!,0,1,0,0
184704568,服饰鞋履,666666,九点准备睡觉:,未知,2025/4/12 23:25,8号啊啊啊啊啊啊啊啊拜托让苹果试一下,1,1,1,1
184704568,服饰鞋履,666666,你耳机听什么:,未知,2025/4/12 23:25,141的抽奖呢,1,0,0,0
184704568,服饰鞋履,666666,揪小羊尾巴_o:,未知,2025/4/12 23:25,主包107takecare卫衣没有试过,1,1,1,1
184704568,服饰鞋履,666666,无机盐:,未知,2025/4/12 23:25,92号93号还讲吗,1,1,1,1
184704568,服饰鞋履,666666,料好运:,未知,2025/4/12 23:25,141号返场款不讲解直接拍,0,1,0,0
184704568,服饰鞋履,666666,xxxxx:,未知,2025/4/12 23:25,107号白色款,1,1,1,1
184704568,服饰鞋履,666666,地面猛虎:,未知,2025/4/12 23:26,96看看,1,1,1,1
184704568,服饰鞋履,666666,屁king:,未知,2025/4/12 23:26,76号还没抽奖!!!!亲爱的,0,1,0,0
184704568,服饰鞋履,666666,有的没的有没:,未知,2025/4/12 23:26,券为什么不能合并用,0,1,0,0
184704568,服饰鞋履,666666,:,未知,2025/4/12 23:26,101!,0,1,1,1
184704568,服饰鞋履,666666,啾啾啾:,未知,2025/4/12 23:26,107号,1,1,1,1
184704568,服饰鞋履,666666,傻傻水啦:,未知,2025/4/12 23:26,"nia你还在播呀,心疼宝宝",0,0,0,0
184704568,服饰鞋履,666666,不不不怪:,未知,2025/4/12 23:26,再套个罩衫看看!!!!!,1,1,1,1
184704568,服饰鞋履,666666,yao.:,未知,2025/4/12 23:26,nia宝宝腰围多少呀,1,1,1,1
184704568,服饰鞋履,666666,今天不听课明天是小狗:,未知,2025/4/12 23:26,31粉色显黑吗,1,1,1,1
184704568,服饰鞋履,666666,无机盐:,未知,2025/4/12 23:26,92号93号都还没抽奖啊啊啊啊啊,0,1,1,1
184704568,服饰鞋履,666666,:,未知,2025/4/12 23:26,101!!!!,0,1,1,1
184704568,服饰鞋履,666666,今天也要吃饱喔:,未知,2025/4/12 23:26,券可以合并的,0,1,0,0
184704568,服饰鞋履,666666,李李小鱼:,未知,2025/4/12 23:26,@不不不怪r9,0,0,0,0
184704568,服饰鞋履,666666,揪小羊尾巴_o:,未知,2025/4/12 23:26,107takecare卫衣没有试过,1,1,1,1
184704568,服饰鞋履,666666,番茄小子的鱼缸:,未知,2025/4/12 23:26,小苹果试试55号吧,1,1,1,1
184704568,服饰鞋履,666666,快放我回大自然:,未知,2025/4/12 23:26,61号能看嘛,1,1,1,1
184704568,服饰鞋履,666666,怪味汉堡oo:,未知,2025/4/12 23:26,想看看64,1,1,1,1
184704568,服饰鞋履,666666,呜呼:,未知,2025/4/12 23:26,短袖穿的什么码数,1,1,1,1
184704568,服饰鞋履,666666,九点准备睡觉:,未知,2025/4/12 23:26,苹果!!!!黄色,1,1,1,1
184704568,服饰鞋履,666666,怪味汉堡oo:,未知,2025/4/12 23:26,64能穿吗,1,1,1,1
184704568,服饰鞋履,666666,芝麻糊:,未知,2025/4/12 23:26,想看小苹果穿26,1,1,1,1
184704568,服饰鞋履,666666,长鼻子象:,未知,2025/4/12 23:26,之后还会有券吗,1,1,1,1
184704568,服饰鞋履,666666,屁king:,未知,2025/4/12 23:26,76号还没抽奖呀亲爱的,0,1,0,0
184704568,服饰鞋履,666666,potato:,未知,2025/4/12 23:26,小苹果好可爱呀,0,0,0,0
184704568,服饰鞋履,666666,mini Ding:,未知,2025/4/12 23:26,72看看,1,1,1,1
184704568,服饰鞋履,666666,xxxxx:,未知,2025/4/12 23:26,107号白色款,1,1,1,1
184704568,服饰鞋履,666666,素甜饼:,未知,2025/4/12 23:26,26!!!!,0,1,1,1
184704568,服饰鞋履,666666,咕噜鸭～:,未知,2025/4/12 23:26,"小苹果宝宝,短裤可以配黄色挂脖嘛?",1,1,1,1
184704568,服饰鞋履,666666,wu2wu^:,未知,2025/4/12 23:27,苹果裤子什么码呀,1,1,1,1
184704568,服饰鞋履,666666,22y_:,未知,2025/4/12 23:27,1号链接不补了吗,1,1,1,1
184704568,服饰鞋履,666666,了呜哦:,未知,2025/4/12 23:27,彩虹短袖还是穿m,1,1,1,1
184704568,服饰鞋履,666666,ennienen:,未知,2025/4/12 23:27,短裤是几号,1,1,1,1
184704568,服饰鞋履,666666,扣酱:,未知,2025/4/12 23:27,141号链接搭56号链接,1,1,1,1
184704568,服饰鞋履,666666,番茄小子的鱼缸:,未知,2025/4/12 23:27,小苹果可以试试55号吧,1,1,1,1
184704568,服饰鞋履,666666,有的没的有没:,未知,2025/4/12 23:27,1号是不能用券吗?!,1,1,1,1
184704568,服饰鞋履,666666,椰奈CC:,未知,2025/4/12 23:27,可以发个小红包吗,0,0,1,0
184704568,服饰鞋履,666666,慕籽木:,未知,2025/4/12 23:27,想看88黑色,1,1,1,1
184704568,服饰鞋履,666666,一米九.:,未知,2025/4/12 23:27,小苹果腿围多少呀,1,1,1,1
184704568,服饰鞋履,666666,烦恼全5:,未知,2025/4/12 23:27,小苹果可以试试8号吗,1,1,1,1
184704568,服饰鞋履,666666,十元爱元宝（财运亨通）:,未知,2025/4/12 23:27,小苹果可以穿一下110号吗!,1,1,1,1
184704568,服饰鞋履,666666,地面猛虎:,未知,2025/4/12 23:27,96等待,0,1,1,1
184704568,服饰鞋履,666666,55:,未知,2025/4/12 23:27,橘色半裙抽半价吗,1,1,1,1
184704568,服饰鞋履,666666,晓玲33149:,未知,2025/4/12 23:27,55小苹果还试吗,1,1,1,1
184704568,服饰鞋履,666666,番茄小子的鱼缸:,未知,2025/4/12 23:27,小苹果可以试试55号吗,1,1,1,1
184704568,服饰鞋履,666666,橘子苹果梨:,未知,2025/4/12 23:27,配一下花裙裤,1,1,1,1
184704568,服饰鞋履,666666,别喵喵叫:,未知,2025/4/12 23:27,短裤可以配一下黄色挂脖吗苹果宝宝,1,1,1,1
184704568,服饰鞋履,666666,xx:,未知,2025/4/12 23:27,想看小苹果穿139和140,1,1,1,1
184704568,服饰鞋履,666666,十元爱元宝（财运亨通）:,未知,2025/4/12 23:27,9293还没讲哈哈哈,1,1,1,1
184704568,服饰鞋履,666666,有的没的有没:,未知,2025/4/12 23:27,32号看看32号!!!!,1,1,1,1
184704568,服饰鞋履,666666,粒狸狸:,未知,2025/4/12 23:28,小苹果眼睛好红,0,0,1,0
184704568,服饰鞋履,666666,bb.luvme:,未知,2025/4/12 23:28,40heikuzi,0,1,0,0
184704568,服饰鞋履,666666,面包超人R:,未知,2025/4/12 23:28,黄色挂脖配牛仔短裤,1,1,1,1
184704568,服饰鞋履,666666,有的没的有没:,未知,2025/4/12 23:28,32号,1,1,1,1
184704568,服饰鞋履,666666,微熏的猪头肉:,未知,2025/4/12 23:28,96号不讲的话退啦,0,1,0,0
184704568,服饰鞋履,666666,吃一口:,未知,2025/4/12 23:28,还有券吗,1,1,1,1
184704568,服饰鞋履,666666,babyyanmaomao:,未知,2025/4/12 23:28,9292试一下,1,1,1,1
184704568,服饰鞋履,666666,长鼻子象:,未知,2025/4/12 23:28,红色好好看,1,1,1,1
184704568,服饰鞋履,666666,咕噜鸭～:,未知,2025/4/12 23:28,"辛苦小苹果宝宝,短裤可以配黄色挂脖嘛?",1,1,1,1
184704568,服饰鞋履,666666,无机盐:,未知,2025/4/12 23:28,92号93号,1,1,1,1
184704568,服饰鞋履,666666,屁king:,未知,2025/4/12 23:28,76号还没抽奖亲爱的,0,0,1,0
184704568,服饰鞋履,666666,xxxxx:,未知,2025/4/12 23:28,怎么参与抽奖,0,0,1,0
184704568,服饰鞋履,666666,pyaoyaoyao:,未知,2025/4/12 23:28,看看背面,1,1,1,1
184704568,服饰鞋履,666666,LulU:,未知,2025/4/12 23:28,手链不能用平台券吗手链不能用平台券吗,1,1,1,1
184704568,服饰鞋履,666666,每天都不知道吃什么:,未知,2025/4/12 23:28,55号,1,1,1,1
184704568,服饰鞋履,666666,看美女的号:,未知,2025/4/12 23:28,非洲动物可以补m码吗,1,1,1,1
184704568,服饰鞋履,666666,好好吃饭:,未知,2025/4/12 23:28,短裤小苹果穿什么码,1,1,1,1
184704568,服饰鞋履,666666,屁king:,未知,2025/4/12 23:28,76号还没抽,1,1,1,1
184704568,服饰鞋履,666666,xxxxx:,未知,2025/4/12 23:28,107号白色款,1,1,1,1
184704568,服饰鞋履,666666,无机盐:,未知,2025/4/12 23:28,92号93号抽奖为啥不讲,1,1,1,1
184704568,服饰鞋履,666666,今天想吃草莓尖尖:,未知,2025/4/12 23:28,还发券吗,1,1,1,1
184704568,服饰鞋履,666666,有的没的有没:,未知,2025/4/12 23:28,为什么1号不能用20的优惠券,1,1,1,1
184704568,服饰鞋履,666666,暗:,未知,2025/4/12 23:28,ur短袖没有s码了,1,1,1,1
184704568,服饰鞋履,666666,再吃一口:,未知,2025/4/12 23:28,299-20,1,1,1,1
184704568,服饰鞋履,666666,daidai:,未知,2025/4/12 23:28,请问2th的黑白蕾丝上衣有没有抽半价呀?有人知道吗,1,1,1,1
184704568,服饰鞋履,666666,地面猛虎:,未知,2025/4/12 23:28,nia穿多大的,0,1,0,0
184704568,服饰鞋履,666666,deungnimse^o^:,未知,2025/4/12 23:28,想看小苹果试83号,1,1,1,1
184704568,服饰鞋履,666666,屁king:,未知,2025/4/12 23:28,76号还没抽!,1,1,1,1
184704568,服饰鞋履,666666,揪小羊尾巴_o:,未知,2025/4/12 23:28,107takecare卫衣没有试过,1,1,1,1
184704568,服饰鞋履,666666,xx:,未知,2025/4/12 23:28,想看小苹果穿139和140,1,1,1,1
184704568,服饰鞋履,666666,巴黎皮蛋粥:,未知,2025/4/12 23:28,1号链接不能用20元券吗,0,1,0,0
184704568,服饰鞋履,666666,再吃一口:,未知,2025/4/12 23:29,1号没到,1,1,1,1
184704568,服饰鞋履,666666,芝稻耶耶:,未知,2025/4/12 23:29,"因为价格不够所以不能用,是满299-20的",0,0,1,0
184704568,服饰鞋履,666666,今天也要吃饱喔:,未知,2025/4/12 23:29,@有的没的有没可以啊,0,0,1,0
184704568,服饰鞋履,666666,一口一块五花肉:,未知,2025/4/12 23:29,抽中我,0,0,0,0
184704568,服饰鞋履,666666,Moeko:,未知,2025/4/12 23:29,我今天为什么觉得妮娅有点像申智呢哈哈,0,0,0,0
184704568,服饰鞋履,666666,驰早:,未知,2025/4/12 23:29,1没货了,1,1,1,1
184704568,服饰鞋履,666666,四季豆儿:,未知,2025/4/12 23:29,请问一号T恤还加货吗,1,1,1,1
184704568,服饰鞋履,666666,小美大王:,未知,2025/4/12 23:29,我还没有抽到过券,0,1,0,0
184704568,服饰鞋履,666666,财源滚滚来:,未知,2025/4/12 23:29,准备抽券,0,0,0,0
184704568,服饰鞋履,666666,好好吃饭:,未知,2025/4/12 23:29,小苹果短裤穿什么码,1,1,1,1
184704568,服饰鞋履,666666,咕噜鸭～:,未知,2025/4/12 23:29,"辛苦小苹果宝宝,短裤可以配黄色挂脖嘛?",1,1,1,1
184704568,服饰鞋履,666666,你耳机听什么:,未知,2025/4/12 23:29,141呢,1,1,1,1
184704568,服饰鞋履,666666,绀香一五:,未知,2025/4/12 23:29,没抽到我5555,0,0,0,0
184704568,服饰鞋履,666666,momo:,未知,2025/4/12 23:29,黄色挂脖配短裤,1,1,1,1
184704568,服饰鞋履,666666,要见面吗:,未知,2025/4/12 23:29,80还能补货不!!!!!,1,1,1,1
184704568,服饰鞋履,666666,牛女小y:,未知,2025/4/12 23:29,小苹果可以穿一下83号吗,1,1,1,1
184704568,服饰鞋履,666666,看美女的号:,未知,2025/4/12 23:29,小苹果穿42黄色挂脖嘛,1,1,1,1
184704568,服饰鞋履,666666,一口一块五花肉:,未知,2025/4/12 23:29,好可爱小苹果,0,1,0,0
184704568,服饰鞋履,666666,一口一块五花肉:,未知,2025/4/12 23:29,小苹果你好美,0,0,1,0
184704568,服饰鞋履,666666,LI-SHNan:,未知,2025/4/12 23:29,"T恤上有珍珠项链的T,链接几号",1,1,1,1
184704568,服饰鞋履,666666,momo:,未知,2025/4/12 23:29,这件上衣短袖什么码,1,1,1,1
184704568,服饰鞋履,666666,咔滋脆不脆:,未知,2025/4/12 23:29,107!107!107!107!107!,0,1,1,1
184704568,服饰鞋履,666666,九点准备睡觉:,未知,2025/4/12 23:29,8号!!!!!!,1,1,1,1
184704568,服饰鞋履,666666,看美女的号:,未知,2025/4/12 23:30,小苹果穿黄色挂脖嘛,1,1,1,1
184704568,服饰鞋履,666666,蛙蛙三:,未知,2025/4/12 23:30,发饰哪儿买,1,1,1,1
184704568,服饰鞋履,666666,SnoWflakee呀:,未知,2025/4/12 23:30,看看背面,1,1,1,1
184704568,服饰鞋履,666666,xxxxx:,未知,2025/4/12 23:30,厚度怎么样,1,1,1,1
184704568,服饰鞋履,666666,buhuizuifande.tomato:,未知,2025/4/12 23:30,抽奖可以快一点吗五分钟好久,0,0,1,0
184704568,服饰鞋履,666666,一口一块五花肉:,未知,2025/4/12 23:30,小苹果好美,0,0,1,0
184704568,服饰鞋履,666666,W.:,未知,2025/4/12 23:30,小苹果宝宝有没有账号呀好可爱,0,0,1,0
184704568,服饰鞋履,666666,白瑭白瑭:,未知,2025/4/12 23:30,发券嘛,1,1,1,1
184704568,服饰鞋履,666666,苹果桃:,未知,2025/4/12 23:30,105球球,1,1,1,1
184704568,服饰鞋履,666666,LulU:,未知,2025/4/12 23:30,手链不能用平台券吗手链不能用平台券吗,1,1,1,1
184704568,服饰鞋履,666666,SnoWflakee呀:,未知,2025/4/12 23:30,背面看看,1,1,1,1
184704568,服饰鞋履,666666,南柯一梦:,未知,2025/4/12 23:30,让我中,0,0,0,0
184704568,服饰鞋履,666666,绀香一五:,未知,2025/4/12 23:30,好看外套几号呀,1,1,1,1
184704568,服饰鞋履,666666,野生日青:,未知,2025/4/12 23:30,有券吗,1,1,1,1
184704568,服饰鞋履,666666,potato:,未知,2025/4/12 23:30,三个都没抽中,0,0,0,0
184704568,服饰鞋履,666666,LuoLuo:,未知,2025/4/12 23:30,中不了一点,0,0,0,0
184704568,服饰鞋履,666666,屁king:,未知,2025/4/12 23:30,76767676号没抽,1,1,1,1
184704568,服饰鞋履,666666,今天你吃了嘛:,未知,2025/4/12 23:30,这个是哪款啊,1,1,1,1
184704568,服饰鞋履,666666,啾啾啾:,未知,2025/4/12 23:30,107半价,1,1,1,1
184704568,服饰鞋履,666666,咕噜鸭～:,未知,2025/4/12 23:30,终于中奖了,0,0,0,0
184704568,服饰鞋履,666666,momo:,未知,2025/4/12 23:30,这件上衣短袖什么,1,1,1,1
184704568,服饰鞋履,666666,屁king:,未知,2025/4/12 23:30,76号76号没抽,1,1,1,1
184704568,服饰鞋履,666666,小红薯650A1605:,未知,2025/4/12 23:30,怎么还没播到85啊没有按顺序播吗,0,0,0,0
184704568,服饰鞋履,666666,扣酱:,未知,2025/4/12 23:30,141号链接搭56号链接,1,1,1,1
184704568,服饰鞋履,666666,暗:,未知,2025/4/12 23:30,ur短袖没有s码了,1,1,1,1
184704568,服饰鞋履,666666,:,未知,2025/4/12 23:31,101号,1,1,1,1
184704568,服饰鞋履,666666,九点准备睡觉:,未知,2025/4/12 23:31,小苹果,0,0,1,0
184704568,服饰鞋履,666666,屁king:,未知,2025/4/12 23:31,76号没抽奖,0,1,0,0
184704568,服饰鞋履,666666,Kuku:,未知,2025/4/12 23:31,"看了一天,啥也没中",0,0,0,0
184704568,服饰鞋履,666666,阿付少吃点.:,未知,2025/4/12 23:31,发券了,1,0,0,0
184704568,服饰鞋履,666666,驰早:,未知,2025/4/12 23:31,1补货吗,1,1,1,1
184704568,服饰鞋履,666666,香芋考:,未知,2025/4/12 23:31,还有券吗,1,0,1,1
184704568,服饰鞋履,666666,香菜骑士:,未知,2025/4/12 23:31,小苹果可以穿40号的黑色吗,1,1,1,1
184704568,服饰鞋履,666666,:,未知,2025/4/12 23:31,衬衫101,1,1,1,1
184704568,服饰鞋履,666666,a梁_:,未知,2025/4/12 23:31,短裤小苹果穿的是L吗,1,1,1,1
184704568,服饰鞋履,666666,番茄小子的鱼缸:,未知,2025/4/12 23:31,小苹果可以试试55号吗,1,1,1,1
184704568,服饰鞋履,666666,mindy_yun:,未知,2025/4/12 23:31,nia穿107了吗,1,1,1,1
184704568,服饰鞋履,666666,我必发财哦:,未知,2025/4/12 23:31,发大额券啊,1,0,1,1
184704568,服饰鞋履,666666,慕籽木:,未知,2025/4/12 23:31,想看88黑色,1,1,1,1
184704568,服饰鞋履,666666,卷卷er:,未知,2025/4/12 23:31,小苹果黄色挂脖,1,0,1,1
184704568,服饰鞋履,666666,看美女的号:,未知,2025/4/12 23:31,小苹果穿42黄色挂脖嘛,1,1,1,1
184704568,服饰鞋履,666666,鹅跟你讲:,未知,2025/4/12 23:31,"@a梁_是的,宝",0,0,0,0
184704568,服饰鞋履,666666,来一瓶橘子水:,未知,2025/4/12 23:31,券不发了吗,1,0,1,1
184704568,服饰鞋履,666666,要见面吗:,未知,2025/4/12 23:31,80还能补货不!!!!!,1,1,1,1
184704568,服饰鞋履,666666,鹅跟你讲:,未知,2025/4/12 23:31,@汽水拜拜右上角信息卡有哦宝,0,0,0,0
184704568,服饰鞋履,666666,xx:,未知,2025/4/12 23:31,想看小苹果穿139和140,1,1,1,1
184704568,服饰鞋履,666666,吃一口:,未知,2025/4/12 23:31,半点券,1,0,1,1
184704568,服饰鞋履,666666,potato:,未知,2025/4/12 23:32,忘了吗,0,0,0,0
184704568,服饰鞋履,666666,鲸虞摆摆:,未知,2025/4/12 23:32,会显黑吗这个颜色,1,1,1,1
184704568,服饰鞋履,666666,料好运:,未知,2025/4/12 23:32,裤子32.上衣42,1,1,1,1
184704568,服饰鞋履,666666,小红薯67C3CED0:,未知,2025/4/12 23:32,没有劵里吗,1,0,1,1
184704568,服饰鞋履,666666,减肥好难:,未知,2025/4/12 23:32,宝宝能不能配小狗短袖,1,1,1,1
184704568,服饰鞋履,666666,一口一块五花肉:,未知,2025/4/12 23:32,龙包包,1,1,1,1
184704568,服饰鞋履,666666,厌:,未知,2025/4/12 23:32,1号短袖没有货了吗,1,1,1,1
184704568,服饰鞋履,666666,:,未知,2025/4/12 23:32,几号这时,1,1,1,1
184704568,服饰鞋履,666666,aa:,未知,2025/4/12 23:32,我真服了,0,0,0,0
184704568,服饰鞋履,666666,有的没的有没:,未知,2025/4/12 23:32,裤子能不能抽半价!!,1,1,1,1
184704568,服饰鞋履,666666,用户正在纠结中:,未知,2025/4/12 23:32,想看23搭裤子!!!,1,1,1,1
184704568,服饰鞋履,666666,明朗橙:,未知,2025/4/12 23:32,Nia鞋子是海鸥4cm吗,1,1,1,1
184704568,服饰鞋履,666666,今天就开始早睡:,未知,2025/4/12 23:32,还有券吗,1,0,1,1
184704568,服饰鞋履,666666,霓虹小蛋:,未知,2025/4/12 23:32,@明朗橙5.5,0,0,0,0
184704568,服饰鞋履,666666,一口一块五花肉:,未知,2025/4/12 23:32,龙包包宠我,0,0,0,0
184704568,服饰鞋履,666666,:,未知,2025/4/12 23:32,这是几号,1,1,1,1
184704568,服饰鞋履,666666,有的没的有没:,未知,2025/4/12 23:32,裤子抽奖!!!,0,1,1,1
184704568,服饰鞋履,666666,快放我回大自然:,未知,2025/4/12 23:32,想看61,0,1,1,1
184704568,服饰鞋履,666666,快乐人儿:,未知,2025/4/12 23:32,发券了嘛,1,0,1,1
184704568,服饰鞋履,666666,鹅崽崽:,未知,2025/4/12 23:32,还会发券吗,1,0,1,1
184704568,服饰鞋履,666666,吃一口:,未知,2025/4/12 23:32,没有抽呢,0,0,0,0
184704568,服饰鞋履,666666,鹅跟你讲:,未知,2025/4/12 23:32,@大棕熊cloudybiubiu右上角信息卡有哦宝,0,0,0,0
184704568,服饰鞋履,666666,素甜饼:,未知,2025/4/12 23:32,87可以穿吗,1,1,1,1
184704568,服饰鞋履,666666,屁king:,未知,2025/4/12 23:32,76号还没抽奖亲爱的,0,0,1,0
184704568,服饰鞋履,666666,土豆脑袋:,未知,2025/4/12 23:32,搭短裤试试,1,1,1,1
184704568,服饰鞋履,666666,55:,未知,2025/4/12 23:32,橘色半裙还抽半价吗,1,1,1,1
184704568,服饰鞋履,666666,吃一口:,未知,2025/4/12 23:32,券!!!,0,1,1,1
184704568,服饰鞋履,666666,蛋挞公主:,未知,2025/4/12 23:32,想要黄色挂脖短袖半价,1,1,1,1
184704568,服饰鞋履,666666,晓玲33149:,未知,2025/4/12 23:33,"刚刚说让小苹果试55号,怎么不试了",1,1,1,1
184704568,服饰鞋履,666666,用户7758258:,未知,2025/4/12 23:33,juan,0,0,0,0
184704568,服饰鞋履,666666,菜百万（看过2ne1演唱会版）:,未知,2025/4/12 23:33,2号的绿色裙裤可以搭其他的衣服看看嘛,1,1,1,1
184704568,服饰鞋履,666666,Lyxlxj:,未知,2025/4/12 23:33,在哪买,1,1,1,1
184704568,服饰鞋履,666666,cecilia:,未知,2025/4/12 23:33,裤子穿的什么码,1,1,1,1
184704568,服饰鞋履,666666,发财土豆:,未知,2025/4/12 23:33,不是说30抽奖吗?,0,1,0,0
184704568,服饰鞋履,666666,看美女的号:,未知,2025/4/12 23:33,小苹果再穿一遍42黄色挂脖小苹果再穿一遍,1,1,1,1
184704568,服饰鞋履,666666,看我吃饭:,未知,2025/4/12 23:33,播几天呀?,0,0,1,0
184704568,服饰鞋履,666666,发财土豆:,未知,2025/4/12 23:33,"抽奖,抽奖",0,0,0,0
184704568,服饰鞋履,666666,momo:,未知,2025/4/12 23:33,可以抽奖了,0,0,0,0
184704568,服饰鞋履,666666,看美女的号:,未知,2025/4/12 23:33,小苹果再穿一遍42黄色挂脖,1,1,1,1
184704568,服饰鞋履,666666,Joooey:,未知,2025/4/12 23:33,112讲了吗!!!,1,1,1,1
184704568,服饰鞋履,666666,牛女小y:,未知,2025/4/12 23:33,小苹果可以穿一下83号吗,1,1,1,1
184704568,服饰鞋履,666666,无机盐:,未知,2025/4/12 23:33,咋一直在返场啊92号93号要抽奖为啥不讲解啊,0,0,1,0
184704568,服饰鞋履,666666,南方举重的果冻:,未知,2025/4/12 23:33,想看夹子,1,1,1,1
184704568,服饰鞋履,666666,香菜骑士:,未知,2025/4/12 23:33,小苹果可以穿40号的黑色吗,1,1,1,1
184704568,服饰鞋履,666666,漂亮宝子8:,未知,2025/4/12 23:33,呜呜呜没领到,0,0,1,0
184704568,服饰鞋履,666666,美天花:,未知,2025/4/12 23:33,能不能多发点啊,1,1,1,1
184704568,服饰鞋履,666666,小猫咪日迹:,未知,2025/4/12 23:33,再发点券可以吗,1,0,1,1
184704568,服饰鞋履,666666,慕籽木:,未知,2025/4/12 23:33,想看88黑色,1,1,1,1
184704568,服饰鞋履,666666,deungnimse^o^:,未知,2025/4/12 23:33,想看小苹果试83号,1,1,1,1
184704568,服饰鞋履,666666,。:,未知,2025/4/12 23:33,小苹果31号绿色,1,1,1,1
184704568,服饰鞋履,666666,不是奶妹:,未知,2025/4/12 23:33,小苹果可以穿110吗,1,1,1,1
184704568,服饰鞋履,666666,要见面吗:,未知,2025/4/12 23:33,80还能补货不!!!!!,1,1,1,1
184704568,服饰鞋履,666666,Dooo:,未知,2025/4/12 23:33,想看小苹果穿灰色爱心t,1,1,1,1
184704568,服饰鞋履,666666,小肥鸡:,未知,2025/4/12 23:34,穿下流浪鞋黑色～,1,1,1,1
184704568,服饰鞋履,666666,扣酱:,未知,2025/4/12 23:34,141号链接搭56号链接,1,1,1,1
184704568,服饰鞋履,666666,Ideal Lover:,未知,2025/4/12 23:34,Ur短袖m码还有嘛,1,1,1,1
184704568,服饰鞋履,666666,发财土豆:,未知,2025/4/12 23:34,箱抽奖,0,1,0,0
184704568,服饰鞋履,666666,（）:,未知,2025/4/12 23:34,想看114号!!,1,1,1,1
184704568,服饰鞋履,666666,momo:,未知,2025/4/12 23:34,抽奖,0,0,0,0
184704568,服饰鞋履,666666,辛巴大王:,未知,2025/4/12 23:34,想看45白色裤子刚才nia只穿了黑色,1,1,1,1
184704568,服饰鞋履,666666,。:,未知,2025/4/12 23:34,小苹果穿31号绿色,1,1,1,1
184704568,服饰鞋履,666666,momo:,未知,2025/4/12 23:34,龙骧抽奖,0,0,0,0
184704568,服饰鞋履,666666,鹅崽崽:,未知,2025/4/12 23:34,mardi用不了券吗,1,1,1,1
184704568,服饰鞋履,666666,buhuizuifande.tomato:,未知,2025/4/12 23:34,抽55号吧,1,1,1,1
184704568,服饰鞋履,666666,面包超人R:,未知,2025/4/12 23:34,怎么看中奖记录呢,0,0,1,0
184704568,服饰鞋履,666666,cecilia:,未知,2025/4/12 23:34,抽我抽我抽我,0,0,0,0
184704568,服饰鞋履,666666,Akiyamio:,未知,2025/4/12 23:34,想看小苹果穿西太后,1,1,1,1
184704568,服饰鞋履,666666,芋圆二号:,未知,2025/4/12 23:34,许愿!,0,0,0,0
184704568,服饰鞋履,666666,快放我回大自然:,未知,2025/4/12 23:34,61可以咩,1,1,1,1
184704568,服饰鞋履,666666,:,未知,2025/4/12 23:34,101衬衫,1,1,1,1
184704568,服饰鞋履,666666,无机盐:,未知,2025/4/12 23:34,到底讲不讲92号93号,1,1,1,1
184704568,服饰鞋履,666666,万事胜意:,未知,2025/4/12 23:34,149号,1,1,1,1
184704568,服饰鞋履,666666,睡个好觉:,未知,2025/4/12 23:34,你的帐号是啥啊,0,0,0,0
184704568,服饰鞋履,666666,烦恼全5:,未知,2025/4/12 23:34,小苹果可以试试8号吗,1,1,1,1
184704568,服饰鞋履,666666,久在°:,未知,2025/4/12 23:34,可以看看背包吗,1,1,1,1
184704568,服饰鞋履,666666,番茄小子的鱼缸:,未知,2025/4/12 23:35,小苹果可以试试55号吗,1,1,1,1
184704568,服饰鞋履,666666,AAA宫城县柑橘批发:,未知,2025/4/12 23:35,没领到,0,1,0,0
184704568,服饰鞋履,666666,。:,未知,2025/4/12 23:35,31号绿色31号绿色31号绿色,1,1,1,1
184704568,服饰鞋履,666666,Yxxdawn:,未知,2025/4/12 23:35,小苹果穿的mardi是m码吗～,1,1,1,1
184704568,服饰鞋履,666666,天天开心呀:,未知,2025/4/12 23:35,1号还补货吗,1,1,1,1
184704568,服饰鞋履,666666,九点准备睡觉:,未知,2025/4/12 23:35,苹果8号!!!裙子穿一下吧,1,1,1,1
184704568,服饰鞋履,666666,四點十七-:,未知,2025/4/12 23:35,48白色!,1,1,1,1
184704568,服饰鞋履,666666,蛋挞公主:,未知,2025/4/12 23:35,黄色挂脖有半价吗,1,1,1,1
184704568,服饰鞋履,666666,天天天蓝:,未知,2025/4/12 23:35,112看看,1,1,1,1
184704568,服饰鞋履,666666,不是奶妹:,未知,2025/4/12 23:35,小苹果110,1,1,1,1
184704568,服饰鞋履,666666,辛巴大王:,未知,2025/4/12 23:35,45白色裤子!!!!!,1,1,1,1
184704568,服饰鞋履,666666,Joooey:,未知,2025/4/12 23:35,112呢,1,1,1,1
184704568,服饰鞋履,666666,有的没的有没:,未知,2025/4/12 23:35,1号m码补货!!!,1,1,1,1
184704568,服饰鞋履,666666,LulU:,未知,2025/4/12 23:35,手链不能用平台券吗手链不能用平台券吗,1,1,1,1
184704568,服饰鞋履,666666,风绊心:,未知,2025/4/12 23:35,80号s码没有了嘛,1,1,1,1
184704568,服饰鞋履,666666,耸耸肩:,未知,2025/4/12 23:35,29号白色没有预售,1,1,1,1
184704568,服饰鞋履,666666,mini Ding:,未知,2025/4/12 23:35,看看72,1,1,1,1
184704568,服饰鞋履,666666,Rem.twins:,未知,2025/4/12 23:35,142裤子有嘛,1,1,1,1
184704568,服饰鞋履,666666,yiiii:,未知,2025/4/12 23:35,几点结束呀,0,0,0,0
184704568,服饰鞋履,666666,蛋挞公主:,未知,2025/4/12 23:35,黄色挂脖半价,1,1,1,1
184704568,服饰鞋履,666666,九点准备睡觉:,未知,2025/4/12 23:35,苹果8号,1,1,1,1
184704568,服饰鞋履,666666,辛巴大王:,未知,2025/4/12 23:35,小苹果45白色裤子,1,1,1,1
184704568,服饰鞋履,666666,扣酱:,未知,2025/4/12 23:35,141号链接搭56号链接,1,1,1,1
184704568,服饰鞋履,666666,potato:,未知,2025/4/12 23:35,142可以看看嘛,1,1,1,1
184704568,服饰鞋履,666666,FFFFu-:,未知,2025/4/12 23:35,小苹果身上穿这个tee是什么码数?,1,1,1,1
184704568,服饰鞋履,666666,Yxxdawn:,未知,2025/4/12 23:35,小苹果的mardi短袖是什么码呀,1,1,1,1
184704568,服饰鞋履,666666,小红薯650A1605:,未知,2025/4/12 23:35,85穿了吗85穿了吗85穿了吗,1,1,1,1
184704568,服饰鞋履,666666,急支糖浆加冰:,未知,2025/4/12 23:35,我是锦鲤,0,0,0,0
184704568,服饰鞋履,666666,Ideal Lover:,未知,2025/4/12 23:35,Ur短袖m码还有嘛,1,1,1,1
184704568,服饰鞋履,666666,我是路卓豪的狗:,未知,2025/4/12 23:35,小苹果黄色挂脖穿什么码,1,1,1,1
184704568,服饰鞋履,666666,橘子苹果梨:,未知,2025/4/12 23:35,搭配一下花花裙裤,1,1,1,1
184704568,服饰鞋履,666666,potato:,未知,2025/4/12 23:36,求142,0,1,1,1
184704568,服饰鞋履,666666,Jing:,未知,2025/4/12 23:36,牛仔裤,1,1,1,1
184704568,服饰鞋履,666666,有的没的有没:,未知,2025/4/12 23:36,1号m码补补!!!,1,1,1,1
184704568,服饰鞋履,666666,小红薯650A1605:,未知,2025/4/12 23:36,85穿了吗85穿了吗85穿了吗?,1,1,1,1
184704568,服饰鞋履,666666,无机盐:,未知,2025/4/12 23:36,93号92号到底讲不讲啊啊啊啊,1,1,1,1
184704568,服饰鞋履,666666,橘子苹果梨:,未知,2025/4/12 23:36,可以搭配一下2号的裙裤吗?,1,1,1,1
184704568,服饰鞋履,666666,uuu:,未知,2025/4/12 23:36,棕色裤子黄色挂脖棕色裤子黄色挂脖棕色裤子黄色挂脖,1,1,1,1
184704568,服饰鞋履,666666,:,未知,2025/4/12 23:36,牛仔中裤,1,1,1,1
184704568,服饰鞋履,666666,有的没的有没:,未知,2025/4/12 23:36,1号补货!!!,1,1,1,1
184704568,服饰鞋履,666666,kk是妈宝:,未知,2025/4/12 23:36,天啊播了一整天了,0,0,0,0
184704568,服饰鞋履,666666,小象呼噜噜:,未知,2025/4/12 23:36,141穿过吗,1,1,1,1
184704568,服饰鞋履,666666,廢物小灰:,未知,2025/4/12 23:36,想再看下裤子,1,1,1,1
184704568,服饰鞋履,666666,SSanN.:,未知,2025/4/12 23:36,裤子是几号,1,1,1,1
184704568,服饰鞋履,666666,看美女的号:,未知,2025/4/12 23:36,nia白色帽子也搭下,1,1,1,1
184704568,服饰鞋履,666666,一粒青苹果:,未知,2025/4/12 23:36,141抽抽,0,0,0,0
184704568,服饰鞋履,666666,懒懒:,未知,2025/4/12 23:36,可以再穿一下unspoken的上衣吗nia,1,1,1,1
184704568,服饰鞋履,666666,屁king:,未知,2025/4/12 23:36,767676没抽,1,1,1,1
184704568,服饰鞋履,666666,有的没的有没:,未知,2025/4/12 23:36,1号补货!!!!,1,1,1,1
184704568,服饰鞋履,666666,potato:,未知,2025/4/12 23:36,142看看,1,1,1,1
184704568,服饰鞋履,666666,芋圆二号:,未知,2025/4/12 23:36,求中奖,0,0,0,0
184704568,服饰鞋履,666666,Jing:,未知,2025/4/12 23:36,真很会穿,0,0,0,0
184704568,服饰鞋履,666666,用户_25403:,未知,2025/4/12 23:36,裤子几号,1,1,1,1
184704568,服饰鞋履,666666,蛐蛐胶囊口水歌梦游:,未知,2025/4/12 23:36,播到几点啊,0,0,0,0
184704568,服饰鞋履,666666,FOCUS栖夏:,未知,2025/4/12 23:36,想看下三角杯内衣的粉色,1,1,1,1
184704568,服饰鞋履,666666,不知名买家蛋挞:,未知,2025/4/12 23:36,好会搭,0,0,0,0
184704568,服饰鞋履,666666,mxt:,未知,2025/4/12 23:36,好运来,0,0,0,0
184704568,服饰鞋履,666666,potato:,未知,2025/4/12 23:36,想看142,0,1,1,1
184704568,服饰鞋履,666666,小红薯650A1605:,未知,2025/4/12 23:36,85穿了吗85穿了吗85穿了吗85穿了吗85穿了吗85穿了吗,1,1,1,1
184704568,服饰鞋履,666666,。:,未知,2025/4/12 23:36,31号绿色绿色绿色,1,1,1,1
184704568,服饰鞋履,666666,niaoniao要发财:,未知,2025/4/12 23:36,抽我!!!,0,0,0,0
184704568,服饰鞋履,666666,减肥好难:,未知,2025/4/12 23:37,能不能配jenny同款,1,1,1,1
184704568,服饰鞋履,666666,鸽子:,未知,2025/4/12 23:37,牛仔裤,1,1,1,1
184704568,服饰鞋履,666666,potato:,未知,2025/4/12 23:37,看看142,1,1,1,1
184704568,服饰鞋履,666666,niaoniao要发财:,未知,2025/4/12 23:37,许愿一下,0,0,0,0
184704568,服饰鞋履,666666,小象呼噜噜:,未知,2025/4/12 23:37,141号,1,1,1,1
184704568,服饰鞋履,666666,藤蔓上的苹果:,未知,2025/4/12 23:37,宝宝那个黄色的挂脖穿正常内衣后边会尴尬吗,1,1,1,1
184704568,服饰鞋履,666666,bnzforfree:,未知,2025/4/12 23:37,让我中一次吧啊啊啊啊啊,0,0,0,0
184704568,服饰鞋履,666666,九点准备睡觉:,未知,2025/4/12 23:37,苹果8号,1,1,1,1
184704568,服饰鞋履,666666,屁king:,未知,2025/4/12 23:37,我767676没抽,0,0,0,0
184704568,服饰鞋履,666666,天天天蓝:,未知,2025/4/12 23:37,看看112,1,1,1,1
184704568,服饰鞋履,666666,Sandman:,未知,2025/4/12 23:37,还有券吗,1,0,1,1
184704568,服饰鞋履,666666,苹果桃:,未知,2025/4/12 23:37,105不想再等了,1,1,1,1
184704568,服饰鞋履,666666,鸽子:,未知,2025/4/12 23:37,好运来来来来来,0,0,0,0
184704568,服饰鞋履,666666,有的没的有没:,未知,2025/4/12 23:37,1号补货补货,1,1,1,1
184704568,服饰鞋履,666666,无机盐:,未知,2025/4/12 23:37,93号92号到底讲不讲啊啊啊啊这个都预售了92号93号现货还要抽奖为什么不讲啊,0,1,0,0
184704568,服饰鞋履,666666,。:,未知,2025/4/12 23:37,31绿色,0,1,1,1
184704568,服饰鞋履,666666,土豆脑袋:,未知,2025/4/12 23:37,98罩衫没券了,1,1,1,1
184704568,服饰鞋履,666666,吃一口:,未知,2025/4/12 23:37,Mardi可以用券吗,1,1,1,1
184704568,服饰鞋履,666666,慕籽木:,未知,2025/4/12 23:37,想看88黑色,1,1,1,1
184704568,服饰鞋履,666666,喵。:,未知,2025/4/12 23:37,困鼠了,0,0,0,0
184704568,服饰鞋履,666666,再吃一口:,未知,2025/4/12 23:37,今天一个奖都没中,0,0,0,0
184704568,服饰鞋履,666666,一粒青苹果:,未知,2025/4/12 23:37,141抽抽,0,0,0,0
184704568,服饰鞋履,666666,年糕湯:,未知,2025/4/12 23:37,守了一天啥都没抽中[抽泣R],0,0,0,0
184704568,服饰鞋履,666666,呆呆:,未知,2025/4/12 23:37,72号不穿了吗,1,1,1,1
184704568,服饰鞋履,666666,喵。:,未知,2025/4/12 23:37,困睡了,0,0,0,0
184704568,服饰鞋履,666666,芥末斑点狗:,未知,2025/4/12 23:37,白色能补货吗,1,1,1,1
184704568,服饰鞋履,666666,momo（禁言版）:,未知,2025/4/12 23:37,鞋是多高的呀,1,1,1,1
184704568,服饰鞋履,666666,怎么吃不饱:,未知,2025/4/12 23:38,制服半价抽了吗,1,1,1,1
184704568,服饰鞋履,666666,屁king:,未知,2025/4/12 23:38,767676没抽!,0,1,0,0
184704568,服饰鞋履,666666,蛋挞公主:,未知,2025/4/12 23:38,想要挂脖黄色半价后台姐姐,1,1,1,1
184704568,服饰鞋履,666666,懒懒:,未知,2025/4/12 23:38,可以再穿一下unspoken的上衣吗,1,1,1,1
184704568,服饰鞋履,666666,_chaochao_:,未知,2025/4/12 23:38,龙骧包抽了嘛,1,0,0,0
184704568,服饰鞋履,666666,嘎嘎:,未知,2025/4/12 23:38,宝宝好辛苦还在播,0,0,0,0
184704568,服饰鞋履,666666,屁king:,未知,2025/4/12 23:38,767676没抽!!!!!!,0,1,0,0
184704568,服饰鞋履,666666,Rem.twins:,未知,2025/4/12 23:38,142能穿嘛,1,1,1,1
184704568,服饰鞋履,666666,daidai:,未知,2025/4/12 23:38,76没抽!,1,1,1,1
184704568,服饰鞋履,666666,无机盐:,未知,2025/4/12 23:38,93号92号还讲吗了92号93号现货还要抽奖为什么不讲啊,1,1,1,1
184704568,服饰鞋履,666666,九点准备睡觉:,未知,2025/4/12 23:38,苹果8号!!!!!!!!!!!!!!,1,1,1,1
184704568,服饰鞋履,666666,减肥好难:,未知,2025/4/12 23:38,能不能配jenny同款,1,1,1,1
184704568,服饰鞋履,666666,瑶宝_:,未知,2025/4/12 23:38,白色没货啦,1,1,1,1
184704568,服饰鞋履,666666,只只:,未知,2025/4/12 23:38,140套装可以看看吗!!!!!!!!!!!!!!!!!!!!!!,1,1,1,1
184704568,服饰鞋履,666666,屁king:,未知,2025/4/12 23:38,767676没抽!!!!!,0,0,0,0
184704568,服饰鞋履,666666,屁king:,未知,2025/4/12 23:38,767676没抽!!!!,0,1,0,0
184704568,服饰鞋履,666666,无机盐:,未知,2025/4/12 23:38,93号92号还讲吗92号93号现货还要抽奖为什么不讲啊,1,1,1,1
184704568,服饰鞋履,666666,FOCUS栖夏:,未知,2025/4/12 23:38,想看下三角杯内衣的粉色,1,1,1,1
184704568,服饰鞋履,666666,蛋挞公主:,未知,2025/4/12 23:38,黄色挂脖半价还有吗,1,1,1,1
184704568,服饰鞋履,666666,daidai:,未知,2025/4/12 23:38,76没抽,1,1,1,1
184704568,服饰鞋履,666666,屁king:,未知,2025/4/12 23:38,767676没抽亲爱的,1,0,0,0
184704568,服饰鞋履,666666,xx:,未知,2025/4/12 23:38,16894斤穿什么码呀,1,1,1,1
184704568,服饰鞋履,666666,有的没的有没:,未知,2025/4/12 23:38,1号补货补货!!!!,1,1,1,1
184704568,服饰鞋履,666666,吃定香菜:,未知,2025/4/12 23:38,101啊啊啊啊啊啊啊啊啊,0,0,0,0
184704568,服饰鞋履,666666,咕噜鸭～:,未知,2025/4/12 23:38,想看25号包包,1,1,1,1
184704568,服饰鞋履,666666,九点准备睡觉:,未知,2025/4/12 23:38,苹果8号,1,1,1,1
184704568,服饰鞋履,666666,十元爱元宝（财运亨通）:,未知,2025/4/12 23:39,12点还会发券吗,1,1,1,1
184704568,服饰鞋履,666666,扣酱:,未知,2025/4/12 23:39,141号链接搭56号链接,1,1,1,1
184704568,服饰鞋履,666666,了呜哦:,未知,2025/4/12 23:39,想看4,0,1,1,1
184704568,服饰鞋履,666666,一粒青苹果:,未知,2025/4/12 23:39,141抽抽,0,0,0,0
184704568,服饰鞋履,666666,daidai:,未知,2025/4/12 23:39,76返场!,0,1,1,1
184704568,服饰鞋履,666666,吃定香菜:,未知,2025/4/12 23:39,想看看101,1,1,1,1
184704568,服饰鞋履,666666,momo:,未知,2025/4/12 23:39,明天还会播吗,0,0,1,0
184704568,服饰鞋履,666666,无机盐:,未知,2025/4/12 23:39,终于来了,0,0,1,0
184704568,服饰鞋履,666666,$X W X.::,未知,2025/4/12 23:39,播几天呀,0,0,1,0
184704568,服饰鞋履,666666,汤圆呼呼^:,未知,2025/4/12 23:39,苹果穿亮色太好看啦,1,1,1,1
184704568,服饰鞋履,666666,不是奶妹:,未知,2025/4/12 23:39,小苹果穿110,1,1,1,1
184704568,服饰鞋履,666666,怎么吃不饱:,未知,2025/4/12 23:39,制服半价抽了吗,1,1,1,1
184704568,服饰鞋履,666666,有的没的有没:,未知,2025/4/12 23:39,1号补货!!!!补货!!!!,1,1,1,1
184704568,服饰鞋履,666666,cecilia:,未知,2025/4/12 23:39,能穿下车银优短袖M码吗,1,1,1,1
184704568,服饰鞋履,666666,牛女小y:,未知,2025/4/12 23:39,小苹果可以穿一下83号吗,1,1,1,1
184704568,服饰鞋履,666666,chanii:,未知,2025/4/12 23:39,挂脖连衣裙162110选什么码,1,1,1,1
184704568,服饰鞋履,666666,来串鱼丸:,未知,2025/4/12 23:39,好运来,0,0,0,0
184704568,服饰鞋履,666666,哈哈哈:,未知,2025/4/12 23:39,宝穿这个黄色的多少码数呀,1,1,1,1
184704568,服饰鞋履,666666,屁king:,未知,2025/4/12 23:39,767676没抽啊,1,1,1,1
184704568,服饰鞋履,666666,小红薯67C3CED0:,未知,2025/4/12 23:39,小苹果穿什么码,1,1,1,1
184704568,服饰鞋履,666666,有的没的有没:,未知,2025/4/12 23:39,1号补货补货补货,1,1,1,1
184704568,服饰鞋履,666666,momo:,未知,2025/4/12 23:39,想看77号2th白色上衣,1,1,1,1
184704568,服饰鞋履,666666,来串鱼丸:,未知,2025/4/12 23:39,好运来!,0,0,0,0
184704568,服饰鞋履,666666,Gin.:,未知,2025/4/12 23:39,主播半价是按优惠券发送吗,1,1,1,1
184704568,服饰鞋履,666666,LuoLuo:,未知,2025/4/12 23:39,黑裤子是什么,1,1,1,1
184704568,服饰鞋履,666666,有的没的有没:,未知,2025/4/12 23:39,1号补货补货补货!!!!!!,1,1,1,1
184704568,服饰鞋履,666666,好运连连:,未知,2025/4/12 23:39,想看110号!,1,1,1,1
184704568,服饰鞋履,666666,nabiii:,未知,2025/4/12 23:39,托特包半价抽吗,1,1,1,1
184704568,服饰鞋履,666666,土豆脑袋:,未知,2025/4/12 23:39,98罩衫没券了,1,1,1,1
184704568,服饰鞋履,666666,暗:,未知,2025/4/12 23:39,ur短袖没有s码了,1,1,1,1
184704568,服饰鞋履,666666,小红薯67C3CED0:,未知,2025/4/12 23:39,什么码上衣,1,1,1,1
184704568,服饰鞋履,666666,吃堡:,未知,2025/4/12 23:39,十二点还有券吗,1,1,1,1
184704568,服饰鞋履,666666,了呜哦:,未知,2025/4/12 23:39,穿什么内衣,1,1,1,1
184704568,服饰鞋履,666666,somsom:,未知,2025/4/12 23:39,小苹果穿的什么码啊,0,1,0,0
184704568,服饰鞋履,666666,迷人老乔治:,未知,2025/4/12 23:39,龙骧包包我来了,1,1,1,1
184704568,服饰鞋履,666666,4Liaaao:,未知,2025/4/12 23:39,这个里面穿胸贴吗,1,1,1,1
184704568,服饰鞋履,666666,橙紫:,未知,2025/4/12 23:39,50号,1,1,1,1
184704568,服饰鞋履,666666,藤蔓上的苹果:,未知,2025/4/12 23:39,宝宝那个黄色的挂脖穿正常内衣后边会尴尬吗,1,1,1,1
184704568,服饰鞋履,666666,慕籽木:,未知,2025/4/12 23:39,想看88黑色,1,1,1,1
184704568,服饰鞋履,666666,小圆盒子:,未知,2025/4/12 23:39,@kitty吐司,0,0,0,0
184704568,服饰鞋履,666666,nabiii:,未知,2025/4/12 23:39,托特包半价,1,1,1,1
184704568,服饰鞋履,666666,芋圆二号:,未知,2025/4/12 23:40,想看这个裤子白色,1,1,1,1
184704568,服饰鞋履,666666,九点准备睡觉:,未知,2025/4/12 23:40,宝8号!!!!!!真的要生气了,1,0,1,1
184704568,服饰鞋履,666666,十元爱元宝（财运亨通）:,未知,2025/4/12 23:40,小苹果头发可以撩一下看看嘛,0,1,0,0
184704568,服饰鞋履,666666,小董的宝贝:,未知,2025/4/12 23:40,7不包邮吗,0,1,0,0
184704568,服饰鞋履,666666,慕籽木:,未知,2025/4/12 23:40,想看88黑色想看88黑色想看88黑色想看88,1,1,1,1
184704568,服饰鞋履,666666,九点准备睡觉:,未知,2025/4/12 23:40,8号!!!!小苹果试试,1,1,1,1
184704568,服饰鞋履,666666,啊o:,未知,2025/4/12 23:40,花蕾t恤没有了吗,1,1,1,1
184704568,服饰鞋履,666666,菜百万（看过2ne1演唱会版）:,未知,2025/4/12 23:40,2号的绿色裙裤可以搭其他的衣服看看嘛,1,1,1,1
184704568,服饰鞋履,666666,慕籽木:,未知,2025/4/12 23:40,想看88黑色想看88黑色想看88黑色想看88黑色,1,1,1,1
184704568,服饰鞋履,666666,番茄小子的鱼缸:,未知,2025/4/12 23:40,小苹果可以试试55号吗,1,1,1,1
184704568,服饰鞋履,666666,屁king:,未知,2025/4/12 23:40,767676没抽呀主包,1,0,0,0
184704568,服饰鞋履,666666,减肥好难:,未知,2025/4/12 23:40,55抽半价了嘛,1,1,1,1
184704568,服饰鞋履,666666,十元爱元宝（财运亨通）:,未知,2025/4/12 23:40,小苹果头发可以拨一下看看嘛,0,0,1,0
184704568,服饰鞋履,666666,有的没的有没:,未知,2025/4/12 23:40,1号补货补货补货!!!!!,1,1,1,1
184704568,服饰鞋履,666666,头发蓬松了没:,未知,2025/4/12 23:40,105还试吗,1,1,1,1
184704568,服饰鞋履,666666,蛋挞公主:,未知,2025/4/12 23:40,想要挂脖半价,1,1,1,1
184704568,服饰鞋履,666666,看美女的号:,未知,2025/4/12 23:40,看看背面,1,1,1,1
184704568,服饰鞋履,666666,屁king:,未知,2025/4/12 23:40,767676没抽呀亲爱的,1,1,1,1
184704568,服饰鞋履,666666,九点准备睡觉:,未知,2025/4/12 23:40,小苹果8号!!!!!,1,1,1,1
184704568,服饰鞋履,666666,管饱:,未知,2025/4/12 23:40,尼亚呢,0,1,0,0
184704568,服饰鞋履,666666,ddde:,未知,2025/4/12 23:40,看看裤子,1,0,1,1
184704568,服饰鞋履,666666,蛋挞公主:,未知,2025/4/12 23:40,挂脖半价还会有吗,1,1,1,1
184704568,服饰鞋履,666666,有的没的有没:,未知,2025/4/12 23:40,1号!!!!1号!!!!!!补货补货补货,1,1,1,1
184704568,服饰鞋履,666666,暗:,未知,2025/4/12 23:40,宝宝ur短袖没有s码了,1,1,1,1
184704568,服饰鞋履,666666,啊o:,未知,2025/4/12 23:40,1号链接xs!,1,1,1,1
184704568,服饰鞋履,666666,蛋挞公主:,未知,2025/4/12 23:40,黄色挂脖还会有半价吗,1,1,1,1
184704568,服饰鞋履,666666,看美女的号:,未知,2025/4/12 23:40,非洲动物可以补m码吗,1,1,1,1
184704568,服饰鞋履,666666,屁king:,未知,2025/4/12 23:40,767676到底抽不抽说一声呀,1,1,1,1
184704568,服饰鞋履,666666,五香芋:,未知,2025/4/12 23:40,小苹果吊带什么码呀,1,1,1,1
184704568,服饰鞋履,666666,额:,未知,2025/4/12 23:40,这是几号链接呀,1,1,1,1
184704568,服饰鞋履,666666,有的没的有没:,未知,2025/4/12 23:40,1号补货啊!!!!!补货,1,1,1,1
184704568,服饰鞋履,666666,屁king:,未知,2025/4/12 23:41,亲爱的们767676到底抽不抽说一声呀,0,0,0,0
184704568,服饰鞋履,666666,ge5aceta-:,未知,2025/4/12 23:41,112112112能看下112吗,1,1,1,1
184704568,服饰鞋履,666666,芥末斑点狗:,未知,2025/4/12 23:41,帽子能补货吗,1,1,1,1
184704568,服饰鞋履,666666,pocky:,未知,2025/4/12 23:41,花蕾t没有了吗,1,1,1,1
184704568,服饰鞋履,666666,粒狸狸:,未知,2025/4/12 23:41,1号!,1,1,1,1
184704568,服饰鞋履,666666,屁king:,未知,2025/4/12 23:41,767676到底抽不抽说一声呀亲爱的,1,1,1,1
184704568,服饰鞋履,666666,有的没的有没:,未知,2025/4/12 23:41,1号补货补货!!!!,1,1,1,1
184704568,服饰鞋履,666666,番茄小子的鱼缸:,未知,2025/4/12 23:41,小苹果可以试试55号吗,1,1,1,1
184704568,服饰鞋履,666666,Gin.:,未知,2025/4/12 23:41,半价是怎么发放的,0,1,0,0
184704568,服饰鞋履,666666,甜甜圈:,未知,2025/4/12 23:41,几点抽奖哇,0,0,0,0
184704568,服饰鞋履,666666,一颗好白菜:,未知,2025/4/12 23:41,一张券都没抢到快服了,0,1,0,0
184704568,服饰鞋履,666666,mini蒸煮贝贝:,未知,2025/4/12 23:41,这个还有半价吗,1,1,1,1
184704568,服饰鞋履,666666,（）:,未知,2025/4/12 23:41,想看114号!!,1,1,1,1
184704568,服饰鞋履,666666,料好运:,未知,2025/4/12 23:41,9293号链接上身,1,1,1,1
184704568,服饰鞋履,666666,清醒点清醒:,未知,2025/4/12 23:41,15号有货么还,1,1,1,1
184704568,服饰鞋履,666666,一粒青苹果:,未知,2025/4/12 23:41,141抽抽,0,0,0,0
184704568,服饰鞋履,666666,无机盐:,未知,2025/4/12 23:41,终于到这一套了,1,1,1,1
184704568,服饰鞋履,666666,啾啾啾:,未知,2025/4/12 23:41,107抽吗,1,1,1,1
184704568,服饰鞋履,666666,:,未知,2025/4/12 23:41,好可爱,0,1,0,0
184704568,服饰鞋履,666666,屁king:,未知,2025/4/12 23:41,767676到底抽不抽说一声呀亲爱的nia,1,0,0,0
184704568,服饰鞋履,666666,yoa.Xing）:,未知,2025/4/12 23:41,我丢nia大方,0,0,0,0
184704568,服饰鞋履,666666,菠菜梗:,未知,2025/4/12 23:41,几点下播呀,0,0,1,0
184704568,服饰鞋履,666666,屁king:,未知,2025/4/12 23:41,767676到底抽不抽说一声呀nia,1,0,0,0
184704568,服饰鞋履,666666,Abby:,未知,2025/4/12 23:41,我穿上就是一个兵,0,0,0,0
184704568,服饰鞋履,666666,有的没的有没:,未知,2025/4/12 23:41,1号1号!!!1号补货补货,1,1,1,1
184704568,服饰鞋履,666666,一颗好白菜:,未知,2025/4/12 23:41,再发一点券,0,0,1,0
184704568,服饰鞋履,666666,九点准备睡觉:,未知,2025/4/12 23:42,105号穿吗,1,1,1,1
184704568,服饰鞋履,666666,mikkoWWWwww:,未知,2025/4/12 23:42,非洲动物m还有吗74,1,1,1,1
184704568,服饰鞋履,666666,是俊秀呀_:,未知,2025/4/12 23:42,鞋子太百搭了,1,1,1,1
184704568,服饰鞋履,666666,额:,未知,2025/4/12 23:42,12点就要下播吗,1,0,0,0
184704568,服饰鞋履,666666,无机盐:,未知,2025/4/12 23:42,上衣已经发货了哈哈哈,1,0,0,0
184704568,服饰鞋履,666666,一个鸡蛋:,未知,2025/4/12 23:42,这个下面配裤子好看吗,1,1,1,1
184704568,服饰鞋履,666666,August:,未知,2025/4/12 23:42,券还有么,1,1,1,1
184704568,服饰鞋履,666666,nothing:,未知,2025/4/12 23:42,16号包包更推荐那个色啊,1,1,1,1
184704568,服饰鞋履,666666,肥了个鹅鹅:,未知,2025/4/12 23:42,haomei,0,0,0,0
184704568,服饰鞋履,666666,幸运跳跳糖:,未知,2025/4/12 23:42,141没抽啊,0,1,0,0
184704568,服饰鞋履,666666,瑶宝_:,未知,2025/4/12 23:42,格纹群没货了,1,1,1,1
184704568,服饰鞋履,666666,霓虹小蛋:,未知,2025/4/12 23:42,@屁king抽,0,0,0,0
184704568,服饰鞋履,666666,要见面吗:,未知,2025/4/12 23:42,80还能补货不!!!!!,1,1,1,1
184704568,服饰鞋履,666666,瑶宝_:,未知,2025/4/12 23:42,s码的,1,1,1,1
184704568,服饰鞋履,666666,Rem.twins:,未知,2025/4/12 23:42,142裤子,1,1,1,1
184704568,服饰鞋履,666666,（）:,未知,2025/4/12 23:42,想看114号!!,1,1,1,1
184704568,服饰鞋履,666666,清醒点清醒:,未知,2025/4/12 23:42,15号能补么,1,1,1,1
184704568,服饰鞋履,666666,喵。:,未知,2025/4/12 23:42,珑骧包!!!!,1,1,1,1
184704568,服饰鞋履,666666,小红薯67F2FD17:,未知,2025/4/12 23:42,明天还直播吗,0,0,0,0
184704568,服饰鞋履,666666,不啾:,未知,2025/4/12 23:42,看了一天了能中一个吗,1,0,0,0
184704568,服饰鞋履,666666,:,未知,2025/4/12 23:42,抽中我,0,0,0,0
184704568,服饰鞋履,666666,啾啾啾:,未知,2025/4/12 23:42,107抽吗,1,1,1,1
184704568,服饰鞋履,666666,怎么吃不饱:,未知,2025/4/12 23:42,6号抽了吗,1,1,1,1
184704568,服饰鞋履,666666,番茄小子的鱼缸:,未知,2025/4/12 23:42,小苹果可以试试55号吗,1,1,1,1
184704568,服饰鞋履,666666,不啾:,未知,2025/4/12 23:42,我要中奖财神爷保佑,0,0,0,0
184704568,服饰鞋履,666666,糯米方糕:,未知,2025/4/12 23:42,15号还补嘛,1,1,1,1
184704568,服饰鞋履,666666,屁king:,未知,2025/4/12 23:42,好的谢谢小蛋,0,0,0,0
184704568,服饰鞋履,666666,夏季海洋馆:,未知,2025/4/12 23:42,717171抽了吗,1,0,0,0
184704568,服饰鞋履,666666,素甜饼:,未知,2025/4/12 23:42,61能抽吗!!,1,1,1,1
184704568,服饰鞋履,666666,一粒青苹果:,未知,2025/4/12 23:42,141没抽,0,1,0,0
184704568,服饰鞋履,666666,蛋挞公主:,未知,2025/4/12 23:42,想要黄色挂脖半价,1,1,1,1
184704568,服饰鞋履,666666,Niki（锦鲤不吃香菜版）:,未知,2025/4/12 23:42,买到了好多喜欢的衣服好开心!,1,1,1,1
184704568,服饰鞋履,666666,屁king:,未知,2025/4/12 23:42,好的谢谢!,0,0,0,0
184704568,服饰鞋履,666666,屁king:,未知,2025/4/12 23:43,谢谢小蛋!,0,0,0,0
184704568,服饰鞋履,666666,daidai:,未知,2025/4/12 23:43,76还没抽,0,1,0,0
184704568,服饰鞋履,666666,素甜饼:,未知,2025/4/12 23:43,61616161能抽吗,1,1,1,1
184704568,服饰鞋履,666666,保持好心情:,未知,2025/4/12 23:43,61抽吧,0,1,0,0
184704568,服饰鞋履,666666,芋圆二号:,未知,2025/4/12 23:43,好快啊,0,0,0,0
184704568,服饰鞋履,666666,wu2wu^:,未知,2025/4/12 23:43,问的缺货的那款短袖是Jennie同款的那个嘛,1,1,1,1
184704568,服饰鞋履,666666,清醒点清醒:,未知,2025/4/12 23:43,15还能补么,1,1,1,1
184704568,服饰鞋履,666666,bb.luvme:,未知,2025/4/12 23:43,想看40黑裤子61上衣,1,1,1,1
184704568,服饰鞋履,666666,素甜饼:,未知,2025/4/12 23:43,61能抽吗,1,1,1,1
184704568,服饰鞋履,666666,chanii:,未知,2025/4/12 23:43,还会发券吗,1,1,1,1
184704568,服饰鞋履,666666,好像是小水:,未知,2025/4/12 23:43,双肩包半价吗,1,1,1,1
184704568,服饰鞋履,666666,菜百万（看过2ne1演唱会版）:,未知,2025/4/12 23:43,2号的绿色裙裤可以搭其他的衣服看看嘛,1,1,1,1
184704568,服饰鞋履,666666,怎么吃不饱:,未知,2025/4/12 23:43,6号66666666666抽了吗,0,1,0,0
184704568,服饰鞋履,666666,:,未知,2025/4/12 23:43,101行不行,0,1,0,0
184704568,服饰鞋履,666666,屁king:,未知,2025/4/12 23:43,看到了宝宝,0,0,0,0
184704568,服饰鞋履,666666,try:,未知,2025/4/12 23:43,174能穿这个挂脖吗,1,1,1,1
184704568,服饰鞋履,666666,:,未知,2025/4/12 23:43,101阿啊阿啊阿啊阿啊阿啊阿啊阿啊阿啊阿啊阿啊,0,0,0,0
184704568,服饰鞋履,666666,什么丽:,未知,2025/4/12 23:43,小苹果的包包是什么颜色,1,1,1,1
184704568,服饰鞋履,666666,宁宁玛特:,未知,2025/4/12 23:43,水果爱,0,0,1,0
184704568,服饰鞋履,666666,饼饼:,未知,2025/4/12 23:43,26号小苹果可以试一下吗,1,1,1,1
184704568,服饰鞋履,666666,干嘛呀:,未知,2025/4/12 23:43,珍珠狗t,1,1,1,1
184704568,服饰鞋履,666666,慕籽木:,未知,2025/4/12 23:43,想看88黑色想看88黑色想看88黑色想看88,1,1,1,1
184704568,服饰鞋履,666666,（）:,未知,2025/4/12 23:43,想看114号!!,1,1,1,1
184704568,服饰鞋履,666666,雪糕星星:,未知,2025/4/12 23:43,1号xs还有吗,1,1,1,1
184704568,服饰鞋履,666666,不是奶妹:,未知,2025/4/12 23:43,小苹果穿110,1,1,1,1
184704568,服饰鞋履,666666,九点准备睡觉:,未知,2025/4/12 23:43,小苹果8号,1,1,1,1
184704568,服饰鞋履,666666,mini Ding:,未知,2025/4/12 23:44,72呀,1,1,1,1
184704568,服饰鞋履,666666,好运连连:,未知,2025/4/12 23:44,"想看110号,小苹果可以试一下吗!",1,1,1,1
184704568,服饰鞋履,666666,一个鸡蛋:,未知,2025/4/12 23:44,苹果试试92,1,1,1,1
184704568,服饰鞋履,666666,橘子苹果梨:,未知,2025/4/12 23:44,mardi可以搭配一下绿色的裙裤吗???,1,1,1,1
184704568,服饰鞋履,666666,有钱美女:,未知,2025/4/12 23:44,橙色衬衫,1,1,1,1
184704568,服饰鞋履,666666,糯米方糕:,未知,2025/4/12 23:44,15号,1,1,1,1
184704568,服饰鞋履,666666,万事胜意:,未知,2025/4/12 23:44,149号,1,1,1,1
184704568,服饰鞋履,666666,一粒青苹果:,未知,2025/4/12 23:44,不抽吗,0,1,0,0
184704568,服饰鞋履,666666,:,未知,2025/4/12 23:44,101阿啊阿啊阿啊阿啊阿啊阿啊阿啊阿啊阿啊阿啊阿啊阿啊阿啊阿啊阿啊阿啊阿啊阿,0,0,0,0
184704568,服饰鞋履,666666,土豆脑袋:,未知,2025/4/12 23:44,78没抽,1,0,0,0
184704568,服饰鞋履,666666,好:,未知,2025/4/12 23:44,天使包包抽了吗,1,0,0,0
184704568,服饰鞋履,666666,一粒青苹果:,未知,2025/4/12 23:44,141不是显示抽半价吗,1,1,1,1
184704568,服饰鞋履,666666,怎么吃不饱:,未知,2025/4/12 23:44,666666666号,0,0,0,0
184704568,服饰鞋履,666666,:,未知,2025/4/12 23:44,花花半裙,1,1,1,1
184704568,服饰鞋履,666666,蛋挞公主:,未知,2025/4/12 23:44,黄色挂脖半价,1,1,1,1
184704568,服饰鞋履,666666,啾啾啾:,未知,2025/4/12 23:44,107抽奖吗,0,0,1,0
184704568,服饰鞋履,666666,Xixi.:,未知,2025/4/12 23:44,12号链接168110穿多大嘛,1,1,1,1
184704568,服饰鞋履,666666,暗:,未知,2025/4/12 23:44,看看我!宝宝ur短袖没有s码了,1,1,1,1
184704568,服饰鞋履,666666,lzyueee:,未知,2025/4/12 23:44,85号,1,1,1,1
184704568,服饰鞋履,666666,Xixi.:,未知,2025/4/12 23:44,12号,1,1,1,1
184704568,服饰鞋履,666666,晓玲33149:,未知,2025/4/12 23:44,"55号苹果还试吗?已经拍了,就等试穿了",1,0,0,0
184704568,服饰鞋履,666666,土豆脑袋:,未知,2025/4/12 23:44,60帽子抽免单mq,0,1,0,0
184704568,服饰鞋履,666666,鹅跟你讲:,未知,2025/4/12 23:44,@momo右上角信息卡有哦宝,0,0,0,0
184704568,服饰鞋履,666666,九点准备睡觉:,未知,2025/4/12 23:44,小苹果8号穿一下,1,1,1,1
184704568,服饰鞋履,666666,什么丽:,未知,2025/4/12 23:44,谢谢姐妹,0,0,0,0
184704568,服饰鞋履,666666,momo:,未知,2025/4/12 23:44,主播多高多重,0,0,0,0
184704568,服饰鞋履,666666,是俊秀呀_:,未知,2025/4/12 23:44,101号没讲哦,1,1,1,1
184704568,服饰鞋履,666666,南博赛文:,未知,2025/4/12 23:44,可以吗,0,1,0,0
184704568,服饰鞋履,666666,土豆脑袋:,未知,2025/4/12 23:44,60帽子抽免单吗,0,1,0,0
184704568,服饰鞋履,666666,宁宁玛特:,未知,2025/4/12 23:44,水果爱不能看了吗,1,0,0,0
184704568,服饰鞋履,666666,我是健康自信小美女:,未知,2025/4/12 23:45,这个裤子是那几号哇,1,1,1,1
184704568,服饰鞋履,666666,南方举重的果冻:,未知,2025/4/12 23:45,想看发夹其他颜色,1,1,1,1
184704568,服饰鞋履,666666,:,未知,2025/4/12 23:45,105花花半裙,1,1,1,1
184704568,服饰鞋履,666666,慕籽木:,未知,2025/4/12 23:45,想看88黑色想看88黑色想看88黑色想看88,1,1,1,1
184704568,服饰鞋履,666666,九点准备睡觉:,未知,2025/4/12 23:45,小苹果8号!!!!!!!!!!,1,1,1,1
184704568,服饰鞋履,666666,无机盐:,未知,2025/4/12 23:45,92号93号一开始不是说抽半价吗我等一天了怎么改了啊,1,1,1,1
184704568,服饰鞋履,666666,今天你吃了嘛:,未知,2025/4/12 23:45,137和138扣一天了呜呜呜,0,1,0,0
184704568,服饰鞋履,666666,吃堡:,未知,2025/4/12 23:45,12点还会发券吗,1,1,1,1
184704568,服饰鞋履,666666,鹅跟你讲:,未知,2025/4/12 23:45,"@宁宁玛特宝,喜欢可以看看商品详情页哦",0,1,0,0
184704568,服饰鞋履,666666,ddde:,未知,2025/4/12 23:45,裤子裤子裤子裤子,1,1,1,1
184704568,服饰鞋履,666666,幸运跳跳糖:,未知,2025/4/12 23:45,141不是半价吗,1,1,1,1
184704568,服饰鞋履,666666,MAGGIE_鹿:,未知,2025/4/12 23:45,泡泡玛特下播后还可以买吗,1,1,1,1
184704568,服饰鞋履,666666,芋圆二号:,未知,2025/4/12 23:45,好嘟好嘟,0,1,0,0
184704568,服饰鞋履,666666,pizzazz:,未知,2025/4/12 23:45,找品牌客服对嘛,0,0,1,0
184704568,服饰鞋履,666666,饼饼:,未知,2025/4/12 23:45,26号小苹果可以试一下吗,1,1,1,1
184704568,服饰鞋履,666666,Atopos.:,未知,2025/4/12 23:45,这个上衣能遮副乳吗,1,1,1,1
184704568,服饰鞋履,666666,素甜饼:,未知,2025/4/12 23:45,61抽吗,1,0,0,0
184704568,服饰鞋履,666666,niaoniao要发财:,未知,2025/4/12 23:45,我来了珑骧包包,1,0,1,1
184704568,服饰鞋履,666666,怪味汉堡oo:,未知,2025/4/12 23:45,我不介意,0,0,0,0
184704568,服饰鞋履,666666,厚米吃土豆泥了吗:,未知,2025/4/12 23:45,不介意不介意,0,0,0,0
184704568,服饰鞋履,666666,好像是小水:,未知,2025/4/12 23:45,真的很好也,1,1,1,1
184704568,服饰鞋履,666666,徐13:,未知,2025/4/12 23:45,抽我我不介意,0,0,0,0
184704568,服饰鞋履,666666,黄油饼干:,未知,2025/4/12 23:45,这次上天能不能眷顾一下我,0,0,0,0
184704568,服饰鞋履,666666,白鬼院凛凛蝶:,未知,2025/4/12 23:45,珑骧!!!!!!!,0,0,0,0
184704568,服饰鞋履,666666,土豆脑袋:,未知,2025/4/12 23:46,60没抽,1,1,1,1
184704568,服饰鞋履,666666,什么丽:,未知,2025/4/12 23:46,接好运,0,0,0,0
184704568,服饰鞋履,666666,芝麻糊了叭:,未知,2025/4/12 23:46,好运来,0,0,0,0
184704568,服饰鞋履,666666,sympathy:,未知,2025/4/12 23:46,我中我中,0,0,0,0
184704568,服饰鞋履,666666,厚米吃土豆泥了吗:,未知,2025/4/12 23:46,红薯大大抽我啊啊啊啊,0,0,0,0
184704568,服饰鞋履,666666,芝麻糊了叭:,未知,2025/4/12 23:46,看好久了能不能抽中,0,0,0,0
184704568,服饰鞋履,666666,正在输入.:,未知,2025/4/12 23:46,我买了好多,0,0,1,0
184704568,服饰鞋履,666666,momo:,未知,2025/4/12 23:46,小妮儿的审美太好了,0,0,0,0
184704568,服饰鞋履,666666,想去克罗地亚开花店-:,未知,2025/4/12 23:46,啦啦啦啦啊啦,0,0,0,0
184704568,服饰鞋履,666666,10038.:,未知,2025/4/12 23:46,nia爱你,0,0,0,0
184704568,服饰鞋履,666666,糯米方糕:,未知,2025/4/12 23:46,15号短袖,1,1,1,1
184704568,服饰鞋履,666666,芝麻糊了叭:,未知,2025/4/12 23:46,好想抽啊我的天,0,0,0,0
184704568,服饰鞋履,666666,超新星薯条:,未知,2025/4/12 23:46,呜呜呜呜呜呜呜呜呜呜我我我,0,0,0,0
184704568,服饰鞋履,666666,YuuFeii-:,未知,2025/4/12 23:46,nia品味很好,1,1,1,1
184704568,服饰鞋履,666666,熊熊妙脆角:,未知,2025/4/12 23:46,抽我抽我,0,0,0,0
184704568,服饰鞋履,666666,暴富王小美:,未知,2025/4/12 23:46,抽中!,0,0,0,0
184704568,服饰鞋履,666666,肥了个鹅鹅:,未知,2025/4/12 23:46,包来!,1,1,1,1
184704568,服饰鞋履,666666,够麻烦.:,未知,2025/4/12 23:46,中好喜欢,0,1,0,0
184704568,服饰鞋履,666666,别抢我的小猪:,未知,2025/4/12 23:46,nia太敬业了,0,0,0,0
184704568,服饰鞋履,666666,momo:,未知,2025/4/12 23:46,送给我吧,0,0,0,0
184704568,服饰鞋履,666666,豆芽啊:,未知,2025/4/12 23:46,好好看,1,1,1,1
184704568,服饰鞋履,666666,momo:,未知,2025/4/12 23:46,身高158100斤穿多大,1,1,1,1
184704568,服饰鞋履,666666,番茄小子的鱼缸:,未知,2025/4/12 23:46,小苹果可以试试55号吗,1,1,1,1
184704568,服饰鞋履,666666,有的没的有没:,未知,2025/4/12 23:46,看看我,0,0,0,0
184704568,服饰鞋履,666666,摇摇七喜:,未知,2025/4/12 23:46,真的很想要,1,1,1,1
184704568,服饰鞋履,666666,雯籽^ ^:,未知,2025/4/12 23:46,爱她一辈子,0,0,0,0
184704568,服饰鞋履,666666,头发蓬松了没:,未知,2025/4/12 23:46,许愿啊,0,0,0,0
184704568,服饰鞋履,666666,怀于:,未知,2025/4/12 23:46,许愿包包,1,0,0,0
184704568,服饰鞋履,666666,hehh:,未知,2025/4/12 23:46,还没在小红书中过奖,0,0,0,0
184704568,服饰鞋履,666666,coinouo:,未知,2025/4/12 23:46,财神到,0,0,0,0
184704568,服饰鞋履,666666,kaikaiisok:,未知,2025/4/12 23:46,已拍抽我,0,0,1,0
184704568,服饰鞋履,666666,chanii:,未知,2025/4/12 23:46,小苹果的红薯是什么,0,1,0,0
184704568,服饰鞋履,666666,金光福气小宝:,未知,2025/4/12 23:46,中中中蹲一天直播啦,0,0,0,0
184704568,服饰鞋履,666666,牛骷颅甄嬛:,未知,2025/4/12 23:47,等你读懂我的鱿鱼我就变成铁板烧了哈哈哈哈,0,0,0,0
184704568,服饰鞋履,666666,奶酪:,未知,2025/4/12 23:47,让我中,0,0,0,0
184704568,服饰鞋履,666666,MAGGIE_鹿:,未知,2025/4/12 23:47,泡泡玛特下播后还可以买吗,1,1,1,1
184704568,服饰鞋履,666666,噔灯等登:,未知,2025/4/12 23:47,一会儿还发券吗,1,0,1,1
184704568,服饰鞋履,666666,牛骷颅甄嬛:,未知,2025/4/12 23:47,锦鲤是我哈哈哈哈,0,0,0,0
184704568,服饰鞋履,666666,sympathy:,未知,2025/4/12 23:47,来财来财,0,0,0,0
184704568,服饰鞋履,666666,momo:,未知,2025/4/12 23:47,苹果自留什么,0,1,0,0
184704568,服饰鞋履,666666,主食爱吃大米饭:,未知,2025/4/12 23:47,nia,0,0,0,0
184704568,服饰鞋履,666666,黄油饼干:,未知,2025/4/12 23:47,一天的卷都没领到,0,1,0,0
184704568,服饰鞋履,666666,咕噜鸭～:,未知,2025/4/12 23:47,"nia,25号包包和水果爱推荐入哪个呀",1,1,1,1
184704568,服饰鞋履,666666,potato:,未知,2025/4/12 23:47,从开始到现在一直在,0,0,0,0
184704568,服饰鞋履,666666,香到了:,未知,2025/4/12 23:47,新粉不配拥有吗,1,1,1,1
184704568,服饰鞋履,666666,吃堡:,未知,2025/4/12 23:47,完整的看下来了,0,0,0,0
184704568,服饰鞋履,666666,鸽子:,未知,2025/4/12 23:47,好运来来来来来,0,0,0,0
184704568,服饰鞋履,666666,不啾:,未知,2025/4/12 23:47,这个我拍了,0,1,0,0
184704568,服饰鞋履,666666,点点脑袋（猪咪）:,未知,2025/4/12 23:47,背后看哈可以吗,1,1,1,1
184704568,服饰鞋履,666666,素甜饼:,未知,2025/4/12 23:47,幸运儿,0,0,0,0
184704568,服饰鞋履,666666,英子睡不醒:,未知,2025/4/12 23:47,好好看啊,1,0,1,1
184704568,服饰鞋履,666666,每天都不知道吃什么:,未知,2025/4/12 23:47,辛苦啦nia,0,0,0,0
184704568,服饰鞋履,666666,bnzforfree:,未知,2025/4/12 23:47,好运来来来来,0,0,0,0
184704568,服饰鞋履,666666,野生日青:,未知,2025/4/12 23:47,选品很棒呢,1,1,1,1
184704568,服饰鞋履,666666,玛奇朵:,未知,2025/4/12 23:47,希望有好运,0,0,0,0
184704568,服饰鞋履,666666,mxt:,未知,2025/4/12 23:47,好运来,0,0,0,0
184704568,服饰鞋履,666666,嘟嘟:,未知,2025/4/12 23:47,许愿是我,0,0,0,0
184704568,服饰鞋履,666666,天天天蓝:,未知,2025/4/12 23:47,求中!!!,0,0,0,0
184704568,服饰鞋履,666666,芝麻糊了叭:,未知,2025/4/12 23:47,哈哈哈哈哈哈好想要,1,1,1,1
184704568,服饰鞋履,666666,熊熊妙脆角:,未知,2025/4/12 23:47,来财来财来财,0,0,0,0
184704568,服饰鞋履,666666,ceiceiy:,未知,2025/4/12 23:47,来包来包来包,1,1,1,1
184704568,服饰鞋履,666666,YuuFeii-:,未知,2025/4/12 23:47,"宅女肯定会买我觉得,因为她买了那个靴子",1,0,0,0
184704568,服饰鞋履,666666,绀香一五:,未知,2025/4/12 23:47,啊啊啊啊啊喜欢,0,0,0,0
184704568,服饰鞋履,666666,急支糖浆加冰:,未知,2025/4/12 23:48,Nia我爱你,0,0,0,0
184704568,服饰鞋履,666666,摸摸仔仔:,未知,2025/4/12 23:48,冲鸭!!!,0,0,0,0
184704568,服饰鞋履,666666,发了芽的小土豆:,未知,2025/4/12 23:48,我是超级无敌幸运儿,0,0,0,0
184704568,服饰鞋履,666666,素甜饼:,未知,2025/4/12 23:48,想要nia,1,1,1,1
184704568,服饰鞋履,666666,快乐小狗不想有烦恼:,未知,2025/4/12 23:48,辛苦了nia!,0,0,0,0
184704568,服饰鞋履,666666,摇摇七喜:,未知,2025/4/12 23:48,真的很想要,1,1,1,1
184704568,服饰鞋履,666666,嬛嬛:,未知,2025/4/12 23:48,小红书永远的神,0,0,0,0
184704568,服饰鞋履,666666,小洋又饿了:,未知,2025/4/12 23:48,姐好运,0,0,0,0
184704568,服饰鞋履,666666,芝麻糊:,未知,2025/4/12 23:48,中奖中奖中奖,0,0,0,0
184704568,服饰鞋履,666666,主食爱吃大米饭:,未知,2025/4/12 23:48,好适合度假,0,1,0,0
184704568,服饰鞋履,666666,黄油饼干:,未知,2025/4/12 23:48,来换取中奖的机会,0,0,0,0
184704568,服饰鞋履,666666,Zegrni:,未知,2025/4/12 23:48,来来财,0,0,0,0
184704568,服饰鞋履,666666,糖心蛋:,未知,2025/4/12 23:48,让我中一次吧小红书,0,0,0,0
184704568,服饰鞋履,666666,77的分享日记:,未知,2025/4/12 23:48,我爱nia886!!谢谢小红书,0,0,0,0
184704568,服饰鞋履,666666,辛巴大王:,未知,2025/4/12 23:48,45白色裤子看看,1,1,1,1
184704568,服饰鞋履,666666,77的分享日记:,未知,2025/4/12 23:48,nia辛苦了,0,0,0,0
184704568,服饰鞋履,666666,sympathy:,未知,2025/4/12 23:48,xhs抽我,0,0,0,0
184704568,服饰鞋履,666666,爱吃榴莲的发箍少女:,未知,2025/4/12 23:48,335没有了是吗,1,1,1,1
184704568,服饰鞋履,666666,春眠不觉晓:,未知,2025/4/12 23:48,幸运之神请眷顾我,0,0,0,0
184704568,服饰鞋履,666666,:,未知,2025/4/12 23:48,怎么问,0,0,0,0
184704568,服饰鞋履,666666,下班kuaile:,未知,2025/4/12 23:48,流浪鞋,1,1,1,1
184704568,服饰鞋履,666666,九点准备睡觉:,未知,2025/4/12 23:48,苹果试一下8号吧,1,1,1,1
184704568,服饰鞋履,666666,好像是小水:,未知,2025/4/12 23:48,超好看,1,1,1,1
184704568,服饰鞋履,666666,英子睡不醒:,未知,2025/4/12 23:48,好喜欢,0,1,1,1
184704568,服饰鞋履,666666,。:,未知,2025/4/12 23:48,锦鲤附体了!,0,0,0,0
184704568,服饰鞋履,666666,芝麻糊:,未知,2025/4/12 23:48,让我中一次,0,0,0,0
184704568,服饰鞋履,666666,英子睡不醒:,未知,2025/4/12 23:48,求求了,0,0,0,0
184704568,服饰鞋履,666666,摇摇七喜:,未知,2025/4/12 23:48,想要想要,1,1,1,1
184704568,服饰鞋履,666666,脸蛋圆圆（加圆版）:,未知,2025/4/12 23:48,抽我抽我呀,0,0,0,0
184704568,服饰鞋履,666666,椒盐虾虾:,未知,2025/4/12 23:49,好好看啊,1,0,1,1
184704568,服饰鞋履,666666,正在输入.:,未知,2025/4/12 23:49,让我中吧,0,0,0,0
184704568,服饰鞋履,666666,芝麻糊了叭:,未知,2025/4/12 23:49,看了一天,0,0,0,0
184704568,服饰鞋履,666666,YuuFeii-:,未知,2025/4/12 23:49,很喜欢,0,1,1,1
184704568,服饰鞋履,666666,Farewell:,未知,2025/4/12 23:49,俺是nia的兵,0,0,0,0
184704568,服饰鞋履,666666,welcometomworld:,未知,2025/4/12 23:49,buq,0,0,0,0
184704568,服饰鞋履,666666,芝麻糊了叭:,未知,2025/4/12 23:49,能不能啊,0,0,0,0
184704568,服饰鞋履,666666,莓莓奶麻薯:,未知,2025/4/12 23:49,美死了,1,1,1,1
184704568,服饰鞋履,666666,吃什么面:,未知,2025/4/12 23:49,超绝审美!!!,0,1,1,1
184704568,服饰鞋履,666666,77的分享日记:,未知,2025/4/12 23:49,谢谢小红书!我爱nia886!!,0,0,0,0
184704568,服饰鞋履,666666,Zegrni:,未知,2025/4/12 23:49,好想要!,1,1,1,1
184704568,服饰鞋履,666666,宽粉脑袋:,未知,2025/4/12 23:49,来我家了啦,0,0,0,0
184704568,服饰鞋履,666666,一口一块五花肉:,未知,2025/4/12 23:49,抽中我官方,0,0,0,0
184704568,服饰鞋履,666666,sympathy:,未知,2025/4/12 23:49,我就这样求求,0,0,0,0
184704568,服饰鞋履,666666,不啾:,未知,2025/4/12 23:49,爱了爱了,0,0,0,0
184704568,服饰鞋履,666666,小洋又饿了:,未知,2025/4/12 23:49,还有30秒,0,0,0,0
184704568,服饰鞋履,666666,immia:,未知,2025/4/12 23:49,钱多多,0,0,0,0
184704568,服饰鞋履,666666,波比好耶:,未知,2025/4/12 23:49,漂亮捏,0,1,1,1
184704568,服饰鞋履,666666,h_  c:,未知,2025/4/12 23:49,锦鲤666,0,0,0,0
184704568,服饰鞋履,666666,爱一只锦鲤momo:,未知,2025/4/12 23:49,超级好看呢,1,1,1,1
184704568,服饰鞋履,666666,cooluanduno:,未知,2025/4/12 23:49,拜托拜托,0,0,0,0
184704568,服饰鞋履,666666,元气少女郭德纲:,未知,2025/4/12 23:49,开奖哇是我,0,0,0,0
184704568,服饰鞋履,666666,:,未知,2025/4/12 23:49,啊啊啊啊啊啊太心动啦,1,1,1,1
184704568,服饰鞋履,666666,糖心蛋:,未知,2025/4/12 23:49,小红书,0,0,1,0
184704568,服饰鞋履,666666,尽兴:,未知,2025/4/12 23:49,好运来～,0,0,0,0
184704568,服饰鞋履,666666,echofan爱吃蛋挞:,未知,2025/4/12 23:49,看看我啊啊,0,0,0,0
184704568,服饰鞋履,666666,炫冰奥利奥:,未知,2025/4/12 23:49,裙子抽免单不,0,1,1,1
184704568,服饰鞋履,666666,用户0427:,未知,2025/4/12 23:49,抽我吧,0,0,0,0
184704568,服饰鞋履,666666,immia:,未知,2025/4/12 23:50,爱你儿,0,0,0,0
184704568,服饰鞋履,666666,草莓芒果蛋挞菁:,未知,2025/4/12 23:50,爱你nia,0,0,0,0
184704568,服饰鞋履,666666,咕噜鸭～:,未知,2025/4/12 23:50,来财来财,0,0,0,0
184704568,服饰鞋履,666666,黄油饼干:,未知,2025/4/12 23:50,是恭喜,0,0,0,0
184704568,服饰鞋履,666666,彪仔是只猫:,未知,2025/4/12 23:50,羡慕!!!!,0,0,0,0
184704568,服饰鞋履,666666,Alano:,未知,2025/4/12 23:50,恭喜恭喜,0,0,0,0
184704568,服饰鞋履,666666,吃什么面:,未知,2025/4/12 23:50,恭喜!!,0,0,0,0
184704568,服饰鞋履,666666,芋圆二号:,未知,2025/4/12 23:50,太爽了,0,0,0,0
184704568,服饰鞋履,666666,今天你吃了嘛:,未知,2025/4/12 23:50,137和138!那个还没抽,1,1,1,1
184704568,服饰鞋履,666666,cooluanduno:,未知,2025/4/12 23:50,好666一定是我的,0,1,0,0
184704568,服饰鞋履,666666,黑眼圈拜拜:,未知,2025/4/12 23:50,沾沾喜气bb,0,0,0,0
184704568,服饰鞋履,666666,摇摇七喜:,未知,2025/4/12 23:50,一直和各种抽奖错过,0,0,0,0
184704568,服饰鞋履,666666,Mynie没烦恼:,未知,2025/4/12 23:50,恭喜!,0,0,0,0
184704568,服饰鞋履,666666,是汐汐:,未知,2025/4/12 23:50,沾沾喜气,0,0,0,0
184704568,服饰鞋履,666666,-:,未知,2025/4/12 23:50,裙子还能搭什么鞋呀,1,1,1,1
184704568,服饰鞋履,666666,cooluanduno:,未知,2025/4/12 23:50,我是锦鲤,0,0,0,0
184704568,服饰鞋履,666666,一随一:,未知,2025/4/12 23:50,红格纹的连衣裙!,1,1,1,1
184704568,服饰鞋履,666666,小太阳:,未知,2025/4/12 23:50,小苹果身上的裙子看看,1,1,1,1
184704568,服饰鞋履,666666,00:,未知,2025/4/12 23:50,再发一波券吧,1,0,0,0
184704568,服饰鞋履,666666,一粒青苹果:,未知,2025/4/12 23:50,141抽过了吗,1,1,1,1
184704568,服饰鞋履,666666,糖心蛋:,未知,2025/4/12 23:50,666一定是我,0,0,0,0
184704568,服饰鞋履,666666,:,未知,2025/4/12 23:50,连一群能补吗,1,0,0,0
184704568,服饰鞋履,666666,momo:,未知,2025/4/12 23:50,小苹果站远一点看看,1,0,1,1
184704568,服饰鞋履,666666,了呜哦:,未知,2025/4/12 23:50,再发个券吧,1,0,0,0
184704568,服饰鞋履,666666,吃一口:,未知,2025/4/12 23:50,太宠粉啦,0,0,0,0
184704568,服饰鞋履,666666,momo:,未知,2025/4/12 23:50,我买了两千多块钱,0,0,1,0
184704568,服饰鞋履,666666,。:,未知,2025/4/12 23:50,我我我中中中,0,0,0,0
184704568,服饰鞋履,666666,一只芒果酸奶:,未知,2025/4/12 23:51,报童帽可以补白色吗,1,1,1,1
184704568,服饰鞋履,666666,:,未知,2025/4/12 23:51,怎么抽,0,0,1,0
184704568,服饰鞋履,666666,吃一口:,未知,2025/4/12 23:51,从下午1:57看到现在,0,0,0,0
184704568,服饰鞋履,666666,小太阳:,未知,2025/4/12 23:51,小苹果站远看一下,1,0,1,1
184704568,服饰鞋履,666666,一乌安圆:,未知,2025/4/12 23:51,苹果后面站看一下,1,0,1,1
184704568,服饰鞋履,666666,小太阳:,未知,2025/4/12 23:51,看看小苹果,0,0,1,0
184704568,服饰鞋履,666666,芝稻耶耶:,未知,2025/4/12 23:51,啊啊啊啊啊我买了,0,1,0,0
184704568,服饰鞋履,666666,微熏的猪头肉:,未知,2025/4/12 23:51,还有锦鲤,0,1,0,0
184704568,服饰鞋履,666666,$X W X.::,未知,2025/4/12 23:51,还会放小清单里嘛,0,1,0,0
184704568,服饰鞋履,666666,有的没的有没:,未知,2025/4/12 23:51,小苹果的上衣看看,1,1,1,1
184704568,服饰鞋履,666666,:,未知,2025/4/12 23:51,连衣裙能补吗,1,1,1,1
184704568,服饰鞋履,666666,蕾:,未知,2025/4/12 23:51,包抽了吗,1,1,1,1
184704568,服饰鞋履,666666,屁king:,未知,2025/4/12 23:51,我要中!!!,0,0,1,0
184704568,服饰鞋履,666666,小太阳:,未知,2025/4/12 23:51,小苹果的裙子看看,1,1,1,1
184704568,服饰鞋履,666666,了呜哦:,未知,2025/4/12 23:51,券发一个吧,1,0,1,1
184704568,服饰鞋履,666666,牛骷颅甄嬛:,未知,2025/4/12 23:51,帽子我真的很需要,1,1,1,1
184704568,服饰鞋履,666666,小洋又饿了:,未知,2025/4/12 23:51,太好啦,0,1,0,0
184704568,服饰鞋履,666666,芝稻耶耶:,未知,2025/4/12 23:51,我真的需要,1,0,0,0
184704568,服饰鞋履,666666,momo:,未知,2025/4/12 23:51,小苹果站远一点看不见,1,0,1,1
184704568,服饰鞋履,666666,94:,未知,2025/4/12 23:51,我想要,1,1,1,1
184704568,服饰鞋履,666666,33:,未知,2025/4/12 23:51,还有券吗,1,1,1,1
184704568,服饰鞋履,666666,不周山小猪熊:,未知,2025/4/12 23:51,我真的要,1,0,0,0
184704568,服饰鞋履,666666,炫冰奥利奥:,未知,2025/4/12 23:51,连衣裙抽免单吗,0,1,0,0
184704568,服饰鞋履,666666,牛骷颅甄嬛:,未知,2025/4/12 23:51,已经买了二十顶帽子了,0,0,1,0
184704568,服饰鞋履,666666,小洋又饿了:,未知,2025/4/12 23:51,我真的很想要帽子,1,1,1,1
184704568,服饰鞋履,666666,不周山小猪熊:,未知,2025/4/12 23:51,我要啊啊啊,1,1,1,1
184704568,服饰鞋履,666666,不周山小猪熊:,未知,2025/4/12 23:51,我要啊啊啊啊啊,1,0,1,1
184704568,服饰鞋履,666666,摸摸仔仔:,未知,2025/4/12 23:51,我很努力,0,0,0,0
184704568,服饰鞋履,666666,今天你吃螺蛳粉了吗:,未知,2025/4/12 23:52,刚刚黄色的上衣165100斤买s还是m了,1,1,1,1
184704568,服饰鞋履,666666,耶耶耶耶耶:,未知,2025/4/12 23:52,nia我疯狂下单,0,1,0,0
184704568,服饰鞋履,666666,抱歉三明治:,未知,2025/4/12 23:52,花蕾裙裤,1,1,1,1
184704568,服饰鞋履,666666,小洋又饿了:,未知,2025/4/12 23:52,真的很想要,1,1,1,1
184704568,服饰鞋履,666666,有的没的有没:,未知,2025/4/12 23:52,小苹果看看,0,1,0,0
184704568,服饰鞋履,666666,春天吃草莓夏天吃西瓜:,未知,2025/4/12 23:52,nia小品女王,1,0,0,0
184704568,服饰鞋履,666666,momo锦鲤:,未知,2025/4/12 23:52,秀晶头像!!,1,0,0,0
184704568,服饰鞋履,666666,一乌安圆:,未知,2025/4/12 23:52,看看小苹果,0,0,1,0
184704568,服饰鞋履,666666,小立睡不醒:,未知,2025/4/12 23:52,高河的裙子155能穿吗,1,1,1,1
184704568,服饰鞋履,666666,牛骷颅甄嬛:,未知,2025/4/12 23:52,刘海被发型师搞坏了得戴半年帽子,1,0,0,0
184704568,服饰鞋履,666666,momo:,未知,2025/4/12 23:52,想看小苹果,0,0,1,0
184704568,服饰鞋履,666666,美怡嘉:,未知,2025/4/12 23:52,包包是哪个呀,1,1,1,1
184704568,服饰鞋履,666666,Asiasa:,未知,2025/4/12 23:52,羡慕了,0,0,0,0
184704568,服饰鞋履,666666,才不吃蛋挞:,未知,2025/4/12 23:52,恭喜!,0,0,0,0
184704568,服饰鞋履,666666,小洋又饿了:,未知,2025/4/12 23:52,小红书求求了让我中吧,0,0,0,0
184704568,服饰鞋履,666666,精神正常身体健康早日发财:,未知,2025/4/12 23:52,好漂亮,1,1,1,1
184704568,服饰鞋履,666666,草莓西瓜芋泥麻薯:,未知,2025/4/12 23:52,让我中中中,0,1,0,0
184704568,服饰鞋履,666666,雾雨:,未知,2025/4/12 23:52,小苹果眼影是啥?,1,1,1,1
184704568,服饰鞋履,666666,小太阳:,未知,2025/4/12 23:52,看看小苹果身上的裙子,1,1,1,1
184704568,服饰鞋履,666666,台盼蓝blue:,未知,2025/4/12 23:52,44还抽吗,1,1,1,1
184704568,服饰鞋履,666666,11:,未知,2025/4/12 23:52,小红书能不能让我中,0,0,1,0
184704568,服饰鞋履,666666,尼采尼采:,未知,2025/4/12 23:52,小红薯你看看我呢,0,0,1,0
184704568,服饰鞋履,666666,iii-:,未知,2025/4/12 23:52,裙子还能搭什么鞋,1,1,1,1
184704568,服饰鞋履,666666,August:,未知,2025/4/12 23:52,券还能发吗,1,0,1,1
184704568,服饰鞋履,666666,momo:,未知,2025/4/12 23:52,小苹果身上的qunzi,1,1,1,1
184704568,服饰鞋履,666666,小太阳:,未知,2025/4/12 23:52,看看小苹果身上的衣服,1,1,1,1
184704568,服饰鞋履,666666,芝稻耶耶:,未知,2025/4/12 23:52,小红薯,0,0,1,0
184704568,服饰鞋履,666666,一只小熊:,未知,2025/4/12 23:52,小红书!,0,0,1,0
184704568,服饰鞋履,666666,cancanbara:,未知,2025/4/12 23:52,还可以搭配什么鞋,1,1,1,1
184704568,服饰鞋履,666666,香芋考:,未知,2025/4/12 23:52,怎么才能中,1,0,0,0
184704568,服饰鞋履,666666,雾雨:,未知,2025/4/12 23:52,小苹果眼影是啥?好好看,1,1,1,1
184704568,服饰鞋履,666666,天才捕手翘屁屁:,未知,2025/4/12 23:52,努力妮,0,0,0,0
184704568,服饰鞋履,666666,iii-:,未知,2025/4/12 23:52,裙子还能搭什么鞋呀,1,1,1,1
184704568,服饰鞋履,666666,pure:,未知,2025/4/12 23:53,看看苹果呢,0,1,0,0
184704568,服饰鞋履,666666,只只:,未知,2025/4/12 23:53,想看140链接niaaaaaaaaa!!!!!!!!!,1,1,1,1
184704568,服饰鞋履,666666,一乌安圆:,未知,2025/4/12 23:53,看看苹果裙子,1,1,1,1
184704568,服饰鞋履,666666,香芋考:,未知,2025/4/12 23:53,看看我,0,0,0,0
184704568,服饰鞋履,666666,有的没的有没:,未知,2025/4/12 23:53,小苹果看看啊!!!!,0,0,1,0
184704568,服饰鞋履,666666,momo:,未知,2025/4/12 23:53,看看苹果的裙子,1,1,1,1
184704568,服饰鞋履,666666,Yiiunngy_:,未知,2025/4/12 23:53,呜呜呜我好心碎小红书,0,0,0,0
184704568,服饰鞋履,666666,今天你吃了嘛:,未知,2025/4/12 23:53,nia!137和138扣一天了呜呜呜,0,1,1,1
184704568,服饰鞋履,666666,蛮不讲李女士:,未知,2025/4/12 23:53,这个裙子适合大胸吗?,1,1,1,1
184704568,服饰鞋履,666666,了呜哦:,未知,2025/4/12 23:53,我想要券,1,0,1,1
184704568,服饰鞋履,666666,小猪土:,未知,2025/4/12 23:53,播到几点啊啊啊啊,0,0,0,0
184704568,服饰鞋履,666666,kygo:,未知,2025/4/12 23:53,看看另一个小姐姐的裙子,1,0,1,1
184704568,服饰鞋履,666666,小立睡不醒:,未知,2025/4/12 23:53,这个裙子155能穿吗,1,1,1,1
184704568,服饰鞋履,666666,@:,未知,2025/4/12 23:53,看看小苹果,0,0,1,0
184704568,服饰鞋履,666666,Pp:,未知,2025/4/12 23:53,还有抽奖吗,0,0,0,0
184704568,服饰鞋履,666666,霹雳锅包肉:,未知,2025/4/12 23:53,bold的半价是不是没抽啊,1,0,1,1
184704568,服饰鞋履,666666,Itt7:,未知,2025/4/12 23:53,墨镜是什么,1,1,1,1
184704568,服饰鞋履,666666,糖心蛋:,未知,2025/4/12 23:53,小红书可以宠我一次吗,0,0,1,0
184704568,服饰鞋履,666666,一粒青苹果:,未知,2025/4/12 23:53,141抽吗,1,1,1,1
184704568,服饰鞋履,666666,只只:,未知,2025/4/12 23:53,想看140niaaaaaaaaaaaaaaaaaaaaaaaaaaaaaaaa!!!!!!!!!!!!!!!!!!!!!!!!!!!!!!!!!!!!!!,0,1,0,0
184704568,服饰鞋履,666666,炫冰奥利奥:,未知,2025/4/12 23:53,连衣裙抽免单吗,0,1,0,0
184704568,服饰鞋履,666666,nidblue:,未知,2025/4/12 23:53,68抽了嘛,1,1,1,1
184704568,服饰鞋履,666666,小太阳:,未知,2025/4/12 23:53,看看苹果衣服,1,0,1,1
184704568,服饰鞋履,666666,:,未知,2025/4/12 23:53,想看105,1,1,1,1
184704568,服饰鞋履,666666,只只:,未知,2025/4/12 23:53,niaaaaaaaaaaaaaaaaaaaaaaaaaaaaaaaa!!!!!!!!!!!!!!!!!!!!!!!!!!!!!!!!!!!!!!,0,0,0,0
184704568,服饰鞋履,666666,LuoLuo:,未知,2025/4/12 23:53,nia带下拉夫帽子,1,1,1,1
184704568,服饰鞋履,666666,一随一:,未知,2025/4/12 23:53,红格纹连衣裙!,1,1,1,1
184704568,服饰鞋履,666666,有的没的有没:,未知,2025/4/12 23:53,姐姐小苹果衣服,1,0,1,1
184704568,服饰鞋履,666666,Rabbiber:,未知,2025/4/12 23:53,抽帽子吧宝宝,0,1,0,0
184704568,服饰鞋履,666666,今天你吃了嘛:,未知,2025/4/12 23:53,@鹅跟你讲这个还没抽奖啊宝宝还会抽奖吗,0,0,1,0
184704568,服饰鞋履,666666,要见面吗:,未知,2025/4/12 23:54,80还能补货不!!!!!,1,1,1,1
184704568,服饰鞋履,666666,小耶心情好:,未知,2025/4/12 23:54,61/62还抽嘛,1,1,1,1
184704568,服饰鞋履,666666,鹅跟你讲:,未知,2025/4/12 23:54,"@今天你吃了嘛宝,暂时没有啦",0,0,0,0
184704568,服饰鞋履,666666,LuoLuo:,未知,2025/4/12 23:54,nia带下拉夫帽,1,1,1,1
184704568,服饰鞋履,666666,有的没的有没:,未知,2025/4/12 23:54,小苹果衣服,1,1,1,1
184704568,服饰鞋履,666666,YuuFeii-:,未知,2025/4/12 23:54,有点小贵来的,0,0,0,0
184704568,服饰鞋履,666666,jjia2:,未知,2025/4/12 23:54,141抽没,1,1,1,1
184704568,服饰鞋履,666666,杨圆圆爱油葵:,未知,2025/4/12 23:54,苹果穿多大号,1,1,1,1
184704568,服饰鞋履,666666,33:,未知,2025/4/12 23:54,中中中!,0,0,0,0
184704568,服饰鞋履,666666,Ti.Amo:,未知,2025/4/12 23:54,抹胸的格子抽绳衣服没有上吗,1,1,1,1
184704568,服饰鞋履,666666,小7能行:,未知,2025/4/12 23:54,乐福鞋的鞋码正吗,1,1,1,1
184704568,服饰鞋履,666666,于是我用尽全力:,未知,2025/4/12 23:54,天呢nia还在播,0,0,0,0
184704568,服饰鞋履,666666,嘟:,未知,2025/4/12 23:54,连衣裙80能补吗,1,1,1,1
184704568,服饰鞋履,666666,Ti.Amo:,未知,2025/4/12 23:54,抹胸的格子抽绳衣服没有上嘛,1,1,1,1
184704568,服饰鞋履,666666,potato:,未知,2025/4/12 23:54,蹲了一下午抽不到一次,0,0,0,0
184704568,服饰鞋履,666666,抱歉三明治:,未知,2025/4/12 23:54,花蕾裙裤,1,1,1,1
184704568,服饰鞋履,666666,慢慢慢慢:,未知,2025/4/12 23:54,始祖鸟抽嘛,0,1,0,0
184704568,服饰鞋履,666666,霓虹小蛋:,未知,2025/4/12 23:54,@Ti.Amo没有上哦宝宝,0,0,0,0
184704568,服饰鞋履,666666,yyyyy:,未知,2025/4/12 23:54,nia旁边那个小姐姐穿的上衣是什么,1,1,1,1
184704568,服饰鞋履,666666,五香芋:,未知,2025/4/12 23:54,小苹果可以穿cubic长裙吗,1,1,1,1
184704568,服饰鞋履,666666,迷人老乔治:,未知,2025/4/12 23:54,一号链接上衣买了不合适有运费险吗,0,1,0,0
184704568,服饰鞋履,666666,jjia2:,未知,2025/4/12 23:54,141不是抽半价,0,0,1,0
184704568,服饰鞋履,666666,grace:,未知,2025/4/12 23:54,好气质的紫色,1,1,1,1
184704568,服饰鞋履,666666,7Hhan:,未知,2025/4/12 23:54,nia,0,0,0,0
184704568,服饰鞋履,666666,抱歉三明治:,未知,2025/4/12 23:54,抽花蕾裙裤,1,1,1,1
184704568,服饰鞋履,666666,杨圆圆爱油葵:,未知,2025/4/12 23:54,苹果多大码数,1,1,1,1
184704568,服饰鞋履,666666,momo:,未知,2025/4/12 23:54,妮儿终于开播喽,0,0,0,0
184704568,服饰鞋履,666666,去我的收藏夹里吃灰吧:,未知,2025/4/12 23:54,nia几点下播啊,0,0,1,0
184704568,服饰鞋履,666666,isfragile:,未知,2025/4/12 23:54,啊啊啊啊啊啊a,0,0,0,0
184704568,服饰鞋履,666666,霓虹小蛋:,未知,2025/4/12 23:54,@Ti.Amo不上的,0,1,0,0
184704568,服饰鞋履,666666,小立睡不醒:,未知,2025/4/12 23:54,这个衣服身高155能穿嘛,1,1,1,1
184704568,服饰鞋履,666666,！:,未知,2025/4/12 23:54,12抽吗,1,1,1,1
184704568,服饰鞋履,666666,Yumi芝士:,未知,2025/4/12 23:54,脚的气色哈哈哈哈哈,0,0,0,0
184704568,服饰鞋履,666666,jjia2:,未知,2025/4/12 23:54,141不是抽半价吗,0,1,0,0
184704568,服饰鞋履,666666,小红薯67F09619:,未知,2025/4/12 23:54,有券掉落吗,1,1,1,1
184704568,服饰鞋履,666666,回笼觉教主:,未知,2025/4/12 23:54,都开始抽象了,0,0,0,0
184704568,服饰鞋履,666666,momo:,未知,2025/4/12 23:54,看看配银色的,1,1,1,1
184704568,服饰鞋履,666666,爱吃汉堡宝:,未知,2025/4/12 23:54,nia是h型吗,1,1,1,1
184704568,服饰鞋履,666666,三川:,未知,2025/4/12 23:54,抬脚气啊哈哈哈哈,0,0,0,0
184704568,服饰鞋履,666666,isfragile:,未知,2025/4/12 23:54,抽中我吧,0,0,0,0
184704568,服饰鞋履,666666,小猪土:,未知,2025/4/12 23:55,12点还有券吗,1,1,1,1
184704568,服饰鞋履,666666,鹅跟你讲:,未知,2025/4/12 23:55,@yyyyy55号链接宝,0,0,1,0
184704568,服饰鞋履,666666,Yumi芝士:,未知,2025/4/12 23:55,脚打点腮红就显气色了哈哈哈哈,0,1,0,0
184704568,服饰鞋履,666666,今天也不想早起:,未知,2025/4/12 23:55,23号小苹果能试下吗,1,1,1,1
184704568,服饰鞋履,666666,爱吃汉堡宝:,未知,2025/4/12 23:55,nia是h吗,0,0,0,0
184704568,服饰鞋履,666666,LuoLuo:,未知,2025/4/12 23:55,nia带下拉夫帽子,1,1,1,1
184704568,服饰鞋履,666666,小立睡不醒:,未知,2025/4/12 23:55,这个裙子155能穿吗,1,1,1,1
184704568,服饰鞋履,666666,Alano:,未知,2025/4/12 23:55,锦鲤666,0,0,0,0
184704568,服饰鞋履,666666,蛮不讲李女士:,未知,2025/4/12 23:55,这个裙子适合大胸吗?,1,1,1,1
184704568,服饰鞋履,666666,LuoLuo:,未知,2025/4/12 23:55,看来中666了,0,1,0,0
184704568,服饰鞋履,666666,cooluanduno:,未知,2025/4/12 23:55,帽子呢!,1,1,1,1
184704568,服饰鞋履,666666,再吃一口:,未知,2025/4/12 23:55,我准备好啦,0,0,0,0
184704568,服饰鞋履,666666,hfugcubaba:,未知,2025/4/12 23:55,还有券吗,1,1,1,1
184704568,服饰鞋履,666666,塔塔開:,未知,2025/4/12 23:55,天啊怎么还在播劳模,0,0,0,0
184704568,服饰鞋履,666666,小小e:,未知,2025/4/12 23:55,想要中,0,0,1,0
184704568,服饰鞋履,666666,干脆面饼:,未知,2025/4/12 23:55,锦鲤锦鲤锦鲤666666,0,0,0,0
184704568,服饰鞋履,666666,料好运:,未知,2025/4/12 23:55,锦鲤规则12点前实付满666返666不满则实际报销!,0,1,0,0
184704568,服饰鞋履,666666,好运连连:,未知,2025/4/12 23:55,我就是最幸运的!!!,0,0,0,0
184704568,服饰鞋履,666666,我是好运锦鲤:,未知,2025/4/12 23:56,锦鲤666抽我,0,0,0,0
184704568,服饰鞋履,666666,每天都吃青菜羊:,未知,2025/4/12 23:56,许愿许愿,0,0,0,0
184704568,服饰鞋履,666666,Imma Tamiii:,未知,2025/4/12 23:56,nia和小苹果都好可爱,0,0,0,0
184704568,服饰鞋履,666666,好运连连:,未知,2025/4/12 23:56,我是最幸运的!!!,0,0,0,0
184704568,服饰鞋履,666666,甜:,未知,2025/4/12 23:56,求求666怜爱我一次,0,0,0,0
184704568,服饰鞋履,666666,momo:,未知,2025/4/12 23:56,女明星,0,0,0,0
184704568,服饰鞋履,666666,kaikaiisok:,未知,2025/4/12 23:56,91还可以穿不,1,1,1,1
184704568,服饰鞋履,666666,Linda:,未知,2025/4/12 23:56,有点像黄霄云,0,0,0,0
184704568,服饰鞋履,666666,周周不吃饺子:,未知,2025/4/12 23:56,幸运一把,0,0,0,0
184704568,服饰鞋履,666666,cooluanduno:,未知,2025/4/12 23:56,拜托拜托,0,0,0,0
184704568,服饰鞋履,666666,yoa.Xing）:,未知,2025/4/12 23:57,主包好有活力,1,1,1,1
184704568,服饰鞋履,666666,Gin.:,未知,2025/4/12 23:57,好运来,0,0,0,0
184704568,服饰鞋履,666666,FOCUS栖夏:,未知,2025/4/12 23:57,想看下三角杯内衣的粉色,1,1,1,1
184704568,服饰鞋履,666666,黄油饼干:,未知,2025/4/12 23:57,来了来了,0,0,0,0
184704568,服饰鞋履,666666,Rabbiber:,未知,2025/4/12 23:57,主波爱我一次,0,0,0,0
184704568,服饰鞋履,666666,芝稻耶耶:,未知,2025/4/12 23:57,哈哈哈哈哈看肚子饿了,0,0,0,0
184704568,服饰鞋履,666666,芝稻耶耶:,未知,2025/4/12 23:57,肚子饿的咕咕叫,0,0,0,0
184704568,服饰鞋履,666666,尼采尼采:,未知,2025/4/12 23:57,小红薯你看看我呢每天都在你这冲浪,0,0,0,0
184704568,服饰鞋履,666666,去我的收藏夹里吃灰吧:,未知,2025/4/12 23:57,抽我啊,0,0,0,0
184704568,服饰鞋履,666666,辣椒粉女王:,未知,2025/4/12 23:57,锦鲤666,0,0,0,0
184704568,服饰鞋履,666666,咕噜鸭～:,未知,2025/4/12 23:57,我们一直都在!,0,0,0,0
184704568,服饰鞋履,666666,:,未知,2025/4/12 23:57,80号s能补吗,1,1,1,1
184704568,服饰鞋履,666666,干脆面饼:,未知,2025/4/12 23:58,锦鲤锦鲤锦鲤666666,0,0,0,0
184704568,服饰鞋履,666666,每天都吃青菜羊:,未知,2025/4/12 23:58,许愿!!!!!!!!!!,0,0,0,0
184704568,服饰鞋履,666666,白鬼院凛凛蝶:,未知,2025/4/12 23:58,恰哒～,0,0,0,0
184704568,服饰鞋履,666666,黄油饼干:,未知,2025/4/12 23:58,希望大家好好的,0,0,0,0
184704568,服饰鞋履,666666,小sao:,未知,2025/4/12 23:58,小苹果好美,0,0,1,0
184704568,服饰鞋履,666666,一只汁汁:,未知,2025/4/12 23:58,宝宝们辛苦了,0,0,0,0
184704568,服饰鞋履,666666,尽兴:,未知,2025/4/12 23:58,让我中一次吧,0,0,0,0
184704568,服饰鞋履,666666,黄油饼干:,未知,2025/4/12 23:58,收不到过教资和四六级,0,0,0,0
184704568,服饰鞋履,666666,去我的收藏夹里吃灰吧:,未知,2025/4/12 23:58,小红书爱我一次,0,0,0,0
184704568,服饰鞋履,666666,樱桃:,未知,2025/4/12 23:58,锦鲤锦鲤锦鲤!!!,0,0,0,0
184704568,服饰鞋履,666666,不喝豆浆:,未知,2025/4/12 23:58,nia好棒,0,0,0,0
184704568,服饰鞋履,666666,:,未知,2025/4/12 23:58,80能补吗,1,1,1,1
184704568,服饰鞋履,666666,用户7758258:,未知,2025/4/12 23:58,还有卷吗,1,1,1,1
184704568,服饰鞋履,666666,早起大王:,未知,2025/4/12 23:58,看到了现在,0,0,0,0
184704568,服饰鞋履,666666,33.:,未知,2025/4/12 23:58,谢谢nia.也辛苦啦,0,0,0,0
184704568,服饰鞋履,666666,樱桃:,未知,2025/4/12 23:58,锦鲤附体!!!,0,0,0,0
184704568,服饰鞋履,666666,天天开心！:,未知,2025/4/12 23:59,爱nia,0,0,0,0
184704568,服饰鞋履,666666,去我的收藏夹里吃灰吧:,未知,2025/4/12 23:59,抽我吧小红书,0,0,0,0
184704568,服饰鞋履,666666,莓莓有点酸:,未知,2025/4/12 23:59,开心开心,0,0,0,0
184704568,服饰鞋履,666666,有的没的有没:,未知,2025/4/12 23:59,太漂亮了,0,1,0,0
184704568,服饰鞋履,666666,yyyyy:,未知,2025/4/12 23:59,nia旁边小姐姐穿的上衣是什么,1,1,1,1
184704568,服饰鞋履,666666,埃姆瑞吃:,未知,2025/4/12 23:59,我们见到你们也很开心,0,0,0,0
184704568,服饰鞋履,666666,芝麻糊了叭:,未知,2025/4/12 23:59,想要666,0,0,1,0
184704568,服饰鞋履,666666,Abby:,未知,2025/4/12 23:59,两个美女,0,0,0,0
184704568,服饰鞋履,666666,料好运:,未知,2025/4/12 23:59,锦鲤规则12点前实付满666返666不满则实际报销!,0,1,0,0
184704568,服饰鞋履,666666,去我的收藏夹里吃灰吧:,未知,2025/4/12 23:59,小红书,0,0,1,0
184704568,服饰鞋履,666666,小洋又饿了:,未知,2025/4/12 23:59,啊啊啊啊啊希望是我,0,0,0,0
184704568,服饰鞋履,666666,鸽子:,未知,2025/4/12 23:59,锦鲤附体,0,0,0,0
184704568,服饰鞋履,666666,颗颗:,未知,2025/4/12 23:59,就是我,0,0,0,0
184704568,服饰鞋履,666666,:,未知,2025/4/12 23:59,小苹果有红薯号吗,0,0,1,0
184704568,服饰鞋履,666666,金元宝:,未知,2025/4/12 23:59,好运降临,0,0,0,0
184704568,服饰鞋履,666666,ddde:,未知,2025/4/12 23:59,求看看,1,0,0,0
184704568,服饰鞋履,666666,:,未知,2025/4/12 23:59,80号链接,1,1,1,1
184704568,服饰鞋履,666666,YuuFeii-:,未知,2025/4/12 23:59,超喜欢这个工作啊啊啊啊啊啊,0,0,0,0
184704568,服饰鞋履,666666,Asiasa:,未知,2025/4/12 23:59,nia我爱你小红书我爱你,0,0,0,0
184704568,服饰鞋履,666666,福气美眉:,未知,2025/4/12 23:59,下一次什么时候,0,0,1,0
184704568,服饰鞋履,666666,小洋又饿了:,未知,2025/4/12 23:59,抽我好吗,0,0,0,0
184704568,服饰鞋履,666666,尽兴:,未知,2025/4/12 23:59,小红书我求你,0,0,0,0
184704568,服饰鞋履,666666,小c备忘录.:,未知,2025/4/12 23:59,还有卷嘛,1,0,1,1
184704568,服饰鞋履,666666,芝麻糊了叭:,未知,2025/4/12 23:59,求你了,0,0,0,0
184704568,服饰鞋履,666666,Cuicui:,未知,2025/4/13 0:00,我要中奖!,0,0,0,0
184704568,服饰鞋履,666666,去我的收藏夹里吃灰吧:,未知,2025/4/13 0:00,我的日子不好过,0,0,0,0
184704568,服饰鞋履,666666,今天不喝咖啡:,未知,2025/4/13 0:00,我的天,0,0,0,0
184704568,服饰鞋履,666666,:,未知,2025/4/13 0:00,我好好奇,0,0,0,0
184704568,服饰鞋履,666666,天天天蓝:,未知,2025/4/13 0:00,我会中的,0,0,0,0
184704568,服饰鞋履,666666,jwoo:,未知,2025/4/13 0:00,想看水果爱包包,1,1,1,1
184704568,服饰鞋履,666666,爆爆爆米花:,未知,2025/4/13 0:00,发财宅女来了哈哈哈,0,0,0,0
184704568,服饰鞋履,666666,吃太慢:,未知,2025/4/13 0:00,裙子小矮子可以吗,1,1,1,1
184704568,服饰鞋履,666666,uuuuù:,未知,2025/4/13 0:00,我中奖啦,0,0,0,0
184704568,服饰鞋履,666666,给你看个大宝贝儿:,未知,2025/4/13 0:00,没有啊,0,0,1,0
184704568,服饰鞋履,666666,草莓芒果蛋挞菁:,未知,2025/4/13 0:00,恭喜恭喜,0,0,0,0
184704568,服饰鞋履,666666,kwlymin-:,未知,2025/4/13 0:00,沾沾好运,0,0,0,0
184704568,服饰鞋履,666666,每天在发疯:,未知,2025/4/13 0:00,辛苦啦,0,0,0,0
184704568,服饰鞋履,666666,77的分享日记:,未知,2025/4/13 0:00,辛苦了nia!!!!,0,0,0,0
184704568,服饰鞋履,666666,蛋黄派派:,未知,2025/4/13 0:00,沾沾喜气,0,0,0,0
184704568,服饰鞋履,666666,uuuuù:,未知,2025/4/13 0:00,我中奖啦!,0,0,0,0
184704568,服饰鞋履,666666,吃太慢:,未知,2025/4/13 0:00,裙子小矮自己恶意吗,1,1,1,1
184704568,服饰鞋履,666666,nvttyff_:,未知,2025/4/13 0:00,宅子宅子,0,0,0,0
184704568,服饰鞋履,666666,:,未知,2025/4/13 0:00,80号链接s能补吗想在买下,1,1,1,1
184704568,服饰鞋履,666666,piggyki:,未知,2025/4/13 0:00,小苹果上衣穿的什么码,1,1,1,1
184704568,服饰鞋履,666666,要见面吗:,未知,2025/4/13 0:00,80还能补货不!!!!!,1,1,1,1
184704568,服饰鞋履,666666,00:,未知,2025/4/13 0:00,我只想要券,1,0,1,1
184704568,服饰鞋履,666666,grace:,未知,2025/4/13 0:00,恭喜呀,0,0,0,0
184704568,服饰鞋履,666666,葡萄还是不呐呐:,未知,2025/4/13 0:00,买了超多美衣,0,0,1,0
184704568,服饰鞋履,666666,Mynie没烦恼:,未知,2025/4/13 0:00,Nia越来越棒啦!,0,0,0,0
184704568,服饰鞋履,666666,好运星球球:,未知,2025/4/13 0:00,辛苦啦nia买的很开心!,0,0,1,0
184704568,服饰鞋履,666666,Asiasa:,未知,2025/4/13 0:00,宅子来了,0,0,0,0
184704568,服饰鞋履,666666,Mynie没烦恼:,未知,2025/4/13 0:01,上次没有支持!这次支持了,0,0,1,0
184704568,服饰鞋履,666666,天才小狗面包:,未知,2025/4/13 0:01,宅来了,0,0,0,0
184704568,服饰鞋履,666666,合合:,未知,2025/4/13 0:01,nia第一次看你直播哦你好美,0,0,0,0
184704568,服饰鞋履,666666,:,未知,2025/4/13 0:01,宅子宝宝!!!,0,0,0,0
184704568,服饰鞋履,666666,小饼:,未知,2025/4/13 0:01,太辛苦了宝宝,0,0,0,0
184704568,服饰鞋履,666666,南方举重的果冻:,未知,2025/4/13 0:01,要看发夹,1,1,1,1
184704568,服饰鞋履,666666,:,未知,2025/4/13 0:01,宅子来啦,0,0,0,0
184704568,服饰鞋履,666666,吃太慢:,未知,2025/4/13 0:01,这个裙子小个子可以吗,1,1,1,1
184704568,服饰鞋履,666666,WOOVH:,未知,2025/4/13 0:01,一个都不中吗,0,1,1,1
184704568,服饰鞋履,666666,FFFFu-:,未知,2025/4/13 0:01,宅女来啦,0,0,0,0
184704568,服饰鞋履,666666,小立睡不醒:,未知,2025/4/13 0:01,nia宝宝,0,0,0,0
184704568,服饰鞋履,666666,Yiiunngy_:,未知,2025/4/13 0:01,连线宅老师哈哈哈哈哈,0,0,0,0
184704568,服饰鞋履,666666,Oohyo:,未知,2025/4/13 0:01,一个都中不了,0,0,0,0
184704568,服饰鞋履,666666,不想起床:,未知,2025/4/13 0:01,宅子买了啥,0,1,0,0
184704568,服饰鞋履,666666,给你看个大宝贝儿:,未知,2025/4/13 0:01,中了吗,0,0,0,0
184704568,服饰鞋履,666666,天天天蓝:,未知,2025/4/13 0:01,抢不到,1,1,1,1
184704568,服饰鞋履,666666,吃太慢:,未知,2025/4/13 0:01,小矮子可以吗,1,1,1,1
184704568,服饰鞋履,666666,jwoo:,未知,2025/4/13 0:01,妹抢到哈哈哈,0,0,0,0
184704568,服饰鞋履,666666,小立睡不醒:,未知,2025/4/13 0:01,宅子～,0,0,0,0
184704568,服饰鞋履,666666,-Cccyl-:,未知,2025/4/13 0:01,小提琴老师唱歌老师舞蹈老师hhhhhhh,0,0,0,0
184704568,服饰鞋履,666666,嘻嘻甜心味儿的:,未知,2025/4/13 0:01,没有呀,0,0,1,0
184704568,服饰鞋履,666666,小妞发疯条例:,未知,2025/4/13 0:01,再发一次,0,0,1,0
184704568,服饰鞋履,666666,喂喂吃草莓:,未知,2025/4/13 0:01,小苹果绿裙子什么码?小苹果绿裙子什么码?小苹果绿裙子什么码?小苹果绿裙子什么码?,1,1,1,1
184704568,服饰鞋履,666666,焦糖榛子:,未知,2025/4/13 0:01,宅子露出一下,1,0,0,0
184704568,服饰鞋履,666666,:,未知,2025/4/13 0:01,再发一点,1,1,1,1
184704568,服饰鞋履,666666,00:,未知,2025/4/13 0:01,人太多了,0,0,0,0
184704568,服饰鞋履,666666,胡萝卜耶:,未知,2025/4/13 0:01,没发上,1,1,1,1
184704568,服饰鞋履,666666,天才小狗面包:,未知,2025/4/13 0:01,宅微博发了买了啥,1,0,0,0
184704568,服饰鞋履,666666,momo:,未知,2025/4/13 0:02,再发点大额券,1,0,0,0
184704568,服饰鞋履,666666,耸耸肩:,未知,2025/4/13 0:02,149号一直没穿,1,1,1,1
184704568,服饰鞋履,666666,:,未知,2025/4/13 0:02,没看到券,0,0,0,0
184704568,服饰鞋履,666666,顺风少女！:,未知,2025/4/13 0:02,抢不上券,1,1,1,1
184704568,服饰鞋履,666666,禾苗:,未知,2025/4/13 0:02,没看到,0,0,0,0
184704568,服饰鞋履,666666,焦糖榛子:,未知,2025/4/13 0:02,宅子你快露出一下,0,1,0,0
184704568,服饰鞋履,666666,尾巴:,未知,2025/4/13 0:02,终于!一天了终于抢到了,0,0,1,0
184704568,服饰鞋履,666666,蛙蛙:,未知,2025/4/13 0:02,没看券,0,1,1,1
184704568,服饰鞋履,666666,Nuyoah_:,未知,2025/4/13 0:02,都没弹出来感觉,0,0,0,0
184704568,服饰鞋履,666666,别理我:,未知,2025/4/13 0:02,2号没了,1,1,1,1
184704568,服饰鞋履,666666,aa:,未知,2025/4/13 0:02,哪有券啊,0,1,1,1
184704568,服饰鞋履,666666,富一代预备人员:,未知,2025/4/13 0:02,2号没货啦,1,1,1,1
184704568,服饰鞋履,666666,吃太慢:,未知,2025/4/13 0:02,这个裙子小矮子可以吗,1,1,1,1
184704568,服饰鞋履,666666,Mynie没烦恼:,未知,2025/4/13 0:02,啊啊啊啊啊啊我才知道!!,0,0,0,0
184704568,服饰鞋履,666666,fufu酱:,未知,2025/4/13 0:02,没出来,0,0,1,0
184704568,服饰鞋履,666666,小黄同学:,未知,2025/4/13 0:02,没看到劵阿,0,1,1,1
184704568,服饰鞋履,666666,jwoo:,未知,2025/4/13 0:02,水果爱包包我等了一天了,1,0,1,1
184704568,服饰鞋履,666666,aa:,未知,2025/4/13 0:02,没发券啊,1,0,1,1
184704568,服饰鞋履,666666,今天也好困.:,未知,2025/4/13 0:02,才知道,0,0,0,0
184704568,服饰鞋履,666666,吃太慢:,未知,2025/4/13 0:02,裙子小个子可以吗,1,1,1,1
184704568,服饰鞋履,666666,momo:,未知,2025/4/13 0:02,大额券大额券,1,0,1,1
184704568,服饰鞋履,666666,金猪仙女:,未知,2025/4/13 0:02,我就没看到领券那个出现,1,0,1,1
184704568,服饰鞋履,666666,xianxian:,未知,2025/4/13 0:02,还有券吗,1,0,1,1
184704568,服饰鞋履,666666,:,未知,2025/4/13 0:02,没弹啊啊啊,0,0,0,0
184704568,服饰鞋履,666666,健康真好:,未知,2025/4/13 0:02,没弹卷,0,1,1,1
184704568,服饰鞋履,666666,Nuyoah_:,未知,2025/4/13 0:02,感觉都没弹出来那个券,0,0,1,0
184704568,服饰鞋履,666666,拾橘子的女孩:,未知,2025/4/13 0:02,下次什么时候播播呀,0,0,1,0
184704568,服饰鞋履,666666,吃一口:,未知,2025/4/13 0:02,还有没有券呀,1,0,1,1
184704568,服饰鞋履,666666,春天吃草莓夏天吃西瓜:,未知,2025/4/13 0:02,我也没看到呜呜呜,0,0,0,0
184704568,服饰鞋履,666666,鱼啊鱼（锦鲤版）:,未知,2025/4/13 0:02,什么颜色好看,1,1,1,1
184704568,服饰鞋履,666666,精神正常身体健康早日发财:,未知,2025/4/13 0:02,没有券,0,0,0,0
184704568,服饰鞋履,666666,想买巧克力:,未知,2025/4/13 0:02,泡泡玛特有没有免单!!!,0,1,0,0
184704568,服饰鞋履,666666,aa:,未知,2025/4/13 0:02,没发券,0,1,1,1
184704568,服饰鞋履,666666,宁宁玛特:,未知,2025/4/13 0:02,没买的不能抽,0,1,0,0
184704568,服饰鞋履,666666,想买巧克力:,未知,2025/4/13 0:02,有没有泡泡玛特的免单,0,1,0,0
184704568,服饰鞋履,666666,鱼:,未知,2025/4/13 0:02,141抽奖吗,0,0,0,0
184704568,服饰鞋履,666666,喂喂吃草莓:,未知,2025/4/13 0:02,小苹果绿裙子什么码?小苹果绿裙子什么码?小苹果绿裙子什么码?小苹果绿裙子什么码?,1,1,1,1
184704568,服饰鞋履,666666,yoa.Xing）:,未知,2025/4/13 0:02,右边姐姐很像雨墨姐姐好美,0,0,0,0
184704568,服饰鞋履,666666,No.D:,未知,2025/4/13 0:02,moving那一身都没穿捏,0,1,0,0
184704568,服饰鞋履,666666,爱一只锦鲤momo:,未知,2025/4/13 0:03,帽子是半价吗,1,1,1,1
184704568,服饰鞋履,666666,bibibabibobi:,未知,2025/4/13 0:03,141抽了吗,1,1,1,1
184704568,服饰鞋履,666666,芝士土豆泥:,未知,2025/4/13 0:03,勃肯鞋,1,1,1,1
184704568,服饰鞋履,666666,美少女香香:,未知,2025/4/13 0:03,大额券,0,0,1,0
184704568,服饰鞋履,666666,吃太慢:,未知,2025/4/13 0:03,裙子小个子可以吗!!!!!,1,1,1,1
184704568,服饰鞋履,666666,LuoLuo:,未知,2025/4/13 0:03,拉夫帽子推荐什么颜色,1,1,1,1
184704568,服饰鞋履,666666,去我的收藏夹里吃灰吧:,未知,2025/4/13 0:03,没有券啊,0,0,1,0
184704568,服饰鞋履,666666,每天都吃青菜羊:,未知,2025/4/13 0:03,券还发吗,1,0,1,1
184704568,服饰鞋履,666666,:,未知,2025/4/13 0:03,再抽一下urban可以吗!,0,0,0,0
184704568,服饰鞋履,666666,LuoLuo:,未知,2025/4/13 0:03,nia带下帽子,1,1,1,1
184704568,服饰鞋履,666666,小羊:,未知,2025/4/13 0:03,抽我吧,0,0,0,0
184704568,服饰鞋履,666666,:,未知,2025/4/13 0:03,80号链接ss能补吗想在买下,1,1,1,1
184704568,服饰鞋履,666666,爱一只锦鲤momo:,未知,2025/4/13 0:03,半价吗,1,1,1,1
184704568,服饰鞋履,666666,要买氵:,未知,2025/4/13 0:03,143还会上身吗,1,1,1,1
184704568,服饰鞋履,666666,去我的收藏夹里吃灰吧:,未知,2025/4/13 0:03,小苹果账号,0,0,1,0
184704568,服饰鞋履,666666,吃太慢:,未知,2025/4/13 0:03,155小矮子可以吗,1,1,1,1
184704568,服饰鞋履,666666,去我的收藏夹里吃灰吧:,未知,2025/4/13 0:03,小苹果的账号,0,0,1,0
184704568,服饰鞋履,666666,爱一只锦鲤momo:,未知,2025/4/13 0:03,是抽半价吗,0,0,1,0
184704568,服饰鞋履,666666,yyyyy:,未知,2025/4/13 0:03,小苹果可以把头发撩后面去看一下衣服嘛～,1,1,1,1
184704568,服饰鞋履,666666,:,未知,2025/4/13 0:03,80号号链接s能补吗想在买下,1,1,1,1
184704568,服饰鞋履,666666,爱一只锦鲤momo:,未知,2025/4/13 0:03,抽半价吗,1,0,0,0
184704568,服饰鞋履,666666,:,未知,2025/4/13 0:03,牛仔中裤,1,1,1,1
184704568,服饰鞋履,666666,早睡:,未知,2025/4/13 0:03,带下黑色看看,1,1,1,1
184704568,服饰鞋履,666666,。:,未知,2025/4/13 0:04,nia211,1,0,0,0
184704568,服饰鞋履,666666,jwoo:,未知,2025/4/13 0:04,水果爱包包等一天了宝宝,1,1,1,1
184704568,服饰鞋履,666666,Planet.:,未知,2025/4/13 0:04,小苹果有账号吗,0,0,1,0
184704568,服饰鞋履,666666,扣酱:,未知,2025/4/13 0:04,是正品吗,1,1,1,1
184704568,服饰鞋履,666666,jwoo:,未知,2025/4/13 0:04,@喂喂吃草莓M的,0,0,0,0
184704568,服饰鞋履,666666,洗了蒜了:,未知,2025/4/13 0:04,带白色,1,1,1,1
184704568,服饰鞋履,666666,YuuFeii-:,未知,2025/4/13 0:04,好喜欢,0,1,1,1
184704568,服饰鞋履,666666,小洋又饿了:,未知,2025/4/13 0:04,好运降临,0,0,0,0
184704568,服饰鞋履,666666,吃太慢:,未知,2025/4/13 0:04,裙子可以吗,1,1,1,1
184704568,服饰鞋履,666666,T.:,未知,2025/4/13 0:04,帽子是不是有税费,1,1,1,1
184704568,服饰鞋履,666666,小洋又饿了:,未知,2025/4/13 0:04,太喜欢了,0,1,1,1
184704568,服饰鞋履,666666,jwoo:,未知,2025/4/13 0:04,宝宝水果爱的包包等一天了,1,1,1,1
184704568,服饰鞋履,666666,bkjjduy:,未知,2025/4/13 0:04,我也学编导,0,0,0,0
184704568,服饰鞋履,666666,:,未知,2025/4/13 0:04,能补吗最后想买80号链接s能补吗想在买下,1,1,1,1
184704568,服饰鞋履,666666,小猪土:,未知,2025/4/13 0:04,编导是啥意思,0,0,0,0
184704568,服饰鞋履,666666,:,未知,2025/4/13 0:04,小苹果牛仔中裤,1,1,1,1
184704568,服饰鞋履,666666,好像是小水:,未知,2025/4/13 0:04,是半价吗,1,0,1,1
184704568,服饰鞋履,666666,宽粉脑袋:,未知,2025/4/13 0:04,还有券吗,1,0,1,1
184704568,服饰鞋履,666666,吃太慢:,未知,2025/4/13 0:04,裙子小个子可以吗,1,1,1,1
184704568,服饰鞋履,666666,幸运的rika:,未知,2025/4/13 0:04,帽子好看,1,1,1,1
184704568,服饰鞋履,666666,YuuFeii-:,未知,2025/4/13 0:04,喜欢小苹果,0,1,0,0
184704568,服饰鞋履,666666,T.:,未知,2025/4/13 0:04,帽子是不是有税费帽子是不是有税费帽子是不是有税费帽子是不是有税费帽子是不是有税费,1,1,1,1
184704568,服饰鞋履,666666,catcatlikeu-:,未知,2025/4/13 0:04,看下红色帽子,1,1,1,1
184704568,服饰鞋履,666666,抱歉三明治:,未知,2025/4/13 0:04,抽绿裙子,1,0,0,0
184704568,服饰鞋履,666666,Nuyoah_:,未知,2025/4/13 0:04,还发券吗,1,0,1,1
184704568,服饰鞋履,666666,Jing:,未知,2025/4/13 0:04,拉夫劳伦帽子,1,1,1,1
184704568,服饰鞋履,666666,一粒煎饺:,未知,2025/4/13 0:04,小红书有账号吗小苹果!!!,0,0,1,0
184704568,服饰鞋履,666666,小洋又饿了:,未知,2025/4/13 0:04,太喜欢这个帽子了,1,1,1,1
184704568,服饰鞋履,666666,吃太慢:,未知,2025/4/13 0:04,裙子小个子可以吗!!!,1,1,1,1
184704568,服饰鞋履,666666,别理我:,未知,2025/4/13 0:04,2号没了,1,1,1,1
184704568,服饰鞋履,666666,longzzx:,未知,2025/4/13 0:05,看看小苹果身上的衣服呀,1,1,1,1
184704568,服饰鞋履,666666,momo:,未知,2025/4/13 0:05,2号还有码数嘛,1,1,1,1
184704568,服饰鞋履,666666,PP_:,未知,2025/4/13 0:05,小苹果是中传的吗!!!!!!!!!!!!!,1,0,0,0
184704568,服饰鞋履,666666,:,未知,2025/4/13 0:05,呢能补吗80号链接s能补吗想在买下,1,1,1,1
184704568,服饰鞋履,666666,牛女小y:,未知,2025/4/13 0:05,小苹果可以穿一下83号吗,1,1,1,1
184704568,服饰鞋履,666666,汽水拜拜:,未知,2025/4/13 0:05,短裤抽不12!,1,1,1,1
184704568,服饰鞋履,666666,Sherry:,未知,2025/4/13 0:05,鞋鞋推荐啥颜色,1,1,1,1
184704568,服饰鞋履,666666,TTTTs-:,未知,2025/4/13 0:05,还有券吗?!,1,0,1,1
184704568,服饰鞋履,666666,吃太慢:,未知,2025/4/13 0:05,连衣裙小个子可以吗,1,1,1,1
184704568,服饰鞋履,666666,宁宁玛特:,未知,2025/4/13 0:05,水果爱,1,1,1,1
184704568,服饰鞋履,666666,YuuFeii-:,未知,2025/4/13 0:05,帽子好好看,1,1,1,1
184704568,服饰鞋履,666666,旦旦旦煮荷包蛋:,未知,2025/4/13 0:05,小苹果多高多重啊,0,0,1,0
184704568,服饰鞋履,666666,jwoo:,未知,2025/4/13 0:05,水果爱的包包不过可以说一下嘛!我真的等一天了,1,1,1,1
184704568,服饰鞋履,666666,叮叮霖铛铛:,未知,2025/4/13 0:05,帽子!,1,1,1,1
184704568,服饰鞋履,666666,想买巧克力:,未知,2025/4/13 0:05,125号链接,1,1,1,1
184704568,服饰鞋履,666666,一只汁汁:,未知,2025/4/13 0:05,小苹果戴一下红色,1,1,1,1
184704568,服饰鞋履,666666,狗熊岭在逃阿珍:,未知,2025/4/13 0:05,36号,1,1,1,1
184704568,服饰鞋履,666666,:,未知,2025/4/13 0:05,能补吗80号链接s能补吗想在买下,1,1,1,1
184704568,服饰鞋履,666666,是深海鱼吗:,未知,2025/4/13 0:05,101有上身吗,1,1,1,1
184704568,服饰鞋履,666666,苹果桃:,未知,2025/4/13 0:05,"105可以看看上身吗,等3小时了",1,1,1,1
184704568,服饰鞋履,666666,小立睡不醒:,未知,2025/4/13 0:05,nia爱你,0,0,0,0
184704568,服饰鞋履,666666,今天我要吃什么:,未知,2025/4/13 0:05,花蕾裤有货吗,1,1,1,1
184704568,服饰鞋履,666666,吃太慢:,未知,2025/4/13 0:05,就是155,0,1,0,0
184704568,服饰鞋履,666666,看美女的号:,未知,2025/4/13 0:05,非洲动物可以补m码吗,1,1,1,1
184704568,服饰鞋履,666666,:,未知,2025/4/13 0:05,能补能补啊80号链接s能补吗想在买下,1,1,1,1
184704568,服饰鞋履,666666,sylvia:,未知,2025/4/13 0:05,小苹果身上是几号,1,1,1,1
184704568,服饰鞋履,666666,nidblue:,未知,2025/4/13 0:05,68抽了嘛,0,1,0,0
184704568,服饰鞋履,666666,蛋黄派派:,未知,2025/4/13 0:05,姐夫不露个面吗,0,0,0,0
184704568,服饰鞋履,666666,夏一个季节:,未知,2025/4/13 0:06,ko老师冷笑一声哈哈哈哈哈哈,0,0,0,0
184704568,服饰鞋履,666666,要见面吗:,未知,2025/4/13 0:06,80还能补货不!!!!!,1,1,1,1
184704568,服饰鞋履,666666,派送小点心:,未知,2025/4/13 0:06,看看101,1,1,1,1
184704568,服饰鞋履,666666,Sherry:,未知,2025/4/13 0:06,鞋子跟高多高,1,1,1,1
184704568,服饰鞋履,666666,是颐呐-:,未知,2025/4/13 0:06,7272727272号,1,1,1,1
184704568,服饰鞋履,666666,蛋黄派派:,未知,2025/4/13 0:06,ko老师也在吗,0,0,0,0
184704568,服饰鞋履,666666,小红薯ECC98628:,未知,2025/4/13 0:06,nia多高呀,0,1,0,0
184704568,服饰鞋履,666666,一随一:,未知,2025/4/13 0:06,36!,0,1,0,0
184704568,服饰鞋履,666666,暗:,未知,2025/4/13 0:06,再抽一下urban!!!,0,0,0,0
184704568,服饰鞋履,666666,圆圆圈圈:,未知,2025/4/13 0:06,红色红色,0,0,0,0
184704568,服饰鞋履,666666,耶耶:,未知,2025/4/13 0:06,几点下播呀,0,0,1,0
184704568,服饰鞋履,666666,鱼:,未知,2025/4/13 0:06,"141抽了,吗",0,1,0,0
184704568,服饰鞋履,666666,小立睡不醒:,未知,2025/4/13 0:06,高河的裙子155能穿吗,1,1,1,1
184704568,服饰鞋履,666666,lucky dog:,未知,2025/4/13 0:06,优惠券还会有吗,1,0,1,1
184704568,服饰鞋履,666666,派送小点心:,未知,2025/4/13 0:06,101衬衣,1,1,1,1
184704568,服饰鞋履,666666,没事儿就多睡觉_:,未知,2025/4/13 0:06,小苹果现在身上的几码哇,1,1,1,1
184704568,服饰鞋履,666666,YuuFeii-:,未知,2025/4/13 0:06,笑死我了,0,0,0,0
184704568,服饰鞋履,666666,呆呆:,未知,2025/4/13 0:06,给我看看72好吗,1,1,1,1
184704568,服饰鞋履,666666,我是路卓豪的狗:,未知,2025/4/13 0:06,小苹果的小红薯叫啥啊!,0,1,0,0
184704568,服饰鞋履,666666,我是路卓豪的狗:,未知,2025/4/13 0:06,小苹果的小红薯叫啥啊啊啊,0,0,0,0
184704568,服饰鞋履,666666,kaikaiisok:,未知,2025/4/13 0:06,求一个卷,1,0,1,1
184704568,服饰鞋履,666666,啊澜:,未知,2025/4/13 0:06,外套可以看看吗,1,1,1,1
184704568,服饰鞋履,666666,今天你吃了嘛:,未知,2025/4/13 0:06,nia宝宝137和138还会抽奖吗我看那写着抽奖,0,0,1,0
184704568,服饰鞋履,666666,想买巧克力:,未知,2025/4/13 0:07,想看泡泡玛特,0,0,0,0
184704568,服饰鞋履,666666,每天都想吃冰淇淋:,未知,2025/4/13 0:07,重中之重,0,0,0,0
184704568,服饰鞋履,666666,耸耸肩:,未知,2025/4/13 0:07,149号,1,1,1,1
184704568,服饰鞋履,666666,银河漫游指南:,未知,2025/4/13 0:07,再看看手链!!!!!,1,1,1,1
184704568,服饰鞋履,666666,汽水拜拜:,未知,2025/4/13 0:07,12号短裤抽不12!,1,1,1,1
184704568,服饰鞋履,666666,想买巧克力:,未知,2025/4/13 0:07,125号链接会不会有抽奖,0,0,1,0
184704568,服饰鞋履,666666,肥陈橙:,未知,2025/4/13 0:07,2号加下s,1,1,1,1
184704568,服饰鞋履,666666,嘻嘻:,未知,2025/4/13 0:07,141抽了吗,0,1,0,0
184704568,服饰鞋履,666666,晚晚可颂:,未知,2025/4/13 0:07,花蕾裙还有m码吗,1,1,1,1
184704568,服饰鞋履,666666,是深海鱼吗:,未知,2025/4/13 0:07,101有上身吗,1,1,1,1
184704568,服饰鞋履,666666,小立睡不醒:,未知,2025/4/13 0:07,马上关注,0,0,1,0
184704568,服饰鞋履,666666,:,未知,2025/4/13 0:07,80能补能补啊,1,1,1,1
184704568,服饰鞋履,666666,洗了蒜了:,未知,2025/4/13 0:07,带下白色帽子,1,1,1,1
184704568,服饰鞋履,666666,PP_:,未知,2025/4/13 0:07,这个a,0,0,0,0
184704568,服饰鞋履,666666,幸运小孩:,未知,2025/4/13 0:07,珑骧抽过了吗,1,0,0,0
184704568,服饰鞋履,666666,TTTTs-:,未知,2025/4/13 0:07,绿裙子,1,1,1,1
184704568,服饰鞋履,666666,:,未知,2025/4/13 0:07,80啊,1,1,1,1
184704568,服饰鞋履,666666,一只小C:,未知,2025/4/13 0:07,@发财宅女,0,0,0,0
184704568,服饰鞋履,666666,今天你吃了嘛:,未知,2025/4/13 0:07,nia宝nia宝宝137和138还会抽奖吗我看那写着抽奖,0,0,1,0
184704568,服饰鞋履,666666,xx:,未知,2025/4/13 0:07,想看小苹果穿139和140,1,1,1,1
184704568,服饰鞋履,666666,下着雨:,未知,2025/4/13 0:08,113号链接163115穿多大呀,1,1,1,1
184704568,服饰鞋履,666666,:,未知,2025/4/13 0:08,80808080能补能补80!,1,1,1,1
184704568,服饰鞋履,666666,是六七:,未知,2025/4/13 0:08,宅哈哈哈,0,0,0,0
184704568,服饰鞋履,666666,芝士芋泥妮:,未知,2025/4/13 0:08,nia宝,0,0,1,0
184704568,服饰鞋履,666666,xianxian:,未知,2025/4/13 0:08,帽子白色还补吗~,1,1,1,1
184704568,服饰鞋履,666666,小立睡不醒:,未知,2025/4/13 0:08,关注啦,0,0,0,0
184704568,服饰鞋履,666666,阿宗Crazy啦:,未知,2025/4/13 0:08,还发卷吗,1,0,1,1
184704568,服饰鞋履,666666,鱼:,未知,2025/4/13 0:08,"141抽了,吗",0,1,0,0
184704568,服饰鞋履,666666,TTTTs-:,未知,2025/4/13 0:08,2号补一下,1,1,1,1
184704568,服饰鞋履,666666,我的小猫 圆佑圆:,未知,2025/4/13 0:08,72还上身吗,1,1,1,1
184704568,服饰鞋履,666666,精神正常身体健康早日发财:,未知,2025/4/13 0:08,还有券吗,1,1,1,1
184704568,服饰鞋履,666666,GD:,未知,2025/4/13 0:08,103项链,1,1,1,1
184704568,服饰鞋履,666666,一随一:,未知,2025/4/13 0:08,36!,0,1,1,1
184704568,服饰鞋履,666666,去我的收藏夹里吃灰吧:,未知,2025/4/13 0:08,现在关注小苹果我就是老粉了,0,0,0,0
184704568,服饰鞋履,666666,想买巧克力:,未知,2025/4/13 0:08,125号链接会不会有抽奖,0,0,1,0
184704568,服饰鞋履,666666,sylvia:,未知,2025/4/13 0:08,小苹果身上是那件,1,1,1,1
184704568,服饰鞋履,666666,nehsiac:,未知,2025/4/13 0:08,粉色还穿吗,1,1,1,1
184704568,服饰鞋履,666666,雯籽^ ^:,未知,2025/4/13 0:08,已关注小苹果,0,0,1,0
184704568,服饰鞋履,666666,看美女的号:,未知,2025/4/13 0:08,非洲动物可以补m码吗非洲动物可以补m码吗非洲动物可以补m码吗非洲动物可以补m码吗,1,1,1,1
184704568,服饰鞋履,666666,看美女的号:,未知,2025/4/13 0:08,非洲动物可以补m码吗非洲动物可以补m码吗非洲动物可以补m码吗,1,1,1,1
184704568,服饰鞋履,666666,sylvia:,未知,2025/4/13 0:08,小苹果身上是哪件,1,1,1,1
184704568,服饰鞋履,666666,nehsiac:,未知,2025/4/13 0:08,粉色穿一下吗,1,1,1,1
184704568,服饰鞋履,666666,小立睡不醒:,未知,2025/4/13 0:08,你好链接啊,1,1,1,1
184704568,服饰鞋履,666666,grace:,未知,2025/4/13 0:08,刚刚切出去关注小苹果了小苹果也好美哦,0,0,1,0
184704568,服饰鞋履,666666,不爱吃香菜:,未知,2025/4/13 0:08,101是不是不会讲了啊,0,1,1,1
184704568,服饰鞋履,666666,不爱吃香菜:,未知,2025/4/13 0:08,101讲吗,1,1,1,1
184704568,服饰鞋履,666666,&&:,未知,2025/4/13 0:08,让我中吧,0,1,0,0
184704568,服饰鞋履,666666,十元爱元宝（财运亨通）:,未知,2025/4/13 0:08,92今天都没抽过,0,0,1,0
184704568,服饰鞋履,666666,想买巧克力:,未知,2025/4/13 0:08,Nia.125号链接会不会有抽奖,0,0,1,0
184704568,服饰鞋履,666666,sylvia:,未知,2025/4/13 0:08,小苹果身上是几号,1,1,1,1
184704568,服饰鞋履,666666,该用户很甜:,未知,2025/4/13 0:08,85能上身嘛,1,1,1,1
184704568,服饰鞋履,666666,不爱吃香菜:,未知,2025/4/13 0:08,101不讲吗,1,1,1,1
184704568,服饰鞋履,666666,ge5aceta-:,未知,2025/4/13 0:08,能穿下112吗,1,1,1,1
184704568,服饰鞋履,666666,deungnimse^o^:,未知,2025/4/13 0:08,@grace小苹果的用户名叫什么呀,0,0,0,0
184704568,服饰鞋履,666666,海水灌进我的早餐里:,未知,2025/4/13 0:08,102可以吗102可以吗102可以啊,1,1,1,1
184704568,服饰鞋履,666666,Derain:,未知,2025/4/13 0:09,4号抽了吗,0,1,0,0
184704568,服饰鞋履,666666,一随一:,未知,2025/4/13 0:09,想看36!,0,1,1,1
184704568,服饰鞋履,666666,是颐呐-:,未知,2025/4/13 0:09,72号,1,1,1,1
184704568,服饰鞋履,666666,Nuyoah_:,未知,2025/4/13 0:09,55号链接1号码数还有嘛,1,1,1,1
184704568,服饰鞋履,666666,不爱吃香菜:,未知,2025/4/13 0:09,101宝宝,0,1,1,1
184704568,服饰鞋履,666666,阿la妮妮:,未知,2025/4/13 0:09,始祖鸟终于买到了!!太难买了,0,1,0,0
184704568,服饰鞋履,666666,今天想吃草莓尖尖:,未知,2025/4/13 0:09,143没有抽半价呀!!,1,1,1,1
184704568,服饰鞋履,666666,:,未知,2025/4/13 0:09,80还要等很久吗,1,1,1,1
184704568,服饰鞋履,666666,派送小点心:,未知,2025/4/13 0:09,101衬衣,1,1,1,1
184704568,服饰鞋履,666666,斋吉魔女辫:,未知,2025/4/13 0:09,太敬业了!!!,0,0,0,0
184704568,服饰鞋履,666666,不爱吃香菜:,未知,2025/4/13 0:09,101没有穿,0,1,0,0
184704568,服饰鞋履,666666,嘻嘻:,未知,2025/4/13 0:09,141抽了吗,0,1,0,0
184704568,服饰鞋履,666666,暗:,未知,2025/4/13 0:09,再抽一下urban!!!,0,0,0,0
184704568,服饰鞋履,666666,doremi:,未知,2025/4/13 0:09,粉色套装还上身吗,1,1,1,1
184704568,服饰鞋履,666666,bb.luvme:,未知,2025/4/13 0:09,抽61吧,0,0,0,0
184704568,服饰鞋履,666666,今天想吃草莓尖尖:,未知,2025/4/13 0:09,144不是说要抽半价吗,0,0,1,0
184704568,服饰鞋履,666666,AJING:,未知,2025/4/13 0:09,连衣裙抽免单吗,0,1,0,0
184704568,服饰鞋履,666666,嘻嘻:,未知,2025/4/13 0:09,141抽了嘛,0,0,0,0
184704568,服饰鞋履,666666,海水灌进我的早餐里:,未知,2025/4/13 0:09,102可以吗102可以吗102可以吗102可以吗102可以吗102可以吗,1,1,1,1
184704568,服饰鞋履,666666,浮云:,未知,2025/4/13 0:09,143没有抽半价,0,1,0,0
184704568,服饰鞋履,666666,困困镜:,未知,2025/4/13 0:09,小苹果穿的几码,1,1,1,1
184704568,服饰鞋履,666666,我还不饿:,未知,2025/4/13 0:09,55还抽吗,0,1,0,0
184704568,服饰鞋履,666666,:,未知,2025/4/13 0:09,80啥时候补哦,1,1,1,1
184704568,服饰鞋履,666666,抱歉三明治:,未知,2025/4/13 0:09,抽绿裙子,1,0,0,0
184704568,服饰鞋履,666666,一随一:,未知,2025/4/13 0:09,想看36,0,1,1,1
184704568,服饰鞋履,666666,今天想吃草莓尖尖:,未知,2025/4/13 0:09,143不是说要抽半价吗,0,1,0,0
184704568,服饰鞋履,666666,yyyyy:,未知,2025/4/13 0:09,头发可以撩到后面去看一下嘛,1,1,1,1
184704568,服饰鞋履,666666,TTTTs-:,未知,2025/4/13 0:09,2号补一下,1,1,1,1
184704568,服饰鞋履,666666,茶汤团子夹心:,未知,2025/4/13 0:09,看看后背,1,1,1,1
184704568,服饰鞋履,666666,芝稻耶耶:,未知,2025/4/13 0:09,连衣裙抽一下,1,1,1,1
184704568,服饰鞋履,666666,土豆脑袋:,未知,2025/4/13 0:09,78没抽,1,0,0,0
184704568,服饰鞋履,666666,Jooyoce:,未知,2025/4/13 0:10,57号还抽吗,1,1,1,1
184704568,服饰鞋履,666666,啊澜:,未知,2025/4/13 0:10,107可以穿一下吗,1,1,1,1
184704568,服饰鞋履,666666,黄木林瑶:,未知,2025/4/13 0:10,nia的表情,0,0,0,0
184704568,服饰鞋履,666666,今天想吃草莓尖尖:,未知,2025/4/13 0:10,143每周,0,0,0,0
184704568,服饰鞋履,666666,yyyyy:,未知,2025/4/13 0:10,小苹果可以把头发撩后面去看一下衣服嘛～,1,1,1,1
184704568,服饰鞋履,666666,浮云:,未知,2025/4/13 0:10,143号没有抽半价,0,1,0,0
184704568,服饰鞋履,666666,想买巧克力:,未知,2025/4/13 0:10,"呜呜呜,125号链接会不会有抽奖",1,0,0,0
184704568,服饰鞋履,666666,今天想吃草莓尖尖:,未知,2025/4/13 0:10,143没抽奖啊,0,0,0,0
184704568,服饰鞋履,666666,茶汤团子夹心:,未知,2025/4/13 0:10,看看后面,1,0,1,1
184704568,服饰鞋履,666666,小羊饱饱:,未知,2025/4/13 0:10,mardi还能抽吗,1,1,1,1
184704568,服饰鞋履,666666,rr:,未知,2025/4/13 0:10,unspoken还想看看,1,0,1,1
184704568,服饰鞋履,666666,daidai:,未知,2025/4/13 0:10,券还有吗,1,0,1,1
184704568,服饰鞋履,666666,Specialvv:,未知,2025/4/13 0:10,刚刚那个半裙是啥呀!,1,1,1,1
184704568,服饰鞋履,666666,TTTTs-:,未知,2025/4/13 0:10,还有券吗,1,0,1,1
184704568,服饰鞋履,666666,:,未知,2025/4/13 0:10,101看看,1,1,1,1
184704568,服饰鞋履,666666,盐酸盐:,未知,2025/4/13 0:10,南法套装求上身,1,1,1,1
184704568,服饰鞋履,666666,抱歉三明治:,未知,2025/4/13 0:10,抽绿裙子抽绿裙子抽绿裙子抽绿裙子抽绿裙子抽绿裙子抽绿裙子抽绿裙子抽绿裙子抽绿裙子,1,1,1,1
184704568,服饰鞋履,666666,Ninie7:,未知,2025/4/13 0:10,和粉色衬衣配套的长裙在哪啊没找到,1,1,1,1
184704568,服饰鞋履,666666,今天你吃了嘛:,未知,2025/4/13 0:10,nia宝宝137和138还会抽奖吗我看那写着抽奖,0,0,1,0
184704568,服饰鞋履,666666,je-茄茄:,未知,2025/4/13 0:10,一关注小苹果,0,0,1,0
184704568,服饰鞋履,666666,daidai:,未知,2025/4/13 0:10,辛苦啦几位宝宝,0,0,0,0
184704568,服饰鞋履,666666,十元爱元宝（财运亨通）:,未知,2025/4/13 0:10,92号说要抽都没抽啊,0,0,1,0
184704568,服饰鞋履,666666,11酱:,未知,2025/4/13 0:10,泡泡玛特抽奖吗,0,0,0,0
184704568,服饰鞋履,666666,炸虾kt猪:,未知,2025/4/13 0:10,jolly包抽吗,1,1,1,1
184704568,服饰鞋履,666666,:,未知,2025/4/13 0:10,101好吗,1,1,1,1
184704568,服饰鞋履,666666,小立睡不醒:,未知,2025/4/13 0:10,关注小苹果了,0,0,0,0
184704568,服饰鞋履,666666,Yue:,未知,2025/4/13 0:10,"Sm的裤子,!!!!",1,0,1,1
184704568,服饰鞋履,666666,橘子苹果梨:,未知,2025/4/13 0:10,小苹果账号是啥,0,0,1,0
184704568,服饰鞋履,666666,今天你吃了嘛:,未知,2025/4/13 0:10,@鹅跟你讲宝宝nia宝宝什么时候会在直播啊,0,0,0,0
184704568,服饰鞋履,666666,啊澜:,未知,2025/4/13 0:10,107能穿吗,1,1,1,1
184704568,服饰鞋履,666666,EI_:,未知,2025/4/13 0:10,裤子是40号吗,1,1,1,1
184704568,服饰鞋履,666666,不爱吃香菜:,未知,2025/4/13 0:10,101啊,0,1,1,1
184704568,服饰鞋履,666666,Nuyoah_:,未知,2025/4/13 0:10,55!!55!!,0,0,0,0
184704568,服饰鞋履,666666,小凹日记:,未知,2025/4/13 0:11,小苹果眼睛都红了,0,0,0,0
184704568,服饰鞋履,666666,鹅跟你讲:,未知,2025/4/13 0:11,@ztyldzlove4号链接宝,0,0,1,0
184704568,服饰鞋履,666666,yyyyy:,未知,2025/4/13 0:11,小苹果可以把头发撩后面去看一下衣服嘛～,1,1,1,1
184704568,服饰鞋履,666666,小鹿给我送枝花花:,未知,2025/4/13 0:11,137.138适合小个子吗,1,1,1,1
184704568,服饰鞋履,666666,林要要:,未知,2025/4/13 0:11,149还有么,1,1,1,1
184704568,服饰鞋履,666666,不爱吃香菜:,未知,2025/4/13 0:11,101没有穿,0,1,1,1
184704568,服饰鞋履,666666,EI_:,未知,2025/4/13 0:11,裤子是几号呀,1,1,1,1
184704568,服饰鞋履,666666,嘻嘻:,未知,2025/4/13 0:11,141141141抽了吗,1,0,0,0
184704568,服饰鞋履,666666,呀呀呀呀芽:,未知,2025/4/13 0:11,看看50,1,1,1,1
184704568,服饰鞋履,666666,Summer:,未知,2025/4/13 0:11,50号包包还有现货吗,1,1,1,1
184704568,服饰鞋履,666666,今天想吃草莓尖尖:,未知,2025/4/13 0:11,143美丑,0,0,0,0
184704568,服饰鞋履,666666,33.:,未知,2025/4/13 0:11,白色翅膀双肩包抽个吧,1,1,1,1
184704568,服饰鞋履,666666,我的小猫 圆佑圆:,未知,2025/4/13 0:11,72号还会上身吗,1,1,1,1
184704568,服饰鞋履,666666,-Pia-:,未知,2025/4/13 0:11,翅膀包抽一个吧,1,1,1,1
184704568,服饰鞋履,666666,11酱:,未知,2025/4/13 0:11,泡泡玛特半价泡泡玛特泡泡玛特半价泡泡玛特,1,1,1,1
184704568,服饰鞋履,666666,發光雞蛋:,未知,2025/4/13 0:11,播到几点呀,0,0,0,0
184704568,服饰鞋履,666666,今天想吃草莓尖尖:,未知,2025/4/13 0:11,143没抽奖,0,0,0,0
184704568,服饰鞋履,666666,土豆脑袋:,未知,2025/4/13 0:11,78没抽,0,0,1,0
184704568,服饰鞋履,666666,小立睡不醒:,未知,2025/4/13 0:11,未来会越来越好,0,0,0,0
184704568,服饰鞋履,666666,喂喂吃草莓:,未知,2025/4/13 0:11,小苹果绿裙子什么码?小苹果绿裙子什么码?小苹果绿裙子什么码?小苹果绿裙子什么码?,1,1,1,1
184704568,服饰鞋履,666666,西兰花炒炒:,未知,2025/4/13 0:11,俺不中了哈哈哈哈,0,0,0,0
184704568,服饰鞋履,666666,今天你吃了嘛:,未知,2025/4/13 0:11,nia宝宝什么时候在直播啊,0,0,0,0
184704568,服饰鞋履,666666,Lulu桃-:,未知,2025/4/13 0:11,还有券吗,1,0,1,1
184704568,服饰鞋履,666666,橘子苹果梨:,未知,2025/4/13 0:11,小苹果你账号是什么?????,0,0,0,0
184704568,服饰鞋履,666666,炸虾kt猪:,未知,2025/4/13 0:11,jolly包包和帽子抽吗,1,1,1,1
184704568,服饰鞋履,666666,ber有只小狗:,未知,2025/4/13 0:11,看看橘色衬衫,1,1,1,1
184704568,服饰鞋履,666666,银河漫游指南:,未知,2025/4/13 0:11,再看看手链!!!!!,1,1,1,1
184704568,服饰鞋履,666666,11酱:,未知,2025/4/13 0:11,泡泡玛特半价泡泡玛特,1,1,1,1
184704568,服饰鞋履,666666,啊澜:,未知,2025/4/13 0:11,107能穿,1,1,1,1
184704568,服饰鞋履,666666,EI_:,未知,2025/4/13 0:12,裤子几号呀,1,1,1,1
184704568,服饰鞋履,666666,jwoo:,未知,2025/4/13 0:12,水果爱的包包抽不?,1,0,0,0
184704568,服饰鞋履,666666,橘粒咕噜:,未知,2025/4/13 0:12,推荐哪个颜色啊,1,1,1,1
184704568,服饰鞋履,666666,potato:,未知,2025/4/13 0:12,推荐哪个颜色,1,1,1,1
184704568,服饰鞋履,666666,橘子苹果梨:,未知,2025/4/13 0:12,小苹果账号是啥,0,0,1,0
184704568,服饰鞋履,666666,不爱吃吐司:,未知,2025/4/13 0:12,我拍了棕色!,1,0,0,0
184704568,服饰鞋履,666666,nothing:,未知,2025/4/13 0:12,推荐什么颜色啊包包,1,1,1,1
184704568,服饰鞋履,666666,Lyaowenwen:,未知,2025/4/13 0:12,74会补货吗,1,1,1,1
184704568,服饰鞋履,666666,Nuyoah_:,未知,2025/4/13 0:12,小苹果身上的1号码数还有嘛小苹果身上的1号码数还有嘛小苹果身上的1号码数还有嘛,1,1,1,1
184704568,服饰鞋履,666666,:,未知,2025/4/13 0:12,101阿,0,0,0,0
184704568,服饰鞋履,666666,ber有只小狗:,未知,2025/4/13 0:12,看看橘色衬衫看看橘色衬衫,1,1,1,1
184704568,服饰鞋履,666666,EI_:,未知,2025/4/13 0:12,裤子几号呀黑色的,1,1,1,1
184704568,服饰鞋履,666666,看美女的号:,未知,2025/4/13 0:12,非洲动物可以补m码吗非洲动物可以补m码吗,1,1,1,1
184704568,服饰鞋履,666666,橘子苹果梨:,未知,2025/4/13 0:12,小苹果账号叫什么忘记了,0,0,1,0
184704568,服饰鞋履,666666,吃太慢:,未知,2025/4/13 0:12,裙子配其他鞋子看看,1,1,1,1
184704568,服饰鞋履,666666,抱歉三明治:,未知,2025/4/13 0:12,抽2号裙子抽2号裙子抽2号裙子抽2号裙子抽2号裙子抽2号裙子抽2号裙子抽2号裙子,1,1,1,1
184704568,服饰鞋履,666666,咕噜鸭～:,未知,2025/4/13 0:12,眼镜能不能抽奖,1,1,1,1
184704568,服饰鞋履,666666,yyyyy:,未知,2025/4/13 0:12,小苹果可以把头发撩后面去看一下衣服嘛～,1,1,1,1
184704568,服饰鞋履,666666,鱼:,未知,2025/4/13 0:12,"141141抽了,吗",1,0,0,0
184704568,服饰鞋履,666666,绝对妮妮:,未知,2025/4/13 0:12,小苹果用的腮红素什么,1,1,1,1
184704568,服饰鞋履,666666,今天想吃草莓尖尖:,未知,2025/4/13 0:12,143啥时候抽了不可能我一直在看直播,0,0,0,0
184704568,服饰鞋履,666666,小耶心情好:,未知,2025/4/13 0:12,有券吗宝宝,1,1,1,1
184704568,服饰鞋履,666666,tihetti:,未知,2025/4/13 0:12,抽中我吧,0,0,0,0
184704568,服饰鞋履,666666,鱼:,未知,2025/4/13 0:12,"141抽了,吗",1,1,1,1
184704568,服饰鞋履,666666,:,未知,2025/4/13 0:12,101阿啊阿,0,0,0,0
184704568,服饰鞋履,666666,吃太慢:,未知,2025/4/13 0:12,连衣裙配其他鞋子看看,1,1,1,1
184704568,服饰鞋履,666666,:,未知,2025/4/13 0:12,101阿啊阿啊阿啊,0,0,0,0
184704568,服饰鞋履,666666,一颗好白菜:,未知,2025/4/13 0:12,发点券啊啊,0,0,0,0
184704568,服饰鞋履,666666,看美女的号:,未知,2025/4/13 0:12,非洲动物可以补m码吗,1,1,1,1
184704568,服饰鞋履,666666,tihetti:,未知,2025/4/13 0:12,啊啊啊啊能不能抽中我呀,0,0,0,0
184704568,服饰鞋履,666666,荔枝玫瑰:,未知,2025/4/13 0:12,还有什么活动,0,1,1,1
184704568,服饰鞋履,666666,nehsiac:,未知,2025/4/13 0:12,粉色!!!!!!!!,1,0,1,1
184704568,服饰鞋履,666666,徐小铁:,未知,2025/4/13 0:12,小苹果43号,1,1,1,1
184704568,服饰鞋履,666666,随缘小土豆:,未知,2025/4/13 0:12,黑色挂脖,1,1,1,1
184704568,服饰鞋履,666666,猪猪猪piggy:,未知,2025/4/13 0:12,小苹果账号是哪个呀?,0,0,1,0
184704568,服饰鞋履,666666,不爱吃香菜:,未知,2025/4/13 0:12,101!!!,0,1,1,1
184704568,服饰鞋履,666666,烦恼全5:,未知,2025/4/13 0:13,8号!,1,1,1,1
184704568,服饰鞋履,666666,祝你生活顺利:,未知,2025/4/13 0:13,小苹果下面搭的什么!!!!!,1,1,1,1
184704568,服饰鞋履,666666,银河漫游指南:,未知,2025/4/13 0:13,手链!!!!!,1,1,1,1
184704568,服饰鞋履,666666,言一:,未知,2025/4/13 0:13,试试nia身上那套,1,1,1,1
184704568,服饰鞋履,666666,必须睡满12个小时:,未知,2025/4/13 0:13,拉夫劳伦帽子,1,1,1,1
184704568,服饰鞋履,666666,咕噜鸭～:,未知,2025/4/13 0:13,眼镜能不能抽奖呀,1,0,0,0
184704568,服饰鞋履,666666,宽粉脑袋:,未知,2025/4/13 0:13,苹果自留啥,0,0,0,0
184704568,服饰鞋履,666666,小红薯663FF69F:,未知,2025/4/13 0:13,抽42!,0,0,0,0
184704568,服饰鞋履,666666,AAA宫城县柑橘批发:,未知,2025/4/13 0:13,想看6的套装和80裙子,1,1,1,1
184704568,服饰鞋履,666666,一张破卡有什么好买的:,未知,2025/4/13 0:13,nia配车银优短袖那条裤子是几号链接,1,1,1,1
184704568,服饰鞋履,666666,nehsiac:,未知,2025/4/13 0:13,粉色!!!!!!!!!,1,1,1,1
184704568,服饰鞋履,666666,tihetti:,未知,2025/4/13 0:13,能不能抽中我,0,0,0,0
184704568,服饰鞋履,666666,一个鸡蛋:,未知,2025/4/13 0:13,苹果试试92!,1,1,1,1
184704568,服饰鞋履,666666,Bamtigdtp:,未知,2025/4/13 0:13,110!,0,0,0,0
184704568,服饰鞋履,666666,tihetti:,未知,2025/4/13 0:13,抽中我球球惹,0,0,0,0
184704568,服饰鞋履,666666,Yue:,未知,2025/4/13 0:13,sm裤子吧!!!!!!!啊啊啊啊啊啊啊,1,1,1,1
184704568,服饰鞋履,666666,吃太慢:,未知,2025/4/13 0:13,连衣裙透吗,1,1,1,1
184704568,服饰鞋履,666666,看美女的号:,未知,2025/4/13 0:13,非洲动物可以补m码吗非洲动物可以补m码吗,1,1,1,1
184704568,服饰鞋履,666666,nehsiac:,未知,2025/4/13 0:13,粉色!!!!!!!,1,1,1,1
184704568,服饰鞋履,666666,ie:,未知,2025/4/13 0:13,苹果能不能试一下小象非洲裙子,1,1,1,1
184704568,服饰鞋履,666666,墩墩不胖:,未知,2025/4/13 0:13,141号,1,1,1,1
184704568,服饰鞋履,666666,miracluuxia:,未知,2025/4/13 0:13,买拉夫劳伦的帽子是要付税费嘛,1,1,1,1
184704568,服饰鞋履,666666,牛女小y:,未知,2025/4/13 0:13,小苹果可以穿一下83号吗,1,1,1,1
184704568,服饰鞋履,666666,阿阿阿阿訂:,未知,2025/4/13 0:13,包可以背一下黑色布,1,1,1,1
184704568,服饰鞋履,666666,:,未知,2025/4/13 0:13,再抽一下urban可以吗!,0,0,0,0
184704568,服饰鞋履,666666,祝你生活顺利:,未知,2025/4/13 0:13,小苹果下面搭的什么裤子,1,1,1,1
184704568,服饰鞋履,666666,哈哈哈:,未知,2025/4/13 0:13,苹果想要哪些啊,0,0,1,0
184704568,服饰鞋履,666666,potato:,未知,2025/4/13 0:13,哪个颜色包包好看,1,1,1,1
184704568,服饰鞋履,666666,buhuizuifande.tomato:,未知,2025/4/13 0:13,抽neverseez的裤子吗,1,0,0,0
184704568,服饰鞋履,666666,一随一:,未知,2025/4/13 0:13,36!,0,1,1,1
184704568,服饰鞋履,666666,Yue:,未知,2025/4/13 0:13,车银优的裤子,1,1,1,1
184704568,服饰鞋履,666666,嘻嘻:,未知,2025/4/13 0:13,热带印花抽了吗,1,1,1,1
184704568,服饰鞋履,666666,11酱:,未知,2025/4/13 0:13,泡泡玛特半价泡泡玛特泡泡玛特半价泡泡玛特125,1,1,1,1
184704568,服饰鞋履,666666,Lus:,未知,2025/4/13 0:13,上衣什么码呀,1,1,1,1
184704568,服饰鞋履,666666,大步走:,未知,2025/4/13 0:14,27号灰色背心想要m码,1,1,1,1
184704568,服饰鞋履,666666,bkjjduy:,未知,2025/4/13 0:14,小苹果我想看62,1,1,1,1
184704568,服饰鞋履,666666,今天想吃草莓尖尖:,未知,2025/4/13 0:14,141不是说过抽奖吗,0,0,0,0
184704568,服饰鞋履,666666,:,未知,2025/4/13 0:14,你那么美!,0,0,0,0
184704568,服饰鞋履,666666,小红薯66DF24A8:,未知,2025/4/13 0:14,你这么美!!,0,0,0,0
184704568,服饰鞋履,666666,荔枝玫瑰:,未知,2025/4/13 0:14,还有什么没抽的吗,0,0,1,0
184704568,服饰鞋履,666666,ccchichi:,未知,2025/4/13 0:14,你的眼红了,0,0,0,0
184704568,服饰鞋履,666666,Yibb:,未知,2025/4/13 0:14,7l号黑色可以看吗,1,1,1,1
184704568,服饰鞋履,666666,Nuyoah_:,未知,2025/4/13 0:14,还发券吗宝宝,1,0,1,1
184704568,服饰鞋履,666666,九点准备睡觉:,未知,2025/4/13 0:14,小苹果8号!!!!!!!,1,1,1,1
184704568,服饰鞋履,666666,鱼:,未知,2025/4/13 0:14,141印花防晒衫抽了吗,1,0,0,0
184704568,服饰鞋履,666666,发财小璇子:,未知,2025/4/13 0:14,自留啥了,0,0,0,0
184704568,服饰鞋履,666666,一张破卡有什么好买的:,未知,2025/4/13 0:14,配车银优短袖那条裤子是几号链接呀,1,1,1,1
184704568,服饰鞋履,666666,je-茄茄:,未知,2025/4/13 0:14,小苹果眼睛都红了,0,0,0,0
184704568,服饰鞋履,666666,哈哈哈:,未知,2025/4/13 0:14,苹果自留了啥呀,0,0,0,0
184704568,服饰鞋履,666666,今天你吃了嘛:,未知,2025/4/13 0:14,苹果宝宝不要不自信你很美!!,0,0,0,0
184704568,服饰鞋履,666666,河野玥:,未知,2025/4/13 0:14,苹果美美嘟,0,0,1,0
184704568,服饰鞋履,666666,看美女的号:,未知,2025/4/13 0:14,非洲动物可以补m码吗非洲动物可以补m码吗非洲动物可以补m码吗,1,1,1,1
184704568,服饰鞋履,666666,喂喂吃草莓:,未知,2025/4/13 0:14,小苹果绿裙子什么码?小苹果绿裙子什么码?小苹果绿裙子什么码?小苹果绿裙子什么码?,1,1,1,1
184704568,服饰鞋履,666666,抱歉三明治:,未知,2025/4/13 0:14,抽2号裙子抽2号裙子抽2号裙子抽2号裙子抽2号裙子抽2号裙子抽2号裙子抽2号裙子,1,1,1,1
184704568,服饰鞋履,666666,吃太慢:,未知,2025/4/13 0:14,苹果穿连衣裙!!,1,1,1,1
184704568,服饰鞋履,666666,荔枝玫瑰:,未知,2025/4/13 0:14,墨镜戴一下啊,0,1,1,1
184704568,服饰鞋履,666666,心愿便利贴:,未知,2025/4/13 0:14,但是小苹果我觉得你穿这个好漂亮呀,1,1,1,1
184704568,服饰鞋履,666666,九点准备睡觉:,未知,2025/4/13 0:14,小苹果8号!!!!!,1,1,1,1
184704568,服饰鞋履,666666,袋袋鼠:,未知,2025/4/13 0:14,小苹果试一下58和59,1,1,1,1
184704568,服饰鞋履,666666,小猪土:,未知,2025/4/13 0:14,肉肉的也漂亮,0,0,0,0
184704568,服饰鞋履,666666,刘少少:,未知,2025/4/13 0:14,试试花裙子吧,1,1,1,1
184704568,服饰鞋履,666666,九点准备睡觉:,未知,2025/4/13 0:14,8号!!!!!!!!!!!!,1,1,1,1
184704568,服饰鞋履,666666,tihetti:,未知,2025/4/13 0:14,啊啊啊啊啊抽中我,0,0,0,0
184704568,服饰鞋履,666666,今天你吃了嘛:,未知,2025/4/13 0:14,苹果宝宝不要不自信你很美!!!,0,0,0,0
184704568,服饰鞋履,666666,Lyaowenwen:,未知,2025/4/13 0:14,试下74可以吗,1,1,1,1
184704568,服饰鞋履,666666,阿阿阿阿訂:,未知,2025/4/13 0:14,包包包推荐哪个颜色呀,1,1,1,1
184704568,服饰鞋履,666666,呆呆:,未知,2025/4/13 0:15,我想看一眼72号,1,1,1,1
184704568,服饰鞋履,666666,吃太慢:,未知,2025/4/13 0:15,苹果连衣裙!,1,1,1,1
184704568,服饰鞋履,666666,看美女的号:,未知,2025/4/13 0:15,非洲动物可以补m码吗非洲动物可以补m码吗,1,1,1,1
184704568,服饰鞋履,666666,Lyaowenwen:,未知,2025/4/13 0:15,可以试下74,1,1,1,1
184704568,服饰鞋履,666666,慢慢慢慢:,未知,2025/4/13 0:15,98苹果,1,1,1,1
184704568,服饰鞋履,666666,Lyaowenwen:,未知,2025/4/13 0:15,74补吗,1,1,1,1
184704568,服饰鞋履,666666,小美在发呆:,未知,2025/4/13 0:15,1号苹果穿什么尺码?,1,1,1,1
184704568,服饰鞋履,666666,Lisianthus:,未知,2025/4/13 0:15,耶!!我中奖啦,0,0,0,0
184704568,服饰鞋履,666666,荔枝玫瑰:,未知,2025/4/13 0:15,2号抽了吗,1,1,1,1
184704568,服饰鞋履,666666,冰冷的短:,未知,2025/4/13 0:15,鞋子码数拍错了用了券怎么办,0,0,1,0
184704568,服饰鞋履,666666,樱桃小酒:,未知,2025/4/13 0:15,苹果衣服穿的几码,1,1,1,1
184704568,服饰鞋履,666666,不爱吃香菜:,未知,2025/4/13 0:15,101啊宝宝,0,0,0,0
184704568,服饰鞋履,666666,晕生匀生:,未知,2025/4/13 0:15,往后沾一下,0,0,1,0
184704568,服饰鞋履,666666,福禄妞妞:,未知,2025/4/13 0:15,苹果可以试一下83号格子套装吗,1,1,1,1
184704568,服饰鞋履,666666,吃太慢:,未知,2025/4/13 0:15,苹果穿连衣裙4,1,1,1,1
184704568,服饰鞋履,666666,看美女的号:,未知,2025/4/13 0:15,非洲动物可以补m码吗非洲动物可以补m码吗非洲动物可以补m码吗非洲动物可以补m码吗,1,1,1,1
184704568,服饰鞋履,666666,Nuyoah_:,未知,2025/4/13 0:15,可以发券吗,1,0,0,0
184704568,服饰鞋履,666666,晕生匀生:,未知,2025/4/13 0:15,后面站一下,0,0,0,0
184704568,服饰鞋履,666666,九点准备睡觉:,未知,2025/4/13 0:15,小苹果,0,0,1,0
184704568,服饰鞋履,666666,吃太慢:,未知,2025/4/13 0:15,苹果穿4!,1,1,1,1
184704568,服饰鞋履,666666,10038.:,未知,2025/4/13 0:15,还有抽奖吗,0,0,0,0
184704568,服饰鞋履,666666,素甜饼:,未知,2025/4/13 0:15,616161!!,0,0,0,0
184704568,服饰鞋履,666666,看美女的号:,未知,2025/4/13 0:15,非洲动物可以补m码吗,1,1,1,1
184704568,服饰鞋履,666666,不爱吃香菜:,未知,2025/4/13 0:15,101啊,0,1,1,1
184704568,服饰鞋履,666666,。:,未知,2025/4/13 0:15,小苹果帽子买的什么颜色,1,1,1,1
184704568,服饰鞋履,666666,小李要暴富:,未知,2025/4/13 0:15,小苹果现在上衣穿的几码,1,1,1,1
184704568,服饰鞋履,666666,吃太慢:,未知,2025/4/13 0:15,苹果穿连衣裙看看!,1,1,1,1
184704568,服饰鞋履,666666,银河漫游指南:,未知,2025/4/13 0:15,手链看看吧,1,1,1,1
184704568,服饰鞋履,666666,是深海鱼吗:,未知,2025/4/13 0:15,小苹果试一下101,1,1,1,1
184704568,服饰鞋履,666666,菜百万（看过2ne1演唱会版）:,未知,2025/4/13 0:15,苹果能穿一下58号嘛,1,1,1,1
184704568,服饰鞋履,666666,Lyaowenwen:,未知,2025/4/13 0:15,可以试一下74吗,1,1,1,1
184704568,服饰鞋履,666666,小羊同炙:,未知,2025/4/13 0:16,想看你穿宅女格纹套装,1,1,1,1
184704568,服饰鞋履,666666,我的小猫 圆佑圆:,未知,2025/4/13 0:16,想看72,1,1,1,1
184704568,服饰鞋履,666666,FOCUS栖夏:,未知,2025/4/13 0:16,想看下三角杯内衣的粉色,1,1,1,1
184704568,服饰鞋履,666666,今天想吃草莓尖尖:,未知,2025/4/13 0:16,141没抽,0,1,0,0
184704568,服饰鞋履,666666,ie:,未知,2025/4/13 0:16,苹果能不能试一下非洲动物裙,1,1,1,1
184704568,服饰鞋履,666666,吃太慢:,未知,2025/4/13 0:16,苹果穿4,1,1,1,1
184704568,服饰鞋履,666666,jwoo:,未知,2025/4/13 0:16,美美的宝宝,0,0,0,0
184704568,服饰鞋履,666666,呆呆:,未知,2025/4/13 0:16,我想看一眼72号,1,1,1,1
184704568,服饰鞋履,666666,夏一个季节:,未知,2025/4/13 0:16,要自信小苹果超美的,0,1,0,0
184704568,服饰鞋履,666666,豆腐西施女士:,未知,2025/4/13 0:16,45的白裤子可以试一下吗,1,1,1,1
184704568,服饰鞋履,666666,AJING:,未知,2025/4/13 0:16,抽到免单的怎么兑换啊,0,0,1,0
184704568,服饰鞋履,666666,橘子苹果梨:,未知,2025/4/13 0:16,可以穿一下非洲动物吗小苹果,1,1,1,1
184704568,服饰鞋履,666666,big_北北:,未知,2025/4/13 0:16,衬衫抽吗,1,0,0,0
184704568,服饰鞋履,666666,颗颗:,未知,2025/4/13 0:16,小苹果有小红书嘛,1,1,1,1
184704568,服饰鞋履,666666,九点准备睡觉:,未知,2025/4/13 0:16,8号!!!!!!,1,1,1,1
184704568,服饰鞋履,666666,X_xuannn:,未知,2025/4/13 0:16,背看一下,1,1,1,1
184704568,服饰鞋履,666666,宽粉脑袋:,未知,2025/4/13 0:16,苹果自信超美,1,1,1,1
184704568,服饰鞋履,666666,FOCUS栖夏:,未知,2025/4/13 0:16,126126三角杯内衣的粉色,1,1,1,1
184704568,服饰鞋履,666666,Lyaowenwen:,未知,2025/4/13 0:16,74可以试一下吗,1,1,1,1
184704568,服饰鞋履,666666,考考猛百利:,未知,2025/4/13 0:16,苹果试一下36,1,1,1,1
184704568,服饰鞋履,666666,钰什么环:,未知,2025/4/13 0:16,这个上衣16595拍什么码合适,1,1,1,1
184704568,服饰鞋履,666666,deungnimse^o^:,未知,2025/4/13 0:16,我也想看宅女那个,1,1,1,1
184704568,服饰鞋履,666666,照照不熬夜:,未知,2025/4/13 0:16,39号除了黑裤子还可以搭什么,1,1,1,1
184704568,服饰鞋履,666666,yyyyy:,未知,2025/4/13 0:16,小苹果穿这个超级好看,1,1,1,1
184704568,服饰鞋履,666666,Noha:,未知,2025/4/13 0:16,帽子白色没有了嘛,1,1,1,1
184704568,服饰鞋履,666666,YuuFeii-:,未知,2025/4/13 0:16,小苹果你多大了,0,0,0,0
184704568,服饰鞋履,666666,今天想吃草莓尖尖:,未知,2025/4/13 0:16,141没抽141141141,0,0,0,0
184704568,服饰鞋履,666666,我的小猫 圆佑圆:,未知,2025/4/13 0:16,想看72号,1,1,1,1
184704568,服饰鞋履,666666,Lyaowenwen:,未知,2025/4/13 0:17,可以试一下74吗,1,1,1,1
184704568,服饰鞋履,666666,发呆一小时:,未知,2025/4/13 0:17,好松弛nia哈哈哈哈哈哈哈哈哈,0,0,0,0
184704568,服饰鞋履,666666,考考猛百利:,未知,2025/4/13 0:17,试一下36苹果,1,1,1,1
184704568,服饰鞋履,666666,嘻嘻:,未知,2025/4/13 0:17,141热带印花还抽吗,1,1,1,1
184704568,服饰鞋履,666666,jwoo:,未知,2025/4/13 0:17,鞋子穿的啥宝宝,0,1,1,1
184704568,服饰鞋履,666666,白鬼院凛凛蝶:,未知,2025/4/13 0:17,好美!!!!!!,1,0,0,0
184704568,服饰鞋履,666666,牛哈哈:,未知,2025/4/13 0:17,小狗珍珠,1,1,1,1
184704568,服饰鞋履,666666,·:,未知,2025/4/13 0:17,"宝贝,你身上这个吊带16094穿什么码数合适",1,1,1,1
184704568,服饰鞋履,666666,nidblue:,未知,2025/4/13 0:17,68抽嘛,1,1,1,1
184704568,服饰鞋履,666666,皆有利于我:,未知,2025/4/13 0:17,内搭是什么呀,1,1,1,1
184704568,服饰鞋履,666666,AJING:,未知,2025/4/13 0:17,抽到免单的怎么兑换啊,0,0,1,0
184704568,服饰鞋履,666666,yyyyy:,未知,2025/4/13 0:17,nia穿橘色真的yyds,0,1,0,0
184704568,服饰鞋履,666666,一随一:,未知,2025/4/13 0:17,36!,0,1,1,1
184704568,服饰鞋履,666666,小月月:,未知,2025/4/13 0:17,3号鞋还补吗,1,1,1,1
184704568,服饰鞋履,666666,goknazi':,未知,2025/4/13 0:17,nia多吃点,0,0,0,0
184704568,服饰鞋履,666666,今天也不想早起:,未知,2025/4/13 0:17,小苹果23号试试,1,1,1,1
184704568,服饰鞋履,666666,bkjjduy:,未知,2025/4/13 0:17,这条裤子会显得我o形腿吗好烦恼,0,1,0,0
184704568,服饰鞋履,666666,小美在发呆:,未知,2025/4/13 0:17,小苹果1号穿什么尺码?,1,1,1,1
184704568,服饰鞋履,666666,Mynie没烦恼:,未知,2025/4/13 0:17,好喜欢这样的氛围!,0,0,0,0
184704568,服饰鞋履,666666,抱歉三明治:,未知,2025/4/13 0:17,抽2号裙子抽2号裙子抽2号裙子抽2号裙子抽2号裙子抽2号裙子抽2号裙子抽2号裙子,1,1,1,1
184704568,服饰鞋履,666666,Lyaowenwen:,未知,2025/4/13 0:17,可以试一下74,1,1,1,1
184704568,服饰鞋履,666666,花花酱:,未知,2025/4/13 0:17,哪有抽奖,0,0,0,0
184704568,服饰鞋履,666666,该用户很甜:,未知,2025/4/13 0:17,170/100穿什么码呀这个衬衫,1,1,1,1
184704568,服饰鞋履,666666,想买巧克力:,未知,2025/4/13 0:17,泡泡玛特!!!呜呜呜,0,0,0,0
184704568,服饰鞋履,666666,不知名买家蛋挞:,未知,2025/4/13 0:17,吃的啥nia,0,0,0,0
184704568,服饰鞋履,666666,橙子依:,未知,2025/4/13 0:17,这个衬衫厚吗,1,1,1,1
184704568,服饰鞋履,666666,小红薯66B7C4E2:,未知,2025/4/13 0:17,几点结束,0,0,1,0
184704568,服饰鞋履,666666,恩施Tody露营装备租赁:,未知,2025/4/13 0:17,发夹推荐什么颜色呀!,1,1,1,1
184704568,服饰鞋履,666666,橘子苹果梨:,未知,2025/4/13 0:17,苹果可以试一下非洲动物裙吗?,1,1,1,1
184704568,服饰鞋履,666666,噗哈哈:,未知,2025/4/13 0:17,想看15号蓝色,1,1,1,1
184704568,服饰鞋履,666666,想买巧克力:,未知,2025/4/13 0:17,泡泡玛特有没有抽奖!!!,0,0,0,0
184704568,服饰鞋履,666666,oo Kitty:,未知,2025/4/13 0:17,上衣罩衫,1,1,1,1
184704568,服饰鞋履,666666,oo Kitty:,未知,2025/4/13 0:18,印花罩衫,1,1,1,1
184704568,服饰鞋履,666666,momo:,未知,2025/4/13 0:18,再穿下黑色跆拳道鞋吧,1,1,1,1
184704568,服饰鞋履,666666,hahaxxh:,未知,2025/4/13 0:18,Ko老师出来同框一下,0,0,0,0
184704568,服饰鞋履,666666,轰隆隆:,未知,2025/4/13 0:18,还有券嘛,1,1,1,1
184704568,服饰鞋履,666666,呆呆:,未知,2025/4/13 0:18,我想看一眼72号,1,1,1,1
184704568,服饰鞋履,666666,不啾:,未知,2025/4/13 0:18,再发点券,1,0,1,1
184704568,服饰鞋履,666666,potato:,未知,2025/4/13 0:18,没事好好休息啊,0,0,0,0
184704568,服饰鞋履,666666,吃太慢:,未知,2025/4/13 0:18,发券吗,1,1,1,1
184704568,服饰鞋履,666666,小土妮儿:,未知,2025/4/13 0:18,头发都播油了哈哈,0,0,0,0
184704568,服饰鞋履,666666,看美女的号:,未知,2025/4/13 0:18,非洲动物可以补m码吗非洲动物可以补m码吗非洲动物可以补m码吗,1,1,1,1
184704568,服饰鞋履,666666,哈比比:,未知,2025/4/13 0:18,下次什么时候哈哈哈,0,0,0,0
184704568,服饰鞋履,666666,土豆脑袋:,未知,2025/4/13 0:18,78没抽,0,0,1,0
184704568,服饰鞋履,666666,hahaxxh:,未知,2025/4/13 0:18,Ko老师同框一下,0,0,0,0
184704568,服饰鞋履,666666,Pack jaeHyun:,未知,2025/4/13 0:18,ko老师一出来就红温,0,0,0,0
184704568,服饰鞋履,666666,五坨坨:,未知,2025/4/13 0:18,今天还有券不,1,1,1,1
184704568,服饰鞋履,666666,吗喽（默认版）:,未知,2025/4/13 0:18,没看到抽奖福袋,0,0,0,0
184704568,服饰鞋履,666666,去我的收藏夹里吃灰吧:,未知,2025/4/13 0:18,几点下哇宝宝,0,0,1,0
184704568,服饰鞋履,666666,小月月:,未知,2025/4/13 0:18,3号鞋还上吗,1,1,1,1
184704568,服饰鞋履,666666,不爱吃饭:,未知,2025/4/13 0:18,ko老师要出镜吗,0,0,0,0
184704568,服饰鞋履,666666,粥粥:,未知,2025/4/13 0:18,好辛苦,0,0,0,0
184704568,服饰鞋履,666666,阿阿阿阿訂:,未知,2025/4/13 0:18,包包包推荐哪个颜色,1,1,1,1
184704568,服饰鞋履,666666,吃一口:,未知,2025/4/13 0:18,好喜欢这个包包,1,1,1,1
184704568,服饰鞋履,666666,想买巧克力:,未知,2025/4/13 0:18,泡泡玛特今天会抽吗,1,1,1,1
184704568,服饰鞋履,666666,Q晴晴子:,未知,2025/4/13 0:18,"妮儿播一天了,辛苦辣",0,0,0,0
184704568,服饰鞋履,666666,唔发威当我系kitty:,未知,2025/4/13 0:18,这个包包的福袋,1,0,0,0
184704568,服饰鞋履,666666,:,未知,2025/4/13 0:18,再抽一下urban可以吗!,0,0,0,0
184704568,服饰鞋履,666666,goodbai:,未知,2025/4/13 0:18,141号没有抽半价,0,0,1,0
184704568,服饰鞋履,666666,发财少女妮:,未知,2025/4/13 0:18,扣老师出来吧,0,0,0,0
184704568,服饰鞋履,666666,不爱吃饭:,未知,2025/4/13 0:18,想看和ko老师同框,0,0,0,0
184704568,服饰鞋履,666666,肚肚不困:,未知,2025/4/13 0:18,宝宝你是一个小仓鼠,0,0,0,0
184704568,服饰鞋履,666666,是俊秀呀_:,未知,2025/4/13 0:18,困死我了,0,0,0,0
184704568,服饰鞋履,666666,不啾:,未知,2025/4/13 0:19,宝宝再发点券,1,1,1,1
184704568,服饰鞋履,666666,发呆一小时:,未知,2025/4/13 0:19,看过!,0,0,0,0
184704568,服饰鞋履,666666,hahaxxh:,未知,2025/4/13 0:19,Ko老师同框一下哈,0,0,0,0
184704568,服饰鞋履,666666,猫头Cynthia:,未知,2025/4/13 0:19,ko老师入境,0,0,0,0
184704568,服饰鞋履,666666,Yiiunngy_:,未知,2025/4/13 0:19,同框!,0,0,0,0
184704568,服饰鞋履,666666,potato:,未知,2025/4/13 0:19,同框一下,0,1,0,0
184704568,服饰鞋履,666666,耶耶:,未知,2025/4/13 0:19,下场直播什么时候下场直播什么时候,0,0,0,0
184704568,服饰鞋履,666666,daidai:,未知,2025/4/13 0:19,Ko老师入镜,0,0,1,0
184704568,服饰鞋履,666666,橘子苹果梨:,未知,2025/4/13 0:19,苹果可以苹果可以试一下非洲动物裙吗?,1,1,1,1
184704568,服饰鞋履,666666,小耳朵.:,未知,2025/4/13 0:19,"167,100mardi短袖什么码",1,1,1,1
184704568,服饰鞋履,666666,一随一:,未知,2025/4/13 0:19,36!,0,1,1,1
184704568,服饰鞋履,666666,daidai:,未知,2025/4/13 0:19,太般配了,0,0,0,0
184704568,服饰鞋履,666666,土豆脑袋:,未知,2025/4/13 0:19,还有抽奖吗,0,0,0,0
184704568,服饰鞋履,666666,momo:,未知,2025/4/13 0:19,没看到有抽奖的福袋呢,0,0,0,0
184704568,服饰鞋履,666666,汤圆呼呼^:,未知,2025/4/13 0:19,郎才女貌～～～～,0,0,0,0
184704568,服饰鞋履,666666,揪小羊尾巴_o:,未知,2025/4/13 0:19,养眼很配,0,0,1,0
184704568,服饰鞋履,666666,发呆一小时:,未知,2025/4/13 0:19,帅男靓女,0,0,0,0
184704568,服饰鞋履,666666,啊阿然:,未知,2025/4/13 0:19,金童玉女!!!!!!,0,0,0,0
184704568,服饰鞋履,666666,em:,未知,2025/4/13 0:19,wow,0,0,0,0
184704568,服饰鞋履,666666,宽粉脑袋:,未知,2025/4/13 0:19,好靓的cp,0,0,0,0
184704568,服饰鞋履,666666,Lisianthus:,未知,2025/4/13 0:19,好喜欢,0,1,0,0
184704568,服饰鞋履,666666,橘子苹果梨:,未知,2025/4/13 0:19,豹豹猫猫,0,0,0,0
184704568,服饰鞋履,666666,Evelynee_:,未知,2025/4/13 0:19,好般配!,0,0,0,0
184704568,服饰鞋履,666666,minsamkei8:,未知,2025/4/13 0:19,笑晕了哈哈哈哈哈哈,0,0,0,0
184704568,服饰鞋履,666666,nehsiac:,未知,2025/4/13 0:19,好看般配,0,1,0,0
184704568,服饰鞋履,666666,jwoo:,未知,2025/4/13 0:19,金童玉女!,0,0,0,0
184704568,服饰鞋履,666666,别别再吃了:,未知,2025/4/13 0:19,人机安宰贤,0,0,0,0
184704568,服饰鞋履,666666,potato:,未知,2025/4/13 0:19,太甜了,0,0,0,0
184704568,服饰鞋履,666666,汤圆呼呼^:,未知,2025/4/13 0:19,ko老师：畏畏缩缩,0,0,0,0
184704568,服饰鞋履,666666,橘子苹果梨:,未知,2025/4/13 0:19,老师好帅,0,0,0,0
184704568,服饰鞋履,666666,黄木林瑶:,未知,2025/4/13 0:19,好般配,0,0,0,0
184704568,服饰鞋履,666666,:,未知,2025/4/13 0:19,ko老师的穿搭也是很好看的!,0,0,0,0
184704568,服饰鞋履,666666,potato:,未知,2025/4/13 0:19,好般配啊,0,0,0,0
184704568,服饰鞋履,666666,jwoo:,未知,2025/4/13 0:19,金童玉女,0,0,0,0
184704568,服饰鞋履,666666,抹茶冰淇淋:,未知,2025/4/13 0:20,两口子!,0,0,0,0
184704568,服饰鞋履,666666,上野公园的少年:,未知,2025/4/13 0:20,结婚结婚,0,0,0,0
184704568,服饰鞋履,666666,菀辛Ryu:,未知,2025/4/13 0:20,要宣布喜讯了?,0,0,0,0
184704568,服饰鞋履,666666,小仙爱喝牛奶:,未知,2025/4/13 0:20,好配啊,0,0,1,0
184704568,服饰鞋履,666666,yyyyy:,未知,2025/4/13 0:20,我的天才发现nia在旁边这么小一只哈哈哈哈,0,0,0,0
184704568,服饰鞋履,666666,世界是一坨大便:,未知,2025/4/13 0:20,很般配,0,0,0,0
184704568,服饰鞋履,666666,抹茶冰淇淋:,未知,2025/4/13 0:20,来控制!,0,0,0,0
184704568,服饰鞋履,666666,摩羯甜心:,未知,2025/4/13 0:20,全网唯一同意的异性恋,0,0,0,0
184704568,服饰鞋履,666666,蛙蛙三:,未知,2025/4/13 0:20,渴死我了,0,0,0,0
184704568,服饰鞋履,666666,Lyaowenwen:,未知,2025/4/13 0:20,可以试一下74吗,1,1,1,1
184704568,服饰鞋履,666666,嗯嗯:,未知,2025/4/13 0:20,太配惹,0,0,0,0
184704568,服饰鞋履,666666,珍妮min:,未知,2025/4/13 0:20,啊啊啊好喜欢看你俩好磕,0,0,0,0
184704568,服饰鞋履,666666,怀于:,未知,2025/4/13 0:20,救命看见你俩就嘴角上扬,0,0,0,0
184704568,服饰鞋履,666666,拾橘子的女孩:,未知,2025/4/13 0:20,天齁我,0,0,0,0
184704568,服饰鞋履,666666,Mynie没烦恼:,未知,2025/4/13 0:20,我觉得特别像苦尽甘来遇见你!!!,0,0,0,0
184704568,服饰鞋履,666666,黄油小安:,未知,2025/4/13 0:20,金童玉女!!!金童玉女!!!金童玉女!!!,0,0,0,0
184704568,服饰鞋履,666666,芝士芋泥妮:,未知,2025/4/13 0:20,ok老师好人机,0,0,0,0
184704568,服饰鞋履,666666,FOCUS栖夏:,未知,2025/4/13 0:20,126126三角杯内衣的粉色,1,1,1,1
184704568,服饰鞋履,666666,嗯嗯:,未知,2025/4/13 0:20,好可爱,0,0,0,0
184704568,服饰鞋履,666666,春天吃草莓夏天吃西瓜:,未知,2025/4/13 0:20,哈哈哈哈好好玩,0,0,0,0
184704568,服饰鞋履,666666,霓虹小蛋:,未知,2025/4/13 0:20,@小美在发呆s,0,0,0,0
184704568,服饰鞋履,666666,Lyaowenwen:,未知,2025/4/13 0:20,可以试下74,1,1,1,1
184704568,服饰鞋履,666666,ie:,未知,2025/4/13 0:20,苹果能不能试一下非洲动物裙,1,1,1,1
184704568,服饰鞋履,666666,YuuFeii-:,未知,2025/4/13 0:20,这个包很好看,1,1,1,1
184704568,服饰鞋履,666666,发财小璇子:,未知,2025/4/13 0:20,好好看,1,1,1,1
184704568,服饰鞋履,666666,摆摆日记:,未知,2025/4/13 0:20,扣老师刚刚好像小宝老师哈哈哈,0,0,0,0
184704568,服饰鞋履,666666,橘子苹果梨:,未知,2025/4/13 0:20,苹果可以试一下非洲动物裙吗??苹果,1,1,1,1
184704568,服饰鞋履,666666,春天吃草莓夏天吃西瓜:,未知,2025/4/13 0:20,好想和nia做朋友,0,0,0,0
184704568,服饰鞋履,666666,鱼:,未知,2025/4/13 0:20,141印花防晒衫抽了吗,1,0,0,0
184704568,服饰鞋履,666666,嘻嘻嘻嘻哈:,未知,2025/4/13 0:20,苹果套一下衬衫,1,1,1,1
184704568,服饰鞋履,666666,jwoo:,未知,2025/4/13 0:20,小苹果身上的包包你买的啥颜色呀?,1,1,1,1
184704568,服饰鞋履,666666,yy5yy:,未知,2025/4/13 0:20,想看想看12号!!!,1,1,1,1
184704568,服饰鞋履,666666,LeonardoD:,未知,2025/4/13 0:20,Nia能不能形象管理,0,0,1,0
184704568,服饰鞋履,666666,bkjjduy:,未知,2025/4/13 0:20,想看豹纹中裤,1,1,1,1
184704568,服饰鞋履,666666,Lyaowenwen:,未知,2025/4/13 0:20,可以试下74吗,1,1,1,1
184704568,服饰鞋履,666666,想买巧克力:,未知,2025/4/13 0:21,泡泡玛特要来了吗!!,1,1,1,1
184704568,服饰鞋履,666666,Mynie没烦恼:,未知,2025/4/13 0:21,好像真的像!,0,0,0,0
184704568,服饰鞋履,666666,天真真真真:,未知,2025/4/13 0:21,2号怎么选,1,1,1,1
184704568,服饰鞋履,666666,jwoo:,未知,2025/4/13 0:21,水果爱包包等一天了宝宝,1,0,1,1
184704568,服饰鞋履,666666,橘子苹果梨:,未知,2025/4/13 0:21,苹果可以试一下非洲动物裙吗?,1,1,1,1
184704568,服饰鞋履,666666,yy5yy:,未知,2025/4/13 0:21,想看12号,1,1,1,1
184704568,服饰鞋履,666666,Lyaowenwen:,未知,2025/4/13 0:21,非洲裙子,1,1,1,1
184704568,服饰鞋履,666666,Xx:,未知,2025/4/13 0:21,omg怎么还在直播,0,0,0,0
184704568,服饰鞋履,666666,天真真真真:,未知,2025/4/13 0:21,15894斤,1,0,0,0
184704568,服饰鞋履,666666,吃得胖啊!:,未知,2025/4/13 0:21,项链哪个链接呀,1,1,1,1
184704568,服饰鞋履,666666,buhuizuifande.tomato:,未知,2025/4/13 0:21,抽一下中裤吧,1,1,1,1
184704568,服饰鞋履,666666,momo:,未知,2025/4/13 0:21,还有优惠券吗,1,1,1,1
184704568,服饰鞋履,666666,抱歉三明治:,未知,2025/4/13 0:21,抽2号裙子抽2号裙子抽2号裙子抽2号裙子抽2号裙子抽2号裙子抽2号裙子抽2号裙子,1,1,1,1
184704568,服饰鞋履,666666,-Pia-:,未知,2025/4/13 0:21,10号有抽嘛?,1,1,1,1
184704568,服饰鞋履,666666,必须睡满12个小时:,未知,2025/4/13 0:21,想再看看拉夫劳伦帽子,1,1,1,1
184704568,服饰鞋履,666666,LulU:,未知,2025/4/13 0:21,还可以发一张券吗,1,1,1,1
184704568,服饰鞋履,666666,potato:,未知,2025/4/13 0:21,还有福袋吗,0,0,0,0
184704568,服饰鞋履,666666,少喝奶茶多睡觉:,未知,2025/4/13 0:21,想知道nia名字哈哈,0,0,0,0
184704568,服饰鞋履,666666,吃得胖啊!:,未知,2025/4/13 0:21,nia项链哪个链接,1,1,1,1
184704568,服饰鞋履,666666,小葵花:,未知,2025/4/13 0:21,Mardi短袖再看一下可以吗情侣穿推荐两个人穿同一个颜色还是一个穿红一个穿绿色吧,1,1,1,1
184704568,服饰鞋履,666666,FOCUS栖夏:,未知,2025/4/13 0:21,126126三角杯内衣,1,1,1,1
184704568,服饰鞋履,666666,春天吃草莓夏天吃西瓜:,未知,2025/4/13 0:21,小苹果的鞋是棕色的吗,1,1,1,1
184704568,服饰鞋履,666666,香到了:,未知,2025/4/13 0:21,抽个裤子嘛,1,0,0,0
184704568,服饰鞋履,666666,daidai:,未知,2025/4/13 0:21,还有券吗宝宝们!,1,1,1,1
184704568,服饰鞋履,666666,用户0427:,未知,2025/4/13 0:21,小苹果的小红书是什么呀,0,0,1,0
184704568,服饰鞋履,666666,momo:,未知,2025/4/13 0:21,还有券吗,1,1,1,1
184704568,服饰鞋履,666666,该用户很甜:,未知,2025/4/13 0:21,170/100穿什么码呀这个橙色衬衫,1,1,1,1
184704568,服饰鞋履,666666,Lyaowenwen:,未知,2025/4/13 0:21,非洲群,0,0,0,0
184704568,服饰鞋履,666666,唔发威当我系kitty:,未知,2025/4/13 0:21,水果爱的包可以再抽半价吗,1,1,1,1
184704568,服饰鞋履,666666,减肥好难:,未知,2025/4/13 0:21,几点结束啊,0,0,0,0
184704568,服饰鞋履,666666,春天吃草莓夏天吃西瓜:,未知,2025/4/13 0:21,小苹果的鞋是棕色四厘米吗,1,1,1,1
184704568,服饰鞋履,666666,揪小羊尾巴_o:,未知,2025/4/13 0:21,苹果站远一点看看一套,1,1,1,1
184704568,服饰鞋履,666666,Seuchiii:,未知,2025/4/13 0:21,太厉害了!播到现在,0,0,0,0
184704568,服饰鞋履,666666,LulU:,未知,2025/4/13 0:21,还可以一次券吗,0,1,1,1
184704568,服饰鞋履,666666,potato:,未知,2025/4/13 0:21,没有福袋呀,0,0,0,0
184704568,服饰鞋履,666666,Abby:,未知,2025/4/13 0:21,我有这个诶,0,0,1,0
184704568,服饰鞋履,666666,AJING:,未知,2025/4/13 0:22,连衣裙还丑嘛,1,0,0,0
184704568,服饰鞋履,666666,速速发财:,未知,2025/4/13 0:22,goodbai还能补吗,1,1,1,1
184704568,服饰鞋履,666666,桃子:,未知,2025/4/13 0:22,小苹果上身的什么码,1,1,1,1
184704568,服饰鞋履,666666,ber有只小狗:,未知,2025/4/13 0:22,买了小鹿牛仔裤支持nia宝!vlog观看税,1,0,0,0
184704568,服饰鞋履,666666,爱吃桃的颜文字:,未知,2025/4/13 0:22,穿的内搭是啥,1,1,1,1
184704568,服饰鞋履,666666,芝士芋泥妮:,未知,2025/4/13 0:22,还有抽奖吗!,0,0,0,0
184704568,服饰鞋履,666666,goodbai:,未知,2025/4/13 0:22,141号没有抽半价,1,0,0,0
184704568,服饰鞋履,666666,霓虹小蛋:,未知,2025/4/13 0:22,@-Pia-宝宝看下回放,0,0,0,0
184704568,服饰鞋履,666666,可爱不是五岁:,未知,2025/4/13 0:22,还抽奖吗在等什么,0,0,0,0
184704568,服饰鞋履,666666,呀米呀米:,未知,2025/4/13 0:22,小苹果的id是什么呀,0,0,1,0
184704568,服饰鞋履,666666,用户0427:,未知,2025/4/13 0:22,小苹果的小红书是什么呀?,0,0,1,0
184704568,服饰鞋履,666666,颗颗:,未知,2025/4/13 0:22,小苹果的小红书是什么啊,0,0,1,0
184704568,服饰鞋履,666666,吗喽（默认版）:,未知,2025/4/13 0:22,没看到福袋啊,0,1,0,0
184704568,服饰鞋履,666666,Lyaowenwen:,未知,2025/4/13 0:22,非洲裙子,1,1,1,1
184704568,服饰鞋履,666666,Noha:,未知,2025/4/13 0:22,帽子白色可以补一下吗,1,1,1,1
184704568,服饰鞋履,666666,LulU:,未知,2025/4/13 0:22,还可以一次券吗^_^,0,1,1,1
184704568,服饰鞋履,666666,XYying:,未知,2025/4/13 0:22,nia车银优的短袖自留了什么颜色啊,1,1,1,1
184704568,服饰鞋履,666666,XYying:,未知,2025/4/13 0:22,nia车银优t恤自留了什么颜色哇,1,1,1,1
184704568,服饰鞋履,666666,-Cccyl-:,未知,2025/4/13 0:22,nianianiania美女,0,0,1,0
184704568,服饰鞋履,666666,1:,未知,2025/4/13 0:22,宝宝衬衫好看吗,1,1,1,1
184704568,服饰鞋履,666666,呀米呀米:,未知,2025/4/13 0:22,小苹果ID,0,0,1,0
184704568,服饰鞋履,666666,nidblue:,未知,2025/4/13 0:22,68还抽吗,1,1,1,1
184704568,服饰鞋履,666666,小古牧fairy:,未知,2025/4/13 0:22,另一个主播身上的在几电,1,1,1,1
184704568,服饰鞋履,666666,吃一口:,未知,2025/4/13 0:23,还有券吗,0,1,1,1
184704568,服饰鞋履,666666,buhuizuifande.tomato:,未知,2025/4/13 0:23,现在还有抽奖吗,1,0,0,0
184704568,服饰鞋履,666666,桃子:,未知,2025/4/13 0:23,小苹果穿的什么码,0,1,0,0
184704568,服饰鞋履,666666,颗颗:,未知,2025/4/13 0:23,小苹果的红薯名,0,0,1,0
184704568,服饰鞋履,666666,Lyaowenwen:,未知,2025/4/13 0:23,看不到吗,0,0,0,0
184704568,服饰鞋履,666666,YuuFeii-:,未知,2025/4/13 0:23,小苹果多大,0,1,0,0
184704568,服饰鞋履,666666,有一个蛋:,未知,2025/4/13 0:23,Nia,0,0,0,0
184704568,服饰鞋履,666666,南方举重的果冻:,未知,2025/4/13 0:23,奶油发夹,1,1,1,1
184704568,服饰鞋履,666666,想买巧克力:,未知,2025/4/13 0:23,泡泡玛特要抽了吗,1,1,1,1
184704568,服饰鞋履,666666,:,未知,2025/4/13 0:23,什么时候再抽奖,1,0,0,0
184704568,服饰鞋履,666666,Lyaowenwen:,未知,2025/4/13 0:23,看得到吗吗,0,0,0,0
184704568,服饰鞋履,666666,33.:,未知,2025/4/13 0:23,泡泡玛特,0,1,1,1
184704568,服饰鞋履,666666,..:,未知,2025/4/13 0:23,泡泡玛特什么时候抽,1,1,1,1
184704568,服饰鞋履,666666,慢慢慢慢:,未知,2025/4/13 0:23,这个杯子有链接吗,1,1,1,1
184704568,服饰鞋履,666666,橘子苹果梨:,未知,2025/4/13 0:23,苹果可以试一下非洲动物裙吗?!!!苹果苹果苹果苹果苹果,1,1,1,1
184704568,服饰鞋履,666666,potato:,未知,2025/4/13 0:23,小苹果好适合这一套,0,1,1,1
184704568,服饰鞋履,666666,nehsiac:,未知,2025/4/13 0:23,上衣没有l码了,1,1,1,1
184704568,服饰鞋履,666666,Lyaowenwen:,未知,2025/4/13 0:23,手都打累了非洲裙子,1,1,1,1
184704568,服饰鞋履,666666,:,未知,2025/4/13 0:23,asmr,0,0,0,0
184704568,服饰鞋履,666666,春天吃草莓夏天吃西瓜:,未知,2025/4/13 0:23,要助眠了,0,0,0,0
184704568,服饰鞋履,666666,咕噜鸭～:,未知,2025/4/13 0:23,好好看,1,1,1,1
184704568,服饰鞋履,666666,摆摆日记:,未知,2025/4/13 0:23,睡着了,0,0,0,0
184704568,服饰鞋履,666666,ber有只小狗:,未知,2025/4/13 0:23,crowcanyon的,0,0,0,0
184704568,服饰鞋履,666666,哦～:,未知,2025/4/13 0:23,ASMR哈哈哈哈哈哈,0,0,0,0
184704568,服饰鞋履,666666,Lyaowenwen:,未知,2025/4/13 0:23,非洲裙,1,1,1,1
184704568,服饰鞋履,666666,糯米麻薯糕:,未知,2025/4/13 0:24,只认准nia886,0,0,1,0
184704568,服饰鞋履,666666,小红薯66691EEC:,未知,2025/4/13 0:24,来杯来杯,0,0,0,0
184704568,服饰鞋履,666666,YuuFeii-:,未知,2025/4/13 0:24,什么牌子啊,1,1,1,1
184704568,服饰鞋履,666666,今天想吃草莓尖尖:,未知,2025/4/13 0:25,爱你nia,0,0,0,0
184704568,服饰鞋履,666666,YuuFeii-:,未知,2025/4/13 0:25,什么牌子,1,1,1,1
184704568,服饰鞋履,666666,九点准备睡觉:,未知,2025/4/13 0:25,小苹果穿8号呢,1,1,1,1
184704568,服饰鞋履,666666,黄油饼干:,未知,2025/4/13 0:25,我想知道nia穿的什么颜色的内衣,1,0,0,0
184704568,服饰鞋履,666666,LulU:,未知,2025/4/13 0:25,还可以一次券吗,0,1,0,0
184704568,服饰鞋履,666666,Mynie没烦恼:,未知,2025/4/13 0:25,让我中中吧!,0,0,0,0
184704568,服饰鞋履,666666,照照不熬夜:,未知,2025/4/13 0:25,39号除了黑裤子还可以搭什么嘛,1,1,1,1
184704568,服饰鞋履,666666,考上了考上了:,未知,2025/4/13 0:25,这套格纹是几号呀,1,1,1,1
184704568,服饰鞋履,666666,鹅跟你讲:,未知,2025/4/13 0:25,@黄油饼干白色的宝,0,0,0,0
184704568,服饰鞋履,666666,面包超人R:,未知,2025/4/13 0:25,恭喜姐妹,0,0,0,0
184704568,服饰鞋履,666666,慢慢慢慢:,未知,2025/4/13 0:25,有链接吗,1,1,1,1
184704568,服饰鞋履,666666,鱼:,未知,2025/4/13 0:25,141印花防晒衫抽了吗,1,0,0,0
184704568,服饰鞋履,666666,Lyaowenwen:,未知,2025/4/13 0:25,非洲裙子,1,1,1,1
184704568,服饰鞋履,666666,不爱吃吐司:,未知,2025/4/13 0:25,会显胖吗这一套,1,1,1,1
184704568,服饰鞋履,666666,烦恼全5:,未知,2025/4/13 0:25,苹果8号8号8号8号8号,1,1,1,1
184704568,服饰鞋履,666666,oo Kitty:,未知,2025/4/13 0:25,141印花罩衫,1,1,1,1
184704568,服饰鞋履,666666,麻辣黄豆:,未知,2025/4/13 0:25,试一下90,1,1,1,1
184704568,服饰鞋履,666666,小葵花:,未知,2025/4/13 0:25,Mardi短袖再看一下可以吗情侣穿推荐两个人穿同一个颜色还是一个穿红一个穿绿色吧,1,1,1,1
184704568,服饰鞋履,666666,嘻嘻嘻嘻哈:,未知,2025/4/13 0:25,小苹果套一衬衫看看,1,1,1,1
184704568,服饰鞋履,666666,Nina:,未知,2025/4/13 0:25,还不下播吗,0,0,0,0
184704568,服饰鞋履,666666,jwoo:,未知,2025/4/13 0:25,恭喜恭喜,0,0,0,0
184704568,服饰鞋履,666666,咕噜鸭～:,未知,2025/4/13 0:25,哇啊啊,0,0,0,0
184704568,服饰鞋履,666666,Lyaowenwen:,未知,2025/4/13 0:25,非洲群,0,0,0,0
184704568,服饰鞋履,666666,西雅圖流浪女:,未知,2025/4/13 0:25,Nia內衣是甚麼顏色呀?,1,1,1,1
184704568,服饰鞋履,666666,r.:,未知,2025/4/13 0:25,还有劵吗,1,0,1,1
184704568,服饰鞋履,666666,Lyaowenwen:,未知,2025/4/13 0:25,非洲裙,1,1,1,1
184704568,服饰鞋履,666666,九点准备睡觉:,未知,2025/4/13 0:25,苹果8号8号8号,1,1,1,1
184704568,服饰鞋履,666666,虎虎崽:,未知,2025/4/13 0:25,小苹果你的mbti是什么,0,0,0,0
184704568,服饰鞋履,666666,SimpleStudio:,未知,2025/4/13 0:25,要坚持到最后!,0,0,0,0
184704568,服饰鞋履,666666,nehsiac:,未知,2025/4/13 0:25,格子套装不抽吗?,1,1,1,1
184704568,服饰鞋履,666666,:,未知,2025/4/13 0:25,还有几轮抽奖结束呀,0,0,0,0
184704568,服饰鞋履,666666,抹茶椰术家:,未知,2025/4/13 0:25,还有券吗,1,0,1,1
184704568,服饰鞋履,666666,橘子苹果梨:,未知,2025/4/13 0:26,好谢谢,0,0,0,0
184704568,服饰鞋履,666666,抹茶椰术家:,未知,2025/4/13 0:26,还可以加一次券嘛,1,1,1,1
184704568,服饰鞋履,666666,我还不饿:,未知,2025/4/13 0:26,55半价抽嘛,1,1,1,1
184704568,服饰鞋履,666666,薯中锦鲤:,未知,2025/4/13 0:26,包包有半价吗?,1,1,1,1
184704568,服饰鞋履,666666,去我的收藏夹里吃灰吧:,未知,2025/4/13 0:26,能不能抽crybaby,0,0,0,0
184704568,服饰鞋履,666666,南方举重的果冻:,未知,2025/4/13 0:26,奶油发夹,1,1,1,1
184704568,服饰鞋履,666666,九点准备睡觉:,未知,2025/4/13 0:26,苹果8号!!!!,1,1,1,1
184704568,服饰鞋履,666666,该用户很甜:,未知,2025/4/13 0:26,nia水果爱包包推荐哪个颜色呀,1,1,1,1
184704568,服饰鞋履,666666,小狗日记:,未知,2025/4/13 0:26,格纹套装在几号,1,1,1,1
184704568,服饰鞋履,666666,我的小猫 圆佑圆:,未知,2025/4/13 0:26,想看72号,1,1,1,1
184704568,服饰鞋履,666666,呆呆:,未知,2025/4/13 0:26,我想看一眼72号,1,1,1,1
184704568,服饰鞋履,666666,被盯上了:,未知,2025/4/13 0:26,67号尺码报一下回房里没有,1,1,1,1
184704568,服饰鞋履,666666,去我的收藏夹里吃灰吧:,未知,2025/4/13 0:26,能不能抽cb呀,1,1,1,1
184704568,服饰鞋履,666666,momo:,未知,2025/4/13 0:26,内衣推荐什么颜色呀～,1,1,1,1
184704568,服饰鞋履,666666,桃子:,未知,2025/4/13 0:26,小苹果什么码,1,1,1,1
184704568,服饰鞋履,666666,哼哼:,未知,2025/4/13 0:26,八号半裙什么时候抽免单呀,0,1,0,0
184704568,服饰鞋履,666666,被盯上了:,未知,2025/4/13 0:26,67号尺码报一下,1,1,1,1
184704568,服饰鞋履,666666,黄木林瑶:,未知,2025/4/13 0:26,笑su了,0,0,0,0
184704568,服饰鞋履,666666,去我的收藏夹里吃灰吧:,未知,2025/4/13 0:26,什么时候抽crybaby,0,0,1,0
184704568,服饰鞋履,666666,Lyaowenwen:,未知,2025/4/13 0:26,求求了,0,0,0,0
184704568,服饰鞋履,666666,奶思吐咪提油:,未知,2025/4/13 0:26,哈哈哈哈哈啊哈哈,0,0,0,0
184704568,服饰鞋履,666666,Lyaowenwen:,未知,2025/4/13 0:26,求求了了,0,0,0,0
184704568,服饰鞋履,666666,小鸡不柴:,未知,2025/4/13 0:26,笑晕了小武艺,0,0,0,0
184704568,服饰鞋履,666666,Lyaowenwen:,未知,2025/4/13 0:26,非洲裙子求求了,1,1,1,1
184704568,服饰鞋履,666666,第一人称单数O..o:,未知,2025/4/13 0:27,还可以再加点券吗,0,1,1,1
184704568,服饰鞋履,666666,去我的收藏夹里吃灰吧:,未知,2025/4/13 0:27,可以抽crybaby吗,1,0,0,0
184704568,服饰鞋履,666666,我想吃螺蛳粉！:,未知,2025/4/13 0:27,哇塞好萌,0,1,0,0
184704568,服饰鞋履,666666,放风人:,未知,2025/4/13 0:27,衬衣没券了,1,1,1,1
184704568,服饰鞋履,666666,去我的收藏夹里吃灰吧:,未知,2025/4/13 0:27,crybaby可以抽吗,1,0,0,0
184704568,服饰鞋履,666666,别管我:,未知,2025/4/13 0:27,还在播????,0,0,0,0
184704568,服饰鞋履,666666,毛利小美:,未知,2025/4/13 0:27,衬衫nia穿的是多大码的呀,1,1,1,1
184704568,服饰鞋履,666666,系个蝴蝶婕:,未知,2025/4/13 0:27,谢谢nia抽中了杯子,0,0,0,0
184704568,服饰鞋履,666666,被盯上了:,未知,2025/4/13 0:27,67号尺码报一下回房里没有,1,1,1,1
184704568,服饰鞋履,666666,清蒸魚bo:,未知,2025/4/13 0:27,衣服还有抽吗,1,1,1,1
184704568,服饰鞋履,666666,用户0427:,未知,2025/4/13 0:27,小苹果的小红书是什么呀?,0,0,1,0
184704568,服饰鞋履,666666,去我的收藏夹里吃灰吧:,未知,2025/4/13 0:27,可以抽crybaby嘛,0,0,0,0
184704568,服饰鞋履,666666,被盯上了:,未知,2025/4/13 0:27,67号尺码可以报一下吗,1,1,1,1
184704568,服饰鞋履,666666,就是victoria:,未知,2025/4/13 0:27,不用道歉,0,0,0,0
184704568,服饰鞋履,666666,Lyaowenwen:,未知,2025/4/13 0:27,非洲裙子,1,1,1,1
184704568,服饰鞋履,666666,就是victoria:,未知,2025/4/13 0:27,没有事儿,0,0,0,0
184704568,服饰鞋履,666666,5点半起不来:,未知,2025/4/13 0:27,坐坐派对哪个颜色最好看呀,1,1,1,1
184704568,服饰鞋履,666666,别管我叫啥哈哈:,未知,2025/4/13 0:27,格子抹胸会上吗,1,1,1,1
184704568,服饰鞋履,666666,haha是个幸运女孩呀:,未知,2025/4/13 0:27,太可爱了宝宝,0,0,0,0
184704568,服饰鞋履,666666,鱼:,未知,2025/4/13 0:27,141印花防晒衫抽了吗,1,0,0,0
184704568,服饰鞋履,666666,oo Kitty:,未知,2025/4/13 0:27,141印花罩衫宝宝,1,1,1,1
184704568,服饰鞋履,666666,nia886:,未知,2025/4/13 0:27,@LulU宝宝今天真的没券了呜呜,0,0,1,0
184704568,服饰鞋履,666666,goodbai:,未知,2025/4/13 0:27,什么时候下播呀,0,0,1,0
184704568,服饰鞋履,666666,馨崽:,未知,2025/4/13 0:28,想看黄色,1,0,1,1
184704568,服饰鞋履,666666,LulU:,未知,2025/4/13 0:28,我没听见不好意思,0,0,0,0
184704568,服饰鞋履,666666,嘻嘻嘻嘻哈:,未知,2025/4/13 0:28,苹果套衬衫看看,1,1,1,1
184704568,服饰鞋履,666666,被盯上了:,未知,2025/4/13 0:28,67号尺码报一下回放里没有,1,1,1,1
184704568,服饰鞋履,666666,apple:,未知,2025/4/13 0:28,50号什么时候抽免单,0,0,1,0
184704568,服饰鞋履,666666,momo:,未知,2025/4/13 0:28,内衣推荐什么色呀,1,1,1,1
184704568,服饰鞋履,666666,荔枝玫瑰:,未知,2025/4/13 0:28,2号抽了吗,1,1,1,1
184704568,服饰鞋履,666666,L x_:,未知,2025/4/13 0:28,5号连衣裙搭什么鞋呀,1,1,1,1
184704568,服饰鞋履,666666,SnoWflakee呀:,未知,2025/4/13 0:28,半点还有卷吗,1,1,1,1
184704568,服饰鞋履,666666,oo Kitty:,未知,2025/4/13 0:28,141印花罩衫,1,1,1,1
184704568,服饰鞋履,666666,Lyaowenwen:,未知,2025/4/13 0:28,非洲裙子加m吗,1,1,1,1
184704568,服饰鞋履,666666,SnoWflakee呀:,未知,2025/4/13 0:28,卷还有吗,1,0,1,1
184704568,服饰鞋履,666666,揪小羊尾巴_o:,未知,2025/4/13 0:28,苹果老师看看你穿的宅子这一套,1,0,0,0
184704568,服饰鞋履,666666,皆有利于我:,未知,2025/4/13 0:28,内衣推荐什么色,1,1,1,1
184704568,服饰鞋履,666666,Ty:,未知,2025/4/13 0:28,小苹果太可爱了,1,1,1,1
184704568,服饰鞋履,666666,霸气的暴龙兽:,未知,2025/4/13 0:28,可以让苹果穿橘子衬衫吗,1,1,1,1
184704568,服饰鞋履,666666,烦恼全5:,未知,2025/4/13 0:28,苹果8号8号8号8号8号,1,1,1,1
184704568,服饰鞋履,666666,SnoWflakee呀:,未知,2025/4/13 0:28,卷还有吗卷,1,1,1,1
184704568,服饰鞋履,666666,一一:,未知,2025/4/13 0:28,nia我买了2000的衣服,1,0,0,0
184704568,服饰鞋履,666666,AJING:,未知,2025/4/13 0:28,还抽几波,0,0,0,0
184704568,服饰鞋履,666666,jwoo:,未知,2025/4/13 0:28,2号还抽不宝宝,1,0,0,0
184704568,服饰鞋履,666666,幸运跳跳糖:,未知,2025/4/13 0:28,141不是抽半价吗,1,1,1,1
184704568,服饰鞋履,666666,呆呆:,未知,2025/4/13 0:28,我想看一眼72号,1,1,1,1
184704568,服饰鞋履,666666,Nina:,未知,2025/4/13 0:28,笑死了Nia,0,0,0,0
184704568,服饰鞋履,666666,慢慢慢慢:,未知,2025/4/13 0:28,苹果穿一下98好吗,1,1,1,1
184704568,服饰鞋履,666666,奶思吐咪提油:,未知,2025/4/13 0:28,这是在表演劲舞团吗,0,0,0,0
184704568,服饰鞋履,666666,lucky dog:,未知,2025/4/13 0:28,23号,1,1,1,1
184704568,服饰鞋履,666666,。:,未知,2025/4/13 0:28,小苹果拉夫买的什么颜色,1,1,1,1
184704568,服饰鞋履,666666,今天你吃了嘛:,未知,2025/4/13 0:28,137和138没有抽过免单吧nia宝宝,1,1,1,1
184704568,服饰鞋履,666666,·:,未知,2025/4/13 0:29,16094吊带格子穿什么码数宝儿,1,1,1,1
184704568,服饰鞋履,666666,不爱吃吐司:,未知,2025/4/13 0:29,会不会很胖显色,1,1,1,1
184704568,服饰鞋履,666666,小土妮儿:,未知,2025/4/13 0:29,妮子都播疯了,0,0,0,0
184704568,服饰鞋履,666666,兰仔elves:,未知,2025/4/13 0:29,拉夫卡其可以看看吗,1,1,1,1
184704568,服饰鞋履,666666,fancciy:,未知,2025/4/13 0:29,自贡撒,0,0,0,0
184704568,服饰鞋履,666666,nehsiac:,未知,2025/4/13 0:29,远一点的看看,1,0,1,1
184704568,服饰鞋履,666666,陈二大可:,未知,2025/4/13 0:29,"主宝眼睛都红了,好辛苦",0,0,0,0
184704568,服饰鞋履,666666,小立睡不醒:,未知,2025/4/13 0:29,富顺豆花,1,1,1,1
184704568,服饰鞋履,666666,香味下线了:,未知,2025/4/13 0:29,富顺荤豆花,1,1,1,1
184704568,服饰鞋履,666666,怀于:,未知,2025/4/13 0:29,我我我是沿滩区的,0,0,0,0
184704568,服饰鞋履,666666,吃一口:,未知,2025/4/13 0:29,来看灯会,0,0,0,0
184704568,服饰鞋履,666666,bkjjduy:,未知,2025/4/13 0:29,小苹果是哪里人,0,0,0,0
184704568,服饰鞋履,666666,jwoo:,未知,2025/4/13 0:29,辛苦啦直播间所有宝宝们!,0,0,0,0
184704568,服饰鞋履,666666,eeee:,未知,2025/4/13 0:29,盐帮菜,0,0,0,0
184704568,服饰鞋履,666666,nehsiac:,未知,2025/4/13 0:29,苹果站远一点看看,1,0,1,1
184704568,服饰鞋履,666666,怀于:,未知,2025/4/13 0:29,我也在,0,0,0,0
184704568,服饰鞋履,666666,:,未知,2025/4/13 0:29,还在播呀,0,0,0,0
184704568,服饰鞋履,666666,吃一口:,未知,2025/4/13 0:29,51来看灯会,1,1,1,1
184704568,服饰鞋履,666666,11:,未知,2025/4/13 0:29,花卉短裙想看!!!!!!!!!!,1,1,1,1
184704568,服饰鞋履,666666,烦恼全5:,未知,2025/4/13 0:29,苹果8号8号8号8号8号,1,1,1,1
184704568,服饰鞋履,666666,吃一口:,未知,2025/4/13 0:30,快来看灯会,0,0,0,0
184704568,服饰鞋履,666666,啊澜:,未知,2025/4/13 0:30,107能穿吗,1,1,1,1
184704568,服饰鞋履,666666,哼哼:,未知,2025/4/13 0:30,8号什么时候抽呀,1,1,1,1
184704568,服饰鞋履,666666,时髦小鸡:,未知,2025/4/13 0:30,郭敬明,0,0,0,0
184704568,服饰鞋履,666666,小土妮儿:,未知,2025/4/13 0:30,宅子来啦,0,0,0,0
184704568,服饰鞋履,666666,猫奶奶:,未知,2025/4/13 0:30,从你高中关注到现在,0,0,0,0
184704568,服饰鞋履,666666,Niki（锦鲤不吃香菜版）:,未知,2025/4/13 0:30,笑死了哈哈哈哈哈,0,0,0,0
184704568,服饰鞋履,666666,11:,未知,2025/4/13 0:30,花卉短裙!!!!!!!!!,1,1,1,1
184704568,服饰鞋履,666666,小土妮儿:,未知,2025/4/13 0:30,宅子宅子,0,0,0,0
184704568,服饰鞋履,666666,想买巧克力:,未知,2025/4/13 0:30,Labubu衣服有展示吗,1,1,1,1
184704568,服饰鞋履,666666,Yiiunngy_:,未知,2025/4/13 0:30,nia站起来了哈哈哈哈哈哈,0,0,0,0
184704568,服饰鞋履,666666,脸蛋圆圆（加圆版）:,未知,2025/4/13 0:30,54号可以补一下m嘛,1,1,1,1
184704568,服饰鞋履,666666,怀于:,未知,2025/4/13 0:30,自贡出美女,0,0,0,0
184704568,服饰鞋履,666666,橘子苹果梨:,未知,2025/4/13 0:30,非洲裙子没了,1,1,1,1
184704568,服饰鞋履,666666,11:,未知,2025/4/13 0:30,花卉短裙花卉短裙花卉短裙!!!!!!!!!,1,1,1,1
184704568,服饰鞋履,666666,111:,未知,2025/4/13 0:30,108讲一下吧,1,1,1,1
184704568,服饰鞋履,666666,Shmily小雪:,未知,2025/4/13 0:30,宝发券吗,1,0,1,1
184704568,服饰鞋履,666666,揪小羊尾巴_o:,未知,2025/4/13 0:30,混血可还行,0,0,0,0
184704568,服饰鞋履,666666,魏不饱:,未知,2025/4/13 0:30,42号链接可以看下吗,1,1,1,1
184704568,服饰鞋履,666666,nehsiac:,未知,2025/4/13 0:30,后退一点看看,0,1,1,1
184704568,服饰鞋履,666666,蒜了:,未知,2025/4/13 0:30,nia弟弟长什么样,0,0,0,0
184704568,服饰鞋履,666666,宸11:,未知,2025/4/13 0:30,求讲解107,1,1,1,1
184704568,服饰鞋履,666666,啦啦啦:,未知,2025/4/13 0:30,好可爱,0,1,0,0
184704568,服饰鞋履,666666,烦恼全5:,未知,2025/4/13 0:30,苹果8号8号8号8号8号,1,1,1,1
184704568,服饰鞋履,666666,Shmily小雪:,未知,2025/4/13 0:30,发券吗,1,1,1,1
184704568,服饰鞋履,666666,用户0430:,未知,2025/4/13 0:31,小苹果的小红书多少呀,1,1,1,1
184704568,服饰鞋履,666666,我的小猫 圆佑圆:,未知,2025/4/13 0:31,72号,1,1,1,1
184704568,服饰鞋履,666666,西雅圖流浪女:,未知,2025/4/13 0:31,褲子s碼可以補嘛,1,1,1,1
184704568,服饰鞋履,666666,aa:,未知,2025/4/13 0:31,券本来就不多还没有了,1,0,0,0
184704568,服饰鞋履,666666,略略大王:,未知,2025/4/13 0:31,身上是几号啊,1,1,1,1
184704568,服饰鞋履,666666,Colorful_:,未知,2025/4/13 0:31,好棒啊两个美女播这么久了,0,0,0,0
184704568,服饰鞋履,666666,Nina:,未知,2025/4/13 0:31,内衣穿的是哪个,1,1,1,1
184704568,服饰鞋履,666666,55:,未知,2025/4/13 0:31,8号抽吗,1,1,1,1
184704568,服饰鞋履,666666,Moeko:,未知,2025/4/13 0:31,第一次看妮娅的直播感觉妮娅真的好像申智哈哈,0,0,0,0
184704568,服饰鞋履,666666,辛巴大王:,未知,2025/4/13 0:31,45白色裤子看看nia,1,1,1,1
184704568,服饰鞋履,666666,apple:,未知,2025/4/13 0:31,50号什么时候抽免单,0,0,1,0
184704568,服饰鞋履,666666,啊澜:,未知,2025/4/13 0:31,107能穿一下吗,1,1,1,1
184704568,服饰鞋履,666666,anaui:,未知,2025/4/13 0:31,券有吗,1,0,1,1
184704568,服饰鞋履,666666,小立睡不醒:,未知,2025/4/13 0:31,单买的抽吗,0,0,1,0
184704568,服饰鞋履,666666,薯条梦女:,未知,2025/4/13 0:31,nia和小苹果都辛苦了,0,0,0,0
184704568,服饰鞋履,666666,嘻嘻嘻嘻哈:,未知,2025/4/13 0:31,小苹果套一下衬衫可以不,1,1,1,1
184704568,服饰鞋履,666666,aa:,未知,2025/4/13 0:31,发券吧,0,0,1,0
184704568,服饰鞋履,666666,睡到自然醒～:,未知,2025/4/13 0:31,小苹果玩互联网吗?,0,0,0,0
184704568,服饰鞋履,666666,啊澜:,未知,2025/4/13 0:31,107试一下呗,1,1,1,1
184704568,服饰鞋履,666666,十元爱元宝（财运亨通）:,未知,2025/4/13 0:31,92好像没抽啊,1,1,1,1
184704568,服饰鞋履,666666,今天你吃了嘛:,未知,2025/4/13 0:31,中中中中z,0,0,0,0
184704568,服饰鞋履,666666,YuuFeii-:,未知,2025/4/13 0:31,小苹果多大了,0,0,0,0
184704568,服饰鞋履,666666,怀于:,未知,2025/4/13 0:31,有哪一套穿去面试比较得体啊,1,1,1,1
184704568,服饰鞋履,666666,小狗日记:,未知,2025/4/13 0:32,格纹套装在几号,1,1,1,1
184704568,服饰鞋履,666666,_新亚小包包:,未知,2025/4/13 0:32,5号还抽吗,1,1,1,1
184704568,服饰鞋履,666666,摆摆日记:,未知,2025/4/13 0:32,introutro还抽不,0,0,0,0
184704568,服饰鞋履,666666,睡到自然醒～:,未知,2025/4/13 0:32,小苹果玩互联网不,0,0,0,0
184704568,服饰鞋履,666666,哼哼:,未知,2025/4/13 0:32,8号8号8号8号8号,1,1,1,1
184704568,服饰鞋履,666666,Moeko:,未知,2025/4/13 0:32,搞笑一家人真的很好看,0,0,0,0
184704568,服饰鞋履,666666,荔枝玫瑰:,未知,2025/4/13 0:32,2号抽了吗,1,1,1,1
184704568,服饰鞋履,666666,小立睡不醒:,未知,2025/4/13 0:32,套装单买的抽吗,0,1,0,0
184704568,服饰鞋履,666666,今天想吃草莓尖尖:,未知,2025/4/13 0:32,抽我抽我,0,0,0,0
184704568,服饰鞋履,666666,黄油饼干:,未知,2025/4/13 0:32,怎么不抽那个宅女同款重工包包,1,1,1,1
184704568,服饰鞋履,666666,考拉啦辣邋:,未知,2025/4/13 0:32,nia内搭那个链接呀,1,1,1,1
184704568,服饰鞋履,666666,（）:,未知,2025/4/13 0:32,想看114号!!,1,1,1,1
184704568,服饰鞋履,666666,颗颗:,未知,2025/4/13 0:32,小苹果的红薯,0,0,1,0
184704568,服饰鞋履,666666,Colorful_:,未知,2025/4/13 0:32,nia多久下播,0,0,1,0
184704568,服饰鞋履,666666,慢慢慢慢:,未知,2025/4/13 0:32,98苹果穿一下吗,1,1,1,1
184704568,服饰鞋履,666666,Moeko:,未知,2025/4/13 0:32,辛苦啦,0,0,0,0
184704568,服饰鞋履,666666,今天想吃草莓尖尖:,未知,2025/4/13 0:32,抽我吧抽我吧,0,0,0,0
184704568,服饰鞋履,666666,云朵:,未知,2025/4/13 0:32,还在播呢累不累呀宝,0,0,0,0
184704568,服饰鞋履,666666,大腕莱子:,未知,2025/4/13 0:32,刚刚那个杯子有链接吗,1,1,1,1
184704568,服饰鞋履,666666,Itsyuan:,未知,2025/4/13 0:32,还在播啊宝,0,0,0,0
184704568,服饰鞋履,666666,小立睡不醒:,未知,2025/4/13 0:32,不用带雨伞,0,0,1,0
184704568,服饰鞋履,666666,土豆脑袋:,未知,2025/4/13 0:32,60帽子抽吗,1,1,1,1
184704568,服饰鞋履,666666,粥:,未知,2025/4/13 0:32,内搭是啥,1,1,1,1
184704568,服饰鞋履,666666,咕噜鸭～:,未知,2025/4/13 0:32,是不带雨伞吧!,0,0,1,0
184704568,服饰鞋履,666666,grace:,未知,2025/4/13 0:32,已关注哈哈哈哈,0,0,0,0
184704568,服饰鞋履,666666,言一:,未知,2025/4/13 0:32,啊啊啊防晒衣好,1,1,1,1
184704568,服饰鞋履,666666,今天想吃草莓尖尖:,未知,2025/4/13 0:32,抽中我好吗,0,0,0,0
184704568,服饰鞋履,666666,被盯上了:,未知,2025/4/13 0:32,67号!,1,1,1,1
184704568,服饰鞋履,666666,睡到自然醒:,未知,2025/4/13 0:33,黑白adidas都试一下好嘛,1,1,1,1
184704568,服饰鞋履,666666,被盯上了:,未知,2025/4/13 0:33,67号尺码怎么选啊,1,1,1,1
184704568,服饰鞋履,666666,白日萌:,未知,2025/4/13 0:33,nia身上的内衣是奶黄色还是白色呀,1,1,1,1
184704568,服饰鞋履,666666,咕噜鸭～:,未知,2025/4/13 0:33,不带雨伞!,0,0,1,0
184704568,服饰鞋履,666666,黄油饼干:,未知,2025/4/13 0:33,50抽不抽免单啊,0,1,0,0
184704568,服饰鞋履,666666,YuuFeii-:,未知,2025/4/13 0:33,小苹果多大了,0,0,0,0
184704568,服饰鞋履,666666,aa:,未知,2025/4/13 0:33,发券吗,1,0,1,1
184704568,服饰鞋履,666666,今天想吃草莓尖尖:,未知,2025/4/13 0:33,我爱小红书,0,0,0,0
184704568,服饰鞋履,666666,nehsiac:,未知,2025/4/13 0:33,格子套装抽免单吗,0,1,0,0
184704568,服饰鞋履,666666,宽粉脑袋:,未知,2025/4/13 0:33,没券啦吗,1,0,1,1
184704568,服饰鞋履,666666,momo:,未知,2025/4/13 0:33,nia有人说你像刘容嘉吗!!!我第一次看到你就觉得像,0,0,0,0
184704568,服饰鞋履,666666,今天想吃草莓尖尖:,未知,2025/4/13 0:33,我爱小红那句,0,0,0,0
184704568,服饰鞋履,666666,嘻嘻嘻嘻哈:,未知,2025/4/13 0:33,小苹果套一下橘色衬衫可以不,1,1,1,1
184704568,服饰鞋履,666666,aa:,未知,2025/4/13 0:33,发券吗发券发券发券发券发券吗,1,1,1,1
184704568,服饰鞋履,666666,白日萌:,未知,2025/4/13 0:33,nia内衣是黄色还是白色呀,1,1,1,1
184704568,服饰鞋履,666666,Moeko:,未知,2025/4/13 0:33,辛苦啦,0,0,0,0
184704568,服饰鞋履,666666,被盯上了:,未知,2025/4/13 0:33,67号尺码怎么选,1,1,1,1
184704568,服饰鞋履,666666,睡到自然醒:,未知,2025/4/13 0:33,黑白adidas,1,0,1,1
184704568,服饰鞋履,666666,大腕莱子:,未知,2025/4/13 0:33,谢谢nia,0,0,0,0
184704568,服饰鞋履,666666,十元爱元宝（财运亨通）:,未知,2025/4/13 0:33,92号没抽啊,0,1,0,0
184704568,服饰鞋履,666666,YIII:,未知,2025/4/13 0:33,26号裤子还能补下吗,1,1,1,1
184704568,服饰鞋履,666666,必须睡满12个小时:,未知,2025/4/13 0:33,还发券吗?好多还没拍,1,0,1,1
184704568,服饰鞋履,666666,含含含:,未知,2025/4/13 0:33,爱我一次吧,0,0,0,0
184704568,服饰鞋履,666666,deungnimse^o^:,未知,2025/4/13 0:33,苹果穿得s码吗,1,1,1,1
184704568,服饰鞋履,666666,叽哩咕噜:,未知,2025/4/13 0:34,这次怎么没nbs抹胸,1,1,1,1
184704568,服饰鞋履,666666,momo:,未知,2025/4/13 0:34,天呐你没看过康熙!!!!,0,0,0,0
184704568,服饰鞋履,666666,+0:,未知,2025/4/13 0:34,始祖鸟有优惠卷吗,1,1,1,1
184704568,服饰鞋履,666666,慢慢慢慢:,未知,2025/4/13 0:34,苹果穿一下98,1,1,1,1
184704568,服饰鞋履,666666,十元爱元宝（财运亨通）:,未知,2025/4/13 0:34,92号有没有抽啊,1,1,1,1
184704568,服饰鞋履,666666,一只羊崽:,未知,2025/4/13 0:34,可以补水果爱黄色吗球球!!,1,0,0,0
184704568,服饰鞋履,666666,今天你吃了嘛:,未知,2025/4/13 0:34,nia宝宝你之后什么时候直播啊,0,0,0,0
184704568,服饰鞋履,666666,Arie:,未知,2025/4/13 0:34,141穿下吧,1,1,1,1
184704568,服饰鞋履,666666,一颗好白菜:,未知,2025/4/13 0:34,康熙来了去看,0,0,0,0
184704568,服饰鞋履,666666,光妹.:,未知,2025/4/13 0:34,黄立成以前的女朋友,0,0,0,0
184704568,服饰鞋履,666666,今天想吃草莓尖尖:,未知,2025/4/13 0:34,抽中我好吗,0,0,0,0
184704568,服饰鞋履,666666,Xiao庆庆:,未知,2025/4/13 0:34,台湾上过康熙来了的,0,0,0,0
184704568,服饰鞋履,666666,辛巴大王:,未知,2025/4/13 0:34,45454545454545454545白色,1,0,0,0
184704568,服饰鞋履,666666,今天想吃草莓尖尖:,未知,2025/4/13 0:34,小红书求你了,0,0,0,0
184704568,服饰鞋履,666666,momo:,未知,2025/4/13 0:34,黄立成的前女友!!!,0,0,0,0
184704568,服饰鞋履,666666,Na:,未知,2025/4/13 0:34,小苹果像麦麦,1,0,0,0
184704568,服饰鞋履,666666,YuuFeii-:,未知,2025/4/13 0:34,小苹果多大了,0,0,0,0
184704568,服饰鞋履,666666,Xiao庆庆:,未知,2025/4/13 0:34,黄立成的前女友,0,0,0,0
184704568,服饰鞋履,666666,今天想吃草莓尖尖:,未知,2025/4/13 0:34,小红书求你了真的真的,0,0,0,0
184704568,服饰鞋履,666666,今天想吃草莓尖尖:,未知,2025/4/13 0:34,我爱小红书,0,0,0,0
184704568,服饰鞋履,666666,揪小羊尾巴_o:,未知,2025/4/13 0:34,我关注你了苹果,0,0,0,0
184704568,服饰鞋履,666666,美人鱼:,未知,2025/4/13 0:34,里面的内搭背心是哪个呀niaaaaaaaaaaaaaaaaaaaaaaaaaaaa,1,1,1,1
184704568,服饰鞋履,666666,舒语:,未知,2025/4/13 0:34,小苹果账号叫什么呀,0,0,1,0
184704568,服饰鞋履,666666,今天想吃草莓尖尖:,未知,2025/4/13 0:34,求求了啊抽中我,0,0,0,0
184704568,服饰鞋履,666666,十元爱元宝（财运亨通）:,未知,2025/4/13 0:34,92号说要抽都没抽啊,1,0,0,0
184704568,服饰鞋履,666666,LI-SHNan:,未知,2025/4/13 0:34,杰妮T恤有链接吗,1,1,1,1
184704568,服饰鞋履,666666,陈飞飞:,未知,2025/4/13 0:34,小苹果好可爱,0,0,0,0
184704568,服饰鞋履,666666,今天你吃了嘛:,未知,2025/4/13 0:34,nia宝宝你之后什么时候还直播啊,0,0,0,0
184704568,服饰鞋履,666666,言一:,未知,2025/4/13 0:34,不用带雨伞,0,0,1,0
184704568,服饰鞋履,666666,今天想吃草莓尖尖:,未知,2025/4/13 0:34,求求抽中我,0,0,0,0
184704568,服饰鞋履,666666,小兔紫:,未知,2025/4/13 0:34,黄色包包没有了吗,1,1,1,1
184704568,服饰鞋履,666666,咕噜鸭～:,未知,2025/4/13 0:35,求ko老师的手机壳!!,1,1,1,1
184704568,服饰鞋履,666666,开心咕噜果:,未知,2025/4/13 0:35,nia粉色渔夫帽抽过了吗,1,1,1,1
184704568,服饰鞋履,666666,Jooyoce:,未知,2025/4/13 0:35,小苹果是03的吗,0,1,0,0
184704568,服饰鞋履,666666,揪小羊尾巴_o:,未知,2025/4/13 0:35,小苹果也是编导?,0,0,1,0
184704568,服饰鞋履,666666,白日萌:,未知,2025/4/13 0:35,nia内衣是奶黄色还是白色,1,1,1,1
184704568,服饰鞋履,666666,小兔紫:,未知,2025/4/13 0:35,黄色包包能补吗,1,1,1,1
184704568,服饰鞋履,666666,川岛猪子:,未知,2025/4/13 0:35,第一次下单好喜欢这个女孩nia,0,1,0,0
184704568,服饰鞋履,666666,今天想吃草莓尖尖:,未知,2025/4/13 0:35,小红书抽中我好吗,0,0,0,0
184704568,服饰鞋履,666666,小兔紫:,未知,2025/4/13 0:35,黄色包包还有吗,1,1,1,1
184704568,服饰鞋履,666666,Nuyoah_:,未知,2025/4/13 0:35,可以再穿穿61吗可以再穿穿61吗可以再穿穿61吗,1,1,1,1
184704568,服饰鞋履,666666,咕噜鸭～:,未知,2025/4/13 0:35,"nia,问问ko老师的手机壳!!",1,1,1,1
184704568,服饰鞋履,666666,橘子苹果梨:,未知,2025/4/13 0:35,Nia怎么面试你公司,0,0,0,0
184704568,服饰鞋履,666666,困困:,未知,2025/4/13 0:35,我丢还在播你辛苦了宝宝,0,0,0,0
184704568,服饰鞋履,666666,西雅圖流浪女:,未知,2025/4/13 0:35,Nia內衣是白色的嗎,1,1,1,1
184704568,服饰鞋履,666666,Mynie没烦恼:,未知,2025/4/13 0:35,已关注小苹果!,0,0,1,0
184704568,服饰鞋履,666666,今天想吃草莓尖尖:,未知,2025/4/13 0:35,小红书爱我一次好吗,0,0,0,0
184704568,服饰鞋履,666666,Nina:,未知,2025/4/13 0:35,内衣是哪款,1,1,1,1
184704568,服饰鞋履,666666,揪小羊尾巴_o:,未知,2025/4/13 0:35,哈哈哈什么公司走了那么多人,0,0,0,0
184704568,服饰鞋履,666666,Jooyoce:,未知,2025/4/13 0:35,再也见不到了,0,0,0,0
184704568,服饰鞋履,666666,小红薯67C23D27:,未知,2025/4/13 0:35,我是新人,0,0,0,0
184704568,服饰鞋履,666666,deungnimse^o^:,未知,2025/4/13 0:35,苹果是穿得s码吗,1,0,1,1
184704568,服饰鞋履,666666,我是锦鲤锦鲤附体:,未知,2025/4/13 0:35,拉夫劳伦的帽子推荐什么颜色,1,1,1,1
184704568,服饰鞋履,666666,烦恼全5:,未知,2025/4/13 0:35,小苹果可以试试8号8号8号8号8号吗,1,1,1,1
184704568,服饰鞋履,666666,吃一口:,未知,2025/4/13 0:36,水果爱包包可以返场吗,1,1,1,1
184704568,服饰鞋履,666666,。:,未知,2025/4/13 0:36,下雨不带伞吗小苹果,0,0,1,0
184704568,服饰鞋履,666666,小红薯66B7C4E2:,未知,2025/4/13 0:36,以前是什么工作,0,0,0,0
184704568,服饰鞋履,666666,Niki（锦鲤不吃香菜版）:,未知,2025/4/13 0:36,我要关注小苹果!,0,0,1,0
184704568,服饰鞋履,666666,Mynie没烦恼:,未知,2025/4/13 0:36,我觉得特别像苦尽甘来遇见你!!!,0,0,0,0
184704568,服饰鞋履,666666,言一:,未知,2025/4/13 0:36,小苹果好乖好喜欢,0,0,1,0
184704568,服饰鞋履,666666,Geuni:,未知,2025/4/13 0:36,小苹果账号是什么,0,0,1,0
184704568,服饰鞋履,666666,我的小猫 圆佑圆:,未知,2025/4/13 0:36,想看727272,1,1,1,1
184704568,服饰鞋履,666666,Mynie没烦恼:,未知,2025/4/13 0:36,Nia今天回复我两次了!开心!,0,0,0,0
184704568,服饰鞋履,666666,今天想吃草莓尖尖:,未知,2025/4/13 0:36,我爱你小红书,0,0,0,0
184704568,服饰鞋履,666666,cc666:,未知,2025/4/13 0:36,为什么离职呀,0,0,0,0
184704568,服饰鞋履,666666,鱼:,未知,2025/4/13 0:36,nia下次什么时候直播呀,0,0,0,0
184704568,服饰鞋履,666666,55:,未知,2025/4/13 0:36,小苹果id是啥,0,0,1,0
184704568,服饰鞋履,666666,虎虎崽:,未知,2025/4/13 0:36,小苹果学音乐的吗,0,0,1,0
184704568,服饰鞋履,666666,麵包魚:,未知,2025/4/13 0:36,我可以来就业吗,0,0,0,0
184704568,服饰鞋履,666666,Strangegirl是阿金:,未知,2025/4/13 0:36,小苹果的id,0,1,0,0
184704568,服饰鞋履,666666,YuuFeii-:,未知,2025/4/13 0:36,休闲鞋,1,1,1,1
184704568,服饰鞋履,666666,今天想吃草莓尖尖:,未知,2025/4/13 0:36,抽中我好吗小红书,0,0,0,0
184704568,服饰鞋履,666666,雯籽^ ^:,未知,2025/4/13 0:36,小苹果多拍,0,1,0,0
184704568,服饰鞋履,666666,YuuFeii-:,未知,2025/4/13 0:36,事实上,0,0,0,0
184704568,服饰鞋履,666666,55:,未知,2025/4/13 0:36,不打雨伞吗,0,0,1,0
184704568,服饰鞋履,666666,deungnimse^o^:,未知,2025/4/13 0:36,苹果穿得s码吗,1,1,1,1
184704568,服饰鞋履,666666,荔枝玫瑰:,未知,2025/4/13 0:36,还有没抽的吗,1,1,1,1
184704568,服饰鞋履,666666,QaQ:,未知,2025/4/13 0:36,松饼t还会返场吗,1,1,1,1
184704568,服饰鞋履,666666,今天想吃草莓尖尖:,未知,2025/4/13 0:36,抽中我好求求啦,0,0,0,0
184704568,服饰鞋履,666666,烦恼全5:,未知,2025/4/13 0:36,小苹果可以试试8号8号8号8号8号吗,1,1,1,1
184704568,服饰鞋履,666666,慢慢慢慢:,未知,2025/4/13 0:37,苹果穿一下98好吗,1,1,1,1
184704568,服饰鞋履,666666,55:,未知,2025/4/13 0:37,不爱打雨伞吗,0,0,0,0
184704568,服饰鞋履,666666,耶耶:,未知,2025/4/13 0:37,现在直播间幕后还缺人吗哈哈哈哈,0,0,0,0
184704568,服饰鞋履,666666,momo:,未知,2025/4/13 0:37,套装可以抽嘛,1,0,0,0
184704568,服饰鞋履,666666,kitty_02:,未知,2025/4/13 0:37,小苹果小红书是什么,1,0,0,0
184704568,服饰鞋履,666666,Ann:,未知,2025/4/13 0:37,7号价格好像不对呢,1,1,1,1
184704568,服饰鞋履,666666,黄油饼干:,未知,2025/4/13 0:37,我想看看50,1,1,1,1
184704568,服饰鞋履,666666,嘻嘻嘻嘻哈:,未知,2025/4/13 0:37,苹果套一下橘色衬衫可以不,1,1,1,1
184704568,服饰鞋履,666666,小杨yiyi:,未知,2025/4/13 0:37,衬衫在几号,1,1,1,1
184704568,服饰鞋履,666666,爆辣（减肥版）:,未知,2025/4/13 0:37,42号nia穿的乳贴吗,1,1,1,1
184704568,服饰鞋履,666666,Mynie没烦恼:,未知,2025/4/13 0:37,几点下播呀,0,0,1,0
184704568,服饰鞋履,666666,睡到自然醒～:,未知,2025/4/13 0:37,小苹果眼睛好红,0,0,1,0
184704568,服饰鞋履,666666,kitty_02:,未知,2025/4/13 0:37,小苹果账号,0,0,1,0
184704568,服饰鞋履,666666,黄油饼干:,未知,2025/4/13 0:37,小苹果,0,0,1,0
184704568,服饰鞋履,666666,hobbit:,未知,2025/4/13 0:37,可以看看戒指吗,1,1,1,1
184704568,服饰鞋履,666666,小鱼快游:,未知,2025/4/13 0:37,苹果好好看,0,0,1,0
184704568,服饰鞋履,666666,一只羊崽:,未知,2025/4/13 0:37,可以补水果爱黄色吗球球!!,1,0,0,0
184704568,服饰鞋履,666666,vv！:,未知,2025/4/13 0:37,看了一晚上终于中了个哈哈哈哈,0,0,0,0
184704568,服饰鞋履,666666,今天你吃了嘛:,未知,2025/4/13 0:37,moving套装抽奖!!,1,1,1,1
184704568,服饰鞋履,666666,Elk:,未知,2025/4/13 0:37,小苹果账号叫什么名字呀,0,0,1,0
184704568,服饰鞋履,666666,koni机蛙:,未知,2025/4/13 0:37,@咕噜鸭～是casetify的,0,0,0,0
184704568,服饰鞋履,666666,霓虹小蛋:,未知,2025/4/13 0:37,@一只羊崽现货补不了了,0,0,1,0
184704568,服饰鞋履,666666,小杨yiyi:,未知,2025/4/13 0:37,格子衬衫在几号?,1,1,1,1
184704568,服饰鞋履,666666,被盯上了:,未知,2025/4/13 0:37,67号尺码怎么拍啊,1,1,1,1
184704568,服饰鞋履,666666,小兔紫:,未知,2025/4/13 0:38,黄色包包还有吗,1,1,1,1
184704568,服饰鞋履,666666,吃一口:,未知,2025/4/13 0:38,水果爱包包可以返场吗,1,1,1,1
184704568,服饰鞋履,666666,一只羊崽:,未知,2025/4/13 0:38,预售补一点,1,1,1,1
184704568,服饰鞋履,666666,夏一个季节:,未知,2025/4/13 0:38,小苹果长的好像泡泡玛特,0,0,0,0
184704568,服饰鞋履,666666,南方举重的果冻:,未知,2025/4/13 0:38,想看奶油发夹,1,1,1,1
184704568,服饰鞋履,666666,快乐返程:,未知,2025/4/13 0:38,的小红书id是啥呀,0,0,0,0
184704568,服饰鞋履,666666,Ann:,未知,2025/4/13 0:38,7号价格是不是不对啊没有折扣吗,1,1,1,1
184704568,服饰鞋履,666666,Arie:,未知,2025/4/13 0:38,141穿下吧,1,1,1,1
184704568,服饰鞋履,666666,嘟:,未知,2025/4/13 0:38,80能加吗,1,1,1,1
184704568,服饰鞋履,666666,:,未知,2025/4/13 0:38,goodbai鞋子没有码数啦还上吗,1,1,1,1
184704568,服饰鞋履,666666,荔粉粉:,未知,2025/4/13 0:38,小妮儿播这么久,0,0,0,0
184704568,服饰鞋履,666666,55:,未知,2025/4/13 0:38,小苹果id是什么,0,0,1,0
184704568,服饰鞋履,666666,这只是一个僵尸粉:,未知,2025/4/13 0:38,"2号链接,身高172体重55公斤腰围72,穿多大啊",1,1,1,1
184704568,服饰鞋履,666666,没空狗仔:,未知,2025/4/13 0:38,这是几号衬衫,1,1,1,1
184704568,服饰鞋履,666666,Sugar 莉:,未知,2025/4/13 0:38,宝宝站久了脚不酸疼吗,0,0,0,0
184704568,服饰鞋履,666666,桃子:,未知,2025/4/13 0:38,Nia带一下帽子,1,1,1,1
184704568,服饰鞋履,666666,懒:,未知,2025/4/13 0:38,真的好累啊播了这么久,0,0,0,0
184704568,服饰鞋履,666666,yoa.Xing）:,未知,2025/4/13 0:38,我都困了卧槽,0,0,0,0
184704568,服饰鞋履,666666,少放点盐:,未知,2025/4/13 0:38,请问48抽半价了嘛?,1,1,1,1
184704568,服饰鞋履,666666,55:,未知,2025/4/13 0:38,小苹果id,0,0,1,0
184704568,服饰鞋履,666666,ie:,未知,2025/4/13 0:38,小苹果哪年的呀,0,1,0,0
184704568,服饰鞋履,666666,嘟:,未知,2025/4/13 0:38,8080808080能加吗,1,1,1,1
184704568,服饰鞋履,666666,xixi（励志发完存照版:,未知,2025/4/13 0:38,妈啊ni怎么还在播,0,0,0,0
184704568,服饰鞋履,666666,。。。:,未知,2025/4/13 0:38,水果爱,1,0,0,0
184704568,服饰鞋履,666666,开心咕噜果:,未知,2025/4/13 0:38,nia粉色渔夫帽还有抽奖吗nia粉色渔夫帽还有抽奖吗,1,1,1,1
184704568,服饰鞋履,666666,anaui:,未知,2025/4/13 0:38,还有券吗,1,0,0,0
184704568,服饰鞋履,666666,爆辣（减肥版）:,未知,2025/4/13 0:38,42号nia穿的乳贴吗,1,1,1,1
184704568,服饰鞋履,666666,QaQ:,未知,2025/4/13 0:38,119讲解一下呗,1,1,1,1
184704568,服饰鞋履,666666,美人鱼:,未知,2025/4/13 0:38,怒下n单,1,1,1,1
184704568,服饰鞋履,666666,aa:,未知,2025/4/13 0:38,还发券吗,1,1,1,1
184704568,服饰鞋履,666666,财源滚滚来:,未知,2025/4/13 0:38,小苹果账号,0,0,1,0
184704568,服饰鞋履,666666,:,未知,2025/4/13 0:38,goodbai的鞋子没有码数啦还补嘛,1,1,1,1
184704568,服饰鞋履,666666,豆丁别着急:,未知,2025/4/13 0:39,小苹果账号是什么呀姐妹们,0,0,1,0
184704568,服饰鞋履,666666,黄油饼干:,未知,2025/4/13 0:39,包包吧,1,0,1,1
184704568,服饰鞋履,666666,一只羊崽:,未知,2025/4/13 0:39,可以补水果爱黄色吗球球!!,1,0,0,0
184704568,服饰鞋履,666666,番茄小妹:,未知,2025/4/13 0:39,米娅今天是不是没洗头哈哈,0,0,0,0
184704568,服饰鞋履,666666,开心咕噜果:,未知,2025/4/13 0:39,nia粉色渔夫帽还有抽奖吗,1,1,1,1
184704568,服饰鞋履,666666,比卡丘:,未知,2025/4/13 0:39,可以总结一下今天什么卖的好抓紧做业绩,0,0,0,0
184704568,服饰鞋履,666666,西雅圖流浪女:,未知,2025/4/13 0:39,Nia內衣是白色的嗎,1,1,1,1
184704568,服饰鞋履,666666,金光福气小宝:,未知,2025/4/13 0:39,粉色渔夫帽!!,1,1,1,1
184704568,服饰鞋履,666666,发财小璇子:,未知,2025/4/13 0:39,宅女一直在,0,0,0,0
184704568,服饰鞋履,666666,舒语:,未知,2025/4/13 0:39,nia想看看烟灰色芥黄色墨镜对比,1,1,1,1
184704568,服饰鞋履,666666,黄油饼干:,未知,2025/4/13 0:39,小苹果50,1,1,1,1
184704568,服饰鞋履,666666,jill.:,未知,2025/4/13 0:39,小苹果好像宁宁,0,0,1,0
184704568,服饰鞋履,666666,爆辣（减肥版）:,未知,2025/4/13 0:39,试一下42号,1,1,1,1
184704568,服饰鞋履,666666,小立睡不醒:,未知,2025/4/13 0:39,宅子来了,0,0,0,0
184704568,服饰鞋履,666666,Ann:,未知,2025/4/13 0:39,7号价格是不是不对啊没有折扣吗,1,1,1,1
184704568,服饰鞋履,666666,J1Zhuang:,未知,2025/4/13 0:39,背一下水果爱黄色,1,0,1,1
184704568,服饰鞋履,666666,_i_i:,未知,2025/4/13 0:39,Jennie,0,0,0,0
184704568,服饰鞋履,666666,金光福气小宝:,未知,2025/4/13 0:39,粉色渔夫帽粉色渔夫帽!!,1,1,1,1
184704568,服饰鞋履,666666,麻辣黄豆:,未知,2025/4/13 0:39,想看90号上身!,1,1,1,1
184704568,服饰鞋履,666666,被盯上了:,未知,2025/4/13 0:39,67号尺码怎么选,1,1,1,1
184704568,服饰鞋履,666666,Mynie没烦恼:,未知,2025/4/13 0:39,Likejennie,0,0,0,0
184704568,服饰鞋履,666666,一只羊崽:,未知,2025/4/13 0:39,水果爱黄色补一点吧,1,0,1,1
184704568,服饰鞋履,666666,心愿便利贴:,未知,2025/4/13 0:39,怎么越来越high了,0,0,0,0
184704568,服饰鞋履,666666,grace:,未知,2025/4/13 0:39,记得发约会vlog哈哈哈哈,0,0,0,0
184704568,服饰鞋履,666666,我是锦鲤锦鲤附体:,未知,2025/4/13 0:39,拉夫劳伦白色百搭吗,1,1,1,1
184704568,服饰鞋履,666666,十元爱元宝（财运亨通）:,未知,2025/4/13 0:39,"92号还抽吗,都没抽呢",1,1,1,1
184704568,服饰鞋履,666666,小立睡不醒:,未知,2025/4/13 0:39,nia好有活力,0,0,0,0
184704568,服饰鞋履,666666,幸运:,未知,2025/4/13 0:39,好可爱哈哈哈哈,0,1,0,0
184704568,服饰鞋履,666666,weakness:,未知,2025/4/13 0:39,补点券宝宝蹲了一天一个券都没抢到,0,1,1,1
184704568,服饰鞋履,666666,揪小羊尾巴_o:,未知,2025/4/13 0:40,好high啊播到两点吧,0,0,0,0
184704568,服饰鞋履,666666,Kitty.:,未知,2025/4/13 0:40,苹果老师穿的是几号,1,1,1,1
184704568,服饰鞋履,666666,外太空咖啡21:,未知,2025/4/13 0:40,热带印花t正确价格是多少呀,1,1,1,1
184704568,服饰鞋履,666666,Mynie没烦恼:,未知,2025/4/13 0:40,我学过了一点点!跳jennie的歌即使是新手也会有自信!,0,0,0,0
184704568,服饰鞋履,666666,橘子苹果梨:,未知,2025/4/13 0:40,宅老师买了啥,1,1,1,1
184704568,服饰鞋履,666666,loppy女士:,未知,2025/4/13 0:40,这个衬衫显黄么,1,1,1,1
184704568,服饰鞋履,666666,吃一口:,未知,2025/4/13 0:40,水果爱包包黄色,1,1,1,1
184704568,服饰鞋履,666666,没头脑:,未知,2025/4/13 0:40,有运费险吗,0,0,1,0
184704568,服饰鞋履,666666,暗:,未知,2025/4/13 0:40,@发财宅女,0,0,0,0
184704568,服饰鞋履,666666,哦～:,未知,2025/4/13 0:40,宅来直播间怒买了嘛哈哈哈哈哈哈哈哈,0,0,1,0
184704568,服饰鞋履,666666,一只羊崽:,未知,2025/4/13 0:40,水果爱黄色球球!!,0,1,1,1
184704568,服饰鞋履,666666,金光福气小宝:,未知,2025/4/13 0:40,粉色渔夫帽啊啊啊啊啊,1,1,1,1
184704568,服饰鞋履,666666,一坨冰泡泡^:,未知,2025/4/13 0:40,小苹果老师可以再试一下那个introutro上衣格裙吗,1,1,1,1
184704568,服饰鞋履,666666,发财宅女:,未知,2025/4/13 0:40,我在洗澡,0,0,0,0
184704568,服饰鞋履,666666,比卡丘:,未知,2025/4/13 0:40,别聊了快总结下今天什么卖的好晚来的bb速购,1,1,1,1
184704568,服饰鞋履,666666,Mynie没烦恼:,未知,2025/4/13 0:40,Nia会不会去看bp的世巡!,0,0,0,0
184704568,服饰鞋履,666666,momo:,未知,2025/4/13 0:40,想看77号,1,1,1,1
184704568,服饰鞋履,666666,陈飞飞:,未知,2025/4/13 0:40,宅子看nia怎么还没下班哈哈哈哈,0,0,0,0
184704568,服饰鞋履,666666,发财宅女:,未知,2025/4/13 0:40,一边洗澡一边看,0,0,0,0
184704568,服饰鞋履,666666,嘟:,未知,2025/4/13 0:40,80在家下吧,1,1,1,1
184704568,服饰鞋履,666666,吃一口:,未知,2025/4/13 0:40,nia气血好足哈哈哈哈,0,0,0,0
184704568,服饰鞋履,666666,hobbit:,未知,2025/4/13 0:40,播到几点,0,0,0,0
184704568,服饰鞋履,666666,grace:,未知,2025/4/13 0:40,播到几点呀nia不舍得走,0,0,0,0
184704568,服饰鞋履,666666,暗:,未知,2025/4/13 0:40,宅老师洗澡也要看nia,0,0,0,0
184704568,服饰鞋履,666666,一只羊崽:,未知,2025/4/13 0:40,水果爱黄色补一点,1,0,1,1
184704568,服饰鞋履,666666,:,未知,2025/4/13 0:40,苹果的腮红是什么呀,1,1,1,1
184704568,服饰鞋履,666666,momo:,未知,2025/4/13 0:40,看看白色帽子,1,1,1,1
184704568,服饰鞋履,666666,Niki（锦鲤不吃香菜版）:,未知,2025/4/13 0:40,辛苦啦,0,0,0,0
184704568,服饰鞋履,666666,potato:,未知,2025/4/13 0:40,宅女么么哒,0,0,0,0
184704568,服饰鞋履,666666,黄木林瑶:,未知,2025/4/13 0:40,nia会去看bp演唱会吗,0,0,0,0
184704568,服饰鞋履,666666,没头脑:,未知,2025/4/13 0:40,有运费险吗宝宝,0,0,1,0
184704568,服饰鞋履,666666,yyyyy:,未知,2025/4/13 0:40,小苹果可以穿一下36吗,1,1,1,1
184704568,服饰鞋履,666666,:,未知,2025/4/13 0:41,我天敬业女王,0,0,0,0
184704568,服饰鞋履,666666,南方举重的果冻:,未知,2025/4/13 0:41,各种颜色发夹,1,1,1,1
184704568,服饰鞋履,666666,发财小璇子:,未知,2025/4/13 0:41,说下今天哪些卖的好,1,1,1,1
184704568,服饰鞋履,666666,陈飞飞:,未知,2025/4/13 0:41,nia今天腮红是什么,1,1,1,1
184704568,服饰鞋履,666666,鱼:,未知,2025/4/13 0:41,nbs的抹胸下次会上吗,1,1,1,1
184704568,服饰鞋履,666666,我想吃螺蛳粉！:,未知,2025/4/13 0:41,nia你太厉害了,0,0,0,0
184704568,服饰鞋履,666666,荔枝玫瑰:,未知,2025/4/13 0:41,墨镜抽了吗,1,0,0,0
184704568,服饰鞋履,666666,Mynie没烦恼:,未知,2025/4/13 0:41,Nia会不会去看bp演唱会!,0,0,0,0
184704568,服饰鞋履,666666,lajimolala:,未知,2025/4/13 0:41,黄色补,1,1,1,1
184704568,服饰鞋履,666666,哼哼:,未知,2025/4/13 0:41,8号半裙什么时候抽呀,1,0,0,0
184704568,服饰鞋履,666666,Niki（锦鲤不吃香菜版）:,未知,2025/4/13 0:41,今天看得好开心!,0,0,0,0
184704568,服饰鞋履,666666,。。。:,未知,2025/4/13 0:41,加库存,0,1,1,1
184704568,服饰鞋履,666666,小立睡不醒:,未知,2025/4/13 0:41,看了十小时了,0,0,0,0
184704568,服饰鞋履,666666,吃一口:,未知,2025/4/13 0:41,什么卖得最好呀,1,1,1,1
184704568,服饰鞋履,666666,一坨冰泡泡^:,未知,2025/4/13 0:41,小苹果老师可以再试一下introutro吗,1,1,1,1
184704568,服饰鞋履,666666,Sailor Moon LYT:,未知,2025/4/13 0:41,太搞笑了,0,0,0,0
184704568,服饰鞋履,666666,七七八八:,未知,2025/4/13 0:41,我的天这么晚了还在播放,0,0,0,0
184704568,服饰鞋履,666666,Colorful_:,未知,2025/4/13 0:41,元气兔子,1,0,1,1
184704568,服饰鞋履,666666,。。。:,未知,2025/4/13 0:41,水果爱加库存,1,0,1,1
184704568,服饰鞋履,666666,yyyyy:,未知,2025/4/13 0:41,小苹果可以看一下36号吗～,1,1,1,1
184704568,服饰鞋履,666666,霓虹小蛋:,未知,2025/4/13 0:41,水果爱预售补了,1,1,1,1
184704568,服饰鞋履,666666,土豆脑袋:,未知,2025/4/13 0:41,想看看goodbai黑色鞋,1,1,1,1
184704568,服饰鞋履,666666,Niki（锦鲤不吃香菜版）:,未知,2025/4/13 0:41,大家都辛苦啦,0,0,0,0
184704568,服饰鞋履,666666,我的小猫 圆佑圆:,未知,2025/4/13 0:41,想看72,1,1,1,1
184704568,服饰鞋履,666666,被盯上了:,未知,2025/4/13 0:41,67号尺码怎么选啊,1,1,1,1
184704568,服饰鞋履,666666,Kuku:,未知,2025/4/13 0:41,能抽荡领露背裙吗,1,1,1,1
184704568,服饰鞋履,666666,momo:,未知,2025/4/13 0:41,哪些卖得好呀,1,1,1,1
184704568,服饰鞋履,666666,yyq！:,未知,2025/4/13 0:41,1k多人在线,0,0,0,0
184704568,服饰鞋履,666666,别再对我笑:,未知,2025/4/13 0:41,Jennie!!!,0,0,0,0
184704568,服饰鞋履,666666,一坨冰泡泡^:,未知,2025/4/13 0:41,好的谢谢,0,0,0,0
184704568,服饰鞋履,666666,金光福气小宝:,未知,2025/4/13 0:41,想看粉色渔夫帽,1,1,1,1
184704568,服饰鞋履,666666,是芋泥耶:,未知,2025/4/13 0:42,nia播到几点,0,0,0,0
184704568,服饰鞋履,666666,别再对我笑:,未知,2025/4/13 0:42,我爱Jennie!!!,0,0,0,0
184704568,服饰鞋履,666666,loppy女士:,未知,2025/4/13 0:42,这个衬衫显黄么,1,1,1,1
184704568,服饰鞋履,666666,Niki（锦鲤不吃香菜版）:,未知,2025/4/13 0:42,nia的袜子是什么呀,1,1,1,1
184704568,服饰鞋履,666666,yyyyy:,未知,2025/4/13 0:42,小苹果可以穿一下36号吗～,1,1,1,1
184704568,服饰鞋履,666666,曌:,未知,2025/4/13 0:42,还在播呀,0,0,0,0
184704568,服饰鞋履,666666,宽粉脑袋:,未知,2025/4/13 0:42,好运来,0,0,0,0
184704568,服饰鞋履,666666,我的小猫 圆佑圆:,未知,2025/4/13 0:42,想看72号,1,1,1,1
184704568,服饰鞋履,666666,黄木林瑶:,未知,2025/4/13 0:42,想要jennie专辑,1,0,1,1
184704568,服饰鞋履,666666,吃一口:,未知,2025/4/13 0:42,领什么怎么这么好呀,0,1,0,0
184704568,服饰鞋履,666666,小红薯_8309:,未知,2025/4/13 0:42,水果爱包包nia推荐什么颜色,1,1,1,1
184704568,服饰鞋履,666666,momo:,未知,2025/4/13 0:42,想看77号的白色,1,1,1,1
184704568,服饰鞋履,666666,金光福气小宝:,未知,2025/4/13 0:42,粉色渔夫帽,1,1,1,1
184704568,服饰鞋履,666666,吃一口:,未知,2025/4/13 0:42,精神怎么这么好呀,0,0,0,0
184704568,服饰鞋履,666666,相信自己幸运:,未知,2025/4/13 0:42,还没下播,0,0,1,0
184704568,服饰鞋履,666666,吉吉BOom:,未知,2025/4/13 0:42,想看看goodbai脏白色,0,1,1,1
184704568,服饰鞋履,666666,困困:,未知,2025/4/13 0:42,哦哦买嘎,0,1,0,0
184704568,服饰鞋履,666666,咕噜鸭～:,未知,2025/4/13 0:42,omg!,0,0,0,0
184704568,服饰鞋履,666666,:,未知,2025/4/13 0:42,goodbai的鞋子没有码数啦还补嘛,1,1,1,1
184704568,服饰鞋履,666666,十元爱元宝（财运亨通）:,未知,2025/4/13 0:42,苹果戴戴60号吧,1,1,1,1
184704568,服饰鞋履,666666,是俊秀呀_:,未知,2025/4/13 0:42,哇哦哦,0,0,0,0
184704568,服饰鞋履,666666,咕噜鸭～:,未知,2025/4/13 0:42,要晕倒了,0,0,0,0
184704568,服饰鞋履,666666,黄油饼干:,未知,2025/4/13 0:42,我等着,0,0,0,0
184704568,服饰鞋履,666666,居里的太空:,未知,2025/4/13 0:42,什么什么什么,0,0,0,0
184704568,服饰鞋履,666666,yyyyy:,未知,2025/4/13 0:42,小苹果可以穿一下36号吗,1,1,1,1
184704568,服饰鞋履,666666,芝士芋泥妮:,未知,2025/4/13 0:42,真的假的,0,0,0,0
184704568,服饰鞋履,666666,我的小猫 圆佑圆:,未知,2025/4/13 0:42,想看727272,1,1,1,1
184704568,服饰鞋履,666666,嘟:,未知,2025/4/13 0:42,80号能上下吗,1,1,1,1
184704568,服饰鞋履,666666,Asiasa:,未知,2025/4/13 0:42,我也买了好多,0,1,0,0
184704568,服饰鞋履,666666,宽粉脑袋:,未知,2025/4/13 0:42,买了好多,0,1,0,0
184704568,服饰鞋履,666666,Cici:,未知,2025/4/13 0:42,"79号,163105斤,穿多大呢",1,1,1,1
184704568,服饰鞋履,666666,Mynie没烦恼:,未知,2025/4/13 0:43,妈呀!是抽那个包那还是什么呀,1,1,1,1
184704568,服饰鞋履,666666,一坨冰泡泡^:,未知,2025/4/13 0:43,小苹果老师可以再试一下introutro吗,1,1,1,1
184704568,服饰鞋履,666666,慢慢慢慢:,未知,2025/4/13 0:43,始祖鸟抽吗,1,1,1,1
184704568,服饰鞋履,666666,jwoo:,未知,2025/4/13 0:43,买了好多!谢谢nia宝宝,0,0,1,0
184704568,服饰鞋履,666666,發光雞蛋:,未知,2025/4/13 0:43,买了两千多,0,0,1,0
184704568,服饰鞋履,666666,今天你吃了嘛:,未知,2025/4/13 0:43,我也买了1000多,0,0,1,0
184704568,服饰鞋履,666666,momo:,未知,2025/4/13 0:43,黑色套装!,1,1,1,1
184704568,服饰鞋履,666666,一只美美哒懒洋洋:,未知,2025/4/13 0:43,买了差不多3000,0,0,1,0
184704568,服饰鞋履,666666,Yiiunngy_:,未知,2025/4/13 0:43,小苹果看呆了哈哈哈哈,0,0,0,0
184704568,服饰鞋履,666666,potato:,未知,2025/4/13 0:43,我买了十件衣服一次都没抽中过,0,0,1,0
184704568,服饰鞋履,666666,陈飞飞:,未知,2025/4/13 0:43,不睡了,0,0,0,0
184704568,服饰鞋履,666666,小mermer:,未知,2025/4/13 0:43,我跪着,0,0,0,0
184704568,服饰鞋履,666666,黄油饼干:,未知,2025/4/13 0:43,我坐等,0,0,1,0
184704568,服饰鞋履,666666,白日萌:,未知,2025/4/13 0:43,我买了差不多300000,0,0,1,0
184704568,服饰鞋履,666666,不爱吃香菜:,未知,2025/4/13 0:43,我的最爱!,0,0,0,0
184704568,服饰鞋履,666666,宽粉脑袋:,未知,2025/4/13 0:43,买了好多好多,0,0,1,0
184704568,服饰鞋履,666666,豆豆包:,未知,2025/4/13 0:43,好可爱!!,0,0,0,0
184704568,服饰鞋履,666666,吃一口:,未知,2025/4/13 0:43,我看啦,0,0,0,0
184704568,服饰鞋履,666666,嘟:,未知,2025/4/13 0:43,808080能上吗,1,1,1,1
184704568,服饰鞋履,666666,小新胖墩墩:,未知,2025/4/13 0:43,好晚啊nia早点休息,0,0,0,0
184704568,服饰鞋履,666666,。:,未知,2025/4/13 0:43,又上人了,0,0,1,0
184704568,服饰鞋履,666666,Cici:,未知,2025/4/13 0:43,"79号,163105斤穿多大",1,1,1,1
184704568,服饰鞋履,666666,Mynie没烦恼:,未知,2025/4/13 0:43,啊啊啊啊啊?30W?,0,0,0,0
184704568,服饰鞋履,666666,小洋又饿了:,未知,2025/4/13 0:43,我买了好像3k多,0,1,0,0
184704568,服饰鞋履,666666,吃一口:,未知,2025/4/13 0:43,想要!!!,1,1,1,1
184704568,服饰鞋履,666666,iuxka:,未知,2025/4/13 0:43,啊啊啊啊太好看了,1,1,1,1
184704568,服饰鞋履,666666,冰块公主:,未知,2025/4/13 0:43,这个我可太想要了!,1,1,1,1
184704568,服饰鞋履,666666,Colorful_:,未知,2025/4/13 0:43,我想要啊啊啊啊啊啊啊啊啊啊啊抽我啊啊啊啊啊啊求求了!,1,1,1,1
184704568,服饰鞋履,666666,小洋又饿了:,未知,2025/4/13 0:43,只认准nia886,0,0,1,0
184704568,服饰鞋履,666666,芝士芋泥妮:,未知,2025/4/13 0:43,看了78个小时能让我抽到吗哈哈哈,0,0,0,0
184704568,服饰鞋履,666666,。:,未知,2025/4/13 0:43,太夸张,0,0,0,0
184704568,服饰鞋履,666666,哒哒哒哒滴:,未知,2025/4/13 0:43,太美了,1,1,1,1
184704568,服饰鞋履,666666,:,未知,2025/4/13 0:44,goodbai的鞋子没有码数啦还补嘛,1,1,1,1
184704568,服饰鞋履,666666,小太阳奶牛圆脸猫:,未知,2025/4/13 0:44,哇啊啊啊好可爱,0,1,0,0
184704568,服饰鞋履,666666,吉吉BOom:,未知,2025/4/13 0:44,想看goodbai脏白色!!!!!,0,1,1,1
184704568,服饰鞋履,666666,77的分享日记:,未知,2025/4/13 0:44,只认准劳模nia86,0,0,0,0
184704568,服饰鞋履,666666,橘子苹果梨:,未知,2025/4/13 0:44,想看一下绿色裙裤配mardi可以吗,1,1,1,1
184704568,服饰鞋履,666666,不爱吃螃蟹:,未知,2025/4/13 0:45,69号灰色或者黑色,1,1,1,1
184704568,服饰鞋履,666666,吃一口:,未知,2025/4/13 0:45,什么时候到我呀5555,0,0,0,0
184704568,服饰鞋履,666666,今天你吃了嘛:,未知,2025/4/13 0:45,能不能中啊好难过,0,0,0,0
184704568,服饰鞋履,666666,舒语:,未知,2025/4/13 0:45,nia想看看烟灰色芥黄色墨镜对比,1,1,1,1
184704568,服饰鞋履,666666,黄油饼干:,未知,2025/4/13 0:45,什么时候到我哦,0,0,0,0
184704568,服饰鞋履,666666,芝士芋泥妮:,未知,2025/4/13 0:45,真的好希望能中,0,0,0,0
184704568,服饰鞋履,666666,:,未知,2025/4/13 0:45,goodbai的鞋子没有码数啦还补嘛,1,1,1,1
184704568,服饰鞋履,666666,鸭Momo:,未知,2025/4/13 0:45,这么拼,0,0,0,0
184704568,服饰鞋履,666666,荔枝玫瑰:,未知,2025/4/13 0:45,还有么,1,1,1,1
184704568,服饰鞋履,666666,少放点盐:,未知,2025/4/13 0:45,48抽奖了嘛,1,1,1,1
184704568,服饰鞋履,666666,芝士芋泥妮:,未知,2025/4/13 0:45,真的好想能中,0,0,0,0
184704568,服饰鞋履,666666,haleybabeee:,未知,2025/4/13 0:45,祈祷中奖,0,0,0,0
184704568,服饰鞋履,666666,少放点盐:,未知,2025/4/13 0:45,48抽半价了嘛,1,1,1,1
184704568,服饰鞋履,666666,xxxyy:,未知,2025/4/13 0:45,就是预告之前有,0,0,1,0
184704568,服饰鞋履,666666,SimpleStudio:,未知,2025/4/13 0:45,总是显示遗憾未中奖哈哈哈哈哈,0,0,0,0
184704568,服饰鞋履,666666,我的小猫 圆佑圆:,未知,2025/4/13 0:45,想看727272,1,1,1,1
184704568,服饰鞋履,666666,福禄妞妞:,未知,2025/4/13 0:45,苹果可以试一下38号吗,1,1,1,1
184704568,服饰鞋履,666666,小鸡不柴:,未知,2025/4/13 0:45,nia要飞起来了,0,0,0,0
184704568,服饰鞋履,666666,赤岛盐一:,未知,2025/4/13 0:45,白色内搭是几号呀,1,1,1,1
184704568,服饰鞋履,666666,黄油饼干:,未知,2025/4/13 0:45,大家中奖的开心么,0,0,0,0
184704568,服饰鞋履,666666,xxxyy:,未知,2025/4/13 0:45,nbs那个格纹,1,1,1,1
184704568,服饰鞋履,666666,Crystal摘星阁:,未知,2025/4/13 0:45,1、2号小苹果穿什么码啊,1,1,1,1
184704568,服饰鞋履,666666,鱼啊鱼（锦鲤版）:,未知,2025/4/13 0:45,多抽几个,0,0,0,0
184704568,服饰鞋履,666666,居里的太空:,未知,2025/4/13 0:45,啊啊啊啊啊啊啊smiiile裤子!早早就买了,0,0,1,0
184704568,服饰鞋履,666666,lucky dog:,未知,2025/4/13 0:45,太好啦!!喜欢这个裤子,1,1,1,1
184704568,服饰鞋履,666666,小立睡不醒:,未知,2025/4/13 0:45,套装单买的可以吗,1,1,1,1
184704568,服饰鞋履,666666,咕噜鸭～:,未知,2025/4/13 0:45,我也想要小礼物,0,1,0,0
184704568,服饰鞋履,666666,鱼啊鱼（锦鲤版）:,未知,2025/4/13 0:45,蹲了一天没抽到,0,0,0,0
184704568,服饰鞋履,666666,十元爱元宝（财运亨通）:,未知,2025/4/13 0:45,苹果戴戴60号吧,1,1,1,1
184704568,服饰鞋履,666666,舒语:,未知,2025/4/13 0:45,烟灰色芥黄色墨镜对比,1,1,1,1
184704568,服饰鞋履,666666,福禄妞妞:,未知,2025/4/13 0:45,苹果可以试一下38号吗[超喜欢R][超喜欢R],1,1,1,1
184704568,服饰鞋履,666666,土豆脑袋:,未知,2025/4/13 0:45,想看看goodbai黑色鞋,1,1,1,1
184704568,服饰鞋履,666666,来份薯饼7:,未知,2025/4/13 0:45,可以发点优惠券吗,1,1,1,1
184704568,服饰鞋履,666666,绀香一五:,未知,2025/4/13 0:45,都买了哈哈哈,0,0,1,0
184704568,服饰鞋履,666666,快乐小狗不想有烦恼:,未知,2025/4/13 0:46,我看了一整天!!!,0,0,0,0
184704568,服饰鞋履,666666,apple:,未知,2025/4/13 0:46,50号抽了吗,1,1,1,1
184704568,服饰鞋履,666666,xxxyy:,未知,2025/4/13 0:46,没上吗,1,1,1,1
184704568,服饰鞋履,666666,吃什么面:,未知,2025/4/13 0:46,中吧啊啊啊啊啊,0,0,0,0
184704568,服饰鞋履,666666,xxxyy:,未知,2025/4/13 0:46,宝宝northbutsouth之前说有折扣,1,1,1,1
184704568,服饰鞋履,666666,小立睡不醒:,未知,2025/4/13 0:46,套装单买的上衣可以抽吗,1,1,1,1
184704568,服饰鞋履,666666,魔法咔咔:,未知,2025/4/13 0:46,百丽的鞋子正码正拍,1,1,1,1
184704568,服饰鞋履,666666,wangjunli_baby:,未知,2025/4/13 0:46,优惠券,0,1,1,1
184704568,服饰鞋履,666666,土豆脑袋:,未知,2025/4/13 0:46,60号还抽吗,1,1,1,1
184704568,服饰鞋履,666666,lucky dog:,未知,2025/4/13 0:46,晚上空了来看,0,0,0,0
184704568,服饰鞋履,666666,Colorful_:,未知,2025/4/13 0:46,nia换眉毛画法了吗哈哈哈哈哈,0,0,0,0
184704568,服饰鞋履,666666,Strangegirl是阿金:,未知,2025/4/13 0:46,rirririrri还抽吗,1,0,0,0
184704568,服饰鞋履,666666,噗哈哈:,未知,2025/4/13 0:46,想看15号蓝色nia穿,1,1,1,1
184704568,服饰鞋履,666666,今天不喝咖啡:,未知,2025/4/13 0:46,看了一整天,0,0,0,0
184704568,服饰鞋履,666666,小羊苏西:,未知,2025/4/13 0:46,跟nia一起工作好幸福,0,0,0,0
184704568,服饰鞋履,666666,小洋又饿了:,未知,2025/4/13 0:46,还好没走,0,0,0,0
184704568,服饰鞋履,666666,魔法咔咔:,未知,2025/4/13 0:46,百丽的鞋子正码正拍嘛,1,1,1,1
184704568,服饰鞋履,666666,莓莓有点酸:,未知,2025/4/13 0:46,nia永相随,0,0,0,0
184704568,服饰鞋履,666666,料好运:,未知,2025/4/13 0:46,"1点抽2888大锦鲤!：1点前下单实付满2888返2888,不满则实际报销!",0,0,1,0
184704568,服饰鞋履,666666,yyq！:,未知,2025/4/13 0:46,nia我要到成都和你面基,0,0,0,0
184704568,服饰鞋履,666666,橘子苹果梨:,未知,2025/4/13 0:46,绿色裙裤可以配mardi看看嘛,1,1,1,1
184704568,服饰鞋履,666666,再吃一口:,未知,2025/4/13 0:46,遗憾离场,0,0,0,0
184704568,服饰鞋履,666666,福禄妞妞:,未知,2025/4/13 0:46,苹果可以试一下38号吗[超喜欢R][超喜欢R][超喜欢R],1,1,1,1
184704568,服饰鞋履,666666,噗哈哈:,未知,2025/4/13 0:46,想看nia穿15号蓝色,1,1,1,1
184704568,服饰鞋履,666666,再吃一口:,未知,2025/4/13 0:46,陪跑一晚上,0,0,0,0
184704568,服饰鞋履,666666,果园西瓜地:,未知,2025/4/13 0:46,流浪鞋没了吗,1,1,1,1
184704568,服饰鞋履,666666,kitten:,未知,2025/4/13 0:46,小苹果是啥呀,0,0,1,0
184704568,服饰鞋履,666666,小羊饱饱:,未知,2025/4/13 0:46,maidi短袖抽吗!,1,1,1,1
184704568,服饰鞋履,666666,布书:,未知,2025/4/13 0:46,小苹果外套穿几码,1,1,1,1
184704568,服饰鞋履,666666,土豆脑袋:,未知,2025/4/13 0:46,小苹果可以戴60帽子吗,1,1,1,1
184704568,服饰鞋履,666666,舒语:,未知,2025/4/13 0:46,"烟灰色芥黄色墨镜对比,颜色颜色颜色!!!!!不是款式",1,1,1,1
184704568,服饰鞋履,666666,关你吊是:,未知,2025/4/13 0:47,还有券吗,1,0,1,1
184704568,服饰鞋履,666666,小粒咖啡:,未知,2025/4/13 0:47,宝宝你今天辛苦了,0,0,0,0
184704568,服饰鞋履,666666,糖醋猪脚:,未知,2025/4/13 0:47,抽抽俺!,0,0,0,0
184704568,服饰鞋履,666666,Mynie没烦恼:,未知,2025/4/13 0:47,太帅了nia,0,1,0,0
184704568,服饰鞋履,666666,momo:,未知,2025/4/13 0:47,ririii免单嘛!,0,1,0,0
184704568,服饰鞋履,666666,舒语:,未知,2025/4/13 0:47,"烟灰色芥黄色墨镜对比,颜色颜色颜色!!!不是款式",1,1,1,1
184704568,服饰鞋履,666666,小羊饱饱:,未知,2025/4/13 0:47,mardi上衣抽吗,1,1,1,1
184704568,服饰鞋履,666666,鱼啊鱼（锦鲤版）:,未知,2025/4/13 0:47,这套好好看,1,1,1,1
184704568,服饰鞋履,666666,魔法咔咔:,未知,2025/4/13 0:47,百丽的鞋子正码正拍吗,1,1,1,1
184704568,服饰鞋履,666666,momo:,未知,2025/4/13 0:47,ririi,1,0,1,1
184704568,服饰鞋履,666666,耶耶:,未知,2025/4/13 0:47,下场直播什么时候,0,0,0,0
184704568,服饰鞋履,666666,小羊饱饱:,未知,2025/4/13 0:47,mardi上衣抽吗!,1,0,0,0
184704568,服饰鞋履,666666,舒语:,未知,2025/4/13 0:47,"烟灰色芥黄色墨镜对比,颜色颜色颜色!!不是款式",1,1,1,1
184704568,服饰鞋履,666666,:,未知,2025/4/13 0:47,五分裤适合矮个子吗155,1,1,1,1
184704568,服饰鞋履,666666,幸运:,未知,2025/4/13 0:47,好可爱,0,1,0,0
184704568,服饰鞋履,666666,Younger:,未知,2025/4/13 0:47,给个机会吧,0,0,0,0
184704568,服饰鞋履,666666,今天你吃了嘛:,未知,2025/4/13 0:47,能不能幸运一下,0,0,0,0
184704568,服饰鞋履,666666,Mynie没烦恼:,未知,2025/4/13 0:47,下次什么时候直播!,0,0,0,0
184704568,服饰鞋履,666666,尾巴:,未知,2025/4/13 0:47,nia宝墨镜推荐啥色!!,1,1,1,1
184704568,服饰鞋履,666666,舒语:,未知,2025/4/13 0:47,"烟灰色芥黄色墨镜对比,颜色颜色颜色!!!!不是款式",1,1,1,1
184704568,服饰鞋履,666666,Mynie没烦恼:,未知,2025/4/13 0:47,Nia心情好好啊!真好!,0,0,0,0
184704568,服饰鞋履,666666,炸虾kt猪:,未知,2025/4/13 0:47,这个帽子可以抽吗,1,1,1,1
184704568,服饰鞋履,666666,南方举重的果冻:,未知,2025/4/13 0:47,发夹发夹发夹,1,1,1,1
184704568,服饰鞋履,666666,芝士芋泥妮:,未知,2025/4/13 0:47,让我中一次吧、、孩子哭了,0,0,0,0
184704568,服饰鞋履,666666,想开果冻派对:,未知,2025/4/13 0:47,粉色帽子几号链接呀,1,1,1,1
184704568,服饰鞋履,666666,快乐小狗不想有烦恼:,未知,2025/4/13 0:47,让我中吧!,0,0,0,0
184704568,服饰鞋履,666666,Yiiunngy_:,未知,2025/4/13 0:47,nia微醺,0,0,0,0
184704568,服饰鞋履,666666,今天你吃了嘛:,未知,2025/4/13 0:47,让啊还是女吧,0,0,0,0
184704568,服饰鞋履,666666,Kiuuuu:,未知,2025/4/13 0:47,nia!,0,0,0,0
184704568,服饰鞋履,666666,:,未知,2025/4/13 0:48,goodbai的鞋子没有码数啦还补嘛,1,1,1,1
184704568,服饰鞋履,666666,：:,未知,2025/4/13 0:48,15号补货,1,1,1,1
184704568,服饰鞋履,666666,S吃不饱-:,未知,2025/4/13 0:48,珍珠小狗短袖在哪里呀,1,1,1,1
184704568,服饰鞋履,666666,grace:,未知,2025/4/13 0:48,手链可以看看吗,1,1,1,1
184704568,服饰鞋履,666666,来份薯饼7:,未知,2025/4/13 0:48,优惠券!!,1,1,1,1
184704568,服饰鞋履,666666,Mynie没烦恼:,未知,2025/4/13 0:48,Nia总是那么有感染力!,0,0,0,0
184704568,服饰鞋履,666666,耶耶:,未知,2025/4/13 0:48,下场直播什么时候下场直播什么时候,0,0,0,0
184704568,服饰鞋履,666666,信息仓鼠:,未知,2025/4/13 0:48,Nia是快乐小狗吗,0,0,0,0
184704568,服饰鞋履,666666,鹅跟你讲:,未知,2025/4/13 0:48,"@尾巴推荐玳瑁色,宝",0,0,1,0
184704568,服饰鞋履,666666,LulU:,未知,2025/4/13 0:48,短裤163100穿什么码啊,1,1,1,1
184704568,服饰鞋履,666666,祝妮发财:,未知,2025/4/13 0:48,中奖了,0,0,0,0
184704568,服饰鞋履,666666,来份薯饼7:,未知,2025/4/13 0:48,求求了,0,0,0,0
184704568,服饰鞋履,666666,困困:,未知,2025/4/13 0:48,Nia明天播吗,0,0,0,0
184704568,服饰鞋履,666666,十元爱元宝（财运亨通）:,未知,2025/4/13 0:48,92号是不是还没抽啊,1,1,1,1
184704568,服饰鞋履,666666,福禄妞妞:,未知,2025/4/13 0:48,苹果可以试试38号吗,1,1,1,1
184704568,服饰鞋履,666666,S吃不饱-:,未知,2025/4/13 0:48,珍珠小狗短袖在哪啊,1,1,1,1
184704568,服饰鞋履,666666,：:,未知,2025/4/13 0:48,15号补货15号补货,1,1,1,1
184704568,服饰鞋履,666666,小红薯_8309:,未知,2025/4/13 0:48,水果爱包包nia推荐什么颜色,1,1,1,1
184704568,服饰鞋履,666666,小羊苏西:,未知,2025/4/13 0:48,nia裙子没有s了moving,1,1,1,1
184704568,服饰鞋履,666666,芝士芋泥妮:,未知,2025/4/13 0:48,好想中一次啊啊啊啊,0,0,0,0
184704568,服饰鞋履,666666,鹅跟你讲:,未知,2025/4/13 0:48,"@LulUm码,宝",0,0,0,0
184704568,服饰鞋履,666666,小懒:,未知,2025/4/13 0:48,今天买了十多件,0,1,0,0
184704568,服饰鞋履,666666,料好运:,未知,2025/4/13 0:48,"1点抽2888大锦鲤!：1点前下单实付满2888返2888,不满则实际报销!",0,0,1,0
184704568,服饰鞋履,666666,wangjunli_baby:,未知,2025/4/13 0:48,优惠券还有吗?,1,1,1,1
184704568,服饰鞋履,666666,舒语:,未知,2025/4/13 0:48,"烟灰色芥黄色墨镜对比,颜色颜色颜色!不是款式",1,1,1,1
184704568,服饰鞋履,666666,尼采尼采:,未知,2025/4/13 0:48,拉夫的帽子为什么不能退款,0,0,1,0
184704568,服饰鞋履,666666,福禄妞妞:,未知,2025/4/13 0:48,苹果可以试一下38号挂脖花苞卫衣裙吗,1,1,1,1
184704568,服饰鞋履,666666,apple:,未知,2025/4/13 0:48,50号,1,1,1,1
184704568,服饰鞋履,666666,momo:,未知,2025/4/13 0:49,ririri还免单嘛,0,1,0,0
184704568,服饰鞋履,666666,grace:,未知,2025/4/13 0:49,手链手链,1,1,1,1
184704568,服饰鞋履,666666,鹅跟你讲:,未知,2025/4/13 0:49,"@：宝,补不了啦,可以看看有的尺码哦",0,0,1,0
184704568,服饰鞋履,666666,apple:,未知,2025/4/13 0:49,50号没抽,1,0,0,0
184704568,服饰鞋履,666666,暗:,未知,2025/4/13 0:49,nia眼镜什么颜色,1,1,1,1
184704568,服饰鞋履,666666,霓虹小蛋:,未知,2025/4/13 0:49,@LulU试试s,0,0,0,0
184704568,服饰鞋履,666666,鹅跟你讲:,未知,2025/4/13 0:49,@LulUm码宝,0,0,0,0
184704568,服饰鞋履,666666,Ann:,未知,2025/4/13 0:49,7号券,1,1,1,1
184704568,服饰鞋履,666666,鹅跟你讲:,未知,2025/4/13 0:49,"@maomao30号链接,白色宝",0,0,1,0
184704568,服饰鞋履,666666,-1:,未知,2025/4/13 0:49,啥时候抽龙骧呀,0,0,1,0
184704568,服饰鞋履,666666,尼采尼采:,未知,2025/4/13 0:49,之前参加抽奖下单的拉夫帽子现在申请退款不能退,0,0,1,0
184704568,服饰鞋履,666666,Strangegirl是阿金:,未知,2025/4/13 0:49,rirririrri还抽吗,1,0,0,0
184704568,服饰鞋履,666666,一只面包鱼:,未知,2025/4/13 0:49,omg,0,1,0,0
184704568,服饰鞋履,666666,pipici:,未知,2025/4/13 0:49,siiimle还补吗,1,1,1,1
184704568,服饰鞋履,666666,福禄妞妞:,未知,2025/4/13 0:49,苹果可以试一下38号挂脖花苞卫衣裙吗[超喜欢R][超喜欢R][超喜欢R],1,1,1,1
184704568,服饰鞋履,666666,不熬夜:,未知,2025/4/13 0:49,下次直播是多久啊?,0,0,0,0
184704568,服饰鞋履,666666,噗哈哈:,未知,2025/4/13 0:49,想看nia穿15号蓝色,1,1,1,1
184704568,服饰鞋履,666666,:,未知,2025/4/13 0:49,goodbai的鞋子没有码数啦还补嘛,1,1,1,1
184704568,服饰鞋履,666666,橙子大王:,未知,2025/4/13 0:49,米米嘟nia和小苹果,0,0,0,0
184704568,服饰鞋履,666666,鹅跟你讲:,未知,2025/4/13 0:49,"@：宝,补不了啦,可以看看尺码哦",0,0,1,0
184704568,服饰鞋履,666666,舒语:,未知,2025/4/13 0:50,"烟灰色芥黄色墨镜对比,颜色颜色颜色!!!不是款式",1,0,1,1
184704568,服饰鞋履,666666,：:,未知,2025/4/13 0:50,15号补货,1,1,1,1
184704568,服饰鞋履,666666,:,未知,2025/4/13 0:50,goodbai的鞋子没有码数啦还补货嘛,1,1,1,1
184704568,服饰鞋履,666666,ANDY:,未知,2025/4/13 0:50,还有券嘛,1,0,1,1
184704568,服饰鞋履,666666,少7一点:,未知,2025/4/13 0:50,3号还补吗,1,1,1,1
184704568,服饰鞋履,666666,一只面包鱼:,未知,2025/4/13 0:50,越看越精神,0,0,0,0
184704568,服饰鞋履,666666,鹅跟你讲:,未知,2025/4/13 0:50,"@噗哈哈宝,可以看看回放讲解哦",0,0,0,0
184704568,服饰鞋履,666666,南方举重的果冻:,未知,2025/4/13 0:50,发夹发夹发夹发夹发夹发夹发夹发夹发夹发夹,1,1,1,1
184704568,服饰鞋履,666666,Asiasa:,未知,2025/4/13 0:50,车银优短袖还上吗?,1,1,1,1
184704568,服饰鞋履,666666,光妹.:,未知,2025/4/13 0:50,"抽我啊,看一天啦",0,0,0,0
184704568,服饰鞋履,666666,33.:,未知,2025/4/13 0:50,保佑信女,0,0,0,0
184704568,服饰鞋履,666666,是阿巧呀:,未知,2025/4/13 0:50,墨镜是芥末黄还是啥,1,1,1,1
184704568,服饰鞋履,666666,幸运:,未知,2025/4/13 0:50,好可爱哈哈哈,0,0,0,0
184704568,服饰鞋履,666666,关你吊是:,未知,2025/4/13 0:50,还发券吗,1,1,1,1
184704568,服饰鞋履,666666,幸运:,未知,2025/4/13 0:50,哇!!,0,0,0,0
184704568,服饰鞋履,666666,：:,未知,2025/4/13 0:50,15号补货15号补货15号补货,1,1,1,1
184704568,服饰鞋履,666666,小洋又饿了:,未知,2025/4/13 0:50,好运来,0,0,0,0
184704568,服饰鞋履,666666,再吃一口:,未知,2025/4/13 0:50,准备好了!!,0,0,0,0
184704568,服饰鞋履,666666,是阿巧呀:,未知,2025/4/13 0:50,黑色看看,1,1,1,1
184704568,服饰鞋履,666666,再吃一口:,未知,2025/4/13 0:50,还有卷嘛,1,1,1,1
184704568,服饰鞋履,666666,福禄妞妞:,未知,2025/4/13 0:50,苹果可以试一下38号挂脖花苞卫衣裙吗,1,1,1,1
184704568,服饰鞋履,666666,今天想吃草莓尖尖:,未知,2025/4/13 0:50,我我我哦我我,0,0,0,0
184704568,服饰鞋履,666666,舒语:,未知,2025/4/13 0:50,"说了一个晚上了,烟灰色芥黄色墨镜对比",1,1,1,1
184704568,服饰鞋履,666666,Heiheii:,未知,2025/4/13 0:50,哇塞哇塞,0,0,0,0
184704568,服饰鞋履,666666,芝士芋泥妮:,未知,2025/4/13 0:50,求求了学生党太想中了,0,0,0,0
184704568,服饰鞋履,666666,芝士芋泥妮:,未知,2025/4/13 0:51,抽我好吗!!,0,0,0,0
184704568,服饰鞋履,666666,是阿巧呀:,未知,2025/4/13 0:51,芥末黄看看,1,1,1,1
184704568,服饰鞋履,666666,牛骷颅甄嬛:,未知,2025/4/13 0:51,哇塞抽到就幸运了,0,0,0,0
184704568,服饰鞋履,666666,Sea:,未知,2025/4/13 0:51,花色半身裙没有了吗,1,1,1,1
184704568,服饰鞋履,666666,困困:,未知,2025/4/13 0:51,抽我买了2k多了,0,0,1,0
184704568,服饰鞋履,666666,是阿巧呀:,未知,2025/4/13 0:51,墨镜什么颜色芥末黄?,1,1,1,1
184704568,服饰鞋履,666666,miisTuT:,未知,2025/4/13 0:51,nia怎么还在播!好厉害!,0,0,0,0
184704568,服饰鞋履,666666,33.:,未知,2025/4/13 0:51,好漂亮,1,1,1,1
184704568,服饰鞋履,666666,财源滚滚来:,未知,2025/4/13 0:51,怎么还有这么多人,0,0,0,0
184704568,服饰鞋履,666666,Sea:,未知,2025/4/13 0:51,花色半身裙还有吗,1,1,1,1
184704568,服饰鞋履,666666,**:,未知,2025/4/13 0:51,这个真想要,1,1,1,1
184704568,服饰鞋履,666666,ssuwanjjeu_:,未知,2025/4/13 0:51,抽到我信你愿瘦20斤,0,0,0,0
184704568,服饰鞋履,666666,尼采尼采:,未知,2025/4/13 0:51,拉夫帽子没发货也不能退款吗?客服,0,0,1,0
184704568,服饰鞋履,666666,必须睡满12个小时:,未知,2025/4/13 0:51,锦鲤是折现吗还是抵买的衣服的钱呀,1,1,1,1
184704568,服饰鞋履,666666,ssuwanjjeu_:,未知,2025/4/13 0:51,抽到我信女愿瘦20斤,0,0,0,0
184704568,服饰鞋履,666666,自信气质女人:,未知,2025/4/13 0:51,我要中奖,0,0,0,0
184704568,服饰鞋履,666666,momo:,未知,2025/4/13 0:51,哈哈哈哈哈笑死了,0,0,0,0
184704568,服饰鞋履,666666,自信气质女人:,未知,2025/4/13 0:51,抽我中奖,0,0,0,0
184704568,服饰鞋履,666666,Mynie没烦恼:,未知,2025/4/13 0:51,哈哈哈害羞了,0,0,0,0
184704568,服饰鞋履,666666,小洋又饿了:,未知,2025/4/13 0:51,让我中吧,0,0,0,0
184704568,服饰鞋履,666666,No.D:,未知,2025/4/13 0:51,omg,0,0,0,0
184704568,服饰鞋履,666666,露皮女士:,未知,2025/4/13 0:51,好配我丢哈哈哈,0,0,0,0
184704568,服饰鞋履,666666,宽粉脑袋:,未知,2025/4/13 0:51,潮死了,0,1,0,0
184704568,服饰鞋履,666666,自信气质女人:,未知,2025/4/13 0:51,哈哈哈哈哈好配,0,0,0,0
184704568,服饰鞋履,666666,宽粉脑袋:,未知,2025/4/13 0:52,太帅了,0,1,0,0
184704568,服饰鞋履,666666,含含含:,未知,2025/4/13 0:52,太配了,0,1,0,0
184704568,服饰鞋履,666666,牛骷颅甄嬛:,未知,2025/4/13 0:52,抽到奖的都是哪种类型的人呀,0,0,0,0
184704568,服饰鞋履,666666,居里的太空:,未知,2025/4/13 0:52,已截图哈哈哈哈哈哈哈,0,0,0,0
184704568,服饰鞋履,666666,momo:,未知,2025/4/13 0:52,哈哈哈哈哈哈i人,0,0,0,0
184704568,服饰鞋履,666666,牛骷颅甄嬛:,未知,2025/4/13 0:52,好好奇,0,0,0,0
184704568,服饰鞋履,666666,好运好运来:,未知,2025/4/13 0:52,ko老师黑眼圈快掉地下了,0,0,0,0
184704568,服饰鞋履,666666,ajzgysbe:,未知,2025/4/13 0:52,绿裙子还补吗,1,1,1,1
184704568,服饰鞋履,666666,miisTuT:,未知,2025/4/13 0:52,ko老师很社恐啊哈哈哈,0,0,0,0
184704568,服饰鞋履,666666,momo:,未知,2025/4/13 0:52,笑死啦,0,0,0,0
184704568,服饰鞋履,666666,小狗百利甜:,未知,2025/4/13 0:52,哈哈哈哈哈哈哈晚睡的福利!,0,0,0,0
184704568,服饰鞋履,666666,kk:,未知,2025/4/13 0:52,好好磕啊,0,0,0,0
184704568,服饰鞋履,666666,小立睡不醒:,未知,2025/4/13 0:52,磕死了,0,0,0,0
184704568,服饰鞋履,666666,很懒不止一点懒:,未知,2025/4/13 0:52,ko老师带的什么色呀,0,1,0,0
184704568,服饰鞋履,666666,马甲线努力中:,未知,2025/4/13 0:52,笑鼠敬业达人还不下班哦,0,0,0,0
184704568,服饰鞋履,666666,是阿巧呀:,未知,2025/4/13 0:52,没有黑色,1,1,1,1
184704568,服饰鞋履,666666,小羊苏西:,未知,2025/4/13 0:52,ko老师像人机,0,0,0,0
184704568,服饰鞋履,666666,糖醋猪脚:,未知,2025/4/13 0:52,买了好几件!!!,0,1,0,0
184704568,服饰鞋履,666666,自信气质女人:,未知,2025/4/13 0:52,磕到了nia886,0,0,0,0
184704568,服饰鞋履,666666,Kaooa:,未知,2025/4/13 0:52,求求了中一次吧,0,0,0,0
184704568,服饰鞋履,666666,是阿巧呀:,未知,2025/4/13 0:52,是蓝色吗,1,1,1,1
184704568,服饰鞋履,666666,芝士芋泥妮:,未知,2025/4/13 0:52,保佑我好吗,0,0,0,0
184704568,服饰鞋履,666666,Ann:,未知,2025/4/13 0:52,7号下单不是折扣价,1,1,1,1
184704568,服饰鞋履,666666,_Debussy:,未知,2025/4/13 0:52,般配!,0,0,0,0
184704568,服饰鞋履,666666,是芋泥耶:,未知,2025/4/13 0:52,保佑保佑保佑保佑保佑,0,0,0,0
184704568,服饰鞋履,666666,料好运:,未知,2025/4/13 0:52,"1点抽2888大锦鲤!：1点前下单实付满2888返2888,不满则实际报销!",0,0,1,0
184704568,服饰鞋履,666666,Roan7:,未知,2025/4/13 0:52,nia人生赢家,0,0,0,0
184704568,服饰鞋履,666666,小洋又饿了:,未知,2025/4/13 0:52,还好没睡,0,0,0,0
184704568,服饰鞋履,666666,孙淑瑜:,未知,2025/4/13 0:52,这样ko老师看好像五竹叔,0,0,0,0
184704568,服饰鞋履,666666,小凹日记:,未知,2025/4/13 0:53,信女愿一生吃素,0,0,0,0
184704568,服饰鞋履,666666,牛骷颅甄嬛:,未知,2025/4/13 0:53,主包们气血很足的样子都直播好久了还这么热情,0,0,0,0
184704568,服饰鞋履,666666,财财:,未知,2025/4/13 0:53,nia女神,0,0,0,0
184704568,服饰鞋履,666666,Lisianthus:,未知,2025/4/13 0:53,保佑信女,0,0,0,0
184704568,服饰鞋履,666666,是芋泥耶:,未知,2025/4/13 0:53,nia大卖,0,0,1,0
184704568,服饰鞋履,666666,烤梨:,未知,2025/4/13 0:53,n爱你nia,0,0,0,0
184704568,服饰鞋履,666666,热水。:,未知,2025/4/13 0:53,买了好几件让我中吧nia宝宝,1,1,1,1
184704568,服饰鞋履,666666,帅哥:,未知,2025/4/13 0:53,绿色的花花裤子,1,1,1,1
184704568,服饰鞋履,666666,再吃一口:,未知,2025/4/13 0:53,发型像小宝,0,0,0,0
184704568,服饰鞋履,666666,吃太慢:,未知,2025/4/13 0:53,我又来了,0,0,0,0
184704568,服饰鞋履,666666,:,未知,2025/4/13 0:53,可以的,0,0,0,0
184704568,服饰鞋履,666666,一朵芙芙:,未知,2025/4/13 0:53,锦鲤2888,0,1,0,0
184704568,服饰鞋履,666666,埃姆瑞吃:,未知,2025/4/13 0:53,钱钱都围绕在我周围,0,0,0,0
184704568,服饰鞋履,666666,SimpleStudio:,未知,2025/4/13 0:53,哈哈哈看了一天没间断,0,0,0,0
184704568,服饰鞋履,666666,Haappy:,未知,2025/4/13 0:53,2888能不能是我,0,1,0,0
184704568,服饰鞋履,666666,Lisianthus:,未知,2025/4/13 0:53,我就是命好!,0,0,0,0
184704568,服饰鞋履,666666,Haappy:,未知,2025/4/13 0:53,没中一个奖,0,0,0,0
184704568,服饰鞋履,666666,黄油饼干:,未知,2025/4/13 0:53,每次都是遗憾,0,0,0,0
184704568,服饰鞋履,666666,暗:,未知,2025/4/13 0:53,抽我!,0,0,0,0
184704568,服饰鞋履,666666,尼采尼采:,未知,2025/4/13 0:53,贝贝们你们拉夫帽子可以退款吗,0,0,1,0
184704568,服饰鞋履,666666,旺旺小仙:,未知,2025/4/13 0:53,这个格子套装好好看,1,1,1,1
184704568,服饰鞋履,666666,是阿巧呀:,未知,2025/4/13 0:53,烟灰色?,1,1,1,1
184704568,服饰鞋履,666666,漂亮朋友:,未知,2025/4/13 0:53,翅膀包,1,1,1,1
184704568,服饰鞋履,666666,Haappy:,未知,2025/4/13 0:53,给我中,0,0,0,0
184704568,服饰鞋履,666666,黄油饼干:,未知,2025/4/13 0:53,这次想听到恭喜,0,0,0,0
184704568,服饰鞋履,666666,牛骷颅甄嬛:,未知,2025/4/13 0:53,我好困,0,0,0,0
184704568,服饰鞋履,666666,ww:,未知,2025/4/13 0:53,是我是我真的是我,0,0,0,0
184704568,服饰鞋履,666666,睡觉了:,未知,2025/4/13 0:53,推荐哪个色啊,1,1,1,1
184704568,服饰鞋履,666666,发财小璇子:,未知,2025/4/13 0:53,"中,小红书爱你nia爱你来彩",0,0,0,0
184704568,服饰鞋履,666666,想吃汉堡:,未知,2025/4/13 0:54,中一个!,0,0,1,0
184704568,服饰鞋履,666666,Piepie:,未知,2025/4/13 0:54,nia带的什么颜色,1,1,1,1
184704568,服饰鞋履,666666,尼采尼采:,未知,2025/4/13 0:54,拉夫帽子可以退款吗?拉夫帽子可以退款吗?,0,0,1,0
184704568,服饰鞋履,666666,幸运:,未知,2025/4/13 0:54,好看好看,1,1,1,1
184704568,服饰鞋履,666666,didimm（备考版:,未知,2025/4/13 0:54,"天涯,nia宝还在播",0,0,0,0
184704568,服饰鞋履,666666,黄油饼干:,未知,2025/4/13 0:54,谢谢啦,0,0,0,0
184704568,服饰鞋履,666666,是阿巧呀:,未知,2025/4/13 0:54,烟灰色吗,1,1,1,1
184704568,服饰鞋履,666666,miisTuT:,未知,2025/4/13 0:54,谢谢nia啊啊啊啊啊,0,0,0,0
184704568,服饰鞋履,666666,牛骷颅甄嬛:,未知,2025/4/13 0:54,红薯爸爸能看看孩子吗,0,0,0,0
184704568,服饰鞋履,666666,小洋又饿了:,未知,2025/4/13 0:54,我我我三克油,0,0,0,0
184704568,服饰鞋履,666666,吃太慢:,未知,2025/4/13 0:54,是我了,0,0,0,0
184704568,服饰鞋履,666666,懒:,未知,2025/4/13 0:54,爱爱ni,0,0,0,0
184704568,服饰鞋履,666666,今天想吃草莓尖尖:,未知,2025/4/13 0:54,我中奖了手滑给退款了可以重新拍嘛,0,0,1,0
184704568,服饰鞋履,666666,九点准备睡觉:,未知,2025/4/13 0:54,苹果穿一下8号吧,1,1,1,1
184704568,服饰鞋履,666666,Dream:,未知,2025/4/13 0:54,该我了,0,0,0,0
184704568,服饰鞋履,666666,是阿巧呀:,未知,2025/4/13 0:54,灰色是烟灰色吗,1,1,1,1
184704568,服饰鞋履,666666,deungnimse^o^:,未知,2025/4/13 0:54,苹果穿得s码吗,1,1,1,1
184704568,服饰鞋履,666666,想吃汉堡:,未知,2025/4/13 0:54,我我我!,0,0,0,0
184704568,服饰鞋履,666666,时间差:,未知,2025/4/13 0:54,万一是我呢,0,0,0,0
184704568,服饰鞋履,666666,deungnimse^o^:,未知,2025/4/13 0:54,苹果你穿得什么码呀,0,1,0,0
184704568,服饰鞋履,666666,夏一个季节:,未知,2025/4/13 0:54,是我吗,0,0,0,0
184704568,服饰鞋履,666666,momo锦鲤:,未知,2025/4/13 0:54,万一是我,0,0,0,0
184704568,服饰鞋履,666666,Haappy:,未知,2025/4/13 0:54,今年好运来点奖,0,0,0,0
184704568,服饰鞋履,666666,陈二大可:,未知,2025/4/13 0:54,我我我我一定是我,0,0,0,0
184704568,服饰鞋履,666666,Jing:,未知,2025/4/13 0:54,希望是我,0,0,0,0
184704568,服饰鞋履,666666,摆摆日记:,未知,2025/4/13 0:54,小苹果老师可以再试一下introutro吗,1,1,1,1
184704568,服饰鞋履,666666,今天不喝咖啡:,未知,2025/4/13 0:54,是我是我,0,0,0,0
184704568,服饰鞋履,666666,是阿巧呀:,未知,2025/4/13 0:55,黑色是烟灰色吗,1,1,1,1
184704568,服饰鞋履,666666,大不了就胖点:,未知,2025/4/13 0:55,是我吧,0,0,0,0
184704568,服饰鞋履,666666,陈二大可:,未知,2025/4/13 0:55,宅女保佑我,0,0,0,0
184704568,服饰鞋履,666666,发财小璇子:,未知,2025/4/13 0:55,财神爷保佑我,0,0,0,0
184704568,服饰鞋履,666666,care:,未知,2025/4/13 0:55,保佑保佑,0,0,0,0
184704568,服饰鞋履,666666,自信气质女人:,未知,2025/4/13 0:55,看看全身,1,1,1,1
184704568,服饰鞋履,666666,福气绵绵:,未知,2025/4/13 0:55,你身上的这套可以讲讲吗,1,1,1,1
184704568,服饰鞋履,666666,ie:,未知,2025/4/13 0:55,很需要,1,0,0,0
184704568,服饰鞋履,666666,自信气质女人:,未知,2025/4/13 0:55,nia我,0,0,0,0
184704568,服饰鞋履,666666,困困:,未知,2025/4/13 0:55,Nia保佑我,0,0,0,0
184704568,服饰鞋履,666666,hahaxxh:,未知,2025/4/13 0:55,恭喜我,0,0,0,0
184704568,服饰鞋履,666666,6xx:,未知,2025/4/13 0:55,播到几点呀,0,0,0,0
184704568,服饰鞋履,666666,蛋黄派派:,未知,2025/4/13 0:55,我要2888,0,1,0,0
184704568,服饰鞋履,666666,愤怒小猪:,未知,2025/4/13 0:55,财神爷保佑,0,0,0,0
184704568,服饰鞋履,666666,吃太慢:,未知,2025/4/13 0:55,苹果穿4,1,1,1,1
184704568,服饰鞋履,666666,Mynie没烦恼:,未知,2025/4/13 0:55,请问113的免单怎么抽呀是不是已经过了!我已经买了,0,0,1,0
184704568,服饰鞋履,666666,:,未知,2025/4/13 0:55,求求了是我,0,0,0,0
184704568,服饰鞋履,666666,momo:,未知,2025/4/13 0:55,抽我抽我抽我抽到我,0,0,0,0
184704568,服饰鞋履,666666,momo:,未知,2025/4/13 0:55,抽我抽我抽我抽到我抽,0,0,0,0
184704568,服饰鞋履,666666,财财:,未知,2025/4/13 0:55,qqqqiu,0,0,0,0
184704568,服饰鞋履,666666,小红薯674E3ADD:,未知,2025/4/13 0:55,腮红是什么,1,1,1,1
184704568,服饰鞋履,666666,霸气的暴龙兽:,未知,2025/4/13 0:55,我值得我超爱小红书超爱nia,0,0,0,0
184704568,服饰鞋履,666666,大不了就胖点:,未知,2025/4/13 0:55,必须买够2888吗,0,1,0,0
184704568,服饰鞋履,666666,momo:,未知,2025/4/13 0:55,抽我抽我抽我抽到我抽我中奖,0,0,0,0
184704568,服饰鞋履,666666,小豆蔻:,未知,2025/4/13 0:55,主包衣服在几号链接,1,1,1,1
184704568,服饰鞋履,666666,尼采尼采:,未知,2025/4/13 0:55,拉夫帽子退款处理下看不见吗,1,0,0,0
184704568,服饰鞋履,666666,daisyeol_:,未知,2025/4/13 0:55,可以带一下墨镜嘛,1,1,1,1
184704568,服饰鞋履,666666,小洋又饿了:,未知,2025/4/13 0:55,小苹果的眉骨好漂亮,1,0,0,0
184704568,服饰鞋履,666666,热水。:,未知,2025/4/13 0:55,给我2888吧,0,1,0,0
184704568,服饰鞋履,666666,财财:,未知,2025/4/13 0:55,准备可以睡觉,0,0,0,0
184704568,服饰鞋履,666666,阿美寮-:,未知,2025/4/13 0:56,抽我我我我我我,0,0,0,0
184704568,服饰鞋履,666666,&&:,未知,2025/4/13 0:56,我要中!!!!,0,0,1,0
184704568,服饰鞋履,666666,mxt:,未知,2025/4/13 0:56,我我我w,0,0,0,0
184704568,服饰鞋履,666666,想吃汉堡:,未知,2025/4/13 0:56,bkpp保佑,0,0,0,0
184704568,服饰鞋履,666666,：:,未知,2025/4/13 0:56,15号补货15号补货,1,1,1,1
184704568,服饰鞋履,666666,hahaxxh:,未知,2025/4/13 0:56,谢谢大家恭喜我,0,0,0,0
184704568,服饰鞋履,666666,Angela芝芝:,未知,2025/4/13 0:56,nia宝宝,0,0,0,0
184704568,服饰鞋履,666666,今天不喝咖啡:,未知,2025/4/13 0:56,Bkpp保佑我,0,0,0,0
184704568,服饰鞋履,666666,买买买的妮妮:,未知,2025/4/13 0:56,2888是返现吗,0,0,1,0
184704568,服饰鞋履,666666,jwoo:,未知,2025/4/13 0:56,下次啥时候卖衣服呀,1,1,1,1
184704568,服饰鞋履,666666,miisTuT:,未知,2025/4/13 0:56,美nia,0,1,0,0
184704568,服饰鞋履,666666,是芋泥耶:,未知,2025/4/13 0:56,希望是幸运的夏天,0,0,0,0
184704568,服饰鞋履,666666,迷人老乔治:,未知,2025/4/13 0:56,怎么中奖?,0,0,0,0
184704568,服饰鞋履,666666,阿美寮-:,未知,2025/4/13 0:56,抽我吧,0,0,0,0
184704568,服饰鞋履,666666,少放点盐:,未知,2025/4/13 0:56,48的半价是抽过了嘛?,1,0,0,0
184704568,服饰鞋履,666666,喂喂吃草莓:,未知,2025/4/13 0:56,小苹果绿裙子穿s大腿会觉得紧嘛?小苹果绿裙子穿s大腿会觉得紧嘛??,1,1,1,1
184704568,服饰鞋履,666666,Mynie没烦恼:,未知,2025/4/13 0:56,请问114的免单怎么抽呀是不是已经过了!我已经买了,0,1,0,0
184704568,服饰鞋履,666666,喂喂吃草莓:,未知,2025/4/13 0:56,小苹果绿裙子穿s大腿会觉得紧嘛?小苹果绿裙子穿s大腿会觉得紧嘛?,1,1,1,1
184704568,服饰鞋履,666666,:,未知,2025/4/13 0:56,是我是我,0,0,0,0
184704568,服饰鞋履,666666,momo:,未知,2025/4/13 0:56,抽我抽我抽我抽到我抽我中奖了抽我抽中,0,0,0,0
184704568,服饰鞋履,666666,料好运:,未知,2025/4/13 0:56,"1点抽2888大锦鲤!：1点前下单实付满2888返2888,不满则实际报销!",0,0,1,0
184704568,服饰鞋履,666666,momo:,未知,2025/4/13 0:56,抽我抽我抽我抽到我抽我中奖了抽我抽中我抽我抽我抽,0,0,0,0
184704568,服饰鞋履,666666,懒:,未知,2025/4/13 0:56,没超出呢,0,0,0,0
184704568,服饰鞋履,666666,莓莓有点酸:,未知,2025/4/13 0:56,我求你,0,0,0,0
184704568,服饰鞋履,666666,愤怒小猪:,未知,2025/4/13 0:56,终于下班了哈哈哈哈辛苦啦妮,0,0,0,0
184704568,服饰鞋履,666666,:,未知,2025/4/13 0:56,老天爷求你宠我,0,0,0,0
184704568,服饰鞋履,666666,快乐小孩儿:,未知,2025/4/13 0:56,返现锦鲤!!!,0,0,1,0
184704568,服饰鞋履,666666,绝对不加餐:,未知,2025/4/13 0:56,我我我!,0,0,0,0
184704568,服饰鞋履,666666,吱吱:,未知,2025/4/13 0:56,nia好有活力,0,0,0,0
184704568,服饰鞋履,666666,小红薯64BC45FF:,未知,2025/4/13 0:56,抽我啊啊啊啊啊啊啊啊啊啊,0,0,0,0
184704568,服饰鞋履,666666,TTTTs-:,未知,2025/4/13 0:57,来财来,0,0,0,0
184704568,服饰鞋履,666666,luckyoneisme:,未知,2025/4/13 0:57,小红书再爱我一次,0,0,0,0
184704568,服饰鞋履,666666,ie:,未知,2025/4/13 0:57,中一次吧,0,0,1,0
184704568,服饰鞋履,666666,两根绿裤子:,未知,2025/4/13 0:57,求你好红薯,0,0,0,0
184704568,服饰鞋履,666666,每天都要搓夹夹:,未知,2025/4/13 0:57,抽抽抽抽!!,0,0,0,0
184704568,服饰鞋履,666666,:,未知,2025/4/13 0:57,求中求中,0,0,0,0
184704568,服饰鞋履,666666,每天都要搓夹夹:,未知,2025/4/13 0:57,有种刮刮乐的感觉!,0,0,0,0
184704568,服饰鞋履,666666,林要要:,未知,2025/4/13 0:57,抽我!!,0,0,0,0
184704568,服饰鞋履,666666,吃太慢:,未知,2025/4/13 0:57,就是我,0,0,0,0
184704568,服饰鞋履,666666,Derain:,未知,2025/4/13 0:57,小红薯选我,0,0,1,0
184704568,服饰鞋履,666666,TTTTs-:,未知,2025/4/13 0:57,好运来来来,0,0,0,0
184704568,服饰鞋履,666666,抹茶椰术家:,未知,2025/4/13 0:57,四月宠幸我一次,0,0,0,0
184704568,服饰鞋履,666666,ie:,未知,2025/4/13 0:57,呜呜呜呜我,0,0,0,0
184704568,服饰鞋履,666666,陈二大可:,未知,2025/4/13 0:57,中我中我,0,0,0,0
184704568,服饰鞋履,666666,PCY 山田酱:,未知,2025/4/13 0:57,怎么加的粉丝团,0,0,1,0
184704568,服饰鞋履,666666,luckyoneisme:,未知,2025/4/13 0:57,小红书你敢不敢抽我呢,0,0,0,0
184704568,服饰鞋履,666666,扣酱:,未知,2025/4/13 0:57,黑色墨镜的镜片是绿色吗,1,1,1,1
184704568,服饰鞋履,666666,Mynie没烦恼:,未知,2025/4/13 0:57,真好啊!,0,1,0,0
184704568,服饰鞋履,666666,care:,未知,2025/4/13 0:57,官方爸爸看看我,0,0,1,0
184704568,服饰鞋履,666666,胖达龟龟:,未知,2025/4/13 0:57,来财来财,0,0,0,0
184704568,服饰鞋履,666666,:,未知,2025/4/13 0:57,是我是我一定是我,0,0,0,0
184704568,服饰鞋履,666666,是芋泥耶:,未知,2025/4/13 0:57,好激动,0,0,0,0
184704568,服饰鞋履,666666,吃什么面:,未知,2025/4/13 0:57,没中过啊啊啊啊啊拜托,0,0,0,0
184704568,服饰鞋履,666666,No.D:,未知,2025/4/13 0:57,这个直播间太上头了,0,0,1,0
184704568,服饰鞋履,666666,33.:,未知,2025/4/13 0:57,中!是我是我,0,0,0,0
184704568,服饰鞋履,666666,陈二大可:,未知,2025/4/13 0:57,是我是我是我,0,0,0,0
184704568,服饰鞋履,666666,宽粉脑袋:,未知,2025/4/13 0:57,看这里,0,0,1,0
184704568,服饰鞋履,666666,^O^轩轩～:,未知,2025/4/13 0:58,锦鲤附体,0,0,0,0
184704568,服饰鞋履,666666,去冰:,未知,2025/4/13 0:58,抽我抽我,0,0,0,0
184704568,服饰鞋履,666666,耶耶耶:,未知,2025/4/13 0:58,我来了我来了,0,0,0,0
184704568,服饰鞋履,666666,luckyoneisme:,未知,2025/4/13 0:58,我准备好了,0,0,0,0
184704568,服饰鞋履,666666,Ren670345:,未知,2025/4/13 0:58,好好看,1,1,1,1
184704568,服饰鞋履,666666,于是榆:,未知,2025/4/13 0:58,小红书我必中,0,0,1,0
184704568,服饰鞋履,666666,吃太慢:,未知,2025/4/13 0:58,苹果穿4,1,1,1,1
184704568,服饰鞋履,666666,愤怒小猪:,未知,2025/4/13 0:58,跟过年一样哈哈哈哈哈哈哈哈,0,0,0,0
184704568,服饰鞋履,666666,士多店:,未知,2025/4/13 0:58,宝宝下次直播什么时候!,0,0,0,0
184704568,服饰鞋履,666666,momo:,未知,2025/4/13 0:58,抽我抽我抽我抽,0,0,0,0
184704568,服饰鞋履,666666,陈二大可:,未知,2025/4/13 0:58,肯定是我,0,0,0,0
184704568,服饰鞋履,666666,luckyoneisme:,未知,2025/4/13 0:58,抖舞女王,0,0,0,0
184704568,服饰鞋履,666666,:,未知,2025/4/13 0:58,啊啊啊我想要,1,0,1,1
184704568,服饰鞋履,666666,ie:,未知,2025/4/13 0:58,好运来,0,0,0,0
184704568,服饰鞋履,666666,耶耶耶:,未知,2025/4/13 0:58,希望是我希望是我,0,0,0,0
184704568,服饰鞋履,666666,天线宝宝:,未知,2025/4/13 0:58,财神爷拜拜拜,0,0,0,0
184704568,服饰鞋履,666666,白日萌:,未知,2025/4/13 0:58,来来来财,0,0,0,0
184704568,服饰鞋履,666666,陈二大可:,未知,2025/4/13 0:58,发财发财发财,0,0,0,0
184704568,服饰鞋履,666666,莓莓有点酸:,未知,2025/4/13 0:59,是我是我,0,0,0,0
184704568,服饰鞋履,666666,喂喂吃草莓:,未知,2025/4/13 0:59,小苹果绿裙子穿s大腿会觉得紧嘛?小苹果绿裙子穿s大腿会觉得紧嘛?,1,1,1,1
184704568,服饰鞋履,666666,夏一个季节:,未知,2025/4/13 0:59,从来没中过奖,0,0,0,0
184704568,服饰鞋履,666666,今天吃什么啊:,未知,2025/4/13 0:59,来来来来财,0,0,0,0
184704568,服饰鞋履,666666,小洋又饿了:,未知,2025/4/13 0:59,会是我吗,0,0,0,0
184704568,服饰鞋履,666666,信息仓鼠:,未知,2025/4/13 0:59,我我我我我中中,0,0,0,0
184704568,服饰鞋履,666666,夏一个季节:,未知,2025/4/13 0:59,我我我吗,0,0,0,0
184704568,服饰鞋履,666666,Mylittlepony:,未知,2025/4/13 0:59,上衣还有上衣还有吗,1,1,1,1
184704568,服饰鞋履,666666,6xx:,未知,2025/4/13 0:59,妮真的是活力满满,0,0,0,0
184704568,服饰鞋履,666666,白日萌:,未知,2025/4/13 0:59,来财中中中,0,0,0,0
184704568,服饰鞋履,666666,椰i:,未知,2025/4/13 0:59,没有优惠券了吗,1,1,1,1
184704568,服饰鞋履,666666,吃太慢:,未知,2025/4/13 0:59,世界和平,0,0,0,0
184704568,服饰鞋履,666666,Xx:,未知,2025/4/13 0:59,170110百褶裙套装穿什么码,1,1,1,1
184704568,服饰鞋履,666666,吃什么面:,未知,2025/4/13 0:59,小红书小红书发财,0,0,0,0
184704568,服饰鞋履,666666,白日萌:,未知,2025/4/13 0:59,来财来财来财,0,0,0,0
184704568,服饰鞋履,666666,111Vii:,未知,2025/4/13 0:59,求你了抽我,0,0,0,0
184704568,服饰鞋履,666666,两根绿裤子:,未知,2025/4/13 0:59,爱你红书,0,0,0,0
184704568,服饰鞋履,666666,椰i:,未知,2025/4/13 0:59,苹果可以穿一下短裤吗,1,1,1,1
184704568,服饰鞋履,666666,夏一个季节:,未知,2025/4/13 0:59,来我的家,0,0,0,0
184704568,服饰鞋履,666666,信息仓鼠:,未知,2025/4/13 0:59,我中!,0,0,0,0
184704568,服饰鞋履,666666,:,未知,2025/4/13 0:59,小红书抽我,0,0,0,0
184704568,服饰鞋履,666666,luckyoneisme:,未知,2025/4/13 0:59,到我家,0,0,0,0
184704568,服饰鞋履,666666,喵喵喵:,未知,2025/4/13 1:00,来啦啊啊啊喵喵喵,0,0,0,0
184704568,服饰鞋履,666666,PCY 山田酱:,未知,2025/4/13 1:00,太快了,0,0,0,0
184704568,服饰鞋履,666666,yyyyy:,未知,2025/4/13 1:00,那个小夹子被nia种草好久了!!!,1,1,1,1
184704568,服饰鞋履,666666,LI-SHNan:,未知,2025/4/13 1:00,这个t几号链接,1,1,1,1
184704568,服饰鞋履,666666,Xx:,未知,2025/4/13 1:00,170110百褶裙套组穿什么码,1,1,1,1
184704568,服饰鞋履,666666,陈无敌大人:,未知,2025/4/13 1:00,降临到我身上,0,0,0,0
184704568,服饰鞋履,666666,料好运:,未知,2025/4/13 1:00,"1点抽2888大锦鲤!：1点前下单实付满2888返2888,不满则实际报销!",0,0,1,0
184704568,服饰鞋履,666666,春天吃草莓夏天吃西瓜:,未知,2025/4/13 1:00,恭喜啊,0,0,0,0
184704568,服饰鞋履,666666,心愿便利贴:,未知,2025/4/13 1:00,恭喜恭喜,0,0,0,0
184704568,服饰鞋履,666666,不吃番茄（小锦鲤）:,未知,2025/4/13 1:00,哈哈哈哈哈哈哈哈哈哈哈哈笑死我了,0,0,0,0
184704568,服饰鞋履,666666,小红薯6593822F:,未知,2025/4/13 1:00,沾喜气!,0,0,0,0
184704568,服饰鞋履,666666,Yiiunngy_:,未知,2025/4/13 1:00,@关你吊是哈哈哈哈哈哈哈哈哈,0,0,0,0
184704568,服饰鞋履,666666,橘子苹果梨:,未知,2025/4/13 1:00,是啥名字啊,0,0,0,0
184704568,服饰鞋履,666666,ANDY:,未知,2025/4/13 1:00,还有券嘛,1,1,1,1
184704568,服饰鞋履,666666,:,未知,2025/4/13 1:00,恭喜（邪恶栀子花表情包,0,0,1,0
184704568,服饰鞋履,666666,歪我是阿菲呀:,未知,2025/4/13 1:00,还在播,0,0,0,0
184704568,服饰鞋履,666666,愤怒小猪:,未知,2025/4/13 1:00,"运气这么差,找工作运气肯定回来了",0,0,0,0
184704568,服饰鞋履,666666,6xx:,未知,2025/4/13 1:01,笑死都发不出来,0,0,0,0
184704568,服饰鞋履,666666,少放点盐:,未知,2025/4/13 1:01,48是抽过半价了嘛,1,1,1,1
184704568,服饰鞋履,666666,茶咖teaco:,未知,2025/4/13 1:01,看到了,0,0,0,0
184704568,服饰鞋履,666666,喂喂吃草莓:,未知,2025/4/13 1:01,小苹果绿裙子穿s大腿会觉得紧嘛?小苹果绿裙子穿s大腿会觉得紧嘛?,1,1,1,1
184704568,服饰鞋履,666666,SimpleStudio:,未知,2025/4/13 1:01,笑死这个ID名,0,0,0,0
184704568,服饰鞋履,666666,回笼觉教主:,未知,2025/4/13 1:01,真关你事了,0,0,0,0
184704568,服饰鞋履,666666,愤怒小猪:,未知,2025/4/13 1:01,加油加油!!!,0,0,0,0
184704568,服饰鞋履,666666,Xx:,未知,2025/4/13 1:01,170110百褶裙套装穿什么码,1,1,1,1
184704568,服饰鞋履,666666,potato:,未知,2025/4/13 1:01,好厉害,0,0,0,0
184704568,服饰鞋履,666666,我要做小妖精:,未知,2025/4/13 1:01,推荐哪个颜色,1,1,1,1
184704568,服饰鞋履,666666,今天吃什么啊:,未知,2025/4/13 1:01,好幸福,0,0,0,0
184704568,服饰鞋履,666666,扣酱:,未知,2025/4/13 1:01,黑色墨镜的镜片是绿色吗,1,1,1,1
184704568,服饰鞋履,666666,Asiasa:,未知,2025/4/13 1:01,好奇买了啥,0,0,1,0
184704568,服饰鞋履,666666,momo锦鲤:,未知,2025/4/13 1:01,好幸运啊,0,0,0,0
184704568,服饰鞋履,666666,SimpleStudio:,未知,2025/4/13 1:01,宅老师熬夜了,0,0,0,0
184704568,服饰鞋履,666666,。:,未知,2025/4/13 1:01,难忘今宵,0,0,0,0
184704568,服饰鞋履,666666,momo:,未知,2025/4/13 1:01,xinul,0,0,0,0
184704568,服饰鞋履,666666,困困:,未知,2025/4/13 1:01,拜拜宝宝,0,0,0,0
184704568,服饰鞋履,666666,夏一个季节:,未知,2025/4/13 1:01,爱你nia,0,0,0,0
184704568,服饰鞋履,666666,耶耶耶:,未知,2025/4/13 1:01,好羡慕,0,0,0,0
184704568,服饰鞋履,666666,一颗好白菜:,未知,2025/4/13 1:01,还有券吗,1,1,1,1
184704568,服饰鞋履,666666,菀辛Ryu:,未知,2025/4/13 1:01,包包抽了吗,1,0,0,0
184704568,服饰鞋履,666666,胖达龟龟:,未知,2025/4/13 1:01,nia拜拜牛女辛苦啦,0,0,0,0
184704568,服饰鞋履,666666,宽粉脑袋:,未知,2025/4/13 1:01,下次啥时候,0,0,0,0
184704568,服饰鞋履,666666,斯密马赛八嘎西内:,未知,2025/4/13 1:01,"拜拜nia,小苹果",0,0,0,0
184704568,服饰鞋履,666666,momo:,未知,2025/4/13 1:01,辛苦啦,0,0,0,0
184704568,服饰鞋履,666666,回笼觉教主:,未知,2025/4/13 1:01,难忘今宵~,0,0,0,0
184704568,服饰鞋履,666666,再吃一口:,未知,2025/4/13 1:01,难忘今宵～～～,0,0,0,0
184704568,服饰鞋履,666666,77的分享日记:,未知,2025/4/13 1:01,下次直播什么时候!!!nia886,0,0,0,0
184704568,服饰鞋履,666666,yyyyy:,未知,2025/4/13 1:01,下一次什么时候播!!!,0,0,0,0
184704568,服饰鞋履,666666,Mynie没烦恼:,未知,2025/4/13 1:01,Twin,0,0,0,0
184704568,服饰鞋履,666666,快乐小狗不想有烦恼:,未知,2025/4/13 1:01,下次啥时候播!,0,0,0,0
184704568,服饰鞋履,666666,吃一口:,未知,2025/4/13 1:01,下一次直播什么时候呀,0,0,0,0
184704568,服饰鞋履,666666,十元爱元宝（财运亨通）:,未知,2025/4/13 1:01,92号是不是还没抽啊,1,1,1,1
184704568,服饰鞋履,666666,喂喂吃草莓:,未知,2025/4/13 1:02,小苹果绿裙子穿s大腿会觉得紧嘛?小苹果绿裙子穿s大腿会觉得紧嘛?,1,1,1,1
184704568,服饰鞋履,666666,帅哥:,未知,2025/4/13 1:02,nia播到好晚差点忘记了还是拍上了,1,1,1,1
184704568,服饰鞋履,666666,小汪今天也要加油呀:,未知,2025/4/13 1:02,陪伴一天,0,0,0,0
184704568,服饰鞋履,666666,saujana:,未知,2025/4/13 1:02,下次什么时候,0,0,0,0
184704568,服饰鞋履,666666,宽粉脑袋:,未知,2025/4/13 1:02,下次啥播,0,0,0,0
184704568,服饰鞋履,666666,grace:,未知,2025/4/13 1:02,看了一天直播,0,0,0,0
184704568,服饰鞋履,666666,春天吃草莓夏天吃西瓜:,未知,2025/4/13 1:02,啊啊啊一直在,0,0,0,0
184704568,服饰鞋履,666666,葡萄还是不呐呐:,未知,2025/4/13 1:02,辛苦啦宝宝,0,0,0,0
184704568,服饰鞋履,666666,日桉:,未知,2025/4/13 1:02,开始陪到现在!,0,0,0,0
184704568,服饰鞋履,666666,potato:,未知,2025/4/13 1:02,虽然手气不好,0,0,0,0
184704568,服饰鞋履,666666,33.:,未知,2025/4/13 1:02,辛苦Mia,0,0,0,0
184704568,服饰鞋履,666666,快乐小斗:,未知,2025/4/13 1:02,宅子还没睡好好好,0,0,0,0
184704568,服饰鞋履,666666,葡萄还是不呐呐:,未知,2025/4/13 1:02,哇宅子还在,0,0,0,0
184704568,服饰鞋履,666666,一只舒舒:,未知,2025/4/13 1:02,下一场什么时候直播,0,0,0,0
184704568,服饰鞋履,666666,Akiyamio:,未知,2025/4/13 1:02,刚刚买的帽子居然发货了!可以退吗本来是为了抽奖,0,0,1,0
184704568,服饰鞋履,666666,今天吃什么啊:,未知,2025/4/13 1:02,宅女来啦,0,0,0,0
184704568,服饰鞋履,666666,士多店:,未知,2025/4/13 1:02,女王退群,0,0,0,0
184704568,服饰鞋履,666666,Asiasa:,未知,2025/4/13 1:02,@发财宅女,0,0,0,0
184704568,服饰鞋履,666666,yuyuyuuu:,未知,2025/4/13 1:02,@发财宅女还不睡,0,0,0,0
184704568,服饰鞋履,666666,士多店:,未知,2025/4/13 1:02,下次直播什么时候!,0,0,0,0
184704568,服饰鞋履,666666,Somethingline:,未知,2025/4/13 1:02,狗勾t几号!,1,1,1,1
184704568,服饰鞋履,666666,Marks:,未知,2025/4/13 1:02,从没试过看一天直播,0,0,0,0
184704568,服饰鞋履,666666,saujana:,未知,2025/4/13 1:03,宅女来啦哈哈哈哈,0,0,0,0
184704568,服饰鞋履,666666,Mynie没烦恼:,未知,2025/4/13 1:03,等我工作了我也还要喜欢nia,0,0,0,0
184704568,服饰鞋履,666666,Luda老师:,未知,2025/4/13 1:03,宅女在耶,0,0,0,0
184704568,服饰鞋履,666666,大名叫美美:,未知,2025/4/13 1:03,nia886,0,1,1,1
184704568,服饰鞋履,666666,ie:,未知,2025/4/13 1:03,想看看别针项链金色,1,1,1,1
184704568,服饰鞋履,666666,potato:,未知,2025/4/13 1:03,要哭了,0,0,0,0
184704568,服饰鞋履,666666,宽粉脑袋:,未知,2025/4/13 1:03,下次啥时候,0,0,0,0
184704568,服饰鞋履,666666,:,未知,2025/4/13 1:03,这什么歌呀,0,0,0,0
184704568,服饰鞋履,666666,小蟹比a～:,未知,2025/4/13 1:03,小苹果,0,0,1,0
184704568,服饰鞋履,666666,揪小羊尾巴_o:,未知,2025/4/13 1:03,特别爱你,0,0,0,0
184704568,服饰鞋履,666666,sunyiyi:,未知,2025/4/13 1:03,爱你们,0,0,0,0
184704568,服饰鞋履,666666,Asiasa:,未知,2025/4/13 1:03,爱nia,0,0,0,0
184704568,服饰鞋履,666666,yyyyy:,未知,2025/4/13 1:03,下一次什么时候播!!!,0,0,0,0
184704568,服饰鞋履,666666,有点开心:,未知,2025/4/13 1:03,苹果的id是啥!,0,0,0,0
184704568,服饰鞋履,666666,Lisianthus:,未知,2025/4/13 1:03,晚安宝宝,0,0,0,0
184704568,服饰鞋履,666666,耶耶:,未知,2025/4/13 1:03,下场直播什么时候下场直播什么时候,0,0,0,0
184704568,服饰鞋履,666666,糖心蛋:,未知,2025/4/13 1:03,下次见,0,0,0,0
184704568,服饰鞋履,666666,xee:,未知,2025/4/13 1:03,辛苦了!,0,0,0,0
184704568,服饰鞋履,666666,一只舒舒:,未知,2025/4/13 1:03,买了好多下一场什么时候直播,0,1,0,0
184704568,服饰鞋履,666666,夏一个季节:,未知,2025/4/13 1:03,希望所有人都一切顺利越来越好,0,0,0,0
184704568,服饰鞋履,666666,sunyiyi:,未知,2025/4/13 1:03,爱苹果爱nia,0,0,0,0
184704568,服饰鞋履,666666,:,未知,2025/4/13 1:03,twin～～～～～～～～～～～,0,0,0,0
184704568,服饰鞋履,666666,Xx:,未知,2025/4/13 1:03,170110百褶裙套装穿什么码170110百褶裙套装穿什么码170110百褶裙套装穿什么码,1,1,1,1
184704568,服饰鞋履,666666,Akiyamio:,未知,2025/4/13 1:03,可以退吗,0,0,1,0
184704568,服饰鞋履,666666,Yaliyaaa:,未知,2025/4/13 1:03,nia的短袖有吗,1,1,1,1
184704568,服饰鞋履,666666,年糕湯:,未知,2025/4/13 1:03,晚安晚安[捂嘴笑R],0,0,0,0
184704568,服饰鞋履,666666,心愿便利贴:,未知,2025/4/13 1:03,辛苦啦,0,0,0,0
184704568,服饰鞋履,666666,再吃一口:,未知,2025/4/13 1:03,快下班吧!!!辛苦了!!!,0,0,0,0
184704568,服饰鞋履,666666,SimpleStudio:,未知,2025/4/13 1:03,陪了一天虽然没中奖买了一堆哈哈哈,0,1,0,0
184704568,服饰鞋履,666666,只只:,未知,2025/4/13 1:03,真的很想看140的讲解!!!!!niaaaa!!!!!,1,1,1,1
184704568,服饰鞋履,666666,xixi6talk*s:,未知,2025/4/13 1:03,宅在哎,0,0,0,0
184704568,服饰鞋履,666666,发财宅女:,未知,2025/4/13 1:03,大家辛苦了!!!爱nia和小苹果还某工作人员小姐姐,0,0,0,0
184704568,服饰鞋履,666666,:,未知,2025/4/13 1:03,谢谢你们,0,0,0,0
184704568,服饰鞋履,666666,尼采尼采:,未知,2025/4/13 1:03,拉夫帽子不能退好恶心,0,0,1,0
184704568,服饰鞋履,666666,别再对我笑:,未知,2025/4/13 1:03,喜欢这首歌!!!!,0,0,0,0
184704568,服饰鞋履,666666,芋泥苹果派:,未知,2025/4/13 1:04,这首歌是啥,0,0,0,0
184704568,服饰鞋履,666666,Lalala在干嘛呀:,未知,2025/4/13 1:04,大家辛苦了,0,0,0,0
184704568,服饰鞋履,666666,今天不喝咖啡:,未知,2025/4/13 1:04,下次见面!,0,0,0,0
184704568,服饰鞋履,666666,小狗百利甜:,未知,2025/4/13 1:04,很开心的一天!,0,0,0,0
184704568,服饰鞋履,666666,:,未知,2025/4/13 1:04,很开心宝宝,0,0,0,0
184704568,服饰鞋履,666666,momo:,未知,2025/4/13 1:04,特别开心的一天,0,0,0,0
184704568,服饰鞋履,666666,礼拜一:,未知,2025/4/13 1:04,爱你nia,0,0,0,0
184704568,服饰鞋履,666666,旺旺雪饼:,未知,2025/4/13 1:04,nia早点休息!!!!,0,0,0,0
184704568,服饰鞋履,666666,Zegrni:,未知,2025/4/13 1:04,nia宝宝辛苦啦,0,0,0,0
184704568,服饰鞋履,666666,别别再吃了:,未知,2025/4/13 1:04,什么歌呀,0,0,0,0
184704568,服饰鞋履,666666,发财小璇子:,未知,2025/4/13 1:04,多播!!!!!!!,0,0,0,0
184704568,服饰鞋履,666666,粥粥:,未知,2025/4/13 1:04,快快休息,0,0,0,0
184704568,服饰鞋履,666666,阳光下的甜佳欣:,未知,2025/4/13 1:04,nia记得我不!,0,0,0,0
184704568,服饰鞋履,666666,礼拜一:,未知,2025/4/13 1:04,特别开心爱你nia,0,0,0,0
184704568,服饰鞋履,666666,鹅跟你讲:,未知,2025/4/13 1:04,"谢谢大家的陪伴,祝大家今天看的开心,买的开心!",0,0,0,0
184704568,服饰鞋履,666666,琳琳:,未知,2025/4/13 1:04,下一次直播什么时候,0,0,0,0
184704568,服饰鞋履,666666,春天吃草莓夏天吃西瓜:,未知,2025/4/13 1:04,nia,0,0,0,0
184704568,服饰鞋履,666666,grace:,未知,2025/4/13 1:04,今天就能收到快递了物流太给力了,0,0,1,0
184704568,服饰鞋履,666666,阳光下的甜佳欣:,未知,2025/4/13 1:04,nianiania,0,0,0,0
184704568,服饰鞋履,666666,耶耶:,未知,2025/4/13 1:04,下场直播什么时候,0,0,0,0
184704568,服饰鞋履,666666,lllllliaw-:,未知,2025/4/13 1:04,帽子到手价是398嘛宝宝,1,1,1,1
184704568,服饰鞋履,666666,Jooyoce:,未知,2025/4/13 1:04,胸贴中了私信谁呀,0,1,0,0
184704568,服饰鞋履,666666,别再对我笑:,未知,2025/4/13 1:04,twin!!,0,0,0,0
184704568,服饰鞋履,666666,Xx:,未知,2025/4/13 1:04,170110百褶裙套装穿什么码,1,1,1,1
184704568,服饰鞋履,666666,宽粉脑袋:,未知,2025/4/13 1:04,下次啥时候,0,0,0,0
184704568,服饰鞋履,666666,qin~:,未知,2025/4/13 1:04,一天了券也没有抢到一张奖也没中一个,0,0,0,0
184704568,服饰鞋履,666666,qiqiyo:,未知,2025/4/13 1:04,辛苦宝宝,0,0,0,0
184704568,服饰鞋履,666666,栗子:,未知,2025/4/13 1:04,nia内衣穿哪款呀,1,1,1,1
184704568,服饰鞋履,666666,一只舒舒:,未知,2025/4/13 1:04,小苹果账号,0,0,1,0
184704568,服饰鞋履,666666,礼拜一:,未知,2025/4/13 1:04,宅女也在陪你结束啊啊啊,0,0,0,0
184704568,服饰鞋履,666666,momo:,未知,2025/4/13 1:04,拜拜nia,0,0,0,0
184704568,服饰鞋履,666666,不知名买家蛋挞:,未知,2025/4/13 1:05,nia886!,0,0,0,0
184704568,服饰鞋履,666666,暗:,未知,2025/4/13 1:05,等你下一次!!!,0,0,0,0
184704568,服饰鞋履,666666,黄木林瑶:,未知,2025/4/13 1:05,晚安nia,0,0,0,0
184704568,服饰鞋履,666666,菜菜.:,未知,2025/4/13 1:05,我爱你nia,0,0,0,0
184704568,服饰鞋履,666666,莓莓有点酸:,未知,2025/4/13 1:05,拜拜啦,0,0,0,0
184704568,服饰鞋履,666666,momo:,未知,2025/4/13 1:05,宝宝辛苦哦,0,0,0,0
184704568,服饰鞋履,666666,:,未知,2025/4/13 1:05,晚安宝宝,0,0,0,0
184704568,服饰鞋履,666666,西雅圖流浪女:,未知,2025/4/13 1:05,辛苦啦拜拜,0,0,0,0
184704568,服饰鞋履,666666,XYying:,未知,2025/4/13 1:05,nia辛苦啦,0,0,0,0
