live_id,species,content,label,background
doveic0,Apparel & Footwear,Trying decide between candy and twilight,1,"The user is expressing hesitation in choosing between two products, likely seeking opinions or comparisons to help decide."
doveic0,Apparel & Footwear,what about 7 wide,1,"The user is likely asking about the availability or details of a product variant called ""7 wide,"" possibly comparing it to the previously mentioned ""candy"" and ""twilight"" options."
doveic0,Apparel & Footwear,heyyy,0,The user is casually greeting the streamer while likely considering the previous discussion about color choices (candy/twilight/7 wide).
doveic0,Apparel & Footwear,Are they slip resistant?,1,"The user is asking if the shoes being discussed have slip-resistant soles, likely considering them for purchase based on prior sizing and color questions."
doveic0,Apparel & Footwear,Nonslip?,1,"The user is likely asking for confirmation about the product's slip-resistant feature, following up on the previous question regarding slip resistance."
doveic0,Apparel & Footwear,Yess,0,The user likely expresses agreement or excitement about the slip-resistant feature mentioned in the previous messages.
doveic0,Apparel & Footwear,Yes,0,"The user is affirming a previous question about the product being slip-resistant, likely agreeing with the confirmation ""Yess"" in the prior context."
doveic0,Apparel & Footwear,"I had got mine yesterday, super cute and comfortable",0,"The user is sharing a positive experience with their recent purchase, likely confirming the product's comfort and quality as discussed in previous messages."
doveic0,Apparel & Footwear,USA ONLY 13~5 days priority shipping 230 days free return 324hrs customer service....,0,"The user is likely summarizing key selling points like fast US shipping, free returns, and 24/7 support to confirm purchase incentives before deciding."
doveic0,Apparel & Footwear,Size10/5,1,"The user is likely inquiring about the availability or details of a product in size 10 or 5, possibly comparing options mentioned earlier in the chat."
doveic0,Apparel & Footwear,Stretchy?,1,"The user is likely asking if the product is stretchy, possibly inquiring about its flexibility or fit based on previous discussions about sizing and comfort."
doveic0,Apparel & Footwear,Rey,0,"The user is likely asking about the product's color or style, possibly referring to a specific shade named ""Rey"" mentioned earlier in the discussion."
doveic0,Apparel & Footwear,Ordered five more pairs,0,"The user is confirming their purchase of additional items, likely influenced by positive feedback about the product's comfort and features mentioned earlier."
doveic0,Apparel & Footwear,I ordered 5 got some for my daughter,0,"The user is confirming their purchase of five items, mentioning they bought some for their daughter as well, likely responding to a product recommendation or sharing their satisfaction."
doveic0,Apparel & Footwear,number 42 how much,1,The user is asking about the price of item number 42 in the product lineup.
doveic0,Apparel & Footwear,Missed,0,"The user likely means ""I missed the information about the product details or purchasing options."""
doveic0,Apparel & Footwear,how much,1,"The user is likely inquiring about the price of a specific product mentioned earlier, possibly item number 42."
doveic0,Apparel & Footwear,location,0,The user is likely asking about the shipping location or availability for their region.
doveic0,Apparel & Footwear,Need size8.5,1,"The user is inquiring about the availability of the product in size 8.5, showing clear purchase intent."
doveic0,Apparel & Footwear,how can I get it,1,The user is likely asking about the purchasing process or delivery options for the product mentioned in the chat.
doveic0,Apparel & Footwear,Ordered,0,"The user is confirming they've placed an order, likely influenced by others' positive purchase experiences mentioned earlier."
doveic0,Apparel & Footwear,Baby pink black and yellow,1,"The user is likely asking about the available color options for the product, specifically inquiring if ""baby pink, black, and yellow"" are offered."
doveic0,Apparel & Footwear,I wearing mine today! Super comfortable and true to size!,0,"The user is enthusiastically confirming their positive experience with the product, likely responding to previous sizing/comfort inquiries while encouraging others to purchase."
doveic0,Apparel & Footwear,how much for 3,1,"The user is inquiring about the total price for purchasing three items, likely the same product mentioned in previous comments."
doveic0,Apparel & Footwear,sizes 12,1,The user is inquiring about the availability of size 12 for the product being discussed in the livestream.
doveic0,Apparel & Footwear,are these Adidas dupe,1,"The user is likely asking if the products being shown are imitation versions of Adidas, expressing curiosity about their authenticity or similarity to the brand."
doveic0,Apparel & Footwear,Thank you,0,"The user likely expresses gratitude after receiving product information or placing an order, possibly acknowledging helpful details about shipping/colors/sizes mentioned earlier."
doveic0,Apparel & Footwear,How do you put more than 1 in your cart,0,The user is asking for instructions on how to add multiple quantities of the same item to their shopping cart during the live sale.
doveic0,Apparel & Footwear,Ugh missed by seconds,0,"The user likely expresses frustration at narrowly missing out on purchasing an item due to timing, possibly referencing a limited offer or stock availability."
doveic0,Apparel & Footwear,Can show the size guide again?,1,The user is interested in purchasing and wants to confirm the sizing details before making a decision.
doveic0,Apparel & Footwear,what about the cheetah print ones?,1,The user is asking about the availability or details of the cheetah print version of the product mentioned in the live stream.
doveic0,Apparel & Footwear,why are since 19,0,The user is likely asking why the product has been available since 2019 (possibly questioning its relevance or availability duration).
doveic0,Apparel & Footwear,are they $10 too?,1,"The user is likely asking if the mentioned items also cost $10, similar to a previous purchase or offer discussed in the chat."
doveic0,Apparel & Footwear,do you have 11w,0,"The user is likely asking if the product is available in size 11 wide (11W), inquiring about size availability."
doveic0,Apparel & Footwear,it says,0,The user is likely asking for clarification or details about a product description or feature mentioned earlier in the chat.
doveic0,Apparel & Footwear,So pretty,1,"The user likely expresses admiration for the product's appearance, possibly indicating interest in purchasing it."
doveic0,Apparel & Footwear,Are they true to size?,1,"The user is asking if the product fits accurately according to standard sizing measurements, likely seeking confirmation before purchasing."
doveic0,Apparel & Footwear,Will order,0,"The user intends to purchase the product, likely influenced by positive feedback on comfort and sizing from others in the chat."
doveic0,Apparel & Footwear,pink,1,"The user is likely asking if the product is available in the pink color mentioned earlier (""Baby pink black and yellow"")."
doveic0,Apparel & Footwear,No 8.5 size?,1,The user is inquiring about the availability of size 8.5 for the product being discussed in the live stream.
doveic0,Apparel & Footwear,Black and white,1,The user is likely inquiring about the availability or details of a black and white color option for the product being discussed.
doveic0,Apparel & Footwear,Hi 2,1,"The user is likely inquiring about the price or availability of a product in size 2, following previous discussions about sizes and pricing."
doveic0,Apparel & Footwear,I will get four pairs,0,"The user intends to purchase four pairs of the discussed product, likely shoes, based on prior inquiries about sizing, pricing, and availability in the chat."
doveic0,Apparel & Footwear,Just ordered 6pairs ty,0,"The user is confirming they've purchased six pairs of the advertised shoes, likely responding to a bulk discount or color options mentioned earlier."
doveic0,Apparel & Footwear,I got me the red pair,0,The user is confirming they've purchased the red version of the product mentioned earlier in the chat.
doveic0,Apparel & Footwear,"im usually size 7,",1,The user is likely indicating their usual shoe size to check if the product fits them or to confirm availability before purchasing.
doveic0,Apparel & Footwear,Did you receive my order?,0,The user is likely confirming if their recent purchase was successfully processed and received by the seller.
doveic0,Apparel & Footwear,Kahki!,1,The user is likely asking if the product comes in a khaki color option.
doveic0,Apparel & Footwear,8.5 is my shoe size,1,"The user is confirming their shoe size (8.5) to check product availability or place an order, likely responding to previous size-related queries in the chat."
doveic0,Apparel & Footwear,nine size 9,1,"The user is likely asking if the product is available in size 9, possibly inquiring about sizing accuracy or stock availability based on previous size-related questions."
doveic0,Apparel & Footwear,"I bought pink , white & black",0,"The user is confirming their purchase of the shoes in pink, white, and black colors, likely responding to earlier discussions about available colors and orders."
doveic0,Apparel & Footwear,its not free shipping,0,"The user is expressing disappointment or hesitation about the product not having free shipping, which might affect their purchase decision."
doveic0,Apparel & Footwear,for 3,0,"The user is likely inquiring about the availability or price of an item in a quantity of three, possibly referencing a previous mention of bulk purchases."
doveic0,Apparel & Footwear,Just ordered,0,"The user is confirming their recent purchase, likely influenced by others sharing their orders and discussing product details like colors and sizes."
doveic0,Apparel & Footwear,If I got five more pairs can I get the big discount?,1,The user is inquiring about the possibility of receiving a larger discount if they purchase five additional pairs of the product.
doveic0,Apparel & Footwear,Best deal from u,0,"The user likely means ""This is the best offer I've found from you (the seller)."" implying satisfaction with the current deal and potential purchase intent."
doveic0,Apparel & Footwear,Feel free to join our free giveaway babes!!! Like\comment\Follow us to bulid more connection~~,0,"The user is promoting a free giveaway to encourage engagement (likes, comments, follows) and build audience connections, unrelated to the previous purchase-focused chat."
doveic0,Apparel & Footwear,"$10.9 each,3 pairs get FREE SHIPPING!",0,"The user is highlighting the price and free shipping offer to confirm the deal's attractiveness, likely considering a purchase of three pairs."
doveic0,Apparel & Footwear,hello is judeline,0,"The user is likely introducing themselves or greeting the host, possibly indicating their name is Judeline without explicit purchase intent."
doveic0,Apparel & Footwear,Hope it can fit well,0,"The user is likely expressing cautious optimism about the product's fit, possibly considering a purchase after seeing others discuss sizes and orders."
doveic0,Apparel & Footwear,nice,1,The user likely expresses approval or satisfaction with the product or deal mentioned in previous messages.
doveic0,Apparel & Footwear,Need size 7.5 in pink,1,"The user is inquiring about the availability of pink shoes in size 7.5, indicating purchase intent."
doveic0,Apparel & Footwear,Can I see the baby pinky,1,"The user is likely asking to view the baby pink color option of the product being discussed, possibly to consider purchasing it."
doveic0,Apparel & Footwear,I won!! Thanks!,0,The user is excitedly thanking the host after winning a giveaway or promotional offer mentioned earlier in the chat.
doveic0,Apparel & Footwear,Ordered mine,0,The user is confirming they've just placed an order for the product being discussed in the live stream.
doveic0,Apparel & Footwear,Nice price after coupon,1,The user likely means the discounted price is attractive and worth considering for a purchase.
doveic0,Apparel & Footwear,Why my price changed,1,"The user is confused or concerned about an unexpected change in the price they were shown, possibly due to a coupon, shipping cost, or bulk discount discrepancy."
doveic0,Apparel & Footwear,I have a problem I buy 4 tennis  is the size of 9.50 I have taken for feet,0,"The user likely means: ""I bought four size 9.5 tennis shoes but they don't fit my feet properly."""
doveic0,Apparel & Footwear,Do you have size7,1,The user is inquiring about the availability of a specific shoe size (7) for purchase.
doveic0,Apparel & Footwear,Need more time plz,0,"The user is likely asking for more time to decide or complete their purchase due to considering options like discounts, sizing, or shipping details mentioned earlier."
doveic0,Apparel & Footwear,Do they run small?,1,"The user is likely asking if the product sizes tend to be smaller than standard measurements, possibly considering a purchase."
doveic0,Apparel & Footwear,neat,1,"The user likely means ""This looks good"" or ""I like this,"" showing approval or interest in the product being shown."
doveic0,Apparel & Footwear,Wait,0,"The user likely means ""Wait, I need more time to decide or check details before purchasing."""
doveic0,Apparel & Footwear,"its charging 9.00 shipping, thank u .",0,"The user is acknowledging the shipping cost of $9.00, possibly expressing slight disappointment or confirming the fee before proceeding with their purchase."
doveic0,Apparel & Footwear,I was gonna buy 3,0,"The user likely intended to purchase three items but might be hesitating or reconsidering due to pricing, shipping, or sizing concerns mentioned earlier."
doveic0,Apparel & Footwear,CLAIM COUPON IF GET 4PAIRS!,0,"The user is excitedly urging others to claim a coupon discount when purchasing four pairs, likely responding to a promotion mentioned earlier in the chat."
doveic0,Apparel & Footwear,How much after tariffs?,1,The user is inquiring about the final price including additional import taxes or duties.
doveic0,Apparel & Footwear,Can I see the leopard print,1,The user is likely interested in viewing the leopard print design of the product before making a purchase decision.
doveic0,Apparel & Footwear,Hope can get them soon,0,"The user is expressing eagerness to receive their purchased items soon, likely after seeing others' positive reactions or completing an order."
doveic0,Apparel & Footwear,Best deal here!!,0,The user is excitedly stating that this offer is the most attractive one available in the直播.
doveic0,Apparel & Footwear,Removable insoles?,1,"The user is likely asking if the insoles in the shoes can be taken out, possibly to check comfort or customization options."
doveic0,Apparel & Footwear,Lightweight?,1,"The user is likely asking if the product is lightweight in weight, possibly inquiring about its comfort or material properties."
doveic0,Apparel & Footwear,My price change,0,The user is likely expressing confusion or concern about an unexpected change in the displayed price of the product they're considering purchasing.
doveic0,Apparel & Footwear,"I had got mine from mail, super cute and comfortable",0,"The user is sharing their positive experience with the product they received, confirming its quality and expressing satisfaction to encourage others to purchase."
doveic0,Apparel & Footwear,mine are showing up for $19,0,The user is confirming that their order is displaying the discounted price of $19 after applying a coupon or promotion.
doveic0,Apparel & Footwear,So excited,0,"The user is expressing enthusiasm and eagerness to purchase, likely influenced by the positive product feedback and deals mentioned earlier."
doveic0,Apparel & Footwear,Super stretchy and pretty,1,"The user is expressing admiration for the product's flexibility and aesthetic appeal, likely indicating strong purchase interest."
doveic0,Apparel & Footwear,light brown,1,The user is likely inquiring about the availability or details of the product in a light brown color.
doveic0,Apparel & Footwear,6 woman,0,"The user is likely asking if the product is available in a size 6 for women, based on previous discussions about sizing and purchasing options."
doveic0,Apparel & Footwear,The Baby Pink pair is so cute! I wear them with everything from leggings to dresses.,0,"The user is expressing strong admiration for the Baby Pink pair's versatility and style, indicating a high likelihood of purchase interest."
doveic0,Apparel & Footwear,Are these suitable for wide feet?,1,The user is inquiring if the shoes mentioned in the live stream are comfortable and well-fitting for people with wider feet.
doveic0,Apparel & Footwear,Size 10/5 available?,1,"The user is inquiring about the availability of size 10/5, likely seeking confirmation before making a purchase decision based on prior product discussions."
doveic0,Apparel & Footwear,Need size9,1,"The user is likely inquiring about the availability of the product in size 9, showing clear purchase intent based on previous sizing-related questions."
doveic0,Apparel & Footwear,Hello,0,The user is likely greeting the host or other viewers casually without expressing direct purchase interest yet.
doveic0,Apparel & Footwear,Thanks,0,The user likely expresses gratitude for helpful information or a positive experience shared by others in the chat.
doveic0,Apparel & Footwear,ne 2,0,"The user likely wants to inquire about the availability or price of size 2 shoes, possibly abbreviating ""need size 2"" or asking ""next to size 2?"" based on previous sizing questions."
doveic0,Apparel & Footwear,Does the yellow expand as well?,1,"The user is likely asking if the yellow version of the product also has an expanding feature, similar to other colors/styles mentioned in previous comments."
doveic0,Apparel & Footwear,Deal ended,0,"The user likely means ""The discount/sale period has finished"" and is expressing disappointment or seeking confirmation about missing the deal."
doveic0,Apparel & Footwear,We have 13 beautiful color here!comment your favorite color we will show you one by one,0,The host is encouraging viewers to engage by sharing their preferred colors so they can showcase each one in response.
doveic0,Apparel & Footwear,Can I see purple again,1,The user is likely asking to have the purple color option showcased again after seeing other colors being displayed in the直播.
doveic0,Apparel & Footwear,Look cute,0,"The user is likely expressing admiration for the product's appearance, possibly referring to a specific color or style mentioned earlier in the chat."
doveic0,Apparel & Footwear,Can I see inside,1,"The user is likely asking to see the interior or inside view of the product being showcased, possibly to check the lining, design details, or fit."
doveic0,Apparel & Footwear,Inside look great,1,"The user is expressing admiration for the product's interior design, likely in response to the host showing the inside as requested in previous comments."
doveic0,Apparel & Footwear,Just ordered 5pairs,0,"The user is excitedly confirming their purchase of five pairs of the featured product, likely influenced by positive feedback and color options discussed earlier."
doveic0,Apparel & Footwear,Candy dream,0,"The user is likely asking to see or learn more about the ""Candy dream"" color option mentioned in the product lineup."
doveic0,Apparel & Footwear,Is it waterproof?,1,The user is likely inquiring about the product's durability in wet conditions to assess its practicality before purchasing.
doveic0,Apparel & Footwear,Free shipping?,0,The user is likely inquiring if the product qualifies for free shipping to finalize their purchase decision.
doveic0,Apparel & Footwear,"The coupon is radom, try your luck!",0,The user is encouraging others to try getting a random discount coupon as part of a promotional game or lucky draw.
doveic0,Apparel & Footwear,Do you have pink color,1,"The user is likely inquiring if the product is available in pink, showing interest in that specific color option."
doveic0,Apparel & Footwear,Look pretty,1,"The user likely expresses admiration for the product's appearance and may be considering a purchase, possibly referring to a previously shown color or style."
doveic0,Apparel & Footwear,Can you show the size,1,"The user is likely asking to see a visual demonstration or details of the product's sizing options, possibly comparing or confirming available dimensions."
doveic0,Apparel & Footwear,Placed order!,0,"The user is confirming their purchase with enthusiasm, likely influenced by positive feedback on the product's appearance and features from previous comments."
doveic0,Apparel & Footwear,Do you have a white pair that is soft and not shiny?,1,"The user is inquiring about the availability of a white-colored pair that is soft and has a matte finish, showing interest in purchasing."
doveic0,Apparel & Footwear,I have those white ones,0,The user likely means they already own a pair of the white version being discussed and are sharing their experience with the product.
doveic0,Apparel & Footwear,Do you have a white one that feels like the black pair,1,The user is asking if there's a white version with the same soft texture as the black pair they're referring to.
doveic0,Apparel & Footwear,lol I have that one too,0,"The user is casually relating to the product by mentioning they already own the same item, indicating familiarity and possibly satisfaction with it."
doveic0,Apparel & Footwear,I have like 6 pairs,0,"The user is expressing they already own multiple pairs of the product, implying familiarity with it but not necessarily current purchase intent."
doveic0,Apparel & Footwear,What brand is it ?,1,The user is likely interested in purchasing and wants to know the brand name to make an informed decision about the product.
doveic0,Apparel & Footwear,Done the payment!!,0,"The user is excitedly confirming they've completed their purchase, likely influenced by the product showcase and others' positive reactions."
doveic0,Apparel & Footwear,"Love them. I just like the feel of the brown, and black rather than the leather shiny feel",1,"The user prefers the matte texture of brown and black over the glossy leather finish, indicating a specific material preference for potential purchase."
doveic0,Apparel & Footwear,Soooo strong,0,"The user likely means ""The product looks very durable"" or ""It appears to have strong features,"" possibly referring to material quality or construction based on previous discussions."
doveic0,Apparel & Footwear,The training shoes are not big enough. I wear q1,1,"The user is asking if the training shoes come in a larger size, as their usual size (q1) seems too small for them."
doveic0,Apparel & Footwear,Can you show me the size,1,The user is likely asking for a visual demonstration or details about the product's sizing options to make an informed purchase decision.
doveic0,Apparel & Footwear,Silver inside,0,The user is likely asking if the product contains silver material or components.
doveic0,Apparel & Footwear,Size 6?,1,"The user is likely asking if the product is available in size 6, possibly following up on previous discussions about sizing or specific color options."
doveic0,Apparel & Footwear,#11,1,The user is likely asking about the details or availability of item #11 mentioned in the product list/catalog.
doveic0,Apparel & Footwear,Waterproof?,1,"The user is likely asking if the product is waterproof, showing interest in its functionality for practical use."
doveic0,Apparel & Footwear,Ship form where,0,The user is likely asking about the shipping origin or location of the product.
doveic0,Apparel & Footwear,Ordered 4,0,"The user is confirming they've successfully purchased four items, likely influenced by others' positive feedback and order confirmations in the chat."
doveic0,Apparel & Footwear,I just realized I order the wrong size  can I change it ?,0,The user wants to inquire about exchanging their ordered item for the correct size after realizing a mistake.
doveic0,Apparel & Footwear,sorry I wear 11,0,The user is indicating their shoe size (US 11) to check product availability or compatibility with their needs.
doveic0,Apparel & Footwear,Can you drop test?,1,"The user is likely asking if the product can be demonstrated for durability by being dropped, showing interest in its quality."
doveic0,Apparel & Footwear,Amazing quality!!!! Soooo strong!!!,1,The user is highly impressed with the product's durability and is enthusiastically praising its robust build quality.
doveic0,Apparel & Footwear,Can it be international travel?,1,"The user is likely asking if the product can be shipped internationally or used during overseas travel, based on prior discussions about shipping and product features."
doveic0,Apparel & Footwear,It says 104?,0,"The user is likely asking for clarification about a product's size or measurement, possibly referring to a size chart or label mentioned earlier in the chat."
doveic0,Apparel & Footwear,The black,1,The user is likely asking to see or confirm the availability of the black color option for the product being discussed.
doveic0,Apparel & Footwear,The set?,1,"The user is likely asking for clarification or details about a product set mentioned in the直播, possibly inquiring about its contents or availability."
doveic0,Apparel & Footwear,Can I see the inside of the yellow?,1,The user is asking to see the interior details or lining of the yellow-colored product being showcased in the livestream.
doveic0,Apparel & Footwear,Yesss,0,The user is likely expressing enthusiastic agreement or excitement about a product feature or purchase decision mentioned in the previous chat.
doveic0,Apparel & Footwear,What size is the biggest one?,1,"The user is inquiring about the maximum available size of the product, likely to determine if it fits their needs before purchasing."
doveic0,Apparel & Footwear,Is 8 tru to size?,1,"The user is asking if size 8 fits accurately to standard measurements, likely seeking confirmation before purchasing."
doveic0,Apparel & Footwear,I wanna get the size 6.5 for my sister too,1,"The user is interested in purchasing a size 6.5 of the product for their sister, indicating clear buying intent."
doveic0,Apparel & Footwear,Are the wheels swivel?,1,"The user is asking if the product's wheels have a swivel function, likely inquiring about mobility or maneuverability features."
doveic0,Apparel & Footwear,THE BEST TACOS IN THE I.E,0,"The user is enthusiastically praising the tacos as the top choice in the Inland Empire region, likely reacting to a food-related product showcase in the stream."
doveic0,Apparel & Footwear,Nice zipper,1,"The user is likely complimenting the zipper's quality or functionality, possibly in response to seeing it demonstrated or mentioned earlier in the直播."
doveic0,Apparel & Footwear,Come with lock right?,1,"The user is likely asking if the product comes with a locking mechanism, possibly referring to a feature mentioned earlier in the chat."
doveic0,Apparel & Footwear,Thank you I am going to order,0,The user expresses gratitude and confirms their intention to purchase the product after seeing positive feedback and details about it in the chat.
doveic0,Apparel & Footwear,I need 2,1,"The user likely wants to purchase two units of the product, possibly influenced by others discussing sizes and orders."
doveic0,Apparel & Footwear,Ohhh 3 then,0,"The user likely means ""I'll take three of them,"" indicating their intent to purchase three items based on the quantity discussions in previous messages."
doveic0,Apparel & Footwear,Can I see red,1,The user is likely asking to view the red color option of the product being discussed in the live stream.
doveic0,Apparel & Footwear,Amazing,0,The user is expressing admiration or excitement about a product feature or quality mentioned in previous comments.
doveic0,Apparel & Footwear,What material is it,1,"The user is asking about the material of the product being shown, likely to assess its quality or suitability before purchasing."
doveic0,Apparel & Footwear,I received my orders the other day so comfy!!!i love them so much,0,"The user is expressing satisfaction with their recent purchase, highlighting the comfort and their strong positive experience with the product."
doveic0,Apparel & Footwear,Hi what can I do if I picked the wrong color,0,The user is concerned about selecting an incorrect product color and is seeking guidance on how to resolve or exchange it.
doveic0,Apparel & Footwear,I bought 3,0,"The user is confirming their purchase of three items, likely influenced by previous discussions about quantities and orders in the chat."
doveic0,Apparel & Footwear,Yay!!! Just bought 4 pairs!!! Thank you!!!,0,"The user enthusiastically confirms purchasing four pairs of the product, expressing gratitude and satisfaction with their decision based on positive interactions and prior purchases in the chat."
doveic0,Apparel & Footwear,Just ordered four pairs!!!!,0,"The user is excitedly confirming their purchase of multiple items, likely influenced by others' positive feedback and enthusiasm in the chat."
doveic0,Apparel & Footwear,Love the silver,1,The user likely expresses admiration for the silver-colored product and may be considering purchasing it.
doveic0,Apparel & Footwear,I just bought 4 pairs,0,"The user is excitedly confirming their purchase of multiple items, likely influenced by others sharing similar positive buying experiences in the chat."
doveic0,Apparel & Footwear,I bought 5pairs with coupons,0,"The user is excitedly sharing their purchase of multiple items using discounts, indicating satisfaction and possibly encouraging others to buy."
doveic0,Apparel & Footwear,"pink, blue, white, and burgundy",1,The user is likely asking to see or confirm the available color options for the product being discussed in the live stream.
doveic0,Apparel & Footwear,God Bless,0,"The user likely expresses excitement or gratitude for the product, possibly implying a positive purchase intention or satisfaction similar to others' enthusiastic comments."
doveic0,Apparel & Footwear,What if you are out of the solid black ones with white strips are out of my size,1,The user is concerned about the availability of their preferred size in the solid black with white stripes variant.
doveic0,Apparel & Footwear,Black ones size 37,1,"The user is interested in purchasing a pair of black shoes in size 37, likely checking availability or confirming their order choice."
doveic0,Apparel & Footwear,II just bought 5,0,"The user is excitedly stating they purchased five items, likely following others' enthusiasm and possibly influenced by the positive feedback and bulk purchases mentioned earlier."
doveic0,Apparel & Footwear,Very strong!!!,0,The user is likely expressing strong admiration or excitement about the product's quality or performance.
doveic0,Apparel & Footwear,Bought!!!,0,"The user is excitedly confirming their purchase, likely influenced by others' positive buying experiences shared in the chat."
doveic0,Apparel & Footwear,Are there locks on them?,1,The user is likely asking if the product (possibly shoes or bags based on context) comes with locking mechanisms for security.
doveic0,Apparel & Footwear,How much for candy dream,1,"The user is likely inquiring about the price of the ""candy dream"" product, showing potential purchase interest similar to others discussing their orders."
doveic0,Apparel & Footwear,Purchased!!,0,"The user is excitedly confirming their purchase, likely influenced by others' positive buying experiences shared in the chat."
doveic0,Apparel & Footwear,Can I see purple,1,The user is likely asking to view the purple color option of the product being showcased.
doveic0,Apparel & Footwear,Shipping is not free,0,"The user is likely expressing hesitation about purchasing due to additional shipping costs, possibly comparing it to others' positive buying experiences mentioned earlier."
doveic0,Apparel & Footwear,Same material?,1,The user is likely asking if the product currently being shown is made of the same material as the ones mentioned in previous positive reviews.
doveic0,Apparel & Footwear,Same price?,1,The user is likely asking if the price remains unchanged for a different color or style mentioned earlier in the chat.
doveic0,Apparel & Footwear,Can you attach them all together?,0,The user is likely asking if multiple purchased items can be bundled or combined for shipping.
doveic0,Apparel & Footwear,I just placed order!,0,"The user is excitedly confirming their recent purchase, likely influenced by others' positive buying experiences shared in the chat."
doveic0,Apparel & Footwear,Green,1,"The user likely wants to inquire about or express interest in the product color ""Green"" based on the ongoing discussion about colors and purchases."
doveic0,Apparel & Footwear,Candy dream is nice,1,"The user likely expresses admiration for the ""Candy dream"" product and implies potential purchase interest by complimenting its appeal."
doveic0,Apparel & Footwear,Dark,0,"The user is likely inquiring about the availability or details of a dark-colored product variant, possibly following others' mentions of specific colors like pink, blue, and green."
doveic0,Apparel & Footwear,"Thank you, looks good",0,"The user likely expresses appreciation and interest in the product, possibly considering a purchase after seeing positive feedback from others."
doveic0,Apparel & Footwear,Still like the dark green,1,The user likely expresses a preference for the dark green color option among the available choices.
doveic0,Apparel & Footwear,Brown,0,The user is likely inquiring about the availability or details of the product in brown color.
doveic0,Apparel & Footwear,Look amazing,1,"The user likely means ""This product looks fantastic and I'm interested in buying it,"" expressing admiration and potential purchase intent."
doveic0,Apparel & Footwear,Great quality for sure,0,"The user is expressing confidence in the product's high quality, likely influenced by others' positive feedback and purchases in the chat."
doveic0,Apparel & Footwear,which one is 84?,1,"The user is likely asking which product option corresponds to the number 84, possibly referring to a color or style mentioned earlier in the listing."
doveic0,Apparel & Footwear,Ship form US?,0,"The user is likely inquiring if the product ships from the US, possibly concerned about international shipping costs or delivery time based on previous logistics-related questions."
doveic0,Apparel & Footwear,Size 8.5?,1,"The user is likely inquiring about the availability of a specific shoe size (8.5) for the mentioned products, showing purchase intent by seeking sizing confirmation."
doveic0,Apparel & Footwear,Can I see silver and yellow,1,The user is asking to view the silver and yellow color options of the product being discussed in the live stream.
doveic0,Apparel & Footwear,10 dólars por 1 par??,1,"The user is inquiring if the price is $10 for one pair, likely seeking confirmation or expressing surprise at the cost."
doveic0,Apparel & Footwear,Did you received my order,0,"The user is likely confirming if their recent order was successfully received by the seller, possibly after noticing others mention purchases."
doveic0,Apparel & Footwear,Four pairs,0,"The user is likely inquiring about purchasing four pairs of the product, possibly referencing a bulk discount or combined shipping option mentioned earlier."
doveic0,Apparel & Footwear,So excited for my now shoes,0,"The user is expressing enthusiasm about recently purchased shoes, likely influenced by positive feedback on quality and style in previous comments."
doveic0,Apparel & Footwear,Add to cart but price change,0,"The user likely noticed a price discrepancy after attempting to add an item to their cart, expressing confusion or frustration about the unexpected change."
doveic0,Apparel & Footwear,The price had changed,0,The user is expressing confusion or concern about a price discrepancy after attempting to add items to their cart.
doveic0,Apparel & Footwear,It only charged me $10 for one pair,0,"The user is pleasantly surprised and confirming the low price of $10 for a pair, likely in response to previous discussions about pricing changes."
doveic0,Apparel & Footwear,I was trying to order four pair,0,"The user likely wants to confirm or clarify their attempt to purchase four pairs of shoes, possibly encountering an issue with the order process."
doveic0,Apparel & Footwear,One pair was $10 and the second pair was $18,0,"The user is confused about the inconsistent pricing, mentioning that one pair cost $10 while another was charged at $18."
doveic0,Apparel & Footwear,I have the sky blue,0,"The user likely means ""I already own the sky blue color (of the product being discussed)."""
doveic0,Apparel & Footwear,I just ordered the sky blue,0,"The user is confirming their purchase of the sky-blue item, likely responding to others discussing colors or sharing their own orders."
doveic0,Apparel & Footwear,I received my shoes and they are nice. I have ordered 3 more pairs.,0,The user is expressing satisfaction with their purchase and strong buying intent by reordering multiple pairs due to positive experience with the product quality.
doveic0,Apparel & Footwear,shipping from where,0,The user is likely inquiring about the origin or location of shipment to assess delivery time or costs.
doveic0,Apparel & Footwear,What size is 9?,1,"The user is asking for clarification on the sizing, specifically inquiring which size corresponds to the number ""9"" in the product being discussed."
doveic0,Apparel & Footwear,does not have free shipping,0,"The user is expressing disappointment or hesitation about purchasing due to the lack of free shipping, likely comparing it to other mentioned cost-related concerns like price changes."
doveic0,Apparel & Footwear,got it! got the last one,0,The user is excited to confirm they successfully purchased the final available item after observing discussions about limited stock and order issues.
doveic0,Apparel & Footwear,Black,1,The user is likely asking about the availability or details of a product in the color black.
doveic0,Apparel & Footwear,Free shipping right?,0,"The user is likely asking if the product currently being discussed in the live stream offers free shipping, possibly influenced by previous mentions of shipping costs and order-related questions."
doveic0,Apparel & Footwear,Can I see yellow and silver,1,The user is likely asking to view the product in both yellow and silver color options to compare or decide before purchasing.
doveic0,Apparel & Footwear,Only$73?,1,"The user is likely expressing surprise or interest in the low price of $73, possibly considering a purchase after noticing the cost."
doveic0,Apparel & Footwear,I want,1,"The user likely intends to express their desire to purchase the product, possibly inquiring about availability or confirming their order intention."
doveic0,Apparel & Footwear,How,0,"The user is likely asking for clarification or more details about a product feature, price, or shipping information mentioned earlier in the chat."
doveic0,Apparel & Footwear,I ordered but is 140,0,"The user is confused or concerned about being charged $140 for their order, possibly expecting a lower price based on previous discussions about discounts or pricing errors."
doveic0,Apparel & Footwear,Can I see yellow inside,1,The user is likely asking to see the interior or lining color (yellow) of the product being showcased in the live stream.
doveic0,Apparel & Footwear,I finished all the order 108,0,"The user likely means they have successfully completed placing all their orders, possibly referring to order number 108, indicating satisfaction with the purchase process."
doveic0,Apparel & Footwear,Hard sheell? How durable?,1,"The user is likely asking about the durability of the hard-shell material mentioned in the product description, seeking clarification before making a purchase decision."
doveic0,Apparel & Footwear,Can it be international travel? I am going to travel,0,"The user is likely asking if the product (possibly luggage or travel gear mentioned earlier) is suitable for international trips, indicating purchase interest for their upcoming travel."
doveic0,Apparel & Footwear,Pay!!,0,"The user is excitedly confirming their purchase or urging others to buy, likely influenced by the positive shopping experiences shared in previous messages."
doveic0,Apparel & Footwear,thank u so much let me order,0,The user is expressing gratitude and confirming their purchase intention after seeing others order and discuss the product details.
doveic0,Apparel & Footwear,got it,0,"The user likely means ""I understand the product details and am ready to proceed with purchasing."""
doveic0,Apparel & Footwear,The purple only 2 left!!!!,0,"The user is urgently expressing interest in purchasing the purple item due to limited stock, likely influenced by others' recent orders and mentions of scarcity."
doveic0,Apparel & Footwear,I wannget three,0,"The user likely intends to say ""I want to get three (items)"" expressing a clear purchase interest, possibly influenced by limited stock mentions like ""The purple only 2 left."""
doveic0,Apparel & Footwear,Which color expandable?,1,The user is asking which color options are available for the expandable version of the product.
doveic0,Apparel & Footwear,can I see the white and black and black and white together,1,The user is asking to view the white and black color options displayed together for comparison before making a purchase decision.
doveic0,Apparel & Footwear,Need the baby pink brown and blue,1,"The user is expressing interest in purchasing items in baby pink, brown, and blue colors."
doveic0,Apparel & Footwear,Hold one,0,"The user likely means ""I want to reserve/purchase one (item)."""
doveic0,Apparel & Footwear,Just purchased,0,"The user is confirming their recent purchase of the product, likely influenced by the limited stock and positive engagement in the chat."
doveic0,Apparel & Footwear,How durable?,1,"The user is inquiring about the product's durability, likely seeking reassurance on its long-term use before making a purchase decision."
doveic0,Apparel & Footwear,Candy only 2 left!!!,0,"The user is excitedly alerting others that the candy-colored item is almost sold out, likely urging them to buy quickly due to limited stock."
doveic0,Apparel & Footwear,How to placed order,1,The user is asking for instructions on how to complete the purchase process for the advertised product.
doveic0,Apparel & Footwear,Can I see the sliver,1,"The user is likely asking to view the silver-colored product variant, showing interest in its appearance before purchasing."
doveic0,Apparel & Footwear,Just placed my order,0,"The user is confirming their purchase and expressing satisfaction with the buying process, likely influenced by others' urgency about limited stock."
doveic0,Apparel & Footwear,Sliver only 3 left!!!!,0,"The user is urgently expressing interest in purchasing the silver item due to limited stock, likely influenced by previous mentions of low inventory for other colors."
doveic0,Apparel & Footwear,Just bought it,0,"The user is excitedly confirming their recent purchase, likely influenced by the limited stock and others buying similar items."
doveic0,Apparel & Footwear,how durable is the purple?,1,"The user is inquiring about the durability of the purple-colored product, likely concerned about its quality before making a purchase decision."
doveic0,Apparel & Footwear,I want to see black,1,"The user is likely requesting to view the product in the black color option, showing interest in purchasing it."
doveic0,Apparel & Footwear,how secure are the zipper?,1,"The user is likely inquiring about the reliability and sturdiness of the zipper, possibly concerned about its longevity or functionality during use."
doveic0,Apparel & Footwear,Can I see the candy one,1,"The user is asking to view the candy-colored product, likely due to limited stock mentioned earlier, showing clear purchase interest."
doveic0,Apparel & Footwear,How long can I get it?,1,The user is likely asking about the estimated delivery time for the product they're interested in purchasing.
doveic0,Apparel & Footwear,Purple only 1 left!!!!,0,"The user is urgently expressing interest in purchasing the last remaining purple item, likely due to limited stock and high demand."
doveic0,Apparel & Footwear,purple so beautiful,1,"The user likely admires the purple color and may be considering purchasing it, especially since previous messages highlighted its limited availability."
doveic0,Apparel & Footwear,Just got it,0,"The user likely means they have just purchased the product, similar to others who recently placed orders, possibly influenced by limited stock alerts like ""only X left."""
doveic0,Apparel & Footwear,Purple only 3 left!!!!,0,"The user is expressing urgency and interest in purchasing the purple item due to limited stock, likely influenced by others mentioning its beauty and low availability."
doveic0,Apparel & Footwear,Can I see the smallest one?,1,The user is likely asking to view the smallest available size or version of the product being showcased in the live stream.
doveic0,Apparel & Footwear,Candy only 1 left!!!!,0,"The user is urgently expressing excitement and a desire to purchase the ""Candy"" item due to its limited remaining stock."
doveic0,Apparel & Footwear,Just order,0,"The user likely means they have just completed a purchase, influenced by the urgency from limited stock mentions in previous messages."
doveic0,Apparel & Footwear,which one $84?,0,"The user is likely asking which specific product variant costs $84, possibly comparing options or confirming the price before purchasing."
doveic0,Apparel & Footwear,Red,1,"The user likely wants to see or inquire about the product in the color red, similar to others asking about different colors."
doveic0,Apparel & Footwear,I want to see the inside,1,The user is likely interested in purchasing and wants a closer look at the product's interior details before deciding.
doveic0,Apparel & Footwear,I am in Huston,0,The user likely wants to know if the product can be shipped to or is available in Houston.
doveic0,Apparel & Footwear,Lovely,0,"The user likely expresses admiration for a product's appearance, possibly referring to a color or design mentioned earlier like ""purple"" or ""candy."""
doveic0,Apparel & Footwear,How long it took for delivery to Michigan?,0,The user is inquiring about the estimated delivery time to Michigan to decide whether to purchase the product.
doveic0,Apparel & Footwear,thank u,0,"The user likely expresses gratitude for helpful information or a positive interaction, possibly after making a purchase or receiving assistance."
doveic0,Apparel & Footwear,Just give me 3 mins,0,"The user is likely expressing urgency to make a quick purchase decision, possibly influenced by limited stock alerts like ""Purple only 1 left."""
doveic0,Apparel & Footwear,Are they the real one?,1,"The user is likely asking if the product being shown is authentic or genuine, possibly due to concerns about quality or legitimacy based on previous mentions of limited stock and purchases."
doveic0,Apparel & Footwear,CAN I ASK YOU A QUESTION,0,The user likely wants to inquire about a product detail or purchasing option before making a decision.
doveic0,Apparel & Footwear,My friend bought them for 80,0,The user is likely expressing hesitation or seeking a better deal by mentioning their friend's lower purchase price of $80 for the same item.
doveic0,Apparel & Footwear,These shoes are perfect for all-day wear. I can wear them for hours without any discomfort!,0,"The user is expressing strong satisfaction with the shoes' comfort and versatility, likely intending to validate their purchase decision or encourage others to buy."
doveic0,Apparel & Footwear,$10 a pair?,1,"The user is likely inquiring if the price is $10 per pair, possibly comparing it to other mentioned prices or checking affordability."
doveic0,Apparel & Footwear,ordered 4pairs,0,"The user is confirming their purchase of four pairs, likely influenced by the limited stock and positive feedback mentioned in previous comments."
doveic0,Apparel & Footwear,did you get my order,0,"The user is likely confirming if their recent purchase was successfully processed, possibly after seeing others mention ordering or stock updates."
doveic0,Apparel & Footwear,Are these for wide feet?,1,"The user is likely asking if the shoes are suitable for people with wide feet, indicating potential interest in purchasing if they fit comfortably."
doveic0,Apparel & Footwear,"blue ,white and black ,brown  and pink and white",1,"The user is likely listing color preferences for the product, possibly inquiring about availability or considering a multi-color purchase."
doveic0,Apparel & Footwear,the other pink,1,The user is likely asking to see or purchase the other pink-colored item mentioned in the previous chat.
doveic0,Apparel & Footwear,Wish they had light purple,1,The user is expressing a desire for the product to be available in a light purple color option.
doveic0,Apparel & Footwear,How is the size fit?,1,The user is asking about the sizing accuracy of the product to determine if they should purchase it.
doveic0,Apparel & Footwear,Size 7 ???,1,The user is likely asking about the availability or fit of size 7 for the product being discussed.
doveic0,Apparel & Footwear,Are the only brown left?,1,The user is asking if brown is the only remaining color option available for purchase.
doveic0,Apparel & Footwear,White,1,The user is likely inquiring about the availability or details of the white color option mentioned in previous messages.
doveic0,Apparel & Footwear,show the silver one please?,1,The user is interested in seeing the silver version of the product being discussed in the live stream.
doveic0,Apparel & Footwear,yes that one,0,The user is confirming their choice of a specific product (likely the silver one mentioned earlier) and expressing intent to purchase it.
doveic0,Apparel & Footwear,Can I see candy dream,1,"The user is likely asking to view the ""candy dream"" color variant of the product being discussed in the live stream."
doveic0,Apparel & Footwear,Great quality,0,"The user is expressing satisfaction with the product's high standard, likely confirming positive qualities mentioned earlier (e.g., comfort, materials)."
doveic0,Apparel & Footwear,Highly recommend,0,"The user likely expresses strong endorsement of the product based on positive experiences or trust in the recommendation, possibly referencing quality or satisfaction mentioned in prior comments."
doveic0,Apparel & Footwear,Hi!!,0,"The user is likely greeting the host enthusiastically to initiate interaction, possibly to ask a question or express interest in the products being discussed."
doveic0,Apparel & Footwear,Are they run true to size?,1,"The user is asking if the product's sizing is accurate compared to standard measurements, likely considering purchase after hearing positive feedback about comfort and quality."
doveic0,Apparel & Footwear,42 size,1,"The user is likely inquiring about the availability or fit of a product in size 42, possibly following previous discussions on sizing and colors."
doveic0,Apparel & Footwear,why is the price 19?,0,"The user is questioning the price difference, likely comparing the $19 item to the previously mentioned $10 shoes and seeking clarification."
doveic0,Apparel & Footwear,am trying to oder 2 at once,0,The user intends to place an order for two items simultaneously but may be encountering technical difficulties or seeking confirmation.
doveic0,Apparel & Footwear,Size 9/5,1,The user is inquiring about the availability or fit of size 9.5 for the product being discussed.
doveic0,Apparel & Footwear,Blue available?,1,The user is asking if the blue color option is still in stock or available for purchase.
doveic0,Apparel & Footwear,I need three pairs,1,"The user is expressing a clear intention to purchase three pairs of the product, likely referencing color or style options mentioned earlier in the chat."
doveic0,Apparel & Footwear,I got the baby pink  blue red white and black,0,"The user is confirming they've purchased the product in multiple colors (baby pink, blue, red, white, and black), likely responding to earlier color inquiries."
doveic0,Apparel & Footwear,Perfect fit,0,"The user likely means ""The size fits me perfectly"" or ""This product suits me well,"" expressing satisfaction with the fit or style based on previous sizing discussions."
doveic0,Apparel & Footwear,White and baby pink,1,The user is likely inquiring about the availability of the product in white and baby pink colors.
doveic0,Apparel & Footwear,I need time to get the blue,1,The user likely means they need more time to decide on purchasing the blue color variant after seeing others discuss color options.
doveic0,Apparel & Footwear,What size is a 6,1,"The user is asking if the size ""6"" corresponds to a specific measurement or fits true to size, likely comparing it to other sizes mentioned in the chat."
doveic0,Apparel & Footwear,damn,0,The user likely expresses surprise or admiration about the product's features or availability mentioned in previous comments.
doveic0,Apparel & Footwear,I bought some before I love them,0,The user is expressing satisfaction with a previous purchase and implying they might buy more due to their positive experience.
doveic0,Apparel & Footwear,"I got the baby pink silver and blue last time, super pretty and comfortable",0,"The user is sharing their positive past experience with the mentioned colors to encourage others to buy, implying satisfaction with the product's look and comfort."
doveic0,Apparel & Footwear,Black and Burgundy are amazing for casual wear. Definitely a better deal than other stores.,1,The user is praising the black and burgundy colors as stylish for casual outfits and emphasizing their value compared to competitors.
doveic0,Apparel & Footwear,Is there shipping fee,0,The user is likely interested in purchasing but wants to confirm if additional shipping costs apply before finalizing their order.
doveic0,Apparel & Footwear,Is not let me add,0,"The user likely means ""It won't allow me to add (the item to cart)."" expressing frustration about a technical issue preventing purchase."
doveic0,Apparel & Footwear,The price show 23 why???,0,The user is confused about the displayed price being 23 instead of the previously mentioned 19 and seeks clarification.
doveic0,Apparel & Footwear,How long for shipping,0,The user is likely interested in purchasing and wants to know the estimated delivery time before proceeding with their order.
doveic0,Apparel & Footwear,No!!!!!,0,"The user is likely expressing frustration or disbelief, possibly about a sudden price change, shipping issue, or inability to add items to cart."
doveic0,Apparel & Footwear,13~5 days priority shipping,0,"The user is inquiring about the estimated delivery time for priority shipping, likely considering a purchase based on previous discussions about colors and sizes."
doveic0,Apparel & Footwear,You said 3 to 5 days,0,The user is likely confirming or questioning the estimated delivery time mentioned earlier (3-5 days) for their potential purchase.
doveic0,Apparel & Footwear,Finally I got mine,0,The user is expressing satisfaction and excitement about successfully purchasing the desired item after following the product details and discussions in the chat.
doveic0,Apparel & Footwear,Ready!!!! I order 3 !!!,0,"The user is excitedly confirming their purchase of three items, likely influenced by positive feedback from others about the product's quality and colors."
doveic0,Apparel & Footwear,Blur available?,1,"The user is likely inquiring about the availability of the ""Blur"" color variant, possibly mistyping ""Blue"" based on previous mentions of color options in the chat."
doveic0,Apparel & Footwear,2 pinks and 1 blue,1,"The user likely wants to order two pink items and one blue item, indicating their color preference and purchase intent based on previous discussions about colors and ordering."
doveic0,Apparel & Footwear,Misss sorry can you change in confusiones,0,"The user likely meant to ask: ""Miss, sorry, can you clarify the color options?"" expressing confusion about available choices while trying to be polite."
doveic0,Apparel & Footwear,I whant white and black no black and white,1,"The user likely wants the product in white and black color options, not black and white (possibly a specific color pattern or order preference)."
doveic0,Apparel & Footwear,Like you say,0,"The user likely agrees with the host's previous statement or finds it relatable, possibly about product features or shipping details."
doveic0,Apparel & Footwear,My money back immediately?? Because I need order the other one,0,"The user is urgently requesting a refund to reorder a different item, likely due to a mistake in their initial purchase or a change of preference."
doveic0,Apparel & Footwear,Ok let me do right now,0,"The user is expressing enthusiasm and readiness to make a purchase immediately, likely influenced by positive feedback from others about the product's quality and value."
doveic0,Apparel & Footwear,They run big,0,"The user likely means the product sizes are larger than standard, suggesting they might need to order a smaller size than usual."
doveic0,Apparel & Footwear,Ready !!,0,"The user is excited and prepared to make a purchase, likely echoing others' enthusiasm about the product's colors and quality."
doveic0,Apparel & Footwear,My order is ready and canceled the first one,0,"The user likely means they've prepared a new order and canceled their initial one, possibly due to a mistake or preference change."
doveic0,Apparel & Footwear,Im order 4 total you can send me at same box  thank you im following you,0,The user wants to confirm that their order of 4 items can be shipped together in one package and expresses appreciation while indicating they're following the seller.
doveic0,Apparel & Footwear,In order 1 more on white and bothck,1,The user likely wants to modify their order by adding one more white item and changing another to black.
doveic0,Apparel & Footwear,Okay,0,"The user likely acknowledges understanding or agrees to proceed with an order, possibly confirming their purchase decision after previous discussions about colors, shipping, or pricing."
doveic0,Apparel & Footwear,coffee brown in 10.5,1,"The user is likely confirming their order for a coffee brown item in size 10.5, possibly in response to a product listing or color option mentioned earlier."
doveic0,Apparel & Footwear,I just made a purchase of 3 pairs,0,"The user is confirming their successful purchase of three items, likely following the host's instructions or responding to a prompt, showing satisfaction with the transaction."
doveic0,Apparel & Footwear,Can you show the list again,1,The user likely missed the product details and wants the host to repeat the item list for a potential purchase decision.
doveic0,Apparel & Footwear,I wear a size 10 - 11,0,"The user is indicating their shoe size to place an order, likely responding to a sizing query or confirming their preference before purchasing."
doveic0,Apparel & Footwear,What do I need to click?,1,The user is likely asking for guidance on how to proceed with placing an order after observing others discuss purchases.
doveic0,Apparel & Footwear,For the discount,0,The user is likely inquiring about the availability or details of a discount offer mentioned in the直播.
doveic0,Apparel & Footwear,barter collaboration,0,The user is likely inquiring about a potential trade or partnership opportunity related to the products being shown in the live stream.
doveic0,Apparel & Footwear,ABS material?,1,"The user is likely inquiring about the product's material, specifically asking if it's made of ABS plastic, possibly to confirm durability or suitability before purchasing."
doveic0,Apparel & Footwear,Can you show me the sizes?,1,The user is likely interested in purchasing and wants to see the available size options for the product being discussed.
doveic0,Apparel & Footwear,Damn sooooooo strong,0,The user is likely expressing strong admiration or excitement about a product's quality or performance shown in the直播.
doveic0,Apparel & Footwear,Waterproof too?,1,"The user is likely asking if the product being discussed is also waterproof, possibly seeking confirmation before making a purchase decision."
doveic0,Apparel & Footwear,Purple is amazing,0,"The user likely expresses admiration for the purple product color, possibly indicating purchase interest based on the active shopping context."
doveic0,Apparel & Footwear,Free shipping free return?,1,The user is likely inquiring about the shipping and return policies to confirm if there are no additional costs before making a purchase decision.
doveic0,Apparel & Footwear,Can you show the red?,1,"The user is likely asking to see the red color option of the product being discussed, possibly for a purchase consideration."
doveic0,Apparel & Footwear,Where is the coupon?,0,The user is likely interested in purchasing and is asking for discount codes to apply before finalizing their order.
doveic0,Apparel & Footwear,Nope,0,"The user likely means ""No, I'm not interested in purchasing"" based on the context of previous purchase-related questions and their brief negative response."
doveic0,Apparel & Footwear,I never ordered before,0,"The user is likely expressing hesitation or seeking guidance as a first-time buyer, possibly unsure about the ordering process after seeing others discuss purchases."
doveic0,Apparel & Footwear,Inside,1,The user is likely asking about the availability or details of the product's inner material or lining.
doveic0,Apparel & Footwear,What are they make of,0,The user is likely asking about the material composition of the product being shown in the直播.
doveic0,Apparel & Footwear,Ordered blue black and brown,0,"The user is confirming they've purchased items in blue, black, and brown colors, likely responding to a product showcase or color options mentioned earlier."
doveic0,Apparel & Footwear,order is not allowing me to add,0,The user is likely expressing frustration that they're unable to proceed with adding items to their order due to a technical issue or restriction.
doveic0,Apparel & Footwear,Need time to order,0,The user likely means they need more time to decide or complete their purchase due to hesitation or technical issues.
doveic0,Apparel & Footwear,Size 8/5 in blue available,0,"The user is inquiring about the availability of the product in size 8.5 and the color blue, indicating a clear purchase intent."
doveic0,Apparel & Footwear,YAY I got 7 pairs!!!,0,"The user is excitedly confirming their successful purchase of seven pairs, likely encouraged by the product details and discounts discussed earlier."
doveic0,Apparel & Footwear,Need more time to order,0,"The user likely needs additional time to complete their purchase due to hesitation or technical issues, possibly influenced by others discussing ordering difficulties or product details."
doveic0,Apparel & Footwear,I wear a size 10 do I need to size up or down,1,"The user is asking for sizing advice to ensure the product fits, indicating genuine purchase intent by seeking clarification before ordering."
doveic0,Apparel & Footwear,I just ordered 3 pairs,0,"The user is excitedly confirming their purchase of multiple items, likely influenced by others' positive orders and product discussions in the chat."
doveic0,Apparel & Footwear,3 pairs 35$,0,"The user is confirming their purchase of three pairs for $35, likely referencing a bundle deal mentioned earlier in the直播."
doveic0,Apparel & Footwear,Need four pairs,0,"The user likely intends to purchase four pairs of the product, possibly influenced by others mentioning bulk orders like ""7 pairs"" and pricing (""3 pairs $35"")."
doveic0,Apparel & Footwear,just got 3 pair,0,"The user is excitedly confirming their purchase of three pairs, likely influenced by others' orders and the attractive price mentioned earlier."
doveic0,Apparel & Footwear,No 8.5?,1,"The user is likely asking if size 8.5 is available in the current product being shown, following previous discussions about sizes and orders."
doveic0,Apparel & Footwear,Here,0,The user is likely asking if the product is currently available in stock or present in the show.
doveic0,Apparel & Footwear,Missed sale,0,The user likely expresses regret for not being able to take advantage of a limited-time discount offer during the active shopping discussion.
doveic0,Apparel & Footwear,Can I see the teal twilight?,1,"The user is likely asking to see the product in the ""teal twilight"" color option, indicating interest in purchasing that specific variant."
doveic0,Apparel & Footwear,I may need to get some as gifts soon! Would make good wedding gifts for a traveling couple,0,The user is expressing interest in purchasing the product as thoughtful wedding presents for a couple who enjoys traveling.
doveic0,Apparel & Footwear,am ready where do I seethe coupon,0,The user is asking where to find the discount code as they're prepared to make a purchase.
doveic0,Apparel & Footwear,Yep,0,The user likely confirms their purchase intention or agrees with a positive statement about the product.
doveic0,Apparel & Footwear,I absolutely agree,0,"The user likely expresses strong agreement with a positive statement about the product, possibly regarding its quality, pricing, or suitability as gifts mentioned earlier."
doveic0,Apparel & Footwear,you're correct,0,The user likely agrees with a previous statement about the product's features or purchasing details mentioned in the chat.
doveic0,Apparel & Footwear,Now I want to change the color I want,0,The user is expressing a desire to switch their preferred color choice after seeing the available options or others' orders.
doveic0,Apparel & Footwear,Right,0,The user likely agrees with a previous statement or confirms their readiness to proceed with a purchase.
doveic0,Apparel & Footwear,no green,0,The user likely means they are not interested in or cannot find the product in green color.
doveic0,Apparel & Footwear,We have 20 beautiful colors here!comment your favorite color we will show you one by one,0,The host is showcasing 20 color options and inviting viewers to request their preferred shades for live demonstration.
doveic0,Apparel & Footwear,I like the design of the red,1,The user is expressing interest in the red design and may be considering purchasing it.
doveic0,Apparel & Footwear,This one is giving sweetheart red,0,"The user is expressing admiration for the red color, likely comparing it to a romantic or attractive shade, possibly indicating interest in purchasing it."
doveic0,Apparel & Footwear,Very romantic,0,The user likely finds the product's design or color (possibly red) charming and suitable for romantic occasions.
doveic0,Apparel & Footwear,"Idk, it kinda looks like red lipstick or blush",0,"The user is uncertain but showing interest in the red shade, possibly comparing it to lipstick or blush while considering a purchase."
doveic0,Apparel & Footwear,"yep, you're right",0,The user is agreeing with a previous comment or the host's statement about the product's appeal or features.
doveic0,Apparel & Footwear,I had 7 of them and I was able to walk through the entire carnival with those,0,"The user is sharing their positive experience with the product, implying it's durable and effective for events like carnivals."
doveic0,Apparel & Footwear,Comfortable material,0,"The user is likely complimenting the product's material quality, possibly considering it for purchase based on comfort."
doveic0,Apparel & Footwear,rose gold,0,"The user is likely requesting to see the product in the rose gold color option, following the host's invitation to comment favorite colors for display."
doveic0,Apparel & Footwear,I selected it because I know you like this set.,0,"The user is explaining their choice based on someone else's preference, likely responding to a previous comment about favorite colors or gift ideas."
doveic0,Apparel & Footwear,"If we can guess which set looks like it costs more than the others, this would be it.",0,The user implies that this particular set appears to be the most expensive-looking among the options based on its visual presentation.
doveic0,Apparel & Footwear,Pink and white,1,"The user is likely expressing their preferred color choices (""pink and white"") in response to the host's request to share favorite colors for display."
doveic0,Apparel & Footwear,"Oh, you can connect this set together?",1,"The user is likely expressing curiosity about the product's compatibility or connectivity feature, possibly considering it for purchase after seeing others discuss its colors and uses."
doveic0,Apparel & Footwear,For easy transportation!!!,0,The user is likely expressing interest in purchasing the product due to its convenience for transport.
doveic0,Apparel & Footwear,como los conpro,1,"The user is asking how to purchase the product, likely interested in the colors or sets mentioned earlier."
doveic0,Apparel & Footwear,I see an active person who is into physical activities using this set.,0,"The user implies that the product set appeals to someone who enjoys an active lifestyle, suggesting it suits energetic individuals."
doveic0,Apparel & Footwear,That one is energetic,0,"The user likely means that the product being shown appears lively and dynamic, possibly referring to its vibrant color or energetic design."
doveic0,Apparel & Footwear,Has anyone purchased the yellow variant?,1,The user is likely interested in the yellow variant and seeking feedback from others who have bought it to inform their purchase decision.
doveic0,Apparel & Footwear,I call it Pikachu yellow,0,"The user is humorously naming the yellow variant after Pikachu, showing playful interest in that color option."
doveic0,Apparel & Footwear,They're good for everyday use as well.,0,"The user likely means the product is versatile and suitable for daily activities, implying they see its practical value beyond just occasional use."
doveic0,Apparel & Footwear,Do these fit true to size? I need a 10 but only see 9.5 and10.5.,1,The user is asking about the accuracy of the product's sizing and expressing concern over the availability of their preferred size (10) while seeing only adjacent sizes (9.5 and 10.5).
doveic0,Apparel & Footwear,am trying  to add other  color to to cart,0,The user is attempting to add a different color variant of the product to their shopping cart.
doveic0,Apparel & Footwear,I love the drop test. It really shows the durability of the case.,0,The user is impressed by the case's durability demonstrated in the drop test and likely considering purchasing it for its protective qualities.
doveic0,Apparel & Footwear,I've had luggage before and none of them were like these.,0,"The user is expressing admiration for the unique quality of the current luggage set compared to their past experiences, implying strong purchase interest."
doveic0,Apparel & Footwear,I added it to cart,0,The user likely intends to confirm their interest in purchasing the product by mentioning they've taken the action of adding it to their cart.
doveic0,Apparel & Footwear,They're not as sturdy or easy to clean/store.,0,The user implies dissatisfaction with the product's durability and convenience compared to expectations or alternatives mentioned earlier.
doveic0,Apparel & Footwear,yes both of them in 10in haft,0,"The user likely means: ""I want to buy both items in the 10-inch half size option."""
doveic0,Apparel & Footwear,the ones you get at the store,0,The user is likely comparing the product's quality or features to similar items available in physical retail stores.
doveic0,Apparel & Footwear,TRUE,0,"The user is confirming that the product fits accurately to the size they need, likely responding to the earlier question about sizing."
doveic0,Apparel & Footwear,They do make a lot of noise,0,The user likely means that the products are noticeable or attention-grabbing due to their loud colors or design features mentioned in previous comments.
doveic0,Apparel & Footwear,USA ONLY 12~5 days priority shipping 230 days free return 324hrs customer servic,0,"The user is likely inquiring about shipping options, return policies, and customer service availability for potential buyers in the USA."
doveic0,Apparel & Footwear,Do  you for wide flat feet?,0,The user is asking if the product is suitable for people with wide flat feet.
doveic0,Apparel & Footwear,Why is shipping almost as much as the price of the shoes,0,"The user is expressing frustration over the high shipping cost compared to the product price, questioning its reasonableness."
doveic0,Apparel & Footwear,Or maybe you just want to have your favorite color because it makes you feel good.,0,The user is suggesting that choosing a favorite color could be a motivating factor for purchase due to the emotional satisfaction it brings.
doveic0,Apparel & Footwear,"When I see blue, I think of calmness.",0,"The user associates the color blue with a sense of peace, possibly hinting at emotional appeal or personal preference for the product's color option."
doveic0,Apparel & Footwear,Green looks rich!!!!,1,"The user is expressing strong admiration for the green color, implying it looks luxurious or high-quality and potentially showing purchase interest."
doveic0,Apparel & Footwear,The blue set actually looks nice,1,"The user is showing genuine interest in the blue set, likely considering it as a purchase option after comparing colors and features mentioned earlier."
doveic0,Apparel & Footwear,I only have three colors and most of it are sold out,0,"The user is expressing frustration about limited color options and availability, implying they're interested but disappointed most choices are gone."
doveic0,Apparel & Footwear,blue,1,"The user is likely expressing interest in the blue-colored product mentioned earlier, possibly considering it for purchase."
doveic0,Apparel & Footwear,Are your shoes provided by Butterfly shoes,1,"The user is likely asking if the shoes being showcased are from the brand ""Butterfly shoes"" to confirm the product's origin before considering a purchase."
doveic0,Apparel & Footwear,I ordered two pair thank you,0,The user is confirming their purchase of two items and expressing gratitude for the product.
doveic0,Apparel & Footwear,Shipping for 3 is still charging me,0,"The user is frustrated that the shipping fee isn't discounted despite ordering three items, implying an expectation for bulk purchase benefits."
doveic0,Apparel & Footwear,Or snow cones,0,"The user is likely suggesting an alternative color or product option, possibly comparing it to previous mentions of colors like blue and green."
doveic0,Apparel & Footwear,which shoe?,0,The user is likely asking which specific shoe model or color is being discussed or recommended in the ongoing conversation.
doveic0,Apparel & Footwear,My favorite set,1,The user is expressing admiration for a specific set (likely the blue one mentioned earlier) and implying a strong liking or potential interest in purchasing it.
doveic0,Apparel & Footwear,"No, the purple and pink one",1,The user is expressing a preference for the purple and pink color option among the discussed products.
doveic0,Apparel & Footwear,"This one looks elegant, business-like but a sparkle of fun.",0,"The user admires the product's stylish and professional design with a playful touch, likely showing interest in purchasing it."
doveic0,Apparel & Footwear,Do you have an in green,1,"The user is likely asking if the product is available in the color green, showing interest in purchasing that specific variant."
doveic0,Apparel & Footwear,a mix of business and pleasure,0,"The user is likely expressing that the product combines practicality with enjoyment, fitting both professional and personal preferences."
doveic0,Apparel & Footwear,"Midnight, Romance date night kind of look",0,"The user is expressing interest in the elegant and romantic style of the product, possibly suggesting it's suitable for a special evening occasion."
doveic0,Apparel & Footwear,Cobran mucho de shipping,0,"The user is expressing frustration about the high shipping costs, similar to previous complaints about shipping fees in the chat."
doveic0,Apparel & Footwear,i LOVE shoes and go thru a lot as a nurse,0,"The user is expressing strong enthusiasm for shoes and mentioning their high usage as a nurse, implying interest in durable footwear."
doveic0,Apparel & Footwear,"Yes, my first set!!!!",0,"The user is excitedly announcing their purchase of the first set of shoes, likely influenced by the positive discussions about colors and styles in the chat."
doveic0,Apparel & Footwear,Teal Twilight is next,0,"The user is likely expressing anticipation or interest in the next product, possibly a color variant like ""Teal Twilight,"" based on the ongoing discussion about colors and preferences."
doveic0,Apparel & Footwear,I will get the number,0,"The user likely intends to purchase the mentioned product, possibly referring to a specific color or style number from the discussed shoe collection."
doveic0,Apparel & Footwear,Could you tell me the measurements of the biggest one,1,"The user is likely inquiring about the dimensions of the largest available product variant, possibly a shoe or set mentioned earlier in the chat."
doveic0,Apparel & Footwear,I think the purple one should be called twilight romance,0,"The user suggests naming the purple product ""twilight romance"" to match its aesthetic, likely inspired by the previous discussion about color-themed names like ""teal twilight."""
doveic0,Apparel & Footwear,I will order the #5 but not from Butterfly Shoes,0,The user intends to purchase item #5 but prefers to buy it from a different seller instead of Butterfly Shoes.
doveic0,Apparel & Footwear,I need 9 pairs,0,"The user is expressing a clear intention to purchase nine pairs of shoes, likely influenced by the ongoing discussion about colors, styles, and previous orders in the chat."
doveic0,Apparel & Footwear,but I purchased 5 and I was charged 55,0,"The user is complaining about being overcharged for purchasing five items, implying there might be a pricing or shipping error."
doveic0,Apparel & Footwear,Orange,0,The user is likely inquiring about the availability or details of an orange-colored product mentioned earlier in the discussion.
doveic0,Apparel & Footwear,Oh you're asking about my favorites,0,The user is likely responding to a question about their preferred product choices by indicating they're about to share their favorites.
doveic0,Apparel & Footwear,My number one is purple and pink. The second one is pink the third one is cotton candy luggage.,1,"The user is ranking their favorite color/styles of the products mentioned (likely shoes or luggage), with purple/pink as top choice, followed by pink and cotton candy designs."
doveic0,Apparel & Footwear,1. Periwinkle Purple 2. Teal Twilight and 3. Black,0,The user is listing their top three preferred color choices for the product being discussed in the live stream.
doveic0,Apparel & Footwear,woohoo!,0,"The user is likely expressing excitement or approval about a product being discussed, possibly in response to a favorite color or style mentioned earlier."
doveic0,Apparel & Footwear,purple,1,The user is likely expressing a preference for the purple color option mentioned earlier in the discussion about shoe/luggage choices.
doveic0,Apparel & Footwear,Which one is size 7,1,"The user is asking which product option corresponds to size 7, indicating specific purchase intent for that sizing."
doveic0,Apparel & Footwear,i wasnt for sure on size so hopefully they fit.,0,The user is expressing slight uncertainty about their size choice but hopes the purchased items will fit well.
doveic0,Apparel & Footwear,I dont see it,0,"The user likely means ""I can't find the product/item you're referring to"" or ""I don't see the option you mentioned."""
doveic0,Apparel & Footwear,this one means mind-blowing,1,"The user is likely expressing strong admiration for a specific product, possibly comparing it to something extraordinary or impressive."
doveic0,Apparel & Footwear,"Ordered , beige and red free shipping",0,"The user is confirming their purchase of beige and red items with free shipping, likely in response to a product showcase or promotion mentioned earlier in the chat."
doveic0,Apparel & Footwear,Cheetah,0,"The user is likely referring to a specific color or product name ""Cheetah"" in the context of discussing shoe preferences and ordering options."
doveic0,Apparel & Footwear,Blue like the calming sky!,0,"The user is likely expressing admiration for the color blue, comparing it to a peaceful sky, possibly indicating interest in a blue product mentioned earlier."
doveic0,Apparel & Footwear,you're welcome!,0,"The user is likely responding politely to a thank-you or acknowledgment from the host, possibly after placing an order or receiving assistance."
doveic0,Apparel & Footwear,why is it making me do one at a time,0,The user is likely frustrated with the ordering process requiring them to select items individually instead of in bulk.
doveic0,Apparel & Footwear,The inside of that one is the same as others?,1,The user is likely asking if the internal design or features of a specific product are identical to other similar ones mentioned in the chat.
doveic0,Apparel & Footwear,Cute,0,The user likely finds a product adorable and is expressing admiration or interest in purchasing it.
doveic0,Apparel & Footwear,oh even the smallest case has wheels.,0,"The user is expressing admiration for the convenience of even the smallest luggage case having wheels, likely comparing it to others mentioned in the chat."
doveic0,Apparel & Footwear,Gold!,0,"The user is likely expressing admiration for a gold-colored product mentioned earlier, showing interest in purchasing it."
doveic0,Apparel & Footwear,It looks rose gold to me.,0,The user is likely expressing their observation or preference for the rose gold color option among the discussed product choices.
doveic0,Apparel & Footwear,"Same color scheme, but different finish.",0,The user is comparing two similar-looking products with identical color designs but distinct textures or surface treatments.
doveic0,Apparel & Footwear,I missed it,0,The user likely regrets not catching or purchasing a previously mentioned product or color option during the live stream.
doveic0,Apparel & Footwear,I think it was Teal Twilight,0,"The user is likely stating their preferred color choice (""Teal Twilight"") among the discussed options in the ongoing conversation about product colors and preferences."
doveic0,Apparel & Footwear,Unfair you do not have my size 12,0,"The user is expressing frustration that the product they want isn't available in their size (12), likely referring to a previously mentioned color/style."
doveic0,Apparel & Footwear,my blue not showing up,0,The user likely means they can't find the blue-colored item they want to purchase in the available options.
doveic0,Apparel & Footwear,Really? Teal Twilight has an 80s vibe in my opinion.,0,"The user is sharing their personal impression that the ""Teal Twilight"" color has a nostalgic 1980s aesthetic appeal."
doveic0,Apparel & Footwear,I would buy all colors,0,The user is expressing strong interest in purchasing the product in every available color option.
doveic0,Apparel & Footwear,"Yeah, 290 was very expensive but when I got these luggage from here, I was like I made the right",0,"The user is expressing satisfaction with their purchase despite the high price, feeling it was worth it after receiving the luggage."
doveic0,Apparel & Footwear,Choice to get these luggage,0,"The user is expressing enthusiasm about selecting the luggage options available, likely influenced by others' positive comments about colors and quality."
doveic0,Apparel & Footwear,Ok thank you for acknowledging me,0,"The user is politely appreciating the host's response to their previous comment, likely about product details or colors, showing engagement but not direct purchase intent."
doveic0,Apparel & Footwear,the metallic blue,0,"The user is likely expressing interest in or admiration for a metallic blue product mentioned in the直播, possibly comparing it to other color options discussed earlier."
doveic0,Apparel & Footwear,"Yeah, that color scheme was very popular in the 80s.",0,The user agrees that the color scheme has an 80s aesthetic and likely finds it appealing or nostalgic.
doveic0,Apparel & Footwear,it changed right before i ordered,0,The user is frustrated because the product's color or details changed unexpectedly just as they were about to place an order.
doveic0,Apparel & Footwear,Agreed!!!!,0,"The user likely agrees with a previous comment about the product's color or design, possibly endorsing the 80s vibe or expressing approval of the luggage's quality."
doveic0,Apparel & Footwear,how do I do it,1,"The user is likely asking for guidance on how to purchase or interact with the product being discussed, possibly regarding color options or ordering process."
doveic0,Apparel & Footwear,am trying to get 6 for 50,0,"The user is likely negotiating a bulk purchase deal, asking if they can buy six items for a total of $50."
doveic0,Apparel & Footwear,I ordered 5 pair,0,"The user is confirming their purchase of five items, likely responding to a promotion or color options discussed earlier in the chat."
doveic0,Apparel & Footwear,Once received can it be switched out?,0,"The user is likely asking if the product can be exchanged after delivery, possibly due to color or size concerns mentioned in previous chats."
doveic0,Apparel & Footwear,We have 21 beautiful colors here!comment your favorite color we will show you one by one,0,The host is showcasing 21 color options and inviting viewers to engage by commenting their preferred color for live demonstrations.
doveic0,Apparel & Footwear,received my order and shoes are great quality,0,"The user is expressing satisfaction with their recent purchase, confirming the shoes' quality matches their expectations."
doveic0,Apparel & Footwear,Gonna wait for the blue!!,1,"The user is expressing anticipation for the blue color variant to be showcased next, likely responding to the host's invitation to request favorite colors."
doveic0,Apparel & Footwear,The light blue is coming back soon in 3 mins stay tuned babes!!!,0,"The user is excitedly announcing that the light blue product will be restocked shortly, urging others to stay for the update."
doveic0,Apparel & Footwear,The design is cool,1,"The user likely admires the product's design and may be considering a purchase, possibly referring to the discussed color options like teal or metallic blue."
doveic0,Apparel & Footwear,Is the corner metal?,1,"The user is likely inquiring whether the corner of the product is made of metal, possibly seeking material clarification before purchasing."
doveic0,Apparel & Footwear,We are restocking for all the colors for flash sale price make sure stay tuned!!!,0,The user is excitedly announcing a restock of all colors at a discounted price and urging viewers to stay for the upcoming sale.
doveic0,Apparel & Footwear,USA ONLY 12~5 days priority shipping 230 days free return 324hrs customer service,0,"The user is likely inquiring about shipping options, return policies, and customer service availability for potential purchase consideration."
doveic0,Apparel & Footwear,"Black, white, red leopard",1,"The user is likely expressing interest in purchasing the product in black, white, or red leopard print colors."
doveic0,Apparel & Footwear,I buy two of baby blue lol,0,"The user is excitedly confirming their purchase of two items in the baby blue color, likely influenced by the upcoming restock announcement and positive feedback on quality."
doveic0,Apparel & Footwear,Ofc i been waiting,0,"The user is expressing eager anticipation for an upcoming product, likely the metallic blue item mentioned earlier, implying strong purchase intent."
doveic0,Apparel & Footwear,I just ordered,0,"The user is confirming they've just placed an order, likely influenced by the ongoing product discussions and color restock announcements in the lively sale environment."
doveic0,Apparel & Footwear,"I got pink , black, white ,khaki and baby blue",0,"The user is listing the colors they have purchased or are interested in, likely responding to the host's prompt about favorite colors."
doveic0,Apparel & Footwear,Size 7 in the US?,1,"The user is asking if the product is available in US size 7, indicating potential purchase interest in that specific size."
doveic0,Apparel & Footwear,Welcome to everyone joined in UUH Boutique live. And tell us which color do you like ?,0,The user is likely a host or moderator welcoming viewers and engaging them to share their preferred colors for the showcased products.
doveic0,Apparel & Footwear,I got 5 of them they are all comfortable,0,"The user is expressing satisfaction with their purchase of five items, highlighting their comfort and implying a positive experience with the product."
doveic0,Apparel & Footwear,I got 2 black & white & 1 black,0,"The user is confirming their purchase of two black & white items and one black item, likely responding to a color showcase or promotion in the chat."
doveic0,Apparel & Footwear,hiii,0,"The user is likely greeting the stream or expressing excitement about the ongoing product showcase, possibly indicating initial interest in the colorful items being promoted."
doveic0,Apparel & Footwear,I need a pair exchanged,0,"The user likely wants to exchange a pair of shoes they previously purchased, possibly due to size or color preference."
doveic0,Apparel & Footwear,No I payed $62.18,0,"The user is confirming their recent purchase of $62.18, likely responding to a question about payment or clarifying their order amount."
doveic0,Apparel & Footwear,I got coupon,0,"The user is likely expressing excitement about having a discount code to use for their purchase, indicating readiness to buy."
doveic0,Apparel & Footwear,Just ordered the candy!!!!,0,"The user is excitedly confirming their purchase of the candy, likely influenced by the live sale's urgency and positive feedback from others about product quality and colors."
doveic0,Apparel & Footwear,Cool,0,The user likely agrees with the previous comment about the design being stylish or expresses general approval of the product's appearance.
doveic0,Apparel & Footwear,oh ok,0,"The user likely acknowledges the information passively without strong purchase intent, possibly responding to a color restock announcement or shipping details."
doveic0,Apparel & Footwear,Do only some say walking on them?,0,"The user is likely asking if only certain people find the product comfortable to walk in, based on previous mentions of comfort and purchases."
doveic0,Apparel & Footwear,Can you hold up the red/leapord,1,"The user is likely asking the host to showcase the red leopard print item more clearly, indicating interest in purchasing that specific color/design."
doveic0,Apparel & Footwear,Can you show me black color?,1,The user is asking to see the product in black color to make a purchase decision.
doveic0,Apparel & Footwear,US size 7 what size I get?,1,"The user is asking for size conversion advice to purchase the product, likely indicating interest in buying a US size 7 item after seeing others discuss colors and orders."
doveic0,Apparel & Footwear,Are they in blue too,1,"The user is likely asking if the product is also available in blue, showing interest in purchasing that color option."
doveic0,Apparel & Footwear,Maybe I should have said navy blue and thank you,0,The user likely regrets not choosing navy blue earlier and is politely acknowledging the host's assistance while showing interest in that color option.
doveic0,Apparel & Footwear,Ok thank you,0,"The user is politely acknowledging information received, likely about product details or colors, and showing appreciation without further questions."
doveic0,Apparel & Footwear,are they all expandable???,1,"The user is likely asking if all the available shoe colors/styles have an expandable or adjustable feature, possibly referring to width or fit flexibility."
doveic0,Apparel & Footwear,Can you show me the size chart again,1,The user is interested in purchasing and wants to confirm the correct sizing by requesting another look at the size chart.
doveic0,Apparel & Footwear,"I wear a 9,5 what size",1,The user is asking for the corresponding shoe size conversion for their size 9.5 (likely EU) in the brand being showcased.
doveic0,Apparel & Footwear,I got 3 pairs,0,"The user is sharing that they have purchased three pairs of the product, likely indicating satisfaction or intent to buy more based on previous positive feedback."
doveic0,Apparel & Footwear,cute shoes love the silver one,0,The user is expressing admiration for the silver shoes and likely considering purchasing them.
doveic0,Apparel & Footwear,wow!! $10????,0,"The user is expressing surprise and interest in the low price of $10, likely comparing it to previously mentioned higher prices or seeking confirmation."
doveic0,Apparel & Footwear,I like this color,1,The user is expressing interest in the product's color and may be considering a purchase.
doveic0,Apparel & Footwear,Just bought several pairs and new work sneakers,0,"The user is excitedly sharing their recent purchase of multiple items, including new work sneakers, indicating satisfaction and engagement with the products."
doveic0,Apparel & Footwear,Think I got 5?,0,"The user is likely confirming if they successfully purchased five items, possibly referencing others' mentions of buying multiple pairs."
doveic0,Apparel & Footwear,True to size?,1,"The user is asking if the product fits as expected based on the standard sizing, likely seeking confirmation before purchasing."
doveic0,Apparel & Footwear,Size 9,1,The user is inquiring about the availability or sizing details for their specific shoe size (US 9) based on the ongoing product discussion.
doveic0,Apparel & Footwear,I got 6,0,"The user likely means ""I purchased six pairs (of the product being discussed)."""
doveic0,Apparel & Footwear,Just ordered the purple !!!!!,0,"The user is excitedly confirming their purchase of the purple item, likely influenced by the live showcase and others' buying actions in the chat."
doveic0,Apparel & Footwear,Very similar,0,"The user likely means ""This product looks very similar to another one I've seen or own,"" possibly comparing colors or styles mentioned earlier."
doveic0,Apparel & Footwear,Ordre placed 3 pairs,0,"The user is confirming they've successfully purchased three pairs of shoes, likely responding to product details discussed earlier in the chat."
doveic0,Apparel & Footwear,How is it quality?,1,The user is likely asking about the product's material and durability to assess if it's worth purchasing.
doveic0,Apparel & Footwear,That color is my favorite,1,"The user is expressing strong personal preference for the product's color, indicating potential purchase interest due to aesthetic appeal."
doveic0,Apparel & Footwear,How long can receive it?,0,The user is likely asking about the estimated delivery time for the product they're interested in purchasing.
doveic0,Apparel & Footwear,What is size for us7,1,"The user is asking which shoe size corresponds to US size 7, likely seeking clarification before making a purchase."
doveic0,Apparel & Footwear,am not see my size,0,The user is asking if their size is available since they didn't see it listed.
doveic0,Apparel & Footwear,11 us,0,"The user is likely asking if the shoe size ""11"" corresponds to the US sizing standard, similar to previous inquiries about size conversions."
doveic0,Apparel & Footwear,"As a customer, I believe in promoting good products.",0,"The user is expressing appreciation for quality products and implying they support brands that deliver good value, aligning with the positive shopping atmosphere in the chat."
doveic0,Apparel & Footwear,Boil pink blue cream white,1,"The user is likely listing color preferences for the shoes, possibly asking if they come in pink, blue, cream, or white."
doveic0,Apparel & Footwear,No problem,0,"The user likely means ""I agree with the product details or purchase conditions mentioned earlier"" or ""I have no issues with my order."""
doveic0,Apparel & Footwear,I just got my blue pair yesterday,0,"The user is sharing their recent purchase of the blue version to show satisfaction and engagement with the product, likely encouraging others to buy."
doveic0,Apparel & Footwear,Absolutely,0,The user likely agrees with a positive statement about the product or confirms their purchase intention enthusiastically.
doveic0,Apparel & Footwear,I think some people will be interested,0,The user likely means that the product seems appealing and could attract potential buyers based on others' positive reactions.
doveic0,Apparel & Footwear,Which color is on sale ?,1,"The user is inquiring about the discounted color options available for purchase, showing interest in buying if their preferred color is on sale."
doveic0,Apparel & Footwear,I ordering 5 pairs,0,"The user is confirming they have purchased five pairs of the product, likely influenced by others sharing their orders and discussing sizes/colors."
doveic0,Apparel & Footwear,The white set looks very elegant,1,"The user is expressing admiration for the white set's elegance, likely considering it as a potential purchase option based on the ongoing discussion about colors and orders."
doveic0,Apparel & Footwear,do have 11,0,"The user is likely asking if the product is available in size 11, possibly following up on previous size-related questions in the chat."
doveic0,Apparel & Footwear,Cotton Candy is nice too,1,The user likely means they also like the cotton candy color option and might be considering purchasing it.
doveic0,Apparel & Footwear,My is not coming up the sale price in cotton candy,0,"The user likely means: ""The sale price for the Cotton Candy color isn't showing up for me."""
doveic0,Apparel & Footwear,You can find it in the checkout section also,0,"The user is informing others that the product can also be located in the checkout area, likely clarifying a purchase-related query or guiding fellow viewers."
doveic0,Apparel & Footwear,I just paid 6 pairs,0,"The user is confirming their purchase of six pairs of the product, likely responding to a prompt or following others' order announcements in the chat."
doveic0,Apparel & Footwear,Okay I see it now,0,The user likely means they've finally located or understood the product details after initially missing them.
doveic0,Apparel & Footwear,I recommend purchasing a set because summer vacations are coming up. We need good quality luggage.,0,"The user suggests buying luggage sets in advance for summer trips, implying they see value in the product's quality and timing."
doveic0,Apparel & Footwear,"Blue,pink and green",1,"The user is likely inquiring about the availability or details of the items in blue, pink, and green colors."
doveic0,Apparel & Footwear,You know me too well,0,The user is acknowledging that the product recommendations or color choices perfectly match their personal taste or needs.
doveic0,Apparel & Footwear,Really? Can you show me? I like it,1,"The user is expressing genuine interest in seeing a product demonstration, likely prompted by positive mentions of colors or styles in previous messages."
doveic0,Apparel & Footwear,Size 10 ???,1,"The user is likely inquiring about the availability of size 10 for a product mentioned earlier, possibly luggage or shoes, based on previous discussions about colors and bulk purchases."
doveic0,Apparel & Footwear,My luggage lost its wheels during the trip last time,0,The user implies they need durable luggage and may be interested in purchasing a replacement after their previous one broke.
doveic0,Apparel & Footwear,what happen?? just came back??,0,The user is confused about a sudden change in the discussion or product availability after briefly leaving the stream.
doveic0,Apparel & Footwear,5 more min,0,The user is likely asking the host to extend the sale for five more minutes to finalize their purchase decision.
doveic0,Apparel & Footwear,woah...,0,"The user is likely expressing surprise or admiration, possibly reacting to a new product reveal or a positive comment about the item's quality or appearance."
doveic0,Apparel & Footwear,"Looks good, can you show me the purple?",1,The user is interested in purchasing the purple-colored item and requests a visual demonstration of it during the live stream.
doveic0,Apparel & Footwear,ha i got itt,0,"The user likely means ""I successfully purchased the item"" with excitement, possibly referring to the cotton candy color or luggage set mentioned earlier."
doveic0,Apparel & Footwear,yess i love blue,1,"The user enthusiastically agrees with a preference for the blue color option mentioned earlier, likely indicating interest in purchasing it."
doveic0,Apparel & Footwear,Got my 6 pairs,0,"The user is confirming they successfully purchased six pairs of the product, likely matching others' bulk orders mentioned earlier."
doveic0,Apparel & Footwear,Yes baby blue saved $15,0,"The user is excited about purchasing the baby blue item and saving $15, likely referring to a discounted luggage set mentioned earlier in the chat."
doveic0,Apparel & Footwear,I just got the blue now!!,0,"The user is excitedly confirming they've just purchased the blue item, likely matching earlier discussions about colors and successful checkouts."
doveic0,Apparel & Footwear,Ordered 3 pairs,0,"The user is confirming their purchase of three pairs of the product, likely following others' positive feedback and successful orders mentioned in the chat."
doveic0,Apparel & Footwear,5 more mins,0,The user is likely asking the host to extend the sale for five more minutes to finalize their purchase decision.
doveic0,Apparel & Footwear,"Wow, teal twilight  looks fine",1,"The user is expressing admiration for the ""teal twilight"" product, likely indicating interest in purchasing it based on the positive tone and previous mentions of colors and purchases."
doveic0,Apparel & Footwear,I just bought the white sandal tennis shoes!! Love them!,0,The user is enthusiastically sharing their recent purchase of the white sandal tennis shoes and expressing satisfaction with the product.
doveic0,Apparel & Footwear,I might get the Teal Twilight today,0,"The user is considering purchasing the ""Teal Twilight"" product after seeing positive mentions of it in the chat."
doveic0,Apparel & Footwear,No not those..the tennis shoe ones!!,1,"The user is urgently requesting to see the tennis shoe models instead of the current items being shown, likely because they're interested in purchasing them."
doveic0,Apparel & Footwear,so true,0,"The user likely agrees with a previous statement about the product's appeal or quality, showing alignment with others' positive reactions."
doveic0,Apparel & Footwear,beige,1,"The user is likely inquiring about or expressing interest in the ""beige"" color option of a product being shown in the直播."
doveic0,Apparel & Footwear,Type 1,0,"The user is likely expressing interest in a specific product type or color variation, possibly inquiring about availability or details for ""Type 1"" based on previous color/style discussions."
doveic0,Apparel & Footwear,my least favorite is orange but I know some people love that color.,0,"The user is expressing a personal dislike for orange while acknowledging its popularity among others, likely in response to a color option being discussed in the live stream."
doveic0,Apparel & Footwear,Is it good quality,1,The user is likely asking about the product's durability and performance to decide if it's worth purchasing.
doveic0,Apparel & Footwear,How many days. Come,0,"The user is likely asking how many days until delivery, expressing eagerness to receive their purchase based on others' positive buying experiences."
doveic0,Apparel & Footwear,Very comfortable!,0,"The user likely expresses satisfaction with the product's comfort, possibly after purchasing or seeing others mention their positive experiences with the items."
doveic0,Apparel & Footwear,how to pay,1,The user is interested in purchasing and wants to know the payment methods available for the product being discussed.
doveic0,Apparel & Footwear,good,0,"The user likely means ""This product looks appealing, I'm considering buying it."""
doveic0,Apparel & Footwear,I just got my package,0,"The user is excited to share that they've received their purchased item, likely the blue or teal product mentioned earlier, and is expressing satisfaction with their order."
doveic0,Apparel & Footwear,I love it,0,"The user is expressing strong admiration for the product, likely influenced by others' positive purchase experiences shared in the chat."
doveic0,Apparel & Footwear,Emerald Green 4 piece set,1,"The user is likely expressing interest in purchasing the ""Emerald Green 4 piece set"" based on others discussing their recent purchases and color preferences in the chat."
doveic0,Apparel & Footwear,Fast Shipping,0,The user is likely inquiring about the delivery speed or expressing satisfaction with the quick shipping based on others' recent purchase experiences.
doveic0,Apparel & Footwear,Ordered Sunday,0,"The user is confirming they've already placed an order for the product last Sunday, likely responding to a prompt about purchase status or shipping timeline."
doveic0,Apparel & Footwear,Thursday,0,"The user is likely inquiring about the delivery time or availability of a product mentioned earlier, possibly referencing ""Thursday"" as the expected arrival or restock date."
doveic0,Apparel & Footwear,is 69.76 lo me,0,"The user is likely asking if the price of the item (possibly the ""Teal Twilight"" or tennis shoes) is $69.76 to them."
doveic0,Apparel & Footwear,Fedex delivered,0,The user is sharing their positive experience with the delivery service after receiving their purchased item.
doveic0,Apparel & Footwear,Where are the dark blue,1,The user is asking about the availability of dark blue-colored items mentioned earlier in the直播.
doveic0,Apparel & Footwear,I ordered 6 pair,0,"The user is confirming they've purchased six pairs of the product, likely responding to a color/size option mentioned earlier in the chat."
doveic0,Apparel & Footwear,I got 4 pairs !,0,"The user is excitedly sharing that they purchased four pairs of the product, likely responding to others discussing their own orders or product colors."
doveic0,Apparel & Footwear,brown pink black and tan,1,"The user is likely listing color preferences or available options for a product, possibly referring to different shades or variations they are interested in."
doveic0,Apparel & Footwear,"brown, pink, blue, burgundy, cheetah print,black",1,The user is likely listing their preferred color options for the product being discussed in the live stream.
doveic0,Apparel & Footwear,have u got any boys nike shoes,1,"The user is inquiring about the availability of Nike shoes for boys, likely interested in purchasing a pair if they're in stock."
doveic0,Apparel & Footwear,I buy,0,"The user likely intends to confirm their purchase decision, expressing readiness to buy the product mentioned in the ongoing conversation."
doveic0,Apparel & Footwear,is there men shoes too?,1,"The user is asking if the store also offers men's shoes, indicating interest in purchasing if available."
doveic0,Apparel & Footwear,"No blue! Yes, I used the coupon.",0,The user confirms they avoided the blue option and successfully applied a discount coupon for their purchase.
doveic0,Apparel & Footwear,Just bought 5. Thank you!,0,The user is enthusiastically confirming their purchase of 5 items and expressing gratitude for the positive shopping experience reflected in previous comments.
doveic0,Apparel & Footwear,Do you have coupon or promo,0,The user is inquiring about available discounts or promotional offers to consider making a purchase.
doveic0,Apparel & Footwear,"Wow, the purple is amazing",1,"The user is expressing strong admiration for the purple color of a product, likely indicating a desire to purchase it."
doveic0,Apparel & Footwear,What is us size 9.5?,1,"The user is asking for the equivalent size in US measurements, likely inquiring about a specific shoe or clothing item mentioned in the conversation."
doveic0,Apparel & Footwear,Cool can you show me the inside?,1,"The user is likely asking to see the interior or details of a product mentioned in the chat, possibly shoes or clothing, to make a purchasing decision."
doveic0,Apparel & Footwear,The purple is,1,The user is likely expressing admiration for the purple item mentioned earlier and possibly inquiring about its availability or details.
doveic0,Apparel & Footwear,Can you show me the cotton candy inside?,1,The user is interested in seeing a detailed view of the cotton candy product's interior to assess its quality or design before purchasing.
doveic0,Apparel & Footwear,"Ok, I have decide to have purple",1,The user is expressing their decision to purchase the purple item after seeing positive comments about it.
doveic0,Apparel & Footwear,Hi Good morning,0,The user is likely greeting the host casually while showing general engagement with the live stream.
doveic0,Apparel & Footwear,UAM orden mine now,0,"The user likely wants to place an immediate order for UAM products, possibly influenced by others' purchase confirmations and color inquiries in the chat."
doveic0,Apparel & Footwear,U WAN y yo change the color,0,The user likely wants to ask if they can switch their order to a different color option.
doveic0,Apparel & Footwear,wheres the link,1,"The user is asking for the purchase link to buy the product, likely interested in the colors or styles mentioned earlier."
doveic0,Apparel & Footwear,New color in the back,0,"The user is likely asking if there are additional color options available for the product being shown, possibly referencing unseen variations mentioned earlier."
doveic0,Apparel & Footwear,Pink green,1,The user is likely inquiring about the availability of pink and green color options for the product.
doveic0,Apparel & Footwear,How do I buy,1,"The user is asking for purchasing instructions, likely interested in a specific product mentioned earlier (like purple or colorful items) and seeking the next steps to complete the transaction."
doveic0,Apparel & Footwear,This yes,0,"The user likely agrees with or confirms a previous suggestion about a product, possibly regarding color or purchase decision."
doveic0,Apparel & Footwear,Ok  pay  my order. Now,0,The user is confirming their purchase decision and requesting immediate order processing for the chosen item (likely the purple color mentioned earlier).
doveic0,Apparel & Footwear,Only want  to change the color.,0,The user is interested in purchasing the product but specifically wants to customize the color option before proceeding.
doveic0,Apparel & Footwear,Thanks!! Order placed,0,"The user is confirming their purchase and expressing gratitude after deciding on a product, likely influenced by earlier discussions about colors and ordering."
doveic0,Apparel & Footwear,No want purple,0,"The user likely means they don’t prefer the purple option, possibly after seeing it showcased or due to personal taste."
doveic0,Apparel & Footwear,I sure did,0,"The user likely confirms they have already purchased the item, possibly in response to a host's question about previous orders."
doveic0,Apparel & Footwear,"Black , white and blue",1,"The user is likely expressing interest in the available color options, specifically mentioning ""black, white, and blue"" as their preferred choices among the products being shown."
doveic0,Apparel & Footwear,Want green punk,1,The user likely wants to express a preference for the green color variant of the punk-style product mentioned earlier in the chat.
doveic0,Apparel & Footwear,Was trying to correct cart and missed it,0,The user likely meant they were attempting to modify their cart (color/items) but missed the opportunity to complete the purchase during the limited-time offer.
doveic0,Apparel & Footwear,The beige one,1,"The user is requesting to see or purchase the item in beige color, likely responding to a color option shown by the host."
doveic0,Apparel & Footwear,Ordered 6,0,"The user is confirming they've successfully placed an order for six items, likely responding to a product showcase or purchase prompt in the livestream."
doveic0,Apparel & Footwear,"Silver, blue, pink, and white",0,"The user is likely listing their preferred color options for the product, indicating interest in purchasing one of those variants."
doveic0,Apparel & Footwear,What are the true sizes?,1,"The user is likely asking for accurate sizing information before making a purchase decision, possibly due to inconsistent sizing standards mentioned earlier."
doveic0,Apparel & Footwear,Size 9 American is what number,1,The user is asking for the equivalent shoe size in another country's sizing system for a US size 9.
doveic0,Apparel & Footwear,Cotton candy so pretty how much is it,1,The user is expressing admiration for the cotton candy item and asking about its price to potentially purchase it.
doveic0,Apparel & Footwear,Really? Can you show me I like this color,1,The user is interested in the product's color and wants to see it demonstrated before making a purchase decision.
doveic0,Apparel & Footwear,I did buy 5 pair a few minutes ago.,0,"The user confirms their recent purchase of five items, likely responding to a question or prompt about orders placed during the live session."
doveic0,Apparel & Footwear,"Coffee, beige, black, pink and blue.",1,"The user is listing their preferred color options for the product, likely responding to a query or confirming their selection during checkout."
doveic0,Apparel & Footwear,"Good I like it, order now",1,"The user is expressing strong approval of the product and immediate intent to purchase it, likely influenced by the positive shopping atmosphere in the chat."
doveic0,Apparel & Footwear,I like the orange ones,1,"The user is expressing a preference for the orange-colored product, likely indicating they'd consider purchasing it if available."
doveic0,Apparel & Footwear,I order 4,0,"The user is confirming they have placed an order for four items, likely following the color/size selection discussions in previous messages."
doveic0,Apparel & Footwear,Now I can throw away some of my old worn out sneakers. Yay!!!!!,0,"The user is excited about replacing their old sneakers with new ones, likely influenced by others' purchases and color discussions in the chat."
doveic0,Apparel & Footwear,Am going  to send back mind them is too big,0,"The user intends to return the items because they are too large, likely referencing a previous discussion about sizing concerns in the chat."
doveic0,Apparel & Footwear,I ordered,0,The user is confirming they have successfully placed an order for the product.
doveic0,Apparel & Footwear,How to order 6 different colors?,1,"The user is inquiring about the process to purchase a set of six items in various colors, likely following others' mentions of multi-color orders."
doveic0,Apparel & Footwear,gym,0,"The user likely wants to inquire about the availability or details of a ""gym"" color option for the product being discussed."
doveic0,Apparel & Footwear,Track and clothes,1,The user is likely asking about the availability or details of track-related clothing items mentioned in the直播.
doveic0,Apparel & Footwear,Just ordered 6pairs in different colors,0,"The user is excitedly confirming their purchase of multiple colored items, likely sneakers, following others' discussions about colors and ordering in bulk."
doveic0,Apparel & Footwear,I have a set and they are wonderful! Great prices for such quality,0,"The user is enthusiastically endorsing the product's quality and value, likely encouraging others to purchase based on their positive experience with the set."
doveic0,Apparel & Footwear,I have the bright yellow set!,0,"The user is enthusiastically sharing that they already own the mentioned yellow set, likely implying satisfaction and possibly encouraging others to buy it too."
doveic0,Apparel & Footwear,I just ordered 5,0,"The user is confirming their recent purchase of five items, likely sneakers or clothing, showing satisfaction and engagement with the ongoing sale."
doveic0,Apparel & Footwear,Address,0,The user is likely asking for the shipping address or store location to place an order.
doveic0,Apparel & Footwear,new,0,The user likely wants to inquire about the availability or details of a newly mentioned product or color option.
doveic0,Apparel & Footwear,I am a novice at tiktok... What is the difference in join and follow?,0,The user is likely new to TikTok's live shopping and is asking about the functional difference between joining and following the live stream.
doveic0,Apparel & Footwear,Lowest price ever?,0,"The user is likely asking if the current price is the absolute lowest available, indicating strong purchase interest if confirmed."
doveic0,Apparel & Footwear,Hello hello you have Hawaii wear today,1,The user is likely asking if the seller is currently showcasing Hawaiian-themed clothing/items in the直播.
doveic0,Apparel & Footwear,That color is out,0,"The user likely means ""That color is sold out"" or ""That color isn't available anymore,"" expressing disappointment about the unavailability of a desired product color."
doveic0,Apparel & Footwear,Hi I see the orange and also the light green,0,"The user is expressing interest in the orange and light green items, likely considering purchasing them based on the ongoing discussion about colors and orders."
doveic0,Apparel & Footwear,I green and they have some brown,0,"The user likely means: ""I prefer the green ones, but they only have brown available now."""
doveic0,Apparel & Footwear,Is both of them is understandable right?,0,The user is likely asking if both color options (orange and light green) are clearly visible or distinguishable in the直播.
doveic0,Apparel & Footwear,where is the buy now to join? I have no idea where to look,0,The user is confused about the purchasing process and is asking for clear instructions on how to place an order to join the offer.
doveic0,Apparel & Footwear,In orange inside,0,The user is likely inquiring if the product is available in orange color or referring to the orange variant mentioned earlier in the chat.
doveic0,Apparel & Footwear,The blue one is sooo cute,1,"The user is expressing admiration for the blue item and likely considering purchasing it, influenced by others discussing their orders and color preferences."
doveic0,Apparel & Footwear,Can I see the dark green also inside,1,"The user is asking to see the interior or lining of the dark green product variant, likely for a color comparison before purchasing."
doveic0,Apparel & Footwear,Just bought 5pairs with coupons,0,"The user is excitedly sharing their purchase of five items using discounts, indicating satisfaction with the deal and product."
doveic0,Apparel & Footwear,I wear an 8.5,0,The user is indicating their shoe size to inquire about product availability or fit for the items being promoted in the livestream.
doveic0,Apparel & Footwear,What about size 7.5,1,"The user is inquiring about the availability of the product in size 7.5, likely interested in purchasing it."
doveic0,Apparel & Footwear,Can I see the silver?,1,The user is likely interested in viewing the silver-colored product to assess its appearance before making a purchase decision.
doveic0,Apparel & Footwear,Can you show me insight?,1,"The user is likely asking to see the details or features of a specific product (possibly named ""insight"") based on others requesting similar demonstrations."
doveic0,Apparel & Footwear,Are these lightweight?,1,"The user is likely inquiring about the weight of the products being shown, possibly considering comfort or portability as a factor in their purchase decision."
doveic0,Apparel & Footwear,Second order lol,0,"The user is humorously mentioning that they've placed a second order, likely indicating continued interest and satisfaction with the product."
doveic0,Apparel & Footwear,I just bought the blue and red,0,"The user is confirming their purchase of the blue and red items mentioned earlier in the chat, likely responding to product colors showcased in the stream."
doveic0,Apparel & Footwear,Like a brownish-orange would look better.,1,The user suggests that a brownish-orange shade would be more appealing than the current color options shown in the live stream.
doveic0,Apparel & Footwear,with a glossy finish,0,The user is likely asking to see the product with a shiny or reflective surface finish.
doveic0,Apparel & Footwear,That would cool,0,"The user likely means ""That would look cool"" or ""That would be a nice choice,"" expressing interest in a product feature or color mentioned earlier."
doveic0,Apparel & Footwear,The current orange is way too bright in my opinion,0,The user suggests that the current shade of orange is overly vibrant and prefers a more subdued or different tone.
doveic0,Apparel & Footwear,I love the purple,0,"The user is expressing admiration for the purple color, likely indicating interest in purchasing that specific variant."
doveic0,Apparel & Footwear,me too,0,"The user likely means ""I also want to buy/am interested in the same product/color as previously mentioned."""
doveic0,Apparel & Footwear,"brb, not leaving but I have to make a phone call.",0,"The user is temporarily stepping away to take a call but remains interested in the ongoing product discussion, likely planning to return for potential purchases."
doveic0,Apparel & Footwear,back,0,"The user likely means ""I'll return shortly"" (similar to ""brb""), indicating a temporary pause in engagement without leaving the直播."
doveic0,Apparel & Footwear,8.5,0,"The user is indicating their shoe size (8.5) to inquire about product availability or fit, likely responding to a footwear-related discussion in the live stream."
doveic0,Apparel & Footwear,Just ordered 4 pairs but I to pay for shipping,0,The user is confirming their purchase of multiple items while expressing slight dissatisfaction about additional shipping costs.
doveic0,Apparel & Footwear,give free shipping,0,"The user is likely requesting complimentary shipping after noticing others mentioning paid shipping, expressing interest in purchasing but wanting a cost reduction."
doveic0,Apparel & Footwear,I bought a  9 and they are kind of big on me,0,"The user implies they purchased size 9 shoes but found them slightly oversized, possibly seeking sizing advice or sharing feedback for others' reference."
doveic0,Apparel & Footwear,still here,0,"The user likely means ""I'm still watching and interested in the products"" to indicate ongoing engagement without actively asking a question."
doveic0,Apparel & Footwear,They love the gradients!,0,"The user is expressing admiration for the color gradients of the product, likely in response to seeing them showcased in the live stream."
doveic0,Apparel & Footwear,try talking about little slower so hard to understand,0,The user is requesting the host to speak more slowly because they're having difficulty understanding the rapid speech during the product discussion.
doveic0,Apparel & Footwear,Another one!,0,"The user is likely requesting to see another product variation or color option, similar to previous inquiries about different styles and finishes."
doveic0,Apparel & Footwear,I order 4 pairs,0,"The user is confirming their purchase of four pairs of shoes, likely influenced by others' positive feedback and prior orders in the chat."
doveic0,Apparel & Footwear,I agree,0,"The user likely agrees with a previous positive comment about the product's color or design, possibly supporting the praise for the purple or gradient options."
doveic0,Apparel & Footwear,Let me see the black,1,The user is likely interested in viewing or purchasing the product in the black color option.
doveic0,Apparel & Footwear,Yea the black is good !,0,"The user is expressing approval of the black color option, likely agreeing with the previous request to see it and showing purchase interest."
doveic0,Apparel & Footwear,Now this one looks powerful,0,"The user is expressing strong interest in the current product, likely impressed by its features or design, suggesting they find it appealing and potentially worth purchasing."
doveic0,Apparel & Footwear,I got the blue,0,"The user likely means they purchased the blue version of the product being discussed, aligning with others sharing their color choices and purchases in the chat."
doveic0,Apparel & Footwear,Not a dint is sight.,0,"The user likely means ""I don't see any dents (flaws) in the product"" to express satisfaction with its quality."
doveic0,Apparel & Footwear,Can I get the link to black?,1,"The user is requesting the purchase link for the black item, showing interest in buying it after seeing positive comments about its appearance."
doveic0,Apparel & Footwear,I mean like a burnt orange,1,"The user is likely asking about the availability or appearance of a specific shade of orange, similar to a burnt orange color."
doveic0,Apparel & Footwear,if it was darker and a little more glossy it would sell better.,0,The user suggests that the product would be more appealing and likely to sell better if it came in a darker shade with a slightly glossier finish.
doveic0,Apparel & Footwear,show the pool ones,1,The user is likely requesting to see the pool-themed products mentioned earlier in the chat.
doveic0,Apparel & Footwear,"When I see the orange, I think of Nickelodeon.",0,"The user associates the orange color with the Nickelodeon brand, possibly hinting at nostalgia or a preference for that specific shade."
doveic0,Apparel & Footwear,Orange is like pumpkin autumn style,0,"The user associates the orange color with a nostalgic autumn vibe, possibly comparing it to pumpkin tones while hinting at personal preference or aesthetic appeal."
doveic0,Apparel & Footwear,Or construction zone lol,0,"The user is likely joking that the fast-paced chat feels chaotic like a construction zone, possibly referencing the rapid product discussions or overlapping comments."
doveic0,Apparel & Footwear,like a traffic cone,0,"The user is comparing the orange color of the product to a traffic cone, likely in a playful or descriptive way to reference its bright, construction-like hue."
doveic0,Apparel & Footwear,I would like to have a luggage that has you know drawings or designs or pictures on it,1,"The user is expressing interest in purchasing a uniquely designed or artistic luggage, possibly inspired by the creative patterns and colors discussed in previous messages."
doveic0,Apparel & Footwear,That would be really nice to have that option also,0,"The user is expressing interest in having a similar option or feature as mentioned in previous comments, likely referring to customized designs or color variations for the product."
doveic0,Apparel & Footwear,Or a dark pink and light pink gradient please,0,"The user is requesting a color option combining dark and light pink in a gradient style, likely inspired by previous discussions about color preferences and gradients."
doveic0,Apparel & Footwear,Like the pinks from Cotton Candy and Periwinkle Periwinkle combined.,0,"The user is suggesting a color combination inspired by ""Cotton Candy"" pink and ""Periwinkle"" blue, likely proposing a new product variant."
doveic0,Apparel & Footwear,i got 3 pairs yesterday,0,The user is expressing satisfaction with their recent purchase of three pairs (likely shoes or similar items) and implying they're engaged with the current product discussion.
doveic0,Apparel & Footwear,that looks lighter lol,0,"The user is casually noting that the product appears less intense in color or weight compared to others mentioned, possibly with mild amusement."
doveic0,Apparel & Footwear,More gradients too,0,"The user is requesting additional color gradient options, likely inspired by the previous discussion about pink gradients and various color preferences."
doveic0,Apparel & Footwear,I got 2 pairs,0,"The user is expressing satisfaction with their purchase by stating they bought two pairs of the product, likely referring to the items discussed earlier like the black or blue ones."
doveic0,Apparel & Footwear,"gray to black, light blue to dark blue, red to black...so many gradient combinations.",0,"The user is expressing enthusiasm about the variety of color gradient options available, particularly appreciating how colors transition from light to dark shades."
doveic0,Apparel & Footwear,I placed  my orders separately,0,The user likely means they made multiple individual purchases instead of combining them into one order.
doveic0,Apparel & Footwear,That would be cool to see,0,"The user is expressing interest in seeing a product feature or color option mentioned earlier, likely agreeing it would be appealing."
doveic0,Apparel & Footwear,They run out faster than the other sets.,0,The user likely means that the mentioned product sets (possibly luggage or color-themed items) deplete stock more quickly compared to other available options in the lineup.
doveic0,Apparel & Footwear,How about orange?,1,The user is likely asking for opinions or details about the orange-colored product mentioned earlier in the chat.
doveic0,Apparel & Footwear,Really?,0,The user is likely expressing surprise or skepticism about the sudden mention of orange after a discussion focused on other colors and design preferences.
doveic0,Apparel & Footwear,These are comfortable ones I even bought for my sister,0,The user is expressing satisfaction with the product's comfort and sharing a personal endorsement by mentioning they purchased it for their sister.
doveic0,Apparel & Footwear,well next time,0,"The user likely means ""I'll consider purchasing this item in a future直播 session."""
doveic0,Apparel & Footwear,Will you guys make other type of colors in the future?,1,"The user is inquiring about potential future color variations, showing interest in expanded options based on the ongoing discussion about different colors and designs."
doveic0,Apparel & Footwear,I also got a pink,0,"The user is expressing that they purchased a pink item as well, likely responding to others discussing pink color options or their own purchases."
doveic0,Apparel & Footwear,Yes shipping is very quick,0,"The user is positively confirming the fast delivery service, likely in response to others' inquiries about shipping speed or sharing their own satisfactory experience."
doveic0,Apparel & Footwear,almost 11:30am,0,The user is likely noting the current time to express anticipation for a product restock or scheduled promotion mentioned earlier in the chat.
doveic0,Apparel & Footwear,11:17am,0,The user is likely noting the current time to track the duration of the sale or express urgency about a potential restock or deal.
doveic0,Apparel & Footwear,I back products I believe in. My opinions are legitimate because there is no financial gain for me.,0,"The user is emphasizing that they genuinely support products they trust, with no ulterior financial motives behind their opinions."
doveic0,Apparel & Footwear,I love the luggage,1,"The user is expressing strong admiration for the luggage, likely indicating a genuine interest in purchasing it based on the positive tone and product-focused context."
doveic0,Apparel & Footwear,Yep a consumer,0,"The user is affirming their role as a genuine customer who has likely purchased the discussed products, aligning with others sharing their buying experiences."
doveic0,Apparel & Footwear,honest feedback,0,The user is likely seeking genuine opinions or unbiased reviews about the product from other viewers.
doveic0,Apparel & Footwear,What I like about these is that you can mix and match colors.,0,The user appreciates the flexibility of combining different colors in the product.
doveic0,Apparel & Footwear,my time is central,0,The user is likely stating their current time zone (Central Time) to coordinate with others or check shipping/delivery timing.
doveic0,Apparel & Footwear,the black and white is a good pairing too,0,"The user is expressing appreciation for the black and white color combination, likely referring to a product's design options mentioned earlier in the chat."
doveic0,Apparel & Footwear,I noticed that now,0,The user likely means they've just observed or realized something about the product colors or combinations being discussed.
doveic0,Apparel & Footwear,it works,0,"The user likely means ""This product is effective"" or ""It's working well,"" showing satisfaction with the item based on others' positive feedback."
doveic0,Apparel & Footwear,You see how the white makes orange look good when it next to it?,0,"The user is admiring how the white color enhances the orange one when placed together, likely commenting on product aesthetics or color combinations."
doveic0,Apparel & Footwear,you too,0,"The user likely means ""I agree with your point about color combinations"" or ""I also think the pairing looks good,"" aligning with the previous discussion about color matching."
doveic0,Apparel & Footwear,Good deals!,0,The user likely expresses genuine enthusiasm for the attractive discounts or valuable offers mentioned in the live stream.
doveic0,Apparel & Footwear,"Hi, new here.  True to size.or run small",0,"The user is asking if the product fits as expected or tends to be smaller than the standard size, likely seeking sizing advice before purchasing."
doveic0,Apparel & Footwear,What time are you coming back tomorrow?,0,The user is likely inquiring about the next live session's timing to plan their return for potential purchases or updates on product availability.
doveic0,Apparel & Footwear,I had 8 pairs now and they are comfortable ones and good for long time wearing,0,"The user is expressing satisfaction with the product's comfort and durability, implying they're a repeat customer who would recommend it."
doveic0,Apparel & Footwear,it means calm and happy,0,"The user is likely describing the emotional vibe or meaning behind a product's color, suggesting it evokes feelings of tranquility and joy."
doveic0,Apparel & Footwear,Energy is everything,0,"The user likely means ""Vitality and enthusiasm are key factors in enjoying these products."""
doveic0,Apparel & Footwear,Can u do a givawayyyyyy,0,"The user is likely asking if the host can organize a giveaway, possibly influenced by the positive and engaged atmosphere in the chat about the products."
doveic0,Apparel & Footwear,70% off is a steal!,0,The user is excitedly emphasizing that the 70% discount is an incredible bargain worth taking advantage of immediately.
doveic0,Apparel & Footwear,Second silver one today right?,1,"The user is likely confirming if the silver item being shown is the second one featured in today's直播, indicating continued interest in the product line."
doveic0,Apparel & Footwear,Maintaining good energy levels is very important,0,"The user likely emphasizes the significance of sustained vitality, aligning with the直播间's focus on wellness or product benefits related to energy."
doveic0,Apparel & Footwear,I never heard it before,0,The user is likely expressing curiosity or unfamiliarity about a product feature or color option mentioned earlier in the discussion.
doveic0,Apparel & Footwear,"Right, you're very smart.",0,"The user is likely agreeing with a previous comment about the product's quality or the host's explanation, showing appreciation for the insight."
doveic0,Apparel & Footwear,found it,0,"The user likely means ""I've found the product/item I was looking for"" based on the context of discussing color combinations and product features."
doveic0,Apparel & Footwear,brb,0,The user is likely indicating they'll be right back after briefly stepping away from the stream.
doveic0,Apparel & Footwear,I plan to work on some projects,0,"The user is likely indicating their intention to start creative or DIY projects, possibly inspired by the products being discussed in the直播."
doveic0,Apparel & Footwear,I just wanna say that these shoes smell like vinegar! I wore them on vacation. vinegar smell.,0,The user is complaining that the shoes have an unpleasant vinegar-like odor after wearing them on vacation.
doveic0,Apparel & Footwear,The filter deletes my comments about my job lol,0,"The user is playfully complaining that the chat filter is blocking their work-related comments, suggesting they're trying to engage but facing technical restrictions."
doveic0,Apparel & Footwear,designer,0,The user is likely asking if the product is designed by a specific designer or inquiring about the design style.
doveic0,Apparel & Footwear,phic,0,"The user likely meant to type ""price"" but made a typo, inquiring about the product's cost."
doveic0,Apparel & Footwear,gra,0,"The user likely meant to type ""great"" as a quick positive reaction to the deals or products mentioned earlier."
doveic0,Apparel & Footwear,The filter hates that word lol,0,"The user is humorously noting that the live stream's word filter keeps blocking their comments, likely due to a flagged term they tried to use."
doveic0,Apparel & Footwear,listening now,0,The user is casually indicating they're actively engaged in the live stream without expressing specific purchase intent.
