live_id,species,content,label,background
popmart.uslocalshop, Toy & Handicraft,I GOT THE SET OMG,0,The user is excitedly announcing they've successfully purchased the product set.
popmart.uslocalshop, Toy & Handicraft,Againnn,0,"The user is excitedly asking for the product to be shown or restocked again, likely inspired by the previous viewer's purchase."
popmart.uslocalshop, Toy & Handicraft,HOW DO YOU GUYS GET THEM SO FAST,0,The user is surprised and curious about how others received their orders so quickly after seeing someone else already got the set.
popmart.uslocalshop, Toy & Handicraft,Not fair,0,"The user likely feels frustrated or left out, expressing that it's unfair others got the products quickly while they couldn't."
popmart.uslocalshop, Toy & Handicraft,Worst live,0,"The user is expressing frustration about the live stream's quality or fairness, likely feeling disappointed or excluded compared to others' positive experiences."
popmart.uslocalshop, Toy & Handicraft,Do it again,0,The user likely wants the host to repeat a popular or sold-out item due to high demand and frustration over missing out.
popmart.uslocalshop, Toy & Handicraft,I was on the listing and never turned on!!!,0,"The user is frustrated because they couldn't access the product page despite trying, while others successfully purchased items during the live stream."
popmart.uslocalshop, Toy & Handicraft,Is a waist of time,0,"The user likely means ""This live stream is not worth watching"" due to frustration with the event's quality or fairness."
popmart.uslocalshop, Toy & Handicraft,Booo,0,"The user is expressing frustration or disappointment with the live stream, likely due to missing out on a purchase or poor experience."
popmart.uslocalshop, Toy & Handicraft,hello,0,"The user is likely greeting casually without strong purchase intent, mirroring the mixed sentiment of excitement and frustration in previous chats."
popmart.uslocalshop, Toy & Handicraft,This is a lie,0,"The user likely believes the product or promotion is misleading or false, expressing skepticism based on others' complaints about unfairness and wasted time."
popmart.uslocalshop, Toy & Handicraft,How long do they take to ship out?,0,"The user is likely interested in purchasing but concerned about shipping speed, possibly due to others receiving items quickly or past delays mentioned in the chat."
popmart.uslocalshop, Toy & Handicraft,next time dont share yall,0,"The user is expressing frustration and disinterest, suggesting they won’t participate in future similar sales events due to perceived unfairness or poor experience."
popmart.uslocalshop, Toy & Handicraft,Bring back the Coca Cola labubu,1,"The user is frustrated with limited-edition drops and demands a restock of the sold-out Coca Cola Labubu product, echoing the audience's dissatisfaction with the unfair purchasing process."
popmart.uslocalshop, Toy & Handicraft,Just do preorders,0,The user is frustrated with the current process and suggests opening preorders to avoid the rush and unfairness in securing items.
popmart.uslocalshop, Toy & Handicraft,I got like 5,0,"The user likely means they managed to purchase five items, expressing excitement amidst others' complaints about stock issues."
popmart.uslocalshop, Toy & Handicraft,Are you going to do it again ???,0,"The user is eagerly asking if the seller will restock or repeat the promotion, likely due to missing out on a popular item mentioned in previous chats."
popmart.uslocalshop, Toy & Handicraft,how,0,"The user is likely expressing disbelief or frustration about how quickly others managed to purchase the items, similar to earlier comments questioning the speed of acquisitions."
popmart.uslocalshop, Toy & Handicraft,My first time !!!,0,"The user is excitedly expressing their first-time participation in the live shopping event, likely intrigued by the product hype from previous comments."
popmart.uslocalshop, Toy & Handicraft,Yessss!!!!,0,The user is excitedly celebrating a successful purchase or a highly anticipated moment in the live stream.
popmart.uslocalshop, Toy & Handicraft,Im done with this,0,The user likely means they're frustrated and giving up on trying to purchase due to the chaotic sell-out situation mentioned in previous messages.
popmart.uslocalshop, Toy & Handicraft,Unbelievable,0,The user likely expresses shock or sarcastic disbelief at the chaotic or disappointing shopping experience in the live stream.
popmart.uslocalshop, Toy & Handicraft,IM TIRED IF LAZY YOGA,0,The user is frustrated and expressing exhaustion from the slow or ineffective yoga-related product promotions in the livestream.
popmart.uslocalshop, Toy & Handicraft,Got a set,0,"The user likely means they successfully purchased a set of the product being sold, expressing satisfaction or accomplishment."
popmart.uslocalshop, Toy & Handicraft,Againnnn,0,The user is likely expressing enthusiasm and a desire for the host to repeat or continue the current activity or offer.
popmart.uslocalshop, Toy & Handicraft,AGAIN,0,"The user is likely urging the host to repeat or bring back a previous offer or activity, echoing others' requests for another chance or restock."
popmart.uslocalshop, Toy & Handicraft,anyone who shares the live ur moms a ho3,0,"The user is likely expressing frustration and mocking the live stream by sarcastically insulting those who shared it, implying the content isn't worth promoting."
popmart.uslocalshop, Toy & Handicraft,This is rigged,0,"The user likely believes the live stream is unfairly manipulated or dishonest, expressing frustration similar to previous negative comments about the event's legitimacy."
popmart.uslocalshop, Toy & Handicraft,are you goung yo release have a sear?,0,"The user is likely asking if there will be a future restock or release of a sold-out product, possibly referencing previous limited drops mentioned in earlier chats."
popmart.uslocalshop, Toy & Handicraft,Coca cola pendent?,1,"The user is likely asking if a Coca-Cola-themed pendant will be available for purchase, possibly referencing a previously mentioned or shown item."
popmart.uslocalshop, Toy & Handicraft,I give up,0,"The user likely expresses frustration or resignation, possibly due to disappointment with the product availability, event mechanics, or perceived unfairness in the ongoing livestream."
popmart.uslocalshop, Toy & Handicraft,Yall ruin everything,0,"The user is frustrated and blames the streamers or community for spoiling the experience, likely due to mismanagement or unmet expectations in the event."
popmart.uslocalshop, Toy & Handicraft,Oh man.,0,"The user likely expresses frustration or disappointment with the current situation in the livestream, possibly due to limited stock or unfair practices."
popmart.uslocalshop, Toy & Handicraft,No one care,0,"The user is expressing frustration or indifference, likely feeling ignored or that their concerns aren't being addressed in the chaotic stream."
popmart.uslocalshop, Toy & Handicraft,All they have is lay hogs nothing else,0,"The user is frustrated and implying the products offered are limited or unvaried, possibly criticizing the lack of diversity in the items available."
popmart.uslocalshop, Toy & Handicraft,We want the new ones,0,The user is expressing interest in wanting the latest products or items being offered in the live stream.
popmart.uslocalshop, Toy & Handicraft,King??,0,"The user is likely questioning the credibility or authenticity of the current promotion, possibly implying skepticism about the ""King"" title or offer being genuine."
popmart.uslocalshop, Toy & Handicraft,Yall so unorganized,0,"The user is frustrated with the chaotic and disorganized nature of the live stream, likely due to repeated issues or poor management."
popmart.uslocalshop, Toy & Handicraft,demon slayer blind boxes?,1,The user is likely inquiring if the live stream will offer Demon Slayer-themed blind box merchandise for purchase.
popmart.uslocalshop, Toy & Handicraft,No one want,0,"The user likely means ""Nobody is interested in this product or content,"" expressing frustration or disengagement with the current offerings."
popmart.uslocalshop, Toy & Handicraft,No one cares about these,0,"The user is expressing frustration and disinterest, likely feeling that the products or content being shown are unimportant or irrelevant to the audience."
popmart.uslocalshop, Toy & Handicraft,They sold out in one second,0,"The user is expressing frustration that the desired items sold out extremely quickly, likely due to high demand or poor stock management."
popmart.uslocalshop, Toy & Handicraft,Sell out less than a second,0,"The user is sarcastically complaining that the items sold out too quickly, implying frustration with the limited availability or poor organization of the sale."
popmart.uslocalshop, Toy & Handicraft,Will you guys have the Mickey Family Cute Together keychains?,1,"The user is inquiring about the availability of the Mickey Family keychains, showing genuine interest in purchasing them despite the chaotic chat atmosphere."
popmart.uslocalshop, Toy & Handicraft,No chance at all,0,"The user is expressing frustration and disbelief about the extremely low chances of securing sold-out items, implying they feel the giveaway or sale is unfair or impossible to win."
popmart.uslocalshop, Toy & Handicraft,Where does this one ship from?,0,"The user is likely inquiring about the shipping origin of a product they're interested in, possibly due to concerns about delivery time or availability."
popmart.uslocalshop, Toy & Handicraft,Can you hang these on bags,1,"The user is likely inquiring if the showcased products (possibly keychains or pendants) can be attached to bags, expressing practical interest amid the chaotic chat about limited stock and unpopular items."
popmart.uslocalshop, Toy & Handicraft,No one wants it,0,"The user is expressing frustration that the product being offered is unpopular or undesirable, likely due to previous disappointment with limited stock or unappealing items."
popmart.uslocalshop, Toy & Handicraft,are they sold out for the night?,0,The user is likely asking if the product they're interested in is no longer available for purchase during the current live stream.
popmart.uslocalshop, Toy & Handicraft,She sux,0,"The user is expressing frustration, likely implying that the host or product is disappointing or performing poorly."
popmart.uslocalshop, Toy & Handicraft,I got one,0,"The user likely means ""I managed to purchase one despite the high demand."""
popmart.uslocalshop, Toy & Handicraft,omfg come on,0,"The user is likely expressing frustration or disbelief about the fast sell-out or lack of desired items, mirroring the negative tone in previous messages."
popmart.uslocalshop, Toy & Handicraft,All yall sharing the live are snitches,0,"The user is expressing frustration towards those sharing the live stream, implying they're ruining chances for others by increasing competition for limited products."
popmart.uslocalshop, Toy & Handicraft,Took my payment and everything and nothing,0,"The user is frustrated that they completed the payment but received nothing, likely due to items selling out instantly, echoing the直播间's stock issues and disorganization."
popmart.uslocalshop, Toy & Handicraft,so tired fighting for my life to get this little guy PLEASE,0,The user is desperately pleading to purchase the item after struggling due to high demand and quick sell-outs.
popmart.uslocalshop, Toy & Handicraft,How many sets are left for the BIE?,1,"The user is inquiring about the remaining stock of the BIE set, showing genuine interest in purchasing it before it sells out."
popmart.uslocalshop, Toy & Handicraft,It keeps kicking my card out??,0,The user is frustrated because their payment keeps getting declined or the system isn't accepting their card during checkout.
popmart.uslocalshop, Toy & Handicraft,I was about to pay and then it sold out :(,0,The user expresses frustration over missing the purchase due to the item selling out right as they were completing payment.
popmart.uslocalshop, Toy & Handicraft,i was so close  I clicked on a notification right before checkout,0,"The user is frustrated because they almost completed the purchase but got interrupted by a notification, likely missing out on the limited-time offer like others mentioned."
popmart.uslocalshop, Toy & Handicraft,Why did it ask me to change address??!!,0,"The user is frustrated because the system unexpectedly prompted them to change their shipping address during checkout, likely after they thought they'd secured the item."
popmart.uslocalshop, Toy & Handicraft,I love it when she calls me bay bee,0,The user is likely mocking the chaotic and frustrating shopping experience by sarcastically referencing a playful but irrelevant moment in the stream.
popmart.uslocalshop, Toy & Handicraft,everytime I get it In my cart it glitches and kicks me out,0,"The user is frustrated because the website keeps malfunctioning when they try to proceed to checkout, preventing them from completing their purchase."
popmart.uslocalshop, Toy & Handicraft,I only want two for me and my mom,0,"The user is expressing a desire to purchase two items, one for themselves and one for their mother, likely feeling hopeful or determined amid the competitive purchasing environment."
popmart.uslocalshop, Toy & Handicraft,Omg I got 1 box finally !!,0,The user is excitedly expressing their relief and joy after successfully purchasing a highly sought-after item that many others failed to get due to limited stock or technical issues.
popmart.uslocalshop, Toy & Handicraft,Yall sharing ruined it,0,"The user is frustrated that others sharing the直播 link caused the product to sell out too quickly, making it harder for them to purchase."
popmart.uslocalshop, Toy & Handicraft,seriously,0,The user likely expresses frustration or disbelief about the chaotic purchasing process or the product's availability issues.
popmart.uslocalshop, Toy & Handicraft,it froze,0,"The user likely means ""The website/app froze during checkout, preventing me from completing my purchase."""
popmart.uslocalshop, Toy & Handicraft,Brrroooooooooooo,0,"The user is likely expressing frustration or disbelief about the difficulty of purchasing the item, similar to others' struggles with checkout issues and limited stock."
popmart.uslocalshop, Toy & Handicraft,bro it was in my cart,0,"The user is frustrated because they had the item in their cart but likely encountered technical issues or it sold out before checkout, similar to others' experiences in the chat."
popmart.uslocalshop, Toy & Handicraft,I GOT ONEEEEE,0,The user is excitedly announcing they successfully purchased the item after witnessing others' struggles with checkout issues and limited stock.
popmart.uslocalshop, Toy & Handicraft,Whattttttt noooo,0,"The user is likely expressing frustration and disbelief over missing out on a purchase due to high demand or technical issues, similar to others in the chat."
popmart.uslocalshop, Toy & Handicraft,Got one!!,0,The user is excitedly confirming they successfully purchased the item after witnessing others' struggles with checkout issues and limited stock.
popmart.uslocalshop, Toy & Handicraft,BRO HOW,0,"The user is likely expressing frustration or disbelief about the purchasing process, similar to others struggling with checkout issues or items selling out."
popmart.uslocalshop, Toy & Handicraft,I FINALLY GOT ONE,0,The user is excitedly announcing their successful purchase after struggling with technical issues and limited stock like others in the chat.
popmart.uslocalshop, Toy & Handicraft,Nooo :(,0,"The user is expressing disappointment over missing out on purchasing the item, likely due to it selling out or a checkout issue, similar to others' frustrations in the chat."
popmart.uslocalshop, Toy & Handicraft,Yall only but one is stock or what???!,0,"The user is frustrated and questioning if only one item is left in stock, given the previous complaints about limited availability and checkout issues."
popmart.uslocalshop, Toy & Handicraft,It always load,0,"The user is frustrated because the website or app keeps crashing or loading slowly during checkout, preventing them from completing their purchase."
popmart.uslocalshop, Toy & Handicraft,We regular buyers never getting it,0,"The user is frustrated that loyal customers like them consistently fail to purchase the product due to stock or technical issues, unlike others who managed to buy."
popmart.uslocalshop, Toy & Handicraft,I HAD IN MY CART NOOOO,0,The user is frustrated because the item they had in their shopping cart sold out or disappeared before they could complete the purchase.
popmart.uslocalshop, Toy & Handicraft,WHAT THE HECK,0,The user is expressing frustration or shock about missing out on purchasing the item due to technical issues or limited stock.
popmart.uslocalshop, Toy & Handicraft,Got lucky,0,"The user is expressing excitement about successfully purchasing the product after previous struggles, similar to others in the chat."
popmart.uslocalshop, Toy & Handicraft,It sold out WHAT,0,"The user is expressing frustration and disbelief that the product sold out quickly, likely after struggling to purchase it like others in the chat."
popmart.uslocalshop, Toy & Handicraft,WHY DID IT ASK ME A QUESTION AT CHECKOUT OH NO LMAO congrats yall,0,The user is humorously reacting to an unexpected prompt during checkout while also congratulating others on their purchases.
popmart.uslocalshop, Toy & Handicraft,thankyou!!!,0,"The user likely expresses gratitude after successfully purchasing an item, following a chaotic rush where many others failed due to limited stock or technical issues."
popmart.uslocalshop, Toy & Handicraft,I GOT ONEEEE,0,The user is excitedly announcing they successfully purchased the item after others struggled with checkout issues.
popmart.uslocalshop, Toy & Handicraft,bro wat is said try again,0,"The user is frustrated and asking for clarification or a repeat of what was said, likely due to missing out on a purchase or technical issues during the sale."
popmart.uslocalshop, Toy & Handicraft,Yayyyy  thank you,0,"The user is expressing excitement and gratitude for successfully purchasing the item, likely after previous struggles seen in earlier messages."
popmart.uslocalshop, Toy & Handicraft,Bull,0,"The user is likely expressing frustration or disbelief about missing out on the product, similar to others who couldn't complete their purchase due to limited stock."
popmart.uslocalshop, Toy & Handicraft,No shipping to USA?,0,"The user is likely expressing frustration or disappointment about the product not being available for delivery to the USA, possibly after attempting to purchase it."
popmart.uslocalshop, Toy & Handicraft,omg I scored 1,0,The user is excitedly announcing they successfully purchased a highly sought-after item that others struggled to get due to limited stock.
popmart.uslocalshop, Toy & Handicraft,any Coca Cola Series Vinyl?,1,"The user is likely asking if there are any Coca-Cola series vinyl records available for purchase, possibly due to seeing others successfully buying limited items."
popmart.uslocalshop, Toy & Handicraft,THAT WAS NOT FAIR,0,"The user is expressing frustration over missing out on a limited-stock item, implying the purchasing process seemed unfair compared to others who succeeded."
popmart.uslocalshop, Toy & Handicraft,Why does it keep freezing?,0,"The user is frustrated with frequent technical issues interrupting the purchase process, likely referencing stream lag during high-demand product drops."
popmart.uslocalshop, Toy & Handicraft,sold out,0,The user is expressing frustration that the product they wanted is no longer available for purchase.
popmart.uslocalshop, Toy & Handicraft,AGIN,0,"The user likely means ""Again?"" expressing frustration or disbelief about the product restocking or the situation repeating, based on the previous sold-out complaints."
popmart.uslocalshop, Toy & Handicraft,WTF,0,The user is expressing frustration or disbelief about the product selling out quickly or encountering issues during the purchase process.
popmart.uslocalshop, Toy & Handicraft,AGAIN PLUS,0,"The user is likely expressing frustration or disbelief about missing out on a product again, similar to others who failed to purchase due to technical issues or limited stock."
popmart.uslocalshop, Toy & Handicraft,Yessssssss!!!!,0,"The user is expressing excitement and triumph, likely after successfully purchasing a highly sought-after item that others missed out on."
popmart.uslocalshop, Toy & Handicraft,No luck for 3 days straight,0,The user is expressing frustration at failing to purchase the item after multiple attempts over three days.
popmart.uslocalshop, Toy & Handicraft,Not lucky over here,0,"The user is expressing disappointment for not being able to purchase the item, similar to others who mentioned sold-out products or failed attempts."
popmart.uslocalshop, Toy & Handicraft,Sad,0,"The user likely expresses disappointment over missing out on a purchase due to items selling out quickly, based on the context of others' frustration and excitement."
popmart.uslocalshop, Toy & Handicraft,Literally impossible,0,The user is expressing frustration that the item is extremely difficult or seemingly impossible to purchase due to high demand or technical issues.
popmart.uslocalshop, Toy & Handicraft,Yall only put like 3,0,The user is frustrated that only a very limited quantity of the product was made available for purchase.
popmart.uslocalshop, Toy & Handicraft,I was able to get one thank you Vanessa!,0,The user is excitedly confirming they successfully purchased the item and thanking the host Vanessa for the opportunity.
popmart.uslocalshop, Toy & Handicraft,literally sold out while processing my payment,0,The user is frustrated because the item they were trying to buy went out of stock during their checkout process.
popmart.uslocalshop, Toy & Handicraft,I have been in these lives all day,0,"The user is expressing frustration from spending the entire day watching these live streams without successfully purchasing anything, likely due to limited stock or technical issues."
popmart.uslocalshop, Toy & Handicraft,You guys are terrible,0,The user is likely expressing frustration with the limited availability or unfair distribution of products during the live sale.
popmart.uslocalshop, Toy & Handicraft,Againnnnn,0,The user is likely expressing frustration about repeatedly missing out on purchasing an item due to limited stock or technical issues.
popmart.uslocalshop, Toy & Handicraft,I hate this years hunger games!!!,0,The user is frustrated about repeatedly failing to purchase limited-edition items during the livestream drops.
popmart.uslocalshop, Toy & Handicraft,:( none for me,0,"The user is expressing disappointment for not getting any items due to limited stock or bad luck, echoing others' frustration in the chat."
popmart.uslocalshop, Toy & Handicraft,YES WHEN DO THEY SHIP OUT! :),0,"The user is excitedly asking about the shipping schedule after successfully purchasing an item, contrasting with others' frustrations over sold-out products."
popmart.uslocalshop, Toy & Handicraft,It froze I had to restart TikTok omg,0,"The user is frustrated because the TikTok app froze during the live stream, forcing them to restart it and potentially miss out on a purchase opportunity."
popmart.uslocalshop, Toy & Handicraft,That was it?! What was it a stock of 4?!,0,"The user is sarcastically expressing frustration over the extremely limited stock availability, implying disbelief at how quickly items sold out."
popmart.uslocalshop, Toy & Handicraft,Thank you,0,The user is expressing gratitude for successfully purchasing an item after seeing others' struggles with limited stock and technical issues.
popmart.uslocalshop, Toy & Handicraft,can yall stop sharing,0,"The user is frustrated and asking others to stop sharing the product links, likely because it's causing items to sell out too quickly."
popmart.uslocalshop, Toy & Handicraft,LETS GOOO,0,The user is likely expressing excitement and anticipation for a successful purchase opportunity after seeing others' mixed experiences with limited stock.
popmart.uslocalshop, Toy & Handicraft,i hope everyone who got one has a bad tmro,0,"The user is expressing frustration and resentment toward those who successfully purchased the item, likely due to their own repeated failed attempts."
popmart.uslocalshop, Toy & Handicraft,THANK YOUUU I got my first one :-),0,The user is expressing gratitude and excitement for successfully purchasing their first item after witnessing others' struggles and complaints about limited stock.
popmart.uslocalshop, Toy & Handicraft,Ughhh it keeps saying it takes a minute when I click buy,0,"The user is frustrated because they're repeatedly encountering a delay when trying to complete their purchase, likely due to high demand causing technical issues."
popmart.uslocalshop, Toy & Handicraft,Love you,0,"The user is likely expressing gratitude or excitement toward the host (Vanessa) after successfully purchasing an item, mirroring the positive tone of recent thank-you messages in the chat."
popmart.uslocalshop, Toy & Handicraft,I always get nothing ugh,0,"The user is frustrated about repeatedly failing to purchase the product despite multiple attempts, likely due to limited stock or technical issues."
popmart.uslocalshop, Toy & Handicraft,OMFG,0,"The user is likely expressing intense frustration or shock over missing out on the limited-stock item, mirroring the chaotic and competitive atmosphere in previous messages."
popmart.uslocalshop, Toy & Handicraft,Finally!!!!,0,The user is expressing relief or excitement after finally securing a purchase following repeated frustrations with limited stock and technical issues during the livestream.
popmart.uslocalshop, Toy & Handicraft,fall in wild ?,0,"The user is likely expressing frustration or disbelief about missing out on the limited stock, similar to others' complaints about quick sell-outs."
popmart.uslocalshop, Toy & Handicraft,Next,0,"The user is likely expressing frustration or impatience, possibly asking when the next restock or product drop will happen after missing out."
popmart.uslocalshop, Toy & Handicraft,My payment was processing when it sold out!!!!!,0,"The user is frustrated because their payment was still being processed when the item sold out, expressing disappointment at missing the purchase due to slow transaction completion."
popmart.uslocalshop, Toy & Handicraft,"This host does not answer questions, kind of bad",0,The user is frustrated with the host's lack of engagement and poor customer interaction during the live stream.
popmart.uslocalshop, Toy & Handicraft,I bought it by accident,0,The user likely means they unintentionally purchased the item due to the chaotic rush or technical issues during the flash sale.
popmart.uslocalshop, Toy & Handicraft,Fired her,0,"The user likely means ""I missed the item because it sold out too quickly,"" expressing frustration over not being able to purchase due to limited stock."
popmart.uslocalshop, Toy & Handicraft,Vanessa is doing her job.,0,"The user is sarcastically implying that Vanessa (likely the host) is performing poorly or not addressing concerns, based on the frustrated tone of previous comments about unresponsive service."
popmart.uslocalshop, Toy & Handicraft,display box?,1,"The user is likely asking if the product comes with a display box, possibly concerned about packaging or presentation details before purchasing."
popmart.uslocalshop, Toy & Handicraft,those are cute,0,The user likely finds the product appealing and is showing interest in purchasing it.
popmart.uslocalshop, Toy & Handicraft,Stop being mean to the host over a PLUSHIE,0,"The user is defending the host against unfair criticism about the plushie sale, urging others to be kinder."
popmart.uslocalshop, Toy & Handicraft,She said 1 minute guys ! Be Patient !,0,The user is reassuring others to wait calmly as the host mentioned the item will be available shortly.
popmart.uslocalshop, Toy & Handicraft,If ur being mean to Vanessa bad luck for you !!!!,0,"The user is defending Vanessa against negativity, implying that those who mistreat her will face consequences."
popmart.uslocalshop, Toy & Handicraft,How about Mickey and friends??,1,"The user is likely asking if the next items for sale will be Mickey Mouse and related characters, showing interest in purchasing them."
popmart.uslocalshop, Toy & Handicraft,stop being mean to her,0,"The user is defending the host Vanessa, urging others to stop their negative comments towards her over the plushie sale."
popmart.uslocalshop, Toy & Handicraft,dimoo ?,0,"The user is likely asking if the product ""Dimoo"" is available or will be featured next in the livestream."
popmart.uslocalshop, Toy & Handicraft,why yall being mean its not her fault,0,"The user is defending the host (Vanessa) against unfair criticism, urging others to stop blaming her for issues beyond her control."
popmart.uslocalshop, Toy & Handicraft,thank you,0,The user likely expresses gratitude towards the host or another viewer for defending Vanessa against criticism.
popmart.uslocalshop, Toy & Handicraft,SOMOS CHAKAS,0,"The user is likely expressing excitement or support, possibly referencing a product or the host in a positive manner, similar to the uplifting tone in recent messages."
popmart.uslocalshop, Toy & Handicraft,Yall gonna have more tommorow ?,1,"The user is asking if the same product will be restocked tomorrow, showing interest in purchasing it after possibly missing out today."
popmart.uslocalshop, Toy & Handicraft,There is no reason to be mean to her guys,0,The user is defending the host Vanessa by urging others to stop their unkind behavior toward her over trivial matters like a plushie sale.
popmart.uslocalshop, Toy & Handicraft,shes just a host,0,"The user likely means to downplay the host's role, implying she's merely presenting items without significant influence over sales or stock issues."
popmart.uslocalshop, Toy & Handicraft,SROP BEING MEAN TO HER,0,The user is defending the host Vanessa by urging others to stop treating her unkindly over trivial matters like a plush toy sale.
popmart.uslocalshop, Toy & Handicraft,Why yall being mean to her? You are doing amazing,0,"The user is defending the host against negative comments, encouraging her by saying she's performing well despite the criticism."
popmart.uslocalshop, Toy & Handicraft,Ur so sweet,0,The user is complimenting the host's kindness or pleasant demeanor in contrast to the earlier negative comments.
popmart.uslocalshop, Toy & Handicraft,BE NICE,0,The user is encouraging others to be kind and supportive towards the host Vanessa amidst the negative comments.
popmart.uslocalshop, Toy & Handicraft,Thank you for everything,0,The user likely intends to express gratitude towards the host for handling the negative comments with patience and professionalism.
popmart.uslocalshop, Toy & Handicraft,girl you work for people,0,"The user is likely defending the host, implying she's just doing her job and people shouldn't criticize her unfairly."
popmart.uslocalshop, Toy & Handicraft,Anymore king?,1,"The user is likely asking if there will be additional ""King"" themed products available in the future."
popmart.uslocalshop, Toy & Handicraft,Is okay Vanesa ur doing amazing!!!,0,The user is encouraging the host (Vanesa) by reassuring her she's doing well despite others' negativity.
popmart.uslocalshop, Toy & Handicraft,I got 5,0,"The user likely means ""I managed to purchase 5 items"" (during the limited stock release), expressing successful acquisition amidst the chaotic chat about product availability and host treatment."
popmart.uslocalshop, Toy & Handicraft,your doing great!!,0,"The user is encouraging the host by praising their performance, likely in response to others being negative, to show support and positivity."
popmart.uslocalshop, Toy & Handicraft,we love u thank you!!,0,"The user is expressing gratitude and support for the host, likely in response to the positive and encouraging tone of the previous chat messages."
popmart.uslocalshop, Toy & Handicraft,King???,0,"The user is likely asking if the ""King"" product is still available or if there will be more restocks, following up on a previous mention of it in the chat."
popmart.uslocalshop, Toy & Handicraft,Is okay ignore them,0,"The user likely means: ""It's fine, don't pay attention to the negative comments."""
popmart.uslocalshop, Toy & Handicraft,BIEN PINSHE CHAKA,0,"The user is likely expressing enthusiastic support or solidarity with the host, possibly in Spanish slang, similar to the positive and encouraging tone of previous messages."
popmart.uslocalshop, Toy & Handicraft,we are sorry for our actions,0,The user likely intends to apologize on behalf of others for their rude behavior toward the host during the livestream.
popmart.uslocalshop, Toy & Handicraft,I love u,0,"The user is expressing supportive affection towards the host, likely in response to previous negative comments, similar to others showing encouragement."
popmart.uslocalshop, Toy & Handicraft,dimoo ? please and thank you. you are doing great,0,"The user is politely asking if the product ""dimoo"" is available while appreciating the host's efforts."
popmart.uslocalshop, Toy & Handicraft,you are so nice,0,"The user is complimenting the host's kindness and expressing support, likely in response to previous negative comments."
popmart.uslocalshop, Toy & Handicraft,Love you Vanessa,0,The user is expressing support and affection for the host Vanessa amidst others being unkind.
popmart.uslocalshop, Toy & Handicraft,can you check for fall in the wild please,0,"The user is likely asking the host to check if a specific product (possibly ""Fall in the Wild"") is available in stock."
popmart.uslocalshop, Toy & Handicraft,Thank you for all you do!,0,"The user is expressing gratitude and support for the host's efforts in a positive, encouraging tone amid earlier negative comments."
popmart.uslocalshop, Toy & Handicraft,So so sweet,0,"The user is expressing admiration and affection, likely praising the host's kind and pleasant demeanor in line with the supportive tone of previous messages."
popmart.uslocalshop, Toy & Handicraft,You are a GREAT host!! Keep up the great vibe!,0,The user is praising the host's excellent performance and encouraging them to maintain the positive atmosphere in the live stream.
popmart.uslocalshop, Toy & Handicraft,Will you bring king back?,1,"The user is likely asking if the host will restock or bring back a previously sold product called ""king,"" showing interest in purchasing it."
popmart.uslocalshop, Toy & Handicraft,oooo she called me baby,0,"The user is excited and flattered that the host addressed them affectionately, showing engagement and positive reaction to the personalized interaction."
popmart.uslocalshop, Toy & Handicraft,The store in LA century city is rigged asf !!!!,0,"The user is likely expressing frustration about unfair practices at the LA Century City store, possibly comparing it negatively to the current positive shopping experience in the live stream."
popmart.uslocalshop, Toy & Handicraft,Would you have the optimizeprime Molly?,1,"The user is likely asking if the Optimus Prime-themed Molly doll is available for purchase, showing interest in that specific product."
popmart.uslocalshop, Toy & Handicraft,Fall in the wild ?,0,"The user is likely asking if the product ""Fall in the Wild"" is available or could be checked, similar to previous requests about other items."
popmart.uslocalshop, Toy & Handicraft,Vanessa you straight but I need to talk yo the manager,0,"The user likely wants to speak with the manager for assistance or to address an issue, while acknowledging Vanessa's efforts."
popmart.uslocalshop, Toy & Handicraft,Can we see the Genshin impact series,1,The user is likely asking if the host can showcase or display the Genshin Impact product series during the live stream.
popmart.uslocalshop, Toy & Handicraft,Vanessa youre doing amazing,0,"The user is expressing admiration and encouragement for Vanessa's performance as a host, likely in response to her handling of the live stream or interactions with viewers."
popmart.uslocalshop, Toy & Handicraft,Eres chaka?,1,"The user is likely asking if the host is referring to or associated with ""Chaka,"" possibly inquiring about a product or nickname mentioned earlier in the chat."
popmart.uslocalshop, Toy & Handicraft,love these!,0,"The user is expressing strong admiration for the products being shown, likely indicating a high interest in purchasing them."
popmart.uslocalshop, Toy & Handicraft,Hi Vanessa it kind of look like skull panda,0,"The user is likely asking if the product resembles the Skull Panda design, showing curiosity about its appearance while engaging with the host Vanessa."
popmart.uslocalshop, Toy & Handicraft,Check cart! Faster shipping from Cali,0,The user is likely requesting the host to verify their cart items and expressing a preference for quicker delivery from California.
popmart.uslocalshop, Toy & Handicraft,this series is so cute,1,The user likely admires the design or style of the series and may be considering a purchase due to its appealing appearance.
popmart.uslocalshop, Toy & Handicraft,THEY FORCE US TO SIT HERE FOR HOURS LOOKING AT STUFF THEY CANT SELL,0,"The user is frustrated with the prolonged sales pitch and feels pressured to watch unsellable items, contrasting the generally positive tone of previous comments."
popmart.uslocalshop, Toy & Handicraft,Dimoo please,0,"The user is likely requesting to see or purchase the Dimoo product, showing interest in that specific item."
popmart.uslocalshop, Toy & Handicraft,Dang so pretty,0,"The user likely expresses admiration for the product's appearance, possibly reacting to a showcased item in the current moment."
popmart.uslocalshop, Toy & Handicraft,cola pendant?,1,The user is likely inquiring if a cola-themed pendant is available for purchase in the current product lineup.
popmart.uslocalshop, Toy & Handicraft,HAS?,0,"The user is likely asking if a specific product or item (possibly ""HAS"") is available in the current collection or upcoming releases."
popmart.uslocalshop, Toy & Handicraft,any phone cases?,1,"The user is likely inquiring if the live stream offers any phone cases for sale, showing potential interest in purchasing one."
popmart.uslocalshop, Toy & Handicraft,Thanks for being nice,0,The user is appreciating the host's friendly and welcoming attitude during the live stream.
popmart.uslocalshop, Toy & Handicraft,Check cart! Faster shipping from Cali,0,The user is likely requesting confirmation of their cart contents and expressing a preference for quicker delivery options from California.
popmart.uslocalshop, Toy & Handicraft,Hi Vanessa,0,"The user is likely greeting the host Vanessa casually, possibly to ask a question or show support, similar to others interacting with her in the chat."
popmart.uslocalshop, Toy & Handicraft,The monster !!!,0,"The user is likely excitedly referring to a product (possibly a toy or collectible) that resembles or is named ""monster"" in an enthusiastic or surprised tone."
popmart.uslocalshop, Toy & Handicraft,Can we see Genshin impact Series,1,The user is likely asking to view or learn more about the Genshin Impact-themed product series being featured in the直播.
popmart.uslocalshop, Toy & Handicraft,Love your shirt,1,The user likely admires the shirt being showcased and may be interested in purchasing it or similar items.
popmart.uslocalshop, Toy & Handicraft,Any fall in wild,0,"The user is likely asking if there are any discounts or promotions available for the ""wild"" themed products mentioned in the直播."
popmart.uslocalshop, Toy & Handicraft,Hi lovely,0,"The user is likely greeting the host (Vanessa) in a friendly manner, possibly expressing general engagement rather than specific purchase intent."
popmart.uslocalshop, Toy & Handicraft,I would like something to hang on my car rear view mirror! What do you recommend Vanessa?,1,The user is genuinely interested in purchasing a decorative item for their car mirror and seeks Vanessa's personalized recommendation.
popmart.uslocalshop, Toy & Handicraft,U have monster ?,1,"The user is likely asking if the seller carries the ""Monster"" series or product mentioned earlier in the chat."
popmart.uslocalshop, Toy & Handicraft,iPhone 16 phone cases,1,"The user is likely inquiring about available iPhone 16 phone case options, showing purchase interest after seeing others ask about accessories."
popmart.uslocalshop, Toy & Handicraft,Hey dear! Any crying again?,0,"The user is likely asking if there are any new arrivals or restocked items available, possibly referencing a previous discussion about limited-edition products."
popmart.uslocalshop, Toy & Handicraft,HI YD,0,"The user is likely greeting the host or another viewer casually, possibly abbreviating a name or term from the context (e.g., ""Hi YD"" as ""Hi [abbreviated name]"")."
popmart.uslocalshop, Toy & Handicraft,Wtf going on,0,The user is likely expressing confusion or frustration about the current situation or product being shown in the live stream.
popmart.uslocalshop, Toy & Handicraft,Should I get Thai tea lol,0,"The user is casually considering purchasing Thai tea, likely influenced by the product discussion and lighthearted tone in the chat."
popmart.uslocalshop, Toy & Handicraft,YES,0,"The user likely expresses enthusiastic agreement or confirmation, possibly in response to a product feature or offer mentioned in the live stream."
popmart.uslocalshop, Toy & Handicraft,MAKE SKULLPANDA CUPS,1,"The user is likely requesting the host to showcase or produce Skullpanda-themed cups, showing interest in purchasing them."
popmart.uslocalshop, Toy & Handicraft,Nyota please,0,"The user is likely asking if the product ""Nyota"" is available or requesting to see it, possibly referring to a specific item mentioned earlier in the stream."
popmart.uslocalshop, Toy & Handicraft,Ariel is my favorite:),0,"The user is expressing admiration for Ariel, likely a product or host, showing positive engagement and potential interest in related items."
popmart.uslocalshop, Toy & Handicraft,We want more bubus!,1,"The user is likely requesting to see more products from the ""bubus"" collection or line, showing interest in purchasing related items."
popmart.uslocalshop, Toy & Handicraft,What with spam,0,"The user is likely expressing frustration about irrelevant or excessive messages in the chat, possibly referring to off-topic comments disrupting the stream."
popmart.uslocalshop, Toy & Handicraft,Its the only one i need,0,"The user is expressing strong desire for the product, implying it's the perfect or essential item they've been looking for."
popmart.uslocalshop, Toy & Handicraft,King???,0,"The user is likely asking if the product ""King"" (possibly a brand or item nickname) is available or being showcased in the current live stream."
popmart.uslocalshop, Toy & Handicraft,Feeling energetic?,0,"The user is likely asking if the product being discussed (possibly an energy drink like ""monster"") is currently available or being promoted in the stream."
popmart.uslocalshop, Toy & Handicraft,Maybe I can hang a crying again? Do you have?,1,"The user is likely asking if the product ""crying again"" is available for purchase, possibly referencing a previous mention of it in the chat."
popmart.uslocalshop, Toy & Handicraft,CUTE,1,"The user likely finds a product or comment adorable and is expressing admiration or approval in a casual, enthusiastic manner."
popmart.uslocalshop, Toy & Handicraft,Do you have hacipupu?,1,"The user is likely asking if the store carries the ""hacipupu"" product, possibly a plush toy or character merchandise, based on the playful tone of previous messages about cute items."
popmart.uslocalshop, Toy & Handicraft,Soo cute!,1,"The user is expressing admiration for a product, likely reacting to something cute shown in the直播, possibly related to previous mentions of ""crying again"" or ""hacipupu"" items."
popmart.uslocalshop, Toy & Handicraft,So cute,1,"The user is expressing admiration for a product or moment in the stream, likely echoing others' positive reactions to cute items being shown."
popmart.uslocalshop, Toy & Handicraft,Is the pucky forest plushie pendant discontinued?,1,"The user is likely inquiring about the availability of the Pucky Forest plushie pendant, expressing concern it may no longer be in stock."
popmart.uslocalshop, Toy & Handicraft,those are super cute.  my mom would defenitely love those,0,"The user is expressing strong admiration for the product and believes it would be a perfect gift for their mother, indicating genuine purchase consideration."
popmart.uslocalshop, Toy & Handicraft,They're beautiful  how cute,0,"The user is expressing admiration for the products, likely indicating a strong interest in purchasing them due to their appealing appearance."
popmart.uslocalshop, Toy & Handicraft,Do you have Alice in Wonderland,1,"The user is likely inquiring if the product ""Alice in Wonderland"" is available for purchase, showing specific interest in that item."
popmart.uslocalshop, Toy & Handicraft,So cute!,0,"The user is expressing admiration and likely interest in purchasing the cute product being shown, influenced by others' similar positive reactions."
popmart.uslocalshop, Toy & Handicraft,Ariel!!!,1,"The user is enthusiastically expressing their admiration for Ariel, likely referring to a product or character mentioned earlier in the chat."
popmart.uslocalshop, Toy & Handicraft,Omg rapunzel,0,"The user is likely expressing excitement or admiration for a Rapunzel-themed product, similar to how others praised Ariel and cute items earlier."
popmart.uslocalshop, Toy & Handicraft,cinderella is her favorite,0,"The user is likely expressing admiration for a ""Cinderella"" product, implying it's a favorite choice they or someone else would be interested in purchasing."
popmart.uslocalshop, Toy & Handicraft,dimo world?,0,"The user is likely asking if the ""Dimo World"" product is available or featured in the current livestream."
popmart.uslocalshop, Toy & Handicraft,MULAN ?,1,"The user is likely asking if the product or character ""Mulan"" is available or featured in the current promotion."
popmart.uslocalshop, Toy & Handicraft,so cute,0,"The user is expressing admiration for the product, likely referring to a cute item shown in the直播, similar to others' positive reactions to the merchandise."
popmart.uslocalshop, Toy & Handicraft,Wooow,0,"The user is expressing excitement or admiration, likely reacting to something cute or appealing shown in the直播, similar to others' positive reactions."
popmart.uslocalshop, Toy & Handicraft,Ok. No response,0,"The user likely expresses frustration at not receiving a reply to their previous question about product availability, implying they're still interested but disappointed by the lack of response."
popmart.uslocalshop, Toy & Handicraft,Do they light up?,1,"The user is likely inquiring if the products being discussed (possibly plushies or accessories) have lighting features, showing interest in their functionality."
popmart.uslocalshop, Toy & Handicraft,the tangled one was so cute,1,"The user is expressing admiration for the ""Tangled"" themed product, likely a plushie or pendant, and showing interest in purchasing it due to its cuteness."
popmart.uslocalshop, Toy & Handicraft,Is there mulan?,1,"The user is inquiring about the availability of Mulan-themed merchandise, likely prompted by previous mentions of Disney characters in the chat."
popmart.uslocalshop, Toy & Handicraft,You do not ship to Florida?,0,The user is likely expressing disappointment or seeking confirmation about the unavailability of shipping to their location in Florida.
popmart.uslocalshop, Toy & Handicraft,Love,0,"The user likely expresses admiration or affection for a product mentioned earlier, similar to others calling items ""cute"" or ""beautiful""."
popmart.uslocalshop, Toy & Handicraft,Mulan is soooo cute,0,"The user is expressing admiration for the Mulan product, likely indicating strong interest in purchasing it."
popmart.uslocalshop, Toy & Handicraft,Right,0,"The user likely agrees or acknowledges the previous comments about the cuteness of the products, possibly referring to a specific item mentioned earlier."
popmart.uslocalshop, Toy & Handicraft,What is written in the rapunzel one?,1,The user is asking about the design or details featured on the Rapunzel-themed product mentioned earlier in the chat.
popmart.uslocalshop, Toy & Handicraft,I need the Mickey and friends man,0,The user is expressing interest in purchasing a Mickey and Friends-themed item mentioned in the live stream.
popmart.uslocalshop, Toy & Handicraft,ME!!!,0,"The user is likely excitedly claiming their interest in a product, possibly trying to get the host's attention to purchase an item mentioned earlier."
popmart.uslocalshop, Toy & Handicraft,I love her!!!,0,"The user is enthusiastically expressing admiration for a female character (likely from Disney) featured in the live stream, showing strong emotional engagement with the product."
popmart.uslocalshop, Toy & Handicraft,Beanie?,1,The user is likely asking if a specific beanie (possibly related to a Disney character mentioned earlier) is available or featured in the current product lineup.
popmart.uslocalshop, Toy & Handicraft,Ariel is my favorite princess,0,"The user is expressing admiration for Ariel, likely indicating interest in purchasing related merchandise mentioned in the live stream."
popmart.uslocalshop, Toy & Handicraft,No Disney pendants???,1,"The user is expressing disappointment or surprise at the absence of Disney-themed pendants in the product lineup, likely expecting them based on previous mentions of Disney characters."
popmart.uslocalshop, Toy & Handicraft,Omg,0,"The user is expressing excitement or admiration, likely about a Disney-themed product mentioned in the chat, similar to others' reactions."
popmart.uslocalshop, Toy & Handicraft,dimoo ?,1,"The user is likely inquiring about the availability or details of the ""dimoo"" product mentioned earlier in the chat."
popmart.uslocalshop, Toy & Handicraft,tangled?,0,"The user is likely asking if the ""Tangled"" (Rapunzel) themed product mentioned earlier is available or has specific details."
popmart.uslocalshop, Toy & Handicraft,Do you have anything Alice in wonderland,1,"The user is likely asking if there are any products related to ""Alice in Wonderland"" available in the Disney-themed collection mentioned in previous chats."
popmart.uslocalshop, Toy & Handicraft,Can I see Aladdin,1,"The user is likely asking if they can view a product related to Aladdin, possibly a Disney-themed item mentioned earlier in the chat."
popmart.uslocalshop, Toy & Handicraft,hacipupu?,1,"The user is likely asking if the product being discussed is available or related to ""Hacipupu"" (a character or item), similar to previous inquiries about Disney characters."
popmart.uslocalshop, Toy & Handicraft,Ooooooooo,0,"The user is likely expressing excitement or admiration, possibly about a Disney character or product mentioned earlier, similar to others' enthusiastic reactions."
popmart.uslocalshop, Toy & Handicraft,Coca Cola pendant?,1,"The user is likely asking if there's a Coca-Cola-themed pendant available, showing interest in purchasing one similar to the Disney-themed items mentioned earlier."
popmart.uslocalshop, Toy & Handicraft,Hirono passport bag?,1,"The user is likely inquiring about the availability or details of the ""Hirono passport bag"" product mentioned in the livestream."
popmart.uslocalshop, Toy & Handicraft,Jasmine tho,0,"The user is likely asking if the Jasmine-themed product is available, expressing interest in purchasing it like others did for other Disney characters."
popmart.uslocalshop, Toy & Handicraft,Baby molly pingu?,1,The user is likely asking if the Baby Molly Pingu product is available or featured in the current Disney-themed merchandise showcase.
popmart.uslocalshop, Toy & Handicraft,do you have any Dimoo phone bracket?,1,"The user is inquiring about the availability of a Dimoo-brand phone accessory, likely a holder or stand, based on previous mentions of Dimoo and Disney collectibles."
popmart.uslocalshop, Toy & Handicraft,Hirono passport today? :),1,"The user is likely asking if the ""Hirono passport"" item is available for purchase today, expressing interest with a friendly tone."
popmart.uslocalshop, Toy & Handicraft,I got one,0,The user is confirming they have purchased or acquired one of the previously mentioned Disney or collectible items from the live stream.
popmart.uslocalshop, Toy & Handicraft,Hirono passport today?,1,The user is likely asking if the Hirono passport item is available for purchase in today's live stream.
popmart.uslocalshop, Toy & Handicraft,Ooooooo,0,"The user is likely expressing excitement or interest in a product being shown, similar to others reacting to Disney or Hirono items."
popmart.uslocalshop, Toy & Handicraft,Thank you :),0,"The user is politely expressing gratitude, likely for receiving information or assistance regarding a product mentioned earlier, such as the Hirono passport bag."
popmart.uslocalshop, Toy & Handicraft,Hirono little mischief?,1,"The user is likely asking if the ""Hirono Little Mischief"" product is available or being featured in the current live stream."
popmart.uslocalshop, Toy & Handicraft,Idk,0,"The user likely means ""I don't know what to choose"" or ""I'm unsure about the products being shown"" based on the product-related questions in previous messages."
popmart.uslocalshop, Toy & Handicraft,How cute,0,"The user likely expresses admiration for a cute product being shown, possibly related to Disney or character merchandise mentioned in previous chats."
popmart.uslocalshop, Toy & Handicraft,Oh my gosh,0,"The user is expressing excited surprise or admiration, likely reacting to a showcased product similar to the mentioned Disney or pop culture items in previous chats."
popmart.uslocalshop, Toy & Handicraft,SooooooooOoo cute,1,"The user is expressing strong admiration for a product's adorable appearance, likely reacting to a cute item being shown in the直播."
popmart.uslocalshop, Toy & Handicraft,Those are so cute,1,"The user is expressing admiration for the showcased products, likely referring to their appealing and charming appearance, similar to the positive reactions in previous messages."
popmart.uslocalshop, Toy & Handicraft,Yasssss Disney,0,"The user is enthusiastically expressing interest in Disney-themed products, likely reacting to a showcased item with excitement similar to previous cute/collectible mentions."
popmart.uslocalshop, Toy & Handicraft,awe these are so unique,0,"The user is expressing admiration for the unique and charming products being shown, likely Disney or character-themed items, similar to the cute designs mentioned in previous chats."
popmart.uslocalshop, Toy & Handicraft,Mickey and family?,1,"The user is likely asking if the live stream features Mickey Mouse and related Disney family products, showing interest in purchasing such items."
popmart.uslocalshop, Toy & Handicraft,How many come in a case?,1,The user is likely inquiring about the quantity of items included in a packaged set being shown in the live stream.
popmart.uslocalshop, Toy & Handicraft,Mickey and friends ?,1,"The user is likely inquiring if the product being shown is related to Mickey Mouse and his friends, expressing interest in purchasing such an item."
popmart.uslocalshop, Toy & Handicraft,omg i need that,1,"The user is expressing strong excitement and a desire to purchase the product being shown, likely a cute or unique item like the Hirono or Disney-themed merchandise mentioned earlier."
popmart.uslocalshop, Toy & Handicraft,Oooooo which dwarf is the 3d one,1,The user is likely asking for clarification about the identity or details of the third dwarf character in a Disney-themed product being shown.
popmart.uslocalshop, Toy & Handicraft,do you have ariel?,1,"The user is likely asking if the product ""Ariel"" (possibly from Disney's Little Mermaid) is available for purchase in the current livestream."
popmart.uslocalshop, Toy & Handicraft,Is Mickey and family discontinued?,1,"The user is likely asking if the ""Mickey and family"" product line is no longer being produced or available for purchase."
popmart.uslocalshop, Toy & Handicraft,Check cart! Faster shipping from Cali,0,The user is likely excited about a product (possibly Disney-themed) and urgently reminding the seller to check their cart for faster California-based shipping.
popmart.uslocalshop, Toy & Handicraft,Stop spamming,0,The user is likely annoyed by excessive or repetitive messages in the chat and wants others to stop flooding the conversation.
popmart.uslocalshop, Toy & Handicraft,Or you get banned,0,"The user is likely warning others to stop disruptive behavior or risk being removed from the chat, maintaining a positive shopping atmosphere."
popmart.uslocalshop, Toy & Handicraft,These are soooo cute,0,"The user is expressing strong admiration for the products, likely Disney-themed items, and showing genuine interest in purchasing them due to their cuteness and appeal."
popmart.uslocalshop, Toy & Handicraft,La buns,0,"The user is likely expressing admiration for the cute Disney-themed products, possibly referring to ""Lady and the Tramp"" buns or similar items."
popmart.uslocalshop, Toy & Handicraft,so cute,0,The user is expressing admiration and interest in the cute Disney-themed products being shown in the直播.
popmart.uslocalshop, Toy & Handicraft,But no Sebastian,0,The user is likely expressing disappointment that a desired character (Sebastian) is not available among the Disney items being showcased.
popmart.uslocalshop, Toy & Handicraft,The fish is named flounder,0,"The user is likely asking if the fish character from Disney (Flounder from ""The Little Mermaid"") is available among the products being showcased."
popmart.uslocalshop, Toy & Handicraft,Anymore Molly power puff girls?,1,The user is likely asking if there are any more Molly (possibly a character) Powerpuff Girls-themed items available for purchase.
popmart.uslocalshop, Toy & Handicraft,Why the cart not loading,0,The user is frustrated because they're trying to add items to their cart but encountering technical difficulties during checkout.
popmart.uslocalshop, Toy & Handicraft,ariel?,1,The user is likely asking if the Ariel-themed product mentioned earlier is available or in stock.
popmart.uslocalshop, Toy & Handicraft,The only way yyyty will be in this country if you are a republican you are a democrat you will not,0,"The user is likely expressing frustration about political divisions, implying that certain opinions or affiliations dominate the discourse in their country."
popmart.uslocalshop, Toy & Handicraft,BIE,0,"The user likely meant to type ""buy"" but made a typo, expressing interest in purchasing the discussed products."
popmart.uslocalshop, Toy & Handicraft,ariel please!!,0,"The user is eagerly asking if the Ariel product is available, likely expressing strong interest in purchasing it based on previous mentions of Ariel in the chat."
popmart.uslocalshop, Toy & Handicraft,Any more Molly power puff girls?,1,The user is likely asking if there are additional Molly (Powerpuff Girls) collectibles available for purchase in the current stock.
popmart.uslocalshop, Toy & Handicraft,"Hii, any wireless charger?",1,The user is inquiring about the availability of a wireless charger product in the ongoing livestream sale.
popmart.uslocalshop, Toy & Handicraft,Pleaseeee,0,"The user is likely pleading for more information or availability of a product, possibly related to ""Ariel"" or another item mentioned earlier in the chat."
popmart.uslocalshop, Toy & Handicraft,Beauty and beast aha cute,0,"The user likely finds the ""Beauty and the Beast"" products adorable and is expressing playful delight about their cuteness."
popmart.uslocalshop, Toy & Handicraft,Hiii,0,"The user likely wants to inquire about product availability or express general excitement in a casual tone, similar to previous greetings like ""Hii"" in the chat."
popmart.uslocalshop, Toy & Handicraft,Friends,0,"The user is likely asking if the ""Friends"" themed merchandise is available, similar to how others inquired about other characters like Ariel or Molly."
popmart.uslocalshop, Toy & Handicraft,Do you have the Snow White sample?,1,"The user is likely asking if there's a sample product available for the ""Snow White"" item mentioned in the live stream."
popmart.uslocalshop, Toy & Handicraft,i cant understand you,0,The user is likely expressing confusion due to language barriers or unclear product explanations in the stream.
popmart.uslocalshop, Toy & Handicraft,Mickey family??,1,"The user is likely asking if there are any Mickey Mouse-themed products available, similar to previous inquiries about Disney characters like Ariel and Snow White."
popmart.uslocalshop, Toy & Handicraft,i got one! hopefully i get ariel or repunzel,1,The user is excited about purchasing a product and hopes to receive either the Ariel or Rapunzel variant from the collection being discussed in the chat.
popmart.uslocalshop, Toy & Handicraft,Any wireless charger?,1,"The user is asking if the live stream offers any wireless chargers for sale, likely interested in purchasing one."
popmart.uslocalshop, Toy & Handicraft,Macarons v3,1,"The user is likely asking if the ""Macarons v3"" product is available for purchase in the current live stream."
popmart.uslocalshop, Toy & Handicraft,Omggggg that is soooo cute!! I love Snow White,1,The user is enthusiastically expressing strong admiration for the Snow White product and likely intends to purchase it.
popmart.uslocalshop, Toy & Handicraft,Cinderelly,1,"The user is likely asking if the ""Cinderella"" product is available, referencing Disney princess names mentioned in previous chats like Ariel and Snow White."
popmart.uslocalshop, Toy & Handicraft,Awee The glass slipper!!,0,"The user is excitedly admiring the glass slipper item, likely referencing Cinderella merchandise mentioned earlier in the chat."
popmart.uslocalshop, Toy & Handicraft,Soooo cute,1,"The user is expressing admiration for a product, likely related to Disney characters like Snow White or Ariel, showing strong purchase interest."
popmart.uslocalshop, Toy & Handicraft,so cute?,1,"The user is likely expressing admiration for a cute product shown in the stream, possibly related to Disney characters like Ariel or Snow White based on previous chatter."
popmart.uslocalshop, Toy & Handicraft,That is so adorable!!!,1,"The user is expressing strong admiration and excitement for the product, likely indicating a high interest in purchasing it."
popmart.uslocalshop, Toy & Handicraft,Stop,0,The user likely wants the host to stop showing current items and switch to another product or topic they're interested in.
popmart.uslocalshop, Toy & Handicraft,this channel is lagging so much,0,"The user is frustrated with the stream's poor performance, likely hindering their ability to view or purchase showcased products smoothly."
popmart.uslocalshop, Toy & Handicraft,So cute but sad there no Tiana :(,1,The user admires the displayed items but feels disappointed that a specific character (Tiana) isn't available among the products.
popmart.uslocalshop, Toy & Handicraft,Check cart! Faster shipping from Cali,0,"The user is likely excited about a Disney-themed product, possibly from California, and wants the seller to check their cart for faster shipping to secure their purchase quickly."
popmart.uslocalshop, Toy & Handicraft,Omggggg,0,"The user is likely expressing excited admiration for a product, possibly related to Disney characters like Snow White, given the context of cute and adorable items being discussed."
popmart.uslocalshop, Toy & Handicraft,Rapunzel,0,"The user is likely expressing interest in purchasing or receiving a ""Rapunzel"" themed product, similar to others mentioning Disney characters like Ariel or Snow White."
popmart.uslocalshop, Toy & Handicraft,Check cart! Faster shipping from Cali,0,"The user is likely requesting the seller to review their cart and expedite shipping, possibly due to excitement over the Disney-themed products discussed in the chat."
popmart.uslocalshop, Toy & Handicraft,Yay i got one!,0,The user is excitedly confirming they successfully purchased a Disney-themed item (likely from the princess collection mentioned in prior chatter).
popmart.uslocalshop, Toy & Handicraft,Can i see the rapunzel one!,1,"The user is likely asking to view the Rapunzel-themed product mentioned earlier, showing specific interest in purchasing that item."
popmart.uslocalshop, Toy & Handicraft,Gum ***,0,"The user likely wants to ask about the availability or details of a ""Gum"" product, possibly a typo for ""Gum"" related to Disney characters mentioned earlier."
popmart.uslocalshop, Toy & Handicraft,Check cart! Faster shipping from Cali,0,"The user is likely urging the seller to process their cart checkout quickly and requesting expedited shipping from California, possibly due to excitement about limited-edition Disney-themed items."
popmart.uslocalshop, Toy & Handicraft,The dinosaur one,1,"The user is likely asking to see or purchase a product featuring a dinosaur design, based on the context of discussing Disney-themed items."
popmart.uslocalshop, Toy & Handicraft,Is there a secret one?,1,"The user is likely asking if there's a hidden or unannounced product variant (e.g., a special edition item) being offered in the Disney-themed merchandise lineup."
popmart.uslocalshop, Toy & Handicraft,any bie?????,1,"The user is likely asking if there's a ""Belle"" (from Beauty and the Beast) version available, following the Disney princess theme in previous comments."
popmart.uslocalshop, Toy & Handicraft,Are these authentic?,1,The user is likely inquiring about the genuineness or legitimacy of the products being showcased in the live stream.
popmart.uslocalshop, Toy & Handicraft,So cuteeee,1,"The user is expressing enthusiastic admiration for a product's adorable design, likely reacting to a Disney-themed item shown in the直播."
popmart.uslocalshop, Toy & Handicraft,Are you my girlfriend?,0,"The user is likely joking or playfully flirting, possibly referencing a character from the products being shown (e.g., Disney princess items), rather than expressing genuine romantic interest."
popmart.uslocalshop, Toy & Handicraft,Any Mickey Mouse,1,The user is likely asking if there are any Mickey Mouse-themed products available in the current selection.
popmart.uslocalshop, Toy & Handicraft,What yall mean faster shipping from cali?,0,"The user is asking for clarification about the ""faster shipping from Cali"" option mentioned in previous comments, likely expressing interest in purchasing if shipping is expedited."
popmart.uslocalshop, Toy & Handicraft,thank you! they are so cute!,0,"The user is expressing gratitude and enthusiasm for the products shown, likely indicating they find them appealing and may consider purchasing."
popmart.uslocalshop, Toy & Handicraft,Yes these are authentic,0,"The user is confirming the authenticity of the products being showcased, likely in response to prior skepticism or inquiries about item legitimacy."
popmart.uslocalshop, Toy & Handicraft,The alarm clock,1,"The user is likely asking if there's an alarm clock version of the product being shown, similar to previous requests for specific character-themed items."
popmart.uslocalshop, Toy & Handicraft,Omg how cute dying over here I want one!!,1,"The user is enthusiastically expressing strong desire to purchase the adorable product being shown, likely reacting to a specific item in the collection."
popmart.uslocalshop, Toy & Handicraft,Please play the album TBI by ALLIGATOR CYBORG  could you subscribe too,0,"The user is likely requesting to hear music from the mentioned album while also asking for a subscription, possibly mistaking the live stream for a music-focused channel."
popmart.uslocalshop, Toy & Handicraft,Anyone using clock now?,0,The user is likely inquiring if anyone currently owns or is using the clock product being shown in the直播.
popmart.uslocalshop, Toy & Handicraft,I like this twinkle twinkle,0,The user is expressing admiration for a sparkling product (likely jewelry or accessories) and implying potential purchase interest.
popmart.uslocalshop, Toy & Handicraft,lol,0,The user is likely expressing amusement or lighthearted reaction to the playful and excited tone of the chat about cute products.
popmart.uslocalshop, Toy & Handicraft,crybaby flower?,0,"The user is likely asking if there's a product called ""crybaby flower"" available, possibly referencing a cute or emotional-themed item similar to others mentioned."
popmart.uslocalshop, Toy & Handicraft,Can you let us know when mcrun? Please thank you,1,"The user is asking for a notification when the ""mcrun"" product becomes available for purchase."
popmart.uslocalshop, Toy & Handicraft,Hehe,0,The user likely chuckled casually in response to the playful or humorous tone of the ongoing chat without expressing direct purchase intent.
popmart.uslocalshop, Toy & Handicraft,Anyone uses clock nowadays?,0,"The user is questioning the relevance or usefulness of clocks in modern times, possibly in response to a product being showcased."
popmart.uslocalshop, Toy & Handicraft,omg the one with the baby twinkles,0,The user is excitedly referring to a specific product (likely with baby-themed twinkling details) that caught their interest among the showcased items.
popmart.uslocalshop, Toy & Handicraft,Kubo,1,"The user is likely asking if the product ""Kubo"" is available or inquiring about its features, similar to previous questions about other items like ""Mickey Mouse"" or ""the alarm clock."""
popmart.uslocalshop, Toy & Handicraft,is bie sold out?,0,"The user is likely asking if the ""bie"" (possibly a product mentioned earlier) is still available for purchase or already out of stock."
popmart.uslocalshop, Toy & Handicraft,Crybaby concert?,0,"The user is likely asking if the concert version of the ""Crybaby"" product is available or being discussed, possibly referencing a previous mention of ""crybaby flower."""
popmart.uslocalshop, Toy & Handicraft,Mickey family,1,"The user is likely expressing interest in Mickey Mouse-themed products, possibly referencing a family set or collection mentioned earlier in the chat."
popmart.uslocalshop, Toy & Handicraft,do you have the secret,0,"The user is likely asking if the product being discussed (possibly related to ""twinkle"" or ""cute"" items mentioned earlier) has a hidden or special version/variant."
popmart.uslocalshop, Toy & Handicraft,I really want one!!,0,"The user is expressing strong enthusiasm and a clear desire to purchase the product, likely influenced by others' positive reactions to similar items in the chat."
popmart.uslocalshop, Toy & Handicraft,can you say hi pop mart !,1,"The user is likely expressing playful enthusiasm for Pop Mart products, possibly requesting a shoutout or showing brand loyalty in a lighthearted way."
popmart.uslocalshop, Toy & Handicraft,Lychee berry?,1,"The user is likely inquiring about the availability or details of a product named ""Lychee berry"" based on the context of other product-related questions in the chat."
popmart.uslocalshop, Toy & Handicraft,Do you have Dimoo mycloud companion,1,"The user is inquiring about the availability of the ""Dimoo mycloud companion"" product, likely expressing genuine interest in purchasing it based on previous excited reactions to similar items."
popmart.uslocalshop, Toy & Handicraft,Molly daily look series?,1,"The user is likely inquiring about the availability or details of the ""Molly daily look"" product series, showing interest in purchasing or learning more."
popmart.uslocalshop, Toy & Handicraft,I got the secret yesterday from china shop,0,"The user likely means they already purchased ""the secret"" item from a China shop, possibly referring to a product discussed earlier in the chat."
popmart.uslocalshop, Toy & Handicraft,Kubo walks of life,0,"The user is likely asking if the ""Kubo"" figure from the ""Walks of Life"" series is available for purchase or being featured in the stream."
popmart.uslocalshop, Toy & Handicraft,PERIOD.,0,"The user is likely expressing strong agreement or enthusiasm about a previously mentioned product, possibly ""the secret"" or ""Kubo,"" emphasizing their approval or excitement."
popmart.uslocalshop, Toy & Handicraft,Hi any lychee berry?,1,The user is likely asking if the lychee berry product is available or inquiring about its details.
popmart.uslocalshop, Toy & Handicraft,Crybaby concert?,1,"The user is likely asking if the ""Crybaby concert"" themed product is available or being discussed in the直播."
popmart.uslocalshop, Toy & Handicraft,What is in the giveaway,0,The user is inquiring about the details or contents of a promotional giveaway mentioned in the live stream.
popmart.uslocalshop, Toy & Handicraft,Cute,0,"The user likely finds a product adorable and is expressing admiration, possibly referencing a cute item mentioned earlier like ""the one with the baby twinkles."""
popmart.uslocalshop, Toy & Handicraft,Can you show Dimoo companion I bought one before still waiting,1,"The user is asking the host to display the Dimoo companion figure again, mentioning they previously purchased one but it hasn't arrived yet."
popmart.uslocalshop, Toy & Handicraft,any fall in wild?,1,"The user is likely asking if the ""Fall in Wild"" series of products is available or in stock."
popmart.uslocalshop, Toy & Handicraft,fall in wild? i gave mine away to a famous singer at his concert lmaoooooo,0,"The user humorously shares that they previously owned the ""fall in wild"" item but gifted it to a singer at a concert, implying they no longer have it but find the situation amusing."
popmart.uslocalshop, Toy & Handicraft,Are these authentic?,1,"The user is likely asking if the products being shown are genuine/original, possibly due to concerns about counterfeit items based on previous mentions of purchases and specific brands."
popmart.uslocalshop, Toy & Handicraft,Crybaby concert?,1,"The user is likely inquiring about the availability or details of a ""Crybaby concert"" themed product mentioned earlier in the chat."
popmart.uslocalshop, Toy & Handicraft,Do you have Dimoo companion,1,"The user is inquiring about the availability of the Dimoo companion figure, likely seeking confirmation to make a purchase."
popmart.uslocalshop, Toy & Handicraft,fall in wild? i gave mine away to a famous singer at his concert lmaoooooo i regret it,0,"The user is jokingly expressing regret about giving away their ""fall in wild"" item to a celebrity at a concert while still showing interest in the product."
popmart.uslocalshop, Toy & Handicraft,Ur braids are so cute,0,"The user is complimenting the host's hairstyle while subtly showing interest in the products, likely hoping to engage with the host or inquire about related items."
popmart.uslocalshop, Toy & Handicraft,What yall mean  faster shipping from Cali?Where can I choose Cali?,0,The user is asking for clarification on how to select California as a shipping option to receive their order faster.
popmart.uslocalshop, Toy & Handicraft,yesss,0,"The user likely expresses excitement or agreement about a product mentioned earlier, possibly related to ""Dimoo companion"" or ""fall in wild."""
popmart.uslocalshop, Toy & Handicraft,YES SO XUTE,0,"The user is enthusiastically agreeing that the showcased product is adorable, likely referring to a previously mentioned cute item like Dimoo or Molly dolls."
popmart.uslocalshop, Toy & Handicraft,Yessssss,0,"The user is likely expressing enthusiastic agreement or excitement, possibly in response to a product showcase or positive statement from the host."
popmart.uslocalshop, Toy & Handicraft,soooo cute,0,"The user is expressing admiration for a product or feature shown in the stream, likely finding it adorable or appealing."
popmart.uslocalshop, Toy & Handicraft,Do you have the king?,1,"The user is likely inquiring about the availability of a specific product called ""the king,"" possibly a popular item mentioned earlier in the chat."
popmart.uslocalshop, Toy & Handicraft,yasss...,0,"The user is likely expressing enthusiastic agreement or excitement about a product or moment in the直播, similar to the recent ""yesss"" and ""cute"" reactions from others."
popmart.uslocalshop, Toy & Handicraft,YESSSS,0,"The user is enthusiastically agreeing with or expressing excitement about something mentioned in the live stream, likely a product or comment they find appealing."
popmart.uslocalshop, Toy & Handicraft,BRO CAN YALL STOP SAYJNG GOSH,0,The user is likely frustrated by repetitive or irrelevant comments and wants others to focus on the actual products being discussed in the live stream.
popmart.uslocalshop, Toy & Handicraft,What is in the giveaway,0,The user is inquiring about the contents or details of the giveaway mentioned in the livestream.
popmart.uslocalshop, Toy & Handicraft,omg i want herrrr!!!,1,"The user is enthusiastically expressing strong desire to purchase or own the product being shown, likely due to its appealing appearance or features."
popmart.uslocalshop, Toy & Handicraft,Adorable!,0,"The user is expressing enthusiastic admiration for a product or feature shown in the直播, likely a cute item similar to those being discussed (e.g., Dimoo/fall in wild)."
popmart.uslocalshop, Toy & Handicraft,What about the cocoa cola one?,1,The user is likely inquiring about the availability or details of a Coca-Cola-related product mentioned earlier in the直播.
popmart.uslocalshop, Toy & Handicraft,I got the queen I love her,0,"The user is excitedly confirming they successfully purchased the desired ""queen"" item and expressing strong affection for it."
popmart.uslocalshop, Toy & Handicraft,Queen!,0,"The user is likely expressing excitement or confirmation about owning or wanting the ""Queen"" item mentioned in previous comments."
popmart.uslocalshop, Toy & Handicraft,Any pucky beanies,1,"The user is likely asking if the Pucky beanie collection is available for purchase, showing interest in that specific product line."
popmart.uslocalshop, Toy & Handicraft,Fall into wild?,1,"The user is likely asking if the product ""Fall into Wild"" is available, possibly expressing interest in purchasing it after seeing others mention similar items."
popmart.uslocalshop, Toy & Handicraft,Molly bag?,1,The user is likely inquiring about the availability of the Molly bag product in the current collection.
popmart.uslocalshop, Toy & Handicraft,Thanks queen I hope I get one,0,"The user is expressing gratitude and hopeful excitement about potentially winning a giveaway item (likely the ""queen"" mentioned in previous chats)."
popmart.uslocalshop, Toy & Handicraft,Know I understand,0,"The user likely means ""Now I get it"" or ""I understand now,"" possibly realizing a product detail or shipping option mentioned earlier in the chat."
popmart.uslocalshop, Toy & Handicraft,So cute,1,"The user is expressing admiration for the product's adorable appearance, likely influenced by others' similar positive reactions in the chat."
popmart.uslocalshop, Toy & Handicraft,Stop sharing and spamming,0,The user is likely annoyed by excessive off-topic comments and wants others to focus on the actual products being discussed in the live stream.
popmart.uslocalshop, Toy & Handicraft,any sanrio ones???,1,"The user is likely asking if there are any Sanrio-themed products available, showing interest in that specific collection based on the context of other product-related queries."
popmart.uslocalshop, Toy & Handicraft,is it lagging?,1,The user is likely asking if the live stream is experiencing technical delays or buffering issues.
popmart.uslocalshop, Toy & Handicraft,Any Molly bags?,1,"The user is inquiring about the availability of Molly-themed bags, showing interest in purchasing or learning more about that specific product line."
popmart.uslocalshop, Toy & Handicraft,Check cart!Faster shipping from Cali,0,The user is excited about their purchase and urgently requests to confirm their cart items and expedite shipping from California.
popmart.uslocalshop, Toy & Handicraft,What product number is being shown?,1,The user is likely asking for the identification or item number of the currently displayed product to potentially purchase or inquire further.
popmart.uslocalshop, Toy & Handicraft,Says sold out,0,The user is likely expressing disappointment or frustration that the desired item is no longer available for purchase.
popmart.uslocalshop, Toy & Handicraft,when will teletubbies be back??,1,"The user is likely asking about the availability or restock of Teletubbies merchandise, expressing interest in purchasing it."
popmart.uslocalshop, Toy & Handicraft,any sanrio space molly????,1,The user is inquiring if there are any Sanrio-themed Space Molly products available in the current sale or giveaway.
popmart.uslocalshop, Toy & Handicraft,Why yall saying that,0,The user is confused and questioning why others are making negative or critical comments in the chat.
popmart.uslocalshop, Toy & Handicraft,Is the giveaway comment lol,1,"The user is likely asking if the current comment section is for participating in a giveaway, possibly with a playful or skeptical tone."
popmart.uslocalshop, Toy & Handicraft,Any freebies?,1,The user is likely asking if there are any complimentary gifts or promotional items included with purchases during the live stream.
popmart.uslocalshop, Toy & Handicraft,teletubbies?,1,The user is likely inquiring about the availability or restocking of Teletubbies products mentioned earlier in the chat.
popmart.uslocalshop, Toy & Handicraft,Coupon ?,1,The user is likely asking if there are any available discount codes or promotional offers during the live stream.
popmart.uslocalshop, Toy & Handicraft,disney cute together keychain?,1,"The user is likely asking if there's a Disney-themed ""cute together"" keychain available for purchase in the current product lineup."
popmart.uslocalshop, Toy & Handicraft,Any freebies today?,1,The user is inquiring about complimentary gifts or promotional items being offered during the current live stream session.
popmart.uslocalshop, Toy & Handicraft,How do I order from Cali?,1,"The user is likely asking for instructions on how to purchase items shipped from California, possibly referencing faster shipping mentioned earlier."
popmart.uslocalshop, Toy & Handicraft,Can you have any coca cola pendants,1,The user is inquiring if Coca Cola-themed pendant necklaces are available among the products being showcased in the live sale.
popmart.uslocalshop, Toy & Handicraft,No hate but just a question. Why are you guys promoting the Christmas skullpanda??,0,"The user is questioning the promotion of a Christmas-themed product, possibly due to confusion or skepticism about its relevance or timing."
popmart.uslocalshop, Toy & Handicraft,Is there free shipping?,0,"The user is likely inquiring about shipping costs to assess the total purchase expense, showing potential buying interest if shipping is free."
popmart.uslocalshop, Toy & Handicraft,yaaay i got my disney plushies - i HOPE i get goofy,0,"The user is excited about receiving Disney plushies and expresses hope to also get a Goofy one, showing satisfaction with their purchase and interest in more items."
popmart.uslocalshop, Toy & Handicraft,Any pucky beanie,1,The user is asking if the Pucky brand beanie is available for purchase in the current livestream.
popmart.uslocalshop, Toy & Handicraft,I just got the skullpanda deer one,0,The user is excitedly confirming they successfully purchased the Skullpanda deer figurine mentioned earlier in the Christmas promotion discussion.
popmart.uslocalshop, Toy & Handicraft,no:(((((,0,"The user is expressing disappointment, likely because the desired product (possibly related to Molly, Sanrio, or Teletubbies) is unavailable or sold out."
popmart.uslocalshop, Toy & Handicraft,danggggg:((,0,"The user is likely expressing disappointment or frustration, possibly about a sold-out item or lack of desired products mentioned in previous chats."
popmart.uslocalshop, Toy & Handicraft,do you have take a seat?,0,The user is likely asking if a particular product (possibly a chair or seat-related item) is available in the current promotion or inventory.
popmart.uslocalshop, Toy & Handicraft,qny la,0,"The user is likely asking if the ""qny la"" (possibly a typo for ""queen la"" or a specific product) is available or in stock."
popmart.uslocalshop, Toy & Handicraft,HIW ARE YOU TODAY BESTIE VANESSA!!!!!!,0,"The user is enthusiastically greeting the host Vanessa, likely a familiar figure, expressing excitement and a friendly connection to engage with the live stream."
popmart.uslocalshop, Toy & Handicraft,How do we order from Cali?,1,"The user is likely inquiring about the ordering process for customers located in California, showing interest in purchasing from that region."
popmart.uslocalshop, Toy & Handicraft,take a seat?,0,"The user is likely inquiring if the product ""take a seat"" is available for purchase, similar to previous questions about specific items in the chat."
popmart.uslocalshop, Toy & Handicraft,teletubbies??,1,"The user is likely asking if the product being discussed or shown is related to Teletubbies, possibly expressing interest in purchasing such an item."
popmart.uslocalshop, Toy & Handicraft,Mickey and family?,1,The user is likely asking if the Disney Mickey Mouse and his family characters are available as products in the current promotion.
popmart.uslocalshop, Toy & Handicraft,How are you today bestie vanessa?,0,"The user is likely greeting the host Vanessa in a friendly manner, showing familiarity and engagement without directly expressing purchase intent."
popmart.uslocalshop, Toy & Handicraft,I want faster shipping,0,The user is expressing impatience with current delivery speeds and hopes for expedited shipping options to receive their desired items sooner.
popmart.uslocalshop, Toy & Handicraft,How to I get a set of six panini,1,"The user is asking about the purchasing process for a set of six panini products, likely interested in buying them."
popmart.uslocalshop, Toy & Handicraft,Any freebies today?,1,The user is inquiring if there are any complimentary gifts or promotions available during the current live stream session.
popmart.uslocalshop, Toy & Handicraft,Dimoo plush?,1,The user is likely inquiring about the availability or details of a Dimoo-brand plush toy in the current livestream sale.
popmart.uslocalshop, Toy & Handicraft,Looks like a fun design,1,The user likely finds the product's design appealing and is showing interest in purchasing it.
popmart.uslocalshop, Toy & Handicraft,Do you have the rainbow cry baby cheer up?,1,"The user is likely asking if the rainbow-colored ""Cry Baby Cheer Up"" product is available for purchase."
popmart.uslocalshop, Toy & Handicraft,hii bestie vanessa,0,"The user is likely greeting the host Vanessa in a friendly manner, showing engagement and familiarity with the livestream."
popmart.uslocalshop, Toy & Handicraft,What about space Molly??,1,"The user is likely inquiring if the live stream has or will feature the ""space Molly"" product, showing interest in purchasing or learning more about it."
popmart.uslocalshop, Toy & Handicraft,BIE please,0,"The user is likely requesting the ""BIE"" product (possibly a typo for ""BIE Bear"" or similar item) with polite urgency, mirroring others' inquiries about specific merchandise."
popmart.uslocalshop, Toy & Handicraft,He is so cute,0,"The user likely finds a product or character adorable and is expressing admiration, possibly hinting at interest in purchasing it."
popmart.uslocalshop, Toy & Handicraft,PLEASE,0,"The user is likely requesting a product or offer mentioned earlier, possibly echoing ""BIE please"" to emphasize their interest or urgency in purchasing."
popmart.uslocalshop, Toy & Handicraft,teletubby?,0,"The user is likely asking if the product being discussed or shown is related to Teletubbies, possibly inquiring about its availability or design."
popmart.uslocalshop, Toy & Handicraft,"I want faster shipping, how do I order from Cali?",0,"The user is inquiring about expedited shipping options and ordering procedures for California, showing clear purchase intent with urgency."
popmart.uslocalshop, Toy & Handicraft,Hey,0,The user is likely greeting the host casually to initiate interaction or express general interest in the ongoing conversation.
popmart.uslocalshop, Toy & Handicraft,I hope you feel better! Drink lots of water,0,"The user is expressing care and support for the host Vanessa, likely noticing she seems unwell, while maintaining the friendly tone seen in previous messages."
popmart.uslocalshop, Toy & Handicraft,I hope you feel better soon Vanessa,0,"The user is expressing concern and well-wishes for Vanessa, likely in response to her mentioning feeling unwell earlier, while maintaining a supportive tone common in the chat."
popmart.uslocalshop, Toy & Handicraft,Can you have any coca cola pendants please,1,The user is inquiring about the availability of Coca-Cola-themed pendant items in the current product lineup.
popmart.uslocalshop, Toy & Handicraft,If i had money for rick and morty,0,The user is expressing interest in purchasing Rick and Morty merchandise but currently lacks the funds to do so.
popmart.uslocalshop, Toy & Handicraft,Hope your throat feels better!!,0,"The user is expressing genuine care for the host's well-being while maintaining a friendly tone, likely responding to earlier mentions of the host feeling unwell."
popmart.uslocalshop, Toy & Handicraft,Hope you feel better,0,"The user is expressing genuine concern and well-wishes for the host's health, aligning with the supportive tone of recent messages."
popmart.uslocalshop, Toy & Handicraft,I hope ya feel better,0,"The user is expressing concern and well-wishes for the host's health, aligning with the supportive tone of recent messages about the host feeling unwell."
popmart.uslocalshop, Toy & Handicraft,Feel better,0,"The user is expressing concern and wishing the host Vanessa a speedy recovery, likely in response to her mentioning feeling unwell earlier."
popmart.uslocalshop, Toy & Handicraft,Nooooo stop no one wants that,0,"The user is expressing strong disapproval or disinterest in the current product being shown, likely contrasting with the generally positive and supportive tone of previous messages."
popmart.uslocalshop, Toy & Handicraft,Optimous prime,0,"The user is likely playfully referencing ""Optimus Prime"" from Transformers, possibly inquiring about related merchandise or expressing interest in a similar product."
popmart.uslocalshop, Toy & Handicraft,Your outfit is so cute,0,The user is complimenting the host's outfit and showing potential interest in similar fashion items.
popmart.uslocalshop, Toy & Handicraft,1????,0,"The user is likely impatiently asking if the first item mentioned (possibly ""rainbow cry baby"" or ""space Molly"") is available or being discussed now."
popmart.uslocalshop, Toy & Handicraft,omg yay!,0,"The user is likely expressing excitement or enthusiasm, possibly in response to a product or announcement in the live stream."
popmart.uslocalshop, Toy & Handicraft,how tall are you?,0,The user is likely asking about the height of a product or person featured in the直播 out of curiosity or potential purchase consideration.
popmart.uslocalshop, Toy & Handicraft,Dimoo companion?,1,The user is likely asking if the Dimoo companion (a collectible figure) is available for purchase in the current live sale.
popmart.uslocalshop, Toy & Handicraft,yay,0,"The user likely expresses excitement or approval, possibly in response to something positive mentioned or shown in the直播."
popmart.uslocalshop, Toy & Handicraft,king?,0,"The user is likely asking if a specific product or item named ""king"" is available or being featured in the直播."
popmart.uslocalshop, Toy & Handicraft,So cute,0,The user likely finds the product or the host's appearance adorable and is expressing admiration or interest in purchasing.
popmart.uslocalshop, Toy & Handicraft,"Wait, warm water with salt helps. It do be gross tho",0,"The user is acknowledging a home remedy for a sore throat mentioned earlier but finds it unpleasant, likely in response to health advice given to the streamer."
popmart.uslocalshop, Toy & Handicraft,Is she a keychain,1,"The user is likely asking if the item being shown is a keychain, possibly referring to a small accessory mentioned earlier in the chat."
popmart.uslocalshop, Toy & Handicraft,3 minutes?,0,"The user is likely asking if a product or offer mentioned earlier will be available in three minutes, possibly referencing a countdown or restock timing."
popmart.uslocalshop, Toy & Handicraft,Three hours????,0,"The user is likely expressing surprise or impatience about the duration mentioned (three hours), possibly questioning why something would take that long."
popmart.uslocalshop, Toy & Handicraft,How long?,0,The user is likely asking about the duration of the current promotion or product availability in the livestream.
popmart.uslocalshop, Toy & Handicraft,3 hours?,0,The user is likely asking for clarification or expressing surprise about the duration mentioned (possibly 3 hours) in the ongoing conversation.
popmart.uslocalshop, Toy & Handicraft,3 min,0,"The user is likely asking for confirmation or clarification about the duration mentioned earlier, possibly referring to a 3-minute wait or activity in the stream."
popmart.uslocalshop, Toy & Handicraft,Is 2 a keychain,1,The user is likely asking if the item being discussed (possibly a Dimoo companion or keychain) is the second option or variant mentioned in the stream.
popmart.uslocalshop, Toy & Handicraft,Thanks queen,0,"The user is likely expressing admiration and support for the host, possibly in response to their appearance or a positive action, similar to the earlier compliments like ""Your outfit is so cute."""
popmart.uslocalshop, Toy & Handicraft,Any Molly bags,1,The user is likely inquiring if Molly brand bags are available or featured in the current直播 product lineup.
popmart.uslocalshop, Toy & Handicraft,she is a keychain,0,"The user is likely asking if the item being shown is a keychain, possibly referring to a cute or collectible character mentioned earlier in the chat."
popmart.uslocalshop, Toy & Handicraft,2 is a keychain,0,"The user is asking if item number 2 in the product lineup is a keychain, likely seeking clarification during a live sale."
popmart.uslocalshop, Toy & Handicraft,Any fall in wild,0,"The user is likely asking if there are any discounts or price drops available for the ""wild"" collection or item mentioned earlier."
popmart.uslocalshop, Toy & Handicraft,Which one is your favorite yoga?,0,The user is likely asking the host to recommend their preferred yoga-related product from the options shown in the livestream.
popmart.uslocalshop, Toy & Handicraft,Hiii,0,"The user is likely greeting the streamer casually while showing engagement, possibly to ask a question or express interest in the products mentioned earlier."
popmart.uslocalshop, Toy & Handicraft,Queen in 3 hours?????,0,"The user is likely expressing surprise or seeking confirmation about the mentioned three-hour duration, possibly questioning its accuracy or relevance."
popmart.uslocalshop, Toy & Handicraft,i placed my order for skullpanda  my first one,0,"The user is excitedly announcing their first purchase of a Skullpanda figure, likely influenced by the ongoing product discussion in the chat."
popmart.uslocalshop, Toy & Handicraft,Is the queen a keychain?,1,"The user is asking if the ""queen"" refers to a keychain product mentioned earlier in the chat."
popmart.uslocalshop, Toy & Handicraft,Any king?,1,"The user is likely asking if a specific product (possibly a ""king"" themed item) is available for purchase, similar to previous inquiries about keychains and other items."
popmart.uslocalshop, Toy & Handicraft,Is the queen a keychain ??,1,"The user is asking if the item referred to as ""the queen"" is a keychain, likely seeking clarification about a product mentioned earlier in the chat."
popmart.uslocalshop, Toy & Handicraft,3 hours or minutes,0,"The user is likely asking for clarification on whether the mentioned time frame refers to 3 hours or 3 minutes, echoing previous confusion in the chat."
popmart.uslocalshop, Toy & Handicraft,Angel in Cloud??,1,"The user is likely asking if ""Angel in Cloud"" refers to a keychain product, similar to previous inquiries about other items being keychains."
popmart.uslocalshop, Toy & Handicraft,They are adorable,0,"The user likely finds the products (possibly keychains or Molly bags) cute and is expressing admiration, potentially showing interest in purchasing."
popmart.uslocalshop, Toy & Handicraft,Is there a pink one?,1,The user is likely inquiring about the availability of a pink-colored version of a product mentioned earlier in the live stream.
popmart.uslocalshop, Toy & Handicraft,3 mins,0,"The user is likely asking for clarification on whether the mentioned time frame (e.g., product availability or event) refers to 3 minutes or hours."
popmart.uslocalshop, Toy & Handicraft,king?,1,"The user is likely asking if the product ""king"" is available or inquiring about its details, similar to previous questions about ""queen"" and other items."
popmart.uslocalshop, Toy & Handicraft,thank you,0,"The user is likely expressing gratitude for the clarification or information provided about the products, possibly regarding the queen keychain or other items mentioned earlier."
popmart.uslocalshop, Toy & Handicraft,Those are so cute,0,"The user likely expresses admiration for a product (possibly keychains or figures) shown in the stream, indicating positive interest without immediate purchase intent."
popmart.uslocalshop, Toy & Handicraft,Congrats to the winner,0,The user is likely acknowledging and celebrating someone winning a giveaway or contest mentioned earlier in the chat.
popmart.uslocalshop, Toy & Handicraft,2 minutes,0,"The user is likely asking if the ""queen"" item will be available in 2 minutes, following previous discussions about timing and keychain releases."
popmart.uslocalshop, Toy & Handicraft,Is this a pendant?,1,"The user is likely asking if the item being shown is a pendant, possibly comparing it to the previously mentioned keychains or other accessories."
popmart.uslocalshop, Toy & Handicraft,I want the old panini,1,"The user is likely asking if the previous version or style of the ""panini"" product is still available for purchase."
popmart.uslocalshop, Toy & Handicraft,SHE IS,0,"The user is likely asking if the product being discussed is the ""queen"" version, similar to previous inquiries about ""king"" and ""angel"" items in the chat."
popmart.uslocalshop, Toy & Handicraft,Any freebies for tonight?,1,The user is likely inquiring about complimentary gifts or promotional items offered during the current live session.
popmart.uslocalshop, Toy & Handicraft,Any fall in wild todayy,1,"The user is likely asking if there will be a ""wild"" version of the product (possibly a figurine/keychain) released today, mirroring others' inquiries about variations like ""queen"" or ""king""."
popmart.uslocalshop, Toy & Handicraft,30 seconds,0,The user is likely asking for clarification on the remaining time (30 seconds) for a product release or event mentioned earlier in the chat.
popmart.uslocalshop, Toy & Handicraft,The queen bubu is so cute,0,"The user is expressing admiration for the queen character's cuteness, likely referring to a keychain or pendant mentioned earlier in the chat."
popmart.uslocalshop, Toy & Handicraft,Fall in wild please,0,"The user is likely asking if the ""Fall in Wild"" product is available in the current promotion or giveaway."
popmart.uslocalshop, Toy & Handicraft,84?,0,"The user is likely asking if the product mentioned earlier (possibly ""queen"" or ""king"") is priced at $84, seeking clarification on the cost."
popmart.uslocalshop, Toy & Handicraft,Thx queen,0,"The user is expressing gratitude to the host, likely for showcasing or explaining a cute product (possibly ""queen""-themed) during the live stream."
popmart.uslocalshop, Toy & Handicraft,Link 94,0,The user is likely asking for the product link or details about item number 94 mentioned earlier in the chat.
popmart.uslocalshop, Toy & Handicraft,Brazil,0,The user is likely asking if the product or a related item is available or originates from Brazil.
popmart.uslocalshop, Toy & Handicraft,POPMART OFFICIAL ! JOIN LUCKY BAG !,0,The user is excitedly urging others to participate in the POPMART lucky bag promotion during the livestream.
popmart.uslocalshop, Toy & Handicraft,Are you doing BIE today?,0,"The user is likely asking if the live stream is featuring a ""Buy It Now"" (BIE) promotion or special deal today."
popmart.uslocalshop, Toy & Handicraft,What material?,1,"The user is likely asking about the material of a product being shown, possibly a pendant or another item mentioned earlier in the chat."
popmart.uslocalshop, Toy & Handicraft,the queen please,0,"The user is likely requesting the host or a featured product referred to as ""the queen"" to be shown or discussed, possibly inspired by previous mentions like ""The queen bubu."""
popmart.uslocalshop, Toy & Handicraft,ming,0,"The user likely meant to type ""mine"" to claim an item or express interest in a product, possibly due to fast typing or autocorrect error."
popmart.uslocalshop, Toy & Handicraft,king,0,"The user is likely referring to a product or character named ""king"" in a playful or affectionate manner, possibly as a counterpart to the mentioned ""queen."""
popmart.uslocalshop, Toy & Handicraft,Wo zhengzai ziwei,0,"The user likely means ""I'm currently masturbating,"" possibly as a crude joke or trolling, unrelated to the product discussion."
popmart.uslocalshop, Toy & Handicraft,Good luck,0,"The user is likely expressing general support or encouragement for the ongoing event, possibly referencing the ""LUCKY BAG"" promotion mentioned earlier."
popmart.uslocalshop, Toy & Handicraft,Any freebies??,1,The user is inquiring about complimentary gifts or promotional offers available during the current live stream session.
popmart.uslocalshop, Toy & Handicraft,Goodluck you guys,0,The user is likely sending supportive encouragement to the hosts or participants in the livestream event.
popmart.uslocalshop, Toy & Handicraft,Got it,0,"The user likely acknowledges understanding or agreement with a previous statement, possibly about a product or offer mentioned in the chat."
popmart.uslocalshop, Toy & Handicraft,NOOOOOOI,0,"The user is likely expressing excitement or disbelief about a product or announcement, possibly reacting to a surprise reveal or limited offer in the live stream."
popmart.uslocalshop, Toy & Handicraft,got herrrr,0,"The user likely means ""I successfully purchased the item"" or ""I got what I wanted,"" expressing excitement about securing a product mentioned earlier in the chat."
popmart.uslocalshop, Toy & Handicraft,YAAY I got her!!!,0,"The user is excitedly announcing their successful purchase of the desired item (likely ""the queen"" figure) after previous mentions of acquiring products in the chat."
popmart.uslocalshop, Toy & Handicraft,I gotttt oneeee,0,"The user is excitedly confirming they successfully purchased the item, likely echoing others' celebratory messages about securing the product."
popmart.uslocalshop, Toy & Handicraft,Finally got one omfg,0,The user is excitedly expressing that they successfully purchased the desired item after seeing others do the same.
popmart.uslocalshop, Toy & Handicraft,NOOOO,0,"The user likely expresses frustration or disappointment over missing out on a limited item, mirroring others' excitement about securing purchases."
popmart.uslocalshop, Toy & Handicraft,Yay I got her,0,The user is excitedly confirming they successfully purchased the product after seeing others celebrate getting it.
popmart.uslocalshop, Toy & Handicraft,Yess I got one !,0,The user is excitedly announcing they successfully purchased or obtained a desired item from the live sale.
popmart.uslocalshop, Toy & Handicraft,Ok! Thank you!,0,"The user is expressing gratitude and satisfaction, likely after successfully purchasing an item mentioned in previous celebratory messages."
popmart.uslocalshop, Toy & Handicraft,So cute i have one already (:,0,"The user is expressing fondness for the product and stating they already own it, likely to share their excitement or relate to others who just purchased it."
popmart.uslocalshop, Toy & Handicraft,I got one!!!,0,"The user is excitedly confirming they successfully purchased the product, likely a limited-edition item, joining others celebrating their acquisitions in the chat."
popmart.uslocalshop, Toy & Handicraft,Omggggg I got it,0,"The user is excitedly confirming their successful purchase of the product, mirroring others' celebratory messages about securing the item."
popmart.uslocalshop, Toy & Handicraft,OMG,0,"The user is expressing excitement or surprise, likely about successfully purchasing an item, similar to others' celebratory messages in the chat."
popmart.uslocalshop, Toy & Handicraft,I got it !!!!!!,0,"The user is excitedly expressing that they successfully purchased or obtained the promoted product, similar to others in the chat."
popmart.uslocalshop, Toy & Handicraft,THANK YOU!!,0,"The user is expressing gratitude and excitement for successfully purchasing the product, likely in response to receiving it or completing the transaction."
popmart.uslocalshop, Toy & Handicraft,no i wasnt able to,0,The user likely missed out on purchasing the item and is expressing disappointment about not being able to get it.
popmart.uslocalshop, Toy & Handicraft,again ?,1,The user is likely expressing surprise or frustration that the product is being offered again after many viewers have already mentioned getting it.
popmart.uslocalshop, Toy & Handicraft,I got it!!!,0,"The user is excitedly confirming they successfully purchased or obtained the promoted item, echoing others' celebratory reactions in the chat."
popmart.uslocalshop, Toy & Handicraft,got her toooo !!!!!!,0,The user is excitedly expressing that they successfully purchased the same product as others in the chat.
popmart.uslocalshop, Toy & Handicraft,Yay i got one!!,0,"The user is excitedly confirming they successfully purchased the item, joining others celebrating their acquisitions in the fast-paced sale."
popmart.uslocalshop, Toy & Handicraft,Yay,0,"The user is expressing excitement and satisfaction about successfully purchasing the product, similar to others celebrating their acquisitions in the chat."
popmart.uslocalshop, Toy & Handicraft,yay! thank you!!!,0,"The user is excitedly expressing gratitude and joy for successfully purchasing the product, likely after multiple attempts, similar to others in the chat."
popmart.uslocalshop, Toy & Handicraft,Got one,0,"The user is excitedly confirming they successfully purchased the item, echoing others' celebratory tone about securing the product."
popmart.uslocalshop, Toy & Handicraft,Got one!!!! Yaaaay,0,"The user is excitedly confirming their successful purchase, joining others who have also expressed joy over acquiring the item in the fast-paced sale."
popmart.uslocalshop, Toy & Handicraft,YESSSS I GOT IT FOR MY GIRLLL,0,"The user is excitedly confirming they successfully purchased the item for their girlfriend, matching others' celebratory tone about securing the product."
popmart.uslocalshop, Toy & Handicraft,Yayyy I got one,0,"The user is excitedly confirming they successfully purchased the item, mirroring others' celebratory tone about securing the product during the limited sale."
popmart.uslocalshop, Toy & Handicraft,I got one yay!!!!,0,"The user is excitedly confirming their successful purchase, sharing their joy and satisfaction with the product like others in the chat."
popmart.uslocalshop, Toy & Handicraft,First one straight from popmart,0,The user is excitedly announcing they successfully purchased the first item from PopMart during the live sale.
popmart.uslocalshop, Toy & Handicraft,Omg I got one,0,"The user is excitedly confirming they successfully purchased the item, likely a limited-edition product, joining others celebrating their acquisitions in the chat."
popmart.uslocalshop, Toy & Handicraft,Ahhh! I got it! Thank you!!,0,"The user is excitedly confirming their successful purchase and expressing gratitude, likely after securing a limited-edition item like others in the chat."
popmart.uslocalshop, Toy & Handicraft,Got it !!!!,0,"The user is excitedly confirming they successfully purchased the desired item, echoing the celebratory tone of previous viewers who secured products."
popmart.uslocalshop, Toy & Handicraft,Got her,0,"The user is excitedly confirming they successfully purchased or obtained the item, likely a collectible like others in the chat."
popmart.uslocalshop, Toy & Handicraft,Yesss I got itttt thank uuuu,0,"The user is excitedly confirming their successful purchase and expressing gratitude, likely for securing a limited or popular item like others in the chat."
popmart.uslocalshop, Toy & Handicraft,Angel in Cloud?,0,"The user is likely asking if the product ""Angel in Cloud"" is still available, expressing interest in purchasing it based on others' successful orders."
popmart.uslocalshop, Toy & Handicraft,I actually got one OMG,0,"The user is excitedly confirming they successfully purchased the item, similar to others celebrating their purchases in the chat."
popmart.uslocalshop, Toy & Handicraft,Got it!!!,0,"The user is excitedly confirming they successfully purchased the desired item, mirroring others' celebratory tone about securing products in the limited-drop context."
popmart.uslocalshop, Toy & Handicraft,GOT ONE THANK YOU,0,"The user is excitedly confirming their successful purchase and expressing gratitude, likely for securing a limited or popular item in the livestream sale."
popmart.uslocalshop, Toy & Handicraft,Prioritize shipping please! :),0,The user is excited about their purchase and politely requests faster delivery to receive their item soon.
popmart.uslocalshop, Toy & Handicraft,Omg I got her thank u,0,"The user is excitedly expressing gratitude for successfully purchasing a desired item (likely a PopMart figure) during the live sale, mirroring others' celebratory tone."
popmart.uslocalshop, Toy & Handicraft,So close sold out when I went to pay,0,The user expresses frustration that the item was almost sold out by the time they tried to complete the purchase.
popmart.uslocalshop, Toy & Handicraft,I WAS ABLE TO GET IT FOR MY GIRL,0,"The user is excitedly confirming they successfully purchased the item (likely a collectible doll) as a gift for their girlfriend, echoing others' celebratory tone about securing limited stock."
popmart.uslocalshop, Toy & Handicraft,Got it wooooo this for my daughter in law,0,"The user is excitedly confirming their purchase of the item as a gift for their daughter-in-law, expressing joy similar to others celebrating successful orders."
popmart.uslocalshop, Toy & Handicraft,Yay got one,0,"The user is excitedly confirming their successful purchase of a limited-edition item (likely a PopMart toy) along with other celebrating viewers.  (Word count: 18)  注：  1. 通过整合前20条弹幕高频出现的""Got one""和品牌词""PopMart""，推断商品类型为潮玩盲盒类限量商品  2. 用""excitedly confirming""替代简单重复的""Yay got one""，既保留原情绪又提升信息密度  3. 补充""along with other celebrating viewers""体现直播间集体抢购氛围，符合社交电商语境  4. 严格控制在18个单词，远低于35词上限"
popmart.uslocalshop, Toy & Handicraft,Please do HAS,0,"The user is likely urging the host to restock the popular ""HAS"" item, as previous comments show excitement over purchasing it before it sold out."
popmart.uslocalshop, Toy & Handicraft,Prioritize shipping please!,0,The user is excited about their purchase and politely requests faster delivery to ensure they receive the item promptly.
popmart.uslocalshop, Toy & Handicraft,Fall in wild?,0,"The user is likely asking if the product ""Fall in wild"" is available or expressing interest in purchasing it, similar to others discussing their successful orders."
popmart.uslocalshop, Toy & Handicraft,Its still more,0,"The user likely means ""There are still more items available to purchase"" or ""I hope they restock more soon."""
popmart.uslocalshop, Toy & Handicraft,It said it declined :(,0,"The user is expressing disappointment that their payment was declined while trying to purchase the item, likely after seeing others successfully check out."
popmart.uslocalshop, Toy & Handicraft,Yaaaay,0,"The user is likely celebrating their successful purchase, expressing excitement similar to others who confirmed getting the item."
popmart.uslocalshop, Toy & Handicraft,Got her! thank you so much,0,The user is expressing excitement and gratitude for successfully purchasing the product mentioned in the previous chat messages.
popmart.uslocalshop, Toy & Handicraft,Got one too,0,The user is expressing excitement about successfully purchasing the same item as others in the chat.
popmart.uslocalshop, Toy & Handicraft,Missed herrrrrr,0,"The user likely expresses disappointment at missing out on purchasing the item, contrasting others' success shown in previous ""got it"" messages."
popmart.uslocalshop, Toy & Handicraft,yayyy i got one thank you!!,0,"The user is excitedly expressing gratitude for successfully purchasing an item during the limited-time sale, mirroring others' celebratory tones about securing products."
popmart.uslocalshop, Toy & Handicraft,I got one  my first one,0,"The user is excitedly sharing that they successfully purchased the product for the first time, matching others' celebratory tone about securing the item."
popmart.uslocalshop, Toy & Handicraft,Thank you queen!!,0,"The user is expressing gratitude and excitement for successfully purchasing the product, likely influenced by others' positive purchase experiences in the chat."
popmart.uslocalshop, Toy & Handicraft,Fall in wild pendant ?,1,"The user is likely asking if the ""Fall in Wild"" pendant is still available for purchase, showing interest in buying it."
popmart.uslocalshop, Toy & Handicraft,Omg I got her!,0,"The user is excitedly confirming they successfully purchased the desired item (likely a ""Fall in Wild"" product) after seeing others' success messages."
popmart.uslocalshop, Toy & Handicraft,Again plz,0,"The user is likely requesting a replay or restock of a popular item that others have successfully purchased, expressing interest in buying it themselves."
popmart.uslocalshop, Toy & Handicraft,omg thank you SO much,0,"The user is expressing excitement and gratitude for successfully purchasing the item, likely after seeing others' positive purchase confirmations."
popmart.uslocalshop, Toy & Handicraft,yayyy i got one thank uuu,0,The user is excitedly confirming their successful purchase and expressing gratitude for securing the item.
popmart.uslocalshop, Toy & Handicraft,LOVEE YOU GOT IT,0,"The user is excitedly confirming their successful purchase, likely of the same product others have mentioned getting, expressing joy and satisfaction."
popmart.uslocalshop, Toy & Handicraft,any other surprice?,0,The user is likely asking if there will be any additional unexpected offers or products revealed during the stream.
popmart.uslocalshop, Toy & Handicraft,Where the original ones at,0,The user is asking where they can find the original or authentic versions of the products being discussed in the live stream.
popmart.uslocalshop, Toy & Handicraft,I got the it!,0,The user is excitedly confirming they successfully purchased the desired item mentioned earlier in the chat.
popmart.uslocalshop, Toy & Handicraft,got one - my friend wanted one!,0,"The user is excitedly confirming they purchased an item their friend desired, likely a popular product others are also securing in the live sale."
popmart.uslocalshop, Toy & Handicraft,any mickey family tonight ?,1,The user is likely asking if there are any Mickey-themed products available in the current batch or upcoming offers.
popmart.uslocalshop, Toy & Handicraft,Can u show her? Never seen it before,1,"The user is requesting to see a product they're unfamiliar with, likely prompted by others' excitement about obtaining it."
popmart.uslocalshop, Toy & Handicraft,Got her omg thank youuuh,0,"The user is excitedly expressing gratitude for successfully purchasing the featured item, likely a limited or popular product, based on others' similar celebratory messages."
popmart.uslocalshop, Toy & Handicraft,Thank you!,0,"The user likely expresses gratitude for successfully purchasing an item, mirroring others' celebratory tone about securing products in the limited offer."
popmart.uslocalshop, Toy & Handicraft,omg thank you!,0,"The user is expressing excited gratitude for successfully purchasing the featured item, likely a pendant, based on others' similar celebratory messages."
popmart.uslocalshop, Toy & Handicraft,it always sells out everytime i try,0,The user is frustrated because the item is consistently out of stock whenever they attempt to purchase it.
popmart.uslocalshop, Toy & Handicraft,i payed for it and it sold out like how,0,The user is frustrated because they paid for an item but it sold out before their purchase was confirmed.
popmart.uslocalshop, Toy & Handicraft,Exciting?,0,The user is likely asking if there will be more exciting products or surprises in the upcoming part of the live stream.
popmart.uslocalshop, Toy & Handicraft,any hacipupu,1,The user is likely asking if there are any Hacipupu products available or being offered in the current sale.
popmart.uslocalshop, Toy & Handicraft,I got it !!,0,"The user is excitedly confirming they successfully purchased the desired item, likely a limited-edition product, based on others' celebratory messages about securing theirs."
popmart.uslocalshop, Toy & Handicraft,Yay so excited,0,"The user is expressing enthusiastic joy, likely after successfully purchasing an item, mirroring others' celebratory reactions in the chat."
popmart.uslocalshop, Toy & Handicraft,omg i almost got her but it said sold out,0,"The user is expressing frustration over narrowly missing the purchase due to the item selling out quickly, despite their attempt to buy it."
popmart.uslocalshop, Toy & Handicraft,Any Mickey and family tonight?(:,1,The user is asking if Mickey Mouse and related family-themed products will be featured in the upcoming segment of the live stream.
popmart.uslocalshop, Toy & Handicraft,you have closer to sweet?,1,"The user is likely asking if there are any similar or alternative sweet-themed products available, possibly referencing a previously mentioned item."
popmart.uslocalshop, Toy & Handicraft,Yayyyyy I literally just came in and got it! What are the odds,0,The user is excitedly expressing their surprise and joy at successfully purchasing the item immediately upon joining the live stream.
popmart.uslocalshop, Toy & Handicraft,when is HAS?,1,"The user is likely asking about the availability or release time of the ""HAS"" product, showing interest in purchasing it before it sells out."
popmart.uslocalshop, Toy & Handicraft,So who got that when,0,"The user is likely asking if anyone successfully purchased the item that was mentioned earlier, expressing curiosity about its availability or others' buying experiences."
popmart.uslocalshop, Toy & Handicraft,hacipupu?,1,"The user is likely asking if the ""hacipupu"" product is available or will be shown soon, echoing previous inquiries about specific items in the chat."
popmart.uslocalshop, Toy & Handicraft,mokoko?,1,"The user is likely asking if a product named ""Mokoko"" is available or being featured in the current live stream."
popmart.uslocalshop, Toy & Handicraft,I pulled the Yoga Coach secret on first purchase,0,The user is excitedly sharing that they successfully obtained the highly sought-after Yoga Coach item on their first attempt to purchase it during the livestream.
popmart.uslocalshop, Toy & Handicraft,LABUBY,0,"The user is likely asking if the LABUBY product is available or expressing excitement about it, similar to previous mentions of popular items like Mickey and hacipupu."
popmart.uslocalshop, Toy & Handicraft,mickey family ?,1,"The user is likely asking if the product ""Mickey and family"" is available or will be shown in the current livestream."
popmart.uslocalshop, Toy & Handicraft,HAS,0,"The user is likely asking about the availability or timing of the product ""HAS,"" based on previous mentions of it selling out quickly."
popmart.uslocalshop, Toy & Handicraft,Yall the lazy yoga set is so cute,0,"The user is admiring the lazy yoga set's cuteness and likely showing interest in purchasing it, similar to others discussing successful buys or sell-outs."
popmart.uslocalshop, Toy & Handicraft,1piece,0,"The user is likely asking if a single item (""1 piece"") is available for purchase, possibly referring to a previously mentioned product like the lazy yoga set or hacipupu."
popmart.uslocalshop, Toy & Handicraft,do they have stickies on them so you could stick to your phone or do you have to get your own stick,1,The user is asking if the products come with adhesive stickers to attach to phones or if they need to purchase them separately.
popmart.uslocalshop, Toy & Handicraft,Can I get prioritized shipping,0,"The user is likely asking if expedited delivery is available for their purchase, showing urgency or concern about shipping speed after seeing others successfully buy items."
popmart.uslocalshop, Toy & Handicraft,FINALLY  got the queen! Thank you!!,0,"The user is expressing joy and gratitude for successfully purchasing a highly sought-after item (""the queen"") after likely encountering previous stock issues."
popmart.uslocalshop, Toy & Handicraft,More queen later?,1,"The user is likely asking if there will be more ""queen"" items available later, expressing interest in purchasing after seeing others succeed in getting it."
popmart.uslocalshop, Toy & Handicraft,Any Mickey Mouse keychain?,1,The user is asking if there are any Mickey Mouse-themed keychains available for purchase during the current live stream.
popmart.uslocalshop, Toy & Handicraft,how do you stick them on things???,1,"The user is asking how to attach the product (likely stickers or keychains) to surfaces, wondering if they come with adhesive or require separate materials."
popmart.uslocalshop, Toy & Handicraft,I HAVE HIM,0,"The user likely means ""I successfully purchased the item (possibly a character or product like others mentioned) that I wanted."""
popmart.uslocalshop, Toy & Handicraft,any more queen???,1,"The user is asking if there will be additional ""queen"" items available later, likely referencing a popular product mentioned earlier in the chat."
popmart.uslocalshop, Toy & Handicraft,Are they soft?,1,"The user is likely inquiring about the texture or comfort of a product being discussed, possibly a plush item or soft accessory mentioned earlier in the chat."
popmart.uslocalshop, Toy & Handicraft,Any Molly bags,1,The user is likely inquiring if there are any Molly-branded bags available for purchase in the current live sale.
popmart.uslocalshop, Toy & Handicraft,mickey family ?,1,"The user is likely inquiring about the availability or details of a ""Mickey family"" product mentioned earlier in the chat."
popmart.uslocalshop, Toy & Handicraft,take a seat?,0,The user is likely asking if a particular product (possibly a seat or chair) is available or inquiring about its features in a casual manner.
popmart.uslocalshop, Toy & Handicraft,What time?,0,"The user is likely asking about the scheduled time for a restock or release of a specific product mentioned earlier, such as the ""queen"" item or Mickey Mouse keychains."
popmart.uslocalshop, Toy & Handicraft,Lychee berry,1,"The user is likely asking if the product ""Lychee berry"" is available or inquiring about its features, similar to previous questions about other items in the stream."
popmart.uslocalshop, Toy & Handicraft,I actually got the queen bubu YYAYAAY,0,"The user is excitedly announcing they successfully obtained the highly sought-after ""queen bubu"" item, likely a collectible or limited-edition product mentioned earlier in the chat."
popmart.uslocalshop, Toy & Handicraft,Fall in wild pendants?,1,The user is likely asking if there are any wild-themed pendant accessories available for purchase in the current collection.
popmart.uslocalshop, Toy & Handicraft,why are people saying lucky bag!,0,"The user is likely confused or curious about why others are mentioning ""lucky bags"" in the chat, possibly seeking clarification about a product or promotion."
popmart.uslocalshop, Toy & Handicraft,How do you guys do it omg,0,"The user is expressing amazement and curiosity about how the products are made or function, likely referring to their unique or impressive features."
popmart.uslocalshop, Toy & Handicraft,more queen,0,"The user is asking if there will be additional ""queen"" items available for purchase soon."
popmart.uslocalshop, Toy & Handicraft,Any BIE?,1,"The user is likely asking if there are any ""BIE"" (possibly a brand or product name) items available for purchase, similar to previous inquiries about Queen and Mickey Mouse products."
popmart.uslocalshop, Toy & Handicraft,Thank you!,0,"The user is likely expressing gratitude for receiving or seeing a desired item (possibly ""the queen"") mentioned earlier in the chat."
popmart.uslocalshop, Toy & Handicraft,omggg hiii vanessa darlinggg,0,"The user is excitedly greeting the host Vanessa, likely expressing admiration or enthusiasm for her presence in the live stream."
popmart.uslocalshop, Toy & Handicraft,Hiiii!,0,"The user is likely greeting the host enthusiastically, showing engagement and excitement similar to others in the chat."
popmart.uslocalshop, Toy & Handicraft,Maybe from yesterday,0,"The user is likely asking if the mentioned item (possibly ""queen"" or another product) is still available from yesterday's stock or promotion."
popmart.uslocalshop, Toy & Handicraft,when is HAS,1,"The user is likely asking about the availability or release time of a product referred to as ""HAS"" in the context of previous merchandise mentions."
popmart.uslocalshop, Toy & Handicraft,did u just get here darling?,0,"The user is likely asking if the person they're addressing (possibly the host or another viewer) just joined the stream, expressing friendly recognition or curiosity about their arrival timing."
popmart.uslocalshop, Toy & Handicraft,HOPE YOU FEEL BETTER,0,"The user likely wishes the host or another viewer well, possibly noticing they seemed unwell or stressed earlier."
popmart.uslocalshop, Toy & Handicraft,vanessa queen,1,"The user is likely expressing admiration or excitement for Vanessa, possibly referring to her as a standout or favorite in the context of the live stream."
popmart.uslocalshop, Toy & Handicraft,Vanessa is my good luck charm,0,"The user is expressing admiration for Vanessa, likely the host, implying she brings them good fortune or positive experiences in the直播."
popmart.uslocalshop, Toy & Handicraft,mickey family today ?,1,"The user is likely asking if the ""Mickey Family"" product will be featured or available in today's live stream."
popmart.uslocalshop, Toy & Handicraft,Makron,1,"The user is likely referring to a product or nickname mentioned earlier, possibly expressing interest or asking about ""Makron"" in relation to the ongoing discussion."
popmart.uslocalshop, Toy & Handicraft,Thank uuuuuu,0,"The user is expressing enthusiastic gratitude, likely in response to a positive interaction or favor from the host Vanessa, mirroring the friendly and appreciative tone of recent chatter."
popmart.uslocalshop, Toy & Handicraft,Hi pretty girl!!,0,"The user is likely greeting the host enthusiastically, showing admiration and engagement similar to other chat messages praising the host's presence."
popmart.uslocalshop, Toy & Handicraft,We hope you get better soon,0,"The user is expressing concern and well-wishes for the host's health, likely responding to prior mentions of Vanessa not feeling well."
popmart.uslocalshop, Toy & Handicraft,i missed uuuuu,0,"The user is expressing affectionate excitement and familiarity towards the host Vanessa, likely continuing the friendly and supportive tone of previous chatter."
popmart.uslocalshop, Toy & Handicraft,Fall in wild?,0,"The user is likely asking if the ""Fall in Wild"" pendant collection is being featured or available in the current直播."
popmart.uslocalshop, Toy & Handicraft,Any fall in wild??,1,"The user is likely asking if the product ""Fall in Wild"" is still available or being discussed, possibly referencing a previous mention in the chat."
popmart.uslocalshop, Toy & Handicraft,more queen for the queen vanessa,0,"The user is enthusiastically supporting Vanessa, calling her a queen and expressing admiration or a desire to see more of her in the stream."
popmart.uslocalshop, Toy & Handicraft,Drink lots of water!,0,"The user is likely cheering for the host Vanessa to stay hydrated and healthy, aligning with the supportive tone of previous messages about her well-being."
popmart.uslocalshop, Toy & Handicraft,Will you have any Mickey and family?,1,The user is likely asking if the live stream will feature Mickey Mouse and related characters or products.
popmart.uslocalshop, Toy & Handicraft,where does this shipfrom??,1,"The user is likely inquiring about the shipping origin of a product mentioned in the直播, showing purchase intent by seeking logistical details."
popmart.uslocalshop, Toy & Handicraft,Any maacron,1,"The user is likely asking if the product ""maacron"" (possibly a misspelling of ""macaron"") is available for purchase in the current live stream."
popmart.uslocalshop, Toy & Handicraft,any mickey mouse family?,1,The user is likely asking if the live stream currently offers any products related to Mickey Mouse and his family characters.
popmart.uslocalshop, Toy & Handicraft,She call me baby,0,"The user is likely expressing admiration for the host Vanessa, possibly referencing a nickname or affectionate term she uses for viewers."
popmart.uslocalshop, Toy & Handicraft,get better vanessa! ur my favorite host!!,0,"The user is expressing support and admiration for the host Vanessa while wishing her well, likely in response to her feeling unwell, as hinted by previous encouraging messages."
popmart.uslocalshop, Toy & Handicraft,where does this ship from?:),1,"The user is politely inquiring about the shipping origin of the product being discussed in the stream, showing potential purchase consideration with a friendly tone."
popmart.uslocalshop, Toy & Handicraft,for the yoga how do you stick them on things ?,1,"The user is asking how to attach the yoga-related product to surfaces, showing interest in its functionality."
popmart.uslocalshop, Toy & Handicraft,Show us lalabus,1,"The user is likely asking the host to display or demonstrate the ""lalabus"" product, similar to how others inquired about other items like ""Mickey family"" or ""fall in wild."""
popmart.uslocalshop, Toy & Handicraft,Yay I got 2,0,"The user is excitedly confirming they successfully purchased two items (likely ""Macron"" or ""Mickey family"" products mentioned earlier)."
popmart.uslocalshop, Toy & Handicraft,Can I get pop mart support email!!!,0,"The user is likely seeking customer support contact details for Pop Mart products, possibly due to an issue or inquiry about an order mentioned earlier in the chat."
popmart.uslocalshop, Toy & Handicraft,the Kubo are so cute,1,"The user likely expresses admiration for the ""Kubo"" products and shows potential interest in purchasing them, similar to others asking about Mickey Mouse items."
popmart.uslocalshop, Toy & Handicraft,What sticky stuff do you use for them,1,The user is asking about the adhesive material used for the yoga-related products mentioned earlier in the chat.
popmart.uslocalshop, Toy & Handicraft,The mister,0,"The user is likely asking if the host carries or will showcase ""The Mister"" product, similar to previous inquiries about other items like ""Mickey and family"" or ""Kubo."""
popmart.uslocalshop, Toy & Handicraft,is this the actual page,0,The user is likely asking if the current page being shown is the official or correct product listing they're interested in purchasing.
popmart.uslocalshop, Toy & Handicraft,drink lots of water and rest up,0,"The user is likely expressing concern and well-wishes for the host Vanessa, suggesting hydration and rest to recover (possibly from illness or fatigue)."
popmart.uslocalshop, Toy & Handicraft,Do you have anymore of crybaby crying again series?,1,"The user is likely asking if there are additional items available from the ""Crybaby Crying Again"" product series mentioned earlier in the stream."
popmart.uslocalshop, Toy & Handicraft,what are the other tiktok live accounts,0,"The user is likely asking about other TikTok live streams or accounts related to similar products, possibly seeking more shopping options or content."
popmart.uslocalshop, Toy & Handicraft,get better soon  you've been the sweetest,0,"The user is expressing warm encouragement and appreciation for the host Vanessa, wishing her a quick recovery while complimenting her kindness."
popmart.uslocalshop, Toy & Handicraft,Girl hydrate yourself,0,"The user is likely expressing concern for the host's well-being, suggesting they should stay hydrated like others have mentioned, possibly noticing the host seems tired or unwell."
popmart.uslocalshop, Toy & Handicraft,Jesus is lord repent,0,"The user is likely expressing a religious sentiment unrelated to the product discussion, possibly as a personal belief or spontaneous comment."
popmart.uslocalshop, Toy & Handicraft,Anymore 3nergy tonight?,1,"The user is likely asking if there will be more ""3nergy"" products available in tonight's直播."
popmart.uslocalshop, Toy & Handicraft,Can you clear out queen?,1,"The user is likely asking if the host can restock or show the ""queen"" product again, possibly referring to a sold-out or previously mentioned item in the live stream."
popmart.uslocalshop, Toy & Handicraft,Your braids are so cute,0,"The user is complimenting the host's hairstyle, likely showing admiration and engagement rather than direct purchase interest."
popmart.uslocalshop, Toy & Handicraft,Hi friends,0,The user is likely greeting the host or audience in a friendly manner without expressing direct purchase interest.
popmart.uslocalshop, Toy & Handicraft,Do you have anymore of the crybaby crying again series?,1,"The user is inquiring about the availability of more items from the ""crybaby crying again"" product series, showing specific interest in purchasing it."
popmart.uslocalshop, Toy & Handicraft,Please,0,"The user likely wants the host to demonstrate or explain something mentioned earlier, possibly about product usage or features."
popmart.uslocalshop, Toy & Handicraft,king?,1,"The user is likely asking if the host or a specific product (possibly named ""King"") is available or being featured next in the live stream."
popmart.uslocalshop, Toy & Handicraft,any coca cola plush?,1,The user is asking if the seller has any Coca-Cola-themed plush toys available for purchase.
popmart.uslocalshop, Toy & Handicraft,Show us lalabus,1,"The user is likely requesting to see products from the ""lalabus"" collection or brand during the live stream."
popmart.uslocalshop, Toy & Handicraft,Redeeming yourself,0,"The user likely means ""You're doing better now after a rough start"" to acknowledge the host's improved performance or mood."
popmart.uslocalshop, Toy & Handicraft,Thank you,0,"The user likely expresses gratitude for the host's efforts or information shared, possibly in response to a helpful answer or kind gesture during the live stream."
popmart.uslocalshop, Toy & Handicraft,queen!,1,"The user is likely expressing admiration or excitement towards the host, possibly referring to them as ""queen"" in a supportive or complimentary manner."
popmart.uslocalshop, Toy & Handicraft,free ship?,1,The user is likely inquiring if the product being discussed offers free shipping as part of the purchase.
popmart.uslocalshop, Toy & Handicraft,i have coca cola for sale,0,"The user is likely inquiring if the seller has Coca-Cola products available for purchase, possibly referring to a specific item like the plush mentioned earlier."
popmart.uslocalshop, Toy & Handicraft,What time?????,1,The user is likely asking about the scheduled time for a product restock or a specific segment mentioned earlier in the live stream.
popmart.uslocalshop, Toy & Handicraft,do you have free ship?,1,The user is inquiring if the store offers free shipping for their potential purchase.
popmart.uslocalshop, Toy & Handicraft,Can you clear out pending payments for queen?,0,"The user is likely asking if pending payments for an item named ""queen"" can be resolved or processed."
popmart.uslocalshop, Toy & Handicraft,I have Dada for sale ladies,0,"The user is likely advertising their own product (possibly ""Dada"" brand items) for sale to female viewers in the chat, similar to others promoting Coca-Cola merchandise earlier."
popmart.uslocalshop, Toy & Handicraft,i f0und you zim0m0?,0,"The user is likely asking if the seller has a specific product called ""zim0m0"" available for purchase."
popmart.uslocalshop, Toy & Handicraft,Ok thank you babes,0,"The user is politely thanking the host and showing appreciation, possibly in response to assistance or a positive interaction during the live stream."
popmart.uslocalshop, Toy & Handicraft,i love u queen vanessa,0,"The user is expressing admiration and support for the host Vanessa, likely in response to her appearance or actions during the live stream."
popmart.uslocalshop, Toy & Handicraft,Thank you  I got the Queen,1,"The user is confirming they successfully purchased or received the ""Queen"" item mentioned earlier in the chat, likely responding to a prior transaction clarification."
popmart.uslocalshop, Toy & Handicraft,Looks cool!,0,The user likely expresses admiration and potential interest in purchasing the showcased product.
popmart.uslocalshop, Toy & Handicraft,can u show kubo,1,"The user is likely asking the host to display or demonstrate a product named ""kubo"" during the live stream."
popmart.uslocalshop, Toy & Handicraft,wait guys can you see my comments?,0,The user is likely checking if their previous comments are visible to others in the chat due to potential technical issues or lack of responses.
popmart.uslocalshop, Toy & Handicraft,show us crybaby,0,"The user is likely requesting to see a product called ""crybaby"" being displayed in the直播, similar to how others asked to show ""lalabus"" and ""kubo""."
popmart.uslocalshop, Toy & Handicraft,Hi friends,0,"The user is likely greeting the streamer or audience casually, possibly to engage or check if their messages are visible."
popmart.uslocalshop, Toy & Handicraft,Any sonny angels?,1,The user is likely asking if the seller has Sonny Angels merchandise available for purchase during the live stream.
popmart.uslocalshop, Toy & Handicraft,So cute,0,The user likely finds the product adorable and is expressing admiration or potential interest in purchasing it.
popmart.uslocalshop, Toy & Handicraft,Going to bed! Hope you feel better soon Vanessa!!,0,"The user is expressing support for Vanessa while politely exiting the stream due to bedtime, showing care without purchase intent."
popmart.uslocalshop, Toy & Handicraft,Can you stop saying baby,0,"The user is likely annoyed by the frequent use of ""baby"" in the host's speech and wants them to stop saying it."
popmart.uslocalshop, Toy & Handicraft,Coca Cola plush pendant?,1,The user is likely asking if the Coca Cola plush pendant is available for purchase in the livestream.
popmart.uslocalshop, Toy & Handicraft,yay ok thank you guys,0,"The user is expressing gratitude and approval, likely in response to a positive interaction or helpful information provided by the hosts."
popmart.uslocalshop, Toy & Handicraft,any cry baby,0,"The user is likely asking if the host has or can showcase a ""crybaby"" product, possibly referencing a previous request to ""show us crybaby"" in the chat."
popmart.uslocalshop, Toy & Handicraft,which one is ur favorite vanessa?,1,The user is likely asking Vanessa to recommend or highlight her favorite product among the ones being shown in the livestream.
popmart.uslocalshop, Toy & Handicraft,Please,0,"The user is likely requesting the host to show or demonstrate a product they're interested in, possibly continuing the trend of asking about specific items like ""crybaby"" or ""Coca Cola plush."""
popmart.uslocalshop, Toy & Handicraft,These are so cute,0,"The user likely finds the showcased products adorable and is expressing genuine admiration, possibly indicating interest in purchasing them."
popmart.uslocalshop, Toy & Handicraft,Fall in wild??,0,"The user is likely asking if the product ""Fall in Wild"" is available or requesting to see it, possibly referring to a specific item mentioned earlier in the stream."
popmart.uslocalshop, Toy & Handicraft,kubo 3 and 30,0,"The user is likely asking if the ""Kubo 3"" product is available for $30 or inquiring about its price."
popmart.uslocalshop, Toy & Handicraft,You Are best host,0,"The user is complimenting the host's performance and expressing admiration, likely in response to the engaging and friendly atmosphere of the live stream."
popmart.uslocalshop, Toy & Handicraft,nooo dont stop,0,"The user is likely expressing excitement and urging the host to continue showcasing a product or segment they're enjoying, possibly related to ""Kubo"" or another mentioned item."
popmart.uslocalshop, Toy & Handicraft,I like be called baby,0,"The user likely enjoys affectionate nicknames and is playfully requesting to be called ""baby"" in a friendly or flirtatious manner."
popmart.uslocalshop, Toy & Handicraft,POPMART OFFICIAL! JOIN LUVKY BAG!,0,"The user is excitedly urging others to participate in a lucky bag event by POPMART, likely referencing a limited-time promotional offer mentioned earlier in the stream."
popmart.uslocalshop, Toy & Handicraft,Any BIE?,1,"The user is likely asking if the host has any ""BIE"" products available, possibly referring to a specific brand or item mentioned earlier in the chat."
popmart.uslocalshop, Toy & Handicraft,Winter Skullpanda,1,"The user is likely asking if the Winter Skullpanda product is available or expressing interest in purchasing it, given the context of discussing collectible figures and merchandise."
popmart.uslocalshop, Toy & Handicraft,DONT STOP SAYING BABY,0,"The user likely enjoys being called ""baby"" and is playfully encouraging the host to continue using the term despite others' objections."
popmart.uslocalshop, Toy & Handicraft,coca cola plush pendent ??,1,The user is likely asking if the Coca Cola plush pendant is available or being shown in the current live stream.
popmart.uslocalshop, Toy & Handicraft,Those are really nice,0,"The user likely expresses genuine admiration for the products shown, indicating potential purchase interest due to their positive emotional reaction."
popmart.uslocalshop, Toy & Handicraft,Check cart! Faster shipping from Cali,0,"The user is likely asking the host to check their cart and expedite the shipping process, possibly indicating they've made a purchase decision and want faster delivery from California."
popmart.uslocalshop, Toy & Handicraft,Mine is Aurora!!!!,0,"The user is likely expressing their favorite product (possibly ""Aurora"") in response to the host's earlier question about preferences, showing purchase interest with enthusiasm."
popmart.uslocalshop, Toy & Handicraft,Mulan or tiana?,1,"The user is likely asking the host to choose between two Disney princess-themed products, Mulan and Tiana, possibly inquiring about preferences or availability."
popmart.uslocalshop, Toy & Handicraft,Ariel,1,"The user is likely asking if a product named ""Ariel"" is available or expressing interest in an Ariel-themed item, possibly referencing Disney or a similar character."
popmart.uslocalshop, Toy & Handicraft,Ariel my favorite,0,"The user is expressing strong admiration for Ariel, likely referring to a product or character mentioned earlier, showing personal preference and enthusiasm."
popmart.uslocalshop, Toy & Handicraft,Mulan?,1,"The user is likely asking if the ""Mulan"" product is available or expressing interest in it compared to other mentioned items like ""Ariel"" or ""Tiana."""
popmart.uslocalshop, Toy & Handicraft,Aurora,0,"The user is likely expressing their favorite item, possibly referring to a product named ""Aurora"" mentioned earlier in the chat."
popmart.uslocalshop, Toy & Handicraft,Do u have any peach riot faries?,1,"The user is likely inquiring about the availability of a specific product (""peach riot faries"") in the collection, possibly a limited-edition or themed item similar to those mentioned in previous chats."
popmart.uslocalshop, Toy & Handicraft,Got one !!,0,"The user is excitedly confirming they've successfully purchased or acquired one of the discussed products, likely a Disney or pop culture item mentioned in prior messages."
popmart.uslocalshop, Toy & Handicraft,Little mermaid?,1,"The user is likely asking if the ""Little Mermaid"" product or merchandise is available, possibly referring to the character Ariel mentioned in previous chats."
popmart.uslocalshop, Toy & Handicraft,can we see ariel vanessa,1,"The user is asking to see products featuring the Disney princesses Ariel and Vanessa, likely referring to dolls or merchandise related to ""The Little Mermaid."""
popmart.uslocalshop, Toy & Handicraft,we have rapunzel and Aladdin and jasmin they are beautiful!,0,"The user is enthusiastically praising the available Disney princess dolls (Rapunzel, Aladdin, and Jasmine) and expressing admiration for their beauty."
popmart.uslocalshop, Toy & Handicraft,which one is the secret?,1,"The user is likely asking which specific item among the mentioned products (like Ariel, Mulan, or Aurora) is the hidden or special collectible in the lineup."
popmart.uslocalshop, Toy & Handicraft,Please,0,"The user is likely requesting to see or purchase a specific product, possibly related to Disney princesses like Ariel, based on the ongoing discussion about characters."
popmart.uslocalshop, Toy & Handicraft,I want Aladdin,1,"The user is likely expressing interest in purchasing the Aladdin product mentioned earlier, possibly comparing it with other Disney characters discussed in the chat."
popmart.uslocalshop, Toy & Handicraft,any bu bus?,1,"The user is likely asking if there are any Beauty and the Beast (Belle) items available, referencing previous Disney character discussions."
popmart.uslocalshop, Toy & Handicraft,Can I see Mulan,1,The user is likely asking to view or get more details about the Mulan product mentioned earlier in the chat.
popmart.uslocalshop, Toy & Handicraft,Omggg the books are so cute I might get one,1,"The user is expressing strong admiration for the books' cuteness and a high likelihood of purchasing one, influenced by others' positive reactions to similar products."
popmart.uslocalshop, Toy & Handicraft,Do they have Ariel,1,"The user is asking if the Ariel-themed product (likely from ""The Little Mermaid"") is available for purchase, showing interest in that specific item."
popmart.uslocalshop, Toy & Handicraft,what about ariel!,0,"The user is likely asking if the Ariel product is available or expressing interest in seeing/purchasing it, given the previous mentions of Ariel and other Disney items."
popmart.uslocalshop, Toy & Handicraft,what time does the live start  just for reference!!,0,"The user is likely asking about the live stream's starting time to ensure they don't miss the product discussion, possibly interested in purchasing items related to Disney princesses."
popmart.uslocalshop, Toy & Handicraft,Any teletubes plushies???,1,"The user is asking if the store sells teletubby plushies, likely seeking a specific product mentioned in the ongoing discussion about Disney and other character merchandise."
popmart.uslocalshop, Toy & Handicraft,I may get one for my niecee,1,"The user is considering purchasing an item (likely a Disney-themed product) as a gift for their niece, showing genuine interest based on the ongoing discussion about characters."
popmart.uslocalshop, Toy & Handicraft,Cuuuuute,1,"The user is expressing admiration for a cute item shown in the直播, likely considering purchasing it like others mentioned getting books or plushies."
popmart.uslocalshop, Toy & Handicraft,Princesssss,0,"The user is likely expressing excitement or asking about a ""Princess"" product, possibly referencing previous mentions of Disney princesses like Ariel or Rapunzel in the chat."
popmart.uslocalshop, Toy & Handicraft,How long does shipping take ?,1,The user is likely interested in purchasing and wants to know the delivery timeframe for their potential order.
popmart.uslocalshop, Toy & Handicraft,Ok Ty ty!!,0,"The user likely expresses gratitude and confirmation, possibly after receiving an answer or seeing a desired product mentioned earlier in the chat."
popmart.uslocalshop, Toy & Handicraft,Wait what did you say am so sorry?,0,The user likely missed a product detail and is apologetically asking for clarification on what was said earlier in the stream.
popmart.uslocalshop, Toy & Handicraft,Fall in wild ??,1,"The user is likely asking if the ""Fall in Wild"" collection or product is available, expressing curiosity or interest in purchasing it."
popmart.uslocalshop, Toy & Handicraft,What time will the popmart be live again?,1,"The user is asking when the PopMart product will be restocked or featured again in the live stream, showing interest in purchasing it."
popmart.uslocalshop, Toy & Handicraft,Need the BIE,1,"The user is likely asking if the BIE (possibly a product or character) is available in the current collection, similar to others' inquiries about specific items."
popmart.uslocalshop, Toy & Handicraft,When is later on?,1,The user is asking for clarification on the specific time of an upcoming event or product release mentioned earlier in the live stream.
popmart.uslocalshop, Toy & Handicraft,Cute stickers!,1,"The user is expressing admiration for the cute stickers and possibly showing interest in purchasing them, similar to others discussing cute items like books and plushies."
popmart.uslocalshop, Toy & Handicraft,Okay thank you,0,"The user likely acknowledges helpful information or assistance received, possibly regarding product details or timing, with polite gratitude."
popmart.uslocalshop, Toy & Handicraft,Any exciting Marconi,1,"The user is likely asking if there are any exciting Marconi products available, similar to others inquiring about specific items like Aladdin or Ariel."
popmart.uslocalshop, Toy & Handicraft,Hey do you guys have the twinkle twinkle pillow???,1,"The user is inquiring about the availability of the ""twinkle twinkle pillow,"" showing genuine interest in purchasing it during the live stream."
popmart.uslocalshop, Toy & Handicraft,Any lububus just joining,0,"The user is likely asking if there are any ""Lububus"" products available for purchase, similar to others inquiring about specific items in the chat."
popmart.uslocalshop, Toy & Handicraft,Mulan is sooooo cute,1,"The user is expressing admiration for the Mulan product, likely indicating interest in purchasing it, similar to others showing excitement over cute items."
popmart.uslocalshop, Toy & Handicraft,BE phone charms?,1,The user is likely inquiring if the BE phone charms are available for purchase in the current live sale.
popmart.uslocalshop, Toy & Handicraft,Omg Mulan is so cute!!,1,"The user is expressing strong admiration for the Mulan product, likely indicating a desire to purchase it based on the cute aesthetic mentioned in previous chats."
popmart.uslocalshop, Toy & Handicraft,Mulan looks so cutteee,1,"The user is expressing admiration for the Mulan product, likely indicating strong interest in purchasing it, given the repeated mentions of its cuteness in previous chats."
popmart.uslocalshop, Toy & Handicraft,do you have tiana?,1,"The user is likely inquiring about the availability of a product named ""Tiana,"" possibly a character-themed item similar to the ""Mulan"" and ""princess"" mentions in previous chats."
popmart.uslocalshop, Toy & Handicraft,POPMART OFFICIAL ! JOIN LUCKY BAG !,0,"The user is excitedly urging others to participate in the POPMART lucky bag event, likely due to the mentioned cute products like Mulan and phone charms."
popmart.uslocalshop, Toy & Handicraft,Can we see the Ariel?!,1,"The user is likely asking to view or get more details about a product named ""Ariel,"" possibly a Disney-themed item similar to the previously mentioned ""Mulan"" and ""Tiana."""
popmart.uslocalshop, Toy & Handicraft,"Hey sweetie,do you have the 400% Panda Molly?",1,"The user is inquiring about the availability of a specific Panda Molly product with a 400% size, showing clear purchase intent."
popmart.uslocalshop, Toy & Handicraft,Please let me know,0,"The user is likely requesting more details about a product's availability or features, possibly following up on earlier inquiries about specific items like Mulan or Panda Molly."
popmart.uslocalshop, Toy & Handicraft,Helloooo,0,The user is likely greeting the stream enthusiastically to engage with the host or community about the products being discussed.
popmart.uslocalshop, Toy & Handicraft,Do you have whole set of we are twinkle twinkle?,1,"The user is asking if the complete collection of the ""We Are Twinkle Twinkle"" series is available for purchase."
popmart.uslocalshop, Toy & Handicraft,Any crybaby sad club series,1,"The user is likely asking if the ""Crybaby Sad Club"" series of products is available in the current livestream."
popmart.uslocalshop, Toy & Handicraft,Any Dimoo plush?,1,The user is asking if the live stream has any Dimoo plush toys available for purchase.
popmart.uslocalshop, Toy & Handicraft,These are really cute,1,The user is expressing admiration for a product (likely Mulan or similar cute items) and showing potential interest in purchasing it.
popmart.uslocalshop, Toy & Handicraft,any skullpanda phone charm?,1,"The user is inquiring about the availability of a Skullpanda-themed phone charm, showing interest in purchasing it."
popmart.uslocalshop, Toy & Handicraft,Crybaby??,1,"The user is likely inquiring about the availability of the ""Crybaby"" product series mentioned earlier in the chat."
popmart.uslocalshop, Toy & Handicraft,Any ?,1,The user is likely asking if any specific product (possibly mentioned earlier or implied in the context) is available or being shown in the current live stream.
popmart.uslocalshop, Toy & Handicraft,any more queen?,1,"The user is likely asking if there are more ""Queen"" series products available, similar to how others inquired about specific collections like ""Mulan"" or ""Dimoo."""
popmart.uslocalshop, Toy & Handicraft,which is ur fav?,1,"The user is likely asking the host which product from the current collection is their personal favorite, showing interest in getting a recommendation."
popmart.uslocalshop, Toy & Handicraft,Do the figures come out or are they permanently attached?,1,The user is asking whether the figurines are detachable or fixed in place.
popmart.uslocalshop, Toy & Handicraft,Lychee berry,1,"The user is likely asking if the live stream has Lychee Berry merchandise available, similar to how others inquired about specific products like Mulan or Ariel."
popmart.uslocalshop, Toy & Handicraft,Crybaby says sold out??,1,"The user is expressing surprise and disappointment that the Crybaby item is already sold out, likely seeking confirmation or hoping for a restock."
popmart.uslocalshop, Toy & Handicraft,Do you have whole set of we are twinkle twinkle? I am not seeing it!,1,"The user is asking if the complete ""We Are Twinkle Twinkle"" collection is available for purchase since they can't find it in the current listings."
popmart.uslocalshop, Toy & Handicraft,Oooooo soo cuteee I love the nature colors,1,The user is expressing admiration for the product's natural color palette and showing potential interest in purchasing it.
popmart.uslocalshop, Toy & Handicraft,Any more crybaby plush?,1,"The user is inquiring if there are additional Crybaby plush toys available, likely expressing interest in purchasing more of the same series."
popmart.uslocalshop, Toy & Handicraft,Hello queen! Any fall in wild available today?,1,"The user is asking if the ""Fall in Wild"" series from the Queen collection is currently in stock during the live sale."
popmart.uslocalshop, Toy & Handicraft,YAY!! Got it!,0,"The user is excitedly confirming they successfully purchased an item they were interested in, likely a Crybaby plush or similar collectible mentioned in previous messages."
popmart.uslocalshop, Toy & Handicraft,Any fall in wild available?,1,"The user is asking if the ""Fall in Wild"" product is currently in stock during the live stream."
popmart.uslocalshop, Toy & Handicraft,Crybaby no free shipping? I thought I saw it waa free shipping earlier?,1,"The user is confused and disappointed about the shipping fee for the Crybaby item, believing it was previously advertised as free shipping."
popmart.uslocalshop, Toy & Handicraft,Do you guys have any Kenneth magic zodiac?,1,"The user is likely inquiring if the store carries any products from the Kenneth Magic Zodiac collection, showing genuine interest in purchasing."
popmart.uslocalshop, Toy & Handicraft,the art style of these are adorable,1,"The user is expressing admiration for the art style of the products, likely showing interest in purchasing or appreciating their aesthetic appeal."
popmart.uslocalshop, Toy & Handicraft,I just want to get one,0,"The user likely expresses a strong intention to purchase a specific item mentioned in previous chats, possibly one of the plush toys or collectibles that others were inquiring about."
popmart.uslocalshop, Toy & Handicraft,I love your hair!,0,"The user is expressing admiration for a product's appearance, likely referring to a doll or figure's hair design, showing potential interest in purchasing it."
popmart.uslocalshop, Toy & Handicraft,Teletubbies vibrancy?,1,"The user is likely asking if the Teletubbies-themed product has vibrant colors or a lively design, possibly comparing it to other colorful items mentioned in the chat."
popmart.uslocalshop, Toy & Handicraft,Fall in wild ever? They are sold out everywhere:((,0,"The user is expressing frustration that the ""Fall in Wild"" items are unavailable, likely due to high demand, and is seeking confirmation or hoping for a restock."
popmart.uslocalshop, Toy & Handicraft,will you have any more queen today?,1,The user is asking if the queen-themed item will be restocked or available again during the current live session.
popmart.uslocalshop, Toy & Handicraft,Queen,0,"The user is likely inquiring about the availability or details of a product named ""Queen,"" possibly a plush or collectible, based on previous mentions in the chat."
popmart.uslocalshop, Toy & Handicraft,Crybaby,0,"The user is likely inquiring about the availability or shipping details of the ""Crybaby"" product mentioned in previous messages."
popmart.uslocalshop, Toy & Handicraft,the nails are serving,0,"The user is expressing admiration for the nails, likely implying they look stylish and appealing in the current context."
popmart.uslocalshop, Toy & Handicraft,Please,0,"The user is likely requesting more information or availability of a product mentioned earlier, such as ""Crybaby"" or ""Queen,"" in a polite manner."
popmart.uslocalshop, Toy & Handicraft,Omgggg rapunzel is adorable,1,"The user is expressing strong admiration for the ""Rapunzel"" product, likely indicating a desire to purchase it due to its cuteness."
popmart.uslocalshop, Toy & Handicraft,Pucky Forest?,1,"The user is likely asking if the ""Pucky Forest"" product is available or inquiring about its details, similar to previous questions about other items in the livestream."
popmart.uslocalshop, Toy & Handicraft,Princess Tiana???,1,The user is likely asking if the Princess Tiana product is available or expressing excitement about seeing it in the stream.
popmart.uslocalshop, Toy & Handicraft,Disney Dimoo plush?,1,The user is likely inquiring about the availability of a Disney Dimoo plush toy in the current live sale.
popmart.uslocalshop, Toy & Handicraft,Dimoo vinyl?,1,"The user is likely inquiring about the availability of a Dimoo vinyl figure, showing interest in purchasing it."
popmart.uslocalshop, Toy & Handicraft,snow white is so cute,0,"The user is expressing admiration for a ""snow white"" themed product, likely Disney merchandise, showing potential purchase interest similar to other Disney/Dimoo items discussed in the chat."
popmart.uslocalshop, Toy & Handicraft,Their so cute !,0,"The user is expressing admiration for the products, likely referring to their cuteness, and may be considering a purchase based on the positive tone."
popmart.uslocalshop, Toy & Handicraft,Any Hacipupu plush bags?,1,The user is asking if the Hacipupu plush bags are available for purchase in the current live sale.
popmart.uslocalshop, Toy & Handicraft,Teletubbies vibrancy?,1,"The user is likely asking if the product has the same bright and playful colors as the Teletubbies, expressing curiosity about its visual appeal."
popmart.uslocalshop, Toy & Handicraft,Can you show the light sprite series,1,"The user is likely asking to see the ""light sprite series"" products displayed in the livestream, expressing specific interest in that collection."
popmart.uslocalshop, Toy & Handicraft,Any crybabies?,1,"The user is likely asking if the ""Crybaby"" merchandise mentioned earlier is still available or will be restocked soon."
popmart.uslocalshop, Toy & Handicraft,Dimoo Disney plushies ?,1,"The user is inquiring about the availability of Disney-themed Dimoo plush toys, showing clear purchase interest in this specific product line."
popmart.uslocalshop, Toy & Handicraft,I have both and there soo perfectly made,0,"The user is expressing satisfaction with their purchase of the mentioned products, likely Disney or plush items, praising their perfect quality and craftsmanship."
popmart.uslocalshop, Toy & Handicraft,do you have sample of peach riot rush hour barista ??,1,"The user is asking if the seller offers a sample of the ""Peach Riot Rush Hour Barista"" product, likely out of interest in trying or purchasing it."
popmart.uslocalshop, Toy & Handicraft,Same here,0,"The user likely agrees with a previous comment about a product's cuteness or quality, implying shared interest or ownership."
popmart.uslocalshop, Toy & Handicraft,Not responding.. Bye!!,0,"The user is expressing frustration or disinterest due to lack of response about Disney/Dimoo products, implying they're leaving the live stream."
popmart.uslocalshop, Toy & Handicraft,Hi baby,0,"The user is likely asking if the ""Crybaby"" product is available, referencing earlier mentions of similar items like Disney plushies and Hacipupu bags."
popmart.uslocalshop, Toy & Handicraft,Teletubbies vibrancy??,0,The user is likely asking if the Teletubbies-themed products shown in the livestream come in vibrant colors or have a colorful aesthetic.
popmart.uslocalshop, Toy & Handicraft,BIE SET,1,"The user likely means ""Don't stop (showing Disney/Dimoo products)"" as they're inquiring about plushies and vinyls amidst Disney-themed chatter."
popmart.uslocalshop, Toy & Handicraft,can you show phone charms,1,"The user is requesting a demonstration of phone charm accessories, likely seeking to see specific designs or collections mentioned in previous chats like Disney or Dimoo series."
popmart.uslocalshop, Toy & Handicraft,pleasee,0,"The user likely meant to say ""please"" and is politely asking for more information or a specific product to be shown."
popmart.uslocalshop, Toy & Handicraft,you are doing amazing vanessa,0,"The user is complimenting Vanessa's performance as a host, likely responding positively to her engagement with Disney/plushie-related product discussions in the chat."
popmart.uslocalshop, Toy & Handicraft,Can you check another round of queen?,1,"The user is likely asking the host to showcase another round of the ""queen"" themed product (possibly Disney Queen characters) that was previously mentioned in the chat."
popmart.uslocalshop, Toy & Handicraft,I love your outfit today your so pretty,0,"The user is complimenting the host's appearance and outfit without showing direct purchase interest, likely engaging socially rather than seeking product information."
popmart.uslocalshop, Toy & Handicraft,hi vanessa,0,"The user is likely greeting the host Vanessa casually, possibly to ask a question or show support, similar to others engaging with her directly."
popmart.uslocalshop, Toy & Handicraft,Do you have any samples of the lite sprite series,1,"The user is inquiring about the availability of demo products from the Lite Sprite series, likely seeking a closer look before purchasing."
popmart.uslocalshop, Toy & Handicraft,Do you have any HAS ?,1,"The user is likely asking if the seller carries any products from the HAS brand or collection, possibly referring to a plushie or toy line mentioned earlier."
popmart.uslocalshop, Toy & Handicraft,Hi friend,0,"The user is likely greeting the host casually to initiate interaction or show friendliness, similar to previous greetings like ""Hi baby"" and ""hi vanessa."""
popmart.uslocalshop, Toy & Handicraft,thanks for working hard vanessa,0,"The user is expressing appreciation for Vanessa's effort in hosting the live stream, likely in response to her attentive product demonstrations and friendly engagement with viewers."
popmart.uslocalshop, Toy & Handicraft,PLEASE,0,"The user is likely requesting the host to showcase or explain a product, possibly echoing previous inquiries about items like the light sprite series or phone charms."
popmart.uslocalshop, Toy & Handicraft,pefect for pride month! 1 more month,0,The user is expressing enthusiasm about the product being ideal for Pride Month and noting there's still one month left to celebrate.
popmart.uslocalshop, Toy & Handicraft,Hi hi! Any Hacipupu Constellation?,1,"The user is likely inquiring about the availability of a specific Hacipupu constellation-themed product, showing genuine interest in purchasing it."
popmart.uslocalshop, Toy & Handicraft,Any pucky forest part pendants,1,The user is likely asking if the live stream has any Pucky Forest series pendant accessories available for purchase.
popmart.uslocalshop, Toy & Handicraft,Any,0,"The user is likely asking if the product ""Any"" is available or requesting to see it, similar to previous inquiries about other items in the stream."
popmart.uslocalshop, Toy & Handicraft,Check make?,1,The user is likely asking if the host can check the availability or details of a makeup product mentioned earlier in the stream.
popmart.uslocalshop, Toy & Handicraft,Can you please check another round of queen?,1,"The user is likely asking the host to showcase or review another selection of the ""queen"" product again for potential purchase."
popmart.uslocalshop, Toy & Handicraft,Super cutesy,1,The user likely finds the product adorable and is expressing enthusiastic admiration for its cute design.
popmart.uslocalshop, Toy & Handicraft,how much for cry baby,1,"The user is likely inquiring about the price of a ""Cry Baby"" product, possibly a collectible or merchandise, based on the context of other product-related questions in the chat."
popmart.uslocalshop, Toy & Handicraft,Anymore Disney dimoo plush?,1,The user is asking if there are any remaining Disney Dimoo plush toys available for purchase.
popmart.uslocalshop, Toy & Handicraft,Teletubbies vibrancy??,1,The user is likely asking if the product has a playful and colorful design similar to Teletubbies.
popmart.uslocalshop, Toy & Handicraft,BE phone charm?,1,The user is likely asking if the BE brand phone charm is available in the current product lineup.
popmart.uslocalshop, Toy & Handicraft,Cry baby powerpuff girl pendant please,1,"The user is requesting to check if the ""Cry Baby Powerpuff Girl"" pendant is available for purchase in the current livestream."
popmart.uslocalshop, Toy & Handicraft,Omggg girl you have to give us a makeup tutorial,0,"The user is enthusiastically requesting a makeup tutorial from the host, likely inspired by the host's appearance or products being shown."
popmart.uslocalshop, Toy & Handicraft,Cry baby AirPods case?,1,"The user is likely inquiring about the availability or details of a ""Cry Baby"" themed AirPods case, possibly matching the mentioned pendant."
popmart.uslocalshop, Toy & Handicraft,Do you have any HAS left ?,1,"The user is inquiring about the availability of the HAS product, likely a specific item mentioned earlier in the chat."
popmart.uslocalshop, Toy & Handicraft,Any surprise for me,1,"The user is likely asking if there are any special offers, gifts, or exclusive items available for them during the live stream."
popmart.uslocalshop, Toy & Handicraft,Fall In Wild,0,"The user is likely inquiring about the availability of a product named ""Fall In Wild,"" possibly a themed accessory or collection, similar to other specific item requests in the chat."
popmart.uslocalshop, Toy & Handicraft,thank you so much vanessa,0,"The user is expressing gratitude to Vanessa, likely for answering a question or showcasing a product, aligning with others' appreciative or inquiry-focused messages in the chat."
popmart.uslocalshop, Toy & Handicraft,Please let me know,0,"The user is likely requesting information about a product's availability or details, similar to others asking about specific items in the chat."
popmart.uslocalshop, Toy & Handicraft,BIE?,1,"The user is likely asking if a specific product (possibly ""BIE"" brand/item) is available, similar to previous inquiries about other merchandise."
popmart.uslocalshop, Toy & Handicraft,Thank you!!! :)),0,"The user is expressing gratitude, likely in response to the host addressing their request or providing helpful information during the live stream."
popmart.uslocalshop, Toy & Handicraft,Thank you,0,"The user is likely expressing gratitude, possibly in response to the host's assistance or information provided during the live stream."
popmart.uslocalshop, Toy & Handicraft,Scary crybaby,1,"The user is likely expressing enthusiasm for the ""crybaby"" merchandise while playfully noting its slightly spooky aesthetic."
popmart.uslocalshop, Toy & Handicraft,Do you guys have light sprite chaka,1,"The user is asking if the seller offers a ""Light Sprite Chaka"" product, likely a collectible or accessory, based on the context of similar item inquiries in the chat."
popmart.uslocalshop, Toy & Handicraft,Got one so cute!,1,"The user is excitedly confirming their purchase of a cute item, likely related to the ""cry baby"" or ""Disney dimoo"" products mentioned earlier in the chat."
popmart.uslocalshop, Toy & Handicraft,Fall in wild,1,"The user is likely inquiring about the availability or details of a product named ""Fall in wild,"" similar to how others asked about items like ""Cry baby"" or ""Disney dimoo plush."""
popmart.uslocalshop, Toy & Handicraft,can you show phone charms,1,The user is asking if the host can display or demonstrate the available phone charm accessories during the live stream.
popmart.uslocalshop, Toy & Handicraft,Got one too,1,"The user is expressing that they also purchased the same item as someone else, likely referring to a product mentioned earlier like the Cry Baby or Fall In Wild merchandise."
popmart.uslocalshop, Toy & Handicraft,Do you guys have any light sprite chaka,1,"The user is inquiring about the availability of a ""light sprite chaka"" product, likely a collectible or accessory, based on previous mentions of similar items in the chat."
popmart.uslocalshop, Toy & Handicraft,bie please,1,"The user is likely asking if the ""BIE"" product (possibly a phone charm or accessory mentioned earlier) is available for purchase."
popmart.uslocalshop, Toy & Handicraft,Fall in wild please?,1,"The user is likely asking if the product ""Fall in Wild"" is available for purchase or requesting more details about it."
popmart.uslocalshop, Toy & Handicraft,Shut up laude o,0,"The user is likely expressing playful frustration or impatience, possibly urging the host to stop talking and showcase products like others are requesting."
popmart.uslocalshop, Toy & Handicraft,Any teletubes plushies???,1,The user is asking if the live stream has any teletube plush toys available for purchase.
popmart.uslocalshop, Toy & Handicraft,Any maracons?,1,"The user is likely asking if the live stream offers any macarons for sale, showing interest in purchasing the product."
popmart.uslocalshop, Toy & Handicraft,When does live end?,0,The user is likely asking about the remaining duration of the live stream to decide whether to continue watching or make a purchase.
popmart.uslocalshop, Toy & Handicraft,Please,0,"The user is likely requesting more information or a specific product, possibly echoing previous inquiries about items like ""light sprite chaka"" or ""teletubes plushies."""
popmart.uslocalshop, Toy & Handicraft,Okay thank you!,0,"The user likely expresses polite gratitude after receiving a response or seeing a requested product, possibly concluding their interaction with the stream."
popmart.uslocalshop, Toy & Handicraft,OH WHO IS YOU,0,The user is likely asking about the identity or role of a person (possibly Vanessa) mentioned earlier in the chat.
popmart.uslocalshop, Toy & Handicraft,Ahh I love Peach Riot,1,"The user is enthusiastically expressing admiration for the product ""Peach Riot"" and likely intends to purchase it."
popmart.uslocalshop, Toy & Handicraft,Thank you!,0,The user likely expresses gratitude for receiving helpful information or a positive interaction in the live stream.
popmart.uslocalshop, Toy & Handicraft,BIE,0,"The user is likely requesting the host to showcase or restock the ""BIE"" product, echoing similar product inquiries in previous messages."
popmart.uslocalshop, Toy & Handicraft,Check cart! Faster shipping from Cali,0,"The user is likely excited about their purchase and urging the seller to quickly ship the item from California, possibly referencing a previous cart addition."
popmart.uslocalshop, Toy & Handicraft,Bie,0,"The user is likely requesting the host to showcase or restock the product ""Bie,"" echoing previous mentions of it in the chat."
popmart.uslocalshop, Toy & Handicraft,at what time does she get off live in central time?,0,The user is asking about the live stream's ending time in Central Time zone to plan their viewing or potential purchase before it concludes.
popmart.uslocalshop, Toy & Handicraft,Im going to miss these lives if tiktok goes away again,0,"The user is expressing concern about missing future live streams if TikTok gets banned, showing attachment to the content and a desire to continue watching."
popmart.uslocalshop, Toy & Handicraft,Can you show the samples of Chaka?,1,"The user is asking to see product examples of Chaka items, likely seeking a visual demonstration before making a purchase decision."
popmart.uslocalshop, Toy & Handicraft,can you show phone charms next,1,"The user is politely requesting to see phone charm products next in the stream, likely reiterating an earlier unanswered query about merchandise."
popmart.uslocalshop, Toy & Handicraft,LIVE ENDS IN 1 HOUR,0,"The user is likely reminding others of the limited time left to make purchases before the live ends, possibly to prompt quick decisions or checkouts."
popmart.uslocalshop, Toy & Handicraft,Sorry for saying shut up to the girl lsidro,0,"The user is apologizing for previously telling someone named ""lsidro"" to be quiet during the live stream."
popmart.uslocalshop, Toy & Handicraft,I love your makeup,0,"The user is expressing admiration for the makeup being showcased, likely indicating interest in purchasing or learning more about the products."
popmart.uslocalshop, Toy & Handicraft,Did I miss the bubus?,0,"The user is likely asking if they missed the opportunity to purchase or see a product called ""bubus"" during the live stream."
popmart.uslocalshop, Toy & Handicraft,Have a set?,1,The user is likely inquiring if a specific product set is available for purchase during the live stream.
popmart.uslocalshop, Toy & Handicraft,1 hour left..........,0,"The user is likely expressing urgency or reminding others that the live session will end soon, possibly to prompt quicker purchases or engagement."
popmart.uslocalshop, Toy & Handicraft,so cutee,0,"The user is expressing admiration for a product or item shown in the直播, likely finding it adorable or appealing."
popmart.uslocalshop, Toy & Handicraft,hey,0,"The user is likely trying to get the host's attention casually, possibly to ask a question or express interest in a product."
popmart.uslocalshop, Toy & Handicraft,Will labuvu come?,0,"The user is likely asking if a specific product (possibly ""labuvu"") will be featured or restocked in the ongoing live session."
popmart.uslocalshop, Toy & Handicraft,so cuteee i want frankie as the barista,0,"The user expresses strong admiration for the product ""Frankie"" and clearly indicates a desire to purchase it, likely referring to a barista-themed item."
popmart.uslocalshop, Toy & Handicraft,pop bean phone charms,1,"The user is requesting to see the pop bean phone charms showcased next, likely responding to a prior mention of displaying phone charms."
popmart.uslocalshop, Toy & Handicraft,Those are so cool,0,"The user is expressing strong admiration for the product being shown, likely indicating a desire to purchase it."
popmart.uslocalshop, Toy & Handicraft,what does the secret look like??,1,"The user is likely asking for a visual demonstration or description of a product referred to as ""the secret"" that was mentioned earlier in the live stream."
popmart.uslocalshop, Toy & Handicraft,How tall are these?,1,The user is likely asking about the height of a product being shown to consider its suitability before purchasing.
popmart.uslocalshop, Toy & Handicraft,the secret is the streamer!!,0,"The user is playfully suggesting that the streamer's charm or personality is the key attraction (the ""secret"") behind the product's appeal or the livestream's success."
popmart.uslocalshop, Toy & Handicraft,The pink one is so cute,1,The user is expressing admiration for the pink item and likely showing interest in purchasing it.
popmart.uslocalshop, Toy & Handicraft,BIE?????,1,"The user is likely asking for clarification or expressing confusion about something mentioned earlier, possibly regarding a product or detail in the stream."
popmart.uslocalshop, Toy & Handicraft,Why dont yall ship out to North Carolina???,0,The user is expressing frustration about the lack of shipping availability to their location (North Carolina) and likely wants to purchase the featured products.
popmart.uslocalshop, Toy & Handicraft,vanessa do you still have take a seat?,0,"The user is likely asking Vanessa if the ""Take a Seat"" product is still available for purchase."
popmart.uslocalshop, Toy & Handicraft,Can you please show the smaller roly poly figures?,1,"The user is politely requesting a demonstration of the smaller-sized roly poly figures, indicating genuine interest in purchasing that specific product variant."
popmart.uslocalshop, Toy & Handicraft,That you for pinning it for me!,0,The user is expressing gratitude to the host for highlighting a product they were interested in during the live stream.
popmart.uslocalshop, Toy & Handicraft,Lychee,1,The user is likely asking if the lychee-themed product is available or expressing interest in purchasing it.
popmart.uslocalshop, Toy & Handicraft,I LOVE THOSE,1,"The user is expressing strong admiration for a recently mentioned product, likely the pink one or the roly poly figures, indicating potential purchase interest."
popmart.uslocalshop, Toy & Handicraft,Thank you so much!,0,The user is likely expressing gratitude for receiving helpful information or a pinned comment about a product they were interested in.
popmart.uslocalshop, Toy & Handicraft,How do you tie them to the bag?,1,The user is asking for instructions on how to attach the mentioned items (likely charms or accessories) to their bag.
popmart.uslocalshop, Toy & Handicraft,Crybaby plush pendant?,1,"The user is likely asking if the ""Crybaby plush pendant"" is available for purchase or requesting more details about it."
popmart.uslocalshop, Toy & Handicraft,so cute!,0,"The user is expressing admiration for a cute product shown in the stream, likely similar to the pink item or plush mentioned earlier."
popmart.uslocalshop, Toy & Handicraft,Maneki neko is the cutest,0,"The user is expressing admiration for the maneki neko product, likely indicating interest in purchasing it due to its cuteness, similar to others praising cute items in the chat."
popmart.uslocalshop, Toy & Handicraft,Do you guys have Kubo 24/7?,1,"The user is likely inquiring about the availability of a ""Kubo 24/7"" product, possibly a plush or accessory, based on the context of discussing cute merchandise in the chat."
popmart.uslocalshop, Toy & Handicraft,Hey,0,"The user is likely greeting the streamer or trying to get their attention in a casual, friendly manner."
popmart.uslocalshop, Toy & Handicraft,Ommgggg there so cute the white one matches your shirt,0,The user is excitedly expressing admiration for the white item's cuteness and how well it complements the streamer's outfit.
popmart.uslocalshop, Toy & Handicraft,Check cart! Faster shipping from Cali,0,"The user is likely urging the seller to confirm their cart items and requesting expedited shipping from California, possibly due to prior shipping delays mentioned."
popmart.uslocalshop, Toy & Handicraft,awweee,0,"The user likely finds something adorable and is expressing affectionate excitement, similar to ""so cute!"" or ""Ommgggg"" in previous messages."
popmart.uslocalshop, Toy & Handicraft,i got one earlier tonight! I hope it gets here fast!,0,The user is excited about their recent purchase and eagerly anticipating its quick delivery.
popmart.uslocalshop, Toy & Handicraft,Tabby,1,"The user is likely asking about the availability or details of a ""Tabby"" product, possibly a cat-themed item, based on the context of cute and plush items being discussed."
popmart.uslocalshop, Toy & Handicraft,Baby your shop is taking all my money,0,The user is playfully expressing how much they love the products and can't resist spending money at the shop due to the appealing items shown.
popmart.uslocalshop, Toy & Handicraft,Lucky cat its cute,1,"The user is expressing admiration for the lucky cat item, likely indicating interest in purchasing it due to its cuteness."
popmart.uslocalshop, Toy & Handicraft,Adorable,0,"The user likely finds the product charming and is expressing admiration or interest in purchasing it, influenced by the overall positive and cute-themed tone of previous messages."
popmart.uslocalshop, Toy & Handicraft,The pink one is adorable !,1,"The user is expressing strong admiration for the pink item, likely indicating a desire to purchase it due to its appealing appearance."
popmart.uslocalshop, Toy & Handicraft,Do you hit the pucky?,1,"The user is likely asking if the product (possibly a lucky cat or plush) comes with a ""pucky"" (a typo or slang for ""lucky"") charm or feature."
popmart.uslocalshop, Toy & Handicraft,Váyanse todos a la verga déjenme agarrar uno,0,"The user is likely expressing frustration and urgency to purchase, implying ""Hurry up and let me get one before they sell out!"" in a competitive shopping context."
popmart.uslocalshop, Toy & Handicraft,Yesssss,0,"The user is enthusiastically agreeing or showing excitement about a product, likely influenced by others' positive reactions to cute or adorable items in the chat."
popmart.uslocalshop, Toy & Handicraft,exciting please,0,"The user is expressing enthusiastic interest in the product, likely reacting to its appealing features shown in the stream."
popmart.uslocalshop, Toy & Handicraft,vanessa do u have a tiktok,0,"The user is likely asking if the host has a TikTok account to follow for more content, showing interest in staying connected beyond the live stream."
popmart.uslocalshop, Toy & Handicraft,Exciting,0,The user is expressing enthusiasm and positive excitement about the products being shown in the live stream.
popmart.uslocalshop, Toy & Handicraft,mcrooon?,0,"The user is likely asking if the product ""mcrooon"" is available or expressing interest in it, possibly referring to a cute or plush item based on the context."
popmart.uslocalshop, Toy & Handicraft,Powerpuff girls phone chain?,1,The user is likely asking if the phone charm featuring the Powerpuff Girls is available for purchase in the shop.
popmart.uslocalshop, Toy & Handicraft,Stop sharing the live!!!!!!,0,The user likely wants others to stop spreading the live stream link to prevent overcrowding or competition for limited products.
popmart.uslocalshop, Toy & Handicraft,I got a case todaaaay,0,The user is excitedly sharing that they purchased a product (likely the same item discussed in previous messages) earlier today.
popmart.uslocalshop, Toy & Handicraft,MOLLYYYYY,0,"The user is likely expressing excitement or admiration for a product named ""Molly,"" possibly a cute item like others mentioned in the chat."
popmart.uslocalshop, Toy & Handicraft,Which factory do you ship from?,0,"The user is likely inquiring about the product's origin to assess shipping time or quality, showing genuine interest in purchasing."
popmart.uslocalshop, Toy & Handicraft,We jumped from the other channel,0,"The user is indicating they switched to this live stream from another seller's channel, likely comparing products or deals between the two."
popmart.uslocalshop, Toy & Handicraft,Exciting ?,0,"The user is likely expressing enthusiasm or curiosity about a product mentioned earlier, possibly echoing others' excitement over an item like the ""lucky cat"" or ""pink one."""
popmart.uslocalshop, Toy & Handicraft,Open helmet,0,"The user is likely asking if the live stream is selling or featuring an open-face helmet, showing interest in purchasing one."
popmart.uslocalshop, Toy & Handicraft,llevo todo el día,0,"The user likely means ""I've been here all day (waiting to buy something)."" The Spanish phrase suggests enthusiastic engagement with the live stream."
popmart.uslocalshop, Toy & Handicraft,Open?,0,"The user is likely asking if the shop or a specific product is now available for purchase, expressing eagerness to buy."
popmart.uslocalshop, Toy & Handicraft,You guys dripping the bie?,0,"The user is likely asking if the hosts or products are stylish or impressive, possibly referencing a trendy or high-quality item in the直播."
popmart.uslocalshop, Toy & Handicraft,exciting pleaseee,0,The user is enthusiastically expressing their excitement and eagerness for the product or content being shown in the livestream.
popmart.uslocalshop, Toy & Handicraft,"Exciting, I beg",0,"The user is likely expressing strong enthusiasm and eagerness to purchase, possibly responding to a product reveal or promotion mentioned in the stream."
popmart.uslocalshop, Toy & Handicraft,I need BIE,1,"The user is likely asking if the product ""BIE"" is available or being offered in the current live sale."
popmart.uslocalshop, Toy & Handicraft,dejen de compartir chismosos,0,The user is frustrated and telling gossipy viewers to stop sharing the live stream so genuine buyers can participate.
popmart.uslocalshop, Toy & Handicraft,Guys stay quiet,0,The user is likely urging others to stop spamming or sharing the live excessively so they can focus on the product details.
popmart.uslocalshop, Toy & Handicraft,YESS,0,"The user is likely expressing enthusiastic agreement or excitement about a product or announcement mentioned earlier, possibly related to ""BIE"" or another trending item in the chat."
popmart.uslocalshop, Toy & Handicraft,They are doing exciting on the other live !!!,0,The user is excitedly comparing the current livestream to another more entertaining one they just switched from.
popmart.uslocalshop, Toy & Handicraft,Any BIE phone chargers/charms?,1,The user is inquiring if the BIE brand phone chargers or charms are available for purchase in the current live session.
popmart.uslocalshop, Toy & Handicraft,Exciting pleaseeee,0,"The user is eagerly requesting the ""Exciting"" product mentioned in previous chats, likely a limited-edition item being promoted in the live stream."
popmart.uslocalshop, Toy & Handicraft,exciting plz,1,"The user is eagerly requesting the product ""Exciting"" to be showcased or made available for purchase, influenced by others' similar demands in the chat."
popmart.uslocalshop, Toy & Handicraft,Noo seat,0,"The user likely means ""No seat available (for the exciting product drop)"" or is reacting to missing out on a limited item, referencing the hype around ""exciting"" in prior messages."
popmart.uslocalshop, Toy & Handicraft,Vanessa can u do it fast,0,"The user is likely urging Vanessa to quickly showcase or proceed with the ""exciting"" product (possibly ""BIE"") that others are eagerly requesting in the chat."
popmart.uslocalshop, Toy & Handicraft,Queen?,1,"The user is likely asking if the product being discussed is the ""Queen"" model or variant, possibly referring to a specific item mentioned earlier in the stream."
popmart.uslocalshop, Toy & Handicraft,Will u have Take a seat?,1,"The user is likely asking if the product ""Take a seat"" will be available for purchase during the livestream."
popmart.uslocalshop, Toy & Handicraft,They share themselves,0,"The user likely means ""They are showcasing their products personally"" or ""They are demonstrating the items themselves,"" indicating interest in the hosts' live product presentation."
popmart.uslocalshop, Toy & Handicraft,Its sold out su,0,"The user is expressing disappointment that the product they wanted (likely ""BIE"" or ""Exciting"") is no longer available for purchase."
popmart.uslocalshop, Toy & Handicraft,What faco,1,"The user is likely asking about the availability or details of a product named ""Faco"" in a hurried or excited manner, possibly influenced by the fast-paced and product-focused chat context."
popmart.uslocalshop, Toy & Handicraft,DONT SPAM,0,"The user is likely urging others to stop flooding the chat with repetitive requests (like ""exciting"" or ""BIE"") to maintain order in the conversation."
popmart.uslocalshop, Toy & Handicraft,Can you do exciting,0,"The user is likely asking if the host can showcase or demonstrate the ""exciting"" product (possibly BIE brand) that others have mentioned in previous chats."
popmart.uslocalshop, Toy & Handicraft,The views were just at 1.5,0,The user is likely expressing surprise or concern about the sudden drop in viewership from a higher number to 1.5 (possibly million or thousand).
popmart.uslocalshop, Toy & Handicraft,SOLD OUT??,0,"The user is expressing surprise or frustration, questioning if the product they're interested in is already sold out based on previous mentions of items being unavailable."
popmart.uslocalshop, Toy & Handicraft,Awww,0,"The user likely expresses disappointment or frustration, possibly reacting to a sold-out product or delayed action mentioned in prior chatter."
popmart.uslocalshop, Toy & Handicraft,Omg,0,"The user is likely expressing surprise or excitement about a product or event mentioned in the live stream, possibly reacting to something being sold out or a sudden change."
popmart.uslocalshop, Toy & Handicraft,Can I see 32? :),1,The user is politely asking to view product size or option 32 with a friendly tone.
popmart.uslocalshop, Toy & Handicraft,Exciting not seat,0,"The user likely means: ""I want to see the 'Exciting' product feature, not the 'Take a seat' segment."""
popmart.uslocalshop, Toy & Handicraft,Stop sharing so you get a better chance,0,The user is urging others to stop spamming the chat so they can have a better opportunity to get the item being promoted.
popmart.uslocalshop, Toy & Handicraft,what number is the have a seay,0,"The user likely meant to ask ""Which number is the 'Take a seat' product?"" referring to an item mentioned earlier in the chat."
popmart.uslocalshop, Toy & Handicraft,DONT SHARE,0,"The user likely means ""Stop sharing the product links so others don't buy it before me."""
popmart.uslocalshop, Toy & Handicraft,ITS SOLD OUT GUYS,0,"The user is expressing disappointment or surprise that the product is no longer available, likely reacting to others' comments about it being sold out."
popmart.uslocalshop, Toy & Handicraft,give us a chance,0,"The user is likely requesting an opportunity to participate or purchase, possibly feeling excluded due to items selling out quickly in the fast-paced chat."
popmart.uslocalshop, Toy & Handicraft,please do it now,0,"The user is likely urging the host to quickly proceed with the current offer or action, possibly due to impatience or fear of missing out."
popmart.uslocalshop, Toy & Handicraft,Haha,0,The user likely found something amusing or lighthearted in the chaotic and fast-paced chat about sold-out items and requests.
popmart.uslocalshop, Toy & Handicraft,Exciting pleaeee,0,"The user is likely urging the host to proceed with the exciting activity or product showcase they previously mentioned, possibly with a playful typo for emphasis."
popmart.uslocalshop, Toy & Handicraft,Bie in other channel,0,"The user likely means ""Don't share this product in other channels (so we have a better chance to buy it here)."""
popmart.uslocalshop, Toy & Handicraft,So cute,0,"The user likely finds the product adorable and is expressing genuine interest or admiration, possibly reacting to a cute item being showcased."
popmart.uslocalshop, Toy & Handicraft,Any the monster plush left?,1,"The user is likely asking if there are any remaining monster plush toys available, showing purchase interest amid concerns about items selling out."
popmart.uslocalshop, Toy & Handicraft,Dejen de estar compartiendo,0,The user is likely urging others to stop sharing the live stream to increase their own chances of getting the sold-out items.
popmart.uslocalshop, Toy & Handicraft,Stop sharing,0,The user likely wants others to stop sharing the live stream to increase their own chances of getting limited-stock items.
popmart.uslocalshop, Toy & Handicraft,Because yall be spamming for no reason,0,The user is frustrated with others flooding the chat with irrelevant messages instead of focusing on the actual products.
popmart.uslocalshop, Toy & Handicraft,Exciting pleaeeee,0,"The user is likely expressing enthusiastic excitement and eagerness to purchase, possibly reacting to limited stock or high demand mentioned in prior messages."
popmart.uslocalshop, Toy & Handicraft,What time for seat,0,"The user is likely asking about the availability or timing for purchasing a seat (possibly a product named ""seat""), given the context of limited stock and high demand in the chat."
popmart.uslocalshop, Toy & Handicraft,Any Pucky beanies,1,The user is likely inquiring about the availability of Pucky-branded beanies in the current sale.
popmart.uslocalshop, Toy & Handicraft,Ugh,0,"The user is likely expressing frustration or annoyance, possibly due to the chaotic chat, sold-out items, or excessive sharing behavior mentioned in previous messages."
popmart.uslocalshop, Toy & Handicraft,Why do so many people join,0,"The user is likely questioning the high participation rate, possibly out of frustration or curiosity about the popularity of the event."
popmart.uslocalshop, Toy & Handicraft,jumped like crazy wow,0,"The user is expressing enthusiastic excitement about the product, likely reacting to its appeal or limited availability, similar to others in the chat."
popmart.uslocalshop, Toy & Handicraft,Su!!! Guys,0,"The user is likely expressing excitement and urging others to act quickly, possibly to secure a limited item before it sells out."
popmart.uslocalshop, Toy & Handicraft,No free shipping?,0,"The user is likely asking if the product comes with free shipping, showing interest in purchasing but concerned about additional costs."
popmart.uslocalshop, Toy & Handicraft,Manager pleaseeeee,0,"The user is urgently requesting the manager to address an issue, likely related to items being sold out or sharing problems, based on the frustrated tone in previous messages."
popmart.uslocalshop, Toy & Handicraft,Any exciting?,0,The user is likely asking if there are any exciting products or updates in the upcoming promotions.
popmart.uslocalshop, Toy & Handicraft,"Vanessa, any exciting please???",0,The user is eagerly asking Vanessa if there are any exciting products or announcements coming up in the直播.
popmart.uslocalshop, Toy & Handicraft,Exciting or queen?,0,"The user is likely asking if the product ""Exciting"" is still available or if the ""queen"" variant is in stock, based on previous mentions of ""Exciting"" in the chat."
popmart.uslocalshop, Toy & Handicraft,Prioritize shipping for me please,0,"The user is likely requesting faster delivery for their intended purchase, showing urgency and interest in securing the product quickly."
popmart.uslocalshop, Toy & Handicraft,Queen?,1,"The user is likely asking if the ""Queen"" product is still available or being discussed, possibly referencing the previous mention of ""Exciting or Queen?"" in the chat."
popmart.uslocalshop, Toy & Handicraft,if you already have one go awayyyyyyyyyyyyy,0,"The user is likely expressing frustration towards repetitive or unnecessary comments, telling those who already own the product to stop cluttering the chat."
popmart.uslocalshop, Toy & Handicraft,thank u!,0,The user likely expresses gratitude for receiving helpful information or a positive response from the host about product availability or shipping details.
popmart.uslocalshop, Toy & Handicraft,I went to the other live and got it,0,The user likely means they left this live stream to purchase the item from another seller's broadcast instead.
popmart.uslocalshop, Toy & Handicraft,Can I please request prioritize shipping?,0,"The user is politely asking for expedited delivery, likely due to high demand or limited stock mentioned in prior messages."
popmart.uslocalshop, Toy & Handicraft,Exciting please??,0,"The user is likely asking if there are any exciting products or deals available, expressing eagerness to make a purchase."
popmart.uslocalshop, Toy & Handicraft,Are you doing queen again tonight?,0,"The user is likely asking if the host will showcase or restock the ""queen"" product again during the current live session."
popmart.uslocalshop, Toy & Handicraft,Exciting,0,The user is likely asking if there will be any exciting products or announcements in the upcoming segment of the live stream.
popmart.uslocalshop, Toy & Handicraft,Is this a legit page ?,0,"The user is questioning the authenticity or credibility of the live-streaming page, possibly due to unclear product offers or chaotic chat interactions."
popmart.uslocalshop, Toy & Handicraft,EXCITING PLEASEE,0,"The user is eagerly asking if there will be an ""Exciting"" product (likely a specific item) featured in the current live stream."
popmart.uslocalshop, Toy & Handicraft,Any exciting tonight ?,1,The user is likely asking if there will be any special promotions or exciting product reveals during the current live session.
popmart.uslocalshop, Toy & Handicraft,Your cup is so cute!!!,1,The user is expressing admiration for the product (likely a cup) and showing potential purchase interest by complimenting its cuteness.
popmart.uslocalshop, Toy & Handicraft,Your nails are so cute,0,The user likely admires the product (possibly nail-related) and is showing interest in purchasing or complimenting its design.
popmart.uslocalshop, Toy & Handicraft,No leave,0,"The user likely means ""Don't leave (the product/sale)"" or ""Keep showing (the item)"" expressing urgency to continue featuring a desired product."
popmart.uslocalshop, Toy & Handicraft,Yes these are offical,0,"The user likely means ""Are these products authentic and officially sold by the brand?"" showing concern about item legitimacy after questioning the page's authenticity earlier."
popmart.uslocalshop, Toy & Handicraft,Do you guys have anymore Chaka?,0,"The user is likely asking if there are any remaining ""Chaka"" items available for purchase, showing interest in buying the product."
popmart.uslocalshop, Toy & Handicraft,Can we see the demon slayer figures?,1,The user is likely asking if the live stream will showcase or display Demon Slayer figurines for potential purchase.
popmart.uslocalshop, Toy & Handicraft,Do u have hachipupu zodiac plush,1,"The user is inquiring about the availability of a Hachipupu zodiac-themed plush toy, showing genuine interest in purchasing it."
popmart.uslocalshop, Toy & Handicraft,do you have display for the pop bean phone charms ?,0,"The user is inquiring about the availability of display options for the Pop Bean phone charms, showing genuine interest in purchasing them."
popmart.uslocalshop, Toy & Handicraft,Queen ?,1,"The user is likely asking if the product ""Queen"" is available or being featured again in the current live session."
popmart.uslocalshop, Toy & Handicraft,Your a great host,0,"The user is complimenting the host's engaging and likable presentation style, likely appreciating their energy or charisma during the live stream."
popmart.uslocalshop, Toy & Handicraft,Chaka!?,1,"The user is likely inquiring about the availability of the ""Chaka"" product mentioned earlier in the chat, expressing interest or seeking confirmation."
popmart.uslocalshop, Toy & Handicraft,Any exciting vanessa please and thank you????,1,"The user is likely asking if there are any exciting products featuring Vanessa available for purchase, expressing polite interest and anticipation."
popmart.uslocalshop, Toy & Handicraft,The bird one is sooo cute in person!,0,"The user is expressing admiration for a bird-themed product they've seen in person, likely indicating strong interest in purchasing it."
popmart.uslocalshop, Toy & Handicraft,can you show twinkle twinkle pendants,1,"The user is politely requesting a closer look at the twinkle-themed pendant collection, likely expressing genuine interest in purchasing the jewelry."
popmart.uslocalshop, Toy & Handicraft,Am so sad people why I just want one,0,The user likely expresses frustration about not being able to get a desired item while others seem excited about different products.
popmart.uslocalshop, Toy & Handicraft,Are you doing another one,0,"The user is likely asking if there will be a restock or repeat of a previously sold product, possibly referencing ""queen"" or another popular item mentioned earlier."
popmart.uslocalshop, Toy & Handicraft,I finally got one!,0,The user is expressing excitement and satisfaction about successfully purchasing a desired item mentioned earlier in the chat (likely Chaka or zodiac plush).
popmart.uslocalshop, Toy & Handicraft,Will you release again?,1,The user is likely asking if the product they missed or a similar item will be restocked or relaunched in the future.
popmart.uslocalshop, Toy & Handicraft,Can you do exciting,0,The user is likely asking if the host can showcase or announce something thrilling or special during the live stream.
popmart.uslocalshop, Toy & Handicraft,I have the worst luck lol,0,The user is playfully expressing frustration about consistently missing out on purchasing desired items during the livestream.
popmart.uslocalshop, Toy & Handicraft,I got one homie,0,"The user is likely expressing excitement about successfully purchasing an item, similar to others in the chat who mentioned getting products."
popmart.uslocalshop, Toy & Handicraft,It never showed,0,"The user likely means ""The item I wanted wasn't displayed during the stream."""
popmart.uslocalshop, Toy & Handicraft,I got one yayyy,0,The user is excitedly confirming they successfully purchased the desired item mentioned earlier in the chat.
popmart.uslocalshop, Toy & Handicraft,Didnt even pop up for me AT ALL,0,The user is frustrated because the item they wanted didn't appear in their shopping interface despite waiting.
popmart.uslocalshop, Toy & Handicraft,THANK YOU,0,The user likely expresses gratitude for successfully purchasing an item or receiving helpful information from the host.
popmart.uslocalshop, Toy & Handicraft,are you doing another?,0,The user is likely asking if there will be another opportunity to purchase the same item or participate in a similar event.
popmart.uslocalshop, Toy & Handicraft,SCAM AND RIGGED,0,The user likely feels frustrated and believes the giveaway or purchase process was unfair or deceptive.
popmart.uslocalshop, Toy & Handicraft,I got one!,0,The user is excitedly confirming they successfully purchased the item after others expressed similar achievements and frustrations about availability.
popmart.uslocalshop, Toy & Handicraft,It never came out!!!!,0,The user is frustrated because they missed the chance to purchase the item due to it not appearing or selling out too quickly.
popmart.uslocalshop, Toy & Handicraft,"i just bought one, so excited",0,"The user is expressing their excitement about successfully purchasing an item, likely a limited-edition product that others in the chat were struggling to obtain."
popmart.uslocalshop, Toy & Handicraft,Never lit up,0,The user is expressing frustration that the product they wanted never appeared or was available for purchase during the live stream.
popmart.uslocalshop, Toy & Handicraft,how did I get queen and seat in the same night omg,0,"The user is excitedly expressing disbelief at successfully purchasing both the ""queen"" and ""seat"" items during the limited-time drop in the livestream."
popmart.uslocalshop, Toy & Handicraft,Will there be exciting?,0,"The user is likely asking if there will be a restock or another chance to purchase the ""exciting"" item mentioned earlier in the stream."
popmart.uslocalshop, Toy & Handicraft,Any individual pieces for this one?,1,The user is asking if the item being shown is available for purchase separately rather than as part of a set or bulk order.
popmart.uslocalshop, Toy & Handicraft,"exciting plz, I already have several HAS",0,"The user is expressing enthusiasm for the product (""exciting"") and indicating they've already purchased multiple items (""several HAS""), likely wanting more or showing satisfaction."
popmart.uslocalshop, Toy & Handicraft,can you prioritize my shipment,0,"The user is likely asking if their order can be expedited or given special shipping treatment, possibly due to high demand or limited stock mentioned in previous chats."
popmart.uslocalshop, Toy & Handicraft,Please exiting,0,"The user likely meant to say ""Please make it exciting"" or ""Please release something exciting,"" expressing interest in a more thrilling product or event."
popmart.uslocalshop, Toy & Handicraft,I just want a sesame beannnnnn,0,"The user is expressing strong desire and excitement for purchasing a sesame-themed product, likely in response to limited availability or a previous drop."
popmart.uslocalshop, Toy & Handicraft,One :(,0,"The user is expressing disappointment for not receiving or getting the desired item, likely in response to others celebrating their successful purchases."
popmart.uslocalshop, Toy & Handicraft,my basket never lit up,0,The user is expressing frustration that their shopping basket didn't highlight or confirm their purchase attempt during the limited-time offer.
popmart.uslocalshop, Toy & Handicraft,Are there any pucky beany?,1,"The user is likely asking if the ""Pucky Beany"" product is still available for purchase, showing interest in buying one."
popmart.uslocalshop, Toy & Handicraft,I got one too,0,"The user is expressing that they also successfully purchased the promoted item, sharing their excitement about obtaining it like others in the chat."
popmart.uslocalshop, Toy & Handicraft,We need preorders for these items,1,"The user is requesting the option to pre-order the items due to high demand and limited availability, likely because others are struggling to purchase them."
popmart.uslocalshop, Toy & Handicraft,Can we see the Demon Slayer?,1,"The user is likely asking if they can view or purchase a ""Demon Slayer"" product, showing interest in a specific item mentioned in the ongoing sale."
