live_id,species,content,label,background
seethewayisee,Clothing and Footwear,I NEED THAT 988 HOODIE!!!,1,"The user is enthusiastically expressing a strong desire to purchase the 988 hoodie, likely reacting to seeing it featured in the livestream."
seethewayisee,Clothing and Footwear,flash sale on the shorts again please ??,1,"The user is asking if the shorts will be restocked soon for another flash sale, showing interest in purchasing them like the previous hoodie mention."
seethewayisee,Clothing and Footwear,I love the new material! I have the OG OG,1,"The user is excited about the new material and mentions owning the original version, showing strong interest in the product line."
seethewayisee,Clothing and Footwear,indecisive hoodie...sweats!,1,"The user is excited but torn about choosing between the hoodie and sweats, likely influenced by others' enthusiasm for similar items."
seethewayisee,Clothing and Footwear,KEEP TAPPING !!!,0,"The user is likely urging the host to keep showcasing or restocking popular items, showing excitement and impatience for more product reveals."
seethewayisee,Clothing and Footwear,I only have the bow one. I need more.,1,The user likely means they currently own just the bow item and are interested in purchasing more products from the collection.
seethewayisee,Clothing and Footwear,Flash sale on sweat pants please,1,"The user is requesting a limited-time discount on sweatpants, showing strong purchase intent similar to others seeking deals on specific items in the live stream."
seethewayisee,Clothing and Footwear,I would love Worrier hoodie on sale,1,"The user is expressing strong interest in purchasing the Worrier hoodie if it goes on sale, influenced by others' enthusiasm for similar items in the chat."
seethewayisee,Clothing and Footwear,Do you have medium size?,1,"The user is inquiring about the availability of a medium-sized product, likely expressing interest in purchasing it if the size is in stock."
seethewayisee,Clothing and Footwear,I should get that for my daughter!,0,"The user is expressing a strong desire to purchase the mentioned item for their daughter, likely influenced by the enthusiastic shopping atmosphere and product discussions in the chat."
seethewayisee,Clothing and Footwear,can you make it a large,1,"The user is likely asking if the product they're interested in is available in a larger size, possibly referring to a hoodie or sweats mentioned earlier."
seethewayisee,Clothing and Footwear,Last pancake crew ????,1,"The user is likely asking if the last item in the ""pancake crew"" collection is still available or expressing interest in purchasing it."
seethewayisee,Clothing and Footwear,im new today but have been here for a little while today,0,"The user is casually mentioning they're new to the stream but have been watching for some time, possibly to engage with the community before making purchase decisions."
seethewayisee,Clothing and Footwear,Which is your favorite so far?,0,"The user is likely asking the host which product they personally prefer among the ones shown so far, possibly seeking recommendations or validation before making a purchase decision."
seethewayisee,Clothing and Footwear,988 hoodie - next flash sale?,0,"The user is asking if the 988 hoodie will be featured in the next flash sale, showing clear interest in purchasing it at a discounted price."
seethewayisee,Clothing and Footwear,Anxiety crewneck?,1,"The user is likely asking if the ""Anxiety crewneck"" will be included in an upcoming flash sale or available for purchase soon."
seethewayisee,Clothing and Footwear,The tshirts are oversized yes?,1,"The user is likely asking for confirmation about the fit of the tshirts, possibly considering a purchase if they're intentionally oversized."
seethewayisee,Clothing and Footwear,Yes,0,"The user is likely confirming a previous statement about the T-shirts being oversized, showing agreement or understanding."
seethewayisee,Clothing and Footwear,Oh here we go guys??,0,"The user is likely expressing excitement or anticipation for an upcoming product or flash sale mentioned in previous comments, possibly the 988 hoodie or similar items."
seethewayisee,Clothing and Footwear,Tap tap !!,0,The user is likely excitedly encouraging others to keep tapping for a flash sale or expressing their own eagerness to participate in the interactive shopping event.
seethewayisee,Clothing and Footwear,Thank you jade!!!!,0,"The user is expressing gratitude and excitement, likely in response to a flash sale or special offer on a jade-related product mentioned earlier in the chat."
seethewayisee,Clothing and Footwear,Hello!,0,"The user is likely greeting the stream or trying to get the host's attention casually, possibly as a newcomer joining the active shopping discussion."
seethewayisee,Clothing and Footwear,When is the next drop,1,"The user is likely asking about the release date of the next product collection, showing interest in potential future purchases."
seethewayisee,Clothing and Footwear,Can you do the last pancake?,1,The user is likely asking if the last available pancake-themed item (possibly a crewneck) can be purchased or customized for them.
seethewayisee,Clothing and Footwear,Could you put the indecisive sweatpants back on the 30$ flash sale so I can re order the right size?,0,"The user is requesting a restock of previously discounted sweatpants in their desired size, indicating strong purchase intent after missing the initial sale."
seethewayisee,Clothing and Footwear,YES GOT ONE,0,The user is excitedly confirming they successfully purchased an item they wanted during the flash sale.
seethewayisee,Clothing and Footwear,My mom will love it if I win. ??,0,"The user is excited about possibly winning an item their mom would like, showing interest in the product while engaging with the giveaway."
seethewayisee,Clothing and Footwear,I never win I really hope I win,0,"The user is expressing frustration about not winning previous giveaways but remains hopeful to win this time, likely referring to a current or upcoming prize in the直播."
seethewayisee,Clothing and Footwear,She genuinely has never done this before,0,She's expressing surprise and admiration at the host's authenticity in trying something new for the first time during the live stream.
seethewayisee,Clothing and Footwear,I have that and I love it,0,"The user is expressing satisfaction with a product they already own, likely to affirm its quality or recommend it to others in the chat."
seethewayisee,Clothing and Footwear,Wow!,0,"The user is likely expressing excitement or admiration for a product or moment in the live stream, possibly reacting to a new item or special offer being shown."
seethewayisee,Clothing and Footwear,Can you please do the next pancake crew,1,"The user is likely requesting a restock or re-feature of the ""pancake crew"" item in the next sale, echoing previous interest in that product."
seethewayisee,Clothing and Footwear,what color is orchid,1,"The user is likely asking about the specific shade of the ""orchid"" color option for a product mentioned in the直播."
seethewayisee,Clothing and Footwear,Can you do the I think too much please,0,"The user is likely requesting the host to showcase or feature a product called ""I think too much"" during the live stream."
seethewayisee,Clothing and Footwear,Omg!,0,"The user is likely expressing excitement or surprise about a product or announcement in the live stream, possibly reacting to a new item or flash sale reveal."
seethewayisee,Clothing and Footwear,I need that migraine brain crew!!! ??,1,"The user is excitedly expressing strong interest in purchasing the ""migraine brain"" crewneck, likely due to personal relatability or humorous appeal."
seethewayisee,Clothing and Footwear,Can you do the last pancake crew? ????,1,"The user is requesting to see the ""last pancake crew"" item again, likely out of interest in purchasing it, similar to others asking about specific products."
seethewayisee,Clothing and Footwear,I hope I win the giveaway,0,The user is expressing hopeful anticipation for winning a promotional giveaway during the live stream.
seethewayisee,Clothing and Footwear,Can you please do the last pancake?,0,"The user is likely requesting a restock or replay of a popular item (""the last pancake"") due to high demand or missing out on the purchase opportunity."
seethewayisee,Clothing and Footwear,2 mediums left!,0,"The user is likely expressing urgency to purchase, noting limited stock of medium-sized items left."
seethewayisee,Clothing and Footwear,Go go go everyone!,0,"The user is likely encouraging others to participate enthusiastically in the ongoing sale or giveaway, matching the lively and competitive tone of recent chat messages."
seethewayisee,Clothing and Footwear,I need it,0,"The user is expressing strong desire to purchase the featured product, likely influenced by others' excitement about similar items in the chat."
seethewayisee,Clothing and Footwear,I tried but I had to add something else to get free shipping so I missed it ??,0,The user likely expresses frustration about missing a free shipping offer because they couldn't find enough items to meet the minimum purchase requirement.
seethewayisee,Clothing and Footwear,Good luck everyone ??,0,The user is likely expressing hopeful encouragement to fellow viewers participating in a giveaway or limited-time offer.
seethewayisee,Clothing and Footwear,Migraine brain flash?,0,"The user is likely asking if the ""migraine brain"" crewneck (mentioned earlier) will be featured in an upcoming flash sale, expressing interest in purchasing it."
seethewayisee,Clothing and Footwear,Great prices,0,"The user is expressing positive surprise about the product's affordability, likely indicating purchase interest due to the attractive pricing mentioned in the直播."
seethewayisee,Clothing and Footwear,Almost to 250k! Keep tapping!,0,The user is cheering for the live stream to reach 250k viewers and encouraging others to keep engaging with the content.
seethewayisee,Clothing and Footwear,That is so cute,0,"The user is expressing admiration for a product shown in the stream, likely indicating they find it appealing and may be interested in purchasing it."
seethewayisee,Clothing and Footwear,Pancake crew gone!,0,"The user is likely expressing excitement or disappointment about the ""pancake crew"" item being sold out or no longer available."
seethewayisee,Clothing and Footwear,250k,0,"The user is likely cheering for reaching the 250k milestone mentioned in previous comments, expressing excitement about the live stream's progress."
seethewayisee,Clothing and Footwear,wow,0,"The user is likely expressing excitement or admiration for a product or moment in the直播, similar to others' enthusiastic reactions."
seethewayisee,Clothing and Footwear,So cute.,0,"The user is expressing admiration for a product being shown, likely agreeing with the previous comment ""That is so cute"" and showing potential purchase interest."
seethewayisee,Clothing and Footwear,Selling fast ????????,0,"The user is expressing excitement and urgency, likely reacting to limited stock or high demand for a popular item mentioned earlier."
seethewayisee,Clothing and Footwear,I  need the emotional,0,The user likely wants to express a desire for the emotional support-themed product mentioned earlier in the chat.
seethewayisee,Clothing and Footwear,Woohoo,0,The user is likely expressing excitement or enthusiasm about the fast-selling items or the lively atmosphere in the live stream.
seethewayisee,Clothing and Footwear,Think too much please?,0,"The user is likely expressing playful frustration or impatience about overthinking a purchase decision, possibly referencing the fast-selling items mentioned in previous chats."
seethewayisee,Clothing and Footwear,988 hoodie and pants,0,"The user is likely inquiring about the availability or details of the hoodie and pants set priced at $988, showing purchase interest."
seethewayisee,Clothing and Footwear,Oh wow,0,"The user is expressing pleasant surprise or admiration, likely reacting to a product reveal or exciting update in the live stream."
seethewayisee,Clothing and Footwear,Good Morning,0,"The user is likely greeting the stream casually without direct purchase intent, mirroring the chat's friendly atmosphere during a fast-paced sale event."
seethewayisee,Clothing and Footwear,I puchased the pancake shirt!!!! Hopefully it fits! ????,0,"The user is excitedly confirming their purchase of the pancake shirt while expressing hopeful anticipation about the fit.  (Note: This interpretation focuses on the core sentiment—excitement about the purchase and concern about sizing—while naturally rephrasing the original message. The 20 prior messages establish a fast-paced, hype-driven shopping context where items sell out quickly, which validates the user's urgency in announcing their successful purchase.)  Word count: 34"
seethewayisee,Clothing and Footwear,Can you do it for the I think too much,0,"The user is likely asking if the product ""I think too much"" is available or can be included in the current offer."
seethewayisee,Clothing and Footwear,the amount of compliments I get with the bow crew!!!,0,"The user is excitedly sharing how often they receive compliments when wearing the bow crewneck, implying strong satisfaction and a potential recommendation to others."
seethewayisee,Clothing and Footwear,oh dang I ordered when they were 30+ lol,0,The user is playfully expressing slight regret for ordering the item at a higher price before seeing the current lower price in the live stream.
seethewayisee,Clothing and Footwear,I never win. ??,0,"The user is expressing frustration or doubt about their chances of winning a giveaway or contest mentioned earlier in the chat, likely feeling discouraged by previous unsuccessful attempts."
seethewayisee,Clothing and Footwear,We hit 250k!,0,"The user is celebrating the live stream reaching the 250,000 viewer milestone with excitement."
seethewayisee,Clothing and Footwear,I won thank you! What size do you send?,0,The user is excited about winning a giveaway and is inquiring about the size of the item they'll receive.
seethewayisee,Clothing and Footwear,Yasssss,0,"The user is excitedly expressing strong enthusiasm or approval, likely in response to a product or milestone mentioned in the live stream."
seethewayisee,Clothing and Footwear,Can we do emotional,1,"The user is likely asking if the product ""I think too much"" (mentioned earlier) can be made with the ""emotional"" design, referencing another popular item from the stream."
seethewayisee,Clothing and Footwear,My favorite pullover!!,1,"The user is excitedly expressing strong admiration for the pullover, likely indicating a desire to purchase or praise a favorite item they recognize."
seethewayisee,Clothing and Footwear,I have that one I love it,0,"The user is expressing satisfaction with a product they already own, likely encouraging others to buy it by sharing their positive experience."
seethewayisee,Clothing and Footwear,Congrats,0,"The user is likely expressing congratulations for reaching a milestone or someone winning a giveaway, based on the celebratory tone of recent messages like ""We hit 250k!"" and ""I won thank you!"""
seethewayisee,Clothing and Footwear,Congratulations,0,"The user is likely joining others in celebrating a milestone or achievement mentioned earlier in the chat, such as reaching 250k viewers or someone winning a giveaway."
seethewayisee,Clothing and Footwear,Congrats to the winner!!! ?? ??,0,"The user is celebrating another viewer's win in a giveaway or contest, expressing genuine excitement and support in a positive, communal atmosphere."
seethewayisee,Clothing and Footwear,Congrats winner,0,"The user is likely expressing genuine congratulations to a recent winner in the giveaway, aligning with the celebratory tone of recent chatter about contest results."
seethewayisee,Clothing and Footwear,I have so many of your hoodies including this one! They are all soooo good!!!!,0,"The user is enthusiastically expressing their loyalty and satisfaction with the brand's hoodies, implying strong brand affinity and potential interest in future purchases."
seethewayisee,Clothing and Footwear,Congrats ??,0,"The user is likely expressing congratulations to a winner in a celebratory tone, aligning with the recent announcements of giveaways and purchases in the chat."
seethewayisee,Clothing and Footwear,when does the new stuff come out,1,"The user is inquiring about the release date of upcoming products, showing interest in potential new items."
seethewayisee,Clothing and Footwear,patchwork shorts flash sale please?,1,"The user is requesting a limited-time discount on patchwork shorts, likely influenced by others' positive shopping experiences and recent sale mentions in the chat."
seethewayisee,Clothing and Footwear,Congratulations ??,0,The user is likely joining others in celebrating a recent winner announcement during the giveaway segment of the live stream.
seethewayisee,Clothing and Footwear,I dont,0,"The user likely means ""I don't have this product"" or ""I didn't win the giveaway,"" expressing either lack of possession or disappointment."
seethewayisee,Clothing and Footwear,i would love to win a giveaway,0,"The user is expressing enthusiasm about participating in a giveaway and hoping to win, likely influenced by others' recent winning announcements."
seethewayisee,Clothing and Footwear,I dont know,0,The user is likely expressing uncertainty or hesitation about participating in the giveaway or purchasing the product.
seethewayisee,Clothing and Footwear,Can we do migraine brain,1,The user is likely asking if the host can showcase or discuss products related to migraine relief or brain health.
seethewayisee,Clothing and Footwear,Can we do the emotional and worried,0,"The user is likely asking if the host can discuss or showcase items related to emotional and worried themes, possibly inspired by the previous mention of ""emotional"" and ""migraine brain."""
seethewayisee,Clothing and Footwear,Can we do the emotional,0,"The user is likely requesting the host to discuss or showcase a product related to emotional themes, possibly inspired by previous mentions of specific topics like ""migraine brain."""
seethewayisee,Clothing and Footwear,I want the worrier one next,0,"The user is likely requesting to see or purchase the ""worrier"" design or item next, possibly referring to a specific product mentioned earlier in the chat."
seethewayisee,Clothing and Footwear,The bow crew neck!!!! 25!!! I already have it and love it though. Such a good deal!,0,"The user is enthusiastically praising the bow crew neck's quality and value, mentioning they already own and love it while highlighting the attractive price of $25."
seethewayisee,Clothing and Footwear,Yassssss,0,"The user is enthusiastically agreeing or showing excitement, likely in response to a product or deal mentioned in the chat."
seethewayisee,Clothing and Footwear,Hi!,0,The user is likely greeting the stream casually without expressing specific purchase interest.
seethewayisee,Clothing and Footwear,Do you know what will be on the sleeves yet ?,0,"The user is likely inquiring about the design details of an upcoming clothing item, showing specific interest in purchasing if the sleeve design meets their preference."
seethewayisee,Clothing and Footwear,I ordered the pancake shirt I hope it fits,0,The user is expressing satisfaction with their purchase of the mentioned shirt and hopeful anticipation about its fit.
seethewayisee,Clothing and Footwear,Picks of the day,0,The user is likely asking about the featured or highlighted products in today's直播 session.
seethewayisee,Clothing and Footwear,Massachusetts!,0,"The user is likely expressing excitement or interest in a product related to Massachusetts, possibly suggesting it as a design idea or asking about its availability."
seethewayisee,Clothing and Footwear,Woooooo daily dose,0,"The user is likely expressing excitement about a regular or favorite product being featured, possibly referencing a recurring segment or item they enjoy."
seethewayisee,Clothing and Footwear,im new,0,"The user is likely introducing themselves as a new viewer in the chat, possibly seeking guidance or expressing curiosity about the ongoing live stream."
seethewayisee,Clothing and Footwear,I do,0,"The user likely intends to affirm their interest in a product or offer mentioned earlier, possibly in response to a question like ""Who wants this?"" or a giveaway prompt."
seethewayisee,Clothing and Footwear,oh dang I had to go check what I've ordered right wjen the giveaway ended lol,0,The user is humorously admitting they rushed to check their past orders after realizing they missed the giveaway deadline.
seethewayisee,Clothing and Footwear,No idea haha,0,The user is casually expressing uncertainty or lack of knowledge about the current topic in a lighthearted manner.
seethewayisee,Clothing and Footwear,Boston,0,"The user is likely mentioning their location (Boston, Massachusetts) to relate to the previous ""Massachusetts!"" comment or participate in regional discussion."
seethewayisee,Clothing and Footwear,I love your shirt!,1,The user likely admires the shirt's design and may be interested in purchasing it or similar items.
seethewayisee,Clothing and Footwear,?the daily dose?,0,"The user is likely asking for more details or expressing interest in the product ""the daily dose"" mentioned earlier in the chat."
seethewayisee,Clothing and Footwear,so excited to find out,0,The user is expressing enthusiastic anticipation about discovering upcoming products or deals in the live stream.
seethewayisee,Clothing and Footwear,Cannot waitttttttt,0,The user is expressing enthusiastic anticipation for an upcoming product or reveal in the live stream.
seethewayisee,Clothing and Footwear,omg that blue!!!!,1,"The user is excitedly expressing strong admiration for the blue color of a showcased product, likely indicating a desire to purchase it."
seethewayisee,Clothing and Footwear,Pink!!,1,The user is likely expressing excitement or strong preference for a pink-colored product mentioned or shown in the直播.
seethewayisee,Clothing and Footwear,Love that!,0,"The user is expressing strong admiration for a product or moment in the stream, likely reacting to a featured item or exciting announcement."
seethewayisee,Clothing and Footwear,Loveeeeeee daily dose,0,"The user is enthusiastically expressing their fondness for the ""daily dose"" product or content mentioned earlier in the chat."
seethewayisee,Clothing and Footwear,love the colors,1,"The user is expressing admiration for the vibrant color options of the featured products, likely reacting to a specific item shown in the stream."
seethewayisee,Clothing and Footwear,Ooh love that!,0,"The user is expressing enthusiastic admiration for a featured product or color, likely in response to a visual showcase during the ""daily dose"" segment."
seethewayisee,Clothing and Footwear,I love that idea omgosh,0,The user is enthusiastically expressing strong approval and excitement about a product or idea mentioned in the live stream.
seethewayisee,Clothing and Footwear,Wearing the Tired sweatshirt atm,0,"The user is casually mentioning they're currently wearing the ""Tired"" sweatshirt (likely a product from the brand) to show engagement or familiarity with the merchandise."
seethewayisee,Clothing and Footwear,my husband got me two about 2 years ago,0,"She's sharing that her husband bought her two of the same product previously, indicating familiarity and potential interest in repurchasing or related items."
seethewayisee,Clothing and Footwear,Any advice for those who want to launch their own clothing brand? What budget did you start with?,0,"The user is likely an aspiring entrepreneur seeking practical guidance on starting a clothing brand, showing genuine interest in the host's experience and initial investment."
seethewayisee,Clothing and Footwear,The blue!!,1,The user is excitedly expressing strong admiration for the blue color of a product being shown in the直播.
seethewayisee,Clothing and Footwear,Pink and blue,1,"The user is expressing admiration for the pink and blue color options mentioned in the conversation, likely referring to a product being discussed."
seethewayisee,Clothing and Footwear,That green and blue!!,1,The user is excitedly expressing admiration for the green and blue color combination mentioned or shown in the live stream.
seethewayisee,Clothing and Footwear,That blue!!,1,The user is enthusiastically expressing admiration for the blue color of a product being shown in the直播.
seethewayisee,Clothing and Footwear,Blue,1,"The user is expressing admiration for the blue color mentioned frequently in previous comments, likely referring to a product featured in the直播."
seethewayisee,Clothing and Footwear,All of them ????,0,"The user is expressing enthusiastic interest in all the color options mentioned in the previous chat, likely wanting to purchase multiple items."
seethewayisee,Clothing and Footwear,Pink!!!,1,The user is enthusiastically expressing their excitement and admiration for the pink color or item being shown in the live stream.
seethewayisee,Clothing and Footwear,so cute!! I love the green!  would love a black set too,1,"The user is expressing strong admiration for the green item and showing interest in purchasing a black set as well, indicating a desire for multiple color options."
seethewayisee,Clothing and Footwear,That pink is everything,1,"The user is enthusiastically praising the pink item, likely indicating strong admiration and potential purchase interest in that color."
seethewayisee,Clothing and Footwear,Pink pink pink,1,"The user is enthusiastically expressing their strong preference for the pink color, likely in response to seeing a pink product being showcased in the直播."
seethewayisee,Clothing and Footwear,that blue is a must for me,1,"The user is strongly interested in purchasing the blue item, indicating it's an essential choice for them."
seethewayisee,Clothing and Footwear,Yellow is awesome too,1,"The user is expressing enthusiasm for the yellow color option, implying they like it just as much as the previously mentioned pink, blue, and green."
seethewayisee,Clothing and Footwear,The pink & yellow!!!!??,1,The user is excitedly expressing strong admiration for the pink and yellow color options mentioned in the previous comments.
seethewayisee,Clothing and Footwear,green is good too,1,"The user is expressing appreciation for the green color option, similar to how others praised blue and pink, indicating a positive interest in the product's color variety."
seethewayisee,Clothing and Footwear,Green and yellow!,1,The user is expressing enthusiasm for the green and yellow color options mentioned in the previous comments.
seethewayisee,Clothing and Footwear,blue and green for me!,1,The user is expressing their preference for the blue and green color options among the showcased products.
seethewayisee,Clothing and Footwear,Poll is up for favorite color!,0,"The user is likely announcing a poll about favorite colors to engage the audience, referencing the ongoing discussion about color preferences in the chat."
seethewayisee,Clothing and Footwear,can you reveal one saying?,0,"The user is likely asking the host to show or describe one of the mentioned color options (e.g., blue, pink, green) in more detail."
seethewayisee,Clothing and Footwear,Green!!!,1,"The user is enthusiastically expressing their strong preference for the green color, likely referring to a product mentioned in the直播."
seethewayisee,Clothing and Footwear,can you do a flash for 988 hoodie and pant,1,"The user is likely asking if there will be a limited-time discount offer for the 988 hoodie and pants set, showing purchase intent for that specific product."
seethewayisee,Clothing and Footwear,Green ??????,1,"The user is enthusiastically expressing strong interest in the green color option, likely referring to a product mentioned earlier in the chat."
seethewayisee,Clothing and Footwear,When???,0,"The user is eagerly asking when the mentioned products, especially in their desired colors like blue or green, will be available for purchase."
seethewayisee,Clothing and Footwear,Yaaassssssssss,0,"The user is enthusiastically agreeing with the excitement about the colors, likely expressing strong approval for a specific color mentioned in the chat."
seethewayisee,Clothing and Footwear,Hoodies,0,"The user is likely expressing interest in the hoodies being discussed, possibly inquiring about colors or availability like others in the chat."
seethewayisee,Clothing and Footwear,amazing colors,1,"The user is expressing admiration for the vibrant color options being discussed, likely agreeing with others' enthusiasm about the appealing hues."
seethewayisee,Clothing and Footwear,Omg the green is gorg,1,The user is enthusiastically expressing strong admiration for the green color option among the discussed products.
seethewayisee,Clothing and Footwear,Love those colors,1,"The user is expressing strong admiration for the color options shown in the livestream, likely indicating interest in purchasing items featuring those colors."
seethewayisee,Clothing and Footwear,yay! I love my crews!! can I get a daily dose in each color??,1,The user enthusiastically expresses their love for the crew collection and asks if they can purchase the product in every available color.
seethewayisee,Clothing and Footwear,I love the pink and yellow!!!,1,The user is enthusiastically expressing strong admiration for the pink and yellow color options shown in the live stream.
seethewayisee,Clothing and Footwear,Pink and green,1,"The user is expressing enthusiasm for the pink and green color options, likely indicating interest in purchasing items featuring those colors."
seethewayisee,Clothing and Footwear,Yellow,1,The user is expressing enthusiasm for the yellow color option among the discussed products.
seethewayisee,Clothing and Footwear,So excited,0,"The user is expressing enthusiastic excitement about the vibrant color options being discussed, likely agreeing with the positive reactions to the green, pink, and yellow choices."
seethewayisee,Clothing and Footwear,I wanna see them??,1,"The user is likely expressing curiosity and eagerness to see the products being discussed, particularly the color options mentioned in previous messages."
seethewayisee,Clothing and Footwear,I can wear the blank to work!!! Im so excited,0,"The user is enthusiastically expressing their excitement about being able to wear the product (likely a green hoodie) to work, showing strong purchase intent."
seethewayisee,Clothing and Footwear,They are all awesome!!,0,"The user is enthusiastically expressing admiration for all the showcased products, likely referring to their colors or designs, aligning with the overall excited and positive tone of the chat."
seethewayisee,Clothing and Footwear,Blue is winning,1,The user likely means they prefer or support the color blue over others in the ongoing color discussion or poll.
seethewayisee,Clothing and Footwear,Yellow!,1,The user is enthusiastically expressing their preference for the color yellow among the discussed options.
seethewayisee,Clothing and Footwear,Erik,1,"The user likely wants to express enthusiasm for a specific color or product mentioned earlier, possibly echoing others' excitement about the green or yellow items."
seethewayisee,Clothing and Footwear,The green!!!!,1,The user is enthusiastically expressing strong admiration for the green color mentioned in the live stream.
seethewayisee,Clothing and Footwear,Oooooooooooooooooh drama,0,"The user is expressing excitement or surprise about a dramatic or attention-grabbing moment in the live stream, likely related to the showcased products."
seethewayisee,Clothing and Footwear,Vote in the poll everyone!,0,The user is encouraging others to participate in the ongoing color preference poll for the showcased products.
seethewayisee,Clothing and Footwear,I would love black,1,The user is expressing a strong preference for the black color option among the showcased products.
seethewayisee,Clothing and Footwear,yellow ??,1,The user is likely asking if the yellow item is available or expressing interest in the yellow color mentioned earlier.
seethewayisee,Clothing and Footwear,Yelloowwww,1,"The user is enthusiastically expressing their strong preference for the yellow color, likely in response to the ongoing discussion about favorite colors in the chat."
seethewayisee,Clothing and Footwear,sunshine,0,"The user is likely expressing enthusiasm for a color mentioned earlier, possibly ""yellow,"" in a playful or excited manner."
seethewayisee,Clothing and Footwear,Love the green ??,1,"The user is enthusiastically expressing their strong preference for the green color, likely in response to others discussing various color options."
seethewayisee,Clothing and Footwear,Blue and green,1,The user is expressing their preference for the blue and green color options among the discussed products.
seethewayisee,Clothing and Footwear,I love that they are bright spring and summer colors!!!,1,"The user is enthusiastically expressing their admiration for the vibrant and seasonal color palette of the showcased products, aligning with the lively chat discussion about favorite colors."
seethewayisee,Clothing and Footwear,will you do the pancake shirt in more colors?,1,The user is asking if the pancake shirt will be available in additional color options beyond those currently discussed in the chat.
seethewayisee,Clothing and Footwear,Yeeessss,0,"The user enthusiastically agrees with or supports a previous comment about a preferred color or product feature, likely echoing the excitement over vibrant options like green or yellow."
seethewayisee,Clothing and Footwear,Me! ??,0,"The user is likely expressing enthusiastic interest in a product, possibly wanting to be chosen or indicating their preference among the discussed colors."
seethewayisee,Clothing and Footwear,I would be interested,0,"The user is expressing potential interest in purchasing a product, likely influenced by the ongoing discussion about colors and excitement over the items shown."
seethewayisee,Clothing and Footwear,Meeeeee,0,"The user is likely expressing personal interest or enthusiasm, possibly wanting to participate or be noticed, similar to others showing excitement about colors and products."
seethewayisee,Clothing and Footwear,Meeeee ??,0,"The user is expressing enthusiastic interest in purchasing or participating, likely in response to a product or poll mentioned earlier."
seethewayisee,Clothing and Footwear,I need all 4 colors,1,The user is expressing strong interest in purchasing all four available colors of the product being discussed in the livestream.
seethewayisee,Clothing and Footwear,I would,0,"The user likely means ""I would be interested in purchasing (a product/color mentioned earlier)."""
seethewayisee,Clothing and Footwear,Yes!,0,"The user is enthusiastically agreeing or showing strong interest in the product, likely responding to a color or design option mentioned earlier."
seethewayisee,Clothing and Footwear,I would ??,0,"The user likely means ""I would buy/love that item (in a specific color or style)."""
seethewayisee,Clothing and Footwear,all of them,0,The user is expressing strong interest in purchasing all the available color options of the product being discussed.
seethewayisee,Clothing and Footwear,will u have shorts too?,1,"The user is asking if the seller will also offer shorts in addition to the shirts, likely interested in matching or expanding their purchase options."
seethewayisee,Clothing and Footwear,shorts too?,1,The user is asking if the shorts will also be available in the same colors or styles as the shirts mentioned earlier.
seethewayisee,Clothing and Footwear,Can we see them again?,1,The user is likely asking to revisit the previously shown products or colors due to interest in purchasing them.
seethewayisee,Clothing and Footwear,Love the yellow,1,"The user is expressing enthusiasm for the yellow color option, likely indicating interest in purchasing a product available in that shade."
seethewayisee,Clothing and Footwear,Pink and yellow all the way!!!,1,"The user enthusiastically supports the pink and yellow color options, likely expressing strong interest in purchasing items featuring those vibrant shades."
seethewayisee,Clothing and Footwear,what do they say,0,The user is likely asking for clarification or details about the product colors or features mentioned in previous comments.
seethewayisee,Clothing and Footwear,Can we see the new tired crew colorway,1,"The user is asking to view the new color option for the tired crew collection, likely expressing interest in purchasing it."
seethewayisee,Clothing and Footwear,Make sense,0,"The user likely agrees with the product's appeal or finds the explanation convincing, showing positive engagement with the discussion about colors and designs."
seethewayisee,Clothing and Footwear,That blue is so bright and pretty ??,1,The user is expressing admiration for the bright blue color and likely showing interest in purchasing the item in that shade.
seethewayisee,Clothing and Footwear,When are they dropping,0,"The user is asking about the release time of the featured products, likely referring to the mentioned shirts or shorts in the previous chat."
seethewayisee,Clothing and Footwear,are you doing another sale for emotional?,1,"The user is asking if there will be a future promotion for the ""emotional"" product line, likely referencing a previous sale or item mentioned in the stream."
seethewayisee,Clothing and Footwear,Release date?,1,"The user is asking about the launch date of the product, likely prompted by others discussing colors and availability, showing clear purchase intent."
seethewayisee,Clothing and Footwear,What are the sleeve messages going to be ???,1,The user is asking about the designs or text printed on the sleeves of the clothing items being showcased in the live stream.
seethewayisee,Clothing and Footwear,I am ordering all 16 items,0,The user is excitedly declaring their intention to purchase the entire collection of 16 items showcased in the直播.
seethewayisee,Clothing and Footwear,All of it,0,The user likely expresses strong interest in purchasing the entire collection or all available items mentioned in the直播.
seethewayisee,Clothing and Footwear,Def shorts all 4 colors,0,The user is enthusiastically expressing their intention to purchase all four available colors of the shorts mentioned in the livestream.
seethewayisee,Clothing and Footwear,shorts and crew with hoodie,1,The user is asking if the shorts and crewneck sweatshirts with hoodies will be available in the same collection.
seethewayisee,Clothing and Footwear,?? crew,0,"The user is likely asking about the availability or details of the ""crew"" item mentioned earlier, possibly inquiring if it comes in specific colors or styles."
seethewayisee,Clothing and Footwear,Hoodies and shorts,1,"The user is likely expressing interest in purchasing both hoodies and shorts, possibly in matching sets or all available colors."
seethewayisee,Clothing and Footwear,Need all,0,The user is expressing a strong desire to purchase every available item or color option mentioned in the直播.
seethewayisee,Clothing and Footwear,Shorts and hoodie,1,"The user is likely expressing interest in purchasing both the shorts and hoodie, possibly in matching sets or specific colorways mentioned earlier."
seethewayisee,Clothing and Footwear,all,0,The user likely wants to express their intention to purchase all available items or color options mentioned in the previous discussions.
seethewayisee,Clothing and Footwear,Crewneck!!,0,The user is excitedly expressing strong interest in purchasing the crewneck sweatshirt mentioned earlier in the chat.
seethewayisee,Clothing and Footwear,"I think I have around 10 pieces from your brand, love them!",0,"The user is expressing strong brand loyalty and satisfaction, indicating they already own multiple items and likely intend to purchase more from this collection."
seethewayisee,Clothing and Footwear,Swear,0,"The user likely means ""I swear (I want/love this product)"" to strongly affirm their enthusiasm or commitment to purchasing."
seethewayisee,Clothing and Footwear,Could wear your gear all days of the week for almost three weeks! All!!!,0,"The user is enthusiastically expressing their strong desire to wear the brand's clothing frequently, indicating high interest in purchasing multiple items."
seethewayisee,Clothing and Footwear,Def Crew and pants prob shorts,1,"The user likely means: ""Definitely interested in the crewneck and pants, probably shorts too."""
seethewayisee,Clothing and Footwear,Hoodie sweatshirt,1,The user is likely expressing interest in purchasing or inquiring about the hoodie sweatshirt mentioned in the previous discussions about clothing items.
seethewayisee,Clothing and Footwear,I would love all of them,0,The user is expressing strong enthusiasm and desire to purchase the entire collection being showcased in the live stream.
seethewayisee,Clothing and Footwear,Are all the messages the same on all colors ??,1,The user is likely asking if the text/design printed on the clothing items remains identical across different color variations of the same product.
seethewayisee,Clothing and Footwear,What do the sleeves say?,1,The user is asking about the text or design printed on the sleeves of the clothing items being showcased in the livestream.
seethewayisee,Clothing and Footwear,Crewnecks,0,The user is likely expressing interest in purchasing or inquiring about the crewneck sweaters mentioned in the previous chat.
seethewayisee,Clothing and Footwear,my daughter would love the yellow shorts and hoodie,0,"The user is expressing interest in purchasing the yellow shorts and hoodie set for their daughter, likely influenced by others' enthusiasm for similar items in the chat."
seethewayisee,Clothing and Footwear,All the crews in each color!,1,The user is excitedly expressing their desire to purchase the crewneck sweatshirt in every available color option.
seethewayisee,Clothing and Footwear,All 3,0,"The user likely means ""I want to purchase all three items (or color options) mentioned in the discussion."""
seethewayisee,Clothing and Footwear,Literally getting all of them,0,The user is enthusiastically expressing their intention to purchase every available item from the collection.
seethewayisee,Clothing and Footwear,I just came in. lol!,0,The user is casually announcing their recent arrival in the chat while observing the active discussion about clothing items.
seethewayisee,Clothing and Footwear,What would the sleeves say though??,0,The user is curious about the specific text or design printed on the sleeves of the clothing items being discussed in the live stream.
seethewayisee,Clothing and Footwear,I love shorts to,1,"The user is expressing enthusiasm for the shorts and likely intends to purchase them, similar to others showing interest in the brand's clothing."
seethewayisee,Clothing and Footwear,Shorts!!!,1,The user is excitedly expressing strong interest in purchasing the shorts mentioned in the previous comments.
seethewayisee,Clothing and Footwear,Probably me,0,"The user is likely expressing interest in purchasing multiple items, possibly all or most of the mentioned products, similar to others in the chat."
seethewayisee,Clothing and Footwear,all 4 colors,0,"The user likely intends to purchase the product in all four available color options, showing strong interest in collecting the full set."
seethewayisee,Clothing and Footwear,want them all,1,The user expresses strong desire to purchase the entire collection or multiple items shown in the直播.
seethewayisee,Clothing and Footwear,Meeeee,0,"The user is likely excitedly claiming their interest in the products, similar to others saying ""want them all"" or ""getting all of them."""
seethewayisee,Clothing and Footwear,Me!,0,"The user is expressing strong interest in purchasing the items, likely wanting all the products mentioned in the previous enthusiastic comments."
seethewayisee,Clothing and Footwear,I am,0,"The user likely means ""I am interested in buying these items too."""
seethewayisee,Clothing and Footwear,Can we get sample colors to help pick the next color drop???,1,The user is asking if they can preview color options before the next product release to make an informed choice.
seethewayisee,Clothing and Footwear,pink and blue maybe yellow,1,"The user is considering multiple color options (pink, blue, and possibly yellow) for the merchandise being discussed in the live stream."
seethewayisee,Clothing and Footwear,I will be buying all 4,1,"The user is expressing strong intent to purchase all four available items, likely influenced by others' enthusiasm for multiple colors or styles in the chat."
seethewayisee,Clothing and Footwear,Shorts and hoodies,1,The user is expressing interest in purchasing both the shorts and hoodies from the available collection.
seethewayisee,Clothing and Footwear,No but actually I am,0,"The user is playfully confirming their strong interest in purchasing multiple items, likely all colors or styles mentioned earlier."
seethewayisee,Clothing and Footwear,Can we get color samples and vote on the next drop!!??,1,The user is excited about the product colors and suggests gathering community feedback through color samples to decide the next release.
seethewayisee,Clothing and Footwear,sweatpants and hoodies,1,"The user is expressing interest in purchasing both sweatpants and hoodies, likely indicating they want the matching set like others mentioned for shorts and hoodies."
seethewayisee,Clothing and Footwear,Can you show them again,1,The user likely wants the host to re-display the products or color options mentioned earlier to make a decision or see them again.
seethewayisee,Clothing and Footwear,absolutely,0,"The user is enthusiastically agreeing with others' excitement about buying multiple items, likely implying they want everything too."
seethewayisee,Clothing and Footwear,May need them all,0,"The user is likely expressing strong interest in purchasing all the items being showcased, similar to others' enthusiastic responses about buying multiple colors/products."
seethewayisee,Clothing and Footwear,i need a short and hoodie combo in blue,1,"The user is expressing interest in purchasing a matching blue hoodie and shorts set, likely influenced by the ongoing discussion about color preferences and combo outfits in the chat."
seethewayisee,Clothing and Footwear,it would be cool if the messages could be customizable to whatever color you want for your own daily,0,"The user is suggesting it would be great to have customizable message colors for personal daily use, showing interest in personalized product features."
seethewayisee,Clothing and Footwear,when do they come out?,1,The user is likely asking about the release date of the mentioned clothing items (shorts/hoodies) based on the ongoing discussion about colors and products.
seethewayisee,Clothing and Footwear,When are you dropping them?,0,"The user is asking about the release date of the upcoming products, likely the shorts or hoodies mentioned in previous messages."
seethewayisee,Clothing and Footwear,Can we do emotional for the flash sale lol,0,"The user is playfully asking if they can get excited or hyped up for the upcoming flash sale, matching the enthusiastic tone of others discussing colors and purchases."
seethewayisee,Clothing and Footwear,Yellow sweatpants! Green hoodie! Please! Thank you,1,The user is enthusiastically requesting to purchase the yellow sweatpants and green hoodie from the available collection.
seethewayisee,Clothing and Footwear,So exciting,0,"The user is expressing enthusiasm and excitement about the product lineup, likely indicating strong interest in purchasing."
seethewayisee,Clothing and Footwear,Do you have them yet ? The messages ?,0,The user is asking if the customizable messages (mentioned earlier) are already available for purchase.
seethewayisee,Clothing and Footwear,I have 3 & just ordered 3 more,0,"The user is expressing enthusiasm about the product, indicating they already own three and are excited to purchase three more due to their positive experience."
seethewayisee,Clothing and Footwear,But definitely pink and all of the pink ones,1,The user is expressing strong interest in purchasing all available pink-colored items from the upcoming drop.
seethewayisee,Clothing and Footwear,Drop us some please,0,"The user is likely requesting the release or availability of the mentioned products, expressing interest in purchasing them soon."
seethewayisee,Clothing and Footwear,everything,0,"The user likely means ""I want all the available colors/items"" in response to the discussion about purchasing multiple clothing options."
seethewayisee,Clothing and Footwear,ALL OF IT??????,0,"The user is expressing enthusiastic interest in purchasing the entire collection, likely influenced by others' excitement about buying multiple items."
seethewayisee,Clothing and Footwear,shorts and hoodie blue and maybe yellow for summer,1,"The user is interested in purchasing a blue shorts and hoodie set, possibly also considering a yellow option for summer wear."
seethewayisee,Clothing and Footwear,Literally buy everything you drop in all colors,0,The user is enthusiastically expressing a desire to purchase every item released in all available color variations.
seethewayisee,Clothing and Footwear,when are you doing oto drop them?,0,"The user is asking about the release date for the upcoming product drop, showing clear interest in purchasing."
seethewayisee,Clothing and Footwear,ANY CHANCE PATCH GOODIE CAN GO ON FLASH SALE?!?!?! And is it oversized? ??,0,The user is excitedly asking if the patch goodie item could be part of a flash sale and inquiring about its fit (whether it's oversized).
seethewayisee,Clothing and Footwear,Yesssz,0,"The user is enthusiastically agreeing or showing strong approval, likely in response to a product or announcement mentioned earlier in the chat."
seethewayisee,Clothing and Footwear,"I would need that as a reminder. Yes, on the yellow!",0,"The user is expressing strong interest in purchasing the yellow item mentioned earlier, likely as a motivational reminder, aligning with the enthusiasm for color-specific products in the chat."
seethewayisee,Clothing and Footwear,Are they hidden messages or do they stand out?,0,"The user is likely asking whether the product's messages are discreet or prominently visible, possibly seeking clarification on its design features."
seethewayisee,Clothing and Footwear,Green,1,The user is likely requesting or expressing interest in a green-colored hoodie or item mentioned earlier in the chat.
seethewayisee,Clothing and Footwear,love it,1,"The user likely expresses strong admiration and desire for the product being discussed, aligning with the enthusiastic tone of previous messages about colors and items."
seethewayisee,Clothing and Footwear,I do that all of the time,0,"The user likely means they frequently purchase or engage with the products being discussed in the直播, aligning with the general enthusiasm for items and colors mentioned earlier."
seethewayisee,Clothing and Footwear,I think blue,1,"The user likely expresses a preference for the blue color option among the available products, aligning with others discussing color choices like yellow and green."
seethewayisee,Clothing and Footwear,I love that,0,"The user is expressing strong admiration for a product or item mentioned in the live stream, likely indicating purchase interest."
seethewayisee,Clothing and Footwear,will protect your peace come back?,0,"The user is likely asking if the product (possibly with a calming or protective theme) will be restocked soon, based on the enthusiastic demand for various colors/styles in previous messages."
seethewayisee,Clothing and Footwear,Yessss,0,"The user is enthusiastically agreeing with or showing excitement about a product or color mentioned in the previous chat, likely supporting a purchase decision."
seethewayisee,Clothing and Footwear,Ooo I like it,0,"The user is expressing enthusiasm and interest in a product being shown, likely agreeing with others' positive reactions and considering a purchase."
seethewayisee,Clothing and Footwear,When will they drop?,1,"The user is asking about the release time of the upcoming product drop, likely referencing previous mentions of new items in the chat."
seethewayisee,Clothing and Footwear,Any chance we can do the patchwork hoodie on flash sale? And is it oversized or regular sizing? Thx,1,The user is inquiring about a potential discount for the patchwork hoodie and asking for clarification on its fit (oversized vs regular).
seethewayisee,Clothing and Footwear,will shorts be like repeat shorts?,1,The user is asking if the shorts will be restocked or available again in the same style.
seethewayisee,Clothing and Footwear,NICE,0,"The user is expressing enthusiastic approval and interest in the current product being shown, likely agreeing with others' positive reactions."
seethewayisee,Clothing and Footwear,Happy Friday Friends!!!!!,0,"The user is expressing excitement and positivity about the live stream, likely joining in the upbeat atmosphere and engaging with the community."
seethewayisee,Clothing and Footwear,great ideas exciting,0,"The user is expressing enthusiasm and admiration for the creative concepts presented in the live stream, likely agreeing with others' positive reactions."
seethewayisee,Clothing and Footwear,can we get a rough time range this collection will be out ??,1,"The user is inquiring about the estimated release timeframe for the upcoming collection, showing interest in potential future purchases."
seethewayisee,Clothing and Footwear,When are they coming out,1,"The user is asking about the release date of the upcoming collection, likely echoing others' inquiries about product drops."
seethewayisee,Clothing and Footwear,When is my check book gonna hurt,0,"The user is likely asking in a humorous way when the new collection will be released, implying they're ready to spend money on it."
seethewayisee,Clothing and Footwear,Give us another one !!,0,"The user is excited and requesting the host to showcase or release another product, likely due to high engagement with the current items being discussed."
seethewayisee,Clothing and Footwear,When is the drop?,1,The user is asking about the release time of the upcoming product collection.
seethewayisee,Clothing and Footwear,uuuum loooovd,0,"The user likely means ""I really love this!"" expressing strong enthusiasm for the product being shown."
seethewayisee,Clothing and Footwear,Beautiful choice!! In love with,0,"The user is expressing strong admiration and enthusiasm for the product, likely indicating a high purchase interest."
seethewayisee,Clothing and Footwear,Can we see the new tired crew,0,"The user is asking to view the newly released ""tired crew"" product during the live stream."
seethewayisee,Clothing and Footwear,Cutie I love!!,0,"The user is expressing strong admiration for a product or feature shown in the直播, likely indicating purchase interest with affectionate enthusiasm."
seethewayisee,Clothing and Footwear,Green and blue,1,The user is likely expressing their preference for the green and blue color options among the discussed products.
seethewayisee,Clothing and Footwear,Perfect!!!,0,"The user is expressing strong admiration and excitement for a product or feature shown in the直播, likely echoing others' positive reactions to the collection."
seethewayisee,Clothing and Footwear,ANY CHANCE PATCH GOODIE CAN GO ON FLASH SALE?!?!?! And is it oversized?,1,"The user is eagerly asking if the patch goodie item might be discounted soon and inquiring about its fit, showing strong purchase interest."
seethewayisee,Clothing and Footwear,Yes makes sense ??,0,"The user is likely agreeing with or confirming a previous statement about the product's features or release details, showing engagement and understanding."
seethewayisee,Clothing and Footwear,My Neurologist loved my Migraine Brain crew when I went in for my Botox! Handed him 1 of your cards!,0,"The user is enthusiastically sharing that their neurologist admired their Migraine Brain crew (likely a product from the brand) and even took a business card, implying strong endorsement and satisfaction."
seethewayisee,Clothing and Footwear,Emotional,0,"The user likely expresses admiration or emotional connection to the showcased product, mirroring others' enthusiastic reactions to the collection.  (Word count: 15)  注：  1. 采用""emotional connection""精准对应弹幕场景中的感性反馈（如""in love with""/""loooovd""）  2. ""mirroring others""体现直播间当前以产品赞美为主的互动氛围  3. 用""showcased product""而非具体品类，保持释义通用性"
seethewayisee,Clothing and Footwear,Positive vibes ????????,0,The user is expressing enthusiastic enjoyment of the lively atmosphere and positive energy in the live stream.
seethewayisee,Clothing and Footwear,Wooooooo so exciting!!!,0,"The user is expressing enthusiastic excitement about the current product or moment in the live stream, likely reacting to a new reveal or engaging presentation."
seethewayisee,Clothing and Footwear,summer colors,0,The user is likely expressing interest in seeing or purchasing items with vibrant summer-themed color palettes in the upcoming collection.
seethewayisee,Clothing and Footwear,Okay ??,0,The user is likely seeking confirmation or clarification about a previous statement regarding the product release or details mentioned in the直播.
seethewayisee,Clothing and Footwear,Yay,0,"The user is expressing excitement and enthusiasm about the upcoming product release, aligning with the overall positive and eager tone of the previous chat messages."
seethewayisee,Clothing and Footwear,(Lives on TikTok),0,The user is likely indicating they follow the brand's TikTok content and want to know if this collection will also be featured there.
seethewayisee,Clothing and Footwear,Great birthday present for me,0,"The user is expressing that the product would be a perfect gift for themselves, indicating strong personal interest and purchase intent."
seethewayisee,Clothing and Footwear,Eeekkkk,0,"The user is likely expressing excited enthusiasm or admiration for a product, similar to the joyful reactions seen in previous messages like ""Wooooooo so exciting!!!"" or ""Perfect!!!""."
seethewayisee,Clothing and Footwear,Will you do a variety of sayings on each color?,1,The user is asking if different color options will feature unique designs or text variations.
seethewayisee,Clothing and Footwear,take my paycheck now lol,0,"The user is enthusiastically expressing their strong desire to purchase the product immediately, humorously implying they're ready to spend their entire paycheck on it."
seethewayisee,Clothing and Footwear,So exciting! Looking forward to it!! Will start saving now lol,0,"The user is expressing enthusiastic anticipation for a product and humorously mentions saving money to purchase it, likely influenced by the positive and excited tone of previous messages."
seethewayisee,Clothing and Footwear,overthinker!!!,0,"The user is likely playfully expressing admiration for the product's thoughtful or creative design, aligning with the enthusiastic and supportive tone of previous messages."
seethewayisee,Clothing and Footwear,Migraine brain,0,"The user is likely expressing personal connection to the ""Migraine Brain"" product, possibly relating to their own experiences or medical conditions mentioned earlier."
seethewayisee,Clothing and Footwear,anxious,0,"The user likely expresses nervous excitement about the upcoming product launch, relating to the emotional and enthusiastic tone of recent chatter."
seethewayisee,Clothing and Footwear,Why,0,"The user is likely seeking clarification or more details about a previous statement, possibly regarding product features, colors, or promotions mentioned earlier in the chat."
seethewayisee,Clothing and Footwear,EMOTIONALLLLLLL,0,"The user is enthusiastically expressing deep emotional connection or excitement, likely resonating with the product's sentimental value or the lively atmosphere of the直播."
seethewayisee,Clothing and Footwear,Patchwork shorts!,1,"The user is likely expressing excitement or interest in purchasing the patchwork shorts, possibly influenced by the lively and enthusiastic tone of the previous chat."
seethewayisee,Clothing and Footwear,988 pants and hoodie,1,"The user is likely expressing interest in purchasing the mentioned pants and hoodie priced at $988, possibly influenced by the excited and positive tone of previous comments about the products."
seethewayisee,Clothing and Footwear,988 or worrier,0,"The user is likely asking if the product comes in ""988"" (a mentioned style) or ""worrier"" (possibly another design), expressing interest in purchasing either option."
seethewayisee,Clothing and Footwear,Think too much,0,"The user likely means ""I'm overanalyzing this purchase decision"" in response to the excited and emotional tone of previous messages about the products."
seethewayisee,Clothing and Footwear,MIGRAINEEEEE ????,0,"The user is likely expressing excitement or curiosity about a product related to migraines, possibly referencing a previous mention of ""Migraine brain"" in the chat."
seethewayisee,Clothing and Footwear,Thank you!!!,0,"The user is expressing gratitude and excitement, likely in response to a product reveal or helpful information shared during the lively, interactive stream."
seethewayisee,Clothing and Footwear,It looks really nice today,0,The user likely means they find the current product or outfit appealing and are showing interest in purchasing it.
seethewayisee,Clothing and Footwear,holy sale,0,"The user is likely expressing excitement or amazement about the current sale, possibly in response to a special discount or promotion mentioned in the直播."
seethewayisee,Clothing and Footwear,love the shorts so comfy,1,The user is expressing strong admiration for the shorts' comfort and likely intends to purchase them.
seethewayisee,Clothing and Footwear,How about a bit of everything ??,0,The user is likely asking if they can purchase a mix of different items or variations offered in the sale.
seethewayisee,Clothing and Footwear,when are you restocking repeat hoodie,0,"The user is inquiring about the restock date for the ""repeat hoodie"" because they're interested in purchasing it."
seethewayisee,Clothing and Footwear,please emotional ????,1,"The user is likely asking for more emotional or heartfelt content, possibly in response to the previous excited and enthusiastic reactions from others in the chat."
seethewayisee,Clothing and Footwear,988 hoodie,1,"The user is likely expressing interest in purchasing the ""988 hoodie"" or inquiring about its availability, based on previous mentions of the same product line in the chat."
seethewayisee,Clothing and Footwear,"Whatever you have, I will take",0,"The user is expressing strong enthusiasm and a willingness to buy any available products from the brand, likely influenced by the hype around the 988 collection and emotional excitement in the chat."
seethewayisee,Clothing and Footwear,Repeat patchwork shorts,0,The user is likely requesting a restock or showing interest in purchasing the patchwork shorts mentioned earlier in the chat.
seethewayisee,Clothing and Footwear,Worrier!!!!!,0,"The user is likely expressing excitement or strong interest in the ""Worrier"" product mentioned earlier, possibly comparing it to the ""988"" item or relating to emotional/overthinking themes in the chat."
seethewayisee,Clothing and Footwear,988 pants,1,"The user is likely expressing interest in purchasing the ""988 pants"" mentioned earlier, possibly inquiring about availability or price."
seethewayisee,Clothing and Footwear,Do you know pricing yet?,1,"The user is likely inquiring about the price of a product mentioned earlier, possibly the ""988"" collection or patchwork shorts, showing genuine interest in making a purchase."
seethewayisee,Clothing and Footwear,Shorts!!,1,"The user is likely excitedly referring to or requesting the patchwork shorts mentioned earlier, showing strong interest in purchasing them."
seethewayisee,Clothing and Footwear,EMOTIONAL!,0,"The user is likely expressing strong enthusiasm or emotional connection to a product, possibly the ""Emotional"" item mentioned earlier, indicating a desire to purchase or praise it."
seethewayisee,Clothing and Footwear,I think I think too much!!,0,"The user is likely expressing hesitation or overthinking about a purchase decision, possibly related to the ""988"" or ""worrier"" items mentioned in previous chats."
seethewayisee,Clothing and Footwear,Indecisive.,0,"The user is expressing hesitation about choosing between the 988 collection items, influenced by others' discussions of indecision and product preferences."
seethewayisee,Clothing and Footwear,988 pants and hoodie flash,1,"The user is likely expressing strong interest in purchasing the 988 pants and hoodie set due to the flash sale, influenced by others discussing similar items."
seethewayisee,Clothing and Footwear,Loving the hair today,0,"The user is complimenting the host's hairstyle, showing positive engagement but not directly indicating purchase intent for any product."
seethewayisee,Clothing and Footwear,the indecisive?,0,"The user is likely asking if the product ""Indecisive"" (possibly a clothing item) is available or will be restocked, referencing earlier mentions of similar items like ""988"" and ""Repeat."""
seethewayisee,Clothing and Footwear,any protect your peace left? size medium?,1,"The user is asking if the ""Protect Your Peace"" item in size medium is still available for purchase, showing clear interest in buying it."
seethewayisee,Clothing and Footwear,Can we see the new tired crew color,1,"The user is likely asking to view the new color option for the ""tired crew"" product mentioned earlier in the chat."
seethewayisee,Clothing and Footwear,Indecisive hoodie!!,0,"The user is excitedly expressing interest in the ""Indecisive"" hoodie mentioned earlier, likely wanting to purchase or learn more about it."
seethewayisee,Clothing and Footwear,i like your glasses ??,0,"The user is expressing admiration for the glasses and likely considering purchasing them, similar to others showing interest in specific items like hoodies and shorts."
seethewayisee,Clothing and Footwear,perfect either way,0,"The user likely means they would be happy with any option available, showing flexible interest in the products discussed."
seethewayisee,Clothing and Footwear,Repeat after me shorts?,1,"The user is likely asking if the ""Repeat"" brand shorts will be restocked soon, showing interest in purchasing them based on previous product mentions."
seethewayisee,Clothing and Footwear,I need the anxious i missed it,0,"The user likely means: ""I'm worried I missed out on the 'anxious' item and want to check if it's still available."""
seethewayisee,Clothing and Footwear,I think too much,0,"The user is expressing hesitation or overthinking about a purchase decision, likely influenced by the indecisive tone in previous messages about clothing items."
seethewayisee,Clothing and Footwear,Both look great!,1,"The user is expressing admiration for two items being shown, likely indicating interest in purchasing both."
seethewayisee,Clothing and Footwear,Everyone just put what you want on your carts because here we go,0,The user is encouraging others to quickly add desired items to their carts as the shopping event is about to start.
seethewayisee,Clothing and Footwear,YAYYYYY,0,"The user is expressing enthusiastic excitement, likely in response to the anticipation of a product drop or a positive moment in the live stream."
seethewayisee,Clothing and Footwear,get the shorts !!!!!!! no way!!!,0,"The user is excitedly expressing strong interest in purchasing the shorts, likely reacting to their appearance or availability in the直播."
seethewayisee,Clothing and Footwear,u will love the shorts! I sized down,0,"The user is enthusiastically recommending the shorts and sharing their own sizing choice, suggesting they fit well when ordered smaller."
seethewayisee,Clothing and Footwear,Can we see the new tired colorway,1,"The user is asking to view the latest color option of the ""tired"" collection, likely referencing a previously mentioned product line."
seethewayisee,Clothing and Footwear,Your sweatshirts are my fav ones ever ??????,0,"The user is enthusiastically expressing their strong preference for the sweatshirts, likely in response to seeing them showcased or discussed in the直播."
seethewayisee,Clothing and Footwear,Please think too much,0,"The user likely means ""Don't overanalyze it"" in response to others' indecision about purchases, encouraging simpler decision-making during the flash sale."
seethewayisee,Clothing and Footwear,GOT IT ??????,0,"The user is excitedly confirming their purchase decision, likely for the indecisive hoodie or similar item mentioned earlier, with enthusiastic agreement to the positive feedback in the chat."
seethewayisee,Clothing and Footwear,Me too!,0,"The user likely agrees with a previous comment about liking a product (e.g., hoodie or glasses) or shares the same desire/experience mentioned earlier."
seethewayisee,Clothing and Footwear,Migraine Brain ????????????,0,"The user is likely asking if the ""Migraine Brain"" product is still available or expressing interest in purchasing it, based on the context of discussing similar items."
seethewayisee,Clothing and Footwear,ladies I am 100 away from 1500,0,"The user is likely indicating they're close to reaching a spending goal (e.g., $100 away from $1,500 total purchases) and may be seeking encouragement or confirmation about their shopping progress."
seethewayisee,Clothing and Footwear,ordered ???? idk why once you order it kicks you off the live lol i had to jump back in,0,The user is confused about being automatically exited from the live stream after placing an order and had to rejoin.
seethewayisee,Clothing and Footwear,Migraine brain? Please mam,0,"The user is likely asking if the product ""Migraine Brain"" is available for purchase, expressing interest in buying it."
seethewayisee,Clothing and Footwear,Any more previews?,0,The user is asking if there will be additional product previews shown in the livestream before the actual purchase opportunity.
seethewayisee,Clothing and Footwear,love the shorts,1,"The user is expressing enthusiasm and approval for the shorts, likely indicating a strong interest in purchasing them based on the positive context of previous messages."
seethewayisee,Clothing and Footwear,Worrier?,0,"The user is likely asking if the product is suitable for someone who tends to worry or overthink, possibly referencing the ""Migraine Brain"" and ""think too much"" comments earlier."
seethewayisee,Clothing and Footwear,Girly you look amazing,0,The user is complimenting the host's appearance while showing enthusiasm for the fashion items being showcased.
seethewayisee,Clothing and Footwear,can u do 988 pants,1,"The user is likely asking if the seller can offer the pants for a discounted price of $988, showing purchase interest."
seethewayisee,Clothing and Footwear,repeat after me patchwork?,0,"The user is likely asking the host to demonstrate or explain the ""patchwork"" design mentioned earlier, possibly out of curiosity or purchase interest."
seethewayisee,Clothing and Footwear,Migraine brain ????????????????????,0,"The user is likely asking if the product ""Migraine Brain"" is available or expressing interest in purchasing it, possibly referencing a previous mention in the chat."
seethewayisee,Clothing and Footwear,yay got the ones I've been eyeing!!!,0,The user is excitedly confirming they successfully purchased the items they had been wanting for a while.
seethewayisee,Clothing and Footwear,anxious!,0,"The user likely feels nervous or excited about making a purchase decision, possibly influenced by others' positive comments about the products."
seethewayisee,Clothing and Footwear,I think I think too much!! Please ????,0,"The user is likely expressing hesitation or overthinking about a purchase, possibly influenced by others' excitement about the shorts, and seeking reassurance or clarity."
seethewayisee,Clothing and Footwear,Here we goooo guys,0,The user is likely expressing excitement and anticipation for an upcoming product or reveal in the live stream.
seethewayisee,Clothing and Footwear,Can see the new tired crew colorway,0,"The user is asking to view the new color variation of the ""tired crew"" product mentioned earlier in the chat."
seethewayisee,Clothing and Footwear,I GOT EMOTIONAL!!!! THANKS,0,"The user is expressing overwhelming gratitude and emotional excitement, likely after successfully purchasing a desired item mentioned earlier in the chat."
seethewayisee,Clothing and Footwear,When are you restocking repeat hoodie??????,1,"The user is eagerly asking about the restock date for the ""repeat hoodie"" due to high interest in purchasing it."
seethewayisee,Clothing and Footwear,Just got the sticker pack!! Allie influenced me to cover my Owala,0,"The user is excitedly sharing that they purchased a sticker pack after being inspired by Allie to decorate their Owala bottle, indicating a successful influence from the host."
seethewayisee,Clothing and Footwear,I just ordered  all the things,0,"The user is excitedly sharing that they've just purchased multiple items from the直播, likely influenced by the positive shopping atmosphere and others' purchases."
seethewayisee,Clothing and Footwear,repeat after me hoodie sale?,0,"The user is likely asking if the ""repeat after me"" hoodie is currently on sale or available for purchase, showing interest in buying it."
seethewayisee,Clothing and Footwear,????so many orders,0,The user is expressing surprise or disbelief at the high number of orders being placed during the live stream.
seethewayisee,Clothing and Footwear,Heyyyyy!,0,"The user is likely expressing excitement or greeting the stream enthusiastically, possibly indicating engagement with the ongoing lively shopping atmosphere."
seethewayisee,Clothing and Footwear,I got 2 orders in,0,The user is excitedly confirming they've successfully placed two orders during the live sale.
seethewayisee,Clothing and Footwear,dropping everything,0,The user likely means they're abandoning other tasks to focus on buying items from the live sale immediately.
seethewayisee,Clothing and Footwear,?????? so many orders my husband is gonna be confused...,0,"The user is humorously expressing concern that their frequent purchases might surprise their husband, indicating active participation in the shopping spree."
seethewayisee,Clothing and Footwear,lol,0,"The user likely typed ""lol"" to casually acknowledge the chaotic or humorous tone of the recent chat about multiple orders and excitement."
seethewayisee,Clothing and Footwear,Oop,0,"The user likely expresses playful surprise or realization about missing out on a trending item, mirroring the fast-paced shopping frenzy in previous chats."
seethewayisee,Clothing and Footwear,Hahahahhahahhaha,0,"The user is likely laughing along with the lively and humorous atmosphere of the chat, reacting to the excitement and chaos of others placing orders."
seethewayisee,Clothing and Footwear,Oops lol,0,The user likely expressed lighthearted surprise or amusement at the chaotic shopping energy in the chat.
seethewayisee,Clothing and Footwear,I GOT IT WOOT WOOT ??????,0,"The user is excitedly announcing they successfully purchased the desired item, reflecting the overall enthusiastic and purchase-driven atmosphere in the chat."
seethewayisee,Clothing and Footwear,Crew down,0,"The user likely means ""I missed out on the crewneck (due to high demand or fast selling)."""
seethewayisee,Clothing and Footwear,anxious for anxious!,0,"The user is likely expressing playful excitement or impatience about a product release, mirroring the hype in previous messages about orders and restocks."
seethewayisee,Clothing and Footwear,indecisive sweats!,0,The user is playfully expressing nervous excitement about making a purchase decision amid the chaotic shopping frenzy in the chat.
seethewayisee,Clothing and Footwear,Cry a lot please,0,The user is likely playfully urging the host to showcase emotional or dramatic content to make the shopping experience more entertaining.
seethewayisee,Clothing and Footwear,Cry a lot,0,"The user is likely expressing strong emotional excitement or overwhelmed feelings about the products, possibly wanting to purchase them despite the emotional reaction."
seethewayisee,Clothing and Footwear,repeat after me patchwork hoodie?,1,"The user is likely asking if the patchwork hoodie mentioned earlier will be restocked soon, showing interest in purchasing it."
seethewayisee,Clothing and Footwear,Thank you,0,"The user likely expresses gratitude for the product or purchase opportunity, possibly after securing an item mentioned earlier like the hoodie."
seethewayisee,Clothing and Footwear,dying for anxious,0,"The user is playfully expressing intense excitement or eagerness for the ""anxious"" product, mirroring the hype in previous messages about purchases."
seethewayisee,Clothing and Footwear,New designs coming?,1,"The user is likely inquiring about upcoming product releases with curiosity or anticipation, possibly seeking confirmation on new items mentioned earlier."
seethewayisee,Clothing and Footwear,This is my 10th shirt from you and I got my first stickers!!! ????,0,The user is excitedly expressing their loyalty as a repeat customer and joy over receiving free stickers with their latest purchase.
seethewayisee,Clothing and Footwear,988 pants please,1,"The user is likely expressing strong interest in purchasing the ""988 pants"" and may be requesting them to be shown or added to their order."
seethewayisee,Clothing and Footwear,Put the little alarms that go off when the door open! Makes a chime sound!!,0,"The user is enthusiastically suggesting the seller add door chime alarms as a new product, likely inspired by others sharing their purchases and excitement in the chat."
seethewayisee,Clothing and Footwear,Do you have ghosts?,1,"The user is likely asking if the store carries any Halloween-themed or spooky products, playfully referencing the chaotic and excited tone of previous messages."
seethewayisee,Clothing and Footwear,Dang it I missed the think too much,0,"The user likely expresses frustration at missing out on the ""think too much"" product due to hesitation, echoing the chat's theme of indecision and limited-edition urgency."
seethewayisee,Clothing and Footwear,oh my gosh 300$ worth of stuff in the last 30 min. but so worth it,0,The user is excitedly acknowledging their impulsive spending but justifying it as highly satisfying despite the high cost.
seethewayisee,Clothing and Footwear,When will the orders be shipped out,0,"The user is likely an excited buyer seeking confirmation on delivery timing after purchasing, reflecting the直播间's active shopping氛围."
seethewayisee,Clothing and Footwear,Thank you!!,0,"The user is likely expressing gratitude for a recent purchase, product reveal, or helpful interaction with the host during the lively shopping-focused stream."
seethewayisee,Clothing and Footwear,When will orders be shipped out?,0,The user is likely an interested buyer seeking confirmation on the delivery timeline for their potential/placed order.
seethewayisee,Clothing and Footwear,I Got migraine brain!! ?? ????????????,0,"The user is likely expressing excitement or overwhelmed feelings about the products, possibly due to impulsive shopping or migraine-induced enthusiasm."
seethewayisee,Clothing and Footwear,I got the pancake shirt ???? hope it fits,0,"The user is excited about purchasing the ""pancake shirt"" and expressing hopeful anticipation about its fit."
seethewayisee,Clothing and Footwear,Pancakes crew neck please,0,"The user is requesting the ""Pancakes"" crew neck shirt, likely inspired by seeing someone else mention owning the ""pancake shirt"" in previous chat."
seethewayisee,Clothing and Footwear,I got the set of anxious,0,"The user likely means: ""I just purchased the 'anxious' clothing set"" (expressing excitement about their recent buy, referencing a popular product in the chat)."
seethewayisee,Clothing and Footwear,We love you and your brand!! ??????,1,"The user is enthusiastically expressing strong admiration and loyalty to the brand, likely motivated by positive past experiences with their products."
seethewayisee,Clothing and Footwear,Think too much again please,0,"The user likely missed a product named ""Think too much"" and is requesting it to be shown again, similar to how others asked for items like ""988 pants"" or ""Pancakes crew neck."""
seethewayisee,Clothing and Footwear,I hope all the orders gonna ship together else my partner is gonna have a fit,0,The user is concerned about separate shipments causing issues with their partner and hopes all items will be shipped together to avoid conflict.
seethewayisee,Clothing and Footwear,Can you so think too much again please,0,"The user likely wants the host to restock or showcase the ""Think Too Much"" product again, as they missed it earlier and others have mentioned it."
seethewayisee,Clothing and Footwear,missed the medium in anxious,0,"The user likely means: ""I regret missing the medium size of the 'anxious' item due to hesitation."""
seethewayisee,Clothing and Footwear,damn,0,"The user likely expresses frustration or disappointment, possibly for missing an item or deal mentioned earlier in the chat."
seethewayisee,Clothing and Footwear,I got a I think too much yay!!,0,"The user is excited about purchasing the ""think too much"" item they previously missed, similar to others expressing interest in specific products."
seethewayisee,Clothing and Footwear,Oh no! I was checking out and the price of I think I think too much changed ??,0,"The user is expressing frustration that the price of the ""I think too much"" item changed unexpectedly during checkout."
seethewayisee,Clothing and Footwear,Will the pancakes crew go on sale?,1,"The user is asking if the pancakes crew neck item will be discounted soon, showing purchase interest based on previous mentions of that product."
seethewayisee,Clothing and Footwear,seperate orders will ship together right? lol,0,"The user is confirming if multiple separate orders will be combined for shipping, likely to avoid extra fees or delivery hassles, while adding a lighthearted tone with ""lol."""
seethewayisee,Clothing and Footwear,I wanna grab to get free shipping ??,0,The user is likely asking if they need to add more items to their cart to qualify for free shipping.
seethewayisee,Clothing and Footwear,Please 988 pants!,0,"The user is urgently requesting a restock or another chance to purchase the ""988 pants"" they missed, likely due to high demand or limited availability."
seethewayisee,Clothing and Footwear,Can you do the 988 hoodie?,1,"The user is likely asking if the 988 hoodie is available for purchase, showing interest in adding it to their order like others did with similar items."
seethewayisee,Clothing and Footwear,Flash giveaway?,0,The user is likely asking if there will be a sudden unannounced giveaway during the livestream.
seethewayisee,Clothing and Footwear,Think too much again,0,"The user is likely requesting a restock or repurchase opportunity for the ""Think too much"" product mentioned earlier in the chat."
seethewayisee,Clothing and Footwear,"Oh gosh I just keep buying!!! lol just look at all my orders and send it all in one package, please",0,The user is excitedly expressing their enthusiasm for purchasing multiple items and requests combined shipping for all their orders.
seethewayisee,Clothing and Footwear,such a good deal on 3 items today ?? so excited,1,The user is expressing enthusiasm about the discounted bundle offer and their excitement to purchase the three items mentioned in the deal.
seethewayisee,Clothing and Footwear,Go Sonia go,0,"The user is likely cheering for Sonia (possibly the host or brand) enthusiastically, showing support and engagement in the lively shopping atmosphere."
seethewayisee,Clothing and Footwear,Dang missed all giveaways,0,The user is expressing disappointment at missing out on the flash giveaways mentioned earlier in the chat.
seethewayisee,Clothing and Footwear,I need anxious & think too much to go on sale at same time ????,0,"The user is anxiously asking if the items ""anxious"" and ""think too much"" will be restocked simultaneously for purchase."
seethewayisee,Clothing and Footwear,Thank you!!!!!! You are a gem!!!!,0,"The user is expressing enthusiastic gratitude, likely for a positive interaction, discount, or giveaway mentioned earlier in the chat."
seethewayisee,Clothing and Footwear,I missed anxious,0,"The user likely means: ""I missed getting the 'Anxious' item due to it selling out or not being on sale yet."""
seethewayisee,Clothing and Footwear,Can you do think too much again? I was checking out and it changed,0,"The user is frustrated because the price or availability of the item ""think too much"" changed unexpectedly during checkout."
seethewayisee,Clothing and Footwear,Think I think too much,0,"The user is likely expressing frustration or disappointment about missing the chance to purchase the item ""Think too much"" due to a price change or stock issue."
seethewayisee,Clothing and Footwear,So excited !!!!??,0,"The user is expressing enthusiastic excitement about a potential purchase or deal, likely related to the ""think too much"" or ""anxious"" items mentioned in previous messages."
seethewayisee,Clothing and Footwear,Think too much?,0,"The user is likely asking if the product ""Think too much"" will be restocked or offered again, based on previous mentions of it being unavailable during checkout."
seethewayisee,Clothing and Footwear,ugh i need that blue,1,"The user likely expresses strong desire for the blue item, possibly matching others' excitement over similar products, and may intend to purchase it."
seethewayisee,Clothing and Footwear,Shut the front door ????????,0,"The user is expressing excited disbelief or surprise, likely about a product or deal mentioned in the直播, possibly related to the ""Think too much"" item that keeps being discussed."
seethewayisee,Clothing and Footwear,indecisive sweats?,0,"The user is likely expressing hesitation about which sweatshirt to choose, possibly between ""anxious"" and ""think too much"" designs mentioned earlier."
seethewayisee,Clothing and Footwear,Yesssss,0,"The user is expressing enthusiastic agreement or excitement, likely in response to a product offer or deal mentioned in the live stream."
seethewayisee,Clothing and Footwear,Can you show the colors of the upcoming release again!?!? I wanna show my friend?,1,"The user is excitedly asking to re-display the upcoming release's color options to share with a friend, indicating strong purchase consideration."
seethewayisee,Clothing and Footwear,We need,0,"The user likely wants to express a strong desire or need for a specific product mentioned earlier in the chat, similar to others requesting items."
seethewayisee,Clothing and Footwear,Did the pancakes and panic attack sell out,0,"The user is likely asking if the ""pancakes and panic attack"" items are still available for purchase, showing interest in those products."
seethewayisee,Clothing and Footwear,Has,0,"The user is likely asking if the product ""Has"" is available or will be restocked, referencing previous mentions of items like ""Anxious"" and ""Think Too Much."""
seethewayisee,Clothing and Footwear,thank you so much,0,"The user likely expresses gratitude for a helpful response or service received during the live stream, possibly related to product inquiries or order assistance."
seethewayisee,Clothing and Footwear,thank you!!!! your awesome,0,The viewer is enthusiastically expressing gratitude and admiration for the host's performance or deals offered in the live stream.
seethewayisee,Clothing and Footwear,Thanks Sophie,0,The user is likely expressing gratitude to the host (Sophie) for the engaging content or helpful information shared during the live stream.
seethewayisee,Clothing and Footwear,Thank you have a good day,0,The user is likely expressing gratitude and bidding farewell politely without showing direct purchase interest.
seethewayisee,Clothing and Footwear,Have a great weekend everyone!!,0,"The user is likely expressing friendly farewell wishes to the community without purchase intent, aligning with the general appreciative tone of recent messages."
seethewayisee,Clothing and Footwear,Have a great day,0,"The user is likely expressing polite gratitude and wishing the host a pleasant day, aligning with the friendly and appreciative tone of recent messages."
seethewayisee,Clothing and Footwear,thank you!,0,"The user is expressing gratitude, likely in response to the host's assistance, product showcase, or positive interaction, aligning with the appreciative tone of recent messages."
seethewayisee,Clothing and Footwear,I would love to see the repeat after me patchwork back!,0,"The user is enthusiastically requesting to see the ""repeat after me patchwork back"" design again, likely because they're interested in purchasing it or admiring its details."
seethewayisee,Clothing and Footwear,?????? excited to get my 300$  order! thank you!,0,The user is enthusiastically expressing gratitude and excitement for successfully placing a high-value order ($300) during the livestream.
seethewayisee,Clothing and Footwear,omg yes mental healthcare provider drop!!!,0,The user is enthusiastically expressing excitement and strong interest in purchasing the newly announced mental healthcare-themed product.
seethewayisee,Clothing and Footwear,Finally decided and ordered my indecisive hoodie! ??,1,The user is expressing relief and excitement about overcoming their hesitation to purchase the hoodie they had been contemplating.
seethewayisee,Clothing and Footwear,Have a great weekend,0,"The user is likely expressing friendly farewell wishes to the host/viewers, aligning with the appreciative tone of recent gratitude messages in the chat."
seethewayisee,Clothing and Footwear,I got 5 different orders,0,"The user is proudly sharing that they've made multiple purchases (likely 5 items) during the直播, indicating strong buying interest and satisfaction with their orders."
seethewayisee,Clothing and Footwear,When will orders go out,0,"The user is likely inquiring about the estimated shipping timeline for their recent order, showing eagerness to receive the purchased items based on others' excited order confirmations."
seethewayisee,Clothing and Footwear,Yay ??????,0,"The user is expressing enthusiastic excitement, likely about a recent purchase or upcoming product release, mirroring the positive tone of previous celebratory messages."
seethewayisee,Clothing and Footwear,Would love to see a mental healthcare provider drop in the future!,0,"The user is excited and hopeful for a future product release featuring mental healthcare providers, likely inspired by others' enthusiasm for similar drops."
seethewayisee,Clothing and Footwear,"Literally, thank you so much!",0,"The user is expressing genuine gratitude, likely for a recent purchase or helpful information shared during the live stream."
seethewayisee,Clothing and Footwear,Pane wekwaSadza here pano,0,"The user is likely asking if pancakes are still available for purchase here, expressing interest in the product mentioned earlier."
seethewayisee,Clothing and Footwear,bye,0,"The user is likely saying a casual goodbye after observing others expressing gratitude and farewells, indicating no direct purchase intent."
seethewayisee,Clothing and Footwear,We love you!!!!,0,"The user is expressing enthusiastic support and appreciation for the host or content, aligning with the overall positive and grateful tone of recent messages."
seethewayisee,Clothing and Footwear,We love you ??,0,"The user is expressing enthusiastic affection and support for the host or brand, mirroring the positive and grateful tone of recent messages."
seethewayisee,Clothing and Footwear,Much love and continued support,0,The user is expressing heartfelt appreciation and long-term loyalty to the host or brand.
seethewayisee,Clothing and Footwear,Never annoying!!,0,"The user is enthusiastically expressing strong approval or admiration for the product/host, implying they find it consistently enjoyable rather than irritating."
seethewayisee,Clothing and Footwear,You take time to rest too!!,0,"The user is expressing care and concern for the host, encouraging them to prioritize self-care amidst the lively shopping atmosphere."
seethewayisee,Clothing and Footwear,Lmao,0,The user is likely laughing casually at something amusing in the stream without expressing purchase intent.
seethewayisee,Clothing and Footwear,Wait for unexpected guys,0,The user is likely expressing anticipation for surprising or exciting product reveals in the upcoming segment of the live stream.
seethewayisee,Clothing and Footwear,Omg,0,"The user is likely expressing excitement or surprise about a product drop or announcement, similar to others' enthusiastic reactions in the chat."
seethewayisee,Clothing and Footwear,Shake it off x3 shake x5??????,0,"The user is likely playfully requesting or hyping up a song/dance moment in the live stream, matching the energetic tone of previous excited comments."
seethewayisee,Clothing and Footwear,Hahhahahahha what is happaninggg,0,"The user is likely expressing amusement or confusion about the chaotic or entertaining nature of the live stream, reacting to the lively and unpredictable atmosphere."
seethewayisee,Clothing and Footwear,LOL HAHAHA,0,The user is likely expressing amusement or laughter in response to the lighthearted and humorous tone of the ongoing conversation in the livestream chat.
seethewayisee,Clothing and Footwear,Omg no,0,"The user is likely expressing playful disbelief or exaggerated surprise at something happening in the live stream, possibly reacting to an unexpected or humorous moment."
seethewayisee,Clothing and Footwear,Oh please make it stop,0,The user likely finds the current content overwhelming or repetitive and is expressing a desire for it to end.
seethewayisee,Clothing and Footwear,Nooooooo lol,0,The user is likely expressing playful disbelief or exaggerated amusement in response to something funny or unexpected happening in the stream.
seethewayisee,Clothing and Footwear,Ooh another Einstein,0,"The user is likely playfully comparing the current situation or host's remark to something unexpectedly clever or genius, in a lighthearted and humorous tone."
seethewayisee,Clothing and Footwear,Cool,0,"The user likely means ""That's impressive/awesome"" in response to something exciting or innovative mentioned in the直播."
seethewayisee,Clothing and Footwear,Most of my pics are of Kobe ??,0,The user is likely expressing admiration for Kobe Bryant and subtly hinting at their interest in related merchandise or topics in the chat.
seethewayisee,Clothing and Footwear,Steven Squawking is an awesome name,0,"The user is likely playfully complimenting the name ""Steven Squawking"" as amusing or cool in a lighthearted, humorous context similar to the previous chat's tone."
seethewayisee,Clothing and Footwear,His voice is so creepy ??,0,"The user likely finds the speaker's voice unsettling or disturbing in a humorous or exaggerated way, possibly reacting to an unusual vocal tone or delivery during the livestream."
seethewayisee,Clothing and Footwear,Goodnight fam its late night here,0,"The user is likely expressing a friendly farewell while noting the late hour, indicating they're ending their participation in the lively, humorous chat session."
seethewayisee,Clothing and Footwear,Me handing my crown to Emy ??,0,"The user is playfully expressing admiration for Emy, suggesting they see her as deserving recognition or praise in a lighthearted, humorous way."
seethewayisee,Clothing and Footwear,happy streaming,0,"The viewer is sending supportive and cheerful vibes to the streamer, aligning with the lighthearted and humorous tone of the previous comments."
seethewayisee,Clothing and Footwear,70+ times is wild,0,The user is likely expressing amused disbelief at something being repeated excessively (like a phrase or action mentioned around 70 times in the stream).
seethewayisee,Clothing and Footwear,I would have made up a number,0,"The user is likely joking about randomly guessing a number in response to something mentioned in the stream, implying playful disinterest or sarcasm."
seethewayisee,Clothing and Footwear,A fake number would have been much easier ??,0,"The user is sarcastically suggesting that inventing a false statistic would have been simpler than providing an actual number, reflecting playful frustration with the content."
seethewayisee,Clothing and Footwear,She just had to block his number,0,"The user is likely expressing frustration or disbelief about someone blocking a phone number, possibly relating to a humorous or dramatic situation discussed in the stream."
seethewayisee,Clothing and Footwear,TRUE,0,"The user likely agrees with or confirms a previous statement, possibly about a surprising or amusing fact mentioned in the chat."
seethewayisee,Clothing and Footwear,This dude just naive,0,"The user likely means the speaker is being overly simplistic or lacks awareness, mocking their unrealistic or foolish behavior in a sarcastic tone."
seethewayisee,Clothing and Footwear,Why just dont say that u dont interested in a guy,0,"The user is likely expressing frustration or sarcasm, implying that someone should just admit they're not interested in a person rather than being indirect."
seethewayisee,Clothing and Footwear,Swiping at kneecaps ??,0,"The user is likely joking about the chaotic or absurd nature of the conversation, possibly referencing an exaggerated or violent metaphor for cutting through the nonsense."
seethewayisee,Clothing and Footwear,Thank youuuuuuuu,0,"The user is likely expressing exaggerated gratitude or amusement in a playful, sarcastic tone, possibly reacting to something ironic or absurd in the stream."
seethewayisee,Clothing and Footwear,He needs those shoe lifts,0,"The user is likely sarcastically suggesting that the person being discussed could use shoe lifts to appear taller, mocking their perceived inadequacy or insecurity."
seethewayisee,Clothing and Footwear,Back flip ??????,0,"The user is likely expressing playful surprise or excitement about a backflip performance in the直播, possibly reacting to a physical stunt or比喻性幽默."
seethewayisee,Clothing and Footwear,"man like Thomas, my guy??",0,"The user is likely expressing playful disbelief or admiration, comparing someone in the stream to a notable figure (Thomas) in an informal, joking manner."
seethewayisee,Clothing and Footwear,Bro got jokes for days??,0,"The user is playfully acknowledging the streamer's continuous humor, implying they find the jokes entertaining and engaging."
seethewayisee,Clothing and Footwear,This is she,0,"The user is likely confirming their identity or presence in a playful or sarcastic manner, possibly in response to being addressed indirectly in the conversation."
seethewayisee,Clothing and Footwear,Slick?????,0,"The user is likely expressing amusement or disbelief at something slick or smooth in the ongoing conversation, possibly reacting to a clever comment or action in the stream."
seethewayisee,Clothing and Footwear,Oh the other height episode lmao,0,"The user is likely making a humorous comment about someone's height, possibly mocking or teasing in a lighthearted way based on the playful tone of previous messages."
seethewayisee,Clothing and Footwear,Oh the opposite one,0,"The user likely refers to a contrasting or alternative option mentioned earlier in the discussion, possibly about height comparisons or opposing viewpoints."
seethewayisee,Clothing and Footwear,lol only time ever,0,"The user is sarcastically implying that this is the only amusing moment in the conversation, likely referring to a recurring joke about height."
seethewayisee,Clothing and Footwear,This probably is true,0,"The user likely agrees with a previous comment about honesty in relationships, implying that the stated situation seems believable based on the ongoing discussion."
seethewayisee,Clothing and Footwear,so she likes to emasculate men,0,"The user is sarcastically commenting that the woman in the discussion enjoys undermining men's confidence, likely referring to a recurring theme in the conversation about dating dynamics."
seethewayisee,Clothing and Footwear,Les not take it that far les is say she likes being the bigger spoon ??,0,"The user is playfully suggesting that the woman prefers being the dominant one in the relationship, referencing previous jokes about height and gender roles."
seethewayisee,Clothing and Footwear,??she likes what she likes ig,0,"The user is sarcastically implying that the woman in question has specific preferences, possibly mocking the previous comments about her liking to emasculate men or be the bigger spoon."
seethewayisee,Clothing and Footwear,She def knows what she wants,0,"The user implies that the woman in the discussion is confident and decisive about her preferences, likely referring to her dating choices or personality traits."
seethewayisee,Clothing and Footwear,Ayyy first American pope,0,"The user is likely making a sarcastic or exaggerated comment comparing the current situation to an improbable event, similar to the absurd tone in previous messages."
seethewayisee,Clothing and Footwear,Wait what?,0,The user is likely expressing confusion or surprise about a sudden or unexpected statement regarding someone's dating preferences or behavior in the conversation.
seethewayisee,Clothing and Footwear,Being from Washington hearing this every morning lmaooo,0,"The user finds the discussion relatable as someone from Washington, humorously implying they hear similar comments often."
seethewayisee,Clothing and Footwear,lol puppy love,0,"The user is likely playfully mocking the exaggerated romantic dynamics discussed earlier in the chat, implying the situation resembles naive teenage infatuation."
seethewayisee,Clothing and Footwear,Ohh nooo lmao,0,"The user is likely reacting with amusement and disbelief to a humorous or exaggerated comment in the conversation, possibly about relationships or preferences."
seethewayisee,Clothing and Footwear,The only way,0,"The user likely means ""This is the definitive solution"" or ""There's no other option,"" possibly referring to a product or situation discussed in the height-related banter earlier."
seethewayisee,Clothing and Footwear,How can he explain his behaviour,0,"The user is questioning how someone can justify their actions, likely referring to a humorous or controversial behavior discussed in the ongoing conversation."
seethewayisee,Clothing and Footwear,Brooke and Jubal show has been over for some years all of this is been recorded,0,"The user is likely pointing out that the current content is outdated, suggesting the show mentioned ended years ago and the footage being shown is pre-recorded."
seethewayisee,Clothing and Footwear,He got kicked off the show,0,"The user is likely commenting on someone being removed or rejected from the show, possibly referencing a past incident or character dismissal in a humorous/sarcastic tone."
seethewayisee,Clothing and Footwear,Everyone in Seattle know jubal canceled,0,"The user is sarcastically implying that Jubal's cancellation is common knowledge in Seattle, mocking the overreaction or exaggeration surrounding his departure from the show."
seethewayisee,Clothing and Footwear,Noooooo,0,The user likely expresses playful dismay or exaggerated disappointment in response to a humorous or surprising moment in the conversation.
seethewayisee,Clothing and Footwear,Ick,0,"The user likely expresses mild disgust or disapproval towards the ongoing discussion about relationship dynamics, possibly finding it off-putting or awkward."
seethewayisee,Clothing and Footwear,Water Filter girl,0,"The user is likely playfully referring to a female host or guest discussing water filters, implying interest in the product with a humorous nickname."
seethewayisee,Clothing and Footwear,Love this,0,"The user likely expresses genuine admiration or agreement with the current product/content, showing positive engagement compared to the previous mixed/neutral comments."
seethewayisee,Clothing and Footwear,REAL ???? $15.,0,The user is expressing surprise and skepticism about the product's authenticity while questioning its low price of $15.
seethewayisee,Clothing and Footwear,whatt a water filter,0,"The user is likely expressing surprise or admiration about a water filter mentioned earlier, possibly reacting to ""Water Filter girl"" in a positive or intrigued manner."
seethewayisee,Clothing and Footwear,damn wish I would have heard the whole thing lmao ??,0,The user expresses playful regret for missing part of the entertaining conversation while acknowledging the humorous tone of the discussion.
seethewayisee,Clothing and Footwear,"Today only, special discount",0,The user is likely highlighting the limited-time discount as a compelling reason to consider purchasing the promoted product today.
seethewayisee,Clothing and Footwear,Please mute the dude in the background with the crazy laugh,0,The user is annoyed by a distracting background noise and requests muting the person laughing loudly to improve the viewing experience.
seethewayisee,Clothing and Footwear,Heavy sigh ?????,0,"The user is likely expressing exasperation or disbelief at the ongoing discussion, possibly reacting to repetitive or frustrating content in the stream."
seethewayisee,Clothing and Footwear,The heavy sigh ????,0,"The user is expressing exasperation or disbelief at the ongoing discussion, likely finding it repetitive or frustrating."
seethewayisee,Clothing and Footwear,lol exactly,0,"The user is likely agreeing sarcastically with a previous comment, implying that something said was obvious or unsurprising."
seethewayisee,Clothing and Footwear,Oh no she wants to change him,0,"The user is likely expressing playful disapproval or amusement about someone trying to alter another person's behavior or appearance, matching the lighthearted tone of previous comments."
seethewayisee,Clothing and Footwear,She can fix him!,0,The user is sarcastically suggesting that the woman believes she can change or improve the problematic man being discussed in the conversation.
seethewayisee,Clothing and Footwear,Omg get her Brooke,0,"The user is likely expressing excitement and urging others to support or purchase Brooke's product, influenced by the lively and engaged tone of the previous chat."
seethewayisee,Clothing and Footwear,Touché,0,"The user likely means ""Good point"" or ""Well said,"" playfully acknowledging a clever or witty remark in the ongoing banter about the show's drama."
seethewayisee,Clothing and Footwear,Big difference between personal improvement and change. People rarely change who they are,0,"The user is likely critiquing the unrealistic expectation of changing someone's core personality, contrasting it with personal growth, in response to the discussion about fixing or altering a person."
seethewayisee,Clothing and Footwear,hey hey! back again,0,"The user is likely expressing excitement about returning to the live stream after previously watching, showing continued engagement with the content."
seethewayisee,Clothing and Footwear,nein,0,"The user is likely expressing disagreement or refusal in response to a suggestion or statement in the conversation, possibly about relationship dynamics mentioned earlier."
seethewayisee,Clothing and Footwear,Mexico in canada??????,0,"The user is likely expressing confusion or disbelief about a product's origin or a statement made in the直播, possibly questioning how something from Mexico relates to Canada."
seethewayisee,Clothing and Footwear,He SHOULD be mad,0,"The user likely means ""He has a valid reason to be upset"" in response to the ongoing discussion about someone's behavior or reaction in the situation."
seethewayisee,Clothing and Footwear,Tooo late girly,0,"She's expressing playful frustration at missing out on something in the live stream, likely referencing a product or deal that was just discussed."
seethewayisee,Clothing and Footwear,He gets straight up mean,0,The user is likely expressing frustration or disapproval toward someone's harsh or unkind behavior in the context of a relationship discussion.
seethewayisee,Clothing and Footwear,Like 2 years ago. went for dental work.,0,"The user is reminiscing about a past dental experience unrelated to the current live stream, likely sharing a random personal thought amidst casual chat."
seethewayisee,Clothing and Footwear,Crossed over to Progresso,0,The user is likely expressing amusement or irony by referencing a shift from one topic (possibly personal improvement) to another (Progresso product) in a playful or exaggerated manner.
seethewayisee,Clothing and Footwear,Understanding situation,0,The user is likely expressing confusion or seeking clarification about the ongoing discussion or situation in the live stream.
seethewayisee,Clothing and Footwear,not him.knowing the medication name,0,"The user is expressing frustration that the host isn't discussing the medication name they're interested in, implying they'd engage if product details were shared."
seethewayisee,Clothing and Footwear,I was thinking Justin Bieber or someone from 1D,0,"The user is likely suggesting a celebrity comparison or reference in a playful or nostalgic context, possibly related to relationships or personal improvement discussions."
seethewayisee,Clothing and Footwear,Flip slipped out lol,0,"The user is likely making a lighthearted comment about someone accidentally dropping or losing something, possibly relating to a previous discussion about personal quirks or mishaps."
seethewayisee,Clothing and Footwear,Oh the back of the truck one,0,The user is likely referring to a specific product or scene shown earlier (possibly a truck bed item) and expressing interest or curiosity about it.
seethewayisee,Clothing and Footwear,Happened?,0,The user is likely asking if something mentioned earlier in the conversation has already occurred or been resolved.
seethewayisee,Clothing and Footwear,Bro looking out for his sis,0,The user likely means that the guy in the discussion is being protective or considerate toward his sister in the situation being talked about.
seethewayisee,Clothing and Footwear,Frankincense ??,1,"The user is likely asking for clarification or more information about the product ""Frankincense"" mentioned in the live stream, possibly expressing curiosity or interest in purchasing it."
seethewayisee,Clothing and Footwear,10-14 days is crazy,0,The user is likely expressing disbelief or frustration about the long shipping time mentioned in the直播.
seethewayisee,Clothing and Footwear,As beautiful.. as a snail???,0,"The user is sarcastically mocking something in the直播 by comparing its supposed beauty to an unflattering snail, likely reacting to an exaggerated claim or visual."
seethewayisee,Clothing and Footwear,Cat in the hat ??,0,"The user is likely playfully referencing a quirky or absurd moment in the直播, possibly comparing something/someone to the whimsical ""Cat in the Hat"" character."
seethewayisee,Clothing and Footwear,Omg ??,0,The user is likely expressing surprise or disbelief at something unexpected or unusual in the current moment of the stream.
seethewayisee,Clothing and Footwear,She was not feeling it lol,0,"The user is humorously commenting that someone in the直播 wasn't enjoying the situation, likely referring to a previous remark about an awkward or unenthusiastic moment."
seethewayisee,Clothing and Footwear,Spicy time lmao,0,"The user is likely making a humorous comment about the unexpected or chaotic moment in the stream, possibly referencing spicy content or an amusing situation."
seethewayisee,Clothing and Footwear,"I mean, I can see how that would so not be a turn on",0,The user likely means the product/behavior mentioned in the live stream seems unappealing or off-putting to them.
seethewayisee,Clothing and Footwear,EXACTLY,0,"The user likely means ""That's precisely what I was thinking"" to agree with a previous comment about the situation being discussed."
seethewayisee,Clothing and Footwear,Harris teeter,0,"The user is likely mentioning ""Harris Teeter"" as a random association or inside joke, possibly referencing a grocery store unrelated to the ongoing conversation."
seethewayisee,Clothing and Footwear,Nope,0,"The user likely means ""I'm not interested in buying this product"" or ""This doesn't appeal to me."""
seethewayisee,Clothing and Footwear,No kidding!! Flashbacks,0,"The user is expressing nostalgic surprise, likely reacting to a sudden mention of a past event or memory in the直播 that strongly reminded them of something from years ago."
seethewayisee,Clothing and Footwear,You name it,0,"The user is likely asking the host to suggest or name any product they might be interested in, based on the playful and casual tone of prior comments."
seethewayisee,Clothing and Footwear,*not,0,"The user likely means ""That's definitely not the case"" or strongly disagrees with a previous statement in a casual, dismissive tone."
seethewayisee,Clothing and Footwear,wow omg,0,"The user is expressing excited surprise or strong admiration, likely reacting to something impressive or unexpected in the live stream."
seethewayisee,Clothing and Footwear,The annoying indecisive one,0,"The user is likely playfully complaining about being indecisive while shopping, referencing previous comments about product choices."
seethewayisee,Clothing and Footwear,The laugh,0,"The user is likely reacting humorously to something amusing or ridiculous in the直播, possibly referencing an unexpected or funny moment that made them laugh."
seethewayisee,Clothing and Footwear,Wtf,0,The user is likely expressing shock or disbelief at something unexpected or absurd in the直播内容.
seethewayisee,Clothing and Footwear,She needs to be alone,0,"The user likely means the person being discussed should have some space or privacy, possibly reacting to an awkward or uncomfortable situation mentioned earlier."
seethewayisee,Clothing and Footwear,And thats a women for you??,0,"The user is likely sarcastically questioning the portrayal or behavior of a woman in the直播, implying it's stereotypical or absurd."
seethewayisee,Clothing and Footwear,Haha,0,The user is likely laughing along with the lighthearted and humorous tone of the ongoing conversation in the chat.
seethewayisee,Clothing and Footwear,Chauvinist oh deary me,0,"The user is likely mocking or sarcastically commenting on someone's outdated or sexist attitude in a humorous, exaggerated tone."
seethewayisee,Clothing and Footwear,awww,0,"The user likely finds something unexpectedly cute or endearing, reacting with affectionate surprise."
seethewayisee,Clothing and Footwear,Oh the guy who got knocked over when he was looking for her cat,0,"The user is likely reacting humorously to a chaotic or unexpected moment in the stream, possibly referencing a past viral video or meme about someone falling while searching for a cat."
seethewayisee,Clothing and Footwear,Wonder if she has an EpiPen bless her,0,The user is likely expressing concern or sarcastic humor about someone's potential allergic reaction in a chaotic or absurd situation mentioned earlier.
seethewayisee,Clothing and Footwear,She should have told him tho,0,"The user implies that the woman in the situation failed to communicate her feelings clearly to the man, suggesting frustration with her lack of honesty."
seethewayisee,Clothing and Footwear,Omg I have ultra skinny calves ??,0,"The user is likely expressing surprise or disbelief about having very slim calves, possibly in a humorous or self-deprecating tone amidst the casual, joking atmosphere of the chat."
seethewayisee,Clothing and Footwear,See ya all later. Gotta clean,0,"The user is likely leaving the stream casually without purchase intent, mentioning they need to go clean."
seethewayisee,Clothing and Footwear,He dodged a bullet,0,"The user likely means ""He avoided a bad situation or relationship"" in a sarcastic or relieved tone, referencing a previous romantic mishap discussed in the chat."
seethewayisee,Clothing and Footwear,run away bro,0,"The user likely means ""Leave quickly before things get worse,"" implying a humorous or sarcastic reaction to the chaotic situation described in prior messages."
seethewayisee,Clothing and Footwear,Yeh he also sounds daft too ??,0,"The user is sarcastically agreeing that the person being discussed sounds foolish or unintelligent, likely in a humorous or mocking tone."
seethewayisee,Clothing and Footwear,#legdayeveryday,0,"The user is likely expressing enthusiasm for leg workouts, possibly in a humorous or self-deprecating way, relating to previous comments about physical appearance."
seethewayisee,Clothing and Footwear,She was polite during the date but she rips him apart on the radio?,0,"The user is sarcastically contrasting the woman's polite demeanor in person with her harsh criticism on the radio, implying hypocrisy or two-faced behavior."
seethewayisee,Clothing and Footwear,their bathrooms covering up the smell of boxes,0,"The user is likely sarcastically commenting on someone using excessive bathroom products to mask unpleasant odors, implying it's an overreaction or ridiculous behavior."
seethewayisee,Clothing and Footwear,text to speech?,0,"The user is likely asking if the live stream has a text-to-speech feature enabled, possibly out of curiosity or to understand the audio format better."
seethewayisee,Clothing and Footwear,200k+ likes thank you so much ??,0,"The viewer is expressing gratitude and excitement for reaching 200k likes, likely in response to a positive or entertaining moment in the直播."
seethewayisee,Clothing and Footwear,Saw that coming from a mile away,0,The user is sarcastically implying that the outcome was predictable based on the absurd or dramatic situation discussed in prior comments.
seethewayisee,Clothing and Footwear,what lmao,0,The user is likely expressing amused disbelief or confusion at the absurdity of the situation being discussed in the stream.
seethewayisee,Clothing and Footwear,awesome,0,"The user likely means ""That's impressive/cool"" in response to something exciting or visually striking in the直播."
seethewayisee,Clothing and Footwear,dude is on point,0,"The user likely means ""This guy's commentary is accurate or impressive,"" aligning with the tone of casual approval in previous comments about the直播内容."
seethewayisee,Clothing and Footwear,the responses are spot on,0,The user is likely praising the accuracy or relevance of the host's replies or comments in the lively and varied discussion.
seethewayisee,Clothing and Footwear,I was on a zoom meeting yesterday and was out 4 a walk. Saw a woman get arrested,0,"The user is likely sharing a random personal anecdote unrelated to the live stream's content, possibly to engage casually or divert the conversation."
seethewayisee,Clothing and Footwear,Everyone in the zoom call wanted to see so I turned camera around ??,0,"The user is explaining that they showed the live stream to others in a Zoom call who were curious about it, hence turning the camera toward the screen."
seethewayisee,Clothing and Footwear,Awww this is so cute ??,0,"The user is expressing genuine admiration and emotional appeal toward a product or moment in the直播, likely reacting to something charming or endearing shown on screen."
seethewayisee,Clothing and Footwear,Dangggg,0,The user likely expresses sudden surprise or excitement about something happening in the live stream.
seethewayisee,Clothing and Footwear,Right,0,"The user likely agrees with a previous comment or finds a point accurate, possibly in response to a decisive statement or witty remark in the ongoing conversation."
seethewayisee,Clothing and Footwear,Drag race reference: shantay you stay,0,"The user is making a playful cultural reference to ""RuPaul's Drag Race,"" likely expressing enjoyment or approval of the current moment in the stream."
seethewayisee,Clothing and Footwear,SHANTAY U STAY ??????????,0,"The user is referencing ""Drag Race"" to humorously praise the host or content, implying they should continue or stay because they're doing great."
seethewayisee,Clothing and Footwear,I like Kip bless him. She just wants to eat,0,The user likely finds Kip endearing and is humorously noting his simple desire to eat amidst the chaotic or entertaining discussion in the直播.
seethewayisee,Clothing and Footwear,Guess I need to get on with learning the bagpipes,0,"The user is likely joking about needing to learn bagpipes as a humorous or absurd response to the chaotic/funny tone of prior chat, not expressing genuine purchase intent."
seethewayisee,Clothing and Footwear,sheesh,0,"The user is likely expressing exaggerated surprise or excitement in a playful, slang-driven manner, aligning with the casual and humorous tone of recent chatter."
seethewayisee,Clothing and Footwear,lmfao,0,The user is likely expressing amusement or laughter in response to the lighthearted and humorous tone of the ongoing conversation in the chat.
seethewayisee,Clothing and Footwear,Take the victory for today hahah,0,"The user is likely celebrating a personal win or humorous moment in the chat, playfully marking the end of their engagement with the stream."
seethewayisee,Clothing and Footwear,What ever happened to Jubal?,0,"The user is likely asking about the whereabouts or current status of someone named Jubal, possibly a missing participant or referenced figure in the ongoing casual conversation."
seethewayisee,Clothing and Footwear,She thought the drive a Ferrari lmao,0,"The user is likely mocking someone's unrealistic fantasy (like driving a Ferrari) in a humorous/sarcastic tone, aligning with the chat's playful vibe about absurd situations."
seethewayisee,Clothing and Footwear,*he drove,0,"The user likely meant to sarcastically comment on someone's exaggerated or unrealistic claim, similar to the Ferrari mention earlier, implying disbelief or mockery."
seethewayisee,Clothing and Footwear,Gold digga vibes,0,"The user is likely making a playful or sarcastic comment about someone in the直播 seeming materialistic or chasing wealth, referencing the term ""gold digger"" in a lighthearted way."
seethewayisee,Clothing and Footwear,She was down for the Ferrari,0,"The user likely means ""She mistakenly believed he owned a Ferrari (implying she was interested in him for his wealth)."" This fits the gold-digger theme in previous chatter."
seethewayisee,Clothing and Footwear,Omg lol,0,"The user is expressing lighthearted amusement or surprise in a casual, slang-filled chat context, likely reacting to something entertaining in the stream."
seethewayisee,Clothing and Footwear,Omg ??,0,"The user is expressing amused surprise or excitement, likely reacting to something entertaining or unexpected in the live stream."
seethewayisee,Clothing and Footwear,Ha ha ??,0,The user is likely expressing amusement or lighthearted confusion in response to a humorous or entertaining moment in the live stream.
seethewayisee,Clothing and Footwear,She thought he was rich,0,"The user is humorously implying the woman mistakenly assumed the man was wealthy, likely referencing the earlier Ferrari joke about gold-digging."
seethewayisee,Clothing and Footwear,She was totally in it for the Ferrari,0,"The user implies that the woman was primarily interested in the man because of his Ferrari, suggesting superficial motives."
seethewayisee,Clothing and Footwear,Micro nap man,0,"The user is likely making a playful, sarcastic comment about someone dozing off or being unimpressed during the lively, humorous conversation about wealth and Ferraris."
seethewayisee,Clothing and Footwear,I just napped just now,0,The user is humorously admitting they briefly dozed off during the lively Ferrari-related banter in the chat.
seethewayisee,Clothing and Footwear,Hi from Poland ??,0,"The user is likely greeting the stream from Poland and expressing lighthearted engagement with the international audience, unrelated to product interest."
seethewayisee,Clothing and Footwear,Could it be a medical condition?,0,The user is likely questioning if someone's behavior (possibly related to the Ferrari or napping mentions) might be due to a health issue rather than intentional.
seethewayisee,Clothing and Footwear,I love taking naps,0,"The user is casually relating to the previous mention of napping, expressing a personal enjoyment of short rests in a lighthearted manner."
seethewayisee,Clothing and Footwear,on my porch during porch sitting,0,"The user is casually mentioning their current relaxed activity (sitting on the porch) while watching the stream, implying they're engaged but not directly commenting on products."
seethewayisee,Clothing and Footwear,My English is not perfect but I love hearing 2nd date update,0,"The user is expressing enjoyment of the show despite their limited English, relating to the humorous dating story being discussed."
seethewayisee,Clothing and Footwear,might be a snorer,0,"The user is likely playfully suggesting that someone in the story might snore while sleeping, relating to the previous mentions of napping and sleep habits."
seethewayisee,Clothing and Footwear,Pity pizza ??,0,"The user is likely expressing playful confusion or amusement about the mention of ""pity pizza"" in the context of the lighthearted, joking tone of previous comments."
seethewayisee,Clothing and Footwear,Pity date,0,"The user likely means ""a date given out of sympathy rather than genuine interest."""
seethewayisee,Clothing and Footwear,No love you were out of order,0,"The user likely means: ""I don't like how you were behaving rudely/disrespectfully."""
seethewayisee,Clothing and Footwear,Yay 50k taps,0,"The user is likely celebrating or acknowledging a milestone of 50,000 taps (likes/interactions) in the livestream, possibly reacting to the engagement hype."
seethewayisee,Clothing and Footwear,I know it ??,0,"The user is likely expressing playful confusion or disbelief about a previous comment, possibly regarding someone's motives or actions in the mentioned scenario."
seethewayisee,Clothing and Footwear,Can I play with u,0,"The user is likely playfully asking to join in the fun or interaction, possibly mimicking the lighthearted and humorous tone of previous chat messages."
seethewayisee,Clothing and Footwear,Heyyy fam!??,0,The user is likely greeting the streamer and audience enthusiastically while showing engagement with the casual vibe of the ongoing conversation.
seethewayisee,Clothing and Footwear,Secret baby ?? gets me every time,0,"The user is playfully expressing how the phrase ""Secret baby"" consistently amuses or intrigues them in the context of the lighthearted, humorous chat."
seethewayisee,Clothing and Footwear,Lmaooo this guy????,0,"The user is likely amused and mocking the streamer's behavior or appearance in a lighthearted way, given the playful and humorous tone of previous messages."
seethewayisee,Clothing and Footwear,Every girls favorite line ??,0,"The user is likely playfully asking if the current topic or product is universally appealing to women, based on the casual and humorous tone of previous chats."
seethewayisee,Clothing and Footwear,Every call Jubal makes he has to repeat himself,0,"The user is likely expressing frustration that Jubal keeps repeating himself during the calls, possibly implying it's annoying or inefficient."
seethewayisee,Clothing and Footwear,Hahaha,0,The user is likely laughing along with the humorous or entertaining content of the live stream.
seethewayisee,Clothing and Footwear,Anyone here have kids? I have 2 boys,0,"The user is likely seeking parenting advice or shared experiences about raising boys, possibly relating to the ongoing casual conversation about family and personal stories."
seethewayisee,Clothing and Footwear,Wow mine are still little,0,The user is likely expressing that their children are still young compared to others mentioned in the chat.
seethewayisee,Clothing and Footwear,Still in tap jail Been 6h lol,0,"The user is humorously complaining about being stuck in a repetitive tapping activity (likely a game or interaction) for six hours, expressing playful frustration."
seethewayisee,Clothing and Footwear,Is it my connection or is it froze,0,The user is likely expressing confusion about whether their internet connection is unstable or if the live stream itself has frozen.
seethewayisee,Clothing and Footwear,Got it thanks,0,"The user likely acknowledges understanding or receiving information, possibly in response to a clarification or instruction during the live stream."
seethewayisee,Clothing and Footwear,I love how she says no so much in this one ??,0,"The user is playfully noting how frequently the host says ""no"" in this particular segment, possibly finding it amusing or ironic."
seethewayisee,Clothing and Footwear,Honk,0,"The user is likely playfully mimicking a goose sound to join the lighthearted chat vibe, possibly reacting to a funny moment or inside joke in the stream."
seethewayisee,Clothing and Footwear,Oh fly guy,0,The user is likely expressing playful amusement or sarcasm at someone's exaggerated or flashy behavior in the stream.
seethewayisee,Clothing and Footwear,this guy......,0,"The user is likely expressing amusement or disbelief at the host's behavior, continuing the playful tone from earlier comments about the streamer's antics."
seethewayisee,Clothing and Footwear,she actually sounds boring,0,The user likely finds the speaker's tone unengaging and lacks enthusiasm compared to the lively chat atmosphere.
seethewayisee,Clothing and Footwear,Oops lost connection,0,"The user likely meant to express frustration about their internet connection disrupting their viewing experience, possibly in response to the stream freezing mentioned earlier."
seethewayisee,Clothing and Footwear,Flip glitching,0,"The user is likely commenting on a technical glitch or visual bug in the live stream, possibly referring to a flipped or distorted image."
seethewayisee,Clothing and Footwear,good morning fam,0,"The user is likely greeting the live stream community in a friendly, casual manner to engage with the audience and show they're part of the group."
seethewayisee,Clothing and Footwear,her hands lmao ??,0,"The user is likely amused or confused by the host's hand gestures or actions, finding them funny or odd in the context of the lively, casual chat."
seethewayisee,Clothing and Footwear,he wants other women,0,"The user is likely mocking or criticizing a man in the scene for showing interest in multiple women, implying he's unfaithful or insincere."
seethewayisee,Clothing and Footwear,this guy,0,"The user is likely expressing amusement or disbelief at the host's behavior, echoing the playful tone of previous comments about the streamer's antics."
seethewayisee,Clothing and Footwear,bad bonnie,0,"The user is likely expressing frustration or annoyance with a person (possibly ""Bonnie"") in the context of the ongoing commentary about various individuals' behavior in the stream."
seethewayisee,Clothing and Footwear,these are funny,0,"The user likely finds the content amusing and engaging, possibly referring to the humorous or entertaining aspects of the stream."
seethewayisee,Clothing and Footwear,why do some of them only do part 1?,0,The user is questioning why some participants in the live stream only complete the first part of an activity or challenge mentioned earlier.
seethewayisee,Clothing and Footwear,Yea he makes jokes sense,0,"The user likely means ""Yes, his jokes actually make sense and are funny,"" showing appreciation for the host's humor in the live stream."
seethewayisee,Clothing and Footwear,*zero,0,"The user likely meant ""zero interest"" or ""no relevance"" to the ongoing conversation, possibly expressing disengagement or finding the content unrelatable."
seethewayisee,Clothing and Footwear,he was 50,0,"The user likely implies that a mentioned male was 50 years old, possibly reacting to age-related content or comparing with previous comments about someone's appearance/behavior."
seethewayisee,Clothing and Footwear,What did she do to him?,0,The user is likely asking for clarification about a previous interaction or action between the woman and man mentioned in the ongoing conversation.
seethewayisee,Clothing and Footwear,What did she do,0,"The user is likely asking for clarification or context about a female participant's actions, possibly in response to a previous comment mentioning her behavior."
seethewayisee,Clothing and Footwear,Nobody knows,0,"The user likely means ""No one understands what's happening in this confusing or chaotic stream."""
seethewayisee,Clothing and Footwear,RIP,0,"The user likely expresses mock sympathy or sarcasm toward the streamer's situation, possibly referencing a previous comment about someone being ""50"" or an awkward interaction."
seethewayisee,Clothing and Footwear,Probably went down,0,"The user likely means ""The price probably dropped"" or ""Her energy/performance probably decreased,"" depending on the live stream's focus."
seethewayisee,Clothing and Footwear,I bet she thinks the world spins around her only??,0,"The user is sarcastically implying that the woman in the直播 seems self-centered, based on the critical tone of previous comments about her behavior."
seethewayisee,Clothing and Footwear,Lmaooo,0,"The user is likely expressing amusement at something humorous or ridiculous in the直播, possibly related to the ongoing banter about the主播's behavior or quirks."
seethewayisee,Clothing and Footwear,CAT,0,"The user likely typed ""CAT"" as a random or accidental message, possibly due to a keyboard mishap, without any clear connection to the ongoing conversation or purchase intent."
seethewayisee,Clothing and Footwear,SPAM,0,"The user likely meant to type ""spam"" as a complaint about irrelevant or repetitive messages in the chat."
seethewayisee,Clothing and Footwear,good,0,"The user likely means ""this is good"" or ""I like this,"" expressing brief approval or enjoyment of the current content in the stream."
seethewayisee,Clothing and Footwear,STARTING,0,"The user is likely signaling excitement or readiness for the live stream to begin, possibly in response to a perceived delay or transition."
seethewayisee,Clothing and Footwear,LOL hahaa,0,"The user is likely expressing amusement at a humorous moment in the stream, possibly reacting to a joke or funny situation mentioned earlier."
seethewayisee,Clothing and Footwear,yooo,0,The user is likely expressing excitement or amusement in response to the ongoing humorous or entertaining content in the live stream.
seethewayisee,Clothing and Footwear,how can I join the agency ?,0,The user is likely inquiring about how to become part of the talent agency or group being discussed in the stream's context.
seethewayisee,Clothing and Footwear,They should blind date her with Poindexter as Andrew1,0,"The user is humorously suggesting a fictional romantic pairing between a mentioned person and ""Poindexter,"" likely as a playful joke or meme reference in the chat."
seethewayisee,Clothing and Footwear,Kiru we cannot see the chat,0,The user is likely expressing frustration that their previous messages or the general chat isn't visible in the livestream's display.
seethewayisee,Clothing and Footwear,Reset the likes,0,The user likely wants to reset the like counter or refresh the engagement metrics during the live stream.
seethewayisee,Clothing and Footwear,Please,0,The user is likely asking for more information or clarification about the ongoing discussion or product being shown in the stream.
seethewayisee,Clothing and Footwear,Why reset?,0,"The user is likely questioning the reason behind resetting the likes, expressing confusion or disagreement with the action mentioned in the previous chat."
seethewayisee,Clothing and Footwear,now you see me now you dont,0,"The user is likely making a playful or sarcastic comment about someone appearing and disappearing unpredictably, possibly referencing the stream's erratic behavior or a person in the chat."
seethewayisee,Clothing and Footwear,flat eartherw,0,"The user is likely mocking someone's self-centered attitude by sarcastically calling them a ""flat earther"" to imply narrow-mindedness."
seethewayisee,Clothing and Footwear,earthers*,0,"The user is likely mocking the mention of ""flat earthers"" by sarcastically referencing the conspiracy theory with a playful typo."
seethewayisee,Clothing and Footwear,Brain compacity of a what? ??,0,"The user is likely mocking someone's lack of intelligence by sarcastically questioning their brain capacity, continuing the stream's trend of humorous insults."
seethewayisee,Clothing and Footwear,Totally misheard that,0,"The user likely means they misunderstood something said earlier in the stream, possibly due to fast-paced chat or unclear audio."
seethewayisee,Clothing and Footwear,Who has 15 empty hangers lol,0,"The user is likely joking about needing extra hangers for potential purchases, implying interest in buying items from the show."
seethewayisee,Clothing and Footwear,Is she on speed dial lol,0,"The user is jokingly suggesting the host is so eager to talk that she must have someone on speed dial, likely mocking her constant chatter or perceived self-importance."
seethewayisee,Clothing and Footwear,I mean he could if just go and buy some but shes over reacting,0,"The user likely means that the person being discussed could easily purchase the item themselves, but the other person is exaggerating the situation unnecessarily."
seethewayisee,Clothing and Footwear,Oh no Average Andrew,0,"The user is likely mocking or criticizing someone named Andrew in a humorous or sarcastic way, possibly comparing them to an unremarkable or mediocre person."
seethewayisee,Clothing and Footwear,Nice is such an insult,0,"The user is likely sarcastically criticizing the overuse of ""nice"" as a bland compliment, implying it's unoriginal or insincere in the lively chat context."
seethewayisee,Clothing and Footwear,Sooo desperate for Andrew no 1,0,"The user is likely expressing strong admiration or desire for someone referred to as ""Andrew No.1,"" possibly a featured personality or product in the直播."
seethewayisee,Clothing and Footwear,Ruff ??,0,"The user is likely expressing confusion or curiosity about the mention of ""Ruff,"" possibly questioning its relevance or meaning in the ongoing conversation."
seethewayisee,Clothing and Footwear,umm...,0,"The user is likely expressing hesitation or mild confusion, possibly reacting to the chaotic or nonsensical nature of the previous chat messages."
seethewayisee,Clothing and Footwear,Chump change for the chump,0,"The user is sarcastically implying that the product or situation discussed is trivial or worthless, mocking it as insignificant for someone naive or foolish."
