live_id,species,content,label,background
xiaobin82686,健康养生,"丽丽,妈妈有眼光,为你点赞[赞][赞][赞][赞][赞][赞][赞]",0,该用户想表达对主播丽丽或其推荐商品的认可和喜爱，认为丽丽的选择很有品味，并给予热情的支持和鼓励。
xiaobin82686,健康养生,鹿心丸血管中的清道夫,1,该用户可能在宣传或强调鹿心丸对血管健康的清洁功效，试图引起其他观众对产品的关注或购买兴趣。
xiaobin82686,健康养生,再加一桶,1,该用户想表达的是希望主播或商家再增加一份同款商品的购买选项。
xiaobin82686,健康养生,在一瓶,0,该用户想表达的是“我也要一瓶同样的产品”。
xiaobin82686,健康养生,拍完一单加急,0,该用户想表达的是已经下单购买并希望尽快发货。
xiaobin82686,健康养生,"美国人是有钱人帮助穷人富起来,美国人都是相互帮助相互学习",0,该用户可能在借美国人的互助精神来委婉表达对直播中产品优惠或赠品活动的认可，暗示主播应像“美国人帮助穷人”那样给观众更多福利支持。
xiaobin82686,健康养生,晚上好,0,该用户可能是在礼貌性地打招呼，试图融入直播间的互动氛围，但并未直接表达购买意向。
xiaobin82686,健康养生,再加一瓶,1,该用户想表达的是希望主播在已购买的商品基础上再追加一份同款产品。
xiaobin82686,健康养生,"对,吉林梅花鹿之乡",0,该用户可能是在认同或补充主播提到的产品产地信息，暗示对吉林梅花鹿相关产品的兴趣或信任。
xiaobin82686,健康养生,鹿心丸降低血液中的胆固醇,1,该用户是在强调鹿心丸具有降低胆固醇的保健功效，暗示对产品效果的认可或产生购买兴趣。
xiaobin82686,健康养生,拍了两单,0,该用户想表达自己已经下单购买了两份商品。
xiaobin82686,健康养生,说怎么吃?我拍了一单,0,该用户想表达的含义是：询问产品食用方法并确认自己已下单购买。
xiaobin82686,健康养生,有啥用[爱心]????,1,该用户可能是在询问产品的具体功效或使用场景，同时用爱心表情表达对产品的兴趣或好感。
xiaobin82686,健康养生,"看看利利爸爸,怎么说?",0,该用户可能是在询问主播或其他人对产品（如鹿心丸）的具体评价或使用建议，表现出一定的好奇心和潜在购买意向。
xiaobin82686,健康养生,"丽丽妈妈真有眼光,给姑娘选个好女婿",0,该用户是在夸赞主播（丽丽妈妈）为女儿挑选的伴侣或产品很有眼光，可能暗示对直播推荐的商品或内容的认可。
xiaobin82686,健康养生,鹿茸粉,1,该用户可能是在询问或提及直播中正在介绍的鹿茸粉产品，表达对该商品的关注或购买意向。
xiaobin82686,健康养生,鹿角粉,1,该用户可能在询问或提及与“鹿角粉”相关的产品信息，表现出对这款商品的兴趣或好奇。
xiaobin82686,健康养生,加一瓶,1,该用户想表达的是希望主播在已选购的商品基础上再追加一份同类产品。  （解析：结合前文多次出现的“加一桶”“再加一瓶”等类似表达，可推断直播间正在促销某种液体类商品，用户跟随其他观众的购买模式提出追加需求，属于明确的购买意向表达。）
xiaobin82686,健康养生,鹿心丸可以用于改善气血亏虚引起的面色苍白、头晕耳鸣、疲乏无力的症状,1,该用户是在向主播或观众解释鹿心丸的功效，以此佐证自己的购买理由或推荐该产品。  （解析：结合前文弹幕中频繁出现的购买动作（如“拍了两单”“加一瓶”）和产品功效讨论（如“降低胆固醇”），该用户并非单纯提问，而是通过陈述产品用途来参与互动，可能是已购买者分享使用目的，或潜在消费者确认产品价值以促成决策。）
xiaobin82686,健康养生,鹿心粉,1,该用户可能是在询问或提及直播间正在介绍的鹿心粉产品，表达对其功效或购买的兴趣。
xiaobin82686,健康养生,我也想要,1,该用户看到其他观众纷纷下单购买鹿心丸等产品后，也产生了明确的购买意愿。
xiaobin82686,健康养生,双阳是梅花鹿之乡,0,该用户是在强调产品的产地优势，暗示双阳作为梅花鹿之乡所产的相关鹿制品（如鹿心丸、鹿茸粉等）具有更高的品质和可信度。
xiaobin82686,健康养生,"一波一波的,我都想笑",0,该用户可能是在调侃直播间频繁出现的促销话术或产品推销节奏，觉得这种密集的推销方式显得滑稽可笑。
xiaobin82686,健康养生,鹿角冒,1,该用户可能是想询问或确认直播中提到的“鹿角帽”产品的相关信息或功效。
xiaobin82686,健康养生,鹿角帽专治结节,1,该用户是在询问或强调鹿角帽对治疗结节的具体功效，可能是出于对产品疗效的好奇或认可。
xiaobin82686,健康养生,吃咋吃咋吃咋吃咋吃,1,该用户想表达的含义是：询问产品的具体食用方法或服用方式。
xiaobin82686,健康养生,"所以说,美国人比中国人强一百倍",0,该用户可能是在对直播中涉及的产品功效或宣传进行反讽或质疑，借中外对比表达对当前推销内容的不信任或抵触情绪。
xiaobin82686,健康养生,你吃过吗哥?,0,该用户可能在询问主播是否亲身体验过所售产品（如鹿心丸、鹿茸粉等），以此判断产品效果的可信度或寻求使用建议。
xiaobin82686,健康养生,节节的,0,该用户可能是在催促主播加快节奏或进入下一个产品介绍环节。
xiaobin82686,健康养生,结结的,0,该用户可能是想询问主播关于“结节”相关产品的功效或使用方法，结合前文提到的“鹿角帽专治结节”这一信息，其弹幕实际想表达的是“这个（产品）对结节有效吗？”或“结节该怎么治疗？”。
xiaobin82686,健康养生,鹿角胶有没有,1,该用户是在询问直播间是否有售卖鹿角胶这款产品。
xiaobin82686,健康养生,手木力,0,该用户可能是想询问“鹿茸粉”或“鹿角粉”的具体食用方法或功效，但因打字匆忙或输入错误将“食用”误写为“手木力”。
xiaobin82686,健康养生,去结节,0,该用户可能是询问产品是否具有消除结节的功能或效果。
xiaobin82686,健康养生,鹿身上都是好东西,0,该用户想表达的含义是：鹿的各个部位都具有很高的药用或食用价值。
xiaobin82686,健康养生,鹿角帽管中流的,0,该用户想表达的含义是：鹿角帽对治疗乳腺结节有效果。
xiaobin82686,健康养生,鹿角帽对乳腺结节,0,该用户可能在询问鹿角帽产品对乳腺结节是否具有疗效或相关功效。
xiaobin82686,健康养生,我吃过,0,该用户是在回应关于鹿产品功效的讨论，暗示自己有过相关食用经验以佐证产品的可信度。
xiaobin82686,健康养生,鹿角帽冠肿瘤的,1,该用户想询问鹿角帽产品是否对肿瘤有治疗效果。
xiaobin82686,健康养生,一齐吃吗,0,该用户可能是在询问直播中展示的鹿产品是否可以多人共享食用。
xiaobin82686,健康养生,[祈祷][祈祷][祈祷][祈祷][祈祷][祈祷][祈祷][祈祷][祈祷][,0,该用户可能是在通过连续的表情符号表达对直播中提到的鹿产品（如鹿角帽、鹿心粉等）的强烈渴望或祈求好运/抢购成功。
xiaobin82686,健康养生,鹿角帽特别稀有,0,该用户想表达的含义是：鹿角帽这种产品因为稀缺性而显得珍贵，可能暗示其有购买价值或值得关注。
xiaobin82686,健康养生,我正在吃,0,该用户可能是在回应关于鹿角帽食用方法的讨论，暗示自己正在尝试或已经食用过相关产品。
xiaobin82686,健康养生,女士们用的东西最好用,1,该用户可能是在调侃或讽刺直播间推销的鹿角产品主要针对女性消费者，暗示这些产品被宣传得过于神奇。
xiaobin82686,健康养生,对身体上的结节有好处,1,该用户想询问直播中提到的产品（如鹿角帽）是否对缓解身体结节症状有疗效。
xiaobin82686,健康养生,什么效用?,1,该用户是在询问产品（鹿角帽/鹿角胶）的具体功效或治疗作用。
xiaobin82686,健康养生,"咋吃鹿心丸,咋吃咋吃咋吃咋吃",1,该用户想表达的含义是：询问鹿心丸的具体服用方法。
xiaobin82686,健康养生,专治嘎搭结子,0,该用户想表达的含义是：鹿角帽产品可以有效治疗乳腺结节问题。
xiaobin82686,健康养生,卡了卡了,0,该用户想表达的含义是：直播画面出现卡顿，影响观看体验。
xiaobin82686,健康养生,每天炒作,0,该用户可能是在抱怨直播间频繁炒作鹿角帽等产品的功效，认为内容缺乏新意或过度营销。
xiaobin82686,健康养生,鹿心丸是血管的清道夫,1,该用户想表达的含义是：鹿心丸对清理血管有显著功效。
xiaobin82686,健康养生,晚上好,0,该用户可能是在礼貌性打招呼，同时暗示自己刚进入直播间并准备参与话题讨论。
xiaobin82686,健康养生,"鹿心丸对心脏病,冠心病心绞痛都很好",1,该用户想表达的含义是：鹿心丸对治疗心脏相关疾病有显著效果，值得推荐购买。
xiaobin82686,健康养生,"丽丽丽,你给靳斌拿点纸擦擦汗,谢谢你",0,该用户可能是在以调侃或关心的口吻提醒主播（丽丽丽）帮助另一位参与者（靳斌）解决擦汗的需求，并未直接表达对商品的购买兴趣。
xiaobin82686,健康养生,刚开始看,0,该用户可能是刚进入直播间的新观众，想表达自己初次接触直播内容，正在了解产品信息的状态。
xiaobin82686,健康养生,"鹿心丸加快新陈代谢,降血压",1,该用户想表达的含义是：强调鹿心丸具有促进新陈代谢和调节血压的功效，以此暗示产品值得购买。  （结合前文弹幕中频繁提及鹿角帽、鹿心丸的保健功效，以及用户对食用方法和效果的询问，可推断该弹幕旨在突出产品卖点，属于潜在购买兴趣的表达。）
xiaobin82686,健康养生,鹿心丸血管中的清道夫,1,该用户想表达的含义是：强调鹿心丸具有清理血管、改善心血管健康的功效。
xiaobin82686,健康养生,"我身上有结节,吃了好了",0,"该用户想表达的含义是：自己因身体结节问题服用了直播推荐的产品后症状有所缓解。  （结合前文弹幕中频繁提及""鹿角帽""""鹿心丸""对结节、心血管等疾病的功效，用户通过分享亲身经历间接认可产品效果，可能隐含推荐或求证意图。）"
xiaobin82686,健康养生,这么吃,0,该用户可能是在询问主播展示的产品（如鹿心丸或鹿角帽）的具体食用方法或使用方式。
xiaobin82686,健康养生,丽丽妈妈选择劲彬做女婿是非常正确的!劲彬非常优秀!非常善良!非常正能量,0,该用户是在通过夸赞主播（或相关人物）的个人品质来间接表达对直播内容的认可和支持，可能是为了增强互动氛围或博取主播关注。
xiaobin82686,健康养生,[爱心][爱心][爱心][爱心][爱心][爱心][爱心][爱心][爱心][,0,该用户想表达的含义是：对主播或产品（如鹿心丸）的强烈喜爱和支持。  （结合前文弹幕中频繁提及鹿心丸的功效及用户互动，爱心刷屏通常表达热情或认同，可能是对产品效果、主播推荐或直播氛围的积极反馈。）
xiaobin82686,健康养生,有的粉丝也太尖了.操心,0,该用户是在吐槽部分粉丝过于挑剔或过度关注直播细节，显得有些不必要的较真。
xiaobin82686,健康养生,高血压能吃吗,1,该用户是在询问产品是否适合高血压患者食用，表现出对产品功效与自身健康需求的关联性关注。
xiaobin82686,健康养生,津滨人好善良正直,0,该用户是在称赞主播劲彬的人品优秀，表达对其个人魅力的欣赏而非直接的购买意向。
xiaobin82686,健康养生,丽丽妈妈真有眼光啊!,0,该用户想表达的含义是：称赞主播丽丽的母亲在挑选商品或合作伙伴方面具有出色的判断力。
xiaobin82686,健康养生,丽丽爸爸脑子清醒了没?还有话可说吗?,0,"该用户可能在调侃或讽刺直播间关于""丽丽家庭""的过度讨论，暗示这些与产品无关的八卦话题已经偏离了直播主题。"
xiaobin82686,健康养生,辛苦了,0,该用户可能是对主播的辛勤付出表示慰问和感谢。
xiaobin82686,健康养生,没车了,0,该用户想表达的含义是：商品已经售罄了。
xiaobin82686,健康养生,点亮了[爱心],0,该用户通过发送爱心符号表达对直播内容或主播的喜爱和支持，可能是对产品功效的认可或对主播表现的赞赏。
xiaobin82686,健康养生,[爱心][爱心][爱心][爱心][爱心][爱心][爱心][爱心][爱心][,0,该用户想表达的含义是：对主播或产品（如鹿心丸）的强烈喜爱和支持。  （结合前文弹幕中频繁出现的产品功效讨论、对主播团队的夸赞以及爱心符号的密集使用，可推断用户通过连续爱心符号传递积极情绪，可能是对直播内容或推荐商品的认可与热情互动。）
xiaobin82686,健康养生,[玫瑰][玫瑰][玫瑰][玫瑰][玫瑰][玫瑰][玫瑰][玫瑰][玫瑰][,0,该用户可能是在通过刷玫瑰表情符号表达对主播或产品的热情支持或喜爱，但并未直接体现明确的购买意向。
xiaobin82686,健康养生,主播晚上好[赞],0,该用户是在礼貌问候主播，同时通过表情符号表达对直播内容的认可或支持。
xiaobin82686,健康养生,丽丽爸打脸了看清楚吧,0,该用户是在嘲讽丽丽父亲此前对主播（劲彬）的质疑，暗示他现在应该意识到自己判断错误并感到难堪。
xiaobin82686,健康养生,"没超过三天,就露出原形了",0,该用户可能在讽刺产品效果短暂或质量不可靠，暗示宣传与实际使用体验存在差距。
xiaobin82686,健康养生,主播蛇年吉祥晚上好[赞][赞][赞][赞],0,该用户是在友好问候主播的同时，通过重复点赞表情表达对直播间的热情支持，但并未直接体现对商品的购买意向。
xiaobin82686,健康养生,[赞][赞][赞][赞][赞][赞][赞][赞][赞][赞][赞][赞][,0,该用户想通过连续点赞的表情符号表达对主播或直播内容的高度认可和强烈支持。
xiaobin82686,健康养生,丽丽妈妈真有眼光啊!,0,该用户是在附和并称赞丽丽妈妈的择人眼光，暗示对其认可的人选（劲彬）的积极评价。
xiaobin82686,健康养生,丽丽爸爸脑子清醒了没?还有话可说吗?,0,该用户是在嘲讽丽丽父亲此前对主播或产品的质疑态度，暗示对方现在应该无话可说了。
xiaobin82686,健康养生,为丽丽妈妈劲彬丽丽[赞][赞][赞][赞][赞][赞],0,该用户想表达的含义是：对丽丽妈妈选择劲彬表示高度认可和赞赏。
xiaobin82686,健康养生,丽丽爸打脸了看清楚吧,0,该用户是在嘲讽丽丽爸爸之前对主播（或相关人物）的质疑，认为当前直播内容已证明其判断错误，应当认清事实。
xiaobin82686,健康养生,"所以说,我只支持美国",0,该用户可能是在借调侃或反讽的方式表达对直播间讨论话题（如丽丽父母相关争议）的不满或立场转移，而非真实的购买意向或产品相关讨论。
xiaobin82686,健康养生,"丽丽妈妈是最棒的,眼睛是雪亮的",0,"该用户是在表达对""丽丽妈妈""的强烈支持和赞美，认为她的判断力非常准确。"
xiaobin82686,健康养生,丽丽爸爸看看肖强是个什么玩意儿????真打脸啊?,0,该用户是在嘲讽“丽丽爸爸”之前对“肖强”的判断错误，认为现在事实证明了其观点被打脸。
xiaobin82686,健康养生,"心脏偏大,吃了可以吗",1,该用户可能是在询问直播中介绍的产品是否适合心脏偏大的人群食用。
xiaobin82686,健康养生,我想要,1,该用户可能是在观看直播过程中对某件商品产生了购买意愿，希望主播进一步展示或介绍产品详情。
xiaobin82686,健康养生,想要上车上车,1,该用户想表达的是对直播商品的强烈购买意愿，希望主播尽快开放购买渠道或重新补货。
xiaobin82686,健康养生,"这个配鸡蛋,煎鸡蛋吃,效果最好",0,该用户是在推荐或认可该产品与煎鸡蛋搭配食用的效果，暗示产品实用性强且值得购买。
xiaobin82686,健康养生,想要想要,1,该用户表达了对直播商品的强烈购买意愿和急切心情。
xiaobin82686,健康养生,"丽丽,爸爸,现在看清了吗?你认为的姑爷是个啥人?",0,"该用户是在附和直播间讨论的家庭伦理话题，以质问语气讽刺""丽丽爸爸""看错人，表达对""姑爷""人品的否定态度。  （解析：结合前文高频出现的""丽丽爸爸打脸""""看清""""肖强是个什么玩意儿""等弹幕，可判断直播间正在讨论某个家庭成员识人不清的戏剧性事件。目标弹幕通过家庭称谓构建对话感，核心意图是参与集体批判而非表达购买意向。）"
xiaobin82686,健康养生,关注主播,0,该用户可能是被直播内容吸引后想通过关注主播表达支持或获取后续直播信息。
xiaobin82686,健康养生,我吃过长春朝阳的我是德惠的茶粥快手拌粥里吃,0,该用户可能是想表达：“我是德惠人，之前吃过长春朝阳区的茶粥快手拌粥，味道不错”。（结合地域关联和食物体验的分享动机，推测其潜在意图是认可产品或引发地域共鸣）
xiaobin82686,健康养生,劲彬丽丽太棒了啊[赞][赞][赞][赞][赞][赞][赞][赞][赞][赞],0,该用户是在热情赞美主播团队（劲彬和丽丽）的表现，表达强烈的支持和喜爱情绪。
xiaobin82686,健康养生,摊鸡蛋吃,0,该用户可能在询问或确认直播中推荐的产品是否适合搭配鸡蛋食用，暗示对产品使用方式的兴趣。
xiaobin82686,健康养生,炒鸡蛋吃,0,该用户可能是想询问或确认直播中展示的商品是否适合搭配炒鸡蛋食用，或是联想到与炒鸡蛋相关的使用场景。
xiaobin82686,健康养生,丽丽姑娘和她妈妈真有眼光!劲彬是最优秀的德才兼备的人才!,0,该用户是在通过夸赞主播（劲彬）及其家人（丽丽母女）的选人眼光，间接表达对主播个人能力和品格的认可，而非直接表明购买意向。
xiaobin82686,健康养生,主播晚上好,0,该用户可能是在礼貌性问候主播，试图融入直播间的互动氛围，但并未直接表达对商品的购买意向。
xiaobin82686,健康养生,我现在还吃着呢,0,该用户想表达的含义是：我正在品尝这款产品，感觉不错。
xiaobin82686,健康养生,啥东西,1,该用户可能是在询问当前直播展示或讨论的具体商品是什么，表达了对产品信息的困惑或好奇。
xiaobin82686,健康养生,我就煎鸡蛋吃的,0,该用户是在讨论煎鸡蛋与直播推荐产品的搭配效果，暗示对产品有一定兴趣但未明确表达购买意向。
xiaobin82686,健康养生,鹿能调理什么病呢,1,该用户是在询问产品（鹿相关制品）的具体功效或适用症状，表现出对产品功能的兴趣和潜在的购买意向。
xiaobin82686,健康养生,啥味道,1,该用户可能在询问直播中展示的食品或产品的具体口味或气味特征。
xiaobin82686,健康养生,我也吃过了,0,该用户想表达的含义是：我之前也尝过这款产品（或类似食物）。  （结合前文弹幕中频繁提及食物搭配和食用体验的语境，用户通过“吃过”间接表明对当前直播推荐产品的熟悉或兴趣，可能隐含对产品效果的认可或进一步了解的意图。）
xiaobin82686,健康养生,我就直接到嘴里然后喝水,0,该用户想表达的是：我打算直接把这个食物放进嘴里再喝水送服。 （结合语境分析：直播内容可能涉及某种需搭配服用的食品/保健品，用户描述自己的食用方式，属于中性陈述而非明确购买意向）
xiaobin82686,健康养生,"丽丽像妈妈,正能量",0,该用户想表达的含义是：称赞主播丽丽像母亲一样温暖且充满正能量。
xiaobin82686,健康养生,美国才是全世界排第一,0,"该用户可能是在调侃或讽刺直播间里过度吹捧某个人或产品的氛围，用夸张的""美国第一""来反讽当前弹幕中不切实际的赞美之词。"
xiaobin82686,健康养生,高血压能吃吗,1,该用户是在询问直播中介绍的产品是否适合高血压患者食用，表现出对产品适用人群的关注和潜在的购买意向。
xiaobin82686,健康养生,点亮了[爱心][爱心][爱心],0,该用户通过发送爱心表情符号表达对主播或当前讨论内容的喜爱和支持。
xiaobin82686,健康养生,是药还是保健品啊?,1,该用户是在询问直播中介绍的产品属于药品还是保健品类，试图明确产品的属性和功能以便判断是否适合自己购买。
xiaobin82686,健康养生,治什么病,1,该用户是在询问直播中提到的产品（可能是鹿相关制品）具体能治疗哪些疾病或症状。
xiaobin82686,健康养生,我吃结节没有了,1,该用户想表达的含义是：我之前服用过（直播提到的产品/食物），现在结节症状已经消失了。  （结合前文弹幕中频繁出现的“吃”“调理”“治病”“保健品”等关键词，可推断直播间在讨论某种具有保健或治疗功效的产品，用户通过陈述自身体验间接表达对产品的认可或购买兴趣。）
xiaobin82686,健康养生,丽丽让你爸看看,0,该用户可能是想让主播丽丽展示或介绍某款产品给她父亲参考，暗示潜在的购买意向。
xiaobin82686,健康养生,我是吉林东丰三鹿场,0,"该用户可能是想表明自己的所在地或身份背景，暗示对直播中提到的鹿产品（如鹿茸、鹿保健品等）有潜在兴趣或相关需求。  （结合前文弹幕中频繁提及鹿的疗效、食用方式等，可推测直播主题与鹿制品相关，用户通过标注地域""吉林东丰""——中国梅花鹿养殖基地之一，以及""三鹿场""这一具体场所，间接表达对产品的关注或购买意愿。）"
xiaobin82686,健康养生,"我吃了提高免疫力,身体特别棒,特别有精神",1,该用户想表达的含义是：这款产品对增强免疫力和改善身体状况有明显效果。
xiaobin82686,健康养生,一天吃几次,1,该用户可能是在询问产品的每日建议服用次数，想了解具体的使用方法。
xiaobin82686,健康养生,"我肺部有结节,吃了好了",0,该用户想表达的含义是：自己服用直播推荐的产品后肺结节症状得到改善。  （释义依据：结合前文弹幕中频繁提及产品疗效（如“治什么病”“高血压能吃吗”“结节没有了”等），用户意图通过自身案例佐证产品效果，隐含推荐动机。）
xiaobin82686,健康养生,"丽丽爸爸,睡醒了吧?",0,该用户可能在提醒主播让“丽丽爸爸”注意观看直播中提到的产品功效，暗示其可能对产品感兴趣或有相关健康需求。
xiaobin82686,健康养生,治什么病?,1,该用户是在询问直播中提到的产品具体针对哪些病症有疗效。
xiaobin82686,健康养生,乳腺有结节的吃它是最好了,1,该用户想表达的含义是：这款产品对缓解乳腺结节症状有显著效果。
xiaobin82686,健康养生,给加上两瓶这个,1,该用户想表达的含义是：希望主播在订单中额外增加两瓶当前介绍的产品。
xiaobin82686,健康养生,"丽丽爸醒醒脑吧,别太故直,让孩子自己选折吧,丽丽是有眼光的",0,该用户是在劝告丽丽的父亲不要固执己见，应该尊重孩子的自主选择权，暗示丽丽有独立判断能力。
xiaobin82686,健康养生,管什么的?,1,该用户是在询问直播中推销的产品具体针对哪些病症或健康问题。
xiaobin82686,健康养生,支持支持支持支持支持支持支持支持支持支持支持支持支持支持支持支持支持支,0,该用户想表达的含义是：强烈赞同并力挺主播或产品。
xiaobin82686,健康养生,上车上车上车上车上车上车上车上车,1,该用户想表达的含义是：强烈催促主播尽快上架或开售当前推荐的产品。  （结合前文弹幕中频繁提及产品功效、购买意向（如“给加上两瓶这个”）以及催促性内容（如“支持”刷屏），可推断“上车”是电商直播中“跟单购买”的俚语，重复叠加体现用户急切参与的意愿。）
xiaobin82686,健康养生,高血压能吃吗,1,该用户是在询问该产品是否适合高血压患者食用，表现出对产品适用人群的具体关注和潜在的购买意向。
xiaobin82686,健康养生,上车上车上车上车上车上车上车上车上车,1,该用户想表达的含义是：强烈催促主播尽快上架或开售当前讨论的产品。
xiaobin82686,健康养生,连丽丽爸爸,0,该用户可能在提醒或呼唤直播间的“丽丽爸爸”注意当前讨论的产品信息，暗示他应该关注或参与购买决策。
xiaobin82686,健康养生,"贱点儿呗,贱点儿呗",0,该用户是在讨价还价，希望主播能降低商品价格。
xiaobin82686,健康养生,怎么吃,1,该用户想询问产品的具体服用方法或食用方式。
xiaobin82686,健康养生,白璐瑶肖强进监狱吧做一对儿监狱夫妻吧!,0,该用户是在用讽刺的语气表达对主播推销产品的不满，认为其宣传效果虚假夸张，应该受到法律惩处。
xiaobin82686,健康养生,丽丽爸爸在哪里?,0,该用户可能在催促主播丽丽的父亲尽快现身直播间参与互动或做出购买决策。
xiaobin82686,健康养生,"我肺部有结节,吃了好了",1,该用户想表达的含义是：这款产品对缓解肺部结节症状有效，自己服用后病情有所好转。
xiaobin82686,健康养生,丽丽他爸爸上来看直播,0,"该用户可能是想通过提及""丽丽爸爸""这个直播间熟客的身份来活跃气氛，暗示主播注意这位老观众的到来，同时借这个共同话题与其他观众互动。"
xiaobin82686,健康养生,我吃结节没有了,1,该用户想表达的含义是：自己服用了直播推荐的产品后，身体原有的结节症状得到了改善或消失。
xiaobin82686,健康养生,白璐瑶肖强进监狱吧做一对儿监狱夫妻吧!,0,"该用户可能是在借直播间讨论的热点人物（白璐瑶、肖强）发泄个人情绪，通过极端言论（希望他们入狱）表达对这两人的强烈不满或道德谴责，而非对直播商品产生购买兴趣。  （分析依据：该弹幕与前后医疗保健品讨论完全脱节，内容突兀且含攻击性，符合网络常见""刷屏泄愤""行为模式，无任何商品关联性。）"
xiaobin82686,健康养生,主播晚上好,0,该用户可能在礼貌性问候主播的同时，试图通过友好互动引起注意，为后续可能的商品咨询或购买意向铺垫。
xiaobin82686,健康养生,上车上车上车上车,1,该用户想表达的含义是：催促主播尽快上架或开售商品，表现出强烈的购买意愿和抢购心态。
xiaobin82686,健康养生,有优惠么,1,该用户可能在询问商品是否有促销活动，表现出潜在的购买意愿。
xiaobin82686,健康养生,我腋下的疙瘩都吃没了,1,该用户想表达的含义是：使用该产品后腋下的结节问题得到了改善。
xiaobin82686,健康养生,白总比某某漂亮,0,该用户可能在通过对比主播外貌来间接表达对直播内容的认可或好感，试图以轻松调侃的方式融入直播间氛围。
xiaobin82686,健康养生,丽丽他爸爸上来看直播,0,该用户可能是想通过提及“丽丽爸爸”来呼应前面关于家庭互动的讨论，暗示对直播内容的关注或参与感，但并未直接表达明确的购买意向。
xiaobin82686,健康养生,"丽丽,爸爸,今天晚上发生的这些事情,你可以来直播间谈谈你的看法",0,"该用户是在呼吁主播""丽丽的爸爸""就当晚发生的某个热点事件来直播间分享个人观点，暗示对主播的信任和对其评论的期待。"
xiaobin82686,健康养生,丽丽他爸爸上来看直播吧??肖强是个什么玩意儿?,0,该用户可能在催促或调侃“丽丽爸爸”现身直播间，同时表达对“肖强”的负面情绪或不满。
xiaobin82686,健康养生,晚上好,0,该用户可能是在跟风问候主播，试图融入直播间的互动氛围，而非直接表达购买意向。
xiaobin82686,健康养生,晚上好[玫瑰][玫瑰][玫瑰],0,该用户只是在礼貌性地问候主播，并未表达明确的购买意向。
xiaobin82686,健康养生,晚上好主播,0,该用户可能是在礼貌性问候主播，同时试图融入直播间的互动氛围，延续其他观众打招呼的社交惯例。
xiaobin82686,健康养生,一天吃几次,0,该用户想询问产品的具体服用频率，可能是对产品的功效产生了兴趣并考虑购买。
xiaobin82686,健康养生,鹿心丸血管中的清道夫,1,该用户想表达的含义是：鹿心丸这款产品对清理血管有显著效果。
xiaobin82686,健康养生,潇怎么走了,0,该用户可能是在询问主播“潇”为何突然离开直播间，表现出对主播动向的关注或对其缺席的疑惑。
xiaobin82686,健康养生,连丽丽爸爸他给女儿选人,0,该用户可能在询问主播或直播间其他观众，丽丽的父亲是否参与了为女儿挑选对象的决策过程。
xiaobin82686,健康养生,"沈阳医大一,二肿瘤科天天暴满",0,该用户可能是在借医院肿瘤科人满为患的现象，暗示直播产品对肿瘤或结节类疾病有疗效，从而间接表达对产品的兴趣或信任。
xiaobin82686,健康养生,发广告,0,该用户可能是在抱怨直播间内容偏离主题或存在过多无关的广告信息。
xiaobin82686,健康养生,"丽丽爸爸怎么样你看好的肖强是个什么东西,你的眼光太差了",0,该用户是在嘲讽丽丽父亲看人的眼光差，认为他认可的肖强品行不端不值得信任。
xiaobin82686,健康养生,晚上好!主播们,0,该用户只是在礼貌性地向主播问候，并没有表达明确的购买意向或产品相关兴趣。
xiaobin82686,健康养生,"做出卑鄙的手段,丽丽会看上你吗?",0,该用户是在嘲讽某人用不正当手段追求丽丽，认为这种行为根本不可能赢得丽丽的好感。
xiaobin82686,健康养生,鹿心丸降低血液中的胆固醇,1,该用户可能是在询问或强调鹿心丸对降低胆固醇的功效，表达了对该产品的兴趣或认可。
xiaobin82686,健康养生,晚上好[赞],0,该用户只是在礼貌性地问候主播，并没有表现出明确的购买意向。
xiaobin82686,健康养生,血压高的可以用吗?,1,该用户是在询问产品是否适合高血压患者使用，隐含对产品功效的潜在购买兴趣。
xiaobin82686,健康养生,丽丽爸看看你认可的女古爷十－子,0,该用户想表达的含义是：丽丽的爸爸，看看你认可的那个所谓的优秀男士（“女古爷十－子”可能是对某人名字或称号的谐音或错别字）现在是什么样子。  （结合前文语境，用户可能在讽刺丽丽爸爸之前看好的“肖强”或其他被提及的人物，表达对其眼光的不满或质疑。）
xiaobin82686,健康养生,"鹿心丸对心脏病,冠心病心绞痛都很好",1,该用户可能在询问或强调鹿心丸对心脏类疾病的疗效，表现出对产品功效的关注和潜在购买意向。
xiaobin82686,健康养生,上车上车,1,该用户想表达的含义是：催促主播尽快上架或介绍商品，表现出强烈的购买意愿。
xiaobin82686,健康养生,鹿心丸可以用于改善气血亏虚引起的面色苍白、头晕耳鸣、疲乏无力的症状,1,该用户是在询问鹿心丸对气血不足相关症状的疗效，表现出对该产品的潜在购买兴趣。
xiaobin82686,健康养生,上车炸,0,该用户想表达的含义是：赶紧参与购买这个产品（鹿心丸）。  （结合前文，“上车”是电商直播中催促下单的常见用语，“炸”可能强调紧迫性或产品热度，整体表达急切跟单的意愿。）
xiaobin82686,健康养生,"鹿角帽一天吃几回,怎么吃?",1,该用户想了解鹿角帽产品的具体服用方法和频率，表现出对产品的使用细节的关注和潜在的购买意向。
xiaobin82686,健康养生,上车上车上车上车上车上车上车上车上车,1,该用户想表达的含义是：强烈催促主播尽快上架或介绍当前产品，表现出急切想要购买的意愿。
xiaobin82686,健康养生,上车上车上车上车上车上车上车上车,1,该用户想表达的含义是：强烈催促主播尽快上架或推广当前提到的商品（很可能是“鹿心丸”），表现出急切想要购买的意愿。
xiaobin82686,健康养生,连丽丽爸爸看看肖强做的是,0,该用户可能在嘲讽连丽丽父亲的择人眼光，暗示其认可的肖强并不靠谱。
xiaobin82686,健康养生,人工养殖的能有用吗,1,该用户可能是在质疑人工养殖产品的功效是否和天然产品一样有效。
xiaobin82686,健康养生,胸闷可以吃吗,1,该用户是在询问直播中提到的产品（可能是鹿心丸或类似保健品）是否适合缓解胸闷症状。
xiaobin82686,健康养生,"鹿心丸加快新陈代谢,降血压",0,该用户是在询问鹿心丸是否能通过促进新陈代谢来帮助降低血压。
xiaobin82686,健康养生,零件也是有钱人,0,该用户可能在讽刺直播间推销的鹿心丸等产品价格昂贵，暗示只有经济条件好的人才消费得起。
xiaobin82686,健康养生,湖南湘雅二院可以换零件,0,该用户可能是在调侃或讽刺直播间的产品宣传，暗示所谓的“鹿心丸”等保健品被夸大效果，就像医院能随意更换人体零件一样不靠谱。
xiaobin82686,健康养生,鹿心丸降低血液中的胆固醇,1,该用户是在询问或确认鹿心丸对降低胆固醇的功效，表现出对产品功效的关注和潜在购买意向。
xiaobin82686,健康养生,"鹿身上都是宝,鹿心丸是血管清道夫",1,该用户想表达的含义是：鹿心丸具有多种保健功效，尤其是对心血管健康有显著益处。
xiaobin82686,健康养生,"降血脂,降血压,降血糖",0,该用户可能是在询问产品是否具有降血脂、降血压、降血糖的功效，或是确认这些功效的真实性。
xiaobin82686,健康养生,丽丽爸爸给女儿选的闺婿何许人也?,0,"该用户是在调侃或好奇主播（丽丽爸爸）对某位男性（可能是直播间出现的嘉宾或观众）的认可程度，暗指其是否符合""女婿""标准。"
xiaobin82686,健康养生,"鹿心丸对心脏病,冠心病心绞痛都很好",1,该用户意在强调鹿心丸对多种心脏相关疾病的显著疗效，以此表达对该产品的认可或潜在的购买意向。
xiaobin82686,健康养生,丽丽的爸爸赶快醒悟吧!劲彬才是最好的人!,0,该用户是在借直播间讨论的剧情或人物关系（如“丽丽爸爸”和“劲彬”的对比），以调侃或讽刺的方式表达对主播推荐产品之外的内容（如家庭伦理话题）的围观兴趣，而非直接体现购买意向。
xiaobin82686,健康养生,男值播个性优越![祈祷][爱心][玫瑰][赞][赞],0,该用户可能在用夸张的赞美表达对主播或产品的强烈认可，暗示有购买意向。
xiaobin82686,健康养生,"我吃了提高免疫力,身体特别棒,特别有精神",1,该用户想表达的含义是：这款产品增强了我的免疫力和精神状态，效果很好。
xiaobin82686,健康养生,"湘雅二院换零件,杠杠的",0,该用户可能是想调侃或讽刺直播间推销的保健品效果夸张，暗示连医院都能“换零件”（暗指器官移植）来夸大产品功效。
xiaobin82686,健康养生,怎么用,1,该用户想询问产品的具体使用方法或服用方式。
xiaobin82686,健康养生,鹿心丸可以安神补血,1,该用户是在询问鹿心丸的安神补血功效是否属实，暗示对产品功效感兴趣并考虑购买。
xiaobin82686,健康养生,鹿心丸血管中的清道夫,1,该用户想表达的含义是：鹿心丸具有清理血管、改善心血管健康的功效。
xiaobin82686,健康养生,丽丽的爸爸妈妈快星星吧,0,该用户可能在催促主播“丽丽的爸爸”尽快认可或支持某个被推荐的产品（如鹿心丸）或人选（如“劲彬”），表达一种急切希望对方采纳建议的意愿。  （结合前文语境，“丽丽的爸爸”是弹幕讨论焦点之一，既有对其选择女婿的调侃，也有对产品功效的呼吁，目标弹幕中的“快星星”可能是谐音或输入错误，实际想表达“快行动/快决定”的催促意味。）
xiaobin82686,健康养生,肖强是个什么东西,0,该用户可能是在质疑或嘲讽直播中频繁提及的“肖强”这个人物的可信度或价值。
xiaobin82686,健康养生,好东西,0,该用户可能是在认可直播中推荐的产品（如鹿心丸）的功效或品质，表达对其价值的肯定和兴趣。
xiaobin82686,健康养生,丽丽爸爸心里明白了?,0,该用户可能在暗示丽丽的父亲应该认清某个真相或做出明智的选择，结合直播间的讨论氛围，可能是希望他认可某个产品或人选（如“劲彬”或产品效果）。
xiaobin82686,健康养生,抢到了[赞],0,该用户想表达的含义是：成功下单购买了商品并感到满意。
xiaobin82686,健康养生,抢到了,0,该用户想表达的含义是：成功下单购买了直播推荐的鹿心丸产品。  （结合前文，弹幕主要围绕鹿心丸的功效讨论和抢购氛围，用户“抢到了”符合直播促销场景下的典型成交反馈。）
xiaobin82686,健康养生,忠身大事,0,该用户可能是在调侃或讽刺直播间推销的“鹿心丸”产品被夸大宣传成能解决终身健康问题的“终身大事”。
xiaobin82686,健康养生,拍了加意,0,该用户想表达的含义是：已经下单购买了直播间的鹿心丸产品。
xiaobin82686,健康养生,"鹿身上浑身都是宝,鹿心丸是血管清道",1,该用户想表达的含义是：鹿心丸具有多种保健功效，尤其是对心血管健康有益。
xiaobin82686,健康养生,鹿心丸可以用于改善气血亏虚引起的面色苍白、头晕耳鸣、疲乏无力的症状,1,该用户是在认可鹿心丸的保健功效，并具体说明其对气血不足相关症状的调理作用，以此佐证产品的有效性。
xiaobin82686,健康养生,拍了加急,0,该用户想表达自己已经下单并选择了快递加急服务，显示出较强的购买意愿和急切收货的需求。
xiaobin82686,健康养生,"鹿心丸对心脏病,冠心病心绞痛都很好",1,该用户想表达的含义是：鹿心丸对心血管疾病有显著疗效，值得推荐购买。  （结合前文弹幕中频繁提及鹿心丸的功效、抢购行为以及用户对产品的积极评价，可推断该弹幕意在强调产品的医疗效果，隐含推荐或认可意图。）
xiaobin82686,健康养生,什么时候吃饭前饭后早上是晚?,1,该用户可能在询问产品（鹿心丸）的服用时间，例如“这个药是饭前、饭后还是早晚服用？”
xiaobin82686,健康养生,"你别踢我啊,我明天付款",0,该用户担心被踢出直播间，希望保留购买机会并承诺次日完成付款。
xiaobin82686,健康养生,我腋下的疙瘩都吃没了,1,该用户想表达的含义是：这个产品效果很好，连我腋下的肿块都消退了。
xiaobin82686,健康养生,普通人要想安全关注罗帅宇的爸妈,0,该用户可能是想询问如何在不引起他人注意的情况下关注主播罗帅宇的父母的相关信息或动态。
xiaobin82686,健康养生,"劲彬,玉同呢",0,该用户可能在询问主播或其他观众关于产品代言人或相关人物（劲彬、玉同）的去向或近况。
xiaobin82686,健康养生,没车了,0,该用户想表达的含义是：商品已经售罄无法购买了。
xiaobin82686,健康养生,晚上好主播,0,该用户可能是刚进入直播间的新观众，以问候主播的方式礼貌刷存在感，同时暗示自己开始关注直播内容。
xiaobin82686,健康养生,"一天一瓶,早晚喝吗?",1,该用户可能是在询问产品的具体服用方法和频率，比如是否需要每天早晚各服用一次。
xiaobin82686,健康养生,开了加急,0,该用户想表达的含义是：已经下单并选择了加急配送服务。
xiaobin82686,健康养生,拍了两单加急,0,该用户想表达自己已经下单购买并选择了加急配送服务。
xiaobin82686,健康养生,没拍到,0,该用户想表达的含义是：自己没抢到直播间的商品。
xiaobin82686,健康养生,没有了,0,该用户想表达的含义是：商品已经售罄或抢购机会没有了。
xiaobin82686,健康养生,罗爸罗妈太难了,0,该用户可能是在感叹主播（罗爸罗妈）推销产品时表现出的辛苦或不易，暗示对他们努力的理解或同情。
xiaobin82686,健康养生,劲彬是最优秀的最负责任最善良最有担当的男子汉!,0,该用户是在通过热情赞美主播劲彬的人格魅力，间接表达对其推荐产品的信任和支持，属于情感认同驱动的潜在购买意向。
xiaobin82686,健康养生,治甲腺结节,1,该用户可能是在询问直播产品（如鹿心丸）是否对治疗甲状腺结节有效，表达了对产品功效的关注和潜在的购买意向。
xiaobin82686,健康养生,"是现货吗,明天能发货吗?",0,该用户想确认商品是否为现库存且能快速发货，表现出明确的购买意向和时效需求。
xiaobin82686,健康养生,在上点,1,该用户可能在催促主播继续补货或上架商品。
xiaobin82686,健康养生,上车上车,1,该用户想表达的含义是：催促主播尽快上架商品或开放购买通道。
xiaobin82686,健康养生,没车了,1,该用户想表达的含义是：商品库存已经售罄，无法继续购买了。
xiaobin82686,健康养生,"主播好,[赞][赞][赞][赞][赞][赞][赞][赞][赞][赞][赞]",0,该用户通过连续点赞的表情符号表达对主播的高度认可和热情支持，可能是对主播当前介绍的产品或表现出的专业态度感到满意。
xiaobin82686,健康养生,上车上车上车,1,该用户想表达的含义是：催促主播尽快上架商品或开放购买通道。  （结合前文弹幕中频繁出现的“没车了”“上点”“拍了两单”等购物相关催促，以及“上车”在电商直播中的常见含义为“参与抢购”，可推断用户急切希望加入购买。）
xiaobin82686,健康养生,鹿心丸高血压能吃吗,1,该用户是在询问产品（鹿心丸）是否适合高血压患者服用，以评估自身购买可行性。  （释义逻辑：结合直播间高频出现的药品咨询（如治结节）、抢购催促（没车/加急）等语境，可判断该弹幕属于典型的产品功效确认类需求，用户通过询问适用人群来决策是否参与抢购。）
xiaobin82686,健康养生,上车上车上车上,1,该用户急切催促主播重新补货或开放购买链接。
xiaobin82686,健康养生,晚上好,0,该用户可能是刚进入直播间，以问候方式刷存在感并试探主播互动意愿。  （解析：在密集的购物咨询和抢购氛围中，此类礼节性问候多为新观众入场信号，既符合直播社交礼仪，又隐含观察直播间状态的意图，与其他直接表达购买需求的弹幕形成行为差异。）
xiaobin82686,健康养生,"这面雨下的可大了,长春",0,该用户可能是在用调侃或闲聊的方式表达自己所在地区（长春）的天气状况，以此与直播间互动，而非直接表达购买意向。
xiaobin82686,健康养生,治甲腺结节吗?,1,该用户是在询问直播中推荐的产品是否对治疗甲状腺结节有效。
xiaobin82686,健康养生,主播晚上好,0,该用户只是在礼貌性地问候主播，并未表现出明确的购买意向或产品相关咨询。
xiaobin82686,健康养生,俺这边下点雨吧,0,该用户可能在暗示希望直播间能像下雨一样快速补货或增加优惠活动。
xiaobin82686,健康养生,肺结节能吃吗?,1,该用户是在询问直播中推销的产品是否适合肺结节患者食用，以判断自己是否符合购买条件。
xiaobin82686,健康养生,怎么吃?说一下,1,该用户想询问产品的具体食用方法或使用说明。
xiaobin82686,健康养生,结节可以消吗,1,该用户是在询问直播中推荐的产品是否对消除身体结节（如甲状腺或肺部结节）有疗效。
xiaobin82686,健康养生,没车了没车了,0,该用户想表达的含义是：商品已经被抢购一空，无法继续购买了。
xiaobin82686,健康养生,支架能吃吗,1,该用户可能是对产品功能存在误解或调侃，询问支架是否具备食用功能。
xiaobin82686,健康养生,肝囊肿能吃吗,1,该用户是在询问直播中推销的产品是否适合肝囊肿患者食用，以判断自己是否有购买意向。
xiaobin82686,健康养生,有胃病可以吃吗?,1,该用户是在询问该产品是否适合胃病患者食用，以评估自身是否能够购买使用。
xiaobin82686,健康养生,明天能发货吗?我要加急,0,该用户急切想确认商品是否能在次日发货并希望优先处理自己的订单。
xiaobin82686,健康养生,肺结节能吃,1,该用户想询问主播所推荐的产品是否适合肺结节患者食用。
xiaobin82686,健康养生,没有钱了留在明天行吗,0,该用户想表达的含义是：手头暂时资金不足，询问是否可以延迟付款或改日再购买。
xiaobin82686,健康养生,"结节可以消,放心拍吧,我知道",0,该用户想表达的含义是：确认产品对结节有效后，决定下单购买。
xiaobin82686,健康养生,丽丽让你爸爸认请人,0,"该用户可能是想提醒主播注意直播间内某些误导性言论（如过度宣传产品功效），希望主播或其团队能出面澄清或纠正。  （分析依据：前文弹幕多为医疗健康类产品咨询，存在大量重复提问和模糊表述，结合""认请人""的谐音及直播电商语境，用户更可能是在呼吁主播团队""认清""信息真实性，而非字面亲属关系。）"
xiaobin82686,健康养生,肝囊肿管用吗,1,该用户是在询问直播中推荐的产品是否对治疗肝囊肿有效。
xiaobin82686,健康养生,"今天拍的,什么时候发货呀?",0,该用户想确认自己当天购买的商品何时能发出，表现出对物流时效的关切和期待收货的迫切心情。
xiaobin82686,健康养生,一天喝一支吧没有三天喝一支是吗白总,1,该用户是在询问产品的服用频率，想知道是否只能每天一支而没有每隔三天一支的选项。
xiaobin82686,健康养生,到底一天吃几瓶呀?让美女主播说一下,1,该用户是在询问产品的具体服用剂量，希望主播能明确说明每日建议用量。
xiaobin82686,健康养生,怎么吃讲一遍,1,该用户想询问产品的具体食用方法或服用说明。
xiaobin82686,健康养生,等能等能等,0,该用户想表达的含义是：愿意耐心等待购买机会或商品补货。
xiaobin82686,健康养生,已拍加急,0,该用户想表达的含义是：我已经下单并选择了加急发货服务。
xiaobin82686,健康养生,主播好[赞],0,该用户想表达的含义是：对主播的讲解或表现表示认可和赞赏。
xiaobin82686,健康养生,可以可以可以,0,该用户想表达的含义是：对产品效果或主播推荐表示高度认可，决定下单购买。
xiaobin82686,健康养生,拍了加急,0,该用户想表达的含义是：我已经下单并选择了加急发货服务。
xiaobin82686,健康养生,美女帅哥晚上好!你们辛苦了!为你点赞加油[赞][赞][赞][赞][赞][赞,0,该用户想表达的含义是：友好问候主播并给予鼓励支持，但并未直接表现出购买意向。
xiaobin82686,健康养生,我拍了两单,0,该用户想表达的含义是：我已经下单购买了两件商品。
xiaobin82686,健康养生,可以可以,0,该用户想表达的含义是：对主播介绍的产品功效或优惠活动表示认可和赞同。
xiaobin82686,健康养生,能等三天五天都行,0,该用户想表达的是：只要商品有效果，自己愿意耐心等待发货，不介意多等几天。
xiaobin82686,健康养生,能等能等能等能,0,该用户想表达的含义是：愿意耐心等待发货或产品使用效果的反馈时间。
xiaobin82686,健康养生,拍完一单加急,0,该用户想表达的含义是：我已经下单并选择了加急配送服务。
xiaobin82686,健康养生,鹿心丸可以用于改善气血亏虚引起的面色苍白、头晕耳鸣、疲乏无力的症状,1,该用户是在询问产品功效，试图确认鹿心丸是否适合自己的气血亏虚症状，表现出潜在购买意向。
xiaobin82686,健康养生,"鹿心丸对心脏病,冠心病心绞痛都很好",1,该用户想表达的含义是：鹿心丸对治疗心脏相关疾病有显著效果，值得购买。
xiaobin82686,健康养生,能能等,0,该用户想表达的含义是：可以等待发货时间，不着急催促。
xiaobin82686,健康养生,只要是真的可以等,0,该用户想表达的含义是：如果商品效果确实好，我愿意耐心等待发货或使用后的效果。
xiaobin82686,健康养生,"我吃了提高免疫力,身体特别棒,特别有精神",1,该用户想表达的含义是：这款产品确实有效，服用后感觉身体状态明显改善。
xiaobin82686,健康养生,拍了加急,0,该用户想表达自己已经下单并选择了加急发货服务，希望尽快收到商品。
xiaobin82686,健康养生,我是长春的我正在吃鹿胎膏,1,该用户想表达的含义是：作为长春本地人，我正在服用这款产品并分享使用体验。
xiaobin82686,健康养生,"我身上有结节,吃了好了",1,该用户想表达的含义是：自己服用该产品后结节问题有所改善，以此佐证产品效果并暗示购买意愿。
xiaobin82686,健康养生,怎么吃,1,该用户想询问产品的具体食用方法或服用说明。
xiaobin82686,健康养生,己拍加急,0,该用户想表达的含义是：我已经下单并选择了加急配送服务。
xiaobin82686,健康养生,离长春最近的区,0,该用户可能是在询问产品配送范围或服务覆盖区域，想确认自己所在的长春周边地区是否能享受该服务或快速收货。
xiaobin82686,健康养生,拍到了,0,该用户想表达的含义是：自己已经成功下单购买了直播间的商品。
xiaobin82686,健康养生,"鹿角冒,拍了一单",0,"该用户通过“鹿角冒,拍了一单”表达了自己已下单购买鹿角帽产品，并隐含对产品功效的认可或从众心理（受直播间其他用户购买热情影响）。"
xiaobin82686,健康养生,几瓶啊,0,该用户是在询问商品的具体规格（如单份包含的瓶数），以便决定购买数量。
xiaobin82686,健康养生,一天吃几瓶?主播请讲一下.谢谢了,1,该用户想询问产品的具体服用剂量，以评估是否适合自己购买使用。
xiaobin82686,健康养生,已拍加急,0,该用户想表达的含义是：我已经下单并选择了加急配送服务。
xiaobin82686,健康养生,一单几瓶,1,该用户想询问购买一单包含多少瓶产品。
xiaobin82686,健康养生,甲泉甲泉囊肿可以吃吗?,1,该用户是在询问产品“甲泉”是否适合治疗囊肿症状，表现出对产品功效的关注和潜在的购买意向。
xiaobin82686,健康养生,有鹿筋粉吗?,1,该用户是在询问直播间是否有售卖鹿筋粉这一产品，表现出对该商品的购买兴趣。
xiaobin82686,健康养生,"我就在他们附近,这是我真",0,该用户想表达的含义是：我就在这家店附近，可以确认他们的产品是正品。
xiaobin82686,健康养生,吃几瓶,1,该用户想询问产品具体的服用剂量或购买数量。
xiaobin82686,健康养生,这1瓶几克,1,该用户想询问产品的单瓶净重是多少。
xiaobin82686,健康养生,有鹿筋粉吗?静斌问问,1,该用户是在询问直播间是否有售卖鹿筋粉产品，并希望主播静斌帮忙确认和解答。
xiaobin82686,健康养生,我吃结节没有了,0,该用户想表达的含义是：自己服用了该产品后，身上的结节症状消失了。
xiaobin82686,健康养生,"长春,我家这现在还下呢",0,该用户想表达的含义是：作为长春的观众，对产品在当地的使用效果或配送情况表示关注。
xiaobin82686,健康养生,"我肺部有结节,吃了好了",0,该用户想表达的含义是：自己因服用该产品后肺部的结节症状有所改善，以此佐证产品的效果。
xiaobin82686,健康养生,鹿角帽能调理什么病,1,该用户想询问鹿角帽对哪些病症有调理作用，可能出于自身健康需求或对产品功效的好奇。
xiaobin82686,健康养生,一天吃几瓶????,1,该用户想询问产品的每日建议服用量以评估是否适合自己购买。
xiaobin82686,健康养生,怎么喝.饭后饭前喝[龇牙][龇牙][龇牙],1,该用户想询问产品的具体服用时间（饭前还是饭后），并表现出对产品的兴趣和轻松调侃的态度。
xiaobin82686,健康养生,丽丽爸爸快看看肖强是一个什么人了吧,0,该用户可能在质疑主播或产品代言人的可信度，暗示其他人应该认清其真实面目。
xiaobin82686,健康养生,治什么病?,1,该用户是在询问主播所推销的鹿角帽产品具体能治疗哪些疾病或症状。
xiaobin82686,健康养生,长春正在下雨,0,该用户可能是在附和或补充前面关于地域天气的闲聊，暗示自己也在长春或关注当地情况，但并未直接表达对产品的购买兴趣。
xiaobin82686,健康养生,白露是你哥哥吗,0,该用户可能是在询问主播与另一位名叫“白露”的人物之间的关系，试图确认主播的身份背景或家庭情况。
xiaobin82686,健康养生,主播好,0,该用户可能是在礼貌性地打招呼或表达对主播的认可，但并未直接表现出明确的购买意向。
xiaobin82686,健康养生,"我身上有结节,吃了好了",0,该用户想表达的含义是：自己因服用该产品后身上的结节症状得到了缓解。
xiaobin82686,健康养生,丽叫你爸看这个性肖的是L,0,该用户可能是想提醒主播“丽丽”让她父亲关注某个与“肖强”相关的人物或产品信息。
xiaobin82686,健康养生,丽丽爸爸上来看看!,0,该用户可能是想让主播“丽丽”的父亲关注或评价当前直播中的某个内容或人物。
xiaobin82686,健康养生,"我肺部有结节,吃了好了",0,该用户想表达的含义是：自己服用该产品后肺部的结节问题得到了改善。
xiaobin82686,健康养生,晚上好,0,该用户可能在礼貌性打招呼的同时，试图引起主播注意以询问产品相关问题。
xiaobin82686,健康养生,"全国鹿角帽,双阳全国最大的养殖基地了",0,该用户想表达的含义是：强调双阳作为全国最大的鹿角帽养殖基地的产品产地优势，暗示对产品的信任和购买意向。
xiaobin82686,健康养生,"我吃了提高免疫力,身体特别棒,特别有精神",1,该用户想表达的含义是：这款产品对提升免疫力和改善身体状况有明显效果，自己亲身体验后感觉精力充沛。
xiaobin82686,健康养生,"我距离他们很近怕,是真的",0,该用户可能是对产品功效的真实性存疑，但又因身边有成功案例而处于矛盾心理，表达了一种既担心受骗又因近距离见证效果而动摇的复杂情绪。
xiaobin82686,健康养生,怎么喝.饭前饭后喝,1,该用户是在询问产品的具体服用方法，关心服用时间对效果的影响。
xiaobin82686,健康养生,"丽丽爸要认清一个人的品质,品行好的人才能在社会上立足,行得通",0,该用户是在借评论他人品行的名义，暗示主播或产品相关方需要注重诚信和口碑，以此间接表达对直播内容的关注或对产品质量的潜在担忧。
xiaobin82686,健康养生,主播好,0,该用户可能是出于礼貌打招呼，或是想引起主播注意以咨询产品信息。
xiaobin82686,健康养生,怎么吃,1,该用户想询问产品的具体食用方法或服用方式。
xiaobin82686,健康养生,主播晚上好呀[火][火][火],0,该用户是在礼貌问候主播的同时，用火表情符号表达对直播内容的热情支持，但并未直接体现购买意向。
xiaobin82686,健康养生,怎么吃说一下,1,该用户想询问产品的具体食用方法或服用说明。
xiaobin82686,健康养生,我有双肺都有肺结节,0,该用户可能是想询问主播推荐的产品是否对治疗肺结节有效，或是分享自身健康情况以寻求建议。
xiaobin82686,健康养生,"我吃了提高免疫力,身体特别棒,特别有精神",1,该用户想表达的含义是：这款产品对增强免疫力和改善身体状况有明显效果。
xiaobin82686,健康养生,吃法重讲一下,1,该用户想表达的含义是：希望主播重新详细介绍产品的食用方法。  （结合前文语境，弹幕中多次出现关于产品功效和食用方式的讨论，如“怎么喝”“怎么吃”等，说明观众对使用方法较为关注，因此这条弹幕可能是针对产品具体吃法的进一步追问或要求重复讲解。）
xiaobin82686,健康养生,"丽丽爸要认清一个人的品质,品行好的人才能在社会上立足,行得通",0,该用户可能在暗示主播或产品需要注重诚信和品质，才能赢得消费者信任并长久发展。
xiaobin82686,健康养生,[赞][赞][赞][赞][赞][赞][赞][赞][赞][赞][赞][赞][,0,该用户想通过连续点赞的表情符号表达对主播或产品的高度认可和强烈支持，可能是受到直播间其他观众分享的积极使用体验（如改善健康、提升免疫力等）的感染，从而用夸张的视觉化方式传递购买兴趣或信任感。
xiaobin82686,健康养生,"我肺部有结节,吃了好了",0,"该用户想表达的含义是：自己因服用直播推荐的产品后肺结节症状得到改善，以此佐证产品效果并暗示对商品的认可。  （分析依据：结合前后弹幕中多次出现的""结节好转""""提高免疫力""等疗效反馈，以及询问食用方法的互动，可推断直播间正在推销保健类产品，用户通过分享亲身经历强化产品可信度，潜在动机可能是推荐他人购买或寻求进一步使用指导。）"
xiaobin82686,健康养生,是啥的呀?鹿粉是治啥的?,1,该用户是在询问直播中提到的“鹿粉”产品的具体功效和治疗范围，表现出对产品功能的兴趣和潜在购买意向。
xiaobin82686,健康养生,给几瓶?,1,该用户是在询问主播商品的具体购买数量或套餐选项，表现出对产品的购买意向和价格敏感度。
xiaobin82686,健康养生,怎么喝.怎么喝,1,该用户想询问产品的具体服用方法或饮用方式。
xiaobin82686,健康养生,丽丽的爸爸醒醒吧!丽丽有高超的眼光,0,该用户可能在暗示丽丽的父亲应该认可主播推荐的产品，因为丽丽（可能是其女儿或信任的人）对产品有独到的判断力。
xiaobin82686,健康养生,一天到底吃几瓶呀?美女主播,1,该用户可能在询问产品的每日建议用量，同时通过称呼“美女主播”表达对主播的亲近感以获取更详细的解答。
xiaobin82686,健康养生,尬瘩结子,0,该用户可能在询问产品（如鹿角帽粉）对治疗“肺结节”是否有效，并将“肺结节”误写或简称为“尬瘩结子”。
xiaobin82686,健康养生,我有肺结节拍了,0,该用户想表达的含义是：自己存在肺部结节问题，正在关注产品是否对此症状有效。
xiaobin82686,健康养生,主播晚上好[赞][赞][玫瑰][玫瑰][玫瑰],0,该用户通过礼貌问候和表情符号表达对主播的友好互动意愿，但并未直接体现购买意向，更多是参与直播间氛围的社交性发言。
xiaobin82686,健康养生,白露是你哥哥吗,0,该用户可能是对主播提到的某个名字（如“白露”）感到好奇，试图通过询问人物关系来确认产品推荐者的可信度或背景。
xiaobin82686,健康养生,我腋下的疙瘩都吃没了,0,该用户想表达的含义是：我腋下的结节通过服用产品后消失了。  （结合前文高频出现的“肺结节”“吃了好了”等健康相关讨论，可推断“疙瘩”指代结节类症状，用户意在分享产品疗效。）
xiaobin82686,健康养生,我就是做的甲状手术,0,该用户想表达的含义是：自己曾接受过甲状腺手术，暗示可能对产品改善术后健康的效果感兴趣。  （结合前文弹幕中频繁提及的“肺结节”“疙瘩”等健康问题，以及用户分享产品疗效的语境，可推断该弹幕是通过陈述自身健康经历来间接询问产品是否适用于甲状腺术后调理。）
xiaobin82686,健康养生,"劲彬别踢我,我明天付款好吗?",0,该用户是在向主播请求宽限付款时间，暗示自己有明确的购买意向但需要延迟支付。
xiaobin82686,健康养生,我吃结节没有了,1,该用户想表达的含义是：服用产品后，我的结节症状已经消失了。  （结合前文语境，用户是在分享产品使用效果，类似其他弹幕提到的“肺部结节好了”“腋下疙瘩吃没了”等，属于对产品疗效的积极反馈。）
xiaobin82686,健康养生,"我身上有结节,吃了好了",1,该用户想表达的含义是：自己因服用该产品后身上的结节症状得到了缓解或痊愈。  （结合前文语境，直播间在讨论结节相关产品效果，用户通过分享自身经历来佐证产品功效，隐含推荐或认可意图。）
xiaobin82686,健康养生,我的结节没有了,0,该用户想表达的含义是：通过使用直播间推荐的产品，自己身上的结节问题得到了改善。
xiaobin82686,健康养生,我拍了三单,0,该用户想表达的含义是：我已经下单购买了三次这款产品。  （结合前文弹幕中频繁提及的“结节”“吃了好了”等关键词，可推测直播间在推广某种宣称能改善结节问题的产品，用户“拍了三单”表明其多次购买，可能是基于对产品效果的信任或需求强烈。）
xiaobin82686,健康养生,空腹喝呀,0,该用户想询问产品是否需要空腹饮用。
xiaobin82686,健康养生,甲状腺结节可以吃吗?,1,该用户是在询问直播中推销的产品是否适合甲状腺结节患者食用。
xiaobin82686,健康养生,有点腥味,0,该用户可能是在质疑或反馈产品（如鹿粉）的口感或气味不佳，暗示对产品的实际效果或质量存疑。
xiaobin82686,健康养生,"我现在正在喝,我又拍了一单",0,该用户想表达自己已经购买过该产品并且正在使用，由于效果满意又追加了订单。
xiaobin82686,健康养生,一天吃几瓶,1,"该用户是在询问产品每日建议服用量以评估购买可行性。  （结合前文高频出现的""结节""""服用效果""等关键词，可推断用户关注点在于产品用量与疗效的关系，动机是通过确认服用频率来判断是否适合自身需求。）"
xiaobin82686,健康养生,"我吃了提高免疫力,身体特别棒,特别有精神",0,该用户想表达的含义是：这款产品增强免疫力的效果很好，自己服用后身体状况和精神状态都有明显改善。
xiaobin82686,健康养生,啥玩意,0,该用户可能因对直播内容感到困惑或不满，用“啥玩意”表达对产品功效或弹幕氛围的质疑，暗示认为当前讨论的结节治疗话题夸张或不靠谱。
xiaobin82686,健康养生,一天一瓶吗,1,该用户是在询问产品的每日建议服用量是否为一瓶。
xiaobin82686,健康养生,吃几次一天,1,该用户想询问该产品每日建议服用的具体次数和剂量。
xiaobin82686,健康养生,"我肺部有结节,吃了好了",0,该用户想表达的含义是：自己曾患有肺部结节，在服用直播推荐的产品后病情有所好转。
xiaobin82686,健康养生,饭前喝.饭后喝,1,该用户是在询问产品的具体服用时间，即“饭前还是饭后饮用效果更好”。
xiaobin82686,健康养生,三天五天都行,0,该用户可能在询问产品的服用频率或配送时间，比如“这个产品需要连续服用几天？”或“发货后大概几天能到？”。
xiaobin82686,健康养生,我有肺结节拍了,0,该用户想表达的含义是：自己因肺部结节问题已经下单购买了该产品。
xiaobin82686,健康养生,"饭前喝,饭后喝",0,该用户是在询问产品的具体服用时间，想知道是建议在饭前还是饭后饮用。
xiaobin82686,健康养生,饭前还是饭后喝呀,1,该用户是在询问产品的具体服用时间，想知道是在饭前还是饭后饮用效果更佳。
xiaobin82686,健康养生,你快拍呀,0,该用户可能是在催促主播尽快上架或展示商品，以便自己能够立即下单购买。
xiaobin82686,健康养生,"肖强,今天完蛋公司,原形毕露,还牛什么牛?",0,该用户可能是在嘲讽主播或商家夸大产品功效，认为其宣传虚假且态度傲慢。
xiaobin82686,健康养生,就是我们的家乡,0,该用户可能是在询问产品是否适合自己家乡的特产或生活习惯，暗示对产品有潜在购买兴趣。
xiaobin82686,健康养生,一天吃几次,1,该用户想询问产品的每日建议服用频率。
xiaobin82686,健康养生,吃几合节结才能消失,1,该用户想询问产品需要服用多少疗程才能让结节消退。
xiaobin82686,健康养生,"拍了一单,是治啥?说一下?",1,该用户想表达的含义是：自己已经下单购买了产品，但不确定产品的具体功效是什么，希望主播能再说明一下。
xiaobin82686,健康养生,1瓶几克,1,该用户想询问产品的单瓶容量规格，以了解每次服用的具体剂量。
xiaobin82686,健康养生,劲彬太棒了[赞][赞][赞][赞],0,该用户是在热情夸赞主播或产品（可能名为“劲彬”）的表现或效果，表达强烈的认可和支持。
xiaobin82686,健康养生,有保值期吗?,1,该用户是在询问产品的保质期限，以评估是否值得购买或囤货。
xiaobin82686,健康养生,主播好,0,该用户可能在礼貌性地打招呼或表达对主播的认可，但并未直接表现出明确的购买意向。
xiaobin82686,健康养生,"我肺部有结节,吃了好了",0,该用户想表达的含义是：这款产品对缓解肺部结节症状有效，自己服用后病情有所好转。
xiaobin82686,健康养生,主播讲讲他对人身体有什么作用,1,该用户想了解主播推荐的产品对人体健康的具体功效和益处。
xiaobin82686,健康养生,饭前喝、饭后喝,1,该用户想询问产品的具体服用时间是在餐前还是餐后。
xiaobin82686,健康养生,肺结节能吃吗?,1,该用户是在询问产品是否适合肺结节患者食用，可能出于对自身健康问题的关注或对产品功效的疑虑。
xiaobin82686,健康养生,白烂菜来双阳了,0,该用户可能是想询问产品是否适用于治疗“白烂菜”（可能为某种病症或身体问题的俗称）以及使用后的效果如何。
xiaobin82686,健康养生,关注主播晚上好,0,该用户可能是新观众，通过礼貌问候表达对主播的关注，同时暗示自己刚进入直播间并希望获得互动或产品信息。
xiaobin82686,健康养生,"我吃了提高免疫力,身体特别棒,特别有精神",1,该用户想表达的含义是：这款产品对增强免疫力和改善身体状况效果显著。
xiaobin82686,健康养生,我有肺结节拍了,0,该用户想表达的含义是：自己患有肺结节并已经下单购买了该产品。
xiaobin82686,健康养生,我的结节没有了,0,该用户想表达的含义是：产品对消除结节有显著效果，自己使用后症状已痊愈。  （结合前文弹幕中频繁提及“结节”“肺结节”“吃几盒才能消失”等关键词，以及类似“我肺部有结节，吃了好了”的反馈，可推断该弹幕是用户分享自身康复经历，侧面肯定产品疗效。）
xiaobin82686,健康养生,这东西非常好,1,该用户想表达的含义是：对产品效果感到满意并认可其品质。
xiaobin82686,健康养生,我是甲状腺结节淋巴结节可以吃吗,1,该用户是在询问自己患有甲状腺结节和淋巴结节的情况下是否可以服用直播中推销的产品。
xiaobin82686,健康养生,空腹喝吗?,1,该用户可能在询问该产品是否需要空腹服用，以了解正确的食用方式。
xiaobin82686,健康养生,和鹿心一起吃吗?,1,该用户可能在询问产品是否需要搭配特定食材（如鹿心）一起食用以增强效果。
xiaobin82686,健康养生,都是管什么的,1,该用户想询问该产品的具体功效和适用症状。
xiaobin82686,健康养生,是很好的东西,1,该用户认为产品效果显著，表达了对商品的认可和满意。
xiaobin82686,健康养生,是真的鹿角帽就行啊.拍了加急,0,该用户想确认产品是真正的鹿角帽材质后，已经下单并选择了加急配送服务。
xiaobin82686,健康养生,"劲彬太优秀了,丽丽有眼光[赞][赞][赞]",0,该用户是在称赞主播劲彬的表现出色，并认可另一位用户丽丽的选择眼光，属于对直播内容的积极互动而非直接购买意向表达。
xiaobin82686,健康养生,饭钱饭后吃啊,0,该用户是在询问产品是饭前还是饭后服用更合适。
xiaobin82686,健康养生,有什么功效?,1,该用户想询问该产品具体有哪些保健或治疗作用。
xiaobin82686,健康养生,对身上的结节都好,1,该用户想表达的含义是：这个产品对改善身体各部位的结节问题都有效果。
xiaobin82686,健康养生,我每样都拍了两单,0,该用户想表达的含义是：我对这款产品非常认可，已经下单购买了多个品类。
xiaobin82686,健康养生,过前给一个单子呗说明,0,该用户想表达的含义是：希望主播在商品讲解前先提供一份产品功效说明清单。  （结合上下文，直播间的讨论焦点集中在产品的功效、适用症状及食用方法，用户可能想快速了解核心信息，因此提出提前获取说明的需求。）
xiaobin82686,健康养生,"我肺部有结节,吃了好了",0,该用户想表达的含义是：自己曾因肺部结节服用过该产品并取得了康复效果。
xiaobin82686,健康养生,她家是真的[赞],0,该用户想表达的含义是：这家产品的效果确实很好，值得信赖和称赞。
xiaobin82686,健康养生,萧条和我白白露瑶他俩我得哭,0,该用户想表达的含义是：看到大家都在抢购白露和瑶相关的产品，自己没买到感到非常遗憾和难过。
xiaobin82686,健康养生,我腋下的疙瘩都吃没了,1,该用户想表达的含义是：产品对消除腋下结节有效果。
xiaobin82686,健康养生,带说明书吗?,1,该用户是在确认商品是否包含详细的使用说明或成分介绍，表现出对产品功能和使用方法的关切，暗示潜在的购买意向。
xiaobin82686,健康养生,注意防坏人,0,该用户可能在提醒其他观众谨慎辨别产品真伪或夸大宣传，避免上当受骗。
xiaobin82686,健康养生,",晚上好",0,该用户可能是在礼貌性问候主播或观众，同时暗示自己刚进入直播间并关注当前互动氛围。
xiaobin82686,健康养生,明白啦,0,该用户想表达的含义是：理解了产品的功效和使用方法，确认了购买意向。
xiaobin82686,健康养生,一天吃几瓶,1,该用户是在询问产品的每日建议服用量，表现出对使用方法的关注和潜在的购买意向。
xiaobin82686,健康养生,"已拍,我双肺都有肺结节,谢谢美女[玫瑰][玫瑰]",0,该用户想表达的含义是：自己已经下单购买了产品，并希望通过使用该产品改善双肺结节的问题，同时对主播表示感谢。
xiaobin82686,健康养生,非常好[爱心],0,该用户想表达的含义是：对产品效果非常满意并给予积极评价。
xiaobin82686,健康养生,一瓶喝几次啊,1,该用户是在询问产品的使用频率，即一瓶可以服用多少次。
xiaobin82686,健康养生,"我肺部有结节,吃了好了",0,该用户想通过分享自身经历来佐证产品对肺部结节的有效性，以此表达对商品的认可和推荐意向。
xiaobin82686,健康养生,"丽丽爸爸,姑爷露馅了,打脸了",0,该用户可能在调侃主播团队中的某位成员（如“丽丽爸爸”或“姑爷”）此前对产品功效的夸大宣传被现实案例“打脸”，暗示产品效果与宣传不符或存在矛盾。
xiaobin82686,健康养生,拍了2单,0,该用户想表达的含义是：我已经下单购买了两份产品。
xiaobin82686,健康养生,真的吗,1,该用户可能是在对主播或其他人声称的产品效果表示怀疑或寻求确认。
xiaobin82686,健康养生,囊肿能吃吗,1,该用户可能是在询问直播中推销的产品是否适合治疗囊肿症状。
xiaobin82686,健康养生,拍了两单,0,该用户想表达的含义是：我已经下单购买了两份产品。  结合语境来看，直播间正在推销某种声称对结节、囊肿等有改善效果的产品，其他弹幕中也有类似“拍了两单”“已拍”等购买行为反馈，因此目标弹幕是用户主动表明自己已参与购买，可能带有对产品的信任或支持态度。
xiaobin82686,健康养生,起什么作用,1,该用户想询问产品的具体功效或用途。
xiaobin82686,健康养生,一天喝一瓶吗?,1,该用户是在询问产品的每日建议用量，想了解是否推荐每天饮用一瓶。
xiaobin82686,健康养生,"进斌,那我明天早上付款,我手机里没有钱啊",0,该用户表达的是因当前资金不足而希望延迟付款的购买意向，同时隐含对主播的信任及对产品的认可。
xiaobin82686,健康养生,一瓶吃几天,1,该用户想询问产品的每日用量或使用频率，以评估购买后的实际需求和使用周期。
xiaobin82686,健康养生,便宜便宜,0,该用户认为商品价格实惠，产生了购买意向。
xiaobin82686,健康养生,管什么病?,1,该用户可能在询问该产品对某种特定病症是否有效或适用。
xiaobin82686,健康养生,"我拍了三单了,我跟我女儿吃",0,该用户想表达自己已经下单购买了三份产品，并打算和女儿一起食用。
xiaobin82686,健康养生,我有肺结节拍了,0,该用户想表达的含义是：我因为肺部有结节已经下单购买了该产品。
xiaobin82686,健康养生,"明天早上付款,别踢我啊",0,该用户想表达自己已经决定购买商品，但因暂时资金不足需要延迟到次日早上支付，希望主播不要因此将其移出直播间或取消购买资格。
xiaobin82686,健康养生,处理事吧,0,该用户可能是在催促主播加快节奏进入正题或处理订单相关事宜。
xiaobin82686,健康养生,"我肺部有结节,吃了好了",0,该用户想表达的含义是：自己因肺部结节问题服用了直播推荐的产品后病情有所好转。
xiaobin82686,健康养生,鹿心丸降低血液中的胆固醇,1,该用户可能是在询问鹿心丸对降低胆固醇是否有效，以此判断是否值得购买。
xiaobin82686,健康养生,拍了四单,0,该用户想表达自己已经下单购买了四份产品。
xiaobin82686,健康养生,@露森一天一瓶吗,0,该用户是在询问产品的每日服用剂量，即是否需要每天饮用一瓶。
xiaobin82686,健康养生,"我也拍了三单,给女儿带一单",0,该用户想表达自己已经下单购买了三份产品，其中一份是给女儿购买的。
xiaobin82686,健康养生,是给我家孩子给我这女儿拍的,0,该用户想表达的含义是：我给我女儿下单购买了这款产品。
xiaobin82686,健康养生,我的结节没有了,0,该用户想表达的含义是：我之前有结节，现在吃了这个产品后症状消失了。
xiaobin82686,健康养生,"我吃了提高免疫力,身体特别棒,特别有精神",1,该用户想表达的含义是：这款产品确实有效果，服用后感觉身体状态明显改善。
xiaobin82686,健康养生,能拍四单了,0,该用户想表达自己已经成功下单购买了四件商品。
xiaobin82686,健康养生,"我身上有结节,吃了好了",1,该用户想表达的含义是：自己曾患有结节，在服用该产品后病情有所好转。
xiaobin82686,健康养生,拍了四单加急,0,该用户想表达的含义是：已经下单购买了四件商品并选择了加急配送服务。
xiaobin82686,健康养生,一瓶喝几次,1,该用户是在询问产品的使用频率，即一瓶可以饮用多少次或能持续服用多长时间。
xiaobin82686,健康养生,给我给我给我留着啊,0,该用户急切地表达想要抢购商品的意愿，担心商品售罄而要求主播预留库存。
xiaobin82686,健康养生,我吃结节没有了,1,该用户想表达的含义是：服用产品后自己的结节症状已经消失。
xiaobin82686,健康养生,"拍了,怎么吃",0,该用户想表达的含义是：已经下单购买了产品，但想询问具体的食用方法或注意事项。
xiaobin82686,健康养生,拍两单,0,该用户想表达的是自己决定购买两份该产品。
xiaobin82686,健康养生,丽丽爸爸看清了吗你相中的姑爷,0,该用户可能在调侃或暗示主播的家人（丽丽爸爸）对直播中展示的某位男性（可能是主播或嘉宾）有好感，将其视为潜在的女婿人选。
xiaobin82686,健康养生,"谢谢谢孩子,谢谢你",0,该用户可能是想表达对主播或产品的感谢，暗示自己或家人因使用产品而受益，并带有一定的情感共鸣和认可。
xiaobin82686,健康养生,高血压可以喝吗?,1,该用户是在询问该产品是否适合高血压患者饮用，隐含对产品功效的担忧和潜在的购买意向。
xiaobin82686,健康养生,我拍了四单,0,该用户想表达自己已经下单购买了四份产品，可能是出于对产品效果的认可或满足促销优惠条件。
xiaobin82686,健康养生,我还在用她家的,0,该用户想表达的含义是：我之前购买过这个品牌的产品，现在仍在继续使用。
xiaobin82686,健康养生,有结节能吃吗,1,该用户是在询问自己患有结节的情况下是否可以服用直播中推销的产品。
xiaobin82686,健康养生,真是好东西,0,该用户被产品效果和他人购买行为所打动，表达对商品的认可和潜在购买意愿。
xiaobin82686,健康养生,丽丽爸爸肖强以漏馅了,0,该用户想表达的含义是：主播提到的“丽丽爸爸肖强”在直播中不小心暴露了某些信息或穿帮了。  （结合前文弹幕中“丽丽爸爸看清了吗你相中的姑爷”的互动，推测用户可能在调侃或指出主播团队中某人的失误，语气偏向轻松调侃而非负面情绪。）
xiaobin82686,健康养生,需要喝几个月,1,该用户可能在询问产品需要持续服用多长时间才能见效。
xiaobin82686,健康养生,",我肺部有结节,吃了好了",0,该用户想表达的含义是：自己因服用直播间推荐的产品后，肺部的结节症状得到了改善。
xiaobin82686,健康养生,我拍了两单鹿角帽一鹿心丸,0,该用户想表达的含义是：我已经下单购买了两份鹿角帽一鹿心丸产品。
xiaobin82686,健康养生,有鹿心丸吗,1,该用户是在询问直播间是否有售卖鹿心丸这款产品。
xiaobin82686,健康养生,我拍了2单,0,该用户想表达自己已经下单购买了两件商品。
xiaobin82686,健康养生,鹿油上车,1,该用户想表达的含义是：我想购买鹿油产品，请尽快上架或告知购买方式。
xiaobin82686,健康养生,"拍了两单,我双肺都有肺结节,谢谢美女[赞][赞][玫瑰][玫瑰]",0,该用户想表达自己因肺部结节问题购买了产品，并对主播表示感谢和赞赏。
xiaobin82686,健康养生,"我又拍一单,共拍三单了",0,该用户想表达的含义是：我已经下单购买了三次，显示出强烈的复购意愿和对产品的认可。
xiaobin82686,健康养生,没车了,1,该用户想表达的含义是：商品已经售罄无法购买了。
xiaobin82686,健康养生,没有了,1,该用户想表达的含义是：商品已经售罄或抢购不到了。
xiaobin82686,健康养生,鹿鞭丸补肾壮阳的,1,该用户可能在询问产品功效并暗示购买意向，想确认这款鹿鞭丸是否具有补肾壮阳的效果。
xiaobin82686,健康养生,对筋骨好,1,该用户想表达的含义是：这款产品对改善筋骨问题有帮助。
xiaobin82686,健康养生,没拍到,0,该用户想表达的含义是：想购买但没抢到商品。
xiaobin82686,健康养生,囊肿能吃吗,1,该用户是在询问产品是否适合囊肿患者食用。
xiaobin82686,健康养生,还是丽丽有眼光[赞],0,该用户是在称赞主播丽丽推荐的产品好，认同她的选品眼光。
xiaobin82686,健康养生,再上点鹿心丸呗?,1,该用户希望主播能补货鹿心丸，表现出对该产品的购买意愿。
xiaobin82686,健康养生,丽丽有眼光[赞][赞],0,该用户是在称赞主播丽丽选品有品位，间接表达了对当前推荐商品的认可和兴趣。
xiaobin82686,健康养生,"拍了,怎么用",1,该用户想表达的含义是：已经下单购买了产品，但想知道具体的使用方法。
xiaobin82686,健康养生,还是丽丽有眼光[赞][赞][赞],0,该用户是在称赞主播丽丽对产品（如鹿心丸等）的推荐很有见地，表达了对主播专业性和选品能力的认可。
xiaobin82686,健康养生,拍了俩单加急发货,0,该用户想表达自己已经下单购买了两份商品，并希望商家能够优先处理自己的订单尽快发货。
xiaobin82686,健康养生,劲彬丽丽天生一对,0,该用户是在夸赞主播“劲彬”和“丽丽”的搭档配合默契，暗示对他们推荐的产品或直播表现感到满意。
xiaobin82686,健康养生,没车了,0,该用户想表达的是商品已经售罄或抢购一空的意思。
xiaobin82686,健康养生,"粉,怎么用",1,该用户是在询问粉色款产品的具体使用方法。
xiaobin82686,健康养生,"丽丽快睡觉的吧,都打哈欠了",0,该用户是在关心主播丽丽的身体状态，提醒她注意休息，而非表达购买意向。
xiaobin82686,健康养生,已下单,0,该用户想表达的含义是：自己已经完成了购买行为。  （结合前文语境，直播间内频繁出现“拍单”“上车”等购买相关表达，且其他用户多次提及下单数量或催促补货，整体氛围偏向积极成交，因此“已下单”是对当前购买行为的直接确认。）
xiaobin82686,健康养生,我每样都拍了两单,0,该用户想表达的含义是：我对直播间的多款产品都很感兴趣，并且已经下单购买了每样商品各两份。
xiaobin82686,健康养生,丨Ⅱ1,0,该用户可能是在尝试发送表情符号或特殊字符时因输入错误或系统显示问题而出现了乱码，实际想表达的是对产品的兴趣或购买意向。
xiaobin82686,健康养生,l＇11111丫＇,0,"该用户可能因手误或输入法错误，试图表达对商品库存或购买链接消失的焦急询问（类似""没货了吗""或""链接怎么没了""），或是用重复数字和符号表现抢购时的慌乱情绪。"
xiaobin82686,健康养生,||ⅰ,0,该用户可能因输入错误或网络卡顿，导致发送了无意义的乱码符号，实际并未表达明确的购买意向或有效信息。
xiaobin82686,健康养生,这个油能传承吗?,1,该用户可能是在询问这款食用油是否具有长期保存或代际传承的价值，暗示对产品品质和实用性的关注。
xiaobin82686,健康养生,白露要账单了灬,0,该用户可能在催促主播或工作人员尽快提供商品购买明细或订单信息。
xiaobin82686,健康养生,卜1；＂帅,0,该用户可能是想表达“主播好帅”或“产品外观很帅”，但受输入错误或网络卡顿影响导致文字混乱。
xiaobin82686,健康养生,血脂高的能吃吗?,1,该用户是在询问产品是否适合高血脂人群食用，表现出对产品适用性的关注和潜在的购买意向。
xiaobin82686,健康养生,有甲状腺结节怎么吃鹿角粉,1,该用户是在咨询患有甲状腺结节的情况下能否服用鹿角粉及其具体食用方法，表现出对产品功效与自身健康状况匹配度的关切。
xiaobin82686,健康养生,111(11,0,该用户可能在跟风刷屏或表达急切参与抢购的情绪。
xiaobin82686,健康养生,"9,9",0,该用户可能在询问或确认当前促销商品的价格是否为9.9元。
xiaobin82686,健康养生,主播就是大实在人,0,该用户想表达的含义是：主播为人真诚可靠，值得信任。
xiaobin82686,健康养生,"19,9元",0,该用户可能在询问或确认当前商品的价格是否为19.9元。
xiaobin82686,健康养生,9.9,0,该用户可能是在询问或确认当前商品的促销价格是否为9.9元。
xiaobin82686,健康养生,这是什么产品,1,该用户想表达的含义是：询问当前展示的商品具体是什么以及相关功能或用途。
xiaobin82686,健康养生,几克一瓶,1,该用户是在询问产品的容量规格或净含量。
xiaobin82686,健康养生,\11\,0,该用户可能是在快速输入时误触键盘或表达对产品价格的关注（类似前面出现的“9.9”元价格讨论），也可能是用数字符号简单附和直播间的促销氛围。
xiaobin82686,健康养生,已拍加急,0,该用户想表达的含义是：我已经下单并选择了加急配送服务。
xiaobin82686,健康养生,抢到了,0,该用户想表达的含义是：成功下单购买了直播间的促销商品。
xiaobin82686,健康养生,拍了二瓶,0,该用户想表达的含义是：我已经下单购买了两瓶这个产品。
xiaobin82686,健康养生,有什么作用?,1,该用户是在询问产品的具体功效或用途。
xiaobin82686,健康养生,我已拍完了,0,该用户想表达自己已经完成了下单购买的动作。
xiaobin82686,健康养生,拍了加急,0,该用户想表达自己已经下单并选择了加急配送服务。
xiaobin82686,健康养生,拍到了一单,0,该用户想表达自己已经成功下单购买了产品。
xiaobin82686,健康养生,我抢到了,0,该用户想表达自己成功下单购买了直播间的产品。
xiaobin82686,健康养生,抢到了抢到谢谢,0,该用户想表达的是成功抢购到商品后的兴奋和感谢之情。
xiaobin82686,健康养生,拍到了,0,该用户想表达的含义是：自己成功下单购买了直播间的商品。
xiaobin82686,健康养生,干什么,0,该用户可能是在询问当前直播中展示的产品具体用途或功能。
xiaobin82686,健康养生,已拍了,0,该用户想表达的含义是：自己已经下单购买了产品。
xiaobin82686,健康养生,点能点有有有,0,该用户想表达的含义是：我也成功抢购到了这个商品。
xiaobin82686,健康养生,拍了两瓶,0,该用户想表达自己已经下单购买了两瓶产品。
xiaobin82686,健康养生,我拍到了,0,该用户想表达的是自己成功下单购买了直播间的商品。
xiaobin82686,健康养生,拍到了加急,0,该用户想表达的含义是：自己已经成功下单并选择了加急配送服务。
xiaobin82686,健康养生,能点怎么能点呢?,0,该用户想表达的含义是：这个商品要怎么下单购买？
xiaobin82686,健康养生,抢到谢谢,0,该用户想表达的含义是：成功下单后对主播或商家的感谢。
xiaobin82686,健康养生,点的进,0,该用户想表达的含义是：询问如何点击购买链接或按钮成功下单。
xiaobin82686,健康养生,治什么病?,1,该用户想询问该产品针对的具体症状或疗效。
xiaobin82686,健康养生,我能点进去,0,该用户想表达的含义是：询问如何点击进入商品购买页面。
xiaobin82686,健康养生,"@大雁能点进去,能点进去\",0,该用户想表达的含义是：询问如何点击进入购买页面或确认当前页面是否可点击下单。
xiaobin82686,健康养生,我拍了,0,该用户想表达的含义是：自己已经成功下单购买了商品。
xiaobin82686,健康养生,没有了,0,该用户想表达的含义是：商品已经售罄或抢购结束了。
xiaobin82686,健康养生,怎么用,1,该用户可能在询问产品的具体使用方法或购买操作步骤。
xiaobin82686,健康养生,我抢了两单我,0,该用户想表达的是自己成功下单了两件商品。
xiaobin82686,健康养生,己拍到了,0,该用户想表达的含义是：自己已经成功下单购买了商品。
xiaobin82686,健康养生,"拍到了,一发两瓶,谢谢美女[玫瑰][玫瑰]",0,该用户想表达的含义是：成功下单购买了两件商品，并对主播表示感谢。
xiaobin82686,健康养生,我拍了两单,0,该用户想表达自己已经成功下单购买了两件商品。
xiaobin82686,健康养生,能抢到了,0,该用户想表达的含义是：自己成功抢购到了商品。
xiaobin82686,健康养生,把我的给劲彬,0,该用户想表达的含义是：我也成功下单购买了这款产品。
xiaobin82686,健康养生,没车了,0,该用户想表达的含义是：商品已经售罄无法购买了。
xiaobin82686,健康养生,拍了两单加急,0,该用户想表达的含义是：我已经下单购买了两件商品并选择了加急配送服务。
xiaobin82686,健康养生,拍2单加急,0,该用户想表达自己已经下单购买了两件商品并选择了加急配送服务。
xiaobin82686,健康养生,抢到了抢到了,0,该用户想表达的含义是：成功下单购买了商品。
xiaobin82686,健康养生,抢到啦,0,该用户想表达的含义是：成功下单购买了直播间的商品。
xiaobin82686,健康养生,还有还有呢,0,该用户想表达的含义是：询问主播是否还有更多商品库存或优惠活动可以继续参与。
xiaobin82686,健康养生,己拍加急,0,该用户想表达的含义是：我已经下单并选择了加急配送服务。
xiaobin82686,健康养生,"抢到了抢到了,谢谢谢谢",0,该用户兴奋地表示自己成功抢购到了心仪的商品，并对主播或商家表达了感激之情。
xiaobin82686,健康养生,已拍加急,0,该用户想表达自己已经下单并选择了加急配送服务。
xiaobin82686,健康养生,一瓶几克?,1,该用户想询问产品的单瓶重量以进一步确认购买细节。
xiaobin82686,健康养生,抢到了谢谢,0,该用户成功抢购到商品后向主播表达感谢和兴奋之情。
xiaobin82686,健康养生,抢到了加急,0,该用户想表达自己成功下单并选择了加急配送服务。
xiaobin82686,健康养生,拍了一单,0,该用户想表达自己已经下单购买了商品。
xiaobin82686,健康养生,可缓解便秘、痔疮等肠胃问题,1,该用户可能是在询问或确认产品功效，想了解该商品是否真能解决便秘和痔疮等肠胃问题，以便决定是否购买。
xiaobin82686,健康养生,拍加急,0,该用户想表达的含义是：自己已经下单并选择了加急配送服务。
xiaobin82686,健康养生,"有助于增强骨密度,预防骨质疏松症",1,该用户是在询问或确认产品的保健功效，暗示对商品功能感兴趣并可能考虑购买。
xiaobin82686,健康养生,没抢到,0,该用户想表达的是因手速或库存不足而未能成功下单的遗憾心情。
xiaobin82686,健康养生,付款就能给发吧,0,该用户是在确认付款后是否能立即发货，表现出对交易流程的急切关注和完成购买的强烈意向。
xiaobin82686,健康养生,脸有斑可以用了,1,该用户可能是在询问产品是否适合有面部色斑的肤质使用，表达了对产品功效的关注和潜在的购买意向。
xiaobin82686,健康养生,拍了加急,0,该用户想表达的含义是：自己已经下单并选择了加急配送服务。
xiaobin82686,健康养生,怎么吃,1,该用户可能是在询问产品的食用方法或具体使用方式。
xiaobin82686,健康养生,0元下单了,0,该用户想表达的含义是：自己成功以免费或优惠价格下单了商品。
xiaobin82686,健康养生,起什么作用,1,该用户想询问产品的具体功效或用途。
xiaobin82686,健康养生,劲彬.丽丽晚上好,0,该用户是在向主播或直播间的其他观众打招呼，表达友好互动的意愿，但并未直接表现出购买意向。
xiaobin82686,健康养生,我拍两单,0,该用户想表达自己已经下单购买了两件商品。
xiaobin82686,健康养生,拍了三单,0,该用户想表达的含义是：我已经下单购买了三次这款产品。
xiaobin82686,健康养生,我怕2单,0,该用户担心自己下单的数量（两单）可能不够或超出实际需求。
xiaobin82686,健康养生,讲讲用处,1,该用户希望主播详细介绍产品的具体功效和使用方法。
xiaobin82686,健康养生,我付款了,0,该用户想表达自己已经完成下单支付，确认购买行为。
xiaobin82686,健康养生,讲讲怎么使用?,1,该用户想了解产品的具体使用方法或操作步骤。
xiaobin82686,健康养生,就是油而已,0,该用户可能是在质疑产品的实际功效，认为它只是普通的油类产品而没有宣传的特殊效果。
xiaobin82686,健康养生,每天早喝一点对筋骨好,1,该用户想表达的含义是：这款产品长期饮用有助于改善骨骼健康。
xiaobin82686,健康养生,你家给丽丽,0,该用户可能在询问主播是否会给名为“丽丽”的观众提供优惠或专属服务。
xiaobin82686,健康养生,劲彬我的给你吧,0,该用户可能是想表达自己抢购了商品但愿意转让给名为“劲彬”的人。
xiaobin82686,健康养生,拍刭了,0,该用户想表达的含义是：我已经下单购买了。
xiaobin82686,健康养生,已拍2单急发,0,该用户想表达自己已经下单购买了两件商品，并希望商家尽快发货。
xiaobin82686,健康养生,拍了加急发货,0,该用户想表达自己已经下单并选择了加急配送服务，希望尽快收到商品。
xiaobin82686,健康养生,干代用,1,该用户想表达的含义是：询问产品是否可以代理销售或成为分销商。
xiaobin82686,健康养生,你给咱介绍介绍净怎么用法呗?,1,该用户想表达的含义是：想了解产品的具体使用方法。
xiaobin82686,健康养生,讲讲怎么用?,1,该用户想询问产品的具体使用方法或操作步骤。
xiaobin82686,健康养生,能吃吗,1,该用户想询问产品是否可以食用或询问产品的食用方法。
xiaobin82686,健康养生,怎么用呢?,1,该用户想询问产品的具体使用方法。
xiaobin82686,健康养生,我手这油抹手行吧,0,该用户想表达的含义是：这款油是否可以当作护手霜使用。
xiaobin82686,健康养生,"有助于增强骨密度,预防骨质疏松症",0,该用户是在询问产品对骨骼健康的功效，想确认是否适合自己购买使用。
xiaobin82686,健康养生,能擦脸哪,1,该用户想询问产品是否可以用于面部护肤。
xiaobin82686,健康养生,可缓解便秘、痔疮等肠胃问题,0,该用户是在询问产品是否对改善肠胃问题有效果。
xiaobin82686,健康养生,金斌我明天付款,0,该用户想表达明天会完成购买的意思，暗示现在暂时不下单但已有明确的购买意向。
xiaobin82686,健康养生,"扭伤,跌打损伤,风湿骨痛,消肿化瘀,润燥",0,该用户可能是在询问直播中推销的产品是否适用于缓解扭伤、跌打损伤、风湿骨痛等症状，并具有消肿化瘀和润燥的功效。
xiaobin82686,健康养生,我以是去风湿疼痛用的,0,该用户想表达的含义是：这款产品是否适合用于缓解风湿疼痛。
xiaobin82686,健康养生,拍了加急,0,该用户想表达自己已经下单并希望尽快发货的意思。
xiaobin82686,健康养生,都拍了好几仟单了,0,该用户想表达的含义是：这款产品销量很高，已经有很多人下单购买了。
xiaobin82686,健康养生,就想擦脸,0,该用户想询问这款产品是否可以用于面部护肤。
xiaobin82686,健康养生,我拍两单,0,该用户想表达自己已经下单购买了两件商品。
xiaobin82686,健康养生,劲彬手好,0,该用户想表达的含义是：劲彬这款产品涂抹在手上效果很好。
xiaobin82686,健康养生,我抢了两单,0,该用户想表达自己已经成功下单购买了两件商品。
xiaobin82686,健康养生,"胃炎,胃酸,胃寒胃冷,胃溃疡,胃黏膜损伤等胃病,管用",1,该用户是在询问直播中推荐的产品是否对治疗或缓解各种胃部疾病有效。
xiaobin82686,健康养生,"我得站,我得站.我手机没钱,明早我换钱",0,该用户想表达自己有意购买但暂时资金不足，计划次日充值后再下单。
xiaobin82686,健康养生,拍了两单,0,该用户想表达自己已经下单购买了两件商品。
xiaobin82686,健康养生,看脸行吗?,0,该用户可能在询问该产品是否可以用于面部护肤。
xiaobin82686,健康养生,己伯2单,0,该用户想表达的含义是：我已经下单购买了两件商品。
xiaobin82686,健康养生,在讲讲,1,该用户想表达的含义是：让主播继续详细介绍产品的功效或使用方法。
xiaobin82686,健康养生,"我得换钱,明早换钱,这太晚了,没人给我钱",0,该用户因当前账户余额不足，打算次日充值后购买直播间的商品。
xiaobin82686,健康养生,拍完一单加急,0,该用户想表达的含义是：自己已经下单并选择了加急配送服务。
xiaobin82686,健康养生,拍一单加急,0,该用户想表达自己已经下单并选择了加急配送服务。
xiaobin82686,健康养生,拍了三单,0,该用户想表达自己已经下单购买了三次该产品。
xiaobin82686,健康养生,拍了两单一起发货吧,0,该用户想表达自己已经下了两笔订单，希望商家能将这两单合并发货以节省运费或方便收货。
xiaobin82686,健康养生,这是什么,1,该用户可能是在询问当前直播展示或正在介绍的商品具体是什么。
xiaobin82686,健康养生,主播给我打一个包裹里,0,该用户希望主播将商品打包好尽快发货。
xiaobin82686,健康养生,讲讲用处,1,该用户希望主播更详细地介绍产品的功能和使用方法。
xiaobin82686,健康养生,"怎么用怎么用,再讲讲再讲讲",1,该用户急切希望主播更详细地演示或解释产品的使用方法，表现出较强的购买意向和求知需求。
xiaobin82686,健康养生,"我天换钱,哎呀,我的天",0,该用户想表达的含义是：我现在没钱购买，需要等明天换了钱再说。
xiaobin82686,健康养生,拍了可以加急吗??,0,该用户是在询问购买后能否优先处理发货。
xiaobin82686,健康养生,拍到了加急发货,0,该用户想表达的含义是：自己已经下单并希望商家尽快安排发货。
xiaobin82686,健康养生,啥时候发货?,0,该用户想确认自己下单后商品的具体发货时间，表现出对收货时效的关注和潜在的购买决策考量。
xiaobin82686,健康养生,怎么用.怎么用,1,该用户想表达的含义是：询问产品的具体使用方法并希望主播进一步详细介绍功能。
xiaobin82686,健康养生,每天在付,0,该用户想表达的含义是：每天都在付款购买商品。
xiaobin82686,健康养生,"胃炎,胃酸,胃寒胃冷,胃溃疡,胃黏膜损伤等胃病,管用",1,该用户想表达的含义是：询问这款产品是否对治疗各种胃部问题有效。
xiaobin82686,健康养生,"扭伤,跌打损伤,风湿骨痛,消肿化瘀,润燥",1,该用户可能在询问直播中推销的产品是否适用于治疗扭伤、风湿等肌肉关节问题以及具有消肿润燥的功效。
xiaobin82686,健康养生,拍了两单打上一包发货,0,该用户想表达自己已经下单购买了两件商品，并希望商家将这两单合并成一个包裹统一发货。
xiaobin82686,健康养生,可缓解便秘、痔疮等肠胃问题,1,该用户是在询问该产品是否对改善消化系统相关问题有效。
xiaobin82686,健康养生,有鹿心丸吗,1,该用户是在询问直播间是否有售卖鹿心丸这款产品。
xiaobin82686,健康养生,这是什么呀,1,该用户可能是在询问当前直播展示的产品具体是什么，想了解其功能或用途。
xiaobin82686,健康养生,"我下单了,啥时候发货?",0,该用户急切地想知道自己刚下单的商品何时能发出，表现出对物流时效的高度关注和期待。
xiaobin82686,健康养生,我拍了2单,0,该用户想表达的含义是：我已经下单购买了两件商品。
xiaobin82686,健康养生,已拍加急,0,该用户想表达的含义是：我已经下单并选择了加急配送服务。
xiaobin82686,健康养生,我是0元给钱,0,该用户可能是在调侃或质疑商品的真实性，暗示“免费赠送”的促销说法不可信。
xiaobin82686,健康养生,抢到了,0,该用户想表达的含义是：成功下单购买了商品。
xiaobin82686,健康养生,能治疗胆结石吗?,1,该用户是在询问直播中推销的产品是否对治疗胆结石有效。
xiaobin82686,健康养生,刚来没听到是什么用处,1,该用户想表达的含义是：没听清产品功能介绍，希望主播再解释一下用途。
xiaobin82686,健康养生,早走了,0,该用户想表达的含义是：我已经提前离开直播间了（暗示没听到产品介绍或错过购买信息）。
xiaobin82686,健康养生,我每样都拍了两单,0,该用户想表达的含义是：我对直播间的多款商品都很感兴趣，并且已经批量下单购买了。
xiaobin82686,健康养生,劲彬在上点鹿角帽粉,1,该用户希望主播尽快补充鹿角帽粉的库存以便购买。
xiaobin82686,健康养生,拍一单就是两瓶,0,该用户想表达自己已经下单购买了两瓶产品。
xiaobin82686,健康养生,丽丽你拍的擦脸也好,0,该用户想表达的含义是：认可主播展示的护肤品使用效果，并暗示有购买意向。
xiaobin82686,健康养生,真的是在呀,0,该用户可能是在确认主播或某个产品是否真的在场或存在，表达了一种略带惊喜或质疑的询问态度。
xiaobin82686,健康养生,白没脸没皮,0,该用户可能是在抱怨主播没有及时回应或互动，觉得对方态度冷淡不够热情。
xiaobin82686,健康养生,每次都做这种误触事,0,该用户可能在抱怨自己频繁因操作失误而误下单或参与活动，感到困扰和不满。
xiaobin82686,健康养生,白坏水太坏了[菜刀][菜刀]挨千刀的[菜刀][菜刀][菜刀],0,该用户是在用反讽和夸张的语气表达对主播或品牌方的不满情绪，可能针对产品功效、促销方式或服务问题。
xiaobin82686,健康养生,白破鞋,0,该用户可能在用贬义词汇发泄对主播或产品的不满情绪，暗示认为对方虚伪或品行不端。
xiaobin82686,健康养生,烂白菜破鞋头子!冒充是郭丽了,0,该用户是在用侮辱性语言攻击主播或品牌方，表达对产品质量或宣传方式的强烈不满和愤怒情绪。
xiaobin82686,健康养生,真会装,0,该用户可能在嘲讽主播或品牌方虚假宣传或做作表演。
xiaobin82686,健康养生,"哈哈,暗地里算计",0,该用户是在用讽刺的语气指责主播或商家在背后耍心眼、设陷阱欺骗消费者。
xiaobin82686,健康养生,吉林双阳,0,该用户可能是在询问或确认直播中提到的吉林双阳相关产品信息，比如产地或商品名称。
xiaobin82686,健康养生,又一条证据,0,该用户可能在讽刺主播或商家的行为存在欺骗或夸大宣传的问题，暗示当前直播内容又提供了一个证明其不可信的实例。
xiaobin82686,健康养生,和肖强勾搭一起了,0,该用户可能在嘲讽主播与他人有不正当合作，暗示直播内容存在虚假宣传或利益勾结。
xiaobin82686,健康养生,什么女人呢?恶毒的女人,0,该用户是在用侮辱性语言攻击直播中的某位女性（可能是主播或相关人物），表达对其品行或行为的强烈不满和敌意，而非表达购买意向。
xiaobin82686,健康养生,跑东北了,0,该用户可能是在指责主播或某个相关人物逃避责任或转移话题，暗示对方像“跑东北了”一样躲躲闪闪不正面回应问题。
xiaobin82686,健康养生,放屁了你,0,该用户是在用粗俗语言否定主播或直播内容的真实性，认为对方在撒谎或夸大宣传。
xiaobin82686,健康养生,大破鞋,0,该用户是在用侮辱性词汇攻击主播或直播中的某位人物，表达对其品行或行为的强烈不满和贬低。
xiaobin82686,健康养生,白破鞋真会装,0,该用户是在用侮辱性语言攻击主播或某个特定对象，表达对其虚伪做派的不满和愤怒情绪。
xiaobin82686,健康养生,冒充郭丽,0,该用户是在指责某人假冒身份（郭丽）进行欺骗或不良行为。
xiaobin82686,健康养生,白破鞋烂白菜破鞋烂白菜破鞋烂白菜破鞋烂白菜,0,"该用户是在用重复性辱骂表达对主播""白某""的强烈不满和人身攻击，并非真实的购物意向或商品讨论。"
xiaobin82686,健康养生,恶毒的女人白璐瑶祸害精,0,该用户是在辱骂主播白璐瑶，指责她品行恶劣且通过冒用他人身份进行欺骗行为。
xiaobin82686,健康养生,辛苦了,0,该用户可能在讽刺或阴阳怪气地附和直播间当前的攻击性氛围，而非真诚表达慰问。
xiaobin82686,健康养生,"大破鞋呀,大破",0,该用户是在用侮辱性语言攻击直播中的某位女性人物，表达对其品行不端的强烈贬斥。
xiaobin82686,健康养生,"你上吉林了,做坏事儿去了,跟萧峰,你们两个是臭鱼烂虾整一起去了",0,该用户是在用侮辱性语言攻击主播及其关联人物（如“萧峰”），暗示他们勾结在一起从事不正当行为，属于恶意宣泄情绪而非表达购买兴趣。  （解析：结合前文弹幕中高频出现的“破鞋”“勾搭”“冒充”等贬义词汇，可见直播间氛围充满人身攻击，目标弹幕延续了这一语境，通过“臭鱼烂虾”等比喻进一步贬低主播与他人关系，无任何与商品或购买相关的信息。）
xiaobin82686,健康养生,寡妇寡妇寡妇寡妇寡妇,0,该用户是在用重复刷屏的方式恶意攻击主播，意图通过密集的负面词汇制造混乱氛围。
xiaobin82686,健康养生,罪加一等,0,该用户是在用讽刺语气强调主播的恶劣行为，认为其罪行又多了一条。  （解析：结合前文弹幕中大量人身攻击和重复的负面词汇（如“破鞋”“恶毒”“祸害精”），可判断直播间氛围充满敌意，用户通过“罪加一等”延续对主播的道德谴责，暗示新提及的行为进一步坐实了其“恶人”形象。）
xiaobin82686,健康养生,劲彬又换女友了?,0,该用户是在借明星绯闻话题讽刺主播私生活混乱，而非表达购买意向。
xiaobin82686,健康养生,白大破鞋烂白菜破鞋烂白菜破鞋烂白菜破鞋烂白菜破鞋烂白菜[菜刀][菜刀][菜,0,该用户是在用侮辱性语言发泄对主播（或直播涉及人物）的强烈不满，通过重复谩骂和刀具表情符号表达攻击性情绪，完全不具备任何购买意向。
xiaobin82686,健康养生,白破鞋太缺德了,0,该用户是在用侮辱性语言攻击直播中提及的某位女性（可能名为白璐瑶），暗示对方品行不端且进行过不道德行为。
xiaobin82686,健康养生,白和肖强己经在一个床上了,0,该用户是在用侮辱性语言暗示主播与他人存在不正当关系，意图通过恶意揣测来贬低主播形象。
xiaobin82686,健康养生,白璐瑶和肖强勾搭一起了?,0,该用户是在用侮辱性语言质疑主播白璐瑶与肖强之间存在不正当关系，意图通过恶意揣测贬低主播人格。
xiaobin82686,健康养生,这样的人就是胎里坏,0,该用户想表达的含义是：这个人的恶劣品性是与生俱来的。  （结合前文弹幕的辱骂性、人身攻击倾向，以及针对特定人物（如“白璐瑶”“肖强”）的恶意揣测，可推断该弹幕延续了群体对目标对象的道德贬低，强调其“本质坏”而非后天行为。）
xiaobin82686,健康养生,太能装了,0,该用户是在讽刺主播“白璐瑶”虚伪做作，刻意表现自己。  （结合前文弹幕的恶意攻击语境，“太能装了”并非字面夸赞容量大，而是针对主播人设的贬义评价，与“真会装”“缺德”等前文形成连贯的负面情绪表达。）
xiaobin82686,健康养生,寡妇寡妇白寡妇,0,该用户是在用侮辱性绰号恶意攻击主播“白璐瑶”，暗示其品行不端且与多名男性有染。
xiaobin82686,健康养生,装孙子,0,"该用户是在辱骂主播虚伪做作、刻意卖惨博同情。  （结合前文弹幕中高频出现的""破鞋""""装""""寡妇""""缺德""等侮辱性词汇，以及针对主播私生活的攻击性内容，可推断""装孙子""在此语境中并非字面意义，而是用粗俗俚语讽刺主播表演虚假人设。整体弹幕氛围充满恶意，属于人身攻击而非购物意向表达。）"
xiaobin82686,健康养生,烂白菜.破鞋,0,该用户是在用侮辱性语言发泄对主播或相关人物的强烈不满和敌意，并无任何购买意向。
xiaobin82686,健康养生,必须告告他!,0,"该用户是在跟风辱骂主播或某个特定对象，意图煽动负面情绪而非表达购买兴趣。  （解析：前20条弹幕呈现高度一致的攻击性，密集使用""破鞋""""寡妇""等侮辱性词汇针对""白璐瑶""""肖强""等人，内容与商品完全无关，属于恶意刷屏。目标弹幕""必须告告他!""中的""告告""可能是方言或输入错误，结合上下文应理解为""必须搞搞他/整治他""，是延续了前文的人身攻击逻辑。）"
xiaobin82686,健康养生,白女士你清醒一点吧,0,该用户是在以讽刺或劝诫的口吻提醒主播（白女士）注意自身言行，暗示其当前行为不当或缺乏自知之明。
xiaobin82686,健康养生,还装犊子呢,0,"该用户想表达的含义是：指责主播虚伪做作，继续装模作样。  （结合前文弹幕中频繁出现的""装孙子""""太能装了""等攻击性内容，可见直播间氛围充满对主播人品的负面评价，当前弹幕延续了这种情绪宣泄的基调。）"
xiaobin82686,健康养生,和肖强勾搭上,0,该用户是在用侮辱性语言暗示主播白璐瑶与肖强之间存在不正当关系，以此进行人身攻击而非表达购买意向。
xiaobin82686,健康养生,寡妇寡妇寡妇寡妇寡妇装犊子呢?,0,"该用户是在用侮辱性语言攻击主播（疑似名为""白璐瑶""的女性），通过重复""寡妇""等词汇宣泄恶意，并指责对方虚伪做作（""装犊子""指装模作样）。  （解析要点：  1. 结合前20条弹幕可见直播间充斥着对""白璐瑶""的人身攻击，""寡妇""是攻击其婚姻状态的标签化辱骂  2. ""装犊子""是东北方言，在此语境中与""太能装了""""装孙子""等前文形成呼应  3. 整段弹幕呈现网络暴力特征，无任何购物意向表达）"
xiaobin82686,健康养生,还在装,0,该用户是在嘲讽主播虚伪做作，认为其言行不一、刻意掩饰真实情况。
xiaobin82686,健康养生,"还tmd装的,哎哟,我天哪",0,该用户是在嘲讽主播虚伪做作、装模作样的行为，表达对其人设崩塌的强烈不满和讥讽。
xiaobin82686,健康养生,"那个姓肖的都说了,你还在这狡辩什么呀?",0,该用户是在嘲讽主播与“姓肖的”存在不正当关系，并指责主播对此事的辩解毫无诚意。  （解析：结合前文弹幕中反复出现的“白璐瑶和肖强勾搭”“破鞋”“装犊子”等攻击性内容，可判断直播间正围绕主播与“肖强”的绯闻展开激烈争吵。目标弹幕中的“狡辩”直指主播的回应，而“姓肖的”显然指代绯闻对象肖强，用户意图通过第三人称的指代强化对主播的羞辱，暗示主播行为已被“当事人”证实，无需再辩驳。）
xiaobin82686,健康养生,装比了你还,0,该用户是在嘲讽主播虚伪做作，认为其言行举止过于装模作样。
xiaobin82686,健康养生,"还装呢,还装装装",0,该用户是在嘲讽主播虚伪做作，认为对方一直在装模作样不肯承认事实。
xiaobin82686,健康养生,白露瑶你太能装了,0,该用户是在嘲讽主播白露瑶虚伪做作、表里不一。
xiaobin82686,健康养生,钱过的厉害,0,该用户想表达的含义是：主播的言行虚伪做作，令人反感。
xiaobin82686,健康养生,白破鞋太损了,0,该用户是在用侮辱性语言贬低主播“白璐瑶”，暗示其品行不端、作风轻浮。
xiaobin82686,健康养生,真能装白破烂,0,该用户是在讽刺主播“白璐瑶”虚伪做作、品行不端，用“白破烂”的侮辱性称呼强化对其人格的贬损。
xiaobin82686,健康养生,肖强和白菜狼狈为奸,0,该用户是在用讽刺和辱骂的方式指责白璐瑶（白菜）与肖强之间存在不正当的勾结关系。
xiaobin82686,健康养生,装装装装装装装装装逼,0,该用户是在讽刺主播虚伪做作、刻意炫耀的行为，认为其表现过于浮夸且令人反感。
xiaobin82686,健康养生,"还装晕了,喝点水再跟头撞晕",0,该用户是在讽刺主播故意装晕逃避问题，暗示其表演拙劣应该清醒面对现实。
xiaobin82686,健康养生,还装呢,0,该用户是在嘲讽主播虚伪做作，认为其言行不真实且令人反感。
xiaobin82686,健康养生,"还狡辩,真能装,装犊子",0,该用户是在讽刺主播虚伪做作、强词夺理，认为其言行明显是在刻意掩饰或推脱责任。
xiaobin82686,健康养生,和肖强勾搭一起,0,该用户是在嘲讽主播与肖强之间存在不正当的勾结关系。
xiaobin82686,健康养生,肖强已经都承认了,0,该用户是在嘲讽主播（白女士）继续狡辩或掩饰，因为肖强已经坦白或承认了某些事实。
xiaobin82686,健康养生,大破鞋破公交车啊臭味相投!,0,该用户是在用侮辱性语言攻击直播中的女性主播，暗示她品行不端、作风混乱，并与他人有不正当关系。
xiaobin82686,健康养生,她是哪里的人?,0,该用户可能是在嘲讽主播的虚假人设，试图通过询问主播的籍贯来进一步挖苦或质疑其身份真实性。
xiaobin82686,健康养生,"你可别装了,萧峰都说了都都招了,你出去到,你们两个是臭鱼了一下,干脆",0,"该用户想表达的含义是：你们俩别狡辩了，萧峰已经揭穿了你们的勾当，根本就是一丘之貉。  （结合前文弹幕的语境，可以看出直播间的观众在集体指责主播""装""和""狡辩""，并提到""肖强""作为关键证人。目标弹幕延续了这种攻击性语气，用""臭鱼""比喻双方品性低劣，核心意图是揭露主播与他人勾结的虚伪行为。）"
xiaobin82686,健康养生,"白破鞋装模作样的,照片人家都认出来了",0,该用户是在嘲讽主播虚伪做作，暗示其已被他人揭穿真面目却仍在表演。
xiaobin82686,健康养生,必须告她,0,该用户想表达的含义是：一定要揭穿她的虚伪面目。
xiaobin82686,健康养生,这女的脸皮太厚,0,该用户是在嘲讽主播虚伪做作，认为她品行不端却还在强撑掩饰。
xiaobin82686,健康养生,必须告告她!,0,该用户想表达的是：一定要揭发或举报她的不当行为。  （结合前文语境，弹幕整体围绕对“白露瑶”或相关人物的强烈指责，认为其虚伪或存在劣行，“告”在此处更倾向“揭露/举报”而非字面法律诉讼，语气带有愤怒和催促行动的意味。）
xiaobin82686,健康养生,她精神病和她说,0,该用户是在嘲讽主播精神不正常，暗示她的言行举止像精神病患者一样荒谬可笑。
xiaobin82686,健康养生,装装装继续装哈哈哈哈,0,该用户是在嘲讽主播虚伪做作，认为其表演痕迹明显且令人反感。
xiaobin82686,健康养生,寡妇寡妇寡妇寡妇寡妇寡妇,0,该用户是在用重复刷屏的方式恶意辱骂主播，暗指其私生活混乱。
xiaobin82686,健康养生,再美容,0,该用户是在嘲讽主播继续装模作样地表演（美容相关行为）。
xiaobin82686,健康养生,白驴子脸,0,该用户是在用侮辱性绰号嘲讽直播中的某位女性参与者，暗示她虚伪做作、品行不端。
xiaobin82686,健康养生,肖强都把你个破鞋供出来了,0,该用户是在用侮辱性语言攻击主播，暗示主播与名为“肖强”的人有不正当关系，并嘲讽主播品行不端如同“破鞋”。
xiaobin82686,健康养生,尚强乙承认了,0,该用户想表达的含义是：肖强已经承认了（相关事实或过错），暗示主播或相关当事人也应坦白或承担责任。
xiaobin82686,健康养生,刚才肖强都说了白璐瑶,0,该用户想表达的含义是：肖强已经指认了白璐瑶的所作所为。
xiaobin82686,健康养生,山东人,0,该用户可能是想询问或确认主播的籍贯信息，结合前文弹幕中频繁出现的对主播身份质疑和负面评价的语境。
xiaobin82686,健康养生,"我要鹿心丸,没有抢到",0,该用户可能是在混乱的骂战氛围中突然切换话题，表达对直播商品的购买意愿，但因抢购失败而感到遗憾。
xiaobin82686,健康养生,白狐狸精快跟你妈去吧,0,该用户是在用侮辱性语言攻击主播“白狐狸精”，意图表达对其人品或行为的强烈不满，并带有驱赶、贬低的意味。
xiaobin82686,健康养生,需要你破鞋头子啊,0,该用户是在辱骂主播，暗示对方品行不端、作风混乱。
xiaobin82686,健康养生,骂白路瑶灭白路瑶,0,该用户是在跟风攻击主播“白路瑶”，表达对其的强烈反感和抵制情绪。
xiaobin82686,健康养生,她怎么可心,0,该用户可能是在嘲讽或贬低主播，认为主播的表现虚伪做作，用“可心”（谐音“可信”）反讽其言行不可信。  （结合前文弹幕的辱骂、人身攻击基调，此处“可心”更可能是恶意谐音梗，而非字面意义的正面评价。）
xiaobin82686,健康养生,闭上狗咀,0,该用户想表达的含义是：要求主播立即停止说话并表达强烈不满。
xiaobin82686,健康养生,装犊子白破鞋,0,该用户是在辱骂主播，指责对方虚伪做作、品行不端。
xiaobin82686,健康养生,闭上臭嘴,0,该用户是在辱骂主播并要求其停止说话。
xiaobin82686,健康养生,"白别装,白别装",0,"该用户是在嘲讽主播""白某""（可能是白璐瑶）的虚伪做作，认为她在故意装模作样。"
xiaobin82686,健康养生,装地瓜蛋,0,该用户是在嘲讽主播虚伪做作，暗示她在假装无辜或善良（类似“装地瓜”这种朴实形象），实则表里不一。
xiaobin82686,健康养生,白破鞋破鞋烂白菜破鞋烂白菜破鞋烂白菜破鞋破鞋烂白菜,0,该用户是在用侮辱性词汇恶意攻击主播“白璐瑶”，表达对其的强烈反感和人身攻击。
xiaobin82686,健康养生,她就一个精神病病人,0,该用户是在用侮辱性语言攻击主播“白璐瑶”，暗示对方精神不正常以贬低其人格。
xiaobin82686,健康养生,还在装,0,该用户是在嘲讽主播虚伪做作，认为其言行举止都是刻意表演而非真实表现。
xiaobin82686,健康养生,白破鞋闭上你的臭嘴吧,0,"该用户是在辱骂主播""白璐瑶""，表达对其言行极度不满并要求其停止发言的恶意情绪。"
xiaobin82686,健康养生,"白鹭妖太坏了,烂白菜",0,该用户是在辱骂主播“白鹭妖”，表达对其人品或行为的强烈反感和贬低。
xiaobin82686,健康养生,还装犊马呢,0,该用户是在嘲讽主播虚伪做作，认为其仍在故意装模作样。
xiaobin82686,健康养生,"再上点鹿心丸,我没抢到",0,该用户急切希望主播补货鹿心丸，因为ta在之前的抢购中未能成功下单。
xiaobin82686,健康养生,怎么有这么恶心的人?,0,该用户是在辱骂直播间中的某位参与者（可能是主播或观众），表达对其言行或品性的强烈厌恶和愤怒。
xiaobin82686,健康养生,肖强自己崩溃的吓跑了,0,"该用户是在嘲讽主播肖强因情绪失控而狼狈退场。  （解析：结合前文弹幕的激烈攻击性语境，尤其是大量对""白璐瑶/白路瑶""的辱骂和主播肖强被提及的片段，可推断当前弹幕延续了群体负面情绪，用""崩溃""""吓跑""等词描述主播失态离场，带有幸灾乐祸的意味。）"
xiaobin82686,健康养生,哪里领券,1,该用户可能是在混乱的骂战氛围中突然转向实际购物需求，询问领取优惠券的渠道。
xiaobin82686,健康养生,白破鞋破鞋烂白菜破鞋烂白菜破鞋烂白菜破鞋烂白菜破鞋烂白菜破鞋烂白菜破,0,该用户是在用侮辱性语言发泄对主播“白路瑶”的强烈不满和攻击情绪。
xiaobin82686,健康养生,真是个白缺德,0,该用户是在用侮辱性语言攻击主播“白路瑶”，表达对其人品或行为的强烈厌恶和贬低。
xiaobin82686,健康养生,消强都承认,0,该用户想表达的含义是：连肖强（可能是主播或相关人物）都不得不认可（某件事或某个观点）。  （结合上下文，弹幕整体氛围充满攻击性，目标弹幕可能是在用反讽或强调的方式，借“肖强”的态度佐证对主播/某人的负面评价。）
xiaobin82686,健康养生,白破鞋,0,该用户是在用侮辱性语言攻击主播“白路瑶”，表达对其言行举止的强烈反感和恶意贬低。
xiaobin82686,健康养生,让他也上来,0,该用户可能是在呼吁让某个被频繁辱骂的主播或嘉宾下场，以平息当前直播间内的混乱争吵局面。
xiaobin82686,健康养生,白鹿遥真坏,0,该用户是在跟风辱骂主播，表达对主播的厌恶和攻击情绪。
xiaobin82686,健康养生,肖强你来对峙烂白菜,0,"该用户是在用侮辱性语言攻击主播""肖强""，指责其品行低劣并要求其出面回应争议。"
xiaobin82686,健康养生,已下单,0,该用户想表达的含义是：我已经完成了购买行为，对当前直播间的产品表示了实际支持。  （结合前文弹幕的混乱语境，该弹幕可能是少数直接表达交易行为的正向反馈，与其他攻击性内容形成鲜明对比。）
xiaobin82686,健康养生,几个人是干嘛的,0,该用户可能是在询问直播间里出现的某些陌生人物（如突然入镜的工作人员或其他互动者）的身份和来意，表达了对当前直播画面或互动环节的困惑。
xiaobin82686,健康养生,"今天晚上把白露瑶和肖强的100万,都给炸了炸了!",0,该用户是在宣泄对主播“白露瑶”和“肖强”的强烈不满，意图通过夸张的言辞（如“炸了100万”）表达希望两人彻底退出直播的极端情绪。
xiaobin82686,健康养生,叫她俩吃牢饭,0,该用户希望让直播中提到的两位人物（白露瑶和肖强）因不当行为受到法律制裁。
xiaobin82686,健康养生,肖强都承认了.白路瑶,0,该用户想表达的含义是：肖强已经坦白了白路瑶的问题或过错。  （结合前文弹幕的激烈攻击性语境，用户可能是在强调白路瑶的负面行为已被“肖强”证实，以此进一步贬低或指责她。）
xiaobin82686,健康养生,肖强你出来对峙烂白菜,0,"该用户是在辱骂主播""白鹭""并要求另一位主播""肖强""出面与其对质。"
xiaobin82686,健康养生,吉林双阳,0,"该用户可能是在询问或提及直播中正在介绍的吉林双阳地区的特产（如鹿产品）。  （结合前文弹幕中出现的""鹿心丸""等商品信息，以及大量无关的争吵内容，推测用户跳过了冲突部分，直接关注产品相关话题。）"
xiaobin82686,健康养生,白破鞋可能在东北了,0,"该用户可能在借谐音和地域梗（""白破鞋""代指主播、""东北""暗指吉林双阳）讽刺主播的人品问题，并暗示其行为已引发众怒。"
xiaobin82686,健康养生,跑了?,0,该用户可能在质疑主播或某个参与者为何突然离开直播间的行为。
xiaobin82686,健康养生,放录音,0,该用户可能是在质疑直播内容的真实性，认为主播在播放预先录制的音频而非实时互动。
xiaobin82686,健康养生,做賊心虛他下去了,0,该用户是在嘲讽某个被指控的人因心虚而匆忙离开直播间的行为。
xiaobin82686,健康养生,有证据[赞][赞][赞][赞][赞][赞][赞][赞],0,该用户可能是在用夸张的点赞表情强调对主播或商品展示内容的强烈认可，暗示其购买意愿或对直播中某方说法的支持。  （结合前文弹幕中频繁出现的争议性人名和冲突性内容，用户可能通过密集点赞表达对某一方说法的肯定态度，甚至带有反讽或站队的意味。）
xiaobin82686,健康养生,心虚了,0,该用户是在嘲讽主播因被揭发问题而表现出慌张逃避的态度。
xiaobin82686,健康养生,已经录音了,0,该用户想表达的含义是：他们录下了直播中的争议内容作为证据。  （结合前文语境，弹幕整体围绕“白露瑶”和“肖强”的纠纷展开，争吵激烈且多次提到“放录音”“证据”，因此“已经录音了”更可能是针对争议事件的取证行为，而非与商品购买相关。）
xiaobin82686,健康养生,这俩个二货真的搞的一块了,0,该用户是在嘲讽直播中提到的两个人（白露瑶和肖强）狼狈为奸或同流合污的荒谬行为。
xiaobin82686,健康养生,手急跳墙了,0,"该用户想表达的含义是：看到直播中的混乱场面让人着急上火。  （结合前文弹幕的冲突氛围和攻击性内容，""手急跳墙""可能是对""狗急跳墙""的误用或谐音改编，意在讽刺当事人因被揭露而慌乱，同时透露出围观者的焦躁情绪。）"
xiaobin82686,健康养生,看到了,0,该用户可能是在表示自己注意到了当前直播中提到的某个关键信息或人物动态。
xiaobin82686,健康养生,把录音放了,0,该用户是在要求直播间公开之前提到的录音证据以证实争议事件的真相。
xiaobin82686,健康养生,"心虚了,跑了",0,该用户是在嘲讽主播因理亏而匆忙离场，暗示对方因无法应对质疑而选择逃避。
xiaobin82686,健康养生,吉林双阳鹿场,0,"该用户可能在暗示主播或相关人物与吉林双阳鹿场存在关联，试图通过提及地点来佐证其他弹幕中关于""东北藏匿""的指控。"
xiaobin82686,健康养生,快让白路妖吃牢饭吧,0,该用户是在表达对主播“白路妖”的不满和谴责，认为其行为涉嫌违法应受法律制裁。
xiaobin82686,健康养生,还想肖强也承认了,0,该用户想表达的含义是：肖强已经认罪或妥协了，这进一步证实了之前的指控。
xiaobin82686,健康养生,的贼心的贼心虑,0,该用户想表达的含义是：他们因为心虚而慌乱失措。  （结合前文语境，弹幕整体围绕“心虚”“逃跑”“证据”等关键词展开，目标弹幕中的“贼心”和“虑”可能是对“做贼心虚”这一主题的重复或口误表达，意在强调当事人因害怕暴露而行为异常。）
xiaobin82686,健康养生,两个二货在-起了,0,该用户是在嘲讽直播中的两位参与者勾结在一起做坏事。
xiaobin82686,健康养生,必须告告她?,0,"该用户可能在质疑或催促主播公开某个涉及""她""（可能是白路瑶）的负面证据或信息。"
xiaobin82686,健康养生,肖强你已经丢人到家了没脸见人啦,0,该用户是在嘲讽主播肖强因丑闻曝光而羞愧难当、不敢露面。
xiaobin82686,健康养生,吓跑了孬种[菜刀],0,该用户是在嘲讽那些因心虚或害怕而退出直播的人，暗示只有懦弱的人才会被吓跑。
xiaobin82686,健康养生,大海他妈认他了吗,0,该用户可能在嘲讽或质疑直播中某位涉及争议的人物（如“大海”）是否被其母亲接纳，暗示其行为不当或身份可疑。  （结合前文弹幕中频繁出现的“心虚”“录音”“二货”等负面评价，可推断直播间氛围充满攻击性，目标弹幕延续了对他人的贬损或八卦倾向，而非表达购买兴趣。）
xiaobin82686,健康养生,太坏了白,0,该用户可能在嘲讽主播“白某”品行恶劣或行为不当，结合上下文看是在参与集体声讨主播的负面氛围。
xiaobin82686,健康养生,告他告他告他告他告他告他告他,0,该用户是在强烈支持通过法律手段追究主播或相关人员的责任，呼应直播中曝光的争议事件。
xiaobin82686,健康养生,白破鞋寡妇脸寡妇脸寡妇脸,0,"该用户是在用侮辱性词汇攻击直播中的某位参与者（可能涉及纠纷或负面事件），表达强烈的反感和敌意。  （结合前文弹幕中频繁出现的""心虚""""告他""""二货""等冲突性内容，可推断直播间存在激烈矛盾，目标弹幕并非购买意向表达，而是情绪化的人身攻击。）"
xiaobin82686,健康养生,又来埋汰丽丽了!烂白菜破鞋头子,0,"该用户是在用侮辱性语言攻击主播""丽丽""，暗示其品行不端且商品质量低劣。"
xiaobin82686,健康养生,抓起来把他们,0,该用户想表达的含义是：呼吁将直播中涉及的不法分子或争议人物绳之以法。  （结合前文弹幕的激烈指控和愤怒情绪，如“吃牢饭”“告他”等，可推断此弹幕是延续对涉事者的谴责，要求采取法律行动。）
xiaobin82686,健康养生,"你给丽丽压的地方,你看看丽丽只露半拉脸我",0,该用户可能在指责主播或他人故意遮挡或贬低名为“丽丽”的人物形象，表达不满情绪。
xiaobin82686,健康养生,"还说废话了,还在这说废话",0,"该用户想表达的含义是：对主播反复闲聊不切入正题感到不耐烦，催促尽快进入商品介绍环节。  （结合前20条弹幕中大量攻击性、催促性内容可见，直播间氛围紧张且用户情绪急躁，目标弹幕的重复句式""还说废话""凸显了不满情绪的累积，符合当前语境下用户对直播节奏的普遍不满心理。）"
xiaobin82686,健康养生,二个二货,0,该用户是在用嘲讽语气指责直播中出现的两个人行为愚蠢可笑。
xiaobin82686,健康养生,"这半路要宁滥白天阴,你就知道你靖边跟弟弟没感情吗?没感情丽丽能在直播间",0,该用户可能在质问主播与另一人（弟弟/丽丽）的关系，暗示主播在直播间刻意回避情感问题或存在矛盾，并质疑其行为动机。
xiaobin82686,健康养生,怎么又换人了,0,该用户可能对频繁更换主播感到不满或困惑，认为这种人员变动影响了直播的连贯性或可信度。
xiaobin82686,健康养生,白坏透了,0,该用户是在指责主播“白”品行恶劣、道德败坏。  （解析：结合前文弹幕中频繁出现的“白路妖”“烂白菜”“破鞋”“太坏了白”等攻击性内容，可见“白”是直播间争议焦点，弹幕整体氛围充满敌意。“白坏透了”是对其负面评价的进一步强化，属于情绪化的人身攻击。）
xiaobin82686,健康养生,你咋烂白菜你咋谁都能勾搭上呢.只有跟萧峰又钩子上.干脆你们俩结婚得了,0,该用户是在用讽刺的语气指责主播与他人关系混乱，尤其针对主播与“萧峰”的暧昧互动，暗示两人关系不正当且应当断绝往来。
xiaobin82686,健康养生,肖强说白璐瑶让他干的,0,该用户是在嘲讽主播团队内部关系混乱，暗示白璐瑶和肖强之间存在不正当的指使关系。
xiaobin82686,健康养生,烂白菜你别放屁了[菜刀],0,"该用户是在用侮辱性语言攻击主播""烂白菜""，并带有强烈的不满和敌意情绪。"
xiaobin82686,健康养生,肖强都把你破白鞋供出来了,0,该用户是在嘲讽主播与肖强的关系，暗示主播的白色鞋子被肖强故意展示出来，以此作为两人有暧昧关系的证据。
xiaobin82686,健康养生,臭娘们,0,该用户是在用侮辱性词汇攻击直播中的女性参与者，表达对其人格的贬低和敌意。
xiaobin82686,健康养生,白家太坏了坏透了,0,该用户是在情绪化地指责品牌方或主播存在不道德或欺骗行为，表达强烈的反感和愤怒情绪。
xiaobin82686,健康养生,烂白菜白骨精真缺德烂裤裆,0,该用户是在用侮辱性语言攻击直播中的某位参与者（可能是“白璐瑶”或“丽丽”），指责其品行不端、道德败坏。
xiaobin82686,健康养生,肖强和白菜狼狈为奸,0,该用户是在辱骂肖强和白璐瑶（“白菜”）两人勾结作恶，表达对他们的强烈反感和指责。
xiaobin82686,健康养生,"近朱者赤,近墨者黑!!!!!!!",0,该用户可能是在用这句古语讽刺直播间当前讨论的某个人（如“白”或“丽丽”）与负面人物（如“肖强”）同流合污，暗示其品行受他人不良影响而变坏。
xiaobin82686,健康养生,他说白-霸瑙出的主意,0,该用户是在指责主播“白”与他人合谋出坏主意，暗指其行为不端且对他人造成伤害。
xiaobin82686,健康养生,"白破鞋你太缺德了,太坏了",0,该用户是在辱骂主播“白破鞋”品行恶劣、道德败坏。  （解析：结合前文弹幕可见，“白破鞋”是直播间针对某主播或角色的侮辱性绰号，弹幕整体氛围充满攻击性，用户通过“缺德”“坏”等词宣泄对其行为的愤怒，可能源于直播中提到的矛盾冲突或道德争议。）
xiaobin82686,健康养生,"白路遥你等着吧,劲彬要把你告上法庭告你",0,"该用户是在发泄对主播""白路遥""的强烈不满，威胁要通过法律手段（""劲彬""）对其提起诉讼，属于恶意攻击而非购买意向表达。  （解析：结合前20条弹幕可见直播间存在激烈骂战，大量针对""白路遥""的人身攻击（如""破鞋""""白骨精""）和指控（如""肖强供出""），目标弹幕延续了这一敌对语境。""告上法庭""是情绪化威胁，与商品或购买行为完全无关。）"
xiaobin82686,健康养生,就是他倆狼唄為監,0,该用户是在用谐音和方言讽刺主播“白璐瑶”与“肖强”两人勾结作恶，如同狼狈为奸的坏人。
xiaobin82686,健康养生,白破鞋没咋滴你就和肖强搞在一起了[捂脸],0,该用户是在辱骂指责主播“白璐瑶”与“肖强”存在不正当关系，暗示两人品行不端。  （解析：结合前20条弹幕中反复出现的“烂白菜”“破鞋”“狼狈为奸”等侮辱性词汇，以及“肖强”“白璐瑶/白路遥”两个核心人名，可确定语境是观众集体抨击主播的私生活。目标弹幕中的“没咋滴你就和肖强搞在一起”是典型的情感道德指控，配合“[捂脸]”表情更凸显嘲讽意味。）
xiaobin82686,健康养生,肖强都承认了?,0,该用户是在质疑肖强此前对某件事的供认或表态是否可信，暗示直播间讨论的争议事件中肖强可能并非完全坦白。
xiaobin82686,健康养生,白路遥真的对你无语了,0,该用户是在表达对主播“白路遥”的强烈不满和嘲讽情绪。  （结合前文弹幕中反复出现的“烂白菜”“缺德”“狼狈为奸”等攻击性内容，可以看出直播间氛围充满对立，用户群体正集中指责“白路遥”的人品或行为。目标弹幕中的“无语”并非字面困惑，而是用反讽语气强化对其的厌恶和否定。）
xiaobin82686,健康养生,快回去吧,0,该用户可能是在表达对当前直播内容或主播的不满，希望主播结束直播或离开直播间。
xiaobin82686,健康养生,竟扯犊子白破鞋,0,该用户是在用侮辱性语言攻击主播“白璐瑶”，认为她品行不端且与肖强有不正当关系。
xiaobin82686,健康养生,回去回去,0,"该用户想表达的含义是：要求主播停止当前话题并回到之前讨论的内容或环节。  （结合前文弹幕的激烈争吵氛围，用户可能希望终止对""白璐瑶""和""肖强""的负面讨论，让直播回归正常节奏。）"
xiaobin82686,健康养生,狼狈为奸,0,该用户是在用贬义成语讽刺主播“白路遥”和“肖强”两人勾结作恶、沆瀣一气的关系。
xiaobin82686,健康养生,告诉她一百万还要吧,0,该用户可能在用反讽语气表达对主播或相关人士的不满，暗示对方贪得无厌或行为离谱。
xiaobin82686,健康养生,两个二货.肖强和白破鞋,0,该用户是在辱骂肖强和白璐瑶两人品行卑劣且相互勾结。
xiaobin82686,健康养生,吉林双阳鹿场,0,该用户可能是想转移话题或缓和当前激烈的争吵氛围，通过提及一个与争议无关的地名（吉林双阳鹿场）来打断当前的攻击性对话。
xiaobin82686,健康养生,鱼找鱼虾找虾,0,该用户想表达的含义是：物以类聚，肖强和白路遥是一路货色。
xiaobin82686,健康养生,找肖强合作!为了抢到劲彬,0,该用户是在讽刺肖强和劲彬（或相关方）相互勾结，暗示他们的合作是为了不正当目的。
xiaobin82686,健康养生,"白若遥太坏了,太坏了",0,该用户是在宣泄对“白若遥”这个角色的强烈不满和道德谴责，认为其品行恶劣、手段阴险。
xiaobin82686,健康养生,必须告告她!,0,该用户想表达的含义是：一定要把她的所作所为举报或曝光出去。
xiaobin82686,健康养生,"臭娘们,和肖强穿一条裤子",0,该用户是在辱骂主播与他人勾结，表达对主播及其合作者的强烈不满和敌意。
xiaobin82686,健康养生,他倆同流合污,0,该用户想表达的含义是：这两个人互相勾结、一起做坏事。
xiaobin82686,健康养生,丽丽和劲彬快结婚吧!,0,该用户是在调侃直播间的两位主角（丽丽和劲彬）的互动关系，希望他们能像情侣一样走到一起，以此表达对两人默契配合的喜爱或起哄氛围。
xiaobin82686,健康养生,"他觉得天衣无缝,害人害了己",0,该用户是在讽刺直播中提到的某个角色（可能是白路遥或肖强）自以为计划完美，结果反而害了自己。
xiaobin82686,健康养生,"可怜你家的呀,可怜你嫁给他呗",0,该用户是在讽刺直播中提到的某位女性（白路遥）与男性（肖强）的关系，暗示他们的结合是出于某种可悲或可笑的原因。
xiaobin82686,健康养生,1000万,0,该用户可能在嘲讽或质疑直播中提到的某个高额数字（如价格、销量等）的真实性或合理性。
xiaobin82686,健康养生,白少熊,0,该用户可能在用昵称或代称讽刺直播中的某个争议人物，表达对其行为的不满或调侃。
xiaobin82686,健康养生,你去伺候肖强吧,0,该用户是在讽刺主播与肖强关系密切，暗示其行为不端或立场有问题。
xiaobin82686,健康养生,一百万给你炸了,0,该用户是在用夸张的威胁语气表达对主播或相关人物的强烈不满和嘲讽。
xiaobin82686,健康养生,承认了,0,该用户可能是在讽刺主播或某个参与者终于被迫承认了之前一直否认的不当行为或事实。
xiaobin82686,健康养生,"你跟肖强俩人结婚吧,你儿子特别随肖强.[菜刀][菜刀][菜刀][菜刀][菜刀]",0,该用户是在用反讽和戏谑的语气，暗示主播与肖强之间存在不正当勾结或亲密关系，并借此表达对直播内容或主播行为的不满。
xiaobin82686,健康养生,说话露馅了,0,该用户是在嘲讽主播或嘉宾在对话中不小心暴露了真实意图或漏洞，显得不够专业或可信。
xiaobin82686,健康养生,对语言,0,该用户可能是在嘲讽或质疑直播中某人的语言表达有问题，暗示其言辞漏洞百出或逻辑混乱。
xiaobin82686,健康养生,"真嘴硬,抹了屎了",0,该用户是在用粗俗的比喻讽刺某个对象（可能是肖强或相关人物）死不认错、顽固不化的态度。
xiaobin82686,健康养生,白璐瑶和肖强结婚吧?,0,该用户是在用反讽的语气表达对主播白璐瑶和肖强的不满，认为他们关系不正当或存在勾结。
xiaobin82686,健康养生,听听口音说话的口音,0,该用户可能是在质疑主播或某个参与者的口音问题，暗示其说话方式暴露了某些隐藏信息或身份背景。
xiaobin82686,健康养生,这样的无赖,0,该用户是在用讽刺的语气指责直播中某人的言行卑劣无耻。
xiaobin82686,健康养生,烂白菜,0,该用户是在用贬义词汇嘲讽直播中提到的某个人或商品质量低劣。
xiaobin82686,健康养生,对!你白破鞋和肖强就是一路货色!,0,该用户是在嘲讽主播与肖强是一丘之貉，暗示两人品行不端、狼狈为奸。
xiaobin82686,健康养生,白破鞋你和肖強是上床交易了吧,0,该用户是在用侮辱性语言暗示主播与肖强之间存在不正当的利益交换关系。
xiaobin82686,健康养生,"烂白菜,烂白菜,坏女人害人精",0,该用户是在用侮辱性语言攻击主播及其关联对象，表达强烈的负面情绪和人身攻击意图。
xiaobin82686,健康养生,竞干坏事,0,该用户是在用讽刺语气指责主播与他人勾结做不正当的事。
xiaobin82686,健康养生,你有实话吗?白破鞋,0,该用户是在用侮辱性语言攻击主播或某个特定人物，质疑其诚信并贬低其人格。
xiaobin82686,健康养生,信你个鬼,0,该用户是在用讽刺语气表示对主播或相关言论的强烈不信任和否定态度。
xiaobin82686,健康养生,白、肖沆瀣一气、狼狈为奸,0,"该用户是在用贬义成语指责主播""白某""和""肖某""相互勾结、共同作恶，暗示两人存在不正当的利益关系或共同实施不良行为。"
xiaobin82686,健康养生,白路谣害了肖强,0,"该用户是在用侮辱性语言攻击""白路谣""和""肖强""两人，暗示他们之间存在不正当关系或勾结行为。"
xiaobin82686,健康养生,白破鞋你真无耻,0,"该用户是在用侮辱性语言发泄对主播""白璐瑶""的负面情绪，暗示其与""肖强""存在不正当关系且品行低劣。"
xiaobin82686,健康养生,白骨精和肖强勾搭一两一路货色,0,"该用户是在用侮辱性语言攻击主播""白骨精""和""肖强""，认为他们品行低劣、是一丘之貉。"
xiaobin82686,健康养生,白破鞋和肖强狼狈为奸[大鼻孔][大鼻孔][大鼻孔][大鼻孔][大鼻孔][大鼻孔],0,该用户是在用侮辱性语言指责主播“白破鞋”与“肖强”存在不正当勾结关系，并表达强烈的厌恶情绪。
xiaobin82686,健康养生,"你有啥权利呀?你算哪颗葱啊.清兵就喜欢丽丽.谁喜欢你这二手货呀,都俩",0,该用户是在用侮辱性语言攻击主播“丽丽”，贬低她的个人品格并否定其商品价值，暗示她是低劣的“二手货”且不受欢迎。
xiaobin82686,健康养生,白驴子脸,0,"该用户是在用侮辱性绰号攻击主播""白璐瑶""，暗示她品行不端且与肖强有不正当关系。"
xiaobin82686,健康养生,让他两人一块进去,0,该用户是在讽刺主播与另一位人物（肖强）关系不正当，暗示他们应该一起承担骂名或接受惩罚。
xiaobin82686,健康养生,白狗子烂白菜烂白菜,0,"该用户是在用侮辱性语言攻击主播""白璐瑶""，表达对其人品和行为的强烈不满与贬低。"
xiaobin82686,健康养生,对!你白破鞋和肖强就是一路货色!,0,该用户想表达的含义是：他认为主播白璐瑶和肖强是一丘之貉，都在进行不道德的行为。
xiaobin82686,健康养生,一路货色,0,该用户是在用贬义表达指责主播与另一人品行低劣、同流合污。
xiaobin82686,健康养生,"挺合适的,他们俩",0,该用户可能在讽刺或附和前文对“白”和“肖”两人的负面评价，用反语暗示这两人“般配”（都品行不端）。
xiaobin82686,健康养生,狼狈为奸,0,该用户是在用贬义成语讽刺主播与他人勾结作恶，表达强烈的反感和谴责情绪。
xiaobin82686,健康养生,"烂白菜,渣女太坏了[菜刀][菜刀][菜刀]",0,该用户是在发泄对主播“白路谣”的强烈不满和人身攻击，认为她与“肖强”存在不正当关系且品行恶劣。
xiaobin82686,健康养生,还真是一对,0,该用户是在讽刺直播中提到的两个人品行相似且都不值得信任。
xiaobin82686,健康养生,"狼狈为奸,一丘之貉!",0,该用户想表达的含义是：认为主播和肖强是互相勾结、品行低劣的同伙。
xiaobin82686,健康养生,同流合污,0,该用户想表达的含义是：主播和提到的另一个人是臭味相投的同类人。
xiaobin82686,健康养生,"鱼找鱼,虾找虾,一对王八姐新家你们两个就是臭鱼烂虾",0,"该用户是在用侮辱性比喻嘲讽直播中提到的两位人物（白某和肖某）品行低劣、臭味相投，与前文弹幕中""狼狈为奸""""一路货色""等批判形成呼应，属于情绪化的恶意攻击而非购买意向表达。"
xiaobin82686,健康养生,"白鹿原和肖强都一个德行,一路腮红",0,该用户是在嘲讽白鹿原和肖强两人品行相似，都属于虚伪恶劣的类型。
xiaobin82686,健康养生,支持勁彬[赞][赞],0,"该用户是在表达对主播或品牌的支持态度，但结合直播间此前充满攻击性和负面情绪的弹幕氛围，这种""支持""更可能是粉丝群体中的立场站队或情绪化声援，而非真正的购物意向表达。"
xiaobin82686,健康养生,臭味相投,0,该用户是在讽刺直播中提到的两个人品行低劣、彼此投契，属于同类货色。
xiaobin82686,健康养生,"白璐瑶,你这个杨汉卿咋啥事都干呢?",0,该用户是在用讽刺语气附和前文对主播的负面评价，延续了攻击主播人品的语境，暗示主播行为不端、缺乏底线。
xiaobin82686,健康养生,这个直播间是没有售后的都有问题,0,该用户是在嘲讽直播间的主播或团队品行不端，暗示其商品质量和服务不可信，带有强烈的负面情绪和攻击意图。
xiaobin82686,健康养生,天生一对,0,该用户是在用反讽的语气附和前文，暗指被讨论的两人品行相近、都不是什么好人。
xiaobin82686,健康养生,你白菜和肖强狼狈为奸,0,该用户是在用侮辱性语言攻击直播中的两位人物（“白菜”和“肖强”），指责他们互相勾结、品行低劣。
xiaobin82686,健康养生,"挺般配的,一路货色",0,该用户是在用讽刺的语气表示直播中提到的两个人品行相似且都不够好。
xiaobin82686,健康养生,"挺般配的,他俩挺般配",0,该用户是在用反讽的语气附和前面弹幕的负面评价，暗示被讨论的两人品性相近（都不怎么样）。
xiaobin82686,健康养生,一样的德行,0,该用户是在嘲讽某个对象与之前被提及的负面人物具有相似的恶劣品质或行为。
xiaobin82686,健康养生,合适的做夫妻,0,该用户是在用反讽的语气表示直播中提到的两个人品性相近，都不是什么好人。
xiaobin82686,健康养生,你又跟人家牵线的,0,该用户是在讽刺主播与某人勾结或串通，暗示他们之间存在不正当的合作关系。
xiaobin82686,健康养生,让他两人一块过去吧,0,该用户是在讽刺直播间讨论的两个人品性相近，认为他们应该凑在一起。
xiaobin82686,健康养生,臭气相投,0,该用户是在用贬义成语讽刺直播中提到的两个人品行低劣、彼此投契。
xiaobin82686,健康养生,"一丘之貉,白破鞋",0,该用户是在用贬义成语讽刺直播中提到的某些人物或行为品格低劣、同流合污。
xiaobin82686,健康养生,臭娘们,0,该用户是在用侮辱性词汇宣泄对直播中某位女性角色的强烈不满和敌意。
xiaobin82686,健康养生,勁彬正能量正能量主播支持,0,该用户想表达的含义是：通过称赞主播的正能量形象来表达支持态度，试图在负面弹幕氛围中传递积极情绪。
xiaobin82686,健康养生,二个人挺配的,0,该用户是在讽刺直播间的两位主角品行相近、都不是什么好人。
xiaobin82686,健康养生,"臭娘们,都没人要",0,该用户是在用辱骂性语言贬低主播或直播间的其他观众，表达对直播内容或参与者的强烈反感和否定态度。
xiaobin82686,健康养生,"他俩做夫妻挺合适的,一路人",0,"该用户是在用反讽的语气表示这两人品性相近、都不是什么好人，暗指他们狼狈为奸很""般配""。"
xiaobin82686,健康养生,她他俩是一家人,0,该用户想表达的含义是：这两人性格或行为相似，适合在一起。  （结合前文弹幕的语境，整体讨论围绕“两人相配”“一路货色”等评价，目标弹幕延续了这一调侃或讽刺的基调，强调两人的共性。）
xiaobin82686,健康养生,"凑一起白露瑶,肖强",0,该用户是在讽刺白露瑶和肖强两人品性相似、都不是什么好人，暗示他们应该狼狈为奸地凑在一起。
xiaobin82686,健康养生,"你癞蛤蟆想吃天鹅肉,你癞蛤蟆想吃天鹅肉,你癞蛤蟆想吃天鹅",0,该用户是在用讽刺和辱骂的方式表达对主播或直播间其他用户的不满，认为对方不切实际或自不量力。
xiaobin82686,健康养生,挺般配,0,该用户是在用反讽的语气评价直播中提到的两个人（可能是主播或商品相关人物），暗示他们品行相似且都不够好。
xiaobin82686,健康养生,[龇牙][龇牙][龇牙][龇牙][龇牙][龇牙][龇牙][龇牙][龇牙][,0,该用户可能是在用重复的表情符号表达对直播间当前八卦话题的嘲讽或起哄情绪。
xiaobin82686,健康养生,反而你倒成了做红娘了,0,该用户是在调侃主播像媒人一样撮合他人，暗指直播间讨论的两人很般配或关系密切。
xiaobin82686,健康养生,这两个人一个得性,0,该用户是在讽刺直播中的两个人品行相似且令人反感。
xiaobin82686,健康养生,"狼狈为奸臭味相投,白璐瑶肖强",0,该用户是在用贬义成语讽刺主播白璐瑶和肖强两人品性相似且都不讨喜，暗示他们“物以类聚”般不配得到支持。
xiaobin82686,健康养生,白菜坏事做尽,0,"该用户是在用反讽语气指责直播中提到的某些人物品行低劣、令人反感。  （解析：结合前20条弹幕中高频出现的负面评价词汇如""臭气相投""""一丘之貉""等，以及针对特定人物（白璐瑶/肖强）的群体嘲讽，可判断当前弹幕中的""白菜""是借谐音指代被批判对象，""坏事做尽""延续了前文对其道德否定的语境，属于情绪化谴责而非字面表述。）"
xiaobin82686,健康养生,一路货色以经勾搭一起了,0,该用户想表达的含义是：这两人品性相近，已经勾结在一起了。
xiaobin82686,健康养生,和肖强挺合适白破鞋,0,该用户想表达的含义是：认为白璐瑶和肖强两人品行相似，都不值得尊重，凑在一起很般配。
xiaobin82686,健康养生,白路遥和消挺合适,0,该用户是在用反讽的语气表示“白路遥和肖强两人品行相似，都不值得认可”。  （解析：结合前文弹幕中频繁出现的“臭味相投”“一路货色”等贬义表达，以及“白破鞋”“癞蛤蟆”等侮辱性词汇，可判断当前弹幕的“合适”并非真心夸赞，而是附和群体对这两人的负面评价，带有讥讽意味。）
xiaobin82686,健康养生,白跟肖天生一对,0,该用户是在用反讽的语气表示直播中提到的两人（白和肖）品行相近，都不值得认可。
xiaobin82686,健康养生,一路色货,0,该用户想表达的含义是：这两人是同类货色，都不是什么好东西。
xiaobin82686,健康养生,白路瑶一次次害劲彬,0,该用户是在嘲讽白路瑶和劲彬两人品行不端、互相勾结，认为他们是一丘之貉。
xiaobin82686,健康养生,臭味相同鼠蛇一窝,0,"该用户想表达的含义是：认为主播和搭档品行低劣且同流合污。  （结合前文弹幕中频繁出现的""臭味相投""""一路货色""等负面评价，该弹幕延续了观众对主播及其搭档的嘲讽，用""鼠蛇一窝""的比喻强化了二者沆瀣一气的贬义判断。）"
xiaobin82686,健康养生,恶心恶心恶心恶心恶心恶心,0,该用户想表达的含义是：对直播中提到的某些人物或行为感到极度反感和厌恶。  （结合前文弹幕的负面攻击性语境，尤其是针对“白璐瑶”“肖强”等人的辱骂，可推断“恶心”是情绪化的宣泄，而非与购买兴趣相关的内容。）
xiaobin82686,健康养生,"二货,二个孩子妈没人要",0,"该用户是在用侮辱性语言贬低主播（或直播中提到的某女性），暗示其因生育状况和个人品行而缺乏吸引力。  （解析：结合前文弹幕中大量对""白璐瑶/白路遥""和""肖强""的人身攻击、恶意配对，以及""破鞋""""臭味相投""等侮辱词汇，可判断直播间存在群体性攻击氛围。目标弹幕延续了用生育状况（二个孩子妈）和贬义词（二货、没人要）进行羞辱的语境，属于情绪宣泄而非购物意向表达。）"
xiaobin82686,健康养生,"他俩挺般配,你把他俩撮合成",0,"该用户是在讽刺直播中提到的两个人品性相近，用反语暗示他们""相配""实则含有贬义。"
xiaobin82686,健康养生,狼心狗肺的白破鞋,0,该用户是在用侮辱性语言贬低直播中提到的某个人物（可能是白璐瑶），表达对其人品的强烈反感和道德批判，认为其与另一人物（肖强）是品行低劣的配对。
xiaobin82686,健康养生,"跑了,心虚",0,该用户是在嘲讽直播中提到的某个人因被揭露负面行为而仓促离开，暗示其因理亏而逃避。
xiaobin82686,健康养生,白破鞋和肖强真是臭味相投,0,该用户是在用贬义表达嘲讽主播提及的两位人物（白露瑶和肖强）品性低劣且互相契合。
xiaobin82686,健康养生,"白就在肖强床上,两人一块挺配!",0,该用户是在用反讽的语气贬低白璐瑶和肖强，暗示两人品行不端、狼狈为奸。
xiaobin82686,健康养生,"臭味相投,鱼找鱼虾找虾",0,该用户是在用讽刺的语气表示直播中提到的两个人品性低劣、彼此匹配。
xiaobin82686,健康养生,白破鞋有实话吗?,0,该用户是在用讽刺语气质疑主播或商品（可能指代“白璐瑶”相关产品）的可信度，暗示其存在虚假宣传或道德瑕疵。
xiaobin82686,健康养生,"可怜白璐瑶,你就跟萧蔷过呗",0,该用户是在讽刺白璐瑶和萧蔷（或肖强）是一丘之貉，暗示他们品行相近且关系暧昧。
xiaobin82686,健康养生,他倆狼狽為奸,0,"该用户想表达的含义是：这两人品行不端且相互勾结，是一丘之貉。  （结合前文弹幕的语境，可以看出用户对""白璐瑶""和""肖强""持有强烈的负面评价，认为他们道德败坏、彼此勾结，并用""狼狈为奸""进一步强调他们的恶劣关系和共同作恶的行为。）"
xiaobin82686,健康养生,"他们俩挺合适的,坏到一起了",0,该用户是在讽刺直播中提到的两个人品行低劣、彼此般配，带有强烈的负面评价意味。
xiaobin82686,健康养生,肖强遛了,0,"该用户是在嘲讽主播（或相关人物）肖强因心虚或理亏而匆忙离开直播现场。  （解析依据：前20条弹幕充满对""白路瑶/白破鞋""和""肖强""的恶意攻击，关键词如""跑了,心虚""""狼狈为奸""等显示用户群体在指责二人品行问题，""遛了""在此语境中明显承接了""逃跑""的贬义，而非字面意义的""散步""。）"
xiaobin82686,健康养生,白路和消强天生一对,0,"该用户是在用反讽的语气附和前面弹幕，暗指""白路和肖强""两人品行低劣、狼狈为奸。"
xiaobin82686,健康养生,白美人真厉,0,该用户是在用反讽的语气嘲讽主播或相关人物品行不端、手段厉害。
xiaobin82686,健康养生,白寡妇烂白菜白破鞋二牙货二手货他俩一路货色,0,该用户想表达的含义是：用侮辱性词汇贬低白路遥和肖强二人，认为他们品行低劣且彼此般配。
xiaobin82686,健康养生,"萧蔷还有钱?还大款儿,你干脆就跟萧蔷得了?你们两个就是鱼找鱼虾找虾吗",0,该用户是在用反讽的语气嘲讽主播和萧蔷（肖强）品性低劣、狼狈为奸，暗示他们根本不配被称为有钱人或体面人，而是同类渣滓相互勾结。
xiaobin82686,健康养生,白路遥烂白菜你和肖强在一起生活吧他听你的话什么东西良心太坏了,0,该用户是在用侮辱性语言攻击主播白路遥和肖强，认为两人品行低劣且狼狈为奸，暗示他们应该配对生活在一起。
xiaobin82686,健康养生,白璐瑶就是个眼看你,0,该用户想表达的含义是：白璐瑶就是个虚伪做作、品行不端的人。  （结合前文弹幕的恶意攻击语境，该句是对主播白璐瑶的人格贬损，延续了前文“破鞋”“烂白菜”等侮辱性称呼的风格，暗指她表里不一或心术不正。）
xiaobin82686,健康养生,有赠品么,1,该用户可能是在混乱的骂战氛围中试图转移话题，询问商品促销信息以回归正常购物讨论。
xiaobin82686,健康养生,白寡妇,0,该用户是在用侮辱性绰号“白寡妇”恶意攻击主播白璐瑶，与之前弹幕中“白破鞋”“烂白菜”等贬低称谓一脉相承，反映出对主播人格的诋毁倾向。
xiaobin82686,健康养生,她是白寡妇,0,"该用户是在用侮辱性绰号贬低主播""白璐瑶""，暗示其品行不端且与另一人""肖强""有不正当关系。"
xiaobin82686,健康养生,"她叫白璐瑶,她是个烂白菜,二手货都俩孩子了,硬追人家进兵呢.粘上了甩",0,该用户是在用侮辱性语言贬低主播白璐瑶，暗示她品行不端且与肖强有不正当关系，并嘲讽她试图纠缠对方。
xiaobin82686,健康养生,烂白菜,0,"该用户是在用侮辱性词汇贬低主播""白璐瑶""，暗示其品行低劣或生活作风有问题。"
xiaobin82686,健康养生,白家真是坏透了,0,该用户是在跟风辱骂主播“白家”，表达对其人品的负面评价和厌恶情绪。
xiaobin82686,健康养生,"哈哈哈哈哈哈哈,太可笑了,这个烂白菜这个烂渣女",0,该用户是在用讽刺和辱骂的语气表达对主播或直播内容中某个人物的强烈厌恶和否定态度。
xiaobin82686,健康养生,"她随便说谎话,烂白菜破鞋头子",0,该用户是在用侮辱性语言贬低主播“白璐瑶”，暗示她品行不端、谎话连篇，属于恶意攻击而非购买意向表达。
xiaobin82686,健康养生,白真厉害,0,"该用户是在用反讽的语气附和直播间对""白璐瑶""的负面评价，实际表达的是对其品行的贬损和嘲讽。"
xiaobin82686,健康养生,"哈哈哈哈哈,真恶心啊白破鞋",0,该用户是在用侮辱性语言嘲讽主播“白璐瑶”，认为她品行不端且与“萧强”是同类货色，表达的是恶意攻击而非购买兴趣。
xiaobin82686,健康养生,快路l录屏,0,该用户可能是想催促主播或其他人尽快录制直播内容以便回看或保存。
xiaobin82686,健康养生,白破鞋,0,该用户是在用侮辱性词汇贬低主播“白璐瑶”，暗示其品行不端。
xiaobin82686,健康养生,白路遥肖强一路货色,0,该用户想表达的含义是：白路遥和肖强都是品行低劣的人，彼此半斤八两。
xiaobin82686,健康养生,这个女人就是白破鞋,0,该用户是在用侮辱性词汇贬低主播“白路遥”，暗示她品行不端且与另一位用户“肖强”有不正当关系。
xiaobin82686,健康养生,破鞋头,0,该用户是在用侮辱性词汇贬低主播“白路遥”，暗示其品行不端且带有性别羞辱意味。
xiaobin82686,健康养生,"姑娘她就是破鞋,烂白菜公交车",0,该用户是在用侮辱性语言贬低主播“白路遥”，暗示她品行不端、生活作风有问题。
xiaobin82686,健康养生,白破鞋头,0,该用户是在用侮辱性词汇攻击主播“白路遥”，暗示其品行不端。
xiaobin82686,健康养生,白露瑶长得还挺漂亮的,0,该用户可能是在一片针对主播的恶意攻击中，以相对中性的态度表达对主播外貌的认可，试图缓和或转移话题焦点。
xiaobin82686,健康养生,百破鞋,0,该用户是在用侮辱性词汇攻击主播“白璐瑶”，暗示其品行不端。
xiaobin82686,健康养生,破鞋头子,0,该用户是在用侮辱性词汇贬低主播“白璐瑶”，暗示其品行不端或生活作风有问题。  （分析依据：前20条弹幕中高频出现“破鞋”“烂白菜”等针对同一主播的侮辱性称呼，且内容高度重复，形成群体攻击语境。目标弹幕“破鞋头子”是这一攻击链的延续，意图强化对主播的负面标签。）
xiaobin82686,健康养生,烂白菜破鞋头子!得换头型!冒充是丽丽,0,该用户是在用侮辱性语言攻击主播“白璐瑶”，指责她品行不端、虚假伪装身份（冒充“丽丽”），并嘲讽其外貌形象需要彻底改变。  （解析：结合前20条弹幕可见，直播间存在针对“白璐瑶/白露瑶”的集体辱骂，关键词“烂白菜”“破鞋”“冒充”等高频重复，形成贬损主播道德与形象的语境。目标弹幕延续这一攻击逻辑，将“换头型”作为外貌羞辱的延伸，并强调身份造假这一“罪状”。整体属于情绪化人身攻击，无实际购买意向表达。）
xiaobin82686,健康养生,白骨精大破鞋,0,该用户是在用侮辱性词汇攻击主播“白璐瑶”，暗示其品行不端且私生活混乱。
xiaobin82686,健康养生,破鞋子,0,该用户是在用侮辱性词汇贬低主播的人格，暗示其品行不端。
xiaobin82686,健康养生,白破鞋破鞋破鞋玩意,0,该用户是在用侮辱性词汇恶意攻击主播的人格和形象，表达对主播的极端厌恶和贬低。
xiaobin82686,健康养生,白破鞋白露瑶,0,该用户是在用侮辱性绰号攻击主播“白露瑶”，意图跟风抹黑她的形象。
xiaobin82686,健康养生,破鞋头子白璐瑶,0,该用户是在用侮辱性词汇攻击主播白璐瑶的人格和品行。
xiaobin82686,健康养生,男渣女渣女渣女烂破鞋,0,该用户是在跟风辱骂主播，用侮辱性词汇攻击主播的人品和形象。
xiaobin82686,健康养生,"还装呢,装傻",0,该用户是在嘲讽主播虚伪做作，认为对方在故意装傻充愣以掩盖问题。
xiaobin82686,健康养生,烂白菜破鞋头子!满嘴跑火车,0,"该用户是在用侮辱性词汇宣泄对主播""白露瑶""的强烈不满和人身攻击，认为她品行不端且言行虚伪。"
xiaobin82686,健康养生,白破鞋烂白菜,0,该用户是在用侮辱性语言攻击主播“白露瑶”，将其贬低为道德败坏、品行不端的女性。
xiaobin82686,健康养生,"二货,白破鞋",0,该用户是在用侮辱性词汇攻击主播“白露瑶”，暗示其品行不端或作风有问题。
xiaobin82686,健康养生,白路瑶烂裤裆烂白菜,0,该用户是在用侮辱性语言攻击主播“白路瑶”，暗示其品行不端、生活作风有问题。
xiaobin82686,健康养生,白皮鞋头子,0,该用户是在用侮辱性词汇攻击主播“白璐瑶”，暗示其品行不端。  （解析：前20条弹幕呈现高度一致的辱骂倾向，关键词“破鞋”“烂白菜”等均指向对女性道德层面的贬损，“白皮鞋头子”实为谐音变体，结合上下文可知是“白破鞋头子”的隐晦表达，整体语境属于网络暴力行为。）
xiaobin82686,健康养生,白路遥破鞋,0,该用户是在用侮辱性词汇攻击主播“白路遥”，意图通过重复群体性的恶意贬损来贬低其人格形象。
xiaobin82686,健康养生,收拾你白烂都子,0,该用户是在用侮辱性语言攻击主播“白露瑶/白路瑶”，称其为品行不端的女性。
xiaobin82686,健康养生,烂白菜破鞋,0,该用户是在用侮辱性词汇恶意攻击主播的外貌或品行。
xiaobin82686,健康养生,把录屏给她看,0,该用户可能是想让其他人通过录屏证据来揭露主播的负面行为或虚假表现。
xiaobin82686,健康养生,烂白菜说谎话都习惯了,0,该用户是在以侮辱性语言指责主播品行不端，暗示其长期存在欺骗行为且毫无悔意。
xiaobin82686,健康养生,让白破鞋上好莱坞拍大片儿去[捂脸][捂脸][捂脸],0,该用户是在用讽刺和贬损的语气表达对主播“白破鞋”的厌恶，认为对方不配得到高端机会（好莱坞拍大片），并暗示其品行低劣、招人反感。
xiaobin82686,健康养生,白路遥真渣,0,该用户是在跟风辱骂主播“白路遥”，表达对其人品或行为的强烈贬低和攻击情绪。
xiaobin82686,健康养生,支持!,0,该用户可能是在跟风攻击主播，用简短的口号式附和来表达对主播的负面情绪。
xiaobin82686,健康养生,刚才就是白破鞋把肖强救下去了,0,该用户是在用侮辱性语言攻击主播“白璐瑶/白路遥”，暗示她品行不端且干预了他人（肖强）的直播活动。
xiaobin82686,健康养生,"白破鞋真恶心人,太缺德了",0,"该用户是在跟风辱骂主播""白璐瑶""，用""破鞋""等侮辱性词汇宣泄负面情绪，表达对主播人品的强烈贬低和厌恶。"
xiaobin82686,健康养生,你刚才说啥也没干啊?烂白菜破鞋头子,0,该用户是在用侮辱性语言发泄对主播“白璐瑶/白路遥”的不满情绪，认为其言行虚伪且品性低劣。
xiaobin82686,健康养生,怎么每次直播都是这,0,该用户可能是在表达对直播内容重复单调的不满，认为主播缺乏新意或诚意。
xiaobin82686,健康养生,讓利利爸爸看看肖強的狗臉,0,该用户可能在嘲讽或攻击主播及其相关人物，意图通过侮辱性语言表达不满或制造混乱。
xiaobin82686,健康养生,白路遥烂白菜你长相是妖精的尾巴装什么良心太坏了,0,该用户是在用侮辱性语言攻击主播“白路遥”，指责她虚伪做作、品行恶劣，并暗示其外貌与道德存在反差。  （解析：结合前文弹幕可见，直播间氛围充满人身攻击，关键词“烂白菜”“破鞋”“装良心”等均指向对主播道德层面的贬损，且攻击模式高度重复，属于群体情绪宣泄而非具体购物诉求。）
xiaobin82686,健康养生,让利利爸爸看看肖強的狗臉??,0,该用户可能在用讽刺或攻击性的语气要求主播展示某个特定人物（肖强）的画面，意图可能是起哄或表达不满情绪，而非真正的购买兴趣。
xiaobin82686,健康养生,[爱心][爱心][爱心][爱心][爱心][爱心][爱心][爱心][爱心][,0,"该用户可能是在用刷爱心的方式表达对主播或产品的强烈支持或喜爱，试图以积极互动冲淡直播间当前的负面氛围。  （解析：前20条弹幕充满人身攻击和负面情绪，而目标弹幕通过连续爱心符号形成鲜明反差，可能是粉丝的反击或对主播的声援，属于典型的""控评""行为。）"
xiaobin82686,健康养生,让丽丽爸爸看看肖強的狗脸[菜刀],0,该用户是在用侮辱性语言攻击直播中的某位参与者（可能是“丽丽爸爸”或“肖强”），表达对其外貌或行为的强烈厌恶情绪，而非任何购买意向。
xiaobin82686,健康养生,男人呵!,0,该用户是在用讽刺的语气附和直播间中对某位男性（可能是“肖强”或“利利爸爸”）的负面评价，表达对其行为或人品的不满和鄙夷。
xiaobin82686,健康养生,自破鞋就是个白骨精,0,该用户是在用侮辱性词汇贬低主播“白路遥”，将其比作虚伪恶毒的妖精形象，暗示其品行不端且善于伪装。  （解析：结合前20条弹幕可见直播间存在群体性攻击现象，关键词“白骨精”取自《西游记》中伪装善意的妖怪，在此语境中与“破鞋”“烂白菜”等侮辱词并列，强调对主播人格的诋毁，无任何与购买兴趣相关的内容。）
xiaobin82686,健康养生,补气血,0,该用户可能是在阴阳怪气地讽刺主播，用看似正常的商品关键词来反衬前面弹幕中的恶意攻击氛围。
xiaobin82686,健康养生,吵完了就介绍产品了[捂脸][捂脸],0,该用户可能是在嘲讽或调侃直播间的混乱氛围，暗示主播终于结束争吵回归正题，但用表情符号[捂脸]透露出无奈或看戏的心态。
xiaobin82686,健康养生,让丽丽爸爸看看肖强是个什么人,0,"该用户意在通过呼吁第三方（丽丽爸爸）对肖强的人品进行审视或揭露，以表达对其负面评价或质疑。  （释义依据：结合前文弹幕中反复出现的对肖强、白路遥等人的攻击性称呼（如""狗臉""""渣""）及群体情绪倾向，可推断当前弹幕是同一语境下的道德指控，意图借他人视角强化对肖强的贬损。）"
xiaobin82686,健康养生,体寒可以喝吗,1,"该用户可能是在直播间争吵氛围中转移话题，询问产品功能是否适合自身体质，隐含潜在的购买意向。  （解析：前20条弹幕充满人身攻击和混乱争吵，直到末尾出现""补气血""""介绍产品""等关键词，说明直播间即将回归带货主题。用户在此语境下提出""体寒可以喝吗""，实质是跳过冲突、关注产品适用性，属于功能性咨询，隐含对产品的兴趣。）"
xiaobin82686,健康养生,白路瑶大破鞋,0,该用户是在用侮辱性词汇攻击主播“白路瑶”，表达对其人品或行为的强烈不满和贬低。  （分析依据：前20条弹幕中存在大量针对“白路瑶”的人身攻击，如“烂白菜”“破鞋”“白骨精”等侮辱性称呼，且语境围绕主播与其他人的矛盾冲突，目标弹幕延续了这一情绪宣泄模式，无任何与商品或购买兴趣相关的内容。）
xiaobin82686,健康养生,[爱心][爱心][爱心][爱心][爱心][爱心][爱心][爱心][爱心][,0,该用户可能是在用刷爱心符号的方式表达对主播或产品的支持或喜爱，但结合前文充满攻击性的弹幕氛围，更可能是以反讽方式参与群体情绪宣泄，而非真实的购买意向表达。
xiaobin82686,健康养生,白璐瑶真是个破鞋头,0,"该用户是在用侮辱性语言攻击主播""白璐瑶""，暗示其品行不端或作风有问题。"
xiaobin82686,健康养生,"你们搞,卡了",0,"该用户可能在抱怨直播画面卡顿，同时表达对当前混乱直播氛围的不满或催促尽快进入正轨。  （解析：结合前20条弹幕中大量人身攻击和无关内容，整体语境呈现混乱争吵状态。""你们搞""可能指主播或团队应对当前状况负责，""卡了""则直接反馈技术问题，语气带有不耐烦的情绪。）"
xiaobin82686,健康养生,丽爸还认这个好姑爷吗八,0,该用户可能在调侃或讽刺直播间中涉及的人物关系，询问“丽丽的父亲是否还认可这位（有争议的）女婿”，结合前文弹幕中频繁出现的“破鞋”“狗脸”等攻击性词汇，可推断其表达带有戏谑或贬损意味，并非真实的购买意向询问。
xiaobin82686,健康养生,心没劲把干鹿心血撵成墨喝了就好,0,该用户可能是在用夸张的比喻表达对直播内容的不满或失望情绪，暗示当前直播氛围让人感到压抑或不适。
xiaobin82686,健康养生,姓白真厉害,0,该用户是在用反讽的语气附和直播间其他人对主播“白姓”相关人物的恶意攻击。
xiaobin82686,健康养生,烂白菜破鞋头子!说话恶心人,0,"该用户是在用侮辱性语言发泄对主播或直播内容的不满情绪，表达强烈的反感和抵触心理。  （分析依据：前20条弹幕中频繁出现""烂白菜""""破鞋头子""等重复性辱骂词汇，且缺乏具体产品讨论，整体语境呈现攻击性氛围，目标弹幕延续了这种情绪宣泄模式而非购买意向表达。）"
xiaobin82686,健康养生,白路瑶二货二货公交车大破鞋,0,该用户是在用侮辱性语言攻击主播白路瑶，表达对其人格的贬低和厌恶情绪，并无任何购买意向或产品相关讨论。
xiaobin82686,健康养生,"烂白菜,烂破鞋,男渣女",0,该用户是在用侮辱性语言攻击直播中的某位参与者（可能是主播或嘉宾），表达对其人品或行为的强烈不满和蔑视。
xiaobin82686,健康养生,烂白菜破鞋头子!说话恶心人,0,"该用户是在用侮辱性语言发泄对主播""白路瑶""的强烈不满，认为其品行低劣且言行令人反感。"
xiaobin82686,健康养生,听白破鞋说话就恶心要吐!,0,"该用户是在以侮辱性语言表达对主播""白路瑶""的强烈反感和人身攻击，并无任何购买意向或产品相关讨论。"
xiaobin82686,健康养生,晚上好,0,"该用户可能是在试图缓和直播间当前的混乱氛围，通过礼貌性问候转移话题或表达对主播的友好态度。  （解析：前20条弹幕充满人身攻击和无关争吵，与产品无关；""晚上好""在此语境下更可能是用户主动切断负面情绪链，回归基础社交礼仪的表现，而非购买兴趣的表达。）"
xiaobin82686,健康养生,主播晚上好呀,0,该用户可能是在试图缓和直播间当前的攻击性氛围，通过礼貌问候转移话题或表达对主播的友好支持。
xiaobin82686,健康养生,晚上好主播[赞][赞][赞][赞][赞][赞],0,该用户通过高频点赞表情主要表达对主播的热情支持和观看直播的愉悦心情，但并未直接体现明确的商品购买意向。  （解析依据：在充斥人身攻击的弹幕环境中，该用户选择用中性积极的互动方式，既规避了当前骂战，又通过重复视觉符号强化存在感，符合直播观众寻求群体认同的心理特征，属于典型的氛围型互动而非消费意向表达）
xiaobin82686,健康养生,白路瑶遭天杀：,0,该用户是在辱骂主播白路瑶，表达对其人格的贬低和厌恶情绪。
xiaobin82686,健康养生,支持支持主播,0,该用户可能是想通过简短的支持性发言来缓和直播间当前的攻击性氛围，表达对主播的善意鼓励。
xiaobin82686,健康养生,补血补气,0,该用户可能是在询问产品是否具有补血补气的功效，表达了对商品功能的兴趣和潜在购买意向。
xiaobin82686,健康养生,白破鞋说话恶心,0,该用户是在以侮辱性语言表达对主播白路瑶的强烈反感和厌恶情绪，而非表达任何购买意向。
xiaobin82686,健康养生,有优惠么,1,该用户可能是在混乱的骂战氛围中试图回归直播主题，询问产品折扣信息以评估是否值得购买。
xiaobin82686,健康养生,保质期几年,1,该用户可能在询问商品的有效使用期限，以此评估是否值得购买。
xiaobin82686,健康养生,白跨饶他爸的江山悔在的它手里,0,该用户可能在用谐音或隐喻表达对主播“白璐瑶”的贬损，暗指“白家的江山（事业/名声）毁在她手里”。  （解析依据：前20条弹幕中高频出现对“白璐瑶”的侮辱性称呼如“破鞋”“烂白菜”，且内容多围绕人身攻击而非商品讨论，目标弹幕中的“白跨饶”“江山悔”等词大概率是谐音或错别字，延续了攻击主播的语境。）
xiaobin82686,健康养生,点赞赞[赞][赞][赞][赞][赞][赞][赞],0,该用户想表达的含义是：通过频繁点赞符号表达对主播的支持和积极互动意愿。
xiaobin82686,健康养生,太牛掰了,0,"该用户可能是在用夸张的口头禅表达对主播展示商品或表演的强烈赞叹。  （结合前文语境，虽然存在部分攻击性弹幕，但""太牛掰了""更接近中性/积极的感叹，可能是针对主播的即时表现或商品效果发出的纯粹情绪化反应，而非购买意向的直接表达。）"
xiaobin82686,健康养生,解气解气活该,0,"该用户是在附和直播间其他观众对主播""白路瑶""的辱骂，表达幸灾乐祸的情绪。"
xiaobin82686,健康养生,拍了一单,0,该用户想表达的含义是：我已经下单购买了产品。  （结合前文弹幕内容，尽管直播间存在部分负面言论，但也有支持主播和询问商品信息的互动，目标用户“拍了一单”更可能是实际购买行为，而非反讽或无关表达。）
xiaobin82686,健康养生,"哈哈,白破鞋今晚又得疯了",0,该用户是在用侮辱性语言攻击主播“白路瑶”，表达对其言行举止的厌恶和幸灾乐祸的情绪。
xiaobin82686,健康养生,解气解气解气解气解气太解气了,0,"该用户是在发泄对主播""白路瑶""的强烈负面情绪，认为对方遭受某种打击是罪有应得，并为此感到痛快。"
xiaobin82686,健康养生,坏人坏了自己啊,0,"该用户是在幸灾乐祸地表达""作恶者最终自食恶果""的嘲讽态度。"
xiaobin82686,健康养生,"太解气了,让他光干坏事",0,"该用户是在宣泄对某个被批判对象（可能是""白路瑶""）的负面情绪，认为对方因作恶而遭到报应时的快意。"
xiaobin82686,健康养生,已拍四单一个包裹发货吧,0,该用户是想让商家将已下单的四件商品合并成一个包裹统一发货。
xiaobin82686,健康养生,饭前饭后喝,1,该用户可能在询问产品是否适合在餐前或餐后的时间段饮用，暗示对产品使用场景的关心和潜在的购买意向。
xiaobin82686,健康养生,"活该,解气",0,该用户是在表达对直播间讨论的某个负面人物或事件遭到报应后的痛快情绪，认为对方自作自受、大快人心。
xiaobin82686,健康养生,拍了两单加急,0,该用户想表达的含义是：我已经下单购买了两件商品并选择了加急配送服务。  （结合前文语境，直播间氛围混杂着互动、恶意攻击和购物行为，但该弹幕明确表达了购买行为，属于典型的交易意向表达。）
xiaobin82686,健康养生,太解气了,0,"该用户想表达的含义是：对主播揭露或反击某些负面人物/事件感到痛快和赞同。  （结合上下文可见，""解气""是直播间高频词，多与谴责""白XX""等对象相关，且伴随下单行为，说明这是一种由情绪共鸣激发的认同表达。）"
xiaobin82686,健康养生,白路遥真丢人,0,该用户是在借贬低主播“白路遥”来宣泄情绪，表达对主播的不满或幸灾乐祸的态度。
xiaobin82686,健康养生,鹿茸血好,1,该用户可能是在称赞鹿茸血的功效或品质，表达对其产品的认可和购买兴趣。
xiaobin82686,健康养生,有钱让他们做点功德,0,"该用户是在讽刺某些人（可能指主播或相关方）利用财富作秀而非真心行善，暗示他们应该把金钱用在更有意义的善事上。  （结合前文弹幕中频繁出现的""解气""""活该""等负面情绪，以及""白破鞋""""白路遥""等明显针对特定对象的攻击性称呼，可推断直播间存在争议性事件或人物。用户借""功德""这一反讽表达对直播方虚伪行为的不满，认为其经济行为缺乏正当性。）"
xiaobin82686,健康养生,[赞][赞][赞][赞][赞][赞][赞][赞][赞][赞][赞][赞][,0,该用户想通过连续点赞的表情符号表达对直播内容的高度认可或兴奋情绪，可能是对主播展示的产品效果、促销活动或现场氛围的强烈支持。
xiaobin82686,健康养生,害人害已,0,该用户是在嘲讽直播中提到的某个人或事件自作自受、自食恶果。
xiaobin82686,健康养生,害人害己,0,该用户是在嘲讽直播中提及的某个负面人物或事件，认为其自作自受、自食恶果。
xiaobin82686,健康养生,什么时间喝,1,该用户可能在询问产品的具体饮用时间建议，例如饭前或饭后等饮用时段。
xiaobin82686,健康养生,"这个烂破鞋,干坏事太惊艳了",0,该用户是在用反讽的语气表达对直播中提及的负面人物或事件的强烈谴责，认为其恶劣行径令人震惊。
xiaobin82686,健康养生,"真好,粉丝受益了,谢谢主播",0,该用户想表达的含义是：对主播提供的粉丝福利感到满意并表示感谢。
xiaobin82686,健康养生,饭前?饭后?,1,该用户可能在询问产品（如保健品或饮品）的服用时间，具体是想了解应该在饭前还是饭后使用。
xiaobin82686,健康养生,白霸瑶和肖强结婚吧年青,0,"该用户可能在用调侃或讽刺的语气表达对直播中提及的""白霸瑶""和""肖强""两人的负面评价，暗示他们的行为荒诞可笑到应该""结婚""的程度。"
xiaobin82686,健康养生,对鹿身上的东西全是宝贝,0,该用户想表达的含义是：鹿茸等鹿相关产品具有很高的价值，都是值得购买的好东西。  （结合前文弹幕中出现的“鹿茸血好”以及大量对主播和产品的正面评价，可推断用户是在强调鹿产品的珍贵性，隐含推荐或认可的态度。）
xiaobin82686,健康养生,害人害几,0,"该用户想表达的含义是：作恶的人最终会自食其果。  （结合前文弹幕中频繁出现的""解气""""活该""""害人害己""等关键词，可见直播间正在讨论某种恶有恶报的因果报应主题，""害人害几""是""害人害己""的输入错误或方言变体，延续了观众对""恶行反噬""的集体情绪表达。）"
xiaobin82686,健康养生,这就是和肖强狼狈为奸的下场,0,该用户是在嘲讽与肖强勾结的人最终自食恶果，表达对直播间揭露负面行为的认同和快意。
xiaobin82686,健康养生,害人害己,0,该用户是在嘲讽直播中提到的某位负面人物（如白路遥/肖强）的行为咎由自取，带有强烈的道德谴责意味。
xiaobin82686,健康养生,活该白狐狸精就是个败家子,0,该用户是在借辱骂主播或相关人物（白狐狸精）来宣泄情绪，并暗指其挥霍无度、品行不端。
xiaobin82686,健康养生,"白和肖两个臭味相投,两人狼狈为奸!",0,该用户是在嘲讽主播白路遥和肖强品行不端、互相勾结做坏事。
xiaobin82686,健康养生,自破鞋和肖强在一起正和事,0,该用户是在嘲讽主播与他人勾结的负面行为，认为双方品行不端且彼此般配。
xiaobin82686,健康养生,害人害己,0,"该用户是在嘲讽直播间提及的某个负面人物（如""白路遥""或""肖强""），认为其行为既损害他人最终也反噬自身。"
xiaobin82686,健康养生,"谢谢你了,白璐瑶",0,该用户可能是在讽刺或阴阳怪气地回应主播白璐瑶，表面感谢实则暗含不满或嘲讽。
xiaobin82686,健康养生,劲彬主播太可爱,0,该用户想表达的含义是：主播的个人魅力吸引了他们的关注和喜爱。  （结合前文弹幕的负面情绪和攻击性内容，这条弹幕显得较为正面，可能是观众对主播表现出的好感或试图缓和直播间氛围。）
xiaobin82686,健康养生,白菜是个骂街的,0,该用户是在用贬义表达指责主播或相关人物（如“白璐瑶”）品行不端、行为恶劣。
xiaobin82686,健康养生,"白露尧害人害己,解气",0,该用户是在嘲讽主播或相关人物（白露尧）因自身行为遭到反噬，认为其咎由自取并感到幸灾乐祸。
xiaobin82686,健康养生,活血的,0,该用户可能在嘲讽或贬低主播或产品，暗示其具有负面效果或欺骗性。
xiaobin82686,健康养生,"谢谢主播,给主播点赞[赞]",0,该用户是在表达对主播的感谢和支持，属于互动性友好反馈而非直接购买意向。  （解析：结合前文弹幕中混杂的恶意攻击与少量正向互动，该用户选择用礼貌用语和表情符号主动维护直播间氛围，动机更偏向情感认同而非商品咨询。）
xiaobin82686,健康养生,白破鞋和肖强在一起过正好,0,该用户是在嘲讽主播“白”和“肖强”两人品行不端、互相勾结，认为他们凑在一起是臭味相投的合适配对。
xiaobin82686,健康养生,这种人就是自找的,0,该用户是在嘲讽某个被提及的人物（可能是白璐瑶或肖强），认为对方遭遇的不幸是咎由自取、罪有应得。
xiaobin82686,健康养生,"烂白菜,冒充丽丽,还打着劲彬旗号",0,该用户是在嘲讽主播假冒他人身份并借知名品牌名义进行虚假宣传，表达对直播内容的不满和质疑。
xiaobin82686,健康养生,"白和肖强两个人全是大破鞋,臭味相投",0,该用户是在用侮辱性语言攻击直播中提到的白某和肖某二人，认为他们品行低劣且彼此契合。
xiaobin82686,健康养生,白破鞋烂白菜肖流氓同流合污[菜刀][菜刀][菜刀][菜刀][菜刀][菜刀,0,该用户是在用侮辱性语言攻击“白”和“肖”二人，认为他们是品行低劣且相互勾结的。
xiaobin82686,健康养生,这个肖强没长大脑啊…,0,该用户是在辱骂肖强，认为他愚蠢且品行低劣，与直播间其他弹幕对肖强的负面评价一致。
xiaobin82686,健康养生,用鹿血泡酒,0,"该用户可能是在借鹿血泡酒的民俗说法，暗讽直播中涉及的人物品行不端、应当被惩戒，而非真正表达对商品的购买兴趣。  （解析：前20条弹幕呈现高度一致的攻击性语境，主要针对""白璐瑶""""肖强""等人进行人身攻击，使用""破鞋""""流氓""""同流合污""等侮辱性词汇，且多次出现""害人害己""""活该""等报复性表达。""鹿身上的东西全是宝贝""和""活血的""两条弹幕虽提及鹿制品，但夹杂在大量谩骂中，结合""用鹿血泡酒""在中文语境中常带有""以毒攻毒""""惩戒恶人""的隐喻色彩，可推断用户是通过民俗说法延续对争议人物的诅咒，而非讨论商品。）"
xiaobin82686,健康养生,"烂破鞋,干这种事,太有经验了",0,"该用户是在用侮辱性语言攻击直播中提及的""白璐瑶""和""肖强""二人，暗示他们有不当男女关系且行为不检点。"
xiaobin82686,健康养生,鹿场叫什么名子,0,该用户可能对直播中提到的鹿场产品产生兴趣，想进一步了解鹿场的具体名称以便后续购买或查询。
xiaobin82686,健康养生,"白和肖,是黑碗打酱油对色了",0,该用户是在用谐音和隐喻讽刺“白”和“肖”两人品行不端、狼狈为奸，暗示他们的行为就像用黑色碗打酱油（暗箱操作）还故意对色（伪装掩饰）。
xiaobin82686,健康养生,长春的梅花鹿是最有名的.也是话也是货真价实的.这个东西是大补.[祈祷][祈祷][,0,该用户可能在表达对长春梅花鹿产品的认可，认为其品质优良且具有滋补功效，暗示有购买意向。
xiaobin82686,健康养生,两个人狼狈为奸一丘之貉太损了,0,该用户是在用贬义词汇讽刺主播或直播中提到的某些人物品行不端、相互勾结。
xiaobin82686,健康养生,有个男白总,0,该用户可能是在嘲讽或贬低某个被称为“白总”的男性人物，暗示其与之前弹幕中提及的负面事件或争议人物有关联。
xiaobin82686,健康养生,"白和肖强狼狈为奸,两个人臭味相投,白和肖在一起过合适",0,"该用户是在用侮辱性语言攻击""白""和""肖强""两人，认为他们品行低劣且相互勾结。"
xiaobin82686,健康养生,白路瑶你和肖强正合实一对害′货,0,该用户是在用侮辱性语言攻击白路瑶和肖强，认为两人品行低劣且十分般配。
xiaobin82686,健康养生,白破鞋和肖强在一起过正和事,0,该用户想表达的含义是：白露尧和肖强两人品行不端，在一起是般配的。  （结合前文语境，弹幕中频繁出现对“白”和“肖强”的负面评价，如“破鞋”“流氓”“臭味相投”等，目标弹幕延续了这一攻击性语气，用反讽方式表达对两人关系的贬损。）
xiaobin82686,健康养生,"白和肖强狼狈为奸,两个人臭味相投,白和肖在一起过合适!",0,"该用户是在用侮辱性语言贬低""白""和""肖强""两人，认为他们是品行低劣且般配的一对。"
xiaobin82686,健康养生,"丽丽,爸爸,看清了没?",0,"该用户可能在催促名为""丽丽""和""爸爸""的观众确认直播展示的商品信息或画面内容。"
xiaobin82686,健康养生,鹿场叫什么名子,0,该用户可能是在询问直播中提到的梅花鹿养殖场的具体名称，以便进一步了解或购买相关鹿血产品。
xiaobin82686,健康养生,"白和肖,是黑碗打酱油对色了[龇牙][龇牙][龇牙][龇牙]哈哈哈哈哈哈",0,该用户是在用讽刺和戏谑的口吻，暗示“白”和“肖”两人品行不端、相互勾结（可能指直播中提及的争议人物），通过“黑碗打酱油”这种荒诞比喻强化贬义，配合表情符号表达强烈的讥笑情绪。  （释义要点：抓住“负面评价+隐喻嘲讽”的核心，关联前文弹幕对这两人频繁的辱骂语境，排除无关的鹿场等干扰信息）
xiaobin82686,健康养生,因为双阳是梅花鹿之乡,0,该用户可能是想通过强调双阳作为梅花鹿产地的知名度，来暗示直播中提到的鹿产品或鹿血泡酒等商品具有正宗性和品质保障。
xiaobin82686,健康养生,淫货德芙,0,该用户可能在用谐音和侮辱性词汇攻击直播中的某个人或产品（“德芙”谐音“得服”或暗指商品），表达对其品质或行为的强烈贬低和嘲讽。
xiaobin82686,健康养生,"丽丽,爸爸,你认为的姑爷,人品太差了",0,"该用户是在以讽刺口吻指责主播团队中某位男性成员（“姑爷”）人品低劣，暗示其行为不端且与直播间的负面事件相关。  （解析：结合前文弹幕中高频出现的""白/肖强""负面评价（如""破鞋""""流氓""）和家庭称谓（""丽丽,爸爸""），可推断语境涉及主播家庭或团队成员纠纷；目标弹幕通过亲属关系称谓强化批判，延续了前文对他人道德问题的攻击倾向，但未体现购买意向。）"
xiaobin82686,健康养生,"哈哈,白破鞋今晚又疯了",0,"该用户是在用侮辱性语言嘲讽直播中提到的""白""和""肖""两人品行不端、行为荒唐。"
xiaobin82686,健康养生,丽丽爸看清楚了没有,0,该用户可能在以调侃或讽刺的语气，提醒名为“丽丽爸”的人看清直播中提到的某些负面人物或事件真相。
xiaobin82686,健康养生,鹿油有吗,1,该用户可能在询问直播间是否有售卖鹿油产品，表达了对这一商品的购买兴趣或需求。
xiaobin82686,健康养生,"人相人,鬼相鬼,蛤蟆都相四条腿",0,该用户是在用方言俗语讽刺某些人“物以类聚、人以群分”，暗指直播间提到的“白和肖”等人品行不端、相互勾结。
xiaobin82686,健康养生,白二手贷和肖强在一起生活过太合适了,0,该用户是在用讽刺的语气贬低“白二手贷”和“肖强”两人，暗示他们品行不端且狼狈为奸，认为这两人凑在一起是“臭味相投”的合适配对。
xiaobin82686,健康养生,看看鹿,0,该用户可能是对直播中提到的鹿产品或鹿场信息感兴趣，想进一步了解或查看相关展示内容。
xiaobin82686,健康养生,"我吃过,我吃过,我吃过全是瘦肉腱子肉",0,该用户想表达的含义是：这款产品我之前购买品尝过，肉质确实全是优质的瘦肉部位，体验很好。
xiaobin82686,健康养生,白破鞋这么坏,0,该用户是在辱骂主播或某个关联人物（“白”）品行不端，属于情绪宣泄而非购买意向表达。  （结合前文高频出现的“白破鞋”“狼狈为奸”等攻击性词汇，可判定当前弹幕是持续人身攻击的一部分，语境与商品无关）
xiaobin82686,健康养生,鹿肉做的香肠好吃,0,该用户可能是在询问或确认鹿肉香肠的口感体验，暗示对产品有兴趣或想了解更多细节。
xiaobin82686,健康养生,我吃过,0,"该用户想表达的含义是：自己曾尝试过直播中提到的鹿肉产品（如香肠或腱子肉），并暗示对其品质或口感有亲身体验。  （结合前文弹幕高频提及""鹿场""""鹿肉香肠""及用户重复强调""我吃过""的语境，可推断其动机是通过分享消费经历间接表达对产品的兴趣或认可，与其他攻击性弹幕的负面情绪形成对比。）"
xiaobin82686,健康养生,鹿肉他们包饺子,0,该用户可能是在询问或确认直播中售卖的鹿肉产品是否包含包饺子的服务或搭配。
xiaobin82686,健康养生,没吃过,0,该用户可能是在询问或表达对直播中提到的鹿肉产品缺乏体验，暗示对产品的好奇或潜在的购买兴趣。
xiaobin82686,健康养生,丽丽爸爸看看肖强长大脑了吗,0,该用户是在讽刺性地询问“丽丽的父亲”是否看清了肖强的真实品性（暗示其愚蠢或缺乏判断力）。  （解析：结合前文弹幕中反复出现的“丽丽爸爸”和针对肖强、白某的负面评价（如“人品差”“狼狈为奸”），可推断当前弹幕延续了群体对“肖强”的贬损态度，并用“长大脑了吗”这种反讽句式，表达对“丽丽爸爸”未能识破肖强本质的嘲讽。）
xiaobin82686,健康养生,主播晚上好,0,该用户可能是在以问候主播的方式试图融入直播间的互动氛围，同时暗示自己刚进入直播间并希望获得关注或回应。
xiaobin82686,健康养生,"白宋家的所有的东西都特别的好.像什么?鹿心丸,鹿角帽卤肉特别的好[祈祷]",0,该用户想表达的含义是：白宋家出品的各类鹿制品（如鹿心丸、鹿角帽卤肉等）品质都非常出色，对此表示高度认可和赞赏。
xiaobin82686,健康养生,晚上好[爱心][爱心][爱心],0,该用户可能是在友好地打招呼并表达对直播间的喜爱和支持，但并未直接表现出对商品的购买兴趣。
xiaobin82686,健康养生,主播晚上好!,0,该用户可能是在礼貌性问候主播的同时，试图通过友好互动引起注意，为后续可能的商品咨询或购买意向铺垫。  （分析依据：前文弹幕内容杂乱但包含鹿制品等商品讨论，用户选择中性问候既避免卷入无关争吵，又符合直播间常见的社交开场模式，隐含潜在消费场景的参与意愿。）
xiaobin82686,健康养生,"主播,晚上好",0,该用户是在礼貌问候主播以融入直播间的互动氛围，同时可能暗示自己刚进入直播间并准备参与后续的购买讨论。
xiaobin82686,健康养生,我是长春的,0,该用户可能是想询问直播间的商品是否支持配送到长春地区，或者表达自己是长春观众以寻求同城优惠。
xiaobin82686,健康养生,太好了[赞],0,该用户可能是对主播提到的鹿肉制品（如香肠、饺子）或其他产品表示赞同和喜爱，认为这些商品很不错。
xiaobin82686,健康养生,鹿肉酱还真没吃过,0,该用户对鹿肉酱产生了好奇和尝试的意愿，可能是被直播中提到的鹿肉制品所吸引而想体验新品。
xiaobin82686,健康养生,"白大破鞋,肖大流氓",0,该用户是在用侮辱性绰号攻击直播中提到的两位人物（白某和肖某），表达对他们的负面情绪和贬低态度。
xiaobin82686,健康养生,还吃过鹿尾,0,该用户想表达的含义是：自己曾经尝试过鹿尾这种食材。
xiaobin82686,健康养生,"让丽丽爸爸认清他认为的姑爷,人品太差了",0,该用户是在讽刺丽丽爸爸看人的眼光差，认为他认可的准女婿（肖强）人品低劣，不值得信任。
xiaobin82686,健康养生,肖强装屁呢,0,该用户是在嘲讽肖强虚伪做作、装腔作势。
xiaobin82686,健康养生,好吃吗?,1,该用户可能在询问主播展示的鹿肉制品（如香肠或酱料）的口感和味道如何，表现出对产品的潜在购买兴趣。
xiaobin82686,健康养生,为金斌[赞][赞][赞][赞][赞][赞][赞][赞],0,该用户通过高频点赞表情强烈表达对主播或推荐产品的支持和喜爱，可能是对当前展示的鹿肉相关产品（如香肠、酱料等）产生浓厚兴趣或认可其品质。
xiaobin82686,健康养生,鹿肉酱特好吃,0,该用户可能在表达对鹿肉酱的正面评价，暗示自己有过品尝经验并认可其口味，从而间接展示购买兴趣或推荐意向。
xiaobin82686,健康养生,晚上好,0,该用户只是在礼貌性地打招呼，没有表达明确的购买意向。
xiaobin82686,健康养生,"我们都吃过鹿肉,鹿肉饺子,特别好吃,特别香",0,该用户通过分享自己品尝鹿肉饺子的正面体验，间接表达了对直播间相关鹿肉产品的认可和潜在购买意向。
xiaobin82686,健康养生,关注了主播,0,该用户通过关注主播的行为表达了对直播内容的认可和持续关注的意愿，暗示未来可能有购买兴趣。
xiaobin82686,健康养生,主播晚上好,0,该用户是在礼貌问候主播，属于常规互动行为，并未直接表达对商品的购买兴趣。
xiaobin82686,健康养生,鹿茸酱和鹿茸饺子.都非常的好吃.谢谢劲力彬[祈祷][祈祷][火][火],0,该用户是在积极反馈鹿茸制品的食用体验，并表达对主播或品牌的认可与感谢。
xiaobin82686,健康养生,"狠狠的炸,狠狠的炸,狠狠的炸,狠狠的炸",0,该用户可能在用夸张的重复句式表达对直播中某款产品（如鹿肉酱或鹿茸制品）的强烈兴趣或购买冲动，类似“疯狂下单”的狂热消费心态。
xiaobin82686,健康养生,有五香的吗,1,该用户是在询问主播当前展示的产品是否有五香口味可供选择。
xiaobin82686,健康养生,丽丽爸爸这你可看清你为来的姑爷是个什么东西拉吧,0,该用户是在借弹幕向“丽丽爸爸”揭露其未来女婿的人品问题，暗示对方品行不端不值得信任。
xiaobin82686,健康养生,"让丽丽爸爸认清他认为牛掰的姑爷,人品太差了",0,该用户是在借弹幕向“丽丽爸爸”表达对其未来女婿人品的强烈不满，暗示对方看错了人。  （解析：结合前后弹幕可见，直播间存在关于“丽丽爸爸”和“姑爷”的争议性讨论，用户通过指责“姑爷”人品差，试图让“丽丽爸爸”改变对其的认可，属于情感宣泄而非购物意向表达。）
xiaobin82686,健康养生,真好吃,1,该用户是在品尝或听闻产品描述后，对直播推荐的鹿肉酱等食品表示高度认可和喜爱。
xiaobin82686,健康养生,"白璐瑶来一群人,在直播间呢?",0,该用户可能在询问主播白璐瑶是否吸引了很多观众进入直播间，表现出对直播人气或主播影响力的好奇。
xiaobin82686,健康养生,东北女孩就是好,0,该用户可能是在夸赞直播间中某位东北籍主播或嘉宾的表现，表达对其性格或能力的欣赏。
xiaobin82686,健康养生,"今天的直播很精彩,有哭的,有笑的",0,该用户想表达的含义是：这场直播内容丰富、情感氛围浓厚，既有感人片段也有欢乐时刻。
xiaobin82686,健康养生,丶主播美女晚上好[赞][爱心][爱心][爱心][爱心],0,该用户是在友好地向主播打招呼并表达喜爱和支持，但并未直接表现出对商品的购买兴趣。
xiaobin82686,健康养生,100万还没花了呢,0,该用户可能是在炫耀或强调自己仍有充足的消费能力，暗示对直播间的产品有购买意愿或继续参与活动的兴趣。
xiaobin82686,健康养生,丽丽爸爸你看清肖强了吗?还让你宝贝女儿嫁给肖强流氓吗,0,该用户是在讽刺肖强的人品低劣，并质问丽丽父亲是否还要坚持让女儿嫁给这样的人。
xiaobin82686,健康养生,有辛味吗,1,该用户是在询问产品是否带有辛辣口味。
xiaobin82686,健康养生,19.9,0,该用户可能在询问或确认当前直播中提到的商品价格是否为19.9元。
xiaobin82686,健康养生,便宜点?,0,该用户希望主播能进一步降低商品价格或提供优惠。
xiaobin82686,健康养生,9.9,0,该用户可能在询问或暗示希望商品价格能降到9.9元，表现出对低价优惠的期待和购买意向。
xiaobin82686,健康养生,9.9一箱,0,该用户可能在询问或强调商品价格是否真的能以9.9元的超低价购买一箱，表现出对促销力度的惊讶或对低价真实性的试探性确认。
xiaobin82686,健康养生,再便宜点吧,0,该用户希望商家能进一步降低商品价格以获得购买意愿。
xiaobin82686,健康养生,山西那个案子现在是什么情况,0,该用户可能是在直播间讨论社会热点事件时，联想到近期山西的某起案件，试图转移话题或询问案件进展。
xiaobin82686,健康养生,太好了,0,该用户可能是在听到主播宣布优惠价格或介绍产品优点后，感到满意或兴奋而发出的赞叹。
xiaobin82686,健康养生,"白璐瑶真是挑拨离间,破鞋头儿",0,该用户是在攻击主播白璐瑶的人品，暗示她煽动矛盾且作风不良。  （结合前文弹幕中频繁出现的家庭矛盾话题（如丽丽爸爸、肖强等）以及针对主播的质问，可推断直播间存在争议性剧情或冲突，该弹幕属于情绪化的人身攻击，与购买兴趣无关。）
xiaobin82686,健康养生,是微辣吗?,1,该用户可能是在询问产品的辣度等级，以确认是否符合自己的口味偏好，表现出对商品具体细节的关注和潜在的购买意向。
xiaobin82686,健康养生,晚上好,0,该用户可能是在礼貌性地打招呼，试图融入直播间的互动氛围。
xiaobin82686,健康养生,白鹿要是里外搅合,0,该用户可能在指责白璐瑶在直播间挑拨是非、制造矛盾。
xiaobin82686,健康养生,辣吗?,1,该用户可能在询问产品的辣度是否适合自己口味，表现出对商品特性的关注和潜在的购买意向。
xiaobin82686,健康养生,拍了一单,0,该用户想表达的含义是：我已经下单购买了这款产品。
xiaobin82686,健康养生,拍了一单加急发货,0,该用户已经下单购买商品并希望尽快收到货品。
xiaobin82686,健康养生,想吃了,1,该用户被直播间的商品展示或促销氛围所吸引，产生了对食物的购买欲望。
xiaobin82686,健康养生,拍了一单要相加急,0,该用户想表达自己已经下单购买并希望商家尽快安排发货。
xiaobin82686,健康养生,"我是吉林的,我吃过鹿肉包饺子,我别香我",0,该用户想表达的含义是：作为吉林人，我尝过鹿肉馅饺子，味道非常香。  （结合前文弹幕内容，直播间可能在推销食品或地方特产，用户通过分享个人经历间接表达对产品的兴趣或认可。）
xiaobin82686,健康养生,拍了加急,0,该用户想表达自己已经下单并选择了加急发货服务。
xiaobin82686,健康养生,这个酱还要用油炸吗?,1,该用户是在询问产品（酱料）的使用方法，想确认是否需要额外加工步骤（油炸）才能食用，表现出对产品具体使用方式的关注和潜在的购买意向。
xiaobin82686,健康养生,从来没吃过鹿肉浆,0,该用户可能对鹿肉制品感到新奇，表达了对产品的好奇和潜在的尝试意愿。
xiaobin82686,健康养生,"我又拍了,明天能发货吗?",0,该用户想确认自己刚下的订单能否按预期时间发货，表现出对收货时效的明确关注。
xiaobin82686,健康养生,卷煎饼吃,0,该用户可能是在表达对直播中展示的食品产生了食欲，暗示有购买意向。
xiaobin82686,健康养生,"主播今天又做红娘了,给白肖撮撮合",0,该用户是在调侃主播像红娘一样热心牵线，暗示希望主播能帮忙促成某个与“白肖”相关的交易或互动。
xiaobin82686,健康养生,"这鹿茸酱卷个干豆腐,搞点大葱没治了",0,该用户想表达的含义是：用鹿茸酱搭配干豆腐和大葱的吃法非常美味诱人。  （结合前文弹幕中频繁出现的购买行为、对产品口味的询问以及地域饮食讨论，可推断用户通过描述具体食用场景来间接表达对产品的兴趣和认可。）
xiaobin82686,健康养生,"白破鞋真破到家了,还把肖强这个人渣搞到手当顽物,把丽丽爸洗脑,破到家了",0,"该用户是在借弹幕发泄对直播中提及的""白璐瑶""相关剧情或人物的强烈不满，认为其品行低劣且造成了恶劣影响。"
xiaobin82686,健康养生,"白破鞋真破到家了,还把肖强这个人渣搞到手当顽物,把丽丽爸洗脑,破到家",0,该用户是在借直播讨论剧情或八卦话题，宣泄对某个角色（白璐瑶/白鹿）及其人际关系的不满情绪，与当前直播带货的鹿肉产品完全无关。
xiaobin82686,健康养生,去年在你直播间拍鹿肉酱肉酱特别好吃,1,该用户想表达的含义是：之前购买过这款鹿肉酱并觉得非常美味，暗示有再次购买的意愿。
xiaobin82686,健康养生,"劲彬,有没有添加",0,该用户是在询问主播“劲彬”这款产品是否有添加其他成分或配料。
xiaobin82686,健康养生,晚上好,0,该用户可能是在礼貌性地打招呼，试图融入直播间的互动氛围，但并未直接表达对商品的购买兴趣。
xiaobin82686,健康养生,丽丽爸爸今晚看到肖强的真面目了吧,0,该用户是在讽刺主播撮合白鹿和肖强的行为，暗示丽丽的父亲终于看清了肖强的真实人品。
xiaobin82686,健康养生,丽丽妈妈有眼光[赞][赞]劲彬人品最好男人[赞],0,该用户是在称赞丽丽的母亲眼光好，并认同劲彬是品德优秀的男性。
xiaobin82686,健康养生,"去年,去年,去年带过",0,该用户想表达的是：去年在直播间购买的鹿肉酱味道很好，想再次购买。
xiaobin82686,健康养生,丽丽妈妈有眼光[赞][赞]劲彬人品最好男人[赞][赞][赞][赞][赞],0,该用户是在夸赞丽丽妈妈的择偶眼光，并高度认可劲彬的人品，认为他是非常优秀的男性。
xiaobin82686,健康养生,劲彬[赞][赞][赞][赞][赞][赞][赞][赞][赞][赞][赞][赞,0,"该用户想表达的含义是：对主播劲彬的高度认可和赞赏（通过连续点赞表情强化情感）。  （结合前文语境，""劲彬""被多次提及且与""人品最好男人""等正面评价关联，且近期弹幕存在情感化表达趋势，可推断此弹幕是延续对主播人设的积极反馈，而非直接购买意向。）"
xiaobin82686,健康养生,保质期?,1,该用户是在询问产品的保质期长短，可能对购买有实际考虑或准备下单。
xiaobin82686,健康养生,下了一单先用后付款的,0,该用户想表达的含义是：我已经下单购买了支持先用后付的商品。  （结合前文语境，直播间在讨论鹿肉酱等食品的购买和食用方式，且有多条弹幕提及下单、发货等实际购买行为，因此目标弹幕的核心是确认购买行为，并强调付款方式为“先用后付”。）
xiaobin82686,健康养生,主播问一问有没有添加什么的,1,该用户可能是想询问主播关于产品成分或添加剂的情况，表现出对商品细节的关注和潜在的购买顾虑。
xiaobin82686,健康养生,冰冰厂名叫什么,0,该用户可能在询问主播提到的食品生产厂家的具体名称，表现出对产品质量或来源的关注和潜在购买兴趣。
xiaobin82686,健康养生,劲彬优秀[赞][赞][赞][赞][赞][赞][赞][赞],0,该用户想表达的含义是：对主播劲彬的人品和表现表示高度赞赏和支持。
xiaobin82686,健康养生,点赞了直播间,0,该用户通过点赞表示对直播间内容的认可或支持，可能是被产品展示或互动氛围所吸引。
xiaobin82686,健康养生,鹿肉干吗,1,该用户可能在询问主播当前展示或提到的鹿肉干产品相关信息，表现出对商品的兴趣和购买意向。
xiaobin82686,健康养生,他们还有鹿肉馅饺子,0,该用户可能是在询问或确认直播间是否还售卖之前提到过的鹿肉馅饺子产品。
xiaobin82686,健康养生,"我拍了,明天能发货",0,该用户表示自己已经下单购买商品，并询问发货时间。
xiaobin82686,健康养生,什么时候发货?,0,该用户是在确认下单后的物流时效，表现出对商品交付时间的关注和潜在的购买意向。
xiaobin82686,健康养生,"丽丽妈妈眼光太棒了,没错,选敬斌没错",0,该用户想表达的含义是：认同主播（丽丽妈妈）的选择眼光，并支持推荐劲彬这一品牌或产品。
xiaobin82686,健康养生,能直接吃吗?,1,该用户是在询问直播展示的商品是否可以直接食用，而非需要进一步加工处理。
xiaobin82686,健康养生,劲彬是最优秀的德才兼备的人才.人品好的好男人![赞][赞],0,该用户是在通过夸赞主播劲彬的人品和才能来表达对其的喜爱和支持，属于粉丝向的互动行为而非直接购买意向。
xiaobin82686,健康养生,丽丽爸爸这回打脸了吧,0,"该用户可能是在嘲讽""丽丽爸爸""之前对主播（劲彬）的负面评价现在被事实推翻，暗示其判断错误。"
xiaobin82686,健康养生,谢谢白总!谢谢劲彬!,0,该用户是在向主播劲彬（白总）表达感谢和认可，可能是对其人品或直播内容的赞赏，属于互动性反馈而非直接购买意向。
xiaobin82686,健康养生,给经彬直播间[赞][赞][赞][赞][赞],0,该用户想表达的含义是：对主播劲彬的高度认可和热情支持。
xiaobin82686,健康养生,吃这肉能过敏吗?,1,该用户是在询问该肉类食品是否可能引发过敏反应，以评估自身购买风险。
xiaobin82686,健康养生,"丽丽妈妈眼光太棒了,没错,选敬斌没错",0,该用户想表达的含义是：认同主播丽丽妈妈的选品眼光，并对推荐的产品（敬斌相关商品）表示支持和信任。
xiaobin82686,健康养生,丽丽你爸爸让白骨精和肖強给玩拉,0,该用户可能是在讽刺或调侃“丽丽爸爸”之前的选择错误，暗示他被某些人（白骨精、肖强）欺骗或戏弄了。
xiaobin82686,健康养生,拍了一单.常常.谢谢美女,0,该用户想表达的含义是：已经下单购买产品，并感谢主播的推荐和展示。
xiaobin82686,健康养生,宝贝!晚上好,0,该用户是在友好地向主播或其他观众打招呼，表达一种轻松互动的氛围，但并未直接体现购买意向。
xiaobin82686,健康养生,"丽丽的爸爸脸红了,丽丽的妈妈胜利了",0,该用户是在调侃丽丽爸爸之前不看好主播（敬斌/劲彬）的选择，现在看到丽丽妈妈支持主播的决定被证明是正确的而感到尴尬。
xiaobin82686,健康养生,辣得很吗?,1,该用户是在询问产品（可能是辣味食品）的辣度程度，以评估是否符合自己的口味或承受能力。
xiaobin82686,健康养生,有运费险吗?,0,该用户是在询问商品是否支持退货运费险，以此评估购买风险。
xiaobin82686,健康养生,丽丽妈妈有眼光[赞][赞][赞][赞][赞][赞],0,该用户想表达的含义是：对丽丽妈妈选择主播（或产品）的品味表示高度认可和赞赏。
xiaobin82686,健康养生,没吃过[捂脸],0,该用户想表达的含义是：对直播中提到的食品感到好奇但尚未尝试过。
xiaobin82686,健康养生,肖强和白霸瑶勾的上了,0,该用户可能在调侃或讽刺直播中的人物关系，暗示“肖强和白霸瑶之间有不正当的勾结或合作”。
xiaobin82686,健康养生,"烂白菜,把他家里的家产都败坏光了,早晚都让他成了个败家子",0,该用户是在借贬低直播间的推荐人或产品（可能涉及“敬斌/劲彬”或相关商品）来表达对直播内容的不满或嘲讽，暗示其推荐不可信或会导致财产损失。
xiaobin82686,健康养生,劲彬他们家有鹿肉馅饺子,0,该用户可能是在向主播或其他观众推荐或询问劲彬家的鹿肉馅饺子产品，暗示对该商品感兴趣或想了解更多信息。
xiaobin82686,健康养生,一共几瓶,1,该用户是在询问商品的具体数量规格，想了解购买一套包含多少瓶产品。
xiaobin82686,健康养生,@self-reliance白和肖过吧,0,该用户可能在讽刺或调侃直播中提到的“白”和“肖”两人关系不正当或行为不当。
xiaobin82686,健康养生,有点辣味更好,0,该用户可能是对当前产品的口味不太满意，希望产品能增加一些辣味来提升口感体验。
xiaobin82686,健康养生,"白和肖这几天销魂了,两个东北早搞一块了,太绝对了!",0,该用户是在讽刺主播白某和肖某之间存在不正当关系，暗示两人早有勾结且行为不检点。
xiaobin82686,健康养生,白璐瑶拍的?,0,该用户可能在询问直播间的商品是否由白璐瑶参与拍摄或代言。
xiaobin82686,健康养生,白破鞋子拍了,0,该用户想表达的含义是：已经下单购买了白色的破洞鞋子。
xiaobin82686,健康养生,是白拍的,0,该用户想表达的含义是：这是白璐瑶下单购买的。  （结合前文弹幕中频繁出现的“白”和“拍”相关讨论，尤其是“白璐瑶拍的？”这一句，可推断“白拍的”是对前文提及人物行为的确认或调侃。）
xiaobin82686,健康养生,白璐瑶拍的肯定是白璐瑶拍的白璐瑶,0,"该用户是在质疑或讽刺当前展示的商品图片/视频并非由白璐瑶本人拍摄，而是冒用其名义的虚假宣传。  （分析依据：前文弹幕多次出现""白璐瑶拍的""相关争议，且夹杂""败家子""""破鞋子""等贬义表达，整体语境呈现对白璐瑶的负面讨论，目标弹幕通过机械重复句式强化对拍摄真实性的嘲讽意味。）"
xiaobin82686,健康养生,丽丽妈妈在丽丽爸回陶面前胜秒利了,0,该用户想表达的含义是：丽丽的妈妈在丽丽爸爸面前迅速取得了优势或胜利。  （结合前文弹幕中反复出现的“丽丽妈妈胜利”“丽丽爸爸脸红”等家庭互动调侃，以及“白骨精”“肖强”等虚构角色的戏谑情节，可推断该弹幕是延续直播间观众对主播家庭关系的玩笑式讨论，用谐音或错别字强化戏剧效果。）
xiaobin82686,健康养生,白璐瑶拍的吧!,0,该用户可能在质疑或确认直播中展示的商品是否由特定人物（白璐瑶）参与拍摄或代言。
xiaobin82686,健康养生,是肖拍的,0,该用户想表达的含义是：刚才下单购买的人是肖（而非其他人）。
xiaobin82686,健康养生,白坏蛋干,0,该用户可能是在用谐音或方言调侃主播“白璐瑶”，暗指她拍摄的产品质量差或行为不当。
xiaobin82686,健康养生,白璐瑶拍的,0,该用户是在询问或确认直播中展示的商品是否由白璐瑶参与拍摄或代言。
xiaobin82686,健康养生,是那两个坏蛋,0,该用户是在指责或调侃直播中提到的“白”和“肖”这两个人品行不端或做了不好的事。
xiaobin82686,健康养生,白璐瑶干的,0,该用户想表达的含义是：指责白璐瑶参与了某件负面事件或行为。  （结合前文弹幕中频繁出现“白璐瑶拍的”“白坏蛋干”等带有指责或八卦性质的言论，可推断当前弹幕延续了这一语境，用户可能是在跟风调侃或表达对白璐瑶的不满。）
xiaobin82686,健康养生,白破鞋拍的,0,该用户是在质疑或嘲讽某个被称为“白”的人（可能是主播或相关人物）拍摄了某样东西，暗指其行为不光彩或低劣。
xiaobin82686,健康养生,烂白菜,0,该用户是在用贬义词汇嘲讽直播中提到的某个人物（可能是“白璐瑶”或“肖”），暗示其品行不端或行为败坏。
xiaobin82686,健康养生,肖拍的,0,该用户想表达的含义是：确认或质疑直播中的商品是由“肖”这个人拍摄或展示的。
xiaobin82686,健康养生,白鹿瑶这个烂破鞋烂渣女,0,该用户是在用侮辱性语言攻击白鹿瑶，暗示她品行不端或存在道德瑕疵。
xiaobin82686,健康养生,又是白大破鞋呗,0,该用户是在用贬义词汇讽刺主播或相关人物（如白璐瑶）的行为或品质，表达不满或轻蔑的态度。
xiaobin82686,健康养生,烂白菜干的,0,该用户是在用侮辱性语言贬低直播中提到的某位人物（可能是主播或嘉宾），表达对其的强烈反感和不满情绪。
xiaobin82686,健康养生,白破鞋拍的[菜刀][菜刀][菜刀][菜刀][菜刀][菜刀],0,该用户是在用侮辱性语言指责“白璐瑶”参与了某事，表达强烈的反感和攻击情绪。
xiaobin82686,健康养生,白菜干的,0,该用户是在用贬义表达指责某个被称作“白”的人做了某事。
xiaobin82686,健康养生,白露瑶拍了,0,该用户是在跟风参与直播间对某争议人物（白璐瑶）的讨论，意图通过重复他人说法来附和或强化“该商品是由白璐瑶拍摄”这一带有负面情绪的判断。
xiaobin82686,健康养生,白破鞋,0,该用户是在用侮辱性词汇贬低主播或特定人物（如“白璐瑶”），表达对其的强烈反感而非购买意向。  （解析：结合前文高频出现的“白破鞋”“烂白菜”等恶意称呼及[菜刀]表情，可判定这是群体性人身攻击，语境与商品讨论完全无关。）
xiaobin82686,健康养生,"白璐瑶和肖强真是门当户对,臭味相同",0,该用户是在用反讽的语气贬低白璐瑶和肖强，暗示两人品行低劣且十分般配。
xiaobin82686,健康养生,白路妖拍的,0,该用户是在用贬义称呼指责“白璐瑶”参与了某次拍摄或事件。
xiaobin82686,健康养生,蓝白菜干的,0,该用户是在用侮辱性语言指责主播“白璐瑶”参与了某件负面事件。
xiaobin82686,健康养生,白破鞋干的,0,该用户是在用侮辱性语言指责“白璐瑶”参与了某件负面事件。
xiaobin82686,健康养生,白寡妇,0,该用户是在用侮辱性绰号指代直播中出现的某位人物（可能是主播或嘉宾），延续了前文弹幕对该人物的恶意攻击倾向。
xiaobin82686,健康养生,"白寡妇干的,白寡妇干的",0,"该用户是在用侮辱性绰号指责某个被称为""白寡妇""的人物参与了某事（可能是视频拍摄或其他争议行为）。"
xiaobin82686,健康养生,蓝白彩害人精干的,0,该用户是在用谐音和贬义词汇攻击主播“白璐瑶”，将“蓝白彩”扭曲为“烂白菜”等侮辱性称呼，表达对主播的强烈厌恶情绪。
xiaobin82686,健康养生,白破鞋一路走好[菜刀][菜刀][菜刀][菜刀][菜刀][菜刀][菜刀][菜,0,该用户是在用侮辱性语言宣泄对某位名为“白璐瑶”（或类似发音的名字）人物的强烈不满，结合[菜刀]表情符号的暴力暗示，表达的是带有诅咒性质的恶意攻击，而非对直播商品的购买兴趣。
xiaobin82686,健康养生,她俩过正好,0,"该用户是在用反讽的语气附和前文对""白璐瑶和肖强""的负面评价，暗示这两人品行相配、都不是好人。"
xiaobin82686,健康养生,"劲彬,丽丽的父母.通过你的能力,和你的才华,丽丽的父母一定会认可你",0,该用户可能在用反讽或调侃的语气，借剧中角色关系暗示对直播内容的不满，实际并无真实购买意向。
xiaobin82686,健康养生,那就是白路遥拍拍的,0,该用户是在用侮辱性绰号指代主播或相关人物，表达对其的强烈反感和恶意攻击。
xiaobin82686,健康养生,"白布鞋,你去找肖强你两过吧",0,"该用户是在用讽刺和攻击性的语言表达对主播或相关人物的强烈不满，暗示对方与""肖强""是一路货色、不值得关注。"
xiaobin82686,健康养生,"白破鞋你做点好事吧,这样下去你会有报",0,"该用户是在用辱骂性语言诅咒主播（或所指对象），认为其行为恶劣会遭天谴。  （解析：结合前20条弹幕中反复出现的""白破鞋""""烂渣女""等侮辱性词汇及[菜刀]表情，可判定直播间存在群体性恶意攻击，目标弹幕延续了这种情绪，通过""报应""威胁强化攻击意图，无任何与商品或购买兴趣相关的内容。）"
xiaobin82686,健康养生,"白二手货和肖强一路货色,他两在一起太合适了",0,该用户是在用侮辱性语言贬低主播白鹿瑶和肖强，暗示两人品行低劣且般配，完全没有任何购买意向或产品讨论。
xiaobin82686,健康养生,白露瑶和肖强门当户对你俩个过吧,0,该用户是在用讽刺的语气表达对主播白露瑶和肖强的反感，认为他们品行相配都不值得喜欢。
xiaobin82686,健康养生,高血脂能吃吗??,1,该用户可能是在询问直播中推荐的产品是否适合高血脂人群食用，表现出对产品具体功效或适用性的潜在购买兴趣。
xiaobin82686,健康养生,[爱心][爱心][爱心][爱心][爱心][爱心][爱心][爱心][爱心][,0,该用户可能是在用刷爱心的方式表达对主播或商品的强烈喜爱和支持，试图通过密集的符号传递热情或引起注意，但结合上下文恶意刷屏的语境，更可能是以反讽形式模仿其他用户的攻击行为。
xiaobin82686,健康养生,也是99,0,该用户可能是在询问或确认当前直播商品的促销价格是否为99元。
xiaobin82686,健康养生,[赞][赞][赞][赞][赞][赞][赞][赞][赞][玫瑰][玫瑰][玫,0,该用户可能是在用大量点赞和玫瑰表情表达对直播内容或主播的强烈支持和喜爱，暗示潜在的购买兴趣。
xiaobin82686,健康养生,"太给力,太划算了.[祈祷][祈祷]",0,该用户被直播间的优惠活动所吸引，认为商品价格非常实惠并表达了强烈的购买意愿和兴奋情绪。
xiaobin82686,健康养生,"劲彬是个智慧、善良有大爱之心的孩子,阿姨非常喜欢你,支持你和丽丽在一",0,该用户是在表达对主播劲彬的喜爱和支持，并鼓励他与丽丽发展感情关系。
xiaobin82686,健康养生,"白早跑东北和肖在一起了,两人一起去签合同",0,该用户是在用讽刺口吻附和直播间其他观众的恶意评论，暗示主播与某人的不正当关系。
xiaobin82686,健康养生,白破鞋养了个肖白脸,0,该用户是在用侮辱性语言攻击主播或直播间的某位女性参与者，暗示她与名为“肖”的男子有不正当关系。
xiaobin82686,健康养生,怎么吃啊?一天?,1,该用户可能在询问产品的食用方法或服用频率，例如“这个产品该怎么食用？一天吃几次？”
xiaobin82686,健康养生,他家的好,0,该用户可能是在负面情绪主导的弹幕氛围中，突然转向对商品或品牌的正面评价，暗示对产品质量的认可或购买意向。
xiaobin82686,健康养生,我心阳虚就要这个鹿心丸,1,"该用户想表达的是：“我正好有心脏方面的问题，想购买这款鹿心丸产品。” （分析依据：结合前文弹幕中出现的健康类提问""高血脂能吃吗""和""怎么吃""，以及购物类评价""太划算了""，可判断直播间正在推销保健产品。用户用""心阳虚""这一中医术语说明自身需求，通过""就要这个""明确表达了购买意向，整体语境符合保健品直播间的消费决策场景。）"
xiaobin82686,健康养生,吃鹿心丸有记口吗,1,"该用户想询问服用鹿心丸是否存在饮食禁忌。  （解析：结合前文弹幕中关于产品功效的提问（如""高血脂能吃吗""""怎么吃""）及同类产品讨论（""我心阳虚就要这个鹿心丸""），可判断该弹幕属于消费者对商品使用细节的咨询，语境聚焦于药品服用注意事项。""记口""是方言中""忌口""的谐音误写，整句核心诉求是确认服药期间的饮食限制。）"
xiaobin82686,健康养生,高血脂能吃吗??,1,该用户是在询问产品是否适合高血脂人群食用，表现出对产品健康属性的关注和潜在的购买意向。
xiaobin82686,健康养生,二天一丸也行,0,该用户可能是在询问产品“鹿心丸”的服用频率是否可以调整为两天服用一丸。
xiaobin82686,健康养生,[爱心][爱心][爱心][爱心][爱心][爱心][爱心][爱心][爱心][,0,该用户通过连续发送爱心表情符号，表达对直播内容或商品的强烈喜爱和支持，可能是对当前展示的产品或主播互动感到兴奋和认可。
xiaobin82686,健康养生,白破鞋和肖强鱼找烂虾一路货色,0,"该用户是在用侮辱性语言攻击""白露瑶""和""肖强""两人，认为他们品行低劣且十分般配。"
xiaobin82686,健康养生,丽丽给妈妈拍了两单吃,0,该用户想表达的含义是：丽丽为母亲购买了两份该直播间的食品产品。  （结合前文语境，直播间主要讨论产品食用相关问题和购买行为，目标弹幕中的“拍了两单”是电商常用术语，指下单购买，“吃”对应前文提及的食品类商品，整体表达明确的购买意向和行为。）
xiaobin82686,健康养生,丽丽妈女马有眼光,0,该用户想表达的含义是：称赞丽丽的妈妈挑选商品很有品味。  （结合前文弹幕中关于“丽丽给妈妈拍了两单”以及部分用户对产品的积极讨论，可推断该弹幕是在肯定购买决策，语气偏向夸奖而非负面。）
xiaobin82686,健康养生,高血压能吃吗?,1,该用户是在询问直播中推销的产品是否适合高血压患者食用，表现出对产品适用性的关切和潜在的购买意向。
xiaobin82686,健康养生,长春现在还下呢哇哇的,0,该用户可能在感叹直播中提到的某个产品（如鹿心丸）的发货地长春正在下大雨，隐含着对物流时效或产品保存的担忧。
xiaobin82686,健康养生,丽丽妈妈看人很准,0,该用户想表达的含义是：认可丽丽妈妈的眼光和判断力，暗示对当前推荐产品的信任或赞同。
xiaobin82686,健康养生,"我们这也下雨了,我们这也下雨了,我是丹东的,丹东的也下雨了",0,该用户可能是在附和或回应前文关于天气的讨论（长春下雨），同时通过强调自己的所在地（丹东）来寻求地域认同或社交互动，但并未直接表达对直播商品的购买兴趣。
xiaobin82686,健康养生,"清明难得晴,我们吉林这边也都下雨",0,该用户可能是在附和直播间里关于天气的闲聊话题，表达自己所在地同样遭遇阴雨天气的共情。
xiaobin82686,健康养生,一天吃一颗吗?,1,该用户是在询问产品的具体服用剂量是否建议每日一颗。
xiaobin82686,健康养生,高血压能吃吗?,1,该用户是在询问产品（可能是鹿心丸）是否适合高血压患者食用，以评估自己或他人能否购买使用。
xiaobin82686,健康养生,"丽丽让你爸淋淋雨,清醒,清醒!",0,"该用户是在用调侃的语气暗示丽丽的父亲需要冷静下来重新审视某些事情（可能是对丽丽感情或购物决策的干涉）。  （解析：结合前文弹幕中频繁出现的""丽丽妈妈有眼光""等家庭相关讨论，以及大量关于产品咨询的弹幕背景，此处的""淋雨清醒""并非字面意义，而是借天气话题隐喻对家庭成员行为的评价，属于直播间的互动式玩笑，未直接表达购买意向。）"
xiaobin82686,健康养生,"鹿心丸,鹿角帽儿,还有鹿肉饺子.鹿肉肠,鹿茸酱特别的好吃",1,该用户是在列举并夸赞直播中推荐的鹿产品，表达对这些商品的兴趣和认可。
xiaobin82686,健康养生,五一过后才好看,0,该用户可能是在暗示当前直播内容吸引力不足，认为等到五一假期结束后才会有更值得观看的促销活动或优质商品。
xiaobin82686,健康养生,白破鞋一路走好,0,该用户是在用讽刺语气贬低某个被提及的对象（可能是主播或品牌），暗示其品质低劣或与负面形象相关联。
xiaobin82686,健康养生,我去过双阳神鹿峰,0,该用户可能是在分享自己与直播产品相关的旅游经历，暗示对鹿类产品的熟悉或兴趣。
xiaobin82686,健康养生,那是白璐瑶干的,0,该用户可能是在借他人之名转移话题或暗讽直播间的其他讨论内容，与产品购买兴趣无关。
xiaobin82686,健康养生,鹿心丸和鹿角冒可以一起吃吗?,1,该用户可能在询问鹿心丸和鹿角帽两种保健品同时服用的安全性，表现出对产品组合使用的潜在购买顾虑或具体使用需求。
xiaobin82686,健康养生,看看我加没加入粉丝团,0,该用户可能是在确认自己是否已加入直播间的粉丝团，以便参与后续的粉丝专属活动或福利。
xiaobin82686,健康养生,"交强也能拍,因为这里头有他的钱",0,该用户可能在调侃或讽刺某个与“交强”相关的人物（可能是主播或嘉宾），暗示对方参与直播是为了经济利益。
xiaobin82686,健康养生,"讲作用,刚来",0,该用户刚进入直播间，希望主播详细讲解当前展示产品的功效或用途。
xiaobin82686,健康养生,[爱心][爱心][爱心][爱心][爱心][爱心][爱心][爱心][爱心][,0,该用户可能是在对主播或推荐的产品表达强烈的喜爱和支持，通过连续发送爱心符号传递积极情感。
xiaobin82686,健康养生,怎样处理烂白菜,0,该用户可能是在询问直播中提到的某种产品（如鹿肉制品）若出现质量问题该如何售后处理。
xiaobin82686,健康养生,"白破鞋在东北和肖强度蜜月呢,庆祝成功洗脑丽丽爸爸!",0,该用户是在用讽刺语气调侃直播中提到的某位人物（白破鞋）与另一人（肖强）的关系，并暗指他们通过不正当手段影响了“丽丽爸爸”的决策。
xiaobin82686,健康养生,"肖白,两个狼狈为奸做夫妻,正好",0,"该用户是在用讽刺的语气调侃直播中提到的""肖白""和""丽丽爸爸""之间的关系，暗示他们合伙欺骗或利用了他人。"
xiaobin82686,健康养生,劲彬看看我加入你的粉丝团,0,该用户希望通过加入主播的粉丝团来表达支持并建立更紧密的互动关系。
xiaobin82686,健康养生,[爱心][爱心][爱心][爱心][爱心][爱心][爱心][爱心][爱心][,0,该用户可能是在通过刷爱心符号表达对主播或当前推荐产品的强烈喜爱和支持，暗示潜在的购买兴趣或情感认同。
xiaobin82686,健康养生,"双阳就是长春,双阳归长春管",0,该用户是在纠正或补充关于双阳行政区划的常识性信息，强调双阳属于长春管辖的地理归属关系。
xiaobin82686,健康养生,所以说这就是缘分.以后常来常往当成亲戚,0,该用户想表达的是：通过这次直播与主播建立了情感联系，希望未来能保持长期互动往来。
xiaobin82686,健康养生,"这个姑娘给景斌拍赔礼道歉,你要为敬宾赔礼道歉",0,该用户可能在调侃或讽刺直播中提到的某个人物（如“景斌/敬宾”），要求其就某些行为（如“白璐瑶干的”或“洗脑”等争议事件）进行公开道歉，表达的是对直播内容中隐含冲突的不满而非购买兴趣。
xiaobin82686,健康养生,"去山东城阳搁长春坐大巴车,一天一宿才能到青岛",0,该用户是在分享自己从长春到青岛的交通经历，暗示对直播中提到的地域相关产品或话题有一定兴趣。
xiaobin82686,健康养生,"鹿角帽粉,我拍了三单",0,该用户想表达的含义是：自己已经下单购买了三次鹿角帽粉产品。
xiaobin82686,健康养生,这个得拿香油煎,0,该用户可能是在讨论某种食材（如鹿肉制品）的烹饪方法，暗示对产品使用方式感兴趣或想分享自己的料理经验。
xiaobin82686,健康养生,丽丽眼光高,0,该用户可能在暗示主播丽丽对商品或合作方的要求比较挑剔或严格。
xiaobin82686,健康养生,所以\说丽丽爸爸是让那个流氓肖强和白破鞋给洗恼拉,0,该用户想表达的含义是：丽丽的父亲是被肖强和白璐瑶两人联手用手段蒙骗了。  （结合前文弹幕中频繁出现的“白破鞋”“肖强”“洗脑”等关键词，可以推断用户在用贬义称呼指代这两人，并认为他们通过不正当方式影响了丽丽父亲的判断。）
xiaobin82686,健康养生,所以\说丽丽爸爸是让那个流氓肖强和白破鞋给洗恼拉,0,"该用户是在指责肖强和白璐瑶（被贬称为""白破鞋""）通过不正当手段影响了丽丽父亲的判断或立场。"
xiaobin82686,健康养生,鹿鞭膏才好,1,该用户可能是在对比同类产品后，认为鹿鞭膏的效果或品质更胜一筹，暗示对其有购买意向或推荐倾向。
xiaobin82686,健康养生,鹿肉全身是宝,1,该用户想表达的含义是：鹿产品的营养价值很高，值得购买。  （结合前文弹幕中多次提到鹿角帽粉、鹿鞭膏等鹿制品，且部分用户已下单，可推断该弹幕是在强调鹿产品的价值，暗示其值得关注或购买。）
xiaobin82686,健康养生,"劲林,阿姨永远支持你,你是一个优秀的顶尖的主持人",0,"该用户是在向主播""劲林""表达粉丝支持和喜爱，而非直接表现出购买意向。"
xiaobin82686,健康养生,"这五样我都拍了,哪天发货呀?",0,该用户想表达的含义是：我已经下单购买了这五件商品，想咨询具体的发货时间安排。
xiaobin82686,健康养生,鹿血粉怎么样服,1,该用户是在询问鹿血粉的服用方法或效果，表现出对产品的实际使用兴趣。
xiaobin82686,健康养生,当姑爷也行,0,"该用户可能是在调侃或表达对主播/商品的强烈兴趣，暗示愿意通过""成为女婿""这种亲密关系来获得商品或优惠。"
xiaobin82686,健康养生,劲彬是一个正能量的主播,0,该用户是在表达对主播劲彬的积极认可和支持，认为其形象正面且具有鼓舞人心的特质。
xiaobin82686,健康养生,囊肿能喝,0,该用户可能是在询问主播展示的产品（如鹿角帽粉、鹿鞭膏等保健品）是否适合囊肿患者饮用，以评估购买意向。
xiaobin82686,健康养生,鹿血晶什么时候喝,1,该用户可能在询问鹿血晶产品的适用时间或服用方法，表现出对产品具体使用细节的关注和潜在购买意向。
xiaobin82686,健康养生,是白露家的鹿角帽粉吗,1,该用户是在询问当前直播展示的产品是否属于主播“白露”所售卖的鹿角帽粉品牌，表现出对特定商家产品的关注和购买意向。
xiaobin82686,健康养生,这份缘分好好珍惜.以后常来常往,0,"该用户想表达的是：对主播或直播间氛围产生好感，希望建立长期互动关系。  （结合前文弹幕中频繁出现的""缘分""""亲戚""""支持""等情感向内容，以及鹿产品购买相关的实用互动，可推断用户在此语境下通过含蓄表达对直播间的认可，隐含持续关注或复购的意愿。）"
xiaobin82686,健康养生,囊肿能吃鹿角粉,0,该用户可能在询问鹿角粉对囊肿症状是否有疗效，表现出对产品功效的关注和潜在的购买意向。
xiaobin82686,健康养生,劲彬是电台优秀主持人,0,该用户是在通过夸赞主播劲彬的专业能力来表达对其的认可和支持，暗示愿意继续关注直播并可能产生消费意愿。
xiaobin82686,健康养生,拜拜!拜拜!晚安![赞][赞][赞][赞][赞][赞][赞],0,该用户是在热情告别直播间，并用点赞表情表达对主播或直播内容的支持和喜爱。
xiaobin82686,健康养生,"睡觉前喝,睡觉前喝",0,该用户想表达的含义是：询问主播推荐的这款产品是否适合在睡前饮用。  （结合前文弹幕中频繁提及鹿产品功效、服用方式（如“鹿血粉怎么样服”“鹿血晶什么时候喝”）以及购买意向，可推断用户关注点集中在产品使用场景，且“睡觉前喝”可能是对主播提到的饮用时间的确认或追问。）
xiaobin82686,健康养生,晚上喝,0,该用户想表达的含义是：询问直播中提到的产品是否适合在晚上服用。
xiaobin82686,健康养生,劲彬一身正气,0,该用户是在称赞主播劲彬为人正直、充满正能量。
xiaobin82686,健康养生,感谢冰冰,0,该用户可能在表达对主播或某位工作人员的礼貌性感谢，属于互动礼仪而非明确的购买意向。
xiaobin82686,健康养生,晚上饭后喝,0,该用户想表达的含义是：询问产品是否适合在晚餐后服用。  （结合前文弹幕中频繁出现的鹿制品相关讨论及服用时间问题（如“鹿血晶什么时候喝”“睡觉前喝”），可推断用户关注的是产品的饮用时段，且语境偏向养生类商品。）
xiaobin82686,健康养生,"血清,晚上喝饭后喝吃",0,该用户想询问鹿血产品（如血清、血粉等）是否适合在晚饭后服用。
xiaobin82686,健康养生,鹿心丸怎么吃啊?,1,该用户是在询问鹿心丸的具体服用方法，表现出对产品的使用细节感兴趣并有意尝试购买。
xiaobin82686,健康养生,晚上一喝温水冲,0,该用户想询问鹿血粉或鹿角帽粉等产品是否适合在晚上用温水冲服饮用。
xiaobin82686,健康养生,鹿血晶怎么样喝对水喝吗,1,该用户是在询问鹿血晶的正确服用方法，特别是关于冲泡方式和饮用时间的细节。
xiaobin82686,健康养生,鹿之五宝就1好,1,该用户想表达的含义是：鹿之五宝中只有第一样产品比较好。
xiaobin82686,健康养生,丽丽真好看,0,该用户是在夸赞主播的外貌，表达对主播的喜爱和关注，但并未直接表现出对商品的购买兴趣。
xiaobin82686,健康养生,劲彬丽丽注意安全,0,该用户是在提醒主播劲彬和丽丽（可能是另一位主播或工作人员）在直播或相关活动中要注意安全，表达了对他们的关心和支持。
xiaobin82686,健康养生,已经过了清明节,0,该用户可能是在询问产品的使用时间限制，暗示是否过了清明节后还能购买或使用直播中提到的鹿血晶等产品。
xiaobin82686,健康养生,过了早,0,该用户想表达的含义是：现在已经过了适合购买或使用该产品的时段（如早晨）。
xiaobin82686,健康养生,咋烧纸这么晚呢?,0,该用户可能是对直播中提到的时间安排感到疑惑，认为当前讨论的祭祀相关话题（如烧纸）与已过的清明节时间不符。
xiaobin82686,健康养生,拍了一单加急发货,0,该用户想表达的含义是：已经下单购买并要求尽快配送。
xiaobin82686,健康养生,帅气的经彬哥哥,0,该用户是在夸赞主播劲彬的外表帅气，表达对主播的喜爱和支持。
xiaobin82686,健康养生,今天最好,0,该用户想表达的含义是：今晚的直播内容非常精彩，是近期观看体验最好的一次。
xiaobin82686,健康养生,前三后四天都行,0,该用户想表达的含义是：对直播中提到的某个产品（可能是与时间相关的服务或活动）的使用时间范围表示接受，认为“前三天或后四天都可以”安排。
xiaobin82686,健康养生,"丽丽,带上把丽丽带",0,该用户可能是想表达：“主播丽丽，请把这款产品（可能是‘丽丽带’或相关商品）也推荐/展示给大家。”  （结合前文语境：弹幕中提到“丽丽真好看”“劲彬丽丽注意安全”，可见主播丽丽是关注焦点；同时直播间在讨论鹿血制品等商品，用户可能受氛围感染，希望丽丽主动引导购买某产品。“带上把丽丽带”可能是口语化省略，实际指向商品或促销行为。）
xiaobin82686,健康养生,鹿之五宝就是宝,0,该用户想表达的含义是：鹿之五宝这款产品确实品质优良，值得推荐。  （结合前文弹幕中关于鹿血晶、鹿心丸等鹿制品产品的讨论，以及“拍了一单加急发货”等购买意向表达，可推断该弹幕是在认可产品效果，可能带有推荐或赞同的语气。）
xiaobin82686,健康养生,今天就是清明节,0,该用户可能在委婉提醒主播当前是清明节，暗示直播内容或促销活动不太符合节日氛围。
xiaobin82686,健康养生,注意身体劲彬,0,该用户是在关心主播劲彬的健康状况，提醒他保重身体。
xiaobin82686,健康养生,让丽丽去带上丽,0,该用户想表达的含义是：希望主播丽丽亲自试用或展示产品。  （结合前文语境，直播间在讨论产品使用方式，且多次提及“丽丽”这一主播名字，用户可能是想通过互动让丽丽示范产品效果，增强购买说服力。）
xiaobin82686,健康养生,还是提前好,0,该用户可能是在赞同或提醒某个时间安排或行动建议，认为提前准备或行动更为妥当。
xiaobin82686,健康养生,"对,丽丽她爸没看看这个视频吗?丽丽妈妈有眼光",0,该用户可能在调侃或称赞丽丽妈妈的品味，暗示她比丽丽爸爸更有眼光选择了当前直播推荐的产品或内容。
xiaobin82686,健康养生,带上丽丽,0,该用户希望主播让名为“丽丽”的人参与直播互动或出镜。
xiaobin82686,健康养生,"让全国人了解鹿乡了,我的家乡",0,该用户想表达的含义是：通过直播宣传让更多人知道并关注自己的家乡鹿乡。
xiaobin82686,健康养生,把丽丽带去让你爸爸看看,0,该用户可能是想让主播丽丽在直播中展示某件商品（可能是“鹿之五宝”或其他产品）给她父亲看，以此表达对商品的认可或寻求长辈意见。
xiaobin82686,健康养生,让丽丽根你一起去,0,该用户希望主播丽丽能参与某项活动或前往某个地方。
xiaobin82686,健康养生,带丽回家,0,该用户想表达的含义是：希望主播将名为“丽丽”的人或物品带回家展示或介绍。 （结合前文高频出现的“丽丽”“带上”“带去”等关键词，可推断“丽丽”是直播间讨论焦点，可能指代主播团队人员、展示商品或吉祥物，用户通过简洁弹幕表达对其的强烈兴趣或互动诉求。）
xiaobin82686,健康养生,"劲彬,给甜留一单鹿血帽,明天付款",0,该用户希望主播劲彬为昵称为“甜”的观众预留一顶鹿血帽商品，并承诺次日完成支付。
xiaobin82686,健康养生,让丽丽注意安全,0,该用户是在提醒主播团队关照一位名叫“丽丽”的同伴，可能是出于对其参与直播活动时人身安全的关切。
xiaobin82686,健康养生,鹿心丸上火吗?,1,该用户可能是对直播中提到的“鹿心丸”产品产生了兴趣，想了解其食用后是否会导致上火这一健康相关问题。
xiaobin82686,健康养生,我拍了几单,0,该用户想表达的含义是：我已经下单购买了多件商品。
xiaobin82686,健康养生,管啥的,1,该用户可能是在询问某个产品（如“鹿之五宝”中的某一项）的具体功效或用途。
xiaobin82686,健康养生,鹿油怎么吃最好,1,该用户对鹿油产品的食用方法产生了兴趣，可能是考虑购买后想了解最佳食用方式。
xiaobin82686,健康养生,自己在这一方便,0,该用户可能想表达的是“我自己在这方面有需求”或“我对这个产品有兴趣”。
xiaobin82686,健康养生,我心阳虚就要吃鹿心丸,1,该用户可能因自身健康问题（心阳虚）而对直播中提到的鹿心丸产品产生兴趣，希望通过服用该产品来调理身体。
xiaobin82686,健康养生,治什么呢,1,该用户可能在询问直播中提到的某种鹿产品（如鹿心丸或鹿油）的具体功效或适用症状。
xiaobin82686,健康养生,劲彬告诉丽丽一定注意白破鞋搞坏,0,该用户是在提醒主播劲彬转告丽丽要小心某个叫“白破鞋”的人或事物搞破坏。
xiaobin82686,健康养生,旁边女的是谁,0,该用户可能是在询问直播画面中出现的另一位女性的身份，出于好奇或对直播内容的关注。
xiaobin82686,健康养生,鹿血粉怎么样服,1,该用户想询问鹿血粉的服用方法和功效。
xiaobin82686,健康养生,确定关系了!,0,该用户想表达的含义是：已经决定购买或认可直播间的产品了。
xiaobin82686,健康养生,劲彬保护好丽丽,0,该用户希望主播劲彬照顾好另一位参与者丽丽的安全或情绪。
xiaobin82686,健康养生,劲彬一定要保护丽丽安全,0,该用户是在呼吁主播劲彬照顾好另一位参与者丽丽的安全，表达了对直播中人物互动的关切而非直接的购买意向。
xiaobin82686,健康养生,劲彬你有超群的工作能力,0,该用户可能在夸赞主播劲彬的带货能力出色，暗示对其推荐的产品有兴趣或认可。
xiaobin82686,健康养生,"鹿心丸和鹿角粉,他俩怎么吃?",1,该用户想询问鹿心丸和鹿角粉的具体服用方法，表现出对产品功效和使用的兴趣。
xiaobin82686,健康养生,鹿角帽一瓶吃几天?,1,该用户是在询问鹿角帽产品的服用周期，表现出对产品具体使用方式的购买前考量。
xiaobin82686,健康养生,"主播,丽丽你们注意安全!尽快把坏人绳之以法!",0,该用户是在关心主播团队的人身安全，希望他们能防范潜在威胁并让不法者受到法律制裁。
xiaobin82686,健康养生,保护丽丽,0,该用户是在呼吁主播保护名为“丽丽”的人，表达对其安全的关切和支持。
xiaobin82686,健康养生,他俩去看房了,0,该用户可能是在调侃或暗示主播和搭档（丽丽）因近期受到威胁而暂时离开直播现场，用“看房”作为隐晦表达。
xiaobin82686,健康养生,劲彬注意保护好自己还有丽丽还有照顾,0,该用户是在表达对主播劲彬及其同伴丽丽的关心，希望他们注意人身安全并相互照应。
xiaobin82686,健康养生,结节吃什么,1,该用户可能在询问针对某种结节症状适合服用的保健品或食疗方案。
xiaobin82686,健康养生,金兵?把丽丽.保护好,0,该用户是在呼吁主播“劲彬”要确保“丽丽”的人身安全，表达对直播中人物处境的关切而非购物意向。  （解析：结合前文高频出现的“保护丽丽”“注意安全”等弹幕，可判断直播间正在讨论主播“劲彬”和“丽丽”遭遇外界威胁的事件，用户将“劲彬”误写为“金兵”，核心诉求是强调对“丽丽”的保护，与商品销售无关。）
xiaobin82686,健康养生,下播吧,0,"该用户可能是对当前直播内容偏离主题或氛围感到不满，认为主播应结束无效直播。  （结合前文语境，弹幕内容高度集中在""保护丽丽""""鹿产品食用方法""等分散话题，且存在明显群体性刷屏现象，目标用户或认为直播已陷入混乱或无实质内容输出，故用反讽语气表达终止意愿。）"
