live_id,species,content,label,background
HJ20180908,健康养生,120斤1米50,1,该用户可能是在询问适合自己身高体重（120斤、1米5）的服装尺码或产品推荐。
HJ20180908,健康养生,哺乳期可以喝吗哺乳期可以喝吗,1,该用户可能在担心产品成分对哺乳期女性的安全性，急切地寻求确认是否适合自己使用。
HJ20180908,健康养生,一单能减几斤,1,该用户可能是在询问购买该产品后的减肥效果，即“下单使用后大概能瘦多少”。
HJ20180908,健康养生,240斤拍几单,1,该用户想询问自己体重较大（240斤）的情况下需要购买多少份产品才能达到预期效果。
HJ20180908,健康养生,147拍先拍一单试试,1,该用户想表达的含义是：看到前面讨论体重和购买数量，自己决定先下单购买147元的商品试用看看效果。
HJ20180908,健康养生,减肥套餐红姐家减得很快,0,该用户想表达的含义是：红姐家的减肥套餐效果显著，让人瘦身速度很快。
HJ20180908,健康养生,我125拍了一单,0,该用户想表达的含义是：自己已经下单购买了125规格的产品。
HJ20180908,健康养生,这个几盒咖啡,1,该用户想询问购买多少盒咖啡合适。
HJ20180908,健康养生,155斤,1,该用户想表达的含义是：询问自己155斤的体重应该购买多少产品才能达到预期效果。
HJ20180908,健康养生,137斤,1,该用户是在询问自己137斤的体重应该购买多少份产品才能达到预期效果。
HJ20180908,健康养生,"我老公减了14斤,肚子明显小了好多",0,该用户想表达的含义是：这款产品确实有效，家人使用后体重明显下降。
HJ20180908,健康养生,主播多高,0,该用户可能是在询问主播的身高以评估减肥产品的效果或适用性。
HJ20180908,健康养生,那肚子怎么一一道闻一道闻的呢?,0,该用户可能是想询问产品使用后腹部脂肪是否会呈现分阶段逐渐减少的效果。
HJ20180908,健康养生,关美颜,0,该用户可能是对主播展示的产品效果真实性存疑，想确认未经过美颜处理的真实状态。
HJ20180908,健康养生,"我100斤,拍了.行吗?",1,该用户想表达的含义是：我体重100斤，已经下单购买了这款产品，不知道是否适合我的情况。
HJ20180908,健康养生,我减了7斤了,0,该用户想表达的含义是：使用产品后已经取得了明显的减肥效果。
HJ20180908,健康养生,孩子能喝吗,1,该用户是在询问该产品是否适合儿童饮用，可能出于对产品适用人群或安全性的考量。
HJ20180908,健康养生,你肚子咋那么松呢,0,该用户可能是在询问主播的减肥效果是否真实，怀疑其腹部松弛的状态与宣传的瘦身效果不符。
HJ20180908,健康养生,忌口吗,1,该用户可能在询问产品是否有饮食禁忌或服用限制。
HJ20180908,健康养生,多久可以看到效果,1,该用户想表达的含义是：询问使用产品后需要多长时间才能显现出减肥效果。
HJ20180908,健康养生,要不要多喝水?,1,该用户可能在询问产品是否需要配合大量饮水才能达到预期效果。
HJ20180908,健康养生,"红姐我喝你家减肥咖啡都减了15斤了,今天再来拍一单",1,该用户想表达的含义是：对产品效果满意并打算复购以继续使用。
HJ20180908,健康养生,吧吧的,0,该用户可能是想询问这款减肥产品的效果是否明显或见效快。
HJ20180908,健康养生,一米七190斤,1,该用户是在询问自己的身高体重（170cm/95kg）是否适合购买直播间的减肥产品。
HJ20180908,健康养生,115斤买几单,1,该用户是在询问自己115斤的体重应该购买多少份量的减肥产品。
HJ20180908,健康养生,"1米66,130斤拍几单?",1,该用户是在询问以自己身高166厘米、体重130斤的情况需要购买多少份减肥产品才能达到理想效果。
HJ20180908,健康养生,8盒吃几天啊啊啊啊啊,1,该用户想询问购买8盒产品大概能服用多长时间。
HJ20180908,健康养生,"我喝咖啡套餐减了22斤,现在男朋友也跟我一起喝",0,该用户想表达的含义是：这款减肥咖啡效果显著，自己成功减重后带动伴侣也开始尝试。
HJ20180908,健康养生,这肚子太丑了,0,该用户可能是在吐槽主播或产品展示效果中腹部赘肉明显，表达对身材现状的不满或对减肥效果的质疑。
HJ20180908,健康养生,有心脏病可以喝,1,该用户是在询问主播所推销的减肥产品是否适合心脏病患者饮用。
HJ20180908,健康养生,162厘米128斤,0,该用户想表达的含义是：询问以自己162厘米身高128斤的体型状况，应该购买多少产品才能达到理想效果。
HJ20180908,健康养生,你家咖啡真的很好用,1,该用户想表达的含义是：这款减肥咖啡效果显著，我使用后感觉非常满意。
HJ20180908,健康养生,"140斤,身高156",1,该用户想表达的含义是：报出自己的体重和身高，询问适合购买多少产品。
HJ20180908,健康养生,115斤,1,该用户想表达的含义是：询问自己115斤的体重需要购买多少产品才能达到预期效果。
HJ20180908,健康养生,120斤,1,该用户想表达的含义是：报出自己的体重以咨询适合购买的产品数量或使用方案。
HJ20180908,健康养生,一单能吃多长时间啊,1,该用户是在询问购买的产品（可能是减肥咖啡）的使用周期，以评估购买数量和性价比。
HJ20180908,健康养生,一单喝多久,1,该用户想询问购买一单产品能够使用多长时间。
HJ20180908,健康养生,你那个肚子抽巴巴的太不好看了,0,该用户是在吐槽主播展示的减肥效果不理想，暗示产品效果不佳或使用方式有问题。
HJ20180908,健康养生,咖啡苦吗,1,该用户可能是在询问咖啡的口感是否偏苦，以此判断自己是否适合购买或饮用该产品。
HJ20180908,健康养生,190斤拍几单,1,该用户想表达的含义是：自己身高一米七、体重190斤，询问主播需要购买多少份产品才能达到预期效果。
HJ20180908,健康养生,163.132,1,该用户可能在询问自己的身高体重对应需要购买多少单产品。
HJ20180908,健康养生,一米六130斤,1,该用户想表达的含义是：报出自己的身高体重数据，询问适合购买多少份产品。
HJ20180908,健康养生,"我61岁,喝完你的两单咖啡掉了19斤很满意",0,该用户想表达的含义是：作为61岁的消费者，通过购买并饮用该咖啡产品成功减重19斤，对效果感到非常满意。
HJ20180908,健康养生,吃鸡素能喝吗,1,该用户是在询问这款减肥咖啡是否适合在空腹状态下饮用。
HJ20180908,健康养生,已拍加急,0,该用户想表达的含义是：我已经下单并选择了加急配送服务。
HJ20180908,健康养生,168130斤,1,该用户想表达的含义是：身高168厘米体重130斤，应该购买多少份产品。
HJ20180908,健康养生,"喝了一单,减快9斤,很满意",0,该用户想表达的含义是：购买了这款产品后效果显著，体重减轻了近9斤，对效果感到满意。
HJ20180908,健康养生,我125拍了一单试试,1,该用户想表达的含义是：出于尝试心态购买了产品，想看看效果如何。
HJ20180908,健康养生,你家的不拉肚子我还减了22斤,0,该用户想表达的含义是：使用你们的产品后不仅没有不适反应，还成功减重了22斤。
HJ20180908,健康养生,114斤,1,该用户是在询问自己114斤的体重适合购买多少产品或使用哪种套餐。
HJ20180908,健康养生,163-140得几单,1,该用户想表达的含义是：询问身高163厘米、体重140斤的情况应该购买多少单产品才能达到理想效果。
HJ20180908,健康养生,喝了心慌吗,1,该用户是在询问这款咖啡产品是否会导致心悸等不适反应。
HJ20180908,健康养生,拉肚子吗,1,该用户是在询问产品是否会导致腹泻等不良反应。
HJ20180908,健康养生,"我正常吃饭,一单减了12斤",0,该用户想表达的含义是：按照日常饮食规律服用产品后，仅购买一次就成功减重了12斤。
HJ20180908,健康养生,1米66.135斤一单够吗?,1,该用户是在询问自己的身高体重对应的情况下一份产品是否足够达到预期效果。
HJ20180908,健康养生,"我喝你家的咖啡减了43斤,现在我身边的朋友都在喝",0,该用户想表达的含义是：这款咖啡减肥效果显著，不仅自己成功减重，还带动了周围朋友一起购买使用。
HJ20180908,健康养生,吃上用运动不,1,该用户想询问的是：“食用这款产品后是否会影响运动时的身体状态或效果”。  （结合前文弹幕多为关于减肥咖啡的提问，语境围绕产品功效、适用体重和副作用，推测“吃上用运动不”是口语化省略句，核心关注点在于产品使用与运动的兼容性。）
HJ20180908,健康养生,"120斤,160一单可以吗",1,该用户是在询问自己体重120斤的情况下，购买一单（产品）是否能够达到预期效果。
HJ20180908,健康养生,118斤拍几单,1,该用户想询问自己体重118斤的情况下需要购买多少份产品才能达到理想的减重效果。
HJ20180908,健康养生,多少天的量,1,"该用户是在询问产品使用周期对应的剂量或购买数量，例如""这一份产品能使用多少天""或""需要买多少份才够一个疗程""。"
HJ20180908,健康养生,我拍了2单给我加急发货,0,该用户想表达自己已经下单购买了两份产品，并希望商家能优先处理自己的订单尽快发货。
HJ20180908,健康养生,"老公减了25斤,比我减得多很多",0,该用户想表达的含义是：伴侣使用该产品后减肥效果显著，自己也想尝试购买。
HJ20180908,健康养生,一单吃多久,1,该用户是在询问购买一单产品能够维持使用多长时间。
HJ20180908,健康养生,15094斤,1,该用户想表达的是：“我目前的体重是15094斤，请问需要购买多少单产品才能有效减重？”
HJ20180908,健康养生,不用忌口吧,1,该用户可能是在询问产品使用期间是否需要严格控制饮食。
HJ20180908,健康养生,你那个吊坠上车,0,该用户想表达的含义是：询问主播何时会上架或开始售卖刚才提到的吊坠商品。
HJ20180908,健康养生,60岁能喝吗,1,该用户是在询问产品是否适合60岁人群使用。
HJ20180908,健康养生,有运费险吗?,1,该用户是在询问商品是否提供退货运费保障，以降低购买风险。
HJ20180908,健康养生,"这个套餐瘦的确实快,我都减了27斤了,在拍两单",1,该用户想表达的含义是：这个减肥套餐效果显著，自己已经成功减重27斤，打算再购买两单继续使用。
HJ20180908,健康养生,"已拍,家里",0,该用户想表达的含义是：我已经下单购买了这款产品，准备在家里使用。
HJ20180908,健康养生,怎么吃,1,该用户想询问产品的具体食用方法或服用方式。
HJ20180908,健康养生,137斤买了一单,0,该用户想表达的含义是：自己体重137斤，已经下单购买了该减肥产品。
HJ20180908,健康养生,买了两单,0,该用户想表达的含义是：我已经下单购买了两份产品。
HJ20180908,健康养生,"效果真的很好,我已经减了11斤了",0,该用户想表达的含义是：这款产品确实有效，自己已经通过使用成功减重了11斤。
HJ20180908,健康养生,"喝了2单,减了33斤",0,该用户想表达的含义是：通过购买并饮用该产品，自己成功减重了33斤。
HJ20180908,健康养生,"我100斤,拍了,行吗",1,该用户想表达的含义是：我体重100斤，已经下单购买了这款产品，不知道是否合适。
HJ20180908,健康养生,164一百二五几单,1,该用户想表达的含义是：身高164厘米体重125斤的人应该购买几单产品。
HJ20180908,健康养生,162cm136斤,1,该用户想表达的含义是：询问自己身高162厘米、体重136斤的情况下应该购买多少单产品。
HJ20180908,健康养生,这肚皮吓人,0,该用户可能是在惊叹产品带来的显著减肥效果，认为瘦下来的肚皮变化令人惊讶。
HJ20180908,健康养生,感谢红姐,0,该用户可能是对主播的推荐或帮助表示感谢，暗示自己已经下单或认可产品效果。
HJ20180908,健康养生,"怎么冲,温水冲吗",1,该用户是在询问产品的具体冲泡方式，想知道是否需要用温水来冲服。
HJ20180908,健康养生,"163,165斤",1,该用户想表达的含义是：询问自己身高163厘米、体重165斤的情况下是否适合购买该减肥产品。
HJ20180908,健康养生,"我一单瘦了24斤,原来200多斤",0,该用户想表达的含义是：这款产品效果显著，自己通过购买使用成功减重了24斤。
HJ20180908,健康养生,160高120斤,0,该用户想表达的含义是：我身高160厘米体重120斤，适合购买这款减肥产品吗？
HJ20180908,健康养生,"拍了一单,能减几斤",1,该用户想表达的含义是：已经下单购买了产品，询问使用后大概能减掉多少体重。
HJ20180908,健康养生,一天喝几袋咖啡,1,该用户可能在询问咖啡产品的每日建议用量，以评估购买后的实际消耗频率和性价比。
HJ20180908,健康养生,你这样瘦还在喝咖啡吗?,0,该用户可能在质疑主播推荐的减肥咖啡产品的适用性，暗示主播本身已经很瘦却仍在推销这款产品，从而对产品的真实效果或必要性产生怀疑。
HJ20180908,健康养生,154高.95斤肚子大,1,该用户想表达的含义是：我身高154厘米体重95斤但肚子比较明显，想知道这个产品是否适合我的体型。
HJ20180908,健康养生,"马上喝完一单了,真没想到减了10斤,又拍了2单",0,该用户想表达的含义是：自己通过使用该产品成功减重10斤后感到满意，因此决定再次购买两单以继续使用。
HJ20180908,健康养生,拍怎么喝发,1,该用户想询问产品的饮用方法和发货相关事宜。
HJ20180908,健康养生,"红姐我姐姐喝你家咖啡减了39斤,我今天也过来拍了",1,该用户想表达的含义是：看到亲友使用该产品效果显著，自己也出于信任和期待下单购买了同款咖啡。
HJ20180908,健康养生,姐这买的减肥效果真的很好,1,该用户想表达的含义是：对主播推荐的减肥产品效果表示认可，并分享自己的积极使用体验以增强他人购买信心。
HJ20180908,健康养生,我也瘦了,0,该用户想表达的含义是：看到其他观众分享的减肥效果后，自己也因使用产品成功减重。
HJ20180908,健康养生,咖啡苦不苦?,1,该用户可能是在询问咖啡的口感是否会影响减肥效果，或是担心咖啡的苦味是否适合自己饮用。
HJ20180908,健康养生,我就是正常吃饭一单减了17斤,0,该用户想表达的含义是：通过正常饮食配合产品使用，自己成功减重了17斤。
HJ20180908,健康养生,"红姐我喝你家减肥咖啡都减了15斤了,今天再来拍一单",1,该用户想表达的含义是：通过使用该产品取得了显著减肥效果，因此决定再次购买以继续维持或增强效果。
HJ20180908,健康养生,瘦的吓人,0,该用户想表达的含义是：对直播中展示的显著减肥效果感到惊讶和赞叹。
HJ20180908,健康养生,用多少度的水,1,该用户是在询问减肥咖啡的冲泡水温，想了解具体的使用方法以便正确饮用。
HJ20180908,健康养生,拍了两单,0,该用户想表达的含义是：我已经下单购买了两份这款减肥咖啡。
HJ20180908,健康养生,"不到一单,我减了8斤",0,该用户想表达的含义是：购买并使用该产品后，体重减轻了8斤，但还没用完一单的量。
HJ20180908,健康养生,看下芦荟,1,该用户想表达的含义是：想了解或查看直播中提到的芦荟相关产品。
HJ20180908,健康养生,可以喝酒吗,1,该用户可能是在询问减肥咖啡是否可以与酒精同时饮用，担心影响减肥效果或健康。
HJ20180908,健康养生,怎么喝,1,该用户是在询问这款减肥咖啡的具体饮用方法和用量。
HJ20180908,健康养生,"一百四十斤,一米五六几单,肝纤维化能喝吗",1,该用户是在询问自己身高140斤、身高约156厘米且患有肝纤维化的情况下，是否可以饮用直播间推销的减肥咖啡。
HJ20180908,健康养生,拉肚那,0,该用户可能是在询问减肥咖啡是否会导致腹泻的副作用。
HJ20180908,健康养生,冷热水都可以,0,该用户想询问这款减肥咖啡是否可以用任意温度的水冲泡。
HJ20180908,健康养生,"马上第二单喝完,减了31斤",0,该用户想表达的含义是：已经喝完第一单产品并成功减重31斤，现在准备再次下单购买。
HJ20180908,健康养生,一盒能吃多长时间呢?,1,该用户是在询问产品的使用时长，以评估购买后的实际需求和性价比。
HJ20180908,健康养生,可以喝酒的,0,该用户可能是在询问这款减肥咖啡是否允许在饮酒期间饮用，担心酒精会影响减肥效果或产生不良反应。
HJ20180908,健康养生,拉肚吗,1,该用户是在询问该减肥咖啡是否会导致腹泻的副作用。
HJ20180908,健康养生,我减了7斤了,0,该用户想表达的含义是：使用该产品后自己已经成功减重7斤，暗示产品有效并可能考虑继续购买。
HJ20180908,健康养生,怎么吃法,1,该用户是在询问产品的具体食用方法或使用方式。
HJ20180908,健康养生,吃的不对,0,该用户可能是在询问减肥产品的食用方法是否正确或表达对当前饮食方式效果的疑惑。
HJ20180908,健康养生,我下单两份酸辣粉,0,该用户明确表达了购买意愿，决定购买两份酸辣粉产品。
HJ20180908,健康养生,会拉肚子吗?,1,该用户是在询问该减肥产品是否可能引起腹泻的副作用。
HJ20180908,健康养生,红姐今天回来了!,0,该用户想表达的含义是：很高兴看到主播红姐回归直播间，并可能有意继续关注或购买其推荐的产品。
HJ20180908,健康养生,拉肚子不,1,该用户是在询问产品是否会导致腹泻的副作用。
HJ20180908,健康养生,"头脸手脚一阵子一阵子热,难受,一阵子的热,能喝好了吗?",1,该用户可能是在询问产品是否能缓解自己身体一阵阵发热的不适症状。
HJ20180908,健康养生,来好事可以吃吗,1,该用户是在询问女性经期期间是否适合食用直播推广的产品。
HJ20180908,健康养生,"相信你,拍了两单加急发货",0,该用户因信任主播或产品效果而果断下单，并希望尽快收到商品。
HJ20180908,健康养生,还是咋的,0,该用户可能是在询问产品是否会导致腹泻或其他不良反应，语气中带着疑虑或确认的意图。
HJ20180908,健康养生,一单快喝完了减了8斤,0,该用户想表达的含义是：自己已经快喝完一单产品并成功减重8斤，暗示产品有效并可能考虑复购。
HJ20180908,健康养生,不苦味道很好温和排便,0,该用户想表达的含义是：这款产品口感不错且效果温和，能帮助顺畅排便但不会引起腹泻。
HJ20180908,健康养生,什么时候发货,0,"该用户想表达的含义是：询问商品下单后的具体配送时间以确认收货安排。  （结合前文语境，直播中频繁提及产品效果和下单行为，且已有用户提及""加急发货""，说明当前观众对物流时效较为关注，提问动机可能源于急于体验产品或规划使用时间。）"
HJ20180908,健康养生,咖啡搭配芦荟绝配[赞],0,该用户是在称赞直播中推荐的咖啡与芦荟搭配效果很好，表达了对产品的认可和购买兴趣。
HJ20180908,健康养生,今天刚收到,0,该用户想表达的含义是：自己已经收到了之前下单购买的产品。
HJ20180908,健康养生,"减肥咖啡确实好,我是老顾客,大家放心买",1,该用户想表达的含义是：以自身长期使用效果为证，向其他观众推荐这款减肥咖啡值得信赖。
HJ20180908,健康养生,一单吃多久,1,该用户想询问购买一单产品能够满足多长时间的食用需求。
HJ20180908,健康养生,喝多少水,1,该用户可能在询问产品的具体用量或适用场景，想知道需要饮用多少水量才能达到预期效果。
HJ20180908,健康养生,"喝咖啡减了14斤,很满意",0,该用户想表达的含义是：通过饮用这款咖啡成功减重，对产品效果感到非常认可。
HJ20180908,健康养生,你为啥白天也喝?不是早上喝咖啡吗,1,该用户可能是在疑惑主播为何在白天推荐咖啡产品，因为通常人们习惯在早上饮用咖啡提神，因此对直播间的推荐时段感到不解。
HJ20180908,健康养生,下单了加急,0,该用户想表达自己已经完成购买并希望尽快收到商品。
HJ20180908,健康养生,一单吃几天,1,该用户想询问购买的产品（可能是减肥咖啡或代餐类商品）一份能维持多少天的食用量。
HJ20180908,健康养生,"我买了喝不到一起,咖啡一天喝一次一单喝完剩一盒咖啡?????",0,该用户想表达的含义是：自己购买后无法坚持每天饮用，一单咖啡喝完还剩余一盒，对产品的消耗速度感到困惑。
HJ20180908,健康养生,"老公减了25斤,比我减得多很多",0,该用户想表达的含义是：这款产品确实有效，身边人使用后效果比我更显著。
HJ20180908,健康养生,"我是刚生完孩子小肚子大,喝完两单肚子小了好多",0,该用户想表达的意思是：这款产品对产后身材恢复效果显著，自己使用后腹部明显变小，因此复购了两单。  （释义重点：结合前文弹幕中频繁提及的减肥、排便、减重数据等关键词，可判断直播间在推销一款具有瘦身功效的饮品；用户通过自身产后肚子的变化效果，间接肯定产品功效并暗示持续购买的合理性。）
HJ20180908,健康养生,"拍了两单,等宝宝不吃母乳了再吃",0,该用户表示自己已经购买了两份产品，计划等孩子断奶后再开始使用。
HJ20180908,健康养生,减肥套餐红姐家减得很快,1,该用户想表达的含义是：红姐家的减肥套餐效果显著，减重速度很快。
HJ20180908,健康养生,"一直喝你家咖啡,今天太划算了,抢了4单",1,该用户是长期复购的老客户，因本次促销活动力度大而囤货，表达了对产品性价比的认可和积极抢购的行为。
HJ20180908,健康养生,"我两单瘦了20斤,推荐给姐妹了",1,该用户想表达的含义是：这款产品减肥效果显著，自己使用后成功减重并主动推荐给他人。
HJ20180908,健康养生,"喝一个月减了13斤,继续喝",0,该用户想表达的含义是：这款产品确实有效，自己使用后取得了明显的减肥效果，并打算继续坚持使用。
HJ20180908,健康养生,需要节食吗,1,该用户可能在询问这款减肥咖啡是否需要配合控制饮食才能达到预期的减重效果。
HJ20180908,健康养生,我刚出月子喝了一单减了14斤,0,该用户想表达的含义是：自己刚生完孩子不久，在服用该产品后成功减重了14斤，对效果感到满意并分享亲身经历以推荐产品。
HJ20180908,健康养生,正常吃饭吗,1,该用户是在询问使用该减肥咖啡期间是否需要控制日常饮食。
HJ20180908,健康养生,冷水热水就可以,0,该用户可能在询问使用该减肥咖啡时是否需要搭配特定水温的水来饮用。
HJ20180908,健康养生,"我拍了一单145斤,饭前喝,还是饭后喝",1,该用户是在确认购买后询问产品的具体服用方式，即询问减肥咖啡是在饭前还是饭后饮用效果更好。
HJ20180908,健康养生,怎么用法,1,该用户想询问这款减肥咖啡的具体饮用方法和注意事项。
HJ20180908,健康养生,"马上喝完第二单,减了23斤",0,该用户想表达的含义是：已经喝完一单产品并成功减重23斤，准备继续购买第二单。
HJ20180908,健康养生,我买那个99的有这个吗,1,该用户想询问99元的产品是否包含直播间正在介绍的减肥咖啡或相关功效。
HJ20180908,健康养生,"165斤,拍了两单哈",0,该用户想表达的含义是：自己体重165斤，已经下单购买了两份产品，暗示对减肥效果感兴趣并采取了实际行动。
HJ20180908,健康养生,红姐喝的啥,1,该用户是在询问主播正在饮用的产品具体是什么，可能是出于对产品功效或使用方式的好奇，想要进一步了解详情。
HJ20180908,健康养生,拍了咋喝,1,该用户可能是在询问购买后产品的具体饮用方式或使用时机。
HJ20180908,健康养生,170斤拍几单,1,该用户想表达的含义是：自己体重170斤，询问需要购买多少份产品才能达到预期的减肥效果。
HJ20180908,健康养生,"我姐姐让我过来拍的,她都减了35斤了",0,该用户想表达的含义是：因为姐姐使用该产品效果显著（减重35斤），所以自己也决定下单购买。
HJ20180908,健康养生,芦荟管什么的,1,该用户想询问芦荟产品的具体功效或用途。
HJ20180908,健康养生,"回购两单,老顾客了加急发货",0,该用户是在表示自己多次购买产品且认可效果，希望优先处理自己的订单以尽快收货。
HJ20180908,健康养生,"咖啡瘦了17斤了,确实挺好",0,该用户想表达的含义是：自己通过喝这款咖啡成功减重17斤，认可产品的效果。
HJ20180908,健康养生,不需要节食都可以瘦,0,该用户想表达的含义是：这款产品效果显著，无需控制饮食也能达到减肥效果。
HJ20180908,健康养生,一单吃多久????,1,该用户是在询问购买一单产品能够使用多长时间。
HJ20180908,健康养生,三餐正常吃我买了效果巨好,1,该用户想表达的含义是：这款产品效果显著，自己在正常饮食的情况下使用后取得了很好的减肥效果。
HJ20180908,健康养生,"红姐我买的梨坏了一个,找商家,商家给我全额退款了,真心的服务好",0,该用户想表达的含义是：通过分享自己获得商家良好售后服务的经历，间接认可直播间的产品质量和商家信誉，从而增强其他观众对商品的信任和购买意愿。
HJ20180908,健康养生,买你家的,0,该用户想表达的是：我要下单购买你们的产品。
HJ20180908,健康养生,是这个东西拉不拉肚子?,1,该用户是在询问该产品是否会引起腹泻等肠胃不适的副作用。
HJ20180908,健康养生,"减的确实很快,一单我减了22斤",0,该用户想表达的是：使用产品后减肥效果显著，自己购买一次就成功减掉了22斤。
HJ20180908,健康养生,一天吃几包?,1,该用户想询问产品的每日建议食用量以评估使用效果和购买数量。
HJ20180908,健康养生,拍了加急,0,该用户想表达自己已经下单并选择了加急发货服务。
HJ20180908,健康养生,我也是马上喝完两单减了14斤多,0,该用户想表达自己通过购买并饮用该产品成功减重14斤，暗示产品效果显著并可能鼓励他人购买。
HJ20180908,健康养生,很管用,0,该用户想表达的含义是：这个产品效果确实不错。
HJ20180908,健康养生,"我61岁,喝完你的两单咖啡掉了19斤很满意",0,该用户想表达的含义是：自己作为61岁的消费者，在购买并饮用该产品后达到了显著的减肥效果（减重19斤），因此对产品效果感到满意并有意继续支持。
HJ20180908,健康养生,母乳期可以喝吗,1,该用户是在询问该产品是否适合哺乳期女性使用。
HJ20180908,健康养生,支持直播,0,该用户想表达的含义是：认可直播内容并表示愿意参与购买。
HJ20180908,健康养生,小汉呢不能喝,0,该用户可能是在询问产品是否适合酒量不好的人饮用。
HJ20180908,健康养生,我一单瘦了12斤,0,该用户想表达的含义是：使用该产品后成功减重了12斤。
HJ20180908,健康养生,饮食有要求吗,1,该用户想询问该产品对日常饮食是否有特殊限制或注意事项。
HJ20180908,健康养生,什么原理,1,该用户想表达的含义是：询问产品的作用机制或科学依据是什么。
HJ20180908,健康养生,"相信你,拍了两单加急发货",0,"该用户因信任主播或产品效果而果断下单，并希望尽快收到商品。  （释义依据：结合前文高频出现的""回购""""加急发货""""效果显著""等关键词，可推断该用户受直播间其他消费者积极反馈的影响，对产品功效产生信任，其""拍两单""的行为既包含对主播的认可，也隐含对减肥/产品效果的期待；""加急发货""则进一步体现迫切需求心理。）"
HJ20180908,健康养生,会不会拉肚子,1,该用户担心产品可能引起肠胃不适，在询问服用后是否会有腹泻的副作用。
HJ20180908,健康养生,什么成分,1,该用户想询问产品的具体配方或有效成分是什么。
HJ20180908,健康养生,能喝酒不,1,该用户可能是在询问产品是否适合饮酒人群使用或能否与酒精同时饮用。
HJ20180908,健康养生,咖啡一盒几条,1,该用户想询问咖啡产品的包装规格，以评估购买量和性价比。
HJ20180908,健康养生,我就是正常吃饭一单减了17斤,0,该用户想表达的含义是：使用该产品后，在保持正常饮食的情况下成功减重了17斤。
HJ20180908,健康养生,一单多少,1,该用户想询问购买一单产品的具体数量或规格。
HJ20180908,健康养生,可以喝的我也喝了,0,该用户想表达的含义是：我已经尝试过这款产品并且体验了它的效果。
HJ20180908,健康养生,能喝多少天,1,该用户想询问产品（可能是减肥咖啡）的每日用量以及一盒能维持多少天的饮用时间。
HJ20180908,健康养生,一单吃几天,1,该用户想表达的含义是：购买这一单的产品可以满足几天的使用需求。
HJ20180908,健康养生,一单二十天吗,1,该用户是在询问购买一单产品后可以使用多少天。
HJ20180908,健康养生,就想减肚子,1,该用户想表达的含义是：对直播中提到的减脂产品感兴趣，尤其关注其针对腹部减脂的效果。
HJ20180908,健康养生,减肥肚皮太丑啦,0,该用户可能是在表达对自己腹部肥胖的不满，并暗示对直播中介绍的减肥产品是否针对减肚子效果感兴趣或抱有期待。
HJ20180908,健康养生,"拍了一单,能减几斤",1,该用户是在询问购买一单产品后预计能达到的减肥效果。
HJ20180908,健康养生,吃的忌口吗,1,该用户是在询问该产品是否有饮食禁忌或食用限制。
HJ20180908,健康养生,一日三餐怎么吃,1,该用户可能在询问产品使用期间的日常饮食安排或搭配建议。
HJ20180908,健康养生,"喝咖啡一单减了15斤了,确实好",0,该用户想表达的含义是：这款咖啡的减肥效果显著，自己使用后成功减重了15斤，并且对产品效果表示认可。
HJ20180908,健康养生,减肥套餐红姐家减得很快,0,该用户想表达的含义是：红姐家的减肥套餐效果显著，减重速度很快。
HJ20180908,健康养生,经期可以嘛,1,该用户想询问该产品在女性生理期间是否可以使用。
HJ20180908,健康养生,月经期可以吃不,1,该用户是在询问产品是否适合在生理期间使用。
HJ20180908,健康养生,拍了三单让我老公和我一起喝,0,该用户想表达自己已经下单购买了三份产品，并打算和丈夫一起使用。
HJ20180908,健康养生,"咖啡瘦了17斤了,确实挺好",0,该用户想表达的意思是：这款咖啡减肥效果显著，自己已经成功减重17斤，对其效果感到满意并认可。
HJ20180908,健康养生,"妹妹推荐我来的,她瘦了16斤",0,该用户想表达的含义是：因为看到别人使用该产品效果显著，所以对产品产生了信任和购买兴趣。
HJ20180908,健康养生,姨妈期可以喝吗,1,该用户是在询问该产品是否适合在生理期间饮用。
HJ20180908,健康养生,早上喝完就能吃早餐吗,1,该用户想表达的含义是：询问这款减肥咖啡是否可以在早晨空腹饮用后直接吃早餐。
HJ20180908,健康养生,"我又瘦了,升级版的更好",1,该用户想表达的含义是：自己通过使用该产品成功瘦身，并且认为升级版的效果更显著。
HJ20180908,健康养生,"喝了一单,减快9斤,很满意",0,该用户想表达的意思是：购买并使用了这款减肥产品后，自己成功减掉了近9斤，对效果感到非常满意。
HJ20180908,健康养生,吃东西有节制吗,1,该用户是在询问产品使用时是否需要控制饮食摄入量。
HJ20180908,健康养生,给几盒,1,该用户想表达的含义是：询问购买多少盒产品才能达到预期的减肥效果。
HJ20180908,健康养生,"我喝了20天,减了16斤,今天又回购了2单",0,该用户想表达的含义是：这款减肥产品效果显著，自己亲身验证后非常满意，因此再次下单购买以继续使用。
HJ20180908,健康养生,经期也可以喝的,0,该用户想确认这款减肥产品在生理期间是否安全适用。
HJ20180908,健康养生,来一单喝几天,1,该用户想表达的含义是：购买一份产品可以饮用几天时间。
HJ20180908,健康养生,"我喝了一单减了11斤,今天又来回购了",1,该用户想表达的含义是：之前购买产品后减肥效果显著，出于对效果的满意再次下单购买。
HJ20180908,健康养生,我也喝了,0,该用户想表达的含义是：我也购买了这款产品并体验了其效果。
HJ20180908,健康养生,后面那个女的是梁山的吧,0,该用户可能在询问直播画面中出现的另一位女性是否为某减肥产品（可能是“梁山”品牌或相关）的代言人或推广者，暗示对其身份和产品关联性的好奇。
HJ20180908,健康养生,下单了加急,0,该用户想表达的含义是：我已经购买了产品并要求加快发货速度。  （结合前文语境，直播间在推销减肥咖啡/套餐，弹幕多为用户分享减肥效果、咨询使用细节或下单反馈，因此该用户明确表达了购买行为及加急需求。）
HJ20180908,健康养生,"163,165斤怎么拍",1,该用户是在询问自己体重163或165斤的情况下应该如何下单购买该减肥产品。
HJ20180908,健康养生,升级版的更人性化[赞]还送四天稳固期,1,该用户是在称赞产品升级版本体验更好且附赠的售后服务更贴心，暗示自己有意向购买或已购买。
HJ20180908,健康养生,"我姐姐喝了一单,减了不到八斤",0,该用户想表达的含义是：我姐姐购买了这款产品并服用后，体重减轻了近八斤。
HJ20180908,健康养生,一单就吃20天吗?,1,该用户是在询问产品的使用周期和性价比，想知道购买一单是否足够持续20天的用量。
HJ20180908,健康养生,"相信你,拍了两单加急发货",0,该用户因信任主播或产品效果而果断下单，并特意要求加快配送速度。
HJ20180908,健康养生,效果很好真的可以瘦的,0,该用户想表达的含义是：这款产品的减肥效果确实显著，自己亲身体验后感到满意。
HJ20180908,健康养生,肚子太难看了,0,该用户可能是对产品效果表示怀疑，暗示自己使用后没有达到预期的瘦身效果，反而觉得腹部形态不理想。
HJ20180908,健康养生,"按照你们的喝法喝减了17斤,太好了",0,该用户想表达的是：这款产品确实有效，自己通过按照推荐方法使用成功减重了17斤，感到非常满意和欣喜。
HJ20180908,健康养生,"红姐我一直喝你家减肥套餐已经减了46斤,推荐好多同事过来拍了",0,该用户想表达的含义是：作为长期使用产品的受益者，她不仅自己取得了显著的减肥效果，还主动向周围人推荐了该产品。
HJ20180908,健康养生,矫姿带,1,该用户可能在询问或暗示对直播间提到的矫姿带产品感兴趣，想了解相关信息或考虑购买。
HJ20180908,健康养生,能喝酒吗,1,该用户可能是在询问该减肥产品是否允许在饮用期间饮酒，担心酒精会影响减肥效果或与产品成分产生冲突。
HJ20180908,健康养生,饮食有什么注意的,1,该用户可能是在询问产品使用期间是否需要遵循特定的饮食禁忌或注意事项。
HJ20180908,健康养生,一单喝多少天,1,该用户是在询问购买一单产品后能够使用多少天，以评估产品的性价比和实际需求。
HJ20180908,健康养生,我一直买红姐的效果巨好,1,该用户想表达的含义是：长期使用红姐的产品效果显著，对其效果非常满意并持续复购。
HJ20180908,健康养生,我139多斤怎么拍,1,该用户是在询问自己体重139斤应该选择哪个规格或购买方案。
HJ20180908,健康养生,"一直喝你家咖啡,今天太划算了,抢了4单",0,该用户想表达的含义是：作为长期回购的老顾客，看到本次促销力度大，果断囤了多份产品。
HJ20180908,健康养生,一日三餐正常吃饭吗?,1,该用户可能在询问使用该减肥产品期间是否需要保持正常饮食，担心饮食限制会影响日常生活。
HJ20180908,健康养生,用不用忌口忌口,1,该用户想询问使用该产品时是否需要避免某些特定的饮食。
HJ20180908,健康养生,可以喝的,0,该用户想表达的含义是：这款产品是可以饮用的减肥产品。
HJ20180908,健康养生,晚上吃完芦荟还可以吃东西吗,1,该用户可能在询问服用产品后是否需要遵守特定的饮食限制，尤其是关于进食时间安排的问题。
HJ20180908,健康养生,"喝它,耽不耽误吃药",1,该用户是在询问这款减肥产品是否会影响正常服药，担心同时使用会产生冲突。
HJ20180908,健康养生,"我喝两单减了18斤,减的很满意",0,该用户想表达的含义是：通过购买并使用该减肥产品取得了显著的减重效果，感到非常满意。
HJ20180908,健康养生,"165斤,拍了两单哈",0,该用户想表达的含义是：自己体重165斤，已经下单购买了两份产品，希望借此达到减肥效果。
HJ20180908,健康养生,瘦了穿任何衣服都好看,0,该用户想表达的含义是：减肥成功后穿搭会更自信有型。  （结合前文减肥产品讨论的语境，用户通过肯定瘦身效果间接表达对产品的潜在兴趣，并隐含对“变美”结果的期待。）
HJ20180908,健康养生,男的大肚子能喝吗,1,该用户是在询问这款减肥产品是否适合有啤酒肚的男性饮用。
HJ20180908,健康养生,"马上喝完第二单,减了23斤",0,该用户想表达的含义是：自己已经连续购买并饮用了该减肥产品，成功减重23斤，效果显著。
HJ20180908,健康养生,一单能减几斤,1,该用户想询问购买一单产品能带来多少减肥效果。
HJ20180908,健康养生,我这里怎么没送四天的,1,该用户可能在询问为何自己没有享受到直播间宣传的“赠送四天”的促销福利。
HJ20180908,健康养生,"拍了一单,加急",0,该用户想表达的含义是：我已经下单购买了产品，希望尽快发货使用。
HJ20180908,健康养生,便秘喝酒都可以,0,该用户想表达的含义是：询问该产品是否适合在便秘或饮酒的情况下使用。
HJ20180908,健康养生,"减的确实很快,一单我减了22斤",0,该用户想表达的含义是：使用该产品后减肥效果显著，自己通过购买一单成功减掉了22斤体重。
HJ20180908,健康养生,买了怎么喝,1,该用户可能是在询问购买后产品的具体饮用方法或注意事项。
HJ20180908,健康养生,99几盒,1,该用户想询问当前促销活动中99元可以购买几盒产品。
HJ20180908,健康养生,"这个套餐瘦的确实快,我都减了27斤了,在拍两单",0,该用户想表达的含义是：自己使用该套餐后减肥效果显著（减重27斤），因此打算再次购买以继续维持或增强效果。
HJ20180908,健康养生,"我拍了两单,我是来回购的",1,该用户想表达的含义是：我之前购买过该产品且效果满意，现在再次下单支持。
HJ20180908,健康养生,一单喝多少,1,该用户想询问购买一单产品后需要饮用的具体剂量或频次。
HJ20180908,健康养生,后面那个长得有点可怕,0,该用户可能是在评论直播中展示的某款产品的外观或包装设计，觉得不太美观或有些吓人。
HJ20180908,健康养生,"拍了一单,加急发货",0,该用户已下单购买产品并希望尽快收到货品。
HJ20180908,健康养生,血糖高能喝吗,1,该用户是在询问该产品是否适合血糖高的人群饮用。
HJ20180908,健康养生,160斤140,1,该用户想表达的含义是：自己体重160斤，已经下单购买了140元的该减肥产品。
HJ20180908,健康养生,瘦了走路都轻快[赞],0,该用户想表达的含义是：减肥后身体变得轻盈，行动更加轻松愉快。
HJ20180908,健康养生,红姐我就想瘦肚子,1,该用户是在询问主播这款减肥产品是否对减肚子有效果，表现出对产品的具体功效和自身需求的关注。
HJ20180908,健康养生,"效果真的很好,我已经减了11斤了",0,该用户想表达的含义是：对产品效果表示肯定并分享自己的减肥成果，暗示产品确实有效且值得购买。
HJ20180908,健康养生,红姐你那衣服上车不,0,该用户是在询问主播“红姐”是否会上架她身上穿的那件衣服以供购买。
HJ20180908,健康养生,我139多斤怎么拍,1,该用户是在询问自己体重139斤的情况下应该选择购买哪种规格或数量的产品。
HJ20180908,健康养生,一直在喝你咖啡,0,该用户想表达的含义是：我是这款咖啡的老顾客，持续在回购使用。
HJ20180908,健康养生,我喝酒的时候也喝了效果还不错,0,该用户想表达的含义是：这款产品在饮酒时使用也有效果，自己尝试后感觉不错。
HJ20180908,健康养生,吃了会拉肚子吗?,1,该用户是在询问产品的安全性，担心食用后可能引起腹泻等不良反应。
HJ20180908,健康养生,"红姐我喝你家减肥咖啡都减了15斤了,今天再来拍一单",0,该用户想表达的含义是：对产品的使用效果非常满意并决定再次购买以继续减肥。
HJ20180908,健康养生,"一米六五,128斤",1,该用户可能在询问适合自己身高体重情况的购买建议或产品使用效果。
HJ20180908,健康养生,三餐正常吃全身瘦的,0,该用户想表达的含义是：询问这款产品是否能在保持正常饮食的情况下实现全身减重效果。
HJ20180908,健康养生,节食吗,1,该用户可能在询问这款减肥产品是否需要配合节食才能达到理想效果。
HJ20180908,健康养生,减肥套餐红姐家减得很快,1,该用户是在询问红姐家的减肥套餐效果显著，暗示自己也有购买意向。
HJ20180908,健康养生,"第1单咖啡减了9斤,第2单开始喝起来",1,该用户想表达的含义是：第一次购买这款咖啡后成功减重9斤，现在准备再次下单继续饮用以达到更好的减肥效果。
HJ20180908,健康养生,温和排便不是肚子痛的排便,0,该用户是在询问该减肥产品是否会导致腹痛等不适反应，同时强调希望排便过程温和无痛。
HJ20180908,健康养生,你家咖啡真的很好用,1,该用户想表达的含义是：这款减肥咖啡的效果确实不错，我使用后感到满意。
HJ20180908,健康养生,红姐我就是腰部胖喝这个管用吗?,1,该用户是在询问主播推荐的减肥产品对减腰部赘肉是否有效。
HJ20180908,健康养生,多少条,1,该用户可能在询问达到某种效果（如减肥）需要购买或使用多少份产品。
HJ20180908,健康养生,一单快喝完了减了8斤,0,该用户想表达的意思是：之前购买的产品快用完了，使用期间成功减重8斤，暗示对产品效果满意并可能有复购意向。
HJ20180908,健康养生,红姐多高,0,该用户可能在询问主播的身高以参考其减肥效果或身材比例。
HJ20180908,健康养生,"减的确实很快,一单我减了22斤",0,该用户想表达的是：使用这款减肥产品后效果显著，自己已经成功减掉了22斤。
HJ20180908,健康养生,没节食都可以瘦我买了主播说的是真的,0,该用户想表达的含义是：主播宣传的减肥产品效果可信，无需节食也能瘦身，因此决定购买。
HJ20180908,健康养生,"按照你们的喝法喝减了17斤,太好了",0,该用户想表达的含义是：通过使用主播推荐的减肥方法成功减重，感到非常满意并认可产品效果。
HJ20180908,健康养生,168.137,1,该用户可能在询问产品的价格或规格，比如“这款咖啡的价格是168元，规格是137克吗？”
HJ20180908,健康养生,"你家咖啡搭配喝减的真的很快,我减了28斤",0,该用户想表达的含义是：使用你们家的减肥咖啡后体重下降效果显著，自己成功减掉了28斤。
HJ20180908,健康养生,"头晕,心慌吗",1,该用户可能在询问产品是否有导致头晕、心慌等副作用。
HJ20180908,健康养生,115斤拍几单,1,该用户想询问自己体重115斤的情况下需要购买多少份产品才能达到理想的减肥效果。
HJ20180908,健康养生,后面那个是人妖?,0,该用户可能在质疑直播间展示的某位模特或工作人员的性别身份，试图通过提问确认其真实性。
HJ20180908,健康养生,"我是特顽固体质喝完咖啡20天,减了11斤",0,该用户想表达的含义是：这款减肥咖啡对顽固体质也有效，自己使用后减重效果显著。
HJ20180908,健康养生,可以正常吃饭吗,1,该用户是在询问使用该减肥产品期间是否需要控制饮食或能否保持正常进食。
HJ20180908,健康养生,敏敏太瘦了,0,该用户可能是在询问主播的减肥效果是否适用于体型偏瘦的人群，或者对主播的身材表示关注以判断产品的适用性。
HJ20180908,健康养生,[捂脸]敏敏臭美呢,0,该用户是在调侃主播敏敏过于关注外貌或身材，暗示她可能因追求瘦身而显得有点自恋或做作。
HJ20180908,健康养生,太瘦了难看,0,该用户可能在表达对主播或产品效果的不认同，认为过度消瘦的体型并不美观，暗示对减肥产品效果的质疑或对审美标准的异议。
HJ20180908,健康养生,"你家咖啡效果确实很明显,又回购了1单",1,该用户想表达的含义是：对产品效果满意并已再次购买以持续使用。
HJ20180908,健康养生,现在肚子好看?,0,该用户可能在询问产品是否对改善腹部外观有效果，暗示对减肥产品的购买兴趣。
HJ20180908,健康养生,"怎么吃的,要不要控制主食",1,该用户想询问产品的食用方法以及是否需要配合控制主食摄入来达到减肥效果。
HJ20180908,健康养生,"喝了2单,减了33斤",0,该用户想表达的含义是：通过购买并饮用该产品，自己已经成功减重33斤。
HJ20180908,健康养生,夏天快到了现在减肥刚好,0,该用户可能是在暗示对直播间推荐的减肥产品感兴趣，认为当前季节适合开始使用这类产品。
HJ20180908,健康养生,"我拍了一单,先试试",0,该用户想表达的含义是：出于对产品效果的初步信任，先购买少量尝试效果。
HJ20180908,健康养生,米50,0,该用户想表达的含义是：询问主播商品“米50”的具体信息或购买方式。
HJ20180908,健康养生,"我喝你家的咖啡减了43斤,现在我身边的朋友都在喝",0,该用户想表达的含义是：这款咖啡的减肥效果非常显著，不仅自己成功减重，还带动了周围朋友一起购买使用。
HJ20180908,健康养生,喝中药能吃吗,1,该用户可能是担心产品与中药同时服用会产生冲突，想确认是否影响药效或健康。
HJ20180908,健康养生,"喝不到两单减了16斤,太好了又来回购了2单",0,该用户想表达的含义是：按照推荐的饮用方法使用产品后成功减重16斤，因效果满意再次购买了两份。
HJ20180908,健康养生,改价了吗还是就是这个价,1,该用户是在询问商品价格是否有变动，还是当前显示的就是最终售价。
HJ20180908,健康养生,怎么喝的,1,该用户可能是在询问产品的具体饮用方法或搭配方式，想了解如何正确使用该减肥咖啡以达到最佳效果。
HJ20180908,健康养生,用节食吗?,1,该用户是在询问产品是否需要配合节食才能达到减肥效果。
HJ20180908,健康养生,"马上喝完一单了,真没想到减了10斤,又拍了2单",0,该用户想表达自己通过使用产品取得了明显的减肥效果（减了10斤），出于满意和信任又追加购买了两单。
HJ20180908,健康养生,三餐正常吃都可以瘦,0,该用户想表达的含义是：这款产品效果很好，即使不节食也能达到减肥效果。
HJ20180908,健康养生,"我老顽固性了,喝了几天真开始减了,今天又来回购一单",1,该用户想表达的含义是：自己属于不易减重的体质，但在尝试这款产品后确实看到了效果，因此决定再次购买以继续使用。
HJ20180908,健康养生,还是瘦了好看[笑哭]穿任何衣服都好看,0,该用户是在认同主播的身材效果，并暗示自己也希望通过产品达到类似的穿衣效果。
HJ20180908,健康养生,一米五99斤拍几单,1,该用户想表达的含义是：询问自己身高一米五、体重99斤的情况下应该购买多少份产品才能达到理想的减肥效果。
HJ20180908,健康养生,60岁能喝吗,1,该用户是在询问这款减肥咖啡是否适合60岁人群饮用。
HJ20180908,健康养生,我133斤直接拍了两单,0,该用户想表达的含义是：我体重较重，看到产品效果显著后直接下单购买了两份。
HJ20180908,健康养生,"我减了13斤,肚子明显小了好多",0,该用户想表达的含义是：通过使用产品成功减重，身材有明显改善，暗示对产品效果的认可和满意。
HJ20180908,健康养生,"你后边那个女的瘦的太丑了,硌得慌",0,该用户可能是对直播中展示的减肥效果感到不适或反感，借由批评画面中的人物形象来隐晦表达对产品宣传方式的不满。
HJ20180908,健康养生,"喝了减肥套餐2单了,减了18斤",0,该用户想表达的含义是：自己已经购买并使用了该减肥产品两次，实际减重效果显著，达到了18斤。
HJ20180908,健康养生,"拍了两单,加急",0,该用户想表达自己已经下单购买了两份产品，并希望尽快发货。
HJ20180908,健康养生,血糖高能喝不,1,该用户是在询问该产品是否适合血糖偏高的人群饮用。
HJ20180908,健康养生,我刚出月子喝了一单减了14斤,0,该用户想表达的含义是：产后刚恢复就购买了这款产品，使用后成功减重了14斤。
HJ20180908,健康养生,"拍了一单,能减几斤",1,该用户想表达的含义是：已经下单购买了产品，询问使用后大概能减掉多少体重。
HJ20180908,健康养生,没节食都可以瘦的三餐正常吃不加餐就行,0,该用户想表达的含义是：这款产品不需要刻意节食，只需保持正常的三餐饮食就能达到减肥效果。
HJ20180908,健康养生,"我姐姐喝了一单,减了不到八斤",0,该用户想表达的含义是：我姐姐购买了这款产品并服用后，体重减轻了不到八斤。
HJ20180908,健康养生,红姐项链卖吗,1,该用户是在询问主播“红姐”所佩戴的项链是否属于直播间正在销售的商品。
HJ20180908,健康养生,可以喝的!我也喝了,0,该用户想表达的含义是：这款产品确实有效，我自己亲身试用后也购买了。
HJ20180908,健康养生,"回购两单,老顾客了加急发货",0,该用户想表达自己已经是忠实客户，再次购买产品并希望尽快收到货。
HJ20180908,健康养生,"马上喝完第二单,减了23斤",0,该用户想表达的含义是：已经喝完第一单并成功减重，因效果显著又回购了第二单，累计减掉了23斤。
HJ20180908,健康养生,吃着保健品能喝吗,1,该用户是在询问服用保健品期间是否可以同时饮用直播间推销的减肥产品，担心两者同时使用可能存在禁忌或影响效果。
HJ20180908,健康养生,哺乳期呢,1,该用户可能是在询问哺乳期是否可以服用直播中推荐的减肥产品。
HJ20180908,健康养生,这样瘦的跟猴似,0,该用户想表达的含义是：觉得主播或展示的模特过于消瘦，看起来不太健康或不美观。
HJ20180908,健康养生,165斤怎么拍,1,该用户是在询问自己体重165斤应该购买多少份产品才能达到理想的减肥效果。
HJ20180908,健康养生,想小拿秀嘛[捂脸],0,该用户想表达的含义是：我也想尝试购买这款产品来减肥。
HJ20180908,健康养生,没有啦,0,该用户可能是在询问产品是否已售罄或表示自己没买到。
HJ20180908,健康养生,正常吃饭?,1,该用户可能是在询问产品是否需要配合节食或能否在正常饮食的情况下达到减肥效果。
HJ20180908,健康养生,"一单减了16斤,又回购了",1,该用户想表达的含义是：使用该产品后成功减重16斤，因效果显著而再次下单购买。
HJ20180908,健康养生,哺乳期可以喝吗,1,该用户是在询问产品是否适合哺乳期女性使用，可能担心影响母乳喂养或自身健康。
HJ20180908,健康养生,咖啡在几号链接?,1,该用户想表达的含义是：询问直播间正在推荐的咖啡产品对应的商品链接编号以便购买。
HJ20180908,健康养生,多喝水可以吗?,1,该用户是在询问产品是否适合日常频繁饮用，可能担心过量或特定情况下的安全性。
HJ20180908,健康养生,我喝完一单减了18斤,0,该用户想表达的含义是：这款产品效果显著，自己购买使用后成功减重了18斤。
HJ20180908,健康养生,可以做腹部整形,0,该用户可能是在询问直播产品是否具有瘦身塑形的效果，尤其是针对腹部减脂的需求。
HJ20180908,健康养生,一单能喝多少天,1,该用户是在询问购买一单产品后能够满足多少天的饮用需求，以评估产品的使用时长和性价比。
HJ20180908,健康养生,你头发好看[赞],0,该用户可能是在夸赞主播的发型或发饰，并暗示对相关产品的兴趣。
HJ20180908,健康养生,拉肚子吗?,1,该用户是在询问该产品是否会导致腹泻等不良反应。
HJ20180908,健康养生,我喝完一单减了7斤多,0,该用户想表达的含义是：这款产品效果显著，自己使用后体重明显下降。
HJ20180908,健康养生,不是99吗?,1,该用户可能是在询问或质疑商品价格与之前宣传的不一致，认为应该是99元而非当前标价。
HJ20180908,健康养生,经期可以不,1,该用户可能在询问产品是否适合经期女性使用。
HJ20180908,健康养生,保质期两年今天活动价格很给力,1,该用户认为产品保质期较长且当前促销价格非常划算，表现出明确的购买意向。
HJ20180908,健康养生,"我的妈,敏敏那腿也忒细啦",0,该用户是在惊叹主播敏敏的身材纤细，表达对主播外形的关注和赞美。
HJ20180908,健康养生,"这个套餐瘦的确实快,我都减了27斤了,在拍两单",0,该用户想表达的含义是：这个减肥套餐效果显著，自己已经成功减重27斤，打算再次购买两单继续使用。
HJ20180908,健康养生,我要减十斤胖,0,该用户想表达的含义是：我也想通过购买这款产品达到减重十斤的效果。
HJ20180908,健康养生,肚皮哇塞,0,该用户可能是在惊叹产品显著的瘦身效果，表达对减肥成果的惊讶和兴趣。
HJ20180908,健康养生,后面太丑了,0,"该用户可能是在吐槽直播中展示的某款产品（如减肥套餐/饮品）的后续效果或外观设计不如预期。  （结合前文减肥产品讨论的语境，""后面""更可能指使用后的效果，而非字面空间位置；""太丑了""是主观负面评价，与弹幕中频繁出现的减肥效果反馈形成对比，暗示实际效果与宣传不符。）"
HJ20180908,健康养生,155120斤,1,该用户想表达的含义是：身高155厘米体重120斤的人适合使用这款产品吗？
HJ20180908,健康养生,红姐肚子咋的了,0,该用户可能是看到其他观众讨论减肥效果后，对主播身材变化产生好奇，询问主播腹部状态是否与产品效果相关。
HJ20180908,健康养生,"老公喝了一单瘦了5斤多,今天又回购了",1,该用户想表达的含义是：家人使用该产品有明显效果，因此决定再次购买。
HJ20180908,健康养生,"140斤,身高163……需要拍多少",1,该用户是在询问自己的体重和身高对应的产品使用量或购买数量。
HJ20180908,健康养生,"婆婆喝这个咖啡减了14斤,今天又回购两单",0,该用户想表达的含义是：这款咖啡的减肥效果显著，自己因家人亲测有效而再次下单购买。
HJ20180908,健康养生,早上不吃饭管用吗,1,该用户可能在询问该产品（疑似减肥产品）是否可以通过不吃早饭来增强效果或替代使用。
HJ20180908,健康养生,你头发好看[赞][赞],0,该用户是在夸赞主播的发型或发色好看，表达对主播外表的欣赏和好感。
HJ20180908,健康养生,肚子大腿粗,0,该用户可能在表达对自己身材（腹部和腿部）的不满，暗示对直播中提到的减肥产品或方法感兴趣。
HJ20180908,健康养生,一米六三165斤怎么拍,1,该用户是在询问自己的身高体重（163cm/165斤）适合购买哪个尺码或规格的产品。
HJ20180908,健康养生,"马上第二单喝完,减了31斤",0,该用户想表达的含义是：我已经回购并喝完了第二单产品，成功减重了31斤。
HJ20180908,健康养生,1米50120斤,1,该用户想表达自己的身高体重数据，以咨询适合的购买方案或产品使用效果。
HJ20180908,健康养生,140斤拍多少单?,1,该用户是在询问自己体重140斤的情况下应该购买多少份产品才能达到预期减肥效果。
HJ20180908,健康养生,"效果真的很好,我已经减了11斤了",1,该用户想表达的含义是：这款产品确实有效，自己使用后已经成功减重了不少。
HJ20180908,健康养生,165115斤,1,该用户想表达的含义是：我的身高是165厘米，体重是115斤，请问应该购买多少产品才能达到减肥效果？
HJ20180908,健康养生,喝完廋下来肚子会不会跟你的一样[奸笑][奸笑],0,该用户是在调侃主播的身材，同时隐含着对产品减肥效果的期待和试探性询问。
HJ20180908,健康养生,看看敏敏肚子今天吃大了没?[吓],0,该用户是在调侃主播的身材变化，并隐晦地询问减肥产品的效果是否能让肚子变小。
HJ20180908,健康养生,"红姐我喝你家减肥咖啡都减了15斤了,今天再来拍一单",0,该用户想表达的含义是：因为使用产品效果显著已经成功减重，决定再次购买以继续维持或增强效果。
HJ20180908,健康养生,瘦下来肚子上皱的能恢复吗,1,该用户是在询问使用该减肥产品瘦身后，腹部皮肤松弛的问题是否能得到改善。
HJ20180908,健康养生,我喝减肥套餐瘦了31斤,0,该用户想表达的含义是：这款减肥产品效果显著，自己亲身使用后成功减重了很多，以此推荐或佐证产品的有效性。
HJ20180908,健康养生,155.110斤买几盒,1,该用户想表达的含义是：询问自己身高155厘米、体重110斤的情况下需要购买多少盒产品才能达到理想的减肥效果。
HJ20180908,健康养生,"红姐我一直喝你家减肥套餐已经减了46斤,推荐好多同事过来拍了",0,该用户想表达的含义是：自己长期使用该减肥产品效果显著，并主动向他人推荐以表达对产品的认可和支持。
HJ20180908,健康养生,我喝了3单减了36斤今天又来回购两单,1,该用户想表达的含义是：自己通过购买该产品成功减重后，出于对效果的认可再次下单回购。
HJ20180908,健康养生,想减10斤拍几单,1,该用户想表达的含义是：询问需要购买多少产品才能达到减重10斤的效果。
HJ20180908,健康养生,一单喝多少天,1,该用户想询问购买一单产品能够满足多少天的使用需求。
HJ20180908,健康养生,"我喝了一单减了11斤,今天又来回购了",1,该用户想表达的是：之前购买这款减肥产品效果显著（减了11斤），现在因满意效果而再次下单。
HJ20180908,健康养生,v衣服上车吧,0,该用户想表达的含义是：询问主播这件衣服是否可以购买或加入购物车。
HJ20180908,健康养生,"我出月子就开始喝了,2单减了17斤",0,该用户想表达的含义是：产后通过持续饮用该产品成功减重，并暗示产品效果显著值得回购。
HJ20180908,健康养生,这身材刚好[赞][玫瑰][玫瑰][玫瑰],0,该用户是在称赞主播的身材苗条匀称，并暗示自己对减肥产品的效果感到满意或向往。
HJ20180908,健康养生,我刚出月子喝了一单减了14斤,0,该用户想表达自己产后通过使用该减肥产品已成功减重14斤，并暗示对产品效果的认可和可能的继续购买意愿。
HJ20180908,健康养生,"不到一单,我减了8斤",0,该用户想表达的是：虽然只购买了一次产品，但已经成功减掉了8斤体重。
HJ20180908,健康养生,他的鼻子咋了?,0,该用户可能是对主播或展示产品效果的人的外貌变化感到好奇，暗示想了解产品是否会导致类似的面部特征改变。
HJ20180908,健康养生,已拍加急,0,该用户想表达的含义是：我已经下单购买了产品并且选择了加急配送服务。
HJ20180908,健康养生,"1米58,108斤拍几单",1,该用户是在询问以自己的身高体重（1米58，108斤）需要购买多少份产品才能达到理想的减肥效果。
HJ20180908,健康养生,"已拍,加急",0,该用户想表达的含义是：我已经下单购买了产品，并且希望尽快发货。  （结合前文语境，直播间主要讨论减肥产品的效果和购买情况，用户“已拍”表明完成下单行为，“加急”则强调对收货速度的需求，可能是出于迫切希望使用产品的心态。）
HJ20180908,健康养生,会拉肚子吗,1,该用户是在询问该减肥产品是否会引起腹泻等不良反应。
HJ20180908,健康养生,"没有人敢卖减肥,只有红姐",0,该用户想表达的含义是：红姐是唯一有实力和勇气销售减肥产品的可信赖卖家。
HJ20180908,健康养生,怎么299拍了一单,0,该用户对产品价格感到意外，可能在确认下单金额是否正确或质疑为何价格高于预期。
HJ20180908,健康养生,"可以喝的!我也喝了,今天又掉了2两",0,该用户想表达的含义是：这款减肥产品确实有效，我亲身使用后今天又减重了2两。
HJ20180908,健康养生,"我减了16斤,确实好,让老公也喝了",1,该用户想表达的含义是：自己通过使用该减肥产品成功减重，效果显著，因此推荐给家人尝试。
HJ20180908,健康养生,"我也是老顾客,买了好多单真的很好",1,该用户想表达的含义是：作为长期支持的老客户，我对产品效果非常满意并持续回购。
HJ20180908,健康养生,一单能瘦几斤啊,1,该用户是在询问购买一单产品后大概能减掉多少体重，以评估产品的效果和购买价值。
HJ20180908,健康养生,"一直喝你家咖啡,今天太划算了,抢了4单",1,该用户想表达的含义是：作为长期忠实顾客，看到本次促销活动力度大，果断下单囤货。
HJ20180908,健康养生,拍几单,1,该用户是在询问自己当前的体重情况下需要购买多少份产品才能达到预期的减肥效果。
HJ20180908,健康养生,"喝一个月减了13斤,继续喝",0,该用户想表达的含义是：这款产品效果显著，自己使用后成功减重并打算继续坚持购买使用。
HJ20180908,健康养生,"160,100斤",1,该用户是在询问自己的身高体重（160cm/100斤）适合购买多少剂量的产品。
HJ20180908,健康养生,一米五一百斤几单,1,该用户想询问自己身高一米五、体重一百斤的情况下应该购买多少份产品才能达到理想的减肥效果。
HJ20180908,健康养生,全身都可以瘦的温和排便,0,该用户想表达的含义是：这款产品能温和促进排便并帮助全身减重。
HJ20180908,健康养生,已下单要怎么喝,1,该用户想询问已经购买的产品应该如何正确饮用以达到预期效果。
HJ20180908,健康养生,"回购2单,已经减了8斤",0,该用户想表达的含义是：我已经购买并使用了该产品两次，成功减重了8斤，效果不错。
HJ20180908,健康养生,红姐的减肥效果巨好,1,该用户是在称赞主播的减肥产品效果显著，暗示自己可能也有购买意向或认同产品的功效。
HJ20180908,健康养生,我180斤,1,该用户想表达的含义是：询问以自己180斤的体重需要购买多少产品才能达到减肥效果。
HJ20180908,健康养生,红姐项链卖吗,1,该用户想询问主播“红姐”是否会上架或售卖她所提到的项链产品。
HJ20180908,健康养生,拍了加急发货,0,该用户想表达的含义是：我已经下单并选择了加快配送的服务。
HJ20180908,健康养生,我139多斤怎么拍,1,该用户想询问自己体重139斤的情况下应该购买多少份产品才能达到理想的减肥效果。
HJ20180908,健康养生,我喝了一单确实瘦了,1,该用户想表达的含义是：自己购买了这款减肥产品并亲测有效，已经实现了瘦身效果。
HJ20180908,健康养生,六十岁可以喝吗,1,该用户是在询问产品是否适合六十岁人群使用，隐含对产品安全性和适用年龄的担忧。
HJ20180908,健康养生,一单多少天呀,1,该用户想询问购买一单产品后需要持续使用多少天才能见效。
HJ20180908,健康养生,"想减20斤,拍几单",1,该用户想表达的含义是：询问需要购买多少份产品才能达到减重20斤的效果。
HJ20180908,健康养生,一袋咖啡放多少水冲啊,1,该用户想询问冲泡该款减肥咖啡时的具体水粉比例，以正确使用产品达到预期效果。
HJ20180908,健康养生,我150斤,1,该用户想表达的含义是：询问以自己150斤的体重需要购买多少产品才能达到减肥效果。
HJ20180908,健康养生,说说怎么喝,1,该用户想询问产品的具体饮用方法和冲泡细节。
HJ20180908,健康养生,"减肥咖啡确实好,我是老顾客,大家放心买",0,该用户想表达的含义是：以自身长期使用效果为证，向其他观众推荐该减肥咖啡产品并增强其可信度。
HJ20180908,健康养生,"妹妹推荐我来的,她瘦了16斤",0,该用户想表达的含义是：因为看到亲友使用产品后有明显效果，所以对这款减肥产品产生了兴趣和信任。
HJ20180908,健康养生,凉水冲也行吗,1,该用户是在询问减肥咖啡是否可以用凉水冲泡。
HJ20180908,健康养生,不拉怎么能瘦,0,该用户想表达的含义是：不购买这款减肥产品的话怎么能成功瘦下来呢？
HJ20180908,健康养生,咋喝呢,1,该用户想询问这款减肥咖啡的具体饮用方法和注意事项。
HJ20180908,健康养生,135拍几单,1,该用户想表达的含义是：自己体重135斤，询问需要购买多少份产品才能达到理想的减肥效果。
HJ20180908,健康养生,几天能见效,1,该用户想询问这款减肥咖啡需要连续服用多少天才能看到明显的瘦身效果。
HJ20180908,健康养生,什么都可以吃吗,1,该用户可能在询问产品是否适合所有体质或人群食用。
HJ20180908,健康养生,"我喝咖啡套餐减了22斤,现在男朋友也跟我一起喝",0,该用户想表达的含义是：这款减肥咖啡效果显著，自己通过饮用成功减重，并带动身边人一起尝试。
HJ20180908,健康养生,哺乳期可以吗,1,该用户是在询问该减肥咖啡产品是否适合哺乳期女性饮用。
HJ20180908,健康养生,我拍了2单给我加急发货,0,该用户急切希望商家优先处理自己的订单以尽快收到货品。
HJ20180908,健康养生,母乳期可以吗,1,该用户是在询问该产品是否适合哺乳期女性使用。
HJ20180908,健康养生,98斤呢?,1,该用户是在询问自己体重98斤的情况下应该购买多少产品或如何服用。
HJ20180908,健康养生,120斤能瘦多少,1,该用户想询问自己体重120斤的情况下使用该产品预计能减重多少。
HJ20180908,健康养生,我喝了咖啡15天减了16斤,0,该用户想表达的含义是：这款咖啡的减肥效果很好，自己亲身体验后有明显效果。
HJ20180908,健康养生,"我一百斤,能减吗",1,该用户是在询问自己的体重（100斤）是否适合使用这款减肥咖啡以及预期的效果。
HJ20180908,健康养生,"一直坚持喝5单了,已经减50来斤",0,该用户想表达的含义是：自己持续购买并饮用该产品后已成功减重50斤，以此证明产品效果显著并间接推荐给其他观众。
HJ20180908,健康养生,那我得三单[龇牙],0,该用户想表达自己决定购买三单产品的意愿，并带有轻松调侃的语气。
HJ20180908,健康养生,"热水凉水,多少都行被",0,该用户想询问产品的冲泡方式是否对水温有具体要求，以及用量是否有灵活选择的空间。
HJ20180908,健康养生,肝不好可以喝吗,1,该用户是在询问该产品是否适合肝功能不佳的人群饮用。
HJ20180908,健康养生,120斤几单,1,该用户想询问自己体重120斤的情况下需要购买多少份产品才能达到预期减肥效果。
HJ20180908,健康养生,好喝吗?,1,该用户是在询问产品的口感或饮用体验，以评估是否值得购买。
HJ20180908,健康养生,保质期两年,1,该用户是在询问产品的保质期是否为两年，以评估购买后的使用时长和囤货可行性。
HJ20180908,健康养生,一单喝多少天,1,该用户是在询问购买一单产品能够满足多少天的饮用需求。
HJ20180908,健康养生,124斤170身高,0,该用户想表达的含义是：询问以自己124斤的体重和170cm的身高，使用该产品能达到怎样的减肥效果。
HJ20180908,健康养生,163112拍了一单能瘦10斤吗?,1,该用户是在询问购买产品后能否达到预期的减肥效果，并隐含对产品功效的期待和疑虑。
HJ20180908,健康养生,115斤,1,该用户想表达的含义是：询问自己115斤的体重适合购买哪种套餐或能减重多少。
HJ20180908,健康养生,120斤拍几单,1,该用户想询问自己体重120斤的情况下需要购买多少份产品才能达到预期减肥效果。
HJ20180908,健康养生,"喝一个月减了13斤,继续喝",1,该用户想表达的含义是：这款产品确实有效，自己已经通过持续使用取得了明显的减肥效果，并打算继续坚持使用。
HJ20180908,健康养生,一百斤能减吗,1,该用户是在询问自己当前体重为100斤的情况下，使用直播推荐的产品是否也能达到减肥效果。
HJ20180908,健康养生,中午不喝吗,1,该用户可能在询问产品是否适合在中午时段饮用以达到减肥效果。
HJ20180908,健康养生,用忌嘴吗,1,该用户想询问该产品是否需要在使用期间忌口或控制饮食。
HJ20180908,健康养生,一单几条,1,该用户是在询问购买一个订单包含多少条（产品数量），以评估是否符合自己的需求或使用周期。
HJ20180908,健康养生,节食吗?,1,该用户可能在询问产品是否需要配合节食才能达到减肥效果。
HJ20180908,健康养生,12岁的可以喝吗,1,该用户是在询问该产品是否适合12岁的未成年人饮用。
HJ20180908,健康养生,14岁孩子能喝吗,1,该用户是在询问这款减肥产品是否适合未成年人饮用。
HJ20180908,健康养生,一单喝多长时间,1,该用户想询问购买一单产品后能够持续饮用的时长。
HJ20180908,健康养生,怎么喝啊,1,该用户想询问产品的具体饮用方法和注意事项。
HJ20180908,健康养生,中午不用吃吗,1,该用户是在询问这款减肥产品是否需要避开中午时段饮用。
HJ20180908,健康养生,忌口吗,1,该用户是在询问产品使用时是否需要避免食用某些食物或调整饮食习惯。
HJ20180908,健康养生,155.110斤买几盒,1,该用户想询问自己身高155厘米、体重110斤的情况下需要购买多少盒产品才能达到预期效果。
HJ20180908,健康养生,有饱腹感吗,1,该用户是在询问该产品是否能有效抑制饥饿感，以辅助减肥效果。
HJ20180908,健康养生,开水可以吗,1,该用户是在询问产品是否可以用开水冲泡饮用。
HJ20180908,健康养生,一直在喝你咖啡,0,该用户想表达自己长期使用该产品并对其效果或品质表示认可。
HJ20180908,健康养生,怎么吃饭呀,1,该用户可能在询问该减肥产品的食用方法或具体饮用时间安排。
HJ20180908,健康养生,"红姐,上你身上的衣服",0,该用户想表达的含义是：询问主播身上穿的衣服是否可以购买或提供商品链接。
HJ20180908,健康养生,哺乳期能喝吗,1,该用户可能是在询问该产品是否适合哺乳期女性饮用，担心对自身或婴儿健康有影响。
HJ20180908,健康养生,一单里边有芦荟是吧,1,该用户想确认产品组合中是否包含芦荟成分。
HJ20180908,健康养生,芦荟胶囊怎么拍,1,该用户想询问购买芦荟胶囊的具体下单方式或流程。
HJ20180908,健康养生,"马上喝完第二单,减了23斤",0,该用户想表达的含义是：已经回购并坚持使用该产品，成功减重23斤。
HJ20180908,健康养生,"我减了13斤,肚子明显小了好多",0,该用户想表达的含义是：通过使用该产品，自己成功减重且效果显著。
HJ20180908,健康养生,"每个人吸收不一样,有的减的多有的减的少",0,该用户想表达的含义是：产品效果因人而异，减肥成效存在个体差异。
HJ20180908,健康养生,母乳期可以吃吗,1,该用户是在询问该产品是否适合哺乳期女性食用。
HJ20180908,健康养生,早上喝了咖啡多久再吃早饭,1,该用户是在询问饮用该款咖啡后需要间隔多久才能进食早餐，以了解产品使用方法和注意事项。
HJ20180908,健康养生,红姐哦拍了一单是是吧,0,该用户想表达的含义是：确认自己刚才是否成功下单了产品。
HJ20180908,健康养生,早上不吃早餐可以唱吗,1,该用户是在询问如果早上不进食直接使用产品是否会影响效果或身体状态。
HJ20180908,健康养生,"拍了,怎么喝的",1,该用户想确认购买后产品的具体饮用方法。
HJ20180908,健康养生,110斤1米58,1,该用户想表达的含义是：询问自己身高1米58、体重110斤的情况下应该购买多少产品。
HJ20180908,健康养生,芦荟是什么东西,1,该用户可能是在询问产品中提到的芦荟成分具体是什么以及有什么作用。
HJ20180908,健康养生,我139多斤怎么拍,1,该用户想询问自己体重139斤应该选择哪种购买方案或产品规格。
HJ20180908,健康养生,未成年能喝吧,1,该用户是在询问该产品是否适合未成年人饮用。
HJ20180908,健康养生,50岁更年期能吃吗?,1,该用户是在询问该产品是否适合更年期女性服用。
HJ20180908,健康养生,拍一单,0,该用户想表达的是“我要下单购买这个产品”。
HJ20180908,健康养生,哺乳期可以用吗,1,该用户是在询问产品是否适合哺乳期女性使用，表现出对产品安全性的顾虑和潜在的购买意向。
HJ20180908,健康养生,"妹妹推荐我来的,她瘦了16斤",0,该用户想表达的含义是：因为看到亲友使用产品效果明显，所以对产品产生了信任和购买兴趣。
HJ20180908,健康养生,早上不吃早餐可以唱吗1,1,该用户想询问早上空腹时是否可以服用直播中推销的产品。
HJ20180908,健康养生,两单要喝多久,1,该用户是在询问购买两单产品后能够使用多长时间。
HJ20180908,健康养生,"165,122斤拍几单",1,该用户想表达的含义是：身高165厘米、体重122斤的我应该购买多少份产品。
HJ20180908,健康养生,看看芦荟啥样的,1,该用户想了解直播中展示的芦荟产品的具体外观或形态。
HJ20180908,健康养生,可以喝的,0,该用户可能是在询问产品是否可以安全饮用或确认其食用方式。
HJ20180908,健康养生,"我姐姐喝了一单,减了不到八斤",0,该用户想表达的含义是：我姐姐购买了这款产品后，体重减轻了不到八斤。
HJ20180908,健康养生,用多喝水吗,1,该用户可能在询问产品是否需要大量饮水才能达到预期效果。
HJ20180908,健康养生,我也喝了,0,该用户想表达的含义是：我也购买了这款产品并尝试饮用过。
HJ20180908,健康养生,65岁以上不能拍吗?为什么?,1,该用户可能是在询问产品是否有年龄限制，并想知道为什么65岁以上的消费者不能购买。
HJ20180908,健康养生,怎么喝,1,该用户是在询问产品的具体饮用方法或使用方式。
HJ20180908,健康养生,我喝完一单减了7斤多,0,该用户想表达的含义是：这款产品效果显著，自己购买使用后成功减重了7斤多。
HJ20180908,健康养生,"我喝你们这个减肥套餐一单了,减了9斤了",0,该用户想表达的含义是：使用该减肥产品后取得了明显效果，以此分享成功体验并间接推荐产品。
HJ20180908,健康养生,手背能紧吗,1,该用户可能在询问产品使用后手部皮肤是否会变得紧致。
HJ20180908,健康养生,我喝了3单减了36斤今天又来回购两单,1,该用户想表达的含义是：自己之前购买并使用了该产品后效果显著（减重36斤），出于对产品的信任和满意决定再次下单购买。
HJ20180908,健康养生,"又拍了一单,加急发货",0,该用户想表达的含义是：已经再次下单购买产品，并希望尽快收到货物。
HJ20180908,健康养生,"咖啡瘦了17斤了,确实挺好",0,该用户想表达的含义是：自己通过使用这款咖啡产品成功减重17斤，认可其效果。
HJ20180908,健康养生,出月子可以喝,0,该用户想表达的含义是：询问产后坐月子结束后是否可以饮用该产品。
HJ20180908,健康养生,"98斤刚拍了一单,不知道能廋几斤",0,该用户想表达的含义是：自己刚刚下单购买了产品，但对实际减肥效果存在一定疑虑和期待。
HJ20180908,健康养生,唐人能喝不,1,该用户想询问的是“糖人（糖尿病患者）是否可以饮用该产品”。
HJ20180908,健康养生,"回购两单,老顾客了加急发货",0,该用户想表达的含义是：作为忠实客户再次购买产品，并希望尽快收到货物。
HJ20180908,健康养生,拍了拍了,0,该用户想表达的含义是：我已经下单购买了这款产品。
HJ20180908,健康养生,"按照你们的喝法喝减了17斤,太好了",0,该用户想表达的含义是：自己通过按照直播推荐的饮用方法使用产品，成功减重17斤，感到非常满意和欣喜。
HJ20180908,健康养生,保质期2年,0,该用户可能是在询问或确认产品的保质期时长，以评估是否适合囤货或长期使用。
HJ20180908,健康养生,"老公减了25斤,比我减得多很多",0,该用户想表达的含义是：伴侣使用该产品后效果显著，比自己减重更多，暗示产品有效并可能考虑尝试。
HJ20180908,健康养生,我114斤拍几单有效果,1,该用户想表达的含义是：询问自己114斤的体重需要购买多少份产品才能达到预期的减肥效果。
HJ20180908,健康养生,"我喝了20天,减了16斤,今天又回购了2单",0,该用户想表达的含义是：这款产品减肥效果显著，自己亲测有效后再次下单以巩固效果。
HJ20180908,健康养生,你家咖啡真的很好用,1,该用户想表达的含义是：这款咖啡的减肥效果很好，我认可它的功效。
HJ20180908,健康养生,中午不用喝吗,1,该用户可能在询问产品是否适合在中午时段饮用，以确认使用方式或担心影响效果。
HJ20180908,健康养生,24天送4天稳固期的,0,该用户可能在询问产品促销活动的具体细节，即购买24天的套餐是否能额外赠送4天的稳固期产品。
HJ20180908,健康养生,已下两单,0,该用户想表达的含义是：我已经购买了两份产品，表示对商品的认可和持续消费意愿。
HJ20180908,健康养生,"我喝咖啡减12斤了,又回购了",1,该用户想表达的含义是：使用这款咖啡减肥效果显著，自己已经成功减重并再次购买。
HJ20180908,健康养生,"等到货,就开始吃",0,该用户表达的是对已购买产品的期待和即将开始使用的积极意愿。
HJ20180908,健康养生,效果巨好,1,该用户想表达的含义是：产品使用效果非常显著，自己对其效果感到满意和认可。
HJ20180908,健康养生,用多喝水吗?,1,该用户可能在询问产品是否需要频繁饮用才能达到预期效果。
HJ20180908,健康养生,"我减了16斤,确实好,让老公也喝了",0,该用户想表达的含义是：自己通过使用产品成功减重，效果显著，因此推荐给家人尝试。
HJ20180908,健康养生,"我拍2单,加急",0,该用户明确表达了批量购买意向并希望优先处理订单，显示出对产品效果的充分信任和急迫需求。
HJ20180908,健康养生,拍了三单让我老公和我一起喝,0,该用户想表达的含义是：自己已经下单购买了三份产品，并打算和丈夫一起使用。
HJ20180908,健康养生,"我姐姐让我过来拍的,她都减了35斤了",0,该用户想表达的含义是：因为姐姐使用该产品效果显著（减重35斤），所以自己也决定下单购买。
HJ20180908,健康养生,芦荟是什么,1,该用户可能是对产品成分产生好奇，想了解芦荟在商品中的具体功效或作用。
HJ20180908,健康养生,真能瘦吗,1,该用户是在询问产品的实际减肥效果是否可靠，表现出对产品功效的潜在兴趣和求证心态。
HJ20180908,健康养生,拍了两单,0,该用户想表达的含义是：我已经下单购买了两份产品。
HJ20180908,健康养生,"减肥咖啡确实好,我是老顾客,大家放心买",1,该用户想表达的含义是：作为多次回购的消费者，他亲身验证了这款减肥咖啡的效果并推荐给其他观众放心购买。
HJ20180908,健康养生,"120斤,一米五七,合计的",0,该用户想表达的含义是：自己身高157厘米、体重120斤，正在考虑购买这款减肥咖啡。
HJ20180908,健康养生,"还是红姐的身材好看,敏敏地也太离谱了,[奸笑]",0,该用户是在调侃主播敏敏的身材不如红姐，同时暗示自己对红姐的身材或相关产品更感兴趣。
HJ20180908,健康养生,150斤,0,该用户想表达的含义是：询问自己体重150斤的情况适合购买多少产品或是否能达到预期效果。
HJ20180908,健康养生,中午不喝吗,1,该用户可能在询问产品是否需要避开中午时段服用，或是质疑中午是否不适合饮用该减肥咖啡。
HJ20180908,健康养生,125拍几单,1,该用户想询问购买125元规格的产品需要下单几次才能达到预期效果或优惠条件。
HJ20180908,健康养生,"我114斤,拍一单吗",1,该用户想表达的含义是：询问自己当前的体重是否适合购买该减肥产品以及应该下单多少。
HJ20180908,健康养生,"马上喝完一单了,真没想到减了10斤,又拍了2单",0,该用户想表达的含义是：自己使用该产品后成功减重10斤，出于满意和信任又追加购买了两单。
HJ20180908,健康养生,一单能瘦几斤啊,1,该用户是在询问这款减肥产品的实际效果，想知道购买一份（一单）能带来多少斤的体重下降。
HJ20180908,健康养生,糖人能喝不,0,该用户可能是在询问直播中提到的“糖人”产品是否适合饮用，隐含对产品功效或使用方式的兴趣。
HJ20180908,健康养生,"我出月子就开始喝了,2单减了17斤",0,该用户想表达的含义是：这款产品效果显著，自己在产后使用后成功减重了17斤，因此又回购了两单。
HJ20180908,健康养生,喝多长时间啊,1,该用户是在询问产品的使用周期，即需要持续饮用多久才能见效。
HJ20180908,健康养生,超65岁不能拍吗,1,该用户是在询问产品是否有年龄限制，担心自己或他人因超过65岁而无法购买。
HJ20180908,健康养生,"回购两单,老顾客了加急发货",0,该用户想表达的含义是：作为长期认可产品效果的老客户，再次下单并希望优先处理发货。
HJ20180908,健康养生,效果真的有那么夸张吗,1,该用户对产品的实际效果持怀疑态度，想确认宣传的减肥效果是否真实可信。
HJ20180908,健康养生,红姐多少斤,0,该用户想询问主播“红姐”的体重作为参考来判断产品的减肥效果。
HJ20180908,健康养生,红姐你带的唐卡有吗,0,该用户是在询问主播是否有售卖唐卡产品。
HJ20180908,健康养生,拍两单试试,0,该用户想表达的含义是：打算购买两件产品来体验效果。  （结合前文语境，直播间在推销减肥咖啡，许多用户分享购买和减重经历，目标用户受此影响，表现出尝试性购买的意愿。）
HJ20180908,健康养生,"你家咖啡效果确实很明显,又回购了1单",1,该用户想表达的含义是：认可产品的效果并已再次下单购买。
HJ20180908,健康养生,一单瘦几斤,1,该用户是在询问购买一单产品后预计能减掉多少体重。
HJ20180908,健康养生,"165斤,拍了两单哈",0,该用户想表达的含义是：自己体重165斤，已经下单购买了两份产品。
HJ20180908,健康养生,98斤可以不?,1,该用户是在询问自己98斤的体重是否符合产品的适用标准或能否达到预期效果。
HJ20180908,健康养生,中午喝吗?,1,该用户可能在询问产品是否适合在中午时段饮用，并隐含对该产品的购买兴趣。
HJ20180908,健康养生,"真的可以瘦,我减了18斤了",0,该用户想表达的含义是：这款产品确实有效果，自己使用后成功减重了很多。
HJ20180908,健康养生,有副作用吗,1,该用户是在询问产品是否存在不良反应或健康风险。
HJ20180908,健康养生,"我减了13斤,肚子明显小了好多",0,该用户想表达的含义是：产品使用效果显著，自己通过使用成功减重且体型有明显改善。
HJ20180908,健康养生,胶囊啥时候吃啊?,1,该用户想询问产品（胶囊）的具体服用时间，可能是出于对使用方法的关心或希望了解如何配合饮食作息以达到最佳效果。
HJ20180908,健康养生,中午喝吗,1,该用户可能在询问产品是否适合在中午时段饮用。
HJ20180908,健康养生,可以正常吃饭吗?,1,该用户可能是在询问产品是否会影响正常饮食，担心使用后需要节食或存在饮食限制。
HJ20180908,健康养生,一单是几天的量,1,该用户是在询问购买一单产品能够使用多少天。
HJ20180908,健康养生,"我姐姐喝了一单,减了不到八斤",0,该用户想表达的是：我姐姐购买并尝试了这个产品，但效果不如预期，只减了不到八斤。
HJ20180908,健康养生,套餐都有什么,1,该用户想询问直播中提到的套餐具体包含哪些产品或服务内容。
HJ20180908,健康养生,怀孕可以吃不,1,该用户是在询问该产品是否适合孕妇食用，以评估自身是否符合购买条件。
HJ20180908,健康养生,我64岁了,0,该用户想表达的含义是：询问自己这个年龄是否适合使用直播中推荐的减肥产品。
HJ20180908,健康养生,一单能瘦几斤啊,1,该用户是在询问购买该减肥产品后，使用一个订单的量大约能带来多少体重下降的效果。
HJ20180908,健康养生,买了两单,0,该用户想表达的含义是：我已经下单购买了两份产品。
HJ20180908,健康养生,180斤拍几单,1,该用户是在询问自己体重180斤的情况下需要购买多少份产品才能达到预期的减肥效果。
HJ20180908,健康养生,哺乳期呢可以吗,1,该用户是在询问产品是否适合哺乳期女性使用。
HJ20180908,健康养生,"我是特顽固体质喝完咖啡20天,减了11斤",0,该用户想表达的含义是：作为减肥效果较慢的体质，使用这款咖啡后仍取得了显著的减重效果。
HJ20180908,健康养生,怎么喝?,1,该用户想询问产品的具体饮用方式或服用时间安排。
HJ20180908,健康养生,也拍一张,0,该用户想表达的含义是：我也要下单购买一份试试。
HJ20180908,健康养生,一单瘦多少,1,该用户想询问购买一单产品后预计能减掉多少体重。
HJ20180908,健康养生,"一单减了16斤,又回购了",1,该用户想表达的含义是：之前购买的产品效果显著，自己成功减重了16斤，因此再次下单购买。
HJ20180908,健康养生,芦荟胶囊饭前饭后吃,1,该用户是在询问芦荟胶囊的具体服用时间，以确认产品使用方式是否适合自己的饮食安排。
HJ20180908,健康养生,喝会失眠吗,1,该用户是在询问产品是否含有导致失眠的成分或副作用。
HJ20180908,健康养生,55岁能减,0,该用户想询问产品是否适合55岁人群使用以达到减肥效果。
HJ20180908,健康养生,有什么副作用吗,1,该用户是在询问产品的安全性或潜在不良反应，表现出对健康风险的顾虑和进一步了解产品细节的意愿。
HJ20180908,健康养生,"喝咖啡减了14斤,很满意",0,该用户想表达的含义是：通过饮用这款咖啡达到了显著的减肥效果（减重14斤），并对产品效果感到满意。
HJ20180908,健康养生,顽固胖,0,该用户想表达的含义是：自己是很难减重的体质，想询问产品是否对顽固性肥胖有效。
HJ20180908,健康养生,你家咖啡真的很好用,1,该用户想表达的含义是：对这款咖啡的减肥效果感到满意并认可其功效。
HJ20180908,健康养生,"165斤,拍了两单哈",0,该用户想表达的含义是：自己体重165斤，已经购买了两份该减肥产品。
HJ20180908,健康养生,一天吃饭咋吃,1,该用户可能在询问产品的每日食用方法或建议的服用频率。
HJ20180908,健康养生,经期可以吗,1,该用户想询问产品是否适合在生理期间使用。
HJ20180908,健康养生,"我减了16斤,确实好,让老公也喝了",0,该用户想表达的含义是：使用产品后自己成功减重，效果显著，因此推荐给家人尝试。
HJ20180908,健康养生,我133斤直接拍了两单,0,该用户想表达的含义是：自己体重133斤，出于对产品效果的信任直接购买了两份。
HJ20180908,健康养生,忌口吗,1,该用户可能是想询问该产品是否有饮食禁忌或服用时的注意事项。
HJ20180908,健康养生,我喝减肥套餐瘦了31斤,0,该用户想通过分享自身显著减重效果来佐证产品的有效性，以此激发其他观众的购买欲望。
HJ20180908,健康养生,114斤我需要拍一单吗,1,该用户是在询问自己114斤的体重是否需要购买该减肥产品来达到理想效果。
HJ20180908,健康养生,用多喝水吗?,1,该用户可能在询问是否需要购买多份该产品（如减肥咖啡）以达到更好的效果。
HJ20180908,健康养生,"回购2单,已经减了8斤",0,该用户想表达的含义是：自己之前购买该产品后成功减重8斤，出于对效果的满意决定再次购买两单。
HJ20180908,健康养生,"我喝1单,瘦了10斤",0,该用户想表达的含义是：自己购买了这款产品后成功减重了10斤，以此证明产品的效果。
HJ20180908,健康养生,喝完咖啡多久吃饭,1,该用户是在询问饮用该减肥咖啡后需要间隔多长时间才能进食，以了解产品的使用方法和注意事项。
HJ20180908,健康养生,"这老做减肥产品,不文明",0,该用户可能是在抱怨直播间频繁推销减肥产品，认为这种过度营销行为不够得体或令人反感。
HJ20180908,健康养生,中午喝吗,1,该用户可能在询问产品是否适合在午餐时段饮用。
HJ20180908,健康养生,不忌口都可以瘦,0,该用户想表达的含义是：这款产品不需要控制饮食也能达到减肥效果。
HJ20180908,健康养生,"老公减了25斤,比我减得多很多",0,该用户想表达的含义是：伴侣使用该产品后效果显著，自己也想尝试购买。
HJ20180908,健康养生,"减的确实很快,一单我减了22斤",0,该用户想表达的含义是：这款产品减肥效果显著，自己购买后成功减掉了22斤。
HJ20180908,健康养生,一单快喝完了减了8斤,0,该用户想表达的含义是：购买并使用了一单产品后体重减轻了8斤，效果令人满意。
HJ20180908,健康养生,会失眠吗,1,该用户可能在询问产品是否会导致失眠副作用，担心饮用后影响睡眠。
HJ20180908,健康养生,我减了7斤了,0,该用户想表达的含义是：使用产品后已有效果，暗示对产品效果的认可或继续购买的意向。
HJ20180908,健康养生,"我一单减了25斤,还不拉肚子,特别好",1,该用户想表达的含义是：这款产品减肥效果显著且安全可靠，自己使用后成功减重且没有不良反应。
HJ20180908,健康养生,"我之前喝过很多家产品都拉肚子,就你家的不拉肚子,我还减了26斤",1,该用户想表达的含义是：对比其他品牌后，认可该产品效果显著且无副作用，并分享了自己的成功减肥经历以增强可信度。
HJ20180908,健康养生,"都60岁了,拍了一单,吃上也不往下减",0,该用户想表达的含义是：虽然年纪大了，但还是下单尝试了这款减肥产品，希望能有效果但不会对身体造成负担。
HJ20180908,健康养生,男的能减肥吗?男的能减肥吗?男的能减肥吗?男的能减肥吗?,1,该用户可能是男性观众，在反复询问产品是否对男性同样有效，隐含潜在购买意向但需要确认适用性。
HJ20180908,健康养生,瘦下来之后怎么保持身材?还需要喝吗?,1,该用户是在询问产品停用后如何维持减肥效果，以及是否需要继续服用以巩固成果。
HJ20180908,健康养生,高血压可以能喝吗?,1,该用户是在询问该产品是否适合高血压人群饮用。
HJ20180908,健康养生,"我减下来了,现在我身边好多人都在跟着我一起喝",0,该用户想表达的含义是：这款减肥产品效果显著，自己成功减重后还带动了周围人一起购买使用。
HJ20180908,健康养生,一单喝多酒,1,该用户可能是在询问购买一单产品后饮酒是否会影响减肥效果或产生不良反应。
HJ20180908,健康养生,"真的可以瘦,我减了18斤了",0,该用户想表达的含义是：这款产品确实有效果，自己通过使用成功减重了不少。
HJ20180908,健康养生,拉不拉肚子,1,该用户是在询问该减肥产品是否会引起腹泻等副作用。
HJ20180908,健康养生,就早上喝一次咖啡吗,1,该用户可能在询问产品的使用频率，即是否只需在早上饮用一次咖啡就能达到减肥效果。
HJ20180908,健康养生,过敏性荨麻疹可以吗,1,该用户是在询问该减肥产品是否适合过敏性荨麻疹患者使用。
HJ20180908,健康养生,"我正常吃饭,一单减了12斤",0,该用户想表达的含义是：在不改变日常饮食习惯的情况下，仅通过使用该产品就成功减重了12斤。
HJ20180908,健康养生,这鼻子,0,该用户可能在询问直播中展示的减肥产品是否会导致鼻子相关的副作用（如嗅觉变化或过敏反应）。
HJ20180908,健康养生,"我也是老顾客,买了好多单真的很好",0,该用户想表达的含义是：作为长期支持者，我对产品效果非常满意并持续复购。
HJ20180908,健康养生,哺乳期可以喝吗,1,该用户是在询问产品是否适合哺乳期女性使用，隐含对产品安全性的顾虑和潜在的购买意向。
HJ20180908,健康养生,150斤,1,该用户可能是想询问产品对体重150斤的人是否有效，或分享自己目前体重为150斤并关注减肥效果。
HJ20180908,健康养生,拍了三单让我老公和我一起喝,0,该用户想表达的含义是：自己和丈夫都对该产品感兴趣，已经下单购买并打算一起使用。
HJ20180908,健康养生,140斤怎么拍,1,该用户是在询问自己体重140斤应该选择购买哪种规格或套餐的产品。
HJ20180908,健康养生,拍了3单,0,该用户想表达的含义是：已经下单购买了3份产品，打算和家人一起使用。  （结合前文语境，直播间在推销减肥产品，且弹幕中多次提到“拍单”即下单购买，并有用户提及“让我老公和我一起喝”，因此“拍了3单”更可能是实际购买行为，而非单纯表达兴趣。）
HJ20180908,健康养生,"喝咖啡减了14斤,很满意",0,该用户想表达的含义是：通过饮用该产品成功减重且效果令人满意。  （结合前文弹幕语境，用户是在分享自身减肥成果，强调产品有效性，并隐含对产品的认可或推荐倾向。）
HJ20180908,健康养生,"减的确实很快,一单我减了22斤",0,该用户想表达的含义是：这款产品减肥效果显著，自己购买后成功减重了22斤。
HJ20180908,健康养生,穿着收腹的了吧,0,该用户想表达的含义是：主播穿的衣服是不是有收腹效果。  （结合前文弹幕多围绕减肥、身材管理等话题，用户可能是在观察主播的穿着是否与产品效果相关，或对主播的体型变化产生兴趣。）
HJ20180908,健康养生,减肥三餐正常吃不加餐,0,该用户可能想确认该减肥产品是否允许正常饮食而不需额外控制，同时关注其实际效果是否如宣传所言。
HJ20180908,健康养生,一单能减几斤,1,该用户想询问购买一个订单的产品能帮助减掉多少体重。
HJ20180908,健康养生,腹带戴的,0,该用户可能在询问主播展示的腹带是否已经穿戴在身上。
HJ20180908,健康养生,你那鼻子都挺挺,0,该用户可能在调侃主播的外貌，暗示主播的鼻子看起来像是做过整形或使用了美颜效果。
HJ20180908,健康养生,喝几天可以看到效果呢,1,该用户是在询问产品见效所需的时间，表现出对产品效果的关注和潜在的购买意向。
HJ20180908,健康养生,你家咖啡真的很好用,0,该用户想表达的含义是：对这款咖啡的减肥效果感到满意并认可其品质。
HJ20180908,健康养生,胶囊饭后吃了?,1,该用户可能在询问服用该减肥产品（胶囊）后是否需要配合饭后食用以达到最佳效果。
HJ20180908,健康养生,我喝完一单减了7斤多,0,该用户想表达的意思是：购买并使用这款产品后，自己成功减重了7斤多。
HJ20180908,健康养生,经期可以吗,1,该用户是在询问该产品是否适合经期女性使用。
HJ20180908,健康养生,未成年能喝吧,1,该用户是在询问该产品是否适合未成年人饮用。
HJ20180908,健康养生,吃元饭能吃水果吗,1,该用户可能是在询问减肥期间正常吃饭时是否可以同时食用水果。
HJ20180908,健康养生,影响睡眠不?,1,该用户是在询问该产品是否会对睡眠质量产生负面影响。
HJ20180908,健康养生,"你家咖啡效果确实很明显,又回购了1单",0,该用户想表达的含义是：对产品效果满意并已再次购买以继续使用。
HJ20180908,健康养生,不加餐水果可以吃吗,1,该用户是在询问减肥期间如果不额外加餐，是否可以正常食用水果。
HJ20180908,健康养生,备孕可以喝吗?,1,该用户是在询问该产品是否适合备孕期间饮用，关注点在于产品的安全性和适用人群。
HJ20180908,健康养生,能喝酒吗,1,该用户可能是在询问该减肥产品是否与饮酒存在冲突，或者饮酒期间能否正常使用该产品。
HJ20180908,健康养生,有什么副作用吗,1,该用户是在询问产品使用后可能产生的不良反应或健康风险。
HJ20180908,健康养生,158高104斤,1,该用户想表达的含义是：询问自己身高158厘米、体重104斤的情况是否适合使用这款减肥产品。
HJ20180908,健康养生,1201米50,1,该用户想表达的含义是：身高1米2、体重50斤的孩子可以使用这款产品吗？
HJ20180908,健康养生,一天咋吃饭,1,该用户可能在询问使用该减肥产品期间每日的饮食安排或注意事项。
HJ20180908,健康养生,"真的可以瘦,我减了18斤了",0,该用户想表达的含义是：这款产品确实有效果，自己使用后成功减重了不少。
HJ20180908,健康养生,168/130拍几单,1,该用户想询问自己的身高168厘米、体重130斤的情况下应该购买多少份产品才能达到理想的减肥效果。
HJ20180908,健康养生,"我是刚生完孩子小肚子大,喝完两单肚子小了好多",0,该用户想表达的含义是：这款产品对产后身材恢复效果显著，自己使用后腹部明显变小，因此再次购买。
HJ20180908,健康养生,肚子咋回事,0,该用户可能是想询问产品对腹部减脂的效果或适用性。
HJ20180908,健康养生,我139多斤怎么拍,1,该用户想询问自己体重139斤应该选择购买哪个规格或数量的产品。
HJ20180908,健康养生,肉为啥成那样,0,该用户可能在询问直播中展示的肉类产品为何呈现某种特定状态（如颜色、质地等），表达了对商品外观或品质的疑惑和关注。
HJ20180908,健康养生,"我喝咖啡减12斤了,又回购了",0,该用户想表达的含义是：这款咖啡的减肥效果显著，自己亲身体验后决定再次购买。
HJ20180908,健康养生,你家咖啡比我喝其他家减的都多,0,该用户想表达的含义是：相比其他品牌，你们家的咖啡减肥效果更显著。
HJ20180908,健康养生,一单快喝完了减了8斤,0,该用户想表达的意思是：之前购买的这款产品效果不错，自己已经减掉了8斤，快喝完一单了。
HJ20180908,健康养生,一单能瘦几斤啊,1,该用户是在询问购买该产品后预期的减肥效果如何。
HJ20180908,健康养生,"二十多斤,六十一岁一米五",0,该用户想表达的含义是：自己身高一米五、体重二十多斤、年龄六十一岁，询问应该如何购买产品或调整用量。
HJ20180908,健康养生,我喝了咖啡15天减了16斤,0,该用户想表达的含义是：这款咖啡的减肥效果显著，自己亲身验证了短期内减重明显。
HJ20180908,健康养生,兔子这么难看呀,0,该用户可能是在吐槽直播中展示的某款产品（如咖啡或其他商品）的外观设计或效果展示不够吸引人，表达了对产品视觉呈现的不满或失望。
HJ20180908,健康养生,"你家减肥套餐确实好,我都减了31斤了,介绍了好多朋友过来拍了",1,"该用户想表达的含义是：通过亲身体验验证了产品的显著效果，并主动推荐给他人以表达对品牌的认可和信任。  （释义逻辑：结合前文弹幕中频繁出现的减肥效果反馈、复购行为及具体数据，可推断该用户以成功案例强化产品可信度，同时通过""介绍朋友""体现社交传播动机，符合直播间常见的口碑营销语境。）"
HJ20180908,健康养生,都是褶皱,0,该用户可能在质疑产品包装或外观不够平整美观。
HJ20180908,健康养生,"喝一个月减了13斤,继续喝",0,该用户想表达的含义是：使用该产品后已有效减重，打算继续坚持服用以维持效果。
HJ20180908,健康养生,我就是正常吃饭一单减了17斤,0,该用户想表达的含义是：通过正常饮食配合产品使用，成功减重了17斤。
HJ20180908,健康养生,"160斤,身高1.58拍几单",1,该用户想表达的含义是：询问以自己160斤的体重和1.58米的身高，应该购买多少份产品才能达到理想的减肥效果。
HJ20180908,健康养生,你家的不拉肚子我还减了22斤,0,该用户想表达的含义是：使用你家的产品后不仅没有肠胃不适，还成功减重了22斤。
HJ20180908,健康养生,"红姐我喝你家减肥咖啡都减了15斤了,今天再来拍一单",0,该用户想表达的含义是：对产品效果非常满意并打算再次购买以继续使用。
HJ20180908,健康养生,"我喝1单,瘦了10斤",0,该用户想表达的意思是：我购买了一单这款产品，使用后成功减掉了10斤体重。
HJ20180908,健康养生,"我拍了1单,能减几斤啊",1,该用户是在询问购买一份产品后预计能达到的减肥效果。
HJ20180908,健康养生,骨头吓人,0,该用户可能是对直播中展示的某样产品或效果感到不适或害怕，认为其外观或表现方式令人恐惧。
HJ20180908,健康养生,"我1米5,96斤,想瘦10斤,可以吃吗",1,该用户是在询问自己当前的身高体重情况是否适合使用直播间推荐的减肥产品，并希望了解该产品能否帮助她达成减重10斤的目标。
HJ20180908,健康养生,"我喝你们这个减肥套餐一单了,减了9斤了",0,该用户是在分享自己使用该减肥套餐后的显著效果，以此表达对产品的认可和潜在的回购意愿。
HJ20180908,健康养生,乳腺增生可以喝吗,1,该用户是在询问直播间推销的减肥产品是否适合乳腺增生患者饮用。
HJ20180908,健康养生,瘦了之后怎么保持身材?还需要经常喝吗?,1,该用户可能在询问减肥产品见效后是否需要持续使用来维持效果。
HJ20180908,健康养生,"我喝了一单减了11斤,今天又来回购了",0,该用户想表达的意思是：之前购买并饮用产品后成功减重11斤，现在因效果显著而再次下单购买。
HJ20180908,健康养生,拍完了,0,该用户想表达的含义是：我已经下单购买了产品。
HJ20180908,健康养生,"我106斤,一单减了7斤,确实不错,在拍一单",1,该用户想表达的含义是：自己使用该减肥产品后效果显著（从106斤减到99斤），因此决定再次购买以继续减肥。
HJ20180908,健康养生,应该是吸脂了,0,该用户可能是在质疑主播或产品效果，认为展示的减肥成果并非自然减重而是通过吸脂手术实现的。
HJ20180908,健康养生,"我老顽固性了,喝了几天真开始减了,今天又来回购一单",0,该用户想表达的含义是：自己长期减肥效果不佳，但尝试该产品后初见成效，因此决定再次购买以继续使用。
HJ20180908,健康养生,"我喝了不行,这可能因人而异吧",0,该用户可能想表达自己对产品的效果持保留态度，暗示自己服用后没有明显效果，但承认个体差异存在。
HJ20180908,健康养生,太瘦难看,0,该用户可能是在质疑产品效果过于极端，认为过度消瘦影响美观。
HJ20180908,健康养生,"150斤,喝多少?",1,该用户想询问自己体重150斤的情况下需要购买多少份（或服用多久）该减肥产品才能见效。
HJ20180908,健康养生,敏敏咋那么高[赞][赞],0,该用户是在夸赞主播（敏敏）的身材高挑出众，表达对主播外形的欣赏和认可。
HJ20180908,健康养生,回购了三单加急发货,0,该用户想表达自己已经多次购买该产品并希望尽快收到货，显示出对该减肥产品的高度信任和持续消费意愿。
HJ20180908,健康养生,我婆婆65岁一单瘦了7斤,0,该用户想表达的含义是：我婆婆65岁高龄，服用这款产品后成功减重7斤，效果显著。
HJ20180908,健康养生,一单能减几斤,1,该用户是在询问购买一单产品后预计能减掉多少体重。
HJ20180908,健康养生,敏敏好瘦啊[捂脸],0,该用户是在感叹主播身材苗条，并带有调侃或惊讶的语气。
HJ20180908,健康养生,我拍了两单,0,该用户想表达的含义是：我已经下单购买了两份该减肥产品。
HJ20180908,健康养生,"一直喝你家咖啡,今天太划算了,抢了4单",0,该用户想表达的是：作为老顾客觉得本次促销力度大，果断囤了多份产品。
HJ20180908,健康养生,一单瘦多少,1,该用户是在询问购买该减肥产品后，使用一个订单的量能减掉多少体重。
HJ20180908,健康养生,能正常吃饭吗,1,该用户可能是在询问这款减肥产品是否会影响正常饮食功能或需要节食配合。
HJ20180908,健康养生,我减了7斤了,0,该用户想表达的含义是：使用该减肥产品后已取得明显效果，体重下降了7斤。
HJ20180908,健康养生,芦荟胶囊拉肚子的吧,0,该用户是在质疑芦荟胶囊可能导致腹泻的副作用。
HJ20180908,健康养生,你家咖啡真的很好用,1,"该用户想表达的含义是：这款咖啡的减肥效果让我很满意。 （结合前文弹幕中频繁出现的减肥效果讨论和回购行为，此处""好用""在直播语境中特指产品达到了用户预期的减重功效，而非字面的使用体验。）"
HJ20180908,健康养生,他尿病人能不能吃,1,该用户可能在询问直播中推销的产品是否适合糖尿病患者食用。
HJ20180908,健康养生,回购了两单加急,0,该用户想表达自己因对产品效果满意而再次购买了两份并选择了快速发货服务。
HJ20180908,健康养生,你那好像抽脂肪了,0,该用户可能是在调侃或质疑主播身材变化明显，暗示其通过抽脂等非自然方式快速瘦身。
HJ20180908,健康养生,"我喝咖啡减12斤了,又回购了",0,该用户想表达的含义是：通过持续饮用这款咖啡成功减重后，出于对产品效果的认可再次下单购买。
HJ20180908,健康养生,红姐多少斤,0,该用户是在询问主播“红姐”使用该产品后体重减轻的具体数值。
HJ20180908,健康养生,红姐身上的牌子多钱,0,该用户想询问主播身上穿的品牌服装的价格，表现出对商品的购买兴趣。
HJ20180908,健康养生,"你家咖啡效果确实很明显,又回购了1单",1,该用户想表达的含义是：对产品效果表示认可并已再次下单购买。
HJ20180908,健康养生,糖尿病能不能吃?,1,该用户是在询问直播中推销的产品是否适合糖尿病患者食用。
HJ20180908,健康养生,一单瘦了13斤[笑哭]满意,0,该用户想表达的含义是：自己使用产品后成功减重13斤，对效果感到非常满意并带有调侃的喜悦。
HJ20180908,健康养生,需要控制饮食吗,1,该用户是在询问产品是否需要配合饮食控制才能达到减肥效果。
HJ20180908,健康养生,不吃东西了吗今晚[捂脸],0,该用户可能在委婉询问直播间的减肥产品是否需要节食，同时用调侃语气表达对减肥效果的关注。
HJ20180908,健康养生,"喝一个月减了13斤,继续喝",0,该用户想表达的含义是：使用该产品后取得了显著的减肥效果（减重13斤），并打算继续坚持使用以维持或进一步提升效果。
HJ20180908,健康养生,一单最少掉几个了,1,该用户是在询问购买一单产品后平均能减掉多少斤体重。
HJ20180908,健康养生,120斤以上拍2单,0,该用户想表达的含义是：体重超过120斤的人需要购买两份产品才能达到预期效果。
HJ20180908,健康养生,羡慕你们的身材,0,该用户可能是在看到其他观众分享减肥成果后，表达对自己身材的不满并隐含对产品效果的向往。
HJ20180908,健康养生,"怎么喝,刚进来",1,该用户可能是新进入直播间的观众，在询问产品的具体饮用方法或使用方式。
HJ20180908,健康养生,"回购两单,老顾客了加急发货",0,该用户想表达的含义是：作为多次购买的老客户，这次又下了两单并希望优先处理发货。  （分析依据：结合前文弹幕中频繁出现的“回购”“效果明显”等关键词，可推断该直播间在销售减肥类产品，用户通过强调“老顾客”身份和“加急”需求，既表达对产品的认可，也隐含对服务的期待。）
HJ20180908,健康养生,"我是老顾客,又来回购了三单加急",0,该用户想表达的含义是：作为忠实客户，我再次购买了多份产品并要求优先发货。
HJ20180908,健康养生,红姐多久瘦下来的,0,该用户是在询问主播（红姐）通过使用直播间推荐的产品（可能是咖啡或其他减肥产品）达到明显瘦身效果所花费的时间。
HJ20180908,健康养生,"效果真的很好,我已经减了11斤了",0,该用户想表达的含义是：对产品效果表示认可并分享自己的使用成果，暗示继续购买或推荐的意愿。
HJ20180908,健康养生,"我喝你家的咖啡减了43斤,现在我身边的朋友都在喝",0,该用户想表达的含义是：这款咖啡的减肥效果非常显著，不仅自己成功减重，还带动了周围朋友一起购买。
HJ20180908,健康养生,血压高的能喝吗?,1,该用户是在询问这款产品是否适合高血压人群饮用，表现出对产品适用性的顾虑和潜在的购买意向。
HJ20180908,健康养生,主播说的是真的,0,该用户可能是在认同主播对产品效果的宣传，暗示自己也相信产品的真实性并考虑购买。
HJ20180908,健康养生,我也瘦了,0,该用户想表达自己通过使用产品也取得了减肥效果。
HJ20180908,健康养生,"我是刚生完孩子小肚子大,喝完两单肚子小了好多",0,该用户想表达的含义是：这款产品对产后身材恢复效果显著，自己使用后腹部明显瘦了，因此再次购买了两份。
HJ20180908,健康养生,喝这个可以喝别的咖啡吗,1,该用户是在询问饮用这款减肥咖啡期间是否可以同时饮用其他咖啡产品。
HJ20180908,健康养生,这八盒吃多久,1,该用户是在询问购买八盒产品大约能使用多长时间，以此评估购买量和性价比。
HJ20180908,健康养生,肚皮吓人,0,该用户可能是在惊叹产品对瘦肚子的显著效果，暗示自己的肚腩变化明显到令人惊讶。
HJ20180908,健康养生,"你家咖啡搭配喝减的真的很快,我减了28斤",1,该用户想表达的含义是：这款咖啡的减肥效果非常显著，自己通过搭配饮用成功减重了28斤。
HJ20180908,健康养生,这吓人了,0,该用户可能是被其他观众分享的显著减肥效果震惊到了，觉得效果惊人到有些不可思议。
HJ20180908,健康养生,怎么喝?,1,该用户是在询问产品的具体饮用方法或使用方式。
HJ20180908,健康养生,三餐正常吃都可以瘦,0,该用户想表达的含义是：这款产品效果显著，即使保持正常饮食也能达到减肥效果。
HJ20180908,健康养生,我154斤拍两单能减多少?,1,该用户是在询问自己体重154斤的情况下，如果购买两单产品预计能减掉多少斤。
HJ20180908,健康养生,怎么吃的,1,该用户是在询问产品的具体食用方法或使用频率。
HJ20180908,健康养生,我刚出月子喝了一单减了14斤,0,该用户想表达的是：产后通过使用这款产品成功瘦身，对效果感到满意并分享自己的减重成果。
HJ20180908,健康养生,全身瘦,0,该用户想表达的含义是：询问这款产品是否具有全身减脂的效果。
HJ20180908,健康养生,一单喝几天的,1,该用户是在询问购买一单产品能够满足几天的饮用需求。
HJ20180908,健康养生,拍了一单试试,0,该用户出于对产品效果的半信半疑，决定先少量购买体验效果。
HJ20180908,健康养生,"喝这个不能受,他们都抽纸放了",0,该用户可能是在质疑产品的效果或安全性，表达“喝这个受不了，他们（其他用户）的反馈太夸张了，像是在编造（抽纸放）”。
HJ20180908,健康养生,"我喝咖啡套餐减了22斤,现在男朋友也跟我一起喝",0,该用户想表达的含义是：这款咖啡套餐的减肥效果显著，自己成功减重后还带动了男友一起使用。
HJ20180908,健康养生,"活动太划算了,我又回购了两单",1,该用户被直播间的促销活动和产品效果所打动，认为价格优惠且产品确实有效，因此再次下单购买以继续使用。
HJ20180908,健康养生,"喝咖啡减了14斤,很满意",0,该用户想表达的含义是：通过饮用这款咖啡成功减重14斤，对产品效果感到非常满意并间接推荐。
HJ20180908,健康养生,我没控制都瘦了,0,该用户想表达的含义是：自己在没有刻意控制的情况下，因为使用了这款产品而自然瘦了下来。
HJ20180908,健康养生,"我老公减了14斤,肚子明显小了好多",0,该用户想表达的含义是：这款产品对减重效果显著，自己家人使用后有明显变化。
HJ20180908,健康养生,我是血糖高,0,该用户可能是在询问这款产品是否适合血糖偏高的人群使用，或是担心饮用后对血糖有影响。
HJ20180908,健康养生,66岁能喝吗,1,该用户是在询问这款减肥咖啡产品是否适合66岁的老年人饮用。
HJ20180908,健康养生,"犹犹豫豫了一个多月,今天拍了,期待效果",0,该用户经过长期观望后终于下单，表现出对产品效果的期待和信任。
HJ20180908,健康养生,多少斤啊红姐,0,该用户是在询问主播所推荐产品的规格或重量信息。
HJ20180908,健康养生,"减的确实很快,一单我减了22斤",0,该用户想表达的是：这款产品减肥效果显著，自己购买后成功减掉了22斤。
HJ20180908,健康养生,"我喝1单,瘦了10斤",1,该用户想表达的含义是：自己购买了该产品并成功减重，以此证明产品的有效性并可能鼓励他人购买。
HJ20180908,健康养生,一盒几袋,1,该用户想询问产品包装规格，即一盒中包含多少小袋。
HJ20180908,健康养生,这肚子太难看了,0,该用户可能是在抱怨自己腹部减肥效果不佳，暗示对产品效果的质疑或期待更明显的改善。
HJ20180908,健康养生,东西收到怎么喝,1,该用户想询问购买的产品到货后的具体饮用方法或使用步骤。
HJ20180908,健康养生,"红姐我一直喝你家减肥套餐已经减了46斤,推荐好多同事过来拍了",0,该用户想表达的含义是：作为长期使用产品的受益者，她通过亲身经历验证了产品效果并主动推荐给他人，以此表达对产品的认可和推广意愿。
HJ20180908,健康养生,"我61岁,喝完你的两单咖啡掉了19斤很满意",0,该用户想表达的是：自己61岁，购买并饮用了该咖啡产品后成功减重19斤，对效果感到非常满意。
HJ20180908,健康养生,你咋不说你会呢,0,该用户可能在质疑主播没有充分展示产品的效果或使用方法，暗示主播应该更主动地介绍产品的优势。
HJ20180908,健康养生,咖啡搭配芦荟绝配,0,该用户想表达的含义是：咖啡和芦荟的组合效果非常好，值得推荐或尝试。  （结合前文弹幕中频繁提及的减肥效果和产品体验，用户可能是在分享自己的饮用搭配心得，暗示这种组合对减重或健康有帮助。）
HJ20180908,健康养生,"你家减肥套餐确实好,我都减了31斤了,介绍了好多朋友过来拍了",0,该用户想表达的含义是：通过亲身体验验证了产品的显著效果，并主动推荐给身边朋友以分享成功经验。
HJ20180908,健康养生,"我拍了1单,能减几斤啊",1,该用户想表达的含义是：购买这款产品后预计能减掉多少体重。
HJ20180908,健康养生,可以喝的,0,该用户可能是想询问这款减肥咖啡是否可以直接饮用，或者确认其饮用方式是否简单方便。
HJ20180908,健康养生,主播往前站站,0,该用户可能是想更清楚地观看主播展示的产品细节或效果，以便进一步了解商品信息从而决定是否购买。
HJ20180908,健康养生,可以瘦的,0,该用户想表达的含义是：这款产品是否具有减肥效果。
HJ20180908,健康养生,"肚子怎弄的,吓人",0,该用户可能是看到其他观众分享的减肥效果后，对产品能改善腹部肥胖问题产生了兴趣，但用调侃语气表达了对当前腹部状态的嫌弃。
HJ20180908,健康养生,"我姐姐喝了一单,减了不到八斤",0,该用户想表达的含义是：我姐姐购买了这款产品后体重减轻了不到八斤。
HJ20180908,健康养生,"喝不到两单减了16斤,太好了又来回购了2单",0,该用户想表达的含义是：自己之前购买了两单产品成功减重16斤，因为效果满意所以再次回购了两单。
HJ20180908,健康养生,"我106斤,一单减了7斤,确实不错,在拍一单",1,该用户想表达的意思是：自己使用产品后减重效果明显，打算再次下单购买。
HJ20180908,健康养生,正常吃吗,1,该用户可能在询问这款减肥产品是否需要像普通饮食一样正常食用，而非需要特殊的服用方式或节食配合。
HJ20180908,健康养生,怎么吃?,1,该用户是在询问产品的具体食用方法或服用方式。
HJ20180908,健康养生,红姐你是喝这个收的吗,1,该用户是在询问主播是否通过饮用该产品达到瘦身效果。
HJ20180908,健康养生,"我老顽固性了,喝了几天真开始减了,今天又来回购一单",0,该用户想表达的含义是：自己原本对产品效果持怀疑态度，但亲身体验后确实有效果，因此再次下单购买。
HJ20180908,健康养生,红姐的肚子是生娃生的吗,0,该用户可能是在询问主播的身材变化是否与产品效果有关，以此间接了解产品的真实效果。
HJ20180908,健康养生,控制饮食吗,1,该用户是在询问使用该减肥产品期间是否需要节制饮食来配合效果。
HJ20180908,健康养生,"咖啡瘦了17斤了,确实挺好",0,该用户想表达的含义是：自己通过饮用该产品成功减重17斤，认可其效果。
HJ20180908,健康养生,什么成分,1,该用户想询问产品所含的具体成分或配方。
HJ20180908,健康养生,怎么喝,1,该用户想询问产品的具体饮用方法或使用方式。
HJ20180908,健康养生,"你家咖啡效果确实很明显,又回购了1单",1,该用户想表达的是对产品效果的认可和再次购买的积极反馈，暗示咖啡的减肥效果显著并促使其产生了复购行为。
HJ20180908,健康养生,怎么喝怎么吃的啊?,1,该用户想询问产品的具体使用方法和食用方式。
HJ20180908,健康养生,"扯犊子,扯犊子",0,该用户可能是在质疑主播关于产品效果的宣传，认为其夸大或不可信。
HJ20180908,健康养生,拍了三单让我老公和我一起喝,0,该用户想表达的含义是：自己已经下单购买了三份产品，并打算和丈夫一起使用。
HJ20180908,健康养生,一直在喝你咖啡,0,该用户想表达的含义是：长期饮用这款咖啡并认可其效果。
HJ20180908,健康养生,我也瘦了,0,该用户想表达的含义是：自己通过使用这款产品也成功实现了减肥效果。
HJ20180908,健康养生,正常吃饭吗亲,1,该用户是在询问产品是否需要配合节食才能达到减肥效果。
HJ20180908,健康养生,一单能减几斤,1,该用户是在询问购买一单产品后大约能减掉多少体重。
HJ20180908,健康养生,怎么拍的?,1,该用户想询问产品的具体购买方式或下单流程。
HJ20180908,健康养生,我瘦了超级多,0,该用户想表达的含义是：这款产品帮助我成功减重了很多。
HJ20180908,健康养生,"红姐我一直喝你家减肥套餐已经减了46斤,推荐好多同事过来拍了",0,该用户想表达的含义是：作为长期使用产品的受益者，她通过自身显著效果向他人推荐该减肥套餐，以此证明产品的有效性并间接鼓励他人购买。
HJ20180908,健康养生,正常吃,0,该用户是在询问产品使用时是否需要配合特殊的饮食控制，还是可以保持正常饮食习惯。
HJ20180908,健康养生,会不会失眠,1,该用户可能是在询问该产品是否会导致失眠的副作用。
HJ20180908,健康养生,需不需要多喝水吗,1,该用户想询问使用该减肥产品期间是否需要增加日常饮水量。
HJ20180908,健康养生,可以吃肉吗,1,该用户可能在询问这款减肥产品是否允许正常饮食，尤其是能否摄入肉类。
HJ20180908,健康养生,喝完多长时间吃早餐红姐[爱心][爱心][爱心],1,该用户是在询问饮用产品后需要间隔多久才能吃早餐，表现出对产品使用方法的关注和潜在的购买意向。
HJ20180908,健康养生,坐下吧,0,该用户可能是在调侃或催促主播停止过度宣传产品效果，示意其冷静下来回归正常直播节奏。
HJ20180908,健康养生,看看芦荟是啥样的,1,该用户可能是对直播中提到的芦荟产品产生了好奇，想进一步了解其外观或具体形态。
HJ20180908,健康养生,经期能喝吗?,1,该用户是在询问该产品是否适合在生理期间饮用。
HJ20180908,健康养生,我减了7斤了,0,该用户想表达的含义是：使用你们的产品后我已经成功减重7斤。
HJ20180908,健康养生,我今天又喝了掉了2两,0,该用户想表达的含义是：喝了产品后体重又减轻了2两。
HJ20180908,健康养生,"你家咖啡效果确实很明显,又回购了1单",1,该用户想表达的含义是：对产品的效果感到满意并已再次下单购买。
HJ20180908,健康养生,"我120多斤,61岁",1,该用户可能是在询问这款减肥产品是否适合自己当前的体重和年龄状况。
HJ20180908,健康养生,脖子戴的是什么,0,该用户可能是在询问主播佩戴的饰品或产品相关信息，表达对展示物品的兴趣或好奇。
HJ20180908,健康养生,不吃晚饭的呢?,1,该用户可能在询问产品使用期间是否需要避免晚餐以达到更好的减肥效果。
HJ20180908,健康养生,你是吃这个瘦的啊,0,该用户是在询问主播是否通过使用该产品达到瘦身效果，并隐含对该产品的兴趣和信任。
HJ20180908,健康养生,"我喝你们这个减肥套餐一单了,减了9斤了",0,该用户想表达的含义是：使用该减肥套餐后取得了显著效果，因此对产品表示认可并暗示可能继续支持。
HJ20180908,健康养生,经期可以瘦的,0,该用户想询问这款减肥产品在月经期间是否也能起到瘦身效果。
HJ20180908,健康养生,有效期多久,1,该用户是在询问产品的使用期限或保质期，可能是出于对产品效果持续时间的关心或考虑购买后的长期使用计划。
HJ20180908,健康养生,我就是正常吃饭一单减了17斤,0,该用户想表达的意思是：按照常规饮食搭配这款产品，一单就成功减重了17斤。
HJ20180908,健康养生,下了1单,0,该用户想表达的含义是：已经下单购买了直播间推荐的减肥产品。
HJ20180908,健康养生,"拍了一单,加急发货",0,该用户想表达的含义是：已经下单购买产品并要求尽快配送。
HJ20180908,健康养生,"回购两单,老顾客了加急发货",0,该用户是在表达自己作为忠实客户再次下单，并希望商家优先处理自己的订单。
HJ20180908,健康养生,喝了有什么反应吗,1,该用户想询问该产品的饮用效果或可能产生的身体反应。
HJ20180908,健康养生,肚子太难看了,0,该用户可能是在吐槽自己因肥胖导致的腹部赘肉问题，暗示对直播间的减肥产品产生了兴趣。
HJ20180908,健康养生,"我减了16斤,确实好,让老公也喝了",0,该用户想表达的含义是：自己通过使用该产品成功减重16斤，效果显著，因此推荐给丈夫尝试。
HJ20180908,健康养生,"我喝你家的咖啡减了43斤,现在我身边的朋友都在喝",0,该用户想表达的含义是：这款咖啡的减肥效果非常显著，不仅自己成功减重，还带动了周围朋友一起购买使用。
HJ20180908,健康养生,你老公看见你的肚子有感觉吗?,0,该用户可能是想询问产品对腹部减脂的效果是否明显到能让伴侣注意到变化。
HJ20180908,健康养生,"效果真的很好,我已经减了11斤了",0,该用户是在分享使用产品后的显著减肥效果，以此表达对产品的认可和推荐意向。
HJ20180908,健康养生,怎么又换了?,0,该用户可能在疑惑或抱怨直播中频繁更换展示的产品或话题。
HJ20180908,健康养生,一盒吃多久,1,该用户想询问产品的使用周期，即一盒产品能够维持多长时间的正常用量。
HJ20180908,健康养生,和之前那个咖啡不一样吗,1,该用户可能在询问当前推荐的咖啡产品与之前直播中提到的另一款咖啡是否存在差异，想确认是否是同一款或是否有升级变化。
HJ20180908,健康养生,"刚开始喝了几天,减了3斤,还想再减8斤",0,该用户想表达的含义是：对产品效果感到满意并有意继续使用以达到进一步的减肥目标。
HJ20180908,健康养生,就是看看你这蔫肚皮,0,该用户是在调侃主播的身材，暗示主播的肚子看起来松垮没精神。
HJ20180908,健康养生,"我减下来了,现在我身边好多人都在跟着我一起喝",0,该用户想表达的含义是：自己通过使用该产品成功减肥后，带动了周围不少人一起购买尝试。
HJ20180908,健康养生,"我姐姐让我过来拍的,她都减了35斤了",0,该用户想表达的含义是：因为看到姐姐使用该产品效果显著，所以自己也决定下单购买。
HJ20180908,健康养生,怎么喝,1,该用户是在询问产品的具体饮用方法或使用方式。
HJ20180908,健康养生,"拍了一单,能减几斤",1,该用户想表达的含义是：下单购买产品后预计能减掉多少体重。
HJ20180908,健康养生,拍了拍了,0,该用户想表达的是：我已经下单购买了这款产品。
HJ20180908,健康养生,"肚子太难看了,不感兴趣",0,该用户是在吐槽直播中展示的减肥效果案例（如腹部对比图）缺乏吸引力，表达了对产品宣传方式的反感而非对产品本身的兴趣。
HJ20180908,健康养生,甲亢能喝吗,1,该用户是在询问产品是否适合甲亢患者饮用。
HJ20180908,健康养生,和之前那个不一样吗,1,该用户是在询问当前展示的产品与之前提到的另一款产品是否存在差异。
HJ20180908,健康养生,这肚子抽吧的,0,该用户可能在嘲讽主播展示的减肥效果不佳，暗示肚子依然松弛没有明显改善。
HJ20180908,健康养生,我之前买的不是这样的,0,该用户可能是在质疑当前展示的产品与之前购买的产品存在差异，表达了对产品不一致的困惑或不满。
HJ20180908,健康养生,到手8盒真的很给力,0,该用户想表达的含义是：这次促销活动的优惠力度很大，购买8盒很划算。
HJ20180908,健康养生,先买1单试试看,1,该用户想表达的含义是：出于对产品效果的初步信任，打算先少量购买体验一下效果。
HJ20180908,健康养生,真吓人啊,0,该用户可能是在吐槽主播展示的减肥效果或产品宣传过于夸张，感到难以置信或反感。
HJ20180908,健康养生,"马上喝完第二单,减了23斤",0,该用户想表达的含义是：产品效果显著，自己已经通过持续使用成功减重，并准备复购以维持效果。
HJ20180908,健康养生,正常吃喝一单瘦了11斤[赞],0,该用户想表达的含义是：按照常规饮食搭配这款产品，下单使用后成功减重了11斤，并对效果表示满意和称赞。
HJ20180908,健康养生,14岁的孩子可以喝吗?,1,该用户是在询问产品是否适合青少年饮用，隐含对产品安全性和适用年龄的顾虑。
HJ20180908,健康养生,"喝咖啡一单减了15斤了,确实好",0,该用户想表达的含义是：自己通过喝这款咖啡成功减重15斤，效果确实不错。
HJ20180908,健康养生,"我草,这台腻歪人了",0,该用户想表达的含义是：这内容太让人反感了，看不下去。
HJ20180908,健康养生,"拍了,加急",0,该用户想表达的含义是：已经下单购买并希望尽快发货。
HJ20180908,健康养生,露出来多丑,0,该用户可能是在吐槽主播展示的减肥效果对比图中身材不够美观，表达对产品宣传方式的反感或不认同。
HJ20180908,健康养生,"喝了一单,减快9斤,很满意",0,该用户想表达的含义是：购买并饮用了产品后，成功减重近9斤，对效果感到非常满意。
HJ20180908,健康养生,"我是特顽固体质喝完咖啡20天,减了11斤",0,该用户想表达的含义是：这款咖啡的减肥效果显著，连我这种很难瘦的体质都在短期内减重明显。
HJ20180908,健康养生,效果巨好升级款[你好呀],0,该用户想表达的含义是：这款升级版产品的效果非常显著，表示认可和赞赏。
HJ20180908,健康养生,"红姐我姐姐喝你家咖啡减了39斤,我今天也过来拍了",0,该用户想表达的意思是：因为看到别人使用这款咖啡有明显减肥效果，自己也产生了信任并下单购买。
HJ20180908,健康养生,"活动太划算了,我又回购了两单",0,该用户被直播间的优惠活动和产品效果所打动，认为价格实惠且值得再次购买，因此下单了两份。
HJ20180908,健康养生,"成花肚皮了,肚皮太难看了",0,该用户可能是在吐槽直播中展示的产品效果或外观令人不满意，暗示对产品缺乏购买兴趣。
HJ20180908,健康养生,"喝了减肥套餐2单了,减了18斤",0,该用户想表达的含义是：自己已经购买了两份减肥套餐并取得了明显的减重效果，暗示产品确实有效并可能带有推荐意图。
HJ20180908,健康养生,一盒里几袋?,1,该用户可能是在询问产品包装规格，想了解单盒包含的具体数量以便评估是否值得购买。
HJ20180908,健康养生,就是之前的哦!升级了,0,该用户想表达的含义是：现在这款产品是之前版本的改良升级款。
HJ20180908,健康养生,肚子好难看,0,该用户可能是在抱怨减肥产品导致皮肤松弛或出现妊娠纹样的痕迹，暗示对产品效果的负面反馈。
HJ20180908,健康养生,"就是看红姐那么能吃,还不胖,就正明一切[爱心][爱心][爱心]",0,该用户想表达的意思是：红姐的亲身经历证明了这款产品的效果可信，因为既能享受美食又不会发胖。
HJ20180908,健康养生,我139多斤怎么拍,1,该用户是在询问自己体重139斤的情况下应该选择购买哪种规格或套餐的产品。
HJ20180908,健康养生,看看产品?,1,该用户想表达的含义是：对直播中展示的产品感到好奇，希望主播详细介绍或展示产品信息。
HJ20180908,健康养生,忌口吗,1,该用户可能是想询问该减肥产品是否有饮食禁忌或服用时的注意事项。
HJ20180908,健康养生,什么味道,1,该用户可能是在询问直播中提到的减肥产品或咖啡的具体口味或风味。
HJ20180908,健康养生,"一单瘦了12斤,效果真的很好",0,该用户是在分享自己使用产品后的显著减肥效果，以此表达对产品的认可和推荐。
HJ20180908,健康养生,去年卖的也是这家,0,该用户想表达的含义是：这款产品去年也是同一个品牌在销售。
HJ20180908,健康养生,主播漂亮[赞][赞][赞][赞][赞],0,该用户想表达的含义是：通过称赞主播的外貌来拉近距离，可能对直播内容或产品产生好感并有意向购买。
HJ20180908,健康养生,我就是正常吃饭一单减了17斤,0,该用户想表达的含义是：通过正常饮食配合产品使用，成功减重了17斤。
HJ20180908,健康养生,我宁可瘦肚皮这样无所谓,0,该用户想表达的含义是：即使瘦身后肚皮松弛不好看，但为了减肥效果也愿意接受。
HJ20180908,健康养生,好喝的,0,该用户是在称赞直播中推销的减肥咖啡口感不错，暗示对产品有好感并可能产生购买意向。
HJ20180908,健康养生,一单喝多久,1,该用户是在询问购买一单产品能够维持多长时间的饮用需求。
HJ20180908,健康养生,怎么都是好评啊,0,该用户可能对直播间清一色的好评感到怀疑，暗示是否存在刷评或信息不真实的情况。
HJ20180908,健康养生,"减肥的更新成芦荟,拍单试一下,我是工作做着的",0,"该用户想表达的含义是：我正在工作时下单尝试把减肥产品换成芦荟款。  （结合前文语境：直播间主打减肥产品，用户提及""减肥""""芦荟""和""拍单""时，隐含对比其他弹幕中频繁出现的""减XX斤""""回购""等购买行为，且用""试一下""表明尝新意愿，同时用""工作做着""解释匆忙下单的随意性，符合直播间的促销 urgency 氛围。）"
HJ20180908,健康养生,怎么吃啊,1,该用户可能是在询问产品的食用方法或具体使用方式。
HJ20180908,健康养生,肚子是生娃生的吗,0,该用户可能在询问产品是否对产后腹部松弛有改善效果。
HJ20180908,健康养生,刚进来怎么吃,1,该用户想询问新观众该如何参与购买或使用当前直播中推荐的减肥产品。
HJ20180908,健康养生,怎么吃,1,该用户想询问产品的具体食用方法或服用方式。
HJ20180908,健康养生,瘦了我的也这样[捂脸],0,该用户想表达的含义是：自己也有类似的瘦身经历或身体特征，对此感到无奈或自嘲。
HJ20180908,健康养生,"你家减肥套餐确实好,我都减了31斤了,介绍了好多朋友过来拍了",0,该用户想表达的含义是：自己使用该减肥套餐效果显著并主动推荐给他人，以此证明产品的有效性并间接鼓励其他观众购买。
HJ20180908,健康养生,这99能吃几天,1,该用户是在询问产品的使用时长，关心99元购买的套餐能够维持多少天的用量。
HJ20180908,健康养生,咖啡和益生菌用加芦荟吗,1,该用户是在询问产品组合的搭配方式，想知道咖啡和益生菌是否需要额外添加芦荟成分来增强效果。
HJ20180908,健康养生,"第1单咖啡减了9斤,第2单开始喝起来",0,该用户想表达的含义是：第一次购买这款咖啡后成功减重9斤，现在准备继续回购坚持饮用。
HJ20180908,健康养生,"我下单了,加急发货",0,该用户表达了明确的购买意向并希望尽快收到商品。
HJ20180908,健康养生,拍了两单怎么喝呀?,1,该用户可能是在询问购买的两单产品该如何搭配饮用才能达到理想效果。
HJ20180908,健康养生,红姐别生气,0,该用户可能在安抚主播情绪，暗示她别因直播间争议或质疑影响心情。
HJ20180908,健康养生,吃降压药有影响么?,1,该用户可能是在询问直播中推销的减肥产品是否会对正在服用降压药的消费者产生不良影响。
HJ20180908,健康养生,"我是刚生完孩子小肚子大,喝完两单肚子小了好多",0,该用户想表达的含义是：这款产品对产后瘦身效果显著，自己使用后明显改善了腹部肥胖问题。
HJ20180908,健康养生,你家的不拉肚子我还减了22斤,0,该用户想表达的含义是：使用你家的产品后不仅没有肠胃不适，还成功减重了22斤。
HJ20180908,健康养生,我一130拍哪个,1,该用户想表达的含义是：我的身高是130厘米，应该选择购买哪款产品？
HJ20180908,健康养生,这肚皮能装食物[龇牙],0,该用户是在调侃自己的肚子大，可能是在询问或暗示这款减肥产品是否有效。
HJ20180908,健康养生,150个子140斤怎么拍?,1,该用户想表达的含义是：身高150厘米体重140斤应该选择哪个购买选项。
HJ20180908,健康养生,怎么喝减下去了吗,0,该用户想询问减肥产品的具体饮用方法或使用步骤。
HJ20180908,健康养生,一单能减几斤,1,该用户是在询问购买一单产品后预计能减掉多少体重。
HJ20180908,健康养生,"马上喝完一单了,真没想到减了10斤,又拍了2单",0,该用户想表达的含义是：自己通过使用该产品成功减重10斤，效果超出预期，因此又复购了两份。
HJ20180908,健康养生,你男人会不感兴趣,0,该用户可能是在调侃或质疑产品对男性消费者的吸引力，暗示男性可能不会对这种减肥产品感兴趣。
HJ20180908,健康养生,"我减下来了,现在我身边好多人都在跟着我一起喝",0,该用户想表达的含义是：自己通过使用该产品成功减肥，并带动了周围的人也跟随购买尝试。
HJ20180908,健康养生,味道还不错不苦睡得着,0,该用户想表达的含义是：这款产品的口感可以接受且效果不错，没有副作用还能帮助睡眠。
HJ20180908,健康养生,"我减了16斤,确实好,让老公也喝了",0,该用户想表达的含义是：自己通过使用产品成功减重，效果显著，因此推荐给家人尝试。
HJ20180908,健康养生,"你家咖啡效果确实很明显,又回购了1单",1,该用户想表达的含义是：对产品的效果感到满意并已再次购买。
HJ20180908,健康养生,一单喝几天,1,该用户是在询问购买一单产品能够满足几天的饮用需求，以评估购买量和性价比。
HJ20180908,健康养生,这肚子太吓人啦,0,该用户可能是惊叹于其他观众分享的减肥效果，表达对产品显著瘦身效果的惊讶或赞叹。
HJ20180908,健康养生,好丑呀,0,该用户可能是在调侃或表达对直播中展示的某样产品（如身材对比效果或产品外观）的不满或戏谑态度。
HJ20180908,健康养生,你男人会不感兴趣的,0,该用户可能在质疑产品对男性消费者的吸引力不足，暗示其男性伴侣可能不会喜欢这款产品。
HJ20180908,健康养生,那怎么吃啊,1,该用户是在询问产品的具体食用方法，可能是出于对产品效果感兴趣或考虑购买后的使用问题。
HJ20180908,健康养生,难看又不跟你过[笑哭],0,该用户是在用调侃的语气表达对产品效果的认可，暗示虽然产品外观或宣传方式不够吸引人，但实际效果值得购买。
HJ20180908,健康养生,"喝咖啡一单减了15斤了,确实好",1,该用户想表达的意思是：这款咖啡的减肥效果非常显著，自己喝完一单后成功减重15斤，对产品效果感到满意和认可。
HJ20180908,健康养生,我拍的已经发货了,0,该用户想表达的含义是：我已经下单购买并收到了发货通知。
HJ20180908,健康养生,可以喝的我150也喝了,0,该用户想表达的含义是：即使价格较高（150元），我也愿意购买并尝试这款减肥饮品。
HJ20180908,健康养生,"喝不到两单减了16斤,太好了又来回购了2单",0,该用户想表达的含义是：这款产品效果显著，自己通过饮用成功减重16斤，出于对效果的满意再次下单购买了两份。
HJ20180908,健康养生,有试用吗?,1,该用户可能是在询问产品是否有试用装或体验机会，想先尝试效果再决定是否购买。
HJ20180908,健康养生,下单了加急哦,0,该用户想表达的含义是：我已经完成购买，希望尽快发货。
HJ20180908,健康养生,"之前拍了好多其他产品都不行,就你家的让我减了20斤",1,该用户想表达的含义是：对比其他产品效果不佳后，发现这款产品确实有效并成功帮助自己减肥。
HJ20180908,健康养生,"肚子不是正常的,尽松皮",0,该用户想表达的含义是：肚子上的赘肉松弛不紧实，看起来不太美观。
HJ20180908,健康养生,经期也喝了,0,该用户想表达的含义是：即使在生理期也尝试了这款产品，暗示其效果或适用性值得信赖。
HJ20180908,健康养生,饮食呢,1,该用户可能在询问产品的具体食用方法或饮用建议。
HJ20180908,健康养生,拍二单,0,该用户想表达的含义是：我要购买两份这个产品。
HJ20180908,健康养生,可以喝的!,0,该用户想表达的含义是：这款产品可以安全饮用且效果不错，自己已经尝试过并认可。
HJ20180908,健康养生,"我喝咖啡减12斤了,又回购了",0,该用户想表达的含义是：这款咖啡的减肥效果显著，自己通过饮用成功减重后再次下单购买。
HJ20180908,健康养生,我也瘦了,0,该用户想表达的含义是：自己通过使用直播推荐的产品也成功实现了减肥效果。
HJ20180908,健康养生,中奖了,0,该用户想表达的含义是：自己参与了直播间的抽奖活动并幸运获奖。
HJ20180908,健康养生,一单快喝完了减了8斤,0,该用户想表达的含义是：自己购买了这款产品并快喝完一单后成功减重了8斤。
HJ20180908,健康养生,经期可以喝吗,1,该用户是在询问产品是否适合在生理期间饮用，以确认使用安全性或效果。
HJ20180908,健康养生,我一单瘦了12斤,0,该用户想表达的含义是：使用该产品后成功减重12斤，分享自己的减肥效果以肯定产品功效。
HJ20180908,健康养生,好开心,0,该用户想表达的含义是：对产品效果感到满意并因成功减肥而心情愉悦。
HJ20180908,健康养生,这俩个同时进行吗?,0,该用户可能在询问直播中介绍的两个促销活动或产品是否可以同时参与或使用。
HJ20180908,健康养生,有什么忌口吗,1,该用户想询问该产品在使用期间是否有需要避免的饮食或生活习惯。
HJ20180908,健康养生,"第1单咖啡减了9斤,第2单开始喝起来",0,该用户想表达的含义是：第一次购买这款咖啡后成功减重9斤，现在再次下单准备继续饮用。
HJ20180908,健康养生,支持支持支持支持,0,该用户想表达的含义是：对主播或产品表示强烈的认同和鼓励，可能是基于之前其他用户分享的积极使用体验而产生的支持态度。
HJ20180908,健康养生,去澡堂子看看比这难看的多的是,0,该用户想表达的含义是：这产品效果已经算不错了，比市面上很多同类产品强多了。
HJ20180908,健康养生,怎么喝已拍,1,该用户想确认已购买的产品该如何正确饮用。
HJ20180908,健康养生,"你家咖啡效果确实很明显,又回购了1单",1,该用户想表达的含义是：对产品效果满意并已再次购买以持续使用。
HJ20180908,健康养生,红姐戴的项链有吗,1,该用户想表达的含义是：询问主播佩戴的项链是否在售。
HJ20180908,健康养生,小红太自信了,0,该用户可能在调侃主播对产品效果的自信态度，暗示主播宣传得过于笃定。
HJ20180908,健康养生,"买了信你红姐,希望能瘦下来",0,该用户表达的是出于对主播红姐的信任而购买了产品，并期待能达到减肥效果。
HJ20180908,健康养生,110斤拍几单呀,1,该用户是在询问自己体重110斤的情况下需要购买多少份产品才能达到预期的减肥效果。
HJ20180908,健康养生,老太太肚皮,0,该用户可能是在调侃或吐槽主播的身材，暗示主播的腹部看起来像老太太的肚皮。
HJ20180908,健康养生,为什么问话主播不回,0,该用户因提出的问题未被主播及时回应而感到不满，暗示希望获得主播的关注和解答。
HJ20180908,健康养生,"不到一单,我减了8斤",0,该用户想表达的含义是：购买并使用产品后成功减重，效果显著。
HJ20180908,健康养生,"马上第二单喝完,减了31斤",0,该用户想表达的含义是：已经喝完第二单产品并成功减重31斤，效果显著。
HJ20180908,健康养生,"我减了13斤,肚子明显小了好多",0,该用户想表达的含义是：通过使用产品成功减肥并看到明显效果，暗示对产品的认可和满意。
HJ20180908,健康养生,姐姐项链啥,1,该用户想询问主播佩戴的项链是否有售或相关购买信息。
HJ20180908,健康养生,肚子咋啦,0,该用户可能在询问产品对腹部减脂的效果或体验。
HJ20180908,健康养生,别理他们黑粉丝,0,该用户是在维护主播，呼吁不要理会那些恶意批评的观众。
HJ20180908,健康养生,"我之前喝过很多家产品都拉肚子,就你家的不拉肚子,我还减了26斤",0,该用户想表达的含义是：对比其他品牌后认可该产品的安全性和减肥效果，并分享了自己的成功减重经历。
HJ20180908,健康养生,"我三单瘦了24斤,我回购了",0,该用户想表达的含义是：这款产品效果显著，我已经通过三次购买成功减重24斤，因此决定再次下单支持。
HJ20180908,健康养生,"你家咖啡搭配喝减的真的很快,我减了28斤",0,该用户想表达的含义是：这款咖啡的减重效果非常显著，自己通过饮用已经成功减掉了28斤。
HJ20180908,健康养生,让我们也看看,0,该用户可能是对主播展示的产品或效果产生了兴趣，想进一步了解详情或观看实物展示。
HJ20180908,健康养生,"喝咖啡减了14斤,很满意",0,该用户想表达的含义是：通过饮用这款咖啡成功减重14斤，对产品效果感到非常满意并分享自己的体验。
HJ20180908,健康养生,看到那肚皮吓人,0,该用户可能是对直播中展示的减肥效果（如腹部变化）感到惊讶或质疑，认为呈现的肚皮状态过于夸张或不真实。
HJ20180908,健康养生,你家咖啡比我喝其他家减的都多,0,该用户想表达的含义是：相比其他品牌，你们家的咖啡减肥效果更显著。
HJ20180908,健康养生,笑话人不如人,0,该用户可能在讽刺那些之前嘲笑他人肥胖的人现在自己也面临同样的问题，暗指“嘲笑别人的人最终也会遭遇类似的窘境”。
HJ20180908,健康养生,"我姐姐让我过来拍的,她都减了35斤了",0,该用户想表达的含义是：因为看到姐姐使用该产品效果显著（减重35斤），所以自己也来下单购买。
HJ20180908,健康养生,我拍了2单给我加急发货,0,该用户想表达自己已经下单购买了两份产品，并希望商家能优先处理自己的订单尽快发货。
HJ20180908,健康养生,黑粉老黑人家干嘛呢有病,0,该用户是在为被恶意攻击的主播打抱不平，认为那些发表负面言论的观众毫无理由地诋毁主播的行为很过分。
HJ20180908,健康养生,这女人面相变了,0,该用户可能在质疑主播的外貌变化，暗示其可能因产品效果或过度宣传导致形象与之前不符。
HJ20180908,健康养生,13岁可以吃吗,1,该用户可能是想询问直播中推销的产品是否适合13岁的未成年人食用。
HJ20180908,健康养生,这俩个同时进行吗,1,该用户可能在询问直播中介绍的两个产品（可能是咖啡和另一种搭配产品）是否可以同时使用或购买。
HJ20180908,健康养生,"我喝咖啡套餐减了22斤,现在男朋友也跟我一起喝",0,该用户想表达的含义是：这款咖啡套餐的减肥效果显著，不仅自己成功减重，还带动了男友一起使用。
HJ20180908,健康养生,好像比你好看[捂脸],0,该用户可能在调侃主播的外貌变化，暗示其因减肥产品效果明显导致样貌与之前有所不同。
HJ20180908,健康养生,可以喝的,0,该用户想表达的含义是：这款产品是可以安全饮用的，效果也不错。
HJ20180908,健康养生,"一直喝你家咖啡,今天太划算了,抢了4单",0,"该用户想表达的含义是：作为长期忠实顾客，趁本次优惠活动大量囤货以表支持。  （解析：结合前文弹幕中频繁出现的减肥效果、复购行为及对产品的积极评价，可推断该用户通过""一直喝""强调品牌忠诚度，""太划算""体现对促销力度的认可，""抢4单""则显示其消费决策受社群氛围和产品口碑驱动。）"
HJ20180908,健康养生,"我喝了20天,减了16斤,今天又回购了2单",0,该用户想表达的含义是：通过持续使用该产品取得了显著的减肥效果，因此再次下单以表达对产品的认可和复购意愿。
HJ20180908,健康养生,真吓人[捂脸][捂脸][捂脸][捂脸],0,该用户可能是被直播中展示的减肥效果（如前后对比图或夸张的案例）震惊到，用调侃的语气表达难以置信的情绪。
HJ20180908,健康养生,这么大年龄了还这样说话,0,该用户可能在嘲讽主播或某些观众言行与年龄不符，显得幼稚或不得体。
HJ20180908,健康养生,"马上喝完第二单,减了23斤",0,该用户想表达的含义是：通过持续购买并饮用该产品，自己已成功减重23斤。
HJ20180908,健康养生,比你好看多了[捂脸],0,该用户是在调侃主播的外貌，用玩笑语气表示直播中提到的某位使用者（或对比对象）比主播更漂亮。
HJ20180908,健康养生,人家有实力就行了,0,该用户是在反驳那些负面评价，强调主播的产品效果和实力才是关键，不需要在意他人的挑剔。
HJ20180908,健康养生,说到痛处了,0,该用户可能是被主播提到的某个减肥痛点（如身材焦虑、效果对比等）戳中内心，从而产生共鸣或自嘲情绪。
HJ20180908,健康养生,我就是正常吃饭一单减了17斤,0,该用户想表达的含义是：通过正常饮食配合产品使用，自己成功减重了17斤。
HJ20180908,健康养生,"减肥咖啡确实好,我是老顾客,大家放心买",0,该用户想表达的含义是：作为长期回购的消费者，我亲身体验过这款减肥咖啡的效果可靠，推荐大家可以放心购买。
HJ20180908,健康养生,拍了加急发货,0,该用户希望商家尽快处理并发送自己已下单的商品。
HJ20180908,健康养生,瘦了真的效果巨好,0,该用户想表达的含义是：这款产品的减肥效果非常显著，让人感到惊喜和满意。
HJ20180908,健康养生,真格吓人这个大姨,0,该用户是在吐槽主播的夸张表现或外貌特征让人感到不适。
HJ20180908,健康养生,为什么看不上姨,0,该用户可能在调侃或讽刺主播的外貌或年龄，表达“这位阿姨的形象/言行让人看不下去”的意思。
HJ20180908,健康养生,怎么喝,1,该用户可能在询问产品的具体饮用方法或使用方式。
HJ20180908,健康养生,吃失眠药能喝吗,1,该用户可能在询问产品（可能是减肥咖啡）与失眠药同时服用的安全性或兼容性。
HJ20180908,健康养生,"我姐姐喝了一单,减了不到八斤",0,该用户想表达的含义是：我姐姐购买了这款产品后体重有所下降，但效果没有其他人显著。
HJ20180908,健康养生,吃血糖药能喝吗,1,该用户是在询问服用降糖药物期间是否可以饮用直播间推荐的减肥咖啡产品。
HJ20180908,健康养生,用忌口不?,1,该用户是在询问服用某些药物期间是否可以饮用这款减肥咖啡。
HJ20180908,健康养生,芦荟胶囊是管什么的,1,该用户是在询问芦荟胶囊的具体功效或适用场景，表现出对产品功能的潜在兴趣。
HJ20180908,健康养生,经期可以喝吗,1,该用户是在询问这款减肥咖啡是否适合生理期饮用，可能担心经期饮用会影响健康或效果。
HJ20180908,健康养生,生理期可以喝么,1,该用户是在询问该产品是否适合在月经期间饮用，表现出对产品使用细节的关注和潜在的购买顾虑。
HJ20180908,健康养生,"吃着血压高的药,还有别的药能一起喝吗?",1,该用户是在询问自己正在服用降压药的情况下能否同时使用直播间推荐的减肥产品。
HJ20180908,健康养生,真是的红姐这样人就的让大家看看,0,该用户可能是在表达对主播“红姐”的支持，认为她的真实表现值得被更多人看到和认可。
HJ20180908,健康养生,"我是特顽固体质喝完咖啡20天,减了11斤",0,该用户想表达的含义是：这款减肥咖啡效果显著，连我这种很难瘦下来的体质都在短期内成功减重。
HJ20180908,健康养生,这女的怎么成这样了,0,该用户可能在表达对主播外貌变化的惊讶或不满，暗示主播形象与以往印象不符，带有负面评价的意味。
HJ20180908,健康养生,早上是空腹喝吗?,1,该用户是在询问该减肥咖啡产品的具体饮用方法，尤其是是否需要空腹饮用以达到最佳效果。
HJ20180908,健康养生,挺富态的,0,该用户想表达的含义是：主播或展示对象的身材看起来比较丰满。
HJ20180908,健康养生,还是主要看脸的再看身材,0,该用户想表达的含义是：购买减肥产品的意愿取决于使用者的面部和身材变化效果是否明显。
HJ20180908,健康养生,买了一单,0,该用户想表达自己已经下单购买了直播推荐的减肥咖啡。
HJ20180908,健康养生,你家咖啡比我喝其他家减的都多,0,该用户想表达的含义是：相比其他品牌，你们家的咖啡减肥效果更明显。  （结合前文弹幕中频繁提及减肥效果、服用体验和对比反馈，用户在此强调产品的相对优势，隐含认可或潜在购买意向。）
HJ20180908,健康养生,红姐你怎么吃不胖,0,该用户是在表达对主播身材的羡慕，并隐含对产品减肥效果的认可或好奇。
HJ20180908,健康养生,用热水喝吗,1,该用户是在询问产品是否需要用热水冲泡饮用。
HJ20180908,健康养生,红姐漂亮,0,该用户是在夸赞主播的外貌以表达好感或支持，可能是为了互动或拉近距离。
HJ20180908,健康养生,可以喝的!,0,该用户想表达的含义是：这款产品是可以安全饮用的。
HJ20180908,健康养生,看见她就发呕,0,该用户对主播的外貌或表现感到强烈反感，表达了一种厌恶情绪。
HJ20180908,健康养生,"我老顽固性了,喝了几天真开始减了,今天又来回购一单",0,该用户想表达的含义是：自己属于很难减肥的体质，但试用产品后确实有效果，所以决定再次购买。
HJ20180908,健康养生,拍拍我头像呢[捂脸][捂脸],0,"该用户可能是想通过幽默自嘲的方式引起主播注意，暗示自己也有购买意向或想参与互动。  （解析：结合直播间减肥产品主题和弹幕中频繁出现的购买反馈、效果分享等语境，""拍拍我头像""带有玩笑性质的互动请求，""捂脸""表情则强化了害羞/自嘲情绪，整体符合直播间活跃用户试图用轻松方式刷存在感的常见行为模式）"
HJ20180908,健康养生,我生理期也喝了,0,该用户想表达的含义是：自己在生理期间尝试了产品并且没有出现不适。
HJ20180908,健康养生,看你那身材多难看,0,该用户是在通过贬低主播的外貌来发泄不满情绪，而非表达对产品的购买兴趣。
HJ20180908,健康养生,喝这用克制饮食吗,1,该用户是在询问饮用该产品时是否需要控制饮食以达到预期效果。
HJ20180908,健康养生,你小肚子怎么了?,0,该用户可能在调侃或讽刺主播的身材变化，暗示其近期发胖或有小腹突出的现象。
HJ20180908,健康养生,拍了发加急,0,该用户想表达的含义是：已经下单购买并要求尽快发货。
HJ20180908,健康养生,"减的确实很快,一单我减了22斤",0,该用户想表达的含义是：这款产品的减肥效果非常显著，自己购买后成功减掉了大量体重。
HJ20180908,健康养生,吃失眠药能吃吗,1,该用户可能是在询问直播中推荐的产品（如减肥咖啡）是否适合与失眠药物同时服用，担心药物相互作用或影响健康。
HJ20180908,健康养生,"坚持喝了两单,瘦了24斤[赞]",0,该用户想表达的含义是：通过持续购买并饮用该产品，自己成功实现了显著的减肥效果，并对产品效果表示满意和认可。
HJ20180908,健康养生,我133斤直接拍了两单,0,该用户想表达的含义是：基于自身体重和产品效果，果断下单购买了两份商品。
HJ20180908,健康养生,有些人是妒忌嫉妒,0,该用户认为部分负面评论是出于对主播或产品效果的嫉妒心理。
HJ20180908,健康养生,"吃着别的药,能喝吗?",1,该用户是在询问自己正在服用其他药物的情况下能否安全饮用直播间推销的产品。
HJ20180908,健康养生,"真是的红姐这样人就的让大家看看,他这大脸",0,该用户是在嘲讽主播红姐的外貌，表达对其形象的不满或厌恶情绪。
HJ20180908,健康养生,"我61岁,喝完你的两单咖啡掉了19斤很满意",0,该用户想表达自己通过购买并饮用该产品取得了显著的减肥效果，并对此感到非常满意。
HJ20180908,健康养生,不影响睡眠,0,该用户想表达的含义是：询问这款产品是否会导致失眠或影响正常睡眠。
HJ20180908,健康养生,"我喝了一单减了11斤,今天又来回购了",0,该用户想表达的含义是：之前购买产品后成功减重11斤，对效果满意所以再次下单购买。
HJ20180908,健康养生,"减肥咖啡确实好,我是老顾客,大家放心买",0,该用户是在以老顾客的身份为产品背书，通过分享亲身使用体验来增强其他观众的购买信心，暗示产品效果可靠且值得复购。
HJ20180908,健康养生,我大腿纹也多,0,该用户想表达的含义是：我的腿部脂肪堆积也比较明显，想了解这款产品是否适合我这种情况。
HJ20180908,健康养生,"早上空腹喝咖啡,芦荟晚上饭前还是饭后喝",1,该用户是在询问产品（减肥咖啡或芦荟饮品）的具体饮用时间和方法，以确认如何配合自己的作息来达到最佳效果。
HJ20180908,健康养生,我一单瘦了12斤,0,该用户想表达的含义是：这款产品效果显著，自己使用后成功减重了12斤。
HJ20180908,健康养生,"回购两单,老顾客了加急发货",0,该用户是在表达自己作为忠实客户再次购买产品，并希望商家优先处理自己的订单以尽快收货。
HJ20180908,健康养生,"1米50,12斤",0,该用户想表达的是自己的身高体重数据，暗示自己也是该减肥产品的潜在消费者或使用者。
HJ20180908,健康养生,经期可以喝么,1,该用户是在询问这款减肥产品是否适合在生理期期间饮用。
HJ20180908,健康养生,怎么喝喝咖啡用开水喝吗,1,该用户是在询问冲泡这款减肥咖啡时是否需要用开水，可能对使用方法存在疑惑。
HJ20180908,健康养生,信任红姐,0,该用户想表达的含义是：认可主播的推荐并对其产品有购买意愿。
HJ20180908,健康养生,抽脂了,0,该用户可能是在询问或确认这款减肥咖啡是否具有抽脂效果。
HJ20180908,健康养生,"相信你,拍了两单加急发货",0,该用户因信任主播且对产品效果满意，迅速下单并希望尽快收到货品。
HJ20180908,健康养生,效果巨好,0,该用户想表达的含义是：这款产品的效果非常显著，让人十分满意。
HJ20180908,健康养生,心脏不好能喝吗,1,该用户是在询问该产品是否适合有心脏健康问题的人群饮用。
HJ20180908,健康养生,咖啡热水还是温水???,1,该用户是在询问冲泡减肥咖啡时应该使用热水还是温水，可能担心水温会影响产品的效果或口感。
HJ20180908,健康养生,可以吃肉肉吗,1,该用户可能是在询问这款减肥咖啡是否会影响正常饮食，尤其是能否继续吃肉而不影响减肥效果。
HJ20180908,健康养生,"我正常吃饭,一单减了12斤",0,该用户想表达的含义是：使用产品后体重明显下降，且饮食作息保持正常。
HJ20180908,健康养生,你们能比上红姐的脚后跟就不错了,0,该用户是在嘲讽当前主播的产品或能力远不如他们提到的“红姐”，带有比较和贬低的意味。
HJ20180908,健康养生,吃减肥药可以吃别的药吗[玫瑰],1,该用户可能在询问减肥药与其他药物同时服用的安全性，同时隐含对产品效果的认可和购买意向。
HJ20180908,健康养生,没有副作用吧,1,该用户是在询问产品的安全性，担心使用后是否会对身体产生不良影响。
HJ20180908,健康养生,"喝了第一天,正常吃饭瘦了六两",0,该用户想表达的是：使用产品后即使正常饮食也达到了减重效果，以此证明产品的有效性。
HJ20180908,健康养生,我第二单马上喝完.减掉24斤,0,该用户想表达的含义是：我已经回购了这款减肥咖啡并且效果显著，喝完第二单后成功减掉了24斤体重。
HJ20180908,健康养生,吃这个晚上可以吃饭吗,1,该用户是在询问晚上正常用餐期间是否可以同时食用该产品。
HJ20180908,健康养生,"都生三个孩子了,这不正常吗",0,该用户想表达的含义是：已经有很多人购买并验证了效果，这种情况很正常。
HJ20180908,健康养生,我也喝瘦了,0,该用户想表达的含义是：自己通过使用直播推荐的产品也成功实现了体重减轻的效果。
HJ20180908,健康养生,生理期也接着喝吗,1,该用户是在询问该产品是否适合在生理期期间继续饮用。
HJ20180908,健康养生,"回购2单,已经减了8斤",0,该用户想表达的含义是：这款产品效果显著，我已经第二次购买并成功减重了8斤。
HJ20180908,健康养生,133斤买几单,1,该用户想表达的含义是：我体重133斤，需要购买多少份产品才能达到理想效果。
HJ20180908,健康养生,我刚出月子喝了一单减了14斤,0,该用户想表达的是：这款产品效果显著，自己产后刚恢复就尝试了，购买使用后成功减重了14斤。
HJ20180908,健康养生,现在多少斤,0,该用户是在询问当前直播中推销的减肥产品的使用剂量或包装规格。
HJ20180908,健康养生,"拍了一单,加急发货",0,该用户想表达的含义是：已经下单购买并希望尽快收到商品。
HJ20180908,健康养生,有没有食谱,1,该用户可能是在询问产品使用时是否需要配合特定的饮食方案或是否有推荐的食用方法。
HJ20180908,健康养生,冷水热水都可以水量没有要求,0,该用户想表达的含义是：询问产品使用时对水温和水量的具体限制条件。
HJ20180908,健康养生,122斤吃一单就够了吧,1,该用户是在询问自己122斤的体重是否只需购买一单产品就能达到预期的减肥效果。
HJ20180908,健康养生,"我减下来了,现在我身边好多人都在跟着我一起喝",0,该用户想表达的含义是：这款产品效果显著，自己成功减重后带动了周围人一起购买使用。
HJ20180908,健康养生,红姐你现在多少斤?,0,该用户是在询问主播使用产品后的具体减肥效果，以评估产品的有效性。
HJ20180908,健康养生,"这个套餐瘦的确实快,我都减了27斤了,在拍两单",0,该用户想表达的含义是：这个减肥套餐效果显著，自己已经成功减重27斤，打算再次购买以继续使用。
HJ20180908,健康养生,我生理期都喝瘦了不影响睡眠,0,该用户想表达的意思是：这款产品即使在生理期饮用也能有效减肥，并且不会影响睡眠质量。
HJ20180908,健康养生,"我减了13斤,肚子明显小了好多",0,该用户想表达的含义是：这款产品确实有效，我已经成功减重并且看到明显效果。
HJ20180908,健康养生,芦荟是管什么的,1,该用户想询问芦荟产品的具体功效或作用。
HJ20180908,健康养生,拍了加急发货,0,该用户急切希望尽快收到产品，表现出较强的购买意愿和对产品的期待。
HJ20180908,健康养生,"相信你,拍了两单加急发货",0,该用户想表达的是：出于对主播的信任，已经下单购买了两份产品并要求尽快发货。
HJ20180908,健康养生,"吃着别的药,能喝减肥药",0,该用户是在询问同时服用其他药物和减肥药是否存在冲突或安全问题。
HJ20180908,健康养生,一单可以减肥多少斤,1,该用户是在询问购买该减肥产品后预计能达到的减重效果。
HJ20180908,健康养生,孕妇可以喝吗,1,该用户是在询问该产品是否适合孕妇饮用，可能出于自身孕期或为孕妇亲友考虑购买的安全性。
HJ20180908,健康养生,"110斤,一个月能减多少斤啊",1,该用户是在询问使用该减肥产品后，以自己110斤的初始体重为基础，一个月内预计能减掉多少体重。
HJ20180908,健康养生,你们能比上红姐的脚后跟就不错了,0,该用户是在嘲讽当前直播间的产品或效果远不如他们提到的“红姐”的水平。
HJ20180908,健康养生,"吃着别的药,能喝减肥药[气球][气球]",0,该用户是在询问正在服用其他药物的情况下是否可以同时服用这款减肥产品，担心药物之间可能存在冲突或副作用。
HJ20180908,健康养生,这肚子难看,0,该用户可能是对产品效果表示怀疑或不满，认为使用后腹部瘦身效果不明显。
HJ20180908,健康养生,一单吃多长时间,1,该用户想询问购买一单产品后能够持续使用多久时间。
HJ20180908,健康养生,平时便秘我都会吃芦荟[笑哭],0,该用户可能是在询问直播中提到的芦荟产品是否有助于缓解便秘，同时以调侃的语气分享自己平时的应对方式。
HJ20180908,健康养生,我减了7斤了,0,该用户想表达的含义是：这款产品确实有效，我已经成功减重了7斤。
HJ20180908,健康养生,咖啡用热水还是温水,1,该用户可能在询问冲泡咖啡时的水温要求，以确认产品使用细节或考虑购买后的实际体验。
HJ20180908,健康养生,喝中药期间可以喝咖啡吗?,1,该用户可能在担心减肥产品与中药同时服用是否会产生冲突，想确认饮用咖啡是否会影响中药或减肥效果。
HJ20180908,健康养生,男的也可以吗,1,该用户可能是在询问该减肥产品或方法是否也适用于男性。
HJ20180908,健康养生,"我喝你家的咖啡减了43斤,现在我身边的朋友都在喝",0,该用户想表达的含义是：这款咖啡的减肥效果非常显著，不仅自己成功减重，还带动了周围朋友一起购买使用。
HJ20180908,健康养生,"我喝两单减了18斤,减的很满意",0,该用户想表达的意思是：这款产品减肥效果很好，自己购买使用后成功减重18斤，感到非常满意。
HJ20180908,健康养生,怎么喝说一下,1,该用户是在询问产品的具体饮用方法或使用说明。
HJ20180908,健康养生,拍了三单让我老公和我一起喝,0,该用户想表达的含义是：自己和丈夫都购买了产品，打算一起使用。
HJ20180908,健康养生,"我61岁,喝完你的两单咖啡掉了19斤很满意",0,该用户想表达的含义是：自己作为61岁的消费者，购买并饮用了两单产品后成功减重19斤，对效果感到非常满意。
HJ20180908,健康养生,钱挣美了,0,该用户是在感叹直播间的产品效果显著，自己通过购买和使用成功实现了理想的减肥效果。
HJ20180908,健康养生,"我喝你们这个减肥套餐一单了,减了9斤了",0,该用户想表达的含义是：自己使用该减肥产品后效果显著，已经成功减重并有意继续支持。
HJ20180908,健康养生,"拍拍我头像,我比那阿姨还磕碜呢",0,该用户是在用自嘲的方式调侃自己的外貌或形象不如直播中提到的某位阿姨（可能是主播或展示的案例），以此间接表达对产品的兴趣或参与互动的意愿。
HJ20180908,健康养生,108斤拍几单,1,该用户想询问自己体重108斤的情况下需要购买多少份产品才能达到预期减肥效果。
HJ20180908,健康养生,同时进行吗,1,该用户可能在询问减肥咖啡是否可以与其他产品或减肥方法同时使用。
HJ20180908,健康养生,你吃了多少盒就这样了?,0,该用户是在询问主播使用了多少盒产品后才达到当前的减肥效果，想以此评估产品的见效速度和用量。
HJ20180908,健康养生,男的可以减么?,1,该用户是在询问直播中推荐的减肥产品是否也适用于男性消费者。
HJ20180908,健康养生,一单能瘦几斤啊,1,该用户是在询问购买一单产品后预计能减掉多少体重，表现出对产品效果的关注和潜在的购买意向。
HJ20180908,健康养生,"今天又回购了一单,加急",0,该用户想表达的含义是：已经再次购买产品并希望尽快收到货。
HJ20180908,健康养生,"之前拍了好多其他产品都不行,就你家的让我减了20斤",0,该用户想表达的是：对比其他产品效果不佳后，使用你们的产品成功减重并对其效果非常认可。
HJ20180908,健康养生,咋吃啊小妹我拍了,1,该用户想表达的含义是：询问产品的食用方法并表示已经下单购买。
HJ20180908,健康养生,"我出月子就开始喝了,2单减了17斤",0,该用户想表达的含义是：产后通过饮用该产品成功减重，效果显著且满意。
HJ20180908,健康养生,芦荟胶囊是管什么的,1,该用户想询问芦荟胶囊的具体功效或适用场景，可能是出于对产品功能的兴趣或潜在的购买考虑。
HJ20180908,健康养生,减内脏脂肪吗,1,该用户是在询问这款减肥产品是否能有效减少内脏脂肪。
HJ20180908,健康养生,咖啡苦不苦,1,该用户可能是在询问咖啡的口感是否苦涩，以此判断是否适合自己购买饮用。
HJ20180908,健康养生,"为什么,老说人家肚子啊,你不是女人吗!你们不生孩子吗",0,该用户可能是在对主播频繁讨论女性身材或生育话题感到不满，认为这种评论存在性别偏见或冒犯性。
HJ20180908,健康养生,肠胃炎能喝不,1,该用户是在询问肠胃炎患者是否可以饮用直播中推销的减肥产品。
HJ20180908,健康养生,"红姐我姐姐喝你家咖啡减了39斤,我今天也过来拍了",0,该用户想表达的含义是：因为看到亲友使用该产品效果显著，自己也产生了信任并下单购买。
HJ20180908,健康养生,肚子怎么那么多皮,0,该用户可能是在表达对自己腹部松弛的困扰，并暗示对直播中提到的减肥产品是否能改善这一问题的兴趣。
HJ20180908,健康养生,"活动太划算了,我又回购了两单",1,该用户想表达的含义是：直播间的促销活动非常优惠，自己已经再次下单购买了两份产品。
HJ20180908,健康养生,男士能喝吗,1,该用户想询问这款减肥产品是否适合男性消费者使用。
HJ20180908,健康养生,你的肚子怎么了,0,该用户可能是在询问主播腹部状态变化的原因，暗示对减肥产品效果的关注或质疑。
HJ20180908,健康养生,是不是真的有那么好的效果,1,该用户是在质疑产品的实际效果，想确认宣传的功效是否属实。
HJ20180908,健康养生,便秘也可以喝的吃多了就吃芦荟胶接,0,该用户可能是想询问芦荟胶对缓解便秘的效果以及食用过量时的应对方法。
HJ20180908,健康养生,冲咖啡需要多少水,1,该用户想询问冲泡这款减肥咖啡时的具体水量配比。
HJ20180908,健康养生,"160,125斤拍几单",1,该用户想询问以自己身高160厘米、体重125斤的体型需要购买多少份产品才能达到预期效果。
HJ20180908,健康养生,"咖啡瘦了17斤了,确实挺好",0,该用户想表达的含义是：使用这款咖啡后成功减重17斤，认可产品的减肥效果。
HJ20180908,健康养生,一点喝多久,1,该用户可能是想询问产品的使用时长或消耗速度，比如“这个产品一次购买能喝多长时间”。
HJ20180908,健康养生,多少天能看到效果,1,该用户是在询问产品使用后需要多长时间才能见效。
HJ20180908,健康养生,主要是肚脐不好看,0,该用户可能是对直播中讨论的瘦身效果产生共鸣，委婉表达自己因腹部问题而对产品效果存疑或寻求针对性解决方案。
HJ20180908,健康养生,"你家减肥套餐确实好,我都减了31斤了,介绍了好多朋友过来拍了",0,该用户想表达的含义是：自己使用产品后效果显著并主动推荐给他人，以此证明产品的可靠性和口碑传播效应。
HJ20180908,健康养生,效果挺好的!男女都可以,0,该用户想表达的含义是：这款产品效果不错，而且适合不同性别的消费者使用。
HJ20180908,健康养生,讲讲产品吧,1,该用户希望主播详细介绍当前产品的功能、效果或使用方法。
HJ20180908,健康养生,一看你抽脂肪了,0,该用户可能在调侃主播的身材变化，暗示主播看起来像是做了抽脂手术。
HJ20180908,健康养生,"我减下来了,现在我身边好多人都在跟着我一起喝",0,该用户想表达的含义是：自己通过使用这款产品成功减肥，并带动了周围的朋友一起购买尝试。
HJ20180908,健康养生,有赠品么,1,该用户想表达的含义是：询问购买产品时是否会附送额外的礼品或优惠。
HJ20180908,健康养生,血糖高可以喝吗?,1,该用户是在询问该产品是否适合血糖偏高的人群饮用。
HJ20180908,健康养生,怎么吃??,1,该用户想询问产品的具体食用方法或冲泡方式。
HJ20180908,健康养生,"我姐姐喝了一单,减了不到八斤",0,该用户想表达的含义是：我姐姐购买了这款产品，使用后体重减轻了接近八斤。
HJ20180908,健康养生,一单喝多久,1,该用户想询问购买一单产品后能够持续饮用多长时间。
HJ20180908,健康养生,"我的肚子也这样,我感觉挺好看的",0,该用户想表达的含义是：我的腹部情况与主播类似，觉得主播展示的效果看起来不错。
HJ20180908,健康养生,早晨空腹吗,1,该用户可能是在询问产品是否需要早晨空腹饮用才能达到最佳效果。
HJ20180908,健康养生,你家的不拉肚子我还减了22斤,0,该用户想表达的含义是：使用你家的产品后不仅没有出现腹泻等副作用，还成功减重了22斤。
HJ20180908,健康养生,我也喝瘦了一单就有效果了我坚持喝完了,0,该用户想表达的含义是：自己通过坚持饮用该产品成功瘦身，且见效很快。
HJ20180908,健康养生,嫉妒粉,0,该用户想表达的含义是：羡慕那些已经通过产品成功减肥的人。
HJ20180908,健康养生,"回购两单,老顾客了加急发货",0,该用户想表达的含义是：作为忠实客户再次购买产品，并希望优先处理自己的订单以尽快收货。
HJ20180908,健康养生,这是多少天的量,1,该用户是在询问产品包装规格对应的使用天数或疗程周期。
HJ20180908,健康养生,用忌口不,1,该用户想询问该产品在使用期间是否需要避免某些食物或饮食禁忌。
HJ20180908,健康养生,现在那么能吃咋能那么瘦,1,该用户可能是对产品的减肥效果感到惊讶和好奇，想询问为什么使用产品后食量增加却依然能保持苗条身材。
HJ20180908,健康养生,可以喝的,0,该用户想表达的含义是：这款产品是否安全到可以直接饮用。
HJ20180908,健康养生,"我喝了一单减了11斤,今天又来回购了",0,该用户想表达的含义是：之前购买并体验了产品后成功减重，出于对效果的满意再次下单购买。
HJ20180908,健康养生,怎么吃,1,该用户想询问产品的具体食用方法或服用方式。
HJ20180908,健康养生,你多少斤,1,该用户想询问主播通过使用该产品后体重减轻的具体数值。
HJ20180908,健康养生,有稳固期,0,该用户可能是在询问产品使用后体重是否会进入稳定阶段，担心反弹问题。
HJ20180908,健康养生,下一单试试,1,该用户想表达的含义是：看到其他观众分享的减肥效果后，自己也打算下单购买产品尝试一下。
HJ20180908,健康养生,经期可以喝吗,1,该用户是在询问该产品是否适合经期女性饮用，可能出于对经期饮食禁忌或产品安全性的顾虑。
HJ20180908,健康养生,我喝完一单减了18斤,0,该用户想表达的含义是：这款产品效果显著，自己喝完一单就成功减重了18斤。
HJ20180908,健康养生,"我回购了三单,我一单瘦了7斤",0,该用户想表达的含义是：这款产品效果很好，我已经多次购买并且每次使用都成功减重了。
HJ20180908,健康养生,吃完了会拉肚子吗?,1,该用户是在询问产品的安全性，担心服用后可能出现腹泻等不良反应。
HJ20180908,健康养生,切胃了吧,0,该用户可能是在质疑主播的瘦身效果是否通过切胃手术等非自然手段达成，而非产品本身的效果。
HJ20180908,健康养生,美是在内心的,0,该用户可能在委婉地表达对主播或产品宣传的质疑，暗示外在的瘦身效果不如内在美重要。
HJ20180908,健康养生,我拍了2单给我加急发货,0,该用户想表达自己已经下单购买了两份产品，并希望商家能够优先处理自己的订单尽快发货。
HJ20180908,健康养生,"之前拍了好多其他产品都不行,就你家的让我减了20斤",0,该用户想表达的含义是：对比其他品牌效果不佳后，发现这款产品确实有效帮助自己成功减肥。
HJ20180908,健康养生,"婆婆喝这个咖啡减了14斤,今天又回购两单",0,该用户想表达的含义是：这款咖啡减肥效果显著，自己因家人亲测有效而再次购买以示信任和支持。
HJ20180908,健康养生,我一单瘦了17斤,0,该用户想表达的含义是：使用该产品后成功减重了17斤，以此证明产品效果显著。
HJ20180908,健康养生,"太可怕了,病态",0,该用户可能是在质疑直播中宣传的减肥效果过于夸张或不健康，认为这种营销方式令人不适。
HJ20180908,健康养生,"第1单咖啡减了9斤,第2单开始喝起来",0,该用户想表达的含义是：第一次购买这款咖啡后成功减重9斤，现在再次下单准备继续饮用。
HJ20180908,健康养生,血压低可以喝不?,1,该用户是在询问这款产品是否适合低血压人群饮用。
HJ20180908,健康养生,"效果真的很好,我已经减了11斤了",0,该用户是在分享使用产品后的积极效果，以此表达对产品的认可和潜在的复购意愿。
HJ20180908,健康养生,拉肚子吗,1,该用户是在询问产品是否会导致腹泻等副作用。
HJ20180908,健康养生,咖啡是热水冲吗,1,该用户可能是想询问冲泡咖啡的具体方法，以确认产品使用方式是否符合自己的需求或习惯。
HJ20180908,健康养生,你家咖啡真的很好用,1,该用户想表达的含义是：这款咖啡的减肥效果非常显著，我很满意。
HJ20180908,健康养生,糖高可以喝吗,1,该用户是在询问血糖偏高的人群是否适合饮用直播间推销的减肥咖啡产品。
HJ20180908,健康养生,是不是少吃饭,1,该用户可能在询问产品是否具有抑制食欲的效果。
HJ20180908,健康养生,回拉肚子吗?,1,该用户是在询问该产品是否会导致腹泻等肠胃不适反应。
HJ20180908,健康养生,"喝了一单,减快9斤,很满意",0,该用户想表达的含义是：购买并使用产品后减重效果明显，对产品效果感到满意。
HJ20180908,健康养生,"我是特顽固体质喝完咖啡20天,减了11斤",0,该用户想表达的含义是：这款咖啡的减肥效果显著，连自己这种很难瘦下来的体质都在短期内成功减重。
HJ20180908,健康养生,喝了一单瘦了五斤,0,该用户想表达的意思是：这款产品效果显著，自己购买使用后成功减重了五斤。
HJ20180908,健康养生,"一直坚持喝5单了,已经减50来斤",0,该用户想表达的含义是：通过持续购买并饮用该产品，自己已成功减重50斤左右。
HJ20180908,健康养生,"马上喝完第二单,减了23斤",0,该用户想表达的含义是：自己已经购买并喝完一单产品后效果显著（减重23斤），因此决定立即复购第二单。
HJ20180908,健康养生,孕妇可以喝吗,1,该用户是在询问该产品是否适合孕妇饮用，以评估自身或他人的购买安全性。
HJ20180908,健康养生,一单快喝完了减了8斤,0,该用户想表达的是：这款产品效果不错，自己喝完一单后成功减重了8斤。
HJ20180908,健康养生,"不到一单,我减了8斤",0,该用户想表达的含义是：购买并使用了一单产品后成功减重了8斤。
HJ20180908,健康养生,"红姐,你的格局大,[玫瑰][玫瑰][玫瑰]我拍了",0,该用户通过夸赞主播并附上玫瑰表情，表达了对产品的认可和已下单购买的积极反馈。
HJ20180908,健康养生,110斤想瘦10斤怎么拍,1,该用户想表达的含义是：自己体重110斤，想通过购买直播间的产品减掉10斤，询问应该选择哪个购买选项或套餐。
HJ20180908,健康养生,拍了拍了,0,该用户想表达的含义是：我已经下单购买了这款产品。
HJ20180908,健康养生,安全有效减肥不拉肚,0,该用户是在询问这款减肥咖啡是否安全可靠且不会引起腹泻等副作用。
HJ20180908,健康养生,吃完饭,0,该用户可能在询问这款减肥咖啡是否可以替代正餐或是否需要配合减少饮食来达到减肥效果。
HJ20180908,健康养生,咱们是长肉不想太长胎,0,该用户想表达的含义是：希望使用产品能达到减重效果但不会对胎儿造成影响。
HJ20180908,健康养生,这是干嘛呀秀身材,0,该用户可能是在调侃主播展示产品效果时过于突出身材变化，而非关注产品本身的功能或使用细节。
HJ20180908,健康养生,"我喝咖啡减了9斤,刚刚又拍了两单,加急发货",0,该用户想表达自己通过喝这款咖啡成功减重9斤，出于对产品的信任和满意又追加购买了两单，并希望尽快收到货品。
HJ20180908,健康养生,"我减下来了,现在我身边好多人都在跟着我一起喝",0,该用户想表达的含义是：自己通过使用该产品成功减肥，并带动了周围人一起购买尝试。
HJ20180908,健康养生,可以瘦的!我也瘦了,0,该用户想表达的含义是：这款产品确实有减肥效果，我亲身验证过。
HJ20180908,健康养生,我有个朋友就像你的肚子都是皱纹,0,该用户可能是以调侃的方式暗示主播的身材或产品效果，潜在表达对减肥产品的兴趣或质疑。
HJ20180908,健康养生,"红姐我一直喝你家减肥套餐已经减了46斤,推荐好多同事过来拍了",0,该用户通过分享自身显著的减肥效果和主动推荐同事的行为，意在强调产品效果可靠并间接鼓励其他观众购买。
HJ20180908,健康养生,月经期能喝吗,1,该用户可能在询问该减肥产品是否适合经期女性饮用，以评估其安全性和适用性。
HJ20180908,健康养生,我刚出月子喝了一单减了14斤,0,该用户想表达的含义是：她在产后通过使用该产品成功减重了14斤。
HJ20180908,健康养生,15岁可以吃吗,1,该用户是在询问该减肥产品是否适合15岁的未成年人食用。
HJ20180908,健康养生,这肚子像八十岁老太太,0,该用户可能是在调侃或抱怨产品效果不佳，暗示自己的腹部皮肤松弛没有改善，与宣传的减肥效果不符。
HJ20180908,健康养生,看看芦荟啥样的,1,该用户可能是对直播中提到的芦荟产品产生兴趣，想进一步了解其外观或具体形态。
HJ20180908,健康养生,"回购2单,已经减了8斤",0,该用户想表达的含义是：产品效果显著，自己已经购买两次并且成功减重8斤。
HJ20180908,健康养生,"我喝两单减了18斤,减的很满意",0,该用户想表达的是：使用该产品后减肥效果显著，自己非常满意并可能考虑继续购买。
HJ20180908,健康养生,我一直买红姐的效果巨好,0,该用户想表达的含义是：我长期购买红姐的产品并且效果非常显著。
HJ20180908,健康养生,一单瘦多少斤,1,该用户是在询问购买一单产品能实现的具体减肥效果，想了解产品的实际瘦身功效。
HJ20180908,健康养生,原来我看过你直播原来你很胖啊,0,该用户可能是惊讶于主播身材变化之大，暗示主播过去体型较胖而现在明显变瘦了，侧面印证了产品效果。
HJ20180908,健康养生,忌嘴吗,1,该用户可能是在询问该减肥产品是否需要忌口或限制饮食。
HJ20180908,健康养生,会心慌失眠吗,1,该用户可能是在询问该减肥产品是否会导致心慌或失眠等副作用。
HJ20180908,健康养生,"吃着别的药,能喝吗?",1,该用户是在询问自己正在服用其他药物的情况下是否可以同时使用直播间推荐的减肥产品。
HJ20180908,健康养生,红姐我就是腰胖喝管用吗?,1,该用户是在询问主播这款减肥产品对腰部肥胖是否有效。
HJ20180908,健康养生,早上喝完就吃饭吗,1,该用户可能在询问产品（减肥饮品）的使用时间安排，即早上饮用后是否可以立即进食。
HJ20180908,健康养生,男的能喝吗,1,该用户是在询问这款减肥产品是否适合男性饮用。
HJ20180908,健康养生,你的肚子能不能盖上,0,该用户可能在质疑产品效果，暗示主播的腹部状态并未改善，怀疑减肥产品的实际作用。
HJ20180908,健康养生,感谢红姐我也瘦了!!,0,该用户想表达对主播的感激之情，并分享自己使用产品后成功减肥的喜悦。
HJ20180908,健康养生,一单能瘦几斤,1,该用户是在询问购买该减肥产品后，使用一个订单的量大概能减掉多少体重。
HJ20180908,健康养生,"吃饭上用少吃吗,吃完还用吃饭吗?喝水一天有数吗",1,该用户是在询问产品的具体使用方法和注意事项，比如是否需要控制饮食、服用后是否影响正常进食以及每日饮水量是否有要求。
HJ20180908,健康养生,咖啡是开水冲吗?,1,该用户可能是在询问冲泡咖啡的具体方法是否会影响产品的减肥效果。
HJ20180908,健康养生,腿粗能减下来吗?,1,该用户是在询问该减肥产品对腿部减脂是否有效。
HJ20180908,健康养生,"马上喝完第二单,减了23斤",0,该用户想表达的含义是：通过持续购买产品并坚持使用，自己已经成功减重23斤，效果显著。
HJ20180908,健康养生,我一单瘦了12斤,0,该用户想表达的含义是：使用该产品后自己成功减重了12斤。
HJ20180908,健康养生,一单瘦几斤,1,该用户想询问这款产品使用一个疗程后通常能减掉多少体重。
HJ20180908,健康养生,红姐真的是太低了,0,该用户想表达的含义是：红姐的产品价格实在太优惠了。
HJ20180908,健康养生,"拍了一单,加急发货",0,该用户已经下单购买产品，并希望商家尽快安排发货。
HJ20180908,健康养生,用不用忌口,1,该用户想询问该产品在使用期间是否需要避免食用某些特定食物或注意饮食禁忌。
HJ20180908,健康养生,我认为还是胖点比较好看,0,该用户可能是在委婉质疑产品的减肥效果，暗示自己并不追求过度瘦身，认为稍胖的体型更健康或美观。
HJ20180908,健康养生,我觉得你很美啊[玫瑰],0,该用户想表达的含义是：对主播的外貌表示赞赏，但并未直接表现出对产品的购买兴趣。
HJ20180908,健康养生,不会的睡得着,0,该用户可能是担心产品副作用，想确认饮用后是否会影响睡眠。
HJ20180908,健康养生,"减的确实很快,一单我减了22斤",0,该用户想表达的是：这款产品减肥效果显著，自己购买后成功减重了22斤。
HJ20180908,健康养生,喝酒可以喝吗,1,该用户是在询问饮酒期间是否可以服用直播间推销的减肥产品。
HJ20180908,健康养生,生娃后肚皮这样多正常,0,该用户可能在询问产后腹部松弛是否属于常见现象，并暗示对相关瘦身产品的效果感兴趣。
HJ20180908,健康养生,"我喝1单,瘦了10斤",0,该用户想表达的含义是：购买并饮用该产品后成功减重了10斤。
HJ20180908,健康养生,"拍了一单,希望有效果[捂脸]",0,该用户表达了已下单购买产品并期待其宣传的瘦身效果能实现的忐忑心情。
HJ20180908,健康养生,早上吃饭么,1,该用户可能在询问减肥产品使用期间是否需要控制早餐摄入量。
HJ20180908,健康养生,全身瘦,0,该用户可能是在询问产品是否具有全身减脂的效果。
HJ20180908,健康养生,"真的可以瘦,我减了18斤了",0,该用户想表达的含义是：这款产品确实有效，自己使用后取得了显著的减肥效果。
HJ20180908,健康养生,小唐人能喝吗,1,该用户可能在询问这款减肥产品是否适合未成年人饮用。
HJ20180908,健康养生,忌口吗,1,该用户想询问产品使用时是否需要避免某些特定的饮食或生活习惯。
HJ20180908,健康养生,"小红不差钱也整整那肚皮,都营养夫妻心情",0,该用户可能在调侃主播身材并暗示产品效果夸张，表达“即便有钱人（小红）用了这产品也瘦不下来，所谓的瘦身效果都是心理作用”的讽刺意味。
HJ20180908,健康养生,我生过孩子的肚子也是这样,0,该用户想表达的含义是：产后腹部松弛是常见现象，自己也有类似情况。  （结合前文弹幕中关于减肥效果、产后肚皮的讨论，用户通过共情表达对这一话题的认同，可能隐含对身材焦虑的缓解或对产品效果的潜在兴趣。）
HJ20180908,健康养生,你是想割波韭菜吧每个平台都播播一整天了,0,该用户是在质疑主播频繁跨平台直播的动机，认为其目的是通过过度营销来收割消费者而非真诚提供价值。
HJ20180908,健康养生,是这个链接就有芦荟吗,1,该用户是在确认商品链接中的产品是否包含芦荟成分。
HJ20180908,健康养生,"一直喝你家咖啡,今天太划算了,抢了4单",0,该用户想表达的含义是：作为忠实顾客，他觉得本次促销力度很大，所以果断下单囤货。
HJ20180908,健康养生,是不是还得控制饮食,1,该用户可能在询问产品使用期间是否需要配合特定的饮食管理来达到预期效果。
HJ20180908,健康养生,一单能减几斤,1,该用户是在询问购买该减肥产品后预计能减掉多少体重。
HJ20180908,健康养生,减肥产品都安全,0,该用户可能在询问或确认该减肥产品是否无副作用，表达了对产品安全性的关注。
HJ20180908,健康养生,正常吃饭吗,1,该用户是在询问使用该减肥产品期间是否需要保持常规饮食，担心是否需要刻意节食才能见效。
HJ20180908,健康养生,"我拍了,如果能瘦8斤的话,我就对你谢天谢地[捂脸][捂脸][捂脸]",0,该用户表达的是对产品效果的半信半疑，虽已下单购买但对其承诺的减肥效果持观望态度，并暗示若真能达到预期减重效果会非常感激。
HJ20180908,健康养生,"回购两单,老顾客了加急发货",0,该用户想表达的含义是：作为长期支持的老客户，已经再次下单并希望优先处理发货。
HJ20180908,健康养生,现在99俩个月的?,1,该用户是在询问当前促销活动是否以99元的价格提供两个月的产品用量。
HJ20180908,健康养生,"不到一单,我减了8斤",0,该用户想表达的含义是：购买并使用产品后成功减重了8斤，对效果感到满意。
HJ20180908,健康养生,不吃晚饭能不能吃,1,该用户可能是在询问这款减肥产品是否需要配合不吃晚饭才能见效。
HJ20180908,健康养生,可以吃4粒芦荟吗?,1,该用户是在询问产品（芦荟相关）的服用剂量是否允许一次食用4粒，可能出于对安全性或效果的考虑。
HJ20180908,健康养生,"我拍了,我试试[玫瑰][玫瑰]",0,该用户想表达的含义是：我已经下单购买了这个产品，想尝试一下效果。
HJ20180908,健康养生,肠胃不好可以吃吗?,1,该用户是在询问该产品是否适合肠胃敏感人群食用，隐含对产品安全性和适用性的关切。
HJ20180908,健康养生,我都回购好几单了姐妹们放心去拍,0,该用户想表达的含义是：作为多次复购的老顾客，她用自己的亲身经历向其他观众推荐该产品值得信赖。
HJ20180908,健康养生,要拍哪个,1,该用户可能在询问应该选择购买直播间推荐的哪一款产品。
HJ20180908,健康养生,我139多斤怎么拍,1,该用户是在询问自己体重139斤的情况下应该选择购买哪种规格或类型的减肥产品。
HJ20180908,健康养生,"我喝你们这个减肥套餐一单了,减了9斤了",0,该用户想表达的含义是：使用该减肥产品后取得了显著效果，对产品效果表示认可和满意。
HJ20180908,健康养生,我一单都瘦了今天又掉了2两,0,该用户想表达的含义是：我已经购买并使用过该减肥产品，并且取得了明显的瘦身效果（今天又减了0.1公斤）。
HJ20180908,健康养生,主播就是都有孩子的就是长肉不长胎的人所以肚皮这样,0,该用户可能是想询问主播推荐的减肥或孕期产品是否适合像她这样产后身材恢复较慢、容易长胖但胎儿发育正常的宝妈群体。
HJ20180908,健康养生,原来的套餐没有芦荟吧,0,该用户可能是在确认当前套餐与之前版本的区别，担心新套餐是否去除了芦荟成分。
HJ20180908,健康养生,我喝了咖啡15天减了16斤,0,该用户想通过分享自己的显著减肥效果（15天减16斤）来佐证产品的有效性，以此激发其他观众的购买欲望或增强对产品的信任感。
HJ20180908,健康养生,真特么烦你,0,该用户可能因对产品效果存疑或不满而表达烦躁情绪。
HJ20180908,健康养生,太吓人了,0,该用户可能是在表达对产品效果或使用体验的震惊或担忧，比如觉得减肥效果过于显著或副作用令人不安。
HJ20180908,健康养生,"拍了一单,加急发货",0,该用户已经下单购买产品，并希望商家尽快安排发货。
HJ20180908,健康养生,这样太吓人了,0,该用户可能是在对直播中展示的减肥效果或产品使用方式感到震惊或不适。
HJ20180908,健康养生,这才叫吓人.′,0,该用户是在附和之前关于产品效果夸张的吐槽，表达对直播中宣传的减肥效果感到离谱或不可信。
HJ20180908,健康养生,"这才是母爱的伟大,说吓人的是什么心态",0,"该用户是在反驳之前认为主播身材""吓人""的负面评论，试图通过赞美母爱的角度来维护主播形象，表达对母亲体型变化的包容和理解。"
HJ20180908,健康养生,太瘦了,0,该用户可能是在感叹主播或产品效果展示中的人物体型过于消瘦，隐含对健康或审美上的担忧或质疑。
HJ20180908,健康养生,好喝的!效果巨好!,0,该用户想表达的是对产品效果的强烈认可和推荐。
HJ20180908,健康养生,他太瘦了,0,该用户可能在表达对主播或产品效果过于显著的惊讶或担忧，认为瘦身程度超出了正常预期。
HJ20180908,健康养生,拍了三单让我老公和我一起喝,0,该用户通过分享自己的购买行为（下单三份）并提及让丈夫一同使用，间接表达了对产品的认可和推荐意愿。
HJ20180908,健康养生,"我喝咖啡减了9斤,刚刚又拍了两单,加急发货",0,该用户想表达的含义是：自己通过使用该产品成功减重后，出于信任和满意再次下单并希望尽快收到货。
HJ20180908,健康养生,"红姐我姐姐喝你家咖啡减了39斤,我今天也过来拍了",0,该用户想表达的含义是：因为看到亲友使用该产品效果显著，自己也产生了信任并下单购买。
HJ20180908,健康养生,干嘛要这么瘦啊,0,该用户可能是在质疑主播或产品过度强调瘦身效果，认为追求极端瘦身并不健康或没有必要。
HJ20180908,健康养生,一单能瘦多少斤,1,该用户是在询问购买该减肥产品后预计能达到的减重效果。
HJ20180908,健康养生,咖啡开水冲吗?,1,该用户可能是在询问咖啡的冲泡方式是否需要用开水，以此确认产品使用方法以便考虑购买。
HJ20180908,健康养生,我刚拍就改价了,0,该用户可能因发现刚下单商品就出现价格变动而感到不满或困惑。
HJ20180908,健康养生,一单吃多久,1,该用户想询问购买一单产品后能持续使用多长时间。
HJ20180908,健康养生,"我买了,希望我能瘦下来",0,该用户表达了自己已经下单购买产品，并期待通过使用该产品达到减肥效果的心理。
HJ20180908,健康养生,效果真的好,1,该用户想表达的含义是：对产品效果表示高度认可并暗示有购买意向。
HJ20180908,健康养生,"你家咖啡搭配喝减的真的很快,我减了28斤",0,该用户想表达的含义是：这款咖啡的减肥效果非常显著，自己通过搭配饮用成功减重了28斤。
HJ20180908,健康养生,我133斤直接拍了两单,0,该用户想表达的含义是：自己体重较大所以果断下单购买了产品，希望通过使用该产品达到减重效果。
HJ20180908,健康养生,"吓人,吓人可别亮开了,吓人",0,该用户可能是在对直播中展示的过于消瘦或夸张的效果感到不适，认为这种宣传方式令人不安。
HJ20180908,健康养生,拍了拍了,0,该用户想表达的含义是：我已经下单购买了产品。
HJ20180908,健康养生,真的好看[心心][心心],0,该用户想表达的含义是：对直播中展示的产品效果或外观感到非常喜爱和赞赏。
HJ20180908,健康养生,月经期间能吃吗?,1,该用户是在询问产品（可能是减肥咖啡）在生理期是否适合饮用，以确认使用安全性或效果。
HJ20180908,健康养生,"我喝咖啡减12斤了,又回购了",0,该用户想表达的含义是：自己通过喝这款咖啡成功减重12斤，出于对产品效果的认可再次下单购买。
HJ20180908,健康养生,吃了闹肚子吗,1,该用户担心产品可能导致肠胃不适，在询问食用后是否会出现腹泻问题。
HJ20180908,健康养生,"马上喝完一单了,真没想到减了10斤,又拍了2单",0,该用户想表达的含义是：自己通过使用该产品显著减重后感到满意，因此立刻进行了复购。
HJ20180908,健康养生,节食吗??,1,该用户可能是在询问主播推荐的减肥咖啡是否需要配合节食才能达到效果。
HJ20180908,健康养生,经期能吃吗,1,该用户是在询问该产品是否适合在生理期期间饮用。
HJ20180908,健康养生,敏敏本来就瘦,0,该用户可能是在委婉质疑产品效果，认为主播本身身材就偏瘦，无法证明咖啡的减肥效果。
HJ20180908,健康养生,"僵尸不好,太瘦了",0,该用户可能是在吐槽产品效果过于极端，暗示减肥效果太夸张（让人瘦得像僵尸一样不健康）。
HJ20180908,健康养生,太瘦了吧,0,该用户可能在感叹主播或展示产品的人体型过于消瘦，隐含对健康或产品效果的担忧或质疑。
HJ20180908,健康养生,受的不好看,0,该用户想表达的含义是：模特太瘦了看起来不健康。
HJ20180908,健康养生,控制饮食补,0,该用户可能是想询问这款产品是否需要配合控制饮食来达到减肥效果。
HJ20180908,健康养生,你们能比上红姐的脚后跟就不错了,0,"该用户是在讽刺当前直播间的产品或主播表现远不如他们提到的""红姐""，带有比较和贬低的意味。"
HJ20180908,健康养生,怎么这么瘦,0,该用户可能是在感叹主播或展示商品的效果过于消瘦，隐含对产品效果的惊讶或对过度瘦身的不认同。
HJ20180908,健康养生,肚子大减下去不,0,该用户可能是在询问产品是否能有效减掉腹部脂肪。
HJ20180908,健康养生,月经期间能吃吗,1,该用户是在询问产品是否适合经期使用，可能担心生理期服用会影响健康或效果。
HJ20180908,健康养生,123斤买几单,1,该用户想表达的含义是：根据我的体重（123斤），应该购买多少份产品才能达到理想的减重效果。
HJ20180908,健康养生,节食吗?,1,该用户可能在询问产品是否需要配合节食才能达到减肥效果。
HJ20180908,健康养生,"你放屁,你放屁",0,该用户可能是在情绪激动地反驳主播关于产品效果的夸大宣传，认为其说法不真实或不可信。
HJ20180908,健康养生,瘦的吓人,0,该用户可能在表达对主播或展示产品效果的人体型过瘦的惊讶或不适感。
HJ20180908,健康养生,下单了加急,0,该用户想表达自己已经完成购买并希望尽快发货的意思。
HJ20180908,健康养生,我和老公都在喝直接回购五单[赞],0,该用户想表达的含义是：自己和伴侣都在使用该产品且效果满意，因此决定再次购买多份表示支持。
HJ20180908,健康养生,你家咖啡比我喝其他家减的都多,1,该用户想表达的含义是：这款咖啡的减肥效果比其他品牌更显著。
HJ20180908,健康养生,"刚开始喝了几天,减了3斤,还想再减8斤",0,该用户想表达的含义是：对产品减肥效果感到满意并有意继续使用以达到更理想的减重目标。
HJ20180908,健康养生,之前拍的你卖的那个跟这个一样吗,1,该用户想确认之前购买的产品与当前直播展示的是否为同款。
HJ20180908,健康养生,这肚皮是几斤减下来的.这么松,0,该用户是在询问主播通过什么减肥方法才能让松弛的肚皮明显瘦下来。
HJ20180908,健康养生,敏敏多少斤,0,该用户是在询问主播敏敏（可能是主播或展示者）通过该产品减重后的具体体重数据。
HJ20180908,健康养生,太吓人了,0,该用户是在感叹主播或产品展示的身材过于消瘦，让人感到不适或震惊。
HJ20180908,健康养生,"老公减了25斤,比我减得多很多",0,该用户想表达的含义是：对产品效果感到惊讶和羡慕，因为伴侣使用后比自己瘦得更明显。
HJ20180908,健康养生,我吃了两单没廋,0,该用户想表达的含义是：购买并使用了产品但没达到预期的减肥效果。
HJ20180908,健康养生,喝几天见效,1,该用户想询问产品需要持续服用多长时间才能看到明显的效果。
HJ20180908,健康养生,高血压能喝吗,1,该用户是在询问该产品是否适合高血压人群饮用。
HJ20180908,健康养生,控制饮食不,1,该用户可能在询问产品是否需要配合饮食控制才能达到减肥效果。
HJ20180908,健康养生,"不到一单,我减了8斤",0,该用户想表达的含义是：购买这款产品后，自己还没用完一单的量就已经成功减重8斤。
HJ20180908,健康养生,"这个套餐瘦的确实快,我都减了27斤了,在拍两单",1,该用户想表达的含义是：这个减肥套餐效果显著，自己已经成功减重27斤，打算再次购买以继续使用。
HJ20180908,健康养生,"老给红姐急的,一口吃不成胖子[捂脸]",0,该用户是在调侃主播（红姐）过于急切地推销产品，暗示减肥需要循序渐进不能急于求成。
HJ20180908,健康养生,小糖人能喝吗,1,该用户是在询问直播中推销的减肥产品（小糖人）是否适合饮用，可能担心其安全性或适用性。
HJ20180908,健康养生,"我拍了两单,我是来回购的",0,该用户想表达的含义是：我已经购买过该产品并体验良好，现在再次下单表示对商品的认可和持续支持。
HJ20180908,健康养生,需要节食吗[龇牙],1,该用户可能在调侃或询问是否需要配合节食才能达到产品宣传的减肥效果，同时用表情符号缓和语气。
HJ20180908,健康养生,咖啡苦不苦,1,该用户可能是在询问咖啡的口感是否苦涩，以此判断产品是否适合自己的口味偏好或健康需求。
HJ20180908,健康养生,"我喝咖啡减了9斤,刚刚又拍了两单,加急发货",0,该用户想表达的含义是：这款咖啡的减肥效果显著，自己已经成功减重并再次下单购买，希望尽快收到商品继续使用。
HJ20180908,健康养生,经期喝吗?,1,该用户可能是在询问这款减肥咖啡是否适合在生理期间饮用。
HJ20180908,健康养生,肚子去弄一下.太难看了,0,该用户是在吐槽自己减肥后腹部皮肤松弛的问题，表达对身材变化的不满和困扰。
HJ20180908,健康养生,中午吃不吃?,1,该用户可能在询问这款减肥产品是否需要配合中午禁食才能见效。
HJ20180908,健康养生,活不长,0,该用户可能在质疑产品的效果或安全性，暗示使用后可能对健康有负面影响。
HJ20180908,健康养生,咖啡开水冲还是温水冲呢?,1,该用户是在询问冲泡咖啡的具体方法，以确认产品使用方式是否符合自己的需求，暗示对这款减肥咖啡的购买意向和实际使用考虑。
HJ20180908,健康养生,"我102斤也减了6斤,很满意",0,该用户想表达的含义是：自己通过使用产品成功减重，对效果感到满意并间接推荐。
HJ20180908,健康养生,喝了有啥副作用吗,1,该用户是在询问产品的安全性，担心饮用后可能产生的不良反应。
HJ20180908,健康养生,饭前喝还是饭后喝?,1,该用户是在询问产品的具体饮用时间，以了解如何配合饮食安排来达到最佳效果。
HJ20180908,健康养生,我今天掉了2两,0,该用户想表达的含义是：我喝了这款产品后体重减轻了2两。
HJ20180908,健康养生,红姐你得锻炼身体呀,0,该用户可能在委婉提醒主播注意健康，暗示产品效果虽好但需结合适度运动才能更科学地减肥。
HJ20180908,健康养生,晚上不喝是吧,1,该用户可能在询问产品是否建议在晚上饮用，隐含对使用时间限制的关注。
HJ20180908,健康养生,喝这个咖啡一天得喝多少水?,1,该用户可能在询问饮用该咖啡后需要额外补充多少水分才能避免脱水或维持健康效果。
HJ20180908,健康养生,红姐你家星河湾几号楼,0,该用户可能是在询问直播间所售产品的具体型号或批次信息，暗示对购买该商品感兴趣。
HJ20180908,健康养生,不胖的不要吃.太吓人了,0,该用户是在调侃产品效果过于显著，暗示瘦的人不需要尝试以免变得更瘦。
HJ20180908,健康养生,"马上喝完一单了,真没想到减了10斤,又拍了2单",0,该用户想表达的含义是：自己通过持续饮用该产品成功减重10斤，出于对效果的满意又追加购买了两份。
HJ20180908,健康养生,可以喝的不苦的睡得着,0,该用户想询问这款产品是否是口感不苦且不影响睡眠的饮品。
HJ20180908,健康养生,点糖管喝吗?,1,该用户可能在询问这款咖啡产品是否适合搭配糖分饮用，或是询问饮用时是否需要控制糖分摄入。
HJ20180908,健康养生,"我61岁,喝完你的两单咖啡掉了19斤很满意",0,该用户想表达的含义是：自己作为61岁的消费者，在购买并饮用该产品后取得了显著的减肥效果（减重19斤），因此感到满意并再次下单。  （解析：结合前文弹幕中频繁提及的减肥效果、复购行为（如“减了9斤，又拍两单”“减了10斤，又拍了2单”）以及产品使用细节（如冲泡方式、副作用等），可判断该弹幕核心是强调产品有效性并隐含推荐意图，年龄信息进一步突出效果可信度。）
HJ20180908,健康养生,"姐,胃不好,可以吃吗",1,该用户是在询问主播这款咖啡是否适合肠胃敏感的人群饮用。
HJ20180908,健康养生,"我也是老顾客,买了好多单真的很好",0,该用户想表达的含义是：作为多次回购的忠实客户，我对产品效果非常认可并持续支持。
HJ20180908,健康养生,"我喝1单,瘦了10斤",0,该用户想表达的含义是：购买并饮用该产品后成功减重，效果显著。
HJ20180908,健康养生,你还很年轻,0,该用户可能是在委婉提醒主播注意健康或形象管理，暗示当前状态显得不够精神或疲惫。
HJ20180908,健康养生,叔叔儿子不相信放屁,0,该用户可能在调侃或开玩笑，暗示产品效果夸张到连“叔叔的儿子”都不相信（比如减肥效果显著到像“放屁”一样不真实），以此表达对直播中其他用户分享的惊人减肥效果的戏谑或质疑。
HJ20180908,健康养生,真的效果很好,1,该用户想表达的含义是：对产品效果表示高度认可并隐含推荐意向。  （结合前文弹幕中频繁出现的减肥效果反馈、复购行为及正面评价，可推断此弹幕是对产品功效的肯定，且语境中已形成群体认同氛围，用户通过简洁表达强化了产品有效的核心信息。）
HJ20180908,健康养生,"母爱伟大无私,为什么说吓人",0,该用户可能是在质疑之前弹幕中提到“不胖的不要吃，太吓人了”的说法，认为强调减肥效果夸张到吓人程度与母亲无私的爱形成矛盾反差。
HJ20180908,健康养生,主播说的是真的挺管用的,0,该用户想表达的含义是：认可主播推荐的产品确实有效果。
HJ20180908,健康养生,能喝酒跟饮料吗,1,该用户可能在询问产品是否可以与酒或饮料同时饮用，以确认使用时的搭配禁忌或注意事项。
HJ20180908,健康养生,脖子的佛牌有吗?,1,该用户可能在询问主播是否有适合佩戴在颈部的佛牌类商品出售。
HJ20180908,健康养生,晚上饭前还是饭后?,1,该用户可能在询问产品（可能是咖啡或其他饮品）适合在饭前还是饭后饮用。
HJ20180908,健康养生,拍了三单让我老公和我一起喝,0,该用户想表达的含义是：我已经下单购买了三份产品，打算和丈夫一起使用。
HJ20180908,健康养生,"165斤,拍了两单哈",0,该用户想表达的含义是：自己体重165斤，已经下单购买了两份产品并期待使用效果。  （结合前文弹幕中频繁提及的减重效果、产品回购等内容，用户动机可能是分享自身情况并暗示对产品的信任或期待，语境上延续了直播间“减重咖啡”的核心讨论。）
HJ20180908,健康养生,很年轻,0,该用户可能是在回应或附和之前关于主播或产品使用者的年龄讨论，暗示对方看起来比实际年龄显年轻。
HJ20180908,健康养生,九十九几天的量,1,"该用户想询问产品“九十九元的价格对应的是多少天的使用量”。 （解析：结合前文弹幕高频出现的""单""（订单单位）、价格效果讨论（减重斤数）和服用周期相关提问（饭前饭后），可推断用户在用价格+时间维度确认产品性价比，典型购买决策前的询价行为）"
HJ20180908,健康养生,对肾有影响吗,1,该用户是在询问该产品是否会对肾脏功能造成不良影响。
HJ20180908,健康养生,喝了心慌吗?,1,该用户是在询问产品是否会导致心悸等不适反应，表现出对产品安全性的顾虑和潜在购买前的谨慎考量。
HJ20180908,健康养生,我刚出月子喝了一单减了14斤,0,该用户想表达的含义是：自己产后通过使用该产品成功瘦身，对效果感到满意并认可产品功效。
HJ20180908,健康养生,肚子好不好看是让你看减肥的效果,0,该用户想表达的含义是：展示减肥效果才是重点，而不是关注腹部外观本身。
HJ20180908,健康养生,一单快喝完了减了8斤,0,该用户想表达的含义是：购买并使用该产品后，在快喝完一单的量时成功减重了8斤。
HJ20180908,健康养生,"一直坚持喝5单了,已经减50来斤",0,该用户想表达的含义是：通过持续购买并使用该产品，自己已成功减重显著。
HJ20180908,健康养生,"回购2单,已经减了8斤",0,该用户想表达的含义是：自己已经购买过该产品并取得了明显的减肥效果，因此决定再次下单支持。
HJ20180908,健康养生,我也买了!一直买红姐的,0,该用户想表达的含义是：自己是主播的忠实顾客，多次回购其推荐的产品。
HJ20180908,健康养生,"想瘦10斤,一点可以不",0,该用户想表达的含义是：询问使用该产品后能否实现减重10斤的效果。
HJ20180908,健康养生,主播胶囊晚上吃几粒,1,该用户想询问主播推荐的胶囊产品在晚间服用的具体剂量。
HJ20180908,健康养生,"效果真的很好,我已经减了11斤了",0,该用户想表达的含义是：对产品效果表示肯定并分享自己的成功减肥经历以增强可信度。
HJ20180908,健康养生,99喝几天,1,该用户是在询问产品99元的价格能购买到几天的使用量。
HJ20180908,健康养生,一单能减几斤,1,该用户是在询问购买一单产品后预计能减掉多少体重。
HJ20180908,健康养生,心慌么,1,该用户是在询问产品是否会导致心悸等不适反应，表现出对产品安全性的顾虑和潜在购买前的犹豫。
HJ20180908,健康养生,锻炼身体,0,该用户可能是想询问产品是否有助于健身塑形或增强体能。
HJ20180908,健康养生,红姐你带的是佛牌吗,0,该用户可能是对主播佩戴的饰品（佛牌）产生了兴趣，想确认是否为佛牌并了解相关信息。
HJ20180908,健康养生,六十多岁的人能喝吗?,1,该用户是在询问这款减肥产品是否适合六十多岁的老年人饮用。
HJ20180908,健康养生,让敏敏下,0,该用户可能是在催促主播“敏敏”下场休息或换人，表达对当前直播内容或形式的不满或疲惫感。
HJ20180908,健康养生,我喝完一单减了7斤多,0,该用户想表达的含义是：使用该产品后取得了明显的减肥效果。
HJ20180908,健康养生,"你家咖啡效果确实很明显,又回购了1单",0,该用户想表达的含义是：对产品效果满意并再次购买以继续使用。
HJ20180908,健康养生,"我姐姐让我过来拍的,她都减了35斤了",0,该用户想表达的含义是：因为看到姐姐使用该产品效果显著（减重35斤），所以自己也被吸引来购买。
HJ20180908,健康养生,吃几天能瘦,1,该用户是在询问产品需要服用多长时间才能达到减肥效果。
HJ20180908,健康养生,你有卖好几产品到的那个好,0,该用户想表达的含义是：你们有没有卖那种效果很好的多款产品组合？
HJ20180908,健康养生,还用多喝水吗,1,该用户可能在询问是否需要增加饮水量来配合当前推销的减肥产品以达到更好的效果。
HJ20180908,健康养生,太瘦了,0,该用户可能是在表达对产品效果的质疑或担忧，认为减重效果过于明显可能不够健康。
HJ20180908,健康养生,"咖啡瘦了17斤了,确实挺好",0,该用户想表达的是：这款咖啡的减肥效果确实不错，自己已经成功减掉了17斤。
HJ20180908,健康养生,忌酒吗,1,该用户是在询问产品是否需要避免饮酒以达到更好的效果。
HJ20180908,健康养生,四五十岁能吃吗,1,该用户是在询问产品是否适合中老年人使用。
HJ20180908,健康养生,对自己好,0,该用户可能是在认同产品效果后，暗示购买产品是对自身健康的投资或犒赏。
HJ20180908,健康养生,我喝了3单减了36斤今天又来回购两单,0,该用户想表达的含义是：自己之前购买并服用了该产品后成功减重36斤，出于对效果的认可再次下单回购。
HJ20180908,健康养生,这个和益生菌能一起喝吗,1,该用户是在询问产品是否可以与益生菌同时服用，以确认使用时的搭配安全性或效果。
HJ20180908,健康养生,你们是喝这个瘦的吗,1,该用户是在询问主播团队是否通过饮用该产品达到瘦身效果，以此间接求证产品的真实性和有效性。
HJ20180908,健康养生,红姐的脚后跟你们都比不上,0,该用户想表达的含义是：红姐的产品效果远超其他人的同类产品。
HJ20180908,健康养生,既然能瘦几斤,0,该用户想表达的含义是：这款产品能让人减掉多少体重。
HJ20180908,健康养生,"不到一单,我减了8斤",0,该用户想表达的含义是：购买这款产品后，自己还没喝完一单就成功减重了8斤。
HJ20180908,健康养生,"说的好,肚子是你伟大的象征.[玫瑰][玫瑰]",0,该用户是在调侃主播的身材，并以此表达对主播的喜爱和支持。
HJ20180908,健康养生,我拍了2单给我加急发货,0,该用户急切希望商家优先处理自己的订单以尽快收到产品。
HJ20180908,健康养生,"我喝咖啡套餐减了22斤,现在男朋友也跟我一起喝",0,该用户想表达的含义是：咖啡套餐的减肥效果显著，自己成功减重后带动伴侣也购买了该产品。
HJ20180908,健康养生,拍一单试试,0,该用户想表达的含义是：出于对产品效果的信任和尝试心态，决定下单购买体验。
HJ20180908,健康养生,拍了拍了,0,该用户想表达的含义是：我已经下单购买了这款产品。
HJ20180908,健康养生,90斤的能减嘛,1,该用户是在询问这款减肥产品对体重基数较小（90斤）的人群是否也有效果。
HJ20180908,健康养生,高血压可以吃吗,1,该用户是在询问该产品是否适合高血压患者食用，可能出于对自身健康状况的顾虑或想确认产品的适用人群。
HJ20180908,健康养生,六十多岁能喝吗?,1,该用户是在询问这款产品是否适合六十多岁的老年人饮用。
HJ20180908,健康养生,生完孩子多久可以喝,1,该用户想询问产后女性适合饮用该产品的时间周期。
HJ20180908,健康养生,36还是很年轻,0,该用户想表达的含义是：36岁的人服用这款产品后依然能保持年轻状态。
HJ20180908,健康养生,66岁能不能吃,1,该用户是在询问这款产品是否适合66岁的老年人食用。
HJ20180908,健康养生,"红姐我喝你家减肥咖啡都减了15斤了,今天再来拍一单",0,该用户是在分享自己的使用效果并表达对产品的认可，同时表明要继续复购支持。
HJ20180908,健康养生,锻炼身体对自己好,0,该用户可能是在认同直播间的健康理念，暗示自己也有通过购买产品来改善身体状况的意愿。
HJ20180908,健康养生,"我减了13斤,肚子明显小了好多",0,该用户想表达的含义是：这款产品帮助我成功减肥且效果显著。
HJ20180908,健康养生,会失眠吗,1,该用户可能在询问产品是否会导致失眠的副作用。
HJ20180908,健康养生,需要节食吗,1,该用户可能是在询问该减肥产品是否需要配合节食才能达到预期效果。
HJ20180908,健康养生,咖啡好喝吧,1,该用户是在询问这款减肥咖啡的口感如何，可能是在考虑购买前确认产品体验。
HJ20180908,健康养生,"我减下来了,现在我身边好多人都在跟着我一起喝",0,该用户想表达的含义是：这款产品帮助我成功减肥，现在身边的朋友们也受我影响开始尝试使用。
HJ20180908,健康养生,这咖啡用啥水喝呀?,1,该用户可能是在询问适合搭配这款减肥咖啡饮用的水温或水质，以优化饮用效果或口感。
HJ20180908,健康养生,安全有效减肥不拉肚,0,该用户是在询问这款减肥产品是否具备安全可靠的减重效果且不会引起腹泻等副作用。
HJ20180908,健康养生,我喝了3单减了36斤今天又来回购两单,0,该用户想表达的含义是：自己之前购买并使用了该减肥产品效果显著（减重36斤），出于对产品的信任和满意再次下单购买。
HJ20180908,健康养生,"我是刚生完孩子小肚子大,喝完两单肚子小了好多",0,该用户想表达的含义是：自己产后腹部肥胖，在购买并饮用该产品后取得了明显的瘦身效果。
HJ20180908,健康养生,拍了一单试试,0,该用户想表达的含义是：出于对产品效果的信任和尝试心态，决定下单购买体验一下。
HJ20180908,健康养生,忌口吗,1,该用户是在询问该产品是否有饮食禁忌或需要注意的食用限制。
HJ20180908,健康养生,"62岁能喝吗,肚子大",1,该用户是在询问这款减肥咖啡是否适合62岁且有腹部肥胖问题的人群饮用。
HJ20180908,健康养生,晚上喝咖啡吗,1,该用户可能在询问咖啡是否适合晚上饮用以避免影响睡眠。
HJ20180908,健康养生,晚上饭前喝还是饭后喝?,1,该用户是在询问产品的最佳饮用时间，关注点在于饮食搭配和饮用效果。
HJ20180908,健康养生,"回购两单,老顾客了加急发货",0,该用户想表达的含义是：作为长期支持的老客户再次下单购买，并希望商家优先处理自己的订单以尽快收货。
HJ20180908,健康养生,"不是让你看肚子好不好看,而是让你看看减肥的效果",0,该用户想表达的意思是：重点在于展示减肥的实际效果，而不是单纯关注腹部外观的变化。
HJ20180908,健康养生,产品上市几年?,1,该用户可能是在询问产品的市场成熟度和可靠性，以此判断是否值得购买。
HJ20180908,健康养生,原来的那款没有了吗,1,该用户可能是想询问之前直播中提到的某款产品是否已经下架或售罄，表达了对特定商品的购买兴趣或需求。
HJ20180908,健康养生,你挣的钱还不够花吗,0,该用户可能是在质疑主播推销产品的动机，暗示其过度营销以谋利。
HJ20180908,健康养生,一单喝多少天,1,该用户想询问购买一单产品能够满足多少天的饮用需求。
HJ20180908,健康养生,不忌口都可以瘦,1,该用户想表达的含义是：这款产品不需要控制饮食也能达到减肥效果。
HJ20180908,健康养生,"按照你们的喝法喝减了17斤,太好了",0,该用户想表达的含义是：自己通过按照直播推荐的方法使用产品成功减重，感到非常满意。
HJ20180908,健康养生,"相信你,拍了两单加急发货",0,该用户表达了对产品的信任和满意，已经下单购买并希望尽快收到货品。
HJ20180908,健康养生,"主播我拍的收到了,咖啡粉和益生菌奇亚籽一起喝吗",1,该用户想表达的含义是：询问收到的咖啡粉和益生菌奇亚籽是否可以搭配饮用。
HJ20180908,健康养生,我200斤吃多少,1,该用户可能在询问自己体重较大时适合的饮用量以达到减肥效果。
HJ20180908,健康养生,一单吃几天,1,该用户想询问购买一单产品能够使用多少天。
HJ20180908,健康养生,我也瘦了,0,该用户想表达的含义是：自己使用了直播间的减肥产品后也成功瘦下来了。
HJ20180908,健康养生,怎样吃,1,该用户想询问产品的具体食用方法或服用方式。
HJ20180908,健康养生,一单能瘦几斤啊,1,该用户是在询问购买该减肥产品后，使用一个订单的量能带来多少减重效果。
HJ20180908,健康养生,妈妈真漂亮[玫瑰],0,该用户可能在夸赞主播或产品效果显著，暗示对产品效果的认可或潜在购买兴趣。
HJ20180908,健康养生,90斤的能还能减嘛,0,该用户想询问自己体重90斤是否还能通过该产品继续减重。
HJ20180908,健康养生,要远动吗,1,该用户可能是在询问产品是否需要配合运动才能达到减肥效果。
HJ20180908,健康养生,一单吃能几天,1,该用户是在询问购买一单产品能够满足多少天的食用需求。
HJ20180908,健康养生,我也喝的是这个,0,该用户想表达的含义是：自己也在使用同款产品，暗示对商品的认可或产生共鸣。
HJ20180908,健康养生,要一直喝吗,1,该用户可能在询问产品是否需要长期持续服用才能见效。
HJ20180908,健康养生,"我拍了,能加急吗!红姐",0,该用户想表达的含义是：我已经下单购买了产品，希望商家能优先处理我的订单尽快发货。
HJ20180908,健康养生,六十八岁能喝吗,1,该用户是在询问这款产品是否适合68岁的老年人饮用。
HJ20180908,健康养生,"拍了一单,能减几斤",1,该用户想询问购买产品后预计能达到的减肥效果。
HJ20180908,健康养生,效果真的好![心心]我也瘦了,0,该用户想表达的含义是：认同产品效果并分享自己的成功减肥经历以增强可信度。
HJ20180908,健康养生,"我减下来了,现在我身边好多人都在跟着我一起喝",0,该用户想表达的含义是：这款产品帮助我成功减肥，现在身边的朋友们受我影响也开始尝试饮用。
HJ20180908,健康养生,拉肚子吗,1,该用户可能是担心产品副作用，在询问食用后是否会导致腹泻。
HJ20180908,健康养生,高血压可以吃,0,该用户可能在询问产品是否适合高血压人群食用。
HJ20180908,健康养生,血压高的人可以喝吗?,1,该用户是在询问产品是否适合高血压人群使用，表现出对产品适用性的关注和潜在的购买意向。
HJ20180908,健康养生,吃喝有什么要求吗,1,该用户是在询问产品的食用禁忌或注意事项。
HJ20180908,健康养生,"我50多了,就是肚子大我拍一单了",0,该用户想表达的含义是：虽然年纪较大且腹部肥胖，但出于对产品效果的信任决定下单尝试。
HJ20180908,健康养生,"红姐我喝你家减肥咖啡都减了15斤了,今天再来拍一单",0,该用户想表达的含义是：通过使用该产品取得了显著效果，决定再次购买以继续维持或提升减肥效果。
HJ20180908,健康养生,能能喝酒吗,1,该用户想询问这款减肥产品是否允许在饮酒期间服用。
HJ20180908,健康养生,吃了以后控制饮食吗,1,该用户是在询问服用该产品后是否需要配合控制饮食来达到预期效果。
HJ20180908,健康养生,拍了加急,0,该用户想表达的含义是：我已经下单购买了产品，希望能优先处理加快发货。
HJ20180908,健康养生,"我一直喝红姐的,现在嘎嘎瘦",0,该用户想表达的含义是：我长期使用红姐的产品并且取得了明显的瘦身效果。
HJ20180908,健康养生,"刚开始喝了几天,减了3斤,还想再减8斤",0,该用户想表达的含义是：自己使用产品后已初见成效，希望继续购买以达到更理想的减肥目标。
HJ20180908,健康养生,"回购2单,已经减了8斤",0,该用户想表达的含义是：我已经购买了两次这个产品，并且成功减掉了8斤体重。
HJ20180908,健康养生,一天早饭前一袋咖啡?,1,该用户可能在询问每天早晨空腹饮用一袋咖啡是否有助于减肥效果。
HJ20180908,健康养生,"我拍了两单,我是来回购的",0,该用户想表达的含义是：自己已经是该产品的老顾客，因认可效果而再次下单购买。
HJ20180908,健康养生,晚上什么时候喝?,1,该用户是在询问产品（可能是减肥咖啡）的具体饮用时间建议，尤其是针对晚上时段是否适合饮用。
HJ20180908,健康养生,喝酒能喝吗,1,该用户是在询问产品使用期间是否可以饮酒。
HJ20180908,健康养生,"一单减了16斤,又回购了",0,该用户想表达的含义是：这款产品效果显著，自己通过使用成功减重后再次购买。
HJ20180908,健康养生,晚上喝吗,1,该用户是在询问产品是否适合在晚上饮用。
HJ20180908,健康养生,你家咖啡比我喝其他家减的都多,1,该用户想表达的含义是：相比其他品牌的减肥咖啡，这款产品的效果更显著。
HJ20180908,健康养生,喝酒可以喝的我也喝瘦了,0,该用户想表达的含义是：询问在饮酒的情况下是否也能通过这款产品达到减肥效果。
HJ20180908,健康养生,晚上什么时候喝?[玫瑰][玫瑰][玫瑰][玫瑰],1,该用户是在询问产品（减肥咖啡）的具体饮用时间建议，尤其是晚上服用的合适时段，并表现出一定的购买兴趣和积极态度。
HJ20180908,健康养生,这个减肥效果好不好?三年前在你家拍的那个喝的减肥效果很好,1,该用户想表达的含义是：之前购买过你们家的减肥产品效果不错，现在想确认新款产品的效果是否同样好，有意向再次购买。
HJ20180908,健康养生,"刚来,都是什么",1,该用户刚进入直播间，对当前直播内容感到困惑，想了解正在推销的具体产品是什么。
HJ20180908,健康养生,"红姐我姐姐喝你家咖啡减了39斤,我今天也过来拍了",0,该用户想表达的含义是：我因为看到姐姐使用这款咖啡有明显减肥效果，所以也下单购买了。
HJ20180908,健康养生,"婆婆喝这个咖啡减了14斤,今天又回购两单",0,该用户通过分享家人使用产品的显著效果（减重14斤）来佐证产品有效性，并强调自己的复购行为以表达对产品的信任和持续购买意愿。
HJ20180908,健康养生,怎么喝,1,该用户想询问这款减肥咖啡的具体饮用方法和时间安排。
HJ20180908,健康养生,中午不用喝吗?,1,该用户可能在询问产品是否需要避开中午时段饮用，或是询问中午是否也可以饮用该产品。
HJ20180908,健康养生,我喝了三天瘦五斤,0,该用户想表达的含义是：这款产品有显著的减肥效果，自己使用后短时间内就减重明显。
HJ20180908,健康养生,能喝酒吗,1,该用户是在询问该减肥产品是否允许在饮酒期间使用。
HJ20180908,健康养生,一天吃多少,1,该用户想询问产品的每日建议服用量以了解如何达到最佳减肥效果。
HJ20180908,健康养生,"喝一个月减了13斤,继续喝",0,该用户想表达的含义是：这款产品使用效果显著，自己通过持续饮用已成功减重，并打算继续坚持使用以维持或进一步提升效果。
HJ20180908,健康养生,我52岁能喝吗,1,该用户是在询问产品是否适合中老年人饮用，担心年龄因素可能影响使用效果或安全性。
HJ20180908,健康养生,"我出月子就开始喝了,2单减了17斤",0,该用户想表达的含义是：这款产品在我产后恢复期间使用效果显著，购买两单后成功减重了17斤。
HJ20180908,健康养生,备孕期能喝吗?,1,该用户是在询问该产品是否适合备孕期间的人群饮用。
HJ20180908,健康养生,一单能减几斤,1,该用户是在询问购买该减肥产品后，使用一个订单的量能达到多少减重效果。
HJ20180908,健康养生,16岁能喝吗,1,该用户是在询问该产品是否适合16岁的未成年人饮用。
HJ20180908,健康养生,120斤拍几单,1,该用户想询问自己体重120斤的情况下需要购买多少份产品才能达到理想的减肥效果。
HJ20180908,健康养生,咖啡苦吧,0,该用户可能是在询问咖啡的口感是否偏苦，以此判断是否符合自己的口味偏好或饮用习惯。
HJ20180908,健康养生,"小红34,你儿子快十八了,你十七八就生小孩了?",0,该用户可能在调侃主播年纪轻轻就生育，同时隐含对产品适用年龄的疑问或质疑。
HJ20180908,健康养生,"喝了减肥套餐2单了,减了18斤",0,该用户想表达的含义是：自己已经购买了两份减肥产品并取得了明显的瘦身效果。
HJ20180908,健康养生,你穿的上衣有吗,1,该用户可能是在询问主播身上穿的同款上衣是否有售，表达了对该商品的购买兴趣。
HJ20180908,健康养生,"我减了13斤,肚子明显小了好多",0,该用户想表达的含义是：通过使用该产品取得了显著的减肥效果，尤其是腹部有明显变化。
HJ20180908,健康养生,开水冲咖啡吗?,1,该用户可能是在询问冲泡咖啡的具体方法，同时隐含对产品效果的好奇或购买意向。
HJ20180908,健康养生,喝过别的产品喝这个能有效果么,1,该用户是在询问与其他产品相比，这款咖啡的减肥效果是否更显著或可靠。
HJ20180908,健康养生,忌口不,1,该用户是在询问这款减肥咖啡是否有饮食禁忌或服用限制。
HJ20180908,健康养生,我一单都瘦了12斤,0,该用户想表达的含义是：购买并使用该产品后成功减重了12斤。
HJ20180908,健康养生,用控制饮食吗,1,该用户是在询问该减肥产品是否需要配合饮食控制来达到效果。
HJ20180908,健康养生,"减肥咖啡确实好,我是老顾客,大家放心买",0,该用户想表达的含义是：作为长期使用者，我认可这款减肥咖啡的效果并推荐给大家购买。
HJ20180908,健康养生,刚进来,0,该用户可能是刚进入直播间，正在了解产品信息或观望其他用户的反馈。
HJ20180908,健康养生,红姐喝了几单这么瘦的,0,该用户想表达的含义是：红姐喝了多少份这款产品才变得这么苗条的？
HJ20180908,健康养生,晚上和履历是早上和女的,0,该用户可能是想询问“晚上喝和早上喝的效果是否不同，以及女性是否适合饮用这款减肥产品”。
HJ20180908,健康养生,一单能喝几天,1,该用户想询问购买一单产品能够满足多少天的饮用需求。
HJ20180908,健康养生,"我喝咖啡套餐减了22斤,现在男朋友也跟我一起喝",0,该用户想表达的含义是：这款减肥咖啡效果显著，自己成功减重后还带动了身边人一起使用。
HJ20180908,健康养生,红姐的脚后跟你们都比不上,0,该用户想表达的含义是：红姐的减肥效果非常出色，其他人远远无法达到她的水平。
HJ20180908,健康养生,"现在正在喝,掉了2两了",0,该用户想表达的含义是：我正在使用这款减肥咖啡，已经成功减掉了2两体重。
HJ20180908,健康养生,154斤,1,该用户想表达的含义是：询问自己目前的体重（154斤）适合购买多少份减肥产品。
HJ20180908,健康养生,哺乳期可以吃吗,1,该用户是在询问产品是否适合哺乳期女性使用，以评估自身情况下的购买安全性。
HJ20180908,健康养生,145怎么拍,1,该用户想表达的含义是：询问如何以145元的价格购买当前直播中提到的商品。
HJ20180908,健康养生,你家咖啡真的很好用,1,该用户想表达的含义是：对这款咖啡产品的效果表示认可并隐含推荐意向。
HJ20180908,健康养生,"喝完了,平时可以吃水果吗",1,该用户可能在询问使用减肥产品期间是否可以通过食用水果来辅助或替代部分饮食控制。
HJ20180908,健康养生,喝上伤肝不?,1,该用户是在询问这款减肥咖啡是否会对肝脏造成损害。
HJ20180908,健康养生,"我106斤,一单减了7斤,确实不错,在拍一单",0,该用户想表达的含义是：自己通过使用该减肥产品体重从106斤减到了99斤，效果显著，因此决定再次下单购买。
HJ20180908,健康养生,150斤拍几单,1,该用户想表达的含义是：自己体重150斤，询问需要购买多少份产品才能达到理想的减肥效果。
HJ20180908,健康养生,咋喝了?,1,该用户可能是想询问主播当前饮用的产品是否有效果或有什么反应。
HJ20180908,健康养生,"一直喝你家咖啡,今天太划算了,抢了4单",0,该用户想表达的含义是：作为老顾客对产品很满意，趁优惠活动囤了不少货。
HJ20180908,健康养生,影响喝酒吗?,1,该用户可能是在询问产品是否会影响饮酒后的效果或健康。
HJ20180908,健康养生,165高120斤拍几单,1,该用户想询问自己身高165厘米、体重120斤的情况下应该购买多少份产品才能达到理想的减肥效果。
HJ20180908,健康养生,"怎么喝,介绍一下",1,该用户想询问产品的具体饮用方法和相关注意事项。
HJ20180908,健康养生,没控制都可以瘦[你好呀],0,该用户想表达的含义是：即使没有刻意控制饮食，喝这款咖啡也能达到瘦身效果。
HJ20180908,健康养生,99的喝几天,1,该用户想询问以99元的价格购买的咖啡套餐能够饮用多少天。
HJ20180908,健康养生,我也是马上喝完两单减了14斤多,0,该用户想表达的含义是：自己已经喝完两单产品并成功减重14斤以上。
HJ20180908,健康养生,减三十斤需要几单,1,该用户是在询问自己需要购买多少份产品才能达到减重30斤的效果。
HJ20180908,健康养生,能喝酒吗,1,该用户是在询问该产品是否与饮酒行为存在冲突，担心同时使用会影响健康或效果。
HJ20180908,健康养生,不影响的呀我也喝了,0,该用户想表达的含义是：饮用该产品不会影响其他饮食行为（如喝酒），因为自己也喝了且没有不良反应。
HJ20180908,健康养生,7天黄金周是怎么吃,1,该用户可能是在询问产品（可能是减肥咖啡）在7天黄金周期间的具体使用方法和饮食搭配建议。
HJ20180908,健康养生,"相信你,拍了两单加急发货",0,该用户表达了对主播的信任，并已果断下单购买两件商品且要求加快配送速度。
HJ20180908,健康养生,线一百七斤,0,该用户想表达的含义是：身高170厘米体重100斤的人应该购买多少份产品。
HJ20180908,健康养生,喝一单有用吗?,1,该用户是在询问购买一单产品（可能是减肥咖啡）是否能看到明显的效果。
HJ20180908,健康养生,"红姐我一直喝你家减肥套餐已经减了46斤,推荐好多同事过来拍了",0,该用户想表达的含义是：作为长期使用产品的受益者，她通过亲身效果验证了产品有效性，并主动带动周围人购买以表达对品牌的信任和支持。
HJ20180908,健康养生,"红姐卖了好多减肥产品,不知道能不能相信",0,该用户对主播推荐的减肥产品效果存疑，但在看到其他观众分享的积极反馈后，内心产生了犹豫和观望态度。
HJ20180908,健康养生,有副作用吗,1,该用户是在询问该减肥产品是否存在潜在的健康风险或不良反应。
HJ20180908,健康养生,戴的啥项链?,0,该用户可能是对主播佩戴的项链产生了兴趣，想询问产品信息以便考虑购买。
HJ20180908,健康养生,"拍了一单,加急发货",0,该用户想表达的含义是：已经下单购买并希望尽快收到商品。
HJ20180908,健康养生,保质期两年今天真的最低价了,1,该用户是在确认产品保质期较长且当前价格确实优惠后，表达出对购买价值的认可和心动。
HJ20180908,健康养生,早上我不吃饭可以喝吗,1,该用户可能是在询问这款减肥产品是否适合在空腹的早晨饮用。
HJ20180908,健康养生,"咖啡收到了,开水冲泡还是温水服用",1,该用户想询问咖啡产品的具体冲泡方法，隐含对产品使用效果的关注和购买后的实际需求。
HJ20180908,健康养生,"红姐你卖了好多减肥产品,不知道能不能相信",0,该用户对主播推荐的减肥产品效果存疑，但同时又隐含希望得到可信度验证的矛盾心理。
HJ20180908,健康养生,你们是喝这个瘦的吗,1,该用户是在询问主播推荐的减肥产品是否真的能通过饮用达到瘦身效果，暗示对产品效果的怀疑和求证心理。
HJ20180908,健康养生,"喝不到两单减了16斤,太好了又来回购了2单",0,该用户想表达的含义是：自己之前购买了两单产品并成功减重16斤，因效果满意再次回购了两单。
HJ20180908,健康养生,平时可以吃水果吗,1,该用户可能是在询问该减肥产品是否允许在食用水果的同时使用，担心饮食搭配会影响效果。
HJ20180908,健康养生,便秘可以喝吗,1,该用户可能是在询问该减肥产品对缓解便秘是否有效或适用。
HJ20180908,健康养生,下单了,0,该用户想表达的含义是：已经完成购买并确认下单。  （结合前文语境，直播间在推销减肥产品，弹幕中频繁出现“拍了一单”“加急发货”等购买行为，且部分用户反馈产品效果，因此“下单了”是明确表达购买意愿和行动，属于直接成交信号。）
HJ20180908,健康养生,我感觉没副作用,0,该用户想表达的含义是：确认这款产品使用后不会产生不良反应。
HJ20180908,健康养生,"不到一单,我减了8斤",0,该用户想表达的含义是：购买这款产品后效果显著，使用不到一单的量就成功减重了8斤。
HJ20180908,健康养生,99都有啥,1,该用户想询问当前售价99元的产品包含哪些具体内容或服务。
HJ20180908,健康养生,咋喝热水泡吗,1,该用户是在询问该减肥产品是否需要用热水冲泡服用。
HJ20180908,健康养生,早晚喝更方便,0,该用户想表达的含义是：这款产品在早晚饮用时能更好地适应日常生活节奏，凸显了其便捷性。
HJ20180908,健康养生,待的啥玩意,0,该用户可能是在质疑主播佩戴的饰品或产品的外观/实用性，带有轻微不满或困惑的情绪。
HJ20180908,健康养生,我喝减肥套餐瘦了31斤,0,该用户想表达的含义是：通过使用这款减肥套餐取得了显著效果，以此间接推荐产品并增强其他观众的购买信心。
HJ20180908,健康养生,真的会瘦吗,1,该用户是在质疑产品的减肥效果，想确认是否真能达到宣传的瘦身效果。
HJ20180908,健康养生,"我减下来了,现在我身边好多人都在跟着我一起喝",0,该用户想表达的含义是：这款产品帮助我成功减肥，效果显著到吸引了周围人效仿购买。
HJ20180908,健康养生,你家咖啡真的很好用,1,该用户想表达的含义是：这款咖啡产品的效果令人满意，值得推荐或回购。
HJ20180908,健康养生,"我姐姐喝了一单,减了不到八斤",0,该用户想表达的含义是：我姐姐购买了这款产品后体重减轻了接近八斤。
HJ20180908,健康养生,一单吃几天,1,该用户想表达的含义是：购买一单产品可以满足几天的使用需求。
HJ20180908,健康养生,"我姐姐让我过来拍的,她都减了35斤了",0,该用户想表达的含义是：因为姐姐使用该产品效果显著（减重35斤），所以自己也被推荐来购买尝试。
HJ20180908,健康养生,晚班呢,0,该用户可能在询问产品是否适合在晚上服用或使用。
HJ20180908,健康养生,"喝了减肥套餐2单了,减了18斤",0,该用户想表达的含义是：自己通过购买并饮用该减肥套餐取得了显著效果，因此再次回购以巩固成果。
HJ20180908,健康养生,160斤怎么拍?,1,该用户想询问自己体重160斤该如何选择购买套餐或使用产品。
HJ20180908,健康养生,这个是蓝帽的效果很好,1,该用户想表达的含义是：蓝帽这款产品的减肥效果非常显著。
HJ20180908,健康养生,"拍了一单,能减几斤",1,该用户想表达的含义是：我已经下单购买了产品，想知道使用后大概能减掉多少体重。
HJ20180908,健康养生,晚上怎么喝?,1,该用户想询问产品在晚上饮用的具体方法或注意事项。
HJ20180908,健康养生,"第1单咖啡减了9斤,第2单开始喝起来",0,该用户想表达的含义是：第一次购买这款咖啡后成功减重9斤，现在准备继续回购坚持饮用。
HJ20180908,健康养生,只要想减肥的就来红姐直播间,0,该用户是在号召有减肥需求的人关注主播并尝试其推荐的减肥产品。
HJ20180908,健康养生,瘦了18斤了也没有什么副作用啊,0,该用户想表达的含义是：这款产品确实有效果，自己瘦了不少且没有不良反应。
HJ20180908,健康养生,我吃水果没影响啊,0,该用户可能是在表达自己使用产品后没有出现负面效果，暗示产品安全可靠。
HJ20180908,健康养生,"你家咖啡搭配喝减的真的很快,我减了28斤",0,该用户想表达的含义是：使用你们家的咖啡辅助减肥效果显著，自己已经成功减掉了28斤。
HJ20180908,健康养生,晚班怎么喝,1,该用户想询问晚间时段如何服用该减肥产品以达到更好的效果。
HJ20180908,健康养生,早上不吃饭可以喝吗,1,该用户是在询问这款减肥产品是否适合作为早餐替代品空腹饮用。
HJ20180908,健康养生,我刚出月子喝了一单减了14斤,0,该用户想表达的含义是：自己产后通过购买该减肥产品成功减重14斤。  （结合前文语境，用户是在分享个人使用产品的效果，延续直播间其他弹幕中“减肥成功”的讨论趋势，并隐含对产品的认可和推荐意图。）
HJ20180908,健康养生,冷水热水都可以,0,该用户可能是在询问产品（可能是减肥咖啡或套餐）的饮用方式是否对水温有要求，想确认是否可以用冷水或热水冲泡。
HJ20180908,健康养生,"回购2单,已经减了8斤",0,该用户想表达的含义是：自己已经购买并使用了该产品两次，成功减重8斤，对效果感到满意。
HJ20180908,健康养生,拉肚子吗,1,该用户可能是担心产品会导致腹泻等副作用，在询问使用后是否会出现肠胃不适的情况。
HJ20180908,健康养生,"我也是老顾客,买了好多单真的很好",0,该用户想表达的含义是：作为多次回购的忠实客户，我对产品的效果非常满意并持续支持。
HJ20180908,健康养生,咋不吃啊,0,该用户可能是在询问产品是否需要空腹服用或与其他饮食搭配的注意事项。
HJ20180908,健康养生,"讲一下子,平时可以吃水果吗",1,该用户想了解该减肥产品是否允许在日常饮食中正常食用水果而不影响效果。
HJ20180908,健康养生,经期可以喝吗,1,该用户是在询问该产品是否适合在生理期期间饮用。
HJ20180908,健康养生,冷热水都蛮好喝的便秘我也喝了,1,该用户想表达的含义是：这款产品无论是用冷水还是热水冲泡效果都不错，自己即使在便秘的情况下饮用也有效果。
HJ20180908,健康养生,经期可以正常喝嘛,1,该用户是在询问该产品在月经期间是否可以安全饮用。
HJ20180908,健康养生,"[赞][赞]16生孩子,今年34岁[赞][赞]",0,该用户想表达的含义是：自己使用产品后效果显著（如减肥成功），并通过年龄对比间接展示效果。
HJ20180908,健康养生,我160/120拍了一单是不是有点少了,1,该用户是在询问自己购买的减肥咖啡数量是否足够，结合自己的身高体重（160cm/120斤）希望能达到理想的减肥效果。
HJ20180908,健康养生,拍了拍了,0,该用户想表达自己已经下单购买了产品。
HJ20180908,健康养生,"165斤,拍了两单哈",0,该用户想表达自己体重165斤，已经购买了两单产品，暗示对这款减肥咖啡的效果感兴趣并付诸行动。
HJ20180908,健康养生,今晚不吃东西了吗姐[捂脸],0,该用户可能在委婉询问主播为何不展示或推荐减肥产品，暗示自己有兴趣了解或购买。
HJ20180908,健康养生,可以喝的经期,0,该用户是在询问这款产品是否适合在月经期间饮用。
HJ20180908,健康养生,大橙子,0,该用户可能是在询问主播关于产品中“大橙子”口味或成分的相关信息，或是想确认该产品是否适合搭配橙子食用。
HJ20180908,健康养生,晚上饭前饭后,1,该用户可能是在询问产品适合在晚饭前后哪个时间段饮用效果更好。
HJ20180908,健康养生,咖啡一盒几条,1,该用户是在询问产品包装规格，想了解每盒咖啡包含多少条独立小包装以便评估购买量。
HJ20180908,健康养生,我下午拍的都发货了[笑哭]刚刚又给婆婆拍两单,0,该用户想表达的含义是：自己之前购买的产品已发货，出于对产品的信任和满意又为家人追加了订单。
HJ20180908,健康养生,我拍了2单给我加急发货,0,该用户急切希望自己购买的两单商品能够优先处理并尽快送达。
HJ20180908,健康养生,我一百七十斤我怕记单,0,该用户想表达的含义是：我体重170斤，担心只购买一单可能不够用。
HJ20180908,健康养生,益生菌怎么喝,1,该用户可能是在询问益生菌产品的具体服用方法，比如冲泡方式、饮用时间或注意事项，以确认是否适合自己使用。
HJ20180908,健康养生,我也瘦了!!,0,该用户想表达的含义是：看到其他观众分享减肥效果后，自己也产生了共鸣并暗示对产品感兴趣。
HJ20180908,健康养生,下了一单,0,该用户想表达的含义是：我已经下单购买了产品。
HJ20180908,健康养生,晚上饭前饭后[抱抱][抱抱][抱抱][抱抱][抱抱],1,该用户想表达的含义是：询问产品在晚餐前后的服用时间是否合适，并附带友好互动情绪。  （分析依据：结合前文弹幕中高频出现的产品使用场景提问（如经期、便秘、饮用方式）和购买行为，目标弹幕的“晚上饭前饭后”符合直播间用户对产品使用细节的关注习惯，而表情符号[抱抱]则延续了弹幕中常见的社交互动风格，属于非购买意向的辅助性表达。）
HJ20180908,健康养生,一单快喝完了减了8斤,0,该用户想表达的含义是：自己购买并饮用了该产品后成功减重8斤，效果显著。
HJ20180908,健康养生,一单喝多少时间?,1,该用户是在询问购买一单产品能够饮用多长时间，以评估产品的使用周期和性价比。
HJ20180908,健康养生,"真的可以瘦,我减了18斤了",0,该用户想表达的含义是：这款产品确实有效果，自己使用后已经成功减重不少。
HJ20180908,健康养生,一盒喝多少天,1,该用户想询问一盒产品的使用周期，即一盒能持续饮用多少天。
HJ20180908,健康养生,咖啡一天喝几次,1,该用户可能在询问产品的每日建议饮用频率，以评估购买后的实际使用需求。
HJ20180908,健康养生,忌口不?,1,该用户是在询问直播推荐的产品是否需要避免在特定饮食条件下食用。
HJ20180908,健康养生,怎么喝,1,该用户想询问产品的具体饮用方法或服用频率。
HJ20180908,健康养生,"活动太划算了,我又回购了两单",0,该用户被直播间的促销活动吸引，因价格优惠而再次下单购买商品。
HJ20180908,健康养生,啥也不吃?,1,该用户可能在询问直播中推荐的产品是否需要忌口或有无饮食限制。
HJ20180908,健康养生,"我姐姐让我过来拍的,她都减了35斤了",0,该用户想表达的含义是：因为看到姐姐使用该产品效果显著（减重35斤），所以自己也被吸引来购买。
HJ20180908,健康养生,产品上市几年了?,1,该用户可能是在评估产品的市场成熟度和可靠性，想确认这款产品经过多长时间的市场检验。
HJ20180908,健康养生,"红姐我一直喝你家减肥套餐已经减了46斤,推荐好多同事过来拍了",0,该用户通过分享自身成功减重经历和主动推荐的行为，表达了对产品的高度认可和强烈推荐意愿。
HJ20180908,健康养生,开始冲泡还是温水服用,1,该用户是在询问产品的具体服用方式，想知道是应该用温水冲服还是直接冲泡饮用。
HJ20180908,健康养生,忌口吧,1,该用户是在询问使用产品期间是否需要控制饮食。
HJ20180908,健康养生,"我老公减了14斤,肚子明显小了好多",0,该用户想表达的含义是：这款产品确实有效，家人使用后体重明显下降且身材有显著改善。
HJ20180908,健康养生,"我喝咖啡套餐减了22斤,现在男朋友也跟我一起喝",0,该用户想表达的含义是：这款减肥咖啡效果显著，自己成功减重后还带动了伴侣一起使用。
HJ20180908,健康养生,晚饭可以吃吗,1,该用户可能在询问该产品是否适合作为晚餐替代品或是否需要在晚餐时段服用。
HJ20180908,健康养生,150斤买几单,1,该用户想表达的含义是：询问自己体重150斤的情况下需要购买多少份产品才能达到理想的减肥效果。
HJ20180908,健康养生,红姐的脚后跟你们都比不上,0,该用户想表达的含义是：红姐的产品效果远超其他人，你们根本没法相提并论。  （通过对比强调主播产品的优越性，属于典型的口碑传播型弹幕，隐含推荐动机）
HJ20180908,健康养生,"美女主播,我今年69岁,我在你房间买一单,我用行不行啊!",1,"该用户想表达的含义是：作为老年观众，他想确认产品是否适合自己这个年龄段使用，并试探性表达购买意向。  （解析：结合直播间减肥产品主题和前文大量成功案例，该弹幕通过年龄自报和""用行不行""的询问，既流露出对产品的兴趣，又隐含对适用性的顾虑，本质是在寻求主播对其特定情况的购买建议。）"
HJ20180908,健康养生,"你家减肥套餐确实好,我都减了31斤了,介绍了好多朋友过来拍了",0,该用户想表达的含义是：自己使用该减肥套餐效果显著并主动推荐给他人，以此证明产品的有效性并间接鼓励其他观众购买。
HJ20180908,健康养生,"效果真的很好,我已经减了11斤了",0,该用户通过分享自身显著的减肥效果，间接表达了对产品的认可和推荐意图。
HJ20180908,健康养生,可以喝的,0,该用户想表达的含义是：这款产品是否可以直接饮用（无需额外加工或搭配其他步骤）。
HJ20180908,健康养生,我爱吃肉可以吗[捂脸],1,该用户可能在询问减肥产品是否允许食用肉类，同时以调侃的语气表达自己对肉食的喜爱。
HJ20180908,健康养生,我也喝瘦了[你好呀][你好呀],0,该用户想表达的含义是：自己通过使用该减肥产品也成功瘦身了，并对此感到开心和认可。
HJ20180908,健康养生,这东西有忌口的吗?什么都能吃吗?,1,该用户是在询问产品使用时的饮食禁忌，担心某些食物会影响效果或安全性。
HJ20180908,健康养生,喝完用多喝水吗,1,该用户是在询问饮用该减肥产品后是否需要大量饮水来配合效果。
HJ20180908,健康养生,8盒几条咖啡,1,该用户可能在询问购买8盒咖啡套餐的具体数量或规格。
HJ20180908,健康养生,下单了,0,该用户想表达的含义是：我已经决定购买这款减肥产品。
HJ20180908,健康养生,我也想去给你打工,0,该用户想表达的含义是：看到其他人分享的显著减肥效果后，自己也产生了强烈的购买意愿。
HJ20180908,健康养生,"我出月子就开始喝了,2单减了17斤",0,该用户想表达的含义是：产后通过使用该减肥产品成功瘦身17斤，并购买了两次。
HJ20180908,健康养生,咖啡开水冲泡还是温水服用,1,该用户是在询问冲泡减肥咖啡时应该使用开水还是温水，以确认正确的饮用方式。
HJ20180908,健康养生,"我拍了两单,我是来回购的",0,该用户想表达的含义是：我之前购买过这个产品并且效果不错，所以这次又下单了。
HJ20180908,健康养生,咖啡师温水冲吗,1,该用户是在询问咖啡产品的具体冲泡方式，想确认是否需要使用温水来冲调。
HJ20180908,健康养生,一单能喝多少时间?,1,该用户想询问购买一单产品能够满足多长时间的饮用需求。
HJ20180908,健康养生,"活动太划算了,我又回购了两单",0,该用户被促销活动吸引，因对产品效果满意而再次下单购买。
HJ20180908,健康养生,"我1.62,100斤,想减4斤,我很顽固能下去吗",0,该用户是在询问自己的身高体重情况是否适合使用直播推荐的减肥产品，并表达了对减重效果的疑虑和期待。
HJ20180908,健康养生,早上起床后就喝吗,1,该用户是在询问产品的具体使用时间，即是否适合在早晨空腹饮用。
HJ20180908,健康养生,"减肥咖啡确实好,我是老顾客,大家放心买",0,该用户想表达的含义是：以老顾客的身份为产品背书，鼓励其他观众放心购买这款有效的减肥咖啡。
HJ20180908,健康养生,糖尿病人能喝吗,1,该用户是在询问该产品是否适合糖尿病患者饮用，以评估自己能否购买使用。
HJ20180908,健康养生,"我喝咖啡减12斤了,又回购了",0,该用户想表达的含义是：这款减肥咖啡效果显著，自己通过饮用成功减重后再次购买以继续使用。
HJ20180908,健康养生,冷水热水都可以!,0,该用户想询问这款减肥咖啡是否可以用不同温度的水冲泡。
HJ20180908,健康养生,"喝了减肥套餐2单了,减了18斤",0,该用户想表达的含义是：自己已经购买并使用了该减肥产品，且取得了显著的减重效果。
HJ20180908,健康养生,你家的不拉肚子我还减了22斤,0,该用户想表达的含义是：使用你们的产品不仅没有不良反应，还成功减重了22斤。
HJ20180908,健康养生,早上喝完不吃饭可以么,1,该用户可能在询问这款减肥咖啡是否可以替代早餐，或空腹饮用是否会影响效果或健康。
HJ20180908,健康养生,4+4能吃几天呢,1,该用户想询问购买4盒产品大约能使用多少天。
HJ20180908,健康养生,岁数大的能减吗,1,该用户是在询问这款减肥咖啡是否对年龄较大的人群也有效果。
HJ20180908,健康养生,我刚出月子喝了一单减了14斤,0,该用户想表达自己产后通过购买并饮用该减肥咖啡成功瘦身，以此证明产品效果并间接推荐给其他观众。
HJ20180908,健康养生,芦荟又是啥,1,该用户可能是对直播中突然提到的“芦荟”产品感到困惑，想询问它的具体功效或与当前讨论的减肥咖啡的关系。
HJ20180908,健康养生,吃完拉肚子吧,0,该用户可能是在质疑产品的安全性或副作用，担心饮用后会导致腹泻等不适反应。
HJ20180908,健康养生,"我减下来了,现在我身边好多人都在跟着我一起喝",0,该用户想表达的含义是：这款产品帮助我成功减肥，效果显著到吸引了身边不少人效仿购买。
HJ20180908,健康养生,"我喝两单减了18斤,减的很满意",0,该用户想表达自己通过购买并饮用该减肥产品取得了显著的减重效果，并对效果感到满意。
HJ20180908,健康养生,我也喝了冷水热水都可以,0,该用户想表达的含义是：这款产品使用方便，冷热水冲泡都适用。
HJ20180908,健康养生,男的可以喝吗,1,该用户是在询问这款减肥咖啡是否适合男性饮用。
HJ20180908,健康养生,咖啡是用开水冲还是温水冲啊,1,该用户想表达的含义是：询问冲泡咖啡的具体水温要求以确认产品使用方法。
HJ20180908,健康养生,"我拍了1单,能减几斤啊",1,该用户是在询问自己购买的产品使用后能达到怎样的减肥效果。
HJ20180908,健康养生,"我102斤也减了6斤,很满意",0,该用户想表达的含义是：自己通过使用该产品成功减重，并对效果感到满意。
HJ20180908,健康养生,咖啡啥味道,1,该用户想询问这款减肥咖啡的具体口味特点，可能是出于对产品口感的关注或担心味道是否适合自己。
HJ20180908,健康养生,后面戴眼镜那小伙肚子也有赘肉,0,该用户可能在委婉质疑产品效果，暗示主播团队人员的身材并未达到宣传中的瘦身效果。
HJ20180908,健康养生,"我老公大肚子,喝了一单瘦了16斤,大肚子小了好多[笑哭]",0,该用户想表达的含义是：这款产品对减肚子效果显著，自己家人使用后有明显变化，感到惊喜和满意。
HJ20180908,健康养生,效果真的很好我也瘦了,0,该用户想表达的含义是：这款产品确实有效果，我自己使用后也成功减重了。
HJ20180908,健康养生,"我姐姐让我过来拍的,她都减了35斤了",0,该用户想表达的含义是：因为看到姐姐使用该产品效果显著，自己也产生了购买意愿。
HJ20180908,健康养生,饭前吃还是饭后吃,1,该用户是在询问产品的服用时间，想了解这款减肥产品是在饭前还是饭后使用效果更好。
HJ20180908,健康养生,"之前拍了好多其他产品都不行,就你家的让我减了20斤",0,该用户想表达的含义是：对比其他产品效果不佳后，使用你们的产品取得了显著的减肥效果。
HJ20180908,健康养生,三高能喝不,1,该用户是在询问患有高血压、高血脂、高血糖的人群是否适合饮用直播中推广的减肥产品。
HJ20180908,健康养生,大橙子笑一笑,0,该用户可能是想通过轻松幽默的方式与主播互动，缓解直播间的推销氛围，表达对主播的喜爱或鼓励。
HJ20180908,健康养生,"我61岁,喝完你的两单咖啡掉了19斤很满意",0,该用户想表达的含义是：作为年长消费者，自己购买并体验产品后取得了显著的减肥效果，感到非常满意。
HJ20180908,健康养生,糖尿病能喝吗,1,该用户是在询问该产品是否适合糖尿病患者饮用。
HJ20180908,健康养生,喝多少可以停,1,该用户想询问需要持续饮用该产品多长时间才能达到预期的减肥效果。
HJ20180908,健康养生,可以吃水果吗,1,该用户可能在询问该产品是否可以像水果一样作为健康食品食用或替代部分饮食。
HJ20180908,健康养生,"红姐我喝你家减肥咖啡都减了15斤了,今天再来拍一单",0,该用户想表达的含义是：对产品效果非常满意并打算再次购买以继续使用。
HJ20180908,健康养生,"减肥咖啡确实好,我是老顾客,大家放心买",0,该用户想表达的含义是：作为长期使用该产品的消费者，我认可这款减肥咖啡的效果并推荐给大家购买。
HJ20180908,健康养生,一单几盒,1,该用户想询问购买一单商品包含多少盒产品。
HJ20180908,健康养生,喝了有没有副作用,1,该用户是在询问该减肥咖啡的安全性，担心饮用后可能对身体产生不良影响。
HJ20180908,健康养生,"回购两单,老顾客了加急发货",0,该用户想表达自己对该产品非常信任且满意，作为忠实顾客再次下单购买，并希望商家能优先处理自己的订单尽快发货。
HJ20180908,健康养生,"105斤,一单还能减几斤吗,能减五斤就知足了",0,该用户是在询问购买一单减肥咖啡后自己能否减掉五斤体重，表达了对产品效果的期待和购买意向。
HJ20180908,健康养生,咖啡用奶冲行吗?,1,该用户可能在询问减肥咖啡的冲泡方式是否可以用牛奶替代，以确认产品使用方法的灵活性。
HJ20180908,健康养生,"喝咖啡减了14斤,很满意",0,该用户想表达的含义是：通过饮用这款减肥咖啡成功减重14斤，对产品效果感到非常满意并有意向继续购买。
HJ20180908,健康养生,99喝几天,1,该用户是在询问购买99元的产品可以饮用多少天。
HJ20180908,健康养生,"回购2单,已经减了8斤",0,该用户想表达的含义是：再次购买了两份产品，并且使用后已经成功减重8斤。
HJ20180908,健康养生,没有副作用,0,该用户是在确认产品的安全性，询问使用后是否会出现不良反应。
HJ20180908,健康养生,晚饭后半小时吃芦荟吗,1,该用户是在询问产品（可能是减肥咖啡或芦荟相关产品）的具体服用时间，即“是否适合在晚饭后半小时食用”。
HJ20180908,健康养生,165.120斤,1,该用户可能在询问自己的身高体重（165厘米120斤）是否适合使用该减肥产品，想了解预期的减重效果。
HJ20180908,健康养生,160120斤,1,该用户想表达的含义是：我身高160厘米，体重120斤，想咨询这款减肥咖啡是否适合我的情况。
HJ20180908,健康养生,"我喝你们这个减肥套餐一单了,减了9斤了",0,该用户想表达的含义是：使用该减肥产品后效果显著，已经通过购买体验获得了实际的减重成果。
HJ20180908,健康养生,那我69岁不能吃了,0,该用户可能是在询问产品是否有年龄限制，担心自己69岁不适合使用该减肥咖啡。
HJ20180908,健康养生,"我减了16斤,确实好,让老公也喝了",0,该用户想表达的含义是：自己通过使用该减肥产品取得了显著效果，因此推荐给家人尝试。
HJ20180908,健康养生,真吓人,0,该用户可能是在感叹减肥效果过于显著，感到惊讶或难以置信。
HJ20180908,健康养生,效果巨好我也是这样瘦的,0,该用户想表达的含义是：这款产品的效果非常好，我自己亲身使用后成功瘦身，因此对产品表示高度认可。
HJ20180908,健康养生,我拍了2单给我加急发货,0,该用户已经下单购买了两份产品，并希望商家能优先处理自己的订单尽快发货。
HJ20180908,健康养生,160130斤几单,1,该用户想询问：“身高160厘米、体重130斤的情况，需要购买几单产品才能达到理想效果？”
HJ20180908,健康养生,118斤163,1,该用户想表达的含义是：我身高163厘米，体重118斤，想知道这个减肥产品对我是否有效。
HJ20180908,健康养生,咖啡用奶冲可以,1,该用户想确认这款减肥咖啡是否可以用牛奶冲泡来饮用。
HJ20180908,健康养生,包裹里都有独家喝法我收到了,0,该用户想表达的含义是：已经收到了产品，并且对附赠的独家饮用方法感到满意或好奇。
HJ20180908,健康养生,对太瘦了,0,该用户可能是在感叹减肥效果过于明显，担心自己也会瘦得太快。
HJ20180908,健康养生,"我61岁,喝完你的两单咖啡掉了19斤很满意",0,该用户想表达的含义是：自己61岁，购买并饮用了两单该直播间的减肥咖啡后成功减重19斤，对产品效果感到非常满意。
HJ20180908,健康养生,一百斤就别闹了[笑哭][笑哭],0,该用户是在调侃前面提到体重较轻（如118斤、120斤）的观众没必要使用这款主打减肥效果的产品。
HJ20180908,健康养生,我133斤直接拍了两单,0,该用户想表达的含义是：自己体重133斤，看到产品效果显著后直接下单购买了两份。
HJ20180908,健康养生,"150斤,拍了3单",0,该用户想表达自己体重150斤，已经下单购买了3份产品。
HJ20180908,健康养生,拍了两单加急,0,该用户想表达自己已经下单购买了两份产品并要求尽快发货。
HJ20180908,健康养生,165高120斤拍几单,1,该用户是在询问自己身高165厘米、体重120斤的情况下应该购买多少份产品才能达到理想的减肥效果。
HJ20180908,健康养生,给鬼一样,0,该用户可能是在吐槽直播间的产品或宣传效果夸张到离谱，像“鬼一样”不真实。
HJ20180908,健康养生,芦荟一盒多少粒,1,该用户是在询问产品规格，想了解单盒芦荟产品的数量以便评估是否购买。
HJ20180908,健康养生,"喝不到两单减了16斤,太好了又来回购了2单",0,该用户想表达的含义是：自己通过购买并饮用该减肥产品成功减重16斤，因为效果显著所以再次下单回购了两份。
HJ20180908,健康养生,150斤1米56,1,该用户想表达的含义是：询问自己身高156厘米、体重150斤的情况适合购买多少份减肥产品。
HJ20180908,健康养生,165120斤拍几单,1,该用户想询问自己身高165厘米、体重120斤的情况需要购买多少份产品才能达到预期效果。
HJ20180908,健康养生,120拍几单,1,该用户是在询问自己身高165厘米、体重120斤的情况下需要购买多少份产品才能达到理想的减肥效果。
HJ20180908,健康养生,红姐我108斤身高155拍几单,1,该用户是在询问主播自己身高155厘米、体重108斤的情况下应该购买多少份产品才能达到理想的瘦身效果。
HJ20180908,健康养生,肚子大能瘦不,1,该用户是在询问产品对减肚子的效果是否明显，隐含潜在的购买意向。
HJ20180908,健康养生,我第二单马上喝完.减掉24斤,0,该用户想表达的含义是：自己已经购买并喝完了两单产品，成功减重24斤，暗示对产品效果满意并可能继续回购。
HJ20180908,健康养生,"1米56,100斤,用喝吗",1,该用户是在询问自己的身高体重（1米56，100斤）是否符合产品适用标准，是否需要购买服用该减肥产品。
HJ20180908,健康养生,她都瘦成啥样啦,0,该用户可能在委婉地表达对主播或产品效果过于夸张的质疑，暗示“瘦得不太健康/不真实”。
HJ20180908,健康养生,太会说了,0,该用户是在称赞主播的推销话术很有说服力，暗示自己可能被吸引而产生购买意向。
HJ20180908,健康养生,158高103斤,1,该用户是在询问自己的身高体重情况适合购买多少产品才能达到理想的瘦身效果。
HJ20180908,健康养生,太瘦了不好,0,该用户可能认为主播或产品展示的效果过于消瘦，暗示自己并不追求极致的瘦身效果，或对过度减肥持保留态度。
HJ20180908,健康养生,"我喝咖啡套餐减了22斤,现在男朋友也跟我一起喝",0,该用户想表达的含义是：自己和伴侣通过使用该咖啡套餐成功减肥，并对其效果表示认可和推荐。
HJ20180908,健康养生,安全有效减肥不拉肚,0,该用户想表达的含义是：这款减肥产品是否能在保证安全的前提下有效减重且不会引起腹泻。
HJ20180908,健康养生,看看后面那小伙肚子,0,该用户可能是对直播中展示的减肥效果产生兴趣，想确认产品对腹部减脂的效果。
HJ20180908,健康养生,"之前拍了好多其他产品都不行,就你家的让我减了20斤",0,该用户想表达的含义是：尝试过多种减肥产品都没效果，只有你们的产品帮助我成功减重，因此对品牌产生高度认可。
HJ20180908,健康养生,俺胖子看瘦子好看,0,该用户想表达的含义是：作为体型偏胖的人，看到瘦子穿这件衣服效果很好，自己是否也适合购买。
HJ20180908,健康养生,怎么喝,1,该用户可能在询问产品的具体饮用方法或剂量，以便了解如何正确使用该减肥产品来达到预期效果。
HJ20180908,健康养生,红姐瘦了多少了,0,该用户是在询问主播“红姐”通过使用产品后具体减重了多少，以此评估产品的效果并考虑是否购买。
HJ20180908,健康养生,减肥期间就靠红姐的产品,0,该用户想表达的含义是：在减肥过程中，红姐的产品是他们的主要依赖和支撑。
HJ20180908,健康养生,"咖啡瘦了17斤了,确实挺好",0,该用户想表达的含义是：使用这款咖啡后成功减重17斤，认可产品的减肥效果。
HJ20180908,健康养生,跟个骷髅壳子似的,0,该用户可能在吐槽主播或展示的模特过于消瘦，暗示瘦得不健康或不好看。
HJ20180908,健康养生,高血压可以吃吗,1,该用户可能是在询问直播中推销的产品是否适合高血压人群食用，担心健康风险或产品适用性。
HJ20180908,健康养生,我拍了3单,0,该用户想表达自己已经下单购买了3份产品，暗示对产品的信任和购买意愿较强。
HJ20180908,健康养生,"真的可以瘦,我减了18斤了",0,该用户想表达的含义是：这款产品确实有效，我已经成功减重了很多。
HJ20180908,健康养生,旁边那个多高呢?,0,该用户可能是在询问直播画面中展示的某款产品的规格或尺寸信息。
HJ20180908,健康养生,怎么喝?,1,该用户是在询问产品的具体饮用方法或使用方式。
HJ20180908,健康养生,瘦了好看穿任何衣服都好看,0,该用户想表达的含义是：身材纤瘦后穿衣效果更佳，凸显了对减肥效果的认可和向往。
HJ20180908,健康养生,"我减了13斤,肚子明显小了好多",0,该用户想表达的含义是：使用该产品后减肥效果显著，身材有明显改善。
HJ20180908,健康养生,"回购了,加急",0,该用户想表达的含义是：再次购买该产品并要求尽快发货。
HJ20180908,健康养生,"我正常吃饭,一单减了12斤",0,该用户想表达的含义是：使用产品后正常饮食也能有效减重12斤。
HJ20180908,健康养生,"155斤,1米65,几单",1,该用户想表达的含义是：询问自己身高165厘米、体重155斤的情况需要购买多少份产品才能见效。
HJ20180908,健康养生,蛮好喝的,1,该用户想表达的含义是：对这款减肥咖啡的效果表示认可和满意。
HJ20180908,健康养生,一单喝多少时间?,1,该用户想询问购买一单产品能持续饮用多长时间以达到减肥效果。
HJ20180908,健康养生,"135斤身高163,拍几单",1,该用户想表达的含义是：询问自己这个体型需要购买多少份产品才能有效减肥。
HJ20180908,健康养生,我减了7斤了,0,该用户想表达的含义是：使用该产品后成功减重，分享自己的减肥成果以肯定产品效果。
HJ20180908,健康养生,那个女的有多高啊,0,该用户可能是对直播中某位女性主播或嘉宾的身高感到好奇，想通过了解身高信息来评估产品效果或进行身材参考。
HJ20180908,健康养生,不好看,0,该用户可能是在吐槽主播展示的产品效果或外观不符合预期，暗示对产品缺乏兴趣。
HJ20180908,健康养生,我139多斤怎么拍,1,该用户是在询问自己体重139斤的情况下应该购买多少份产品才合适。
HJ20180908,健康养生,一米五八120斤,1,该用户想表达的含义是：询问以自己158cm身高和120斤体重的身材数据，应该购买多少产品才能达到减肥效果。
HJ20180908,健康养生,150斤,1,该用户想表达的含义是：询问自己150斤的体重应该购买多少产品才能有效减肥。
HJ20180908,健康养生,"减肥咖啡确实好,我是老顾客,大家放心买",0,该用户想表达的含义是：作为长期使用者，我认可这款减肥咖啡的效果并推荐给大家购买。
HJ20180908,健康养生,"老公减了25斤,比我减得多很多",0,该用户想表达的含义是：这款产品效果显著，身边人使用后减重效果比自己更明显。
HJ20180908,健康养生,身高163128斤拍几盒,1,该用户想询问自己身高163厘米、体重128斤的情况下应该购买多少盒产品才能达到理想的减肥效果。
HJ20180908,健康养生,主播我没有芦荟呀说一下,1,该用户想表达的含义是：询问主播自己没有芦荟的情况下该如何使用产品。
HJ20180908,健康养生,那就给我退货了,0,该用户可能因对产品效果或适用性存疑而决定放弃购买，要求办理退货。
HJ20180908,健康养生,一直在喝你咖啡,0,该用户想表达的含义是：我是你们咖啡产品的老顾客，长期购买并饮用。
HJ20180908,健康养生,一单和几天,1,该用户可能在询问购买减肥产品的具体数量（“一单”指一份产品）和使用周期（“几天”指见效时间），想了解适合自己的购买方案。
HJ20180908,健康养生,拍了.135斤,1,该用户想表达的含义是：自己体重135斤，询问应该购买多少份产品。
HJ20180908,健康养生,"看看后面那小伙肚子,他从胖瘦下来的",0,该用户可能是想通过直播间中其他人的减肥效果来验证产品的有效性，暗示自己对这款减肥产品感兴趣。
HJ20180908,健康养生,那都需要注意什么呢,1,该用户想询问使用该减肥产品时的具体注意事项。
HJ20180908,健康养生,影不影响睡眠???,1,该用户是在询问直播中提到的产品（可能是减肥咖啡或其他助眠产品）是否会对睡眠质量产生负面影响。
HJ20180908,健康养生,开水冲还是温水冲啊,1,该用户可能在询问产品的具体冲泡方法，以确认使用细节是否适合自己。
HJ20180908,健康养生,108斤拍几单,1,该用户想表达的含义是：询问自己体重108斤的情况下应该购买多少份产品。
HJ20180908,健康养生,"相信你,拍了两单加急发货",0,该用户因信任主播或产品效果，已果断下单并希望尽快收到货品。
HJ20180908,健康养生,一米五八126斤,1,该用户是在询问以自己158cm身高和126斤的体型应该购买多少产品合适。
HJ20180908,健康养生,120斤拍几单,1,该用户是在询问自己体重120斤的情况下应该购买多少份产品（如减肥咖啡）。
HJ20180908,健康养生,我一米6150斤拍几单,1,该用户想表达的含义是：我身高1米6、体重150斤，应该购买多少份产品？
HJ20180908,健康养生,"一直喝你家咖啡,今天太划算了,抢了4单",0,该用户想表达的含义是：作为长期忠实顾客，看到本次促销力度大，果断下单囤货以表支持。
HJ20180908,健康养生,"红姐我姐姐喝你家咖啡减了39斤,我今天也过来拍了",0,该用户想表达的含义是：因为看到亲友使用这款咖啡减肥效果显著，自己也产生了信任并下单购买。
HJ20180908,健康养生,一单见效接着喝,0,该用户想表达的含义是：购买一单产品后效果明显，决定继续回购使用。
HJ20180908,健康养生,效果咋个,1,该用户想询问产品的实际使用效果如何。
HJ20180908,健康养生,"我喝你家的咖啡减了43斤,现在我身边的朋友都在喝",0,该用户想表达的含义是：通过使用该品牌的咖啡成功减重43斤，并带动身边朋友一起购买，以此证明产品效果显著且值得信赖。
HJ20180908,健康养生,"我拍了1单,能减几斤啊",1,该用户是在询问自己购买的减肥咖啡产品需要服用多少量才能达到预期的减重效果。
HJ20180908,健康养生,没敏敏高呢,0,该用户可能在询问自己的体重减幅是否比另一位叫“敏敏”的用户少。
HJ20180908,健康养生,有没增高药,1,该用户可能是在询问直播间是否有能够帮助增高的产品，表达了对这类商品的潜在购买兴趣。
HJ20180908,健康养生,一天喝几代,1,该用户想询问每天需要饮用多少袋（咖啡）才能达到预期效果。
HJ20180908,健康养生,男人可以用吗?,1,该用户是在询问产品是否适合男性使用，可能担心产品的目标受众或功效主要针对女性。
HJ20180908,健康养生,这俩女的都胖7,0,该用户可能在调侃或对比直播间中两位女性的体型，暗示她们看起来比之前胖了。
HJ20180908,健康养生,"我喝两单减了18斤,减的很满意",0,该用户想表达的含义是：通过购买并使用该产品达到了显著的减肥效果，感到非常满意。
HJ20180908,健康养生,"我一单瘦了11斤,回购了",0,该用户想表达的含义是：使用该产品后取得了显著的减肥效果（瘦了11斤），因此再次购买以继续使用。
HJ20180908,健康养生,我减了7斤了,0,该用户想表达的是自己通过使用直播中推广的减肥产品已经取得了明显的瘦身效果。
HJ20180908,健康养生,咖啡牛奶冲可以,0,该用户想表达的含义是：询问咖啡牛奶是否可以搭配冲泡饮用。
HJ20180908,健康养生,180斤拍几单,1,该用户是在询问自己180斤的体重应该购买多少份产品才能达到理想的减肥效果。
HJ20180908,健康养生,我160/120拍几单,1,该用户想表达的含义是：我的身高是160厘米、体重120斤，请问应该购买多少份产品才能达到理想的减肥效果。
HJ20180908,健康养生,头晕恶心吧,0,该用户可能是在质疑或抱怨产品效果不佳，暗示喝了咖啡后感到身体不适。
HJ20180908,健康养生,一单快喝完了减了8斤,0,该用户想表达的含义是：自己购买了一单产品并快喝完时已经减重了8斤，暗示产品有效并可能考虑继续购买。
HJ20180908,健康养生,敏敏多少斤?[吓],0,该用户是在询问主播“敏敏”的体重变化情况，以此评估产品的减肥效果。
HJ20180908,健康养生,"一米六,103拍几单",1,该用户是在询问自己身高1米6、体重103斤的情况下需要购买多少份产品才能达到理想的减肥效果。
HJ20180908,健康养生,"红姐我一直喝你家减肥套餐已经减了46斤,推荐好多同事过来拍了",0,该用户通过分享自身成功减重经历和主动推荐他人购买的行为，表达了对产品效果的高度认可和强烈的品牌忠诚度。
HJ20180908,健康养生,"喝咖啡减了14斤,很满意",0,该用户想表达的含义是：通过饮用这款咖啡成功减重14斤，对产品效果感到非常满意并隐含推荐意图。  （解析：结合直播间高频出现的减肥成效讨论和成功案例分享的语境，该弹幕属于典型的效果反馈+隐性带货模式，既展示自身成果又强化产品可信度，符合当前直播间以减肥效果为核心卖点的互动氛围。）
HJ20180908,健康养生,是奶咖吗,1,该用户是在询问直播中推销的咖啡产品是否含有牛奶成分。
HJ20180908,健康养生,忌口吗,1,该用户可能在询问该减肥产品是否有饮食禁忌或服用时的注意事项。
HJ20180908,健康养生,"马上第二单喝完,减了31斤",0,该用户想表达的含义是：我已经回购并喝完第二单产品，成功减重31斤。
HJ20180908,健康养生,我喝减肥套餐瘦了31斤,0,该用户想表达的含义是：通过使用该减肥套餐取得了显著效果，以此佐证产品的有效性并可能暗示推荐意向。
HJ20180908,健康养生,哺乳期,0,该用户可能在询问该减肥产品是否适合哺乳期女性使用。
HJ20180908,健康养生,怎么喝,1,该用户可能在询问产品的具体饮用方式或冲泡方法。
HJ20180908,健康养生,敏敏身上一个刀口没有,0,该用户想表达的含义是：主播敏敏的身材看起来非常苗条，完全没有肥胖纹或手术痕迹。
HJ20180908,健康养生,"我关注你的时候你俩还没离婚,[捂脸]",0,该用户想表达的含义是：我是你的老粉丝，从你个人生活变故前就关注你了。
HJ20180908,健康养生,"骨感,不好看,太瘦3",0,该用户认为产品效果过于极端，导致体型消瘦得不美观。
HJ20180908,健康养生,一单瘦几斤,1,该用户是在询问购买该减肥产品后大概能减掉多少体重。
HJ20180908,健康养生,你家咖啡比我喝其他家减的都多,0,该用户想表达的含义是：相比其他品牌的同类产品，你们家的咖啡减肥效果更显著。
HJ20180908,健康养生,我全家都在喝,0,该用户想表达的含义是：我们全家都在持续使用这款产品并认可其效果。
HJ20180908,健康养生,拍了一单158高102斤,0,该用户想表达自己身高158厘米、体重102斤，并询问需要购买多少份产品以达到预期效果。
HJ20180908,健康养生,她咋嫩高,0,该用户可能是对主播的身高感到惊讶或好奇，想询问或感叹对方为何如此高挑。
HJ20180908,健康养生,糖高能喝不,1,该用户是在询问血糖偏高的人是否可以饮用直播中推荐的减肥产品。
HJ20180908,健康养生,"150斤,拍了3单",0,该用户想表达的含义是：自己体重150斤，已经下单购买了3份产品。
HJ20180908,健康养生,"介绍么,废话真多",0,该用户可能是在不耐烦地催促主播直接进入产品介绍环节，认为当前的内容铺垫过于冗长。
HJ20180908,健康养生,160/120拍多少,1,该用户想询问自己身高160厘米、体重120斤的情况下应该购买多少份该减肥产品。
HJ20180908,健康养生,"还是喜欢红姐这样的身材,旁边的有点瘦",0,该用户通过对比表达了对主播红姐身材的认可，暗示自己更偏好健康匀称的体型而非过度骨感，可能侧面反映其购买倾向与主播形象相关。
HJ20180908,健康养生,160/120拍几单,1,该用户是在询问自己的身高160厘米、体重120斤的情况下应该购买多少份产品才能达到理想的减肥效果。
HJ20180908,健康养生,"身高148,120斤",0,该用户是在询问自己身高148厘米、体重120斤的情况下应该购买多少份减肥产品。
HJ20180908,健康养生,"我拍了两单,我是来回购的",0,该用户想表达自己对该产品效果满意并已进行第二次购买的行为。
HJ20180908,健康养生,160120斤拍几单,1,该用户是在询问自己的身高体重（160cm/120斤）适合购买多少份该减肥产品。
HJ20180908,健康养生,1.6米138斤,1,该用户想表达的含义是：报出自己的身高体重数据，询问适合购买的产品数量或类型。
HJ20180908,健康养生,"减肥咖啡确实好,我是老顾客,大家放心买",0,该用户想表达的含义是：以老顾客身份为产品背书，通过分享亲身使用体验来增强其他观众的购买信心。
HJ20180908,健康养生,140斤,1,该用户想表达的含义是：报出自己的体重询问适合购买多少单减肥咖啡。  （结合前文语境，直播主题为减肥咖啡销售，弹幕中频繁出现用户报身高体重并咨询购买数量，如“160/120拍几单”“150斤拍了3单”，因此“140斤”是延续这一互动模式，隐含询问购买建议的意图。）
HJ20180908,健康养生,拍一单喝多久[捂脸],1,该用户是在询问购买一单产品（可能是减肥咖啡）能够维持饮用多长时间，同时用表情符号表达了对产品效果或使用周期的调侃或好奇。
HJ20180908,健康养生,120斤150,1,该用户想表达的含义是：自己身高150厘米、体重120斤，询问应该购买多少单产品。
HJ20180908,健康养生,主播我没有芦荟呀说一下,1,该用户想询问主播自己没有芦荟成分的产品是否适合使用，希望主播能针对这种情况给出建议。
HJ20180908,健康养生,经期可以哥吗?,1,该用户可能在询问产品（可能是减肥咖啡）在经期期间是否适合饮用或是否会影响效果。
HJ20180908,健康养生,主播说的是真的,0,该用户可能是在认可主播对产品效果的描述，表达对产品真实性的信任或对主播推荐内容的赞同。
HJ20180908,健康养生,"我正常吃饭,一单减了12斤",0,该用户想表达的含义是：自己按照常规饮食配合产品使用后成功减重12斤。
HJ20180908,健康养生,"我喝你家的咖啡减了43斤,现在我身边的朋友都在喝",0,该用户想表达的含义是：这款咖啡的减肥效果显著，自己亲身受益后还带动了周围朋友购买。
HJ20180908,健康养生,哺乳期可以吃吗,1,该用户是在询问产品是否适合哺乳期女性使用，关注的是产品的安全性和适用性。
HJ20180908,健康养生,我买的也是红姐的瘦了,0,该用户想表达的含义是：我也是购买了红姐推荐的这款产品后成功瘦身的。
HJ20180908,健康养生,我133斤直接拍了两单,0,该用户想表达的含义是：根据自身体重情况直接下单购买了产品。
HJ20180908,健康养生,我170斤1米6怕记单,1,该用户想表达的含义是：我身高1米6体重170斤，担心购买后效果不理想，想问清楚应该拍几单合适。
HJ20180908,健康养生,小基数还能瘦下来吗?,1,该用户是在询问自己体重基数较小的情况下是否也能通过产品达到明显的瘦身效果。
HJ20180908,健康养生,"一米五,125几单",1,该用户想表达的含义是：询问自己身高1米5、体重125斤的情况下应该购买多少份产品。
HJ20180908,健康养生,脾胃不好能喝吗?,1,该用户是在询问产品是否适合脾胃虚弱的人群饮用，以评估自身是否适合购买。
HJ20180908,健康养生,"第1单咖啡减了9斤,第2单开始喝起来",0,该用户想表达的含义是：第一次购买这款减肥咖啡后成功减重9斤，现在准备继续回购并坚持饮用。
HJ20180908,健康养生,"一米五八,一百四十斤拍几单",1,该用户是在询问自己的身高体重（158cm/70kg）适合购买多少份产品才能达到预期效果。
HJ20180908,健康养生,"回购两单,老顾客了加急发货",0,该用户想表达的含义是：作为忠实客户再次下单购买产品，并希望优先处理自己的订单以尽快收货。
HJ20180908,健康养生,经期可以喝吗?,1,该用户是在询问这款减肥咖啡是否适合在生理期间饮用。
HJ20180908,健康养生,我喝了咖啡15天减了16斤,0,该用户是在用自身经历佐证产品的减肥效果，以此暗示产品有效并鼓励他人购买。
HJ20180908,健康养生,你家咖啡真的很好用,0,该用户想表达的含义是：这款咖啡的减肥效果非常显著，我已经体验到了实际效果并感到满意。
HJ20180908,健康养生,一米三150斤,1,该用户想表达的含义是：报出自己的身高体重，询问需要购买多少产品才能达到减肥效果。
HJ20180908,健康养生,都瘦了很多,0,该用户想表达的含义是：其他人都通过这款产品成功减肥了。
HJ20180908,健康养生,脸上会减吗?只想减身上的肥肉,1,该用户是在询问产品是否能针对局部减脂，尤其希望瘦身但不影响脸部轮廓。
HJ20180908,健康养生,"不吃晚饭,芦荟什么时候吃",1,该用户可能在询问芦荟产品的适用时间段，并隐含对减肥效果的关注，暗示有购买意向。
HJ20180908,健康养生,拍了三单加急发货,0,该用户想表达自己已经下单购买了三份产品，并希望商家能优先处理自己的订单尽快发货。
HJ20180908,健康养生,我139多斤怎么拍,1,该用户是在询问自己体重139斤的情况下应该购买多少份产品才能达到理想的减肥效果。
HJ20180908,健康养生,一米六103拍几单,1,该用户是在咨询自己身高1米6、体重103斤的情况下应该购买多少份产品才能达到理想的减肥效果。
HJ20180908,健康养生,"喝了两单瘦了18斤,身体没有任何不舒服",0,该用户想表达的含义是：这款产品效果显著且安全可靠，自己通过购买使用成功减重且无副作用。
HJ20180908,健康养生,"不到一单,我减了8斤",0,该用户想表达的含义是：购买这款产品后体重明显减轻，使用效果显著。
HJ20180908,健康养生,160120拍几单,1,该用户想询问自己身高160厘米、体重120斤的情况下应该购买多少份产品才能达到理想的减肥效果。
HJ20180908,健康养生,"我喝了一单减了11斤,今天又来回购了",0,该用户想表达的含义是：之前购买产品后效果显著（减重11斤），出于对产品的信任和满意再次下单购买。
HJ20180908,健康养生,吃降压药能用产品吗,1,该用户是在询问服用降压药期间是否适合使用直播中推荐的产品。
HJ20180908,健康养生,"165,120斤拍几单",1,该用户是在询问自己的身高体重对应适合购买多少份产品才能达到预期减肥效果。
HJ20180908,健康养生,"我喝咖啡套餐减了22斤,现在男朋友也跟我一起喝",0,该用户想表达的含义是：这款咖啡套餐的减肥效果显著，不仅自己成功减重，还带动了身边人一起购买使用。
HJ20180908,健康养生,"165斤,拍了两单哈",0,该用户想表达的含义是：自己体重165斤，已经下单购买了两份产品。
HJ20180908,健康养生,180斤几单,1,该用户想询问自己体重180斤的情况下应该购买多少份产品才能达到理想效果。
HJ20180908,健康养生,我们晚饭都八点半吃,0,该用户可能是在询问产品使用时间与晚餐安排是否冲突，暗示对购买后如何配合日常饮食的顾虑。
HJ20180908,健康养生,又来回够了三单加急,0,该用户想表达自己已经是回头客，这次又下单了三件商品并选择了加急配送服务。
HJ20180908,健康养生,"高165,130斤",1,该用户想表达的含义是：询问以自己165cm身高、130斤体重的情况需要购买多少产品才能达到减肥效果。
HJ20180908,健康养生,怎么喝啊,1,该用户可能是在询问产品的具体饮用方法或使用频率，以确定自己该如何购买和服用才能达到减肥效果。
HJ20180908,健康养生,一单瘦几斤,1,该用户想询问购买一单产品能减掉多少体重。
HJ20180908,健康养生,"我拍了三单,继续喝",0,该用户想表达的含义是：我已经下单购买了三份产品，打算继续使用这款饮品来减肥。
HJ20180908,健康养生,拍了加急,0,该用户想表达自己已经下单并选择了加急配送服务。
HJ20180908,健康养生,我减了7斤了,0,该用户想表达的含义是：使用该产品后已经成功减重7斤，暗示产品有效并可能考虑继续购买。
HJ20180908,健康养生,160/120拍几单,1,该用户想询问自己身高160厘米、体重120斤的情况下应该购买多少份产品才能达到理想的减肥效果。
HJ20180908,健康养生,我是老顾客了,0,该用户想表达的含义是：我是这款产品的忠实用户，之前购买过并有使用经验。
HJ20180908,健康养生,"我喝咖啡减12斤了,又回购了",0,该用户想表达的含义是：通过持续饮用这款咖啡产品成功减重后，出于对效果的认可再次下单购买。
HJ20180908,健康养生,"我拍了1单,能减几斤啊",1,该用户是在询问自己购买的产品使用后预计能达到的减肥效果。
HJ20180908,健康养生,这女的连毛都没,0,该用户可能在质疑主播或产品的真实性，认为其宣传的减肥效果夸大其词（暗示“连毛都没瘦”）。
HJ20180908,健康养生,咖啡啥水沏,1,该用户想询问冲泡咖啡时应该使用什么类型的水（如冷水/热水/温水）。
HJ20180908,健康养生,晚饭不吃饭可以喝吗?,1,该用户可能是在询问该产品是否可以替代晚餐，或在不吃晚饭的情况下饮用以达到减肥效果。
HJ20180908,健康养生,咖啡影不影响睡眠????,1,该用户是在询问咖啡是否会对睡眠质量产生负面影响，可能出于对产品使用效果的顾虑或自身作息健康的考虑。
HJ20180908,健康养生,"一单多长时间,细多少斤",1,该用户想询问购买一单产品需要使用多久时间以及能减掉多少斤体重。
HJ20180908,健康养生,加急发货,0,该用户希望商家尽快处理并配送自己已下单的商品。
HJ20180908,健康养生,我刚出月子喝了一单减了14斤,0,该用户想表达自己产后通过购买该产品成功减重14斤，以此证明产品效果并可能暗示会继续回购。
HJ20180908,健康养生,怎么吃?,1,该用户是在询问产品的食用方法或服用方式。
HJ20180908,健康养生,"刚开始喝了几天,减了3斤,还想再减8斤",0,该用户想表达的含义是：使用产品后已初见成效，希望继续购买以达到更理想的减重目标。
HJ20180908,健康养生,可以喝的,0,该用户想询问该产品是否适合作为饮品直接饮用。
HJ20180908,健康养生,一单没喝完剪了19斤,0,该用户想表达的含义是：购买了一单产品但还没喝完就已经减掉了19斤体重。
HJ20180908,健康养生,12岁可以喝嘛,1,该用户是在询问产品是否适合12岁未成年人饮用。
HJ20180908,健康养生,"我一单瘦了14斤,咖啡确实管用",0,该用户想表达的含义是：通过购买并使用这款咖啡产品，自己成功减重14斤，认可产品的减肥效果。
HJ20180908,健康养生,我也喝瘦了,0,该用户想表达的含义是：自己通过饮用该产品也成功实现了体重减轻的效果。
HJ20180908,健康养生,怎么减的?,1,该用户是在询问这款减肥咖啡的具体见效方式和减重效果。
HJ20180908,健康养生,我和老公一起喝直接回购五单,0,该用户想表达的含义是：自己和伴侣都使用过该产品且效果满意，因此决定大量复购以继续使用。
HJ20180908,健康养生,"老婆喝了一单瘦了11斤,今天又给她拍了",0,该用户想表达的意思是：自己妻子之前购买并使用了该产品后效果显著（瘦了11斤），因此现在再次下单回购。
HJ20180908,健康养生,"回购两单,老顾客了加急发货",0,该用户想表达的含义是：作为忠实客户再次购买产品，并希望优先处理自己的订单以尽快收到货。
HJ20180908,健康养生,拍了2单,0,该用户想表达的含义是：已经下单购买了两份产品，表明其对商品的认可和购买意愿。
HJ20180908,健康养生,你家咖啡真的很好用,1,该用户想表达的含义是：这款咖啡的减肥效果确实不错，我对此很满意。
HJ20180908,健康养生,咖啡用奶冲可以不?,1,该用户可能是在询问冲泡咖啡时是否可以用牛奶替代水，以确认产品的饮用方式是否符合自己的偏好或需求。
HJ20180908,健康养生,"我正常吃饭,一单减了12斤",0,该用户想表达的含义是：在保持正常饮食的情况下，使用该产品后成功减重了12斤。
HJ20180908,健康养生,让骨头架子下去,0,该用户可能是在表达对当前直播内容或主播的不满，认为其过于瘦弱或表现不佳，希望换人展示产品效果。
HJ20180908,健康养生,可以喝我也喝了,0,该用户想表达的含义是：我也购买了这款产品并且正在使用。
HJ20180908,健康养生,160/120,1,该用户想表达的含义是：我的身高是160厘米，体重是120斤，想知道这款产品是否适合我使用。
HJ20180908,健康养生,我不能喝咖啡能拍吗,1,该用户是在询问自己因身体原因不能饮用咖啡的情况下，是否仍可以下单购买该产品（可能是为他人购买或考虑其他用途）。
HJ20180908,健康养生,有结节能喝么,1,该用户是在询问甲状腺结节患者是否可以饮用直播中推荐的减肥咖啡产品。
HJ20180908,健康养生,"回购2单,已经减了8斤",0,该用户想表达的含义是：自己已经购买并使用了该产品，效果显著（减重8斤），因此决定再次购买以继续使用。
HJ20180908,健康养生,回购了三单加急,0,该用户想表达自己对该产品效果非常满意，已经再次购买了三份并要求尽快发货。
HJ20180908,健康养生,"喝咖啡减了14斤,很满意",0,该用户想表达的含义是：通过饮用这款咖啡成功减重14斤，对产品效果感到非常认可。
HJ20180908,健康养生,中午不需要吃吗?,1,该用户可能在询问这款减肥咖啡是否需要在中午时段饮用才能达到效果。
HJ20180908,健康养生,红姐的效果很好,0,该用户想表达的含义是：红姐使用这款产品后效果显著，我对产品产生了兴趣。
HJ20180908,健康养生,敏敏太瘦了,0,该用户可能是在感叹主播的身材变化，暗示产品效果显著，想进一步了解或确认减肥咖啡的效果。
HJ20180908,健康养生,"喝了2单,减了33斤",0,该用户想表达的含义是：自己购买并饮用了该产品后成功减重33斤，以此证明产品的效果。
HJ20180908,健康养生,饭后吃芦荟我忘了[捂脸],0,该用户可能是在调侃自己因为关注直播间的减肥产品而忽略了日常生活中的健康习惯（如饭后吃芦荟），暗示对直播间讨论的减肥方法产生了兴趣或认同。
HJ20180908,健康养生,"我喝两单减了18斤,减的很满意",0,该用户想表达的含义是：这款产品效果显著，自己使用后减重效果令人满意，因此愿意继续购买支持。
HJ20180908,健康养生,下单了加急发,0,该用户想表达的含义是：我已经完成购买并希望商家尽快安排发货。  （结合前文语境，直播间主题可能是减肥或保健产品，用户受其他买家积极反馈的激励下单，并强调加急需求以尽快获得产品。）
HJ20180908,健康养生,129号链接和这个有什么区别,1,该用户想表达的含义是：询问129号链接的产品与当前展示的产品在功能或效果上有何不同。
HJ20180908,健康养生,"一直坚持喝5单了,已经减50来斤",0,该用户想表达的含义是：通过持续购买并使用该产品，自己已经成功减重了50斤左右。
HJ20180908,健康养生,能不能发邮政,1,该用户是在询问商家是否支持通过邮政快递发货。
HJ20180908,健康养生,拍了拍了,0,该用户想表达的含义是：我已经下单购买了这款产品。
HJ20180908,健康养生,下单了加急,0,该用户想表达自己已经完成购买并希望尽快发货。
HJ20180908,健康养生,只有吃产品不饿不馋没食欲才掉肉,0,该用户想表达的含义是：只有通过持续使用这个产品抑制食欲才能有效减肥。
HJ20180908,健康养生,你今天掉了2两,0,该用户想表达的含义是：使用产品后体重减轻了2两。
HJ20180908,健康养生,主播我没有芦荟胶囊呀,1,该用户想表达的含义是：询问主播自己是否适合购买芦荟胶囊产品。
HJ20180908,健康养生,一单快喝完了减了8斤,0,该用户想表达的意思是：购买并使用该产品后已经成功减重8斤，目前快喝完一单了。
HJ20180908,健康养生,这个黑咖啡可以加其他咖啡喝吗,1,该用户可能是在询问这款黑咖啡是否可以与其他咖啡产品混合饮用，以了解其搭配灵活性和饮用方式。
HJ20180908,健康养生,"上午拍的已经发货了,又给婆婆回购两单,你家发货真快",0,该用户想表达对商家的发货速度感到满意，并因信任产品效果而再次为家人下单购买。
HJ20180908,健康养生,咖啡用奶冲可以,0,该用户可能是在询问或确认这款咖啡产品是否可以用牛奶冲泡饮用。
HJ20180908,健康养生,一单能瘦几斤啊,1,该用户是在询问购买该减肥产品后，使用一个订单的量大概能减掉多少体重。
HJ20180908,健康养生,效果蛮好的,0,该用户想表达的含义是：对产品使用效果表示认可和满意。
HJ20180908,健康养生,"我61岁,喝完你的两单咖啡掉了19斤很满意",0,该用户想表达的含义是：自己61岁，通过购买并饮用该产品成功减重19斤，对效果感到满意并分享体验。
HJ20180908,健康养生,拍了俩单,0,该用户想表达的含义是：我已经下单购买了两份产品。
HJ20180908,健康养生,"我喝咖啡减了9斤,刚刚又拍了两单,加急发货",0,该用户想表达自己通过饮用该产品成功减重，并对效果感到满意，因此再次下单并希望尽快收到商品。
HJ20180908,健康养生,喝酒可以喝么,1,该用户可能是在询问直播中推荐的产品是否适合在饮酒时饮用，担心两者搭配是否会影响效果或健康。
HJ20180908,健康养生,"拍了,加急",0,该用户想表达的含义是：已经下单购买并要求尽快发货。
HJ20180908,健康养生,"咖啡瘦了17斤了,确实挺好",0,该用户想表达的意思是：喝这款咖啡后成功减重17斤，认可产品的效果。
HJ20180908,健康养生,我就是正常吃饭一单减了17斤,0,该用户想表达的含义是：通过正常饮食配合使用产品，已经成功减重了17斤。
HJ20180908,健康养生,瘦的都不好看了,0,该用户可能是在委婉质疑产品的减肥效果，暗示过度消瘦会影响美观。
HJ20180908,健康养生,我今天掉了2两,0,该用户想表达的含义是：我使用该产品后体重减轻了2两，暗示产品有效并可能继续购买。
HJ20180908,健康养生,备孕可以喝不,1,该用户是在询问该产品是否适合备孕期间饮用，可能担心成分安全或功效冲突。
HJ20180908,健康养生,"我喝你们这个减肥套餐一单了,减了9斤了",0,该用户想表达的含义是：使用该减肥产品后效果显著，已经成功减重并认可其效果。
HJ20180908,健康养生,一直在喝你咖啡,0,该用户想表达的含义是：长期购买并饮用这款咖啡产品，对其效果表示认可或持续关注。
HJ20180908,健康养生,为什么不回,0,该用户可能在催促主播回应之前关于产品效果或使用方法的提问，表达了对未获答复的不满或急切心情。
HJ20180908,健康养生,今天又拍了两单,0,该用户想表达的含义是：我对产品效果满意，已经再次下单购买了。
HJ20180908,健康养生,我170斤1米6下怕几单,1,该用户想表达的含义是：我身高1米6、体重170斤，担心下单后减肥效果不理想。
HJ20180908,健康养生,"喝咖啡一单减了15斤了,确实好",0,该用户想表达的意思是：喝这款咖啡减肥效果显著，自己已经通过购买一单成功减掉了15斤，对产品效果感到满意。
HJ20180908,健康养生,回购了两单加急,0,该用户想表达的含义是：因为对产品效果满意，所以再次购买了两份并要求尽快发货。
HJ20180908,健康养生,65岁行吗,1,该用户是在询问65岁的年龄是否适合使用直播中推销的减肥咖啡产品。
HJ20180908,健康养生,"不到一单,我减了8斤",0,该用户想表达的意思是：购买并使用产品后，自己成功减重了8斤。
HJ20180908,健康养生,"我老公减了14斤,肚子明显小了好多",0,该用户想表达的含义是：我家人使用产品后减肥效果显著，对此感到满意并可能有意购买。
HJ20180908,健康养生,"减肥咖啡确实好,我是老顾客,大家放心买",0,该用户想表达的含义是：作为长期使用并受益于该产品的忠实消费者，他/她在向其他观众推荐这款减肥咖啡，以增强大家的购买信心。
HJ20180908,健康养生,黄条是啥,1,该用户可能是在询问直播中提到的“黄条”具体指代什么产品或优惠活动。
HJ20180908,健康养生,我有的时候就用奶冲咖啡,0,该用户想表达的含义是：自己偶尔会用牛奶冲泡咖啡来饮用。
HJ20180908,健康养生,"喝一个月减了13斤,继续喝",0,该用户想表达的意思是：使用这款产品一个月后成功减重13斤，打算继续坚持服用以维持效果。
HJ20180908,健康养生,拍了加急发货,0,该用户想表达自己已下单并希望尽快收到商品。
HJ20180908,健康养生,"红姐我一直喝你家减肥套餐已经减了46斤,推荐好多同事过来拍了",0,该用户想表达的含义是：作为长期使用产品的受益者，她通过自身显著效果（减重46斤）和主动推荐行为，向直播间观众验证产品有效性并间接促进销售。
HJ20180908,健康养生,我就是正常吃饭一单减了17斤,0,该用户想表达的含义是：通过正常饮食配合使用该产品，成功减重了17斤。
HJ20180908,健康养生,有哮喘可以喝吗,1,该用户是在询问产品是否适合哮喘患者饮用，以评估自身能否安全购买使用。
HJ20180908,健康养生,3单剪了45斤,0,该用户想表达的含义是：我买了三份产品总共减掉了45斤体重。
HJ20180908,健康养生,"我喝咖啡减了9斤,刚刚又拍了两单,加急发货",0,该用户想表达的含义是：通过使用该产品成功减肥后，出于信任和效果满意又追加了订单并希望尽快收到货。
HJ20180908,健康养生,"效果真的挺好,我瘦了13斤了",0,该用户想表达的含义是：亲身验证了产品的减肥效果显著，对此感到满意并间接推荐给其他观众。
HJ20180908,健康养生,你家咖啡真的很好用,1,该用户想表达的含义是：这款咖啡的减肥效果非常显著，我很满意。
HJ20180908,健康养生,"咖啡搭配芦荟,绝配",0,该用户是在分享减肥咖啡的搭配饮用方法，暗示这种组合效果显著且值得尝试。
HJ20180908,健康养生,有副作用吗?,1,该用户是在询问这款减肥咖啡是否存在不良反应或健康风险。
HJ20180908,健康养生,"吃药时,能喝吗",1,该用户可能在询问减肥咖啡是否与药物存在冲突，担心同时服用会影响健康或药效。
HJ20180908,健康养生,小孩母乳可以喝吗?,1,该用户可能在询问这款减肥咖啡是否适合哺乳期妇女饮用。
HJ20180908,健康养生,"马上喝完第二单,减了23斤",0,该用户想表达的含义是：自己已经喝完第一单产品并成功减重23斤，现在准备再次下单购买。
HJ20180908,健康养生,借口不,0,该用户可能是想询问产品是否有不适合特定人群或情况的禁忌（如健康问题、药物冲突等）。
HJ20180908,健康养生,"老公减了25斤,比我减得多很多",0,该用户想表达的含义是：伴侣使用产品后效果显著，比自己减重更多，暗示对产品效果的认可和潜在购买意向。
HJ20180908,健康养生,有肝炎小三阳的人可以喝吗,1,该用户是在询问产品是否适合肝炎小三阳患者饮用，隐含对自身健康状况与产品适用性的担忧。
HJ20180908,健康养生,"早上睡懒觉,中午才吃饭,怎么吃",1,该用户可能在询问因作息不规律导致的饮食安排问题，并隐含对减肥产品使用时间的咨询需求。
HJ20180908,健康养生,一单快喝完了减了8斤,0,该用户想表达的含义是：这款产品效果不错，自己快喝完一单就瘦了8斤。
HJ20180908,健康养生,"早上咖啡我用开水沏的,可以吗?",1,该用户可能在询问使用开水冲泡咖啡是否会影响产品的减肥效果或安全性。
HJ20180908,健康养生,"我老公减了14斤,肚子明显小了好多",0,该用户想表达的含义是：这款产品效果显著，家人使用后体重明显下降。
HJ20180908,健康养生,开水冲行吗,1,该用户想询问产品是否可以用开水冲泡饮用。
HJ20180908,健康养生,备孕经期三高都放心喝,0,该用户想表达的含义是：这款产品适合备孕、经期和三高人群饮用，安全可靠。
HJ20180908,健康养生,"我喝了20天,减了16斤,今天又回购了2单",0,该用户想表达的含义是：通过使用该产品取得了显著的减肥效果，出于对效果的满意而再次下单购买。
HJ20180908,健康养生,"红姐我喝你家减肥咖啡都减了15斤了,今天再来拍一单",0,该用户想表达的含义是：通过使用该产品取得了显著的减肥效果，因此决定再次购买以继续使用。
HJ20180908,健康养生,"马上喝完一单了,真没想到减了10斤,又拍了2单",0,该用户想表达的是：自己通过使用该产品成功减重10斤，效果满意所以又回购了两单。
HJ20180908,健康养生,我就是正常吃饭一单减了17斤,0,该用户想表达的含义是：通过正常饮食配合产品使用，自己成功减重了17斤。
HJ20180908,健康养生,胃不好可以喝吗,1,该用户是在询问该产品是否适合肠胃敏感的人群饮用。
HJ20180908,健康养生,这个美女好吓人啊!,0,该用户可能是在调侃或吐槽主播的外貌或表现风格，与产品讨论无关。
HJ20180908,健康养生,怎么喝,1,该用户想询问这款减肥咖啡的正确饮用方法或具体服用方式。
HJ20180908,健康养生,"我102斤也减了6斤,很满意",0,该用户想表达的含义是：使用该产品后体重有所下降，效果令人满意。
HJ20180908,健康养生,166116拍一单试试,0,该用户想表达的含义是：看到其他人分享减肥效果后，决定下单尝试这款减肥咖啡。
HJ20180908,健康养生,我139多斤怎么拍,1,该用户想表达的含义是：我的体重是139斤，应该选择哪种规格或购买方案？
HJ20180908,健康养生,下单了加急,0,该用户想表达自己已经完成购买并希望尽快收货。
HJ20180908,健康养生,"一直坚持喝5单了,已经减50来斤",0,该用户想表达的含义是：持续购买并饮用该产品后，自己已成功减重50多斤。
HJ20180908,健康养生,"红姐我姐姐喝你家咖啡减了39斤,我今天也过来拍了",0,该用户想表达的含义是：因为看到姐姐使用这款咖啡有明显效果，自己也产生了信任并下单购买。
HJ20180908,健康养生,可以喝的,0,该用户想表达的含义是：询问这款产品是否适合饮用或确认其可食用性。
HJ20180908,健康养生,"效果真的很好,我已经减了11斤了",0,该用户想表达的含义是：这款产品效果显著，自己使用后成功减重并认可其功效。
HJ20180908,健康养生,心脏不好的可以喝吗,1,该用户是在询问该减肥咖啡是否适合有心脏健康问题的人群饮用。
HJ20180908,健康养生,"婆婆喝这个咖啡减了14斤,今天又回购两单",0,该用户想表达的含义是：家人使用这款咖啡效果显著，自己也因信任而再次购买。
HJ20180908,健康养生,有哮喘的可以喝吗,1,该用户是在询问该产品是否适合哮喘患者饮用，以评估自身或他人能否安全使用。
HJ20180908,健康养生,"回购了两单,加急",0,该用户想表达自己已经再次购买了两份产品，并希望尽快发货。
HJ20180908,健康养生,"我喝你家的咖啡减了43斤,现在我身边的朋友都在喝",0,该用户想表达的含义是：这款减肥咖啡效果显著，自己成功减重后带动了周围朋友一起购买。
HJ20180908,健康养生,我也瘦啦,0,该用户想表达的含义是：自己通过使用该减肥产品也成功瘦身了。
HJ20180908,健康养生,三高可以喝么,1,该用户是在询问这款减肥咖啡是否适合有三高（高血压、高血脂、高血糖）的人群饮用。
HJ20180908,健康养生,"我老顽固性了,喝了几天真开始减了,今天又来回购一单",0,该用户想表达的含义是：自己长期减肥效果不佳，但尝试这款产品后初见成效，因此决定再次购买。
HJ20180908,健康养生,我正在喝,0,该用户想表达的含义是：我正在使用这款产品并体验其效果。
HJ20180908,健康养生,65岁可以喝吗,1,该用户是在询问这款产品是否适合65岁的老年人饮用。
HJ20180908,健康养生,太吓人了!,0,该用户可能是对产品效果感到震惊或对某些使用者的极端减肥案例感到不可思议。
HJ20180908,健康养生,我第二单马上喝完.减掉24斤,0,该用户想表达的含义是：我已经回购第二次并快喝完了，成功减重24斤。
HJ20180908,健康养生,掉了2两,0,该用户想表达的含义是：通过使用产品体重减轻了2两。
HJ20180908,健康养生,"马上喝完一单了,真没想到减了10斤,又拍了2单",0,该用户想表达的含义是：自己通过持续使用该产品已成功减重10斤，出于对效果的满意又追加购买了两份。
HJ20180908,健康养生,"喝了2单,减了33斤",0,该用户想表达的含义是：自己已经购买并饮用了两单产品，成功减重了33斤。
HJ20180908,健康养生,"今天收到了,刚喝",0,该用户想表达的含义是：自己已经收到并开始尝试这款产品。
HJ20180908,健康养生,刚说肝炎能喝吗,1,该用户是在询问产品是否适合肝炎患者饮用。
HJ20180908,健康养生,得什么癌症了吧这么瘦,0,该用户可能是在质疑主播或产品效果的真实性，用夸张的说法暗示“瘦得不正常，像是健康出了问题”。
HJ20180908,健康养生,我的天,0,该用户想表达的含义是：对产品效果感到震惊或难以置信。
HJ20180908,健康养生,"马上第二单喝完,减了31斤",0,该用户想表达的是：自己已经快喝完第二单产品，并且成功减重了31斤。
HJ20180908,健康养生,"喝了两单瘦了18斤,喝之前120,现在102斤满意了",0,该用户想表达的含义是：通过饮用该产品成功减重，对效果感到满意并隐含推荐意图。
HJ20180908,健康养生,吃精神类药物胖的可以好吗,1,该用户可能在询问服用精神类药物导致的肥胖是否也能通过这款产品得到改善。
HJ20180908,健康养生,加急发货,0,该用户希望商家尽快安排自己已下单商品的配送。
HJ20180908,健康养生,瘦的吓人,0,该用户可能是对直播中展示的减肥效果感到震惊，认为瘦身程度过于夸张甚至不健康。
HJ20180908,健康养生,啥几把玩意,0,该用户可能是在质疑直播中宣传的减肥效果过于夸张或不真实，表达对产品可信度的怀疑和不满。
HJ20180908,健康养生,瘦这样太难看了,0,该用户可能是在表达对直播中展示的过度消瘦形象感到不适或担忧，认为这种极端瘦削的体型缺乏健康美感。
HJ20180908,健康养生,喝了需要运动吗?,1,该用户可能是在询问该产品是否需要配合运动才能达到减肥效果。
HJ20180908,健康养生,我139多斤怎么拍,1,该用户可能在询问自己体重139斤的情况下应该如何选择产品规格或服用方式。
HJ20180908,健康养生,"一盒有几条,买了两单",1,该用户想询问产品包装规格并表达自己已经下单购买的意愿。
HJ20180908,健康养生,太伯人了象骨架,0,该用户想表达的含义是：这个产品让人瘦得太夸张了，看起来像骨架一样吓人。
HJ20180908,健康养生,带了个美瞳吓人,0,该用户想表达的含义是：主播戴的美瞳效果过于夸张，看起来很不自然甚至有些恐怖。
HJ20180908,健康养生,太可怕了,0,该用户想表达的含义是：对直播中展示的极端减肥效果感到震惊和不适。
HJ20180908,健康养生,三餐正常吃吗?,1,该用户可能是担心产品会影响正常饮食，在询问使用期间是否可以保持日常三餐习惯。
HJ20180908,健康养生,65岁能行吗,1,该用户是在询问直播推销的产品是否适合65岁的人群使用。
HJ20180908,健康养生,一单可以见效果吗,1,该用户是在询问购买一单产品是否能达到预期的减肥效果。
HJ20180908,健康养生,吃药时能喝吗,1,该用户是在询问该产品在服用药物期间是否可以同时饮用。
HJ20180908,健康养生,160/120,1,该用户想表达的含义是：询问自己身高160厘米、体重120斤的情况下是否适合购买该减肥产品。
HJ20180908,健康养生,芦荟哪卖了?,1,该用户想询问直播间正在推销的芦荟产品在哪里可以购买。
HJ20180908,健康养生,怎么喝,1,该用户可能是在询问产品的具体饮用方法或注意事项，比如是否需要搭配其他饮品、饮用频率或时间等。
HJ20180908,健康养生,"我61岁,喝完你的两单咖啡掉了19斤很满意",0,该用户想表达的含义是：自己作为61岁的消费者，购买并饮用了两单产品后成功减重19斤，对效果感到满意。
HJ20180908,健康养生,"我喝了一单瘦了12斤,真的好",0,该用户想表达的含义是：这个产品效果很好，自己购买使用后成功减重了12斤。
HJ20180908,健康养生,心脏不好可以喝吗???,1,该用户是在询问该产品是否适合有心脏健康问题的人群使用。
HJ20180908,健康养生,什么时候发货,0,该用户想确认产品的发货时间，可能是已经下单或准备下单，对收货时效比较关心。
HJ20180908,健康养生,150斤拍了两单,0,该用户想表达的含义是：自己体重150斤，已经下单购买了两份产品。
HJ20180908,健康养生,"1米58,140斤几单",1,该用户想询问自己身高1米58、体重140斤的情况下应该购买多少份产品。
HJ20180908,健康养生,"一米五,125几单",1,该用户想表达的含义是：询问自己身高一米五、体重125斤的情况下应该购买多少份产品。
HJ20180908,健康养生,"103斤,买几单",1,该用户想表达的含义是：我体重103斤，应该购买多少份产品才能达到理想效果。
HJ20180908,健康养生,咖啡怎么喝,1,该用户可能是在询问咖啡产品的具体饮用方法或使用注意事项。
HJ20180908,健康养生,"买了一单,看看红姐值得信任吧",0,该用户表达的是自己已经下单购买产品，希望通过实际使用来验证主播“红姐”推荐的产品是否可靠有效。
HJ20180908,健康养生,"一直坚持喝5单了,已经减50来斤",0,该用户想表达的含义是：通过持续购买并使用该产品，自己已经成功减重了50斤。
HJ20180908,健康养生,怎么喝?,1,该用户是在询问产品的具体饮用方法或服用方式。
HJ20180908,健康养生,130斤拍几单,1,该用户想表达的含义是：询问自己体重130斤的情况下需要购买多少份产品才能达到预期效果。
HJ20180908,健康养生,116斤拍几单,1,该用户想表达的含义是：询问自己体重116斤需要购买多少份产品才能达到预期效果。
HJ20180908,健康养生,"之前拍了好多其他产品都不行,就你家的让我减了20斤",0,该用户想表达的含义是：对比其他品牌无效后，对当前产品的显著减肥效果表示高度认可和满意。
HJ20180908,健康养生,"我喝了一单减了11斤,今天又来回购了",0,该用户想表达的含义是：之前购买该产品后取得了显著的减肥效果（减重11斤），出于对产品效果的信任和满意，决定再次下单购买。
HJ20180908,健康养生,一米六103拍几单,1,该用户是在询问自己身高1米6、体重103斤的情况下应该购买多少份产品才能达到理想的减肥效果。
HJ20180908,健康养生,一单能瘦几斤啊,1,该用户是在询问购买该减肥产品后预计能达到的减重效果。
HJ20180908,健康养生,咋不吃东西了,0,该用户可能在疑惑主播为何暂停展示或介绍产品（可能是减肥咖啡），想提醒主播继续推广商品。
HJ20180908,健康养生,"喝咖啡一单减了15斤了,确实好",0,该用户想表达的含义是：购买并饮用这款咖啡后成功减重了15斤，对产品效果感到满意。
HJ20180908,健康养生,骨架太怕人了,0,"该用户可能是在表达对产品宣传效果的质疑或不适感，认为直播间过分强调减肥效果（如""骨架""暗示身体变化）让人感到不安。"
HJ20180908,健康养生,"我102斤也减了6斤,很满意",0,该用户想表达的含义是：自己通过使用产品成功减重，对效果感到满意并隐含推荐意味。
HJ20180908,健康养生,看一下敏敏,0,该用户可能是想查看主播“敏敏”展示的产品效果或使用示范。
HJ20180908,健康养生,能相信吗都买太多减肥产品了,1,该用户想表达的含义是：对减肥产品的效果持怀疑态度，因为之前购买过太多类似产品但效果不佳。
HJ20180908,健康养生,128斤能减几斤?,1,该用户是在询问自己128斤的体重使用该产品后预计能减掉多少斤，表现出对产品效果的关注和潜在的购买意向。
HJ20180908,健康养生,"效果真的很好,我已经减了11斤了",0,该用户是在分享使用产品后的显著减肥效果，以此表达对产品的认可和推荐。
HJ20180908,健康养生,还招人吗,0,该用户可能是看到直播间减肥效果显著，对主播或团队产生兴趣，想询问是否有加入工作的机会。
HJ20180908,健康养生,"我老顽固性了,喝了几天真开始减了,今天又来回购一单",0,该用户想表达的含义是：自己原本对减肥产品持怀疑态度，但在尝试后发现确实有效果，因此决定再次购买以继续使用。
HJ20180908,健康养生,160/120咋拍,1,该用户想表达的含义是：询问身高160厘米、体重120斤的顾客应该选择购买多少份产品。
HJ20180908,健康养生,"第1单咖啡减了9斤,第2单开始喝起来",0,该用户想表达的含义是：第一次购买这款咖啡后成功减重9斤，现在准备继续购买并坚持饮用以达到更好的效果。
HJ20180908,健康养生,怎么喝,1,该用户是在询问产品的具体饮用方法或使用方式。
HJ20180908,健康养生,我也瘦了,0,该用户想表达的是自己也通过使用该产品成功减重了。
HJ20180908,健康养生,数不了给退了,0,该用户可能是在表达“如果产品效果不明显（体重数字没减少），就选择退货”。
HJ20180908,健康养生,耳钉好看,0,该用户可能是在观看直播时对展示的耳钉款式产生了兴趣，暗示有购买意向。
HJ20180908,健康养生,170140几单,1,该用户是在询问自己的身高170cm、体重140斤的情况下应该购买多少单产品才能达到预期减肥效果。
HJ20180908,健康养生,"婆婆喝这个咖啡减了14斤,今天又回购两单",0,该用户想表达的含义是：自己家人使用这款咖啡减肥效果显著，出于信任和满意再次下单购买。
HJ20180908,健康养生,早上口腹喝还是饭后喝,1,该用户是在询问这款减肥咖啡的最佳饮用时间，想知道是早晨空腹喝效果更好还是饭后喝更合适。
HJ20180908,健康养生,拍了加急发货,0,该用户想表达的含义是：我已经下单并选择了加急配送服务。
HJ20180908,健康养生,可以喝的我一单瘦了12斤,0,该用户想表达的含义是：自己购买了这款产品并饮用后成功减重了12斤。
HJ20180908,健康养生,148斤,1,该用户想表达的含义是：询问自己当前体重148斤的情况下使用该产品能减重多少。
HJ20180908,健康养生,一直在喝你咖啡,0,该用户想表达的含义是：我是这款咖啡的老顾客，持续在饮用并认可其效果。
HJ20180908,健康养生,我108斤想减5/6斤拍几单?,1,该用户是在询问自己当前体重108斤的情况下，想要减掉5到6斤需要购买多少份产品。
HJ20180908,健康养生,便秘喝好事吗,1,该用户是在询问这款产品对缓解便秘是否有效。
HJ20180908,健康养生,150斤,1,该用户想表达的含义是：询问自己体重150斤应该购买多少产品才能有效减肥。
HJ20180908,健康养生,怎么吃,1,该用户想询问产品的具体食用方法或服用方式。
HJ20180908,健康养生,120斤以上拍2单,0,该用户是在询问自己体重超过120斤的情况下应该购买多少份产品才能达到理想的减肥效果。
HJ20180908,健康养生,一单能喝几天,1,该用户是在询问购买的产品（可能是减肥咖啡）的使用周期，以此评估购买数量是否合适。
HJ20180908,健康养生,"老公减了25斤,比我减得多很多",0,该用户想表达的含义是：伴侣使用产品后效果显著，自己也想尝试以达到类似的减肥效果。
HJ20180908,健康养生,减肥套餐胃不好能喝吗?,1,该用户是在询问减肥套餐是否适合肠胃敏感的人群使用，担心产品可能对胃部有不良影响。
HJ20180908,健康养生,"我姐姐让我过来拍的,她都减了35斤了",0,该用户想表达的含义是：因为看到姐姐使用该产品效果显著，所以自己也决定下单购买。
HJ20180908,健康养生,一米六103几单,1,该用户想表达的含义是：身高一米六体重103斤的人应该购买几单产品。
HJ20180908,健康养生,110斤拍几单,1,该用户想询问自己体重110斤的情况下应该购买多少份产品才能达到理想的减肥效果。
HJ20180908,健康养生,咖啡用热水冲吗,1,该用户是在询问冲泡咖啡的具体方法，以确认产品使用方式是否适合自己的需求。
HJ20180908,健康养生,给孩子吃奶可以喝吗?,1,该用户是在询问该产品是否适合哺乳期母亲饮用。
HJ20180908,健康养生,"162,102",1,该用户想表达的含义是：我的身高是162厘米，体重是102斤，请问需要购买多少单产品？
HJ20180908,健康养生,我也是马上喝完两单减了14斤多,0,该用户想表达自己通过连续购买并饮用该产品成功减重了14斤以上。
HJ20180908,健康养生,我133斤直接拍了两单,0,该用户想表达的含义是：根据自身体重和产品效果，果断下单购买了两份减肥产品。
HJ20180908,健康养生,168145斤,1,该用户想表达的含义是：我的身高168厘米，体重145斤，请问需要拍多少单才能有效减肥？
HJ20180908,健康养生,168高117斤,1,该用户是在询问自己的身高体重情况适合购买几单减肥产品。
HJ20180908,健康养生,"我102斤也减了6斤,很满意",0,该用户想表达的含义是：自己通过使用产品成功减重，对效果感到满意并间接推荐给他人。
HJ20180908,健康养生,现在我喝了刚称掉了2两,0,该用户想表达的含义是：我刚称了体重，喝这个产品后减了2两。
HJ20180908,健康养生,"挺好的,我一单瘦了11斤",0,该用户想表达的含义是：这款产品效果不错，自己购买后成功减重了11斤。
HJ20180908,健康养生,"我减了13斤,肚子明显小了好多",0,该用户想表达的含义是：通过使用该产品，自己成功减重且身材有明显改善。
HJ20180908,健康养生,130斤,1,该用户是在询问自己130斤的体重应该购买多少份产品才能达到理想的减肥效果。
HJ20180908,健康养生,"我等货到了,就开始吃[心心]",0,该用户表达的是对产品效果的期待和信任，暗示自己已经下单并准备收货后立即使用，同时透露出对减肥效果的乐观态度。
HJ20180908,健康养生,吃精神类药物胖的不能喝吧,1,该用户是在询问因服用精神类药物导致发胖的人群是否适合饮用直播推荐的减肥产品。
HJ20180908,健康养生,"喝了减肥套餐2单了,减了18斤",0,该用户想表达自己通过购买并饮用该减肥套餐取得了显著效果，以此证明产品的有效性并可能带动他人购买。
HJ20180908,健康养生,保质期2年,0,该用户可能是在询问或确认产品的保质期时长，以评估是否适合自己长期使用。
HJ20180908,健康养生,"128斤,能减到多少",1,该用户是在询问自己目前的体重（128斤）使用该减肥产品后预计能达到的减重效果。
HJ20180908,健康养生,好用吗,1,该用户想表达的含义是：询问产品实际使用效果是否如其他观众所说的那样有效。
HJ20180908,健康养生,需要搭配食谱吃吗,1,该用户可能在询问产品是否需要配合特定的饮食计划才能达到预期效果。
HJ20180908,健康养生,"我刚生完宝宝喝了一单减了25斤,又回购了",0,该用户想表达自己产后通过购买该减肥产品成功瘦身25斤，效果显著因此再次复购。
HJ20180908,健康养生,"喝咖啡一单减了15斤了,确实好",0,该用户想表达的含义是：自己通过购买并饮用这款咖啡产品，成功减重了15斤，对效果感到满意并认可其功效。
HJ20180908,健康养生,"升级版的搭配芦荟,真好",1,该用户想表达的含义是：升级版产品搭配芦荟效果很好，对此感到满意并认可其效果。
HJ20180908,健康养生,我拍一单试试有效果再回购,0,该用户对产品效果持观望态度，打算先少量购买体验效果后再决定是否长期复购。
HJ20180908,健康养生,敏敏多高,0,该用户可能是想询问主播“敏敏”的身高，以此作为参考来判断减肥产品的效果是否适合自己。
HJ20180908,健康养生,"我减了16斤,确实好,让老公也喝了",0,该用户想表达的含义是：自己通过使用该产品成功减重16斤，效果显著，因此推荐给丈夫也尝试。
HJ20180908,健康养生,168高117,0,该用户想表达的含义是：我的身高是168厘米，体重是117斤。
HJ20180908,健康养生,一单能瘦几斤啊,1,该用户是在询问购买该减肥产品后一个疗程能带来多少实际减重效果。
HJ20180908,健康养生,"我老公减了14斤,肚子明显小了好多",0,该用户想表达的含义是：分享家人使用产品后的显著减肥效果，暗示对产品的认可和推荐。
HJ20180908,健康养生,看看红姐的,0,该用户可能是想询问或确认主播展示的减肥产品（如“红姐”代言的套餐）的具体效果或适用性。
HJ20180908,健康养生,170高180斤,1,该用户想表达的含义是：询问自己身高170厘米、体重180斤的情况是否适合使用该减肥产品。
HJ20180908,健康养生,"我是特顽固体质喝完咖啡20天,减了11斤",0,该用户想表达的含义是：这款减肥咖啡效果显著，即使是代谢较慢的体质也能在短期内明显减重。
HJ20180908,健康养生,又换减肥产品了?,0,该用户可能是在质疑主播频繁更换减肥产品的行为，暗示对产品效果或稳定性的不信任。
HJ20180908,健康养生,需要搭配食谱吃吗?,1,该用户是在询问该产品是否需要配合特定的饮食方案才能达到预期效果。
HJ20180908,健康养生,160斤,0,该用户想表达的含义是：询问自己当前的体重160斤是否适合使用这款减肥产品。
HJ20180908,健康养生,平时便秘都会吃芦荟[笑哭],0,该用户想表达的含义是：自己平时会通过食用芦荟来缓解便秘问题，暗示对直播间推荐的芦荟相关产品可能感兴趣。
HJ20180908,健康养生,我133斤直接拍了两单,0,该用户想表达的含义是：基于自己的体重和对他人的效果参考，果断下单购买该减肥产品。
HJ20180908,健康养生,65岁能喝吗,1,该用户是在询问这款减肥产品是否适合65岁的老年人饮用。
HJ20180908,健康养生,买几单,1,该用户想表达的含义是：打算购买多份产品尝试效果。
HJ20180908,健康养生,"我喝咖啡套餐减了22斤,现在男朋友也跟我一起喝",0,该用户想表达的含义是：自己和伴侣通过使用这款咖啡套餐成功减肥，并对其效果表示认可和推荐。
HJ20180908,健康养生,"喝咖啡减了14斤,很满意",0,该用户想表达的含义是：通过饮用这款咖啡成功减重14斤，对产品效果感到非常满意。
HJ20180908,健康养生,我120都满意了[捂脸],0,该用户想表达的含义是：我对目前减重120斤的效果已经非常满意了。
HJ20180908,健康养生,165高120斤[捂脸][捂脸],0,该用户是在分享自己的身高体重数据，并暗示对当前体型不太满意，可能有意向了解直播间的减肥产品效果。
HJ20180908,健康养生,"我下单了2单,我168斤[笑哭][笑哭][笑哭][笑哭]",0,该用户想表达的含义是：自己已经购买了两份产品，并透露自身体重信息以寻求同类消费者的使用反馈或产品适用性建议。
HJ20180908,健康养生,"活动太划算了,我又回购了两单",1,该用户想表达的含义是：直播间的促销活动性价比很高，自己因为满意产品效果已经再次购买了两份。
HJ20180908,健康养生,"103斤,高158.买几单",1,该用户想表达的含义是：我身高158厘米体重103斤，该购买多少份这个减肥产品才合适？
HJ20180908,健康养生,我1百1十斤吃几包,1,该用户想询问自己体重110斤的情况下需要购买多少份该减肥产品才能达到预期效果。
HJ20180908,健康养生,瘦肚子有吗,1,该用户是在询问直播间是否有针对瘦腹部的减肥产品或方案。
HJ20180908,健康养生,"刚开始喝了几天,减了3斤,还想再减8斤",0,该用户想表达的含义是：这款产品对我有效果，我还想继续使用以达到更好的减肥目标。
HJ20180908,健康养生,"第1单咖啡减了9斤,第2单开始喝起来",0,该用户想表达的含义是：自己购买的第一单咖啡帮助减重了9斤，现在准备继续购买第二单开始饮用以维持或进一步减肥效果。
HJ20180908,健康养生,"166高,118斤",1,该用户可能是在询问自己的身高体重情况是否适合使用直播推荐的减肥产品。
HJ20180908,健康养生,拍了拍了,0,该用户想表达自己已经下单购买了产品。
HJ20180908,健康养生,"我一米六,120斤想去10斤",0,该用户想表达自己身高160cm、体重60kg，希望通过该产品减重5kg。
HJ20180908,健康养生,我只瘦肚子,0,该用户是在询问直播推荐的产品是否有针对局部瘦身（尤其是腹部）的效果。
HJ20180908,健康养生,之前不是这款产品吧,0,该用户可能是在质疑主播更换了之前推广的产品，对当前展示的商品与记忆中的不一致感到疑惑。
HJ20180908,健康养生,怎么服用,1,该用户想询问产品的具体使用方法或服用剂量。
HJ20180908,健康养生,瘦了好看穿任何衣服都好看,0,该用户想表达的含义是：身材苗条后穿衣效果会更好，暗示对减肥产品的效果感兴趣。
HJ20180908,健康养生,长期吃优甲乐可以喝吗?,1,该用户是在询问长期服用药物（优甲乐）的情况下是否可以饮用直播间推荐的减肥咖啡产品。
HJ20180908,健康养生,"160厘米110斤,怎么弄",1,该用户想表达的含义是：询问自己身高160厘米体重110斤的情况下应该如何购买或使用该减肥产品。
HJ20180908,健康养生,我也喝瘦了,0,该用户想表达的含义是：自己通过使用该产品成功实现了减肥效果。
HJ20180908,健康养生,"我姐姐让我过来拍的,她都减了35斤了",0,该用户想表达的含义是：因为看到姐姐使用该产品效果显著，所以自己也产生了购买意愿。
HJ20180908,健康养生,我133斤直接拍了两单,0,该用户想表达的含义是：虽然我体重较重（133斤），但依然果断下单购买了两份产品。
HJ20180908,健康养生,"156,116斤拍几单?",1,该用户是在询问自己的身高体重对应的合适购买数量，希望根据其他买家的参考信息来决定下单量。
HJ20180908,健康养生,下单了加急,0,该用户想表达自己已经完成购买并希望尽快收到商品。
HJ20180908,健康养生,我140斤瘦到125也满意了[笑哭][笑哭][笑哭],0,该用户想表达的含义是：虽然自己目前的体重是140斤，但只要能减到125斤就心满意足了，并用表情符号表达了自嘲和无奈的情绪。
HJ20180908,健康养生,怎么喝?,1,该用户是在询问产品的具体饮用方法或服用方式。
HJ20180908,健康养生,"减的确实很快,一单我减了22斤",0,该用户想表达的是：这款产品减肥效果显著，自己购买后成功减掉了22斤。
HJ20180908,健康养生,我150斤,0,该用户想表达的含义是：报出自己的体重数据，询问适合的减肥产品或使用方案。
HJ20180908,健康养生,65岁能喝吗?,1,该用户是在询问这款减肥产品是否适合65岁的老年人饮用。
HJ20180908,健康养生,讲一下怎么喝?,1,该用户想询问产品的具体饮用方法和使用说明。
HJ20180908,健康养生,"拍了一单,能减几斤",1,该用户想表达的含义是：询问购买一单产品后预计能达到的减肥效果。
HJ20180908,健康养生,怎么喝,1,该用户想询问产品的具体饮用方法和使用说明。
HJ20180908,健康养生,效果蛮好的感谢红姐,0,该用户想表达的含义是：对产品效果感到满意并向主播表示感谢。
HJ20180908,健康养生,"我是特顽固体质喝完咖啡20天,减了11斤",0,该用户想表达的含义是：这款产品对顽固肥胖体质效果显著，自己使用后短期内就取得了明显的减重效果。
HJ20180908,健康养生,减肥套餐胃不好能喝吗?,1,该用户是在询问减肥套餐是否适合肠胃敏感的人群饮用，同时隐含对产品安全性和适用性的担忧。
HJ20180908,健康养生,能从新整整鼻子吗成猪鼻子了,0,该用户是在抱怨产品使用后出现了副作用，导致鼻子外形变得不美观。
HJ20180908,健康养生,"之前拍了好多其他产品都不行,就你家的让我减了20斤",1,该用户想表达的含义是：对比之前尝试的其他产品效果不佳，只有这款产品帮助自己成功减重，因此对商品效果表示高度认可和推荐。
HJ20180908,健康养生,"喝不到两单减了16斤,太好了又来回购了2单",0,该用户想表达的含义是：自己之前购买并饮用该产品后成功减重16斤，因为效果满意所以再次下单回购了两份。
HJ20180908,健康养生,我喝完一单减了18斤,0,该用户想表达的含义是：这款产品减肥效果显著，自己购买使用后成功减重了18斤。
HJ20180908,健康养生,上夜班怎么喝???,1,该用户是在询问夜班期间如何服用该减肥产品以达到最佳效果。
HJ20180908,健康养生,"刚开始喝了几天,减了3斤,还想再减8斤",0,该用户想表达的含义是：对产品效果感到满意并有意继续使用以达到进一步的减重目标。
HJ20180908,健康养生,敏敏直播间和你这个一样吗?,1,该用户可能在询问当前直播间售卖的产品与另一主播“敏敏”直播间的是否为同款，以比较价格或效果。
HJ20180908,健康养生,这女的叫啥,0,该用户可能是在询问直播中出现的女性主播或嘉宾的姓名，出于对其身份的好奇或进一步关注的目的。
HJ20180908,健康养生,一个月能下几个,1,该用户是在询问产品使用周期内能达到的减肥效果数量。
HJ20180908,健康养生,吃降压药可以喝吗,1,该用户是在询问服用降压药期间是否可以同时使用直播中推荐的减肥产品。
HJ20180908,健康养生,吃抑郁的药能喝不,1,该用户是在询问服用抗抑郁药物期间是否可以饮用直播间推荐的减肥产品。
HJ20180908,健康养生,一天喝几袋,1,该用户想询问产品的每日建议用量以评估是否适合自身需求。
HJ20180908,健康养生,"一直坚持喝5单了,已经减50来斤",0,该用户想表达的含义是：持续使用该产品后已成功减重显著，并多次回购以维持效果。
HJ20180908,健康养生,红姐说的对,0,该用户可能是在认同主播红姐关于产品效果的介绍或使用建议，表达对红姐专业性的肯定与信任。
HJ20180908,健康养生,"我之前喝过很多家产品都拉肚子,就你家的不拉肚子,我还减了26斤",0,该用户想表达的含义是：对比其他品牌后，认可该产品的安全性和减肥效果，并分享了自己的成功减重经历以佐证产品效果。
HJ20180908,健康养生,"咋吃,刚来",1,该用户想表达的含义是：询问产品的食用方法，并说明自己刚进入直播间对信息不熟悉。
HJ20180908,健康养生,haha[笑哭],0,该用户可能是在轻松调侃或附和直播间氛围，表达一种被逗乐或觉得有趣的情绪，而非直接体现购买意向。
HJ20180908,健康养生,怎么成猪鼻子了,0,该用户可能是在调侃或吐槽主播的鼻子看起来像猪鼻子，表达对主播外貌的观察或不满。
HJ20180908,健康养生,"165斤,拍了两单哈",0,该用户想表达的含义是：自己体重165斤，已经购买了两份产品并期待减肥效果。
HJ20180908,健康养生,"一直喝你家咖啡,今天太划算了,抢了4单",0,该用户想表达的含义是：作为老顾客觉得本次促销力度大，果断下单囤货。
HJ20180908,健康养生,可以喝的,0,该用户可能是在询问产品是否适合直接饮用或确认产品的食用方式。
HJ20180908,健康养生,"我减了16斤,确实好,让老公也喝了",0,该用户想表达的含义是：自己使用该产品后成功减重16斤，效果显著，因此推荐给丈夫也尝试购买。
HJ20180908,健康养生,什么情况下不能喝,1,该用户是在询问该产品在哪些特定身体状况或用药情况下存在饮用禁忌。
HJ20180908,健康养生,用不用忌口,1,该用户是在询问使用该产品时是否需要避免某些特定食物或药物。
HJ20180908,健康养生,男士能喝吗??,1,该用户是在询问产品是否适合男性饮用，可能担心性别限制或功效差异。
HJ20180908,健康养生,我也喝瘦了可以喝酒不苦,0,该用户想表达的含义是：我喝了这个产品后也瘦了，现在能不能喝酒且不会觉得苦。  （结合前文语境，用户可能在询问产品效果与饮酒的兼容性，并隐含对产品口感的认可。）
HJ20180908,健康养生,170高180斤,1,该用户想表达的含义是：询问自己身高170厘米、体重180斤的情况是否适合使用该减肥产品。
HJ20180908,健康养生,不苦的,0,该用户想表达的含义是：这款产品没有苦涩的味道，可以接受。
HJ20180908,健康养生,"我喝你们这个减肥套餐一单了,减了9斤了",0,该用户想表达的含义是：自己已经购买并使用了该减肥套餐且取得了明显的减重效果。
HJ20180908,健康养生,拿铁味道我买了,0,该用户想表达的含义是：我决定购买这款拿铁口味的产品。
HJ20180908,健康养生,一单能减几斤,1,该用户是在询问购买一单产品后预计能减掉多少体重。
HJ20180908,健康养生,敏敏多高,0,该用户可能在询问主播“敏敏”的身高，以参考其减肥效果或产品适用性。
HJ20180908,健康养生,我133斤直接拍了两单,1,该用户想表达的含义是：我体重133斤，觉得产品有效所以直接下单购买了两份。
HJ20180908,健康养生,你哪有实话??,0,该用户可能是在调侃或质疑主播之前介绍产品时的可信度，暗示主播的承诺或宣传有夸大不实之嫌。
HJ20180908,健康养生,我上夜班怎么喝????,0,该用户可能是在询问产品是否适合夜班时饮用，担心时间安排或副作用问题。
HJ20180908,健康养生,"155,116斤拍几单?",1,该用户是在询问自己的身高体重对应适合购买多少份产品以达到预期效果。
HJ20180908,健康养生,你胸前这个护身符上车,0,该用户想表达的含义是：询问主播佩戴的护身符是否包含在本次直播的售卖商品中。  （结合前文弹幕中频繁出现的购买咨询、产品效果讨论及下单动作，可推断用户对直播商品存在消费兴趣，此处通过观察主播佩戴的饰品主动寻求购买链接或商品信息。）
HJ20180908,健康养生,"什么时候发货,红姐",0,该用户是在询问主播商品的具体发货时间，表现出对购买后物流安排的关注和潜在的购买意向。
HJ20180908,健康养生,太吓人了,0,该用户可能是被直播中提到的减肥效果或产品使用体验的夸张程度震惊到了。
HJ20180908,健康养生,"165斤,拍了两单哈",0,该用户想表达自己体重165斤，已经下单购买了两份产品，暗示对产品的减肥效果感兴趣并采取了实际行动。
HJ20180908,健康养生,160以上的120斤以下就行[捂脸],0,该用户想表达的含义是：我身高超过160厘米且体重不到120斤，这种情况适合购买你们的产品吗？
HJ20180908,健康养生,"下单试试,我现在一百三十五",0,该用户想表达自己当前体重是135斤，打算下单尝试这款减肥产品。
HJ20180908,健康养生,敏敏多高[愉快][愉快][愉快][愉快][愉快],0,该用户是在询问主播敏敏的身高信息，可能是想参考主播的身材效果来评估减肥产品的适用性。
HJ20180908,健康养生,"我106斤,一单减了7斤,确实不错,在拍一单",0,该用户想表达自己通过使用该减肥产品已有效果（减了7斤），并决定再次购买以继续减肥。
HJ20180908,健康养生,红姐人太好了,0,该用户是在夸赞主播红姐的真诚和亲和力，暗示因为对主播的信任而产生购买意愿。
HJ20180908,健康养生,拍了什么时候发货,0,该用户想确认自己下单后商品的具体发货时间，表现出对尽快收到产品的期待和购买后的关注。
HJ20180908,健康养生,"我姐姐让我过来拍的,她都减了35斤了",0,该用户想表达的意思是：因为看到姐姐使用该产品效果显著（减重35斤），所以自己也来下单购买。
HJ20180908,健康养生,真吓人,0,该用户可能是在感叹产品效果过于惊人，或是被其他用户的减肥成果震惊到了。
HJ20180908,健康养生,我1.72米240斤,1,该用户想表达的含义是：报出自己的身高体重，询问适合购买多少份减肥产品。
HJ20180908,健康养生,喝肚子疼不,1,该用户是在询问这款产品饮用后是否会导致肠胃不适，反映出对产品安全性的顾虑和潜在购买前的犹豫。
HJ20180908,健康养生,拍了拍了,0,该用户想表达的含义是：我已经下单购买了产品。  （结合前文语境，直播间讨论的多是产品效果、体重相关问题和购买行为，“拍了拍了”是典型的购物确认表达，语气轻松直接，符合当前弹幕互动氛围。）
HJ20180908,健康养生,今天不吃东西吗,0,该用户可能在询问主播是否推荐了某种减肥产品或饮食方案，暗示自己对该产品有兴趣但不确定是否适合当前状态。
HJ20180908,健康养生,"和鬼一样,真吓人",0,该用户是在吐槽直播中的某些画面或表现过于惊悚，让人感到不适。
HJ20180908,健康养生,我第二单马上喝完.减掉24斤,0,该用户想表达的含义是：我已经回购了这款产品并且效果显著，成功减重24斤。
HJ20180908,健康养生,效果很好,0,该用户想表达的含义是：产品使用后的实际效果令人满意。
HJ20180908,健康养生,"马上喝完一单了,真没想到减了10斤,又拍了2单",0,该用户想表达的含义是：自己已经快喝完第一单产品并成功减重10斤，对效果感到满意所以又回购了两单。
HJ20180908,健康养生,8盒能减多少斤,1,该用户是在询问购买8盒产品预计能达到的减肥效果。
HJ20180908,健康养生,我们想买,1,该用户表达的是对直播产品的购买意向，暗示自己和同伴被产品效果吸引想要下单。
HJ20180908,健康养生,137斤.高155拍几单,1,该用户想询问以自己155cm的身高和137斤的体重，需要购买多少单产品才能达到预期减肥效果。
HJ20180908,健康养生,这样好看吗?,0,该用户可能是在询问产品效果或外观是否适合自己，隐含潜在的购买意向。
HJ20180908,健康养生,太瘦了,0,该用户可能是在评论直播中展示的产品效果过于极端或模特体型不自然，表达对产品真实性的怀疑或对审美标准的不认同。
HJ20180908,健康养生,怎么吃啊,1,该用户可能是在询问产品的具体食用方法或使用方式，以确认是否符合自己的需求或习惯。
HJ20180908,健康养生,我165130斤就行[笑哭],0,该用户想表达的含义是：询问自己身高165厘米、体重130斤的情况下应该购买多少产品才合适。
HJ20180908,健康养生,"我减了16斤,确实好,让老公也喝了",0,该用户想表达的含义是：自己使用产品后成功减重16斤，认可产品效果，并打算推荐给家人继续购买使用。
HJ20180908,健康养生,我也瘦了[你好呀],0,该用户想表达的含义是：我也成功减肥了，过来分享喜悦并认同产品效果。
HJ20180908,健康养生,太瘦了不好看,0,该用户认为直播中展示的身材过于消瘦，不符合自己的审美标准或健康预期。
HJ20180908,健康养生,我刚出月子喝了一单减了14斤,0,该用户想表达的含义是：自己产后通过使用该产品成功减重，对效果感到满意并暗示产品有效。
HJ20180908,健康养生,哺乳期能不能喝,1,该用户是在询问产品是否适合哺乳期女性使用，隐含对产品安全性和适用性的关注。
HJ20180908,健康养生,"我出月子就开始喝了,2单减了17斤",0,该用户想表达的含义是：这款产品在产后使用效果显著，自己购买后成功减重并打算继续回购。
HJ20180908,健康养生,这肚子吓人,0,该用户可能是在惊叹产品显著的减肥效果，认为展示的瘦身效果令人惊讶甚至难以置信。
HJ20180908,健康养生,"五爷牌,几百块钱",0,该用户可能是想询问或确认“五爷牌”产品的价格区间，表达了对该品牌的关注和潜在的购买兴趣。
HJ20180908,健康养生,男的能吃吗,1,该用户可能是想询问这款减肥产品是否适合男性服用。
HJ20180908,健康养生,"我减了13斤,肚子明显小了好多",0,该用户想表达的含义是：通过使用该产品成功减肥，效果显著，暗示对产品的认可和推荐。
HJ20180908,健康养生,"喝咖啡减了14斤,很满意",0,该用户想表达的含义是：通过饮用这款咖啡成功减重14斤，对产品效果感到非常满意并间接推荐给他人。
HJ20180908,健康养生,"我喝咖啡减12斤了,又回购了",0,该用户想表达的含义是：通过饮用这款咖啡成功减重12斤后，因效果满意而再次下单购买。
HJ20180908,健康养生,他吸的肚子不难受吗,0,该用户可能是在质疑主播展示的瘦身效果过于夸张或不自然，觉得为了显瘦而刻意吸腹的行为看起来不太舒服。
HJ20180908,健康养生,上夜班怎么喝????,1,该用户可能是在询问夜班期间如何合理饮用直播中推荐的减肥产品。
HJ20180908,健康养生,"我老公减了14斤,肚子明显小了好多",0,该用户想表达的含义是：分享家人使用产品后的显著效果，暗示对产品的认可和潜在购买意向。
HJ20180908,健康养生,怎么个,0,该用户可能是在询问产品的具体使用方式或效果细节，比如“这个产品是怎么起作用的”或“具体该怎么服用”。
HJ20180908,健康养生,我买的狐仙,0,该用户想表达的含义是：我之前购买过这款狐仙产品。  （结合前文弹幕内容，直播间可能在讨论减肥或瘦身产品，用户通过提及购买行为间接表达对产品的认可或参与讨论的意愿。）
HJ20180908,健康养生,"减的确实很快,一单我减了22斤",0,该用户想表达的是：自己通过购买产品成功减重了22斤，效果非常明显。
HJ20180908,健康养生,"红姐我喝你家减肥咖啡都减了15斤了,今天再来拍一单",0,该用户想表达的含义是：对产品的减肥效果非常满意并打算再次购买。
HJ20180908,健康养生,什么情况下不能喝,1,该用户想询问这款减肥咖啡的禁忌人群或不适饮用的情况。
HJ20180908,健康养生,怎么喝呀?我买完了,1,该用户想表达的含义是：询问产品使用方法并表明自己已经下单购买。
HJ20180908,健康养生,170斤,0,该用户可能是在询问自己的体重（170斤）是否适合使用直播中推荐的减肥产品。
HJ20180908,健康养生,怎么喝,1,该用户想询问产品的具体饮用方法或使用方式。
HJ20180908,健康养生,太吓人瘦的,0,该用户想表达的含义是：瘦身效果过于惊人，让人感到不可思议。
HJ20180908,健康养生,"118斤160,拍几单?红姐",1,该用户是在询问自己体重118斤、身高160cm的情况下需要购买多少份（几单）该减肥产品才能达到理想的瘦身效果，并点名向主播“红姐”寻求建议。
HJ20180908,健康养生,我喝了3单减了36斤今天又来回购两单,0,该用户想表达的含义是：自己之前购买并服用了该产品后成功减重36斤，出于对效果的认可再次下单回购。
HJ20180908,健康养生,128斤156拍几单,1,该用户想表达的含义是：自己体重128斤、身高156厘米，询问应该购买多少份产品才能达到理想的减肥效果。
HJ20180908,健康养生,咋喝说说,1,该用户想询问产品的具体饮用方法和注意事项。
HJ20180908,健康养生,"我106斤,一单减了7斤,确实不错,在拍一单",1,该用户想表达的含义是：自己使用该产品后减重效果明显（从106斤减到99斤），因此决定再次下单购买。
HJ20180908,健康养生,165米145斤,1,该用户想表达的含义是：我的身高是165厘米，体重是145斤，请问需要购买几单产品才能达到理想的减肥效果？
HJ20180908,健康养生,"妹妹推荐我来的,她瘦了16斤",0,该用户想表达的含义是：因为看到亲友使用这款产品效果显著，所以自己也想来尝试购买。
HJ20180908,健康养生,"大男孩,一米八,160斤拍几单",1,该用户是在询问自己身高1米8、体重160斤的情况下需要购买多少份（几单）该减肥产品才能达到预期效果。
HJ20180908,健康养生,140斤1米6.5,1,该用户想表达的含义是：报出自己的身高体重数据，询问适合购买多少份产品以达到减肥效果。
HJ20180908,健康养生,"喝咖啡一单减了15斤了,确实好",0,该用户想表达的含义是：使用这款减肥咖啡后成功减重15斤，效果显著，因此对产品表示认可和满意。
HJ20180908,健康养生,"红姐我还有两天就喝完了,今天又拍了一单两天能到吗?接不上喝行吗",0,该用户担心新购买的减肥咖啡无法及时到货，导致饮用中断影响效果，询问物流时效以确保连续使用。
HJ20180908,健康养生,价变了,0,该用户可能是在询问或提醒直播间的商品价格是否有变动。
HJ20180908,健康养生,99能瘦几斤,1,该用户是在询问购买该减肥产品后以99元的价格能减掉多少体重，表现出对产品效果和性价比的关注。
HJ20180908,健康养生,1米五102斤拍几单,1,该用户想询问自己身高1米5、体重102斤的情况下需要购买多少份产品才能达到理想的减肥效果。
HJ20180908,健康养生,罗圈腿,0,该用户可能是在询问自己的体型（罗圈腿）是否适合使用该减肥产品。
HJ20180908,健康养生,一单吃多少天,1,该用户是在询问购买的产品（可能是减肥饮品）的使用周期，即一单产品能够维持多少天的用量。
HJ20180908,健康养生,"我减了16斤,确实好,让老公也喝了",0,该用户想表达的含义是：自己通过使用该产品成功减重16斤，认可其效果，并打算推荐给丈夫尝试。
HJ20180908,健康养生,"拍了一单,能减几斤",1,该用户想表达的含义是：已经下单购买了产品，想知道使用后大概能减掉多少体重。
HJ20180908,健康养生,160120斤一单够吗,1,该用户是在询问自己身高160厘米、体重120斤的情况下，购买一单产品是否足够达到预期减肥效果。
HJ20180908,健康养生,162一180斤拍几单,1,该用户是在询问自己体重162到180斤的情况下应该购买多少份产品才能达到理想的减肥效果。
HJ20180908,健康养生,好用吗,1,该用户想询问产品的实际使用效果是否如其他买家所描述的那样显著。
HJ20180908,健康养生,"130斤,一米六零",1,该用户是在询问自己130斤体重、160厘米身高的情况下需要购买多少产品才能达到减肥效果。
HJ20180908,健康养生,"我喝1单,瘦了10斤",0,该用户想表达的含义是：购买并使用该产品后，自己成功减重了10斤，对效果感到满意。
HJ20180908,健康养生,大风一吹就倒了[笑哭],0,该用户可能是在调侃产品效果不持久或不可靠，暗示“瘦身效果被轻易推翻”。
HJ20180908,健康养生,o▅▅▅▅▅▅▅▅▅▅▅▅▅▅▆▇▇◤,0,该用户可能是在用抽象符号（长条状图形）夸张地表达自己服用产品后身材变得非常苗条（如“瘦成一道闪电”或“身材线条变得极度纤细”），以此暗示产品显著的减肥效果。
HJ20180908,健康养生,1.64米130斤几单,1,该用户想表达的含义是：询问自己身高1.64米体重130斤的情况需要购买多少单产品才能达到预期效果。
HJ20180908,健康养生,像个骷髅是的,0,该用户想表达的含义是：形容主播或产品使用者身材过于消瘦，看起来像骷髅一样。
HJ20180908,健康养生,"红姐我姐姐喝你家咖啡减了39斤,我今天也过来拍了",0,该用户想表达的含义是：看到亲友使用产品效果显著，自己也出于信任跟风下单购买。
HJ20180908,健康养生,140斤,1,该用户可能是在询问自己的体重（140斤）适合购买多少单产品才能达到理想的减肥效果。
HJ20180908,健康养生,"我102斤也减了6斤,很满意",0,该用户想表达的含义是：自己通过使用产品成功减重，对效果感到满意并间接推荐。
HJ20180908,健康养生,1米五102斤,1,该用户是在询问以自己身高1米5、体重102斤的情况需要购买多少产品才能达到预期效果。
HJ20180908,健康养生,用多少毫升水冲,1,该用户是在询问冲泡该减肥产品时的具体用水量，可能是担心水量会影响效果或口感。
HJ20180908,健康养生,"大男孩,一米八160斤几单",1,该用户是在询问身高一米八、体重160斤的男性需要购买多少单产品才能达到预期效果。
HJ20180908,健康养生,150高100斤能减吗?,1,该用户想询问自己身高150cm体重100斤的情况是否适合购买该减肥产品，以及预期的减肥效果如何。
HJ20180908,健康养生,"我之前喝过很多家产品都拉肚子,就你家的不拉肚子,我还减了26斤",0,该用户想表达的含义是：对比其他品牌后认可该产品的安全性和减肥效果，并分享自己的成功减重经历以佐证产品效果。
HJ20180908,健康养生,118斤160,1,该用户想表达的含义是：我的体重是118斤，身高160厘米，请问需要购买多少产品才能有效减肥。
HJ20180908,健康养生,"我喝了一单减了11斤,今天又来回购了",1,该用户想表达的含义是：之前购买产品后瘦身效果显著，出于对效果的认可再次下单购买。
HJ20180908,健康养生,为什么不回啊,0,该用户可能因询问产品使用效果或购买建议后未得到及时回应，感到焦急并催促主播解答疑问。
HJ20180908,健康养生,夜班怎么喝???,1,该用户可能是在询问夜班期间该如何饮用该减肥产品，担心作息不规律会影响使用效果或安全性。
HJ20180908,健康养生,身材好心情好[捂脸],0,该用户可能是以调侃或自嘲的方式表达对自己身材的满意，暗示当前状态良好无需购买减肥产品。
HJ20180908,健康养生,"太瘦了,不好看",0,该用户认为直播中展示的产品效果过于极端，对过度消瘦的体型表示不认可或担忧。
HJ20180908,健康养生,"妹妹推荐我来的,她瘦了16斤",0,该用户想表达的含义是：因为看到亲友使用产品效果显著，所以被吸引来尝试购买。
HJ20180908,健康养生,1.58米108斤,0,该用户想表达的含义是：询问以自己1.58米身高108斤的体型状况，需要购买多少单产品才能达到理想减肥效果。
HJ20180908,健康养生,一单能瘦几斤,1,该用户是在询问购买该减肥产品后，使用一个订单的量大概能达到多少减重效果。
HJ20180908,健康养生,110斤,1,该用户是在询问自己110斤的体重是否适合使用直播推荐的产品以达到减肥效果。
HJ20180908,健康养生,"165斤,拍了两单哈",1,该用户想表达的含义是：自己体重165斤，已经下单购买了两份产品。
HJ20180908,健康养生,敏敏腿是弯的,0,该用户可能在调侃或指出主播“敏敏”的腿部姿态不够直，带有玩笑或轻微挑剔的意味。
HJ20180908,健康养生,有啥副作用没?,1,该用户是在询问产品的安全性或潜在不良反应，担心使用后可能对身体造成负面影响。
HJ20180908,健康养生,减肥有忌口的吗,1,该用户是在询问该减肥产品是否有饮食禁忌或需要注意的食用限制。
HJ20180908,健康养生,能相信你吗?红姐,0,该用户可能是在对主播的减肥产品效果产生信任疑虑，试探性询问主播的可信度。
HJ20180908,健康养生,210斤男士拍几单,1,该用户是在询问自己210斤的体重需要购买多少份产品才能达到预期减肥效果。
HJ20180908,健康养生,咖啡用热水冲吗?,1,该用户是在询问产品（减肥咖啡）的具体冲泡方式，以确认使用方法是否会影响减肥效果。
HJ20180908,健康养生,"晚上不吃饭,减肥的中午能吃吗",1,该用户是在询问减肥产品是否适合在午餐时间服用，同时暗示自己为了减肥正在节食（晚上不吃饭）。
HJ20180908,健康养生,136斤,1,该用户是在询问自己体重136斤的情况下使用该产品能达到怎样的减肥效果。
HJ20180908,健康养生,太瘦了各疼,0,该用户想表达的含义是：模特身材过于消瘦，看起来不够健康美观。
HJ20180908,健康养生,那两条腿真是不好看,0,该用户可能在吐槽直播中展示的某款产品效果不理想，认为使用后腿部线条不够美观。
HJ20180908,健康养生,"我喝咖啡减了9斤,刚刚又拍了两单,加急发货",0,该用户想表达的含义是：自己通过喝这款咖啡成功减重，出于对产品效果的认可再次下单并希望尽快收货。
HJ20180908,健康养生,"我老公减了14斤,肚子明显小了好多",0,该用户想表达的含义是：这款产品确实有效果，家人使用后体重明显下降且体型有了改善。
HJ20180908,健康养生,"156,116斤拍几单",1,该用户是在询问自己身高156厘米、体重116斤的情况下应该购买多少份产品才能达到理想的减肥效果。
HJ20180908,健康养生,哺乳期能喝吗,1,该用户是在询问产品是否适合哺乳期女性使用，担心可能对婴儿有影响。
HJ20180908,健康养生,男士能吃吗?,1,该用户想询问这款减肥产品是否适合男性使用。
HJ20180908,健康养生,1.55140斤,1,该用户想表达的含义是：身高1米55，体重140斤，询问应该购买多少产品才能有效减肥。
HJ20180908,健康养生,155.114斤,1,该用户是在询问自己的身高体重（155cm/114斤）对应的产品购买建议或使用效果。
HJ20180908,健康养生,回购了加急,0,该用户想表达自己已经再次下单购买该减肥产品，并要求尽快发货。
HJ20180908,健康养生,大男孩一米八160斤拍几单,1,该用户是在询问身高一米八、体重160斤的成年男性应该购买多少份该减肥产品。
HJ20180908,健康养生,118斤,1,该用户是在询问自己体重118斤应该购买多少份产品。
HJ20180908,健康养生,"140斤1.米6,5",1,该用户想表达的含义是：我身高1米6，体重140斤，请问应该购买多少份产品？
HJ20180908,健康养生,"一米五,180斤.能喝吧?我是五一百八十斤",1,该用户是在询问自己的身高体重是否符合产品适用标准，并隐含表达购买意向。
HJ20180908,健康养生,一单能减几斤,1,该用户是在询问购买一单产品能帮助减掉多少体重。
HJ20180908,健康养生,170高180斤,1,该用户想表达的含义是：询问自己身高170厘米、体重180斤的情况是否适合购买该减肥产品。
HJ20180908,健康养生,125斤身高160,1,该用户想表达的含义是：询问自己体重125斤、身高160厘米的情况应该购买多少产品。
HJ20180908,健康养生,107斤163,1,该用户想表达自己的体重是107斤、身高163厘米，询问需要购买多少产品以达到减肥效果。
HJ20180908,健康养生,一米六二148斤,1,该用户想表达的含义是：报出自己的身高体重，询问适合购买多少产品以达到减肥效果。
HJ20180908,健康养生,"你家咖啡搭配喝减的真的很快,我减了28斤",0,该用户想表达的含义是：这款咖啡的减重效果很明显，自己通过饮用成功减掉了28斤。
HJ20180908,健康养生,"来个拍过的,说说",0,该用户希望之前购买过产品的观众分享一下使用效果和体验。
HJ20180908,健康养生,我1百1十斤买了一单,0,该用户想表达的含义是：我体重110斤，已经下单购买了这款产品。
HJ20180908,健康养生,"马上喝完第二单,减了23斤",0,该用户想表达自己通过持续饮用该产品取得了显著减肥效果（减重23斤），并因此决定再次购买以巩固或进一步提升效果。
HJ20180908,健康养生,我拍了2单给我加急发货,0,该用户想表达自己已经下单购买了两份产品，并希望商家能优先处理自己的订单尽快发货。  （结合前文语境，直播间主题为减肥产品，弹幕多为消费者分享体重、身高、购买数量及减重效果，因此该用户是在确认购买后，基于其他用户提到的“回购加急”等催促发货的诉求，表达类似的急切需求。）
HJ20180908,健康养生,160/120几单,1,该用户想表达的含义是：身高160厘米体重120斤的体型应该购买多少单产品。
HJ20180908,健康养生,1.62米126,1,该用户想表达的含义是：我的身高是1.62米，体重126斤，请问需要购买多少单产品？
HJ20180908,健康养生,"我是刚生完孩子小肚子大,喝完两单肚子小了好多",0,该用户想表达的含义是：作为产后妈妈，自己购买并饮用该产品后明显改善了腹部肥胖问题，效果显著。
HJ20180908,健康养生,"红姐我姐姐喝你家咖啡减了39斤,我今天也过来拍了",0,该用户想表达的含义是：看到亲友使用该产品效果显著，自己也产生了信任并下单购买。
HJ20180908,健康养生,腿不好看,0,该用户可能是在质疑产品效果，认为使用后腿部塑形效果不明显。
HJ20180908,健康养生,"拍了一单,能减几斤",1,该用户想询问购买该产品后大概能达到多少减肥效果。
HJ20180908,健康养生,157.98斤,1,该用户是在询问自己体重157.98斤需要购买多少单产品才能达到预期减肥效果。
HJ20180908,健康养生,"我喝了一单减了11斤,今天又来回购了",1,该用户想表达的含义是：之前购买产品后成功减重11斤，对效果满意因此再次下单。
HJ20180908,健康养生,170/150买几单,1,该用户想询问自己身高170厘米、体重150斤的情况下需要购买多少单产品才能达到预期减肥效果。
HJ20180908,健康养生,160拍几单?,1,该用户想询问自己身高160厘米的情况下需要购买多少份产品才能达到理想的减肥效果。
HJ20180908,健康养生,一米五八一百三十斤拍几点[捂脸],1,该用户是在询问自己身高158厘米、体重130斤的情况下应该购买多少份产品才能达到减肥效果。
HJ20180908,健康养生,十六岁孩子能喝吗,1,该用户是在询问直播推销的减肥产品是否适合未成年人使用。
HJ20180908,健康养生,我喝了咖啡15天减了16斤,0,该用户想表达的含义是：通过使用这款咖啡产品，自己在短时间内取得了显著的减肥效果。
HJ20180908,健康养生,我家小孩子153100斤,1,该用户想表达的含义是：我的孩子身高1米53体重100斤，想咨询适合的购买方案或产品效果。
HJ20180908,健康养生,"按照你们的喝法喝减了17斤,太好了",0,该用户想表达的含义是：通过按照直播间推荐的饮用方法使用产品，自己成功减重17斤，感到非常满意和欣喜。
HJ20180908,健康养生,血糖高可以吃吗,1,该用户是在询问直播中推销的产品（可能是减肥咖啡）是否适合血糖偏高的人群食用。
HJ20180908,健康养生,158高120斤,1,该用户想表达的含义是：询问自己身高158厘米、体重120斤的情况需要购买多少产品才能有效果。
HJ20180908,健康养生,160身高127斤,1,该用户是在询问以自己160cm身高和127斤的体重情况，需要购买多少单产品才能达到减肥效果。
HJ20180908,健康养生,115斤,1,该用户是在询问自己的体重（115斤）适合购买多少单产品以达到减肥效果。
HJ20180908,健康养生,"我减下来了,现在我身边好多人都在跟着我一起喝",0,该用户想表达的含义是：自己通过使用该产品成功减肥，并带动了周围人一起购买尝试。
HJ20180908,健康养生,有饱腹感吗,1,该用户是在询问该产品是否能带来明显的饱腹感，以此判断其是否有助于控制食欲和减肥效果。
HJ20180908,健康养生,130斤拍几单,1,该用户想表达的含义是：询问自己身高体重对应的合适购买数量以获得预期减肥效果。
HJ20180908,健康养生,"165,150斤",1,该用户想表达的含义是：我的身高是165厘米，体重150斤，想咨询需要购买多少产品才能有效减重。
HJ20180908,健康养生,喝几天有效果,1,该用户是在询问产品需要持续使用多长时间才能看到明显的减肥效果。
HJ20180908,健康养生,"你家咖啡效果确实很明显,又回购了1单",0,该用户想表达的含义是：认可咖啡的减肥效果并已再次下单购买。
HJ20180908,健康养生,"相信你,拍了两单加急发货",0,该用户通过强调信任主播并主动下单的行为，表达了对产品效果的充分认可和急切想要收货的积极购买意愿。
HJ20180908,健康养生,一百斤,1,该用户想表达的含义是：询问自己当前的体重（一百斤）适合购买多少份产品。
HJ20180908,健康养生,140斤1米6.5,1,该用户想表达的含义是：询问自己身高1米6.5、体重140斤的情况应该购买多少份产品。
HJ20180908,健康养生,"敏敏身材不好看,太瘦了",0,该用户可能是在质疑主播推荐的产品效果，认为主播的身材过于消瘦不符合健康标准，从而对产品的适用性或真实性产生怀疑。
HJ20180908,健康养生,晚上喝还是早上喝?,1,该用户可能在询问产品的最佳饮用时间以优化使用效果。
HJ20180908,健康养生,我九十斤但是腰特别粗肚子大,0,该用户可能是在询问自己适合购买哪种产品来改善腰腹肥胖的问题。
HJ20180908,健康养生,1.6130斤,1,该用户想表达的是自己的身高体重数据（1米61，130斤），可能是为了咨询适合的购买量或产品效果。
HJ20180908,健康养生,130斤160厘米,1,该用户想表达的含义是：询问自己身高160厘米、体重130斤的情况适合购买多少产品。
HJ20180908,健康养生,"我喝咖啡套餐减了22斤,现在男朋友也跟我一起喝",0,该用户想表达的含义是：这款咖啡套餐的减肥效果显著，不仅自己成功减重，还带动了身边人一起使用。
HJ20180908,健康养生,我120斤拍几单,1,该用户想表达的含义是：询问以自己120斤的体重需要购买多少份产品才能达到理想效果。
HJ20180908,健康养生,"一米五,180斤,拍几单?",1,该用户想表达的含义是：询问根据自己一米五身高和180斤体重的情况，应该购买多少份产品才能达到理想效果。
HJ20180908,健康养生,"164,118斤",1,该用户是在询问以自己164cm身高和118斤体重的情况，需要购买多少份产品才能达到理想的减重效果。
HJ20180908,健康养生,一盒喝几天,1,该用户是在询问产品的使用周期，想了解一盒产品能维持多少天的用量。
HJ20180908,健康养生,大男孩一米八160拍几单,1,该用户想表达的含义是：身高一米八、体重160斤的男性应该购买多少份产品。
HJ20180908,健康养生,"我是特顽固体质喝完咖啡20天,减了11斤",0,该用户想表达的含义是：这款咖啡对顽固肥胖体质效果显著，自己饮用后短期内减重明显。
HJ20180908,健康养生,"这个套餐瘦的确实快,我都减了27斤了,在拍两单",0,该用户想表达的含义是：自己使用该套餐后减重效果显著，打算再次购买以继续维持或增强效果。
HJ20180908,健康养生,99发几盒,1,该用户想询问“99元的价格对应的是多少盒产品”。
HJ20180908,健康养生,一单喝多久,1,该用户想询问购买一单产品能够饮用多长时间。
HJ20180908,健康养生,164142斤,1,该用户想表达的是自己的身高体重数据（164厘米，142斤），以此询问主播自己适合购买多少产品。
HJ20180908,健康养生,红姐多高,0,该用户可能在询问主播的身高以参考减肥效果或产品适用性。
HJ20180908,健康养生,没有副作用吧,1,该用户是在询问产品的安全性，担心使用后可能对身体产生不良影响。
HJ20180908,健康养生,用长年喝吗?,1,该用户是在询问该产品是否适合长期饮用。
HJ20180908,健康养生,会拉肚子吗,1,该用户是在询问该产品是否可能引起腹泻等肠胃不适的副作用。
HJ20180908,健康养生,大姨妈期间能喝吗?,1,该用户是在询问该产品是否适合生理期饮用，可能担心经期饮用会影响健康或效果。
HJ20180908,健康养生,166116拍了一单,0,该用户想表达的含义是：我身高166厘米、体重116斤，已经下单购买了产品。
HJ20180908,健康养生,"回购2单,已经减了8斤",0,该用户想表达的含义是：已经购买过该产品且效果显著，现在再次下单以继续使用。
HJ20180908,健康养生,喝完能睡着吗,1,该用户可能是在询问该产品（可能是助眠类咖啡或减肥咖啡）是否具有帮助入睡的效果。
HJ20180908,健康养生,一单喝几天,1,该用户想询问购买一单产品能够满足几天的饮用需求。
HJ20180908,健康养生,回购了两单加急发货,0,该用户想表达的含义是：因为对产品效果满意而再次购买并希望尽快收到货。
HJ20180908,健康养生,"我1米56,168斤,2单行吗",1,该用户想询问以自己的身高体重情况，购买两单产品是否合适。
HJ20180908,健康养生,一单喝多少天,1,该用户是在询问购买一份产品后能够使用多长时间。
HJ20180908,健康养生,"你家咖啡搭配喝减的真的很快,我减了28斤",0,该用户想表达的含义是：这款咖啡的减肥效果非常显著，自己通过搭配饮用已经成功减重28斤。
HJ20180908,健康养生,"拍了两单,加急发货",0,该用户已下单购买两份产品，并希望商家尽快安排发货。
HJ20180908,健康养生,"我一米五,一百三十八斤",1,该用户是在询问自己的身高体重是否适合购买直播间推荐的减肥产品。
HJ20180908,健康养生,"我喝两单减了18斤,减的很满意",1,该用户想表达的含义是：通过购买并使用该产品，自己成功减重且效果令人满意。
HJ20180908,健康养生,"我喝了20天,减了16斤,今天又回购了2单",1,该用户想表达的含义是：通过亲身体验证实产品减肥效果显著，出于满意和信任再次下单购买。
HJ20180908,健康养生,"155斤,1.65米,几盒",1,该用户想表达的含义是：询问以自己155斤体重和1.65米身高的情况，需要购买多少盒产品才能达到预期效果。
HJ20180908,健康养生,收到了希望能掉下来,0,该用户想表达的含义是：希望自己购买的产品能有效帮助体重下降。
HJ20180908,健康养生,罗圈腿,0,该用户可能是在询问自己的体型（罗圈腿）是否适合使用该减肥产品。
HJ20180908,健康养生,"红姐,你怎么之前卖的不是这样的",0,该用户可能是在质疑主播之前售卖的产品与当前展示的版本存在差异，暗示对产品一致性或升级改版的困惑。
HJ20180908,健康养生,主播用长年喝吗?,1,该用户是在询问产品是否可以长期饮用而不影响健康。
HJ20180908,健康养生,"拍了一单,能减几斤",1,该用户想表达的含义是：已经下单购买了产品，想知道使用后大概能减掉多少体重。
HJ20180908,健康养生,"我喝了一单减了11斤,今天又来回购了",0,该用户想表达的含义是：之前购买的产品效果显著（减重11斤），因此再次下单以继续使用。
HJ20180908,健康养生,168/138,1,该用户想表达的含义是：我的身高是168厘米，体重是138斤，请问需要购买多少单产品才能达到减肥效果？
HJ20180908,健康养生,"我瘦了24斤,推荐给好姐妹了",0,该用户想表达的含义是：自己使用产品后效果显著并主动向亲友推荐。
HJ20180908,健康养生,能节食就不会胖啦,0,该用户是在用调侃的语气暗示当前推销的减肥产品效果存疑，认为如果单纯靠节食就能减肥的话就不需要购买这款产品了。
HJ20180908,健康养生,我喝完一单减了18斤,0,该用户想表达的含义是：通过购买并饮用该产品，自己成功减重了18斤，对效果感到满意。
HJ20180908,健康养生,拍了加急发货,0,该用户想表达自己已下单并希望尽快收到商品。
HJ20180908,健康养生,一天怎么吃?,1,该用户想表达的含义是：询问产品每日的食用量或服用方法。
HJ20180908,健康养生,"165斤,拍了两单哈",0,该用户想表达的含义是：自己体重165斤，已经下单购买了两份产品，期待能达到和其他用户类似的减肥效果。
HJ20180908,健康养生,怎么喝,1,该用户想询问产品的具体饮用方法或剂量，可能是担心效果或想参考其他人的使用方式。
HJ20180908,健康养生,"一米六八,一百三十七斤",1,该用户是在询问以自己身高168cm、体重137斤的体型状况，需要购买多少产品才能达到理想的减重效果。
HJ20180908,健康养生,糖高能喝吗,1,该用户是在询问这款产品是否适合高血糖人群饮用。
HJ20180908,健康养生,"拍了一单,说一下吃法",1,该用户想表达的含义是：我已经下单购买了产品，想了解具体的食用方法以便正确使用。
HJ20180908,健康养生,拍了加急,0,该用户想表达的含义是：我已经下单并选择了加急配送服务。
HJ20180908,健康养生,159:140,1,该用户可能是在用身高和体重数据询问适合自己的产品用量或效果。
HJ20180908,健康养生,"可以广喝咖啡吗,不吃芦荟",1,该用户可能是在询问产品是否适合日常频繁饮用，同时确认不含芦荟成分。
HJ20180908,健康养生,"你家咖啡效果确实很明显,又回购了1单",0,该用户想表达的含义是：对产品效果满意并已再次下单购买。
HJ20180908,健康养生,抑制食欲不,1,该用户可能在询问产品是否具有抑制食欲的效果。
HJ20180908,健康养生,我喝完一单减了7斤多,0,该用户想表达的含义是：这款产品减肥效果显著，自己购买使用后体重明显下降了。
HJ20180908,健康养生,166116拍一单试试,0,该用户想表达的含义是：我身高166厘米体重116斤，打算下单尝试一下这款产品。
HJ20180908,健康养生,"产后胖,好减吗?",1,该用户想表达的含义是：询问该减肥产品对产后肥胖是否有效。
HJ20180908,健康养生,"158,122斤要减多少",1,该用户想表达的含义是：询问以自己158cm的身高和122斤的体重，需要减掉多少斤才能达到理想效果。
HJ20180908,健康养生,"178高,160斤",1,该用户是在询问自己的身高体重情况是否适合使用直播中推荐的产品。
HJ20180908,健康养生,"我也是老顾客,买了好多单真的很好",0,该用户想表达的含义是：作为多次回购的忠实客户，我对产品效果非常满意并持续支持。
HJ20180908,健康养生,哺乳期能喝吗,1,该用户是在询问产品是否适合哺乳期女性使用，可能担心成分对母乳喂养有影响。
HJ20180908,健康养生,"之前的那种没有了吗,这是新款的?",1,该用户可能在询问之前售卖的老款产品是否已经下架，并确认当前展示的是否为新品。
HJ20180908,健康养生,一直在喝你咖啡,0,该用户想表达的含义是：我是你们咖啡产品的长期消费者（暗示有回购意愿）。
HJ20180908,健康养生,130斤拍多少?,1,该用户是在询问自己体重130斤应该购买多少份量的产品。
HJ20180908,健康养生,十六岁孩子能喝吗小姐姐,1,该用户是在询问这款产品是否适合十六岁的未成年人饮用。
HJ20180908,健康养生,晚上饭前吃饭后吃[玫瑰][玫瑰],1,该用户想询问产品适合在晚餐前还是晚餐后服用以达到最佳效果。
HJ20180908,健康养生,一米58110斤,1,该用户想表达的含义是：身高一米五八，体重110斤，询问适合购买哪种产品。
HJ20180908,健康养生,"马上第二单喝完,减了31斤",1,该用户想表达的含义是：已经回购并喝完一单产品后成功减重31斤，暗示产品效果显著并可能激发他人购买兴趣。
HJ20180908,健康养生,120斤拍几单,1,该用户想询问自己体重120斤的情况下应该购买多少份产品才能达到理想的减肥效果。
HJ20180908,健康养生,高血压能喝吗?,1,该用户是在询问产品是否适合高血压人群饮用，以评估自身购买可行性。
HJ20180908,健康养生,红姐脖子里带的啥,0,该用户是在询问主播佩戴的饰品信息，可能对同款商品产生了购买兴趣。
HJ20180908,健康养生,"你家减肥套餐确实好,我都减了31斤了,介绍了好多朋友过来拍了",0,该用户想表达的含义是：自己使用该减肥产品效果显著并主动推荐给他人，以此表达对产品的认可和推广意愿。
HJ20180908,健康养生,这是升级了,0,该用户可能是在询问主播展示的产品是否为之前款式的升级版本，表达了对产品更新情况的关注和兴趣。
HJ20180908,健康养生,"妹妹推荐我来的,她瘦了16斤",0,该用户想表达的含义是：因为看到亲友使用产品后效果显著，所以前来了解并可能购买。
HJ20180908,健康养生,敏敏有100两不,0,该用户可能在询问主播“敏敏”是否需要购买100份产品（或花费100两银子）以达到减肥效果。
HJ20180908,健康养生,我133斤直接拍了两单,0,该用户想表达的含义是：根据自身体重情况直接下单购买了产品，表现出对商品的信任和购买意愿。
HJ20180908,健康养生,1米五五一百四十斤,1,该用户是在询问自己的身高体重对应应该购买多少份产品。
HJ20180908,健康养生,"红姐,你现在瘦了还喝吗?",0,该用户是在询问主播（红姐）现在体型变瘦后是否还在继续使用该减肥产品。
HJ20180908,健康养生,"红姐我一直喝你家减肥套餐已经减了46斤,推荐好多同事过来拍了",0,该用户想表达的含义是：作为忠实顾客，自己通过使用该减肥产品取得了显著效果，并主动向周围人推荐以证明产品的有效性。
HJ20180908,健康养生,1米57.150斤,1,该用户想表达的含义是：询问以自己身高1米57、体重150斤的情况应该购买多少份产品。
HJ20180908,健康养生,1米56:142,1,该用户想表达的含义是：我的身高是1米56，体重142斤，请问应该购买多少量的产品？
HJ20180908,健康养生,"一直坚持喝5单了,已经减50来斤",0,该用户想表达的含义是：持续购买并使用该减肥产品后，已经成功减重了约50斤。
HJ20180908,健康养生,拍了加急,0,该用户想表达的含义是：我已经下单购买了商品并选择了加急配送服务。
HJ20180908,健康养生,我第二单马上喝完.减掉24斤,0,该用户想表达的含义是：我已经喝完第二单产品并成功减重24斤，效果显著。
HJ20180908,健康养生,拍两单能接着喝吗,1,该用户是在询问购买两单产品是否足够持续饮用以达到减肥效果。
HJ20180908,健康养生,"红姐我现在喝这呢,今天又拍了一单,接不上停了两天能行吗?",1,该用户想表达的含义是：自己正在使用该减肥产品，但担心因补货不及时导致断服会影响效果。
HJ20180908,健康养生,"怕一单,怎么吃",1,该用户担心购买一单产品不够使用，询问应该如何安排服用量。
HJ20180908,健康养生,我喝了3单减了36斤今天又来回购两单,0,该用户想表达的含义是：自己之前购买并饮用了该减肥产品后成功减重36斤，出于对效果的认可再次下单回购。
HJ20180908,健康养生,一天吃几次?,1,该用户想询问产品的每日建议服用次数以评估是否适合自身使用需求。
HJ20180908,健康养生,"回购2单,已经减了8斤",0,该用户想表达的含义是：自己已经购买并使用了该减肥产品两次，成功减重了8斤。
HJ20180908,健康养生,"1米53,100斤来几单",1,该用户想表达的含义是：报出自己的身高体重数据，询问适合购买多少份减肥产品。
HJ20180908,健康养生,一盒喝几天,1,该用户是在询问产品（减肥套餐）的使用周期，即一盒产品能够维持多少天的用量。
HJ20180908,健康养生,有冠心病能吃吗,1,该用户是在询问产品是否适合冠心病患者食用，隐含对产品安全性的顾虑和潜在的购买意向。
HJ20180908,健康养生,"我减下来了,现在我身边好多人都在跟着我一起喝",0,该用户想表达的含义是：这款产品帮助我成功减肥，效果显著到吸引了身边不少人效仿购买。
HJ20180908,健康养生,黑头发最好看,0,该用户可能是在暗示自己目前的发色（如染发后）不如黑色自然好看，从而间接表达对直播产品的使用效果或自身形象改善的认可或期待。
HJ20180908,健康养生,一单能喝多少天呢主播???,1,该用户是在询问产品的使用周期，想了解购买一单能够满足多长时间的饮用需求。
HJ20180908,健康养生,"喝了减肥套餐2单了,减了18斤",0,该用户想表达自己通过购买并饮用该减肥套餐取得了显著效果（已购买两次并成功减重18斤），意在分享成功经验并可能暗示会继续回购。
HJ20180908,健康养生,一米八160斤拍几单,1,该用户想表达的含义是：我身高一米八体重160斤，应该购买多少份这个减肥产品才合适。
HJ20180908,健康养生,一米六五137斤拍几单,1,该用户是在询问以自己165cm身高、137斤的体型需要购买多少份减肥套餐才能达到理想效果。
HJ20180908,健康养生,"活动太划算了,我又回购了两单",0,该用户被直播间的促销活动吸引，基于对产品效果（如减肥）的认可而再次下单，表达出对优惠力度和产品复购价值的满意。
HJ20180908,健康养生,回购了五单加急,0,该用户想表达的含义是：因为对产品效果满意且需求迫切，所以再次购买了五份并选择了加急配送。
HJ20180908,健康养生,"我拍了两单,我是来回购的",0,该用户想表达的含义是：自己已经购买过该产品并感到满意，现在再次下单以继续使用。
HJ20180908,健康养生,"一直喝你家咖啡,今天太划算了,抢了4单",0,"该用户想表达的含义是：作为老顾客对本次促销活动非常满意，趁优惠一次性囤了较多货。  （解析：结合前文高频出现的""回购""""拍单""""划算""等关键词，可见直播间正在推广咖啡类产品的限时活动，且弹幕中大量用户提及以""单""为单位的多份购买行为，目标用户通过""一直喝""表明品牌忠诚度，""划算""""抢4单""则凸显其抓住促销机会的消费动机，整体符合直播间集中讨论折扣囤货的语境。）"
HJ20180908,健康养生,"我拍了1单,能减几斤啊",1,该用户是在询问购买一单产品后预计能达到的减肥效果。
HJ20180908,健康养生,高血压能喝不?,1,该用户是在询问产品是否适合高血压患者饮用，隐含对产品安全性的顾虑和潜在的购买意向。
HJ20180908,健康养生,"你家咖啡搭配喝减的真的很快,我减了28斤",0,该用户想表达的含义是：这款咖啡的减肥效果非常明显，自己通过搭配饮用已经成功减重28斤。
HJ20180908,健康养生,我喝了3单减了36斤今天又来回购两单,0,该用户想表达的含义是：通过多次购买该产品并成功减重后，出于对效果的认可再次下单回购。
HJ20180908,健康养生,我也瘦了,0,该用户想表达的含义是：我通过使用这款产品成功减重了。
HJ20180908,健康养生,拉肚子吗,1,该用户可能在询问产品是否会引起腹泻等肠胃不适的副作用。
HJ20180908,健康养生,我一直买红姐的,0,该用户想表达的含义是：我是红姐的老顾客，经常购买她的产品。
HJ20180908,健康养生,发几盒,1,该用户想表达的含义是：询问主播应该购买多少盒产品。
HJ20180908,健康养生,你家的不拉肚子我还减了22斤,0,该用户想表达的含义是：使用你家的产品后不仅没有不良反应，还成功减重了22斤。
HJ20180908,健康养生,"我是特顽固体质喝完咖啡20天,减了11斤",0,该用户想表达的含义是：这款咖啡对难以减肥的特顽固体质也有效，自己使用后取得了显著的减重效果。
HJ20180908,健康养生,"拍了一单,加急发货",0,该用户想表达的含义是：我已经下单购买了产品，希望能尽快收到货。
HJ20180908,健康养生,买了怎么吃,1,该用户可能在询问购买后产品的具体食用方法或使用建议。
HJ20180908,健康养生,"我老公减了14斤,肚子明显小了好多",0,该用户想表达的含义是：使用产品后家人减肥效果显著，暗示对产品的认可和潜在购买意向。
HJ20180908,健康养生,怎么喝,1,该用户想询问产品的具体饮用方法或使用方式。
HJ20180908,健康养生,刚开始吃没见什么效果?,1,该用户可能是在询问产品见效时间，担心自己使用后尚未达到预期效果。
HJ20180908,健康养生,"喝了一单,减快9斤,很满意",0,该用户想表达的含义是：购买并饮用了这款产品后，成功减重近9斤，对效果感到非常满意。
HJ20180908,健康养生,牌子在哪买的,1,该用户想询问商品的购买渠道或品牌来源，可能是对产品产生了兴趣并考虑购买。
HJ20180908,健康养生,拍了拍了,0,该用户想表达的含义是：我已经下单购买了产品。
HJ20180908,健康养生,"6个月母乳不够,忌了,吃奶粉了,开始减肥了,希望有效果奥",0,该用户想表达的含义是：由于母乳不足已转为奶粉喂养，现在开始尝试通过直播间的产品来辅助减肥，并期待能达到预期效果。
HJ20180908,健康养生,一盒多少条,1,该用户想询问产品包装规格，以评估购买数量和性价比。
HJ20180908,健康养生,"红姐我喝你家减肥咖啡都减了15斤了,今天再来拍一单",0,该用户想表达的含义是：通过使用该产品取得了显著效果，因此决定再次购买以继续维持或增强减肥效果。
HJ20180908,健康养生,"马上第二单喝完,减了31斤",0,该用户想表达的含义是：已经购买并喝完一单产品后成功减重31斤，打算再次下单继续使用。
HJ20180908,健康养生,"之前拍了好多其他产品都不行,就你家的让我减了20斤",1,该用户想表达的含义是：对比其他产品无效后，对你们家产品的显著效果表示认可和满意。
HJ20180908,健康养生,没见什么效果刚开始吃,0,该用户想表达的含义是：刚开始使用产品，暂时还没看到明显的效果。
HJ20180908,健康养生,这个跟我买的不一样呢,0,该用户可能是在对比自己之前购买的产品与直播中展示的版本存在差异，暗示对产品更新或不同批次的质量/效果产生疑惑。
HJ20180908,健康养生,"我老顽固性了,喝了几天真开始减了,今天又来回购一单",0,该用户想表达自己属于不易减重的体质，但使用产品后确实见效，因此再次下单购买以继续使用。
HJ20180908,健康养生,"马上喝完第二单,减了23斤",0,该用户想表达的含义是：已经回购并喝完第二单产品，成功减重23斤，对效果感到满意并可能继续支持。
HJ20180908,健康养生,已拍加急,0,该用户想表达的含义是：我已经下单并选择了加急配送服务。
HJ20180908,健康养生,我第二单马上喝完.减掉24斤,0,该用户想表达的含义是：我已经快喝完第二次购买的产品，并且成功减掉了24斤体重。
HJ20180908,健康养生,拍了加急发货,0,该用户想表达自己已下单并希望尽快收到商品。
HJ20180908,健康养生,"这个套餐瘦的确实快,我都减了27斤了,在拍两单",0,该用户想表达的含义是：这个减肥套餐效果显著，自己已经成功减重27斤，打算再次购买两单以继续使用。
HJ20180908,健康养生,能喝多久?,1,该用户是在询问产品的使用周期或一盒能维持多长时间。
HJ20180908,健康养生,"又瘦了10斤,回购了",0,该用户想表达的含义是：自己通过使用该产品成功减重10斤，因此决定再次购买以继续使用。
HJ20180908,健康养生,"157.98斤,喝多少",1,该用户想表达的含义是：询问需要饮用多少量才能达到157.98斤的减重效果。
HJ20180908,健康养生,我刚出月子喝了一单减了14斤,0,该用户想表达的含义是：产后通过使用该产品成功减重，对效果感到满意。
HJ20180908,健康养生,"喝不到两单减了16斤,太好了又来回购了2单",0,该用户想表达的含义是：自己之前购买并饮用了该产品后成功减重16斤，感到效果显著因此再次下单回购。
HJ20180908,健康养生,161.122斤呢,1,该用户想表达的含义是：报告自己目前的体重变化情况，暗示产品效果显著。
HJ20180908,健康养生,"喝咖啡一单减了15斤了,确实好",0,该用户想表达的含义是：使用这款减肥咖啡后成功减重15斤，效果显著因此决定再次购买。
HJ20180908,健康养生,我一单瘦了12斤,0,该用户想表达的含义是：使用该产品后成功减重了12斤，暗示对产品效果的认可和可能的回购意向。
HJ20180908,健康养生,"我拍了1单,能减几斤啊",1,该用户想表达的含义是：想知道购买一单产品后大概能减掉多少体重。
HJ20180908,健康养生,我喝完一单减了7斤多,0,该用户想表达的含义是：使用这款减肥产品后效果显著，已经通过购买一次成功减重7斤多。
HJ20180908,健康养生,红姐现在多少斤了,0,该用户是在询问主播使用产品后的具体减肥效果，想了解能达到的减重斤数作为购买参考。
HJ20180908,健康养生,"我是刚生完孩子小肚子大,喝完两单肚子小了好多",0,该用户想表达自己产后通过使用该产品成功瘦身，对效果感到满意并暗示产品有效。
HJ20180908,健康养生,效果很好,1,该用户想表达的含义是：这款产品的使用效果确实不错，我也感受到了明显的效果。
HJ20180908,健康养生,"我正常吃饭,一单减了12斤",0,该用户想表达的含义是：自己通过使用该产品，在保持正常饮食的情况下成功减重了12斤。
HJ20180908,健康养生,喝了会不会心慌,1,该用户担心产品可能引发心悸等不适反应，想确认饮用安全性。
HJ20180908,健康养生,"老公减了25斤,比我减得多很多",0,该用户想表达的含义是：这款产品确实有效，身边人使用后效果比我更明显。
HJ20180908,健康养生,一单能喝二十天吗美女主播我刚来,1,该用户是在询问主播购买一单产品是否足够饮用二十天，并表明自己是新进入直播间的观众。
HJ20180908,健康养生,"不到一单,我减了8斤",0,该用户想表达的含义是：使用该产品不到一个疗程就成功减重了8斤。
HJ20180908,健康养生,我瘦的慢,0,该用户可能是在对比他人快速的减肥效果后，感到自己的进度较慢，隐含对产品效果的疑虑或期待获得加速减肥的建议。
HJ20180908,健康养生,减那么多斤的人原来是多少斤的,0,该用户是想询问那些成功减重的人最初的具体体重是多少，以便对比自己的情况和预估可能的减重效果。
HJ20180908,健康养生,拉肚子吗,1,该用户可能是在询问产品是否会导致腹泻等不良反应。
HJ20180908,健康养生,哺乳期不能喝吧,1,该用户是在询问该产品是否适合哺乳期女性使用，担心可能对自身或婴儿健康有影响。
HJ20180908,健康养生,"我老顽固性了,喝了几天真开始减了,今天又来回购一单",0,该用户想表达的含义是：自己原本对产品效果持怀疑态度，但亲身试用后发现确实有效果，所以再次下单购买。
HJ20180908,健康养生,我一周瘦了6斤,0,该用户想表达的含义是：使用该产品后取得了明显的减肥效果，一周内减重显著。
HJ20180908,健康养生,"178高,160斤怎么拍",1,该用户是在询问自己身高178厘米、体重160斤的情况下应该如何下单购买产品。
HJ20180908,健康养生,吃药能喝吗?美女,1,该用户是在询问该产品在服药期间是否可以饮用。
HJ20180908,健康养生,130斤卖多少?,1,该用户是在询问自己体重130斤的情况下应该购买多少产品才能达到理想的减肥效果。
HJ20180908,健康养生,"115斤,拍几单",1,该用户想表达的含义是：我体重115斤，应该购买多少份产品才能达到理想的减肥效果？
HJ20180908,健康养生,怎么喝,1,该用户可能在询问产品的具体饮用方法或使用剂量，想了解如何正确服用以达到减肥效果。
HJ20180908,健康养生,晚饭吃的晚可以吗,1,该用户可能是在询问产品使用的时间安排，担心晚饭时间较晚是否会影响产品的减肥效果或饮用方式。
HJ20180908,健康养生,拍了加急发货,0,该用户想表达的含义是：我已经下单并希望尽快收到货。
HJ20180908,健康养生,"红姐我喝你家减肥咖啡都减了15斤了,今天再来拍一单",0,该用户是在分享自己使用产品的显著效果并表达再次购买的意愿，以此肯定产品功效和展示忠诚度。
HJ20180908,健康养生,"马上第二单喝完,减了31斤",0,该用户想表达的含义是：已经喝完第一单产品并成功减重31斤，现在准备再次下单购买。
HJ20180908,健康养生,吃优甲乐能喝不?,1,该用户是在询问服用优甲乐（一种甲状腺药物）期间是否可以饮用直播间推销的减肥产品。
HJ20180908,健康养生,没拉肚子都可以瘦,0,该用户想表达的含义是：即使没有出现腹泻的副作用，这款产品也能有效帮助减肥。
HJ20180908,健康养生,我儿子300斤,0,该用户可能是在询问主播针对体重基数较大（300斤）的消费者，这款减肥产品该如何使用或是否有效。
HJ20180908,健康养生,我就是正常吃饭一单减了17斤,0,该用户想表达的含义是：通过正常饮食配合使用该产品，已经成功减重了17斤。
HJ20180908,健康养生,"拍了,期待效果",0,该用户已经下单购买了产品，并对使用后的效果抱有积极的期待。
HJ20180908,健康养生,168-120拍几单,1,该用户想表达的含义是：询问身高168厘米、体重120斤的情况下应该购买多少份产品。
HJ20180908,健康养生,"减肥产品收到了,怎么吃",1,该用户想表达的含义是：询问收到的减肥产品的具体服用方法。
HJ20180908,健康养生,"我喝了一单减了11斤,今天又来回购了",0,该用户想表达的含义是：之前购买这款产品后成功减重11斤，现在因效果满意再次下单购买。
HJ20180908,健康养生,不心慌蛮好喝的,1,该用户想表达的含义是：这款产品效果不错，喝起来没有不适感且口感令人满意。
HJ20180908,健康养生,"拍了一单,加急发货",0,该用户已经下单购买并希望商家尽快安排发货。
HJ20180908,健康养生,"我106斤,一单减了7斤,确实不错,在拍一单",0,该用户想表达自己通过使用该减肥产品体重从106斤减掉了7斤，对效果感到满意并决定再次下单购买。
HJ20180908,健康养生,136拍一单能瘦几斤,1,该用户是在询问自己体重136斤的情况下购买一单产品预计能减掉多少斤。
HJ20180908,健康养生,咋喝了,1,该用户想询问这款减肥产品的具体饮用方法或注意事项。
HJ20180908,健康养生,"我姐姐喝了一单,减了不到八斤",0,该用户想表达的含义是：我姐姐购买了这款产品并服用后，体重减轻了不到八斤。
HJ20180908,健康养生,咖啡是几天的量,1,该用户想询问这款减肥咖啡的包装规格或使用周期，以评估购买数量是否合适。
HJ20180908,健康养生,我下了两单,0,该用户想表达的含义是：我已经购买了两份产品，显示出对商品的信任和复购意愿。
HJ20180908,健康养生,太瘦了就不好看了,0,该用户可能是在委婉质疑产品效果，暗示过度减肥会影响美观，表达对产品安全性的顾虑。
HJ20180908,健康养生,"我喝咖啡减了9斤,刚刚又拍了两单,加急发货",0,该用户想表达自己通过饮用该减肥咖啡取得了显著效果（减重9斤），出于对产品的信任和满意而再次购买，并希望尽快收到商品以继续使用。
HJ20180908,健康养生,"咖啡热水冲,还是凉白开冲",1,该用户是在询问冲泡减肥咖啡时应该使用热水还是凉水，以确认正确的饮用方式。
HJ20180908,健康养生,"我喝咖啡套餐减了22斤,现在男朋友也跟我一起喝",0,该用户想表达的含义是：这款咖啡套餐的减肥效果显著，自己成功减重后还带动了身边的人一起购买使用。
HJ20180908,健康养生,一单能减几斤,1,该用户是在询问购买该减肥产品后，使用一个疗程大约能减掉多少体重。
HJ20180908,健康养生,128能瘦几斤,1,该用户是在询问购买价格为128元的产品后预计能达到的减肥效果。
HJ20180908,健康养生,"妹妹推荐我来的,她瘦了16斤",0,该用户想表达的含义是：因为看到亲友使用产品有效果，所以自己也对这款减肥产品产生了兴趣和信任。
HJ20180908,健康养生,刚进来,0,该用户想表达的含义是：我刚进入直播间，对这款减肥产品感兴趣，想了解相关信息。
HJ20180908,健康养生,喝完一单可要停几天在喝第二单,0,该用户想表达的含义是：虽然对产品效果满意，但出于健康考虑打算控制使用频率，不会连续饮用。
HJ20180908,健康养生,"我减了13斤,肚子明显小了好多",0,该用户想表达的含义是：这款减肥产品效果显著，自己使用后体重明显下降，体型也有改善。
HJ20180908,健康养生,简直太吓人了,0,该用户可能是被其他观众分享的显著减肥效果震惊到了，觉得瘦身效果夸张到令人难以置信。
HJ20180908,健康养生,我一单瘦了12斤,0,该用户想表达的含义是：使用该产品后自己成功减重了12斤，以此证明产品效果显著。
HJ20180908,健康养生,太吓人[捂脸],0,该用户可能是对直播中提到的减肥效果感到震惊或难以置信，用调侃的语气表达惊讶。
HJ20180908,健康养生,身高15090斤可以吃吗?,1,该用户是在询问自己身高150厘米、体重90斤的情况下是否适合服用直播推荐的减肥产品。
HJ20180908,健康养生,"一直喝你家咖啡,今天太划算了,抢了4单",0,"该用户想表达的含义是：作为老顾客觉得本次促销力度大，果断下单囤货。 （解析：结合前文弹幕中频繁出现的减肥效果讨论和下单行为，可推断直播间在销售具有减肥功效的咖啡产品。目标用户通过""一直喝""表明复购行为，""太划算""体现价格敏感性，""抢了4单""显示促销场景下的冲动消费心理，整体传递出对产品认可且积极把握优惠机会的态度。）"
HJ20180908,健康养生,1.65高148斤,0,该用户想表达的含义是：询问以自己身高1.65米、体重148斤的体型是否适合购买这款减肥咖啡。
HJ20180908,健康养生,你家的不拉肚子我还减了22斤,0,该用户想表达的含义是：使用你们的产品后不仅没有不良反应，还成功减重了22斤。
HJ20180908,健康养生,我就是正常吃饭一单减了17斤,0,该用户想表达的含义是：通过正常饮食配合产品使用，自己成功减重了17斤。
HJ20180908,健康养生,他不是在别人直播间么[笑哭],0,该用户可能是在调侃或疑惑主播为何同时出现在其他直播间，暗示对主播分身行为的关注或好奇。
HJ20180908,健康养生,吸肚子了吧,0,该用户可能是在质疑主播展示的身材效果是否通过刻意收腹来夸大产品效果。
HJ20180908,健康养生,早晨喝完咖啡直接能吃早饭吗,1,该用户可能是在询问这款减肥咖啡的使用方法，担心空腹饮用是否会影响早餐的正常进食或减肥效果。
HJ20180908,健康养生,一单快喝完了减了8斤,0,该用户想表达的含义是：喝完一单产品后成功减重8斤，暗示产品有效并可能考虑复购。
HJ20180908,健康养生,有一对一的指导吗,1,该用户可能是在询问该减肥咖啡产品是否提供个性化的使用指导服务，以帮助自己更有效地达到减重效果。
HJ20180908,健康养生,太吓人了,0,该用户想表达的含义是：对产品显著的减肥效果感到震惊和难以置信。
HJ20180908,健康养生,蛮好喝的不苦的,0,该用户想表达的含义是：这款产品的口感不错，没有想象中的苦涩感。
HJ20180908,健康养生,太瘦了,0,该用户可能是在质疑产品效果过于夸张或不符合健康标准，认为宣传的瘦身效果不切实际。
HJ20180908,健康养生,吓人呼啦,0,该用户想表达的含义是：对产品夸张的减肥效果感到震惊和难以置信。
HJ20180908,健康养生,"按照你们的喝法喝减了17斤,太好了",0,该用户想表达的含义是：通过按照直播推荐的饮用方法使用产品，自己成功减重了17斤，感到非常满意和高兴。
HJ20180908,健康养生,怪吓人,0,该用户想表达的含义是：对产品效果感到震惊或难以置信。
HJ20180908,健康养生,红姐说的对,0,该用户想表达的含义是：认同主播红姐关于产品效果的推荐或使用方法的讲解。
HJ20180908,健康养生,"面那个下去吧,太吓人了",0,该用户是在表达对直播间展示的减肥效果感到夸张或不真实，认为当前展示的内容过于离谱应当停止。
HJ20180908,健康养生,"没毛病,太瘦了也不好",0,该用户想表达的含义是：稍微胖一点也没关系，过度追求瘦身反而可能不健康。
HJ20180908,健康养生,"喝咖啡减了14斤,很满意",0,该用户想表达的含义是：通过饮用这款咖啡成功减重14斤，对效果感到非常满意。
HJ20180908,健康养生,115斤,1,该用户是在询问自己115斤的体重是否适合使用直播间推荐的产品（可能是减肥咖啡或其他瘦身产品）。
HJ20180908,健康养生,110斤,1,该用户可能是在分享或询问与体重相关的信息，暗示自己当前的体重状况以寻求产品效果参考或同类经验。
HJ20180908,健康养生,"我喝两单减了18斤,减的很满意",0,该用户想表达的含义是：通过购买并饮用该产品，自己成功减重且效果令人满意。
HJ20180908,健康养生,"拍了一单,加急发货",0,该用户已经下单购买产品，并希望商家尽快安排发货。
HJ20180908,健康养生,1.6110斤,1,该用户想表达的含义是：自己通过使用该产品从161斤减到了110斤。
HJ20180908,健康养生,140斤,1,该用户可能是在分享或询问与自己体重相关的信息，暗示对产品减肥效果的关注或对比自身情况。
HJ20180908,健康养生,我现在又喝了2两掉了今天,0,该用户想表达的含义是：我今天已经按推荐方法喝了2两，体重有所下降。
HJ20180908,健康养生,顽固性可以吗,1,该用户可能是在询问产品的效果是否适用于顽固性肥胖问题。
HJ20180908,健康养生,母乳喂养可以吃嘛,1,该用户可能是在询问直播中推荐的产品是否适合哺乳期女性食用。
HJ20180908,健康养生,"我姐姐让我过来拍的,她都减了35斤了",0,该用户想表达的含义是：因为看到姐姐使用该产品效果显著（减重35斤），所以自己也决定下单购买。
HJ20180908,健康养生,"第1单咖啡减了9斤,第2单开始喝起来",0,该用户想表达的含义是：第一次购买这款咖啡后成功减重9斤，现在准备继续回购坚持饮用以达到更好的效果。
HJ20180908,健康养生,"后面那个人下去吧,太吓人了",0,该用户想表达的含义是：希望镜头后方的无关人员离开画面，因为其形象或行为让观众感到不适。
HJ20180908,健康养生,介绍一下,1,该用户可能是对直播中提到的产品或减肥效果产生兴趣，希望主播进一步详细说明产品信息或使用方法。
HJ20180908,健康养生,一天吃一包?,1,该用户可能在询问产品的日常食用量是否合理，暗示对产品使用方式产生兴趣并考虑购买。
HJ20180908,健康养生,她才是故意吸肚子,0,该用户可能在质疑主播或其他人展示的减肥效果不真实，认为对方是通过刻意收腹来显得身材更瘦。
HJ20180908,健康养生,怎么喝,1,该用户可能是在询问产品的具体饮用方法或使用频率。
HJ20180908,健康养生,"165斤,拍了两单哈",1,该用户想表达的含义是：自己体重165斤，已经下单购买了两份产品，希望通过使用该产品达到减肥效果。
HJ20180908,健康养生,可以喝的,0,该用户想询问直播中提到的产品（可能是减肥咖啡）是否适合直接饮用。
HJ20180908,健康养生,"1.58,,120斤要拍多少",1,该用户是在询问自己的身高1.58米、体重120斤的情况下需要购买多少份（产品）才合适。
HJ20180908,健康养生,怎么吃,1,该用户是在询问产品的具体食用方法或使用频率。
HJ20180908,健康养生,"我喝了20天,减了16斤,今天又回购了2单",0,该用户想表达的含义是：通过持续使用该产品取得了显著的减肥效果，因此再次下单以巩固或延续效果。
HJ20180908,健康养生,剩骨架子了,0,该用户想表达的含义是：产品效果显著，自己已经瘦到只剩骨架了。
HJ20180908,健康养生,"我姐姐喝了一单,减了不到八斤",0,该用户想表达的含义是：我姐姐购买了这款产品后体重减轻了不到八斤，效果一般。
HJ20180908,健康养生,故意吸肚子,0,该用户可能是在质疑主播或展示者通过刻意收腹来营造虚假的瘦身效果，暗示实际体型与呈现效果存在差异。
HJ20180908,健康养生,"160.120,要不要减",1,该用户可能在询问自己的身高体重（160cm/120斤）是否需要购买该减肥产品，并希望获得服用建议。
HJ20180908,健康养生,"回购2单,已经减了8斤",0,该用户想表达的含义是：自己通过使用该产品成功减重8斤，出于对效果的满意决定再次购买两单。
HJ20180908,健康养生,"这也瘦的有点害怕,全是排骨",0,该用户可能认为直播中展示的产品效果过于极端，对模特或使用者消瘦的身材感到担忧，暗示产品可能存在健康风险或效果夸张。
HJ20180908,健康养生,红姐是山东哪里的,0,该用户可能是对主播红姐的背景信息感兴趣，想了解她的籍贯以建立信任感或寻找地域认同。
HJ20180908,健康养生,150斤拍几单,1,该用户想表达的含义是：自己体重150斤，询问需要购买多少份产品才能达到理想的减肥效果。
HJ20180908,健康养生,"我减了13斤,肚子明显小了好多",0,该用户想表达的含义是：使用产品后减肥效果显著，对效果感到满意并有意向继续购买。
HJ20180908,健康养生,按照你们给的那个食谱吗,1,该用户是在询问产品使用方式是否需严格遵循直播中提供的特定饮食方案。
HJ20180908,健康养生,减成杆子了能好看吗,0,该用户可能是在质疑过度减肥后的外观效果，认为瘦到极致的体型并不美观。
HJ20180908,健康养生,哺乳期可以吃吗?,1,该用户是在询问产品是否适合哺乳期女性使用，可能隐含对安全性的顾虑或潜在的购买意向。
HJ20180908,健康养生,吸肚子,0,该用户是在质疑主播展示的瘦身效果不真实，认为对方是通过刻意收腹来营造虚假的瘦身视觉。
HJ20180908,健康养生,我今天喝了掉了2两,0,该用户想表达的含义是：我喝了这款产品后体重减轻了2两。
HJ20180908,健康养生,"一单减了16斤,又回购了",0,该用户想表达的含义是：自己之前购买该产品后成功减重16斤，因效果显著而再次下单购买。
HJ20180908,健康养生,咖啡可以饭后喝么,1,该用户是在询问该咖啡产品是否适合在饭后饮用，可能出于对饮用效果或健康影响的考虑。
HJ20180908,健康养生,不吃早饭可以吗,1,该用户可能是在询问这款减肥产品是否可以替代早餐食用。
HJ20180908,健康养生,经期可以吃吗?,1,该用户是在询问该产品是否适合经期女性服用。
HJ20180908,健康养生,咖啡热水冲还是凉白开冲,1,该用户是在询问冲泡咖啡的具体方法，以确认产品使用方式是否符合自己的需求。
HJ20180908,健康养生,"我也是老顾客,买了好多单真的很好",0,该用户想表达的含义是：作为多次回购的忠实消费者，我对产品效果非常满意并持续支持。
HJ20180908,健康养生,咖啡200的水可以吗,1,该用户可能在询问咖啡产品的价格是否合理，或者质疑其性价比。
HJ20180908,健康养生,需要节食吗,1,该用户可能在询问产品是否需要配合饮食控制才能达到减肥效果。
HJ20180908,健康养生,"问了你几遍了,高血压喝可以喝吗",1,该用户是在反复询问产品是否适合高血压人群饮用，表现出对健康风险的担忧和购买前的谨慎态度。
HJ20180908,健康养生,157斤,1,该用户可能在询问自己当前体重157斤的情况下需要购买多少单产品才能达到理想的减重效果。
HJ20180908,健康养生,多吓人啊[捂脸],0,该用户看到其他观众提到过度减肥导致身材过于消瘦，感到惊讶并认为这样的效果有些令人不安。
HJ20180908,健康养生,把裤子八下来得了??,0,该用户可能是以调侃或夸张的语气表达对直播中展示的减肥效果感到惊讶，暗示“干脆把裤子也脱下来展示瘦身成果算了”。
HJ20180908,健康养生,咖啡用温水吗,1,该用户是在询问冲泡咖啡时是否适合使用温水，可能对产品使用方法存在疑惑或想确认冲泡细节。
HJ20180908,健康养生,我喝了3单减了36斤今天又来回购两单,0,该用户想表达的含义是：这款产品效果显著，自己通过多次购买和使用成功减重，因此再次下单以继续使用。
HJ20180908,健康养生,"早上不吃饭,中午喝咖啡可以吗?",1,该用户是在询问不搭配早餐直接饮用咖啡是否会影响减肥效果或健康。
HJ20180908,健康养生,155身高105斤,1,该用户可能在询问自己当前的身高体重数据是否适合使用直播推荐的产品或方法。
HJ20180908,健康养生,有什么副作用,1,该用户是在询问产品的潜在不良反应或使用风险。
HJ20180908,健康养生,晚上吃饭时间有要求吗,1,该用户可能是在询问产品使用时间是否有限制，特别是晚饭前后是否有特定的饮用要求。
HJ20180908,健康养生,"活动太划算了,我又回购了两单",0,该用户想表达的含义是：直播间的优惠活动非常吸引人，自己因为满意产品效果已经多次下单购买。
HJ20180908,健康养生,糖尿病患者可以吃吗,1,该用户是在询问产品是否适合特定健康状况（糖尿病）的人群食用。
HJ20180908,健康养生,"我喝咖啡减了9斤,刚刚又拍了两单,加急发货",0,该用户想表达的含义是：自己通过饮用该产品成功减肥后又复购了两份，并希望尽快收到货品。
HJ20180908,健康养生,一单可以吃多少天,1,该用户是在询问购买的产品（可能是咖啡或其他代餐类商品）的单次购买量能够满足多少天的使用需求，以此评估购买性价比或囤货必要性。
HJ20180908,健康养生,芦荟是管啥的?,1,该用户想询问芦荟产品的具体功效或适用用途。
HJ20180908,健康养生,"穿着一个看不出骨头,故意吸肚子",0,该用户可能在质疑主播展示的减肥效果不够真实，暗示对方通过刻意收腹来营造身材假象。
HJ20180908,健康养生,慧慧好看,0,该用户是在夸赞主播的外貌或穿搭吸引人。
HJ20180908,健康养生,项链有吗,1,该用户可能在询问直播间是否有项链商品在售，表现出对首饰类产品的潜在购买兴趣。
HJ20180908,健康养生,一百三十斤拍一单可以吗美女???,1,该用户是在询问自己体重130斤的情况下购买该产品是否合适，并带有试探性和调侃语气。
HJ20180908,健康养生,你家的不拉肚子我还减了22斤,0,该用户想表达的含义是：使用你们的产品后不仅没有肠胃不适，还成功减重了22斤。
HJ20180908,健康养生,饭后可以喝咖啡么,1,该用户是在询问饮用咖啡的时间限制，担心饭后立即饮用是否会影响健康或减肥效果。
HJ20180908,健康养生,"真的可以瘦,我减了18斤了",0,该用户想表达的含义是：这款产品确实有效果，我已经成功减重不少。
HJ20180908,健康养生,"喝不到两单减了16斤,太好了又来回购了2单",0,该用户想表达的含义是：之前购买的产品效果显著（减重16斤），因此再次下单回购以继续使用。
HJ20180908,健康养生,一直在喝你咖啡,0,该用户想表达的含义是：我是你们咖啡的长期消费者，对产品有持续的兴趣和信任。
HJ20180908,健康养生,116能瘦吗,1,该用户是在询问自己体重116斤的情况下使用该产品是否能达到减肥效果。
HJ20180908,健康养生,哎呀真服了,0,该用户可能是在表达对直播内容或产品效果的无奈或失望情绪，比如觉得产品效果不如预期、活动规则复杂，或是被频繁的促销信息打扰而感到烦躁。
HJ20180908,健康养生,节食吗,1,该用户可能在询问这款产品是否需要配合节食才能达到减肥效果。
HJ20180908,健康养生,"之前拍了好多其他产品都不行,就你家的让我减了20斤",0,该用户想表达的含义是：对比其他产品无效后，使用你家产品成功减肥，因此对产品效果表示认可和满意。
HJ20180908,健康养生,带的什么魔法牌[笑哭],0,该用户可能是在调侃或好奇主播展示的产品效果神奇，类似于“魔法”般不真实，同时用表情符号缓和语气表达轻松的态度。
HJ20180908,健康养生,"我61岁,喝完你的两单咖啡掉了19斤很满意",0,该用户想表达的含义是：自己通过购买并饮用该产品成功减重，感到非常满意并认可效果。
HJ20180908,健康养生,120斤以上拍2单,0,该用户想表达的含义是：体重超过120斤的顾客需要购买两份产品才能达到预期效果。
HJ20180908,健康养生,早饭怎么吃呢,1,该用户可能在询问直播推荐的产品是否适合作为早餐食用。
HJ20180908,健康养生,一单瘦多少,1,该用户是在询问购买一单产品能带来多少减肥效果。
HJ20180908,健康养生,"婆婆喝这个咖啡减了14斤,今天又回购两单",0,该用户想表达的含义是：这款咖啡减肥效果显著，家人亲测有效后自己再次下单购买。
HJ20180908,健康养生,男的可以喝么,1,该用户是在询问产品是否适合男性使用。
HJ20180908,健康养生,"效果真的很好,我已经减了11斤了",0,该用户想表达的含义是：这款产品确实有效，自己使用后取得了显著的减肥效果。
HJ20180908,健康养生,怎么都不回复,0,该用户可能因询问产品细节或购买事宜未获及时回应而感到焦急，暗示希望主播尽快解答自己的问题以便下单。
HJ20180908,健康养生,我还便佖,0,该用户想表达的含义是：我也瘦了。
HJ20180908,健康养生,你家咖啡真的很好用,1,该用户想表达的含义是：对这款咖啡的减肥效果表示认可和满意。
HJ20180908,健康养生,饮食有啥要求么,1,该用户是在询问产品使用期间是否需要配合特定的饮食控制或忌口事项。
HJ20180908,健康养生,110斤喝多少,1,该用户想问的是“体重110斤的人需要购买多少量的咖啡才能达到减肥效果”。
HJ20180908,健康养生,心脏病可以喝吗,1,该用户是在询问该产品是否适合心脏病患者饮用。
HJ20180908,健康养生,110斤,1,该用户想询问自己体重110斤的情况下需要购买多少产品才能达到减肥效果。
HJ20180908,健康养生,"我是刚生完孩子小肚子大,喝完两单肚子小了好多",0,该用户想表达的是：这款产品对产后身材恢复效果显著，自己使用后腹部明显瘦了。
HJ20180908,健康养生,"不会伤害身体吧,姐姐",1,该用户是在担心产品的安全性，询问主播这款减肥咖啡是否会对健康造成不良影响。
HJ20180908,健康养生,高血压患者可以喝吗,1,该用户是在询问该产品是否适合高血压人群饮用，主要关注产品的安全性和适用性。
HJ20180908,健康养生,记口吗,1,该用户想询问产品是否需要忌口或饮食限制。
HJ20180908,健康养生,一单能减几斤,1,该用户是在询问购买一单产品能带来多少减肥效果。
HJ20180908,健康养生,120买几个,1,该用户想询问以120元的价格可以购买几份该减肥咖啡产品。
HJ20180908,健康养生,有食谱的吗?,1,该用户是在询问产品是否有配套的饮食指导或建议。
HJ20180908,健康养生,多少钱,1,该用户想询问当前直播中提到的产品的具体价格。
HJ20180908,健康养生,红姐穿的外套有吗,1,该用户想表达的含义是：询问主播身上穿的外套是否在售。
HJ20180908,健康养生,"红姐我一直喝你家减肥套餐已经减了46斤,推荐好多同事过来拍了",0,该用户想表达的含义是：自己长期使用该减肥产品效果显著，并主动向他人推荐以表达对产品的认可和信任。
HJ20180908,健康养生,每个人喝了都管用吗???????,1,该用户是在质疑产品的普适性，担心饮用效果因人而异，可能存在个体差异或特定条件限制。
HJ20180908,健康养生,"220斤,买几单?",1,该用户是在询问自己体重220斤的情况下需要购买多少份产品才能达到理想的减肥效果。
HJ20180908,健康养生,心脏不好可以喝吗,1,该用户是在询问该产品是否适合有心脏健康问题的人群饮用。
HJ20180908,健康养生,拉肚吗,1,该用户是在询问该减肥产品是否会导致腹泻的副作用。
HJ20180908,健康养生,"我减了16斤,确实好,让老公也喝了",0,该用户想表达的含义是：自己通过使用该产品成功减重16斤且效果显著，因此推荐给家人尝试。
HJ20180908,健康养生,咋不吃东西啦?喜欢看你们吃东西[调皮],0,该用户是在用轻松调侃的语气表达对主播当前直播内容（停止吃东西）的失望，并暗示更希望看到主播继续展示吃播环节以维持观看乐趣。
HJ20180908,健康养生,先回一句行吗,0,该用户可能是对产品效果存疑，催促主播先回应之前的提问再考虑购买。
HJ20180908,健康养生,芦荟胶囊在哪拍,1,该用户想询问购买芦荟胶囊的具体下单方式或商品链接位置。
HJ20180908,健康养生,多少钱项链,1,该用户想询问直播中展示的项链的具体价格信息。
HJ20180908,健康养生,这个套餐几个,1,该用户想询问当前直播中提到的套餐包含的具体数量或规格。
HJ20180908,健康养生,拍了拍了,0,该用户想表达的含义是：我已经下单购买了这款产品。
HJ20180908,健康养生,吃饭怎么吃,1,该用户可能在询问减肥产品的食用方法或配套饮食安排。
HJ20180908,健康养生,一单多少天,1,该用户想询问购买一个订单的产品可以使用多少天。
HJ20180908,健康养生,你家咖啡比我喝其他家减的都多,0,该用户想表达的含义是：相比其他品牌的同类产品，你们家的咖啡减肥效果更显著。
HJ20180908,健康养生,会会的项链多少钱,0,该用户想询问直播间展示的项链的具体价格，表现出明确的购买意向。
HJ20180908,健康养生,一单能喝多少天,1,该用户是想询问购买一单产品能够满足多少天的使用需求。
HJ20180908,健康养生,"喝不到两单减了16斤,太好了又来回购了2单",0,该用户想表达的含义是：自己之前购买并饮用了这款减肥产品后成功减重16斤，因为效果满意所以再次回购了两单。
HJ20180908,健康养生,减20斤几单,1,该用户想询问自己体重减轻20斤需要购买多少份产品。
HJ20180908,健康养生,就是说是走过程序的[龇牙],0,该用户想表达的含义是：购买产品是否需要遵循特定的使用流程或步骤。
HJ20180908,健康养生,下单了加急,0,该用户想表达的含义是：我已经购买了产品并要求加快发货速度。
HJ20180908,健康养生,我喝完一单减了7斤多,0,该用户想表达的是：这款产品效果显著，自己购买后成功减重了7斤多。
HJ20180908,健康养生,吃完可以吃中药吗?,1,该用户可能是在询问产品与中药的兼容性，担心同时服用是否会影响健康或效果。
HJ20180908,健康养生,拉肚子吗,1,该用户是在询问产品是否会导致腹泻等肠胃不适的副作用。
HJ20180908,健康养生,一单是多长时间的量,1,该用户想询问购买一单产品能够使用多少天。
HJ20180908,健康养生,哺乳期能喝吗,1,该用户是在询问产品是否适合哺乳期女性使用，隐含对产品安全性的关注和潜在的购买意向。
HJ20180908,健康养生,喝了会失眠吗,1,该用户是在询问该产品是否含有影响睡眠的成分或副作用，担心饮用后可能导致失眠问题。
HJ20180908,健康养生,哺乳期可以吃吗,1,该用户是在询问产品是否适合哺乳期女性使用，以评估自身购买安全性。
HJ20180908,健康养生,可以瘦的我也瘦了,0,该用户想表达的含义是：这款产品确实有减肥效果，我使用后也成功瘦下来了。
HJ20180908,健康养生,我减了7斤了,0,该用户想表达的含义是：使用该产品后自己已经成功减重7斤，以此证明产品的效果并可能暗示推荐或认可。
HJ20180908,健康养生,有心脏病的能喝吗,1,该用户是在询问该产品是否适合心脏病患者饮用，以评估自身能否购买使用。
HJ20180908,健康养生,没有忌口都瘦了,0,该用户想表达的含义是：产品效果显著，即使没有控制饮食也成功瘦身了。
HJ20180908,健康养生,"我拍了两单,我是来回购的",0,该用户想表达自己已经购买过该产品并体验良好，因此再次下单以继续使用或享受优惠。
HJ20180908,健康养生,"我去,能不能回一下",0,该用户可能因询问后未得到及时回复而感到焦急，催促主播尽快解答自己的问题。
HJ20180908,健康养生,"我减了13斤,肚子明显小了好多",0,该用户想通过分享自己的减肥成果（肚子明显变小）来间接肯定产品的效果，暗示自己可能是通过使用直播间的产品达到这一效果的。
HJ20180908,健康养生,怎么喝,1,该用户可能在询问产品的具体饮用方法或频率，比如每次的用量、冲泡方式或服用周期等。
HJ20180908,健康养生,老妹我男的200斤有高血压能吃吗?,1,该用户是在询问自己作为体重较大且有高血压的男性是否适合使用该产品。
HJ20180908,健康养生,一单吃几天,1,该用户可能在询问购买一单产品能够使用多少天。
HJ20180908,健康养生,这个怎么吃,1,该用户想询问产品的具体食用方法或服用方式。
HJ20180908,健康养生,咖啡怎么喝用多少水冲,1,该用户是在询问冲泡咖啡的具体方法和水量配比。
HJ20180908,健康养生,我也瘦了!效果真的很好,0,该用户想表达的含义是：认同产品效果并分享自己的成功减肥经历。
HJ20180908,健康养生,"试试,期待效果吧",0,该用户想表达的含义是：打算购买产品并期待使用后的效果。
HJ20180908,健康养生,饱腹感吗?,1,该用户是在询问该产品是否具有抑制食欲或提供长时间不饿的效果。
HJ20180908,健康养生,芦荟胶囊在哪里?,1,该用户是在询问直播间所售芦荟胶囊产品的具体购买链接或展示位置。
HJ20180908,健康养生,"我也是老顾客,买了好多单真的很好",0,该用户想表达的含义是：作为多次回购的忠实客户，我对产品效果非常满意并持续支持购买。
HJ20180908,健康养生,116呢,1,该用户可能在询问产品价格或优惠信息，比如“116元的价格还有吗？”或“116号的优惠活动还在进行吗？”。
HJ20180908,健康养生,月经期可以喝吗,1,该用户是在询问产品是否适合经期女性饮用，可能存在对特殊时期安全性的顾虑或希望确认产品功效与自身情况的匹配度。
HJ20180908,健康养生,"我102斤也减了6斤,很满意",0,该用户想表达的含义是：这款产品对我有效，减重效果让我感到满意。
HJ20180908,健康养生,"喝咖啡减了14斤,很满意",0,该用户想表达的含义是：这款咖啡的减肥效果显著，自己通过饮用成功减重并对效果感到非常认可。
HJ20180908,健康养生,不吃早饭可以吗,1,该用户可能在询问产品是否需要空腹服用或是否适合省略早餐使用。
HJ20180908,健康养生,可以喝的,0,该用户是在询问该产品是否可以直接饮用，而非需要冲泡或其他处理方式。
HJ20180908,健康养生,136斤,1,该用户可能是想询问自己136斤的体重是否适合使用该产品，或分享自己的体重以参考产品效果。
HJ20180908,健康养生,"喝一个月减了13斤,继续喝",0,该用户想表达的含义是：这款产品有明显的减肥效果，自己使用后体重下降了13斤，打算继续坚持服用。
HJ20180908,健康养生,一单能瘦几斤啊,1,该用户是在询问购买该产品后能达到的减肥效果，想了解使用后能减掉多少体重。
HJ20180908,健康养生,十四岁孩子可以喝吗,1,该用户是在询问产品是否适合十四岁的未成年人饮用。
HJ20180908,健康养生,"红姐我姐姐喝你家咖啡减了39斤,我今天也过来拍了",0,该用户想表达的含义是：因为看到亲友使用这款咖啡有明显减肥效果，所以自己也决定下单尝试。
HJ20180908,健康养生,手上是18子,0,该用户想表达的含义是：我目前的体重是118斤（通过“18子”谐音暗示）。
HJ20180908,健康养生,我喝了3单减了36斤今天又来回购两单,0,该用户想表达的含义是：自己之前购买并使用了该产品后成功减重36斤，出于对效果的认可再次下单回购。
HJ20180908,健康养生,150斤,1,该用户可能是想询问自己当前的体重（150斤）是否适合使用该产品，或者表达自己希望通过产品达到减重效果的意愿。
HJ20180908,健康养生,一单能掉几斤,1,该用户是在询问购买该产品后大概能减掉多少体重。
HJ20180908,健康养生,正常吃饭吗,1,该用户可能是在询问产品是否会影响日常饮食规律或是否需要改变正常饮食习惯。
HJ20180908,健康养生,减20斤拍几单,1,该用户是在询问自己当前体重需要减掉20斤的情况下应该购买多少份产品才能达到预期效果。
HJ20180908,健康养生,"相信你,拍了两单加急发货",0,该用户表达了对主播的信任，并已下单购买了两份产品且要求尽快发货。
HJ20180908,健康养生,"喝了2单,减了33斤",0,该用户想表达的含义是：通过购买并饮用该产品，自己成功实现了显著的减肥效果。
HJ20180908,健康养生,脑袋动过手术能喝吗?,1,该用户是在询问自己术后恢复期间是否适合饮用直播推荐的减肥产品。
HJ20180908,健康养生,喜欢衣服,0,该用户想表达的含义是：对展示的服装款式产生好感并有潜在的购买意愿。  （结合前文弹幕多为减肥产品反馈和咨询，当前突然出现“衣服”相关评论，可推断直播间可能切换了展示商品，用户针对新展示的服装主动表达兴趣，属于明确的购买意向信号。）
HJ20180908,健康养生,胶囊从哪拍,1,该用户想询问购买该产品的下单渠道或具体操作方式。
HJ20180908,健康养生,"早饭喝了咖啡,正常吃早餐吗",1,该用户可能在询问饮用该咖啡减肥期间是否可以正常吃早餐而不影响效果。
HJ20180908,健康养生,一百四十斤拍多少单,1,该用户想询问自己体重140斤的情况下需要购买多少单产品才能达到预期的减肥效果。
HJ20180908,健康养生,118斤买几盒,1,该用户想询问自己体重118斤需要购买多少盒产品才能达到预期减肥效果。
HJ20180908,健康养生,我拍了2单给我加急发货,0,该用户想表达自己已经下单购买了两份产品，并希望商家能够优先处理自己的订单尽快发货。
HJ20180908,健康养生,拍了加急发货,0,该用户希望通过加急发货尽快收到产品，表现出较强的购买意愿和对产品的急切需求。
HJ20180908,健康养生,五十岁可以喝吗,1,该用户是在询问产品对五十岁人群的适用性，隐含对该产品的潜在购买兴趣。
HJ20180908,健康养生,"我去了,真行,回一下行不行",0,该用户可能是在催促主播回应自己的购买咨询或订单确认，表达了一种急切和不满的情绪。
HJ20180908,健康养生,"拍了一单,能减几斤",1,该用户是在询问购买的产品（可能是减肥咖啡）需要下单多少份才能达到预期的减肥效果。
HJ20180908,健康养生,99就是一单就是喝20天的对吗?姐姐,1,该用户是在确认购买产品的使用效果和性价比，询问购买一单（99元）是否足够饮用20天。
HJ20180908,健康养生,"我减了16斤,确实好,让老公也喝了",0,该用户想表达的含义是：自己通过使用该产品成功减重16斤，认可产品效果，并打算推荐给家人尝试。
HJ20180908,健康养生,调便秘吗,1,该用户可能是在询问产品是否具有缓解便秘的功效。
HJ20180908,健康养生,"买了,没啥效果",0,该用户想表达的含义是：虽然已经购买了产品，但实际使用后并未达到预期效果。
HJ20180908,健康养生,你挺高的也不矮,0,该用户可能是在询问主播的身高是否会影响产品（如减肥产品）的效果或适用性，暗示对产品效果的关注和潜在的购买兴趣。
HJ20180908,健康养生,"马上喝完一单了,真没想到减了10斤,又拍了2单",0,该用户想表达的含义是：这款产品效果显著，自己已经喝完一单成功减重10斤，因此决定复购两单继续使用。
HJ20180908,健康养生,"在哪买的呀,衣服",0,该用户想表达的含义是：询问主播身上所穿衣服的购买渠道，表现出对商品的兴趣和潜在的购买意向。
HJ20180908,健康养生,不节食能瘦吗,1,该用户想表达的含义是：询问在不控制饮食的情况下，使用该产品是否也能达到减肥效果。
HJ20180908,健康养生,146斤的喝几单,1,该用户想询问自己体重146斤需要购买多少份产品才能达到减肥效果。
HJ20180908,健康养生,"我喝1单,瘦了10斤",0,该用户想表达的含义是：购买并使用该产品后成功减重，效果显著。
HJ20180908,健康养生,我也是马上喝完两单减了14斤多,0,该用户想表达的含义是：自己已经快喝完两单产品并成功减重14斤以上，暗示对产品效果满意并可能继续购买。
HJ20180908,健康养生,一单可以瘦多少,1,该用户是在询问购买一单产品后预计能减掉多少体重。
HJ20180908,健康养生,129斤156,1,该用户想表达的含义是：我的体重是129斤，请问需要购买多少份产品才能有效减重？
HJ20180908,健康养生,红姐多少斤,0,该用户是在询问主播“红姐”的体重，以参考产品使用效果和适合自己的购买量。
HJ20180908,健康养生,"回购了,加急",0,该用户想表达自己已经再次下单购买产品，并希望商家优先处理自己的订单尽快发货。
HJ20180908,健康养生,"我喝咖啡减12斤了,又回购了",0,该用户想表达的意思是：这款咖啡的减肥效果显著，自己通过饮用成功减重后决定再次购买。
HJ20180908,健康养生,"说说怎么喝,谢谢",1,该用户想询问产品的具体饮用方法或注意事项。
HJ20180908,健康养生,"拍了一单,介绍一下怎么喝我刚来",1,该用户想表达的含义是：我已经下单购买了产品，但刚进直播间不太清楚具体的使用方法，希望主播能讲解一下如何饮用。
HJ20180908,健康养生,这个是咖啡胶囊一起99吗?,1,该用户是在确认咖啡胶囊的促销价格是否为99元一组。
HJ20180908,健康养生,年前买的.现在做小月子可以吃吗,1,该用户是在询问之前购买的产品是否适合在产后恢复期食用。
HJ20180908,健康养生,我喝减肥套餐瘦了31斤,0,该用户想表达的含义是：分享自己使用该减肥套餐后的显著效果，以增强产品的可信度和吸引力。
HJ20180908,健康养生,这么矮红,0,该用户可能是想询问主播“红姐”的身高或体型，暗含对产品效果的质疑或比较心理。
HJ20180908,健康养生,脖子上带的是啥,0,该用户可能是在询问主播脖子上佩戴的饰品或产品的具体名称或购买方式。
HJ20180908,健康养生,"真的可以瘦,我减了18斤了",0,该用户想表达的含义是：这款产品确实有效，自己通过使用成功减重了不少。
HJ20180908,健康养生,我拍了2单给我加急发货,0,该用户急切希望商家尽快处理自己购买的两份订单，表现出较强的消费意愿和对产品的信任。
HJ20180908,健康养生,芦荟是颗粒吗?,1,该用户可能是想询问直播中提到的芦荟产品是否为颗粒状形态。
HJ20180908,健康养生,咖啡热水冲还是凉白开冲,1,该用户是在询问产品的具体冲泡方式，以确认使用细节从而决定是否购买。
HJ20180908,健康养生,是黄金吗,1,该用户可能在询问直播中展示或提到的某款产品（可能是首饰或保健品）是否含有黄金成分或具有黄金相关的属性。
HJ20180908,健康养生,"我喝咖啡套餐减了22斤,现在男朋友也跟我一起喝",0,该用户想表达的含义是：这款减肥咖啡效果显著，自己成功减重后还带动伴侣一起购买使用。
HJ20180908,健康养生,"减的确实很快,一单我减了22斤",0,该用户想表达的含义是：这款产品减肥效果显著，自己购买后成功减重了22斤。
HJ20180908,健康养生,不知道这么多好评哪里来的,0,该用户对产品的好评真实性表示怀疑，认为现有好评可能不真实或夸大其词。
HJ20180908,健康养生,红姐身高多少,0,该用户可能在质疑主播的身高与产品效果的可信度，暗示对减肥产品的宣传存在怀疑。
HJ20180908,健康养生,105能可以不,1,该用户可能在询问商品价格是否可以优惠到105元。
HJ20180908,健康养生,衣服有吗,0,该用户想询问直播间是否有服装类商品在售。
HJ20180908,健康养生,挣点良心钱吧,0,该用户可能是在质疑直播间的产品或营销方式不够诚信，暗示商家应更注重产品质量而非夸大宣传。
HJ20180908,健康养生,拍了加急,0,该用户想表达的含义是：我已经下单并选择了加急发货服务。
HJ20180908,健康养生,"之前拍了好多其他产品都不行,就你家的让我减了20斤",1,该用户想表达的含义是：对比其他产品效果不佳后，认为这款产品确实有效并取得了显著的减肥效果。
HJ20180908,健康养生,红姐多少斤[玫瑰],0,该用户是在询问主播“红姐”的体重，可能是出于对减肥效果的关注或好奇。
HJ20180908,健康养生,"我是刚生完孩子小肚子大,喝完两单肚子小了好多",0,该用户想表达的含义是：这款产品对产后身材恢复效果显著，自己使用后腹部明显变小，因此复购了两单。
HJ20180908,健康养生,十四岁孩子能喝吗,1,该用户是在询问直播中推销的产品是否适合十四岁的未成年人饮用。
HJ20180908,健康养生,"妹妹推荐我来的,她瘦了16斤",0,该用户想表达的含义是：因为看到亲友使用该产品有明显效果，所以对产品产生了信任和购买兴趣。
HJ20180908,健康养生,经期能喝吗?,1,该用户是在询问该产品是否适合经期女性饮用，可能担心经期使用会影响健康或效果。
HJ20180908,健康养生,能吃主食吗?,1,该用户可能在询问该产品是否适合作为日常饮食中的主要摄入品。
HJ20180908,健康养生,吃中药可以喝吗,1,该用户可能是在询问产品是否适合与中药同时服用，担心药物冲突或影响效果。
HJ20180908,健康养生,不吃早饭可以吗,1,该用户可能在询问该减肥产品是否需要配合吃早餐才能达到效果。
HJ20180908,健康养生,我也是马上喝完两单减了14斤多,0,该用户想表达的含义是：自己购买并饮用了该产品后成功减重了14斤以上。
HJ20180908,健康养生,拍了一单[赞],0,该用户想表达的含义是：我已经下单购买了这款产品并表示满意。
HJ20180908,健康养生,"快吃肥肉吧,你吃肥肉人就多了",0,该用户可能在调侃或催促主播展示产品效果，暗示“只要看到你亲身试用（吃肥肉），观众就会更信任并下单”。
HJ20180908,健康养生,能吃饭吗,1,该用户可能在询问直播中推销的减肥产品是否允许正常进食或需要配合节食。
HJ20180908,健康养生,主播说的是真的,0,该用户可能是对主播宣传的减肥效果表示认可或证实其真实性。
HJ20180908,健康养生,项链链接,1,该用户想表达的含义是：询问主播项链的购买链接在哪里，表明对产品有购买意向。
HJ20180908,健康养生,"老公减了25斤,比我减得多很多",0,该用户想表达的含义是：家人使用产品后效果显著，比自己瘦得更多，间接认可产品的减肥效果。
HJ20180908,健康养生,红姐多少斤[玫瑰][玫瑰][玫瑰],0,该用户是在询问主播（红姐）使用该产品后减重了多少斤，并带有赞赏和支持的态度。
HJ20180908,健康养生,唐卡好看,0,该用户可能是在欣赏直播中展示的唐卡艺术品，并表达对其审美价值的认可和喜爱。
HJ20180908,健康养生,一单快喝完了减了8斤,0,该用户想表达的含义是：这款产品效果不错，我已经快喝完一单并且成功减重了8斤。
HJ20180908,健康养生,衣服能推荐一下吗,0,该用户可能是在询问主播能否根据当前讨论的减肥产品效果，推荐适合自己体型或需求的服装款式。
HJ20180908,健康养生,"减的确实很快,一单我减了22斤",0,该用户想表达的含义是：这款产品的减肥效果非常显著，自己购买一单就成功减掉了22斤体重。
HJ20180908,健康养生,"我拍了两单,我是来回购的",0,该用户想表达的含义是：我之前购买过该产品且效果满意，现在再次下单支持。
HJ20180908,健康养生,男的能喝吗?,1,该用户是在询问该产品是否适合男性饮用。
HJ20180908,健康养生,我瘦了12斤,0,该用户想表达的含义是：使用该产品后取得了显著的减肥效果。
HJ20180908,健康养生,"效果真的很好,我已经减了11斤了",0,该用户想表达的含义是：这款产品确实有效，自己使用后取得了显著的减肥效果。
HJ20180908,健康养生,"喝了2单,减了33斤",0,该用户想表达的含义是：自己通过购买并饮用该产品，已经成功减重33斤，以此证明产品的效果显著。
HJ20180908,健康养生,我一直喝的红姐的,0,该用户想表达的含义是：我是红姐产品的长期忠实用户。  （结合前文弹幕中频繁提到的减肥效果和回购行为，可推断用户通过“一直喝”强调自身持续使用该产品的经历，隐含对产品效果的认可或与其他消费者分享经验的意图。）
HJ20180908,健康养生,"就是肚子大,可以吧",0,该用户可能在询问产品是否适合腹部肥胖人群使用，隐含对减肥效果的关注和购买意向。
HJ20180908,健康养生,我喝了一点用没有,0,该用户想表达的含义是：产品使用后完全没有达到预期的减肥效果。
HJ20180908,健康养生,"165斤,拍了两单哈",0,该用户想表达的含义是：自己体重165斤，已经购买了两单产品并期待减肥效果。
HJ20180908,健康养生,男女都可以喝,0,该用户想表达的含义是：这款产品适合所有人群饮用，没有性别限制。
HJ20180908,健康养生,买一单试试,0,该用户想表达的含义是：我打算下单购买产品来体验一下效果。
HJ20180908,健康养生,开水冲吗,1,该用户是在询问产品的冲泡方式，可能是对产品使用细节存在疑问或准备购买前确认操作方法。
HJ20180908,健康养生,99就是一单就是喝20天的对吗,1,该用户是在确认产品的使用时长和性价比，想知道购买一单是否足够饮用20天。
HJ20180908,健康养生,"按照你们的喝法喝减了17斤,太好了",0,该用户想表达的含义是：通过跟随直播推荐的饮用方法成功减重，对产品效果感到满意和欣喜。
HJ20180908,健康养生,苦吗咖啡,1,该用户可能在询问咖啡的口感是否苦涩，以判断是否符合自己的口味偏好。
HJ20180908,健康养生,脖子上带的是黄金的吗,0,该用户是在询问主播脖子上佩戴的饰品是否为黄金材质，可能对同款商品产生了兴趣或想确认其价值。
HJ20180908,健康养生,你家咖啡真的很好用,1,该用户想表达的含义是：对这款咖啡产品的效果感到满意并给予正面评价。
HJ20180908,健康养生,晚上不吃饭能喝吗美女,1,该用户可能是在询问主播这款减肥产品是否适合在晚上不进食的情况下饮用。
HJ20180908,健康养生,"拍了一单,加急发货",0,该用户想表达的含义是：我已经下单购买并希望尽快收到商品。
HJ20180908,健康养生,全身都瘦了,0,该用户想表达的含义是：这款产品让我全身都瘦下来了，效果很明显。
HJ20180908,健康养生,用多少水冲啊?,1,该用户是在询问产品的具体冲泡方法，想了解每次使用时需要加多少水。
HJ20180908,健康养生,一盒喝几天,1,该用户是在询问一盒产品能够饮用多少天，以评估购买后的使用时长和性价比。
HJ20180908,健康养生,"活动太划算了,我又回购了两单",0,该用户想表达的含义是：直播间的促销活动非常优惠，自己因为满意产品效果而再次下单购买。
HJ20180908,健康养生,拍了加急发货,0,该用户已经下单并希望尽快收到商品。
HJ20180908,健康养生,我今天喝了掉了2两,0,该用户想表达的含义是：我喝了这款产品后体重减轻了2两。
HJ20180908,健康养生,你能推荐一下吗,1,该用户希望主播根据当前讨论的产品功效和适用情况，为其推荐合适的购买选项或使用建议。
HJ20180908,健康养生,本人也很瘦见过,0,该用户想表达的含义是：我本人身材也很瘦，想了解这款产品是否适合我。
HJ20180908,健康养生,"今天刚喝第一天,期待效果",0,该用户想表达的含义是：刚尝试使用产品并对后续效果抱有期待。
HJ20180908,健康养生,一单能瘦几斤啊,1,该用户是在询问产品的减肥效果，想知道购买一单大概能减掉多少体重。
HJ20180908,健康养生,我喝完一单减了7斤多,0,该用户想表达的含义是：使用产品后取得了明显的减肥效果。
HJ20180908,健康养生,"马上第二单喝完,减了31斤",0,该用户想表达的含义是：我已经回购并喝完第二单产品，成功减重31斤，效果显著。
HJ20180908,健康养生,"介绍一下怎么喝,对水温有要求吗",1,该用户想询问产品的具体冲泡方法和水温注意事项，表现出对使用细节的关注和潜在的购买意向。
HJ20180908,健康养生,和小可心整人,0,该用户可能是想询问主播能否和名叫“小可心”的人一起参与直播间的整蛊或互动游戏环节。
HJ20180908,健康养生,"拍了,怎么喝?",1,该用户想表达的含义是：已经下单购买了产品，但想咨询具体的饮用方法。
HJ20180908,健康养生,喝了四天下了2,0,该用户想表达的含义是：连续饮用产品四天后体重下降了2斤。
HJ20180908,健康养生,"红姐我喝你家减肥咖啡都减了15斤了,今天再来拍一单",0,该用户想表达的含义是：对产品效果满意并打算再次购买以继续使用。
HJ20180908,健康养生,我喝了3单减了36斤今天又来回购两单,0,该用户想表达的含义是：自己之前购买并饮用该产品后成功减重36斤，出于对效果的认可再次下单回购。
HJ20180908,健康养生,"喝一个月减了13斤,继续喝",0,该用户想表达的含义是：这款产品有明显的减肥效果，自己使用后体重显著下降并打算继续坚持使用。
HJ20180908,健康养生,咱就说能不能回一句,0,该用户可能因提问未获回应而感到焦急，希望主播能及时互动解答疑问。
HJ20180908,健康养生,衣服能推荐一下,0,该用户希望主播能针对自己的需求推荐合适的服装款式。
HJ20180908,健康养生,"红姐我姐姐喝你家咖啡减了39斤,我今天也过来拍了",0,该用户想表达的含义是：看到亲友使用这款咖啡有明显效果，自己也决定下单尝试。
HJ20180908,健康养生,我刚出月子喝了一单减了14斤,0,该用户想表达的是：自己产后刚恢复就购买了这款产品，使用后成功减重了14斤。
HJ20180908,健康养生,我128斤156高,1,该用户想表达的含义是：报出自己的身高体重，想咨询这款减肥产品是否适合自己。
HJ20180908,健康养生,我喝了咖啡15天减了16斤,0,该用户想表达的含义是：这款减肥咖啡效果显著，自己使用后体重明显下降。
HJ20180908,健康养生,"喝了2单,减了33斤",0,该用户想表达的是：我购买并饮用了两单产品后成功减重了33斤。
HJ20180908,健康养生,138斤,1,该用户想表达的含义是：报出自己的体重数据，暗示对减肥产品的潜在购买兴趣或效果咨询。
HJ20180908,健康养生,用开水泡吗,1,该用户是在询问产品的具体冲泡方法，尤其是水温要求。
HJ20180908,健康养生,五爷招财灵,0,该用户可能是在询问或提及某个名为“五爷招财灵”的产品，暗示对该产品的购买兴趣或希望了解其效果。
HJ20180908,健康养生,男女都可以喝全身瘦,0,该用户想表达的含义是：这款减肥产品适合所有人群饮用，并且能帮助全身减重。
HJ20180908,健康养生,"喝不到两单减了16斤,太好了又来回购了2单",0,该用户想表达的含义是：自己通过购买并饮用该产品成功减重16斤，感到效果显著于是再次下单回购。
HJ20180908,健康养生,衣服有吗,1,该用户想询问直播间是否有服装类商品在售或推荐。
HJ20180908,健康养生,可以喝冷水么?,1,该用户是在询问产品（可能是减肥咖啡）是否可以用冷水冲泡饮用。
HJ20180908,健康养生,"马上喝完第二单,减了23斤",0,该用户想表达的含义是：已经喝完第一单产品并成功减重23斤，现在准备再次下单购买。
HJ20180908,健康养生,包裹里有独家喝法,0,该用户可能是在询问或确认产品包装内是否附有独特的饮用方法说明。
HJ20180908,健康养生,一天喝几次?,1,该用户可能是在询问该减肥咖啡的每日建议饮用次数，以了解如何正确使用产品以达到预期效果。
HJ20180908,健康养生,"按照你们的喝法喝减了17斤,太好了",0,该用户想表达的含义是：遵循产品推荐的饮用方法后成功减重17斤，感到非常满意和欣喜。
HJ20180908,健康养生,拍了加急发货,0,该用户想表达的含义是：已经下单并希望尽快收到商品。
HJ20180908,健康养生,用忌口吗,1,该用户是在询问该产品是否有饮食禁忌或注意事项。
HJ20180908,健康养生,一天喝几次,1,该用户想询问产品的每日建议饮用频率以了解正确使用方法。
HJ20180908,健康养生,脑袋动过手术能喝吗?,1,该用户是在询问自己术后恢复期间是否适合饮用直播间推荐的减肥咖啡产品。
HJ20180908,健康养生,"咖啡瘦了17斤了,确实挺好",0,该用户想表达的意思是：自己也通过喝这款咖啡成功减重17斤，认可产品的效果。
HJ20180908,健康养生,喝咖啡的时候中途喝酒了有影响吗,1,该用户可能在询问饮用咖啡减肥产品时中途饮酒是否会影响减肥效果或身体健康。
HJ20180908,健康养生,加强运动吗,1,该用户可能在询问这款减肥咖啡是否需要配合运动来增强效果。
HJ20180908,健康养生,我拍了俩单,0,该用户想表达自己已经下单购买了两份产品，显示出明确的购买行为和消费意愿。
HJ20180908,健康养生,用多少水冲服啊?,1,该用户是在询问产品的具体冲泡方法，想了解每次服用的建议用水量。
HJ20180908,健康养生,会不会失眠或者便秘,1,该用户可能是在询问该产品是否会导致失眠或便秘等副作用。
HJ20180908,健康养生,吃鸡素能喝吗,1,该用户可能是在询问这款产品是否适合在空腹状态下饮用。
HJ20180908,健康养生,"喝咖啡一单减了15斤了,确实好",0,该用户想表达的含义是：使用这款咖啡产品后成功减重15斤，对效果感到满意并认可其功效。
HJ20180908,健康养生,"我想骂人了,红姐",0,"该用户可能因对产品效果存疑或不满而情绪激动，想向主播""红姐""表达抱怨或质问。"
HJ20180908,健康养生,五十岁可以喝吗,1,该用户是在询问这款产品是否适合五十岁的人群饮用。
HJ20180908,健康养生,我喝了3单减了36斤今天又来回购两单,0,该用户想表达的含义是：这款产品效果显著，自己已通过多次购买成功减重，现在因满意效果而再次下单。
HJ20180908,健康养生,回一句行吗,0,该用户因未得到主播及时回应而感到焦急不满，催促对方尽快回复自己的提问。
HJ20180908,健康养生,"这个套餐瘦的确实快,我都减了27斤了,在拍两单",0,该用户想表达自己通过使用该套餐成功减重27斤，并打算再次购买以继续维持或增强效果。
HJ20180908,健康养生,小产后多久喝,1,该用户想询问产品在小产后的适用时间，可能是担心身体状况是否适合饮用。
HJ20180908,健康养生,"效果真的很好,我已经减了11斤了",0,该用户想表达的含义是：这款产品确实有效，自己使用后已经成功减重了不少。
HJ20180908,健康养生,说了十分钟了,0,该用户可能是在抱怨主播长时间介绍产品却没有及时回应观众的提问或进入正题。
HJ20180908,健康养生,项链在哪里请的,1,该用户想询问项链的购买链接或展示位置。
HJ20180908,健康养生,"我102斤也减了6斤,很满意",0,该用户想表达的含义是：这款产品确实有效，自己使用后体重减轻了，感到满意并间接推荐。
HJ20180908,健康养生,"我喝1单,瘦了10斤",0,该用户想表达的含义是：购买并使用该产品后取得了显著的减肥效果。
HJ20180908,健康养生,"140斤,怎么服用啊",1,该用户是在询问自己体重140斤的情况下该如何正确使用该减肥产品以达到理想效果。
HJ20180908,健康养生,怎么喝美女,1,该用户可能是想询问“美女主播推荐的这款产品该如何饮用”。
HJ20180908,健康养生,"我拍了两单,我是来回购的",0,该用户想表达自己已经购买过该产品且使用效果满意，现在再次下单以继续支持或享受产品效果。
HJ20180908,健康养生,"我是特顽固体质喝完咖啡20天,减了11斤",0,该用户想表达的含义是：这款咖啡的减肥效果显著，连自己这种难减的体质也在短期内成功瘦身。
HJ20180908,健康养生,"我之前喝过很多家产品都拉肚子,就你家的不拉肚子,我还减了26斤",1,该用户想表达的含义是：对比其他品牌后认可该产品的安全性和减肥效果，并分享了自己的成功减重经历。
HJ20180908,健康养生,一句不回,0,该用户因多次提问未得到主播回应而感到不满，暗示主播忽视观众互动需求。
HJ20180908,健康养生,这个美女多高啊,0,该用户可能是在询问主播的身高，以此评估产品或服务的适用性。
HJ20180908,健康养生,"相信你,拍了两单加急发货",0,该用户通过表达信任主播并已下单的行为，表明自己对产品的认可和购买意愿，同时希望尽快收到商品。
HJ20180908,健康养生,"我老顽固性了,喝了几天真开始减了,今天又来回购一单",0,该用户想表达的含义是：自己属于很难减肥的体质，但尝试这款产品后确实见效了，所以决定再次购买。
HJ20180908,健康养生,经期能喝吗,1,该用户是在询问该产品是否适合在生理期间饮用。
HJ20180908,健康养生,脖子带的有吗,1,该用户想询问直播间是否有适合佩戴在脖子上的商品（如项链等饰品）。
HJ20180908,健康养生,"178高,160斤怎么拍",1,该用户是在询问自己身高178厘米、体重160斤的情况下应该如何购买或使用该减肥产品。
HJ20180908,健康养生,我133斤直接拍了两单,0,该用户想表达自己因体重较高而直接下单购买了两份产品，显示出对商品效果的信任和较强的购买意愿。
HJ20180908,健康养生,"按照你们的喝法喝减了17斤,太好了",0,该用户想表达的含义是：按照主播推荐的方法使用产品后成功减重17斤，感到非常满意和欣喜。
HJ20180908,健康养生,经期可以喝吗?,1,该用户是在询问产品是否适合在生理期间饮用。
HJ20180908,健康养生,用开水吗,1,该用户可能在询问产品的冲泡方式是否需要使用开水。
HJ20180908,健康养生,说说怎以,0,该用户想询问产品的具体使用方法或步骤。
HJ20180908,健康养生,"我减了13斤,肚子明显小了好多",0,该用户想表达的含义是：这款减肥产品对我很有效，我的体重有明显下降。
HJ20180908,健康养生,"喝了,拉肚子吗?",1,该用户是在询问该产品是否会导致腹泻等不良反应，以评估购买风险。
HJ20180908,健康养生,一天就喝1袋吗?,1,该用户可能是在询问产品的每日建议用量是否仅限一袋，隐含对使用效果和剂量的关注。
HJ20180908,健康养生,180斤,1,该用户想表达的含义是：询问自己体重180斤该如何购买或使用该减肥产品。
HJ20180908,健康养生,一直在喝你咖啡,0,该用户想表达的含义是：我是你们咖啡的老顾客，长期饮用并认可产品效果。
HJ20180908,健康养生,说说怎么喝?,1,该用户想询问产品的具体饮用方法和注意事项。
HJ20180908,健康养生,加强运动吧,0,该用户可能是受到其他观众分享的减肥效果鼓舞，表达自己也要通过运动配合产品来达成减重目标的意愿。
HJ20180908,健康养生,味道怎么样,1,该用户可能是在询问直播中推销的食品或饮品的口感体验，以评估是否值得购买。
HJ20180908,健康养生,中午不用喝吗,1,该用户可能是在询问产品是否需要避开中午时段饮用，或是询问中午是否也需要按规律服用。
HJ20180908,健康养生,一单快喝完了减了8斤,0,该用户想表达的含义是：自己购买的产品快用完了，并且使用后成功减重了8斤。
HJ20180908,健康养生,110一单可以掉多少?,1,该用户想询问的是“购买一份110元的产品能带来多少减肥效果”。
HJ20180908,健康养生,"减的确实很快,一单我减了22斤",0,该用户想表达的是：这款产品减肥效果显著，自己购买后成功减掉了22斤。
HJ20180908,健康养生,正常吃饭吗,1,该用户可能是在询问产品是否会影响日常正常饮食，或者是否需要改变饮食习惯才能达到效果。
HJ20180908,健康养生,一天喝几次,1,该用户想询问产品的每日建议饮用次数以了解正确的使用方法。
HJ20180908,健康养生,可以喝的我也喝了,0,该用户想表达的含义是：我已经按照推荐的方法坚持饮用了这款产品。
HJ20180908,健康养生,"我是特顽固体质喝完咖啡20天,减了11斤",0,该用户想表达的含义是：这款咖啡对难以减肥的特顽固体质效果显著，自己使用后短期内就取得了明显的减重效果。
HJ20180908,健康养生,拍了加急,0,该用户想表达的含义是：我已经下单并选择了加急配送服务。
HJ20180908,健康养生,能推荐一下衣服吗,0,该用户想表达的含义是：希望主播根据当前讨论的减肥产品推荐适合搭配的服装款式。
HJ20180908,健康养生,"拍了一单,加急发货",0,该用户已经下单购买并希望尽快收到商品。
HJ20180908,健康养生,"用开水,凉水",0,该用户是在询问产品（可能是减肥咖啡）的冲泡方式，想知道应该用热水还是冷水来冲泡。
HJ20180908,健康养生,"我减下来了,现在我身边好多人都在跟着我一起喝",0,该用户想表达的含义是：这款产品帮助我成功减肥，效果显著到吸引了周围朋友也开始尝试。
HJ20180908,健康养生,拍一单试试,1,该用户想表达的是：我决定下单购买这款产品来体验效果。
HJ20180908,健康养生,我也是马上喝完两单减了14斤多,0,该用户想表达的含义是：我已经连续购买了两单这款产品，使用后成功减重超过14斤。
HJ20180908,健康养生,用多喝水吗?,1,该用户想询问产品是否需要大量饮水以达到预期效果。
HJ20180908,健康养生,什么时候开始卖这个产品的,1,该用户急切想知道这款产品的开售时间，表现出明确的购买意向。
HJ20180908,健康养生,你现在喝的什么,1,该用户是在询问主播正在饮用的产品具体是什么，可能是出于对产品效果的好奇或考虑是否要购买。
HJ20180908,健康养生,"有肾炎的,能不能喝?",1,该用户是在询问患有肾炎的人是否可以饮用直播中推荐的产品。
HJ20180908,健康养生,我133斤直接拍了两单,0,该用户想表达的是：看到其他观众分享的减肥效果后，自己也果断下单购买了两份产品。
HJ20180908,健康养生,冷水热水都可以,0,该用户想表达的含义是：询问这款减肥产品是否可以用不同温度的水冲泡饮用。
HJ20180908,健康养生,"喝一个月减了13斤,继续喝",0,该用户想表达的含义是：这款产品效果显著，自己使用后成功减重，并打算继续购买坚持饮用。
HJ20180908,健康养生,衣服上哪买的,0,该用户想表达的含义是：询问主播身上穿的衣服的购买渠道，可能对同款服饰产生了兴趣。
HJ20180908,健康养生,饮食有要求吗,1,该用户可能是在询问该减肥产品对日常饮食是否有特殊限制或注意事项。
HJ20180908,健康养生,早上不爱吃早饭要喝吗,1,该用户想表达的含义是：如果早上没有吃早饭的习惯，是否可以饮用这款产品。
HJ20180908,健康养生,我一百四十五斤拍三单,0,该用户想表达的含义是：我体重145斤，打算下单购买三份产品尝试减肥效果。
HJ20180908,健康养生,要你身上的唐卡,0,该用户想表达的是对主播身上穿戴或展示的唐卡饰品产生了购买意向，希望了解如何获取同款。
HJ20180908,健康养生,经期能喝嘛,1,该用户是在询问该产品是否适合在生理期饮用。
HJ20180908,健康养生,"165斤,拍了两单哈",0,该用户想表达自己体重165斤，已经下单购买了两份产品。
HJ20180908,健康养生,经期吃吗?,1,该用户是在询问该产品是否适合在生理期间服用。
HJ20180908,健康养生,"我一单减了25斤,还不拉肚子,特别好",0,该用户想表达的含义是：这款产品减肥效果显著且安全可靠，自己使用后成功减重且无不良反应。
HJ20180908,健康养生,咖啡开水吗,1,该用户是想询问冲泡这款减肥咖啡时是否需要用开水。
HJ20180908,健康养生,多少毫升的水啊,1,该用户想询问产品的具体容量规格，以评估是否符合自己的使用需求或购买意愿。
HJ20180908,健康养生,122斤拍几单,1,该用户是在询问自己体重122斤的情况下应该购买多少份产品才能达到理想的减肥效果。
HJ20180908,健康养生,会不会泻?肚子疼?,1,该用户是在询问该产品是否会导致腹泻或腹痛等副作用。
HJ20180908,健康养生,"红姐我一直喝你家减肥套餐已经减了46斤,推荐好多同事过来拍了",0,该用户想表达的含义是：通过亲身体验验证产品效果显著，并主动带动他人购买以表达对产品的认可和推广意愿。
HJ20180908,健康养生,代谢慢喝好使吗,1,该用户是在询问这款产品对改善新陈代谢缓慢是否有效。
HJ20180908,健康养生,小人带的,0,该用户想表达的含义是：主播佩戴的饰品是什么款式的。
HJ20180908,健康养生,我减了7斤了,0,该用户想表达的含义是：这款减肥产品对我有效，我已经成功减重了。
HJ20180908,健康养生,真尼玛,0,该用户可能是在表达对产品效果的惊讶或质疑，带有一定的情绪化色彩。
HJ20180908,健康养生,"妹妹推荐我来的,她瘦了16斤",0,该用户想表达的含义是：因为看到亲友使用该产品效果显著，所以自己也想来尝试购买。
HJ20180908,健康养生,能回一句不,0,该用户可能因多次提问未获回应而感到焦急，希望主播能注意到自己的互动需求。
HJ20180908,健康养生,"按照你们的喝法喝减了17斤,太好了",0,该用户想表达的含义是：通过按照直播推荐的方法使用产品，自己成功减重了17斤，感到非常满意和欣喜。
HJ20180908,健康养生,我喝完一单减了7斤多,0,该用户想表达的含义是：自己购买了该减肥产品并取得了显著的减重效果（减掉7斤多）。
HJ20180908,健康养生,"一天喝几次,讲讲呗红姐",1,该用户想询问产品的具体饮用频率以获得更清晰的服用指导。
HJ20180908,健康养生,"我姐姐喝了一单,减了不到八斤",0,该用户想表达的含义是：我姐姐购买了这款产品后，体重减轻了不到八斤。
HJ20180908,健康养生,"我是刚生完孩子小肚子大,喝完两单肚子小了好多",0,该用户想表达的含义是：这款产品对产后身材恢复效果显著，自己使用后腹部明显变小了。
HJ20180908,健康养生,"拍了一单,加急发货",0,该用户想表达的含义是：我已经下单购买并希望尽快收到商品。
HJ20180908,健康养生,需要节食吗,1,该用户是在询问这款减肥产品是否需要配合控制饮食才能见效。
HJ20180908,健康养生,我能穿[捂脸],0,该用户可能在询问自己的身材是否适合使用该减肥产品，同时带着些许自嘲或不确定的心态。
HJ20180908,健康养生,#NAME?,0,该用户可能因网络卡顿或输入错误导致系统无法识别其问题，实际想询问的是关于产品使用效果或购买细节的疑问。
HJ20180908,健康养生,"我出月子就开始喝了,2单减了17斤",0,该用户想表达的含义是：这款产品效果显著，自己在产后饮用后成功减重17斤。
HJ20180908,健康养生,经期可以喝吗,1,该用户是在询问该减肥产品是否适合女性在生理期间饮用。
HJ20180908,健康养生,我第二单马上喝完.减掉24斤,0,该用户想表达的含义是：我已经喝完一单成功减重24斤，现在准备复购第二单继续使用这个产品。
HJ20180908,健康养生,"婆婆喝这个咖啡减了14斤,今天又回购两单",0,该用户想表达的含义是：身边亲友的实际效果验证了产品的减肥功效，因此自己也产生了信任并进行了复购。
HJ20180908,健康养生,"你家咖啡搭配喝减的真的很快,我减了28斤",0,该用户想表达的含义是：这款减肥咖啡效果显著，自己通过搭配饮用已经成功减重28斤。
HJ20180908,健康养生,脖子戴那个推介一下,0,该用户想表达的含义是：询问主播推荐当前展示的颈部佩戴产品。
HJ20180908,健康养生,胶囊吃完饭就吃吗,1,该用户可能在询问服用胶囊的具体时间安排，想知道是否需要在饭后立即服用以达到最佳效果。
HJ20180908,健康养生,有饱腹感吗,1,该用户是在询问这款产品是否能有效抑制饥饿感以达到减肥效果。
HJ20180908,健康养生,红姐真实喜欢红姐说的话,0,该用户想表达的含义是：认同主播红姐的观点并对其产生信任感。
HJ20180908,健康养生,三餐正常吃嘛,1,该用户是在询问产品是否需要配合控制饮食才能达到减肥效果。
HJ20180908,健康养生,你家咖啡比我喝其他家减的都多,1,该用户想表达的含义是：相比其他品牌的同类产品，你们家的咖啡减肥效果更显著。
HJ20180908,健康养生,可以喝我也瘦了,0,该用户想表达的含义是：按照主播推荐的方法饮用这款产品后，自己成功实现了减肥效果。
HJ20180908,健康养生,"回购两单,老顾客了加急发货",0,该用户是在表达自己作为忠实客户再次购买产品，并希望商家优先处理自己的订单以尽快收货。
HJ20180908,健康养生,项链有吗,0,该用户想询问直播间是否有项链产品在售。
HJ20180908,健康养生,我减了7斤了,0,该用户想表达的含义是：我通过使用这款产品成功减重了7斤。
HJ20180908,健康养生,"高178,160斤拍几单",1,该用户想表达的含义是：我身高178厘米体重160斤，应该购买多少份这个减肥产品才合适。
HJ20180908,健康养生,我感觉加速代谢了自从喝了红姐的以后,0,该用户想表达的含义是：喝了红姐推荐的产品后，感觉身体代谢速度明显加快了。
HJ20180908,健康养生,什么原理减肥,1,该用户是在询问这款减肥产品的具体作用机制，想了解它是通过什么方式帮助减重的。
HJ20180908,健康养生,忌口不,1,该用户可能是在询问产品是否需要避免在特定饮食或身体状况下饮用。
HJ20180908,健康养生,"你家咖啡效果确实很明显,又回购了1单",0,该用户是在认可产品效果的基础上，表达自己因满意而再次购买的行为。
HJ20180908,健康养生,160斤,1,该用户想表达的含义是：询问自己身高178厘米、体重160斤的情况下需要购买多少产品才能有效减肥。
HJ20180908,健康养生,"喝咖啡一单减了15斤了,确实好",0,该用户想表达的意思是：喝这款咖啡后成功减重15斤，认可其减肥效果并感到满意。
HJ20180908,健康养生,没忌口感觉都瘦了,0,该用户想表达的含义是：自己没有控制饮食但依然瘦了，暗示产品效果不错。
HJ20180908,健康养生,"昨天刚收到,今天早上就喝了一条奶咖晚上吃了两粒吃完怎么有点想恶心?",0,该用户可能在表达对产品副作用的担忧，暗示食用后出现不适反应（恶心），同时隐含对产品效果真实性的质疑。
HJ20180908,健康养生,我160,0,该用户想表达的含义是：询问自己身高160厘米的情况下应该购买多少份产品。
HJ20180908,健康养生,一单能减几斤,1,该用户是在询问购买一单产品能带来多少减肥效果。
HJ20180908,健康养生,就肚子大[捂脸],0,该用户可能是在自嘲或表达自己身材问题，暗示对减肥产品的效果感兴趣或怀疑。
HJ20180908,健康养生,怀孕能吃吗?,1,该用户是在询问产品（可能是减肥咖啡或相关食品）是否适合孕妇食用，以评估自身或他人能否安全使用。
HJ20180908,健康养生,"165斤,拍了两单哈",0,该用户想表达的含义是：自己体重165斤，已经下单购买了两份产品，暗示对产品效果有期待或认可。
HJ20180908,健康养生,胶囊吃完晚饭就吃吗,1,该用户是在询问服用减肥胶囊的具体时间安排，担心是否需要在晚饭后立即食用。
HJ20180908,健康养生,可以加糖吗,1,该用户可能在询问产品是否可以调整甜度以满足个人口味偏好。
HJ20180908,健康养生,"我减了16斤,确实好,让老公也喝了",0,该用户想表达的含义是：自己使用产品后成功减重16斤且效果显著，因此推荐给家人尝试。
HJ20180908,健康养生,用热水还是温水冲咖啡,1,该用户可能是在询问冲泡咖啡的具体方法，以确认产品使用方式是否会影响减肥效果。
HJ20180908,健康养生,你们脖子上带的有吗,0,该用户是在询问主播或工作人员脖子上佩戴的产品是否与直播间的商品相关，可能对同款饰品或展示物品产生了兴趣。
HJ20180908,健康养生,一单喝多少天,1,该用户想询问购买一单产品能够满足多少天的饮用需求。
HJ20180908,健康养生,三高可以喝吗?60岁可以喝吗?,1,该用户是在询问这款产品是否适合有三高症状的60岁人群饮用。
HJ20180908,健康养生,一单能瘦几斤啊,1,该用户是在询问这款减肥产品的见效速度，想知道购买一次大概能减掉多少体重。
HJ20180908,健康养生,"拍了一单,能减几斤",1,该用户是在询问购买一单产品后预计能达到的减肥效果，隐含对产品功效的量化期待和潜在购买意愿。
HJ20180908,健康养生,脖子里卖吗,0,该用户是在询问直播中展示的项链类商品是否参与售卖。
HJ20180908,健康养生,162110斤几单,1,该用户想表达的含义是：身高162厘米体重110斤的人需要购买多少单产品才能有效果。
HJ20180908,健康养生,"一单减了16斤,又回购了",0,该用户想表达的含义是：之前购买这款产品后成功减重16斤，效果显著所以再次下单购买。
HJ20180908,健康养生,我正在喝,0,该用户想表达的含义是：我正在使用你们直播中推荐的产品。
HJ20180908,健康养生,一天喝几回,1,该用户是在询问产品的每日建议饮用次数。
HJ20180908,健康养生,我喝中药呢喝咖啡有影响吗,1,该用户是在询问服用中药期间饮用该直播产品（可能是减肥咖啡或保健品）是否会产生不良反应。
HJ20180908,健康养生,我女儿-一百八十斤-买了两单试试,0,该用户想表达的含义是：我女儿体重较重，抱着尝试的心态购买了两单产品。
HJ20180908,健康养生,"我差,能回一句不",0,该用户可能在催促主播回复自己的提问或表达对产品效果的急切关注。
HJ20180908,健康养生,晚上不吃饭也吃芦荟吗,1,该用户可能在询问芦荟产品是否适合作为代餐或空腹食用，暗示对产品使用方式和效果的关注。
HJ20180908,健康养生,"我喝咖啡减12斤了,又回购了",0,该用户想表达的含义是：通过饮用这款咖啡成功减重12斤，因效果显著而再次购买。
HJ20180908,健康养生,咖啡饭前还是饭后,1,该用户是在询问咖啡饮用的最佳时间，想了解饭前还是饭后饮用对减肥效果更有利。
HJ20180908,健康养生,我第二单马上喝完.减掉24斤,0,该用户想表达的含义是：我已经回购第二次并快喝完了，成功减重24斤。
HJ20180908,健康养生,"妹妹推荐我来的,她瘦了16斤",0,该用户想表达的含义是：因为看到亲友使用该产品效果显著，所以自己也产生了购买兴趣前来尝试。
HJ20180908,健康养生,"我106斤,一单减了7斤,确实不错,在拍一单",0,该用户想表达的含义是：自己通过使用该产品体重从106斤减到了99斤，效果满意，因此决定再次下单购买。
HJ20180908,健康养生,"我老公减了14斤,肚子明显小了好多",0,该用户想表达的含义是：这款产品确实有效果，家人使用后体重明显下降。
HJ20180908,健康养生,"喝咖啡减了14斤,很满意",0,该用户想表达的含义是：自己通过饮用这款咖啡成功减重14斤，对效果感到满意并可能暗示会继续回购。
HJ20180908,健康养生,"我喝了20天,减了16斤,今天又回购了2单",0,该用户想表达的含义是：通过持续使用产品取得了显著的减肥效果，因此再次下单以继续使用。
HJ20180908,健康养生,"一直坚持喝5单了,已经减50来斤",0,该用户想表达的含义是：自己持续购买并饮用该产品，已经成功减重了约50斤。
HJ20180908,健康养生,一条咖啡放多少毫升水,1,该用户是在询问冲泡咖啡时的具体水量配比，可能是刚购买产品后对使用方法不清楚，想了解如何正确饮用以达到减肥效果。
HJ20180908,健康养生,"我减了16斤,确实好,让老公也喝了",0,该用户想表达的含义是：自己通过使用产品成功减重16斤，认可效果后推荐给家人尝试。
HJ20180908,健康养生,芦荟胶囊在哪,1,该用户想询问芦荟胶囊产品的购买链接或具体位置。
HJ20180908,健康养生,"胶囊吃完晚饭就吃吗,回答我呀",1,该用户是在询问服用胶囊的具体时间安排，尤其是晚饭后是否可以立即服用，并迫切希望得到主播的即时回应。
HJ20180908,健康养生,一单能喝多少天,1,该用户是在询问购买的产品（可能是减肥咖啡）的单次购买量能够满足多少天的饮用需求。
HJ20180908,健康养生,左旋肉碱对身体有伤害吗?,1,该用户担心左旋肉碱的安全性，想确认是否适合自己使用。
HJ20180908,健康养生,正常吃饭吗,1,该用户可能是想询问产品是否需要在正常用餐时间服用，或者是否会影响日常饮食规律。
HJ20180908,健康养生,用控制饮食吗,1,该用户是在询问这款减肥产品是否需要配合控制饮食才能见效。
HJ20180908,健康养生,"我是特顽固体质喝完咖啡20天,减了11斤",0,该用户想表达的含义是：作为不易减重的体质，自己喝这款咖啡后效果显著，20天就瘦了11斤。
HJ20180908,健康养生,会减掉脸上的肉会不会皮肤松弛,1,该用户担心使用产品减肥后可能导致面部皮肤松弛，想确认产品的安全性或副作用。
HJ20180908,健康养生,"喝不到两单减了16斤,太好了又来回购了2单",0,该用户想表达的含义是：自己通过购买该产品成功减重16斤，感到效果显著，因此再次下单回购了两份。
HJ20180908,健康养生,身上衣服有吗,0,该用户是在询问主播身上穿的衣服是否在售，表达了对展示商品的购买兴趣。
HJ20180908,健康养生,能用纯牛奶吗,1,该用户可能是在询问直播中推荐的减肥咖啡是否可以用纯牛奶代替水来冲泡。
HJ20180908,健康养生,"去年180,喝了现在现在200",0,该用户想表达的意思是：去年体重180斤，喝了这款产品后现在减到了200斤（可能是表达对产品效果的不满或体重反弹的困惑）。
HJ20180908,健康养生,试喝几袋,1,该用户想表达的含义是：想先少量尝试产品效果再决定是否购买。
HJ20180908,健康养生,117斤拍几单,1,该用户想表达的含义是：询问自己体重117斤的情况下需要购买多少份产品才能达到理想的减肥效果。
HJ20180908,健康养生,"一直喝你家咖啡,今天太划算了,抢了4单",0,该用户想表达的含义是：作为长期回购的老顾客，觉得本次促销力度大，果断下单囤货。
HJ20180908,健康养生,160拍多少,1,该用户想询问身高160厘米的顾客应该购买多少份产品才能达到理想的减肥效果。
HJ20180908,健康养生,怎么喝说说呗拍了一单,1,该用户想表达的意思是：我刚下单购买了产品，想了解具体的饮用方法。
HJ20180908,健康养生,你家咖啡真的很好用,1,该用户想表达的含义是：对这款咖啡产品的效果感到满意并认可其品质。
HJ20180908,健康养生,115能减下去10斤拍几单,1,该用户想询问自己体重115斤的情况下需要购买多少份产品才能达到减重10斤的效果。
HJ20180908,健康养生,吃护肝片和硒能和咱家减肥产品一起吃完,0,该用户想询问护肝片和硒片是否可以与他们正在推广的减肥产品同时服用。
HJ20180908,健康养生,看看芦荟,1,该用户想表达的含义是：想了解直播中提到的芦荟相关产品的具体展示或介绍。
HJ20180908,健康养生,"刚来,咋喝",1,该用户想表达的含义是：我刚进入直播间，想了解这款产品的具体饮用方法。
HJ20180908,健康养生,16岁能喝吗,1,该用户是在询问产品是否适合未成年人使用。
HJ20180908,健康养生,"就是早上喝咖啡,晚上喝胶囊吗,中午不用喝吗",1,该用户可能在询问产品的具体使用时间和频率，想了解是否只需早晚饮用而中午不需要。
HJ20180908,健康养生,"165斤,拍了两单哈",0,该用户想表达的含义是：自己体重165斤，已经下单购买了两份产品。
HJ20180908,健康养生,怎么喝,1,该用户是在询问产品的具体饮用方法或使用方式。
HJ20180908,健康养生,"我喝咖啡减了9斤,刚刚又拍了两单,加急发货",0,该用户想表达的含义是：通过饮用这款咖啡成功减重后，出于信任和效果满意又追加购买了两份并希望尽快收货。
HJ20180908,健康养生,"没哦不能看到,为啥不回",0,该用户可能在表达因未及时得到主播回应而感到困惑和不满，暗示自己无法看到产品信息或使用方法所以无法下单。
HJ20180908,健康养生,喝几天能看到效果,1,该用户想询问产品需要持续服用多久才能显现出预期的减肥效果。
HJ20180908,健康养生,128斤,1,该用户想表达的含义是：询问以自己128斤的体重应该购买多少份产品才能达到预期效果。
HJ20180908,健康养生,绝对有效果吗,1,该用户是在询问产品的实际效果是否如宣传所说那样可靠，隐含对产品效果的疑虑和期待确认的心理。
HJ20180908,健康养生,我喝了3单减了36斤今天又来回购两单,0,该用户想表达的含义是：通过使用该产品成功减重后，出于信任和效果再次下单购买。
HJ20180908,健康养生,经期能喝不,1,该用户是在询问该产品是否适合经期女性饮用，以评估自身是否符合使用条件。
HJ20180908,健康养生,"相信你,拍了两单加急发货",0,该用户因信任主播且对产品效果满意，在已购买两单的基础上要求加快物流速度以便尽快使用。
HJ20180908,健康养生,红姐好漂亮[玫瑰],0,该用户是在表达对主播的喜爱和赞美，但并未直接表现出对产品的购买兴趣。
HJ20180908,健康养生,哺乳期可以喝吗,1,该用户是在询问产品是否适合哺乳期女性饮用，以评估自身情况下的购买安全性。
HJ20180908,健康养生,怎么喝法,1,该用户想询问产品的具体服用方法或使用步骤。
HJ20180908,健康养生,"我之前喝过很多家产品都拉肚子,就你家的不拉肚子,我还减了26斤",1,该用户想表达的含义是：对比其他品牌后认可该产品的安全性和减肥效果，并分享了自己的成功减重经历以增强可信度。
HJ20180908,健康养生,会心慌吗,1,该用户可能是在询问产品的副作用，担心服用后是否会出现心慌等不适反应。
HJ20180908,健康养生,怎么吃,1,该用户想询问产品的具体服用方法或食用方式。
HJ20180908,健康养生,喝了会心脏不舒服吗,1,该用户是在担心产品的安全性，询问饮用后是否可能引发心脏不适等副作用。
HJ20180908,健康养生,120斤拍几单,1,该用户想询问自己体重120斤的情况下应该购买多少份产品才能达到预期效果。
HJ20180908,健康养生,"120拍1单可以吗,能瘦多少",1,该用户想询问购买120斤规格的产品拍一单是否合适，并想了解使用后的大致减肥效果。
HJ20180908,健康养生,你家咖啡比我喝其他家减的都多,1,该用户想表达的含义是：相比其他品牌的咖啡，你们家的产品减肥效果更明显。
HJ20180908,健康养生,我就是正常吃饭一单减了17斤,0,该用户想表达的含义是：按照常规方式饮用产品后成功减重了17斤。
HJ20180908,健康养生,120金拍几单,1,该用户想询问以120元的价格可以购买多少份产品。
HJ20180908,健康养生,"真的可以瘦,我减了18斤了",0,该用户想表达的含义是：这款产品确实有效果，我已经成功减重了不少。
HJ20180908,健康养生,几天能瘦,1,该用户想询问使用该产品后需要多少天才能达到明显的减肥效果。
HJ20180908,健康养生,胶囊吃完晚饭就吃吗,1,该用户想询问胶囊产品的具体服用时间，是否可以在晚餐后立即服用。
HJ20180908,健康养生,现在曝光减肥咖啡有毒,0,该用户可能是在质疑或提醒其他观众注意该减肥咖啡的安全性，暗示产品可能存在健康风险。
HJ20180908,健康养生,月经能吃吗,1,该用户是在询问该减肥产品是否适合在经期期间服用。
HJ20180908,健康养生,"我喝你家的咖啡减了43斤,现在我身边的朋友都在喝",0,该用户想表达的含义是：这款咖啡的减肥效果显著，不仅自己成功减重，还带动了身边的朋友一起购买。
HJ20180908,健康养生,180多斤,0,该用户可能是想询问自己体重180多斤的情况下需要购买多少产品才能达到减肥效果。
HJ20180908,健康养生,这个管用吗,1,该用户是在询问产品的实际效果是否可靠。
HJ20180908,健康养生,"我老顽固性了,喝了几天真开始减了,今天又来回购一单",0,该用户想表达的含义是：自己长期存在顽固性问题，在尝试该产品后确实开始见效，因此决定再次购买以继续使用。
HJ20180908,健康养生,拍了拍了,0,该用户想表达的含义是：我已经下单购买了这款产品。
HJ20180908,健康养生,带的什么,0,该用户是在询问主播当前正在介绍或展示的具体产品是什么。
HJ20180908,健康养生,"喝咖啡一单减了15斤了,确实好",0,该用户想表达的意思是：这款咖啡减肥效果显著，自己饮用后成功减重15斤，对产品效果表示认可和满意。
HJ20180908,健康养生,我喝完一单减了18斤,0,该用户想表达的含义是：使用该产品后成功减重了18斤，以此证明产品的有效性并可能暗示推荐他人购买。
HJ20180908,健康养生,"我拍了1单,能减几斤啊",0,该用户是在询问购买一单产品后预计能达到的减肥效果。
HJ20180908,健康养生,"我106斤,一单减了7斤,确实不错,在拍一单",0,该用户想表达的含义是：自己使用该产品后体重从106斤减到了99斤，效果满意，决定再次下单购买。
HJ20180908,健康养生,现在咖啡都有毒的,0,该用户可能是在质疑直播间推销的减肥咖啡存在安全隐患或质量问题。
HJ20180908,健康养生,怎么喝,1,该用户可能是在询问产品的具体饮用方法或服用方式。
HJ20180908,健康养生,"你家咖啡搭配喝减的真的很快,我减了28斤",0,该用户想表达的含义是：这款咖啡的减肥效果非常显著，自己已经成功减掉了28斤。
HJ20180908,健康养生,早晨喝了一包,0,该用户想表达的含义是：自己已经尝试过这款产品（可能是减肥咖啡），并在早晨饮用了一包。
HJ20180908,健康养生,"喝了一单,减快9斤,很满意",0,该用户想表达的含义是：购买并使用了产品后效果显著，减重近9斤，感到非常满意。
HJ20180908,健康养生,吃了会不会心突突的,1,该用户担心产品可能有副作用，导致心悸等不适反应。
HJ20180908,健康养生,"我喝你们这个减肥套餐一单了,减了9斤了",0,该用户想表达的含义是：自己使用该减肥套餐后效果显著，已成功减重并有意继续支持。
HJ20180908,健康养生,需要运动吗?,1,该用户可能是在询问这款减肥咖啡是否适合在运动时饮用，或者是否需要配合运动才能达到更好的减肥效果。
HJ20180908,健康养生,"红姐我喝你家减肥咖啡都减了15斤了,今天再来拍一单",0,该用户想表达的含义是：对产品效果满意并打算再次购买以继续使用。
HJ20180908,健康养生,喝了就拉丝[捂脸],0,该用户想表达的含义是：这款减肥咖啡效果太猛了，喝完立刻见效到夸张的程度。
HJ20180908,健康养生,用开水冲还是用什么水,1,该用户是在询问冲泡减肥咖啡时应该使用什么温度的水，表现出对产品使用方法的关注和潜在的购买意向。
HJ20180908,健康养生,"亲感冒了吃药,能喝吗",1,该用户可能是在询问感冒服药期间是否可以继续饮用直播中推销的减肥咖啡产品。
HJ20180908,健康养生,"我喝咖啡减了9斤,刚刚又拍了两单,加急发货",0,该用户想表达的含义是：自己通过饮用该减肥咖啡取得了显著效果（减重9斤），因满意产品效果而再次下单并希望尽快收货。
HJ20180908,健康养生,"老公减了25斤,比我减得多很多",0,该用户想表达的含义是：伴侣使用该产品后效果显著，自己也想尝试购买。
HJ20180908,健康养生,血压高能喝吗,1,该用户是在询问这款减肥咖啡是否适合高血压人群饮用，担心产品成分可能对血压有影响。
HJ20180908,健康养生,"我也是老顾客,买了好多单真的很好",0,该用户想表达的含义是：作为多次回购的忠实客户，我对产品效果非常认可并持续支持购买。
HJ20180908,健康养生,"红姐我姐姐喝你家咖啡减了39斤,我今天也过来拍了",0,该用户想表达的含义是：看到亲友使用这款咖啡有明显减肥效果，自己也决定下单尝试。
HJ20180908,健康养生,之前那个呢,0,该用户可能在询问之前提到的某款产品或优惠活动是否还在继续。
HJ20180908,健康养生,一单吃多少天?,1,该用户是在询问购买一单产品能够使用多长时间。
HJ20180908,健康养生,奶茶饮料可以喝吗?,1,该用户是在询问这款奶茶饮料是否适合饮用，可能担心产品的安全性或适用性。
HJ20180908,健康养生,"我姐姐让我过来拍的,她都减了35斤了",0,该用户想表达的含义是：因为看到姐姐使用该产品效果显著（减重35斤），所以自己也信任并前来购买。
HJ20180908,健康养生,我喝完一单减了18斤,0,该用户想表达的含义是：购买并饮用了这款减肥产品后，自己成功减重了18斤。
HJ20180908,健康养生,这些东西少喝点.过几年吧,0,该用户可能是在委婉表达对产品的顾虑或质疑，暗示减肥产品可能存在健康风险，建议谨慎使用或暂缓购买。
HJ20180908,健康养生,"已拍,这些能喝多少天",1,该用户想表达的含义是：已经下单购买了产品，询问这批货的使用时长。
HJ20180908,健康养生,那我也买一单信你,0,该用户被其他买家的正面反馈所打动，决定信任主播并下单购买产品。
HJ20180908,健康养生,"我只想减十斤,需要买几单?",1,该用户是在询问要达到减重十斤的目标需要购买多少份产品。
HJ20180908,健康养生,吃东西控制吗,1,该用户是在询问使用该减肥产品期间是否需要控制饮食。
HJ20180908,健康养生,"喝了2单,减了33斤",0,该用户想表达的含义是：通过购买并饮用该产品，自己已经成功减重33斤，暗示产品效果显著并可能考虑继续回购。
HJ20180908,健康养生,吃抑郁药可以喝嘛,1,该用户是在询问服用抗抑郁药物期间是否可以同时饮用直播间销售的减肥咖啡。
HJ20180908,健康养生,"下单了,怎么吃?说一下",1,该用户已经完成购买，想了解产品的具体食用方法和注意事项。
HJ20180908,健康养生,我第二单马上喝完.减掉24斤,0,该用户想表达的含义是：我已经喝完了一单产品并成功减重24斤，现在准备再次购买。
HJ20180908,健康养生,一单吃几天?,1,该用户想询问购买一单产品能够使用多长时间。
HJ20180908,健康养生,收到打卡第一天,0,该用户想表达的含义是：已经下单购买产品并开始使用，今天是使用的第一天。
HJ20180908,健康养生,美女16岁能拍吗,1,该用户可能是在询问产品是否适合16岁的青少年使用。
HJ20180908,健康养生,"我拍了两单,我是来回购的",0,该用户想表达的含义是：我已经购买过该产品并且效果满意，现在再次下单支持。
HJ20180908,健康养生,刚下一单给说一下怎么吃,1,该用户想表达的含义是：我已经下单购买了产品，现在需要了解具体的食用方法或使用说明。
HJ20180908,健康养生,姐妹们少喝点这些东西吧,0,该用户是在委婉提醒其他人谨慎购买或饮用这些减肥产品，可能出于对健康风险的担忧。
HJ20180908,健康养生,"我喝咖啡减了9斤,刚刚又拍了两单,加急发货",0,该用户想表达的含义是：自己通过使用该产品成功减重，出于信任和满意再次购买并希望尽快收到货。
HJ20180908,健康养生,拍了一单115斤能减下去10斤吗,1,该用户是在询问购买该产品后能否帮助自己从115斤减掉10斤体重，表现出对产品效果的关注和潜在的购买意向。
HJ20180908,健康养生,说说配料表,1,该用户想了解产品的具体成分信息以评估是否适合购买或饮用。
HJ20180908,健康养生,一单能减几斤,1,该用户想询问购买一单产品能带来多少减肥效果。
HJ20180908,健康养生,饮料奶茶可以喝吗,1,该用户可能在询问这款饮料奶茶是否适合饮用，隐含对产品效果或适用性的疑虑。
HJ20180908,健康养生,.己拍,0,该用户想表达的含义是：我已经下单购买了产品。
HJ20180908,健康养生,"我喝你家的咖啡减了43斤,现在我身边的朋友都在喝",0,该用户想表达的含义是：这款咖啡的减肥效果显著，自己亲身体验后成功减重并带动了周围朋友购买。
HJ20180908,健康养生,饮食有要求吗,1,该用户是在询问该产品是否需要配合特定的饮食控制才能达到预期效果。
HJ20180908,健康养生,"我102斤也减了6斤,很满意",0,该用户想表达的含义是：使用产品后体重从102斤减到了96斤，效果令人满意。
HJ20180908,健康养生,有个鬼用,0,该用户可能是在质疑产品的实际效果或用途，认为其宣传的功效不靠谱或没有实际作用。
HJ20180908,健康养生,喝6天了,0,该用户想表达的含义是：已经连续购买并饮用该产品六天了，可能是在分享使用体验或询问后续效果。
HJ20180908,健康养生,"马上第二单喝完,减了31斤",0,该用户想表达的是：自己已经回购并快喝完第二单产品，成功减重31斤，对效果感到满意并有意继续使用。
HJ20180908,健康养生,会拉肚子吗,1,该用户可能是担心产品的安全性，询问食用后是否会有腹泻等不良反应。
HJ20180908,健康养生,"我61岁,喝完你的两单咖啡掉了19斤很满意",0,该用户想表达的含义是：自己购买了该产品并体验后效果显著，对减肥效果感到满意并可能考虑继续回购。
HJ20180908,健康养生,问你也不理,0,该用户可能因未得到主播及时回应而感到不满，暗示自己的购买咨询被忽视。
HJ20180908,健康养生,我第二单马上喝完.减掉24斤,0,该用户想表达的含义是：我已经快喝完第二次购买的产品，并且成功减重了24斤。
HJ20180908,健康养生,"减的确实很快,一单我减了22斤",0,该用户想表达的含义是：这款产品减肥效果显著，自己购买后成功减重了22斤。
HJ20180908,健康养生,吃这个还吃饭吗,1,该用户可能在询问该产品是否能替代正餐或是否需要配合正常饮食来达到效果。
HJ20180908,健康养生,"喝了减肥套餐2单了,减了18斤",0,该用户想表达的含义是：自己已经购买了两份减肥套餐并成功减重18斤，以此证明产品的效果并可能鼓励他人购买。
HJ20180908,健康养生,你家咖啡真的很好用,1,该用户想表达的含义是：这款咖啡的减肥效果让我很满意。
HJ20180908,健康养生,"喝咖啡一单减了15斤了,确实好",0,该用户想表达的含义是：使用这款咖啡后成功减重15斤，效果确实不错。
HJ20180908,健康养生,用开水冲还是用什么水,1,该用户可能是在询问产品的具体冲泡方式，想确认是否必须使用开水或其他水温也可以，以了解正确的使用方法。
HJ20180908,健康养生,"婆婆喝这个咖啡减了14斤,今天又回购两单",0,该用户想表达的含义是：自己因家人使用该产品效果显著而再次购买，以此佐证产品的有效性并表达对品牌的信任。
HJ20180908,健康养生,"真的可以瘦,我减了18斤了",0,该用户想表达的含义是：这款产品确实有效果，自己使用后取得了显著的减肥成效。
HJ20180908,健康养生,己拍加急,0,该用户想表达的含义是：我已经下单并选择了加急配送服务。
HJ20180908,健康养生,我喝完一单减了7斤多,0,该用户想表达的含义是：使用该产品后取得了明显的减肥效果，对此感到满意并间接推荐。
HJ20180908,健康养生,一天吃几回,1,该用户可能在询问产品的每日食用频率或使用规范，想了解如何合理饮用这款减肥咖啡以达到最佳效果。
HJ20180908,健康养生,"回购2单,已经减了8斤",0,该用户想表达的含义是：我已经购买并使用过该产品两次，成功减重8斤，效果满意所以再次回购。
HJ20180908,健康养生,这个拉肚子吗?,1,该用户是在询问该产品是否会导致腹泻等不良反应，可能是出于对产品安全性的顾虑或想了解副作用情况。
HJ20180908,健康养生,"红姐我喝你家减肥咖啡都减了15斤了,今天再来拍一单",0,该用户想表达的含义是：对产品效果满意并决定再次购买以继续减肥。
HJ20180908,健康养生,"我喝了一单减了11斤,今天又来回购了",0,该用户想表达的含义是：之前购买产品后取得了显著的减肥效果（减重11斤），因此再次下单以继续使用该产品。
HJ20180908,健康养生,我晚饭吃的晚可以吗,1,该用户可能是在询问服用减肥咖啡期间是否可以推迟晚餐时间，担心饮食时间安排不当会影响减肥效果。
HJ20180908,健康养生,"我也是老顾客,买了好多单真的很好",0,该用户想表达的含义是：作为长期忠实客户，我对产品效果非常满意并持续复购。
HJ20180908,健康养生,"活动太划算了,我又回购了两单",0,该用户想表达的含义是：直播间的促销活动非常优惠，自己因为对产品效果满意而再次下单购买。
HJ20180908,健康养生,水果可以吃吗,1,该用户可能是在询问直播中展示的水果是否可以试吃或作为减肥套餐的一部分食用。
HJ20180908,健康养生,脖子的饰品好看,0,该用户可能是在询问或称赞主播脖子上佩戴的饰品，暗示对其感兴趣或有购买意向。
HJ20180908,健康养生,真的可以瘦吗?对身体有副作用吗,1,该用户对产品的减肥效果和安全性存在疑虑，希望了解实际功效和潜在风险。
HJ20180908,健康养生,你家的不拉肚子我还减了22斤,0,该用户想表达的含义是：使用这款产品不仅没有不良反应，还成功减重了22斤。
HJ20180908,健康养生,你能讲一下怎么吃吗?,1,该用户想询问产品的具体食用方法以确认是否适合自己使用。
HJ20180908,健康养生,吃水果行吗,1,该用户是在询问食用该减肥咖啡期间是否可以正常吃水果。
HJ20180908,健康养生,我喝了咖啡15天减了16斤,0,该用户想表达的含义是：这款减肥咖啡效果显著，自己亲身体验后短期内成功减重。
HJ20180908,健康养生,"买的时候说的很好,还要加微信什么的",0,该用户对产品宣传与实际体验存在落差感到不满，暗示商家在销售时过度承诺（如额外服务）但未兑现。
HJ20180908,健康养生,能吃水果吗,1,该用户可能是在询问直播中推荐的减肥产品是否允许在食用期间搭配水果，担心饮食限制影响效果。
HJ20180908,健康养生,咖啡喝完心脏会不会难受,1,该用户是在询问这款减肥咖啡是否会对心脏产生不良影响，表现出对产品安全性的担忧和潜在的购买顾虑。
HJ20180908,健康养生,中午可要喝了,0,该用户可能是想询问这款减肥咖啡是否适合在中午饮用，并隐含一定的购买意向。
HJ20180908,健康养生,"按照你们的喝法喝减了17斤,太好了",0,该用户想表达的含义是：通过使用该产品并遵循推荐方法成功减重，感到非常满意和欣喜。
HJ20180908,健康养生,"喝了一单,减快9斤,很满意",0,该用户想表达的含义是：购买并使用了产品后减重效果显著，感到非常满意。
HJ20180908,健康养生,中午饭前不吃吗?,1,该用户可能在询问减肥咖啡是否适合在午餐前空腹饮用。
HJ20180908,健康养生,蛋糕饼干能吃吗,1,该用户是在询问蛋糕饼干是否属于允许食用的产品范围，可能担心这些食品会影响当前减肥产品的效果或与使用建议冲突。
HJ20180908,健康养生,小糖人可以喝吗,1,该用户可能在询问直播中展示的“小糖人”产品是否属于可食用类商品，隐含对产品功能的兴趣或购买意向。
HJ20180908,健康养生,"我是刚生完孩子小肚子大,喝完两单肚子小了好多",0,该用户想表达的含义是：这款产品对产后身材恢复效果显著，自己使用后腹部明显变小，因此感到满意并愿意继续购买。
HJ20180908,健康养生,不拉肚子,0,该用户想表达的含义是：这款产品不会引起腹泻，使用效果安全可靠。
HJ20180908,健康养生,哺乳期可以吃吗,1,该用户是在询问产品是否适合哺乳期女性使用，担心可能对自身或婴儿健康有影响。
HJ20180908,健康养生,一单能瘦多少,1,该用户是在询问购买该减肥产品后，使用一个订单的量能带来多少减重效果。
HJ20180908,健康养生,"我喝你们这个减肥套餐一单了,减了9斤了",0,该用户想表达的含义是：使用该减肥套餐后效果显著，自己已经成功减重并感到满意。
HJ20180908,健康养生,饮料可以喝吗,1,该用户是在询问这款减肥饮料是否适合饮用，可能担心其安全性或适用性。
HJ20180908,健康养生,"他们卖79元,你们怎么卖99",0,该用户是在质疑直播间商品的价格比其他渠道更高，可能希望主播解释定价差异或给予优惠。
HJ20180908,健康养生,"买了,试试",0,该用户已经下单购买产品，并打算亲自体验效果。
HJ20180908,健康养生,"先买一单,后期还有活动吗",1,该用户对产品效果有一定认可，打算先尝试购买但希望后续能享受更多优惠活动。
HJ20180908,健康养生,"第1单咖啡减了9斤,第2单开始喝起来",0,该用户想表达的含义是：购买第一单咖啡后成功减重9斤，现在准备继续购买第二单开始饮用。
HJ20180908,健康养生,需要减肥代言吗,0,该用户可能在询问自己是否适合担任该减肥产品的推广代言人，暗示其对产品效果感兴趣并可能有意向参与合作。
HJ20180908,健康养生,一单喝多长时间,1,该用户想询问购买一单产品后能够饮用多久时间。
HJ20180908,健康养生,"我正常吃饭,一单减了12斤",0,该用户想表达的含义是：按照直播推荐的饮食方法正常进食后，使用产品一个周期就成功减重了12斤。
HJ20180908,健康养生,身上衣服有吗,0,该用户是在询问主播身上穿的衣服是否在售。
HJ20180908,健康养生,真减肥吗,1,该用户是在询问该减肥产品是否真的有效。
HJ20180908,健康养生,给说一下怎么吃,1,该用户想询问产品的具体食用方法或使用注意事项。
HJ20180908,健康养生,咖啡发的什么快递?,0,该用户想了解咖啡产品的配送方式及快递公司信息。
HJ20180908,健康养生,已拍加急,0,该用户想表达的含义是：我已经下单并选择了加急配送服务。
HJ20180908,健康养生,"120斤,买几单?",1,该用户是在询问自己的体重（120斤）适合购买多少份该减肥产品才能达到预期效果。
HJ20180908,健康养生,我就是正常吃饭一单减了17斤,0,该用户想表达的含义是：在不改变日常饮食习惯的情况下，使用该产品一个周期就成功减重了17斤。
HJ20180908,健康养生,"我喝咖啡减12斤了,又回购了",0,该用户想表达的含义是：通过饮用这款咖啡成功减重后，因效果满意而再次购买。
HJ20180908,健康养生,"你家咖啡搭配喝减的真的很快,我减了28斤",0,该用户想表达的含义是：使用你们这款咖啡搭配饮用的减肥效果显著，自己已经成功减重28斤。
HJ20180908,健康养生,我喝减肥套餐瘦了31斤,0,该用户想表达的含义是：使用该减肥产品后取得了显著的瘦身效果。
HJ20180908,健康养生,说说怎么喝,1,该用户想询问产品的具体饮用方法或使用步骤。
HJ20180908,健康养生,一直在喝你咖啡,0,该用户想表达的含义是：我是你们咖啡产品的长期消费者，对其效果表示认可。
HJ20180908,健康养生,"我102斤也减了6斤,很满意",0,该用户想表达的含义是：使用该产品后成功减重，对效果感到满意并间接推荐。
HJ20180908,健康养生,"我喝了20天,减了16斤,今天又回购了2单",0,该用户想表达的含义是：通过使用该产品取得了显著的减肥效果，因此再次购买以继续维持或增强效果。
HJ20180908,健康养生,下单了看有什么效果,0,该用户表示自己已经下单购买产品，想了解使用后能达到怎样的效果。
HJ20180908,健康养生,吊坠有链接吗,0,该用户对直播中展示的吊坠感兴趣，询问购买渠道以便下单。
HJ20180908,健康养生,"讲讲怎么吃,注意啥",1,该用户想了解产品的具体食用方法和注意事项，表现出对产品的实际使用细节的关注和潜在购买意向。
HJ20180908,健康养生,"马上第二单喝完,减了31斤",0,该用户想表达的含义是：自己已经喝完第一单并成功减重31斤，现在准备再次购买继续使用。
HJ20180908,健康养生,别给我整那个小果子回来,0,该用户可能是在表达对当前推销的减肥产品或赠品（如“小果子”）不感兴趣，希望主播不要推荐或赠送这类物品。
HJ20180908,健康养生,一单能吃多长时间啊,1,该用户是在询问购买的产品（可能是减肥咖啡或套餐）的使用周期和效果持久性。
HJ20180908,健康养生,"拍了一单,加急发货",0,该用户想表达的含义是：已经下单购买并要求尽快发货。
HJ20180908,健康养生,小基数有用吗,1,该用户是在询问该减肥产品对体重基数较小的人群是否同样有效。
HJ20180908,健康养生,你家咖啡比我喝其他家减的都多,1,该用户想表达的含义是：相比其他品牌的咖啡，你们家的产品减肥效果更明显。
HJ20180908,健康养生,"妹妹推荐我来的,她瘦了16斤",0,该用户想表达的含义是：因为看到亲友使用产品效果显著，所以对商品产生了信任和购买兴趣。
HJ20180908,健康养生,我拍了2单给我加急发货,0,该用户想表达自己已经下单购买了两份产品，并希望商家能够优先处理自己的订单尽快发货。
HJ20180908,健康养生,135斤需要几单,1,该用户想询问自己体重135斤需要购买多少份产品才能达到理想的减肥效果。
HJ20180908,健康养生,"活动太划算了,我又回购了两单",0,该用户认为直播间的促销活动非常优惠，因此再次下单购买了两份产品。
HJ20180908,健康养生,130斤,1,该用户想表达的含义是：询问自己130斤的体重需要购买多少单产品才能达到减肥效果。
HJ20180908,健康养生,一天喝几次,1,该用户想询问产品的每日建议饮用次数以了解使用方法和效果。
HJ20180908,健康养生,为什么我用了两盒啥用没有呢,0,该用户可能是在质疑产品的效果，认为使用两盒后没有达到预期的减肥效果，隐含不满或寻求解释。
HJ20180908,健康养生,慢性肠炎的可以喝吗,1,该用户是在询问产品是否适合慢性肠炎患者饮用，可能担心健康问题或寻求使用建议。
HJ20180908,健康养生,"一直坚持喝5单了,已经减50来斤",0,该用户想表达的含义是：持续购买并使用该产品后已成功减重显著，对效果感到满意并可能继续回购。
HJ20180908,健康养生,拍了加急发货,0,该用户想表达的含义是：已经下单购买并希望尽快收到商品。
HJ20180908,健康养生,我刚出月子喝了一单减了14斤,0,该用户想表达的含义是：自己产后刚恢复就购买了该产品，使用后成功减重了14斤。
HJ20180908,健康养生,"我现在200斤,我可以去你那里减肥吗",1,该用户是在询问自己目前的体重情况是否符合产品的减肥效果，并表达了对该产品的购买意向。
HJ20180908,健康养生,能吃水果吗?,1,该用户可能在询问产品是否适合搭配水果食用或是否会影响水果的摄入效果。
HJ20180908,健康养生,咖啡喝完心脏会不会难受,1,该用户是在询问这款咖啡的副作用，担心饮用后可能对心脏健康产生不良影响。
HJ20180908,健康养生,一天喝几厶,1,该用户想询问该产品每日建议饮用的次数。
HJ20180908,健康养生,"喝了减肥套餐2单了,减了18斤",0,该用户想表达的含义是：自己已经购买了两份减肥套餐并取得了明显的瘦身效果。
HJ20180908,健康养生,晚上不用喝咖啡吗,1,该用户可能在询问咖啡的饮用时间是否会影响减肥效果或身体健康。
HJ20180908,健康养生,一天喝几条,1,该用户想询问产品每日的建议饮用数量以评估购买需求。
HJ20180908,健康养生,哺乳期可以吃吗,1,该用户是在询问产品是否适合哺乳期女性使用，以评估自身情况下的购买可行性。
HJ20180908,健康养生,用节食吗,1,该用户是在询问使用该减肥产品期间是否需要配合节食来控制体重。
HJ20180908,健康养生,"我喝了一单减了11斤,今天又来回购了",0,该用户想表达的含义是：之前购买使用后效果显著（减重11斤），因此再次下单继续使用该产品。
HJ20180908,健康养生,喝了会头晕吗,1,该用户是在询问该减肥产品的副作用，担心饮用后可能出现头晕等不适反应。
HJ20180908,健康养生,"我减了16斤,确实好,让老公也喝了",0,该用户想表达的含义是：自己使用产品后成功减重，效果显著，因此推荐给家人尝试。
HJ20180908,健康养生,瘦肚子吗,1,该用户是在询问产品是否具有减少腹部脂肪的效果。
HJ20180908,健康养生,哺乳期能吃吗,1,该用户想询问该产品是否适合哺乳期女性使用。
HJ20180908,健康养生,哺乳期可以吗,1,该用户是在询问产品是否适合哺乳期女性使用。
HJ20180908,健康养生,"我61岁,喝完你的两单咖啡掉了19斤很满意",0,这位用户想表达的是：自己61岁，购买并饮用了两单咖啡后成功减重19斤，对产品效果非常满意。
HJ20180908,健康养生,小糖人可以喝吗,1,该用户是在询问直播中提到的“小糖人”产品是否适合饮用，可能出于对产品功效或适用人群的疑虑。
HJ20180908,健康养生,下单了加急,0,该用户想表达的含义是：我已经购买了产品并要求尽快发货。
HJ20180908,健康养生,"光喝这个的话,芦荟在哪里?",1,该用户可能是在询问产品成分中芦荟的具体来源或含量，以确认该饮品是否适合自己饮用或是否符合预期功效。
HJ20180908,健康养生,影响睡眠吗,1,该用户可能是在询问产品是否含有影响睡眠的成分或副作用。
HJ20180908,健康养生,哺乳期能喝吗,1,该用户想询问该产品是否适合哺乳期女性饮用。
HJ20180908,健康养生,哺乳期可以喝吗,1,该用户是在询问产品是否适合哺乳期女性饮用，以评估自身或他人是否能够安全使用该产品。
HJ20180908,健康养生,一天喝几包,1,该用户是在询问产品每日建议饮用量以评估是否适合自己购买。
HJ20180908,健康养生,为什么我用了两单啥用没有呢,0,该用户可能是在质疑产品的效果，表达自己购买并使用两单后没有感受到任何实际效果的不满和困惑。
HJ20180908,健康养生,150今,1,该用户可能在询问当前推广的减肥套餐价格是否为150元，并有意向购买。
HJ20180908,健康养生,108斤能减下去吗,1,该用户是在询问产品对体重108斤的减重效果是否有效。
HJ20180908,健康养生,"马上喝完第二单,减了23斤",0,该用户想表达的含义是：已经回购并持续使用该产品后成功减重23斤，对效果感到满意。
HJ20180908,健康养生,喝完咖啡心脏会不会难受,1,该用户是在询问这款咖啡产品是否可能引发心悸等心脏不适的副作用。
HJ20180908,健康养生,要多喝水吗,1,该用户可能是在询问产品的每日建议饮用量或使用频率。
HJ20180908,健康养生,110斤好瘦吗,1,该用户可能在询问产品对110斤体重的减肥效果是否明显。
HJ20180908,健康养生,"减肥咖啡确实好,我是老顾客,大家放心买",0,该用户想表达的含义是：以老顾客的身份为产品背书，向其他观众推荐这款减肥咖啡，强调其效果可靠以增强购买信心。
HJ20180908,健康养生,我拍了一单,0,该用户想表达的含义是：我已经下单购买了这款产品。
HJ20180908,健康养生,上店脖子上戴的[心心],0,该用户想表达的含义是：主播戴的项链很好看，询问是否在店铺有售。
HJ20180908,健康养生,我110斤肚子上有肉能吃吗,1,该用户是在询问自己体重110斤且有腹部赘肉的情况下是否适合服用直播推荐的减肥产品。
HJ20180908,健康养生,"我是刚生完孩子小肚子大,喝完两单肚子小了好多",0,该用户想表达的含义是：这款产品对产后身材恢复效果显著，自己使用后腹部明显瘦了。
HJ20180908,健康养生,120斤,1,该用户想表达的含义是：询问自己当前的体重是否适合使用这款减肥咖啡。
HJ20180908,健康养生,一百二十五呢,0,该用户是在询问或感叹当前商品的价格是125元。
HJ20180908,健康养生,拍了拍了,0,该用户想表达的含义是：我已经下单购买了这款产品。
HJ20180908,健康养生,"一米六二,100斤,一单能瘦多少斤",1,该用户想询问自己身高162厘米、体重100斤的情况下，购买该减肥产品后预计能减掉多少体重。
HJ20180908,健康养生,一米五一百一十斤拍几单,1,该用户想询问自己身高1米5、体重110斤的情况下需要购买多少份产品才能达到理想的减肥效果。
HJ20180908,健康养生,110斤可以吗?,1,该用户是在询问自己110斤的体重是否适合使用直播推荐的减肥产品。
HJ20180908,健康养生,戴的是啥,0,该用户想询问主播佩戴的饰品或产品的具体名称或信息。
HJ20180908,健康养生,你家的不拉肚子我还减了22斤,0,该用户想表达的含义是：使用你们的产品后不仅没有不适反应，还成功减重了22斤。
HJ20180908,健康养生,拍了一单试试,0,该用户想表达的含义是：出于尝试心态下单购买了产品。
HJ20180908,健康养生,一天喝几袋,1,该用户想询问产品每日建议饮用量以评估减肥效果或使用频率。
HJ20180908,健康养生,"我现在240斤,肚子大",0,该用户想表达的含义是：我体重较大且腹部肥胖，想了解这款减肥咖啡是否适合我以及效果如何。
HJ20180908,健康养生,怎么喝,1,该用户可能是在询问产品的具体饮用方法或频率，比如每次喝多少、何时喝等使用细节。
HJ20180908,健康养生,"喝了2单,减了33斤",0,该用户想表达的含义是：自己已经购买并饮用了两单产品，成功减重33斤。
HJ20180908,健康养生,"下单了,接到货.喝完再来回馈",0,该用户想表达的含义是：已经购买产品并期待收货后分享使用效果。
HJ20180908,健康养生,"马上喝完一单了,真没想到减了10斤,又拍了2单",0,该用户想表达的含义是：自己已经喝完一单产品并成功减重10斤，出于对效果的认可又复购了两单。
HJ20180908,健康养生,一百零几斤想瘦几斤能不能行,1,该用户是在询问自己当前体重一百零几斤的情况下，使用直播推荐的产品能否实现减重几斤的效果。
HJ20180908,健康养生,"红姐我一直喝你家减肥套餐已经减了46斤,推荐好多同事过来拍了",0,该用户想表达的含义是：自己长期使用该减肥产品效果显著，并主动推荐给他人以验证产品效果。  （释义逻辑：结合前文弹幕中频繁出现的体重咨询、复购反馈和效果验证，该用户通过具体数据（46斤）和社交传播行为（推荐同事）强化产品可信度，属于典型的使用者证言型购买兴趣表达。）
HJ20180908,健康养生,哺乳期可以喝吗,1,该用户是在询问产品是否适合哺乳期女性使用，担心可能影响自身或婴儿健康。
HJ20180908,健康养生,为什么设置别人的信息,0,该用户可能是在询问为什么直播间的产品信息或使用反馈中出现了其他人的数据或案例。
HJ20180908,健康养生,我喝了咖啡15天减了16斤,0,该用户想表达的含义是：这款咖啡的减肥效果显著，自己亲身体验后瘦了很多。
HJ20180908,健康养生,多久可以看到效果,1,该用户是在询问使用该减肥产品后需要多长时间才能显现出瘦身效果。
HJ20180908,健康养生,"我是特顽固体质喝完咖啡20天,减了11斤",0,该用户想表达的含义是：这款咖啡对难以减肥的特顽固体质也有效果，自己使用后取得了显著的减重效果。
HJ20180908,健康养生,"我喝咖啡减12斤了,又回购了",0,该用户想表达的含义是：通过饮用这款咖啡成功减重后，出于对产品效果的认可再次下单购买。
HJ20180908,健康养生,可以吃水果吗,1,该用户可能在询问直播中推销的减肥产品是否可以搭配水果食用。
HJ20180908,健康养生,"我喝1单,瘦了10斤",0,该用户想表达的是：购买并使用该产品后成功减重，效果显著。
HJ20180908,健康养生,"第1单咖啡减了9斤,第2单开始喝起来",0,该用户想表达的含义是：第一次购买这款减肥咖啡后成功减重9斤，于是决定继续回购并坚持饮用。
HJ20180908,健康养生,170斤可以去你那减肥上班吗,1,该用户是在询问自己170斤的体重是否符合使用该减肥产品的条件，并暗示有意尝试购买。
HJ20180908,健康养生,"我喝咖啡减了9斤,刚刚又拍了两单,加急发货",0,该用户想表达自己通过饮用该产品成功减重后，因满意效果而再次回购并希望尽快收到货品。
HJ20180908,健康养生,"我喝两单减了18斤,减的很满意",0,该用户想表达的是：通过购买并饮用了两单产品后成功减重18斤，对效果感到满意并有意分享自己的成功体验。
HJ20180908,健康养生,"拍了一单,能减几斤",1,该用户想表达的含义是：询问购买的产品使用后能达到怎样的减肥效果。
HJ20180908,健康养生,170斤要几单上夜班怎么吃,1,该用户想询问自己体重170斤的情况下需要购买多少份产品，以及夜班期间该如何服用才能达到减肥效果。
HJ20180908,健康养生,红姐带的是五爷吗,0,该用户可能在询问主播展示的产品是否为直播间之前提到的“五爷”品牌或款式。
HJ20180908,健康养生,我139多斤怎么拍,1,该用户是在询问自己体重139斤的情况下应该购买多少份（或哪种规格）的减肥产品。
HJ20180908,健康养生,一单能瘦多少斤,1,该用户是在询问购买一份产品后能达到的预期减肥效果。
HJ20180908,健康养生,"我姐姐喝了一单,减了不到八斤",0,该用户想表达的含义是：我姐姐购买了这款产品并服用后，体重减轻了不到八斤。
HJ20180908,健康养生,240斤,1,该用户想表达的含义是：询问自己目前的体重（240斤）适合购买多少份产品才能有效减肥。
HJ20180908,健康养生,为什么看不到个人信息,0,该用户可能是在询问为何无法查看主播或其他用户的个人资料信息。
HJ20180908,健康养生,一天喝几次咖啡,1,该用户可能在询问咖啡产品的建议饮用频率，以了解如何达到理想的减肥效果。
HJ20180908,健康养生,我就是正常吃饭一单减了17斤,0,该用户想表达的是：通过正常饮食配合产品使用，自己成功减重了17斤。
HJ20180908,健康养生,芦荟也是24天的量吗,1,该用户是在询问直播中提到的芦荟产品（可能是减肥辅助品）的使用周期是否和之前讨论的咖啡产品一样为24天的用量。
HJ20180908,健康养生,能吃多长时间啊,1,该用户是在询问产品的使用周期或消耗时长，可能想了解一份商品能持续使用多少天。
HJ20180908,健康养生,什么味道,1,该用户想询问直播中提到的产品（可能是咖啡或其他饮品）的具体口味或风味。
HJ20180908,健康养生,"喝不到两单减了16斤,太好了又来回购了2单",0,该用户想表达的意思是：之前购买了两单产品后成功减重16斤，效果满意所以再次回购了两单。
HJ20180908,健康养生,"我是特顽固体质喝完咖啡20天,减了11斤",0,该用户想表达的含义是：这款咖啡的减肥效果显著，连我这种很难瘦下来的人都成功减重了。
HJ20180908,健康养生,脖子戴防小人的上车,0,该用户想表达的含义是：询问主播戴的项链是否是用于辟邪防小人的款式，并有意购买。  （结合前文弹幕中频繁出现的购物意向和产品咨询，以及“红姐带的是五爷吗”这类对主播佩戴物品的直接提问，可推断用户是在关注直播间展示的商品功能，并隐含购买兴趣。）
HJ20180908,健康养生,要多喝水吗,1,该用户可能在询问产品的具体饮用频率或使用方法，以确认是否需要增加饮用量来达到预期效果。
HJ20180908,健康养生,"我喝了一单减了11斤,今天又来回购了",0,该用户想表达的含义是：之前购买产品后成功减重，对效果满意因此再次下单。
HJ20180908,健康养生,125斤,1,该用户可能是在询问自己体重125斤的情况下需要购买多少产品才能达到减肥效果。
HJ20180908,健康养生,盒子上写着用开水冲服,0,该用户可能在询问产品的具体使用方法或对包装说明存在疑问。
HJ20180908,健康养生,"我102斤也减了6斤,很满意",0,该用户想表达的是：通过使用产品成功减重，对效果感到满意并间接推荐产品。
HJ20180908,健康养生,"你家减肥套餐确实好,我都减了31斤了,介绍了好多朋友过来拍了",0,该用户想表达的含义是：自己使用产品后效果显著并主动推荐给他人，以此验证产品的有效性并增强潜在消费者的信任感。
HJ20180908,健康养生,一直在喝你咖啡,0,该用户想表达的含义是：自己是该品牌咖啡的长期消费者，暗示对产品有一定信任或满意。
HJ20180908,健康养生,"我拍了1单,能减几斤啊",1,该用户是在询问购买一单产品后预计能达到的减肥效果。
HJ20180908,健康养生,"我老顽固性了,喝了几天真开始减了,今天又来回购一单",0,该用户想表达的含义是：自己属于很难减肥的体质，但尝试这款产品后确实有效果，于是决定再次购买。
HJ20180908,健康养生,谁喝过咖啡心脏能不能难受,0,该用户是在询问咖啡的副作用，担心饮用后是否会导致心脏不适。
HJ20180908,健康养生,"咖啡瘦了17斤了,确实挺好",0,该用户想表达的含义是：使用这款咖啡后成功减重17斤，对产品效果感到满意。
HJ20180908,健康养生,我喝了咖啡15天减了16斤,0,该用户想表达的含义是：这款咖啡的减肥效果显著，自己使用后短时间内体重明显下降。
HJ20180908,健康养生,一天吃几次,1,该用户是在询问产品的每日服用频率，想了解正确的食用方法以配合减肥效果。
HJ20180908,健康养生,"回购2单,已经减了8斤",0,该用户想表达的含义是：这款产品效果显著，我已经通过回购继续使用并成功减重了8斤。
HJ20180908,健康养生,一天喝几次,1,该用户想询问产品的每日建议服用频率。
HJ20180908,健康养生,五台山,0,该用户可能是在询问产品是否适合在五台山（高海拔或特殊环境）使用，或者暗示自己来自五台山地区想了解地域相关的购买注意事项。
HJ20180908,健康养生,有七天无理由吗,1,该用户是在询问商品是否支持七天无理由退换服务，以评估购买风险并决定是否下单。
HJ20180908,健康养生,一单能减多少斤?,1,该用户想询问购买一单产品后预计能达到的减肥效果。
HJ20180908,健康养生,"我老公减了14斤,肚子明显小了好多",0,该用户想表达的含义是：这款产品减肥效果显著，身边的人使用后有明显变化。
HJ20180908,健康养生,开过光,0,该用户可能是在询问直播间的减肥产品是否经过宗教仪式加持以增加功效。
HJ20180908,健康养生,一单吃多长时间,1,该用户想询问购买一单产品后可以持续使用多长时间。
HJ20180908,健康养生,"我拍了两单,我是来回购的",0,该用户想表达的含义是：自己已经是该产品的老顾客，因为效果满意而再次下单购买。
HJ20180908,健康养生,"不到一单,我减了8斤",0,该用户想表达的含义是：购买了一单产品后成功减重了8斤。
HJ20180908,健康养生,两单多少钱啊,1,该用户想知道购买两单产品能享受的总价优惠或折扣。
HJ20180908,健康养生,你家咖啡比我喝其他家减的都多,1,该用户想表达的含义是：相比其他品牌的减肥咖啡，你们家的产品效果更显著。
HJ20180908,健康养生,"马上喝完一单了,真没想到减了10斤,又拍了2单",0,该用户想表达的含义是：自己通过使用该产品成功减重10斤，效果超出预期，因此决定再次购买两单以继续使用。
HJ20180908,健康养生,"唱歌的,[捂脸]",0,该用户可能是在用调侃的语气表达对直播内容的轻松互动，暗示当前主播唱歌的表演与带货主题有些反差，让人哭笑不得。
HJ20180908,健康养生,180斤吃一单能减多少斤?,1,该用户是在询问自己体重180斤的情况下，购买并使用该产品后预计能减掉多少体重。
HJ20180908,健康养生,"红姐我一直喝你家减肥套餐已经减了46斤,推荐好多同事过来拍了",0,该用户想表达的含义是：作为长期使用产品的受益者，她通过自身显著效果主动为商家进行口碑传播和客户引流。
HJ20180908,健康养生,你刚才喝的什么,1,该用户是在询问主播刚才饮用的具体产品名称或类型，可能对展示的商品产生了购买兴趣。
HJ20180908,健康养生,拍了加急发货,0,该用户想表达自己已经下单并希望尽快收到商品。
HJ20180908,健康养生,一单吃多久,1,该用户想询问购买一单产品后能持续使用多长时间。
HJ20180908,健康养生,拍了三单让我老公和我一起喝,0,该用户想表达的含义是：自己和丈夫都购买了产品，打算一起使用。
HJ20180908,健康养生,唱过歌的[笑哭],0,该用户可能是想调侃或提醒主播之前有唱歌的环节，表达一种轻松打趣的态度。
HJ20180908,健康养生,"妹妹推荐我来的,她瘦了16斤",0,该用户想表达的含义是：因为看到亲友使用该产品效果显著，所以前来尝试购买。
HJ20180908,健康养生,糖人能吃吗,1,该用户可能是在询问直播中展示的减肥产品是否适合糖尿病患者或需要控糖的人群食用。
HJ20180908,健康养生,"我喝1单,瘦了10斤",0,该用户想表达的含义是：购买并使用该产品后取得了显著的减肥效果。
HJ20180908,健康养生,10岁能吃吗,1,该用户是在询问该减肥产品是否适合10岁儿童食用。
HJ20180908,健康养生,"第1单咖啡减了9斤,第2单开始喝起来",0,该用户想表达的意思是：第一次购买这款咖啡后成功减重9斤，于是决定再次下单继续饮用。
HJ20180908,健康养生,120拍几单,1,该用户是在询问以120元的价格可以购买多少份该减肥产品。
HJ20180908,健康养生,多少钱请的,1,该用户可能是在质疑主播或商家的营销成本，暗示他们请人刷单或虚假宣传减肥效果。
HJ20180908,健康养生,"165斤,拍了两单哈",0,该用户想表达自己体重165斤，已经下单购买了两份产品，暗示对这款减肥产品有兴趣并付诸行动。
HJ20180908,健康养生,"这个套餐瘦的确实快,我都减了27斤了,在拍两单",0,该用户想表达的含义是：这个减肥套餐效果显著，自己已经成功减重27斤，打算再次购买两单以继续使用。
HJ20180908,健康养生,拿开水冲吗,1,该用户是在询问产品的冲泡方式，可能是对直播中展示的减肥咖啡或套餐的具体使用方法存在疑惑。
HJ20180908,健康养生,怎么喝,1,该用户可能在询问产品的具体饮用方式或冲泡方法。
HJ20180908,健康养生,忌口吗,1,该用户想询问该减肥产品是否有饮食禁忌或服用注意事项。
HJ20180908,健康养生,怎么吃,1,该用户想询问该减肥产品的具体食用方法或服用方式。
HJ20180908,健康养生,喝咖啡心脏会不会难受,1,该用户是在询问这款减肥咖啡是否会对心脏健康造成不适，可能出于对产品安全性的顾虑或自身有心脏敏感问题。
HJ20180908,健康养生,"中午吃主食,早点跟晚上不吃,这样可以吧",1,该用户可能在询问减肥套餐的饮食安排是否合理，暗示对产品使用方法的关注和潜在的购买意向。
HJ20180908,健康养生,没有买到,0,该用户想表达的含义是：自己因错过购买机会而感到遗憾。
HJ20180908,健康养生,125拍几单,1,该用户想询问以125元的价格购买该产品时应该下单多少份比较合适。
HJ20180908,健康养生,正常吃饭还是,0,该用户想询问在保持正常饮食的情况下是否还能达到产品宣传的减肥效果。
HJ20180908,健康养生,"拍了一单,加急发货",0,该用户已经下单购买并希望尽快收到商品。
HJ20180908,健康养生,我喝完一单减了18斤,0,该用户想表达的含义是：购买并饮用了这款产品后成功减重了18斤。
HJ20180908,健康养生,有链接吗,1,该用户想询问购买商品的渠道或方式。
HJ20180908,健康养生,怎么吃饭,1,该用户是在询问产品的具体食用方法或饮食搭配建议。
HJ20180908,健康养生,"红姐,关注你好多年了,我买了咖啡是怎么喝的?",1,该用户是在询问购买咖啡后的具体饮用方法，同时表达了对主播的长期关注和信任。
HJ20180908,健康养生,忌吃吗,1,该用户想询问产品是否有饮食禁忌或需要注意的食用限制。
HJ20180908,健康养生,我喝了咖啡15天减了16斤,0,该用户想表达的含义是：这款咖啡的减肥效果很好，自己亲身体验后有明显效果。
HJ20180908,健康养生,我139多斤怎么拍,1,该用户想询问自己体重139斤应该选择购买多少份产品才合适。
HJ20180908,健康养生,红姐夜班怎么喝,1,该用户想询问主播推荐的减肥产品在夜班期间应该如何服用才能达到最佳效果。
HJ20180908,健康养生,[赞][赞][赞][赞][赞][赞][赞][666][666][666][,0,该用户通过连续点赞和喝彩表情，强烈表达对产品效果的认可和兴奋情绪，暗示其高度购买意愿。
HJ20180908,健康养生,五台山红姐应该去趟,0,该用户可能是在调侃或建议主播“红姐”去五台山旅游或修行，暗示她需要放松或提升自我。
HJ20180908,健康养生,午饭前用喝吗,1,该用户想询问这款产品是否适合在午饭前饮用。
HJ20180908,健康养生,"我也是老顾客,买了好多单真的很好",0,该用户想表达的含义是：作为多次回购的忠实客户，我对产品效果非常满意并持续支持。
HJ20180908,健康养生,晚上吃啥,1,该用户可能在询问主播推荐的产品（如代餐咖啡）是否适合作为晚餐替代品，或咨询相关产品的食用建议。
HJ20180908,健康养生,怎么喝的,1,该用户是想询问产品的具体饮用方法或使用方式。
HJ20180908,健康养生,哺乳期可以喝吗,1,该用户是在询问产品是否适合哺乳期女性使用，以判断自己是否符合购买条件。
HJ20180908,健康养生,我刚从五台山回来也请了一个,0,该用户想表达的含义是：自己已经在五台山购买了类似商品，暗示对当前直播间的产品也有兴趣或信任。
HJ20180908,健康养生,怎么喝呀,1,该用户是在询问产品的具体饮用方法或使用方式。
HJ20180908,健康养生,"下了两单,想瘦20斤",0,该用户想表达自己已经购买了两份产品，并希望通过使用该产品达到减重20斤的效果。
HJ20180908,健康养生,一天喝一条咖啡吗,1,该用户可能在询问每天饮用一条咖啡是否合适，以确认产品的使用频率和效果。
HJ20180908,健康养生,160斤,1,该用户想表达的含义是：询问自己体重160斤是否适合购买这款减肥咖啡以及对应的饮用建议。
HJ20180908,健康养生,在哪里请的,0,该用户是在询问直播间推荐的产品（可能是咖啡或其他饮品）的购买渠道或来源。
HJ20180908,健康养生,咖啡可以用牛奶冲吗?,1,该用户可能是在询问产品使用方式，想确认这款咖啡是否适合用牛奶冲泡以达到更好的口感或效果。
HJ20180908,健康养生,忌嘴不,1,该用户想询问这款产品是否需要忌口或避免食用某些食物。
HJ20180908,健康养生,咖啡喝完心脏能不能难受,1,该用户是在询问饮用咖啡后是否可能对心脏产生不适反应，以评估自身购买和饮用的风险。
HJ20180908,健康养生,"红姐我一直喝你家减肥套餐已经减了46斤,推荐好多同事过来拍了",0,该用户想表达的含义是：作为长期使用产品的受益者，她通过亲身效果验证了产品的有效性，并主动向周围人推荐以分享成功经验。
HJ20180908,健康养生,主播花多少米,0,该用户是在询问主播购买这款减肥咖啡需要花费多少钱。
HJ20180908,健康养生,这东西不便宜,0,该用户可能在委婉表达对产品价格的顾虑，同时暗示希望主播能进一步说明产品价值或优惠信息。
HJ20180908,健康养生,多钱请的,0,该用户是在询问主播或商家聘请当前直播嘉宾（如“红姐”）所花费的具体费用，可能出于对嘉宾身价或直播成本的好奇。
HJ20180908,健康养生,没有了,0,该用户想表达的含义是：商品已经售罄或抢购结束了。
HJ20180908,健康养生,怎么喝,1,该用户想询问产品的具体饮用方法或使用方式。
HJ20180908,健康养生,夜班怎么喝,1,该用户是在询问产品是否适合夜班时段饮用以及具体的饮用方式。
HJ20180908,健康养生,"红姐我姐姐喝你家咖啡减了39斤,我今天也过来拍了",0,该用户想表达的意思是：因为看到亲友使用这款咖啡有明显效果，所以自己也下单尝试，希望通过产品达到减肥目的。
HJ20180908,健康养生,"我是特顽固体质喝完咖啡20天,减了11斤",0,该用户想表达的含义是：这款减肥咖啡效果显著，连特顽固体质的人使用后也在短期内成功减重。
HJ20180908,健康养生,手链也好看,0,该用户可能是在看到主播展示或提到某款手链后，表达对其款式的欣赏和潜在的购买兴趣。
HJ20180908,健康养生,不是99吗,1,该用户可能是在质疑或确认商品价格的变动，认为之前宣传的价格应该是99元而非当前显示的价格。
HJ20180908,健康养生,"活动太划算了,我又回购了两单",0,该用户觉得促销活动非常优惠，因此再次下单购买了两件商品。
HJ20180908,健康养生,多久有效果,1,该用户想询问产品使用后需要多长时间才能看到明显的减肥效果。
HJ20180908,健康养生,芦荟在哪里?,1,该用户可能在询问直播间推荐的芦荟产品购买链接或展示位置。
HJ20180908,健康养生,怎么改价了呀,0,该用户可能是在询问商品价格变动的原因，表达了对价格变化的疑惑或不满。
HJ20180908,健康养生,可以喝酒吗,1,该用户可能是在询问直播中推荐的饮品是否适合搭配酒精饮用。
HJ20180908,健康养生,"红姐你不是说买咖啡还送四天巩固期吗,怎么没有呢",0,该用户对主播承诺的赠品未兑现感到不满，质疑促销活动的真实性。
HJ20180908,健康养生,"我喝两单减了18斤,减的很满意",0,该用户想表达的含义是：我购买了两份产品并成功减重18斤，对效果非常满意。
HJ20180908,健康养生,晚上不吃饭能喝吗,1,该用户可能是在询问这款减肥产品是否适合在空腹状态下饮用。
HJ20180908,健康养生,"老公减了25斤,比我减得多很多",0,该用户想表达的含义是：伴侣使用该产品后减肥效果显著，自己对此感到惊讶并可能产生购买意向。
HJ20180908,健康养生,收到怎么喝,1,该用户想询问产品（可能是减肥咖啡）的正确饮用方法或使用时间安排。
HJ20180908,健康养生,产品几岁到几岁能吃,1,该用户想询问产品的适用年龄范围是否适合自己或家人使用。
HJ20180908,健康养生,"一直喝你家咖啡,今天太划算了,抢了4单",0,该用户想表达的含义是：作为老顾客觉得本次促销力度很大，果断下单囤货。
HJ20180908,健康养生,胃不好的可以空腹喝吗,1,该用户是在询问该产品是否适合肠胃敏感人群在不进食的情况下饮用。
HJ20180908,健康养生,哺乳期可以吃,1,该用户是在询问主播产品是否适合哺乳期女性使用。
HJ20180908,健康养生,喝水吗,1,该用户可能在询问产品是否适合在饮水时服用或搭配饮用。
HJ20180908,健康养生,"婆婆喝这个咖啡减了14斤,今天又回购两单",0,该用户想表达的含义是：身边人使用这款咖啡效果显著，自己也因信任产品效果而再次下单购买。
HJ20180908,健康养生,117斤,1,该用户可能在询问自己117斤的体重是否适合使用这款减肥咖啡产品。
HJ20180908,健康养生,这个比小绿方便,0,该用户想表达的含义是：这款产品比另一款叫“小绿”的产品使用起来更便捷。
HJ20180908,健康养生,"拍了一单,能减几斤",1,该用户想表达的含义是：我已经下单购买了这款产品，想知道使用后大概能减掉多少体重。
HJ20180908,健康养生,我减了7斤了,0,该用户想表达的含义是：使用产品后已经取得了明显的减肥效果。
HJ20180908,健康养生,"我减下来了,现在我身边好多人都在跟着我一起喝",0,该用户想表达的含义是：这款产品帮助我成功减肥，现在身边不少朋友受我影响也开始尝试饮用。
HJ20180908,健康养生,咖啡几条,1,该用户想询问咖啡的购买规格或套餐数量。
HJ20180908,健康养生,"回购2单,已经减了8斤",0,该用户想表达的含义是：自己通过使用该产品成功减重并再次购买以继续效果。
HJ20180908,健康养生,经期可以喝吗,1,该用户是在询问该产品是否适合经期女性饮用，以确认购买前的使用顾虑。
HJ20180908,健康养生,怎么改价了,0,该用户可能发现直播间的商品价格与之前宣传或自己预期的不一致，因而疑惑地询问价格变动的原因。
HJ20180908,健康养生,不是纤维饮了,0,该用户可能是在纠正或补充之前提到的产品信息，暗示当前讨论的产品并非纤维饮品而是其他类型（如咖啡）。
HJ20180908,健康养生,"我喝咖啡套餐减了22斤,现在男朋友也跟我一起喝",0,该用户想表达的含义是：自己和伴侣通过饮用该咖啡套餐成功减重，并对其效果表示认可和推荐。
HJ20180908,健康养生,"我喝你们这个减肥套餐一单了,减了9斤了",0,该用户想表达的含义是：使用该减肥产品后已有效果，通过分享自身减重成果来肯定产品功效并间接推荐。
HJ20180908,健康养生,"喝不到两单减了16斤,太好了又来回购了2单",0,该用户想表达的含义是：之前购买了两单产品后成功减重16斤，效果显著因此再次回购了两单。
HJ20180908,健康养生,"拍了一单,加急发货",0,该用户已下单购买并希望商家尽快安排发货。
HJ20180908,健康养生,"我出月子就开始喝了,2单减了17斤",0,该用户想表达的含义是：产后通过持续饮用该产品成功瘦身，并因效果显著而多次回购。
HJ20180908,健康养生,299?,0,该用户可能在询问当前商品的价格是否为299元，或是质疑价格变动（因前文有“怎么改价了”的弹幕）。
HJ20180908,健康养生,咖啡喝完心脏会不会难受,1,该用户是在担心这款咖啡可能对心脏健康有影响，想确认安全性后再决定是否购买。
HJ20180908,健康养生,这个拉肚子不,1,该用户是在询问这款产品是否会导致腹泻的副作用。
HJ20180908,健康养生,早上咖啡,0,该用户可能在询问早上是否可以饮用这款减肥咖啡。
HJ20180908,健康养生,拿开水冲,0,该用户可能是询问如何冲泡这款减肥咖啡，具体是用开水直接冲服。
HJ20180908,健康养生,"喝了2单,减了33斤",0,该用户想表达的含义是：购买并饮用该产品两次后成功减重33斤。
HJ20180908,健康养生,"喝了减肥套餐2单了,减了18斤",0,该用户想表达的含义是：自己通过购买并饮用该减肥套餐取得了显著效果，已经回购两次并成功减重18斤。
HJ20180908,健康养生,"一单减了16斤,又回购了",0,该用户想表达的意思是：之前购买的产品帮助自己成功减重16斤，效果显著所以再次下单购买。
HJ20180908,健康养生,几天有效果啊,1,该用户想询问产品见效需要多长时间。
HJ20180908,健康养生,"我拍2单,是2单都吃完在巩固吗",0,该用户是在确认购买两单产品后是否需要全部服用完毕才能达到巩固效果。
HJ20180908,健康养生,会不会闹肚子?,1,该用户担心产品可能导致肠胃不适，在询问副作用风险。
HJ20180908,健康养生,这个套餐一个月?,1,该用户可能是在询问套餐的使用周期是否为一个月，或是想确认购买后能否持续使用一个月。
HJ20180908,健康养生,中午吃吗,1,该用户可能在询问产品是否适合作为午餐替代品或餐前饮用。
HJ20180908,健康养生,你怎么瘦的,0,该用户可能是想询问主播或产品使用者通过何种方式（如正在推广的减肥套餐）成功瘦身的效果和具体方法。
HJ20180908,健康养生,"我喝了20天,减了16斤,今天又回购了2单",0,该用户想表达的含义是：通过持续使用该产品取得了显著的减肥效果，出于满意和信任再次下单购买。
HJ20180908,健康养生,主播你多少斤,0,该用户可能是想询问主播的体重变化效果，以此评估产品的减肥效果是否可信或显著。
HJ20180908,健康养生,甲减能喝吗,1,该用户是在询问甲状腺功能减退患者是否适合饮用该减肥产品。
HJ20180908,健康养生,为啥你那么瘦,0,该用户可能是对主播的身材感到好奇，并隐含询问主播是否也使用了直播中推销的减肥产品。
HJ20180908,健康养生,哺乳期能喝吗?,1,该用户是在询问该产品是否适合哺乳期女性饮用，隐含对产品安全性和适用人群的关注。
HJ20180908,健康养生,哺乳期可以喝吗,1,该用户是在询问产品是否适合哺乳期女性使用，担心可能对母婴健康产生影响。
HJ20180908,健康养生,下次还有活动吗,1,该用户可能是在询问产品后续的促销安排，表现出对当前优惠的犹豫或错过活动的担忧，暗示潜在购买意愿但需要价格或时间上的进一步确认。
HJ20180908,健康养生,一单快喝完了减了8斤,0,该用户想表达的是：自己喝完一单产品后成功减重8斤，暗示对产品效果的认可和可能的复购意向。
HJ20180908,健康养生,一单喝多少天,1,该用户想询问购买一单产品能够满足多少天的饮用需求。
HJ20180908,健康养生,晚上不吃饭也可以吃芦荟是吧,1,该用户可能是在询问芦荟产品是否适合作为代餐或减肥辅助食品，暗示对购买该产品有兴趣。
HJ20180908,健康养生,有副作用吗,1,该用户想询问该减肥产品是否存在不良反应或健康风险。
HJ20180908,健康养生,咖啡是甜的吗,1,该用户可能是在询问产品口味或成分是否含糖，以评估是否符合自己的饮食偏好或健康需求。
HJ20180908,健康养生,拍了加急发货,0,该用户想表达自己已下单并希望尽快收到商品，显示出较强的购买意愿和对产品的急切需求。
HJ20180908,健康养生,我第二单马上喝完.减掉24斤,0,该用户想表达的含义是：我已经回购了第二单产品并且快喝完了，使用后成功减掉了24斤体重。
HJ20180908,健康养生,经期可以喝吗,1,该用户是在询问该产品是否适合经期女性饮用。
HJ20180908,健康养生,不忌口吗,1,该用户想询问产品是否有饮食禁忌或需要注意的食用条件。
HJ20180908,健康养生,"我喝咖啡套餐减了22斤,现在男朋友也跟我一起喝",0,该用户想表达的意思是：这款咖啡套餐的减肥效果显著，不仅自己成功减重，还带动了身边人一起购买使用。
HJ20180908,健康养生,一单能喝多少天,1,该用户想询问购买一单产品后能够满足多少天的使用量。
HJ20180908,健康养生,"我出月子就开始喝了,2单减了17斤",0,该用户想表达的含义是：这款产品效果显著，自己在产后饮用后成功减重，因此再次购买以继续使用。
HJ20180908,健康养生,一单能喝几天,1,该用户想询问购买一单产品能够满足多少天的饮用需求，以此评估是否值得购买或需要囤货。
HJ20180908,健康养生,你为啥那么瘦,0,该用户可能是在询问主播保持苗条身材是否与直播推广的产品有关，暗示对产品的减肥效果感兴趣。
HJ20180908,健康养生,"我也是老顾客,买了好多单真的很好",0,该用户想表达的含义是：作为长期回购的忠实消费者，我对产品效果非常满意并持续支持。
HJ20180908,健康养生,我看一个黄色包还有蓝色包是什么,0,该用户想询问黄色和蓝色款包包的具体信息或区别。
HJ20180908,健康养生,99几盒,1,该用户想询问当前99元促销价可以购买多少盒产品。
HJ20180908,健康养生,"我喝了20天,减了16斤,今天又回购了2单",0,该用户想表达的含义是：这款产品减肥效果显著，自己亲测有效后再次下单支持。
HJ20180908,健康养生,99.99的跟299的啥区别,1,该用户想表达的含义是：询问低价款与高价款产品之间的具体差异或性价比对比。
HJ20180908,健康养生,"你家咖啡效果确实很明显,又回购了1单",0,该用户想表达的含义是：对产品效果满意并已再次购买以继续使用。
HJ20180908,健康养生,8盒一个疗程?,1,该用户是在询问购买8盒产品是否足够完成一个完整的减肥疗程。
HJ20180908,健康养生,怎么喝,1,该用户想询问产品的具体饮用方法或剂量。
HJ20180908,健康养生,"不到一单,我减了8斤",0,该用户想表达的意思是：购买并使用这款产品后，自己成功减重了8斤。
HJ20180908,健康养生,一单喝几天,1,该用户想询问购买一单产品能够满足多少天的饮用需求。
HJ20180908,健康养生,"我老公减了14斤,肚子明显小了好多",0,该用户想表达的含义是：产品效果显著，家人使用后体重明显下降。
HJ20180908,健康养生,"喝了一单,减快9斤,很满意",0,该用户想表达的意思是：购买并使用产品后减重效果明显，对产品效果感到满意。
HJ20180908,健康养生,"我是你这里买的,怎么跟你不一样?",0,该用户可能是在质疑产品的使用效果或真实性，认为自己的实际体验与主播展示的效果存在差异。
HJ20180908,健康养生,红姐我拍了,0,该用户想表达的含义是：我已经下单购买了产品。  （结合前文弹幕语境，直播间讨论的多是产品效果、购买咨询和复购反馈，因此“拍了”在此处指完成下单行为，表达购买意愿或行动。）
HJ20180908,健康养生,125斤喝几单,1,该用户想询问的是：“体重125斤需要购买多少份产品才能达到理想的减肥效果。”  （结合前文语境，直播间主题为减肥咖啡，弹幕高频提及“单”作为购买单位，且用户多分享以“单”为计量单位的减重成果，因此该提问聚焦于体重与购买量的关联性。）
HJ20180908,健康养生,几天见效,1,该用户想询问产品使用后需要多少天才能看到明显的效果。
HJ20180908,健康养生,早上空腹喝吗,1,该用户是在询问产品是否适合在早晨空腹时饮用。
HJ20180908,健康养生,我减了7斤了,0,该用户想表达的含义是：使用产品后已经取得了明显的减肥效果。
HJ20180908,健康养生,"我106斤,一单减了7斤,确实不错,在拍一单",0,该用户想表达的含义是：自己体重106斤，购买并使用产品后减了7斤效果显著，因此决定再次下单购买。
HJ20180908,健康养生,瘦腿吗,1,该用户是在询问直播推荐的产品是否具有瘦腿效果。
HJ20180908,健康养生,"我姐姐喝了一单,减了不到八斤",0,该用户想表达的意思是：我姐姐购买了这款产品并服用后，体重减轻了接近八斤。
HJ20180908,健康养生,"我是特顽固体质喝完咖啡20天,减了11斤",0,该用户想表达的含义是：这款咖啡对难以减肥的特顽固体质也有效果，自己亲测20天减重显著。
HJ20180908,健康养生,我可想减肥了就是不敢用怕伤身体,0,该用户对产品有减肥需求但担心安全性，在观望其他买家的使用反馈后仍存在顾虑。
HJ20180908,健康养生,我喝完一单减了7斤多,0,该用户想表达的含义是：使用该产品后效果显著，自己通过购买一单的量成功减重了7斤多。
HJ20180908,健康养生,太可怕啦,0,该用户可能是在惊叹产品显著的减肥效果，感到惊讶或难以置信。
HJ20180908,健康养生,"我就想减掉十斤,买一单可以吗?",1,该用户是在询问购买一单产品是否也能帮助自己达成减重十斤的目标，表现出对产品效果的期待和购买意向。
HJ20180908,健康养生,一单能瘦几斤啊,1,该用户是在询问购买该减肥产品后，使用一个订单的量大约能减掉多少体重。
HJ20180908,健康养生,"她太瘦了,不好",0,该用户可能是在质疑产品效果，认为主播身材过瘦不符合健康标准，暗示产品可能有副作用或不适合大多数人。
HJ20180908,健康养生,"老公减了25斤,比我减得多很多",0,该用户想表达的含义是：我老公使用产品后效果比我显著，让我对产品的效果更加认可和感兴趣。
HJ20180908,健康养生,敏敏三打白骨精[捂脸],0,该用户可能在调侃主播或产品效果夸张，用幽默的方式表达对减肥效果的怀疑或戏谑。
HJ20180908,健康养生,你旁边的女的太吓人,0,该用户可能是在吐槽直播中某位女性的外貌或表现令人不适，转移了大家对产品讨论的注意力。
HJ20180908,健康养生,"活动太划算了,我又回购了两单",0,该用户被直播间的促销活动吸引，认为产品性价比高，因此再次下单购买以享受优惠。
HJ20180908,健康养生,可以喝酒嘛,1,该用户可能在询问产品是否适合在饮酒期间使用，或是担心饮酒会影响减肥效果。
HJ20180908,健康养生,我是冬天过完年拍的跟你现在这个卖的不一样,0,该用户想表达的含义是：我之前在冬季促销时购买的产品与你们现在直播卖的不是同一款。
HJ20180908,健康养生,"你家咖啡效果确实很明显,又回购了1单",0,该用户是在认可产品效果的基础上，表达自己因满意而再次购买的行为。
HJ20180908,健康养生,"咖啡瘦了17斤了,确实挺好",0,该用户想表达的含义是：使用这款咖啡后成功减重17斤，认可产品的减肥效果。
HJ20180908,健康养生,这个美女太吓人了!,0,该用户可能在表达对直播中某位形象过于消瘦或不自然的主播/嘉宾感到不适或反感。
HJ20180908,健康养生,脖子里是什么?好看,1,该用户可能对主播佩戴的饰品或服装配饰产生了兴趣，并暗示有购买意向。
HJ20180908,健康养生,"之前拍了好多其他产品都不行,就你家的让我减了20斤",0,该用户想表达的含义是：对比其他产品效果不佳后，对当前直播间的产品效果非常满意并认可其减肥效果。
HJ20180908,健康养生,"我减下来了,现在我身边好多人都在跟着我一起喝",0,该用户想表达的含义是：这款产品在我身上取得了明显的减肥效果，还带动了身边不少人跟着购买使用。
HJ20180908,健康养生,后面那个瘦的也太可怕了,0,该用户是在吐槽直播中某个身形过于消瘦的人物形象，可能认为其瘦得不健康或观感不佳，从而间接表达对产品效果的质疑或对审美倾向的不认同。
HJ20180908,健康养生,糖尿病三高能吃吗,1,该用户是在询问产品是否适合糖尿病和三高人群食用，担心自身健康问题影响使用效果。
HJ20180908,健康养生,喝完什么反应,1,该用户想询问产品使用后的具体效果或身体反应。
HJ20180908,健康养生,啥用没有吃了一单多了,0,该用户是在抱怨产品没有效果，自己白买了。
HJ20180908,健康养生,旁边的腿都变形了,0,该用户是在吐槽直播画面中某位人物（可能是模特或工作人员）的腿部因拍摄角度或修图过度而显得不自然，表达了对画面真实性的质疑或不适感。
HJ20180908,健康养生,"第1单咖啡减了9斤,第2单开始喝起来",0,该用户想表达的含义是：购买第一单咖啡后成功减重9斤，现在准备继续购买第二单坚持饮用以达到更好的效果。
HJ20180908,健康养生,有运费险吗,1,该用户是在确认商品的售后保障情况，以此评估购买风险。
HJ20180908,健康养生,咖啡是用凉水冲吗,1,该用户可能是在询问冲泡咖啡的具体方法，以确认产品使用方式是否符合自己的需求或习惯。
HJ20180908,健康养生,可以喝酒吗,1,该用户可能是在询问直播中推荐的产品是否允许在饮酒时使用或是否与酒精有冲突。
HJ20180908,健康养生,15岁可喝吗,1,该用户是在询问这款产品是否适合未成年人饮用。
HJ20180908,健康养生,"我喝五天了,还没看见效果",0,该用户可能是在抱怨产品见效慢，对使用效果感到失望或产生质疑。
HJ20180908,健康养生,我也是马上喝完两单减了14斤多,0,该用户想表达的含义是：自己在使用该产品后成功减重14斤多，因此又回购了两单。
HJ20180908,健康养生,喝完啥感觉,1,该用户想询问该产品饮用后的具体体验或身体反应。
HJ20180908,健康养生,男人可以喝吗?,1,该用户可能是在询问这款产品是否适合男性饮用，担心产品的适用性或功效是否对男性有效。
HJ20180908,健康养生,喝几单能停,1,该用户可能在询问需要购买多少份产品才能达到预期的减肥效果后停止购买。
HJ20180908,健康养生,120斤一单能减多少,1,该用户想询问购买一单产品后，对于体重120斤的人能减掉多少斤。
HJ20180908,健康养生,几天发货,0,该用户想询问产品的发货时效，表现出对下单后物流进度的关注。
HJ20180908,健康养生,"红姐我喝你家减肥咖啡都减了15斤了,今天再来拍一单",0,该用户想表达的含义是：对产品效果非常满意并打算再次购买以继续使用。
HJ20180908,健康养生,是不是很难喝啊,1,该用户可能是在担心产品的口感不佳，对饮用体验有所顾虑。
HJ20180908,健康养生,"我喝你家的咖啡减了43斤,现在我身边的朋友都在喝",0,该用户想表达的含义是：这款咖啡的减肥效果显著，自己亲身受益后带动了周围朋友一起购买。
HJ20180908,健康养生,忌口吗,1,该用户是在询问这款减肥咖啡是否有饮食禁忌或需要注意的配合事项。
HJ20180908,健康养生,"我喝你们这个减肥套餐一单了,减了9斤了",0,该用户想表达的含义是：使用该减肥产品后效果显著，已经复购并成功减重。
HJ20180908,健康养生,"马上喝完第二单,减了23斤",0,该用户想表达的含义是：自己已经喝完两单产品并成功减重23斤，以此证明产品的有效性并可能暗示会继续购买。
HJ20180908,健康养生,连着喝多久掉像你这样的,0,该用户想询问持续饮用这款减肥咖啡多长时间才能达到和主播相似的瘦身效果。
HJ20180908,健康养生,10岁能喝吗,1,该用户是在询问这款减肥咖啡是否适合10岁的儿童饮用。
HJ20180908,健康养生,你家咖啡真的很好用,1,该用户想表达的含义是：这款咖啡的减肥效果很好，我很满意。
HJ20180908,健康养生,"热水,冷水",1,该用户可能在询问这款减肥咖啡适合用热水还是冷水冲泡。
HJ20180908,健康养生,经期能喝吗?,1,该用户是在询问该减肥咖啡产品是否适合女性在生理期间饮用。
HJ20180908,健康养生,想瘦29斤,0,该用户希望通过使用直播中推广的减肥产品达到减重29斤的效果。
HJ20180908,健康养生,一单能瘦多少斤,1,该用户是在询问购买一单产品后预计能达到的减肥效果。
HJ20180908,健康养生,反正我啥用没有,0,该用户可能是在自嘲或表达对产品效果的怀疑，暗示自己“用了也没效果”或“懒得尝试”。
HJ20180908,健康养生,"我姐姐让我过来拍的,她都减了35斤了",0,该用户想表达的含义是：因为姐姐使用该产品效果显著，自己也产生了信任和购买意愿。
HJ20180908,健康养生,血压高能喝么,1,该用户是在询问该产品是否适合高血压人群饮用。
HJ20180908,健康养生,经期可以喝吗?,1,该用户是在询问该减肥咖啡产品是否适合女性在月经期间饮用，以确认使用安全性。
HJ20180908,健康养生,一单能喝多少天,1,该用户是想询问购买一单产品后能够满足多少天的饮用需求。
HJ20180908,健康养生,拍了三单让我老公和我一起喝,0,该用户想表达自己已经下单购买了三份产品，并打算与丈夫一起饮用。
HJ20180908,健康养生,几天能有效果红姐,1,该用户是在询问使用该减肥产品后需要多少天才能看到明显的瘦身效果。
HJ20180908,健康养生,"按照你们的喝法喝减了17斤,太好了",0,该用户想表达的含义是：通过遵循直播间推荐的饮用方法成功减重17斤，感到非常满意并认可产品效果。
HJ20180908,健康养生,夏季单,0,该用户想表达的含义是：询问这款减肥咖啡的夏季促销套餐详情。
HJ20180908,健康养生,"减肥咖啡确实好,我是老顾客,大家放心买",0,该用户想表达的含义是：作为长期回购的消费者，他亲身验证了这款减肥咖啡的效果并推荐给其他观众购买。
HJ20180908,健康养生,"我老公减了14斤,肚子明显小了好多",0,该用户想表达的含义是：家人使用产品后效果显著，暗示对产品的认可和潜在购买意向。
HJ20180908,健康养生,芦荟在哪里?,1,该用户可能在询问直播间正在介绍或展示的芦荟相关产品的位置或购买链接。
HJ20180908,健康养生,"我之前喝过很多家产品都拉肚子,就你家的不拉肚子,我还减了26斤",0,该用户想表达的含义是：对比其他产品后，认可这款产品的效果且亲身受益，既解决了健康问题又成功减肥。
HJ20180908,健康养生,一样为啥价格不一样啊?,1,该用户可能是对商品的价格差异感到困惑，想询问为什么看似相同的产品却有不同的定价。
HJ20180908,健康养生,好喝吗,1,该用户想询问该产品的口感体验是否令人满意。
HJ20180908,健康养生,"我喝两单减了18斤,减的很满意",0,该用户想表达的含义是：自己购买了该产品并成功减重，对效果感到满意。
HJ20180908,健康养生,99.99是多长时间?,1,该用户可能在询问产品促销价格“99.99元”对应的使用时长或套餐周期。
HJ20180908,健康养生,"活动太划算了,我又回购了两单",0,该用户认为促销活动优惠力度大，出于对产品效果的认可主动进行了重复购买。
HJ20180908,健康养生,喝完有感觉吗,1,该用户是想询问这款减肥产品的实际效果如何，是否能在饮用后感受到明显的身体变化。
HJ20180908,健康养生,"那么有钱那么拼,太佩服了",0,该用户是在感叹主播的敬业精神和成功，表达了对主播努力取得成就的钦佩之情。
HJ20180908,健康养生,怎么吃,1,该用户想询问产品的具体食用方法或使用说明。
HJ20180908,健康养生,"回购两单,老顾客了加急发货",0,该用户想表达自己对该产品非常信任且满意，作为忠实客户再次购买并希望尽快收到货品。
HJ20180908,健康养生,"我喝了一单减了11斤,今天又来回购了",0,该用户想表达的含义是：之前购买产品后减肥效果显著，出于满意和信任再次下单购买。
HJ20180908,健康养生,115斤买多少单,1,该用户想询问自己体重115斤的情况下应该购买多少份产品才能达到理想的减肥效果。
HJ20180908,健康养生,"妹妹推荐我来的,她瘦了16斤",0,该用户想表达的含义是：因为看到亲友使用产品效果显著，所以对商品产生了信任和购买兴趣。
HJ20180908,健康养生,我喝减肥套餐瘦了31斤,0,该用户想表达的含义是：这款减肥套餐效果显著，自己通过使用成功减重了很多。
HJ20180908,健康养生,"我就想减掉十斤,买一单可以吗?回复一下",0,该用户是在询问购买产品后能否实现自己减重十斤的目标，并希望得到客服的确认回复。
HJ20180908,健康养生,8盒吃多久,1,该用户想询问购买8盒产品能够使用多长时间。
HJ20180908,健康养生,"喝了一单,减快9斤,很满意",0,该用户想表达自己购买了产品后成功减重近9斤，对效果感到满意。
HJ20180908,健康养生,"我102斤也减了6斤,很满意",0,该用户想表达的含义是：通过使用该减肥产品，自己成功减重并感到效果满意。
HJ20180908,健康养生,咖啡是用凉水冲吗,1,该用户可能在询问产品冲泡方法的具体细节，以确认使用方式是否符合自己的生活习惯或偏好。
HJ20180908,健康养生,"第1单咖啡减了9斤,第2单开始喝起来",0,该用户想表达的含义是：第一次购买咖啡后成功减重9斤，现在准备继续购买坚持饮用以达到更好的效果。
HJ20180908,健康养生,能喝多长时间,1,该用户想询问产品的使用周期或一单商品能够维持的饮用时长。
HJ20180908,健康养生,我第二单马上喝完.减掉24斤,0,该用户想表达的含义是：我已经喝完第二单产品并成功减重24斤，效果显著。
HJ20180908,健康养生,"喝咖啡一单减了15斤了,确实好",0,该用户想表达的意思是：这款减肥咖啡效果显著，自己购买一单后成功减重15斤，对产品效果感到满意。
HJ20180908,健康养生,用热水冲还是凉水冲,1,该用户是在询问产品的具体冲泡方式，以确认使用时的操作细节。
HJ20180908,健康养生,瘦十斤需要几单,1,该用户想询问购买多少份产品才能达到减重十斤的效果。
HJ20180908,健康养生,你家咖啡真的很好用,1,该用户想表达的含义是：这款咖啡的减肥效果让我很满意。
HJ20180908,健康养生,我喝完一单减了7斤多,0,该用户想表达的含义是：使用该产品后取得了明显的减肥效果。
HJ20180908,健康养生,好喝么,1,该用户想询问产品的口感体验以评估是否值得购买。
HJ20180908,健康养生,115斤,1,该用户想表达的含义是：询问自己目前的体重（115斤）需要购买多少单产品才能达到理想的减肥效果。
HJ20180908,健康养生,还需要节食吗?,1,该用户可能在询问使用该减肥产品后是否仍需控制饮食来维持效果。
HJ20180908,健康养生,"我喝咖啡减了9斤,刚刚又拍了两单,加急发货",0,该用户想表达的含义是：自己通过使用该产品取得了明显的减肥效果（减重9斤），出于对产品的信任和满意，再次下单并希望尽快收到货品。
HJ20180908,健康养生,高血压能喝吗?,1,该用户是在询问产品是否适合高血压人群饮用，隐含对产品安全性的顾虑和潜在的购买意向。
HJ20180908,健康养生,"我102斤也减了6斤,很满意",0,该用户想表达的含义是：使用该产品后成功减重，对效果感到满意并隐含推荐意向。
HJ20180908,健康养生,可以吃水果吗,1,该用户可能是在询问直播中推销的减肥产品是否可以搭配水果食用。
HJ20180908,健康养生,"我姐姐让我过来拍的,她都减了35斤了",0,该用户想表达的含义是：因为姐姐使用该产品效果显著（减重35斤），所以自己也信任并决定购买。
HJ20180908,健康养生,"喝不到两单减了16斤,太好了又来回购了2单",0,该用户想表达的含义是：自己通过饮用该产品成功减重16斤，感到效果显著，因此再次下单购买以继续使用。
HJ20180908,健康养生,期间能吃水果吗,1,该用户是在询问饮用该减肥咖啡期间是否可以同时食用水果。
HJ20180908,健康养生,"一直坚持喝5单了,已经减50来斤",0,该用户想表达的含义是：通过持续购买并饮用该产品，自己已经成功减重了约50斤。
HJ20180908,健康养生,热水吗,1,该用户是在询问冲泡这款减肥咖啡时是否应该使用热水。
HJ20180908,健康养生,"红姐我姐姐喝你家咖啡减了39斤,我今天也过来拍了",0,该用户想表达的含义是：因为看到亲友使用该咖啡产品效果显著，自己也产生了信任并跟风下单购买。
HJ20180908,健康养生,晚饭后多长时间吃,1,该用户可能在询问服用该减肥咖啡的最佳时间间隔，即晚饭后多久饮用效果最佳。
HJ20180908,健康养生,咖啡什么味道的,1,该用户是在询问这款减肥咖啡的口味如何，以评估是否适合自己购买尝试。
HJ20180908,健康养生,"我喝咖啡减12斤了,又回购了",0,该用户想表达的含义是：自己通过饮用这款咖啡成功减重12斤，出于对产品效果的认可再次下单购买。
HJ20180908,健康养生,一盒多少天,1,该用户想知道一盒产品能使用多少天，以评估购买后的使用时长和性价比。
HJ20180908,健康养生,经期能喝吗?,1,该用户是在询问这款减肥咖啡是否适合在生理期间饮用。
HJ20180908,健康养生,喝完啥感觉也不回复,0,该用户想表达的含义是：我喝完咖啡后没有任何效果，所以不想再回购或推荐。
HJ20180908,健康养生,"我喝了一单减了11斤,今天又来回购了",0,该用户想表达的含义是：之前购买产品后取得了显著的减肥效果（减重11斤），因此再次下单以继续使用该产品。
HJ20180908,健康养生,血压高可以喝吗,1,该用户是在询问这款产品是否适合高血压人群饮用，担心健康风险的同时也表现出对产品的潜在购买兴趣。
HJ20180908,健康养生,"我拍了1单,能减几斤啊",1,该用户想表达的含义是：购买这款产品后预计能达到怎样的减肥效果。
HJ20180908,健康养生,"我就想减掉十斤,买一单可以吗?回复一下",1,该用户是在询问购买产品后能否帮助自己达成减重十斤的目标，并希望得到客服的确认回复。
HJ20180908,健康养生,"不到一单,我减了8斤",0,该用户想表达的含义是：自己购买了一单产品后成功减重了8斤。
HJ20180908,健康养生,咖啡是用凉水还是温水,1,该用户想询问冲泡咖啡时的水温要求，以确认正确的饮用方式。
HJ20180908,健康养生,这个跟之前的一样吗?,1,该用户可能在询问当前展示的产品与之前直播中介绍过的某款产品是否完全相同，想确认是否有配方、功效或包装上的差异。
HJ20180908,健康养生,多少度水冲咖啡,1,该用户是在询问冲泡这款减肥咖啡时需要使用什么温度的水。
HJ20180908,健康养生,拍了加急发货,0,该用户急切希望尽快收到商品，表现出较强的购买意愿和期待。
HJ20180908,健康养生,一盒多少条,1,该用户想询问产品包装规格，即一盒包含多少份量。
HJ20180908,健康养生,哺乳期可以喝吗,1,该用户是在询问该产品是否适合哺乳期女性使用。
HJ20180908,健康养生,"喝咖啡一单减了15斤了,确实好",1,该用户想表达的含义是：购买并饮用这款咖啡后成功减重15斤，认可其减肥效果。
HJ20180908,健康养生,"拍了一单,怎么喝",1,该用户想表达的含义是：已经下单购买了产品，但想询问具体的饮用方法或注意事项。
HJ20180908,健康养生,"我减下来了,现在我身边好多人都在跟着我一起喝",0,该用户想表达的含义是：自己通过饮用该产品成功减肥，并带动了周围人一起购买使用。
HJ20180908,健康养生,备孕经期三高都放心喝,0,该用户想表达的含义是：这款产品适合备孕、经期和三高人群饮用，安全性有保障。
HJ20180908,健康养生,"这个套餐瘦的确实快,我都减了27斤了,在拍两单",0,该用户想表达的是：这款减肥套餐效果显著，自己已经成功减重27斤，打算再次购买以继续使用。
HJ20180908,健康养生,"喝咖啡减了14斤,很满意",0,该用户想表达的含义是：通过饮用这款咖啡成功减重，对产品效果感到满意并可能有意向继续购买。
HJ20180908,健康养生,125斤拍几单,1,该用户想询问自己体重125斤的情况下需要购买多少份产品才能达到理想的减肥效果。
HJ20180908,健康养生,"减的确实很快,一单我减了22斤",0,该用户想表达的意思是：这款产品减肥效果显著，自己购买后成功减掉了22斤。
HJ20180908,健康养生,啥味道的,1,该用户想询问直播中推荐的咖啡产品的具体口味或风味。
HJ20180908,健康养生,怎么喝拉肚不正常吃饭吗,1,该用户可能是想询问饮用该产品后出现腹泻是否会影响正常饮食，或是质疑产品的副作用。
HJ20180908,健康养生,我之前买的还没喝完呢,0,该用户想表达的含义是：暂时不需要再购买，因为手头还有存货。
HJ20180908,健康养生,是不是不好喝,0,该用户可能对产品的效果或口感有所怀疑，担心咖啡味道不佳或影响使用体验。
HJ20180908,健康养生,"喝了2单,减了33斤",0,该用户想表达的含义是：通过购买并饮用该产品，自己成功减重了33斤。
HJ20180908,健康养生,喝了会头晕吗,1,该用户可能是在担心产品的副作用，询问饮用后是否会出现头晕等不适反应。
HJ20180908,健康养生,"我喝了20天,减了16斤,今天又回购了2单",0,该用户想表达的含义是：通过持续使用该产品取得了显著的减肥效果，出于满意和信任再次进行了购买。
HJ20180908,健康养生,一单能瘦几斤啊,1,该用户是在询问该产品的减肥效果，具体想了解购买一次能带来多少体重下降。
HJ20180908,健康养生,哺乳期能喝吗,1,该用户是在询问产品是否适合哺乳期女性使用，担心对自身或婴儿健康有影响。
HJ20180908,健康养生,哺乳期能喝嘛,1,该用户是在询问该产品是否适合哺乳期女性使用，担心可能对自身或婴儿健康有影响。
HJ20180908,健康养生,我喝减肥套餐瘦了31斤,0,该用户想表达的含义是：这款减肥套餐效果显著，自己通过使用成功减重，以此肯定产品效果并间接推荐给其他观众。
HJ20180908,健康养生,我喝完一单减了7斤多,0,该用户想表达的意思是：这款减肥产品效果显著，自己购买使用后成功减重了7斤多。
HJ20180908,健康养生,会失眠吗,1,该用户可能是在询问该减肥咖啡是否会导致失眠的副作用。
HJ20180908,健康养生,心脏不好能不能喝,1,该用户是在询问该产品是否适合有心脏健康问题的人群饮用。
HJ20180908,健康养生,咖啡好喝吗,1,该用户是在询问该款咖啡的口感是否令人满意，以此评估是否值得购买。
HJ20180908,健康养生,有子宫肌瘤和乳腺结节的能喝吗,1,该用户是在询问这款产品是否适合患有子宫肌瘤和乳腺结节的人群饮用。
HJ20180908,健康养生,50多岁能喝吗,1,该用户是在询问这款减肥咖啡产品是否适合50多岁的中老年人饮用，担心年龄因素可能影响安全性或效果。
HJ20180908,健康养生,"我102斤也减了6斤,很满意",0,该用户想表达的含义是：使用该产品后成功减重并感到效果满意。
HJ20180908,健康养生,"我喝了没有拉肚子,还瘦了14斤呢",0,该用户想表达的含义是：这款产品效果不错，自己使用后没有不良反应且成功减重。
HJ20180908,健康养生,"老公减了25斤,比我减得多很多",0,该用户想表达的含义是：这款产品的减肥效果显著，连我丈夫都减得比我多，可见效果不错。
HJ20180908,健康养生,怎么吃,1,该用户可能是在询问产品的具体食用方法或服用方式。
HJ20180908,健康养生,用多少度的水冲,1,该用户想询问冲泡该产品时的适宜水温，以确认正确的饮用方式。
HJ20180908,健康养生,开水冲还是温水冲,1,该用户想询问冲泡产品时的水温要求，以确认正确的使用方法。
HJ20180908,健康养生,我139多斤怎么拍,1,该用户是在询问自己体重139斤的情况下应该选择哪种购买方案或产品规格。
HJ20180908,健康养生,顽固顽固体质可以减掉吗,1,该用户是在询问产品对难以减肥的体质是否有效。
HJ20180908,健康养生,经期可以喝吗,1,该用户是在询问该产品是否适合经期女性饮用，可能存在对经期使用安全性的顾虑或希望确认产品适用性。
HJ20180908,健康养生,有没有运费险?,1,该用户可能是在确认购买后的退货运费保障，表现出对产品有实际购买意向但希望降低潜在退货风险的心理。
HJ20180908,健康养生,"之前拍了好多其他产品都不行,就你家的让我减了20斤",0,该用户想表达的含义是：对比其他品牌效果不佳后，对当前产品的显著减肥效果表示高度认可和满意。
HJ20180908,健康养生,"只想减肚子上的肉,会不会把脸上的肉减掉出皱纹",1,该用户担心使用减肥产品会导致局部减脂效果不理想，害怕面部脂肪流失而加速皮肤衰老。
HJ20180908,健康养生,有试用装吗,1,该用户想确认产品是否提供小规格试用品，以便评估效果后再决定是否购买正装。
HJ20180908,健康养生,现在没有纤维饮了吗,1,该用户可能在询问产品是否已售罄或暂时缺货，表现出对购买纤维饮的潜在兴趣。
HJ20180908,健康养生,晚饭不吃可以喝吗,1,该用户是在询问该产品是否可以替代晚餐来达到减肥效果。
HJ20180908,健康养生,能正常吃饭吗,1,该用户可能是在询问该产品是否会影响正常饮食或是否需要节食才能见效。
HJ20180908,健康养生,"我喝你们这个减肥套餐一单了,减了9斤了",0,该用户想表达的含义是：使用该减肥套餐效果显著，已经成功减重并认可产品效果。
HJ20180908,健康养生,"拍了一单,能减几斤",1,该用户想知道购买产品后大概能减掉多少体重。
HJ20180908,健康养生,需要忌口吗,1,该用户想询问该产品在使用期间是否有饮食禁忌或需要注意的饮食限制。
HJ20180908,健康养生,"一单减了16斤,又回购了",0,该用户想表达的含义是：之前购买这款产品效果显著（减重16斤），因此再次下单支持。
HJ20180908,健康养生,已拍加急,0,该用户想表达的含义是：我已经下单并选择了加急配送服务。
HJ20180908,健康养生,一条用多少毫升水,1,该用户想询问产品的单次使用剂量需要搭配多少水来冲泡。
HJ20180908,健康养生,我喝完一单减了18斤,0,该用户想表达的含义是：使用该产品后已成功减重18斤。
HJ20180908,健康养生,"我又回购了一单,大约的几天收到",0,该用户想表达自己因对产品效果满意而再次下单购买，并询问预计收货时间。
HJ20180908,健康养生,"我106斤,一单减了7斤,确实不错,在拍一单",0,该用户想表达的含义是：自己使用该产品后减重效果明显，打算再次购买以继续减肥。
HJ20180908,健康养生,哺乳期可以喝么,1,该用户是在询问该产品是否适合哺乳期女性饮用。
HJ20180908,健康养生,忌口吗,1,该用户想询问该减肥产品在使用期间是否需要遵守特定的饮食限制。
HJ20180908,健康养生,可以吃水果吗,1,该用户可能在询问该减肥产品使用时是否允许正常食用水果，担心饮食限制问题。
HJ20180908,健康养生,"我减下来了,现在我身边好多人都在跟着我一起喝",0,该用户想表达的含义是：这款产品帮助我成功减肥，效果显著到吸引了周围人效仿购买。
HJ20180908,健康养生,一条咖啡放多少水有说法么,1,该用户是想询问冲泡咖啡时的具体水量配比，以确认产品的使用方法是否会影响效果。
HJ20180908,健康养生,"还没有,他妈一会车都能拉的还没有了呢",0,该用户是在担心产品库存紧张，催促尽快下单以免错过购买机会。
HJ20180908,健康养生,我喝减肥套餐瘦了31斤,0,该用户想通过分享自己的显著减肥效果（瘦了31斤）来肯定产品的有效性，并可能借此激发其他观众的购买兴趣。
HJ20180908,健康养生,"马上第二单喝完,减了31斤",0,该用户想表达的含义是：自己已经回购并喝完第二单产品，成功减重31斤。
HJ20180908,健康养生,我和老公一起喝的咖啡他比我瘦的多,0,该用户想表达的含义是：这款减肥咖啡效果显著，自己饮用后体重下降不如丈夫明显。
HJ20180908,健康养生,多少度水冲咖啡,1,该用户想询问冲泡这款减肥咖啡时所需的水温是多少。
HJ20180908,健康养生,能瘦几斤,1,该用户是在询问使用该减肥产品后预计能达到的减重效果。
HJ20180908,健康养生,"我61岁,喝完你的两单咖啡掉了19斤很满意",0,该用户想表达的意思是：自己61岁，购买了两份这款减肥咖啡后成功减重19斤，对效果非常满意并有意分享这一成果。
HJ20180908,健康养生,回购了两次了减的很好没有任何不适[赞],0,该用户想表达的含义是：这款产品效果很好，自己已经多次购买且使用后没有不良反应，感到非常满意。
HJ20180908,健康养生,一单剪了18斤,0,该用户想表达的含义是：通过购买并使用该产品，自己成功减重了18斤。
HJ20180908,健康养生,中午喝不喝,1,该用户可能在询问这款减肥咖啡是否适合在中午饮用。
HJ20180908,健康养生,一单能瘦几斤啊,1,该用户是在询问购买该减肥产品后预计能取得的具体减重效果。
HJ20180908,健康养生,一单有多少?,1,该用户是在询问购买一份产品（可能是减肥咖啡套餐）的具体数量或规格。
HJ20180908,健康养生,"一单瘦了12斤,咖啡确实管用",0,该用户想表达的含义是：自己通过购买并使用这款减肥咖啡成功减重12斤，认为产品确实有效果。
HJ20180908,健康养生,"一单减了16斤,又回购了",0,该用户想表达的含义是：这款产品效果显著，自己通过使用成功减重后再次购买了同款商品。
HJ20180908,健康养生,你是最丑的骷髅下去,0,"该用户可能是在用夸张的玩笑表达对主播或产品的不满或质疑，认为其宣传的减肥效果虚假可笑。  （结合前文弹幕中密集的减肥效果数据，可能存在过度宣传嫌疑，用户用""骷髅""讽刺极端瘦身效果，用""最丑""强化荒诞感，意图拆穿不实广告。）"
HJ20180908,健康养生,晚饭不吃能喝吗,1,该用户可能在询问这款减肥咖啡是否适合在空腹状态下饮用。
HJ20180908,健康养生,"我102斤也减了6斤,很满意",0,该用户想表达的含义是：使用该产品后成功减重6斤，对效果感到满意。
HJ20180908,健康养生,"我减了13斤,肚子明显小了好多",0,该用户想表达的含义是：通过使用直播推荐的减肥产品，自己成功减重且身材有明显改善。
HJ20180908,健康养生,怎么吃啊,1,该用户可能是在询问产品的具体食用方法或冲泡方式。
HJ20180908,健康养生,顽固性可以吗,1,该用户可能是在询问该产品对顽固性肥胖是否有效。
HJ20180908,健康养生,一单几天,1,该用户想询问购买一单产品后需要几天才能见效或完成使用。
HJ20180908,健康养生,"刚开始喝了几天,减了3斤,还想再减8斤",0,该用户想表达的含义是：对产品效果感到满意并有意继续使用以达到进一步的减肥目标。
HJ20180908,健康养生,你下去吧,0,该用户可能是在表达对当前主播或直播内容的不满，认为其表现不佳或缺乏吸引力，希望换人主持或结束当前环节。
HJ20180908,健康养生,我第二单马上喝完.减掉24斤,0,该用户想表达的含义是：自己已经喝完第二单产品并成功减重24斤，对效果感到满意。
HJ20180908,健康养生,"我106斤,一单减了7斤,确实不错,在拍一单",0,该用户想表达的含义是：自己使用产品后减重效果明显，打算再次下单购买以继续减肥。
HJ20180908,健康养生,怎么喝,1,该用户是在询问产品的具体饮用方法或服用方式。
HJ20180908,健康养生,"回购2单,已经减了8斤",0,该用户想表达的含义是：已经购买了两次这款产品，并且成功减重了8斤。
HJ20180908,健康养生,这个咖啡剪的太快了,0,该用户可能是在抱怨直播中展示的咖啡减肥效果宣传过于夸张或进度太快，显得不够真实可信。
HJ20180908,健康养生,下单了加急,0,该用户想表达的含义是：我已经购买了产品并要求加快发货速度。
HJ20180908,健康养生,一天就喝一条吗,1,该用户是在询问产品的每日建议用量，即每天是否只需饮用一条就能达到效果。
HJ20180908,健康养生,你家咖啡真的很好用,1,该用户想表达的含义是：这款咖啡的减肥效果确实不错，我很满意。
HJ20180908,健康养生,"我老顽固性了,喝了几天真开始减了,今天又来回购一单",0,该用户想表达的含义是：自己属于难减体质，但试用后确实有效果，因此决定再次购买。
HJ20180908,健康养生,"喝了一单,减快9斤,很满意",0,该用户想表达的含义是：购买并使用该产品后成功减重近9斤，对效果感到满意。
HJ20180908,健康养生,咖啡掉肉嘎嘎快,0,该用户想表达的含义是：这款咖啡的减肥效果非常显著且迅速。
HJ20180908,健康养生,"咖啡瘦了17斤了,确实挺好",0,该用户想表达的含义是：喝这款咖啡后成功减重17斤，效果令人满意。
HJ20180908,健康养生,一单有多少盒?,1,该用户想询问购买一份产品包含的具体数量，以评估是否值得下单。
HJ20180908,健康养生,我139多斤怎么拍,1,该用户想知道自己体重139斤应该选择哪个规格或购买方案。
HJ20180908,健康养生,我喝减肥套餐瘦了31斤,0,该用户想表达的含义是：这款减肥产品效果显著，自己使用后成功减重了很多。
HJ20180908,健康养生,"芦荟胶囊本身就是助排便的,药房有卖二十多一盒,一天一粒,一盒二十四粒",0,该用户可能是在对比同类产品的价格和功效，暗示当前直播间的产品性价比不高或功效并不独特。
HJ20180908,健康养生,退货有运费险吗?有试用装吗?,1,该用户是在询问商品的售后保障和试用体验，表现出对产品效果存疑但仍有购买意愿的试探性询价心理。
HJ20180908,健康养生,咖啡是用凉水冲吗,1,该用户可能是在询问咖啡的具体冲泡方式，以确认使用方法是否符合自己的需求或习惯。
HJ20180908,健康养生,拍了三单让我老公和我一起喝,0,该用户想表达的含义是：已经下单购买了三份产品，打算和丈夫一起使用。
HJ20180908,健康养生,怎么吃,1,该用户是在询问产品的具体服用方法或食用方式。
HJ20180908,健康养生,要少吃,0,该用户可能是在询问产品的食用建议或用量限制，担心过量饮用会有负面影响。
HJ20180908,健康养生,我喝完一单减了18斤,0,该用户想表达的含义是：购买并饮用了这款减肥咖啡后，体重成功减轻了18斤。
HJ20180908,健康养生,晚饭不吃也可以喝是吧,1,该用户可能是在确认这款减肥咖啡是否可以替代晚餐来饮用。
HJ20180908,健康养生,150斤,0,该用户想表达的含义是：询问自己体重150斤该如何选择合适的产品规格或用量。
HJ20180908,健康养生,"喝不到两单减了16斤,太好了又来回购了2单",0,该用户想表达的意思是：之前购买这款减肥咖啡效果显著，减重明显，因此再次下单回购。
HJ20180908,健康养生,"这个套餐瘦的确实快,我都减了27斤了,在拍两单",0,该用户想表达的含义是：自己使用该减肥套餐效果显著（已减27斤），因此决定再次购买以继续巩固效果。
HJ20180908,健康养生,"我正常吃饭,一单减了12斤",0,该用户想表达的含义是：在保持正常饮食的情况下，仅购买了一次产品就成功减掉了12斤体重。
HJ20180908,健康养生,我又来回购了两单加急,0,该用户想表达的含义是：因为对产品效果满意，所以再次下单购买了两份并选择了加急配送。
HJ20180908,健康养生,一条用多少水,1,该用户想询问产品的单次使用所需水量或冲泡比例。
HJ20180908,健康养生,"我也是老顾客,买了好多单真的很好",0,该用户想表达的含义是：作为多次回购的忠实客户，我对产品效果非常认可并持续支持。
HJ20180908,健康养生,有没有试吃期,1,该用户可能是在询问产品是否有试用装或支持无理由退换的服务，以降低购买风险。
HJ20180908,健康养生,"我减下来了,现在我身边好多人都在跟着我一起喝",0,该用户想表达的含义是：这款产品帮助自己成功减肥，并带动了周围人一起购买使用。
HJ20180908,健康养生,"回购两单,老顾客了加急发货",0,该用户想表达自己对该产品效果满意并已多次购买，希望商家优先处理自己的订单以尽快收货。
HJ20180908,健康养生,一直在喝你咖啡,0,该用户想表达的含义是：自己是该咖啡产品的长期使用者，对其效果表示认可。
HJ20180908,健康养生,125斤几单,1,该用户想询问自己体重125斤需要购买多少份产品才能达到理想的减肥效果。
HJ20180908,健康养生,什么时候喝,1,该用户想询问产品的饮用时间或服用频率。
HJ20180908,健康养生,"我喝你们这个减肥套餐一单了,减了9斤了",0,该用户想表达的含义是：使用该减肥套餐效果显著，自己已通过购买体验并取得明显减重效果。
HJ20180908,健康养生,怎么用法?,1,该用户想询问产品的具体使用方法或服用方式。
HJ20180908,健康养生,正常吃饭不加餐坚持喝20天就会有效果[赞],0,该用户想表达的含义是：按照日常饮食规律坚持饮用该产品20天就能看到明显的减肥效果。
HJ20180908,健康养生,哺乳期能喝吗,1,该用户是在询问产品是否适合哺乳期女性使用，可能担心成分对母乳喂养有影响。
HJ20180908,健康养生,你家咖啡比我喝其他家减的都多,0,该用户想表达的意思是：你们家的咖啡减肥效果比其他品牌更显著。
HJ20180908,健康养生,"我减了16斤,确实好,让老公也喝了",0,该用户想表达的意思是：自己通过使用该产品成功减重16斤，效果显著，因此推荐给丈夫也尝试购买。
HJ20180908,健康养生,"按照你们的喝法喝减了17斤,太好了",0,该用户想表达的含义是：自己遵循直播推荐的饮用方法后成功减重17斤，感到非常满意和欣喜。
HJ20180908,健康养生,需要多喝水吗,1,该用户可能是在询问产品的具体饮用方法，比如每次冲泡需要加多少水或每天的饮用量建议。
HJ20180908,健康养生,"我姐姐让我过来拍的,她都减了35斤了",0,该用户想表达的含义是：因为看到姐姐使用该产品效果显著，所以自己也来下单购买。
HJ20180908,健康养生,饭前多长时间喝咖啡,1,该用户想询问在用餐前多久饮用该减肥咖啡才能达到最佳效果。
HJ20180908,健康养生,"我正常吃饭,一单减了12斤",0,该用户想表达的含义是：在使用该产品期间保持正常饮食的情况下，购买一单就成功减重了12斤。
HJ20180908,健康养生,一单喝多久的,1,该用户是在询问购买一单产品能够维持多长时间的饮用需求。
HJ20180908,健康养生,"你家咖啡效果确实很明显,又回购了1单",0,该用户想表达的含义是：对产品效果满意并已再次购买以表支持。
HJ20180908,健康养生,"咖啡瘦了17斤了,确实挺好",0,该用户想表达的含义是：饮用这款咖啡后成功减重17斤，认可其减肥效果。
HJ20180908,健康养生,和牛奶一起喝可以吗,1,该用户可能是在询问产品（减肥咖啡）是否可以搭配牛奶饮用，以确认正确的食用方式或寻求更佳的口感体验。
HJ20180908,健康养生,一单能喝多久?,1,该用户想询问购买一单产品能够满足多长时间的饮用需求。
HJ20180908,健康养生,"我喝咖啡减了9斤,刚刚又拍了两单,加急发货",0,该用户想表达的含义是：通过饮用该产品成功减重后，出于对效果的认可再次下单并希望尽快收货。
HJ20180908,健康养生,下单了加急,0,该用户想表达的含义是：我已经购买了产品并要求尽快发货。
HJ20180908,健康养生,"喝咖啡减了14斤,很满意",0,该用户想表达的含义是：这款咖啡的减肥效果显著，自己使用后成功减重并感到非常满意。
HJ20180908,健康养生,一单能减几斤,1,该用户想询问购买一单产品后大约能减掉多少体重。
HJ20180908,健康养生,"喝一个月减了13斤,继续喝",0,该用户想表达的含义是：使用该产品后取得了显著的减肥效果（减重13斤），并打算继续坚持使用以维持或进一步提升效果。
HJ20180908,健康养生,"你家咖啡搭配喝减的真的很快,我减了28斤",0,该用户想表达的含义是：这款咖啡的减重效果非常显著，自己通过搭配饮用已经成功减掉了28斤。
HJ20180908,健康养生,你家的不拉肚子我还减了22斤,0,该用户想表达的含义是：使用你们的产品后不仅没有肠胃不适，还成功减重了22斤。
HJ20180908,健康养生,我就是正常吃饭一单减了17斤,0,该用户想表达的意思是：按照常规饮食配合产品使用后成功减重了17斤。
HJ20180908,健康养生,喝完咖啡多久可以吃饭,1,该用户想表达的含义是：询问饮用咖啡后需要间隔多长时间才能进食以达到最佳减肥效果。
HJ20180908,健康养生,可以瘦的,0,该用户想表达的含义是：这款产品确实具有减肥效果。
HJ20180908,健康养生,"咖啡用多少度水冲,用多少水",1,该用户是在询问冲泡咖啡的具体水温和水粉比例，以确认正确的饮用方式从而保证减肥效果。
HJ20180908,健康养生,170买几单,1,该用户想询问以170元的价格购买多少份产品比较合适，暗示对产品效果和购买数量存在兴趣。
HJ20180908,健康养生,"我喝两单减了18斤,减的很满意",0,该用户想表达的含义是：通过购买并饮用该产品成功减重，效果令人满意，因此有意继续回购。
HJ20180908,健康养生,主播说的是真的,0,该用户可能是在认可主播对产品效果的宣传，暗示自己相信产品的真实性并考虑购买。
HJ20180908,健康养生,我拍了2单给我加急发货,0,该用户想表达的含义是：我已经下单购买了两份产品，希望商家能优先处理我的订单尽快发货。
HJ20180908,健康养生,冷水热水都可以,0,该用户想询问产品（咖啡）是否可以用不同温度的水冲泡。
HJ20180908,健康养生,"一般不吃早餐,可以喝吗?",1,该用户可能是在询问这款咖啡是否适合替代早餐饮用以达到减肥效果。
HJ20180908,健康养生,"99.99,20天吗",1,该用户可能在询问产品的价格是否为99.99元以及使用周期是否为20天见效。
HJ20180908,健康养生,我也是马上喝完两单减了14斤多,0,该用户想表达的含义是：自己购买并饮用该产品后成功减重了14斤以上，对效果感到满意。
HJ20180908,健康养生,100斤拍几单,1,该用户想询问“体重100斤的情况下需要购买多少份产品才能达到预期的减肥效果”。
HJ20180908,健康养生,我一单也瘦了17斤,0,该用户想表达的是：通过购买并使用该产品，自己成功减重了17斤。
HJ20180908,健康养生,喝完啥反应,1,该用户想询问饮用产品后的具体效果或身体反应。
HJ20180908,健康养生,能喝酒吗,1,该用户可能在询问产品是否适合饮酒人群使用或能否与酒精同时饮用。
HJ20180908,健康养生,一天吃几次?,1,该用户想询问产品的每日建议服用频率以配合减肥效果。
HJ20180908,健康养生,我有的时候就用牛奶冲咖啡喝[笑哭],0,该用户想表达的含义是：我对这款咖啡产品有一定的使用经验，想分享自己的饮用方式并融入轻松的互动氛围。
HJ20180908,健康养生,"我老公减了14斤,肚子明显小了好多",0,该用户想表达的含义是：产品效果显著，家人使用后体重明显下降且体型改善。
HJ20180908,健康养生,咖啡是空腹喝吗,1,该用户可能是在询问空腹饮用该款咖啡是否会影响减肥效果或身体健康。
HJ20180908,健康养生,蛮好喝的我现在正在喝,0,该用户想表达的含义是：这款产品口感不错，自己正在使用并认可其效果。
HJ20180908,健康养生,我收到了不就是20袋吗?,0,该用户可能是确认自己购买的产品数量是否正确，表达对收到货品数量的疑问或惊讶。
HJ20180908,健康养生,可以喝酒的保质期两年,0,该用户可能是在询问这款产品是否适合饮酒人群饮用以及产品的保质期时长。
HJ20180908,健康养生,我减了7斤了,0,该用户想表达的含义是：使用该产品后成功减重，对效果感到满意并分享成果。
HJ20180908,健康养生,一单吃几天,1,该用户想表达的含义是：购买这一单的产品可以满足自己好几天的使用需求。
HJ20180908,健康养生,"我刚生完宝宝喝了一单减了25斤,又回购了",0,该用户想表达的含义是：自己产后通过使用该产品成功瘦身25斤，效果显著因此再次购买。
HJ20180908,健康养生,"头一次拍,拍两单加急",0,该用户想表达初次购买并希望加急发货的意愿。
HJ20180908,健康养生,"我喝咖啡减12斤了,又回购了",0,该用户想表达的含义是：自己通过饮用这款咖啡成功减重12斤，因效果显著而再次下单购买。
HJ20180908,健康养生,一袋用多少水,1,该用户是在询问一袋产品需要搭配多少量的水来冲泡或使用。
HJ20180908,健康养生,苦吗?,1,该用户是在询问这款产品（可能是咖啡或减肥饮品）的味道是否苦涩。
HJ20180908,健康养生,"拍了一单,能减几斤",1,该用户想询问购买一单产品后预计能达到的减肥效果。
HJ20180908,健康养生,不吃早饭可以吗,1,该用户可能在询问产品是否需要空腹饮用，或担心不吃早饭是否会影响减肥效果。
HJ20180908,健康养生,"我减了13斤,肚子明显小了好多",0,该用户想表达的含义是：分享自己使用产品后的显著减肥效果，以此间接推荐或肯定该产品的功效。
HJ20180908,健康养生,"我老公偶尔喝酒,一单瘦了13斤[赞]",0,该用户想表达的含义是：我丈夫在少量饮酒的情况下使用该产品后成功减重了13斤，效果令人满意。
HJ20180908,健康养生,"之前拍了好多其他产品都不行,就你家的让我减了20斤",1,该用户想表达的含义是：对比之前尝试的其他产品效果不佳，只有这款产品帮助自己成功减重，因此对品牌表示认可和满意。
HJ20180908,健康养生,一百三,1,该用户可能是在询问产品的价格是否为130元。
HJ20180908,健康养生,"真的可以瘦,我减了18斤了",0,该用户想表达的含义是：这款产品确实有效果，自己通过使用成功减重了不少。
HJ20180908,健康养生,"130斤,162",1,该用户想表达的是：我身高162厘米体重130斤，想知道这个产品对我是否有效。
HJ20180908,健康养生,130斤,1,该用户是在询问自己当前130斤的体重是否适合使用该减肥产品。
HJ20180908,健康养生,"我喝咖啡套餐减了22斤,现在男朋友也跟我一起喝",0,该用户想表达的含义是：这款咖啡套餐的减肥效果显著，不仅自己成功减重，还带动了伴侣一起使用。
HJ20180908,健康养生,"一米五八,145斤",1,该用户想表达的是：报出自己的身高体重，询问这款产品是否适合自己使用。
HJ20180908,健康养生,160/130斤,1,该用户想表达的含义是：报出自己的身高和体重，询问产品是否适合自己使用。
HJ20180908,健康养生,"我老顽固性了,喝了几天真开始减了,今天又来回购一单",0,该用户想表达的含义是：自己原本对产品效果持怀疑态度，但亲身体验后确实有效果，因此决定再次购买。
HJ20180908,健康养生,"我喝咖啡减了9斤,刚刚又拍了两单,加急发货",0,该用户想表达的含义是：这款咖啡减肥效果显著，自己已经通过饮用成功减重，出于信任和满意再次下单并希望尽快收货。
HJ20180908,健康养生,170实几单,1,该用户想询问的是：“身高170厘米实际应该购买几单产品？”
HJ20180908,健康养生,怎么喝,1,该用户是在询问产品的具体饮用方法或冲泡方式。
HJ20180908,健康养生,"165斤,拍了两单哈",0,该用户想表达的含义是：自己体重165斤，已经下单购买了两份产品。
HJ20180908,健康养生,"1.70,180斤,几单",1,该用户想表达的含义是：我身高1米7体重180斤，需要购买多少单产品才能有效减肥。
HJ20180908,健康养生,一单喝多长时间,1,该用户是在询问购买一单产品后能持续饮用多久。
HJ20180908,健康养生,"按照你们的喝法喝减了17斤,太好了",0,该用户想表达的含义是：按照直播推荐的饮用方法使用产品后成功减重17斤，感到非常满意。
HJ20180908,健康养生,我114,1,该用户想表达的含义是：报出自己的体重是114斤，询问需要购买多少单产品。
HJ20180908,健康养生,"120斤,身高1米5",1,该用户想表达的含义是：报出自己的体重和身高数据，询问适合的减肥产品购买方案。
HJ20180908,健康养生,拍了三单让我老公和我一起喝,0,该用户想表达自己已经下单购买了三份产品，并打算和丈夫一起使用。
HJ20180908,健康养生,"160斤,158",1,该用户想表达自己体重160斤、身高158厘米，询问需要购买多少单产品以达到减肥效果。
HJ20180908,健康养生,一米六四120斤,1,该用户想表达的含义是：报出自己的身高体重，询问适合购买哪种产品。
HJ20180908,健康养生,116.158,1,该用户可能是在简洁地报出自己的体重（116斤）和身高（158厘米），以询问或确认适合自己情况的购买建议。
HJ20180908,健康养生,我减了7斤了,0,该用户想表达的含义是：分享自己使用该产品后取得的减肥成效。
HJ20180908,健康养生,我喝了3单减了36斤今天又来回购两单,0,该用户想表达的含义是：自己通过购买并饮用该产品成功减重36斤，出于对效果的认可再次下单购买。
HJ20180908,健康养生,195身高165,1,该用户想表达的含义是：我身高195厘米，体重165斤，想咨询这款产品的适用情况。
HJ20180908,健康养生,什么味道的?,1,该用户是在询问直播中提到的减肥咖啡的具体口味。
HJ20180908,健康养生,"喝咖啡减了14斤,很满意",0,该用户想表达的含义是：通过饮用这款咖啡成功减重14斤，对效果感到非常满意。
HJ20180908,健康养生,一单喝几天?,1,该用户是在询问购买一单产品能够满足多少天的饮用需求。
HJ20180908,健康养生,可以喝的,0,该用户可能在询问产品是否可以直接饮用或是否需要特殊冲泡方式。
HJ20180908,健康养生,我也喝瘦了,0,该用户想表达的含义是：自己通过饮用这款产品也成功实现了体重减轻的效果。
HJ20180908,健康养生,"158,118斤",1,该用户想表达的含义是：我的身高是158厘米，体重118斤，想咨询适合购买几单产品。
HJ20180908,健康养生,60岁140斤162,1,该用户想表达的含义是：我60岁，身高162厘米，体重140斤，想咨询适合的购买方案。
HJ20180908,健康养生,1米55.130斤.拍几单,1,该用户想表达的含义是：询问以自己身高155厘米、体重130斤的情况，应该购买多少份产品才能达到理想的减重效果。
HJ20180908,健康养生,能喝酒吗,1,该用户可能是在询问产品是否适合饮酒人群使用，或担心饮酒是否会影响产品效果。
HJ20180908,健康养生,"效果真的很好,我已经减了11斤了",0,该用户想表达的含义是：这款产品确实有效果，自己使用后已经成功减重了不少。
HJ20180908,健康养生,"我都拍了,怎么用呀?",1,该用户想表达的含义是：我已经下单购买了产品，但不太清楚具体的使用方法。
HJ20180908,健康养生,123斤一米五七,1,该用户想表达自己的体重和身高数据，可能是为了咨询产品适用性或分享自身情况以寻求建议。
HJ20180908,健康养生,空腹喝咖啡吗?,1,该用户可能是在询问空腹饮用该款咖啡是否会影响减肥效果或对身体有不良影响。
HJ20180908,健康养生,我133斤直接拍了两单,0,该用户想表达的含义是：根据我的体重情况，我直接购买了两份产品。
HJ20180908,健康养生,"刚开始喝了几天,减了3斤,还想再减8斤",0,该用户想表达的含义是：使用产品后初见成效，希望继续购买以达到更显著的减重目标。
HJ20180908,健康养生,一单吃几天,1,该用户想询问购买一单产品能够使用多少天。
HJ20180908,健康养生,150个子120斤,1,该用户想表达的含义是：我身高150厘米，体重120斤，想咨询适合的购买方案。
HJ20180908,健康养生,下单了加急,0,该用户想表达自己已经完成购买并希望尽快收货的急切心情。
HJ20180908,健康养生,"我拍了1单,能减几斤啊",1,该用户想询问购买一单产品后预计能达到的减肥效果。
HJ20180908,健康养生,拿铁的味道咖啡芦荟胶囊不需要兑水,0,该用户想表达的含义是：这款咖啡芦荟胶囊口感像拿铁，而且可以直接食用无需冲泡。
HJ20180908,健康养生,"我一单减了25斤,还不拉肚子,特别好",0,该用户想表达的含义是：这款产品减肥效果显著且安全无副作用，自己使用后减重明显且没有不适反应。
HJ20180908,健康养生,"167,125斤拍几单",1,该用户想表达的含义是：身高167厘米、体重125斤的体型应该购买多少份产品才能达到预期减肥效果。
HJ20180908,健康养生,如果不知道掉肉怎么办,0,该用户担心产品可能没有减肥效果，想询问万一无效该如何处理。
HJ20180908,健康养生,168米168斤喝几单,1,该用户想表达的含义是：我身高168厘米体重168斤，请问需要购买多少份产品才能达到减肥效果？
HJ20180908,健康养生,拍了一单试试,0,该用户想表达的含义是：出于对产品效果的初步信任，决定先购买一份体验看看效果。
HJ20180908,健康养生,我一单都喝出效果了,0,该用户想表达的含义是：自己已经购买并使用了产品，且体验到了明显的效果。
HJ20180908,健康养生,我减了7斤了,0,该用户想表达的含义是：这款产品对我有效果，我已经成功减重了。
HJ20180908,健康养生,"160,120斤几单",1,该用户想询问自己的身高160厘米、体重120斤的情况应该购买多少份产品。
HJ20180908,健康养生,"马上第二单喝完,减了31斤",0,该用户想表达的含义是：已经通过购买并使用该产品成功减重31斤，效果显著，因此准备再次下单购买。
HJ20180908,健康养生,"喝了2单,减了33斤",0,该用户想表达的含义是：通过购买并饮用两单产品，成功减重了33斤。
HJ20180908,健康养生,一单喝几天,1,该用户想询问购买一单产品能够满足多少天的使用需求。
HJ20180908,健康养生,163.105斤,1,该用户是在询问自己的身高体重情况（163cm/105斤）适合购买多少单产品以达到减肥效果。
HJ20180908,健康养生,上高中学生能喝吗,1,该用户是在询问该产品是否适合高中生年龄段的消费者饮用。
HJ20180908,健康养生,蛮好喝的睡得着拿铁呀,0,该用户想表达的含义是：这款助眠拿铁效果不错，喝完后睡眠质量有所改善。
HJ20180908,健康养生,真的不苦我买了,0,该用户想表达的含义是：确认产品效果后决定下单购买。
HJ20180908,健康养生,确定能瘦吗,1,该用户是在询问产品的减肥效果是否确实可靠，希望得到明确的保证。
HJ20180908,健康养生,"喝一个月减了13斤,继续喝",0,该用户想表达的含义是：通过持续使用该产品已取得显著减肥效果，并打算继续坚持使用。
HJ20180908,健康养生,我喝完一单减了7斤多,0,该用户想表达的含义是：自己购买并饮用该产品后成功减重7斤多，以此证明产品效果显著。
HJ20180908,健康养生,"身高165,195",1,该用户想表达的含义是：询问身高165厘米、体重195斤的体型应该购买多少份产品才能达到减肥效果。
HJ20180908,健康养生,180多斤,1,该用户可能是在询问自己体重180多斤的情况下需要购买多少单产品才能达到减肥效果。
HJ20180908,健康养生,"分拍的,两单",0,该用户想表达自己分两次下单购买该减肥产品，共购买了两份。
HJ20180908,健康养生,"喝不到两单减了16斤,太好了又来回购了2单",0,该用户想表达的含义是：之前购买的产品效果显著（减重16斤），出于满意和信任再次下单回购。
HJ20180908,健康养生,排骨精,0,该用户想表达的含义是：自己通过使用产品成功瘦身，身材变得像排骨一样纤细。
HJ20180908,健康养生,"我减下来了,现在我身边好多人都在跟着我一起喝",0,该用户想表达的含义是：这款产品帮助自己成功减肥后，还带动了周围不少人跟着购买尝试。
HJ20180908,健康养生,1.7米140斤???????,1,该用户想表达的含义是：询问自己身高1.7米体重140斤的情况需要购买几单产品才能见效。
HJ20180908,健康养生,用忌口吗,1,该用户想询问该产品在使用期间是否需要避免食用某些特定食物。
HJ20180908,健康养生,我拍了2单给我加急发货,0,该用户想表达自己已经下单购买了两份产品，并希望商家能优先处理自己的订单尽快发货。
HJ20180908,健康养生,"老公一开始不信,喝了一单瘦了13斤[笑哭]走路都轻快了[笑哭]",0,该用户想表达的含义是：自己起初对产品效果持怀疑态度，但亲身试用后显著瘦身13斤，连日常行动都变得轻松，用调侃语气佐证产品有效性。
HJ20180908,健康养生,你家咖啡真的很好用,1,该用户想表达的含义是：这款咖啡的减肥效果非常显著，值得推荐。
HJ20180908,健康养生,保质期两年今天真的很划算,0,该用户想表达的含义是：这款产品的保质期足够长，加上今天的优惠力度很吸引人，值得购买。
HJ20180908,健康养生,我96下了一单,0,该用户想表达的含义是：自己已经下单购买了96份产品。
HJ20180908,健康养生,没忌口都瘦了,0,该用户想表达的含义是：即使没有刻意控制饮食，体重也减轻了。
HJ20180908,健康养生,"刚开始喝了几天,减了3斤,还想再减8斤",0,该用户想表达的含义是：使用产品后已初见成效，希望继续坚持以达到更理想的减重目标。
HJ20180908,健康养生,吃的比较多啥都想吃,0,该用户想表达的含义是：我对这款减肥咖啡很感兴趣，想多买一些试试效果。
HJ20180908,健康养生,子宫肌瘤能喝吗,1,该用户是在询问该产品是否适合子宫肌瘤患者饮用。
HJ20180908,健康养生,"我喝两单减了18斤,减的很满意",0,该用户想表达的是：这款产品效果显著，自己购买两单后成功减重18斤，对效果非常满意并认可产品。
HJ20180908,健康养生,1米50120,1,该用户想表达的是自己的身高和体重数据（1米5，120斤），可能是为了咨询产品适用性或分享自身情况以寻求建议。
HJ20180908,健康养生,我喝了3单减了36斤今天又来回购两单,0,该用户想表达的意思是：这款产品效果显著，自己通过购买三次成功减重36斤，出于对效果的认可再次下单回购。
HJ20180908,健康养生,170—145斤,1,该用户可能在询问自己的身高体重范围是否适合使用直播中推荐的产品。
HJ20180908,健康养生,168高120斤,1,该用户是在提供自己的身高体重数据，以此询问主播该产品是否适合自己使用或预计能达到的减肥效果。
HJ20180908,健康养生,怎么吃,1,该用户想表达的含义是：询问产品的食用方法或服用方式。
HJ20180908,健康养生,"拍了一单,加急发货",0,该用户已经下单并希望商家尽快处理发货，表现出较强的购买意愿和对产品的急切需求。
HJ20180908,健康养生,"我喝咖啡减12斤了,又回购了",0,该用户想表达的含义是：通过持续饮用这款咖啡成功减重后，出于对产品效果的认可再次下单购买。
HJ20180908,健康养生,真的能瘦,0,该用户想表达的含义是：对产品减肥效果的真实性感到好奇或质疑，希望得到确认。
HJ20180908,健康养生,"125斤,1米6",1,该用户想表达的含义是：报出自己的身高体重，询问产品是否适合自己使用。
HJ20180908,健康养生,"160,158",1,该用户想表达的是自己的身高和体重数据，可能是为了咨询产品使用建议或分享自身情况以寻求共鸣。
HJ20180908,健康养生,"效果真的很好,我已经减了11斤了",1,该用户想表达的含义是：这款产品确实有效果，自己使用后成功减重了不少。
HJ20180908,健康养生,我就是这样瘦的我一直买红姐的,0,该用户想表达的含义是：自己通过购买主播推荐的产品成功瘦身，因此持续支持这位主播。
HJ20180908,健康养生,男的咋喝,1,该用户可能是在询问这款产品是否适合男性饮用，隐含对产品适用性及效果的疑虑。
HJ20180908,健康养生,"我喝咖啡套餐减了22斤,现在男朋友也跟我一起喝",0,该用户想表达的含义是：这款咖啡套餐的减肥效果显著，自己和伴侣都在使用并取得了成效。
HJ20180908,健康养生,167.139斤,1,该用户可能在分享自己的身高体重数据，以询问或对比该产品的减肥效果。
HJ20180908,健康养生,拍了拍了,0,该用户想表达自己已经下单购买了产品。
HJ20180908,健康养生,"婆婆喝这个咖啡减了14斤,今天又回购两单",0,该用户想表达的含义是：通过亲身见证他人使用该产品的显著效果而产生了信任，因此再次下单购买以延续效果。
HJ20180908,健康养生,我就是正常吃饭一单减了17斤,0,该用户想表达的含义是：通过正常饮食配合产品使用，自己成功减重了17斤。
HJ20180908,健康养生,可以喝的!我也喝了今天掉了2两,0,该用户想表达的含义是：这款产品确实有效，我今天喝了之后体重减轻了2两。
HJ20180908,健康养生,经期可以不,1,该用户想询问这款减肥产品在女性生理期间是否也可以正常饮用。
HJ20180908,健康养生,我也是马上喝完两单减了14斤多,0,该用户想表达的含义是：自己通过购买并饮用该产品已成功减重14斤以上，因此再次下单回购。
HJ20180908,健康养生,"170,128",1,该用户可能在分享自己的身高体重数据，暗示对减肥产品的效果感兴趣或寻求使用建议。
HJ20180908,健康养生,正常吃饭,0,该用户想表达的含义是：自己并未刻意节食，只是保持日常饮食就达到了减肥效果。
HJ20180908,健康养生,学生喝影响上课吗,1,该用户是在询问这款产品是否会影响学生的课堂专注度，担心饮用后可能干扰学习状态。
HJ20180908,健康养生,"你家咖啡搭配喝减的真的很快,我减了28斤",0,该用户想表达的意思是：这款咖啡的减肥效果很明显，自己通过搭配饮用成功减重了28斤。
HJ20180908,健康养生,水果可以吃吗,1,该用户可能在询问直播中提到的减肥咖啡是否可以像水果一样安全食用。
HJ20180908,健康养生,"我减下来了,现在我身边好多人都在跟着我一起喝",0,该用户想表达的含义是：这款产品帮助自己成功减肥，并且带动了周围的人也跟随购买使用。
HJ20180908,健康养生,"我出月子就开始喝了,2单减了17斤",0,该用户想表达的含义是：这款产品在产后减肥效果显著，自己购买后成功减重了17斤。
HJ20180908,健康养生,蛮好喝的今天真的很划算,0,该用户认为产品口感不错且价格优惠，表达出对商品的认可和潜在的购买意愿。
HJ20180908,健康养生,一米五七123斤,1,该用户想表达的含义是：报出自己的身高体重，询问这款咖啡是否适合自己目前的体型使用。
HJ20180908,健康养生,经期也可以喝,0,该用户想确认这款减肥咖啡是否适合在生理期间饮用。
HJ20180908,健康养生,拉肚子吗????????????,1,该用户可能在询问该产品是否会导致腹泻等不良反应，表现出对产品安全性的顾虑。
HJ20180908,健康养生,我就是喝红姐家咖啡瘦的,0,该用户想表达的含义是：红姐家的咖啡确实有效果，自己通过饮用成功实现了减肥目标。
HJ20180908,健康养生,我喝了3单减了36斤今天又来回购两单,0,该用户想表达的含义是：这款产品效果显著，自己通过多次购买和使用成功减重，现在再次复购以继续维持效果。
HJ20180908,健康养生,一旦吃几天,1,该用户想表达的含义是：如果坚持喝这款咖啡几天就能见效。
HJ20180908,健康养生,一米六117斤,1,该用户是在询问自己的身高体重数据是否适合使用这款减肥咖啡产品。
HJ20180908,健康养生,"我喝你家的咖啡减了43斤,现在我身边的朋友都在喝",0,该用户想表达的含义是：这款咖啡的减肥效果非常显著，不仅自己成功减重，还带动了周围朋友一起购买饮用。
HJ20180908,健康养生,"减的确实很快,一单我减了22斤",0,该用户想表达的含义是：这款产品效果显著，自己使用后成功减重了不少。
HJ20180908,健康养生,"我喝咖啡套餐减了22斤,现在男朋友也跟我一起喝",0,该用户想表达的含义是：这款咖啡套餐的减肥效果显著，自己成功减重后还带动了身边人一起购买使用。
HJ20180908,健康养生,"120斤,1米5",1,该用户想表达的含义是：报出自己的身高体重，询问适合的减肥咖啡购买方案。
HJ20180908,健康养生,怎么喝,1,该用户可能是在询问产品的饮用方式或注意事项，比如冲泡方法、饮用频率或搭配建议。
HJ20180908,健康养生,"老公减了25斤,比我减得多很多",0,该用户想表达的含义是：伴侣使用该产品后减肥效果显著，比自己减重更多，暗示产品效果不错。
HJ20180908,健康养生,哺乳期能喝吗,1,该用户是在询问该产品是否适合哺乳期女性饮用，担心可能影响母乳喂养或自身健康。
HJ20180908,健康养生,血压高可以吃吗?,1,该用户是在询问该产品是否适合高血压人群食用，担心可能存在的健康风险或禁忌。
HJ20180908,健康养生,备孕经期三高都放心喝,0,该用户想表达的含义是：这款产品适合备孕、经期和三高人群饮用，可以放心购买。
HJ20180908,健康养生,我喝了咖啡15天减了16斤,0,该用户想表达的含义是：通过持续饮用这款咖啡，自己在短时间内取得了显著的减肥效果。
HJ20180908,健康养生,喝了上火吗?,1,该用户担心产品可能导致身体燥热或不适，想确认饮用后的副作用风险。
HJ20180908,健康养生,你家咖啡真的很好用,1,该用户想表达的含义是：这款咖啡效果不错，我对其减肥功效表示认可和推荐。
HJ20180908,健康养生,这个咖啡怎么不配纤维饮了?,1,该用户是在询问为何当前售卖的咖啡没有搭配之前常见的纤维饮组合套装。
HJ20180908,健康养生,一单下几个,1,该用户是在询问每次下单需要购买多少份产品才能达到理想的减肥效果。
HJ20180908,健康养生,多长时间有效?,1,该用户是在询问产品的有效期或使用周期，可能是担心产品存放时间或见效时长。
HJ20180908,健康养生,我也是马上喝完两单减了14斤多,1,该用户想表达自己通过购买并饮用该产品成功减重14斤以上，并暗示对产品效果的认可和可能的复购意向。
HJ20180908,健康养生,1米65150斤,1,该用户想表达的含义是：报出自己的身高体重，询问适合的减肥产品推荐。
HJ20180908,健康养生,"123斤,一米五七",1,该用户是在提供自己的身高体重数据，询问该减肥产品是否适合自己使用。
HJ20180908,健康养生,"喝一个月减了13斤,继续喝",1,该用户想表达的含义是：自己使用该产品后取得了显著的减肥效果（一个月减重13斤），并打算继续坚持使用以维持或进一步提升效果。
HJ20180908,健康养生,不吃早餐可以喝吗,1,该用户可能是在询问该产品是否适合在不吃早餐的情况下饮用。
HJ20180908,健康养生,"拍了一单,加急发货",0,该用户已经下单购买并希望尽快收到商品。
HJ20180908,健康养生,喝了以后在吃早餐吗?,1,该用户是在询问产品（咖啡）的使用方法，即是否需要在饮用后立即吃早餐。
HJ20180908,健康养生,咖啡很苦吧,1,该用户可能是在询问咖啡的口感是否适合自己，担心味道过于苦涩影响饮用体验。
HJ20180908,健康养生,芦荟一天喝几颗早上吃芦荟吗,1,该用户想询问芦荟产品的每日服用剂量和最佳食用时间。
HJ20180908,健康养生,"我姐姐喝了一单,减了不到八斤",0,该用户想表达的含义是：我姐姐购买了这款产品并饮用后，体重减轻了不到八斤。
HJ20180908,健康养生,"一单减了16斤,又回购了",0,该用户想表达的含义是：自己购买该产品后成功减重16斤，因效果显著而再次下单。
HJ20180908,健康养生,"170,190斤",1,该用户想表达的含义是：报出自己的身高体重，询问这款咖啡是否适合自己使用。
HJ20180908,健康养生,"你家减肥套餐确实好,我都减了31斤了,介绍了好多朋友过来拍了",0,该用户想表达的含义是：自己使用产品后效果显著并主动推荐给他人，以此证明产品的有效性并间接鼓励其他观众购买。
HJ20180908,健康养生,105可以吗,1,该用户可能是在询问商品价格能否优惠到105元。
HJ20180908,健康养生,"我减下来了,现在我身边好多人都在跟着我一起喝",0,该用户想表达的含义是：自己通过使用该产品成功减肥，并带动了周围的人也尝试购买。
HJ20180908,健康养生,"拍了加急,158,118斤",0,该用户想表达的含义是：我已经下单购买了加急发货的产品，身高158厘米，体重118斤。
HJ20180908,健康养生,我一单也瘦了,0,该用户想表达的意思是：我购买了一次产品后也成功减重了。
HJ20180908,健康养生,一单喝多少天,1,该用户想询问购买一单产品能够饮用多少天。
HJ20180908,健康养生,一米六一百一十七斤,1,该用户想表达的是自己的身高体重数据，可能是为了询问适合的减肥产品或套餐。
HJ20180908,健康养生,一单喝几天,1,该用户是在询问购买一单产品后可以饮用多少天。
HJ20180908,健康养生,我喝完一单减了18斤,0,该用户想表达的含义是：自己通过购买并饮用该产品成功减重了18斤。
HJ20180908,健康养生,163170斤拍几盒,1,该用户想询问自己身高163厘米、体重170斤的情况下需要购买多少盒产品才能达到减肥效果。
HJ20180908,健康养生,我133斤直接拍了两单,0,该用户想表达的含义是：基于自己的体重和对他人的效果参考，果断下单购买了该减肥产品。
HJ20180908,健康养生,喝了会头晕吗,1,该用户担心产品可能引起头晕的副作用，想确认饮用后的身体反应是否安全。
HJ20180908,健康养生,效果蛮好的我就是买红姐的,0,该用户想表达的含义是：产品效果不错，我因为信任红姐而决定购买。
HJ20180908,健康养生,一直在喝你咖啡,0,该用户想表达的含义是：长期购买并饮用这款咖啡产品，对其有一定忠诚度。
HJ20180908,健康养生,喝完什么反映,1,该用户想询问饮用该产品后可能产生的身体反应或效果。
HJ20180908,健康养生,我喝了3单减了36斤今天又来回购两单,0,该用户想表达的含义是：这款产品减肥效果显著，自己之前购买三次共减重36斤，出于信任和满意再次下单回购。
HJ20180908,健康养生,哺乳期可以吗,1,该用户想询问该减肥产品是否适合哺乳期女性使用。
HJ20180908,健康养生,咖啡冲水喝吗,1,该用户可能在询问咖啡是否需要冲泡饮用，以确认产品的使用方式是否符合自己的需求。
HJ20180908,健康养生,保质期两年不苦拿铁味,0,该用户是在询问产品的保质期是否为两年，并确认该款拿铁口味是否没有苦味。
HJ20180908,健康养生,记吃的东西吗,1,该用户可能在询问产品是否有记录饮食或热量摄入的功能。
HJ20180908,健康养生,"我是刚生完孩子小肚子大,喝完两单肚子小了好多",0,该用户想表达的含义是：产后身材恢复效果显著，使用产品后腹部明显变小，因此再次购买以巩固效果。
HJ20180908,健康养生,一单快喝完了减了8斤,0,该用户想表达的含义是：我喝完一单产品后瘦了8斤，效果不错。
HJ20180908,健康养生,"一米六八,121斤",1,该用户是在提供自己的身高体重数据，询问适合购买多少产品才能达到减肥效果。
HJ20180908,健康养生,165/135斤拍多少,1,该用户是在询问自己身高165厘米、体重135斤的情况下应该购买多少份产品才合适。
HJ20180908,健康养生,"165斤,拍了两单哈",0,该用户想表达的含义是：自己体重165斤，已经下单购买了两份产品。
HJ20180908,健康养生,芦荟起什么作用?,1,该用户想询问芦荟产品的具体功效或使用效果。
HJ20180908,健康养生,一单几天量,1,该用户想询问购买一单产品能够使用多少天。
HJ20180908,健康养生,"我老公减了14斤,肚子明显小了好多",0,该用户想表达的含义是：这款产品对减重有明显效果，尤其是针对腹部脂肪，因此值得推荐或考虑购买。
HJ20180908,健康养生,一单能减几斤?,1,该用户是在询问购买该产品后能达到的减肥效果，具体想了解购买一份产品能减掉多少体重。
HJ20180908,健康养生,"马上第二单喝完,减了31斤",0,该用户想表达的含义是：已经喝完第二单产品并成功减重31斤，暗示产品效果显著。
HJ20180908,健康养生,保质期两年抓紧囤吧我看直播间那么久今天最便宜,0,该用户认为当前价格是近期最低，出于对产品保质期的信任和优惠力度的认可，产生了强烈的囤货意愿。
HJ20180908,健康养生,咖啡一盒装几条,1,该用户想询问咖啡产品的包装规格，以评估购买数量和性价比。
HJ20180908,健康养生,"你家减肥套餐确实好,我都减了31斤了,介绍了好多朋友过来拍了",0,该用户想表达的含义是：自己使用该减肥套餐效果显著并主动推荐给他人，以此证明产品的有效性并间接鼓励其他观众购买。
HJ20180908,健康养生,我一单就瘦了12斤,0,该用户想表达的含义是：购买并使用该产品后成功减重了12斤。
HJ20180908,健康养生,拍了三单让我老公和我一起喝,0,该用户想表达的含义是：自己已经下单购买了三份产品，并打算和丈夫一起使用。  （结合前文语境，直播间主要讨论减肥产品的效果和购买情况，用户通过分享自己的购买行为和家庭使用计划，既表达了对产品的认可，也隐含了对效果的期待。）
HJ20180908,健康养生,一单吃多少天,1,该用户想询问购买一单产品能够使用多少天。
HJ20180908,健康养生,芦荟胶囊在哪个车,1,该用户是在询问芦荟胶囊产品的购买链接或促销活动位置。
HJ20180908,健康养生,1.58米110斤就是肚子大,1,该用户可能在询问自己的身高体重情况是否适合购买该减肥产品，并特别关注对腹部减脂的效果。
HJ20180908,健康养生,什么味,1,该用户可能在询问直播中提到的减肥产品或食品的具体口味选项。
HJ20180908,健康养生,需要忌口吗,1,该用户可能是在询问产品使用期间是否需要避免食用某些特定食物。
HJ20180908,健康养生,"刚开始喝了几天,减了3斤,还想再减8斤",0,该用户想表达的含义是：使用产品后已初见成效，希望继续购买以达到更理想的减重目标。
HJ20180908,健康养生,160142斤,1,该用户想表达的含义是：身高160厘米，体重142斤，询问应该购买多少产品。
HJ20180908,健康养生,哺乳期可以和吗,1,该用户可能是在询问哺乳期是否可以安全使用直播间推销的减肥产品。
HJ20180908,健康养生,"我喝1单,瘦了10斤",0,该用户想表达的含义是：购买并使用该产品后成功减重了10斤。
HJ20180908,健康养生,我买红姐的减肥效果真的很好,0,该用户想表达的意思是：红姐推荐的减肥产品效果显著，自己使用后确实有效果。
HJ20180908,健康养生,需要一天喝够多少ml的水吗,1,该用户可能是在询问减肥产品的具体饮用量，想了解每天需要喝多少毫升的水或相关饮品才能达到理想的减肥效果。
HJ20180908,健康养生,"我102斤也减了6斤,很满意",0,该用户想表达的含义是：使用该产品后体重有所下降，对效果感到满意。
HJ20180908,健康养生,拿铁味不苦的,0,该用户想确认拿铁口味的咖啡是否带有明显的苦味，以评估是否符合自己的口味偏好。
HJ20180908,健康养生,拍一单试试,0,该用户想表达的含义是：想先购买一份产品体验效果。
HJ20180908,健康养生,"我老顽固性了,喝了几天真开始减了,今天又来回购一单",0,该用户想表达的含义是：自己原本对产品效果持怀疑态度，但实际饮用后确实有效果，因此决定再次购买以继续使用。
HJ20180908,健康养生,1.6-125斤,1,该用户想表达的含义是：我的身高是1.6米，体重125斤，想咨询适合的减肥方案。
HJ20180908,健康养生,冷水热水都可以,0,该用户可能在询问产品使用时对水温是否有要求，想确认是否可以用冷水和热水冲泡或服用。
HJ20180908,健康养生,"我喝你家的咖啡减了43斤,现在我身边的朋友都在喝",0,该用户想表达的含义是：这款咖啡的减肥效果非常显著，自己成功减重后还带动了周围朋友一起购买。
HJ20180908,健康养生,我喝了咖啡15天减了16斤,0,该用户想表达的含义是：这款咖啡的减肥效果显著，自己亲身验证后效果惊人。
HJ20180908,健康养生,"130斤拍了一单,1.6米高",0,该用户想表达的含义是：自己身高1.6米体重130斤，想通过购买产品达到减肥效果。
HJ20180908,健康养生,多囊能喝吗,1,该用户是在询问产品是否适合患有多囊卵巢综合征的人群饮用。
HJ20180908,健康养生,"回购两单,老顾客了加急发货",0,该用户是在表达自己对该产品的信任和满意，作为忠实顾客再次购买并希望尽快收到货品。
HJ20180908,健康养生,"第1单咖啡减了9斤,第2单开始喝起来",0,该用户想表达的含义是：第一次购买这款咖啡后成功减重9斤，现在准备继续购买并坚持饮用以达到更好的效果。
HJ20180908,健康养生,160-135斤,1,该用户想表达的含义是：我身高160厘米，体重135斤，想了解这款产品是否适合我的情况。
HJ20180908,健康养生,我喝减肥套餐瘦了31斤,0,该用户想表达的含义是：分享自己使用该减肥套餐的成功经历，以证明产品效果显著。
HJ20180908,健康养生,"这个套餐瘦的确实快,我都减了27斤了,在拍两单",0,该用户想表达的含义是：自己使用该减肥套餐效果显著，已成功减重27斤，因此决定再次购买两单以继续维持或提升效果。
HJ20180908,健康养生,哺乳期可以喝吗,1,该用户是在询问该产品是否适合哺乳期女性使用，担心可能对自身或婴儿健康有影响。
HJ20180908,健康养生,"158,105斤",1,该用户想表达的含义是：我的身高是158厘米，体重105斤，想了解这款产品是否适合我的体型。
HJ20180908,健康养生,可以喝的,0,该用户想表达的含义是：这款饮品确实有效且安全，可以放心饮用。
HJ20180908,健康养生,"我喝两单减了18斤,减的很满意",0,该用户想表达的含义是：使用该产品后减重效果显著，对效果感到满意并可能有意继续购买。
HJ20180908,健康养生,"一米六五,185斤,拍几单?",1,该用户想表达的含义是：询问以自己165cm身高和185斤体重的情况需要购买多少份产品才能达到理想的减肥效果。
HJ20180908,健康养生,"红姐我喝你家减肥咖啡都减了15斤了,今天再来拍一单",0,该用户想表达的含义是：作为老顾客因产品效果显著而再次回购。
HJ20180908,健康养生,"我喝了一单,确实蛮好喝的!主要无痛减肥",0,该用户想表达的含义是：自己购买了该产品并体验后觉得口感不错，尤其看重其能轻松帮助减肥的效果。
HJ20180908,健康养生,"我106斤,一单减了7斤,确实不错,在拍一单",0,该用户想表达的含义是：自己体重106斤，之前购买产品后成功减重7斤，对效果感到满意，因此决定再次下单购买。
HJ20180908,健康养生,咖啡冲水喝吗咖啡冲水喝吗咖啡冲水喝吗,1,该用户可能是对咖啡的冲泡方式感到困惑或好奇，想确认是否需要用水冲泡才能饮用。
HJ20180908,健康养生,红姐甲亢患者可以吗?,1,该用户是在询问主播所推销的减肥咖啡是否适合甲状腺功能亢进患者饮用。
HJ20180908,健康养生,"1.7,125斤",1,该用户想表达的含义是：我身高1.7米体重125斤，想咨询适合购买的减肥套餐规格。
HJ20180908,健康养生,下单了加急,0,该用户想表达自己已经完成购买并希望尽快发货。
HJ20180908,健康养生,我133斤直接拍了两单,0,该用户想表达自己体重133斤，基于对产品效果的信任直接购买了两份减肥咖啡。
HJ20180908,健康养生,147斤怎么减肥,1,该用户是在询问直播间推荐的减肥产品是否适合自己147斤的体重情况，隐含对产品效果的关注和潜在的购买意向。
HJ20180908,健康养生,120斤150,1,该用户可能是在询问自己的体重（120斤）适合购买哪个套餐（150元档位）以达到减肥效果。
HJ20180908,健康养生,我拍的怎么给你这不一样呢,0,该用户可能在疑惑自己购买的减肥产品效果与直播间展示的案例存在差异，暗示对产品真实性或使用方法的质疑。
HJ20180908,健康养生,"马上第二单喝完,减了31斤",0,该用户想表达自己通过购买并饮用该减肥产品已成功减重31斤，并暗示效果显著可能考虑继续回购。
HJ20180908,健康养生,出月子再喝保质期两年,0,该用户是在询问产品保质期能否覆盖到产后恢复期，以便在坐完月子后仍能安全饮用。
HJ20180908,健康养生,多喝水、吗?,1,该用户可能在询问减肥产品是否需要配合大量饮水来增强效果。
HJ20180908,健康养生,流产后多久能喝,1,该用户是在询问流产后需要间隔多长时间才能安全饮用直播间推荐的减肥产品。
HJ20180908,健康养生,一单能瘦几斤啊,1,该用户是在询问购买该减肥产品后，使用一个订单的量能带来多少减重效果。
HJ20180908,健康养生,红姐好瘦[挑逗],0,该用户是在调侃主播身材苗条，并暗示对主播推荐的减肥产品效果感兴趣。
HJ20180908,健康养生,"红姐我姐姐喝你家咖啡减了39斤,我今天也过来拍了",0,该用户想表达的含义是：因为看到亲友使用该产品效果显著，自己也产生了信任并下单购买。
HJ20180908,健康养生,"身高1米八,体230斤,几单",1,该用户是在询问自己的身高体重情况下需要购买多少单产品才能达到预期减肥效果。
HJ20180908,健康养生,保质期两年抓紧囤货吧今天很便宜,0,该用户认为当前促销价格划算且产品保质期较长，因此产生了大量囤货的意愿。
HJ20180908,健康养生,甲亢患者可以吗?,1,该用户是在询问甲亢患者是否可以安全饮用这款减肥咖啡。
HJ20180908,健康养生,你带她牌子真好,0,该用户是在夸赞主播推荐的品牌产品效果显著，暗示自己也产生了购买意向。
HJ20180908,健康养生,"我喝咖啡减了9斤,刚刚又拍了两单,加急发货",0,该用户想表达的含义是：自己通过饮用该产品成功减重后，出于信任和效果认可再次回购并希望尽快收到货。
HJ20180908,健康养生,我减了7斤了,0,该用户想表达的含义是：通过使用直播推荐的产品（咖啡）已经取得了明显的减肥效果（减重7斤）。
HJ20180908,健康养生,"我喝你们这个减肥套餐一单了,减了9斤了",0,该用户想表达的含义是：自己已经购买并使用了该减肥套餐且效果显著，以此间接推荐产品并可能暗示会继续回购。
HJ20180908,健康养生,大姨妈来可以喝不,1,该用户是在询问该产品是否适合经期女性饮用。
HJ20180908,健康养生,多喝水吗,1,该用户可能在询问产品是否需要配合大量饮水来达到减肥效果。
HJ20180908,健康养生,168高150米,1,该用户想表达的含义是：我的身高是168厘米，体重150斤，应该购买几单产品？
HJ20180908,健康养生,"这个套餐瘦的确实快,我都减了27斤了,在拍两单",0,该用户想表达的含义是：这个减肥套餐效果显著，自己已经成功减重27斤，打算再购买两单继续使用。
HJ20180908,健康养生,我一单瘦了,0,该用户想表达的含义是：我购买了一次这个减肥产品后成功瘦下来了。
HJ20180908,健康养生,"我是刚生完孩子小肚子大,喝完两单肚子小了好多",0,该用户想表达自己产后身材恢复效果显著，通过购买并饮用该产品后腹部明显瘦身，暗示对产品效果的认可和可能的复购意愿。
HJ20180908,健康养生,"按照你们的喝法喝减了17斤,太好了",0,该用户想表达的含义是：自己通过按照直播推荐的饮用方法使用产品后成功减重17斤，感到非常满意和欣喜。
HJ20180908,健康养生,"我也是老顾客,买了好多单真的很好",0,该用户想表达的含义是：作为长期支持的老客户，我对产品效果非常满意并持续复购。
HJ20180908,健康养生,1米62158,1,该用户想表达的含义是：我的身高是1米62，体重158斤，需要购买多少单产品才能有效减肥。
HJ20180908,健康养生,"我一单减了25斤,还不拉肚子,特别好",0,该用户想表达的含义是：使用该产品后成功减重且无副作用，效果令人满意。
HJ20180908,健康养生,小女孩可以喝减肥茶,0,该用户可能在询问产品是否适合未成年人使用，隐含对减肥茶适用人群的潜在购买意向。
HJ20180908,健康养生,"喝了一单,减快9斤,很满意",0,该用户想表达的含义是：购买并饮用了这款产品后成功减重近9斤，对效果感到满意。
HJ20180908,健康养生,甲状腺结节能喝吗,1,该用户是在询问甲状腺结节患者是否可以饮用直播间推销的减肥产品。
HJ20180908,健康养生,165高163斤喝完能减几斤,1,该用户想表达的含义是：询问自己身高165厘米、体重163斤的情况下，使用该产品预计能减掉多少体重。
HJ20180908,健康养生,我是1.55米105斤怎么拍?,1,该用户是在询问主播自己身高1.55米、体重105斤的情况下应该选择哪种购买方案或产品规格。
HJ20180908,健康养生,冷水热水都可以水量没要求,0,该用户想表达的含义是：询问这款减肥产品对水温和水量的饮用要求是否有限制。
HJ20180908,健康养生,用忌口吗,1,该用户是在询问该减肥产品是否有饮食禁忌或服用时的注意事项。
HJ20180908,健康养生,"1米六,120斤拍几单",1,该用户想询问自己身高1米6、体重120斤的情况下应该购买多少份减肥产品才能达到理想效果。
HJ20180908,健康养生,"效果真的很好,我已经减了11斤了",0,该用户想表达的含义是：对产品的减肥效果感到满意并分享自己的成功体验，以此间接推荐或肯定该产品。
HJ20180908,健康养生,我一单喝都喝瘦了,0,该用户想表达的含义是：我购买并饮用这款产品后成功实现了瘦身效果。
HJ20180908,健康养生,"你家减肥套餐确实好,我都减了31斤了,介绍了好多朋友过来拍了",0,该用户想表达的含义是：通过亲身体验验证了产品的显著效果并主动推荐给他人，以此表达对产品的认可和推广意愿。
HJ20180908,健康养生,甲亢患者可以吗,1,该用户是在询问这款减肥产品是否适合甲状腺功能亢进患者使用。
HJ20180908,健康养生,"一直喝你家咖啡,今天太划算了,抢了4单",0,该用户想表达的含义是：作为长期顾客，觉得本次促销力度大，果断下单囤货。
HJ20180908,健康养生,"164,115斤拍一单吗?",1,该用户是在询问自己身高164厘米、体重115斤的情况下应该购买多少份产品才能达到预期减肥效果。
HJ20180908,健康养生,我喝了3单减了36斤今天又来回购两单,0,该用户想表达的含义是：通过多次购买产品实现了显著减肥效果，现在因满意效果而再次下单购买。
HJ20180908,健康养生,拍一单喝几天,1,该用户想表达的含义是：购买一份产品可以满足几天的饮用需求。
HJ20180908,健康养生,放多少水冲,1,该用户想询问冲泡减肥产品时的具体用水量。
HJ20180908,健康养生,男的可以不,1,该用户可能在询问这款减肥产品是否适合男性使用。
HJ20180908,健康养生,50岁能喝不,1,该用户是在询问这款减肥产品是否适合50岁年龄段的人饮用。
HJ20180908,健康养生,咖啡怎么喝,1,该用户可能在询问咖啡的饮用方法或注意事项，比如冲泡方式、饮用频率或搭配建议等。
HJ20180908,健康养生,"马上第二单喝完,减了31斤",0,该用户想表达的含义是：已经购买并喝完第一单产品后成功减重31斤，现在准备继续购买第二单。
HJ20180908,健康养生,108怎么喝,1,该用户是在询问身高108厘米（可能是儿童）的饮用方法和注意事项。
HJ20180908,健康养生,170买几单,1,该用户想询问自己身高170厘米的情况下应该购买多少份产品才合适。
HJ20180908,健康养生,我就是正常吃饭一单减了17斤,0,该用户想表达的含义是：自己通过购买并饮用该减肥产品，在正常饮食的情况下成功减重了17斤。
HJ20180908,健康养生,"主播我还没买过,我116斤,1米5,7可以喝吗",1,该用户是在询问主播以自己116斤、身高1米57的身材条件，是否适合购买并饮用直播间的减肥产品。
HJ20180908,健康养生,哪里有芦荟,1,该用户可能在询问直播间所讨论的减肥产品中是否含有芦荟成分或相关产品。
HJ20180908,健康养生,一米六147斤,1,该用户想表达的含义是：询问以自己一米六身高和147斤的体重情况，应该购买多少份产品才能有效减肥。
HJ20180908,健康养生,1.68136斤,1,该用户想表达的含义是：我的身高是1米68，体重136斤，请问应该购买多少份产品？
HJ20180908,健康养生,"158高,106斤",1,该用户想表达的含义是：询问以自己158厘米身高和106斤体重的情况是否需要购买该减肥产品。
HJ20180908,健康养生,"喝咖啡一单减了15斤了,确实好",0,该用户想表达的意思是：喝了这款减肥咖啡后成功减掉了15斤，效果确实不错。
HJ20180908,健康养生,1米5106斤买几单?,1,该用户想询问以自己身高1米5、体重106斤的情况需要购买多少份产品才能达到理想的减肥效果。
HJ20180908,健康养生,可以喝的,0,"该用户可能是在询问产品是否属于可饮用类别，或确认其安全性/适用性。  （结合前文高频出现的体重、饮用效果、适用人群等关键词，可推断直播间在推销减肥类饮品，""可以喝的""实为对产品基础属性的确认，隐含对产品安全性的潜在顾虑）"
HJ20180908,健康养生,1.58!144斤,1,该用户想表达的含义是：我的身高是1米58，体重144斤，请问适合购买这款产品吗？
HJ20180908,健康养生,160142斤,1,该用户想表达的含义是：我的身高是160厘米，体重142斤，请问我适合购买这款产品吗？
HJ20180908,健康养生,你家咖啡比我喝其他家减的都多,1,该用户想表达的含义是：相比其他品牌的同类产品，你们家的咖啡在减肥效果上更显著。
HJ20180908,健康养生,"下单了,有忌口吗",1,该用户想确认购买的产品是否有饮食禁忌，以确保适合自己使用。
HJ20180908,健康养生,真的能减了吗,1,该用户是在询问产品是否真的能达到减肥效果，表现出对产品功效的怀疑和求证心理。
HJ20180908,健康养生,拉肚子吗,1,该用户是在询问产品是否会导致腹泻等副作用。
HJ20180908,健康养生,"减的确实很快,一单我减了22斤",0,该用户想表达的含义是：产品减肥效果显著，自己购买后成功减重了22斤。
HJ20180908,健康养生,"有胃炎的,能喝吗?",1,该用户是在询问产品是否适合胃炎患者饮用，以评估自身购买风险。
HJ20180908,健康养生,牌牌有链接吗,1,该用户是在询问主播展示的产品是否有对应的购买链接，表现出对商品的兴趣和潜在的购买意向。
HJ20180908,健康养生,"第1单咖啡减了9斤,第2单开始喝起来",0,该用户想表达的含义是：第一次购买这款咖啡后成功减重9斤，现在准备继续购买并坚持饮用。
HJ20180908,健康养生,150-116斤,1,该用户可能在询问自己当前体重150斤减到116斤的情况是否适合购买产品，或是想了解产品对类似体重变化的效果。
HJ20180908,健康养生,"男的170,190斤",1,该用户想表达的含义是：询问主播以自己170cm身高、190斤体重的情况是否适合购买产品。
HJ20180908,健康养生,"减肥咖啡确实好,我是老顾客,大家放心买",0,该用户想表达的含义是：作为多次回购的消费者，他认可这款减肥咖啡的效果并推荐给其他观众以增强信任感。
HJ20180908,健康养生,饭后喝行吗,1,该用户可能是在询问这款减肥咖啡是否适合在饭后饮用，担心用餐时间影响效果或引发不适。
HJ20180908,健康养生,"我拍了两单,我是来回购的",0,该用户想表达的含义是：自己已经购买过该产品且效果满意，现在再次下单支持。
HJ20180908,健康养生,一直在喝你咖啡,0,该用户想表达的含义是：我是长期饮用这款咖啡的老顾客，认可其效果。
HJ20180908,健康养生,用热水冲还是凉水冲?,1,该用户可能是在询问产品（减肥咖啡）的正确冲泡方式，想确认使用热水还是凉水才能达到最佳效果。
HJ20180908,健康养生,168158斤,1,该用户想表达的含义是：身高168厘米，体重158斤，询问适合购买几单减肥咖啡。
HJ20180908,健康养生,"我喝咖啡减了9斤,刚刚又拍了两单,加急发货",0,该用户想表达的含义是：自己通过饮用该产品成功减重后，出于信任和满意再次回购并希望尽快收到货。
HJ20180908,健康养生,"我减了13斤,肚子明显小了好多",0,该用户想表达的含义是：这款减肥咖啡效果显著，自己使用后体重明显下降且腹部瘦身效果突出。
HJ20180908,健康养生,男196斤怎么买,1,该用户想表达的含义是：男性体重196斤该如何选择适合的减肥咖啡产品。
HJ20180908,健康养生,备孕经期三高都放心喝,0,该用户想表达的含义是：这款产品适合备孕、经期和三高人群安全饮用。
HJ20180908,健康养生,"一直喝红姐家咖啡,我164,现在110斤,我想减到99斤,我拍了一单新套餐试试",0,该用户想表达的含义是：作为老顾客认可产品效果，希望通过购买新套餐继续实现减重目标。
HJ20180908,健康养生,用节食吗,1,该用户是在询问这款减肥产品是否需要配合节食才能见效。
HJ20180908,健康养生,需要忌嘴吗,1,该用户是在询问这款减肥咖啡是否需要配合饮食禁忌才能达到效果。
HJ20180908,健康养生,"一米六三,116斤",1,该用户是在提供自己的身高体重数据，询问这款减肥咖啡是否适合自己使用或能达到怎样的效果。
HJ20180908,健康养生,不忌口就可以瘦,0,该用户想询问这款减肥咖啡是否不需要控制饮食也能达到瘦身效果。
HJ20180908,健康养生,"我是特顽固体质喝完咖啡20天,减了11斤",0,该用户想表达的含义是：这款减肥咖啡效果显著，即使是很难减重的体质也能在短时间内取得明显的瘦身效果。
HJ20180908,健康养生,忌口吗,1,该用户是在询问产品是否需要配合饮食禁忌才能达到减肥效果。
HJ20180908,健康养生,我也瘦了,0,该用户想表达的含义是：自己通过使用该产品也成功减重了。
HJ20180908,健康养生,用忌口吗,1,该用户想询问这款减肥咖啡是否需要配合饮食禁忌才能有效。
HJ20180908,健康养生,"婆婆喝这个咖啡减了14斤,今天又回购两单",0,该用户想表达的含义是：家人使用这款咖啡效果显著，自己出于信任再次下单购买。
HJ20180908,健康养生,"喝了一单,减快9斤,很满意",0,该用户想表达的含义是：购买并饮用了这款减肥咖啡后，成功减掉了接近9斤体重，对效果感到非常满意。
HJ20180908,健康养生,来大姨妈可以喝不,1,该用户是在询问女性生理期期间是否可以饮用该款咖啡产品。
HJ20180908,健康养生,不需要忌口都瘦了,0,该用户想表达的含义是：即使不控制饮食也能通过这款咖啡成功减肥。
HJ20180908,健康养生,140买几单,1,该用户想表达的含义是：以140元的价格购买多份产品。
HJ20180908,健康养生,"一直喝你家咖啡,今天太划算了,抢了4单",0,该用户想表达的含义是：作为老顾客觉得本次促销力度很大，果断下单囤货。
HJ20180908,健康养生,"咖啡瘦了17斤了,确实挺好",0,该用户想表达的含义是：使用这款咖啡后成功减重了17斤，对产品效果感到满意。
HJ20180908,健康养生,经期可以喝,0,该用户是在询问这款减肥咖啡是否适合在月经期间饮用。
HJ20180908,健康养生,"男的170,190斤怎么喝",1,该用户想表达的含义是：身高170厘米、体重190斤的男性该如何购买和使用这款减肥咖啡。
HJ20180908,健康养生,"一单减了16斤,又回购了",0,该用户想表达的含义是：之前购买产品后成功减重16斤，对效果满意所以再次下单。
HJ20180908,健康养生,"50岁1米50,120",0,该用户想表达的含义是：我今年50岁身高1米5体重120斤，想咨询这款咖啡是否适合我的情况。
HJ20180908,健康养生,来大姨妈能喝不,1,该用户是想询问这款减肥咖啡是否适合在经期期间饮用。
HJ20180908,健康养生,我喝了咖啡15天减了16斤,0,该用户想表达的含义是：这款咖啡的减肥效果显著，自己亲身体验后效果很好。
HJ20180908,健康养生,这一套喝多久,1,该用户是在询问购买的产品（可能是减肥咖啡）的服用周期和效果持续时间。
HJ20180908,健康养生,我是批发唐卡的有需要的加我,0,该用户想借直播间的热度宣传自己的唐卡批发业务，试图吸引潜在客户私下联系购买。
HJ20180908,健康养生,"减肥咖啡确实好,我是老顾客,大家放心买",0,该用户想表达的含义是：作为长期回购的消费者，他亲身体验过这款减肥咖啡的效果并认可其品质，因此向其他观众推荐购买以增强信任感。
HJ20180908,健康养生,男女都可以喝的,1,该用户想表达的含义是：这款减肥咖啡适合所有人群饮用，没有性别限制。
HJ20180908,健康养生,记口不忌口吗,1,该用户是在询问这款减肥咖啡是否需要控制饮食才能见效。
HJ20180908,健康养生,失眠能喝吗,1,该用户是在询问这款减肥咖啡是否适合失眠人群饮用。
HJ20180908,健康养生,"158,160斤",1,该用户想表达的含义是：询问自己的身高体重情况适合购买多少份这款减肥咖啡。
HJ20180908,健康养生,"按照你们的喝法喝减了17斤,太好了",0,该用户想表达的含义是：自己通过按照直播推荐的方法饮用产品成功减重17斤，感到非常满意和欣喜。
HJ20180908,健康养生,心慌吗,1,该用户可能是在询问主播或其他人是否因为产品效果显著而感到紧张或不安，暗示对产品效果的惊讶或质疑。
HJ20180908,健康养生,正在喝今天掉了2两了,0,该用户想表达的含义是：自己正在使用这款减肥咖啡并已成功减重2两。
HJ20180908,健康养生,"马上喝完一单了,真没想到减了10斤,又拍了2单",0,该用户想表达的含义是：自己通过持续饮用该减肥咖啡取得了显著效果（减重10斤），出于对产品的信任和满意又追加购买了两份。
HJ20180908,健康养生,哺乳期可以喝吗,1,该用户是在询问该产品是否适合哺乳期女性饮用，以评估自身购买可行性。
HJ20180908,健康养生,"1米5,105斤",1,该用户是在询问自己身高1米5、体重105斤的情况下该如何使用这款减肥咖啡。
HJ20180908,健康养生,"老公减了25斤,比我减得多很多",0,该用户想表达的含义是：这款减肥产品效果显著，连我丈夫都比我用它减得更多。
HJ20180908,健康养生,怎么喝,1,该用户想询问这款减肥咖啡的具体饮用方法和剂量。
HJ20180908,健康养生,196斤1米7高怎么买,1,该用户是在询问自己身高170厘米、体重196斤的情况下该如何购买和使用这款减肥产品。
HJ20180908,健康养生,唐卡有吗?,1,该用户可能在询问直播间是否有售卖唐卡产品。
HJ20180908,健康养生,"喝了一单,减快9斤,很满意",0,该用户想表达的含义是：购买并饮用了这款减肥产品后，体重迅速下降了近9斤，对此效果感到非常满意。
HJ20180908,健康养生,脖子挂牌卖吗,0,该用户可能是在询问主播身上佩戴的装饰品（如项链、吊牌等）是否作为商品出售。
HJ20180908,健康养生,啥都可以吗?,1,该用户可能在询问产品是否对所有人都适用或有无使用限制。
HJ20180908,健康养生,和别的药能一起喝吗?[捂脸],1,该用户是在询问这款减肥产品是否可以与其他药物同时服用，同时用表情符号表达了对可能存在的药物相互作用或副作用的担忧和调侃。
HJ20180908,健康养生,"减下来不喝了,能反谈吗",1,该用户可能是在询问“如果减肥成功后停止饮用这款咖啡，体重是否会反弹”。
HJ20180908,健康养生,一定管用吗?,1,该用户是在询问产品的效果是否确实可靠，隐含对产品宣传的怀疑和效果保障的需求。
HJ20180908,健康养生,我就是正常吃饭一单减了17斤,0,该用户想表达的含义是：按照产品推荐的方法正常饮用后，自己成功减重了17斤。
HJ20180908,健康养生,"第1单咖啡减了9斤,第2单开始喝起来",0,该用户想表达的含义是：第一次购买这款咖啡后成功减重9斤，于是决定继续回购坚持饮用。
HJ20180908,健康养生,"一直喝你家咖啡,今天太划算了,抢了4单",0,"该用户想表达的含义是：作为老顾客觉得本次促销力度大，果断下单囤货。  （解析：结合前文弹幕中频繁出现的减肥效果反馈和购买行为，可推断直播间主打减肥咖啡产品；用户用""一直喝""表明复购忠诚度，""划算""呼应促销氛围，""抢4单""显示对产品功效的认可和囤货心态，整体传递出对产品高度信任的积极消费心理。）"
HJ20180908,健康养生,我是批发唐卡的有需要的喊我,0,该用户是想借机推销自己的唐卡批发业务，试图在直播间寻找潜在客户。
HJ20180908,健康养生,哺乳期可以吗,1,该用户是在询问产品是否适合哺乳期女性使用。
HJ20180908,健康养生,一单快喝完了减了8斤,0,该用户想表达的含义是：自己已经快喝完一单产品，并且成功减重了8斤。
HJ20180908,健康养生,"减的确实很快,一单我减了22斤",0,该用户想表达的含义是：这款产品的减肥效果非常显著，自己购买后成功减掉了22斤。
HJ20180908,健康养生,"1.6米,136斤拍一单",1,"该用户是在询问以自己1.6米身高、136斤体重的身体数据应该购买多少份（""拍一单""指购买一份）这款减肥产品才合适。"
HJ20180908,健康养生,芦荟胶囊起什么作用?,1,该用户想询问芦荟胶囊的具体功效是否与减肥或健康调理相关。  （结合前文弹幕中频繁提及减肥效果、产品使用疑问等语境，用户可能是在对比或补充了解直播间其他商品的功效。）
HJ20180908,健康养生,一直在喝你咖啡,0,该用户想表达的含义是：我是你们咖啡产品的长期忠实顾客。
HJ20180908,健康养生,一单能减几斤,1,该用户是在询问购买一单产品后大约能减掉多少体重。
HJ20180908,健康养生,"130斤,1米55几盒",1,该用户想询问自己身高155厘米、体重130斤的情况下需要购买多少盒产品才能达到减肥效果。
HJ20180908,健康养生,脖子挂牌有卖吗,0,该用户想询问直播间是否有出售挂在脖子上的展示牌或标识牌。
HJ20180908,健康养生,忌口吗,1,该用户可能是在询问产品使用期间是否需要避免某些食物或饮食禁忌。
HJ20180908,健康养生,一单能瘦几斤啊,1,该用户是在询问该产品的减肥效果，想知道购买一次能减掉多少体重。
HJ20180908,健康养生,普通咖啡味道吗,1,该用户是在询问这款咖啡的口味是否和普通咖啡一样平淡无奇。
HJ20180908,健康养生,"一直坚持喝5单了,已经减50来斤",0,该用户想表达的含义是：持续购买并饮用该产品后，已经成功减重了约50斤。
HJ20180908,健康养生,"120斤,165高",1,该用户是在询问自己的身高体重情况适合购买多少产品才能达到预期减肥效果。
HJ20180908,健康养生,一单几天的量,1,该用户想询问购买一单产品能够满足多少天的使用量。
HJ20180908,健康养生,"喝了2单,减了33斤",0,该用户想表达的含义是：购买并饮用两单产品后成功减重33斤，以此证明产品效果显著。
HJ20180908,健康养生,"按照你们的喝法喝减了17斤,太好了",0,该用户想表达的含义是：通过遵循直播推荐的饮用方法，自己成功减重了17斤，感到非常满意。
HJ20180908,健康养生,这个能治便秘吗,1,该用户是在询问直播中推销的产品是否具有缓解便秘的功效。
HJ20180908,健康养生,"1米五,115斤,下一单够吗?",1,该用户是在询问自己的身高体重情况是否符合产品使用标准，并试探性确认购买一单是否足够达到预期效果。
HJ20180908,健康养生,"红姐我一直喝你家减肥套餐已经减了46斤,推荐好多同事过来拍了",0,该用户想表达的含义是：作为忠实顾客，我通过使用该产品取得了显著效果，并主动向身边人推荐以证明其有效性。
HJ20180908,健康养生,我也是马上喝完两单减了14斤多,0,该用户想表达自己通过购买并饮用该产品，已经成功减重14斤以上，并暗示产品效果显著。
HJ20180908,健康养生,就早上喝一次吗,1,该用户可能是在询问产品（减肥咖啡/套餐）的使用频率是否为仅限早晨饮用一次。
HJ20180908,健康养生,都是减肥的,0,该用户可能是在表达对直播中减肥产品的普遍关注或质疑，认为当前讨论的内容都集中在减肥相关话题上。
HJ20180908,健康养生,对人身体有害吗喝肚子里的感觉不安全,0,该用户可能是在担心产品的安全性，质疑其成分是否会对身体健康造成负面影响。
HJ20180908,健康养生,你家的不拉肚子我还减了22斤,0,该用户想表达的含义是：使用你家的产品后不仅没有肠胃不适，还成功减重了22斤。
HJ20180908,健康养生,我第二单马上喝完.减掉24斤,0,该用户想表达的含义是：我已经快喝完第二单产品，成功减掉了24斤体重。
HJ20180908,健康养生,一盒能喝几天,1,该用户是在询问一盒产品的使用时长，以评估购买后的消耗速度和性价比。
HJ20180908,健康养生,芦荟胶囊拉肚子吗,1,该用户是在询问芦荟胶囊是否会导致腹泻的副作用。
HJ20180908,健康养生,"婆婆喝这个咖啡减了14斤,今天又回购两单",0,该用户想表达的含义是：自己因见证家人使用该产品效果显著（减重14斤），出于信任和满意再次下单购买。
HJ20180908,健康养生,我一直喝红姐的,0,该用户想表达的含义是：我是红姐减肥产品的长期忠实顾客。
HJ20180908,健康养生,"效果真的很好,我已经减了11斤了",1,该用户想表达的含义是：这款产品确实有效，自己使用后已经成功减重了11斤。
HJ20180908,健康养生,我早上吃药饭后喝行?,1,该用户是在询问减肥产品的服用时间安排，担心饭后服药是否会影响效果或安全性。
HJ20180908,健康养生,"喝咖啡减了14斤,很满意",0,该用户想表达的含义是：通过饮用这款咖啡成功减重14斤，对产品效果感到满意并隐含推荐意图。
HJ20180908,健康养生,196斤买几盒男的41岁,1,该用户想表达的含义是：一个41岁的男性体重196斤，需要购买多少盒产品才能达到理想的减肥效果。
HJ20180908,健康养生,"1米五,105斤",1,该用户是在询问以自己身高1米5、体重105斤的情况，需要购买多少产品才能达到预期减肥效果。
HJ20180908,健康养生,新疆不发货吗???,1,该用户是在询问该商品是否支持新疆地区的配送服务。
HJ20180908,健康养生,"刚开始喝了几天,减了3斤,还想再减8斤",0,该用户想表达的含义是：试用产品后已初见成效，希望继续购买以达到更显著的减肥目标。
HJ20180908,健康养生,可以喝的,0,该用户想表达的含义是：询问这款产品是否属于可饮用的减肥饮品。
HJ20180908,健康养生,"一直喝你家咖啡,今天太划算了,抢了4单",0,该用户想表达的含义是：作为长期忠实顾客，看到本次促销活动力度大，果断下单囤货。
HJ20180908,健康养生,我是玛瑙之都的咱俩可以合作,0,该用户可能是玛瑙相关行业的从业者或商家，想借直播间人气洽谈商业合作，暗示自己具备货源优势可提供产品供应。
HJ20180908,健康养生,"一单减了16斤,又回购了",0,该用户想表达的含义是：之前购买的产品效果显著（减重16斤），出于满意和信任再次下单回购。
HJ20180908,健康养生,买一单,0,该用户想表达的含义是：我也要下单购买这个产品。
HJ20180908,健康养生,这是请的,0,该用户可能是在询问产品是否为代言或推广性质，想确认其可信度。
HJ20180908,健康养生,咖啡睡不着觉吧,1,该用户可能是在询问或担心喝这款咖啡会影响睡眠。
HJ20180908,健康养生,我刚出月子喝了一单减了14斤,0,该用户想表达自己产后通过购买该产品成功瘦身，以此佐证产品效果并隐含推荐意图。
HJ20180908,健康养生,就早上喝一次吗?,1,该用户可能在询问产品的每日饮用频率是否只需在早上服用一次即可。
HJ20180908,健康养生,"我喝了其它奶茶,可以喝吗",1,该用户可能在询问自己已经饮用过其他品牌的奶茶后，是否还能继续安全或有效地使用当前直播推荐的产品。
HJ20180908,健康养生,"这个套餐瘦的确实快,我都减了27斤了,在拍两单",0,该用户想表达自己通过使用该套餐成功减重27斤，并打算再次购买以继续维持或增强效果。
HJ20180908,健康养生,用温水冲还是凉水冲,1,该用户可能是在询问产品（咖啡或减肥饮品）的正确冲泡方式，以确认使用温水还是凉水才能达到最佳效果。
HJ20180908,健康养生,130斤,1,该用户想表达的含义是：询问自己130斤的体重适合购买多少产品以达到减肥效果。
HJ20180908,健康养生,"我减下来了,现在我身边好多人都在跟着我一起喝",0,该用户想表达的是：这款产品帮助自己成功减肥，并带动了周围人一起购买使用。
HJ20180908,健康养生,我拍了一单,0,该用户想表达的含义是：我已经下单购买了这款产品。
HJ20180908,健康养生,"喝了一单,减快9斤,很满意",0,该用户想表达的含义是：购买了这款产品后减重效果明显，感到非常满意。
HJ20180908,健康养生,"我是刚生完孩子小肚子大,喝完两单肚子小了好多",0,该用户想表达自己产后身材恢复效果显著，通过使用该产品后腹部明显变小，从而间接推荐产品效果。
HJ20180908,健康养生,冷水热水都可以,0,该用户想询问产品是否可以用不同温度的水冲泡。
HJ20180908,健康养生,"回购2单,已经减了8斤",0,该用户想表达的含义是：这款产品效果显著，我已经通过回购体验到了明显的减重效果。
HJ20180908,健康养生,我喝减肥套餐瘦了31斤,0,该用户想表达的含义是：这款减肥产品效果显著，自己通过使用成功减重了很多。
HJ20180908,健康养生,15080斤,1,该用户想表达的是自己通过使用该产品累计减重了15080斤。
HJ20180908,健康养生,"温水喝,还是开水麻烦你告诉一声好吗?",1,该用户是在询问产品应该用温水还是开水冲泡，希望得到明确的指导以便正确使用。
HJ20180908,健康养生,"我106斤,一单减了7斤,确实不错,在拍一单",0,该用户想表达的含义是：自己使用产品后减重效果明显，打算再次购买以继续减肥。
HJ20180908,健康养生,"我喝1单,瘦了10斤",0,该用户想表达的意思是：购买并使用这款产品后，自己成功减重了10斤，效果显著。
HJ20180908,健康养生,会拉肚子吗,1,该用户可能是在担心产品的安全性，询问饮用后是否会有腹泻等不良反应。
HJ20180908,健康养生,你是医生啊,0,该用户可能是在确认主播或产品推荐者的专业身份背景，以评估减肥产品的可信度。
HJ20180908,健康养生,"回购两单,老顾客了加急发货",0,该用户是在表达自己作为忠实顾客再次购买产品，并希望商家能优先处理自己的订单。
HJ20180908,健康养生,需要忌嘴吗,1,该用户是在询问该减肥产品是否需要配合饮食禁忌才能达到效果。
HJ20180908,健康养生,我第二单马上喝完.减掉24斤,0,该用户想表达的含义是：我已经回购并快喝完第二单产品，成功减重24斤。
HJ20180908,健康养生,"喝了减肥套餐2单了,减了18斤",0,该用户想表达的含义是：自己已经购买并使用了该减肥套餐两次，效果显著，成功减重18斤。
HJ20180908,健康养生,"活动太划算了,我又回购了两单",0,该用户认为促销活动性价比很高，因此再次下单购买以囤货或继续使用产品。
HJ20180908,健康养生,1.63米140斤,1,该用户可能是在询问自己的身高体重是否适合使用直播中推荐的减肥产品。
HJ20180908,健康养生,刚收到怎么服用刚进来,1,该用户想表达的含义是：我刚收到产品但不知道怎么使用，正好看到直播想询问服用方法。
HJ20180908,健康养生,拉不拉肚子,1,该用户是在询问该减肥产品是否会导致腹泻的副作用。
HJ20180908,健康养生,"我之前喝过很多家产品都拉肚子,就你家的不拉肚子,我还减了26斤",0,该用户想表达的含义是：对比其他品牌后，认可该产品的安全性和减肥效果，并分享了自己的成功减重经历。
HJ20180908,健康养生,兑多少水喝咖啡啊,1,该用户可能是在询问减肥产品的具体冲泡方法，比如咖啡粉需要加多少水来稀释饮用。
HJ20180908,健康养生,我喝完一单减了7斤多,0,该用户想表达的含义是：这款减肥产品效果显著，自己使用后体重明显下降。
HJ20180908,健康养生,"我喝咖啡减12斤了,又回购了",0,该用户想表达的含义是：通过使用这款减肥咖啡取得了显著效果（减重12斤），因此再次购买以继续使用。
HJ20180908,健康养生,备孕可以吗,1,该用户可能是在询问直播中推销的减肥产品是否适合备孕期间使用。
HJ20180908,健康养生,仟唯饮没有了吗,1,该用户是在询问直播间售卖的产品“仟唯饮”是否已经售罄或下架了。
HJ20180908,健康养生,红姐这效果真的很好,0,该用户想表达的含义是：认可主播推荐的产品效果显著，并隐含对产品的信任和购买意向。
HJ20180908,健康养生,"咖啡瘦了17斤了,确实挺好",0,该用户想表达的含义是：通过饮用这款咖啡产品，自己成功减重了17斤，认可其减肥效果。
HJ20180908,健康养生,我也是马上喝完两单减了14斤多,0,该用户想表达的含义是：自己购买并饮用该产品后成功减重14斤以上，因此再次下单以继续使用。
HJ20180908,健康养生,"我61岁,喝完你的两单咖啡掉了19斤很满意",0,该用户想表达的含义是：自己作为老年消费者，通过购买并饮用该产品取得了显著的减肥效果，感到非常满意。
HJ20180908,健康养生,115几盒,1,该用户想询问的是“115元可以购买几盒产品”。
HJ20180908,健康养生,我正在喝今天都掉了2两了,0,该用户想表达的含义是：我正在喝这款产品，已经成功减重2两了。
HJ20180908,健康养生,1米60130斤拍几单,1,该用户想表达的含义是：询问自己身高1米6、体重130斤的情况下应该购买多少份产品才能达到理想的减肥效果。
HJ20180908,健康养生,"婆婆喝这个咖啡减了14斤,今天又回购两单",0,该用户想表达的含义是：这款咖啡的减肥效果显著，自己因亲眼见证家人成功减重而产生了信任，所以再次下单购买。
HJ20180908,健康养生,芦荟胶囊不拉吗,1,该用户是在询问芦荟胶囊是否会导致腹泻，担心产品的副作用。
HJ20180908,健康养生,"我减了13斤,肚子明显小了好多",0,该用户想表达的含义是：使用产品后减肥效果显著，对效果感到满意并有意分享体验。
HJ20180908,健康养生,我133斤直接拍了两单,0,该用户想表达的含义是：我体重133斤，看到产品效果不错直接下单购买了两份。
HJ20180908,健康养生,一条咖啡加多少毫升水?,1,该用户是想询问冲泡这款减肥咖啡时的具体水量配比，以正确使用产品达到预期效果。
HJ20180908,健康养生,兑咖啡多少水啊,1,该用户是想询问冲泡这款减肥咖啡时具体需要加入多少毫升的水。
HJ20180908,健康养生,芦荟在几号链接,1,该用户想询问芦荟产品的购买链接位置，表明对购买该商品有明确兴趣。
HJ20180908,健康养生,晚上不吃了吗?,1,该用户可能在询问直播中提到的产品（如咖啡或芦荟胶囊）是否适合晚上服用，担心影响睡眠或饮食安排。
HJ20180908,健康养生,"这个套餐瘦的确实快,我都减了27斤了,在拍两单",0,该用户想表达的是：这款减肥套餐效果显著，自己已经成功减重27斤，因此打算再次购买两单以继续使用。
HJ20180908,健康养生,"我是特顽固体质喝完咖啡20天,减了11斤",0,该用户想表达的含义是：这款咖啡的减肥效果显著，连顽固体质的人使用后也成功减重。
HJ20180908,健康养生,拍了一单加急,0,该用户想表达的含义是：已经下单购买了产品并选择了加急配送服务。
HJ20180908,健康养生,一直在喝你咖啡,0,该用户想表达的含义是：我是这款咖啡的长期使用者，对其效果表示认可。
HJ20180908,健康养生,哺乳期可以喝吗,1,该用户是在询问产品是否适合哺乳期女性使用，以评估自身情况下的购买安全性。
HJ20180908,健康养生,这头发咋染这么红?,0,该用户可能是在询问主播的发色为何如此鲜艳，同时隐含对染发产品或效果的潜在兴趣。
HJ20180908,健康养生,"我老公减了14斤,肚子明显小了好多",0,该用户想表达的含义是：这款产品确实有效，家人使用后体重明显下降并看到身材变化。
HJ20180908,健康养生,冷水热水都可以,0,该用户想询问产品（可能是咖啡或相关饮品）的冲泡方法，关心是否可以用不同温度的水来调配。
HJ20180908,健康养生,150斤,1,该用户可能在询问自己150斤的体重适合购买多少产品或套餐以达到减肥效果。
HJ20180908,健康养生,节食吗,1,该用户可能在询问直播推荐的减肥产品是否需要配合节食才能见效。
HJ20180908,健康养生,多大可以吃,1,该用户想询问产品（可能是减肥咖啡或芦荟胶囊）的适用年龄范围。
HJ20180908,健康养生,"我拍了两单,我是来回购的",0,该用户想表达自己已经购买过该产品并体验良好，因此再次下单以继续使用。
HJ20180908,健康养生,一单瘦了17斤,0,该用户想表达的含义是：购买并使用该产品后成功减重了17斤。
HJ20180908,健康养生,喝了一天没啥感觉,0,该用户可能是在表达对产品效果未达预期的轻微失望，暗示产品宣传的见效速度与实际体验存在差距。
HJ20180908,健康养生,男的可以吃吗????,1,该用户可能是在询问该产品是否适合男性使用，担心性别限制或效果差异。
HJ20180908,健康养生,"之前拍了好多其他产品都不行,就你家的让我减了20斤",0,该用户想表达的含义是：对比其他品牌效果不佳后，发现你们的产品确实有效，成功帮助自己减重。
HJ20180908,健康养生,我也想瘦,0,该用户看到其他观众分享减肥效果后，产生了尝试购买产品的意愿。
HJ20180908,健康养生,"红姐,胃酸的人早上空肚子能喝吗?",1,该用户是在询问主播这款产品是否适合胃酸过多的人群在空腹时饮用。
HJ20180908,健康养生,我没节食都瘦了,0,该用户想表达的含义是：即使没有刻意控制饮食，使用该产品后体重也自然下降了。
HJ20180908,健康养生,"我老顽固性了,喝了几天真开始减了,今天又来回购一单",0,该用户想表达的含义是：自己属于难减体质，但试用后确实有效果，因此再次下单购买。
HJ20180908,健康养生,需要忌口吗,1,该用户是在询问该产品是否有饮食禁忌或使用限制。
HJ20180908,健康养生,一天喝几条,1,该用户想询问产品每日的建议饮用数量。
HJ20180908,健康养生,一盒多少芦荟胶囊,1,该用户想询问芦荟胶囊的包装规格和数量，可能有意向购买。
HJ20180908,健康养生,我139多斤怎么拍,1,该用户是在询问自己体重139斤应该选择哪个规格或如何使用该减肥产品。
HJ20180908,健康养生,脖子上那个在哪里请的,0,该用户想询问主播脖子上佩戴的物品的购买渠道或来源。
HJ20180908,健康养生,咖啡喝了对睡眠有影响吗?,1,该用户是在询问产品（可能是咖啡或含咖啡因的饮品）是否会影响睡眠质量，以此评估是否适合自己购买使用。
HJ20180908,健康养生,我今天掉了2两了,0,该用户想表达的含义是：使用产品后已经减重2两，分享自己的减肥进展。
HJ20180908,健康养生,1.58118斤,1,该用户想表达的含义是：报出自己的体重数据以咨询适合的购买方案。
HJ20180908,健康养生,"活动太划算了,我又回购了两单",0,该用户被直播间的促销活动吸引，因对产品效果满意而再次下单购买。
HJ20180908,健康养生,咖啡兑多少水喝,1,该用户可能在询问冲泡咖啡时的具体水量配比，以确认产品的使用方式或担心浓度影响效果。
HJ20180908,健康养生,用不用结实忌口,1,该用户想询问产品是否需要严格注意饮食禁忌才能有效果。
HJ20180908,健康养生,"喝不到两单减了16斤,太好了又来回购了2单",0,该用户想表达的含义是：使用产品后成功减重16斤，因效果满意再次购买了两份。
HJ20180908,健康养生,和两条咖啡行吗?,1,该用户可能在询问是否可以同时购买两条咖啡产品以及这样搭配饮用的效果如何。
HJ20180908,健康养生,"我减了16斤,确实好,让老公也喝了",0,该用户想表达的含义是：自己通过使用该产品成功减重，效果显著，因此推荐给家人尝试。
HJ20180908,健康养生,一单能瘦几斤啊,1,该用户是在询问购买该减肥产品后单次使用能达到的减重效果。
HJ20180908,健康养生,效果确实好,0,该用户想表达的含义是：认可产品的实际效果并可能产生购买意向。
HJ20180908,健康养生,几天的,1,该用户想询问产品需要持续使用多少天才能见效。
HJ20180908,健康养生,"一直坚持喝5单了,已经减50来斤",0,该用户想表达的含义是：持续购买并饮用该产品后，自己已经成功减重了约50斤。
HJ20180908,健康养生,"之前拍了好多其他产品都不行,就你家的让我减了20斤",0,该用户想表达的是：对比其他产品无效后，使用你家产品取得了显著的减肥效果。
HJ20180908,健康养生,喝两条咖啡行吗?,1,该用户可能是在询问同时饮用两条咖啡是否合适或有效。
HJ20180908,健康养生,你家咖啡比我喝其他家减的都多,1,该用户想表达的含义是：相比其他品牌，你们家的咖啡减肥效果更明显。
HJ20180908,健康养生,咖啡苦吗,1,该用户可能是在询问咖啡的口感是否偏苦，以判断是否符合自己的口味偏好或饮用习惯。
HJ20180908,健康养生,怎么吃的,1,该用户想询问产品的具体食用方法或服用方式。
HJ20180908,健康养生,"婆婆喝这个咖啡减了14斤,今天又回购两单",0,该用户想表达的意思是：家人使用这款咖啡减肥效果显著，自己出于信任再次下单购买。
HJ20180908,健康养生,看看什么包装,1,该用户想了解产品的包装样式或规格详情。
HJ20180908,健康养生,"我减下来了,现在我身边好多人都在跟着我一起喝",0,该用户想表达的含义是：这款产品帮助自己成功减肥，并带动了周围人一起购买使用。
HJ20180908,健康养生,"马上喝完第二单,减了23斤",0,该用户想表达的含义是：连续购买并饮用这款产品后，自己成功减重了23斤，对效果感到满意。
HJ20180908,健康养生,"红姐我一直喝你家减肥套餐已经减了46斤,推荐好多同事过来拍了",0,该用户想表达的含义是：自己长期使用该减肥产品效果显著并主动推荐给他人，以此证明产品的有效性并间接鼓励其他观众购买。
HJ20180908,健康养生,"喝咖啡一单减了15斤了,确实好",0,该用户想表达的含义是：喝这款咖啡后成功减重15斤，效果确实不错。
HJ20180908,健康养生,一单能减几斤,1,该用户是在询问购买一单产品后预计能达到的减肥效果。
HJ20180908,健康养生,"我也拍了,挺关用,刚喝开瘦了5斤",0,该用户想表达的含义是：自己购买了产品并体验后感觉效果不错，已经通过使用减重了5斤。
HJ20180908,健康养生,一单几天的量,1,该用户是在询问购买一单产品能够满足多少天的使用量。
HJ20180908,健康养生,不吃晚饭的话芦荟什么时候吃,1,该用户可能在询问如果不配合晚餐服用，芦荟产品的最佳食用时间是什么时候。
HJ20180908,健康养生,"我之前喝过很多家产品都拉肚子,就你家的不拉肚子,我还减了26斤",0,该用户想表达的含义是：对比其他品牌后，认可该产品的效果且亲身受益，既解决了肠胃不适问题又实现了显著减重。
HJ20180908,健康养生,吃几天能有点效果,1,该用户是在询问产品需要连续服用多少天才能看到明显的减肥效果。
HJ20180908,健康养生,脖子里的多少米,0,该用户是在询问主播展示的项链（或挂在脖子上的饰品）的价格是多少。
HJ20180908,健康养生,多大可以吃,1,该用户是在询问产品适合的食用年龄范围。
HJ20180908,健康养生,"我喝了一单减了11斤,今天又来回购了",0,该用户想表达的含义是：之前购买这款产品后成功减重11斤，因为效果显著所以再次下单购买。
HJ20180908,健康养生,"我喝你们这个减肥套餐一单了,减了9斤了",0,该用户想表达的含义是：使用该减肥套餐后取得了显著效果，对产品效果表示满意和认可。
HJ20180908,健康养生,开水冲服吗,1,该用户是在询问产品的具体服用方式，即是否需要使用开水冲泡服用。
HJ20180908,健康养生,下单了加急,0,该用户想表达的含义是：我已经购买了产品并要求尽快发货。
HJ20180908,健康养生,哺乳期能喝吗,1,该用户是在询问该产品是否适合哺乳期女性饮用，可能出于对自身或家人健康安全的考虑而希望确认产品的适用性。
HJ20180908,健康养生,"我102斤也减了6斤,很满意",0,该用户想表达的是：这款减肥产品效果不错，自己使用后减重明显，感到满意。
HJ20180908,健康养生,"真的可以瘦,我减了18斤了",0,该用户想表达的含义是：这款产品确实有效果，自己通过使用成功减重了18斤。
HJ20180908,健康养生,我一单瘦了14斤了,0,该用户想表达的含义是：使用该减肥产品后已经成功减重14斤，暗示产品效果显著并可能带有推荐意图。
HJ20180908,健康养生,忌口吗,1,该用户想询问该减肥产品是否有饮食禁忌或服用时的注意事项。
HJ20180908,健康养生,主播我116买了1单,0,该用户想表达的含义是：我已经下单购买了这款减肥产品，花费了116元。
HJ20180908,健康养生,哦谢谢,0,该用户可能是在感谢主播或其他观众分享的减肥产品使用体验和购买建议。
HJ20180908,健康养生,"之前拍了好多其他产品都不行,就你家的让我减了20斤",0,该用户想表达的含义是：对比其他品牌效果不佳后，使用你家的产品取得了显著的减肥效果。
HJ20180908,健康养生,"我喝了20天,减了16斤,今天又回购了2单",0,该用户想表达的含义是：这款产品减肥效果显著，自己使用后效果满意因此再次下单支持。
HJ20180908,健康养生,回购了三单,0,该用户想表达的含义是：对产品效果非常满意，因此再次购买了多次以继续使用。
HJ20180908,健康养生,"我出月子就开始喝了,2单减了17斤",0,该用户想表达的是：这款产品效果显著，自己在产后使用后成功减重17斤，并通过复购行为进一步验证了对产品的信任。
HJ20180908,健康养生,"好的,我刚拍了",0,该用户想表达的含义是：我已经下单购买了这款产品。
HJ20180908,健康养生,芦荟在那,0,该用户可能在询问直播中提到的芦荟产品的具体位置或购买方式。
HJ20180908,健康养生,咖啡苦吗,1,该用户可能是在询问咖啡的口感是否苦涩，以此判断产品是否符合自己的口味偏好。
HJ20180908,健康养生,"我喝两单减了18斤,减的很满意",0,该用户想表达的含义是：通过购买并使用该减肥产品，自己成功减重且效果令人满意。
HJ20180908,健康养生,"我的工作就是坐在那里没没怎么运动,喝了会减肥吗?",1,该用户担心自己因缺乏运动导致减肥效果不佳，想确认产品是否对久坐人群同样有效。
HJ20180908,健康养生,"我喝1单,瘦了10斤",0,该用户想表达的含义是：使用该产品后成功减重，效果显著，因此分享自己的减肥成果以肯定产品效果。
HJ20180908,健康养生,"一直坚持喝5单了,已经减50来斤",0,该用户想表达的含义是：通过持续购买并饮用该减肥产品，自己已经成功减重了约50斤。
HJ20180908,健康养生,你瘦的太难看了,0,该用户可能是在质疑产品效果或表达对主播体型的不满，暗示“瘦得过分或不健康”。
HJ20180908,健康养生,吃了会心慌吗,1,该用户是在询问产品的副作用，担心食用后可能出现心悸等不适反应。
HJ20180908,健康养生,可以喝酒吗?,1,该用户可能在询问产品是否适合在饮酒期间使用，或担心饮酒会影响产品效果。
HJ20180908,健康养生,"165斤,拍了两单哈",0,该用户想表达的含义是：自己体重165斤，已经购买了两单产品并期待减肥效果。
HJ20180908,健康养生,"我102斤也减了6斤,很满意",0,该用户想表达的含义是：使用产品后成功减重，对效果感到满意并间接推荐。
HJ20180908,健康养生,"回购2单,已经减了8斤",0,该用户想表达的含义是：已经购买了两次该产品并且成功减重了8斤。
HJ20180908,健康养生,"我喝你家的咖啡减了43斤,现在我身边的朋友都在喝",0,该用户想表达的含义是：这款咖啡的减肥效果非常显著，不仅自己成功减重，还带动了周围朋友一起购买使用。
HJ20180908,健康养生,芦荟问你用,0,该用户可能在询问主播使用的芦荟产品具体是什么或如何使用。
HJ20180908,健康养生,"我是刚生完孩子小肚子大,喝完两单肚子小了好多",0,该用户想表达的含义是：这款产品对产后身材恢复效果显著，自己使用后明显见效，因此通过分享亲身经历来肯定产品的功效。
HJ20180908,健康养生,"拍了一单,加急发货",0,该用户已经下单并希望尽快收到商品。
HJ20180908,健康养生,芦荟起什么作用?,1,该用户想表达的含义是：询问芦荟成分在商品中的具体功效或用途。
HJ20180908,健康养生,"我老顽固性了,喝了几天真开始减了,今天又来回购一单",0,该用户想表达的含义是：自己原本对产品效果持怀疑态度，但亲身试用后发现确实有效，因此再次下单购买以继续使用。
HJ20180908,健康养生,"喝了减肥套餐2单了,减了18斤",0,该用户想表达的含义是：自己通过购买并使用该减肥产品取得了显著效果，以此肯定产品的功效并间接推荐给其他观众。
HJ20180908,健康养生,怎么吃的,1,该用户可能是在询问产品的食用方法或具体服用方式。
HJ20180908,健康养生,我拍了2单给我加急发货,0,该用户急切希望商家优先处理自己的订单以尽快收到商品。
HJ20180908,健康养生,下单了加急,0,该用户想表达的含义是：我已经购买了产品并要求尽快发货。
HJ20180908,健康养生,我喝了3单减了36斤今天又来回购两单,0,该用户想表达自己通过多次购买该产品取得了显著的减肥效果，出于对产品的信任和满意再次进行回购。
HJ20180908,健康养生,"红姐我姐姐喝你家咖啡减了39斤,我今天也过来拍了",1,该用户想表达的含义是：看到亲友使用该产品效果显著，自己也受到激励而决定购买尝试。
HJ20180908,健康养生,"你家咖啡效果确实很明显,又回购了1单",0,该用户想表达的含义是：对产品效果感到满意并再次下单支持。
HJ20180908,健康养生,"减的确实很快,一单我减了22斤",0,该用户想表达的意思是：这款产品的减肥效果非常显著，自己购买后成功减掉了22斤。
HJ20180908,健康养生,会心慌吗,1,该用户是在询问产品是否会导致心悸等不适反应，表现出对产品安全性的顾虑。
HJ20180908,健康养生,"我拍了两单,我是来回购的",0,该用户想表达的含义是：我已经购买过该产品且效果满意，现在再次下单支持。
HJ20180908,健康养生,芦荟胶囊吗敏敏,1,该用户可能在询问芦荟胶囊是否适合敏感体质使用。
HJ20180908,健康养生,"问一下凉水冲,还是温水冲着喝",0,该用户是在询问产品的具体冲泡方式，想了解应该用凉水还是温水来冲饮，以便正确使用产品。
HJ20180908,健康养生,啥作用,1,该用户想询问产品（可能是芦荟相关成分）的具体功效或用途。
HJ20180908,健康养生,五十多岁可以喝吗?,1,该用户是在询问这款减肥产品是否适合五十多岁的人群饮用。
HJ20180908,健康养生,"我也是老顾客,买了好多单真的很好",0,该用户想表达的含义是：作为长期支持者，我对产品效果非常满意并持续回购。
HJ20180908,健康养生,"喝一个月减了13斤,继续喝",0,该用户想表达的含义是：使用该产品后取得了显著的减肥效果（一个月减重13斤），因此决定继续购买使用以维持或进一步提升效果。
HJ20180908,健康养生,"我今天早饭后喝的,是不是白喝了?",1,该用户可能在担心自己饭后饮用产品会影响减肥效果，询问是否需要调整服用时间。
HJ20180908,健康养生,拍一号就行对吗?,1,该用户想确认是否只需购买一号产品就能达到预期效果。
HJ20180908,健康养生,"不到一单,我减了8斤",0,该用户想表达的含义是：购买这款产品后体重有明显下降，不到一个疗程就减掉了8斤。
HJ20180908,健康养生,"减肥咖啡确实好,我是老顾客,大家放心买",0,该用户想表达的含义是：作为多次回购的消费者，他认可这款减肥咖啡的效果并推荐其他人放心购买。
HJ20180908,健康养生,经期可以喝吗,1,该用户是在询问该产品是否适合生理期女性饮用。
HJ20180908,健康养生,"我喝1单,瘦了10斤",0,该用户想表达的是：购买并使用这款产品后，自己成功减重了10斤，因此对产品效果表示认可。
HJ20180908,健康养生,拍了加急发货,0,该用户想表达自己已经下单并希望商家优先处理自己的订单以尽快收货。
HJ20180908,健康养生,管事不,0,该用户想询问这款产品是否真的有效。
HJ20180908,健康养生,用温水冲服吗,1,该用户想询问产品的具体冲泡方式是否需要用温水。
HJ20180908,健康养生,"按照你们的喝法喝减了17斤,太好了",0,该用户想表达的是：这款产品确实有效，自己按推荐方法使用后成功减重了17斤，感到非常满意。
HJ20180908,健康养生,我刚出月子喝了一单减了14斤,0,该用户想表达的含义是：使用该产品后成功瘦身14斤，因此下单购买以继续减肥效果。
HJ20180908,健康养生,芦荟胶囊拉肚子呀,1,该用户可能是在询问或担忧芦荟胶囊是否会导致腹泻的副作用。
HJ20180908,健康养生,我喝了咖啡15天减了16斤,0,该用户想表达的含义是：这款减肥咖啡效果显著，自己使用后短时间内体重明显下降。
HJ20180908,健康养生,"我102斤也减了6斤,很满意",0,该用户想表达的含义是：自己使用产品后减重效果明显，对效果感到满意并间接推荐产品。
HJ20180908,健康养生,回购了三单加急发货,0,该用户想表达的含义是：已经多次购买该产品并选择快速配送服务，显示出对商品的高度信任和持续消费意愿。
HJ20180908,健康养生,"我61岁,喝完你的两单咖啡掉了19斤很满意",0,该用户想表达的含义是：作为老年消费者，自己购买并体验了产品后效果显著，对减肥效果感到满意并有意继续支持。
HJ20180908,健康养生,99.99发多少?,1,该用户是在询问“99.99元的价格对应会发货多少数量/份量的产品”。
HJ20180908,健康养生,咖啡苦吗,1,该用户可能是在询问咖啡的口感是否苦涩，以此判断是否适合自己口味或担心影响饮用体验。
HJ20180908,健康养生,芦荟一天吃几次,1,该用户可能是在询问芦荟产品的具体服用频率，以确认正确的食用方法或了解其效果。
HJ20180908,健康养生,经期可以吃?,1,该用户想询问该减肥产品在女性生理期间是否适合服用。
HJ20180908,健康养生,一单快喝完了减了8斤,0,该用户想表达的含义是：我购买了一单产品，快喝完时已经成功减重8斤。
HJ20180908,健康养生,我133斤直接拍了两单,0,该用户想表达的含义是：自己体重133斤，看到其他观众分享的减肥效果后决定购买两单产品尝试。
HJ20180908,健康养生,怎么喝啊,1,该用户可能是在询问产品的具体饮用方法或注意事项。
HJ20180908,健康养生,真好用吗?,1,该用户是在询问产品的实际效果是否如宣传所说可靠。
HJ20180908,健康养生,咖啡很苦吧,1,该用户可能是在询问咖啡的口感是否会影响饮用体验，同时隐含对产品效果的关注。
HJ20180908,健康养生,"刚开始喝了几天,减了3斤,还想再减8斤",0,该用户想表达的含义是：对产品效果感到满意并有意继续使用以达到进一步减重目标。
HJ20180908,健康养生,我喝了3单减了36斤今天又来回购两单,0,该用户想表达的含义是：自己之前购买并服用了该产品后成功减重36斤，出于对效果的认可再次下单购买。
HJ20180908,健康养生,"婆婆喝这个咖啡减了14斤,今天又回购两单",0,该用户想表达的含义是：家人使用该咖啡效果显著，自己因信任产品效果而再次下单购买。
HJ20180908,健康养生,这是什么牌子啊,1,该用户想询问当前直播中提及的产品的品牌名称，可能是对产品效果产生兴趣后希望进一步了解品牌信息以便购买或搜索。
HJ20180908,健康养生,"我喝了一单减了11斤,今天又来回购了",0,该用户想表达的含义是：之前购买产品后瘦了11斤，觉得效果不错所以再次下单购买。
HJ20180908,健康养生,"马上喝完第二单,减了23斤",0,该用户想表达的含义是：已经喝完第一单并看到明显效果（减重23斤），因此决定再次购买以继续使用该产品。  （解析：结合前文弹幕高频出现的“回购”“减重效果”等关键词，该用户通过分享自身减重成果，间接表达对产品的认可和复购意愿，符合直播间其他用户以“效果反馈+复购”为主的互动模式。）
HJ20180908,健康养生,你家咖啡比我喝其他家减的都多,1,该用户想表达的含义是：相比其他品牌的同类产品，你们家的咖啡减肥效果更显著。
HJ20180908,健康养生,怎么喝,1,该用户想询问产品的具体饮用方法或使用频率。
HJ20180908,健康养生,"这个套餐瘦的确实快,我都减了27斤了,在拍两单",0,该用户想表达的含义是：这个减肥套餐效果显著，自己已经成功减重27斤，打算再次购买两单以继续使用。
HJ20180908,健康养生,一直在喝你咖啡,0,该用户想表达的含义是：长期使用该产品并对其效果表示认可。
HJ20180908,健康养生,"我106斤,一单减了7斤,确实不错,在拍一单",0,该用户想表达自己通过购买该产品成功减重，对效果感到满意并打算再次下单购买。
HJ20180908,健康养生,"我喝咖啡减了9斤,刚刚又拍了两单,加急发货",0,该用户想表达的含义是：自己通过饮用该产品成功减重，出于对效果的满意和信任再次下单并希望尽快收到货。
HJ20180908,健康养生,"我喝了20天,减了16斤,今天又回购了2单",0,该用户通过分享自身使用产品的显著效果（20天减重16斤）和再次购买的行为，意在强调产品的高效性和自己的持续认可，以此强化直播间其他观众对产品的信任和购买意愿。
HJ20180908,健康养生,红姐呢,0,该用户可能在询问主播“红姐”的去向或期待她出面介绍产品，暗示对直播内容或产品有进一步了解的意愿。
HJ20180908,健康养生,吃了可以喝酒吗,1,该用户可能在询问产品是否具有解酒功效或饮酒时能否同时服用。
HJ20180908,健康养生,一单能喝多久,1,该用户是在询问购买一单产品能够满足多长时间的饮用需求，以此评估购买量和性价比。
HJ20180908,健康养生,吃药以吗,1,"该用户想询问的是：“服用这款产品期间是否可以同时饮酒？” （结合前文弹幕高频出现的减肥咖啡产品讨论、多例服用后回购的消费行为，以及紧邻上条""吃了可以喝酒吗""的类似提问，可推断""吃药以吗""是方言或打字错误导致的""吃药可以吗""，核心诉求是确认产品与酒精的兼容性。）"
HJ20180908,健康养生,"一直坚持喝5单了,已经减50来斤",0,该用户想表达的含义是：持续购买并饮用该产品后，已成功减重显著。
HJ20180908,健康养生,"我之前喝过很多家产品都拉肚子,就你家的不拉肚子,我还减了26斤",0,该用户想表达的含义是：对比其他品牌后，认可该产品的安全性和减肥效果，并分享自己的成功减重经历以佐证产品优势。
HJ20180908,健康养生,"我和老公一起喝的咖啡,一单剪了18斤",0,该用户想表达的含义是：自己和伴侣共同饮用这款咖啡后，通过一次购买成功减重了18斤。
HJ20180908,健康养生,拍了拍了,0,该用户想表达的含义是：已经下单购买了产品。
HJ20180908,健康养生,"喝了减肥套餐2单了,减了18斤",0,该用户想表达的含义是：通过使用该减肥套餐已购买两次并成功减重18斤，暗示产品效果显著且可能考虑继续回购。
HJ20180908,健康养生,"什么牌子啊,都看不清",1,该用户想表达的含义是：对产品品牌信息不清晰感到困惑，希望主播能明确说明品牌名称以便进一步了解。
HJ20180908,健康养生,把喝法说一下,1,该用户想询问产品的具体饮用方法或使用步骤。
HJ20180908,健康养生,我拍了2单给我加急发货,0,该用户急切希望商家优先处理自己刚下的两笔订单，体现出对产品的信任和迫切需求。
HJ20180908,健康养生,一单喝多久,1,该用户是在询问购买一单产品能够维持多长时间的使用量。
HJ20180908,健康养生,"拍了一单,能减几斤",1,该用户想表达的含义是：已经下单购买了产品，询问使用后大概能减掉多少体重。
HJ20180908,健康养生,吃几天能看到效果,1,该用户想询问产品需要持续使用多长时间才能显现减肥效果。
HJ20180908,健康养生,咖啡苦吗,1,该用户可能是在询问咖啡的口感是否苦涩，以此评估自己是否愿意尝试购买这款主打减肥效果的咖啡产品。
HJ20180908,健康养生,拍2单,0,该用户想表达的含义是：我要下单购买两份这个产品。
HJ20180908,健康养生,我喝完一单减了18斤,0,该用户想表达的含义是：自己购买了该产品并饮用后成功减重了18斤。
HJ20180908,健康养生,拍了拍了加急,0,该用户想表达自己已经下单购买并希望商家尽快发货。
HJ20180908,健康养生,"我喝咖啡减了9斤,刚刚又拍了两单,加急发货",0,该用户想表达自己通过饮用该咖啡成功减重9斤，出于对产品的信任和满意又追加购买了两单，并希望尽快收到货品。
HJ20180908,健康养生,怎么吃饭啊,1,该用户想询问产品的具体食用方法或服用说明。
HJ20180908,健康养生,"我喝了一单减了11斤,今天又来回购了",0,该用户想表达的含义是：之前购买并饮用该产品后成功减重11斤，因此再次下单以继续使用。
HJ20180908,健康养生,一直在喝你咖啡,0,该用户想表达的含义是：长期使用该产品并对其效果表示认可。
HJ20180908,健康养生,"之前拍了好多其他产品都不行,就你家的让我减了20斤",0,该用户想表达的含义是：对比其他品牌效果不佳后，认为当前直播间的产品确实有效并取得了显著减肥效果。
HJ20180908,健康养生,"喝不到两单减了16斤,太好了又来回购了2单",0,该用户想表达的含义是：之前购买两单产品后成功减重16斤，因效果满意再次回购了两单。
HJ20180908,健康养生,我拍了怎么喝,1,该用户想确认购买产品后的具体饮用方法和注意事项。
HJ20180908,健康养生,"回购两单,老顾客了加急发货",0,该用户是在强调自己作为忠实客户再次下单，并希望商家优先处理自己的订单以尽快收货。
HJ20180908,健康养生,"真的可以瘦,我减了18斤了",0,该用户想表达的含义是：这款产品确实有效，我已经成功减重了不少。
HJ20180908,健康养生,真好使吗?,1,该用户是在询问产品的实际效果是否如其他买家所说的那样好。
HJ20180908,健康养生,"活动太划算了,我又回购了两单",0,该用户被直播间的优惠活动吸引，并因对产品效果满意而再次下单购买。
HJ20180908,健康养生,"我姐姐让我过来拍的,她都减了35斤了",0,该用户想表达的含义是：因为姐姐使用该产品效果显著（减重35斤），所以自己也决定下单购买。
HJ20180908,健康养生,拍了加急发货,0,该用户急切希望商家尽快处理并配送自己刚下的订单。
HJ20180908,健康养生,姨妈期可以喝不,1,该用户是在询问该产品是否适合在生理期间饮用，可能是担心特殊时期的身体适应性或效果。
HJ20180908,健康养生,"红姐我姐姐喝你家咖啡减了39斤,我今天也过来拍了",0,该用户想表达的意思是：因为看到亲友使用该产品效果显著，自己也产生了信任并下单购买。
HJ20180908,健康养生,"你家减肥套餐确实好,我都减了31斤了,介绍了好多朋友过来拍了",0,该用户是在以自身成功案例和口碑推荐来肯定产品的效果，并暗示自己持续支持且带动他人购买。
HJ20180908,健康养生,"红姐我喝你家减肥咖啡都减了15斤了,今天再来拍一单",0,该用户想表达的含义是：作为老顾客因产品效果显著而再次下单回购。
HJ20180908,健康养生,"165斤,拍了两单哈",0,该用户想表达的含义是：自己体重165斤，因为相信产品的减肥效果已经购买了两份产品。
HJ20180908,健康养生,"我喝了20天,减了16斤,今天又回购了2单",0,该用户想表达的含义是：这款产品效果显著，自己使用后成功减重，出于信任和满意再次下单购买。
HJ20180908,健康养生,"我102斤也减了6斤,很满意",0,该用户想表达的含义是：通过使用该产品成功减重，对效果感到满意并隐含推荐意图。
HJ20180908,健康养生,一单能减几斤,1,该用户是在询问购买该减肥产品的具体效果，即“下单购买一次能减掉多少体重”。
HJ20180908,健康养生,哺乳期能喝吗,1,该用户是在询问该产品是否适合哺乳期女性使用，表达了对产品适用人群的潜在购买顾虑。
HJ20180908,健康养生,"我出月子就开始喝了,2单减了17斤",0,该用户想表达的含义是：通过使用该产品并在产后成功减重，她对效果感到满意并再次下单购买。
HJ20180908,健康养生,开水冲还是温水冲咖啡,1,该用户可能在询问冲泡咖啡的具体方法，以确认如何正确使用产品来达到预期的减肥效果。
HJ20180908,健康养生,"我喝咖啡减12斤了,又回购了",0,该用户想表达的含义是：通过使用这款咖啡成功减重后，出于满意和信任再次下单购买。
HJ20180908,健康养生,"之前喝的两单都不一样,今天的也跟之前的不一样.效果一样吗????",1,该用户是在质疑产品效果的一致性，担心不同批次的减肥咖啡效果存在差异。
HJ20180908,健康养生,我也是马上喝完两单减了14斤多,0,该用户想表达的含义是：自己通过购买并饮用该产品成功减重了14斤以上，并暗示对产品效果的认可。
HJ20180908,健康养生,"我也是老顾客,买了好多单真的很好",0,该用户是在以老顾客的身份表达对产品的认可和持续购买的支持。
HJ20180908,健康养生,怎么喝,1,该用户想询问产品的具体饮用方法或冲泡方式。
HJ20180908,健康养生,"我老公减了14斤,肚子明显小了好多",0,该用户想表达的含义是：家人使用产品后效果显著，自己也对产品产生了信任和兴趣。
HJ20180908,健康养生,"亲,减肥怎吃?",1,该用户想询问减肥期间应该如何正确饮用或搭配该产品以达到更好的效果。
HJ20180908,健康养生,"我喝两单减了18斤,减的很满意",0,该用户想表达的是：通过购买并使用该减肥产品，自己成功减重且效果令人满意，因此再次下单以继续使用。
HJ20180908,健康养生,一天喝一次吗,1,该用户是在询问产品的使用频率，想了解每天饮用一次是否合适以达到预期效果。
HJ20180908,健康养生,"活动太划算了,我又回购了两单",0,该用户想表达的含义是：直播间的促销活动非常优惠，自己因满意产品效果而再次下单购买。
HJ20180908,健康养生,芦荟是晚上饭前吃还是饭后吃,1,该用户可能是在询问芦荟产品的具体服用时间以优化减肥效果，表现出对产品使用方法的关注和潜在的购买意向。
HJ20180908,健康养生,一袋兑多少水,1,该用户想询问产品的具体使用方法，即一袋产品需要配多少水量来冲泡。
HJ20180908,健康养生,"我是刚生完孩子小肚子大,喝完两单肚子小了好多",0,该用户想表达的含义是：产后身材恢复效果显著，使用该产品后腹部明显瘦了。
HJ20180908,健康养生,一盒咖啡,0,该用户可能是在询问这款减肥咖啡的购买规格或价格，比如“一盒咖啡多少钱”或“一盒包含多少量”。
HJ20180908,健康养生,186斤排多少,1,该用户想询问自己体重186斤的情况下需要购买多少单产品才能达到理想的减肥效果。
HJ20180908,健康养生,早饭前咖啡晚饭后芦荟两粒,0,该用户想表达的是：我早上喝咖啡减肥，晚上吃两粒芦荟产品辅助瘦身。
HJ20180908,健康养生,"一直坚持喝5单了,已经减50来斤",0,该用户想表达的含义是：通过持续购买并饮用该产品，自己已成功减重约50斤。
HJ20180908,健康养生,"我喝咖啡减12斤了,又回购了",0,该用户想表达的含义是：这款咖啡的减肥效果显著，自己通过持续饮用成功减重，因此再次下单购买以维持效果。
HJ20180908,健康养生,能喝多久,1,该用户是在询问产品的使用周期或单次购买能维持的饮用时长。
HJ20180908,健康养生,"红姐我喝你家减肥咖啡都减了15斤了,今天再来拍一单",0,该用户想表达的含义是：作为老顾客认可产品效果并打算再次复购。  （解析：结合前文弹幕中频繁出现的复购、减重效果反馈等语境，该用户通过分享自身减重成果强调产品有效性，同时明确表达继续购买的意愿，属于典型的使用体验背书+消费动机的直接陈述。）
HJ20180908,健康养生,"刚开始喝了几天,减了3斤,还想再减8斤",0,该用户想表达的意思是：自己使用产品后已经初见成效，希望继续购买以达到进一步的减肥目标。
HJ20180908,健康养生,"相信你,拍了两单加急发货",0,该用户因信任主播并受到其他买家积极反馈的鼓舞，果断下单了两件商品并要求加快配送速度。
HJ20180908,健康养生,需要运动吗?,1,该用户可能是在询问是否需要通过运动来配合产品以达到更好的减肥效果。
HJ20180908,健康养生,"马上喝完一单了,真没想到减了10斤,又拍了2单",0,该用户想表达的含义是：自己通过使用该产品成功减重10斤后感到惊喜，因此又下单购买了两份以继续使用。
HJ20180908,健康养生,"拍了,加急",0,该用户想表达的含义是：我已经下单购买了产品，并且希望尽快收到货物。
HJ20180908,健康养生,我也是马上喝完两单减了14斤多,0,该用户想表达自己通过购买并饮用该产品成功减重14斤以上，对效果感到满意并有意继续使用。
HJ20180908,健康养生,不吃饭可以吃芦荟,0,该用户想表达的含义是：可以用芦荟替代正餐来帮助减肥。
HJ20180908,健康养生,"喝了减肥套餐2单了,减了18斤",0,该用户想表达的含义是：使用该减肥产品后效果显著，已经购买两次并成功减重18斤，对效果感到满意。
HJ20180908,健康养生,我喝完一单减了7斤多,0,该用户想表达的含义是：使用该产品后效果显著，通过购买一单的量就成功减重了7斤以上。
HJ20180908,健康养生,喝酒影响瘦吗,1,该用户可能是在询问饮酒是否会影响减肥产品的效果或干扰减重进程。
HJ20180908,健康养生,"我减了16斤,确实好,让老公也喝了",0,该用户想表达的含义是：自己使用产品后成功减重16斤，效果显著，因此推荐给丈夫也尝试。
HJ20180908,健康养生,"喝了一单,减快9斤,很满意",0,该用户想表达的含义是：自己购买了减肥产品并取得了明显的减重效果，对此感到非常满意。
HJ20180908,健康养生,"我拍了1单,能减几斤啊",1,该用户想表达的含义是：想知道购买一单产品后能达到多少减肥效果。
HJ20180908,健康养生,有什么福利,1,该用户想询问直播间是否有促销活动或赠品优惠。
HJ20180908,健康养生,你那十来分大礼包呢?,0,该用户是在询问之前直播间宣传的优惠大礼包的具体情况，可能是想确认是否有相关促销活动以便参与购买。
HJ20180908,健康养生,拉肚子吗,1,该用户可能在询问该减肥产品是否会引起腹泻等副作用。
HJ20180908,健康养生,"马上第二单喝完,减了31斤",0,该用户想表达的含义是：自己已经快喝完第二单产品并成功减重31斤，暗示对产品效果满意且可能考虑继续回购。
HJ20180908,健康养生,咖啡早上兑这牛奶喝可以吗,1,该用户可能在询问这款减肥咖啡是否可以搭配牛奶在早晨饮用，以确认产品的使用方式是否适合自己的饮食习惯。
HJ20180908,健康养生,我就是正常吃饭一单减了17斤,0,该用户想表达的是：通过正常饮食配合使用这款减肥产品，已经成功减掉了17斤体重。
HJ20180908,健康养生,"我喝咖啡减12斤了,又回购了",0,该用户想表达的是：这款减肥咖啡效果显著，自己通过饮用成功减重后再次下单购买。
HJ20180908,健康养生,减全身吗?,1,该用户是在询问产品是否具有全身减脂的效果。
HJ20180908,健康养生,控制饮食吗,1,该用户可能是在询问产品是否需要配合饮食控制才能达到减肥效果。
HJ20180908,健康养生,"我喝了20天,减了16斤,今天又回购了2单",0,该用户想表达的含义是：自己使用该产品后取得了显著的减肥效果，出于对产品的信任和满意进行了再次购买。
HJ20180908,健康养生,芦荟是不是啥样的红姐,1,该用户可能是想问“芦荟产品是否适合所有体质的人使用”。
HJ20180908,健康养生,经期可以吃吗,1,该用户是在询问产品是否适合生理期期间服用。
HJ20180908,健康养生,你家咖啡比我喝其他家减的都多,1,该用户想表达的含义是：相比其他品牌，你们家的咖啡减肥效果更显著。
HJ20180908,健康养生,咖啡苦吗,1,该用户可能是在询问咖啡的口感是否苦涩，以此判断是否适合自己的口味或饮用习惯。
HJ20180908,健康养生,"马上喝完一单了,真没想到减了10斤,又拍了2单",0,该用户想表达的含义是：自己使用该减肥产品效果显著（减了10斤），因此决定再次购买两单以继续使用。
HJ20180908,健康养生,"关注好久,终于下单了[龇牙][龇牙]",0,"该用户想表达的含义是：经过长期观望产品效果后，基于其他买家的积极反馈终于决定购买。  （解析：结合前文弹幕中大量关于产品减肥效果的实证反馈（如""减了16斤""""回购了2单""等），用户""关注好久""暗示其曾持续评估产品可信度，而""终于下单""则体现从观察到决策的转化，表情符号进一步强化了满足感。语境表明这是典型的效果驱动型消费决策。）"
HJ20180908,健康养生,"我喝你家的咖啡减了43斤,现在我身边的朋友都在喝",0,该用户想表达的含义是：这款咖啡的减肥效果非常显著，不仅自己成功减重，还带动了周围朋友一起购买。
HJ20180908,健康养生,红头发不好看,0,该用户可能是在委婉表达对产品外观或宣传效果的质疑，暗示当前展示的咖啡产品（如包装颜色）不符合其审美偏好。
HJ20180908,健康养生,不吃晚饭能减的更快吧,0,该用户是在询问控制饮食（如不吃晚饭）是否能增强直播间所售减肥产品的效果。
HJ20180908,健康养生,一单快喝完了减了8斤,0,该用户想表达的含义是：自己购买的产品效果显著，喝完一单后成功减重8斤。
HJ20180908,健康养生,是要控制吃水果吗,1,该用户可能是在询问是否需要限制水果的摄入量来配合当前直播中讨论的减肥产品或饮食方案。
HJ20180908,健康养生,拍了拍了加急发货,0,"该用户急切希望尽快收到已下单的商品。  （解析：结合前文弹幕中频繁出现的回购、减重效果反馈等购买相关互动，可推断该用户已下单并因直播间氛围（如他人分享的见效快）而产生强烈收货期待，""加急发货""进一步凸显其迫切需求。）"
HJ20180908,健康养生,"咖啡不苦,芦荟口服",0,该用户想表达的含义是：这款咖啡口感不苦涩，而且搭配芦荟口服产品效果不错。
HJ20180908,健康养生,再来点,1,该用户想表达的含义是：希望主播继续展示或推荐更多相关产品。  （结合前文弹幕内容，直播间主题可能是减肥咖啡或其他健康产品，且用户普遍反馈积极，因此“再来点”更可能是对产品的兴趣或期待，而非单纯的内容重复请求。）
HJ20180908,健康养生,我也是马上喝完两单减了14斤多,0,该用户想表达的含义是：自己已经快喝完两单产品并成功减重14斤以上，暗示对产品效果满意并可能继续回购。
HJ20180908,健康养生,"咖啡瘦了17斤了,确实挺好",0,该用户想表达的含义是：通过饮用这款咖啡成功减重17斤，对其效果表示认可和满意。
HJ20180908,健康养生,"我刚生完宝宝喝了一单减了25斤,又回购了",0,该用户想表达的含义是：产后通过饮用该产品成功瘦身，因效果显著而再次购买。
HJ20180908,健康养生,上夜班怎么喝,1,该用户可能是在询问夜班期间饮用该产品是否合适或有效，隐含对产品使用场景的购买顾虑。
HJ20180908,健康养生,头发是挺好看[捂脸],0,该用户可能是对主播的发型表示调侃或轻微吐槽，但语气较为轻松，并未表现出强烈的购买意向或产品相关兴趣。
HJ20180908,健康养生,不吃晚饭能减的更快吗,1,该用户是在询问产品使用期间配合节食是否能增强减肥效果，隐含对产品功效的进一步优化期待。
HJ20180908,健康养生,特殊时期能喝吗,1,该用户是在询问产品在生理期期间是否适合饮用。
HJ20180908,健康养生,能治便秘吗,1,该用户是在询问该产品是否具有缓解便秘的功效。  （结合前文弹幕语境，直播间主要推销的是一款具有减肥功效的咖啡产品，且许多用户反馈了减重效果，因此该弹幕可能是基于对产品其他潜在功能的关注，尤其是与消化或代谢相关的效果。）
HJ20180908,健康养生,一单能瘦几斤啊,1,该用户是在询问购买该减肥咖啡后预计能达到的减重效果。
HJ20180908,健康养生,挺好看,0,该用户可能是在对主播的发型或外观表示赞赏，暗示对主播形象的好感而非直接表达购买意向。
HJ20180908,健康养生,太美了[赞][赞][赞]就这么打扮[赞][赞][赞],0,该用户想表达的含义是：对主播当前的造型或穿搭风格表示高度赞赏和认同。  （结合前文弹幕，直播间主题可能与减肥产品相关，但这条弹幕聚焦于主播的外貌或形象，而非直接涉及购买意向，更多是情绪互动。）
HJ20180908,健康养生,"我喝了一单减了11斤,今天又来回购了",0,该用户想表达的含义是：之前购买产品后取得了显著的减肥效果（减重11斤），因此再次下单表示对产品的认可和持续信任。
HJ20180908,健康养生,喝几天有效果,1,该用户是在询问产品需要持续使用多长时间才能看到明显的减肥效果。
HJ20180908,健康养生,"好看好看,太漂亮了",0,该用户是在称赞主播的造型或外貌，表达欣赏和喜爱的情感。
HJ20180908,健康养生,"我姐姐喝了一单,减了不到八斤",0,该用户想表达的含义是：我姐姐购买了这款产品并饮用后，体重减轻了不到八斤。
HJ20180908,健康养生,我133斤直接拍了两单,0,该用户想表达的含义是：看到其他观众分享的减肥效果后，自己也果断下单购买了该产品。
HJ20180908,健康养生,说下怎么喝,1,该用户想询问产品的具体饮用方法和注意事项，以了解如何正确使用该产品来达到预期效果。
HJ20180908,健康养生,"喝咖啡减了14斤,很满意",0,该用户想表达的含义是：通过饮用这款咖啡成功减重14斤，对产品效果感到非常满意并有意继续使用。
HJ20180908,健康养生,"我减下来了,现在我身边好多人都在跟着我一起喝",0,该用户想表达的含义是：这款产品在我身上取得了明显的减肥效果，并且带动了周围人一起购买使用。
HJ20180908,健康养生,"我喝你们这个减肥套餐一单了,减了9斤了",0,该用户想表达的含义是：使用该减肥产品后取得了显著效果，通过分享亲身经历来佐证产品的有效性。
HJ20180908,健康养生,"我喝咖啡套餐减了22斤,现在男朋友也跟我一起喝",0,该用户想表达的意思是：这款减肥咖啡效果显著，自己成功减重后还带动了身边人一起购买使用。
HJ20180908,健康养生,"真的可以瘦,我减了18斤了",0,该用户想表达的含义是：这款产品确实有效，我已经通过使用它成功减重了不少。
HJ20180908,健康养生,"我102斤也减了6斤,很满意",0,该用户想表达的含义是：使用该产品后成功减重并感到满意，暗示对产品的认可和可能的复购意向。
HJ20180908,健康养生,"我61岁,喝完你的两单咖啡掉了19斤很满意",0,该用户想表达的含义是：自己作为61岁的消费者，在购买并饮用该产品后取得了显著的减肥效果（减重19斤），因此对产品效果感到满意并主动分享体验。
HJ20180908,健康养生,"拍了一单,能减几斤",1,该用户想询问购买该减肥产品后预计能达到的减重效果。
HJ20180908,健康养生,"我头几天买的是千唯饮,这咋换芦荟了",0,该用户是在疑惑之前购买的产品（千唯饮）为何被替换成了芦荟产品，可能对产品变更感到不解或不满。
HJ20180908,健康养生,"我正常吃饭,一单减了12斤",0,该用户想表达的是：使用该产品后体重明显下降，正常饮食的情况下就减掉了12斤。
HJ20180908,健康养生,你家咖啡真的很好用,1,该用户想表达的含义是：这款咖啡的减肥效果让我很满意。
HJ20180908,健康养生,真的挺好看的[赞],0,该用户是在夸赞直播中展示的产品或穿搭效果不错，表达出一定的欣赏和兴趣。
HJ20180908,健康养生,需要控制水果吗,1,该用户可能是在询问是否需要限制水果摄入量以配合当前直播中推广的减肥产品效果。
HJ20180908,健康养生,"妹妹推荐我来的,她瘦了16斤",0,该用户想表达的含义是：因为看到亲友使用产品有明显效果，所以自己也对这款减肥产品产生了兴趣和信任。
HJ20180908,健康养生,红姐变美了,0,该用户是在夸赞主播外貌变化明显，可能暗示对主播推荐的产品效果产生兴趣或好感。
HJ20180908,健康养生,瘦了以后就不用喝了吧[玫瑰],0,该用户是在调侃减肥产品的效果，暗示自己已经瘦到不需要再继续购买产品了。
HJ20180908,健康养生,"还在吃,吃了gan几个",1,该用户可能是在询问减肥产品的持续使用效果，想知道如果继续服用当前套餐还能再减多少斤。
HJ20180908,健康养生,喝酒影响吗,1,该用户是在询问该减肥产品是否受饮酒影响效果。
HJ20180908,健康养生,我第二单马上喝完.减掉24斤,0,该用户想表达的含义是：我已经回购了这款产品并且通过使用成功减重了24斤。
HJ20180908,健康养生,"刚开始喝了几天,减了3斤,还想再减8斤",0,该用户想表达的含义是：使用产品后已初见成效，希望继续坚持以达到更理想的减重目标。
HJ20180908,健康养生,给我上两单,1,该用户想表达购买两单产品的意愿。
HJ20180908,健康养生,我喝减肥套餐瘦了31斤,0,该用户想表达的含义是：通过使用这款减肥套餐取得了显著效果，以此证明产品的有效性并可能带动他人购买。
HJ20180908,健康养生,拍了三单让我老公和我一起喝,0,该用户想表达的含义是：我已经下单购买了三份产品，打算和丈夫一起使用。
HJ20180908,健康养生,怎么喝说说,1,该用户想询问产品的具体饮用方法或使用说明。
HJ20180908,健康养生,"我不用减肥,吃着都不带胖的",0,该用户想表达的含义是：我对减肥产品没有需求，因为我的体质不容易发胖。
HJ20180908,健康养生,"喝咖啡一单减了15斤了,确实好",0,该用户想表达的含义是：使用这款咖啡后成功减重15斤，对产品效果感到满意和认可。
HJ20180908,健康养生,"挺好看的,年轻",0,该用户可能是在夸赞主播或产品效果显年轻，暗示对产品有兴趣或认可其效果。
HJ20180908,健康养生,"我喝咖啡减12斤了,又回购了",1,该用户想表达的含义是：通过持续饮用这款咖啡成功减重后，出于满意效果而再次下单购买。
HJ20180908,健康养生,"还在吃,都吃了好几个小时[赞][赞][赞]",0,该用户想表达的含义是：主播展示的产品效果持久且令人满意，自己已经持续使用了一段时间并感到认可。
HJ20180908,健康养生,200斤拍几单,1,该用户是在询问自己体重200斤的情况下需要购买多少份产品才能达到理想的减肥效果。
HJ20180908,健康养生,肚子皮会松吗,1,该用户可能是在询问使用产品后是否会导致皮肤松弛的问题。
HJ20180908,健康养生,"我喝你们这个减肥套餐一单了,减了9斤了",0,该用户想表达的含义是：我已经购买并使用了你们的减肥产品，效果显著（减重9斤），以此证明产品的有效性并可能暗示会继续回购。
HJ20180908,健康养生,你喝的就是这个吗,1,该用户可能是想确认主播正在饮用的产品是否就是直播间正在推广的减肥饮品，以此判断产品的真实效果和可信度。
HJ20180908,健康养生,需要一直喝吗,1,该用户可能是在询问产品是否需要长期持续服用才能维持效果。
HJ20180908,健康养生,拍了三单加急发货,0,该用户想表达的含义是：已经下单购买了产品并希望尽快收到货。
HJ20180908,健康养生,有冠心病的.心脏支架.能喝不,1,该用户是在询问患有冠心病并安装了心脏支架的人是否可以饮用直播间推销的减肥产品。
HJ20180908,健康养生,"减的确实很快,一单我减了22斤",0,该用户想表达的含义是：这款减肥产品效果显著，自己购买使用后成功减重了22斤。
HJ20180908,健康养生,一单能瘦几斤大约,1,该用户是在询问购买一单产品后大约能减掉多少体重。
HJ20180908,健康养生,能吃米饭吗,1,该用户可能是在询问这款减肥产品是否会影响正常饮食，尤其是能否继续吃米饭而不妨碍减肥效果。
HJ20180908,健康养生,喝这个要运动吗,1,该用户可能在询问饮用该产品是否需要配合运动才能达到预期效果。
HJ20180908,健康养生,"红姐我喝你家减肥咖啡都减了15斤了,今天再来拍一单",0,该用户想表达的含义是：因为使用产品效果显著（已减重15斤），所以决定再次购买以继续维持或增强效果。
HJ20180908,健康养生,我喝油都胖不了,0,该用户想表达的含义是：自己属于不易发胖的体质，不需要使用这款减肥产品。
HJ20180908,健康养生,这个怎么喝?饭前喝还是饭后喝,1,该用户想表达的含义是：询问产品的具体饮用方法和最佳服用时间，以了解如何正确使用该减肥产品。
HJ20180908,健康养生,"喝了2单,减了33斤",0,该用户想表达的含义是：通过购买并饮用该产品，自己成功减重了33斤。
HJ20180908,健康养生,你喝的就是卖的那个咖啡吗?,1,该用户是在确认主播正在饮用的咖啡是否与直播间售卖的产品一致，以评估产品的真实性和可信度。
HJ20180908,健康养生,咖啡一天可以多喝吗,1,该用户可能是在询问产品的每日适宜饮用量，担心过量饮用会有健康风险。
HJ20180908,健康养生,"我是特顽固体质喝完咖啡20天,减了11斤",0,该用户想表达的含义是：这款减肥咖啡效果显著，即使像我这样难减重的体质也在短期内取得了明显的瘦身效果。
HJ20180908,健康养生,能吃水果吗,1,该用户可能是在询问这款减肥产品是否允许在饮用期间正常食用水果。
HJ20180908,健康养生,拍了拍了,0,该用户想表达的含义是：我已经下单购买了产品。
HJ20180908,健康养生,我刚出月子喝了一单减了14斤,0,该用户想表达的是：自己产后刚恢复就购买了这款产品，使用后成功减重了14斤。
HJ20180908,健康养生,57岁喝行吗[玫瑰][玫瑰][玫瑰],0,该用户是在询问这款减肥产品是否适合57岁的人群饮用。
HJ20180908,健康养生,"我头几天买的是千唯饮,这咋换芦荟了",0,该用户是在疑惑之前购买的减肥产品（千唯饮）为何被替换成了另一种成分（芦荟），可能对产品变更感到不解或担忧效果是否有变。
HJ20180908,健康养生,能治便秘吗能治便秘吗能治便秘吗,1,该用户是在急切询问该产品是否具有缓解便秘的功效。
HJ20180908,健康养生,"我拍了1单,能减几斤啊",1,该用户是在询问购买一单产品后预计能达到的减肥效果，表现出对产品功效的关注和潜在的购买意向。
HJ20180908,健康养生,"喝了一单,减快9斤,很满意",0,该用户想表达的含义是：自己购买了该产品并成功减重近9斤，对效果感到满意。
HJ20180908,健康养生,"我正常吃饭,一单减了12斤",0,该用户想表达的含义是：通过使用该产品并保持正常饮食，自己成功减重了12斤。
HJ20180908,健康养生,"咖啡瘦了17斤了,确实挺好",0,该用户想表达的意思是：自己通过喝这款减肥咖啡成功减掉了17斤，效果确实不错。
HJ20180908,健康养生,我喝了3单减了36斤今天又来回购两单,0,该用户想表达的含义是：自己之前购买并使用了该减肥产品后效果显著（减重36斤），出于对产品的信任和满意决定再次下单购买。
HJ20180908,健康养生,"哪个人都是三分长相七分靠打扮,以后好好的打扮起来[比心][比心][比心]",0,该用户可能是在认同产品效果，暗示通过使用该减肥产品（如调整饮食或搭配产品）能够提升外在形象，表达了对产品效果的满意和继续使用的意愿。
HJ20180908,健康养生,你也不胖啊,0,该用户可能是在委婉质疑主播推销的减肥产品效果，暗示对方体型并不需要这类产品。
HJ20180908,健康养生,"我106斤,一单减了7斤,确实不错,在拍一单",0,该用户想表达自己通过使用该减肥产品已有效减重7斤，对效果感到满意并决定再次购买。
HJ20180908,健康养生,"怎么299啦,不是99吗",0,该用户对产品价格突然上涨感到意外和不满，认为之前宣传的价格与实际不符，可能质疑商家的定价诚信或促销真实性。
HJ20180908,健康养生,"喝不到两单减了16斤,太好了又来回购了2单",0,该用户想表达的含义是：之前购买并饮用该产品后成功减重16斤，因效果满意再次下单回购了两份。
HJ20180908,健康养生,一单快喝完了减了8斤,0,该用户想表达的含义是：自己购买并饮用了一单产品后成功减重8斤，对效果感到满意。
HJ20180908,健康养生,真这么管用吗美女,1,该用户对产品效果的真实性存疑，希望通过主播的进一步解释来确认其有效性。
HJ20180908,健康养生,一次能喝两袋嘛,1,该用户是在询问产品使用剂量的安全性，担心过量饮用可能带来的影响。
HJ20180908,健康养生,"嗯,羡慕羡慕",0,该用户看到其他观众分享的显著减肥效果后，流露出对产品效果的向往和跃跃欲试的潜在购买意向。
HJ20180908,健康养生,"马上喝完第二单,减了23斤",0,该用户想表达的含义是：自己已经喝完第一单产品并成功减重23斤，现在准备再次下单购买。
HJ20180908,健康养生,拍了加急发货,0,该用户急切希望尽快收到商品，表现出明确的购买意愿和对产品的迫切需求。
HJ20180908,健康养生,不是空腹喝吗,1,该用户是在询问产品是否需要空腹饮用才能达到减肥效果。
HJ20180908,健康养生,需要忌口吗,1,该用户是在询问产品使用期间是否有饮食禁忌或注意事项。
HJ20180908,健康养生,"我一单减了25斤,还不拉肚子,特别好",0,该用户想表达的含义是：这款产品减肥效果显著且安全无副作用，自己使用后非常满意。
HJ20180908,健康养生,"我老顽固性了,喝了几天真开始减了,今天又来回购一单",0,该用户想表达的含义是：自己原本对产品效果持怀疑态度，但亲身体验后发现确实有效果，因此决定再次购买。
HJ20180908,健康养生,给我上两单,1,该用户想表达的是有意购买两份产品。
HJ20180908,健康养生,我喝完一单减了18斤,0,该用户想表达的含义是：这款产品效果显著，自己使用后体重明显下降，对效果感到满意。
HJ20180908,健康养生,我喝水都长肉,0,该用户可能是在表达自己易胖体质，暗示对直播间推荐的减肥产品感兴趣，想了解是否对自己同样有效。
HJ20180908,健康养生,"我姐姐让我过来拍的,她都减了35斤了",0,该用户想表达的含义是：因为看到姐姐使用该产品效果显著（减重35斤），所以自己也来下单购买。
HJ20180908,健康养生,"相信你,拍了两单加急发货",0,该用户表达了对主播的信任并已下单购买产品，同时要求加快发货速度。
HJ20180908,健康养生,我刚出月子喝了一单减了14斤,0,该用户想表达的含义是：这款产品效果显著，自己产后饮用后成功减重，对效果感到满意并可能考虑回购。
HJ20180908,健康养生,"我拍了1单,能减几斤啊",1,该用户是在询问购买一单产品后预计能减掉多少体重，表现出对产品效果的关注和潜在的购买意向。
HJ20180908,健康养生,一单能喝多少天?,1,该用户想询问购买的产品单份使用周期有多长，以评估性价比和复购频率。
HJ20180908,健康养生,我139多斤怎么拍,1,该用户想表达的含义是：我的体重超过139斤，应该选择购买哪个规格的产品？
HJ20180908,健康养生,哺乳期可以喝嘛,1,该用户是在询问该产品是否适合哺乳期女性饮用，以评估自己是否符合使用条件。
HJ20180908,健康养生,肚子肉皮会松吗,1,该用户担心使用产品后腹部皮肤会出现松弛问题。
HJ20180908,健康养生,"喝咖啡减了14斤,很满意",0,该用户想表达的含义是：通过使用这款咖啡产品成功减重14斤，对效果感到非常满意并间接推荐给他人。
HJ20180908,健康养生,"我减了16斤,确实好,让老公也喝了",0,该用户想表达的含义是：自己使用产品后成功减重，效果显著，因此推荐给家人尝试。
HJ20180908,健康养生,我就是老顾客回购的,0,该用户想表达的含义是：我之前购买过这个产品且效果不错，所以这次又来下单支持。
HJ20180908,健康养生,"我是特顽固体质喝完咖啡20天,减了11斤",0,该用户想表达的含义是：这款咖啡对顽固性肥胖体质效果显著，自己饮用后减重效果明显。
HJ20180908,健康养生,男的能减不,1,该用户想表达的含义是：男性使用这款产品是否也能达到减肥效果。
HJ20180908,健康养生,"回购两单,老顾客了加急发货",0,该用户是在表达自己作为忠实客户再次购买产品，并希望尽快收到货物的迫切需求。
HJ20180908,健康养生,讲讲怎么喝,1,该用户想询问产品的具体饮用方法或使用步骤。
HJ20180908,健康养生,"喝了2单,减了33斤",0,该用户想表达的含义是：自己已经购买并饮用该产品两次，成功减重33斤，以此证明产品效果显著。
HJ20180908,健康养生,"相信你,拍了两单加急发货",0,该用户表达了对产品的信任和购买意愿，已经下单并希望尽快收到货品。
HJ20180908,健康养生,咖啡用多少度水温?,1,该用户可能是在询问冲泡咖啡的具体水温要求，以确认产品使用细节，从而评估是否适合自己购买。
HJ20180908,健康养生,咖啡早晨喝一袋吗,1,该用户想询问每天早晨饮用一袋咖啡是否有助于达到减肥效果。
HJ20180908,健康养生,中午饭前喝吗,1,该用户是在询问产品（减肥咖啡）是否适合在午餐前饮用。
HJ20180908,健康养生,红姐越来越漂亮了,0,该用户想表达的含义是：对主播红姐的外貌变化表示赞赏，但并未直接表现出对产品的购买兴趣。
HJ20180908,健康养生,哺乳期能喝吗,1,该用户是在询问该产品是否适合哺乳期女性使用，担心可能影响母乳喂养或自身健康。
HJ20180908,健康养生,"我老公减了14斤,肚子明显小了好多",0,该用户想表达的含义是：这款产品效果显著，家人使用后体重明显下降，对效果感到满意并间接推荐。
HJ20180908,健康养生,拍了红肠,0,该用户想表达的含义是：我已经下单购买了红肠这款产品。
HJ20180908,健康养生,怎么喝,1,该用户想询问产品的具体饮用方法或使用步骤。
HJ20180908,健康养生,"不到一单,我减了8斤",0,该用户想表达的含义是：购买这款产品后，使用不到一单的量就成功减重了8斤。
HJ20180908,健康养生,"我出月子就开始喝了,2单减了17斤",0,该用户想表达的含义是：这款产品效果显著，自己在产后饮用后成功减重了17斤。
HJ20180908,健康养生,"我正常吃饭,一单减了12斤",0,该用户想表达的意思是：按照常规饮食配合使用产品，仅购买一次就成功减重了12斤。
HJ20180908,健康养生,"我是刚生完孩子小肚子大,喝完两单肚子小了好多",0,该用户想表达的含义是：产后通过饮用该产品成功瘦身，效果明显并有意继续购买。
HJ20180908,健康养生,一单吃多少天啊,1,该用户想询问购买一单产品能够满足多少天的使用量。
HJ20180908,健康养生,"我老顽固性了,喝了几天真开始减了,今天又来回购一单",0,该用户想表达的含义是：自己属于不易减重的体质，但试用产品后确实有效果，因此再次下单购买。
HJ20180908,健康养生,"这个套餐瘦的确实快,我都减了27斤了,在拍两单",0,该用户想表达自己通过使用该产品取得了显著减肥效果（减重27斤），并打算再次购买两单以继续维持或增强效果。
HJ20180908,健康养生,"我喝你们这个减肥套餐一单了,减了9斤了",0,该用户想表达的含义是：使用该减肥套餐后效果显著，自己已经成功减重并认可产品效果。
HJ20180908,健康养生,"我拍了1单,能减几斤啊",1,该用户想询问自己购买一单产品后预计能达到的减肥效果。
HJ20180908,健康养生,你家的不拉肚子我还减了22斤,0,该用户想表达的含义是：使用你们的产品后不仅没有不适反应，还成功减重了22斤。
HJ20180908,健康养生,"我姐姐让我过来拍的,她都减了35斤了",0,该用户想表达的含义是：因为看到亲友使用该产品效果显著，所以自己也决定下单购买。
HJ20180908,健康养生,胃不好能不能吃,1,该用户是在询问主播所推销的产品是否适合胃部不适的人群食用。
HJ20180908,健康养生,用注意饮食吗,1,该用户想询问这款减肥产品是否需要配合控制饮食才能达到效果。
HJ20180908,健康养生,你这肚子吓人,0,该用户可能是惊讶于产品显著的瘦身效果，尤其是对腹部减脂的效果感到震撼。
HJ20180908,健康养生,"一单减了16斤,又回购了",0,该用户想表达的意思是：之前购买这个产品后成功减重了16斤，效果显著所以再次下单购买。
HJ20180908,健康养生,一单能瘦几斤啊,1,该用户是在询问购买一单产品后预计能达到的减肥效果。
HJ20180908,健康养生,喝了上火不,1,该用户是在询问该产品是否会导致饮用后出现上火等不适反应，表现出对产品安全性和副作用的顾虑。
HJ20180908,健康养生,哺乳期能喝不,1,该用户是在询问产品是否适合哺乳期女性使用，担心可能对母婴健康有影响。
HJ20180908,健康养生,忌口吗,1,该用户想询问这款减肥产品是否需要避免食用某些特定食物。
HJ20180908,健康养生,会拉肚子吗,1,该用户担心产品可能导致腹泻等不良反应，想确认安全性。
HJ20180908,健康养生,"喝不到两单减了16斤,太好了又来回购了2单",0,该用户想表达的含义是：之前购买该产品后成功减重16斤，效果显著所以再次下单回购。
HJ20180908,健康养生,我133斤直接拍了两单,0,该用户想表达的含义是：看到其他买家分享的显著减肥效果后，自己也果断下单购买了该产品。
HJ20180908,健康养生,不可以吃啥呢,1,该用户可能是在询问该减肥产品是否有饮食禁忌或需要避免食用的特定食物。
HJ20180908,健康养生,一个月能瘦多少斤,1,该用户是在询问这款减肥产品的预期效果，想了解使用一个月后大概能减掉多少体重。
HJ20180908,健康养生,"喝一个月减了13斤,继续喝",0,该用户想表达的含义是：这款减肥产品效果显著，自己使用后一个月成功减重13斤，因此决定继续购买使用。
HJ20180908,健康养生,芦荟中午晚上都要吃吗,1,该用户想询问芦荟产品的具体服用频率是否需分早晚两次。
HJ20180908,健康养生,需要忌口吗,1,该用户是在询问该减肥产品是否需要配合特定的饮食限制才能达到效果。
HJ20180908,健康养生,"这个套餐瘦的确实快,我都减了27斤了,在拍两单",0,该用户想表达的是：自己使用该减肥套餐效果显著，已经减重27斤，因此决定再次购买两单以继续维持效果。
HJ20180908,健康养生,"一直喝你家咖啡,今天太划算了,抢了4单",0,"该用户想表达的含义是：作为老顾客觉得本次促销力度大，果断下单囤货。  （解析：前文弹幕多围绕减肥产品效果讨论，而目标弹幕突然提及""咖啡""，结合""一直喝""和""抢单""行为，可推断用户是跨品类老客，被促销吸引冲动消费。语境反差凸显其购买兴趣并非来自产品功效讨论，而是价格刺激。）"
HJ20180908,健康养生,咖啡苦吗,1,该用户可能是在询问咖啡的口感是否苦涩，以此判断是否符合自己的口味偏好或饮用习惯。
HJ20180908,健康养生,心脏不好能喝吗,1,该用户是在询问该产品是否适合有心脏健康问题的人群饮用。
HJ20180908,健康养生,"婆婆喝这个咖啡减了14斤,今天又回购两单",0,该用户想表达的含义是：这款咖啡的减肥效果显著，家人亲测有效所以再次下单支持。
HJ20180908,健康养生,相信你拍一单,1,该用户想表达的含义是：信任主播推荐的产品效果，决定下单购买。
HJ20180908,健康养生,"我喝咖啡套餐减了22斤,现在男朋友也跟我一起喝",0,该用户想表达的含义是：这款咖啡套餐的减肥效果显著，自己和伴侣都在使用并受益。
HJ20180908,健康养生,我喝过好用,0,该用户想表达的含义是：这款产品效果不错，自己使用后感觉满意。
HJ20180908,健康养生,孩子能喝吗,1,该用户是在询问该产品是否适合儿童饮用。
HJ20180908,健康养生,我就正常吃饭瘦了17斤了,0,该用户想表达的含义是：通过正常饮食配合产品使用取得了显著的减肥效果。
HJ20180908,健康养生,啥时候能发货?,0,该用户想表达的含义是：对产品发货时效的关注，显示出潜在的购买意向。
HJ20180908,健康养生,备孕可以喝咖啡吗,1,该用户是在询问备孕期间是否适合饮用该款咖啡产品，以评估其安全性及是否购买。
HJ20180908,健康养生,"@星,你要胖瘦下来也那样",0,该用户可能在质疑产品的效果，暗示即使尝试减肥也不会达到预期效果。
HJ20180908,健康养生,咖啡失眠吗?,1,该用户是在询问这款咖啡是否会导致失眠，可能是担心咖啡因影响睡眠而犹豫是否购买。
HJ20180908,健康养生,"不到一单,我减了8斤",0,该用户想表达的含义是：购买这款产品后效果显著，自己体重减轻了8斤但还没用完一单的量。
HJ20180908,健康养生,"我现在喝了其它减肥奶茶,可以喝吗",1,该用户是在询问自己目前正在使用其他品牌的减肥奶茶产品，是否可以同时饮用直播间推荐的这款减肥饮品。
HJ20180908,健康养生,有喝过瘦的不,1,该用户想询问这款减肥产品是否真的有效，能否让人成功瘦下来。
HJ20180908,健康养生,"你家减肥套餐确实好,我都减了31斤了,介绍了好多朋友过来拍了",0,该用户想表达的含义是：高度认可产品的减肥效果并已主动推荐他人购买。
HJ20180908,健康养生,"别逼逼,老叫唤",0,该用户可能是在不耐烦地催促主播少说废话、直接进入正题或给出优惠信息。
HJ20180908,健康养生,"我喝1单,瘦了10斤",0,该用户想表达的含义是：购买并饮用这款减肥咖啡后成功减重了10斤。
HJ20180908,健康养生,左旋右键咋不买了,0,该用户可能是在询问为什么无法购买左旋肉碱或相关产品，表达了对该商品的购买意愿和操作受阻的困惑。
HJ20180908,健康养生,你鼻孔,0,该用户可能在调侃或吐槽主播的某个表情或动作，并非表达购买兴趣。
HJ20180908,健康养生,我第二单马上喝完.减掉24斤,0,该用户想表达的含义是：我已经回购第二次并快喝完了，靠这个产品成功减掉了24斤体重。
HJ20180908,健康养生,喝多少水,1,该用户可能是在询问产品的具体饮用量或适用场景，想了解每天需要喝多少才能达到效果。
HJ20180908,健康养生,我就问一遍好不好,0,该用户可能是在不耐烦地询问产品效果或使用方法的确定性，希望得到明确答复后决定是否购买。
HJ20180908,健康养生,"我喝了一单减了11斤,今天又来回购了",0,该用户想表达的含义是：自己之前购买并使用了该产品后成功减重，出于对效果的满意再次前来购买。
HJ20180908,健康养生,"我喝两单减了18斤,减的很满意",0,该用户想表达的含义是：通过购买并饮用该减肥产品，自己成功减重且效果令人满意。
HJ20180908,健康养生,喝酒啊天?可以正常喝咖啡吗?,1,该用户可能在询问产品是否允许在饮酒或日常饮用咖啡的情况下使用，担心与其他饮品的兼容性或影响效果。
HJ20180908,健康养生,"你家咖啡搭配喝减的真的很快,我减了28斤",0,该用户想表达的含义是：这款咖啡的减肥效果非常明显，自己已经成功减重28斤。
HJ20180908,健康养生,一包兑多少水喝?,1,该用户是在询问产品的具体冲泡比例，想了解每次使用需要搭配多少水量。
HJ20180908,健康养生,"减肥咖啡确实好,我是老顾客,大家放心买",0,该用户想表达的含义是：作为长期回购的消费者，他认可这款减肥咖啡的效果并推荐给其他观众。
HJ20180908,健康养生,"我已经下了一单了,但是我有120多斤,一单够吗?",1,该用户担心自己体重基数较大，不确定购买的单份产品剂量是否足够达到预期减肥效果，隐含询问是否需要追加购买。
HJ20180908,健康养生,"我102斤也减了6斤,很满意",0,该用户想表达自己通过使用该产品成功减重，并对效果感到满意，间接肯定了产品的功效。
HJ20180908,健康养生,有没有益生菌了,1,该用户是在询问直播间是否还有益生菌产品在售，表现出对该商品的购买意向。
HJ20180908,健康养生,"我喝普通咖啡心慌,这个会不会有这种情况",1,该用户担心这款减肥咖啡可能像普通咖啡一样引发心悸反应，想确认产品的安全性。
HJ20180908,健康养生,"我喝咖啡减12斤了,又回购了",0,该用户想表达的含义是：通过饮用该产品成功减重后，因效果满意而再次购买。
HJ20180908,健康养生,三餐正常吃?,1,该用户可能是在询问该减肥产品是否允许保持正常饮食而不影响效果。
HJ20180908,健康养生,小基数好不好减,1,该用户想表达的含义是：体重基数较小的人使用这款减肥产品是否有效果。
HJ20180908,健康养生,"效果真的很好,我已经减了11斤了",0,该用户想表达的含义是：这款产品确实有效，自己使用后取得了明显的减肥效果。
HJ20180908,健康养生,安全有效减肥不拉肚,0,该用户是在询问产品是否具备安全可靠的减肥效果且不会引起腹泻的副作用。
HJ20180908,健康养生,"刚进来拍了,怎么喝",1,该用户想表达的含义是：我刚下单购买了产品，但不知道具体的饮用方法。
HJ20180908,健康养生,能喝多少天?,1,该用户是在询问产品（可能是减肥咖啡）的使用周期，即一单产品能持续饮用多少天。
HJ20180908,健康养生,"马上喝完第二单,减了23斤",0,该用户想表达的含义是：自己已经喝完第一单产品并成功减重，现在正在回购第二单且累计减重效果显著。
HJ20180908,健康养生,哺乳期妈妈可以用吗,1,该用户是在询问产品是否适合哺乳期女性使用，关注的是产品的安全性和适用性。
HJ20180908,健康养生,一包兑多少水喝,1,该用户是在询问产品的具体使用方法，即每包产品需要搭配多少量的水来冲泡饮用。
HJ20180908,健康养生,拍了三单让我老公和我一起喝,0,该用户想表达的含义是：我已经下单购买了产品，并打算和家人一起使用。
HJ20180908,健康养生,"我减了13斤,肚子明显小了好多",0,该用户想表达的含义是：这款减肥产品对我效果显著，体重下降明显且腹部有明显变化。
HJ20180908,健康养生,什么时候发货,1,该用户可能在确认下单后的物流时效，表现出对尽快收到产品的期待。
HJ20180908,健康养生,我拍了2单给我加急发货,0,该用户急切希望商家尽快处理自己购买的两单商品，表现出较强的购买意愿和对产品的信任。
HJ20180908,健康养生,血糖高能喝吗,1,该用户是在询问该产品是否适合血糖偏高的人群饮用。
HJ20180908,健康养生,"喝了一单,减快9斤,很满意",0,该用户想表达的含义是：购买并使用了这款减肥咖啡后，成功减掉了近9斤，对效果感到满意。
HJ20180908,健康养生,拍了加急发货,0,该用户希望商家尽快处理并发出自己刚下的订单。
HJ20180908,健康养生,"我喝咖啡套餐减了22斤,现在男朋友也跟我一起喝",0,该用户想表达的含义是：这款咖啡减肥效果显著，自己成功减重后还带动伴侣一起使用。
HJ20180908,健康养生,浦乳期可以喝吗,1,该用户想询问该产品是否适合哺乳期女性饮用。
HJ20180908,健康养生,会不会饭堂,0,该用户可能在询问这款减肥咖啡是否适合在食堂就餐时饮用。
HJ20180908,健康养生,咖啡苦不苦?,1,该用户可能是在询问这款减肥咖啡的口感是否苦涩，以评估自己是否能接受其味道。
HJ20180908,健康养生,防晒衣防晒衣防晒衣防晒衣防晒衣,1,"该用户可能是急切询问或强烈要求主播介绍/上架防晒衣产品。  （解析：当前直播间主题明显与减肥产品相关，突然出现高频重复的""防晒衣""属跨品类需求，用户可能因未看到预期商品而通过刷屏引起注意，或误入直播间后试图扭转话题导向自身需求。重复句式既体现迫切性，也暗示对当前讨论内容的不参与。）"
HJ20180908,健康养生,什么味,1,该用户可能在询问直播中提到的减肥产品的具体口味或气味。
HJ20180908,健康养生,拍了两单,0,该用户想表达的含义是：我已经下单购买了两份该产品。
HJ20180908,健康养生,"妹妹推荐我来的,她瘦了16斤",0,该用户想表达的含义是：因为亲友的推荐效果显著，所以对产品产生了信任和购买意向。
HJ20180908,健康养生,"红姐我一直喝你家减肥套餐已经减了46斤,推荐好多同事过来拍了",0,该用户想表达的含义是：作为长期使用产品的受益者，她不仅自己取得了显著效果，还主动向身边人推荐了这款减肥套餐。
HJ20180908,健康养生,我108斤156厘米,0,该用户想表达的含义是：询问自己的身高体重是否适合使用这款减肥产品。
HJ20180908,健康养生,男的可以用吗,1,该用户是在询问该产品是否适合男性使用。
HJ20180908,健康养生,正常吃饭?,1,该用户可能在询问产品是否会影响日常正常饮食或是否需要改变饮食习惯。
HJ20180908,健康养生,120斤,1,该用户想表达的含义是：询问自己目前的体重是否适合使用这款减肥产品。
HJ20180908,健康养生,"我姐姐让我过来拍的,她都减了35斤了",0,该用户想表达的含义是：因为姐姐使用该产品效果显著（减重35斤），所以自己也来下单购买。
HJ20180908,健康养生,17岁能喝不?,1,该用户是在询问产品是否适合未成年人饮用。
HJ20180908,健康养生,170斤产后,1,该用户想表达的含义是：自己产后体重170斤，想询问产品是否适合自己使用。
HJ20180908,健康养生,160斤,1,该用户想表达的含义是：询问自己当前的体重（160斤）是否适合使用这款减肥产品。
HJ20180908,健康养生,买几单,1,该用户想表达的含义是：我打算下单购买这个产品。
HJ20180908,健康养生,这一单内有芦荟胶囊,0,该用户想表达的含义是：我购买了包含芦荟胶囊的套餐。
HJ20180908,健康养生,这个连去年的怎么不一样来,1,该用户可能是在质疑当前展示的产品与去年版本存在差异，想确认是否有配方或包装上的改动。
HJ20180908,健康养生,开水行吧,1,该用户可能是在询问减肥套餐是否可以用开水冲泡饮用。
HJ20180908,健康养生,好喝吗味道怎么样,1,该用户是在询问产品的口感体验以评估是否值得购买。
HJ20180908,健康养生,货收到了怎么吃问客服也不回,0,该用户因购买了直播间的减肥产品，但收货后对食用方法有疑问却未能得到客服及时回应，感到不满和焦急。
HJ20180908,健康养生,我220斤会不会效果好,1,该用户是在询问自己体重较大（220斤）的情况下，使用该减肥产品的效果是否会明显。
HJ20180908,健康养生,姐姐105斤可以减?,1,该用户是在询问自己105斤的体重是否适合使用直播推荐的减肥产品。
HJ20180908,健康养生,咖啡可以兑牛奶喝吗,1,该用户可能在询问产品（可能是减肥咖啡）的饮用方式，以确认是否适合自己或增加口感接受度。
HJ20180908,健康养生,150斤,1,该用户想表达的含义是：询问自己目前的体重（150斤）是否适合使用该减肥产品。
HJ20180908,健康养生,"喝了减肥套餐2单了,减了18斤",0,该用户想表达的含义是：自己已经购买并使用了该减肥套餐且效果显著，以此间接推荐产品并增强其他观众的购买信心。
HJ20180908,健康养生,这么解释主播上火了[抱抱][抱抱][抱抱][抱抱][抱抱][抱抱][抱抱],0,该用户想表达的含义是：主播讲解产品时很卖力让人感动，用表情符号表达心疼和支持。
HJ20180908,健康养生,敏敏真吓人,0,该用户可能是对主播展示的减肥效果或产品功效感到惊讶或难以置信。
HJ20180908,健康养生,"这个套餐瘦的确实快,我都减了27斤了,在拍两单",0,该用户想表达的含义是：这个减肥套餐效果显著，自己已经成功减重27斤，打算再次购买以继续使用。
HJ20180908,健康养生,8盒能减多少?,1,该用户是在询问购买8盒产品能享受多少价格优惠。
HJ20180908,健康养生,露露好贵[捂脸],0,该用户觉得产品价格偏高，但语气中透露出对产品的关注和潜在购买意愿。
HJ20180908,健康养生,"我喝普通咖啡心慌,这个会不会有这种情况",1,该用户担心这款咖啡可能和普通咖啡一样导致心悸，想确认产品是否适合自己。
HJ20180908,健康养生,"我喝咖啡减了9斤,刚刚又拍了两单,加急发货",0,该用户想表达自己通过喝这款咖啡成功减重9斤后，出于对产品的信任和满意又追加购买了两单，并希望尽快收到货。
HJ20180908,健康养生,你家的不拉肚子我还减了22斤,0,该用户想表达的含义是：使用你们的产品后不仅没有不适反应，还成功减重了22斤。
HJ20180908,健康养生,"真的可以瘦,我减了18斤了",0,该用户想表达的含义是：这款产品确实有效果，自己使用后成功减重了不少。
HJ20180908,健康养生,"我减了16斤,确实好,让老公也喝了",0,该用户想表达的含义是：自己使用产品后成功减重16斤，认可效果并推荐给家人尝试。
HJ20180908,健康养生,"我拍了两单,我是来回购的",0,该用户想表达的含义是：我已经购买过该产品且效果满意，现在再次下单支持。
HJ20180908,健康养生,"我是刚生完孩子小肚子大,喝完两单肚子小了好多",0,该用户想表达自己产后腹部肥胖，在购买并饮用该产品后取得了明显的瘦身效果。
HJ20180908,健康养生,"125斤,拍几盒",1,该用户想询问自己体重125斤的情况下需要购买多少盒产品才能达到理想的减肥效果。
HJ20180908,健康养生,谁家的衣服,0,该用户可能在询问当前展示的服装品牌或商家信息，表达了对衣服的兴趣和购买意向。
HJ20180908,健康养生,99几盒,1,该用户想询问“99元可以买到几盒产品”。
HJ20180908,健康养生,咖啡啥味,1,该用户想询问这款咖啡产品的具体风味特点，可能是出于对口味是否符合个人偏好的考虑而产生了购买兴趣。
HJ20180908,健康养生,"你家减肥套餐确实好,我都减了31斤了,介绍了好多朋友过来拍了",0,该用户想通过分享自己的成功减重经历和主动推荐行为，间接表达对产品的强烈认可和复购意愿。
HJ20180908,健康养生,咖啡用多少度的水冲,1,该用户可能是对产品使用细节感兴趣，想了解冲泡咖啡的具体水温要求以优化饮用体验。
HJ20180908,健康养生,一盒几条?,1,"该用户想询问产品包装规格，以评估购买数量是否适合自己的需求。  （释义：结合直播间主题为减肥咖啡及高频出现的""拍几盒/减多少斤""等购买咨询语境，""一盒几条""本质是消费者在决策前对产品基础信息的确认，属于明确的购买意向信号。）"
HJ20180908,健康养生,说说喝法吧,1,该用户想了解产品的具体饮用方法或使用建议。
HJ20180908,健康养生,一天喝几袋,1,该用户是在询问产品（可能是减肥咖啡）的建议每日饮用剂量，表现出对使用方法和效果的关注。
HJ20180908,健康养生,怎么喝,1,该用户想询问这款减肥咖啡的具体饮用方法或冲泡方式。
HJ20180908,健康养生,"你家咖啡搭配喝减的真的很快,我减了28斤",0,该用户想表达的含义是：这款咖啡的减肥效果非常明显，自己已经成功减重28斤。
HJ20180908,健康养生,"又拍了一单,加急",0,该用户想表达的含义是：已经再次下单购买产品并要求尽快发货。
HJ20180908,健康养生,"116斤,能掉吗",1,该用户是在询问自己116斤的体重是否可以通过使用直播中推荐的减肥产品达到减重效果。
HJ20180908,健康养生,拍了加急发货,0,该用户想表达的含义是：已经下单并希望尽快收到商品。
HJ20180908,健康养生,你咋这种打扮?,0,该用户可能是在对主播的穿着或形象感到意外，试图通过调侃或询问的方式引起互动，而非直接表达购买兴趣。
HJ20180908,健康养生,"货收到了,现在喝中药调理身体的了,可以喝吗",1,该用户想询问自己正在服用中药调理身体的情况下，是否可以同时使用直播间售卖的产品。
HJ20180908,健康养生,身上衣服有吗?,0,该用户是在询问主播身上穿的衣服是否在售。
HJ20180908,健康养生,姐姐我105斤可以减?,1,该用户是在询问自己105斤的体重是否适合使用直播间推荐的减肥产品。
HJ20180908,健康养生,"按照你们的喝法喝减了17斤,太好了",0,该用户想表达的含义是：按照主播推荐的饮用方法成功减重了17斤，感到非常满意。
HJ20180908,健康养生,拍了三单让我老公和我一起喝,0,该用户想表达的含义是：我已经下单购买了三份产品，打算和丈夫一起饮用。  （结合前文语境，直播间在推销减肥或健康饮品，用户通过分享购买行为表达对产品的认可和积极使用意愿。）
HJ20180908,健康养生,"我就肚子大,别的都不胖,减肚子管用吗",1,该用户是在询问直播推荐的减肥产品是否针对局部减脂（尤其是腹部）有效，隐含对产品效果的关注和潜在的购买意向。
HJ20180908,健康养生,220斤要拍几单,1,该用户想表达的含义是：询问自己220斤的体重需要购买多少份产品才能达到预期效果。
HJ20180908,健康养生,红姐现在多少斤,0,该用户是在询问主播当前的体重变化情况，以此评估减肥产品的效果可信度。
HJ20180908,健康养生,"我减了13斤,肚子明显小了好多",0,该用户想表达的含义是：使用该产品后减肥效果显著，尤其是腹部有明显变化。
HJ20180908,健康养生,可以经常喝酒吗,1,该用户可能是在询问产品（如减肥饮品）是否可以与酒精同时摄入或饮酒是否会影响减肥效果。
HJ20180908,健康养生,血糖高能喝吗,1,该用户是在询问产品是否适合血糖偏高的人群饮用。
HJ20180908,健康养生,"妹妹推荐我来的,她瘦了16斤",0,该用户想表达的含义是：因为看到亲友的明显效果，所以对产品产生了信任和购买兴趣。
HJ20180908,健康养生,之前买的山药挺好的,0,该用户想表达的含义是：对之前购买的产品感到满意，可能有意再次购买或推荐给他人。
HJ20180908,健康养生,哺乳期可以用吗,1,该用户是在询问产品是否适合哺乳期女性使用，关注的是使用安全性和适用性。
HJ20180908,健康养生,晚饭不吃直接吃芦荟可以吗?,1,该用户可能在询问芦荟产品是否可以替代晚餐以达到减肥效果。
HJ20180908,健康养生,一天三餐吗,1,该用户可能在询问产品是否需要一天服用三次以达到减肥效果。
HJ20180908,健康养生,"喝了2单,减了33斤",0,该用户想表达的含义是：已经购买并饮用该产品两次，成功减重33斤。
HJ20180908,健康养生,124斤拍几单,1,该用户想询问自己体重124斤的情况下需要购买多少份产品才能达到预期减肥效果。
HJ20180908,健康养生,气血不足可以喝吗,1,该用户是在询问产品是否适合气血不足的人群饮用。
HJ20180908,健康养生,怕喝酒不,1,该用户可能是在询问产品是否适合怕喝酒或不能喝酒的人群使用。
HJ20180908,健康养生,"之前拍了好多其他产品都不行,就你家的让我减了20斤",0,该用户想表达的含义是：对比之前尝试的其他产品效果不佳，只有你们家的产品帮助我成功减重了20斤。
HJ20180908,健康养生,一天喝一条吗,1,该用户是在询问产品的每日推荐饮用剂量或使用频率。
HJ20180908,健康养生,吃东西用忌口吗,1,该用户想询问该产品在饮食方面是否有禁忌或需要注意的事项。
HJ20180908,健康养生,过敏体质能喝吗,1,该用户是在询问该产品是否适合过敏体质人群饮用，担心自身过敏问题可能影响使用效果或安全性。
HJ20180908,健康养生,咖啡粉用多少量水冲,1,该用户可能在询问产品（疑似减肥或保健类冲饮）的具体冲泡比例，以确认正确使用方法。
HJ20180908,健康养生,月经期能喝,0,该用户想询问该产品是否适合在生理期间饮用。
HJ20180908,健康养生,我139多斤怎么拍,1,该用户是在询问自己体重139斤的情况下应该购买多少份产品才能达到预期效果。
HJ20180908,健康养生,"相信你,拍了两单加急发货",0,该用户因信任主播或产品效果而果断下单，并希望尽快收到商品。
HJ20180908,健康养生,苦不苦咖啡,1,该用户可能在询问咖啡产品的口感是否苦涩，以判断是否符合自己的口味偏好。
HJ20180908,健康养生,冲咖啡是用冷水还是用热水,1,该用户想询问冲泡该款咖啡产品的具体水温要求，以确认正确的饮用方式。
HJ20180908,健康养生,记口不,1,该用户可能是在询问产品是否需要忌口或饮食限制。
HJ20180908,健康养生,有忌口吗,1,该用户是在询问产品使用时是否需要避免特定的饮食搭配或禁忌事项。
HJ20180908,健康养生,我拍了2单给我加急发货,0,该用户想表达自己已经下单购买了两件商品，并希望商家能够优先处理自己的订单尽快发货。
HJ20180908,健康养生,一单吃多久,1,该用户想询问购买一单产品能够使用多长时间。
HJ20180908,健康养生,咖啡苦吗,1,该用户想询问咖啡产品的口味是否苦涩，以评估是否符合自己的饮用偏好。
HJ20180908,健康养生,有试喝吗,1,该用户想询问产品是否提供试用体验以确认是否符合自己的口味或需求。
HJ20180908,健康养生,"婆婆喝这个咖啡减了14斤,今天又回购两单",0,该用户想表达的含义是：家人使用这款咖啡效果显著，出于信任再次下单购买。
HJ20180908,健康养生,姨妈期可以喝吗,1,该用户是在询问该产品是否适合在生理期间饮用。
HJ20180908,健康养生,"你可别拍了,你吃那一啥,吃肥肉拍啥呀?",0,该用户可能是在调侃或劝阻主播继续展示产品，认为主播自身并不需要或适合使用该产品（比如减肥咖啡），暗示其演示缺乏说服力。
HJ20180908,健康养生,经期能喝吗,1,该用户是在询问该产品是否适合在月经期间饮用。
HJ20180908,健康养生,"我拍了1单,能减几斤啊",1,该用户想询问购买一单产品后预计能达到的减肥效果。
HJ20180908,健康养生,咖啡用多少度的水冲,1,该用户想询问冲泡咖啡时的具体水温要求，以确认产品的使用细节是否符合自己的需求。
HJ20180908,健康养生,用控制食欲吗,1,该用户是在询问这款产品是否能帮助抑制食欲以达到减肥效果。
HJ20180908,健康养生,哺乳期能喝吗,1,该用户是在询问产品是否适合哺乳期女性饮用。
HJ20180908,健康养生,用吃食谱吗,1,该用户想询问这款产品是否需要配合特定的饮食控制来使用。
HJ20180908,健康养生,120斤怎么拍,1,该用户想询问自己体重120斤应该如何选择产品规格或使用方式以达到预期效果。
HJ20180908,健康养生,"我姐姐让我过来拍的,她都减了35斤了",0,该用户想表达的含义是：因为看到姐姐使用该产品效果显著，所以自己也决定下单购买。
HJ20180908,健康养生,一单能瘦几斤啊,1,该用户是在询问购买该产品后能达到的减肥效果，想了解使用一单产品能减掉多少体重。
HJ20180908,健康养生,"我106斤,一单减了7斤,确实不错,在拍一单",0,该用户想表达的意思是：自己体重106斤，购买一单产品后成功减重7斤，效果满意因此决定再次下单。
HJ20180908,健康养生,一天喝多少条,1,该用户是在询问每天需要饮用多少条（咖啡产品）才能达到预期效果。
HJ20180908,健康养生,月经期间能喝不,1,该用户是在询问该产品是否适合在生理期饮用。
HJ20180908,健康养生,"红姐我姐姐喝你家咖啡减了39斤,我今天也过来拍了",0,该用户想表达的意思是：因为看到亲友使用这款咖啡效果显著，自己也产生了信任并下单购买。
HJ20180908,健康养生,"我喝两单减了18斤,减的很满意",0,该用户想表达的含义是：通过购买并使用该产品达到了满意的减肥效果，因此对产品表示认可。
HJ20180908,健康养生,三餐不正常的可以吗,1,该用户是在询问产品是否适合饮食不规律的人群使用。
HJ20180908,健康养生,"效果真的很好,我已经减了11斤了",0,该用户想表达的含义是：这款产品确实有效，自己使用后取得了明显的减重效果。
HJ20180908,健康养生,拍了加急发货,0,该用户想表达的含义是：我已经下单并希望尽快收到商品。
HJ20180908,健康养生,一单能减几斤,1,该用户想询问购买一单产品后预计能达到的减肥效果。
HJ20180908,健康养生,"之前拍了好多其他产品都不行,就你家的让我减了20斤",0,该用户想表达的含义是：对比其他产品无效后，使用你家的产品取得了显著的减肥效果。
HJ20180908,健康养生,"喝了减肥套餐2单了,减了18斤",0,该用户想表达的含义是：自己已经购买了两份减肥套餐并成功减重18斤，对产品效果感到满意。
HJ20180908,健康养生,备孕经期三高都放心喝,0,该用户想表达的含义是：这款产品适合备孕、经期和三高人群饮用，可以放心购买。
HJ20180908,健康养生,"今天又回购了一单,加急",0,该用户想表达的是：自己已经是老顾客了，因为对产品效果满意而再次下单，并希望尽快收到货物。
HJ20180908,健康养生,能吃辣椒吗,1,该用户可能在询问产品是否适合对辣椒敏感或不能吃辣的人群使用。
HJ20180908,健康养生,"我姐姐喝了一单,减了不到八斤",0,该用户想表达的含义是：我姐姐购买了这款产品后瘦了接近八斤，效果不错。
HJ20180908,健康养生,早上不吃早餐的可以吗,1,该用户是在询问该减肥产品是否适合不规律吃早餐的人群使用。
HJ20180908,健康养生,早上兑这纯牛奶喝可以吗,1,该用户是在询问这款产品是否适合在早上搭配纯牛奶饮用。
HJ20180908,健康养生,忌口吗?忌口吗?,1,该用户是在询问该减肥产品是否有饮食禁忌或需要注意的食用限制。
HJ20180908,健康养生,"减肥咖啡确实好,我是老顾客,大家放心买",0,该用户想表达的含义是：以亲身使用经历推荐这款减肥咖啡，并鼓励其他观众放心购买。
HJ20180908,健康养生,"你家咖啡效果确实很明显,又回购了1单",0,该用户是在肯定产品的效果并分享自己的复购行为，以此进一步佐证产品的有效性并增强其他观众的购买信心。
HJ20180908,健康养生,105斤可以减?红姐,1,该用户是在询问自己体重105斤是否适合使用该减肥产品，并希望主播“红姐”给予建议。
HJ20180908,健康养生,"红姐我喝你家减肥咖啡都减了15斤了,今天再来拍一单",0,该用户想表达的含义是：通过使用该产品取得了显著减肥效果，因此决定再次购买以继续维持或增强效果。
HJ20180908,健康养生,我喝减肥套餐瘦了31斤,0,该用户想表达的含义是：使用该减肥产品后取得了显著效果，以此推荐或肯定产品的功效。
HJ20180908,健康养生,上身瘦大腿粗可以喝吗,1,该用户是在询问自己上身瘦但大腿粗的体型是否适合饮用这款减肥产品。
HJ20180908,健康养生,一日三餐正常吃饭吗?,1,该用户可能是在询问该减肥产品是否需要配合规律的三餐饮食才能有效。
HJ20180908,健康养生,我减了7斤了,0,该用户想表达的含义是：使用产品后已经取得了明显的减肥效果。
HJ20180908,健康养生,怎么喝,1,该用户想询问产品的具体饮用方法或使用方式。
HJ20180908,健康养生,冲咖啡是用冷水还是用热水,1,该用户可能在询问减肥咖啡的冲泡方式，以确认正确的饮用方法是否会影响产品的效果。
HJ20180908,健康养生,"我是特顽固体质喝完咖啡20天,减了11斤",0,该用户想表达的含义是：这款减肥咖啡对顽固体质效果显著，自己使用后减重明显。
HJ20180908,健康养生,这个会不会老上厕所,1,该用户可能是在询问产品的利尿效果或是否会导致频繁排尿的副作用。
HJ20180908,健康养生,羊头吗,0,该用户可能在询问直播中提到的产品是否真实有效或是否存在虚假宣传。
HJ20180908,健康养生,丫头吃几个羊头了,0,该用户可能在询问主播或其他人已经吃了多少份产品（“羊头”可能是对某种商品的戏称或口误），以此评估产品的受欢迎程度或效果。
HJ20180908,健康养生,"我滴天还吃呢,吃多少啊[羞涩]",0,该用户是在调侃主播频繁展示或推荐食品（如羊头），既表达了对直播内容的关注，又用戏谑口吻暗示“吃得太多”，同时[羞涩]表情透露出善意玩笑的互动意图。
HJ20180908,健康养生,拍了加急,0,该用户想表达的含义是：我已经下单并选择了加急配送服务。
HJ20180908,健康养生,"我也是老顾客,买了好多单真的很好",0,该用户想表达的含义是：作为多次回购的忠实客户，我对产品效果非常满意并认可其品质。
HJ20180908,健康养生,减20斤要几盒,1,该用户是在询问需要购买多少盒产品才能达到减重20斤的效果。
HJ20180908,健康养生,"马上喝完第二单,减了23斤",0,该用户想表达的含义是：已经通过连续购买并使用该减肥产品成功减重23斤，准备再次回购。
HJ20180908,健康养生,肝不好能喝吗?,1,该用户是在询问产品是否适合肝功能不佳的人群饮用，以评估自身是否适合购买。
HJ20180908,健康养生,怎么吃,1,该用户可能是在询问减肥咖啡的具体食用方法或服用注意事项。
HJ20180908,健康养生,咖啡苦不,1,该用户可能是在询问咖啡的口感是否苦涩，以判断是否符合自己的口味偏好。
HJ20180908,健康养生,经期可以喝吗,1,该用户是在询问该减肥产品是否适合在生理期间饮用。
HJ20180908,健康养生,有颈椎病可以喝吗,1,该用户是在询问产品是否适合颈椎病患者饮用，隐含对产品安全性和适用性的关切。
HJ20180908,健康养生,真的可以瘦吗,1,该用户是在询问产品的减肥效果是否真实可靠。
HJ20180908,健康养生,你家咖啡比我喝其他家减的都多,0,该用户想表达的含义是：这款咖啡的减肥效果比其他品牌更明显。
HJ20180908,健康养生,拍了怎么喝,1,该用户想询问购买后产品的具体饮用方法或使用步骤。
HJ20180908,健康养生,不苦吗?,1,该用户是在询问这款减肥咖啡的口感是否苦涩。
HJ20180908,健康养生,"我喝咖啡减12斤了,又回购了",0,该用户想表达的含义是：这款咖啡的减肥效果显著，自己已经通过饮用成功减重并再次购买。
HJ20180908,健康养生,要兑多少水,1,该用户是在询问冲泡这款减肥咖啡时所需的水粉比例或具体稀释方法。
HJ20180908,健康养生,拍了拍了,0,该用户想表达的含义是：我已经下单购买了这款产品。
HJ20180908,健康养生,"第1单咖啡减了9斤,第2单开始喝起来",0,该用户想表达的含义是：第一次购买这款咖啡后成功减重9斤，现在开始回购第二单准备继续饮用。
HJ20180908,健康养生,"横竖150,拍几单合适",1,"该用户是在询问产品规格为""横竖150""的情况下，自己应该购买多少数量比较合适。"
HJ20180908,健康养生,头发什么颜色[玫瑰][玫瑰][玫瑰][玫瑰][玫瑰][玫瑰],0,该用户可能在询问主播头发染的是什么颜色，并附上玫瑰表情表达喜爱或赞美之意。
HJ20180908,健康养生,要忌嘴吗?,1,该用户是在询问该产品是否需要忌口或饮食禁忌。
HJ20180908,健康养生,一盒是喝20天吗,1,该用户是在询问产品的使用周期和消耗量，以评估购买后的实际需求和性价比。
HJ20180908,健康养生,一直在喝你咖啡,0,该用户想表达的含义是：我是你们咖啡产品的长期使用者，对其效果表示认可。
HJ20180908,健康养生,咖啡温水还是开水冲,1,该用户是在询问冲泡咖啡时的水温选择，想了解用温水还是开水更合适。
HJ20180908,健康养生,可以喝酒吗,1,该用户是在询问直播推销的产品（可能是具有减肥功效的咖啡或饮品）是否允许在饮酒期间饮用。
HJ20180908,健康养生,"我喝1单,瘦了10斤",0,该用户想表达的含义是：自己购买了这款产品并体验后取得了显著的减肥效果。
HJ20180908,健康养生,已拍加急,0,该用户想表达的含义是：我已经下单并且选择了加急配送服务。
HJ20180908,健康养生,刚进来麻烦告诉一下咋喝,1,该用户想询问购买后产品的具体饮用方法和注意事项。
HJ20180908,健康养生,这头发真不好看,0,该用户可能是在吐槽主播的发型或发色不符合自己的审美，而非对产品本身表达不满。
HJ20180908,健康养生,为什么我窜稀拉肚子呢,0,该用户可能是在询问直播中推荐的咖啡产品是否会导致腹泻等不适反应，以评估产品的安全性和适用性。
HJ20180908,健康养生,"红姐我姐姐喝你家咖啡减了39斤,我今天也过来拍了",0,该用户想表达的含义是：因为看到亲友使用这款咖啡有明显减肥效果，所以自己也决定下单购买尝试。
HJ20180908,健康养生,"马上喝完第二单,减了23斤",0,该用户想表达的含义是：自己已经喝完第一单产品并成功减重23斤，现在准备再次下单购买。
HJ20180908,健康养生,"红姐我一直喝你家减肥套餐已经减了46斤,推荐好多同事过来拍了",0,该用户想表达的含义是：作为长期使用产品的受益者，她通过自身显著效果积极带动周围人购买，以此证明产品的有效性和口碑传播力。
HJ20180908,健康养生,多久见效,1,该用户想询问产品的使用效果需要多长时间才能显现。
HJ20180908,健康养生,肚子大,0,该用户可能是在询问或抱怨减肥咖啡是否会导致腹胀等副作用。
HJ20180908,健康养生,晚饭十点吃能瘦吗,1,该用户可能在询问产品使用时间对减肥效果的影响，想了解晚上饮用减肥咖啡是否会影响瘦身效果。
HJ20180908,健康养生,今天买鸡肉松花蛋肠吗,1,该用户是在询问直播间当前是否在售卖鸡肉松花蛋肠这款产品。
HJ20180908,健康养生,"喝咖啡一单减了15斤了,确实好",0,该用户想表达的意思是：购买并饮用了这款咖啡后，自己成功减重了15斤，效果确实不错。
HJ20180908,健康养生,饭前喝吗,1,该用户是在询问产品（可能是减肥咖啡）是否适合在饭前饮用。
HJ20180908,健康养生,"我老公减了14斤,肚子明显小了好多",0,该用户想表达的含义是：这款产品效果显著，家人使用后体重明显下降且体型改善。
HJ20180908,健康养生,"咖啡不苦,芦荟口服",0,该用户想表达的含义是：这款咖啡口感不苦涩，搭配芦荟口服液效果不错。
HJ20180908,健康养生,"我拍了1单,能减几斤啊",1,该用户想表达的含义是：想知道购买一单产品后能达到的减肥效果。
HJ20180908,健康养生,头发什么颜色[玫瑰][玫瑰][玫瑰][玫瑰][玫瑰][玫瑰][玫瑰],0,该用户想表达的含义是：询问主播头发的具体颜色并表达喜爱和赞美之情。
HJ20180908,健康养生,芦荟饭前还是饭后吃,1,该用户是在询问芦荟产品的具体服用时间，以确认如何配合饮食达到最佳效果。
HJ20180908,健康养生,一天就喝一次吗?,1,该用户可能在询问产品的每日推荐饮用频率，以确认使用方式是否适合自己。
HJ20180908,健康养生,"我拍了两单,我是来回购的",0,该用户想表达的含义是：我已经购买过该产品并体验良好，现在再次下单支持。
HJ20180908,健康养生,想减200斤要拍几单,1,该用户是在询问需要购买多少份产品才能达到减重200斤的效果，表达了对产品的购买意向和效果预期。
HJ20180908,健康养生,一单吃几天,1,该用户想表达的含义是：购买这一单的产品可以满足好几天的使用需求。
HJ20180908,健康养生,一直喝你家咖啡,0,该用户想表达的含义是：长期购买并饮用你们家的咖啡产品，对其效果表示认可或习惯性消费。
HJ20180908,健康养生,我用开水冲咖啡,0,该用户想表达的含义是：咨询冲泡咖啡的正确方法以配合减肥效果。
HJ20180908,健康养生,我拍了2单给我加急发货,0,该用户想表达自己已经下单购买了两份产品，并希望商家能优先处理自己的订单尽快发货。
HJ20180908,健康养生,"马上喝完一单了,真没想到减了10斤,又拍了2单",0,该用户想表达的含义是：自己通过使用该产品已经成功减重10斤，出于对效果满意而再次下单购买。
HJ20180908,健康养生,"晚上饭后,还是睡前吃",1,该用户是在询问产品的具体服用时间，想知道是在晚餐后还是睡前服用效果更好。
HJ20180908,健康养生,丫头吃几个羊头了,0,该用户可能在询问主播或其他人已经购买并使用了多少份产品（“羊头”可能是对产品数量的戏称或口误），以评估产品的效果或参考购买量。
HJ20180908,健康养生,"我是刚生完孩子小肚子大,喝完两单肚子小了好多",0,该用户想表达自己产后腹部肥胖问题通过使用产品得到了明显改善，并暗示对产品效果的认可和满意。
HJ20180908,健康养生,早上可以喝两条咖啡吗,1,该用户可能在询问咖啡的每日推荐饮用剂量，以确认是否适合自己当前的减肥或保健需求。
HJ20180908,健康养生,我喝了3单减了36斤今天又来回购两单,0,该用户想表达的含义是：自己之前购买并使用了该产品后效果显著（减重36斤），因此再次下单以继续使用。
HJ20180908,健康养生,"回购2单,已经减了8斤",0,该用户想表达自己通过重复购买该产品并持续使用后，成功减重8斤，对产品效果感到满意。
HJ20180908,健康养生,喝了影响睡眠吗,1,该用户是在询问该产品是否含有影响睡眠的成分或副作用，担心饮用后可能导致失眠或睡眠质量下降。
HJ20180908,健康养生,"你吃吧,吃吃吃你肥肥胖",0,该用户可能在调侃主播或产品效果，暗示“尽管吃吧，反正会变胖”，带有戏谑或反讽的语气。
HJ20180908,健康养生,"我喝1单,瘦了10斤",0,该用户想表达的含义是：购买并服用了这款产品后，自己成功减重了10斤。
HJ20180908,健康养生,今天打办的有点像外国妞,0,该用户可能是在调侃主播的妆容风格与平时不同，带有异域风情。
HJ20180908,健康养生,"我正常吃饭,一单减了12斤",0,该用户想表达的含义是：按照常规饮食配合产品使用后，成功减重了12斤。
HJ20180908,健康养生,我觉得也好看,0,该用户可能被直播间的产品效果或展示所吸引，暗示自己也有购买意向。
HJ20180908,健康养生,"你家减肥套餐确实好,我都减了31斤了,介绍了好多朋友过来拍了",0,该用户想表达的含义是：自己使用产品后效果显著并主动推荐给他人，以此证明产品的有效性并间接鼓励其他观众购买。
HJ20180908,健康养生,我觉得好看,0,该用户可能是被直播间的产品或效果展示吸引，表达了对商品外观或使用效果的认可与兴趣。
HJ20180908,健康养生,你头发颜色漂亮叫什么颜色,0,该用户对主播的发色产生了兴趣，可能是出于个人审美喜好或想尝试类似造型，间接询问染发产品的具体色号信息。
HJ20180908,健康养生,"相信你,拍了两单加急发货",0,该用户因信任主播或产品效果，已下单购买两份并要求加快配送速度。
HJ20180908,健康养生,"你染的像个红马一样,马是个人啊,纯红马都打人了,演那玩意儿",0,该用户可能在调侃主播的发型颜色过于鲜艳夸张，并用戏谑的语气暗示这种造型显得滑稽可笑。
HJ20180908,健康养生,挺好看的[666][666][666],0,该用户想表达的含义是：对直播中展示的商品或主播的造型表示赞赏和认可。
HJ20180908,健康养生,"婆婆喝这个咖啡减了14斤,今天又回购两单",0,该用户想表达的含义是：因为看到家人使用这款咖啡减肥效果显著，自己也产生了信任并进行了复购。
HJ20180908,健康养生,月经的时候也可以正常喝么,1,该用户可能是在询问该产品是否适合在生理期期间饮用，担心特殊时期的使用安全性或效果。
HJ20180908,健康养生,真能减肥吗,1,该用户是在质疑产品的减肥效果，想确认是否真能达到宣传的减重效果。
HJ20180908,健康养生,好看啊,0,该用户想表达的含义是：对主播的造型或展示的商品外观表示赞赏和喜爱。
HJ20180908,健康养生,拍了加急发货,0,该用户想表达的含义是：已经下单并希望尽快收到商品。  （结合前文语境，直播间主题为减肥产品，弹幕中多次出现“回购”“减了X斤”等购买和效果反馈，用户“拍了加急发货”动机明确，既确认购买行为，又强调对商品的急切需求，符合直播间内其他用户积极下单的消费氛围。）
HJ20180908,健康养生,挺好看的,0,该用户是在对主播的外貌或造型表示赞赏和认可。
HJ20180908,健康养生,"马上喝完一单了,真没想到减了10斤,又拍了2单",0,该用户想表达的含义是：自己使用该产品后成功减重10斤，出于满意和信任又追加购买了两份。
HJ20180908,健康养生,咖啡用开水冲的吗,1,该用户可能是在询问冲泡咖啡的具体方法，以确认产品使用方式是否符合自己的需求或习惯。
HJ20180908,健康养生,"已拍,加急",0,该用户想表达的含义是：我已经下单购买了商品，并且要求尽快发货。
HJ20180908,健康养生,"我106斤,一单减了7斤,确实不错,在拍一单",0,该用户想表达的含义是：自己使用产品后减重效果明显，打算再次下单购买。
HJ20180908,健康养生,"我出月子就开始喝了,2单减了17斤",0,该用户想表达的含义是：这款产品效果显著，自己在产后饮用后成功减重并打算继续购买。
HJ20180908,健康养生,"按照你们的喝法喝减了17斤,太好了",0,该用户想表达的含义是：自己按照直播推荐的饮用方法成功减重了17斤，感到非常满意和高兴。
HJ20180908,健康养生,"我喝你家的咖啡减了43斤,现在我身边的朋友都在喝",0,该用户想表达的含义是：这款咖啡的减肥效果非常显著，不仅自己成功减重，还带动了周围朋友一起购买。
HJ20180908,健康养生,"我喝你们这个减肥套餐一单了,减了9斤了",0,该用户想表达的含义是：使用该减肥产品后效果显著，已成功减重并认可其效果。
HJ20180908,健康养生,"我减下来了,现在我身边好多人都在跟着我一起喝",0,该用户想表达的含义是：自己通过使用产品成功减肥，并带动了周围朋友一起购买尝试。
HJ20180908,健康养生,早上可以喝两条咖啡吗,1,该用户可能在询问咖啡的饮用频率是否安全有效，隐含对产品效果的关注和潜在的购买意向。
HJ20180908,健康养生,"我喝咖啡套餐减了22斤,现在男朋友也跟我一起喝",0,该用户想表达的含义是：这款咖啡减肥效果显著，不仅自己成功减重，还带动了身边的人一起购买使用。
HJ20180908,健康养生,"我拍了两单,我是来回购的",0,该用户想表达的含义是：自己已经是老顾客了，出于对产品的信任和满意再次购买了同样的商品。
HJ20180908,健康养生,"马上喝完第二单,减了23斤",0,该用户想表达的是：自己已经喝完第一单产品并成功减重23斤，现在正在回购第二单。
HJ20180908,健康养生,芦荟饭前吃吗,1,该用户是在询问芦荟产品是否适合在饭前食用，表现出对产品使用方法的关注和潜在的购买意向。
HJ20180908,健康养生,"红姐我姐姐喝你家咖啡减了39斤,我今天也过来拍了",0,该用户想表达的含义是：我因为看到姐姐喝这款咖啡成功减肥的效果显著，所以也下单购买了。
HJ20180908,健康养生,我拍了2单给我加急发货,0,该用户想表达自己已经下单购买了两件商品，并希望商家能够优先处理自己的订单尽快发货。
HJ20180908,健康养生,"拍了一单,能减几斤",1,该用户想表达的含义是：已经下单购买了产品，询问使用后预计能达到多少减肥效果。
HJ20180908,健康养生,苦不苦咖啡,1,该用户可能在询问这款减肥咖啡的味道是否苦涩，隐含对产品口感的关注和潜在的购买犹豫。
HJ20180908,健康养生,"喝咖啡一单减了15斤了,确实好",0,该用户想表达的含义是：自己通过购买并饮用该减肥咖啡成功减重15斤，对产品效果感到满意并给予肯定。
HJ20180908,健康养生,我喝了三单减了7斤,0,该用户想表达的是：自己已经购买了三次这款产品，成功减掉了7斤体重。
HJ20180908,健康养生,"165斤,拍了两单哈",0,该用户想表达的含义是：自己体重165斤，因为看到其他人分享的减肥效果不错，所以下单购买了两份产品尝试。
HJ20180908,健康养生,和之前一样嘛,1,该用户可能是在确认当前推荐的减肥产品或套餐是否与之前其他用户反馈效果良好的同款产品一致。
HJ20180908,健康养生,120拍几单想掉10斤,1,该用户想表达的含义是：自己体重120斤，询问需要购买多少单产品才能达到减重10斤的效果。
HJ20180908,健康养生,咖啡苦不苦,1,该用户是在询问咖啡的口感是否苦涩，可能对产品味道有顾虑或想确认是否符合个人口味偏好。
HJ20180908,健康养生,回购了五单加急,0,该用户想表达的含义是：已经多次购买该产品并希望尽快收到货。
HJ20180908,健康养生,"减肥咖啡确实好,我是老顾客,大家放心买",0,该用户想表达的含义是：作为长期使用者，他认可这款减肥咖啡的效果并推荐给其他观众以增强购买信心。
HJ20180908,健康养生,我喝完一单减了7斤多,0,该用户想表达的意思是：我购买了这款减肥产品并喝完一单后，成功减重了7斤多。
HJ20180908,健康养生,麻烦告诉一下咋喝,1,该用户想询问产品的具体饮用方法或使用说明。
HJ20180908,健康养生,我喝减肥套餐瘦了31斤,0,该用户想表达的含义是：使用这款减肥产品后取得了显著效果，以此证明产品的有效性并可能带动他人购买。
HJ20180908,健康养生,中午喝吗,1,该用户可能在询问产品的饮用时间，想知道中午是否适合饮用这款减肥咖啡。
HJ20180908,健康养生,红姐我拍了一单,0,该用户想表达的含义是：我已经下单购买了这款产品。
HJ20180908,健康养生,介绍一下套餐呗,1,该用户想了解直播中提到的减肥套餐的具体内容和购买方式。
HJ20180908,健康养生,"拍了一单,加急发货",0,该用户已经下单购买并希望商家尽快安排发货。
HJ20180908,健康养生,"活动太划算了,我又回购了两单",0,该用户想表达的含义是：促销活动优惠力度大，自己已经再次下单购买。
HJ20180908,健康养生,120瘦到90斤建议买几单,1,该用户想询问自己当前体重120斤，如果想减到90斤需要购买多少份产品才能达到目标效果。
HJ20180908,健康养生,我也是马上喝完两单减了14斤多,0,该用户想表达的含义是：自己购买并饮用了该减肥产品后已经成功减重超过14斤。
HJ20180908,健康养生,"求良心话,真的管用吗?",1,该用户是在询问产品的实际效果是否真如其他买家所说的那么显著，希望得到真实可信的反馈。
HJ20180908,健康养生,拍了拍了,0,该用户想表达的含义是：我已经下单购买了这款减肥咖啡。
HJ20180908,健康养生,"我老公减了14斤,肚子明显小了好多",0,该用户通过分享家人使用产品的显著效果，间接表达了对产品的认可和潜在购买意向。
HJ20180908,健康养生,血压高能喝吗,1,该用户是在询问该产品是否适合高血压人群饮用。
HJ20180908,健康养生,拍了一单,0,该用户想表达的含义是：我已经下单购买了这款产品。
HJ20180908,健康养生,备孕期可以喝吗,1,该用户是在询问该产品是否适合备孕期间饮用，以评估其安全性和适用性。
HJ20180908,健康养生,身高170240斤一单能减多少,1,该用户想询问自己身高170厘米、体重240斤的情况下，购买一单该减肥产品能减掉多少体重。
HJ20180908,健康养生,我133斤直接拍了两单,0,该用户想表达的含义是：自己体重133斤，看到产品效果显著后直接下单购买了两份。
HJ20180908,健康养生,一单吃几天啊,1,该用户是在询问购买一单产品能够维持多少天的使用量。
HJ20180908,健康养生,喝二倍的量是不是减肥更快呀[玫瑰][玫瑰][玫瑰],0,该用户是在询问加倍服用减肥产品是否能加速瘦身效果，表现出对产品效果的关注和潜在的购买意向。
HJ20180908,健康养生,燃烧脂肪的时候身上难受不,1,该用户可能是在询问减肥产品的使用体验，担心服用后身体会出现不适反应。
HJ20180908,健康养生,"对身体有伤害吗,你们自己喝吗",1,该用户是在担忧产品的安全性，并质疑商家是否真正信任自家产品。
HJ20180908,健康养生,一单是几天的量,1,该用户是在询问产品单份包装的使用时长，以评估购买后的实际需求量和性价比。
HJ20180908,健康养生,一直在喝你咖啡,0,该用户想表达的含义是：我是这款咖啡的老顾客，持续在饮用并关注效果。
HJ20180908,健康养生,我也是马上喝完两单减了14斤多,0,该用户想表达自己通过购买并饮用该产品两单后成功减重14斤，以此佐证产品的有效性并隐含推荐意味。
HJ20180908,健康养生,一单能吃几天,1,该用户是在询问购买的产品（可能是减肥类食品或饮品）的单份包装能够满足多少天的使用量。
HJ20180908,健康养生,芦荟是晚饭前吃还是饭后吃,1,该用户是在询问产品（芦荟相关饮品）的具体服用时间，以确认如何配合饮食安排来达到最佳效果，隐含对产品功效的关注和潜在购买意向。
HJ20180908,健康养生,"喝了减肥套餐2单了,减了18斤",0,该用户想表达的含义是：自己通过购买并使用该减肥产品取得了显著效果，以此间接推荐或验证产品的有效性。
HJ20180908,健康养生,"我姐姐喝了一单,减了不到八斤",0,该用户想表达的含义是：我姐姐购买了这个产品后体重有所下降，但效果没有其他人明显。
HJ20180908,健康养生,经期可以喝吗?,1,该用户是在询问该减肥产品是否适合经期女性饮用，担心特殊生理期使用可能存在健康风险。
HJ20180908,健康养生,一天喝几次,1,该用户想询问产品的每日建议饮用次数以评估使用效果或安排饮用计划。
HJ20180908,健康养生,我第二单马上喝完.减掉24斤,0,该用户想表达的含义是：我已经喝完第二单产品并成功减重24斤。
HJ20180908,健康养生,"我喝咖啡减了9斤,刚刚又拍了两单,加急发货",0,该用户想表达的含义是：自己通过饮用该产品成功减肥后，出于信任和满意再次下单并希望尽快收到货。  （解析：结合前文弹幕中频繁出现的减肥效果、复购行为（如“拍了两单”“减了14斤”）以及发货相关诉求，可推断该用户的核心动机是分享产品有效性并强调其主动复购的积极行为，同时隐含对产品的认可和急迫使用需求。）
HJ20180908,健康养生,喝上几条开始感觉减上了?,1,该用户想询问的是：“需要连续服用多少份产品才能感受到明显的减肥效果？”
HJ20180908,健康养生,"喝了一单,减快9斤,很满意",0,该用户想表达的意思是：购买并使用了产品后减重效果明显，对效果感到满意。
HJ20180908,健康养生,"之前拍了好多其他产品都不行,就你家的让我减了20斤",0,该用户想表达的含义是：对比其他产品无效后，对你们家产品的显著效果表示认可和满意。
HJ20180908,健康养生,"喝咖啡一单减了15斤了,确实好",0,该用户想表达的含义是：使用这款咖啡减肥效果显著，自己通过购买一单成功减重15斤，对产品效果感到满意和认可。
HJ20180908,健康养生,一盒有几包,1,该用户是在询问产品包装规格，以评估购买数量是否适合自己的使用需求。
HJ20180908,健康养生,"我61岁,喝完你的两单咖啡掉了19斤很满意",0,该用户想表达的含义是：自己通过购买并饮用该产品成功减重，对效果感到满意并间接推荐给其他观众。
HJ20180908,健康养生,"我喝了没大管用,分体质吧",0,该用户想表达的含义是：这款产品对我效果不明显，可能是个人体质原因导致的。
HJ20180908,健康养生,"喝不到两单减了16斤,太好了又来回购了2单",0,该用户想表达的含义是：自己购买并饮用了两单产品后成功减重16斤，对效果非常满意因此再次回购了两单。
HJ20180908,健康养生,小孩能喝吗,1,该用户是在询问产品是否适合儿童饮用，可能出于家长对产品安全性的考虑或想为孩子购买。
HJ20180908,健康养生,"我之前喝过很多家产品都拉肚子,就你家的不拉肚子,我还减了26斤",0,该用户想表达的含义是：对比其他品牌后认可该产品的效果，既解决了肠胃不适问题又实现了显著减肥效果。
HJ20180908,健康养生,总喝酒可以吗,1,该用户可能是在询问长期饮酒是否会影响当前直播推荐的减肥产品的效果或安全性。
HJ20180908,健康养生,跟原来的不一样了,0,该用户可能是在对比产品效果或体验，暗示当前产品的使用感受与之前不同，可能是效果差异或口味变化。
HJ20180908,健康养生,20天以后看结果吗,1,该用户可能是在询问产品的见效周期，想确认是否坚持使用20天后能看到明显的减肥效果。
HJ20180908,健康养生,大橙子喝的哪个产品?,1,该用户可能在询问主播正在饮用的具体产品名称，以判断是否适合自己购买尝试。
HJ20180908,健康养生,备孕可以喝吗,1,该用户是在询问产品是否适合备孕期间饮用，关注点在于产品的安全性和适用人群。
HJ20180908,健康养生,我喝完一单减了18斤,0,该用户想表达的含义是：这款产品效果显著，自己购买使用后成功减重了18斤。
HJ20180908,健康养生,我139多斤怎么拍,1,该用户想表达的含义是：询问自己体重139斤应该选择哪个规格或购买方案。
HJ20180908,健康养生,吃钙期间可以喝吗,1,该用户是在询问服用钙片期间是否可以同时饮用直播间推销的减肥咖啡产品。
HJ20180908,健康养生,"减的确实很快,一单我减了22斤",0,该用户想表达的是：这款产品减肥效果显著，自己使用后成功减重了22斤。
HJ20180908,健康养生,"我一单减了25斤,还不拉肚子,特别好",0,该用户想表达的含义是：使用该产品后减肥效果显著且无副作用，对效果非常满意。
HJ20180908,健康养生,一单几天的量,1,该用户可能在询问购买一单产品能够满足多少天的使用量。
HJ20180908,健康养生,"拍了一单,能减几斤",1,该用户是在询问购买产品后预计能达到的减重效果。
HJ20180908,健康养生,一条咖啡放多少水,1,该用户想询问冲泡这款减肥咖啡时所需的具体水量比例。
HJ20180908,健康养生,"我拍了两单,我是来回购的",0,该用户想表达的含义是：我已经购买过该产品并对其效果满意，现在再次下单支持。
HJ20180908,健康养生,就您这样吃可以减肥吗?,1,该用户可能是在询问主播的食用方式是否能有效达到减肥效果，暗示对产品功效的潜在兴趣和求证心理。
HJ20180908,健康养生,"活动太划算了,我又回购了两单",0,该用户认为促销活动优惠力度大，出于对产品效果的认可进行了重复购买。
HJ20180908,健康养生,"按照你们的喝法喝减了17斤,太好了",0,该用户想表达的含义是：通过按照直播推荐的饮用方法使用产品，自己成功减重了17斤，感到非常满意。
HJ20180908,健康养生,心脏不好可以吃么,1,该用户是在询问该产品是否适合有心脏健康问题的人群食用。
HJ20180908,健康养生,"之前拍了好多其他产品都不行,就你家的让我减了20斤",0,该用户想表达的含义是：对比其他品牌效果不佳后，使用你家产品取得了显著的减肥效果。
HJ20180908,健康养生,一单可以吃20天吗,1,该用户想表达的含义是：购买这一单的产品是否足够使用20天。
HJ20180908,健康养生,怎么喝,1,该用户想询问产品的具体饮用方法或冲泡方式。
HJ20180908,健康养生,不运动也能减下来吗,1,该用户想表达的含义是：想知道这款产品是否适合不运动的人群也能达到减肥效果。
HJ20180908,健康养生,"你家减肥套餐确实好,我都减了31斤了,介绍了好多朋友过来拍了",0,该用户想表达的含义是：高度认可产品的减肥效果并已主动推荐给亲友购买。
HJ20180908,健康养生,一直在喝你咖啡,0,该用户想表达的含义是：我是你们咖啡产品的长期忠实顾客。
HJ20180908,健康养生,需要注意饮食吗,1,该用户可能是在询问该产品是否需要配合特定的饮食控制才能达到减肥效果。
HJ20180908,健康养生,怎么用,1,该用户想询问产品的具体使用方法或操作步骤。
HJ20180908,健康养生,饭可以正常吃吗,1,该用户可能在询问使用该减肥产品期间是否需要严格控制饮食，担心正常吃饭会影响减肥效果。
HJ20180908,健康养生,"不到一单,我减了8斤",0,该用户想表达的含义是：购买并使用该产品后，自己成功减重了8斤。
HJ20180908,健康养生,两单有优惠吗,1,该用户想询问购买两单产品是否能享受额外的折扣优惠。
HJ20180908,健康养生,"我是特顽固体质喝完咖啡20天,减了11斤",0,该用户想表达的含义是：这款咖啡的减肥效果显著，连我这种很难瘦下来的体质都在短期内成功减重了。
HJ20180908,健康养生,哺乳期可以喝吗,1,该用户是在询问产品是否适合哺乳期女性使用，隐含对产品安全性的关注和潜在的购买意向。
HJ20180908,健康养生,怎么吃,1,该用户想询问产品的具体食用方法或使用方式。
HJ20180908,健康养生,买了没感觉好使,0,该用户想表达的含义是：购买了产品但觉得效果不明显。
HJ20180908,健康养生,"蛋,咸吗?",1,该用户可能在询问产品的咸度是否适合自己口味或健康需求。
HJ20180908,健康养生,我也想吃,1,该用户想表达的含义是：我对直播中展示的产品产生了兴趣，也想尝试购买食用。
HJ20180908,健康养生,红姐吃的香,0,该用户想表达的含义是：看到主播（红姐）吃得很享受，自己也对产品产生了兴趣。
HJ20180908,健康养生,一单快喝完了减了8斤,0,该用户想表达的含义是：按照推荐的方法饮用产品后，自己已经减掉了8斤体重，目前一单产品快消耗完了。
HJ20180908,健康养生,一单能吃多久,1,该用户想询问购买一份产品能够满足多长时间的食用需求。
HJ20180908,健康养生,"我122斤,拍几单?",1,该用户是在询问自己的体重（122斤）适合购买多少份量的减肥产品。
HJ20180908,健康养生,感觉吃的好香,0,该用户被直播中展示的食品效果吸引，产生了尝试购买的意愿。
HJ20180908,健康养生,我减了7斤了,0,该用户想表达的含义是：使用该产品后已经取得了明显的减肥效果。
HJ20180908,健康养生,"相信你,拍了两单加急发货",0,该用户因信任主播且受其他买家正面反馈的鼓舞，决定下单并希望尽快收到商品。
HJ20180908,健康养生,一单能减几斤,1,该用户想询问购买一份减肥产品后大概能减掉多少体重。
HJ20180908,健康养生,"喝了一单,减快9斤,很满意",0,该用户想表达的含义是：购买并饮用产品后成功减重近9斤，对效果感到满意。
HJ20180908,健康养生,中午没有了?,1,该用户是在询问直播中促销的商品是否已经售罄或活动是否已经结束。
HJ20180908,健康养生,"一直喝你家咖啡,今天太划算了,抢了4单",0,该用户想表达的含义是：作为老顾客觉得本次促销力度很大，果断下单囤货。
HJ20180908,健康养生,我133斤直接拍了两单,0,该用户想表达的含义是：根据自身体重和产品效果，果断下单购买了两份商品。
HJ20180908,健康养生,备孕可以喝吗,1,该用户是在询问产品是否适合备孕期间饮用，表现出对产品安全性和适用性的关注。
HJ20180908,健康养生,拍了拍了,0,该用户想表达的含义是：已经下单购买了产品。
HJ20180908,健康养生,"减肥咖啡确实好,我是老顾客,大家放心买",0,该用户想表达的含义是：作为长期回购的消费者，他认可这款减肥咖啡的效果并推荐给其他观众购买。
HJ20180908,健康养生,"我拍你家的咖啡了,怎么喝才能瘦",1,该用户想表达的含义是：已经购买了这款咖啡，询问正确的饮用方法以达到减肥效果。
HJ20180908,健康养生,53岁能喝吗,1,该用户是在询问这款产品是否适合53岁的人群饮用。
HJ20180908,健康养生,你家咖啡比我喝其他家减的都多,0,该用户想表达的含义是：相比其他品牌，你们家的咖啡减肥效果更明显。
HJ20180908,健康养生,"喝一个月减了13斤,继续喝",0,该用户想表达的含义是：使用该产品一个月后成功减重13斤，决定继续坚持使用。
HJ20180908,健康养生,125拍几单,1,该用户想表达的含义是：我体重125斤，需要购买多少份产品才能达到理想的减肥效果。
HJ20180908,健康养生,喝了跟你们这样吃行吗?,1,该用户可能在询问将产品与其他饮食方式结合使用的效果，担心单独饮用是否会影响减肥效果。
HJ20180908,健康养生,一盒几条.拍一单能喝多久[捂脸],1,该用户是在询问产品规格（一盒包含的数量）以及单次购买的用量能维持多长时间，同时以调侃的语气表达对产品效果的期待或疑虑。
HJ20180908,健康养生,"我姐姐喝了一单,减了不到八斤",0,该用户想表达的含义是：我姐姐购买了这款产品后，减肥效果不太明显（只瘦了不到八斤）。
HJ20180908,健康养生,"我喝咖啡套餐减了22斤,现在男朋友也跟我一起喝",0,该用户想表达的含义是：这款咖啡套餐的减肥效果显著，自己成功减重后还带动了身边人一起购买使用。
HJ20180908,健康养生,我喝了咖啡15天减了16斤,0,该用户想表达的含义是：这款咖啡的减肥效果显著，自己亲身验证后效果很好。
HJ20180908,健康养生,"红姐,我135斤,拍几单",1,该用户是在询问主播根据自己的体重（135斤）需要购买多少份产品才能达到理想的减肥效果。
HJ20180908,健康养生,"心脏不好,也有三高可以用吗?",1,该用户是在询问产品是否适合有心血管疾病和高血压等健康问题的消费者使用。
HJ20180908,健康养生,咖啡用多少温度的水,1,该用户可能在询问冲泡咖啡的具体水温，以确认产品使用方法或确保饮用效果。
HJ20180908,健康养生,"真的可以瘦,我减了18斤了",0,该用户是在用亲身经历佐证产品的减肥效果，以此增强其他观众对产品的信任和购买意愿。
HJ20180908,健康养生,湿气大肚子大喝可以吗,1,该用户是在询问自己湿气重且腹部肥胖的情况是否适合饮用直播推荐的减肥咖啡。
HJ20180908,健康养生,125斤拍几单,1,该用户想表达的含义是：自己体重125斤，询问应该购买多少份产品才能达到理想的减肥效果。
HJ20180908,健康养生,一直在喝你咖啡,0,该用户想表达的含义是：我是你家咖啡的长期消费者，对其效果表示认可。
HJ20180908,健康养生,川西川西你们说了你吃着肉壳的扣了,0,该用户可能是在询问产品使用效果或适用性时因打字匆忙导致语句混乱，实际想表达的是“川西（或产品名）这款咖啡喝了会不会影响消化或导致腹胀”。  （解析依据：前文弹幕多围绕减肥效果、适用人群、饮用方法提问，且存在类似“湿气大肚子大喝可以吗”的表述，推测用户可能因方言或输入错误将“肠胃/腹胀”误写为“肉壳的扣了”，核心诉求仍是确认产品安全性或副作用。）
HJ20180908,健康养生,"妹妹推荐我来的,她瘦了16斤",0,该用户通过转述他人成功案例（妹妹瘦身效果）来间接表达对产品的信任和购买意向。
HJ20180908,健康养生,113斤,1,该用户想表达的含义是：报出自己的体重询问需要购买多少产品才能达到减肥效果。
HJ20180908,健康养生,喝上心脏难受不??,1,该用户是在担心这款咖啡产品是否会对心脏健康造成不良影响。
HJ20180908,健康养生,苦不苦咖啡,1,该用户可能是在询问这款咖啡的口感是否偏苦，想了解产品味道是否符合自己的偏好。
HJ20180908,健康养生,我有你这个食量了[捂脸],0,该用户是在调侃自己的食量已经和主播推荐的减肥咖啡效果相当，暗示自己可能不需要再购买产品了。
HJ20180908,健康养生,吃几个羊头了,0,该用户可能是在询问主播已经展示或推荐了多少份同类减肥产品（羊头可能指代某种套餐或产品），想了解产品的实际效果或购买数量作为参考。
HJ20180908,健康养生,你家咖啡比我喝其他家减的都多,1,该用户想表达的含义是：你们家的咖啡减肥效果比其他品牌更明显。
HJ20180908,健康养生,"我姐姐喝了一单,减了不到八斤",0,该用户想表达的含义是：我姐姐购买了这款产品后体重有所下降但效果不算显著。
HJ20180908,健康养生,减肥三餐正常吃不加餐,0,该用户可能是在询问这款减肥产品是否能在保持正常饮食的情况下达到效果，无需额外控制饮食。
HJ20180908,健康养生,没有任何药品可以减肥的只有少吃多运动,0,该用户是在质疑直播间推销的减肥产品效果，强调科学减肥只能依靠控制饮食和运动，暗示产品宣传可能存在夸大或虚假成分。
HJ20180908,健康养生,"我也是老顾客,买了好多单真的很好",0,该用户想表达的含义是：作为长期忠实客户，我对产品效果非常满意并持续复购。
HJ20180908,健康养生,一单和两单价钱有优惠吗,1,该用户是在询问购买多份产品是否能享受更优惠的价格，表现出对批量购买的意向和价格敏感度。
HJ20180908,健康养生,咖啡苦不苦,1,该用户是在询问咖啡的口感是否苦涩，可能出于对苦味的敏感或偏好考虑是否购买。
HJ20180908,健康养生,"我减了13斤,肚子明显小了好多",0,该用户想表达的含义是：通过使用直播推荐的产品（可能是咖啡或其他减肥产品），自己成功减重且效果显著。
HJ20180908,健康养生,"红姐我姐姐喝你家咖啡减了39斤,我今天也过来拍了",0,该用户想表达的意思是：因为看到亲友喝这款咖啡成功减肥的效果，自己也产生了信任并下单购买。
HJ20180908,健康养生,现在只有早上跟晚上了啊没有中午了吗,0,该用户可能是在询问直播中促销商品的库存或套餐选择情况，暗示对购买时间或产品组合存在疑问。
HJ20180908,健康养生,我喝完一单减了18斤,0,该用户想表达的含义是：通过购买并饮用这款产品，自己成功减重了18斤。
HJ20180908,健康养生,吃啥呢,0,该用户可能在询问主播正在品尝的产品是否与减肥或咖啡相关，并暗示自己对此也有兴趣。
HJ20180908,健康养生,你家咖啡真的很好用,0,该用户想表达的含义是：这款咖啡的减肥效果让我很满意。  （结合前文弹幕中频繁提及“减肥”“减了多少斤”等关键词，可推断“好用”在此语境下主要指咖啡的减重功效，而非字面的“使用体验”。）
HJ20180908,健康养生,130斤拍几单,1,该用户想询问自己体重130斤的情况下需要购买多少份产品才能达到理想的减肥效果。
HJ20180908,健康养生,"我喝了20天,减了16斤,今天又回购了2单",0,该用户想表达的含义是：这款产品减肥效果显著，自己亲测有效后再次下单以继续使用。
HJ20180908,健康养生,我喝了咖啡15天减了16斤,0,该用户想表达的含义是：这款咖啡的减肥效果显著，自己亲身体验后效果很好。
HJ20180908,健康养生,也有三高可以用吗?,1,该用户是在询问产品是否适合有三高症状的人群使用。
HJ20180908,健康养生,吃肉吃肉,0,该用户可能是在直播间看到其他人分享减肥成果后，用轻松调侃的语气表达自己放弃节食、想痛快享受美食的冲动，暗含对减肥产品的效果产生动摇或对美食诱惑的妥协心理。
HJ20180908,健康养生,"回购了三单,加急",0,该用户想表达的含义是：已经多次购买该产品且对效果满意，此次又追加了三单并要求尽快发货。  （解析：结合前文弹幕中频繁提及产品效果显著（如减重数据）、老顾客复购等语境，目标弹幕的“回购”和“加急”体现了用户的信任和迫切需求，符合直播间内对产品功效的积极反馈氛围。）
HJ20180908,健康养生,"喝一个月减了13斤,继续喝",0,该用户想表达的含义是：这款产品减肥效果显著，自己使用后效果满意并决定继续坚持使用。
HJ20180908,健康养生,睡眠不好可以喝吗,1,该用户可能是在询问直播中推广的咖啡产品是否有助于改善睡眠问题。
HJ20180908,健康养生,"我是特顽固体质喝完咖啡20天,减了11斤",0,该用户想表达的含义是：这款咖啡对难减体质的自己效果显著，20天就瘦了11斤。
HJ20180908,健康养生,我也是马上喝完两单减了14斤多,0,该用户想表达自己通过连续购买并饮用该产品成功减重14斤以上，以此验证产品的有效性并间接推荐给其他观众。
HJ20180908,健康养生,益生菌怎么喝,1,该用户可能是在询问益生菌的具体服用方法或使用建议，暗示对产品功效感兴趣并考虑购买。
HJ20180908,健康养生,你不宽宽的是尼不怕,0,该用户可能想询问产品是否适合特定体质或身体状况（比如“不怕”某种副作用或不适）。
HJ20180908,健康养生,凉水喝还是热水喝,1,该用户是在询问产品（可能是减肥咖啡）应该用凉水还是热水冲泡饮用。
HJ20180908,健康养生,哺乳期能喝么,1,该用户是在询问该产品是否适合哺乳期女性饮用，关注点在于产品的安全性和适用人群。
HJ20180908,健康养生,"你家咖啡搭配喝减的真的很快,我减了28斤",0,该用户想表达的含义是：这款咖啡的减肥效果非常显著，自己通过饮用成功减重了28斤。
HJ20180908,健康养生,"喝了减肥套餐2单了,减了18斤",0,该用户想表达自己通过持续购买和饮用该减肥产品取得了显著效果，以此证明产品的有效性并可能暗示会继续回购。
HJ20180908,健康养生,三高可以用吗?,1,该用户是在询问这款产品是否适合有三高（高血压、高血糖、高血脂）的人群使用。
HJ20180908,健康养生,喝的啥,1,该用户可能是在询问主播正在饮用的产品名称或功效，表现出对直播中展示的商品产生了兴趣和好奇。
HJ20180908,健康养生,我139多斤怎么拍,1,该用户想询问自己体重139斤应该选择购买多少份量的产品。
HJ20180908,健康养生,"我喝了一单减了11斤,今天又来回购了",0,该用户想表达自己之前购买产品后成功减重11斤，出于对效果的满意再次下单购买。
HJ20180908,健康养生,我就是正常吃饭一单减了17斤,0,该用户想表达的含义是：通过使用该产品（可能是减肥咖啡或套餐）并在正常饮食的情况下，自己成功减重了17斤。
HJ20180908,健康养生,早上兑多少水喝呢,1,该用户可能是在询问产品（如减肥咖啡或益生菌）的具体冲泡比例或饮用方法。
HJ20180908,健康养生,哺乳期可以喝吗,1,该用户是在询问产品是否适合哺乳期女性使用，表达了对产品安全性的关注和潜在的购买意向。
HJ20180908,健康养生,拍了加急发货,0,该用户想表达自己已经下单并希望尽快收到商品。
HJ20180908,健康养生,"妹妹推荐我来的,她瘦了16斤",0,该用户想表达的含义是：因为看到亲友的显著效果，所以对产品产生了信任和购买兴趣。
HJ20180908,健康养生,凉水还是热水,1,该用户是在询问产品应该用凉水还是热水冲泡饮用。
HJ20180908,健康养生,"你们自己你们喝吗,直播间没看你们冲,你们喝吗",1,该用户是在质疑主播是否亲身使用过所推销的产品，并暗示直播间缺乏真实体验的展示。
HJ20180908,健康养生,晚上也可以喝咖啡吗,1,该用户可能是在询问咖啡的饮用时间是否会影响减肥效果或身体健康，尤其是担心夜间饮用会干扰睡眠或降低功效。
HJ20180908,健康养生,"我拍了两单,我是来回购的",0,该用户想表达的含义是：自己已经购买过该产品且效果满意，现在再次下单支持。
HJ20180908,健康养生,"你家咖啡效果确实很明显,又回购了1单",0,该用户想表达的含义是：对产品的效果感到满意并已再次购买，体现出较强的复购意愿和产品认可。
HJ20180908,健康养生,用多喝水嘛,1,该用户可能在询问产品的具体饮用方式，比如是否需要大量饮水来配合使用。
HJ20180908,健康养生,想买你吃的羊头[捂脸],0,该用户被直播中展示的羊头产品吸引，以调侃的语气表达了自己强烈的购买欲望。
HJ20180908,健康养生,"不到一单,我减了8斤",0,该用户想表达的是：购买并使用产品后，自己成功减重了8斤。
HJ20180908,健康养生,升级款吗,1,该用户是在询问当前介绍的产品是否为之前版本的升级改良款。
HJ20180908,健康养生,拍了三单让我老公和我一起喝,0,该用户想表达的含义是：已经下单购买了产品并打算与家人一起使用。
HJ20180908,健康养生,备孕期可以喝吗?,1,该用户是在询问产品是否适合备孕期间的女性饮用。
HJ20180908,健康养生,你家的不拉肚子我还减了22斤,0,该用户想表达的含义是：使用你们的产品不仅没有不良反应，还成功减重了22斤。
HJ20180908,健康养生,怎么喝,1,该用户想询问产品的具体饮用方法，比如冲泡方式、水温或饮用时间等细节。
HJ20180908,健康养生,我回够五单了,0,该用户想表达的含义是：我已经重复购买了五次这款产品。
HJ20180908,健康养生,能喝茶吗,1,该用户是在询问这款减肥产品是否可以像茶一样冲泡饮用。
HJ20180908,健康养生,"我喝了20天,瘦了14斤了",0,该用户是在分享自己使用产品后的显著减肥效果，以此间接表达对产品的认可和推荐意愿。
HJ20180908,健康养生,你怎么那么爱急眼,0,该用户可能是在调侃主播情绪激动或反应过度，并非真正表达购买兴趣。
HJ20180908,健康养生,一单快喝完了减了8斤,0,该用户想表达的含义是：自己已经快喝完一单产品并成功减重8斤，暗示产品效果明显。
HJ20180908,健康养生,经期可以喝吗,1,该用户是在询问该产品是否适合经期女性饮用，以评估购买后的使用场景和安全性。
HJ20180908,健康养生,"喝咖啡减了14斤,很满意",0,该用户想表达的含义是：这款咖啡的减肥效果很好，自己使用后成功减重并感到满意。
HJ20180908,健康养生,我拍了2单给我加急发货,0,该用户急切希望商家优先处理自己的订单以尽快收到商品。
HJ20180908,健康养生,"喝一个月减了13斤,继续喝",0,该用户想表达的是：这款产品减肥效果显著，自己使用后效果满意并打算继续坚持使用。
HJ20180908,健康养生,喝了能瘦吗,1,该用户是在询问该产品是否具有减肥功效，并希望通过饮用达到瘦身效果。
HJ20180908,健康养生,"我喝咖啡减12斤了,又回购了",0,该用户想表达的含义是：通过饮用这款咖啡成功减重后，出于满意效果再次下单购买。
HJ20180908,健康养生,爱信不信,0,该用户可能是在对直播间其他观众或主播的质疑态度表示不屑，暗示自己已经对产品效果深信不疑。
HJ20180908,健康养生,"回购2单,已经减了8斤",0,该用户想表达的含义是：自己通过重复购买该产品并坚持使用，已经成功减重8斤，对效果感到满意。
HJ20180908,健康养生,益生菌收到了怎么喝,1,该用户想确认益生菌产品的具体服用方法，可能是刚收到货的新顾客在询问使用指南。
HJ20180908,健康养生,一单能瘦几斤啊,1,该用户是在询问该产品的减肥效果，想知道购买并使用后能减掉多少体重。
HJ20180908,健康养生,卖就行了,0,该用户想表达的含义是：别解释了直接上架开卖吧。
HJ20180908,健康养生,"马上喝完第二单,减了23斤",0,该用户想表达的含义是：我已经回购并喝完第二单产品，成功减重23斤。
HJ20180908,健康养生,"我也是老顾客,买了好多单真的很好",0,该用户想表达的含义是：作为多次回购的忠实客户，我对产品效果非常满意并持续支持。
HJ20180908,健康养生,我133斤直接拍了两单,0,该用户想表达的含义是：自己体重133斤，出于对产品效果的信任直接下单购买了两份。
HJ20180908,健康养生,我就正常吃饭瘦了12斤,0,该用户想表达的含义是：通过日常饮食调整而非使用产品也达到了减肥效果。
HJ20180908,健康养生,一盒几条,1,该用户想询问产品包装规格，即每盒包含多少份量。
HJ20180908,健康养生,"这个套餐瘦的确实快,我都减了27斤了,在拍两单",0,该用户想表达的含义是：这个减肥套餐效果显著，自己已经成功减重27斤，打算再次购买两单继续使用。
HJ20180908,健康养生,都胖那样了说明根本管不住,0,该用户可能在质疑产品的实际效果，暗示那些声称减肥成功的人可能本身缺乏自制力，并非产品本身的作用。
HJ20180908,健康养生,备孕期可以喝吗,1,该用户是在询问该产品是否适合备孕期间饮用，以评估其安全性和适用性。
HJ20180908,健康养生,"拍了一单,加急发货",0,该用户已经下单购买并希望商家尽快安排发货。
HJ20180908,健康养生,"喝中药呢,能喝吗",1,该用户是在询问自己正在服用中药的情况下是否适合使用直播间推荐的产品。
HJ20180908,健康养生,"165斤,拍了两单哈",0,该用户想表达的含义是：自己体重165斤，已经下单购买了两份产品，期待能达到和其他用户类似的减重效果。
HJ20180908,健康养生,怎么喝呢,1,该用户想询问产品的具体饮用方法或使用方式。
HJ20180908,健康养生,一盒几支,1,该用户想询问产品包装规格，即一盒中包含多少支产品。
HJ20180908,健康养生,"我姐姐喝了一单,减了不到八斤",0,该用户想表达的含义是：我姐姐购买并服用了这款产品后，体重减轻了不到八斤。
HJ20180908,健康养生,"一单减了16斤,又回购了",0,该用户想表达的含义是：自己购买并使用该产品后成功减重16斤，因此再次下单回购。
HJ20180908,健康养生,一单喝多长时间,1,该用户是在询问购买一单产品后能够饮用多久的时间。
HJ20180908,健康养生,红姐一单能减几斤,1,该用户是在询问购买一单产品后预计能达到的减肥效果。
HJ20180908,健康养生,"马上喝完一单了,真没想到减了10斤,又拍了2单",0,该用户想表达的含义是：自己服用产品后成功减重10斤，出于对效果的满意决定再次回购两单。
HJ20180908,健康养生,"活动要收尾了,抓紧抢库存",0,该用户是在提醒其他观众直播促销即将结束，建议尽快下单以免错过优惠。
HJ20180908,健康养生,"我拉稀了,我拉稀了",0,该用户可能是想表达因服用产品导致腹泻，以此质疑或抱怨产品的副作用。
HJ20180908,健康养生,瘦脸吗,1,该用户是在询问产品是否具有瘦脸效果。
HJ20180908,健康养生,"喝了2单,减了33斤",0,该用户想表达的含义是：已经购买并饮用两单产品后成功减重33斤。
HJ20180908,健康养生,"喝了减肥套餐2单了,减了18斤",0,该用户想表达的含义是：自己已经购买并使用了该减肥套餐两次，成功减重18斤，意在分享使用效果并可能暗示对产品的认可。
HJ20180908,健康养生,嗓子怎么哑了,0,该用户可能是出于对主播身体状况的关心，询问主播嗓音沙哑的原因，而非直接表达购买意向。
HJ20180908,健康养生,"红姐这个头发,显脸白啊",0,该用户是在夸赞主播的发型效果，暗示对产品带来的外貌改善感到兴趣或认可。
HJ20180908,健康养生,拍了拍了,0,该用户想表达的含义是：已经下单购买了该产品。
HJ20180908,健康养生,对很省劲了,0,该用户想表达的含义是：这款产品使用起来非常方便省力。
HJ20180908,健康养生,喝咖啡拉肚吗,1,该用户是在询问该产品是否会导致腹泻等肠胃不适反应，以评估购买风险。
HJ20180908,健康养生,我喝完一单减了7斤多,0,该用户想表达的是这款减肥产品效果显著，自己使用后成功减重了7斤多。
HJ20180908,健康养生,"我减下来了,现在我身边好多人都在跟着我一起喝",0,该用户想表达的含义是：自己通过使用该产品成功减肥，并带动了周围的人也跟随购买尝试。
HJ20180908,健康养生,"红姐我一直喝你家减肥套餐已经减了46斤,推荐好多同事过来拍了",0,该用户想表达的含义是：作为老顾客，我使用该产品效果显著并积极向身边人推荐。
HJ20180908,健康养生,"之前拍了好多其他产品都不行,就你家的让我减了20斤",0,该用户想表达的含义是：对比其他品牌效果不佳后，使用你们的产品成功减重并认可其效果。
HJ20180908,健康养生,"我老顽固性了,喝了几天真开始减了,今天又来回购一单",0,该用户想表达的意思是：自己原本对减肥产品持怀疑态度，但亲身体验后确实有效果，所以再次下单购买。
HJ20180908,健康养生,"咖啡真的管用,又回购了两单",0,该用户想表达的含义是：这款咖啡的减肥效果确实不错，自己已经再次购买了两份。
HJ20180908,健康养生,我就是正常吃饭一单减了17斤,0,该用户想表达的含义是：通过正常饮食配合使用该减肥产品，一个疗程成功减重了17斤。
HJ20180908,健康养生,我第二单马上喝完.减掉24斤,0,该用户想表达的含义是：我已经快喝完第二次购买的产品，并且成功减掉了24斤体重。
HJ20180908,健康养生,"我喝咖啡套餐减了22斤,现在男朋友也跟我一起喝",0,该用户想表达的含义是：自己和伴侣通过使用这款咖啡减肥套餐都取得了显著效果，以此间接推荐产品。
HJ20180908,健康养生,这多少钱一袋呀?,1,该用户可能在询问产品价格以评估是否值得购买，表现出对商品的实际兴趣和潜在的购买意向。
HJ20180908,健康养生,"活动太划算了,我又回购了两单",0,该用户被直播间的促销活动吸引，因对产品效果满意而再次下单购买。
HJ20180908,健康养生,"回购2单,已经减了8斤",0,该用户想表达的是：自己已经购买了两次这款减肥产品，并且成功减掉了8斤体重。
HJ20180908,健康养生,备孕期可以喝.没听清,1,该用户想表达的含义是：不确定备孕期间是否能饮用这款产品，希望主播能再重复说明一下。
HJ20180908,健康养生,一单吃几天,1,该用户想表达的含义是：购买这一单的产品可以持续使用好几天。
HJ20180908,健康养生,"相信你,拍了两单加急发货",0,该用户因信任主播且受直播间其他买家积极反馈的影响，果断下单并希望尽快收到商品。
HJ20180908,健康养生,"之前拍了好多其他产品都不行,就你家的让我减了20斤",0,该用户想表达的含义是：尝试过多种同类产品效果不佳，唯独使用你们的产品后成功减重，因此对产品效果表示高度认可和满意。
HJ20180908,健康养生,怎么吃,1,该用户可能在询问产品的具体食用方法或服用频率。
HJ20180908,健康养生,"一直坚持喝5单了,已经减50来斤",0,该用户想表达的含义是：通过持续购买并饮用该产品，自己已经成功减重了约50斤。
HJ20180908,健康养生,经期可以喝吗?,1,该用户是在询问该产品是否适合在生理期期间饮用。
HJ20180908,健康养生,我喝完一单减了18斤,0,该用户想表达的含义是：通过购买并饮用该减肥产品，自己成功减重了18斤。
HJ20180908,健康养生,下单了加急,0,该用户想表达的含义是：我已经购买了产品并要求尽快发货。
HJ20180908,健康养生,"我61岁,喝完你的两单咖啡掉了19斤很满意",0,该用户想表达的含义是：自己61岁，通过购买并饮用该产品成功减重19斤，对效果感到满意并分享购买经历。
HJ20180908,健康养生,就是有点贵呀,0,该用户可能对产品效果感兴趣，但因价格因素有些犹豫，希望了解是否有优惠或进一步确认性价比。
HJ20180908,健康养生,"效果真的很好,我已经减了11斤了",0,该用户想表达的含义是：这款产品确实有效，自己使用后取得了显著的减肥效果。
HJ20180908,健康养生,"一单减了16斤,又回购了",0,该用户想表达的含义是：这款产品效果显著，自己通过使用成功减重后决定再次购买。
HJ20180908,健康养生,"妹妹推荐我来的,她瘦了16斤",0,该用户想表达的含义是：因为看到他人使用产品效果显著（妹妹瘦了16斤）而对该产品产生兴趣和信任。
HJ20180908,健康养生,颜色浅了,0,该用户可能是在对产品效果或外观提出疑虑，认为展示的颜色与实际预期有差距。
HJ20180908,健康养生,"刚开始喝了几天,减了3斤,还想再减8斤",0,该用户想表达的含义是：产品使用初期已见效，希望继续购买以达到更显著的减重目标。
HJ20180908,健康养生,"我也是老顾客,买了好多单真的很好",0,该用户想表达的含义是：作为长期忠实客户，我对产品效果非常满意并持续复购。
HJ20180908,健康养生,"喝了咖啡,就能吃饭吗",1,该用户可能在询问咖啡产品的具体使用方式，即饮用后是否会影响正常进食或需要配合特定的饮食安排。
HJ20180908,健康养生,"咖啡瘦了17斤了,确实挺好",0,该用户想表达的含义是：使用这款咖啡后成功减重17斤，认可产品的效果。
HJ20180908,健康养生,忌嘴吗,1,该用户可能是想询问产品是否需要忌口或饮食上有无禁忌。
HJ20180908,健康养生,影响睡眠吗,1,该用户是在询问该产品是否会导致失眠等睡眠问题。
HJ20180908,健康养生,"效果太好了,又回购两单",0,该用户被产品效果打动，出于满意和信任再次追加购买。
HJ20180908,健康养生,"这个套餐瘦的确实快,我都减了27斤了,在拍两单",0,该用户想表达的含义是：自己通过使用该套餐成功减重显著，出于对产品效果的认可决定再次回购。
HJ20180908,健康养生,"165斤,拍了两单哈",0,该用户想表达的含义是：自己体重165斤，已经购买了两单产品并对其效果表示认可。
HJ20180908,健康养生,多少度的水,1,该用户可能在询问冲泡产品（如咖啡）时所需的水温是多少。
HJ20180908,健康养生,什么人群不能用,1,该用户是在询问这款产品的适用禁忌人群，担心自己或他人是否适合使用。
HJ20180908,健康养生,什么饭都可以吃吧,1,该用户可能是在询问产品使用后是否对日常饮食没有限制，可以正常进食。
HJ20180908,健康养生,我拍了2单给我加急发货,0,该用户急切希望商家优先处理自己的订单，表现出较强的购买意愿和对产品的信任。
HJ20180908,健康养生,芦荟起什么作用?,1,该用户可能是在询问产品的具体功效，尤其是芦荟成分在减肥咖啡中的作用，以评估是否值得购买。
HJ20180908,健康养生,我拍了一单怎么吃,0,该用户想表达的含义是：询问购买的产品如何使用才能达到减肥效果。
HJ20180908,健康养生,"效果真的很好,我已经减了11斤了",0,该用户想表达的含义是：对产品效果感到满意并分享自己的使用成果，以此间接推荐或肯定该商品。
HJ20180908,健康养生,怎么喝,1,该用户想询问这款减肥咖啡的具体饮用方法和注意事项。
HJ20180908,健康养生,"我的昨天收到了,今天第一天吃.期待我的效果吧!",0,该用户想表达的含义是：自己已经收到并开始使用产品，期待后续的减肥效果。
HJ20180908,健康养生,"一直喝你家咖啡,今天太划算了,抢了4单",0,该用户想表达的含义是：作为长期忠实顾客，趁这次优惠活动大量囤货。
HJ20180908,健康养生,"我喝咖啡套餐减了22斤,现在男朋友也跟我一起喝",0,该用户想表达的含义是：这款咖啡套餐的减肥效果显著，自己和伴侣都在使用并受益。
HJ20180908,健康养生,红姐还收人[奸笑]好喜欢你[奸笑][奸笑][赞][赞],0,该用户可能是想通过俏皮调侃的方式表达对主播红姐的喜爱和信任，暗示自己有意加入粉丝群体或购买产品。
HJ20180908,健康养生,什么时间段喝,1,该用户想询问产品的最佳饮用时间以优化使用效果。
HJ20180908,健康养生,讲讲怎么用呗,1,该用户想表达的含义是：希望主播详细演示产品的使用方法。
HJ20180908,健康养生,需要控制饮食吗,1,该用户是在询问这款减肥产品是否需要配合饮食控制才能达到理想效果。
HJ20180908,健康养生,"我老顽固性了,喝了几天真开始减了,今天又来回购一单",0,该用户想表达的意思是：自己长期有顽固性问题，尝试使用产品后确实见效，因此决定再次购买以继续使用。
HJ20180908,健康养生,拍了加急发货,0,该用户希望商家尽快处理并发出自己已下单的商品。
HJ20180908,健康养生,咖啡一天喝两个可以吗,1,该用户可能是在询问咖啡饮用的安全剂量，同时隐含对产品效果的关注和潜在的购买意向。
HJ20180908,健康养生,真的有这么好吗.能减成功吗,1,该用户对产品效果存在疑虑，但同时也透露出潜在的购买兴趣，想确认减肥效果的真实性和可靠性。
HJ20180908,健康养生,保质期多久?,1,该用户想了解产品的保质期限，以评估购买后的使用时间和储存安排。
HJ20180908,健康养生,"你家咖啡搭配喝减的真的很快,我减了28斤",0,该用户想表达的含义是：使用你们家的咖啡搭配饮用后减肥效果显著，自己已经成功减重28斤。
HJ20180908,健康养生,正常饮食,0,该用户可能在询问产品是否需要配合常规饮食使用，还是需要特殊饮食控制。
HJ20180908,健康养生,"我拍了1单,能减几斤啊",1,该用户想表达的含义是：想知道购买的产品能达到怎样的减肥效果。
HJ20180908,健康养生,啥味道,1,该用户想询问直播中提到的产品（可能是咖啡或其他饮品）的具体口味或风味特点。
HJ20180908,健康养生,怎么你喝了那么多,0,该用户可能是对主播频繁展示或提及饮用产品的行为感到好奇或质疑，想了解大量饮用的具体原因或效果。
HJ20180908,健康养生,"我就是一日三餐正常吃,还瘦了",0,该用户想表达的含义是：在保持正常饮食的情况下，使用该产品仍然达到了减肥效果。
HJ20180908,健康养生,"马上喝完第二单,减了23斤",0,该用户想表达的含义是：这款产品效果显著，我已经通过持续使用成功减重23斤，现在准备再次下单购买。
HJ20180908,健康养生,有试用装吗,1,该用户可能是在询问产品是否有小样可供尝试，以确认效果后再决定是否购买。
HJ20180908,健康养生,我也是马上喝完两单减了14斤多,0,该用户想表达的含义是：自己已经快喝完两单产品并成功减重14斤多，以此证明产品的有效性并可能暗示会继续回购。
HJ20180908,健康养生,"我姐姐喝了一单,减了不到八斤",0,该用户想表达的含义是：我姐姐购买了这款产品并饮用后，体重减轻了不到八斤。
HJ20180908,健康养生,"我61岁,喝完你的两单咖啡掉了19斤很满意",0,该用户想表达的含义是：自己通过购买并饮用该产品成功减重，对效果感到满意并间接推荐产品。
HJ20180908,健康养生,一单喝几天,1,该用户想表达的含义是：购买这一单产品能持续使用多长时间。
HJ20180908,健康养生,"不到一单,我减了8斤",0,该用户想表达的意思是：购买一单产品后体重减轻了8斤，但效果略低于预期。
HJ20180908,健康养生,"马上喝完一单了,真没想到减了10斤,又拍了2单",0,该用户想表达的含义是：自己通过使用该产品成功减重10斤，效果满意因此决定再次购买两单继续使用。
HJ20180908,健康养生,"我喝了20天,减了16斤,今天又回购了2单",0,该用户想表达的是：这款产品效果显著，自己亲身体验后感到满意，因此再次下单以继续使用。
HJ20180908,健康养生,我为什么拉肚子了,0,该用户可能是在质疑直播中推销的减肥咖啡产品导致了自己身体不适，暗示产品存在副作用或效果不真实。
HJ20180908,健康养生,保质期多久!,1,该用户可能是在确认产品的保质期信息，以便评估购买后的使用时间和储存安排。
HJ20180908,健康养生,"想喝,哺乳期喝不了[大哭]",0,该用户表达的是对产品有强烈兴趣但因哺乳期限制无法购买的遗憾心情。
HJ20180908,健康养生,我喝减肥套餐瘦了31斤,0,该用户想通过分享自身显著的减肥成果（31斤）来佐证产品的有效性，以此增强其他观众对产品的信任和购买意愿。
HJ20180908,健康养生,"妹妹推荐我来的,她瘦了16斤",0,该用户想表达的含义是：因为看到亲友使用产品效果显著，所以对这款减肥产品产生了兴趣和信任。
HJ20180908,健康养生,"我拍了1单,能减几斤啊",1,该用户是在询问自己购买的这款减肥咖啡预计能达到的减重效果。
HJ20180908,健康养生,"相信你,拍了两单加急发货",0,该用户因信任主播并受到其他观众积极反馈的鼓舞，决定下单购买产品且希望尽快收到货品。
HJ20180908,健康养生,"我减了13斤,肚子明显小了好多",0,该用户想表达的含义是：使用产品后取得了明显的减肥效果，对效果感到满意并间接推荐产品。
HJ20180908,健康养生,"我是刚生完孩子小肚子大,喝完两单肚子小了好多",0,该用户想表达的含义是：产后身材恢复效果显著，使用该产品后腹部明显瘦身。
HJ20180908,健康养生,我喝完一单减了18斤,0,该用户想表达的是：自己通过购买并饮用该产品成功减重了18斤。
HJ20180908,健康养生,我减了7斤了,0,该用户想表达的含义是：使用该产品后已取得明显的减肥效果。
HJ20180908,健康养生,我喝了3单减了36斤今天又来回购两单,0,该用户想表达的含义是：自己之前购买并饮用了三单产品后成功减重36斤，出于对效果的认可再次下单购买两单。
HJ20180908,健康养生,一共几盒,1,该用户想询问当前促销活动中包含的商品数量，可能是为了计算购买后的使用周期或优惠力度。
HJ20180908,健康养生,"马上喝完第二单,减了23斤",0,该用户想表达的含义是：自己已经快喝完第二单产品，并且成功减重23斤，暗示对产品效果满意。
HJ20180908,健康养生,"我喝咖啡减了9斤,刚刚又拍了两单,加急发货",0,该用户想表达的含义是：因为喝这款咖啡减肥效果显著（减了9斤），所以再次下单购买并希望尽快收到货。
HJ20180908,健康养生,"我就是刚生完宝宝喝的两单,瘦了14斤",0,该用户想表达的意思是：自己产后通过购买并饮用该产品成功减重，以此佐证产品效果并隐含推荐意图。
HJ20180908,健康养生,"你家咖啡搭配喝减的真的很快,我减了28斤",0,该用户想表达的含义是：这款咖啡的减肥效果显著，自己通过搭配饮用已经成功减重28斤。
HJ20180908,健康养生,"红姐我一直喝你家减肥套餐已经减了46斤,推荐好多同事过来拍了",0,该用户想表达的含义是：通过长期使用该减肥产品取得了显著效果，并主动向他人推荐以表达对产品的信任和满意。
HJ20180908,健康养生,我就是正常吃饭一单减了17斤,0,该用户想表达的含义是：通过正常饮食配合产品使用，自己成功减重了17斤。
HJ20180908,健康养生,"我102斤也减了6斤,很满意",0,该用户想表达的含义是：使用产品后体重有所下降，对效果感到满意。
HJ20180908,健康养生,咋喝的,0,该用户可能是想询问这款减肥产品的具体饮用方式或注意事项。
HJ20180908,健康养生,"我拍了两单,我是来回购的",0,该用户想表达自己因对产品效果满意而再次下单购买。
HJ20180908,健康养生,红姐确实瘦了很多很多,0,该用户想表达的含义是：对主播红姐的减肥效果表示认可和称赞。
HJ20180908,健康养生,120斤以上拍2单,0,该用户想表达的含义是：体重超过120斤的顾客建议一次性购买两份产品以达到更好的减肥效果。
HJ20180908,健康养生,经常熬夜可以吃吗,1,该用户可能是在询问该产品是否适合熬夜人群使用，担心熬夜会影响效果或安全性。
HJ20180908,健康养生,"我喝咖啡套餐减了22斤,现在男朋友也跟我一起喝",0,该用户想表达的含义是：这款减肥咖啡效果显著，不仅自己成功减重，还带动身边人一起购买使用。
HJ20180908,健康养生,拍了加急,0,该用户想表达的含义是：我已经下单购买了产品并选择了加急配送服务。
HJ20180908,健康养生,"婆婆喝这个咖啡减了14斤,今天又回购两单",0,"该用户想表达的含义是：身边有人因这款咖啡显著瘦身，自己也因信任效果而再次下单购买。  （释义重点：强调""他人案例带来的信任感""和""主动复购行为""，体现从众心理和产品效果认可，符合前文弹幕中频繁出现的减肥成果展示和回购氛围。）"
HJ20180908,健康养生,要吃完一个疗程才看得到效果吗?,1,该用户是在询问产品需要连续服用完整疗程才能见效，还是中途就能看到效果，表现出对产品使用周期和见效时间的关注。
HJ20180908,健康养生,"拍了一单,加急发货",0,该用户已经下单并希望尽快收到商品。
HJ20180908,健康养生,"我是特顽固体质喝完咖啡20天,减了11斤",0,该用户想表达的含义是：这款咖啡对顽固肥胖体质效果显著，自己使用后短期内就取得了明显的减肥效果。
HJ20180908,健康养生,我喝减肥套餐瘦了31斤,0,该用户想表达的含义是：通过使用这款减肥产品取得了显著效果，并暗示对产品的认可和推荐。
HJ20180908,健康养生,"我老公减了14斤,肚子明显小了好多",0,该用户想表达的含义是：家人使用该产品后效果显著，暗示自己也有购买意向。
HJ20180908,健康养生,"收到带喝法,早咖啡晚芦荟",0,该用户想表达的含义是：已经收到产品并按照早晚搭配的饮用方法来尝试减肥。
HJ20180908,健康养生,"我之前喝过很多家产品都拉肚子,就你家的不拉肚子,我还减了26斤",0,该用户想表达的含义是：对比其他品牌后认可该产品的效果，既解决了肠胃问题又实现了显著减肥效果。
HJ20180908,健康养生,拍了加急发货,0,该用户想表达的含义是：我已经下单并选择了快速配送服务。
HJ20180908,健康养生,红姐项链好看,0,该用户想表达的含义是：对红姐佩戴的项链款式感兴趣，可能有购买意向。
HJ20180908,健康养生,咋喝的这个,1,该用户想询问这款减肥产品的具体饮用方法或使用步骤。
HJ20180908,健康养生,男孩子可不可以喝?,1,该用户可能是在询问产品是否适合男性使用，表达了对产品适用性的潜在购买兴趣。
HJ20180908,健康养生,敏敏身材哇塞,0,该用户是在称赞主播敏敏的身材好，暗示对直播中展示的减肥产品或效果产生了兴趣和认可。
HJ20180908,健康养生,我喝了咖啡15天减了16斤,0,该用户想表达的含义是：这款咖啡的减肥效果显著，自己亲身体验后短时间内瘦了很多。
HJ20180908,健康养生,身上的外套在哪买的?,0,该用户对主播的外套感兴趣，想询问购买渠道。
HJ20180908,健康养生,"喝咖啡一单减了15斤了,确实好",0,该用户想表达的含义是：喝这款咖啡后成功减重15斤，效果确实不错。
HJ20180908,健康养生,顽固能瘦?,1,该用户想表达的含义是：体质不容易瘦的人喝这个产品有效果吗？
HJ20180908,健康养生,"红姐我一直喝你家减肥套餐已经减了46斤,推荐好多同事过来拍了",0,该用户想表达的含义是：作为长期使用产品的受益者，她通过自身显著效果和主动推荐行为，对产品功效和品牌信任度给予高度认可。
HJ20180908,健康养生,喝了一单剪了13斤,0,该用户想表达的意思是：我购买了这款减肥咖啡并饮用后，成功减掉了13斤体重。
HJ20180908,健康养生,喝咖啡需要多喝水吗,1,该用户可能在询问饮用该减肥咖啡时的注意事项，担心咖啡可能导致身体脱水或需要额外补水来维持健康。
HJ20180908,健康养生,控制饮食吗,1,该用户可能在询问这款减肥产品是否需要配合饮食控制才能达到效果。
HJ20180908,健康养生,怎么喝,1,该用户想询问产品的具体饮用方法或使用步骤。
HJ20180908,健康养生,"刚开始喝了几天,减了3斤,还想再减8斤",0,该用户想表达的含义是：使用产品后已初见成效，希望继续坚持以达到更理想的减重目标。
HJ20180908,健康养生,一直在喝你咖啡,0,该用户想表达的含义是：长期使用这款咖啡产品并对其效果表示认可。
HJ20180908,健康养生,"真的可以瘦,我减了18斤了",0,该用户是在用亲身经历佐证产品的减肥效果，暗示对产品效果的认可和持续使用的意愿。
HJ20180908,健康养生,太瘦了不好看,0,该用户可能是在委婉表达对产品效果的质疑，认为过度消瘦会影响美观，暗示减肥产品效果过强或需要适度控制。
HJ20180908,健康养生,"我喝咖啡减12斤了,又回购了",0,该用户想表达的含义是：通过饮用该产品成功减重后，因效果显著而再次购买。
HJ20180908,健康养生,"我106斤,一单减了7斤,确实不错,在拍一单",0,该用户想表达自己通过使用该减肥产品已有效减重7斤，并打算再次下单以继续减肥。
HJ20180908,健康养生,后面那个太吓人了,0,该用户可能是在吐槽直播中展示的某款产品效果夸张或宣传方式令人不适。
HJ20180908,健康养生,拍了拍了,0,"该用户想表达的含义是：我已经下单购买了产品。  （结合前文弹幕语境，直播间正在讨论减肥咖啡的效果，许多用户分享了自己的购买和减重经历，""拍了拍了""是典型的口语化表达，表示用户受氛围影响或认可产品效果后完成下单动作。）"
HJ20180908,健康养生,"回购2单,已经减了8斤",0,该用户想表达的含义是：自己已经购买了两次该产品并且成功减重了8斤。
HJ20180908,健康养生,"一单减了12斤,肚子小了一圈",0,该用户想表达的含义是：通过使用该产品成功减重12斤，腰围明显减小，效果显著。
HJ20180908,健康养生,早上喝药让吃饭吗,1,该用户可能是在询问减肥产品的服用方式，担心空腹喝药是否会影响正常饮食。
HJ20180908,健康养生,需要忌口吗,1,该用户是在询问这款减肥产品使用时是否需要配合饮食禁忌。
HJ20180908,健康养生,瘦的有点吓人,0,该用户可能是在表达对直播中展示的减肥效果过于极端的担忧，认为过度消瘦会影响美观或健康。
HJ20180908,健康养生,一单快喝完了减了8斤,0,该用户想表达的含义是：购买并使用该产品后已成功减重8斤，目前产品即将用完。
HJ20180908,健康养生,"马上喝完一单了,真没想到减了10斤,又拍了2单",0,该用户想表达的含义是：自己通过使用该产品成功减重10斤，效果超出预期，因此决定再次购买两单继续使用。
HJ20180908,健康养生,看看肚子,0,该用户想表达的含义是：想了解这款产品是否能有效减掉腹部脂肪。
HJ20180908,健康养生,"我减下来了,现在我身边好多人都在跟着我一起喝",0,该用户想表达的含义是：这款产品帮助我成功减肥，效果显著到吸引了周围人纷纷效仿购买。
HJ20180908,健康养生,"喝了减肥套餐2单了,减了18斤",0,该用户想表达的含义是：自己已经购买了两份减肥套餐并成功减重18斤，以此证明产品的效果并可能暗示会继续回购。
HJ20180908,健康养生,喝酒行吗,1,该用户可能是在询问直播中提到的减肥产品或方法是否允许饮酒，担心喝酒会影响减肥效果。
HJ20180908,健康养生,"我喝咖啡减了9斤,刚刚又拍了两单,加急发货",0,该用户想表达的含义是：通过饮用这款咖啡成功减肥后，出于信任和效果又追加购买了两份并希望尽快收到货。
HJ20180908,健康养生,红姐穿的上衣有吗,0,该用户是在询问主播身上穿的同款上衣是否有售卖。
HJ20180908,健康养生,14周岁就能喝了吗,1,该用户是在询问产品是否适合未成年人使用。
HJ20180908,健康养生,拍了加急,0,该用户想表达的含义是：已经下单并选择了加急配送服务。
HJ20180908,健康养生,"减的确实很快,一单我减了22斤",0,该用户想表达的意思是：这款产品的减肥效果非常显著，自己购买一次就成功减掉了22斤。
HJ20180908,健康养生,又来回购了三单加急发货,0,该用户想表达的含义是：因为对产品效果满意，再次下单购买并希望尽快收到货。
HJ20180908,健康养生,有用吗,1,该用户想表达的含义是：询问产品的实际效果是否显著。
HJ20180908,健康养生,"马上喝完第二单,减了23斤",0,该用户想表达的含义是：自己已经快喝完购买的第二单产品，并且通过使用该产品成功减重了23斤。
HJ20180908,健康养生,"这个套餐瘦的确实快,我都减了27斤了,在拍两单",0,该用户想表达的含义是：这个减肥套餐效果显著，自己已经成功减重很多，打算再次购买以继续使用。
HJ20180908,健康养生,我就是正常吃饭一单减了17斤,0,该用户想表达的意思是：按照常规饮食搭配这款产品，仅购买一次就成功减重了17斤。
HJ20180908,健康养生,喝酒影响吗,1,该用户是在询问该减肥产品是否与饮酒冲突，即饮酒是否会影响产品的效果或安全性。
HJ20180908,健康养生,肉怎么抽抽了,0,该用户可能是对产品效果产生疑问，觉得展示的肉类产品看起来萎缩变形，怀疑是否与减肥效果有关。
HJ20180908,健康养生,"拍了一单,能减几斤",1,该用户想表达的含义是：已经下单购买了产品，想知道使用后大概能减掉多少体重。
HJ20180908,健康养生,可以私密发货吗,1,该用户可能担心购买产品的隐私性，希望以不引人注目的方式收货。
HJ20180908,健康养生,"你家咖啡效果确实很明显,又回购了1单",0,该用户想表达的含义是：认可产品效果并已产生复购行为，表明对商品的持续信任和满意。
HJ20180908,健康养生,对饮食有要求吗?,1,该用户可能是在询问该减肥产品是否有饮食限制或特殊要求。
HJ20180908,健康养生,拉肚子吗,1,该用户可能是在询问该减肥产品是否会导致腹泻等副作用。
HJ20180908,健康养生,经期能喝不,1,该用户是在询问该减肥产品是否适合经期期间饮用。
HJ20180908,健康养生,"婆婆喝这个咖啡减了14斤,今天又回购两单",0,该用户想表达的含义是：这款咖啡的减肥效果显著，家人亲测有效所以再次购买。
HJ20180908,健康养生,红姐你带啥,0,该用户是在询问主播“红姐”当前正在推荐或展示的具体商品是什么。
HJ20180908,健康养生,"我106斤,一单减了7斤,确实不错,在拍一单",0,该用户想表达的含义是：这款产品减肥效果显著，自己已经减了7斤，打算再次下单购买。
HJ20180908,健康养生,经期能喝吧?,1,该用户是在询问该产品是否适合在生理期间饮用。
HJ20180908,健康养生,"你家减肥套餐确实好,我都减了31斤了,介绍了好多朋友过来拍了",0,该用户想表达的含义是：对产品效果非常满意并已主动推荐给他人，展现出强烈的认可和复购意愿。
HJ20180908,健康养生,"喝咖啡减了14斤,很满意",0,该用户想表达的含义是：这款咖啡的减肥效果很好，自己使用后成功减重并对效果感到满意。
HJ20180908,健康养生,"我老公减了14斤,肚子明显小了好多",0,该用户想表达的含义是：这款产品效果显著，家人使用后有明显减肥效果。
HJ20180908,健康养生,你家咖啡真的很好用,1,该用户想表达的含义是：这款咖啡的减肥效果非常显著，我很满意。
HJ20180908,健康养生,减肥是靠毅力不是喝啥就好使,0,该用户是在质疑直播间推销的减肥产品效果，强调减肥成功的关键在于个人坚持而非依赖特定饮品。
HJ20180908,健康养生,月经期可以喝吗,1,该用户是在询问该减肥产品在女性生理期间是否适合饮用。
HJ20180908,健康养生,我也是马上喝完两单减了14斤多,0,该用户想表达的含义是：自己通过购买并使用该产品成功减重了14斤多，打算再次下单以继续使用。
HJ20180908,健康养生,正常吃饭是吗,1,该用户可能是在询问产品使用期间是否需要保持常规饮食，而非节食或其他特殊饮食要求。
HJ20180908,健康养生,我拍了2单给我加急发货,0,该用户想表达自己已下单购买了两份产品，并希望商家能优先处理自己的订单尽快发货。
HJ20180908,健康养生,真管用吗?,1,该用户是在询问产品的实际效果是否如宣传所说可靠。
HJ20180908,健康养生,"红姐我一直喝你家减肥套餐已经减了46斤,推荐好多同事过来拍了",0,该用户想表达的含义是：自己长期使用该减肥产品效果显著并积极推荐给他人，以此证明产品的有效性并间接鼓励其他观众购买。
HJ20180908,健康养生,你的肚皮能收紧吗?,0,该用户是在询问产品是否能有效帮助收紧腹部脂肪。
HJ20180908,健康养生,"我减了13斤,肚子明显小了好多",0,该用户想表达的含义是：使用该产品后减肥效果显著，尤其是腹部有明显变化。
HJ20180908,健康养生,我喝了3单减了36斤今天又来回购两单,0,该用户想表达的含义是：自己通过购买该产品成功减重36斤，出于对效果的满意再次下单回购。
HJ20180908,健康养生,"减的确实很快,一单我减了22斤",0,该用户想表达的含义是：这款减肥产品效果显著，自己购买后成功减重了22斤。
HJ20180908,健康养生,来姨妈能喝?,1,该用户是在询问该减肥产品在女性生理期间是否适合饮用。
HJ20180908,健康养生,"我也是老顾客,买了好多单真的很好",0,该用户想表达的含义是：作为长期忠实客户，我对产品效果非常满意并持续复购。
HJ20180908,健康养生,可以喝两袋咖啡吗??,1,该用户是在询问是否可以增加咖啡的饮用量以提升减肥效果。
HJ20180908,健康养生,能喝酒吗,1,该用户是在询问该减肥产品是否允许在饮酒期间使用。
HJ20180908,健康养生,"我之前喝过很多家产品都拉肚子,就你家的不拉肚子,我还减了26斤",0,该用户想表达的含义是：通过对比其他产品的负面体验，强调该品牌产品的安全性和显著减肥效果，以此表达对产品的认可和满意。
HJ20180908,健康养生,"马上第二单喝完,减了31斤",0,该用户想表达的含义是：已经购买并使用了该减肥产品，效果显著（减重31斤），即将进行第二次回购。
HJ20180908,健康养生,经期可以喝吗?,1,该用户是在询问该减肥咖啡产品是否适合在生理期间饮用。
HJ20180908,健康养生,"能不能光买芦荟胶囊呢?前段时间买的咱家的减肥咖啡和纤维饮,我喝不了纤维饮",1,该用户想表达的含义是：希望单独购买芦荟胶囊，因为之前购买的套餐中的纤维饮不适合自己饮用。
HJ20180908,健康养生,姐我下两单,0,该用户想表达的是打算再次购买两件产品以继续使用。
HJ20180908,健康养生,拉萨发货吗?,0,该用户关心商品是否从拉萨发货，可能出于对物流时效或地域特殊性的考虑。
HJ20180908,健康养生,"早晨空腹喝咖啡,晚上吃芦荟对啊",0,该用户可能在询问产品使用方式的具体细节，即“早晨空腹喝咖啡和晚上吃芦荟胶囊的搭配是否正确有效”。
HJ20180908,健康养生,60岁人能喝吗?,1,该用户是在询问这款减肥产品是否适合60岁人群饮用。
HJ20180908,健康养生,已拍加急已拍加,0,该用户想表达自己已经下单并希望商家尽快发货。
HJ20180908,健康养生,红姐带的啥,0,该用户想询问主播正在推荐或展示的具体产品名称或功效。
HJ20180908,健康养生,一天喝多少,1,该用户是在询问产品的每日建议饮用剂量。
HJ20180908,健康养生,"马上喝完第二单,减了23斤",0,该用户想表达的含义是：自己已经快喝完第二次购买的减肥产品，并且成功减重了23斤。
HJ20180908,健康养生,怎么喝,1,该用户可能是在询问产品的具体饮用方法或注意事项。
HJ20180908,健康养生,"早上吃完早餐喝,还是空腹喝",1,该用户想询问产品的最佳饮用时间，是建议在早餐后饮用还是空腹时饮用效果更好。
HJ20180908,健康养生,我150,1,该用户想表达的含义是：我体重150斤，想知道这个产品对我是否有效。
HJ20180908,健康养生,咋喝?,1,该用户想询问产品的具体饮用方法或服用方式。
HJ20180908,健康养生,来事可以喝不,1,该用户是在询问该产品是否适合在月经期间饮用。
HJ20180908,健康养生,一单喝多少天,1,该用户是在询问产品的每日建议用量以及一单产品能够持续使用的天数。
HJ20180908,健康养生,穿衣服能盖住就可以了,0,该用户可能认为产品效果不必追求完美，只要能达到基本遮盖身材缺陷的实用目的即可。
HJ20180908,健康养生,"什么味道的,苦吗",1,该用户是在询问产品的具体口味特点，尤其是担心味道是否苦涩难以下咽。
HJ20180908,健康养生,能私密发货吗,1,该用户可能担心购买的产品涉及隐私（如减肥产品），希望以隐蔽的包装形式发货以避免他人知晓。
HJ20180908,健康养生,身上的衣服在哪买的,0,该用户是在询问主播身上所穿衣服的购买渠道，表达了对这件商品的兴趣和潜在的购买意向。
HJ20180908,健康养生,能治便秘吗能治便秘吗能治便秘吗,1,该用户迫切想知道该产品是否具有缓解便秘的功效。
HJ20180908,健康养生,"我106斤,一单减了7斤,确实不错,在拍一单",0,该用户想表达的含义是：自己使用产品后体重从106斤减到了99斤，效果满意，打算再次下单购买。
HJ20180908,健康养生,"拍了,加急发货",0,该用户已经下单购买产品，并希望商家尽快安排发货。
HJ20180908,健康养生,"我是特顽固体质喝完咖啡20天,减了11斤",0,该用户想表达的含义是：这款咖啡的减肥效果显著，即使像我这样不容易瘦的体质也在短期内取得了明显的减重效果。
HJ20180908,健康养生,拉萨发货吗,1,该用户是在询问商品是否支持从拉萨地区发货，可能因地处偏远或对物流时效有顾虑而需要确认配送范围。
HJ20180908,健康养生,"加急,加急,加急",0,该用户急切希望商家尽快发货。
HJ20180908,健康养生,"我正常吃饭,一单减了12斤",0,该用户想表达的是：按照产品说明正常饮食的情况下，使用该产品后成功减重了12斤。
HJ20180908,健康养生,男士可以喝吗,1,该用户是在询问产品是否适合男性消费者使用。
HJ20180908,健康养生,"一直喝你家咖啡,今天太划算了,抢了4单",0,该用户想表达的含义是：作为长期回购的老顾客，觉得本次促销力度很大，因此果断下单囤货。
HJ20180908,健康养生,"红姐说的是大实话,有的卖减肥产品的都说喝一天就见效,那都是瞎说的",0,该用户是在肯定主播对减肥产品效果的诚实态度，同时暗讽其他夸大宣传的商家不可信。
HJ20180908,健康养生,一单喝几天,1,该用户想询问购买一单产品可以满足几天的饮用需求。
HJ20180908,健康养生,怎么瘦的,1,该用户想询问主播所推荐的减肥产品或方法的具体使用效果和见效方式。
HJ20180908,健康养生,减肥换啦,0,该用户想表达的意思是：我已经通过这款产品成功减肥了，打算再次购买。
HJ20180908,健康养生,来大姨妈可以喝吗,1,该用户是在询问该产品是否适合在生理期期间饮用。
HJ20180908,健康养生,"我喝咖啡减了9斤,刚刚又拍了两单,加急发货",0,该用户通过分享自己的减肥成果和复购行为，积极肯定产品效果并催促尽快发货，以此强化对商品的信任和购买意愿。
HJ20180908,健康养生,回购了五单,0,该用户想表达的含义是：对产品效果满意并再次下单购买。
HJ20180908,健康养生,哪来卢会,1,该用户可能是在质疑或讽刺直播间宣传的减肥效果过于夸张或不真实。
HJ20180908,健康养生,"我拍了两单,我是来回购的",0,该用户想表达的含义是：我之前购买过这款产品并且效果满意，现在再次下单表示对商品的认可和支持。
HJ20180908,健康养生,一单可以喝几天,1,该用户是在询问购买一单产品能够满足多少天的使用需求。
HJ20180908,健康养生,晚上芦荟是饭后喝吗?,1,该用户是在询问芦荟产品的具体饮用时间，想知道是否适合在晚饭后服用。
HJ20180908,健康养生,"165斤,拍了两单哈",0,该用户想表达自己体重165斤，已经下单购买了两份产品，暗示对产品的购买兴趣和信任。
HJ20180908,健康养生,拉萨发货,0,该用户是在询问商品是否支持从拉萨地区发货。
HJ20180908,健康养生,喝咖啡不吃饭吗,1,该用户可能在询问喝咖啡减肥期间是否需要配合节食。
HJ20180908,健康养生,咖啡多少度的水,1,该用户想询问冲泡咖啡时所需的水温是多少。
HJ20180908,健康养生,"我喝你们这个减肥套餐一单了,减了9斤了",0,该用户想表达的含义是：自己购买了该减肥产品并取得了明显的效果，以此证明产品的有效性并可能暗示会继续回购。
HJ20180908,健康养生,芦荟哪里有,1,该用户可能在询问直播中提到的芦荟产品的购买渠道或具体使用方式。
HJ20180908,健康养生,一盒几包,1,该用户想询问产品包装规格，即每盒包含多少小包装。
HJ20180908,健康养生,"我喝你家的咖啡减了43斤,现在我身边的朋友都在喝",0,该用户想表达的含义是：这款咖啡的减肥效果非常显著，不仅自己成功减重，还带动了周围朋友一起购买。
HJ20180908,健康养生,一单就是20天的量吗,1,该用户是在询问购买一单产品是否足够使用20天，以评估产品的用量和性价比。
HJ20180908,健康养生,怎么喝,1,该用户想询问产品的具体饮用方法或注意事项。
HJ20180908,健康养生,"活动太划算了,我又回购了两单",0,该用户觉得促销活动优惠力度大，因此再次下单购买以表支持并享受折扣。
HJ20180908,健康养生,身上的外套在哪买的,0,该用户想表达的含义是：询问主播身上所穿外套的购买渠道，可能对同款商品产生了兴趣。
HJ20180908,健康养生,晚上是饭前还是饭后,1,该用户想询问产品（可能是芦荟饮品或咖啡）的服用时间是否适合在晚餐前或晚餐后。
HJ20180908,健康养生,"一单减了16斤,又回购了",0,该用户想表达的含义是：使用该产品后成功减重16斤，因效果显著再次下单购买。
HJ20180908,健康养生,有忌口吗,1,该用户可能在询问产品是否有饮食禁忌或服用注意事项。
HJ20180908,健康养生,"喝一个月减了13斤,继续喝",0,该用户想表达的含义是：使用该产品一个月后成功减重13斤，打算继续坚持使用。
HJ20180908,健康养生,怎么3月份才拍的不是这样的,0,该用户可能是对产品包装或配方与之前购买时不一致感到疑惑，在询问为何现在展示的商品和3月份拍摄的版本存在差异。
HJ20180908,健康养生,"喝不到两单减了16斤,太好了又来回购了2单",0,该用户想表达的含义是：自己通过购买并使用该减肥产品成功减重16斤，因效果显著再次下单回购了两份。
HJ20180908,健康养生,"一直喝你家咖啡,今天太划算了,抢了4单",0,该用户想表达的含义是：作为老顾客觉得本次促销力度大，果断囤了多份产品。
HJ20180908,健康养生,"我喝1单,瘦了10斤",0,该用户想表达的含义是：购买并使用该产品后取得了明显的减肥效果。
HJ20180908,健康养生,身上的衣服外套在哪买的,0,该用户想询问主播所穿外套的购买渠道，可能对同款商品产生了兴趣。
HJ20180908,健康养生,我喝完一单减了18斤,0,该用户想表达的含义是：通过使用该直播间的减肥产品，自己购买一次就成功减重了18斤。
HJ20180908,健康养生,一盒多少,1,该用户想询问产品包装规格中的单盒数量或容量。
HJ20180908,健康养生,你家的不拉肚子我还减了22斤,0,该用户想表达的含义是：使用你们的产品不仅没有不良反应，还成功减重了22斤。
HJ20180908,健康养生,"我老公喝了一单瘦了14斤,今天回购了五单,一起喝",0,该用户想表达的含义是：家人使用该产品效果显著，因此自己决定大量复购以继续使用。
HJ20180908,健康养生,我喝了3单减了36斤今天又来回购两单,0,该用户想表达的含义是：这款产品效果显著，自己通过多次购买和使用成功减重，因此再次下单以继续使用。
HJ20180908,健康养生,我减了7斤了,0,该用户想表达的含义是：使用该产品后成功减重，并间接推荐或认可产品的效果。
HJ20180908,健康养生,晚上饭前饭后喝?,1,该用户是在询问产品（可能是减肥咖啡）的饮用时间建议，具体是想了解应该在晚餐前还是晚餐后饮用效果更好。
HJ20180908,健康养生,"红姐我姐姐喝你家咖啡减了39斤,我今天也过来拍了",0,该用户想表达的含义是：看到亲友使用该产品效果显著，自己也受到吸引而下单购买。
HJ20180908,健康养生,"我减了16斤,确实好,让老公也喝了",0,该用户想表达的含义是：自己使用产品后减肥效果显著（减重16斤），对产品效果满意，因此推荐给家人（丈夫）一起使用。
HJ20180908,健康养生,多长时间能见效?′,1,该用户想询问产品的见效周期，以评估是否值得购买。
HJ20180908,健康养生,"真的可以瘦,我减了18斤了",0,该用户想表达的含义是：这款产品确实有效果，自己亲身使用后成功减重了不少。
HJ20180908,健康养生,来事可以喝吗,1,该用户是在询问该产品是否适合在生理期期间饮用。
HJ20180908,健康养生,"马上喝完第二单,减了23斤",0,该用户想表达的含义是：连续购买并饮用该产品后成功减重23斤，因此再次下单以继续使用。
HJ20180908,健康养生,一单可以喝几天,1,该用户是在询问产品的使用周期，想了解购买一单能维持多少天的饮用需求。
HJ20180908,健康养生,"平台期怎么办,红姐",1,该用户可能在询问产品使用过程中遇到减肥效果停滞的情况该如何解决。
HJ20180908,健康养生,咖啡喝纯奶能一起喝吗,1,该用户可能在询问咖啡与纯牛奶的搭配是否适宜，暗示对产品使用方式的兴趣并考虑购买。
HJ20180908,健康养生,"拍了一单,能减几斤",1,该用户想询问购买一单产品后预计能减掉多少体重。
HJ20180908,健康养生,癌症患者可以吃么,1,该用户是在询问该产品是否适合癌症患者食用，可能出于自身或亲友的健康顾虑而谨慎求证。
HJ20180908,健康养生,"回购2单,已经减了8斤",0,该用户想表达的含义是：自己已经购买并使用了该产品两次，且成功减重了8斤。
HJ20180908,健康养生,我瘦下来也喜欢修身的衣服[笑哭],0,该用户想表达的含义是：虽然目前身材还未达到理想状态，但对主播推荐的修身款式服装已经产生了兴趣和向往。
HJ20180908,健康养生,喝酒能喝吗,1,该用户是在询问该产品是否适合在饮酒时饮用。
HJ20180908,健康养生,我喝了咖啡15天减了16斤,0,该用户想表达的含义是：这款咖啡的减肥效果显著，自己亲身体验后效果很好。
HJ20180908,健康养生,"我拉肚子,是怎么回事啊",0,该用户可能是在质疑产品效果或副作用，暗示自己使用后出现了肠胃不适的情况。
HJ20180908,健康养生,"婆婆喝这个咖啡减了14斤,今天又回购两单",0,该用户想表达的含义是：家人使用这款咖啡取得了显著的减肥效果，因此自己也再次下单购买以继续使用。
HJ20180908,健康养生,咖啡多少度的水,1,该用户是在询问冲泡这款减肥咖啡时需要用多少温度的水。
HJ20180908,健康养生,拍了三单让我老公和我一起喝,0,该用户想表达的含义是：自己和丈夫都购买了该产品，打算一起饮用。  （结合前文语境，直播间主要讨论咖啡的减肥效果和回购行为，用户通过“拍了三单”表明多次购买，并提及家人参与，隐含对产品的认可和分享意愿。）
HJ20180908,健康养生,快手名字叫什么,0,该用户可能是在询问主播的社交平台账号名称，以便后续关注或了解更多产品信息。
HJ20180908,健康养生,"减的确实很快,一单我减了22斤",0,该用户想表达的含义是：这款产品的减肥效果非常显著，自己购买一次就成功减掉了22斤。
HJ20180908,健康养生,怎么喝,1,该用户可能在询问产品的具体饮用方式或注意事项。
HJ20180908,健康养生,"老公减了25斤,比我减得多很多",0,该用户想表达的含义是：这款产品对男性同样有效，效果甚至比女性更显著。
HJ20180908,健康养生,是李小璐家吗,0,该用户可能在询问直播间是否是明星李小璐的店铺或代言产品，试图确认直播间的可信度或产品来源。
HJ20180908,健康养生,能不能私密发货的,1,该用户希望购买商品时能够选择不公开物流信息的隐私发货方式。
HJ20180908,健康养生,8盒喝多久,1,该用户是在询问购买8盒产品大约能饮用多长时间，以此评估是否值得购买或囤货。
HJ20180908,健康养生,"喝一个月减了13斤,继续喝",0,该用户想表达的含义是：自己通过持续饮用该产品已取得显著减肥效果，并打算坚持使用以维持成效。
HJ20180908,健康养生,说一下怎么用,1,该用户想询问产品的具体使用方法或饮用方式。
HJ20180908,健康养生,"喝不到两单减了16斤,太好了又来回购了2单",0,该用户想表达的含义是：之前购买的产品效果显著（减重16斤），感到满意所以再次下单回购。
HJ20180908,健康养生,一单可以喝多长时间,1,该用户是在询问购买一单产品后能够使用多久，以评估产品的性价比和实际需求。
HJ20180908,健康养生,一单能瘦几斤啊,1,该用户是在询问购买该产品后能达到的减肥效果，想了解使用一单能减掉多少体重。
HJ20180908,健康养生,白班夜班不规律咋吃,1,该用户想询问在作息不规律的情况下如何合理饮用该减肥咖啡以达到效果。
HJ20180908,健康养生,咖啡多少度的水冲泡,1,该用户想询问冲泡咖啡时的适宜水温，可能是出于对产品使用方法的关注或想确保饮用效果。
HJ20180908,健康养生,"我喝你们这个减肥套餐一单了,减了9斤了",0,该用户想表达的含义是：自己使用该减肥产品效果显著，已经通过购买一单成功减重9斤。
HJ20180908,健康养生,中午不喝吗,1,该用户可能在询问这款减肥咖啡是否适合在中午时段饮用，或是质疑中午不喝是否会影响减肥效果。
HJ20180908,健康养生,"一直坚持喝5单了,已经减50来斤",0,该用户想表达的含义是：通过持续购买并饮用该产品，自己已成功减重约50斤。
HJ20180908,健康养生,"我出月子就开始喝了,2单减了17斤",0,该用户想表达的含义是：这款产品效果显著，自己产后饮用后成功减重，并暗示对产品的认可和持续使用的意愿。
HJ20180908,健康养生,"你家减肥套餐确实好,我都减了31斤了,介绍了好多朋友过来拍了",0,该用户想表达的含义是：自己使用该减肥套餐效果显著并主动推荐给他人，以此证明产品的有效性并间接鼓励其他观众购买。
HJ20180908,健康养生,"我喝咖啡减了9斤,刚刚又拍了两单,加急发货",0,该用户想表达的含义是：通过使用这款减肥咖啡取得了明显效果后，又复购了两份并希望尽快收到货。
HJ20180908,健康养生,"我喝1单,瘦了10斤",0,该用户想表达的含义是：自己购买了该减肥产品并取得了明显的瘦身效果。
HJ20180908,健康养生,"咖啡瘦了17斤了,确实挺好",0,该用户想表达的含义是：自己通过喝这款减肥咖啡已经成功减重17斤，并对其效果表示认可和满意。
HJ20180908,健康养生,一直在喝你咖啡,0,该用户想表达的含义是：我是你们咖啡产品的长期忠实消费者。
HJ20180908,健康养生,用纯奶能冲吗,1,该用户是在询问这款减肥产品是否可以用纯牛奶冲泡饮用。
HJ20180908,健康养生,"我减了13斤,肚子明显小了好多",0,该用户是在分享使用直播推荐的减肥产品后的显著效果，暗示对产品的认可并可能有意继续购买。
HJ20180908,健康养生,LuLu,0,该用户可能是想询问产品名称或品牌简称“LuLu”的具体信息或购买方式。
HJ20180908,健康养生,Lululemon,0,该用户可能是在询问或提及Lululemon品牌的相关产品，暗示对该品牌的兴趣或想了解其在直播中的优惠信息。
HJ20180908,健康养生,我139多斤怎么拍,1,该用户是在询问自己体重139斤的情况下应该选择购买哪种规格或套餐。
HJ20180908,健康养生,"下单了,希望能瘦",0,该用户通过下单行为表达了对产品减肥效果的期待和信任。
HJ20180908,健康养生,Lulu,0,该用户可能在询问或提及与“Lulu”相关的产品信息，可能是直播中提到的某款商品或品牌（如Lululemon）的简称或昵称。
HJ20180908,健康养生,喝酒能喝不,1,该用户可能在询问这款减肥产品是否适合饮酒期间使用，或者饮酒是否会影响减肥效果。
HJ20180908,健康养生,哺乳期可以?,1,该用户可能是在询问哺乳期期间是否可以安全使用直播间推荐的减肥产品或咖啡。
HJ20180908,健康养生,拍了一单,0,该用户想表达的含义是：我已经下单购买了这款产品。
HJ20180908,健康养生,糖高能喝吗,1,该用户是在询问血糖偏高的人是否可以饮用直播间推荐的减肥产品。
HJ20180908,健康养生,正品?,1,该用户可能是在询问直播中所售商品是否为官方正品，担心产品的真实性和质量保障。
HJ20180908,健康养生,你家咖啡比我喝其他家减的都多,0,该用户想表达的含义是：相比其他品牌，你们家的咖啡减肥效果更明显。
HJ20180908,健康养生,李小璐开商场了,0,该用户可能是在调侃或联想主播的名字“Lulu”与品牌“Lululemon”的关联，误以为主播开设了商场，实际是在参与减肥产品的讨论。
HJ20180908,健康养生,甲减可以喝吗,1,该用户是在询问甲状腺功能减退患者是否适合饮用直播间推荐的减肥产品。
HJ20180908,健康养生,一单能减几斤,1,该用户是在询问购买一单减肥产品能带来多少减重效果。
HJ20180908,健康养生,中途不喝吗,1,该用户可能是在询问直播中展示的产品（咖啡）是否需要连续饮用才能见效，或者是否可以间断使用。
HJ20180908,健康养生,减肥之间能喝饮料吗???,1,该用户是在询问减肥期间是否可以饮用直播中推荐的饮料产品。
HJ20180908,健康养生,lululemon,0,该用户可能在询问或提及品牌“lululemon”的相关产品是否在直播间有售或参与活动。
HJ20180908,健康养生,"我拍了1单,能减几斤啊",1,该用户是在询问购买一单产品后预计能达到的减肥效果。
HJ20180908,健康养生,"我喝了20天,减了16斤,今天又回购了2单",0,该用户想表达的含义是：通过使用该产品取得了显著的减肥效果，因此再次购买以继续维持或增强效果。
HJ20180908,健康养生,露露应该是美国品牌吧,0,"该用户可能是在确认直播中提到的品牌""露露""是否源自美国，以此判断产品的可信度或品质。"
HJ20180908,健康养生,是这家lululemon,0,该用户想确认直播中提到的品牌是否就是知名运动服饰品牌lululemon。
HJ20180908,健康养生,周一日本可以带Lulu,0,该用户可能是在询问周一是否可以去日本购买Lululemon的产品，或者询问该品牌在日本是否有相关活动。
HJ20180908,健康养生,"老公减了25斤,比我减得多很多",0,该用户想表达的含义是：这款产品减肥效果显著，连我老公都减得比我多。
HJ20180908,健康养生,[捂脸][捂脸][捂脸]需要节食吗,1,该用户可能在调侃或担忧产品是否需要配合严格饮食控制才能达到减肥效果。
HJ20180908,健康养生,"50岁,163,150斤",0,该用户想表达的含义是：询问自己的年龄、身高和体重是否符合该减肥产品的适用条件。
HJ20180908,健康养生,"165斤,拍了两单哈",0,该用户想表达自己体重165斤，已经下单购买了两份产品，暗示对减肥效果感兴趣并采取了实际行动。
HJ20180908,健康养生,"喝了两单瘦了13斤,今天回购了",0,该用户想表达的含义是：之前购买并使用了该产品后取得了明显的减肥效果，因此决定再次下单购买。
HJ20180908,健康养生,怎么喝,1,该用户可能是在询问产品的具体饮用方法或注意事项。
HJ20180908,健康养生,怎么吃,1,该用户想询问产品的具体食用方法或使用方式。
HJ20180908,健康养生,"是这个牌子,你不要说是她家的",0,该用户想表达的含义是：确认这是否是某个特定品牌的产品，并暗示不希望主播提及该品牌的代言人或相关人物。
HJ20180908,健康养生,我139多斤怎么拍,1,该用户是在询问自己体重139斤的情况下应该选择购买哪个规格或套餐的产品。
HJ20180908,健康养生,一单可以喝多长时间,1,该用户是在询问购买的产品（可能是减肥饮品）的用量和持续时间，以评估购买的性价比或使用效果。
HJ20180908,健康养生,咖啡再那里,0,该用户想问的是“这款咖啡在哪里购买”。
HJ20180908,健康养生,"等我生过孩子去,在找红姐吧!",0,该用户想表达的含义是：等自己生完孩子后再联系主播咨询购买事宜。  （结合上下文，直播间主题可能与减肥产品相关，用户因怀孕暂不便使用，但未来有购买意向。）
HJ20180908,健康养生,"红姐我姐姐喝你家咖啡减了39斤,我今天也过来拍了",0,该用户想表达的意思是：看到亲友使用这款咖啡减肥效果显著，自己也产生了信任并下单购买。
HJ20180908,健康养生,99块钱一单几袋咖啡几粒胶囊啊????,1,该用户是在询问99元一单包含的具体产品数量，对性价比存在疑问。
HJ20180908,健康养生,拍了怎么喝,1,该用户是在询问购买产品后的具体饮用方法或使用步骤。
HJ20180908,健康养生,哺乳期可以吗,1,该用户是在询问产品是否适合哺乳期女性使用。
HJ20180908,健康养生,"红姐,之前喝一单减了5斤,现在第二单平台期了,怎么办",1,该用户想表达的含义是：之前购买产品后成功减重，但再次购买后效果不明显，想咨询如何突破减肥停滞期。
HJ20180908,健康养生,一单可以喝几天,1,该用户是想询问购买一单产品能够满足多少天的使用需求。
HJ20180908,健康养生,"回购2单,已经减了8斤",0,该用户想表达自己通过重复购买该产品已成功减重8斤，并暗示对产品效果的认可和持续使用的意愿。
HJ20180908,健康养生,我买3单,0,该用户想表达自己已经下单购买了3份产品，可能是出于对产品效果的信任或跟随其他用户的购买行为。
HJ20180908,健康养生,身上衣服有吗,0,该用户是在询问主播身上穿的衣服是否在售。
HJ20180908,健康养生,你家咖啡比我喝其他家减的都多,1,该用户想表达的含义是：相比其他品牌的咖啡，你们家的产品减肥效果更明显。
HJ20180908,健康养生,"减肥咖啡确实好,我是老顾客,大家放心买",0,该用户是在以老顾客的身份为产品背书，通过分享亲身使用体验来增强其他观众对减肥咖啡效果的信任感，从而促进购买转化。
HJ20180908,健康养生,你家的不拉肚子我还减了22斤,0,该用户想表达的意思是：使用你家的产品后不仅没有肠胃不适，还成功减掉了22斤体重。
HJ20180908,健康养生,"只是买咖啡,还需要买什么芦荟,在那个链接?",1,该用户想询问购买咖啡时是否需要搭配芦荟产品，并确认对应的商品购买链接在哪里。
HJ20180908,健康养生,"我喝咖啡套餐减了22斤,现在男朋友也跟我一起喝",0,该用户想表达的含义是：自己和伴侣都通过这款咖啡成功减肥，以此证明产品的效果显著。
HJ20180908,健康养生,我就是正常吃饭一单减了17斤,0,该用户想表达的意思是：按照常规饮食搭配这款产品，购买一次就成功减重了17斤。
HJ20180908,健康养生,"相信你,拍了两单加急发货",0,该用户表达了对主播的信任并已下单购买，同时希望尽快收到商品。
HJ20180908,健康养生,"你家减肥套餐确实好,我都减了31斤了,介绍了好多朋友过来拍了",0,该用户想表达的含义是：通过亲身体验验证了产品效果显著，并主动推荐他人购买以表达高度认可。
HJ20180908,健康养生,"我喝了20天,减了16斤,今天又回购了2单",0,该用户想表达的含义是：通过长期使用产品取得了显著减肥效果，因此再次下单以持续受益。
HJ20180908,健康养生,我喝减肥套餐瘦了31斤,0,该用户想表达的含义是：通过使用该减肥套餐取得了显著效果，以此证明产品的有效性并间接推荐给其他观众。
HJ20180908,健康养生,"一直坚持喝5单了,已经减50来斤",0,该用户想表达的含义是：多次购买产品后取得了显著的减肥效果。
HJ20180908,健康养生,一直在喝你咖啡,0,该用户想表达的含义是：我是你家咖啡的长期忠实顾客。
HJ20180908,健康养生,吃东西的这个太丑了,0,该用户可能是在吐槽直播中展示的某款食品外观设计难看，与产品功效无关。
HJ20180908,健康养生,衣服好好看[爱你][爱你],0,该用户被直播中展示的服装款式吸引，表达了对商品的喜爱和潜在的购买意愿。
HJ20180908,健康养生,让大头吃一波,0,该用户可能是在呼吁主播让某位昵称为“大头”的观众参与购买或试用产品，暗示对其效果的认可或调侃。
HJ20180908,健康养生,"喝了一单,减快9斤,很满意",0,该用户想表达的含义是：购买并使用了该减肥产品后效果显著，成功减重近9斤，对产品效果感到满意。
HJ20180908,健康养生,我喝完一单减了7斤多,0,该用户想表达的是：这款减肥产品效果显著，自己购买使用后成功减重了7斤多。
HJ20180908,健康养生,"50岁,163,150斤.能减多少",1,该用户想表达的含义是：询问以自己目前的年龄、身高和体重情况，使用该减肥产品预计能达到多少减重效果。
HJ20180908,健康养生,我就是正常吃饭一单减了17斤,0,该用户想表达的含义是：通过正常饮食配合产品使用，自己仅购买一次就成功减重17斤。
HJ20180908,健康养生,"我姐姐让我过来拍的,她都减了35斤了",0,该用户想表达的含义是：因为姐姐使用该产品效果显著（减重35斤），所以自己也信任并决定购买。
HJ20180908,健康养生,"效果真的很好,我已经减了11斤了",0,该用户想表达的含义是：对产品的减肥效果感到满意并分享自己的成功经历，以此间接推荐他人购买。
HJ20180908,健康养生,看看你胖的时候[龇牙],0,该用户可能是以调侃或玩笑的语气，想表达对主播过去形象的好奇或对比现在的变化。
HJ20180908,健康养生,"我喝了20天,减了16斤,今天又回购了2单",0,该用户想表达的含义是：通过持续使用产品获得了显著的减肥效果，因此对产品效果满意并进行了复购以继续使用。
HJ20180908,健康养生,美瞳太吓人了,0,该用户觉得展示的美瞳效果夸张或不自然，产生了负面观感。
HJ20180908,健康养生,真丑这个,0,该用户想表达的含义是：对直播中展示的某样商品或内容感到不满意，认为其外观难看。  （结合前文弹幕，直播间主题可能是减肥产品或服饰搭配，而当前弹幕的“这个”可能指代某个具体展示的商品、模特形象或画面元素，用户直接表达了负面审美评价。）
HJ20180908,健康养生,要吃多久,1,该用户想询问产品的使用周期或需要持续服用多长时间才能见效。
HJ20180908,健康养生,"美女带美瞳真的没有平时不带好看,建议,不是黑粉",0,该用户委婉地表达了对主播佩戴美瞳的审美差异，强调是出于善意建议而非恶意批评。
HJ20180908,健康养生,"我正常吃饭,一单减了12斤",0,该用户想表达的含义是：即使没有刻意节食，仅通过使用该减肥产品就轻松瘦了12斤。
HJ20180908,健康养生,谁家的衣服,0,该用户可能是在询问当前展示的服装品牌或商家信息，表达了对直播中出现的衣服款式的兴趣和购买意向。
HJ20180908,健康养生,红姐吃吧,0,该用户可能在调侃或催促主播“红姐”试吃展示的产品，暗示对直播中出现的食品类商品感兴趣。
HJ20180908,健康养生,你啥时候瘦的,0,该用户可能是看到主播体型变化后，好奇询问对方是通过什么方式或产品成功瘦身的，隐含对减肥效果的关注和潜在购买兴趣。
HJ20180908,健康养生,"减肥咖啡确实好,我是老顾客,大家放心买",0,该用户想表达的含义是：作为长期使用该产品的忠实消费者，我认可这款减肥咖啡的效果并推荐大家购买。
HJ20180908,健康养生,"红姐,咖啡一盒几袋",1,该用户想询问主播红姐所推销的咖啡产品每盒的具体包装规格（袋装数量），以评估购买性价比或使用周期。
HJ20180908,健康养生,"一直坚持喝5单了,已经减50来斤",0,该用户想表达的含义是：持续回购这款产品并取得了显著的减肥效果。
HJ20180908,健康养生,红姐瘦了!前几年看你直播挺胖的,0,该用户通过对比主播过去和现在的体型变化，间接表达了对减肥产品效果的关注和潜在购买兴趣。
HJ20180908,健康养生,这女孩吃东西真香,0,该用户可能是在调侃或转移话题，表达对主播吃相的关注而非对产品的兴趣。
HJ20180908,健康养生,"我姐姐喝了一单,减了不到八斤",0,该用户想表达的含义是：我姐姐购买了这款产品后瘦了不到八斤，效果还不错。
HJ20180908,健康养生,大头吃一波,0,该用户是在呼应主播“红姐”的减肥效果，表达自己也想要尝试购买这款减肥产品的意愿。
HJ20180908,健康养生,"搜到好多LuLu,怎么感觉都不是红姐说的那个人呢[捂脸]",0,该用户可能在表达对主播推荐的产品（可能是减肥咖啡或其他商品）搜索后感到困惑，因为找到的结果与主播描述的不一致，暗示对产品真实性或效果的疑虑。
HJ20180908,健康养生,"什么时候喝,一天喝几回",1,该用户想询问产品的具体饮用频率和最佳使用时间。
HJ20180908,健康养生,喝的是啥,1,该用户可能是在询问直播中正在展示或讨论的减肥饮品的具体名称或成分。
HJ20180908,健康养生,我减了7斤了,0,该用户想表达的含义是：我正在使用这款减肥产品并且已经见效了。
HJ20180908,健康养生,"我喝两单减了18斤,减的很满意",0,该用户想表达的含义是：通过购买并使用该产品，自己成功减重且效果令人满意。
HJ20180908,健康养生,咖啡怎么喝,1,该用户想表达的含义是：询问这款减肥咖啡的具体饮用方法和注意事项。
HJ20180908,健康养生,"我之前喝过很多家产品都拉肚子,就你家的不拉肚子,我还减了26斤",1,该用户想表达的含义是：相比其他品牌的产品，这款产品效果更好且无副作用，自己使用后取得了显著的减肥效果。
HJ20180908,健康养生,你家咖啡真的很好用,1,该用户想表达的含义是：这款减肥咖啡效果不错，我对产品很满意。
HJ20180908,健康养生,一单能瘦几斤啊,1,该用户是在询问购买这款减肥咖啡后，使用一个订单的量大概能减掉多少体重。
HJ20180908,健康养生,"我喝了20天,减了16斤,今天又回购了2单",0,该用户想通过分享自己的成功减肥经历和回购行为，来证明产品的有效性并间接推荐给其他观众。
HJ20180908,健康养生,回购了三单加急加急,0,该用户想表达的含义是：我已经多次购买这款产品并且很满意，这次又下单了三份希望尽快收到货。
HJ20180908,健康养生,"喝一个月减了13斤,继续喝",0,该用户想表达的含义是：这款减肥产品效果显著，自己使用后已成功减重13斤并决定继续坚持服用。
HJ20180908,健康养生,"拍了一单,能减几斤",1,该用户想询问购买一单减肥咖啡后大概能减掉多少体重。
HJ20180908,健康养生,一单能减几斤,1,该用户想询问购买一单产品后大概能减掉多少体重。
HJ20180908,健康养生,早上不吃饭怎么喝,1,该用户想表达的含义是：这款产品早上空腹时能否饮用。
HJ20180908,健康养生,"我喝你家的咖啡减了43斤,现在我身边的朋友都在喝",0,该用户想表达的含义是：这款咖啡的减肥效果显著，不仅自己成功减重，还带动了周围朋友一起购买使用。
HJ20180908,健康养生,"我喝咖啡减12斤了,又回购了",0,该用户想表达的含义是：自己通过持续饮用该产品成功减肥后再次下单，以此肯定产品的效果并分享使用体验。
HJ20180908,健康养生,脖子里带的有吗,0,该用户是在询问直播间售卖的产品中是否有适合佩戴在脖子上的款式或类型。
HJ20180908,健康养生,"马上喝完第二单,减了23斤",0,该用户想表达的含义是：自己通过连续购买并饮用该产品成功减重23斤，暗示产品效果显著并可能继续回购。
HJ20180908,健康养生,瘦下来堪比整容,0,该用户想表达的含义是：减肥效果显著，能让外貌发生巨大改变。
HJ20180908,健康养生,"50岁,163,150斤.能减多少",1,该用户想表达的含义是：询问根据自身年龄、身高和体重情况，使用该产品预计能达到的减肥效果。
HJ20180908,健康养生,"一直喝你家咖啡,今天太划算了,抢了4单",0,该用户想表达的含义是：作为长期忠实顾客，趁着本次促销活动囤购了多份产品。
HJ20180908,健康养生,10岁孩子可以吃吗,1,该用户是在询问产品是否适合儿童食用。
HJ20180908,健康养生,忌口吗,1,该用户是在询问产品使用期间是否需要避免食用某些特定食物或饮品。
HJ20180908,健康养生,"衣服在哪买的,推荐一下",0,该用户想表达的含义是：询问直播间展示的服装购买渠道并希望获得推荐。
HJ20180908,健康养生,一单喝几天,1,该用户想询问购买一单产品能够满足多少天的饮用需求。
HJ20180908,健康养生,"我喝了一单减了11斤,今天又来回购了",0,该用户想表达的含义是：之前购买并使用了该产品后成功减重，出于对效果的满意再次下单购买。
HJ20180908,健康养生,饮食有要求吗?,1,该用户是在询问使用该产品时是否需要遵循特定的饮食限制或注意事项。
HJ20180908,健康养生,怎么喝,1,该用户可能是在询问产品的具体饮用方法或注意事项。
HJ20180908,健康养生,"我出月子就开始喝了,2单减了17斤",0,该用户想表达的含义是：这款产品效果显著，自己产后刚恢复就开始饮用，通过购买多单成功减重了17斤。
HJ20180908,健康养生,"红姐,卢慧在哪里",0,该用户可能在询问直播间中提到的两位人物（红姐和卢慧）的去向或相关信息，可能是对之前直播中出现的互动或产品推荐者感到好奇。
HJ20180908,健康养生,"我老公减了14斤,肚子明显小了好多",0,该用户想表达的含义是：展示产品使用效果以间接推荐该减肥产品。
HJ20180908,健康养生,甲减能喝吗,1,该用户是在询问患有甲状腺功能减退（甲减）的人是否可以饮用直播间推荐的减肥咖啡。
HJ20180908,健康养生,299吗,1,该用户可能在确认或质疑当前直播中商品的售价是否为299元。
HJ20180908,健康养生,哺乳期可以喝吗,1,该用户是在询问产品是否适合哺乳期女性饮用，担心可能对婴儿有影响。
HJ20180908,健康养生,我133斤直接拍了两单,0,该用户想表达的含义是：自己体重133斤，对产品效果有信心所以直接购买了两份。
HJ20180908,健康养生,我就是正常吃饭一单减了17斤,0,该用户想表达的含义是：通过正常饮食配合产品使用，自己成功减重了17斤。
HJ20180908,健康养生,"我102斤也减了6斤,很满意",0,该用户想表达的含义是：通过使用该产品成功减重，对效果感到满意并间接推荐产品。
HJ20180908,健康养生,162-148斤,0,该用户想表达的含义是：询问自己目前身高162厘米、体重148斤的情况下，使用该产品能减重多少。
HJ20180908,健康养生,说一下咋喝,1,该用户想询问产品的具体饮用方法或使用说明。
HJ20180908,健康养生,150斤,1,该用户想表达的含义是：询问自己当前体重150斤的情况下使用该产品能减重多少。
HJ20180908,健康养生,脖子里带的有没有,0,该用户是在询问主播脖子上佩戴的商品是否有售卖。
HJ20180908,健康养生,胶囊多咖啡少,1,该用户可能在询问产品中咖啡因含量的配比，希望胶囊成分更多而咖啡成分较少。
HJ20180908,健康养生,戴的什么链子啊[龇牙],0,该用户对主播佩戴的项链款式感兴趣，想询问购买链接或品牌信息。
HJ20180908,健康养生,怎么价格加了呢,0,该用户可能是在询问或抱怨商品价格相比之前有所上涨，表现出对价格变动的关注和潜在的购买犹豫。
HJ20180908,健康养生,胃口不好能喝吗,1,该用户是在询问该产品是否适合肠胃敏感或消化功能不佳的人群饮用。
HJ20180908,健康养生,"这个套餐瘦的确实快,我都减了27斤了,在拍两单",0,该用户想表达的含义是：自己通过使用该瘦身套餐效果显著（减重27斤），因此打算再次购买以巩固或继续效果。  （补充说明：结合前文弹幕中大量关于产品效果、回购和减重数据的讨论，该用户的发言属于典型的效果反馈+购买意向表达，符合直播间内其他用户分享成功案例并促成转化的语境。）
HJ20180908,健康养生,121斤拍几单,1,该用户想询问自己体重121斤的情况下应该购买多少份产品才能达到理想的减肥效果。
HJ20180908,健康养生,一单喝多久?,1,该用户想询问购买一单产品能够满足多长时间的饮用需求。
HJ20180908,健康养生,"拍了一单,能减几斤",1,该用户想询问自己购买一单产品后预计能达到的减肥效果。
HJ20180908,健康养生,一单喝多长时间,1,该用户想询问购买一单产品能够使用多少天。
HJ20180908,健康养生,我182斤,1,该用户想表达的含义是：询问以自己当前的体重是否需要调整购买数量或产品规格。
HJ20180908,健康养生,一单能瘦几斤啊,1,该用户是在询问购买该产品后预计能达到的减肥效果。
HJ20180908,健康养生,一单喝多少天,1,该用户想询问购买一单产品能够满足多少天的饮用需求。
HJ20180908,健康养生,吃肉的美女喝的什么,1,该用户可能是想询问主播正在饮用的产品名称或功效，暗示对这款减肥饮品产生兴趣并考虑购买。
HJ20180908,健康养生,"红姐,卢慧在哪里了",0,该用户可能在询问直播中提到的某位人物或产品的相关信息，表现出对直播内容的关注和进一步了解的意愿。
HJ20180908,健康养生,我第二单马上喝完.减掉24斤,0,该用户想表达的含义是：我已经喝完一单产品并成功减重24斤，现在准备再次购买。
HJ20180908,健康养生,155要几单,1,该用户想询问自己体重155斤的情况下需要购买多少份产品才能达到预期减肥效果。
HJ20180908,健康养生,早上不吃饭也是早上喝吗,1,该用户是在询问产品是否适合在早晨空腹时饮用。
HJ20180908,健康养生,甲亢能喝吗,1,该用户是在询问产品是否适合甲状腺功能亢进患者饮用。
HJ20180908,健康养生,回购了三单加急发货,0,该用户想表达的含义是：对产品效果满意并已多次购买，希望尽快收到货品。
HJ20180908,健康养生,230买几单,1,该用户想询问自己体重230斤的情况下需要购买多少份产品才能达到理想的减肥效果。
HJ20180908,健康养生,"我老公减了14斤,肚子明显小了好多",0,该用户想表达的含义是：这款产品确实有效果，家人使用后体重明显下降。
HJ20180908,健康养生,155—130,1,该用户想表达的含义是：询问自己当前体重155斤想要减到130斤需要购买多少单产品。
HJ20180908,健康养生,咖啡用热水喝吗,1,该用户可能是在询问咖啡产品的具体饮用方式，即是否需要使用热水冲泡。
HJ20180908,健康养生,"刚开始喝了几天,减了3斤,还想再减8斤",0,该用户想表达的含义是：对产品效果感到满意并有意继续使用以达到进一步的减肥目标。
HJ20180908,健康养生,158-126,1,该用户想询问自己从158斤减到126斤需要购买多少单产品。
HJ20180908,健康养生,用温水冲吗,1,该用户是在询问产品冲泡时的水温要求，表现出对使用细节的关注和潜在的购买意向。
HJ20180908,健康养生,一合几条,1,该用户想询问产品包装规格，即一盒中包含多少小包或几条。
HJ20180908,健康养生,"我1米66,182斤",1,该用户是在询问自己的身高体重情况适合购买多少份产品才能达到减肥效果。
HJ20180908,健康养生,你戴的项链有没有,0,该用户想询问主播佩戴的项链是否有售卖或相关购买信息。
HJ20180908,健康养生,我又拍了一单,0,该用户想表达的是自己已经再次下单购买了直播间推荐的减肥产品。
HJ20180908,健康养生,拍了拍了,0,该用户想表达的含义是：我已经下单购买了这款产品。
HJ20180908,健康养生,"我老顽固性了,喝了几天真开始减了,今天又来回购一单",0,该用户想表达的含义是：自己长期坚持饮用该产品后确实见效，出于对效果的认可再次下单购买。
HJ20180908,健康养生,"我130斤,1米68怎么买",1,该用户想表达的含义是：询问根据自己的身高体重应该购买多少份产品才合适。
HJ20180908,健康养生,你戴的项链有没有??,0,该用户想询问主播佩戴的项链是否在售，表达了对该商品的购买兴趣。
HJ20180908,健康养生,用节食吗,1,该用户可能是在询问产品是否需要配合节食才能达到减肥效果。
HJ20180908,健康养生,"我喝两单减了18斤,减的很满意",0,该用户想表达的含义是：这款产品效果显著，自己通过购买使用成功减重，感到非常满意。
HJ20180908,健康养生,你家的不拉肚子我还减了22斤,0,该用户想表达的含义是：使用你家的产品后不仅没有肠胃不适，还成功减重了22斤。
HJ20180908,健康养生,忌口不,1,该用户可能在询问产品是否需要避免特定饮食或成分，以确认是否适合自己使用。
HJ20180908,健康养生,"红姐我喝你家减肥咖啡都减了15斤了,今天再来拍一单",0,该用户想表达自己通过使用该减肥咖啡取得了显著效果（减重15斤），因此决定再次购买以继续使用或囤货。
HJ20180908,健康养生,"已拍两单,加急发货",0,该用户想表达的含义是：我已经购买了两份产品，希望能尽快收到货。
HJ20180908,健康养生,"我是特顽固体质喝完咖啡20天,减了11斤",0,该用户想表达的意思是：这款减肥咖啡对顽固性肥胖体质效果显著，自己亲测20天就减掉了11斤。
HJ20180908,健康养生,150斤,1,该用户可能在询问适合自己150斤体重的产品使用建议或购买方案。
HJ20180908,健康养生,拍了拍了加急发货,0,该用户已经下单购买并希望商家尽快安排发货。
HJ20180908,健康养生,你戴的项链,0,该用户是在询问主播佩戴的项链是否在售或能否购买。
HJ20180908,健康养生,"咖啡瘦了17斤了,确实挺好",0,该用户想表达自己通过使用该减肥咖啡产品成功减重17斤，并对其效果表示认可和满意。
HJ20180908,健康养生,卢会看看,1,该用户想表达的含义是：我先观望一下再决定是否购买。
HJ20180908,健康养生,怎么喝,1,该用户可能在询问产品的具体饮用方法或使用注意事项。
HJ20180908,健康养生,"拍了一单,加急发货",0,该用户已经下单购买并希望商家尽快安排发货。
HJ20180908,健康养生,"回购两单,老顾客了加急发货",0,该用户想表达自己因对产品效果满意而再次购买，并希望尽快收到货品。
HJ20180908,健康养生,"哦,哦,没买过,头次买",0,该用户想表达初次尝试购买的犹豫与新鲜感，暗示对产品产生兴趣但缺乏购买经验。
HJ20180908,健康养生,"我姐姐让我过来拍的,她都减了35斤了",0,该用户想表达的含义是：因为看到姐姐使用产品效果显著（减重35斤），所以自己也来下单购买。
HJ20180908,健康养生,胶囊一次喝几粒??,1,该用户想询问产品的具体服用剂量，表现出对使用方法的关注和潜在的购买意向。
HJ20180908,健康养生,136斤,1,该用户想表达的含义是：报出自己的体重以询问适合购买的产品或使用建议。
HJ20180908,健康养生,血糖高能不能吃,1,该用户是在询问产品是否适合血糖偏高的人群食用。
HJ20180908,健康养生,我第二单马上喝完.减掉24斤,0,该用户想表达的含义是：我已经回购并快喝完第二单产品，成功减重24斤。
HJ20180908,健康养生,项链项链项链项链项链项链项链项链项链项链项链项链项链项链项链项链项链项,0,该用户想表达的含义是：强烈询问或催促主播展示/介绍项链产品。
HJ20180908,健康养生,"我喝完一单了,全喝错了",0,该用户想表达的含义是：我已经喝完了一单产品，但使用方法有误导致效果不佳。
HJ20180908,健康养生,"160厘米,122斤",1,该用户可能在询问自己的身高体重是否适合使用该减肥产品。
HJ20180908,健康养生,158cm134斤,1,该用户可能是在询问自己当前的身高体重数据是否适合使用直播推荐的减肥产品。
HJ20180908,健康养生,"我减了16斤,确实好,让老公也喝了",0,该用户想表达的含义是：自己通过使用该产品成功减重16斤，认可其效果，并打算推荐给家人尝试。
HJ20180908,健康养生,"你的唐卡,我想要",1,该用户想表达的含义是：我对主播展示的唐卡很感兴趣，有购买意向。
HJ20180908,健康养生,哪里请的,0,该用户可能是在询问主播佩戴的项链或唐卡的购买渠道或品牌信息。
HJ20180908,健康养生,"减的确实很快,一单我减了22斤",0,该用户想表达的是：这款产品减肥效果显著，自己使用后成功减掉了22斤。
HJ20180908,健康养生,"我102斤也减了6斤,很满意",0,该用户想表达的含义是：自己通过使用该产品成功减重6斤，对效果感到满意并间接推荐。
HJ20180908,健康养生,高血压能喝不,1,该用户是在询问该产品是否适合高血压人群饮用，以评估自己能否购买。
HJ20180908,健康养生,"马上喝完一单了,真没想到减了10斤,又拍了2单",0,该用户想表达的含义是：自己通过使用该产品成功减重10斤，效果超出预期，因此决定再次购买两单继续使用。
HJ20180908,健康养生,在哪里请的啊??,0,该用户是在询问直播中提到的产品（可能是减肥产品或唐卡饰品）的购买渠道或来源。
HJ20180908,健康养生,唐卡真好看,0,该用户可能对展示的唐卡艺术品产生了兴趣，暗示想要了解购买渠道或收藏方式。
HJ20180908,健康养生,"一天,喝几次?",1,该用户想询问产品的每日建议服用次数。
HJ20180908,健康养生,"我61岁,喝完你的两单咖啡掉了19斤很满意",0,该用户想表达的含义是：自己61岁，购买并饮用了两单咖啡后成功减重19斤，对产品效果感到满意。
HJ20180908,健康养生,哺乳期可以吗,1,该用户想询问直播中推荐的产品是否适合哺乳期女性使用。
HJ20180908,健康养生,咖啡温水泡还是开水泡,1,该用户可能在询问冲泡咖啡的具体方法，以确认产品使用方式是否会影响其减肥效果或饮用体验。
HJ20180908,健康养生,哺乳期能喝吗,1,该用户是在询问产品是否适合哺乳期女性使用，可能是担心成分对母婴健康有影响。
HJ20180908,健康养生,"在哪里请的,我也想请一个",0,该用户是在询问直播中展示的某件商品（可能是唐卡或减肥产品）的购买渠道，表达了自己也想购买同款的意愿。
HJ20180908,健康养生,好喝吗?,1,该用户是在询问直播中推销的饮品（可能是减肥咖啡）的口感和味道如何。
HJ20180908,健康养生,"一直喝你家咖啡,今天太划算了,抢了4单",0,该用户想表达的含义是：作为老顾客对本次促销活动感到非常满意，因此趁优惠大量回购了产品。
HJ20180908,健康养生,血糖高能喝么,1,该用户是在询问这款产品是否适合血糖偏高的人群饮用。
HJ20180908,健康养生,"我老顽固性了,喝了几天真开始减了,今天又来回购一单",0,该用户想表达的是：自己原本对产品效果持怀疑态度，但亲身体验后发现确实有效，所以再次下单购买。
HJ20180908,健康养生,"我1米68高,130斤怎么拍,忌口不",1,该用户是在询问自己的身高体重适合购买哪种规格的产品，并想了解产品是否有饮食禁忌。
HJ20180908,健康养生,芦荟是粉还是胶囊,1,该用户是在询问产品（可能是减肥或保健类）的剂型是粉末状还是胶囊状。
HJ20180908,健康养生,"我拍了1单,能减几斤啊",1,该用户想询问购买一单产品后预计能达到的减肥效果。
HJ20180908,健康养生,"我喝咖啡减12斤了,又回购了",0,该用户想表达的含义是：通过持续饮用这款咖啡成功减重，出于对效果的认可再次下单购买。
HJ20180908,健康养生,上车我就请,0,该用户想表达的含义是：只要商品上架或开售，自己就会立即下单购买。
HJ20180908,健康养生,"活动太划算了,我又回购了两单",0,该用户认为直播间的促销活动非常优惠，因此再次下单购买了两次商品。
HJ20180908,健康养生,多少米,1,该用户想询问商品的价格是多少。
HJ20180908,健康养生,芦荟再那里,1,该用户是在询问直播中提到的芦荟产品的具体购买位置或展示位置。
HJ20180908,健康养生,我第二单马上喝完.减掉24斤,0,该用户想表达的含义是：我已经回购了两次这款产品，使用后成功减重24斤。
HJ20180908,健康养生,一天喝几次?,1,该用户想询问该产品（可能是咖啡或减肥饮品）的每日建议饮用频率。
HJ20180908,健康养生,"红姐我一直喝你家减肥套餐已经减了46斤,推荐好多同事过来拍了",0,该用户想表达的含义是：作为长期使用产品的忠实顾客，她通过使用该减肥套餐取得了显著效果，并主动向周围人推荐以分享成功经验。
HJ20180908,健康养生,吃肉这个女的眼睛和狗眼睛一样,0,该用户可能在调侃或批评主播的外貌，而非表达购买兴趣。
HJ20180908,健康养生,给粉丝上点,0,该用户可能在催促主播为粉丝群体提供更多优惠或专属福利。
HJ20180908,健康养生,一面是五爷那一面是什么呀,0,该用户可能是在询问直播中展示的某款商品（如减肥套餐或咖啡）的不同版本或包装的具体区别。
HJ20180908,健康养生,这个唐卡要花钱,1,该用户可能是在询问唐卡的价格或表达对购买成本的考虑。
HJ20180908,健康养生,160105斤,1,该用户想表达的含义是：我身高160厘米体重105斤，应该选择哪个产品规格？
HJ20180908,健康养生,吃东西的是男的还是女的,1,该用户可能是对直播中展示的产品使用者性别产生好奇，想通过了解使用者的性别来判断产品是否适合自己的需求。
HJ20180908,健康养生,"我也想请一个,在哪里请的呢?",0,该用户是在询问如何购买直播中推荐的减肥产品或服务。
HJ20180908,健康养生,"我喝两单减了18斤,减的很满意",0,该用户想表达的含义是：通过购买并使用该产品后成功减重，对效果感到满意并再次下单。
HJ20180908,健康养生,"我喝你们这个减肥套餐一单了,减了9斤了",0,该用户想表达的含义是：使用该减肥产品后效果显著，已经成功减重并产生了复购意愿。
HJ20180908,健康养生,"卖两单的,也是美天喝一袋",0,该用户想表达的含义是：虽然我只购买了两单产品，但每天坚持使用一袋效果也很不错。
HJ20180908,健康养生,这怎么请啊,0,该用户想询问如何购买或请购直播中提到的商品。
HJ20180908,健康养生,"我老顽固性了,喝了几天真开始减了,今天又来回购一单",0,该用户想表达的是：之前使用这款产品确实有效果，所以决定再次下单购买。
HJ20180908,健康养生,多少钱,1,该用户想询问当前直播中展示商品的具体价格信息。
HJ20180908,健康养生,免费的不保佑,0,该用户可能是在质疑或调侃直播间的免费活动不够真诚或有效，暗示“免费的东西不靠谱”。
HJ20180908,健康养生,一单喝二十天吗,1,该用户可能在询问购买一单产品是否足够饮用二十天，以评估产品的用量和性价比。
HJ20180908,健康养生,"我喝了一单减了11斤,今天又来回购了",0,该用户想表达的含义是：之前购买的产品效果显著（减重11斤），因此再次下单复购以继续使用。
HJ20180908,健康养生,咖啡是中午喝还是早上饭前?,1,该用户可能在询问咖啡的最佳饮用时间，以配合减肥产品的使用效果。
HJ20180908,健康养生,我喝了3单减了36斤今天又来回购两单,0,该用户想表达的含义是：自己之前购买并使用了该减肥产品效果显著（减重36斤），因此再次下单回购以继续使用。
HJ20180908,健康养生,胶囊一次喝几粒?????????,1,该用户想询问产品的具体服用剂量，表现出对购买和使用该减肥产品的潜在兴趣。
HJ20180908,健康养生,"吃肉这个女的眼睛.和狗眼睛也一样,不好看",0,该用户是在对直播中某位主播的外貌进行负面评价，认为其眼睛形状与狗相似且不美观。
HJ20180908,健康养生,扎基拉姆,0,"该用户可能在询问直播间展示的唐卡或宗教物品中""扎基拉姆""这一形象的相关信息，比如寓意、请购方式或价格。"
HJ20180908,健康养生,我喝完一单减了18斤,0,该用户想表达的含义是：使用该减肥产品后效果显著，通过购买一单的量就成功减重了18斤。
HJ20180908,健康养生,"对的,谁请谁掏钱",0,该用户可能在回应关于请购唐卡或减肥产品的讨论，表达“谁想请购就该谁付钱”的务实态度。
HJ20180908,健康养生,"红姐,早上喝完咖啡,晚上还正常吃饭吗",1,该用户是在询问减肥咖啡的饮用时间安排是否会影响正常饮食，隐含对产品使用效果的关注和潜在购买意向。
HJ20180908,健康养生,99的是什么,1,该用户是在询问直播间正在推销的某款价格为99元的产品具体是什么商品或套餐。
HJ20180908,健康养生,"我喝咖啡减12斤了,又回购了",0,该用户想表达的是：这款减肥咖啡效果显著，自己已经通过饮用成功减重，并因满意效果而再次购买。
HJ20180908,健康养生,"妹妹推荐我来的,她瘦了16斤",0,该用户想表达的含义是：因为看到妹妹使用该产品效果显著，所以自己也对这款减肥产品产生了兴趣和信任。
HJ20180908,健康养生,扎基拉姆[赞][赞][赞],0,该用户可能是在称赞或认同主播推荐的“扎基拉姆”产品，表达对其效果的认可和喜爱。
HJ20180908,健康养生,怎么喝,1,该用户可能是想询问产品的具体饮用方式或服用方法。
HJ20180908,健康养生,拍了拍了,0,该用户想表达的含义是：已经下单购买了产品。
HJ20180908,健康养生,"按照你们的喝法喝减了17斤,太好了",0,该用户想表达的含义是：自己按照直播推荐的方法饮用产品后成功减重17斤，感到非常满意。
HJ20180908,健康养生,"我1米68,130斤怎么拍",1,该用户是在询问自己的身高体重适合选择哪种规格或服用方式的商品。
HJ20180908,健康养生,"老公减了25斤,比我减得多很多",0,该用户想表达的含义是：伴侣使用该产品后效果显著，比自己减重更多，暗示对产品效果的认可和潜在购买意向。
HJ20180908,健康养生,我喝完一单减了7斤多,0,该用户想表达的含义是：通过购买并饮用该产品，自己成功减重了7斤多，对效果感到满意。
HJ20180908,健康养生,红姐你的糖卡多少米,0,该用户是在询问主播“红姐”所推荐的糖果产品的价格是多少。
HJ20180908,健康养生,在哪里请?,0,该用户可能在询问产品的购买链接或下单方式。
HJ20180908,健康养生,敏敏喝的什么,1,该用户是在询问主播“敏敏”正在饮用的产品名称或类型，可能对该产品产生了兴趣或好奇。
HJ20180908,健康养生,"我100斤,怎么喝",1,该用户想表达的含义是：询问自己100斤的体重应该如何服用该产品以达到减肥效果。
HJ20180908,健康养生,"我是特顽固体质喝完咖啡20天,减了11斤",0,该用户想表达的含义是：这款咖啡的减肥效果显著，连我这种很难瘦下来的体质都在短期内减重明显。
HJ20180908,健康养生,下单了加急,0,该用户想表达自己已经完成购买并希望尽快发货。
HJ20180908,健康养生,"真的可以瘦,我减了18斤了",0,该用户是在分享自己使用产品后的显著减肥效果，以此佐证产品的有效性并激发他人购买兴趣。
HJ20180908,健康养生,拍了三单让我老公和我一起喝,0,该用户想表达的含义是：我已经下单购买了三份产品，打算和丈夫一起使用。
HJ20180908,健康养生,晚上吃完了才吃吗,1,该用户可能在询问晚上是否可以在正常用餐后继续饮用直播中推荐的减肥咖啡产品。
HJ20180908,健康养生,早饭前咖啡晚饭后芦荟两粒,0,该用户想表达的含义是：打算按照直播推荐的服用方式，在早餐前喝咖啡产品并在晚餐后服用两粒芦荟产品。
HJ20180908,健康养生,唐卡什么时候卖?,1,该用户想询问唐卡产品的上架销售时间。
HJ20180908,健康养生,上夜班怎么喝,1,该用户是在询问夜间工作时该如何饮用直播间推荐的减肥产品以达到最佳效果。
HJ20180908,健康养生,芦荟一次喝几粒???,1,该用户是在询问服用芦荟产品的具体剂量，表现出对产品使用方法的关注和潜在的购买意向。
HJ20180908,健康养生,影响睡眠吗,1,该用户可能是在询问产品是否含有影响睡眠的成分或使用后是否会导致失眠问题。
HJ20180908,健康养生,上车我要防小人,0,该用户想表达的是：我想购买防小人功效的产品，请告诉我如何下单。
HJ20180908,健康养生,吃多长时间,1,该用户想询问产品的服用周期或需要持续使用多久才能见效。
HJ20180908,健康养生,怎么喝呀,1,该用户想询问产品的具体饮用方法或使用方式。
HJ20180908,健康养生,"我老公减了14斤,肚子明显小了好多",0,该用户是在分享使用产品后的有效减重成果，暗示对产品的认可和推荐意向。
HJ20180908,健康养生,中午喝吗?,1,该用户是在询问产品（可能是减肥饮品）是否适合在中午时段饮用。
HJ20180908,健康养生,三高能喝吗,1,该用户是在询问产品是否适合有三高问题的人群饮用。
HJ20180908,健康养生,99能喝20天吗,1,该用户是在询问产品99元的价格是否足够饮用20天，以评估其性价比和用量是否适合自己。
HJ20180908,健康养生,"我姐姐喝了一单,减了不到八斤",0,该用户想表达的含义是：我姐姐购买了这款产品并服用后，体重减轻了不到八斤。
HJ20180908,健康养生,拍了拍了,0,该用户想表达的含义是：我已经下单购买了这款产品。
HJ20180908,健康养生,喝点时候还能喝酒吗,1,该用户是在询问饮用该产品期间是否可以同时饮酒。
HJ20180908,健康养生,你旁边的女的是哪个主播,0,该用户可能是对直播中出现的另一位主播产生好奇，想了解其身份或关注相关产品信息。
HJ20180908,健康养生,"喝一个月减了13斤,继续喝",0,该用户想表达的含义是：这款产品确实有效，自己使用后有明显减肥效果，打算继续坚持服用。
HJ20180908,健康养生,我也想请一个呢,0,该用户看到其他观众分享购买和使用产品的积极效果后，产生了跟风购买的意愿。
HJ20180908,健康养生,"我正常吃饭,一单减了12斤",0,该用户想表达的含义是：按照产品说明正常饮食的情况下，购买并使用该产品后成功减重了12斤。
HJ20180908,健康养生,一单能喝几天啊,1,该用户是在询问购买一单产品后能够满足多少天的饮用需求，以评估产品的性价比和使用时长。
HJ20180908,健康养生,"我也是老顾客,买了好多单真的很好",0,该用户想表达的含义是：作为多次回购的忠实客户，我对产品效果非常满意并持续支持。
HJ20180908,健康养生,一盒有多少袋咖啡,1,该用户想询问产品的具体规格，以评估购买后的使用时长和性价比。
HJ20180908,健康养生,喝完可以吃饭吗,1,该用户可能是在询问产品使用后是否会影响正常进食或需要遵守特定的饮食安排。
HJ20180908,健康养生,"我喝咖啡套餐减了22斤,现在男朋友也跟我一起喝",0,该用户想表达的含义是：分享自己和伴侣通过使用该咖啡套餐成功减肥的经历，以此推荐产品效果。
HJ20180908,健康养生,拍了一单99的喝多长时间,1,该用户想确认购买99元的产品能使用多少天。
HJ20180908,健康养生,"我出月子就开始喝了,2单减了17斤",0,该用户想表达的含义是：这款产品效果显著，自己产后饮用后成功瘦身，并暗示对促销活动感兴趣。
HJ20180908,健康养生,"我也想请一个呢,在哪里请的啊",0,该用户看到其他人分享使用产品后的效果，产生了购买意向，询问具体的购买渠道。
HJ20180908,健康养生,链子是后配的吗,0,该用户可能是在询问直播中展示的商品（如咖啡或其他产品）的配件（链子）是否为额外搭配的赠品或可选配件。
HJ20180908,健康养生,我第二单马上喝完.减掉24斤,0,该用户想表达的含义是：我已经喝完第二单产品并成功减重24斤，效果显著。
HJ20180908,健康养生,咖啡的水冲多少毫升?,1,该用户是在询问冲泡咖啡时的具体水量，以了解产品的使用细节。
HJ20180908,健康养生,一单喝多长时间,1,该用户想询问购买一份产品后能够饮用的时长。
HJ20180908,健康养生,"马上喝完一单了,真没想到减了10斤,又拍了2单",0,该用户想表达的含义是：自己已经快喝完一份产品并成功减重10斤，出于对效果的满意又回购了两份。
HJ20180908,健康养生,多少米,1,该用户想询问产品的价格是多少。
HJ20180908,健康养生,喝了之后可以备孕吗,1,该用户可能是想询问该产品是否适合备孕期间饮用，以确认其安全性和功效。
HJ20180908,健康养生,我刚出月子喝了一单减了14斤,0,该用户想表达的含义是：产后通过使用该产品成功实现了显著的体重减轻效果。
HJ20180908,健康养生,喝咖啡会心率快么,1,该用户是在询问咖啡产品是否会导致心率加快，可能出于对健康影响的顾虑或想确认产品安全性。
HJ20180908,健康养生,用啥水充,1,该用户想询问冲泡这款减肥咖啡时应该使用多少量的水。
HJ20180908,健康养生,我133斤直接拍了两单,0,该用户想表达的是：自己体重133斤，因为对产品效果有信心所以直接购买了两份。
HJ20180908,健康养生,"我老顽固性了,喝了几天真开始减了,今天又来回购一单",0,该用户想表达的意思是：自己长期坚持使用这款产品后确实看到了减肥效果，因此决定再次下单购买。
HJ20180908,健康养生,唐卡多少米,0,该用户想询问唐卡的价格是多少。
HJ20180908,健康养生,咖啡的水喝多少毫升?,1,该用户是想询问冲泡咖啡时应该加多少水。
HJ20180908,健康养生,我看你好几年了才拍,0,该用户想表达的含义是：关注主播很久终于决定下单购买了。
HJ20180908,健康养生,"我是特顽固体质喝完咖啡20天,减了11斤",0,该用户想表达的含义是：这款咖啡对顽固性肥胖体质效果显著，自己饮用后短期内实现了明显的减重效果。
HJ20180908,健康养生,"我61岁,喝完你的两单咖啡掉了19斤很满意",0,该用户想表达的意思是：作为61岁的消费者，通过购买并饮用该咖啡产品成功减重19斤，对效果感到非常满意。
HJ20180908,健康养生,"马上喝完第二单,减了23斤",0,该用户想表达的是：自己即将喝完购买的第二单产品，并且使用后成功减重了23斤。
HJ20180908,健康养生,我现在还有四盒那,0,该用户想表达的含义是：自己目前还剩余四盒产品，暗示可能即将用完或考虑回购。
HJ20180908,健康养生,你家咖啡比我喝其他家减的都多,1,该用户想表达的含义是：你们家的咖啡减肥效果比其他品牌更明显。
HJ20180908,健康养生,上车我请,0,该用户想表达的含义是：我要下单购买这个产品。
HJ20180908,健康养生,"老公减了25斤,比我减得多很多",0,该用户想表达的含义是：这款产品效果显著，家人使用后减重效果比自己更明显。
HJ20180908,健康养生,怎么喝,1,该用户可能是想询问产品的具体饮用方法或冲泡方式。
HJ20180908,健康养生,说没事,0,该用户可能是想询问产品是否对身体无害或确认安全性。
HJ20180908,健康养生,185斤要多少,1,该用户想询问自己185斤的体重需要购买多少产品才能达到减肥效果。
HJ20180908,健康养生,"你家咖啡搭配喝减的真的很快,我减了28斤",0,该用户想表达的含义是：这款咖啡的减肥效果非常明显，自己通过搭配饮用成功减掉了28斤。
HJ20180908,健康养生,需要节食,0,该用户可能是在询问这款减肥咖啡是否需要配合节食才能达到理想的减重效果。
HJ20180908,健康养生,你请的多少米,0,该用户是在询问直播中所展示的唐卡艺术品的价格。
HJ20180908,健康养生,喝咖啡会心率快么?,1,该用户可能是在询问咖啡对心率的影响，以评估自己是否适合购买这款减肥咖啡产品。
HJ20180908,健康养生,"是饭前喝咖啡,饭后吃芦荟",1,该用户可能在询问产品（咖啡和芦荟）的具体服用时间安排，以优化使用效果。
HJ20180908,健康养生,这个是谁了,0,该用户可能是在询问当前直播中提到的某个产品（如咖啡或唐卡）的具体品牌或名称。
HJ20180908,健康养生,"刚开始喝了几天,减了3斤,还想再减8斤",0,该用户想表达的含义是：使用产品后已初见成效，希望继续购买以达到更显著的减肥效果。
HJ20180908,健康养生,你家的不拉肚子我还减了22斤,0,该用户想表达的含义是：使用你们的产品后不仅没有不适反应，还成功减重了22斤。
HJ20180908,健康养生,我拍了两单,0,该用户想表达的含义是：我已经购买了两份这款减肥咖啡产品。
HJ20180908,健康养生,"喝咖啡减了14斤,很满意",0,该用户想表达的含义是：通过饮用这款咖啡成功减重14斤，对效果感到非常满意。
HJ20180908,健康养生,"红姐我一直喝你家减肥套餐已经减了46斤,推荐好多同事过来拍了",0,该用户想表达的含义是：作为长期使用产品的受益者，自己取得了显著效果并主动带动了周围人购买。
HJ20180908,健康养生,"我102斤也减了6斤,很满意",0,该用户想表达的是：使用产品后成功减重，对效果感到满意并间接推荐。
HJ20180908,健康养生,"160拍几单,怎么吃,饭前饭后",1,该用户可能在询问产品规格（160克的包装需要购买多少份）以及服用方法（饭前还是饭后食用）。
HJ20180908,健康养生,喝咖啡会心率快么?喝咖啡会心率快么?,1,该用户可能是担心咖啡对心率的影响，想确认饮用该产品是否安全。
HJ20180908,健康养生,我喝了咖啡15天减了16斤,0,该用户想表达的含义是：这款咖啡的减肥效果显著，自己亲身验证了其高效性。
HJ20180908,健康养生,"一单减了16斤,又回购了",0,该用户想表达的含义是：之前购买产品后成功减重16斤，效果显著所以再次下单。
HJ20180908,健康养生,133斤我拍了两单,0,该用户想表达自己因体重133斤而购买了两单产品，暗示对减肥效果有信心或已有使用经验。
HJ20180908,健康养生,130斤,1,该用户想表达的含义是：询问自己体重130斤的情况下需要购买多少产品或如何搭配使用才能达到减肥效果。
HJ20180908,健康养生,134∴斤拍几单,1,该用户想表达的含义是：我体重134斤，请问需要购买多少单产品才能达到减肥效果。
HJ20180908,健康养生,心脏不好可以喝吗,1,该用户是在询问产品对心脏健康的影响，担心咖啡可能不适合心脏不适人群饮用。
HJ20180908,健康养生,你请的多少钱??,0,该用户想询问直播中推广的减肥产品或服务的具体价格。
HJ20180908,健康养生,"我老公减了14斤,肚子明显小了好多",0,该用户想表达的含义是：这款减肥产品效果显著，家人使用后体重明显下降且腹部瘦身效果突出。
HJ20180908,健康养生,怎么吃?,1,该用户是想询问产品的具体食用方法或服用时间安排。
HJ20180908,健康养生,"我145斤,拍了两单",0,该用户想表达的含义是：我体重145斤，已经下单购买了两份减肥产品。
HJ20180908,健康养生,"我喝咖啡减12斤了,又回购了",0,该用户想表达的含义是：通过持续饮用这款咖啡成功实现了减重目标，出于对产品效果的认可再次下单购买。
HJ20180908,健康养生,大头老实[赞],0,该用户可能是对主播或产品表示认可和赞赏，暗示对直播内容或推荐商品的正面态度。
HJ20180908,健康养生,怎么喝,1,该用户是在询问产品的具体饮用方法或注意事项。
HJ20180908,健康养生,"喝不到两单减了16斤,太好了又来回购了2单",0,该用户想表达的含义是：之前购买产品后成功减重16斤，因效果满意再次下单回购。
HJ20180908,健康养生,前夫哥,0,该用户可能是在调侃或讽刺直播间中频繁出现的“老公/老婆减肥成功”的案例，用“前夫哥”来指代那些被反复提及的“减肥成功的前任”。
HJ20180908,健康养生,我拍了2单给我加急发货,0,该用户想表达的含义是：我已经下单购买了两份产品，希望商家能优先处理我的订单尽快发货。
HJ20180908,健康养生,"我减了16斤,确实好,让老公也喝了",0,该用户想表达的含义是：自己使用产品后成功减重，效果显著，因此推荐给家人尝试。
HJ20180908,健康养生,哺乳期可以好吗,1,该用户可能在询问哺乳期是否适合使用直播中推荐的减肥产品。
HJ20180908,健康养生,喝咖啡能吃别的药吗,1,该用户可能是在询问服用其他药物时能否同时饮用该直播推荐的咖啡产品，担心药物与咖啡成分之间是否存在冲突或影响健康。
HJ20180908,健康养生,"效果真的很好,我已经减了11斤了",0,该用户想表达的含义是：这款产品确实有效，自己使用后已经成功减重了不少。
HJ20180908,健康养生,"回购2单,已经减了8斤",0,该用户想表达的含义是：这款产品效果显著，自己已经通过回购两次成功减重8斤。
HJ20180908,健康养生,100斤拍一单,0,该用户想表达的含义是：我体重100斤，打算购买一份这个产品。
HJ20180908,健康养生,134斤呢,1,该用户想表达的含义是：询问自己134斤的体重应该购买多少产品才能达到减肥效果。
HJ20180908,健康养生,喝完了还可以在买的到吗?,1,该用户是在询问产品用完后是否还能继续购买，表现出对产品的持续需求和回购意向。
HJ20180908,健康养生,这吃的什么呀,1,该用户可能是在询问直播中展示或提到的食品具体是什么，并隐含对其功效或使用方式的兴趣。
HJ20180908,健康养生,118斤拍几单,0,该用户想询问自己体重118斤的情况下应该购买多少份产品才能达到理想的减肥效果。
HJ20180908,健康养生,晚上也喝咖啡吗,1,该用户可能在询问晚上饮用咖啡是否会影响减肥效果或健康，表现出对产品使用方法的关注和潜在购买意向。
HJ20180908,健康养生,一单能减几斤,1,该用户是在询问购买一单产品能帮助减掉多少体重。
HJ20180908,健康养生,我150拍了两单,0,该用户想表达的含义是：自己体重150斤，已经下单购买了两份产品。
HJ20180908,健康养生,"回购两单,老顾客了加急发货",0,该用户想表达自己对该产品非常信任且满意，作为忠实客户再次购买了两份，并希望商家能优先处理自己的订单尽快发货。
HJ20180908,健康养生,什么时候发货,0,该用户想确认商品下单后的具体发货时间，表现出对尽快收到产品的迫切需求。
HJ20180908,健康养生,你让吃就吃,0,该用户可能是在询问或确认主播推荐的食用方法，表达愿意遵循指导尝试产品的意愿。
HJ20180908,健康养生,"红姐我一直喝你家减肥套餐已经减了46斤,推荐好多同事过来拍了",0,该用户想表达的含义是：作为长期使用并受益于该减肥产品的忠实顾客，她不仅自己取得了显著效果，还主动向周围人推荐以分享使用体验。
HJ20180908,健康养生,24天的量能瘦多少,1,该用户想询问连续服用该减肥产品24天后预计能减掉多少体重。
HJ20180908,健康养生,说一下吃法,1,该用户想询问产品的具体食用方法或使用说明。
HJ20180908,健康养生,"老公减了25斤,比我减得多很多",0,该用户想表达的含义是：伴侣使用产品后的减肥效果比自己更显著，间接认可产品的有效性。
HJ20180908,健康养生,"按照你们的喝法喝减了17斤,太好了",0,该用户想表达的含义是：通过按照直播推荐的饮用方法使用产品，自己成功减重17斤，感到非常满意。
HJ20180908,健康养生,这是啥呀?,1,该用户可能是在询问直播中展示的具体产品是什么，表现出对当前介绍的商品产生了好奇和初步兴趣。
HJ20180908,健康养生,"我老公减了14斤,肚子明显小了好多",0,该用户想表达的含义是：这款产品确实有效，家人使用后体重明显下降。
HJ20180908,健康养生,拍了加急发货,0,该用户希望商家尽快处理并发出自己已下单的商品。  （结合前文语境，直播间主题为减肥产品，弹幕中频繁出现“拍单”“发货”“回购”等关键词，且多名用户提及产品效果和催促发货，可推断该用户已下单并迫切希望尽早收货。）
HJ20180908,健康养生,"50岁,163,150斤.,先拍一单试一下",0,该用户想表达的含义是：自己50岁、身高163厘米、体重150斤，打算先购买一份产品试用效果。
HJ20180908,健康养生,喝上拉肚子不?,1,该用户担心饮用产品后可能出现腹泻等不良反应，想确认产品的安全性。
HJ20180908,健康养生,喝了恶心头晕吗,1,该用户可能是在询问该减肥产品是否会导致饮用后出现恶心、头晕等不良反应。
HJ20180908,健康养生,"我喝咖啡套餐减了22斤,现在男朋友也跟我一起喝",0,该用户想表达的含义是：自己和伴侣通过使用该减肥咖啡套餐取得了显著效果，以此推荐产品并分享成功体验。
HJ20180908,健康养生,孕妇可以喝吗,1,该用户可能是在询问直播中推销的产品是否适合孕妇饮用，担心产品成分对孕妇有潜在风险。
HJ20180908,健康养生,"妹妹推荐我来的,她瘦了16斤",0,该用户想表达的含义是：因为看到亲友使用该产品有明显效果，所以自己也来尝试购买。
HJ20180908,健康养生,"一单减了16斤,又回购了",0,该用户想表达的含义是：使用该产品后成功减重16斤，因此再次购买以继续效果。
HJ20180908,健康养生,糖尿病能喝吗?,1,该用户是在询问该产品是否适合糖尿病患者饮用。
HJ20180908,健康养生,120斤肚子大拍几单,1,该用户想表达的含义是：自己体重120斤且腹部肥胖，打算下单购买该减肥产品试试效果。
HJ20180908,健康养生,喝完了还可以找你买吗?,1,该用户是在询问产品是否可以长期复购，表现出对商品效果满意并有意向持续购买的潜在需求。
HJ20180908,健康养生,减的是水分还是脂肪,1,该用户是在询问这款减肥产品的减重效果是否真实有效，担心减掉的只是水分而非真正消耗脂肪。
HJ20180908,健康养生,"红姐我姐姐喝你家咖啡减了39斤,我今天也过来拍了",0,该用户想表达的含义是：因为看到亲友使用该产品效果显著，自己也产生了购买意愿并已下单。
HJ20180908,健康养生,"马上喝完一单了,真没想到减了10斤,又拍了2单",1,该用户想表达的含义是：自己通过使用该减肥产品已成功减重10斤，因效果显著而立即复购了两份。
HJ20180908,健康养生,真的有效果吗?,1,该用户对产品的实际效果存在疑虑，想确认使用后的真实成效。
HJ20180908,健康养生,节食吗,1,该用户可能在询问产品是否适合在节食期间使用。
HJ20180908,健康养生,拍了三单让我老公和我一起喝,0,该用户想表达的含义是：自己和丈夫都购买了该产品，打算共同使用。
HJ20180908,健康养生,收到货用啥水泡,1,该用户想询问收到产品后应该使用哪种水来冲泡饮用。
HJ20180908,健康养生,"红姐我一直喝你家减肥套餐已经减了46斤,推荐好多同事过来拍了",0,该用户想表达的含义是：自己长期使用该产品效果显著并主动推荐他人购买，以此证明产品的可靠性和口碑传播效应。
HJ20180908,健康养生,我139多斤怎么拍,1,该用户是在询问自己体重139斤的情况下应该选择购买哪个规格或套餐。
HJ20180908,健康养生,备孕经期三高都放心喝,0,该用户想表达的含义是：询问这款产品是否适合备孕、经期和三高人群饮用。
HJ20180908,健康养生,讲一下咋喝,1,该用户想询问产品的具体饮用方法和注意事项。
HJ20180908,健康养生,"我喝了一单减了11斤,今天又来回购了",1,该用户想表达的含义是：之前购买产品后取得了显著的减肥效果（减了11斤），出于对效果的满意再次下单购买。
HJ20180908,健康养生,怎么喝,1,该用户想询问产品的具体饮用方法或冲泡方式。
HJ20180908,健康养生,"回购2单,已经减了8斤",0,该用户想表达的含义是：这款产品效果显著，自己通过使用已经成功减重，因此再次购买以继续维持效果。
HJ20180908,健康养生,记什么口,1,该用户想询问产品的具体口味或风味。
HJ20180908,健康养生,我133斤直接拍了两单,0,该用户想表达自己体重133斤，基于对产品效果的信任直接下单购买了两份。
HJ20180908,健康养生,喝了会失眠吗,1,该用户是在询问产品是否含有导致失眠的成分或副作用。
HJ20180908,健康养生,"怎么喝,讲一下",1,该用户想表达的含义是：询问产品的具体饮用方法和注意事项。
HJ20180908,健康养生,我喝完一单减了7斤多,0,该用户想表达的含义是：这款产品效果显著，自己通过购买使用成功减重了7斤多。
HJ20180908,健康养生,"我减下来了,现在我身边好多人都在跟着我一起喝",0,该用户想表达的含义是：自己通过使用该产品成功减肥，并带动了周围人一起购买尝试。
HJ20180908,健康养生,怎喝了,1,该用户想询问产品的具体饮用方法或注意事项。
HJ20180908,健康养生,"我喝咖啡减了9斤,刚刚又拍了两单,加急发货",0,该用户想表达的含义是：自己通过饮用该产品成功减重后，出于对效果的认可而再次下单并希望尽快收到货。
HJ20180908,健康养生,我收到的咋没有黄色包装那个,0,该用户可能是在疑惑自己收到的产品包装与其他人不同，暗示对商品版本或发货一致性的疑问。
HJ20180908,健康养生,咖啡是几点起?几点喝吗?,1,该用户想询问咖啡的具体饮用时间安排，比如早晨几点开始喝以及每天的饮用时段。
HJ20180908,健康养生,哺乳期能喝吗,1,该用户是在询问该产品是否适合哺乳期女性饮用，以评估自身情况下的购买安全性。
HJ20180908,健康养生,有胃病可以喝吗?,1,该用户是在询问该产品是否适合胃病患者饮用，以评估自身能否购买使用。
HJ20180908,健康养生,"你家咖啡效果确实很明显,又回购了1单",0,该用户想表达的含义是：对产品效果满意并已再次下单购买。
HJ20180908,健康养生,芦荟一单几盒,1,该用户想询问购买芦荟产品时的包装规格，即每单包含多少盒。
HJ20180908,健康养生,"马上喝完第二单,减了23斤",0,该用户想表达的含义是：自己已经喝完第一次购买的产品并成功减重23斤，现在准备再次下单购买。
HJ20180908,健康养生,用啥水泡用啥水泡,1,该用户想询问冲泡这款产品时应该使用什么类型的水（如温水、冷水等）。
HJ20180908,健康养生,"你家减肥套餐确实好,我都减了31斤了,介绍了好多朋友过来拍了",0,该用户想表达的含义是：高度认可产品的减肥效果并主动推荐给他人，以此证明产品的可靠性和口碑传播。
HJ20180908,健康养生,"用节食,忌口吗",1,该用户是在询问使用该产品是否需要配合饮食控制或忌口某些食物。
HJ20180908,健康养生,中午不用吃吗?,1,该用户可能在询问这款减肥咖啡是否需要配合中午禁食才能达到效果。
HJ20180908,健康养生,"我拍了两单,我是来回购的",0,该用户想表达的含义是：我已经购买过该产品且效果满意，现在再次下单支持。
HJ20180908,健康养生,"活动太划算了,我又回购了两单",0,该用户认为促销活动非常优惠，因此再次下单购买了两次产品。
HJ20180908,健康养生,"血脂高,血糖高能喝吗",1,该用户是在询问产品是否适合高血脂、高血糖人群饮用。
HJ20180908,健康养生,控制饮食吗,1,该用户是在询问这款减肥产品是否需要配合饮食控制才能见效。
HJ20180908,健康养生,喝酒能喝吗,1,该用户想询问这款产品在饮酒期间是否适合饮用。
HJ20180908,健康养生,收到货现喝黄色的也是现喝绿色的,0,该用户想表达的含义是：收到的货里有黄色和绿色包装的产品，都在尝试饮用。
HJ20180908,健康养生,红姐唐卡多少米请的,0,该用户想询问红姐所展示的唐卡的具体价格是多少。
HJ20180908,健康养生,你家咖啡真的很好用,1,该用户想表达的含义是：对这款咖啡产品的效果感到满意并给予正面评价。
HJ20180908,健康养生,"拍了,怎么喝呀",1,该用户想确认购买的产品（可能是减肥咖啡）的正确饮用方式或注意事项。
HJ20180908,健康养生,"一直坚持喝5单了,已经减50来斤",0,该用户想表达的含义是：通过持续购买并使用该产品，自己已成功减重50斤。
HJ20180908,健康养生,一单可以喝多长时间,1,该用户想了解购买一单产品能够满足多长时间的饮用需求。
HJ20180908,健康养生,一单能瘦几斤啊,1,该用户是在询问购买该减肥产品后预计能减掉多少体重。
HJ20180908,健康养生,一单喝多长时间,1,该用户想询问购买一单产品能够持续使用多久。
HJ20180908,健康养生,"喝不到两单减了16斤,太好了又来回购了2单",0,该用户想表达的含义是：之前购买的产品效果显著（减重16斤），因满意效果而再次下单回购了两份。
HJ20180908,健康养生,上班时间不规律咋吃,1,该用户是在询问因工作时间不固定该如何安排饮用产品的频率以达到减肥效果。
HJ20180908,健康养生,"婆婆喝这个咖啡减了14斤,今天又回购两单",0,该用户想表达的含义是：这款咖啡的减肥效果显著，家人亲测有效所以自己也再次下单购买。
HJ20180908,健康养生,一单几天,1,该用户想询问购买一单产品能够使用多少天。
HJ20180908,健康养生,一盒吃几天,1,该用户想询问产品一盒的食用周期或持续时间。
HJ20180908,健康养生,我喝减肥套餐瘦了31斤,0,该用户想表达的含义是：通过使用该减肥产品取得了显著效果，以此佐证产品的有效性并可能激发他人购买兴趣。
HJ20180908,健康养生,"50岁,163,150斤.,先拍一单试一下",0,该用户想表达的含义是：自己是一名50岁、身高163厘米、体重150斤的消费者，打算先购买一份产品试用看看效果。
HJ20180908,健康养生,"我拍了两单,我是来回购的",0,该用户想表达的含义是：自己已经购买过该产品且效果满意，现在再次下单支持。
HJ20180908,健康养生,我就是正常吃饭一单减了17斤,0,该用户想表达的含义是：仅通过日常饮食配合产品使用就轻松减重了17斤。
HJ20180908,健康养生,骨折了能喝么,1,该用户是在询问产品是否适合骨折期间饮用。
HJ20180908,健康养生,"我姐姐让我过来拍的,她都减了35斤了",0,该用户想表达的含义是：因为姐姐使用该产品效果显著（减重35斤），所以自己也被推荐来购买。
HJ20180908,健康养生,喝咖啡时间少吃瘦的快?还是正常吃瘦的快?,1,该用户是在询问减肥期间控制饮食与正常饮食对咖啡减肥效果的对比，核心关注点在于哪种方式能更快见效。
HJ20180908,健康养生,保质期多久,1,该用户想了解产品的有效期限以评估购买后的使用时长和储存安排。
HJ20180908,健康养生,"你家咖啡效果确实很明显,又回购了1单",0,该用户想表达的含义是：认可产品效果并已再次下单购买。
HJ20180908,健康养生,凉水冲喝行吗,1,该用户可能在询问产品是否可以用冷水冲泡饮用。
HJ20180908,健康养生,节食吗,1,该用户可能在询问这款减肥产品是否需要配合节食才能达到效果。
HJ20180908,健康养生,"我喝1单,瘦了10斤",0,该用户想表达的含义是：自己购买并饮用了一单产品后成功减重10斤，以此证明产品效果显著。
HJ20180908,健康养生,冲水喝的吗,1,该用户是在询问产品是否需要通过冲水溶解后饮用。
HJ20180908,健康养生,你家咖啡真的很好用,1,该用户想表达的含义是：这款咖啡的减肥效果很好，我对此很满意并可能有回购意向。
HJ20180908,健康养生,保质期是多久,1,该用户想了解产品的保质期信息以评估购买后的使用时长和囤货可行性。
HJ20180908,健康养生,这个升级款现在喝方便多了,0,该用户想表达的含义是：升级后的产品在饮用体验上更加便捷，提升了使用满意度。
HJ20180908,健康养生,六十五岁能减多少今,1,该用户想询问65岁的年龄群体使用该减肥产品能达到怎样的减重效果。
HJ20180908,健康养生,冲咖啡水温多少,1,该用户是想询问冲泡这款减肥咖啡时的具体水温要求，以确认正确的饮用方式。
HJ20180908,健康养生,看起来好好吃,0,该用户被直播展示的食品效果吸引，产生了尝试购买的意愿。
HJ20180908,健康养生,"喝一个月减了13斤,继续喝",0,该用户想表达的含义是：这款产品减肥效果显著，自己使用后已成功减重并打算继续坚持服用。
HJ20180908,健康养生,减肥三餐正常吃不加餐,0,该用户是在询问使用该减肥产品期间是否需要改变日常饮食习惯，尤其关注能否保持正常三餐而不必额外控制饮食。
HJ20180908,健康养生,已拍期待效果,0,该用户想表达的含义是：已经下单购买产品，并对使用后的效果抱有期待。
HJ20180908,健康养生,拍了两单,0,该用户想表达的含义是：我已经下单购买了两份产品，表明对商品的认可和购买意愿。
HJ20180908,健康养生,我139多斤怎么拍,1,该用户是在询问自己体重139斤的情况下应该选择购买哪种规格或类型的产品。
HJ20180908,健康养生,骨折能喝么,1,该用户是在询问骨折期间是否可以饮用该产品。
HJ20180908,健康养生,"我喝两单减了18斤,减的很满意",0,该用户想表达的含义是：通过购买并使用该产品达到了显著的减肥效果，感到非常满意并有意继续支持。
HJ20180908,健康养生,早上喝完咖啡可以立刻吃饭么?,1,该用户可能在询问饮用该减肥咖啡后是否会影响正常进食，以确认产品使用方式是否符合自己的生活习惯。
HJ20180908,健康养生,早上喝了能不能吃饭,1,该用户想询问早上饮用该产品后是否可以立即进食。
HJ20180908,健康养生,"我是女生,我真喜欢红姐",0,该用户想表达的含义是：作为女性观众，她对主播红姐非常欣赏和支持。
HJ20180908,健康养生,早上喝咖啡不吃饭可以吗,1,该用户是在询问空腹饮用该款咖啡是否会影响减肥效果或身体健康。
HJ20180908,健康养生,喝完咖啡还能吃饭吗,1,该用户是在询问饮用咖啡后是否会影响正常进餐，可能担心咖啡的饱腹感或减肥效果干扰日常饮食安排。
HJ20180908,健康养生,"我拍了两单,我是来回购的",0,该用户想表达的含义是：自己已经购买过该产品并体验良好，此次是再次下单支持。
HJ20180908,健康养生,咖啡苦吗,1,该用户可能是在询问咖啡的口感是否苦涩，以判断是否符合自己的口味偏好或饮用习惯。
HJ20180908,健康养生,120拍几单,1,该用户想询问体重120斤的人应该购买多少份产品才能达到理想的减肥效果。
HJ20180908,健康养生,"第1单咖啡减了9斤,第2单开始喝起来",0,该用户想表达的含义是：购买第一单咖啡后成功减重9斤，现在准备继续购买第二单坚持饮用以达到更好的减肥效果。
HJ20180908,健康养生,甲亢可以喝吗,1,该用户是在询问产品是否适合甲亢患者饮用。
HJ20180908,健康养生,"我是刚生完孩子小肚子大,喝完两单肚子小了好多",0,该用户想表达的含义是：这款产品对产后身材恢复效果显著，自己使用后有明显改善。
HJ20180908,健康养生,姨妈期能不能喝,1,该用户是在询问这款产品是否适合生理期饮用，可能担心特定成分对身体有影响或影响效果。
HJ20180908,健康养生,冠心病支架了能喝吗,1,该用户是在询问冠心病患者在安装了支架后是否可以饮用直播中推荐的产品。
HJ20180908,健康养生,"刚开始喝了几天,减了3斤,还想再减8斤",0,该用户想表达的含义是：对产品效果感到满意并有意继续使用以达到进一步的减肥目标。
HJ20180908,健康养生,"这个套餐瘦的确实快,我都减了27斤了,在拍两单",0,该用户想表达的是：这款减肥套餐效果显著，自己已经成功减重27斤，打算再次购买以巩固效果。
HJ20180908,健康养生,"咖啡瘦了17斤了,确实挺好",0,该用户想表达的意思是：喝这款咖啡后成功减重17斤，认可其减肥效果。
HJ20180908,健康养生,减下来是不是不用喝了,1,该用户可能是在询问如果减肥目标达成后是否还需要继续饮用该产品。
HJ20180908,健康养生,"我喝1单,瘦了10斤",0,该用户想表达的含义是：购买并饮用该产品后成功减重，效果显著。
HJ20180908,健康养生,就买药多钱,0,该用户想询问产品的具体价格并表达购买意向。
HJ20180908,健康养生,"一直坚持喝5单了,已经减50来斤",0,该用户想表达的含义是：通过持续使用该产品已成功减重显著，对效果感到满意并可能有意继续回购。
HJ20180908,健康养生,大头上来人气就是高,0,该用户想表达的含义是：主播一出现就吸引了大量观众的关注和互动。
HJ20180908,健康养生,165高130斤一单够吗,1,该用户是在询问自己的身高体重情况需要购买多少份产品才能达到预期效果。
HJ20180908,健康养生,我139多斤怎么拍,1,该用户想询问自己体重139斤应该选择购买多少份产品才能达到理想的减肥效果。
HJ20180908,健康养生,我喝减肥套餐瘦了31斤,0,该用户是在分享自己使用该减肥套餐后的显著效果，以此佐证产品的有效性并可能暗示会继续购买。
HJ20180908,健康养生,拍了三单让我老公和我一起喝,0,该用户想表达的含义是：自己已经下单购买了三份产品，并打算和丈夫一起使用。  （释义重点：强调购买行为已完成，且产品将用于夫妻共同消费，隐含对产品的认可或分享意愿。）
HJ20180908,健康养生,"我喝你家的咖啡减了43斤,现在我身边的朋友都在喝",0,该用户想通过分享自身显著的减肥效果（减重43斤）和周围朋友的跟风行为，来间接表达对产品的强烈认可和推荐意愿。
HJ20180908,健康养生,"我喝了一单减了11斤,今天又来回购了",0,该用户想表达的含义是：之前购买产品后减重效果显著，出于对效果的认可再次下单购买。
HJ20180908,健康养生,乙肝可以喝吗,1,该用户是在询问产品是否适合乙肝患者饮用，以评估自身能否购买使用。
HJ20180908,健康养生,"你家咖啡效果确实很明显,又回购了1单",0,该用户想表达的含义是：对这款咖啡的减肥效果感到满意，因此再次购买以继续使用。
HJ20180908,健康养生,一单能瘦几斤啊,1,该用户是在询问该产品的减肥效果，想知道购买一单产品能带来多少斤的体重下降。
HJ20180908,健康养生,人参果还有吗,1,该用户是在询问直播间所售的人参果产品是否仍有库存可供购买。
HJ20180908,健康养生,为什么2号链接不好剥皮,0,该用户可能是在询问产品2号链接的具体使用体验或质量问题，暗示对购买该产品存在疑虑或需要进一步了解。
HJ20180908,健康养生,"我喝咖啡减了9斤,刚刚又拍了两单,加急发货",0,该用户想表达自己通过饮用该产品成功减重，并对效果感到满意，因此再次下单并希望尽快收货以继续使用。
HJ20180908,健康养生,"这个套餐瘦的确实快,我都减了27斤了,在拍两单",0,该用户想表达的含义是：自己通过使用该减肥套餐效果显著（已减重27斤），因此决定再次下单购买以继续维持或加强效果。
HJ20180908,健康养生,芦荟是胶囊吗,1,该用户可能在询问产品形态，想知道芦荟相关产品是否是胶囊剂型以便确认是否符合自己的服用偏好。
HJ20180908,健康养生,"真的可以瘦,我减了18斤了",0,该用户是在分享自己使用产品后的显著减肥效果，以此佐证产品的有效性并间接推荐给其他观众。
HJ20180908,健康养生,人参果,0,该用户可能在询问直播间是否还有人参果这款产品在售。
HJ20180908,健康养生,喝几盒有效果,1,该用户想询问需要购买多少盒产品才能达到预期的减肥效果。
HJ20180908,健康养生,瘦下来还需要继续喝吗,1,该用户是在询问减肥产品是否需要长期服用才能维持效果。
HJ20180908,健康养生,可以和减肥糖果吃吗,1,该用户想询问减肥糖果是否可以与直播间推荐的产品同时服用以达到更好的减肥效果。
HJ20180908,健康养生,怎么吃,1,该用户可能是在询问产品的食用方法或服用方式。
HJ20180908,健康养生,喝了会不会反摊啊?,1,该用户担心饮用产品后是否会出现反弹复胖的情况。
HJ20180908,健康养生,我喝减肥套餐瘦了31斤,0,该用户想表达的含义是：通过使用该减肥产品取得了显著效果，以此证明产品的有效性并可能带动他人购买。
HJ20180908,健康养生,"你家咖啡效果确实很明显,又回购了1单",0,该用户是在肯定产品效果并分享自己的复购行为，表达了对该咖啡减肥效果的认可和持续消费的意愿。
HJ20180908,健康养生,减肥套餐红姐家减得很快,0,该用户想表达的含义是：红姐家的减肥套餐效果显著，减重速度很快。
HJ20180908,健康养生,拍了加急,0,该用户想表达自己已经下单并选择了加急配送服务，显示出较强的购买意愿和迫切收货需求。
HJ20180908,健康养生,用忌嘴吗,1,该用户想询问产品使用时是否需要忌口或饮食禁忌。
HJ20180908,健康养生,你家咖啡比我喝其他家减的都多,1,该用户想表达的含义是：相比其他品牌，你们家的咖啡在减肥效果上更显著。
HJ20180908,健康养生,记不记嘴,1,该用户想询问产品使用时是否需要控制饮食。
HJ20180908,健康养生,贫血能喝不,1,该用户可能是担心自身贫血状况是否适合饮用直播中推荐的减肥产品。
HJ20180908,健康养生,冲咖啡多少水温,1,该用户可能是在询问冲泡咖啡时的适宜水温，以确认产品使用方法或效果。
HJ20180908,健康养生,"我是特顽固体质喝完咖啡20天,减了11斤",0,该用户想表达的含义是：这款咖啡对顽固性肥胖体质效果显著，自己使用后短期内减重明显。
HJ20180908,健康养生,能喝酒吗,1,该用户可能在询问该减肥产品是否允许饮酒，担心饮酒会影响减肥效果或与产品成分产生冲突。
HJ20180908,健康养生,大头这是吃的啥呀,0,该用户可能是对直播中展示的某种食品或减肥产品感到好奇，想了解具体是什么东西。
HJ20180908,健康养生,"你家咖啡搭配喝减的真的很快,我减了28斤",0,该用户想表达的含义是：这款咖啡的减肥效果非常显著，自己通过搭配饮用成功减重了28斤。
HJ20180908,健康养生,哪里发货啊,0,该用户想询问商品的发货地点以评估物流时效或产地可靠性。
HJ20180908,健康养生,"一单减了16斤,又回购了",0,该用户想表达的含义是：之前购买的产品效果显著，成功减重后再次下单支持。
HJ20180908,健康养生,这是红姐的前夫吗?,0,该用户可能在询问直播中出现的某位人物是否与主播“红姐”有亲属关系，试图通过确认身份来评估产品的可信度或背景。
HJ20180908,健康养生,你家咖啡真的很好用,1,该用户想表达的含义是：对这款咖啡的减肥效果表示高度认可和满意。
HJ20180908,健康养生,一单吃几天,1,该用户想表达的含义是：购买这一单产品可以满足好几天的使用需求。
HJ20180908,健康养生,我喝了3单减了36斤今天又来回购两单,0,该用户想表达的含义是：通过使用该产品成功减重后再次购买以继续维持效果。
HJ20180908,健康养生,我也是马上喝完两单减了14斤多,0,该用户想表达自己通过购买并饮用该减肥产品已成功减重14斤以上，并暗示对产品效果的认可。
HJ20180908,健康养生,"我喝咖啡减了9斤,刚刚又拍了两单,加急发货",0,该用户想表达的含义是：通过饮用该产品成功减重后，出于信任和效果认可再次下单并希望尽快收货。
HJ20180908,健康养生,一天喝几包,1,该用户想询问产品的每日建议用量，以评估是否适合自身需求。
HJ20180908,健康养生,拍了怎么喝,1,该用户可能是在询问购买产品后的具体饮用方法或使用步骤。
HJ20180908,健康养生,"按照你们的喝法喝减了17斤,太好了",0,该用户想表达的含义是：使用你们推荐的饮用方法后成功减重17斤，效果令人满意。
HJ20180908,健康养生,吃的啥,1,该用户可能在询问直播中展示或提到的某种食品的具体名称或成分，可能是出于对产品效果的好奇或考虑自身饮食限制。
HJ20180908,健康养生,用温水冲吗,1,该用户是在询问冲泡咖啡时的具体水温要求。
HJ20180908,健康养生,"喝了2单,减了33斤",0,该用户想表达的含义是：通过购买并饮用该产品，自己成功实现了显著的减肥效果。
HJ20180908,健康养生,拍了加急,0,该用户想表达的含义是：我已经下单并选择了加急配送服务。
HJ20180908,健康养生,中午不喝吗,1,该用户可能在询问产品是否适合在中午时段饮用。
HJ20180908,健康养生,"真的可以瘦,我减了18斤了",0,该用户想表达的含义是：这款产品确实有效果，自己使用后成功减重了不少。
HJ20180908,健康养生,怎么喝,1,该用户想询问产品的具体饮用方法或使用步骤。
HJ20180908,健康养生,"一直喝你家咖啡,今天太划算了,抢了4单",0,该用户想表达的含义是：作为长期回购的老顾客，觉得本次促销力度很大，果断下单囤货。
HJ20180908,健康养生,最后再买一次减肥的[落泪],0,该用户表达的是在多次购买减肥产品后，出于对效果的认可或冲动消费心理，决定最后一次下单尝试。
HJ20180908,健康养生,"你家咖啡搭配喝减的真的很快,我减了28斤",0,该用户想表达的含义是：这款咖啡的减肥效果显著，自己通过饮用已经成功减重28斤。
HJ20180908,健康养生,"我老顽固性了,喝了几天真开始减了,今天又来回购一单",0,该用户想表达的是：自己原本对产品效果持怀疑态度，但亲身体验后发现确实有效，因此再次下单购买。
HJ20180908,健康养生,听到了[捂脸],0,该用户想表达的含义是：听到产品效果这么好，感到既惊讶又好笑。
HJ20180908,健康养生,"喝咖啡减了14斤,很满意",0,该用户想表达的含义是：通过饮用这款咖啡成功减重14斤，对产品效果感到非常满意。
HJ20180908,健康养生,"我喝你们这个减肥套餐一单了,减了9斤了",0,该用户想表达的含义是：使用该减肥产品后效果显著，自己已经通过购买一单成功减重9斤。
HJ20180908,健康养生,刚拍了,0,该用户想表达的含义是：我已经下单购买了这款减肥咖啡。
HJ20180908,健康养生,空腹喝吗,1,该用户是在询问产品（可能是减肥咖啡）是否需要空腹饮用。
HJ20180908,健康养生,"婆婆喝这个咖啡减了14斤,今天又回购两单",0,该用户想表达的意思是：身边人使用这款咖啡减肥效果显著，自己因此受到激励再次下单购买。
HJ20180908,健康养生,听到了,0,该用户想表达的含义是：确认自己听到了主播关于产品使用方法的说明。
HJ20180908,健康养生,"马上喝完一单了,真没想到减了10斤,又拍了2单",0,该用户想表达的含义是：自己使用产品后成功减重10斤，出于对效果的满意又追加购买了两份。
HJ20180908,健康养生,"我喝咖啡套餐减了22斤,现在男朋友也跟我一起喝",0,该用户想表达的含义是：自己和伴侣通过使用该减肥咖啡套餐取得了显著效果，并以此推荐产品。
HJ20180908,健康养生,"按照你们的喝法喝减了17斤,太好了",0,该用户想表达的含义是：遵循主播推荐的饮用方法后成功减重，感到非常满意并认可产品效果。
HJ20180908,健康养生,吃的是鸡蛋吗??,0,该用户可能在询问直播中展示的产品是否含有鸡蛋成分，可能是出于对饮食禁忌或过敏原的担忧。
HJ20180908,健康养生,"我是刚生完孩子小肚子大,喝完两单肚子小了好多",0,该用户想表达的含义是：这款产品对产后身材恢复效果显著，自己使用后腹部明显瘦了，因此又回购了两份。
HJ20180908,健康养生,"你家减肥套餐确实好,我都减了31斤了,介绍了好多朋友过来拍了",0,该用户想表达的含义是：自己使用该减肥套餐效果显著并主动推荐给他人，以此证明产品的有效性并间接鼓励其他观众购买。
HJ20180908,健康养生,用忌口吗,1,该用户是在询问使用该产品时是否需要避免某些食物或饮食习惯。
HJ20180908,健康养生,下单了加急,0,该用户想表达的含义是：我已经购买了商品并要求尽快发货。
HJ20180908,健康养生,"一直坚持喝5单了,已经减50来斤",0,该用户想表达的含义是：持续购买并使用该产品后，已成功减重50多斤。
HJ20180908,健康养生,我刚出月子喝了一单减了14斤,0,该用户想表达的含义是：产后通过使用这款减肥产品成功瘦身，效果显著。
HJ20180908,健康养生,106买多少,1,该用户可能在询问产品“106号”的具体购买数量或优惠方式。
HJ20180908,健康养生,一次我喝两袋,0,该用户想表达的含义是：我每次饮用时会加倍服用这款减肥咖啡。
HJ20180908,健康养生,你家咖啡比我喝其他家减的都多,1,该用户想表达的含义是：相比其他品牌，你们家的咖啡减肥效果更明显。
HJ20180908,健康养生,"老公减了25斤,比我减得多很多",0,该用户想表达的含义是：伴侣使用该产品后效果显著，自己也产生了购买意向。
HJ20180908,健康养生,吃那么多蛋,0,该用户可能在疑惑或调侃减肥套餐中是否包含大量鸡蛋成分。
HJ20180908,健康养生,"红姐我姐姐喝你家咖啡减了39斤,我今天也过来拍了",0,该用户想表达的含义是：因为看到亲友使用该产品效果显著，自己也产生了信任并下单购买。
HJ20180908,健康养生,可以用牛奶冲吗?,1,该用户是在询问产品（可能是减肥咖啡或套餐）是否可以用牛奶冲泡饮用。
HJ20180908,健康养生,"你举的这个东西是什么呀,是羊肉吗",1,该用户可能是在询问主播展示的产品具体是什么，尤其是对其是否为羊肉感到疑惑，想确认产品的成分或种类。
HJ20180908,健康养生,"红姐我一直喝你家减肥套餐已经减了46斤,推荐好多同事过来拍了",0,该用户想表达的含义是：作为长期使用产品的受益者，她通过自身显著效果带动了社交圈层的消费转化。
HJ20180908,健康养生,"马上喝完一单了,真没想到减了10斤,又拍了2单",0,该用户想表达的含义是：自己通过持续使用该减肥产品取得了显著效果（减重10斤），因满意效果而再次回购。
HJ20180908,健康养生,"121斤,拍了二单",0,该用户想表达的含义是：自己通过使用该产品体重减到了121斤，因此又下单购买了两份。
HJ20180908,健康养生,138斤,1,该用户可能是想询问自己当前体重138斤是否适合购买这款减肥产品，或是表达自己希望通过使用该产品达到减重效果。
HJ20180908,健康养生,185拍多少,1,该用户想询问自己身高185厘米对应的产品购买数量（可能是减肥套餐的份数）。
HJ20180908,健康养生,三餐正常吃吗,1,该用户可能在询问该减肥产品是否需要控制日常饮食，即正常三餐是否会影响减肥效果。
HJ20180908,健康养生,130斤,1,该用户想表达的含义是：报出自己的体重以咨询适合的减肥套餐购买数量或效果。
HJ20180908,健康养生,我133斤直接拍了两单,0,该用户想表达的含义是：自己体重133斤，对产品效果有信心所以直接购买了两份。
HJ20180908,健康养生,早晨不喝中午喝行吗,1,该用户可能在询问产品使用时间是否灵活，担心早晨不喝是否会影响效果。
HJ20180908,健康养生,月经期间可以喝吗,1,该用户可能是在询问该产品在生理期是否适合饮用，以确认其使用限制或安全性。
HJ20180908,健康养生,"喝了减肥套餐2单了,减了18斤",0,该用户想表达自己通过购买并使用该减肥产品取得了显著效果，以此证明产品的有效性并可能间接推荐给他人。
HJ20180908,健康养生,136拍多少,1,该用户想询问自己体重136斤的情况下需要购买多少量的产品才能达到减肥效果。
HJ20180908,健康养生,"喝一个月减了13斤,继续喝",0,该用户想表达的含义是：通过持续使用该减肥产品取得了显著效果，并打算继续坚持使用以维持或增强减肥效果。
HJ20180908,健康养生,用多少度水冲咖啡,1,该用户是在询问冲泡这款减肥咖啡的具体水温要求，以确认正确的饮用方式。
HJ20180908,健康养生,"这个套餐瘦的确实快,我都减了27斤了,在拍两单",0,该用户想表达的是：这款减肥套餐效果显著，自己已经成功减重27斤，因此决定再次下单购买两套。
HJ20180908,健康养生,请问是空腹喝吗?,1,该用户是在询问该产品是否需要空腹饮用以达到最佳效果。
HJ20180908,健康养生,我拍了2单给我加急发货,0,该用户想表达自己已经下单购买了两份产品，并希望商家能优先处理自己的订单尽快发货。
HJ20180908,健康养生,我喝减肥套餐瘦了31斤,0,该用户想表达的含义是：通过使用该减肥套餐取得了显著的瘦身效果，以此证明产品的有效性并可能暗示会继续购买。
HJ20180908,健康养生,经期可以喝吗,1,该用户是在询问该减肥产品在女性生理期间是否适合饮用。
HJ20180908,健康养生,我喝了3单减了36斤今天又来回购两单,0,该用户想表达的含义是：自己之前购买并饮用了三单该减肥产品后成功减重36斤，出于对产品效果的认可再次下单回购两单。
HJ20180908,健康养生,"第1单咖啡减了9斤,第2单开始喝起来",0,该用户想表达的是：第一次购买这款减肥咖啡成功减重9斤后，现在又复购准备继续饮用。
HJ20180908,健康养生,发啥快递,0,该用户想询问商品发货时使用的快递公司名称。
HJ20180908,健康养生,"50岁,163,150斤.,先拍一单试一下",1,该用户想表达的含义是：自己50岁、身高163厘米、体重150斤，打算先购买一单产品试用效果。
HJ20180908,健康养生,"咖啡瘦了17斤了,确实挺好",0,该用户想表达的含义是：通过饮用这款减肥咖啡，自己成功减重17斤，认可产品的效果。
HJ20180908,健康养生,160厘米122斤,1,该用户可能是在询问自己身高160厘米、体重122斤的情况是否适合购买该减肥产品。
HJ20180908,健康养生,你家咖啡比我喝其他家减的都多,1,该用户想表达的含义是：这款咖啡的减肥效果比其他品牌更显著。
HJ20180908,健康养生,122斤身高158,1,该用户是在询问自己122斤、身高158cm的体型是否适合购买直播间推荐的减肥产品。
HJ20180908,健康养生,"一直坚持喝5单了,已经减50来斤",0,该用户想表达的含义是：通过持续购买并饮用该减肥产品，自己已经成功减重了约50斤。
HJ20180908,健康养生,现在晚上喝的是颗粒了吗?,1,该用户可能在询问当前直播推荐的减肥产品是否已从之前的咖啡形式改为颗粒冲剂形式。
HJ20180908,健康养生,月经期间能喝吧?,1,该用户是在询问该产品是否适合在生理期饮用。
HJ20180908,健康养生,你家咖啡真的很好用,1,该用户想表达的含义是：这款咖啡的减肥效果非常显著，我对产品很满意。
HJ20180908,健康养生,先拍一单试试,0,该用户想表达的含义是：出于对产品效果的初步信任，决定先购买一份体验效果。
HJ20180908,健康养生,"红姐我姐姐喝你家咖啡减了39斤,我今天也过来拍了",0,该用户想表达的含义是：因为看到亲友使用这款咖啡减肥效果显著，自己也产生了购买意愿并已下单。
HJ20180908,健康养生,160132斤,1,该用户想表达的含义是：我的身高是160厘米，体重132斤，想咨询这款减肥咖啡是否适合我的情况。
HJ20180908,健康养生,"1.56米121斤,拍了二单",0,该用户想表达的含义是：根据自身身高体重情况，已经下单购买了两份产品尝试使用。
HJ20180908,健康养生,164/137斤,1,该用户是在提供自己的身高体重数据，暗示想尝试购买减肥产品。
HJ20180908,健康养生,1米55.130斤几单,1,该用户想表达的含义是：询问以自己身高1米55、体重130斤的情况需要购买多少份产品才能达到预期效果。
HJ20180908,健康养生,15593斤拍几单,1,该用户想表达的含义是：身高155厘米、体重93斤的人需要购买多少份产品才能达到理想的减肥效果。
HJ20180908,健康养生,"185斤,身高1.65拍多少单",1,该用户想表达的含义是：询问以自己185斤的体重和1.65米的身高，需要购买多少单产品才能达到理想的减肥效果。
HJ20180908,健康养生,含肉量[龇牙]你发明的词,0,该用户是在调侃主播对产品（可能是减肥咖啡）的宣传话术，认为“含肉量”这个说法新颖有趣，带点戏谑的意味。
HJ20180908,健康养生,"我102斤也减了6斤,很满意",0,该用户想表达的含义是：使用产品后体重有所下降，对效果感到满意并间接推荐产品。
HJ20180908,健康养生,回购三单加急,0,该用户想表达自己对该产品效果非常满意，因此决定再次购买多份并要求尽快发货。
HJ20180908,健康养生,138斤158米,1,该用户想表达的含义是：我身高158厘米体重138斤，请问需要购买多少单产品才能有效减肥？
HJ20180908,健康养生,"身高157,156斤",0,该用户是在提供自己的身高体重数据，暗示想咨询适合自己情况的减肥咖啡购买方案。
HJ20180908,健康养生,"一米五五,130",0,该用户是在询问自己身高155厘米、体重130斤的情况下应该购买多少单产品。
HJ20180908,健康养生,"红姐我喝你家减肥咖啡都减了15斤了,今天再来拍一单",0,该用户想表达的含义是：因为使用产品效果显著（已减15斤），所以决定再次购买以继续维持或增强减肥效果。
HJ20180908,健康养生,134身高163,1,该用户是想询问自己身高134厘米的情况下应该购买多少单产品。
HJ20180908,健康养生,"不到一单,我减了8斤",0,该用户想表达的含义是：购买并使用产品后，体重减轻了8斤，但购买量还不到一单（即购买量较少）。
HJ20180908,健康养生,"鸭蛋收到了,咋没有和直播间一样呢?没油",0,该用户想表达的含义是：收到的鸭蛋产品与直播间展示的效果不符，缺少应有的油润感。
HJ20180908,健康养生,大头长的和猪头闷似的可爱,0,该用户是在用调侃的语气表达对主播或产品形象的喜爱，认为其憨态可掬很有吸引力。  （结合前文弹幕中频繁出现的减肥产品讨论和购买意向，可推断用户是在轻松互动中流露对主播/产品的正面情绪，类似其他用户分享使用体验时的亲切氛围）
HJ20180908,健康养生,怎么喝,1,该用户可能是在询问减肥咖啡的饮用方法或具体用量以达到理想的减肥效果。
HJ20180908,健康养生,一单喝多久,1,该用户是在询问购买一单产品能够维持多长时间的饮用需求。
HJ20180908,健康养生,"我老顽固性了,喝了几天真开始减了,今天又来回购一单",1,该用户想表达的是：自己原本对减肥产品持怀疑态度，但实际体验后确实有效果，因此决定再次购买以继续使用。
HJ20180908,健康养生,刚拍完,0,该用户想表达的含义是：我已经下单购买了产品。  （结合前文语境，直播间主题与减肥产品相关，其他弹幕多涉及用户分享购买、体重变化或回购意向，因此“刚拍完”在此处应理解为用户已完成下单动作。）
HJ20180908,健康养生,"1.63.米,132斤",1,该用户是在询问以自己身高1.63米、体重132斤的体型状况，应该购买多少单产品才合适。
HJ20180908,健康养生,身高158身高130,1,该用户想表达的含义是：询问自己身高158厘米、体重130斤的情况应该购买多少单产品。
HJ20180908,健康养生,"妹妹推荐我来的,她瘦了16斤",0,该用户想表达的含义是：因为看到亲友使用产品效果显著，所以自己也想来尝试购买。
HJ20180908,健康养生,"你家咖啡效果确实很明显,又回购了1单",1,该用户是在肯定产品效果并分享自己的复购行为，表达对产品的认可和持续支持。
HJ20180908,健康养生,拍了拍了,0,该用户想表达的含义是：我已经下单购买了这款产品。  （结合前文语境，直播间主要讨论减肥产品的效果和购买情况，用户用“拍了拍了”简洁表达已完成下单动作，可能是受其他弹幕中频繁提及的“回购”“拍一单”等购买行为影响，传递出跟风购买或确认交易的意图。）
HJ20180908,健康养生,"一米七,148斤",1,该用户可能在分享自己的身高体重数据，暗示对直播间的减肥产品感兴趣或想咨询是否适合自己使用。
HJ20180908,健康养生,喝了以后是不是感觉发烧呀,1,该用户可能是担心产品是否有副作用，想确认饮用后是否会出现身体发热等不适反应。
HJ20180908,健康养生,饮食管控吗?,1,该用户是在询问产品（可能是减肥咖啡）是否需要配合饮食控制才能见效。
HJ20180908,健康养生,我也是马上喝完两单减了14斤多,0,该用户想表达的含义是：自己通过购买并饮用该减肥产品，已经成功减重14斤以上，打算再次下单。
HJ20180908,健康养生,"158身高,120斤",1,该用户是在提供自己的身高体重数据，暗示对直播间的减肥产品感兴趣并询问是否适合自己使用。
HJ20180908,健康养生,166.123斤,1,该用户想表达的含义是：我的身高是166厘米，体重是123斤，想了解这款减肥产品是否适合我。
HJ20180908,健康养生,"我喝咖啡套餐减了22斤,现在男朋友也跟我一起喝",0,该用户想表达的含义是：自己和伴侣都通过这款减肥咖啡成功瘦身，效果显著。
HJ20180908,健康养生,一米五有170斤,1,该用户可能在询问以自己一米五身高、170斤的体型是否适合使用直播中推荐的产品。
HJ20180908,健康养生,"134斤,1米6",1,该用户是在提供自己的身高体重数据，询问主播自己是否适合购买直播间推荐的减肥产品。
HJ20180908,健康养生,140斤一米五五,1,该用户是在分享自己的身高体重数据，暗示对直播中提到的减肥产品或方法感兴趣，并希望了解是否适合自己体型。
HJ20180908,健康养生,咸鸭蛋上车,1,该用户想表达的含义是：我要下单购买咸鸭蛋。  （结合前文弹幕多为购物意向、回购或咨询产品效果，语境偏向消费行为，因此“上车”在此处指“跟风购买”或“参与抢购”。）
HJ20180908,健康养生,120斤以上拍2单,0,该用户想表达的含义是：体重超过120斤的人建议购买两份产品以达到更好的效果。
HJ20180908,健康养生,这是老板在介绍么,0,该用户可能是在确认当前发言者的身份，想了解是否是老板本人在介绍产品，以便判断信息的权威性和可信度。
HJ20180908,健康养生,"马上喝完一单了,真没想到减了10斤,又拍了2单",1,该用户想表达的含义是：产品效果显著，自己减重成功后又追加购买了两份。
HJ20180908,健康养生,一单能瘦多少斤,1,该用户是在询问购买该减肥咖啡后，每份产品能带来多少减重效果，以此评估是否值得下单。
HJ20180908,健康养生,经期可以喝吗?,1,该用户可能是在询问该产品是否适合经期女性饮用，以评估其安全性和适用性。
HJ20180908,健康养生,"回购2单,已经减了8斤",0,该用户想表达的含义是：已经购买过该产品并取得了减重效果，因此再次下单以继续使用。
HJ20180908,健康养生,一米六113,1,该用户想表达的含义是：我的身高是1米6，体重是113斤。
HJ20180908,健康养生,正常吃饭吗,1,该用户可能在询问产品使用时是否需要配合特定的饮食控制或能否保持正常饮食习惯。
HJ20180908,健康养生,"我喝咖啡减12斤了,又回购了",1,该用户想表达的含义是：这款咖啡的减肥效果显著，自己亲身体验后已经成功减重并再次购买。
HJ20180908,健康养生,"150,110",1,该用户想表达的含义是：报出自己的身高体重数据，询问适合的购买方案。
HJ20180908,健康养生,160多斤拍几单,1,该用户想表达的含义是：自己体重超过160斤，询问需要购买多少份产品才能达到理想的减重效果。
HJ20180908,健康养生,都给我看饿啦[强颜欢笑][强颜欢笑][强颜欢笑][强颜欢笑][强颜欢笑],0,该用户想表达的含义是：直播中展示的食物或减肥产品效果让人产生强烈的食欲或消费冲动，但又因减肥计划需要克制而心情复杂。
HJ20180908,健康养生,用温水冲服吗,1,该用户是在询问产品的具体使用方法，暗示对产品效果感兴趣并可能考虑购买。
HJ20180908,健康养生,"我也是老顾客,买了好多单真的很好",0,该用户想表达的含义是：作为多次回购的忠实客户，我对产品效果非常满意并持续支持。
HJ20180908,健康养生,"相信你,拍了两单加急发货",0,该用户表达了对产品的信任和认可，并已采取实际行动下单购买且要求加快配送速度。  （解析：结合前文弹幕中频繁出现的减肥效果反馈、回购行为及具体体重数据，可推断直播间在推销减肥相关产品。用户“拍了两单加急发货”的行为，既呼应了其他弹幕中“回购”“拍多单”的消费模式，也透露出急切希望获得产品的心理，整体语境体现用户基于对产品效果的信任而做出的购买决策。）
HJ20180908,健康养生,你家的不拉肚子我还减了22斤,0,该用户想表达的含义是：使用你们的产品不仅没有不良反应，还成功减重了22斤。
HJ20180908,健康养生,"我喝两单减了18斤,减的很满意",0,该用户想表达的含义是：通过购买并饮用该产品成功减重18斤，对效果感到满意并可能考虑继续回购。
HJ20180908,健康养生,"一米六三,150斤",1,该用户可能是在询问适合自己身高体重的产品购买建议或使用剂量。
HJ20180908,健康养生,这蛋不咸吗,1,该用户可能在担心产品的咸度是否适合自己，想确认咸鸭蛋的口味是否过咸。
HJ20180908,健康养生,红姐脖子上戴的,0,该用户可能是在询问主播脖子上佩戴的产品信息，暗示对这件商品的兴趣或购买意向。
HJ20180908,健康养生,"156,98斤",1,该用户想表达的含义是：我的身高是156厘米，体重98斤，想咨询适合购买的产品数量或效果。  （结合前文，直播间在讨论减肥产品的使用效果和购买建议，用户通过提供身高体重数据，隐含询问产品适用性或推荐购买量。）
HJ20180908,健康养生,"喝了一单,减快9斤,很满意",0,该用户想表达的含义是：自己购买了该产品并体验后效果显著（减重近9斤），对效果感到满意。  （结合前文语境，直播间主要在讨论减肥产品的效果和回购，用户通过分享自身减重成果间接表达对产品的认可，可能隐含推荐或强化产品可信度的意图。）
HJ20180908,健康养生,拍了用温水冲着喝吗,1,该用户是在确认产品的具体冲泡方式，同时隐含对购买后使用效果的关注。
HJ20180908,健康养生,"我喝了20天,减了16斤,今天又回购了2单",0,该用户想表达的含义是：通过持续使用该产品取得了显著减肥效果，因此再次下单以巩固成果并表达对产品的认可。
HJ20180908,健康养生,"一单减了16斤,又回购了",0,该用户想表达的含义是：通过使用该产品成功减重显著，因此再次下单购买以继续使用。
HJ20180908,健康养生,小二媳妇吃,0,该用户可能是想询问主播或产品使用者（如“小二媳妇”）的食用体验或效果，以评估产品的实际效果和可信度。
HJ20180908,健康养生,"170,130",1,该用户想表达的含义是：询问自己身高170厘米、体重130斤的情况下应该购买多少产品。
HJ20180908,健康养生,我1.64一百三四,1,该用户想表达的含义是：我的身高是1米64，体重在130到140斤左右（暗示想咨询适合自己体型的产品使用效果或购买建议）。  （结合前文语境，直播间可能在推销减肥产品或健康食品，用户通过报出身高体重参与互动，潜在动机是评估产品是否适合自己或寻求购买参考。）
HJ20180908,健康养生,能吃面条馒头吗,1,该用户可能在询问该减肥产品是否允许正常饮食（如面条馒头）而不影响效果。
HJ20180908,健康养生,"我也是老顾客,买了好多单真的很好",0,该用户想表达的含义是：作为多次回购的忠实客户，对产品效果非常认可并持续支持购买。
HJ20180908,健康养生,"一米五五,93斤拍几单",1,该用户是在询问以自己身高155cm、体重93斤的体型需要购买多少份产品才能达到预期效果。
HJ20180908,健康养生,"我老公减了14斤,肚子明显小了好多",0,该用户想表达的含义是：这款产品确实有效果，家人使用后体重明显下降且体型有改善。
HJ20180908,健康养生,121斤,1,该用户是在分享自己的体重数据，暗示自己可能正在使用或考虑购买直播间的减肥产品。
HJ20180908,健康养生,坐着上班能减吗,1,该用户是在询问产品是否适合久坐办公人群使用以达到减肥效果。
HJ20180908,健康养生,"我102斤也减了6斤,很满意",0,该用户想表达的含义是：通过使用该产品，自己成功减重并感到效果满意。
HJ20180908,健康养生,14岁孩子能喝吗,1,该用户是在询问产品是否适合青少年饮用，可能担心年龄限制或安全性问题。
HJ20180908,健康养生,165130斤,1,该用户想表达的含义是：我的身高是165厘米，体重130斤，想咨询适合的购买方案。
HJ20180908,健康养生,多少度的水冲都可以吗,1,该用户是在询问产品是否对冲泡水温有特定要求，想确认使用不同温度的水是否会影响效果。
HJ20180908,健康养生,"我减下来了,现在我身边好多人都在跟着我一起喝",0,该用户想表达的含义是：这款产品帮助我成功减肥，效果显著到吸引了周围朋友也跟风购买使用。
HJ20180908,健康养生,170140斤,1,该用户想表达的含义是：询问自己身高170厘米、体重140斤的情况适合购买多少产品才能达到理想的减肥效果。
HJ20180908,健康养生,经期可以喝吗,1,该用户可能是在询问该产品是否适合经期女性饮用，担心特殊时期的身体状况是否与产品功效冲突。
HJ20180908,健康养生,"拍了一单,加急发货",0,该用户已经下单购买产品，并希望商家尽快安排发货。
HJ20180908,健康养生,"159,99斤,还能吃吗?",1,该用户可能在询问自己的身高体重是否适合继续食用该产品，隐含对产品效果或适用范围的疑虑。
HJ20180908,健康养生,"我106斤,一单减了7斤,确实不错,在拍一单",1,该用户想表达自己通过使用产品成功减重7斤，对效果感到满意并决定再次下单购买。
HJ20180908,健康养生,我喝了咖啡15天减了16斤,0,该用户想通过分享自己的减肥成果来间接推荐这款咖啡产品，暗示其效果显著值得购买。
HJ20180908,健康养生,"我正常吃饭,一单减了12斤",0,该用户想表达的含义是：在保持正常饮食的情况下，使用该产品后成功减重了12斤。
HJ20180908,健康养生,"30岁160,126斤",1,该用户想表达的含义是：报出自己的身高体重，询问适合购买哪种产品。
HJ20180908,健康养生,喝多久,1,该用户是在询问产品需要持续饮用多长时间才能见效。
HJ20180908,健康养生,1米6.121斤,1,该用户想表达自己的身高体重数据以咨询适合的购买方案或产品效果。
HJ20180908,健康养生,"活动太划算了,我又回购了两单",0,该用户被直播间的促销活动吸引，因对产品效果满意而再次下单购买。
HJ20180908,健康养生,"妹妹推荐我来的,她瘦了16斤",0,该用户想表达的含义是：因为看到妹妹使用产品后效果显著（瘦了16斤），所以自己也来直播间了解或购买。
HJ20180908,健康养生,怎么喝.拍了一单.试试,1,该用户想表达的含义是：询问产品使用方法并表示已经下单购买尝试。
HJ20180908,健康养生,"一直坚持喝5单了,已经减50来斤",0,该用户想表达的含义是：通过持续购买并饮用该产品，自己已经成功减重了约50斤。
HJ20180908,健康养生,167高150斤吃几单,1,该用户想表达的含义是：身高167厘米体重150斤的体型需要购买多少份产品才能见效。
HJ20180908,健康养生,1米7140斤,1,该用户想表达的含义是：报出自己的身高体重数据，咨询适合购买的产品用量或效果。
HJ20180908,健康养生,66岁140斤,1,该用户想表达的含义是：询问以自己66岁、140斤的体型是否适合购买该产品。
HJ20180908,健康养生,请问是早上空腹喝吗?,1,该用户是在询问产品的具体饮用方法，尤其是是否需要在早晨空腹时服用。
HJ20180908,健康养生,一单能瘦几斤啊,1,该用户是在询问购买该产品后预计能达到的减肥效果。
HJ20180908,健康养生,一米六.86斤,1,该用户是在分享自己的身高体重数据，暗示对直播间的减肥产品感兴趣并询问是否适合自己使用。
HJ20180908,健康养生,经期能喝吗,1,该用户是在询问该产品是否适合在生理期间饮用。
HJ20180908,健康养生,"我喝你家的咖啡减了43斤,现在我身边的朋友都在喝",0,该用户想表达的含义是：这款咖啡的减肥效果非常显著，不仅自己成功减重，还带动了周围朋友一起购买使用。
HJ20180908,健康养生,怎么吃的,1,该用户想询问产品的具体食用方法或服用方式。
HJ20180908,健康养生,吃完还可以找你买吗,1,该用户想表达的含义是：询问产品是否可以长期复购以维持效果。
HJ20180908,健康养生,拍了三单让我老公和我一起喝,0,该用户想表达的含义是：自己已经下单购买了三份产品，打算和丈夫一起使用。  （结合前文语境，直播间在推销一款减肥咖啡，其他弹幕多围绕减肥效果、购买行为和产品使用方式展开，因此该用户的发言也属于购买后的分享，表达对产品的兴趣和实际消费行为。）
HJ20180908,健康养生,一单减几斤,1,该用户是在询问购买一单产品后预计能减掉多少体重。
HJ20180908,健康养生,一直在喝你咖啡,0,该用户想表达的含义是：长期使用并认可这款咖啡产品。
HJ20180908,健康养生,你两直播人气高,0,该用户想表达的含义是：你们两位主播的直播很受欢迎，吸引了大量观众关注。
HJ20180908,健康养生,一盒几包?买了一单,1,该用户想确认产品规格后表示已下单购买。
HJ20180908,健康养生,一单吃几天,1,该用户想询问购买一单产品能够满足自己几天的食用需求。
HJ20180908,健康养生,可以用牛奶冲吗?,1,该用户是在询问产品是否支持用牛奶冲泡，以确认具体的食用方式是否符合自己的饮用习惯或口味偏好。
HJ20180908,健康养生,120斤以上拍2单,1,该用户想表达的含义是：体重超过120斤的人需要购买两份产品才能达到预期效果。
HJ20180908,健康养生,坐着上班可以减吗,1,该用户是在询问产品是否适合久坐办公人群使用以达到减肥效果。
HJ20180908,健康养生,早上空腹喝吗?,1,该用户想询问该产品是否适合在早晨空腹时饮用以达成减肥效果。
HJ20180908,健康养生,吃的什么肉,0,该用户想询问直播中推荐的产品具体包含哪些肉类成分。
HJ20180908,健康养生,"马上喝完第二单,减了23斤",0,该用户想表达的含义是：自己已经喝完第一单产品并成功减重23斤，现在准备继续购买第二单。
HJ20180908,健康养生,"大头长的多可爱,猪头闷都没有他好看",0,该用户可能是在调侃主播或产品形象，用夸张的比喻表达对直播内容的喜爱或轻松氛围的参与感。
HJ20180908,健康养生,"红姐我姐姐喝你家咖啡减了39斤,我今天也过来拍了",0,该用户想表达的含义是：因为看到亲友使用该产品效果显著，自己也产生了信任并下单购买。
HJ20180908,健康养生,"咖啡瘦了17斤了,确实挺好",0,该用户想表达的意思是：喝这款咖啡后成功减重17斤，认可产品的减肥效果。
HJ20180908,健康养生,我喝了3单减了36斤今天又来回购两单,0,该用户想表达的是：之前购买这款产品后成功减重36斤，出于对效果的认可再次下单回购。
HJ20180908,健康养生,"1米69,身体120",1,该用户想表达的含义是：我的身高是1米69，体重120斤，请问需要购买多少单产品才合适？
HJ20180908,健康养生,"回购两单,老顾客了加急发货",0,该用户是在表达自己作为忠实顾客再次购买产品，并希望商家能优先处理自己的订单。
HJ20180908,健康养生,208斤红姐拍几单,1,该用户是在询问体重208斤的主播“红姐”需要购买多少单产品才能达到减肥效果。
HJ20180908,健康养生,一单喝几天,1,该用户是在询问购买一份产品能够满足几天的饮用需求。
HJ20180908,健康养生,"喝了,多久能吃饭早上",1,该用户是在询问饮用产品后需要间隔多长时间才能在早晨正常进食。
HJ20180908,健康养生,"我喝你家的咖啡减了43斤,现在我身边的朋友都在喝",0,该用户想通过分享自己显著的减肥效果和身边朋友的跟风行为，来间接推荐这款咖啡并暗示其效果可靠。
HJ20180908,健康养生,咸不咸,1,该用户是在询问直播中推销的食品（可能是肉类或含盐产品）的咸度是否适合自己口味。
HJ20180908,健康养生,"我拍了1单,能减几斤啊",1,该用户想询问自己购买的产品使用后预计能达到的减肥效果。
HJ20180908,健康养生,"我也是老顾客,买了好多单真的很好",0,该用户想表达的含义是：作为多次回购的忠实客户，对产品效果非常满意并持续支持。
HJ20180908,健康养生,"我106斤,一单减了7斤,确实不错,在拍一单",1,该用户想表达的含义是：自己通过购买产品成功减重，效果满意，决定再次下单继续使用。
HJ20180908,健康养生,鸭蛋星吗,0,该用户可能在询问产品是否适合特定星座或体质的人使用。
HJ20180908,健康养生,我拍了2单给我加急发货,0,该用户已经下单购买了两份产品，并希望商家能优先处理自己的订单尽快发货。
HJ20180908,健康养生,怎么喝,1,该用户可能在询问产品的具体饮用方式或时间安排。
HJ20180908,健康养生,"我姐姐喝了一单,减了不到八斤",0,该用户想表达的含义是：我姐姐购买了这款产品后体重有所下降，但效果没有其他人显著。
HJ20180908,健康养生,一单能减几斤,1,该用户是在询问购买一单产品能带来多少减肥效果。
HJ20180908,健康养生,我拍了三单,0,该用户想表达的是自己已经下单购买了三次产品。
HJ20180908,健康养生,他给他媳妇长的一样丑,0,该用户可能在嘲讽主播或其伴侣的外貌，与直播间的产品讨论无关，属于无关攻击性言论。
HJ20180908,健康养生,我133斤直接拍了两单,0,该用户想表达自己体重133斤，出于对产品效果的信任直接下单购买了两份。
HJ20180908,健康养生,经期能喝吗,1,该用户可能是担心产品在生理期间是否适用，想确认饮用安全性或效果。
HJ20180908,健康养生,"我102斤也减了6斤,很满意",0,该用户想表达的含义是：通过使用产品成功减重，对效果感到满意并可能考虑继续购买。
HJ20180908,健康养生,"喝了2单,减了33斤",0,该用户想表达的含义是：我购买并饮用了两单产品后成功减重33斤。
HJ20180908,健康养生,冲咖啡水温多少,1,该用户想询问冲泡该直播间销售的咖啡时所需的水温是多少。
HJ20180908,健康养生,牛奶冲咖啡可以吗?能回复下[捂脸],1,该用户可能在询问产品使用方式（牛奶搭配咖啡的可行性），并希望得到主播的即时回应以确认购买前的疑虑。
HJ20180908,健康养生,鸭蛋挺好吃的个个流油个头也挺大的,0,该用户是在称赞鸭蛋品质优良，暗示有购买意向。
HJ20180908,健康养生,确实可以瘦的,0,该用户想表达的含义是：认同产品确实具有减肥效果。
HJ20180908,健康养生,拍了加急发货,0,该用户希望商家尽快处理并配送自己刚下的订单。
HJ20180908,健康养生,蛮好吃的,1,该用户是在认可产品的口味或效果，暗示对商品品质的满意或产生购买兴趣。
HJ20180908,健康养生,"喝了减肥套餐2单了,减了18斤",0,该用户想表达的含义是：自己已经购买了两份减肥套餐并取得了显著的减重效果。
HJ20180908,健康养生,拍一单试试看有没有用,1,该用户想表达的含义是：出于对产品效果的半信半疑，打算先少量购买体验效果。
HJ20180908,健康养生,会不会特别咸,1,该用户可能是担心产品的咸度会影响使用体验或健康效果，想确认口味是否适中。
HJ20180908,健康养生,我139多斤怎么拍,1,该用户是在询问自己体重139斤的情况下应该选择购买多少份（几单）产品才能达到理想的减肥效果。
HJ20180908,健康养生,想减哪里减哪里吗?主要想减大腿,1,该用户是在询问产品是否能针对局部部位（尤其是大腿）进行针对性减肥，并希望得到确认或进一步的使用建议。
HJ20180908,健康养生,怎么吃减肥药,1,该用户可能是想询问服用减肥药的具体方法或注意事项，以评估是否适合自己购买使用。
HJ20180908,健康养生,怎么吃?,1,该用户想询问减肥产品的具体服用方法或使用方式。
HJ20180908,健康养生,咱们买到的能一个她这样我就服,0,该用户想表达的含义是：如果买到的产品效果能和主播展示的案例一样好，我就真心认可这个产品。
HJ20180908,健康养生,怎么服用,1,该用户想询问产品的具体使用方法或服用剂量。
HJ20180908,健康养生,拍了三单希望有效果,0,该用户表达了对自己购买产品的期待，希望通过多次下单来获得满意的使用效果。
HJ20180908,健康养生,海鸭蛋起沙流油20个,0,该用户可能是在询问或确认这款海鸭蛋产品的品质特点（起沙流油）以及包装规格（20个装），暗示对产品有兴趣并考虑购买。
HJ20180908,健康养生,"拍了一单,加急发货",0,该用户已经下单购买并希望尽快收到商品。
HJ20180908,健康养生,小孩可以吃吗,1,该用户是在询问直播中推销的产品是否适合儿童食用，以评估其安全性和适用性。
HJ20180908,健康养生,"马上喝完一单了,真没想到减了10斤,又拍了2单",0,该用户想表达的是：自己已经喝完一单产品并成功减重10斤，因为效果显著所以立刻复购了两单。
HJ20180908,健康养生,上夜班怎么喝啊?,1,该用户可能在担心产品（如咖啡或减肥饮品）的饮用时间与夜班冲突，询问如何在不影响夜班的情况下使用该产品。
HJ20180908,健康养生,喝完咖啡吃早餐吗,1,该用户可能在询问产品（可能是减肥产品或代餐饮品）的使用方法，即是否需要在饮用咖啡后立即进食早餐以达到预期效果。
HJ20180908,健康养生,"我61岁,喝完你的两单咖啡掉了19斤很满意",0,该用户想表达的含义是：作为年长消费者，通过购买并体验该减肥咖啡后取得了显著效果，因此对产品表示满意和认可。
HJ20180908,健康养生,我喝减肥套餐瘦了31斤,0,该用户是在分享自己使用该减肥套餐后的显著效果，以此佐证产品的有效性并间接推荐给其他观众。
HJ20180908,健康养生,"我拍了两单,我是来回购的",0,该用户想表达的含义是：自己已经购买过该产品并感到满意，因此再次下单支持。
HJ20180908,健康养生,我拍了2单给我加急发货,0,该用户已经下单购买了两份产品，并希望商家能优先处理自己的订单尽快发货。
HJ20180908,健康养生,"喝了2单,减了33斤",0,该用户想表达的是：自己已经购买并饮用了两单减肥产品，成功减掉了33斤体重。
HJ20180908,健康养生,大头媳妇像李维嘉,0,该用户可能是在调侃主播或产品代言人的外貌特征，试图通过幽默方式融入直播间互动氛围，而非表达购买意向。
HJ20180908,健康养生,冲咖啡水温多少,1,该用户想询问冲泡直播间推荐的减肥咖啡时所需的水温是多少。
HJ20180908,健康养生,怎么喝,1,该用户是在询问产品的具体饮用方法或注意事项。
HJ20180908,健康养生,"拍了一单,能减几斤",1,该用户想表达的含义是：已经下单购买了产品，询问使用后大概能减掉多少体重。
HJ20180908,健康养生,"减肥咖啡确实好,我是老顾客,大家放心买",0,该用户想表达的含义是：以老顾客的身份为产品背书，鼓励其他观众放心购买这款有效的减肥咖啡。
HJ20180908,健康养生,我吃完能像大头这样长相就可爱了,0,该用户想表达的含义是：如果使用这款产品后能像主播（大头）一样变得可爱，自己就有兴趣购买。
HJ20180908,健康养生,不够狠,0,该用户可能是在抱怨直播间的优惠力度或产品效果没有达到预期，觉得不够吸引人或不够给力。
HJ20180908,健康养生,"我是特顽固体质喝完咖啡20天,减了11斤",0,该用户想表达的含义是：作为难以减肥的特例，使用该产品后取得了显著效果。
HJ20180908,健康养生,减肥怎么吃,1,该用户想询问减肥期间应该如何搭配饮食或正确使用直播中推荐的减肥产品。
HJ20180908,健康养生,雯雯呢?[皱眉][皱眉][皱眉],0,该用户可能在询问直播间中某位名叫“雯雯”的主播或工作人员的去向，并表现出关切或期待的情绪。
HJ20180908,健康养生,"我减了13斤,肚子明显小了好多",0,该用户想表达的含义是：使用产品后取得了明显的减肥效果，对产品效果表示认可和满意。
HJ20180908,健康养生,"很好吃,就是蛋壳不太好剥",0,该用户想表达的含义是：产品效果不错但包装设计有待改进。  （结合前文弹幕中频繁提及产品效果和购买行为，用户的核心意图是反馈使用体验，在肯定口味的同时委婉指出细节问题，属于带有改进建议的积极评价。）
HJ20180908,健康养生,"回购两单,老顾客了加急发货",0,该用户是在强调自己多次购买该产品并希望优先处理订单，以此表达对商品的信任和迫切收货的需求。
HJ20180908,健康养生,咖啡怎么喝,1,该用户可能在询问咖啡的饮用方法或具体使用方式，尤其是结合减肥效果相关的饮用建议。
HJ20180908,健康养生,一单快喝完了减了8斤,0,该用户想表达的意思是：我购买了一次这款减肥咖啡，快喝完时已经瘦了8斤，效果不错。
HJ20180908,健康养生,"喝不到两单减了16斤,太好了又来回购了2单",0,该用户想表达的含义是：自己之前购买了两单产品并成功减重16斤，因为效果满意所以再次回购了两单。
HJ20180908,健康养生,吃的什么肉,0,该用户可能在询问直播中展示或推荐的减肥食品的具体成分或肉类来源。
HJ20180908,健康养生,"我老顽固性了,喝了几天真开始减了,今天又来回购一单",0,该用户想表达的含义是：自己属于很难减肥的体质，但尝试这款产品后确实有效果，因此再次下单购买。
HJ20180908,健康养生,生的熟的?,0,该用户是想询问产品是否需要加工或直接食用。
HJ20180908,健康养生,"红姐别生气,我也山东临清的,我跟雯雯朋友,我就是问一下而已[哼]",0,该用户想表达的含义是：我是主播熟人的同乡，只是出于好奇随口询问，并非有意冒犯。
HJ20180908,健康养生,我喜欢吃这个的黄,1,该用户想表达的是对直播中某款黄色食品的喜爱和购买兴趣。
HJ20180908,健康养生,刚拍了一单海鸭蛋,0,该用户通过分享自己下单的行为，表达了对海鸭蛋产品的认可和购买意愿，侧面为商品进行了口碑推荐。
HJ20180908,健康养生,狠咸吗,1,该用户是在询问产品（可能是海鸭蛋）的咸度是否足够重。
HJ20180908,健康养生,你这有烤羊腿吗,1,该用户可能在询问直播间是否有售卖烤羊腿这一商品，表现出对特定食品的兴趣或购买意向。
HJ20180908,健康养生,"就你们吃的欢,还让我们去消费",0,该用户可能是在抱怨主播或部分观众只顾自己享受产品（如吃喝或展示效果），却鼓动其他人盲目跟风消费，带有不满或讽刺的意味。
HJ20180908,健康养生,咖啡一单喝多少天,1,该用户是在询问购买一单咖啡大概能饮用多长时间，以此评估产品的使用周期和性价比。
HJ20180908,健康养生,咸吗?,1,该用户是在询问直播中展示的食品（可能是海鸭蛋或其他腌制食品）的咸度是否适中。
HJ20180908,健康养生,减肥的里边都有啥,1,该用户想询问直播间正在介绍的减肥产品具体包含哪些成分或内容。
HJ20180908,健康养生,咸不咸,1,该用户是在询问产品的咸度是否适中，可能是出于对口味偏好或健康饮食的考虑而想确认产品的咸淡程度。
HJ20180908,健康养生,感觉你和你姐夫好恩爱,0,该用户可能是在调侃或羡慕主播与家人之间的亲密互动，以此拉近距离或表达对直播氛围的认可。
HJ20180908,健康养生,"不怎么太咸,我白着口都吃了俩",0,该用户想表达的含义是：这个食物咸度适中，即使口味清淡的我也能接受，并且已经吃了两个。
HJ20180908,健康养生,拍了加急,0,该用户想表达自己已经下单并选择了加急配送服务。
HJ20180908,健康养生,"前夫在你身边,现夫看见高兴吗?",0,该用户可能是在调侃主播与身边男性（前夫和现夫）的关系，以此制造轻松幽默的氛围或试探主播的私生活反应。
HJ20180908,健康养生,人家还有亲戚的,0,该用户可能是在暗示自己还有亲友需要购买同一款产品，表达潜在的团购意向或对产品的认可。
HJ20180908,健康养生,多少个,1,该用户可能在询问直播中提到的商品（如减肥产品、海鸭蛋等）的购买数量或使用量。
HJ20180908,健康养生,内蒙有运费,0,该用户可能是在询问或确认内蒙古地区是否需要额外支付运费。
HJ20180908,健康养生,咸吗?,1,该用户是在询问直播中展示的食品口味是否偏咸，以判断是否符合自己的饮食偏好或购买需求。
HJ20180908,健康养生,四个人来回混着过吧,0,该用户可能是在询问直播中展示的某种食品（如海鸭蛋或其他腌制食品）是否可以由多人轮流分享食用。
HJ20180908,健康养生,"红姐大度,佩服[玫瑰][玫瑰][玫瑰]",0,该用户是在对主播红姐处理之前弹幕冲突时展现的宽容态度表示赞赏和敬意。
HJ20180908,健康养生,"红姐喜欢就地解决,好幽默",0,"该用户可能是想调侃主播红姐的直爽性格或直播中的某个搞笑片段，以此表达对红姐幽默风格的喜爱和互动乐趣。  （释义方向：结合前文弹幕中频繁出现的家庭关系调侃（如""前夫现夫""）、地域身份提及（山东临清）以及轻松互动氛围，推测该弹幕是用双关语玩梗，将主播的某种行为特点戏剧化表述为""就地解决""，属于观众参与直播间娱乐性对话的表现。）"
HJ20180908,健康养生,保质期多久啊,1,该用户可能是在询问商品保质期以评估是否值得购买或囤货。
HJ20180908,健康养生,保质期多长时间,1,该用户是在询问商品的有效期限以评估是否值得购买。
HJ20180908,健康养生,大家放心大胆的买吧?她家的东西都特别好、价钱还便宜、,0,该用户是在向其他观众积极推荐商家产品，表达对商品质量和价格的认可，试图打消潜在购买者的顾虑。
HJ20180908,健康养生,少吃点太咸了,0,该用户是在调侃或提醒主播食品口味偏咸，可能是基于之前多人询问“咸不咸”的互动，以轻松口吻表达对产品口味的关注。
HJ20180908,健康养生,拍一单,0,该用户想表达的是“我要下单购买这个产品”。
HJ20180908,健康养生,配点粥啥吃吧,0,该用户可能是想询问主播推荐搭配这款食品（可能是偏咸的）一起食用的粥类或其他清淡配餐的建议。
HJ20180908,健康养生,怎么保存,1,该用户可能是在询问商品的储存方法或保存方式。
HJ20180908,健康养生,红姐耳钉有吗,0,该用户是在询问主播是否有售卖红姐同款的耳饰。
HJ20180908,健康养生,看着咸的反胃,0,该用户觉得产品口味过咸，甚至引起了不适感。
HJ20180908,健康养生,".黑心主播,买的带鱼全部臭的",0,该用户是在投诉之前购买的产品质量有问题，表达对主播的不满和失望情绪。
HJ20180908,健康养生,两个别打架呀[赞][赞][赞],0,该用户可能是在调侃或缓和直播间的紧张氛围，用幽默的方式表达对主播或产品互动的好感。
HJ20180908,健康养生,咸的更本不能这么吃,0,该用户是在抱怨产品口味过咸，认为直接食用不太合适。
HJ20180908,健康养生,咸不咸,1,该用户是在询问产品的咸度是否适中，可能出于对口味偏好或健康饮食的考虑而希望了解详情。
HJ20180908,健康养生,确实好吃,1,该用户是在认可主播推荐产品的口味，表达对商品品质的满意和肯定。
HJ20180908,健康养生,鸭蛋多少钱一箱啊,1,该用户可能在询问鸭蛋的价格信息以评估是否值得购买。
HJ20180908,健康养生,别吃了,0,该用户可能是在提醒主播或观众注意节制，暗示当前展示或讨论的食物（如咸鸭蛋等）不宜过量食用。
HJ20180908,健康养生,咸的更本不能一口一口那么吃,0,该用户想表达的含义是：这食品太咸了，不适合直接单吃。
HJ20180908,健康养生,我买了三单了蛮好吃的,0,该用户想表达的含义是：已经多次回购并认可产品的口味。
HJ20180908,健康养生,有运费险吗,1,该用户是在询问商品是否支持退换货时免运费，以降低购买决策风险。
HJ20180908,健康养生,开袋即食吗,1,该用户是在询问产品是否需要额外加工处理，还是可以直接食用。
HJ20180908,健康养生,面包面包面包面包面包面包,1,该用户可能是被直播中展示的面包吸引，通过重复关键词表达强烈的购买欲望或催促主播详细介绍/上架该产品。
HJ20180908,健康养生,"人参果到了,太好吃了",0,该用户想表达的含义是：自己购买的人参果已经收到，并且对产品的口感非常满意。
HJ20180908,健康养生,买的带鱼全是臭的,0,该用户是在抱怨之前购买的带鱼产品质量有问题，表达对商品品质的不满和对商家的失望情绪。
HJ20180908,健康养生,有醒味吗,1,该用户是在询问产品是否有腥味。
HJ20180908,健康养生,来回退换货不麻烦吗,0,该用户可能对购买商品后的退换货流程感到顾虑，担心售后体验不佳而犹豫是否下单。
HJ20180908,健康养生,鸭蛋也好吃,1,该用户是在认同鸭蛋的口感，暗示自己也有购买意向或已购买过同类产品。
HJ20180908,健康养生,多少个,1,该用户可能在询问商品的具体数量或规格，比如一箱鸭蛋有多少个。
HJ20180908,健康养生,咸不咸,1,该用户是在询问直播中展示的食品（可能是鸭蛋或其他腌制食品）的咸度是否适中。
HJ20180908,健康养生,鸭蛋腥不腥,1,该用户是在询问鸭蛋是否有腥味以评估其品质和口感，从而决定是否购买。
HJ20180908,健康养生,红姐少吃一点,0,该用户可能是在调侃或劝阻主播红姐不要过量食用展示的食品，既带有互动玩笑的意味，也可能隐含对产品分量的关注。
HJ20180908,健康养生,一箱多少个,1,该用户想询问产品包装规格，即一箱包含的具体数量。
HJ20180908,健康养生,不咸吗,1,该用户是在询问产品的咸度是否适中，可能担心口味过重影响食用体验。
HJ20180908,健康养生,"我的收到了,虽然没这么多油,但是不咸很好吃",0,该用户想表达的含义是：虽然收到的产品与预期略有差异（油量较少），但整体口感不错（不咸且美味），对购买感到满意。
HJ20180908,健康养生,保质期多长时间?,1,该用户是在询问商品的保质期信息，以评估是否适合购买或囤货。
HJ20180908,健康养生,减肥套餐红姐家减得很快,0,该用户想表达的含义是：红姐家的减肥套餐效果显著，减重速度很快。
HJ20180908,健康养生,不咸吗,1,该用户可能是担心产品的咸度是否适中，想确认食用体验是否舒适。
HJ20180908,健康养生,我在别的直播间买过29.9也给20个,0,该用户是在对比价格和数量，暗示当前直播间的优惠力度不够吸引人。
HJ20180908,健康养生,"哈哈哈,我没加热,明天我也加热一下",0,该用户看到其他人讨论商品后，对产品产生了兴趣并表示明天也要尝试购买同类商品。
HJ20180908,健康养生,齁咸,0,该用户认为产品的咸度过高，口感偏咸。
HJ20180908,健康养生,这个可以放多久?,1,该用户是在询问商品的保质期或储存时长，以评估购买的实用性和囤货可能性。
HJ20180908,健康养生,看看包装,1,该用户想表达的含义是：想了解产品的包装细节或外观展示。
HJ20180908,健康养生,咸不咸,1,该用户是在询问直播中展示的鸭蛋或其他腌制食品的咸度是否适中。
HJ20180908,健康养生,红姐咸不咸,1,该用户是在询问主播“红姐”推荐的咸鸭蛋是否过咸，想了解产品的咸度是否适合自己口味。
HJ20180908,健康养生,放多长时间的保持几多长,1,该用户是在询问产品的保质期时长。
HJ20180908,健康养生,"我买了,特好吃",1,该用户想表达的含义是：自己已经购买了产品，并且对产品的口味感到非常满意。
HJ20180908,健康养生,不是吃肉吗,0,该用户可能是对直播内容与宣传不符感到疑惑，质疑主播为何没有展示或讲解原本承诺的肉类产品。
HJ20180908,健康养生,怎么加热的,1,该用户是在询问产品的具体食用方法，想知道如何正确加热这款食品。
HJ20180908,健康养生,我咋26.9,0,该用户可能在疑惑或质疑为什么自己购买的价格是26.9元（可能比其他渠道或预期价格更高/更低）。
HJ20180908,健康养生,"别人的鸭蛋,我买了比你家小好多,才50克,你家70克买俩袋,值得信",1,该用户通过对比其他商家的产品规格，表达了对当前直播间鸭蛋品质和分量的认可，并表明自己打算购买两袋的意愿。
HJ20180908,健康养生,红姐你半天不拉屎吗,0,该用户可能在用谐音梗调侃主播迟迟不上架商品，实际想表达的是“红姐你怎么还不赶紧上链接/开卖”。
HJ20180908,健康养生,我咋26.8,0,该用户可能在对比价格，疑惑自己购买时为何是26.8元而非其他观众提到的26.9元或29.9元。
HJ20180908,健康养生,减肥药吃中药可以喝吗,1,该用户可能在询问减肥药与中药同时服用是否存在禁忌或冲突，表现出对产品安全性的顾虑和潜在的购买兴趣。
HJ20180908,健康养生,"看你们吃那么香,又拍了一单.能一起发吗",0,该用户被直播中的食用场景感染，决定追加订单并询问能否合并发货以节省运费或时间。
HJ20180908,健康养生,不太咸就多买点,1,该用户是在表示如果产品的咸度适中，自己会考虑增加购买量。
HJ20180908,健康养生,"我的意思是,吃这么多,不上厕所吗[笑哭][笑哭]",0,该用户是在调侃主播频繁试吃产品却不上厕所，以此表达对产品卫生或食用体验的隐忧。
HJ20180908,健康养生,后面的小伙一笑和猩猩一样[捂脸][捂脸][捂脸][捂脸],0,该用户是在调侃直播间里某个工作人员的表情滑稽，像猩猩一样逗乐，并无实际购买意向。
HJ20180908,健康养生,"红姐,今天姐夫没来吗",0,该用户可能在调侃主播的家人缺席直播，以此活跃气氛或表达对主播的关注。
HJ20180908,健康养生,100年粮食30一40年吃完就没命了,0,该用户是在调侃或担忧食品保质期过长可能隐含的健康风险，表达“保质期100年的粮食如果30到40年就吃完，可能对身体有害”的意思。
HJ20180908,健康养生,外国人走了吗?,0,该用户可能在询问直播间之前出现的外国主播或嘉宾是否已经离开，想确认当前是否由熟悉的主播（如红姐）在主持。
HJ20180908,健康养生,美女18还是58?,0,该用户可能在调侃主播的外貌年龄，试图用夸张的对比制造直播间的轻松互动氛围。
HJ20180908,健康养生,"妈呀,这女的真恶心.吃的",0,该用户可能是在吐槽主播的吃相不雅，认为她吃东西的样子让人反感。
HJ20180908,健康养生,你吃的挺好看[龇牙],0,该用户想表达的含义是：主播吃东西的样子让人很有食欲，激发了观看者的兴趣。
HJ20180908,健康养生,这个海鸭蛋非常好吃我买过两单,1,该用户想表达的含义是：这款海鸭蛋品质很好，我已经复购过两次以示认可。  （释义要点：强调用户通过实际购买行为验证产品品质，并因满意而重复购买，隐含推荐意图。）
HJ20180908,健康养生,好像饿鬼上身,0,该用户想表达的含义是：看到主播吃得很香的样子，自己也被勾起了强烈的食欲。
HJ20180908,健康养生,"我买的齁咸,更本不能一口一口这么吃",0,该用户想表达的含义是：之前购买的产品太咸了，无法正常食用。  （结合前文弹幕中关于产品口味、购买体验的讨论，该用户可能是对产品质量或口味不满，而非表达购买兴趣。）
HJ20180908,健康养生,"外国人不合适来吃,看着没食欲[比心]",0,该用户可能是在调侃或表达对外国人参与直播内容的不认同，认为他们的表现影响了观看体验，但用玩笑语气缓和了态度。
HJ20180908,健康养生,鸭蛋开袋即食吗?,1,该用户是在询问产品是否需要加工处理才能食用，以此判断购买的便利性。
HJ20180908,健康养生,保质期的长时间,1,该用户可能在询问产品的保质期是否足够长，以便考虑是否值得购买。
HJ20180908,健康养生,你俩不咸吗,0,该用户是在调侃主播吃得太咸，怀疑他们是否真的能承受这种咸度。
HJ20180908,健康养生,回来用不用放冰箱,1,该用户是在询问产品是否需要冷藏保存。
HJ20180908,健康养生,"怎么无脑了,我可不是黑粉",0,该用户是在反驳他人对其“无脑黑”的指责，强调自己并非恶意挑刺而是有理性判断的观众。
HJ20180908,健康养生,怎么保存,1,该用户可能在询问产品的储存方式或保存方法。
HJ20180908,健康养生,我这不是好心问问,0,该用户想表达的含义是：我只是出于关心才提出这个疑问，并非有意挑刺。
HJ20180908,健康养生,"我打开手机,一看,你们改吃饭呢",0,"该用户想表达的含义是：我刚进直播间就看到你们正在直播吃饭环节。 （通过""改吃饭呢""的措辞可以看出用户是在描述当前直播画面内容，并隐含""原来是在播这个""的轻微意外感，属于对直播状态的客观描述而非购买意向表达）"
HJ20180908,健康养生,小二媳妇吃,0,该用户可能在调侃主播或其他人吃相夸张，暗示“吃得像小二（店伙计）的媳妇一样不顾形象”。
HJ20180908,健康养生,红姐喝的什么,1,该用户可能是对主播正在品尝的产品产生了兴趣，想询问具体是什么商品。
HJ20180908,健康养生,己拍加急,0,该用户想表达的含义是：我已经下单并选择了加急配送服务。
HJ20180908,健康养生,喝的什么,1,该用户是在询问主播正在饮用的产品名称或品牌，可能对同类商品产生了购买兴趣。
HJ20180908,健康养生,刚拍的80克的28.9元太好,0,该用户想表达的含义是：刚下单购买的80克装产品价格很划算，对这次购物感到满意。
HJ20180908,健康养生,不咸吗?,1,"该用户是在质疑主播展示的食品口味过咸，可能基于之前其他观众反馈""齁咸""的购买体验而产生担忧。"
HJ20180908,健康养生,是烤海鸭蛋吗?,1,该用户可能在确认直播中展示的产品是否为烤海鸭蛋，表现出对产品具体品类的兴趣和潜在的购买意向。
HJ20180908,健康养生,"你们吃的香的,看的我饿滴",0,该用户看到主播津津有味地吃东西的样子，被勾起了食欲。
HJ20180908,健康养生,生的还是熟的,1,该用户是在询问直播中展示的海鸭蛋是否需要加工烹饪后才能食用。
HJ20180908,健康养生,咸不咸,1,该用户是在询问产品的咸度是否适中，担心味道过咸影响食用体验。
HJ20180908,健康养生,红姐上减肥的才下班,0,该用户想表达的含义是：红姐刚才介绍减肥产品的时候我刚下班没看到，现在才进来。
HJ20180908,健康养生,我们叫咸鸭蛋,0,该用户可能是在调侃主播团队的名字或昵称与“咸鸭蛋”有关，暗示他们像咸鸭蛋一样有特色或让人印象深刻。
HJ20180908,健康养生,我们广西北海的,0,该用户想表达的含义是：我是广西北海人，想了解这款产品的产地或确认是否来自本地。
HJ20180908,健康养生,说话像个狗,0,该用户可能是在调侃主播说话方式随意或不够专业，带有轻微的不满或戏谑情绪。
HJ20180908,健康养生,孕妇能吃吗,1,该用户可能在询问产品是否适合孕妇食用，以评估是否购买。
HJ20180908,健康养生,减肥套餐红姐家减得很快,0,该用户想表达的含义是：红姐推荐的减肥套餐效果显著，让人瘦得很快。
HJ20180908,健康养生,用不用放冰箱,1,该用户可能在询问产品是否需要冷藏保存以维持品质或延长保质期。
HJ20180908,健康养生,下单成功,0,该用户想表达的含义是：自己已经完成了购买海鸭蛋的订单操作。
HJ20180908,健康养生,那么咸能这么吃?[赞],0,该用户可能是惊讶于产品的咸度适宜，并对此表示赞赏和认可。
HJ20180908,健康养生,嗷嗷咸[赞][赞][赞],0,该用户想表达的含义是：这个咸鸭蛋味道非常咸但很好吃，所以用夸张的语气和表情点赞。
HJ20180908,健康养生,红姐好好说话别像个狗似的,0,该用户是在不满主播红姐的说话方式，认为她态度粗鲁或不够专业。
HJ20180908,健康养生,黄很香,1,该用户想表达的含义是：这款蛋黄的颜色看起来诱人且香味浓郁。
HJ20180908,健康养生,"是我们那里的,非常好吃[龇牙]",1,该用户想表达的是：这款产品来自自己的家乡，品质很好且符合个人口味。
HJ20180908,健康养生,那么咸能这么吃?[赞]回话生的熟的,1,该用户是在询问这种咸度较高的食物（可能是咸鸭蛋）是否可以生吃或熟吃，并对其独特风味表示好奇和赞赏。
HJ20180908,健康养生,喝的什么,1,该用户可能是对直播中展示的食品或饮品的具体名称或品牌感到好奇，想进一步了解产品信息以便决定是否购买。
HJ20180908,健康养生,新疆不发货呀,0,该用户因所在地（新疆）无法收货而感到遗憾或不满。
HJ20180908,健康养生,看着很咸吧,0,该用户可能是在质疑产品的咸度是否过高，担心口味过重不适合自己。
HJ20180908,健康养生,空嘴这么吃多咸,0,该用户是在质疑产品（可能是咸鸭蛋）直接食用的咸度是否过高，担心口感过咸影响食用体验。
HJ20180908,健康养生,用不用忌口,1,该用户是在询问该食品是否有饮食禁忌或注意事项。
HJ20180908,健康养生,这咋鸡头白脸的呢?吃咸了?[笑哭][笑哭][笑哭],0,该用户是在调侃主播说话激动夸张的样子，并用“吃咸了”来幽默地解释这种亢奋状态，暗示主播可能因为推销咸鸭蛋产品而过于兴奋。
HJ20180908,健康养生,"你是红妹妹,我是姐姐",0,该用户可能在以姐妹相称的方式拉近与主播“红姐”的关系，表达一种亲切友好的互动态度。
HJ20180908,健康养生,红姐上咖啡才下班改价姐姐,0,该用户可能在催促主播红姐尽快上架咖啡产品并调整价格，暗示自己有意购买但希望获得优惠。
HJ20180908,健康养生,面包没吃够,0,该用户可能是在抱怨或调侃当前展示的面包分量不足或口味太好导致意犹未尽。
HJ20180908,健康养生,便宜买了,0,该用户看到价格实惠后决定下单购买。
HJ20180908,健康养生,不咸别喝水别吃馒头啊,0,该用户是在调侃或抱怨产品味道过咸，建议搭配其他食物或饮品来中和咸味。
HJ20180908,健康养生,你们喝的咖啡冲的几包,1,该用户可能是在询问主播冲泡咖啡时使用的咖啡包数量，以了解产品的使用方式或浓度偏好。
HJ20180908,健康养生,这鸭蛋多少钱一个呀,1,该用户可能在询问商品价格以评估是否值得购买，表现出对产品的实际消费考量。
HJ20180908,健康养生,"咋么了,今主播骂人了",0,该用户可能是在调侃或质疑主播当前的情绪状态，觉得主播说话语气突然变得比较冲，像是在骂人。
HJ20180908,健康养生,咸的厉害不这样吃,0,该用户是在质疑产品的咸度是否过高，担心直接食用会过于重口。
HJ20180908,健康养生,就着白粥吃[赞],0,该用户想表达的含义是：搭配白粥一起吃味道应该不错。  （结合前文弹幕中频繁讨论食物的咸度、吃法以及主播推荐的产品，用户通过简洁的互动表达对当前推荐食品的认可，并暗示其适合作为配粥小菜。）
HJ20180908,健康养生,"红我就喜欢你这性格,狠狠怼狗",0,该用户是在表达对主播直率性格的欣赏和支持，暗示喜欢主播敢于回击负面评论的强硬态度。
HJ20180908,健康养生,真能骂呀[笑哭],0,该用户是在调侃主播情绪激动、言辞犀利的直播风格，并对此感到好笑和无奈。
HJ20180908,健康养生,不咸怎么能是咸鸭蛋呢[龇牙],0,该用户是在调侃咸鸭蛋的咸度，认为咸味是咸鸭蛋的必备特点，表达了对产品特性的认可和轻松幽默的态度。
HJ20180908,健康养生,这样吃?,0,该用户可能在质疑主播展示的吃法是否合适，担心直接这样吃会太咸。
HJ20180908,健康养生,"益生菌已收到货,问一下一天喝几条[玫瑰]",1,该用户是在确认已购买的益生菌产品的每日服用剂量，同时表达了对商品的关注和使用需求。
HJ20180908,健康养生,红姐咖啡怎么不一样,0,该用户可能是好奇主播推荐的咖啡与其他品牌或普通咖啡相比有什么独特之处，想进一步了解产品特点以决定是否购买。
HJ20180908,健康养生,不咸能叫咸鸭蛋吗[捂脸][龇牙],0,该用户是在用反讽的语气强调咸鸭蛋本该是咸的，以此回应前面关于鸭蛋咸度的讨论，并带有调侃和认同主播产品特点的意味。
HJ20180908,健康养生,拍不了,1,该用户可能因商品价格未调整或库存问题导致无法成功下单。
HJ20180908,健康养生,咸但不齁咸,0,该用户想表达的含义是：咸度适中，既不会太淡也不会过咸。
HJ20180908,健康养生,拍一单加急,0,该用户想表达的含义是：我要立即下单并要求尽快发货。  （结合前文弹幕中关于商品讨论、价格调整和购买意向的语境，该用户显然已决定购买，并希望加快交易流程。）
HJ20180908,健康养生,谁问怼谁呀谁我别问了[笑哭][笑哭],0,该用户是在调侃主播的直爽性格，表达“主播爱怼人大家别乱问”的幽默态度。
HJ20180908,健康养生,咖啡怎么跟之前的不一样啊,1,该用户可能是在质疑当前展示的咖啡产品与之前直播中介绍的版本存在差异，暗示对产品变更的困惑或对品质一致性的关注。
HJ20180908,健康养生,海鸭蛋是先腌制再烤香,0,该用户可能在询问海鸭蛋的制作工艺细节，以评估其口感和品质是否符合自己的购买预期。
HJ20180908,健康养生,减肥套餐红姐家减得很快,0,该用户是在向主播询问或推荐红姐家的减肥套餐，暗示该产品效果显著并可能有意向购买。
HJ20180908,健康养生,旁边这个奇葩女的吃东西都那么奇葩,0,该用户可能是在调侃或吐槽直播画面中某个女性观众的吃相或行为比较怪异，以此表达对直播内容的围观兴趣或互动参与感。
HJ20180908,健康养生,嗷嗷咸你俩一会咸坏了[笑哭][笑哭][笑哭],0,该用户是在调侃主播或其他人吃咸鸭蛋的方式太夸张，担心他们会因为过咸而影响健康，同时用表情符号表达轻松幽默的态度。
HJ20180908,健康养生,不咸吗,1,该用户是在询问咸鸭蛋的咸度是否适中，可能担心过咸影响食用体验。
HJ20180908,健康养生,孟婆刚放出来似的,0,该用户是在调侃主播或某个观众的表现过于夸张或不合常理，就像刚从阴间放出来的孟婆一样举止怪异。
HJ20180908,健康养生,真能较真,0,该用户是在调侃主播或其他人对某个细节问题过于较真或争执不休。
HJ20180908,健康养生,酸辣粉有活动吗?,1,该用户是在询问酸辣粉是否有促销优惠，表明对产品的购买意向。
HJ20180908,健康养生,旁边这女的真不容易嗷嗷咸就让人家这么吃呀?[笑哭],0,该用户是在调侃直播中另一位参与者大口吃咸鸭蛋的场景，用夸张语气表达对食物过咸的惊讶和好笑。
HJ20180908,健康养生,这海鸭蛋真心好吃.配粥喝绝了,1,该用户是在真心推荐产品，表达对海鸭蛋口感的满意并分享实用的食用搭配建议。
HJ20180908,健康养生,需要放在冰箱里,0,该用户可能是在询问或确认直播中提到的某款食品是否需要冷藏保存。
HJ20180908,健康养生,这么吃晚上你家得喝一缸水[笑哭][笑哭],0,该用户是在调侃直播中展示的食品（可能是咸鸭蛋或其他高盐食物）太咸，暗示吃了会让人口渴到需要大量喝水。
HJ20180908,健康养生,多咸呀,0,该用户是在询问或质疑海鸭蛋的咸度是否过高，可能担心产品口味过重影响食用体验。
HJ20180908,健康养生,这么吃晚上你俩得喝一缸水[笑哭][笑哭],0,该用户是在调侃主播和旁边的人吃得太咸，暗示这种吃法会导致晚上口渴需要大量喝水。
HJ20180908,健康养生,咸不咸,1,该用户是在询问直播中展示的食品（可能是海鸭蛋或其他腌制食品）的咸度是否适中，想了解实际口味以便决定是否购买。
HJ20180908,健康养生,咸吗这个,1,该用户是在询问产品的咸度是否适中，可能担心口味过咸影响食用体验。
HJ20180908,健康养生,空腹说一个月以后咖啡就不用喝了是不是,0,"该用户是在调侃主播推荐的咖啡效果夸张，暗示""空腹喝一个月就能戒掉咖啡""的说法不靠谱。"
HJ20180908,健康养生,咸的更本不能一口一口这么吃,0,该用户想表达的含义是：这种食物实在太咸了，根本不适合直接一口接一口地吃。
HJ20180908,健康养生,我说一句实话.我哥哥特别爱吃这个.就是看每个人吃的习惯去拍.我绝对不是他们家的,0,该用户想表达的含义是：虽然自己家人喜欢这款产品，但购买与否取决于个人口味偏好，且自己并非商家托儿。
HJ20180908,健康养生,就喜欢红姐,0,该用户想表达的含义是：对主播红姐的喜爱和支持，可能暗示愿意购买她推荐的产品。
HJ20180908,健康养生,热的里面什么样子啊,1,该用户是想询问直播中展示的加热食品的内部状态或细节。
HJ20180908,健康养生,给旁边这女的咸的都水泡米饭了给开多少钱呀[笑哭][笑哭][笑哭],0,该用户是在调侃直播中那位吃得很咸的女士，并好奇询问她的工资待遇，以此表达对直播内容的有趣互动而非真正的购买意向。
HJ20180908,健康养生,咖啡上,1,该用户可能是在询问或催促主播介绍/上架咖啡产品，暗示对咖啡有购买兴趣。
HJ20180908,健康养生,"主播今天吃了什么呀,开始骂人了",0,该用户可能是在调侃主播因食物太咸而情绪激动，借机询问主播的饮食情况来制造轻松互动氛围。
HJ20180908,健康养生,"大嗓门子,嘎嘎说",0,该用户是在调侃主播说话声音大且语速快，像在不停嚷嚷。
HJ20180908,健康养生,上咖啡,1,该用户可能在催促主播尽快展示或介绍咖啡产品，表达对咖啡的兴趣或购买意向。
HJ20180908,健康养生,"你们这团队就够棒的了,挺好的,甭听他们的,他们鸡蛋里挑骨头,甭听他们的",0,该用户是在支持主播团队，认为他们表现很好，不必理会那些过分挑剔的负面评论。
HJ20180908,健康养生,你脖子上带的多少钱,1,该用户是在询问主播佩戴的项链价格，暗示对这件商品有购买兴趣。
HJ20180908,健康养生,好像要咸哭了[笑哭],0,该用户想表达的含义是：这食物看起来咸得让人受不了，甚至有点夸张到好笑的程度。
HJ20180908,健康养生,我买过真的挺好的,1,该用户想表达的含义是：自己之前购买过这款产品并且对使用体验非常满意。
HJ20180908,健康养生,"感觉蛋黄不是沙沙的那种,硬硬的",0,该用户是在对产品口感提出负面反馈，认为蛋黄质地偏硬而非预期的绵沙口感。
HJ20180908,健康养生,一般24可以瘦几斤,1,该用户可能在询问产品使用后的预期减肥效果，暗示对产品的购买兴趣。
HJ20180908,健康养生,脖子上的上车,0,该用户想询问主播脖子上佩戴的商品如何购买或加入购物车。
HJ20180908,健康养生,后面偷笑啥呢,0,该用户可能在调侃或好奇主播或团队成员私下互动的有趣细节，暗示对直播氛围的关注而非直接购买意向。
HJ20180908,健康养生,减肥套餐红姐家减得很快,0,该用户想表达的含义是：红姐家的减肥套餐效果显著，让人瘦得很快。
HJ20180908,健康养生,红姐你的外套又换个颜色?,0,该用户注意到主播频繁更换外套颜色，可能是在询问是否有同款外套的不同颜色可选，暗示对这件外套感兴趣。
HJ20180908,健康养生,减肥套餐红姐家减的很快,0,该用户是在推荐红姐家的减肥套餐，暗示其效果显著且见效快。
HJ20180908,健康养生,唐卡开光的自己买了去开光,0,该用户可能是在询问唐卡是否需要自行购买后另寻开光服务，或者暗示对开光流程的疑惑和购买意向。
HJ20180908,健康养生,鸭蛋咸不?,1,该用户是在询问鸭蛋的咸度是否符合自己的口味偏好，以判断是否值得购买。
HJ20180908,健康养生,外套上嘛,1,该用户希望主播展示或介绍当前直播中的外套产品。
HJ20180908,健康养生,是鸡蛋还是鸭蛋,1,该用户可能是在询问直播中展示的蛋类产品具体是鸡蛋还是鸭蛋，以确认商品信息或比较两者的区别。
HJ20180908,健康养生,让后面的人去他老笑[捂脸],0,该用户是在调侃直播间里某个工作人员（或观众）总在后面偷笑的行为，觉得对方笑点低或笑得频繁到有些滑稽。
HJ20180908,健康养生,蛋清咸不咸,1,该用户是在询问产品（可能是蛋类食品）的咸度是否符合口味偏好。
HJ20180908,健康养生,是金的吗?,1,该用户是在询问主播佩戴的饰品是否为真金材质，可能对商品品质或价格感兴趣。
HJ20180908,健康养生,你的衣服都非常好看,0,该用户可能是在夸赞主播的穿搭风格并暗示对服装产品的兴趣。
HJ20180908,健康养生,玄学的尽头是科学[捂脸],0,该用户可能是在调侃直播间讨论的玄学话题（如开光唐卡）与科学之间的反差，以幽默方式表达对这类话题的戏谑态度。
HJ20180908,健康养生,"拍了,咖啡喝完就可以吃饭吗",1,该用户想表达的含义是：已经下单购买了咖啡，询问喝完咖啡后是否可以接着用餐。
HJ20180908,健康养生,咖啡上车姐,1,该用户想表达的含义是：询问如何购买主播推荐的咖啡产品。
HJ20180908,健康养生,在那里买的衣服,1,该用户想询问主播身上穿的衣服的购买渠道。
HJ20180908,健康养生,谁家衣服?怪好看,1,该用户对直播中展示的服装感兴趣，想询问品牌或购买渠道。
HJ20180908,健康养生,什么唐卡,0,该用户是在询问直播间展示的唐卡产品的相关信息，可能是对其材质、寓意或购买方式感兴趣。
HJ20180908,健康养生,淘宝吗?贵不贵,0,该用户可能在询问商品是否通过淘宝平台购买以及价格是否实惠，表现出对购买渠道和价格的关注。
HJ20180908,健康养生,你去LV买的啥,0,该用户可能是在询问主播之前购买的LV商品具体是什么款式或品类，暗示对奢侈品感兴趣并希望获得购物参考。
HJ20180908,健康养生,LULU璐璐,0,该用户可能在询问主播“璐璐”相关产品（如衣服或配饰）的购买信息或表达对其的喜爱。
HJ20180908,健康养生,衣服在哪里买的,1,该用户想询问直播中展示的服装的具体购买渠道或店铺信息。
HJ20180908,健康养生,Lululemon,0,该用户可能在询问或提及直播中出现的Lululemon品牌产品，表达对该品牌的兴趣或想了解相关商品信息。
HJ20180908,健康养生,买的包包吗?,1,该用户可能在询问直播中展示的包包是否属于可购买的商品，并对其购买渠道或来源感兴趣。
HJ20180908,健康养生,咸的厉害不?,1,该用户是在询问产品的咸度是否过高，可能是对食品的调味程度有所顾虑。
HJ20180908,健康养生,咸不咸啊,1,该用户是在询问直播中展示的食品（可能是咸蛋类产品）的咸度是否适中。
HJ20180908,健康养生,1000多,0,该用户可能在询问或感叹商品的价格是否为一千多元。
HJ20180908,健康养生,这皮不好剥吗,1,该用户可能是在询问直播中展示的某种带壳食物（如鸡蛋或鸭蛋）的剥皮难度，表达了对产品使用体验的关注和潜在的购买顾虑。
HJ20180908,健康养生,红姐衣服在哪里买的,0,该用户想询问主播身上所穿服装的购买渠道，表现出对商品的兴趣和潜在的购买意向。
HJ20180908,健康养生,去看了一下好贵[捂脸],0,该用户觉得商品价格偏高，有些超出预期，但并未完全打消购买兴趣，反而带着调侃和犹豫的态度。
HJ20180908,健康养生,大橙子来一句我还没吃呢,0,该用户可能是在调侃或暗示主播推荐的商品（如橙子）看起来不错，自己还没尝试过，带有潜在购买兴趣或好奇。
HJ20180908,健康养生,买的包包多少钱,0,该用户想询问直播中展示的包包的具体价格，表现出对商品的购买兴趣和价格敏感度。
HJ20180908,健康养生,上咖啡,1,该用户想表达的含义是：询问咖啡产品是否已经上架或何时开始售卖。
HJ20180908,健康养生,本王我来了,0,该用户可能是以幽默或调侃的口吻宣告自己的到来，暗示对直播内容感兴趣并准备参与互动。
HJ20180908,健康养生,"咦吒,海鸭子下的蛋,你说这一块的气人不",0,该用户可能是以调侃的语气表达对海鸭蛋价格偏高或品质不符预期的惊讶和不满。
HJ20180908,健康养生,你喝的是什么,1,该用户可能是在询问主播正在饮用的商品名称或购买渠道，暗示对同类产品有潜在购买兴趣。
HJ20180908,健康养生,黑鸭蛋多少钱一个?,1,该用户可能在询问直播中展示的黑鸭蛋的具体售价，表现出对商品的潜在购买兴趣。
HJ20180908,健康养生,你戴的唐卡多少钱,0,该用户是在询问主播佩戴的唐卡饰品的价格，表现出对商品的兴趣和潜在的购买意向。
HJ20180908,健康养生,"海鸭子,那有没有海鸡子蛋",1,该用户是在调侃海鸭蛋的概念，以幽默的方式询问是否存在对应的“海鸡蛋”，以此表达对产品的好奇和兴趣。
HJ20180908,健康养生,要你带的,0,该用户想表达的含义是：我想要你推荐或展示的商品。
HJ20180908,健康养生,上车吧,1,"该用户想表达的含义是：催促主播尽快介绍产品并开放购买链接。  （结合前文弹幕中频繁出现的价格、商品询问等购买意向内容，""上车""在此处是电商直播常见的黑话，意为""跟团购买""或""参与抢购""。）"
HJ20180908,健康养生,衣服真好看,0,该用户被直播中展示的服装款式吸引，产生了明显的欣赏和潜在购买意向。
HJ20180908,健康养生,你啥时候去五台山了,0,该用户可能是在询问主播近期行程中提到的五台山相关经历，暗示对主播分享的内容或推荐的产品感兴趣。
HJ20180908,健康养生,减肥套餐红姐家减得很快,1,该用户是在询问或推荐红姐家的减肥套餐效果显著。
HJ20180908,健康养生,带不带w,0,该用户可能在询问直播中展示的商品是否具备无线网络功能（如电子产品）或是否附带无线相关配件（如耳机等）。
HJ20180908,健康养生,推介一下呗,0,该用户希望主播详细介绍或推荐当前展示的商品。
HJ20180908,健康养生,头发不好看,0,该用户可能是在委婉地表达对主播发型的不满或建议更换造型，而非直接指向商品购买意向。
HJ20180908,健康养生,可以帮我们带吗,0,该用户希望主播帮忙推荐或代购某个商品。
HJ20180908,健康养生,你这个卖咯吧哈哈哈哈,0,该用户可能是在调侃或质疑主播推荐的商品是否真的值得购买，带有一种戏谑或不屑的语气。
HJ20180908,健康养生,上车啊,1,该用户想表达的含义是：催促主播尽快介绍或上架商品以便购买。
HJ20180908,健康养生,唐卡要自己买了去求开光,0,该用户想表达的含义是：询问是否可以自行购买唐卡后找主播帮忙开光。
HJ20180908,健康养生,今天脸上这么多黑点子,0,该用户可能在吐槽主播脸上的妆容或皮肤状态不佳，暗示对产品效果或主播形象的质疑。
HJ20180908,健康养生,耳环多少钱,0,该用户想询问主播所佩戴耳环的价格，可能是对其产生了购买兴趣。
HJ20180908,健康养生,[稍等][稍等][稍等]平安扣是多少克的,0,"该用户想询问主播所展示的平安扣首饰的具体重量规格。  （解析：结合前文弹幕中频繁出现的价格咨询（如唐卡、黑鸭蛋、耳环）和商品细节追问（如""带不带w""），可判断直播间氛围以即时购物咨询为主。用户连用""[稍等]""可能因直播信息滚动过快，需主播暂停确认，而""克""作为贵金属常见计量单位，表明其对商品参数有明确购买考量。）"
HJ20180908,健康养生,这羊头真多啊,0,该用户可能在感叹直播间里讨论的商品或话题种类繁多、应接不暇。
HJ20180908,健康养生,"耳环好看,上链接",1,该用户被主播佩戴的耳环吸引，希望尽快购买并催促主播上架商品链接。
HJ20180908,健康养生,衣服是璐璐家的吗红姐,1,该用户是在询问主播身上穿的衣服是否是来自“璐璐家”这个品牌或店铺。
HJ20180908,健康养生,红姐这个发型比之前的好看多了,0,该用户是在夸赞主播的新发型比以往更时尚靓丽，暗示对主播形象变化的关注和欣赏。
HJ20180908,健康养生,鸭蛋不咸吗,1,该用户可能是对直播中提到的鸭蛋产品产生兴趣，在询问咸度是否符合个人口味偏好。
HJ20180908,健康养生,红姐吃什么都香,0,该用户是在夸赞主播红姐的吃播表现很有感染力，能带动观众的食欲和购买欲。
HJ20180908,健康养生,可以把五台山包了,0,该用户可能是以夸张的口吻表达对五台山相关产品或服务的强烈兴趣，暗示想要大量购买或参与相关活动。
HJ20180908,健康养生,鸭蛋空口吃不咸吗[捂脸],0,该用户是在调侃主播吃鸭蛋时的享受状态，并对其口味表示好奇。
HJ20180908,健康养生,红姐讲讲左旋肉碱,0,该用户希望主播详细介绍左旋肉碱产品的功效或使用方法，可能是对这款减肥产品产生了兴趣或想进一步了解。
HJ20180908,健康养生,这个发型好看,0,用户对主播当前发型表示赞赏，暗示对主播形象或推荐产品的正面关注。
HJ20180908,健康养生,红姐啥时候播日常,0,该用户想询问主播何时会开播分享日常生活类的内容。
HJ20180908,健康养生,你有钱,0,该用户可能是在调侃主播频繁推销商品的行为，暗示主播“赚了不少钱”或“推销得很卖力”。
HJ20180908,健康养生,红姐你多少斤,0,该用户可能是想询问主播的体重相关产品（如减肥补剂）或调侃主播的身材，结合前文提及的左旋肉碱（减肥产品）和吃播内容。
HJ20180908,健康养生,你吃成大伟王了,0,该用户是在调侃主播体型变胖，用幽默方式表达对主播近期变化的观察。
HJ20180908,健康养生,别吃太烫的东西,0,该用户是在提醒主播注意饮食健康，可能是看到主播正在吃东西时表现出的关心。
HJ20180908,健康养生,"红姐直播间没有红姐时候真没意思,还得是你[赞]",0,该用户想表达的含义是：相比其他主播，红姐的直播更有吸引力和个人魅力，自己更愿意观看她的内容。
HJ20180908,健康养生,就爱看红姐吃肉[赞],0,该用户想表达的含义是：特别喜欢看主播红姐享受美食的欢乐状态。
HJ20180908,健康养生,好吃吗,1,该用户可能是在询问主播正在展示的食品的口感和味道如何，表现出对产品的兴趣和潜在的购买意向。
HJ20180908,健康养生,50号链接的酸拉粉好喝还是红姐家的酸拉粉好喝啊,1,该用户是在比较直播间推荐的酸辣粉与另一家店铺（红姐家）的同类产品，试图通过询问口味差异来判断购买哪家更合适。
HJ20180908,健康养生,"别吃了怪难受的,唠唠嗑也行",0,该用户可能觉得主播一直吃东西的环节有些单调或不舒适，希望转为更轻松的聊天互动来活跃气氛。
HJ20180908,健康养生,慢慢吃红姐,0,该用户想表达的含义是：希望主播红姐放慢进食速度，多与观众互动交流。
HJ20180908,健康养生,鸭蛋不咸吗,1,该用户可能是担心鸭蛋的咸度是否适合直接食用，想确认产品的口味是否偏咸。
HJ20180908,健康养生,红姐你有100斤吗,0,该用户可能是出于调侃或好奇，想询问主播的身材情况。
HJ20180908,健康养生,不咸吗鸭蛋,1,该用户是在质疑鸭蛋的咸度是否适合直接食用，可能担心产品口味过重。
HJ20180908,健康养生,你还收徒弟吗,0,该用户可能是想表达对主播的认可或羡慕，暗示自己也想学习类似的主播风格或技能。
HJ20180908,健康养生,"吃慢点,别着急",0,该用户是在关心主播的进食速度，委婉提醒对方注意健康饮食节奏。
HJ20180908,健康养生,你皮肤好了很多吖,0,该用户是在夸赞主播近期皮肤状态有明显改善，可能隐含对主播使用的产品或保养方式产生兴趣。
HJ20180908,健康养生,有的人说话好搞笑,0,该用户可能觉得直播间的互动氛围轻松有趣，想通过调侃某位发言幽默的观众来融入这种欢乐的气氛。
HJ20180908,健康养生,自己吃太拼了,0,该用户可能是在调侃主播吃相豪放或吃得过于投入，隐含既觉得有趣又略带关心的复杂情绪。
HJ20180908,健康养生,手抓饼没活动吗,1,该用户是在询问手抓饼是否有促销优惠，表现出对产品的价格敏感和潜在的购买意向。
HJ20180908,健康养生,真厉害,0,该用户可能是被主播的吃播表现或互动风格所感染，用感叹语气表达对主播能力的赞赏或节目效果的认可。
HJ20180908,健康养生,鸭蛋配羊头啥味,0,该用户是在好奇主播正在吃的鸭蛋和羊头搭配起来会是什么味道，可能对这两种食物的组合感到新奇或想了解其口感。
HJ20180908,健康养生,是发色的问题吗?,0,该用户可能在询问主播的发色是否影响了展示商品（如食品）的视觉效果或真实感。
HJ20180908,健康养生,好热你们开空调了没,0,该用户可能是在以调侃或闲聊的方式表达对直播环境或主播状态的关注，试图融入互动氛围。
HJ20180908,健康养生,吃耳朵应该不烫了,0,该用户可能在调侃主播吃东西时烫到耳朵的经历，暗示现在食物温度适中可以放心食用。
HJ20180908,健康养生,还是看你吃香,0,该用户想表达的含义是：相比其他内容，更喜欢看你吃东西时的享受状态。
HJ20180908,健康养生,红姐吃东西好看,0,该用户是在夸赞主播的吃相令人愉悦，从而间接表达对直播内容的喜爱和观看兴趣。
HJ20180908,健康养生,"吃慢点,别吃那么快,也别吃太烫了",0,该用户是在关心主播的进食状态，提醒她注意健康和用餐舒适度。
HJ20180908,健康养生,很好最近,0,该用户想表达的含义是：最近直播内容质量不错，观看体验很好。
HJ20180908,健康养生,"红姐,我想瘦",0,该用户可能是想向主播红姐咨询减肥方法或产品推荐。
HJ20180908,健康养生,这个咸鸭蛋买到家是熟的还是生的?,1,该用户是在询问咸鸭蛋的售卖状态，担心收到的是需要自己加工的生鸭蛋而非即食的熟制品。
HJ20180908,健康养生,鸭蛋是独立包装么,1,该用户是在询问鸭蛋产品的包装方式是否为单个独立包装，以确认其便携性和储存便利性。
HJ20180908,健康养生,求中奖,0,该用户希望参与直播间的抽奖活动并成为幸运观众。
HJ20180908,健康养生,看得我都饿了,0,该用户被直播中的美食展示所吸引，产生了强烈的食欲和购买冲动。
HJ20180908,健康养生,看饿了,0,该用户被直播内容勾起食欲，产生了想尝试产品的冲动。
HJ20180908,健康养生,衣服好看,0,该用户可能是在观看主播展示服装时，被款式或搭配吸引而产生了购买意向。
HJ20180908,健康养生,怎么煮的这么好,0,该用户想表达的含义是：对主播展示的烹饪技巧或食物成品表示赞赏和好奇。
HJ20180908,健康养生,红姐怎么能瘦呀,0,该用户是在询问主播保持身材的秘诀或减肥方法。
HJ20180908,健康养生,你吃东西咋这么香?,0,该用户想表达的含义是：主播的吃相让人很有食欲，激发了观看者的兴趣。
HJ20180908,健康养生,手抓饼有活动吗,1,该用户想询问手抓饼是否有促销优惠活动。
HJ20180908,健康养生,看你吃的真过瘾我都看馋了,0,该用户被主播的吃播表现所感染，产生了强烈的食欲和购买冲动。
HJ20180908,健康养生,你吃的是羊头吗,0,该用户是在询问主播正在吃的食物是否是羊头，可能是出于对食物本身的好奇或想确认主播的吃播内容。
HJ20180908,健康养生,"红姐真厉害,啥都能吃进去,羊头没有膻味么",0,该用户是在夸赞主播的吃播表现，同时对羊头的口感表示好奇和惊讶。
HJ20180908,健康养生,太拼了,0,该用户想表达的含义是：主播为了带货表现得非常卖力。
HJ20180908,健康养生,鸭蛋咸吗,1,该用户是在询问鸭蛋的咸度是否符合口味偏好，以此判断是否值得购买。
HJ20180908,健康养生,吃那么多不长肉吗?,0,该用户可能是对主播的饮食习惯感到好奇或惊讶，隐含对主播保持身材的羡慕或疑问。
HJ20180908,健康养生,买到家是熟的还是生的?,1,该用户想询问商品（咸鸭蛋）在送达时的具体状态，以确认是否需要自行加工处理。
HJ20180908,健康养生,这个羊头有几斤,1,该用户是在询问主播展示的羊头的具体重量规格。
HJ20180908,健康养生,还减员吗,0,该用户是在询问直播间当前展示的商品是否还会有进一步的降价优惠。
HJ20180908,健康养生,哈哈哈小时候那真是齁咸,0,该用户通过调侃童年记忆中的咸味，间接表达了对当前直播中咸鸭蛋产品的兴趣和认可。
HJ20180908,健康养生,299几单呢?九十九一单,1,该用户是在询问商品的价格和购买方式，具体想确认“299元可以买几单”以及“是否每单价格为99元”。
HJ20180908,健康养生,你喝的啥,1,该用户可能是对主播正在品尝的食物感到好奇，询问具体品类或品牌信息。
HJ20180908,健康养生,羊头吗,1,该用户是在询问主播正在吃的食物是否是羊头，表现出对直播内容的关注和对产品的兴趣。
HJ20180908,健康养生,减肥套餐红姐家减得很快,0,该用户想表达的含义是：红姐家的减肥套餐效果显著，让人产生了购买兴趣。
HJ20180908,健康养生,别吃那么烫的食物慢慢吃,0,该用户是在关心主播的健康，提醒她注意饮食温度避免烫伤。
HJ20180908,健康养生,"吃那么多不胖,是因为有减肥咖啡",0,该用户是在询问主播保持苗条身材的原因，并暗示对减肥咖啡的功效感兴趣。
HJ20180908,健康养生,喜欢看你吃,0,该用户想表达的含义是：观看主播享受美食的过程让他们感到愉悦并产生共鸣。
HJ20180908,健康养生,你这减肥茶怎么不是黑色的,0,该用户可能是在质疑减肥茶的颜色与常见产品不同，暗示对产品真实性或效果的怀疑。
HJ20180908,健康养生,这个羊头多少钱,1,该用户想询问直播中展示的羊头产品的具体价格，表现出对商品的购买兴趣。
HJ20180908,健康养生,我刚拍了一单,0,该用户想表达的含义是：我已经下单购买了直播中推荐的商品。
HJ20180908,健康养生,红姐还是这么拼从19年看到现在了,0,该用户想表达的含义是：作为长期关注主播的老粉丝，对主播一如既往的敬业态度表示感慨和认可。
HJ20180908,健康养生,看你吃羊头吃的这么香我都想吃了[捂脸][捂脸],0,该用户被主播的吃播表现所感染，产生了对羊头的食欲和购买冲动。
HJ20180908,健康养生,吃的真香,0,该用户被主播的吃播表现所感染，表达了对产品诱人程度的认可和潜在购买欲望。
HJ20180908,健康养生,"你都吃好几个小时了,你说你咋不胖呢?",0,该用户是在调侃主播长时间进食却保持苗条身材，隐含对主播代谢能力的惊讶和羡慕。
HJ20180908,健康养生,"你这是吃的绵羊头,你看鼻子哪里两个眼,山羊头没有眼,山羊头好吃",0,该用户是在比较绵羊头和山羊头的区别，并表达对山羊头口味的偏好。
HJ20180908,健康养生,鸭蛋直接吃会不会太咸?,1,该用户是在询问鸭蛋的咸度是否适合直接食用，可能对产品口感和食用方式存在顾虑。
HJ20180908,健康养生,lulu衣服去买吧,0,该用户可能在向其他人推荐或催促购买主播展示的“lulu”品牌服装，表达对该产品的认可或购买意愿。
HJ20180908,健康养生,还收徒弟吗,0,该用户可能是想询问主播是否招收学员或跟班，暗示对主播的技能或带货方式感兴趣并有意向学习。
HJ20180908,健康养生,"就喜欢看你吃东西,可带劲了[捂脸]",0,该用户是在表达对主播吃播表现的喜爱和娱乐性欣赏，而非直接的商品购买意向。
HJ20180908,健康养生,拍了俩单,0,该用户想表达的含义是：我已经下单购买了两份产品。
HJ20180908,健康养生,是Lululemon么,0,该用户可能在询问直播间售卖的产品是否属于Lululemon品牌，表现出对该品牌商品的潜在兴趣或确认需求。
HJ20180908,健康养生,这种吃迟早有一天会废了,0,该用户可能是在调侃主播长期不健康的饮食习惯会导致身体受损。
HJ20180908,健康养生,你这个减肥咖啡怎么吃?,1,该用户想了解这款减肥咖啡的具体食用方法和注意事项。
HJ20180908,健康养生,"咋弄这个头呢?一点儿都不精神,正在头",0,该用户可能在抱怨主播的发型显得凌乱或不整洁，影响了整体形象和精神状态。
HJ20180908,健康养生,因为红姐就是痩,0,该用户想表达的含义是：红姐之所以保持苗条身材，是因为使用了直播中推荐的减肥产品。
HJ20180908,健康养生,沾点料就行了,0,该用户可能是对主播展示的食品（如羊头或鸭蛋）的蘸料方式产生兴趣，暗示想了解蘸料的具体用法或配比。
HJ20180908,健康养生,你喝的咖啡怎么颜色不一样,0,该用户可能是在好奇主播饮用的咖啡为何与常见颜色不同，暗示对产品特性产生兴趣并希望获得解释。
HJ20180908,健康养生,红姐讲讲左旋肉碱,1,该用户对主播提到的左旋肉碱产品产生兴趣，希望了解更多产品信息以便考虑购买。
HJ20180908,健康养生,"怎么不招徒弟吃,这样提成",0,该用户可能在质疑主播不通过招收徒弟来分摊工作压力，从而独享销售提成。
HJ20180908,健康养生,红姐卖衣服也行,0,该用户可能是在调侃主播带货范围广，暗示对主播推荐服装类产品也感兴趣或表示支持。
HJ20180908,健康养生,助理好烦,0,该用户可能是在抱怨直播助理频繁插话或干扰观看体验，影响了其对主播内容的专注度。
HJ20180908,健康养生,听听呗为啥呀,0,该用户可能是对主播提到的某个产品或话题感到好奇，想进一步了解原因或细节。
HJ20180908,健康养生,减肥不是99吗,0,该用户可能在询问直播间推荐的减肥产品价格是否有误，认为之前宣传的价格应该是99元而非当前标价。
HJ20180908,健康养生,芦荟胶囊吃了会腹泻吗,1,该用户可能是在询问芦荟胶囊的副作用，担心其可能导致腹泻，从而对产品效果或安全性产生疑虑。
HJ20180908,健康养生,得有身材才能穿上去,0,该用户想表达的含义是：这件衣服对身材要求很高，普通人可能驾驭不了。  （结合前文提到“红姐就是瘦”“Lululemon”等关于身材和服装的讨论，用户可能在调侃或感叹服装的挑身材属性，隐含对产品目标受众的观察或自身顾虑。）
HJ20180908,健康养生,"这助理太烦人,废话太多",0,用户对直播中助理频繁插话或过度推销的行为感到不满，认为干扰了核心内容的观看体验。
HJ20180908,健康养生,左旋肉碱怎么吃红姐,1,该用户想询问主播红姐关于左旋肉碱产品的具体服用方法。
HJ20180908,健康养生,吃的啥呀,1,该用户可能是对主播当前展示或食用的产品感到好奇，询问具体内容以评估是否值得购买。
HJ20180908,健康养生,"贵没事,好就行",0,该用户想表达的含义是：只要产品质量好，价格高一些也能接受。
HJ20180908,健康养生,代购真的不一样呀,0,该用户可能是在对比直播间的商品质量或服务体验后，感叹通过代购渠道获得的商品有明显优势。
HJ20180908,健康养生,你穿的衣服都很贵吧,0,该用户可能在委婉地询问主播所穿服装的品牌或价格，暗示对衣服的关注和潜在的购买兴趣。
HJ20180908,健康养生,衣服多少钱,0,该用户想表达的含义是：询问主播身上所穿衣服的价格，可能对其款式或品牌产生了购买兴趣。
HJ20180908,健康养生,给文文买的什么衣服,0,该用户是在询问主播身上穿的衣服款式或品牌，可能是想为他人购买同款。
HJ20180908,健康养生,老外哪去了?,0,该用户可能在询问之前出现过的外国嘉宾或主播的去向，表达对直播内容变化的关注。
HJ20180908,健康养生,Lulu上衣1080,0,该用户可能在询问或确认直播中提到的“Lulu上衣”的价格是否为1080元。
HJ20180908,健康养生,鹿鹿家瑜伽服,0,该用户可能在询问或评论主播身上穿的瑜伽服品牌或价格，表达对这款产品的兴趣。
HJ20180908,健康养生,Lululemon,0,该用户可能是在询问或提及Lululemon品牌的相关产品，比如瑜伽服或其他运动服饰。
HJ20180908,健康养生,什么牌子啊,0,该用户想询问主播正在介绍或展示的商品的品牌名称。
HJ20180908,健康养生,你们都是多少钱买的,0,该用户想询问其他观众购买同类商品的实际成交价格，以作为自己是否下单的参考。
HJ20180908,健康养生,什么牌子,0,该用户是在询问主播展示或提到的某件商品的具体品牌名称。
HJ20180908,健康养生,老外吃不了么,0,该用户可能是在询问产品是否适合外国人的使用需求或饮食习惯。
HJ20180908,健康养生,Lululemon,0,该用户可能在询问或确认直播中提到的Lululemon品牌产品的相关信息。
HJ20180908,健康养生,怎么喝,1,该用户可能在询问直播中展示的饮品或保健产品的具体饮用方法或注意事项。
HJ20180908,健康养生,敏敏穿的也是吗,0,该用户是在询问主播敏敏身上穿的衣服是否也是直播中提到的Lululemon品牌。
HJ20180908,健康养生,"越薄的越贵,超软",0,该用户是在对比商品材质与价格的关系，认为材质更轻薄柔软的产品定价更高，可能是在讨论瑜伽服或高端运动服饰的品牌特性。
HJ20180908,健康养生,我今天才知道这个牌子[偷笑],0,该用户想表达的含义是：刚了解到这个品牌并对其产生了兴趣。
HJ20180908,健康养生,"红姐关注你好几年了,你还吃播呢",0,该用户想表达的是：作为老粉丝看到主播仍在坚持吃播感到亲切和感慨。
HJ20180908,健康养生,红姐有人参果吗?,1,该用户是在询问主播是否有售卖人参果这款产品。
HJ20180908,健康养生,敏敏月入多少,0,该用户可能是在询问主播敏敏的收入水平，以此间接判断她推荐的商品是否在自己的消费能力范围内，或验证主播的消费档次是否可信。
HJ20180908,健康养生,海带什么时候发货,0,该用户想询问直播中提到的海带产品的具体发货时间，表现出对购买该商品的潜在兴趣。
HJ20180908,健康养生,红姐边吃边喝的咖啡吗?,0,该用户是在询问主播红姐正在边吃边喝的咖啡是什么品牌或产品。
HJ20180908,健康养生,头发什么颜色,0,该用户可能在询问主播或某位观众的发色，可能是出于对造型的欣赏或对染发产品的兴趣。
HJ20180908,健康养生,很瘦的人才可以穿,0,这件衣服可能只适合身材苗条的人。
HJ20180908,健康养生,"我也不舍得,我老公给我买才会穿[笑哭]",0,该用户想表达的含义是：虽然自己很喜欢这件商品，但因为价格较高或出于节俭考虑，只有在丈夫主动购买的情况下才会愿意拥有。
HJ20180908,健康养生,薄款的特舒服,0,该用户想表达的含义是：这款轻薄面料的衣服穿着体验非常舒适。
HJ20180908,健康养生,咖啡上车,1,该用户想表达的含义是：询问是否可以参与购买当前直播中提到的咖啡产品。
HJ20180908,健康养生,红姐缩胸有疤痕吗,0,该用户是在询问主播“红姐”推荐的缩胸产品是否会留下疤痕，表现出对该产品的效果和安全性存在顾虑。
HJ20180908,健康养生,"红姐穿几码,我买的8码",0,该用户是在询问主播同款衣服的尺码是否合适，并透露自己已购买了8码的同一款商品。
HJ20180908,健康养生,"不喜欢助理说话,张嘴就是广告",0,该用户对直播间助理频繁推销的营销话术感到厌烦，认为其缺乏真诚互动而只有商业目的。
HJ20180908,健康养生,减肥套餐红姐家减得很快,0,该用户是在询问红姐推荐的减肥套餐效果显著，暗示自己对其产品感兴趣并可能想购买。
HJ20180908,健康养生,红姐头顶什么颜色我想拍,0,该用户想询问主播头顶的发色名称或商品链接，以便购买同款染发产品。
HJ20180908,健康养生,敏敏号是多少,0,该用户想询问主播“敏敏”的社交账号或联系方式。
HJ20180908,健康养生,看你上坟视频都哭了,0,该用户可能是以夸张的幽默方式表达对主播情感共鸣能力的认可，暗示主播的内容感染力强到连扫墓视频都能让人感动落泪。
HJ20180908,健康养生,你外国助力呢红姐,0,该用户可能在询问主播红姐的外籍助理为何没有出现在直播中。
HJ20180908,健康养生,哈哈哈敏敏好逗[捂脸],0,该用户被主播敏敏的幽默表现逗乐，表达了轻松愉快的互动情绪。
HJ20180908,健康养生,咖啡怎么现在贵了,0,该用户可能是在询问当前直播中推荐的咖啡产品为何比以往价格更高，隐含对涨价的疑惑或不满。
HJ20180908,健康养生,红姐你戴的什么看一下,0,该用户想询问主播佩戴的具体物品信息，并希望主播展示细节以便自己参考是否购买。
HJ20180908,健康养生,那咸鸭蛋不咸吗?,1,该用户可能在担心咸鸭蛋的口味是否符合预期，想确认产品的咸度是否适中。
HJ20180908,健康养生,敏敏最听话,0,"该用户是在以调侃或亲昵的语气表达对主播""敏敏""的喜爱和互动意愿。"
HJ20180908,健康养生,喝的啥,1,该用户可能在询问主播正在饮用的产品名称或品牌，表现出对直播中展示的饮品的好奇和潜在购买兴趣。
HJ20180908,健康养生,上咖啡,1,该用户是在催促主播尽快上架或介绍咖啡产品。
HJ20180908,健康养生,红姐越来越漂亮,0,该用户是在通过夸赞主播的外貌来拉近距离，试图建立互动关系以便后续询问产品或获取关注。
HJ20180908,健康养生,那个老外还会再来么,0,该用户可能是在询问之前出现过的外国助理是否会再次参与直播，表现出对该助理的关注或对其出现的期待。
HJ20180908,健康养生,吃的是啥呀,0,该用户可能是在询问主播正在品尝或展示的食品相关信息，表达了对当前直播内容的兴趣或好奇。
HJ20180908,健康养生,"好饿,大晚上看吃播",0,该用户是在深夜观看美食直播时被勾起食欲，通过弹幕表达对主播展示食物的渴望和羡慕之情。
HJ20180908,健康养生,文文买的什么衣服,0,该用户可能是对主播或某位观众（文文）的穿搭感兴趣，想了解衣服的款式或购买链接。
HJ20180908,健康养生,"红姐改发色,太红了不好看",0,该用户是在委婉表达对主播当前发色的不满，认为过于鲜艳的红色不符合审美偏好。
HJ20180908,健康养生,网络真的没有记忆吗,0,该用户可能在质疑直播间频繁更换话题或产品导致观众注意力分散，暗示主播应该保持内容连贯性。
HJ20180908,健康养生,哈哈哈敏敏太逗了[捂脸][捂脸][捂脸],0,该用户被主播敏敏的幽默表现逗乐，通过表情符号强化了欢乐情绪的表达。
HJ20180908,健康养生,吃那么多,0,该用户可能是在调侃主播食量大或对展示的食物分量感到惊讶。
HJ20180908,健康养生,"还真是最听话的,这姐们挺好的,一来我就知道这孩子挺好",0,该用户是在夸赞主播“敏敏”性格讨喜、表现乖巧，暗示对其有好感或认可。
HJ20180908,健康养生,敏敏不是有老公吗,0,该用户可能在调侃或质疑主播敏敏的个人生活状况，试图通过提及她的婚姻状态来制造话题或引起互动。
HJ20180908,健康养生,上咖啡咖啡,1,该用户是在催促主播尽快展示或上架咖啡产品。
HJ20180908,健康养生,"大成子,更听话",0,该用户是在调侃主播“大成子”比其他人（如“敏敏”）更配合直播氛围或更顺从观众要求。  （解析：结合前文弹幕中反复出现的“听话”（如夸赞“敏敏最听话”）和互动调侃的基调，用户通过对比强调“大成子”更符合观众期待，可能是对主播表现的幽默认可或活跃气氛的互动。）
HJ20180908,健康养生,"这是什么发色,我也喜欢",0,该用户对主播的发色产生了兴趣，并表达了自己也想尝试类似发色的意愿。
HJ20180908,健康养生,敏敏想孩子不,0,"该用户可能在调侃或询问主播敏敏是否考虑要孩子，结合前文对敏敏家庭状况的讨论（如""有老公""）和对其性格的友善评价（""听话""""挺好""），属于观众对主播私生活的玩笑式互动。"
HJ20180908,健康养生,我感觉这颜色好看,0,该用户是在对直播中展示的某样商品（可能是发色或服饰）表示认可和喜爱。
HJ20180908,健康养生,这个颜色显白,0,该用户认为直播中展示的商品颜色能够提亮肤色，可能对产品产生了购买兴趣。
HJ20180908,健康养生,是今年流行的发色,0,该用户是在对主播的发色表示认可，认为其符合当下时尚潮流。
HJ20180908,健康养生,这发色显脸白,0,该用户是在夸赞主播新染的发色效果很好，能衬托肤色更白皙。
HJ20180908,健康养生,上咖啡我睡觉,1,该用户可能是在催促主播尽快展示或上架咖啡产品，同时暗示自己因熬夜观看直播而感到困倦。
HJ20180908,健康养生,好看呀,0,该用户是在称赞主播的发色或造型很吸引人，表达了对当前展示形象的欣赏和认同。
HJ20180908,健康养生,个人喜欢就行,0,该用户想表达的是：只要自己觉得满意就好，不必太在意他人评价。  （结合前文弹幕中关于发色、穿搭等主观审美的讨论，用户可能是在回应他人对颜色或款式的争议，强调个人喜好优先。）
HJ20180908,健康养生,看看你老公,0,该用户可能是在调侃或询问主播的伴侣相关情况，带有社交互动的意图而非直接购买兴趣。
HJ20180908,健康养生,头发什么颜色,1,该用户可能是在询问主播当前展示的发色名称或具体色号，表达了对染发产品的潜在兴趣。
HJ20180908,健康养生,"红姐,可以扭头看看你带的发圈么",0,该用户对主播佩戴的发圈感兴趣，希望主播展示细节以便考虑购买。
HJ20180908,健康养生,吃了几个小时了你厉害,0,该用户是在调侃主播长时间展示或试用产品（如染发效果），暗含对其敬业表现或产品吸引力的认可。
HJ20180908,健康养生,"这样年轻,有活力",0,该用户可能是在夸赞主播或产品展现出的青春朝气和积极氛围。
HJ20180908,健康养生,敏敏我也喜欢,0,该用户想表达的是对主播敏敏的喜爱和认同，可能针对敏敏的外貌、性格或直播内容表示赞赏。
HJ20180908,健康养生,"上吧,讲解,困了",1,该用户可能是在催促主播加快节奏或切换产品讲解，同时表达自己因观看时间较长而感到疲惫。
HJ20180908,健康养生,"这个发色很适合你,很好看",0,该用户是在夸赞主播的发色效果出众，并间接表达了自己对同款发色的兴趣或认同。
HJ20180908,健康养生,我也想染个这色,0,该用户看到直播中展示的发色效果后产生了尝试同款发色的意愿。
HJ20180908,健康养生,头发好看,0,该用户是在夸赞主播的发色或发型好看，可能也隐含了想尝试同款发色的兴趣。
HJ20180908,健康养生,耳环好看,0,该用户被直播中展示的耳环吸引，产生了欣赏和潜在的购买意向。
HJ20180908,健康养生,求中奖,0,该用户希望被抽中成为直播间的幸运观众以获得奖品或福利。
HJ20180908,健康养生,这是什么发色?可以说嘛红姐,0,该用户是在询问主播当前展示的发色具体名称或色号，表现出对染发的兴趣和潜在购买意向。
HJ20180908,健康养生,红姐多大,0,该用户可能是在询问主播“红姐”的年龄，以此判断其推荐的发色是否适合自己的年龄段。
HJ20180908,健康养生,你一点不显老,0,该用户想表达的含义是：主播的造型或状态看起来比实际年龄年轻有活力。
HJ20180908,健康养生,敏敏一唱一和[赞][赞],0,该用户想表达的含义是：对主播敏敏与搭档的默契互动表示赞赏和喜爱。
HJ20180908,健康养生,吃的啥,0,该用户可能是出于好奇或调侃，想询问主播刚才吃了什么食物，以此参与互动或调节直播氛围。
HJ20180908,健康养生,"我想问一下,那个咖啡是不是特甜的那种?",1,该用户可能是在询问咖啡的口味特点，尤其是甜度是否偏高，以此判断是否符合自己的喜好或购买需求。
HJ20180908,健康养生,咋个吃的减肥这个,1,该用户可能是想问这款减肥食品的具体食用方法或效果。
HJ20180908,健康养生,"好看,你最近皮肤好多了,比之前显年轻",0,该用户是在夸赞主播的外貌变化，暗示主播近期状态提升、形象更佳，从而间接表达对主播展示的产品或造型风格的认可和兴趣。
HJ20180908,健康养生,你有定期去医美保养吗,0,该用户可能是注意到主播近期状态显年轻，想询问其保养方法或对医美项目产生兴趣。
HJ20180908,健康养生,可以的,0,该用户想表达的含义是：对主播当前的造型或表现表示认可和赞赏。
HJ20180908,健康养生,"你儿子才18,不急的[笑哭]",0,"该用户是在调侃主播关于年龄或催婚的话题，用轻松幽默的方式表达""还年轻不用着急""的意思。"
HJ20180908,健康养生,啥发色谁知道,0,该用户是在询问主播当前发色的具体名称或色号，表现出对同款发色的兴趣和购买意向。
HJ20180908,健康养生,说说咖啡,1,该用户想询问主播关于咖啡的具体信息或特点。
HJ20180908,健康养生,"这有啥的呀,爱美之心人人有",0,该用户想表达的含义是：追求美丽是很正常的事情，大家都会有这样的想法。
HJ20180908,健康养生,你手链,0,该用户可能是对主播佩戴的手链产生了兴趣，想进一步了解或询问手链的详情。
HJ20180908,健康养生,吃几个了?,0,该用户可能在询问主播当前正在展示或食用的产品数量，以评估其效果或使用体验。
HJ20180908,健康养生,咖啡苦吗?,1,该用户是在询问直播中提到的咖啡的口感是否偏苦，以此判断是否符合自己的口味偏好。
HJ20180908,健康养生,吃芦荟胶囊会拉肚子吗,1,该用户可能是在担心芦荟胶囊的副作用，想确认其安全性后再决定是否购买。
HJ20180908,健康养生,你喝的是什么,1,该用户可能是在询问主播正在饮用的产品名称或品牌，表现出对主播同款商品的兴趣或好奇。
HJ20180908,健康养生,敏敏怎么越来越丑了[调皮],0,该用户是在用调侃的语气表达对主播外貌变化的玩笑式评价，实际并无恶意，更多是出于熟悉观众间的互动打趣。
HJ20180908,健康养生,这个和刚才拍的99不一样吗,1,该用户是在询问当前展示的商品与之前售价99元的商品是否存在差异。
HJ20180908,健康养生,白天不是99吗?,1,该用户可能是在质疑当前商品的价格与白天直播时的价格不一致，暗示觉得现在价格变高了或想确认是否有变动。
HJ20180908,健康养生,保养你肚子咋那么恶心,0,该用户可能是在调侃主播的保养方式或饮食习惯让人感到不适。
HJ20180908,健康养生,"咖啡不苦,芦荟口服",1,该用户想表达的含义是：这款咖啡口感不苦涩，搭配芦荟口服产品效果不错。
HJ20180908,健康养生,套餐里面有吗?,1,该用户是在询问当前介绍的商品是否包含在某个套餐组合中。
HJ20180908,健康养生,自己找罪受[笑哭],0,该用户是在调侃主播为了保持外貌或身材而付出辛苦努力的行为，带有善意玩笑的意味。
HJ20180908,健康养生,敏敏缺乏保养[偷笑],0,该用户是在调侃主播敏敏近期疏于护肤保养，语气带着玩笑意味，暗示其状态不如从前。
HJ20180908,健康养生,"敏敏咋这么瘦,一直不长肉肉",0,该用户是在调侃主播敏敏的身材，以玩笑的语气表达对她体型偏瘦的关注。
HJ20180908,健康养生,求中奖,0,该用户希望被抽中获得直播间的奖品或福利。
HJ20180908,健康养生,"医美保养,有推荐什么好项目吗",0,该用户想表达的含义是：对医美保养项目感兴趣，希望主播能推荐合适的选择。
HJ20180908,健康养生,"自己找罪受,这种就是",0,该用户可能是在吐槽主播或其他人过度追求外貌保养的行为有些自讨苦吃。
HJ20180908,健康养生,"咖啡不苦,芦荟口服不拉",0,该用户想表达的含义是：主播推荐的咖啡口感不错且芦荟产品服用后没有腹泻副作用。
HJ20180908,健康养生,哈哈哈高情商的来啦[赞][赞][赞],0,该用户是在以幽默调侃的方式称赞主播的机智回应或巧妙化解了之前弹幕中的争议话题（如关于“敏敏”外貌的讨论）。
HJ20180908,健康养生,"你们一直买东西,人家给前夫租房100W一年[捂脸]",0,该用户可能在调侃直播间观众过度消费，同时暗讽主播或他人奢侈的生活方式（如高额租房开销），以此表达对盲目购物或贫富差距的不满或无奈。
HJ20180908,健康养生,有自热米饭么,1,该用户是在询问直播间是否有自热米饭这款商品可供购买。
HJ20180908,健康养生,羡慕你财务自由[捂脸][捂脸][捂脸],0,该用户是在调侃主播或直播间其他观众的高消费能力，暗示他们花钱大手大脚像实现了财务自由一样。
HJ20180908,健康养生,换老公了?,0,该用户可能在调侃主播频繁更换展示的商品或代言人，暗示“又换新东西推荐了？”
HJ20180908,健康养生,你俩绝配,0,该用户可能在调侃主播之间的互动默契或外形般配，带有轻松玩笑的语气。
HJ20180908,健康养生,你后边那个徒弟跟你时间最长最忠诚[玫瑰][玫瑰][玫瑰],0,该用户是在用调侃的方式夸赞主播的徒弟忠诚可靠，同时通过送玫瑰表情表达友好和支持。
HJ20180908,健康养生,生完孩子有几个没有的,0,该用户可能是在调侃或自嘲产后身材变化普遍存在，暗示对直播中提到的产后修复产品或保养话题感兴趣。
HJ20180908,健康养生,"我想买羊头,多少钱一个",1,该用户明确表达了想要了解商品价格并有意购买羊头的意向。
HJ20180908,健康养生,我也有[龇牙][龇牙],0,该用户可能是在附和主播或前面弹幕提到的某个话题，表示自己也有类似经历或感受，并以表情符号表达轻松调侃的情绪。
HJ20180908,健康养生,我去你老公真能舔[憨笑][憨笑][憨笑],0,该用户是在用调侃的语气评论主播伴侣的奉承或讨好行为，带有戏谑而非真实购买意向。
HJ20180908,健康养生,"生孩子得纹,谁敢说恶心",0,该用户是在调侃生育后身体变化难以避免，并以反讽语气表达对他人评价的不屑。
HJ20180908,健康养生,你俩有夫妻相[赞],0,该用户是在调侃主播和搭档的外貌般配，用幽默的方式表达对直播氛围的认可和互动参与。
HJ20180908,健康养生,"人美内在美,外表美一时",0,该用户可能在含蓄地夸赞主播内外兼修，暗示其魅力不仅在于外表更在于内在品质。
HJ20180908,健康养生,你喝的是什么,1,该用户可能是对主播正在展示或饮用的产品产生兴趣，想了解具体品牌或商品信息以便购买。
HJ20180908,健康养生,拿徒弟开玩笑,0,该用户可能在调侃主播和徒弟之间的互动关系，暗示他们的相处模式有趣或徒弟经常成为话题焦点。
HJ20180908,健康养生,再换一个,0,该用户可能是在对主播展示的商品或内容不满意，要求更换其他选项继续观看或挑选。
HJ20180908,健康养生,这个也是老公[捂脸],0,"该用户是在调侃主播频繁更换伴侣的梗，用""[捂脸]""表情表达既无奈又觉得好笑的复杂情绪。"
HJ20180908,健康养生,谁生孩子没有纹,0,该用户想表达的含义是：生育后出现妊娠纹是很普遍的现象，没什么好大惊小怪的。
HJ20180908,健康养生,换头头[捂脸],0,该用户可能在调侃主播频繁更换伴侣或搭档，用幽默方式表达对直播间话题的戏谑态度。
HJ20180908,健康养生,生过孩子的肚子都一样别生气,0,该用户想表达的含义是：产后腹部变化是普遍现象，不必为此感到介意或羞愧。
HJ20180908,健康养生,别吃了就吃成肥猪了,0,该用户是在用调侃的语气提醒主播注意饮食健康，暗示当前直播内容可能偏离了商品推荐主题。
HJ20180908,健康养生,中间还有一个[龇牙],0,该用户可能是在调侃主播或直播间的互动内容，用表情符号[龇牙]表示轻松玩笑的态度，并非直接表达购买意向。
HJ20180908,健康养生,在下一个[龇牙],0,该用户可能在催促主播尽快展示下一件商品，并带有轻松调侃的语气。
HJ20180908,健康养生,两个老公[奸笑],0,该用户是在调侃主播的亲密关系，用“两个老公”这种夸张说法来戏谑当前直播中出现的多位男性互动对象，延续了弹幕区关于“换老公”“夫妻相”等玩笑话题的娱乐氛围。
HJ20180908,健康养生,你老公拿你钱找滑溜小妹,0,该用户是在用调侃的语气暗示主播的丈夫可能存在不忠行为，借“滑溜小妹”暗指第三者，以此加入直播间关于夫妻关系的戏谑讨论氛围。
HJ20180908,健康养生,红姐啊你不在直播间真没意思[奸笑][奸笑][奸笑],0,该用户想表达的含义是：对主播红姐的喜爱和依赖，认为只有她在直播间才能带来乐趣。
HJ20180908,健康养生,这个是正儿八经的老公,0,"该用户是在调侃主播的伴侣关系，用戏谑口吻暗示当前画面中出现的人物（可能是主播丈夫）与其他弹幕提到的""两个老公""形成呼应，延续了直播间里关于夫妻互动的玩笑氛围。"
HJ20180908,健康养生,你之前狗助理老公,0,该用户是在调侃主播的助理与其丈夫之间的互动关系，暗示助理的丈夫过分殷勤或讨好。
HJ20180908,健康养生,拒飞老公,0,"该用户是在调侃主播的伴侣关系，用反语表达""这位也是你老公""的戏谑意味。"
HJ20180908,健康养生,医美保养求推荐好的项目,0,该用户可能是在直播间氛围转向医美话题时，主动寻求针对自身需求的医美项目建议，表现出对美容保养的实际消费意向。
HJ20180908,健康养生,今晚到货了,0,该用户想表达的含义是：之前下单购买的商品今晚已经送达了。  （结合前文弹幕多为调侃互动，缺乏直接购物讨论，但“今晚到货了”更可能指向实际购物行为，暗示用户此前在直播中下单，现反馈物流进展。）
HJ20180908,健康养生,菊飞呢,0,该用户可能在询问或调侃主播“菊飞”这个昵称或角色为何没有出现。
HJ20180908,健康养生,怎么卖贵了,0,该用户可能是在抱怨当前展示的商品价格比之前了解到的或预期中的更高，表达了对价格变动的不满或疑惑。
HJ20180908,健康养生,红姐太搞笑了[挑逗],0,该用户是在表达对主播红姐幽默风格的喜爱和互动乐趣的认可。
HJ20180908,健康养生,"红姐,你头发染的什么颜色?好好看",0,该用户是在夸赞主播的发色并想了解染发产品信息，隐含对同款商品的购买兴趣。
HJ20180908,健康养生,咖啡8盒喝多久?,1,该用户是在询问购买8盒咖啡大概能饮用多长时间，以此评估产品的性价比或是否符合自己的需求。
HJ20180908,健康养生,咖啡说说,1,该用户想询问主播详细介绍咖啡产品的相关信息，比如口味、功效或优惠活动。
HJ20180908,健康养生,介绍一下咖啡吧,1,该用户想表达的含义是：希望主播详细讲解咖啡产品的相关信息，比如口味、功效或优惠活动。
HJ20180908,健康养生,有个叫玲玲的哪去了,0,该用户可能在询问之前直播间里一个名叫“玲玲”的主播或工作人员的去向，表达了对她缺席的疑惑或关注。
HJ20180908,健康养生,170她没你有钱啊,0,该用户可能在调侃或比较主播与其他人的经济状况，暗示主播更富有或更值得关注。
HJ20180908,健康养生,和菊飞是剧本[捂脸][捂脸],0,该用户是在调侃直播中的互动情节像是事先安排好的表演，认为“和菊飞”的桥段不够真实自然。
HJ20180908,健康养生,"红姐,你头发染的什么颜色?",0,该用户可能是对主播的发色产生兴趣，想了解具体染发信息以便自己参考或表达对造型的赞赏。
HJ20180908,健康养生,红姐结过几次婚,0,该用户可能是在调侃主播的情感经历，试图通过八卦提问来活跃气氛或引起主播注意。
HJ20180908,健康养生,"红姐家,啥时候做切片",0,该用户是在询问主播“红姐”什么时候会推出切片产品（可能是食品或其他可切片商品），表达了对特定商品的期待和购买意向。
HJ20180908,健康养生,说说咖啡,1,该用户想表达的含义是：希望主播详细介绍咖啡产品的相关信息。
HJ20180908,健康养生,介绍下咖啡,1,该用户希望主播能详细讲解咖啡产品的相关信息，比如口味、功效或优惠活动等。
HJ20180908,健康养生,咱是实诚人哈哈哈哈,0,该用户可能是在调侃主播或直播间的氛围，暗示自己是个直率坦诚的人，以此融入当前轻松幽默的互动语境。
HJ20180908,健康养生,红姐说话脸通红,0,"该用户可能是在调侃主播""红姐""因情绪激动或兴奋而脸色发红的状态，带有轻松互动的娱乐性质。"
HJ20180908,健康养生,菊飞情商老高了,0,该用户是在调侃主播菊飞在直播中表现得机智圆滑、善于应对。
HJ20180908,健康养生,蓉蓉回来了吗,0,该用户可能在询问主播蓉蓉何时会重返直播间参与互动或继续带货。
HJ20180908,健康养生,哈哈哈哈哈哈哈哈哈哈哈哈好!,0,该用户被直播间的搞笑氛围感染，用大笑表达对主播幽默表现的强烈共鸣和愉悦情绪。
HJ20180908,健康养生,敏敏可真逗[捂脸][捂脸][捂脸],0,该用户是在轻松调侃主播幽默风趣的表现，表达被逗乐的愉快情绪而非直接购买意向。
HJ20180908,健康养生,哪里有痣[捂脸],0,该用户可能在调侃主播之前的某个搞笑话题或外貌特征，并非表达购买意向。
HJ20180908,健康养生,现在数数,0,该用户可能是催促主播开始介绍或清点当前促销的咖啡产品。
HJ20180908,健康养生,大头三婚?二婚是冰冰?,0,该用户是在八卦主播红姐的个人感情经历，追问她是否已经第三次结婚，并提到第二次结婚的对象是“冰冰”。
HJ20180908,健康养生,这是前夫吗,0,该用户可能是在八卦主播的感情史，好奇主播的婚姻状况。
HJ20180908,健康养生,介意也不敢说[龇牙],0,该用户想表达的含义是：虽然对某些话题或行为感到不适，但出于礼貌或调侃不会直接表达不满。
HJ20180908,健康养生,别说了,0,该用户可能是在催促主播停止闲聊或无关话题，希望尽快进入正题（如产品介绍）。
HJ20180908,健康养生,她俩想在一起,0,该用户可能是在调侃或猜测直播中两位主播（或嘉宾）之间的互动关系，暗示她们看起来关系亲密或有合作意向。
HJ20180908,健康养生,老实了吧[笑哭][笑哭][笑哭],0,该用户可能是在调侃主播刚才的某个言行举止显得局促或出糗，用“老实了吧”表达一种戏谑的看热闹心态。
HJ20180908,健康养生,"淡定,你现老公在那[龇牙]",0,用户是在调侃主播的现任伴侣（或亲密对象）也在直播间观看互动，以轻松玩笑的语气暗示现场氛围有趣。
HJ20180908,健康养生,观众介意,0,该用户可能是在询问主播或其他人对某个敏感话题（如婚姻状况）的看法或态度，带有试探或调侃的意味。
HJ20180908,健康养生,前夫太厉害了,0,该用户是在调侃主播过往的感情经历，用夸张的语气表示对主播前夫的佩服或戏谑。
HJ20180908,健康养生,香饽饽,0,该用户想表达的含义是：这款产品非常抢手或受欢迎。
HJ20180908,健康养生,喝点是什么,1,该用户可能在询问直播中提到的某款饮品（可能是咖啡）的具体名称或详细信息。
HJ20180908,健康养生,敏敏真恶心人,0,"该用户是在用反讽的语气表达对主播""敏敏""幽默表现的喜爱，认为她的搞笑风格虽然夸张但很有趣。"
HJ20180908,健康养生,现老公,0,"该用户是在调侃或指认直播间中某位被戏称为""现老公""的男性人物。"
HJ20180908,健康养生,大头是改变很多了,0,该用户可能是在调侃或评论主播“大头”的个人经历或性格变化，暗示他相比过去有了明显的转变。
HJ20180908,健康养生,大头吃什么,0,该用户可能是在询问主播“大头”这个角色当前正在食用或推荐什么食物，表现出对直播内容的关注和参与互动的兴趣。
HJ20180908,健康养生,后面那个娘们咋长这么磕碜呢,0,该用户可能是在调侃或吐槽直播画面中出现的某位女性形象，表达对其外貌的不满或戏谑。
HJ20180908,健康养生,哈哈不值钱,0,该用户是在调侃主播或商品的价值，以幽默口吻表达“这东西/这人没什么吸引力或价值”。
HJ20180908,健康养生,那个咖啡怎么喝,1,该用户可能是在询问直播中提到的咖啡产品的饮用方式或相关细节，表现出对商品的实用兴趣。
HJ20180908,健康养生,喝的是什么喝的是什么,1,该用户可能是在询问主播正在饮用的饮品名称或品牌，表现出对直播中展示产品的兴趣和好奇。
HJ20180908,健康养生,"这个男的不能吃,让后面那个吃",0,用户可能在调侃或表达对直播中某位男性表现的不满，暗示希望换另一位参与者来展示或品尝产品。
HJ20180908,健康养生,前夫给前妻打工啊,0,该用户是在调侃直播间中人物关系的戏剧性反转，暗示“曾经的夫妻如今身份地位对调”的荒诞感。
HJ20180908,健康养生,鸡蛋咸吗?,1,该用户可能是在询问直播中展示的鸡蛋产品的口味特点，想了解其咸度是否符合个人偏好以便决定是否购买。
HJ20180908,健康养生,是你给他的机会才能3婚的[龇牙],0,该用户是在调侃主播的情感经历，暗示主播多次婚姻是因为自身过于宽容或给对方太多机会。
HJ20180908,健康养生,别解雇大头的老底了,0,该用户可能是在调侃或制止主播继续揭露某个被称为“大头”的人过往的尴尬隐私或糗事。
HJ20180908,健康养生,怎么喝,1,该用户可能在询问直播中展示的饮品（如咖啡或其他饮料）的具体饮用方式或搭配建议。
HJ20180908,健康养生,离婚还赔钱了,0,"该用户是在调侃主播经历多次婚姻失败还遭受经济损失的窘境。  （结合前文弹幕中频繁出现的""前夫/现老公/3婚""等关键词，以及""不值钱""""给前妻打工""等挖苦内容，可判断直播间观众正在戏谑主播的婚恋史。""离婚还赔钱了""延续了这种戏谑语气，用经济损失强化对主播遭遇的讽刺效果。）"
HJ20180908,健康养生,你们一家人好搞笑呀,0,该用户是在调侃直播间的互动氛围轻松有趣，被主播一家人的幽默表现逗乐了。
HJ20180908,健康养生,大头想给每一个女人一个家[笑哭][笑哭][笑哭],0,该用户是在调侃主播“大头”感情经历丰富，用幽默的方式暗示他对女性有广泛的好感或追求。
HJ20180908,健康养生,吃那么多蛋,0,该用户可能在调侃或讽刺直播中某位频繁吃鸡蛋的人物，暗示其吃得过多显得贪心或滑稽。
HJ20180908,健康养生,"吭哧吭哧的吃,就为五十万.硬是把大爷变成孙子",0,该用户是在讽刺主播为了赚钱（五十万）而拼命表演（吭哧吭哧吃），结果把自己从高高在上的姿态（大爷）折腾得狼狈不堪（变成孙子），暗示这种卖力讨好观众的行为有失体面。
HJ20180908,健康养生,改价咖啡,1,该用户可能在询问主播是否会对咖啡产品进行价格调整或优惠促销。
HJ20180908,健康养生,红姐太搞笑了,0,该用户被主播红姐的幽默表现逗乐，表达了对直播氛围的喜爱和互动参与感。
HJ20180908,健康养生,换个幽默的来吃,0,该用户是在调侃主播团队中某个表现呆板的人，要求换一个更有趣的人来参与互动或试吃环节。
HJ20180908,健康养生,红姐真可爱[666],0,该用户是在表达对主播红姐幽默风格的喜爱和赞赏。
HJ20180908,健康养生,"大头这人有人气,把红姐直播又做起来了",0,该用户想表达的含义是：主播大头的个人魅力带动了红姐直播间的热度回升。
HJ20180908,健康养生,二婚是冰冰?,0,该用户可能在调侃主播的情感经历，用“冰冰”暗指主播的再婚对象，带有八卦和戏谑的意味。
HJ20180908,健康养生,大头把羊腿糊他脸上,0,该用户是在用夸张的玩笑表达对主播“大头”的不满或调侃，暗示他应该用羊腿去戏弄或反击某人。
HJ20180908,健康养生,敏敏最能吃肉,0,该用户是在调侃主播团队中“敏敏”的吃货属性，暗示她比其他成员更能享受美食。
HJ20180908,健康养生,这个肉看见也好吃,1,该用户被直播中展示的肉类食品所吸引，认为其外观诱人并产生了品尝欲望。
HJ20180908,健康养生,气得一直吃[赞][赞],0,该用户可能是被直播间的搞笑氛围或主播的幽默表现逗乐，一边调侃（比如对“大头”的情感八卦或吃相）一边用“气得一直吃”反话表达欢乐情绪，并配合点赞表情强调这种娱乐化的互动乐趣。
HJ20180908,健康养生,"看着大头不爱说话,可老实似的",0,该用户是在调侃大头性格内向、不善言辞，显得憨厚老实。
HJ20180908,健康养生,羊腿香不,1,该用户是在询问直播中展示的羊腿是否美味可口，以此判断是否值得购买。
HJ20180908,健康养生,"最近你牙又好看了,是不又改了",0,该用户是在调侃主播的外貌变化，暗示对方可能又去整牙了，带有戏谑和关注的意味。
HJ20180908,健康养生,上减肥的,1,该用户可能是在询问直播间是否有关于减肥的产品或内容上架。
HJ20180908,健康养生,"结了三次婚,离了两次婚",0,该用户是在调侃主播的情感经历，用夸张的结婚离婚次数来附和直播间里关于主播私生活的玩笑话题。
HJ20180908,健康养生,大头一月多少工资,0,该用户是在调侃主播“大头”频繁结婚离婚的经济开销，好奇他靠直播赚的钱是否够支付这些费用。
HJ20180908,健康养生,二婚和谁,0,该用户可能在调侃或询问主播的婚姻状况，具体是想知道“第二次结婚的对象是谁”。
HJ20180908,健康养生,二婚是不是赔钱了,0,该用户可能在调侃主播的情感经历，暗示主播的第二次婚姻是否在经济上有所损失。
HJ20180908,健康养生,还是大头好,0,该用户是在夸赞主播“大头”的表现出色，认为他比其他人更有魅力或更受欢迎。
HJ20180908,健康养生,那个女孩子说的对[笑哭][笑哭][笑哭][笑哭][笑哭][笑哭][笑哭][,0,该用户可能是对直播间中某位女性观众或主播的幽默发言表示认同，并用大笑的表情符号表达被逗乐的轻松情绪。
HJ20180908,健康养生,拍了流油的蛋,0,该用户想表达的含义是：已经下单购买了这款流油的咸鸭蛋。  （结合直播间的氛围和之前的弹幕内容，用户可能被主播展示的食品吸引，用“拍了”表示下单，“流油的蛋”指代咸鸭蛋或其他类似商品，表达购买行为已发生。）
HJ20180908,健康养生,两败俱伤,0,该用户可能在调侃主播之间的互动或竞争，暗示双方都因争执或较劲而得不偿失。
HJ20180908,健康养生,这个人怎么这么像大头,0,该用户可能是在调侃主播的外貌特征与昵称为“大头”的某人相似，带有轻松戏谑的社交互动意图，并未直接表达购买兴趣。
HJ20180908,健康养生,看一下衣服,1,该用户可能对当前直播讨论的无关话题感到不耐烦，希望主播回归正题展示服装产品。
HJ20180908,健康养生,要不你俩两口子,0,该用户可能是在调侃主播夫妻关系，建议他们干脆在一起或继续互动。
HJ20180908,健康养生,那不是你前夫吗?,0,该用户可能是在调侃主播的情感经历，暗示画面中出现的人与主播有过婚姻关系。
HJ20180908,健康养生,咱家咖啡不是这种色呀,0,该用户可能是在质疑直播中展示的咖啡颜色与自家产品实际颜色存在差异，暗示对商品真实性或宣传效果的怀疑。
HJ20180908,健康养生,我爱看大头,0,该用户是在调侃主播的外貌特征并表达对其直播风格的喜爱。
HJ20180908,健康养生,"大头聪明,[赞]",0,该用户想表达的含义是：称赞主播“大头”性格讨喜且表现优秀，流露出对主播的喜爱和支持。
HJ20180908,健康养生,怎么搭钱的,0,该用户可能是在询问直播中提到的“大头”在婚姻或经济方面的花费情况，隐含对个人财务状况或消费选择的兴趣。
HJ20180908,健康养生,人没坏[龇牙][龇牙],0,"该用户想表达的含义是：大头这个人其实挺好的（用表情符号表达调侃和认可）。 （解析：结合前文弹幕频繁提及""大头""且多带调侃语气，以及""还是大头好""等正面评价，此处用反语""没坏""配合龇牙表情，实质是以幽默方式肯定大头的为人。）"
HJ20180908,健康养生,咸鸭蛋有吗,1,该用户可能在询问直播间是否有咸鸭蛋商品上架或售卖。
HJ20180908,健康养生,其实你给大头合婚更好,0,该用户是在调侃主播和大头的般配程度，暗示两人结婚会比当前讨论的其他婚姻关系更合适。
HJ20180908,健康养生,对你工作配合的特别好,0,"该用户可能在调侃主播与搭档（如""大头""）的互动默契，暗示他们的合作效果有趣或吸引人。"
HJ20180908,健康养生,哦很感动,0,该用户可能是被直播中某段温情或励志的内容触动，表达情感共鸣而非直接购买意向。
HJ20180908,健康养生,就是有福大头,0,该用户想表达的含义是：大头这个人确实很有福气（或很讨人喜欢）。  （结合前文弹幕中频繁提及“大头”且多为正面评价，如“大头聪明”“我爱看大头”等，可推断此处的“有福”是对其性格或境遇的褒义调侃。）
HJ20180908,健康养生,"大头肯定好,考羊肉都吃上了[笑哭]",0,该用户是在调侃并赞同主播“大头”的生活品味，暗示他过得不错（能吃上考羊肉），同时用[笑哭]表情强化幽默轻松的互动氛围。
HJ20180908,健康养生,喝了8+1可以吃胶囊吗?,1,该用户可能是在询问饮酒后能否服用药物，暗示对直播中提到的某种保健品或药品存在潜在购买顾虑。
HJ20180908,健康养生,拿钱享受了,0,该用户可能在调侃主播通过直播带货赚了钱，自己作为观众也享受了观看的乐趣或获得了实惠。
HJ20180908,健康养生,看着大头可老实了,0,该用户是在调侃主播“大头”性格憨厚实在，并隐含对其人品的认可或喜爱。  （解析：结合前文弹幕中频繁出现的“大头”昵称、对其性格的正面评价（如“聪明”“有福”）以及轻松调侃的语境（如“考羊肉都吃上了”），可判断“老实”是对主播性格特征的补充描述，整体氛围偏向亲切的玩笑式互动。）
HJ20180908,健康养生,是不是怀的双胞胎啊,0,该用户可能是在调侃主播的身材或状态，暗示其腹部隆起像怀了双胞胎。
HJ20180908,健康养生,"没离婚时要这么努力跟你直播,也不能离",0,该用户想表达的含义是：如果当初婚姻存续期间能像现在直播这么拼，或许就不会走到离婚的地步。 （通过将直播中的努力状态与婚姻关系进行对比，隐含对过往的遗憾和自嘲）
HJ20180908,健康养生,红姐赔多少?,0,该用户可能在调侃主播红姐是否会因商品优惠而“亏本”，以此试探是否有促销活动或更低价格。
HJ20180908,健康养生,谁都年轻过,0,该用户可能是在感慨主播或观众提及的往事，暗示对过去青春岁月的共鸣或对当前话题的怀旧情绪。
HJ20180908,健康养生,讲讲吧,0,该用户可能是在催促主播详细讲解当前展示的商品或话题。
HJ20180908,健康养生,大头人家老婆准备还个双胞胎,0,"该用户可能在调侃主播""大头""的家庭生活，暗示其妻子可能怀了双胞胎，带有戏谑和八卦的意味。"
HJ20180908,健康养生,"陈芝麻烂谷子地事,就过去了不提了",0,该用户想表达的含义是：过去那些无关紧要的琐事就让它翻篇吧，不必再提了。  （结合前文弹幕中关于“大头”的生活讨论、感情话题等，用户可能是对直播间过度聚焦于陈年话题感到不耐烦，希望转向更实际或当前的内容。）
HJ20180908,健康养生,咖啡改价,1,该用户可能在询问或催促主播调整咖啡产品的售价，表达了对该商品的购买意向或价格敏感。
HJ20180908,健康养生,吃的啥,0,该用户可能在询问主播正在品尝或展示的食品内容，表现出对直播中出现的食物的好奇或兴趣。
HJ20180908,健康养生,大头能赚钱,0,"该用户可能在调侃或暗示主播""大头""通过直播赚了不少钱，带有羡慕或玩笑的意味。"
HJ20180908,健康养生,这个怎么吃的?咖啡…,1,该用户可能是对直播中提到的咖啡产品感兴趣，想询问具体的食用方法或冲泡方式。
HJ20180908,健康养生,总结的精辟,0,该用户想表达的含义是：对主播的总结表示高度认可和赞同。
HJ20180908,健康养生,现在都好[爱心],0,该用户可能是在表达对当前直播内容或主播表现的喜爱和赞赏，觉得氛围温馨有爱。
HJ20180908,健康养生,大头之前一口不吃[奸笑],0,该用户是在调侃大头（主播或直播中的角色）之前对某种食物完全不感兴趣，但现在却开始享用了，暗示其态度转变或口是心非。
HJ20180908,健康养生,"咖啡能不能改价红姐,等着睡觉去呢",1,该用户是在催促主播尽快调整咖啡的价格，暗示自己因时间较晚想尽快下单后休息。
HJ20180908,健康养生,说说吧,0,该用户可能是想催促主播详细解释或分享当前讨论的话题内容。
HJ20180908,健康养生,好好的一把排打了个稀巴烂,0,该用户是在调侃主播（大头）原本有不错的表现或机会，却因为某些失误或变故导致局面变得糟糕。
HJ20180908,健康养生,介绍咖啡吧,1,该用户希望主播详细介绍当前正在讨论的咖啡产品信息或促销活动。
HJ20180908,健康养生,几个月了,0,该用户可能在催促主播尽快改价或上架咖啡商品，暗示等待时间过长。
HJ20180908,健康养生,可好喝,1,该用户想表达的含义是：这款咖啡的口感很不错。  （结合前文“咖啡改价”“介绍咖啡吧”等弹幕，语境聚焦在咖啡产品上，“可好喝”是对咖啡品质的肯定，隐含购买兴趣。）
HJ20180908,健康养生,现在红姐和大头不廷和歇的吗?[哈欠][哈欠][哈欠][哈欠][捂脸][捂脸,0,该用户可能在调侃或疑惑主播红姐和大头当前是否因疲倦或矛盾而表现得不和睦，同时用表情符号暗示无聊或无奈的情绪。
HJ20180908,健康养生,吃东西咋吧唧嘴呢,0,该用户是在吐槽主播吃东西时发出声音不雅观，可能带有轻微不满或调侃的意味。
HJ20180908,健康养生,文文怀孕几个月了,0,"该用户可能在询问主播""文文""的孕期进展，表现出对主播个人生活的关心而非商品购买意向。"
HJ20180908,健康养生,让后面那个美女吃点,0,该用户可能是希望镜头切换到后方正在吃东西的女性主播，表达对展示产品的兴趣或想了解更多食用场景。
HJ20180908,健康养生,文文多大了,0,"该用户是在询问主播""文文""的年龄或怀孕时长，可能出于对她个人情况的关心或对相关话题的好奇。"
HJ20180908,健康养生,这怎么看着这么像大头,0,该用户可能是在调侃直播中展示的某样商品或人物的外观特征与“大头”相似，带有玩笑性质的比较。
HJ20180908,健康养生,说说吧长人气,0,该用户可能是想催促主播多介绍产品（比如咖啡）来活跃气氛或吸引更多观众互动。
HJ20180908,健康养生,讲一下,0,该用户可能是想让主播详细介绍当前展示的商品或正在讨论的话题。
HJ20180908,健康养生,讲讲听听,0,用户希望主播详细讲解当前展示的产品或话题。
HJ20180908,健康养生,这两口子分开都挣钱养家,0,"该用户想表达的含义是：夫妻搭档各自努力赚钱维持家庭生计的模式值得肯定。 （解析依据：结合前文弹幕中频繁出现的""大头""、""红姐""、""文文""等人物互动，以及""赚钱""""养家""等关键词，可推断用户是在评论直播中出现的夫妻/家庭组合通过分工合作实现经济收益的积极现象，语境偏向对这种生活模式的观察与认可。）"
HJ20180908,健康养生,讲讲吧,0,该用户希望主播详细介绍一下当前展示的商品或话题。
HJ20180908,健康养生,不是99么,1,该用户可能是在质疑或确认商品价格与之前宣传不符，认为当前展示的价格并非之前提到的99元。
HJ20180908,健康养生,不是99吗,1,该用户可能是在质疑或确认商品的当前售价与之前宣传的99元价格不一致。
HJ20180908,健康养生,讲讲呗,0,该用户希望主播详细介绍一下当前展示的商品或话题。
HJ20180908,健康养生,大头表面看着老实,0,该用户是在调侃主播“大头”看似憨厚实则可能有隐藏的幽默或反差表现。
HJ20180908,健康养生,给婆婆干架不哈哈哈,0,该用户是在调侃直播中的人物关系，用玩笑语气评论婆婆与儿媳之间的互动。
HJ20180908,健康养生,婆婆人不行,0,该用户是在调侃主播家庭关系中的婆媳矛盾，暗示婆婆性格或处事方式有问题。
HJ20180908,健康养生,大头跟现在的媳妇和的来吗[奸笑][奸笑],0,"该用户是在调侃主播夫妻关系，以八卦口吻询问""大头""和现任伴侣相处是否融洽，带有戏谑和窥探隐私的意图。"
HJ20180908,健康养生,说的是啥事啊?,0,该用户可能是对直播中讨论的具体话题感到困惑，想询问当前正在讲解的内容或事件背景。
HJ20180908,健康养生,你俩有孩子吗,0,该用户可能是在八卦主播的家庭状况，好奇主播夫妻是否有子女。
HJ20180908,健康养生,"大头妈妈就住我隔壁单元,很好的老太太",0,该用户想表达的含义是：我认识大头的母亲，她是个和善的长辈，暗示对直播中讨论的家庭话题有亲近感。
HJ20180908,健康养生,生活都不容易,0,该用户可能是在感慨直播中提到的家庭生活压力或婚姻关系不易，表达对主播或他人生活处境的理解与共情。
HJ20180908,健康养生,红姐快点改价吧咖啡,0,该用户是在催促主播尽快调整咖啡商品的价格以便购买。
HJ20180908,健康养生,红姐是实在人,0,该用户想表达的含义是：主播红姐为人真诚可靠，值得信任。
HJ20180908,健康养生,讲讲呗[666][666][666][666],0,该用户想表达的含义是：催促主播详细介绍一下当前讨论的产品或话题。
HJ20180908,健康养生,人家婆婆可好了,0,该用户可能是在反驳之前关于“婆婆人不行”的负面评价，试图表达“大头的母亲其实是个很好的人”来维护婆婆的形象。
HJ20180908,健康养生,这吃的啥肉呀,0,该用户可能对直播中展示的食品产生了好奇，想了解产品的具体肉类成分以评估是否购买。
HJ20180908,健康养生,换了一个位子,0,该用户可能是在催促主播切换展示的商品或调整镜头位置，以便更好地观看产品细节。
HJ20180908,健康养生,这样挺好不吵架了,0,该用户可能是在对直播间氛围转为和谐表示认可，暗示之前讨论家庭矛盾的弹幕话题已经平息。
HJ20180908,健康养生,"之前大这么支持,这么吃,也不会分开[爱心]",0,该用户想表达的含义是：他们夫妻感情深厚，即使面临生活压力也不会轻易分开。
HJ20180908,健康养生,吃多少天?,1,该用户可能是询问产品（如食品）的食用周期或建议用量，表现出对商品具体使用细节的兴趣。
HJ20180908,健康养生,你俩也不容易青梅竹马,0,"该用户想表达的含义是：你们这对青梅竹马一路走来挺辛苦的。  （结合前文弹幕中关于家庭关系、生活不易等讨论，用户在此处用""青梅竹马""指代主播/直播主角的长期感情关系，并以""不容易""呼应前文对生活琐事的感慨，整体表达一种共情式的感叹。）"
HJ20180908,健康养生,因为啥,0,该用户想表达的含义是：询问主播刚才提到的某件事的具体原因或背景。
HJ20180908,健康养生,减肥套餐红姐家减得很快,0,"该用户可能是想表达对主播推荐的减肥套餐效果感兴趣，暗示产品见效快值得尝试。  （结合前文弹幕中频繁出现""红姐""称呼、讨论生活日常以及催促改价等互动，可推断直播间氛围偏向熟人社交型带货，用户在此语境下提及产品效果时更倾向于传递信任感和购买意向，而非单纯陈述事实。）"
HJ20180908,健康养生,两口子另一半都是享福之人,0,该用户想表达的含义是：夫妻双方的另一半都是幸运的人，能遇到这么好的伴侣。  （结合前文弹幕中关于家庭关系、夫妻相处、婆婆等话题的讨论，这句话可能是对当前直播中提到的夫妻关系表示认可或调侃，认为他们的伴侣很有福气。）
HJ20180908,健康养生,让第二个捞走一笔吧,0,该用户可能是在调侃或催促主播尽快推出下一个优惠商品，暗示自己有意向购买。
HJ20180908,健康养生,你这个媳妇多好呀,0,该用户是在调侃或称赞主播（或主播提到的某位女性）性格好、适合做媳妇，可能带有对家庭关系和谐的赞许或玩笑意味。
HJ20180908,健康养生,海吃家酸辣粉,1,"该用户可能是在询问或表达对直播中展示的""海吃家酸辣粉""产品的兴趣，想了解产品详情或示意准备购买。"
HJ20180908,健康养生,"前人栽树,后人乘凉",0,该用户可能是在感慨当前直播中提到的家庭关系或情感故事中，前人付出努力而后人享受成果的传承关系。
HJ20180908,健康养生,爱不爱都在细节里[捂脸],0,该用户可能在感慨主播夫妻相处细节中体现的感情，用调侃语气表达对他们关系的认可或羡慕。
HJ20180908,健康养生,现在都是二手娘们吃香享福,0,该用户可能在讽刺当前社会现象中部分再婚女性通过婚姻获取物质利益，暗示她们不如原配付出多却享受更多。
HJ20180908,健康养生,你们离婚了还做成朋友怎么做到的这样对孩子也好,0,该用户是在感慨主播离婚后仍能友好相处，并认可这种处理方式对子女成长的积极影响。
HJ20180908,健康养生,减肥套餐红姐家减得很快,0,该用户想表达的含义是：红姐家的减肥套餐效果显著，值得推荐。
HJ20180908,健康养生,因为你太强了[龇牙],0,该用户可能在调侃主播能力出众，用幽默的方式表达对主播表现的认可和喜爱。
HJ20180908,健康养生,说明他不爱你,0,这个用户是在借情感话题调侃或评价主播的情感状态，暗示当前讨论的行为或表现是对方不够爱的证据。
HJ20180908,健康养生,谁让你不会调教他[挑逗],0,"该用户是在调侃直播间讨论的情感话题，以戏谑口吻暗示""感情问题需要主动调教伴侣才能解决""。"
HJ20180908,健康养生,所以说大老婆是冤家小老婆是他妈[捂脸][捂脸][捂脸],0,"该用户是在调侃直播间讨论的家庭关系话题，用戏谑口吻表达""原配像冤家般相处，而续弦反而像母亲般照顾男方""的讽刺观察。"
HJ20180908,健康养生,现在和好了,0,用户是在感慨直播间里讨论的夫妻/情侣关系修复后的和谐状态。
HJ20180908,健康养生,喜欢红姐,0,该用户是在表达对主播“红姐”的喜爱和支持，可能是对其推荐的产品或直播内容表示认可。
HJ20180908,健康养生,红姐是好女人,0,该用户想表达的含义是：对主播红姐的人格魅力表示欣赏和喜爱。
HJ20180908,健康养生,他是离婚从中收到教训了,0,该用户可能在讽刺或调侃主播的情感经历，暗示对方从离婚中吸取了教训（比如变得精明或现实），而非真正表达购买意向。  （解析：结合前文大量涉及婚姻、离婚调侃的弹幕语境，该评论更偏向情感话题的跟风吐槽，与直播间推销的减肥产品等商品无直接关联。）
HJ20180908,健康养生,"对,就是前人栽树,后人乘凉",0,"该用户是在调侃当前感情话题中""前人付出努力而后人享受成果""的普遍现象，带有对感情关系中不公平状况的戏谑和无奈。"
HJ20180908,健康养生,那早该离婚了,0,该用户是在附和直播间讨论的婚姻话题，认为当事人早就应该结束这段不幸福的婚姻关系。
HJ20180908,健康养生,大男子主义,0,该用户可能在讽刺或调侃当前讨论的婚姻关系中男性表现出的强势和控制欲。
HJ20180908,健康养生,吃的什么肉,0,该用户可能是在询问直播中展示或提到的食品具体种类，暗示对产品细节感兴趣或想进一步了解商品信息。
HJ20180908,健康养生,我前夫现在又浪漫又啥都干,0,该用户想表达的含义是：离婚后前夫变得体贴能干，暗示自己当初的付出现在被他人受益。  （结合前文弹幕中关于离婚、感情调教、前人栽树后人乘凉的讨论，用户通过对比前夫现状，隐晦表达对婚姻中不对等付出的感慨或自嘲。）
HJ20180908,健康养生,多久发货,0,该用户想表达的含义是：询问商品下单后的配送时效，表现出对产品的实际购买意向。
HJ20180908,健康养生,那就是你爱他多吧,0,该用户可能在调侃或讽刺当前讨论的婚姻关系中一方付出更多却得不到同等回报的不平衡状态。
HJ20180908,健康养生,他爱现在的媳妇儿,0,该用户是在调侃当前婚姻关系中前任的付出为现任创造了便利，暗指男方因为过去的经历才懂得如何经营现在的感情。
HJ20180908,健康养生,大头打你吗?,0,该用户可能是在用调侃的语气质问主播为何推荐价格虚高的商品（“大头”可能暗指价格水分大）。
HJ20180908,健康养生,问问大头咋想的,0,"该用户可能是对主播或他人提到的情感关系话题感到困惑，想了解当事人""大头""对当前讨论的婚姻矛盾问题的真实想法。"
HJ20180908,健康养生,"前妻是草,后妻是宝",0,该用户想表达的含义是：前任伴侣在婚姻中不被珍惜，而现任伴侣却得到了更好的对待。
HJ20180908,健康养生,上咖啡,1,该用户可能在催促主播上架或介绍咖啡产品，表达对咖啡的购买兴趣或需求。
HJ20180908,健康养生,我记得18年他给你喝猪油,0,该用户可能在调侃主播过去的感情经历，暗示对方曾有过不愉快的回忆（比如被前任用猪油戏弄），以此呼应弹幕中关于前任与现任对比的讨论氛围。
HJ20180908,健康养生,大头打过你吗?,0,"该用户是在八卦主播的情感经历，暗指主播的伴侣（""大头""）是否有暴力倾向或不当行为。"
HJ20180908,健康养生,"大头真能吃,吃的香",0,"该用户是在调侃主播""大头""的食量和豪迈吃相，暗示对其真实生活状态的兴趣。"
HJ20180908,健康养生,这么好的媳妇,0,该用户是在调侃或称赞主播现在的伴侣（“媳妇”）优秀，暗示主播的现任比前任更懂得经营婚姻关系。
HJ20180908,健康养生,"真播啊,一天一夜了",0,该用户可能是在感叹主播的敬业和直播时长，暗示对直播内容的持续关注和认可。
HJ20180908,健康养生,"大头不打人,从来没有打过",0,该用户是在澄清并反驳此前关于“大头”有暴力倾向的猜测，强调“大头”性格温和从未有过打人行为。
HJ20180908,健康养生,来事能喝吗?,1,该用户可能在询问直播中提到的某种饮品是否适合在生理期饮用。
HJ20180908,健康养生,有羊腿吗,1,该用户可能在询问直播间是否有售卖羊腿产品，表达了对购买羊腿的兴趣或需求。
HJ20180908,健康养生,你现在也不是老公12分的爱你疼你么[捂脸],0,该用户是在调侃主播当前的伴侣（“老公”）虽然表面上表现得十分疼爱，但实际上可能并不如前任（“大头”）那样真心或体贴，暗含对主播感情现状的讽刺或戏谑。
HJ20180908,健康养生,看看大头媳妇,0,该用户可能是对主播的伴侣（“大头”）或其情感生活感到好奇，想通过观察对方伴侣的形象或互动来进一步了解他们的关系状态。
HJ20180908,健康养生,再不好都三婚了,0,该用户想表达的含义是：即使现在的婚姻状况不够理想，当事人也已经经历过多次婚姻了。  （结合上下文，弹幕讨论的是主播或相关人物的感情经历，尤其是“大头”及其伴侣的关系，用户可能在调侃或感叹婚姻次数多，暗示对当前感情状态的无奈或讽刺。）
HJ20180908,健康养生,"你俩是前世的冤家,不能做夫妻",0,"这对主播夫妻虽然经常斗嘴吵闹，但其实是命中注定的欢喜冤家。  （解析：结合前文弹幕频繁提及主播夫妻互动（如""大头打你吗""""你爱他多""等），以及""冤家""""夫妻""等关键词，可推断用户用调侃方式表达对主播夫妇吵闹但恩爱关系的观察，符合直播间观众讨论夫妻关系的整体语境。）"
HJ20180908,健康养生,"打仗呗,太强势吓人",0,该用户可能在调侃主播夫妻间的互动过于激烈，像在“打仗”一样让人感到压迫感。
HJ20180908,健康养生,"大头媳妇有福,不干就有钱花",0,该用户是在调侃主播（大头媳妇）命好，不用辛苦工作就能享受富裕生活，暗含对主播婚姻状态的八卦和羡慕。
HJ20180908,健康养生,红姐吃,0,该用户可能在调侃主播“红姐”的饮食习惯或催促她展示吃播内容。
HJ20180908,健康养生,各自安好,0,"该用户可能是在调侃或感叹主播的情感经历，暗示""既然已经分开就各自过好自己的生活吧""。"
HJ20180908,健康养生,现在的他有保护欲,0,该用户想表达的含义是：当前这位男性表现出对伴侣强烈的呵护意愿。  （结合前文弹幕中关于婚姻关系、性格对比的讨论，用户可能通过对比前任与现任的态度差异，强调现任更懂得关爱对方。）
HJ20180908,健康养生,看看他媳妇,0,该用户想表达的含义是：想看看主播现任妻子的样貌或近况。  （结合前文弹幕中频繁提及“大头”“媳妇”“三婚”等关键词，语境围绕主播的婚姻关系展开，用户可能是出于对主播现任配偶的好奇或调侃而发此弹幕。）
HJ20180908,健康养生,你给他买的奔驰大吉呢,0,该用户可能在调侃或讽刺主播（或相关人物）曾经承诺或炫耀过给他人购买豪车（奔驰大G），但实际并未兑现或存在夸大成分。
HJ20180908,健康养生,你哪都好看就是鼻子做下,0,该用户是在调侃主播的容貌，委婉建议对方可以考虑微调鼻子来提升整体颜值。
HJ20180908,健康养生,大头喜欢这个老婆吗,0,该用户可能在调侃或询问主播（“大头”）是否真心喜欢当前展示的商品（“老婆”可能指商品拟人化或伴侣），结合直播间氛围偏向八卦和互动。
HJ20180908,健康养生,"你俩各自安好,这样挺好的",0,"该用户想表达的含义是：赞同主播和前伴侣分开后各自过好自己的生活，认为这种状态对双方都更合适。  （结合前文弹幕中关于婚姻关系、性格冲突的讨论，用户通过简洁的感叹表达对""分开后互不打扰""态度的支持，隐含对当前直播间话题中情感纠葛的总结性评价。）"
HJ20180908,健康养生,益生菌有吗,1,该用户可能是在询问直播间是否有售卖益生菌产品，表达了对该商品的购买兴趣或需求。
HJ20180908,健康养生,咖啡多少钱,1,该用户想表达的含义是：询问直播间正在介绍或展示的咖啡产品的价格信息。
HJ20180908,健康养生,真的可以瘦的!我今天掉了2两,0,该用户是在分享使用产品后的正面效果，暗示对直播所售商品的认可和潜在购买意向。
HJ20180908,健康养生,"效果蛮好的!我也收到了,感谢红姐",0,该用户想表达的含义是：对产品效果表示满意并感谢主播的推荐。
HJ20180908,健康养生,你俩离婚给大头多少钱,0,该用户是在调侃主播的婚姻状况，好奇离婚时财产分配的八卦心理。
HJ20180908,健康养生,大头人也挺好,0,该用户可能是在调侃或认可主播（“大头”）的现任伴侣，认为她虽然被戏称为“大头人”但性格或条件还不错。
HJ20180908,健康养生,大头喝的啥,0,该用户可能是好奇主播或直播间提到的“大头”正在饮用的产品，并对其产生了兴趣或购买意向。
HJ20180908,健康养生,减肥套餐红姐家减得很快,1,该用户想表达的含义是：对红姐家的减肥套餐效果表示认可，暗示有购买意向。
HJ20180908,健康养生,二手的吧,0,该用户可能是在质疑直播中展示的商品并非全新，而是二手货。
HJ20180908,健康养生,让大头讲,0,该用户希望让主播“大头”来讲解或介绍当前的产品或内容。
HJ20180908,健康养生,他脾气忒不好,0,该用户是在调侃或批评直播中提到的“大头”性格急躁，不够温和。
HJ20180908,健康养生,咸鸭蛋有运费险吗,1,该用户可能对咸鸭蛋产品感兴趣，想确认购买后的退换货保障情况。
HJ20180908,健康养生,喝的啥,0,该用户是在询问主播或其他人正在饮用的产品名称或品牌。
HJ20180908,健康养生,你们喝的是啥,0,该用户是在询问直播中展示或提到的饮品具体是什么产品。
HJ20180908,健康养生,孩子跟谁了红姐,0,该用户可能在询问主播“红姐”是否负责销售儿童用品或亲子类产品。
HJ20180908,健康养生,喝的是什么,1,该用户是在询问主播正在饮用的产品名称或品牌，可能对同类商品有购买兴趣。
HJ20180908,健康养生,你两八字不合,0,该用户是在调侃或讽刺主播与搭档（大头）的关系不融洽，暗示两人不适合合作或相处。
HJ20180908,健康养生,嗨吃家酸辣粉好吃吗,1,该用户是在询问嗨吃家酸辣粉的口感和品质如何，可能对购买这款产品感兴趣。
HJ20180908,健康养生,现在大头开的什么车,0,该用户可能是出于好奇或调侃，想知道主播“大头”日常使用的交通工具是什么。
HJ20180908,健康养生,"你们俩人这样真的很好,分开才知道对方的好",0,该用户是在感叹直播中两位主播（红姐和大头）的互动关系，认为他们分开后反而更懂得珍惜彼此。
HJ20180908,健康养生,"现在老公,好",0,该用户想表达的含义是：现在觉得老公挺好的（可能是看到直播中夫妻互动后有感而发）。
HJ20180908,健康养生,和第二个也打,0,该用户可能是想询问或参与直播间正在讨论的第二个产品（如减肥套餐、酸辣粉等）的打折或促销活动。
HJ20180908,健康养生,也不好,0,该用户可能是在委婉否定直播间的某个产品或服务，觉得效果或品质不够理想。
HJ20180908,健康养生,"还是这个老公亲啊,给吃水果",0,该用户想表达的含义是：现任伴侣对自己很体贴，主动递水果表示关心。
HJ20180908,健康养生,咖啡改价,0,该用户可能是看到主播或其他观众在喝咖啡，对直播中提到的咖啡价格产生了兴趣，希望了解或调整当前展示的咖啡商品售价。
HJ20180908,健康养生,东北男的疼媳妇,0,该用户可能是在调侃或认可当前直播中男性主播对伴侣的体贴行为，暗示这种品质值得赞赏或符合地域文化印象。
HJ20180908,健康养生,这个有夫妻相,0,该用户想表达的含义是：这对主播夫妻的互动看起来非常般配和谐。
HJ20180908,健康养生,东北人好[赞],0,该用户是在称赞东北人性格好或表现优秀。  （结合前文弹幕中频繁提及夫妻关系、地域特质（如“东北男的疼媳妇”）等内容，用户可能是在对直播中东北人的表现或相关讨论表达认可和欣赏。）
HJ20180908,健康养生,你老公好可爱,0,该用户是在调侃主播当前的伴侣讨人喜欢，可能带有对主播感情生活的八卦或打趣意味。
HJ20180908,健康养生,还是这个合适你,0,该用户想表达的含义是：当前展示的商品或伴侣关系比其他选项更匹配。
HJ20180908,健康养生,咖啡改价么,1,该用户是在询问直播中提到的咖啡商品是否会调整价格。
HJ20180908,健康养生,有点吃酣了,0,该用户想表达的含义是：刚才吃的东西有点腻了。
HJ20180908,健康养生,你和大头坐一起你老公不吃醋吗,0,该用户是在调侃主播与搭档（大头）的互动过于亲密，暗示这种关系可能会引起主播配偶的嫉妒。
HJ20180908,健康养生,红姐哈哈哈,0,该用户可能在轻松调侃主播红姐的互动氛围，表达一种亲切友好的观看情绪。
HJ20180908,健康养生,还是跟这个有夫妻相,0,该用户想表达的含义是：认为主播和当前互动的对象（可能是前任或现任伴侣）看起来十分般配。
HJ20180908,健康养生,"大头还挺好的,能控制不打媳妇",0,"该用户想表达的含义是：虽然大头性格有些强势，但至少懂得克制不会对伴侣动手，比其他对象更靠谱。 （解析：结合前文弹幕关于""打媳妇""的讨论、""东北男疼媳妇""的调侃、""夫妻相""的反复提及等语境，此处是通过对比凸显当前对象""大头""的相对优点，用反讽语气表达对其品行的认可）"
HJ20180908,健康养生,前面还有那个媳妇叫什么,0,该用户可能是对直播中提到的某个女性角色（如“媳妇”或“红姐”）的身份感到好奇，想确认她的具体称呼或昵称。
HJ20180908,健康养生,再换个[笑哭],0,该用户可能是在调侃直播中的互动氛围，委婉表达希望更换当前讨论的话题或人物。
HJ20180908,健康养生,你俩才有夫妻相,0,该用户是在调侃主播与当前互动的男性搭档看起来般配，暗示他们像一对夫妻。
HJ20180908,健康养生,红姐真聪明一人,0,该用户是在夸赞主播红姐机灵能干，对她展现的聪明特质表示欣赏和认可。
HJ20180908,健康养生,"这个已经忒好了,多好呀",0,该用户想表达的含义是：当前展示的商品或人物特质非常令人满意，比其他选项更出色。
HJ20180908,健康养生,看看说实话了吧[捂脸],0,该用户是在调侃主播之前对某个商品的评价有所保留，现在终于说出了真实想法，并用表情符号表达了一种“果然如此”的戏谑态度。
HJ20180908,健康养生,有夫妻相[赞][赞][赞],0,该用户是在夸赞直播中出现的两人（可能是主播或展示的夫妻）外貌气质般配，表达欣赏和认同的情感。
HJ20180908,健康养生,换一个,0,该用户可能是对当前展示的商品或直播内容不太满意，希望主播更换其他选项。
HJ20180908,健康养生,现在找个小的也行[笑哭],0,该用户想表达的含义是：在当前选择不太理想的情况下，勉强接受一个稍小的替代品也可以接受。
HJ20180908,健康养生,你老公说的也是实话[龇牙],0,该用户是在调侃主播夫妻互动有趣，并认同之前弹幕中关于“夫妻相”或伴侣关系的评论。
HJ20180908,健康养生,这老公不能要了,0,该用户是在调侃主播的伴侣，以幽默方式表达对当前互动氛围的认可。
HJ20180908,健康养生,我就喜欢胖的,0,该用户可能在调侃主播或嘉宾的身材特点，表达对体型偏胖者的偏好或喜爱。
HJ20180908,健康养生,吃醋了看见生气不高兴了[捂脸],0,该用户是在调侃直播中主播与他人的互动，以玩笑口吻表达自己因“吃醋”而产生的假装不满情绪。
HJ20180908,健康养生,菊飞好,0,该用户可能是在调侃主播与搭档的互动关系，用谐音梗表达“（你们）绝配好”。
HJ20180908,健康养生,入赘也有尊严啊[挑逗],0,该用户是在调侃主播夫妻关系，以幽默方式表达对男性在婚姻中地位平等的支持。
HJ20180908,健康养生,上车红姐,1,该用户想表达的含义是：想跟随红姐的推荐购买商品。  （结合前文弹幕中多次提及“红姐”并带有调侃和互动氛围，推测“上车”是直播间的购物暗号，用户表达对红姐的信任或跟单意愿。）
HJ20180908,健康养生,东北人说话好玩不[捂脸][捂脸],0,该用户是在调侃主播的东北口音有趣，以轻松玩笑的方式表达对直播氛围的喜爱而非直接购买意向。
HJ20180908,健康养生,换老公,0,该用户是在调侃主播的伴侣选择，以幽默方式建议更换当前讨论的男性对象。
HJ20180908,健康养生,怎么认识的,0,该用户可能是想询问主播与伴侣相识的经过或感情故事，反映出对主播个人生活的八卦兴趣而非直接购买意向。
HJ20180908,健康养生,减肥套餐红姐家减得很快,0,该用户可能是被直播中提到的减肥效果吸引，想询问或确认红姐家的减肥套餐是否真的见效快。
HJ20180908,健康养生,一个二婚的找了个头婚的知足点把红姐,0,该用户想表达的含义是：二婚的人能找到头婚的对象已经很幸运了，劝红姐要懂得知足。  （结合前文弹幕中关于夫妻关系、择偶调侃的语境，这句话可能是以玩笑或劝解的口吻，针对直播中提到的婚恋话题进行评论。）
HJ20180908,健康养生,换个小的,0,该用户可能是对当前展示的商品尺寸不满意，希望主播更换更小规格的产品进行介绍或推荐。
HJ20180908,健康养生,找个小的给他看看,0,该用户可能在调侃或提议更换展示更小尺寸的商品供观众参考。
HJ20180908,健康养生,今有点闹脾气你老公[龇牙],0,该用户是在调侃主播夫妻间的互动，暗示主播因为丈夫的言行而表现出吃醋或赌气的情绪。
HJ20180908,健康养生,"你现在的老公多好,多帅,别不知足",0,该用户是在调侃主播的婚姻关系，暗示主播应该珍惜现有的伴侣，不要对配偶外貌或条件过分挑剔。
HJ20180908,健康养生,他俩谁厉害,0,该用户可能在询问直播中提到的两位人物（可能是主播夫妻或嘉宾）的能力或表现对比，想了解谁更胜一筹。
HJ20180908,健康养生,红姐过分了,0,该用户是在调侃主播红姐的行为有些出格或玩笑开得有点过火，可能是在回应之前弹幕中关于夫妻关系或择偶标准的玩笑话题。
HJ20180908,健康养生,一个二婚的找了个头婚的知足点把红姐和大头说话好好的[憨笑][憨笑],0,该用户是在调侃直播中提到的婚姻关系，以玩笑口吻劝诫当事人要珍惜当前的感情状况，别太挑剔或不知足。
HJ20180908,健康养生,红姐可以找个小伙,0,该用户可能是在调侃主播的感情状况，暗示主播可以考虑找个年轻伴侣来气一气现任丈夫。
HJ20180908,健康养生,这个脾气好,0,该用户可能是在调侃主播或主播伴侣的性格温和，暗示这样的脾气容易相处或适合作为伴侣。
HJ20180908,健康养生,还敢还嘴,0,该用户可能在调侃主播或直播间其他观众，以玩笑口吻表达对当前互动中“顶嘴”行为的不满或戏谑。
HJ20180908,健康养生,这个上车,1,该用户想表达的含义是：我想购买当前展示的这个产品。  （结合前文，“上车”在电商直播中常指“加入购物”或“跟团购买”，而“这个”明确指向直播间正在介绍的商品，因此整句是明确的购买意向表达。）
HJ20180908,健康养生,我也瘦了!这个减肥的效果超级好～,0,该用户是在分享自己使用产品后的积极体验，暗示对直播推荐的减肥产品效果感到满意并产生购买兴趣。
HJ20180908,健康养生,和大头从不大声说话,0,"该用户是在调侃主播夫妇的相处模式，暗示""大头""性格温和从不与红姐争执。"
HJ20180908,健康养生,你俩有意思,0,该用户是在调侃主播夫妻互动有趣，表达对直播氛围的娱乐性认可而非直接购买意向。
HJ20180908,健康养生,"懒子,鸡毛",0,该用户可能是在用调侃的语气指责主播或其他人态度敷衍或表现不佳。
HJ20180908,健康养生,你应该找个男模年轻,0,该用户可能是在调侃或建议主播找个年轻帅气的男模特来活跃直播间气氛，以此吸引更多观众或增加趣味性。
HJ20180908,健康养生,咋不吃肉了,0,该用户可能在调侃或质疑主播（红姐）为何突然改变饮食习惯（如停止吃肉），可能与其之前讨论的减肥话题或情感八卦有关。
HJ20180908,健康养生,咖啡就是这个价嘛,1,该用户可能在质疑直播间推荐的咖啡价格偏高，认为与实际价值不符。
HJ20180908,健康养生,咖啡有效果吗,1,该用户是在询问直播中提到的咖啡产品是否具有宣传中的功效（比如提神或减肥效果）。
HJ20180908,健康养生,拿刀躲他,0,该用户可能是在调侃或讽刺主播的情感关系，暗示主播应该用更激烈的方式（如“拿刀”）来应对伴侣的行为，延续了前面弹幕对夫妻互动的戏谑讨论风格。
HJ20180908,健康养生,现在也可以找小伙,0,该用户可能在调侃或建议主播（红姐）可以考虑找个年轻男性伴侣。
HJ20180908,健康养生,你老公比大头年龄大?,0,该用户可能在调侃主播的现任伴侣年龄比前夫大，暗示主播对伴侣的选择标准。
HJ20180908,健康养生,有效果,0,该用户想表达的含义是：询问或确认产品是否具有实际功效。
HJ20180908,健康养生,人家那么能干!你不要在直播间乱说你老公!也付出了太多,0,该用户是在维护主播的现任伴侣，认为主播不应在直播中贬低对方的付出，并暗示对方已经为这段关系投入了很多。
HJ20180908,健康养生,咖啡改价嘛,1,该用户是在询问直播中提到的咖啡产品是否有价格调整或优惠活动的可能。
HJ20180908,健康养生,有钱叫你妈都行,0,该用户可能是在用夸张的反讽表达对主播推销高价商品的不满，认为只要价格够高甚至愿意违背常理地妥协。
HJ20180908,健康养生,效果很好,0,该用户是在认可直播中展示的某款产品（可能是减肥产品或咖啡）的实际使用效果不错。
HJ20180908,健康养生,20的能找到,0,该用户可能在询问或调侃主播能否找到20岁左右的年轻伴侣。
HJ20180908,健康养生,手套上车,1,该用户想表达的含义是：我也想购买这款手套。
HJ20180908,健康养生,好玩不[捂脸][捂脸],0,该用户可能是对直播中展示的某款产品或互动环节感到有趣，用调侃的语气询问产品的实际体验或娱乐效果。
HJ20180908,健康养生,咖啡改价吗,1,该用户是在询问直播间的咖啡产品是否会调整价格。
HJ20180908,健康养生,明哥多好呀双商都高,0,该用户是在夸赞主播“明哥”情商和智商都很出众，表达了对主播个人魅力的欣赏和认可。
HJ20180908,健康养生,"我一直买红姐的减肥,效果超级好",0,该用户想表达的含义是：自己是红姐减肥产品的忠实顾客，对其效果非常满意并持续复购。
HJ20180908,健康养生,16都喜欢36的,0,"该用户可能在调侃年龄差距大的婚恋关系，暗示""年轻女孩喜欢成熟男性""的社会现象。"
HJ20180908,健康养生,"有,不多",0,该用户可能是在回应主播关于某商品（如咖啡）库存或优惠活动的询问，暗示自己有一定购买意愿但需求不大。
HJ20180908,健康养生,肯定不可能,0,该用户可能是在否定主播或其他观众提出的某个产品或服务的效果、价格或可行性，表达不相信或拒绝的态度。
HJ20180908,健康养生,20都能找到,0,该用户可能是在质疑或调侃直播间的商品价格，认为以20元的价格难以找到同类品质的商品，暗示当前报价偏低或商品可能有猫腻。
HJ20180908,健康养生,红姐我可以给你找小伙,0,该用户可能在调侃或附和直播间关于年龄差距的玩笑，暗示红姐（主播）可以帮忙介绍年轻男性伴侣。
HJ20180908,健康养生,26的可能喜欢你钱[捂脸],0,该用户是在调侃年龄差距大的恋爱关系不靠谱，暗示26岁的人可能只是图对方的钱而非真心喜欢。
HJ20180908,健康养生,我老公30他情人40,0,"该用户可能是在调侃年龄差距大的恋爱关系，暗示""30岁的男性也能吸引40岁的女性""。"
HJ20180908,健康养生,"我四十,我老公33",0,该用户想表达的含义是：我们夫妻年龄差距较大，但这种情况在当下并不罕见。
HJ20180908,健康养生,男的大女的找我能接受,0,"该用户想表达的含义是：年龄差距大的恋爱关系（男性比女性年长或女性比男性年长）我都能接受。  （结合前文弹幕中频繁讨论年龄差婚恋话题的语境，该弹幕是对""男大女小""或""女大男小""婚恋模式的表态，用""找""代指择偶，""接受""表明包容态度）"
HJ20180908,健康养生,拉姆的找个小16岁,0,该用户可能在调侃年龄差距较大的恋爱关系，暗示“36岁的拉姆可以找个20岁左右的年轻伴侣”。
HJ20180908,健康养生,别说这些了咖啡改价,1,该用户是在催促主播尽快调整咖啡商品的价格，表现出明确的购买意向。
HJ20180908,健康养生,咖啡真的有效果吗,1,该用户是在询问直播中推荐的咖啡产品是否具有宣传中所说的实际功效。
HJ20180908,健康养生,沒有俩孩儿、兴许能找个小伙儿![捂脸][捂脸],0,该用户是在调侃年龄差距大的恋爱关系，暗示自己虽然单身但可能有机会找年轻对象。
HJ20180908,健康养生,多少钱,1,该用户是在询问直播中提到的商品（可能是咖啡）的具体价格。
HJ20180908,健康养生,还是这老公好,0,该用户是在调侃直播间中关于年龄差恋爱的讨论，表达对当前主播或商品展示的认可和喜爱。
HJ20180908,健康养生,眼睛老了[捂脸][捂脸][捂脸],0,该用户可能是在自嘲年龄较大，难以匹配直播间讨论的年轻化婚恋话题，用幽默方式表达对年龄差距的无奈感。
HJ20180908,健康养生,红姐出去包一个,0,该用户可能在调侃主播红姐的年龄或感情状况，暗示她可以找个比自己年轻的伴侣。
HJ20180908,健康养生,效果很好!甜的,1,该用户是在夸赞直播中展示的产品使用效果不错，尤其是对其甜味特征表示满意。
HJ20180908,健康养生,各种嫌弃[笑哭],0,该用户可能是在调侃或自嘲地表达对某些话题（如年龄差距、感情关系）的轻微不满或无奈，但并非真正反感，而是以轻松幽默的态度参与讨论。
HJ20180908,健康养生,比大头强[龇牙],0,该用户是在调侃某个被提及的人（可能是“大头”）不如直播中讨论的其他人有魅力或条件好。
HJ20180908,健康养生,有效果,0,该用户是在询问或确认直播中提到的产品（可能是咖啡）是否具有所宣传的功效。
HJ20180908,健康养生,"红姐,加油,换一个",0,该用户可能在鼓励主播调整当前话题或展示的商品，暗示对现有内容兴趣不大并希望切换到更吸引人的环节。
HJ20180908,健康养生,红姐现在有烤肠吗,1,该用户是在询问主播当前是否有烤肠这款商品在售。
HJ20180908,健康养生,还有老儿子呢[奸笑][奸笑][奸笑][奸笑],0,"该用户可能在调侃主播的情感状况，暗示主播除了现有的伴侣外还有隐藏的""老相好""，用戏谑的语气表达对直播间八卦话题的参与。"
HJ20180908,健康养生,红姐找小伙有的是[龇牙],0,该用户是在调侃主播红姐可以通过金钱优势吸引年轻男性，延续之前弹幕关于年龄差恋爱的戏谑话题。
HJ20180908,健康养生,让他有危机感,0,该用户是在调侃主播（红姐）可以借机刺激伴侣（或追求者）的竞争心理来促成关系进展或购买行为。
HJ20180908,健康养生,咖啡改价嘛?,1,该用户是在询问直播中提到的咖啡产品是否有价格优惠或调整。
HJ20180908,健康养生,两人太有夫妻相啦,0,该用户是在调侃主播夫妻的恩爱互动，并借此融入直播间轻松八卦的氛围。
HJ20180908,健康养生,真有夫妻相[龇牙],0,该用户是在调侃主播夫妇的外貌相似，以轻松玩笑的方式参与互动，而非表达购买意向。
HJ20180908,健康养生,这样才能长久,0,"该用户可能是在调侃主播的婚姻关系，暗示""只有保持现状（比如不换伴侣）才能维持长久稳定""。"
HJ20180908,健康养生,男女平等,0,该用户可能在调侃直播间讨论的夫妻关系话题，暗示男女在婚姻中应当享有平等地位。
HJ20180908,健康养生,没有红姐你什么也不是,0,该用户想表达的含义是：红姐是这场直播的核心吸引力，没有她直播就失去魅力了。
HJ20180908,健康养生,东北老爷们入赘也是老大,0,该用户想表达的含义是：即便男方入赘到女方家，他在家庭中依然会保持强势的主导地位。
HJ20180908,健康养生,东北人不会受这个委屈的,0,该用户想表达的含义是：东北人性格直爽，不会容忍这种被调侃或轻视的情况。
HJ20180908,健康养生,多久发货,0,该用户可能对商品产生了购买意向，想了解发货时效以便决定是否下单。
HJ20180908,健康养生,有本事别要钱[龇牙],0,该用户是在用调侃的语气表达对商品价格的玩笑式抗议，暗示希望主播能免费赠送或降价。
HJ20180908,健康养生,说的对[赞][赞][赞],0,该用户想表达的含义是：对主播的观点或表现表示高度赞同和支持。
HJ20180908,健康养生,红姐那个肚皮上的纹纹看的可怕[尴尬][尴尬][尴尬],0,该用户是在调侃主播红姐的外貌特征，用夸张的语气表达对肚皮纹路的惊讶和不适感，带有戏谑而非真正恶意的社交互动意图。
HJ20180908,健康养生,"红姐呀,你呀你个桃胡,太不好看了",0,该用户是在以调侃的语气表达对主播红姐外貌或形象的不满，认为她看起来不够吸引人。
HJ20180908,健康养生,比大头帅多了,0,该用户是在调侃主播的外貌或表现，认为主播比某个叫“大头”的人更有魅力或表现更好。
HJ20180908,健康养生,这是干起来了,0,该用户可能在调侃主播与搭档之间的互动氛围激烈，暗示两人正在斗嘴或较劲。
HJ20180908,健康养生,钱臭吗,0,该用户是在用反讽语气质疑主播过于看重金钱利益。
HJ20180908,健康养生,"人家不是入赘,8.8万彩礼大铂金项链",0,该用户可能在调侃或反驳前面关于彩礼和入赘的讨论，强调自己并非入赘且彩礼金额合理，同时用“大铂金项链”来突显彩礼的价值或表达对物质条件的自信。
HJ20180908,健康养生,拍了一单!,0,该用户想表达的含义是：我已经下单购买了直播间的商品。  （结合前文弹幕的互动氛围，用户可能在主播的引导或促销信息刺激下完成购买，并主动告知直播间这一行为。）
HJ20180908,健康养生,"红姐灭了他,再找一个[难过至极][捂脸][捂脸]",0,该用户可能在调侃主播的情感互动，以幽默方式表达对当前直播戏剧性场面的围观和起哄心态。
HJ20180908,健康养生,老公说的对,0,该用户是在附和主播或直播间其他观众的观点，表示对当前讨论内容的认同和支持。
HJ20180908,健康养生,老公说的对[赞][赞][赞],0,该用户是在附和直播间中被称为“老公”的主播观点，表达认同和支持的态度。
HJ20180908,健康养生,有钱就是了不起[龇牙],0,该用户是在用反讽的语气表达对主播炫耀财富行为的不满，暗指对方仗着有钱就态度傲慢。
HJ20180908,健康养生,有钱就是了不起[赞],0,该用户是在阴阳怪气地讽刺主播炫耀财富的行为，暗示其仗着有钱摆架子。
HJ20180908,健康养生,生气了,0,该用户可能是在表达对直播中某位主播（如“红姐”）或讨论话题（如彩礼、入赘等）的不满或抵触情绪。
HJ20180908,健康养生,东北人太好玩了[捂脸][捂脸][捂脸][赞][赞][赞],0,该用户是在调侃主播幽默的东北人特质，并表达了对直播氛围的喜爱和赞赏。
HJ20180908,健康养生,改价吧!困了,1,该用户可能是在催促主播尽快调整商品价格以便下单，同时暗示自己因等待时间过长而感到疲惫不耐烦。
HJ20180908,健康养生,就不睡[捂脸][捂脸][捂脸],0,该用户想表达的含义是：虽然已经很困了，但还是被直播间的搞笑氛围吸引得舍不得离开。
HJ20180908,健康养生,人家还是小伙,0,该用户想表达的含义是：自己还是个年轻小伙子（暗示对主播或话题的调侃或不认同）。  （结合前文弹幕中频繁出现的婚恋、彩礼、夫妻互动等内容，用户可能以“小伙”身份划清界限，表达对直播间讨论的家长里短话题的疏离感或戏谑态度。）
HJ20180908,健康养生,菊飞呢,0,该用户可能在询问或调侃主播“菊花（某商品或人物昵称）怎么没出现”。
HJ20180908,健康养生,手套有没有?,1,该用户可能在询问直播间是否有手套商品在售，表现出对购买手套的兴趣或需求。
HJ20180908,健康养生,哈哈哈这应气小心你老公把你儿子带走,0,该用户是在用调侃的语气提醒主播注意家庭关系，暗示当前直播内容可能引发家庭矛盾。
HJ20180908,健康养生,红姐换人吧,0,该用户可能因对当前主播的表现或形象不满，希望更换其他主播或嘉宾来提升直播观看体验。
HJ20180908,健康养生,支持咋们东北老爷们[龇牙][捂脸],0,该用户是在用地域认同和轻松调侃的方式表达对主播的支持和喜爱。
HJ20180908,健康养生,人气上来了,0,该用户是在感叹直播间观看人数增多，暗示主播当前互动氛围热烈或带货效果提升。
HJ20180908,健康养生,老公说的对[笑哭][笑哭][笑哭][笑哭][笑哭][笑哭][笑哭],0,"该用户是在用调侃的语气附和直播间里其他人对""老公""观点的认同，带有娱乐性质而非真正的购买意向。"
HJ20180908,健康养生,"没有话语权的话,不利于长久软饭硬吃也是关系稳固的基石![龇牙]",0,该用户可能在调侃或讽刺关系中经济弱势一方缺乏话语权，暗示单方面依赖难以维持长期稳定，并用“软饭硬吃”的戏谑说法呼应直播间此前关于婚恋经济话题的讨论氛围。
HJ20180908,健康养生,红姐来来来[奸笑]找我二十六,0,该用户是在以调侃的语气呼唤主播“红姐”，暗示自己有购买意向并希望对方主动联系自己（可能涉及砍价或咨询商品细节）。
HJ20180908,健康养生,红姐你不要老在你直接说你老公!说他不好你也没面子!人家也付出很多,0,该用户是在委婉提醒主播红姐不要频繁在直播中抱怨丈夫，既影响自身形象也不尊重对方的付出。
HJ20180908,健康养生,打甜蜜素的了,0,该用户可能是在质疑或讽刺直播中推销的产品（如水果或食品）存在人工添加甜味剂（甜蜜素）的问题，暗示产品不天然或存在安全隐患。  （结合前文弹幕中频繁出现的调侃、夫妻互动、地域话题等松散氛围，可推测该弹幕并非严肃举报，而是以戏谑口吻参与讨论，可能是针对主播展示的食品类商品提出的调侃性质疑。）
HJ20180908,健康养生,是真的甜吗?,0,该用户可能在询问产品（可能是食品）的实际甜度是否如主播所描述的那样真实可信。
HJ20180908,健康养生,红姐太嘴岁,0,该用户可能是在调侃主播“红姐”说话太快或口齿不清，带有幽默或吐槽的意味。
HJ20180908,健康养生,两人有缘,0,该用户可能在调侃直播间里主播与观众或搭档之间的互动氛围，暗示两人配合默契或互动有趣像有缘分一样。
HJ20180908,健康养生,八万八彩礼退,0,该用户可能在调侃或讽刺直播间讨论的高额彩礼现象，表达对婚俗经济压力的不满或荒谬感。
HJ20180908,健康养生,靠谁吃饭不知道呀,0,该用户可能在讽刺主播依赖他人（如丈夫或团队）获取收入，暗示其缺乏独立能力。
HJ20180908,健康养生,"红姐现在啥都不剩就剩钱了,该换就换吧[捂脸][捂脸]",0,该用户是在调侃主播红姐经济宽裕，暗示她可以随意更换物品或生活方式。
HJ20180908,健康养生,你大半夜在这炫[捂脸][捂脸],0,该用户是在调侃主播深夜还在卖力展示商品，用幽默方式表达对直播内容的关注和互动意愿。
HJ20180908,健康养生,咖啡啥时候改价困了,1,该用户可能在催促主播尽快调整咖啡的价格，同时暗示自己因等待时间过长而感到疲惫。
HJ20180908,健康养生,不睡觉看你俩吵架[捂脸][捂脸][捂脸][捂脸][捂脸],0,该用户是在调侃直播中夫妻互动的戏剧性场面，觉得两人争执的内容有趣到值得熬夜围观。
HJ20180908,健康养生,对对对对对红姐[赞][赞][赞],0,该用户想表达的含义是：强烈赞同红姐的观点并给予热情支持。
HJ20180908,健康养生,我也是买红姐这瘦的,0,"该用户想表达的含义是：我也想像红姐那样通过购买这款产品变瘦。 （解析：结合前文弹幕中频繁提及""红姐""的个人状态和消费行为，以及""瘦""这个关键词，可推断用户是在羡慕主播的瘦身效果，并暗示自己也有购买同款产品的意愿。直播间语境显示观众对主播个人生活与消费习惯的高度关注，此类表述常隐含跟风购买心理。）"
HJ20180908,健康养生,咖啡改价吧,1,该用户希望主播能调整咖啡的价格以便购买。
HJ20180908,健康养生,咖啡能改价吗,1,该用户是在询问直播中展示的咖啡商品是否有价格调整或优惠活动的可能。
HJ20180908,健康养生,什么时间发贺,0,该用户是在询问直播中提到的商品（可能是“贺”类产品）的具体发货时间。
HJ20180908,健康养生,3到8.根这么大差距,0,该用户可能在质疑或吐槽商品规格（如长度/数量）的区间跨度太大，觉得3到8的差距不合理。
HJ20180908,健康养生,"主播,你这拍一单能开几个关呀?拍档给几个?",1,该用户是在询问购买商品的具体配置或赠品数量，表现出对产品细节的关注和潜在的购买意向。
HJ20180908,健康养生,姐夫是真有才,0,该用户是在调侃主播的伴侣（姐夫）才华出众，可能带有对主播家庭关系的玩笑式认可。
HJ20180908,健康养生,有夫妻相,0,该用户是在调侃主播夫妻互动时的默契和般配感。
HJ20180908,健康养生,这个帅,0,该用户可能是在夸赞直播中展示的某件商品外观时尚有型，暗示对产品产生了兴趣或好感。
HJ20180908,健康养生,结婚给红姐彩礼了吗?,0,该用户可能在调侃或询问主播关于婚姻习俗或情感状况，并非直接表达购买意向。
HJ20180908,健康养生,"对,现在有儿子就硬气",0,该用户可能是在调侃或讽刺当前直播中提到的家庭关系或经济状况，暗示“有了儿子就有了底气或资本”。  （结合前文弹幕中关于彩礼、金钱、家庭关系的讨论，用户可能是在用反讽或戏谑的方式回应主播或他人的言论，而非直接表达购买兴趣。）
HJ20180908,健康养生,哈哈哈哈牛[赞],0,该用户是在对主播或直播内容表示赞赏和欢乐的互动，可能是被主播的幽默表现或现场氛围逗乐而发出的积极反馈。
HJ20180908,健康养生,好喜欢你们[奸笑][奸笑][奸笑][玫瑰],0,该用户通过表情符号和简短评价，暗示对主播或推荐商品有强烈好感，可能产生购买意愿。  （释义要点：结合[奸笑]表情的调皮暗示和[玫瑰]的赞赏，在直播带货语境中通常表达对商品/主播的喜爱，且这种情感化表达往往潜藏消费冲动。前文弹幕中频繁出现价格咨询、产品反馈等购物相关互动，进一步强化了该弹幕的潜在交易导向。）
HJ20180908,健康养生,咖啡改价,1,"该用户希望主播能调整咖啡产品的售价以便购买。  （结合前文可见，""咖啡改价""是直播间反复出现的诉求，多名用户催促调价，说明当前价格可能不符合预期或存在促销期待，属于明确的购买意向表达。）"
HJ20180908,健康养生,你俩算是互补了,0,该用户想表达的含义是：两位主播的性格或能力搭配起来很和谐，互相弥补了对方的不足。
HJ20180908,健康养生,你跟着红姐吃香的喝辣的[捂脸][捂脸],0,该用户想表达的含义是：跟着红姐混能过上富裕滋润的生活。  （结合前文弹幕中频繁提及红姐的经济实力、消费观以及调侃式崇拜，此条弹幕通过玩笑语气强化了对红姐的信任和追随意愿，隐含对红姐推荐商品的潜在认可。）
HJ20180908,健康养生,确实有才,0,该用户是在附和并称赞主播（或其中一位主播）的才华或表现，表达对其能力的认可和欣赏。
HJ20180908,健康养生,小红亲妈不是还活着me,0,该用户可能在调侃主播的家庭关系，暗示“小红的亲生母亲另有其人”来制造幽默效果。
HJ20180908,健康养生,就爱看红和东北老公说话,0,该用户想表达的含义是：特别喜欢看主播红姐和她东北籍丈夫之间的互动对话。
HJ20180908,健康养生,甜不甜,1,该用户可能在询问直播中展示的水果或甜品的口感如何，以此判断是否值得购买。
HJ20180908,健康养生,你看见老丈人不麻啊,0,该用户是在调侃主播与岳父相处时的尴尬或紧张情绪。
HJ20180908,健康养生,这姑爷真虎啊[捂脸],0,该用户是在调侃直播中出现的男性角色（可能是主播的丈夫或搭档）性格直爽豪迈，表现出既觉得有趣又略带无奈的情绪。
HJ20180908,健康养生,看看肚子,0,该用户可能是想让主播展示或介绍商品的内部构造或实际容量。
HJ20180908,健康养生,"这个老公人好,大肚[赞][赞][赞]",0,"该用户是在夸赞主播的丈夫性格好、心胸宽广（通过""大肚""双关体型和肚量），并配合表情符号表达高度赞赏。"
HJ20180908,健康养生,东北人就是有梗[庆祝],0,该用户是在夸赞主播的东北伴侣幽默风趣，配合直播氛围让人感到欢乐有趣。
HJ20180908,健康养生,宁夏发货吗,1,该用户是在询问商品是否支持从宁夏地区发货，表现出对物流信息的关注和潜在的购买意向。
HJ20180908,健康养生,就喜欢看你两口子[玫瑰][玫瑰][玫瑰][玫瑰][玫瑰][玫瑰],0,该用户想表达的含义是：非常欣赏主播夫妻的互动氛围并表达喜爱之情。  （结合前文弹幕中频繁提及夫妻互动、夸赞双方性格互补等特点，以及多次出现[玫瑰][赞]等正向表情符号，可推断该弹幕核心是对主播夫妻关系的热情赞美，而非直接购买意向。）
HJ20180908,健康养生,红姐戴的18籽有吗?,1,该用户是在询问直播间是否有售卖主播红姐佩戴的同款18籽手串。
HJ20180908,健康养生,皮也能吃啊,0,该用户可能是对直播中展示的某种食物的可食用部分感到意外或好奇，询问是否连皮也能食用。
HJ20180908,健康养生,吃软饭就得听得起话[龇牙],0,该用户是在调侃男方依赖女方（红姐）生活，所以得乖乖听话，带有戏谑和认同这段关系的意味。
HJ20180908,健康养生,什么时间发货,0,该用户想询问商品的发货时间以确认收货安排。
HJ20180908,健康养生,夫妻相,0,该用户想表达的含义是：觉得主播夫妻俩的互动很有默契，看起来很般配。
HJ20180908,健康养生,晚上好,0,该用户可能是在礼貌性打招呼或试图融入直播间的互动氛围，并未直接表达明确的购买意向。
HJ20180908,健康养生,拍多少钱的?,1,该用户是在询问商品的具体售价，表现出明确的购买意向和价格敏感度。
HJ20180908,健康养生,"有钱是真好,啥样的都能找着",0,该用户是在感叹主播夫妇通过直播带货获得丰厚收入后生活条件优越，能够轻松获取各种资源或实现愿望。
HJ20180908,健康养生,软饭硬吃,0,该用户是在调侃主播的丈夫凭借幽默性格或软实力（而非传统经济能力）获得女方青睐，带有戏谑但认可的态度。
HJ20180908,健康养生,咖啡改完价了么红姐,1,该用户是在询问主播“红姐”之前提到的咖啡商品是否已经调整了价格。
HJ20180908,健康养生,吃一个就饱了,0,该用户可能在调侃或感叹直播中展示的食品分量十足，暗示其体积大或容易饱腹。
HJ20180908,健康养生,找小伙就是为了图钱,0,该用户想表达的含义是：认为主播的伴侣选择这段关系是出于经济利益而非感情。
HJ20180908,健康养生,看你们吃的太香了,0,该用户被直播中展示的美食或吃播内容所吸引，产生了食欲或购买欲望。
HJ20180908,健康养生,哈哈太会说了,0,该用户想表达的含义是：被主播幽默风趣的表现逗乐并感到欣赏。
HJ20180908,健康养生,主播咖啡改一下价呗,1,该用户希望主播能调整咖啡产品的售价以便自己下单购买。
HJ20180908,健康养生,这小词儿[赞][赞][赞],0,该用户想表达的含义是：主播的幽默表达和推销话术非常精彩，让人忍不住点赞。
HJ20180908,健康养生,不生气!,0,该用户可能在以调侃或安慰的语气回应主播或观众之前的互动内容，暗示“别在意/别计较”之类的轻松态度。
HJ20180908,健康养生,女人没钱你试试,0,该用户想表达的含义是：女性如果没有经济实力，在感情或生活中可能会面临困境或考验。  （结合前文弹幕中关于“软饭”“图钱”等调侃内容，用户可能在用反讽或戏谑的语气讨论经济能力对关系的影响。）
HJ20180908,健康养生,有小帅哥,0,该用户可能在调侃主播或直播间出现的男性角色，带有轻松戏谑的互动意味。
HJ20180908,健康养生,小伙在等机会[捂脸],0,该用户是在调侃直播间里年轻男性（可能是主播或助手）等待时机讨好女性观众或主播以获取利益，带有戏谑和看热闹的意味。
HJ20180908,健康养生,小火上来,0,该用户可能在催促或调侃主播让某位年轻男性（“小伙”）上场互动或展示产品。
HJ20180908,健康养生,这点都是老光棍子了,0,该用户是在调侃直播间里频繁互动或表现活跃的观众都是单身男性。
HJ20180908,健康养生,我就是小伙.00后呢,0,该用户想表达的含义是：自己就是弹幕中讨论的年轻男性角色（可能是被调侃的“小伙”或“小帅哥”），并强调00后的年龄身份来参与互动或澄清误解。  （结合前文弹幕中频繁出现的“小伙”“小帅哥”“软饭”等调侃性内容，用户可能通过声明年龄身份来回应或融入话题，既带有自嘲意味又试图建立群体认同。）
HJ20180908,健康养生,这个点都是大娘[捂脸][捂脸][捂脸],0,该用户是在调侃直播间里这个时间段活跃的观众大多是中年女性，并用表情符号表达了一种哭笑不得的戏谑态度。
HJ20180908,健康养生,合法夫妻随便亲,0,"该用户可能在调侃直播间中关于夫妻关系和年龄差距的讨论，暗示""既然是合法夫妻，亲密互动也无可厚非""。"
HJ20180908,健康养生,我18[龇牙][龇牙][龇牙],0,"该用户想表达的含义是：我是00后年轻人（用年龄和表情符号强调自己的身份属性）。  （结合前文弹幕中关于年龄的调侃（如""00后""""老光棍""""大娘""）和社交氛围，用户通过简短年龄声明+夸张表情融入群体互动，可能带有些许戏谑或自我介绍的意味，但无直接购买意向。）"
HJ20180908,健康养生,也是3个孩子妈了,0,该用户可能是在调侃或自嘲自己作为中年女性的身份，暗示自己与直播间讨论的婚恋话题或年轻群体存在代际差异。
HJ20180908,健康养生,有就爱红姐咋的吧?[捂脸],0,该用户可能在调侃或表达对主播“红姐”的喜爱和支持，带有一种幽默和随性的态度。
HJ20180908,健康养生,都是娘们,0,该用户是在调侃直播间观众以女性为主，带有戏谑意味地指出当前互动群体性别单一的现象。
HJ20180908,健康养生,红：啥叫吃软饭?放屁不打草稿,0,该用户是在反驳直播间里关于“吃软饭”的调侃，认为这种说法是无稽之谈，带有强烈的不屑和否认情绪。
HJ20180908,健康养生,喜欢也是喜欢你有钱,0,该用户是在用反讽的语气表达“喜欢主播更多是出于物质条件而非真心欣赏”。  （解析：结合前文弹幕中频繁出现的“图钱”“吃软饭”“老光棍”等调侃拜金、年龄差距的内容，以及整体戏谑氛围，可推断该弹幕并非直接表白，而是借“有钱”这一要素暗示对主播动机的调侃或自嘲。）
HJ20180908,健康养生,有小伙的打1,0,该用户可能在号召直播间里自称年轻男性的观众互动确认身份，带有调侃或活跃气氛的意图。
HJ20180908,健康养生,"看你亲,我就生气",0,该用户可能在调侃或假意抱怨主播与其他人的亲密互动，实际是参与直播间活跃氛围的玩笑话。
HJ20180908,健康养生,一定有小伙[赞][赞][赞],0,"该用户想表达的含义是：直播间里肯定有年轻男性观众在互动或关注主播。  （结合前文语境，""小伙""是弹幕讨论焦点，用户通过重复表情符号强调对这一群体的调侃或确认，延续了前文关于年龄、性别等轻松互动的氛围。）"
HJ20180908,健康养生,都老太太,0,该用户想表达的含义是：直播间里现在活跃的大多是年纪较大的女性观众。
HJ20180908,健康养生,"支持姐夫,说的对",0,该用户是在表达对主播“姐夫”观点的认同和支持，可能是出于对其个人魅力或所推销产品的认可。
HJ20180908,健康养生,96年小孩,0,"该用户可能是在调侃或自嘲直播间观众年龄偏大，暗示自己是相对年轻的""96年出生""观众。"
HJ20180908,健康养生,我们跟你老公一伙的![龇牙],0,该用户是在用调侃的语气表达对主播丈夫立场的支持，暗示自己和主播老公是同一阵营的。
HJ20180908,健康养生,都是老妈子[龇牙][龇牙],0,该用户是在调侃当前直播间观众以中老年女性为主，用戏谑的口吻附和前面关于观众年龄构成的讨论。
HJ20180908,健康养生,有运费,0,该用户可能是在询问或提醒商品是否需要额外支付运费。
HJ20180908,健康养生,红姐这个老公性格特好,0,该用户想表达的含义是：红姐的丈夫为人很不错，我们对他很有好感。  （结合前文弹幕中关于红姐夫妻互动、观众对姐夫的支持等内容，这句话更偏向于对主播家庭关系的认可，而非直接表达购买兴趣。）
HJ20180908,健康养生,真没小伙,0,该用户想表达的含义是：直播间里确实没有年轻男性观众。  （结合前文弹幕中频繁讨论“小伙”“老太太”“娘们”等年龄和性别话题，且多人调侃观众群体构成，此句是对这一话题的附和或反驳，语气偏向肯定或调侃。）
HJ20180908,健康养生,外国人都有不要说小伙子,0,该用户可能是在调侃直播间观众年龄偏大，暗示“连外国人都知道这里没有年轻人（小伙子）”。  （结合前文弹幕中频繁出现的年龄相关调侃（如“都是老妈子”“老太太”“96年小孩”等），以及“有小伙的打1”“真没小伙”等互动，整体语境偏向对观众群体年龄的戏谑讨论。用户通过“外国人”这一夸张表述，进一步强化“这里没有年轻人”的玩笑意味。）
HJ20180908,健康养生,"红姐,直播间都是小伙",0,该用户是在调侃直播间观众以女性为主，并暗示自己可能是少数男性观众之一。
HJ20180908,健康养生,说实话主播很好看,0,该用户可能是在调侃主播的外貌吸引力，暗示直播间观众更多是被主播的颜值而非产品本身所吸引。
HJ20180908,健康养生,慧慧是大头媳妇吗,0,该用户可能在调侃或确认主播的家庭关系，试图通过幽默方式参与互动。
HJ20180908,健康养生,你俩夫妻相,0,该用户是在调侃主播夫妇感情恩爱、相处融洽，暗示他们的互动很有默契显得般配。
HJ20180908,健康养生,我小伙18[龇牙][龇牙][龇牙],0,该用户想表达的含义是：我是18岁的年轻小伙子，来活跃气氛的。  （结合前文弹幕中关于“小伙”的讨论和表情符号的戏谑语气，用户可能是在回应主播或其他人对直播间年龄群体的调侃，用夸张的年龄和表情强调自己的存在感。）
HJ20180908,健康养生,还得是童子[龇牙],0,该用户想表达的含义是：果然还是年轻小伙子最懂直播间的氛围。  （结合前文弹幕中频繁讨论“小伙”“娘们”等性别年龄话题，以及表情符号[龇牙]的戏谑语气，可推断用户以调侃方式附和直播间关于“小伙”存在感的讨论，隐含对群体认同的活跃参与。）
HJ20180908,健康养生,我就是,0,该用户想表达的含义是：我也是（直播间里提到的）小伙子之一。  （结合前文弹幕高频讨论“小伙”的语境，用户用简短的“我就是”接续话题，强调自己的身份归属，可能是为了互动或反驳“真没小伙”等说法。）
HJ20180908,健康养生,缺妈的找你[龇牙],0,该用户是在用调侃的语气暗示主播像“妈妈”一样亲切，并以此表达对主播的喜爱或亲近感。
HJ20180908,健康养生,收干儿子呢,0,该用户是在以调侃的语气询问主播是否在招募年轻男性粉丝互动。
HJ20180908,健康养生,你都多大还找小伙,0,该用户是在调侃主播年龄较大却还在谈论年轻男性，带有戏谑和开玩笑的意味。
HJ20180908,健康养生,我应聘,0,该用户可能是在调侃或参与直播间关于年龄和身份的玩笑，暗示自己符合“应聘”某些被讨论的角色（如干儿子、小伙等）。
HJ20180908,健康养生,你老公情商很高[爱你],0,该用户是在夸赞主播丈夫的为人处事能力，并以此表达对主播夫妻的好感与支持。
HJ20180908,健康养生,"你快走吧,我们这些小伙都排队呢[捂脸][捂脸][捂脸]",0,该用户是在用调侃的语气表达自己和直播间其他年轻观众对主播的喜爱和支持，暗示大家争相互动、氛围热烈。
HJ20180908,健康养生,"太不给人家面子了!亲你一下,整出一堆",0,该用户是在用撒娇调侃的语气抱怨主播（或其他人）对自己互动行为的过度反应，暗示自己的亲密举动被夸张解读了。  （结合前文弹幕中频繁出现的夫妻互动、年龄调侃等轻松氛围，用户并非表达购买意向，而是参与直播间玩梗的社交互动。）
HJ20180908,健康养生,咋那么大自信呢?![捂脸][捂脸],0,该用户是在调侃主播过于自信的态度，觉得主播的表现有些夸张或好笑。
HJ20180908,健康养生,"好久没见了,红姐不能这样吃了明显憔悴很多",0,该用户是在以关心的口吻提醒主播注意身体状态，暗示近期形象变化可能影响直播效果。
HJ20180908,健康养生,你这东北老公太逗了[捂脸][捂脸][捂脸],0,该用户是在调侃主播的东北丈夫幽默风趣，表达了对直播氛围的喜爱和娱乐性互动。
HJ20180908,健康养生,哈哈哈不要,0,该用户是在用调侃的语气拒绝主播或其他人提出的某种互动邀请或玩笑提议。
HJ20180908,健康养生,你肚皮太松了[捂脸],0,该用户是在调侃主播身材管理不佳，用玩笑语气指出其腹部松弛的问题。
HJ20180908,健康养生,爆炸了,0,"该用户可能在用夸张的语气表达对主播表现或直播间氛围的强烈反应（如被逗笑/震惊/觉得精彩到""炸裂""）。"
HJ20180908,健康养生,你看你老公生气了,0,该用户是在调侃主播的伴侣因直播间观众的热情互动而吃醋，暗示当前氛围轻松搞笑。
HJ20180908,健康养生,你太强势,0,该用户可能在调侃主播互动风格过于直接或掌控欲强，暗指其与观众（或伴侣）交流时缺乏柔和度。
HJ20180908,健康养生,找你享福才对,0,该用户可能在调侃主播的婚姻关系，暗示与其找别人不如选择主播会更幸福，带有戏谑和互动的意味。
HJ20180908,健康养生,红姐最棒,0,"该用户是在表达对主播""红姐""的喜爱和支持，属于互动性夸赞而非直接购买意向。"
HJ20180908,健康养生,你找我老公吧,0,"该用户是在以调侃的语气暗示主播的互动风格过于强势或热情，用""找你老公吧""来委婉表达自己不想参与当前互动话题。"
HJ20180908,健康养生,太强势,0,该用户是在调侃主播性格过于强势，可能是在回应主播的言行或与其他观众的互动中表现出的主导态度。
HJ20180908,健康养生,太逗了,0,该用户是在被直播间的幽默互动逗乐后，用轻松调侃的语气表达对直播内容的喜爱和娱乐享受。
HJ20180908,健康养生,不想了[捂脸][捂脸][捂脸],0,该用户想表达的含义是：经过一番调侃和犹豫后，最终决定放弃或不再纠结某个话题。  （结合上下文，直播间氛围以玩笑和互动为主，用户可能是在回应主播或他人的逗趣提议，用“[捂脸]”表情传递无奈或害羞的情绪，最终以“不想了”表明退出讨论或拒绝参与的态度。）
HJ20180908,健康养生,红姐看看你劳斯莱斯,0,该用户可能是以调侃或玩笑的语气，暗示主播展示其高端消费能力或生活品质，以此延续直播间轻松互动的氛围。
HJ20180908,健康养生,老娘我有钱[色],0,该用户想表达的含义是：炫耀自己的经济实力并暗示有购买意愿。
HJ20180908,健康养生,你这个老公多好,0,该用户是在调侃主播的伴侣表现讨喜，暗示主播找了个好对象。
HJ20180908,健康养生,红姐是个好女人,0,"该用户是在表达对主播""红姐""的喜爱和认可，认为她性格或为人处事方面值得赞赏。"
HJ20180908,健康养生,是祖坟炸的冒烟,0,该用户是在用夸张的玩笑话表达对主播或直播间氛围的强烈喜爱或羡慕情绪。
HJ20180908,健康养生,你老公真聪明,0,该用户是在调侃主播的伴侣表现机灵可爱，带有轻松玩笑的互动意味。
HJ20180908,健康养生,以后整个前夫团,0,该用户是在调侃主播的婚姻状况，表达“希望主播能组建一个由前夫们组成的团体”这种幽默的戏谑想法。
HJ20180908,健康养生,少不了46了,0,该用户可能在调侃主播的伴侣或家庭成员（如“东北老公”），用“少不了46了”暗示对方年龄或某种特征（如46岁）是避不开的话题。  （结合前文弹幕中频繁提及“老公”“强势”“逗”等互动氛围，此处更倾向一种戏谑的熟人式吐槽，而非购买意向表达。）
HJ20180908,健康养生,"一般人受不了这个气,哈哈哈前夫太多",0,该用户是在调侃主播情感经历丰富，暗示她的前夫数量多到一般人难以忍受的程度，带有戏谑和凑热闹的意味。
HJ20180908,健康养生,"祖坟冒黑烟也不能找你,太能吃了",0,该用户是在用夸张的玩笑话表达“跟你在一起生活压力太大（可能因消费高或性格强势），连祖上都要遭殃”。  （解析：结合前文弹幕高频出现的“强势”“前夫多”“老公生气”等关键词，可判断直播间氛围是戏谑调侃主播的婚姻/消费观，目标弹幕延续了用荒诞比喻吐槽的风格，核心意图并非攻击而是参与集体玩梗。）
HJ20180908,健康养生,哈哈哈哈哈哈哈哈哈哈哈哈哈哈好,0,"该用户被直播间的搞笑氛围感染，用一连串的""哈""表达对主播幽默表现的强烈共鸣和愉悦情绪。"
HJ20180908,健康养生,必须有格局,0,"该用户可能在调侃主播的强势性格或丰富经历，暗示这种""大格局""的处事风格令人印象深刻或值得效仿。"
HJ20180908,健康养生,"这样有能力的人,都想要",0,该用户想表达的含义是：对主播的优秀特质表示欣赏并产生了强烈的向往或拥有欲。  （结合前文弹幕中频繁调侃主播性格强势、经济独立、情感经历丰富等特质，这条弹幕的语境更倾向于对主播个人魅力的赞叹，隐含“想成为/拥有类似特质的人”或“被其吸引”的心理。）
HJ20180908,健康养生,妺夫太搞笑了[龇牙][龇牙][龇牙],0,该用户是在调侃主播的幽默表现，用表情符号强化了欢乐互动的氛围，但并未直接表露购买意向。
HJ20180908,健康养生,两个前夫陪播,0,该用户是在调侃主播感情经历丰富，用幽默方式暗示“前夫团”阵容又添新成员。
HJ20180908,健康养生,哈哈哈对,0,该用户是在附和主播的搞笑表现或顺着前面弹幕的幽默氛围表达认同和欢乐情绪。
HJ20180908,健康养生,"红姐老公让我很佩服,情商真高",0,该用户是在调侃主播红姐的婚姻状况，并借机称赞她现任伴侣的情商出众。
HJ20180908,健康养生,你老公太逗了,0,该用户是在调侃主播伴侣的幽默表现，表达对直播氛围的轻松认可。
HJ20180908,健康养生,呀对呀对对对,0,该用户想表达的含义是：强烈赞同主播或其他人提到的某个搞笑或有趣的言论。  （结合前文弹幕的娱乐化、互动性强的氛围，尤其是频繁出现的“哈哈哈”“太逗了”等反应，可以推断用户是在附和直播间内的欢乐气氛，用口语化的重复表达认可或兴奋情绪。）
HJ20180908,健康养生,弄个前夫团队[捂脸],0,该用户是在调侃主播情感经历丰富，建议组建一个由前夫组成的直播团队来增加节目效果。
HJ20180908,健康养生,说的对,0,该用户想表达的含义是：认同主播或嘉宾的观点并表示赞同。  （结合前文弹幕的互动氛围，整体偏向调侃和娱乐化表达，用户可能在附和直播中的某个幽默或观点性内容。）
HJ20180908,健康养生,生气了,0,该用户可能是在调侃主播或直播内容中的搞笑情节，用反语表达被逗乐的兴奋情绪。
HJ20180908,健康养生,找你还得带两个前夫哥[龇牙],0,该用户是在调侃主播感情经历丰富，用幽默方式暗示“前夫数量多到需要组团陪同”的夸张情境。
HJ20180908,健康养生,红姐吃着后面站一排前夫,0,该用户是在调侃主播红姐感情经历丰富，用夸张的想象描绘她边吃东西边被众多前夫围观的有趣场景。
HJ20180908,健康养生,有意思[赞][赞][赞][赞],0,该用户想表达的含义是：对直播内容感到非常有趣并表示高度赞赏。
HJ20180908,健康养生,说实话了,0,该用户想表达的含义是：主播刚才的发言很真诚或直率，让人感到认同。
HJ20180908,健康养生,吃醋了,0,该用户是在调侃主播感情经历丰富，用“吃醋了”表达对主播身边频繁出现“前夫”话题的戏谑反应。
HJ20180908,健康养生,"红姐漂亮,很努力很厉害[比心]",0,该用户是在夸赞主播红姐的外貌和敬业态度，表达对主播的喜爱和支持。
HJ20180908,健康养生,以后整个前夫团,0,该用户是在调侃主播的情感经历，提议组建一个由主播前夫们组成的团队来增加直播趣味性。
HJ20180908,健康养生,这老公行[赞]太逗了[龇牙],0,该用户是在调侃主播的伴侣幽默风趣，表达了对直播氛围的喜爱和娱乐性内容的欣赏。
HJ20180908,健康养生,你老公有口才[捂脸],0,"该用户是在调侃主播丈夫的幽默表现，用网络热梗""前夫团""的玩笑语境表达对直播氛围的喜爱。"
HJ20180908,健康养生,你看把红姐逗的乐的,0,该用户想表达的含义是：主播的幽默表现让红姐笑得非常开心。  （结合前文语境，弹幕整体氛围轻松搞笑，多围绕主播及红姐的互动调侃，目标弹幕延续了这一情绪，强调主播的逗趣行为引发红姐的愉悦反应。）
HJ20180908,健康养生,这话没毛病,0,"该用户想表达的含义是：认同主播或嘉宾的观点并给予肯定。  （结合前文弹幕的互动氛围，观众多围绕主播及嘉宾的幽默表现、高情商发言展开讨论，整体情绪偏向轻松调侃和赞赏。""这话没毛病""在此语境下更倾向于附和认可，而非直接表达购买意向。）"
HJ20180908,健康养生,是彭店的不,0,"该用户可能在询问直播中的商品是否来自主播""彭店""的店铺，表达了对商品来源或品牌的好奇和潜在购买意向。"
HJ20180908,健康养生,你把大头拉来老公不会高兴,0,该用户是在调侃主播（红姐）频繁提及前夫的话题可能会让现任老公感到吃醋或不悦。
HJ20180908,健康养生,大头这人好,0,该用户是在夸赞主播团队中的“大头”性格讨喜或表现优秀。
HJ20180908,健康养生,东北人真幽默,0,该用户是在夸赞主播及其搭档的搞笑互动风格让人感到轻松有趣。
HJ20180908,健康养生,吃醋啦,0,该用户是在调侃主播夫妻互动时流露的醋意，以幽默方式参与直播间轻松氛围的互动。
HJ20180908,健康养生,"不帮老婆吃,还说好",0,该用户是在调侃主播丈夫不愿意帮忙试吃产品却还夸赞的行为，暗指他不够体贴妻子（主播）。
HJ20180908,健康养生,孩子多还要分家产,0,该用户是在调侃主播家庭关系复杂，暗示多个孩子可能来自不同的前任伴侣，导致财产分配问题。
HJ20180908,健康养生,一个孩子一个爸[龇牙],0,该用户是在用幽默调侃的方式暗示主播家庭关系复杂，可能有多个孩子分别对应不同的父亲。
HJ20180908,健康养生,说的没毛病[偷笑],0,该用户想表达的含义是：认同主播的观点并觉得有趣。
HJ20180908,健康养生,红姐好看,0,该用户是在夸赞主播红姐的外貌和魅力，表达对红姐的喜爱和支持。
HJ20180908,健康养生,老公就不能有想法了哈哈[捂脸],0,该用户是在调侃直播中提到的“老公”角色，以幽默口吻表达对其言行或人设的认可，并借表情符号强化戏谑效果。
HJ20180908,健康养生,"生个足球队,前夫团",0,该用户是在调侃主播感情经历丰富，暗示她可能有多个前任伴侣并生育众多孩子。
HJ20180908,健康养生,前夫组团凑一桌麻将,0,该用户是在调侃主播感情经历丰富，用幽默的方式暗示她可能有多个前任，甚至多到能凑成一桌麻将的人数。
HJ20180908,健康养生,你前面的是不是做的牙,0,该用户可能是在询问主播是否做过牙齿美容或矫正，表现出对主播外貌细节的关注和好奇。
HJ20180908,健康养生,"好容易找到幸福,还不满足",0,该用户可能是在调侃主播的感情经历，暗示对方已经找到了不错的伴侣却还表现得不够知足。
HJ20180908,健康养生,怎么认识这个老公的,0,该用户可能是在调侃主播的情感经历，好奇主播与现任伴侣相识的过程，带有八卦和娱乐性质的互动意图。
HJ20180908,健康养生,这个是啥品种的,1,该用户可能是对直播中提到的某个商品或物品的具体类型或分类感到好奇，想进一步了解其详细信息。
HJ20180908,健康养生,听劝!不唠这些哈!唠多了容易隔阂!,0,该用户可能在委婉提醒主播避免过度讨论敏感或私人话题，以免破坏直播间轻松愉快的氛围。
HJ20180908,健康养生,老公情商高,0,"该用户是在夸赞主播或嘉宾（""老公""）在互动中展现出的机智和幽默感，暗示这种人格魅力增强了直播吸引力。"
HJ20180908,健康养生,吃醋了哈哈,0,该用户是在调侃直播中提到的情感关系话题，用玩笑方式表达对主播或他人互动场景的微妙情绪反应。
HJ20180908,健康养生,这男人情商高[赞][赞][赞],0,"该用户是在称赞主播（或直播间提到的男性角色）善于处理人际关系，能够巧妙化解敏感话题或营造轻松氛围。  （解析：结合前文弹幕中频繁出现的""老公""""前夫""""吃醋""等家庭话题讨论，以及""听劝!不唠这些哈""的控场提示，可推断直播间氛围涉及情感类敏感内容。用户通过重复点赞表情，强调对男性角色化解尴尬或引导话题的情商能力的欣赏，属于对直播互动效果的反馈，而非直接购买意向的表达。）"
HJ20180908,健康养生,情商高,0,该用户是在附和直播间观众对主播丈夫为人处世的称赞，认同其善于处理人际关系的特质。
HJ20180908,健康养生,红姐老公啥都明白只是不愿意计较,0,该用户想表达的含义是：红姐的丈夫其实心里清楚情况，只是性格大度不较真。  （结合前文弹幕中频繁提及“老公情商高”“不计较”等关键词，推测用户是在延续对红姐丈夫性格的讨论，强调其包容和豁达的特质。）
HJ20180908,健康养生,住一栋楼[笑哭][笑哭][笑哭],0,"该用户想表达的含义是：我们住在同一个小区（或同一栋楼），这巧合真有趣。 （结合前文弹幕中频繁出现的家庭关系、夫妻互动等调侃语境，""住一栋楼""可能是对直播内容里提及邻里关系或夫妻生活的幽默回应，用[笑哭]表情强化了这种意外巧合的喜剧效果）"
HJ20180908,健康养生,"红姐吵架,肯定吵不过他",0,该用户是在调侃红姐的老公性格温和、情商高，在争执中会主动退让不会真的跟红姐较劲。
HJ20180908,健康养生,弄个前夫团,0,该用户是在调侃主播的情感经历，建议她组建一个由前夫们组成的团体。
HJ20180908,健康养生,你又不是个狗走那里下那里[憨笑][憨笑],0,该用户可能在调侃主播或他人行为随意、缺乏规划，用幽默的方式表达对其行为逻辑的质疑。
HJ20180908,健康养生,小伙要孩子你生不了了,0,该用户是在调侃主播的伴侣无法独自生育孩子，暗示需要他人配合才能实现生育愿望。
HJ20180908,健康养生,前夫团[捂脸][捂脸][捂脸][捂脸],0,"该用户是在调侃主播过往的感情经历，用幽默方式表达对""前夫团""这个梗的认同和参与。"
HJ20180908,健康养生,前夫团,0,"该用户是在调侃主播过往的婚恋经历，用""前夫团""这种夸张说法暗示主播可能有多段婚姻，以此制造幽默效果或表达对主播感情生活的八卦兴趣。"
HJ20180908,健康养生,你老公那你,0,该用户可能是在调侃或询问主播的丈夫对此事的态度或反应。
HJ20180908,健康养生,女版汪峰,0,该用户可能在调侃主播的现任老公外形或气质与歌手汪峰相似，但带有女性化特征。
HJ20180908,健康养生,太逗了,0,该用户是在被主播或直播间的幽默互动逗乐后，表达对娱乐氛围的享受而非购物意向。
HJ20180908,健康养生,"说句实话,我没见过",0,该用户可能是在对主播展示的商品或提到的某个事物表示陌生或新奇，暗示自己从未接触过这类物品。
HJ20180908,健康养生,前夫团直播[捂脸],0,"该用户是在调侃主播过往感情经历，用幽默方式表达对""前夫团""这个梗的会心一笑。"
HJ20180908,健康养生,助播都是前夫,0,该用户是在调侃主播的情感经历，暗示助播团队与主播有类似前夫的亲密关系。
HJ20180908,健康养生,这俩损嘴,0,该用户是在调侃主播或嘉宾之间互相斗嘴的幽默互动，觉得他们互相损人的样子很有趣。
HJ20180908,健康养生,直播间全是前夫了,0,该用户是在调侃直播间里的观众或助播大多是被主播戏称为“前夫”的熟人或老粉，营造出一种幽默的熟人社区氛围。
HJ20180908,健康养生,大头和我是老乡,0,该用户想表达的含义是：我和主播有同乡关系，借此拉近距离或表达亲切感。
HJ20180908,健康养生,收个三房[捂脸],0,该用户可能是在调侃直播间频繁出现的“前夫团”话题，用“收个三房”来幽默地表示想再凑一个前夫加入这个虚拟团体。
HJ20180908,健康养生,凑一桌麻将,0,"该用户可能在调侃直播间频繁出现的""前夫团""梗，用""凑一桌麻将""来戏谑当前直播间的互动氛围像在组局聚会。"
HJ20180908,健康养生,"前夫凑一座麻将,没事交流经验![捂脸]",0,"该用户是在调侃主播的情感经历，用幽默的方式形容主播的前任们多到可以组局打麻将，暗示直播间里关于""前夫团""的玩笑话题很有趣。"
HJ20180908,健康养生,"红姐老公真是不错,搞笑情商还高",0,该用户是在调侃主播家庭关系的同时，表达对主播丈夫幽默性格的欣赏。
HJ20180908,健康养生,"3-8个,咋差这么多[捂脸]",0,该用户可能是对直播中提到的某个物品的数量区间（3-8个）感到困惑，觉得范围跨度太大而忍不住吐槽。
HJ20180908,健康养生,你老公性格真好[赞][赞],0,"该用户是在调侃主播的婚姻状况，并顺势称赞主播现任伴侣的性格讨喜。  （解析：结合前文高频出现的""前夫团""""麻将局""等戏谑梗，弹幕语境已建立对主播多段婚姻的娱乐化讨论，此处用""老公性格好""既延续了话题又带有善意调侃，双赞表情强化了轻松氛围下的认可态度）"
HJ20180908,健康养生,情商太高[捂脸][捂脸][捂脸]红姐眼光高[赞][赞][赞][赞],0,"该用户是在夸赞主播红姐的幽默风趣和高情商，并认可她的择偶眼光。 （解析：结合前文弹幕中频繁提及""前夫团""""老公""等关键词，以及大量[捂脸][赞]表情符号的使用，可见直播间氛围轻松搞笑，观众主要围绕红姐的情感话题互动。目标弹幕通过重复表情符号强化情绪，前半句承接前文对主播情商的讨论，后半句""眼光高""既可能指择偶标准，也可能泛指直播选品等业务能力，整体表达的是对主播个人魅力的赞赏。）"
HJ20180908,健康养生,能放几天,1,该用户可能是在询问商品的保质期或保存时间，表达了对产品实际使用期限的关注和潜在购买意向。
HJ20180908,健康养生,你老公挺幽默[捂脸],0,该用户是在调侃主播伴侣的幽默表现，并表达对直播间轻松氛围的享受。
HJ20180908,健康养生,"肉前夫,水果前夫,酸辣粉前夫,鸭蛋前夫,咸菜前夫,吃啥的都有",0,该用户是在调侃直播间里频繁出现的“前夫”梗，用“XX前夫”的句式列举各种食物来讽刺观众们对“前夫”话题的过度消费，暗示大家已经把“前夫”这个词玩出了花样、用在了各种无关场景上。
HJ20180908,健康养生,"像你老公这样的格局,真是不好找",0,该用户是在夸赞主播丈夫的胸襟和情商非常难得，暗示这样的品质在现实生活中很少见。
HJ20180908,健康养生,"多唠会,有意思",0,该用户希望主播延长直播时间，因为觉得直播内容有趣且互动氛围轻松愉快。
HJ20180908,健康养生,不吃别跟他玩,0,该用户是在调侃直播间里频繁出现的“前夫”梗，用开玩笑的方式暗示观众如果不想参与这个玩笑话题就别留在直播间互动。
HJ20180908,健康养生,姐夫一说话感觉是营口的,0,"该用户通过口音判断主播的亲属可能来自辽宁营口，以此加入直播间关于""前夫团""的谐谑话题互动。"
HJ20180908,健康养生,这老公看着得劲,0,该用户是在称赞主播的丈夫性格讨喜、让人感到舒适愉快。
HJ20180908,健康养生,前夫团播,0,该用户是在调侃直播间里频繁出现的“前夫”相关话题，用戏谑口吻将直播团队比作由“前夫们”组成的搞笑组合。
HJ20180908,健康养生,这个啥味道啊,1,该用户是在询问直播中展示的商品的食用口感或风味特点。
HJ20180908,健康养生,"你这个老人多好,体贴人又开朗[赞][赞][赞]",0,"该用户是在夸赞主播或主播伴侣性格亲切讨喜，表达对直播氛围的欣赏和愉悦感。  （解析：结合前文弹幕高频出现的""老公/前夫""""情商高""""幽默""等关键词，可判断直播间正以家庭话题营造轻松氛围，目标弹幕延续了观众对主播方人格魅力的正向反馈，属于情感互动而非购买意向表达。）"
HJ20180908,健康养生,东北人幽默,0,该用户是在夸赞主播或主播伴侣的幽默风格具有东北人特有的风趣特质，暗示被这种接地气的喜剧效果吸引。
HJ20180908,健康养生,这老公情商太高了,0,该用户是在夸赞主播丈夫的幽默风趣和待人接物的高情商表现，表达了对主播夫妻互动氛围的欣赏和喜爱。
HJ20180908,健康养生,29.9几斤??,1,该用户可能是在询问商品的价格和份量，对产品具体规格表现出兴趣。
HJ20180908,健康养生,以后孩子爹排成队,0,该用户是在调侃主播的幽默互动风格很受欢迎，暗示未来会有很多观众被吸引成为粉丝。
HJ20180908,健康养生,晚上睡觉得翻牌子,0,"该用户是在幽默地表达对直播中展示的某款商品（可能是寝具或食品）的购买兴趣，暗示自己晚上睡觉时需要""翻牌选择""（像古代皇帝选妃一样从多个选项中挑选）。"
HJ20180908,健康养生,发几个,1,用户可能在询问主播准备发放多少份福利或试用装。
HJ20180908,健康养生,前夫前前夫,0,"该用户是在调侃主播频繁更换伴侣的玩笑说法，暗示主播的""前任""多到需要编号区分。"
HJ20180908,健康养生,哈哈哈哈哈哈哈哈哈哈哈哈好,0,该用户被直播间的幽默互动逗乐，用连续大笑表达对主播或嘉宾风趣表现的强烈愉悦感。
HJ20180908,健康养生,"好家伙,戴绿帽子还敢打红姐八遍[捂脸][捂脸][捂脸]",0,该用户是在调侃主播夫妇的幽默互动，用夸张的玩笑表达对直播氛围的喜爱和参与感。
HJ20180908,健康养生,前夫吃播团,0,该用户是在调侃直播间里频繁出现的“前夫”相关话题，将主播及其伴侣幽默地比作一个以“前夫”为卖点的吃播团队。
HJ20180908,健康养生,翻牌子呢,0,"该用户是在调侃直播间里频繁出现的""前夫""梗，用古代妃嫔侍寝翻牌子的比喻来幽默地表达对当前混乱互动场面的戏谑。"
HJ20180908,健康养生,这个老公不够卖力,0,该用户是在调侃主播的伴侣表现不够活跃，希望他能更积极地参与互动或展示产品。
HJ20180908,健康养生,拍了加急,0,该用户想表达的含义是：已经下单并选择了快递加急服务。  （结合前文弹幕的娱乐化氛围和购物相关提问如“29.9几斤”，可推断用户在此处突然提及“拍了加急”是实际购买行为的确认，而非玩梗或闲聊。）
HJ20180908,健康养生,慈禧太后[龇牙],0,该用户可能是用幽默夸张的方式调侃主播或直播内容，将其比作历史人物慈禧太后来表达对直播间热闹氛围或主播强势风格的趣味性评价。
HJ20180908,健康养生,说错了,0,该用户可能是在指出主播或嘉宾刚才的口误或信息错误，希望对方及时纠正。
HJ20180908,健康养生,姐夫吃醋了,0,该用户是在调侃直播中某位男性角色因他人受到关注而表现出嫉妒情绪。
HJ20180908,健康养生,酸辣粉没有吗,1,该用户可能在询问直播间是否有售卖酸辣粉这款产品，表达了对该商品的购买意向或兴趣。
HJ20180908,健康养生,以后翻牌子,0,该用户是在调侃主播的受欢迎程度，暗示以后会有很多人排队追求主播，需要像古代皇帝翻牌子选妃一样挑选对象。
HJ20180908,健康养生,翻牌子,0,该用户是在调侃主播的受欢迎程度，暗示会有很多人争相购买或互动，需要像古代皇帝翻牌子选妃一样进行挑选。
HJ20180908,健康养生,你爸的大头老婆放哪?,0,"该用户可能在调侃主播家庭关系混乱，用戏谑口吻询问""主播父亲的情人被安置在何处""，延续了弹幕区关于""翻牌子""""前夫团""等男女关系的玩笑话题。"
HJ20180908,健康养生,情商太低,0,该用户是在调侃主播或其伴侣在互动中表现得不够机智或风趣，与前面其他观众称赞“情商高”的评论形成对比。
HJ20180908,健康养生,一单发几个,1,该用户是在询问购买一单商品会收到多少个产品。
HJ20180908,健康养生,哈哈哈哈哈哈哈哈哈哈哈哈哈哈好,0,该用户是在附和直播间的搞笑氛围，被主播或观众的幽默互动逗乐而发出的纯粹情绪化反应，没有实质性的购买意向表达。
HJ20180908,健康养生,红姐有钱感觉飘了,0,该用户是在调侃主播红姐因赚钱后态度变得高傲，暗指她与观众互动时显得疏离或摆架子。
HJ20180908,健康养生,大头媳妇能允许?,0,该用户可能在调侃主播家庭关系，询问“大头老婆”是否会同意主播当前的直播行为或决策。
HJ20180908,健康养生,就一个姿势,0,该用户可能是在吐槽主播展示商品的方式过于单一，缺乏变化或吸引力。
HJ20180908,健康养生,"就带绿帽子,能咋滴,也不敢之声",0,"该用户是在用调侃的语气表达对直播中提到的""绿帽子""话题的不屑态度，暗示自己不在乎这种玩笑。"
HJ20180908,健康养生,翻牌子啦[捂脸],0,该用户是在调侃主播挑选互动观众的方式像古代皇帝“翻牌子”选妃一样随机有趣，并配合表情符号表达了一种戏谑又期待被选中的矛盾心理。
HJ20180908,健康养生,醋坛子,0,该用户是在调侃直播间里有人因嫉妒或不满而表现出酸溜溜的情绪。
HJ20180908,健康养生,就让大头媳妇儿怎么想?,0,该用户是在调侃主播家庭关系，暗示“大头的媳妇儿会对此事有意见或吃醋”。
HJ20180908,健康养生,吃醋了,0,该用户是在调侃主播或其他人因为某些互动行为（比如“翻牌子”或关注其他观众）而表现出嫉妒或不满的情绪。
HJ20180908,健康养生,别说老公生气了,0,该用户是在调侃主播频繁提及“老公/配偶”相关话题，暗示这种玩笑开得太过火可能会惹恼他人。
HJ20180908,健康养生,这老公算不错了,0,该用户是在调侃直播中提到的男性角色表现尚可，带有戏谑和比较的意味。
HJ20180908,健康养生,"吃醋了,哈哈哈哈",0,该用户是在调侃直播中提到的某个“吃醋”情节，以轻松幽默的方式附和互动氛围。
HJ20180908,健康养生,"明哥,跟我出家吧",0,"该用户是在用调侃的语气表达对主播的喜爱和互动意愿，类似于开玩笑说要""拐走""主播一起离开。"
HJ20180908,健康养生,"这话过了,换话题",0,该用户觉得当前直播话题引起不适或争议，希望主播及时调整内容方向。
HJ20180908,健康养生,生气了,0,该用户是在调侃或附和直播间的互动氛围，表达对主播或他人玩笑式的不满或吃醋情绪。
HJ20180908,健康养生,哈哈哈红姐爱让老公吃醋[龇牙],0,该用户是在调侃主播红姐故意通过某些言行来逗弄自己的丈夫，营造一种让对方吃醋的搞笑氛围。
HJ20180908,健康养生,不能乱说,0,该用户可能是在委婉提醒主播或其他人注意言辞分寸，暗示当前话题涉及他人隐私或敏感关系（如夫妻吃醋等），不宜过度调侃。
HJ20180908,健康养生,大头估计不要你了,0,"该用户是在调侃主播与""大头""（可能是主播的伴侣或搭档）之间的互动关系，暗示主播的行为可能会引起对方的嫌弃或不满。"
HJ20180908,健康养生,吃回头草[捂脸][赞],0,"该用户是在调侃主播（红姐）因故意让老公吃醋而选择回购或再次购买某商品的行为，带有戏谑和认可的双重态度。  （解析：结合前文""红姐爱让老公吃醋""的互动背景，""吃回头草""既呼应了""吃醋""的谐音梗，又暗指重复购买行为，[捂脸][赞]表情则传递了""哭笑不得但点赞""的复杂情绪）"
HJ20180908,健康养生,女人有钱了就飘了,0,该用户可能在调侃主播（红姐）因经济独立而表现出更自信或随性的态度，并暗示这种变化可能引发伴侣（大头）的醋意或不满。
HJ20180908,健康养生,红姐不能胡说,0,该用户是在提醒主播“红姐”注意言辞分寸，暗示她刚才的玩笑可能越界或冒犯他人（比如涉及“大头媳妇”的敏感话题）。
HJ20180908,健康养生,直播间里疯狂知不道说啥好?,0,该用户可能是被直播间的混乱氛围或争议话题搞得不知所措，想表达自己一时语塞、不知如何参与讨论的困惑心情。
HJ20180908,健康养生,红姐过分了,0,"该用户是在调侃主播红姐的言行有些出格或玩笑开过头了，可能让其他人（比如被提及的""大头媳妇""）感到不适或尴尬。"
HJ20180908,健康养生,一分钱不直,0,该用户想表达的含义是：这点优惠力度根本不值得购买。  （结合前文弹幕的闲聊氛围和调侃语气，用户可能是对直播间的促销活动或商品价格表示不满，认为优惠太小或毫无吸引力。）
HJ20180908,健康养生,别说了,0,该用户想表达的含义是：要求主播停止当前引起争议或不适的话题讨论。  （结合前文弹幕中频繁出现的“吃醋”“生气”“换话题”等关键词，可推断直播间氛围因敏感内容（如夫妻关系调侃）变得紧张，用户通过“别说了”试图缓和或终止争议。）
HJ20180908,健康养生,酸辣粉,1,该用户可能是在调侃或接续前面关于“吃醋”的玩笑，用“酸辣粉”来双关表达“酸”的情绪，既呼应了直播间的轻松氛围又带有幽默意味。
HJ20180908,健康养生,有钱任性,0,该用户想表达的含义是：经济条件好的人可以随心所欲地行事（暗指主播或观众中有人因财力充足而表现得张扬或不拘小节）。
HJ20180908,健康养生,这脾气是真好啊,0,"该用户是在调侃主播或直播中的人物性格温和、不容易被激怒，可能是在对比之前弹幕中提到的""吃醋""""生气""等情绪化反应。"
HJ20180908,健康养生,大头媳妇好看,0,该用户是在调侃主播夫妻关系，以幽默方式夸赞主播妻子的外貌。
HJ20180908,健康养生,想想都幸福[龇牙],0,该用户可能是在调侃或附和直播间的轻松氛围，表达对当前讨论话题（如夫妻互动、吃醋等）感到有趣或认同，用夸张的语气传递一种欢乐的情绪。
HJ20180908,健康养生,"醋坛子打翻了,哈哈哈哈",0,该用户是在调侃直播间里有人因嫉妒或醋意而表现出夸张反应，以幽默方式附和当前轻松戏谑的聊天氛围。
HJ20180908,健康养生,"不是皇上,是武娘娘",0,"该用户是在调侃纠正主播或其他人对剧中角色称呼的错误，暗示正确称呼应为""武娘娘""而非""皇上""，可能源于直播讨论的影视剧情或角色扮演互动。"
HJ20180908,健康养生,卖货别说了,0,该用户想表达的含义是：主播别再推销商品了，赶紧换个话题吧。
HJ20180908,健康养生,不这样唠嗑哈!听劝!换话题!,0,该用户希望主播停止当前争议性话题并转向更积极的直播内容。
HJ20180908,健康养生,老公不错,0,该用户想表达的含义是：主播的伴侣表现得很讨人喜欢。  （结合前文弹幕中频繁提及“红姐”“老公”“吃醋”等互动内容，可推断该弹幕是对主播家庭关系或伴侣表现的调侃式认可，而非直接指向商品购买意向。）
HJ20180908,健康养生,情商太低.跟你老公学学吧,0,该用户是在调侃主播言行不够圆滑，建议她向自己丈夫学习为人处事的方式。
HJ20180908,健康养生,换话题,0,该用户希望主播停止当前争议性话题并转向其他更合适的直播内容。
HJ20180908,健康养生,"啥也别说了,有钱真好",0,该用户是在感叹金钱带来的优越感和自由选择权，暗含对直播间展示的消费能力或生活方式的羡慕或调侃。
HJ20180908,健康养生,有点飘了,0,该用户是在讽刺主播因有钱或受欢迎而态度傲慢、言行失当。
HJ20180908,健康养生,红姐过份了,0,该用户是在调侃主播言行有些张扬或不合时宜，暗指其因直播效果或经济条件表现出不够谦逊的态度。
HJ20180908,健康养生,东西乱屹!话不能乱说!,0,该用户想表达的含义是：主播言行不当且商品质量堪忧，让人感到不满和失望。
HJ20180908,健康养生,说话太没素质了,0,该用户认为主播的言行举止缺乏基本的礼貌和修养，对此感到不满并提出批评。
HJ20180908,健康养生,过过嘴瘾[笑哭],0,该用户是在用调侃的语气表达对直播内容的兴趣，但暂时没有实际购买意愿。
HJ20180908,健康养生,红过分了,0,该用户是在调侃或批评主播言行夸张、超出常理。
HJ20180908,健康养生,"一三五前夫,二四六现在夫",0,该用户是在用调侃的语气讽刺主播频繁更换伴侣或情感关系混乱。
HJ20180908,健康养生,这老公脾气太好了,0,该用户是在调侃主播丈夫性格温和，暗示主播家庭氛围轻松有爱。
HJ20180908,健康养生,这个红姐你这么乱七八糟说话!,0,该用户是在批评主播红姐说话缺乏条理且内容不当，表达了对直播内容的不满。
HJ20180908,健康养生,红姐情商低了啊?说这话[酷],0,该用户是在委婉批评主播红姐说话不得体，用调侃的语气暗示她的言论显得缺乏分寸感。
HJ20180908,健康养生,别气姐夫了,0,该用户是在调侃主播言行不当，建议她注意分寸别惹恼家人（姐夫）。
HJ20180908,健康养生,红姐老公一般不生气除非红姐说话过了,0,该用户想表达的含义是：红姐的丈夫平时性格温和，但红姐说话过分时也会忍不住发火。  （结合前文弹幕，观众普遍认为红姐言辞不当、情商低，甚至可能冒犯了丈夫，因此这条弹幕是在调侃红姐的言行越界，导致好脾气的丈夫都生气了。）
HJ20180908,健康养生,"羊角蜜,配猪头肉!好吃不!",1,该用户可能在调侃主播之前的口无遮拦，用夸张的食物搭配来反讽直播间混乱的聊天氛围，并非真正询问商品口味。
HJ20180908,健康养生,东北人说话就是搞笑,0,该用户是在调侃主播的东北口音和幽默风格，认为这种说话方式增添了直播的趣味性。
HJ20180908,健康养生,她老公说话太有意思了,0,该用户是在调侃主播丈夫的幽默表现，认为他的说话风格为直播增添了趣味性。
HJ20180908,健康养生,"这女人太不给男人留面子了,太强势了",0,该用户认为主播在直播中表现过于强势，没有顾及伴侣的感受，显得不够尊重对方。
HJ20180908,健康养生,两口子太逗了,0,该用户被主播夫妇幽默互动的氛围感染，觉得他们的对话很有趣。
HJ20180908,健康养生,这老公太好了,0,该用户是在感叹主播的丈夫性格宽容大度，能包容伴侣的言行。
HJ20180908,健康养生,口无遮拦,0,该用户是在批评主播说话过于随意冒失，缺乏分寸感。
HJ20180908,健康养生,你老公脾气真好,0,该用户是在感叹主播丈夫对主播言行的大度包容，暗指主播的玩笑或调侃有些过火但丈夫并未计较。
HJ20180908,健康养生,红姐在搞流量[赞],0,该用户是在调侃主播红姐通过夸张或争议性言行吸引观众注意，以此带动直播间人气。
HJ20180908,健康养生,吃醋了?,0,该用户可能在调侃主播夫妇的互动，暗示主播的言行让伴侣感到嫉妒或不悦。
HJ20180908,健康养生,你家太乱了,0,该用户可能在调侃主播的言行举止缺乏条理或逻辑混乱。
HJ20180908,健康养生,红姐说话喽不住没把门的,0,该用户想表达的含义是：红姐说话太随意不顾及他人感受。
HJ20180908,健康养生,"有啥,钱就是太后[笑哭][赞][赞][赞]",0,该用户想表达的含义是：虽然觉得商品价格偏高，但出于对主播的喜爱和信任还是愿意买单。
HJ20180908,健康养生,红姐飘了,0,该用户认为红姐言行过于随意张扬，显得有些得意忘形。
HJ20180908,健康养生,情商真不是一般滴低啊,0,该用户是在讽刺主播“红姐”说话缺乏分寸感，不顾及他人感受。
HJ20180908,健康养生,不能乱说话,0,用户是在提醒主播注意言辞分寸，避免因口无遮拦引发观众不适。
HJ20180908,健康养生,红姐说得过分了,0,该用户认为主播红姐的言行越界，对他人不够尊重或分寸感不足。
HJ20180908,健康养生,脚肯定不适合,0,该用户可能是在调侃主播夫妇的互动风格，暗示主播（红姐）说话过于直白或不留情面的态度不太合适。
HJ20180908,健康养生,看你这瓜肯定好吃特甜,1,该用户是在夸赞主播展示的瓜品质好，表达了自己被吸引并可能产生购买意愿。  （结合前文语境：直播间氛围轻松，观众主要关注主播夫妻互动，但突然出现对产品的正面评价，说明用户注意力被产品吸引，且用“肯定”“特甜”等肯定语气，暗示潜在购买兴趣。）
HJ20180908,健康养生,你老公生气了,0,该用户是在调侃主播夫妻互动的氛围，暗示主播的言行可能惹得她丈夫有些不高兴了。
HJ20180908,健康养生,"和和气气一家人,真好",0,该用户想表达的含义是：主播夫妻的互动氛围温馨融洽，让人感到舒适愉快。
HJ20180908,健康养生,老公多好,0,该用户想表达的含义是：这位丈夫的表现非常体贴或讨人喜欢。  （结合前文弹幕中多次提及“老公脾气好”“两口子太逗了”等对丈夫的正面评价，可以推断此处的“多好”是延续观众对丈夫性格或行为的赞赏。）
HJ20180908,健康养生,你老公有点生气了[捂脸],0,该用户是在调侃主播夫妻互动中丈夫的反应，以幽默方式指出丈夫因主播言行表现出不满情绪。
HJ20180908,健康养生,你两有夫妻相,0,该用户是在调侃主播夫妇互动默契、感情融洽，像一对恩爱夫妻。
HJ20180908,健康养生,"不是管你,人家说的没毛病",0,该用户是在反驳他人对主播的指责，认为主播的言论并无不妥之处。
HJ20180908,健康养生,你就是眼里没有旁边的男人,0,该用户可能在暗示主播过于专注自我表现而忽略了身边男性搭档的感受或存在感。
HJ20180908,健康养生,说着玩的,0,该用户是在用调侃的语气表示前面发言并非认真表态，可能是为了缓和气氛或避免被误解。
HJ20180908,健康养生,这个老公是不够卖力,0,该用户是在调侃主播的丈夫互动不够积极，可能希望他更活跃些来配合直播氛围。
HJ20180908,健康养生,"伤人的话,不要说",0,该用户是在委婉提醒主播注意言辞分寸，避免因口无遮拦而伤害他人感情。
HJ20180908,健康养生,东西乱屹!话不能乱说!,0,该用户是在批评主播言行失当，暗示其既没有整理好商品展示又说话不够谨慎。
HJ20180908,健康养生,"管你,在乎你",0,该用户想表达的含义是：对方并非在干涉你，而是出于关心才这样说的。  （结合前文弹幕中关于“管你”的争议和夫妻互动的语境，用户意在缓和矛盾，强调言语背后的善意而非控制。）
HJ20180908,健康养生,这老公好,0,该用户是在称赞主播的丈夫性格好或表现体贴，可能是在回应之前关于夫妻互动的讨论。
HJ20180908,健康养生,你老公情商真高,0,该用户是在调侃主播夫妻互动中丈夫展现出的高情商表现，暗示其善于化解矛盾或巧妙应对妻子的言辞。
HJ20180908,健康养生,你情商太低了啊,0,该用户是在批评主播言行不当，暗示其缺乏对他人感受的体察（尤其针对主播丈夫），可能希望主播注意说话方式以维持直播间和谐氛围。
HJ20180908,健康养生,"我都睡了一觉了,你还在吃啊",0,该用户想表达的含义是：主播的互动内容过于冗长或缺乏吸引力，导致观众感到无聊甚至不耐烦。
HJ20180908,健康养生,人家管你对,0,该用户想表达的含义是：对方管你是出于关心，并非恶意干涉。
HJ20180908,健康养生,管的对,0,"该用户想表达的含义是：认同主播伴侣的管教行为是出于关心和正确引导。  （结合前文弹幕中频繁提及""老公""的互动、对伴侣关系的讨论，以及""管你,在乎你""等类似表达，可推断""管的对""是对此前争执中管教行为的肯定，强调这种干预是合理且善意的。）"
HJ20180908,健康养生,给人家说生气了,0,该用户可能是在调侃或抱怨主播（或其伴侣）因被过多关注或调侃而感到不悦，暗示互动中的玩笑话有些过火。
HJ20180908,健康养生,"有钱,说话不顾及一点,啥话都说",0,该用户可能在讽刺主播或搭档因经济条件优越而口无遮拦，不顾及他人感受。
HJ20180908,健康养生,这老公是给你带财来了,0,该用户想表达的含义是：这位丈夫的出现给主播带来了好运和人气。
HJ20180908,健康养生,翻牌子,0,该用户可能在调侃或起哄，希望主播或直播间里的“老公”角色能回应或关注自己。
HJ20180908,健康养生,看看肚子,0,该用户可能是在调侃主播或主播伴侣的身材，暗示对方吃太多导致肚子明显，带有玩笑性质的互动。  （结合前文弹幕中频繁出现的“老公”“吃”“情商”等关键词，直播间氛围偏向轻松的家庭互动，用户用“看看肚子”这种模糊表述更可能是参与话题而非真正询问商品信息。）
HJ20180908,健康养生,大头还不跟你睡来[捂脸],0,该用户是在调侃主播夫妻互动时的亲密状态，暗示两人关系甜蜜到应该早点休息。
HJ20180908,健康养生,"一口肉,一口羊角蜜![龇牙]",0,该用户是在用轻松调侃的语气描述自己边看直播边享受美食的悠闲状态，暗示对直播内容感兴趣但暂时以休闲为主。
HJ20180908,健康养生,红姐这嘴皮子没老公的溜,0,该用户是在调侃主播红姐的口才不如她老公流利，暗示她老公在直播中表现更出色。
HJ20180908,健康养生,老公生气了,0,该用户想表达的含义是：主播的丈夫因为直播中的互动或玩笑而感到不悦。
HJ20180908,健康养生,"红姐丈夫太好了,你知足吧",0,该用户是在调侃红姐的丈夫对她包容体贴，暗示红姐应该珍惜这样的伴侣关系。
HJ20180908,健康养生,尴尬了,0,该用户可能是在调侃直播中出现的夫妻互动或对话氛围有些令人不适或冷场。
HJ20180908,健康养生,上人气了[捂脸],0,该用户可能是想调侃直播间人气突然上涨的场面，用捂脸表情表达一种又好笑又无奈的围观心态。
HJ20180908,健康养生,你这样说话少卖好多东西,0,该用户是在委婉批评主播的说话方式不够得体，暗示这种表达风格会影响商品销售效果。
HJ20180908,健康养生,能看下人参果吗?,1,该用户可能对直播中展示的人参果产品产生了兴趣，希望主播能详细介绍或展示该商品。
HJ20180908,健康养生,这不得吃出糖尿病啊,0,该用户是在调侃主播吃的东西糖分过高，带有玩笑性质的吐槽。
HJ20180908,健康养生,这个比大头对你好太多了,0,该用户想表达的含义是：相比之下，这位主播的伴侣比之前提到的“大头”更体贴关心你。
HJ20180908,健康养生,我老公和我前夫关系也挺好,0,该用户可能在调侃主播夫妻关系和谐，暗示现任丈夫比前任更包容体贴。
HJ20180908,健康养生,"你老公是真的好呀,长得也帅珍惜吧",0,该用户是在调侃主播的丈夫优秀，暗示主播应该珍惜这段婚姻关系。
HJ20180908,健康养生,气的牙疼,0,"该用户是在调侃或吐槽主播夫妻互动中的搞笑冲突，用夸张说法表达""被你们逗得哭笑不得""的情绪。"
HJ20180908,健康养生,姐夫情商太高了,0,该用户是在夸赞主播的丈夫（姐夫）为人处世圆融得体，能够巧妙化解直播中的尴尬氛围。
HJ20180908,健康养生,心里生气了,0,"该用户可能在调侃或附和直播中关于""生气""的玩笑话题，表达一种带有娱乐性质的假意不满情绪。"
HJ20180908,健康养生,我也去跟着你们吃行吗?,0,该用户想表达的含义是：我也想尝试你们正在吃的食物。
HJ20180908,健康养生,真的好吃吗,1,该用户可能是对直播中展示的食品产生兴趣，但对其实际口味或质量存在疑虑，想通过询问确认产品是否真的美味可口。
HJ20180908,健康养生,气的牙疼了,0,该用户是在调侃主播夫妻间的互动太甜蜜，自己羡慕到有些“酸”了。
HJ20180908,健康养生,"管你不就对了嘛!说明他心里有你,很爱你吗",0,该用户是在用调侃的语气劝解主播（红姐）不要因丈夫的管束而生气，暗示这种管束其实是出于关心和爱意。
HJ20180908,健康养生,老公酸倒牙了[捂脸],0,该用户是在调侃主播丈夫吃醋或嫉妒的表现，用夸张的语气表达对夫妻互动的有趣观察。
HJ20180908,健康养生,姐夫上火了,0,该用户是在调侃主播丈夫因吃醋或闹别扭而情绪不佳。
HJ20180908,健康养生,"他吃醋了,不是生气了",0,该用户想表达的含义是：主播的丈夫并非真的生气，而是因为在意主播而表现出醋意。
HJ20180908,健康养生,支持红姐,0,该用户是在表达对主播红姐的喜爱和支持，可能是被红姐的人格魅力或直播表现所打动，想通过简单直接的鼓励来参与互动。
HJ20180908,健康养生,"你都这么有钱了,就别吃了",0,该用户是在用调侃的语气表达对主播频繁展示高消费行为的不满，暗示主播应该适可而止以免引起观众反感。
HJ20180908,健康养生,红姐别让老公生气,0,该用户是在调侃主播夫妻互动，暗示主播丈夫因吃醋或介意直播内容而情绪波动，建议主播适当照顾伴侣感受以避免矛盾。
HJ20180908,健康养生,红姐知足吧,0,该用户是在劝解主播红姐要珍惜现有的幸福，不要因小事计较或抱怨。
HJ20180908,健康养生,"别跟他玩,他不吃",0,该用户是在调侃主播的伴侣因吃醋而闹情绪，暗示对方应该适可而止别继续刺激他。
HJ20180908,健康养生,直播效果[龇牙],0,该用户是在用调侃的语气表达对直播中某个搞笑或夸张桥段的反应，觉得效果有趣到让人忍不住咧嘴笑。
HJ20180908,健康养生,3个孩子了还找[笑哭],0,"该用户是在调侃主播家庭关系和睦却还在直播中表现出吃醋或闹情绪的样子，暗示""孩子都这么多了还像小情侣一样闹别扭""。"
HJ20180908,健康养生,"这个老公好,宽宏大量",0,该用户是在夸赞直播间中提到的男性（可能是主播的伴侣或相关人物）性格大度、不计较，暗示他与其他小气或爱计较的人形成对比。
HJ20180908,健康养生,太好吃了,1,该用户可能是在回应主播展示的食品或用餐场景，表达对食物品质的认可和强烈的品尝欲望。
HJ20180908,健康养生,大头容忍不了你,0,"该用户可能在调侃主播丈夫因吃醋表现出的情绪反应，暗示""连好脾气的人都受不了你的行为""。  （解析思路：结合前文高频出现的""吃醋/生气""关键词、""老公/姐夫""称呼、""直播效果""等娱乐化语境，可推断该弹幕延续了观众对夫妻互动的戏谑讨论。""大头""可能指代头部主播或其丈夫，""容忍不了""对应前文多次提到的吃醋行为，整体采用反讽语气参与群体玩梗。）"
HJ20180908,健康养生,你老公真好情商高,0,该用户是在夸赞主播的伴侣性格好、处事得体，可能是在回应之前关于夫妻互动的讨论。
HJ20180908,健康养生,气的牙疼[捂脸],0,该用户是在调侃直播间里某人因吃醋或假装生气而表现出的可爱反应。
HJ20180908,健康养生,老公真的很好红姐,0,该用户想表达的含义是：红姐的丈夫性格很好且对她很包容。
HJ20180908,健康养生,太过份了,0,该用户可能是在调侃或表达对直播中某件事（比如伴侣吃醋、玩笑互动）的夸张反应，带有戏谑或感叹的语气。
HJ20180908,健康养生,生什么气呀?一个主播什么玩笑开不起啊,0,该用户是在调侃主播因玩笑而表现出的情绪反应，暗示主播应该更大度些、别太较真。
HJ20180908,健康养生,"吃醋了,酸的牙疼",0,该用户是在调侃主播的伴侣因嫉妒而表现出夸张的酸味反应，用幽默方式参与直播间关于情感话题的互动。
HJ20180908,健康养生,"我喜欢吃播,我也跟着你们去吃吧",0,该用户想表达的含义是：被直播间的欢乐氛围和美食内容感染，产生了跟随主播品尝美食的冲动。
HJ20180908,健康养生,"这黄的,是啥?",1,该用户可能是对直播中突然出现的黄色物品感到好奇，想询问其具体名称或用途。
HJ20180908,健康养生,上火了马上打入前夫行列了,0,该用户是在调侃主播因吃醋表现出的激动反应，暗示这种情绪反应夸张到足以让主播的伴侣（前夫）地位不保。
HJ20180908,健康养生,气的牙疼了哈哈,0,"该用户是在调侃主播夫妻互动的搞笑场面，用夸张说法表达对直播中""吃醋""情节的欢乐吐槽。"
HJ20180908,健康养生,好好珍惜你老公啊他对你太好了,0,该用户是在调侃主播夫妻关系和谐，暗示观众应该羡慕并认可主播丈夫的包容和体贴。
HJ20180908,健康养生,不行姐夫再找个富婆,0,该用户是在以调侃的语气建议主播（红姐）的丈夫另寻条件更好的伴侣，暗示当前互动中主播的行为有些过分或玩笑开得过大。
HJ20180908,健康养生,大明太有实力了无论说话还是做事[赞][赞][赞][赞][赞],0,该用户是在夸赞主播“大明”的表现非常出色，无论是言谈举止还是行动能力都让人佩服，并表达了强烈的赞赏和支持。
HJ20180908,健康养生,你这样说话显的你人品差,0,该用户是在批评主播的言行举止显得不够得体或缺乏修养。
HJ20180908,健康养生,红姐够努力的,0,该用户是在肯定主播红姐的敬业态度，暗示她卖力表现值得观众支持。
HJ20180908,健康养生,"红姐说得老公伤心了,注意点吧!!",0,该用户是在提醒主播红姐注意言行，认为她刚才的玩笑话可能伤害了丈夫的感情。
HJ20180908,健康养生,"你太强势,太能干了",0,该用户是在调侃主播性格过于强势能干，可能让伴侣感到压力或不适。
HJ20180908,健康养生,你老公被你气得牙都疼了,0,该用户是在调侃主播夫妻互动中丈夫被气到的搞笑场景，暗示主播的言行让丈夫既无奈又宠溺。
HJ20180908,健康养生,"有钱开始飘了,动不动就要换老公了",0,该用户是在调侃主播因经济条件改善而变得挑剔，用玩笑语气暗示她开始对伴侣要求变高。
HJ20180908,健康养生,你的胃能受得了吗一直吃一直喝[捂脸],0,该用户是在调侃主播频繁吃喝的行为可能对胃不好，表达了一种既觉得好笑又略带关心的复杂情绪。
HJ20180908,健康养生,"红姐你可真随便,守着你老公说想给谁睡就给谁睡",0,该用户是在调侃主播红姐言行随意，暗示她在丈夫面前开不合时宜的玩笑显得不够尊重伴侣。
HJ20180908,健康养生,"这么跟大头说,大头直接怼了",0,该用户可能在调侃主播夫妻间的互动，暗示主播丈夫（大头）对当前话题或玩笑表现出不满或直接反驳的态度。
HJ20180908,健康养生,好离婚,0,该用户可能是在调侃主播频繁拿婚姻关系开玩笑的行为，暗示主播对感情态度随意。
HJ20180908,健康养生,这个老公比那个老公好看[捂脸],0,"该用户是在调侃主播频繁更换""老公""的玩笑，用对比方式幽默地表达对当前提及对象的偏好。"
HJ20180908,健康养生,眼珠子都气红了[捂脸][捂脸][捂脸][捂脸][捂脸],0,该用户是在用夸张的表情符号表达对主播或直播间互动内容感到既好笑又无奈的情绪。
HJ20180908,健康养生,大头和老公谁大,0,"该用户是在调侃比较直播间中提到的""大头""和""老公""两人的地位或影响力谁更高。"
HJ20180908,健康养生,这老公脾气好还幽默[捂脸],0,该用户是在调侃主播夫妻的互动，认为丈夫性格温和又有趣，表现出对这对夫妻相处模式的欣赏和娱乐态度。
HJ20180908,健康养生,他是嘴上说但是心里不舒服,0,该用户想表达的含义是：主播表面上开玩笑，但内心其实对伴侣的言行感到不满。
HJ20180908,健康养生,红姐说话太不给你老公留面子了,0,该用户是在调侃主播红姐言辞犀利，让丈夫在公开场合显得难堪，暗示夫妻互动中应注意分寸感。
HJ20180908,健康养生,看看你老公的表,0,该用户可能是在调侃主播夫妻关系的同时，对主播丈夫佩戴的手表款式或品牌产生了兴趣，想通过互动让主播展示商品细节。
HJ20180908,健康养生,你老公挺帅的,0,该用户可能是在调侃主播夫妻关系，借夸赞主播丈夫的外表来参与直播间关于家庭互动的轻松氛围。
HJ20180908,健康养生,你老公表情上能看出来还真生气了,0,该用户想表达的含义是：从主播丈夫的表情可以看出他确实因为刚才的对话感到不悦。 （分析依据：前文弹幕多围绕主播与丈夫的互动冲突展开，聚焦丈夫的情绪反应和面部表情，当前弹幕延续了观众对丈夫情绪状态的观察性评论）
HJ20180908,健康养生,今天红姐怎么那么好看,0,该用户是在夸赞主播的外貌状态，可能想通过赞美拉近距离或表达对主播的喜爱，但并未直接表现出购买意向。
HJ20180908,健康养生,40岁比你年轻,0,"该用户是在嘲讽主播虽然年纪更大但言行举止显得不够成熟，暗示自己即使年轻也更有分寸感。  （解析：结合前文弹幕对主播""红姐""夫妻互动中强势、随意言行的批评，该弹幕通过年龄对比突出主播行为不得体，属于针对直播内容的评价性互动，而非购买意向表达。）"
HJ20180908,健康养生,让你老公保养去,0,"该用户是在调侃主播夫妻关系，建议主播丈夫也需要注意形象管理。  （结合前文弹幕对夫妻互动的频繁讨论，尤其是针对""老公""外貌、情绪的调侃，此条延续了戏谑语气，将话题从主播本人转向其配偶的保养问题。）"
HJ20180908,健康养生,这个是什么水果,1,该用户可能是在直播中看到主播展示或提及某种水果，因对其外观或名称不熟悉而产生好奇，想询问具体品种以便考虑购买。
HJ20180908,健康养生,这是什么?,1,该用户可能是在询问直播中正在展示或提到的某件商品的具体信息。
HJ20180908,健康养生,眼珠子都气红了[捂脸][捂脸][捂脸][捂脸][捂脸][抠鼻],0,该用户是在调侃主播夫妻间的互动，用夸张表情形容主播丈夫被气得够呛，实则带着幽默和看热闹的心态。
HJ20180908,健康养生,忍气吞声,0,该用户想表达的含义是：主播的伴侣在遭受调侃或冒犯时选择默默忍耐不发作。
HJ20180908,健康养生,"一直买红姐减肥的,很靠谱",0,该用户想表达的含义是：我长期购买红姐推荐的减肥产品，效果值得信赖。
HJ20180908,健康养生,大头年轻,0,该用户可能在调侃主播或其伴侣的外貌特征，暗示对方看起来比实际年龄显年轻。
HJ20180908,健康养生,红姐没情商,0,该用户是在批评主播红姐在互动中缺乏对他人的尊重和体谅，显得处事不够圆滑。
HJ20180908,健康养生,你老公四十岁咋啦.谁不老啊!那么帅,0,该用户想表达的含义是：年龄不是问题，主播的丈夫依然很有魅力。
HJ20180908,健康养生,红姐怎么认识的,0,该用户可能是对主播“红姐”的个人经历或社交关系产生好奇，想了解她与某位关键人物（如频繁被提及的“老公”）结识的渊源。
HJ20180908,健康养生,你老公好看帅气,0,该用户是在夸赞主播的伴侣外貌出众，并可能借此表达对主播夫妻关系的关注或好感。
HJ20180908,健康养生,关键你说话太难听了哈哈哈,0,该用户是在调侃主播说话方式直接不留情面，但并无恶意，更多是觉得这种直率风格有趣好笑。
HJ20180908,健康养生,你老公很年轻[爱心],0,该用户是在调侃主播的伴侣年轻帅气，带有善意玩笑和夸赞的意味。
HJ20180908,健康养生,东北人说话就是幽默,0,该用户想表达的含义是：主播的东北口音和直爽风格让直播氛围轻松有趣。
HJ20180908,健康养生,"人家老车,你还是破车里",0,该用户是在嘲讽主播的丈夫年纪大或状态不佳，暗示对方不如自己或其他人年轻有活力。
HJ20180908,健康养生,你刚刚说话真的太过份了,0,该用户是在指责主播之前对他人（可能是主播的丈夫）的言语冒犯，表达不满情绪。
HJ20180908,健康养生,"只敢买红姐的减肥品,效果很好",0,该用户想表达的含义是：出于对主播红姐的信任，我只愿意购买她推荐的减肥产品，因为实际使用效果确实不错。
HJ20180908,健康养生,羊角蜜黄色的是菠萝蜜,0,该用户可能在询问或确认直播中展示的黄色水果是否为菠萝蜜品种的羊角蜜瓜。
HJ20180908,健康养生,你老公挺年轻的,0,该用户是在调侃主播的伴侣看起来比实际年龄显年轻，带有善意玩笑的意味。
HJ20180908,健康养生,红姐太过分了,0,该用户是在指责主播“红姐”言行不当，可能涉及对观众或其家人的人身攻击或冒犯性调侃。
HJ20180908,健康养生,这媳妇真能气人,0,该用户是在调侃主播（红姐）与丈夫互动时的逗趣拌嘴，认为她故意用夸张方式惹丈夫生气的样子很有趣。
HJ20180908,健康养生,你是什么车,0,该用户可能是在调侃主播或其他人提到的“老车”或“破车”相关话题，带有戏谑或讽刺的意味。
HJ20180908,健康养生,怎么又是人生果,0,该用户可能是在抱怨直播中反复出现或推销同一款产品（人参果），感到厌倦或不耐烦。
HJ20180908,健康养生,"红姐,不知足,有点钱,漂了",0,该用户可能在讽刺主播红姐因赚到钱后变得傲慢自大，态度不如从前真诚。
HJ20180908,健康养生,"你比你老公小几岁呀,你老公比你年轻多了",0,该用户是在调侃主播与丈夫的年龄差距，暗示主播看起来比实际年龄显老，而丈夫则显得更年轻。
HJ20180908,健康养生,"直播间几万人,该留面子,还是得跟人家留个面子",0,该用户可能在暗示主播言行不当，建议主播顾及观众感受、注意维护形象。
HJ20180908,健康养生,"车新不新无所谓,老司机就行",0,该用户想表达的含义是：产品的品质或新旧程度并不重要，关键是有经验丰富的人来指导或推荐。
HJ20180908,健康养生,"别人都听的生气,老公心里更不舒服",0,该用户想表达的含义是：主播的言行让观众感到不满，尤其是她丈夫听了会更难受。
HJ20180908,健康养生,你老公可比大头强太多了,0,该用户想表达的含义是：红姐的丈夫比那个叫“大头”的人优秀得多。
HJ20180908,健康养生,"说心里话,他真生气了,但是不能说.你太霸道了![龇牙][龇牙]",0,该用户是在用调侃的语气表达对主播（红姐）强势性格的无奈和轻微不满，但通过表情符号缓和了批评意味，整体仍保持互动娱乐的态度。
HJ20180908,健康养生,"你说话太不太气人家了,老铁都看着不打一处来",0,该用户是在批评主播言辞刻薄不顾他人感受，暗示主播的态度让观众感到不满甚至愤怒。
HJ20180908,健康养生,现在的老公如果换成大头的话肯定没有这宽容大度了,0,"该用户是在调侃当前直播中提到的""老公""性格宽容，暗示如果换成另一个被比较的对象（大头）可能就不会这么包容了。"
HJ20180908,健康养生,"老车,你就喜欢没着",0,该用户可能在调侃主播“老车”总是故意不把话说清楚或卖关子，让人着急。
HJ20180908,健康养生,红姐今晚说话伤到老公了[捂脸],0,该用户是在调侃主播红姐与丈夫的互动，暗示她当晚的言行让丈夫感到尴尬或难堪，但以玩笑口吻表达并不含实质性批评。
HJ20180908,健康养生,生三了还说人家老,0,"该用户是在调侃主播（红姐）明明年纪不小（可能已生育三个孩子）却还嫌弃别人年纪大，暗指其言行矛盾或双标。  （解析：结合前文弹幕中频繁提及""红姐对老公的刻薄态度""""年龄对比""""观众不满情绪""等语境，此弹幕通过反讽将矛头指向主播对外严苛、对己宽容的态度。）"
HJ20180908,健康养生,后面是谁,0,该用户可能在询问接下来出场的直播嘉宾或产品展示顺序。
HJ20180908,健康养生,你说话太伤人,0,该用户是在批评主播（红姐）对他人（可能是其丈夫）的言语态度过于刻薄，缺乏尊重。
HJ20180908,健康养生,这个甜吗,1,该用户可能是对当前直播展示的水果类商品（如羊角蜜或人参果）的甜度产生兴趣，想确认产品口味特点以便决定是否购买。
HJ20180908,健康养生,"这女人也不年轻了,老女人了",0,"该用户可能是在借年龄话题参与直播间对主播夫妻关系的调侃，暗指主播言行与年龄不符、缺乏成熟度。  （解析：前文弹幕多围绕主播夫妻互动中的矛盾展开，关键词如""霸道""""伤人""""不知足""显示观众对主播强势性格的讨论，""老司机""""老车""等隐喻也暗示年龄相关调侃。该弹幕并非单纯攻击年龄，而是延续直播间集体吐槽主播言行的氛围，将""年龄""作为揶揄其行为失当的载体。）"
HJ20180908,健康养生,你俩咋认识的,0,该用户可能是对主播夫妻的关系背景感到好奇，想通过询问两人的相识经历来延续当前弹幕中关于夫妻互动的八卦话题。
HJ20180908,健康养生,要哭了,0,该用户可能因主播或直播内容中的情感冲突或尴尬场面感到强烈共情，用夸张语气表达内心触动或替他人难过的情绪。
HJ20180908,健康养生,红姐也就是有点钱,0,该用户暗讽红姐仗着有钱就态度傲慢，不顾他人感受。
HJ20180908,健康养生,过分了,0,该用户可能是在指责主播言行不当，认为其表现超出了合理或可接受的限度。
HJ20180908,健康养生,一看都生气了,0,该用户是在表达对主播言行失当的不满情绪，认为主播的某些话让人感到气愤或难以接受。
HJ20180908,健康养生,你这嘴没把门的,0,该用户是在批评主播说话过于直白刻薄，缺乏分寸感。
HJ20180908,健康养生,你今天不应该说跟着大头睡,0,"该用户是在委婉批评主播（红姐）对伴侣（老公）的刻薄言辞，认为不该用""跟着大头睡""这类带有比较和羞辱意味的玩笑伤害对方感情。"
HJ20180908,健康养生,不能在说前夫,0,该用户可能是在委婉提醒主播不要再提及前任话题，避免引发当前伴侣的不悦情绪。
HJ20180908,健康养生,红姐今晚说话真的伤到老公了,0,该用户是在委婉批评主播红姐对伴侣的言语不当，暗示她的刻薄言论让观众都替对方感到委屈。
HJ20180908,健康养生,人家说的对啊,0,该用户是在附和他人对主播言辞不当的批评，认为之前某条弹幕指出的问题确实存在。
HJ20180908,健康养生,跟大头睡所以生气了,0,该用户是在调侃主播之前因提及“跟大头睡”而惹恼了伴侣，暗示这句话是引发矛盾的关键。
HJ20180908,健康养生,你整两个老公能不累吗,0,该用户是在调侃主播同时提及现任和前任伴侣（“老公”和“大头”）的尴尬场面，暗示这种情感话题的反复拉扯会让当事人疲于应对。
HJ20180908,健康养生,"红姐就是找话题,找流量",0,该用户认为主播红姐是在刻意制造争议话题来吸引关注和流量。
HJ20180908,健康养生,这个老公比你前夫长得好看[捂脸][捂脸][捂脸],0,该用户是在调侃主播现任伴侣的外貌优势，以此附和之前弹幕中关于主播感情话题的讨论氛围。
HJ20180908,健康养生,"前夫是头,老公是杆[龇牙]",0,"该用户是在用比喻调侃主播的感情经历，将前夫比作""头""、现任比作""杆""，暗示两者关系不协调或存在对比，延续了直播间里关于主播婚姻状况的戏谑讨论氛围。"
HJ20180908,健康养生,气的难受,0,该用户是在表达对主播或直播内容中涉及情感矛盾话题的不满和情绪共鸣。
HJ20180908,健康养生,换做是女的早气哭了,0,该用户是在讽刺直播间里性别双标的言论或行为，暗示同样的事情发生在女性身上会被更严厉地批评或引发更大反应。
HJ20180908,健康养生,红姐别吃了,0,该用户可能在调侃或劝阻主播“红姐”停止通过争议性言行博取关注，暗示她应收敛当前制造话题的行为。
HJ20180908,健康养生,伤心了,0,该用户想表达的含义是：对主播的言论感到失望或情绪受到伤害。
HJ20180908,健康养生,别老欺负你自己老公,0,该用户是在委婉提醒主播注意言行，不要过度调侃或贬低自己的现任伴侣，以免引发观众不适或影响夫妻感情。
HJ20180908,健康养生,一说吃就牙疼,0,该用户是在借“牙疼”暗指对主播频繁提及情感话题感到不适，暗示希望转换话题或停止这类讨论。
HJ20180908,健康养生,红姐有两个臭钱太飘了,0,该用户是在讽刺主播红姐仗着有钱就言行傲慢、不顾他人感受。
HJ20180908,健康养生,老铁都看不上你扁低你老公,0,该用户是在讽刺主播红姐言行不当，暗示她仗着有钱轻视现任伴侣，导致观众都看不下去她的态度。
HJ20180908,健康养生,眼睛都红了,0,该用户想表达的含义是：主播的言行让人感到愤怒或委屈。
HJ20180908,健康养生,你老公吃肥了,0,该用户是在调侃主播的现任伴侣因情绪低落而暴饮暴食导致发胖，暗指主播的言行对伴侣造成了心理压力。
HJ20180908,健康养生,"你刚才说要跟大头睡,伤他了",0,该用户是在调侃主播之前不当言论伤害了现任伴侣的感受，暗示主播应该注意言辞避免引发矛盾。
HJ20180908,健康养生,气的上火了,0,该用户是在调侃主播因情感话题引发矛盾而情绪激动。
HJ20180908,健康养生,"这老公情商多高.多好.红姐动不动发火,乱说.有钱就能耍泼啊",0,该用户是在讽刺主播红姐仗着有钱就随意对现任老公发脾气，同时夸赞老公情商高、脾气好，暗指红姐的行为过分且不公平。
HJ20180908,健康养生,这老婆太霸道,0,"该用户想表达的含义是：这位妻子对待丈夫的态度过于强势无理。 （结合前文语境可见，直播间观众正在讨论""红姐""对丈夫的苛责言行，普遍认为她仗着经济优势欺压丈夫，这条弹幕延续了观众对妻子霸道行为的批评态度。）"
HJ20180908,健康养生,"女主播好像喝多了,不太理智",0,该用户是在调侃女主播因情绪失控而表现出的言行失态，暗示她的状态影响了直播的专业性。
HJ20180908,健康养生,漂的不是人了胡说八道,0,该用户是在讽刺主播因为有钱而变得狂妄自大、言行失态。
HJ20180908,健康养生,"不是替他说话,而是你说话太没素质了",0,该用户是在反驳其他观众对主播的负面评价，认为批评者的言论过于刻薄而非主播本身有问题。
HJ20180908,健康养生,这老婆过分了,0,该用户是在批评女主播对待丈夫的态度过于强势刻薄，缺乏尊重。
HJ20180908,健康养生,啥味?,1,该用户可能在询问主播正在展示或食用的商品的气味或味道特征。
HJ20180908,健康养生,一半沉在一堆吃水果,0,该用户可能在调侃主播只顾自己享受（吃水果）而忽略了他人的感受或互动。
HJ20180908,健康养生,"叫谁,谁都会生气",0,该用户想表达的含义是：主播的言行过于无理，任何人被这样对待都会感到愤怒。
HJ20180908,健康养生,前夫没有现任的好看[龇牙][龇牙][龇牙],0,该用户通过调侃主播现任与前任的外貌对比，以幽默方式参与直播间关于夫妻关系的互动话题。
HJ20180908,健康养生,"太甜了,牙床受不了",0,"该用户是在用夸张的语气吐槽直播内容（可能是主播的言行或展示的商品）过于甜腻或做作，让人感到不适。  （解析：结合前20条弹幕中大量对主播夫妻互动、言行夸张的调侃和批评，当前弹幕的""太甜了""并非字面意义，而是反讽主播表现过度；""牙床受不了""是网络常见吐槽句式，暗示矫揉造作令人尴尬。整体语境显示观众正在集体调侃主播的浮夸风格。）"
HJ20180908,健康养生,这俩人儿表还一样儿?,0,该用户可能是在调侃主播夫妇戴了同款手表，暗示他们关系亲密或有意秀恩爱。
HJ20180908,健康养生,这两个人多默契呀,0,该用户是在调侃主播夫妻的互动氛围，暗示两人虽然拌嘴但配合自然，流露出对他们关系融洽的观察兴趣。
HJ20180908,健康养生,啥味道?,1,该用户可能是在询问直播中展示或提及的某款食品/产品的具体口味或气味特征。
HJ20180908,健康养生,"如果谁有他那么多钱,可能都能飞上天",0,该用户是在讽刺主播仗着有钱就目中无人、言行嚣张，暗示金钱并不能成为肆意妄为的资本。
HJ20180908,健康养生,红姐过分了,0,该用户是在指责主播红姐对待丈夫的态度过于霸道无理，行为举止失当。
HJ20180908,健康养生,乱说话,0,"该用户是在指责主播或嘉宾言行失当、缺乏分寸感。  （结合前文弹幕中频繁出现的""发火""""没素质""""过分了""等负面评价，可推断当前弹幕延续了对直播内容中争执或不当言行的批评，暗指说话者不顾场合胡乱发言。）"
HJ20180908,健康养生,前夫和现任,0,该用户想表达的含义是：调侃主播的前任伴侣不如现在的伴侣优秀或般配。
HJ20180908,健康养生,大头老挨骂[捂脸],0,该用户是在调侃主播夫妇互动中男方频繁被女方指责的场面，用无奈表情表达对男方处境的同情和幽默理解。
HJ20180908,健康养生,人家开玩笑的你们就认真了,0,该用户是在调侃其他观众过于较真，暗示大家应该以轻松娱乐的心态看待直播中的玩笑话。
HJ20180908,健康养生,现任帅气,0,"该用户想表达的含义是：现任伴侣的外貌比前夫更出众讨喜。  （结合前文弹幕中关于""前夫与现任""的对比讨论，以及[龇牙]表情的调侃语气，可推断用户通过简洁的夸赞延续了外貌比较的话题，并隐含对直播中人物关系的娱乐性评价。）"
HJ20180908,健康养生,自己老公这样不给面子,0,该用户可能是在吐槽直播中妻子对丈夫的态度过于强势，认为这种行为让丈夫在公开场合难堪。
HJ20180908,健康养生,都挺帅,0,该用户是在附和直播间讨论现任伴侣的颜值话题，表达对主播现任伴侣外貌的认可。
HJ20180908,健康养生,和直播间一样的吗,1,该用户可能在询问直播展示的商品是否与实物完全一致，担心存在差异。
HJ20180908,健康养生,直播效果,0,该用户可能在质疑或评价当前直播的呈现方式或氛围是否吸引人。
HJ20180908,健康养生,红姐有钱了不起,0,该用户是在讽刺主播红姐仗着经济条件优越而表现出高高在上的态度。
HJ20180908,健康养生,还是现任老公好,0,该用户是在对比直播中提到的两位男性（可能是主播或嘉宾），通过调侃的方式表达对其中现任伴侣的外形或表现更为满意的态度。
HJ20180908,健康养生,能不能在搞笑点老公老公在这吃,0,该用户可能是想通过调侃的语气，表达希望主播（或直播间焦点人物）在带货时增加搞笑互动，同时暗示自己作为观众正在边看直播边吃东西的轻松状态。
HJ20180908,健康养生,看着就好甜,1,该用户是在夸赞直播中展示的产品或互动氛围给人一种非常愉悦甜蜜的感觉。
HJ20180908,健康养生,直播效果而已,0,该用户想表达的含义是：认为当前直播中的互动或表现只是刻意营造的节目效果，并非真实情况。
HJ20180908,健康养生,大头帅,0,该用户是在调侃或称赞直播中被称为“大头”的人物外貌帅气。
HJ20180908,健康养生,"今天买两个人参果,只吃一口给别人了,那味道吃不了",0,该用户想表达的含义是：购买后尝试发现产品不合口味，感到失望。
HJ20180908,健康养生,不是老铁你漂啥呀,0,该用户可能在嘲讽主播或嘉宾的炫耀行为，认为对方在故作姿态或夸大其词。
HJ20180908,健康养生,"开玩笑,说得说的就成真的了",0,该用户是在调侃直播间的玩笑话被大家当真了，暗示当前的讨论内容只是娱乐效果不必较真。
HJ20180908,健康养生,大果多大,1,该用户可能是在询问直播中展示的水果（如人参果）的大果规格具体尺寸是多少。
HJ20180908,健康养生,都是找流量别认真,0,该用户认为直播中的争议内容只是主播为了吸引人气设计的表演桥段，提醒其他观众不必较真。
HJ20180908,健康养生,后面你媳妇吗,0,该用户可能在好奇或调侃主播身边出现的女性身份，猜测是否为伴侣关系。
HJ20180908,健康养生,你俩谁大了,0,该用户是在询问直播中提到的两位男性（可能是前夫和现任）谁的年龄更大。
HJ20180908,健康养生,"人家是直播效果,还有钱飘了,你有钱你也飘[抠鼻][抠鼻][抠鼻]",0,该用户是在讽刺那些对主播的炫富行为指指点点的观众，认为有钱人高调是人之常情，没必要较真。
HJ20180908,健康养生,要是现夫爸妈听见都气的难受,0,该用户是在讽刺直播中某些炫耀行为可能会让长辈感到不适。  （解析：结合前文弹幕中频繁出现的“直播效果”“开玩笑”“飘了”等关键词，可推断直播间存在夸张或争议性内容。目标弹幕通过假设“现夫爸妈”的感受，隐晦批评主播或参与者的言行可能违背传统家庭观念，带有调侃或不满情绪。）
HJ20180908,健康养生,黑龙省几天能到货,1,该用户可能在询问商品发货到黑龙江省的物流时效，表现出对产品配送进度的实际关注和潜在的购买意向。
HJ20180908,健康养生,如果都像人家有那么多钱都能飞上天,0,"该用户是在讽刺直播间里炫富或摆架子的行为，暗指""有钱就膨胀""的现象很可笑。"
HJ20180908,健康养生,还有特大果嘛?,1,该用户是在询问直播中售卖的水果是否还有更大规格的库存。
HJ20180908,健康养生,红姐老公啥都明白只是不愿意计较111,0,该用户是在调侃主播红姐的现任丈夫，暗示他虽然清楚直播中的一些表演成分或争议点，但出于大度或不在乎的态度选择不较真。
HJ20180908,健康养生,谁的妹妹,0,该用户可能在询问直播画面中出现的女性身份，暗示对人物关系或背景的好奇。
HJ20180908,健康养生,真这么好吃吗,1,该用户对主播宣传的产品品质表示怀疑，想确认实际效果是否如描述那般好。
HJ20180908,健康养生,我要咖啡能改价吗[哈欠],1,该用户可能在询问咖啡产品是否有价格调整的空间，同时用表情暗示自己因等待回复或对当前价格不太满意而感到些许不耐烦。
HJ20180908,健康养生,吃的是中果还是大果?,1,该用户是在询问主播所展示的水果具体规格尺寸，想确认当前介绍的是中等大小还是较大的果实，以便评估是否符合自己的购买需求。
HJ20180908,健康养生,现任老公听啥呀,0,该用户可能在调侃或讽刺主播当前的言行举止，暗示其表现过于夸张或不符合常理。
HJ20180908,健康养生,和直播间一样的吗,1,该用户可能在询问直播间的商品展示是否与实际收到的货物完全一致。
HJ20180908,健康养生,真的好好吃,1,"用户对产品品质表示高度认可并隐含购买意向。  （结合前文弹幕中关于果品规格、到货时间等实际问题的讨论，以及""真这么好吃吗""的疑问，可推断该用户通过肯定口感来强化对商品的信任，属于典型兴趣表达。）"
HJ20180908,健康养生,你俩谁的手表值钱?[捂脸],0,该用户是在调侃或比较直播中两位主播所佩戴手表的价值，带有玩笑和八卦的意味。
HJ20180908,健康养生,"人家这样说是为了活跃直播间的气氛,增加增加人气,这是主播的一招",0,该用户认为主播的言行是刻意营造直播效果的手段，目的是为了带动直播间互动氛围而非真实意图。
HJ20180908,健康养生,"我就吃不了人参果,不甜",0,该用户是在委婉表达对产品品质的失望，暗示人参果的口感不符合预期（不够甜），因此没有购买意愿。
HJ20180908,健康养生,咖啡改价啊,1,该用户希望主播能调整咖啡产品的价格以便购买。
HJ20180908,健康养生,几斤呀?,1,该用户想询问主播所售商品的重量规格。
HJ20180908,健康养生,现任老公什么称呼,0,该用户可能是在调侃主播的现任伴侣，好奇对方在家庭中的昵称或地位。
HJ20180908,健康养生,你们吃的都是中果吗,1,该用户是在询问直播中展示或销售的水果是否均为中等规格的果实。
HJ20180908,健康养生,买的和现在吃的不一样,0,该用户可能是在质疑直播间展示的商品与实际收到的货品存在差异，担心购买后实物与直播中呈现的效果不一致。
HJ20180908,健康养生,哺乳期可以吃吗,1,该用户是在询问产品是否适合哺乳期女性食用，可能对购买感兴趣但需要确认安全性。
HJ20180908,健康养生,俩老公都来了[赞],0,"该用户是在调侃直播间里频繁出现的""老公""称呼（可能指主播或其他观众），用幽默方式表达对直播氛围的观察和参与。"
HJ20180908,健康养生,"甜,还是不甜",1,该用户是在询问产品（可能是水果）的实际甜度是否符合预期，隐含对品质的疑虑或购买前的确认需求。
HJ20180908,健康养生,一丢丢甜很好吃,1,该用户想表达的含义是：这款零食的甜度适中，口感令人满意。
HJ20180908,健康养生,保质期两年,0,该用户可能在询问或确认商品的保质期是否为两年，表现出对产品储存时间和新鲜度的关注。
HJ20180908,健康养生,出月子就可以喝了,0,该用户想表达的含义是：询问产品是否适合产后女性饮用。
HJ20180908,健康养生,21块九几斤呀?,1,该用户是在询问商品价格为21.9元对应的具体重量规格。
HJ20180908,健康养生,人参果都是清香微甜,0,该用户想表达的含义是：人参果的口味比较清淡，带有一丝甜味。
HJ20180908,健康养生,大的好吃还是小的好吃,1,该用户想询问不同规格产品的口感差异以决定购买哪种。
HJ20180908,健康养生,什么口感,1,该用户想询问主播当前介绍的产品（可能是人参果或其他水果）的味道特点，比如甜度、质地或风味如何。
HJ20180908,健康养生,大头帅,0,该用户可能在调侃或称赞主播的外貌特征，用“大头帅”这种昵称式的表达来活跃气氛或表示亲近感。
HJ20180908,健康养生,不熟能吃吗,1,该用户可能是在询问人参果是否可以在未完全成熟的状态下食用。
HJ20180908,健康养生,大的好吃,0,该用户是在比较产品规格后倾向于选择大尺寸的选项，认为其口感或品质更佳。
HJ20180908,健康养生,俩人搭配是绝对的,0,该用户想表达的含义是：两位主播的配合非常默契，提升了直播的观看体验。  （结合前文弹幕中频繁提及主播互动、产品讨论及购买咨询，可推测用户是在肯定主播搭档的协作效果，可能暗示这种氛围增强了购买兴趣。）
HJ20180908,健康养生,是软的还是脆的?,1,该用户是在询问主播所售商品的口感质地是柔软还是酥脆。
HJ20180908,健康养生,在红姐家都买过好多吃的了,0,该用户想表达的是：我是红姐家的老顾客，经常在这里购买食品。
HJ20180908,健康养生,红呀以后可不乱说话了,0,该用户想表达的含义是：以后会谨慎发言不再随意调侃主播了。
HJ20180908,健康养生,"拍了一单中果,三斤",0,该用户想表达的含义是：我已经下单购买了中等大小的三斤装产品。
HJ20180908,健康养生,让我想起了你猪八戒吃西瓜那集电视了[捂脸],0,该用户是在用幽默的方式表达当前直播中展示的商品（可能是水果）让他联想到经典影视剧中猪八戒吃西瓜的滑稽场景，暗示商品看起来非常诱人。
HJ20180908,健康养生,红姐卖的比别人家便宜,1,该用户是在对比价格后，认可主播的商品定价更具竞争力，暗示自己可能因此产生购买意愿。
HJ20180908,健康养生,这是什么啊?,1,该用户可能是对当前直播展示的产品感到好奇，想进一步了解商品的具体信息或功能。
HJ20180908,健康养生,现摘现发吗,1,该用户是在询问商品是否为新鲜采摘后立即发货，关注产品的时效性和新鲜度。
HJ20180908,健康养生,放外面还是放冰箱里,1,该用户是在询问商品的储存方式，想知道产品应该常温保存还是冷藏保存。
HJ20180908,健康养生,老俩口吃美了,0,该用户想表达的含义是：这款食物让两位老人吃得非常开心满足。  （结合前文语境，弹幕多围绕食品口感、购买体验和食用场景展开，此句以生活化场景侧面肯定产品品质，隐含对商品的认可或潜在购买意向。）
HJ20180908,健康养生,甜的还是清甜?,1,该用户是在询问产品的具体甜度属于浓郁甜味还是清淡微甜。
HJ20180908,健康养生,甜不甜呢?,1,该用户是在询问产品的甜度程度和口感特点。
HJ20180908,健康养生,46号链接有券没?手抓饼,1,该用户是在询问46号商品链接是否有优惠券可用，同时表达了对“手抓饼”这一产品的兴趣或关注。
HJ20180908,健康养生,"还是跟现任老公更般配,更好更有夫妻像",0,该用户是在调侃或开玩笑地表达当前直播中展示的产品（可能是水果或食品）与主播或某种形象很搭配，类似于夫妻之间的和谐感。
HJ20180908,健康养生,云南怎么拍不了,1,该用户可能是在询问为什么无法下单购买云南地区的商品，或是指云南地区的发货选项不可选。
HJ20180908,健康养生,正儿八经大头就怕了,0,该用户可能在调侃主播或产品，表达“如果是正经的大号（或大份）产品，反而会让人担心/不敢买”的意思，暗指对产品规格或价格的顾虑。
HJ20180908,健康养生,红姐咖啡,1,该用户可能在询问或提及主播“红姐”所售卖的咖啡产品，表达对其咖啡的兴趣或想了解更多信息。
HJ20180908,健康养生,找个30岁的车,0,该用户可能在询问是否有适合30岁年龄段使用的汽车相关产品或服务。
HJ20180908,健康养生,糖尿病人能吃吗?,1,该用户是在询问产品是否适合特定人群（糖尿病患者）食用，以评估自己或他人能否购买。
HJ20180908,健康养生,要削皮吗,1,该用户是在询问直播中展示的商品是否需要去皮处理才能食用或使用。
HJ20180908,健康养生,拍了!加急,0,该用户想表达的含义是：已经下单购买并要求尽快发货。
HJ20180908,健康养生,一单几斤,1,该用户是在询问商品的具体规格，想知道购买一单对应的产品重量是多少。
HJ20180908,健康养生,手抓饼有券没?,1,该用户是在询问手抓饼商品是否有优惠券可用。
HJ20180908,健康养生,鸡好吃吗,1,该用户想询问直播中售卖的鸡肉产品的口感和品质如何。
HJ20180908,健康养生,买俩单,0,该用户想表达的是：我打算下单购买两份这个商品。
HJ20180908,健康养生,咖啡红姐,1,"该用户可能在询问主播""红姐""关于咖啡产品的相关信息或购买优惠。"
HJ20180908,健康养生,糖高能吃吗?,1,该用户是在询问该食品是否适合糖尿病患者食用。
HJ20180908,健康养生,收到货要放几天吗,1,该用户可能是在询问商品收货后是否需要经过一段时间的存放或处理才能使用。
HJ20180908,健康养生,就是不甜的对吗?,1,该用户是在确认产品是否属于低糖或无糖类型，可能出于健康或口味偏好考虑。
HJ20180908,健康养生,不吃肥肉了吗姐,1,该用户是在询问主播展示的食品是否不含肥肉成分。
HJ20180908,健康养生,中果没有五斤只有3斤的,1,该用户想表达的含义是：询问商品规格是否有误，因为中果的实际重量与宣传不符。
HJ20180908,健康养生,你刚要说啥?说不开玩笑,0,该用户可能是因网络延迟或分心错过了主播的关键信息，急切想确认刚才被打断或没听清的内容是否重要。
HJ20180908,健康养生,红姐真的很好离婚了还带着前夫赚钱[赞],0,该用户是在称赞主播红姐人品好，即使离婚了依然大度地帮助前夫共同经营事业。
HJ20180908,健康养生,比之前贵了吗?,1,该用户可能在询问当前商品价格是否比以往售卖时有所上涨，以此判断是否值得购买。
HJ20180908,健康养生,好吃我收到货很好,0,该用户想表达的含义是：产品口感不错，自己收货后对品质很满意。
HJ20180908,健康养生,清香淡甜,1,该用户想表达的含义是：这款产品的味道是清淡中带点甜香。
HJ20180908,健康养生,特大果多大,1,该用户想询问直播中提到的“特大果”的具体尺寸或规格。
HJ20180908,健康养生,"不甜,买了你家的",0,该用户想表达的含义是：虽然产品味道不够甜，但还是决定下单购买。
HJ20180908,健康养生,你刚要说啥?说不开玩笑,0,该用户可能是对主播之前被打断的某句话感到好奇，希望对方继续说完之前未讲完的内容，并强调自己是认真询问而非开玩笑。
HJ20180908,健康养生,"第一次吃不怎么好吃,吃两天会爱上这个水果",0,该用户想表达的含义是：虽然初次尝试体验一般，但坚持食用后会逐渐喜欢上这款水果的风味。
HJ20180908,健康养生,"清凉,好吃",1,该用户想表达的含义是：这款产品口感清爽且味道不错，让人有购买欲望。
HJ20180908,健康养生,"但,青口是真的",0,该用户想表达的含义是：虽然对某些产品有疑虑，但青口贝的品质确实值得信赖。
HJ20180908,健康养生,这个好吃,1,该用户是在认可主播推荐的产品口感不错，暗示有购买意愿。
HJ20180908,健康养生,减肥的呢姐,0,该用户可能在询问主播推荐的减肥食品是否适合自己，或者质疑主播之前提到的减肥效果是否真实可信。
HJ20180908,健康养生,本来就不是高甜水果,0,该用户想表达的含义是：这种水果的甜度本来就偏低，并非宣传中的高甜品种。
HJ20180908,健康养生,"实体店比网上贵,好吃",1,该用户是在对比线上线下价格后，认可产品品质，暗示网购更划算。
HJ20180908,健康养生,好吃水分也多,1,该用户想表达的含义是：这款水果口感好且汁水充足。
HJ20180908,健康养生,人参果吃降血脂降血糖的,1,该用户可能是在询问或确认人参果是否具有降血脂和降血糖的功效，以此作为购买决策的参考依据。
HJ20180908,健康养生,还有这样人多,0,该用户可能是想询问当前直播间的观众人数是否较多，以此判断商品的热门程度或直播间的活跃氛围。
HJ20180908,健康养生,我家孩子爱吃,0,该用户想表达孩子对该产品有偏好，暗示自己可能会因为孩子的喜好而购买。
HJ20180908,健康养生,拍了尽快发货,0,该用户想表达的含义是：我已经下单购买了，希望商家能尽快安排发货。
HJ20180908,健康养生,明天能发货吗,0,该用户对产品产生了购买意向，希望确认物流时效以便尽快收到货品。
HJ20180908,健康养生,好吃吗,1,该用户是在询问产品的口味品质，以评估是否值得购买。
HJ20180908,健康养生,这个咖啡是299吗,1,该用户可能在确认商品价格是否与自己的预期或记忆中的价格一致，隐含对购买价格的关注和潜在的购买意向。
HJ20180908,健康养生,"好吃,越吃越爱吃",1,该用户想表达的含义是：这款产品口感很好，让人越品尝越喜欢。
HJ20180908,健康养生,太能吃了,0,该用户想表达的含义是：这款水果的口感让人越吃越上瘾，根本停不下来。
HJ20180908,健康养生,这果子是微甜的那种对吧,1,该用户是在确认这款水果的甜度是否符合自己偏好的清淡口味。
HJ20180908,健康养生,连箱子3斤吧,0,该用户是在询问或确认商品（可能是水果或带箱包装的食品）连同包装的总重量是否为3斤。
HJ20180908,健康养生,又下了三单5斤.一单根本不够吃,0,该用户想表达的含义是：这款产品非常美味，自己已经多次回购，因为需求量很大所以一次购买多份。
HJ20180908,健康养生,大概多少个,1,该用户可能是在询问商品的具体数量或规格，比如一箱或一份包含多少个水果。
HJ20180908,健康养生,减肥套餐红姐家减得很快,1,该用户想表达的含义是：红姐家的减肥套餐效果显著，让人瘦得很快。
HJ20180908,健康养生,红红还是厉害,0,该用户是在称赞主播“红红”的带货能力或产品推荐很出色。
HJ20180908,健康养生,改一下姐,1,该用户可能是想请求主播修改某个商品信息或调整购买选项。
HJ20180908,健康养生,改一下价格,1,该用户希望主播能调整商品售价以便下单。
HJ20180908,健康养生,快吃吧,0,该用户可能是在催促主播尽快上架或开售当前讨论的食品，表达出急切想购买的意愿。
HJ20180908,健康养生,"最后一波,现货活动",0,该用户可能在催促主播确认这是否是当前促销商品的最后抢购机会，并询问是否为现货立即发货。
HJ20180908,健康养生,大果好吃?还是中果好吃?,1,该用户想询问不同规格的水果在口感上的差异，以帮助自己做出购买决策。
HJ20180908,健康养生,好咧厉害,0,该用户可能是在称赞主播的推销能力或产品效果，表达对直播内容的认可和兴奋情绪。
HJ20180908,健康养生,让大头过来,0,该用户可能在催促主播让负责价格或优惠的工作人员（昵称“大头”）过来调整商品信息或提供更多福利。
HJ20180908,健康养生,"一单瘦了12斤,咖啡确实管用",0,该用户想表达的含义是：这款减肥咖啡效果显著，自己购买后成功减重了12斤。
HJ20180908,健康养生,咖啡为什么甜呢[哼],1,该用户可能是在质疑或调侃咖啡的口感与宣传效果不符，认为咖啡实际味道偏甜而非预期的提神或减肥效果。
HJ20180908,健康养生,减肥还是红姐家最有效,1,该用户是在认可主播推荐的减肥产品效果显著，暗示自己有意向购买或继续回购。
HJ20180908,健康养生,怎么喝,1,该用户可能是在询问产品的饮用方式或具体使用方法。
HJ20180908,健康养生,糖尿病人可以吗[赞],1,该用户是在询问该产品是否适合糖尿病患者食用，同时表达了对产品的兴趣和认可。
HJ20180908,健康养生,男的能吃吗,1,该用户是在询问该产品是否适合男性食用或使用。
HJ20180908,健康养生,货收到了咋喝,1,该用户想询问刚收到的产品具体的使用方法或饮用方式。
HJ20180908,健康养生,备孕经期三高都放心喝,0,该用户想表达这款产品适合备孕、经期和三高人群饮用，安全性有保障。
HJ20180908,健康养生,会不会把胃喝坏了,1,该用户可能是在担心直播中推荐的饮品对胃部健康是否有不良影响。
HJ20180908,健康养生,哺乳期能吃吗,1,该用户是在询问该产品是否适合哺乳期女性食用。
HJ20180908,健康养生,你戴的那个牌看着很厉害,0,该用户可能是对主播佩戴的某个品牌产品产生了兴趣，认为其效果或品质出众。
HJ20180908,健康养生,晚上吃饭前吃还是饭后吃,1,该用户可能在询问产品的食用时间，想知道是在晚餐前还是晚餐后服用效果更佳。
HJ20180908,健康养生,"最后一波补贴活动,拼手速",0,该用户是在提醒其他人抓紧时间参与即将结束的限时优惠活动。
HJ20180908,健康养生,一盒喝几天?,1,该用户想询问产品的使用周期，即一盒产品能够饮用多少天。
HJ20180908,健康养生,一天一袋吗,1,该用户是在询问产品的每日建议用量是否为一天一袋。
HJ20180908,健康养生,减肥套餐红姐家减得很快,1,该用户想表达的含义是：红姐家的减肥套餐效果显著，减重速度快。
HJ20180908,健康养生,咋喝收到货了,1,该用户想询问收到产品后的具体饮用方法。
HJ20180908,健康养生,晚上是饭前吃还是饭后吃,1,该用户是在询问产品的具体服用时间，希望了解最佳使用时段以获得理想效果。
HJ20180908,健康养生,这个女的是谁,0,该用户可能是对直播中出现的女性身份感到好奇，想确认她是否是产品推荐人或相关专业人士。
HJ20180908,健康养生,喝完不饿[龇牙],0,该用户想表达的含义是：这款产品饱腹感强，喝了之后不容易感到饥饿。
HJ20180908,健康养生,20天才能看到效果,0,该用户可能是在询问或质疑产品见效周期较长，担心等待时间过久影响使用体验。
HJ20180908,健康养生,用忌口不用,1,该用户想询问产品是否需要忌口或有无食用禁忌。
HJ20180908,健康养生,105斤,1,该用户想表达的含义是：询问自己105斤的体重是否适合使用这款减肥产品。
HJ20180908,健康养生,1.6120斤,1,该用户想表达的含义是：询问产品规格是否为1.6元每120克（或类似计量单位）。
HJ20180908,健康养生,120斤拍几单,1,该用户是在询问自己体重120斤的情况下应该购买多少份产品才合适。
HJ20180908,健康养生,真的用吗?[捂脸][捂脸],0,该用户可能是在质疑产品的实际效果，并带有调侃或怀疑的态度。
HJ20180908,健康养生,一单喝多少天?,1,该用户是在询问购买该产品后，每份能维持多少天的用量。
HJ20180908,健康养生,需要忌口吗,1,该用户是在询问产品使用时是否有饮食禁忌或注意事项。
HJ20180908,健康养生,喝酒能吃吗,1,该用户是在询问该产品是否适合在饮酒时食用或是否存在饮酒禁忌。
HJ20180908,健康养生,脂肪肝喝了能减肥吗,1,该用户是在询问该产品对脂肪肝患者是否具有辅助减肥的功效。
HJ20180908,健康养生,这女的是小二媳妇吗,0,该用户可能在好奇主播的身份背景，怀疑她与商家有私人关系（如亲属），以此质疑直播内容的客观性或可信度。
HJ20180908,健康养生,163/108就肚子大,1,该用户可能在表达自己的身材数据（身高163cm/体重108斤）并指出主要困扰是腹部肥胖，暗示对减肥产品的效果或适用性存在疑问或兴趣。
HJ20180908,健康养生,"167身高,140斤呢",1,该用户是在询问自己的身高体重情况适合购买哪种规格或数量的产品。
HJ20180908,健康养生,155/105斤,1,该用户是在询问自己的身高体重（155cm/105斤）适合购买哪种规格的减肥产品。
HJ20180908,健康养生,几天有效果,1,该用户是在询问产品使用后需要多少天才能显现出减肥效果。
HJ20180908,健康养生,170喝多少,1,该用户想询问的是“身高170cm的人需要服用多少剂量的产品才能见效”。
HJ20180908,健康养生,1米64138斤,1,该用户想表达的含义是：报出自己的身高体重数据，询问适合的购买数量或产品使用建议。
HJ20180908,健康养生,170斤几单,1,该用户想询问自己体重170斤的情况下应该购买多少份产品。
HJ20180908,健康养生,几天发货,0,该用户想询问商品下单后的预计发货时间。
HJ20180908,健康养生,晚上是睡前吃吗,1,该用户是在询问产品是否适合在晚上睡前服用。
HJ20180908,健康养生,正常吃饭么?,1,该用户是在询问产品使用期间是否需要调整日常饮食，尤其是能否保持正常饮食习惯。
HJ20180908,健康养生,"1米74,160斤",1,该用户想表达的含义是：报出自己的身高体重，询问适合购买的产品规格或用量。
HJ20180908,健康养生,158斤,1,该用户想表达的含义是：报出自己的体重以咨询适合的购买数量或产品使用建议。
HJ20180908,健康养生,想减10斤左右拍几单,1,该用户是在询问自己当前体重情况下需要购买多少产品才能达到减重10斤的效果。
HJ20180908,健康养生,啥时候发货呀,0,该用户是在询问产品的发货时效，以此评估下单后的收货时间是否满足自身需求。
HJ20180908,健康养生,慢点吃,0,该用户可能是在提醒主播或展示产品的模特放慢品尝或使用产品的速度，以便观众能更清楚地观察效果或细节。
HJ20180908,健康养生,"1-58高,124斤拍了一单",0,该用户是在询问自己的身高体重对应的产品用量，并已下单购买。
HJ20180908,健康养生,忌口吗?,1,该用户是在询问产品使用是否需要饮食禁忌。
HJ20180908,健康养生,140斤155身高需要几单,1,该用户想询问自己身高155厘米、体重140斤的情况下需要购买多少份产品才能达到预期效果。
HJ20180908,健康养生,"158,96斤,肉虚显胖有用吗",1,该用户是在询问自己身高158厘米、体重96斤但体型显胖的情况下，这款产品是否能有改善效果。
HJ20180908,健康养生,早上喝完多久再吃早餐啊,1,该用户是在询问产品（可能是代餐或减肥类商品）的使用方法，具体想了解服用后间隔多长时间才能吃早餐。
HJ20180908,健康养生,167140斤,1,该用户想表达的含义是：询问自己身高167厘米、体重140斤的情况下需要购买多少产品才能达到预期效果。
HJ20180908,健康养生,减肥套餐红姐家减得很快,1,该用户想表达的含义是：红姐家的减肥套餐效果显著，见效快。
HJ20180908,健康养生,170.125,1,该用户想表达的是自己的身高体重数据（身高170厘米，体重125斤），以此询问主播自己应该购买多少份产品才能达到预期效果。
HJ20180908,健康养生,158100斤,1,该用户想表达的含义是：我的身高是158厘米，体重100斤，想咨询适合的购买方案。
HJ20180908,健康养生,168/140,1,该用户想表达的含义是：我的身高是168厘米，体重140斤，请问需要购买多少产品才能达到效果？
HJ20180908,健康养生,190斤,1,该用户是在询问自己体重190斤的情况下需要购买多少产品才能达到减肥效果。
HJ20180908,健康养生,160138斤,1,该用户想表达的含义是：身高160厘米，体重138斤，询问需要购买多少产品才能达到减肥效果。
HJ20180908,健康养生,173@125,1,该用户是在询问自己的身高体重（173厘米/125斤）对应的产品使用建议或购买数量。
HJ20180908,健康养生,"1米64,138斤",1,该用户是在询问自己的身高体重对应需要购买多少份减肥产品。
HJ20180908,健康养生,一米五八145斤,1,该用户是在询问自己的身高体重对应的减肥产品适用情况或推荐购买数量。
HJ20180908,健康养生,怎么吃法?,1,该用户是在询问该减肥产品的具体食用方法和使用步骤。
HJ20180908,健康养生,肚子那是咋了,0,该用户可能是在询问产品对腹部减脂的效果或适用情况。
HJ20180908,健康养生,怎么吃,1,该用户想询问产品的具体食用方法或服用方式。
HJ20180908,健康养生,什么口味是不是特别苦,1,该用户是在询问产品的口味是否偏苦，可能出于对口感或接受度的顾虑而希望提前了解。
HJ20180908,健康养生,肚子真吓人李这样还穿短身的,0,该用户可能是在吐槽主播的身材或穿搭，认为主播腹部赘肉明显却还穿着短款上衣不太合适。
HJ20180908,健康养生,哺乳期可以吗,1,该用户是在询问产品是否适合哺乳期女性使用。
HJ20180908,健康养生,一单能吃多长时间,1,该用户想询问购买的产品（可能是减肥或代餐类）的单次购买量能够满足多长时间的食用需求。
HJ20180908,健康养生,我1米6的个子.我145斤拍几单,1,该用户是在询问自己的身高体重适合购买多少份减肥产品。
HJ20180908,健康养生,150斤买多少,1,该用户想询问自己体重150斤的情况下应该购买多少量的产品。
HJ20180908,健康养生,你那肚子真恶心,0,该用户是在对主播的身材或展示的减肥效果表示不满或反感，认为其腹部状态令人不适。
HJ20180908,健康养生,135斤,1,该用户是在报自己的体重，可能是想询问适合自己体重的产品使用量或效果。
HJ20180908,健康养生,这肚子太丑了,0,该用户是在吐槽直播中展示的减肥产品或模特效果不佳，认为腹部状态令人难以接受。
HJ20180908,健康养生,160一百斤,1,该用户想表达的含义是：我的身高是160厘米，体重是100斤，请问应该购买多少产品。
HJ20180908,健康养生,有副作用吗,1,该用户是在询问产品的安全性或潜在不良反应，可能是对产品效果感兴趣但担心健康风险。
HJ20180908,健康养生,肚子没有恢复好吗,0,该用户可能是在询问主播展示的产品是否适合产后腹部恢复不佳的人群使用。
HJ20180908,健康养生,"女人生完孩子都有妊娠纹,都有那样的肚子,女人何苦为难女人呢?",0,该用户是在呼吁对产后身材变化给予更多理解和包容，反对对女性身体的苛刻评判。
HJ20180908,健康养生,伟大的妈妈[玫瑰][玫瑰],0,该用户可能是在表达对母亲身份的敬意和赞美，试图缓和之前弹幕中对产后身材的负面评论，倡导包容和理解。
HJ20180908,健康养生,135斤要拍几单,1,该用户是在询问自己的体重（135斤）需要购买多少份产品才能达到预期效果。
HJ20180908,健康养生,生了孩子都这样,0,该用户想表达的含义是：女性产后身材变化是正常现象，大家不必对此过分苛责或嘲讽。
HJ20180908,健康养生,不生气[爱心],0,该用户想表达的含义是：对主播展现的产后身材表示理解与支持，用善意化解此前弹幕中对身材的恶意评价。
HJ20180908,健康养生,哺乳期可以吗,1,该用户是在询问产品是否适合哺乳期女性使用。
HJ20180908,健康养生,怎么吃啊,1,该用户可能是在询问产品的食用方法或具体使用方式。
HJ20180908,健康养生,太难看了,0,该用户可能是在批评主播展示的某件商品的外观设计或效果不佳。
HJ20180908,健康养生,骂得好,0,该用户是在支持主播反击此前针对身材的恶意评论，表达对主播维护自身立场的赞同。
HJ20180908,健康养生,红姐不要理那些黑粉,0,该用户是在维护主播红姐，劝她忽略恶意评论并保持好心情。
HJ20180908,健康养生,一盒能喝多久,1,该用户想询问产品的使用时长以评估购买后的实际需求。
HJ20180908,健康养生,是呢生孩子都这样,0,该用户想表达的含义是：女性产后身体变化是正常现象，大家应该理解而非嘲讽。
HJ20180908,健康养生,妈妈肚子都这样,0,该用户想表达的含义是：生育后的女性腹部状态是正常的生理现象，不必因此感到羞耻或受到指责。
HJ20180908,健康养生,这是伟大,0,该用户想表达的含义是：对母亲因生育而产生的身体变化表示敬意和赞美。
HJ20180908,健康养生,这样的肚子最美,0,该用户想表达的是对母亲因生育留下的身体痕迹的赞美和尊重，认为这是女性独特的美与伟大的象征。
HJ20180908,健康养生,怎么样吃,1,该用户想询问产品的具体食用方法或服用方式。
HJ20180908,健康养生,女人不容易,0,该用户想表达的含义是：女性在生育过程中承受了诸多不易，应当给予理解与尊重。
HJ20180908,健康养生,生完孩子都这样?,0,该用户可能是在询问或确认产后身体变化是否普遍现象，以此表达对主播展示的产后状态的共鸣或寻求认同。
HJ20180908,健康养生,可以喝酒吗,1,该用户可能在询问直播中推荐的产品是否适合在饮酒时使用或饮用。
HJ20180908,健康养生,有妊辰纹瘦了后都这样,0,该用户想表达的含义是：产后身材变化是正常现象，瘦身后妊娠纹和松弛的腹部是常见的身体特征。
HJ20180908,健康养生,吃这个不用运动不用节食吗,1,该用户是在询问该产品是否真的无需配合运动和节食就能达到减肥或瘦身效果。
HJ20180908,健康养生,生完孩子都这样,0,该用户想表达的含义是：产后身材变化是普遍现象，不必过于在意或苛责。
HJ20180908,健康养生,专门减肚子的吗,1,该用户是在询问产品是否针对腹部减脂有特定效果。
HJ20180908,健康养生,"165,140",1,该用户可能在询问产品的适用身高和体重范围，例如“这个产品适合身高165厘米、体重140斤的人使用吗？”
HJ20180908,健康养生,节食吗,1,该用户是在询问产品是否需要在饮食上进行严格控制才能达到效果。
HJ20180908,健康养生,减肥套餐红姐家减得很快,1,该用户想表达的含义是：红姐家的减肥套餐效果显著，能让人快速瘦下来。
HJ20180908,健康养生,"这些人嘴怎么这么欠儿呢,嘴损",0,该用户是在指责直播间里某些人对主播或他人外貌（尤其是产后身材）的恶意评论，认为那些言辞刻薄且缺乏尊重。
HJ20180908,健康养生,为你点赞,0,该用户想表达的含义是：对主播展现的积极态度或正能量内容表示支持和认同。
HJ20180908,健康养生,"最为女人生孩子肚子都有这种,人家瘦怎么了",0,该用户想表达的含义是：女性生育后腹部变化是普遍现象，不应因身材差异而对他人评头论足。
HJ20180908,健康养生,女人何苦为难女人,0,该用户可能是在呼吁直播间观众停止对主播身材的负面评价，表达对女性群体间互相苛责的不满。
HJ20180908,健康养生,换包装了吗,1,该用户可能是在询问产品的外包装是否有更新或变化，想确认当前展示的商品与之前了解的是否一致。
HJ20180908,健康养生,肚皮太难看了,0,该用户可能是在感叹产后身材恢复的不易，表达对妈妈们身体变化的共情或自我调侃。
HJ20180908,健康养生,喝酒可以吗吃吗,1,该用户可能在询问直播中推荐的产品是否适合在饮酒或进食时使用。
HJ20180908,健康养生,"在瘦,不好看",0,该用户可能是在反驳他人对身材的负面评价，表达“瘦下来后皮肤松弛是正常现象，不应以貌取人”的观点。
HJ20180908,健康养生,是呢嘴太坏,0,该用户是在反驳直播间里对女性身材的恶意评论，认为那些贬低产后身材的言论太过刻薄无礼。
HJ20180908,健康养生,红姐好看,0,该用户可能是在表达对主播外貌或状态的赞赏，暗示对直播内容或产品的积极态度。
HJ20180908,健康养生,怎么吃拍了,1,该用户想询问产品的食用方法和是否需要拍照记录使用过程。
HJ20180908,健康养生,喝酒可以喝吗,1,该用户想询问直播中推荐的产品是否适合在饮酒时使用或食用。
HJ20180908,健康养生,没毛病,0,该用户想表达的含义是：认同主播的观点或产品效果，觉得确实没问题。
HJ20180908,健康养生,生完宝宝肚子就是这样的.不是正常吗,0,该用户想表达的是：产后腹部松弛是正常现象，不必对此过分苛责或嘲讽。
HJ20180908,健康养生,我120斤得拍几单,1,该用户是在询问自己的体重（120斤）需要购买多少份产品才能达到预期效果。
HJ20180908,健康养生,"99拍的是多少,都有什么",1,该用户想询问99元套餐的具体商品内容和数量，表达了对该价格档位产品的购买意向和细节需求。
HJ20180908,健康养生,150斤要喝几单,1,该用户是在询问自己体重150斤需要购买多少份产品才能达到预期效果。
HJ20180908,健康养生,吃这个要运动要节食吗?,1,该用户是在询问食用该产品是否需要配合运动和饮食控制来达到预期效果。
HJ20180908,健康养生,备孕经期三高都放心喝,0,该用户想表达的含义是：这款产品适合备孕、经期和三高人群安全饮用。
HJ20180908,健康养生,确实不应该,0,"该用户可能是在认同之前某条弹幕对主播身材负面评价的不恰当性，委婉表达""这种批评确实不合适""的态度。"
HJ20180908,健康养生,牛逼克拉屎,0,该用户想表达的含义是：对主播或产品效果表示强烈的赞叹和认可。
HJ20180908,健康养生,160斤拍几盒,1,该用户想表达的含义是：询问自己160斤的体重需要购买多少盒产品才合适。
HJ20180908,健康养生,"嘴损的人,理她们干啥",0,该用户是在反驳那些对主播或产品进行恶意批评的言论，认为没必要理会那些说话刻薄的人。
HJ20180908,健康养生,减肥三餐正常吃不加餐,0,该用户可能在询问这款减肥产品是否需要改变日常饮食习惯，比如是否需要减少正餐或额外加餐，以确认产品的使用方式是否适合自己的生活规律。
HJ20180908,健康养生,"货收到了老乡,怎么使用",1,该用户想表达的含义是：已经收到购买的产品，但不太清楚具体的使用方法，希望得到指导。
HJ20180908,健康养生,母乳期什么时间阶段可以喝,1,该用户想询问哺乳期间适合饮用该产品的具体时间段。
HJ20180908,健康养生,怎么一次和一次卖的不一样了,0,该用户可能在质疑直播间的产品规格或销售方式存在前后不一致的情况，表达了对商品稳定性的困惑和不满。
HJ20180908,健康养生,红姐带的啥脖子上那个,0,该用户是在询问主播脖子上佩戴的饰品或产品的具体信息，可能是出于对商品的兴趣或好奇想要了解详情。
HJ20180908,健康养生,我吃了四天了,0,该用户想表达的含义是：我已经连续服用这款产品四天了（暗示想咨询效果或是否需要继续购买）。
HJ20180908,健康养生,真尼玛较真,0,该用户可能在吐槽直播间里有人过于较真或钻牛角尖，觉得对方没必要这么认真计较。
HJ20180908,健康养生,太难看了,0,该用户可能是在吐槽直播中展示的商品款式或效果不符合自己的审美。
HJ20180908,健康养生,喝酒吃影响效果吗,1,该用户是在询问饮酒是否会影响产品的使用效果。
HJ20180908,健康养生,"我家还真又没有胖子,我178,70公斤最胖,我不排斥你",0,该用户想表达的含义是：虽然我的体型不算胖，但我对这个产品并不反感，愿意尝试。
HJ20180908,健康养生,"红姐,别管她,你已经够成功了[赞]",0,该用户是在鼓励主播红姐不要理会他人的负面评价，肯定她目前的成就和表现。
HJ20180908,健康养生,减肥套餐红姐家减得很快,0,该用户想表达的含义是：红姐推荐的减肥套餐效果显著，让人瘦得很快。
HJ20180908,健康养生,"160斤喝几盒,节食吗",1,该用户是在询问自己体重160斤需要购买多少盒产品才能见效，并咨询使用期间是否需要配合节食。
HJ20180908,健康养生,管用不,1,该用户是在询问产品是否真的有效果。
HJ20180908,健康养生,身上的衣服有吗,0,该用户是在询问主播身上穿的同款衣服是否在售。
HJ20180908,健康养生,一单瘦多少,1,该用户想询问购买一单产品能带来多少减肥效果。
HJ20180908,健康养生,我也想瘦瘦瘦,0,该用户表达的是对直播中减肥产品的购买意向，希望像其他消费者一样通过使用该产品达到瘦身效果。
HJ20180908,健康养生,可以喝酒吗,1,该用户可能是在询问产品使用期间是否允许饮酒，担心酒精会影响产品效果或安全性。
HJ20180908,健康养生,早上喝喝多少水,1,该用户想询问早晨需要饮用多少量的该产品才能达到预期效果。
HJ20180908,健康养生,喝酒管用吗,1,该用户是在询问直播中推销的产品是否在饮酒后使用会影响效果或产生不良反应。
HJ20180908,健康养生,怎么用,1,该用户想询问产品的具体使用方法或操作步骤。
HJ20180908,健康养生,红姐真实,0,该用户想表达的含义是：红姐的直播风格真诚自然，让人感到信任和亲近。
HJ20180908,健康养生,那些反馈的怎么没有了[捂脸],0,该用户可能在疑惑之前直播间里关于产品使用效果的反馈讨论为什么突然消失了，并对此表示无奈或调侃。
HJ20180908,健康养生,怎么喝,1,该用户是在询问产品的具体饮用方法或使用方式。
HJ20180908,健康养生,说说怎么用,1,该用户想询问产品的具体使用方法或操作步骤。
HJ20180908,健康养生,心慌吗,1,该用户可能在调侃主播或产品效果，暗示“看到这么多质疑和问题，你（主播）会不会感到紧张或心虚”。
HJ20180908,健康养生,节食吗,1,该用户是在询问使用减肥产品期间是否需要配合节食来控制体重。
HJ20180908,健康养生,男生能喝吗?,1,该用户是在询问该产品是否适合男性消费者饮用。
HJ20180908,健康养生,怎么喝呀,1,该用户想询问产品的具体饮用方法和使用说明。
HJ20180908,健康养生,喝水么,1,该用户是在询问减肥产品的具体饮用方式，关注点在于产品使用时的饮水量或饮水时间安排。
HJ20180908,健康养生,能不能喝两条咖啡,1,该用户是在询问咖啡产品的具体饮用建议，想知道是否可以一次性饮用两包以达到更好的效果。
HJ20180908,健康养生,吊坠是黄金吗,0,该用户可能是在确认商品材质，想了解吊坠是否为真金制品以评估其价值和购买意向。
HJ20180908,健康养生,减肥套餐红姐家减得很快,0,该用户想表达的含义是：红姐家的减肥套餐效果显著，让人瘦得很快。
HJ20180908,健康养生,吃什么都可以吗,1,该用户可能在询问直播推荐的减肥产品或饮食方案是否有严格的忌口限制。
HJ20180908,健康养生,喝咖啡勾兑多少水喝,1,该用户想询问咖啡产品的具体冲泡比例或饮用方法。
HJ20180908,健康养生,怎么样吃,1,该用户想询问产品的具体食用方法或服用方式。
HJ20180908,健康养生,可以喝2袋吗,1,该用户可能是在询问产品（疑似减肥或保健类饮品）的服用剂量，想知道是否可以一次饮用两袋以达到更好的效果。
HJ20180908,健康养生,真的能减肥吗?,1,该用户是在质疑产品减肥效果的真实性，想确认广告宣传是否可信。
HJ20180908,健康养生,你带的是啥?,0,该用户是在询问主播当前展示或提到的产品具体是什么。
HJ20180908,健康养生,哺乳期能吃吗,1,该用户想询问该产品是否适合哺乳期女性使用。
HJ20180908,健康养生,我对象二百多斤,0,该用户可能是在询问产品是否适合体重较大的使用者。
HJ20180908,健康养生,一个几条呀,1,该用户想询问产品包装内包含的具体数量（如每盒有几条/袋）。
HJ20180908,健康养生,月经期可以喝吗,1,该用户是在询问产品是否适合在生理期间饮用。
HJ20180908,健康养生,一次一袋吗,1,该用户是在询问产品的单次使用剂量是否为一袋。
HJ20180908,健康养生,拍了拍了加急发货,0,该用户表示已经下单购买并希望尽快收到货品。
HJ20180908,健康养生,怎么吃,1,该用户想询问产品的具体食用方法或使用方式。
HJ20180908,健康养生,喝酒可以喝吗,1,该用户可能在询问该产品是否适合在饮酒时饮用或是否有相关禁忌。
HJ20180908,健康养生,怎么样吃怎么样吃,1,该用户想询问产品的具体食用方法或注意事项。
HJ20180908,健康养生,拍了说说怎么用,1,该用户想表达的含义是：已经下单购买，想了解产品的具体使用方法。
HJ20180908,健康养生,备孕经期三高都放心喝,0,该用户想表达的含义是：这款产品适合备孕、经期和三高人群饮用，可以放心购买。
HJ20180908,健康养生,一单能喝几天?,1,该用户是在询问购买一份产品能够满足多少天的饮用需求。
HJ20180908,健康养生,买了两单红姐从哪里发货,0,该用户想确认购买的两单商品将从哪个地点发货。
HJ20180908,健康养生,需要忌嘴吗,1,该用户想询问该产品是否有饮食禁忌或需要注意的食用限制。
HJ20180908,健康养生,减肥套餐红姐家减得很快,0,该用户想表达的含义是：红姐家的减肥套餐效果显著，减重速度很快。
HJ20180908,健康养生,你那个肚子可以推精油,0,该用户可能是在询问主播推荐的瘦身精油产品是否适合用于腹部按摩以达到减肥效果。
HJ20180908,健康养生,忌口吗,1,该用户是在询问产品使用时是否有饮食上的禁忌或限制。
HJ20180908,健康养生,喝酒可以吃吗,1,该用户是在询问该产品是否适合在饮酒时食用。
HJ20180908,健康养生,"刚刚吃了那么多,肚子怎么看不出来,我感觉我吃饱就特别显肚子",0,该用户可能在委婉表达对产品效果的疑虑，暗示自己易显胖的体质需要更显著的瘦身效果。
HJ20180908,健康养生,一单瘦多少斤,1,该用户想询问购买该减肥产品后，使用一个订单的量能减掉多少体重。
HJ20180908,健康养生,咖啡可以喝2袋吗,1,该用户可能是在询问咖啡的食用量是否可以调整为一次饮用两袋。
HJ20180908,健康养生,"米线,麻辣烫都能吃吗,吃什么都可以吗?",1,该用户是在询问产品使用期间是否需要忌口，特别是能否食用米线和麻辣烫这类食物。
HJ20180908,健康养生,可以喝酒喝嘛,1,该用户想询问这款产品是否可以在饮酒时同时饮用。
HJ20180908,健康养生,拉肚子吗,1,该用户是在询问该产品是否会导致腹泻等肠胃不适的副作用。
HJ20180908,健康养生,"最后一波活动,现货不多",0,该用户是在提醒其他观众抓紧时间参与限时促销，暗示商品即将售罄。
HJ20180908,健康养生,怎么喝,1,该用户想询问该产品的饮用方式或注意事项。
HJ20180908,健康养生,哺乳期可以喝吗,1,该用户是在询问产品是否适合哺乳期女性饮用，以确认安全性是否符合自身需求。
HJ20180908,健康养生,生理期可以喝么,1,该用户是在询问该产品是否适合生理期期间饮用。
HJ20180908,健康养生,咋喝了,1,该用户想询问产品的具体饮用方法或注意事项。
HJ20180908,健康养生,一元喝几次,1,该用户想询问这款产品的单价可以享用的次数或使用时长。
HJ20180908,健康养生,客服怎么不回复?,1,该用户因对产品使用或购买流程存在疑问，急需客服解答但未得到及时响应而感到焦急。
HJ20180908,健康养生,月经期间可以喝吗,1,该用户是在询问产品是否适合在生理期饮用。
HJ20180908,健康养生,喝了没感觉,1,该用户想表达的含义是：产品使用后没有达到预期的效果或体验。
HJ20180908,健康养生,哺乳期,1,该用户想询问该产品是否适合哺乳期女性使用。
HJ20180908,健康养生,一天喝几次,1,该用户想询问产品的每日建议饮用频率。
HJ20180908,健康养生,喝多少水一天,1,该用户想询问产品每日的建议饮用量或使用频率。
HJ20180908,健康养生,晚上是饭前还是饭后,1,该用户是在询问产品的服用时间，具体是想了解应该在晚餐前还是晚餐后使用该产品。
HJ20180908,健康养生,"看了红姐看望粉丝孩子的视频,很感动,给红姐点赞,相信红姐带的品,果断下",0,该用户因被主播的善举感动而产生信任，决定支持并购买其推荐的产品。
HJ20180908,健康养生,减肥套餐红姐家减得很快,1,该用户想表达的含义是：红姐推荐的减肥套餐效果显著，让人产生购买兴趣。
HJ20180908,健康养生,到货了,0,该用户想表达的含义是：自己之前下单购买的商品已经收到了。
HJ20180908,健康养生,温水冲服是不,1,该用户想询问该产品是否需要用温水冲泡服用。
HJ20180908,健康养生,早饭不吃直接喝咖啡就行吗,1,该用户可能在询问空腹饮用咖啡是否会影响健康或产品效果。
HJ20180908,健康养生,牛奶配咖啡行吗,1,该用户可能是在询问牛奶与咖啡搭配饮用的可行性和效果，隐含对产品使用方式的兴趣。
HJ20180908,健康养生,怎么吃,1,该用户是想询问该产品的具体食用方法或服用方式。
HJ20180908,健康养生,要忌口嘛,1,该用户可能在询问产品使用时是否需要避免某些特定的饮食或生活习惯。
HJ20180908,健康养生,一单能瘦多少,1,该用户是在询问购买该减肥产品后，每份使用量能达到的预期瘦身效果。
HJ20180908,健康养生,有效果的话都没有胖子了[捂脸],0,该用户是在质疑产品的减肥效果，以调侃语气暗示如果产品真的有效就不会有胖子存在了。
HJ20180908,健康养生,有什么是不能吃嘛,1,该用户是在询问产品食用时是否存在禁忌或注意事项。
HJ20180908,健康养生,黑白颠倒可以下午起床喝嘛,1,该用户是在询问该产品是否适合在作息不规律（比如熬夜后下午起床）的情况下饮用。
HJ20180908,健康养生,需要多喝水吗?,1,该用户可能在询问产品使用期间是否需要增加日常饮水量。
HJ20180908,健康养生,我前几天买的还没喝完咋又买这种的呢,0,该用户想表达的含义是：虽然对产品有兴趣，但手头还有存货暂时不需要复购。
HJ20180908,健康养生,可以试喝吧,1,该用户是在询问产品是否支持先体验后购买的服务。
HJ20180908,健康养生,夜场上班需要喝酒胶囊怎么吃,1,该用户可能是在询问夜间工作时如何正确服用醒酒或护肝类保健品的使用方法。
HJ20180908,健康养生,"吃了老放臭屁,怎么办",1,该用户可能是在询问产品使用后出现肠胃不适的副作用该如何缓解。
HJ20180908,健康养生,不吃晚饭也要吃芦荟吗,1,该用户想表达的含义是：即使牺牲晚饭也要尝试这款芦荟产品，显示出强烈的购买意愿和对产品的兴趣。
HJ20180908,健康养生,135斤要拍几单,1,该用户是在询问自己的体重（135斤）需要购买多少份产品才能达到预期效果。
HJ20180908,健康养生,晚上不喝呗,1,该用户可能在询问产品是否需要避免在晚间服用，或是质疑晚上不服用是否会影响效果。
HJ20180908,健康养生,减肥套餐红姐家减得很快,1,该用户想表达的含义是：红姐推荐的减肥套餐效果显著，见效快。
HJ20180908,健康养生,不用记嘴吗,1,该用户是在询问使用该减肥产品时是否需要忌口或注意饮食禁忌。
HJ20180908,健康养生,说话听起来很费劲[捂脸],0,该用户想表达的含义是：主播讲解产品时的表达方式让人听着吃力，感到无奈。
HJ20180908,健康养生,"哎呀妈呀,怎么什么人都有啊,我也喝过也没有那么多费话啊[捂脸]",0,该用户想表达的含义是：对直播间里其他观众提出的琐碎问题和质疑感到不耐烦，认为产品本身很简单无需过多讨论。
HJ20180908,健康养生,"上夜班,白天睡觉,也早上喝吗",1,该用户是在询问自己因夜班作息特殊，是否可以将产品的饮用时间调整到早上而非白天。
HJ20180908,健康养生,冲水喝就行了吗,1,该用户是在询问产品的食用方法是否只需简单冲泡即可饮用。
HJ20180908,健康养生,1.56米110斤拍几单,1,该用户是在询问自己的身高体重对应的产品购买数量建议，隐含对产品效果的关注和潜在的购买意向。
HJ20180908,健康养生,喝完多久再吃早饭啊,1,该用户是在询问产品使用与早餐时间间隔的具体注意事项。
HJ20180908,健康养生,还有胶囊有个胶闻,0,该用户可能是想问胶囊产品是否有明显的胶味或异味，表达了对产品口感的疑虑。
HJ20180908,健康养生,我晚上生活作息怎么吃,1,该用户可能在询问夜间作息不规律时该如何服用产品以达到理想效果。
HJ20180908,健康养生,喝完多久吃早餐,1,该用户想询问产品服用后需要间隔多长时间才能进食早餐。
HJ20180908,健康养生,135斤要拍几单,1,该用户是在询问自己的体重（135斤）需要购买多少份产品才能达到预期效果。
HJ20180908,健康养生,有乙肝病可以喝吗?,1,该用户是在询问产品是否适合乙肝患者饮用，隐含对自身健康状况与产品适用性的关切。
HJ20180908,健康养生,屁用没有,0,该用户是在抱怨产品效果不佳，认为宣传的功效没有实际作用。
HJ20180908,健康养生,一天就一代呗,1,该用户可能在质疑产品更新换代过快，暗示商家频繁推出新版本有过度营销之嫌。
HJ20180908,健康养生,温水还是开水,1,该用户可能在询问产品使用时应该用温水还是开水冲服，表现出对产品具体使用方法的关注和潜在购买意向。
HJ20180908,健康养生,热水吗,1,该用户是在询问产品是否需要使用热水冲泡或服用。
HJ20180908,健康养生,能喝酒吗,1,该用户可能是在询问直播中推销的产品是否适合饮酒者食用或与酒精同时服用。
HJ20180908,健康养生,一天需要喝多少水,1,该用户可能在询问产品的每日建议饮用量，以评估是否适合自身需求或使用频率。
HJ20180908,健康养生,晚上不吃饭还吃芦荟吗,1,该用户可能在询问芦荟产品是否适合作为晚餐替代品来辅助减肥。
HJ20180908,健康养生,减肥套餐红姐家减得很快,1,该用户想表达的含义是：红姐家的减肥套餐效果显著，见效速度快。
HJ20180908,健康养生,吃饭需要注意什么吗,1,该用户可能在询问产品使用时的饮食禁忌或注意事项，想了解食用该产品前后对进餐是否有特殊要求。
HJ20180908,健康养生,几盒咖啡,1,该用户想询问购买咖啡的具体数量（几盒）以适应当前的饮用需求或促销活动。
HJ20180908,健康养生,一天一伐呗,1,该用户想表达的含义是：询问产品每天的推荐服用量是多少。
HJ20180908,健康养生,拍一单试试,0,该用户想表达的是对产品效果不确定但愿意尝试购买的心理。
HJ20180908,健康养生,怎么换了药了就第二个,0,该用户可能在询问产品更换包装或配方后为何被列为第二个推荐选项。
HJ20180908,健康养生,99喝多久,1,该用户是在询问产品（可能是饮品或保健品）的价格为99元时，对应的使用量能维持多长时间。
HJ20180908,健康养生,哺乳期能喝吗,1,该用户是在询问产品是否适合哺乳期女性使用，可能出于对自身或他人健康安全的考虑而寻求确认。
HJ20180908,健康养生,红姐自己亲自评测过吗,1,该用户是在询问主播是否亲自试用过产品并验证其效果。
HJ20180908,健康养生,能喝酒吗,1,该用户可能在询问该产品是否适合与酒精饮品同时饮用或对饮酒人群是否有禁忌。
HJ20180908,健康养生,吃饭需要注意什么,1,该用户是在询问该直播产品（可能是饮品或保健品）在用餐时的使用注意事项或禁忌。
HJ20180908,健康养生,有没有说明书,1,该用户可能是在询问产品是否附带使用说明或详细的操作指南，以确认购买后能否正确使用。
HJ20180908,健康养生,20天能瘦多少,1,该用户是在询问使用该减肥产品后20天内的预期减重效果，表现出对产品功效的具体关注和潜在购买意向。
HJ20180908,健康养生,喝完立马能吃饭吗,1,该用户可能在询问该产品使用后是否可以立即进食，担心饮用后对用餐时间或饮食安排有影响。
HJ20180908,健康养生,主播好进来看看,0,该用户可能是被直播内容吸引后进入直播间，出于礼貌或好奇向主播打招呼并表达初步关注。
HJ20180908,健康养生,喝完咖啡就马上可以吃早餐是不,1,该用户想询问咖啡产品是否会影响正常进餐时间，担心饮用后需要等待才能吃早餐。
HJ20180908,健康养生,一单可以减几斤啊,1,该用户是在询问购买一单产品能带来多少减肥效果。
HJ20180908,健康养生,我想减十斤拍了一单,0,该用户希望通过购买直播间的减肥产品来实现减重十斤的目标。
HJ20180908,健康养生,喝完多久吃早餐,1,该用户想询问产品使用后需要间隔多长时间才能进食早餐。
HJ20180908,健康养生,备孕能喝吗,1,该用户是在询问该产品是否适合备孕期间的人群饮用。
HJ20180908,健康养生,真的可以减肥吗,1,该用户是在质疑直播中推销的减肥产品是否真的有效。
HJ20180908,健康养生,"收到带喝法,现货有限",0,该用户想表达的含义是：确认购买后是否能收到附带饮用说明的商品，并担心库存不足想尽快下单。
HJ20180908,健康养生,咖啡就跟速溶咖啡一样冲法么,1,该用户是在询问该款咖啡的冲泡方法是否与普通速溶咖啡相同，可能出于对产品使用便捷性和操作习惯的考虑。
HJ20180908,健康养生,一单减多少,1,该用户想询问购买一单产品能享受多少金额的优惠折扣。
HJ20180908,健康养生,哺乳期能喝吗?,1,该用户是在询问该产品是否适合哺乳期女性使用，关注的是产品安全性和适用人群。
HJ20180908,健康养生,一单能瘦多少,1,该用户是在询问购买该产品后预计能达到的减肥效果。
HJ20180908,健康养生,拍了发货吧走了,0,该用户已经下单并催促尽快发货，随后准备离开直播间。
HJ20180908,健康养生,三高可以喝吗,1,该用户是在询问产品是否适合高血压、高血脂、高血糖人群饮用。
HJ20180908,健康养生,喝完瘦了12斤,0,该用户想表达的含义是：自己使用该产品后实际瘦了12斤，以此佐证产品的减肥效果。
HJ20180908,健康养生,167148斤拍几单,1,该用户想表达的含义是：体重167斤想减到148斤需要购买多少份产品。
HJ20180908,健康养生,一单能瘦多少斤,1,该用户是在询问购买该减肥产品后预计能达到的减重效果。
HJ20180908,健康养生,"就是早上起来空腹喝一条,中午吃饭不喝吗?",1,该用户是在询问产品（可能是减肥咖啡）的具体饮用方法，关心是否需要空腹饮用以及中午是否需要重复饮用。
HJ20180908,健康养生,备孕能喝吗,1,该用户是在询问该产品是否适合备孕期间的人群饮用。
HJ20180908,健康养生,喝酒也没事吗,1,该用户是在询问产品是否适合在饮酒后使用，可能担心酒精与产品的相互作用或安全性问题。
HJ20180908,健康养生,我吃了两单瘦了5斤,0,该用户想表达的含义是：这款产品确实有效，我购买并使用后成功减重了5斤。
HJ20180908,健康养生,备孕经期三高都放心喝,0,该用户想表达的含义是：询问这款产品是否适合备孕、经期和三高人群饮用。
HJ20180908,健康养生,140斤买多少单适合,1,该用户是在询问自己体重140斤的情况下需要购买多少份产品才能达到理想的减肥效果。
HJ20180908,健康养生,男的可以喝吗,1,该用户是在询问这款产品是否适合男性饮用。
HJ20180908,健康养生,经期可以吗,1,该用户是在询问该产品是否适合月经期间饮用。
HJ20180908,健康养生,芦荟胶囊只要晚饭后什么时候吃都可以吗???,1,该用户是在询问芦荟胶囊的具体服用时间是否有严格限制，想确认晚饭后任意时段服用是否都有效。
HJ20180908,健康养生,喝了几盒感觉没有,0,该用户想表达的含义是：尝试饮用了几盒产品后感觉没有明显的效果。
HJ20180908,健康养生,一盒喝几天,1,该用户是在询问产品的使用周期，即一盒产品可以维持多少天的用量。
HJ20180908,健康养生,一天一袋呗,0,该用户想表达的含义是：询问每天服用一袋是否合适。
HJ20180908,健康养生,@美好未来11977对的,0,该用户是在赞同或确认之前某位观众（美好未来11977）提出的关于产品使用或效果的观点。
HJ20180908,健康养生,"拍了,红姐头发什么颜色",0,该用户已经下单购买产品，同时询问主播的发色以确认其身份或表达对主播的关注。
HJ20180908,健康养生,甲减的甲状腺结节的能喝吗,1,该用户是在询问患有甲状腺功能减退和甲状腺结节的人是否可以饮用直播中推销的产品。
HJ20180908,健康养生,一单二十斤,0,该用户想询问购买一份产品的重量是否为二十斤。
HJ20180908,健康养生,下单了说下喝法,0,该用户想确认购买后产品的具体饮用方式以获得最佳效果。
HJ20180908,健康养生,经期可以不可以喝,1,该用户是在询问该产品是否适合在月经期间饮用。
HJ20180908,健康养生,喝了是不是不让吃,1,该用户是在询问该产品饮用后是否有饮食禁忌。
HJ20180908,健康养生,需要多喝水吗,1,该用户想表达的含义是：询问这款产品是否需要大量饮水才能达到预期效果。
HJ20180908,健康养生,中午不喝吗,1,该用户是在询问产品是否适合在中午时段饮用，以确认使用方式是否符合自己的需求。
HJ20180908,健康养生,红姐染发素上车,0,该用户想表达的含义是：询问主播红姐染发素的产品链接是否已上架可以购买。
HJ20180908,健康养生,一天需要喝多少水?,1,该用户可能在询问产品的具体饮用方法或使用频率，以评估是否适合自身需求。
HJ20180908,健康养生,"知道了,红姐",0,该用户想表达的含义是：已经了解产品信息并确认购买意向。
HJ20180908,健康养生,减肥三餐正常吃不加餐,0,该用户可能是在询问这款减肥产品是否允许保持正常的三餐饮食而不需要额外加餐。
HJ20180908,健康养生,便秘嘛,1,该用户可能在询问该产品是否适用于缓解便秘症状。
HJ20180908,健康养生,135斤要拍几单,1,该用户想询问以自己135斤的体重需要购买多少份产品才能达到预期效果。
HJ20180908,健康养生,怎么又变成咖啡了,0,该用户可能对直播中突然更换推荐产品感到困惑，暗示原本在讨论其他商品（如保健品或减肥产品）却突然转向咖啡，表现出对话题转换的突兀感。
HJ20180908,健康养生,104斤,1,该用户可能是在询问自己当前的体重（104斤）需要购买多少份产品才能达到预期效果。
HJ20180908,健康养生,经期喝吗,1,该用户是在询问该产品是否适合在月经期间饮用。
HJ20180908,健康养生,115斤,1,该用户可能在询问自己115斤的体重需要购买多少产品才能达到预期效果。
HJ20180908,健康养生,一单掉多少斤,1,该用户想询问购买一单产品能帮助减掉多少体重。
HJ20180908,健康养生,120斤,1,该用户是在询问自己120斤的体重需要购买多少份产品才能达到理想的减肥效果。
HJ20180908,健康养生,我都喝了两单了,0,该用户想表达的含义是：我已经购买并体验过两次这款产品了。
HJ20180908,健康养生,160斤拍几拍,1,该用户想询问自己体重160斤需要购买多少份产品才能达到预期效果。
HJ20180908,健康养生,我之前才给你拍的绿水,0,该用户想表达的含义是：我之前已经购买过你们推荐的绿色款产品了。
HJ20180908,健康养生,好丑红姐,0,该用户可能是在吐槽直播中展示的某款商品（如染发素）的外观或效果不符合其审美。
HJ20180908,健康养生,一单多少袋,1,该用户是在询问当前促销活动中，每单订单包含的商品数量（袋数）。
HJ20180908,健康养生,我今天第一次喝,0,该用户想表达的是自己初次尝试了直播中推荐的产品。
HJ20180908,健康养生,130斤拍几单,1,该用户是在询问自己体重130斤的情况下需要购买多少份产品才能达到预期效果。
HJ20180908,健康养生,120斤拍几单,1,该用户是在询问自己体重120斤的情况下应该购买多少份产品才能达到预期效果。
HJ20180908,健康养生,闲人家丑你还看,0,该用户可能在嘲讽那些一边嫌弃主播外貌一边继续观看直播的观众虚伪或无聊。
HJ20180908,健康养生,好看[笑哭][猪猪]喜欢红姐[赞],0,该用户想表达的含义是：对主播红姐展示的商品或形象表示赞赏和喜爱。
HJ20180908,健康养生,谁瘦了,0,该用户可能是在询问产品对减肥效果的具体反馈，想知道其他使用者瘦了多少斤。
HJ20180908,健康养生,"125斤,想瘦10斤",0,该用户是在询问自己当前的体重（125斤）需要购买多少产品才能达到减重10斤的效果。
HJ20180908,健康养生,"红姐拍了加急,希望有用",0,该用户想表达的含义是：我已经下单购买了加急发货的产品，期待它能有效果。
HJ20180908,健康养生,需要多喝水吗,1,该用户可能在询问产品的饮用频率或适用场景，隐含对产品功效的关注和潜在的购买意向。
HJ20180908,健康养生,这还不好看吗[捂脸][捂脸][捂脸][捂脸][捂脸],0,"该用户想表达的含义是：这款产品明明很好看，你们怎么会觉得丑呢？（通过反问和表情符号强调对产品外观的强烈认可）  （解析：结合前文""好丑红姐""的负面评价和后续""好看...喜欢红姐""的正面弹幕，当前发言用夸张表情包加强反问语气，属于典型维护主播/产品的粉丝行为，核心动机是反驳负面审美评价并表达高度认同）"
HJ20180908,健康养生,我拍了两单没怎么减下来,0,该用户想表达的含义是：自己已经购买了两份产品但效果不明显，对减肥效果感到失望或疑惑。
HJ20180908,健康养生,红姐150斤喝几单,1,该用户是在询问自己体重150斤的情况下需要购买多少份产品才能达到预期效果。
HJ20180908,健康养生,我也不知道咋回事,0,该用户可能是在表达对自己体重变化或产品效果感到困惑，不确定该购买多少单才合适。
HJ20180908,健康养生,相信你买一单试试加急,0,该用户想表达的含义是：出于对主播的信任决定下单购买并希望尽快发货。  （解析：结合前文弹幕中频繁出现的“拍单”“加急”等关键词，以及用户对产品效果（如减肥）和主播（红姐）的讨论，可推断该弹幕是购买意向的直接表达，同时强调了对主播的信任和物流时效需求。）
HJ20180908,健康养生,用开水冲咖啡可以吗?,1,该用户可能在询问产品（可能是减肥咖啡）的使用方法，担心水温是否会影响效果。
HJ20180908,健康养生,"@永不放弃,我一定能成功可以",0,该用户可能是在向主播“永不放弃”表达支持和购买决心，暗示自己会下单并相信产品能帮助自己达成目标（如减肥成功）。
HJ20180908,健康养生,一单吃多久,1,该用户是在询问购买一单产品能够使用多长时间。
HJ20180908,健康养生,吃东西有要求吗,1,该用户可能在询问产品使用过程中是否有饮食禁忌或注意事项。
HJ20180908,健康养生,衣服好看哪里买的,1,该用户对直播中展示的服装款式产生兴趣，想了解具体的购买渠道。
HJ20180908,健康养生,120斤以上拍2单,0,该用户想表达的含义是：询问体重超过120斤的消费者应该购买多少份产品才能达到预期效果。
HJ20180908,健康养生,"晚饭不吃,芦荟中午吃行吗?",1,该用户可能在询问产品（芦荟相关饮品或食品）的食用时间安排，担心跳过晚餐只在中餐时食用是否会影响效果。
HJ20180908,健康养生,经期喝吗,1,该用户是在询问该产品是否适合在生理期间饮用。
HJ20180908,健康养生,胶囊饭前吃还是饭后吃呀,1,该用户是在询问产品的具体服用方式，以确认购买后能否正确使用。
HJ20180908,健康养生,"不吃晚饭,芦荟中午吃行吗?",1,该用户是在询问芦荟产品是否适合在午餐时段服用以替代晚餐，隐含对产品使用方法和减肥效果的关注。
HJ20180908,健康养生,"活动最后一波,补贴有限",0,该用户是在提醒其他观众抓紧时间参与限时促销，暗示优惠即将结束且库存有限。
HJ20180908,健康养生,经期能喝吗,1,该用户是在询问产品是否适合在生理期间使用。
HJ20180908,健康养生,喝中药期间可以喝吗,1,该用户是在询问产品是否适合在服用中药期间使用，表现出对产品使用限制的关注和潜在的购买意向。
HJ20180908,健康养生,衣服哪里买的?衣服哪里买的?,0,该用户对直播中展示的服装感兴趣，想询问具体的购买渠道。
HJ20180908,健康养生,衣服哪里买的?,0,该用户想表达的含义是：询问直播中展示的服装购买渠道或商品链接。
HJ20180908,健康养生,把人的身体会不会吃会,0,该用户可能是想询问产品是否会对身体产生不良影响或是否有食用禁忌。
HJ20180908,健康养生,"确实挺好的,上厕所也不拉肚子,上厕所还挺顺",0,该用户想表达的含义是：这款产品效果不错，使用后肠胃舒适没有不适反应。
HJ20180908,健康养生,谁家的,0,该用户可能在询问直播中展示的某件商品（如衣服或其他产品）的品牌或购买渠道。
HJ20180908,健康养生,怎么吃,1,该用户是在询问产品的具体食用方法或服用方式。
HJ20180908,健康养生,一单多少天的量,1,该用户是在询问购买一单商品能够使用多长时间。
HJ20180908,健康养生,红姐现在多少斤?,0,该用户可能在询问产品适用体重范围或剂量建议。
HJ20180908,健康养生,怎么喝?,1,该用户想询问产品的具体饮用方法或使用方式。
HJ20180908,健康养生,140斤几单,1,该用户是在询问自己体重140斤的情况下应该购买多少份产品。
HJ20180908,健康养生,您了多久,0,该用户可能在询问产品（如芦荟产品或减肥产品）的服用周期或见效时长。
HJ20180908,健康养生,你喝了多久,0,该用户想询问主播使用该产品的时间长短以评估效果。
HJ20180908,健康养生,你不吃肉了,0,该用户可能在询问产品是否需要避免与肉类同时食用，或是质疑主播之前提到的饮食习惯改变。
HJ20180908,健康养生,115几单,1,该用户是在询问体重115斤的人需要购买多少份产品才能见效。
HJ20180908,健康养生,120斤,1,该用户是在询问自己体重120斤对应的产品使用剂量或购买数量。
HJ20180908,健康养生,脖子上的有不,0,该用户是在询问主播脖子上佩戴的商品是否有货或是否参与活动。
HJ20180908,健康养生,"就早上喝咖啡,晚上吃胶囊吗",1,该用户可能在询问产品的具体服用方式，即早上饮用咖啡类产品、晚上服用胶囊类产品的搭配是否合理或正确。
HJ20180908,健康养生,130斤几单,1,该用户想询问自己体重130斤的情况下应该购买多少份产品。
HJ20180908,健康养生,咖啡开水冲吗,1,该用户可能在询问咖啡产品的冲泡方式是否需要用开水。
HJ20180908,健康养生,你喝了多久,0,该用户想询问主播服用该产品（可能是中药或保健品）的持续时间以评估效果。
HJ20180908,健康养生,拍了怎么喝,1,该用户想询问购买产品后的具体饮用方法或步骤。
HJ20180908,健康养生,咖啡温水冲可以吗,1,该用户是在询问咖啡的冲泡方式是否可以用温水代替开水。
HJ20180908,健康养生,红姐我买了就是晚上算吃芦荟然后我早晨三四点吃早饭喝咖啡可以吗,0,该用户想表达的含义是：询问购买产品后，晚上服用芦荟产品并在凌晨喝咖啡的搭配方式是否合理。
HJ20180908,健康养生,红姐肚子怎么回事,0,该用户可能是询问主播红姐服用产品后对肠胃的影响或效果如何。
HJ20180908,健康养生,120斤,1,该用户想询问自己体重120斤的情况下需要购买多少单产品。
HJ20180908,健康养生,这肚子,0,该用户可能在询问主播腹部状态变化的原因或相关产品的效果。
HJ20180908,健康养生,"我50岁了,可以喝吗?",1,该用户是在询问产品（可能是减肥或保健类饮品）是否适合自己这个年龄段的人饮用。
HJ20180908,健康养生,这衣服太瘦了,0,该用户可能是在质疑衣服的尺码偏小，担心自己穿不下或询问是否有更大码数。
HJ20180908,健康养生,拉肚子不,1,该用户可能在询问主播推荐的饮品是否会导致腹泻等肠胃不适反应。
HJ20180908,健康养生,咖啡温水喝可以吗,1,该用户是在询问咖啡是否可以用温水冲泡饮用。
HJ20180908,健康养生,我160斤,1,该用户想表达的含义是：询问自己160斤的体重是否适合购买直播中推荐的产品。
HJ20180908,健康养生,红姐多少斤,0,该用户可能在询问主播“红姐”的体重以评估产品是否适合自己的体型。
HJ20180908,健康养生,110斤,1,该用户是在询问自己110斤的体重是否适合购买直播中推荐的产品。
HJ20180908,健康养生,心脏不好能喝吗,1,该用户是在询问该产品是否适合有心脏健康问题的人群饮用。
HJ20180908,健康养生,我买的回来了,1,该用户想表达的含义是：我之前下单购买的产品已经收到了。
HJ20180908,健康养生,喝了几天就瘦了呢,0,该用户想表达的意思是：这款产品见效很快，自己喝了几天就感觉体重减轻了。
HJ20180908,健康养生,117斤身高156米,1,该用户想表达的含义是：询问自己的体重和身高是否符合产品的适用条件。
HJ20180908,健康养生,150拍三单能瘦多少斤,1,该用户是在询问购买三份150元的产品后预计能减重多少斤。
HJ20180908,健康养生,60多岁可以喝吗,1,该用户是在询问这款产品是否适合60多岁的人群饮用。
HJ20180908,健康养生,我看看怎么喝,1,该用户可能是在询问产品的具体饮用方法或使用步骤。
HJ20180908,健康养生,这衣服特好看,0,该用户可能是在看到主播展示服装时，被款式或设计吸引而产生了积极的审美认同。
HJ20180908,健康养生,主播戴的是什么符呀,0,该用户可能是对主播佩戴的饰品或护身符产生了兴趣，想了解其具体信息或购买渠道。
HJ20180908,健康养生,看不见我发的吗,0,该用户可能因之前的提问未被主播回应而感到焦急，怀疑自己的留言未被显示或忽略，希望得到确认和关注。
HJ20180908,健康养生,经期可以喝吗,1,该用户是在询问该产品是否适合经期女性饮用。
HJ20180908,健康养生,哺乳期可以喝吗,1,该用户是在询问该产品是否适合哺乳期女性饮用。
HJ20180908,健康养生,尿酸高行吗,1,该用户是在询问该产品是否适合尿酸高的人群使用。
HJ20180908,健康养生,"我买回来,我看看怎么喝",1,该用户想表达的含义是：我已经购买了这款产品，现在想了解具体的饮用方法。
HJ20180908,健康养生,"我160斤,拍几单了?",1,该用户是在询问自己体重160斤的情况下需要购买多少份产品才能达到预期效果。
HJ20180908,健康养生,肚皮真松啊,0,该用户可能在表达对自己身材的担忧或对产品效果的质疑，暗示自己腹部松弛并希望获得改善建议。
HJ20180908,健康养生,想知道你喝了多久了,0,该用户想询问主播使用该产品多长时间才见效。
HJ20180908,健康养生,108斤1.54,1,该用户想表达的是：“我的体重是108斤，身高1米54，适合购买这款产品吗？” （结合前文高频出现的体重、身高、产品适用性询问等语境，可推断用户是在提供自身数据以咨询产品匹配度）
HJ20180908,健康养生,喝了会拉肚子吗,1,该用户是在担心产品的安全性，询问饮用后是否会导致腹泻等不良反应。
HJ20180908,健康养生,喝酒后可以喝不,1,该用户是在询问酒后能否继续饮用直播中推销的饮品（可能涉及解酒、保健或减肥功能）。  （解析：结合前文弹幕高频关注饮品的适用场景（如经期、哺乳期）、身体状况（心脏、尿酸）及减肥效果，可推断该弹幕同样聚焦产品使用的限制条件，且“喝酒后”属于典型禁忌场景的延伸提问。）
HJ20180908,健康养生,脖子上的好看,0,该用户是在称赞主播佩戴的饰品或服装款式适合颈部搭配，暗示自己也有兴趣购买类似款式。
HJ20180908,健康养生,需要运动节食吗,1,该用户可能在询问产品是否需要配合运动和饮食控制才能达到预期效果。
HJ20180908,健康养生,只喝咖啡可以吗?液断,1,该用户可能在询问是否可以仅通过饮用咖啡来进行液体断食以达到减肥效果。
HJ20180908,健康养生,会拉肚子吗,1,该用户是在询问产品是否存在导致腹泻的副作用，以此评估购买风险。
HJ20180908,健康养生,需要运动节食吗,1,该用户是在询问产品使用时是否需要配合运动和饮食控制才能达到预期效果。
HJ20180908,健康养生,"晚饭不吃,怎么吃?",1,该用户可能在询问产品是否需要配合节食或空腹使用，或是担心不吃饭会影响产品效果。
HJ20180908,健康养生,能减胳膊吗,1,该用户可能是在询问产品是否能帮助减少胳膊部位的脂肪或塑形效果。
HJ20180908,健康养生,只喝咖啡可以吗?液断,1,该用户是在询问是否可以通过仅饮用咖啡（不摄入其他食物）的方式来达到“液体断食”的减肥效果。
HJ20180908,健康养生,回购了三单加急,0,该用户想表达的含义是：已经多次购买该产品并选择了加急配送服务，显示出强烈的信任和消费意愿。
HJ20180908,健康养生,吃饭正常吃吗,1,该用户可能在询问产品使用期间是否需要调整日常饮食习惯，尤其是能否保持正常进餐而不影响效果。
HJ20180908,健康养生,中间能吃零食吗只,1,该用户想询问在饮用或使用产品期间是否可以同时吃零食。
HJ20180908,健康养生,在身体里怎样释放出来,0,该用户可能是在询问产品使用后如何在体内代谢或产生效果。
HJ20180908,健康养生,用多少水冲咖啡有限制吗,1,该用户可能是在询问冲泡咖啡时的具体水量限制，以确认产品使用方法和效果是否符合自身需求。
HJ20180908,健康养生,有副作用吗,1,该用户是在询问产品使用后是否会产生不良影响或健康风险。
HJ20180908,健康养生,喝减肥药能喝钙片和油吗鱼,1,该用户想询问服用减肥药期间是否可以同时摄入钙片和鱼油类保健品。
HJ20180908,健康养生,拍了加急发货,0,该用户想表达的含义是：我已经下单并选择了快速配送服务。
HJ20180908,健康养生,早上只喝咖啡吗,1,该用户可能在询问主播是否仅靠饮用咖啡就能达到某种效果（如减肥或替代正餐）。
HJ20180908,健康养生,喝完什么反应,1,该用户想询问该产品饮用后可能产生的身体反应或效果。
HJ20180908,健康养生,买一样不行吗,1,该用户可能是在询问是否可以只购买单件商品而非套餐或多件组合。
HJ20180908,健康养生,月经期可以喝吗,1,该用户是在询问该产品是否适合在生理期间饮用，可能担心经期使用会影响健康或效果。
HJ20180908,健康养生,有多少盒,1,该用户可能是在询问产品包装规格或库存数量，想了解一次能购买多少份。
HJ20180908,健康养生,水量说一下,1,该用户是在询问冲泡产品时的具体用水量要求。
HJ20180908,健康养生,又来回购了三单加急发货,0,该用户想表达自己对该产品非常满意，因此再次购买并选择了快速配送服务。
HJ20180908,健康养生,是不是发的两样都有吗,1,该用户可能在询问直播中提到的优惠活动是否同时包含两件商品。
HJ20180908,健康养生,之前那个咖啡没有了吗,1,该用户是在询问之前直播中提到的某款咖啡产品是否已经售罄或下架。
HJ20180908,健康养生,期间能喝酒吗,1,该用户想询问在直播推荐的减肥产品或方法的使用期间是否可以饮酒。
HJ20180908,健康养生,下单了加急,0,该用户想表达的含义是：我已经购买了产品并要求尽快发货。
HJ20180908,健康养生,能喝酒吗?,1,该用户是在询问直播中提到的产品（可能是减肥类饮品或保健品）在使用期间是否可以饮酒。
HJ20180908,健康养生,130斤得拍几单,1,该用户想询问自己体重130斤的情况下需要购买多少份产品才能达到预期效果。
HJ20180908,健康养生,"我拍了两单,有芦荟吗?",1,该用户想确认自己购买的产品是否包含芦荟成分，可能是出于对产品配方的关注或自身使用需求。
HJ20180908,健康养生,多少盒,1,该用户是在询问产品的包装规格或购买数量选项。
HJ20180908,健康养生,拍了加急发货,0,该用户想表达的含义是：我已经下单并选择了加快配送服务。
HJ20180908,健康养生,开水可以吗,1,该用户可能在询问使用减肥产品时是否可以用开水冲服或搭配饮用。
HJ20180908,健康养生,回购了两单加急发货,0,该用户想表达的含义是：自己已经再次下单购买了两份商品并选择了快速配送服务。
HJ20180908,健康养生,吃中药呢可以喝吗,1,该用户是在询问当前直播销售的产品是否适合与中药同时服用。
HJ20180908,健康养生,已拍加急,0,该用户想表达的含义是：我已经下单并选择了加急配送服务。
HJ20180908,健康养生,哺乳期能喝吗,1,该用户是在询问产品是否适合哺乳期女性饮用，以评估自身情况下的购买安全性。
HJ20180908,健康养生,晚饭时间有规定吗,1,该用户可能在询问产品使用的时间限制，比如是否需要在特定时段服用或避开用餐时间。
HJ20180908,健康养生,跟大头说啥,0,该用户可能在询问主播“大头”关于产品使用或购买的具体细节，暗示对产品有兴趣但需要进一步确认信息。
HJ20180908,健康养生,真的可以瘦的,0,该用户是在询问产品是否确实具有减肥效果，并可能有意向购买。
HJ20180908,健康养生,你不是说跟大头说事吗,0,该用户可能是在询问主播为何没有兑现之前提到的与“大头”相关的话题或承诺。
HJ20180908,健康养生,很管用我也喝瘦了,0,该用户想表达的含义是：这款产品效果很好，自己亲身使用后成功瘦身了。
HJ20180908,健康养生,冷水热水都可以,0,该用户想询问产品是否适用于不同水温条件的使用场景。
HJ20180908,健康养生,再说一遍,0,该用户希望主播重复之前提到的产品使用说明或购买相关信息。
HJ20180908,健康养生,早上怎么喝,1,该用户可能在询问产品（可能是饮品或保健品）在早晨服用的建议或注意事项。
HJ20180908,健康养生,咖啡空腹喝吗,1,该用户是在询问空腹状态下是否可以饮用该款咖啡产品。
HJ20180908,健康养生,我今天喝了掉了2两,0,该用户想表达的含义是：我喝了这款产品后体重减轻了2两。
HJ20180908,健康养生,一单几天的量,1,该用户想询问购买一单产品能够使用多少天。
HJ20180908,健康养生,我刚买了一单辣鸡爪,0,该用户想表达的含义是：自己已经下单购买了直播推荐的辣鸡爪产品。
HJ20180908,健康养生,今天很划算,0,该用户认为当前直播间的商品价格优惠力度大，值得购买。
HJ20180908,健康养生,包裹里有独家喝法抓紧拍吧,0,该用户想表达的含义是：包裹里附赠了独家饮用方法，建议大家尽快下单购买。
HJ20180908,健康养生,特别好吃辣鸡爪红姐,0,该用户想表达的是：红姐推荐的辣鸡爪味道非常好，值得购买。
HJ20180908,健康养生,"今天超级划算!这是看到最便宜的一次了,保质期两年,可以囤",0,该用户认为当前促销力度空前且商品保质期较长，产生了强烈的囤货意愿。
HJ20180908,健康养生,一单吃几天,1,该用户想询问购买一单产品能够满足几天的使用需求。
